timestep,solar_fraction
0,0.3626
1,0.3512166666666667
2,0.3398333333333334
3,0.32845
4,0.3170666666666666
5,0.3056833333333333
6,0.2943
7,0.2829166666666667
8,0.2715333333333333
9,0.26015
10,0.2487666666666667
11,0.2373833333333333
12,0.226
13,0.2094958333333333
14,0.1929916666666666
15,0.1764875
16,0.1599833333333333
17,0.1434791666666666
18,0.126975
19,0.1104708333333333
20,0.0939666666666666
21,0.0774625
22,0.0609583333333333
23,0.0444541666666666
24,0.02795
25,0.0256208333333333
26,0.0232916666666666
27,0.0209625
28,0.0186333333333333
29,0.0163041666666666
30,0.013975
31,0.0116458333333333
32,0.0093166666666666
33,0.0069875
34,0.0046583333333333
35,0.0023291666666666
36,0.0
37,0.0
38,0.0
39,0.0
40,0.0
41,0.0
42,0.0
43,0.0
44,0.0
45,0.0
46,0.0
47,0.0
48,0.0
49,0.0
50,0.0
51,0.0
52,0.0
53,0.0
54,0.0
55,0.0
56,0.0
57,0.0
58,0.0
59,0.0
60,0.0
61,0.0
62,0.0
63,0.0
64,0.0
65,0.0
66,0.0
67,0.0
68,0.0
69,0.0
70,0.0
71,0.0
72,0.0
73,0.0
74,0.0
75,0.0
76,0.0
77,0.0
78,0.0
79,0.0
80,0.0
81,0.0
82,0.0
83,0.0
84,0.0
85,0.0
86,0.0
87,0.0
88,0.0
89,0.0
90,0.0
91,0.0
92,0.0
93,0.0
94,0.0
95,0.0
96,0.0
97,0.0
98,0.0
99,0.0
100,0.0
101,0.0
102,0.0
103,0.0
104,0.0
105,0.0
106,0.0
107,0.0
108,0.0
109,0.0
110,0.0
111,0.0
112,0.0
113,0.0
114,0.0
115,0.0
116,0.0
117,0.0
118,0.0
119,0.0
120,0.0
121,0.0
122,0.0
123,0.0
124,0.0
125,0.0
126,0.0
127,0.0
128,0.0
129,0.0
130,0.0
131,0.0
132,0.0
133,0.0
134,0.0
135,0.0
136,0.0
137,0.0
138,0.0
139,0.0
140,0.0
141,0.0
142,0.0
143,0.0
144,0.0
145,0.004645
146,0.00929
147,0.013935
148,0.01858
149,0.023225
150,0.02787
151,0.032515
152,0.03716
153,0.041805
154,0.04645
155,0.051095
156,0.05574
157,0.0708283333333333
158,0.0859166666666666
159,0.101005
160,0.1160933333333333
161,0.1311816666666666
162,0.14627
163,0.1613583333333333
164,0.1764466666666666
165,0.1915349999999999
166,0.2066233333333333
167,0.2217116666666666
168,0.2368
169,0.2530958333333333
170,0.2693916666666666
171,0.2856875
172,0.3019833333333333
173,0.3182791666666667
174,0.334575
175,0.3508708333333333
176,0.3671666666666667
177,0.3834625
178,0.3997583333333333
179,0.4160541666666666
180,0.43235
181,0.4477208333333333
182,0.4630916666666667
183,0.4784625
184,0.4938333333333333
185,0.5092041666666667
186,0.524575
187,0.5399458333333333
188,0.5553166666666666
189,0.5706875
190,0.5860583333333332
191,0.6014291666666667
192,0.6167999999999999
193,0.6295758333333333
194,0.6423516666666665
195,0.6551275
196,0.6679033333333333
197,0.6806791666666666
198,0.6934549999999999
199,0.7062308333333333
200,0.7190066666666666
201,0.7317824999999999
202,0.7445583333333333
203,0.7573341666666665
204,0.7701099999999999
205,0.7794099999999998
206,0.7887099999999999
207,0.79801
208,0.80731
209,0.81661
210,0.8259099999999999
211,0.83521
212,0.84451
213,0.85381
214,0.86311
215,0.8724100000000001
216,0.88171
217,0.8865641666666667
218,0.8914183333333334
219,0.8962725
220,0.9011266666666666
221,0.9059808333333336
222,0.910835
223,0.9156891666666668
224,0.9205433333333334
225,0.9253975
226,0.9302516666666668
227,0.9351058333333334
228,0.93996
229,0.9393558333333334
230,0.9387516666666668
231,0.9381475
232,0.9375433333333332
233,0.9369391666666668
234,0.936335
235,0.9357308333333332
236,0.9351266666666668
237,0.9345225
238,0.9339183333333332
239,0.9333141666666666
240,0.93271
241,0.9253933333333332
242,0.9180766666666668
243,0.91076
244,0.9034433333333332
245,0.8961266666666665
246,0.88881
247,0.8814933333333334
248,0.8741766666666666
249,0.8668599999999999
250,0.8595433333333333
251,0.8522266666666667
252,0.8449099999999999
253,0.8376474999999999
254,0.830385
255,0.8231225
256,0.81586
257,0.8085975
258,0.8013349999999999
259,0.7940725
260,0.7868099999999999
261,0.7795475000000001
262,0.772285
263,0.7650225
264,0.75776
265,0.7471383333333333
266,0.7365166666666666
267,0.725895
268,0.7152733333333333
269,0.7046516666666667
270,0.6940299999999999
271,0.6834083333333333
272,0.6727866666666666
273,0.662165
274,0.6515433333333333
275,0.6409216666666666
276,0.6303
277,0.6147333333333334
278,0.5991666666666666
279,0.5835999999999999
280,0.5680333333333333
281,0.5524666666666667
282,0.5368999999999999
283,0.5213333333333332
284,0.5057666666666667
285,0.4901999999999999
286,0.4746333333333333
287,0.4590666666666667
288,0.4435
289,0.42745
290,0.4114
291,0.39535
292,0.3793
293,0.36325
294,0.3472
295,0.33115
296,0.3151
297,0.29905
298,0.283
299,0.2669499999999999
300,0.2509
301,0.2321958333333333
302,0.2134916666666666
303,0.1947875
304,0.1760833333333333
305,0.1573791666666666
306,0.138675
307,0.1199708333333333
308,0.1012666666666666
309,0.0825624999999999
310,0.0638583333333333
311,0.0451541666666666
312,0.0264499999999999
313,0.0242458333333333
314,0.0220416666666666
315,0.0198374999999999
316,0.0176333333333333
317,0.0154291666666666
318,0.0132249999999999
319,0.0110208333333333
320,0.0088166666666666
321,0.0066124999999999
322,0.0044083333333333
323,0.0022041666666666
324,0.0
325,0.0
326,0.0
327,0.0
328,0.0
329,0.0
330,0.0
331,0.0
332,0.0
333,0.0
334,0.0
335,0.0
336,0.0
337,0.0
338,0.0
339,0.0
340,0.0
341,0.0
342,0.0
343,0.0
344,0.0
345,0.0
346,0.0
347,0.0
348,0.0
349,0.0
350,0.0
351,0.0
352,0.0
353,0.0
354,0.0
355,0.0
356,0.0
357,0.0
358,0.0
359,0.0
360,0.0
361,0.0
362,0.0
363,0.0
364,0.0
365,0.0
366,0.0
367,0.0
368,0.0
369,0.0
370,0.0
371,0.0
372,0.0
373,0.0
374,0.0
375,0.0
376,0.0
377,0.0
378,0.0
379,0.0
380,0.0
381,0.0
382,0.0
383,0.0
384,0.0
385,0.0
386,0.0
387,0.0
388,0.0
389,0.0
390,0.0
391,0.0
392,0.0
393,0.0
394,0.0
395,0.0
396,0.0
397,0.0
398,0.0
399,0.0
400,0.0
401,0.0
402,0.0
403,0.0
404,0.0
405,0.0
406,0.0
407,0.0
408,0.0
409,0.0
410,0.0
411,0.0
412,0.0
413,0.0
414,0.0
415,0.0
416,0.0
417,0.0
418,0.0
419,0.0
420,0.0
421,0.0
422,0.0
423,0.0
424,0.0
425,0.0
426,0.0
427,0.0
428,0.0
429,0.0
430,0.0
431,0.0
432,0.0
433,0.0038425
434,0.007685
435,0.0115275
436,0.01537
437,0.0192124999999999
438,0.023055
439,0.0268974999999999
440,0.03074
441,0.0345824999999999
442,0.0384249999999999
443,0.0422675
444,0.04611
445,0.0568175
446,0.067525
447,0.0782325
448,0.0889399999999999
449,0.0996475
450,0.110355
451,0.1210625
452,0.13177
453,0.1424775
454,0.153185
455,0.1638925
456,0.1746
457,0.1881624999999999
458,0.201725
459,0.2152875
460,0.22885
461,0.2424125
462,0.255975
463,0.2695375
464,0.2831
465,0.2966625
466,0.310225
467,0.3237875
468,0.33735
469,0.3517333333333333
470,0.3661166666666667
471,0.3805
472,0.3948833333333333
473,0.4092666666666666
474,0.42365
475,0.4380333333333334
476,0.4524166666666667
477,0.4668
478,0.4811833333333333
479,0.4955666666666666
480,0.50995
481,0.5219708333333333
482,0.5339916666666666
483,0.5460125
484,0.5580333333333333
485,0.5700541666666666
486,0.582075
487,0.5940958333333333
488,0.6061166666666666
489,0.6181375
490,0.6301583333333334
491,0.6421791666666666
492,0.6542
493,0.6678633333333334
494,0.6815266666666667
495,0.6951900000000001
496,0.7088533333333333
497,0.7225166666666668
498,0.7361800000000001
499,0.7498433333333334
500,0.7635066666666668
501,0.77717
502,0.7908333333333334
503,0.8044966666666667
504,0.8181600000000001
505,0.8254558333333334
506,0.8327516666666668
507,0.8400475000000002
508,0.8473433333333333
509,0.8546391666666667
510,0.861935
511,0.8692308333333334
512,0.8765266666666668
513,0.8838225000000001
514,0.8911183333333333
515,0.8984141666666667
516,0.90571
517,0.90601
518,0.90631
519,0.90661
520,0.90691
521,0.90721
522,0.90751
523,0.90781
524,0.90811
525,0.90841
526,0.90871
527,0.90901
528,0.90931
529,0.9049891666666666
530,0.9006683333333333
531,0.8963475
532,0.8920266666666666
533,0.8877058333333333
534,0.8833849999999999
535,0.8790641666666665
536,0.8747433333333332
537,0.8704224999999999
538,0.8661016666666665
539,0.8617808333333332
540,0.8574599999999999
541,0.8479641666666666
542,0.8384683333333333
543,0.8289725
544,0.8194766666666665
545,0.8099808333333333
546,0.8004849999999999
547,0.7909891666666666
548,0.7814933333333334
549,0.7719974999999999
550,0.7625016666666666
551,0.7530058333333333
552,0.74351
553,0.7329675
554,0.722425
555,0.7118825000000001
556,0.7013400000000001
557,0.6907975000000001
558,0.6802549999999999
559,0.6697124999999999
560,0.6591699999999999
561,0.6486275
562,0.638085
563,0.6275425
564,0.617
565,0.6018416666666667
566,0.5866833333333333
567,0.571525
568,0.5563666666666667
569,0.5412083333333334
570,0.5260499999999999
571,0.5108916666666666
572,0.4957333333333333
573,0.480575
574,0.4654166666666666
575,0.4502583333333332
576,0.4351
577,0.4193166666666666
578,0.4035333333333333
579,0.38775
580,0.3719666666666666
581,0.3561833333333333
582,0.3404
583,0.3246166666666666
584,0.3088333333333333
585,0.29305
586,0.2772666666666666
587,0.2614833333333333
588,0.2457
589,0.2274791666666666
590,0.2092583333333333
591,0.1910375
592,0.1728166666666666
593,0.1545958333333333
594,0.136375
595,0.1181541666666666
596,0.0999333333333333
597,0.0817125
598,0.0634916666666666
599,0.0452708333333333
600,0.02705
601,0.0247958333333333
602,0.0225416666666666
603,0.0202875
604,0.0180333333333333
605,0.0157791666666666
606,0.0135249999999999
607,0.0112708333333333
608,0.0090166666666666
609,0.0067624999999999
610,0.0045083333333333
611,0.0022541666666666
612,0.0
613,0.0
614,0.0
615,0.0
616,0.0
617,0.0
618,0.0
619,0.0
620,0.0
621,0.0
622,0.0
623,0.0
624,0.0
625,0.0
626,0.0
627,0.0
628,0.0
629,0.0
630,0.0
631,0.0
632,0.0
633,0.0
634,0.0
635,0.0
636,0.0
637,0.0
638,0.0
639,0.0
640,0.0
641,0.0
642,0.0
643,0.0
644,0.0
645,0.0
646,0.0
647,0.0
648,0.0
649,0.0
650,0.0
651,0.0
652,0.0
653,0.0
654,0.0
655,0.0
656,0.0
657,0.0
658,0.0
659,0.0
660,0.0
661,0.0
662,0.0
663,0.0
664,0.0
665,0.0
666,0.0
667,0.0
668,0.0
669,0.0
670,0.0
671,0.0
672,0.0
673,0.0
674,0.0
675,0.0
676,0.0
677,0.0
678,0.0
679,0.0
680,0.0
681,0.0
682,0.0
683,0.0
684,0.0
685,0.0
686,0.0
687,0.0
688,0.0
689,0.0
690,0.0
691,0.0
692,0.0
693,0.0
694,0.0
695,0.0
696,0.0
697,0.0
698,0.0
699,0.0
700,0.0
701,0.0
702,0.0
703,0.0
704,0.0
705,0.0
706,0.0
707,0.0
708,0.0
709,0.0
710,0.0
711,0.0
712,0.0
713,0.0
714,0.0
715,0.0
716,0.0
717,0.0
718,0.0
719,0.0
720,0.0
721,0.0056333333333333
722,0.0112666666666666
723,0.0169
724,0.0225333333333333
725,0.0281666666666666
726,0.0338
727,0.0394333333333333
728,0.0450666666666666
729,0.0506999999999999
730,0.0563333333333333
731,0.0619666666666666
732,0.0676
733,0.0814749999999999
734,0.0953499999999999
735,0.1092249999999999
736,0.1231
737,0.1369749999999999
738,0.1508499999999999
739,0.1647249999999999
740,0.1786
741,0.192475
742,0.20635
743,0.220225
744,0.2341
745,0.2503583333333333
746,0.2666166666666666
747,0.282875
748,0.2991333333333333
749,0.3153916666666667
750,0.33165
751,0.3479083333333334
752,0.3641666666666667
753,0.380425
754,0.3966833333333334
755,0.4129416666666667
756,0.4292
757,0.4437083333333333
758,0.4582166666666667
759,0.472725
760,0.4872333333333334
761,0.5017416666666668
762,0.51625
763,0.5307583333333334
764,0.5452666666666668
765,0.5597750000000001
766,0.5742833333333334
767,0.5887916666666667
768,0.6033000000000001
769,0.6163216666666668
770,0.6293433333333334
771,0.6423650000000001
772,0.6553866666666668
773,0.6684083333333334
774,0.6814300000000001
775,0.6944516666666667
776,0.7074733333333334
777,0.7204950000000001
778,0.7335166666666668
779,0.7465383333333334
780,0.75956
781,0.7689141666666667
782,0.7782683333333335
783,0.7876225000000001
784,0.7969766666666667
785,0.8063308333333334
786,0.8156850000000001
787,0.8250391666666667
788,0.8343933333333334
789,0.8437475000000001
790,0.8531016666666666
791,0.8624558333333334
792,0.8718100000000001
793,0.8757891666666667
794,0.8797683333333335
795,0.8837475
796,0.8877266666666667
797,0.8917058333333334
798,0.8956850000000001
799,0.8996641666666667
800,0.9036433333333336
801,0.9076225
802,0.9116016666666666
803,0.9155808333333334
804,0.91956
805,0.9193891666666668
806,0.9192183333333334
807,0.9190475
808,0.9188766666666668
809,0.9187058333333332
810,0.918535
811,0.9183641666666668
812,0.9181933333333334
813,0.9180225
814,0.9178516666666668
815,0.9176808333333334
816,0.91751
817,0.9129058333333334
818,0.9083016666666668
819,0.9036975
820,0.8990933333333334
821,0.8944891666666667
822,0.889885
823,0.8852808333333334
824,0.8806766666666667
825,0.8760725
826,0.8714683333333334
827,0.8668641666666667
828,0.86226
829,0.8532808333333334
830,0.8443016666666666
831,0.8353225
832,0.8263433333333333
833,0.8173641666666667
834,0.808385
835,0.7994058333333334
836,0.7904266666666666
837,0.7814475
838,0.7724683333333333
839,0.7634891666666667
840,0.75451
841,0.7415383333333333
842,0.7285666666666666
843,0.715595
844,0.7026233333333334
845,0.6896516666666667
846,0.6766800000000001
847,0.6637083333333333
848,0.6507366666666666
849,0.637765
850,0.6247933333333333
851,0.6118216666666667
852,0.59885
853,0.582375
854,0.5659
855,0.549425
856,0.53295
857,0.516475
858,0.5000000000000001
859,0.483525
860,0.4670500000000001
861,0.450575
862,0.4341
863,0.4176250000000001
864,0.40115
865,0.3851291666666667
866,0.3691083333333333
867,0.3530875
868,0.3370666666666667
869,0.3210458333333333
870,0.305025
871,0.2890041666666667
872,0.2729833333333333
873,0.2569625
874,0.2409416666666666
875,0.2249208333333333
876,0.2088999999999999
877,0.1945124999999999
878,0.1801249999999999
879,0.1657374999999999
880,0.1513499999999999
881,0.1369625
882,0.1225749999999999
883,0.1081875
884,0.0938
885,0.0794125
886,0.065025
887,0.0506375
888,0.03625
889,0.0332291666666666
890,0.0302083333333333
891,0.0271875
892,0.0241666666666666
893,0.0211458333333333
894,0.018125
895,0.0151041666666666
896,0.0120833333333333
897,0.0090624999999999
898,0.0060416666666666
899,0.0030208333333333
900,0.0
901,0.0
902,0.0
903,0.0
904,0.0
905,0.0
906,0.0
907,0.0
908,0.0
909,0.0
910,0.0
911,0.0
912,0.0
913,0.0
914,0.0
915,0.0
916,0.0
917,0.0
918,0.0
919,0.0
920,0.0
921,0.0
922,0.0
923,0.0
924,0.0
925,0.0
926,0.0
927,0.0
928,0.0
929,0.0
930,0.0
931,0.0
932,0.0
933,0.0
934,0.0
935,0.0
936,0.0
937,0.0
938,0.0
939,0.0
940,0.0
941,0.0
942,0.0
943,0.0
944,0.0
945,0.0
946,0.0
947,0.0
948,0.0
949,0.0
950,0.0
951,0.0
952,0.0
953,0.0
954,0.0
955,0.0
956,0.0
957,0.0
958,0.0
959,0.0
960,0.0
961,0.0
962,0.0
963,0.0
964,0.0
965,0.0
966,0.0
967,0.0
968,0.0
969,0.0
970,0.0
971,0.0
972,0.0
973,0.0
974,0.0
975,0.0
976,0.0
977,0.0
978,0.0
979,0.0
980,0.0
981,0.0
982,0.0
983,0.0
984,0.0
985,0.0
986,0.0
987,0.0
988,0.0
989,0.0
990,0.0
991,0.0
992,0.0
993,0.0
994,0.0
995,0.0
996,0.0
997,0.0
998,0.0
999,0.0
1000,0.0
1001,0.0
1002,0.0
1003,0.0
1004,0.0
1005,0.0
1006,0.0
1007,0.0
1008,0.0
1009,0.0057666666666666
1010,0.0115333333333333
1011,0.0173
1012,0.0230666666666666
1013,0.0288333333333333
1014,0.0346
1015,0.0403666666666666
1016,0.0461333333333333
1017,0.0519
1018,0.0576666666666666
1019,0.0634333333333333
1020,0.0692
1021,0.0833375
1022,0.0974749999999999
1023,0.1116125
1024,0.12575
1025,0.1398875
1026,0.1540249999999999
1027,0.1681625
1028,0.1823
1029,0.1964374999999999
1030,0.2105749999999999
1031,0.2247124999999999
1032,0.23885
1033,0.2545208333333333
1034,0.2701916666666666
1035,0.2858625
1036,0.3015333333333333
1037,0.3172041666666667
1038,0.332875
1039,0.3485458333333333
1040,0.3642166666666666
1041,0.3798875
1042,0.3955583333333333
1043,0.4112291666666666
1044,0.4269
1045,0.4416124999999999
1046,0.456325
1047,0.4710375
1048,0.48575
1049,0.5004625
1050,0.5151749999999999
1051,0.5298875000000001
1052,0.5446
1053,0.5593125
1054,0.5740250000000001
1055,0.5887375
1056,0.60345
1057,0.6160841666666668
1058,0.6287183333333334
1059,0.6413525000000001
1060,0.6539866666666667
1061,0.6666208333333334
1062,0.6792549999999999
1063,0.6918891666666667
1064,0.7045233333333334
1065,0.7171575
1066,0.7297916666666667
1067,0.7424258333333333
1068,0.7550600000000001
1069,0.7637600000000001
1070,0.77246
1071,0.7811600000000001
1072,0.78986
1073,0.79856
1074,0.80726
1075,0.81596
1076,0.8246600000000001
1077,0.83336
1078,0.84206
1079,0.85076
1080,0.85946
1081,0.8635725
1082,0.867685
1083,0.8717975
1084,0.8759100000000001
1085,0.8800225
1086,0.884135
1087,0.8882475000000001
1088,0.89236
1089,0.8964725000000001
1090,0.9005850000000001
1091,0.9046975000000002
1092,0.90881
1093,0.90936
1094,0.90991
1095,0.91046
1096,0.91101
1097,0.91156
1098,0.91211
1099,0.91266
1100,0.91321
1101,0.91376
1102,0.91431
1103,0.91486
1104,0.91541
1105,0.91066
1106,0.90591
1107,0.90116
1108,0.89641
1109,0.8916600000000001
1110,0.88691
1111,0.8821599999999999
1112,0.87741
1113,0.87266
1114,0.86791
1115,0.8631599999999999
1116,0.85841
1117,0.8495975
1118,0.840785
1119,0.8319725
1120,0.82316
1121,0.8143475
1122,0.805535
1123,0.7967225
1124,0.78791
1125,0.7790975
1126,0.770285
1127,0.7614725
1128,0.75266
1129,0.7398008333333334
1130,0.7269416666666666
1131,0.7140825
1132,0.7012233333333333
1133,0.6883641666666667
1134,0.675505
1135,0.6626458333333334
1136,0.6497866666666666
1137,0.6369275
1138,0.6240683333333333
1139,0.6112091666666667
1140,0.59835
1141,0.5843333333333334
1142,0.5703166666666667
1143,0.5562999999999999
1144,0.5422833333333333
1145,0.5282666666666667
1146,0.51425
1147,0.5002333333333333
1148,0.4862166666666666
1149,0.4722
1150,0.4581833333333333
1151,0.4441666666666666
1152,0.43015
1153,0.4145374999999999
1154,0.398925
1155,0.3833125
1156,0.3676999999999999
1157,0.3520875
1158,0.336475
1159,0.3208625
1160,0.30525
1161,0.2896375
1162,0.2740249999999999
1163,0.2584125
1164,0.2428
1165,0.2254375
1166,0.208075
1167,0.1907125
1168,0.17335
1169,0.1559875
1170,0.138625
1171,0.1212625
1172,0.1039
1173,0.0865375
1174,0.069175
1175,0.0518125
1176,0.03445
1177,0.0315791666666666
1178,0.0287083333333333
1179,0.0258375
1180,0.0229666666666666
1181,0.0200958333333333
1182,0.017225
1183,0.0143541666666666
1184,0.0114833333333333
1185,0.0086125
1186,0.0057416666666666
1187,0.0028708333333333
1188,0.0
1189,0.0
1190,0.0
1191,0.0
1192,0.0
1193,0.0
1194,0.0
1195,0.0
1196,0.0
1197,0.0
1198,0.0
1199,0.0
1200,0.0
1201,0.0
1202,0.0
1203,0.0
1204,0.0
1205,0.0
1206,0.0
1207,0.0
1208,0.0
1209,0.0
1210,0.0
1211,0.0
1212,0.0
1213,0.0
1214,0.0
1215,0.0
1216,0.0
1217,0.0
1218,0.0
1219,0.0
1220,0.0
1221,0.0
1222,0.0
1223,0.0
1224,0.0
1225,0.0
1226,0.0
1227,0.0
1228,0.0
1229,0.0
1230,0.0
1231,0.0
1232,0.0
1233,0.0
1234,0.0
1235,0.0
1236,0.0
1237,0.0
1238,0.0
1239,0.0
1240,0.0
1241,0.0
1242,0.0
1243,0.0
1244,0.0
1245,0.0
1246,0.0
1247,0.0
1248,0.0
1249,0.0
1250,0.0
1251,0.0
1252,0.0
1253,0.0
1254,0.0
1255,0.0
1256,0.0
1257,0.0
1258,0.0
1259,0.0
1260,0.0
1261,0.0
1262,0.0
1263,0.0
1264,0.0
1265,0.0
1266,0.0
1267,0.0
1268,0.0
1269,0.0
1270,0.0
1271,0.0
1272,0.0
1273,0.0
1274,0.0
1275,0.0
1276,0.0
1277,0.0
1278,0.0
1279,0.0
1280,0.0
1281,0.0
1282,0.0
1283,0.0
1284,0.0
1285,0.0
1286,0.0
1287,0.0
1288,0.0
1289,0.0
1290,0.0
1291,0.0
1292,0.0
1293,0.0
1294,0.0
1295,0.0
1296,0.0
1297,0.0060166666666666
1298,0.0120333333333333
1299,0.01805
1300,0.0240666666666666
1301,0.0300833333333333
1302,0.0361
1303,0.0421166666666666
1304,0.0481333333333333
1305,0.05415
1306,0.0601666666666666
1307,0.0661833333333333
1308,0.0722
1309,0.0863791666666666
1310,0.1005583333333333
1311,0.1147375
1312,0.1289166666666666
1313,0.1430958333333333
1314,0.157275
1315,0.1714541666666666
1316,0.1856333333333333
1317,0.1998125
1318,0.2139916666666667
1319,0.2281708333333333
1320,0.24235
1321,0.257825
1322,0.2733
1323,0.288775
1324,0.30425
1325,0.319725
1326,0.3352
1327,0.3506749999999999
1328,0.36615
1329,0.381625
1330,0.3970999999999999
1331,0.4125749999999999
1332,0.4280499999999999
1333,0.4431374999999999
1334,0.458225
1335,0.4733124999999999
1336,0.4883999999999999
1337,0.5034875
1338,0.5185749999999999
1339,0.5336624999999999
1340,0.5487499999999998
1341,0.5638375
1342,0.5789249999999999
1343,0.5940124999999999
1344,0.6090999999999999
1345,0.6214716666666665
1346,0.6338433333333332
1347,0.6462149999999999
1348,0.6585866666666665
1349,0.6709583333333332
1350,0.6833299999999999
1351,0.6957016666666666
1352,0.7080733333333332
1353,0.7204449999999999
1354,0.7328166666666666
1355,0.7451883333333332
1356,0.7575599999999999
1357,0.7655599999999999
1358,0.7735599999999999
1359,0.7815599999999999
1360,0.7895599999999999
1361,0.7975599999999999
1362,0.8055599999999999
1363,0.8135600000000001
1364,0.8215600000000001
1365,0.8295600000000001
1366,0.8375600000000001
1367,0.8455600000000001
1368,0.8535600000000001
1369,0.8573058333333333
1370,0.8610516666666668
1371,0.8647975
1372,0.8685433333333334
1373,0.8722891666666667
1374,0.8760350000000001
1375,0.8797808333333333
1376,0.8835266666666667
1377,0.8872725
1378,0.8910183333333334
1379,0.8947641666666667
1380,0.89851
1381,0.8905641666666667
1382,0.8826183333333334
1383,0.8746725
1384,0.8667266666666666
1385,0.8587808333333333
1386,0.850835
1387,0.8428891666666667
1388,0.8349433333333334
1389,0.8269975
1390,0.8190516666666667
1391,0.8111058333333334
1392,0.8031600000000001
1393,0.7942841666666668
1394,0.7854083333333334
1395,0.7765325000000001
1396,0.7676566666666668
1397,0.7587808333333335
1398,0.749905
1399,0.7410291666666667
1400,0.7321533333333334
1401,0.7232775000000001
1402,0.7144016666666667
1403,0.7055258333333334
1404,0.6966500000000001
1405,0.6973208333333334
1406,0.6979916666666668
1407,0.6986625000000001
1408,0.6993333333333334
1409,0.7000041666666668
1410,0.7006749999999999
1411,0.7013458333333333
1412,0.7020166666666666
1413,0.7026875
1414,0.7033583333333333
1415,0.7040291666666666
1416,0.7046999999999999
1417,0.6964791666666666
1418,0.6882583333333332
1419,0.6800375
1420,0.6718166666666666
1421,0.6635958333333333
1422,0.655375
1423,0.6471541666666666
1424,0.6389333333333332
1425,0.6307125
1426,0.6224916666666666
1427,0.6142708333333332
1428,0.60605
1429,0.5885458333333333
1430,0.5710416666666667
1431,0.5535374999999999
1432,0.5360333333333333
1433,0.5185291666666667
1434,0.5010249999999999
1435,0.4835208333333333
1436,0.4660166666666666
1437,0.4485125
1438,0.4310083333333333
1439,0.4135041666666667
1440,0.396
1441,0.3837083333333333
1442,0.3714166666666667
1443,0.359125
1444,0.3468333333333333
1445,0.3345416666666667
1446,0.32225
1447,0.3099583333333333
1448,0.2976666666666667
1449,0.285375
1450,0.2730833333333333
1451,0.2607916666666667
1452,0.2485
1453,0.2303083333333333
1454,0.2121166666666666
1455,0.193925
1456,0.1757333333333333
1457,0.1575416666666666
1458,0.13935
1459,0.1211583333333333
1460,0.1029666666666666
1461,0.084775
1462,0.0665833333333333
1463,0.0483916666666666
1464,0.0301999999999999
1465,0.0276833333333333
1466,0.0251666666666666
1467,0.02265
1468,0.0201333333333333
1469,0.0176166666666666
1470,0.0150999999999999
1471,0.0125833333333333
1472,0.0100666666666666
1473,0.0075499999999999
1474,0.0050333333333333
1475,0.0025166666666666
1476,0.0
1477,0.0
1478,0.0
1479,0.0
1480,0.0
1481,0.0
1482,0.0
1483,0.0
1484,0.0
1485,0.0
1486,0.0
1487,0.0
1488,0.0
1489,0.0
1490,0.0
1491,0.0
1492,0.0
1493,0.0
1494,0.0
1495,0.0
1496,0.0
1497,0.0
1498,0.0
1499,0.0
1500,0.0
1501,0.0
1502,0.0
1503,0.0
1504,0.0
1505,0.0
1506,0.0
1507,0.0
1508,0.0
1509,0.0
1510,0.0
1511,0.0
1512,0.0
1513,0.0
1514,0.0
1515,0.0
1516,0.0
1517,0.0
1518,0.0
1519,0.0
1520,0.0
1521,0.0
1522,0.0
1523,0.0
1524,0.0
1525,0.0
1526,0.0
1527,0.0
1528,0.0
1529,0.0
1530,0.0
1531,0.0
1532,0.0
1533,0.0
1534,0.0
1535,0.0
1536,0.0
1537,0.0
1538,0.0
1539,0.0
1540,0.0
1541,0.0
1542,0.0
1543,0.0
1544,0.0
1545,0.0
1546,0.0
1547,0.0
1548,0.0
1549,0.0
1550,0.0
1551,0.0
1552,0.0
1553,0.0
1554,0.0
1555,0.0
1556,0.0
1557,0.0
1558,0.0
1559,0.0
1560,0.0
1561,0.0
1562,0.0
1563,0.0
1564,0.0
1565,0.0
1566,0.0
1567,0.0
1568,0.0
1569,0.0
1570,0.0
1571,0.0
1572,0.0
1573,0.0
1574,0.0
1575,0.0
1576,0.0
1577,0.0
1578,0.0
1579,0.0
1580,0.0
1581,0.0
1582,0.0
1583,0.0
1584,0.0
1585,0.0060833333333333
1586,0.0121666666666666
1587,0.01825
1588,0.0243333333333333
1589,0.0304166666666666
1590,0.0365
1591,0.0425833333333333
1592,0.0486666666666666
1593,0.05475
1594,0.0608333333333333
1595,0.0669166666666666
1596,0.073
1597,0.0868625
1598,0.100725
1599,0.1145875
1600,0.12845
1601,0.1423125
1602,0.156175
1603,0.1700375
1604,0.1839
1605,0.1977625
1606,0.211625
1607,0.2254875
1608,0.23935
1609,0.255325
1610,0.2713
1611,0.287275
1612,0.30325
1613,0.319225
1614,0.3352
1615,0.351175
1616,0.36715
1617,0.383125
1618,0.3991
1619,0.415075
1620,0.43105
1621,0.4455708333333333
1622,0.4600916666666667
1623,0.4746125
1624,0.4891333333333333
1625,0.5036541666666666
1626,0.5181749999999999
1627,0.5326958333333334
1628,0.5472166666666667
1629,0.5617375
1630,0.5762583333333333
1631,0.5907791666666666
1632,0.6053
1633,0.6179133333333333
1634,0.6305266666666667
1635,0.6431399999999999
1636,0.6557533333333333
1637,0.6683666666666667
1638,0.68098
1639,0.6935933333333333
1640,0.7062066666666665
1641,0.7188199999999999
1642,0.7314333333333333
1643,0.7440466666666666
1644,0.75666
1645,0.7655475
1646,0.774435
1647,0.7833225
1648,0.7922100000000001
1649,0.8010975
1650,0.8099850000000001
1651,0.8188725000000001
1652,0.8277599999999999
1653,0.8366475
1654,0.845535
1655,0.8544225
1656,0.86331
1657,0.8666558333333334
1658,0.8700016666666668
1659,0.8733475
1660,0.8766933333333334
1661,0.8800391666666667
1662,0.883385
1663,0.8867308333333334
1664,0.8900766666666667
1665,0.8934225
1666,0.8967683333333334
1667,0.9001141666666668
1668,0.90346
1669,0.8981891666666667
1670,0.8929183333333334
1671,0.8876475
1672,0.8823766666666667
1673,0.8771058333333334
1674,0.871835
1675,0.8665641666666667
1676,0.8612933333333334
1677,0.8560225
1678,0.8507516666666667
1679,0.8454808333333335
1680,0.84021
1681,0.8414475
1682,0.842685
1683,0.8439225
1684,0.84516
1685,0.8463975
1686,0.847635
1687,0.8488724999999999
1688,0.85011
1689,0.8513474999999999
1690,0.8525849999999999
1691,0.8538225
1692,0.8550599999999999
1693,0.8419008333333332
1694,0.8287416666666666
1695,0.8155825
1696,0.8024233333333333
1697,0.7892641666666665
1698,0.776105
1699,0.7629458333333333
1700,0.7497866666666666
1701,0.7366275
1702,0.7234683333333333
1703,0.7103091666666667
1704,0.6971499999999999
1705,0.6855583333333333
1706,0.6739666666666667
1707,0.662375
1708,0.6507833333333333
1709,0.6391916666666667
1710,0.6276
1711,0.6160083333333334
1712,0.6044166666666667
1713,0.592825
1714,0.5812333333333334
1715,0.5696416666666667
1716,0.55805
1717,0.5466708333333333
1718,0.5352916666666667
1719,0.5239125
1720,0.5125333333333334
1721,0.5011541666666667
1722,0.489775
1723,0.4783958333333333
1724,0.4670166666666667
1725,0.4556375
1726,0.4442583333333333
1727,0.4328791666666666
1728,0.4215
1729,0.4072125
1730,0.392925
1731,0.3786375
1732,0.36435
1733,0.3500625
1734,0.335775
1735,0.3214875
1736,0.3072
1737,0.2929125
1738,0.278625
1739,0.2643375
1740,0.25005
1741,0.2359708333333333
1742,0.2218916666666666
1743,0.2078125
1744,0.1937333333333333
1745,0.1796541666666666
1746,0.165575
1747,0.1514958333333333
1748,0.1374166666666667
1749,0.1233375
1750,0.1092583333333333
1751,0.0951791666666666
1752,0.0810999999999999
1753,0.0743416666666666
1754,0.0675833333333333
1755,0.060825
1756,0.0540666666666666
1757,0.0473083333333333
1758,0.0405499999999999
1759,0.0337916666666666
1760,0.0270333333333333
1761,0.0202749999999999
1762,0.0135166666666666
1763,0.0067583333333333
1764,0.0
1765,0.0
1766,0.0
1767,0.0
1768,0.0
1769,0.0
1770,0.0
1771,0.0
1772,0.0
1773,0.0
1774,0.0
1775,0.0
1776,0.0
1777,0.0
1778,0.0
1779,0.0
1780,0.0
1781,0.0
1782,0.0
1783,0.0
1784,0.0
1785,0.0
1786,0.0
1787,0.0
1788,0.0
1789,0.0
1790,0.0
1791,0.0
1792,0.0
1793,0.0
1794,0.0
1795,0.0
1796,0.0
1797,0.0
1798,0.0
1799,0.0
1800,0.0
1801,0.0
1802,0.0
1803,0.0
1804,0.0
1805,0.0
1806,0.0
1807,0.0
1808,0.0
1809,0.0
1810,0.0
1811,0.0
1812,0.0
1813,0.0
1814,0.0
1815,0.0
1816,0.0
1817,0.0
1818,0.0
1819,0.0
1820,0.0
1821,0.0
1822,0.0
1823,0.0
1824,0.0
1825,0.0
1826,0.0
1827,0.0
1828,0.0
1829,0.0
1830,0.0
1831,0.0
1832,0.0
1833,0.0
1834,0.0
1835,0.0
1836,0.0
1837,0.0
1838,0.0
1839,0.0
1840,0.0
1841,0.0
1842,0.0
1843,0.0
1844,0.0
1845,0.0
1846,0.0
1847,0.0
1848,0.0
1849,0.0
1850,0.0
1851,0.0
1852,0.0
1853,0.0
1854,0.0
1855,0.0
1856,0.0
1857,0.0
1858,0.0
1859,0.0
1860,0.0
1861,0.0
1862,0.0
1863,0.0
1864,0.0
1865,0.0
1866,0.0
1867,0.0
1868,0.0
1869,0.0
1870,0.0
1871,0.0
1872,0.0
1873,0.0063791666666666
1874,0.0127583333333333
1875,0.0191374999999999
1876,0.0255166666666666
1877,0.0318958333333333
1878,0.0382749999999999
1879,0.0446541666666666
1880,0.0510333333333333
1881,0.0574124999999999
1882,0.0637916666666666
1883,0.0701708333333333
1884,0.0765499999999999
1885,0.0907375
1886,0.1049249999999999
1887,0.1191125
1888,0.1333
1889,0.1474875
1890,0.161675
1891,0.1758625
1892,0.19005
1893,0.2042375
1894,0.218425
1895,0.2326125
1896,0.2468
1897,0.2625291666666666
1898,0.2782583333333333
1899,0.2939874999999999
1900,0.3097166666666666
1901,0.3254458333333333
1902,0.3411749999999999
1903,0.3569041666666666
1904,0.3726333333333333
1905,0.3883624999999999
1906,0.4040916666666666
1907,0.4198208333333332
1908,0.4355499999999999
1909,0.450225
1910,0.4649
1911,0.479575
1912,0.4942499999999999
1913,0.508925
1914,0.5236000000000001
1915,0.538275
1916,0.5529499999999999
1917,0.567625
1918,0.5822999999999999
1919,0.596975
1920,0.61165
1921,0.6240841666666667
1922,0.6365183333333333
1923,0.6489524999999999
1924,0.6613866666666667
1925,0.6738208333333333
1926,0.686255
1927,0.6986891666666666
1928,0.7111233333333332
1929,0.7235574999999999
1930,0.7359916666666666
1931,0.7484258333333332
1932,0.7608599999999999
1933,0.7696141666666666
1934,0.7783683333333332
1935,0.7871225
1936,0.7958766666666667
1937,0.8046308333333333
1938,0.813385
1939,0.8221391666666668
1940,0.8308933333333333
1941,0.8396475
1942,0.8484016666666667
1943,0.8571558333333333
1944,0.8659100000000001
1945,0.8703016666666668
1946,0.8746933333333334
1947,0.879085
1948,0.8834766666666667
1949,0.8878683333333334
1950,0.8922599999999999
1951,0.8966516666666666
1952,0.9010433333333332
1953,0.905435
1954,0.9098266666666666
1955,0.9142183333333332
1956,0.91861
1957,0.91336
1958,0.90811
1959,0.90286
1960,0.8976099999999999
1961,0.8923599999999999
1962,0.8871100000000001
1963,0.88186
1964,0.87661
1965,0.87136
1966,0.86611
1967,0.86086
1968,0.85561
1969,0.8527766666666666
1970,0.8499433333333334
1971,0.84711
1972,0.8442766666666667
1973,0.8414433333333333
1974,0.8386099999999999
1975,0.8357766666666666
1976,0.8329433333333333
1977,0.8301099999999999
1978,0.8272766666666667
1979,0.8244433333333333
1980,0.82161
1981,0.8126175
1982,0.8036249999999999
1983,0.7946325
1984,0.78564
1985,0.7766474999999999
1986,0.767655
1987,0.7586625
1988,0.74967
1989,0.7406775
1990,0.731685
1991,0.7226925
1992,0.7137
1993,0.7028708333333334
1994,0.6920416666666668
1995,0.6812125
1996,0.6703833333333333
1997,0.6595541666666667
1998,0.648725
1999,0.6378958333333333
2000,0.6270666666666668
2001,0.6162375
2002,0.6054083333333333
2003,0.5945791666666667
2004,0.58375
2005,0.57045
2006,0.5571499999999999
2007,0.5438500000000001
2008,0.53055
2009,0.51725
2010,0.50395
2011,0.49065
2012,0.4773499999999999
2013,0.4640499999999999
2014,0.45075
2015,0.43745
2016,0.4241499999999999
2017,0.4094874999999999
2018,0.394825
2019,0.3801624999999999
2020,0.3655
2021,0.3508374999999999
2022,0.3361749999999999
2023,0.3215125
2024,0.3068499999999999
2025,0.2921875
2026,0.2775249999999999
2027,0.2628624999999999
2028,0.2481999999999999
2029,0.2345749999999999
2030,0.2209499999999999
2031,0.2073249999999999
2032,0.1936999999999999
2033,0.1800749999999999
2034,0.16645
2035,0.152825
2036,0.1392
2037,0.125575
2038,0.11195
2039,0.0983249999999999
2040,0.0846999999999999
2041,0.0776416666666666
2042,0.0705833333333333
2043,0.063525
2044,0.0564666666666666
2045,0.0494083333333333
2046,0.0423499999999999
2047,0.0352916666666666
2048,0.0282333333333333
2049,0.0211749999999999
2050,0.0141166666666666
2051,0.0070583333333333
2052,0.0
2053,0.0
2054,0.0
2055,0.0
2056,0.0
2057,0.0
2058,0.0
2059,0.0
2060,0.0
2061,0.0
2062,0.0
2063,0.0
2064,0.0
2065,0.0
2066,0.0
2067,0.0
2068,0.0
2069,0.0
2070,0.0
2071,0.0
2072,0.0
2073,0.0
2074,0.0
2075,0.0
2076,0.0
2077,0.0
2078,0.0
2079,0.0
2080,0.0
2081,0.0
2082,0.0
2083,0.0
2084,0.0
2085,0.0
2086,0.0
2087,0.0
2088,0.0
2089,0.0
2090,0.0
2091,0.0
2092,0.0
2093,0.0
2094,0.0
2095,0.0
2096,0.0
2097,0.0
2098,0.0
2099,0.0
2100,0.0
2101,0.0
2102,0.0
2103,0.0
2104,0.0
2105,0.0
2106,0.0
2107,0.0
2108,0.0
2109,0.0
2110,0.0
2111,0.0
2112,0.0
2113,0.0
2114,0.0
2115,0.0
2116,0.0
2117,0.0
2118,0.0
2119,0.0
2120,0.0
2121,0.0
2122,0.0
2123,0.0
2124,0.0
2125,0.0
2126,0.0
2127,0.0
2128,0.0
2129,0.0
2130,0.0
2131,0.0
2132,0.0
2133,0.0
2134,0.0
2135,0.0
2136,0.0
2137,0.0
2138,0.0
2139,0.0
2140,0.0
2141,0.0
2142,0.0
2143,0.0
2144,0.0
2145,0.0
2146,0.0
2147,0.0
2148,0.0
2149,0.0
2150,0.0
2151,0.0
2152,0.0
2153,0.0
2154,0.0
2155,0.0
2156,0.0
2157,0.0
2158,0.0
2159,0.0
2160,0.0
2161,0.0062375
2162,0.012475
2163,0.0187125
2164,0.02495
2165,0.0311875
2166,0.037425
2167,0.0436625
2168,0.0499
2169,0.0561374999999999
2170,0.062375
2171,0.0686124999999999
2172,0.07485
2173,0.0880125
2174,0.101175
2175,0.1143375
2176,0.1275
2177,0.1406625
2178,0.153825
2179,0.1669875
2180,0.18015
2181,0.1933125
2182,0.206475
2183,0.2196375
2184,0.2328
2185,0.2483791666666666
2186,0.2639583333333333
2187,0.2795375
2188,0.2951166666666667
2189,0.3106958333333333
2190,0.326275
2191,0.3418541666666667
2192,0.3574333333333333
2193,0.3730124999999999
2194,0.3885916666666667
2195,0.4041708333333333
2196,0.41975
2197,0.4317291666666666
2198,0.4437083333333333
2199,0.4556875
2200,0.4676666666666667
2201,0.4796458333333333
2202,0.491625
2203,0.5036041666666666
2204,0.5155833333333334
2205,0.5275625
2206,0.5395416666666666
2207,0.5515208333333333
2208,0.5635
2209,0.5737833333333333
2210,0.5840666666666666
2211,0.59435
2212,0.6046333333333334
2213,0.6149166666666667
2214,0.6252000000000001
2215,0.6354833333333334
2216,0.6457666666666666
2217,0.6560499999999999
2218,0.6663333333333332
2219,0.6766166666666666
2220,0.6869
2221,0.6928125
2222,0.6987249999999999
2223,0.7046374999999999
2224,0.7105499999999999
2225,0.7164625
2226,0.722375
2227,0.7282874999999999
2228,0.7342
2229,0.7401125
2230,0.7460249999999998
2231,0.7519374999999999
2232,0.7578499999999999
2233,0.7538833333333332
2234,0.7499166666666667
2235,0.7459499999999999
2236,0.7419833333333332
2237,0.7380166666666667
2238,0.73405
2239,0.7300833333333333
2240,0.7261166666666666
2241,0.72215
2242,0.7181833333333333
2243,0.7142166666666667
2244,0.71025
2245,0.7048416666666667
2246,0.6994333333333332
2247,0.694025
2248,0.6886166666666667
2249,0.6832083333333333
2250,0.6778
2251,0.6723916666666666
2252,0.6669833333333333
2253,0.6615749999999999
2254,0.6561666666666667
2255,0.6507583333333332
2256,0.6453499999999999
2257,0.6486041666666666
2258,0.6518583333333332
2259,0.6551125
2260,0.6583666666666665
2261,0.6616208333333333
2262,0.6648749999999999
2263,0.6681291666666666
2264,0.6713833333333333
2265,0.6746374999999999
2266,0.6778916666666667
2267,0.6811458333333332
2268,0.6844
2269,0.6795708333333333
2270,0.6747416666666667
2271,0.6699125
2272,0.6650833333333334
2273,0.6602541666666667
2274,0.6554249999999999
2275,0.6505958333333333
2276,0.6457666666666666
2277,0.6409375
2278,0.6361083333333334
2279,0.6312791666666667
2280,0.6264500000000001
2281,0.623
2282,0.61955
2283,0.6161
2284,0.61265
2285,0.6092000000000001
2286,0.60575
2287,0.6023
2288,0.59885
2289,0.5953999999999999
2290,0.59195
2291,0.5885
2292,0.58505
2293,0.5681958333333333
2294,0.5513416666666666
2295,0.5344875
2296,0.5176333333333333
2297,0.5007791666666667
2298,0.483925
2299,0.4670708333333333
2300,0.4502166666666667
2301,0.4333625
2302,0.4165083333333333
2303,0.3996541666666667
2304,0.3828
2305,0.367575
2306,0.35235
2307,0.337125
2308,0.3218999999999999
2309,0.306675
2310,0.29145
2311,0.276225
2312,0.261
2313,0.245775
2314,0.23055
2315,0.215325
2316,0.2001
2317,0.1906291666666666
2318,0.1811583333333333
2319,0.1716875
2320,0.1622166666666666
2321,0.1527458333333333
2322,0.143275
2323,0.1338041666666666
2324,0.1243333333333333
2325,0.1148624999999999
2326,0.1053916666666666
2327,0.0959208333333333
2328,0.08645
2329,0.0792458333333333
2330,0.0720416666666666
2331,0.0648375
2332,0.0576333333333333
2333,0.0504291666666666
2334,0.043225
2335,0.0360208333333333
2336,0.0288166666666666
2337,0.0216125
2338,0.0144083333333333
2339,0.0072041666666666
2340,0.0
2341,0.0
2342,0.0
2343,0.0
2344,0.0
2345,0.0
2346,0.0
2347,0.0
2348,0.0
2349,0.0
2350,0.0
2351,0.0
2352,0.0
2353,0.0
2354,0.0
2355,0.0
2356,0.0
2357,0.0
2358,0.0
2359,0.0
2360,0.0
2361,0.0
2362,0.0
2363,0.0
2364,0.0
2365,0.0
2366,0.0
2367,0.0
2368,0.0
2369,0.0
2370,0.0
2371,0.0
2372,0.0
2373,0.0
2374,0.0
2375,0.0
2376,0.0
2377,0.0
2378,0.0
2379,0.0
2380,0.0
2381,0.0
2382,0.0
2383,0.0
2384,0.0
2385,0.0
2386,0.0
2387,0.0
2388,0.0
2389,0.0
2390,0.0
2391,0.0
2392,0.0
2393,0.0
2394,0.0
2395,0.0
2396,0.0
2397,0.0
2398,0.0
2399,0.0
2400,0.0
2401,0.0
2402,0.0
2403,0.0
2404,0.0
2405,0.0
2406,0.0
2407,0.0
2408,0.0
2409,0.0
2410,0.0
2411,0.0
2412,0.0
2413,0.0
2414,0.0
2415,0.0
2416,0.0
2417,0.0
2418,0.0
2419,0.0
2420,0.0
2421,0.0
2422,0.0
2423,0.0
2424,0.0
2425,0.0
2426,0.0
2427,0.0
2428,0.0
2429,0.0
2430,0.0
2431,0.0
2432,0.0
2433,0.0
2434,0.0
2435,0.0
2436,0.0
2437,0.0
2438,0.0
2439,0.0
2440,0.0
2441,0.0
2442,0.0
2443,0.0
2444,0.0
2445,0.0
2446,0.0
2447,0.0
2448,0.0
2449,0.006925
2450,0.01385
2451,0.020775
2452,0.0277
2453,0.034625
2454,0.04155
2455,0.048475
2456,0.0554
2457,0.062325
2458,0.06925
2459,0.0761749999999999
2460,0.0831
2461,0.0970625
2462,0.1110249999999999
2463,0.1249874999999999
2464,0.13895
2465,0.1529125
2466,0.166875
2467,0.1808374999999999
2468,0.1947999999999999
2469,0.2087625
2470,0.2227249999999999
2471,0.2366874999999999
2472,0.25065
2473,0.2669291666666666
2474,0.2832083333333333
2475,0.2994874999999999
2476,0.3157666666666666
2477,0.3320458333333334
2478,0.348325
2479,0.3646041666666666
2480,0.3808833333333333
2481,0.3971625
2482,0.4134416666666666
2483,0.4297208333333333
2484,0.446
2485,0.4608
2486,0.4756
2487,0.4904
2488,0.5052
2489,0.52
2490,0.5348
2491,0.5496
2492,0.5644
2493,0.5792
2494,0.594
2495,0.6088000000000001
2496,0.6236
2497,0.636005
2498,0.64841
2499,0.660815
2500,0.67322
2501,0.685625
2502,0.6980299999999999
2503,0.710435
2504,0.72284
2505,0.735245
2506,0.74765
2507,0.760055
2508,0.77246
2509,0.7813058333333334
2510,0.7901516666666667
2511,0.7989975
2512,0.8078433333333334
2513,0.8166891666666667
2514,0.8255350000000001
2515,0.8343808333333333
2516,0.8432266666666667
2517,0.8520725
2518,0.8609183333333333
2519,0.8697641666666667
2520,0.87861
2521,0.8834391666666667
2522,0.8882683333333333
2523,0.8930975
2524,0.8979266666666667
2525,0.9027558333333332
2526,0.907585
2527,0.9124141666666666
2528,0.9172433333333332
2529,0.9220725
2530,0.9269016666666666
2531,0.9317308333333332
2532,0.93656
2533,0.9369225
2534,0.937285
2535,0.9376475
2536,0.93801
2537,0.9383725
2538,0.938735
2539,0.9390975
2540,0.93946
2541,0.9398225
2542,0.940185
2543,0.9405475
2544,0.94091
2545,0.93671
2546,0.93251
2547,0.92831
2548,0.92411
2549,0.91991
2550,0.91571
2551,0.91151
2552,0.90731
2553,0.90311
2554,0.89891
2555,0.89471
2556,0.89051
2557,0.8818516666666667
2558,0.8731933333333334
2559,0.8645349999999999
2560,0.8558766666666666
2561,0.8472183333333334
2562,0.83856
2563,0.8299016666666666
2564,0.8212433333333333
2565,0.812585
2566,0.8039266666666667
2567,0.7952683333333334
2568,0.78661
2569,0.7742383333333334
2570,0.7618666666666667
2571,0.749495
2572,0.7371233333333334
2573,0.7247516666666667
2574,0.71238
2575,0.7000083333333333
2576,0.6876366666666667
2577,0.675265
2578,0.6628933333333333
2579,0.6505216666666667
2580,0.63815
2581,0.6233833333333333
2582,0.6086166666666667
2583,0.59385
2584,0.5790833333333333
2585,0.5643166666666666
2586,0.54955
2587,0.5347833333333333
2588,0.5200166666666667
2589,0.50525
2590,0.4904833333333333
2591,0.4757166666666666
2592,0.4609499999999999
2593,0.4452625
2594,0.429575
2595,0.4138874999999999
2596,0.3982
2597,0.3825125
2598,0.366825
2599,0.3511375
2600,0.3354499999999999
2601,0.3197625
2602,0.304075
2603,0.2883874999999999
2604,0.2727
2605,0.2579208333333333
2606,0.2431416666666666
2607,0.2283625
2608,0.2135833333333333
2609,0.1988041666666666
2610,0.1840249999999999
2611,0.1692458333333333
2612,0.1544666666666666
2613,0.1396875
2614,0.1249083333333333
2615,0.1101291666666666
2616,0.0953499999999999
2617,0.0874041666666666
2618,0.0794583333333333
2619,0.0715124999999999
2620,0.0635666666666666
2621,0.0556208333333333
2622,0.0476749999999999
2623,0.0397291666666666
2624,0.0317833333333333
2625,0.0238374999999999
2626,0.0158916666666666
2627,0.0079458333333333
2628,0.0
2629,0.0
2630,0.0
2631,0.0
2632,0.0
2633,0.0
2634,0.0
2635,0.0
2636,0.0
2637,0.0
2638,0.0
2639,0.0
2640,0.0
2641,0.0
2642,0.0
2643,0.0
2644,0.0
2645,0.0
2646,0.0
2647,0.0
2648,0.0
2649,0.0
2650,0.0
2651,0.0
2652,0.0
2653,0.0
2654,0.0
2655,0.0
2656,0.0
2657,0.0
2658,0.0
2659,0.0
2660,0.0
2661,0.0
2662,0.0
2663,0.0
2664,0.0
2665,0.0
2666,0.0
2667,0.0
2668,0.0
2669,0.0
2670,0.0
2671,0.0
2672,0.0
2673,0.0
2674,0.0
2675,0.0
2676,0.0
2677,0.0
2678,0.0
2679,0.0
2680,0.0
2681,0.0
2682,0.0
2683,0.0
2684,0.0
2685,0.0
2686,0.0
2687,0.0
2688,0.0
2689,0.0
2690,0.0
2691,0.0
2692,0.0
2693,0.0
2694,0.0
2695,0.0
2696,0.0
2697,0.0
2698,0.0
2699,0.0
2700,0.0
2701,0.0
2702,0.0
2703,0.0
2704,0.0
2705,0.0
2706,0.0
2707,0.0
2708,0.0
2709,0.0
2710,0.0
2711,0.0
2712,0.0
2713,0.0
2714,0.0
2715,0.0
2716,0.0
2717,0.0
2718,0.0
2719,0.0
2720,0.0
2721,0.0
2722,0.0
2723,0.0
2724,0.0
2725,0.0
2726,0.0
2727,0.0
2728,0.0
2729,0.0
2730,0.0
2731,0.0
2732,0.0
2733,0.0
2734,0.0
2735,0.0
2736,0.0
2737,0.0073958333333333
2738,0.0147916666666666
2739,0.0221875
2740,0.0295833333333333
2741,0.0369791666666666
2742,0.044375
2743,0.0517708333333333
2744,0.0591666666666666
2745,0.0665625
2746,0.0739583333333333
2747,0.0813541666666666
2748,0.08875
2749,0.1034124999999999
2750,0.118075
2751,0.1327375
2752,0.1474
2753,0.1620625
2754,0.176725
2755,0.1913875
2756,0.20605
2757,0.2207125
2758,0.235375
2759,0.2500374999999999
2760,0.2647
2761,0.2805374999999999
2762,0.296375
2763,0.3122125
2764,0.32805
2765,0.3438875
2766,0.3597249999999999
2767,0.3755625
2768,0.3913999999999999
2769,0.4072375
2770,0.423075
2771,0.4389125
2772,0.45475
2773,0.4695916666666667
2774,0.4844333333333333
2775,0.4992749999999999
2776,0.5141166666666667
2777,0.5289583333333334
2778,0.5438
2779,0.5586416666666667
2780,0.5734833333333333
2781,0.5883250000000001
2782,0.6031666666666667
2783,0.6180083333333333
2784,0.63285
2785,0.6452175
2786,0.6575850000000001
2787,0.6699525
2788,0.68232
2789,0.6946875
2790,0.7070550000000001
2791,0.7194225
2792,0.7317899999999999
2793,0.7441575
2794,0.756525
2795,0.7688925000000001
2796,0.78126
2797,0.7902516666666667
2798,0.7992433333333333
2799,0.808235
2800,0.8172266666666667
2801,0.8262183333333334
2802,0.83521
2803,0.8442016666666666
2804,0.8531933333333332
2805,0.862185
2806,0.8711766666666666
2807,0.8801683333333333
2808,0.88916
2809,0.89376
2810,0.8983599999999999
2811,0.90296
2812,0.90756
2813,0.91216
2814,0.91676
2815,0.9213599999999998
2816,0.92596
2817,0.93056
2818,0.93516
2819,0.93976
2820,0.94436
2821,0.9443766666666664
2822,0.9443933333333332
2823,0.94441
2824,0.9444266666666666
2825,0.9444433333333332
2826,0.94446
2827,0.9444766666666664
2828,0.9444933333333332
2829,0.9445099999999998
2830,0.9445266666666666
2831,0.9445433333333332
2832,0.94456
2833,0.9400266666666668
2834,0.9354933333333332
2835,0.93096
2836,0.9264266666666666
2837,0.9218933333333332
2838,0.91736
2839,0.9128266666666666
2840,0.9082933333333332
2841,0.90376
2842,0.8992266666666667
2843,0.8946933333333332
2844,0.89016
2845,0.8815016666666666
2846,0.8728433333333332
2847,0.864185
2848,0.8555266666666667
2849,0.8468683333333333
2850,0.83821
2851,0.8295516666666666
2852,0.8208933333333334
2853,0.812235
2854,0.8035766666666666
2855,0.7949183333333333
2856,0.78626
2857,0.7739591666666666
2858,0.7616583333333333
2859,0.7493575
2860,0.7370566666666666
2861,0.7247558333333333
2862,0.712455
2863,0.7001541666666667
2864,0.6878533333333333
2865,0.6755525
2866,0.6632516666666667
2867,0.6509508333333334
2868,0.6386499999999999
2869,0.6238708333333333
2870,0.6090916666666667
2871,0.5943125
2872,0.5795333333333333
2873,0.5647541666666666
2874,0.549975
2875,0.5351958333333333
2876,0.5204166666666666
2877,0.5056375
2878,0.4908583333333333
2879,0.4760791666666667
2880,0.4613
2881,0.445425
2882,0.42955
2883,0.413675
2884,0.3978
2885,0.381925
2886,0.36605
2887,0.350175
2888,0.3343
2889,0.318425
2890,0.30255
2891,0.286675
2892,0.2708
2893,0.2561833333333333
2894,0.2415666666666666
2895,0.22695
2896,0.2123333333333333
2897,0.1977166666666666
2898,0.1831
2899,0.1684833333333333
2900,0.1538666666666666
2901,0.13925
2902,0.1246333333333333
2903,0.1100166666666666
2904,0.0954
2905,0.08745
2906,0.0795
2907,0.07155
2908,0.0636
2909,0.05565
2910,0.0477
2911,0.03975
2912,0.0318
2913,0.02385
2914,0.0159
2915,0.00795
2916,0.0
2917,0.0
2918,0.0
2919,0.0
2920,0.0
2921,0.0
2922,0.0
2923,0.0
2924,0.0
2925,0.0
2926,0.0
2927,0.0
2928,0.0
2929,0.0
2930,0.0
2931,0.0
2932,0.0
2933,0.0
2934,0.0
2935,0.0
2936,0.0
2937,0.0
2938,0.0
2939,0.0
2940,0.0
2941,0.0
2942,0.0
2943,0.0
2944,0.0
2945,0.0
2946,0.0
2947,0.0
2948,0.0
2949,0.0
2950,0.0
2951,0.0
2952,0.0
2953,0.0
2954,0.0
2955,0.0
2956,0.0
2957,0.0
2958,0.0
2959,0.0
2960,0.0
2961,0.0
2962,0.0
2963,0.0
2964,0.0
2965,0.0
2966,0.0
2967,0.0
2968,0.0
2969,0.0
2970,0.0
2971,0.0
2972,0.0
2973,0.0
2974,0.0
2975,0.0
2976,0.0
2977,0.0
2978,0.0
2979,0.0
2980,0.0
2981,0.0
2982,0.0
2983,0.0
2984,0.0
2985,0.0
2986,0.0
2987,0.0
2988,0.0
2989,0.0
2990,0.0
2991,0.0
2992,0.0
2993,0.0
2994,0.0
2995,0.0
2996,0.0
2997,0.0
2998,0.0
2999,0.0
3000,0.0
3001,0.0
3002,0.0
3003,0.0
3004,0.0
3005,0.0
3006,0.0
3007,0.0
3008,0.0
3009,0.0
3010,0.0
3011,0.0
3012,0.0
3013,0.0
3014,0.0
3015,0.0
3016,0.0
3017,0.0
3018,0.0
3019,0.0
3020,0.0
3021,0.0
3022,0.0
3023,0.0
3024,0.0
3025,0.0075833333333333
3026,0.0151666666666666
3027,0.02275
3028,0.0303333333333333
3029,0.0379166666666666
3030,0.0455
3031,0.0530833333333333
3032,0.0606666666666666
3033,0.06825
3034,0.0758333333333333
3035,0.0834166666666666
3036,0.091
3037,0.1056416666666666
3038,0.1202833333333333
3039,0.134925
3040,0.1495666666666666
3041,0.1642083333333333
3042,0.1788499999999999
3043,0.1934916666666666
3044,0.2081333333333333
3045,0.2227749999999999
3046,0.2374166666666666
3047,0.2520583333333333
3048,0.2667
3049,0.2826083333333333
3050,0.2985166666666666
3051,0.314425
3052,0.3303333333333333
3053,0.3462416666666666
3054,0.36215
3055,0.3780583333333333
3056,0.3939666666666667
3057,0.409875
3058,0.4257833333333333
3059,0.4416916666666667
3060,0.4576
3061,0.4724666666666667
3062,0.4873333333333334
3063,0.5022000000000001
3064,0.5170666666666667
3065,0.5319333333333334
3066,0.5468000000000001
3067,0.5616666666666666
3068,0.5765333333333333
3069,0.5913999999999999
3070,0.6062666666666666
3071,0.6211333333333333
3072,0.636
3073,0.648355
3074,0.66071
3075,0.6730649999999999
3076,0.6854199999999999
3077,0.6977749999999999
3078,0.71013
3079,0.722485
3080,0.73484
3081,0.7471949999999999
3082,0.75955
3083,0.771905
3084,0.78426
3085,0.7928058333333333
3086,0.8013516666666667
3087,0.8098975
3088,0.8184433333333334
3089,0.8269891666666668
3090,0.835535
3091,0.8440808333333333
3092,0.8526266666666666
3093,0.8611725
3094,0.8697183333333334
3095,0.8782641666666667
3096,0.8868100000000001
3097,0.89136
3098,0.8959100000000001
3099,0.90046
3100,0.90501
3101,0.90956
3102,0.91411
3103,0.91866
3104,0.92321
3105,0.92776
3106,0.93231
3107,0.93686
3108,0.94141
3109,0.9415766666666666
3110,0.9417433333333334
3111,0.94191
3112,0.9420766666666666
3113,0.9422433333333332
3114,0.94241
3115,0.9425766666666666
3116,0.9427433333333334
3117,0.94291
3118,0.9430766666666666
3119,0.9432433333333332
3120,0.94341
3121,0.93866
3122,0.93391
3123,0.92916
3124,0.92441
3125,0.91966
3126,0.91491
3127,0.91016
3128,0.90541
3129,0.90066
3130,0.89591
3131,0.89116
3132,0.8864099999999999
3133,0.8774808333333333
3134,0.8685516666666666
3135,0.8596225
3136,0.8506933333333333
3137,0.8417641666666666
3138,0.8328349999999999
3139,0.8239058333333333
3140,0.8149766666666667
3141,0.8060475
3142,0.7971183333333334
3143,0.7881891666666667
3144,0.77926
3145,0.7674508333333333
3146,0.7556416666666667
3147,0.7438325
3148,0.7320233333333334
3149,0.7202141666666666
3150,0.708405
3151,0.6965958333333334
3152,0.6847866666666668
3153,0.6729775000000001
3154,0.6611683333333334
3155,0.6493591666666667
3156,0.6375500000000001
3157,0.6225958333333335
3158,0.6076416666666667
3159,0.5926875
3160,0.5777333333333333
3161,0.5627791666666667
3162,0.547825
3163,0.5328708333333334
3164,0.5179166666666667
3165,0.5029625
3166,0.4880083333333334
3167,0.4730541666666666
3168,0.4581
3169,0.4424041666666667
3170,0.4267083333333333
3171,0.4110125
3172,0.3953166666666666
3173,0.3796208333333333
3174,0.363925
3175,0.3482291666666667
3176,0.3325333333333333
3177,0.3168375
3178,0.3011416666666666
3179,0.2854458333333333
3180,0.26975
3181,0.2552875
3182,0.2408249999999999
3183,0.2263625
3184,0.2119
3185,0.1974375
3186,0.182975
3187,0.1685124999999999
3188,0.15405
3189,0.1395875
3190,0.125125
3191,0.1106625
3192,0.0962
3193,0.0881833333333333
3194,0.0801666666666666
3195,0.07215
3196,0.0641333333333333
3197,0.0561166666666666
3198,0.0481
3199,0.0400833333333333
3200,0.0320666666666666
3201,0.02405
3202,0.0160333333333333
3203,0.0080166666666666
3204,0.0
3205,0.0
3206,0.0
3207,0.0
3208,0.0
3209,0.0
3210,0.0
3211,0.0
3212,0.0
3213,0.0
3214,0.0
3215,0.0
3216,0.0
3217,0.0
3218,0.0
3219,0.0
3220,0.0
3221,0.0
3222,0.0
3223,0.0
3224,0.0
3225,0.0
3226,0.0
3227,0.0
3228,0.0
3229,0.0
3230,0.0
3231,0.0
3232,0.0
3233,0.0
3234,0.0
3235,0.0
3236,0.0
3237,0.0
3238,0.0
3239,0.0
3240,0.0
3241,0.0
3242,0.0
3243,0.0
3244,0.0
3245,0.0
3246,0.0
3247,0.0
3248,0.0
3249,0.0
3250,0.0
3251,0.0
3252,0.0
3253,0.0
3254,0.0
3255,0.0
3256,0.0
3257,0.0
3258,0.0
3259,0.0
3260,0.0
3261,0.0
3262,0.0
3263,0.0
3264,0.0
3265,0.0
3266,0.0
3267,0.0
3268,0.0
3269,0.0
3270,0.0
3271,0.0
3272,0.0
3273,0.0
3274,0.0
3275,0.0
3276,0.0
3277,0.0
3278,0.0
3279,0.0
3280,0.0
3281,0.0
3282,0.0
3283,0.0
3284,0.0
3285,0.0
3286,0.0
3287,0.0
3288,0.0
3289,0.0
3290,0.0
3291,0.0
3292,0.0
3293,0.0
3294,0.0
3295,0.0
3296,0.0
3297,0.0
3298,0.0
3299,0.0
3300,0.0
3301,0.0
3302,0.0
3303,0.0
3304,0.0
3305,0.0
3306,0.0
3307,0.0
3308,0.0
3309,0.0
3310,0.0
3311,0.0
3312,0.0
3313,0.0069125
3314,0.013825
3315,0.0207375
3316,0.02765
3317,0.0345625
3318,0.041475
3319,0.0483875
3320,0.0553
3321,0.0622125
3322,0.069125
3323,0.0760375
3324,0.08295
3325,0.0956291666666666
3326,0.1083083333333333
3327,0.1209875
3328,0.1336666666666666
3329,0.1463458333333333
3330,0.159025
3331,0.1717041666666666
3332,0.1843833333333333
3333,0.1970625
3334,0.2097416666666666
3335,0.2224208333333333
3336,0.2351
3337,0.2508958333333333
3338,0.2666916666666666
3339,0.2824875
3340,0.2982833333333333
3341,0.3140791666666666
3342,0.329875
3343,0.3456708333333333
3344,0.3614666666666666
3345,0.3772625
3346,0.3930583333333333
3347,0.4088541666666666
3348,0.4246499999999999
3349,0.4388291666666666
3350,0.4530083333333333
3351,0.4671875
3352,0.4813666666666666
3353,0.4955458333333333
3354,0.509725
3355,0.5239041666666666
3356,0.5380833333333332
3357,0.5522624999999999
3358,0.5664416666666666
3359,0.5806208333333333
3360,0.5948
3361,0.607775
3362,0.62075
3363,0.6337249999999999
3364,0.6466999999999999
3365,0.6596749999999999
3366,0.67265
3367,0.685625
3368,0.6986
3369,0.711575
3370,0.7245499999999999
3371,0.737525
3372,0.7505
3373,0.7600508333333333
3374,0.7696016666666667
3375,0.7791524999999999
3376,0.7887033333333333
3377,0.7982541666666666
3378,0.807805
3379,0.8173558333333333
3380,0.8269066666666667
3381,0.8364574999999999
3382,0.8460083333333333
3383,0.8555591666666665
3384,0.8651099999999999
3385,0.8684599999999999
3386,0.87181
3387,0.8751599999999998
3388,0.8785099999999999
3389,0.8818599999999999
3390,0.8852099999999999
3391,0.8885599999999999
3392,0.89191
3393,0.8952599999999998
3394,0.8986099999999999
3395,0.90196
3396,0.90531
3397,0.9059558333333332
3398,0.9066016666666664
3399,0.9072475
3400,0.9078933333333332
3401,0.9085391666666666
3402,0.909185
3403,0.9098308333333334
3404,0.9104766666666666
3405,0.9111225
3406,0.9117683333333332
3407,0.9124141666666664
3408,0.91306
3409,0.9085766666666666
3410,0.9040933333333332
3411,0.8996099999999999
3412,0.8951266666666666
3413,0.8906433333333333
3414,0.88616
3415,0.8816766666666667
3416,0.8771933333333333
3417,0.8727099999999999
3418,0.8682266666666667
3419,0.8637433333333333
3420,0.85926
3421,0.8499133333333333
3422,0.8405666666666666
3423,0.8312200000000001
3424,0.8218733333333333
3425,0.8125266666666666
3426,0.8031800000000001
3427,0.7938333333333334
3428,0.7844866666666667
3429,0.7751399999999999
3430,0.7657933333333333
3431,0.7564466666666667
3432,0.7471
3433,0.732075
3434,0.71705
3435,0.702025
3436,0.687
3437,0.671975
3438,0.65695
3439,0.641925
3440,0.6269
3441,0.611875
3442,0.5968499999999999
3443,0.5818249999999999
3444,0.5668
3445,0.5514333333333333
3446,0.5360666666666666
3447,0.5206999999999999
3448,0.5053333333333333
3449,0.4899666666666666
3450,0.4745999999999999
3451,0.4592333333333332
3452,0.4438666666666666
3453,0.4284999999999999
3454,0.4131333333333333
3455,0.3977666666666666
3456,0.3823999999999999
3457,0.367625
3458,0.3528499999999999
3459,0.338075
3460,0.3233
3461,0.308525
3462,0.29375
3463,0.278975
3464,0.2642
3465,0.249425
3466,0.23465
3467,0.219875
3468,0.2051
3469,0.1943625
3470,0.183625
3471,0.1728875
3472,0.16215
3473,0.1514125
3474,0.140675
3475,0.1299375
3476,0.1192
3477,0.1084625
3478,0.0977249999999999
3479,0.0869875
3480,0.07625
3481,0.0698958333333333
3482,0.0635416666666666
3483,0.0571875
3484,0.0508333333333333
3485,0.0444791666666666
3486,0.038125
3487,0.0317708333333333
3488,0.0254166666666666
3489,0.0190624999999999
3490,0.0127083333333333
3491,0.0063541666666666
3492,0.0
3493,0.0
3494,0.0
3495,0.0
3496,0.0
3497,0.0
3498,0.0
3499,0.0
3500,0.0
3501,0.0
3502,0.0
3503,0.0
3504,0.0
3505,0.0
3506,0.0
3507,0.0
3508,0.0
3509,0.0
3510,0.0
3511,0.0
3512,0.0
3513,0.0
3514,0.0
3515,0.0
3516,0.0
3517,0.0
3518,0.0
3519,0.0
3520,0.0
3521,0.0
3522,0.0
3523,0.0
3524,0.0
3525,0.0
3526,0.0
3527,0.0
3528,0.0
3529,0.0
3530,0.0
3531,0.0
3532,0.0
3533,0.0
3534,0.0
3535,0.0
3536,0.0
3537,0.0
3538,0.0
3539,0.0
3540,0.0
3541,0.0
3542,0.0
3543,0.0
3544,0.0
3545,0.0
3546,0.0
3547,0.0
3548,0.0
3549,0.0
3550,0.0
3551,0.0
3552,0.0
3553,0.0
3554,0.0
3555,0.0
3556,0.0
3557,0.0
3558,0.0
3559,0.0
3560,0.0
3561,0.0
3562,0.0
3563,0.0
3564,0.0
3565,0.0
3566,0.0
3567,0.0
3568,0.0
3569,0.0
3570,0.0
3571,0.0
3572,0.0
3573,0.0
3574,0.0
3575,0.0
3576,0.0
3577,0.0
3578,0.0
3579,0.0
3580,0.0
3581,0.0
3582,0.0
3583,0.0
3584,0.0
3585,0.0
3586,0.0
3587,0.0
3588,0.0
3589,0.0
3590,0.0
3591,0.0
3592,0.0
3593,0.0
3594,0.0
3595,0.0
3596,0.0
3597,0.0
3598,0.0
3599,0.0
3600,0.0
3601,0.0062958333333333
3602,0.0125916666666666
3603,0.0188874999999999
3604,0.0251833333333333
3605,0.0314791666666666
3606,0.0377749999999999
3607,0.0440708333333333
3608,0.0503666666666666
3609,0.0566625
3610,0.0629583333333333
3611,0.0692541666666666
3612,0.0755499999999999
3613,0.0873875
3614,0.099225
3615,0.1110625
3616,0.1229
3617,0.1347375
3618,0.1465749999999999
3619,0.1584124999999999
3620,0.17025
3621,0.1820875
3622,0.193925
3623,0.2057625
3624,0.2176
3625,0.2330916666666666
3626,0.2485833333333333
3627,0.264075
3628,0.2795666666666667
3629,0.2950583333333333
3630,0.31055
3631,0.3260416666666667
3632,0.3415333333333333
3633,0.357025
3634,0.3725166666666666
3635,0.3880083333333333
3636,0.4035
3637,0.4172291666666667
3638,0.4309583333333333
3639,0.4446875
3640,0.4584166666666667
3641,0.4721458333333333
3642,0.485875
3643,0.4996041666666667
3644,0.5133333333333334
3645,0.5270625
3646,0.5407916666666667
3647,0.5545208333333334
3648,0.56825
3649,0.5760666666666666
3650,0.5838833333333333
3651,0.5917
3652,0.5995166666666667
3653,0.6073333333333333
3654,0.61515
3655,0.6229666666666667
3656,0.6307833333333333
3657,0.6386
3658,0.6464166666666666
3659,0.6542333333333333
3660,0.6620499999999999
3661,0.6614749999999999
3662,0.6608999999999999
3663,0.6603249999999999
3664,0.65975
3665,0.659175
3666,0.6586000000000001
3667,0.658025
3668,0.65745
3669,0.656875
3670,0.6563
3671,0.655725
3672,0.65515
3673,0.6591458333333332
3674,0.6631416666666666
3675,0.6671374999999999
3676,0.6711333333333334
3677,0.6751291666666666
3678,0.679125
3679,0.6831208333333333
3680,0.6871166666666666
3681,0.6911124999999999
3682,0.6951083333333332
3683,0.6991041666666666
3684,0.7031
3685,0.7139125
3686,0.724725
3687,0.7355375
3688,0.74635
3689,0.7571625
3690,0.767975
3691,0.7787874999999999
3692,0.7895999999999999
3693,0.8004124999999999
3694,0.8112249999999999
3695,0.8220374999999999
3696,0.8328499999999999
3697,0.8356674999999999
3698,0.8384849999999999
3699,0.8413024999999998
3700,0.8441199999999999
3701,0.8469374999999999
3702,0.8497549999999999
3703,0.8525725
3704,0.85539
3705,0.8582075
3706,0.8610249999999999
3707,0.8638425
3708,0.86666
3709,0.8593225
3710,0.851985
3711,0.8446475
3712,0.83731
3713,0.8299725
3714,0.822635
3715,0.8152975
3716,0.80796
3717,0.8006225
3718,0.793285
3719,0.7859475
3720,0.77861
3721,0.7666466666666667
3722,0.7546833333333334
3723,0.74272
3724,0.7307566666666666
3725,0.7187933333333334
3726,0.7068300000000001
3727,0.6948666666666666
3728,0.6829033333333334
3729,0.6709400000000001
3730,0.6589766666666667
3731,0.6470133333333334
3732,0.6350500000000001
3733,0.6195416666666668
3734,0.6040333333333334
3735,0.5885250000000001
3736,0.5730166666666666
3737,0.5575083333333333
3738,0.542
3739,0.5264916666666667
3740,0.5109833333333333
3741,0.495475
3742,0.4799666666666667
3743,0.4644583333333333
3744,0.44895
3745,0.43315
3746,0.41735
3747,0.40155
3748,0.38575
3749,0.36995
3750,0.3541499999999999
3751,0.33835
3752,0.32255
3753,0.30675
3754,0.29095
3755,0.27515
3756,0.25935
3757,0.2451041666666666
3758,0.2308583333333333
3759,0.2166125
3760,0.2023666666666666
3761,0.1881208333333333
3762,0.173875
3763,0.1596291666666666
3764,0.1453833333333333
3765,0.1311375
3766,0.1168916666666666
3767,0.1026458333333333
3768,0.0884
3769,0.0810333333333333
3770,0.0736666666666666
3771,0.0663
3772,0.0589333333333333
3773,0.0515666666666666
3774,0.0442
3775,0.0368333333333333
3776,0.0294666666666666
3777,0.0221
3778,0.0147333333333333
3779,0.0073666666666666
3780,0.0
3781,0.0
3782,0.0
3783,0.0
3784,0.0
3785,0.0
3786,0.0
3787,0.0
3788,0.0
3789,0.0
3790,0.0
3791,0.0
3792,0.0
3793,0.0
3794,0.0
3795,0.0
3796,0.0
3797,0.0
3798,0.0
3799,0.0
3800,0.0
3801,0.0
3802,0.0
3803,0.0
3804,0.0
3805,0.0
3806,0.0
3807,0.0
3808,0.0
3809,0.0
3810,0.0
3811,0.0
3812,0.0
3813,0.0
3814,0.0
3815,0.0
3816,0.0
3817,0.0
3818,0.0
3819,0.0
3820,0.0
3821,0.0
3822,0.0
3823,0.0
3824,0.0
3825,0.0
3826,0.0
3827,0.0
3828,0.0
3829,0.0
3830,0.0
3831,0.0
3832,0.0
3833,0.0
3834,0.0
3835,0.0
3836,0.0
3837,0.0
3838,0.0
3839,0.0
3840,0.0
3841,0.0
3842,0.0
3843,0.0
3844,0.0
3845,0.0
3846,0.0
3847,0.0
3848,0.0
3849,0.0
3850,0.0
3851,0.0
3852,0.0
3853,0.0
3854,0.0
3855,0.0
3856,0.0
3857,0.0
3858,0.0
3859,0.0
3860,0.0
3861,0.0
3862,0.0
3863,0.0
3864,0.0
3865,0.0
3866,0.0
3867,0.0
3868,0.0
3869,0.0
3870,0.0
3871,0.0
3872,0.0
3873,0.0
3874,0.0
3875,0.0
3876,0.0
3877,0.0
3878,0.0
3879,0.0
3880,0.0
3881,0.0
3882,0.0
3883,0.0
3884,0.0
3885,0.0
3886,0.0
3887,0.0
3888,0.0
3889,0.0036708333333333
3890,0.0073416666666666
3891,0.0110125
3892,0.0146833333333333
3893,0.0183541666666666
3894,0.022025
3895,0.0256958333333333
3896,0.0293666666666666
3897,0.0330375
3898,0.0367083333333333
3899,0.0403791666666666
3900,0.04405
3901,0.0481958333333333
3902,0.0523416666666666
3903,0.0564874999999999
3904,0.0606333333333333
3905,0.0647791666666666
3906,0.068925
3907,0.0730708333333333
3908,0.0772166666666666
3909,0.0813624999999999
3910,0.0855083333333333
3911,0.0896541666666666
3912,0.0938
3913,0.1008791666666666
3914,0.1079583333333333
3915,0.1150375
3916,0.1221166666666666
3917,0.1291958333333333
3918,0.136275
3919,0.1433541666666666
3920,0.1504333333333333
3921,0.1575125
3922,0.1645916666666666
3923,0.1716708333333333
3924,0.17875
3925,0.1842583333333333
3926,0.1897666666666666
3927,0.195275
3928,0.2007833333333333
3929,0.2062916666666666
3930,0.2118
3931,0.2173083333333333
3932,0.2228166666666667
3933,0.228325
3934,0.2338333333333333
3935,0.2393416666666667
3936,0.24485
3937,0.2501875
3938,0.255525
3939,0.2608625
3940,0.2662
3941,0.2715375
3942,0.276875
3943,0.2822125
3944,0.28755
3945,0.2928875
3946,0.298225
3947,0.3035625
3948,0.3089
3949,0.3144708333333333
3950,0.3200416666666666
3951,0.3256125
3952,0.3311833333333333
3953,0.3367541666666667
3954,0.342325
3955,0.3478958333333333
3956,0.3534666666666667
3957,0.3590375
3958,0.3646083333333333
3959,0.3701791666666666
3960,0.37575
3961,0.3724458333333333
3962,0.3691416666666666
3963,0.3658375
3964,0.3625333333333334
3965,0.3592291666666667
3966,0.355925
3967,0.3526208333333333
3968,0.3493166666666666
3969,0.3460125
3970,0.3427083333333334
3971,0.3394041666666667
3972,0.3361
3973,0.3341083333333333
3974,0.3321166666666666
3975,0.330125
3976,0.3281333333333333
3977,0.3261416666666666
3978,0.32415
3979,0.3221583333333334
3980,0.3201666666666667
3981,0.318175
3982,0.3161833333333333
3983,0.3141916666666666
3984,0.3122
3985,0.3145916666666666
3986,0.3169833333333333
3987,0.319375
3988,0.3217666666666666
3989,0.3241583333333333
3990,0.3265499999999999
3991,0.3289416666666667
3992,0.3313333333333333
3993,0.3337249999999999
3994,0.3361166666666667
3995,0.3385083333333333
3996,0.3409
3997,0.3374
3998,0.3339
3999,0.3303999999999999
4000,0.3268999999999999
4001,0.3233999999999999
4002,0.3198999999999999
4003,0.3163999999999999
4004,0.3128999999999999
4005,0.3093999999999999
4006,0.3058999999999999
4007,0.3024
4008,0.2989
4009,0.3017791666666666
4010,0.3046583333333333
4011,0.3075374999999999
4012,0.3104166666666666
4013,0.3132958333333333
4014,0.316175
4015,0.3190541666666667
4016,0.3219333333333333
4017,0.3248125
4018,0.3276916666666666
4019,0.3305708333333333
4020,0.3334499999999999
4021,0.3303833333333333
4022,0.3273166666666666
4023,0.32425
4024,0.3211833333333333
4025,0.3181166666666666
4026,0.3150499999999999
4027,0.3119833333333333
4028,0.3089166666666666
4029,0.3058499999999999
4030,0.3027833333333333
4031,0.2997166666666666
4032,0.2966499999999999
4033,0.285525
4034,0.2744
4035,0.263275
4036,0.25215
4037,0.241025
4038,0.2298999999999999
4039,0.2187749999999999
4040,0.2076499999999999
4041,0.1965249999999999
4042,0.1853999999999999
4043,0.1742749999999999
4044,0.16315
4045,0.1553416666666666
4046,0.1475333333333333
4047,0.139725
4048,0.1319166666666666
4049,0.1241083333333333
4050,0.1163
4051,0.1084916666666666
4052,0.1006833333333333
4053,0.092875
4054,0.0850666666666666
4055,0.0772583333333333
4056,0.06945
4057,0.0636625
4058,0.057875
4059,0.0520875
4060,0.0462999999999999
4061,0.0405125
4062,0.034725
4063,0.0289375
4064,0.0231499999999999
4065,0.0173624999999999
4066,0.0115749999999999
4067,0.0057874999999999
4068,0.0
4069,0.0
4070,0.0
4071,0.0
4072,0.0
4073,0.0
4074,0.0
4075,0.0
4076,0.0
4077,0.0
4078,0.0
4079,0.0
4080,0.0
4081,0.0
4082,0.0
4083,0.0
4084,0.0
4085,0.0
4086,0.0
4087,0.0
4088,0.0
4089,0.0
4090,0.0
4091,0.0
4092,0.0
4093,0.0
4094,0.0
4095,0.0
4096,0.0
4097,0.0
4098,0.0
4099,0.0
4100,0.0
4101,0.0
4102,0.0
4103,0.0
4104,0.0
4105,0.0
4106,0.0
4107,0.0
4108,0.0
4109,0.0
4110,0.0
4111,0.0
4112,0.0
4113,0.0
4114,0.0
4115,0.0
4116,0.0
4117,0.0
4118,0.0
4119,0.0
4120,0.0
4121,0.0
4122,0.0
4123,0.0
4124,0.0
4125,0.0
4126,0.0
4127,0.0
4128,0.0
4129,0.0
4130,0.0
4131,0.0
4132,0.0
4133,0.0
4134,0.0
4135,0.0
4136,0.0
4137,0.0
4138,0.0
4139,0.0
4140,0.0
4141,0.0
4142,0.0
4143,0.0
4144,0.0
4145,0.0
4146,0.0
4147,0.0
4148,0.0
4149,0.0
4150,0.0
4151,0.0
4152,0.0
4153,0.0
4154,0.0
4155,0.0
4156,0.0
4157,0.0
4158,0.0
4159,0.0
4160,0.0
4161,0.0
4162,0.0
4163,0.0
4164,0.0
4165,0.0
4166,0.0
4167,0.0
4168,0.0
4169,0.0
4170,0.0
4171,0.0
4172,0.0
4173,0.0
4174,0.0
4175,0.0
4176,0.0
4177,0.0073041666666666
4178,0.0146083333333333
4179,0.0219125
4180,0.0292166666666666
4181,0.0365208333333333
4182,0.043825
4183,0.0511291666666666
4184,0.0584333333333333
4185,0.0657375
4186,0.0730416666666666
4187,0.0803458333333333
4188,0.08765
4189,0.0998791666666666
4190,0.1121083333333333
4191,0.1243375
4192,0.1365666666666666
4193,0.1487958333333333
4194,0.1610249999999999
4195,0.1732541666666666
4196,0.1854833333333333
4197,0.1977124999999999
4198,0.2099416666666666
4199,0.2221708333333333
4200,0.2343999999999999
4201,0.2469416666666666
4202,0.2594833333333333
4203,0.2720249999999999
4204,0.2845666666666667
4205,0.2971083333333333
4206,0.30965
4207,0.3221916666666666
4208,0.3347333333333332
4209,0.347275
4210,0.3598166666666667
4211,0.3723583333333333
4212,0.3848999999999999
4213,0.3879249999999999
4214,0.3909499999999999
4215,0.3939749999999999
4216,0.397
4217,0.4000249999999999
4218,0.4030499999999999
4219,0.4060749999999999
4220,0.4090999999999999
4221,0.412125
4222,0.4151499999999999
4223,0.418175
4224,0.4211999999999999
4225,0.4201083333333333
4226,0.4190166666666666
4227,0.417925
4228,0.4168333333333333
4229,0.4157416666666667
4230,0.4146499999999999
4231,0.4135583333333333
4232,0.4124666666666667
4233,0.411375
4234,0.4102833333333333
4235,0.4091916666666667
4236,0.4081
4237,0.4097416666666666
4238,0.4113833333333333
4239,0.413025
4240,0.4146666666666667
4241,0.4163083333333333
4242,0.41795
4243,0.4195916666666667
4244,0.4212333333333333
4245,0.422875
4246,0.4245166666666666
4247,0.4261583333333333
4248,0.4278
4249,0.4277083333333333
4250,0.4276166666666667
4251,0.427525
4252,0.4274333333333333
4253,0.4273416666666667
4254,0.42725
4255,0.4271583333333333
4256,0.4270666666666666
4257,0.426975
4258,0.4268833333333333
4259,0.4267916666666666
4260,0.4266999999999999
4261,0.425375
4262,0.4240499999999999
4263,0.4227249999999999
4264,0.4214
4265,0.420075
4266,0.41875
4267,0.4174249999999999
4268,0.4160999999999999
4269,0.414775
4270,0.4134499999999999
4271,0.4121249999999999
4272,0.4107999999999999
4273,0.3982833333333333
4274,0.3857666666666666
4275,0.37325
4276,0.3607333333333333
4277,0.3482166666666666
4278,0.3357
4279,0.3231833333333333
4280,0.3106666666666667
4281,0.29815
4282,0.2856333333333333
4283,0.2731166666666667
4284,0.2606
4285,0.2602416666666666
4286,0.2598833333333333
4287,0.259525
4288,0.2591666666666667
4289,0.2588083333333333
4290,0.25845
4291,0.2580916666666667
4292,0.2577333333333333
4293,0.257375
4294,0.2570166666666666
4295,0.2566583333333334
4296,0.2563
4297,0.24995
4298,0.2436
4299,0.23725
4300,0.2309
4301,0.22455
4302,0.2181999999999999
4303,0.2118499999999999
4304,0.2055
4305,0.19915
4306,0.1928
4307,0.1864499999999999
4308,0.1800999999999999
4309,0.1743041666666666
4310,0.1685083333333333
4311,0.1627125
4312,0.1569166666666666
4313,0.1511208333333333
4314,0.1453249999999999
4315,0.1395291666666666
4316,0.1337333333333333
4317,0.1279375
4318,0.1221416666666666
4319,0.1163458333333333
4320,0.11055
4321,0.1057833333333333
4322,0.1010166666666666
4323,0.09625
4324,0.0914833333333333
4325,0.0867166666666666
4326,0.08195
4327,0.0771833333333333
4328,0.0724166666666666
4329,0.0676499999999999
4330,0.0628833333333333
4331,0.0581166666666666
4332,0.05335
4333,0.0504083333333333
4334,0.0474666666666666
4335,0.044525
4336,0.0415833333333333
4337,0.0386416666666666
4338,0.0357
4339,0.0327583333333333
4340,0.0298166666666666
4341,0.026875
4342,0.0239333333333333
4343,0.0209916666666666
4344,0.01805
4345,0.0165458333333333
4346,0.0150416666666666
4347,0.0135375
4348,0.0120333333333333
4349,0.0105291666666666
4350,0.009025
4351,0.0075208333333333
4352,0.0060166666666666
4353,0.0045125
4354,0.0030083333333333
4355,0.0015041666666666
4356,0.0
4357,0.0
4358,0.0
4359,0.0
4360,0.0
4361,0.0
4362,0.0
4363,0.0
4364,0.0
4365,0.0
4366,0.0
4367,0.0
4368,0.0
4369,0.0
4370,0.0
4371,0.0
4372,0.0
4373,0.0
4374,0.0
4375,0.0
4376,0.0
4377,0.0
4378,0.0
4379,0.0
4380,0.0
4381,0.0
4382,0.0
4383,0.0
4384,0.0
4385,0.0
4386,0.0
4387,0.0
4388,0.0
4389,0.0
4390,0.0
4391,0.0
4392,0.0
4393,0.0
4394,0.0
4395,0.0
4396,0.0
4397,0.0
4398,0.0
4399,0.0
4400,0.0
4401,0.0
4402,0.0
4403,0.0
4404,0.0
4405,0.0
4406,0.0
4407,0.0
4408,0.0
4409,0.0
4410,0.0
4411,0.0
4412,0.0
4413,0.0
4414,0.0
4415,0.0
4416,0.0
4417,0.0
4418,0.0
4419,0.0
4420,0.0
4421,0.0
4422,0.0
4423,0.0
4424,0.0
4425,0.0
4426,0.0
4427,0.0
4428,0.0
4429,0.0
4430,0.0
4431,0.0
4432,0.0
4433,0.0
4434,0.0
4435,0.0
4436,0.0
4437,0.0
4438,0.0
4439,0.0
4440,0.0
4441,0.0
4442,0.0
4443,0.0
4444,0.0
4445,0.0
4446,0.0
4447,0.0
4448,0.0
4449,0.0
4450,0.0
4451,0.0
4452,0.0
4453,0.0
4454,0.0
4455,0.0
4456,0.0
4457,0.0
4458,0.0
4459,0.0
4460,0.0
4461,0.0
4462,0.0
4463,0.0
4464,0.0
4465,0.0025083333333333
4466,0.0050166666666666
4467,0.007525
4468,0.0100333333333333
4469,0.0125416666666666
4470,0.01505
4471,0.0175583333333333
4472,0.0200666666666666
4473,0.0225749999999999
4474,0.0250833333333333
4475,0.0275916666666666
4476,0.0301
4477,0.0325
4478,0.0349
4479,0.0373
4480,0.0397
4481,0.0420999999999999
4482,0.0445
4483,0.0469
4484,0.0493
4485,0.0516999999999999
4486,0.0540999999999999
4487,0.0565
4488,0.0589
4489,0.0647708333333333
4490,0.0706416666666666
4491,0.0765125
4492,0.0823833333333333
4493,0.0882541666666666
4494,0.094125
4495,0.0999958333333333
4496,0.1058666666666666
4497,0.1117375
4498,0.1176083333333333
4499,0.1234791666666666
4500,0.12935
4501,0.13575
4502,0.14215
4503,0.14855
4504,0.1549499999999999
4505,0.16135
4506,0.16775
4507,0.17415
4508,0.18055
4509,0.18695
4510,0.19335
4511,0.19975
4512,0.20615
4513,0.2095125
4514,0.212875
4515,0.2162375
4516,0.2196
4517,0.2229625
4518,0.226325
4519,0.2296875
4520,0.23305
4521,0.2364125
4522,0.239775
4523,0.2431374999999999
4524,0.2465
4525,0.2492708333333333
4526,0.2520416666666666
4527,0.2548125
4528,0.2575833333333333
4529,0.2603541666666666
4530,0.263125
4531,0.2658958333333333
4532,0.2686666666666666
4533,0.2714375
4534,0.2742083333333333
4535,0.2769791666666666
4536,0.27975
4537,0.288875
4538,0.298
4539,0.307125
4540,0.31625
4541,0.325375
4542,0.3345
4543,0.343625
4544,0.35275
4545,0.361875
4546,0.371
4547,0.380125
4548,0.38925
4549,0.3940666666666667
4550,0.3988833333333333
4551,0.4037
4552,0.4085166666666666
4553,0.4133333333333333
4554,0.4181499999999999
4555,0.4229666666666667
4556,0.4277833333333333
4557,0.4326
4558,0.4374166666666667
4559,0.4422333333333333
4560,0.44705
4561,0.442675
4562,0.4383
4563,0.433925
4564,0.42955
4565,0.425175
4566,0.4208
4567,0.4164249999999999
4568,0.4120499999999999
4569,0.4076749999999999
4570,0.4032999999999999
4571,0.398925
4572,0.3945499999999999
4573,0.3897333333333332
4574,0.3849166666666666
4575,0.3801
4576,0.3752833333333333
4577,0.3704666666666666
4578,0.36565
4579,0.3608333333333333
4580,0.3560166666666666
4581,0.3512
4582,0.3463833333333333
4583,0.3415666666666667
4584,0.33675
4585,0.3311375
4586,0.3255249999999999
4587,0.3199125
4588,0.3143
4589,0.3086875
4590,0.303075
4591,0.2974624999999999
4592,0.2918499999999999
4593,0.2862375
4594,0.280625
4595,0.2750125
4596,0.2694
4597,0.2604625
4598,0.251525
4599,0.2425874999999999
4600,0.2336499999999999
4601,0.2247124999999999
4602,0.2157749999999999
4603,0.2068374999999999
4604,0.1978999999999999
4605,0.1889625
4606,0.180025
4607,0.1710875
4608,0.16215
4609,0.15535
4610,0.14855
4611,0.14175
4612,0.13495
4613,0.12815
4614,0.12135
4615,0.11455
4616,0.10775
4617,0.10095
4618,0.09415
4619,0.08735
4620,0.08055
4621,0.0769125
4622,0.0732749999999999
4623,0.0696375
4624,0.066
4625,0.0623624999999999
4626,0.058725
4627,0.0550875
4628,0.05145
4629,0.0478125
4630,0.044175
4631,0.0405375
4632,0.0368999999999999
4633,0.0338249999999999
4634,0.03075
4635,0.027675
4636,0.0246
4637,0.021525
4638,0.0184499999999999
4639,0.015375
4640,0.0123
4641,0.009225
4642,0.00615
4643,0.003075
4644,0.0
4645,0.0
4646,0.0
4647,0.0
4648,0.0
4649,0.0
4650,0.0
4651,0.0
4652,0.0
4653,0.0
4654,0.0
4655,0.0
4656,0.0
4657,0.0
4658,0.0
4659,0.0
4660,0.0
4661,0.0
4662,0.0
4663,0.0
4664,0.0
4665,0.0
4666,0.0
4667,0.0
4668,0.0
4669,0.0
4670,0.0
4671,0.0
4672,0.0
4673,0.0
4674,0.0
4675,0.0
4676,0.0
4677,0.0
4678,0.0
4679,0.0
4680,0.0
4681,0.0
4682,0.0
4683,0.0
4684,0.0
4685,0.0
4686,0.0
4687,0.0
4688,0.0
4689,0.0
4690,0.0
4691,0.0
4692,0.0
4693,0.0
4694,0.0
4695,0.0
4696,0.0
4697,0.0
4698,0.0
4699,0.0
4700,0.0
4701,0.0
4702,0.0
4703,0.0
4704,0.0
4705,0.0
4706,0.0
4707,0.0
4708,0.0
4709,0.0
4710,0.0
4711,0.0
4712,0.0
4713,0.0
4714,0.0
4715,0.0
4716,0.0
4717,0.0
4718,0.0
4719,0.0
4720,0.0
4721,0.0
4722,0.0
4723,0.0
4724,0.0
4725,0.0
4726,0.0
4727,0.0
4728,0.0
4729,0.0
4730,0.0
4731,0.0
4732,0.0
4733,0.0
4734,0.0
4735,0.0
4736,0.0
4737,0.0
4738,0.0
4739,0.0
4740,0.0
4741,0.0
4742,0.0
4743,0.0
4744,0.0
4745,0.0
4746,0.0
4747,0.0
4748,0.0
4749,0.0
4750,0.0
4751,0.0
4752,0.0
4753,0.0019333333333333
4754,0.0038666666666666
4755,0.0058
4756,0.0077333333333333
4757,0.0096666666666666
4758,0.0116
4759,0.0135333333333333
4760,0.0154666666666666
4761,0.0174
4762,0.0193333333333333
4763,0.0212666666666666
4764,0.0232
4765,0.0265875
4766,0.029975
4767,0.0333625
4768,0.03675
4769,0.0401375
4770,0.043525
4771,0.0469125
4772,0.0503
4773,0.0536875
4774,0.057075
4775,0.0604624999999999
4776,0.06385
4777,0.0727
4778,0.08155
4779,0.0904
4780,0.09925
4781,0.1081
4782,0.11695
4783,0.1258
4784,0.13465
4785,0.1435
4786,0.15235
4787,0.1612
4788,0.17005
4789,0.1810958333333333
4790,0.1921416666666666
4791,0.2031875
4792,0.2142333333333333
4793,0.2252791666666667
4794,0.236325
4795,0.2473708333333333
4796,0.2584166666666667
4797,0.2694625
4798,0.2805083333333333
4799,0.2915541666666666
4800,0.3026
4801,0.3182958333333333
4802,0.3339916666666667
4803,0.3496875
4804,0.3653833333333333
4805,0.3810791666666666
4806,0.396775
4807,0.4124708333333333
4808,0.4281666666666667
4809,0.4438625
4810,0.4595583333333333
4811,0.4752541666666666
4812,0.49095
4813,0.4965874999999999
4814,0.502225
4815,0.5078625
4816,0.5135
4817,0.5191375
4818,0.524775
4819,0.5304125000000001
4820,0.5360499999999999
4821,0.5416875
4822,0.5473250000000001
4823,0.5529625
4824,0.5586
4825,0.566125
4826,0.57365
4827,0.581175
4828,0.5887
4829,0.596225
4830,0.60375
4831,0.611275
4832,0.6187999999999999
4833,0.6263249999999999
4834,0.63385
4835,0.641375
4836,0.6489
4837,0.6499458333333333
4838,0.6509916666666666
4839,0.6520375
4840,0.6530833333333333
4841,0.6541291666666668
4842,0.655175
4843,0.6562208333333333
4844,0.6572666666666667
4845,0.6583125
4846,0.6593583333333334
4847,0.6604041666666667
4848,0.6614500000000001
4849,0.6673875
4850,0.6733250000000001
4851,0.6792625
4852,0.6852
4853,0.6911375000000001
4854,0.697075
4855,0.7030125
4856,0.7089500000000001
4857,0.7148875
4858,0.720825
4859,0.7267625000000001
4860,0.7327
4861,0.7186791666666666
4862,0.7046583333333334
4863,0.6906375
4864,0.6766166666666666
4865,0.6625958333333334
4866,0.648575
4867,0.6345541666666666
4868,0.6205333333333334
4869,0.6065125
4870,0.5924916666666666
4871,0.5784708333333334
4872,0.56445
4873,0.5526125000000001
4874,0.5407750000000001
4875,0.5289375
4876,0.5171
4877,0.5052625000000001
4878,0.493425
4879,0.4815875
4880,0.46975
4881,0.4579125
4882,0.446075
4883,0.4342374999999999
4884,0.4224
4885,0.4077125
4886,0.3930249999999999
4887,0.3783375
4888,0.36365
4889,0.3489624999999999
4890,0.334275
4891,0.3195874999999999
4892,0.3049
4893,0.2902125
4894,0.2755249999999999
4895,0.2608375
4896,0.24615
4897,0.2425791666666666
4898,0.2390083333333333
4899,0.2354375
4900,0.2318666666666666
4901,0.2282958333333333
4902,0.224725
4903,0.2211541666666666
4904,0.2175833333333333
4905,0.2140125
4906,0.2104416666666666
4907,0.2068708333333333
4908,0.2033
4909,0.1935791666666667
4910,0.1838583333333333
4911,0.1741375
4912,0.1644166666666666
4913,0.1546958333333333
4914,0.144975
4915,0.1352541666666667
4916,0.1255333333333333
4917,0.1158125
4918,0.1060916666666666
4919,0.0963708333333333
4920,0.08665
4921,0.0794291666666666
4922,0.0722083333333333
4923,0.0649875
4924,0.0577666666666666
4925,0.0505458333333333
4926,0.043325
4927,0.0361041666666666
4928,0.0288833333333333
4929,0.0216624999999999
4930,0.0144416666666666
4931,0.0072208333333333
4932,0.0
4933,0.0
4934,0.0
4935,0.0
4936,0.0
4937,0.0
4938,0.0
4939,0.0
4940,0.0
4941,0.0
4942,0.0
4943,0.0
4944,0.0
4945,0.0
4946,0.0
4947,0.0
4948,0.0
4949,0.0
4950,0.0
4951,0.0
4952,0.0
4953,0.0
4954,0.0
4955,0.0
4956,0.0
4957,0.0
4958,0.0
4959,0.0
4960,0.0
4961,0.0
4962,0.0
4963,0.0
4964,0.0
4965,0.0
4966,0.0
4967,0.0
4968,0.0
4969,0.0
4970,0.0
4971,0.0
4972,0.0
4973,0.0
4974,0.0
4975,0.0
4976,0.0
4977,0.0
4978,0.0
4979,0.0
4980,0.0
4981,0.0
4982,0.0
4983,0.0
4984,0.0
4985,0.0
4986,0.0
4987,0.0
4988,0.0
4989,0.0
4990,0.0
4991,0.0
4992,0.0
4993,0.0
4994,0.0
4995,0.0
4996,0.0
4997,0.0
4998,0.0
4999,0.0
5000,0.0
5001,0.0
5002,0.0
5003,0.0
5004,0.0
5005,0.0
5006,0.0
5007,0.0
5008,0.0
5009,0.0
5010,0.0
5011,0.0
5012,0.0
5013,0.0
5014,0.0
5015,0.0
5016,0.0
5017,0.0
5018,0.0
5019,0.0
5020,0.0
5021,0.0
5022,0.0
5023,0.0
5024,0.0
5025,0.0
5026,0.0
5027,0.0
5028,0.0
5029,0.0
5030,0.0
5031,0.0
5032,0.0
5033,0.0
5034,0.0
5035,0.0
5036,0.0
5037,0.0
5038,0.0
5039,0.0
5040,0.0
5041,0.0052541666666666
5042,0.0105083333333333
5043,0.0157625
5044,0.0210166666666666
5045,0.0262708333333333
5046,0.031525
5047,0.0367791666666666
5048,0.0420333333333333
5049,0.0472874999999999
5050,0.0525416666666666
5051,0.0577958333333333
5052,0.06305
5053,0.0729083333333333
5054,0.0827666666666666
5055,0.092625
5056,0.1024833333333333
5057,0.1123416666666666
5058,0.1221999999999999
5059,0.1320583333333333
5060,0.1419166666666666
5061,0.1517749999999999
5062,0.1616333333333333
5063,0.1714916666666666
5064,0.1813499999999999
5065,0.1933458333333333
5066,0.2053416666666666
5067,0.2173375
5068,0.2293333333333333
5069,0.2413291666666666
5070,0.2533249999999999
5071,0.2653208333333333
5072,0.2773166666666666
5073,0.2893124999999999
5074,0.3013083333333333
5075,0.3133041666666666
5076,0.3253
5077,0.3467249999999999
5078,0.36815
5079,0.3895749999999999
5080,0.4109999999999999
5081,0.4324249999999999
5082,0.45385
5083,0.475275
5084,0.4966999999999999
5085,0.518125
5086,0.53955
5087,0.5609749999999999
5088,0.5824
5089,0.5922458333333332
5090,0.6020916666666667
5091,0.6119375
5092,0.6217833333333334
5093,0.6316291666666666
5094,0.6414749999999999
5095,0.6513208333333333
5096,0.6611666666666667
5097,0.6710124999999999
5098,0.6808583333333333
5099,0.6907041666666667
5100,0.70055
5101,0.7072416666666667
5102,0.7139333333333333
5103,0.720625
5104,0.7273166666666666
5105,0.7340083333333334
5106,0.7407
5107,0.7473916666666667
5108,0.7540833333333333
5109,0.760775
5110,0.7674666666666667
5111,0.7741583333333333
5112,0.78085
5113,0.7732875
5114,0.765725
5115,0.7581625000000001
5116,0.7506
5117,0.7430375
5118,0.735475
5119,0.7279125000000001
5120,0.72035
5121,0.7127875
5122,0.705225
5123,0.6976625000000001
5124,0.6901
5125,0.68605
5126,0.682
5127,0.67795
5128,0.6738999999999999
5129,0.6698500000000001
5130,0.6658000000000001
5131,0.66175
5132,0.6577000000000001
5133,0.65365
5134,0.6496000000000001
5135,0.64555
5136,0.6415
5137,0.6389166666666666
5138,0.6363333333333334
5139,0.63375
5140,0.6311666666666667
5141,0.6285833333333334
5142,0.626
5143,0.6234166666666666
5144,0.6208333333333333
5145,0.61825
5146,0.6156666666666666
5147,0.6130833333333334
5148,0.6105
5149,0.6001833333333333
5150,0.5898666666666667
5151,0.57955
5152,0.5692333333333334
5153,0.5589166666666666
5154,0.5486
5155,0.5382833333333333
5156,0.5279666666666667
5157,0.5176499999999999
5158,0.5073333333333333
5159,0.4970166666666666
5160,0.4866999999999999
5161,0.4748625
5162,0.4630249999999999
5163,0.4511875
5164,0.4393499999999999
5165,0.4275124999999999
5166,0.415675
5167,0.4038374999999999
5168,0.392
5169,0.3801624999999999
5170,0.368325
5171,0.3564875
5172,0.3446499999999999
5173,0.3334666666666666
5174,0.3222833333333333
5175,0.3111
5176,0.2999166666666666
5177,0.2887333333333333
5178,0.27755
5179,0.2663666666666667
5180,0.2551833333333333
5181,0.244
5182,0.2328166666666666
5183,0.2216333333333333
5184,0.21045
5185,0.2000416666666666
5186,0.1896333333333333
5187,0.179225
5188,0.1688166666666666
5189,0.1584083333333333
5190,0.148
5191,0.1375916666666666
5192,0.1271833333333333
5193,0.1167749999999999
5194,0.1063666666666666
5195,0.0959583333333333
5196,0.08555
5197,0.0810333333333333
5198,0.0765166666666666
5199,0.072
5200,0.0674833333333333
5201,0.0629666666666666
5202,0.0584499999999999
5203,0.0539333333333333
5204,0.0494166666666666
5205,0.0448999999999999
5206,0.0403833333333333
5207,0.0358666666666666
5208,0.03135
5209,0.0287375
5210,0.026125
5211,0.0235125
5212,0.0209
5213,0.0182875
5214,0.015675
5215,0.0130625
5216,0.01045
5217,0.0078374999999999
5218,0.0052249999999999
5219,0.0026124999999999
5220,0.0
5221,0.0
5222,0.0
5223,0.0
5224,0.0
5225,0.0
5226,0.0
5227,0.0
5228,0.0
5229,0.0
5230,0.0
5231,0.0
5232,0.0
5233,0.0
5234,0.0
5235,0.0
5236,0.0
5237,0.0
5238,0.0
5239,0.0
5240,0.0
5241,0.0
5242,0.0
5243,0.0
5244,0.0
5245,0.0
5246,0.0
5247,0.0
5248,0.0
5249,0.0
5250,0.0
5251,0.0
5252,0.0
5253,0.0
5254,0.0
5255,0.0
5256,0.0
5257,0.0
5258,0.0
5259,0.0
5260,0.0
5261,0.0
5262,0.0
5263,0.0
5264,0.0
5265,0.0
5266,0.0
5267,0.0
5268,0.0
5269,0.0
5270,0.0
5271,0.0
5272,0.0
5273,0.0
5274,0.0
5275,0.0
5276,0.0
5277,0.0
5278,0.0
5279,0.0
5280,0.0
5281,0.0
5282,0.0
5283,0.0
5284,0.0
5285,0.0
5286,0.0
5287,0.0
5288,0.0
5289,0.0
5290,0.0
5291,0.0
5292,0.0
5293,0.0
5294,0.0
5295,0.0
5296,0.0
5297,0.0
5298,0.0
5299,0.0
5300,0.0
5301,0.0
5302,0.0
5303,0.0
5304,0.0
5305,0.0
5306,0.0
5307,0.0
5308,0.0
5309,0.0
5310,0.0
5311,0.0
5312,0.0
5313,0.0
5314,0.0
5315,0.0
5316,0.0
5317,0.0
5318,0.0
5319,0.0
5320,0.0
5321,0.0
5322,0.0
5323,0.0
5324,0.0
5325,0.0
5326,0.0
5327,0.0
5328,0.0
5329,0.0030458333333333
5330,0.0060916666666666
5331,0.0091375
5332,0.0121833333333333
5333,0.0152291666666666
5334,0.018275
5335,0.0213208333333333
5336,0.0243666666666666
5337,0.0274125
5338,0.0304583333333333
5339,0.0335041666666666
5340,0.03655
5341,0.041375
5342,0.0462
5343,0.051025
5344,0.05585
5345,0.060675
5346,0.0655
5347,0.070325
5348,0.07515
5349,0.0799749999999999
5350,0.0848
5351,0.089625
5352,0.09445
5353,0.1004125
5354,0.106375
5355,0.1123375
5356,0.1183
5357,0.1242625
5358,0.130225
5359,0.1361875
5360,0.14215
5361,0.1481125
5362,0.154075
5363,0.1600375
5364,0.166
5365,0.1751333333333333
5366,0.1842666666666667
5367,0.1934
5368,0.2025333333333333
5369,0.2116666666666667
5370,0.2208
5371,0.2299333333333333
5372,0.2390666666666666
5373,0.2482
5374,0.2573333333333333
5375,0.2664666666666667
5376,0.2756
5377,0.2855166666666667
5378,0.2954333333333333
5379,0.30535
5380,0.3152666666666667
5381,0.3251833333333333
5382,0.3351
5383,0.3450166666666667
5384,0.3549333333333333
5385,0.36485
5386,0.3747666666666667
5387,0.3846833333333333
5388,0.3946
5389,0.3930333333333333
5390,0.3914666666666667
5391,0.3899
5392,0.3883333333333333
5393,0.3867666666666667
5394,0.3852
5395,0.3836333333333333
5396,0.3820666666666666
5397,0.3805
5398,0.3789333333333333
5399,0.3773666666666667
5400,0.3758
5401,0.3813375
5402,0.386875
5403,0.3924125
5404,0.3979499999999999
5405,0.4034875
5406,0.4090249999999999
5407,0.4145625
5408,0.4201
5409,0.4256375
5410,0.431175
5411,0.4367125
5412,0.44225
5413,0.4385541666666667
5414,0.4348583333333333
5415,0.4311625
5416,0.4274666666666666
5417,0.4237708333333333
5418,0.420075
5419,0.4163791666666667
5420,0.4126833333333333
5421,0.4089875
5422,0.4052916666666666
5423,0.4015958333333333
5424,0.3979
5425,0.3946208333333332
5426,0.3913416666666666
5427,0.3880625
5428,0.3847833333333333
5429,0.3815041666666666
5430,0.378225
5431,0.3749458333333333
5432,0.3716666666666666
5433,0.3683874999999999
5434,0.3651083333333333
5435,0.3618291666666666
5436,0.35855
5437,0.3557916666666666
5438,0.3530333333333333
5439,0.350275
5440,0.3475166666666666
5441,0.3447583333333333
5442,0.3419999999999999
5443,0.3392416666666666
5444,0.3364833333333333
5445,0.3337249999999999
5446,0.3309666666666666
5447,0.3282083333333333
5448,0.3254499999999999
5449,0.3172458333333333
5450,0.3090416666666666
5451,0.3008375
5452,0.2926333333333333
5453,0.2844291666666667
5454,0.276225
5455,0.2680208333333333
5456,0.2598166666666666
5457,0.2516125
5458,0.2434083333333333
5459,0.2352041666666666
5460,0.227
5461,0.2263
5462,0.2256
5463,0.2249
5464,0.2241999999999999
5465,0.2235
5466,0.2227999999999999
5467,0.2221
5468,0.2214
5469,0.2206999999999999
5470,0.22
5471,0.2193
5472,0.2186
5473,0.2068208333333333
5474,0.1950416666666666
5475,0.1832625
5476,0.1714833333333333
5477,0.1597041666666666
5478,0.1479249999999999
5479,0.1361458333333333
5480,0.1243666666666666
5481,0.1125875
5482,0.1008083333333333
5483,0.0890291666666666
5484,0.07725
5485,0.0725291666666666
5486,0.0678083333333333
5487,0.0630875
5488,0.0583666666666666
5489,0.0536458333333333
5490,0.0489249999999999
5491,0.0442041666666666
5492,0.0394833333333333
5493,0.0347625
5494,0.0300416666666666
5495,0.0253208333333333
5496,0.0206
5497,0.0188833333333333
5498,0.0171666666666666
5499,0.01545
5500,0.0137333333333333
5501,0.0120166666666666
5502,0.0103
5503,0.0085833333333333
5504,0.0068666666666666
5505,0.00515
5506,0.0034333333333333
5507,0.0017166666666666
5508,0.0
5509,0.0
5510,0.0
5511,0.0
5512,0.0
5513,0.0
5514,0.0
5515,0.0
5516,0.0
5517,0.0
5518,0.0
5519,0.0
5520,0.0
5521,0.0
5522,0.0
5523,0.0
5524,0.0
5525,0.0
5526,0.0
5527,0.0
5528,0.0
5529,0.0
5530,0.0
5531,0.0
5532,0.0
5533,0.0
5534,0.0
5535,0.0
5536,0.0
5537,0.0
5538,0.0
5539,0.0
5540,0.0
5541,0.0
5542,0.0
5543,0.0
5544,0.0
5545,0.0
5546,0.0
5547,0.0
5548,0.0
5549,0.0
5550,0.0
5551,0.0
5552,0.0
5553,0.0
5554,0.0
5555,0.0
5556,0.0
5557,0.0
5558,0.0
5559,0.0
5560,0.0
5561,0.0
5562,0.0
5563,0.0
5564,0.0
5565,0.0
5566,0.0
5567,0.0
5568,0.0
5569,0.0
5570,0.0
5571,0.0
5572,0.0
5573,0.0
5574,0.0
5575,0.0
5576,0.0
5577,0.0
5578,0.0
5579,0.0
5580,0.0
5581,0.0
5582,0.0
5583,0.0
5584,0.0
5585,0.0
5586,0.0
5587,0.0
5588,0.0
5589,0.0
5590,0.0
5591,0.0
5592,0.0
5593,0.0
5594,0.0
5595,0.0
5596,0.0
5597,0.0
5598,0.0
5599,0.0
5600,0.0
5601,0.0
5602,0.0
5603,0.0
5604,0.0
5605,0.0
5606,0.0
5607,0.0
5608,0.0
5609,0.0
5610,0.0
5611,0.0
5612,0.0
5613,0.0
5614,0.0
5615,0.0
5616,0.0
5617,0.0046583333333333
5618,0.0093166666666666
5619,0.013975
5620,0.0186333333333333
5621,0.0232916666666666
5622,0.02795
5623,0.0326083333333333
5624,0.0372666666666666
5625,0.041925
5626,0.0465833333333333
5627,0.0512416666666666
5628,0.0559
5629,0.0640875
5630,0.072275
5631,0.0804625
5632,0.08865
5633,0.0968375
5634,0.105025
5635,0.1132125
5636,0.1214
5637,0.1295875
5638,0.137775
5639,0.1459625
5640,0.15415
5641,0.1648041666666666
5642,0.1754583333333333
5643,0.1861125
5644,0.1967666666666666
5645,0.2074208333333333
5646,0.218075
5647,0.2287291666666666
5648,0.2393833333333333
5649,0.2500374999999999
5650,0.2606916666666666
5651,0.2713458333333333
5652,0.282
5653,0.2848374999999999
5654,0.287675
5655,0.2905125
5656,0.29335
5657,0.2961875
5658,0.299025
5659,0.3018625
5660,0.3046999999999999
5661,0.3075375
5662,0.310375
5663,0.3132125
5664,0.31605
5665,0.3239458333333333
5666,0.3318416666666667
5667,0.3397375
5668,0.3476333333333333
5669,0.3555291666666666
5670,0.3634249999999999
5671,0.3713208333333333
5672,0.3792166666666666
5673,0.3871124999999999
5674,0.3950083333333333
5675,0.4029041666666666
5676,0.4107999999999999
5677,0.4046625
5678,0.3985249999999999
5679,0.3923874999999999
5680,0.3862499999999999
5681,0.3801124999999999
5682,0.3739749999999999
5683,0.3678375
5684,0.3616999999999999
5685,0.3555624999999999
5686,0.3494249999999999
5687,0.3432874999999999
5688,0.3371499999999999
5689,0.3528416666666666
5690,0.3685333333333333
5691,0.384225
5692,0.3999166666666667
5693,0.4156083333333333
5694,0.4313
5695,0.4469916666666667
5696,0.4626833333333333
5697,0.478375
5698,0.4940666666666667
5699,0.5097583333333334
5700,0.5254500000000001
5701,0.5285625
5702,0.5316750000000001
5703,0.5347875
5704,0.5378999999999999
5705,0.5410125
5706,0.544125
5707,0.5472374999999999
5708,0.55035
5709,0.5534625
5710,0.5565749999999999
5711,0.5596875
5712,0.5628
5713,0.5581833333333333
5714,0.5535666666666667
5715,0.5489499999999999
5716,0.5443333333333332
5717,0.5397166666666666
5718,0.5351
5719,0.5304833333333333
5720,0.5258666666666667
5721,0.52125
5722,0.5166333333333333
5723,0.5120166666666667
5724,0.5074
5725,0.5018083333333333
5726,0.4962166666666666
5727,0.490625
5728,0.4850333333333333
5729,0.4794416666666666
5730,0.47385
5731,0.4682583333333333
5732,0.4626666666666666
5733,0.457075
5734,0.4514833333333333
5735,0.4458916666666666
5736,0.4403
5737,0.424525
5738,0.40875
5739,0.392975
5740,0.3772
5741,0.361425
5742,0.34565
5743,0.329875
5744,0.3141
5745,0.298325
5746,0.28255
5747,0.266775
5748,0.251
5749,0.2462125
5750,0.241425
5751,0.2366375
5752,0.23185
5753,0.2270625
5754,0.2222749999999999
5755,0.2174874999999999
5756,0.2127
5757,0.2079125
5758,0.203125
5759,0.1983374999999999
5760,0.1935499999999999
5761,0.1853791666666666
5762,0.1772083333333333
5763,0.1690375
5764,0.1608666666666666
5765,0.1526958333333333
5766,0.144525
5767,0.1363541666666666
5768,0.1281833333333333
5769,0.1200125
5770,0.1118416666666666
5771,0.1036708333333333
5772,0.0955
5773,0.0905583333333333
5774,0.0856166666666666
5775,0.080675
5776,0.0757333333333333
5777,0.0707916666666666
5778,0.0658499999999999
5779,0.0609083333333333
5780,0.0559666666666666
5781,0.051025
5782,0.0460833333333333
5783,0.0411416666666666
5784,0.0362
5785,0.0331833333333333
5786,0.0301666666666666
5787,0.02715
5788,0.0241333333333333
5789,0.0211166666666666
5790,0.0181
5791,0.0150833333333333
5792,0.0120666666666666
5793,0.0090499999999999
5794,0.0060333333333333
5795,0.0030166666666666
5796,0.0
5797,0.0
5798,0.0
5799,0.0
5800,0.0
5801,0.0
5802,0.0
5803,0.0
5804,0.0
5805,0.0
5806,0.0
5807,0.0
5808,0.0
5809,0.0
5810,0.0
5811,0.0
5812,0.0
5813,0.0
5814,0.0
5815,0.0
5816,0.0
5817,0.0
5818,0.0
5819,0.0
5820,0.0
5821,0.0
5822,0.0
5823,0.0
5824,0.0
5825,0.0
5826,0.0
5827,0.0
5828,0.0
5829,0.0
5830,0.0
5831,0.0
5832,0.0
5833,0.0
5834,0.0
5835,0.0
5836,0.0
5837,0.0
5838,0.0
5839,0.0
5840,0.0
5841,0.0
5842,0.0
5843,0.0
5844,0.0
5845,0.0
5846,0.0
5847,0.0
5848,0.0
5849,0.0
5850,0.0
5851,0.0
5852,0.0
5853,0.0
5854,0.0
5855,0.0
5856,0.0
5857,0.0
5858,0.0
5859,0.0
5860,0.0
5861,0.0
5862,0.0
5863,0.0
5864,0.0
5865,0.0
5866,0.0
5867,0.0
5868,0.0
5869,0.0
5870,0.0
5871,0.0
5872,0.0
5873,0.0
5874,0.0
5875,0.0
5876,0.0
5877,0.0
5878,0.0
5879,0.0
5880,0.0
5881,0.0
5882,0.0
5883,0.0
5884,0.0
5885,0.0
5886,0.0
5887,0.0
5888,0.0
5889,0.0
5890,0.0
5891,0.0
5892,0.0
5893,0.0
5894,0.0
5895,0.0
5896,0.0
5897,0.0
5898,0.0
5899,0.0
5900,0.0
5901,0.0
5902,0.0
5903,0.0
5904,0.0
5905,0.0042875
5906,0.008575
5907,0.0128625
5908,0.01715
5909,0.0214375
5910,0.025725
5911,0.0300125
5912,0.0343
5913,0.0385875
5914,0.042875
5915,0.0471625
5916,0.05145
5917,0.0596041666666666
5918,0.0677583333333333
5919,0.0759125
5920,0.0840666666666666
5921,0.0922208333333333
5922,0.100375
5923,0.1085291666666666
5924,0.1166833333333333
5925,0.1248375
5926,0.1329916666666666
5927,0.1411458333333333
5928,0.1493
5929,0.1626791666666666
5930,0.1760583333333333
5931,0.1894375
5932,0.2028166666666667
5933,0.2161958333333333
5934,0.229575
5935,0.2429541666666667
5936,0.2563333333333333
5937,0.2697125
5938,0.2830916666666667
5939,0.2964708333333333
5940,0.30985
5941,0.3145791666666667
5942,0.3193083333333333
5943,0.3240375
5944,0.3287666666666667
5945,0.3334958333333333
5946,0.338225
5947,0.3429541666666667
5948,0.3476833333333333
5949,0.3524125
5950,0.3571416666666667
5951,0.3618708333333333
5952,0.3666
5953,0.3694291666666667
5954,0.3722583333333333
5955,0.3750874999999999
5956,0.3779166666666667
5957,0.3807458333333333
5958,0.383575
5959,0.3864041666666666
5960,0.3892333333333332
5961,0.3920624999999999
5962,0.3948916666666666
5963,0.3977208333333333
5964,0.4005499999999999
5965,0.4194624999999999
5966,0.4383749999999999
5967,0.4572874999999999
5968,0.4762
5969,0.4951124999999999
5970,0.514025
5971,0.5329375
5972,0.5518500000000001
5973,0.5707625000000001
5974,0.589675
5975,0.6085875
5976,0.6275
5977,0.6254916666666667
5978,0.6234833333333334
5979,0.621475
5980,0.6194666666666667
5981,0.6174583333333333
5982,0.61545
5983,0.6134416666666668
5984,0.6114333333333334
5985,0.6094250000000001
5986,0.6074166666666667
5987,0.6054083333333334
5988,0.6034
5989,0.5854416666666667
5990,0.5674833333333333
5991,0.549525
5992,0.5315666666666667
5993,0.5136083333333333
5994,0.49565
5995,0.4776916666666667
5996,0.4597333333333333
5997,0.441775
5998,0.4238166666666667
5999,0.4058583333333333
6000,0.3878999999999999
6001,0.4109
6002,0.4338999999999999
6003,0.4569
6004,0.4799
6005,0.5029
6006,0.5258999999999999
6007,0.5488999999999999
6008,0.5719
6009,0.5949
6010,0.6179
6011,0.6409
6012,0.6638999999999999
6013,0.6593958333333333
6014,0.6548916666666666
6015,0.6503875
6016,0.6458833333333334
6017,0.6413791666666666
6018,0.636875
6019,0.6323708333333334
6020,0.6278666666666667
6021,0.6233624999999999
6022,0.6188583333333334
6023,0.6143541666666668
6024,0.60985
6025,0.6014250000000001
6026,0.593
6027,0.5845750000000001
6028,0.5761499999999999
6029,0.567725
6030,0.5592999999999999
6031,0.550875
6032,0.5424500000000001
6033,0.534025
6034,0.5256000000000001
6035,0.5171749999999999
6036,0.50875
6037,0.4899791666666667
6038,0.4712083333333333
6039,0.4524375
6040,0.4336666666666667
6041,0.4148958333333333
6042,0.396125
6043,0.3773541666666667
6044,0.3585833333333333
6045,0.3398125
6046,0.3210416666666666
6047,0.3022708333333334
6048,0.2835
6049,0.2756499999999999
6050,0.2678
6051,0.25995
6052,0.2521
6053,0.24425
6054,0.2364
6055,0.22855
6056,0.2207
6057,0.21285
6058,0.205
6059,0.19715
6060,0.1893
6061,0.1795583333333333
6062,0.1698166666666666
6063,0.160075
6064,0.1503333333333333
6065,0.1405916666666666
6066,0.13085
6067,0.1211083333333333
6068,0.1113666666666666
6069,0.101625
6070,0.0918833333333333
6071,0.0821416666666666
6072,0.0724
6073,0.0666958333333333
6074,0.0609916666666666
6075,0.0552875
6076,0.0495833333333333
6077,0.0438791666666666
6078,0.038175
6079,0.0324708333333333
6080,0.0267666666666666
6081,0.0210625
6082,0.0153583333333333
6083,0.0096541666666666
6084,0.00395
6085,0.0036208333333333
6086,0.0032916666666666
6087,0.0029625
6088,0.0026333333333333
6089,0.0023041666666666
6090,0.001975
6091,0.0016458333333333
6092,0.0013166666666666
6093,0.0009875
6094,0.0006583333333333
6095,0.0003291666666666
6096,0.0
6097,0.0
6098,0.0
6099,0.0
6100,0.0
6101,0.0
6102,0.0
6103,0.0
6104,0.0
6105,0.0
6106,0.0
6107,0.0
6108,0.0
6109,0.0
6110,0.0
6111,0.0
6112,0.0
6113,0.0
6114,0.0
6115,0.0
6116,0.0
6117,0.0
6118,0.0
6119,0.0
6120,0.0
6121,0.0
6122,0.0
6123,0.0
6124,0.0
6125,0.0
6126,0.0
6127,0.0
6128,0.0
6129,0.0
6130,0.0
6131,0.0
6132,0.0
6133,0.0
6134,0.0
6135,0.0
6136,0.0
6137,0.0
6138,0.0
6139,0.0
6140,0.0
6141,0.0
6142,0.0
6143,0.0
6144,0.0
6145,0.0
6146,0.0
6147,0.0
6148,0.0
6149,0.0
6150,0.0
6151,0.0
6152,0.0
6153,0.0
6154,0.0
6155,0.0
6156,0.0
6157,0.0
6158,0.0
6159,0.0
6160,0.0
6161,0.0
6162,0.0
6163,0.0
6164,0.0
6165,0.0
6166,0.0
6167,0.0
6168,0.0
6169,0.0
6170,0.0
6171,0.0
6172,0.0
6173,0.0
6174,0.0
6175,0.0
6176,0.0
6177,0.0
6178,0.0
6179,0.0
6180,0.0
6181,0.0
6182,0.0
6183,0.0
6184,0.0
6185,0.0
6186,0.0
6187,0.0
6188,0.0
6189,0.0
6190,0.0
6191,0.0
6192,0.0
6193,0.0061666666666666
6194,0.0123333333333333
6195,0.0185
6196,0.0246666666666666
6197,0.0308333333333333
6198,0.037
6199,0.0431666666666666
6200,0.0493333333333333
6201,0.0555
6202,0.0616666666666666
6203,0.0678333333333333
6204,0.074
6205,0.0875625
6206,0.101125
6207,0.1146875
6208,0.12825
6209,0.1418125
6210,0.155375
6211,0.1689375
6212,0.1825
6213,0.1960625
6214,0.209625
6215,0.2231875
6216,0.23675
6217,0.2503625
6218,0.263975
6219,0.2775875
6220,0.2912
6221,0.3048125
6222,0.318425
6223,0.3320375
6224,0.34565
6225,0.3592625
6226,0.372875
6227,0.3864875
6228,0.4001
6229,0.4159083333333334
6230,0.4317166666666667
6231,0.447525
6232,0.4633333333333333
6233,0.4791416666666666
6234,0.49495
6235,0.5107583333333333
6236,0.5265666666666666
6237,0.542375
6238,0.5581833333333333
6239,0.5739916666666667
6240,0.5898
6241,0.6003458333333334
6242,0.6108916666666666
6243,0.6214375
6244,0.6319833333333333
6245,0.6425291666666667
6246,0.6530750000000001
6247,0.6636208333333333
6248,0.6741666666666666
6249,0.6847125
6250,0.6952583333333333
6251,0.7058041666666667
6252,0.71635
6253,0.7117958333333333
6254,0.7072416666666667
6255,0.7026875
6256,0.6981333333333333
6257,0.6935791666666666
6258,0.6890250000000001
6259,0.6844708333333334
6260,0.6799166666666667
6261,0.6753625000000001
6262,0.6708083333333333
6263,0.6662541666666667
6264,0.6617000000000001
6265,0.6661833333333333
6266,0.6706666666666667
6267,0.6751500000000001
6268,0.6796333333333333
6269,0.6841166666666667
6270,0.6886
6271,0.6930833333333334
6272,0.6975666666666667
6273,0.7020500000000001
6274,0.7065333333333333
6275,0.7110166666666666
6276,0.7155
6277,0.7063541666666666
6278,0.6972083333333333
6279,0.6880625
6280,0.6789166666666666
6281,0.6697708333333334
6282,0.660625
6283,0.6514791666666666
6284,0.6423333333333334
6285,0.6331875
6286,0.6240416666666666
6287,0.6148958333333334
6288,0.60575
6289,0.6006958333333333
6290,0.5956416666666666
6291,0.5905874999999999
6292,0.5855333333333334
6293,0.5804791666666667
6294,0.5754250000000001
6295,0.5703708333333334
6296,0.5653166666666667
6297,0.5602625
6298,0.5552083333333334
6299,0.5501541666666667
6300,0.5451
6301,0.5477333333333333
6302,0.5503666666666667
6303,0.553
6304,0.5556333333333333
6305,0.5582666666666667
6306,0.5609
6307,0.5635333333333334
6308,0.5661666666666667
6309,0.5688000000000001
6310,0.5714333333333333
6311,0.5740666666666667
6312,0.5767
6313,0.5567666666666666
6314,0.5368333333333334
6315,0.5169000000000001
6316,0.4969666666666667
6317,0.4770333333333333
6318,0.4571
6319,0.4371666666666667
6320,0.4172333333333333
6321,0.3973
6322,0.3773666666666667
6323,0.3574333333333333
6324,0.3375
6325,0.3338916666666666
6326,0.3302833333333334
6327,0.326675
6328,0.3230666666666666
6329,0.3194583333333333
6330,0.31585
6331,0.3122416666666667
6332,0.3086333333333333
6333,0.305025
6334,0.3014166666666666
6335,0.2978083333333334
6336,0.2942000000000001
6337,0.2814833333333333
6338,0.2687666666666667
6339,0.25605
6340,0.2433333333333333
6341,0.2306166666666667
6342,0.2179
6343,0.2051833333333333
6344,0.1924666666666667
6345,0.17975
6346,0.1670333333333333
6347,0.1543166666666666
6348,0.1416
6349,0.1339541666666666
6350,0.1263083333333333
6351,0.1186625
6352,0.1110166666666666
6353,0.1033708333333333
6354,0.095725
6355,0.0880791666666666
6356,0.0804333333333333
6357,0.0727874999999999
6358,0.0651416666666666
6359,0.0574958333333333
6360,0.04985
6361,0.0460125
6362,0.042175
6363,0.0383375
6364,0.0345
6365,0.0306625
6366,0.0268249999999999
6367,0.0229874999999999
6368,0.0191499999999999
6369,0.0153124999999999
6370,0.0114749999999999
6371,0.0076374999999999
6372,0.0038
6373,0.0034833333333333
6374,0.0031666666666666
6375,0.0028499999999999
6376,0.0025333333333333
6377,0.0022166666666666
6378,0.0019
6379,0.0015833333333333
6380,0.0012666666666666
6381,0.00095
6382,0.0006333333333333
6383,0.0003166666666666
6384,0.0
6385,0.0
6386,0.0
6387,0.0
6388,0.0
6389,0.0
6390,0.0
6391,0.0
6392,0.0
6393,0.0
6394,0.0
6395,0.0
6396,0.0
6397,0.0
6398,0.0
6399,0.0
6400,0.0
6401,0.0
6402,0.0
6403,0.0
6404,0.0
6405,0.0
6406,0.0
6407,0.0
6408,0.0
6409,0.0
6410,0.0
6411,0.0
6412,0.0
6413,0.0
6414,0.0
6415,0.0
6416,0.0
6417,0.0
6418,0.0
6419,0.0
6420,0.0
6421,0.0
6422,0.0
6423,0.0
6424,0.0
6425,0.0
6426,0.0
6427,0.0
6428,0.0
6429,0.0
6430,0.0
6431,0.0
6432,0.0
6433,0.0
6434,0.0
6435,0.0
6436,0.0
6437,0.0
6438,0.0
6439,0.0
6440,0.0
6441,0.0
6442,0.0
6443,0.0
6444,0.0
6445,0.0
6446,0.0
6447,0.0
6448,0.0
6449,0.0
6450,0.0
6451,0.0
6452,0.0
6453,0.0
6454,0.0
6455,0.0
6456,0.0
6457,0.0
6458,0.0
6459,0.0
6460,0.0
6461,0.0
6462,0.0
6463,0.0
6464,0.0
6465,0.0
6466,0.0
6467,0.0
6468,0.0
6469,0.0
6470,0.0
6471,0.0
6472,0.0
6473,0.0
6474,0.0
6475,0.0
6476,0.0
6477,0.0
6478,0.0
6479,0.0
6480,0.0
6481,0.0088583333333333
6482,0.0177166666666666
6483,0.0265749999999999
6484,0.0354333333333333
6485,0.0442916666666666
6486,0.0531499999999999
6487,0.0620083333333333
6488,0.0708666666666666
6489,0.0797249999999999
6490,0.0885833333333333
6491,0.0974416666666666
6492,0.1062999999999999
6493,0.119975
6494,0.13365
6495,0.1473249999999999
6496,0.161
6497,0.1746749999999999
6498,0.1883499999999999
6499,0.2020249999999999
6500,0.2156999999999999
6501,0.2293749999999999
6502,0.2430499999999999
6503,0.256725
6504,0.2704
6505,0.2856083333333333
6506,0.3008166666666667
6507,0.316025
6508,0.3312333333333332
6509,0.3464416666666666
6510,0.3616499999999999
6511,0.3768583333333333
6512,0.3920666666666667
6513,0.407275
6514,0.4224833333333332
6515,0.4376916666666666
6516,0.4528999999999999
6517,0.468
6518,0.4831
6519,0.4981999999999999
6520,0.5133
6521,0.5284
6522,0.5435
6523,0.5585999999999999
6524,0.5736999999999999
6525,0.5888
6526,0.6038999999999999
6527,0.6189999999999999
6528,0.6340999999999999
6529,0.6459749999999999
6530,0.6578499999999999
6531,0.6697249999999999
6532,0.6815999999999999
6533,0.693475
6534,0.7053499999999999
6535,0.717225
6536,0.7291
6537,0.740975
6538,0.75285
6539,0.764725
6540,0.7766000000000001
6541,0.78128
6542,0.78596
6543,0.79064
6544,0.79532
6545,0.8
6546,0.80468
6547,0.80936
6548,0.81404
6549,0.81872
6550,0.8234
6551,0.82808
6552,0.83276
6553,0.8339808333333333
6554,0.8352016666666667
6555,0.8364225000000001
6556,0.8376433333333333
6557,0.8388641666666667
6558,0.8400850000000001
6559,0.8413058333333333
6560,0.8425266666666668
6561,0.8437475000000001
6562,0.8449683333333333
6563,0.8461891666666668
6564,0.8474100000000001
6565,0.8468808333333334
6566,0.8463516666666667
6567,0.8458225000000001
6568,0.8452933333333335
6569,0.8447641666666668
6570,0.8442350000000001
6571,0.8437058333333333
6572,0.8431766666666666
6573,0.8426475
6574,0.8421183333333333
6575,0.8415891666666666
6576,0.8410599999999999
6577,0.8287091666666666
6578,0.8163583333333333
6579,0.8040075
6580,0.7916566666666667
6581,0.7793058333333334
6582,0.7669549999999999
6583,0.7546041666666666
6584,0.7422533333333333
6585,0.7299025
6586,0.7175516666666667
6587,0.7052008333333333
6588,0.6928500000000001
6589,0.6897791666666667
6590,0.6867083333333334
6591,0.6836375
6592,0.6805666666666668
6593,0.6774958333333334
6594,0.674425
6595,0.6713541666666666
6596,0.6682833333333333
6597,0.6652125
6598,0.6621416666666666
6599,0.6590708333333333
6600,0.656
6601,0.6454166666666666
6602,0.6348333333333334
6603,0.62425
6604,0.6136666666666666
6605,0.6030833333333334
6606,0.5925
6607,0.5819166666666666
6608,0.5713333333333334
6609,0.56075
6610,0.5501666666666666
6611,0.5395833333333334
6612,0.529
6613,0.5179874999999999
6614,0.5069750000000001
6615,0.4959625
6616,0.48495
6617,0.4739375
6618,0.462925
6619,0.4519125
6620,0.4409
6621,0.4298875
6622,0.418875
6623,0.4078625
6624,0.39685
6625,0.3851333333333333
6626,0.3734166666666667
6627,0.3617
6628,0.3499833333333333
6629,0.3382666666666666
6630,0.32655
6631,0.3148333333333333
6632,0.3031166666666667
6633,0.2914
6634,0.2796833333333333
6635,0.2679666666666667
6636,0.25625
6637,0.2443083333333333
6638,0.2323666666666666
6639,0.2204249999999999
6640,0.2084833333333333
6641,0.1965416666666666
6642,0.1846
6643,0.1726583333333333
6644,0.1607166666666666
6645,0.148775
6646,0.1368333333333333
6647,0.1248916666666666
6648,0.11295
6649,0.1040875
6650,0.0952249999999999
6651,0.0863625
6652,0.0775
6653,0.0686375
6654,0.059775
6655,0.0509124999999999
6656,0.04205
6657,0.0331875
6658,0.0243249999999999
6659,0.0154624999999999
6660,0.0066
6661,0.00605
6662,0.0055
6663,0.00495
6664,0.0044
6665,0.00385
6666,0.0033
6667,0.00275
6668,0.0022
6669,0.00165
6670,0.0011
6671,0.00055
6672,0.0
6673,0.0
6674,0.0
6675,0.0
6676,0.0
6677,0.0
6678,0.0
6679,0.0
6680,0.0
6681,0.0
6682,0.0
6683,0.0
6684,0.0
6685,0.0
6686,0.0
6687,0.0
6688,0.0
6689,0.0
6690,0.0
6691,0.0
6692,0.0
6693,0.0
6694,0.0
6695,0.0
6696,0.0
6697,0.0
6698,0.0
6699,0.0
6700,0.0
6701,0.0
6702,0.0
6703,0.0
6704,0.0
6705,0.0
6706,0.0
6707,0.0
6708,0.0
6709,0.0
6710,0.0
6711,0.0
6712,0.0
6713,0.0
6714,0.0
6715,0.0
6716,0.0
6717,0.0
6718,0.0
6719,0.0
6720,0.0
6721,0.0
6722,0.0
6723,0.0
6724,0.0
6725,0.0
6726,0.0
6727,0.0
6728,0.0
6729,0.0
6730,0.0
6731,0.0
6732,0.0
6733,0.0
6734,0.0
6735,0.0
6736,0.0
6737,0.0
6738,0.0
6739,0.0
6740,0.0
6741,0.0
6742,0.0
6743,0.0
6744,0.0
6745,0.0
6746,0.0
6747,0.0
6748,0.0
6749,0.0
6750,0.0
6751,0.0
6752,0.0
6753,0.0
6754,0.0
6755,0.0
6756,0.0
6757,0.0
6758,0.0
6759,0.0
6760,0.0
6761,0.0
6762,0.0
6763,0.0
6764,0.0
6765,0.0
6766,0.0
6767,0.0
6768,0.0
6769,0.0061625
6770,0.012325
6771,0.0184875
6772,0.02465
6773,0.0308125
6774,0.036975
6775,0.0431375
6776,0.0493
6777,0.0554625
6778,0.061625
6779,0.0677875
6780,0.07395
6781,0.0797166666666666
6782,0.0854833333333333
6783,0.09125
6784,0.0970166666666666
6785,0.1027833333333333
6786,0.10855
6787,0.1143166666666666
6788,0.1200833333333333
6789,0.12585
6790,0.1316166666666667
6791,0.1373833333333333
6792,0.14315
6793,0.1465333333333333
6794,0.1499166666666667
6795,0.1533
6796,0.1566833333333333
6797,0.1600666666666666
6798,0.1634499999999999
6799,0.1668333333333333
6800,0.1702166666666666
6801,0.1736
6802,0.1769833333333333
6803,0.1803666666666666
6804,0.18375
6805,0.1975958333333333
6806,0.2114416666666666
6807,0.2252875
6808,0.2391333333333333
6809,0.2529791666666666
6810,0.266825
6811,0.2806708333333333
6812,0.2945166666666666
6813,0.3083624999999999
6814,0.3222083333333333
6815,0.3360541666666666
6816,0.3499
6817,0.3576999999999999
6818,0.3655
6819,0.3732999999999999
6820,0.3810999999999999
6821,0.3888999999999999
6822,0.3967
6823,0.4045
6824,0.4123
6825,0.4201
6826,0.4279
6827,0.4357
6828,0.4435
6829,0.4532458333333333
6830,0.4629916666666667
6831,0.4727375
6832,0.4824833333333334
6833,0.4922291666666666
6834,0.5019750000000001
6835,0.5117208333333334
6836,0.5214666666666667
6837,0.5312125000000001
6838,0.5409583333333333
6839,0.5507041666666667
6840,0.56045
6841,0.5622291666666668
6842,0.5640083333333333
6843,0.5657875
6844,0.5675666666666668
6845,0.5693458333333333
6846,0.571125
6847,0.5729041666666667
6848,0.5746833333333333
6849,0.5764625
6850,0.5782416666666667
6851,0.5800208333333332
6852,0.5818
6853,0.5836958333333333
6854,0.5855916666666666
6855,0.5874874999999999
6856,0.5893833333333334
6857,0.5912791666666666
6858,0.593175
6859,0.5950708333333333
6860,0.5969666666666665
6861,0.5988625
6862,0.6007583333333333
6863,0.6026541666666666
6864,0.6045499999999999
6865,0.5985124999999999
6866,0.5924749999999999
6867,0.5864375
6868,0.5804
6869,0.5743625
6870,0.5683250000000001
6871,0.5622875
6872,0.55625
6873,0.5502125
6874,0.544175
6875,0.5381375
6876,0.5321
6877,0.5324875000000001
6878,0.532875
6879,0.5332625000000001
6880,0.53365
6881,0.5340375
6882,0.534425
6883,0.5348125
6884,0.5352
6885,0.5355875
6886,0.535975
6887,0.5363625
6888,0.53675
6889,0.5285
6890,0.52025
6891,0.512
6892,0.50375
6893,0.4955
6894,0.48725
6895,0.479
6896,0.47075
6897,0.4625
6898,0.45425
6899,0.446
6900,0.43775
6901,0.4307833333333333
6902,0.4238166666666667
6903,0.41685
6904,0.4098833333333333
6905,0.4029166666666666
6906,0.3959499999999999
6907,0.3889833333333333
6908,0.3820166666666666
6909,0.3750499999999999
6910,0.3680833333333333
6911,0.3611166666666667
6912,0.3541499999999999
6913,0.3420708333333333
6914,0.3299916666666667
6915,0.3179125
6916,0.3058333333333333
6917,0.2937541666666666
6918,0.281675
6919,0.2695958333333333
6920,0.2575166666666666
6921,0.2454375
6922,0.2333583333333333
6923,0.2212791666666666
6924,0.2092
6925,0.1997458333333333
6926,0.1902916666666667
6927,0.1808375
6928,0.1713833333333333
6929,0.1619291666666666
6930,0.152475
6931,0.1430208333333333
6932,0.1335666666666666
6933,0.1241125
6934,0.1146583333333333
6935,0.1052041666666666
6936,0.09575
6937,0.0884
6938,0.08105
6939,0.0737
6940,0.0663499999999999
6941,0.059
6942,0.05165
6943,0.0443
6944,0.03695
6945,0.0295999999999999
6946,0.0222499999999999
6947,0.0148999999999999
6948,0.0075499999999999
6949,0.0069208333333333
6950,0.0062916666666666
6951,0.0056625
6952,0.0050333333333333
6953,0.0044041666666666
6954,0.0037749999999999
6955,0.0031458333333333
6956,0.0025166666666666
6957,0.0018874999999999
6958,0.0012583333333333
6959,0.0006291666666666
6960,0.0
6961,0.0
6962,0.0
6963,0.0
6964,0.0
6965,0.0
6966,0.0
6967,0.0
6968,0.0
6969,0.0
6970,0.0
6971,0.0
6972,0.0
6973,0.0
6974,0.0
6975,0.0
6976,0.0
6977,0.0
6978,0.0
6979,0.0
6980,0.0
6981,0.0
6982,0.0
6983,0.0
6984,0.0
6985,0.0
6986,0.0
6987,0.0
6988,0.0
6989,0.0
6990,0.0
6991,0.0
6992,0.0
6993,0.0
6994,0.0
6995,0.0
6996,0.0
6997,0.0
6998,0.0
6999,0.0
7000,0.0
7001,0.0
7002,0.0
7003,0.0
7004,0.0
7005,0.0
7006,0.0
7007,0.0
7008,0.0
7009,0.0
7010,0.0
7011,0.0
7012,0.0
7013,0.0
7014,0.0
7015,0.0
7016,0.0
7017,0.0
7018,0.0
7019,0.0
7020,0.0
7021,0.0
7022,0.0
7023,0.0
7024,0.0
7025,0.0
7026,0.0
7027,0.0
7028,0.0
7029,0.0
7030,0.0
7031,0.0
7032,0.0
7033,0.0
7034,0.0
7035,0.0
7036,0.0
7037,0.0
7038,0.0
7039,0.0
7040,0.0
7041,0.0
7042,0.0
7043,0.0
7044,0.0
7045,0.000425
7046,0.00085
7047,0.0012749999999999
7048,0.0017
7049,0.002125
7050,0.0025499999999999
7051,0.002975
7052,0.0034
7053,0.003825
7054,0.00425
7055,0.0046749999999999
7056,0.0050999999999999
7057,0.0124291666666666
7058,0.0197583333333333
7059,0.0270874999999999
7060,0.0344166666666666
7061,0.0417458333333333
7062,0.049075
7063,0.0564041666666666
7064,0.0637333333333333
7065,0.0710625
7066,0.0783916666666666
7067,0.0857208333333333
7068,0.09305
7069,0.1041791666666666
7070,0.1153083333333333
7071,0.1264375
7072,0.1375666666666666
7073,0.1486958333333333
7074,0.159825
7075,0.1709541666666666
7076,0.1820833333333333
7077,0.1932125
7078,0.2043416666666666
7079,0.2154708333333333
7080,0.2266
7081,0.2384375
7082,0.2502749999999999
7083,0.2621125
7084,0.2739499999999999
7085,0.2857874999999999
7086,0.297625
7087,0.3094625
7088,0.3213
7089,0.3331375
7090,0.344975
7091,0.3568125
7092,0.36865
7093,0.3783166666666667
7094,0.3879833333333333
7095,0.39765
7096,0.4073166666666666
7097,0.4169833333333334
7098,0.42665
7099,0.4363166666666667
7100,0.4459833333333333
7101,0.45565
7102,0.4653166666666667
7103,0.4749833333333333
7104,0.48465
7105,0.493875
7106,0.5031
7107,0.512325
7108,0.5215500000000001
7109,0.530775
7110,0.54
7111,0.5492250000000001
7112,0.55845
7113,0.567675
7114,0.5769
7115,0.586125
7116,0.59535
7117,0.5962166666666667
7118,0.5970833333333334
7119,0.5979500000000001
7120,0.5988166666666668
7121,0.5996833333333333
7122,0.60055
7123,0.6014166666666666
7124,0.6022833333333333
7125,0.60315
7126,0.6040166666666666
7127,0.6048833333333333
7128,0.60575
7129,0.5997250000000001
7130,0.5937
7131,0.5876750000000001
7132,0.58165
7133,0.575625
7134,0.5696
7135,0.563575
7136,0.5575500000000001
7137,0.551525
7138,0.5455
7139,0.539475
7140,0.5334500000000001
7141,0.5335458333333334
7142,0.5336416666666667
7143,0.5337375000000001
7144,0.5338333333333334
7145,0.5339291666666667
7146,0.5340250000000001
7147,0.5341208333333334
7148,0.5342166666666667
7149,0.5343125
7150,0.5344083333333333
7151,0.5345041666666667
7152,0.5346000000000001
7153,0.5246708333333333
7154,0.5147416666666667
7155,0.5048125
7156,0.4948833333333334
7157,0.4849541666666667
7158,0.475025
7159,0.4650958333333334
7160,0.4551666666666666
7161,0.4452375
7162,0.4353083333333334
7163,0.4253791666666667
7164,0.41545
7165,0.4112375000000001
7166,0.407025
7167,0.4028125
7168,0.3986
7169,0.3943875
7170,0.390175
7171,0.3859625
7172,0.38175
7173,0.3775375
7174,0.3733249999999999
7175,0.3691124999999999
7176,0.3649
7177,0.3477291666666666
7178,0.3305583333333333
7179,0.3133875
7180,0.2962166666666666
7181,0.2790458333333333
7182,0.261875
7183,0.2447041666666666
7184,0.2275333333333333
7185,0.2103625
7186,0.1931916666666666
7187,0.1760208333333333
7188,0.15885
7189,0.1577916666666667
7190,0.1567333333333333
7191,0.155675
7192,0.1546166666666666
7193,0.1535583333333333
7194,0.1525
7195,0.1514416666666667
7196,0.1503833333333333
7197,0.149325
7198,0.1482666666666666
7199,0.1472083333333333
7200,0.14615
7201,0.1432791666666666
7202,0.1404083333333333
7203,0.1375375
7204,0.1346666666666666
7205,0.1317958333333333
7206,0.1289249999999999
7207,0.1260541666666666
7208,0.1231833333333333
7209,0.1203124999999999
7210,0.1174416666666666
7211,0.1145708333333333
7212,0.1117
7213,0.1074166666666666
7214,0.1031333333333333
7215,0.09885
7216,0.0945666666666666
7217,0.0902833333333333
7218,0.086
7219,0.0817166666666666
7220,0.0774333333333333
7221,0.0731499999999999
7222,0.0688666666666666
7223,0.0645833333333333
7224,0.0603
7225,0.0558666666666666
7226,0.0514333333333333
7227,0.047
7228,0.0425666666666666
7229,0.0381333333333333
7230,0.0337
7231,0.0292666666666666
7232,0.0248333333333333
7233,0.0204
7234,0.0159666666666666
7235,0.0115333333333333
7236,0.0070999999999999
7237,0.0065083333333333
7238,0.0059166666666666
7239,0.0053249999999999
7240,0.0047333333333333
7241,0.0041416666666666
7242,0.0035499999999999
7243,0.0029583333333333
7244,0.0023666666666666
7245,0.0017749999999999
7246,0.0011833333333333
7247,0.0005916666666666
7248,0.0
7249,0.0
7250,0.0
7251,0.0
7252,0.0
7253,0.0
7254,0.0
7255,0.0
7256,0.0
7257,0.0
7258,0.0
7259,0.0
7260,0.0
7261,0.0
7262,0.0
7263,0.0
7264,0.0
7265,0.0
7266,0.0
7267,0.0
7268,0.0
7269,0.0
7270,0.0
7271,0.0
7272,0.0
7273,0.0
7274,0.0
7275,0.0
7276,0.0
7277,0.0
7278,0.0
7279,0.0
7280,0.0
7281,0.0
7282,0.0
7283,0.0
7284,0.0
7285,0.0
7286,0.0
7287,0.0
7288,0.0
7289,0.0
7290,0.0
7291,0.0
7292,0.0
7293,0.0
7294,0.0
7295,0.0
7296,0.0
7297,0.0
7298,0.0
7299,0.0
7300,0.0
7301,0.0
7302,0.0
7303,0.0
7304,0.0
7305,0.0
7306,0.0
7307,0.0
7308,0.0
7309,0.0
7310,0.0
7311,0.0
7312,0.0
7313,0.0
7314,0.0
7315,0.0
7316,0.0
7317,0.0
7318,0.0
7319,0.0
7320,0.0
7321,0.0
7322,0.0
7323,0.0
7324,0.0
7325,0.0
7326,0.0
7327,0.0
7328,0.0
7329,0.0
7330,0.0
7331,0.0
7332,0.0
7333,0.0005416666666666
7334,0.0010833333333333
7335,0.001625
7336,0.0021666666666666
7337,0.0027083333333333
7338,0.00325
7339,0.0037916666666666
7340,0.0043333333333333
7341,0.004875
7342,0.0054166666666666
7343,0.0059583333333333
7344,0.0065
7345,0.0145875
7346,0.022675
7347,0.0307625
7348,0.03885
7349,0.0469375
7350,0.055025
7351,0.0631125
7352,0.0712
7353,0.0792875
7354,0.087375
7355,0.0954625
7356,0.10355
7357,0.1169
7358,0.13025
7359,0.1436
7360,0.15695
7361,0.1703
7362,0.18365
7363,0.197
7364,0.21035
7365,0.2237
7366,0.23705
7367,0.2504
7368,0.26375
7369,0.2739333333333333
7370,0.2841166666666667
7371,0.2943
7372,0.3044833333333333
7373,0.3146666666666667
7374,0.32485
7375,0.3350333333333333
7376,0.3452166666666666
7377,0.3554
7378,0.3655833333333333
7379,0.3757666666666667
7380,0.38595
7381,0.3937625
7382,0.401575
7383,0.4093875
7384,0.4172
7385,0.4250125
7386,0.432825
7387,0.4406375
7388,0.44845
7389,0.4562625
7390,0.464075
7391,0.4718875
7392,0.4797
7393,0.4826333333333333
7394,0.4855666666666667
7395,0.4885
7396,0.4914333333333334
7397,0.4943666666666667
7398,0.4973000000000001
7399,0.5002333333333334
7400,0.5031666666666668
7401,0.5061000000000001
7402,0.5090333333333334
7403,0.5119666666666668
7404,0.5149000000000001
7405,0.5235166666666667
7406,0.5321333333333335
7407,0.54075
7408,0.5493666666666667
7409,0.5579833333333334
7410,0.5666
7411,0.5752166666666667
7412,0.5838333333333334
7413,0.5924499999999999
7414,0.6010666666666666
7415,0.6096833333333332
7416,0.6183
7417,0.6103916666666667
7418,0.6024833333333334
7419,0.594575
7420,0.5866666666666667
7421,0.5787583333333334
7422,0.5708499999999999
7423,0.5629416666666666
7424,0.5550333333333333
7425,0.547125
7426,0.5392166666666667
7427,0.5313083333333333
7428,0.5234
7429,0.530025
7430,0.53665
7431,0.543275
7432,0.5498999999999999
7433,0.5565249999999999
7434,0.56315
7435,0.5697750000000001
7436,0.5764000000000001
7437,0.5830250000000001
7438,0.5896500000000001
7439,0.5962750000000001
7440,0.6029000000000001
7441,0.5931625000000001
7442,0.5834250000000001
7443,0.5736875000000001
7444,0.5639500000000001
7445,0.5542125000000001
7446,0.544475
7447,0.5347375000000001
7448,0.525
7449,0.5152625000000001
7450,0.505525
7451,0.4957875
7452,0.48605
7453,0.4926041666666667
7454,0.4991583333333333
7455,0.5057125
7456,0.5122666666666666
7457,0.5188208333333333
7458,0.525375
7459,0.5319291666666667
7460,0.5384833333333333
7461,0.5450375000000001
7462,0.5515916666666667
7463,0.5581458333333333
7464,0.5647000000000001
7465,0.5517708333333333
7466,0.5388416666666667
7467,0.5259125
7468,0.5129833333333333
7469,0.5000541666666667
7470,0.487125
7471,0.4741958333333333
7472,0.4612666666666667
7473,0.4483375
7474,0.4354083333333333
7475,0.4224791666666667
7476,0.40955
7477,0.4045291666666667
7478,0.3995083333333333
7479,0.3944875
7480,0.3894666666666666
7481,0.3844458333333333
7482,0.3794249999999999
7483,0.3744041666666666
7484,0.3693833333333333
7485,0.3643625
7486,0.3593416666666666
7487,0.3543208333333332
7488,0.3492999999999999
7489,0.3380833333333333
7490,0.3268666666666666
7491,0.31565
7492,0.3044333333333333
7493,0.2932166666666666
7494,0.282
7495,0.2707833333333333
7496,0.2595666666666666
7497,0.24835
7498,0.2371333333333333
7499,0.2259166666666666
7500,0.2147
7501,0.2066083333333333
7502,0.1985166666666666
7503,0.1904249999999999
7504,0.1823333333333333
7505,0.1742416666666666
7506,0.1661499999999999
7507,0.1580583333333333
7508,0.1499666666666666
7509,0.141875
7510,0.1337833333333333
7511,0.1256916666666666
7512,0.1176
7513,0.108375
7514,0.0991499999999999
7515,0.0899249999999999
7516,0.0807
7517,0.071475
7518,0.06225
7519,0.0530249999999999
7520,0.0438
7521,0.0345749999999999
7522,0.0253499999999999
7523,0.016125
7524,0.0069
7525,0.006325
7526,0.00575
7527,0.005175
7528,0.0046
7529,0.004025
7530,0.00345
7531,0.002875
7532,0.0023
7533,0.0017249999999999
7534,0.0011499999999999
7535,0.0005749999999999
7536,0.0
7537,0.0
7538,0.0
7539,0.0
7540,0.0
7541,0.0
7542,0.0
7543,0.0
7544,0.0
7545,0.0
7546,0.0
7547,0.0
7548,0.0
7549,0.0
7550,0.0
7551,0.0
7552,0.0
7553,0.0
7554,0.0
7555,0.0
7556,0.0
7557,0.0
7558,0.0
7559,0.0
7560,0.0
7561,0.0
7562,0.0
7563,0.0
7564,0.0
7565,0.0
7566,0.0
7567,0.0
7568,0.0
7569,0.0
7570,0.0
7571,0.0
7572,0.0
7573,0.0
7574,0.0
7575,0.0
7576,0.0
7577,0.0
7578,0.0
7579,0.0
7580,0.0
7581,0.0
7582,0.0
7583,0.0
7584,0.0
7585,0.0
7586,0.0
7587,0.0
7588,0.0
7589,0.0
7590,0.0
7591,0.0
7592,0.0
7593,0.0
7594,0.0
7595,0.0
7596,0.0
7597,0.0
7598,0.0
7599,0.0
7600,0.0
7601,0.0
7602,0.0
7603,0.0
7604,0.0
7605,0.0
7606,0.0
7607,0.0
7608,0.0
7609,0.0
7610,0.0
7611,0.0
7612,0.0
7613,0.0
7614,0.0
7615,0.0
7616,0.0
7617,0.0
7618,0.0
7619,0.0
7620,0.0
7621,0.0004416666666666
7622,0.0008833333333333
7623,0.001325
7624,0.0017666666666666
7625,0.0022083333333333
7626,0.00265
7627,0.0030916666666666
7628,0.0035333333333333
7629,0.0039749999999999
7630,0.0044166666666666
7631,0.0048583333333333
7632,0.0053
7633,0.0105666666666666
7634,0.0158333333333333
7635,0.0211
7636,0.0263666666666666
7637,0.0316333333333333
7638,0.0368999999999999
7639,0.0421666666666666
7640,0.0474333333333333
7641,0.0527
7642,0.0579666666666666
7643,0.0632333333333333
7644,0.0685
7645,0.0785583333333333
7646,0.0886166666666666
7647,0.098675
7648,0.1087333333333333
7649,0.1187916666666666
7650,0.12885
7651,0.1389083333333333
7652,0.1489666666666666
7653,0.1590249999999999
7654,0.1690833333333333
7655,0.1791416666666666
7656,0.1891999999999999
7657,0.1995833333333333
7658,0.2099666666666666
7659,0.22035
7660,0.2307333333333333
7661,0.2411166666666666
7662,0.2515
7663,0.2618833333333333
7664,0.2722666666666666
7665,0.2826499999999999
7666,0.2930333333333333
7667,0.3034166666666666
7668,0.3138
7669,0.3230083333333333
7670,0.3322166666666667
7671,0.341425
7672,0.3506333333333333
7673,0.3598416666666666
7674,0.36905
7675,0.3782583333333333
7676,0.3874666666666667
7677,0.396675
7678,0.4058833333333333
7679,0.4150916666666667
7680,0.4243
7681,0.4318083333333333
7682,0.4393166666666667
7683,0.4468249999999999
7684,0.4543333333333333
7685,0.4618416666666666
7686,0.46935
7687,0.4768583333333333
7688,0.4843666666666666
7689,0.491875
7690,0.4993833333333333
7691,0.5068916666666666
7692,0.5144
7693,0.5266208333333333
7694,0.5388416666666667
7695,0.5510625
7696,0.5632833333333334
7697,0.5755041666666666
7698,0.5877249999999999
7699,0.5999458333333333
7700,0.6121666666666666
7701,0.6243875
7702,0.6366083333333333
7703,0.6488291666666667
7704,0.6610499999999999
7705,0.6537999999999999
7706,0.64655
7707,0.6393
7708,0.63205
7709,0.6247999999999999
7710,0.6175499999999999
7711,0.6103
7712,0.60305
7713,0.5958
7714,0.5885499999999999
7715,0.5812999999999999
7716,0.57405
7717,0.5689291666666667
7718,0.5638083333333332
7719,0.5586875
7720,0.5535666666666667
7721,0.5484458333333333
7722,0.5433250000000001
7723,0.5382041666666667
7724,0.5330833333333334
7725,0.5279625
7726,0.5228416666666666
7727,0.5177208333333333
7728,0.5126000000000001
7729,0.5023875000000001
7730,0.492175
7731,0.4819625
7732,0.47175
7733,0.4615375
7734,0.451325
7735,0.4411125
7736,0.4309
7737,0.4206875
7738,0.410475
7739,0.4002625
7740,0.39005
7741,0.3859166666666667
7742,0.3817833333333333
7743,0.37765
7744,0.3735166666666667
7745,0.3693833333333334
7746,0.3652500000000001
7747,0.3611166666666667
7748,0.3569833333333334
7749,0.35285
7750,0.3487166666666667
7751,0.3445833333333333
7752,0.34045
7753,0.3432666666666667
7754,0.3460833333333333
7755,0.3489
7756,0.3517166666666667
7757,0.3545333333333333
7758,0.35735
7759,0.3601666666666667
7760,0.3629833333333333
7761,0.3658
7762,0.3686166666666666
7763,0.3714333333333333
7764,0.37425
7765,0.3671375
7766,0.360025
7767,0.3529125
7768,0.3458
7769,0.3386875
7770,0.331575
7771,0.3244625
7772,0.3173499999999999
7773,0.3102375
7774,0.303125
7775,0.2960125
7776,0.2889
7777,0.2776458333333333
7778,0.2663916666666666
7779,0.2551374999999999
7780,0.2438833333333333
7781,0.2326291666666666
7782,0.221375
7783,0.2101208333333333
7784,0.1988666666666666
7785,0.1876125
7786,0.1763583333333333
7787,0.1651041666666666
7788,0.15385
7789,0.1481291666666666
7790,0.1424083333333333
7791,0.1366875
7792,0.1309666666666666
7793,0.1252458333333333
7794,0.1195249999999999
7795,0.1138041666666666
7796,0.1080833333333333
7797,0.1023624999999999
7798,0.0966416666666666
7799,0.0909208333333333
7800,0.0851999999999999
7801,0.0786541666666666
7802,0.0721083333333333
7803,0.0655625
7804,0.0590166666666666
7805,0.0524708333333333
7806,0.045925
7807,0.0393791666666666
7808,0.0328333333333333
7809,0.0262875
7810,0.0197416666666666
7811,0.0131958333333333
7812,0.00665
7813,0.0060958333333333
7814,0.0055416666666666
7815,0.0049875
7816,0.0044333333333333
7817,0.0038791666666666
7818,0.003325
7819,0.0027708333333333
7820,0.0022166666666666
7821,0.0016625
7822,0.0011083333333333
7823,0.0005541666666666
7824,0.0
7825,0.0
7826,0.0
7827,0.0
7828,0.0
7829,0.0
7830,0.0
7831,0.0
7832,0.0
7833,0.0
7834,0.0
7835,0.0
7836,0.0
7837,0.0
7838,0.0
7839,0.0
7840,0.0
7841,0.0
7842,0.0
7843,0.0
7844,0.0
7845,0.0
7846,0.0
7847,0.0
7848,0.0
7849,0.0
7850,0.0
7851,0.0
7852,0.0
7853,0.0
7854,0.0
7855,0.0
7856,0.0
7857,0.0
7858,0.0
7859,0.0
7860,0.0
7861,0.0
7862,0.0
7863,0.0
7864,0.0
7865,0.0
7866,0.0
7867,0.0
7868,0.0
7869,0.0
7870,0.0
7871,0.0
7872,0.0
7873,0.0
7874,0.0
7875,0.0
7876,0.0
7877,0.0
7878,0.0
7879,0.0
7880,0.0
7881,0.0
7882,0.0
7883,0.0
7884,0.0
7885,0.0
7886,0.0
7887,0.0
7888,0.0
7889,0.0
7890,0.0
7891,0.0
7892,0.0
7893,0.0
7894,0.0
7895,0.0
7896,0.0
7897,0.0
7898,0.0
7899,0.0
7900,0.0
7901,0.0
7902,0.0
7903,0.0
7904,0.0
7905,0.0
7906,0.0
7907,0.0
7908,0.0
7909,0.0004416666666666
7910,0.0008833333333333
7911,0.001325
7912,0.0017666666666666
7913,0.0022083333333333
7914,0.00265
7915,0.0030916666666666
7916,0.0035333333333333
7917,0.0039749999999999
7918,0.0044166666666666
7919,0.0048583333333333
7920,0.0053
7921,0.0105625
7922,0.015825
7923,0.0210875
7924,0.02635
7925,0.0316124999999999
7926,0.0368749999999999
7927,0.0421374999999999
7928,0.0473999999999999
7929,0.0526624999999999
7930,0.0579249999999999
7931,0.0631875
7932,0.0684499999999999
7933,0.0770375
7934,0.0856249999999999
7935,0.0942124999999999
7936,0.1027999999999999
7937,0.1113874999999999
7938,0.119975
7939,0.1285625
7940,0.1371499999999999
7941,0.1457375
7942,0.154325
7943,0.1629125
7944,0.1715
7945,0.1873625
7946,0.203225
7947,0.2190875
7948,0.23495
7949,0.2508125
7950,0.266675
7951,0.2825375
7952,0.2984
7953,0.3142625
7954,0.330125
7955,0.3459875
7956,0.36185
7957,0.3734
7958,0.38495
7959,0.3965
7960,0.40805
7961,0.4196
7962,0.43115
7963,0.4427
7964,0.45425
7965,0.4658
7966,0.47735
7967,0.4889
7968,0.50045
7969,0.5192541666666666
7970,0.5380583333333333
7971,0.5568624999999999
7972,0.5756666666666667
7973,0.5944708333333333
7974,0.613275
7975,0.6320791666666666
7976,0.6508833333333334
7977,0.6696875
7978,0.6884916666666667
7979,0.7072958333333333
7980,0.7261
7981,0.7322375000000001
7982,0.738375
7983,0.7445125
7984,0.7506499999999999
7985,0.7567875000000001
7986,0.7629250000000001
7987,0.7690625
7988,0.7752
7989,0.7813375
7990,0.787475
7991,0.7936124999999999
7992,0.79975
7993,0.8029550000000001
7994,0.80616
7995,0.809365
7996,0.81257
7997,0.815775
7998,0.81898
7999,0.822185
8000,0.82539
8001,0.8285950000000001
8002,0.8318000000000001
8003,0.835005
8004,0.83821
8005,0.8375808333333334
8006,0.8369516666666668
8007,0.8363225
8008,0.8356933333333334
8009,0.8350641666666668
8010,0.834435
8011,0.8338058333333334
8012,0.8331766666666668
8013,0.8325475000000001
8014,0.8319183333333334
8015,0.8312891666666666
8016,0.8306600000000001
8017,0.8308008333333334
8018,0.8309416666666667
8019,0.8310825000000001
8020,0.8312233333333333
8021,0.8313641666666667
8022,0.831505
8023,0.8316458333333334
8024,0.8317866666666668
8025,0.8319275
8026,0.8320683333333334
8027,0.8322091666666667
8028,0.83235
8029,0.8241291666666667
8030,0.8159083333333333
8031,0.8076875
8032,0.7994666666666667
8033,0.7912458333333334
8034,0.7830250000000001
8035,0.7748041666666666
8036,0.7665833333333334
8037,0.7583625
8038,0.7501416666666667
8039,0.7419208333333334
8040,0.7337
8041,0.7197875
8042,0.705875
8043,0.6919625
8044,0.67805
8045,0.6641375
8046,0.650225
8047,0.6363125
8048,0.6224
8049,0.6084875000000001
8050,0.5945750000000001
8051,0.5806625
8052,0.56675
8053,0.5541208333333334
8054,0.5414916666666667
8055,0.5288624999999999
8056,0.5162333333333333
8057,0.5036041666666666
8058,0.490975
8059,0.4783458333333333
8060,0.4657166666666667
8061,0.4530875
8062,0.4404583333333334
8063,0.4278291666666667
8064,0.4152
8065,0.4031833333333334
8066,0.3911666666666666
8067,0.37915
8068,0.3671333333333333
8069,0.3551166666666667
8070,0.3431
8071,0.3310833333333334
8072,0.3190666666666666
8073,0.30705
8074,0.2950333333333333
8075,0.2830166666666666
8076,0.271
8077,0.2580833333333333
8078,0.2451666666666666
8079,0.23225
8080,0.2193333333333333
8081,0.2064166666666666
8082,0.1935
8083,0.1805833333333333
8084,0.1676666666666666
8085,0.15475
8086,0.1418333333333333
8087,0.1289166666666666
8088,0.116
8089,0.1070541666666666
8090,0.0981083333333333
8091,0.0891624999999999
8092,0.0802166666666666
8093,0.0712708333333333
8094,0.062325
8095,0.0533791666666666
8096,0.0444333333333333
8097,0.0354875
8098,0.0265416666666666
8099,0.0175958333333333
8100,0.00865
8101,0.0079291666666666
8102,0.0072083333333333
8103,0.0064875
8104,0.0057666666666666
8105,0.0050458333333333
8106,0.004325
8107,0.0036041666666666
8108,0.0028833333333333
8109,0.0021625
8110,0.0014416666666666
8111,0.0007208333333333
8112,0.0
8113,0.0
8114,0.0
8115,0.0
8116,0.0
8117,0.0
8118,0.0
8119,0.0
8120,0.0
8121,0.0
8122,0.0
8123,0.0
8124,0.0
8125,0.0
8126,0.0
8127,0.0
8128,0.0
8129,0.0
8130,0.0
8131,0.0
8132,0.0
8133,0.0
8134,0.0
8135,0.0
8136,0.0
8137,0.0
8138,0.0
8139,0.0
8140,0.0
8141,0.0
8142,0.0
8143,0.0
8144,0.0
8145,0.0
8146,0.0
8147,0.0
8148,0.0
8149,0.0
8150,0.0
8151,0.0
8152,0.0
8153,0.0
8154,0.0
8155,0.0
8156,0.0
8157,0.0
8158,0.0
8159,0.0
8160,0.0
8161,0.0
8162,0.0
8163,0.0
8164,0.0
8165,0.0
8166,0.0
8167,0.0
8168,0.0
8169,0.0
8170,0.0
8171,0.0
8172,0.0
8173,0.0
8174,0.0
8175,0.0
8176,0.0
8177,0.0
8178,0.0
8179,0.0
8180,0.0
8181,0.0
8182,0.0
8183,0.0
8184,0.0
8185,0.0
8186,0.0
8187,0.0
8188,0.0
8189,0.0
8190,0.0
8191,0.0
8192,0.0
8193,0.0
8194,0.0
8195,0.0
8196,0.0
8197,0.0005166666666666
8198,0.0010333333333333
8199,0.00155
8200,0.0020666666666666
8201,0.0025833333333333
8202,0.0031
8203,0.0036166666666666
8204,0.0041333333333333
8205,0.00465
8206,0.0051666666666666
8207,0.0056833333333333
8208,0.0062
8209,0.0139958333333333
8210,0.0217916666666666
8211,0.0295875
8212,0.0373833333333333
8213,0.0451791666666666
8214,0.052975
8215,0.0607708333333333
8216,0.0685666666666666
8217,0.0763625
8218,0.0841583333333333
8219,0.0919541666666666
8220,0.09975
8221,0.1097458333333333
8222,0.1197416666666666
8223,0.1297374999999999
8224,0.1397333333333333
8225,0.1497291666666666
8226,0.159725
8227,0.1697208333333333
8228,0.1797166666666666
8229,0.1897124999999999
8230,0.1997083333333333
8231,0.2097041666666666
8232,0.2196999999999999
8233,0.2345958333333333
8234,0.2494916666666666
8235,0.2643875
8236,0.2792833333333333
8237,0.2941791666666666
8238,0.309075
8239,0.3239708333333333
8240,0.3388666666666666
8241,0.3537625
8242,0.3686583333333333
8243,0.3835541666666667
8244,0.3984499999999999
8245,0.4128208333333333
8246,0.4271916666666666
8247,0.4415625
8248,0.4559333333333333
8249,0.4703041666666667
8250,0.4846750000000001
8251,0.4990458333333334
8252,0.5134166666666667
8253,0.5277875000000001
8254,0.5421583333333334
8255,0.5565291666666669
8256,0.5709000000000001
8257,0.5872916666666668
8258,0.6036833333333333
8259,0.620075
8260,0.6364666666666667
8261,0.6528583333333333
8262,0.66925
8263,0.6856416666666667
8264,0.7020333333333333
8265,0.718425
8266,0.7348166666666666
8267,0.7512083333333333
8268,0.7676
8269,0.7773924999999999
8270,0.7871849999999999
8271,0.7969775
8272,0.80677
8273,0.8165625
8274,0.8263550000000001
8275,0.8361474999999999
8276,0.8459399999999999
8277,0.8557325
8278,0.865525
8279,0.8753175
8280,0.8851100000000001
8281,0.8891725
8282,0.893235
8283,0.8972975
8284,0.90136
8285,0.9054225
8286,0.909485
8287,0.9135475
8288,0.91761
8289,0.9216725
8290,0.925735
8291,0.9297975
8292,0.93386
8293,0.9314225
8294,0.928985
8295,0.9265475
8296,0.92411
8297,0.9216725
8298,0.919235
8299,0.9167975
8300,0.91436
8301,0.9119225
8302,0.909485
8303,0.9070475
8304,0.90461
8305,0.9002133333333332
8306,0.8958166666666666
8307,0.89142
8308,0.8870233333333333
8309,0.8826266666666667
8310,0.87823
8311,0.8738333333333332
8312,0.8694366666666666
8313,0.8650399999999999
8314,0.8606433333333333
8315,0.8562466666666667
8316,0.85185
8317,0.8431666666666667
8318,0.8344833333333334
8319,0.8258000000000001
8320,0.8171166666666667
8321,0.8084333333333334
8322,0.79975
8323,0.7910666666666667
8324,0.7823833333333334
8325,0.7737
8326,0.7650166666666668
8327,0.7563333333333334
8328,0.74765
8329,0.7358708333333334
8330,0.7240916666666667
8331,0.7123125000000001
8332,0.7005333333333335
8333,0.6887541666666667
8334,0.676975
8335,0.6651958333333333
8336,0.6534166666666666
8337,0.6416375000000001
8338,0.6298583333333333
8339,0.6180791666666666
8340,0.6063
8341,0.5945499999999999
8342,0.5828
8343,0.57105
8344,0.5592999999999999
8345,0.54755
8346,0.5357999999999999
8347,0.5240499999999999
8348,0.5123
8349,0.50055
8350,0.4888
8351,0.47705
8352,0.4653
8353,0.4464375
8354,0.427575
8355,0.4087125
8356,0.38985
8357,0.3709875
8358,0.352125
8359,0.3332624999999999
8360,0.3143999999999999
8361,0.2955375
8362,0.276675
8363,0.2578125
8364,0.23895
8365,0.2282791666666666
8366,0.2176083333333333
8367,0.2069375
8368,0.1962666666666666
8369,0.1855958333333333
8370,0.1749249999999999
8371,0.1642541666666666
8372,0.1535833333333333
8373,0.1429125
8374,0.1322416666666666
8375,0.1215708333333333
8376,0.1109
8377,0.1026208333333333
8378,0.0943416666666666
8379,0.0860625
8380,0.0777833333333333
8381,0.0695041666666666
8382,0.061225
8383,0.0529458333333333
8384,0.0446666666666666
8385,0.0363875
8386,0.0281083333333333
8387,0.0198291666666666
8388,0.01155
8389,0.0105875
8390,0.009625
8391,0.0086625
8392,0.0077
8393,0.0067375
8394,0.005775
8395,0.0048125
8396,0.00385
8397,0.0028875
8398,0.001925
8399,0.0009625
8400,0.0
8401,0.0
8402,0.0
8403,0.0
8404,0.0
8405,0.0
8406,0.0
8407,0.0
8408,0.0
8409,0.0
8410,0.0
8411,0.0
8412,0.0
8413,0.0
8414,0.0
8415,0.0
8416,0.0
8417,0.0
8418,0.0
8419,0.0
8420,0.0
8421,0.0
8422,0.0
8423,0.0
8424,0.0
8425,0.0
8426,0.0
8427,0.0
8428,0.0
8429,0.0
8430,0.0
8431,0.0
8432,0.0
8433,0.0
8434,0.0
8435,0.0
8436,0.0
8437,0.0
8438,0.0
8439,0.0
8440,0.0
8441,0.0
8442,0.0
8443,0.0
8444,0.0
8445,0.0
8446,0.0
8447,0.0
8448,0.0
8449,0.0
8450,0.0
8451,0.0
8452,0.0
8453,0.0
8454,0.0
8455,0.0
8456,0.0
8457,0.0
8458,0.0
8459,0.0
8460,0.0
8461,0.0
8462,0.0
8463,0.0
8464,0.0
8465,0.0
8466,0.0
8467,0.0
8468,0.0
8469,0.0
8470,0.0
8471,0.0
8472,0.0
8473,0.0
8474,0.0
8475,0.0
8476,0.0
8477,0.0
8478,0.0
8479,0.0
8480,0.0
8481,0.0
8482,0.0
8483,0.0
8484,0.0
8485,0.0006458333333333
8486,0.0012916666666666
8487,0.0019375
8488,0.0025833333333333
8489,0.0032291666666666
8490,0.003875
8491,0.0045208333333333
8492,0.0051666666666666
8493,0.0058125
8494,0.0064583333333333
8495,0.0071041666666666
8496,0.00775
8497,0.0140041666666666
8498,0.0202583333333333
8499,0.0265124999999999
8500,0.0327666666666666
8501,0.0390208333333333
8502,0.0452749999999999
8503,0.0515291666666666
8504,0.0577833333333333
8505,0.0640375
8506,0.0702916666666666
8507,0.0765458333333333
8508,0.0828
8509,0.0939416666666666
8510,0.1050833333333333
8511,0.116225
8512,0.1273666666666666
8513,0.1385083333333333
8514,0.1496499999999999
8515,0.1607916666666666
8516,0.1719333333333333
8517,0.183075
8518,0.1942166666666666
8519,0.2053583333333333
8520,0.2165
8521,0.2338416666666666
8522,0.2511833333333333
8523,0.2685249999999999
8524,0.2858666666666666
8525,0.3032083333333333
8526,0.32055
8527,0.3378916666666666
8528,0.3552333333333333
8529,0.372575
8530,0.3899166666666667
8531,0.4072583333333333
8532,0.4246
8533,0.4385791666666667
8534,0.4525583333333333
8535,0.4665375
8536,0.4805166666666667
8537,0.4944958333333333
8538,0.508475
8539,0.5224541666666667
8540,0.5364333333333334
8541,0.5504125
8542,0.5643916666666666
8543,0.5783708333333334
8544,0.59235
8545,0.6037291666666668
8546,0.6151083333333334
8547,0.6264875
8548,0.6378666666666667
8549,0.6492458333333334
8550,0.660625
8551,0.6720041666666666
8552,0.6833833333333333
8553,0.6947625000000001
8554,0.7061416666666667
8555,0.7175208333333333
8556,0.7289
8557,0.7316666666666666
8558,0.7344333333333333
8559,0.7372000000000001
8560,0.7399666666666667
8561,0.7427333333333334
8562,0.7455
8563,0.7482666666666666
8564,0.7510333333333333
8565,0.7538
8566,0.7565666666666667
8567,0.7593333333333334
8568,0.7621
8569,0.761375
8570,0.7606499999999999
8571,0.7599250000000001
8572,0.7592000000000001
8573,0.758475
8574,0.75775
8575,0.757025
8576,0.7563
8577,0.755575
8578,0.75485
8579,0.754125
8580,0.7534
8581,0.7488041666666667
8582,0.7442083333333332
8583,0.7396125
8584,0.7350166666666667
8585,0.7304208333333333
8586,0.725825
8587,0.7212291666666666
8588,0.7166333333333333
8589,0.7120375
8590,0.7074416666666666
8591,0.7028458333333333
8592,0.69825
8593,0.6948125
8594,0.691375
8595,0.6879375
8596,0.6845
8597,0.6810625
8598,0.677625
8599,0.6741875
8600,0.67075
8601,0.6673125
8602,0.663875
8603,0.6604375
8604,0.657
8605,0.6558083333333334
8606,0.6546166666666666
8607,0.6534249999999999
8608,0.6522333333333333
8609,0.6510416666666667
8610,0.64985
8611,0.6486583333333333
8612,0.6474666666666667
8613,0.646275
8614,0.6450833333333333
8615,0.6438916666666666
8616,0.6427
8617,0.6291958333333333
8618,0.6156916666666667
8619,0.6021875
8620,0.5886833333333334
8621,0.5751791666666667
8622,0.561675
8623,0.5481708333333334
8624,0.5346666666666666
8625,0.5211625
8626,0.5076583333333333
8627,0.4941541666666666
8628,0.4806499999999999
8629,0.4664625
8630,0.452275
8631,0.4380874999999999
8632,0.4239
8633,0.4097125
8634,0.3955249999999999
8635,0.3813375
8636,0.36715
8637,0.3529624999999999
8638,0.338775
8639,0.3245875
8640,0.3103999999999999
8641,0.3056999999999999
8642,0.301
8643,0.2962999999999999
8644,0.2915999999999999
8645,0.2869
8646,0.2822
8647,0.2775
8648,0.2728
8649,0.2680999999999999
8650,0.2633999999999999
8651,0.2587
8652,0.254
8653,0.242025
8654,0.23005
8655,0.218075
8656,0.2061
8657,0.194125
8658,0.18215
8659,0.170175
8660,0.1581999999999999
8661,0.146225
8662,0.13425
8663,0.122275
8664,0.1103
8665,0.1020083333333333
8666,0.0937166666666666
8667,0.085425
8668,0.0771333333333333
8669,0.0688416666666666
8670,0.06055
8671,0.0522583333333333
8672,0.0439666666666666
8673,0.035675
8674,0.0273833333333333
8675,0.0190916666666666
8676,0.0108
8677,0.0099
8678,0.009
8679,0.0081
8680,0.0072
8681,0.0063
8682,0.0054
8683,0.0045
8684,0.0036
8685,0.0027
8686,0.0018
8687,0.0009
8688,0.0
8689,0.0
8690,0.0
8691,0.0
8692,0.0
8693,0.0
8694,0.0
8695,0.0
8696,0.0
8697,0.0
8698,0.0
8699,0.0
8700,0.0
8701,0.0
8702,0.0
8703,0.0
8704,0.0
8705,0.0
8706,0.0
8707,0.0
8708,0.0
8709,0.0
8710,0.0
8711,0.0
8712,0.0
8713,0.0
8714,0.0
8715,0.0
8716,0.0
8717,0.0
8718,0.0
8719,0.0
8720,0.0
8721,0.0
8722,0.0
8723,0.0
8724,0.0
8725,0.0
8726,0.0
8727,0.0
8728,0.0
8729,0.0
8730,0.0
8731,0.0
8732,0.0
8733,0.0
8734,0.0
8735,0.0
8736,0.0
8737,0.0
8738,0.0
8739,0.0
8740,0.0
8741,0.0
8742,0.0
8743,0.0
8744,0.0
8745,0.0
8746,0.0
8747,0.0
8748,0.0
8749,0.0
8750,0.0
8751,0.0
8752,0.0
8753,0.0
8754,0.0
8755,0.0
8756,0.0
8757,0.0
8758,0.0
8759,0.0
8760,0.0
8761,0.0
8762,0.0
8763,0.0
8764,0.0
8765,0.0
8766,0.0
8767,0.0
8768,0.0
8769,0.0
8770,0.0
8771,0.0
8772,0.0
8773,0.0006083333333333
8774,0.0012166666666666
8775,0.0018249999999999
8776,0.0024333333333333
8777,0.0030416666666666
8778,0.0036499999999999
8779,0.0042583333333333
8780,0.0048666666666666
8781,0.005475
8782,0.0060833333333333
8783,0.0066916666666666
8784,0.0073
8785,0.0157583333333333
8786,0.0242166666666666
8787,0.032675
8788,0.0411333333333333
8789,0.0495916666666666
8790,0.05805
8791,0.0665083333333333
8792,0.0749666666666666
8793,0.083425
8794,0.0918833333333333
8795,0.1003416666666666
8796,0.1088
8797,0.1209208333333333
8798,0.1330416666666666
8799,0.1451625
8800,0.1572833333333333
8801,0.1694041666666666
8802,0.1815249999999999
8803,0.1936458333333333
8804,0.2057666666666666
8805,0.2178874999999999
8806,0.2300083333333333
8807,0.2421291666666666
8808,0.25425
8809,0.2707916666666667
8810,0.2873333333333333
8811,0.303875
8812,0.3204166666666667
8813,0.3369583333333333
8814,0.3535
8815,0.3700416666666667
8816,0.3865833333333334
8817,0.403125
8818,0.4196666666666667
8819,0.4362083333333333
8820,0.45275
8821,0.4668791666666667
8822,0.4810083333333333
8823,0.4951375
8824,0.5092666666666668
8825,0.5233958333333334
8826,0.537525
8827,0.5516541666666667
8828,0.5657833333333334
8829,0.5799125
8830,0.5940416666666667
8831,0.6081708333333333
8832,0.6223000000000001
8833,0.6348833333333335
8834,0.6474666666666667
8835,0.66005
8836,0.6726333333333333
8837,0.6852166666666667
8838,0.6978
8839,0.7103833333333334
8840,0.7229666666666666
8841,0.7355499999999999
8842,0.7481333333333333
8843,0.7607166666666666
8844,0.7733
8845,0.7798883333333333
8846,0.7864766666666667
8847,0.7930649999999999
8848,0.7996533333333333
8849,0.8062416666666666
8850,0.8128299999999999
8851,0.8194183333333332
8852,0.8260066666666667
8853,0.832595
8854,0.8391833333333334
8855,0.8457716666666667
8856,0.85236
8857,0.8568558333333333
8858,0.8613516666666667
8859,0.8658475
8860,0.8703433333333334
8861,0.8748391666666666
8862,0.879335
8863,0.8838308333333333
8864,0.8883266666666666
8865,0.8928225
8866,0.8973183333333332
8867,0.9018141666666668
8868,0.90631
8869,0.9006808333333334
8870,0.8950516666666666
8871,0.8894224999999999
8872,0.8837933333333333
8873,0.8781641666666666
8874,0.872535
8875,0.8669058333333333
8876,0.8612766666666667
8877,0.8556475
8878,0.8500183333333333
8879,0.8443891666666666
8880,0.83876
8881,0.8333883333333333
8882,0.8280166666666666
8883,0.822645
8884,0.8172733333333333
8885,0.8119016666666666
8886,0.80653
8887,0.8011583333333333
8888,0.7957866666666666
8889,0.790415
8890,0.7850433333333333
8891,0.7796716666666667
8892,0.7743
8893,0.7688125
8894,0.7633249999999999
8895,0.7578374999999999
8896,0.7523500000000001
8897,0.7468625
8898,0.741375
8899,0.7358875
8900,0.7303999999999999
8901,0.7249125000000001
8902,0.7194250000000001
8903,0.7139375
8904,0.70845
8905,0.6902708333333334
8906,0.6720916666666666
8907,0.6539125
8908,0.6357333333333334
8909,0.6175541666666666
8910,0.599375
8911,0.5811958333333334
8912,0.5630166666666666
8913,0.5448375
8914,0.5266583333333333
8915,0.5084791666666667
8916,0.4903
