timestamp_utc,market_id,gross_demand_mw,wind_mw,solar_mw,net_load_mw,market_scale_mw,forecast_gross_h1_mw,forecast_gross_h2_mw,forecast_gross_h3_mw,forecast_net_h1_mw,forecast_net_h2_mw,forecast_net_h3_mw,forecast_issue_time_utc,forecast_vintage_id,quality_ok
2025-09-30 20:00:00+00:00,CAISO_NP15,29237,2494,17712,9031,33983.0,29174.0120511141,29006.040270811347,29064.92264291514,10090.213108189982,12958.72999851148,15349.59073012938,2025-09-30T20:00:00Z,causal-ridge-shortlag-v2,True
2025-09-30 20:00:00+00:00,ISONE_NEMA,12943,1032,476,11435,18007.25,13958.474205285936,14598.031228057527,14778.982293348348,12546.187713999938,13279.467648388289,13536.40150024854,2025-09-30T20:00:00Z,causal-ridge-shortlag-v2,True
2025-09-30 20:00:00+00:00,MISO_MINN_HUB,93363,10629,11111,71623,101249.75,94124.2615562744,93609.5516096096,92126.42593348572,73301.15138371265,74252.46015661907,74088.5839068844,2025-09-30T20:00:00Z,causal-ridge-shortlag-v2,True
2025-09-30 20:00:00+00:00,SPP_NORTH_HUB,39934,10781,767,28386,46366.75,40172.89980984481,39945.416352817934,39277.85516969918,28546.58327098839,28025.76689989932,26943.654972870863,2025-09-30T20:00:00Z,causal-ridge-shortlag-v2,True
2025-09-30 21:00:00+00:00,CAISO_NP15,29714,3118,17232,9364,33983.0,29759.95633197893,29682.649718178534,29769.07902771187,11086.80783962689,14280.751225314923,16892.59338253604,2025-09-30T21:00:00Z,causal-ridge-shortlag-v2,True
2025-09-30 21:00:00+00:00,ISONE_NEMA,14330,992,171,13167,18007.25,15462.185136175183,15918.35518931516,15581.590902008991,14513.394996620576,15073.241663313176,14776.827242380456,2025-09-30T21:00:00Z,causal-ridge-shortlag-v2,True
2025-09-30 21:00:00+00:00,MISO_MINN_HUB,93872,10250,9461,74161,101249.75,93449.84125403003,91938.08712122867,89143.22215562126,75850.88392256081,75763.43310657075,74588.25917471402,2025-09-30T21:00:00Z,causal-ridge-shortlag-v2,True
2025-09-30 21:00:00+00:00,SPP_NORTH_HUB,40229,10960,745,28524,46366.75,40040.96454112898,39424.90159860717,38443.84208284877,28032.60854120719,26989.021229912403,25510.091708248077,2025-09-30T21:00:00Z,causal-ridge-shortlag-v2,True
2025-09-30 22:00:00+00:00,CAISO_NP15,29664,3636,15788,10240,33983.0,29617.40463764876,29589.750220679853,29614.744488914228,12618.010185792744,15670.210060548798,18194.13074632839,2025-09-30T22:00:00Z,causal-ridge-shortlag-v2,True
2025-09-30 22:00:00+00:00,ISONE_NEMA,14887,952,18,13917,18007.25,14783.48536041805,14258.259338402686,13514.330207956842,13886.061250256493,13406.518178807051,12706.132712653716,2025-09-30T22:00:00Z,causal-ridge-shortlag-v2,True
2025-09-30 22:00:00+00:00,MISO_MINN_HUB,93203,8660,4541,80002,101249.75,92213.11003165008,89768.86098651018,85647.41901202744,82818.46496942618,82075.60328893302,78115.01134659498,2025-09-30T22:00:00Z,causal-ridge-shortlag-v2,True
2025-09-30 22:00:00+00:00,SPP_NORTH_HUB,40009,11468,660,27881,46366.75,39331.89237711096,38338.17397114868,37099.95113473784,26784.488538293022,25292.450322282504,23506.95949189769,2025-09-30T22:00:00Z,causal-ridge-shortlag-v2,True
2025-09-30 23:00:00+00:00,CAISO_NP15,29650,3711,15288,10651,33983.0,29800.13165477855,29574.820537734133,29358.578023581227,13059.175998988629,16353.221299341749,18971.89971872131,2025-09-30T23:00:00Z,causal-ridge-shortlag-v2,True
2025-09-30 23:00:00+00:00,ISONE_NEMA,14783,937,9,13837,18007.25,14205.953617920808,13400.173741569835,12548.658666434269,13282.406020755992,12525.165282372349,11733.14656219601,2025-09-30T23:00:00Z,causal-ridge-shortlag-v2,True
2025-09-30 23:00:00+00:00,MISO_MINN_HUB,90560,7694,584,82282,101249.75,87106.96950302918,82724.95005972718,77094.53466188148,80546.60777157612,75073.4998879663,69913.98066051623,2025-09-30T23:00:00Z,causal-ridge-shortlag-v2,True
2025-09-30 23:00:00+00:00,SPP_NORTH_HUB,39069,12074,284,26711,46366.75,37777.6074470064,36268.7532620678,34653.79097170712,25150.101180145062,23254.293074836965,21231.38057630369,2025-09-30T23:00:00Z,causal-ridge-shortlag-v2,True
2025-10-01 00:00:00+00:00,CAISO_NP15,29801,3567,13482,12752,33983.0,29722.68741880696,29507.58980249996,29291.84362132377,16065.398026429895,19034.145089947386,21312.981130145752,2025-10-01T00:00:00Z,causal-ridge-shortlag-v2,True
2025-10-01 00:00:00+00:00,ISONE_NEMA,14069,944,8,13117,18007.25,13130.730248492202,12231.404882219562,11454.992382945407,12191.101042108168,11320.55164338032,10585.120597678018,2025-10-01T00:00:00Z,causal-ridge-shortlag-v2,True
2025-10-01 00:00:00+00:00,MISO_MINN_HUB,88691,8646,24,80021,101249.75,85324.48858697736,80670.05238172186,76238.08824295005,75889.4291117021,72514.33790451045,68602.25555318945,2025-10-01T00:00:00Z,causal-ridge-shortlag-v2,True
2025-10-01 00:00:00+00:00,SPP_NORTH_HUB,38078,13631,19,24428,46366.75,36669.94290493782,34988.7632687421,33233.98120703042,22008.863371060284,19769.62116787892,17785.408569437335,2025-10-01T00:00:00Z,causal-ridge-shortlag-v2,True
2025-10-01 01:00:00+00:00,CAISO_NP15,29959,3288,7110,19561,33983.0,30219.19409654735,30194.39025508833,29727.407789608416,24375.02003144372,25495.202262221384,25726.28890073684,2025-10-01T01:00:00Z,causal-ridge-shortlag-v2,True
2025-10-01 01:00:00+00:00,ISONE_NEMA,13154,947,5,12202,18007.25,12247.654267162936,11451.928563122568,10826.645276452542,11311.300348068487,10544.605010779676,9953.578958221457,2025-10-01T01:00:00Z,causal-ridge-shortlag-v2,True
2025-10-01 01:00:00+00:00,MISO_MINN_HUB,85059,9746,2,75311,101249.75,80354.86333016868,75469.78998293023,70888.34748648512,69931.66715648102,65477.47802967284,62184.82555093729,2025-10-01T01:00:00Z,causal-ridge-shortlag-v2,True
2025-10-01 01:00:00+00:00,SPP_NORTH_HUB,36922,16094,0,20828,46366.75,35425.20706424413,33751.124716713246,32098.19688788964,17844.732216397995,15615.819699833824,13910.114876267984,2025-10-01T01:00:00Z,causal-ridge-shortlag-v2,True
2025-10-01 02:00:00+00:00,CAISO_NP15,30466,3121,587,26758,33983.0,30743.4278888204,30458.61759017516,29542.383318519416,29276.31370184452,29378.0217086152,28008.094267560744,2025-10-01T02:00:00Z,causal-ridge-shortlag-v2,True
2025-10-01 02:00:00+00:00,ISONE_NEMA,12057,885,5,11167,18007.25,11136.24581521992,10518.817499536526,10197.121112838462,10287.774856758944,9711.629063414408,9434.064711081412,2025-10-01T02:00:00Z,causal-ridge-shortlag-v2,True
2025-10-01 02:00:00+00:00,MISO_MINN_HUB,80291,10932,1,69358,101249.75,75415.45897182512,70999.31690945961,67352.60226547625,63889.74192533034,59570.56520583529,56680.10369659677,2025-10-01T02:00:00Z,causal-ridge-shortlag-v2,True
2025-10-01 02:00:00+00:00,SPP_NORTH_HUB,35124,16562,0,18562,46366.75,33291.77699882472,31603.4640806025,30147.14511929085,16629.07863939421,15034.549837720337,13764.037020582851,2025-10-01T02:00:00Z,causal-ridge-shortlag-v2,True
2025-10-01 03:00:00+00:00,CAISO_NP15,30095,3066,0,27029,33983.0,29775.99194394289,28932.328339997934,27812.029665343987,25510.00737573308,25758.14375159185,24916.14602268322,2025-10-01T03:00:00Z,causal-ridge-shortlag-v2,True
2025-10-01 03:00:00+00:00,ISONE_NEMA,11253,782,5,10466,18007.25,10792.355560169808,10587.919669497349,10547.999383352766,10082.173482178276,9937.061629775251,9935.191090340946,2025-10-01T03:00:00Z,causal-ridge-shortlag-v2,True
2025-10-01 03:00:00+00:00,MISO_MINN_HUB,75547,11460,1,64086,101249.75,71401.66360945618,68042.9645873308,65629.6694900359,60066.98491415733,57145.657233030826,55259.25371454729,2025-10-01T03:00:00Z,causal-ridge-shortlag-v2,True
2025-10-01 03:00:00+00:00,SPP_NORTH_HUB,33035,17482,0,15553,46366.75,31186.31692861391,29683.22194777162,28617.47610108004,13315.888447520592,11775.59465567094,10847.074177792574,2025-10-01T03:00:00Z,causal-ridge-shortlag-v2,True
2025-10-01 04:00:00+00:00,CAISO_NP15,29504,3392,0,26112,33983.0,28684.24151195958,27652.51419951697,26548.12822126388,25268.25106341986,24576.403570385228,23547.617893518174,2025-10-01T04:00:00Z,causal-ridge-shortlag-v2,True
2025-10-01 04:00:00+00:00,ISONE_NEMA,10545,859,5,9681,18007.25,10033.506665450555,9774.381334610764,9816.53463614577,9150.255115953329,8901.058455571758,8959.06551042272,2025-10-01T04:00:00Z,causal-ridge-shortlag-v2,True
2025-10-01 04:00:00+00:00,MISO_MINN_HUB,71293,12590,2,58701,101249.75,67854.55171947546,65584.07937604067,64372.53648668285,55099.96051542663,52467.53529808328,51874.50711274354,2025-10-01T04:00:00Z,causal-ridge-shortlag-v2,True
2025-10-01 04:00:00+00:00,SPP_NORTH_HUB,30993,17687,0,13306,46366.75,29327.67659138288,28153.40505737729,27482.47545795076,11787.999527391572,10892.976995571307,10599.786182276408,2025-10-01T04:00:00Z,causal-ridge-shortlag-v2,True
2025-10-01 05:00:00+00:00,CAISO_NP15,28673,3512,0,25161,33983.0,27579.6695148116,26231.665696939966,24802.334057378263,23990.40244772113,23364.349685841626,22247.006548577843,2025-10-01T05:00:00Z,causal-ridge-shortlag-v2,True
2025-10-01 05:00:00+00:00,ISONE_NEMA,10058,905,5,9148,18007.25,9837.062958950331,9868.77951581581,10067.657195055132,8928.463561091536,8967.132864433313,9164.718835728356,2025-10-01T05:00:00Z,causal-ridge-shortlag-v2,True
2025-10-01 05:00:00+00:00,MISO_MINN_HUB,68073,12941,2,55130,101249.75,66101.16651403262,65293.85642866314,65598.52269558464,53529.77552746837,53117.02705446978,53489.0691123478,2025-10-01T05:00:00Z,causal-ridge-shortlag-v2,True
2025-10-01 05:00:00+00:00,SPP_NORTH_HUB,29442,17439,0,12003,46366.75,28368.65542185199,27778.22168190402,27652.640491228474,11265.678003592886,11042.762248839726,11406.92352105602,2025-10-01T05:00:00Z,causal-ridge-shortlag-v2,True
2025-10-01 06:00:00+00:00,CAISO_NP15,27275,3211,0,24064,33983.0,26072.96182179751,24935.53553974654,23930.083662124856,23066.34544728018,22650.964641698996,21758.120265852696,2025-10-01T06:00:00Z,causal-ridge-shortlag-v2,True
2025-10-01 06:00:00+00:00,ISONE_NEMA,9936,968,5,8963,18007.25,10042.861110220329,10251.662738809722,10465.148870561692,9053.234237316228,9239.66491501868,9413.03964091827,2025-10-01T06:00:00Z,causal-ridge-shortlag-v2,True
2025-10-01 06:00:00+00:00,MISO_MINN_HUB,65692,12702,2,52988,101249.75,64722.07493321836,65046.2802359574,66248.78158366229,52438.018157292325,52416.77192192018,53644.30184265235,2025-10-01T06:00:00Z,causal-ridge-shortlag-v2,True
2025-10-01 06:00:00+00:00,SPP_NORTH_HUB,28422,17049,0,11373,46366.75,27897.76492882852,27838.206121879783,28198.642331441355,11291.579465743982,11707.507035969697,12640.93389629783,2025-10-01T06:00:00Z,causal-ridge-shortlag-v2,True
2025-10-01 07:00:00+00:00,CAISO_NP15,25530,3164,0,22366,33983.0,24418.66159986808,23680.05469276766,23312.316742587383,21431.755807362853,21354.929544323964,20850.820752278807,2025-10-01T07:00:00Z,causal-ridge-shortlag-v2,True
2025-10-01 07:00:00+00:00,ISONE_NEMA,9909,1005,5,8899,18007.25,10038.116139526195,10269.827627625333,10488.792465629434,9005.727708199036,9197.75673584388,9363.951309708998,2025-10-01T07:00:00Z,causal-ridge-shortlag-v2,True
2025-10-01 07:00:00+00:00,MISO_MINN_HUB,63717,12347,2,51368,101249.75,63316.412543633975,64362.758131041264,66381.44581171457,51093.4814908178,51630.895138683336,53402.1360614433,2025-10-01T07:00:00Z,causal-ridge-shortlag-v2,True
2025-10-01 07:00:00+00:00,SPP_NORTH_HUB,27775,16765,0,11010,46366.75,27653.3701347058,28018.03076415948,28797.63800285395,11352.89871744406,12258.340849524016,13622.725410946436,2025-10-01T07:00:00Z,causal-ridge-shortlag-v2,True
2025-10-01 08:00:00+00:00,CAISO_NP15,24832,3146,0,21686,33983.0,24393.58599282043,24171.97919986782,24280.619486600648,21509.08384107092,21425.934495774665,20973.731102166697,2025-10-01T08:00:00Z,causal-ridge-shortlag-v2,True
2025-10-01 08:00:00+00:00,ISONE_NEMA,9944,955,3,8986,18007.25,10183.15012697785,10477.299039836096,10647.830217158473,9224.60322208803,9477.53155734303,9585.61087177771,2025-10-01T08:00:00Z,causal-ridge-shortlag-v2,True
2025-10-01 08:00:00+00:00,MISO_MINN_HUB,62872,11978,2,50892,101249.75,63649.669941367225,65528.72971486239,68386.9481244332,51589.69959161463,53238.53655836261,55043.12519179913,2025-10-01T08:00:00Z,causal-ridge-shortlag-v2,True
2025-10-01 08:00:00+00:00,SPP_NORTH_HUB,27418,16715,0,10703,46366.75,27607.033100142813,28299.750288764437,29404.35192839982,11296.534150246369,12547.996406196826,14233.316853629683,2025-10-01T08:00:00Z,causal-ridge-shortlag-v2,True
2025-10-01 09:00:00+00:00,CAISO_NP15,23936,3141,0,20795,33983.0,23665.058321851167,23862.092095546872,24352.625345717963,20453.907178374782,20295.225434185188,19766.404241694883,2025-10-01T09:00:00Z,causal-ridge-shortlag-v2,True
2025-10-01 09:00:00+00:00,ISONE_NEMA,10327,934,3,9390,18007.25,10787.874089230396,11071.556633885884,11115.701588883374,9837.485229153544,10069.202727093016,10034.665357005146,2025-10-01T09:00:00Z,causal-ridge-shortlag-v2,True
2025-10-01 09:00:00+00:00,MISO_MINN_HUB,63556,11669,1,51886,101249.75,65571.06380585824,68179.00370362293,71321.8211882472,53520.72457735677,55241.694445025205,56761.61008497858,2025-10-01T09:00:00Z,causal-ridge-shortlag-v2,True
2025-10-01 09:00:00+00:00,SPP_NORTH_HUB,27473,16620,0,10853,46366.75,28043.31324988974,29044.955728660312,30373.16087354483,11870.930212072682,13450.279748708994,15380.96464056533,2025-10-01T09:00:00Z,causal-ridge-shortlag-v2,True
2025-10-01 10:00:00+00:00,CAISO_NP15,23837,3170,0,20667,33983.0,24112.93064963248,24697.22224606633,25497.923449701862,20708.03764810744,20219.85841261028,19351.86478155582,2025-10-01T10:00:00Z,causal-ridge-shortlag-v2,True
2025-10-01 10:00:00+00:00,ISONE_NEMA,11502,947,4,10551,18007.25,12415.240807181395,12683.907784750509,12471.864063297731,11450.000583911096,11652.88764244976,11336.543653974108,2025-10-01T10:00:00Z,causal-ridge-shortlag-v2,True
2025-10-01 10:00:00+00:00,MISO_MINN_HUB,66326,11592,1,54733,101249.75,69847.06673994259,73123.25268658769,76338.96117860144,57461.86542128047,59316.23091603798,60227.10411056266,2025-10-01T10:00:00Z,causal-ridge-shortlag-v2,True
2025-10-01 10:00:00+00:00,SPP_NORTH_HUB,28146,16902,0,11244,46366.75,29209.67269877948,30502.55755611879,31945.36651383929,12497.292886683188,14253.156969950656,16298.9536243618,2025-10-01T10:00:00Z,causal-ridge-shortlag-v2,True
2025-10-01 11:00:00+00:00,CAISO_NP15,23304,2923,0,20381,33983.0,23663.656878890022,24517.71055410894,25528.012518168143,20023.870608735902,19177.181436317685,18038.883662270047,2025-10-01T11:00:00Z,causal-ridge-shortlag-v2,True
2025-10-01 11:00:00+00:00,ISONE_NEMA,11925,907,98,10920,18007.25,11782.826481741477,11450.846782483814,11154.328437836955,10683.116899304585,10240.49173350747,9858.834412404893,2025-10-01T11:00:00Z,causal-ridge-shortlag-v2,True
2025-10-01 11:00:00+00:00,MISO_MINN_HUB,70275,11309,2,58964,101249.75,74340.21363690603,77633.49362280715,80199.1323578767,61939.02100902313,62990.91437467744,63202.73675725501,2025-10-01T11:00:00Z,causal-ridge-shortlag-v2,True
2025-10-01 11:00:00+00:00,SPP_NORTH_HUB,29820,17066,0,12754,46366.75,31491.823207740694,33062.658411783865,34496.04221953141,14543.679852521736,16587.72511409244,18715.11503009366,2025-10-01T11:00:00Z,causal-ridge-shortlag-v2,True
2025-10-01 12:00:00+00:00,CAISO_NP15,22582,2951,0,19631,33983.0,23182.28420622723,24258.39421253518,25492.64223890449,18866.683391978266,17797.089537023516,16492.31598704534,2025-10-01T12:00:00Z,causal-ridge-shortlag-v2,True
2025-10-01 12:00:00+00:00,ISONE_NEMA,10857,781,403,9673,18007.25,9750.737835183969,9199.378610014295,9133.574179589272,8398.799278461785,7751.55059088605,7666.433741144598,2025-10-01T12:00:00Z,causal-ridge-shortlag-v2,True
2025-10-01 12:00:00+00:00,MISO_MINN_HUB,72000,11272,1258,59470,101249.75,73557.45151407756,75347.80477759089,76789.83960583039,58571.54044202949,56782.82681141709,57307.80111824323,2025-10-01T12:00:00Z,causal-ridge-shortlag-v2,True
2025-10-01 12:00:00+00:00,SPP_NORTH_HUB,30810,17139,11,13660,46366.75,31927.070544632486,33098.66356776264,34286.7190250575,15215.948661847207,17087.258811836517,18896.405853863915,2025-10-01T12:00:00Z,causal-ridge-shortlag-v2,True
2025-10-01 13:00:00+00:00,CAISO_NP15,23428,2952,0,20476,33983.0,24656.585226583724,25939.19469610665,27101.105062107483,19916.056655202294,18441.829000329773,16685.431656904482,2025-10-01T13:00:00Z,causal-ridge-shortlag-v2,True
2025-10-01 13:00:00+00:00,ISONE_NEMA,9897,699,668,8530,18007.25,9428.329625110257,9376.608020445992,9626.718638075568,7969.399783658639,7908.485318262761,8195.833198381777,2025-10-01T13:00:00Z,causal-ridge-shortlag-v2,True
2025-10-01 13:00:00+00:00,MISO_MINN_HUB,73132,9841,6931,56360,101249.75,74316.938227982,75935.77320475642,78606.45452560169,54525.9946527,55926.35582768812,58587.43887997876,2025-10-01T13:00:00Z,causal-ridge-shortlag-v2,True
2025-10-01 13:00:00+00:00,SPP_NORTH_HUB,31387,16054,224,15109,46366.75,32227.59890679366,33280.40924144768,34436.48127580061,16947.65487050789,18742.70618257496,20319.01094923266,2025-10-01T13:00:00Z,causal-ridge-shortlag-v2,True
2025-10-01 14:00:00+00:00,CAISO_NP15,25130,2574,24,22532,33983.0,26745.529928763848,28020.623744057128,28719.188416408902,21620.21295850572,19402.250868347222,16811.022154300867,2025-10-01T14:00:00Z,causal-ridge-shortlag-v2,True
2025-10-01 14:00:00+00:00,ISONE_NEMA,9221,726,759,7736,18007.25,8917.635212934618,9038.016509178267,9626.798373574473,7391.66787444814,7536.083424771558,8200.387139244105,2025-10-01T14:00:00Z,causal-ridge-shortlag-v2,True
2025-10-01 14:00:00+00:00,MISO_MINN_HUB,74920,7115,10517,57288,101249.75,77500.80573602908,80086.20571654644,83003.18481654437,60009.72144261185,64377.6181627205,66946.51220134221,2025-10-01T14:00:00Z,causal-ridge-shortlag-v2,True
2025-10-01 14:00:00+00:00,SPP_NORTH_HUB,32429,14116,546,17767,46366.75,33626.9596953547,34912.90341100506,36147.638985813806,20061.66733303012,21861.692207984448,23308.107115007995,2025-10-01T14:00:00Z,causal-ridge-shortlag-v2,True
2025-10-01 15:00:00+00:00,CAISO_NP15,26573,1973,4109,20491,33983.0,27789.19926444645,28457.404678855968,28659.68778728293,17065.000182561176,15525.462932824012,13591.06599784112,2025-10-01T15:00:00Z,causal-ridge-shortlag-v2,True
2025-10-01 15:00:00+00:00,ISONE_NEMA,8796,789,806,7201,18007.25,8768.89640633389,9188.1871462084,10020.163621270913,7154.659990443281,7625.5392471159375,8557.443744178105,2025-10-01T15:00:00Z,causal-ridge-shortlag-v2,True
2025-10-01 15:00:00+00:00,MISO_MINN_HUB,77244,6082,11483,59679,101249.75,79937.05229354442,82553.46682640712,84483.81098284021,62820.58606073142,64447.58444762467,66809.22361340592,2025-10-01T15:00:00Z,causal-ridge-shortlag-v2,True
2025-10-01 15:00:00+00:00,SPP_NORTH_HUB,34002,13519,686,19797,46366.75,35495.65625872918,36841.429166534486,37965.23945300405,21527.717268823395,23063.393797041324,24309.81999766775,2025-10-01T15:00:00Z,causal-ridge-shortlag-v2,True
2025-10-01 16:00:00+00:00,CAISO_NP15,29171,1567,12457,15147,33983.0,30287.940597767996,30297.521049019862,29999.16560546072,11505.251993329,11202.501570754224,10904.197955853164,2025-10-01T16:00:00Z,causal-ridge-shortlag-v2,True
2025-10-01 16:00:00+00:00,ISONE_NEMA,9097,873,806,7418,18007.25,9718.564218103547,10513.176324581123,11448.960353002269,8068.905919049826,8954.205978233254,10004.825982490898,2025-10-01T16:00:00Z,causal-ridge-shortlag-v2,True
2025-10-01 16:00:00+00:00,MISO_MINN_HUB,80294,6982,11905,61407,101249.75,83066.08326251424,85381.7250934065,87202.52632298405,63924.00561013937,66312.72875719615,69081.79385666223,2025-10-01T16:00:00Z,causal-ridge-shortlag-v2,True
2025-10-01 16:00:00+00:00,SPP_NORTH_HUB,35788,13322,728,21738,46366.75,37251.335512673664,38440.21753414249,39297.11566693722,23294.532130457053,24661.797884709584,25608.00390631122,2025-10-01T16:00:00Z,causal-ridge-shortlag-v2,True
2025-10-01 17:00:00+00:00,CAISO_NP15,31102,1336,16052,13714,33983.0,31354.716652401417,31088.499690669072,30431.539020484342,13269.964988068594,12563.319589951412,12128.744416674,2025-10-01T17:00:00Z,causal-ridge-shortlag-v2,True
2025-10-01 17:00:00+00:00,ISONE_NEMA,9320,925,782,7613,18007.25,9755.874504655189,10536.24646713001,11522.817448928789,8091.874264713385,8964.171423352202,10077.338272849644,2025-10-01T17:00:00Z,causal-ridge-shortlag-v2,True
2025-10-01 17:00:00+00:00,MISO_MINN_HUB,83799,8344,11506,63949,101249.75,86685.68457968008,88671.98180289562,89923.54163007416,67006.67628977458,70085.9809739024,72325.95640337413,2025-10-01T17:00:00Z,causal-ridge-shortlag-v2,True
2025-10-01 17:00:00+00:00,SPP_NORTH_HUB,37700,12495,815,24390,46366.75,39164.27434811742,40224.47453612303,40824.61698016763,26204.02080094705,27359.37018534348,27856.75958009536,2025-10-01T17:00:00Z,causal-ridge-shortlag-v2,True
2025-10-01 18:00:00+00:00,CAISO_NP15,30899,981,16933,12985,33983.0,30288.80562823017,29626.258016300584,28884.0600257325,12377.612909185476,12592.676541134171,12650.33027721572,2025-10-01T18:00:00Z,causal-ridge-shortlag-v2,True
2025-10-01 18:00:00+00:00,ISONE_NEMA,9655,903,756,7996,18007.25,10371.236027393574,11307.872918779787,12178.523386138631,8799.72457429641,9858.562710084552,10862.804271614394,2025-10-01T18:00:00Z,causal-ridge-shortlag-v2,True
2025-10-01 18:00:00+00:00,MISO_MINN_HUB,86886,8627,11576,66683,101249.75,89111.4888649175,90423.42312764889,90630.9132318098,69438.76360342964,71371.39529479347,73014.64357274564,2025-10-01T18:00:00Z,causal-ridge-shortlag-v2,True
2025-10-01 18:00:00+00:00,SPP_NORTH_HUB,39601,12227,818,26556,46366.75,40893.843894071135,41641.01034406839,41847.60670946457,27811.427199087717,28370.257513712644,28264.50156958329,2025-10-01T18:00:00Z,causal-ridge-shortlag-v2,True
2025-10-01 19:00:00+00:00,CAISO_NP15,30295,699,17261,12335,33983.0,29925.857604840043,29528.55344845767,29384.566848081984,12466.248332553372,13515.260958666277,14749.357985475166,2025-10-01T19:00:00Z,causal-ridge-shortlag-v2,True
2025-10-01 19:00:00+00:00,ISONE_NEMA,9753,868,638,8247,18007.25,10212.97179950718,10921.34798575834,11592.928231769658,8823.499918070322,9660.736617175662,10472.809934855408,2025-10-01T19:00:00Z,causal-ridge-shortlag-v2,True
2025-10-01 19:00:00+00:00,MISO_MINN_HUB,89177,8985,11059,69133,101249.75,90505.02484314288,90925.44330575565,90314.75920270412,71317.75319995427,72840.69292704984,73807.46369695132,2025-10-01T19:00:00Z,causal-ridge-shortlag-v2,True
2025-10-01 19:00:00+00:00,SPP_NORTH_HUB,41017,12805,821,27391,46366.75,41794.21107175963,42034.25211790074,41774.15724310245,27730.258807330167,27595.3874683407,26886.17752423992,2025-10-01T19:00:00Z,causal-ridge-shortlag-v2,True
2025-10-01 20:00:00+00:00,CAISO_NP15,29519,638,17412,11469,33983.0,29127.825366755103,28913.69301925108,29063.89551855045,11838.72736987408,13661.852954884142,15828.924708562075,2025-10-01T20:00:00Z,causal-ridge-shortlag-v2,True
2025-10-01 20:00:00+00:00,ISONE_NEMA,11252,996,462,9794,18007.25,12790.334315230482,13677.893085629004,13924.37030987581,11469.598923346482,12497.183719535918,12835.944269493551,2025-10-01T20:00:00Z,causal-ridge-shortlag-v2,True
2025-10-01 20:00:00+00:00,MISO_MINN_HUB,90826,9313,10953,70560,101249.75,91332.31446338036,90916.582196786,89616.19823051343,71913.67125908493,72910.42505013774,73357.94793811537,2025-10-01T20:00:00Z,causal-ridge-shortlag-v2,True
2025-10-01 20:00:00+00:00,SPP_NORTH_HUB,42040,12952,793,28295,46366.75,42398.929186186375,42221.93013777971,41544.02038170464,28457.22297635555,27870.786525183503,26667.474202429705,2025-10-01T20:00:00Z,causal-ridge-shortlag-v2,True
2025-10-01 21:00:00+00:00,CAISO_NP15,29328,747,17204,11377,33983.0,29309.007146764663,29228.759272088195,29373.75568591344,12553.225141259976,14813.47858083914,17301.828557027915,2025-10-01T21:00:00Z,causal-ridge-shortlag-v2,True
2025-10-01 21:00:00+00:00,ISONE_NEMA,13019,990,185,11844,18007.25,14274.84536072424,14795.779044379433,14627.928905990677,13309.95606834417,13933.231238876224,13809.330453050326,2025-10-01T21:00:00Z,causal-ridge-shortlag-v2,True
2025-10-01 21:00:00+00:00,MISO_MINN_HUB,91618,10226,9515,71877,101249.75,91305.73601422927,90065.5454149005,87933.66717422598,72921.76869463702,73226.98929773332,72416.01392755705,2025-10-01T21:00:00Z,causal-ridge-shortlag-v2,True
2025-10-01 21:00:00+00:00,SPP_NORTH_HUB,42509,12915,799,28795,46366.75,42386.47007720731,41780.0224206769,40753.35994487641,28471.09376540563,27419.024872664115,25837.001791773157,2025-10-01T21:00:00Z,causal-ridge-shortlag-v2,True
2025-10-01 22:00:00+00:00,CAISO_NP15,29674,927,16958,11789,33983.0,29717.92345264141,29669.281821711556,29708.53425886548,13408.454285053202,16068.009070877168,18711.383628730087,2025-10-01T22:00:00Z,causal-ridge-shortlag-v2,True
2025-10-01 22:00:00+00:00,ISONE_NEMA,13763,941,17,12805,18007.25,13890.21427330164,13613.196133229265,12948.45439131279,13022.399660042234,12779.887811618224,12132.183717478289,2025-10-01T22:00:00Z,causal-ridge-shortlag-v2,True
2025-10-01 22:00:00+00:00,MISO_MINN_HUB,91080,10364,4783,75933,101249.75,90013.6423146652,87820.31836805475,84217.31450153563,77828.63304835976,76714.41296105122,72811.9089815437,2025-10-01T22:00:00Z,causal-ridge-shortlag-v2,True
2025-10-01 22:00:00+00:00,SPP_NORTH_HUB,42092,13384,667,28041,46366.75,41264.88812463448,40095.77781510198,38676.42409645344,26876.46202782999,25256.108711910725,23318.47356546729,2025-10-01T22:00:00Z,causal-ridge-shortlag-v2,True
2025-10-01 23:00:00+00:00,CAISO_NP15,29953,1169,16292,12492,33983.0,29973.39079947019,29892.72290677488,29847.17568769153,14653.833213080245,17442.97734770422,20139.478735806635,2025-10-01T23:00:00Z,causal-ridge-shortlag-v2,True
2025-10-01 23:00:00+00:00,ISONE_NEMA,13733,976,7,12750,18007.25,13249.37645864362,12527.236640740955,11652.137645842617,12262.525738972708,11561.248596926192,10712.160272889883,2025-10-01T23:00:00Z,causal-ridge-shortlag-v2,True
2025-10-01 23:00:00+00:00,MISO_MINN_HUB,88919,9498,610,78811,101249.75,86096.0307460532,82416.44299799585,77476.50630371399,78097.09841331873,73723.87167052228,68721.80050857029,2025-10-01T23:00:00Z,causal-ridge-shortlag-v2,True
2025-10-01 23:00:00+00:00,SPP_NORTH_HUB,40871,12718,282,27871,46366.75,39352.11685981054,37616.974493745765,35767.14516541256,26786.35021752813,24943.507044834747,22816.524336963987,2025-10-01T23:00:00Z,causal-ridge-shortlag-v2,True
2025-10-02 00:00:00+00:00,CAISO_NP15,30119,1325,14580,14214,33983.0,30103.124713758647,29909.345114573007,29675.70937083437,17105.238644812405,19494.28842041593,21794.109639426475,2025-10-02T00:00:00Z,causal-ridge-shortlag-v2,True
2025-10-02 00:00:00+00:00,ISONE_NEMA,13172,1009,5,12158,18007.25,12323.060763990145,11413.722436121836,10551.883495738835,11310.33670234502,10416.084896524895,9578.026781174218,2025-10-02T00:00:00Z,causal-ridge-shortlag-v2,True
2025-10-02 00:00:00+00:00,MISO_MINN_HUB,87272,10689,2,76581,101249.75,84014.12412501335,79689.47892859003,75344.67213620078,72441.83674318,68133.41515544521,64109.49649353196,2025-10-02T00:00:00Z,causal-ridge-shortlag-v2,True
2025-10-02 00:00:00+00:00,SPP_NORTH_HUB,39361,14069,10,25282,46366.75,37623.15057451603,35635.09639904859,33623.0828584186,22585.2542155628,20020.756204243837,17774.542382399337,2025-10-02T00:00:00Z,causal-ridge-shortlag-v2,True
2025-10-02 01:00:00+00:00,CAISO_NP15,30285,1351,6997,21937,33983.0,30374.96666318373,30452.308539608774,30147.07965213604,26938.103029610604,27212.55296872476,27240.771385353248,2025-10-02T01:00:00Z,causal-ridge-shortlag-v2,True
2025-10-02 01:00:00+00:00,ISONE_NEMA,12378,1000,3,11375,18007.25,11511.808727342355,10670.075005634826,9934.872020648105,10522.70851316734,9694.905640877982,8975.237250842967,2025-10-02T01:00:00Z,causal-ridge-shortlag-v2,True
2025-10-02 01:00:00+00:00,MISO_MINN_HUB,83907,13030,2,70875,101249.75,79228.523153687,74469.03753845922,70211.29897900487,64894.366194134185,60186.02674947894,56692.95078055711,2025-10-02T01:00:00Z,causal-ridge-shortlag-v2,True
2025-10-02 01:00:00+00:00,SPP_NORTH_HUB,37903,16316,0,21587,46366.75,36166.70310099614,34279.17897740457,32434.86577573179,18422.118235754308,15956.696381506526,14070.87602387258,2025-10-02T01:00:00Z,causal-ridge-shortlag-v2,True
2025-10-02 02:00:00+00:00,CAISO_NP15,31123,1646,607,28870,33983.0,31529.30372671177,31284.482743598357,30384.65793519009,30860.661492086343,30417.74239630072,29161.57534308143,2025-10-02T02:00:00Z,causal-ridge-shortlag-v2,True
2025-10-02 02:00:00+00:00,ISONE_NEMA,11371,965,2,10404,18007.25,10462.297463305038,9777.714129916596,9327.094399802516,9523.781700304193,8863.504892385907,8437.290247016048,2025-10-02T02:00:00Z,causal-ridge-shortlag-v2,True
2025-10-02 02:00:00+00:00,MISO_MINN_HUB,79425,14672,2,64751,101249.75,74702.88888152399,70431.25076678015,66980.98553116026,59414.19646477098,55341.44275116157,52142.66264715353,2025-10-02T02:00:00Z,causal-ridge-shortlag-v2,True
2025-10-02 02:00:00+00:00,SPP_NORTH_HUB,36040,17299,0,18741,46366.75,34181.497615943044,32458.390710608663,30960.11988393161,16405.098993431515,14460.875825345378,12981.897333123998,2025-10-02T02:00:00Z,causal-ridge-shortlag-v2,True
2025-10-02 03:00:00+00:00,CAISO_NP15,30832,1929,0,28903,33983.0,30415.757163120004,29644.861871145287,28626.80027305777,27253.25927577335,26754.829554954027,25952.973845583216,2025-10-02T03:00:00Z,causal-ridge-shortlag-v2,True
2025-10-02 03:00:00+00:00,ISONE_NEMA,10699,905,2,9792,18007.25,10272.9032341571,9959.65196041333,9719.781145412991,9425.394803273995,9151.188751439982,8926.954520222203,2025-10-02T03:00:00Z,causal-ridge-shortlag-v2,True
2025-10-02 03:00:00+00:00,MISO_MINN_HUB,74912,15069,2,59841,101249.75,70855.73333287553,67593.30693216457,65120.08976530972,56116.63435356336,52925.36252909881,50781.96060833221,2025-10-02T03:00:00Z,causal-ridge-shortlag-v2,True
2025-10-02 03:00:00+00:00,SPP_NORTH_HUB,33819,17483,0,16336,46366.75,31903.678784666132,30374.631914323123,29286.543774242637,14413.56985061575,12968.68018296552,12061.568032702937,2025-10-02T03:00:00Z,causal-ridge-shortlag-v2,True
2025-10-02 04:00:00+00:00,CAISO_NP15,29624,2148,0,27476,33983.0,28629.77614016661,27538.073710415832,26434.799336764707,26341.24284250122,24985.82510765011,23978.096710010297,2025-10-02T04:00:00Z,causal-ridge-shortlag-v2,True
2025-10-02 04:00:00+00:00,ISONE_NEMA,10093,855,2,9236,18007.25,9591.647047995815,9287.458265556686,9234.318460055025,8767.490269715396,8486.530784837747,8449.89201372368,2025-10-02T04:00:00Z,causal-ridge-shortlag-v2,True
2025-10-02 04:00:00+00:00,MISO_MINN_HUB,70453,15181,2,55270,101249.75,66824.3120834873,64501.92784151068,63113.330993452575,52104.09473049131,49626.73861084804,49148.11466108386,2025-10-02T04:00:00Z,causal-ridge-shortlag-v2,True
2025-10-02 04:00:00+00:00,SPP_NORTH_HUB,31645,16752,0,14893,46366.75,29944.5049158681,28772.146480719675,28125.67317234472,13724.55088047946,12912.808387167015,12622.159005382831,2025-10-02T04:00:00Z,causal-ridge-shortlag-v2,True
2025-10-02 05:00:00+00:00,CAISO_NP15,28832,2194,0,26638,33983.0,27687.3777816731,26279.38476966808,24880.06660365869,25386.972132208542,24263.984260437144,23213.869015561064,2025-10-02T05:00:00Z,causal-ridge-shortlag-v2,True
2025-10-02 05:00:00+00:00,ISONE_NEMA,9730,769,2,8959,18007.25,9581.84359301232,9568.78317379827,9636.21049876314,8858.986262121776,8868.132935700838,8935.158116681338,2025-10-02T05:00:00Z,causal-ridge-shortlag-v2,True
2025-10-02 05:00:00+00:00,MISO_MINN_HUB,67306,14858,3,52445,101249.75,65332.03980542407,64490.42132455541,64739.33109859435,51252.44308724247,51213.33116100602,51708.15878964796,2025-10-02T05:00:00Z,causal-ridge-shortlag-v2,True
2025-10-02 05:00:00+00:00,SPP_NORTH_HUB,30113,16804,0,13309,46366.75,29058.42185864196,28490.37212935948,28406.622823797843,12278.256738929029,11900.4062277299,12202.860967230548,2025-10-02T05:00:00Z,causal-ridge-shortlag-v2,True
2025-10-02 06:00:00+00:00,CAISO_NP15,27397,1976,0,25421,33983.0,26072.246925113603,24926.92335924905,23968.71500437204,24180.107321502157,23359.29023370403,22595.099104391164,2025-10-02T06:00:00Z,causal-ridge-shortlag-v2,True
2025-10-02 06:00:00+00:00,ISONE_NEMA,9503,692,2,8809,18007.25,9433.74852981405,9464.632461638654,9566.653367631725,8765.924165018958,8796.561338767035,8879.93153383309,2025-10-02T06:00:00Z,causal-ridge-shortlag-v2,True
2025-10-02 06:00:00+00:00,MISO_MINN_HUB,65024,14612,3,50409,101249.75,63903.8637488335,64087.01649209104,65156.655060880206,49769.42524431851,49726.43026263196,51009.64723428743,2025-10-02T06:00:00Z,causal-ridge-shortlag-v2,True
2025-10-02 06:00:00+00:00,SPP_NORTH_HUB,28992,15993,0,12999,46366.75,28398.96683717221,28334.83088550691,28722.105321095,13069.537836691145,13543.194308086637,14477.09412308628,2025-10-02T06:00:00Z,causal-ridge-shortlag-v2,True
2025-10-02 07:00:00+00:00,CAISO_NP15,25730,1746,0,23984,33983.0,24583.22642015037,23865.30483741326,23556.329203539502,23095.48707262833,22504.434374692624,21969.85630510841,2025-10-02T07:00:00Z,causal-ridge-shortlag-v2,True
2025-10-02 07:00:00+00:00,ISONE_NEMA,9660,711,2,8947,18007.25,9855.23305908296,9979.521365482608,10066.219523868289,9131.997712417997,9232.26447660658,9273.140629210917,2025-10-02T07:00:00Z,causal-ridge-shortlag-v2,True
2025-10-02 07:00:00+00:00,MISO_MINN_HUB,63478,14397,3,49078,101249.75,63224.069535361006,64291.35473389991,66370.81743650995,49020.4328663322,49987.2199679817,51779.7972912042,2025-10-02T07:00:00Z,causal-ridge-shortlag-v2,True
2025-10-02 07:00:00+00:00,SPP_NORTH_HUB,28257,15459,0,12798,46366.75,28123.14202911117,28523.465530869176,29377.55069021134,13163.546903413437,14054.561909451084,15407.338117115083,2025-10-02T07:00:00Z,causal-ridge-shortlag-v2,True
2025-10-02 08:00:00+00:00,CAISO_NP15,25015,1664,0,23351,33983.0,24544.692236912088,24337.418191647303,24481.784922332896,23082.039068644157,22508.664605452068,22042.7175156742,2025-10-02T08:00:00Z,causal-ridge-shortlag-v2,True
2025-10-02 08:00:00+00:00,ISONE_NEMA,9953,680,2,9271,18007.25,10203.234955231346,10370.730252973906,10443.28589673756,9519.888229746728,9643.155947331325,9648.179267512078,2025-10-02T08:00:00Z,causal-ridge-shortlag-v2,True
2025-10-02 08:00:00+00:00,MISO_MINN_HUB,62811,13263,2,49546,101249.75,63620.42991005603,65552.46689182105,68303.14721915996,50813.32031840948,52797.97004729397,54719.16208921964,2025-10-02T08:00:00Z,causal-ridge-shortlag-v2,True
2025-10-02 08:00:00+00:00,SPP_NORTH_HUB,27846,15119,0,12727,46366.75,28025.248476565903,28744.77010338116,29899.958031636957,13392.395185032135,14663.902513770365,16351.35144243769,2025-10-02T08:00:00Z,causal-ridge-shortlag-v2,True
2025-10-02 09:00:00+00:00,CAISO_NP15,23924,1787,0,22137,33983.0,23539.103843509663,23723.14634449981,24272.52305423478,21588.758776352846,21001.196456504626,20498.61568595215,2025-10-02T09:00:00Z,causal-ridge-shortlag-v2,True
2025-10-02 09:00:00+00:00,ISONE_NEMA,10287,614,2,9671,18007.25,10570.458626946192,10667.989547593654,10568.236527949624,9939.723812980696,9970.955697876669,9782.298649353928,2025-10-02T09:00:00Z,causal-ridge-shortlag-v2,True
2025-10-02 09:00:00+00:00,MISO_MINN_HUB,63285,12173,2,51110,101249.75,65019.66393604653,67540.12974416191,70550.91002950877,52879.48075334708,54736.31833019448,56566.41786072006,2025-10-02T09:00:00Z,causal-ridge-shortlag-v2,True
2025-10-02 09:00:00+00:00,SPP_NORTH_HUB,27840,15161,0,12679,46366.75,28392.875975330586,29422.61147991174,30821.179882848875,13531.295079007185,15044.891659708552,16957.852121005846,2025-10-02T09:00:00Z,causal-ridge-shortlag-v2,True
2025-10-02 10:00:00+00:00,CAISO_NP15,23587,1944,0,21643,33983.0,23842.892889389,24426.822409551423,25279.667990705308,21619.68706152876,20727.57296153765,19929.09329844664,2025-10-02T10:00:00Z,causal-ridge-shortlag-v2,True
2025-10-02 10:00:00+00:00,ISONE_NEMA,11434,520,3,10911,18007.25,12343.823410026833,12499.753142003805,12073.391838072675,11836.38129750692,11929.941712125305,11390.462799210512,2025-10-02T10:00:00Z,causal-ridge-shortlag-v2,True
2025-10-02 10:00:00+00:00,MISO_MINN_HUB,65913,10996,1,54916,101249.75,69345.01671046074,72627.61482864537,75915.47209527303,58236.99413299077,61123.509931180015,62458.124495058,2025-10-02T10:00:00Z,causal-ridge-shortlag-v2,True
2025-10-02 10:00:00+00:00,SPP_NORTH_HUB,28653,15494,0,13159,46366.75,29777.61823861456,31160.155073665734,32715.15933991297,14341.291592893414,16126.636423862714,18232.16118594081,2025-10-02T10:00:00Z,causal-ridge-shortlag-v2,True
2025-10-02 11:00:00+00:00,CAISO_NP15,23127,1826,0,21301,33983.0,23400.299114222114,24256.43533554794,25332.79877038733,20883.797952149354,19790.54854848532,18726.85878022943,2025-10-02T11:00:00Z,causal-ridge-shortlag-v2,True
2025-10-02 11:00:00+00:00,ISONE_NEMA,11950,438,99,11413,18007.25,11795.287416707994,11328.243372031451,10875.237904073643,11182.301029618351,10610.70539141164,10068.240846726088,2025-10-02T11:00:00Z,causal-ridge-shortlag-v2,True
2025-10-02 11:00:00+00:00,MISO_MINN_HUB,69894,10557,1,59336,101249.75,73833.17397724789,77094.07346904722,79659.29857672717,62295.89182524746,63543.613050287706,64022.65641111891,2025-10-02T11:00:00Z,causal-ridge-shortlag-v2,True
2025-10-02 11:00:00+00:00,SPP_NORTH_HUB,30462,14878,0,15584,46366.75,32251.0378395822,33952.149308199165,35501.737897817424,17849.21487313909,20104.007196922423,22303.952201448046,2025-10-02T11:00:00Z,causal-ridge-shortlag-v2,True
2025-10-02 12:00:00+00:00,CAISO_NP15,22917,1854,0,21063,33983.0,23463.255124207448,24593.384726346427,25903.3284847612,20367.52896676372,19054.255826822096,17751.752324768702,2025-10-02T12:00:00Z,causal-ridge-shortlag-v2,True
2025-10-02 12:00:00+00:00,ISONE_NEMA,11011,354,408,10249,18007.25,9792.833559975945,9072.82297853078,8941.564230546945,8849.64971615208,8031.028051476917,7879.045254837742,2025-10-02T12:00:00Z,causal-ridge-shortlag-v2,True
2025-10-02 12:00:00+00:00,MISO_MINN_HUB,71720,10420,1187,60113,101249.75,73261.76971508507,75086.43445449517,76627.67329176905,59389.27515927127,58148.10782005589,58729.37594757998,2025-10-02T12:00:00Z,causal-ridge-shortlag-v2,True
2025-10-02 12:00:00+00:00,SPP_NORTH_HUB,31535,14285,10,17240,46366.75,32738.204835627675,34009.21935337076,35304.178925790475,19127.118345229395,21136.994526538478,22972.049992664724,2025-10-02T12:00:00Z,causal-ridge-shortlag-v2,True
2025-10-02 13:00:00+00:00,CAISO_NP15,23598,1385,0,22213,33983.0,24801.512989595685,26197.96751008219,27469.54446158144,21777.186944720564,19845.97097250345,18027.75056302524,2025-10-02T13:00:00Z,causal-ridge-shortlag-v2,True
2025-10-02 13:00:00+00:00,ISONE_NEMA,10277,276,685,9316,18007.25,9892.155507703212,9832.366802753411,10037.45320975193,8841.840164146364,8766.337140925847,8992.682862952308,2025-10-02T13:00:00Z,causal-ridge-shortlag-v2,True
2025-10-02 13:00:00+00:00,MISO_MINN_HUB,72712,8703,7255,56754,101249.75,73667.36737820097,75270.69827373877,77961.09561645087,54702.96843252516,55928.16718732691,58453.35188865794,2025-10-02T13:00:00Z,causal-ridge-shortlag-v2,True
2025-10-02 13:00:00+00:00,SPP_NORTH_HUB,32077,12822,199,19056,46366.75,32922.77343405956,34007.15531386592,35212.438943115325,21049.605693047124,22852.333868481182,24353.81730167391,2025-10-02T13:00:00Z,causal-ridge-shortlag-v2,True
2025-10-02 14:00:00+00:00,CAISO_NP15,25245,751,18,24476,33983.0,26857.57878382355,28231.966625002828,29098.684425615054,23595.949150166496,20962.641794062663,18334.569969480028,2025-10-02T14:00:00Z,causal-ridge-shortlag-v2,True
2025-10-02 14:00:00+00:00,ISONE_NEMA,9411,254,824,8333,18007.25,8879.935739583598,8921.947693582886,9533.953005578724,7749.176564606075,7798.697622305636,8475.648135562478,2025-10-02T14:00:00Z,causal-ridge-shortlag-v2,True
2025-10-02 14:00:00+00:00,MISO_MINN_HUB,74817,5238,11624,57955,101249.75,77651.96865153195,80534.7929628009,83877.84372968262,61217.8789413644,66348.14771960695,68951.20202199201,2025-10-02T14:00:00Z,causal-ridge-shortlag-v2,True
2025-10-02 14:00:00+00:00,SPP_NORTH_HUB,33144,9590,570,22984,46366.75,34415.69553068905,35792.16343204836,37097.97050077473,25912.720810837814,27921.756298922275,29368.67749365276,2025-10-02T14:00:00Z,causal-ridge-shortlag-v2,True
2025-10-02 15:00:00+00:00,CAISO_NP15,26441,532,4097,21812,33983.0,27663.560089798924,28431.045880556605,28800.25069741971,18117.01179443897,16282.15715767012,14529.54431883695,2025-10-02T15:00:00Z,causal-ridge-shortlag-v2,True
2025-10-02 15:00:00+00:00,ISONE_NEMA,8913,233,866,7814,18007.25,8984.273524374705,9537.690295707203,10422.994858521017,7907.101127049291,8529.074521408347,9513.146368643032,2025-10-02T15:00:00Z,causal-ridge-shortlag-v2,True
2025-10-02 15:00:00+00:00,MISO_MINN_HUB,77224,4894,12556,59774,101249.75,79731.31397667456,82423.2054032263,84472.62482786526,62563.3670340692,63871.79594457695,66515.86279134234,2025-10-02T15:00:00Z,causal-ridge-shortlag-v2,True
2025-10-02 15:00:00+00:00,SPP_NORTH_HUB,34862,8733,670,25459,46366.75,36498.775726141335,37937.50978726461,39119.049206303935,27255.063436011184,28709.010093638084,29821.925252114117,2025-10-02T15:00:00Z,causal-ridge-shortlag-v2,True
2025-10-02 16:00:00+00:00,CAISO_NP15,27975,489,12231,15255,33983.0,29009.21514073717,29134.341071159317,29104.57515885949,11500.8744988984,10887.7781856144,10970.091110206236,2025-10-02T16:00:00Z,causal-ridge-shortlag-v2,True
2025-10-02 16:00:00+00:00,ISONE_NEMA,8713,179,867,7667,18007.25,9041.953678037757,9791.615240567146,10807.350239552185,8061.779298869418,8910.748413464624,10050.384088735664,2025-10-02T16:00:00Z,causal-ridge-shortlag-v2,True
2025-10-02 16:00:00+00:00,MISO_MINN_HUB,80994,6127,12222,62645,101249.75,84352.5385696916,87107.17206830543,89412.00952587358,66260.49259797265,69882.96579510988,72644.66784300402,2025-10-02T16:00:00Z,causal-ridge-shortlag-v2,True
2025-10-02 16:00:00+00:00,SPP_NORTH_HUB,36823,8924,788,27111,46366.75,38488.56740392886,39846.39845914715,40818.3825766041,28499.270054082463,29635.50264863649,30327.608081952385,2025-10-02T16:00:00Z,causal-ridge-shortlag-v2,True
2025-10-02 17:00:00+00:00,CAISO_NP15,29670,654,15170,13846,33983.0,30162.25267243588,30060.56595552244,29652.194460691324,13847.36072507064,12877.855839488104,12745.767973123806,2025-10-02T17:00:00Z,causal-ridge-shortlag-v2,True
2025-10-02 17:00:00+00:00,ISONE_NEMA,8821,138,868,7815,18007.25,9374.645533259967,10295.77690537557,11399.170301253527,8450.725090969252,9494.92803608964,10737.814307839322,2025-10-02T17:00:00Z,causal-ridge-shortlag-v2,True
2025-10-02 17:00:00+00:00,MISO_MINN_HUB,84923,7546,11584,65793,101249.75,87877.3108322725,90053.48204957979,91274.04899917396,68997.438401009,71377.22936629677,73432.08728790189,2025-10-02T17:00:00Z,causal-ridge-shortlag-v2,True
2025-10-02 17:00:00+00:00,SPP_NORTH_HUB,38907,8785,848,29274,46366.75,40572.17463454423,41790.854920114754,42483.42767599245,30829.04239259255,31677.963053134896,31865.364990838287,2025-10-02T17:00:00Z,causal-ridge-shortlag-v2,True
2025-10-02 18:00:00+00:00,CAISO_NP15,29641,534,16095,13012,33983.0,29338.2061532425,28863.561350007218,28268.543953926623,12448.277140688262,12693.296439073963,13074.68203249979,2025-10-02T18:00:00Z,causal-ridge-shortlag-v2,True
2025-10-02 18:00:00+00:00,ISONE_NEMA,9232,105,822,8305,18007.25,10020.8463294402,11078.46162437403,12166.087009309656,9207.966936585251,10402.68013811694,11628.941977117443,2025-10-02T18:00:00Z,causal-ridge-shortlag-v2,True
2025-10-02 18:00:00+00:00,MISO_MINN_HUB,88710,8386,11280,69044,101249.75,91241.6212604882,92739.013858184,93217.43050957812,71982.12140805523,74091.53770947608,75253.66502990082,2025-10-02T18:00:00Z,causal-ridge-shortlag-v2,True
2025-10-02 18:00:00+00:00,SPP_NORTH_HUB,40975,8135,834,32006,46366.75,42440.307045599686,43288.86838049907,43499.01689391583,33513.37673659524,33977.94632081761,33624.144728281986,2025-10-02T18:00:00Z,causal-ridge-shortlag-v2,True
2025-10-02 19:00:00+00:00,CAISO_NP15,29568,556,16494,12518,33983.0,29383.953817723806,29181.928359928723,29183.340760828924,12802.44432729526,13864.58599532923,15204.18949586798,2025-10-02T19:00:00Z,causal-ridge-shortlag-v2,True
2025-10-02 19:00:00+00:00,ISONE_NEMA,9699,81,674,8944,18007.25,10497.997217662867,11555.11396942788,12539.201328629302,9887.977427710304,11080.187620292676,12185.89228729548,2025-10-02T19:00:00Z,causal-ridge-shortlag-v2,True
2025-10-02 19:00:00+00:00,MISO_MINN_HUB,91337,8211,11157,71969,101249.75,92649.5197585366,93112.568279141,92518.0720095492,74218.64526570184,75465.44739043896,75942.95110104994,2025-10-02T19:00:00Z,causal-ridge-shortlag-v2,True
2025-10-02 19:00:00+00:00,SPP_NORTH_HUB,42503,7574,836,34093,46366.75,43366.32980350609,43606.4348806847,43258.1492758027,34896.17858391287,34728.94024279727,33749.773433234295,2025-10-02T19:00:00Z,causal-ridge-shortlag-v2,True
2025-10-02 20:00:00+00:00,CAISO_NP15,29091,697,16233,12161,33983.0,28744.08344967951,28717.92680797999,29006.98237375738,12778.8143629573,14431.807465466149,16571.611283893806,2025-10-02T20:00:00Z,causal-ridge-shortlag-v2,True
2025-10-02 20:00:00+00:00,ISONE_NEMA,11228,52,420,10756,18007.25,12910.453854806565,14032.589469134638,14445.2078642684,12639.892061306493,13896.384728453306,14375.164759899875,2025-10-02T20:00:00Z,causal-ridge-shortlag-v2,True
2025-10-02 20:00:00+00:00,MISO_MINN_HUB,93304,7635,10636,75033,101249.75,93975.7623459254,93655.36077721932,92396.86907854684,77231.4634316517,78652.67753078332,78577.3304118586,2025-10-02T20:00:00Z,causal-ridge-shortlag-v2,True
2025-10-02 20:00:00+00:00,SPP_NORTH_HUB,43588,7520,799,35269,46366.75,43960.78945533722,43682.85435229256,42827.49071817013,35284.42319288102,34365.11157765055,32734.70568382228,2025-10-02T20:00:00Z,causal-ridge-shortlag-v2,True
2025-10-02 21:00:00+00:00,CAISO_NP15,29564,927,15939,12698,33983.0,29656.42728078586,29764.61651639561,30055.34805154215,14070.331779671618,16123.77286768172,18623.52486079445,2025-10-02T21:00:00Z,causal-ridge-shortlag-v2,True
2025-10-02 21:00:00+00:00,ISONE_NEMA,12825,56,136,12633,18007.25,13988.133403369233,14481.532600685649,14343.061717331151,13956.676343903237,14515.730690425931,14386.707651725825,2025-10-02T21:00:00Z,causal-ridge-shortlag-v2,True
2025-10-02 21:00:00+00:00,MISO_MINN_HUB,93997,6785,9686,77526,101249.75,93394.10394377282,92029.52732281107,89715.53225424334,78813.56993282831,78969.27670226234,78190.58945437596,2025-10-02T21:00:00Z,causal-ridge-shortlag-v2,True
2025-10-02 21:00:00+00:00,SPP_NORTH_HUB,44065,7756,789,35520,46366.75,43870.33140484199,43091.74054945697,41818.90261645227,34794.85963970713,33250.12377823954,31127.50747755765,2025-10-02T21:00:00Z,causal-ridge-shortlag-v2,True
2025-10-02 22:00:00+00:00,CAISO_NP15,29811,1559,15164,13088,33983.0,29906.735527351146,29987.853558795203,30127.007420603422,14761.726301474102,16970.389638921504,19687.135813404493,2025-10-02T22:00:00Z,causal-ridge-shortlag-v2,True
2025-10-02 22:00:00+00:00,ISONE_NEMA,13608,62,18,13528,18007.25,13797.925685946468,13587.039327726558,13023.501143917156,13762.02577680656,13556.969138502667,12978.867391616552,2025-10-02T22:00:00Z,causal-ridge-shortlag-v2,True
2025-10-02 22:00:00+00:00,MISO_MINN_HUB,93169,5608,5226,82335,101249.75,91718.06009555836,89306.70500604,85704.83618188497,84298.16617919822,83728.29878418625,80048.30443881647,2025-10-02T22:00:00Z,causal-ridge-shortlag-v2,True
2025-10-02 22:00:00+00:00,SPP_NORTH_HUB,43589,8267,728,34594,46366.75,42625.17684268653,41293.26789033911,39687.78512016687,33044.40755609263,30948.62746537996,28484.505612114768,2025-10-02T22:00:00Z,causal-ridge-shortlag-v2,True
2025-10-02 23:00:00+00:00,CAISO_NP15,29596,1773,13769,14054,33983.0,29596.38045531824,29585.525609069173,29649.989908989563,16505.087322101128,18564.695691381046,21161.57742595863,2025-10-02T23:00:00Z,causal-ridge-shortlag-v2,True
2025-10-02 23:00:00+00:00,ISONE_NEMA,13666,109,8,13549,18007.25,13236.49967002828,12562.18109354838,11764.056189676156,13086.570389913562,12391.77548250171,11575.528424786253,2025-10-02T23:00:00Z,causal-ridge-shortlag-v2,True
2025-10-02 23:00:00+00:00,MISO_MINN_HUB,90900,4372,669,85859,101249.75,87855.73119513223,83948.55128699809,78890.32435800521,85160.65588084288,80855.44623973558,75289.71657619816,2025-10-02T23:00:00Z,causal-ridge-shortlag-v2,True
2025-10-02 23:00:00+00:00,SPP_NORTH_HUB,42129,9111,287,32731,46366.75,40394.83868081622,38434.98726300741,36380.53054755203,30509.988539572783,27804.32465102404,24992.05419454357,2025-10-02T23:00:00Z,causal-ridge-shortlag-v2,True
2025-10-03 00:00:00+00:00,CAISO_NP15,29602,2310,11613,15679,33983.0,29546.616682231936,29316.293477770843,29126.73046831032,18362.172690694413,20187.48063273589,22545.44324966681,2025-10-03T00:00:00Z,causal-ridge-shortlag-v2,True
2025-10-03 00:00:00+00:00,ISONE_NEMA,13130,189,6,12935,18007.25,12279.166323086103,11370.305826597712,10541.400600521813,12030.49373236669,11087.076191160086,10236.009438390576,2025-10-03T00:00:00Z,causal-ridge-shortlag-v2,True
2025-10-03 00:00:00+00:00,MISO_MINN_HUB,89077,5862,7,83208,101249.75,85383.27781320912,80631.696106603,75965.76191441399,78216.62332210767,73080.19601670155,68465.0666478979,2025-10-03T00:00:00Z,causal-ridge-shortlag-v2,True
2025-10-03 00:00:00+00:00,SPP_NORTH_HUB,40598,11811,16,28771,46366.75,38708.44053243399,36572.084347568445,34419.5636264346,25070.81496579108,21820.77812510182,19071.666957862988,2025-10-03T00:00:00Z,causal-ridge-shortlag-v2,True
2025-10-03 01:00:00+00:00,CAISO_NP15,29963,2760,5508,21695,33983.0,30112.128815572447,30152.84198598628,29830.29887025825,26046.22960269579,26232.913228282807,26665.75790163413,2025-10-03T01:00:00Z,causal-ridge-shortlag-v2,True
2025-10-03 01:00:00+00:00,ISONE_NEMA,12350,268,3,12079,18007.25,11474.53669083886,10633.415734745862,9933.50402818563,11158.662096890128,10287.333848393471,9563.680096090186,2025-10-03T01:00:00Z,causal-ridge-shortlag-v2,True
2025-10-03 01:00:00+00:00,MISO_MINN_HUB,85257,8736,8,76513,101249.75,79984.12587676957,74739.24113276457,70227.03599000744,69437.25922781059,64217.11296732535,60343.03311800658,2025-10-03T01:00:00Z,causal-ridge-shortlag-v2,True
2025-10-03 01:00:00+00:00,SPP_NORTH_HUB,39237,14645,2,24590,46366.75,37468.71978629893,35516.07110713033,33576.82840815032,20943.15654701326,18078.97363533735,15864.386612064673,2025-10-03T01:00:00Z,causal-ridge-shortlag-v2,True
2025-10-03 02:00:00+00:00,CAISO_NP15,30580,2589,498,27493,33983.0,30856.87014855428,30498.86010373445,29500.92443230057,29483.66473397847,29007.014156385936,27981.56347601096,2025-10-03T02:00:00Z,causal-ridge-shortlag-v2,True
2025-10-03 02:00:00+00:00,ISONE_NEMA,11398,354,2,11042,18007.25,10473.987322330544,9755.43959082993,9321.577476783375,10074.947702932164,9332.67990047247,8884.394893674566,2025-10-03T02:00:00Z,causal-ridge-shortlag-v2,True
2025-10-03 02:00:00+00:00,MISO_MINN_HUB,80394,10485,8,69901,101249.75,75347.29155098369,70785.85809404061,67177.1085873755,64080.26370645768,59798.36860971712,56099.74858295468,2025-10-03T02:00:00Z,causal-ridge-shortlag-v2,True
2025-10-03 02:00:00+00:00,SPP_NORTH_HUB,37320,16771,0,20549,46366.75,35358.40642519271,33507.564933972324,31893.49625090281,17410.04037809489,15031.720437675482,13282.221503715988,2025-10-03T02:00:00Z,causal-ridge-shortlag-v2,True
2025-10-03 03:00:00+00:00,CAISO_NP15,30297,2931,0,27366,33983.0,29769.924971831693,28797.59409365412,27584.81788158309,25959.358871572837,25678.15158927104,25031.784937597105,2025-10-03T03:00:00Z,causal-ridge-shortlag-v2,True
2025-10-03 03:00:00+00:00,ISONE_NEMA,10478,431,2,10045,18007.25,9761.139531683246,9289.196300621796,9068.86684496109,9295.009871097927,8805.696795668531,8570.709966088547,2025-10-03T03:00:00Z,causal-ridge-shortlag-v2,True
2025-10-03 03:00:00+00:00,MISO_MINN_HUB,75952,11863,7,64082,101249.75,71791.51751287493,68382.12411344753,65827.87471915307,59633.34790876743,55754.79800895175,53236.40957411713,2025-10-03T03:00:00Z,causal-ridge-shortlag-v2,True
2025-10-03 03:00:00+00:00,SPP_NORTH_HUB,35022,18509,0,16513,46366.75,32990.01970246384,31334.70178427232,30129.296453004383,13681.739403204236,11728.612525323491,10514.05871230066,2025-10-03T03:00:00Z,causal-ridge-shortlag-v2,True
2025-10-03 04:00:00+00:00,CAISO_NP15,29321,3218,0,26103,33983.0,28152.3125470404,26956.737753865054,25801.24875683837,25245.806225504064,24296.33547005542,23570.070226264397,2025-10-03T04:00:00Z,causal-ridge-shortlag-v2,True
2025-10-03 04:00:00+00:00,ISONE_NEMA,10055,473,2,9580,18007.25,9833.66435906557,9700.178279954438,9669.579726872753,9358.353143771576,9222.298502701924,9171.539279856786,2025-10-03T04:00:00Z,causal-ridge-shortlag-v2,True
2025-10-03 04:00:00+00:00,MISO_MINN_HUB,71906,12081,7,59818,101249.75,68612.15971476781,66492.99740240989,65280.29048096788,57014.228705773785,54798.96877656924,53959.48280396031,2025-10-03T04:00:00Z,causal-ridge-shortlag-v2,True
2025-10-03 04:00:00+00:00,SPP_NORTH_HUB,32825,18576,0,14249,46366.75,31044.965969784957,29782.1592245283,29031.57184149658,12644.52637528985,11545.148751234668,11063.645714483451,2025-10-03T04:00:00Z,causal-ridge-shortlag-v2,True
2025-10-03 05:00:00+00:00,CAISO_NP15,28789,3515,0,25274,33983.0,27661.35394376909,26240.782961266792,24834.18158881095,24455.83134642444,23673.11853944627,22962.72993500828,2025-10-03T05:00:00Z,causal-ridge-shortlag-v2,True
2025-10-03 05:00:00+00:00,ISONE_NEMA,9766,521,2,9243,18007.25,9561.501887998784,9505.289865029172,9614.457636002116,9020.68977214874,8944.106593110311,9024.836712220946,2025-10-03T05:00:00Z,causal-ridge-shortlag-v2,True
2025-10-03 05:00:00+00:00,MISO_MINN_HUB,68703,12530,7,56166,101249.75,66470.94865704983,65572.26840524886,65733.26006049813,54140.90465901144,52985.12393036048,53300.80374885971,2025-10-03T05:00:00Z,causal-ridge-shortlag-v2,True
2025-10-03 05:00:00+00:00,SPP_NORTH_HUB,31074,18542,0,12532,46366.75,29822.652232628607,29080.547333673385,28850.92083890301,11420.388779201305,10998.313016678636,11266.64002418887,2025-10-03T05:00:00Z,causal-ridge-shortlag-v2,True
2025-10-03 06:00:00+00:00,CAISO_NP15,27629,4139,0,23490,33983.0,26268.932820135982,25009.08884699913,23946.10814304145,22503.231293001598,22083.20114125956,21693.181688242767,2025-10-03T06:00:00Z,causal-ridge-shortlag-v2,True
2025-10-03 06:00:00+00:00,ISONE_NEMA,9516,577,2,8937,18007.25,9410.527731939368,9471.857636869445,9633.644065624365,8798.758178525028,8828.229196227838,8950.515703783822,2025-10-03T06:00:00Z,causal-ridge-shortlag-v2,True
2025-10-03 06:00:00+00:00,MISO_MINN_HUB,66182,12218,7,53957,101249.75,64957.47521403858,65172.98660891375,66495.18229767574,53268.23524032452,53793.42677110021,55063.141143513385,2025-10-03T06:00:00Z,causal-ridge-shortlag-v2,True
2025-10-03 06:00:00+00:00,SPP_NORTH_HUB,29929,18926,0,11003,46366.75,29261.181817596545,29088.3329047136,29380.69811793399,10351.563107871554,10504.476508409014,11334.978577508413,2025-10-03T06:00:00Z,causal-ridge-shortlag-v2,True
2025-10-03 07:00:00+00:00,CAISO_NP15,25612,3728,0,21884,33983.0,24271.67044477652,23436.342680824662,23057.00510614005,21641.81213638884,21272.619266513208,21010.55350658141,2025-10-03T07:00:00Z,causal-ridge-shortlag-v2,True
2025-10-03 07:00:00+00:00,ISONE_NEMA,9477,616,2,8859,18007.25,9566.09784811829,9677.118052599188,9784.580109729151,8912.496080398221,8982.518103632852,9038.204743944936,2025-10-03T07:00:00Z,causal-ridge-shortlag-v2,True
2025-10-03 07:00:00+00:00,MISO_MINN_HUB,64432,11727,8,52697,101249.75,64100.89176028816,65214.196953957726,67371.41324112946,52687.55396754645,53737.19161390863,55591.815118070175,2025-10-03T07:00:00Z,causal-ridge-shortlag-v2,True
2025-10-03 07:00:00+00:00,SPP_NORTH_HUB,29104,18743,0,10361,46366.75,28818.12265176706,29080.072757166738,29806.751336087716,10548.66593142086,11416.295094020272,12794.336312476338,2025-10-03T07:00:00Z,causal-ridge-shortlag-v2,True
2025-10-03 08:00:00+00:00,CAISO_NP15,24732,3503,0,21229,33983.0,24120.93929425177,23715.423622810456,23740.20199915247,21380.12435021045,21237.41708858774,21069.344490706968,2025-10-03T08:00:00Z,causal-ridge-shortlag-v2,True
2025-10-03 08:00:00+00:00,ISONE_NEMA,9740,590,2,9148,18007.25,10047.866000289348,10228.819591428672,10277.748832156043,9446.06739643684,9583.863263470708,9567.869116920769,2025-10-03T08:00:00Z,causal-ridge-shortlag-v2,True
2025-10-03 08:00:00+00:00,MISO_MINN_HUB,63665,10741,7,52917,101249.75,64400.14563478458,66355.84085735994,69231.67307930946,53995.32548288103,55950.902955840735,57867.22715170671,2025-10-03T08:00:00Z,causal-ridge-shortlag-v2,True
2025-10-03 08:00:00+00:00,SPP_NORTH_HUB,28594,18366,0,10228,46366.75,28672.599129190192,29305.58589490711,30396.156111203,10901.026392130478,12225.135585192786,13988.978453595671,2025-10-03T08:00:00Z,causal-ridge-shortlag-v2,True
2025-10-03 09:00:00+00:00,CAISO_NP15,23696,3298,0,20398,33983.0,23154.054964002506,23229.024670658546,23754.459404401598,20339.51342039877,20179.202901384087,19988.28755149181,2025-10-03T09:00:00Z,causal-ridge-shortlag-v2,True
2025-10-03 09:00:00+00:00,ISONE_NEMA,10231,564,2,9665,18007.25,10601.595372085483,10728.658981513809,10672.363540801827,10017.78513639803,10088.438239204452,9954.29920952374,2025-10-03T09:00:00Z,causal-ridge-shortlag-v2,True
2025-10-03 09:00:00+00:00,MISO_MINN_HUB,64098,10044,7,54047,101249.75,65776.30682454687,68332.20890678458,71542.38711186308,55544.03276047408,57452.846472255536,59289.95177110422,2025-10-03T09:00:00Z,causal-ridge-shortlag-v2,True
2025-10-03 09:00:00+00:00,SPP_NORTH_HUB,28565,17925,0,10640,46366.75,29038.55219335131,29990.08961904323,31320.67413718485,11725.824182103275,13430.206597890152,15496.54953560568,2025-10-03T09:00:00Z,causal-ridge-shortlag-v2,True
2025-10-03 10:00:00+00:00,CAISO_NP15,23012,3089,0,19923,33983.0,23071.262356121184,23559.244602166527,24404.26219708644,20168.51258352484,19625.850387411985,19074.128341601765,2025-10-03T10:00:00Z,causal-ridge-shortlag-v2,True
2025-10-03 10:00:00+00:00,ISONE_NEMA,11573,558,2,11013,18007.25,12556.73086214738,12750.238193043948,12375.206896238044,11989.411480229495,12117.161649545373,11631.072663610985,2025-10-03T10:00:00Z,causal-ridge-shortlag-v2,True
2025-10-03 10:00:00+00:00,MISO_MINN_HUB,65974,9185,7,56782,101249.75,68803.44171505969,71874.51125549659,75156.51026837838,59238.8051149918,61540.84093053458,62756.62286367914,2025-10-03T10:00:00Z,causal-ridge-shortlag-v2,True
2025-10-03 10:00:00+00:00,SPP_NORTH_HUB,29227,17739,0,11488,46366.75,30234.46156611392,31513.220523949178,32987.56532039062,12910.648485136817,14888.843053674342,17138.745405405374,2025-10-03T10:00:00Z,causal-ridge-shortlag-v2,True
2025-10-03 11:00:00+00:00,CAISO_NP15,23061,3329,0,19732,33983.0,23436.73558745894,24213.217911171698,25225.253334826077,19678.093598292053,18932.25753605837,18112.46448429745,2025-10-03T11:00:00Z,causal-ridge-shortlag-v2,True
2025-10-03 11:00:00+00:00,ISONE_NEMA,12101,545,87,11469,18007.25,11887.298900315172,11385.436721344267,10926.424988749992,11150.677968564052,10531.62306325614,9982.428458777842,2025-10-03T11:00:00Z,causal-ridge-shortlag-v2,True
2025-10-03 11:00:00+00:00,MISO_MINN_HUB,69441,7997,8,61436,101249.75,73312.23757852869,76637.79999545396,79495.23869038057,64771.79401131708,66820.09788400566,67278.71927102268,2025-10-03T11:00:00Z,causal-ridge-shortlag-v2,True
2025-10-03 11:00:00+00:00,SPP_NORTH_HUB,30772,17541,0,13231,46366.75,32416.747831720848,34012.50271442206,35505.90958308363,15246.842743249392,17433.115626784467,19656.097766962062,2025-10-03T11:00:00Z,causal-ridge-shortlag-v2,True
2025-10-03 12:00:00+00:00,CAISO_NP15,22741,3799,0,18942,33983.0,23238.545067755414,24238.74851246468,25377.140909444897,18397.33324637393,17351.46824158017,16273.468429849943,2025-10-03T12:00:00Z,causal-ridge-shortlag-v2,True
2025-10-03 12:00:00+00:00,ISONE_NEMA,11073,412,383,10278,18007.25,9828.410335585588,9096.021177079638,8918.739986242037,8866.226768272045,8042.06127357245,7852.919287457586,2025-10-03T12:00:00Z,causal-ridge-shortlag-v2,True
2025-10-03 12:00:00+00:00,MISO_MINN_HUB,71493,6834,1055,63604,101249.75,73509.84017158324,75729.62239966175,77555.56474769511,63983.81108830366,63371.716935789074,64102.67244528489,2025-10-03T12:00:00Z,causal-ridge-shortlag-v2,True
2025-10-03 12:00:00+00:00,SPP_NORTH_HUB,31853,17177,10,14666,46366.75,33065.323163465786,34347.86148647524,35644.93877455257,16524.43551068351,18569.47634535154,20495.37168731557,2025-10-03T12:00:00Z,causal-ridge-shortlag-v2,True
2025-10-03 13:00:00+00:00,CAISO_NP15,23823,4052,0,19771,33983.0,24972.30734260821,26139.25066104383,27151.387847123355,19619.641093895167,18047.361383982323,16335.94239140649,2025-10-03T13:00:00Z,causal-ridge-shortlag-v2,True
2025-10-03 13:00:00+00:00,ISONE_NEMA,10001,262,648,9091,18007.25,9401.374121089906,9240.111461042645,9407.234067569014,8418.37385131868,8254.359052383574,8463.160522302776,2025-10-03T13:00:00Z,causal-ridge-shortlag-v2,True
2025-10-03 13:00:00+00:00,MISO_MINN_HUB,72715,6332,6693,59690,101249.75,73663.95659515304,75377.557740364,78241.7005635396,56939.29048490426,57508.63321890796,60440.7138274602,2025-10-03T13:00:00Z,causal-ridge-shortlag-v2,True
2025-10-03 13:00:00+00:00,SPP_NORTH_HUB,32574,15257,269,17048,46366.75,33552.646978973826,34772.67912536807,36091.95412181769,19397.98944178996,21453.329716787197,23151.386440444963,2025-10-03T13:00:00Z,causal-ridge-shortlag-v2,True
2025-10-03 14:00:00+00:00,CAISO_NP15,25179,4113,20,21046,33983.0,26491.707517529303,27555.856736271227,28102.804356209457,20145.605264380298,18043.69436423426,15632.980720958143,2025-10-03T14:00:00Z,causal-ridge-shortlag-v2,True
2025-10-03 14:00:00+00:00,ISONE_NEMA,9168,199,788,8181,18007.25,8759.541768237286,8879.834155804696,9531.52294793166,7754.953870115535,7918.458567715837,8659.198173664267,2025-10-03T14:00:00Z,causal-ridge-shortlag-v2,True
2025-10-03 14:00:00+00:00,MISO_MINN_HUB,75276,4067,11152,60057,101249.75,78411.01602310821,81511.96488580808,85393.0514211135,62872.90461684983,68598.01284743125,71374.80813975958,2025-10-03T14:00:00Z,causal-ridge-shortlag-v2,True
2025-10-03 14:00:00+00:00,SPP_NORTH_HUB,33871,11909,651,21311,46366.75,35358.32591840569,36936.43745672319,38410.383905161776,24520.038701971946,26703.723002658226,28265.23477025117,2025-10-03T14:00:00Z,causal-ridge-shortlag-v2,True
2025-10-03 15:00:00+00:00,CAISO_NP15,26177,3883,3444,18850,33983.0,27100.304721225973,27605.025896262712,27759.97737190568,15834.644247252902,14365.986888890277,12600.877662960342,2025-10-03T15:00:00Z,causal-ridge-shortlag-v2,True
2025-10-03 15:00:00+00:00,ISONE_NEMA,8959,191,832,7936,18007.25,9207.242003852843,9849.361512151583,10815.203254598178,8223.46523105797,8950.389104677135,10023.934649732071,2025-10-03T15:00:00Z,causal-ridge-shortlag-v2,True
2025-10-03 15:00:00+00:00,MISO_MINN_HUB,78589,3110,11980,63499,101249.75,82036.98409211775,85352.82595971855,87846.0737931101,67709.46438848294,70252.24202649498,72975.42173987122,2025-10-03T15:00:00Z,causal-ridge-shortlag-v2,True
2025-10-03 15:00:00+00:00,SPP_NORTH_HUB,35745,12236,769,22740,46366.75,37545.0653174858,39145.38674662816,40485.50075002562,24104.31131628566,25486.044420206388,26652.7488074382,2025-10-03T15:00:00Z,causal-ridge-shortlag-v2,True
2025-10-03 16:00:00+00:00,CAISO_NP15,27725,3487,11044,13194,33983.0,28390.91197005868,28323.77784158205,28177.734875965944,9752.7919031177,9599.24118939311,9690.82106974712,2025-10-03T16:00:00Z,causal-ridge-shortlag-v2,True
2025-10-03 16:00:00+00:00,ISONE_NEMA,8816,195,853,7768,18007.25,9064.844071402127,9850.453012173197,11013.37722082726,8056.781379009429,8931.938133029784,10217.91461126909,2025-10-03T16:00:00Z,causal-ridge-shortlag-v2,True
2025-10-03 16:00:00+00:00,MISO_MINN_HUB,82357,4192,12172,65993,101249.75,85513.77766632018,88304.69615897076,90431.83317916255,68913.30962843935,71146.91906486174,73993.55612359097,2025-10-03T16:00:00Z,causal-ridge-shortlag-v2,True
2025-10-03 16:00:00+00:00,SPP_NORTH_HUB,37829,14664,875,22290,46366.75,39597.35907135082,41058.83315960366,42139.45943076648,22727.29731063641,23611.244750204773,24332.334828366103,2025-10-03T16:00:00Z,causal-ridge-shortlag-v2,True
2025-10-03 17:00:00+00:00,CAISO_NP15,29335,3531,14621,11183,33983.0,29748.47030412598,29605.146283940216,29189.844540080376,11076.827678769365,10710.180602277696,10866.692763562767,2025-10-03T17:00:00Z,causal-ridge-shortlag-v2,True
2025-10-03 17:00:00+00:00,ISONE_NEMA,9008,204,840,7964,18007.25,9682.025606254378,10734.755060168462,11901.11738913068,8706.617877844928,9871.512804223325,11163.41222548618,2025-10-03T17:00:00Z,causal-ridge-shortlag-v2,True
2025-10-03 17:00:00+00:00,MISO_MINN_HUB,86486,7013,11852,67621,101249.75,89440.6453129808,91581.78108908888,93232.33889508426,69908.21968784054,72729.1680970701,74928.23636561383,2025-10-03T17:00:00Z,causal-ridge-shortlag-v2,True
2025-10-03 17:00:00+00:00,SPP_NORTH_HUB,39830,15346,868,23616,46366.75,41431.15861473396,42617.919161047255,43284.56215166328,24959.77099866879,25847.574434462174,26157.035272705078,2025-10-03T17:00:00Z,causal-ridge-shortlag-v2,True
2025-10-03 18:00:00+00:00,CAISO_NP15,29450,3567,15448,10435,33983.0,29159.930660047048,28682.54549806472,28064.95040108819,10381.692458703445,10914.221404013842,11360.353458768648,2025-10-03T18:00:00Z,causal-ridge-shortlag-v2,True
2025-10-03 18:00:00+00:00,ISONE_NEMA,9548,256,798,8494,18007.25,10404.276049380816,11484.369376144432,12579.348673636092,9423.255438355933,10616.5334123272,11831.985214785833,2025-10-03T18:00:00Z,causal-ridge-shortlag-v2,True
2025-10-03 18:00:00+00:00,MISO_MINN_HUB,89683,9266,11514,68903,101249.75,91590.92320302004,92742.14737607913,93093.24461675785,70609.14830122812,72284.17350189059,73534.57717406626,2025-10-03T18:00:00Z,causal-ridge-shortlag-v2,True
2025-10-03 18:00:00+00:00,SPP_NORTH_HUB,41672,15640,872,25160,46366.75,43052.93826019046,43845.73916811269,44032.25184162951,26264.757051306915,26621.798033189614,26334.834859604096,2025-10-03T18:00:00Z,causal-ridge-shortlag-v2,True
2025-10-03 19:00:00+00:00,CAISO_NP15,29728,3527,16260,9941,33983.0,29610.758112421943,29262.455002758496,28997.473934576232,10368.016035648085,11858.552134400745,13192.08252129206,2025-10-03T19:00:00Z,causal-ridge-shortlag-v2,True
2025-10-03 19:00:00+00:00,ISONE_NEMA,10554,332,679,9543,18007.25,11716.412931447338,12856.236062050804,13759.429708347106,10814.235397624005,12069.917590883482,13071.878526039289,2025-10-03T19:00:00Z,causal-ridge-shortlag-v2,True
2025-10-03 19:00:00+00:00,MISO_MINN_HUB,92288,10493,11606,70189,101249.75,93567.13709163848,93933.21335188944,93488.4808519774,71845.88210769417,73208.26576121953,73737.41271762158,2025-10-03T19:00:00Z,causal-ridge-shortlag-v2,True
2025-10-03 19:00:00+00:00,SPP_NORTH_HUB,42932,16017,884,26031,46366.75,43674.45792537971,43837.92582141339,43439.52065900594,26484.425135755133,26222.080815858422,25318.63388281024,2025-10-03T19:00:00Z,causal-ridge-shortlag-v2,True
2025-10-03 20:00:00+00:00,CAISO_NP15,29371,3496,16915,8960,33983.0,28961.015486254768,28736.08207556026,28731.369764867748,9567.319012424923,11793.58233538951,13964.071144650445,2025-10-03T20:00:00Z,causal-ridge-shortlag-v2,True
2025-10-03 20:00:00+00:00,ISONE_NEMA,11645,380,461,10804,18007.25,12769.788560675184,13626.330144157491,13994.99266263347,12058.10384671313,12997.735438301936,13418.367124804736,2025-10-03T20:00:00Z,causal-ridge-shortlag-v2,True
2025-10-03 20:00:00+00:00,MISO_MINN_HUB,93977,11338,11243,71396,101249.75,94284.56438926065,93742.74568544157,92309.87775855724,72745.70113986557,73412.86564973665,73373.87773249653,2025-10-03T20:00:00Z,causal-ridge-shortlag-v2,True
2025-10-03 20:00:00+00:00,SPP_NORTH_HUB,43815,16373,854,26588,46366.75,44092.09992796949,43765.110219925904,42885.26489741099,26520.76602228161,25696.953885191466,24287.799081670582,2025-10-03T20:00:00Z,causal-ridge-shortlag-v2,True
2025-10-03 21:00:00+00:00,CAISO_NP15,28887,3524,16598,8765,33983.0,28703.022255165622,28552.949830484828,28580.383673170105,10280.04100728074,12858.807566674152,15330.046946681716,2025-10-03T21:00:00Z,causal-ridge-shortlag-v2,True
2025-10-03 21:00:00+00:00,ISONE_NEMA,12973,409,162,12402,18007.25,14118.365964934204,14592.381842335908,14285.69123641592,13699.261335705029,14233.643056603592,13927.566604124822,2025-10-03T21:00:00Z,causal-ridge-shortlag-v2,True
2025-10-03 21:00:00+00:00,MISO_MINN_HUB,94765,11788,10004,72973,101249.75,94261.98698550336,92886.94705775376,90652.38185411356,74243.98607903012,74563.96666981258,73735.81956537257,2025-10-03T21:00:00Z,causal-ridge-shortlag-v2,True
2025-10-03 21:00:00+00:00,SPP_NORTH_HUB,44196,17230,746,26220,46366.75,43933.00243374039,43076.87666972023,41733.99931909226,25321.24493925284,23866.453313200785,22001.2207385745,2025-10-03T21:00:00Z,causal-ridge-shortlag-v2,True
2025-10-03 22:00:00+00:00,CAISO_NP15,28479,3516,16529,8434,33983.0,28242.574340504725,28017.170437262102,27973.8804292096,9914.965707114814,13235.145700727257,16140.513807200232,2025-10-03T22:00:00Z,causal-ridge-shortlag-v2,True
2025-10-03 22:00:00+00:00,ISONE_NEMA,13524,552,15,12957,18007.25,13423.372318081998,12920.63578663532,12214.773514563678,12844.787644674598,12325.96556127991,11607.35632926447,2025-10-03T22:00:00Z,causal-ridge-shortlag-v2,True
2025-10-03 22:00:00+00:00,MISO_MINN_HUB,93772,12395,5269,76108,101249.75,91957.11233975478,89300.31581196637,85487.62058492421,77169.96006401505,75595.3963225177,72006.21296438451,2025-10-03T22:00:00Z,causal-ridge-shortlag-v2,True
2025-10-03 22:00:00+00:00,SPP_NORTH_HUB,43541,17889,594,25058,46366.75,42424.94086747086,40940.94584502979,39195.858014481,23573.302341476185,21663.545667852584,19473.338681423604,2025-10-03T22:00:00Z,causal-ridge-shortlag-v2,True
2025-10-03 23:00:00+00:00,CAISO_NP15,27483,3851,14993,8639,33983.0,27088.471419418853,26969.9268798982,27066.210428553182,10911.0310353913,14310.012024810658,17256.081501673256,2025-10-03T23:00:00Z,causal-ridge-shortlag-v2,True
2025-10-03 23:00:00+00:00,ISONE_NEMA,13393,758,9,12626,18007.25,12750.550813582266,11890.565471898555,11013.655334691832,11889.43866450234,10988.285835522303,10095.491508782708,2025-10-03T23:00:00Z,causal-ridge-shortlag-v2,True
2025-10-03 23:00:00+00:00,MISO_MINN_HUB,90532,10978,561,78993,101249.75,86873.34426202888,82654.76844582378,77435.63237788877,78189.28902819304,74067.78275982919,68558.01777544846,2025-10-03T23:00:00Z,causal-ridge-shortlag-v2,True
2025-10-03 23:00:00+00:00,SPP_NORTH_HUB,41770,18684,235,22851,46366.75,39792.722119159625,37674.22591468738,35556.01985442255,20594.612490856696,18151.762910289664,15730.946590651392,2025-10-03T23:00:00Z,causal-ridge-shortlag-v2,True
2025-10-04 00:00:00+00:00,CAISO_NP15,27088,3689,13531,9868,33983.0,26977.06902926665,26802.95860754765,26742.79712503032,12604.156861312978,16031.83653523758,18741.60204099582,2025-10-04T00:00:00Z,causal-ridge-shortlag-v2,True
2025-10-04 00:00:00+00:00,ISONE_NEMA,12901,926,7,11968,18007.25,12098.89567440126,11175.578060559295,10308.148807821348,11088.631478514988,10124.391504781985,9237.616847448146,2025-10-04T00:00:00Z,causal-ridge-shortlag-v2,True
2025-10-04 00:00:00+00:00,MISO_MINN_HUB,87615,12738,11,74866,101249.75,83200.49312967442,78083.3572906455,73315.72876436991,69144.49024465513,63662.40306666999,59655.07170917088,2025-10-04T00:00:00Z,causal-ridge-shortlag-v2,True
2025-10-04 00:00:00+00:00,SPP_NORTH_HUB,39908,20702,12,19194,46366.75,37814.98529920009,35580.03705444496,33415.34519860156,15910.359735012777,13167.71829765603,10954.546530981526,2025-10-04T00:00:00Z,causal-ridge-shortlag-v2,True
2025-10-04 01:00:00+00:00,CAISO_NP15,27405,3949,6898,16558,33983.0,27639.9034811303,27849.904408962862,27726.97924599701,21351.582592881885,22942.961290690877,23670.92876542975,2025-10-04T01:00:00Z,causal-ridge-shortlag-v2,True
2025-10-04 01:00:00+00:00,ISONE_NEMA,12244,999,4,11241,18007.25,11450.183212796395,10625.116385167748,9911.501063848253,10411.53674117989,9565.87414639476,8843.944987820358,2025-10-04T01:00:00Z,causal-ridge-shortlag-v2,True
2025-10-04 01:00:00+00:00,MISO_MINN_HUB,83717,14804,11,68902,101249.75,78843.23061069737,73904.5593153636,69908.02622630782,63227.90000271786,60026.56944168082,57126.69040405513,2025-10-04T01:00:00Z,causal-ridge-shortlag-v2,True
2025-10-04 01:00:00+00:00,SPP_NORTH_HUB,38322,22358,0,15964,46366.75,36455.31275903104,34466.17292246657,32534.7476280989,13070.30194089731,10803.957158374244,9125.018550219693,2025-10-04T01:00:00Z,causal-ridge-shortlag-v2,True
2025-10-04 02:00:00+00:00,CAISO_NP15,28230,3811,599,23820,33983.0,28712.84753374151,28665.42218151572,27945.505857300843,26532.763449091075,26947.26434739693,25994.62950334228,2025-10-04T02:00:00Z,causal-ridge-shortlag-v2,True
2025-10-04 02:00:00+00:00,ISONE_NEMA,11433,1037,3,10393,18007.25,10602.591393793506,9905.454791977216,9449.03094596892,9547.560288237137,8854.176124049183,8413.850193757413,2025-10-04T02:00:00Z,causal-ridge-shortlag-v2,True
2025-10-04 02:00:00+00:00,MISO_MINN_HUB,79482,16166,12,63304,101249.75,75091.65542524184,71078.44437835783,67814.5932645751,58687.99168912196,54974.98572150302,52367.30436062637,2025-10-04T02:00:00Z,causal-ridge-shortlag-v2,True
2025-10-04 02:00:00+00:00,SPP_NORTH_HUB,36727,22795,0,13932,46366.75,34943.81611695312,33220.75118681753,31685.091544584287,11898.8604595764,10299.571593374389,9156.086288255594,2025-10-04T02:00:00Z,causal-ridge-shortlag-v2,True
2025-10-04 03:00:00+00:00,CAISO_NP15,27996,3879,0,24117,33983.0,27796.828549464102,27175.78678383772,26255.38620348668,22968.67482511372,23376.92322930201,22852.92918879484,2025-10-04T03:00:00Z,causal-ridge-shortlag-v2,True
2025-10-04 03:00:00+00:00,ISONE_NEMA,10746,1083,3,9660,18007.25,10151.742845821573,9725.46035278086,9532.515615296224,9066.15471361114,8663.471503820556,8497.583613801595,2025-10-04T03:00:00Z,causal-ridge-shortlag-v2,True
2025-10-04 03:00:00+00:00,MISO_MINN_HUB,75654,17297,5,58352,101249.75,72057.94761266888,69161.95835128751,67074.50417936569,54834.83362521828,51995.47973935438,50703.73861011304,2025-10-04T03:00:00Z,causal-ridge-shortlag-v2,True
2025-10-04 03:00:00+00:00,SPP_NORTH_HUB,34993,22680,0,12313,46366.75,33248.87488078678,31771.06588026897,30653.79386590636,10714.765887096552,9616.099864904068,8972.428314023808,2025-10-04T03:00:00Z,causal-ridge-shortlag-v2,True
2025-10-04 04:00:00+00:00,CAISO_NP15,27315,3922,0,23393,33983.0,26532.596545722543,25664.964338565755,24740.779779989723,22958.26328413955,22352.937283824373,21543.93079865969,2025-10-04T04:00:00Z,causal-ridge-shortlag-v2,True
2025-10-04 04:00:00+00:00,ISONE_NEMA,10212,1047,3,9162,18007.25,9861.9047335198,9675.77322345812,9645.240660797112,8846.724982506108,8690.875637196132,8683.562788725108,2025-10-04T04:00:00Z,causal-ridge-shortlag-v2,True
2025-10-04 04:00:00+00:00,MISO_MINN_HUB,71439,18406,1,53032,101249.75,67901.31471088281,65774.20117813023,64723.7703921171,49539.626478264494,47133.17565255317,47043.29836555984,2025-10-04T04:00:00Z,causal-ridge-shortlag-v2,True
2025-10-04 04:00:00+00:00,SPP_NORTH_HUB,33280,22191,0,11089,46366.75,31767.644467316244,30666.22835870624,30006.96732579628,10049.9175180741,9435.01547081574,9269.73425398292,2025-10-04T04:00:00Z,causal-ridge-shortlag-v2,True
2025-10-04 05:00:00+00:00,CAISO_NP15,26748,4394,0,22354,33983.0,25828.756154445586,24533.399022043413,23137.23134857326,21381.82262285145,20909.801942311184,20060.633615137856,2025-10-04T05:00:00Z,causal-ridge-shortlag-v2,True
2025-10-04 05:00:00+00:00,ISONE_NEMA,9802,936,3,8863,18007.25,9620.142936318927,9597.031283850489,9671.061831186194,8736.387742355837,8746.160032456924,8837.75669358309,2025-10-04T05:00:00Z,causal-ridge-shortlag-v2,True
2025-10-04 05:00:00+00:00,MISO_MINN_HUB,68105,18931,1,49173,101249.75,65968.34322545346,65150.74155836896,65687.39723375991,47504.07059435206,47669.20132131718,48576.565705952285,2025-10-04T05:00:00Z,causal-ridge-shortlag-v2,True
2025-10-04 05:00:00+00:00,SPP_NORTH_HUB,31379,21444,0,9935,46366.75,30004.34418773084,29212.120641900958,28977.439037297383,9314.498976216995,9200.625788182171,9570.012996276517,2025-10-04T05:00:00Z,causal-ridge-shortlag-v2,True
2025-10-04 06:00:00+00:00,CAISO_NP15,25752,4470,0,21282,33983.0,24571.626022607048,23383.97744512232,22296.530578289367,20546.38023406063,20174.829036085157,19439.90017163953,2025-10-04T06:00:00Z,causal-ridge-shortlag-v2,True
2025-10-04 06:00:00+00:00,ISONE_NEMA,9505,840,3,8662,18007.25,9403.937543341284,9454.467461295331,9604.62599127552,8603.744360293922,8679.715757394764,8840.323386918186,2025-10-04T06:00:00Z,causal-ridge-shortlag-v2,True
2025-10-04 06:00:00+00:00,MISO_MINN_HUB,65464,18759,1,46704,101249.75,64205.118131284966,64436.35754294812,65761.49299588929,46125.45535068565,46576.8203073966,48259.42090564928,2025-10-04T06:00:00Z,causal-ridge-shortlag-v2,True
2025-10-04 06:00:00+00:00,SPP_NORTH_HUB,30091,21217,0,8874,46366.75,29328.867583620657,29105.762738796424,29385.043546530524,8492.531382209554,8819.164758441748,9751.32909018272,2025-10-04T06:00:00Z,causal-ridge-shortlag-v2,True
2025-10-04 07:00:00+00:00,CAISO_NP15,24486,4589,0,19897,33983.0,23301.18086816349,22430.51873539032,21870.734694817533,19327.05420104543,19160.3577159208,18637.058088813497,2025-10-04T07:00:00Z,causal-ridge-shortlag-v2,True
2025-10-04 07:00:00+00:00,ISONE_NEMA,9337,777,3,8557,18007.25,9337.134363103823,9449.605342148849,9627.331882406866,8580.34913597059,8699.820544504817,8870.463607606263,2025-10-04T07:00:00Z,causal-ridge-shortlag-v2,True
2025-10-04 07:00:00+00:00,MISO_MINN_HUB,63618,18220,1,45397,101249.75,63315.061302396105,64480.48380647343,66756.25266488947,45686.84405381556,47095.46568260796,49352.26480428113,2025-10-04T07:00:00Z,causal-ridge-shortlag-v2,True
2025-10-04 07:00:00+00:00,SPP_NORTH_HUB,29140,20844,0,8296,46366.75,28769.06302731101,28970.157139782285,29658.656562984503,8512.03960711,9402.41345796014,10813.249815278594,2025-10-04T07:00:00Z,causal-ridge-shortlag-v2,True
2025-10-04 08:00:00+00:00,CAISO_NP15,24030,4500,0,19530,33983.0,23455.05709032656,23040.192987559098,22889.18440138058,19662.491379398198,19392.5044916128,18810.03375473662,2025-10-04T08:00:00Z,causal-ridge-shortlag-v2,True
2025-10-04 08:00:00+00:00,ISONE_NEMA,9367,720,3,8644,18007.25,9540.33011206851,9713.836484071397,9834.614624856997,8829.52726384595,8985.780831514683,9070.27733412451,2025-10-04T08:00:00Z,causal-ridge-shortlag-v2,True
2025-10-04 08:00:00+00:00,MISO_MINN_HUB,62508,17850,2,44656,101249.75,62936.36699747246,64760.31879299876,67650.04390621596,45254.12336568175,46950.89843051088,49373.224338424974,2025-10-04T08:00:00Z,causal-ridge-shortlag-v2,True
2025-10-04 08:00:00+00:00,SPP_NORTH_HUB,28448,20443,0,8005,46366.75,28436.143548928823,29033.442121305736,30124.296287135505,8660.51500138585,9980.94625977597,11767.218309647356,2025-10-04T08:00:00Z,causal-ridge-shortlag-v2,True
2025-10-04 09:00:00+00:00,CAISO_NP15,22755,4290,0,18465,33983.0,22142.76707451019,22058.102857035527,22303.557442615493,18131.75428653672,17812.31266576674,17173.19369372358,2025-10-04T09:00:00Z,causal-ridge-shortlag-v2,True
2025-10-04 09:00:00+00:00,ISONE_NEMA,9646,673,3,8970,18007.25,9947.572736178432,10088.223301095984,10079.198376894808,9266.879884098007,9364.76057820063,9292.747277650666,2025-10-04T09:00:00Z,causal-ridge-shortlag-v2,True
2025-10-04 09:00:00+00:00,MISO_MINN_HUB,61881,17416,1,44464,101249.75,62831.91826288423,65052.959612322826,68226.83331854468,45293.44443658345,47207.86329761674,49554.68559448511,2025-10-04T09:00:00Z,causal-ridge-shortlag-v2,True
2025-10-04 09:00:00+00:00,SPP_NORTH_HUB,28087,20224,0,7863,46366.75,28433.243830906904,29351.173033968156,30711.523948145725,8811.987689262978,10441.854414288677,12506.860752731576,2025-10-04T09:00:00Z,causal-ridge-shortlag-v2,True
2025-10-04 10:00:00+00:00,CAISO_NP15,22106,3906,0,18200,33983.0,22030.607995785653,22357.973726720917,23009.507069133877,18257.94298326257,17662.71210611949,16746.93960035589,2025-10-04T10:00:00Z,causal-ridge-shortlag-v2,True
2025-10-04 10:00:00+00:00,ISONE_NEMA,10031,528,3,9500,18007.25,10385.835323962716,10397.122099159038,10102.928472528749,9866.024481721415,9816.853966273711,9439.30059751874,2025-10-04T10:00:00Z,causal-ridge-shortlag-v2,True
2025-10-04 10:00:00+00:00,MISO_MINN_HUB,62657,17376,2,45279,101249.75,64760.808768032206,67484.9280427301,70860.09528313114,46796.88060747196,48944.71914806406,50736.9454585276,2025-10-04T10:00:00Z,causal-ridge-shortlag-v2,True
2025-10-04 10:00:00+00:00,SPP_NORTH_HUB,28024,20283,0,7741,46366.75,28687.23961709932,29837.592655372668,31344.17745417731,8901.971670700195,10763.917357568089,13023.06941198195,2025-10-04T10:00:00Z,causal-ridge-shortlag-v2,True
2025-10-04 11:00:00+00:00,CAISO_NP15,21458,3742,0,17716,33983.0,21658.866207792475,22265.99118176537,23090.77849970076,17195.512196968986,16430.55234692311,15376.635253887476,2025-10-04T11:00:00Z,causal-ridge-shortlag-v2,True
2025-10-04 11:00:00+00:00,ISONE_NEMA,10472,446,50,9976,18007.25,10619.476745018914,10388.257675977882,9984.89628153118,10082.632885673,9777.27454832798,9292.7725239722,2025-10-04T11:00:00Z,causal-ridge-shortlag-v2,True
2025-10-04 11:00:00+00:00,MISO_MINN_HUB,63439,17117,2,46320,101249.75,65365.13676592999,67849.19626635588,70456.12865698985,47358.28800811094,48068.83321906398,49082.11886088448,2025-10-04T11:00:00Z,causal-ridge-shortlag-v2,True
2025-10-04 11:00:00+00:00,SPP_NORTH_HUB,28454,20245,0,8209,46366.75,29533.273271603568,30909.427882744552,32457.89240234928,9830.962304498236,11926.918910828492,14282.82950393861,2025-10-04T11:00:00Z,causal-ridge-shortlag-v2,True
2025-10-04 12:00:00+00:00,CAISO_NP15,21097,3738,0,17359,33983.0,21506.455751514983,22367.031561793712,23399.6789053679,16601.236502021777,15534.896869049337,14180.049957710446,2025-10-04T12:00:00Z,causal-ridge-shortlag-v2,True
2025-10-04 12:00:00+00:00,ISONE_NEMA,9875,324,261,9290,18007.25,8995.303054285265,8486.024543617634,8474.881900602002,8301.86451386494,7721.186266033099,7692.679149834609,2025-10-04T12:00:00Z,causal-ridge-shortlag-v2,True
2025-10-04 12:00:00+00:00,MISO_MINN_HUB,64730,17091,1062,46577,101249.75,66820.90841139243,69140.22735234699,71749.41669363086,46964.655092794535,47607.43472481893,48610.81672930703,2025-10-04T12:00:00Z,causal-ridge-shortlag-v2,True
2025-10-04 12:00:00+00:00,SPP_NORTH_HUB,28915,20279,8,8628,46366.75,29932.36324613151,31243.295250676754,32733.76930175301,10184.409436918211,12237.457647175894,14474.266699091586,2025-10-04T12:00:00Z,causal-ridge-shortlag-v2,True
2025-10-04 13:00:00+00:00,CAISO_NP15,21482,3533,0,17949,33983.0,22485.569553394067,23567.611295997674,24528.84773967368,17259.09644633046,15668.335661513258,13867.543543872904,2025-10-04T13:00:00Z,causal-ridge-shortlag-v2,True
2025-10-04 13:00:00+00:00,ISONE_NEMA,9137,258,541,8338,18007.25,8656.64596675563,8618.712807939552,8954.921834781535,7745.200171654374,7675.05477642673,8023.647969022665,2025-10-04T13:00:00Z,causal-ridge-shortlag-v2,True
2025-10-04 13:00:00+00:00,MISO_MINN_HUB,67413,16234,7403,43776,101249.75,69996.30357976166,72881.44202983666,76623.580682085,43344.82532697045,45430.85428464656,49707.21131284885,2025-10-04T13:00:00Z,causal-ridge-shortlag-v2,True
2025-10-04 13:00:00+00:00,SPP_NORTH_HUB,29943,19985,241,9717,46366.75,31315.10523575759,32917.561042944086,34595.86616411683,11579.681914981264,13679.983789607142,15811.63364187424,2025-10-04T13:00:00Z,causal-ridge-shortlag-v2,True
2025-10-04 14:00:00+00:00,CAISO_NP15,22214,3341,0,18873,33983.0,23383.41427574359,24445.017284815684,25143.337300426443,17588.665444270384,15524.371804669508,13180.863267309967,2025-10-04T14:00:00Z,causal-ridge-shortlag-v2,True
2025-10-04 14:00:00+00:00,ISONE_NEMA,8781,178,731,7872,18007.25,8802.37053703884,9231.608451221722,9983.6847545743,7869.525857840669,8321.258092975268,9124.445914234342,2025-10-04T14:00:00Z,causal-ridge-shortlag-v2,True
2025-10-04 14:00:00+00:00,MISO_MINN_HUB,70552,14778,12040,43734,101249.75,74110.25058131137,77951.85998663522,82187.27589686742,46772.87681523757,51765.79280437069,56354.63038113606,2025-10-04T14:00:00Z,causal-ridge-shortlag-v2,True
2025-10-04 14:00:00+00:00,SPP_NORTH_HUB,31368,19304,625,11439,46366.75,33152.9234473283,35089.19044004211,36957.45343386786,13808.137109079677,16057.513478973571,18095.58935927215,2025-10-04T14:00:00Z,causal-ridge-shortlag-v2,True
2025-10-04 15:00:00+00:00,CAISO_NP15,22628,2769,3871,15988,33983.0,23520.363314792023,24158.118051655,24559.589316720765,12562.295221276205,11342.51892546028,9825.587956883192,2025-10-04T15:00:00Z,causal-ridge-shortlag-v2,True
2025-10-04 15:00:00+00:00,ISONE_NEMA,8615,108,842,7665,18007.25,8848.227183749592,9515.770305668726,10486.350347471283,7905.097853661784,8619.010541529045,9666.329052581705,2025-10-04T15:00:00Z,causal-ridge-shortlag-v2,True
2025-10-04 15:00:00+00:00,MISO_MINN_HUB,74693,15885,12794,46014,101249.75,78938.16019015,82955.55939282017,86440.34707508555,50368.908166458365,53918.57269369846,57575.09653753349,2025-10-04T15:00:00Z,causal-ridge-shortlag-v2,True
2025-10-04 15:00:00+00:00,SPP_NORTH_HUB,33164,19641,730,12793,46366.75,35086.07107472377,36963.58645806646,38642.69925263138,14725.30429003264,16815.54934651805,18692.63689803469,2025-10-04T15:00:00Z,causal-ridge-shortlag-v2,True
2025-10-04 16:00:00+00:00,CAISO_NP15,23513,2180,12021,9312,33983.0,24260.170566564044,24385.509860662707,24501.192454479995,5474.630062467306,5796.639612698769,6146.633638403391,2025-10-04T16:00:00Z,causal-ridge-shortlag-v2,True
2025-10-04 16:00:00+00:00,ISONE_NEMA,8654,159,819,7676,18007.25,9098.48222219139,9951.580558017484,11019.006251372435,8148.7727422504,9074.437842591367,10237.465752354818,2025-10-04T16:00:00Z,causal-ridge-shortlag-v2,True
2025-10-04 16:00:00+00:00,MISO_MINN_HUB,78874,16418,12530,49926,101249.75,82755.67332886661,86185.94024121865,88722.9194877113,54694.36911083732,58418.59137636743,62011.87600834698,2025-10-04T16:00:00Z,causal-ridge-shortlag-v2,True
2025-10-04 16:00:00+00:00,SPP_NORTH_HUB,34907,20489,750,13668,46366.75,36585.8527689468,38083.8365062512,39299.52578716419,15156.846840308408,16925.345091639112,18421.6560065991,2025-10-04T16:00:00Z,causal-ridge-shortlag-v2,True
2025-10-04 17:00:00+00:00,CAISO_NP15,24161,1543,14363,8255,33983.0,24590.63963400308,24799.813993124702,24843.439528929383,8572.503829486426,8324.726793946482,8406.533797233966,2025-10-04T17:00:00Z,causal-ridge-shortlag-v2,True
2025-10-04 17:00:00+00:00,ISONE_NEMA,8923,267,810,7846,18007.25,9507.502783986612,10411.08116311342,11465.68326670122,8444.020966484186,9423.314139933536,10577.848290837172,2025-10-04T17:00:00Z,causal-ridge-shortlag-v2,True
2025-10-04 17:00:00+00:00,MISO_MINN_HUB,82469,17757,11795,52917,101249.75,85294.74934153593,87545.62579903899,88939.67889006298,56191.14024070473,58976.42143336351,62032.75983289544,2025-10-04T17:00:00Z,causal-ridge-shortlag-v2,True
2025-10-04 17:00:00+00:00,SPP_NORTH_HUB,36616,20561,602,15453,46366.75,38074.36077378505,39147.0900921095,39770.55333219287,17215.565918902503,18585.84878974578,19437.048676423143,2025-10-04T17:00:00Z,causal-ridge-shortlag-v2,True
2025-10-04 18:00:00+00:00,CAISO_NP15,23343,1051,14964,7328,33983.0,23370.82460508535,23296.556741855984,23188.094108977213,6818.850286077999,7803.347793635041,8483.668199910095,2025-10-04T18:00:00Z,causal-ridge-shortlag-v2,True
2025-10-04 18:00:00+00:00,ISONE_NEMA,9540,351,760,8429,18007.25,10397.709174883006,11377.417645281002,12303.7173705735,9339.260930320175,10407.44513744372,11430.500978970127,2025-10-04T18:00:00Z,causal-ridge-shortlag-v2,True
2025-10-04 18:00:00+00:00,MISO_MINN_HUB,85734,18274,11489,55971,101249.75,88039.22968690394,89403.54341067352,90009.35253176208,59204.25299805672,62531.47072352582,64717.20164753303,2025-10-04T18:00:00Z,causal-ridge-shortlag-v2,True
2025-10-04 18:00:00+00:00,SPP_NORTH_HUB,38098,20854,578,16666,46366.75,39225.056833407805,39822.38788140083,39906.72201157313,17786.221810616084,18486.887136163557,18694.46731074794,2025-10-04T18:00:00Z,causal-ridge-shortlag-v2,True
2025-10-04 19:00:00+00:00,CAISO_NP15,22784,735,15133,6916,33983.0,23114.488823654483,23420.72579273507,23931.015305783345,7412.367471732463,9058.091952259732,10594.212143571503,2025-10-04T19:00:00Z,causal-ridge-shortlag-v2,True
2025-10-04 19:00:00+00:00,ISONE_NEMA,10098,388,635,9075,18007.25,10830.353150649447,11608.148603868223,12226.0081162239,9886.831452236678,10745.20133863119,11446.1967365436,2025-10-04T19:00:00Z,causal-ridge-shortlag-v2,True
2025-10-04 19:00:00+00:00,MISO_MINN_HUB,88238,18288,11431,58519,101249.75,89541.21788538633,89899.0118042095,89290.06381635033,61028.88813070869,63014.29015527403,64439.2399541385,2025-10-04T19:00:00Z,causal-ridge-shortlag-v2,True
2025-10-04 19:00:00+00:00,SPP_NORTH_HUB,39378,21688,638,17052,46366.75,40122.51160557354,40293.10567179196,39938.73624442776,17415.309452639045,17486.982010728603,17129.59676733228,2025-10-04T19:00:00Z,causal-ridge-shortlag-v2,True
2025-10-04 20:00:00+00:00,CAISO_NP15,22557,675,14812,7070,33983.0,22788.10879929264,23234.069795672945,23887.54899443306,7824.735162493105,9983.09839007754,12067.472494460148,2025-10-04T20:00:00Z,causal-ridge-shortlag-v2,True
2025-10-04 20:00:00+00:00,ISONE_NEMA,11704,359,376,10969,18007.25,13357.62756242088,14335.897173585066,14478.836235329063,12826.880869156304,13922.13367135157,14106.91853396365,2025-10-04T20:00:00Z,causal-ridge-shortlag-v2,True
2025-10-04 20:00:00+00:00,MISO_MINN_HUB,89949,18441,11368,60140,101249.75,90319.46127507284,89729.48825683285,88305.10208811596,61847.28683269084,63198.93079128126,63940.41865332027,2025-10-04T20:00:00Z,causal-ridge-shortlag-v2,True
2025-10-04 20:00:00+00:00,SPP_NORTH_HUB,40220,22152,611,17457,46366.75,40487.033557767616,40174.2220483711,39343.61741286698,17606.933624492915,17262.139830143224,16433.78140216663,2025-10-04T20:00:00Z,causal-ridge-shortlag-v2,True
2025-10-04 21:00:00+00:00,CAISO_NP15,22482,748,14422,7312,33983.0,22850.886709954502,23403.068902358536,24059.65503985454,8470.300836800343,10884.489979687503,13238.252057673264,2025-10-04T21:00:00Z,causal-ridge-shortlag-v2,True
2025-10-04 21:00:00+00:00,ISONE_NEMA,13237,237,120,12880,18007.25,14250.519362281027,14546.062437756507,14172.267846818544,14085.309025327708,14448.702045417302,14082.844318097312,2025-10-04T21:00:00Z,causal-ridge-shortlag-v2,True
2025-10-04 21:00:00+00:00,MISO_MINN_HUB,90705,18491,9990,62224,101249.75,90276.5187969337,88829.5228825979,86456.1085855604,63982.81289050236,64886.7732070612,64427.44943670142,2025-10-04T21:00:00Z,causal-ridge-shortlag-v2,True
2025-10-04 21:00:00+00:00,SPP_NORTH_HUB,40559,22540,658,17361,46366.75,40358.9297921742,39635.92838371218,38479.15414254011,16976.580544078202,16171.36521618504,14971.972161374486,2025-10-04T21:00:00Z,causal-ridge-shortlag-v2,True
2025-10-04 22:00:00+00:00,CAISO_NP15,21708,793,13506,7409,33983.0,21978.174875045155,22567.88816620173,23293.550713927467,9008.18160623189,11571.701880244022,14217.83734283605,2025-10-04T22:00:00Z,causal-ridge-shortlag-v2,True
2025-10-04 22:00:00+00:00,ISONE_NEMA,13705,211,9,13485,18007.25,13489.472578051307,12904.95835003207,12111.727012291749,13299.53743178764,12719.61592869252,11928.602766737937,2025-10-04T22:00:00Z,causal-ridge-shortlag-v2,True
2025-10-04 22:00:00+00:00,MISO_MINN_HUB,90084,18804,5297,65983,101249.75,88610.22982392582,85993.41903960594,82054.2233695782,67644.30376159886,66509.94035200839,63313.65161739287,2025-10-04T22:00:00Z,causal-ridge-shortlag-v2,True
2025-10-04 22:00:00+00:00,SPP_NORTH_HUB,40144,22684,507,16953,46366.75,39231.73620962608,37942.93292034605,36381.91973114816,16134.946511291004,14901.2149148579,13354.63286716898,2025-10-04T22:00:00Z,causal-ridge-shortlag-v2,True
2025-10-04 23:00:00+00:00,CAISO_NP15,22588,885,13416,8287,33983.0,23155.534503723924,23722.040514874385,24331.193601061623,10375.230697678717,13432.558798793503,16260.779783164851,2025-10-04T23:00:00Z,causal-ridge-shortlag-v2,True
2025-10-04 23:00:00+00:00,ISONE_NEMA,13536,236,4,13296,18007.25,12890.107331339184,11987.522533929012,11028.491215612969,12622.85786669842,11713.346802729968,10756.78369995995,2025-10-04T23:00:00Z,causal-ridge-shortlag-v2,True
2025-10-04 23:00:00+00:00,MISO_MINN_HUB,87053,18323,596,68134,101249.75,83328.56293547784,78944.14259410655,73484.37790133174,66815.21068505771,61987.70216167514,56613.21841155351,2025-10-04T23:00:00Z,causal-ridge-shortlag-v2,True
2025-10-04 23:00:00+00:00,SPP_NORTH_HUB,38647,22225,167,16255,46366.75,36852.72326855639,34913.00646115057,32957.015335086224,15026.588013645618,13403.668871943286,11619.01531875269,2025-10-04T23:00:00Z,causal-ridge-shortlag-v2,True
2025-10-05 00:00:00+00:00,CAISO_NP15,23603,1191,11796,10616,33983.0,24172.842331715503,24817.02406293552,25261.551939752982,13631.531563652332,16317.972493620871,18730.92928479269,2025-10-05T00:00:00Z,causal-ridge-shortlag-v2,True
2025-10-05 00:00:00+00:00,ISONE_NEMA,12998,250,3,12745,18007.25,12157.792389317636,11181.630794108733,10280.498189507858,11882.150346986577,10890.65314610571,9983.59588246527,2025-10-05T00:00:00Z,causal-ridge-shortlag-v2,True
2025-10-05 00:00:00+00:00,MISO_MINN_HUB,84559,18910,3,65646,101249.75,80788.60883876623,76055.02701066755,71517.80329694462,61547.046501790064,57584.01658014954,53853.5094042089,2025-10-05T00:00:00Z,causal-ridge-shortlag-v2,True
2025-10-05 00:00:00+00:00,SPP_NORTH_HUB,37888,22421,5,15462,46366.75,36495.73495334461,34780.785307822865,32954.71286482835,13755.801207921184,12031.421094320389,10501.666371928,2025-10-05T00:00:00Z,causal-ridge-shortlag-v2,True
2025-10-05 01:00:00+00:00,CAISO_NP15,25113,1576,6824,16713,33983.0,26073.383840679904,26709.407715891062,26691.963612188876,21128.88663042081,22180.24366770669,22615.100562073767,2025-10-05T01:00:00Z,causal-ridge-shortlag-v2,True
2025-10-05 01:00:00+00:00,ISONE_NEMA,12352,249,0,12103,18007.25,11558.96782198786,10693.535285590922,9933.098281210478,11301.882143080304,10425.36054700303,9654.220289400508,2025-10-05T01:00:00Z,causal-ridge-shortlag-v2,True
2025-10-05 01:00:00+00:00,MISO_MINN_HUB,80851,20072,2,60777,101249.75,76183.33199019612,71421.31409786851,67156.85705964471,55747.82175325925,51852.21056483374,48933.22474528667,2025-10-05T01:00:00Z,causal-ridge-shortlag-v2,True
2025-10-05 01:00:00+00:00,SPP_NORTH_HUB,36414,22875,0,13539,46366.75,34671.761073598565,32826.434697069104,31047.832425640627,11633.95919179419,10060.837710420914,8758.920129839235,2025-10-05T01:00:00Z,causal-ridge-shortlag-v2,True
2025-10-05 02:00:00+00:00,CAISO_NP15,26796,2156,401,24239,33983.0,27689.94894288948,27913.006154675026,27204.53257921152,27351.54902645375,26882.951315769897,25482.572174806548,2025-10-05T02:00:00Z,causal-ridge-shortlag-v2,True
2025-10-05 02:00:00+00:00,ISONE_NEMA,11547,176,0,11371,18007.25,10733.947657914136,10019.699048294377,9499.506117044572,10580.748741453031,9871.647682209064,9353.063765412127,2025-10-05T02:00:00Z,causal-ridge-shortlag-v2,True
2025-10-05 02:00:00+00:00,MISO_MINN_HUB,77119,21323,3,55793,101249.75,73117.1208556715,69224.63004048208,65972.50390289942,51635.05941971394,48246.23497843107,45551.76714530017,2025-10-05T02:00:00Z,causal-ridge-shortlag-v2,True
2025-10-05 02:00:00+00:00,SPP_NORTH_HUB,34954,22565,0,12389,46366.75,33395.53385821157,31866.991170854144,30464.620928736076,11140.831210541886,9913.647358772145,8909.684579380388,2025-10-05T02:00:00Z,causal-ridge-shortlag-v2,True
2025-10-05 03:00:00+00:00,CAISO_NP15,26744,2451,0,24293,33983.0,26568.15776544827,25831.150664355584,24656.56641604666,22794.79282807244,22638.18354934193,21762.25380140219,2025-10-05T03:00:00Z,causal-ridge-shortlag-v2,True
2025-10-05 03:00:00+00:00,ISONE_NEMA,10777,104,0,10673,18007.25,10128.83039936566,9615.545267430163,9291.095996833425,10049.51390336108,9547.924500936348,9225.590209586995,2025-10-05T03:00:00Z,causal-ridge-shortlag-v2,True
2025-10-05 03:00:00+00:00,MISO_MINN_HUB,73423,21339,2,52082,101249.75,69992.10397146402,67088.19337092382,64661.986720187095,49369.01485897231,46715.43589979886,45094.96180521308,2025-10-05T03:00:00Z,causal-ridge-shortlag-v2,True
2025-10-05 03:00:00+00:00,SPP_NORTH_HUB,33320,22598,0,10722,46366.75,31787.038860716333,30423.805942448125,29316.96484683252,9339.46201647531,8265.663125022556,7588.2040393938,2025-10-05T03:00:00Z,causal-ridge-shortlag-v2,True
2025-10-05 04:00:00+00:00,CAISO_NP15,26061,2203,0,23858,33983.0,25240.357520548358,24244.043759359512,23176.797346991567,23467.04374445249,22255.214287464634,21202.274560027992,2025-10-05T04:00:00Z,causal-ridge-shortlag-v2,True
2025-10-05 04:00:00+00:00,ISONE_NEMA,10164,104,0,10060,18007.25,9682.717071389989,9350.865476834995,9214.678295181366,9581.753552542315,9249.981515283713,9103.416121612485,2025-10-05T04:00:00Z,causal-ridge-shortlag-v2,True
2025-10-05 04:00:00+00:00,MISO_MINN_HUB,69824,20589,2,49233,101249.75,66912.80178933986,64953.28656695006,63632.30328839997,47363.400536654604,45621.23721459632,45295.34191582783,2025-10-05T04:00:00Z,causal-ridge-shortlag-v2,True
2025-10-05 04:00:00+00:00,SPP_NORTH_HUB,31638,22022,0,9616,46366.75,30227.831230251657,29151.908245825893,28424.840604226792,8816.181990150782,8235.405953626576,8017.284339849251,2025-10-05T04:00:00Z,causal-ridge-shortlag-v2,True
2025-10-05 05:00:00+00:00,CAISO_NP15,25603,2014,0,23589,33983.0,24522.604657331813,23057.94757854737,21547.231736862774,22489.15580620649,21497.929243321956,20476.67035173674,2025-10-05T05:00:00Z,causal-ridge-shortlag-v2,True
2025-10-05 05:00:00+00:00,ISONE_NEMA,9732,102,0,9630,18007.25,9461.862172310128,9335.95221381445,9330.442286917803,9361.845343099543,9220.545084954929,9182.87596809554,2025-10-05T05:00:00Z,causal-ridge-shortlag-v2,True
2025-10-05 05:00:00+00:00,MISO_MINN_HUB,66507,20275,2,46230,101249.75,64138.61020757575,63018.279097583545,62863.81190539905,44515.72940491674,43652.904373245125,44267.00070037497,2025-10-05T05:00:00Z,causal-ridge-shortlag-v2,True
2025-10-05 05:00:00+00:00,SPP_NORTH_HUB,30253,21717,0,8536,46366.75,29179.83523958423,28523.051255059185,28280.408620794144,7854.24561838726,7601.422657056441,7836.291590187993,2025-10-05T05:00:00Z,causal-ridge-shortlag-v2,True
2025-10-05 06:00:00+00:00,CAISO_NP15,24432,1882,0,22550,33983.0,23127.382928276325,21806.75865366258,20647.823855987022,21390.01928213044,20492.288127475207,19693.653256060497,2025-10-05T06:00:00Z,causal-ridge-shortlag-v2,True
2025-10-05 06:00:00+00:00,ISONE_NEMA,9587,47,0,9540,18007.25,9603.956459905374,9668.739776571616,9725.087387814743,9570.142802779534,9609.362631884109,9612.402897841766,2025-10-05T06:00:00Z,causal-ridge-shortlag-v2,True
2025-10-05 06:00:00+00:00,MISO_MINN_HUB,63990,19738,3,44249,101249.75,62713.49631698315,62645.17639979696,63652.493166585016,43717.61793888177,44364.64543045514,45507.99978418187,2025-10-05T06:00:00Z,causal-ridge-shortlag-v2,True
2025-10-05 06:00:00+00:00,SPP_NORTH_HUB,29157,21026,0,8131,46366.75,28465.108886403104,28226.09076142884,28392.433146488765,8116.625493135076,8492.49772809565,9288.202592346131,2025-10-05T06:00:00Z,causal-ridge-shortlag-v2,True
2025-10-05 07:00:00+00:00,CAISO_NP15,23218,1676,0,21542,33983.0,22029.40519948165,20988.68283210141,20305.4073556293,20770.03908475688,19906.609304977657,19216.17941525452,2025-10-05T07:00:00Z,causal-ridge-shortlag-v2,True
2025-10-05 07:00:00+00:00,ISONE_NEMA,9464,37,0,9427,18007.25,9405.039730075385,9426.840686079931,9511.66475233877,9338.820535565466,9307.165913764686,9324.783771241786,2025-10-05T07:00:00Z,causal-ridge-shortlag-v2,True
2025-10-05 07:00:00+00:00,MISO_MINN_HUB,62169,19351,2,42816,101249.75,61634.417915023136,62371.0036213731,64026.31966596792,42662.340304629965,43215.343240318834,44730.16774287229,2025-10-05T07:00:00Z,causal-ridge-shortlag-v2,True
2025-10-05 07:00:00+00:00,SPP_NORTH_HUB,28543,20650,0,7893,46366.75,28335.502750051877,28559.110944548276,29157.524697366105,8163.23870270326,8922.286532407212,10120.46955834663,2025-10-05T07:00:00Z,causal-ridge-shortlag-v2,True
2025-10-05 08:00:00+00:00,CAISO_NP15,22525,1342,0,21183,33983.0,21773.527191197467,21091.109860968427,20732.76245574768,20769.95052511417,19805.838257593157,19045.831447296,2025-10-05T08:00:00Z,causal-ridge-shortlag-v2,True
2025-10-05 08:00:00+00:00,ISONE_NEMA,9434,39,0,9395,18007.25,9500.874315599562,9591.559354752291,9657.792507090033,9421.472236919206,9445.257157207636,9429.1075537846,2025-10-05T08:00:00Z,causal-ridge-shortlag-v2,True
2025-10-05 08:00:00+00:00,MISO_MINN_HUB,61061,18770,3,42288,101249.75,61346.762739339705,62815.43108219616,65159.76931934894,42801.9704511082,44088.16893065683,45861.55550403037,2025-10-05T08:00:00Z,causal-ridge-shortlag-v2,True
2025-10-05 08:00:00+00:00,SPP_NORTH_HUB,28019,20462,0,7557,46366.75,28002.665659078106,28482.29450085015,29368.52720664173,8065.688007958195,9165.92506706208,10674.2076390067,2025-10-05T08:00:00Z,causal-ridge-shortlag-v2,True
2025-10-05 09:00:00+00:00,CAISO_NP15,21564,1000,0,20564,33983.0,20780.731405947736,20437.18551661621,20505.091167273546,19834.55888458165,18796.31336816285,17928.54937228017,2025-10-05T09:00:00Z,causal-ridge-shortlag-v2,True
2025-10-05 09:00:00+00:00,ISONE_NEMA,9549,46,0,9503,18007.25,9702.066309922047,9769.318855703088,9750.790807423513,9601.129145043064,9581.198778431632,9461.39052078742,2025-10-05T09:00:00Z,causal-ridge-shortlag-v2,True
2025-10-05 09:00:00+00:00,MISO_MINN_HUB,60604,18663,3,41938,101249.75,61434.86872597128,63361.83893627515,66068.79767961615,42392.12202571124,43441.23465110698,45256.30259478808,2025-10-05T09:00:00Z,causal-ridge-shortlag-v2,True
2025-10-05 09:00:00+00:00,SPP_NORTH_HUB,27742,19850,0,7892,46366.75,28007.3605789612,28770.991897643857,29913.55840736659,8933.826387779169,10418.116725824691,12215.788082982455,2025-10-05T09:00:00Z,causal-ridge-shortlag-v2,True
2025-10-05 10:00:00+00:00,CAISO_NP15,20971,873,0,20098,33983.0,20694.507974207667,20740.149118339297,21143.87756078086,19476.83666216502,18170.609312648223,17081.929780267168,2025-10-05T10:00:00Z,causal-ridge-shortlag-v2,True
2025-10-05 10:00:00+00:00,ISONE_NEMA,9689,68,1,9620,18007.25,9824.045430442417,9848.995057188711,9758.710163702772,9684.617292063433,9602.547507287756,9394.84004384323,2025-10-05T10:00:00Z,causal-ridge-shortlag-v2,True
2025-10-05 10:00:00+00:00,MISO_MINN_HUB,60622,18108,2,42512,101249.75,62016.82936832903,64320.164619178206,67217.58642501118,43524.78005020326,45057.96463842488,46699.55733564477,2025-10-05T10:00:00Z,causal-ridge-shortlag-v2,True
2025-10-05 10:00:00+00:00,SPP_NORTH_HUB,27729,19875,0,7854,46366.75,28248.507460573484,29212.36090675194,30521.66421120207,8765.419091401202,10337.236246113383,12295.406694594149,2025-10-05T10:00:00Z,causal-ridge-shortlag-v2,True
2025-10-05 11:00:00+00:00,CAISO_NP15,20353,585,0,19768,33983.0,20230.82012385044,20577.6228473658,21238.923178607547,18844.271879433563,17286.83182605723,15954.478457104931,2025-10-05T11:00:00Z,causal-ridge-shortlag-v2,True
2025-10-05 11:00:00+00:00,ISONE_NEMA,9996,90,74,9832,18007.25,10186.638775402302,10154.64342157432,10003.631739843848,9921.785097791988,9775.199794545788,9508.54454277071,2025-10-05T11:00:00Z,causal-ridge-shortlag-v2,True
2025-10-05 11:00:00+00:00,MISO_MINN_HUB,61838,17964,3,43871,101249.75,64107.53304641784,66791.70052587366,69809.92808166833,45275.56043673027,46656.04636986263,47970.98894718647,2025-10-05T11:00:00Z,causal-ridge-shortlag-v2,True
2025-10-05 11:00:00+00:00,SPP_NORTH_HUB,28073,19955,0,8118,46366.75,28881.683627195325,30038.91074382572,31433.25116366949,9336.58589380624,11116.191616728742,13192.258908296768,2025-10-05T11:00:00Z,causal-ridge-shortlag-v2,True
2025-10-05 12:00:00+00:00,CAISO_NP15,20197,445,0,19752,33983.0,20468.696541961304,21101.602949767963,21936.67524938185,18600.043061970013,16771.079309961304,15173.271803086302,2025-10-05T12:00:00Z,causal-ridge-shortlag-v2,True
2025-10-05 12:00:00+00:00,ISONE_NEMA,9722,111,358,9253,18007.25,9191.17175064081,8924.109190800864,9092.005855194117,8528.565650551618,8143.171563302188,8252.239734279181,2025-10-05T12:00:00Z,causal-ridge-shortlag-v2,True
2025-10-05 12:00:00+00:00,MISO_MINN_HUB,62896,17471,1101,44324,101249.75,64753.08468257648,67282.36910642503,70054.35078504107,44750.796869048034,45351.16412494857,47135.83558083861,2025-10-05T12:00:00Z,causal-ridge-shortlag-v2,True
2025-10-05 12:00:00+00:00,SPP_NORTH_HUB,28397,20245,2,8150,46366.75,29207.977827521736,30362.822014631616,31755.604621018672,9310.707841151114,11095.938648043568,13150.296617906595,2025-10-05T12:00:00Z,causal-ridge-shortlag-v2,True
2025-10-05 13:00:00+00:00,CAISO_NP15,20575,529,0,20046,33983.0,21260.825458122505,22115.60091368088,22945.97694678812,18634.336560322976,16432.819485408883,14502.891163073176,2025-10-05T13:00:00Z,causal-ridge-shortlag-v2,True
2025-10-05 13:00:00+00:00,ISONE_NEMA,9222,100,626,8496,18007.25,8900.417184728536,9023.338171047972,9546.428659882036,8031.993146491505,8097.674226340142,8620.770302091549,2025-10-05T13:00:00Z,causal-ridge-shortlag-v2,True
2025-10-05 13:00:00+00:00,MISO_MINN_HUB,65093,17100,7132,40861,101249.75,67422.32754735994,70429.0142880989,74475.7528875516,39939.8820010851,42106.23771916388,46668.37429406034,2025-10-05T13:00:00Z,causal-ridge-shortlag-v2,True
2025-10-05 13:00:00+00:00,SPP_NORTH_HUB,29204,19904,81,9219,46366.75,30367.80918839692,31714.53004293531,33127.18868421014,10952.11227363244,12937.63655121694,15006.432843481669,2025-10-05T13:00:00Z,causal-ridge-shortlag-v2,True
2025-10-05 14:00:00+00:00,CAISO_NP15,20769,497,1,20271,33983.0,21563.3476314172,22469.83532320921,23183.92400856382,18375.97910417032,15774.18771678762,13439.142230790088,2025-10-05T14:00:00Z,causal-ridge-shortlag-v2,True
2025-10-05 14:00:00+00:00,ISONE_NEMA,8976,101,772,8103,18007.25,9129.649073644156,9669.4392104697,10474.5914476683,8194.187832179974,8733.075134452663,9575.099144883116,2025-10-05T14:00:00Z,causal-ridge-shortlag-v2,True
2025-10-05 14:00:00+00:00,MISO_MINN_HUB,68187,16988,11198,40001,101249.75,71770.8759610082,75744.52400659543,80321.29351578988,42631.97845830771,48094.3110771519,53074.55801168631,2025-10-05T14:00:00Z,causal-ridge-shortlag-v2,True
2025-10-05 14:00:00+00:00,SPP_NORTH_HUB,30681,20141,338,10202,46366.75,32317.476963489025,33945.535904914286,35465.685332996705,11837.015809620758,13782.398148026468,15766.09090041258,2025-10-05T14:00:00Z,causal-ridge-shortlag-v2,True
2025-10-05 15:00:00+00:00,CAISO_NP15,21323,448,3998,16877,33983.0,22041.59377748735,22576.32098855798,23042.05279866955,12978.737183563677,11537.22812308238,10257.121038619369,2025-10-05T15:00:00Z,causal-ridge-shortlag-v2,True
2025-10-05 15:00:00+00:00,ISONE_NEMA,9015,126,845,8044,18007.25,9413.446159351888,10197.896803708754,11246.957643287024,8431.00960463349,9263.261713865291,10393.171448175255,2025-10-05T15:00:00Z,causal-ridge-shortlag-v2,True
2025-10-05 15:00:00+00:00,MISO_MINN_HUB,71538,18802,12120,40616,101249.75,75154.57063378028,79039.28468753108,82494.2993346325,43839.216494782886,47072.67076209032,51522.348878366,2025-10-05T15:00:00Z,causal-ridge-shortlag-v2,True
2025-10-05 15:00:00+00:00,SPP_NORTH_HUB,32161,20773,408,10980,46366.75,33720.83668247461,35180.13167345597,36445.66944299309,12556.020864541317,14405.887056257494,16136.050827266405,2025-10-05T15:00:00Z,causal-ridge-shortlag-v2,True
2025-10-05 16:00:00+00:00,CAISO_NP15,22436,467,12920,9049,33983.0,23002.378816052464,23112.5604885145,23368.970241786647,4705.446903735701,5174.005546778411,6152.37145723295,2025-10-05T16:00:00Z,causal-ridge-shortlag-v2,True
2025-10-05 16:00:00+00:00,ISONE_NEMA,9357,180,862,8315,18007.25,10003.439531609469,10973.340956771215,12122.365251482584,8985.363586425896,10038.713477847308,11297.148764012363,2025-10-05T16:00:00Z,causal-ridge-shortlag-v2,True
2025-10-05 16:00:00+00:00,MISO_MINN_HUB,74978,21135,11752,42091,101249.75,78406.7466232052,81728.29203170679,84491.49419063427,45531.68976732516,49021.28131962721,52791.44732301994,2025-10-05T16:00:00Z,causal-ridge-shortlag-v2,True
2025-10-05 16:00:00+00:00,SPP_NORTH_HUB,33906,21000,531,12375,46366.75,35501.64953310199,36857.66914055953,37897.1195752338,14073.097332146674,15766.727281654168,17167.385622775768,2025-10-05T16:00:00Z,causal-ridge-shortlag-v2,True
2025-10-05 17:00:00+00:00,CAISO_NP15,23504,552,15598,7354,33983.0,23893.801618788457,24268.20952276132,24543.78645703252,7967.569914977819,7902.65715958844,8492.767826182448,2025-10-05T17:00:00Z,causal-ridge-shortlag-v2,True
2025-10-05 17:00:00+00:00,ISONE_NEMA,9937,208,848,8881,18007.25,10727.035850110384,11745.337940767278,12859.145675317115,9726.65857981382,10852.849476821291,12095.337357363316,2025-10-05T17:00:00Z,causal-ridge-shortlag-v2,True
2025-10-05 17:00:00+00:00,MISO_MINN_HUB,78256,21520,11351,45385,101249.75,81405.61586439193,84100.40985584716,85951.35554507785,49714.78224760698,53760.65363461329,57044.783307007696,2025-10-05T17:00:00Z,causal-ridge-shortlag-v2,True
2025-10-05 17:00:00+00:00,SPP_NORTH_HUB,35746,20970,675,14101,46366.75,37282.870926907526,38440.59019957132,39163.80977975592,15794.219411998412,17188.522547718836,18124.085666576077,2025-10-05T17:00:00Z,causal-ridge-shortlag-v2,True
2025-10-05 18:00:00+00:00,CAISO_NP15,23375,716,16466,6193,33983.0,23385.437774474944,23470.01121836238,23546.80431305619,5983.8832829444,7513.414626644339,8698.0726691611,2025-10-05T18:00:00Z,causal-ridge-shortlag-v2,True
2025-10-05 18:00:00+00:00,ISONE_NEMA,10212,212,792,9208,18007.25,10733.890777370078,11600.454889712795,12588.317253044548,9798.028871728082,10777.379200962336,11905.292980133903,2025-10-05T18:00:00Z,causal-ridge-shortlag-v2,True
2025-10-05 18:00:00+00:00,MISO_MINN_HUB,81336,21386,11099,48851,101249.75,83872.75546088947,85707.80390310423,86510.53490375413,52695.08326220856,55784.41815959931,58440.90418501677,2025-10-05T18:00:00Z,causal-ridge-shortlag-v2,True
2025-10-05 18:00:00+00:00,SPP_NORTH_HUB,37525,20610,653,16262,46366.75,38787.73695665829,39541.84369634844,39779.0185859439,17860.63419022528,18893.260757248147,19314.3895596288,2025-10-05T18:00:00Z,causal-ridge-shortlag-v2,True
2025-10-05 19:00:00+00:00,CAISO_NP15,23820,785,17176,5859,33983.0,24258.234550123827,24813.806007608822,25551.301622041137,6946.50547646039,9261.54869358312,11353.22464786697,2025-10-05T19:00:00Z,causal-ridge-shortlag-v2,True
2025-10-05 19:00:00+00:00,ISONE_NEMA,11411,231,642,10538,18007.25,12825.339036249316,13985.60548152904,14699.1262122656,12110.127086271374,13423.664627423535,14252.608739171985,2025-10-05T19:00:00Z,causal-ridge-shortlag-v2,True
2025-10-05 19:00:00+00:00,MISO_MINN_HUB,83346,20907,11079,51360,101249.75,84617.2403284046,85284.28890257691,85080.10597775808,54078.8298838101,56549.84365817114,58674.07446149381,2025-10-05T19:00:00Z,causal-ridge-shortlag-v2,True
2025-10-05 19:00:00+00:00,SPP_NORTH_HUB,38859,19995,594,18270,46366.75,39613.53306011861,39798.94670454044,39464.39913995794,19463.092252772745,19976.171225820573,19823.328371991494,2025-10-05T19:00:00Z,causal-ridge-shortlag-v2,True
2025-10-05 20:00:00+00:00,CAISO_NP15,23781,763,17046,5972,33983.0,24135.257153391147,24876.76709506311,25779.631975232,7510.009412505449,10254.44048043829,12844.597214588432,2025-10-05T20:00:00Z,causal-ridge-shortlag-v2,True
2025-10-05 20:00:00+00:00,ISONE_NEMA,13195,261,418,12516,18007.25,14660.439857413085,15465.386685230864,15648.71158840976,14153.4098275198,15070.39997611028,15316.644545342291,2025-10-05T20:00:00Z,causal-ridge-shortlag-v2,True
2025-10-05 20:00:00+00:00,MISO_MINN_HUB,85187,19073,10852,55262,101249.75,86397.85904945899,86563.66886734021,85840.33150653123,59080.91598644528,62628.66552585716,64032.02319342214,2025-10-05T20:00:00Z,causal-ridge-shortlag-v2,True
2025-10-05 20:00:00+00:00,SPP_NORTH_HUB,39835,19693,606,19536,46366.75,40173.341256751926,39918.446334024135,39156.67801331827,20023.985922385447,19865.015617334542,19121.351341097172,2025-10-05T20:00:00Z,causal-ridge-shortlag-v2,True
2025-10-05 21:00:00+00:00,CAISO_NP15,23815,815,17038,5962,33983.0,24318.08861117866,25057.628966175387,25949.59466942342,7706.393260042472,10976.219794720737,13964.1279330917,2025-10-05T21:00:00Z,causal-ridge-shortlag-v2,True
2025-10-05 21:00:00+00:00,ISONE_NEMA,14702,259,128,14315,18007.25,15644.595383613268,15861.45196803126,15366.753023908195,15417.03747499608,15692.844744844266,15206.142167122296,2025-10-05T21:00:00Z,causal-ridge-shortlag-v2,True
2025-10-05 21:00:00+00:00,MISO_MINN_HUB,86569,17140,9609,59820,101249.75,87073.64507244145,86448.71877146406,84529.496422334,63364.05778134654,65117.52749798608,65434.65214549629,2025-10-05T21:00:00Z,causal-ridge-shortlag-v2,True
2025-10-05 21:00:00+00:00,SPP_NORTH_HUB,40354,19807,601,19946,46366.75,40217.45400685273,39524.424935676194,38382.404223998536,19723.461965801376,18987.03347471396,17785.038544542844,2025-10-05T21:00:00Z,causal-ridge-shortlag-v2,True
2025-10-05 22:00:00+00:00,CAISO_NP15,23221,870,16632,5719,33983.0,23436.298228607026,24231.069882618714,25272.810581680096,7763.441085512395,11452.421036913864,14872.677867367747,2025-10-05T22:00:00Z,causal-ridge-shortlag-v2,True
2025-10-05 22:00:00+00:00,ISONE_NEMA,15040,356,8,14676,18007.25,14641.659679426955,13886.49141571059,12957.340735071291,14261.2647484858,13491.186622789795,12557.660146185404,2025-10-05T22:00:00Z,causal-ridge-shortlag-v2,True
2025-10-05 22:00:00+00:00,MISO_MINN_HUB,86560,15012,5062,66486,101249.75,86030.8964879953,84230.26163461586,80854.51871302666,70115.48524130974,70607.5606875083,68153.72739098547,2025-10-05T22:00:00Z,causal-ridge-shortlag-v2,True
2025-10-05 22:00:00+00:00,SPP_NORTH_HUB,40164,20449,622,19093,46366.75,39463.1335388982,38378.81640602187,37012.20452001473,18068.258486919745,16782.615277788547,15221.87429699791,2025-10-05T22:00:00Z,causal-ridge-shortlag-v2,True
2025-10-05 23:00:00+00:00,CAISO_NP15,23117,858,16052,6207,33983.0,23792.012138530423,24549.99520112445,25428.50987464309,8999.139366365269,12938.16734842312,16480.01162514119,2025-10-05T23:00:00Z,causal-ridge-shortlag-v2,True
2025-10-05 23:00:00+00:00,ISONE_NEMA,14917,483,4,14430,18007.25,14286.821041015502,13327.030764191712,12261.428771604868,13748.454925292084,12772.821345423768,11702.67534295371,2025-10-05T23:00:00Z,causal-ridge-shortlag-v2,True
2025-10-05 23:00:00+00:00,MISO_MINN_HUB,84886,12785,483,71618,101249.75,82540.420103079,79098.8438664913,74335.38419282546,72275.25834188276,69216.03127341448,64638.30510772295,2025-10-05T23:00:00Z,causal-ridge-shortlag-v2,True
2025-10-05 23:00:00+00:00,SPP_NORTH_HUB,39052,20141,180,18731,46366.75,37541.2400645807,35815.43666530145,33985.53522878158,17733.198488364113,16152.90542106642,14318.587318413382,2025-10-05T23:00:00Z,causal-ridge-shortlag-v2,True
2025-10-06 00:00:00+00:00,CAISO_NP15,24161,832,14395,8934,33983.0,25090.345110599534,25891.408897861347,26573.555694561863,12751.169505901362,16552.719841931972,19628.918550077116,2025-10-06T00:00:00Z,causal-ridge-shortlag-v2,True
2025-10-06 00:00:00+00:00,ISONE_NEMA,14264,543,3,13718,18007.25,13273.387293660562,12197.43180826204,11245.193977195397,12689.431113277293,11588.04317374042,10629.36359685162,2025-10-06T00:00:00Z,causal-ridge-shortlag-v2,True
2025-10-06 00:00:00+00:00,MISO_MINN_HUB,83539,13069,14,70456,101249.75,80583.66041008507,76474.20092960732,72313.72554944939,66894.3532644253,63168.15766554136,59634.76868736265,2025-10-06T00:00:00Z,causal-ridge-shortlag-v2,True
2025-10-06 00:00:00+00:00,SPP_NORTH_HUB,38021,20867,11,17143,46366.75,36671.543414946056,34974.71524819404,33137.6111607155,15347.860980969002,13454.52167540216,11738.553240064732,2025-10-06T00:00:00Z,causal-ridge-shortlag-v2,True
2025-10-06 01:00:00+00:00,CAISO_NP15,26301,693,6734,18874,33983.0,27522.964933040254,28484.25219744076,28747.54181502693,25002.59563053895,26147.489625771454,26458.431213635005,2025-10-06T01:00:00Z,causal-ridge-shortlag-v2,True
2025-10-06 01:00:00+00:00,ISONE_NEMA,13363,552,0,12811,18007.25,12402.522259325277,11455.821417628596,10650.268728591407,11835.77726404821,10878.826353686743,10071.833702115431,2025-10-06T01:00:00Z,causal-ridge-shortlag-v2,True
2025-10-06 01:00:00+00:00,MISO_MINN_HUB,80133,14635,6,65492,101249.75,75566.12170526844,70931.12939579412,66827.46971647801,59957.38173175561,55976.00942336151,52787.92830718984,2025-10-06T01:00:00Z,causal-ridge-shortlag-v2,True
2025-10-06 01:00:00+00:00,SPP_NORTH_HUB,36641,21513,0,15128,46366.75,34983.42918423,33196.47144781073,31438.55998690292,13184.134671602656,11431.782987532111,9948.02607683207,2025-10-06T01:00:00Z,causal-ridge-shortlag-v2,True
2025-10-06 02:00:00+00:00,CAISO_NP15,28013,658,469,26886,33983.0,29176.55613203469,29504.85684777192,28842.04635623295,29490.729884328364,29228.92897055957,27842.652881637056,2025-10-06T02:00:00Z,causal-ridge-shortlag-v2,True
2025-10-06 02:00:00+00:00,ISONE_NEMA,12432,581,0,11851,18007.25,11548.596783345336,10786.245705037389,10251.048806620624,10961.998783289591,10203.724237582845,9676.918315364202,2025-10-06T02:00:00Z,causal-ridge-shortlag-v2,True
2025-10-06 02:00:00+00:00,MISO_MINN_HUB,76053,15838,6,60209,101249.75,71818.52202754164,67796.05635488707,64464.2583984699,55549.328777668015,52085.37722645012,48880.27758655798,2025-10-06T02:00:00Z,causal-ridge-shortlag-v2,True
2025-10-06 02:00:00+00:00,SPP_NORTH_HUB,34888,21552,0,13336,46366.75,33188.605136007965,31566.054924938675,30115.83298678034,11800.418711608076,10352.139062043663,9191.26088897822,2025-10-06T02:00:00Z,causal-ridge-shortlag-v2,True
2025-10-06 03:00:00+00:00,CAISO_NP15,28025,715,0,27310,33983.0,27937.66142427463,27385.913504737164,26478.976491930163,25980.27238074304,25355.123104335875,24336.001756913163,2025-10-06T03:00:00Z,causal-ridge-shortlag-v2,True
2025-10-06 03:00:00+00:00,ISONE_NEMA,11855,636,0,11219,18007.25,11342.010077023308,10884.489305287774,10590.51604683334,10708.997988908568,10261.297798722797,9969.150049387148,2025-10-06T03:00:00Z,causal-ridge-shortlag-v2,True
2025-10-06 03:00:00+00:00,MISO_MINN_HUB,72361,15409,6,56946,101249.75,69083.00303090364,66203.49548286066,63690.147294652896,54459.23391961124,51802.63909767133,49413.26466702634,2025-10-06T03:00:00Z,causal-ridge-shortlag-v2,True
2025-10-06 03:00:00+00:00,SPP_NORTH_HUB,32844,21062,0,11782,46366.75,31091.824646972596,29621.692322279992,28489.132934316647,10519.189151726998,9439.255773279783,8730.829664966706,2025-10-06T03:00:00Z,causal-ridge-shortlag-v2,True
2025-10-06 04:00:00+00:00,CAISO_NP15,27122,736,0,26386,33983.0,26192.371669160693,25130.05636978803,24023.612383884105,25353.905800288063,23771.02888438988,22587.795590989022,2025-10-06T04:00:00Z,causal-ridge-shortlag-v2,True
2025-10-06 04:00:00+00:00,ISONE_NEMA,11472,688,0,10784,18007.25,11073.310549877238,10755.983722588888,10636.736306557204,10376.257694245369,10053.859223793575,9926.543912260076,2025-10-06T04:00:00Z,causal-ridge-shortlag-v2,True
2025-10-06 04:00:00+00:00,MISO_MINN_HUB,68637,15197,6,53434,101249.75,65486.69118357368,63308.91846644233,61571.58861681749,50753.60375492944,47637.42803479456,46438.43934348552,2025-10-06T04:00:00Z,causal-ridge-shortlag-v2,True
2025-10-06 04:00:00+00:00,SPP_NORTH_HUB,30981,20146,0,10835,46366.75,29507.98654853692,28420.49895501636,27730.00488657492,10056.336805496709,9437.462150272724,9229.97766468176,2025-10-06T04:00:00Z,causal-ridge-shortlag-v2,True
2025-10-06 05:00:00+00:00,CAISO_NP15,26302,711,0,25591,33983.0,25131.8961030372,23622.12953725648,22092.985198261405,24034.333774535444,22683.745646461728,21500.081331989717,2025-10-06T05:00:00Z,causal-ridge-shortlag-v2,True
2025-10-06 05:00:00+00:00,ISONE_NEMA,10999,689,0,10310,18007.25,10623.105699940665,10437.136375313858,10426.093625540016,9924.432918648245,9722.658137588547,9694.141568896017,2025-10-06T05:00:00Z,causal-ridge-shortlag-v2,True
2025-10-06 05:00:00+00:00,MISO_MINN_HUB,65941,13826,7,52108,101249.75,64296.26558925242,63466.66997456557,63368.347111594034,51680.03830612935,51758.11670428634,51597.06034841883,2025-10-06T05:00:00Z,causal-ridge-shortlag-v2,True
2025-10-06 05:00:00+00:00,SPP_NORTH_HUB,29271,19303,0,9968,46366.75,28095.969801512943,27397.64876867714,27156.89685014481,9483.84730967599,9342.731289807009,9673.50767121916,2025-10-06T05:00:00Z,causal-ridge-shortlag-v2,True
2025-10-06 06:00:00+00:00,CAISO_NP15,24917,729,0,24188,33983.0,23488.83452301271,22115.125030162864,20940.41904802899,22467.369278158785,21458.968103363597,20546.60296148214,2025-10-06T06:00:00Z,causal-ridge-shortlag-v2,True
2025-10-06 06:00:00+00:00,ISONE_NEMA,10673,680,0,9993,18007.25,10563.815384955313,10563.198040112142,10591.055702436088,9877.617265591192,9857.168938842811,9851.478255897351,2025-10-06T06:00:00Z,causal-ridge-shortlag-v2,True
2025-10-06 06:00:00+00:00,MISO_MINN_HUB,64235,13287,6,50942,101249.75,63362.15664300301,63442.28840487405,64077.52419035126,50497.05430556922,49933.33514596334,50536.92423061418,2025-10-06T06:00:00Z,causal-ridge-shortlag-v2,True
2025-10-06 06:00:00+00:00,SPP_NORTH_HUB,28336,18107,0,10229,46366.75,27828.010725183314,27749.58373448639,28042.225585628028,10532.558007962363,11014.674181138083,11877.279062931855,2025-10-06T06:00:00Z,causal-ridge-shortlag-v2,True
2025-10-06 07:00:00+00:00,CAISO_NP15,23515,670,0,22845,33983.0,22312.894587899977,21307.578314925137,20653.92928214036,21606.47544587622,20740.644781319854,19956.903790013537,2025-10-06T07:00:00Z,causal-ridge-shortlag-v2,True
2025-10-06 07:00:00+00:00,ISONE_NEMA,10547,610,0,9937,18007.25,10584.97889237864,10682.087633838562,10783.449624890443,9990.82612226942,10070.560189814718,10135.54140400562,2025-10-06T07:00:00Z,causal-ridge-shortlag-v2,True
2025-10-06 07:00:00+00:00,MISO_MINN_HUB,63032,12765,6,50261,101249.75,62806.26815186867,63617.54456964672,65147.73203466782,50245.08745827507,50816.066788148506,51866.16032827263,2025-10-06T07:00:00Z,causal-ridge-shortlag-v2,True
2025-10-06 07:00:00+00:00,SPP_NORTH_HUB,27717,17188,0,10529,46366.75,27598.640565216974,27916.249398019558,28600.54079674193,11124.540374188931,12046.715061732735,13319.48772151717,2025-10-06T07:00:00Z,causal-ridge-shortlag-v2,True
2025-10-06 08:00:00+00:00,CAISO_NP15,22522,666,0,21856,33983.0,21735.910375547468,21130.744822344845,20866.69276529761,20915.45840455251,20118.36404808022,19333.015197286582,2025-10-06T08:00:00Z,causal-ridge-shortlag-v2,True
2025-10-06 08:00:00+00:00,ISONE_NEMA,10710,566,0,10144,18007.25,10928.452855083042,11092.065554589317,11204.643775197448,10361.505933757297,10493.680483732558,10554.2806681009,2025-10-06T08:00:00Z,causal-ridge-shortlag-v2,True
2025-10-06 08:00:00+00:00,MISO_MINN_HUB,62383,11696,6,50681,101249.75,62899.9449798932,64363.35705929076,66421.45699453878,51408.667735009,52408.13287926431,53409.67286410088,2025-10-06T08:00:00Z,causal-ridge-shortlag-v2,True
2025-10-06 08:00:00+00:00,SPP_NORTH_HUB,27444,16437,0,11007,46366.75,27644.186644755264,28305.029909366654,29329.44162145271,11886.675497236967,13142.33058597656,14695.130286602707,2025-10-06T08:00:00Z,causal-ridge-shortlag-v2,True
2025-10-06 09:00:00+00:00,CAISO_NP15,21440,488,0,20952,33983.0,20825.26716991698,20623.69135999108,20790.863376519617,20029.254034212736,19168.846915203598,18236.768130322223,2025-10-06T09:00:00Z,causal-ridge-shortlag-v2,True
2025-10-06 09:00:00+00:00,ISONE_NEMA,11336,491,0,10845,18007.25,11874.673281618176,12153.825207374774,12222.791920816671,11399.358250729863,11641.919469801403,11641.78702465273,2025-10-06T09:00:00Z,causal-ridge-shortlag-v2,True
2025-10-06 09:00:00+00:00,MISO_MINN_HUB,63372,11770,6,51596,101249.75,65085.87423770869,67238.68149651107,69846.80994214785,52643.30701687837,53783.283846560815,54886.51460484389,2025-10-06T09:00:00Z,causal-ridge-shortlag-v2,True
2025-10-06 09:00:00+00:00,SPP_NORTH_HUB,27596,15122,0,12474,46366.75,28162.770676959444,29140.003634056466,30404.847467334803,14004.760807476963,15639.156588073847,17407.848556468212,2025-10-06T09:00:00Z,causal-ridge-shortlag-v2,True
2025-10-06 10:00:00+00:00,CAISO_NP15,20750,446,0,20304,33983.0,20594.809117782526,20771.77641284389,21265.35344439189,19426.96414831765,18402.87254164485,17253.4775745151,2025-10-06T10:00:00Z,causal-ridge-shortlag-v2,True
2025-10-06 10:00:00+00:00,ISONE_NEMA,11885,388,0,11497,18007.25,12201.491472865231,12319.660001509694,12305.786267744708,11807.86796752522,11863.00678804884,11768.608866801362,2025-10-06T10:00:00Z,causal-ridge-shortlag-v2,True
2025-10-06 10:00:00+00:00,MISO_MINN_HUB,66012,10509,6,55497,101249.75,69162.72062792671,72177.31659205264,75097.93925709045,58621.0017180124,60886.95144168477,61671.2833835383,2025-10-06T10:00:00Z,causal-ridge-shortlag-v2,True
2025-10-06 10:00:00+00:00,SPP_NORTH_HUB,28450,13887,0,14563,46366.75,29490.03957772627,30780.274552989224,32229.73856243031,16338.44381127969,18189.85620540247,20104.817497150107,2025-10-06T10:00:00Z,causal-ridge-shortlag-v2,True
2025-10-06 11:00:00+00:00,CAISO_NP15,20511,583,0,19928,33983.0,20660.54051414492,21186.20513143084,21928.45086591658,18879.1073786907,17653.706357454757,16248.300136508737,2025-10-06T11:00:00Z,causal-ridge-shortlag-v2,True
2025-10-06 11:00:00+00:00,ISONE_NEMA,12431,325,59,12047,18007.25,12727.55665117575,12757.16358043836,12635.338561811912,12289.884687465246,12242.175510818151,12035.83933644928,2025-10-06T11:00:00Z,causal-ridge-shortlag-v2,True
2025-10-06 11:00:00+00:00,MISO_MINN_HUB,70494,9459,6,61029,101249.75,74744.201666669,78246.17503600541,81040.5014879481,64636.64296971719,66031.55484861154,66373.85744013739,2025-10-06T11:00:00Z,causal-ridge-shortlag-v2,True
2025-10-06 11:00:00+00:00,SPP_NORTH_HUB,30038,13164,0,16874,46366.75,31525.15946810309,33053.48966415213,34565.21069757985,18725.359869215983,20641.573536830285,22522.255565708765,2025-10-06T11:00:00Z,causal-ridge-shortlag-v2,True
2025-10-06 12:00:00+00:00,CAISO_NP15,21279,726,0,20553,33983.0,21913.01536186393,22730.95311082337,23531.70579493431,19534.60990535564,17893.178449848252,15998.472637504456,2025-10-06T12:00:00Z,causal-ridge-shortlag-v2,True
2025-10-06 12:00:00+00:00,ISONE_NEMA,11828,243,292,11293,18007.25,11004.761299138074,10599.26949426098,10736.998805922249,10315.234804408004,9817.4894948438,9931.656388705243,2025-10-06T12:00:00Z,causal-ridge-shortlag-v2,True
2025-10-06 12:00:00+00:00,MISO_MINN_HUB,72711,8258,533,63920,101249.75,74585.68253084984,76816.57611370574,78553.04316941478,64300.46190812262,63240.993406836256,63564.83174612053,2025-10-06T12:00:00Z,causal-ridge-shortlag-v2,True
2025-10-06 12:00:00+00:00,SPP_NORTH_HUB,31167,12264,3,18900,46366.75,32327.15572803403,33620.50399621369,34971.004462369914,20737.465804394444,22591.0608165148,24249.799270300853,2025-10-06T12:00:00Z,causal-ridge-shortlag-v2,True
2025-10-06 13:00:00+00:00,CAISO_NP15,21851,754,0,21097,33983.0,22626.39287189435,23527.66317410939,24212.0064563302,19507.08816712885,17328.955995769604,14928.17307567678,2025-10-06T13:00:00Z,causal-ridge-shortlag-v2,True
2025-10-06 13:00:00+00:00,ISONE_NEMA,10916,164,547,10205,18007.25,10406.522685317024,10438.861844684398,10879.904639551449,9577.306667968034,9572.223336920031,10029.067124035057,2025-10-06T13:00:00Z,causal-ridge-shortlag-v2,True
2025-10-06 13:00:00+00:00,MISO_MINN_HUB,74104,6813,3710,63581,101249.75,75451.7718509118,77250.20651554932,79770.69360811179,62600.74323884701,64043.82675249609,65814.07211840093,2025-10-06T13:00:00Z,causal-ridge-shortlag-v2,True
2025-10-06 13:00:00+00:00,SPP_NORTH_HUB,31782,11300,170,20312,46366.75,32742.91226579344,33917.357263017424,35192.27300735716,21966.761954293623,23540.32589433347,24909.599624330305,2025-10-06T13:00:00Z,causal-ridge-shortlag-v2,True
2025-10-06 14:00:00+00:00,CAISO_NP15,23723,834,0,22889,33983.0,24807.861900208245,25692.99392053077,26145.785691157143,21191.38755698855,18413.241708171663,15349.800510400011,2025-10-06T14:00:00Z,causal-ridge-shortlag-v2,True
2025-10-06 14:00:00+00:00,ISONE_NEMA,10351,136,743,9472,18007.25,10289.448978012046,10698.557522658502,11491.204157166749,9345.403148310756,9763.215289472128,10606.837420273912,2025-10-06T14:00:00Z,causal-ridge-shortlag-v2,True
2025-10-06 14:00:00+00:00,MISO_MINN_HUB,75956,5971,6429,63556,101249.75,77895.2075300808,79944.92991786195,82457.62547956633,64077.58554642271,66807.48287821021,68663.3611833328,2025-10-06T14:00:00Z,causal-ridge-shortlag-v2,True
2025-10-06 14:00:00+00:00,SPP_NORTH_HUB,32888,9518,489,22881,46366.75,34205.899580025325,35583.45757797944,36876.73264058885,24993.82964527484,26678.260422985382,28028.03575707216,2025-10-06T14:00:00Z,causal-ridge-shortlag-v2,True
2025-10-06 15:00:00+00:00,CAISO_NP15,25226,817,3898,20511,33983.0,25998.30188726816,26397.899984036605,26408.484943683263,16351.832177460608,14344.208102007668,12245.31835196374,2025-10-06T15:00:00Z,causal-ridge-shortlag-v2,True
2025-10-06 15:00:00+00:00,ISONE_NEMA,10273,100,822,9351,18007.25,10668.000921719944,11451.299684019335,12500.687424568086,9763.165701955986,10604.370418528346,11737.526402156916,2025-10-06T15:00:00Z,causal-ridge-shortlag-v2,True
2025-10-06 15:00:00+00:00,MISO_MINN_HUB,78471,6530,7261,64680,101249.75,80831.71199575166,82957.55355058606,84745.94331995716,66140.74573303142,67909.87340437327,69484.13899212689,2025-10-06T15:00:00Z,causal-ridge-shortlag-v2,True
2025-10-06 15:00:00+00:00,SPP_NORTH_HUB,34195,10013,606,23576,46366.75,35559.1574374451,36834.97871106917,37958.94437123176,24472.31298144375,25551.056268645825,26524.9064310857,2025-10-06T15:00:00Z,causal-ridge-shortlag-v2,True
2025-10-06 16:00:00+00:00,CAISO_NP15,27590,833,13254,13503,33983.0,28224.139194290936,27995.059782608645,27655.323425813996,8872.471498628349,8566.031263441904,8628.7322222129,2025-10-06T16:00:00Z,causal-ridge-shortlag-v2,True
2025-10-06 16:00:00+00:00,ISONE_NEMA,10492,109,844,9539,18007.25,11081.180920824749,12015.927052275973,13157.839702562484,10157.601058080909,11170.44800031523,12415.886968278252,2025-10-06T16:00:00Z,causal-ridge-shortlag-v2,True
2025-10-06 16:00:00+00:00,MISO_MINN_HUB,81185,5997,7217,67971,101249.75,83742.35462384348,85771.28425111185,86937.88225727486,70739.08781593268,72861.07786127835,74130.57904959042,2025-10-06T16:00:00Z,causal-ridge-shortlag-v2,True
2025-10-06 16:00:00+00:00,SPP_NORTH_HUB,35573,9984,629,24960,46366.75,36869.97895916037,37979.92506305319,38800.39173240773,26280.33637154801,27319.618019662463,27971.881291320045,2025-10-06T16:00:00Z,causal-ridge-shortlag-v2,True
2025-10-06 17:00:00+00:00,CAISO_NP15,28718,1163,16954,10601,33983.0,28725.599930389137,28531.73355312,28133.38785970044,10231.591498037076,9563.217538755094,9740.307064444823,2025-10-06T17:00:00Z,causal-ridge-shortlag-v2,True
2025-10-06 17:00:00+00:00,ISONE_NEMA,11011,158,832,10021,18007.25,11827.668246544526,12880.611814106238,13993.358520956834,10886.115813541606,12037.454727879369,13264.880632077056,2025-10-06T17:00:00Z,causal-ridge-shortlag-v2,True
2025-10-06 17:00:00+00:00,MISO_MINN_HUB,83425,5722,6720,70983,101249.75,85254.70374474116,86485.21330589462,86692.10095417267,72827.68982436026,73526.46624066243,74010.5920758024,2025-10-06T17:00:00Z,causal-ridge-shortlag-v2,True
2025-10-06 17:00:00+00:00,SPP_NORTH_HUB,36831,8736,633,27462,46366.75,37972.01708300515,38808.45949566711,39268.32401996483,29165.43022644509,30040.718794036147,30290.461061343667,2025-10-06T17:00:00Z,causal-ridge-shortlag-v2,True
2025-10-06 18:00:00+00:00,CAISO_NP15,28243,1347,17642,9254,33983.0,27771.4892954492,27224.13492598827,26699.24583125534,9047.07786411088,9706.744282068128,10452.192290449138,2025-10-06T18:00:00Z,causal-ridge-shortlag-v2,True
2025-10-06 18:00:00+00:00,ISONE_NEMA,11802,268,777,10757,18007.25,12715.911527381006,13760.57000494174,14774.564333895492,11725.319557100867,12871.086036149183,13994.652521437883,2025-10-06T18:00:00Z,causal-ridge-shortlag-v2,True
2025-10-06 18:00:00+00:00,MISO_MINN_HUB,85337,5152,6543,73642,101249.75,86713.72052931448,87198.63949129004,86861.83313226904,75125.45505743034,76265.48010241601,76179.8716445413,2025-10-06T18:00:00Z,causal-ridge-shortlag-v2,True
2025-10-06 18:00:00+00:00,SPP_NORTH_HUB,37947,7056,698,30193,46366.75,38873.43993141971,39395.34521910371,39479.0749853093,31745.578971263352,32218.34029826373,31955.80519818541,2025-10-06T18:00:00Z,causal-ridge-shortlag-v2,True
2025-10-06 19:00:00+00:00,CAISO_NP15,28437,1474,17503,9460,33983.0,28409.954670442778,28265.28061854856,28346.31209372991,10432.46771676821,12024.32151215152,13787.337568363431,2025-10-06T19:00:00Z,causal-ridge-shortlag-v2,True
2025-10-06 19:00:00+00:00,ISONE_NEMA,12989,391,640,11958,18007.25,14193.12950890192,15173.455514262716,15788.98606364274,13246.163336192993,14318.229499221903,15011.439576275528,2025-10-06T19:00:00Z,causal-ridge-shortlag-v2,True
2025-10-06 19:00:00+00:00,MISO_MINN_HUB,86565,5446,5938,75181,101249.75,87029.30367843532,86573.71131383524,85295.20268610616,75544.49962225459,75515.86888092975,74829.53837390438,2025-10-06T19:00:00Z,causal-ridge-shortlag-v2,True
2025-10-06 19:00:00+00:00,SPP_NORTH_HUB,38654,6415,613,31626,46366.75,39107.884485816205,39118.75374337653,38712.186570570746,32183.28722203348,31878.691430869825,30965.2270486559,2025-10-06T19:00:00Z,causal-ridge-shortlag-v2,True
2025-10-06 20:00:00+00:00,CAISO_NP15,27612,1489,17193,8930,33983.0,27334.22516043541,27413.7645954038,27828.10490848556,9887.026984496224,12058.498210973916,14596.37014288703,2025-10-06T20:00:00Z,causal-ridge-shortlag-v2,True
2025-10-06 20:00:00+00:00,ISONE_NEMA,14489,424,419,13646,18007.25,15780.538827416764,16465.61056972792,16474.387953387464,15076.686779764068,15841.368021074552,15888.869119251594,2025-10-06T20:00:00Z,causal-ridge-shortlag-v2,True
2025-10-06 20:00:00+00:00,MISO_MINN_HUB,87326,5958,5595,75773,101249.75,87258.92328243025,86116.26370459373,84233.9344989036,75528.9997785065,74923.95925848957,73304.00336645846,2025-10-06T20:00:00Z,causal-ridge-shortlag-v2,True
2025-10-06 20:00:00+00:00,SPP_NORTH_HUB,39059,6608,528,31923,46366.75,39127.78637303125,38727.897916611226,37918.94823818869,31612.475560054896,30649.686336814884,29233.316175498698,2025-10-06T20:00:00Z,causal-ridge-shortlag-v2,True
2025-10-06 21:00:00+00:00,CAISO_NP15,26957,1384,17194,8379,33983.0,26948.208111563992,27159.925900400307,27753.81628595003,9968.738935738824,12661.440276449448,15697.200357718906,2025-10-06T21:00:00Z,causal-ridge-shortlag-v2,True
2025-10-06 21:00:00+00:00,ISONE_NEMA,15653,475,126,15052,18007.25,16343.936641817249,16377.06847262666,15761.959471082717,15863.002425564177,15934.417021091676,15318.851336813692,2025-10-06T21:00:00Z,causal-ridge-shortlag-v2,True
2025-10-06 21:00:00+00:00,MISO_MINN_HUB,87640,6093,4779,76768,101249.75,87197.03556836423,85518.56123037939,82912.8804730872,76764.91411264782,75672.36010904363,73085.69727186425,2025-10-06T21:00:00Z,causal-ridge-shortlag-v2,True
2025-10-06 21:00:00+00:00,SPP_NORTH_HUB,39109,6976,484,31649,46366.75,38800.64149425003,38055.30464076944,36948.534373343406,30822.947295581715,29439.55054673186,27701.995355639134,2025-10-06T21:00:00Z,causal-ridge-shortlag-v2,True
2025-10-06 22:00:00+00:00,CAISO_NP15,27140,1303,17232,8605,33983.0,27185.6990000842,27515.62266772828,28153.097866962788,10711.659057545028,14018.997765585083,17435.14009291849,2025-10-06T22:00:00Z,causal-ridge-shortlag-v2,True
2025-10-06 22:00:00+00:00,ISONE_NEMA,15855,663,7,15185,18007.25,15340.116033231048,14486.44617794265,13546.541359614464,14622.861960139417,13751.38066198226,12814.445452432054,2025-10-06T22:00:00Z,causal-ridge-shortlag-v2,True
2025-10-06 22:00:00+00:00,MISO_MINN_HUB,87178,5804,2313,79061,101249.75,86151.2215822239,83755.67371491731,80087.02717797487,79247.29375291124,76558.08679563174,71925.90936273243,2025-10-06T22:00:00Z,causal-ridge-shortlag-v2,True
2025-10-06 22:00:00+00:00,SPP_NORTH_HUB,38871,7668,530,30673,46366.75,38255.80899987352,37300.07434930602,36089.44450658258,29272.278213336143,27580.11431676452,25691.809684458247,2025-10-06T22:00:00Z,causal-ridge-shortlag-v2,True
2025-10-06 23:00:00+00:00,CAISO_NP15,27702,1201,17009,9492,33983.0,27981.083710310235,28404.995884608416,28945.8877234247,12306.924833020164,15794.366516953842,19230.82796328657,2025-10-06T23:00:00Z,causal-ridge-shortlag-v2,True
2025-10-06 23:00:00+00:00,ISONE_NEMA,15583,834,4,14745,18007.25,14817.088776905306,13789.732929616768,12759.8757219916,13909.996638888311,12864.640804563487,11841.3108856724,2025-10-06T23:00:00Z,causal-ridge-shortlag-v2,True
2025-10-06 23:00:00+00:00,MISO_MINN_HUB,86127,5524,246,80357,101249.75,84251.0329229186,81040.6058606569,76773.07396696163,78971.49387045662,74406.23750247824,68861.80853594506,2025-10-06T23:00:00Z,causal-ridge-shortlag-v2,True
2025-10-06 23:00:00+00:00,SPP_NORTH_HUB,37862,8754,227,28881,46366.75,36607.4983638229,35166.86984743633,33643.08897891076,26978.65000468877,24877.71918660597,22727.90533269378,2025-10-06T23:00:00Z,causal-ridge-shortlag-v2,True
2025-10-07 00:00:00+00:00,CAISO_NP15,28528,1130,14827,12571,33983.0,29174.779045505427,29735.39665223777,30178.739637632312,16777.387788710144,19755.83256502584,22581.631022195998,2025-10-07T00:00:00Z,causal-ridge-shortlag-v2,True
2025-10-07 00:00:00+00:00,ISONE_NEMA,14908,894,3,14011,18007.25,13961.735023696718,12947.335507991696,12044.244816124705,13034.938843975871,12005.93837840002,11106.139386459652,2025-10-07T00:00:00Z,causal-ridge-shortlag-v2,True
2025-10-07 00:00:00+00:00,MISO_MINN_HUB,85128,5720,2,79406,101249.75,82934.30262103556,79586.24267171984,75838.54547398194,76675.68203595621,73074.64832721456,69222.61662879231,2025-10-07T00:00:00Z,causal-ridge-shortlag-v2,True
2025-10-07 00:00:00+00:00,SPP_NORTH_HUB,36934,10133,2,26799,46366.75,35678.099075508355,34170.57447773537,32576.35068605471,24574.185211986383,22399.475532111457,20424.723269628477,2025-10-07T00:00:00Z,causal-ridge-shortlag-v2,True
2025-10-07 01:00:00+00:00,CAISO_NP15,29693,1074,6412,22207,33983.0,30767.266851022105,31510.096586474232,31552.84043156577,28527.20941237109,28816.015201982,28808.16391222429,2025-10-07T01:00:00Z,causal-ridge-shortlag-v2,True
2025-10-07 01:00:00+00:00,ISONE_NEMA,13962,891,0,13071,18007.25,12994.410276215214,12131.41028066671,11457.65998445225,12104.980935825995,11251.506014155722,10597.25779122172,2025-10-07T01:00:00Z,causal-ridge-shortlag-v2,True
2025-10-07 01:00:00+00:00,MISO_MINN_HUB,82273,6552,1,75720,101249.75,78564.3671417684,74807.8817450816,71194.14849419495,71217.33617080052,67088.48838574979,64325.12387217223,2025-10-07T01:00:00Z,causal-ridge-shortlag-v2,True
2025-10-07 01:00:00+00:00,SPP_NORTH_HUB,35670,11818,0,23852,46366.75,34200.56628026107,32636.08452721897,31132.143577801264,21283.8477029144,19162.62741920565,17417.47509087337,2025-10-07T01:00:00Z,causal-ridge-shortlag-v2,True
2025-10-07 02:00:00+00:00,CAISO_NP15,30600,896,364,29340,33983.0,31413.072516965072,31418.459101663797,30603.529106295948,31352.74244829655,30862.20309142256,29448.66640243757,2025-10-07T02:00:00Z,causal-ridge-shortlag-v2,True
2025-10-07 02:00:00+00:00,ISONE_NEMA,12831,861,0,11970,18007.25,11862.346554271571,11180.73530642131,10812.454328256546,11023.01151247644,10375.930168533496,10051.280396256005,2025-10-07T02:00:00Z,causal-ridge-shortlag-v2,True
2025-10-07 02:00:00+00:00,MISO_MINN_HUB,78287,7108,2,71177,101249.75,74390.32930237088,71007.6301751995,68399.9662245693,66954.47959660568,64174.43831526642,61993.28235051142,2025-10-07T02:00:00Z,causal-ridge-shortlag-v2,True
2025-10-07 02:00:00+00:00,SPP_NORTH_HUB,34093,12374,0,21719,46366.75,32500.80774474763,31036.508890462355,29780.55756234155,19822.624107417927,18160.03262336128,16799.02736079266,2025-10-07T02:00:00Z,causal-ridge-shortlag-v2,True
2025-10-07 03:00:00+00:00,CAISO_NP15,30173,828,23,29322,33983.0,29848.43713027626,29126.795147700777,28158.93675658972,27637.596386751557,26929.36978082941,25928.79601510184,2025-10-07T03:00:00Z,causal-ridge-shortlag-v2,True
2025-10-07 03:00:00+00:00,ISONE_NEMA,11739,811,0,10928,18007.25,10976.982214318836,10541.04901393556,10404.45382263082,10201.552993504552,9810.49536501545,9720.793320829544,2025-10-07T03:00:00Z,causal-ridge-shortlag-v2,True
2025-10-07 03:00:00+00:00,MISO_MINN_HUB,74372,6507,2,67863,101249.75,71213.89360426753,68800.1295675496,67148.47123196747,65327.37174365047,63667.11756447744,62140.67895302644,2025-10-07T03:00:00Z,causal-ridge-shortlag-v2,True
2025-10-07 03:00:00+00:00,SPP_NORTH_HUB,32279,12756,0,19523,46366.75,30674.968373035357,29382.702281757996,28462.83442807587,17732.023662646905,16346.147609265889,15401.060669774895,2025-10-07T03:00:00Z,causal-ridge-shortlag-v2,True
2025-10-07 04:00:00+00:00,CAISO_NP15,28903,906,28,27969,33983.0,27780.856366554843,26637.85416018627,25524.394378169734,26513.529558619462,25036.183897032606,23899.562689120485,2025-10-07T04:00:00Z,causal-ridge-shortlag-v2,True
2025-10-07 04:00:00+00:00,ISONE_NEMA,11293,775,0,10518,18007.25,11120.780121500524,11031.357382665496,11053.956612929396,10398.283212930352,10359.753060481506,10412.914994698323,2025-10-07T04:00:00Z,causal-ridge-shortlag-v2,True
2025-10-07 04:00:00+00:00,MISO_MINN_HUB,70866,6200,2,64664,101249.75,68241.15759531244,66727.64727214393,66038.80365756234,62457.83977233797,60974.27203214493,60797.1037360688,2025-10-07T04:00:00Z,causal-ridge-shortlag-v2,True
2025-10-07 04:00:00+00:00,SPP_NORTH_HUB,30546,12559,0,17987,46366.75,29161.66111442074,28203.2814732168,27676.09668495643,16805.29404877573,15971.552502396436,15579.877970456462,2025-10-07T04:00:00Z,causal-ridge-shortlag-v2,True
2025-10-07 05:00:00+00:00,CAISO_NP15,27890,970,0,26920,33983.0,26670.94241681713,25246.109216906418,23857.68739455681,25223.95284529993,24030.2005084578,22935.65176173422,2025-10-07T05:00:00Z,causal-ridge-shortlag-v2,True
2025-10-07 05:00:00+00:00,ISONE_NEMA,10807,662,0,10145,18007.25,10500.474284151787,10489.195897283103,10720.916031645682,9897.768176217123,9921.56996108036,10178.267645119711,2025-10-07T05:00:00Z,causal-ridge-shortlag-v2,True
2025-10-07 05:00:00+00:00,MISO_MINN_HUB,68006,5877,2,62127,101249.75,66323.39289463012,65859.71187452148,66399.4006011638,60842.04830062642,60723.399230721465,61167.01505692988,2025-10-07T05:00:00Z,causal-ridge-shortlag-v2,True
2025-10-07 05:00:00+00:00,SPP_NORTH_HUB,29141,11795,0,17346,46366.75,28137.88254156132,27621.3545795786,27563.59692677259,16819.229295475496,16601.506441301346,16802.084978032708,2025-10-07T05:00:00Z,causal-ridge-shortlag-v2,True
2025-10-07 06:00:00+00:00,CAISO_NP15,26087,973,0,25114,33983.0,24681.12628586065,23505.47170017848,22577.03740526354,23343.294267548343,22544.50506951689,21799.049264426885,2025-10-07T06:00:00Z,causal-ridge-shortlag-v2,True
2025-10-07 06:00:00+00:00,ISONE_NEMA,10486,604,0,9882,18007.25,10451.400376717476,10626.976346755546,10881.697705994888,9873.344857529037,10064.74697057895,10316.956431119956,2025-10-07T06:00:00Z,causal-ridge-shortlag-v2,True
2025-10-07 06:00:00+00:00,MISO_MINN_HUB,66038,6395,2,59641,101249.75,65217.33435213151,65631.7992536063,67061.67566152572,58571.70429264296,58795.50376667715,59982.79216565753,2025-10-07T06:00:00Z,causal-ridge-shortlag-v2,True
2025-10-07 06:00:00+00:00,SPP_NORTH_HUB,28103,10938,0,17165,46366.75,27588.15139849068,27547.08796705868,27925.325466664945,17212.604786831685,17535.517723618053,18233.425439190956,2025-10-07T06:00:00Z,causal-ridge-shortlag-v2,True
2025-10-07 07:00:00+00:00,CAISO_NP15,24438,952,0,23486,33983.0,23394.740946388945,22696.62922415841,22402.307373325013,22383.724858829577,21829.96586748568,21298.66052702108,2025-10-07T07:00:00Z,causal-ridge-shortlag-v2,True
2025-10-07 07:00:00+00:00,ISONE_NEMA,10331,529,0,9802,18007.25,10435.907084486133,10712.407769862331,11011.706981193787,9937.537980905232,10215.427658191002,10493.47919369295,2025-10-07T07:00:00Z,causal-ridge-shortlag-v2,True
2025-10-07 07:00:00+00:00,MISO_MINN_HUB,64716,5689,2,59025,101249.75,64860.19200380062,66207.62420255152,68407.18674092465,59479.77570344913,61039.023865087205,62593.84496499574,2025-10-07T07:00:00Z,causal-ridge-shortlag-v2,True
2025-10-07 07:00:00+00:00,SPP_NORTH_HUB,27531,10544,0,16987,46366.75,27454.153351352707,27836.01616721841,28609.9113113354,17234.119231214805,17929.693154556408,19019.236064879253,2025-10-07T07:00:00Z,causal-ridge-shortlag-v2,True
2025-10-07 08:00:00+00:00,CAISO_NP15,23577,808,0,22769,33983.0,23040.6747346929,22857.868484512943,23035.70310917797,22195.70825016561,21725.594209048068,21211.82170782902,2025-10-07T08:00:00Z,causal-ridge-shortlag-v2,True
2025-10-07 08:00:00+00:00,ISONE_NEMA,10491,409,0,10082,18007.25,10861.870130800968,11224.407594805816,11451.797878222858,10488.179150653044,10835.065083721658,11014.051395035009,2025-10-07T08:00:00Z,causal-ridge-shortlag-v2,True
2025-10-07 08:00:00+00:00,MISO_MINN_HUB,64551,4885,2,59664,101249.75,65740.61370252568,67878.12140822329,70608.5392814386,60835.0542852008,62331.11627405923,63924.67082207193,2025-10-07T08:00:00Z,causal-ridge-shortlag-v2,True
2025-10-07 08:00:00+00:00,SPP_NORTH_HUB,27178,9790,0,17388,46366.75,27366.140335170403,28037.17674572926,29085.658937556305,18201.154125719077,19354.033219427813,20771.872926047763,2025-10-07T08:00:00Z,causal-ridge-shortlag-v2,True
2025-10-07 09:00:00+00:00,CAISO_NP15,22474,838,0,21636,33983.0,22180.04837142709,22458.20366120485,23088.527509245687,20942.32455918164,20436.823181631906,19847.035525780884,2025-10-07T09:00:00Z,causal-ridge-shortlag-v2,True
2025-10-07 09:00:00+00:00,ISONE_NEMA,11190,337,0,10853,18007.25,11870.200732903382,12232.489435383515,12285.4585244437,11546.275921117527,11866.145613873668,11837.313614913048,2025-10-07T09:00:00Z,causal-ridge-shortlag-v2,True
2025-10-07 09:00:00+00:00,MISO_MINN_HUB,65356,4766,1,60589,101249.75,67182.39126943216,69717.23490121333,72693.41275854954,61687.92187993846,63273.47395523759,65046.68273715679,2025-10-07T09:00:00Z,causal-ridge-shortlag-v2,True
2025-10-07 09:00:00+00:00,SPP_NORTH_HUB,27281,9068,0,18213,46366.75,27895.844905793907,28903.67913300965,30197.71939266944,19378.34265333316,20763.26684099429,22349.972430038328,2025-10-07T09:00:00Z,causal-ridge-shortlag-v2,True
2025-10-07 10:00:00+00:00,CAISO_NP15,22138,772,0,21366,33983.0,22426.52035957514,23160.308495183144,24169.01776609676,21168.05782459569,20356.473930663746,19460.2547537278,2025-10-07T10:00:00Z,causal-ridge-shortlag-v2,True
2025-10-07 10:00:00+00:00,ISONE_NEMA,12200,347,1,11852,18007.25,12844.631657653612,13028.702709200985,12892.9733134194,12464.71854878979,12567.63452743408,12322.05443648868,2025-10-07T10:00:00Z,causal-ridge-shortlag-v2,True
2025-10-07 10:00:00+00:00,MISO_MINN_HUB,67506,4772,2,62732,101249.75,70409.47458321547,73347.79501771514,76365.34660598819,64615.06395066294,66472.93236167461,67248.20186561153,2025-10-07T10:00:00Z,causal-ridge-shortlag-v2,True
2025-10-07 10:00:00+00:00,SPP_NORTH_HUB,28138,9727,0,18411,46366.75,29303.854980184467,30629.665252814448,32054.80372677933,19289.9429191742,20646.005552776795,22285.772786045956,2025-10-07T10:00:00Z,causal-ridge-shortlag-v2,True
2025-10-07 11:00:00+00:00,CAISO_NP15,21834,758,0,21076,33983.0,22394.85297958409,23430.105378394197,24618.72496318671,20501.96537614814,19434.650120629725,18298.6891752866,2025-10-07T11:00:00Z,causal-ridge-shortlag-v2,True
2025-10-07 11:00:00+00:00,ISONE_NEMA,12881,367,49,12465,18007.25,13074.05461798907,12920.013633236897,12586.407245599868,12562.943068687964,12287.620205644156,11835.148190574791,2025-10-07T11:00:00Z,causal-ridge-shortlag-v2,True
2025-10-07 11:00:00+00:00,MISO_MINN_HUB,71906,5498,2,66406,101249.75,76235.00311045231,79542.38758344398,82201.20110838118,69112.5201206691,70552.08128763948,70351.39135338971,2025-10-07T11:00:00Z,causal-ridge-shortlag-v2,True
2025-10-07 11:00:00+00:00,SPP_NORTH_HUB,29737,9676,0,20061,46366.75,31354.583000140985,32887.69325176992,34270.230125737035,21794.62620486084,23541.011459393143,25243.58342640149,2025-10-07T11:00:00Z,causal-ridge-shortlag-v2,True
2025-10-07 12:00:00+00:00,CAISO_NP15,21339,832,0,20507,33983.0,22300.668719055124,23557.80471062932,24854.20136226029,19750.528589145037,18278.09270871982,16828.96193888505,2025-10-07T12:00:00Z,causal-ridge-shortlag-v2,True
2025-10-07 12:00:00+00:00,ISONE_NEMA,12568,371,218,11979,18007.25,11926.682821392427,11475.95723300032,11303.697684576306,11172.4833987566,10597.186651714786,10350.559361319469,2025-10-07T12:00:00Z,causal-ridge-shortlag-v2,True
2025-10-07 12:00:00+00:00,MISO_MINN_HUB,74115,5836,101,68178,101249.75,76027.68680310229,77915.50690512302,78949.86654520285,68003.641248206,66109.35239156503,65542.61381074681,2025-10-07T12:00:00Z,causal-ridge-shortlag-v2,True
2025-10-07 12:00:00+00:00,SPP_NORTH_HUB,30675,8418,4,22253,46366.75,31803.11149448661,32973.78252974218,34114.2318868805,24306.48430056858,26045.937628307533,27466.137729024897,2025-10-07T12:00:00Z,causal-ridge-shortlag-v2,True
2025-10-07 13:00:00+00:00,CAISO_NP15,22359,941,0,21418,33983.0,23689.135393246463,25054.823238468027,26254.487097685946,20650.18213145752,18829.42230013185,16864.92146555413,2025-10-07T13:00:00Z,causal-ridge-shortlag-v2,True
2025-10-07 13:00:00+00:00,ISONE_NEMA,11785,301,448,11036,18007.25,11196.819693468671,11043.62267957351,11229.933194234643,10324.618310506696,10107.319127056251,10277.555384435642,2025-10-07T13:00:00Z,causal-ridge-shortlag-v2,True
2025-10-07 13:00:00+00:00,MISO_MINN_HUB,74670,5611,1758,67301,101249.75,75428.52457233176,76430.46221775189,77659.80492467456,65515.21084716498,64872.485373885895,64654.83250255178,2025-10-07T13:00:00Z,causal-ridge-shortlag-v2,True
2025-10-07 13:00:00+00:00,SPP_NORTH_HUB,30929,6937,96,23896,46366.75,31558.343979801582,32385.216402130467,33330.05252568016,25511.03784125556,26842.75647473385,27890.515337217694,2025-10-07T13:00:00Z,causal-ridge-shortlag-v2,True
2025-10-07 14:00:00+00:00,CAISO_NP15,24220,1042,0,23178,33983.0,25927.236134836603,27245.50858898708,27957.246994803078,21970.740078787912,19461.613197812945,16745.204914575792,2025-10-07T14:00:00Z,causal-ridge-shortlag-v2,True
2025-10-07 14:00:00+00:00,ISONE_NEMA,10997,282,670,10045,18007.25,10599.40493445285,10721.00579167528,11302.889534304457,9544.749663727613,9648.366983176478,10266.900048422323,2025-10-07T14:00:00Z,causal-ridge-shortlag-v2,True
2025-10-07 14:00:00+00:00,MISO_MINN_HUB,75635,3983,4469,67183,101249.75,77040.75735318448,78269.74587345698,79718.79999866356,67154.06546586864,68540.66298023274,68806.68704508342,2025-10-07T14:00:00Z,causal-ridge-shortlag-v2,True
2025-10-07 14:00:00+00:00,SPP_NORTH_HUB,31260,6602,424,24234,46366.75,32042.314413904187,32972.094462389985,33947.57594692662,25119.8294456288,25998.2998801016,26805.26592640076,2025-10-07T14:00:00Z,causal-ridge-shortlag-v2,True
2025-10-07 15:00:00+00:00,CAISO_NP15,25657,1121,3694,20842,33983.0,26954.60679891227,27656.01378402553,27856.437666751743,17327.246010940078,15418.710660089033,13372.141417447408,2025-10-07T15:00:00Z,causal-ridge-shortlag-v2,True
2025-10-07 15:00:00+00:00,ISONE_NEMA,10735,352,784,9599,18007.25,10935.63399429453,11524.09726265182,12407.473347944244,9758.5613463868,10378.308530935052,11328.587302712183,2025-10-07T15:00:00Z,causal-ridge-shortlag-v2,True
2025-10-07 15:00:00+00:00,MISO_MINN_HUB,76886,3465,6570,66851,101249.75,78235.90093864658,79412.83606620479,80249.05126059981,66836.50735071658,66859.560012514,67551.58412194879,2025-10-07T15:00:00Z,causal-ridge-shortlag-v2,True
2025-10-07 15:00:00+00:00,SPP_NORTH_HUB,31999,5556,571,25872,46366.75,32928.03122196175,33884.813946409835,34744.40208548493,27245.70243931083,28342.331300049995,29176.380699415684,2025-10-07T15:00:00Z,causal-ridge-shortlag-v2,True
2025-10-07 16:00:00+00:00,CAISO_NP15,28156,999,12684,14473,33983.0,29276.420784352285,29202.765262768888,28887.1395495624,10506.693302946616,10128.86581490377,10123.527951548518,2025-10-07T16:00:00Z,causal-ridge-shortlag-v2,True
2025-10-07 16:00:00+00:00,ISONE_NEMA,11036,521,783,9732,18007.25,11611.177632163424,12420.072867838328,13414.819647390696,10291.00762667263,11149.654801728122,12223.169624675817,2025-10-07T16:00:00Z,causal-ridge-shortlag-v2,True
2025-10-07 16:00:00+00:00,MISO_MINN_HUB,78416,4623,7446,66347,101249.75,79872.06094226865,80880.4526971311,81482.07547640221,66432.25846029227,66558.22488591389,66848.63726132589,2025-10-07T16:00:00Z,causal-ridge-shortlag-v2,True
2025-10-07 16:00:00+00:00,SPP_NORTH_HUB,32592,4977,647,26968,46366.75,33437.72099697638,34256.88983214516,34958.14652345132,27995.409716022863,28760.96526311935,29235.744030094746,2025-10-07T16:00:00Z,causal-ridge-shortlag-v2,True
2025-10-07 17:00:00+00:00,CAISO_NP15,28911,1132,16151,11628,33983.0,28939.793028552405,28715.095155761457,28314.72546291241,11300.880137940045,10572.85234010134,10743.777660464946,2025-10-07T17:00:00Z,causal-ridge-shortlag-v2,True
2025-10-07 17:00:00+00:00,ISONE_NEMA,11886,654,755,10477,18007.25,12841.50595658986,13821.293835549264,14767.792559425712,11457.811658287754,12511.254886118904,13545.51920335554,2025-10-07T17:00:00Z,causal-ridge-shortlag-v2,True
2025-10-07 17:00:00+00:00,MISO_MINN_HUB,79842,5477,7937,66428,101249.75,81147.55787106584,81849.68189886579,81930.98319112734,66960.71211459892,67121.23303054628,67213.2662253001,2025-10-07T17:00:00Z,causal-ridge-shortlag-v2,True
2025-10-07 17:00:00+00:00,SPP_NORTH_HUB,33365,4852,654,27859,46366.75,34231.65661146187,34955.83268237735,35452.052706148774,28660.66756977069,29042.245080225177,29077.87639549461,2025-10-07T17:00:00Z,causal-ridge-shortlag-v2,True
2025-10-07 18:00:00+00:00,CAISO_NP15,28631,1270,16899,10462,33983.0,28292.21660295917,27791.78122523628,27359.612544515727,10519.06270630968,11075.69013040076,11901.330761000852,2025-10-07T18:00:00Z,causal-ridge-shortlag-v2,True
2025-10-07 18:00:00+00:00,ISONE_NEMA,12847,799,654,11394,18007.25,13732.048322373135,14560.314439106704,15280.94402070914,12316.929208731814,13221.176797110436,14032.620219872164,2025-10-07T18:00:00Z,causal-ridge-shortlag-v2,True
2025-10-07 18:00:00+00:00,MISO_MINN_HUB,81097,5241,8455,67401,101249.75,82238.19371622683,82632.66488363984,82231.77999530754,68529.05767470427,68819.10724692086,68833.14273158363,2025-10-07T18:00:00Z,causal-ridge-shortlag-v2,True
2025-10-07 18:00:00+00:00,SPP_NORTH_HUB,33901,4556,650,28695,46366.75,34525.89620802713,34980.73722221285,35183.35606214898,29356.985213563923,29424.523774264693,29059.96275034787,2025-10-07T18:00:00Z,causal-ridge-shortlag-v2,True
2025-10-07 19:00:00+00:00,CAISO_NP15,28587,1195,17003,10389,33983.0,28565.29917946436,28467.260832139666,28607.894918568338,11400.050270159763,12879.15151242774,14740.484737595778,2025-10-07T19:00:00Z,causal-ridge-shortlag-v2,True
2025-10-07 19:00:00+00:00,ISONE_NEMA,13736,885,539,12312,18007.25,14543.970729090282,15179.20451026893,15542.103375506122,13184.494343761811,13903.698233499012,14354.781150301456,2025-10-07T19:00:00Z,causal-ridge-shortlag-v2,True
2025-10-07 19:00:00+00:00,MISO_MINN_HUB,81717,4793,8570,68354,101249.75,82168.86846663698,81969.41273481157,80989.5177701129,69202.0294540407,69203.95005184098,69324.13162454273,2025-10-07T19:00:00Z,causal-ridge-shortlag-v2,True
2025-10-07 19:00:00+00:00,SPP_NORTH_HUB,33915,4542,649,28724,46366.75,34092.250620069215,34172.68753200289,34094.475478454806,28761.48223263989,28366.180724999547,27619.157648247765,2025-10-07T19:00:00Z,causal-ridge-shortlag-v2,True
2025-10-07 20:00:00+00:00,CAISO_NP15,27713,1104,16897,9712,33983.0,27370.321152108463,27468.941082867088,27976.538555054634,10657.714395523852,12881.032460835064,15490.683875986431,2025-10-07T20:00:00Z,causal-ridge-shortlag-v2,True
2025-10-07 20:00:00+00:00,ISONE_NEMA,14748,919,295,13534,18007.25,15669.320518372091,16116.751382570605,15966.209904175925,14599.57011659602,15140.914651962368,15050.38677202284,2025-10-07T20:00:00Z,causal-ridge-shortlag-v2,True
2025-10-07 20:00:00+00:00,MISO_MINN_HUB,81876,4859,8750,68267,101249.75,81748.02021714367,80980.11958617858,79731.9335469841,68407.19044398067,68451.50796262601,68707.54864843139,2025-10-07T20:00:00Z,causal-ridge-shortlag-v2,True
2025-10-07 20:00:00+00:00,SPP_NORTH_HUB,33915,4542,649,28724,46366.75,33942.714732724875,33834.17653782677,33545.30006690363,28462.67187563617,27780.730219055466,26806.83135092115,2025-10-07T20:00:00Z,causal-ridge-shortlag-v2,True
2025-10-07 21:00:00+00:00,CAISO_NP15,27120,910,16798,9412,33983.0,27073.3861785015,27358.090519749137,28062.66558408752,11098.88766019537,13805.93267275046,16881.646087280948,2025-10-07T21:00:00Z,causal-ridge-shortlag-v2,True
2025-10-07 21:00:00+00:00,ISONE_NEMA,15518,938,63,14517,18007.25,15910.427134166202,15755.206088153043,15098.709799153236,15028.914792182004,14935.242289825455,14311.041709874911,2025-10-07T21:00:00Z,causal-ridge-shortlag-v2,True
2025-10-07 21:00:00+00:00,MISO_MINN_HUB,81942,4937,8009,68996,101249.75,81810.70754163133,80810.08811451268,79278.2603525027,69890.00301175656,70520.55547927596,70197.11894127847,2025-10-07T21:00:00Z,causal-ridge-shortlag-v2,True
2025-10-07 21:00:00+00:00,SPP_NORTH_HUB,33915,4542,649,28724,46366.75,33827.35025259668,33573.29861298675,33130.71790596541,28249.834784320487,27374.946489496324,26233.59056509661,2025-10-07T21:00:00Z,causal-ridge-shortlag-v2,True
2025-10-07 22:00:00+00:00,CAISO_NP15,27888,773,16994,10121,33983.0,28308.34263674617,28699.01615173784,29273.6648975894,12465.47063425452,15666.936247753029,19027.460311687173,2025-10-07T22:00:00Z,causal-ridge-shortlag-v2,True
2025-10-07 22:00:00+00:00,ISONE_NEMA,15800,1015,11,14774,18007.25,15416.920195852766,14621.034625591808,13730.129430319856,14395.636907335109,13630.133871491338,12781.314443151625,2025-10-07T22:00:00Z,causal-ridge-shortlag-v2,True
2025-10-07 22:00:00+00:00,MISO_MINN_HUB,81451,4280,4244,72927,101249.75,81109.27015230508,79646.35487402423,76962.50700127287,75143.23335575123,74834.1701501358,72511.66753031912,2025-10-07T22:00:00Z,causal-ridge-shortlag-v2,True
2025-10-07 22:00:00+00:00,SPP_NORTH_HUB,33915,4542,649,28724,46366.75,33736.039979706344,33388.63876956534,32864.275555953485,28114.8226678193,27135.866970788877,25894.100091237287,2025-10-07T22:00:00Z,causal-ridge-shortlag-v2,True
2025-10-07 23:00:00+00:00,CAISO_NP15,27935,660,16596,10679,33983.0,28228.050452981384,28588.4111302566,29021.60469475237,13448.672647915257,16659.354244992897,20012.693881196454,2025-10-07T23:00:00Z,causal-ridge-shortlag-v2,True
2025-10-07 23:00:00+00:00,ISONE_NEMA,15639,967,10,14662,18007.25,15003.509598905885,14109.915210102889,13193.471996751952,14064.811129295987,13213.879000498506,12348.620352670088,2025-10-07T23:00:00Z,causal-ridge-shortlag-v2,True
2025-10-07 23:00:00+00:00,MISO_MINN_HUB,80672,3529,352,76791,101249.75,79672.93495670361,77398.56011964659,73813.19691014163,77502.57790397025,74896.59645578059,71396.2539488415,2025-10-07T23:00:00Z,causal-ridge-shortlag-v2,True
2025-10-07 23:00:00+00:00,SPP_NORTH_HUB,33915,4542,649,28724,46366.75,33604.0540090708,33184.92304440984,32654.21046533885,27942.92437007872,26870.54623716009,25560.63418927161,2025-10-07T23:00:00Z,causal-ridge-shortlag-v2,True
2025-10-08 00:00:00+00:00,CAISO_NP15,28722,463,14256,14003,33983.0,29282.997043664305,29620.09122731235,29874.13959806745,18247.805093914754,20813.79043265471,23369.16525535191,2025-10-08T00:00:00Z,causal-ridge-shortlag-v2,True
2025-10-08 00:00:00+00:00,ISONE_NEMA,15091,901,10,14180,18007.25,14268.889032306235,13349.070410746504,12501.38701635411,13394.337049992062,12511.49243229983,11705.428911181789,2025-10-08T00:00:00Z,causal-ridge-shortlag-v2,True
2025-10-08 00:00:00+00:00,MISO_MINN_HUB,80214,3956,6,76252,101249.75,78572.71568794832,75760.31308726095,72546.04693889982,73757.80173074527,70515.72503021618,67637.54508316,2025-10-08T00:00:00Z,causal-ridge-shortlag-v2,True
2025-10-08 00:00:00+00:00,SPP_NORTH_HUB,33915,4542,649,28724,46366.75,33575.914574638635,33123.96274095296,32569.24138748455,27906.262162118903,26824.332407062127,25521.54846781487,2025-10-08T00:00:00Z,causal-ridge-shortlag-v2,True
2025-10-08 01:00:00+00:00,CAISO_NP15,29935,331,5979,23625,33983.0,30695.81106504064,31226.036749958646,31116.331492101745,29471.98891512498,29603.08383790092,29493.00129444822,2025-10-08T01:00:00Z,causal-ridge-shortlag-v2,True
2025-10-08 01:00:00+00:00,ISONE_NEMA,14260,900,8,13352,18007.25,13311.321134352627,12463.470900851184,11845.474663251318,12427.19339873532,11622.773282651411,11056.246793878548,2025-10-08T01:00:00Z,causal-ridge-shortlag-v2,True
2025-10-08 01:00:00+00:00,MISO_MINN_HUB,77695,5348,6,72341,101249.75,74366.17275622982,70896.64118957803,67694.25044474265,67803.96756770788,64315.63948824996,61739.30534194161,2025-10-08T01:00:00Z,causal-ridge-shortlag-v2,True
2025-10-08 01:00:00+00:00,SPP_NORTH_HUB,33915,4542,649,28724,46366.75,33499.06707176411,33016.97057385991,32488.97155744667,27823.483726896036,26772.5386326229,25538.469542304105,2025-10-08T01:00:00Z,causal-ridge-shortlag-v2,True
2025-10-08 02:00:00+00:00,CAISO_NP15,30811,320,351,30140,33983.0,31361.49544673958,31177.17442801966,30236.80770788024,31579.04927619336,31035.085877063888,29596.44169080772,2025-10-08T02:00:00Z,causal-ridge-shortlag-v2,True
2025-10-08 02:00:00+00:00,ISONE_NEMA,13183,881,8,12294,18007.25,12211.147653348657,11556.381608665008,11229.649627896886,11355.874801372836,10749.308655859117,10477.30370877648,2025-10-08T02:00:00Z,causal-ridge-shortlag-v2,True
2025-10-08 02:00:00+00:00,MISO_MINN_HUB,74077,6282,6,67789,101249.75,70591.57616330359,67394.59099457414,64870.02770488284,63663.35928362038,60821.10686108392,58266.54427656306,2025-10-08T02:00:00Z,causal-ridge-shortlag-v2,True
2025-10-08 02:00:00+00:00,SPP_NORTH_HUB,33915,4542,649,28724,46366.75,33498.06577879512,33077.79447851003,32661.418624292743,27867.86954562201,26852.27104196421,25676.85218178928,2025-10-08T02:00:00Z,causal-ridge-shortlag-v2,True
2025-10-08 03:00:00+00:00,CAISO_NP15,30384,420,0,29964,33983.0,29879.470630308275,29027.52719379232,27961.11872299961,28145.602440066235,27304.866698770616,26232.8959948102,2025-10-08T03:00:00Z,causal-ridge-shortlag-v2,True
2025-10-08 03:00:00+00:00,ISONE_NEMA,12221,922,8,11291,18007.25,11506.249019911738,11122.983209888633,11044.721350881478,10590.429743079374,10246.279384332807,10207.004428858689,2025-10-08T03:00:00Z,causal-ridge-shortlag-v2,True
2025-10-08 03:00:00+00:00,MISO_MINN_HUB,70139,6567,5,63567,101249.75,66863.76227703394,64290.19394083717,62367.65705117729,60250.61208902284,57499.13147719659,55590.829210723525,2025-10-08T03:00:00Z,causal-ridge-shortlag-v2,True
2025-10-08 03:00:00+00:00,SPP_NORTH_HUB,33915,4542,649,28724,46366.75,33502.334844940815,33165.75077966478,32902.220289172095,27900.76945194742,27003.114098140053,25995.22828325487,2025-10-08T03:00:00Z,causal-ridge-shortlag-v2,True
2025-10-08 04:00:00+00:00,CAISO_NP15,29028,579,0,28449,33983.0,27735.51633992629,26450.798503345693,25225.445353170027,26787.7364658063,25278.175426258986,24131.4493000559,2025-10-08T04:00:00Z,causal-ridge-shortlag-v2,True
2025-10-08 04:00:00+00:00,ISONE_NEMA,11724,976,8,10740,18007.25,11471.781186206334,11395.034143799014,11487.33719879506,10505.94303251208,10460.90242034216,10573.51665924476,2025-10-08T04:00:00Z,causal-ridge-shortlag-v2,True
2025-10-08 04:00:00+00:00,MISO_MINN_HUB,66660,7006,6,59648,101249.75,64071.95225138023,62407.51765989439,61544.73041050841,57038.95352773232,55191.73445138304,54480.36262075958,2025-10-08T04:00:00Z,causal-ridge-shortlag-v2,True
2025-10-08 04:00:00+00:00,SPP_NORTH_HUB,33915,4542,649,28724,46366.75,33580.021628036906,33385.64396666906,33310.145075342705,28033.96792853305,27297.98048691691,26492.414658898822,2025-10-08T04:00:00Z,causal-ridge-shortlag-v2,True
2025-10-08 05:00:00+00:00,CAISO_NP15,27978,681,0,27297,33983.0,26670.614624570644,25164.280835985985,23734.01104796712,25559.39269363784,24351.98625467616,23318.887839885,2025-10-08T05:00:00Z,causal-ridge-shortlag-v2,True
2025-10-08 05:00:00+00:00,ISONE_NEMA,11415,1055,8,10352,18007.25,11255.103842707142,11326.170851972818,11581.915905769956,10186.94917482353,10263.81207683275,10518.536885956146,2025-10-08T05:00:00Z,causal-ridge-shortlag-v2,True
2025-10-08 05:00:00+00:00,MISO_MINN_HUB,64473,7304,6,57163,101249.75,63275.33458322054,62886.50235263062,63277.65592357512,56122.35801756467,55885.11578052011,56110.17087257148,2025-10-08T05:00:00Z,causal-ridge-shortlag-v2,True
2025-10-08 05:00:00+00:00,SPP_NORTH_HUB,33915,4542,649,28724,46366.75,33702.391944363575,33677.14193493713,33796.46081190961,28219.79620806289,27672.84545740202,27090.74897681613,2025-10-08T05:00:00Z,causal-ridge-shortlag-v2,True
2025-10-08 06:00:00+00:00,CAISO_NP15,26381,938,0,25443,33983.0,24890.118051083697,23653.45125884497,22697.865164856456,23633.54971347165,22898.98029032265,22251.663776394,2025-10-08T06:00:00Z,causal-ridge-shortlag-v2,True
2025-10-08 06:00:00+00:00,ISONE_NEMA,11110,1112,8,9990,18007.25,11020.303820653104,11203.875159047722,11523.20803817984,9883.71592652348,10058.802304655015,10365.2786380879,2025-10-08T06:00:00Z,causal-ridge-shortlag-v2,True
2025-10-08 06:00:00+00:00,MISO_MINN_HUB,62738,6929,6,55803,101249.75,62120.98554127829,62593.878192888194,63632.35923482994,55470.29856333214,55554.10933029486,56677.018609196064,2025-10-08T06:00:00Z,causal-ridge-shortlag-v2,True
2025-10-08 06:00:00+00:00,SPP_NORTH_HUB,33915,4542,649,28724,46366.75,33819.656854883724,33952.3533060196,34253.36970712572,28388.74201416899,28046.827408644825,27707.38045713677,2025-10-08T06:00:00Z,causal-ridge-shortlag-v2,True
2025-10-08 07:00:00+00:00,CAISO_NP15,24511,1116,0,23395,33983.0,23329.551233075657,22589.90168350322,22301.368792665828,22246.7374324408,21750.472367929116,21381.91169161552,2025-10-08T07:00:00Z,causal-ridge-shortlag-v2,True
2025-10-08 07:00:00+00:00,ISONE_NEMA,11006,1163,8,9835,18007.25,11160.483927692476,11488.671132069803,11826.127087327974,9972.551679500371,10285.007179012438,10593.786192627264,2025-10-08T07:00:00Z,causal-ridge-shortlag-v2,True
2025-10-08 07:00:00+00:00,MISO_MINN_HUB,61704,6455,6,55243,101249.75,61915.0769057764,63151.51281718713,65031.00939898712,55496.58739150397,56302.440248717845,57511.38725003072,2025-10-08T07:00:00Z,causal-ridge-shortlag-v2,True
2025-10-08 07:00:00+00:00,SPP_NORTH_HUB,33915,4542,649,28724,46366.75,33928.68982857651,34193.83113734372,34641.471352515786,28541.99919343029,28421.955888417,28341.13666281307,2025-10-08T07:00:00Z,causal-ridge-shortlag-v2,True
2025-10-08 08:00:00+00:00,CAISO_NP15,23670,1233,0,22437,33983.0,23163.587339242888,22936.907768229245,23092.773936944333,22040.77541240449,21663.52386681572,21300.546101347776,2025-10-08T08:00:00Z,causal-ridge-shortlag-v2,True
2025-10-08 08:00:00+00:00,ISONE_NEMA,11213,1162,8,10043,18007.25,11620.27110640027,12056.125484684151,12369.68616239106,10454.88552839078,10870.73740027235,11141.131065669011,2025-10-08T08:00:00Z,causal-ridge-shortlag-v2,True
2025-10-08 08:00:00+00:00,MISO_MINN_HUB,61135,6311,6,54818,101249.75,61752.2515749068,63369.26125615976,65569.35250166134,54995.95237188488,55756.1078508076,56986.982132005,2025-10-08T08:00:00Z,causal-ridge-shortlag-v2,True
2025-10-08 08:00:00+00:00,SPP_NORTH_HUB,33915,4542,649,28724,46366.75,34020.439324892104,34408.58266866799,34995.229354313306,28688.823937769004,28729.715133507365,28829.38478333712,2025-10-08T08:00:00Z,causal-ridge-shortlag-v2,True
2025-10-08 09:00:00+00:00,CAISO_NP15,22733,1086,0,21647,33983.0,22392.44175702335,22631.92732639396,23236.483122514743,21237.40111470557,20833.486368390084,20342.72416566436,2025-10-08T09:00:00Z,causal-ridge-shortlag-v2,True
2025-10-08 09:00:00+00:00,ISONE_NEMA,11932,1061,8,10863,18007.25,12709.459968930929,13206.556597133176,13349.087240947609,11681.3186629554,12158.87524673593,12242.091953901549,2025-10-08T09:00:00Z,causal-ridge-shortlag-v2,True
2025-10-08 09:00:00+00:00,MISO_MINN_HUB,62205,6646,6,55553,101249.75,64177.6059201313,66485.39718305308,69193.33825087493,56709.55783100646,58416.17577920949,59497.62584326376,2025-10-08T09:00:00Z,causal-ridge-shortlag-v2,True
2025-10-08 09:00:00+00:00,SPP_NORTH_HUB,33915,4542,649,28724,46366.75,34128.88587784703,34626.677784714055,35314.047040059166,28845.40452912434,29052.050784039915,29327.892508145156,2025-10-08T09:00:00Z,causal-ridge-shortlag-v2,True
2025-10-08 10:00:00+00:00,CAISO_NP15,22199,1154,0,21045,33983.0,22476.946333655946,23127.00240615144,24048.658926170287,20866.44579089097,20182.578495469785,19407.408294741414,2025-10-08T10:00:00Z,causal-ridge-shortlag-v2,True
2025-10-08 10:00:00+00:00,ISONE_NEMA,12933,1058,6,11869,18007.25,13598.95331971014,13777.96038327282,13632.732098622891,12514.901571492175,12638.352351882124,12416.381633883371,2025-10-08T10:00:00Z,causal-ridge-shortlag-v2,True
2025-10-08 10:00:00+00:00,MISO_MINN_HUB,64504,7095,6,57403,101249.75,67221.80352216207,69855.42308815829,72256.68112386705,58981.46971630157,59971.9580852277,60616.527744126295,2025-10-08T10:00:00Z,causal-ridge-shortlag-v2,True
2025-10-08 10:00:00+00:00,SPP_NORTH_HUB,33915,4542,649,28724,46366.75,34215.96447467918,34754.62008258627,35447.22080433586,28958.20470355148,29354.67813962304,29829.481122979632,2025-10-08T10:00:00Z,causal-ridge-shortlag-v2,True
2025-10-08 11:00:00+00:00,CAISO_NP15,22229,1151,0,21078,33983.0,22787.380710254325,23750.96371954381,24879.78267684161,20836.025657660884,19858.699538003024,18742.97513874318,2025-10-08T11:00:00Z,causal-ridge-shortlag-v2,True
2025-10-08 11:00:00+00:00,ISONE_NEMA,13896,1076,9,12811,18007.25,14330.236122080722,14268.014846982762,13921.565210256624,13203.212774708503,13068.753528639092,12641.640431326094,2025-10-08T11:00:00Z,causal-ridge-shortlag-v2,True
2025-10-08 11:00:00+00:00,MISO_MINN_HUB,68582,7587,6,60989,101249.75,72525.75280358223,75481.66786530316,77623.47045538254,63540.38247328835,64811.12164766643,64646.76391236063,2025-10-08T11:00:00Z,causal-ridge-shortlag-v2,True
2025-10-08 11:00:00+00:00,SPP_NORTH_HUB,33915,4542,649,28724,46366.75,34330.90672092623,34898.84405361648,35535.151053941896,29144.71094055703,29589.461424577912,30062.45267625767,2025-10-08T11:00:00Z,causal-ridge-shortlag-v2,True
2025-10-08 12:00:00+00:00,CAISO_NP15,22377,1212,0,21165,33983.0,23080.90867899609,24277.259917472697,25543.28622006508,20472.72242864477,19185.52636286765,17754.997988415904,2025-10-08T12:00:00Z,causal-ridge-shortlag-v2,True
2025-10-08 12:00:00+00:00,ISONE_NEMA,14181,1052,27,13102,18007.25,13987.068966956083,13654.4275573489,13325.195706754388,12843.02940497438,12430.617620721394,12039.589060066934,2025-10-08T12:00:00Z,causal-ridge-shortlag-v2,True
2025-10-08 12:00:00+00:00,MISO_MINN_HUB,70610,8033,950,61627,101249.75,72143.36130513485,73684.92959426748,74397.89895741898,60768.40818279649,58522.77583157559,58199.435889306376,2025-10-08T12:00:00Z,causal-ridge-shortlag-v2,True
2025-10-08 12:00:00+00:00,SPP_NORTH_HUB,33915,4542,649,28724,46366.75,34268.71126163697,34803.704461444264,35427.16741128128,29095.16763695866,29444.53466260544,29798.229848081068,2025-10-08T12:00:00Z,causal-ridge-shortlag-v2,True
2025-10-08 13:00:00+00:00,CAISO_NP15,22422,1322,0,21100,33983.0,23575.346595296865,24897.43804467111,26093.04432372473,20177.33455896862,18366.83086379536,16561.309446930078,2025-10-08T13:00:00Z,causal-ridge-shortlag-v2,True
2025-10-08 13:00:00+00:00,ISONE_NEMA,14207,1122,62,13023,18007.25,13980.917098209738,13712.045900339812,13504.718854380872,12703.566652368252,12366.99086971185,12112.695687369329,2025-10-08T13:00:00Z,causal-ridge-shortlag-v2,True
2025-10-08 13:00:00+00:00,MISO_MINN_HUB,70721,8437,6849,55435,101249.75,70435.26331982705,71021.71349542461,72546.06849590942,50853.0749313548,49176.15070450418,50452.070280452506,2025-10-08T13:00:00Z,causal-ridge-shortlag-v2,True
2025-10-08 13:00:00+00:00,SPP_NORTH_HUB,33915,4542,649,28724,46366.75,34196.50823271394,34713.54479209273,35364.823525852575,28989.76740891322,29288.861086649347,29596.390244318343,2025-10-08T13:00:00Z,causal-ridge-shortlag-v2,True
2025-10-08 14:00:00+00:00,CAISO_NP15,24642,1345,0,23297,33983.0,26401.050005987207,27672.862250640523,28426.92908147201,22572.874511444275,20140.73181955612,17522.025731083755,2025-10-08T14:00:00Z,causal-ridge-shortlag-v2,True
2025-10-08 14:00:00+00:00,ISONE_NEMA,14107,1128,61,12918,18007.25,13909.509430672097,13788.5403251556,13803.86796279209,12683.828175988943,12527.29651099491,12524.468972681789,2025-10-08T14:00:00Z,causal-ridge-shortlag-v2,True
2025-10-08 14:00:00+00:00,MISO_MINN_HUB,71100,6541,11114,53445,101249.75,72372.72180543795,73997.53876923255,76448.0506542151,54367.029756348726,58442.82435656076,60243.40472879223,2025-10-08T14:00:00Z,causal-ridge-shortlag-v2,True
2025-10-08 14:00:00+00:00,SPP_NORTH_HUB,33915,4542,649,28724,46366.75,34187.14161964925,34690.86985085723,35330.77487753159,28931.413864769125,29279.201526168374,29644.402885913223,2025-10-08T14:00:00Z,causal-ridge-shortlag-v2,True
2025-10-08 15:00:00+00:00,CAISO_NP15,25680,1448,3336,20896,33983.0,26721.219468818806,27380.959070847504,27587.553655133404,17261.396688712506,15499.888352691636,13625.02721394647,2025-10-08T15:00:00Z,causal-ridge-shortlag-v2,True
2025-10-08 15:00:00+00:00,ISONE_NEMA,13634,1229,115,12290,18007.25,13170.512821278817,12980.17621610153,13137.127722335,11714.418125905711,11471.459142284282,11623.90099273451,2025-10-08T15:00:00Z,causal-ridge-shortlag-v2,True
2025-10-08 15:00:00+00:00,MISO_MINN_HUB,72313,5987,12494,53832,101249.75,74048.77397763391,76039.97193007084,77492.6142676164,56041.46917575416,57295.19786460891,59810.77192575154,2025-10-08T15:00:00Z,causal-ridge-shortlag-v2,True
2025-10-08 15:00:00+00:00,SPP_NORTH_HUB,33915,4542,649,28724,46366.75,34267.478014668646,34794.59608300068,35391.72209772936,29027.743703295942,29320.287642108637,29575.4026048889,2025-10-08T15:00:00Z,causal-ridge-shortlag-v2,True
2025-10-08 16:00:00+00:00,CAISO_NP15,27445,1456,11934,14055,33983.0,28494.444251590096,28431.052689533182,28214.764594757507,10144.390995843863,9809.417390291412,9880.707515527967,2025-10-08T16:00:00Z,causal-ridge-shortlag-v2,True
2025-10-08 16:00:00+00:00,ISONE_NEMA,12791,1161,165,11465,18007.25,12389.813664698464,12438.938310350915,12756.792102799587,11040.903332376558,11090.267519540648,11445.364858505036,2025-10-08T16:00:00Z,causal-ridge-shortlag-v2,True
2025-10-08 16:00:00+00:00,MISO_MINN_HUB,73909,5628,12910,55371,101249.75,75789.93045365816,77809.52996306124,79350.65823638716,58195.01442705025,60863.83209356925,64267.767783471165,2025-10-08T16:00:00Z,causal-ridge-shortlag-v2,True
2025-10-08 16:00:00+00:00,SPP_NORTH_HUB,33915,4542,649,28724,46366.75,34227.01180516305,34699.36495680322,35231.36310546783,28937.00108487208,29144.49268809689,29293.005236938046,2025-10-08T16:00:00Z,causal-ridge-shortlag-v2,True
2025-10-08 17:00:00+00:00,CAISO_NP15,30236,1320,15815,13101,33983.0,30611.005515150773,30454.89771771721,30006.99213009947,13319.676599840412,12718.290427311576,12696.0485946443,2025-10-08T17:00:00Z,causal-ridge-shortlag-v2,True
2025-10-08 17:00:00+00:00,ISONE_NEMA,11974,1098,288,10588,18007.25,11742.685063189532,11891.858829734208,12276.410684877175,10320.303303895153,10490.266465833623,10932.912513723331,2025-10-08T17:00:00Z,causal-ridge-shortlag-v2,True
2025-10-08 17:00:00+00:00,MISO_MINN_HUB,75326,5670,12616,57040,101249.75,76891.69623795955,78507.6053956334,79703.49586291674,59618.60877220494,62426.69084501018,65629.12705166203,2025-10-08T17:00:00Z,causal-ridge-shortlag-v2,True
2025-10-08 17:00:00+00:00,SPP_NORTH_HUB,33915,4542,649,28724,46366.75,34223.54932616077,34644.318821396264,35083.06695313143,28892.858821813054,29018.33209306488,29051.550727253685,2025-10-08T17:00:00Z,causal-ridge-shortlag-v2,True
2025-10-08 18:00:00+00:00,CAISO_NP15,30490,1402,17006,12082,33983.0,30095.20487001972,29543.703464824182,28794.952328665928,11664.505072134492,12121.071657027624,12586.657696961744,2025-10-08T18:00:00Z,causal-ridge-shortlag-v2,True
2025-10-08 18:00:00+00:00,ISONE_NEMA,11621,1003,378,10240,18007.25,11816.10245269296,12245.06718444678,12769.448768579452,10483.376838608718,10992.69255906156,11612.371632360386,2025-10-08T18:00:00Z,causal-ridge-shortlag-v2,True
2025-10-08 18:00:00+00:00,MISO_MINN_HUB,76466,5919,12643,57904,101249.75,77581.02142988006,78639.94748656065,79428.55543173733,59793.84052134089,62285.65513483631,65017.19897227479,2025-10-08T18:00:00Z,causal-ridge-shortlag-v2,True
2025-10-08 18:00:00+00:00,SPP_NORTH_HUB,33915,4542,649,28724,46366.75,34170.29120380146,34519.304971349964,34870.79026484674,28794.123462992524,28771.52363569309,28623.353017394005,2025-10-08T18:00:00Z,causal-ridge-shortlag-v2,True
2025-10-08 19:00:00+00:00,CAISO_NP15,29652,1432,16988,11232,33983.0,29337.00692282348,29028.69987106789,28959.973147761637,12000.682227067771,13082.57005304054,14456.887530167722,2025-10-08T19:00:00Z,causal-ridge-shortlag-v2,True
2025-10-08 19:00:00+00:00,ISONE_NEMA,11797,1164,369,10264,18007.25,12165.681877166731,12563.953396477822,13017.787823090794,10630.469086035737,11089.787274322653,11623.269580226375,2025-10-08T19:00:00Z,causal-ridge-shortlag-v2,True
2025-10-08 19:00:00+00:00,MISO_MINN_HUB,77268,5980,12994,58294,101249.75,77974.48064033929,78569.85008274252,78993.48509768122,59975.81348302156,62436.5053573936,64854.25645277915,2025-10-08T19:00:00Z,causal-ridge-shortlag-v2,True
2025-10-08 19:00:00+00:00,SPP_NORTH_HUB,33915,4542,649,28724,46366.75,34067.3854386268,34330.42401457993,34618.70261627273,28623.57845132373,28460.58091729962,28161.7549615292,2025-10-08T19:00:00Z,causal-ridge-shortlag-v2,True
2025-10-08 20:00:00+00:00,CAISO_NP15,28250,1457,16823,9970,33983.0,27606.99711584367,27412.016812287853,27746.65978618348,10571.605115121787,12760.241887197742,15281.02397715817,2025-10-08T20:00:00Z,causal-ridge-shortlag-v2,True
2025-10-08 20:00:00+00:00,ISONE_NEMA,12644,1183,282,11179,18007.25,13587.763879946622,14250.291730216137,14513.615243667036,12242.67093704652,12997.706075356971,13324.281951215193,2025-10-08T20:00:00Z,causal-ridge-shortlag-v2,True
2025-10-08 20:00:00+00:00,MISO_MINN_HUB,77565,6196,13176,58193,101249.75,77739.67287042493,77889.90070344732,77906.20806193107,59582.12923448262,61732.286878342624,64173.23646745785,2025-10-08T20:00:00Z,causal-ridge-shortlag-v2,True
2025-10-08 20:00:00+00:00,SPP_NORTH_HUB,33915,4542,649,28724,46366.75,34047.487601639026,34272.9956048355,34508.38186926031,28566.37970541393,28306.26319371319,27889.207664027468,2025-10-08T20:00:00Z,causal-ridge-shortlag-v2,True
2025-10-08 21:00:00+00:00,CAISO_NP15,27382,1490,16820,9072,33983.0,27081.48108963031,27177.36984169668,27778.779201478515,10341.9979094807,13329.702236279683,16561.191075991846,2025-10-08T21:00:00Z,causal-ridge-shortlag-v2,True
2025-10-08 21:00:00+00:00,ISONE_NEMA,13499,1118,106,12275,18007.25,14194.35801994351,14521.34907886458,14383.635518562109,13115.116750282688,13516.442341698938,13416.570145378775,2025-10-08T21:00:00Z,causal-ridge-shortlag-v2,True
2025-10-08 21:00:00+00:00,MISO_MINN_HUB,78081,6596,11699,59786,101249.75,78578.82098479153,78657.35256007858,78390.82996115755,62432.580133488525,65199.86952861081,66835.18339854242,2025-10-08T21:00:00Z,causal-ridge-shortlag-v2,True
2025-10-08 21:00:00+00:00,SPP_NORTH_HUB,33915,4542,649,28724,46366.75,34030.35141040408,34223.601372828714,34413.81105695652,28518.596149196263,28172.537859965803,27653.75125699547,2025-10-08T21:00:00Z,causal-ridge-shortlag-v2,True
2025-10-08 22:00:00+00:00,CAISO_NP15,26716,1588,16658,8470,33983.0,26844.71601099803,27108.897307175164,27678.462611669853,10473.495145547971,13937.780272661686,17513.184979294587,2025-10-08T22:00:00Z,causal-ridge-shortlag-v2,True
2025-10-08 22:00:00+00:00,ISONE_NEMA,14032,1033,4,12995,18007.25,14228.257675526978,14100.289508308942,13679.660293726669,13292.426711399276,13235.840459529329,12866.453645320382,2025-10-08T22:00:00Z,causal-ridge-shortlag-v2,True
2025-10-08 22:00:00+00:00,MISO_MINN_HUB,78597,7390,5425,65782,101249.75,79249.68286474311,78847.57986464609,77104.02330159863,70075.33090953043,71380.67111586672,69885.44007187911,2025-10-08T22:00:00Z,causal-ridge-shortlag-v2,True
2025-10-08 22:00:00+00:00,SPP_NORTH_HUB,33915,4542,649,28724,46366.75,34013.37071772863,34179.23384650139,34334.01841081484,28480.98009558407,28066.537884668334,27470.35740083687,2025-10-08T22:00:00Z,causal-ridge-shortlag-v2,True
2025-10-08 23:00:00+00:00,CAISO_NP15,26782,1771,16351,8660,33983.0,27024.813780592496,27330.651704247863,27853.35217927121,11409.545940245787,15290.481801333382,18919.85539644028,2025-10-08T23:00:00Z,causal-ridge-shortlag-v2,True
2025-10-08 23:00:00+00:00,ISONE_NEMA,13879,1139,1,12739,18007.25,13352.631653646213,12793.604764085743,12296.586973107776,12192.28553109376,11662.920188436108,11213.373394942744,2025-10-08T23:00:00Z,causal-ridge-shortlag-v2,True
2025-10-08 23:00:00+00:00,MISO_MINN_HUB,78485,8195,385,69905,101249.75,77707.13523002467,75863.29154189993,72627.62615499053,70641.41920727551,67497.28959770476,64113.87010264585,2025-10-08T23:00:00Z,causal-ridge-shortlag-v2,True
2025-10-08 23:00:00+00:00,SPP_NORTH_HUB,33915,4542,649,28724,46366.75,34003.96128473552,34158.07587737689,34299.127816675,28459.953613762493,28005.8339071341,27371.49060069986,2025-10-08T23:00:00Z,causal-ridge-shortlag-v2,True
2025-10-09 00:00:00+00:00,CAISO_NP15,27195,1927,13901,11367,33983.0,27647.51150961836,28025.38494454437,28333.53559842847,15488.813555041112,18656.006207449253,21485.14305231683,2025-10-09T00:00:00Z,causal-ridge-shortlag-v2,True
2025-10-09 00:00:00+00:00,ISONE_NEMA,13256,1186,1,12069,18007.25,12588.62800048054,12043.142746617148,11550.08580244235,11412.06179765499,10898.508474415514,10444.49190934141,2025-10-09T00:00:00Z,causal-ridge-shortlag-v2,True
2025-10-09 00:00:00+00:00,MISO_MINN_HUB,77785,11310,1,66474,101249.75,75318.2431042323,72096.9230142327,69013.0084229912,61702.0201183871,57447.29777026703,54687.7611690747,2025-10-09T00:00:00Z,causal-ridge-shortlag-v2,True
2025-10-09 00:00:00+00:00,SPP_NORTH_HUB,33915,4542,649,28724,46366.75,33970.67198107741,34078.99139976907,34168.57024019273,28397.14045420994,27848.49126007458,27118.574786760724,2025-10-09T00:00:00Z,causal-ridge-shortlag-v2,True
2025-10-09 01:00:00+00:00,CAISO_NP15,28588,1957,5871,20760,33983.0,29524.46588929725,30126.42299591279,30040.95202341318,26830.948432546134,27621.84252912447,27581.89400812649,2025-10-09T01:00:00Z,causal-ridge-shortlag-v2,True
2025-10-09 01:00:00+00:00,ISONE_NEMA,12425,1142,1,11282,18007.25,11746.092093986545,11255.070715307576,10868.79224824303,10638.448433620611,10185.147409437242,9835.007315632742,2025-10-09T01:00:00Z,causal-ridge-shortlag-v2,True
2025-10-09 01:00:00+00:00,MISO_MINN_HUB,75408,13971,2,61435,101249.75,72085.88361771923,68599.62660128216,65824.71375554838,56731.98026148979,54302.59592619778,51571.13995717243,2025-10-09T01:00:00Z,causal-ridge-shortlag-v2,True
2025-10-09 01:00:00+00:00,SPP_NORTH_HUB,33915,4542,649,28724,46366.75,33954.652113258446,34048.01362753162,34128.44202070104,28391.207656815383,27831.384864891937,27098.29020315832,2025-10-09T01:00:00Z,causal-ridge-shortlag-v2,True
2025-10-09 02:00:00+00:00,CAISO_NP15,29222,1922,281,27019,33983.0,29771.933511630283,29657.315862795786,28763.30178159764,28649.57892414499,28771.535277452844,27449.68945461131,2025-10-09T02:00:00Z,causal-ridge-shortlag-v2,True
2025-10-09 02:00:00+00:00,ISONE_NEMA,11403,1133,1,10269,18007.25,10622.597965031877,10220.647522599427,10109.37518755451,9515.38051352128,9159.94469170842,9099.372398806623,2025-10-09T02:00:00Z,causal-ridge-shortlag-v2,True
2025-10-09 02:00:00+00:00,MISO_MINN_HUB,72034,15774,1,56259,101249.75,68466.02724160718,65288.73052279736,62624.85244914711,51992.42190709091,48330.073404131326,45756.13433877734,2025-10-09T02:00:00Z,causal-ridge-shortlag-v2,True
2025-10-09 02:00:00+00:00,SPP_NORTH_HUB,33915,4542,649,28724,46366.75,33947.615133448744,34042.38150477168,34135.35435028847,28403.39128744597,27864.19532262686,27168.44485314608,2025-10-09T02:00:00Z,causal-ridge-shortlag-v2,True
2025-10-09 03:00:00+00:00,CAISO_NP15,28939,1907,0,27032,33983.0,28616.47724221291,27870.581016196917,26873.14700668329,25692.59467613796,25481.867234926445,24487.498227386805,2025-10-09T03:00:00Z,causal-ridge-shortlag-v2,True
2025-10-09 03:00:00+00:00,ISONE_NEMA,10485,1154,1,9330,18007.25,9915.304404844936,9745.707917768152,9868.699506633106,8785.90160718207,8668.353765658965,8842.846011741556,2025-10-09T03:00:00Z,causal-ridge-shortlag-v2,True
2025-10-09 03:00:00+00:00,MISO_MINN_HUB,68808,16501,1,52306,101249.75,65874.12459191652,63574.69601251199,61897.41660840583,49591.42923917878,47320.885166165375,45834.01720360238,2025-10-09T03:00:00Z,causal-ridge-shortlag-v2,True
2025-10-09 03:00:00+00:00,SPP_NORTH_HUB,33915,4542,649,28724,46366.75,33948.29384029876,34058.39703792718,34182.350768377815,28432.18339630673,27942.81505823407,27320.424494656992,2025-10-09T03:00:00Z,causal-ridge-shortlag-v2,True
2025-10-09 04:00:00+00:00,CAISO_NP15,27964,1658,0,26306,33983.0,26830.45790923851,25709.752150133307,24575.92500046676,25205.359567803906,24230.541245445787,23090.37642152876,2025-10-09T04:00:00Z,causal-ridge-shortlag-v2,True
2025-10-09 04:00:00+00:00,ISONE_NEMA,9868,1165,0,8703,18007.25,9618.91060733701,9680.091204649636,9941.898672131309,8482.754072727177,8586.372185941329,8882.070312042582,2025-10-09T04:00:00Z,causal-ridge-shortlag-v2,True
2025-10-09 04:00:00+00:00,MISO_MINN_HUB,65828,16757,2,49069,101249.75,63375.22732790376,61950.59115640647,61201.31276746907,47117.11372460101,45569.62964986437,45404.86312973504,2025-10-09T04:00:00Z,causal-ridge-shortlag-v2,True
2025-10-09 04:00:00+00:00,SPP_NORTH_HUB,33915,4542,649,28724,46366.75,33956.551929050926,34094.17174625222,34264.313881134,28474.100721019804,28057.98829895664,27537.152777649528,2025-10-09T04:00:00Z,causal-ridge-shortlag-v2,True
2025-10-09 05:00:00+00:00,CAISO_NP15,27102,1704,0,25398,33983.0,25933.563045802843,24543.52428623157,23147.955852765084,23879.8834996668,23120.060771331573,22057.394588826035,2025-10-09T05:00:00Z,causal-ridge-shortlag-v2,True
2025-10-09 05:00:00+00:00,ISONE_NEMA,9475,1123,0,8352,18007.25,9413.452612134588,9626.974476825206,9983.57776549182,8328.538326130543,8576.82174612405,8955.278525996408,2025-10-09T05:00:00Z,causal-ridge-shortlag-v2,True
2025-10-09 05:00:00+00:00,MISO_MINN_HUB,63249,16653,1,46595,101249.75,61506.70645241941,60962.15342871122,61247.09053268176,45475.12885261637,45217.10242209279,45868.89331134719,2025-10-09T05:00:00Z,causal-ridge-shortlag-v2,True
2025-10-09 05:00:00+00:00,SPP_NORTH_HUB,33915,4542,649,28724,46366.75,33964.93800831048,34129.43020376056,34345.38435813191,28519.17590195632,28183.1297854422,27769.256405052354,2025-10-09T05:00:00Z,causal-ridge-shortlag-v2,True
2025-10-09 06:00:00+00:00,CAISO_NP15,25890,1673,0,24217,33983.0,24582.15822376033,23438.12842705202,22484.306327645143,22866.798052425405,22310.722431828428,21495.75700490301,2025-10-09T06:00:00Z,causal-ridge-shortlag-v2,True
2025-10-09 06:00:00+00:00,ISONE_NEMA,9407,1200,0,8207,18007.25,9531.482315381443,9825.508065217991,10219.132932703382,8318.137458701105,8621.166517302703,9014.014177106224,2025-10-09T06:00:00Z,causal-ridge-shortlag-v2,True
2025-10-09 06:00:00+00:00,MISO_MINN_HUB,61739,16288,2,45449,101249.75,61154.529175720745,61605.37997184815,62848.76822980253,45533.15028339186,46366.04345909829,47440.39335904494,2025-10-09T06:00:00Z,causal-ridge-shortlag-v2,True
2025-10-09 06:00:00+00:00,SPP_NORTH_HUB,33915,4542,649,28724,46366.75,33979.4909363222,34178.6707939554,34448.50401471383,28570.648538731213,28326.360179517986,28031.81998698627,2025-10-09T06:00:00Z,causal-ridge-shortlag-v2,True
2025-10-09 07:00:00+00:00,CAISO_NP15,24101,1614,0,22487,33983.0,22869.58992481766,22109.38427302516,21749.510071729565,21349.42798347406,20984.227500507623,20435.82358288971,2025-10-09T07:00:00Z,causal-ridge-shortlag-v2,True
2025-10-09 07:00:00+00:00,ISONE_NEMA,9456,1210,0,8246,18007.25,9666.750014261766,10041.429196582449,10450.480388210945,8461.543632558743,8836.167249520337,9233.672328905672,2025-10-09T07:00:00Z,causal-ridge-shortlag-v2,True
2025-10-09 07:00:00+00:00,MISO_MINN_HUB,60370,16052,2,44316,101249.75,59926.87906862267,60786.0831075251,62339.73098350916,44106.2478288096,44409.648845382166,45811.41778376556,2025-10-09T07:00:00Z,causal-ridge-shortlag-v2,True
2025-10-09 07:00:00+00:00,SPP_NORTH_HUB,33915,4542,649,28724,46366.75,33995.43057162996,34229.518763038424,34552.12825619627,28623.128389889276,28472.79409738374,28296.79871803628,2025-10-09T07:00:00Z,causal-ridge-shortlag-v2,True
2025-10-09 08:00:00+00:00,CAISO_NP15,23407,1474,0,21933,33983.0,22908.842580571345,22650.75147911664,22738.00103514705,21634.177306788843,21225.61675427746,20652.60047413363,2025-10-09T08:00:00Z,causal-ridge-shortlag-v2,True
2025-10-09 08:00:00+00:00,ISONE_NEMA,9683,1147,0,8536,18007.25,10106.462988903771,10548.46958100928,10836.73070198623,8977.813029956435,9408.589550515426,9662.009335923649,2025-10-09T08:00:00Z,causal-ridge-shortlag-v2,True
2025-10-09 08:00:00+00:00,MISO_MINN_HUB,60272,15951,1,44320,101249.75,61088.37811370237,62727.374319957074,65128.16415805771,45150.87860632173,46885.432753661946,48291.31614386031,2025-10-09T08:00:00Z,causal-ridge-shortlag-v2,True
2025-10-09 08:00:00+00:00,SPP_NORTH_HUB,33915,4542,649,28724,46366.75,34012.312305624735,34280.33025470008,34652.448987651,28674.19136866087,28615.417749960303,28551.420401974323,2025-10-09T08:00:00Z,causal-ridge-shortlag-v2,True
2025-10-09 09:00:00+00:00,CAISO_NP15,22557,1289,0,21268,33983.0,22203.4025912434,22367.504005590225,22843.110950693223,20754.71176144293,20267.34279512788,19598.569826685525,2025-10-09T09:00:00Z,causal-ridge-shortlag-v2,True
2025-10-09 09:00:00+00:00,ISONE_NEMA,10309,1169,0,9140,18007.25,10940.73016160171,11319.098213924235,11405.289926349922,9760.038242507084,10104.344171211931,10130.05191789175,2025-10-09T09:00:00Z,causal-ridge-shortlag-v2,True
2025-10-09 09:00:00+00:00,MISO_MINN_HUB,61410,15875,1,45534,101249.75,63128.40938121178,65320.67015119975,67746.29677067744,46996.07521855466,48406.63935592353,49674.20218681881,2025-10-09T09:00:00Z,causal-ridge-shortlag-v2,True
2025-10-09 09:00:00+00:00,SPP_NORTH_HUB,33915,4542,649,28724,46366.75,34028.28047397936,34325.799781534304,34739.488875859475,28719.67087561245,28742.6670430781,28774.8872167308,2025-10-09T09:00:00Z,causal-ridge-shortlag-v2,True
2025-10-09 10:00:00+00:00,CAISO_NP15,22079,1088,0,20991,33983.0,22217.952902600577,22767.736072356787,23579.050066154487,20713.84941978099,19864.198773627948,18857.546845745685,2025-10-09T10:00:00Z,causal-ridge-shortlag-v2,True
2025-10-09 10:00:00+00:00,ISONE_NEMA,11545,1207,0,10338,18007.25,12414.26863356842,12648.219165620068,12425.717020346088,11192.219959992142,11374.837482598596,11070.545074589128,2025-10-09T10:00:00Z,causal-ridge-shortlag-v2,True
2025-10-09 10:00:00+00:00,MISO_MINN_HUB,64432,15777,1,48654,101249.75,67546.20545518033,70338.44502784008,72871.01952087424,51284.03916537546,53117.6778794771,53828.42689257723,2025-10-09T10:00:00Z,causal-ridge-shortlag-v2,True
2025-10-09 10:00:00+00:00,SPP_NORTH_HUB,33915,4542,649,28724,46366.75,34041.775920250875,34360.73576843655,34802.89296683472,28753.80717811859,28839.00915463797,28940.013644964027,2025-10-09T10:00:00Z,causal-ridge-shortlag-v2,True
2025-10-09 11:00:00+00:00,CAISO_NP15,21733,908,0,20825,33983.0,22182.886083158268,23010.73828844253,23993.628630990537,20275.20297473677,19096.87482687125,17812.140926707685,2025-10-09T11:00:00Z,causal-ridge-shortlag-v2,True
2025-10-09 11:00:00+00:00,ISONE_NEMA,12162,1121,73,10968,18007.25,12246.581382710832,11978.474583013243,11531.819361608768,11001.640525856015,10648.33893342144,10126.979752903062,2025-10-09T11:00:00Z,causal-ridge-shortlag-v2,True
2025-10-09 11:00:00+00:00,MISO_MINN_HUB,68859,15697,1,53161,101249.75,72688.76289795409,75572.47652473212,77488.53083844551,56138.66108119754,57144.66758159583,56985.22245459392,2025-10-09T11:00:00Z,causal-ridge-shortlag-v2,True
2025-10-09 11:00:00+00:00,SPP_NORTH_HUB,33915,4542,649,28724,46366.75,34055.859429758384,34391.94422071299,34852.807805182994,28775.49266597532,28901.322755640133,29042.884590715115,2025-10-09T11:00:00Z,causal-ridge-shortlag-v2,True
2025-10-09 12:00:00+00:00,CAISO_NP15,21920,690,0,21230,33983.0,22667.88639004384,23707.48335113688,24775.92438443096,20473.010161547307,18882.19114959964,17173.929325478148,2025-10-09T12:00:00Z,causal-ridge-shortlag-v2,True
2025-10-09 12:00:00+00:00,ISONE_NEMA,11087,946,382,9759,18007.25,9939.736226320792,9245.57122905156,8934.105624290904,8466.942224970211,7689.279674458798,7369.199042068823,2025-10-09T12:00:00Z,causal-ridge-shortlag-v2,True
2025-10-09 12:00:00+00:00,MISO_MINN_HUB,70486,15077,1089,54320,101249.75,71437.06624401853,72656.53388347887,73172.12887859698,53529.8006294469,51427.26942212183,51253.767207019,2025-10-09T12:00:00Z,causal-ridge-shortlag-v2,True
2025-10-09 12:00:00+00:00,SPP_NORTH_HUB,33915,4542,649,28724,46366.75,34069.153185229894,34419.94131143441,34894.03966516789,28792.3627235025,28948.605219366636,29116.18680932605,2025-10-09T12:00:00Z,causal-ridge-shortlag-v2,True
2025-10-09 13:00:00+00:00,CAISO_NP15,22199,528,0,21671,33983.0,23033.59581749072,24175.29500004389,25213.70331829498,20279.36131363891,18294.69760342541,16178.31776421119,2025-10-09T13:00:00Z,causal-ridge-shortlag-v2,True
2025-10-09 13:00:00+00:00,ISONE_NEMA,9895,934,692,8269,18007.25,9128.882831951372,8732.854777043707,8653.106796993998,7371.658614164238,6962.838251048606,6933.278524574393,2025-10-09T13:00:00Z,causal-ridge-shortlag-v2,True
2025-10-09 13:00:00+00:00,MISO_MINN_HUB,70221,14677,8133,47411,101249.75,69293.14910853618,69605.12312256143,71346.09101630758,42390.291677108005,41632.90445134245,44536.15326167241,2025-10-09T13:00:00Z,causal-ridge-shortlag-v2,True
2025-10-09 13:00:00+00:00,SPP_NORTH_HUB,33915,4542,649,28724,46366.75,34083.08078338373,34447.87655825034,34931.4002877287,28803.341502088875,28977.96198512641,29156.27739185707,2025-10-09T13:00:00Z,causal-ridge-shortlag-v2,True
2025-10-09 14:00:00+00:00,CAISO_NP15,24316,426,0,23890,33983.0,26037.779841827836,27197.77415133341,27770.791749260254,22761.205158133074,19948.13557472535,16988.0692680054,2025-10-09T14:00:00Z,causal-ridge-shortlag-v2,True
2025-10-09 14:00:00+00:00,ISONE_NEMA,9148,870,847,7431,18007.25,8844.523569296978,8847.058687864619,9142.441490480049,7136.81275972755,7193.325946734564,7580.848472823373,2025-10-09T14:00:00Z,causal-ridge-shortlag-v2,True
2025-10-09 14:00:00+00:00,MISO_MINN_HUB,70327,12459,13037,44831,101249.75,71244.65772094927,72915.43436027472,75887.13141690713,45946.42141527023,51379.82297849256,54511.65245955626,2025-10-09T14:00:00Z,causal-ridge-shortlag-v2,True
2025-10-09 14:00:00+00:00,SPP_NORTH_HUB,33915,4542,649,28724,46366.75,34098.25661787712,34475.17582957178,34961.88553469014,28802.338949162266,28973.875907756024,29137.81529733928,2025-10-09T14:00:00Z,causal-ridge-shortlag-v2,True
2025-10-09 15:00:00+00:00,CAISO_NP15,25132,320,2145,22667,33983.0,25969.277082849727,26572.623223760107,26717.120850192805,19042.332854356428,16486.886919029515,13970.567502888503,2025-10-09T15:00:00Z,causal-ridge-shortlag-v2,True
2025-10-09 15:00:00+00:00,ISONE_NEMA,8586,905,890,6791,18007.25,8281.714206288145,8358.948102927417,8899.623880481406,6490.911983227331,6640.927461858369,7307.342629041873,2025-10-09T15:00:00Z,causal-ridge-shortlag-v2,True
2025-10-09 15:00:00+00:00,MISO_MINN_HUB,71208,12613,13573,45022,101249.75,72660.62496869217,74756.22558124912,76525.90515737142,47573.56505763065,49390.59844127862,52509.39849320752,2025-10-09T15:00:00Z,causal-ridge-shortlag-v2,True
2025-10-09 15:00:00+00:00,SPP_NORTH_HUB,33915,4542,649,28724,46366.75,34100.44585929203,34467.29464122436,34929.43954093515,28779.557314701447,28910.35502408671,29012.290723656,2025-10-09T15:00:00Z,causal-ridge-shortlag-v2,True
2025-10-09 16:00:00+00:00,CAISO_NP15,26179,302,9759,16118,33983.0,26935.743632095346,26855.20901420257,26700.019500026523,11406.364519794774,10366.191044802625,9997.499546265197,2025-10-09T16:00:00Z,causal-ridge-shortlag-v2,True
2025-10-09 16:00:00+00:00,ISONE_NEMA,8300,934,894,6472,18007.25,8379.290412464106,8910.193416432652,9767.027861183284,6619.20092510379,7275.202122507328,8288.362378819626,2025-10-09T16:00:00Z,causal-ridge-shortlag-v2,True
2025-10-09 16:00:00+00:00,MISO_MINN_HUB,72463,13120,13332,46011,101249.75,73996.39981654185,75985.25915607774,77709.77329419168,48721.1503776165,51254.82408474852,54734.241637568535,2025-10-09T16:00:00Z,causal-ridge-shortlag-v2,True
2025-10-09 16:00:00+00:00,SPP_NORTH_HUB,33915,4542,649,28724,46366.75,34093.98811691751,34436.38909822024,34855.98842867534,28741.278476709074,28804.133073767985,28811.09493769284,2025-10-09T16:00:00Z,causal-ridge-shortlag-v2,True
2025-10-09 17:00:00+00:00,CAISO_NP15,28513,459,13299,14755,33983.0,29305.59315374406,29212.968034576963,28742.288561671427,14390.904752077036,12859.457275707928,12478.992621133511,2025-10-09T17:00:00Z,causal-ridge-shortlag-v2,True
2025-10-09 17:00:00+00:00,ISONE_NEMA,8311,997,891,6423,18007.25,8604.782203867864,9316.62925985186,10334.038764856046,6783.337253251566,7634.228136151794,8821.58540212403,2025-10-09T17:00:00Z,causal-ridge-shortlag-v2,True
2025-10-09 17:00:00+00:00,MISO_MINN_HUB,73735,9766,13031,50938,101249.75,75739.95489862714,77833.91226161331,79401.97302954107,56297.17731552472,61171.26844547311,64347.79288508154,2025-10-09T17:00:00Z,causal-ridge-shortlag-v2,True
2025-10-09 17:00:00+00:00,SPP_NORTH_HUB,33915,4542,649,28724,46366.75,34084.51508078588,34397.207985267494,34767.19281061263,28693.452640093987,28671.39744835191,28565.13259669341,2025-10-09T17:00:00Z,causal-ridge-shortlag-v2,True
2025-10-09 18:00:00+00:00,CAISO_NP15,28616,627,13778,14211,33983.0,28240.318270762666,27625.82452932702,26752.26364351229,13250.860029259657,12597.850592436538,12398.837371813835,2025-10-09T18:00:00Z,causal-ridge-shortlag-v2,True
2025-10-09 18:00:00+00:00,ISONE_NEMA,8632,955,856,6821,18007.25,9300.62338447316,10291.870521952476,11356.488374028631,7627.730694777972,8786.82161929004,10026.295593268796,2025-10-09T18:00:00Z,causal-ridge-shortlag-v2,True
2025-10-09 18:00:00+00:00,MISO_MINN_HUB,75176,11700,12743,50733,101249.75,75974.8120154636,76895.02241349913,77637.4444127524,51367.86566630167,51945.47404741727,55163.26546624349,2025-10-09T18:00:00Z,causal-ridge-shortlag-v2,True
2025-10-09 18:00:00+00:00,SPP_NORTH_HUB,33915,4542,649,28724,46366.75,34073.38574540945,34354.15516031665,34671.92826910673,28639.725914534003,28522.25975740843,28293.26639233113,2025-10-09T18:00:00Z,causal-ridge-shortlag-v2,True
2025-10-09 19:00:00+00:00,CAISO_NP15,28068,516,13259,14293,33983.0,27648.671167700708,27262.595830790466,27032.01231591676,14264.801963909917,14171.83901752674,14688.37058423843,2025-10-09T19:00:00Z,causal-ridge-shortlag-v2,True
2025-10-09 19:00:00+00:00,ISONE_NEMA,9350,990,705,7655,18007.25,10221.736314967662,11128.72480010647,11948.018976766743,8666.058293007693,9734.977986681064,10713.220045801614,2025-10-09T19:00:00Z,causal-ridge-shortlag-v2,True
2025-10-09 19:00:00+00:00,MISO_MINN_HUB,75821,13691,13674,48456,101249.75,75955.92081908413,76288.33428180801,77272.94781174672,48569.06696396199,51618.72025929093,54785.73790316556,2025-10-09T19:00:00Z,causal-ridge-shortlag-v2,True
2025-10-09 19:00:00+00:00,SPP_NORTH_HUB,33915,4542,649,28724,46366.75,34059.7072255865,34307.00458740868,34572.43656419933,28584.88008420872,28369.61978700956,28018.12981096335,2025-10-09T19:00:00Z,causal-ridge-shortlag-v2,True
2025-10-09 20:00:00+00:00,CAISO_NP15,26902,470,13239,13193,33983.0,26253.149355439808,26043.054201745083,26242.822754411187,12743.753420484763,13681.09326535845,15403.659862852475,2025-10-09T20:00:00Z,causal-ridge-shortlag-v2,True
2025-10-09 20:00:00+00:00,ISONE_NEMA,10957,1001,469,9487,18007.25,12481.797873454014,13474.256292308815,13858.022757384026,11223.640481538676,12380.226220040566,12873.54951186435,2025-10-09T20:00:00Z,causal-ridge-shortlag-v2,True
2025-10-09 20:00:00+00:00,MISO_MINN_HUB,76746,14203,13653,48890,101249.75,77593.17563012394,78189.29892574827,78815.04041639924,51518.024452759695,55124.686080171785,57533.09865597167,2025-10-09T20:00:00Z,causal-ridge-shortlag-v2,True
2025-10-09 20:00:00+00:00,SPP_NORTH_HUB,33915,4542,649,28724,46366.75,34042.84079567276,34254.6757553829,34467.9862033332,28530.48676769676,28218.20315803173,27748.163095766944,2025-10-09T20:00:00Z,causal-ridge-shortlag-v2,True
2025-10-09 21:00:00+00:00,CAISO_NP15,26732,547,12914,13271,33983.0,26547.49349101341,26643.981501225277,27061.609576417475,14007.654578019336,15336.64381701695,17517.5187082235,2025-10-09T21:00:00Z,causal-ridge-shortlag-v2,True
2025-10-09 21:00:00+00:00,ISONE_NEMA,12725,964,133,11628,18007.25,13993.547566247536,14540.77679840529,14350.894300701586,13128.607687104755,13792.467930527491,13650.537076521954,2025-10-09T21:00:00Z,causal-ridge-shortlag-v2,True
2025-10-09 21:00:00+00:00,MISO_MINN_HUB,77622,14529,11749,51344,101249.75,78284.42414113836,78606.27150711382,78186.17117518403,54616.412466843496,56390.53194813378,57978.28247583462,2025-10-09T21:00:00Z,causal-ridge-shortlag-v2,True
2025-10-09 21:00:00+00:00,SPP_NORTH_HUB,33915,4542,649,28724,46366.75,34024.671330067045,34202.73703702064,34369.191781214664,28481.30053143701,28081.049964959795,27506.678896982557,2025-10-09T21:00:00Z,causal-ridge-shortlag-v2,True
2025-10-09 22:00:00+00:00,CAISO_NP15,26590,695,11717,14178,33983.0,26511.541042039556,26772.917782012217,27186.35647711476,15482.0384248714,16983.360917409293,19306.16119769529,2025-10-09T22:00:00Z,causal-ridge-shortlag-v2,True
2025-10-09 22:00:00+00:00,ISONE_NEMA,13656,846,8,12802,18007.25,13935.276820357089,13732.276599362767,13081.244300202688,13199.89472949055,13052.198896350434,12425.76595591388,2025-10-09T22:00:00Z,causal-ridge-shortlag-v2,True
2025-10-09 22:00:00+00:00,MISO_MINN_HUB,78036,14545,5475,58016,101249.75,78575.15968634114,78170.57496881926,76427.91727954145,62697.93759723554,63929.91540856204,62200.85751765044,2025-10-09T22:00:00Z,causal-ridge-shortlag-v2,True
2025-10-09 22:00:00+00:00,SPP_NORTH_HUB,33915,4542,649,28724,46366.75,34007.31031800717,34157.57177803111,34288.19681123434,28443.119949985477,27973.809360899544,27321.234769924613,2025-10-09T22:00:00Z,causal-ridge-shortlag-v2,True
2025-10-09 23:00:00+00:00,CAISO_NP15,26826,990,10173,15663,33983.0,27142.035530996134,27503.594014513987,27885.16033221831,17698.242396098056,19146.50951712668,21428.95310399564,2025-10-09T23:00:00Z,causal-ridge-shortlag-v2,True
2025-10-09 23:00:00+00:00,ISONE_NEMA,13679,741,6,12932,18007.25,13189.541456326431,12465.988632500012,11605.13253505294,12486.995917651531,11801.509352554254,10976.56484338298,2025-10-09T23:00:00Z,causal-ridge-shortlag-v2,True
2025-10-09 23:00:00+00:00,MISO_MINN_HUB,77782,13648,400,63734,101249.75,76998.63942589152,75104.41834594088,71821.32513811355,65517.29978276364,63109.146399713565,59612.88438693959,2025-10-09T23:00:00Z,causal-ridge-shortlag-v2,True
2025-10-09 23:00:00+00:00,SPP_NORTH_HUB,33915,4542,649,28724,46366.75,33992.9573240872,34124.885010893064,34234.979384878,28419.65762467516,27906.68571161281,27209.77657795969,2025-10-09T23:00:00Z,causal-ridge-shortlag-v2,True
2025-10-10 00:00:00+00:00,CAISO_NP15,26975,1097,7950,17928,33983.0,27318.67309492915,27637.63174938193,27833.667659147373,20583.18032333294,21394.50628075832,23206.952324892005,2025-10-10T00:00:00Z,causal-ridge-shortlag-v2,True
2025-10-10 00:00:00+00:00,ISONE_NEMA,13233,684,5,12544,18007.25,12508.060827247577,11650.485258457944,10759.687121549534,11852.714659917196,11023.23006511343,10155.223096207235,2025-10-10T00:00:00Z,causal-ridge-shortlag-v2,True
2025-10-10 00:00:00+00:00,MISO_MINN_HUB,77397,14084,1,63312,101249.75,75357.5833123423,72291.36835842651,69179.24023584908,60492.413816388704,57577.56779524416,55354.2784607388,2025-10-10T00:00:00Z,causal-ridge-shortlag-v2,True
2025-10-10 00:00:00+00:00,SPP_NORTH_HUB,33915,4542,649,28724,46366.75,33962.445050859555,34054.062356736606,34117.90776499309,28359.999627666544,27756.29634230444,26964.049079433007,2025-10-10T00:00:00Z,causal-ridge-shortlag-v2,True
2025-10-10 01:00:00+00:00,CAISO_NP15,28212,1042,3676,23494,33983.0,29130.5179026299,29497.695743877597,29229.84264709061,27287.30805375657,26777.93204540334,26826.07337268543,2025-10-10T01:00:00Z,causal-ridge-shortlag-v2,True
2025-10-10 01:00:00+00:00,ISONE_NEMA,12548,709,2,11837,18007.25,11691.826754245509,10819.846173554086,10065.662656119832,10985.404174682257,10122.033919155578,9375.27007497869,2025-10-10T01:00:00Z,causal-ridge-shortlag-v2,True
2025-10-10 01:00:00+00:00,MISO_MINN_HUB,74857,14698,1,60158,101249.75,71355.96547618721,67749.5740493618,64702.96331367712,56155.8844819682,53788.29223520951,51482.128310070446,2025-10-10T01:00:00Z,causal-ridge-shortlag-v2,True
2025-10-10 01:00:00+00:00,SPP_NORTH_HUB,33915,4542,649,28724,46366.75,33944.032574707206,34017.017997872885,34067.58996894915,28351.56687189239,27732.729705093065,26931.94022573236,2025-10-10T01:00:00Z,causal-ridge-shortlag-v2,True
2025-10-10 02:00:00+00:00,CAISO_NP15,29122,820,471,27831,33983.0,29456.5886388324,29169.88769229495,28146.666792346445,28971.06203566993,28085.872113157435,26914.421056027477,2025-10-10T02:00:00Z,causal-ridge-shortlag-v2,True
2025-10-10 02:00:00+00:00,ISONE_NEMA,11621,576,1,11044,18007.25,10775.544165023362,10113.772982348928,9625.08515299885,10263.605823720867,9631.011266946762,9159.692463243891,2025-10-10T02:00:00Z,causal-ridge-shortlag-v2,True
2025-10-10 02:00:00+00:00,MISO_MINN_HUB,71329,15509,1,55819,101249.75,67609.04264113012,64213.00557919391,61568.10291325538,51718.90176536205,48728.82502065328,46300.58928891167,2025-10-10T02:00:00Z,causal-ridge-shortlag-v2,True
2025-10-10 02:00:00+00:00,SPP_NORTH_HUB,33915,4542,649,28724,46366.75,33932.83784489728,34001.3530057746,34058.18722093713,28361.03266635636,27758.355289932013,26988.37218955805,2025-10-10T02:00:00Z,causal-ridge-shortlag-v2,True
2025-10-10 03:00:00+00:00,CAISO_NP15,29285,815,179,28291,33983.0,28858.09540487524,27911.64738394609,26601.02912434257,27214.550049251862,26256.190022737,25131.83542233617,2025-10-10T03:00:00Z,causal-ridge-shortlag-v2,True
2025-10-10 03:00:00+00:00,ISONE_NEMA,10991,533,1,10457,18007.25,10487.70643553797,10058.152973865112,9761.87135822694,9987.317472206636,9581.306440008691,9288.52337527201,2025-10-10T03:00:00Z,causal-ridge-shortlag-v2,True
2025-10-10 03:00:00+00:00,MISO_MINN_HUB,68423,15422,2,52999,101249.75,65764.58398967623,63422.56276336212,61731.08557377529,50915.90752752837,49376.73124092633,47662.79499316,2025-10-10T03:00:00Z,causal-ridge-shortlag-v2,True
2025-10-10 03:00:00+00:00,SPP_NORTH_HUB,33915,4542,649,28724,46366.75,33927.88792182079,34003.796468223925,34083.13613906783,28386.392624852284,27827.80069596212,27122.648906016384,2025-10-10T03:00:00Z,causal-ridge-shortlag-v2,True
2025-10-10 04:00:00+00:00,CAISO_NP15,28236,909,0,27327,33983.0,27085.52932077152,25837.300105367158,24535.582934035938,26256.468159983397,24868.7910716131,23825.76969923352,2025-10-10T04:00:00Z,causal-ridge-shortlag-v2,True
2025-10-10 04:00:00+00:00,ISONE_NEMA,10539,529,1,10009,18007.25,10129.147876489087,9848.0989349106,9772.686746426643,9621.123995752758,9352.038591080704,9274.831596197982,2025-10-10T04:00:00Z,causal-ridge-shortlag-v2,True
2025-10-10 04:00:00+00:00,MISO_MINN_HUB,64909,16304,2,48603,101249.75,61695.469436315296,59641.24692879492,58266.59829759966,45217.05589003202,42042.01432698925,41394.63660892129,2025-10-10T04:00:00Z,causal-ridge-shortlag-v2,True
2025-10-10 04:00:00+00:00,SPP_NORTH_HUB,33915,4542,649,28724,46366.75,33933.17908618145,34032.374282378216,34153.35938175889,28426.4204719802,27937.91486590537,27329.6450601031,2025-10-10T04:00:00Z,causal-ridge-shortlag-v2,True
2025-10-10 05:00:00+00:00,CAISO_NP15,27545,896,0,26649,33983.0,26381.63634584544,24954.797155021013,23591.60643712064,25670.263102034485,24468.02682182343,23547.11257226343,2025-10-10T05:00:00Z,causal-ridge-shortlag-v2,True
2025-10-10 05:00:00+00:00,ISONE_NEMA,10405,493,1,9911,18007.25,10371.422814763244,10366.27064788338,10372.120196004862,9905.91634321338,9897.761887997767,9871.48506355951,2025-10-10T05:00:00Z,causal-ridge-shortlag-v2,True
2025-10-10 05:00:00+00:00,MISO_MINN_HUB,62356,16704,2,45650,101249.75,60637.6733256354,59810.82166330417,60102.513787757896,44280.64278545336,44416.50132821132,44384.886293798496,2025-10-10T05:00:00Z,causal-ridge-shortlag-v2,True
2025-10-10 05:00:00+00:00,SPP_NORTH_HUB,33915,4542,649,28724,46366.75,33942.20558935547,34069.689765656745,34238.31100587715,28473.167551850733,28067.370804848342,27569.36425668047,2025-10-10T05:00:00Z,causal-ridge-shortlag-v2,True
2025-10-10 06:00:00+00:00,CAISO_NP15,26072,879,0,25193,33983.0,24679.989790955147,23439.95980314821,22465.485941412884,24085.53821234823,23152.150041652465,22592.751652590254,2025-10-10T06:00:00Z,causal-ridge-shortlag-v2,True
2025-10-10 06:00:00+00:00,ISONE_NEMA,10208,460,1,9747,18007.25,10036.865228932194,9949.952226589883,9965.945017430606,9567.127851719437,9449.21332631608,9422.559924164629,2025-10-10T06:00:00Z,causal-ridge-shortlag-v2,True
2025-10-10 06:00:00+00:00,MISO_MINN_HUB,60528,16207,2,44319,101249.75,59636.88000825247,59756.14173697373,60479.05031433109,44100.46944961267,43983.22677736156,44510.95977830744,2025-10-10T06:00:00Z,causal-ridge-shortlag-v2,True
2025-10-10 06:00:00+00:00,SPP_NORTH_HUB,33915,4542,649,28724,46366.75,33952.35276880219,34108.223368213345,34323.95483583632,28521.921658322422,28203.26818964738,27817.74533270173,2025-10-10T06:00:00Z,causal-ridge-shortlag-v2,True
2025-10-10 07:00:00+00:00,CAISO_NP15,24452,936,0,23516,33983.0,23181.068319436403,22325.937785352053,21968.23981102804,22793.43533649658,22118.66724673232,21796.60056869461,2025-10-10T07:00:00Z,causal-ridge-shortlag-v2,True
2025-10-10 07:00:00+00:00,ISONE_NEMA,9906,417,1,9488,18007.25,9762.749380372414,9743.948574183876,9765.72811172555,9330.754680646083,9271.450196793689,9238.83625774597,2025-10-10T07:00:00Z,causal-ridge-shortlag-v2,True
2025-10-10 07:00:00+00:00,MISO_MINN_HUB,59691,15034,1,44656,101249.75,59849.14596172214,60886.16001326809,62462.63276742893,45583.565897377965,46531.58884844367,47597.64922006235,2025-10-10T07:00:00Z,causal-ridge-shortlag-v2,True
2025-10-10 07:00:00+00:00,SPP_NORTH_HUB,33915,4542,649,28724,46366.75,33967.0976161288,34156.354006602625,34423.34164683159,28574.252397230804,28349.165088876965,28081.317499609297,2025-10-10T07:00:00Z,causal-ridge-shortlag-v2,True
2025-10-10 08:00:00+00:00,CAISO_NP15,23837,931,0,22906,33983.0,23236.927155150952,22869.008803398672,22906.548871432176,22882.062962350785,22218.10489231397,21873.735394698942,2025-10-10T08:00:00Z,causal-ridge-shortlag-v2,True
2025-10-10 08:00:00+00:00,ISONE_NEMA,10136,368,1,9767,18007.25,10494.132532177058,10672.730434313871,10639.339618717224,10132.133782455425,10270.065811467492,10157.794784060605,2025-10-10T08:00:00Z,causal-ridge-shortlag-v2,True
2025-10-10 08:00:00+00:00,MISO_MINN_HUB,59144,13977,1,45166,101249.75,59533.66454438913,60907.52547027752,62739.68719744249,45813.884889169705,46477.56878610679,47719.43083193267,2025-10-10T08:00:00Z,causal-ridge-shortlag-v2,True
2025-10-10 08:00:00+00:00,SPP_NORTH_HUB,33915,4542,649,28724,46366.75,33984.22658541537,34207.98965236931,34525.24483816062,28626.195512340484,28493.98820973351,28339.73213090817,2025-10-10T08:00:00Z,causal-ridge-shortlag-v2,True
2025-10-10 09:00:00+00:00,CAISO_NP15,22935,988,0,21947,33983.0,22451.409469183487,22463.65798621361,22867.288587823336,21675.02422975145,20973.71200200168,20504.9931440868,2025-10-10T09:00:00Z,causal-ridge-shortlag-v2,True
2025-10-10 09:00:00+00:00,ISONE_NEMA,10686,271,1,10414,18007.25,11074.327580875148,11126.715605301477,10968.413934016306,10809.198809471996,10801.620429553408,10552.23994500473,2025-10-10T09:00:00Z,causal-ridge-shortlag-v2,True
2025-10-10 09:00:00+00:00,MISO_MINN_HUB,60102,13399,4,46699,101249.75,61797.9904245982,63806.45232973336,66218.270761104,48213.202777913335,50035.61956266436,50930.63367523011,2025-10-10T09:00:00Z,causal-ridge-shortlag-v2,True
2025-10-10 09:00:00+00:00,SPP_NORTH_HUB,33915,4542,649,28724,46366.75,34001.93712747499,34257.761031025715,34619.376093601546,28673.08631683659,28624.919591859263,28570.074034569745,2025-10-10T09:00:00Z,causal-ridge-shortlag-v2,True
2025-10-10 10:00:00+00:00,CAISO_NP15,22239,902,0,21337,33983.0,22198.770960560974,22596.390161410516,23361.576221863437,21359.984819705227,20367.685863129143,19594.92880044785,2025-10-10T10:00:00Z,causal-ridge-shortlag-v2,True
2025-10-10 10:00:00+00:00,ISONE_NEMA,12044,229,1,11814,18007.25,12941.756390134624,12976.89830299331,12461.606109699516,12701.790999490691,12657.128876712764,12014.78900348134,2025-10-10T10:00:00Z,causal-ridge-shortlag-v2,True
2025-10-10 10:00:00+00:00,MISO_MINN_HUB,62069,13051,2,49016,101249.75,64334.23315713287,66516.28794554097,68462.91906925035,50660.5338351923,51502.43712728116,51739.6200264854,2025-10-10T10:00:00Z,causal-ridge-shortlag-v2,True
2025-10-10 10:00:00+00:00,SPP_NORTH_HUB,33915,4542,649,28724,46366.75,34017.55501860244,34298.21887781851,34692.17709375085,28709.600243846657,28727.45619608932,28746.53142222411,2025-10-10T10:00:00Z,causal-ridge-shortlag-v2,True
2025-10-10 11:00:00+00:00,CAISO_NP15,22214,698,0,21516,33983.0,22516.37588077276,23212.00145691137,24160.41553400818,21424.38921400966,20172.555671690257,19077.708898482186,2025-10-10T11:00:00Z,causal-ridge-shortlag-v2,True
2025-10-10 11:00:00+00:00,ISONE_NEMA,12723,211,73,12439,18007.25,12597.21147647907,12050.467001787232,11445.683111585571,12216.710653536717,11541.291795069608,10820.461739913564,2025-10-10T11:00:00Z,causal-ridge-shortlag-v2,True
2025-10-10 11:00:00+00:00,MISO_MINN_HUB,66170,12931,2,53237,101249.75,69945.38534228504,72522.10421320958,74286.71236759849,56074.14169321716,57296.38750481599,56451.53067393592,2025-10-10T11:00:00Z,causal-ridge-shortlag-v2,True
2025-10-10 11:00:00+00:00,SPP_NORTH_HUB,33915,4542,649,28724,46366.75,34030.55907404027,34327.389938739456,34739.39279689168,28732.240059117004,28792.063289641123,28852.89307629796,2025-10-10T11:00:00Z,causal-ridge-shortlag-v2,True
2025-10-10 12:00:00+00:00,CAISO_NP15,22197,615,0,21582,33983.0,22788.19863613081,23730.54934347056,24776.21045956079,21045.364386446367,19412.07466562773,17997.96106092955,2025-10-10T12:00:00Z,causal-ridge-shortlag-v2,True
2025-10-10 12:00:00+00:00,ISONE_NEMA,11705,179,370,11156,18007.25,10317.57776597627,9440.296842626103,9175.15566695574,9552.333998309598,8544.895829352528,8233.873473172636,2025-10-10T12:00:00Z,causal-ridge-shortlag-v2,True
2025-10-10 12:00:00+00:00,MISO_MINN_HUB,68549,11495,891,56163,101249.75,70298.95480099884,71722.45605025078,72060.0140998162,56715.00881230461,54944.595111997536,54063.89419643088,2025-10-10T12:00:00Z,causal-ridge-shortlag-v2,True
2025-10-10 12:00:00+00:00,SPP_NORTH_HUB,33915,4542,649,28724,46366.75,34042.96285813971,34353.193260012595,34777.016751825155,28748.655781051424,28838.03794325701,28923.56331502841,2025-10-10T12:00:00Z,causal-ridge-shortlag-v2,True
2025-10-10 13:00:00+00:00,CAISO_NP15,22903,713,0,22190,33983.0,23807.225118055983,24856.8800500516,25840.734140114844,21414.74032100816,19314.62645557997,17402.093766141723,2025-10-10T13:00:00Z,causal-ridge-shortlag-v2,True
2025-10-10 13:00:00+00:00,ISONE_NEMA,10170,108,654,9408,18007.25,9081.623723518867,8689.41608368336,8873.137291127037,8178.666324186063,7744.079476433671,7954.647498498604,2025-10-10T13:00:00Z,causal-ridge-shortlag-v2,True
2025-10-10 13:00:00+00:00,MISO_MINN_HUB,69304,10082,6054,53168,101249.75,69374.19669632101,70011.30471149251,71225.89275010378,50218.99500579805,49532.9156096692,51565.64384666721,2025-10-10T13:00:00Z,causal-ridge-shortlag-v2,True
2025-10-10 13:00:00+00:00,SPP_NORTH_HUB,33915,4542,649,28724,46366.75,34057.92806987797,34383.25121792857,34817.41996757546,28759.434928810384,28866.89850894905,28963.108466312588,2025-10-10T13:00:00Z,causal-ridge-shortlag-v2,True
2025-10-10 14:00:00+00:00,CAISO_NP15,24363,706,0,23657,33983.0,25769.598876724296,26776.001392840597,27318.857158830044,22665.191901258662,19851.378315800637,17259.47100763428,2025-10-10T14:00:00Z,causal-ridge-shortlag-v2,True
2025-10-10 14:00:00+00:00,ISONE_NEMA,9376,89,801,8486,18007.25,9210.965481211451,9491.04077918161,10146.081404383303,8290.314036883145,8599.369291826592,9313.319178965325,2025-10-10T14:00:00Z,causal-ridge-shortlag-v2,True
2025-10-10 14:00:00+00:00,MISO_MINN_HUB,69563,7938,9410,52215,101249.75,70316.78898388174,71523.90996023953,73487.67169829103,52738.3291117148,56247.03317206294,58158.52638948663,2025-10-10T14:00:00Z,causal-ridge-shortlag-v2,True
2025-10-10 14:00:00+00:00,SPP_NORTH_HUB,33915,4542,649,28724,46366.75,34073.00156937701,34409.773196457994,34846.07444238789,28757.133932946588,28859.433830249483,28938.76609909264,2025-10-10T14:00:00Z,causal-ridge-shortlag-v2,True
2025-10-10 15:00:00+00:00,CAISO_NP15,25285,709,1346,23230,33983.0,26111.138292854183,26696.84322261275,26901.70294966352,20556.00754479957,17792.262569001054,15322.184029070424,2025-10-10T15:00:00Z,causal-ridge-shortlag-v2,True
2025-10-10 15:00:00+00:00,ISONE_NEMA,8803,102,855,7846,18007.25,8679.709837532362,9187.618824953766,10278.364011056312,7726.678360404746,8296.08352028854,9493.457454302412,2025-10-10T15:00:00Z,causal-ridge-shortlag-v2,True
2025-10-10 15:00:00+00:00,MISO_MINN_HUB,70586,7839,10681,52066,101249.75,71832.77217286189,73280.1139260566,74590.16448994321,53195.25014905341,54305.45395932993,56063.82291348422,2025-10-10T15:00:00Z,causal-ridge-shortlag-v2,True
2025-10-10 15:00:00+00:00,SPP_NORTH_HUB,33915,4542,649,28724,46366.75,34070.42885906521,34389.90572808553,34793.62900390853,28730.43069745621,28785.44879087271,28793.536692977745,2025-10-10T15:00:00Z,causal-ridge-shortlag-v2,True
2025-10-10 16:00:00+00:00,CAISO_NP15,25278,534,6779,17965,33983.0,25651.44762355688,25656.51986241515,25698.616064436494,13764.817642244818,12204.208848909431,11571.594046370146,2025-10-10T16:00:00Z,causal-ridge-shortlag-v2,True
2025-10-10 16:00:00+00:00,ISONE_NEMA,8459,93,851,7515,18007.25,8759.148680206581,9706.810578968092,11023.795442810391,7868.952255052923,8918.996913906389,10365.18767412326,2025-10-10T16:00:00Z,causal-ridge-shortlag-v2,True
2025-10-10 16:00:00+00:00,MISO_MINN_HUB,71145,9203,11256,50686,101249.75,71682.64783496755,72672.47519202033,73625.86040475324,50770.02102100079,51438.78805128283,53675.73345694002,2025-10-10T16:00:00Z,causal-ridge-shortlag-v2,True
2025-10-10 16:00:00+00:00,SPP_NORTH_HUB,33915,4542,649,28724,46366.75,34055.50906506683,34338.05383183106,34685.59551307607,28686.104295992787,28662.98458919913,28561.35934526025,2025-10-10T16:00:00Z,causal-ridge-shortlag-v2,True
2025-10-10 17:00:00+00:00,CAISO_NP15,26435,486,10145,15804,33983.0,27178.95801527042,27242.34056496767,27169.243559143182,14927.50186694278,13240.528283979533,13053.056785896708,2025-10-10T17:00:00Z,causal-ridge-shortlag-v2,True
2025-10-10 17:00:00+00:00,ISONE_NEMA,8455,108,843,7504,18007.25,9040.53077697322,10178.321414028302,11597.07382685012,8150.977088791703,9411.56951077533,10974.52257615701,2025-10-10T17:00:00Z,causal-ridge-shortlag-v2,True
2025-10-10 17:00:00+00:00,MISO_MINN_HUB,71934,9082,11345,51507,101249.75,73148.69724165424,74283.8776903298,75310.57159694051,53641.668943310666,55989.490775751154,56999.51433603658,2025-10-10T17:00:00Z,causal-ridge-shortlag-v2,True
2025-10-10 17:00:00+00:00,SPP_NORTH_HUB,33915,4542,649,28724,46366.75,34043.33152093707,34292.45159369037,34586.49048433398,28637.336584004344,28527.4686974552,28309.51392587183,2025-10-10T17:00:00Z,causal-ridge-shortlag-v2,True
2025-10-10 18:00:00+00:00,CAISO_NP15,27448,514,11226,15708,33983.0,27546.236338540613,27372.721016299813,26979.276283676263,15048.5034231505,14173.576372045973,14158.671872066276,2025-10-10T18:00:00Z,causal-ridge-shortlag-v2,True
2025-10-10 18:00:00+00:00,ISONE_NEMA,8802,148,796,7858,18007.25,9672.959794105183,10982.722478807298,12401.951287216338,8817.161905120487,10260.96924362709,11821.137513580556,2025-10-10T18:00:00Z,causal-ridge-shortlag-v2,True
2025-10-10 18:00:00+00:00,MISO_MINN_HUB,72972,8145,11262,53565,101249.75,74127.85284874943,75062.52808384274,75442.03170575929,56133.030675877366,58167.759777568666,60339.91364193133,2025-10-10T18:00:00Z,causal-ridge-shortlag-v2,True
2025-10-10 18:00:00+00:00,SPP_NORTH_HUB,33915,4542,649,28724,46366.75,34029.01026143897,34242.11341581438,34479.8517022239,28583.272024826965,28377.021140811856,28034.08018871909,2025-10-10T18:00:00Z,causal-ridge-shortlag-v2,True
2025-10-10 19:00:00+00:00,CAISO_NP15,27352,579,11615,15158,33983.0,27303.05189153016,27241.82025937982,27122.013374926995,14743.526070130516,14477.532647156717,15008.511436573252,2025-10-10T19:00:00Z,causal-ridge-shortlag-v2,True
2025-10-10 19:00:00+00:00,ISONE_NEMA,9490,201,679,8610,18007.25,10577.627374012727,11878.572527549037,13065.568839729678,9807.035734060428,11236.426206060776,12542.390008400733,2025-10-10T19:00:00Z,causal-ridge-shortlag-v2,True
2025-10-10 19:00:00+00:00,MISO_MINN_HUB,73646,7523,10858,55265,101249.75,74247.24778372096,74732.12337041495,74851.02876725273,57264.09440462115,59553.524189513984,62336.6668350014,2025-10-10T19:00:00Z,causal-ridge-shortlag-v2,True
2025-10-10 19:00:00+00:00,SPP_NORTH_HUB,33915,4542,649,28724,46366.75,34012.28144090308,34188.119402863646,34369.81691714875,28528.54228126024,28224.201012061363,27757.32563007554,2025-10-10T19:00:00Z,causal-ridge-shortlag-v2,True
2025-10-10 20:00:00+00:00,CAISO_NP15,27219,718,11418,15083,33983.0,27077.137427805745,27130.244820597225,27323.295376193957,15247.723923544743,15549.733978407436,16724.422841081912,2025-10-10T20:00:00Z,causal-ridge-shortlag-v2,True
2025-10-10 20:00:00+00:00,ISONE_NEMA,11039,268,435,10336,18007.25,12749.955126439829,14033.795315237754,14657.654579443351,12212.015814578595,13613.83745623833,14298.78947220176,2025-10-10T20:00:00Z,causal-ridge-shortlag-v2,True
2025-10-10 20:00:00+00:00,MISO_MINN_HUB,74145,7260,9979,56906,101249.75,74614.0062025746,74773.50748745087,74686.12369096502,58905.38166044096,61490.59885155791,63430.71472186214,2025-10-10T20:00:00Z,causal-ridge-shortlag-v2,True
2025-10-10 20:00:00+00:00,SPP_NORTH_HUB,33915,4542,649,28724,46366.75,33994.196351425504,34133.269385544736,34261.74410967077,28475.18012431799,28075.056830986065,27490.571585099296,2025-10-10T20:00:00Z,causal-ridge-shortlag-v2,True
2025-10-10 21:00:00+00:00,CAISO_NP15,26799,976,10520,15303,33983.0,26812.118603221326,26985.610452830973,27237.973312807186,15916.916224608702,16558.078003765415,18210.308458895463,2025-10-10T21:00:00Z,causal-ridge-shortlag-v2,True
2025-10-10 21:00:00+00:00,ISONE_NEMA,12639,370,117,12152,18007.25,13897.200189273846,14538.29486692644,14485.248912571782,13546.228297562382,14240.780370076782,14187.67902694894,2025-10-10T21:00:00Z,causal-ridge-shortlag-v2,True
2025-10-10 21:00:00+00:00,MISO_MINN_HUB,74902,6781,8744,59377,101249.75,75514.19601572464,75452.0920332165,74894.11414109399,61862.40822541078,64100.35041129712,64937.19612327858,2025-10-10T21:00:00Z,causal-ridge-shortlag-v2,True
2025-10-10 21:00:00+00:00,SPP_NORTH_HUB,33915,4542,649,28724,46366.75,33974.2297536347,34077.156139913226,34156.369439236616,28426.09026076172,27937.718958495523,27247.85983399257,2025-10-10T21:00:00Z,causal-ridge-shortlag-v2,True
2025-10-10 22:00:00+00:00,CAISO_NP15,27107,1441,10151,15515,33983.0,27378.216348121496,27589.115044145223,27795.887569958268,16442.206584227166,17594.953846030305,19628.78271699781,2025-10-10T22:00:00Z,causal-ridge-shortlag-v2,True
2025-10-10 22:00:00+00:00,ISONE_NEMA,13392,616,7,12769,18007.25,13478.856382153985,13195.448003758804,12656.985777934557,12796.245895612445,12481.56619217122,11919.18206867516,2025-10-10T22:00:00Z,causal-ridge-shortlag-v2,True
2025-10-10 22:00:00+00:00,MISO_MINN_HUB,75073,6540,4142,64391,101249.75,75276.59342776646,74474.5115404091,72485.14720959596,67441.28968765264,67813.95808461434,65553.9366795427,2025-10-10T22:00:00Z,causal-ridge-shortlag-v2,True
2025-10-10 22:00:00+00:00,SPP_NORTH_HUB,33915,4542,649,28724,46366.75,33956.93972727172,34032.56675031477,34076.77217631128,28389.763242446683,27834.91849431148,27069.77244481486,2025-10-10T22:00:00Z,causal-ridge-shortlag-v2,True
2025-10-10 23:00:00+00:00,CAISO_NP15,27534,1827,9480,16227,33983.0,27799.394766636564,28015.15167376776,28097.990352618424,17793.31242529073,19071.8844358429,21109.39876199798,2025-10-10T23:00:00Z,causal-ridge-shortlag-v2,True
2025-10-10 23:00:00+00:00,ISONE_NEMA,13310,809,6,12495,18007.25,12810.253519864567,12196.512755030995,11496.367810836213,11913.362268902703,11262.438613240747,10545.434736847445,2025-10-10T23:00:00Z,causal-ridge-shortlag-v2,True
2025-10-10 23:00:00+00:00,MISO_MINN_HUB,74390,6663,287,67440,101249.75,73211.43503402382,71006.047935759,67704.64338076617,67391.68480363289,64132.08665679834,60068.62420971484,2025-10-10T23:00:00Z,causal-ridge-shortlag-v2,True
2025-10-10 23:00:00+00:00,SPP_NORTH_HUB,33915,4542,649,28724,46366.75,33943.009283807514,34001.61572716676,34027.1733024461,28369.194636295,27774.909191706956,26970.371579299983,2025-10-10T23:00:00Z,causal-ridge-shortlag-v2,True
2025-10-11 00:00:00+00:00,CAISO_NP15,28332,1946,8060,18326,33983.0,28601.163328597795,28642.77912685257,28410.93676204013,20556.91488640408,21557.45259484004,23049.801655175357,2025-10-11T00:00:00Z,causal-ridge-shortlag-v2,True
2025-10-11 00:00:00+00:00,ISONE_NEMA,12878,873,4,12001,18007.25,12317.64632936749,11670.703167578784,10935.6901342547,11411.888062519853,10746.99964631727,9998.457910990512,2025-10-11T00:00:00Z,causal-ridge-shortlag-v2,True
2025-10-11 00:00:00+00:00,MISO_MINN_HUB,73258,7559,0,65699,101249.75,71039.84393236932,67887.88456070307,64693.75750213663,62324.79697463329,59006.07536631161,55936.99848238155,2025-10-11T00:00:00Z,causal-ridge-shortlag-v2,True
2025-10-11 00:00:00+00:00,SPP_NORTH_HUB,33915,4542,649,28724,46366.75,33931.39526726308,33980.47973945274,33997.3261132783,28352.4411166847,27727.93248788606,26894.4328821024,2025-10-11T00:00:00Z,causal-ridge-shortlag-v2,True
2025-10-11 01:00:00+00:00,CAISO_NP15,29183,1917,3247,24019,33983.0,29596.759882635928,29602.074377194072,29002.887586769542,27384.21450408593,26988.424630702197,26809.75778323866,2025-10-11T01:00:00Z,causal-ridge-shortlag-v2,True
2025-10-11 01:00:00+00:00,ISONE_NEMA,12308,883,1,11424,18007.25,11654.191492002426,10985.516651725093,10397.23355102453,10771.19426496505,10112.783134083096,9538.316695312344,2025-10-11T01:00:00Z,causal-ridge-shortlag-v2,True
2025-10-11 01:00:00+00:00,MISO_MINN_HUB,71153,8036,1,63116,101249.75,68478.73260174975,65302.16343707837,62405.20543397015,59981.66169510306,57721.83113291949,54813.04033782419,2025-10-11T01:00:00Z,causal-ridge-shortlag-v2,True
2025-10-11 01:00:00+00:00,SPP_NORTH_HUB,33915,4542,649,28724,46366.75,33917.715745753,33955.50216220347,33967.33488844801,28349.23539729623,27717.800199218746,26886.77228539596,2025-10-11T01:00:00Z,causal-ridge-shortlag-v2,True
2025-10-11 02:00:00+00:00,CAISO_NP15,29724,2024,133,27567,33983.0,29840.53436787626,29231.983622586253,28007.397897796105,28304.392638349014,27692.03866280625,26729.97842376417,2025-10-11T02:00:00Z,causal-ridge-shortlag-v2,True
2025-10-11 02:00:00+00:00,ISONE_NEMA,11529,901,1,10627,18007.25,10794.526102652768,10269.446721285158,9960.230648528455,9906.776474111304,9408.950533858402,9130.10931957234,2025-10-11T02:00:00Z,causal-ridge-shortlag-v2,True
2025-10-11 02:00:00+00:00,MISO_MINN_HUB,68384,7130,1,61253,101249.75,65687.5327684494,62959.13409301559,60365.36917624123,58998.606252228594,56495.20971221091,54026.60074598447,2025-10-11T02:00:00Z,causal-ridge-shortlag-v2,True
2025-10-11 02:00:00+00:00,SPP_NORTH_HUB,33915,4542,649,28724,46366.75,33912.10436728713,33952.73520118856,33978.295786196126,28361.186238422248,27749.968226067234,26956.182718701177,2025-10-11T02:00:00Z,causal-ridge-shortlag-v2,True
2025-10-11 03:00:00+00:00,CAISO_NP15,29317,2094,0,27223,33983.0,28692.839900599167,27606.46177083381,26288.57247009193,26318.49075866664,25580.779295450346,24874.76113581112,2025-10-11T03:00:00Z,causal-ridge-shortlag-v2,True
2025-10-11 03:00:00+00:00,ISONE_NEMA,10727,880,1,9846,18007.25,10138.033368102644,9792.6445291027,9646.59370315154,9287.17365287856,8978.658991780478,8866.827354442954,2025-10-11T03:00:00Z,causal-ridge-shortlag-v2,True
2025-10-11 03:00:00+00:00,MISO_MINN_HUB,65687,7554,1,58132,101249.75,63094.54283975418,60802.56021251653,58928.25974323183,55264.18953675272,52431.08153103557,50708.2045170526,2025-10-11T03:00:00Z,causal-ridge-shortlag-v2,True
2025-10-11 03:00:00+00:00,SPP_NORTH_HUB,33915,4542,649,28724,46366.75,33912.87136034213,33967.85087686218,34022.643223557,28387.49950941777,27822.12859204085,27096.99253463968,2025-10-11T03:00:00Z,causal-ridge-shortlag-v2,True
2025-10-11 04:00:00+00:00,CAISO_NP15,28581,1964,0,26617,33983.0,27334.564687594804,25950.542282200688,24585.10403971056,25970.23386827878,24940.431326181104,24159.0890486695,2025-10-11T04:00:00Z,causal-ridge-shortlag-v2,True
2025-10-11 04:00:00+00:00,ISONE_NEMA,10353,858,0,9495,18007.25,10167.831041466585,10055.290273197928,10027.306367330577,9350.637777524242,9277.104965312645,9270.486878831878,2025-10-11T04:00:00Z,causal-ridge-shortlag-v2,True
2025-10-11 04:00:00+00:00,MISO_MINN_HUB,63203,7691,1,55511,101249.75,61150.842710468816,59675.00534604084,58937.91967402397,53630.41779310662,52814.64768703454,52325.81766364651,2025-10-11T04:00:00Z,causal-ridge-shortlag-v2,True
2025-10-11 04:00:00+00:00,SPP_NORTH_HUB,33915,4542,649,28724,46366.75,33919.25445493785,33997.98969596252,34094.26070391668,28425.720031415705,27927.59475328089,27296.299464307744,2025-10-11T04:00:00Z,causal-ridge-shortlag-v2,True
2025-10-11 05:00:00+00:00,CAISO_NP15,27939,2124,0,25815,33983.0,26692.01923661382,25180.58357306558,23732.29450441961,25008.118085793747,24201.044439435173,23575.07038725562,2025-10-11T05:00:00Z,causal-ridge-shortlag-v2,True
2025-10-11 05:00:00+00:00,ISONE_NEMA,9984,807,0,9177,18007.25,9729.82002712619,9634.553523340544,9691.459827899163,8954.844706910208,8878.03073774551,8944.883182869671,2025-10-11T05:00:00Z,causal-ridge-shortlag-v2,True
2025-10-11 05:00:00+00:00,MISO_MINN_HUB,60874,8024,1,52849,101249.75,59212.95644470029,58464.10451745799,58434.458310470814,51131.16708514537,50207.1669333558,50307.96635477425,2025-10-11T05:00:00Z,causal-ridge-shortlag-v2,True
2025-10-11 05:00:00+00:00,SPP_NORTH_HUB,25015,20131,0,4884,46366.75,19845.690978864368,16565.910248723714,15262.30448920553,-6114.599280207782,-11140.613628335752,-13396.223714081094,2025-10-11T05:00:00Z,causal-ridge-shortlag-v2,True
2025-10-11 06:00:00+00:00,CAISO_NP15,27103,2900,0,24203,33983.0,25701.16125054916,24348.769097871016,23253.244952318066,23390.519873962014,22879.69350234469,22526.97585653396,2025-10-11T06:00:00Z,causal-ridge-shortlag-v2,True
2025-10-11 06:00:00+00:00,ISONE_NEMA,9946,706,0,9240,18007.25,10078.223073398643,10216.72003109149,10291.631460119292,9426.551453379112,9585.784579132498,9651.53569045629,2025-10-11T06:00:00Z,causal-ridge-shortlag-v2,True
2025-10-11 06:00:00+00:00,MISO_MINN_HUB,58796,8366,0,50430,101249.75,57664.572366059656,57597.29302537162,58384.53454053709,49159.695051464696,49008.60355712208,49480.78260584445,2025-10-11T06:00:00Z,causal-ridge-shortlag-v2,True
2025-10-11 06:00:00+00:00,SPP_NORTH_HUB,24481,21205,0,3276,46366.75,24181.949900022,24258.116079908017,24346.094867995584,2720.4261041322243,2012.7904306194723,2343.265185006945,2025-10-11T06:00:00Z,causal-ridge-shortlag-v2,True
2025-10-11 07:00:00+00:00,CAISO_NP15,25199,2716,0,22483,33983.0,23714.412307626924,22719.058558211604,22211.47768785458,22249.84999452771,21738.047800025142,21509.836875662728,2025-10-11T07:00:00Z,causal-ridge-shortlag-v2,True
2025-10-11 07:00:00+00:00,ISONE_NEMA,9817,600,0,9217,18007.25,9752.725306351856,9813.52665411412,9947.57498409131,9184.67923819094,9242.954537029837,9358.2305958085,2025-10-11T07:00:00Z,causal-ridge-shortlag-v2,True
2025-10-11 07:00:00+00:00,MISO_MINN_HUB,57823,9370,0,48453,101249.75,57735.68698597746,58469.677342985466,59994.24714338416,47770.59235442532,48084.483361798906,48684.02740893115,2025-10-11T07:00:00Z,causal-ridge-shortlag-v2,True
2025-10-11 07:00:00+00:00,SPP_NORTH_HUB,24875,20450,0,4425,46366.75,25403.460550789045,25769.741605945783,26097.52958299061,4783.415850848167,5581.754348195225,7164.794451705322,2025-10-11T07:00:00Z,causal-ridge-shortlag-v2,True
2025-10-11 08:00:00+00:00,CAISO_NP15,24047,2491,0,21556,33983.0,23252.81483557039,22650.683112915583,22545.98282778178,21824.032266598915,21460.066583134583,21288.292393682936,2025-10-11T08:00:00Z,causal-ridge-shortlag-v2,True
2025-10-11 08:00:00+00:00,ISONE_NEMA,9744,518,0,9226,18007.25,9825.204362233786,9924.352008803824,9960.00320923423,9317.362443409716,9392.397478957711,9384.101787093632,2025-10-11T08:00:00Z,causal-ridge-shortlag-v2,True
2025-10-11 08:00:00+00:00,MISO_MINN_HUB,57258,10391,0,46867,101249.75,57531.57867597103,58720.84104728386,60504.25368299944,46340.1913324952,46488.43342928088,47336.76643990295,2025-10-11T08:00:00Z,causal-ridge-shortlag-v2,True
2025-10-11 08:00:00+00:00,SPP_NORTH_HUB,26368,18597,0,7771,46366.75,27549.795898546297,28637.53835286196,29628.884316842235,10114.463553675252,12255.340749554489,14228.13513712583,2025-10-11T08:00:00Z,causal-ridge-shortlag-v2,True
2025-10-11 09:00:00+00:00,CAISO_NP15,22884,2613,0,20271,33983.0,22213.08987947514,22061.55773840111,22447.35275562465,20264.267510753103,20060.844889317537,20005.580761812354,2025-10-11T09:00:00Z,causal-ridge-shortlag-v2,True
2025-10-11 09:00:00+00:00,ISONE_NEMA,9958,466,0,9492,18007.25,10224.332619990217,10306.957105120331,10207.97171569521,9754.080908774284,9787.724684677563,9614.796087651685,2025-10-11T09:00:00Z,causal-ridge-shortlag-v2,True
2025-10-11 09:00:00+00:00,MISO_MINN_HUB,56975,11858,0,45117,101249.75,57553.269177610986,58984.39389384256,60959.51210231037,44352.112540891045,44393.99024537644,45158.6065921288,2025-10-11T09:00:00Z,causal-ridge-shortlag-v2,True
2025-10-11 09:00:00+00:00,SPP_NORTH_HUB,26268,18496,0,7772,46366.75,26492.843057154278,26971.84518221533,27710.186558713624,8770.716564630966,10360.076792775675,11946.549467787569,2025-10-11T09:00:00Z,causal-ridge-shortlag-v2,True
2025-10-11 10:00:00+00:00,CAISO_NP15,22048,2789,0,19259,33983.0,21836.00577883451,22135.36092239448,22915.92922652252,19550.70914418824,19143.669064349582,18829.84586032784,2025-10-11T10:00:00Z,causal-ridge-shortlag-v2,True
2025-10-11 10:00:00+00:00,ISONE_NEMA,10259,444,0,9815,18007.25,10431.425377545676,10245.218170154942,9836.23219714098,9939.940026339227,9659.832554613406,9146.294734700705,2025-10-11T10:00:00Z,causal-ridge-shortlag-v2,True
2025-10-11 10:00:00+00:00,MISO_MINN_HUB,57424,13616,1,43807,101249.75,58633.60048897129,60312.2975568011,62359.57903470222,43411.89231339778,43796.08162759201,44315.7609512287,2025-10-11T10:00:00Z,causal-ridge-shortlag-v2,True
2025-10-11 10:00:00+00:00,SPP_NORTH_HUB,26431,18221,0,8210,46366.75,26778.08499322613,27338.264240161938,28065.49449949893,9342.673826056924,10772.797144245444,12230.083732739047,2025-10-11T10:00:00Z,causal-ridge-shortlag-v2,True
2025-10-11 11:00:00+00:00,CAISO_NP15,21331,2418,0,18913,33983.0,21522.87728577555,22199.57062577445,23224.959001509167,19279.24643855985,18572.656135789508,17913.031292448723,2025-10-11T11:00:00Z,causal-ridge-shortlag-v2,True
2025-10-11 11:00:00+00:00,ISONE_NEMA,10724,404,43,10277,18007.25,10865.268441177705,10538.24683589368,9982.00785237004,10358.039716440744,9930.960533678804,9267.036082756087,2025-10-11T11:00:00Z,causal-ridge-shortlag-v2,True
2025-10-11 11:00:00+00:00,MISO_MINN_HUB,58850,14615,1,44234,101249.75,60904.72024376841,62867.85452094973,64565.29610575481,44992.1439375968,45558.99072255151,45526.753118960296,2025-10-11T11:00:00Z,causal-ridge-shortlag-v2,True
2025-10-11 11:00:00+00:00,SPP_NORTH_HUB,27006,17939,0,9067,46366.75,27558.119639760604,28143.027114092736,28768.08280375768,10137.2527893324,11485.31689184183,12919.382476136523,2025-10-11T11:00:00Z,causal-ridge-shortlag-v2,True
2025-10-11 12:00:00+00:00,CAISO_NP15,21545,2725,0,18820,33983.0,22166.19983032044,23082.823159693347,24192.28135892141,18730.62106738188,17913.226909589775,16967.585631712624,2025-10-11T12:00:00Z,causal-ridge-shortlag-v2,True
2025-10-11 12:00:00+00:00,ISONE_NEMA,10326,278,259,9789,18007.25,9506.766360152884,8872.484179809702,8671.058860994674,8847.950331688467,8120.471715674164,7877.886768494797,2025-10-11T12:00:00Z,causal-ridge-shortlag-v2,True
2025-10-11 12:00:00+00:00,MISO_MINN_HUB,60137,15100,782,44255,101249.75,61698.41670624258,63263.848019654135,64325.239428058805,44113.29989026463,43172.827471066645,43094.73560472376,2025-10-11T12:00:00Z,causal-ridge-shortlag-v2,True
2025-10-11 12:00:00+00:00,SPP_NORTH_HUB,27574,17417,6,10151,46366.75,28098.563906609223,28641.59274006112,29207.745350155677,11362.168536917092,12743.187523661803,14093.440909927678,2025-10-11T12:00:00Z,causal-ridge-shortlag-v2,True
2025-10-11 13:00:00+00:00,CAISO_NP15,21171,2911,0,18260,33983.0,21913.40072852613,23001.936337243285,24130.87771230763,17753.718448842123,16494.537118710126,15199.67954512978,2025-10-11T13:00:00Z,causal-ridge-shortlag-v2,True
2025-10-11 13:00:00+00:00,ISONE_NEMA,9616,160,587,8869,18007.25,8989.992883289768,8825.305917808564,9139.051826472138,8123.090547811189,7922.456573478993,8253.598133637606,2025-10-11T13:00:00Z,causal-ridge-shortlag-v2,True
2025-10-11 13:00:00+00:00,MISO_MINN_HUB,61417,14290,6606,40521,101249.75,62515.57997677034,64078.70714163996,66123.49612470399,38697.36205582503,39075.9164839869,41995.88780798383,2025-10-11T13:00:00Z,causal-ridge-shortlag-v2,True
2025-10-11 13:00:00+00:00,SPP_NORTH_HUB,28278,15924,228,12126,46366.75,28922.61987984022,29601.154632515725,30272.35984826081,13794.945880222413,15321.869165808705,16625.37004075435,2025-10-11T13:00:00Z,causal-ridge-shortlag-v2,True
2025-10-11 14:00:00+00:00,CAISO_NP15,21908,2931,0,18977,33983.0,23175.84196628743,24269.7172572728,25148.551733738863,18559.45493216168,16859.65511487837,14961.819733156412,2025-10-11T14:00:00Z,causal-ridge-shortlag-v2,True
2025-10-11 14:00:00+00:00,ISONE_NEMA,9037,106,726,8205,18007.25,8855.294559508468,9150.03866146896,9816.35645380585,7990.405998061203,8298.450375680342,9014.458580347502,2025-10-11T14:00:00Z,causal-ridge-shortlag-v2,True
2025-10-11 14:00:00+00:00,MISO_MINN_HUB,62755,11081,11537,40137,101249.75,64866.57279230307,67445.59423514208,70460.94499161078,42535.92787016023,47325.14004459699,51067.81686782227,2025-10-11T14:00:00Z,causal-ridge-shortlag-v2,True
2025-10-11 14:00:00+00:00,SPP_NORTH_HUB,29237,13310,614,15313,46366.75,30098.90782807776,31010.90078995545,31871.930329341856,17554.291855113028,19292.36218132517,20562.023351665037,2025-10-11T14:00:00Z,causal-ridge-shortlag-v2,True
2025-10-11 15:00:00+00:00,CAISO_NP15,22240,3187,2076,16977,33983.0,23164.73627418283,23977.715917197987,24572.324067371293,14628.129734010976,13504.753213386231,12169.773510884472,2025-10-11T15:00:00Z,causal-ridge-shortlag-v2,True
2025-10-11 15:00:00+00:00,ISONE_NEMA,8825,118,679,8028,18007.25,9068.747063573204,9697.827845711236,10558.579543767191,8300.214340760876,8972.836909342548,9892.764016259884,2025-10-11T15:00:00Z,causal-ridge-shortlag-v2,True
2025-10-11 15:00:00+00:00,MISO_MINN_HUB,64234,9469,12097,42668,101249.75,66599.08357550985,69335.57102073972,71561.27560690999,46632.5012470248,50149.22243855437,53934.75512127694,2025-10-11T15:00:00Z,causal-ridge-shortlag-v2,True
2025-10-11 15:00:00+00:00,SPP_NORTH_HUB,30349,12555,701,17093,46366.75,31270.75412060971,32151.907949936827,32942.9529353198,18395.93528666072,19597.848693415075,20481.528989334834,2025-10-11T15:00:00Z,causal-ridge-shortlag-v2,True
2025-10-11 16:00:00+00:00,CAISO_NP15,23049,3350,9276,10423,33983.0,23703.870182121544,24093.06548507997,24573.86017200661,6897.231640042723,7565.7716221252995,8149.817990887468,2025-10-11T16:00:00Z,causal-ridge-shortlag-v2,True
2025-10-11 16:00:00+00:00,ISONE_NEMA,9359,113,606,8640,18007.25,10221.287956460968,11218.791136643053,12208.506049549149,9583.692029092066,10658.412560989109,11712.888144210634,2025-10-11T16:00:00Z,causal-ridge-shortlag-v2,True
2025-10-11 16:00:00+00:00,MISO_MINN_HUB,65300,9346,11950,44004,101249.75,66812.20358896941,68831.18437373033,70634.81438644504,46382.09813404526,49255.37922716289,53632.20663952769,2025-10-11T16:00:00Z,causal-ridge-shortlag-v2,True
2025-10-11 16:00:00+00:00,SPP_NORTH_HUB,31592,13791,788,17013,46366.75,32520.11480317349,33353.71997896179,34045.46487659168,17293.558642593183,17924.717264714054,18405.875252027115,2025-10-11T16:00:00Z,causal-ridge-shortlag-v2,True
2025-10-11 17:00:00+00:00,CAISO_NP15,24077,3576,13415,7086,33983.0,24706.9029945183,25162.065558635968,25510.16594988954,6900.424844444802,7734.847593232062,8598.68061279725,2025-10-11T17:00:00Z,causal-ridge-shortlag-v2,True
2025-10-11 17:00:00+00:00,ISONE_NEMA,9661,170,588,8903,18007.25,10059.60372248909,10833.15113400979,11870.929239412566,9308.482915648963,10130.60597354064,11244.25124801214,2025-10-11T17:00:00Z,causal-ridge-shortlag-v2,True
2025-10-11 17:00:00+00:00,MISO_MINN_HUB,66680,9763,11650,45267,101249.75,68417.06175078085,70188.5954044843,72075.99321979377,47885.558027663865,52148.273831021965,55790.74632826296,2025-10-11T17:00:00Z,causal-ridge-shortlag-v2,True
2025-10-11 17:00:00+00:00,SPP_NORTH_HUB,32868,14719,755,17394,46366.75,33725.252572447724,34425.798792214635,34900.63203211169,17863.694125125417,18360.050794656127,18562.329825879053,2025-10-11T17:00:00Z,causal-ridge-shortlag-v2,True
2025-10-11 18:00:00+00:00,CAISO_NP15,24331,3831,14956,5544,33983.0,24755.134510597705,24944.98320979521,24935.44026093816,5931.111563162038,7814.844309326369,8957.578262274683,2025-10-11T18:00:00Z,causal-ridge-shortlag-v2,True
2025-10-11 18:00:00+00:00,ISONE_NEMA,9825,158,507,9160,18007.25,10414.89886658396,11343.845408712454,12239.52265040789,9812.900763580014,10810.09037737718,11776.24246969243,2025-10-11T18:00:00Z,causal-ridge-shortlag-v2,True
2025-10-11 18:00:00+00:00,MISO_MINN_HUB,67798,10457,11587,45754,101249.75,68993.80295753697,70194.53580615124,71247.70839869752,47589.87724163073,50248.26273160241,53182.13897972358,2025-10-11T18:00:00Z,causal-ridge-shortlag-v2,True
2025-10-11 18:00:00+00:00,SPP_NORTH_HUB,34188,15274,686,18228,46366.75,34990.881009000936,35511.9239893826,35730.9364087273,18697.4797972126,18947.53269420581,18836.380081266256,2025-10-11T18:00:00Z,causal-ridge-shortlag-v2,True
2025-10-11 19:00:00+00:00,CAISO_NP15,24605,4180,15195,5230,33983.0,24902.959885074208,25228.870611578437,25566.10055808244,6383.771394006008,9144.49889048154,10882.541194810954,2025-10-11T19:00:00Z,causal-ridge-shortlag-v2,True
2025-10-11 19:00:00+00:00,ISONE_NEMA,10144,169,394,9581,18007.25,10850.011336004583,11671.7353873404,12320.444609619866,10352.204085791926,11234.057295406166,11930.90644135584,2025-10-11T19:00:00Z,causal-ridge-shortlag-v2,True
2025-10-11 19:00:00+00:00,MISO_MINN_HUB,68923,10960,11789,46174,101249.75,70024.57699720321,70908.23459765574,71693.79730447078,48124.26124231661,50983.949388759705,53556.56276982771,2025-10-11T19:00:00Z,causal-ridge-shortlag-v2,True
2025-10-11 19:00:00+00:00,SPP_NORTH_HUB,35384,15893,638,18853,46366.75,35985.8682560208,36224.84898439124,36123.07449660159,19023.89802323471,18931.454824737888,18464.43175644889,2025-10-11T19:00:00Z,causal-ridge-shortlag-v2,True
2025-10-11 20:00:00+00:00,CAISO_NP15,24575,4188,15606,4781,33983.0,24805.79406706908,25228.21607220452,25730.43738904909,6104.822140175062,9559.826869529252,11950.500459402369,2025-10-11T20:00:00Z,causal-ridge-shortlag-v2,True
2025-10-11 20:00:00+00:00,ISONE_NEMA,11012,185,244,10583,18007.25,12054.447066795845,12762.772341998423,12984.095474652077,11722.863773078254,12484.346854374391,12719.64162693593,2025-10-11T20:00:00Z,causal-ridge-shortlag-v2,True
2025-10-11 20:00:00+00:00,MISO_MINN_HUB,69752,11602,11503,46647,101249.75,70446.36566476914,70903.74551925216,71109.70005933169,48521.605887736594,50769.25396079764,52978.403616495576,2025-10-11T20:00:00Z,causal-ridge-shortlag-v2,True
2025-10-11 20:00:00+00:00,SPP_NORTH_HUB,36426,16813,592,19021,46366.75,36818.518720635686,36790.298808602165,36393.71770682655,18793.891139581552,18316.83612492513,17502.51432185619,2025-10-11T20:00:00Z,causal-ridge-shortlag-v2,True
2025-10-11 21:00:00+00:00,CAISO_NP15,24157,4203,15642,4312,33983.0,24287.209373349724,24745.81582749484,25341.10447625016,6052.587678079784,9948.835394762958,12726.878199329563,2025-10-11T21:00:00Z,causal-ridge-shortlag-v2,True
2025-10-11 21:00:00+00:00,ISONE_NEMA,12109,213,66,11830,18007.25,12964.346724096484,13231.600303278305,12930.576128368046,12767.441074429198,13046.687501756684,12715.665786036509,2025-10-11T21:00:00Z,causal-ridge-shortlag-v2,True
2025-10-11 21:00:00+00:00,MISO_MINN_HUB,70798,12703,9694,48401,101249.75,71633.3269659232,71807.31477051757,71498.610960108,50961.49990513661,53226.18118933535,54401.2277590773,2025-10-11T21:00:00Z,causal-ridge-shortlag-v2,True
2025-10-11 21:00:00+00:00,SPP_NORTH_HUB,37084,17481,509,19094,46366.75,37136.736834964126,36767.56864524787,36042.51767141884,18715.238999520607,17955.9019859759,16845.92493353599,2025-10-11T21:00:00Z,causal-ridge-shortlag-v2,True
2025-10-11 22:00:00+00:00,CAISO_NP15,24452,4062,15983,4407,33983.0,24819.15803874208,25213.344757018865,25660.08441168526,6562.990953231929,11023.703836717395,14141.07992461584,2025-10-11T22:00:00Z,causal-ridge-shortlag-v2,True
2025-10-11 22:00:00+00:00,ISONE_NEMA,12720,269,2,12449,18007.25,12719.047527067636,12268.778524181547,11618.61060664976,12424.62555797706,11944.434357445503,11266.733260419902,2025-10-11T22:00:00Z,causal-ridge-shortlag-v2,True
2025-10-11 22:00:00+00:00,MISO_MINN_HUB,71552,13775,4395,53382,101249.75,72165.63986096893,71638.91256999238,69864.32188548615,56870.91133873317,57622.245404459645,55956.530386958846,2025-10-11T22:00:00Z,causal-ridge-shortlag-v2,True
2025-10-11 22:00:00+00:00,SPP_NORTH_HUB,36951,17799,465,18687,46366.75,36481.98112418455,35710.2542579803,34701.56465503786,18037.39935007508,16971.843386425826,15610.654684951083,2025-10-11T22:00:00Z,causal-ridge-shortlag-v2,True
2025-10-11 23:00:00+00:00,CAISO_NP15,24895,4205,15056,5634,33983.0,25196.251188130413,25521.290468540905,25777.45591534961,8506.13889344683,12883.976062483152,15877.054220304964,2025-10-11T23:00:00Z,causal-ridge-shortlag-v2,True
2025-10-11 23:00:00+00:00,ISONE_NEMA,12627,313,1,12313,18007.25,12077.270777073854,11348.077149561364,10607.396391675762,11713.244001559924,10952.084627724416,10195.94650981537,2025-10-11T23:00:00Z,causal-ridge-shortlag-v2,True
2025-10-11 23:00:00+00:00,MISO_MINN_HUB,71031,14326,260,56445,101249.75,69866.65366440151,67799.37519040627,64571.84800593271,56619.80926896986,53633.367166317206,50573.92930236436,2025-10-11T23:00:00Z,causal-ridge-shortlag-v2,True
2025-10-11 23:00:00+00:00,SPP_NORTH_HUB,35837,18432,92,17313,46366.75,34666.90495244326,33268.488509646115,31759.16827808816,16052.871326818982,14470.387378863974,12812.093789739893,2025-10-11T23:00:00Z,causal-ridge-shortlag-v2,True
2025-10-12 00:00:00+00:00,CAISO_NP15,24788,4031,12463,8294,33983.0,25096.053447157552,25325.149815254143,25387.28310672711,11906.209754897864,15661.068483732384,17999.9897580144,2025-10-12T00:00:00Z,causal-ridge-shortlag-v2,True
2025-10-12 00:00:00+00:00,ISONE_NEMA,12222,298,1,11923,18007.25,11676.518040698851,11035.81174395039,10347.033508836816,11368.526854888947,10716.232313009556,10014.628389194257,2025-10-12T00:00:00Z,causal-ridge-shortlag-v2,True
2025-10-12 00:00:00+00:00,MISO_MINN_HUB,70188,16615,2,53571,101249.75,68013.38999115452,65017.38010907757,62204.654254907095,49757.80627668218,46603.79541896044,44439.14568229537,2025-10-12T00:00:00Z,causal-ridge-shortlag-v2,True
2025-10-12 00:00:00+00:00,SPP_NORTH_HUB,34823,20139,1,14683,46366.75,33722.585784256094,32338.367146763,30827.96710537141,12614.145957025155,10669.165695339923,9039.575992457623,2025-10-12T00:00:00Z,causal-ridge-shortlag-v2,True
2025-10-12 01:00:00+00:00,CAISO_NP15,25606,4036,5079,16491,33983.0,26199.697007606675,26518.517284766403,26335.214325258366,21676.74050082995,23297.35123407066,23494.99039982849,2025-10-12T01:00:00Z,causal-ridge-shortlag-v2,True
2025-10-12 01:00:00+00:00,ISONE_NEMA,11654,359,0,11295,18007.25,10970.279589075126,10277.867239900825,9701.247649761988,10578.945566904003,9871.364384653998,9285.029207506148,2025-10-12T01:00:00Z,causal-ridge-shortlag-v2,True
2025-10-12 01:00:00+00:00,MISO_MINN_HUB,68106,17932,2,50172,101249.75,65409.72473797569,62358.95313118596,59730.38770216418,47007.94285454939,45270.09285535299,42904.31478177136,2025-10-12T01:00:00Z,causal-ridge-shortlag-v2,True
2025-10-12 01:00:00+00:00,SPP_NORTH_HUB,33683,21777,0,11906,46366.75,32530.621006549736,31172.281429205017,29726.87005073786,9934.208583553036,8178.8187530349405,6793.1379694223015,2025-10-12T01:00:00Z,causal-ridge-shortlag-v2,True
2025-10-12 02:00:00+00:00,CAISO_NP15,26366,4182,171,22013,33983.0,26707.29559504804,26429.46759161365,25535.931594430283,23465.785198393307,24435.709903151383,23695.860776838414,2025-10-12T02:00:00Z,causal-ridge-shortlag-v2,True
2025-10-12 02:00:00+00:00,ISONE_NEMA,10980,384,0,10596,18007.25,10300.988285626592,9743.161771734254,9371.377146220862,9908.825935407614,9350.098974289003,8979.575299469521,2025-10-12T02:00:00Z,causal-ridge-shortlag-v2,True
2025-10-12 02:00:00+00:00,MISO_MINN_HUB,65576,18673,3,46900,101249.75,62905.5317603032,60191.65225353935,57657.54707325584,44150.66371649585,41057.47307852238,38485.02042270341,2025-10-12T02:00:00Z,causal-ridge-shortlag-v2,True
2025-10-12 02:00:00+00:00,SPP_NORTH_HUB,32451,21869,0,10582,46366.75,31348.955571670293,30142.873973379108,28899.712275559843,9560.04603663276,8339.450794459295,7317.562090271645,2025-10-12T02:00:00Z,causal-ridge-shortlag-v2,True
2025-10-12 03:00:00+00:00,CAISO_NP15,26722,4232,0,22490,33983.0,26466.808865199982,25732.96104656039,24701.478520129276,21827.47059133626,22211.872708653063,21632.155102109584,2025-10-12T03:00:00Z,causal-ridge-shortlag-v2,True
2025-10-12 03:00:00+00:00,ISONE_NEMA,10513,456,0,10057,18007.25,10087.07285522756,9736.445921667788,9523.588267165656,9610.809533887666,9253.90479907642,9028.889256294236,2025-10-12T03:00:00Z,causal-ridge-shortlag-v2,True
2025-10-12 03:00:00+00:00,MISO_MINN_HUB,63062,18463,2,44597,101249.75,60728.59196679892,58605.83456225298,56751.52130989557,42901.503146850206,41003.39112587181,39574.12676779245,2025-10-12T03:00:00Z,causal-ridge-shortlag-v2,True
2025-10-12 03:00:00+00:00,SPP_NORTH_HUB,31051,21870,0,9181,46366.75,29951.557365569097,28830.12969304596,27762.93231240343,8209.68623692034,7167.194462686475,6403.790773972021,2025-10-12T03:00:00Z,causal-ridge-shortlag-v2,True
2025-10-12 04:00:00+00:00,CAISO_NP15,25759,4069,0,21690,33983.0,24728.93377559059,23556.16239191073,22262.8621893148,21088.588645149805,20616.27731577694,19742.750127695886,2025-10-12T04:00:00Z,causal-ridge-shortlag-v2,True
2025-10-12 04:00:00+00:00,ISONE_NEMA,9987,511,0,9476,18007.25,9530.4438268195,9248.475276379866,9162.60842277406,8993.554144687092,8693.562546894753,8591.891396907073,2025-10-12T04:00:00Z,causal-ridge-shortlag-v2,True
2025-10-12 04:00:00+00:00,MISO_MINN_HUB,60112,17979,2,42131,101249.75,57633.67873104225,55873.34229259931,54531.34660401739,40304.628515826495,38369.622400051376,37682.44406698753,2025-10-12T04:00:00Z,causal-ridge-shortlag-v2,True
2025-10-12 04:00:00+00:00,SPP_NORTH_HUB,29674,21567,0,8107,46366.75,28653.85242698024,27685.64633015669,26811.242523766552,7461.550539827285,6735.488955537343,6283.535881794982,2025-10-12T04:00:00Z,causal-ridge-shortlag-v2,True
2025-10-12 05:00:00+00:00,CAISO_NP15,25111,3993,0,21118,33983.0,24005.619147876037,22466.950949365728,20886.271925472876,20284.97213387156,19938.344052923283,19008.320312526328,2025-10-12T05:00:00Z,causal-ridge-shortlag-v2,True
2025-10-12 05:00:00+00:00,ISONE_NEMA,9610,659,0,8951,18007.25,9331.23681136954,9173.759032308251,9149.844269413188,8606.825332276358,8412.331695393466,8352.857096709065,2025-10-12T05:00:00Z,causal-ridge-shortlag-v2,True
2025-10-12 05:00:00+00:00,MISO_MINN_HUB,58272,17608,3,40661,101249.75,57045.76019206226,56274.33958680908,56180.69505924027,40111.12580252455,40148.04658782919,40102.602761750575,2025-10-12T05:00:00Z,causal-ridge-shortlag-v2,True
2025-10-12 05:00:00+00:00,SPP_NORTH_HUB,33915,4542,649,28724,46366.75,34721.51440366506,35575.28919413623,36338.89334551436,36338.87974943114,40492.774083873024,42678.72012199732,2025-10-12T05:00:00Z,causal-ridge-shortlag-v2,True
2025-10-12 06:00:00+00:00,CAISO_NP15,24261,3969,0,20292,33983.0,22966.193691488403,21523.93232975985,20202.158461057494,19357.63771839756,19184.04345347619,18485.952862289854,2025-10-12T06:00:00Z,causal-ridge-shortlag-v2,True
2025-10-12 06:00:00+00:00,ISONE_NEMA,9364,720,0,8644,18007.25,9263.32023591628,9251.473705409056,9271.822132590532,8511.976627384363,8461.886355823666,8436.776625112057,2025-10-12T06:00:00Z,causal-ridge-shortlag-v2,True
2025-10-12 06:00:00+00:00,MISO_MINN_HUB,56830,17554,3,39273,101249.75,55896.83523004684,55702.34262619604,56008.0574879813,38648.194811762805,38135.77950303883,38678.79772077008,2025-10-12T06:00:00Z,causal-ridge-shortlag-v2,True
2025-10-12 06:00:00+00:00,SPP_NORTH_HUB,33915,4542,649,28724,46366.75,34085.7590321927,34309.16774561291,34909.8757853534,28119.29317181415,28498.871980957207,28858.22531668941,2025-10-12T06:00:00Z,causal-ridge-shortlag-v2,True
2025-10-12 07:00:00+00:00,CAISO_NP15,22966,4250,0,18716,33983.0,21561.647506920304,20393.61554920577,19567.93268762213,17823.4878580614,17760.5811334566,17222.8000590496,2025-10-12T07:00:00Z,causal-ridge-shortlag-v2,True
2025-10-12 07:00:00+00:00,ISONE_NEMA,9582,868,0,8714,18007.25,9784.165281898582,9857.609162210356,9855.542748593412,8849.907295235002,8865.760444136855,8794.242972962264,2025-10-12T07:00:00Z,causal-ridge-shortlag-v2,True
2025-10-12 07:00:00+00:00,MISO_MINN_HUB,55604,17448,3,38153,101249.75,55118.04626458927,55456.04337174397,56408.86985146029,37771.3569492115,38016.31027202095,38846.06698323898,2025-10-12T07:00:00Z,causal-ridge-shortlag-v2,True
2025-10-12 07:00:00+00:00,SPP_NORTH_HUB,33915,4542,649,28724,46366.75,33951.1811176432,34400.709748955844,35030.22480546216,29394.257044741516,29872.141237750984,29890.61141139293,2025-10-12T07:00:00Z,causal-ridge-shortlag-v2,True
2025-10-12 08:00:00+00:00,CAISO_NP15,22141,4287,0,17854,33983.0,21197.83257442945,20426.694002996115,20004.60298684048,17592.43150356115,17428.619789273922,16821.624680527453,2025-10-12T08:00:00Z,causal-ridge-shortlag-v2,True
2025-10-12 08:00:00+00:00,ISONE_NEMA,9817,1088,0,8729,18007.25,9826.145392866598,9774.880370126244,9780.809743358404,8627.51387616945,8489.629935360847,8420.428310628165,2025-10-12T08:00:00Z,causal-ridge-shortlag-v2,True
2025-10-12 08:00:00+00:00,MISO_MINN_HUB,54940,17163,3,37774,101249.75,55109.77472648786,55979.57468283505,57373.62306056798,37954.85263838335,38634.60432123941,39542.18195082522,2025-10-12T08:00:00Z,causal-ridge-shortlag-v2,True
2025-10-12 08:00:00+00:00,SPP_NORTH_HUB,33915,4542,649,28724,46366.75,34364.34832673456,34965.86371221927,35598.895151608376,29075.459989034414,29078.659110437413,29048.864673730244,2025-10-12T08:00:00Z,causal-ridge-shortlag-v2,True
2025-10-12 09:00:00+00:00,CAISO_NP15,21238,4115,0,17123,33983.0,20436.527519424264,20009.22998411111,19949.05413191823,16689.76236816483,16496.706706720077,15795.780976701304,2025-10-12T09:00:00Z,causal-ridge-shortlag-v2,True
2025-10-12 09:00:00+00:00,ISONE_NEMA,10090,1217,0,8873,18007.25,10256.67653450695,10275.643680678277,10162.833791120069,8951.773116475786,8880.391173069836,8680.099158271096,2025-10-12T09:00:00Z,causal-ridge-shortlag-v2,True
2025-10-12 09:00:00+00:00,MISO_MINN_HUB,54777,17019,3,37755,101249.75,55364.466138601245,56599.146220774346,58211.48116117827,38021.72191036967,38615.20404322182,39733.34242996952,2025-10-12T09:00:00Z,causal-ridge-shortlag-v2,True
2025-10-12 09:00:00+00:00,SPP_NORTH_HUB,33915,4542,649,28724,46366.75,34122.76757916981,34643.47740712038,35366.07798131652,28763.00989768736,28829.13172049871,28952.772420868903,2025-10-12T09:00:00Z,causal-ridge-shortlag-v2,True
2025-10-12 10:00:00+00:00,CAISO_NP15,20761,3640,0,17121,33983.0,20406.368547778395,20406.94983084769,20733.743728175443,16933.968205048055,16409.501627197566,15424.921928183596,2025-10-12T10:00:00Z,causal-ridge-shortlag-v2,True
2025-10-12 10:00:00+00:00,ISONE_NEMA,10392,1226,0,9166,18007.25,10596.345082823702,10582.787161100636,10377.0040368215,9320.60214086233,9229.293309664285,8942.971520050656,2025-10-12T10:00:00Z,causal-ridge-shortlag-v2,True
2025-10-12 10:00:00+00:00,MISO_MINN_HUB,55303,17355,3,37945,101249.75,56436.23459780109,57999.82730902934,59844.88505067237,38277.36288088886,39049.45652773891,40149.42629975833,2025-10-12T10:00:00Z,causal-ridge-shortlag-v2,True
2025-10-12 10:00:00+00:00,SPP_NORTH_HUB,33915,4542,649,28724,46366.75,34197.60993855301,34800.682348241564,35604.652847165664,28891.37069862437,29102.75394429968,29375.440284377,2025-10-12T10:00:00Z,causal-ridge-shortlag-v2,True
2025-10-12 11:00:00+00:00,CAISO_NP15,20459,3493,0,16966,33983.0,20395.344516460107,20734.09954812344,21310.168228878232,16323.425635971063,15543.69579914346,14343.634303435128,2025-10-12T11:00:00Z,causal-ridge-shortlag-v2,True
2025-10-12 11:00:00+00:00,ISONE_NEMA,10417,1216,22,9179,18007.25,10321.74031197536,10102.42905932598,9832.05329649611,9019.928917705009,8725.901493010419,8395.973658818926,2025-10-12T11:00:00Z,causal-ridge-shortlag-v2,True
2025-10-12 11:00:00+00:00,MISO_MINN_HUB,56450,17560,3,38887,101249.75,58106.29025625475,59902.19453491096,61671.36499688708,39631.82492450606,40366.96181475135,40971.34371143491,2025-10-12T11:00:00Z,causal-ridge-shortlag-v2,True
2025-10-12 11:00:00+00:00,SPP_NORTH_HUB,33915,4542,649,28724,46366.75,34278.03158055615,34942.02918545464,35783.073896635535,29018.08926586165,29352.743662821107,29739.47034505093,2025-10-12T11:00:00Z,causal-ridge-shortlag-v2,True
2025-10-12 12:00:00+00:00,CAISO_NP15,20148,3316,0,16832,33983.0,20445.19493934585,21028.45478795773,21729.75393465435,15973.781109180927,14726.156329565176,13179.833124103165,2025-10-12T12:00:00Z,causal-ridge-shortlag-v2,True
2025-10-12 12:00:00+00:00,ISONE_NEMA,10364,1131,147,9086,18007.25,10229.95101776751,10098.367405464967,10048.54587349046,8904.60139128102,8739.932085282833,8676.671508806508,2025-10-12T12:00:00Z,causal-ridge-shortlag-v2,True
2025-10-12 12:00:00+00:00,MISO_MINN_HUB,57765,17510,787,39468,101249.75,59362.36087563826,61085.25841831016,62649.79607681472,39702.37751729971,39781.0175380646,40433.39611851007,2025-10-12T12:00:00Z,causal-ridge-shortlag-v2,True
2025-10-12 12:00:00+00:00,SPP_NORTH_HUB,33915,4542,649,28724,46366.75,34298.525083752174,34987.25586425889,35851.77684632857,29065.220544290456,29452.765532777445,29881.1248365008,2025-10-12T12:00:00Z,causal-ridge-shortlag-v2,True
2025-10-12 13:00:00+00:00,CAISO_NP15,20046,2960,0,17086,33983.0,20408.703547957204,21139.231039693845,21925.13882992677,15779.358134453882,14209.460044345298,12333.333312391676,2025-10-12T13:00:00Z,causal-ridge-shortlag-v2,True
2025-10-12 13:00:00+00:00,ISONE_NEMA,10382,1000,268,9114,18007.25,10356.812020867988,10412.362361667923,10636.953776095328,9080.012811144632,9141.653539780484,9393.020366363608,2025-10-12T13:00:00Z,causal-ridge-shortlag-v2,True
2025-10-12 13:00:00+00:00,MISO_MINN_HUB,59788,17033,6474,36281,101249.75,61424.53832210453,63454.33012676055,66058.71091013683,34960.98644509402,35977.924316161574,39441.30828308126,2025-10-12T13:00:00Z,causal-ridge-shortlag-v2,True
2025-10-12 13:00:00+00:00,SPP_NORTH_HUB,33915,4542,649,28724,46366.75,34352.6842229807,35079.49918700694,35954.87653821634,29147.71053327729,29543.09150321725,29947.69239291753,2025-10-12T13:00:00Z,causal-ridge-shortlag-v2,True
2025-10-12 14:00:00+00:00,CAISO_NP15,20847,2294,0,18553,33983.0,21761.119174657357,22692.54815195925,23383.83101931995,17201.400058644293,15094.167759894728,12752.743029996886,2025-10-12T14:00:00Z,causal-ridge-shortlag-v2,True
2025-10-12 14:00:00+00:00,ISONE_NEMA,10514,924,298,9292,18007.25,10695.693881319645,10994.449076139115,11408.991295129515,9493.443700733558,9817.158259954484,10269.025034559232,2025-10-12T14:00:00Z,causal-ridge-shortlag-v2,True
2025-10-12 14:00:00+00:00,MISO_MINN_HUB,61456,16059,11027,34370,101249.75,63430.388634126924,66078.1538742122,69280.60433285277,35523.271478405644,39343.73692420431,43344.215999770415,2025-10-12T14:00:00Z,causal-ridge-shortlag-v2,True
2025-10-12 14:00:00+00:00,SPP_NORTH_HUB,33915,4542,649,28724,46366.75,34422.44166043191,35180.4334723581,36036.39377792851,29234.875049956678,29582.558373247382,29890.345327694788,2025-10-12T14:00:00Z,causal-ridge-shortlag-v2,True
2025-10-12 15:00:00+00:00,CAISO_NP15,20843,1445,2882,16516,33983.0,21465.76123723237,22175.64489106777,22736.94698116085,13037.205542856049,11509.139713076003,9935.115092146936,2025-10-12T15:00:00Z,causal-ridge-shortlag-v2,True
2025-10-12 15:00:00+00:00,ISONE_NEMA,10820,877,273,9670,18007.25,11236.865525356236,11730.010603417611,12220.041702080443,10130.16158697079,10659.399998848108,11186.551301486325,2025-10-12T15:00:00Z,causal-ridge-shortlag-v2,True
2025-10-12 15:00:00+00:00,MISO_MINN_HUB,62763,15926,12166,34671,101249.75,64813.17651325648,67520.49583175288,70120.11085418124,37355.62691408722,40317.86578741798,43678.902506324266,2025-10-12T15:00:00Z,causal-ridge-shortlag-v2,True
2025-10-12 15:00:00+00:00,SPP_NORTH_HUB,33915,4542,649,28724,46366.75,34393.351257037786,35087.226170955255,35858.96146074104,29148.19041944199,29492.042232381664,29787.49453617334,2025-10-12T15:00:00Z,causal-ridge-shortlag-v2,True
2025-10-12 16:00:00+00:00,CAISO_NP15,22261,961,11579,9721,33983.0,23079.01942286815,23367.10850916741,23755.99881314294,5297.8970541754425,5698.936405488726,6442.827484651503,2025-10-12T16:00:00Z,causal-ridge-shortlag-v2,True
2025-10-12 16:00:00+00:00,ISONE_NEMA,11193,842,267,10084,18007.25,11658.74522516481,12131.900962789276,12537.220578243045,10577.727082494272,11077.620931892518,11514.099019346731,2025-10-12T16:00:00Z,causal-ridge-shortlag-v2,True
2025-10-12 16:00:00+00:00,MISO_MINN_HUB,64650,16127,12172,36351,101249.75,66996.56839187421,69603.28064350558,72010.75606380602,39785.81497408486,43349.77875501604,47123.78828616803,2025-10-12T16:00:00Z,causal-ridge-shortlag-v2,True
2025-10-12 16:00:00+00:00,SPP_NORTH_HUB,33915,4542,649,28724,46366.75,34322.1635831286,34894.733263295566,35522.72922086952,29016.04105890645,29348.52056598817,29623.55517914077,2025-10-12T16:00:00Z,causal-ridge-shortlag-v2,True
2025-10-12 17:00:00+00:00,CAISO_NP15,24054,844,14987,8223,33983.0,24573.02969647313,25032.25214039767,25339.509279847825,8152.101842408421,8052.181138213926,8679.805510435273,2025-10-12T17:00:00Z,causal-ridge-shortlag-v2,True
2025-10-12 17:00:00+00:00,ISONE_NEMA,11606,850,206,10550,18007.25,12023.652906282849,12404.221446828871,12709.78254119389,10998.12044197512,11407.975411515028,11747.057066211875,2025-10-12T17:00:00Z,causal-ridge-shortlag-v2,True
2025-10-12 17:00:00+00:00,MISO_MINN_HUB,66485,16700,11958,37827,101249.75,68380.34645554768,70475.18901861722,72341.24104735217,40688.70418374024,43925.08595819799,47778.32650534383,2025-10-12T17:00:00Z,causal-ridge-shortlag-v2,True
2025-10-12 17:00:00+00:00,SPP_NORTH_HUB,33915,4542,649,28724,46366.75,34286.655355703806,34761.18443238261,35239.3428655272,28979.41536135899,29185.24950588388,29277.36908494048,2025-10-12T17:00:00Z,causal-ridge-shortlag-v2,True
2025-10-12 18:00:00+00:00,CAISO_NP15,24150,1036,16343,6771,33983.0,24280.595035332357,24356.196956126863,24305.15854034192,6255.662511662968,7307.205851220458,8460.4443261354,2025-10-12T18:00:00Z,causal-ridge-shortlag-v2,True
2025-10-12 18:00:00+00:00,ISONE_NEMA,11960,887,129,10944,18007.25,12317.881344111089,12653.272627120432,12876.857615936784,11328.498700618124,11684.440283772825,11928.0344982514,2025-10-12T18:00:00Z,causal-ridge-shortlag-v2,True
2025-10-12 18:00:00+00:00,MISO_MINN_HUB,68379,17485,11739,39155,101249.75,70120.7257913252,71804.45994416677,73391.39372676049,41857.78020705226,45495.366088754745,49098.98758604215,2025-10-12T18:00:00Z,causal-ridge-shortlag-v2,True
2025-10-12 18:00:00+00:00,SPP_NORTH_HUB,33915,4542,649,28724,46366.75,34247.91881427628,34615.97301030565,34931.525773873786,28930.59987862911,28986.073887855924,28871.670193871098,2025-10-12T18:00:00Z,causal-ridge-shortlag-v2,True
2025-10-12 19:00:00+00:00,CAISO_NP15,23419,979,16193,6247,33983.0,23598.89816788442,23991.436716056192,24597.081704028988,7284.947217348481,8771.79668859148,10691.307550446403,2025-10-12T19:00:00Z,causal-ridge-shortlag-v2,True
2025-10-12 19:00:00+00:00,ISONE_NEMA,12243,890,73,11280,18007.25,12547.942772837148,12789.820872314122,12867.012305585033,11616.403089451804,11876.65962239448,11967.403302657642,2025-10-12T19:00:00Z,causal-ridge-shortlag-v2,True
2025-10-12 19:00:00+00:00,MISO_MINN_HUB,69986,17724,11798,40464,101249.75,71321.11173064326,72567.61601530519,73618.66810129261,43086.973909093154,46442.09140781383,49795.18994047426,2025-10-12T19:00:00Z,causal-ridge-shortlag-v2,True
2025-10-12 19:00:00+00:00,SPP_NORTH_HUB,33915,4542,649,28724,46366.75,34168.616121671774,34404.66335033435,34552.170066315855,28819.49511056185,28720.22766553276,28411.816730555038,2025-10-12T19:00:00Z,causal-ridge-shortlag-v2,True
2025-10-12 20:00:00+00:00,CAISO_NP15,22459,903,15179,6377,33983.0,22547.928250129688,23040.04075286328,23886.398827122222,7626.515499546402,9759.09019078482,12354.123786301145,2025-10-12T20:00:00Z,causal-ridge-shortlag-v2,True
2025-10-12 20:00:00+00:00,ISONE_NEMA,12739,840,38,11861,18007.25,13228.02818315899,13404.973625798732,13217.963878034816,12403.5354448783,12600.192185731186,12411.195629075568,2025-10-12T20:00:00Z,causal-ridge-shortlag-v2,True
2025-10-12 20:00:00+00:00,MISO_MINN_HUB,71792,17721,11489,42582,101249.75,73201.64338771292,74217.34828345143,74928.6713317125,45801.69418510867,49405.67589487366,52295.64096466872,2025-10-12T20:00:00Z,causal-ridge-shortlag-v2,True
2025-10-12 20:00:00+00:00,SPP_NORTH_HUB,33915,4542,649,28724,46366.75,34073.29693411259,34165.16005683333,34140.22197681289,28689.49621613473,28441.74808627606,27954.41650095313,2025-10-12T20:00:00Z,causal-ridge-shortlag-v2,True
2025-10-12 21:00:00+00:00,CAISO_NP15,22458,687,15085,6686,33983.0,22807.70846733462,23490.938522238102,24495.80885718502,8150.287746825072,10944.445160300274,14148.279282432966,2025-10-12T21:00:00Z,causal-ridge-shortlag-v2,True
2025-10-12 21:00:00+00:00,ISONE_NEMA,13271,798,7,12466,18007.25,13588.721261654517,13475.726708373051,12998.644840659506,12825.858320348903,12716.747125392503,12225.07743629716,2025-10-12T21:00:00Z,causal-ridge-shortlag-v2,True
2025-10-12 21:00:00+00:00,MISO_MINN_HUB,73087,17537,9573,45977,101249.75,73979.87566591754,74388.14790285449,74097.46729749086,49445.40415468546,52149.169404578766,53875.05236279078,2025-10-12T21:00:00Z,causal-ridge-shortlag-v2,True
2025-10-12 21:00:00+00:00,SPP_NORTH_HUB,33915,4542,649,28724,46366.75,33963.691769415374,33921.7414422824,33753.57624829162,28556.02501359949,28137.183511722356,27451.660550040862,2025-10-12T21:00:00Z,causal-ridge-shortlag-v2,True
2025-10-12 22:00:00+00:00,CAISO_NP15,22471,606,15201,6664,33983.0,22969.70264579088,23761.387260598884,24735.73441724044,8593.028511341585,11656.146626156686,15195.429661738432,2025-10-12T22:00:00Z,causal-ridge-shortlag-v2,True
2025-10-12 22:00:00+00:00,ISONE_NEMA,13451,879,0,12572,18007.25,13223.285591652384,12683.576386530856,12028.103477202994,12308.522485637615,11746.064202409603,11078.693588231172,2025-10-12T22:00:00Z,causal-ridge-shortlag-v2,True
2025-10-12 22:00:00+00:00,MISO_MINN_HUB,73787,17533,4069,52185,101249.75,74291.07401890612,73751.36022338517,71975.55631528041,56195.97965098685,57489.89998124864,55958.190007044686,2025-10-12T22:00:00Z,causal-ridge-shortlag-v2,True
2025-10-12 22:00:00+00:00,SPP_NORTH_HUB,33915,4542,649,28724,46366.75,33813.429669562705,33652.54501929979,33406.3671068806,28370.906607601515,27790.977911317623,26943.188878531477,2025-10-12T22:00:00Z,causal-ridge-shortlag-v2,True
2025-10-12 23:00:00+00:00,CAISO_NP15,22111,404,14632,7075,33983.0,22612.699001750785,23345.10604495917,24203.928912861677,9840.261221428518,12889.844966822788,16348.402130160845,2025-10-12T23:00:00Z,causal-ridge-shortlag-v2,True
2025-10-12 23:00:00+00:00,ISONE_NEMA,13066,1014,0,12052,18007.25,12386.9987260837,11650.814569045517,10989.978983286594,11308.197079176512,10543.493338829769,9880.059264278842,2025-10-12T23:00:00Z,causal-ridge-shortlag-v2,True
2025-10-12 23:00:00+00:00,MISO_MINN_HUB,73569,17458,195,55916,101249.75,72444.78998764195,70312.19309928655,67107.86164376173,56357.84468887661,53793.342824060346,50740.30078893935,2025-10-12T23:00:00Z,causal-ridge-shortlag-v2,True
2025-10-12 23:00:00+00:00,SPP_NORTH_HUB,33915,4542,649,28724,46366.75,33661.75583169523,33434.21660387086,33208.305024063564,28175.49585815004,27507.89156926089,26606.70961978224,2025-10-12T23:00:00Z,causal-ridge-shortlag-v2,True
2025-10-13 00:00:00+00:00,CAISO_NP15,22992,398,12619,9975,33983.0,23741.50962134139,24519.323974185787,25259.40399728166,13800.53509672238,16778.30735519149,19741.187894333383,2025-10-13T00:00:00Z,causal-ridge-shortlag-v2,True
2025-10-13 00:00:00+00:00,ISONE_NEMA,12502,1118,0,11384,18007.25,11914.724301146089,11332.121335918244,10777.917982154817,10758.957043336422,10162.886810406864,9605.845984035195,2025-10-13T00:00:00Z,causal-ridge-shortlag-v2,True
2025-10-13 00:00:00+00:00,MISO_MINN_HUB,73018,17927,2,55089,101249.75,71069.9687516904,68245.1778511873,65451.27965848787,52623.672938692966,50701.47090826016,48831.885008797246,2025-10-13T00:00:00Z,causal-ridge-shortlag-v2,True
2025-10-13 00:00:00+00:00,SPP_NORTH_HUB,33915,4542,649,28724,46366.75,33642.918290688474,33418.97857166751,33233.212752286294,28170.656025780798,27654.732385158542,26950.660737192404,2025-10-13T00:00:00Z,causal-ridge-shortlag-v2,True
2025-10-13 01:00:00+00:00,CAISO_NP15,24818,776,5118,18924,33983.0,25964.51493224326,26924.74414071604,27188.62506284656,24479.862381577143,25155.57026526664,25438.589634059048,2025-10-13T01:00:00Z,causal-ridge-shortlag-v2,True
2025-10-13 01:00:00+00:00,ISONE_NEMA,11821,1164,0,10657,18007.25,11181.6382482549,10647.048908546429,10260.445109980645,10005.46478334223,9475.760551413852,9104.363287826864,2025-10-13T01:00:00Z,causal-ridge-shortlag-v2,True
2025-10-13 01:00:00+00:00,MISO_MINN_HUB,70420,18794,1,51625,101249.75,67011.12623297694,63626.94703098688,60633.91608746289,47786.78421277723,45175.88047463532,43077.04514243937,2025-10-13T01:00:00Z,causal-ridge-shortlag-v2,True
2025-10-13 01:00:00+00:00,SPP_NORTH_HUB,33915,4542,649,28724,46366.75,33613.43951729127,33392.512792369474,33246.87980072988,28166.19677250177,27709.556066805424,27091.624486824345,2025-10-13T01:00:00Z,causal-ridge-shortlag-v2,True
2025-10-13 02:00:00+00:00,CAISO_NP15,25970,1237,193,24540,33983.0,26812.99105164712,26986.13359393881,26339.56894629904,26030.08156320572,26025.549623104773,25042.868012034018,2025-10-13T02:00:00Z,causal-ridge-shortlag-v2,True
2025-10-13 02:00:00+00:00,ISONE_NEMA,11279,1167,0,10112,18007.25,10878.5953106855,10596.649463704607,10423.00166438213,9735.414181252949,9483.816011983525,9335.74407817834,2025-10-13T02:00:00Z,causal-ridge-shortlag-v2,True
2025-10-13 02:00:00+00:00,MISO_MINN_HUB,67520,18909,1,48610,101249.75,64587.18227572727,61734.52031413391,59399.323769952345,46022.47492817309,44291.4374912527,42140.21305994087,2025-10-13T02:00:00Z,causal-ridge-shortlag-v2,True
2025-10-13 02:00:00+00:00,SPP_NORTH_HUB,33915,4542,649,28724,46366.75,33651.47934948323,33508.519295361984,33465.37465468079,28274.4566162234,27860.456863365154,27293.147980935904,2025-10-13T02:00:00Z,causal-ridge-shortlag-v2,True
2025-10-13 03:00:00+00:00,CAISO_NP15,26144,1756,0,24388,33983.0,26212.14371530077,25690.134537436177,24796.921881912825,23473.99867515836,23030.17940700385,22313.16345834632,2025-10-13T03:00:00Z,causal-ridge-shortlag-v2,True
2025-10-13 03:00:00+00:00,ISONE_NEMA,10547,1075,0,9472,18007.25,10044.317190740388,9836.02670020998,9841.531276016884,9018.090808854577,8850.621178205009,8896.403728595145,2025-10-13T03:00:00Z,causal-ridge-shortlag-v2,True
2025-10-13 03:00:00+00:00,MISO_MINN_HUB,64338,18330,1,46007,101249.75,61432.19969529988,59047.53825341277,56969.8975187562,43920.08920085632,41633.07294225201,40135.97576136685,2025-10-13T03:00:00Z,causal-ridge-shortlag-v2,True
2025-10-13 03:00:00+00:00,SPP_NORTH_HUB,33915,4542,649,28724,46366.75,33660.42372714103,33594.65364519747,33688.4392275574,28314.60964739567,28025.582010574723,27630.82343260027,2025-10-13T03:00:00Z,causal-ridge-shortlag-v2,True
2025-10-13 04:00:00+00:00,CAISO_NP15,25446,2226,0,23220,33983.0,24511.35227529976,23440.136885132244,22286.08538224015,22373.767423524405,21374.681713498216,20545.85941619816,2025-10-13T04:00:00Z,causal-ridge-shortlag-v2,True
2025-10-13 04:00:00+00:00,ISONE_NEMA,10074,1018,0,9056,18007.25,9911.051225101666,9947.342472446297,10083.357027541708,8941.246072512198,9026.042571088492,9194.397133222128,2025-10-13T04:00:00Z,causal-ridge-shortlag-v2,True
2025-10-13 04:00:00+00:00,MISO_MINN_HUB,61306,17408,1,43897,101249.75,58883.27307913077,57210.69272631087,56103.74554225622,42467.145871092296,41228.24843273671,40576.70150885033,2025-10-13T04:00:00Z,causal-ridge-shortlag-v2,True
2025-10-13 04:00:00+00:00,SPP_NORTH_HUB,33915,4542,649,28724,46366.75,33715.722334597114,33767.193103195,34026.35555821984,28418.79961445814,28292.112289308472,28103.918728493423,2025-10-13T04:00:00Z,causal-ridge-shortlag-v2,True
2025-10-13 05:00:00+00:00,CAISO_NP15,24702,2375,0,22327,33983.0,23615.07617871888,22227.166236641315,20823.5131648204,21387.42777288754,20607.80354480822,19821.76855340644,2025-10-13T05:00:00Z,causal-ridge-shortlag-v2,True
2025-10-13 05:00:00+00:00,ISONE_NEMA,10288,936,0,9352,18007.25,10612.983107882754,10885.863252706651,11131.678816223584,9753.08058010611,10081.707478036968,10350.451979244292,2025-10-13T05:00:00Z,causal-ridge-shortlag-v2,True
2025-10-13 05:00:00+00:00,MISO_MINN_HUB,59062,16677,1,42384,101249.75,57535.4744620344,56719.29173154918,56513.67389820338,41670.23258775222,41278.82162722448,41223.77018965011,2025-10-13T05:00:00Z,causal-ridge-shortlag-v2,True
2025-10-13 05:00:00+00:00,SPP_NORTH_HUB,29339,19361,0,9978,46366.75,27681.90171448305,26519.151866440505,25920.04346419588,2484.992904359715,-1729.6801322898718,-3916.590525905227,2025-10-13T05:00:00Z,causal-ridge-shortlag-v2,True
2025-10-13 06:00:00+00:00,CAISO_NP15,23581,2473,0,21108,33983.0,22377.20886051948,21131.933506375077,20064.13891645119,20216.18744370857,19749.10962405733,19245.43358185117,2025-10-13T06:00:00Z,causal-ridge-shortlag-v2,True
2025-10-13 06:00:00+00:00,ISONE_NEMA,10090,992,0,9098,18007.25,9820.97878247022,9820.597558443667,10113.071843284357,8795.538496209803,8781.263744161937,9072.549048273915,2025-10-13T06:00:00Z,causal-ridge-shortlag-v2,True
2025-10-13 06:00:00+00:00,MISO_MINN_HUB,57800,15617,1,42182,101249.75,57293.67749514856,57390.98053139514,57956.12348428814,42550.10511562922,43020.29538927517,43481.1169583129,2025-10-13T06:00:00Z,causal-ridge-shortlag-v2,True
2025-10-13 06:00:00+00:00,SPP_NORTH_HUB,28342,18814,0,9528,46366.75,27640.548836954626,27388.2993334676,27230.99188612726,10030.792534054412,10043.226535475762,10364.689084283704,2025-10-13T06:00:00Z,causal-ridge-shortlag-v2,True
2025-10-13 07:00:00+00:00,CAISO_NP15,22071,2496,0,19575,33983.0,20859.06512171772,19916.631128281788,19387.17722897909,18928.92483563282,18664.06753724183,18383.353894540884,2025-10-13T07:00:00Z,causal-ridge-shortlag-v2,True
2025-10-13 07:00:00+00:00,ISONE_NEMA,10008,954,0,9054,18007.25,10172.911633614269,10416.360487646158,10592.68004091746,9224.27279971183,9462.11635390407,9618.534356776065,2025-10-13T07:00:00Z,causal-ridge-shortlag-v2,True
2025-10-13 07:00:00+00:00,MISO_MINN_HUB,56893,15112,1,41780,101249.75,56649.64753371975,57188.63661378226,58153.475203245645,41714.45701539092,41602.68574501472,42352.10466813901,2025-10-13T07:00:00Z,causal-ridge-shortlag-v2,True
2025-10-13 07:00:00+00:00,SPP_NORTH_HUB,27712,17911,0,9801,46366.75,27623.94606636148,27610.55932932878,27775.57851533485,9916.314194095934,10286.253208630416,11282.433737501402,2025-10-13T07:00:00Z,causal-ridge-shortlag-v2,True
2025-10-13 08:00:00+00:00,CAISO_NP15,21718,2815,0,18903,33983.0,21071.360119753,20537.469215822537,20385.34266763959,18846.47425423297,18636.998433438595,18365.804035771263,2025-10-13T08:00:00Z,causal-ridge-shortlag-v2,True
2025-10-13 08:00:00+00:00,ISONE_NEMA,10095,945,0,9150,18007.25,10217.985677180272,10300.432365861776,10396.1968822474,9247.703448676068,9301.234833951436,9364.071685377055,2025-10-13T08:00:00Z,causal-ridge-shortlag-v2,True
2025-10-13 08:00:00+00:00,MISO_MINN_HUB,56932,14924,0,42008,101249.75,57634.09396808118,58814.150109727954,60502.054827618966,42551.80997436138,43466.93678214907,44117.249931147424,2025-10-13T08:00:00Z,causal-ridge-shortlag-v2,True
2025-10-13 08:00:00+00:00,SPP_NORTH_HUB,27298,17342,0,9956,46366.75,27210.0826194855,27339.376949181664,27687.73979381033,10623.89749743884,11670.051360565769,12962.849749527151,2025-10-13T08:00:00Z,causal-ridge-shortlag-v2,True
2025-10-13 09:00:00+00:00,CAISO_NP15,20981,3017,0,17964,33983.0,20378.66295292081,20211.438561137016,20411.489301611957,17773.527511772485,17450.785958496377,17055.053016092643,2025-10-13T09:00:00Z,causal-ridge-shortlag-v2,True
2025-10-13 09:00:00+00:00,ISONE_NEMA,10772,990,0,9782,18007.25,11294.135721483177,11495.235380562925,11522.450626816117,10281.791036156912,10451.29345500634,10428.674890331837,2025-10-13T09:00:00Z,causal-ridge-shortlag-v2,True
2025-10-13 09:00:00+00:00,MISO_MINN_HUB,58177,14556,1,43620,101249.75,59864.32676314072,61677.37665653903,63613.940651265824,45054.266719048006,46072.80706684144,46607.761593966185,2025-10-13T09:00:00Z,causal-ridge-shortlag-v2,True
2025-10-13 09:00:00+00:00,SPP_NORTH_HUB,27342,16516,0,10826,46366.75,27565.903960731648,27950.28851109068,28480.03113976852,11914.402990228613,13231.12604455944,14684.75332517934,2025-10-13T09:00:00Z,causal-ridge-shortlag-v2,True
2025-10-13 10:00:00+00:00,CAISO_NP15,20461,2836,0,17625,33983.0,20310.27360931088,20496.626979093944,21015.101442289983,17803.98494944229,17129.553915056204,16358.698379087416,2025-10-13T10:00:00Z,causal-ridge-shortlag-v2,True
2025-10-13 10:00:00+00:00,ISONE_NEMA,11193,957,0,10236,18007.25,11351.933834863044,11372.387849647228,11329.787557427682,10371.774168673444,10334.328111993917,10233.007946198788,2025-10-13T10:00:00Z,causal-ridge-shortlag-v2,True
2025-10-13 10:00:00+00:00,MISO_MINN_HUB,60980,14011,1,46968,101249.75,63804.44460415147,66210.54787333558,68306.90870238039,49364.92875680702,50563.48316623473,50881.534923817104,2025-10-13T10:00:00Z,causal-ridge-shortlag-v2,True
2025-10-13 10:00:00+00:00,SPP_NORTH_HUB,28144,15245,0,12899,46366.75,28835.700259187677,29522.952598314703,30206.354628691686,14512.818856616055,16099.40622321496,17658.47944123058,2025-10-13T10:00:00Z,causal-ridge-shortlag-v2,True
2025-10-13 11:00:00+00:00,CAISO_NP15,20288,2798,0,17490,33983.0,20379.51610062857,20801.7787421106,21490.680054510016,17237.06803483963,16405.870154176715,15425.476197699796,2025-10-13T11:00:00Z,causal-ridge-shortlag-v2,True
2025-10-13 11:00:00+00:00,ISONE_NEMA,11697,964,7,10726,18007.25,12010.0699479667,12056.443038507756,11890.581038972598,10996.555436666018,10982.369227865409,10746.844636327913,2025-10-13T11:00:00Z,causal-ridge-shortlag-v2,True
2025-10-13 11:00:00+00:00,MISO_MINN_HUB,65450,12971,1,52478,101249.75,69389.05076929284,72260.06662655227,74305.3017603281,55978.77915979691,57340.00438037093,57123.44983765638,2025-10-13T11:00:00Z,causal-ridge-shortlag-v2,True
2025-10-13 11:00:00+00:00,SPP_NORTH_HUB,29668,14092,0,15576,46366.75,30761.4372507985,31664.03337557993,32413.15890303981,17374.3070492885,19041.16422756197,20536.09438834611,2025-10-13T11:00:00Z,causal-ridge-shortlag-v2,True
2025-10-13 12:00:00+00:00,CAISO_NP15,20735,2833,0,17902,33983.0,21116.076360318548,21776.753531237613,22562.67868133961,17462.311530191644,16217.032128948047,14812.993810232934,2025-10-13T12:00:00Z,causal-ridge-shortlag-v2,True
2025-10-13 12:00:00+00:00,ISONE_NEMA,12340,965,34,11341,18007.25,12662.354930486172,12687.039808665548,12563.019662133316,11626.994930986402,11598.429224397169,11417.250916863806,2025-10-13T12:00:00Z,causal-ridge-shortlag-v2,True
2025-10-13 12:00:00+00:00,MISO_MINN_HUB,67974,12984,615,54375,101249.75,69558.53790197808,71076.16990442853,71911.83773577583,53886.94339354627,51632.85583455701,51235.87250553904,2025-10-13T12:00:00Z,causal-ridge-shortlag-v2,True
2025-10-13 12:00:00+00:00,SPP_NORTH_HUB,30831,13807,0,17024,46366.75,31668.474829824783,32368.51328850689,32977.1704694,18271.675476334087,19626.24015934532,20801.72545342724,2025-10-13T12:00:00Z,causal-ridge-shortlag-v2,True
2025-10-13 13:00:00+00:00,CAISO_NP15,21227,2861,0,18366,33983.0,21773.846445561707,22569.213729222483,23320.46583456048,17432.3508699357,15725.473127397296,13891.038784314338,2025-10-13T13:00:00Z,causal-ridge-shortlag-v2,True
2025-10-13 13:00:00+00:00,ISONE_NEMA,12715,856,73,11786,18007.25,12872.303313431225,12900.378032406805,12831.469435424906,11933.993755443304,11916.880704972717,11804.358817953937,2025-10-13T13:00:00Z,causal-ridge-shortlag-v2,True
2025-10-13 13:00:00+00:00,MISO_MINN_HUB,69252,12072,5021,52159,101249.75,69916.62293642273,70877.98226656299,72555.33103193316,49924.54872705872,50241.826813842665,51487.38437351539,2025-10-13T13:00:00Z,causal-ridge-shortlag-v2,True
2025-10-13 13:00:00+00:00,SPP_NORTH_HUB,31355,13183,0,18172,46366.75,31770.14849573341,32169.30380363413,32557.42709511888,19324.597566508364,20416.887960370703,21272.092912306845,2025-10-13T13:00:00Z,causal-ridge-shortlag-v2,True
2025-10-13 14:00:00+00:00,CAISO_NP15,22943,2558,0,20385,33983.0,24018.608947735305,24864.36686754476,25334.70860633213,19529.518044283133,17093.181285459425,14501.178757515454,2025-10-13T14:00:00Z,causal-ridge-shortlag-v2,True
2025-10-13 14:00:00+00:00,ISONE_NEMA,12982,785,124,12073,18007.25,13156.370187979051,13210.122192341738,13150.869603214747,12224.067599650118,12242.204131676392,12150.27269221032,2025-10-13T14:00:00Z,causal-ridge-shortlag-v2,True
2025-10-13 14:00:00+00:00,MISO_MINN_HUB,70099,10745,8280,51074,101249.75,71042.070346289,72277.68171242806,74059.49133629185,51110.14861199405,53404.14323549427,54976.71907868171,2025-10-13T14:00:00Z,causal-ridge-shortlag-v2,True
2025-10-13 14:00:00+00:00,SPP_NORTH_HUB,31923,12638,0,19285,46366.75,32326.85100578141,32623.4779881389,32847.56479590581,20137.977339101395,20874.550066798416,21473.72215661651,2025-10-13T14:00:00Z,causal-ridge-shortlag-v2,True
2025-10-13 15:00:00+00:00,CAISO_NP15,24344,2548,2373,19423,33983.0,24977.089508151377,25433.634593080224,25550.56227097822,16305.363241808873,14286.966295475891,12212.91351349367,2025-10-13T15:00:00Z,causal-ridge-shortlag-v2,True
2025-10-13 15:00:00+00:00,ISONE_NEMA,13028,720,164,12144,18007.25,13044.451421959948,13047.96739034488,13028.68106017346,12148.158067277043,12128.573336325311,12097.170303311836,2025-10-13T15:00:00Z,causal-ridge-shortlag-v2,True
2025-10-13 15:00:00+00:00,MISO_MINN_HUB,71531,9812,9396,52323,101249.75,73157.5261475272,74789.03985239018,76198.27248904918,54268.33895585453,56024.2527935272,57463.925053300365,2025-10-13T15:00:00Z,causal-ridge-shortlag-v2,True
2025-10-13 15:00:00+00:00,SPP_NORTH_HUB,32601,11847,0,20754,46366.75,32991.552746039124,33182.014915652064,33221.58098785214,21601.13209784797,22193.522129276145,22597.69798642248,2025-10-13T15:00:00Z,causal-ridge-shortlag-v2,True
2025-10-13 16:00:00+00:00,CAISO_NP15,26547,2622,9922,14003,33983.0,27277.970193568024,27153.43111415844,26894.374148539544,10036.838671645237,9313.388106985789,9208.274757352974,2025-10-13T16:00:00Z,causal-ridge-shortlag-v2,True
2025-10-13 16:00:00+00:00,ISONE_NEMA,13067,656,174,12237,18007.25,13162.28701996762,13194.057495278794,13143.0649592062,12338.270787553389,12360.42058884236,12304.158190554854,2025-10-13T16:00:00Z,causal-ridge-shortlag-v2,True
2025-10-13 16:00:00+00:00,MISO_MINN_HUB,73206,7164,9419,56623,101249.75,75178.19507888072,76944.2087157621,77959.98339294267,60393.38117538692,62833.1814664009,64312.90485708668,2025-10-13T16:00:00Z,causal-ridge-shortlag-v2,True
2025-10-13 16:00:00+00:00,SPP_NORTH_HUB,33181,9376,0,23805,46366.75,33467.95767374642,33541.738370477346,33427.17271397955,25377.41948619724,26100.60014069789,26336.13583593432,2025-10-13T16:00:00Z,causal-ridge-shortlag-v2,True
2025-10-13 17:00:00+00:00,CAISO_NP15,26523,2036,12918,11569,33983.0,26527.61334349469,26409.356511786493,26165.64995385384,11215.465481531184,9788.666669549068,9803.537891102296,2025-10-13T17:00:00Z,causal-ridge-shortlag-v2,True
2025-10-13 17:00:00+00:00,ISONE_NEMA,13082,689,174,12219,18007.25,13068.524440719422,12994.413285816305,12920.999474955452,12181.675402065495,12092.929695160072,12019.60490104606,2025-10-13T17:00:00Z,causal-ridge-shortlag-v2,True
2025-10-13 17:00:00+00:00,MISO_MINN_HUB,74942,5600,10202,59140,101249.75,76344.38399528594,77564.30605665088,78268.46824620072,61067.65844827637,62219.10276800956,64092.42648883036,2025-10-13T17:00:00Z,causal-ridge-shortlag-v2,True
2025-10-13 17:00:00+00:00,SPP_NORTH_HUB,33752,6742,0,27010,46366.75,34014.00163897774,33997.56898682946,33764.9327627562,28398.83196752815,28829.54296183067,28744.97336254182,2025-10-13T17:00:00Z,causal-ridge-shortlag-v2,True
2025-10-13 18:00:00+00:00,CAISO_NP15,27311,1996,14070,11245,33983.0,27259.70543199692,26748.364285374937,26238.083146517576,10935.485295146673,10938.241713235531,11530.868914851517,2025-10-13T18:00:00Z,causal-ridge-shortlag-v2,True
2025-10-13 18:00:00+00:00,ISONE_NEMA,13167,633,125,12409,18007.25,13298.60635233096,13326.122602492653,13223.911031952925,12586.12887438576,12627.357389556557,12534.344210228235,2025-10-13T18:00:00Z,causal-ridge-shortlag-v2,True
2025-10-13 18:00:00+00:00,MISO_MINN_HUB,76777,5385,10181,61211,101249.75,78144.05050625635,79016.40034243725,79724.23373568461,63122.68642840596,65799.62958271419,67407.53795566097,2025-10-13T18:00:00Z,causal-ridge-shortlag-v2,True
2025-10-13 18:00:00+00:00,SPP_NORTH_HUB,34246,4465,0,29781,46366.75,34398.92382659314,34245.83609236881,33854.42091203748,30774.01154597234,30838.168181968656,30393.10842621381,2025-10-13T18:00:00Z,causal-ridge-shortlag-v2,True
2025-10-13 19:00:00+00:00,CAISO_NP15,27451,2277,14452,10722,33983.0,27097.144027401355,26958.11514683304,26989.259515785543,10733.33367885533,11575.0094723846,13165.7067308763,2025-10-13T19:00:00Z,causal-ridge-shortlag-v2,True
2025-10-13 19:00:00+00:00,ISONE_NEMA,13368,627,79,12662,18007.25,13493.751864953085,13424.298312547346,13221.723340283688,12809.844976671437,12747.259097691664,12546.889250229851,2025-10-13T19:00:00Z,causal-ridge-shortlag-v2,True
2025-10-13 19:00:00+00:00,MISO_MINN_HUB,77609,5008,10145,62456,101249.75,78010.19069881784,78177.62670724418,77984.62167692017,63524.35129187624,64691.93772023261,65783.71962972666,2025-10-13T19:00:00Z,causal-ridge-shortlag-v2,True
2025-10-13 19:00:00+00:00,SPP_NORTH_HUB,34562,3277,0,31285,46366.75,34584.16257501469,34304.946744171124,33801.2146153151,31494.9535690728,31024.557240807637,30185.305031200547,2025-10-13T19:00:00Z,causal-ridge-shortlag-v2,True
2025-10-13 20:00:00+00:00,CAISO_NP15,27732,2691,13593,11448,33983.0,27574.567868425194,27711.18337936553,28013.606432051096,12585.528288736556,13608.931617062955,15382.96992529275,2025-10-13T20:00:00Z,causal-ridge-shortlag-v2,True
2025-10-13 20:00:00+00:00,ISONE_NEMA,13730,693,52,12985,18007.25,13871.895062564765,13710.508397648477,13378.93447024872,13128.452208042489,12967.77194625436,12633.313915946885,2025-10-13T20:00:00Z,causal-ridge-shortlag-v2,True
2025-10-13 20:00:00+00:00,MISO_MINN_HUB,78361,4617,9154,64590,101249.75,78874.45549428048,78764.26615838101,78250.1757250396,66427.56601817813,68230.83246173123,68509.81220461059,2025-10-13T20:00:00Z,causal-ridge-shortlag-v2,True
2025-10-13 20:00:00+00:00,SPP_NORTH_HUB,34692,2781,0,31911,46366.75,34578.412947108176,34186.60544536722,33580.822978762626,31602.28263910023,30731.490079475727,29586.73752586188,2025-10-13T20:00:00Z,causal-ridge-shortlag-v2,True
2025-10-13 21:00:00+00:00,CAISO_NP15,27609,3075,12290,12244,33983.0,27574.367496492247,27764.860279702585,28053.26969104556,13441.626156508864,14757.06731248822,16884.054961637958,2025-10-13T21:00:00Z,causal-ridge-shortlag-v2,True
2025-10-13 21:00:00+00:00,ISONE_NEMA,14281,725,19,13537,18007.25,14507.558708598845,14283.903139377113,13760.570705971266,13783.7682142681,13556.740587292064,13015.783872229496,2025-10-13T21:00:00Z,causal-ridge-shortlag-v2,True
2025-10-13 21:00:00+00:00,MISO_MINN_HUB,79255,4341,7805,67109,101249.75,79609.10447005986,79097.4112892899,77845.08548281339,68849.63029992004,69367.72702215797,68758.65206082509,2025-10-13T21:00:00Z,causal-ridge-shortlag-v2,True
2025-10-13 21:00:00+00:00,SPP_NORTH_HUB,34745,2986,0,31759,46366.75,34579.01906513673,34129.34801682443,33465.160896880305,30962.463189399103,29748.648550328155,28386.45956745546,2025-10-13T21:00:00Z,causal-ridge-shortlag-v2,True
2025-10-13 22:00:00+00:00,CAISO_NP15,27215,3144,11696,12375,33983.0,27199.245847931783,27388.44828864353,27743.18301954037,13684.003442187885,15351.509147106846,17919.852080427183,2025-10-13T22:00:00Z,causal-ridge-shortlag-v2,True
2025-10-13 22:00:00+00:00,ISONE_NEMA,14480,723,0,13757,18007.25,14253.503089585232,13736.671955749383,13119.087484587882,13530.173400396256,13003.08150364494,12379.982374947976,2025-10-13T22:00:00Z,causal-ridge-shortlag-v2,True
2025-10-13 22:00:00+00:00,MISO_MINN_HUB,79720,4163,3629,71928,101249.75,79805.85677346431,78656.37408238853,76312.74901655522,74321.84416050967,73933.49091969857,70811.94746152745,2025-10-13T22:00:00Z,causal-ridge-shortlag-v2,True
2025-10-13 22:00:00+00:00,SPP_NORTH_HUB,34652,3342,0,31310,46366.75,34383.465418071224,33854.752182840355,33125.910852893205,30350.433394705447,28987.118857098623,27511.133252383966,2025-10-13T22:00:00Z,causal-ridge-shortlag-v2,True
2025-10-13 23:00:00+00:00,CAISO_NP15,26308,3128,10395,12785,33983.0,26157.286823486684,26415.82739920534,26900.409117976025,14754.133255911736,16480.60039639336,19226.851344912066,2025-10-13T23:00:00Z,causal-ridge-shortlag-v2,True
2025-10-13 23:00:00+00:00,ISONE_NEMA,14078,832,0,13246,18007.25,13356.1692921683,12629.628289595032,12061.366708127834,12464.864977790168,11725.608352314912,11172.68033958066,2025-10-13T23:00:00Z,causal-ridge-shortlag-v2,True
2025-10-13 23:00:00+00:00,MISO_MINN_HUB,79357,4847,177,74333,101249.75,78035.37116312592,75566.11122934321,72051.00616926549,73501.14765780437,69688.55750570705,65489.81144154278,2025-10-13T23:00:00Z,causal-ridge-shortlag-v2,True
2025-10-13 23:00:00+00:00,SPP_NORTH_HUB,34489,3763,0,30726,46366.75,34178.1310171305,33617.28340022062,32868.13856869777,29675.379728753083,28228.60218875543,26711.111390263664,2025-10-13T23:00:00Z,causal-ridge-shortlag-v2,True
2025-10-14 00:00:00+00:00,CAISO_NP15,26007,2822,7034,16151,33983.0,26427.401401929328,26930.08722640558,27419.275104967408,19577.93807862351,20804.80494805311,22928.31827362926,2025-10-14T00:00:00Z,causal-ridge-shortlag-v2,True
2025-10-14 00:00:00+00:00,ISONE_NEMA,13424,858,0,12566,18007.25,12786.847404322536,12266.556952725348,11868.248068108182,11926.95384308614,11427.228543519805,11059.39183644322,2025-10-14T00:00:00Z,causal-ridge-shortlag-v2,True
2025-10-14 00:00:00+00:00,MISO_MINN_HUB,78575,6813,0,71762,101249.75,76291.77186881372,73116.6547079403,69995.78038808213,67731.41338687,64046.351693310135,60814.87126836868,2025-10-14T00:00:00Z,causal-ridge-shortlag-v2,True
2025-10-14 00:00:00+00:00,SPP_NORTH_HUB,34464,4194,0,30270,46366.75,34223.58419743163,33700.15526726967,32966.93427998772,29268.075927328216,27863.59572307513,26411.34936133728,2025-10-14T00:00:00Z,causal-ridge-shortlag-v2,True
2025-10-14 01:00:00+00:00,CAISO_NP15,26080,2457,1789,21834,33983.0,26991.435486842223,27596.509715524528,27678.36660921556,25388.12291827933,25443.13294508965,25812.83433656345,2025-10-14T01:00:00Z,causal-ridge-shortlag-v2,True
2025-10-14 01:00:00+00:00,ISONE_NEMA,12760,850,0,11910,18007.25,12228.144852775731,11862.358019744275,11655.122109937034,11398.624790783344,11067.437627243791,10895.244035909156,2025-10-14T01:00:00Z,causal-ridge-shortlag-v2,True
2025-10-14 01:00:00+00:00,MISO_MINN_HUB,75582,8777,0,66805,101249.75,71809.6217854167,68120.05966439271,64955.456699135066,61701.57650096137,57999.9650638286,55049.78985528185,2025-10-14T01:00:00Z,causal-ridge-shortlag-v2,True
2025-10-14 01:00:00+00:00,SPP_NORTH_HUB,33729,4749,0,28980,46366.75,33073.039043571225,32308.16364733207,31491.79943093757,27729.689994190725,26247.61567316924,24775.32116317662,2025-10-14T01:00:00Z,causal-ridge-shortlag-v2,True
2025-10-14 02:00:00+00:00,CAISO_NP15,26782,2198,15,24569,33983.0,27535.11309435423,27563.47716322987,26985.86421482365,25120.374671288693,25273.972156445787,24851.519264804687,2025-10-14T02:00:00Z,causal-ridge-shortlag-v2,True
2025-10-14 02:00:00+00:00,ISONE_NEMA,11819,859,0,10960,18007.25,11117.2711761895,10813.040892120993,10834.576989022433,10268.050151590636,9999.502485860254,10068.218071463563,2025-10-14T02:00:00Z,causal-ridge-shortlag-v2,True
2025-10-14 02:00:00+00:00,MISO_MINN_HUB,71987,10185,2,61800,101249.75,68471.85414350538,65275.59711847534,62798.539036790855,57599.92398500008,54469.55555860217,51692.01750954219,2025-10-14T02:00:00Z,causal-ridge-shortlag-v2,True
2025-10-14 02:00:00+00:00,SPP_NORTH_HUB,32533,5480,0,27053,46366.75,31643.929859727472,30783.179056584137,29986.1258053868,25581.831132719613,24014.13869377987,22605.4859312948,2025-10-14T02:00:00Z,causal-ridge-shortlag-v2,True
2025-10-14 03:00:00+00:00,CAISO_NP15,26760,2161,0,24599,33983.0,26630.716473545424,26145.73812007317,25309.41792340253,23952.70260925496,23726.596854765783,23114.669402766,2025-10-14T03:00:00Z,causal-ridge-shortlag-v2,True
2025-10-14 03:00:00+00:00,ISONE_NEMA,10902,855,0,10047,18007.25,10456.917490032403,10478.25341611557,10742.069104634644,9633.36781752077,9703.089577576531,10009.972027406267,2025-10-14T03:00:00Z,causal-ridge-shortlag-v2,True
2025-10-14 03:00:00+00:00,MISO_MINN_HUB,68251,10208,1,58042,101249.75,65122.84416386556,62691.565487860615,60861.940526290855,55258.1697558996,52801.2572208228,51063.764845048274,2025-10-14T03:00:00Z,causal-ridge-shortlag-v2,True
2025-10-14 03:00:00+00:00,SPP_NORTH_HUB,30954,6352,0,24602,46366.75,29883.540793513217,28959.66221838967,28201.32503135673,22968.36867663855,21429.44602974148,20218.62958466423,2025-10-14T03:00:00Z,causal-ridge-shortlag-v2,True
2025-10-14 04:00:00+00:00,CAISO_NP15,26055,2265,0,23790,33983.0,25369.13285539305,24483.54239273274,23447.681653695945,23075.42233521372,22614.97842694265,21910.2944143394,2025-10-14T04:00:00Z,causal-ridge-shortlag-v2,True
2025-10-14 04:00:00+00:00,ISONE_NEMA,10312,820,0,9492,18007.25,10207.644566795534,10467.93552947387,10888.294761748926,9435.466793976895,9745.031335586658,10197.457942916812,2025-10-14T04:00:00Z,causal-ridge-shortlag-v2,True
2025-10-14 04:00:00+00:00,MISO_MINN_HUB,64958,10144,0,54814,101249.75,62507.6856778789,60981.73137993943,60201.792079253,52717.58598398041,51002.93190783612,50399.35919782061,2025-10-14T04:00:00Z,causal-ridge-shortlag-v2,True
2025-10-14 04:00:00+00:00,SPP_NORTH_HUB,29420,6675,0,22745,46366.75,28449.963670596226,27678.555255362404,27097.558111718485,21529.52079868329,20332.97303495139,19488.815123795863,2025-10-14T04:00:00Z,causal-ridge-shortlag-v2,True
2025-10-14 05:00:00+00:00,CAISO_NP15,25242,2226,0,23016,33983.0,24440.078842494608,23485.79228796638,22534.943182047413,22497.98254025405,22187.70921787686,21660.40184241654,2025-10-14T05:00:00Z,causal-ridge-shortlag-v2,True
2025-10-14 05:00:00+00:00,ISONE_NEMA,10253,740,0,9513,18007.25,10596.380929961686,11073.555384112382,11508.659408553478,9922.537413732614,10440.66880874764,10883.721895703016,2025-10-14T05:00:00Z,causal-ridge-shortlag-v2,True
2025-10-14 05:00:00+00:00,MISO_MINN_HUB,62266,10287,0,51979,101249.75,60583.69919368739,59965.92771065555,60273.32513256758,50492.81613628697,49950.54348169707,50343.78814665656,2025-10-14T05:00:00Z,causal-ridge-shortlag-v2,True
2025-10-14 05:00:00+00:00,SPP_NORTH_HUB,28291,6723,0,21568,46366.75,26619.050486045257,25593.473489877197,25340.28730388729,19256.4399840048,18843.89150530878,19204.870058127384,2025-10-14T05:00:00Z,causal-ridge-shortlag-v2,True
2025-10-14 06:00:00+00:00,CAISO_NP15,24185,2618,0,21567,33983.0,23294.11361611664,22506.718546333905,21919.51371106088,21011.42581928524,21046.26495612697,20873.065653738777,2025-10-14T06:00:00Z,causal-ridge-shortlag-v2,True
2025-10-14 06:00:00+00:00,ISONE_NEMA,10071,644,0,9427,18007.25,10101.523669308132,10440.836966631465,10946.05522401444,9493.343584924363,9852.258318939872,10366.267452817674,2025-10-14T06:00:00Z,causal-ridge-shortlag-v2,True
2025-10-14 06:00:00+00:00,MISO_MINN_HUB,60394,10435,0,49959,101249.75,59685.22048652425,60000.92943306431,61218.85447849872,49330.12507296672,49669.85768162743,50537.08853413438,2025-10-14T06:00:00Z,causal-ridge-shortlag-v2,True
2025-10-14 06:00:00+00:00,SPP_NORTH_HUB,27571,7194,0,20377,46366.75,27130.94836241146,27016.59594147982,27228.083603219675,19701.15308202403,19560.656100907683,19878.46062119378,2025-10-14T06:00:00Z,causal-ridge-shortlag-v2,True
2025-10-14 07:00:00+00:00,CAISO_NP15,22857,2534,0,20323,33983.0,21998.03106727028,21588.27255571473,21566.410186206387,20331.431352385203,20433.09975270542,20384.987748581105,2025-10-14T07:00:00Z,causal-ridge-shortlag-v2,True
2025-10-14 07:00:00+00:00,ISONE_NEMA,10034,526,0,9508,18007.25,10369.086384619111,10915.99304176992,11404.758468132975,9890.00871052035,10453.220565465686,10928.391216393573,2025-10-14T07:00:00Z,causal-ridge-shortlag-v2,True
2025-10-14 07:00:00+00:00,MISO_MINN_HUB,59509,10216,0,49293,101249.75,59818.604372105285,61011.7208887686,62935.74378060183,49698.545196249455,50792.67476743968,52145.625236570384,2025-10-14T07:00:00Z,causal-ridge-shortlag-v2,True
2025-10-14 07:00:00+00:00,SPP_NORTH_HUB,27064,7267,0,19797,46366.75,26902.900763810816,27101.491425076936,27615.721252585885,19776.764972783138,20160.168509812927,20873.288061493047,2025-10-14T07:00:00Z,causal-ridge-shortlag-v2,True
2025-10-14 08:00:00+00:00,CAISO_NP15,22184,2133,0,20051,33983.0,21930.55369341024,21912.07676315459,22229.13664957452,20597.97789846294,20617.828709716483,20468.810641343534,2025-10-14T08:00:00Z,causal-ridge-shortlag-v2,True
2025-10-14 08:00:00+00:00,ISONE_NEMA,10241,475,0,9766,18007.25,10641.275380529967,11116.77204473181,11538.85084343024,10175.969436630803,10638.800056531772,11024.298603778903,2025-10-14T08:00:00Z,causal-ridge-shortlag-v2,True
2025-10-14 08:00:00+00:00,MISO_MINN_HUB,59166,9955,0,49211,101249.75,59972.911132893285,61656.34671471557,63895.05432773066,49774.94745188709,50769.98698841882,52344.10754180204,2025-10-14T08:00:00Z,causal-ridge-shortlag-v2,True
2025-10-14 08:00:00+00:00,SPP_NORTH_HUB,26853,6675,0,20178,46366.75,26976.780504974253,27450.72463853674,28218.02585963811,20789.221343603152,21640.08478652497,22702.2097336236,2025-10-14T08:00:00Z,causal-ridge-shortlag-v2,True
2025-10-14 09:00:00+00:00,CAISO_NP15,21482,1880,0,19602,33983.0,21333.56692327913,21678.33756227869,22395.96015699577,19889.73484935492,19820.262510905646,19594.37165695372,2025-10-14T09:00:00Z,causal-ridge-shortlag-v2,True
2025-10-14 09:00:00+00:00,ISONE_NEMA,10496,476,0,10020,18007.25,10808.682571509613,11099.468826382785,11329.497538094658,10295.896926589045,10533.730752604197,10702.086983065718,2025-10-14T09:00:00Z,causal-ridge-shortlag-v2,True
2025-10-14 09:00:00+00:00,MISO_MINN_HUB,60231,9883,1,50347,101249.75,62265.943347352346,64605.22787101749,67343.29282575435,51843.62279692812,53754.1850138683,55086.533119327854,2025-10-14T09:00:00Z,causal-ridge-shortlag-v2,True
2025-10-14 09:00:00+00:00,SPP_NORTH_HUB,27035,6728,0,20307,46366.75,27507.60573797518,28228.559048161955,29166.682618116105,20887.50720921364,21857.479327448986,23080.360435127688,2025-10-14T09:00:00Z,causal-ridge-shortlag-v2,True
2025-10-14 10:00:00+00:00,CAISO_NP15,21096,1872,0,19224,33983.0,21341.167845679527,22042.84163100687,23073.82142939752,19590.55320345649,19174.190797656305,18668.63886136641,2025-10-14T10:00:00Z,causal-ridge-shortlag-v2,True
2025-10-14 10:00:00+00:00,ISONE_NEMA,11849,474,0,11375,18007.25,13038.314096507514,13616.491706915243,13660.910213146535,12569.382799755607,13101.043440332263,13045.41312836946,2025-10-14T10:00:00Z,causal-ridge-shortlag-v2,True
2025-10-14 10:00:00+00:00,MISO_MINN_HUB,62790,10538,0,52252,101249.75,65731.3744526053,68416.75578213572,70972.49576568363,54000.1456916805,55302.13718022972,56117.90992912035,2025-10-14T10:00:00Z,causal-ridge-shortlag-v2,True
2025-10-14 10:00:00+00:00,SPP_NORTH_HUB,27939,6757,0,21182,46366.75,28930.596416217777,29953.59384810772,30977.004103917665,22286.365198671825,23528.980856736856,24865.889608396432,2025-10-14T10:00:00Z,causal-ridge-shortlag-v2,True
2025-10-14 11:00:00+00:00,CAISO_NP15,20967,1756,0,19211,33983.0,21478.71550390523,22435.785281131997,23620.476727912635,19406.913932738946,18621.864881172307,17771.013158757323,2025-10-14T11:00:00Z,causal-ridge-shortlag-v2,True
2025-10-14 11:00:00+00:00,ISONE_NEMA,12756,456,12,12288,18007.25,13066.092065709056,13068.792363106686,12969.41480954712,12537.522020529024,12437.92218855945,12239.058119239538,2025-10-14T11:00:00Z,causal-ridge-shortlag-v2,True
2025-10-14 11:00:00+00:00,MISO_MINN_HUB,67111,10673,1,56437,101249.75,71322.4724341774,74360.29008722761,76594.28797387224,59574.66669691109,61226.838779809455,60946.27591367926,2025-10-14T11:00:00Z,causal-ridge-shortlag-v2,True
2025-10-14 11:00:00+00:00,SPP_NORTH_HUB,29636,7395,0,22241,46366.75,31148.2169496944,32396.57704401011,33407.014151181604,23428.48410153137,24710.750892184613,25999.85692038302,2025-10-14T11:00:00Z,causal-ridge-shortlag-v2,True
2025-10-14 12:00:00+00:00,CAISO_NP15,21017,1877,0,19140,33983.0,21841.84640748343,22966.31603858183,24180.037120019693,18920.36057820584,17791.154042019567,16621.661636637622,2025-10-14T12:00:00Z,causal-ridge-shortlag-v2,True
2025-10-14 12:00:00+00:00,ISONE_NEMA,12866,411,78,12377,18007.25,12764.803689062912,12582.443677177867,12295.711060470829,12175.898926938553,11885.194530657713,11509.058902593017,2025-10-14T12:00:00Z,causal-ridge-shortlag-v2,True
2025-10-14 12:00:00+00:00,MISO_MINN_HUB,69350,10277,565,58508,101249.75,71194.77680729114,72805.64092441986,73456.67537956701,58597.98080097587,56839.148825059885,56552.796581603805,2025-10-14T12:00:00Z,causal-ridge-shortlag-v2,True
2025-10-14 12:00:00+00:00,SPP_NORTH_HUB,30939,8544,5,22390,46366.75,32057.74056834084,32978.25360401749,33739.705528151026,23137.41116427532,24221.5799869359,25259.03022222365,2025-10-14T12:00:00Z,causal-ridge-shortlag-v2,True
2025-10-14 13:00:00+00:00,CAISO_NP15,21814,1730,0,20084,33983.0,22880.166859071425,24106.583457613757,25244.282528830776,19755.37573248452,18104.986908236628,16381.189135534018,2025-10-14T13:00:00Z,causal-ridge-shortlag-v2,True
2025-10-14 13:00:00+00:00,ISONE_NEMA,12659,373,170,12116,18007.25,12493.02123880456,12300.978480847294,12030.394477928445,11865.433867643498,11590.94732650658,11253.072657185474,2025-10-14T13:00:00Z,causal-ridge-shortlag-v2,True
2025-10-14 13:00:00+00:00,MISO_MINN_HUB,69706,10009,5282,54415,101249.75,69736.29221417365,70274.262533794,71497.4329259509,50853.71995976496,49746.502084785614,51098.781159714825,2025-10-14T13:00:00Z,causal-ridge-shortlag-v2,True
2025-10-14 13:00:00+00:00,SPP_NORTH_HUB,31352,9619,115,21618,46366.75,31842.743253092536,32372.30129458388,32934.367097112234,21948.175153748605,22681.70421327489,23391.47479634442,2025-10-14T13:00:00Z,causal-ridge-shortlag-v2,True
2025-10-14 14:00:00+00:00,CAISO_NP15,23696,1543,0,22153,33983.0,25239.53131248835,26415.81149311429,27101.094585653373,21518.06444175317,19146.692765426757,16658.92172285856,2025-10-14T14:00:00Z,causal-ridge-shortlag-v2,True
2025-10-14 14:00:00+00:00,ISONE_NEMA,12368,321,282,11765,18007.25,12136.61073948928,11927.994861269612,11787.426738190485,11466.7281487543,11201.283782452823,11026.986130756011,2025-10-14T14:00:00Z,causal-ridge-shortlag-v2,True
2025-10-14 14:00:00+00:00,MISO_MINN_HUB,70901,8801,9004,53096,101249.75,72558.53180862298,74056.32613652352,76311.78840721237,53873.792338851,57738.25034964301,59452.18417659732,2025-10-14T14:00:00Z,causal-ridge-shortlag-v2,True
2025-10-14 14:00:00+00:00,SPP_NORTH_HUB,32009,9192,412,22405,46366.75,32654.213899202583,33296.53436141371,33878.60058795643,23387.41543794451,24287.841230106325,25022.09360322658,2025-10-14T14:00:00Z,causal-ridge-shortlag-v2,True
2025-10-14 15:00:00+00:00,CAISO_NP15,25113,1508,1722,21883,33983.0,26254.421101083823,26973.805802492887,27208.29610038972,19462.64378669237,17048.7232830619,14723.297258299335,2025-10-14T15:00:00Z,causal-ridge-shortlag-v2,True
2025-10-14 15:00:00+00:00,ISONE_NEMA,12178,270,339,11569,18007.25,12086.65785887433,12028.695396346897,12036.818276786216,11453.894128560778,11371.651280765256,11371.475299275146,2025-10-14T15:00:00Z,causal-ridge-shortlag-v2,True
2025-10-14 15:00:00+00:00,MISO_MINN_HUB,72505,8309,9530,54666,101249.75,74456.75814509338,76250.02075442168,77341.34217438298,57082.05116188689,58343.07378212461,59872.07824813196,2025-10-14T15:00:00Z,causal-ridge-shortlag-v2,True
2025-10-14 15:00:00+00:00,SPP_NORTH_HUB,32908,9235,456,23217,46366.75,33650.45412729232,34221.87152281305,34626.404289214275,23969.991856041503,24675.696553551414,25241.487757963358,2025-10-14T15:00:00Z,causal-ridge-shortlag-v2,True
2025-10-14 16:00:00+00:00,CAISO_NP15,25856,1460,5813,18583,33983.0,26644.11416944628,26742.341346207257,26653.669313914765,15526.087296405289,13466.53896680898,12398.060423565752,2025-10-14T16:00:00Z,causal-ridge-shortlag-v2,True
2025-10-14 16:00:00+00:00,ISONE_NEMA,11991,265,346,11380,18007.25,11897.345137585064,11890.707142267578,11989.833845041729,11270.4711124723,11253.077609783038,11360.139058254688,2025-10-14T16:00:00Z,causal-ridge-shortlag-v2,True
2025-10-14 16:00:00+00:00,MISO_MINN_HUB,74125,8318,9910,55897,101249.75,75772.27487418256,77243.16211235122,78100.33530153435,57578.50565099784,58108.165460491095,59345.63870759405,2025-10-14T16:00:00Z,causal-ridge-shortlag-v2,True
2025-10-14 16:00:00+00:00,SPP_NORTH_HUB,33817,9640,576,23601,46366.75,34554.27394198598,35109.996509453034,35457.833845429086,24198.88056222992,24674.390784778097,24933.79252746047,2025-10-14T16:00:00Z,causal-ridge-shortlag-v2,True
2025-10-14 17:00:00+00:00,CAISO_NP15,25930,1270,7134,17526,33983.0,26006.58374229873,26086.77789877178,26156.096962215244,16530.718915430778,14199.755527057603,13480.90695449802,2025-10-14T17:00:00Z,causal-ridge-shortlag-v2,True
2025-10-14 17:00:00+00:00,ISONE_NEMA,12049,308,300,11441,18007.25,12159.223154898207,12241.001545235877,12343.146335141531,11552.480173177164,11642.618301838636,11762.898350525553,2025-10-14T17:00:00Z,causal-ridge-shortlag-v2,True
2025-10-14 17:00:00+00:00,MISO_MINN_HUB,75799,8625,10168,57006,101249.75,77312.17472490911,78421.70468826462,79214.0166367665,58648.68130498096,60453.89057272568,61951.0065008684,2025-10-14T17:00:00Z,causal-ridge-shortlag-v2,True
2025-10-14 17:00:00+00:00,SPP_NORTH_HUB,34830,10328,532,23970,46366.75,35562.96277572879,36021.2727507892,36190.302820867335,24432.443008269514,24645.36699756363,24602.04145708132,2025-10-14T17:00:00Z,causal-ridge-shortlag-v2,True
2025-10-14 18:00:00+00:00,CAISO_NP15,26548,1638,8247,16663,33983.0,26963.93510258473,26886.806047210357,26685.241938548286,15449.824196356954,14149.587191839531,14201.102495401035,2025-10-14T18:00:00Z,causal-ridge-shortlag-v2,True
2025-10-14 18:00:00+00:00,ISONE_NEMA,12121,308,239,11574,18007.25,12237.17413445194,12358.624584949215,12454.100943483869,11719.313323652214,11854.868635131104,11967.174259251136,2025-10-14T18:00:00Z,causal-ridge-shortlag-v2,True
2025-10-14 18:00:00+00:00,MISO_MINN_HUB,77449,8314,10295,58840,101249.75,78860.17446549883,79676.02860559522,79951.99566120344,60959.82650311507,62820.4583429088,64044.74953549453,2025-10-14T18:00:00Z,causal-ridge-shortlag-v2,True
2025-10-14 18:00:00+00:00,SPP_NORTH_HUB,35991,10471,616,24904,46366.75,36751.52333821266,37174.77269290203,37241.21616838637,25499.692671550107,25626.976797574796,25382.18264544674,2025-10-14T18:00:00Z,causal-ridge-shortlag-v2,True
2025-10-14 19:00:00+00:00,CAISO_NP15,26578,1536,9001,16041,33983.0,26672.03127958429,26746.64588419879,26803.379101642728,15509.914303375195,14689.635144083502,15295.718271254978,2025-10-14T19:00:00Z,causal-ridge-shortlag-v2,True
2025-10-14 19:00:00+00:00,ISONE_NEMA,12478,304,174,12000,18007.25,12826.302170189469,12983.439283959144,12953.651402200096,12389.236229530969,12569.436058709922,12550.559204333284,2025-10-14T19:00:00Z,causal-ridge-shortlag-v2,True
2025-10-14 19:00:00+00:00,MISO_MINN_HUB,78583,8669,10224,59690,101249.75,79206.69191670483,79359.7245695664,78996.28778069974,60757.23928209416,61388.38882077076,62409.26522988015,2025-10-14T19:00:00Z,causal-ridge-shortlag-v2,True
2025-10-14 19:00:00+00:00,SPP_NORTH_HUB,36822,10574,670,25578,46366.75,37287.544535730194,37459.604151348045,37330.58848043695,25884.585339898324,25779.70496224319,25283.95719868135,2025-10-14T19:00:00Z,causal-ridge-shortlag-v2,True
2025-10-14 20:00:00+00:00,CAISO_NP15,27459,1271,10529,15659,33983.0,27846.8466277882,27881.50615006984,27810.006164440983,15545.551501482138,15529.043860246216,16639.11157953958,2025-10-14T20:00:00Z,causal-ridge-shortlag-v2,True
2025-10-14 20:00:00+00:00,ISONE_NEMA,13048,312,88,12648,18007.25,13381.828033613132,13378.067861190157,13163.978888558351,13023.892717307554,13038.498594468483,12829.665616332271,2025-10-14T20:00:00Z,causal-ridge-shortlag-v2,True
2025-10-14 20:00:00+00:00,MISO_MINN_HUB,79593,8780,9838,60975,101249.75,80154.37948346825,80024.64444734385,79489.2947856611,62547.57035646504,63940.15245878003,64352.1521313666,2025-10-14T20:00:00Z,causal-ridge-shortlag-v2,True
2025-10-14 20:00:00+00:00,SPP_NORTH_HUB,37529,10045,735,26749,46366.75,37823.32655826039,37840.32650853369,37560.71586101727,27129.934702702056,26902.5625302299,26205.463033662185,2025-10-14T20:00:00Z,causal-ridge-shortlag-v2,True
2025-10-14 21:00:00+00:00,CAISO_NP15,27708,1456,11644,14608,33983.0,27713.46545030035,27662.70805864988,27524.81355951412,14640.5726104191,15350.500103290386,16993.46488289079,2025-10-14T21:00:00Z,causal-ridge-shortlag-v2,True
2025-10-14 21:00:00+00:00,ISONE_NEMA,13783,327,27,13429,18007.25,14128.80883960352,13983.600732828963,13526.543607184374,13803.243301258792,13662.054186121326,13191.058073110204,2025-10-14T21:00:00Z,causal-ridge-shortlag-v2,True
2025-10-14 21:00:00+00:00,MISO_MINN_HUB,80279,9264,8053,62962,101249.75,80437.07799145677,79776.32225378967,78367.35537411775,64546.59478772233,64878.09874276561,64358.615494138445,2025-10-14T21:00:00Z,causal-ridge-shortlag-v2,True
2025-10-14 21:00:00+00:00,SPP_NORTH_HUB,37919,9338,749,27832,46366.75,37942.23175404123,37710.75887863373,37224.71354544129,27978.1779074573,27515.470111203525,26602.68443906761,2025-10-14T21:00:00Z,causal-ridge-shortlag-v2,True
2025-10-14 22:00:00+00:00,CAISO_NP15,28386,1672,12729,13985,33983.0,28375.397152689984,28133.505279721558,27830.05088074895,14734.789230383718,16159.076120607067,18135.365705914788,2025-10-14T22:00:00Z,causal-ridge-shortlag-v2,True
2025-10-14 22:00:00+00:00,ISONE_NEMA,14293,344,0,13949,18007.25,14298.888598871872,13912.85527001394,13325.56977038756,13960.27303557586,13565.612894190348,12962.328660597836,2025-10-14T22:00:00Z,causal-ridge-shortlag-v2,True
2025-10-14 22:00:00+00:00,MISO_MINN_HUB,80044,9636,3277,67131,101249.75,79566.66851703005,77987.94334709263,75205.16240844065,69024.95769782072,68001.7990147208,64831.3972862712,2025-10-14T22:00:00Z,causal-ridge-shortlag-v2,True
2025-10-14 22:00:00+00:00,SPP_NORTH_HUB,37727,8544,568,28615,46366.75,37284.82201765955,36642.5388598783,35823.344489087285,28468.42707803597,27669.75857246124,26464.99760199518,2025-10-14T22:00:00Z,causal-ridge-shortlag-v2,True
2025-10-14 23:00:00+00:00,CAISO_NP15,27997,2314,11207,14476,33983.0,27532.31917036858,27289.80385729769,27059.624252363534,16157.150151899208,17717.196403372458,19764.71327260616,2025-10-14T23:00:00Z,causal-ridge-shortlag-v2,True
2025-10-14 23:00:00+00:00,ISONE_NEMA,14038,380,0,13658,18007.25,13369.20511522073,12653.400405218525,12040.339181978849,12948.262611515747,12212.369886956669,11599.902481584932,2025-10-14T23:00:00Z,causal-ridge-shortlag-v2,True
2025-10-14 23:00:00+00:00,MISO_MINN_HUB,79352,9798,149,69405,101249.75,77856.37007383912,75120.54570752685,71376.8262581705,68680.2474884982,64999.28896840361,60849.63587103596,2025-10-14T23:00:00Z,causal-ridge-shortlag-v2,True
2025-10-14 23:00:00+00:00,SPP_NORTH_HUB,36968,8208,144,28616,46366.75,36047.890119989774,34902.02611129824,33630.69735317677,27833.01587872933,26495.962553219357,24958.17468477732,2025-10-14T23:00:00Z,causal-ridge-shortlag-v2,True
2025-10-15 00:00:00+00:00,CAISO_NP15,26461,2419,7897,16145,33983.0,26122.219301343157,26000.33990746548,25918.84681095133,18601.35331845174,19952.572392579787,21662.22279147696,2025-10-15T00:00:00Z,causal-ridge-shortlag-v2,True
2025-10-15 00:00:00+00:00,ISONE_NEMA,13463,404,0,13059,18007.25,12823.074197938064,12221.046758419649,11671.452602721163,12401.984518930967,11798.253182657294,11250.815945376846,2025-10-15T00:00:00Z,causal-ridge-shortlag-v2,True
2025-10-15 00:00:00+00:00,MISO_MINN_HUB,78082,9619,0,68463,101249.75,75632.70995337552,72263.22895145231,68698.58495213049,65599.8185690697,62400.11612716565,59266.623637315184,2025-10-15T00:00:00Z,causal-ridge-shortlag-v2,True
2025-10-15 00:00:00+00:00,SPP_NORTH_HUB,36303,10571,0,25732,46366.75,35425.63058770729,34217.493363291345,32868.73805231851,23270.10031246574,21155.53171869309,19409.5273412833,2025-10-15T00:00:00Z,causal-ridge-shortlag-v2,True
2025-10-15 01:00:00+00:00,CAISO_NP15,25218,2144,2102,20972,33983.0,25205.90210841041,25309.352066516763,25294.890916348064,24040.000330181887,24585.863444723025,24968.74748405827,2025-10-15T01:00:00Z,causal-ridge-shortlag-v2,True
2025-10-15 01:00:00+00:00,ISONE_NEMA,12639,420,0,12219,18007.25,11876.784519104189,11299.78292542376,10924.500153099623,11446.995779800673,10874.510384119212,10510.45111191853,2025-10-15T01:00:00Z,causal-ridge-shortlag-v2,True
2025-10-15 01:00:00+00:00,MISO_MINN_HUB,75218,9430,0,65788,101249.75,71736.53937946771,68076.27159507659,64649.36783417575,62125.891183379936,58883.854373970185,56037.05143752372,2025-10-15T01:00:00Z,causal-ridge-shortlag-v2,True
2025-10-15 01:00:00+00:00,SPP_NORTH_HUB,35292,12967,0,22325,46366.75,34122.10880053452,32845.555053331285,31572.145088432208,19789.378361339102,17796.213527993554,16231.071745317808,2025-10-15T01:00:00Z,causal-ridge-shortlag-v2,True
2025-10-15 02:00:00+00:00,CAISO_NP15,25953,1974,32,23947,33983.0,26416.629061107215,26245.448822944563,25739.795737923923,24418.265436170088,25342.59153511697,25404.4397775562,2025-10-15T02:00:00Z,causal-ridge-shortlag-v2,True
2025-10-15 02:00:00+00:00,ISONE_NEMA,11593,498,0,11095,18007.25,10728.026000610642,10242.28390452945,10121.99196709367,10196.736541862872,9715.4147692641,9614.682377262843,2025-10-15T02:00:00Z,causal-ridge-shortlag-v2,True
2025-10-15 02:00:00+00:00,MISO_MINN_HUB,71688,9048,1,62639,101249.75,68204.29047705022,64916.13444093508,62151.5672979679,59299.662875440976,56450.336701789,53966.4013362988,2025-10-15T02:00:00Z,causal-ridge-shortlag-v2,True
2025-10-15 02:00:00+00:00,SPP_NORTH_HUB,33903,14360,0,19543,46366.75,32586.344266071672,31379.17649806116,30346.929001638782,17474.867615963794,15832.37067550732,14619.644516924713,2025-10-15T02:00:00Z,causal-ridge-shortlag-v2,True
2025-10-15 03:00:00+00:00,CAISO_NP15,26035,1908,0,24127,33983.0,25922.559926857677,25624.53438235665,25056.55031858378,23869.73100023009,24175.23886066545,24047.11312633298,2025-10-15T03:00:00Z,causal-ridge-shortlag-v2,True
2025-10-15 03:00:00+00:00,ISONE_NEMA,10915,587,0,10328,18007.25,10534.134921707564,10437.397804537151,10570.66645344009,9935.894828391332,9857.3607455752,10003.782968574224,2025-10-15T03:00:00Z,causal-ridge-shortlag-v2,True
2025-10-15 03:00:00+00:00,MISO_MINN_HUB,68097,8246,0,59851,101249.75,64991.3930025726,62409.00453187423,60436.38548287248,57308.8099789833,54982.5184975332,53148.05344166654,2025-10-15T03:00:00Z,causal-ridge-shortlag-v2,True
2025-10-15 03:00:00+00:00,SPP_NORTH_HUB,32019,15307,0,16712,46366.75,30474.738930372347,29271.55887187996,28452.951406292068,14748.602132095486,13388.187036579438,12574.625139811282,2025-10-15T03:00:00Z,causal-ridge-shortlag-v2,True
2025-10-15 04:00:00+00:00,CAISO_NP15,25384,1928,0,23456,33983.0,24875.13754458676,24229.434743169582,23459.73958710157,23352.111657284822,23221.967419754616,22772.81824625668,2025-10-15T04:00:00Z,causal-ridge-shortlag-v2,True
2025-10-15 04:00:00+00:00,ISONE_NEMA,10521,712,0,9809,18007.25,10319.623793853782,10385.8357806784,10697.39525198222,9575.647708361636,9639.94838847498,9948.891391448393,2025-10-15T04:00:00Z,causal-ridge-shortlag-v2,True
2025-10-15 04:00:00+00:00,MISO_MINN_HUB,64440,7247,0,57193,101249.75,61642.01418840187,59769.63707275886,58640.32968477638,55012.61225328007,53134.0432743268,52209.88480673375,2025-10-15T04:00:00Z,causal-ridge-shortlag-v2,True
2025-10-15 04:00:00+00:00,SPP_NORTH_HUB,30168,14920,0,15248,46366.75,28783.727032524534,27854.768225773525,27365.61164493648,14200.312373071734,13464.785654560108,13197.16818637646,2025-10-15T04:00:00Z,causal-ridge-shortlag-v2,True
2025-10-15 05:00:00+00:00,CAISO_NP15,24810,2059,0,22751,33983.0,24181.92365622208,23407.75131337319,22651.09580778778,22703.367907010903,22745.457461633046,22448.84845189212,2025-10-15T05:00:00Z,causal-ridge-shortlag-v2,True
2025-10-15 05:00:00+00:00,ISONE_NEMA,10218,811,0,9407,18007.25,10171.597478818192,10394.78358752972,10758.806618111614,9325.83415595109,9533.033616755783,9879.055672747283,2025-10-15T05:00:00Z,causal-ridge-shortlag-v2,True
2025-10-15 05:00:00+00:00,MISO_MINN_HUB,62160,6163,0,55997,101249.75,60907.56738453772,60299.31005470928,60515.32376267511,55456.37580217766,55466.38449110121,55323.47462739231,2025-10-15T05:00:00Z,causal-ridge-shortlag-v2,True
2025-10-15 05:00:00+00:00,SPP_NORTH_HUB,28809,14859,0,13950,46366.75,27933.58515200483,27470.370442627565,27416.80041955956,13119.295897037511,12785.835086496014,13033.702115561153,2025-10-15T05:00:00Z,causal-ridge-shortlag-v2,True
2025-10-15 06:00:00+00:00,CAISO_NP15,23812,2265,0,21547,33983.0,23016.98295609037,22377.14429752569,21956.17603339211,21525.516661841644,21782.197136916133,21773.024833893385,2025-10-15T06:00:00Z,causal-ridge-shortlag-v2,True
2025-10-15 06:00:00+00:00,ISONE_NEMA,9991,822,0,9169,18007.25,10096.90507997691,10474.001590044923,10897.994436140716,9269.110321206766,9636.427747370504,10038.033289915636,2025-10-15T06:00:00Z,causal-ridge-shortlag-v2,True
2025-10-15 06:00:00+00:00,MISO_MINN_HUB,60267,5408,0,54859,101249.75,59343.87233999348,59396.00315772627,60073.44708471224,54155.37328181196,53524.15245828216,54046.24481810578,2025-10-15T06:00:00Z,causal-ridge-shortlag-v2,True
2025-10-15 06:00:00+00:00,SPP_NORTH_HUB,27875,14323,0,13552,46366.75,27404.27528278813,27357.23610107785,27688.356893567558,13486.01282372514,13840.215841918896,14640.706971461208,2025-10-15T06:00:00Z,causal-ridge-shortlag-v2,True
2025-10-15 07:00:00+00:00,CAISO_NP15,22661,2345,0,20316,33983.0,21961.186131797294,21643.750286180013,21720.112600488246,20727.140619031576,21065.94091877576,21214.408059821144,2025-10-15T07:00:00Z,causal-ridge-shortlag-v2,True
2025-10-15 07:00:00+00:00,ISONE_NEMA,9923,859,0,9064,18007.25,10144.48729711848,10563.512582714053,10993.434957331569,9265.275701544875,9665.72923686909,10064.004390581598,2025-10-15T07:00:00Z,causal-ridge-shortlag-v2,True
2025-10-15 07:00:00+00:00,MISO_MINN_HUB,59268,4659,0,54609,101249.75,59416.68114556415,60308.5362159904,61933.69805577796,54773.59852629876,55471.78143005508,56042.95843064763,2025-10-15T07:00:00Z,causal-ridge-shortlag-v2,True
2025-10-15 07:00:00+00:00,SPP_NORTH_HUB,27250,13777,0,13473,46366.75,27143.394548545755,27480.325453192643,28197.325835175947,13816.32709279795,14576.75435041324,15726.092645893425,2025-10-15T07:00:00Z,causal-ridge-shortlag-v2,True
2025-10-15 08:00:00+00:00,CAISO_NP15,22020,2213,0,19807,33983.0,21757.920405306755,21815.638554341404,22248.68109291158,20678.126930939245,20947.403023809456,21017.76002614434,2025-10-15T08:00:00Z,causal-ridge-shortlag-v2,True
2025-10-15 08:00:00+00:00,ISONE_NEMA,10156,820,0,9336,18007.25,10606.255326357466,11098.704077147986,11485.439159251306,9797.992615361574,10277.43225329578,10628.456595649075,2025-10-15T08:00:00Z,causal-ridge-shortlag-v2,True
2025-10-15 08:00:00+00:00,MISO_MINN_HUB,58612,3849,0,54763,101249.75,59094.41215101069,60384.94922202775,62183.654077825,54958.42870804071,55190.94543331317,55819.48372691869,2025-10-15T08:00:00Z,causal-ridge-shortlag-v2,True
2025-10-15 08:00:00+00:00,SPP_NORTH_HUB,26947,13260,0,13687,46366.75,27180.39231251373,27844.96466553773,28851.42832322152,14415.048110871256,15492.412186711152,16886.55375481286,2025-10-15T08:00:00Z,causal-ridge-shortlag-v2,True
2025-10-15 09:00:00+00:00,CAISO_NP15,21388,1903,0,19485,33983.0,21290.66613719854,21680.61671821401,22447.9367341456,20232.710194045994,20357.38256882631,20221.40846943734,2025-10-15T09:00:00Z,causal-ridge-shortlag-v2,True
2025-10-15 09:00:00+00:00,ISONE_NEMA,10485,822,0,9663,18007.25,10832.303640782577,11154.57606974794,11419.86881899108,9981.982742373784,10263.419373873216,10478.67466003063,2025-10-15T09:00:00Z,causal-ridge-shortlag-v2,True
2025-10-15 09:00:00+00:00,MISO_MINN_HUB,59541,3533,0,56008,101249.75,61388.15141628388,63381.17443393644,65720.7517475705,57114.413229481775,58232.467490019626,58613.1137861003,2025-10-15T09:00:00Z,causal-ridge-shortlag-v2,True
2025-10-15 09:00:00+00:00,SPP_NORTH_HUB,27120,12752,0,14368,46366.75,27731.90833278486,28688.75904780577,29903.23694655988,15423.739710922262,16807.936967111076,18445.268386921834,2025-10-15T09:00:00Z,causal-ridge-shortlag-v2,True
2025-10-15 10:00:00+00:00,CAISO_NP15,21137,2081,0,19056,33983.0,21411.29373252419,22083.06207395965,23090.36467167245,19619.27095142671,19510.630521723862,19148.365451263955,2025-10-15T10:00:00Z,causal-ridge-shortlag-v2,True
2025-10-15 10:00:00+00:00,ISONE_NEMA,11779,810,1,10968,18007.25,12920.67568428174,13386.076677216952,13291.6088740401,12113.23805302916,12537.637987514589,12358.823151793562,2025-10-15T10:00:00Z,causal-ridge-shortlag-v2,True
2025-10-15 10:00:00+00:00,MISO_MINN_HUB,62158,3286,0,58872,101249.75,65157.26154388164,67689.21173820054,69912.0596781807,60905.97440194683,61965.777125749024,62096.87267458124,2025-10-15T10:00:00Z,causal-ridge-shortlag-v2,True
2025-10-15 10:00:00+00:00,SPP_NORTH_HUB,28003,12107,0,15896,46366.75,29142.397615990565,30414.13876266,31745.63627809513,17473.71526075607,19146.95807156461,20916.860899128413,2025-10-15T10:00:00Z,causal-ridge-shortlag-v2,True
2025-10-15 11:00:00+00:00,CAISO_NP15,21087,2279,0,18808,33983.0,21578.292291188453,22481.544910429173,23625.15181427898,19223.63622752551,18718.5740892985,18006.416206537335,2025-10-15T11:00:00Z,causal-ridge-shortlag-v2,True
2025-10-15 11:00:00+00:00,ISONE_NEMA,12461,835,35,11591,18007.25,12526.771035283062,12285.90592088785,12000.003838654568,11569.047807020746,11226.50155641816,10859.065450376766,2025-10-15T11:00:00Z,causal-ridge-shortlag-v2,True
2025-10-15 11:00:00+00:00,MISO_MINN_HUB,66194,3381,0,62813,101249.75,69983.85703056384,72647.39310437904,74373.25360167098,65096.69388473011,65401.655065548286,64563.3445038135,2025-10-15T11:00:00Z,causal-ridge-shortlag-v2,True
2025-10-15 11:00:00+00:00,SPP_NORTH_HUB,29633,12274,0,17359,46366.75,31256.35770830169,32726.17725649322,34031.384682049924,18889.453839671456,20578.5553700112,22305.20216060891,2025-10-15T11:00:00Z,causal-ridge-shortlag-v2,True
2025-10-15 12:00:00+00:00,CAISO_NP15,20616,2354,0,18262,33983.0,21184.35504694173,22204.798315243832,23418.026446523363,18172.592755760503,17348.426068474262,16331.8142832641,2025-10-15T12:00:00Z,causal-ridge-shortlag-v2,True
2025-10-15 12:00:00+00:00,ISONE_NEMA,12077,799,173,11105,18007.25,11496.767829900537,11049.293226573322,10727.594095270042,10400.354888508717,9857.862397720935,9485.860881185949,2025-10-15T12:00:00Z,causal-ridge-shortlag-v2,True
2025-10-15 12:00:00+00:00,MISO_MINN_HUB,68536,3735,361,64440,101249.75,70357.45270171172,71747.28636440719,72268.20193361209,63902.19217375547,61626.22246115132,60361.09917493499,2025-10-15T12:00:00Z,causal-ridge-shortlag-v2,True
2025-10-15 12:00:00+00:00,SPP_NORTH_HUB,30892,12172,5,18715,46366.75,32126.301845400776,33275.219218784136,34318.13136295795,20234.967161271165,21860.4119369896,23335.655955196293,2025-10-15T12:00:00Z,causal-ridge-shortlag-v2,True
2025-10-15 13:00:00+00:00,CAISO_NP15,21076,1845,0,19231,33983.0,22144.537443374167,23358.032767232697,24569.335994072837,19355.422562235,18045.54632092441,16537.36285372009,2025-10-15T13:00:00Z,causal-ridge-shortlag-v2,True
2025-10-15 13:00:00+00:00,ISONE_NEMA,11762,702,321,10739,18007.25,11586.18110125378,11403.160234676028,11193.088113308284,10510.95664908397,10294.324759864896,10067.635532954831,2025-10-15T13:00:00Z,causal-ridge-shortlag-v2,True
2025-10-15 13:00:00+00:00,MISO_MINN_HUB,69701,3633,3319,62749,101249.75,70504.61662967148,71297.74949442569,72367.02136046288,60512.219335109534,59859.45017818872,60228.79225641383,2025-10-15T13:00:00Z,causal-ridge-shortlag-v2,True
2025-10-15 13:00:00+00:00,SPP_NORTH_HUB,31224,11533,194,19497,46366.75,31795.41589726305,32565.620447089765,33467.54988105289,20685.310310081684,22010.638726547848,23164.824850858346,2025-10-15T13:00:00Z,causal-ridge-shortlag-v2,True
2025-10-15 14:00:00+00:00,CAISO_NP15,23348,1788,0,21560,33983.0,24985.65089350689,26142.913249590587,26832.854475581,21180.810717043827,19300.9057429342,17043.8727937505,2025-10-15T14:00:00Z,causal-ridge-shortlag-v2,True
2025-10-15 14:00:00+00:00,ISONE_NEMA,11225,704,445,10076,18007.25,10686.53575081519,10362.531524341086,10396.915624505991,9459.190198486098,9107.593631138854,9164.419585617856,2025-10-15T14:00:00Z,causal-ridge-shortlag-v2,True
2025-10-15 14:00:00+00:00,MISO_MINN_HUB,70790,3601,5637,61552,101249.75,71951.6737197474,72988.18004480141,74242.93185745632,60896.67199740602,61907.87249214912,62327.15409570776,2025-10-15T14:00:00Z,causal-ridge-shortlag-v2,True
2025-10-15 14:00:00+00:00,SPP_NORTH_HUB,31884,8858,576,22450,46366.75,32746.062686934776,33758.05671295394,34766.05543528032,24690.117017083576,26257.177970604786,27375.03467336592,2025-10-15T14:00:00Z,causal-ridge-shortlag-v2,True
2025-10-15 15:00:00+00:00,CAISO_NP15,24582,1903,2790,19889,33983.0,25674.30434923246,26347.62172211149,26557.21122109221,17200.811939536346,15540.284525264926,13640.391223477674,2025-10-15T15:00:00Z,causal-ridge-shortlag-v2,True
2025-10-15 15:00:00+00:00,ISONE_NEMA,11346,709,464,10173,18007.25,11630.20147653499,11853.075380326503,12046.605781148812,10475.79497277392,10728.155576329573,10956.53574113828,2025-10-15T15:00:00Z,causal-ridge-shortlag-v2,True
2025-10-15 15:00:00+00:00,MISO_MINN_HUB,72031,3522,6973,61536,101249.75,73387.53211837009,74552.94972514761,75296.66872882357,61936.40123227836,62079.33249071991,62267.80493459864,2025-10-15T15:00:00Z,causal-ridge-shortlag-v2,True
2025-10-15 15:00:00+00:00,SPP_NORTH_HUB,32840,8319,643,23878,46366.75,33853.81705159725,34815.558422316215,35675.95773820794,24997.401886972944,25996.70875957522,26805.81103149416,2025-10-15T15:00:00Z,causal-ridge-shortlag-v2,True
2025-10-15 16:00:00+00:00,CAISO_NP15,25389,1829,10790,12770,33983.0,26000.337876193826,25975.927908547143,25875.97357340131,8872.328260361854,8775.586094540144,8744.700870129085,2025-10-15T16:00:00Z,causal-ridge-shortlag-v2,True
2025-10-15 16:00:00+00:00,ISONE_NEMA,11538,773,475,10290,18007.25,11616.952649115672,11754.67733787086,12083.368867990635,10352.757266979374,10507.149429542334,10882.452441212305,2025-10-15T16:00:00Z,causal-ridge-shortlag-v2,True
2025-10-15 16:00:00+00:00,MISO_MINN_HUB,73422,3288,7774,62360,101249.75,74822.67298955227,75930.49810755317,76455.57794560492,63324.74859745607,63824.3321256387,64442.02161014807,2025-10-15T16:00:00Z,causal-ridge-shortlag-v2,True
2025-10-15 16:00:00+00:00,SPP_NORTH_HUB,33985,9602,671,23712,46366.75,34987.60332582766,35859.10332468993,36555.44518359576,23975.37067074529,24543.87380842629,25028.580895867384,2025-10-15T16:00:00Z,causal-ridge-shortlag-v2,True
2025-10-15 17:00:00+00:00,CAISO_NP15,26576,2165,13993,10418,33983.0,26724.15373815244,26612.2365461292,26354.328127057022,10076.940147346037,9981.219790870648,9937.363399669604,2025-10-15T17:00:00Z,causal-ridge-shortlag-v2,True
2025-10-15 17:00:00+00:00,ISONE_NEMA,11122,789,508,9825,18007.25,10854.86830191984,10992.627959786563,11418.730228329472,9538.741181119629,9705.3115359832,10207.317437677422,2025-10-15T17:00:00Z,causal-ridge-shortlag-v2,True
2025-10-15 17:00:00+00:00,MISO_MINN_HUB,74781,3305,7736,63740,101249.75,76043.70229395281,76891.7902722234,77080.06720237028,64934.006429177054,65738.19109414713,66407.35923650635,2025-10-15T17:00:00Z,causal-ridge-shortlag-v2,True
2025-10-15 17:00:00+00:00,SPP_NORTH_HUB,35362,10644,680,24038,46366.75,36428.57385164109,37246.67463717487,37762.57300551521,24512.690871145813,25001.56130937614,25256.582994592434,2025-10-15T17:00:00Z,causal-ridge-shortlag-v2,True
2025-10-15 18:00:00+00:00,CAISO_NP15,26837,2224,15152,9461,33983.0,26810.03595433217,26353.162590639557,25674.02673695115,8851.303491893066,9997.82602964582,10419.3267394923,2025-10-15T18:00:00Z,causal-ridge-shortlag-v2,True
2025-10-15 18:00:00+00:00,ISONE_NEMA,10798,841,484,9473,18007.25,10909.301781826827,11289.035124553357,11707.598629387536,9603.600019860376,10043.299647477766,10539.957786111225,2025-10-15T18:00:00Z,causal-ridge-shortlag-v2,True
2025-10-15 18:00:00+00:00,MISO_MINN_HUB,76326,3179,8114,65033,101249.75,77534.5501919973,78141.10887241534,78096.56481561175,66183.48245769995,67043.22000324722,67587.77984554609,2025-10-15T18:00:00Z,causal-ridge-shortlag-v2,True
2025-10-15 18:00:00+00:00,SPP_NORTH_HUB,36746,11493,707,24546,46366.75,37763.95063417172,38413.668884606646,38675.65275541146,25010.150094257544,25273.95437365982,25206.689808174007,2025-10-15T18:00:00Z,causal-ridge-shortlag-v2,True
2025-10-15 19:00:00+00:00,CAISO_NP15,26918,2341,15977,8600,33983.0,26918.04474194595,26703.092243212737,26520.96863710491,8652.51492521028,10717.399680444272,12024.833029154335,2025-10-15T19:00:00Z,causal-ridge-shortlag-v2,True
2025-10-15 19:00:00+00:00,ISONE_NEMA,11157,975,323,9859,18007.25,11742.771967108216,12228.536609176012,12546.172055318844,10515.687014249295,11076.28759462954,11458.085227880803,2025-10-15T19:00:00Z,causal-ridge-shortlag-v2,True
2025-10-15 19:00:00+00:00,MISO_MINN_HUB,77459,3233,8218,66008,101249.75,78127.14883200506,78278.2757673496,77803.44745869761,66857.23720365335,67648.87925964459,68277.3022117286,2025-10-15T19:00:00Z,causal-ridge-shortlag-v2,True
2025-10-15 19:00:00+00:00,SPP_NORTH_HUB,37984,12037,756,25191,46366.75,38748.42112914976,39113.256082013,39074.82887456891,25546.176253788188,25556.502330628093,25143.91721111896,2025-10-15T19:00:00Z,causal-ridge-shortlag-v2,True
2025-10-15 20:00:00+00:00,CAISO_NP15,25901,2436,15958,7507,33983.0,25775.446365359432,25649.888544382902,25683.82147745822,8051.507013478791,10630.249893149004,12664.055826432612,2025-10-15T20:00:00Z,causal-ridge-shortlag-v2,True
2025-10-15 20:00:00+00:00,ISONE_NEMA,11917,952,184,10781,18007.25,12619.68124877139,13040.32342057693,13169.54234616683,11602.722177488724,12099.283419543195,12279.15277479918,2025-10-15T20:00:00Z,causal-ridge-shortlag-v2,True
2025-10-15 20:00:00+00:00,MISO_MINN_HUB,78437,3715,7808,66914,101249.75,78898.74343767886,78714.15938437,77936.05451258934,67766.26740575416,68598.06708669077,68812.8754308015,2025-10-15T20:00:00Z,causal-ridge-shortlag-v2,True
2025-10-15 20:00:00+00:00,SPP_NORTH_HUB,38952,12737,809,25406,46366.75,39450.63421212058,39529.03646989843,39200.31259462003,25407.36859758986,25018.56158944284,24215.06691000211,2025-10-15T20:00:00Z,causal-ridge-shortlag-v2,True
2025-10-15 21:00:00+00:00,CAISO_NP15,25594,2313,15628,7653,33983.0,25540.09346147136,25434.760441276907,25557.66294594189,8917.264767169283,12053.79109502217,14534.060986506032,2025-10-15T21:00:00Z,causal-ridge-shortlag-v2,True
2025-10-15 21:00:00+00:00,ISONE_NEMA,13231,939,54,12238,18007.25,14183.2101750567,14478.282060785144,14236.259548210017,13300.8648347349,13659.157441142284,13436.96815038512,2025-10-15T21:00:00Z,causal-ridge-shortlag-v2,True
2025-10-15 21:00:00+00:00,MISO_MINN_HUB,79183,4325,7075,67783,101249.75,79284.93081957601,78675.20503083806,77381.58276975607,68489.89073644493,68772.0723965129,68409.47666012045,2025-10-15T21:00:00Z,causal-ridge-shortlag-v2,True
2025-10-15 21:00:00+00:00,SPP_NORTH_HUB,39469,13100,784,25585,46366.75,39547.63272773482,39246.848700067625,38581.43183695136,25423.284210030644,24722.95663988478,23582.696917149544,2025-10-15T21:00:00Z,causal-ridge-shortlag-v2,True
2025-10-15 22:00:00+00:00,CAISO_NP15,25487,2013,15001,8473,33983.0,25519.94721679657,25509.96172997374,25633.788019494197,10210.956725917347,13604.72143476508,16441.961724741665,2025-10-15T22:00:00Z,causal-ridge-shortlag-v2,True
2025-10-15 22:00:00+00:00,ISONE_NEMA,14005,1067,13,12925,18007.25,14029.353600128528,13647.350344546949,13137.345439981242,12927.755914594767,12545.08806367944,12044.952240749224,2025-10-15T22:00:00Z,causal-ridge-shortlag-v2,True
2025-10-15 22:00:00+00:00,MISO_MINN_HUB,79201,5207,3016,70978,101249.75,78886.48602375801,77578.03206648713,75149.04162501937,72445.03540299037,71849.60839653504,69063.99292997069,2025-10-15T22:00:00Z,causal-ridge-shortlag-v2,True
2025-10-15 22:00:00+00:00,SPP_NORTH_HUB,39159,13816,563,24780,46366.75,38565.12146967531,37693.554165517584,36602.93478840808,23895.564463319926,22614.054017844857,21068.106290529704,2025-10-15T22:00:00Z,causal-ridge-shortlag-v2,True
2025-10-15 23:00:00+00:00,CAISO_NP15,24610,2152,13448,9010,33983.0,24438.114670943844,24494.90298348736,24741.014246704843,11127.670057370178,14458.35514256509,17357.132084403755,2025-10-15T23:00:00Z,causal-ridge-shortlag-v2,True
2025-10-15 23:00:00+00:00,ISONE_NEMA,13865,1085,12,12768,18007.25,13350.270549385146,12790.581648675376,12192.650542827978,12244.5038679202,11689.073721438524,11110.465118148091,2025-10-15T23:00:00Z,causal-ridge-shortlag-v2,True
2025-10-15 23:00:00+00:00,MISO_MINN_HUB,78865,6712,143,72010,101249.75,77559.99882672017,75198.4824826479,71858.11224257309,70753.32240925309,67215.57357291332,63636.38912350495,2025-10-15T23:00:00Z,causal-ridge-shortlag-v2,True
2025-10-15 23:00:00+00:00,SPP_NORTH_HUB,38008,14338,133,23537,46366.75,36694.132023665385,35194.08713470558,33613.13338273418,22180.965111181937,20447.151984776472,18628.7659978078,2025-10-15T23:00:00Z,causal-ridge-shortlag-v2,True
2025-10-16 00:00:00+00:00,CAISO_NP15,23559,2171,11090,10298,33983.0,23242.476101494223,23360.3771731944,23714.842771218493,12846.775092045176,15948.738416503247,18542.408343118223,2025-10-16T00:00:00Z,causal-ridge-shortlag-v2,True
2025-10-16 00:00:00+00:00,ISONE_NEMA,13356,1128,12,12216,18007.25,12745.649920225458,12109.20976319586,11456.807192672177,11589.437271574405,10960.289967481278,10321.280539477171,2025-10-16T00:00:00Z,causal-ridge-shortlag-v2,True
2025-10-16 00:00:00+00:00,MISO_MINN_HUB,77779,8868,1,68910,101249.75,75269.8555494493,72119.26846519658,68960.44084693636,64900.55585120183,61345.86996753503,58449.61854473067,2025-10-16T00:00:00Z,causal-ridge-shortlag-v2,True
2025-10-16 00:00:00+00:00,SPP_NORTH_HUB,37000,16059,0,20941,46366.75,35683.917372972835,34089.93041276193,32422.907948334378,18471.809534583903,16370.465068003026,14651.67423631986,2025-10-16T00:00:00Z,causal-ridge-shortlag-v2,True
2025-10-16 01:00:00+00:00,CAISO_NP15,24240,2266,3900,18074,33983.0,24512.78550450429,25062.85346203766,25343.488612369805,22599.933265297528,23927.6415853199,24316.27891107317,2025-10-16T01:00:00Z,causal-ridge-shortlag-v2,True
2025-10-16 01:00:00+00:00,ISONE_NEMA,12573,1165,11,11397,18007.25,11776.312468816706,11137.385125456687,10697.758464773298,10602.832802824963,9988.768755118965,9584.23045143094,2025-10-16T01:00:00Z,causal-ridge-shortlag-v2,True
2025-10-16 01:00:00+00:00,MISO_MINN_HUB,75012,10294,1,64717,101249.75,71610.78774469628,68268.84201538491,65336.81491536688,60623.23650416331,57762.26769564873,55044.27755718416,2025-10-16T01:00:00Z,causal-ridge-shortlag-v2,True
2025-10-16 01:00:00+00:00,SPP_NORTH_HUB,35657,17774,0,17883,46366.75,34107.57875472266,32456.46272752705,30863.614806450267,15366.776348639902,13468.79647346824,12032.333263482127,2025-10-16T01:00:00Z,causal-ridge-shortlag-v2,True
2025-10-16 02:00:00+00:00,CAISO_NP15,25630,2332,49,23249,33983.0,26397.24281137455,26555.270773001736,26049.60238132968,24281.897543931773,25259.422698808707,24860.922935865485,2025-10-16T02:00:00Z,causal-ridge-shortlag-v2,True
2025-10-16 02:00:00+00:00,ISONE_NEMA,11575,1102,11,10462,18007.25,10783.798456468448,10330.097646117072,10155.759745158031,9713.10780659953,9306.844876270608,9183.690969330564,2025-10-16T02:00:00Z,causal-ridge-shortlag-v2,True
2025-10-16 02:00:00+00:00,MISO_MINN_HUB,71638,11515,2,60121,101249.75,68203.82353544542,65210.95574207344,62813.34660575939,56323.23679494522,53379.01533655277,51174.65217959985,2025-10-16T02:00:00Z,causal-ridge-shortlag-v2,True
2025-10-16 02:00:00+00:00,SPP_NORTH_HUB,34163,19120,0,15043,46366.75,32629.471180429256,31158.9557278013,29868.25809980581,12846.822162274051,11236.42800559222,10128.124079866711,2025-10-16T02:00:00Z,causal-ridge-shortlag-v2,True
2025-10-16 03:00:00+00:00,CAISO_NP15,26059,2582,0,23477,33983.0,26233.6879476898,26047.52483606648,25456.052203328847,23000.064238763905,23172.82478896698,22764.242981628064,2025-10-16T03:00:00Z,causal-ridge-shortlag-v2,True
2025-10-16 03:00:00+00:00,ISONE_NEMA,10751,1079,11,9661,18007.25,10240.04521667551,10014.353690471686,10031.272297822838,9183.92708507486,9009.07800240882,9072.933202830503,2025-10-16T03:00:00Z,causal-ridge-shortlag-v2,True
2025-10-16 03:00:00+00:00,MISO_MINN_HUB,67912,11408,2,56502,101249.75,64720.36267204253,62388.995713444936,60757.0598866636,53925.26308966127,52120.21096756953,50902.04458438176,2025-10-16T03:00:00Z,causal-ridge-shortlag-v2,True
2025-10-16 03:00:00+00:00,SPP_NORTH_HUB,32316,20082,0,12234,46366.75,30643.32277108326,29265.5683041046,28259.16190057303,10249.664063864284,8986.771160200246,8298.737064305187,2025-10-16T03:00:00Z,causal-ridge-shortlag-v2,True
2025-10-16 04:00:00+00:00,CAISO_NP15,25262,2284,0,22978,33983.0,24632.488630430937,23943.482524636034,23089.86941975224,22744.910726493086,22125.892566087103,21342.16546106205,2025-10-16T04:00:00Z,causal-ridge-shortlag-v2,True
2025-10-16 04:00:00+00:00,ISONE_NEMA,10657,1097,11,9549,18007.25,10716.657265813665,10797.194020648842,10967.25576473132,9652.897062206146,9788.26736953234,9992.184146651458,2025-10-16T04:00:00Z,causal-ridge-shortlag-v2,True
2025-10-16 04:00:00+00:00,MISO_MINN_HUB,64922,11801,2,53119,101249.75,62558.66491320463,61146.73443140807,60631.00207693949,51090.78674963135,49924.35626447247,49732.24393189319,2025-10-16T04:00:00Z,causal-ridge-shortlag-v2,True
2025-10-16 04:00:00+00:00,SPP_NORTH_HUB,30534,20088,0,10446,46366.75,29092.27281556922,28067.625218980364,27473.63762023768,9273.812955804293,8575.334917189735,8397.557103203551,2025-10-16T04:00:00Z,causal-ridge-shortlag-v2,True
2025-10-16 05:00:00+00:00,CAISO_NP15,25048,2184,0,22864,33983.0,24363.995453767388,23347.439801885623,22249.483435101,22357.78092111693,21953.624849621217,21238.335273107903,2025-10-16T05:00:00Z,causal-ridge-shortlag-v2,True
2025-10-16 05:00:00+00:00,ISONE_NEMA,10134,1086,11,9037,18007.25,9678.802096582456,9610.972799921636,9905.856609622168,8585.822904701447,8530.891553779533,8851.212732681066,2025-10-16T05:00:00Z,causal-ridge-shortlag-v2,True
2025-10-16 05:00:00+00:00,MISO_MINN_HUB,62448,11694,2,50752,101249.75,60855.411570833705,60376.24783519053,60793.17440657455,49764.33877854881,49782.67179040235,50340.879753726,2025-10-16T05:00:00Z,causal-ridge-shortlag-v2,True
2025-10-16 05:00:00+00:00,SPP_NORTH_HUB,29156,20096,0,9060,46366.75,28171.60797380116,27596.200742840592,27440.45173700368,8278.943611051463,8101.298384410662,8507.403193713033,2025-10-16T05:00:00Z,causal-ridge-shortlag-v2,True
2025-10-16 06:00:00+00:00,CAISO_NP15,23759,2144,0,21615,33983.0,22681.1604656538,21781.723972189728,21039.642265879746,20784.21865500085,20538.79343090782,20142.75799425745,2025-10-16T06:00:00Z,causal-ridge-shortlag-v2,True
2025-10-16 06:00:00+00:00,ISONE_NEMA,9922,1141,11,8770,18007.25,10025.493650023218,10294.499367241802,10572.237425486412,8865.568651043188,9144.088471356394,9415.796805496731,2025-10-16T06:00:00Z,causal-ridge-shortlag-v2,True
2025-10-16 06:00:00+00:00,MISO_MINN_HUB,60709,11870,2,48837,101249.75,59891.68496451885,60198.84373089622,61417.37410354442,48224.79681351693,48549.55217279675,49647.37188114795,2025-10-16T06:00:00Z,causal-ridge-shortlag-v2,True
2025-10-16 06:00:00+00:00,SPP_NORTH_HUB,28127,20270,0,7857,46366.75,27553.41819304608,27409.44120195727,27671.82698086259,7506.801636234963,7827.407482726361,8708.154717080182,2025-10-16T06:00:00Z,causal-ridge-shortlag-v2,True
2025-10-16 07:00:00+00:00,CAISO_NP15,22537,1708,0,20829,33983.0,21667.32836134836,21084.366534840272,20854.66355370586,20663.8027545735,20370.88869814365,20006.88490591645,2025-10-16T07:00:00Z,causal-ridge-shortlag-v2,True
2025-10-16 07:00:00+00:00,ISONE_NEMA,10369,1169,11,9189,18007.25,10869.441902034858,11267.971736882808,11570.612608579166,9707.781833086963,10113.697663814128,10396.067470717797,2025-10-16T07:00:00Z,causal-ridge-shortlag-v2,True
2025-10-16 07:00:00+00:00,MISO_MINN_HUB,59832,11880,2,47950,101249.75,59929.97529434697,61029.78207425193,62975.21829851837,48187.63517211829,49374.13943532187,50751.54249865166,2025-10-16T07:00:00Z,causal-ridge-shortlag-v2,True
2025-10-16 07:00:00+00:00,SPP_NORTH_HUB,27485,19974,0,7511,46366.75,27314.49701643865,27587.601642131216,28241.28360024216,7877.494797290541,8770.639356999392,10098.89890974365,2025-10-16T07:00:00Z,causal-ridge-shortlag-v2,True
2025-10-16 08:00:00+00:00,CAISO_NP15,22319,1683,0,20636,33983.0,21900.795203972808,21645.46989072817,21678.512306354525,20550.681282244732,20293.74634061504,19912.14146524666,2025-10-16T08:00:00Z,causal-ridge-shortlag-v2,True
2025-10-16 08:00:00+00:00,ISONE_NEMA,10691,1188,11,9492,18007.25,10911.580851985736,11138.785220368092,11362.025656937354,9693.1580197706,9885.618597320925,10067.82428300104,2025-10-16T08:00:00Z,causal-ridge-shortlag-v2,True
2025-10-16 08:00:00+00:00,MISO_MINN_HUB,59356,12250,2,47104,101249.75,59767.25945450111,61231.15825659916,63441.17495280994,47102.72959575788,47778.67117118803,49229.68151267519,2025-10-16T08:00:00Z,causal-ridge-shortlag-v2,True
2025-10-16 08:00:00+00:00,SPP_NORTH_HUB,27157,19468,0,7689,46366.75,27325.77547601847,27924.664121815214,28879.267473490363,8515.61692794665,9812.581688598331,11465.666343872486,2025-10-16T08:00:00Z,causal-ridge-shortlag-v2,True
2025-10-16 09:00:00+00:00,CAISO_NP15,21387,1292,0,20095,33983.0,20985.245274162397,21082.370865333105,21482.9334233282,19882.57200406436,19281.535886810663,18638.93096946395,2025-10-16T09:00:00Z,causal-ridge-shortlag-v2,True
2025-10-16 09:00:00+00:00,ISONE_NEMA,11266,1251,11,10004,18007.25,11749.3200614801,12011.765768751018,12053.077099759746,10451.48704923644,10671.47446433781,10653.726567973905,2025-10-16T09:00:00Z,causal-ridge-shortlag-v2,True
2025-10-16 09:00:00+00:00,MISO_MINN_HUB,60457,13084,2,47371,101249.75,62232.71453363933,64400.50107913143,67180.99436613405,48368.1943258819,50138.80781137242,51375.77081173543,2025-10-16T09:00:00Z,causal-ridge-shortlag-v2,True
2025-10-16 09:00:00+00:00,SPP_NORTH_HUB,27208,19405,0,7803,46366.75,27730.638367652256,28610.39755826461,29776.47201941011,8752.810228977372,10252.46557933816,12099.990545189234,2025-10-16T09:00:00Z,causal-ridge-shortlag-v2,True
2025-10-16 10:00:00+00:00,CAISO_NP15,20555,797,0,19758,33983.0,20527.310261336526,20872.5171178535,21549.077401086204,19520.33138571123,18611.56826276184,17663.670980642823,2025-10-16T10:00:00Z,causal-ridge-shortlag-v2,True
2025-10-16 10:00:00+00:00,ISONE_NEMA,12197,1299,11,10887,18007.25,12830.51377109178,12921.7017339571,12630.607558298014,11485.478049447183,11513.046041998356,11140.347758235896,2025-10-16T10:00:00Z,causal-ridge-shortlag-v2,True
2025-10-16 10:00:00+00:00,MISO_MINN_HUB,63167,13476,2,49689,101249.75,66107.4155695507,68808.05357902784,71371.16030963519,51906.2507029637,53503.316286434216,54214.08637221165,2025-10-16T10:00:00Z,causal-ridge-shortlag-v2,True
2025-10-16 10:00:00+00:00,SPP_NORTH_HUB,27837,19435,0,8402,46366.75,28815.572562282283,29981.87976571441,31264.863977027504,9750.794090812513,11492.238189707034,13469.469799465693,2025-10-16T10:00:00Z,causal-ridge-shortlag-v2,True
2025-10-16 11:00:00+00:00,CAISO_NP15,20405,546,0,19859,33983.0,20688.566560245483,21302.56185781812,22160.58722456635,19307.41273598702,18169.820741806863,17012.5981382941,2025-10-16T11:00:00Z,causal-ridge-shortlag-v2,True
2025-10-16 11:00:00+00:00,ISONE_NEMA,12918,1296,33,11589,18007.25,13113.098046652458,12857.164718168646,12388.748868306957,11734.46762088402,11402.50132721969,10860.802136142882,2025-10-16T11:00:00Z,causal-ridge-shortlag-v2,True
2025-10-16 11:00:00+00:00,MISO_MINN_HUB,66977,13623,3,53351,101249.75,70477.31337534318,73190.04892741806,75143.26096682924,55847.1933309148,56645.14552650501,56587.81418463349,2025-10-16T11:00:00Z,causal-ridge-shortlag-v2,True
2025-10-16 11:00:00+00:00,SPP_NORTH_HUB,29330,19658,0,9672,46366.75,30864.94887446763,32293.2778436182,33590.9717495191,11334.818913841664,13264.525131231356,15302.345322395206,2025-10-16T11:00:00Z,causal-ridge-shortlag-v2,True
2025-10-16 12:00:00+00:00,CAISO_NP15,20643,649,0,19994,33983.0,21066.529861095,21905.18895316773,22865.412073847303,18945.782860060688,17468.54611788031,15955.209271669444,2025-10-16T12:00:00Z,causal-ridge-shortlag-v2,True
2025-10-16 12:00:00+00:00,ISONE_NEMA,12211,1198,231,10782,18007.25,11217.175419673898,10567.724006015358,10328.209431158735,9668.64992568202,8945.26172365345,8696.54001329486,2025-10-16T12:00:00Z,causal-ridge-shortlag-v2,True
2025-10-16 12:00:00+00:00,MISO_MINN_HUB,69377,13412,446,55519,101249.75,71256.2361587464,72868.73249914407,73797.7494614478,55870.78550521135,54846.6628601836,54501.42155447789,2025-10-16T12:00:00Z,causal-ridge-shortlag-v2,True
2025-10-16 12:00:00+00:00,SPP_NORTH_HUB,30678,20137,5,10536,46366.75,32006.55878803471,33232.57213409364,34345.35333851793,12012.10853561756,13796.989988249992,15570.833205254912,2025-10-16T12:00:00Z,causal-ridge-shortlag-v2,True
2025-10-16 13:00:00+00:00,CAISO_NP15,21614,790,0,20824,33983.0,22542.0188411292,23563.99173886211,24415.977105856648,19767.811502578927,17675.35023913259,15585.212147029064,2025-10-16T13:00:00Z,causal-ridge-shortlag-v2,True
2025-10-16 13:00:00+00:00,ISONE_NEMA,10849,1155,485,9209,18007.25,9896.180615441055,9522.485293346008,9578.874470350089,8136.772469717392,7740.359313876198,7839.317449641345,2025-10-16T13:00:00Z,causal-ridge-shortlag-v2,True
2025-10-16 13:00:00+00:00,MISO_MINN_HUB,70264,13735,4569,51960,101249.75,70471.04772360422,71143.80492759975,72421.22607119383,48786.60509880254,47570.1932805644,48711.422714855406,2025-10-16T13:00:00Z,causal-ridge-shortlag-v2,True
2025-10-16 13:00:00+00:00,SPP_NORTH_HUB,31127,19164,227,11736,46366.75,31819.793852317023,32732.383369073694,33758.35216825376,13470.546267286492,15218.971204451169,16739.94276860714,2025-10-16T13:00:00Z,causal-ridge-shortlag-v2,True
2025-10-16 14:00:00+00:00,CAISO_NP15,23412,900,0,22512,33983.0,24820.077278206467,25692.37657829378,25981.812844419408,21136.415038975785,18281.15854040981,15376.280764316907,2025-10-16T14:00:00Z,causal-ridge-shortlag-v2,True
2025-10-16 14:00:00+00:00,ISONE_NEMA,9974,1149,647,8178,18007.25,9625.49068608596,9701.128454583431,10157.65162620147,7799.510275654628,7921.765005597769,8466.611668154823,2025-10-16T14:00:00Z,causal-ridge-shortlag-v2,True
2025-10-16 14:00:00+00:00,MISO_MINN_HUB,71134,13432,8612,49090,101249.75,72015.6917790243,73184.65754972548,75280.20371000425,48454.774046152175,51066.59111601152,52879.17365600655,2025-10-16T14:00:00Z,causal-ridge-shortlag-v2,True
2025-10-16 14:00:00+00:00,SPP_NORTH_HUB,32004,17283,690,14031,46366.75,33147.26820222977,34446.98671307688,35729.753313420704,16261.651241067471,18001.393463858098,19402.4199593544,2025-10-16T14:00:00Z,causal-ridge-shortlag-v2,True
2025-10-16 15:00:00+00:00,CAISO_NP15,24763,810,2904,21049,33983.0,25539.425345996307,25808.159315386627,25607.57725627464,17432.69128468794,15059.019216276252,12568.203983196538,2025-10-16T15:00:00Z,causal-ridge-shortlag-v2,True
2025-10-16 15:00:00+00:00,ISONE_NEMA,9650,1078,722,7850,18007.25,9791.92992834004,10251.30301910696,10977.031721141831,8046.474480120013,8590.944971287303,9427.274152175492,2025-10-16T15:00:00Z,causal-ridge-shortlag-v2,True
2025-10-16 15:00:00+00:00,MISO_MINN_HUB,72554,13425,9786,49343,101249.75,74142.98816902682,75807.61646754289,77289.15764774066,51186.33287848436,53103.955925757175,54910.809605975744,2025-10-16T15:00:00Z,causal-ridge-shortlag-v2,True
2025-10-16 15:00:00+00:00,SPP_NORTH_HUB,33062,17765,801,14496,46366.75,34241.99059168077,35439.65535240584,36559.02109006342,15504.02593795141,16749.54266235252,17927.662447729468,2025-10-16T15:00:00Z,causal-ridge-shortlag-v2,True
2025-10-16 16:00:00+00:00,CAISO_NP15,25984,719,11529,13736,33983.0,26191.11270616102,25729.3148883493,25252.776965853187,8558.906161961311,8117.323623504271,7973.69347841078,2025-10-16T16:00:00Z,causal-ridge-shortlag-v2,True
2025-10-16 16:00:00+00:00,ISONE_NEMA,9388,1073,696,7619,18007.25,9499.452083293812,10020.902585427168,10856.839991034083,7788.610263707753,8410.240455023615,9380.454360794163,2025-10-16T16:00:00Z,causal-ridge-shortlag-v2,True
2025-10-16 16:00:00+00:00,MISO_MINN_HUB,74169,13830,10306,50033,101249.75,75600.42699654991,77137.77369024123,78234.11881433056,51732.59731195173,52779.38184078106,54985.11259307053,2025-10-16T16:00:00Z,causal-ridge-shortlag-v2,True
2025-10-16 16:00:00+00:00,SPP_NORTH_HUB,34237,18725,834,14678,46366.75,35360.94309087705,36435.87225943903,37353.63101429125,15501.904923110404,16636.63189323409,17640.935437235697,2025-10-16T16:00:00Z,causal-ridge-shortlag-v2,True
2025-10-16 17:00:00+00:00,CAISO_NP15,26764,708,15404,10652,33983.0,26632.11628550421,26212.33108976631,25724.4442769591,9817.17949871898,9088.689557418516,9171.189733326995,2025-10-16T17:00:00Z,causal-ridge-shortlag-v2,True
2025-10-16 17:00:00+00:00,ISONE_NEMA,9630,1141,652,7837,18007.25,10183.741441000882,11010.667565765069,11977.418219763453,8468.305325777239,9428.349840968483,10540.424190279306,2025-10-16T17:00:00Z,causal-ridge-shortlag-v2,True
2025-10-16 17:00:00+00:00,MISO_MINN_HUB,75692,14404,10636,50652,101249.75,76888.82442391735,78076.20388760613,79067.81580331721,52223.528222285095,54031.67073710138,56142.29917606733,2025-10-16T17:00:00Z,causal-ridge-shortlag-v2,True
2025-10-16 17:00:00+00:00,SPP_NORTH_HUB,35534,18297,844,16393,46366.75,36681.246694046815,37643.25065874548,38310.68576877673,17925.626104136998,19116.764911686478,19885.13982755903,2025-10-16T17:00:00Z,causal-ridge-shortlag-v2,True
2025-10-16 18:00:00+00:00,CAISO_NP15,25941,917,16563,8461,33983.0,25324.955526627265,24553.51275234648,23836.708317184137,7483.86188825022,8228.96376714489,9000.598417568795,2025-10-16T18:00:00Z,causal-ridge-shortlag-v2,True
2025-10-16 18:00:00+00:00,ISONE_NEMA,10138,1181,595,8362,18007.25,10799.727832456076,11705.512039886067,12712.481462102209,9122.974450055784,10164.578287385146,11315.651103631775,2025-10-16T18:00:00Z,causal-ridge-shortlag-v2,True
2025-10-16 18:00:00+00:00,MISO_MINN_HUB,77304,14693,11173,51438,101249.75,78461.92653392453,79436.4286243747,80218.15723874792,53272.41291834979,55497.31610235634,57611.24298795527,2025-10-16T18:00:00Z,causal-ridge-shortlag-v2,True
2025-10-16 18:00:00+00:00,SPP_NORTH_HUB,36819,18582,860,17377,46366.75,37860.17412520414,38574.93450423407,38933.34395146524,18269.819843871825,18950.40229582181,19272.206223422625,2025-10-16T18:00:00Z,causal-ridge-shortlag-v2,True
2025-10-16 19:00:00+00:00,CAISO_NP15,26077,994,16773,8310,33983.0,25837.97788284405,25474.747021055904,25363.051929941717,8829.56382243507,10554.464492593364,12153.108357899908,2025-10-16T19:00:00Z,causal-ridge-shortlag-v2,True
2025-10-16 19:00:00+00:00,ISONE_NEMA,11030,1285,458,9287,18007.25,12008.99323440539,12944.377952639234,13680.162723594874,10366.708790893052,11421.345833244271,12265.433329113586,2025-10-16T19:00:00Z,causal-ridge-shortlag-v2,True
2025-10-16 19:00:00+00:00,MISO_MINN_HUB,78747,14973,11545,52229,101249.75,79586.69598969382,80260.18107012783,80684.63933174645,54092.83857321159,56194.10730204847,58361.51989742672,2025-10-16T19:00:00Z,causal-ridge-shortlag-v2,True
2025-10-16 19:00:00+00:00,SPP_NORTH_HUB,37966,19094,886,17986,46366.75,38749.10944453251,39151.60432166355,39148.512381527136,18563.6983902502,18867.39699982146,18759.720933715314,2025-10-16T19:00:00Z,causal-ridge-shortlag-v2,True
2025-10-16 20:00:00+00:00,CAISO_NP15,26079,1052,16345,8682,33983.0,25613.52138282558,25563.57343557211,25806.85726762118,9449.060655017898,11826.072018672734,14072.289714820046,2025-10-16T20:00:00Z,causal-ridge-shortlag-v2,True
2025-10-16 20:00:00+00:00,ISONE_NEMA,12162,1355,256,10551,18007.25,13218.564308643276,13994.070407453166,14333.757921768423,11742.10723778573,12621.284715857802,13032.657126193775,2025-10-16T20:00:00Z,causal-ridge-shortlag-v2,True
2025-10-16 20:00:00+00:00,MISO_MINN_HUB,79768,15434,11498,52836,101249.75,80131.79781026578,80361.4960469376,80378.42774667812,54520.38939449698,56469.085264419504,58452.06136126823,2025-10-16T20:00:00Z,causal-ridge-shortlag-v2,True
2025-10-16 20:00:00+00:00,SPP_NORTH_HUB,38626,19477,894,18255,46366.75,38970.699363317726,38966.804652235856,38601.626161460925,18504.439893177623,18417.27132511103,17909.46852766155,2025-10-16T20:00:00Z,causal-ridge-shortlag-v2,True
2025-10-16 21:00:00+00:00,CAISO_NP15,25167,970,15805,8392,33983.0,24921.273651389245,25075.32358788396,25524.10898264829,9629.692908748648,12233.19796534718,14861.568406529464,2025-10-16T21:00:00Z,causal-ridge-shortlag-v2,True
2025-10-16 21:00:00+00:00,ISONE_NEMA,13442,1391,57,11994,18007.25,14408.682991401329,14768.361245703634,14502.877391617756,13082.296278928585,13511.329151763732,13273.752379515125,2025-10-16T21:00:00Z,causal-ridge-shortlag-v2,True
2025-10-16 21:00:00+00:00,MISO_MINN_HUB,80502,16199,9504,54799,101249.75,80686.42738673216,80475.90924612549,79863.78197377214,57150.01249698983,59240.8972908534,60305.949549188976,2025-10-16T21:00:00Z,causal-ridge-shortlag-v2,True
2025-10-16 21:00:00+00:00,SPP_NORTH_HUB,38830,19734,852,18244,46366.75,38750.02364284326,38356.31943818906,37653.83622268277,18138.77587355276,17620.67306684861,16729.719151525635,2025-10-16T21:00:00Z,causal-ridge-shortlag-v2,True
2025-10-16 22:00:00+00:00,CAISO_NP15,24717,991,15705,8021,33983.0,24717.41373036166,24908.208074571037,25385.03557241851,9660.327958110129,12843.397336079348,15901.389861872009,2025-10-16T22:00:00Z,causal-ridge-shortlag-v2,True
2025-10-16 22:00:00+00:00,ISONE_NEMA,14156,1377,4,12775,18007.25,14249.362928493769,13888.676786357171,13261.128891769427,12913.186037420115,12589.905225159664,11997.429906904885,2025-10-16T22:00:00Z,causal-ridge-shortlag-v2,True
2025-10-16 22:00:00+00:00,MISO_MINN_HUB,80327,15497,3594,61236,101249.75,80141.22591854536,79140.70341966594,76885.79816630996,65235.36879236573,66229.61315085874,64261.16497165569,2025-10-16T22:00:00Z,causal-ridge-shortlag-v2,True
2025-10-16 22:00:00+00:00,SPP_NORTH_HUB,38231,19823,632,17776,46366.75,37432.98317628153,36445.25582045304,35306.45315661706,17167.576385899298,16205.516319760176,14983.736700296242,2025-10-16T22:00:00Z,causal-ridge-shortlag-v2,True
2025-10-16 23:00:00+00:00,CAISO_NP15,24197,995,14424,8778,33983.0,23988.88692998495,24282.147537662386,24825.19881953413,11093.929238957262,14443.670088252662,17474.633242139214,2025-10-16T23:00:00Z,causal-ridge-shortlag-v2,True
2025-10-16 23:00:00+00:00,ISONE_NEMA,14035,1367,4,12664,18007.25,13502.437570434862,12842.9019635867,12119.61656835861,12148.750188003352,11520.193910208676,10837.888833672638,2025-10-16T23:00:00Z,causal-ridge-shortlag-v2,True
2025-10-16 23:00:00+00:00,MISO_MINN_HUB,79555,14896,363,64296,101249.75,77862.1164817301,75383.2080414582,71946.45833534679,64068.308986555865,60878.87275810558,58132.46091106911,2025-10-16T23:00:00Z,causal-ridge-shortlag-v2,True
2025-10-16 23:00:00+00:00,SPP_NORTH_HUB,37028,19931,140,16957,46366.75,35629.20648944685,34078.25065495486,32487.268107753647,15814.807081205416,14347.284852422685,12825.75764411191,2025-10-16T23:00:00Z,causal-ridge-shortlag-v2,True
2025-10-17 00:00:00+00:00,CAISO_NP15,23232,839,12000,10393,33983.0,23038.02916669714,23375.351497750908,23903.06983324973,13063.66673952539,16138.16901574553,18755.19008085645,2025-10-17T00:00:00Z,causal-ridge-shortlag-v2,True
2025-10-17 00:00:00+00:00,ISONE_NEMA,13585,1356,3,12226,18007.25,12960.04785338695,12240.108972641989,11484.673193221815,11631.054163599512,10952.549486235364,10239.057726718029,2025-10-17T00:00:00Z,causal-ridge-shortlag-v2,True
2025-10-17 00:00:00+00:00,MISO_MINN_HUB,78732,15978,273,62481,101249.75,76310.11636713106,73053.94277402597,70154.81551488188,59273.6348041161,57127.66131508767,55028.295419756,2025-10-17T00:00:00Z,causal-ridge-shortlag-v2,True
2025-10-17 00:00:00+00:00,SPP_NORTH_HUB,36270,20675,1,15594,46366.75,35095.80103966924,33623.430061638726,32036.41070149268,13835.973757966934,12161.661439782092,10739.574589809696,2025-10-17T00:00:00Z,causal-ridge-shortlag-v2,True
2025-10-17 01:00:00+00:00,CAISO_NP15,24908,687,4545,19676,33983.0,25964.17449578145,26871.615031240068,27265.494620945014,25297.455352361776,26056.53851595097,26262.756615344275,2025-10-17T01:00:00Z,causal-ridge-shortlag-v2,True
2025-10-17 01:00:00+00:00,ISONE_NEMA,12827,1310,1,11516,18007.25,12003.7261779636,11270.389461785977,10694.522129476463,10738.52374640477,10054.63355245174,9531.68727027179,2025-10-17T01:00:00Z,causal-ridge-shortlag-v2,True
2025-10-17 01:00:00+00:00,MISO_MINN_HUB,76155,18053,114,57988,101249.75,72473.16359919692,68786.5515421661,65723.94334011285,53418.85932980571,50275.65443066204,47866.23701643715,2025-10-17T01:00:00Z,causal-ridge-shortlag-v2,True
2025-10-17 01:00:00+00:00,SPP_NORTH_HUB,35089,20438,0,14651,46366.75,33652.66852432421,32130.725363999514,30643.702610124277,13328.919997675854,12033.04725625464,10884.587091211512,2025-10-17T01:00:00Z,causal-ridge-shortlag-v2,True
2025-10-17 02:00:00+00:00,CAISO_NP15,26484,546,223,25715,33983.0,27455.037613975317,27751.123105077542,27204.07105764844,27009.72833627795,27210.93133236448,26423.1633784882,2025-10-17T02:00:00Z,causal-ridge-shortlag-v2,True
2025-10-17 02:00:00+00:00,ISONE_NEMA,11847,1266,1,10580,18007.25,11015.080984512137,10455.331137074823,10126.867920031254,9798.004827867831,9292.485457677176,9017.352163697244,2025-10-17T02:00:00Z,causal-ridge-shortlag-v2,True
2025-10-17 02:00:00+00:00,MISO_MINN_HUB,73009,18954,3,54052,101249.75,69642.35854936957,66504.67013850124,64084.97908458993,50747.60246911697,48391.60717715407,46083.44492445249,2025-10-17T02:00:00Z,causal-ridge-shortlag-v2,True
2025-10-17 02:00:00+00:00,SPP_NORTH_HUB,33831,20527,0,13304,46366.75,32482.70402581408,31167.5406978786,29999.406076294694,11865.38797240586,10641.736556160413,9714.896577884405,2025-10-17T02:00:00Z,causal-ridge-shortlag-v2,True
2025-10-17 03:00:00+00:00,CAISO_NP15,26640,558,0,26082,33983.0,26789.639074727467,26496.27616388085,25786.912517995333,25351.588546297025,24667.61772680934,23786.90490161889,2025-10-17T03:00:00Z,causal-ridge-shortlag-v2,True
2025-10-17 03:00:00+00:00,ISONE_NEMA,11104,1127,1,9976,18007.25,10678.497564901149,10464.205031369953,10359.228618448786,9653.34235252341,9515.778451235545,9463.32634226349,2025-10-17T03:00:00Z,causal-ridge-shortlag-v2,True
2025-10-17 03:00:00+00:00,MISO_MINN_HUB,69202,18747,2,50453,101249.75,65680.67707445614,62998.097116214376,60965.2790283194,47595.964329448354,44763.14832066305,43215.915006543015,2025-10-17T03:00:00Z,causal-ridge-shortlag-v2,True
2025-10-17 03:00:00+00:00,SPP_NORTH_HUB,32158,20316,0,11842,46366.75,30615.18913248932,29342.56768447005,28395.804752379583,10560.7006849354,9607.675455108612,8997.490968849028,2025-10-17T03:00:00Z,causal-ridge-shortlag-v2,True
2025-10-17 04:00:00+00:00,CAISO_NP15,25906,570,0,25336,33983.0,25149.811299885925,24276.14799034008,23278.901748865184,24564.17504647427,23223.19901302493,22162.62804947381,2025-10-17T04:00:00Z,causal-ridge-shortlag-v2,True
2025-10-17 04:00:00+00:00,ISONE_NEMA,10519,1111,0,9408,18007.25,10122.694678839558,9888.155129875566,9844.842405833731,9044.247927719676,8847.0677196473,8833.534452942982,2025-10-17T04:00:00Z,causal-ridge-shortlag-v2,True
2025-10-17 04:00:00+00:00,MISO_MINN_HUB,65759,18600,2,47157,101249.75,62947.73789682185,61122.40701396263,60302.73362973729,45034.26934842151,43742.14964089549,43361.85981237671,2025-10-17T04:00:00Z,causal-ridge-shortlag-v2,True
2025-10-17 04:00:00+00:00,SPP_NORTH_HUB,30392,19720,0,10672,46366.75,28993.6166650696,28011.81995433459,27451.051126066865,9780.864916059829,9160.259024626255,8932.983661239126,2025-10-17T04:00:00Z,causal-ridge-shortlag-v2,True
2025-10-17 05:00:00+00:00,CAISO_NP15,25080,607,0,24473,33983.0,24172.462191606224,22945.68602364046,21664.182904363726,23369.18504016212,22224.349851178933,21265.11893599587,2025-10-17T05:00:00Z,causal-ridge-shortlag-v2,True
2025-10-17 05:00:00+00:00,ISONE_NEMA,9952,992,0,8960,18007.25,9663.709733475556,9662.0827778226,9811.40958802336,8746.468044272433,8789.710207945416,8965.045265409308,2025-10-17T05:00:00Z,causal-ridge-shortlag-v2,True
2025-10-17 05:00:00+00:00,MISO_MINN_HUB,63033,18863,3,44167,101249.75,61034.995422533495,60115.23869761369,60272.080381904,42641.0865029909,42095.48043903597,42517.35254377975,2025-10-17T05:00:00Z,causal-ridge-shortlag-v2,True
2025-10-17 05:00:00+00:00,SPP_NORTH_HUB,29006,18961,0,10045,46366.75,28034.461184822798,27484.02087104161,27337.971890284563,9599.623922788,9445.783648641042,9726.305055177922,2025-10-17T05:00:00Z,causal-ridge-shortlag-v2,True
2025-10-17 06:00:00+00:00,CAISO_NP15,24054,623,0,23431,33983.0,22859.856498890807,21757.710540999884,20838.33350172013,22306.640829105138,21475.26082032885,20755.0846431902,2025-10-17T06:00:00Z,causal-ridge-shortlag-v2,True
2025-10-17 06:00:00+00:00,ISONE_NEMA,9711,1012,0,8699,18007.25,9664.43846516402,9716.419821068204,9846.184025989094,8652.899800104926,8709.33718338945,8828.528084287462,2025-10-17T06:00:00Z,causal-ridge-shortlag-v2,True
2025-10-17 06:00:00+00:00,MISO_MINN_HUB,61504,18645,4,42855,101249.75,60836.94630815899,61066.26584879759,62230.8551217544,42877.33403125868,43689.0911010569,44699.17158583205,2025-10-17T06:00:00Z,causal-ridge-shortlag-v2,True
2025-10-17 06:00:00+00:00,SPP_NORTH_HUB,28092,18596,0,9496,46366.75,27579.71336007294,27475.71178143433,27753.25296154783,9292.857243981523,9565.851665704988,10311.375029999175,2025-10-17T06:00:00Z,causal-ridge-shortlag-v2,True
2025-10-17 07:00:00+00:00,CAISO_NP15,22706,672,0,22034,33983.0,21665.485117851305,20910.794062369197,20479.2274338688,21181.50015420167,20478.557851468388,19936.272902027493,2025-10-17T07:00:00Z,causal-ridge-shortlag-v2,True
2025-10-17 07:00:00+00:00,ISONE_NEMA,9690,975,0,8715,18007.25,9813.077918429475,9946.88612696699,10050.801894879318,8856.54405169658,8980.50624504146,9056.064009871188,2025-10-17T07:00:00Z,causal-ridge-shortlag-v2,True
2025-10-17 07:00:00+00:00,MISO_MINN_HUB,60276,18099,5,42172,101249.75,59964.10595677893,60753.1290635364,62236.407762959694,42321.08478403343,42634.25725208603,43939.87013550291,2025-10-17T07:00:00Z,causal-ridge-shortlag-v2,True
2025-10-17 07:00:00+00:00,SPP_NORTH_HUB,27467,18285,0,9182,46366.75,27312.143974660983,27590.67988034373,28236.79293463067,9433.802762506792,10144.294586181975,11253.814805358448,2025-10-17T07:00:00Z,causal-ridge-shortlag-v2,True
2025-10-17 08:00:00+00:00,CAISO_NP15,21928,591,0,21337,33983.0,21412.000243106027,21009.609755720285,20906.07490505124,21021.78113077927,20246.615799713767,19599.83915934632,2025-10-17T08:00:00Z,causal-ridge-shortlag-v2,True
2025-10-17 08:00:00+00:00,ISONE_NEMA,9978,956,0,9022,18007.25,10275.655734614673,10411.227818889143,10397.14589625486,9314.83550443194,9414.671081134658,9341.911455868643,2025-10-17T08:00:00Z,causal-ridge-shortlag-v2,True
2025-10-17 08:00:00+00:00,MISO_MINN_HUB,59783,17812,5,41966,101249.75,60224.9686542226,61564.05405505704,63732.7111731929,42445.682551113074,43617.80415742715,45093.17618208277,2025-10-17T08:00:00Z,causal-ridge-shortlag-v2,True
2025-10-17 08:00:00+00:00,SPP_NORTH_HUB,27199,18321,0,8878,46366.75,27412.74075571999,28039.061385343823,29000.4832666957,9339.483677292385,10325.508182530586,11706.51041830906,2025-10-17T08:00:00Z,causal-ridge-shortlag-v2,True
2025-10-17 09:00:00+00:00,CAISO_NP15,20991,527,0,20464,33983.0,20472.97962069621,20389.352479234603,20657.861839275934,19864.80568465797,19087.51674154204,18336.60971570853,2025-10-17T09:00:00Z,causal-ridge-shortlag-v2,True
2025-10-17 09:00:00+00:00,ISONE_NEMA,10737,911,0,9826,18007.25,11293.60134608157,11420.908869742989,11240.43483754136,10389.020166304215,10473.609416269284,10219.184632990356,2025-10-17T09:00:00Z,causal-ridge-shortlag-v2,True
2025-10-17 09:00:00+00:00,MISO_MINN_HUB,60292,18416,5,41871,101249.75,61456.74864084617,63193.53680866328,65559.2996146799,42361.2312468702,43458.477031622126,44852.7393658463,2025-10-17T09:00:00Z,causal-ridge-shortlag-v2,True
2025-10-17 09:00:00+00:00,SPP_NORTH_HUB,27184,17744,0,9440,46366.75,27639.63632629849,28484.068362049176,29615.35356048927,10529.83939267844,11951.561279870197,13611.692316037414,2025-10-17T09:00:00Z,causal-ridge-shortlag-v2,True
2025-10-17 10:00:00+00:00,CAISO_NP15,20668,627,0,20041,33983.0,20588.011415452376,20889.255544253563,21491.346149760902,19596.71125046564,18616.66405295684,17596.901198847798,2025-10-17T10:00:00Z,causal-ridge-shortlag-v2,True
2025-10-17 10:00:00+00:00,ISONE_NEMA,12140,924,0,11216,18007.25,12966.425386649542,12968.663617932603,12472.316624038389,12023.806542046816,11955.960456777764,11354.104825237768,2025-10-17T10:00:00Z,causal-ridge-shortlag-v2,True
2025-10-17 10:00:00+00:00,MISO_MINN_HUB,62454,19138,3,43313,101249.75,64939.49618463601,67256.18940026677,69713.55245178677,44962.83738510196,46545.57347620505,47279.58681567844,2025-10-17T10:00:00Z,causal-ridge-shortlag-v2,True
2025-10-17 10:00:00+00:00,SPP_NORTH_HUB,27799,17857,0,9942,46366.75,28738.361584826875,29875.082292185696,31151.53835888036,11015.280434109529,12517.722319768083,14286.583652481597,2025-10-17T10:00:00Z,causal-ridge-shortlag-v2,True
2025-10-17 11:00:00+00:00,CAISO_NP15,20519,658,0,19861,33983.0,20762.899074076056,21344.65336882981,22081.003704753548,19201.44498769192,17893.711067855023,16524.729942167956,2025-10-17T11:00:00Z,causal-ridge-shortlag-v2,True
2025-10-17 11:00:00+00:00,ISONE_NEMA,12945,904,39,12002,18007.25,12967.14220509161,12478.080096725644,11793.485602766852,11956.498424181593,11360.122838793995,10575.44895190201,2025-10-17T11:00:00Z,causal-ridge-shortlag-v2,True
2025-10-17 11:00:00+00:00,MISO_MINN_HUB,66785,19483,3,47299,101249.75,70761.2606383806,73611.09660289869,75732.83311732023,50463.140994596106,51898.05871416308,51805.66922546798,2025-10-17T11:00:00Z,causal-ridge-shortlag-v2,True
2025-10-17 11:00:00+00:00,SPP_NORTH_HUB,29275,18549,0,10726,46366.75,30768.201739201864,32160.56808414684,33429.10706934331,12008.942060649546,13662.113048565318,15475.529773183447,2025-10-17T11:00:00Z,causal-ridge-shortlag-v2,True
2025-10-17 12:00:00+00:00,CAISO_NP15,20225,563,0,19662,33983.0,20688.090617849637,21441.283133700606,22265.29557905131,18650.73618287805,16970.799706685008,15228.705156080789,2025-10-17T12:00:00Z,causal-ridge-shortlag-v2,True
2025-10-17 12:00:00+00:00,ISONE_NEMA,12113,851,322,10940,18007.25,10863.094002742717,9970.026384927278,9548.336810160054,9502.409124413434,8497.814200748593,8043.106844086338,2025-10-17T12:00:00Z,causal-ridge-shortlag-v2,True
2025-10-17 12:00:00+00:00,MISO_MINN_HUB,69061,20144,415,48502,101249.75,70568.78102375213,71946.6497268644,72479.49793304867,48055.48800553943,45557.37647898562,45133.88286470581,2025-10-17T12:00:00Z,causal-ridge-shortlag-v2,True
2025-10-17 12:00:00+00:00,SPP_NORTH_HUB,30429,18703,3,11723,46366.75,31629.848431734008,32769.994802018664,33818.241693099975,13230.5732884281,14942.93844088861,16585.101367697902,2025-10-17T12:00:00Z,causal-ridge-shortlag-v2,True
2025-10-17 13:00:00+00:00,CAISO_NP15,21243,671,0,20572,33983.0,22236.40076298298,23093.42448247604,23772.410078674944,19495.05031475258,17381.164642200525,15151.025232980031,2025-10-17T13:00:00Z,causal-ridge-shortlag-v2,True
2025-10-17 13:00:00+00:00,ISONE_NEMA,10730,753,612,9365,18007.25,9693.25893026788,9284.28510344111,9378.309430980004,8220.851176867976,7796.221501652109,7938.352301463883,2025-10-17T13:00:00Z,causal-ridge-shortlag-v2,True
2025-10-17 13:00:00+00:00,MISO_MINN_HUB,70428,19400,4125,46903,101249.75,71332.59904410661,72294.21222093001,73787.80327838931,45460.23223633025,45984.0549641553,47174.51301953057,2025-10-17T13:00:00Z,causal-ridge-shortlag-v2,True
2025-10-17 13:00:00+00:00,SPP_NORTH_HUB,30966,18453,149,12364,46366.75,31715.157848811577,32601.80471089068,33557.26523476678,13655.226630072257,15060.0744583354,16347.511554887224,2025-10-17T13:00:00Z,causal-ridge-shortlag-v2,True
2025-10-17 14:00:00+00:00,CAISO_NP15,23474,618,0,22856,33983.0,24782.11496698808,25578.242417209847,25781.505433646056,21494.309203431996,18621.32333733433,15569.418462412345,2025-10-17T14:00:00Z,causal-ridge-shortlag-v2,True
2025-10-17 14:00:00+00:00,ISONE_NEMA,10027,727,788,8512,18007.25,9810.89847132144,9977.669966882948,10522.186448240602,8271.69508821145,8487.447923591457,9116.890660949452,2025-10-17T14:00:00Z,causal-ridge-shortlag-v2,True
2025-10-17 14:00:00+00:00,MISO_MINN_HUB,71548,18604,7796,45148,101249.75,72484.92479769679,73639.0089205086,75298.21505568447,44838.73497436676,46584.0573214414,48638.5568321566,2025-10-17T14:00:00Z,causal-ridge-shortlag-v2,True
2025-10-17 14:00:00+00:00,SPP_NORTH_HUB,31718,16721,608,14389,46366.75,32723.948754175835,33857.97843429567,34961.256339512525,16420.601091460634,18031.66676986041,19311.52361673735,2025-10-17T14:00:00Z,causal-ridge-shortlag-v2,True
2025-10-17 15:00:00+00:00,CAISO_NP15,24549,444,2749,21356,33983.0,25262.632222406035,25472.57796604378,25164.63878205565,17617.28024597441,15032.222775906175,12289.975370850052,2025-10-17T15:00:00Z,causal-ridge-shortlag-v2,True
2025-10-17 15:00:00+00:00,ISONE_NEMA,9580,689,855,8036,18007.25,9561.815963389732,10064.89770632017,11012.362207184757,8061.401363236266,8650.993729456553,9721.95726591583,2025-10-17T15:00:00Z,causal-ridge-shortlag-v2,True
2025-10-17 15:00:00+00:00,MISO_MINN_HUB,72770,18791,8673,45306,101249.75,74076.30746074501,75456.69803936801,76749.31766485206,46692.66123974724,48465.28432731363,50132.86265844228,2025-10-17T15:00:00Z,causal-ridge-shortlag-v2,True
2025-10-17 15:00:00+00:00,SPP_NORTH_HUB,32961,16856,709,15396,46366.75,34170.80201681953,35293.74085100817,36269.87200034039,16495.626599063,17727.721281467973,18843.12930659172,2025-10-17T15:00:00Z,causal-ridge-shortlag-v2,True
2025-10-17 16:00:00+00:00,CAISO_NP15,25196,420,11346,13430,33983.0,25322.957032251757,24722.53076845902,24146.700785702484,7945.558940629771,7414.107862454335,7075.3418252192605,2025-10-17T16:00:00Z,causal-ridge-shortlag-v2,True
2025-10-17 16:00:00+00:00,ISONE_NEMA,9244,711,857,7676,18007.25,9439.27678302298,10226.668279086978,11370.884485652949,7923.1327651878655,8820.149417157629,10106.505421728772,2025-10-17T16:00:00Z,causal-ridge-shortlag-v2,True
2025-10-17 16:00:00+00:00,MISO_MINN_HUB,74189,18517,9054,46618,101249.75,75573.87849033585,76936.52559060948,77894.18598140238,48634.21812593407,50281.750841845605,52229.40645367961,2025-10-17T16:00:00Z,causal-ridge-shortlag-v2,True
2025-10-17 16:00:00+00:00,SPP_NORTH_HUB,34165,16657,809,16699,46366.75,35241.60562647635,36208.69118027804,36967.65868102706,18016.17908244317,19263.24314528008,20168.136952798577,2025-10-17T16:00:00Z,causal-ridge-shortlag-v2,True
2025-10-17 17:00:00+00:00,CAISO_NP15,26582,464,15211,10907,33983.0,26388.470909356573,25896.467601754324,25365.56581091499,10081.745404191084,9386.026523506502,9306.367798163736,2025-10-17T17:00:00Z,causal-ridge-shortlag-v2,True
2025-10-17 17:00:00+00:00,ISONE_NEMA,9363,727,828,7808,18007.25,10018.952219893908,11065.314102746372,12247.751956557688,8555.986200625797,9742.54950062544,11078.791533466008,2025-10-17T17:00:00Z,causal-ridge-shortlag-v2,True
2025-10-17 17:00:00+00:00,MISO_MINN_HUB,75714,17621,9421,48672,101249.75,77068.96479034812,78276.98499011666,79069.88726177227,51103.474154299394,53411.109305915954,55591.84997655234,2025-10-17T17:00:00Z,causal-ridge-shortlag-v2,True
2025-10-17 17:00:00+00:00,SPP_NORTH_HUB,35455,15078,827,19550,46366.75,36560.94325322321,37434.39494111064,37970.61942233795,21574.33746433198,22765.40700057523,23302.02045026779,2025-10-17T17:00:00Z,causal-ridge-shortlag-v2,True
2025-10-17 18:00:00+00:00,CAISO_NP15,26791,669,16536,9586,33983.0,26030.68049216524,25244.475423565465,24438.09328191395,8464.68107475099,9180.87272812866,9695.571029892428,2025-10-17T18:00:00Z,causal-ridge-shortlag-v2,True
2025-10-17 18:00:00+00:00,ISONE_NEMA,9758,718,785,8255,18007.25,10532.711185641843,11603.637549385006,12734.271031034465,9140.80636670608,10356.912043949029,11641.093812980496,2025-10-17T18:00:00Z,causal-ridge-shortlag-v2,True
2025-10-17 18:00:00+00:00,MISO_MINN_HUB,77347,16316,9814,51217,101249.75,78648.37906392655,79635.45106547348,80156.94262708665,53920.65034553997,56545.28455730024,58677.52925496575,2025-10-17T18:00:00Z,causal-ridge-shortlag-v2,True
2025-10-17 18:00:00+00:00,SPP_NORTH_HUB,37046,13886,830,22330,46366.75,38178.59770992911,38864.08329398641,39087.8601250174,23882.1427817096,24640.31452932128,24757.287981929945,2025-10-17T18:00:00Z,causal-ridge-shortlag-v2,True
2025-10-17 19:00:00+00:00,CAISO_NP15,26055,786,16247,9022,33983.0,25647.976594773656,25332.47162388285,25216.54699918365,9460.735193846358,10661.480733028178,11936.486444255555,2025-10-17T19:00:00Z,causal-ridge-shortlag-v2,True
2025-10-17 19:00:00+00:00,ISONE_NEMA,10661,727,654,9280,18007.25,11806.672146069028,12910.686246053006,13760.5675667901,10573.940709321694,11828.889300154186,12811.025895230085,2025-10-17T19:00:00Z,causal-ridge-shortlag-v2,True
2025-10-17 19:00:00+00:00,MISO_MINN_HUB,78445,15021,9309,54115,101249.75,79190.99197272611,79638.5030460854,79514.44053543663,56710.59367838172,59036.39610693752,60735.831968393,2025-10-17T19:00:00Z,causal-ridge-shortlag-v2,True
2025-10-17 19:00:00+00:00,SPP_NORTH_HUB,38147,13677,860,23610,46366.75,38808.56331410841,39042.83101531598,38857.86004774128,24270.008969179555,24419.86258860027,23988.213316992587,2025-10-17T19:00:00Z,causal-ridge-shortlag-v2,True
2025-10-17 20:00:00+00:00,CAISO_NP15,25462,758,15616,9088,33983.0,25171.32317791255,25035.302357017783,25195.13868381223,9931.115128342704,11807.840815158292,13734.013669373511,2025-10-17T20:00:00Z,causal-ridge-shortlag-v2,True
2025-10-17 20:00:00+00:00,ISONE_NEMA,11633,729,382,10522,18007.25,12631.723936098617,13419.699639443248,13800.062843907252,11702.315546817006,12617.703023379972,13091.626928296762,2025-10-17T20:00:00Z,causal-ridge-shortlag-v2,True
2025-10-17 20:00:00+00:00,MISO_MINN_HUB,78707,13957,8128,56622,101249.75,78643.18980974254,78311.98078731407,77472.01346016648,58470.138641762445,60079.80926580097,61081.104841054286,2025-10-17T20:00:00Z,causal-ridge-shortlag-v2,True
2025-10-17 20:00:00+00:00,SPP_NORTH_HUB,38852,13773,887,24192,46366.75,39112.98075617259,39001.75792184148,38517.80812666485,24308.523375766985,23919.23216013908,23002.82641094914,2025-10-17T20:00:00Z,causal-ridge-shortlag-v2,True
2025-10-17 21:00:00+00:00,CAISO_NP15,24885,845,15249,8791,33983.0,24491.47097466384,24522.56528180326,24896.49618085242,9576.051777268343,12157.355242207228,14663.79550206833,2025-10-17T21:00:00Z,causal-ridge-shortlag-v2,True
2025-10-17 21:00:00+00:00,ISONE_NEMA,12919,680,76,12163,18007.25,14039.484904316048,14523.661588352974,14270.792439793486,13485.543886927537,14074.820091314676,13860.455924086373,2025-10-17T21:00:00Z,causal-ridge-shortlag-v2,True
2025-10-17 21:00:00+00:00,MISO_MINN_HUB,79035,13103,6160,59772,101249.75,78994.13848799685,78212.63558971786,76863.18067927784,61869.242488420285,63389.66770793254,63036.1431267166,2025-10-17T21:00:00Z,causal-ridge-shortlag-v2,True
2025-10-17 21:00:00+00:00,SPP_NORTH_HUB,39187,13534,861,24792,46366.75,39074.08309978114,38615.26044551296,37820.93516505835,24671.650554009164,23914.57752267044,22656.712742876545,2025-10-17T21:00:00Z,causal-ridge-shortlag-v2,True
2025-10-17 22:00:00+00:00,CAISO_NP15,24352,942,14434,8976,33983.0,24185.91917288504,24390.435847134675,24866.53213506792,10572.52737718528,13330.30464555289,16057.68044337416,2025-10-17T22:00:00Z,causal-ridge-shortlag-v2,True
2025-10-17 22:00:00+00:00,ISONE_NEMA,13492,637,4,12851,18007.25,13475.776837413168,13106.874624136728,12545.82456314934,12893.890409980582,12565.950583072468,12038.18598786611,2025-10-17T22:00:00Z,causal-ridge-shortlag-v2,True
2025-10-17 22:00:00+00:00,MISO_MINN_HUB,78671,11387,2476,64808,101249.75,78083.31128179331,76511.44993010128,73770.44253026161,67135.55378601771,66430.23725668165,63066.40541401054,2025-10-17T22:00:00Z,causal-ridge-shortlag-v2,True
2025-10-17 22:00:00+00:00,SPP_NORTH_HUB,38597,12880,616,25101,46366.75,37721.93641623834,36651.02602923176,35422.77931313796,24604.212556104776,23413.8872245216,21788.4186613597,2025-10-17T22:00:00Z,causal-ridge-shortlag-v2,True
2025-10-17 23:00:00+00:00,CAISO_NP15,24228,793,13550,9885,33983.0,24279.00951796354,24589.532823893456,25054.6091637987,12092.732472671143,15029.85640482088,17816.836117185536,2025-10-17T23:00:00Z,causal-ridge-shortlag-v2,True
2025-10-17 23:00:00+00:00,ISONE_NEMA,13281,658,4,12619,18007.25,12703.111372726651,12048.869860510493,11379.86203410809,12041.548311789242,11408.755556325334,10769.650759665044,2025-10-17T23:00:00Z,causal-ridge-shortlag-v2,True
2025-10-17 23:00:00+00:00,MISO_MINN_HUB,77820,10296,96,67428,101249.75,76154.493913564,73467.22944908764,69896.08748550517,66837.34090142584,63443.94496598024,59382.77238045284,2025-10-17T23:00:00Z,causal-ridge-shortlag-v2,True
2025-10-17 23:00:00+00:00,SPP_NORTH_HUB,37256,11327,131,25798,46366.75,35729.26517599766,34072.65414631068,32377.462673555718,25186.943036037366,23638.630953071643,21739.394298997555,2025-10-17T23:00:00Z,causal-ridge-shortlag-v2,True
2025-10-18 00:00:00+00:00,CAISO_NP15,24552,635,11399,12518,33983.0,24692.69692446341,25110.28233729572,25528.311435219137,15537.20532994674,18036.058688463523,20272.30134531999,2025-10-18T00:00:00Z,causal-ridge-shortlag-v2,True
2025-10-18 00:00:00+00:00,ISONE_NEMA,12853,577,3,12273,18007.25,12350.6687740444,11759.51323883371,11076.419890898176,11821.62204150077,11263.94268050196,10600.825309960544,2025-10-18T00:00:00Z,causal-ridge-shortlag-v2,True
2025-10-18 00:00:00+00:00,MISO_MINN_HUB,76309,12298,0,64011,101249.75,73319.94472928377,69596.216100299,66054.4450287905,59256.57812100068,54882.77503248744,51696.49567984784,2025-10-18T00:00:00Z,causal-ridge-shortlag-v2,True
2025-10-18 00:00:00+00:00,SPP_NORTH_HUB,36179,11443,1,24735,46366.75,34864.88581751318,33281.56395931439,31614.403558475307,22921.99416339333,20890.68130470384,19002.3529605362,2025-10-18T00:00:00Z,causal-ridge-shortlag-v2,True
2025-10-18 01:00:00+00:00,CAISO_NP15,26117,405,4107,21605,33983.0,27299.25255030834,28090.9558674951,28125.415695540163,27055.61141143737,27014.381661854262,26668.284634918487,2025-10-18T01:00:00Z,causal-ridge-shortlag-v2,True
2025-10-18 01:00:00+00:00,ISONE_NEMA,12320,452,0,11868,18007.25,11751.499968363918,11178.125555396537,10641.48620198403,11368.34360418394,10834.61113012146,10320.068268950665,2025-10-18T01:00:00Z,causal-ridge-shortlag-v2,True
2025-10-18 01:00:00+00:00,MISO_MINN_HUB,73886,13847,1,60038,101249.75,70723.47554445041,67140.67252917356,64097.73135233761,56070.37069630556,53546.56891233764,50489.24828873258,2025-10-18T01:00:00Z,causal-ridge-shortlag-v2,True
2025-10-18 01:00:00+00:00,SPP_NORTH_HUB,34892,12717,0,22175,46366.75,33454.42566439595,31920.99506977573,30422.397242084076,19809.495330023303,17697.645812107767,15920.759006271128,2025-10-18T01:00:00Z,causal-ridge-shortlag-v2,True
2025-10-18 02:00:00+00:00,CAISO_NP15,26777,508,65,26204,33983.0,27550.16664535578,27500.18245189117,26630.36327203269,26949.85462104812,26615.70209650162,25492.103953559767,2025-10-18T02:00:00Z,causal-ridge-shortlag-v2,True
2025-10-18 02:00:00+00:00,ISONE_NEMA,11569,454,0,11115,18007.25,10794.248706259768,10217.406532696728,9906.045984425313,10354.793428663752,9804.55347444092,9519.495833326577,2025-10-18T02:00:00Z,causal-ridge-shortlag-v2,True
2025-10-18 02:00:00+00:00,MISO_MINN_HUB,70975,14166,1,56808,101249.75,67925.62712167136,64858.3024271492,61967.76751149364,53760.0149529125,50273.54135580193,47356.92866813103,2025-10-18T02:00:00Z,causal-ridge-shortlag-v2,True
2025-10-18 02:00:00+00:00,SPP_NORTH_HUB,33596,13156,0,20440,46366.75,32278.239082242497,31010.314904128907,29853.22270460487,18729.46255400553,17083.979243675036,15710.791839424408,2025-10-18T02:00:00Z,causal-ridge-shortlag-v2,True
2025-10-18 03:00:00+00:00,CAISO_NP15,26747,696,0,26051,33983.0,26641.02406501344,26007.230520147517,25050.019964840816,25032.97782674808,24191.497681251923,23194.827913589943,2025-10-18T03:00:00Z,causal-ridge-shortlag-v2,True
2025-10-18 03:00:00+00:00,ISONE_NEMA,10785,435,0,10350,18007.25,10223.301187016988,9929.953977036628,9810.386017757197,9820.09003740242,9550.945893891148,9442.46575554459,2025-10-18T03:00:00Z,causal-ridge-shortlag-v2,True
2025-10-18 03:00:00+00:00,MISO_MINN_HUB,68037,14114,1,53922,101249.75,65266.08823532011,62842.65238023561,60805.15355129546,51447.7137792849,48567.92163826405,46631.64011905579,2025-10-18T03:00:00Z,causal-ridge-shortlag-v2,True
2025-10-18 03:00:00+00:00,SPP_NORTH_HUB,32177,13187,0,18990,46366.75,30885.78157030356,29803.0708828174,28972.15215232411,17523.711962790316,16192.857567771116,15186.307551204682,2025-10-18T03:00:00Z,causal-ridge-shortlag-v2,True
2025-10-18 04:00:00+00:00,CAISO_NP15,25749,784,0,24965,33983.0,24752.063236726317,23581.863461582725,22303.59845423556,23789.932220403505,22492.13495478037,21360.21221901717,2025-10-18T04:00:00Z,causal-ridge-shortlag-v2,True
2025-10-18 04:00:00+00:00,ISONE_NEMA,10173,424,0,9749,18007.25,9788.25055949852,9606.798223461974,9588.896695871706,9376.913529485775,9202.331218122472,9177.5950334341,2025-10-18T04:00:00Z,causal-ridge-shortlag-v2,True
2025-10-18 04:00:00+00:00,MISO_MINN_HUB,65029,13832,1,51196,101249.75,62528.26677158542,60766.85832493508,59679.43177939677,49129.86328042117,47274.77812487343,46386.49700305517,2025-10-18T04:00:00Z,causal-ridge-shortlag-v2,True
2025-10-18 04:00:00+00:00,SPP_NORTH_HUB,30589,12471,0,18118,46366.75,29323.47904083069,28445.225922167305,27942.63156566954,17189.183560684953,16320.358437785842,15737.380721044246,2025-10-18T04:00:00Z,causal-ridge-shortlag-v2,True
2025-10-18 05:00:00+00:00,CAISO_NP15,25321,942,0,24379,33983.0,24305.777564072403,22908.81253834173,21459.81693509016,23209.702456519077,22152.689257114507,21054.15590726293,2025-10-18T05:00:00Z,causal-ridge-shortlag-v2,True
2025-10-18 05:00:00+00:00,ISONE_NEMA,9804,411,0,9393,18007.25,9661.2430370466,9707.438535711188,9853.72294614017,9268.43396098776,9313.92771080984,9437.103269158846,2025-10-18T05:00:00Z,causal-ridge-shortlag-v2,True
2025-10-18 05:00:00+00:00,MISO_MINN_HUB,62583,13195,1,49387,101249.75,60958.54383724593,60133.591763794575,60130.64454856704,48385.94383542951,47986.729085895546,47946.86592783959,2025-10-18T05:00:00Z,causal-ridge-shortlag-v2,True
2025-10-18 05:00:00+00:00,SPP_NORTH_HUB,29240,11712,0,17528,46366.75,28285.01891507624,27754.9979606837,27626.383020610192,16950.291459878976,16503.10731917421,16398.840770768693,2025-10-18T05:00:00Z,causal-ridge-shortlag-v2,True
2025-10-18 06:00:00+00:00,CAISO_NP15,24142,687,0,23455,33983.0,22930.15991445345,21736.650337204537,20659.855963285976,22373.28711530454,21413.18497518013,20522.444785515705,2025-10-18T06:00:00Z,causal-ridge-shortlag-v2,True
2025-10-18 06:00:00+00:00,ISONE_NEMA,9794,428,0,9366,18007.25,9882.656633380178,10004.88524833826,10161.151801133008,9446.757882700582,9547.806625480414,9662.185983093865,2025-10-18T06:00:00Z,causal-ridge-shortlag-v2,True
2025-10-18 06:00:00+00:00,MISO_MINN_HUB,60633,12278,0,48355,101249.75,59673.96552095896,59632.86231967762,60298.84226935989,47988.80208210321,47942.11914759463,48370.65572188982,2025-10-18T06:00:00Z,causal-ridge-shortlag-v2,True
2025-10-18 06:00:00+00:00,SPP_NORTH_HUB,28163,11108,0,17055,46366.75,27542.674434379027,27367.490730645983,27593.351103812147,16771.46389548672,16756.95618390814,17110.78628062558,2025-10-18T06:00:00Z,causal-ridge-shortlag-v2,True
2025-10-18 07:00:00+00:00,CAISO_NP15,23097,545,0,22552,33983.0,22089.894650187754,21214.92377329997,20639.764160404244,21800.78299807944,20958.8443470451,20180.997964198494,2025-10-18T07:00:00Z,causal-ridge-shortlag-v2,True
2025-10-18 07:00:00+00:00,ISONE_NEMA,9782,433,0,9349,18007.25,9825.083777563012,9950.81098967206,10110.927733249584,9368.220313346472,9447.559300694897,9547.9928212522,2025-10-18T07:00:00Z,causal-ridge-shortlag-v2,True
2025-10-18 07:00:00+00:00,MISO_MINN_HUB,59309,11204,0,48105,101249.75,59084.22688274299,59738.01742811836,61100.16232264556,48321.33861577709,48895.33303765344,49631.00964790164,2025-10-18T07:00:00Z,causal-ridge-shortlag-v2,True
2025-10-18 07:00:00+00:00,SPP_NORTH_HUB,27529,11407,0,16122,46366.75,27336.28974805923,27570.56727815219,28183.12858802696,15796.027760877429,16033.102044635629,16739.247683289104,2025-10-18T07:00:00Z,causal-ridge-shortlag-v2,True
2025-10-18 08:00:00+00:00,CAISO_NP15,22584,644,0,21940,33983.0,21956.768001173456,21466.524203266188,21261.20757141233,21440.537475203982,20567.95880761724,19810.74564592301,2025-10-18T08:00:00Z,causal-ridge-shortlag-v2,True
2025-10-18 08:00:00+00:00,ISONE_NEMA,9905,429,0,9476,18007.25,10118.538074472974,10281.70856570172,10331.869946739624,9656.987678337557,9759.293922969451,9729.830616419764,2025-10-18T08:00:00Z,causal-ridge-shortlag-v2,True
2025-10-18 08:00:00+00:00,MISO_MINN_HUB,58359,10906,1,47452,101249.75,58432.00705402888,59438.09972388743,61166.09305226119,47206.10393630172,47489.18743780137,48447.903634005546,2025-10-18T08:00:00Z,causal-ridge-shortlag-v2,True
2025-10-18 08:00:00+00:00,SPP_NORTH_HUB,27165,11506,0,15659,46366.75,27257.10925630744,27785.050397964555,28663.63374439746,15847.372357484554,16549.208920864086,17618.753448305833,2025-10-18T08:00:00Z,causal-ridge-shortlag-v2,True
2025-10-18 09:00:00+00:00,CAISO_NP15,21604,829,0,20775,33983.0,21031.708086373048,20860.98212552587,21028.72322665312,20086.601455808017,19100.124649959256,18264.13797000437,2025-10-18T09:00:00Z,causal-ridge-shortlag-v2,True
2025-10-18 09:00:00+00:00,ISONE_NEMA,10072,396,0,9676,18007.25,10272.264244450094,10328.459948547545,10221.770119964203,9841.32343960617,9820.367384218562,9620.661498064796,2025-10-18T09:00:00Z,causal-ridge-shortlag-v2,True
2025-10-18 09:00:00+00:00,MISO_MINN_HUB,58389,11373,1,47015,101249.75,59338.51303724441,60881.68935237037,63137.54022071909,47111.73453699172,48201.90751950663,49267.78672689038,2025-10-18T09:00:00Z,causal-ridge-shortlag-v2,True
2025-10-18 09:00:00+00:00,SPP_NORTH_HUB,27003,11372,0,15631,46366.75,27352.065258061877,28125.79754648809,29225.06164423457,16247.181550850992,17248.68886249826,18533.377570621837,2025-10-18T09:00:00Z,causal-ridge-shortlag-v2,True
2025-10-18 10:00:00+00:00,CAISO_NP15,20868,827,0,20041,33983.0,20732.967181946573,20900.296838959195,21390.75822030939,19638.64648059131,18407.73187029565,17367.379798231294,2025-10-18T10:00:00Z,causal-ridge-shortlag-v2,True
2025-10-18 10:00:00+00:00,ISONE_NEMA,10696,371,0,10325,18007.25,11193.356117893429,11160.677809856894,10740.742347974396,10784.109572130948,10662.848460912095,10128.947460503045,2025-10-18T10:00:00Z,causal-ridge-shortlag-v2,True
2025-10-18 10:00:00+00:00,MISO_MINN_HUB,59000,11360,1,47639,101249.75,60513.7733696318,62412.16831543324,64524.07823061713,48374.7678538035,49335.99678614831,50120.14836184807,2025-10-18T10:00:00Z,causal-ridge-shortlag-v2,True
2025-10-18 10:00:00+00:00,SPP_NORTH_HUB,27181,12336,0,14845,46366.75,27828.571547513773,28781.77423276456,29979.642342597654,15159.255834110743,16190.198081475395,17620.387251586126,2025-10-18T10:00:00Z,causal-ridge-shortlag-v2,True
2025-10-18 11:00:00+00:00,CAISO_NP15,20288,897,0,19391,33983.0,20381.60536055744,20825.59537611064,21531.625602099502,18643.929008545485,17320.457399696053,16125.11214287176,2025-10-18T11:00:00Z,causal-ridge-shortlag-v2,True
2025-10-18 11:00:00+00:00,ISONE_NEMA,11250,319,43,10888,18007.25,11359.619504675497,11013.51659288314,10477.804635766524,10939.189073214966,10490.679126921968,9849.203471433491,2025-10-18T11:00:00Z,causal-ridge-shortlag-v2,True
2025-10-18 11:00:00+00:00,MISO_MINN_HUB,60517,11572,1,48944,101249.75,62690.34093832503,64714.09247301753,66482.3421484954,49911.959909315,50411.12636225567,50457.238051599226,2025-10-18T11:00:00Z,causal-ridge-shortlag-v2,True
2025-10-18 11:00:00+00:00,SPP_NORTH_HUB,27756,11875,0,15881,46366.75,28685.829213242258,29762.032677019684,30895.5235632104,17330.00146286331,18912.796272415435,20549.157810179484,2025-10-18T11:00:00Z,causal-ridge-shortlag-v2,True
2025-10-18 12:00:00+00:00,CAISO_NP15,20135,903,0,19232,33983.0,20510.22258584701,21247.50065782726,22149.760389514817,18375.836602528037,16777.963027525053,15268.104238468884,2025-10-18T12:00:00Z,causal-ridge-shortlag-v2,True
2025-10-18 12:00:00+00:00,ISONE_NEMA,10771,251,318,10202,18007.25,9832.043200945443,9120.298197121294,8896.22512439458,9091.974414661056,8275.95313565238,8014.490622151576,2025-10-18T12:00:00Z,causal-ridge-shortlag-v2,True
2025-10-18 12:00:00+00:00,MISO_MINN_HUB,62171,11246,264,50661,101249.75,64199.9795177936,65967.10396571319,67268.2748881673,51480.95331677828,51693.43524075232,51776.08145955832,2025-10-18T12:00:00Z,causal-ridge-shortlag-v2,True
2025-10-18 12:00:00+00:00,SPP_NORTH_HUB,28417,11618,3,16796,46366.75,29353.95443838662,30367.675039650032,31423.540501411204,18056.29149809134,19492.36810954981,20956.756717909266,2025-10-18T12:00:00Z,causal-ridge-shortlag-v2,True
2025-10-18 13:00:00+00:00,CAISO_NP15,20550,734,0,19816,33983.0,21459.038115560477,22414.30225511924,23266.71048912305,18875.197334697223,16826.885653230842,14893.939900911648,2025-10-18T13:00:00Z,causal-ridge-shortlag-v2,True
2025-10-18 13:00:00+00:00,ISONE_NEMA,9461,183,597,8681,18007.25,8378.926231484938,8020.619490413362,8297.449988091172,7460.874811199782,7058.45261000568,7365.563460218234,2025-10-18T13:00:00Z,causal-ridge-shortlag-v2,True
2025-10-18 13:00:00+00:00,MISO_MINN_HUB,64164,10993,3441,49730,101249.75,65971.50570672272,67660.98344657412,69324.05922787385,49019.0102541793,49147.50188375823,50659.82429642104,2025-10-18T13:00:00Z,causal-ridge-shortlag-v2,True
2025-10-18 13:00:00+00:00,SPP_NORTH_HUB,29178,12878,78,16222,46366.75,30043.40854747017,30982.438691658357,31980.63433125492,16593.103777986435,17622.22122992454,18837.717618156646,2025-10-18T13:00:00Z,causal-ridge-shortlag-v2,True
2025-10-18 14:00:00+00:00,CAISO_NP15,21343,752,0,20591,33983.0,22624.799511754085,23535.02867652349,24042.790015500614,19179.10898456462,16596.947014553258,14101.917028981052,2025-10-18T14:00:00Z,causal-ridge-shortlag-v2,True
2025-10-18 14:00:00+00:00,ISONE_NEMA,9255,107,716,8432,18007.25,9604.70302500124,10106.675759365247,10670.618061484787,8796.516706604563,9343.676178477335,9955.725983873372,2025-10-18T14:00:00Z,causal-ridge-shortlag-v2,True
2025-10-18 14:00:00+00:00,MISO_MINN_HUB,66306,9142,7232,49932,101249.75,68590.921130998,70803.63274247381,73074.04950669355,51241.65525574972,54252.84739042089,56759.03531596766,2025-10-18T14:00:00Z,causal-ridge-shortlag-v2,True
2025-10-18 14:00:00+00:00,SPP_NORTH_HUB,30339,13318,277,16744,46366.75,31480.319921690367,32615.496382768248,33657.830209412656,17811.070214374307,19040.22435255756,20202.680966765536,2025-10-18T14:00:00Z,causal-ridge-shortlag-v2,True
2025-10-18 15:00:00+00:00,CAISO_NP15,21987,803,2639,18545,33983.0,22797.5950518794,23261.91136514657,23445.049556763108,15219.88503009385,13242.059305424016,11254.64496134183,2025-10-18T15:00:00Z,causal-ridge-shortlag-v2,True
2025-10-18 15:00:00+00:00,ISONE_NEMA,8629,75,788,7766,18007.25,8250.933893934725,8550.015781396254,9502.885092540058,7372.690932737974,7708.547857479532,8757.651674113618,2025-10-18T15:00:00Z,causal-ridge-shortlag-v2,True
2025-10-18 15:00:00+00:00,MISO_MINN_HUB,68493,7974,8245,52274,101249.75,70983.7337840034,73326.82844971867,75069.62346476052,55020.68314985077,57530.07707985627,59629.63254373905,2025-10-18T15:00:00Z,causal-ridge-shortlag-v2,True
2025-10-18 15:00:00+00:00,SPP_NORTH_HUB,31127,13904,343,16880,46366.75,32042.063854587148,32922.628781958665,33721.01221115576,17723.34443960886,18818.467549253808,19817.502378082667,2025-10-18T15:00:00Z,causal-ridge-shortlag-v2,True
2025-10-18 16:00:00+00:00,CAISO_NP15,24098,834,10842,12422,33983.0,24668.316958466912,24534.479644408508,24394.09498528926,7966.88238218645,7910.998782742699,8053.992153660007,2025-10-18T16:00:00Z,causal-ridge-shortlag-v2,True
2025-10-18 16:00:00+00:00,ISONE_NEMA,8286,46,838,7402,18007.25,8586.73859015115,9441.68365613087,10553.277596913227,7740.545612984984,8692.009854328651,9924.325868290543,2025-10-18T16:00:00Z,causal-ridge-shortlag-v2,True
2025-10-18 16:00:00+00:00,MISO_MINN_HUB,70510,9279,9046,52185,101249.75,72190.54482070816,73869.84887441897,75147.96125501416,52774.56450272448,53531.18710881943,55753.56974556953,2025-10-18T16:00:00Z,causal-ridge-shortlag-v2,True
2025-10-18 16:00:00+00:00,SPP_NORTH_HUB,31601,14262,570,16769,46366.75,32289.219117665398,32998.720072428914,33646.428429278705,17498.76670797015,18384.480252974117,19106.892890792,2025-10-18T16:00:00Z,causal-ridge-shortlag-v2,True
2025-10-18 17:00:00+00:00,CAISO_NP15,25492,849,14914,9729,33983.0,25746.80684768333,25724.27416985295,25507.72292970037,9238.52841717463,8764.576621100487,9138.088690382092,2025-10-18T17:00:00Z,causal-ridge-shortlag-v2,True
2025-10-18 17:00:00+00:00,ISONE_NEMA,8331,33,797,7501,18007.25,8920.22210027275,9930.364451695394,11107.074718144038,8174.424235281799,9299.701800131865,10603.537849074142,2025-10-18T17:00:00Z,causal-ridge-shortlag-v2,True
2025-10-18 17:00:00+00:00,MISO_MINN_HUB,71964,11487,9085,51392,101249.75,73154.78093412981,74278.95760074808,75337.1892148135,51823.56504420214,53794.11426542586,55569.29094200091,2025-10-18T17:00:00Z,causal-ridge-shortlag-v2,True
2025-10-18 17:00:00+00:00,SPP_NORTH_HUB,32039,15312,632,16095,46366.75,32670.81666281814,33220.320175295376,33621.66871565869,16430.238225712274,16868.6455606576,17200.39273861638,2025-10-18T17:00:00Z,causal-ridge-shortlag-v2,True
2025-10-18 18:00:00+00:00,CAISO_NP15,24514,834,15604,8076,33983.0,24123.61733153668,23730.128961839848,23370.45490853268,7921.901996090972,8351.213563482539,9153.463632780697,2025-10-18T18:00:00Z,causal-ridge-shortlag-v2,True
2025-10-18 18:00:00+00:00,ISONE_NEMA,8965,33,722,8210,18007.25,9967.663484521778,11121.016540435405,12211.421432384495,9320.274313056709,10597.156055707468,11802.993709548316,2025-10-18T18:00:00Z,causal-ridge-shortlag-v2,True
2025-10-18 18:00:00+00:00,MISO_MINN_HUB,72875,13926,8185,50764,101249.75,73596.76271206231,74144.45224102025,74310.71480293386,51183.21182756745,52193.45785262563,53112.91059091654,2025-10-18T18:00:00Z,causal-ridge-shortlag-v2,True
2025-10-18 18:00:00+00:00,SPP_NORTH_HUB,32199,15532,709,15958,46366.75,32612.431463872526,32918.368904119125,33029.65008263954,16568.017640805658,16963.09062921886,17090.660422073033,2025-10-18T18:00:00Z,causal-ridge-shortlag-v2,True
2025-10-18 19:00:00+00:00,CAISO_NP15,24515,898,15796,7821,33983.0,24406.89168286872,24317.685242063428,24551.32610318678,8609.821954165129,10183.34474259236,12027.874104750936,2025-10-18T19:00:00Z,causal-ridge-shortlag-v2,True
2025-10-18 19:00:00+00:00,ISONE_NEMA,10162,26,548,9588,18007.25,11488.317863928914,12640.226880697692,13432.60670347658,11067.290514831262,12338.986079695893,13217.18090861113,2025-10-18T19:00:00Z,causal-ridge-shortlag-v2,True
2025-10-18 19:00:00+00:00,MISO_MINN_HUB,73615,15750,6561,51304,101249.75,74176.19304007197,74279.71786266772,73733.20455803645,52312.9103613281,53086.97293258504,53204.66459709884,2025-10-18T19:00:00Z,causal-ridge-shortlag-v2,True
2025-10-18 19:00:00+00:00,SPP_NORTH_HUB,32317,15818,717,15782,46366.75,32545.10045735933,32614.57602608357,32488.4380940425,16022.70722718176,16110.496331684684,15974.846041278011,2025-10-18T19:00:00Z,causal-ridge-shortlag-v2,True
2025-10-18 20:00:00+00:00,CAISO_NP15,24239,893,15612,7734,33983.0,24081.13163965412,24322.61427678865,24868.86466131174,8805.170107790804,10987.873987271303,13558.169879793237,2025-10-18T20:00:00Z,causal-ridge-shortlag-v2,True
2025-10-18 20:00:00+00:00,ISONE_NEMA,11220,23,262,10935,18007.25,12224.236058938774,13000.409137331882,13317.916876590843,12094.941918698178,12950.86497731072,13306.851645425177,2025-10-18T20:00:00Z,causal-ridge-shortlag-v2,True
2025-10-18 20:00:00+00:00,MISO_MINN_HUB,73797,16599,4749,52449,101249.75,73730.00967496699,73197.86915719455,71840.44812296184,53274.65925905607,53171.53104045795,52713.39277310371,2025-10-18T20:00:00Z,causal-ridge-shortlag-v2,True
2025-10-18 20:00:00+00:00,SPP_NORTH_HUB,32493,16910,726,14857,46366.75,32592.89004771442,32467.182136197465,32120.16755090444,14469.198117912005,14178.490945737907,13771.212657330783,2025-10-18T20:00:00Z,causal-ridge-shortlag-v2,True
2025-10-18 21:00:00+00:00,CAISO_NP15,24296,875,15420,8001,33983.0,24389.9917843466,24756.49500593065,25375.46510552719,9626.781243097734,12184.150319055629,15014.234791759109,2025-10-18T21:00:00Z,causal-ridge-shortlag-v2,True
2025-10-18 21:00:00+00:00,ISONE_NEMA,12282,34,41,12207,18007.25,13180.406790795356,13561.530801294432,13278.424371503455,13214.539300479502,13632.350793674028,13332.502966338749,2025-10-18T21:00:00Z,causal-ridge-shortlag-v2,True
2025-10-18 21:00:00+00:00,MISO_MINN_HUB,74056,16418,2402,55236,101249.75,74091.38357221695,73213.29696497245,71396.03205139647,56822.38283194602,57080.17484088418,55571.82155474342,2025-10-18T21:00:00Z,causal-ridge-shortlag-v2,True
2025-10-18 21:00:00+00:00,SPP_NORTH_HUB,32691,17542,761,14388,46366.75,32692.46802395677,32460.001493078467,31978.76027763849,14170.361614504503,13828.815678569212,13253.159335380946,2025-10-18T21:00:00Z,causal-ridge-shortlag-v2,True
2025-10-18 22:00:00+00:00,CAISO_NP15,23237,719,13921,8597,33983.0,23159.982292761822,23640.82122352036,24393.15394975656,10793.506998673194,13307.85481840713,16276.798862894162,2025-10-18T22:00:00Z,causal-ridge-shortlag-v2,True
2025-10-18 22:00:00+00:00,ISONE_NEMA,12833,49,5,12779,18007.25,12861.412320820496,12521.098610463583,11943.300466629616,12811.150015968213,12460.769486041265,11863.907331439686,2025-10-18T22:00:00Z,causal-ridge-shortlag-v2,True
2025-10-18 22:00:00+00:00,MISO_MINN_HUB,73904,16188,649,57067,101249.75,73107.00281654822,71377.0395817589,68630.0203092722,57071.72866099382,54793.89739554488,51847.65410784279,2025-10-18T22:00:00Z,causal-ridge-shortlag-v2,True
2025-10-18 22:00:00+00:00,SPP_NORTH_HUB,32562,17879,560,14123,46366.75,32177.258080691856,31605.751180184743,30867.235618709048,13783.363771730394,13186.374348298728,12334.50871322044,2025-10-18T22:00:00Z,causal-ridge-shortlag-v2,True
2025-10-18 23:00:00+00:00,CAISO_NP15,23096,691,13458,8947,33983.0,23483.356316558245,23930.76538611009,24596.937121185543,11193.351643170572,14257.354403739231,17566.08317725514,2025-10-18T23:00:00Z,causal-ridge-shortlag-v2,True
2025-10-18 23:00:00+00:00,ISONE_NEMA,12657,65,5,12587,18007.25,12103.925593846006,11442.145765178322,10757.35678352966,12002.602465413953,11313.188956762331,10609.156327800272,2025-10-18T23:00:00Z,causal-ridge-shortlag-v2,True
2025-10-18 23:00:00+00:00,MISO_MINN_HUB,73578,16061,40,57477,101249.75,72341.2947378177,70072.87998924771,67253.387054102,56369.31824159202,54111.59561476721,50903.42959702136,2025-10-18T23:00:00Z,causal-ridge-shortlag-v2,True
2025-10-18 23:00:00+00:00,SPP_NORTH_HUB,32158,18559,138,13461,46366.75,31412.127864134127,30456.78153757549,29382.693552706827,12641.09925433729,11573.065627728276,10391.57756992957,2025-10-18T23:00:00Z,causal-ridge-shortlag-v2,True
2025-10-19 00:00:00+00:00,CAISO_NP15,23710,640,11346,11724,33983.0,24286.771090714203,24941.354953436494,25548.544318444816,15342.948387277776,17923.553681796715,20630.20473040308,2025-10-19T00:00:00Z,causal-ridge-shortlag-v2,True
2025-10-19 00:00:00+00:00,ISONE_NEMA,12263,109,4,12150,18007.25,11750.550706282987,11137.75292550357,10459.694487821896,11607.34127008724,10966.298590130054,10255.671383394289,2025-10-19T00:00:00Z,causal-ridge-shortlag-v2,True
2025-10-19 00:00:00+00:00,MISO_MINN_HUB,72408,16308,3,56097,101249.75,70359.66154072186,67701.57891637197,64793.9523269489,53830.1383854668,51503.63457591786,49575.08443322357,2025-10-19T00:00:00Z,causal-ridge-shortlag-v2,True
2025-10-19 00:00:00+00:00,SPP_NORTH_HUB,31819,19343,1,12475,46366.75,31070.238169180266,30064.138658291224,28932.495483575894,11357.712251532834,10270.924484696934,9241.504506141297,2025-10-19T00:00:00Z,causal-ridge-shortlag-v2,True
2025-10-19 01:00:00+00:00,CAISO_NP15,25323,600,3637,21086,33983.0,26518.966764146982,27331.628649662733,27362.4221787028,26670.913232662664,26740.01538018796,26495.341512611136,2025-10-19T01:00:00Z,causal-ridge-shortlag-v2,True
2025-10-19 01:00:00+00:00,ISONE_NEMA,11746,146,2,11598,18007.25,11156.992823133996,10555.194356840177,10002.396976240958,10990.11285096386,10363.311349281845,9780.961026310048,2025-10-19T01:00:00Z,causal-ridge-shortlag-v2,True
2025-10-19 01:00:00+00:00,MISO_MINN_HUB,70611,17066,3,53542,101249.75,68239.04017017128,65611.71770866396,63113.91031342489,50943.67380568723,48913.4781350398,47263.99067776799,2025-10-19T01:00:00Z,causal-ridge-shortlag-v2,True
2025-10-19 01:00:00+00:00,SPP_NORTH_HUB,31056,19859,0,11197,46366.75,30012.473008675654,28873.4324733576,27755.244623151928,9977.31493198657,8993.940768970939,8129.790708075032,2025-10-19T01:00:00Z,causal-ridge-shortlag-v2,True
2025-10-19 02:00:00+00:00,CAISO_NP15,26200,647,20,25533,33983.0,26848.287189683386,26772.93293054341,25950.858302211134,26067.6610185833,26085.194130210453,25161.717043465836,2025-10-19T02:00:00Z,causal-ridge-shortlag-v2,True
2025-10-19 02:00:00+00:00,ISONE_NEMA,11060,176,2,10882,18007.25,10355.888981175523,9770.682696702885,9375.54556341802,10151.330798365489,9543.25484638889,9128.310915898628,2025-10-19T02:00:00Z,causal-ridge-shortlag-v2,True
2025-10-19 02:00:00+00:00,MISO_MINN_HUB,68313,17452,4,50857,101249.75,65855.51351746357,63528.85858376467,61478.352887939735,48641.2169147356,46911.953888253935,45563.12166139633,2025-10-19T02:00:00Z,causal-ridge-shortlag-v2,True
2025-10-19 02:00:00+00:00,SPP_NORTH_HUB,30151,19859,0,10292,46366.75,29111.58284117147,28070.25194117349,27109.961498127428,9393.346918397558,8573.455251127587,7880.063233325462,2025-10-19T02:00:00Z,causal-ridge-shortlag-v2,True
2025-10-19 03:00:00+00:00,CAISO_NP15,25939,591,0,25348,33983.0,25754.281019531747,25181.6571885461,24345.44230378498,24510.17913824839,23781.152547985752,22991.83183065969,2025-10-19T03:00:00Z,causal-ridge-shortlag-v2,True
2025-10-19 03:00:00+00:00,ISONE_NEMA,10540,162,2,10376,18007.25,10133.633550080844,9823.728685383989,9615.199537471766,9975.523962441031,9660.001447981836,9431.73537375018,2025-10-19T03:00:00Z,causal-ridge-shortlag-v2,True
2025-10-19 03:00:00+00:00,MISO_MINN_HUB,66159,17075,4,49080,101249.75,64194.32289863637,62520.305001143664,61177.89446855124,47925.29686192912,47049.11830611336,46259.96535053414,2025-10-19T03:00:00Z,causal-ridge-shortlag-v2,True
2025-10-19 03:00:00+00:00,SPP_NORTH_HUB,28985,19844,0,9141,46366.75,27862.46609961237,26869.590132858044,26072.64417580749,8220.431661185823,7512.172796477873,7035.599710800872,2025-10-19T03:00:00Z,causal-ridge-shortlag-v2,True
2025-10-19 04:00:00+00:00,CAISO_NP15,25087,540,0,24547,33983.0,24126.48477962434,23016.246065954256,21855.860961220875,23576.723026745876,22453.96613126083,21554.60575110664,2025-10-19T04:00:00Z,causal-ridge-shortlag-v2,True
2025-10-19 04:00:00+00:00,ISONE_NEMA,10274,151,2,10121,18007.25,10064.935972819883,9910.064622315884,9851.663868325186,9916.856330331277,9752.64768162424,9667.622018975542,2025-10-19T04:00:00Z,causal-ridge-shortlag-v2,True
2025-10-19 04:00:00+00:00,MISO_MINN_HUB,63341,17481,4,45856,101249.75,60826.55193692967,59281.3245093759,58324.51518266914,43536.08292272182,41757.3921829068,41740.27909587432,2025-10-19T04:00:00Z,causal-ridge-shortlag-v2,True
2025-10-19 04:00:00+00:00,SPP_NORTH_HUB,27807,19493,0,8314,46366.75,26775.73030583002,25993.45179622612,25480.55674459722,7710.119753041583,7271.692449622931,7092.657718250719,2025-10-19T04:00:00Z,causal-ridge-shortlag-v2,True
2025-10-19 05:00:00+00:00,CAISO_NP15,24370,563,0,23807,33983.0,23406.162617041224,22098.609497136986,20777.79943076288,22730.65132701913,21801.500707375657,21010.523586909665,2025-10-19T05:00:00Z,causal-ridge-shortlag-v2,True
2025-10-19 05:00:00+00:00,ISONE_NEMA,9834,140,2,9692,18007.25,9478.304885328964,9337.082915570303,9389.82523521424,9318.860317987312,9150.106607831473,9171.407902764597,2025-10-19T05:00:00Z,causal-ridge-shortlag-v2,True
2025-10-19 05:00:00+00:00,MISO_MINN_HUB,60903,18274,5,42624,101249.75,59134.71903922991,58276.79023908376,58460.57621307607,40968.82662945062,40996.92990186648,41314.14239960991,2025-10-19T05:00:00Z,causal-ridge-shortlag-v2,True
2025-10-19 05:00:00+00:00,SPP_NORTH_HUB,26715,18058,0,8657,46366.75,25938.915690032976,25492.9991429178,25340.839502391063,8834.3256055262,8921.475346548285,9184.351039659865,2025-10-19T05:00:00Z,causal-ridge-shortlag-v2,True
2025-10-19 06:00:00+00:00,CAISO_NP15,23538,559,0,22979,33983.0,22430.156473235005,21296.890876938167,20313.81194231523,22049.3304879277,21279.30778499404,20607.26873685825,2025-10-19T06:00:00Z,causal-ridge-shortlag-v2,True
2025-10-19 06:00:00+00:00,ISONE_NEMA,9505,165,2,9338,18007.25,9364.933204829911,9332.505921534665,9365.583109200748,9160.174534798376,9086.846828251217,9069.601150021985,2025-10-19T06:00:00Z,causal-ridge-shortlag-v2,True
2025-10-19 06:00:00+00:00,MISO_MINN_HUB,59146,18714,4,40428,101249.75,58187.10492827585,58131.25593864397,58857.96629150325,39764.56843223701,39992.14994340963,40636.75474433969,2025-10-19T06:00:00Z,causal-ridge-shortlag-v2,True
2025-10-19 06:00:00+00:00,SPP_NORTH_HUB,25987,17520,0,8467,46366.75,25591.47047831543,25502.912759328865,25707.066270150124,8423.43335148205,8629.180662940813,9178.648497521875,2025-10-19T06:00:00Z,causal-ridge-shortlag-v2,True
2025-10-19 07:00:00+00:00,CAISO_NP15,22472,474,0,21998,33983.0,21508.378281976104,20663.29177890841,20092.145745064063,21333.026551231294,20571.779361888985,19961.00365664483,2025-10-19T07:00:00Z,causal-ridge-shortlag-v2,True
2025-10-19 07:00:00+00:00,ISONE_NEMA,9617,195,2,9420,18007.25,9786.552536487412,9875.662038865446,9928.104251427892,9560.271087241645,9603.201304630118,9589.691678743611,2025-10-19T07:00:00Z,causal-ridge-shortlag-v2,True
2025-10-19 07:00:00+00:00,MISO_MINN_HUB,57850,19775,5,38070,101249.75,57286.48610043945,57741.84881620435,58918.278323005055,37176.33002235547,36912.8384778395,37865.71909945838,2025-10-19T07:00:00Z,causal-ridge-shortlag-v2,True
2025-10-19 07:00:00+00:00,SPP_NORTH_HUB,25512,16749,0,8763,46366.75,25369.198965849675,25550.838046633347,26002.060026422438,9201.032352074822,9868.994776549152,10790.715382416362,2025-10-19T07:00:00Z,causal-ridge-shortlag-v2,True
2025-10-19 08:00:00+00:00,CAISO_NP15,22102,360,0,21742,33983.0,21554.453237278794,21020.404072189027,20754.87937596022,21478.49557775433,20591.694011313903,19849.408283570392,2025-10-19T08:00:00Z,causal-ridge-shortlag-v2,True
2025-10-19 08:00:00+00:00,ISONE_NEMA,9523,205,2,9316,18007.25,9395.484041169368,9340.4429139904,9390.827414567952,9132.548653448215,9002.606863962095,8979.597996684715,2025-10-19T08:00:00Z,causal-ridge-shortlag-v2,True
2025-10-19 08:00:00+00:00,MISO_MINN_HUB,57095,19499,5,37591,101249.75,57387.63797707648,58562.00566606276,60393.73886169487,38189.95076195046,39541.75636983379,40788.80960806025,2025-10-19T08:00:00Z,causal-ridge-shortlag-v2,True
2025-10-19 08:00:00+00:00,SPP_NORTH_HUB,25224,16295,0,8929,46366.75,25340.482282305813,25781.775573227394,26489.712635903157,9458.4722419779,10293.241614081206,11401.323231952509,2025-10-19T08:00:00Z,causal-ridge-shortlag-v2,True
2025-10-19 09:00:00+00:00,CAISO_NP15,21114,291,0,20823,33983.0,20463.182969107715,20195.114274377556,20287.388769683203,20107.679679809204,19124.16312955314,18322.46504883049,2025-10-19T09:00:00Z,causal-ridge-shortlag-v2,True
2025-10-19 09:00:00+00:00,ISONE_NEMA,9698,243,2,9453,18007.25,9915.735957266776,10005.942060055666,9974.708412755415,9611.915217418116,9625.697148851688,9503.531594449874,2025-10-19T09:00:00Z,causal-ridge-shortlag-v2,True
2025-10-19 09:00:00+00:00,MISO_MINN_HUB,56840,18385,4,38451,101249.75,57665.73286696639,59298.13672278613,61244.40834182601,39637.05578144282,40771.2516115996,42213.61142108376,2025-10-19T09:00:00Z,causal-ridge-shortlag-v2,True
2025-10-19 09:00:00+00:00,SPP_NORTH_HUB,25160,15524,0,9636,46366.75,25489.162395725813,26130.24818279678,26999.30239237453,10586.71587245455,11690.210357086058,12966.584519570391,2025-10-19T09:00:00Z,causal-ridge-shortlag-v2,True
2025-10-19 10:00:00+00:00,CAISO_NP15,20296,219,0,20077,33983.0,20021.615662611635,20094.312361820197,20554.78131513213,19543.979156677924,18307.039546077543,17304.534513712293,2025-10-19T10:00:00Z,causal-ridge-shortlag-v2,True
2025-10-19 10:00:00+00:00,ISONE_NEMA,10017,274,2,9741,18007.25,10210.72591401639,10171.67069592416,10017.128366518436,9868.032688207342,9734.40826179848,9479.257967113415,2025-10-19T10:00:00Z,causal-ridge-shortlag-v2,True
2025-10-19 10:00:00+00:00,MISO_MINN_HUB,57332,18586,4,38742,101249.75,58537.958421332325,60322.99672039471,62474.48335907993,39225.17971604714,39970.50371546633,41295.739872964215,2025-10-19T10:00:00Z,causal-ridge-shortlag-v2,True
2025-10-19 10:00:00+00:00,SPP_NORTH_HUB,25298,14249,0,11049,46366.75,25797.95394230134,26559.598295587028,27506.14350731139,12380.845463583975,13759.853293407272,15211.662440081393,2025-10-19T10:00:00Z,causal-ridge-shortlag-v2,True
2025-10-19 11:00:00+00:00,CAISO_NP15,19978,211,0,19767,33983.0,19995.495352123653,20377.35839736794,21065.596581967828,19017.25414840685,17630.075090900154,16456.971546396097,2025-10-19T11:00:00Z,causal-ridge-shortlag-v2,True
2025-10-19 11:00:00+00:00,ISONE_NEMA,10384,307,29,10048,18007.25,10525.212520792804,10380.617593596264,10111.953837387577,10101.11923009323,9849.432337005155,9475.32366979401,2025-10-19T11:00:00Z,causal-ridge-shortlag-v2,True
2025-10-19 11:00:00+00:00,MISO_MINN_HUB,58406,18768,4,39634,101249.75,60100.53053955294,62047.57828488576,64200.98702193319,40500.21795223222,41771.62788668129,42678.49104516277,2025-10-19T11:00:00Z,causal-ridge-shortlag-v2,True
2025-10-19 11:00:00+00:00,SPP_NORTH_HUB,25787,12844,0,12943,46366.75,26588.24230127807,27522.66804012174,28517.010735543176,14591.928592290653,16020.456075475971,17403.705845739667,2025-10-19T11:00:00Z,causal-ridge-shortlag-v2,True
2025-10-19 12:00:00+00:00,CAISO_NP15,19713,266,0,19447,33983.0,20034.60409518688,20710.047136761576,21559.40455134331,18407.328729737277,16725.020770851574,15281.496278244796,2025-10-19T12:00:00Z,causal-ridge-shortlag-v2,True
2025-10-19 12:00:00+00:00,ISONE_NEMA,10068,343,218,9507,18007.25,9421.77973660716,8950.10681144832,8888.071876737602,8684.96081189039,8101.267559097483,7986.57889996402,2025-10-19T12:00:00Z,causal-ridge-shortlag-v2,True
2025-10-19 12:00:00+00:00,MISO_MINN_HUB,60036,18076,131,41829,101249.75,62187.5919963042,64255.16390122832,66077.768129837,43334.35524041522,44206.929088804856,44495.883178349046,2025-10-19T12:00:00Z,causal-ridge-shortlag-v2,True
2025-10-19 12:00:00+00:00,SPP_NORTH_HUB,26443,11346,5,15092,46366.75,27322.958607346765,28269.67938574664,29217.409321717365,16825.846198758838,18250.923484113337,19528.40028668408,2025-10-19T12:00:00Z,causal-ridge-shortlag-v2,True
2025-10-19 13:00:00+00:00,CAISO_NP15,19806,262,0,19544,33983.0,20507.40166541084,21386.1621208768,22265.82248815362,18365.333991404597,16318.280827646726,14487.672044616153,2025-10-19T13:00:00Z,causal-ridge-shortlag-v2,True
2025-10-19 13:00:00+00:00,ISONE_NEMA,9965,314,439,9212,18007.25,9870.65835351348,9956.65847371138,10284.063270233064,9020.346435101594,9069.93705244603,9392.906123380735,2025-10-19T13:00:00Z,causal-ridge-shortlag-v2,True
2025-10-19 13:00:00+00:00,MISO_MINN_HUB,61667,17087,2999,41581,101249.75,63287.253461214525,65111.17923176638,66908.11191319938,41321.81251288313,41403.56498248791,43150.22609457493,2025-10-19T13:00:00Z,causal-ridge-shortlag-v2,True
2025-10-19 13:00:00+00:00,SPP_NORTH_HUB,27005,9558,238,17209,46366.75,27835.049499962697,28792.155415765497,29783.572017404003,18907.967990426383,20368.835847833077,21601.04559255716,2025-10-19T13:00:00Z,causal-ridge-shortlag-v2,True
2025-10-19 14:00:00+00:00,CAISO_NP15,20356,360,0,19996,33983.0,21284.727933600832,22197.212155281966,22898.359926072106,18331.74310647249,15986.906273256758,13739.250934163603,2025-10-19T14:00:00Z,causal-ridge-shortlag-v2,True
2025-10-19 14:00:00+00:00,ISONE_NEMA,9392,213,538,8641,18007.25,9090.99967841059,9261.808997957927,9788.147830588436,8302.494468570436,8455.301662990678,9007.639856075764,2025-10-19T14:00:00Z,causal-ridge-shortlag-v2,True
2025-10-19 14:00:00+00:00,MISO_MINN_HUB,62804,14976,6780,41048,101249.75,64333.14511165908,66257.77331724553,68494.34869650764,41608.12379697528,43834.19856792227,46188.38210578621,2025-10-19T14:00:00Z,causal-ridge-shortlag-v2,True
2025-10-19 14:00:00+00:00,SPP_NORTH_HUB,27334,5733,832,20769,46366.75,28222.2264751006,29410.290440213867,30655.062837610327,23488.78304988193,25330.352711661544,26555.031465031163,2025-10-19T14:00:00Z,causal-ridge-shortlag-v2,True
2025-10-19 15:00:00+00:00,CAISO_NP15,20812,408,2534,17870,33983.0,21595.0281151069,22267.898442406626,22768.85852032101,14633.573004686925,12906.785847855614,11274.379416385054,2025-10-19T15:00:00Z,causal-ridge-shortlag-v2,True
2025-10-19 15:00:00+00:00,ISONE_NEMA,8941,226,625,8090,18007.25,8928.907968352478,9373.643360179442,10130.104937823911,8036.00180807999,8507.133919178643,9325.847926523224,2025-10-19T15:00:00Z,causal-ridge-shortlag-v2,True
2025-10-19 15:00:00+00:00,MISO_MINN_HUB,63609,13304,8510,41795,101249.75,65163.539033784255,67037.69374720944,68820.0077072676,43531.18767479026,45597.37886450519,47427.23051127861,2025-10-19T15:00:00Z,causal-ridge-shortlag-v2,True
2025-10-19 15:00:00+00:00,SPP_NORTH_HUB,27565,4383,891,22291,46366.75,28331.05917245652,29356.926002961834,30477.55269773623,23604.4520938111,24660.252205068908,25421.263150505343,2025-10-19T15:00:00Z,causal-ridge-shortlag-v2,True
2025-10-19 16:00:00+00:00,CAISO_NP15,22883,443,10639,11801,33983.0,23955.97035024279,24109.99740458612,24182.224171730355,7822.669282546589,7821.930817924125,8244.016629673235,2025-10-19T16:00:00Z,causal-ridge-shortlag-v2,True
2025-10-19 16:00:00+00:00,ISONE_NEMA,8843,276,686,7881,18007.25,9124.507519693085,9828.252835348423,10840.871775377858,8160.887390898952,8928.7026131056,10037.00847336536,2025-10-19T16:00:00Z,causal-ridge-shortlag-v2,True
2025-10-19 16:00:00+00:00,MISO_MINN_HUB,64671,14256,8544,41871,101249.75,66018.72452906544,67449.2172831074,68687.32525531198,42850.49652117616,44171.25826332139,46429.66646959184,2025-10-19T16:00:00Z,causal-ridge-shortlag-v2,True
2025-10-19 16:00:00+00:00,SPP_NORTH_HUB,27951,6922,960,20069,46366.75,28695.29573974642,29652.55181405926,30690.29110331926,19315.590352304327,19425.439218046587,19751.16465059412,2025-10-19T16:00:00Z,causal-ridge-shortlag-v2,True
2025-10-19 17:00:00+00:00,CAISO_NP15,24145,527,13385,10233,33983.0,24508.05603540406,24706.62473616087,24704.42501036383,10278.139513254117,9573.29663171262,9766.595362252006,2025-10-19T17:00:00Z,causal-ridge-shortlag-v2,True
2025-10-19 17:00:00+00:00,ISONE_NEMA,9020,362,708,7950,18007.25,9540.329642608,10418.88790715473,11491.914036682092,8476.0227021364,9420.553035884912,10586.958266611387,2025-10-19T17:00:00Z,causal-ridge-shortlag-v2,True
2025-10-19 17:00:00+00:00,MISO_MINN_HUB,65299,15965,8706,40628,101249.75,66002.02774223065,66877.11514882589,67718.50173863386,40695.52235223133,41934.86187752861,44372.0106542716,2025-10-19T17:00:00Z,causal-ridge-shortlag-v2,True
2025-10-19 17:00:00+00:00,SPP_NORTH_HUB,28349,9015,886,18448,46366.75,28983.354921312617,29810.670824121447,30640.34128661076,18109.001479457427,18317.69801019583,18572.82306895207,2025-10-19T17:00:00Z,causal-ridge-shortlag-v2,True
2025-10-19 18:00:00+00:00,CAISO_NP15,23922,631,13852,9439,33983.0,23708.514076556567,23578.721873483544,23456.43315342255,9219.296063273376,9585.783315321649,10246.695767956928,2025-10-19T18:00:00Z,causal-ridge-shortlag-v2,True
2025-10-19 18:00:00+00:00,ISONE_NEMA,9598,426,603,8569,18007.25,10524.49655598848,11565.328325657623,12480.358001102162,9568.67050938766,10694.644001798137,11694.024921139548,2025-10-19T18:00:00Z,causal-ridge-shortlag-v2,True
2025-10-19 18:00:00+00:00,MISO_MINN_HUB,65765,17517,8748,39500,101249.75,66429.83997950317,67106.01084430952,67755.63860485994,40003.87451424954,41775.77560394628,43932.1120636618,2025-10-19T18:00:00Z,causal-ridge-shortlag-v2,True
2025-10-19 18:00:00+00:00,SPP_NORTH_HUB,28657,11386,894,16377,46366.75,29242.66009159139,29988.4654924002,30747.28587177292,15711.28034461669,15643.853834688089,15704.814272341811,2025-10-19T18:00:00Z,causal-ridge-shortlag-v2,True
2025-10-19 19:00:00+00:00,CAISO_NP15,24575,1031,13934,9610,33983.0,24902.530710686093,25145.76852552756,25522.79143188476,10460.932008127931,11596.333474144438,13208.044777354253,2025-10-19T19:00:00Z,causal-ridge-shortlag-v2,True
2025-10-19 19:00:00+00:00,ISONE_NEMA,10123,516,439,9168,18007.25,10864.301932147197,11641.295091479613,12229.83645984246,9972.439124589013,10812.832880768756,11464.99083129672,2025-10-19T19:00:00Z,causal-ridge-shortlag-v2,True
2025-10-19 19:00:00+00:00,MISO_MINN_HUB,66174,17180,9009,39985,101249.75,66961.22715731197,67646.53297450428,67958.17775054646,41830.73625177924,43907.40053192641,45865.52183208919,2025-10-19T19:00:00Z,causal-ridge-shortlag-v2,True
2025-10-19 19:00:00+00:00,SPP_NORTH_HUB,28968,12872,926,15170,46366.75,29459.4652167323,30077.03783704821,30659.634694690438,14936.660731670245,15006.83719603925,15044.223210023276,2025-10-19T19:00:00Z,causal-ridge-shortlag-v2,True
2025-10-19 20:00:00+00:00,CAISO_NP15,24532,1309,13780,9443,33983.0,24533.141782674404,24879.988111573675,25390.654267556667,10313.480301582256,11954.620114303742,14123.423476708756,2025-10-19T20:00:00Z,causal-ridge-shortlag-v2,True
2025-10-19 20:00:00+00:00,ISONE_NEMA,11484,628,218,10638,18007.25,12872.348352658615,13729.867398929786,13911.178813722492,12145.853126857555,13080.2461778199,13285.439972632066,2025-10-19T20:00:00Z,causal-ridge-shortlag-v2,True
2025-10-19 20:00:00+00:00,MISO_MINN_HUB,66566,15964,9466,41136,101249.75,67228.47185568316,67769.46600096134,67828.54128184608,43347.79404046851,45164.04927447135,47184.604995382906,2025-10-19T20:00:00Z,causal-ridge-shortlag-v2,True
2025-10-19 20:00:00+00:00,SPP_NORTH_HUB,29441,14608,960,13873,46366.75,29956.607689480345,30490.74166203341,30938.351077361447,13416.916352889762,13395.68754642458,13389.48889556123,2025-10-19T20:00:00Z,causal-ridge-shortlag-v2,True
2025-10-19 21:00:00+00:00,CAISO_NP15,22690,1292,12811,8587,33983.0,22525.200207361137,22870.67635049538,23527.433342028195,9855.435113226831,11689.688823529315,14187.575925429242,2025-10-19T21:00:00Z,causal-ridge-shortlag-v2,True
2025-10-19 21:00:00+00:00,ISONE_NEMA,12802,764,39,11999,18007.25,13560.0749628751,13744.593637930837,13492.686350664557,12805.515776026084,13004.714436941116,12745.570587636414,2025-10-19T21:00:00Z,causal-ridge-shortlag-v2,True
2025-10-19 21:00:00+00:00,MISO_MINN_HUB,67436,15362,9051,43023,101249.75,68344.3522358172,68777.99014683347,68737.77563205641,45721.939561079074,47898.94178196821,49334.20775561326,2025-10-19T21:00:00Z,causal-ridge-shortlag-v2,True
2025-10-19 21:00:00+00:00,SPP_NORTH_HUB,29943,16274,959,12710,46366.75,30380.67734011873,30772.771439513243,31024.367032004717,12324.974449075466,12274.101999221357,12158.97164275655,2025-10-19T21:00:00Z,causal-ridge-shortlag-v2,True
2025-10-19 22:00:00+00:00,CAISO_NP15,22951,1472,12266,9213,33983.0,23184.095864519026,23640.665921870997,24396.069947579053,11141.083204483935,13762.297295701472,16713.057913332563,2025-10-19T22:00:00Z,causal-ridge-shortlag-v2,True
2025-10-19 22:00:00+00:00,ISONE_NEMA,13491,919,3,12569,18007.25,13518.478247218156,13149.138756084149,12568.180759169049,12543.60982460129,12148.5459245508,11554.813026120177,2025-10-19T22:00:00Z,causal-ridge-shortlag-v2,True
2025-10-19 22:00:00+00:00,MISO_MINN_HUB,68619,13163,4142,51314,101249.75,70253.5499817963,70639.19211698053,69583.01021858484,57534.30241481642,60962.091077803445,60428.05306608505,2025-10-19T22:00:00Z,causal-ridge-shortlag-v2,True
2025-10-19 22:00:00+00:00,SPP_NORTH_HUB,30310,17312,690,12308,46366.75,30481.78663002526,30529.494554030534,30406.189790134184,12161.816447223173,12016.246402357488,11691.501927925696,2025-10-19T22:00:00Z,causal-ridge-shortlag-v2,True
2025-10-19 23:00:00+00:00,CAISO_NP15,22981,1586,12378,9017,33983.0,23185.23326484609,23731.069231928937,24393.3287845324,10755.78402293292,13929.36064711314,17314.346381208295,2025-10-19T23:00:00Z,causal-ridge-shortlag-v2,True
2025-10-19 23:00:00+00:00,ISONE_NEMA,13228,974,3,12251,18007.25,12620.31066384139,11981.557860322706,11329.710016868925,11602.833504457816,10945.77276893867,10298.742073765825,2025-10-19T23:00:00Z,causal-ridge-shortlag-v2,True
2025-10-19 23:00:00+00:00,MISO_MINN_HUB,69503,9949,136,59418,101249.75,70042.99360559855,69324.25596188824,66739.73786990735,63138.03296743557,62310.28020041966,60647.353879400674,2025-10-19T23:00:00Z,causal-ridge-shortlag-v2,True
2025-10-19 23:00:00+00:00,SPP_NORTH_HUB,30243,17499,147,12597,46366.75,29895.84862075734,29321.206245235808,28579.06152485669,12509.630909596688,12121.646397510194,11511.631510284096,2025-10-19T23:00:00Z,causal-ridge-shortlag-v2,True
2025-10-20 00:00:00+00:00,CAISO_NP15,23563,1899,10669,10995,33983.0,24287.34239599905,24975.12767642903,25537.07843452313,14635.539544798894,17342.671139923474,19987.44446750807,2025-10-20T00:00:00Z,causal-ridge-shortlag-v2,True
2025-10-20 00:00:00+00:00,ISONE_NEMA,12685,985,3,11697,18007.25,12128.97671620415,11543.689438896665,10925.40717959409,11132.801951866988,10556.87849121854,9953.708591297884,2025-10-20T00:00:00Z,causal-ridge-shortlag-v2,True
2025-10-20 00:00:00+00:00,MISO_MINN_HUB,69539,9841,7,59691,101249.75,68185.53479791452,66083.38565963424,63730.36751272166,57451.86735163251,55007.9099851801,53766.49802957294,2025-10-20T00:00:00Z,causal-ridge-shortlag-v2,True
2025-10-20 00:00:00+00:00,SPP_NORTH_HUB,30530,19964,0,10566,46366.75,30326.674003919827,29706.97987104484,28862.50892692013,8994.08295897314,7974.423678360255,7233.45510908813,2025-10-20T00:00:00Z,causal-ridge-shortlag-v2,True
2025-10-20 01:00:00+00:00,CAISO_NP15,25927,2490,3311,20126,33983.0,27243.65456818163,28014.605757196805,27921.544443377872,25900.369418796705,26374.787948794143,26218.304259877143,2025-10-20T01:00:00Z,causal-ridge-shortlag-v2,True
2025-10-20 01:00:00+00:00,ISONE_NEMA,11906,968,2,10936,18007.25,11161.04889108326,10545.028234945688,10115.33872290471,10207.636997963684,9622.152955068124,9232.86255014616,2025-10-20T01:00:00Z,causal-ridge-shortlag-v2,True
2025-10-20 01:00:00+00:00,MISO_MINN_HUB,67248,11459,1,55788,101249.75,64229.17714513975,61199.634555791454,58894.62194966992,51515.61940981771,49845.44157211004,47952.865669015184,2025-10-20T01:00:00Z,causal-ridge-shortlag-v2,True
2025-10-20 01:00:00+00:00,SPP_NORTH_HUB,30063,20779,0,9284,46366.75,29272.235382644278,28325.88919839237,27306.9938278879,8401.262636047968,7727.433794616689,7082.898345131187,2025-10-20T01:00:00Z,causal-ridge-shortlag-v2,True
2025-10-20 02:00:00+00:00,CAISO_NP15,26729,3154,37,23538,33983.0,27235.84147616356,27013.54710036056,25991.5263388474,24021.16258084672,24613.453547202535,23908.245902419963,2025-10-20T02:00:00Z,causal-ridge-shortlag-v2,True
2025-10-20 02:00:00+00:00,ISONE_NEMA,11136,986,2,10148,18007.25,10484.151985733735,10015.229462260591,9778.47799091119,9511.228130343314,9081.435046829074,8889.342181765474,2025-10-20T02:00:00Z,causal-ridge-shortlag-v2,True
2025-10-20 02:00:00+00:00,MISO_MINN_HUB,64636,14250,2,50384,101249.75,61763.80042004495,58890.296702854175,56726.89151983113,46061.92243376158,43403.01959604242,40902.72802697309,2025-10-20T02:00:00Z,causal-ridge-shortlag-v2,True
2025-10-20 02:00:00+00:00,SPP_NORTH_HUB,29159,20763,0,8396,46366.75,28212.34445518248,27238.300359678888,26321.00152985017,7714.86326524642,7060.188669634594,6493.071996301302,2025-10-20T02:00:00Z,causal-ridge-shortlag-v2,True
2025-10-20 03:00:00+00:00,CAISO_NP15,26627,3404,0,23223,33983.0,26321.478528610794,25622.645341868887,24680.117165943266,23027.987802903048,22878.68851761232,22250.97094648809,2025-10-20T03:00:00Z,causal-ridge-shortlag-v2,True
2025-10-20 03:00:00+00:00,ISONE_NEMA,10457,965,2,9490,18007.25,9981.80421389236,9722.72648680134,9664.352192366,9051.100957263285,8833.657935806827,8813.633035766134,2025-10-20T03:00:00Z,causal-ridge-shortlag-v2,True
2025-10-20 03:00:00+00:00,MISO_MINN_HUB,61779,16305,2,45472,101249.75,59040.50679411921,56655.511626722335,54634.71785824906,42090.78621565961,39148.884167463,37091.51122239285,2025-10-20T03:00:00Z,causal-ridge-shortlag-v2,True
2025-10-20 03:00:00+00:00,SPP_NORTH_HUB,27982,20425,0,7557,46366.75,26856.546740091788,25817.08406051556,24941.754982135622,6864.803375960839,6302.391554838365,5931.587733198232,2025-10-20T03:00:00Z,causal-ridge-shortlag-v2,True
2025-10-20 04:00:00+00:00,CAISO_NP15,25683,3557,0,22126,33983.0,24576.777171525093,23319.59571323553,22030.55247574852,21573.23079866337,21234.595929174804,20676.108027225684,2025-10-20T04:00:00Z,causal-ridge-shortlag-v2,True
2025-10-20 04:00:00+00:00,ISONE_NEMA,10238,928,2,9308,18007.25,10199.482944782649,10186.13872946972,10200.19529876365,9317.80926276942,9343.362733849615,9375.287672954895,2025-10-20T04:00:00Z,causal-ridge-shortlag-v2,True
2025-10-20 04:00:00+00:00,MISO_MINN_HUB,59245,17999,3,41243,101249.75,57059.12340422358,55438.3643836985,54210.68147457937,38704.008099948405,36417.6561401053,35492.544445925225,2025-10-20T04:00:00Z,causal-ridge-shortlag-v2,True
2025-10-20 04:00:00+00:00,SPP_NORTH_HUB,26782,19349,0,7433,46366.75,25723.552058572048,24836.953753279035,24165.166154367045,7203.973333295269,6966.9855041595365,6901.879274632483,2025-10-20T04:00:00Z,causal-ridge-shortlag-v2,True
2025-10-20 05:00:00+00:00,CAISO_NP15,25021,3596,0,21425,33983.0,23898.824697493823,22515.71867321358,21194.804801503084,20992.654070609417,20892.48769430929,20454.442615828157,2025-10-20T05:00:00Z,causal-ridge-shortlag-v2,True
2025-10-20 05:00:00+00:00,ISONE_NEMA,9966,966,2,8998,18007.25,9691.063349378252,9586.362834011868,9696.10310537978,8717.912838651286,8618.537849063483,8734.608097555132,2025-10-20T05:00:00Z,causal-ridge-shortlag-v2,True
2025-10-20 05:00:00+00:00,MISO_MINN_HUB,57212,19026,4,38182,101249.75,55758.20152800625,55034.69794115548,54743.7028228456,36801.597683210006,35878.497924972355,36070.170928192245,2025-10-20T05:00:00Z,causal-ridge-shortlag-v2,True
2025-10-20 05:00:00+00:00,SPP_NORTH_HUB,26038,18955,0,7083,46366.75,25362.94915680501,24815.24491841571,24454.436928659357,6794.487462480942,6662.837928050149,6822.895325268251,2025-10-20T05:00:00Z,causal-ridge-shortlag-v2,True
2025-10-20 06:00:00+00:00,CAISO_NP15,23831,3258,0,20573,33983.0,22604.773682872747,21433.32237112729,20482.26783087213,20267.562221810636,20297.08636227765,20022.18422514377,2025-10-20T06:00:00Z,causal-ridge-shortlag-v2,True
2025-10-20 06:00:00+00:00,ISONE_NEMA,10012,1013,2,8997,18007.25,10124.663415270725,10250.178400132963,10375.377708988495,9105.186807435382,9229.451325160975,9338.764934690298,2025-10-20T06:00:00Z,causal-ridge-shortlag-v2,True
2025-10-20 06:00:00+00:00,MISO_MINN_HUB,56143,19336,4,36803,101249.75,55776.78382458621,56052.25515982008,56664.08609194802,36833.39044796721,37151.78585707306,37995.33288487872,2025-10-20T06:00:00Z,causal-ridge-shortlag-v2,True
2025-10-20 06:00:00+00:00,SPP_NORTH_HUB,25629,18569,0,7060,46366.75,25262.48807880033,25032.50096732917,24969.170759889945,7144.101103589548,7462.541034373324,8032.194282781993,2025-10-20T06:00:00Z,causal-ridge-shortlag-v2,True
2025-10-20 07:00:00+00:00,CAISO_NP15,22197,3056,0,19141,33983.0,21069.123959976416,20198.641785217133,19756.296699568997,18912.0930833025,19085.462272453096,18984.729763132447,2025-10-20T07:00:00Z,causal-ridge-shortlag-v2,True
2025-10-20 07:00:00+00:00,ISONE_NEMA,10012,957,2,9053,18007.25,10058.401034714054,10141.414193528992,10226.576970424538,9107.1214260414,9170.229682332963,9225.498248068758,2025-10-20T07:00:00Z,causal-ridge-shortlag-v2,True
2025-10-20 07:00:00+00:00,MISO_MINN_HUB,55660,18964,3,36693,101249.75,55898.74783538103,56871.842908870654,58051.32434222073,37462.40578854226,38405.50688114826,39993.40470346187,2025-10-20T07:00:00Z,causal-ridge-shortlag-v2,True
2025-10-20 07:00:00+00:00,SPP_NORTH_HUB,25392,18313,0,7079,46366.75,25281.147954934306,25334.614656725105,25562.85086602342,7404.968799567094,7988.038946682424,8802.635622323707,2025-10-20T07:00:00Z,causal-ridge-shortlag-v2,True
2025-10-20 08:00:00+00:00,CAISO_NP15,21879,2853,0,19026,33983.0,21375.269356170684,20906.534427964358,20797.56705407495,19483.832156364173,19521.161990879624,19262.926198671303,2025-10-20T08:00:00Z,causal-ridge-shortlag-v2,True
2025-10-20 08:00:00+00:00,ISONE_NEMA,10217,940,2,9275,18007.25,10440.05898472443,10579.779562814134,10627.303008568671,9489.278594670384,9601.669389113811,9604.768396720992,2025-10-20T08:00:00Z,causal-ridge-shortlag-v2,True
2025-10-20 08:00:00+00:00,MISO_MINN_HUB,55798,18123,3,37672,101249.75,56706.603012783904,58240.32185357912,59952.150241048585,39072.433255441545,40603.09326505169,42105.61963867443,2025-10-20T08:00:00Z,causal-ridge-shortlag-v2,True
2025-10-20 08:00:00+00:00,SPP_NORTH_HUB,25434,18706,0,6728,46366.75,25573.85868229741,25858.25478670012,26300.47832739641,6963.920787341309,7669.358706544257,8679.022581052472,2025-10-20T08:00:00Z,causal-ridge-shortlag-v2,True
2025-10-20 09:00:00+00:00,CAISO_NP15,21748,2679,0,19069,33983.0,21263.569383110556,21105.181456321505,21249.730196256744,19140.53489767081,18984.650122477204,18445.392214056097,2025-10-20T09:00:00Z,causal-ridge-shortlag-v2,True
2025-10-20 09:00:00+00:00,ISONE_NEMA,10512,975,2,9535,18007.25,10669.031986581143,10691.541285710851,10672.886755649432,9654.374375507645,9628.272029521617,9556.362080786645,2025-10-20T09:00:00Z,causal-ridge-shortlag-v2,True
2025-10-20 09:00:00+00:00,MISO_MINN_HUB,57216,17968,3,39245,101249.75,59031.44032684042,61044.14012144047,63129.25155044012,40912.49883138872,42516.56559699423,43704.49188952525,2025-10-20T09:00:00Z,causal-ridge-shortlag-v2,True
2025-10-20 09:00:00+00:00,SPP_NORTH_HUB,25846,19174,0,6672,46366.75,26275.67787944768,26789.327731538448,27385.756156340467,7191.036605952409,8114.702626232822,9288.73181516885,2025-10-20T09:00:00Z,causal-ridge-shortlag-v2,True
2025-10-20 10:00:00+00:00,CAISO_NP15,21385,2429,0,18956,33983.0,21162.809254244137,21319.663214930653,21765.525856775057,18960.45767482156,18305.600390237098,17371.538102123104,2025-10-20T10:00:00Z,causal-ridge-shortlag-v2,True
2025-10-20 10:00:00+00:00,ISONE_NEMA,11631,992,2,10637,18007.25,12457.245027360736,12691.485661199284,12518.62128499938,11455.891199376512,11642.453072243276,11386.574821866492,2025-10-20T10:00:00Z,causal-ridge-shortlag-v2,True
2025-10-20 10:00:00+00:00,MISO_MINN_HUB,60518,18367,3,42148,101249.75,63597.74548583274,66200.94899230247,68534.39300164153,44655.4371805258,46795.32075444966,47882.00800782595,2025-10-20T10:00:00Z,causal-ridge-shortlag-v2,True
2025-10-20 10:00:00+00:00,SPP_NORTH_HUB,26804,19640,0,7164,46366.75,27621.0193746683,28390.595134294297,29119.97064814666,8003.917666861835,9103.589884922012,10367.275898194122,2025-10-20T10:00:00Z,causal-ridge-shortlag-v2,True
2025-10-20 11:00:00+00:00,CAISO_NP15,21289,2606,0,18683,33983.0,21389.09336083652,21742.37940417948,22328.019295035512,18322.314484669547,17348.32928856085,16191.117457313158,2025-10-20T11:00:00Z,causal-ridge-shortlag-v2,True
2025-10-20 11:00:00+00:00,ISONE_NEMA,12668,1125,4,11539,18007.25,12967.710432983436,12766.104539268586,12440.987823373209,11741.000502284898,11434.491913108695,11013.199787528963,2025-10-20T11:00:00Z,causal-ridge-shortlag-v2,True
2025-10-20 11:00:00+00:00,MISO_MINN_HUB,65616,18806,4,46806,101249.75,69776.20644884923,72820.61416267543,74988.22440323129,50146.501835004994,51960.81355141712,52418.02883145303,2025-10-20T11:00:00Z,causal-ridge-shortlag-v2,True
2025-10-20 11:00:00+00:00,SPP_NORTH_HUB,28630,20355,0,8275,46366.75,29981.47629461054,31033.35351501945,31829.32713629306,9369.378428384509,10592.647486284655,11870.712398576752,2025-10-20T11:00:00Z,causal-ridge-shortlag-v2,True
2025-10-20 12:00:00+00:00,CAISO_NP15,20529,2567,0,17962,33983.0,20601.340428603435,21124.483962711256,21873.260177088225,17081.255995546475,15774.936116040592,14408.655022584971,2025-10-20T12:00:00Z,causal-ridge-shortlag-v2,True
2025-10-20 12:00:00+00:00,ISONE_NEMA,13070,1112,20,11938,18007.25,12945.506460902796,12617.65876666958,12257.213960290828,11742.873617565569,11327.287719699902,10899.052192313264,2025-10-20T12:00:00Z,causal-ridge-shortlag-v2,True
2025-10-20 12:00:00+00:00,MISO_MINN_HUB,68622,19503,545,48574,101249.75,70460.37500507697,72179.68024797326,73020.15714043514,48489.12906014487,46785.38019254781,46565.17497723137,2025-10-20T12:00:00Z,causal-ridge-shortlag-v2,True
2025-10-20 12:00:00+00:00,SPP_NORTH_HUB,29997,20911,4,9082,46366.75,31044.24326606075,31848.538514694654,32442.88195175006,10203.780638480272,11380.397858082562,12447.274936731455,2025-10-20T12:00:00Z,causal-ridge-shortlag-v2,True
2025-10-20 13:00:00+00:00,CAISO_NP15,21674,2174,0,19500,33983.0,22409.99491132812,23168.52228543207,23901.164975838998,18981.485611411877,17236.396747907587,15309.488772056791,2025-10-20T13:00:00Z,causal-ridge-shortlag-v2,True
2025-10-20 13:00:00+00:00,ISONE_NEMA,13411,1119,38,12254,18007.25,13445.317816584253,13149.639024756609,12697.40328003833,12218.54767959278,11849.259379618918,11332.632813078317,2025-10-20T13:00:00Z,causal-ridge-shortlag-v2,True
2025-10-20 13:00:00+00:00,MISO_MINN_HUB,68918,19473,6703,42742,101249.75,68281.88487178985,68691.11188593428,70038.24034063413,38199.54350570589,36622.65264139949,38147.20043487716,2025-10-20T13:00:00Z,causal-ridge-shortlag-v2,True
2025-10-20 13:00:00+00:00,SPP_NORTH_HUB,30365,20896,164,9305,46366.75,30835.998138128318,31314.634893875125,31771.188487487685,10273.80563688653,11211.104049812782,11998.064560572422,2025-10-20T13:00:00Z,causal-ridge-shortlag-v2,True
2025-10-20 14:00:00+00:00,CAISO_NP15,24063,1971,7,22085,33983.0,25095.698692851616,25919.03980800185,26283.68161408641,20844.65881753688,18497.69777468213,15887.475072163565,2025-10-20T14:00:00Z,causal-ridge-shortlag-v2,True
2025-10-20 14:00:00+00:00,ISONE_NEMA,13582,1135,54,12393,18007.25,13443.447350872731,13174.988927111348,12930.776682094764,12210.910537230704,11891.73495361589,11610.85015328644,2025-10-20T14:00:00Z,causal-ridge-shortlag-v2,True
2025-10-20 14:00:00+00:00,MISO_MINN_HUB,68782,18776,12214,37792,101249.75,68868.71112272744,69855.78673723369,72300.82005788798,36646.70837775811,40105.266650786696,42707.42818396678,2025-10-20T14:00:00Z,causal-ridge-shortlag-v2,True
2025-10-20 14:00:00+00:00,SPP_NORTH_HUB,30580,20184,519,9877,46366.75,31050.688759267443,31632.10912809145,32210.79604558501,10973.81780829734,11745.653848578564,12360.809790514208,2025-10-20T14:00:00Z,causal-ridge-shortlag-v2,True
2025-10-20 15:00:00+00:00,CAISO_NP15,25101,1794,2501,20806,33983.0,25740.97942840492,26200.0400336179,26260.825895100552,17567.923881325347,15236.957406247491,12947.51959771292,2025-10-20T15:00:00Z,causal-ridge-shortlag-v2,True
2025-10-20 15:00:00+00:00,ISONE_NEMA,13522,1186,92,12244,18007.25,13253.801203212635,12981.753366268567,12850.639326616683,11904.303081977649,11583.891361653295,11434.371402080313,2025-10-20T15:00:00Z,causal-ridge-shortlag-v2,True
2025-10-20 15:00:00+00:00,MISO_MINN_HUB,68946,18961,12639,37346,101249.75,69793.72167080831,71329.35562277617,72883.26043396353,39583.939965459016,42096.59068663239,44544.70263855231,2025-10-20T15:00:00Z,causal-ridge-shortlag-v2,True
2025-10-20 15:00:00+00:00,SPP_NORTH_HUB,30971,20373,622,9976,46366.75,31484.70486893196,32053.797925832598,32598.20059625453,10502.11177352676,11073.725958069646,11666.423685819576,2025-10-20T15:00:00Z,causal-ridge-shortlag-v2,True
2025-10-20 16:00:00+00:00,CAISO_NP15,26406,1572,11148,13686,33983.0,27059.985454087087,26740.059582500413,26351.162054668683,9110.77611450521,8500.557053555696,8477.608325386833,2025-10-20T16:00:00Z,causal-ridge-shortlag-v2,True
2025-10-20 16:00:00+00:00,ISONE_NEMA,13430,1187,133,12110,18007.25,13325.925775898668,13238.004285331566,13224.252354998356,11970.063049500992,11861.30483341573,11849.693185623271,2025-10-20T16:00:00Z,causal-ridge-shortlag-v2,True
2025-10-20 16:00:00+00:00,MISO_MINN_HUB,69239,19835,11639,37765,101249.75,69882.14914862889,71187.0471377684,72172.78198980245,39695.029500281176,41001.41396418236,44049.54373401459,2025-10-20T16:00:00Z,causal-ridge-shortlag-v2,True
2025-10-20 16:00:00+00:00,SPP_NORTH_HUB,31399,20540,609,10250,46366.75,31809.486174934667,32248.26233632574,32656.36117067612,10677.560355498154,11385.75311464567,12105.858052788712,2025-10-20T16:00:00Z,causal-ridge-shortlag-v2,True
2025-10-20 17:00:00+00:00,CAISO_NP15,28202,1508,15476,11218,33983.0,28315.343312656714,28012.772958841862,27544.48981525624,10713.288381336428,10035.950426872703,10213.041463817,2025-10-20T17:00:00Z,causal-ridge-shortlag-v2,True
2025-10-20 17:00:00+00:00,ISONE_NEMA,13103,1170,250,11683,18007.25,12837.477786216412,12755.003099553636,12902.369981633552,11362.451698697976,11272.95177184593,11454.81658938114,2025-10-20T17:00:00Z,causal-ridge-shortlag-v2,True
2025-10-20 17:00:00+00:00,MISO_MINN_HUB,69780,21120,11531,37129,101249.75,70326.24327632778,71405.9125107161,72733.23720539598,38299.45342041159,40831.12311325578,44671.73314037759,2025-10-20T17:00:00Z,causal-ridge-shortlag-v2,True
2025-10-20 17:00:00+00:00,SPP_NORTH_HUB,31870,19989,596,11285,46366.75,32300.08154318222,32711.045723850613,33037.984843626844,12077.027382909931,12815.614484620211,13411.120553189405,2025-10-20T17:00:00Z,causal-ridge-shortlag-v2,True
2025-10-20 18:00:00+00:00,CAISO_NP15,27656,1245,16209,10202,33983.0,26962.046084844504,26310.1063305041,25592.982353201383,9640.939314839845,9964.624047423618,10393.069169500612,2025-10-20T18:00:00Z,causal-ridge-shortlag-v2,True
2025-10-20 18:00:00+00:00,ISONE_NEMA,12739,1201,251,11287,18007.25,12690.639161167506,12826.545364518934,13019.04495822499,11238.071623552029,11397.806974604877,11636.83975749369,2025-10-20T18:00:00Z,causal-ridge-shortlag-v2,True
2025-10-20 18:00:00+00:00,MISO_MINN_HUB,70507,21112,11708,37687,101249.75,71401.93749337895,72641.72898034345,74104.59880487669,40114.7775383224,44169.16871771964,48096.67131684296,2025-10-20T18:00:00Z,causal-ridge-shortlag-v2,True
2025-10-20 18:00:00+00:00,SPP_NORTH_HUB,32424,19776,632,12016,46366.75,32855.16739680338,33214.21065702547,33467.80132768039,12487.099150775748,13034.411563572225,13472.979203480249,2025-10-20T18:00:00Z,causal-ridge-shortlag-v2,True
2025-10-20 19:00:00+00:00,CAISO_NP15,27510,1030,15938,10542,33983.0,27428.558030406613,27090.440302075964,26896.391039421786,11114.047077120204,12191.655114368396,13403.011042354095,2025-10-20T19:00:00Z,causal-ridge-shortlag-v2,True
2025-10-20 19:00:00+00:00,ISONE_NEMA,12421,1289,240,10892,18007.25,12383.430370783775,12512.906832638337,12720.92548495484,10845.776999128988,11005.287129098117,11266.578719587482,2025-10-20T19:00:00Z,causal-ridge-shortlag-v2,True
2025-10-20 19:00:00+00:00,MISO_MINN_HUB,71018,20221,11954,38843,101249.75,71738.7889369875,72889.23157862434,74001.5917770265,41554.49901880669,44821.59962773253,48498.68486394212,2025-10-20T19:00:00Z,causal-ridge-shortlag-v2,True
2025-10-20 19:00:00+00:00,SPP_NORTH_HUB,32955,20037,683,12235,46366.75,33347.02856070112,33649.24821000545,33818.2341667253,12456.83409243756,12780.42131543682,12989.081713112262,2025-10-20T19:00:00Z,causal-ridge-shortlag-v2,True
2025-10-20 20:00:00+00:00,CAISO_NP15,26804,970,15546,10288,33983.0,26419.47075573948,26257.99381585463,26376.466512239454,10583.292944867231,12368.99208085745,14388.091505789036,2025-10-20T20:00:00Z,causal-ridge-shortlag-v2,True
2025-10-20 20:00:00+00:00,ISONE_NEMA,12851,1300,135,11416,18007.25,13554.994794072252,13955.644707071542,13958.51282014168,12216.890004502458,12683.69554608883,12726.786579427931,2025-10-20T20:00:00Z,causal-ridge-shortlag-v2,True
2025-10-20 20:00:00+00:00,MISO_MINN_HUB,71636,20100,11692,39844,101249.75,72303.15201185379,73243.19791270207,74296.2719594879,42413.48990127927,45792.89435600292,49272.55294786704,2025-10-20T20:00:00Z,causal-ridge-shortlag-v2,True
2025-10-20 20:00:00+00:00,SPP_NORTH_HUB,33416,20117,675,12624,46366.75,33727.98077101016,33917.01762640187,33938.47707453639,12902.557483680765,13143.624224543211,13203.29981006836,2025-10-20T20:00:00Z,causal-ridge-shortlag-v2,True
2025-10-20 21:00:00+00:00,CAISO_NP15,25461,897,15103,9461,33983.0,24830.59566819348,24888.4624067322,25397.510539335417,9985.592613653063,12320.570880851828,14813.699895526715,2025-10-20T21:00:00Z,causal-ridge-shortlag-v2,True
2025-10-20 21:00:00+00:00,ISONE_NEMA,13818,1357,35,12426,18007.25,14500.712142245333,14603.076040788084,14319.72046585091,13173.751611183878,13319.573226465984,13058.700099250567,2025-10-20T21:00:00Z,causal-ridge-shortlag-v2,True
2025-10-20 21:00:00+00:00,MISO_MINN_HUB,72677,19266,9169,44242,101249.75,73961.54159533966,74935.53297208971,75545.77793035447,48987.06447762942,53534.96940888661,55886.2656077307,2025-10-20T21:00:00Z,causal-ridge-shortlag-v2,True
2025-10-20 21:00:00+00:00,SPP_NORTH_HUB,33799,20203,678,12918,46366.75,34022.67719181126,34085.94720659417,33964.47176511077,13056.138864378154,13114.232111380785,12990.373327145857,2025-10-20T21:00:00Z,causal-ridge-shortlag-v2,True
2025-10-20 22:00:00+00:00,CAISO_NP15,24836,853,13910,10073,33983.0,24968.948075615488,25309.00789470872,25879.71593570424,11783.301785076668,14300.428031082369,17000.563046825097,2025-10-20T22:00:00Z,causal-ridge-shortlag-v2,True
2025-10-20 22:00:00+00:00,ISONE_NEMA,14247,1346,10,12891,18007.25,14174.27028065276,13831.226228147514,13407.00178776967,12849.491239420278,12540.62298897761,12163.02476147496,2025-10-20T22:00:00Z,causal-ridge-shortlag-v2,True
2025-10-20 22:00:00+00:00,MISO_MINN_HUB,73412,18812,3111,51489,101249.75,74306.92081501005,74355.16110593046,73033.88842309454,56238.46844518135,57171.84948846643,55549.37151049903,2025-10-20T22:00:00Z,causal-ridge-shortlag-v2,True
2025-10-20 22:00:00+00:00,SPP_NORTH_HUB,33951,19829,454,13668,46366.75,33911.64093557273,33661.11844586151,33202.615245463225,13939.405947991385,13816.865590812677,13424.545079658385,2025-10-20T22:00:00Z,causal-ridge-shortlag-v2,True
2025-10-20 23:00:00+00:00,CAISO_NP15,25212,786,13890,10536,33983.0,25520.579820303217,25889.754683121155,26353.9290812564,12052.527264830887,15278.766631283246,18335.972141649727,2025-10-20T23:00:00Z,causal-ridge-shortlag-v2,True
2025-10-20 23:00:00+00:00,ISONE_NEMA,13890,1297,10,12583,18007.25,13371.524648833763,12922.118850078865,12491.266846814668,12093.009603360584,11688.30548411548,11315.843286693904,2025-10-20T23:00:00Z,causal-ridge-shortlag-v2,True
2025-10-20 23:00:00+00:00,MISO_MINN_HUB,74339,19038,85,55216,101249.75,74244.92476523785,72903.94500612441,70641.81123298018,55947.0885747657,53395.67542497536,50037.43264760862,2025-10-20T23:00:00Z,causal-ridge-shortlag-v2,True
2025-10-20 23:00:00+00:00,SPP_NORTH_HUB,33796,19565,99,14132,46366.75,33421.81571749597,32788.7660176535,31970.649870910773,14023.07341050316,13452.548314294903,12699.584266634403,2025-10-20T23:00:00Z,causal-ridge-shortlag-v2,True
2025-10-21 00:00:00+00:00,CAISO_NP15,26871,820,11725,14326,33983.0,27616.981553046186,28295.911313723933,28707.01582786206,17879.926875565892,20363.484969012112,22509.449031136886,2025-10-21T00:00:00Z,causal-ridge-shortlag-v2,True
2025-10-21 00:00:00+00:00,ISONE_NEMA,13268,1203,9,12056,18007.25,12795.954097720209,12464.59951151871,12147.450102369903,11653.010934501046,11394.692512337046,11145.33798788785,2025-10-21T00:00:00Z,causal-ridge-shortlag-v2,True
2025-10-21 00:00:00+00:00,MISO_MINN_HUB,73790,19643,1,54146,101249.75,71839.4306890274,69286.62281374233,66800.32318469518,51436.8617481601,48862.21835600733,46540.52957317344,2025-10-21T00:00:00Z,causal-ridge-shortlag-v2,True
2025-10-21 00:00:00+00:00,SPP_NORTH_HUB,33642,20095,0,13547,46366.75,33190.06808721601,32407.436777851217,31441.05796093925,12710.068144577346,11935.33297859204,11237.41676829713,2025-10-21T00:00:00Z,causal-ridge-shortlag-v2,True
2025-10-21 01:00:00+00:00,CAISO_NP15,28635,730,3514,24391,33983.0,29858.42760624617,30647.61942793504,30460.825454143112,29855.564118378887,29461.154842813856,28677.789179337567,2025-10-21T01:00:00Z,causal-ridge-shortlag-v2,True
2025-10-21 01:00:00+00:00,ISONE_NEMA,12477,1183,9,11285,18007.25,11850.228349570782,11506.649602064575,11393.20861274131,10704.16952275202,10429.97542226383,10389.206653629535,2025-10-21T01:00:00Z,causal-ridge-shortlag-v2,True
2025-10-21 01:00:00+00:00,MISO_MINN_HUB,71635,20770,2,50863,101249.75,68693.21439502906,65673.70111334437,63261.725706718105,47236.50359718,44735.07293986673,42380.45079729256,2025-10-21T01:00:00Z,causal-ridge-shortlag-v2,True
2025-10-21 01:00:00+00:00,SPP_NORTH_HUB,32738,19615,0,13123,46366.75,31769.709477391,30739.17218809178,29716.24521191453,12550.414766122783,11823.424431623323,11073.928750520105,2025-10-21T01:00:00Z,causal-ridge-shortlag-v2,True
2025-10-21 02:00:00+00:00,CAISO_NP15,29024,728,93,28203,33983.0,29444.820735915408,29197.22156883314,28281.25948065737,28163.494021112667,27835.971376353347,26836.30984294826,2025-10-21T02:00:00Z,causal-ridge-shortlag-v2,True
2025-10-21 02:00:00+00:00,ISONE_NEMA,11682,1150,9,10523,18007.25,11182.725312862352,11045.234131285912,11156.32802101613,10081.974181374666,10019.365008444242,10202.83432952255,2025-10-21T02:00:00Z,causal-ridge-shortlag-v2,True
2025-10-21 02:00:00+00:00,MISO_MINN_HUB,68592,21806,2,46784,101249.75,65336.27665437985,62466.08415228932,60298.62629338222,43241.03551434142,40588.4322327314,38870.12943797581,2025-10-21T02:00:00Z,causal-ridge-shortlag-v2,True
2025-10-21 02:00:00+00:00,SPP_NORTH_HUB,31521,19047,0,12474,46366.75,30432.870128525537,29433.349669679777,28580.10628342107,11759.485643124151,10943.449122554795,10258.613322146546,2025-10-21T02:00:00Z,causal-ridge-shortlag-v2,True
2025-10-21 03:00:00+00:00,CAISO_NP15,28364,799,0,27565,33983.0,27925.12874617435,27280.216574908496,26531.59414198802,26574.337527718915,25528.84641883844,24914.86452915908,2025-10-21T03:00:00Z,causal-ridge-shortlag-v2,True
2025-10-21 03:00:00+00:00,ISONE_NEMA,10769,1095,8,9666,18007.25,10292.164885692517,10316.29948821601,10631.193936168278,9243.149770339376,9330.88713058082,9706.897103803549,2025-10-21T03:00:00Z,causal-ridge-shortlag-v2,True
2025-10-21 03:00:00+00:00,MISO_MINN_HUB,65548,22522,3,43023,101249.75,62710.361764107,60521.24711008873,59113.64903335238,40384.60319554567,38495.65899237241,37616.60949721622,2025-10-21T03:00:00Z,causal-ridge-shortlag-v2,True
2025-10-21 03:00:00+00:00,SPP_NORTH_HUB,30015,18375,0,11640,46366.75,28800.00485366589,27840.45959988555,27158.540865143408,10911.03605534507,10221.349348680566,9778.955116787807,2025-10-21T03:00:00Z,causal-ridge-shortlag-v2,True
2025-10-21 04:00:00+00:00,CAISO_NP15,27229,665,0,26564,33983.0,26086.56483364268,24954.028776614883,23889.602086976385,25474.710290029016,24188.546963264824,23547.46354091212,2025-10-21T04:00:00Z,causal-ridge-shortlag-v2,True
2025-10-21 04:00:00+00:00,ISONE_NEMA,10403,1040,9,9354,18007.25,10537.737829544152,10910.990282059947,11311.956797453016,9559.9750469525,10000.213481290866,10439.355202982557,2025-10-21T04:00:00Z,causal-ridge-shortlag-v2,True
2025-10-21 04:00:00+00:00,MISO_MINN_HUB,62198,22141,3,40054,101249.75,59580.171279788185,58089.97593439004,57376.28083459189,38285.226822670615,37094.426845006,37213.03535367553,2025-10-21T04:00:00Z,causal-ridge-shortlag-v2,True
2025-10-21 04:00:00+00:00,SPP_NORTH_HUB,28508,17562,0,10946,46366.75,27449.71138349373,26765.4177566266,26432.497619577924,10461.41183247518,10032.334696938156,9923.355550123664,2025-10-21T04:00:00Z,causal-ridge-shortlag-v2,True
2025-10-21 05:00:00+00:00,CAISO_NP15,26186,558,0,25628,33983.0,25080.679915982862,23881.72195943281,22799.09795113281,24524.06553020204,23551.335114862475,23082.27262884342,2025-10-21T05:00:00Z,causal-ridge-shortlag-v2,True
2025-10-21 05:00:00+00:00,ISONE_NEMA,10344,938,9,9397,18007.25,10550.273772365816,10971.400688341457,11477.9131532247,9680.598361381177,10156.772756590264,10692.91191835847,2025-10-21T05:00:00Z,causal-ridge-shortlag-v2,True
2025-10-21 05:00:00+00:00,MISO_MINN_HUB,60119,21776,3,38340,101249.75,58925.71270710384,58617.17171018186,59185.0601039582,38001.26331281468,38407.964009214775,39279.34400971672,2025-10-21T05:00:00Z,causal-ridge-shortlag-v2,True
2025-10-21 05:00:00+00:00,SPP_NORTH_HUB,27496,16614,0,10882,46366.75,26910.75323196864,26667.75409948689,26729.429158661504,10842.163737275388,10883.51811765259,11267.90776327385,2025-10-21T05:00:00Z,causal-ridge-shortlag-v2,True
2025-10-21 06:00:00+00:00,CAISO_NP15,24973,611,0,24362,33983.0,23868.50117162766,22960.92961451538,22331.12358309613,23499.97613675452,22796.407442062224,22575.265999327617,2025-10-21T06:00:00Z,causal-ridge-shortlag-v2,True
2025-10-21 06:00:00+00:00,ISONE_NEMA,10150,908,9,9233,18007.25,10190.111567334932,10522.582989243456,10989.31184940951,9284.996989937568,9630.597064161351,10103.23389251661,2025-10-21T06:00:00Z,causal-ridge-shortlag-v2,True
2025-10-21 06:00:00+00:00,MISO_MINN_HUB,58785,21778,3,37004,101249.75,58221.16726994311,58680.125893504985,59839.129760790805,36926.3568626466,37296.30613979127,38759.7685230995,2025-10-21T06:00:00Z,causal-ridge-shortlag-v2,True
2025-10-21 06:00:00+00:00,SPP_NORTH_HUB,26838,14951,0,11887,46366.75,26620.69858275421,26748.84148204429,27152.43132608905,12620.40355532764,13234.797814013762,14035.991217821862,2025-10-21T06:00:00Z,causal-ridge-shortlag-v2,True
2025-10-21 07:00:00+00:00,CAISO_NP15,23347,516,0,22831,33983.0,22304.749759844613,21789.796875603315,21740.93095245813,22286.824010523356,21768.53655236701,21711.70852808237,2025-10-21T07:00:00Z,causal-ridge-shortlag-v2,True
2025-10-21 07:00:00+00:00,ISONE_NEMA,9766,827,9,8930,18007.25,9813.358035506812,10232.621655701292,10699.327690802656,9002.523204708168,9426.56577541115,9883.20703100377,2025-10-21T07:00:00Z,causal-ridge-shortlag-v2,True
2025-10-21 07:00:00+00:00,MISO_MINN_HUB,58167,21669,3,36495,101249.75,58428.102413408575,59595.168129723344,61461.103363735645,37084.34902809458,38241.07149033114,39720.90128150348,2025-10-21T07:00:00Z,causal-ridge-shortlag-v2,True
2025-10-21 07:00:00+00:00,SPP_NORTH_HUB,26522,14294,0,12228,46366.75,26644.76349413264,27099.972120897302,27835.140308605274,12728.338008255738,13449.658963264808,14464.51486523837,2025-10-21T07:00:00Z,causal-ridge-shortlag-v2,True
2025-10-21 08:00:00+00:00,CAISO_NP15,22440,383,0,22057,33983.0,22114.37337256822,22049.28273420597,22379.588246763848,22174.24328506326,21635.39709795148,21508.59829849104,2025-10-21T08:00:00Z,causal-ridge-shortlag-v2,True
2025-10-21 08:00:00+00:00,ISONE_NEMA,9775,780,9,8986,18007.25,10168.070149520669,10652.84886837933,11023.070372712871,9391.137081683006,9865.556170095047,10198.218858254442,2025-10-21T08:00:00Z,causal-ridge-shortlag-v2,True
2025-10-21 08:00:00+00:00,MISO_MINN_HUB,58366,20808,3,37555,101249.75,59484.31630926613,61273.6425045009,63482.795135387954,39156.97932209613,40691.79952883403,41980.31434357977,2025-10-21T08:00:00Z,causal-ridge-shortlag-v2,True
2025-10-21 08:00:00+00:00,SPP_NORTH_HUB,26413,14056,0,12357,46366.75,26726.890890756626,27385.205984272143,28310.33727582321,12946.01900059538,13905.752288985625,15147.466944309715,2025-10-21T08:00:00Z,causal-ridge-shortlag-v2,True
2025-10-21 09:00:00+00:00,CAISO_NP15,22014,343,0,21671,33983.0,22000.578321141005,22288.673640122463,22886.072958940164,21785.05021456727,21154.92693050436,20794.30836620717,2025-10-21T09:00:00Z,causal-ridge-shortlag-v2,True
2025-10-21 09:00:00+00:00,ISONE_NEMA,10544,731,9,9804,18007.25,11353.772260613918,11916.323310095217,12227.728217468111,10640.200286963009,11186.147023582624,11442.023546665188,2025-10-21T09:00:00Z,causal-ridge-shortlag-v2,True
2025-10-21 09:00:00+00:00,MISO_MINN_HUB,59636,20698,3,38935,101249.75,61422.06408566344,63526.17669169982,65803.91052338295,40417.55460019841,41490.74764983583,42657.01144487175,2025-10-21T09:00:00Z,causal-ridge-shortlag-v2,True
2025-10-21 09:00:00+00:00,SPP_NORTH_HUB,26625,14311,0,12314,46366.75,27229.56344753394,28107.40642480554,29187.591224212443,12933.091651422064,14005.556908151975,15381.020412155289,2025-10-21T09:00:00Z,causal-ridge-shortlag-v2,True
2025-10-21 10:00:00+00:00,CAISO_NP15,21462,289,0,21173,33983.0,21606.3804059846,22186.34286776867,23056.58565163108,21136.38740385596,20212.37549850296,19502.869026034707,2025-10-21T10:00:00Z,causal-ridge-shortlag-v2,True
2025-10-21 10:00:00+00:00,ISONE_NEMA,11699,737,2,10960,18007.25,12532.053157949023,12868.137972605417,12856.362467515415,11770.60686556864,12039.5783244495,11934.683286142392,2025-10-21T10:00:00Z,causal-ridge-shortlag-v2,True
2025-10-21 10:00:00+00:00,MISO_MINN_HUB,62125,21107,3,41015,101249.75,64722.727211912206,67051.7700678485,69233.41938649587,42840.12332874024,44173.47683487229,44818.09115732023,2025-10-21T10:00:00Z,causal-ridge-shortlag-v2,True
2025-10-21 10:00:00+00:00,SPP_NORTH_HUB,27609,15169,0,12440,46366.75,28728.58031447943,29887.338300143347,31047.95799369336,13169.433817475276,14360.165612865538,15831.685624831434,2025-10-21T10:00:00Z,causal-ridge-shortlag-v2,True
2025-10-21 11:00:00+00:00,CAISO_NP15,20984,285,0,20699,33983.0,21389.6712710036,22187.42889530581,23246.459675426035,20453.64497853469,19253.464367632518,18263.703194234266,2025-10-21T11:00:00Z,causal-ridge-shortlag-v2,True
2025-10-21 11:00:00+00:00,ISONE_NEMA,12556,767,22,11767,18007.25,12894.381657456886,12798.221235346648,12474.326154868504,12021.617393081187,11821.962569412792,11399.333582614663,2025-10-21T11:00:00Z,causal-ridge-shortlag-v2,True
2025-10-21 11:00:00+00:00,MISO_MINN_HUB,66976,21323,3,45650,101249.75,71275.41839078718,74099.13086583707,75965.25997263228,49198.69729951113,50953.26263571924,50496.73101426446,2025-10-21T11:00:00Z,causal-ridge-shortlag-v2,True
2025-10-21 11:00:00+00:00,SPP_NORTH_HUB,29439,15869,0,13570,46366.75,31081.10114940749,32440.279561148996,33519.14636867263,14867.01533488325,16325.218259164363,17831.982753693428,2025-10-21T11:00:00Z,causal-ridge-shortlag-v2,True
2025-10-21 12:00:00+00:00,CAISO_NP15,21144,319,0,20825,33983.0,21699.1403763533,22742.591845008083,23985.32912042539,20330.006503299708,18913.259479732897,17660.56498759045,2025-10-21T12:00:00Z,causal-ridge-shortlag-v2,True
2025-10-21 12:00:00+00:00,ISONE_NEMA,11919,769,201,10949,18007.25,11045.079796507678,10444.082144388132,10119.350137991858,9897.79810180531,9166.452066801809,8776.553540026009,2025-10-21T12:00:00Z,causal-ridge-shortlag-v2,True
2025-10-21 12:00:00+00:00,MISO_MINN_HUB,69395,22124,394,46877,101249.75,70741.47455645773,71796.80529560489,71676.93187062658,46176.63197772997,43140.27649582212,42498.222965679015,2025-10-21T12:00:00Z,causal-ridge-shortlag-v2,True
2025-10-21 12:00:00+00:00,SPP_NORTH_HUB,30732,15954,1,14777,46366.75,31895.078459478587,32854.35441194223,33620.26615549017,16165.30097312725,17557.934776988328,18767.068848652794,2025-10-21T12:00:00Z,causal-ridge-shortlag-v2,True
2025-10-21 13:00:00+00:00,CAISO_NP15,21888,305,0,21583,33983.0,23105.01065433205,24353.152310836373,25442.80317623795,21044.94413207197,19043.25135912993,17270.690453974188,2025-10-21T13:00:00Z,causal-ridge-shortlag-v2,True
2025-10-21 13:00:00+00:00,ISONE_NEMA,11018,727,458,9833,18007.25,10465.078000287442,10130.558564532685,9899.321707990915,9146.32738977933,8744.693569357989,8491.952248768075,2025-10-21T13:00:00Z,causal-ridge-shortlag-v2,True
2025-10-21 13:00:00+00:00,MISO_MINN_HUB,69767,22367,5111,42289,101249.75,69372.63012560851,69478.57476393046,70332.55305813049,38507.61642356144,37666.60306415051,39342.46903242126,2025-10-21T13:00:00Z,causal-ridge-shortlag-v2,True
2025-10-21 13:00:00+00:00,SPP_NORTH_HUB,30981,14660,192,16129,46366.75,31381.27355706689,31894.17782391861,32464.951130677677,17565.29704764148,18771.34476930995,19651.16973209865,2025-10-21T13:00:00Z,causal-ridge-shortlag-v2,True
2025-10-21 14:00:00+00:00,CAISO_NP15,23942,392,0,23550,33983.0,25656.37604688889,26771.80891044107,27320.296657882405,22792.93471673609,20062.918783881854,17406.145313953344,2025-10-21T14:00:00Z,causal-ridge-shortlag-v2,True
2025-10-21 14:00:00+00:00,ISONE_NEMA,10362,642,608,9112,18007.25,10049.322124890548,9902.927543743372,9926.465804115018,8768.602093933754,8616.650711794933,8667.927516659718,2025-10-21T14:00:00Z,causal-ridge-shortlag-v2,True
2025-10-21 14:00:00+00:00,MISO_MINN_HUB,69927,22378,9776,37773,101249.75,70084.38525252072,70777.76107945529,72548.77527576327,36373.22746645575,38972.97138996836,41825.49099189931,2025-10-21T14:00:00Z,causal-ridge-shortlag-v2,True
2025-10-21 14:00:00+00:00,SPP_NORTH_HUB,30977,11099,749,19129,46366.75,31321.628218276048,31956.201918105835,32708.90575182481,21348.942093150952,22772.251031239088,23656.092427303996,2025-10-21T14:00:00Z,causal-ridge-shortlag-v2,True
2025-10-21 15:00:00+00:00,CAISO_NP15,25039,420,2124,22495,33983.0,25944.34381411946,26480.626851036417,26551.73084811207,19473.31859931413,16982.41851555606,14519.923517518631,2025-10-21T15:00:00Z,causal-ridge-shortlag-v2,True
2025-10-21 15:00:00+00:00,ISONE_NEMA,9814,581,664,8569,18007.25,9531.307218685914,9489.854519763006,9730.026436542916,8291.91822992035,8282.731554241727,8592.583383735655,2025-10-21T15:00:00Z,causal-ridge-shortlag-v2,True
2025-10-21 15:00:00+00:00,MISO_MINN_HUB,70771,21687,9895,39189,101249.75,72328.11836955303,73994.6035072752,75349.50268070813,42499.83877583394,45794.21870806,47903.83005562645,2025-10-21T15:00:00Z,causal-ridge-shortlag-v2,True
2025-10-21 15:00:00+00:00,SPP_NORTH_HUB,31048,8734,832,21482,46366.75,31417.13874066692,31971.024366885656,32601.284240289224,23019.127446787134,24060.69179693296,24741.95010221566,2025-10-21T15:00:00Z,causal-ridge-shortlag-v2,True
2025-10-21 16:00:00+00:00,CAISO_NP15,26830,481,10259,16090,33983.0,27473.190444030704,27205.76307148422,26826.7713370697,11417.235588848638,10818.223773751946,10401.101325199948,2025-10-21T16:00:00Z,causal-ridge-shortlag-v2,True
2025-10-21 16:00:00+00:00,ISONE_NEMA,9544,533,746,8265,18007.25,9540.840061581774,9766.115308571463,10220.490682504367,8288.284415566162,8586.660224368286,9145.249550795266,2025-10-21T16:00:00Z,causal-ridge-shortlag-v2,True
2025-10-21 16:00:00+00:00,MISO_MINN_HUB,71773,21980,9144,40649,101249.75,72875.40679381925,74251.64368427588,74878.78302557717,42755.19603351405,43248.3820093024,45764.1475646951,2025-10-21T16:00:00Z,causal-ridge-shortlag-v2,True
2025-10-21 16:00:00+00:00,SPP_NORTH_HUB,31236,7679,793,22764,46366.75,31605.465117483567,32084.63652955174,32579.150183093912,23639.61769230955,24284.11762457365,24668.116537389644,2025-10-21T16:00:00Z,causal-ridge-shortlag-v2,True
2025-10-21 17:00:00+00:00,CAISO_NP15,28040,445,14126,13469,33983.0,28158.77084619246,27892.16720387975,27427.815477501663,12744.861819071675,11808.752669169284,11583.23832497822,2025-10-21T17:00:00Z,causal-ridge-shortlag-v2,True
2025-10-21 17:00:00+00:00,ISONE_NEMA,9588,473,759,8356,18007.25,9831.245143114458,10275.713680683535,10888.381850476935,8680.658706981823,9235.143818317523,9977.176024611435,2025-10-21T17:00:00Z,causal-ridge-shortlag-v2,True
2025-10-21 17:00:00+00:00,MISO_MINN_HUB,72685,22616,8535,41534,101249.75,73572.01464048547,74620.70002557474,75611.87092698342,43194.89194315318,45835.538576214654,48882.81348459794,2025-10-21T17:00:00Z,causal-ridge-shortlag-v2,True
2025-10-21 17:00:00+00:00,SPP_NORTH_HUB,31496,7878,766,22852,46366.75,31913.02890734359,32385.30171465384,32822.18417163525,23096.25037342324,23307.93315138752,23365.16351835762,2025-10-21T17:00:00Z,causal-ridge-shortlag-v2,True
2025-10-21 18:00:00+00:00,CAISO_NP15,27655,415,14354,12886,33983.0,27050.6096075327,26455.45499830957,25826.62835438751,12487.709014919965,12436.708389376903,12458.80136765626,2025-10-21T18:00:00Z,causal-ridge-shortlag-v2,True
2025-10-21 18:00:00+00:00,ISONE_NEMA,9714,429,665,8620,18007.25,10041.775777592493,10588.832378017503,11221.158466244022,9060.74816094215,9726.538390416456,10485.488414469,2025-10-21T18:00:00Z,causal-ridge-shortlag-v2,True
2025-10-21 18:00:00+00:00,MISO_MINN_HUB,73600,22355,8082,43163,101249.75,74575.88150509809,75486.08244298513,76225.30172317474,45423.321824369385,48419.56580009471,50865.39460746524,2025-10-21T18:00:00Z,causal-ridge-shortlag-v2,True
2025-10-21 18:00:00+00:00,SPP_NORTH_HUB,31764,8972,769,22023,46366.75,32166.54241031311,32588.646703456507,32944.03307046328,21768.49246608842,21680.05228209272,21521.852733505995,2025-10-21T18:00:00Z,causal-ridge-shortlag-v2,True
2025-10-21 19:00:00+00:00,CAISO_NP15,28179,446,14517,13216,33983.0,28117.13000309102,27847.616043356396,27676.44717403475,13482.14619010243,14418.83395431704,15383.991458482476,2025-10-21T19:00:00Z,causal-ridge-shortlag-v2,True
2025-10-21 19:00:00+00:00,ISONE_NEMA,10392,399,535,9458,18007.25,11164.922212234082,11863.280415822368,12404.971925179894,10372.49769363917,11206.682959871252,11864.665287794493,2025-10-21T19:00:00Z,causal-ridge-shortlag-v2,True
2025-10-21 19:00:00+00:00,MISO_MINN_HUB,73659,21945,8498,43216,101249.75,73654.52362795317,73930.75820538244,74085.55127149043,44075.535712149416,45429.279235392685,47767.1890283304,2025-10-21T19:00:00Z,causal-ridge-shortlag-v2,True
2025-10-21 19:00:00+00:00,SPP_NORTH_HUB,31912,9548,830,21534,46366.75,32205.05060045088,32536.0889102713,32795.11876320195,21455.2734564448,21375.26615726928,21124.10773964804,2025-10-21T19:00:00Z,causal-ridge-shortlag-v2,True
2025-10-21 20:00:00+00:00,CAISO_NP15,26556,441,13411,12704,33983.0,25909.15284295417,25873.657090301676,26148.49503482011,13024.185711762411,14207.398286175468,15806.783426510938,2025-10-21T20:00:00Z,causal-ridge-shortlag-v2,True
2025-10-21 20:00:00+00:00,ISONE_NEMA,11869,375,294,11200,18007.25,13173.76745350962,13947.2571161137,14170.793656069036,12701.998606596562,13600.550444086644,13889.91688367182,2025-10-21T20:00:00Z,causal-ridge-shortlag-v2,True
2025-10-21 20:00:00+00:00,MISO_MINN_HUB,73578,21281,8152,44145,101249.75,73743.22726409367,73901.30508064166,74125.47753263598,46047.1170249855,49075.405015804165,51135.53987759113,2025-10-21T20:00:00Z,causal-ridge-shortlag-v2,True
2025-10-21 20:00:00+00:00,SPP_NORTH_HUB,31913,9178,898,21837,46366.75,32099.97607727681,32334.1229451498,32495.301567909384,22113.717900170686,22066.89127180336,21709.400971585437,2025-10-21T20:00:00Z,causal-ridge-shortlag-v2,True
2025-10-21 21:00:00+00:00,CAISO_NP15,26191,376,13369,12446,33983.0,26035.92838241166,26129.225473032384,26608.120749392845,13198.460385082031,15160.488726871898,17403.370272007014,2025-10-21T21:00:00Z,causal-ridge-shortlag-v2,True
2025-10-21 21:00:00+00:00,ISONE_NEMA,13240,384,57,12799,18007.25,14026.158219394669,14198.033863709674,13896.358002060755,13705.999943160405,13932.043766651654,13647.673414664789,2025-10-21T21:00:00Z,causal-ridge-shortlag-v2,True
2025-10-21 21:00:00+00:00,MISO_MINN_HUB,73708,21402,6254,46052,101249.75,73939.56377651058,73801.67582264933,73203.00863570443,48232.3486678079,49659.8660569516,50180.392249436605,2025-10-21T21:00:00Z,causal-ridge-shortlag-v2,True
2025-10-21 21:00:00+00:00,SPP_NORTH_HUB,32176,9039,929,22208,46366.75,32459.713394902785,32682.055448089035,32763.605332863004,22301.466306067898,22093.07530366529,21603.104314906013,2025-10-21T21:00:00Z,causal-ridge-shortlag-v2,True
2025-10-21 22:00:00+00:00,CAISO_NP15,26401,308,12628,13465,33983.0,26502.190732054,26933.73222295785,27505.794868883277,15178.85617274894,17253.883471148394,19772.07972230422,2025-10-21T22:00:00Z,causal-ridge-shortlag-v2,True
2025-10-21 22:00:00+00:00,ISONE_NEMA,13927,428,10,13489,18007.25,13947.737188521329,13563.759862075673,12936.29901761969,13511.956715080443,13131.735584521224,12504.70010417822,2025-10-21T22:00:00Z,causal-ridge-shortlag-v2,True
2025-10-21 22:00:00+00:00,MISO_MINN_HUB,74266,20889,2319,51058,101249.75,74895.02639645187,74437.35968371182,72920.61845862446,54541.85865302823,55310.891304998666,53312.967662515046,2025-10-21T22:00:00Z,causal-ridge-shortlag-v2,True
2025-10-21 22:00:00+00:00,SPP_NORTH_HUB,32217,7884,673,23660,46366.75,32201.713439521496,32085.21615707999,31802.004565999872,24226.00214744871,24017.4370885516,23308.68926941133,2025-10-21T22:00:00Z,causal-ridge-shortlag-v2,True
2025-10-21 23:00:00+00:00,CAISO_NP15,26615,269,12016,14330,33983.0,27015.411240241487,27400.02273612975,27752.348819705465,16226.836102543646,18460.959194910927,20940.478842896664,2025-10-21T23:00:00Z,causal-ridge-shortlag-v2,True
2025-10-21 23:00:00+00:00,ISONE_NEMA,13705,467,10,13228,18007.25,13084.131389608978,12405.418366241798,11701.06714903991,12582.42056638068,11892.850150925122,11189.108629797867,2025-10-21T23:00:00Z,causal-ridge-shortlag-v2,True
2025-10-21 23:00:00+00:00,MISO_MINN_HUB,75253,20019,60,55174,101249.75,75422.46252504147,74236.71197239157,71844.81707780545,56752.22265150301,55185.21278235948,52835.32853081431,2025-10-21T23:00:00Z,causal-ridge-shortlag-v2,True
2025-10-21 23:00:00+00:00,SPP_NORTH_HUB,32045,5436,133,26476,46366.75,31691.7344254942,31108.70215799869,30327.108965487507,27372.844088550635,26975.110209103183,25952.92199996191,2025-10-21T23:00:00Z,causal-ridge-shortlag-v2,True
2025-10-22 00:00:00+00:00,CAISO_NP15,26626,240,8314,18072,33983.0,27249.026081352768,27782.238465664737,28082.12872354229,21733.34027523041,22872.404028388515,24417.35861904042,2025-10-22T00:00:00Z,causal-ridge-shortlag-v2,True
2025-10-22 00:00:00+00:00,ISONE_NEMA,13137,540,9,12588,18007.25,12461.16945596606,11760.291347681788,11044.57047780909,11879.771582684338,11162.16934799789,10431.386877549485,2025-10-22T00:00:00Z,causal-ridge-shortlag-v2,True
2025-10-22 00:00:00+00:00,MISO_MINN_HUB,74844,20226,4,54614,101249.75,73074.67023407247,70733.95817784153,68112.58180491062,52414.68036816806,49696.54788251396,48015.087862362656,2025-10-22T00:00:00Z,causal-ridge-shortlag-v2,True
2025-10-22 00:00:00+00:00,SPP_NORTH_HUB,32071,5370,1,26700,46366.75,31731.11871319365,31005.95239954888,30069.881554519685,25838.796975929035,24624.908370583595,23285.853414613557,2025-10-22T00:00:00Z,causal-ridge-shortlag-v2,True
2025-10-22 01:00:00+00:00,CAISO_NP15,27380,307,2236,24837,33983.0,28350.98214753946,28836.63695668054,28647.23410338119,28631.309232106043,28427.315637637552,28130.977668184067,2025-10-22T01:00:00Z,causal-ridge-shortlag-v2,True
2025-10-22 01:00:00+00:00,ISONE_NEMA,12320,561,6,11753,18007.25,11497.132226862834,10800.821084337023,10276.427259439946,10922.795402020398,10224.70310126003,9703.327899030855,2025-10-22T01:00:00Z,causal-ridge-shortlag-v2,True
2025-10-22 01:00:00+00:00,MISO_MINN_HUB,72871,19752,4,53115,101249.75,70384.8223546897,67747.00860083949,65486.834698685896,50988.32072172537,49874.05489190363,47981.29471324339,2025-10-22T01:00:00Z,causal-ridge-shortlag-v2,True
2025-10-22 01:00:00+00:00,SPP_NORTH_HUB,31480,6198,0,25282,46366.75,30641.068787972406,29674.80328460465,28679.973355841077,23774.93979268644,22271.513118993396,20757.60883052313,2025-10-22T01:00:00Z,causal-ridge-shortlag-v2,True
2025-10-22 02:00:00+00:00,CAISO_NP15,28200,392,11,27797,33983.0,28528.142934853306,28278.697873658777,27473.40211536328,27792.762683368583,27727.845146659383,27040.68649288144,2025-10-22T02:00:00Z,causal-ridge-shortlag-v2,True
2025-10-22 02:00:00+00:00,ISONE_NEMA,11347,587,6,10754,18007.25,10532.798509270153,9979.43966886332,9682.625947830666,9930.323361202134,9381.480062922989,9094.31206901427,2025-10-22T02:00:00Z,causal-ridge-shortlag-v2,True
2025-10-22 02:00:00+00:00,MISO_MINN_HUB,69808,19940,5,49863,101249.75,66581.8737250622,63789.1412363016,61508.43976453608,46711.69582377916,44011.28351090581,42403.72499016577,2025-10-22T02:00:00Z,causal-ridge-shortlag-v2,True
2025-10-22 02:00:00+00:00,SPP_NORTH_HUB,30472,7406,0,23066,46366.75,29453.799147967104,28497.87848855608,27668.635223563248,21239.96231204008,19606.199521366096,18164.82974151004,2025-10-22T02:00:00Z,causal-ridge-shortlag-v2,True
2025-10-22 03:00:00+00:00,CAISO_NP15,28196,437,0,27759,33983.0,27695.18691580959,26993.28154967233,26044.18917547926,26806.625629585516,26171.826221554024,25391.99753319969,2025-10-22T03:00:00Z,causal-ridge-shortlag-v2,True
2025-10-22 03:00:00+00:00,ISONE_NEMA,10517,530,6,9981,18007.25,10010.170189954531,9803.558838893168,9793.668256513229,9517.314061572191,9343.200935989023,9351.824776107533,2025-10-22T03:00:00Z,causal-ridge-shortlag-v2,True
2025-10-22 03:00:00+00:00,MISO_MINN_HUB,66628,19552,5,47071,101249.75,63832.46902350697,61650.57888915094,60250.55641947799,45033.21988332114,43968.1051983685,43023.542607395095,2025-10-22T03:00:00Z,causal-ridge-shortlag-v2,True
2025-10-22 03:00:00+00:00,SPP_NORTH_HUB,29235,9550,0,19685,46366.75,28129.360196211703,27223.049384912403,26575.495184039813,17320.260642125075,15615.348153829924,14411.345952314572,2025-10-22T03:00:00Z,causal-ridge-shortlag-v2,True
2025-10-22 04:00:00+00:00,CAISO_NP15,27072,836,0,26236,33983.0,25977.24364677341,24839.788404204563,23667.204509757128,24985.227471091304,24204.622447520997,23483.702694647494,2025-10-22T04:00:00Z,causal-ridge-shortlag-v2,True
2025-10-22 04:00:00+00:00,ISONE_NEMA,10179,448,6,9725,18007.25,10139.215516031089,10212.790358591945,10335.18686791859,9744.620448862732,9852.930316231856,9980.08596734326,2025-10-22T04:00:00Z,causal-ridge-shortlag-v2,True
2025-10-22 04:00:00+00:00,MISO_MINN_HUB,63724,18819,4,44901,101249.75,61453.87251970394,60055.93822079292,59356.90295942756,43587.13705283176,42534.617687689744,42209.186199608914,2025-10-22T04:00:00Z,causal-ridge-shortlag-v2,True
2025-10-22 04:00:00+00:00,SPP_NORTH_HUB,28019,11292,0,16727,46366.75,27022.543241531064,26333.94465403346,25961.111882860667,14814.576466847218,13556.685153793236,12839.387856131185,2025-10-22T04:00:00Z,causal-ridge-shortlag-v2,True
2025-10-22 05:00:00+00:00,CAISO_NP15,26435,1666,0,24769,33983.0,25384.71785530354,24159.323779926468,23024.238867195512,23805.80043487045,23401.021838023276,22959.8684141269,2025-10-22T05:00:00Z,causal-ridge-shortlag-v2,True
2025-10-22 05:00:00+00:00,ISONE_NEMA,10185,435,6,9744,18007.25,10291.10979319224,10442.62051840451,10635.005490063915,9876.35042907641,10037.64166363122,10214.836745928358,2025-10-22T05:00:00Z,causal-ridge-shortlag-v2,True
2025-10-22 05:00:00+00:00,MISO_MINN_HUB,61442,18594,4,42844,101249.75,59881.821010074,59274.01885317352,59460.37142143898,41843.33879984275,41335.22588654653,41656.51104529396,2025-10-22T05:00:00Z,causal-ridge-shortlag-v2,True
2025-10-22 05:00:00+00:00,SPP_NORTH_HUB,27225,12817,0,14408,46366.75,26671.529290257564,26380.569068667537,26357.15078083237,13032.262271487964,12289.296916141657,12111.77194973243,2025-10-22T05:00:00Z,causal-ridge-shortlag-v2,True
2025-10-22 06:00:00+00:00,CAISO_NP15,25068,1956,0,23112,33983.0,23813.14671207086,22802.58496028439,22049.46925995506,22431.91321862011,22292.11468083872,22107.871338935725,2025-10-22T06:00:00Z,causal-ridge-shortlag-v2,True
2025-10-22 06:00:00+00:00,ISONE_NEMA,10159,438,6,9715,18007.25,10158.54758442597,10283.572563131176,10494.90369340236,9708.66541344974,9816.082767270977,9996.740324449782,2025-10-22T06:00:00Z,causal-ridge-shortlag-v2,True
2025-10-22 06:00:00+00:00,MISO_MINN_HUB,60250,17956,4,42290,101249.75,59893.60646528243,60300.36392827569,61407.902441133774,42683.91240047515,43572.98117736279,44392.73056851117,2025-10-22T06:00:00Z,causal-ridge-shortlag-v2,True
2025-10-22 06:00:00+00:00,SPP_NORTH_HUB,26799,13822,0,12977,46366.75,26612.977707107264,26667.49452625181,26942.846971485036,12349.448020846336,12188.576836121678,12474.281304727148,2025-10-22T06:00:00Z,causal-ridge-shortlag-v2,True
2025-10-22 07:00:00+00:00,CAISO_NP15,23397,1915,0,21482,33983.0,22293.61678592583,21647.035199345253,21474.01723557748,21258.894984283896,21376.074183182704,21371.042931225165,2025-10-22T07:00:00Z,causal-ridge-shortlag-v2,True
2025-10-22 07:00:00+00:00,ISONE_NEMA,10129,436,6,9687,18007.25,10215.023136892243,10435.07474654321,10659.648875237088,9757.390284241064,9943.483508235446,10115.799555153537,2025-10-22T07:00:00Z,causal-ridge-shortlag-v2,True
2025-10-22 07:00:00+00:00,MISO_MINN_HUB,59222,17255,4,41963,101249.75,59044.28494561829,59868.52943633508,61181.384706098586,42161.17775675215,42298.73217925733,43349.08638738423,2025-10-22T07:00:00Z,causal-ridge-shortlag-v2,True
2025-10-22 07:00:00+00:00,SPP_NORTH_HUB,26462,13625,0,12837,46366.75,26425.102714752386,26667.35337027821,27145.79812063667,13095.074360625513,13588.686396397356,14330.830568600282,2025-10-22T07:00:00Z,causal-ridge-shortlag-v2,True
2025-10-22 08:00:00+00:00,CAISO_NP15,22532,1785,0,20747,33983.0,22010.097883874358,21863.196974891507,22177.984053669097,21110.14753234237,21324.881129626952,21373.25967898973,2025-10-22T08:00:00Z,causal-ridge-shortlag-v2,True
2025-10-22 08:00:00+00:00,ISONE_NEMA,10372,510,6,9856,18007.25,10641.313255803703,10854.433993889012,10994.792824060289,10073.375816518144,10227.314552121426,10291.817317970446,2025-10-22T08:00:00Z,causal-ridge-shortlag-v2,True
2025-10-22 08:00:00+00:00,MISO_MINN_HUB,59111,17062,4,42045,101249.75,59829.247072549246,61199.62099166897,63156.72596322573,42631.07272171827,43548.3157799465,44324.65712263693,2025-10-22T08:00:00Z,causal-ridge-shortlag-v2,True
2025-10-22 08:00:00+00:00,SPP_NORTH_HUB,26407,13878,0,12529,46366.75,26614.290607913037,27052.078228797705,27710.37585066711,12732.890939911187,13384.959828818335,14356.424401334749,2025-10-22T08:00:00Z,causal-ridge-shortlag-v2,True
2025-10-22 09:00:00+00:00,CAISO_NP15,21629,1986,0,19643,33983.0,21422.24927850752,21668.4846296502,22318.838969819368,19837.18398872614,20016.56424396564,19973.76847469028,2025-10-22T09:00:00Z,causal-ridge-shortlag-v2,True
2025-10-22 09:00:00+00:00,ISONE_NEMA,10639,627,6,10006,18007.25,10810.639726759186,10845.983856101791,10806.858660256014,10086.131726048066,10024.290128488265,9887.579474756463,2025-10-22T09:00:00Z,causal-ridge-shortlag-v2,True
2025-10-22 09:00:00+00:00,MISO_MINN_HUB,60474,16880,3,43591,101249.75,62358.00126724786,64348.76337404015,66503.56069494049,45208.77844234274,46554.89569652288,47199.431049954765,2025-10-22T09:00:00Z,causal-ridge-shortlag-v2,True
2025-10-22 09:00:00+00:00,SPP_NORTH_HUB,26766,14530,0,12236,46366.75,27239.510742820534,27851.46046436996,28598.66031759956,12533.71281677388,13397.528243561572,14572.33756862164,2025-10-22T09:00:00Z,causal-ridge-shortlag-v2,True
2025-10-22 10:00:00+00:00,CAISO_NP15,21672,2264,0,19408,33983.0,21903.08299437697,22504.851492475027,23426.22335917845,19969.23138193119,19844.73555306004,19399.876317439343,2025-10-22T10:00:00Z,causal-ridge-shortlag-v2,True
2025-10-22 10:00:00+00:00,ISONE_NEMA,11709,625,6,11078,18007.25,12572.709412530718,12751.383971161968,12394.623986024675,11916.63500154618,12012.80417427355,11535.092504071074,2025-10-22T10:00:00Z,causal-ridge-shortlag-v2,True
2025-10-22 10:00:00+00:00,MISO_MINN_HUB,63634,15960,3,47671,101249.75,66878.93376070067,69511.4134097408,71600.98273569331,50818.80666710687,52448.02367053263,52678.63320408255,2025-10-22T10:00:00Z,causal-ridge-shortlag-v2,True
2025-10-22 10:00:00+00:00,SPP_NORTH_HUB,27735,14997,0,12738,46366.75,28639.535995939343,29474.33198910378,30256.837130191427,13534.829346466127,14714.144669832736,16063.944746066689,2025-10-22T10:00:00Z,causal-ridge-shortlag-v2,True
2025-10-22 11:00:00+00:00,CAISO_NP15,21756,2622,0,19134,33983.0,22128.686859918173,22957.750763420565,23985.65071631428,19269.409817733394,18850.65789039481,18085.22019360823,2025-10-22T11:00:00Z,causal-ridge-shortlag-v2,True
2025-10-22 11:00:00+00:00,ISONE_NEMA,12693,663,8,12022,18007.25,12976.608662463188,12647.117678005088,12087.17280039462,12224.862601458028,11778.732489831107,11102.33142636749,2025-10-22T11:00:00Z,causal-ridge-shortlag-v2,True
2025-10-22 11:00:00+00:00,MISO_MINN_HUB,68252,14742,3,53507,101249.75,72306.81306452963,75062.67649487448,76515.94002307806,57183.7900337086,58056.1747818146,57322.64349033855,2025-10-22T11:00:00Z,causal-ridge-shortlag-v2,True
2025-10-22 11:00:00+00:00,SPP_NORTH_HUB,29664,15624,0,14040,46366.75,31172.50141076623,32244.373257431194,32960.944695564984,15221.287693899496,16544.102134555593,17869.2289042983,2025-10-22T11:00:00Z,causal-ridge-shortlag-v2,True
2025-10-22 12:00:00+00:00,CAISO_NP15,21424,2713,0,18711,33983.0,22033.85281280897,23062.346278636483,24227.501397606837,18684.375837442305,17821.411493328127,16720.003096039778,2025-10-22T12:00:00Z,causal-ridge-shortlag-v2,True
2025-10-22 12:00:00+00:00,ISONE_NEMA,13050,669,41,12340,18007.25,12771.349511692855,12270.528910310886,11804.911647992209,11970.816215681582,11374.13767844516,10834.513485081046,2025-10-22T12:00:00Z,causal-ridge-shortlag-v2,True
2025-10-22 12:00:00+00:00,MISO_MINN_HUB,70611,14092,311,56208,101249.75,72071.54304292033,73156.23535668668,73159.5610104786,56110.5127943148,53876.70041281449,52905.34054120356,2025-10-22T12:00:00Z,causal-ridge-shortlag-v2,True
2025-10-22 12:00:00+00:00,SPP_NORTH_HUB,30970,15464,4,15502,46366.75,31931.1419182211,32565.2473238154,32940.07104485136,16865.5450585901,18138.833183646515,19134.487609076128,2025-10-22T12:00:00Z,causal-ridge-shortlag-v2,True
2025-10-22 13:00:00+00:00,CAISO_NP15,21762,2648,0,19114,33983.0,22733.137678764524,23850.180277570085,24950.402360111697,18901.292086409987,17707.47264215768,16203.54865163183,2025-10-22T13:00:00Z,causal-ridge-shortlag-v2,True
2025-10-22 13:00:00+00:00,ISONE_NEMA,12961,719,120,12122,18007.25,12491.165228187452,11985.43659377714,11653.166828947224,11531.37028735858,10941.978775954649,10561.675678366986,2025-10-22T13:00:00Z,causal-ridge-shortlag-v2,True
2025-10-22 13:00:00+00:00,MISO_MINN_HUB,70915,12893,4580,53442,101249.75,70584.06656158737,70615.76973782842,71181.7069268269,50263.38028570858,49295.904705540255,50020.43135047486,2025-10-22T13:00:00Z,causal-ridge-shortlag-v2,True
2025-10-22 13:00:00+00:00,SPP_NORTH_HUB,31070,14435,213,16422,46366.75,31230.48075948326,31430.612920079813,31664.544134847583,17533.03888849598,18433.706600227044,19004.952669198752,2025-10-22T13:00:00Z,causal-ridge-shortlag-v2,True
2025-10-22 14:00:00+00:00,CAISO_NP15,23854,2754,0,21100,33983.0,25413.475941045843,26486.878146814903,27099.316409606283,20700.989207577328,18906.41228418737,16664.470554644635,2025-10-22T14:00:00Z,causal-ridge-shortlag-v2,True
2025-10-22 14:00:00+00:00,ISONE_NEMA,12326,751,274,11301,18007.25,11626.028144090706,11224.944374989173,11204.780659374555,10476.970840940336,10012.936126855757,9984.087463821088,2025-10-22T14:00:00Z,causal-ridge-shortlag-v2,True
2025-10-22 14:00:00+00:00,MISO_MINN_HUB,70748,11304,8628,50816,101249.75,70755.26154955193,71172.56212391146,72415.71860244306,49729.9776283227,51902.76281336641,53628.73370441358,2025-10-22T14:00:00Z,causal-ridge-shortlag-v2,True
2025-10-22 14:00:00+00:00,SPP_NORTH_HUB,30915,11523,776,18616,46366.75,31074.597785644863,31479.30014123866,31974.520484304267,20396.957760195583,21382.10561175646,21880.68132706705,2025-10-22T14:00:00Z,causal-ridge-shortlag-v2,True
2025-10-22 15:00:00+00:00,CAISO_NP15,25394,2840,1351,21203,33983.0,26384.716298310446,27054.39103716894,27226.503026947023,19098.72879762617,17138.61476891302,14838.316291442095,2025-10-22T15:00:00Z,causal-ridge-shortlag-v2,True
2025-10-22 15:00:00+00:00,ISONE_NEMA,11383,882,395,10106,18007.25,10698.220382847858,10499.454674433724,10755.388849231218,9292.100365358036,9052.357290742611,9329.011799348473,2025-10-22T15:00:00Z,causal-ridge-shortlag-v2,True
2025-10-22 15:00:00+00:00,MISO_MINN_HUB,70838,10709,9590,50539,101249.75,71461.14336730835,72331.57759661505,73059.25153918254,51551.29028507975,52641.90851140791,53523.26158982208,2025-10-22T15:00:00Z,causal-ridge-shortlag-v2,True
2025-10-22 15:00:00+00:00,SPP_NORTH_HUB,30894,9259,868,20767,46366.75,31143.238257953435,31561.44950377178,32027.20573255668,22185.86763498304,22932.05402385332,23308.67990691405,2025-10-22T15:00:00Z,causal-ridge-shortlag-v2,True
2025-10-22 16:00:00+00:00,CAISO_NP15,26146,3256,6921,15969,33983.0,26762.671576206667,26695.773139584617,26515.85167163139,12224.220628279145,11350.252938714091,10847.082048343414,2025-10-22T16:00:00Z,causal-ridge-shortlag-v2,True
2025-10-22 16:00:00+00:00,ISONE_NEMA,10788,955,492,9341,18007.25,10640.089683553486,10873.120432154145,11409.191494806058,9141.589460521467,9391.955335792629,9985.818596098768,2025-10-22T16:00:00Z,causal-ridge-shortlag-v2,True
2025-10-22 16:00:00+00:00,MISO_MINN_HUB,70837,11125,9769,49943,101249.75,71118.42474783692,71750.93239783884,72076.23977212358,50326.7483348688,50331.40829099425,51707.71305479003,2025-10-22T16:00:00Z,causal-ridge-shortlag-v2,True
2025-10-22 16:00:00+00:00,SPP_NORTH_HUB,30963,10378,850,19735,46366.75,31238.50770800765,31616.84847565788,32044.08865806565,19334.386266523885,19318.271332493376,19394.308505185403,2025-10-22T16:00:00Z,causal-ridge-shortlag-v2,True
2025-10-22 17:00:00+00:00,CAISO_NP15,27217,3468,11401,12348,33983.0,27489.35306737692,27293.68007971277,27057.813624770315,11294.357423581068,10675.270602533115,10964.825727621912,2025-10-22T17:00:00Z,causal-ridge-shortlag-v2,True
2025-10-22 17:00:00+00:00,ISONE_NEMA,10647,961,562,9124,18007.25,10922.178647961438,11509.169183475706,12299.17062773345,9415.293203889732,10064.787285197635,10942.799217900998,2025-10-22T17:00:00Z,causal-ridge-shortlag-v2,True
2025-10-22 17:00:00+00:00,MISO_MINN_HUB,70732,12166,9686,48880,101249.75,70889.22626825044,71297.30700783357,71714.11205897322,49066.935383213306,50084.08381964233,51755.8242890436,2025-10-22T17:00:00Z,causal-ridge-shortlag-v2,True
2025-10-22 17:00:00+00:00,SPP_NORTH_HUB,30955,10923,786,19246,46366.75,31104.701486790003,31394.601604497104,31699.73575079998,19238.290850872712,19362.989220154297,19402.988076399324,2025-10-22T17:00:00Z,causal-ridge-shortlag-v2,True
2025-10-22 18:00:00+00:00,CAISO_NP15,27387,3300,12638,11449,33983.0,27030.66052487028,26683.593525914934,26295.41435678794,11472.997362590711,11571.686396575722,12083.065508182985,2025-10-22T18:00:00Z,causal-ridge-shortlag-v2,True
2025-10-22 18:00:00+00:00,ISONE_NEMA,10798,1031,535,9232,18007.25,11296.875022791037,12095.00471209622,13008.211793102822,9778.33367171004,10665.27567024992,11683.395386657585,2025-10-22T18:00:00Z,causal-ridge-shortlag-v2,True
2025-10-22 18:00:00+00:00,MISO_MINN_HUB,71016,13970,9978,47068,101249.75,71327.11614948083,71662.63608655192,72040.23732231322,47043.26854637048,47955.13633588409,49573.188099880805,2025-10-22T18:00:00Z,causal-ridge-shortlag-v2,True
2025-10-22 18:00:00+00:00,SPP_NORTH_HUB,31403,10636,765,20002,46366.75,31827.02866389042,32237.367105827427,32552.621388763448,20371.188255954527,20577.41283036917,20601.93209593588,2025-10-22T18:00:00Z,causal-ridge-shortlag-v2,True
2025-10-22 19:00:00+00:00,CAISO_NP15,28038,2617,13363,12058,33983.0,28165.851365634207,27950.256232761472,27692.6903644076,12747.83625595071,13681.731273054982,14747.533219394703,2025-10-22T19:00:00Z,causal-ridge-shortlag-v2,True
2025-10-22 19:00:00+00:00,ISONE_NEMA,11156,976,444,9736,18007.25,11924.948177393177,12867.57082569428,13666.479880786452,10634.245851573383,11695.80070670074,12603.766885354084,2025-10-22T19:00:00Z,causal-ridge-shortlag-v2,True
2025-10-22 19:00:00+00:00,MISO_MINN_HUB,70970,15552,9895,45523,101249.75,71012.66005753799,71198.40207759521,71343.4958785734,45841.90603220645,47037.15483489899,48989.63647308961,2025-10-22T19:00:00Z,causal-ridge-shortlag-v2,True
2025-10-22 19:00:00+00:00,SPP_NORTH_HUB,31849,9731,843,21275,46366.75,32228.330359209376,32578.50667638421,32818.11548803578,21866.07438064288,22102.30018827483,21986.290486436406,2025-10-22T19:00:00Z,causal-ridge-shortlag-v2,True
2025-10-22 20:00:00+00:00,CAISO_NP15,27291,2324,14111,10856,33983.0,26724.69269693336,26671.25751521755,26893.045589348618,10937.50226545547,12855.18512733698,14916.53337787514,2025-10-22T20:00:00Z,causal-ridge-shortlag-v2,True
2025-10-22 20:00:00+00:00,ISONE_NEMA,12220,863,248,11109,18007.25,13577.284191527213,14570.792872631093,14927.984295779974,12672.273858885384,13795.466364833108,14223.045187360913,2025-10-22T20:00:00Z,causal-ridge-shortlag-v2,True
2025-10-22 20:00:00+00:00,MISO_MINN_HUB,71076,16215,10052,44809,101249.75,71376.02246647327,71694.77708753778,71918.05939023757,45997.67099615414,47649.27750841424,49593.9353476892,2025-10-22T20:00:00Z,causal-ridge-shortlag-v2,True
2025-10-22 20:00:00+00:00,SPP_NORTH_HUB,32191,8518,949,22724,46366.75,32503.92739941484,32827.401646032646,33053.651064791,23399.35316317714,23515.677044922824,23158.484444335587,2025-10-22T20:00:00Z,causal-ridge-shortlag-v2,True
2025-10-22 21:00:00+00:00,CAISO_NP15,27906,3096,14568,10242,33983.0,27987.17512624589,28040.15707546017,28279.43154778072,11384.583251229687,13907.38902499498,16481.137614010746,2025-10-22T21:00:00Z,causal-ridge-shortlag-v2,True
2025-10-22 21:00:00+00:00,ISONE_NEMA,13380,832,44,12504,18007.25,14265.728037180772,14650.914955911534,14541.410832751146,13536.6122396191,14005.0764877806,13936.806543778626,2025-10-22T21:00:00Z,causal-ridge-shortlag-v2,True
2025-10-22 21:00:00+00:00,MISO_MINN_HUB,71516,16323,8482,46711,101249.75,72251.28403359622,72695.38441241946,72667.65382261336,49616.94112711275,52008.542606720745,53509.83430689298,2025-10-22T21:00:00Z,causal-ridge-shortlag-v2,True
2025-10-22 21:00:00+00:00,SPP_NORTH_HUB,32528,7598,934,23996,46366.75,32816.0742424282,33046.49056628109,33132.0973233579,24460.975462469825,24335.92724856608,23747.14790317292,2025-10-22T21:00:00Z,causal-ridge-shortlag-v2,True
2025-10-22 22:00:00+00:00,CAISO_NP15,29785,3544,14877,11364,33983.0,30017.64627155637,30056.426792350703,29941.37976604969,13361.966663362724,16207.985814932264,18789.318837512918,2025-10-22T22:00:00Z,causal-ridge-shortlag-v2,True
2025-10-22 22:00:00+00:00,ISONE_NEMA,13992,837,9,13146,18007.25,14072.316721939407,13830.02034849636,13409.73989095796,13257.318017558657,13051.812827576892,12667.47152825304,2025-10-22T22:00:00Z,causal-ridge-shortlag-v2,True
2025-10-22 22:00:00+00:00,MISO_MINN_HUB,72672,15080,3228,54364,101249.75,74304.4406268921,74766.5431267601,73765.44972941201,60138.65478215915,62609.842792783646,61617.632216752296,2025-10-22T22:00:00Z,causal-ridge-shortlag-v2,True
2025-10-22 22:00:00+00:00,SPP_NORTH_HUB,32562,6167,533,25862,46366.75,32507.940391866017,32323.138932239694,31959.66176975329,26467.65826612058,26035.100609741065,25028.71705150108,2025-10-22T22:00:00Z,causal-ridge-shortlag-v2,True
2025-10-22 23:00:00+00:00,CAISO_NP15,28950,4008,14515,10427,33983.0,28517.549125050507,28280.708705377983,28002.315071298868,12002.263114249048,15115.930322769887,17831.02668840652,2025-10-22T23:00:00Z,causal-ridge-shortlag-v2,True
2025-10-22 23:00:00+00:00,ISONE_NEMA,13693,829,9,12855,18007.25,13098.72153348825,12544.33548536433,12034.974283287003,12261.59706655412,11725.352155501125,11249.874462167829,2025-10-22T23:00:00Z,causal-ridge-shortlag-v2,True
2025-10-22 23:00:00+00:00,MISO_MINN_HUB,74038,11822,156,62060,101249.75,74994.90100197353,74605.35184514752,72460.6290823553,65926.52094143663,65451.90943248115,63663.141469827366,2025-10-22T23:00:00Z,causal-ridge-shortlag-v2,True
2025-10-22 23:00:00+00:00,SPP_NORTH_HUB,32342,5208,77,27057,46366.75,32037.37764502073,31497.81674924744,30764.29707536164,27048.436578689863,25954.9151433653,24451.10757470104,2025-10-22T23:00:00Z,causal-ridge-shortlag-v2,True
2025-10-23 00:00:00+00:00,CAISO_NP15,26185,4379,10775,11031,33983.0,25487.704737804583,25269.223118348247,25305.66899906061,14187.129357580856,16706.55186166575,18983.878996470477,2025-10-23T00:00:00Z,causal-ridge-shortlag-v2,True
2025-10-23 00:00:00+00:00,ISONE_NEMA,13134,706,8,12420,18007.25,12630.505059945535,12150.130975497166,11623.827566929696,11973.21517671559,11534.748387423766,11039.796075500111,2025-10-23T00:00:00Z,causal-ridge-shortlag-v2,True
2025-10-23 00:00:00+00:00,MISO_MINN_HUB,73805,10363,96,63346,101249.75,72313.99045169527,70267.93771199799,67860.15352695496,61835.816158663576,59778.58215389275,58550.71280122422,2025-10-23T00:00:00Z,causal-ridge-shortlag-v2,True
2025-10-23 00:00:00+00:00,SPP_NORTH_HUB,32345,7576,0,24769,46366.75,32079.18758010454,31460.6948330995,30642.650545087246,22609.20026776322,20658.44772304896,18936.727606173445,2025-10-23T00:00:00Z,causal-ridge-shortlag-v2,True
2025-10-23 01:00:00+00:00,CAISO_NP15,26461,4385,2970,19106,33983.0,26674.24473865749,26745.795616556206,26615.10609224709,23836.15054967111,25218.97276181349,25639.470614000267,2025-10-23T01:00:00Z,causal-ridge-shortlag-v2,True
2025-10-23 01:00:00+00:00,ISONE_NEMA,12352,578,7,11767,18007.25,11674.203477415864,11187.818438835397,10877.184869358774,11152.699848155096,10717.176300989877,10450.276103728587,2025-10-23T01:00:00Z,causal-ridge-shortlag-v2,True
2025-10-23 01:00:00+00:00,MISO_MINN_HUB,71925,10111,9,61805,101249.75,69448.56909760393,66762.22469187978,64699.45247503371,59182.93269304293,58423.16686454054,56309.071563209625,2025-10-23T01:00:00Z,causal-ridge-shortlag-v2,True
2025-10-23 01:00:00+00:00,SPP_NORTH_HUB,31582,11037,0,20545,46366.75,30731.773618394454,29829.33426247285,28955.45956425461,17647.254930136092,15535.922464828418,13849.364920443964,2025-10-23T01:00:00Z,causal-ridge-shortlag-v2,True
2025-10-23 02:00:00+00:00,CAISO_NP15,27176,4359,59,22758,33983.0,27357.19471292307,27079.607758762715,26351.420390378786,22923.58781134028,24582.51542968793,24768.53411901313,2025-10-23T02:00:00Z,causal-ridge-shortlag-v2,True
2025-10-23 02:00:00+00:00,ISONE_NEMA,11382,645,7,10730,18007.25,10546.060800872532,10080.310285795756,10008.537731270104,9881.04186625731,9444.360479866627,9413.506540701295,2025-10-23T02:00:00Z,causal-ridge-shortlag-v2,True
2025-10-23 02:00:00+00:00,MISO_MINN_HUB,69112,9485,1,59626,101249.75,66253.09129276735,63572.548760181606,61411.69374234327,57071.86112980082,55309.20363097565,53135.97509998592,2025-10-23T02:00:00Z,causal-ridge-shortlag-v2,True
2025-10-23 02:00:00+00:00,SPP_NORTH_HUB,30695,13100,0,17595,46366.75,29800.48695202696,28991.1165551762,28296.661930001537,15427.5685387326,13709.806820605514,12374.663509835638,2025-10-23T02:00:00Z,causal-ridge-shortlag-v2,True
2025-10-23 03:00:00+00:00,CAISO_NP15,27072,4349,0,22723,33983.0,26825.888996542923,26394.8426545774,25734.5314088756,22558.634941992572,23064.06367610363,22876.77050815206,2025-10-23T03:00:00Z,causal-ridge-shortlag-v2,True
2025-10-23 03:00:00+00:00,ISONE_NEMA,10647,579,7,10061,18007.25,10314.076891090248,10323.552217685885,10498.298907361812,9790.686236685822,9847.169343191334,10048.173251258684,2025-10-23T03:00:00Z,causal-ridge-shortlag-v2,True
2025-10-23 03:00:00+00:00,MISO_MINN_HUB,65850,8904,2,56944,101249.75,62902.0205134423,60546.61721109618,58776.02928585046,54388.19202499307,52208.66550322837,50502.862606635295,2025-10-23T03:00:00Z,causal-ridge-shortlag-v2,True
2025-10-23 03:00:00+00:00,SPP_NORTH_HUB,29437,13772,0,15665,46366.75,28329.529599953847,27448.001951730123,26829.379306733183,14046.698054146287,12819.140742799087,11960.313644011998,2025-10-23T03:00:00Z,causal-ridge-shortlag-v2,True
2025-10-23 04:00:00+00:00,CAISO_NP15,25917,4302,0,21615,33983.0,24896.600755855063,23931.72641969836,22948.24968744881,21111.494408874696,21255.161060418235,20853.11449162193,2025-10-23T04:00:00Z,causal-ridge-shortlag-v2,True
2025-10-23 04:00:00+00:00,ISONE_NEMA,10118,449,7,9662,18007.25,10003.43758840668,10165.774484979342,10423.197176271033,9611.574276439576,9801.919940390151,10059.889111401211,2025-10-23T04:00:00Z,causal-ridge-shortlag-v2,True
2025-10-23 04:00:00+00:00,MISO_MINN_HUB,63299,8059,2,55238,101249.75,61337.23475672949,59920.38775411081,59176.94456793602,53989.650517029215,53183.79317716923,52116.72995006356,2025-10-23T04:00:00Z,causal-ridge-shortlag-v2,True
2025-10-23 04:00:00+00:00,SPP_NORTH_HUB,28150,14124,0,14026,46366.75,27107.10551279455,26364.437525380228,25956.790631512733,12687.194261132932,11809.69414012265,11362.018721634202,2025-10-23T04:00:00Z,causal-ridge-shortlag-v2,True
2025-10-23 05:00:00+00:00,CAISO_NP15,25761,4358,0,21403,33983.0,24944.208154134507,23851.08391145539,22764.32897373663,21233.164074435383,21499.22531725954,21145.14492945549,2025-10-23T05:00:00Z,causal-ridge-shortlag-v2,True
2025-10-23 05:00:00+00:00,ISONE_NEMA,9988,396,7,9585,18007.25,10138.25269381491,10406.472366301876,10702.881486260472,9769.020915011688,10052.3971661877,10335.242579046364,2025-10-23T05:00:00Z,causal-ridge-shortlag-v2,True
2025-10-23 05:00:00+00:00,MISO_MINN_HUB,61509,7171,1,54337,101249.75,60310.19923180109,59770.19066390289,59729.56451762925,53772.99204774893,53198.41013778064,52943.89815914241,2025-10-23T05:00:00Z,causal-ridge-shortlag-v2,True
2025-10-23 05:00:00+00:00,SPP_NORTH_HUB,27270,14255,0,13015,46366.75,26587.45829622089,26159.959542318826,26012.91914649171,12177.617989141005,11784.835190534151,11814.58884246656,2025-10-23T05:00:00Z,causal-ridge-shortlag-v2,True
2025-10-23 06:00:00+00:00,CAISO_NP15,24461,4434,0,20027,33983.0,23232.679537584845,22313.632446108862,21602.69017097391,19529.840552328667,19964.87261772616,19908.24587920724,2025-10-23T06:00:00Z,causal-ridge-shortlag-v2,True
2025-10-23 06:00:00+00:00,ISONE_NEMA,9908,394,7,9507,18007.25,9955.80353313207,10177.79277371217,10506.318201012024,9549.8841718208,9754.943468923671,10051.768358418676,2025-10-23T06:00:00Z,causal-ridge-shortlag-v2,True
2025-10-23 06:00:00+00:00,MISO_MINN_HUB,60095,6781,1,53313,101249.75,59319.70517138568,59363.654018795394,59964.38805734113,52634.8336198924,52151.238263593965,52215.59444167376,2025-10-23T06:00:00Z,causal-ridge-shortlag-v2,True
2025-10-23 06:00:00+00:00,SPP_NORTH_HUB,26729,13904,0,12825,46366.75,26384.94093388055,26271.65846923102,26396.0412148232,12661.67387883172,12795.534585587417,13235.111876850908,2025-10-23T06:00:00Z,causal-ridge-shortlag-v2,True
2025-10-23 07:00:00+00:00,CAISO_NP15,23044,4391,0,18653,33983.0,22032.589446732123,21459.283416558177,21313.201470278666,18775.712663266306,19232.99727627507,19250.834678618416,2025-10-23T07:00:00Z,causal-ridge-shortlag-v2,True
2025-10-23 07:00:00+00:00,ISONE_NEMA,9851,390,7,9454,18007.25,9968.140271222388,10225.693134985264,10493.051329999127,9548.168912098276,9763.737289721455,9972.341633262002,2025-10-23T07:00:00Z,causal-ridge-shortlag-v2,True
2025-10-23 07:00:00+00:00,MISO_MINN_HUB,59509,6491,1,53017,101249.75,59620.54501590198,60360.028898623554,61706.67306066261,53050.387519036594,53537.44965025678,53736.637946053066,2025-10-23T07:00:00Z,causal-ridge-shortlag-v2,True
2025-10-23 07:00:00+00:00,SPP_NORTH_HUB,26577,14667,0,11910,46366.75,26593.288177230574,26803.750177816968,27228.3042164376,11549.99293097586,11762.888583936725,12385.61134129154,2025-10-23T07:00:00Z,causal-ridge-shortlag-v2,True
2025-10-23 08:00:00+00:00,CAISO_NP15,22597,4480,0,18117,33983.0,22114.88552863659,21924.485413726416,22093.884656698847,18603.393744891586,19090.512977501145,19108.318942117083,2025-10-23T08:00:00Z,causal-ridge-shortlag-v2,True
2025-10-23 08:00:00+00:00,ISONE_NEMA,10133,465,7,9661,18007.25,10450.204013024624,10672.16796267299,10811.077363599876,9916.16872724636,10070.222426790491,10125.567686844935,2025-10-23T08:00:00Z,causal-ridge-shortlag-v2,True
2025-10-23 08:00:00+00:00,MISO_MINN_HUB,59468,6041,1,53426,101249.75,60087.6909728112,61304.82630817417,62865.18119742096,53795.85650085138,54147.64397044823,54478.61856771063,2025-10-23T08:00:00Z,causal-ridge-shortlag-v2,True
2025-10-23 08:00:00+00:00,SPP_NORTH_HUB,26436,14757,0,11679,46366.75,26516.19071525225,26847.740711099992,27399.19003699045,11963.4845235018,12649.473177546832,13573.92212991041,2025-10-23T08:00:00Z,causal-ridge-shortlag-v2,True
2025-10-23 09:00:00+00:00,CAISO_NP15,21920,4278,0,17642,33983.0,21541.456678003768,21724.26280058467,22253.45295881721,18031.969694481395,18315.28210184132,18108.077120311667,2025-10-23T09:00:00Z,causal-ridge-shortlag-v2,True
2025-10-23 09:00:00+00:00,ISONE_NEMA,10922,489,7,10426,18007.25,11518.654386114353,11783.566573859778,11833.048449042852,10986.845454545142,11182.360020764068,11137.105694315343,2025-10-23T09:00:00Z,causal-ridge-shortlag-v2,True
2025-10-23 09:00:00+00:00,MISO_MINN_HUB,60863,6092,1,54770,101249.75,62639.54411107415,64454.31826039652,66384.63314409879,55822.921514047644,56658.49403433912,56739.340147667055,2025-10-23T09:00:00Z,causal-ridge-shortlag-v2,True
2025-10-23 09:00:00+00:00,SPP_NORTH_HUB,26750,14916,0,11834,46366.75,27199.498968755943,27774.001975363408,28475.31593747816,12326.62497495084,13205.657698285831,14324.364597060605,2025-10-23T09:00:00Z,causal-ridge-shortlag-v2,True
2025-10-23 10:00:00+00:00,CAISO_NP15,21348,3994,0,17354,33983.0,21473.10844060493,21975.78421210464,22765.489613134072,17857.160361215545,17745.256897702155,17205.565748151344,2025-10-23T10:00:00Z,causal-ridge-shortlag-v2,True
2025-10-23 10:00:00+00:00,ISONE_NEMA,11812,604,7,11201,18007.25,12284.785325359511,12285.3303586681,12027.224922409445,11572.291566423888,11452.58716135922,11067.200780140727,2025-10-23T10:00:00Z,causal-ridge-shortlag-v2,True
2025-10-23 10:00:00+00:00,MISO_MINN_HUB,64020,5886,0,58134,101249.75,67085.67096796268,69438.9107043381,71235.73447856044,60460.66005739108,61438.13615261488,60756.5571865942,2025-10-23T10:00:00Z,causal-ridge-shortlag-v2,True
2025-10-23 10:00:00+00:00,SPP_NORTH_HUB,27748,14400,0,13348,46366.75,28636.129341514985,29424.1093174275,30126.93856706784,14593.672957031764,15847.862676376866,17110.323640504324,2025-10-23T10:00:00Z,causal-ridge-shortlag-v2,True
2025-10-23 11:00:00+00:00,CAISO_NP15,20859,3087,0,17772,33983.0,21140.36353518776,21897.623962051133,22911.538831888516,18109.27260619628,17557.453819607956,16634.562841821436,2025-10-23T11:00:00Z,causal-ridge-shortlag-v2,True
2025-10-23 11:00:00+00:00,ISONE_NEMA,12638,722,29,11887,18007.25,12936.702154838124,12699.212686507277,12177.067240687247,12066.938811893617,11698.963036046049,11049.297602277831,2025-10-23T11:00:00Z,causal-ridge-shortlag-v2,True
2025-10-23 11:00:00+00:00,MISO_MINN_HUB,68949,5715,1,63233,101249.75,73015.74268314728,75548.40894556062,76758.3994177701,66197.88729919693,66411.7320622696,64676.666942000375,2025-10-23T11:00:00Z,causal-ridge-shortlag-v2,True
2025-10-23 11:00:00+00:00,SPP_NORTH_HUB,29655,13704,0,15951,46366.75,31128.42557756297,32137.75894328536,32763.24802816214,17712.342115900672,19157.20898823821,20385.245762634167,2025-10-23T11:00:00Z,causal-ridge-shortlag-v2,True
2025-10-23 12:00:00+00:00,CAISO_NP15,20971,2820,0,18151,33983.0,21496.015912580595,22447.447766777117,23568.020080836606,17759.034906730023,16943.712000136282,15748.88958971215,2025-10-23T12:00:00Z,causal-ridge-shortlag-v2,True
2025-10-23 12:00:00+00:00,ISONE_NEMA,12048,639,222,11187,18007.25,11154.143488461925,10450.339000876837,10012.543206593367,10140.14301675214,9305.02337143708,8796.181830399344,2025-10-23T12:00:00Z,causal-ridge-shortlag-v2,True
2025-10-23 12:00:00+00:00,MISO_MINN_HUB,71148,5512,377,65259,101249.75,72261.22531157928,72983.011846753,72484.14584657791,64355.03952914557,60972.12169236373,58902.72836568678,2025-10-23T12:00:00Z,causal-ridge-shortlag-v2,True
2025-10-23 12:00:00+00:00,SPP_NORTH_HUB,31011,13683,2,17326,46366.75,31978.927755993755,32567.51754705324,32877.642554485334,18466.455252692827,19490.3208559122,20233.57046686736,2025-10-23T12:00:00Z,causal-ridge-shortlag-v2,True
2025-10-23 13:00:00+00:00,CAISO_NP15,21866,2623,0,19243,33983.0,22803.36067392204,23968.964052804844,25039.98064170768,18739.183741920373,17244.056685726675,15508.633557696732,2025-10-23T13:00:00Z,causal-ridge-shortlag-v2,True
2025-10-23 13:00:00+00:00,ISONE_NEMA,11052,589,451,10012,18007.25,10304.694392438536,9827.4982820577,9591.125462733136,9130.377190985637,8589.930173872655,8342.16712383132,2025-10-23T13:00:00Z,causal-ridge-shortlag-v2,True
2025-10-23 13:00:00+00:00,MISO_MINN_HUB,71038,4910,5798,60330,101249.75,70065.50283035975,69613.59919086916,69881.3320917752,55479.0908714344,53032.86848495744,52934.16087425751,2025-10-23T13:00:00Z,causal-ridge-shortlag-v2,True
2025-10-23 13:00:00+00:00,SPP_NORTH_HUB,31279,12995,134,18150,46366.75,31432.492438441703,31558.94144200422,31675.53144264791,19004.723401590363,19653.85966191912,19966.912648199283,2025-10-23T13:00:00Z,causal-ridge-shortlag-v2,True
2025-10-23 14:00:00+00:00,CAISO_NP15,24074,2054,0,22020,33983.0,25628.154846982343,26730.35102568849,27256.944896930934,21460.5697508682,18961.88949723188,16235.674941372588,2025-10-23T14:00:00Z,causal-ridge-shortlag-v2,True
2025-10-23 14:00:00+00:00,ISONE_NEMA,10168,586,596,8986,18007.25,9549.87890859136,9299.371541475948,9503.205266914578,8302.76719015585,8055.232680238786,8313.495721249794,2025-10-23T14:00:00Z,causal-ridge-shortlag-v2,True
2025-10-23 14:00:00+00:00,MISO_MINN_HUB,70301,3795,11740,54766,101249.75,69623.76891778111,69678.87750148597,71046.03797003605,52132.04129179339,53645.39247168436,55097.56636040269,2025-10-23T14:00:00Z,causal-ridge-shortlag-v2,True
2025-10-23 14:00:00+00:00,SPP_NORTH_HUB,31127,9998,599,20530,46366.75,31162.222040830988,31385.64639352095,31679.23177986992,22189.76303027449,22954.61692348988,23183.19471565536,2025-10-23T14:00:00Z,causal-ridge-shortlag-v2,True
2025-10-23 15:00:00+00:00,CAISO_NP15,24951,1698,1997,21256,33983.0,25890.57807690801,26443.830713873933,26459.56228173993,18274.67724513657,15790.598496072023,13245.423820997476,2025-10-23T15:00:00Z,causal-ridge-shortlag-v2,True
2025-10-23 15:00:00+00:00,ISONE_NEMA,9865,704,610,8551,18007.25,9733.944847260513,9856.102752586386,10384.635865571838,8391.879786586802,8554.827205590753,9162.947364121956,2025-10-23T15:00:00Z,causal-ridge-shortlag-v2,True
2025-10-23 15:00:00+00:00,MISO_MINN_HUB,69577,3309,12701,53567,101249.75,69725.70440450814,70503.13471783636,71406.63317643228,54669.82098342164,56412.76737903685,57786.51378511784,2025-10-23T15:00:00Z,causal-ridge-shortlag-v2,True
2025-10-23 15:00:00+00:00,SPP_NORTH_HUB,31202,8513,744,21945,46366.75,31427.45559493206,31737.75571907217,32069.24170907857,22754.614326766838,23058.029472342685,23098.11240789462,2025-10-23T15:00:00Z,causal-ridge-shortlag-v2,True
2025-10-23 16:00:00+00:00,CAISO_NP15,26530,1772,10227,14531,33983.0,27108.20257195416,26876.33790187148,26537.530630005767,9651.958999754634,9075.530409813346,8748.556569748072,2025-10-23T16:00:00Z,causal-ridge-shortlag-v2,True
2025-10-23 16:00:00+00:00,ISONE_NEMA,9965,735,639,8591,18007.25,10189.54202168738,10676.978523005908,11485.459491057329,8837.968683928026,9399.381861684016,10312.32767101637,2025-10-23T16:00:00Z,causal-ridge-shortlag-v2,True
2025-10-23 16:00:00+00:00,MISO_MINN_HUB,69441,4238,12110,53093,101249.75,69789.42723254427,70669.17822311506,71311.23775288167,54105.87691057422,54559.96725809779,56730.14149338226,2025-10-23T16:00:00Z,causal-ridge-shortlag-v2,True
2025-10-23 16:00:00+00:00,SPP_NORTH_HUB,31377,8790,708,21879,46366.75,31516.626688177246,31696.26528158945,31890.113244626853,21711.27067089444,21741.07694007981,21722.02623243911,2025-10-23T16:00:00Z,causal-ridge-shortlag-v2,True
2025-10-23 17:00:00+00:00,CAISO_NP15,28194,1598,14964,11632,33983.0,28220.80169211593,27903.50462275788,27416.53977088736,10418.2734535309,9789.712789717594,9851.81827033688,2025-10-23T17:00:00Z,causal-ridge-shortlag-v2,True
2025-10-23 17:00:00+00:00,ISONE_NEMA,10042,750,607,8685,18007.25,10343.735379046182,10996.963916752147,11876.635748034214,9035.345124661266,9778.399815344776,10774.693244245733,2025-10-23T17:00:00Z,causal-ridge-shortlag-v2,True
2025-10-23 17:00:00+00:00,MISO_MINN_HUB,69247,4993,11885,52369,101249.75,69437.07098061588,70237.99167066434,71204.6854880641,53200.01391592476,55100.41667410504,58131.03138670613,2025-10-23T17:00:00Z,causal-ridge-shortlag-v2,True
2025-10-23 17:00:00+00:00,SPP_NORTH_HUB,31475,9006,579,21890,46366.75,31537.72817913293,31631.137416388487,31708.344793244138,21808.45975672243,21719.60709460048,21497.97407106329,2025-10-23T17:00:00Z,causal-ridge-shortlag-v2,True
2025-10-23 18:00:00+00:00,CAISO_NP15,27160,970,15628,10562,33983.0,26494.901127609864,25923.85291758931,25292.29745794496,9960.776236064685,10039.423643729791,10373.74154904206,2025-10-23T18:00:00Z,causal-ridge-shortlag-v2,True
2025-10-23 18:00:00+00:00,ISONE_NEMA,10463,673,509,9281,18007.25,11229.703774373977,12134.480145586853,12938.267639394704,10182.467610825495,11220.03273548786,12146.10332077691,2025-10-23T18:00:00Z,causal-ridge-shortlag-v2,True
2025-10-23 18:00:00+00:00,MISO_MINN_HUB,69432,5583,11834,52015,101249.75,70016.1328936213,70994.76355104859,72240.85336523746,53431.08766940828,56562.41929331853,60067.95892948282,2025-10-23T18:00:00Z,causal-ridge-shortlag-v2,True
2025-10-23 18:00:00+00:00,SPP_NORTH_HUB,31886,9016,536,22334,46366.75,32209.603454517688,32399.269495812103,32430.51769807921,22425.082260265917,22233.287246916392,21848.2514786232,2025-10-23T18:00:00Z,causal-ridge-shortlag-v2,True
2025-10-23 19:00:00+00:00,CAISO_NP15,26949,1106,15685,10158,33983.0,26924.15292002608,26565.951357837952,26362.63138424643,10160.63313439928,11406.154296059629,12755.53053933938,2025-10-23T19:00:00Z,causal-ridge-shortlag-v2,True
2025-10-23 19:00:00+00:00,ISONE_NEMA,11099,579,373,10147,18007.25,11932.12201528762,12787.007250071343,13444.28966714963,11143.1526020171,12132.82754451576,12899.13780193773,2025-10-23T19:00:00Z,causal-ridge-shortlag-v2,True
2025-10-23 19:00:00+00:00,MISO_MINN_HUB,69282,6524,12113,50645,101249.75,69404.73496266072,70179.32144270654,71249.69912909454,51380.93318517781,53873.11533357677,57773.62876048535,2025-10-23T19:00:00Z,causal-ridge-shortlag-v2,True
2025-10-23 19:00:00+00:00,SPP_NORTH_HUB,32196,9535,448,22213,46366.75,32400.35058809364,32412.189528651317,32239.18359123433,21951.225663316865,21464.98856215096,20798.10334997267,2025-10-23T19:00:00Z,causal-ridge-shortlag-v2,True
2025-10-23 20:00:00+00:00,CAISO_NP15,26427,1273,15615,9539,33983.0,25899.343474033376,25777.84825394289,25986.815929067656,9539.932141776182,11597.413072258048,13807.9426865788,2025-10-23T20:00:00Z,causal-ridge-shortlag-v2,True
2025-10-23 20:00:00+00:00,ISONE_NEMA,12229,557,190,11482,18007.25,13375.334058019294,14146.515555068692,14390.661975454424,12792.117871845589,13675.279600832151,13979.292566359847,2025-10-23T20:00:00Z,causal-ridge-shortlag-v2,True
2025-10-23 20:00:00+00:00,MISO_MINN_HUB,69563,6733,11927,50903,101249.75,70376.96074073178,71511.7562764815,72959.14793773524,53393.45634122276,57869.16736970233,61760.05848889317,2025-10-23T20:00:00Z,causal-ridge-shortlag-v2,True
2025-10-23 20:00:00+00:00,SPP_NORTH_HUB,32430,9861,493,22076,46366.75,32558.77626594888,32512.69272576247,32276.422825530484,21796.714332041112,21175.659971741847,20316.95874666539,2025-10-23T20:00:00Z,causal-ridge-shortlag-v2,True
2025-10-23 21:00:00+00:00,CAISO_NP15,26495,1608,15709,9178,33983.0,26510.985341606745,26482.78125225245,26629.09168685589,9972.986226424237,12437.929520056903,15014.93753079749,2025-10-23T21:00:00Z,causal-ridge-shortlag-v2,True
2025-10-23 21:00:00+00:00,ISONE_NEMA,13345,552,52,12741,18007.25,14075.595967915391,14308.373908082734,14086.167745043716,13576.56448759002,13866.238919017556,13665.204836249146,2025-10-23T21:00:00Z,causal-ridge-shortlag-v2,True
2025-10-23 21:00:00+00:00,MISO_MINN_HUB,70580,5994,9650,54936,101249.75,72187.32365322793,73610.81565592653,74533.80333858637,59724.65083015717,64213.71274537038,66988.59359514981,2025-10-23T21:00:00Z,causal-ridge-shortlag-v2,True
2025-10-23 21:00:00+00:00,SPP_NORTH_HUB,32524,10758,361,21405,46366.75,32496.942466060136,32238.90333057197,31777.900092687643,20709.61760330586,19762.32279661199,18668.78187709572,2025-10-23T21:00:00Z,causal-ridge-shortlag-v2,True
2025-10-23 22:00:00+00:00,CAISO_NP15,26284,1849,15849,8586,33983.0,26424.5111171586,26310.434641005435,26238.172705493595,9972.939875425014,12743.253146330162,15663.085099389344,2025-10-23T22:00:00Z,causal-ridge-shortlag-v2,True
2025-10-23 22:00:00+00:00,ISONE_NEMA,13939,617,26,13296,18007.25,13942.44416193877,13566.280899246609,12995.401061806891,13291.452592060665,12919.41760275753,12354.024413711508,2025-10-23T22:00:00Z,causal-ridge-shortlag-v2,True
2025-10-23 22:00:00+00:00,MISO_MINN_HUB,71966,4552,3088,64326,101249.75,73989.70203262985,74976.3255783081,74326.31462290314,70982.84674941847,73902.0917990066,72977.79616580946,2025-10-23T22:00:00Z,causal-ridge-shortlag-v2,True
2025-10-23 22:00:00+00:00,SPP_NORTH_HUB,32346,11291,203,20852,46366.75,32066.20293299592,31575.002132729816,30899.87179419416,20168.47085180667,19032.99481607315,17722.808070909803,2025-10-23T22:00:00Z,causal-ridge-shortlag-v2,True
2025-10-23 23:00:00+00:00,CAISO_NP15,26030,1928,15530,8572,33983.0,25539.17580488604,25264.625021484622,25240.826301845675,10404.042396376644,13695.926603586766,16763.40859911769,2025-10-23T23:00:00Z,causal-ridge-shortlag-v2,True
2025-10-23 23:00:00+00:00,ISONE_NEMA,13729,739,26,12964,18007.25,13086.472227175916,12388.740312421753,11744.66417109893,12267.161227832066,11554.079185517963,10916.39604532659,2025-10-23T23:00:00Z,causal-ridge-shortlag-v2,True
2025-10-23 23:00:00+00:00,MISO_MINN_HUB,73562,3749,62,69751,101249.75,74271.28737479882,73731.1714194404,71832.81851848718,71484.67180937623,69589.20075204485,67186.60866657726,2025-10-23T23:00:00Z,causal-ridge-shortlag-v2,True
2025-10-23 23:00:00+00:00,SPP_NORTH_HUB,32255,13215,41,18999,46366.75,31950.69582317013,31362.278133042422,30591.536138441086,17400.219631192962,15812.897765522746,14357.270359564029,2025-10-23T23:00:00Z,causal-ridge-shortlag-v2,True
2025-10-24 00:00:00+00:00,CAISO_NP15,25221,2072,11878,11271,33983.0,24323.09207799712,24316.424281033294,24608.20709496224,14398.57746996598,17082.887964625028,19568.164661932256,2025-10-24T00:00:00Z,causal-ridge-shortlag-v2,True
2025-10-24 00:00:00+00:00,ISONE_NEMA,13236,724,26,12486,18007.25,12708.085614025453,12155.663239826285,11521.494789607432,11977.500898912816,11437.204522000377,10807.595506780384,2025-10-24T00:00:00Z,causal-ridge-shortlag-v2,True
2025-10-24 00:00:00+00:00,MISO_MINN_HUB,73761,4155,12,69594,101249.75,72494.72472326133,70397.8346316522,68335.98929391029,67255.3212198507,65572.05133588426,63407.77762726221,2025-10-24T00:00:00Z,causal-ridge-shortlag-v2,True
2025-10-24 00:00:00+00:00,SPP_NORTH_HUB,32425,17298,0,15127,46366.75,32141.05465541376,31482.991103890723,30624.83204429968,12297.049941394518,10441.671471661322,9102.1510297896,2025-10-24T00:00:00Z,causal-ridge-shortlag-v2,True
2025-10-24 01:00:00+00:00,CAISO_NP15,26207,2839,3225,20143,33983.0,26755.56565721896,27261.51998110032,27314.70598755739,25239.45103689894,25802.91492750772,25921.502753150307,2025-10-24T01:00:00Z,causal-ridge-shortlag-v2,True
2025-10-24 01:00:00+00:00,ISONE_NEMA,12499,666,25,11808,18007.25,11811.13255240549,11245.990240070145,10784.0935203707,11155.496899021591,10614.936041784147,10171.63667896754,2025-10-24T01:00:00Z,causal-ridge-shortlag-v2,True
2025-10-24 01:00:00+00:00,MISO_MINN_HUB,72102,4998,12,67092,101249.75,69638.62642913638,66878.307848505,64601.13409886624,63708.69182498548,61717.60438466214,58899.00861666469,2025-10-24T01:00:00Z,causal-ridge-shortlag-v2,True
2025-10-24 01:00:00+00:00,SPP_NORTH_HUB,31769,19376,0,12393,46366.75,30834.176870316624,29846.98305193852,28889.51814006237,10414.772029432825,9111.268992161897,8071.924115393418,2025-10-24T01:00:00Z,causal-ridge-shortlag-v2,True
2025-10-24 02:00:00+00:00,CAISO_NP15,26895,3155,86,23654,33983.0,27268.37260575514,27141.79940928966,26468.12683840075,23903.68400830169,24571.20717642334,24349.90891854236,2025-10-24T02:00:00Z,causal-ridge-shortlag-v2,True
2025-10-24 02:00:00+00:00,ISONE_NEMA,11541,560,24,10957,18007.25,10754.497140282288,10270.794938991608,10065.258156623437,10224.48236733451,9790.640236212694,9633.250237378688,2025-10-24T02:00:00Z,causal-ridge-shortlag-v2,True
2025-10-24 02:00:00+00:00,MISO_MINN_HUB,69782,4933,12,64837,101249.75,67269.72143873069,64683.56666169908,62504.271017828985,62248.61857926156,60000.50179341217,57046.72865493249,2025-10-24T02:00:00Z,causal-ridge-shortlag-v2,True
2025-10-24 02:00:00+00:00,SPP_NORTH_HUB,30759,19673,0,11086,46366.75,29716.06949802493,28721.280904682782,27849.923312631603,9915.244438119262,8920.557670533084,8105.740205547894,2025-10-24T02:00:00Z,causal-ridge-shortlag-v2,True
2025-10-24 03:00:00+00:00,CAISO_NP15,26829,2977,34,23818,33983.0,26562.629827039887,26122.52264319333,25461.597272247247,23606.09743472628,23241.79783621777,22790.190822954843,2025-10-24T03:00:00Z,causal-ridge-shortlag-v2,True
2025-10-24 03:00:00+00:00,ISONE_NEMA,10663,494,24,10145,18007.25,10121.4163972657,9899.938062795796,9901.708792941856,9653.180561018668,9478.755631548587,9514.665539804506,2025-10-24T03:00:00Z,causal-ridge-shortlag-v2,True
2025-10-24 03:00:00+00:00,MISO_MINN_HUB,66735,5108,13,61614,101249.75,63710.59207937764,61236.8967273227,59269.30121510201,58424.79017877548,55235.63544228978,53105.49485798088,2025-10-24T03:00:00Z,causal-ridge-shortlag-v2,True
2025-10-24 03:00:00+00:00,SPP_NORTH_HUB,29630,19847,0,9783,46366.75,28519.149758109925,27528.605432995584,26745.87438607841,8600.294090946205,7706.851314079282,7113.188451174685,2025-10-24T03:00:00Z,causal-ridge-shortlag-v2,True
2025-10-24 04:00:00+00:00,CAISO_NP15,25848,2586,42,23220,33983.0,24804.687462350208,23829.044200156968,22820.020054596385,22600.20369832646,21905.103814006823,21276.661614635523,2025-10-24T04:00:00Z,causal-ridge-shortlag-v2,True
2025-10-24 04:00:00+00:00,ISONE_NEMA,10056,476,11,9569,18007.25,9784.868997999016,9789.976279164135,9963.493901177044,9339.508197376565,9376.228657326415,9560.892388673416,2025-10-24T04:00:00Z,causal-ridge-shortlag-v2,True
2025-10-24 04:00:00+00:00,MISO_MINN_HUB,64250,5325,13,58912,101249.75,62115.718934038814,60479.6715660553,59654.88197904792,56815.79764246379,55443.18786061721,53915.91559659541,2025-10-24T04:00:00Z,causal-ridge-shortlag-v2,True
2025-10-24 04:00:00+00:00,SPP_NORTH_HUB,28344,19301,0,9043,46366.75,27207.93435782425,26332.22997964629,25753.28809026429,8360.508247890952,7891.010640490786,7682.005533452633,2025-10-24T04:00:00Z,causal-ridge-shortlag-v2,True
2025-10-24 05:00:00+00:00,CAISO_NP15,25224,2003,13,23208,33983.0,24396.413156401028,23340.65734457174,22282.180403550672,22861.126391610476,22178.9548407414,21577.18355676616,2025-10-24T05:00:00Z,causal-ridge-shortlag-v2,True
2025-10-24 05:00:00+00:00,ISONE_NEMA,10215,462,7,9746,18007.25,10548.91500301575,10817.242250708616,11006.772475969336,10120.186027334892,10402.49376251827,10566.74785052308,2025-10-24T05:00:00Z,causal-ridge-shortlag-v2,True
2025-10-24 05:00:00+00:00,MISO_MINN_HUB,62338,5482,13,56843,101249.75,60835.91509846657,59971.399597039286,59715.38277253344,55380.5399583334,54050.47150061382,53131.29509289804,2025-10-24T05:00:00Z,causal-ridge-shortlag-v2,True
2025-10-24 05:00:00+00:00,SPP_NORTH_HUB,27493,18851,0,8642,46366.75,26799.617884053936,26325.26605129495,26104.881104161257,8250.389290292676,8112.066443670452,8302.107087429637,2025-10-24T05:00:00Z,causal-ridge-shortlag-v2,True
2025-10-24 06:00:00+00:00,CAISO_NP15,24040,1769,5,22266,33983.0,22857.88043279114,21924.852179434914,21230.62516141859,21462.23524895993,21042.87468793833,20711.59567380679,2025-10-24T06:00:00Z,causal-ridge-shortlag-v2,True
2025-10-24 06:00:00+00:00,ISONE_NEMA,10094,359,7,9728,18007.25,10007.28428054036,10114.176421021944,10350.395764309813,9662.837984220056,9749.68031348046,9952.749265155311,2025-10-24T06:00:00Z,causal-ridge-shortlag-v2,True
2025-10-24 06:00:00+00:00,MISO_MINN_HUB,61117,5743,14,55360,101249.75,60346.54227510716,60216.78036815676,60705.92892390116,54421.48271586075,53713.45045436365,53359.08109504739,2025-10-24T06:00:00Z,causal-ridge-shortlag-v2,True
2025-10-24 06:00:00+00:00,SPP_NORTH_HUB,26912,18422,0,8490,46366.75,26522.980110164,26357.42526243936,26424.32775588453,8475.604421862103,8719.657552703888,9251.97810388632,2025-10-24T06:00:00Z,causal-ridge-shortlag-v2,True
2025-10-24 07:00:00+00:00,CAISO_NP15,22587,1206,4,21377,33983.0,21565.16896048848,21019.821061291288,20898.2547784067,21126.270971729504,20606.21895673727,20338.24704395917,2025-10-24T07:00:00Z,causal-ridge-shortlag-v2,True
2025-10-24 07:00:00+00:00,ISONE_NEMA,10084,305,7,9772,18007.25,10268.270893109104,10506.419157818424,10656.6424341521,9952.070207653687,10158.83088780277,10250.994710177903,2025-10-24T07:00:00Z,causal-ridge-shortlag-v2,True
2025-10-24 07:00:00+00:00,MISO_MINN_HUB,60399,6131,14,54254,101249.75,60155.317035427535,60574.57586595308,61558.72285024272,53562.1518343326,53109.828002552975,53015.68324332197,2025-10-24T07:00:00Z,causal-ridge-shortlag-v2,True
2025-10-24 07:00:00+00:00,SPP_NORTH_HUB,26513,17978,0,8535,46366.75,26349.950433274356,26427.072082624723,26743.053679765515,8801.955958179777,9414.891205339918,10290.558138451635,2025-10-24T07:00:00Z,causal-ridge-shortlag-v2,True
2025-10-24 08:00:00+00:00,CAISO_NP15,22020,883,5,21132,33983.0,21588.255342761648,21398.43343076115,21568.65946882229,21157.098219623207,20585.26292964105,20266.098843561707,2025-10-24T08:00:00Z,causal-ridge-shortlag-v2,True
2025-10-24 08:00:00+00:00,ISONE_NEMA,10371,249,7,10115,18007.25,10684.476394474294,10873.623893208296,10946.099915859666,10424.748444460438,10571.463232783926,10574.902599943433,2025-10-24T08:00:00Z,causal-ridge-shortlag-v2,True
2025-10-24 08:00:00+00:00,MISO_MINN_HUB,60557,6768,15,53774,101249.75,61108.92907263944,62087.75530396857,63547.29086315837,53564.74474340941,53540.83122819981,53436.18372446177,2025-10-24T08:00:00Z,causal-ridge-shortlag-v2,True
2025-10-24 08:00:00+00:00,SPP_NORTH_HUB,26305,17028,0,9277,46366.75,26335.257968668942,26619.803112894508,27130.551409362797,10050.40343100004,10970.699227368614,12038.545336747047,2025-10-24T08:00:00Z,causal-ridge-shortlag-v2,True
2025-10-24 09:00:00+00:00,CAISO_NP15,21161,795,5,20361,33983.0,20790.34144603383,20941.493191394737,21462.954128953246,20086.6602375654,19357.605813108737,18916.42806503707,2025-10-24T09:00:00Z,causal-ridge-shortlag-v2,True
2025-10-24 09:00:00+00:00,ISONE_NEMA,10672,225,7,10440,18007.25,10868.20885112193,10863.352477323366,10729.3064260455,10592.1193295165,10503.921934067495,10272.462021421596,2025-10-24T09:00:00Z,causal-ridge-shortlag-v2,True
2025-10-24 09:00:00+00:00,MISO_MINN_HUB,61801,7579,14,54208,101249.75,63198.78795109881,64668.328330658274,66290.86088943241,54575.65393018887,54729.27527337592,54539.37659301283,2025-10-24T09:00:00Z,causal-ridge-shortlag-v2,True
2025-10-24 09:00:00+00:00,SPP_NORTH_HUB,26575,15637,0,10938,46366.75,26989.72292269077,27539.207435202345,28202.697761097737,12229.549101718843,13454.55138897196,14711.068991214075,2025-10-24T09:00:00Z,causal-ridge-shortlag-v2,True
2025-10-24 10:00:00+00:00,CAISO_NP15,21025,1007,5,20013,33983.0,21096.54913180487,21550.194113987654,22311.4620255693,19921.620615499032,18891.34785515064,18106.732921891064,2025-10-24T10:00:00Z,causal-ridge-shortlag-v2,True
2025-10-24 10:00:00+00:00,ISONE_NEMA,12045,194,7,11844,18007.25,13048.043420367812,13195.708647857118,12765.123919426742,12838.385942862184,12912.660281902572,12356.919729728266,2025-10-24T10:00:00Z,causal-ridge-shortlag-v2,True
2025-10-24 10:00:00+00:00,MISO_MINN_HUB,64615,8317,14,56284,101249.75,67184.2231211241,69133.77351393682,70700.52209648264,57694.99154173619,58069.97035148892,57276.24902948435,2025-10-24T10:00:00Z,causal-ridge-shortlag-v2,True
2025-10-24 10:00:00+00:00,SPP_NORTH_HUB,27392,12992,0,14400,46366.75,28226.144434358397,29008.767484537715,29712.66929704485,16704.439647686944,18325.52277271862,19647.762973359902,2025-10-24T10:00:00Z,causal-ridge-shortlag-v2,True
2025-10-24 11:00:00+00:00,CAISO_NP15,20669,1011,5,19653,33983.0,20846.39166769965,21560.19699566164,22486.64215078753,19227.09021580903,17881.6468843602,16774.362295125735,2025-10-24T11:00:00Z,causal-ridge-shortlag-v2,True
2025-10-24 11:00:00+00:00,ISONE_NEMA,12922,164,25,12733,18007.25,12954.415913586836,12444.926858082594,11827.298587928371,12684.69012835236,12045.999903604934,11306.936203288682,2025-10-24T11:00:00Z,causal-ridge-shortlag-v2,True
2025-10-24 11:00:00+00:00,MISO_MINN_HUB,69055,9148,14,59893,101249.75,72551.32194998302,74633.8438598667,75612.46737027043,61926.723805536414,61758.50396812944,60084.49964928396,2025-10-24T11:00:00Z,causal-ridge-shortlag-v2,True
2025-10-24 11:00:00+00:00,SPP_NORTH_HUB,29022,12261,0,16761,46366.75,30427.852127162216,31433.902564406417,32115.35993400813,18374.81192777781,19613.62660100659,20665.764316713896,2025-10-24T11:00:00Z,causal-ridge-shortlag-v2,True
2025-10-24 12:00:00+00:00,CAISO_NP15,20604,948,5,19651,33983.0,21154.63046208633,22052.07519154819,23056.885297228557,19006.041650385112,17349.54486103323,15856.632811641524,2025-10-24T12:00:00Z,causal-ridge-shortlag-v2,True
2025-10-24 12:00:00+00:00,ISONE_NEMA,12299,130,226,11943,18007.25,11234.962838200694,10428.860563320097,10010.5343998873,10696.083429192957,9755.496994439938,9265.8734804262,2025-10-24T12:00:00Z,causal-ridge-shortlag-v2,True
2025-10-24 12:00:00+00:00,MISO_MINN_HUB,71564,9929,356,61279,101249.75,72823.87263500481,73492.30022868521,73077.18261727419,60369.96599282087,57315.1583333153,55363.41030814231,2025-10-24T12:00:00Z,causal-ridge-shortlag-v2,True
2025-10-24 12:00:00+00:00,SPP_NORTH_HUB,30390,13447,0,16943,46366.75,31422.10088698097,32105.48314002695,32525.73412268392,17418.509428186077,18118.25274075681,18738.189373564568,2025-10-24T12:00:00Z,causal-ridge-shortlag-v2,True
2025-10-24 13:00:00+00:00,CAISO_NP15,21415,620,5,20790,33983.0,22377.895961572107,23402.64727030241,24285.330430710324,20007.30858472257,17852.06578712137,15824.144454234938,2025-10-24T13:00:00Z,causal-ridge-shortlag-v2,True
2025-10-24 13:00:00+00:00,ISONE_NEMA,11284,127,453,10704,18007.25,10451.09022270125,10015.620285551257,9955.73622951663,9722.163167674493,9217.313104527542,9140.300330215414,2025-10-24T13:00:00Z,causal-ridge-shortlag-v2,True
2025-10-24 13:00:00+00:00,MISO_MINN_HUB,71309,10045,4853,56411,101249.75,70077.8374871272,69431.56764778847,69356.01959405573,51562.86616774032,48875.21629576708,49120.82530858301,2025-10-24T13:00:00Z,causal-ridge-shortlag-v2,True
2025-10-24 13:00:00+00:00,SPP_NORTH_HUB,30880,13437,30,17413,46366.75,31220.615709272475,31490.50486616928,31688.767558507017,18075.216116168765,18595.601914608527,18858.59777653711,2025-10-24T13:00:00Z,causal-ridge-shortlag-v2,True
2025-10-24 14:00:00+00:00,CAISO_NP15,23435,437,8,22990,33983.0,24912.21303847755,25847.24148755877,26198.188799335003,21830.21897077133,18906.004766713228,16006.208957477544,2025-10-24T14:00:00Z,causal-ridge-shortlag-v2,True
2025-10-24 14:00:00+00:00,ISONE_NEMA,10981,114,503,10364,18007.25,10972.105286535494,11101.84500601242,11401.888969834774,10341.433393851874,10470.245925500483,10779.237474071846,2025-10-24T14:00:00Z,causal-ridge-shortlag-v2,True
2025-10-24 14:00:00+00:00,MISO_MINN_HUB,70571,9801,10192,50578,101249.75,69735.55943076771,69604.53462899325,70883.29530131287,47610.603193300885,49187.956576871,51162.60626179072,2025-10-24T14:00:00Z,causal-ridge-shortlag-v2,True
2025-10-24 14:00:00+00:00,SPP_NORTH_HUB,31035,12193,156,18686,46366.75,31217.782536889525,31401.22160097387,31552.93232346913,19602.60243220636,19896.954536257384,19886.32638959604,2025-10-24T14:00:00Z,causal-ridge-shortlag-v2,True
2025-10-24 15:00:00+00:00,CAISO_NP15,24686,459,2038,22189,33983.0,25459.305397651005,25868.80587460391,25773.95380135388,18826.087872161246,16048.554089907271,13314.963564757538,2025-10-24T15:00:00Z,causal-ridge-shortlag-v2,True
2025-10-24 15:00:00+00:00,ISONE_NEMA,10923,89,554,10280,18007.25,10949.39257557895,11185.768166453308,11752.633364612582,10291.674143373832,10538.537130823175,11143.818854312138,2025-10-24T15:00:00Z,causal-ridge-shortlag-v2,True
2025-10-24 15:00:00+00:00,MISO_MINN_HUB,70138,7703,11064,51371,101249.75,70722.91713280792,71757.04819540029,72843.71448101138,53990.20064741543,57180.13519290701,58760.356843548514,2025-10-24T15:00:00Z,causal-ridge-shortlag-v2,True
2025-10-24 15:00:00+00:00,SPP_NORTH_HUB,31234,12188,351,18695,46366.75,31459.163683881023,31641.0900704474,31782.016941062004,18718.37471605215,18639.856535216168,18521.38191966625,2025-10-24T15:00:00Z,causal-ridge-shortlag-v2,True
2025-10-24 16:00:00+00:00,CAISO_NP15,25842,378,10639,14825,33983.0,26281.960871386946,25850.493148161077,25342.550368577497,9472.761454885533,8647.661069527448,8349.514871211457,2025-10-24T16:00:00Z,causal-ridge-shortlag-v2,True
2025-10-24 16:00:00+00:00,ISONE_NEMA,10831,88,481,10262,18007.25,11005.53573556807,11479.116560713564,12136.73015438675,10468.93216071425,10982.091939761998,11695.991902271631,2025-10-24T16:00:00Z,causal-ridge-shortlag-v2,True
2025-10-24 16:00:00+00:00,MISO_MINN_HUB,69573,7755,10645,51173,101249.75,69433.27959670036,70107.5369997183,70452.98457618855,51787.90099760422,51307.362220176496,53670.68592303977,2025-10-24T16:00:00Z,causal-ridge-shortlag-v2,True
2025-10-24 16:00:00+00:00,SPP_NORTH_HUB,31338,11889,379,19070,46366.75,31423.000900580784,31484.11944606118,31489.94078035401,19250.39831619907,19260.23347489581,19130.670079868145,2025-10-24T16:00:00Z,causal-ridge-shortlag-v2,True
2025-10-24 17:00:00+00:00,CAISO_NP15,27730,285,15457,11988,33983.0,27854.86648941477,27380.948010947275,26746.48655845371,11014.521538432253,10032.926689195365,10061.674287733014,2025-10-24T17:00:00Z,causal-ridge-shortlag-v2,True
2025-10-24 17:00:00+00:00,ISONE_NEMA,10732,99,407,10226,18007.25,10973.8124679157,11519.662494991211,12181.889150484123,10500.090892305485,11092.57509835778,11811.184076174948,2025-10-24T17:00:00Z,causal-ridge-shortlag-v2,True
2025-10-24 17:00:00+00:00,MISO_MINN_HUB,69540,8000,9976,51564,101249.75,69989.14077519176,70805.28760509452,72044.53997502316,53045.18931726777,56232.42821579718,59018.35457988581,2025-10-24T17:00:00Z,causal-ridge-shortlag-v2,True
2025-10-24 17:00:00+00:00,SPP_NORTH_HUB,31301,11218,380,19703,46366.75,31319.24299859799,31322.45280954387,31279.832368168416,19936.216647225912,19841.29631480624,19560.18002129605,2025-10-24T17:00:00Z,causal-ridge-shortlag-v2,True
2025-10-24 18:00:00+00:00,CAISO_NP15,27404,343,16366,10695,33983.0,26490.715563865237,25701.97893883804,24880.41933204116,9812.346276333785,9899.208621154929,10292.836266112194,2025-10-24T18:00:00Z,causal-ridge-shortlag-v2,True
2025-10-24 18:00:00+00:00,ISONE_NEMA,10912,110,384,10418,18007.25,11425.737712539694,12102.730185469403,12741.130403881489,10973.136364382304,11704.38156490677,12392.58006771962,2025-10-24T18:00:00Z,causal-ridge-shortlag-v2,True
2025-10-24 18:00:00+00:00,MISO_MINN_HUB,69529,8242,9843,51444,101249.75,69786.01110298389,70441.44636409973,71285.8292474612,52387.56041065763,54391.71288775833,57133.086413674646,2025-10-24T18:00:00Z,causal-ridge-shortlag-v2,True
2025-10-24 18:00:00+00:00,SPP_NORTH_HUB,31187,10531,479,20177,46366.75,31217.41839234408,31220.10575678094,31152.532177829216,20326.018052728035,20106.610491373987,19686.831531868946,2025-10-24T18:00:00Z,causal-ridge-shortlag-v2,True
2025-10-24 19:00:00+00:00,CAISO_NP15,26777,355,16198,10224,33983.0,26316.15826808656,25859.060847896093,25647.365840738432,10364.733875889382,11385.203627253206,12683.32715829025,2025-10-24T19:00:00Z,causal-ridge-shortlag-v2,True
2025-10-24 19:00:00+00:00,ISONE_NEMA,11369,115,268,10986,18007.25,12056.676167173247,12733.762414620482,13189.401268176329,11756.602185629246,12484.53538848908,12967.771445026468,2025-10-24T19:00:00Z,causal-ridge-shortlag-v2,True
2025-10-24 19:00:00+00:00,MISO_MINN_HUB,69614,8537,9360,51717,101249.75,70007.46115116127,70641.51422290805,71536.2928187262,53075.56128342278,55862.14151518033,58650.66230420328,2025-10-24T19:00:00Z,causal-ridge-shortlag-v2,True
2025-10-24 19:00:00+00:00,SPP_NORTH_HUB,31083,8914,377,21792,46366.75,31022.40306569488,30883.99437102674,30626.4093913614,22366.032489927944,22192.077675701075,21643.30748093425,2025-10-24T19:00:00Z,causal-ridge-shortlag-v2,True
2025-10-24 20:00:00+00:00,CAISO_NP15,26122,429,16015,9678,33983.0,25601.273831932696,25408.110880230288,25607.911720288743,9950.87839584353,11887.56897504859,14149.37664026999,2025-10-24T20:00:00Z,causal-ridge-shortlag-v2,True
2025-10-24 20:00:00+00:00,ISONE_NEMA,12201,162,152,11887,18007.25,13013.163653703588,13480.21340063163,13542.076171293782,12752.409618271313,13240.486653565826,13292.64836089514,2025-10-24T20:00:00Z,causal-ridge-shortlag-v2,True
2025-10-24 20:00:00+00:00,MISO_MINN_HUB,69397,8943,8574,51880,101249.75,69486.5113610431,69859.33429210163,70347.09503444527,52982.02663283605,54961.18645271556,57257.83883871213,2025-10-24T20:00:00Z,causal-ridge-shortlag-v2,True
2025-10-24 20:00:00+00:00,SPP_NORTH_HUB,31004,8315,305,22384,46366.75,30927.23474324453,30696.02027967365,30334.225791184588,22210.423914682677,21585.320736400965,20751.74148953644,2025-10-24T20:00:00Z,causal-ridge-shortlag-v2,True
2025-10-24 21:00:00+00:00,CAISO_NP15,26382,696,16189,9497,33983.0,26266.23054051164,26250.56246965753,26501.626338247763,10422.944714695224,12924.960379292312,15682.149451616531,2025-10-24T21:00:00Z,causal-ridge-shortlag-v2,True
2025-10-24 21:00:00+00:00,ISONE_NEMA,13186,156,37,12993,18007.25,13867.469270648497,14023.956795066018,13700.763898905978,13739.829766456744,13904.433154605566,13553.850957373965,2025-10-24T21:00:00Z,causal-ridge-shortlag-v2,True
2025-10-24 21:00:00+00:00,MISO_MINN_HUB,69864,9336,5584,54944,101249.75,70792.01483056662,71216.26370752894,71317.10151905705,57911.61609532291,60496.83704897897,60821.078331899975,2025-10-24T21:00:00Z,causal-ridge-shortlag-v2,True
2025-10-24 21:00:00+00:00,SPP_NORTH_HUB,31036,9066,307,21663,46366.75,30949.09371358185,30685.757017270786,30278.89122099591,20736.575193568835,19765.33281618473,18747.46344020759,2025-10-24T21:00:00Z,causal-ridge-shortlag-v2,True
2025-10-24 22:00:00+00:00,CAISO_NP15,26515,1013,16182,9320,33983.0,26272.45271380852,26277.269020594547,26476.840764618537,10707.74840360084,13594.098127362176,16623.800040003494,2025-10-24T22:00:00Z,causal-ridge-shortlag-v2,True
2025-10-24 22:00:00+00:00,ISONE_NEMA,13575,272,10,13293,18007.25,13381.622594093333,12859.908438423125,12241.15749501236,13033.753146369683,12466.044863740584,11815.08052579257,2025-10-24T22:00:00Z,causal-ridge-shortlag-v2,True
2025-10-24 22:00:00+00:00,MISO_MINN_HUB,70531,9103,1468,59960,101249.75,71305.21901535126,71060.03365046601,69623.95924565874,62814.6148424617,62202.0772131281,59447.16437452896,2025-10-24T22:00:00Z,causal-ridge-shortlag-v2,True
2025-10-24 22:00:00+00:00,SPP_NORTH_HUB,30927,9166,246,21515,46366.75,30699.475601540264,30348.40964551977,29868.54734959371,20933.872688566724,20017.82327709997,18924.222196285835,2025-10-24T22:00:00Z,causal-ridge-shortlag-v2,True
2025-10-24 23:00:00+00:00,CAISO_NP15,26432,1503,15561,9368,33983.0,26195.610853172275,26164.315632878217,26319.752148763357,11507.101506632203,14616.37873378924,17764.279230569253,2025-10-24T23:00:00Z,causal-ridge-shortlag-v2,True
2025-10-24 23:00:00+00:00,ISONE_NEMA,13326,331,10,12985,18007.25,12748.23992124778,12090.336835507398,11442.756797077272,12359.480509302972,11674.509262391764,11015.623594738034,2025-10-24T23:00:00Z,causal-ridge-shortlag-v2,True
2025-10-24 23:00:00+00:00,MISO_MINN_HUB,71219,9330,24,61865,101249.75,71018.62250538486,69658.51114498224,67519.51894407887,61443.15379974736,58727.6146159223,55765.52521164284,2025-10-24T23:00:00Z,causal-ridge-shortlag-v2,True
2025-10-24 23:00:00+00:00,SPP_NORTH_HUB,30997,9952,61,20984,46366.75,30816.140816352377,30382.46449785268,29781.224481161807,19954.606967287345,18839.215785442007,17718.60372377516,2025-10-24T23:00:00Z,causal-ridge-shortlag-v2,True
2025-10-25 00:00:00+00:00,CAISO_NP15,25874,2149,11823,11902,33983.0,25528.30002617573,25628.602212522263,25845.75790102392,15470.348646028204,17864.725022392795,20285.224227870192,2025-10-25T00:00:00Z,causal-ridge-shortlag-v2,True
2025-10-25 00:00:00+00:00,ISONE_NEMA,12936,345,9,12582,18007.25,12459.29202567619,11895.431783816752,11276.135014837788,12093.659313877966,11520.34158322843,10887.416039103717,2025-10-25T00:00:00Z,causal-ridge-shortlag-v2,True
2025-10-25 00:00:00+00:00,MISO_MINN_HUB,70734,10829,5,59900,101249.75,69119.52606656475,66706.98189813943,64331.73712129431,56819.525587066826,54030.45426209692,51547.68937736797,2025-10-25T00:00:00Z,causal-ridge-shortlag-v2,True
2025-10-25 00:00:00+00:00,SPP_NORTH_HUB,30959,10716,0,20243,46366.75,30597.851947604904,29962.80509484561,29169.44370410733,19064.90586053033,18034.486022539862,17026.666104828157,2025-10-25T00:00:00Z,causal-ridge-shortlag-v2,True
2025-10-25 01:00:00+00:00,CAISO_NP15,26322,2703,3016,20603,33983.0,26841.58038636489,27251.32423518294,27174.93812313633,25896.800607795936,26153.988211230982,26063.623367780787,2025-10-25T01:00:00Z,causal-ridge-shortlag-v2,True
2025-10-25 01:00:00+00:00,ISONE_NEMA,12348,424,9,11915,18007.25,11653.801493876028,11034.750418912125,10585.278703620172,11189.220356903425,10560.536599888785,10109.097694335203,2025-10-25T01:00:00Z,causal-ridge-shortlag-v2,True
2025-10-25 01:00:00+00:00,MISO_MINN_HUB,69245,12602,4,56639,101249.75,67084.35665674196,64433.83906175842,62151.24547896369,53310.031408727904,50761.08126668404,48108.34907319883,2025-10-25T01:00:00Z,causal-ridge-shortlag-v2,True
2025-10-25 01:00:00+00:00,SPP_NORTH_HUB,30399,9748,0,20651,46366.75,29642.23609021101,28808.7860556408,27956.85678920053,20174.64319818433,19332.673896257,18286.95272455515,2025-10-25T01:00:00Z,causal-ridge-shortlag-v2,True
2025-10-25 02:00:00+00:00,CAISO_NP15,27475,3076,45,24354,33983.0,27894.141329793947,27608.47064194744,26787.049825764523,24654.16884950229,25323.03678930028,25013.806643258984,2025-10-25T02:00:00Z,causal-ridge-shortlag-v2,True
2025-10-25 02:00:00+00:00,ISONE_NEMA,11574,390,9,11175,18007.25,10948.733711030924,10583.344451868212,10386.18155582981,10573.82387227529,10224.338551943363,10037.40550680958,2025-10-25T02:00:00Z,causal-ridge-shortlag-v2,True
2025-10-25 02:00:00+00:00,MISO_MINN_HUB,67226,13533,5,53688,101249.75,64983.0257452806,62559.06884469956,60399.55806893811,51040.677471395975,48259.14028551026,45692.32889594397,2025-10-25T02:00:00Z,causal-ridge-shortlag-v2,True
2025-10-25 02:00:00+00:00,SPP_NORTH_HUB,29685,9066,0,20619,46366.75,28877.97403841762,28052.751546998792,27289.24545947388,19847.58124056018,18798.802377212505,17705.810823485608,2025-10-25T02:00:00Z,causal-ridge-shortlag-v2,True
2025-10-25 03:00:00+00:00,CAISO_NP15,27294,3156,0,24138,33983.0,26882.964551784436,26338.700804308755,25568.309318440923,23796.93535567909,23410.090638258283,22977.87248159652,2025-10-25T03:00:00Z,causal-ridge-shortlag-v2,True
2025-10-25 03:00:00+00:00,ISONE_NEMA,10790,370,9,10411,18007.25,10272.109377387213,10056.024079667346,10040.903734551486,9904.37752689867,9702.20643789372,9693.66753294757,2025-10-25T03:00:00Z,causal-ridge-shortlag-v2,True
2025-10-25 03:00:00+00:00,MISO_MINN_HUB,64891,13587,4,51300,101249.75,62664.95218176732,60642.90787907393,58965.309502686025,49271.12193314662,46895.89350439085,45191.01113510375,2025-10-25T03:00:00Z,causal-ridge-shortlag-v2,True
2025-10-25 03:00:00+00:00,SPP_NORTH_HUB,28768,9731,0,19037,46366.75,27845.079035450628,27008.53553926748,26337.14709369696,17536.34183484692,16314.99432237184,15327.962729594805,2025-10-25T03:00:00Z,causal-ridge-shortlag-v2,True
2025-10-25 04:00:00+00:00,CAISO_NP15,25932,3086,0,22846,33983.0,24811.45778965449,23693.632646082857,22570.268952878607,22230.926570023457,21525.06504029442,20884.21943547598,2025-10-25T04:00:00Z,causal-ridge-shortlag-v2,True
2025-10-25 04:00:00+00:00,ISONE_NEMA,10263,373,9,9881,18007.25,10012.904132087338,10010.671239272177,10177.380293733731,9644.05747781276,9658.228793631146,9828.11941529419,2025-10-25T04:00:00Z,causal-ridge-shortlag-v2,True
2025-10-25 04:00:00+00:00,MISO_MINN_HUB,62459,13055,2,49402,101249.75,60471.63653239171,58982.09980974524,58015.74119006936,47926.96365291189,46394.80671911918,45458.32704252662,2025-10-25T04:00:00Z,causal-ridge-shortlag-v2,True
2025-10-25 04:00:00+00:00,SPP_NORTH_HUB,27743,10138,0,17605,46366.75,26834.388482866085,26157.90736583327,25724.405482333903,16417.56003398748,15460.08196599727,14755.540364216598,2025-10-25T04:00:00Z,causal-ridge-shortlag-v2,True
2025-10-25 05:00:00+00:00,CAISO_NP15,25526,2940,0,22586,33983.0,24590.553869576703,23386.8780393254,22210.79874099079,22285.218959180547,21829.80876565857,21264.355818178185,2025-10-25T05:00:00Z,causal-ridge-shortlag-v2,True
2025-10-25 05:00:00+00:00,ISONE_NEMA,10080,375,9,9696,18007.25,10116.518713911048,10239.502972526629,10405.086489349542,9736.5910248931,9854.704356077116,9998.080187890131,2025-10-25T05:00:00Z,causal-ridge-shortlag-v2,True
2025-10-25 05:00:00+00:00,MISO_MINN_HUB,60579,13333,2,47244,101249.75,59137.5770679971,58235.1643930438,58054.451433577546,45806.806134049664,44750.644720025855,44395.44998223653,2025-10-25T05:00:00Z,causal-ridge-shortlag-v2,True
2025-10-25 05:00:00+00:00,SPP_NORTH_HUB,26944,9696,0,17248,46366.75,26344.062202697947,25975.417343036,25828.54949514306,16770.170916674106,16301.350957676908,16033.944298572154,2025-10-25T05:00:00Z,causal-ridge-shortlag-v2,True
2025-10-25 06:00:00+00:00,CAISO_NP15,24492,2720,0,21772,33983.0,23275.86268617862,22256.677785856853,21409.47956345536,21154.90470682614,20932.67029569317,20524.704578448385,2025-10-25T06:00:00Z,causal-ridge-shortlag-v2,True
2025-10-25 06:00:00+00:00,ISONE_NEMA,9999,411,9,9579,18007.25,10029.094675898832,10182.683062311811,10393.43927098626,9587.355579169704,9711.248638028432,9879.426564624651,2025-10-25T06:00:00Z,causal-ridge-shortlag-v2,True
2025-10-25 06:00:00+00:00,MISO_MINN_HUB,59099,12980,2,46117,101249.75,58282.20784069518,58050.17698415987,58465.93781498402,45621.27581938419,45517.34018433242,45504.10438206451,2025-10-25T06:00:00Z,causal-ridge-shortlag-v2,True
2025-10-25 06:00:00+00:00,SPP_NORTH_HUB,26351,9207,0,17144,46366.75,25994.61690714939,25866.862364891327,25963.32913987585,16924.815710755225,16784.772745058064,16858.362661135758,2025-10-25T06:00:00Z,causal-ridge-shortlag-v2,True
2025-10-25 07:00:00+00:00,CAISO_NP15,22969,2474,0,20495,33983.0,21900.71336675309,21220.18899027355,20908.332522825407,20189.77666567532,19955.926659071454,19576.327725913598,2025-10-25T07:00:00Z,causal-ridge-shortlag-v2,True
2025-10-25 07:00:00+00:00,ISONE_NEMA,10075,386,9,9680,18007.25,10286.24940728204,10536.242969042278,10715.197023564291,9884.09408234713,10098.87063101056,10221.316226263263,2025-10-25T07:00:00Z,causal-ridge-shortlag-v2,True
2025-10-25 07:00:00+00:00,MISO_MINN_HUB,58280,12920,2,45358,101249.75,58073.90530687479,58386.59459127358,59219.64493771938,45025.90680669293,44711.97377137904,44867.04880791724,2025-10-25T07:00:00Z,causal-ridge-shortlag-v2,True
2025-10-25 07:00:00+00:00,SPP_NORTH_HUB,26077,7752,0,18325,46366.75,25985.6252227331,26116.15446599999,26431.973206735565,18917.650223361463,19294.35526597927,19697.99191981842,2025-10-25T07:00:00Z,causal-ridge-shortlag-v2,True
2025-10-25 08:00:00+00:00,CAISO_NP15,22282,2028,1,20253,33983.0,21765.187358520318,21468.619525935464,21509.077898654457,20451.69865988969,20117.94455269613,19627.11184872629,2025-10-25T08:00:00Z,causal-ridge-shortlag-v2,True
2025-10-25 08:00:00+00:00,ISONE_NEMA,10172,438,9,9725,18007.25,10295.513164971246,10404.511590727629,10474.374164242594,9787.735583178672,9826.51505830243,9818.8043404594,2025-10-25T08:00:00Z,causal-ridge-shortlag-v2,True
2025-10-25 08:00:00+00:00,MISO_MINN_HUB,57823,12169,2,45652,101249.75,58113.53962421909,58878.077140126086,60019.32757638962,45992.081342347214,46313.155453872576,46559.26881063098,2025-10-25T08:00:00Z,causal-ridge-shortlag-v2,True
2025-10-25 08:00:00+00:00,SPP_NORTH_HUB,25857,7200,0,18657,46366.75,25915.82359960453,26203.010876306085,26703.762165205502,18922.84460003643,19267.62629724073,19753.32492542883,2025-10-25T08:00:00Z,causal-ridge-shortlag-v2,True
2025-10-25 09:00:00+00:00,CAISO_NP15,21565,1320,0,20245,33983.0,21141.45730603018,21208.991317870423,21608.327074577955,20160.05892457045,19648.833142628853,18948.74796355173,2025-10-25T09:00:00Z,causal-ridge-shortlag-v2,True
2025-10-25 09:00:00+00:00,ISONE_NEMA,10534,449,9,10076,18007.25,10876.872957409982,11041.78342449966,11024.564164024414,10380.839094100824,10477.02595747961,10372.6784693745,2025-10-25T09:00:00Z,causal-ridge-shortlag-v2,True
2025-10-25 09:00:00+00:00,MISO_MINN_HUB,57997,11119,2,46876,101249.75,58895.64527210121,60009.971488444266,61250.76256758641,47661.38636443214,48020.11580203505,48072.56304469229,2025-10-25T09:00:00Z,causal-ridge-shortlag-v2,True
2025-10-25 09:00:00+00:00,SPP_NORTH_HUB,25869,6314,0,19555,46366.75,26161.366839796887,26646.02009423012,27264.680272770034,20325.405579257407,20932.553925320557,21552.15754868672,2025-10-25T09:00:00Z,causal-ridge-shortlag-v2,True
2025-10-25 10:00:00+00:00,CAISO_NP15,20746,1282,0,19464,33983.0,20750.27906685955,21125.54919370417,21807.079398479636,19038.522381289305,18252.44792182391,17388.437569178786,2025-10-25T10:00:00Z,causal-ridge-shortlag-v2,True
2025-10-25 10:00:00+00:00,ISONE_NEMA,10687,464,9,10214,18007.25,10742.07305057064,10565.086501007238,10230.37801519226,10185.920813224291,9895.518624669954,9451.25873688698,2025-10-25T10:00:00Z,causal-ridge-shortlag-v2,True
2025-10-25 10:00:00+00:00,MISO_MINN_HUB,58618,10171,2,48445,101249.75,59799.53546749921,60931.329011156486,61894.19998988973,49117.17105965503,49063.596244266526,48641.10379343318,2025-10-25T10:00:00Z,causal-ridge-shortlag-v2,True
2025-10-25 10:00:00+00:00,SPP_NORTH_HUB,26213,5699,0,20514,46366.75,26850.9320880878,27549.62802502764,28262.36450171877,21413.72745040429,22011.500332733685,22593.488861969825,2025-10-25T10:00:00Z,causal-ridge-shortlag-v2,True
2025-10-25 11:00:00+00:00,CAISO_NP15,20366,1321,0,19045,33983.0,20583.969608132196,21248.00244236032,22183.390685288952,18588.44985785944,17487.414024828275,16361.831208806168,2025-10-25T11:00:00Z,causal-ridge-shortlag-v2,True
2025-10-25 11:00:00+00:00,ISONE_NEMA,11306,456,28,10822,18007.25,11724.548464049014,11590.304657509289,11065.002491758789,11187.407011578927,10959.172417090786,10320.51669706832,2025-10-25T11:00:00Z,causal-ridge-shortlag-v2,True
2025-10-25 11:00:00+00:00,MISO_MINN_HUB,60420,9505,1,50914,101249.75,62451.97174591322,63685.130899659125,64346.86493526639,52079.68265294996,52158.36082129715,50898.40578264112,2025-10-25T11:00:00Z,causal-ridge-shortlag-v2,True
2025-10-25 11:00:00+00:00,SPP_NORTH_HUB,26868,5640,0,21228,46366.75,27722.84922472675,28476.89161304709,29119.288860460416,22004.904415909758,22637.761096400736,23254.579010198187,2025-10-25T11:00:00Z,causal-ridge-shortlag-v2,True
2025-10-25 12:00:00+00:00,CAISO_NP15,20058,1107,0,18951,33983.0,20505.904293559517,21398.55575780039,22422.236406930828,18151.8663485482,16725.748851230204,15251.700851874011,2025-10-25T12:00:00Z,causal-ridge-shortlag-v2,True
2025-10-25 12:00:00+00:00,ISONE_NEMA,11131,364,201,10566,18007.25,10483.193662143538,9913.089452329665,9681.371335216783,9804.253601688546,9137.73788341865,8856.05465187166,2025-10-25T12:00:00Z,causal-ridge-shortlag-v2,True
2025-10-25 12:00:00+00:00,MISO_MINN_HUB,62259,9613,144,52502,101249.75,63760.39027923454,64418.29526804356,64210.147636368354,52317.6182783285,50535.892973425805,48892.4799257854,2025-10-25T12:00:00Z,causal-ridge-shortlag-v2,True
2025-10-25 12:00:00+00:00,SPP_NORTH_HUB,27717,5901,0,21816,46366.75,28531.13945205138,29171.653803996247,29664.17514993122,22345.01650601914,22919.32676462592,23461.29199250244,2025-10-25T12:00:00Z,causal-ridge-shortlag-v2,True
2025-10-25 13:00:00+00:00,CAISO_NP15,20462,827,0,19635,33983.0,21436.454348338408,22519.19035315141,23487.416515943743,18706.184012468515,16826.148556333836,14845.689113282237,2025-10-25T13:00:00Z,causal-ridge-shortlag-v2,True
2025-10-25 13:00:00+00:00,ISONE_NEMA,10337,270,423,9644,18007.25,9609.114017743585,9308.703718704292,9429.071637478151,8801.915686321934,8450.334621964354,8574.42818229205,2025-10-25T13:00:00Z,causal-ridge-shortlag-v2,True
2025-10-25 13:00:00+00:00,MISO_MINN_HUB,64203,9820,1617,52766,101249.75,65498.65201439959,65971.3709852013,66017.04612785783,51807.03403602411,50866.04685690528,50375.70424163858,2025-10-25T13:00:00Z,causal-ridge-shortlag-v2,True
2025-10-25 13:00:00+00:00,SPP_NORTH_HUB,28496,6000,13,22483,46366.75,29109.224601692255,29575.71471750098,29919.1732861569,22937.81871073619,23317.89512361388,23571.34049531786,2025-10-25T13:00:00Z,causal-ridge-shortlag-v2,True
2025-10-25 14:00:00+00:00,CAISO_NP15,21083,1098,2,19983,33983.0,22364.01905937701,23386.01202434748,24009.87767730134,18299.496419156687,16000.41778527146,13571.663173922938,2025-10-25T14:00:00Z,causal-ridge-shortlag-v2,True
2025-10-25 14:00:00+00:00,ISONE_NEMA,9836,207,615,9014,18007.25,9716.313457276872,9884.650847469176,10270.369429533188,8838.41422281856,9003.692903083727,9417.3610804979,2025-10-25T14:00:00Z,causal-ridge-shortlag-v2,True
2025-10-25 14:00:00+00:00,MISO_MINN_HUB,65531,9563,3046,52922,101249.75,66447.13874771669,66874.64426811335,66899.23758515374,52221.28470674208,51921.52091106452,52049.05614220138,2025-10-25T14:00:00Z,causal-ridge-shortlag-v2,True
2025-10-25 14:00:00+00:00,SPP_NORTH_HUB,29146,5415,152,23579,46366.75,29653.534073578845,30057.48163788345,30348.696003377157,24227.629637523307,24524.554339686263,24560.34307044565,2025-10-25T14:00:00Z,causal-ridge-shortlag-v2,True
2025-10-25 15:00:00+00:00,CAISO_NP15,21975,1552,2044,18379,33983.0,22991.69041490317,23628.688982007057,23893.444489659,15314.008422157436,13365.347265712937,11218.468571358744,2025-10-25T15:00:00Z,causal-ridge-shortlag-v2,True
2025-10-25 15:00:00+00:00,ISONE_NEMA,9194,177,746,8271,18007.25,8907.220712748545,9133.265650421206,9806.34411430524,7942.654094711529,8185.221794210508,8927.071971905145,2025-10-25T15:00:00Z,causal-ridge-shortlag-v2,True
2025-10-25 15:00:00+00:00,MISO_MINN_HUB,66071,9540,3985,52546,101249.75,66515.49803338111,66669.1364520689,66382.99155630251,51565.98995761777,50068.775990736336,48891.90686198508,2025-10-25T15:00:00Z,causal-ridge-shortlag-v2,True
2025-10-25 15:00:00+00:00,SPP_NORTH_HUB,29561,4614,324,24623,46366.75,29893.718310802156,30167.577349113264,30369.19569232323,25126.903114116078,25338.73467428316,25271.360486015576,2025-10-25T15:00:00Z,causal-ridge-shortlag-v2,True
2025-10-25 16:00:00+00:00,CAISO_NP15,23684,1715,9996,11973,33983.0,24361.446691944548,24272.03031758157,24071.949059790582,7270.619067836715,7226.382358802493,7190.008674358625,2025-10-25T16:00:00Z,causal-ridge-shortlag-v2,True
2025-10-25 16:00:00+00:00,ISONE_NEMA,9354,220,712,8422,18007.25,9991.432869474633,10786.01859350301,11558.992476415498,9108.508803194742,9971.902745239537,10813.5424227677,2025-10-25T16:00:00Z,causal-ridge-shortlag-v2,True
2025-10-25 16:00:00+00:00,MISO_MINN_HUB,65975,9847,4630,51498,101249.75,65909.79787133748,65692.42889545078,65273.96281241573,50190.508064188325,48961.34673853457,48191.69711345062,2025-10-25T16:00:00Z,causal-ridge-shortlag-v2,True
2025-10-25 16:00:00+00:00,SPP_NORTH_HUB,29701,4317,412,24972,46366.75,29838.281115465245,29954.458727038204,30030.03928400325,25053.02591889589,24940.652747306674,24608.712926148848,2025-10-25T16:00:00Z,causal-ridge-shortlag-v2,True
2025-10-25 17:00:00+00:00,CAISO_NP15,26379,1714,14257,10408,33983.0,27059.59626164669,27037.01016573432,26636.017159809868,10170.167681814488,9624.10392207747,9598.510929487466,2025-10-25T17:00:00Z,causal-ridge-shortlag-v2,True
2025-10-25 17:00:00+00:00,ISONE_NEMA,10254,291,535,9428,18007.25,11235.815985634092,12124.26149452174,12868.952958044678,10511.39183792243,11476.963213882838,12280.21097049164,2025-10-25T17:00:00Z,causal-ridge-shortlag-v2,True
2025-10-25 17:00:00+00:00,MISO_MINN_HUB,65529,9940,4749,50840,101249.75,65357.0556275783,65006.71695372262,64447.13612009855,50063.53566919266,49382.75539579505,48677.78507126356,2025-10-25T17:00:00Z,causal-ridge-shortlag-v2,True
2025-10-25 17:00:00+00:00,SPP_NORTH_HUB,29723,4268,450,25005,46366.75,29746.83617140457,29758.89133894212,29727.25376415509,24838.992600348414,24476.1849408164,23926.180641027284,2025-10-25T17:00:00Z,causal-ridge-shortlag-v2,True
2025-10-25 18:00:00+00:00,CAISO_NP15,26750,1488,15534,9728,33983.0,26396.699861471003,25963.38904734605,25282.058275428328,9320.674981315988,9632.535568786145,9899.45966881506,2025-10-25T18:00:00Z,causal-ridge-shortlag-v2,True
2025-10-25 18:00:00+00:00,ISONE_NEMA,10318,230,441,9647,18007.25,10422.63697609151,10885.597115225924,11521.934112739376,9806.429753963925,10317.537744234964,11025.856805592275,2025-10-25T18:00:00Z,causal-ridge-shortlag-v2,True
2025-10-25 18:00:00+00:00,MISO_MINN_HUB,65173,10453,4564,50156,101249.75,64998.257489547526,64551.03344764562,63834.59304253056,49425.588213703086,48627.31764116624,48212.597735696734,2025-10-25T18:00:00Z,causal-ridge-shortlag-v2,True
2025-10-25 18:00:00+00:00,SPP_NORTH_HUB,29634,4785,420,24429,46366.75,29553.640299818395,29449.09274452572,29303.86080307267,23841.82460639428,23200.906906488748,22470.246529956723,2025-10-25T18:00:00Z,causal-ridge-shortlag-v2,True
2025-10-25 19:00:00+00:00,CAISO_NP15,26460,1765,15336,9359,33983.0,26162.056809183825,25888.89626536703,25748.462300377967,9776.017796884846,10785.999000681128,11887.653401823503,2025-10-25T19:00:00Z,causal-ridge-shortlag-v2,True
2025-10-25 19:00:00+00:00,ISONE_NEMA,10736,184,293,10259,18007.25,11541.714083353509,12267.820879961111,12579.659290139907,11175.23555421762,11978.386839447472,12331.915832691388,2025-10-25T19:00:00Z,causal-ridge-shortlag-v2,True
2025-10-25 19:00:00+00:00,MISO_MINN_HUB,64855,11438,3868,49549,101249.75,64648.29726645819,64079.40699965222,63206.7535063475,48909.53447161808,48223.0462238647,47764.96055260162,2025-10-25T19:00:00Z,causal-ridge-shortlag-v2,True
2025-10-25 19:00:00+00:00,SPP_NORTH_HUB,29651,5692,485,23474,46366.75,29673.17503063129,29648.101333758084,29538.68384080845,22715.733195388755,21893.12347055864,21014.99670277012,2025-10-25T19:00:00Z,causal-ridge-shortlag-v2,True
2025-10-25 20:00:00+00:00,CAISO_NP15,26837,2620,15248,8969,33983.0,26565.456364660626,26386.17303034658,26430.77320690144,9428.484508970812,11363.642068556584,13436.854155367077,2025-10-25T20:00:00Z,causal-ridge-shortlag-v2,True
2025-10-25 20:00:00+00:00,ISONE_NEMA,11603,167,120,11316,18007.25,12386.98118256774,12764.183549016025,12737.323983333998,12205.875031012984,12631.643603728708,12615.220062884033,2025-10-25T20:00:00Z,causal-ridge-shortlag-v2,True
2025-10-25 20:00:00+00:00,MISO_MINN_HUB,64811,12494,2843,49474,101249.75,64787.71242462801,64196.92602717305,63215.12664725451,49214.58058081164,48675.64549063845,48003.85526329847,2025-10-25T20:00:00Z,causal-ridge-shortlag-v2,True
2025-10-25 20:00:00+00:00,SPP_NORTH_HUB,29742,6338,427,22977,46366.75,29744.500448201008,29654.32751828021,29443.765890100432,22362.47621210327,21590.341999721684,20700.86039958724,2025-10-25T20:00:00Z,causal-ridge-shortlag-v2,True
2025-10-25 21:00:00+00:00,CAISO_NP15,25951,2882,14660,8409,33983.0,25533.41114531433,25430.12084492968,25538.66006251476,9451.080766702016,11556.392377686358,13994.982369556294,2025-10-25T21:00:00Z,causal-ridge-shortlag-v2,True
2025-10-25 21:00:00+00:00,ISONE_NEMA,12666,169,31,12466,18007.25,13308.531871409912,13361.26267049384,12962.790528458963,13160.072441008582,13216.78371681602,12789.550511798414,2025-10-25T21:00:00Z,causal-ridge-shortlag-v2,True
2025-10-25 21:00:00+00:00,MISO_MINN_HUB,65178,12980,1537,50661,101249.75,65483.40097829289,64892.61723230807,63593.78600638844,51153.086852270935,50364.03293161506,48671.11765670429,2025-10-25T21:00:00Z,causal-ridge-shortlag-v2,True
2025-10-25 21:00:00+00:00,SPP_NORTH_HUB,29845,6303,452,23090,46366.75,29818.308288149023,29677.92614212313,29409.725092217937,22699.66782690581,22055.64618911649,21206.71713111167,2025-10-25T21:00:00Z,causal-ridge-shortlag-v2,True
2025-10-25 22:00:00+00:00,CAISO_NP15,25178,2645,14407,8126,33983.0,24888.76073781183,24739.29739603936,24872.817495730786,9621.00468924407,12343.64373158598,15154.552553555117,2025-10-25T22:00:00Z,causal-ridge-shortlag-v2,True
2025-10-25 22:00:00+00:00,ISONE_NEMA,13082,160,11,12911,18007.25,12917.122124625874,12424.279320870186,11793.284205947197,12730.526914091626,12206.822325778468,11549.023403802135,2025-10-25T22:00:00Z,causal-ridge-shortlag-v2,True
2025-10-25 22:00:00+00:00,MISO_MINN_HUB,66076,13383,473,52220,101249.75,66509.82002508164,65733.35446333766,64041.18373966683,52606.53024381928,50837.69029911744,48159.79286557826,2025-10-25T22:00:00Z,causal-ridge-shortlag-v2,True
2025-10-25 22:00:00+00:00,SPP_NORTH_HUB,29925,6429,361,23135,46366.75,29821.94725099304,29559.122501492864,29153.853209369678,22618.133282036106,21799.97568489735,20778.266216932872,2025-10-25T22:00:00Z,causal-ridge-shortlag-v2,True
2025-10-25 23:00:00+00:00,CAISO_NP15,25158,2997,13322,8839,33983.0,24955.07483596548,24915.628273689024,25107.702816580662,11027.830844917493,14101.192180721757,17207.48402781217,2025-10-25T23:00:00Z,causal-ridge-shortlag-v2,True
2025-10-25 23:00:00+00:00,ISONE_NEMA,12785,210,11,12564,18007.25,12170.86511907608,11467.226268776309,10746.625322065414,11892.094863178976,11144.993514495342,10394.283929782428,2025-10-25T23:00:00Z,causal-ridge-shortlag-v2,True
2025-10-25 23:00:00+00:00,MISO_MINN_HUB,67391,13365,12,54014,101249.75,67835.79690253221,66889.01972080373,65041.24999923645,54386.57558585929,52993.50997430316,50619.22025476622,2025-10-25T23:00:00Z,causal-ridge-shortlag-v2,True
2025-10-25 23:00:00+00:00,SPP_NORTH_HUB,30100,6913,68,23119,46366.75,29923.457758620927,29432.021473461733,28717.00993174879,22394.272125822557,21380.0021391134,20211.1757413122,2025-10-25T23:00:00Z,causal-ridge-shortlag-v2,True
2025-10-26 00:00:00+00:00,CAISO_NP15,23353,3044,9558,10751,33983.0,22922.53644899877,23150.452058463165,23565.31481198924,13959.820695893728,16349.639907127892,18819.07991104421,2025-10-26T00:00:00Z,causal-ridge-shortlag-v2,True
2025-10-26 00:00:00+00:00,ISONE_NEMA,12451,273,11,12167,18007.25,12000.779946138366,11404.627116651936,10735.177976306146,11683.873663450251,11062.757133599924,10364.661993210677,2025-10-26T00:00:00Z,causal-ridge-shortlag-v2,True
2025-10-26 00:00:00+00:00,MISO_MINN_HUB,67143,14466,3,52674,101249.75,65869.98916888167,63998.69250779118,61617.740052709145,50348.96281435632,47271.4489829805,45681.68006725869,2025-10-26T00:00:00Z,causal-ridge-shortlag-v2,True
2025-10-26 00:00:00+00:00,SPP_NORTH_HUB,30135,7415,0,22720,46366.75,29818.557237029505,29199.89550265345,28388.04095820952,21793.13750476565,20688.51805673615,19478.21018851145,2025-10-26T00:00:00Z,causal-ridge-shortlag-v2,True
2025-10-26 01:00:00+00:00,CAISO_NP15,24343,3354,2538,18451,33983.0,25196.86420685573,25744.083210335288,25868.90186326633,23346.591535480708,24181.414581256697,24407.89675924326,2025-10-26T01:00:00Z,causal-ridge-shortlag-v2,True
2025-10-26 01:00:00+00:00,ISONE_NEMA,11939,265,9,11665,18007.25,11302.647526211722,10662.297473441216,10135.43338846604,11019.416269692958,10362.862427526492,9821.853314567294,2025-10-26T01:00:00Z,causal-ridge-shortlag-v2,True
2025-10-26 01:00:00+00:00,MISO_MINN_HUB,65805,15456,3,50346,101249.75,64038.7068026363,61942.0197953632,60066.696610111496,48029.2808712967,46764.44725835683,45305.75181889344,2025-10-26T01:00:00Z,causal-ridge-shortlag-v2,True
2025-10-26 01:00:00+00:00,SPP_NORTH_HUB,29601,7661,0,21940,46366.75,28923.87611421245,28129.55346230304,27286.220466381943,20942.303073165967,19692.931130602465,18345.89095105092,2025-10-26T01:00:00Z,causal-ridge-shortlag-v2,True
2025-10-26 02:00:00+00:00,CAISO_NP15,25287,3431,92,21764,33983.0,25856.167461399877,25797.05008982979,25118.12855927981,22218.38959976309,23219.954732900755,23088.11532190203,2025-10-26T02:00:00Z,causal-ridge-shortlag-v2,True
2025-10-26 02:00:00+00:00,ISONE_NEMA,11276,232,9,11035,18007.25,10677.883000661894,10215.403074295484,9879.370333073866,10442.485490597475,9975.621378508831,9629.123817930717,2025-10-26T02:00:00Z,causal-ridge-shortlag-v2,True
2025-10-26 02:00:00+00:00,MISO_MINN_HUB,64169,15936,3,48230,101249.75,62409.38417997068,60528.96716804253,58818.893886242615,46535.19147729497,45263.96659602558,44035.84193330665,2025-10-26T02:00:00Z,causal-ridge-shortlag-v2,True
2025-10-26 02:00:00+00:00,SPP_NORTH_HUB,28953,8044,0,20909,46366.75,28219.819174961536,27434.85859977951,26666.006713100596,19722.797801026365,18416.47230284263,17162.859379115936,2025-10-26T02:00:00Z,causal-ridge-shortlag-v2,True
2025-10-26 03:00:00+00:00,CAISO_NP15,25133,3470,70,21593,33983.0,24950.553604091976,24504.675960953296,23771.550818990592,21444.049279407045,21527.053171704905,21074.156202372204,2025-10-26T03:00:00Z,causal-ridge-shortlag-v2,True
2025-10-26 03:00:00+00:00,ISONE_NEMA,10759,186,9,10564,18007.25,10386.120705918262,10137.596092674152,9986.696529172928,10215.427169090295,9976.270245369313,9817.458742135892,2025-10-26T03:00:00Z,causal-ridge-shortlag-v2,True
2025-10-26 03:00:00+00:00,MISO_MINN_HUB,62514,15850,3,46661,101249.75,60932.523044369824,59468.66562858717,58174.530892120165,45604.09102729249,44623.897488331815,43886.29221461844,2025-10-26T03:00:00Z,causal-ridge-shortlag-v2,True
2025-10-26 03:00:00+00:00,SPP_NORTH_HUB,28039,8319,0,19720,46366.75,27118.3409646876,26274.589731122956,25568.20018071677,18452.554957022912,17307.058088915335,16323.147364392324,2025-10-26T03:00:00Z,causal-ridge-shortlag-v2,True
2025-10-26 04:00:00+00:00,CAISO_NP15,24193,3607,0,20586,33983.0,23268.802584469773,22313.717149767774,21312.254322227454,20174.593034574405,20038.68439413954,19513.453364219757,2025-10-26T04:00:00Z,causal-ridge-shortlag-v2,True
2025-10-26 04:00:00+00:00,ISONE_NEMA,10547,191,9,10347,18007.25,10387.97601861792,10264.688460553942,10222.343387230176,10192.24324198128,10064.32252789014,9999.16713286952,2025-10-26T04:00:00Z,causal-ridge-shortlag-v2,True
2025-10-26 04:00:00+00:00,MISO_MINN_HUB,60180,15354,3,44823,101249.75,58244.30698115053,56977.88397057062,56079.98089134389,43535.12626332328,42511.66079784834,42308.28277317623,2025-10-26T04:00:00Z,causal-ridge-shortlag-v2,True
2025-10-26 04:00:00+00:00,SPP_NORTH_HUB,27125,8436,0,18689,46366.75,26274.185228687245,25581.19574646924,25086.607918772504,17599.907161707117,16672.30275833087,15968.938230043364,2025-10-26T04:00:00Z,causal-ridge-shortlag-v2,True
2025-10-26 05:00:00+00:00,CAISO_NP15,23707,3918,0,19789,33983.0,22965.22225083899,21904.021510711333,20819.37770344969,19567.29230533027,19629.785920547965,19268.487854567065,2025-10-26T05:00:00Z,causal-ridge-shortlag-v2,True
2025-10-26 05:00:00+00:00,ISONE_NEMA,10214,179,9,10026,18007.25,9941.934147351443,9821.839185244342,9838.345560811593,9739.807897229362,9590.412684580342,9570.777268761882,2025-10-26T05:00:00Z,causal-ridge-shortlag-v2,True
2025-10-26 05:00:00+00:00,MISO_MINN_HUB,58622,15132,3,43487,101249.75,57615.11350699073,57092.39764031375,57225.147876594856,43042.66231778027,43646.0140764972,44056.32549159044,2025-10-26T05:00:00Z,causal-ridge-shortlag-v2,True
2025-10-26 05:00:00+00:00,SPP_NORTH_HUB,26425,8463,0,17962,46366.75,25836.91014530168,25412.23878485742,25172.533238814394,17204.266761792056,16571.295506374165,16182.471388314529,2025-10-26T05:00:00Z,causal-ridge-shortlag-v2,True
2025-10-26 06:00:00+00:00,CAISO_NP15,22882,3929,0,18953,33983.0,21901.11399566874,20975.593890071363,20178.934520627467,18839.43808509886,19022.15095694869,18724.209274774807,2025-10-26T06:00:00Z,causal-ridge-shortlag-v2,True
2025-10-26 06:00:00+00:00,ISONE_NEMA,10012,150,9,9853,18007.25,9968.446483099204,9977.775807152862,9981.49970757405,9794.383775894505,9767.569648427394,9717.74139394166,2025-10-26T06:00:00Z,causal-ridge-shortlag-v2,True
2025-10-26 06:00:00+00:00,MISO_MINN_HUB,57379,14581,3,42795,101249.75,56734.7938826413,56756.57942474308,57216.88410193471,42793.14813678395,43263.683874945134,43975.6044214627,2025-10-26T06:00:00Z,causal-ridge-shortlag-v2,True
2025-10-26 06:00:00+00:00,SPP_NORTH_HUB,25895,8539,0,17356,46366.75,25519.774964532386,25330.923476514945,25336.45573855283,16838.02409248622,16512.6762295085,16441.51146151164,2025-10-26T06:00:00Z,causal-ridge-shortlag-v2,True
2025-10-26 07:00:00+00:00,CAISO_NP15,21940,3965,0,17975,33983.0,21017.764490288595,20338.927567020168,19955.573520588467,18018.0072289644,18279.373776990116,18008.66371705369,2025-10-26T07:00:00Z,causal-ridge-shortlag-v2,True
2025-10-26 07:00:00+00:00,ISONE_NEMA,9964,172,9,9783,18007.25,9972.441601260804,9969.90866358434,9965.42860946784,9751.4825211293,9691.731937225451,9616.555079133155,2025-10-26T07:00:00Z,causal-ridge-shortlag-v2,True
2025-10-26 07:00:00+00:00,MISO_MINN_HUB,56855,14306,3,42546,101249.75,56921.42427342283,57540.548896860506,58606.18293725693,42878.59994631643,43776.344795566285,44697.23965576988,2025-10-26T07:00:00Z,causal-ridge-shortlag-v2,True
2025-10-26 07:00:00+00:00,SPP_NORTH_HUB,25603,8246,0,17357,46366.75,25515.68919555856,25607.05412809186,25852.7924636976,17388.710767502773,17407.936535463446,17587.361982516053,2025-10-26T07:00:00Z,causal-ridge-shortlag-v2,True
2025-10-26 08:00:00+00:00,CAISO_NP15,21251,3824,0,17427,33983.0,20728.31281918785,20395.35614263677,20351.656237654097,17849.024822258514,17942.420249374336,17558.8105909258,2025-10-26T08:00:00Z,causal-ridge-shortlag-v2,True
2025-10-26 08:00:00+00:00,ISONE_NEMA,10027,197,9,9821,18007.25,10060.427940194411,10034.36057630493,10001.235641543464,9801.093434259315,9702.593043704795,9588.67199274664,2025-10-26T08:00:00Z,causal-ridge-shortlag-v2,True
2025-10-26 08:00:00+00:00,MISO_MINN_HUB,56291,14335,3,41953,101249.75,56312.818378920754,57066.984449363736,58226.87757315928,41770.59706880577,42062.32353702324,42845.06468886204,2025-10-26T08:00:00Z,causal-ridge-shortlag-v2,True
2025-10-26 08:00:00+00:00,SPP_NORTH_HUB,25477,8018,0,17459,46366.75,25538.775661975604,25789.10134511984,26210.59838634074,17584.959462664265,17834.038899755,18257.772830184185,2025-10-26T08:00:00Z,causal-ridge-shortlag-v2,True
2025-10-26 09:00:00+00:00,CAISO_NP15,20357,3723,0,16634,33983.0,19960.889741001032,19910.694026560792,20178.44331480473,16784.460291611627,16773.118093413177,16234.896220466217,2025-10-26T09:00:00Z,causal-ridge-shortlag-v2,True
2025-10-26 09:00:00+00:00,ISONE_NEMA,10283,181,9,10093,18007.25,10494.58762352248,10513.460554329886,10386.241645843666,10260.57979884906,10196.913934485388,9971.222185161065,2025-10-26T09:00:00Z,causal-ridge-shortlag-v2,True
2025-10-26 09:00:00+00:00,MISO_MINN_HUB,56252,14398,3,41851,101249.75,56878.039184862384,57947.84475672537,59413.60265641329,42053.49932731541,42789.327638047,43116.558629494655,2025-10-26T09:00:00Z,causal-ridge-shortlag-v2,True
2025-10-26 09:00:00+00:00,SPP_NORTH_HUB,25486,7678,0,17808,46366.75,25709.211280409825,26112.835156824774,26661.822948069068,18209.31578492362,18656.024079072104,19219.303927332126,2025-10-26T09:00:00Z,causal-ridge-shortlag-v2,True
2025-10-26 10:00:00+00:00,CAISO_NP15,19842,3779,0,16063,33983.0,19692.87523659081,19932.398017683347,20506.86300584961,16078.074757917431,15919.266751913556,15172.299744181892,2025-10-26T10:00:00Z,causal-ridge-shortlag-v2,True
2025-10-26 10:00:00+00:00,ISONE_NEMA,10704,172,9,10523,18007.25,10932.912510963844,10896.983813153296,10713.873823007274,10699.613739497969,10573.055950857904,10285.93327430695,2025-10-26T10:00:00Z,causal-ridge-shortlag-v2,True
2025-10-26 10:00:00+00:00,MISO_MINN_HUB,56796,14463,3,42330,101249.75,57841.50240862756,59109.19016407713,60457.77361264466,42715.03488670268,42945.14032020531,42981.88346398642,2025-10-26T10:00:00Z,causal-ridge-shortlag-v2,True
2025-10-26 10:00:00+00:00,SPP_NORTH_HUB,25662,7846,0,17816,46366.75,26058.347249046023,26583.08441002141,27213.744799781536,18104.31631154592,18578.62880437165,19220.944842160243,2025-10-26T10:00:00Z,causal-ridge-shortlag-v2,True
2025-10-26 11:00:00+00:00,CAISO_NP15,19322,3567,0,15755,33983.0,19428.45774410501,19975.609863225025,20773.03528335144,15590.15842510538,15098.22216730014,14075.109923007876,2025-10-26T11:00:00Z,causal-ridge-shortlag-v2,True
2025-10-26 11:00:00+00:00,ISONE_NEMA,10857,172,19,10666,18007.25,10800.30979929209,10552.950623600873,10235.773783741492,10524.44448207333,10163.650532399985,9739.716381812024,2025-10-26T11:00:00Z,causal-ridge-shortlag-v2,True
2025-10-26 11:00:00+00:00,MISO_MINN_HUB,58347,14629,3,43715,101249.75,60133.48616874991,61656.13572785062,62937.68309957819,44569.50268963995,44802.62084873521,44383.29021454093,2025-10-26T11:00:00Z,causal-ridge-shortlag-v2,True
2025-10-26 11:00:00+00:00,SPP_NORTH_HUB,26070,8028,0,18042,46366.75,26624.87295638592,27232.088384200146,27868.92805657958,18490.55665805943,19092.38205049248,19810.3322119647,2025-10-26T11:00:00Z,causal-ridge-shortlag-v2,True
2025-10-26 12:00:00+00:00,CAISO_NP15,19282,3589,0,15693,33983.0,19732.83772249276,20530.006998080666,21461.98700224168,15197.417794862984,14435.38770653479,13106.027534379233,2025-10-26T12:00:00Z,causal-ridge-shortlag-v2,True
2025-10-26 12:00:00+00:00,ISONE_NEMA,10907,171,143,10593,18007.25,10751.787403752212,10496.639934808923,10295.41544303664,10320.89829275114,9964.380955442282,9681.084703278111,2025-10-26T12:00:00Z,causal-ridge-shortlag-v2,True
2025-10-26 12:00:00+00:00,MISO_MINN_HUB,60208,15090,104,45014,101249.75,61917.691886968336,63221.58860760328,64004.75248958099,45286.97853048248,44561.29387902881,43900.31401630254,2025-10-26T12:00:00Z,causal-ridge-shortlag-v2,True
2025-10-26 12:00:00+00:00,SPP_NORTH_HUB,26955,8053,0,18902,46366.75,27787.206759333727,28514.71487384679,29138.3668859901,19603.80743663927,20316.558036072995,21049.717067652746,2025-10-26T12:00:00Z,causal-ridge-shortlag-v2,True
2025-10-26 13:00:00+00:00,CAISO_NP15,19246,3537,0,15709,33983.0,19971.914746374296,20964.790722749636,21914.77158726831,14848.8380000105,13678.122948508995,11997.090377971454,2025-10-26T13:00:00Z,causal-ridge-shortlag-v2,True
2025-10-26 13:00:00+00:00,ISONE_NEMA,10199,149,369,9681,18007.25,9413.858401346552,9067.339657892073,9236.397305947572,8742.000459131104,8307.274965843933,8452.408680027043,2025-10-26T13:00:00Z,causal-ridge-shortlag-v2,True
2025-10-26 13:00:00+00:00,MISO_MINN_HUB,61485,15931,1901,43653,101249.75,62332.94839737611,63071.2017996045,63610.500620715735,41933.50978556798,40352.66954548666,40164.23453884139,2025-10-26T13:00:00Z,causal-ridge-shortlag-v2,True
2025-10-26 13:00:00+00:00,SPP_NORTH_HUB,27621,7542,39,20040,46366.75,28282.36512862576,28863.96445173252,29356.834557549377,20936.685720824968,21681.806670498518,22283.91279389914,2025-10-26T13:00:00Z,causal-ridge-shortlag-v2,True
2025-10-26 14:00:00+00:00,CAISO_NP15,20049,3696,0,16353,33983.0,21072.094103955005,22088.226925082003,22860.12843835989,15109.692083871712,13604.82925262024,11488.55776703303,2025-10-26T14:00:00Z,causal-ridge-shortlag-v2,True
2025-10-26 14:00:00+00:00,ISONE_NEMA,9634,164,596,8874,18007.25,9399.980377794858,9532.666677929004,9982.025937900786,8518.493097308476,8614.03798970813,9073.569962548623,2025-10-26T14:00:00Z,causal-ridge-shortlag-v2,True
2025-10-26 14:00:00+00:00,MISO_MINN_HUB,62170,15494,4971,41705,101249.75,62812.56782927031,63489.55642115904,64305.70911050432,40484.18006905391,40448.18669897736,40677.71938079858,2025-10-26T14:00:00Z,causal-ridge-shortlag-v2,True
2025-10-26 14:00:00+00:00,SPP_NORTH_HUB,28299,6854,299,21146,46366.75,29014.795969758223,29693.550858610564,30286.47049468705,22021.13900836369,22670.791826561406,23123.58210628565,2025-10-26T14:00:00Z,causal-ridge-shortlag-v2,True
2025-10-26 15:00:00+00:00,CAISO_NP15,20530,3277,1663,15590,33983.0,21423.95543658016,22281.087336530487,22853.823988598306,13213.990503503748,11796.083678732346,9957.31990912504,2025-10-26T15:00:00Z,causal-ridge-shortlag-v2,True
2025-10-26 15:00:00+00:00,ISONE_NEMA,9053,193,696,8164,18007.25,8856.63789054296,9228.22228332641,10064.64565269801,7912.379737724989,8292.512200831557,9188.24833442,2025-10-26T15:00:00Z,causal-ridge-shortlag-v2,True
2025-10-26 15:00:00+00:00,MISO_MINN_HUB,62603,15261,6506,40836,101249.75,63279.22571875142,63997.60399016307,64574.5633174595,40753.48421375384,40939.32830098055,41390.249808522,2025-10-26T15:00:00Z,causal-ridge-shortlag-v2,True
2025-10-26 15:00:00+00:00,SPP_NORTH_HUB,28735,6599,403,21733,46366.75,29249.89428476148,29774.91309830838,30247.61194503665,22269.02604276813,22662.394972049507,22876.445713386773,2025-10-26T15:00:00Z,causal-ridge-shortlag-v2,True
2025-10-26 16:00:00+00:00,CAISO_NP15,22520,2977,9366,10177,33983.0,23629.03391141394,23876.54341196521,23989.767673589336,6229.465486257721,6549.188256365776,6740.096811660776,2025-10-26T16:00:00Z,causal-ridge-shortlag-v2,True
2025-10-26 16:00:00+00:00,ISONE_NEMA,8972,223,711,8038,18007.25,9445.04432696802,10253.259328833115,11192.515915997748,8521.350093885034,9382.557786183348,10394.907581016712,2025-10-26T16:00:00Z,causal-ridge-shortlag-v2,True
2025-10-26 16:00:00+00:00,MISO_MINN_HUB,63037,15141,6957,40939,101249.75,63734.89476529349,64455.00889608762,64864.22264679306,41528.05249081928,41860.91654258408,42764.60960410313,2025-10-26T16:00:00Z,causal-ridge-shortlag-v2,True
2025-10-26 16:00:00+00:00,SPP_NORTH_HUB,29090,6661,406,22023,46366.75,29457.624660098736,29828.83271365612,30150.307575072096,22227.820356629487,22346.861873471204,22325.456718643447,2025-10-26T16:00:00Z,causal-ridge-shortlag-v2,True
2025-10-26 17:00:00+00:00,CAISO_NP15,24183,3227,13722,7234,33983.0,24992.657239383683,25205.662241099577,25072.585345859632,6755.410527743308,6678.067036217772,7063.868659480238,2025-10-26T17:00:00Z,causal-ridge-shortlag-v2,True
2025-10-26 17:00:00+00:00,ISONE_NEMA,9185,259,705,8221,18007.25,9801.023212551048,10659.695083070428,11587.333612145434,8868.90403617193,9796.367772436992,10811.824861908784,2025-10-26T17:00:00Z,causal-ridge-shortlag-v2,True
2025-10-26 17:00:00+00:00,MISO_MINN_HUB,63542,14854,7219,41469,101249.75,64244.50754266845,64961.96911159033,65422.235573737926,42368.76912878535,43120.89401350575,44352.0517046859,2025-10-26T17:00:00Z,causal-ridge-shortlag-v2,True
2025-10-26 17:00:00+00:00,SPP_NORTH_HUB,29387,6303,427,22657,46366.75,29655.559460881224,29913.693959664844,30103.56822159376,22916.681771351265,22941.31599694965,22760.84530171216,2025-10-26T17:00:00Z,causal-ridge-shortlag-v2,True
2025-10-26 18:00:00+00:00,CAISO_NP15,24203,3419,13645,7139,33983.0,24122.8965661418,23893.699099495523,23437.90320789056,7542.524407547442,7847.269857215684,7997.094024508653,2025-10-26T18:00:00Z,causal-ridge-shortlag-v2,True
2025-10-26 18:00:00+00:00,ISONE_NEMA,9773,276,584,8913,18007.25,10661.736202524284,11684.853919244271,12579.64405578812,9910.742111216648,11037.273851732774,12023.745299139522,2025-10-26T18:00:00Z,causal-ridge-shortlag-v2,True
2025-10-26 18:00:00+00:00,MISO_MINN_HUB,63995,15027,7437,41531,101249.75,64503.57767964478,65083.03364466197,65559.24834573502,42130.45066785391,43033.25997214008,44595.39445288241,2025-10-26T18:00:00Z,causal-ridge-shortlag-v2,True
2025-10-26 18:00:00+00:00,SPP_NORTH_HUB,29690,5783,478,23429,46366.75,29912.24487300928,30104.846891254976,30221.400746484327,23601.20118065161,23510.54833898057,23190.592297602,2025-10-26T18:00:00Z,causal-ridge-shortlag-v2,True
2025-10-26 19:00:00+00:00,CAISO_NP15,24729,3494,13475,7760,33983.0,24788.05149072728,24599.344044733614,24397.94519150173,8197.351884936881,9477.864080820907,10434.877967748644,2025-10-26T19:00:00Z,causal-ridge-shortlag-v2,True
2025-10-26 19:00:00+00:00,ISONE_NEMA,10155,294,443,9418,18007.25,10740.342383850792,11504.323761006875,12180.393449552175,10089.05271103382,10931.917615622686,11684.31263436285,2025-10-26T19:00:00Z,causal-ridge-shortlag-v2,True
2025-10-26 19:00:00+00:00,MISO_MINN_HUB,64450,15126,7128,42196,101249.75,65023.0941383628,65565.6674137242,66025.25098974362,43378.27567867185,44996.44835406415,46481.204143744864,2025-10-26T19:00:00Z,causal-ridge-shortlag-v2,True
2025-10-26 19:00:00+00:00,SPP_NORTH_HUB,29718,5552,446,23720,46366.75,29723.40573393317,29705.66869011771,29635.572824458806,23579.182891500925,23265.444617898636,22748.47464599125,2025-10-26T19:00:00Z,causal-ridge-shortlag-v2,True
2025-10-26 20:00:00+00:00,CAISO_NP15,24508,3594,13537,7377,33983.0,24418.44399884928,24353.47266734333,24381.89427414389,7810.690068122773,9548.95211281118,11334.848173398808,2025-10-26T20:00:00Z,causal-ridge-shortlag-v2,True
2025-10-26 20:00:00+00:00,ISONE_NEMA,11554,318,224,11012,18007.25,13041.756415786453,13977.14265273146,14197.234731358069,12656.103061524072,13687.660854931151,13937.980617859615,2025-10-26T20:00:00Z,causal-ridge-shortlag-v2,True
2025-10-26 20:00:00+00:00,MISO_MINN_HUB,65219,14848,6757,43614,101249.75,65985.67972105806,66544.20192155716,66842.90946833482,45319.80941932143,46890.07561438955,48205.5537900678,2025-10-26T20:00:00Z,causal-ridge-shortlag-v2,True
2025-10-26 20:00:00+00:00,SPP_NORTH_HUB,29835,5617,411,23807,46366.75,29860.53281827801,29789.5004222064,29607.392082346043,23460.472649512543,22906.828633692367,22184.036239080047,2025-10-26T20:00:00Z,causal-ridge-shortlag-v2,True
2025-10-26 21:00:00+00:00,CAISO_NP15,24347,3721,13676,6950,33983.0,24058.20238408875,23996.85025602276,24136.451308839707,7800.998270037466,10052.973360539005,12275.032127745397,2025-10-26T21:00:00Z,causal-ridge-shortlag-v2,True
2025-10-26 21:00:00+00:00,ISONE_NEMA,13051,310,46,12695,18007.25,13966.638090587749,14226.112347060152,13999.486109854348,13715.39646663298,14012.615743602684,13785.839057423427,2025-10-26T21:00:00Z,causal-ridge-shortlag-v2,True
2025-10-26 21:00:00+00:00,MISO_MINN_HUB,66592,15245,4608,46739,101249.75,67762.87583052753,68268.99978400682,68179.98013488489,49313.5553988028,50926.55192698934,51307.84072995158,2025-10-26T21:00:00Z,causal-ridge-shortlag-v2,True
2025-10-26 21:00:00+00:00,SPP_NORTH_HUB,30042,5945,277,23820,46366.75,30052.318104767084,29862.390990336484,29490.89487006754,23326.83589426376,22553.40777406566,21616.830768747663,2025-10-26T21:00:00Z,causal-ridge-shortlag-v2,True
2025-10-26 22:00:00+00:00,CAISO_NP15,24231,3433,13561,7237,33983.0,23933.362458373405,23903.25052764922,24025.31678797808,8661.796040732912,11296.397888734513,13820.9812672414,2025-10-26T22:00:00Z,causal-ridge-shortlag-v2,True
2025-10-26 22:00:00+00:00,ISONE_NEMA,13746,318,15,13413,18007.25,13779.371299407348,13464.961824319922,12944.528956160018,13443.940276334395,13122.1947676318,12594.91077202524,2025-10-26T22:00:00Z,causal-ridge-shortlag-v2,True
2025-10-26 22:00:00+00:00,MISO_MINN_HUB,68375,15544,1173,51658,101249.75,69604.06724701572,69664.79995156839,68603.85909761935,54470.28040094683,55020.40879883683,53896.53610968871,2025-10-26T22:00:00Z,causal-ridge-shortlag-v2,True
2025-10-26 22:00:00+00:00,SPP_NORTH_HUB,30305,5993,203,24109,46366.75,30291.61744885874,30024.97457648012,29539.93562288575,23680.067981124645,22840.854339690755,21783.351936089897,2025-10-26T22:00:00Z,causal-ridge-shortlag-v2,True
2025-10-26 23:00:00+00:00,CAISO_NP15,23781,3683,12595,7503,33983.0,23638.413713717586,23624.23953595847,23709.110199200542,9360.584071365956,12219.780639283694,14984.407037318706,2025-10-26T23:00:00Z,causal-ridge-shortlag-v2,True
2025-10-26 23:00:00+00:00,ISONE_NEMA,13521,335,15,13171,18007.25,12945.471790461748,12334.612542355564,11710.104532787904,12565.253906244256,11941.392952157918,11317.833176967646,2025-10-26T23:00:00Z,causal-ridge-shortlag-v2,True
2025-10-26 23:00:00+00:00,MISO_MINN_HUB,69875,16934,33,52908,101249.75,69888.80651831932,68815.15842823531,66897.6554605044,52154.498974445305,49659.75117336598,47745.72196795166,2025-10-26T23:00:00Z,causal-ridge-shortlag-v2,True
2025-10-26 23:00:00+00:00,SPP_NORTH_HUB,30712,5767,48,24897,46366.75,30712.068552738216,30342.7003155498,29681.42595859952,24587.038144495746,23685.91434385478,22511.88641381064,2025-10-26T23:00:00Z,causal-ridge-shortlag-v2,True
2025-10-27 00:00:00+00:00,CAISO_NP15,22854,3872,10276,8706,33983.0,22503.236627117487,22745.17431353999,23175.30823452671,11369.44499754193,14298.450458372772,16915.03676109928,2025-10-27T00:00:00Z,causal-ridge-shortlag-v2,True
2025-10-27 00:00:00+00:00,ISONE_NEMA,13077,369,14,12694,18007.25,12551.033952755985,11952.08408908122,11326.547445287892,12145.13175598702,11539.882155970892,10909.644094320844,2025-10-27T00:00:00Z,causal-ridge-shortlag-v2,True
2025-10-27 00:00:00+00:00,MISO_MINN_HUB,69413,17964,3,51446,101249.75,67844.61574870482,65854.91384342406,63794.11836906602,49051.84104317108,47254.82224325559,45533.34143780204,2025-10-27T00:00:00Z,causal-ridge-shortlag-v2,True
2025-10-27 00:00:00+00:00,SPP_NORTH_HUB,30837,6169,0,24668,46366.75,30605.88827271201,30042.69553410847,29262.36376742602,23810.857720497897,22669.094716971475,21380.227604714164,2025-10-27T00:00:00Z,causal-ridge-shortlag-v2,True
2025-10-27 01:00:00+00:00,CAISO_NP15,23893,4172,2499,17222,33983.0,24753.50488569225,25394.32208112628,25496.735401277914,22516.179448926214,23251.057421682213,23346.073255801115,2025-10-27T01:00:00Z,causal-ridge-shortlag-v2,True
2025-10-27 01:00:00+00:00,ISONE_NEMA,12378,378,11,11989,18007.25,11656.373499140624,11032.972240274452,10571.64557317261,11261.152400551142,10636.780826934702,10179.736581422829,2025-10-27T01:00:00Z,causal-ridge-shortlag-v2,True
2025-10-27 01:00:00+00:00,MISO_MINN_HUB,67664,18309,2,49353,101249.75,65498.33520411354,63241.16018130581,61178.44537382859,47062.58569625604,45426.15718528179,43477.08926149897,2025-10-27T01:00:00Z,causal-ridge-shortlag-v2,True
2025-10-27 01:00:00+00:00,SPP_NORTH_HUB,30328,7002,0,23326,46366.75,29632.346931816348,28812.11931371077,27955.019239929403,21944.713245565505,20537.8173016478,19120.701593718037,2025-10-27T01:00:00Z,causal-ridge-shortlag-v2,True
2025-10-27 02:00:00+00:00,CAISO_NP15,25305,4261,0,21044,33983.0,26025.87380048529,25948.49046635289,25179.602685570688,21451.39075882356,22532.487164570102,22363.251380309368,2025-10-27T02:00:00Z,causal-ridge-shortlag-v2,True
2025-10-27 02:00:00+00:00,ISONE_NEMA,11602,392,11,11199,18007.25,10947.892197703948,10476.538921926627,10196.598425175933,10541.690825282987,10075.980687187515,9801.653647427063,2025-10-27T02:00:00Z,causal-ridge-shortlag-v2,True
2025-10-27 02:00:00+00:00,MISO_MINN_HUB,65342,18659,3,46680,101249.75,62887.07389641729,60681.19331577799,58755.02314033167,44373.335288468574,42437.69548237488,40970.59839965904,2025-10-27T02:00:00Z,causal-ridge-shortlag-v2,True
2025-10-27 02:00:00+00:00,SPP_NORTH_HUB,29400,7390,0,22010,46366.75,28469.46902734897,27553.6729175333,26708.721700488517,20694.53621424292,19322.80266515013,18022.37197750396,2025-10-27T02:00:00Z,causal-ridge-shortlag-v2,True
2025-10-27 03:00:00+00:00,CAISO_NP15,25259,4071,0,21188,33983.0,25121.488466382325,24786.349675046156,24144.74668569516,21186.764856807185,21133.79271645143,20770.727297810947,2025-10-27T03:00:00Z,causal-ridge-shortlag-v2,True
2025-10-27 03:00:00+00:00,ISONE_NEMA,10946,379,3,10564,18007.25,10500.696680854877,10236.65493813684,10123.553817170005,10136.943088417524,9885.089033682372,9773.684577805552,2025-10-27T03:00:00Z,causal-ridge-shortlag-v2,True
2025-10-27 03:00:00+00:00,MISO_MINN_HUB,62741,18543,3,44195,101249.75,60375.27473326743,58540.55811574038,57126.383708632966,42455.501393837534,41256.64286401551,40388.24314337975,2025-10-27T03:00:00Z,causal-ridge-shortlag-v2,True
2025-10-27 03:00:00+00:00,SPP_NORTH_HUB,28261,7507,0,20754,46366.75,27235.22294854097,26333.63475750105,25604.063065187445,19466.673635665808,18204.218256106127,17132.17747904684,2025-10-27T03:00:00Z,causal-ridge-shortlag-v2,True
2025-10-27 04:00:00+00:00,CAISO_NP15,24376,4048,0,20328,33983.0,23572.714693079324,22634.092871657103,21620.53847661273,19966.476335265907,19614.09871179986,19137.406982338776,2025-10-27T04:00:00Z,causal-ridge-shortlag-v2,True
2025-10-27 04:00:00+00:00,ISONE_NEMA,10478,358,1,10119,18007.25,10192.156616749162,10028.527394199566,9989.930343009744,9843.934100883263,9682.593641976977,9634.297221488794,2025-10-27T04:00:00Z,causal-ridge-shortlag-v2,True
2025-10-27 04:00:00+00:00,MISO_MINN_HUB,60487,18159,2,42326,101249.75,58675.172364669765,57498.42616163658,56829.81470828061,41355.65197370423,40846.58822812731,40622.25885903506,2025-10-27T04:00:00Z,causal-ridge-shortlag-v2,True
2025-10-27 04:00:00+00:00,SPP_NORTH_HUB,27155,7929,0,19226,46366.75,26234.474145589564,25501.68919381564,24995.87040194373,17896.894134532453,16806.966314107256,16048.897858114757,2025-10-27T04:00:00Z,causal-ridge-shortlag-v2,True
2025-10-27 05:00:00+00:00,CAISO_NP15,24181,4254,0,19927,33983.0,23423.72939981648,22332.961564639947,21231.923616018245,19691.32097378531,19538.9004940665,19239.45790676759,2025-10-27T05:00:00Z,causal-ridge-shortlag-v2,True
2025-10-27 05:00:00+00:00,ISONE_NEMA,10356,395,1,9960,18007.25,10304.933263814246,10288.074546288814,10345.410190744844,9900.781234248552,9874.02045244259,9905.250609389825,2025-10-27T05:00:00Z,causal-ridge-shortlag-v2,True
2025-10-27 05:00:00+00:00,MISO_MINN_HUB,58733,17376,2,41355,101249.75,57572.440930306926,57124.57472661033,57132.73460838616,41192.00244633868,41386.38990622133,41786.98823037003,2025-10-27T05:00:00Z,causal-ridge-shortlag-v2,True
2025-10-27 05:00:00+00:00,SPP_NORTH_HUB,26356,7807,0,18549,46366.75,25729.342198800117,25298.27937250978,25069.29888961584,17838.87625779749,17234.376423328074,16900.59918212032,2025-10-27T05:00:00Z,causal-ridge-shortlag-v2,True
2025-10-27 06:00:00+00:00,CAISO_NP15,23212,4373,0,18839,33983.0,22176.827925925616,21207.0880261396,20380.284224012925,18505.45919002492,18463.22518549321,18313.08279564627,2025-10-27T06:00:00Z,causal-ridge-shortlag-v2,True
2025-10-27 06:00:00+00:00,ISONE_NEMA,10325,420,1,9904,18007.25,10302.05067137307,10335.11462524425,10432.687948686003,9862.342053482187,9864.082612354592,9918.29788300207,2025-10-27T06:00:00Z,causal-ridge-shortlag-v2,True
2025-10-27 06:00:00+00:00,MISO_MINN_HUB,57344,17144,2,40198,101249.75,56527.92794662579,56536.52501358442,57057.50359775385,39826.23391423124,39864.90631634905,40567.891793013005,2025-10-27T06:00:00Z,causal-ridge-shortlag-v2,True
2025-10-27 06:00:00+00:00,SPP_NORTH_HUB,25912,7180,0,18732,46366.75,25612.644361412786,25492.52825954176,25551.78382030531,18592.743823879664,18454.26062193428,18504.55853615387,2025-10-27T06:00:00Z,causal-ridge-shortlag-v2,True
2025-10-27 07:00:00+00:00,CAISO_NP15,22104,4141,0,17963,33983.0,21209.025379700928,20499.396330350915,20117.726961608994,18132.935118358717,18064.424216355517,17906.900938334064,2025-10-27T07:00:00Z,causal-ridge-shortlag-v2,True
2025-10-27 07:00:00+00:00,ISONE_NEMA,10341,382,1,9958,18007.25,10414.334358865946,10496.902393933256,10548.137146205456,10017.829852817142,10058.473805372178,10051.569428757392,2025-10-27T07:00:00Z,causal-ridge-shortlag-v2,True
2025-10-27 07:00:00+00:00,MISO_MINN_HUB,56773,16453,2,40318,101249.75,56907.40303898615,57613.37667184259,58785.60012663298,41054.15088154571,42327.93455457001,43111.33586325385,2025-10-27T07:00:00Z,causal-ridge-shortlag-v2,True
2025-10-27 07:00:00+00:00,SPP_NORTH_HUB,25735,7129,0,18606,46366.75,25708.828401076968,25842.363165825227,26142.41544884379,18471.25985725165,18512.694836230537,18779.50602402804,2025-10-27T07:00:00Z,causal-ridge-shortlag-v2,True
2025-10-27 08:00:00+00:00,CAISO_NP15,21341,4163,0,17178,33983.0,20712.48616807192,20279.685402470797,20214.01959090464,17341.51016324741,17332.410842041016,17202.158628251957,2025-10-27T08:00:00Z,causal-ridge-shortlag-v2,True
2025-10-27 08:00:00+00:00,ISONE_NEMA,10459,352,1,10106,18007.25,10588.285007719522,10651.273338299558,10652.44503863638,10210.01852443969,10220.3268355823,10153.097231275497,2025-10-27T08:00:00Z,causal-ridge-shortlag-v2,True
2025-10-27 08:00:00+00:00,MISO_MINN_HUB,57035,16111,2,40922,101249.75,57744.78769983004,58897.13136094575,60264.23756454422,41719.5356767272,42409.22133083196,43289.02011637556,2025-10-27T08:00:00Z,causal-ridge-shortlag-v2,True
2025-10-27 08:00:00+00:00,SPP_NORTH_HUB,25715,7091,0,18624,46366.75,25840.369467205805,26139.919503044024,26596.422930450437,18745.76214623713,19042.192928548186,19506.234836232663,2025-10-27T08:00:00Z,causal-ridge-shortlag-v2,True
2025-10-27 09:00:00+00:00,CAISO_NP15,20762,4075,0,16687,33983.0,20303.608889869854,20212.78196856457,20499.892775503995,16922.85768795616,16721.693161822757,16371.414210470182,2025-10-27T09:00:00Z,causal-ridge-shortlag-v2,True
2025-10-27 09:00:00+00:00,ISONE_NEMA,11147,375,1,10771,18007.25,11674.77129672588,11833.751746081029,11745.452611996254,11269.71139286881,11367.704513678453,11189.476577733494,2025-10-27T09:00:00Z,causal-ridge-shortlag-v2,True
2025-10-27 09:00:00+00:00,MISO_MINN_HUB,58823,16145,2,42676,101249.75,60727.472612528014,62546.501111787446,64423.74737876623,44307.68378464365,45764.40059584045,46495.917655922414,2025-10-27T09:00:00Z,causal-ridge-shortlag-v2,True
2025-10-27 09:00:00+00:00,SPP_NORTH_HUB,26084,5948,0,20136,46366.75,26494.51289610337,27014.83215027333,27610.147195398957,21078.82688626156,21782.676624256757,22444.040850593537,2025-10-27T09:00:00Z,causal-ridge-shortlag-v2,True
2025-10-27 10:00:00+00:00,CAISO_NP15,20651,4033,0,16618,33983.0,20580.039199444956,20795.198145385068,21300.29449055753,16833.70135219848,16331.1345942317,15650.80519786967,2025-10-27T10:00:00Z,causal-ridge-shortlag-v2,True
2025-10-27 10:00:00+00:00,ISONE_NEMA,12723,378,1,12344,18007.25,13741.376858510745,13962.28807981749,13693.149953775204,13354.070991885232,13503.72353413044,13117.369792900328,2025-10-27T10:00:00Z,causal-ridge-shortlag-v2,True
2025-10-27 10:00:00+00:00,MISO_MINN_HUB,62064,16263,3,45798,101249.75,64911.410495831326,67211.85028729338,69094.9238804366,48088.2348930272,49300.18574100824,49679.05736323524,2025-10-27T10:00:00Z,causal-ridge-shortlag-v2,True
2025-10-27 10:00:00+00:00,SPP_NORTH_HUB,27136,5111,0,22025,46366.75,27963.246749916638,28711.03652910862,29404.49452594622,22997.08597782518,23790.345770431668,24523.32126454456,2025-10-27T10:00:00Z,causal-ridge-shortlag-v2,True
2025-10-27 11:00:00+00:00,CAISO_NP15,21062,3881,0,17181,33983.0,21261.70469355403,21761.43166334093,22432.3967136798,17283.663431859535,16329.537210329132,15227.099712180192,2025-10-27T11:00:00Z,causal-ridge-shortlag-v2,True
2025-10-27 11:00:00+00:00,ISONE_NEMA,13722,356,16,13350,18007.25,13900.19460698997,13639.214227556087,13241.473462699958,13460.053551194937,13082.318632747589,12569.647756856017,2025-10-27T11:00:00Z,causal-ridge-shortlag-v2,True
2025-10-27 11:00:00+00:00,MISO_MINN_HUB,67151,15328,2,51821,101249.75,71381.15022641762,74261.41360666578,76135.25412969408,55868.47193099794,57791.25790291825,57493.40397914074,2025-10-27T11:00:00Z,causal-ridge-shortlag-v2,True
2025-10-27 11:00:00+00:00,SPP_NORTH_HUB,29018,5153,0,23865,46366.75,30293.547758886405,31251.870209436227,31962.111980409285,24724.872367371485,25496.030211789464,26149.8226283151,2025-10-27T11:00:00Z,causal-ridge-shortlag-v2,True
2025-10-27 12:00:00+00:00,CAISO_NP15,20359,3715,0,16644,33983.0,20564.415669766888,21224.40788816142,22044.11889310587,15951.20093685064,14613.792942962016,13309.865235619329,2025-10-27T12:00:00Z,causal-ridge-shortlag-v2,True
2025-10-27 12:00:00+00:00,ISONE_NEMA,13210,324,171,12715,18007.25,12317.38446441547,11599.162023385275,11145.552805611673,11649.755652645828,10795.352334939138,10265.150232893917,2025-10-27T12:00:00Z,causal-ridge-shortlag-v2,True
2025-10-27 12:00:00+00:00,MISO_MINN_HUB,69919,14601,122,55196,101249.75,71558.5090547269,72931.49363354087,73177.74829361844,55600.68862280181,53529.0059790516,52803.32040663356,2025-10-27T12:00:00Z,causal-ridge-shortlag-v2,True
2025-10-27 12:00:00+00:00,SPP_NORTH_HUB,30489,5288,0,25201,46366.75,31515.030585624125,32240.851994904668,32723.86963820118,26040.584227399624,26711.07873397463,27102.829533681823,2025-10-27T12:00:00Z,causal-ridge-shortlag-v2,True
2025-10-27 13:00:00+00:00,CAISO_NP15,20901,3644,0,17257,33983.0,21557.12480732105,22357.76550445496,23210.349881403028,16631.443761134855,14930.762075887264,13210.362402950615,2025-10-27T13:00:00Z,causal-ridge-shortlag-v2,True
2025-10-27 13:00:00+00:00,ISONE_NEMA,12127,302,406,11419,18007.25,11196.024508250886,10642.750136149269,10472.37970620918,10330.611979968327,9701.675746514802,9515.685652432669,2025-10-27T13:00:00Z,causal-ridge-shortlag-v2,True
2025-10-27 13:00:00+00:00,MISO_MINN_HUB,70335,13914,2747,53674,101249.75,70077.68049907706,70217.7831703963,70784.69114506427,51017.13866639923,50017.9072121753,49981.61788139325,2025-10-27T13:00:00Z,causal-ridge-shortlag-v2,True
2025-10-27 13:00:00+00:00,SPP_NORTH_HUB,30940,6274,23,24643,46366.75,31317.072172645014,31586.3253751672,31798.124490950897,24575.29333652515,24617.27336645725,24543.619710151877,2025-10-27T13:00:00Z,causal-ridge-shortlag-v2,True
2025-10-27 14:00:00+00:00,CAISO_NP15,23001,3549,0,19452,33983.0,24078.8382012891,24934.26575139877,25407.743576952736,18493.037391313504,16231.847127211233,13866.244781046207,2025-10-27T14:00:00Z,causal-ridge-shortlag-v2,True
2025-10-27 14:00:00+00:00,ISONE_NEMA,11074,270,548,10256,18007.25,10385.858267196005,10120.90607646366,10320.58377953846,9490.922160829345,9206.364532664762,9438.958654415252,2025-10-27T14:00:00Z,causal-ridge-shortlag-v2,True
2025-10-27 14:00:00+00:00,MISO_MINN_HUB,70521,12922,6318,51281,101249.75,70515.33728821666,70810.87600923913,71980.50168052819,49771.67214587181,51200.97605886227,51982.9522966589,2025-10-27T14:00:00Z,causal-ridge-shortlag-v2,True
2025-10-27 14:00:00+00:00,SPP_NORTH_HUB,31219,6115,185,24919,46366.75,31459.417516831512,31620.59093583716,31696.19627932566,25189.83599383293,25200.813182124053,25032.84461493536,2025-10-27T14:00:00Z,causal-ridge-shortlag-v2,True
2025-10-27 15:00:00+00:00,CAISO_NP15,24318,3358,1661,19299,33983.0,25107.632243176988,25725.46008101712,25881.994174119875,16755.28023714128,14345.761783418367,11996.9454108399,2025-10-27T15:00:00Z,causal-ridge-shortlag-v2,True
2025-10-27 15:00:00+00:00,ISONE_NEMA,10932,257,608,10067,18007.25,11136.43641101714,11486.924330769443,12047.59589751572,10280.33914370529,10671.600385226046,11287.70514158645,2025-10-27T15:00:00Z,causal-ridge-shortlag-v2,True
2025-10-27 15:00:00+00:00,MISO_MINN_HUB,70588,14243,7388,48957,101249.75,70504.2216555474,70854.73186648924,71487.47069650311,47883.08033512595,47945.59477006496,48871.80533234078,2025-10-27T15:00:00Z,causal-ridge-shortlag-v2,True
2025-10-27 15:00:00+00:00,SPP_NORTH_HUB,31538,6000,274,25264,46366.75,31744.812591139034,31817.02597900003,31784.61161888889,25287.347344546342,25123.368892189374,24858.71654842512,2025-10-27T15:00:00Z,causal-ridge-shortlag-v2,True
2025-10-27 16:00:00+00:00,CAISO_NP15,26253,3520,9531,13202,33983.0,27147.872167257272,27006.092225252887,26650.146941650302,8844.512149961507,8111.103803375865,7897.732646795794,2025-10-27T16:00:00Z,causal-ridge-shortlag-v2,True
2025-10-27 16:00:00+00:00,ISONE_NEMA,11446,267,591,10588,18007.25,12039.681836454723,12681.222761740895,13452.209039618534,11231.674667906544,11935.732308260642,12777.100929777473,2025-10-27T16:00:00Z,causal-ridge-shortlag-v2,True
2025-10-27 16:00:00+00:00,MISO_MINN_HUB,70716,15638,7859,47219,101249.75,70834.14628039596,71361.4191844121,72038.28495652157,46837.6196186402,47198.779425469285,48362.32913016208,2025-10-27T16:00:00Z,causal-ridge-shortlag-v2,True
2025-10-27 16:00:00+00:00,SPP_NORTH_HUB,31720,6381,326,25013,46366.75,31794.354315178996,31750.493328766723,31619.675360625915,24686.386117625563,24352.130764249006,23958.38637179284,2025-10-27T16:00:00Z,causal-ridge-shortlag-v2,True
2025-10-27 17:00:00+00:00,CAISO_NP15,29646,3449,13854,12343,33983.0,30170.48550943602,29938.08446648652,29313.520118509237,12211.365489016309,10965.805900030526,10725.656828199944,2025-10-27T17:00:00Z,causal-ridge-shortlag-v2,True
2025-10-27 17:00:00+00:00,ISONE_NEMA,11574,327,505,10742,18007.25,11790.77351482276,12334.942563711124,13109.185757517993,10978.6509305069,11569.307199936386,12420.143833169464,2025-10-27T17:00:00Z,causal-ridge-shortlag-v2,True
2025-10-27 17:00:00+00:00,MISO_MINN_HUB,70741,16425,7875,46441,101249.75,70924.97545069136,71537.39941833066,72181.13166922676,46826.2272382801,47693.37701368933,49188.5431634756,2025-10-27T17:00:00Z,causal-ridge-shortlag-v2,True
2025-10-27 17:00:00+00:00,SPP_NORTH_HUB,31800,6022,357,25421,46366.75,31800.07597401845,31705.679060619103,31509.641555976643,25453.84210160308,25166.21567987166,24674.65208027566,2025-10-27T17:00:00Z,causal-ridge-shortlag-v2,True
2025-10-27 18:00:00+00:00,CAISO_NP15,29129,2864,14295,11970,33983.0,28400.54514539775,27733.286868523395,26794.955725140044,11486.299416666878,10688.60950928792,10514.474303555362,2025-10-27T18:00:00Z,causal-ridge-shortlag-v2,True
2025-10-27 18:00:00+00:00,ISONE_NEMA,12008,412,381,11215,18007.25,12769.858633976924,13573.346082799111,14165.348928156896,12030.247285436311,12896.965377700288,13542.278144581329,2025-10-27T18:00:00Z,causal-ridge-shortlag-v2,True
2025-10-27 18:00:00+00:00,MISO_MINN_HUB,70902,16657,7775,46470,101249.75,71251.6016290272,71929.85679116065,72624.45395496477,47469.911901323714,48976.7869184785,50919.121811754834,2025-10-27T18:00:00Z,causal-ridge-shortlag-v2,True
2025-10-27 18:00:00+00:00,SPP_NORTH_HUB,31872,5658,377,25837,46366.75,31875.97781665873,31750.15060471937,31503.66983276647,25757.09250889445,25318.007234895544,24681.96925056008,2025-10-27T18:00:00Z,causal-ridge-shortlag-v2,True
2025-10-27 19:00:00+00:00,CAISO_NP15,28087,2052,14404,11631,33983.0,27735.26260426089,27154.488292442456,26760.994567068883,11692.767563327694,11792.442089265573,12544.891450817271,2025-10-27T19:00:00Z,causal-ridge-shortlag-v2,True
2025-10-27 19:00:00+00:00,ISONE_NEMA,12479,516,296,11667,18007.25,13003.371234126564,13584.527142236806,14111.211016406483,12220.05147561146,12849.068625807313,13425.97421521088,2025-10-27T19:00:00Z,causal-ridge-shortlag-v2,True
2025-10-27 19:00:00+00:00,MISO_MINN_HUB,70583,16481,7829,46273,101249.75,70492.3945723299,70923.09144056893,71447.57211060007,47020.55545697588,48409.62681026622,50576.820348375615,2025-10-27T19:00:00Z,causal-ridge-shortlag-v2,True
2025-10-27 19:00:00+00:00,SPP_NORTH_HUB,31816,5424,385,26007,46366.75,31674.23256769745,31438.01021237876,31113.230165369256,25705.191869091934,25111.64974482441,24327.807586440857,2025-10-27T19:00:00Z,causal-ridge-shortlag-v2,True
2025-10-27 20:00:00+00:00,CAISO_NP15,27413,1442,15075,10896,33983.0,26810.66234648022,26401.115372694425,26395.219212848016,10598.163068385242,11913.03275168065,13926.111072279144,2025-10-27T20:00:00Z,causal-ridge-shortlag-v2,True
2025-10-27 20:00:00+00:00,ISONE_NEMA,12958,575,130,12253,18007.25,13595.956563273989,14083.20879573795,14209.803157275272,12957.81691134163,13480.2567446278,13622.885794357466,2025-10-27T20:00:00Z,causal-ridge-shortlag-v2,True
2025-10-27 20:00:00+00:00,MISO_MINN_HUB,70850,16555,7307,46988,101249.75,71351.72037733557,71928.67331590442,72661.97221153388,48701.61455109897,51272.93893409935,53220.48093712512,2025-10-27T20:00:00Z,causal-ridge-shortlag-v2,True
2025-10-27 20:00:00+00:00,SPP_NORTH_HUB,31798,5425,432,25941,46366.75,31690.13283349789,31475.87535431944,31157.05913887573,25469.331318679,24758.506966085723,23887.573707960502,2025-10-27T20:00:00Z,causal-ridge-shortlag-v2,True
2025-10-27 21:00:00+00:00,CAISO_NP15,25878,1289,14827,9762,33983.0,25218.749482045016,25051.98284264489,25303.2187545556,9942.901646561626,11750.27912971252,14302.137463420942,2025-10-27T21:00:00Z,causal-ridge-shortlag-v2,True
2025-10-27 21:00:00+00:00,ISONE_NEMA,14007,697,23,13287,18007.25,14868.272391656734,15101.14774747695,14773.175623214014,14175.965870246086,14420.389395569122,14070.878585575569,2025-10-27T21:00:00Z,causal-ridge-shortlag-v2,True
2025-10-27 21:00:00+00:00,MISO_MINN_HUB,71472,16615,4855,50002,101249.75,72258.4701308893,72700.29289936468,72656.92498503142,52822.16049700193,54856.34741522722,55598.06277240205,2025-10-27T21:00:00Z,causal-ridge-shortlag-v2,True
2025-10-27 21:00:00+00:00,SPP_NORTH_HUB,31838,5709,415,25714,46366.75,31749.0683534636,31512.929047589045,31139.970983907275,25113.25060467288,24298.876847181724,23340.11950242594,2025-10-27T21:00:00Z,causal-ridge-shortlag-v2,True
2025-10-27 22:00:00+00:00,CAISO_NP15,25991,1196,14695,10100,33983.0,25936.28573516137,25957.73125631186,26227.34257732203,11309.105748475156,13718.99299297934,16482.2748135464,2025-10-27T22:00:00Z,causal-ridge-shortlag-v2,True
2025-10-27 22:00:00+00:00,ISONE_NEMA,14631,725,3,13903,18007.25,14686.852142742426,14377.435501426737,13899.447993468964,13965.55065256415,13654.674849468687,13177.562508204668,2025-10-27T22:00:00Z,causal-ridge-shortlag-v2,True
2025-10-27 22:00:00+00:00,MISO_MINN_HUB,72708,15751,1194,55763,101249.75,73896.2739253054,74016.01104117777,73020.82712576662,59444.040231740175,60515.13362601617,59233.70311485831,2025-10-27T22:00:00Z,causal-ridge-shortlag-v2,True
2025-10-27 22:00:00+00:00,SPP_NORTH_HUB,31903,5805,275,25823,46366.75,31784.136128582155,31452.17889695692,30935.78106631221,25347.84466593409,24477.9258917652,23405.97710740548,2025-10-27T22:00:00Z,causal-ridge-shortlag-v2,True
2025-10-27 23:00:00+00:00,CAISO_NP15,25666,1051,14018,10597,33983.0,25453.931356032484,25631.945235037365,25954.286880842432,12132.32213999096,14807.894229237734,17729.997188003006,2025-10-27T23:00:00Z,causal-ridge-shortlag-v2,True
2025-10-27 23:00:00+00:00,ISONE_NEMA,14398,756,3,13639,18007.25,13842.626501303426,13270.345555393824,12712.224690688376,13053.48317842035,12471.797498103151,11922.04670706812,2025-10-27T23:00:00Z,causal-ridge-shortlag-v2,True
2025-10-27 23:00:00+00:00,MISO_MINN_HUB,73775,14957,23,58795,101249.75,73853.50199505917,72957.3870774067,71170.77829593484,59411.34395163429,58126.16662647692,57051.387888992285,2025-10-27T23:00:00Z,causal-ridge-shortlag-v2,True
2025-10-27 23:00:00+00:00,SPP_NORTH_HUB,32118,6413,59,25646,46366.75,32039.30648764392,31602.54466564429,30901.201754141373,24896.514473218285,23774.24737179227,22523.100048462184,2025-10-27T23:00:00Z,causal-ridge-shortlag-v2,True
2025-10-28 00:00:00+00:00,CAISO_NP15,24501,1038,10763,12700,33983.0,24368.71097516992,24816.808899232907,25419.623580005667,15535.180156196217,17735.19501842316,20078.214826467534,2025-10-28T00:00:00Z,causal-ridge-shortlag-v2,True
2025-10-28 00:00:00+00:00,ISONE_NEMA,13885,747,2,13136,18007.25,13374.188079364436,12886.219578925104,12383.999098413871,12633.718937009437,12166.383257701744,11684.611501320944,2025-10-28T00:00:00Z,causal-ridge-shortlag-v2,True
2025-10-28 00:00:00+00:00,MISO_MINN_HUB,73361,15478,1,57882,101249.75,71895.22144546508,70096.08499064397,68387.62211875248,55831.2293768795,54604.2556118289,53715.21486825921,2025-10-28T00:00:00Z,causal-ridge-shortlag-v2,True
2025-10-28 00:00:00+00:00,SPP_NORTH_HUB,32029,8375,0,23654,46366.75,31671.404081414566,31019.40114102256,30205.68109766258,21952.766190673778,20480.417712058723,19130.71460492833,2025-10-28T00:00:00Z,causal-ridge-shortlag-v2,True
2025-10-28 01:00:00+00:00,CAISO_NP15,26186,1209,2582,22395,33983.0,27395.68683123571,28296.767123369016,28582.26645922827,27694.46466671522,27688.74595372749,27428.11657851447,2025-10-28T01:00:00Z,causal-ridge-shortlag-v2,True
2025-10-28 01:00:00+00:00,ISONE_NEMA,13064,752,1,12311,18007.25,12305.809405518548,11769.979567644856,11460.309124095167,11558.378715692306,11047.296196851506,10771.223433169802,2025-10-28T01:00:00Z,causal-ridge-shortlag-v2,True
2025-10-28 01:00:00+00:00,MISO_MINN_HUB,71416,16493,1,54922,101249.75,69017.00920254414,66767.06969155424,65096.60906885946,52028.66093101021,50697.32932718795,49380.23455407711,2025-10-28T01:00:00Z,causal-ridge-shortlag-v2,True
2025-10-28 01:00:00+00:00,SPP_NORTH_HUB,31458,9941,0,21517,46366.75,30712.61976430344,29880.73082948567,29043.63193122421,19821.644196324592,18401.945303987828,17129.241922310975,2025-10-28T01:00:00Z,causal-ridge-shortlag-v2,True
2025-10-28 02:00:00+00:00,CAISO_NP15,27399,1400,0,25999,33983.0,28269.084858804254,28411.96387626468,27790.205055734456,25805.78426077291,26054.43815843697,25574.222408122645,2025-10-28T02:00:00Z,causal-ridge-shortlag-v2,True
2025-10-28 02:00:00+00:00,ISONE_NEMA,12061,700,1,11360,18007.25,11350.22926115788,11008.1483120916,10929.963249516351,10683.9891711452,10384.678156679738,10350.50667572386,2025-10-28T02:00:00Z,causal-ridge-shortlag-v2,True
2025-10-28 02:00:00+00:00,MISO_MINN_HUB,68885,17294,1,51590,101249.75,66387.88843538518,64322.18134921437,62931.22479342397,49082.169349511234,47824.007647621205,46811.100189679855,2025-10-28T02:00:00Z,causal-ridge-shortlag-v2,True
2025-10-28 02:00:00+00:00,SPP_NORTH_HUB,30568,10082,0,20486,46366.75,29645.110300159788,28778.768181460517,28017.113965516743,19386.422795974795,18245.40394654776,17193.434610534485,2025-10-28T02:00:00Z,causal-ridge-shortlag-v2,True
2025-10-28 03:00:00+00:00,CAISO_NP15,27111,1249,0,25862,33983.0,27080.92161425866,26897.47994381655,26408.94861491336,25451.74886811874,24496.673912931747,23747.818382729933,2025-10-28T03:00:00Z,causal-ridge-shortlag-v2,True
2025-10-28 03:00:00+00:00,ISONE_NEMA,11149,653,1,10495,18007.25,10655.450151856468,10544.299416952726,10675.133939724705,10039.897254370586,9973.376744865976,10140.941331238006,2025-10-28T03:00:00Z,causal-ridge-shortlag-v2,True
2025-10-28 03:00:00+00:00,MISO_MINN_HUB,65550,17194,1,48355,101249.75,62778.53711918831,61006.46883707484,59944.04620203373,46209.50377802359,44955.40615663197,44661.29772049248,2025-10-28T03:00:00Z,causal-ridge-shortlag-v2,True
2025-10-28 03:00:00+00:00,SPP_NORTH_HUB,29289,10125,0,19164,46366.75,28191.543674059845,27299.384637827938,26662.73625870695,17959.471426712116,16905.535364630166,16086.457004595748,2025-10-28T03:00:00Z,causal-ridge-shortlag-v2,True
2025-10-28 04:00:00+00:00,CAISO_NP15,26065,1237,0,24828,33983.0,25302.89646799377,24477.327130866648,23577.23764223994,23909.55568358096,22840.0329535206,22070.64101725983,2025-10-28T04:00:00Z,causal-ridge-shortlag-v2,True
2025-10-28 04:00:00+00:00,ISONE_NEMA,11071,708,1,10362,18007.25,11239.824432104657,11461.047965197173,11727.416189762856,10558.234903347333,10818.27202589798,11095.660415510927,2025-10-28T04:00:00Z,causal-ridge-shortlag-v2,True
2025-10-28 04:00:00+00:00,MISO_MINN_HUB,62573,16544,1,46028,101249.75,60572.64972154528,59603.996412467925,59518.10570810326,45029.974355858605,45115.89414368441,45521.62904385914,2025-10-28T04:00:00Z,causal-ridge-shortlag-v2,True
2025-10-28 04:00:00+00:00,SPP_NORTH_HUB,28014,9531,0,18483,46366.75,26987.80354400413,26262.96685728831,25850.42320540999,17727.63527890639,17078.117705339428,16670.74157001146,2025-10-28T04:00:00Z,causal-ridge-shortlag-v2,True
2025-10-28 05:00:00+00:00,CAISO_NP15,25319,1185,0,24134,33983.0,24616.88339403491,23704.82133733932,22795.00852169839,23406.350072751367,22589.93516467969,22042.58811659892,2025-10-28T05:00:00Z,causal-ridge-shortlag-v2,True
2025-10-28 05:00:00+00:00,ISONE_NEMA,10926,748,1,10177,18007.25,10805.042086158606,10907.041048321284,11236.630364210938,10046.656849221374,10143.82362997795,10468.99256602542,2025-10-28T05:00:00Z,causal-ridge-shortlag-v2,True
2025-10-28 05:00:00+00:00,MISO_MINN_HUB,60523,15642,1,44880,101249.75,59501.50221505243,59449.97542006454,60157.61122598684,44966.58773809939,45765.22724835093,46825.23967771406,2025-10-28T05:00:00Z,causal-ridge-shortlag-v2,True
2025-10-28 05:00:00+00:00,SPP_NORTH_HUB,27213,9508,0,17705,46366.75,26639.480287013528,26312.51870856101,26252.56665111551,16999.567255310034,16582.431879823107,16536.743439517668,2025-10-28T05:00:00Z,causal-ridge-shortlag-v2,True
2025-10-28 06:00:00+00:00,CAISO_NP15,24142,1227,0,22915,33983.0,23221.536589329407,22481.022678745423,21940.25419263072,22140.672111111217,21612.82920727355,21313.5052015852,2025-10-28T06:00:00Z,causal-ridge-shortlag-v2,True
2025-10-28 06:00:00+00:00,ISONE_NEMA,10742,753,1,9988,18007.25,10793.589565445976,11042.582580825569,11317.373585850008,10024.015245218538,10255.155761823456,10501.7433194907,2025-10-28T06:00:00Z,causal-ridge-shortlag-v2,True
2025-10-28 06:00:00+00:00,MISO_MINN_HUB,59254,14404,1,44849,101249.75,59035.74988483334,59795.23818012477,61207.50106146179,45707.91440007626,47133.02481822796,48835.582495723946,2025-10-28T06:00:00Z,causal-ridge-shortlag-v2,True
2025-10-28 06:00:00+00:00,SPP_NORTH_HUB,26692,10195,0,16497,46366.75,26439.40185996207,26442.115034675106,26695.491138955567,15870.737456757552,15735.589524794972,16017.11699689292,2025-10-28T06:00:00Z,causal-ridge-shortlag-v2,True
2025-10-28 07:00:00+00:00,CAISO_NP15,22618,1276,0,21342,33983.0,21843.589768431204,21458.410997205832,21451.149543124942,20971.93926346025,20574.5556811452,20439.33994810864,2025-10-28T07:00:00Z,causal-ridge-shortlag-v2,True
2025-10-28 07:00:00+00:00,ISONE_NEMA,10995,730,1,10264,18007.25,11445.094869159484,11867.75265447423,12130.609751116388,10726.143651660685,11136.637295877708,11356.017524780042,2025-10-28T07:00:00Z,causal-ridge-shortlag-v2,True
2025-10-28 07:00:00+00:00,MISO_MINN_HUB,58354,12706,1,45647,101249.75,58640.59362752073,59939.269616591766,61812.93546053366,46900.69730451336,48563.41049617971,50303.26169937766,2025-10-28T07:00:00Z,causal-ridge-shortlag-v2,True
2025-10-28 07:00:00+00:00,SPP_NORTH_HUB,26401,11840,0,14561,46366.75,26406.271179829266,26682.77841575803,27218.80549022099,13787.657152329111,13846.119167858262,14430.88310046972,2025-10-28T07:00:00Z,causal-ridge-shortlag-v2,True
2025-10-28 08:00:00+00:00,CAISO_NP15,21968,1212,0,20756,33983.0,21650.252131300964,21660.56192433896,22049.84778574142,20944.12589094758,20594.92680084156,20410.256076587222,2025-10-28T08:00:00Z,causal-ridge-shortlag-v2,True
2025-10-28 08:00:00+00:00,ISONE_NEMA,11164,738,1,10425,18007.25,11328.073682707538,11549.418300221856,11782.146081526902,10561.275816234933,10738.933245123066,10919.729086770456,2025-10-28T08:00:00Z,causal-ridge-shortlag-v2,True
2025-10-28 08:00:00+00:00,MISO_MINN_HUB,58455,11359,1,47095,101249.75,59609.69480720241,61418.49517270748,63744.34728907119,48711.18509268517,50777.41386534176,52419.203485663165,2025-10-28T08:00:00Z,causal-ridge-shortlag-v2,True
2025-10-28 08:00:00+00:00,SPP_NORTH_HUB,26324,13380,0,12944,46366.75,26532.8666302983,27018.16764260849,27740.945642570037,12562.013495000843,12973.385025691856,13857.209863309889,2025-10-28T08:00:00Z,causal-ridge-shortlag-v2,True
2025-10-28 09:00:00+00:00,CAISO_NP15,21470,1327,0,20143,33983.0,21411.86596166141,21782.0065568192,22465.12773264881,20216.16991508559,19777.68124167701,19441.717793845743,2025-10-28T09:00:00Z,causal-ridge-shortlag-v2,True
2025-10-28 09:00:00+00:00,ISONE_NEMA,11529,843,1,10685,18007.25,11857.034872529592,12005.3530187898,11998.134657105107,10937.81043499333,11013.753215863084,10927.43411857299,2025-10-28T09:00:00Z,causal-ridge-shortlag-v2,True
2025-10-28 09:00:00+00:00,MISO_MINN_HUB,59496,11073,1,48422,101249.75,61194.69403192089,63226.32681599098,65516.1386851453,49696.28462681825,51206.46426390226,52534.504838077206,2025-10-28T09:00:00Z,causal-ridge-shortlag-v2,True
2025-10-28 09:00:00+00:00,SPP_NORTH_HUB,26677,14879,0,11798,46366.75,27267.581715371365,28020.6854846083,28901.300102429137,11831.391770154372,12492.281262000632,13562.630624003938,2025-10-28T09:00:00Z,causal-ridge-shortlag-v2,True
2025-10-28 10:00:00+00:00,CAISO_NP15,21027,1222,0,19805,33983.0,21328.576758950938,22031.46748824016,22998.001004281497,20093.82990978213,19262.55395904442,18561.670269440587,2025-10-28T10:00:00Z,causal-ridge-shortlag-v2,True
2025-10-28 10:00:00+00:00,ISONE_NEMA,12820,876,1,11943,18007.25,13833.401167880736,14047.79109049352,13664.0677206747,12932.343348420913,13072.346216688737,12575.362316283745,2025-10-28T10:00:00Z,causal-ridge-shortlag-v2,True
2025-10-28 10:00:00+00:00,MISO_MINN_HUB,62647,11012,1,51634,101249.75,65996.81886172798,68675.92068630704,71111.31019686832,54374.760445391286,56761.8951846853,57297.30214499915,2025-10-28T10:00:00Z,causal-ridge-shortlag-v2,True
2025-10-28 10:00:00+00:00,SPP_NORTH_HUB,27593,15457,0,12136,46366.75,28573.8410512094,29523.80527112184,30416.7812591182,13037.280849679826,14159.74510631572,15443.61196840433,2025-10-28T10:00:00Z,causal-ridge-shortlag-v2,True
2025-10-28 11:00:00+00:00,CAISO_NP15,21150,1254,0,19896,33983.0,21830.03513973144,22732.392365125903,23775.028771354708,20009.86167161956,18866.822741155123,17811.971092033804,2025-10-28T11:00:00Z,causal-ridge-shortlag-v2,True
2025-10-28 11:00:00+00:00,ISONE_NEMA,13753,890,13,12850,18007.25,13958.733641544532,13592.254293653985,12985.946242964585,12981.756857062925,12499.552002661618,11782.284224705274,2025-10-28T11:00:00Z,causal-ridge-shortlag-v2,True
2025-10-28 11:00:00+00:00,MISO_MINN_HUB,67123,10854,1,56268,101249.75,71083.87895332015,73746.76731154295,75176.81169803246,59289.32839388758,59912.74695154562,59121.94632557231,2025-10-28T11:00:00Z,causal-ridge-shortlag-v2,True
2025-10-28 11:00:00+00:00,SPP_NORTH_HUB,29505,17102,0,12403,46366.75,31096.277100411207,32272.70077932031,33112.69593813408,13131.187281397144,14234.493893985644,15505.505492515756,2025-10-28T11:00:00Z,causal-ridge-shortlag-v2,True
2025-10-28 12:00:00+00:00,CAISO_NP15,20905,1255,0,19650,33983.0,21366.620034165277,22413.147435288844,23628.50927307681,19052.084173861425,17666.96800492228,16338.260518333132,2025-10-28T12:00:00Z,causal-ridge-shortlag-v2,True
2025-10-28 12:00:00+00:00,ISONE_NEMA,13238,800,169,12269,18007.25,12313.412203947128,11589.158013557348,11150.003769342498,11219.01547889925,10394.927896440426,9911.722879934172,2025-10-28T12:00:00Z,causal-ridge-shortlag-v2,True
2025-10-28 12:00:00+00:00,MISO_MINN_HUB,69984,10786,96,59102,101249.75,72043.8468475988,73353.78985082604,73460.13694111844,59500.34940551204,57600.69165925945,56129.48161798989,2025-10-28T12:00:00Z,causal-ridge-shortlag-v2,True
2025-10-28 12:00:00+00:00,SPP_NORTH_HUB,30999,18757,0,12242,46366.75,32138.62465732096,32923.83642117187,33425.37484870833,12865.428675150864,13883.763446681109,14884.6228955497,2025-10-28T12:00:00Z,causal-ridge-shortlag-v2,True
2025-10-28 13:00:00+00:00,CAISO_NP15,21332,1146,0,20186,33983.0,22381.36720577532,23608.860312382152,24794.629086836067,19665.18506748709,17788.627396425905,16030.808891185528,2025-10-28T13:00:00Z,causal-ridge-shortlag-v2,True
2025-10-28 13:00:00+00:00,ISONE_NEMA,11998,706,367,10925,18007.25,10987.472763847694,10476.911163441806,10382.38884156073,9809.895888126048,9262.15321602854,9187.010579794562,2025-10-28T13:00:00Z,causal-ridge-shortlag-v2,True
2025-10-28 13:00:00+00:00,MISO_MINN_HUB,70389,9521,1896,58972,101249.75,70479.68403736218,70552.34182085904,70430.29151768127,57202.109047894905,55725.46696187498,54860.84148655516,2025-10-28T13:00:00Z,causal-ridge-shortlag-v2,True
2025-10-28 13:00:00+00:00,SPP_NORTH_HUB,31349,19833,15,11501,46366.75,31601.716191318726,31791.251429340573,31967.432204173107,11754.211515687692,12459.59582706866,13143.261612013734,2025-10-28T13:00:00Z,causal-ridge-shortlag-v2,True
2025-10-28 14:00:00+00:00,CAISO_NP15,23596,1154,0,22442,33983.0,25308.066626592197,26505.90476068544,27186.340559988766,21838.008123711254,19301.315766692183,16783.355561786655,2025-10-28T14:00:00Z,causal-ridge-shortlag-v2,True
2025-10-28 14:00:00+00:00,ISONE_NEMA,11735,636,484,10615,18007.25,11841.323995415203,12053.936763832024,12379.281383515978,10736.421310332582,10992.174983574692,11363.789810233378,2025-10-28T14:00:00Z,causal-ridge-shortlag-v2,True
2025-10-28 14:00:00+00:00,MISO_MINN_HUB,70563,8212,3962,58389,101249.75,70818.4839741562,70871.41604929652,71134.09896546089,57402.4922410233,57823.159355879885,57495.11417750254,2025-10-28T14:00:00Z,causal-ridge-shortlag-v2,True
2025-10-28 14:00:00+00:00,SPP_NORTH_HUB,31587,20349,161,11077,46366.75,31758.61975802201,31862.494130729858,31930.88174011386,11321.008072300909,11809.121369363853,12339.549173553509,2025-10-28T14:00:00Z,causal-ridge-shortlag-v2,True
2025-10-28 15:00:00+00:00,CAISO_NP15,25059,1252,1740,22067,33983.0,26186.55908339003,26931.05610082005,27113.82611426876,19468.113724530136,16914.00338836196,14406.591502124596,2025-10-28T15:00:00Z,causal-ridge-shortlag-v2,True
2025-10-28 15:00:00+00:00,ISONE_NEMA,11139,700,563,9876,18007.25,10647.180921378576,10659.901919420736,11276.004630695556,9322.93960897713,9341.212203475166,10026.157724842808,2025-10-28T15:00:00Z,causal-ridge-shortlag-v2,True
2025-10-28 15:00:00+00:00,MISO_MINN_HUB,70775,7734,5003,58038,101249.75,71008.83794051061,71085.55477465832,70946.67525275047,57505.85887034354,57316.12050341429,57431.511690472806,2025-10-28T15:00:00Z,causal-ridge-shortlag-v2,True
2025-10-28 15:00:00+00:00,SPP_NORTH_HUB,31761,20703,395,10663,46366.75,31906.665003035872,31996.75450642451,32042.184743588336,10846.751359688917,11316.244834390503,11852.73699503599,2025-10-28T15:00:00Z,causal-ridge-shortlag-v2,True
2025-10-28 16:00:00+00:00,CAISO_NP15,26505,1214,10240,15051,33983.0,27337.805798497226,27160.890884284345,26822.561388114376,10350.147623938226,9656.61978153122,9383.53134840328,2025-10-28T16:00:00Z,causal-ridge-shortlag-v2,True
2025-10-28 16:00:00+00:00,ISONE_NEMA,10711,708,671,9332,18007.25,10822.086860731626,11332.245276559204,12035.799279803836,9427.080719424885,9985.712269443648,10773.047380683092,2025-10-28T16:00:00Z,causal-ridge-shortlag-v2,True
2025-10-28 16:00:00+00:00,MISO_MINN_HUB,70820,8580,5328,56912,101249.75,70817.99976765193,70770.72106937045,70495.0358122781,55870.44258394078,55189.38399652634,55555.70329121801,2025-10-28T16:00:00Z,causal-ridge-shortlag-v2,True
2025-10-28 16:00:00+00:00,SPP_NORTH_HUB,31912,21423,599,9890,46366.75,32051.579971694067,32190.665085525547,32313.018324807003,9872.874084897896,10305.542748975977,10833.618561297624,2025-10-28T16:00:00Z,causal-ridge-shortlag-v2,True
2025-10-28 17:00:00+00:00,CAISO_NP15,28354,1232,15552,11570,33983.0,29015.288041379627,28654.373036910398,27980.645438605145,11000.68469580014,10155.629918198698,10259.584740008437,2025-10-28T17:00:00Z,causal-ridge-shortlag-v2,True
2025-10-28 17:00:00+00:00,ISONE_NEMA,10663,690,687,9286,18007.25,11076.906065273755,11797.593896641856,12624.256324738248,9756.71085310211,10564.948871865536,11494.86935050627,2025-10-28T17:00:00Z,causal-ridge-shortlag-v2,True
2025-10-28 17:00:00+00:00,MISO_MINN_HUB,71295,10016,5719,55560,101249.75,71657.09726471991,71775.29276198635,71790.2828924905,54842.76259192015,54929.39966265093,55425.71697508942,2025-10-28T17:00:00Z,causal-ridge-shortlag-v2,True
2025-10-28 17:00:00+00:00,SPP_NORTH_HUB,31877,21487,554,9836,46366.75,31874.618729666785,31891.913151193232,31882.99728925677,10222.657060919191,10694.832211393545,11102.317768418012,2025-10-28T17:00:00Z,causal-ridge-shortlag-v2,True
2025-10-28 18:00:00+00:00,CAISO_NP15,28151,1345,16455,10351,33983.0,27387.659361420367,26523.14512665391,25557.915996229596,9979.677704394351,10221.903914582115,10422.728874302971,2025-10-28T18:00:00Z,causal-ridge-shortlag-v2,True
2025-10-28 18:00:00+00:00,ISONE_NEMA,11128,599,578,9951,18007.25,11978.835449204806,12895.303829781182,13645.487831823246,10950.678882093736,11989.718777808466,12845.170059141126,2025-10-28T18:00:00Z,causal-ridge-shortlag-v2,True
2025-10-28 18:00:00+00:00,MISO_MINN_HUB,71632,11432,5308,54892,101249.75,71934.43835893896,72025.64831472715,71752.36335726145,54711.771163677615,54742.63438827842,55137.442767393455,2025-10-28T18:00:00Z,causal-ridge-shortlag-v2,True
2025-10-28 18:00:00+00:00,SPP_NORTH_HUB,31868,21798,563,9507,46366.75,31893.06897957108,31896.77701541373,31858.905481732592,9620.433203900026,9885.297133153916,10151.619644114924,2025-10-28T18:00:00Z,causal-ridge-shortlag-v2,True
2025-10-28 19:00:00+00:00,CAISO_NP15,27390,1491,16425,9474,33983.0,26726.328020270787,26064.777030878737,25653.467493716213,9514.233109257906,10959.413210104502,12111.414864034905,2025-10-28T19:00:00Z,causal-ridge-shortlag-v2,True
2025-10-28 19:00:00+00:00,ISONE_NEMA,12123,531,393,11199,18007.25,13175.642204805452,14006.234029918887,14519.633036657044,12420.951323607807,13378.030277500688,13983.38662524098,2025-10-28T19:00:00Z,causal-ridge-shortlag-v2,True
2025-10-28 19:00:00+00:00,MISO_MINN_HUB,71239,13238,4201,53800,101249.75,70895.62408705079,70569.64681843318,69923.22907388402,53001.850979928975,52328.55180490263,52644.05351424332,2025-10-28T19:00:00Z,causal-ridge-shortlag-v2,True
2025-10-28 19:00:00+00:00,SPP_NORTH_HUB,31660,21580,649,9431,46366.75,31543.860945122527,31486.743958763247,31424.884256254503,9702.632737500877,10005.53186163993,10214.1865395381,2025-10-28T19:00:00Z,causal-ridge-shortlag-v2,True
2025-10-28 20:00:00+00:00,CAISO_NP15,27069,1533,16152,9384,33983.0,26586.99379674301,26311.010149011585,26390.45495467324,10062.284341080243,12353.15121945502,14395.960583703834,2025-10-28T20:00:00Z,causal-ridge-shortlag-v2,True
2025-10-28 20:00:00+00:00,ISONE_NEMA,12895,521,134,12240,18007.25,13519.67079486997,13973.61423218247,14138.813010599228,13010.363277674052,13550.93115237714,13773.105942450891,2025-10-28T20:00:00Z,causal-ridge-shortlag-v2,True
2025-10-28 20:00:00+00:00,MISO_MINN_HUB,71537,14470,3511,53556,101249.75,71870.18873613124,71751.224610811,71423.08562773901,53801.52778002195,54585.0648641522,54812.30538492216,2025-10-28T20:00:00Z,causal-ridge-shortlag-v2,True
2025-10-28 20:00:00+00:00,SPP_NORTH_HUB,31548,21644,609,9295,46366.75,31494.161275821447,31447.636123572796,31365.6150354903,9408.038326566637,9564.495833943156,9674.75284680691,2025-10-28T20:00:00Z,causal-ridge-shortlag-v2,True
2025-10-28 21:00:00+00:00,CAISO_NP15,26513,1563,16171,8779,33983.0,25939.622637532084,25880.372751492763,26203.32530381609,9493.1920457108,12489.22042225336,15163.162403525335,2025-10-28T21:00:00Z,causal-ridge-shortlag-v2,True
2025-10-28 21:00:00+00:00,ISONE_NEMA,14055,516,22,13517,18007.25,14895.491389584642,15091.170530679185,14723.374832381112,14440.291948754932,14685.429892495613,14325.345899022985,2025-10-28T21:00:00Z,causal-ridge-shortlag-v2,True
2025-10-28 21:00:00+00:00,MISO_MINN_HUB,72137,14738,1979,55420,101249.75,72719.45325559749,72631.24345699063,71756.59704777668,56892.89915591562,57319.309981782695,56744.03968989595,2025-10-28T21:00:00Z,causal-ridge-shortlag-v2,True
2025-10-28 21:00:00+00:00,SPP_NORTH_HUB,31552,21536,530,9486,46366.75,31524.643848633696,31440.140486743727,31266.22076086868,9686.979017144246,9819.432804853872,9856.20149281024,2025-10-28T21:00:00Z,causal-ridge-shortlag-v2,True
2025-10-28 22:00:00+00:00,CAISO_NP15,26936,1432,16128,9376,33983.0,27061.98556853338,27211.479356919088,27507.642256328432,11367.402336585355,14541.347615458411,17336.015786227574,2025-10-28T22:00:00Z,causal-ridge-shortlag-v2,True
2025-10-28 22:00:00+00:00,ISONE_NEMA,14588,559,3,14026,18007.25,14475.293806187028,14011.07674361834,13415.83952067512,13904.04367247028,13430.552168409393,12831.755033493877,2025-10-28T22:00:00Z,causal-ridge-shortlag-v2,True
2025-10-28 22:00:00+00:00,MISO_MINN_HUB,72872,15171,373,57328,101249.75,73234.72185641897,72684.33359745723,71150.57688988364,58097.15432867646,56844.55017476453,54941.00043435843,2025-10-28T22:00:00Z,causal-ridge-shortlag-v2,True
2025-10-28 22:00:00+00:00,SPP_NORTH_HUB,31692,22451,314,8927,46366.75,31701.576582660717,31533.739340952903,31219.347724165946,8611.897064784329,8400.739740348607,8224.145422664735,2025-10-28T22:00:00Z,causal-ridge-shortlag-v2,True
2025-10-28 23:00:00+00:00,CAISO_NP15,26660,1363,14747,10550,33983.0,26517.429210391467,26673.01642915575,26921.65376338239,12917.61351106484,16067.111676047429,18764.506421429476,2025-10-28T23:00:00Z,causal-ridge-shortlag-v2,True
2025-10-28 23:00:00+00:00,ISONE_NEMA,14321,618,2,13701,18007.25,13712.317395230111,13035.831054725826,12334.854926634524,13050.307036620872,12349.922689122375,11639.346084062154,2025-10-28T23:00:00Z,causal-ridge-shortlag-v2,True
2025-10-28 23:00:00+00:00,MISO_MINN_HUB,73772,15668,6,58098,101249.75,73815.03107439035,72766.44437050824,71039.97803443512,57875.427442744185,56667.78811061725,54873.764404179135,2025-10-28T23:00:00Z,causal-ridge-shortlag-v2,True
2025-10-28 23:00:00+00:00,SPP_NORTH_HUB,32051,22864,52,9135,46366.75,32092.721581336613,31819.6900199112,31290.280197587625,9131.39672376337,8958.833001602272,8718.85653224506,2025-10-28T23:00:00Z,causal-ridge-shortlag-v2,True
2025-10-29 00:00:00+00:00,CAISO_NP15,27020,1217,11365,14438,33983.0,27040.095242054285,27389.955860278733,27734.66952022212,17899.886374787224,20460.89258018933,22346.194447444188,2025-10-29T00:00:00Z,causal-ridge-shortlag-v2,True
2025-10-29 00:00:00+00:00,ISONE_NEMA,13768,755,2,13011,18007.25,13083.790537068824,12368.04098577882,11679.706781153558,12265.443019131504,11522.669416292312,10817.174503576958,2025-10-29T00:00:00Z,causal-ridge-shortlag-v2,True
2025-10-29 00:00:00+00:00,MISO_MINN_HUB,73198,16807,3,56388,101249.75,71666.74913956212,69794.35604826143,67666.10428298396,54188.87572159824,52095.1470556014,50831.23015962337,2025-10-29T00:00:00Z,causal-ridge-shortlag-v2,True
2025-10-29 00:00:00+00:00,SPP_NORTH_HUB,32321,22253,0,10068,46366.75,32190.628155467675,31756.580683704204,31110.642531473022,10248.380180780789,10154.081847192188,9903.368076604664,2025-10-29T00:00:00Z,causal-ridge-shortlag-v2,True
2025-10-29 01:00:00+00:00,CAISO_NP15,28314,1160,2542,24612,33983.0,29297.233740380096,30037.006237423822,30012.348969506453,29913.80256911359,29737.143554890325,28954.612605726557,2025-10-29T01:00:00Z,causal-ridge-shortlag-v2,True
2025-10-29 01:00:00+00:00,ISONE_NEMA,12938,835,2,12101,18007.25,12098.81632028171,11428.037763284296,10960.845075915648,11231.171484243165,10549.906363967077,10084.131554194228,2025-10-29T01:00:00Z,causal-ridge-shortlag-v2,True
2025-10-29 01:00:00+00:00,MISO_MINN_HUB,71235,17805,2,53428,101249.75,68902.29182143685,66693.1834299881,64815.44198320549,50809.30249878786,49429.69641013174,48390.6834561747,2025-10-29T01:00:00Z,causal-ridge-shortlag-v2,True
2025-10-29 01:00:00+00:00,SPP_NORTH_HUB,31895,21880,0,10015,46366.75,31290.126128138505,30574.792950931183,29842.040458340864,9696.12852727128,9333.7255507729,8918.913054350407,2025-10-29T01:00:00Z,causal-ridge-shortlag-v2,True
2025-10-29 02:00:00+00:00,CAISO_NP15,28638,1309,0,27329,33983.0,29102.12015358237,28826.7547109562,27920.22400009221,26542.978980027903,26730.576306608087,25920.513342040103,2025-10-29T02:00:00Z,causal-ridge-shortlag-v2,True
2025-10-29 02:00:00+00:00,ISONE_NEMA,11947,869,2,11076,18007.25,11181.75711185966,10738.442867996217,10531.54481463293,10302.861485601905,9864.906707261674,9667.081253930606,2025-10-29T02:00:00Z,causal-ridge-shortlag-v2,True
2025-10-29 02:00:00+00:00,MISO_MINN_HUB,68769,18083,2,50684,101249.75,66426.58923337846,64489.42665197537,63034.12275189064,48798.99791546027,48087.31733007278,47579.69173024338,2025-10-29T02:00:00Z,causal-ridge-shortlag-v2,True
2025-10-29 02:00:00+00:00,SPP_NORTH_HUB,31107,21850,0,9257,46366.75,30297.854217432407,29516.59846234392,28821.52080112017,8629.478197465678,8031.213184215465,7530.266419738165,2025-10-29T02:00:00Z,causal-ridge-shortlag-v2,True
2025-10-29 03:00:00+00:00,CAISO_NP15,28177,1320,0,26857,33983.0,27749.04999113616,27170.948157052306,26429.53043438052,25988.600955000747,25125.9058230714,24258.85270433497,2025-10-29T03:00:00Z,causal-ridge-shortlag-v2,True
2025-10-29 03:00:00+00:00,ISONE_NEMA,11082,817,2,10263,18007.25,10613.461511627993,10493.669851012204,10557.937883418612,9836.009459294157,9749.793061377264,9834.33094884558,2025-10-29T03:00:00Z,causal-ridge-shortlag-v2,True
2025-10-29 03:00:00+00:00,MISO_MINN_HUB,65365,18564,2,46799,101249.75,62395.730953922844,60543.187686673264,59418.71861531837,44201.51250027215,42815.41842894531,43088.63616778709,2025-10-29T03:00:00Z,causal-ridge-shortlag-v2,True
2025-10-29 03:00:00+00:00,SPP_NORTH_HUB,30026,21672,0,8354,46366.75,29053.287417947817,28266.709979141637,27693.348649368723,7665.099884439003,7106.568342816345,6766.570898021673,2025-10-29T03:00:00Z,causal-ridge-shortlag-v2,True
2025-10-29 04:00:00+00:00,CAISO_NP15,27202,1247,0,25955,33983.0,26111.88427484336,24965.860041642427,23761.720468917145,24610.6673786616,23643.26625544561,22685.39413817622,2025-10-29T04:00:00Z,causal-ridge-shortlag-v2,True
2025-10-29 04:00:00+00:00,ISONE_NEMA,11023,744,0,10279,18007.25,11250.936692724525,11434.839475730829,11546.523692952229,10574.167113721318,10801.405135367371,10919.075509388016,2025-10-29T04:00:00Z,causal-ridge-shortlag-v2,True
2025-10-29 04:00:00+00:00,MISO_MINN_HUB,62478,18021,3,44454,101249.75,60604.8163718782,59737.94199644928,59876.48676846528,43770.67106837338,44874.77528031974,45695.23732605584,2025-10-29T04:00:00Z,causal-ridge-shortlag-v2,True
2025-10-29 04:00:00+00:00,SPP_NORTH_HUB,28951,21268,0,7683,46366.75,28110.552987518317,27542.275225937545,27241.96723167715,7230.045378037055,6878.68872503308,6811.666610435101,2025-10-29T04:00:00Z,causal-ridge-shortlag-v2,True
2025-10-29 05:00:00+00:00,CAISO_NP15,26176,1143,0,25033,33983.0,25126.137592041872,23966.33608085152,22842.01091311361,23814.32489547685,23074.262574586115,22325.878105245105,2025-10-29T05:00:00Z,causal-ridge-shortlag-v2,True
2025-10-29 05:00:00+00:00,ISONE_NEMA,10760,785,0,9975,18007.25,10470.842691635742,10407.286079044605,10616.060721903668,9668.13882439836,9598.322184193205,9805.572732890523,2025-10-29T05:00:00Z,causal-ridge-shortlag-v2,True
2025-10-29 05:00:00+00:00,MISO_MINN_HUB,60293,17755,2,42536,101249.75,59053.11546548127,58952.68045036429,59609.89281107966,42172.82087377001,42719.03906218262,44195.36805837888,2025-10-29T05:00:00Z,causal-ridge-shortlag-v2,True
2025-10-29 05:00:00+00:00,SPP_NORTH_HUB,28281,20796,0,7485,46366.75,27831.90046334848,27615.20965337668,27621.552625285345,7377.614497147031,7402.138914124946,7742.113687617673,2025-10-29T05:00:00Z,causal-ridge-shortlag-v2,True
2025-10-29 06:00:00+00:00,CAISO_NP15,24858,1003,0,23855,33983.0,23765.22278228673,22869.976705638408,22204.698236395543,22843.579279351805,22349.10999766723,21859.303723579244,2025-10-29T06:00:00Z,causal-ridge-shortlag-v2,True
2025-10-29 06:00:00+00:00,ISONE_NEMA,10744,806,0,9938,18007.25,10912.838594849636,11159.710637117116,11351.63992490604,10107.189585489448,10348.317386886114,10512.7224452015,2025-10-29T06:00:00Z,causal-ridge-shortlag-v2,True
2025-10-29 06:00:00+00:00,MISO_MINN_HUB,58941,17295,2,41644,101249.75,58631.342745472764,59352.89009542331,60856.88427380956,42187.8536658566,43842.73968626084,45623.946226283966,2025-10-29T06:00:00Z,causal-ridge-shortlag-v2,True
2025-10-29 06:00:00+00:00,SPP_NORTH_HUB,27904,20418,0,7486,46366.75,27733.81193185325,27794.39075344729,28071.794134367818,7625.422480889292,8014.11188886088,8710.542861733524,2025-10-29T06:00:00Z,causal-ridge-shortlag-v2,True
2025-10-29 07:00:00+00:00,CAISO_NP15,23162,952,0,22210,33983.0,22161.059414225263,21651.633954398927,21569.58358829852,21402.07182432331,21133.605529230597,20900.68327134055,2025-10-29T07:00:00Z,causal-ridge-shortlag-v2,True
2025-10-29 07:00:00+00:00,ISONE_NEMA,10712,791,0,9921,18007.25,10796.548942940286,10942.329887947462,11058.509632549514,9992.004751620698,10102.191454630403,10169.445583563423,2025-10-29T07:00:00Z,causal-ridge-shortlag-v2,True
2025-10-29 07:00:00+00:00,MISO_MINN_HUB,58313,17330,2,40981,101249.75,58591.34299708095,59848.83836146406,61785.19868119159,41524.076985135696,42817.25202662797,44597.57236767096,2025-10-29T07:00:00Z,causal-ridge-shortlag-v2,True
2025-10-29 07:00:00+00:00,SPP_NORTH_HUB,27690,20003,0,7687,46366.75,27696.959298423822,27961.220648547056,28458.664228884576,8083.889014988923,8815.936270940632,9822.552688236694,2025-10-29T07:00:00Z,causal-ridge-shortlag-v2,True
2025-10-29 08:00:00+00:00,CAISO_NP15,22469,926,0,21543,33983.0,22139.306781366417,22109.422046890028,22445.430361611063,21470.031570537885,21177.630400860413,20890.843584764145,2025-10-29T08:00:00Z,causal-ridge-shortlag-v2,True
2025-10-29 08:00:00+00:00,ISONE_NEMA,10977,781,0,10196,18007.25,11297.822637797231,11500.730396348428,11546.294471516643,10504.63944640536,10670.668553736385,10656.10535208349,2025-10-29T08:00:00Z,causal-ridge-shortlag-v2,True
2025-10-29 08:00:00+00:00,MISO_MINN_HUB,58116,17540,2,40574,101249.75,58811.77443461961,60402.52130226887,62622.49142889909,41167.057468235886,42591.98712442073,44247.99114003499,2025-10-29T08:00:00Z,causal-ridge-shortlag-v2,True
2025-10-29 08:00:00+00:00,SPP_NORTH_HUB,27745,20124,0,7621,46366.75,27993.45091661817,28462.258070370965,29136.20312842742,7989.847577624136,8842.72555444682,10016.952775936728,2025-10-29T08:00:00Z,causal-ridge-shortlag-v2,True
2025-10-29 09:00:00+00:00,CAISO_NP15,21525,751,0,20774,33983.0,21355.26547157158,21702.1185723438,22382.92796636154,20551.9668907725,20145.964110324094,19720.89464649848,2025-10-29T09:00:00Z,causal-ridge-shortlag-v2,True
2025-10-29 09:00:00+00:00,ISONE_NEMA,11540,794,0,10746,18007.25,11912.679411613395,12007.37383021548,11948.7579442116,11088.920277967143,11131.387506150208,11004.65544508253,2025-10-29T09:00:00Z,causal-ridge-shortlag-v2,True
2025-10-29 09:00:00+00:00,MISO_MINN_HUB,59201,18074,2,41125,101249.75,60939.34458062214,63024.41489237161,65510.94791746557,42406.34990385632,44274.16421889473,45740.22764937447,2025-10-29T09:00:00Z,causal-ridge-shortlag-v2,True
2025-10-29 09:00:00+00:00,SPP_NORTH_HUB,28150,20141,0,8009,46366.75,28667.77142464606,29315.97010283544,30074.912200983297,8750.54495135339,9863.754079142958,11206.86598539892,2025-10-29T09:00:00Z,causal-ridge-shortlag-v2,True
2025-10-29 10:00:00+00:00,CAISO_NP15,21407,642,0,20765,33983.0,21748.09749898538,22452.435498452254,23416.576357593884,20842.264905414464,20096.35260528936,19275.548230638626,2025-10-29T10:00:00Z,causal-ridge-shortlag-v2,True
2025-10-29 10:00:00+00:00,ISONE_NEMA,12587,728,0,11859,18007.25,13326.827595963883,13417.32642881757,13030.788984906076,12600.074389830292,12628.741692198591,12146.413973868974,2025-10-29T10:00:00Z,causal-ridge-shortlag-v2,True
2025-10-29 10:00:00+00:00,MISO_MINN_HUB,62652,18524,3,44125,101249.75,66154.66606691015,68984.92493870996,71465.42163512488,47121.395794057375,49445.19642611545,50271.66579288901,2025-10-29T10:00:00Z,causal-ridge-shortlag-v2,True
2025-10-29 10:00:00+00:00,SPP_NORTH_HUB,29287,20147,0,9140,46366.75,30323.522415063075,31252.78030083882,32082.0500296256,10311.098586144006,11595.52517118477,12981.920649365193,2025-10-29T10:00:00Z,causal-ridge-shortlag-v2,True
2025-10-29 11:00:00+00:00,CAISO_NP15,21260,690,0,20570,33983.0,21830.99768467065,22767.20299860876,23838.427741740063,20208.85726763173,19109.7022329917,18002.577940003066,2025-10-29T11:00:00Z,causal-ridge-shortlag-v2,True
2025-10-29 11:00:00+00:00,ISONE_NEMA,13441,734,4,12703,18007.25,13654.099024122592,13278.548498213571,12632.671486535017,12853.682712869226,12378.944743754246,11630.776127972907,2025-10-29T11:00:00Z,causal-ridge-shortlag-v2,True
2025-10-29 11:00:00+00:00,MISO_MINN_HUB,67418,18929,2,48487,101249.75,71426.87983333663,74222.30390670801,75809.23790453406,51588.09380172208,52388.23078371549,52296.34160900014,2025-10-29T11:00:00Z,causal-ridge-shortlag-v2,True
2025-10-29 11:00:00+00:00,SPP_NORTH_HUB,31252,20329,0,10923,46366.75,32787.39315065865,33872.81130844683,34582.06514669322,12393.899292773249,13846.34599457856,15235.1341549196,2025-10-29T11:00:00Z,causal-ridge-shortlag-v2,True
2025-10-29 12:00:00+00:00,CAISO_NP15,21427,686,0,20741,33983.0,22159.91216395607,23282.18138912449,24483.20738013994,20186.186507911258,18682.868868631027,17167.446693725768,2025-10-29T12:00:00Z,causal-ridge-shortlag-v2,True
2025-10-29 12:00:00+00:00,ISONE_NEMA,13462,681,56,12725,18007.25,12968.655334407476,12353.596056298957,11783.546778307456,12159.22199007038,11455.959724864002,10819.44154146438,2025-10-29T12:00:00Z,causal-ridge-shortlag-v2,True
2025-10-29 12:00:00+00:00,MISO_MINN_HUB,70150,18798,89,51263,101249.75,72047.52296626793,73403.71781583897,73618.84245221344,51843.19571239455,50374.39895285653,49490.5220857564,2025-10-29T12:00:00Z,causal-ridge-shortlag-v2,True
2025-10-29 12:00:00+00:00,SPP_NORTH_HUB,32822,20814,1,12007,46366.75,33943.223226863425,34648.78495901575,35036.80008447355,13122.618443183905,14323.269074692886,15350.030209197366,2025-10-29T12:00:00Z,causal-ridge-shortlag-v2,True
2025-10-29 13:00:00+00:00,CAISO_NP15,21616,639,0,20977,33983.0,22582.74951106292,23818.29156605754,24971.95734843214,19958.272801996038,18057.894721508543,16208.267787608838,2025-10-29T13:00:00Z,causal-ridge-shortlag-v2,True
2025-10-29 13:00:00+00:00,ISONE_NEMA,13013,571,174,12268,18007.25,12422.172288751508,11940.42705823678,11618.67313838231,11616.61336391366,11081.845950262134,10729.694187410876,2025-10-29T13:00:00Z,causal-ridge-shortlag-v2,True
2025-10-29 13:00:00+00:00,MISO_MINN_HUB,70402,18358,2284,49760,101249.75,70145.89128672061,70066.69380402984,70031.12607978813,47243.33807098671,45274.912200030245,44528.78608060886,2025-10-29T13:00:00Z,causal-ridge-shortlag-v2,True
2025-10-29 13:00:00+00:00,SPP_NORTH_HUB,33030,20918,159,11953,46366.75,33175.24160889777,33300.00356438498,33433.73482980223,12544.956043866126,13318.478971666156,13919.20309155398,2025-10-29T13:00:00Z,causal-ridge-shortlag-v2,True
2025-10-29 14:00:00+00:00,CAISO_NP15,23789,593,0,23196,33983.0,25573.72828724393,26788.501970370915,27463.626369993675,22420.484413523216,19770.752245815114,17100.499484648513,2025-10-29T14:00:00Z,causal-ridge-shortlag-v2,True
2025-10-29 14:00:00+00:00,ISONE_NEMA,12618,487,247,11884,18007.25,12326.885369920696,12086.614603559072,11944.045842926578,11567.33246823094,11301.42839357954,11147.330316637142,2025-10-29T14:00:00Z,causal-ridge-shortlag-v2,True
2025-10-29 14:00:00+00:00,MISO_MINN_HUB,70088,17605,5421,47062,101249.75,69737.90080065174,69517.96692591516,69916.30250205376,45115.50451739728,45200.57131119937,44981.788627250266,2025-10-29T14:00:00Z,causal-ridge-shortlag-v2,True
2025-10-29 14:00:00+00:00,SPP_NORTH_HUB,32976,19958,659,12359,46366.75,33067.2019744748,33302.8339046615,33610.13497878301,13155.339908529908,13913.224390250654,14507.967737970988,2025-10-29T14:00:00Z,causal-ridge-shortlag-v2,True
2025-10-29 15:00:00+00:00,CAISO_NP15,25185,559,1558,23068,33983.0,26308.62707481073,27029.67229463025,27154.17197368946,20180.16127713746,17515.512036905537,14805.490015561014,2025-10-29T15:00:00Z,causal-ridge-shortlag-v2,True
2025-10-29 15:00:00+00:00,ISONE_NEMA,12372,411,332,11629,18007.25,12163.751903457389,12096.011084694135,12284.451496728265,11406.353501156693,11342.472969957016,11556.484747924038,2025-10-29T15:00:00Z,causal-ridge-shortlag-v2,True
2025-10-29 15:00:00+00:00,MISO_MINN_HUB,69649,17711,6090,45848,101249.75,69451.6593151789,69331.70475901777,69197.86638119712,45335.81200936809,45102.48757249047,44902.406356376974,2025-10-29T15:00:00Z,causal-ridge-shortlag-v2,True
2025-10-29 15:00:00+00:00,SPP_NORTH_HUB,32872,20056,798,12018,46366.75,32922.939778500135,33095.553074306015,33338.27246856222,12238.160027331098,12724.69881727291,13243.856332616217,2025-10-29T15:00:00Z,causal-ridge-shortlag-v2,True
2025-10-29 16:00:00+00:00,CAISO_NP15,27098,517,9856,16725,33983.0,27904.352239119464,27744.512176131477,27380.56320903349,11674.655291578794,10907.75563535534,10317.170584665018,2025-10-29T16:00:00Z,causal-ridge-shortlag-v2,True
2025-10-29 16:00:00+00:00,ISONE_NEMA,12414,389,345,11680,18007.25,12539.63762811951,12785.783447358228,13194.777894987012,11819.53311163333,12093.604210814156,12541.935340404778,2025-10-29T16:00:00Z,causal-ridge-shortlag-v2,True
2025-10-29 16:00:00+00:00,MISO_MINN_HUB,69273,17497,6159,45617,101249.75,69168.13550353362,69129.05747114014,68777.03095504995,45656.95412787656,45125.68700441055,45407.342669540376,2025-10-29T16:00:00Z,causal-ridge-shortlag-v2,True
2025-10-29 16:00:00+00:00,SPP_NORTH_HUB,32628,20143,735,11750,46366.75,32525.01784531678,32547.776324914823,32635.87495535292,11992.063312703103,12458.775516680726,12918.535532723574,2025-10-29T16:00:00Z,causal-ridge-shortlag-v2,True
2025-10-29 17:00:00+00:00,CAISO_NP15,28526,405,14987,13134,33983.0,28756.314216349143,28487.50588785894,28030.33836593529,11862.17044580403,10911.498179179813,10930.417929346911,2025-10-29T17:00:00Z,causal-ridge-shortlag-v2,True
2025-10-29 17:00:00+00:00,ISONE_NEMA,12299,393,352,11554,18007.25,12329.45527708161,12644.373084101147,13170.914294201884,11584.009937022664,11922.674398014748,12494.829117888225,2025-10-29T17:00:00Z,causal-ridge-shortlag-v2,True
2025-10-29 17:00:00+00:00,MISO_MINN_HUB,68984,16952,6388,45644,101249.75,68942.30540006534,68951.74785782429,68721.84468444598,45906.54400214711,46087.94500874759,47027.42260881532,2025-10-29T17:00:00Z,causal-ridge-shortlag-v2,True
2025-10-29 17:00:00+00:00,SPP_NORTH_HUB,32392,20098,688,11606,46366.75,32295.622393084486,32305.80558163169,32365.114352750148,11855.849187199648,12212.125484235325,12547.743434863252,2025-10-29T17:00:00Z,causal-ridge-shortlag-v2,True
2025-10-29 18:00:00+00:00,CAISO_NP15,28125,397,16137,11591,33983.0,27535.56741833452,26884.25327108573,26203.903554462577,11035.674945009134,11033.257254912687,11393.263608579153,2025-10-29T18:00:00Z,causal-ridge-shortlag-v2,True
2025-10-29 18:00:00+00:00,ISONE_NEMA,12241,378,300,11563,18007.25,12593.939232635352,13156.2037332025,13641.642635154867,11965.524393099027,12569.537391778911,13091.12003931478,2025-10-29T18:00:00Z,causal-ridge-shortlag-v2,True
2025-10-29 18:00:00+00:00,MISO_MINN_HUB,68807,16109,6093,46605,101249.75,68978.5330649178,69071.89907296757,68885.2290292479,47628.76480077158,48601.76992469185,49552.64756680436,2025-10-29T18:00:00Z,causal-ridge-shortlag-v2,True
2025-10-29 18:00:00+00:00,SPP_NORTH_HUB,32221,19568,681,11972,46366.75,32151.263701754902,32162.62084263317,32193.23093745152,12426.984369341046,12850.815460545437,13172.527448454704,2025-10-29T18:00:00Z,causal-ridge-shortlag-v2,True
2025-10-29 19:00:00+00:00,CAISO_NP15,28354,429,16142,11783,33983.0,28018.00385025802,27632.55125846132,27449.88651714638,12149.36599272419,13232.132524655455,14452.061396400351,2025-10-29T19:00:00Z,causal-ridge-shortlag-v2,True
2025-10-29 19:00:00+00:00,ISONE_NEMA,12684,379,232,12073,18007.25,13407.390592157186,13996.308442859698,14273.146124707397,12862.041196415332,13492.596787630862,13784.2704485773,2025-10-29T19:00:00Z,causal-ridge-shortlag-v2,True
2025-10-29 19:00:00+00:00,MISO_MINN_HUB,68343,14986,5734,47623,101249.75,68215.96656082147,68129.09088884835,67748.63249636564,48479.95152799802,49104.35322666983,50170.61628182535,2025-10-29T19:00:00Z,causal-ridge-shortlag-v2,True
2025-10-29 19:00:00+00:00,SPP_NORTH_HUB,31880,19050,708,12122,46366.75,31718.386306118708,31696.216298547595,31740.934280548365,12455.59199352527,12773.053487199202,12978.463566502523,2025-10-29T19:00:00Z,causal-ridge-shortlag-v2,True
2025-10-29 20:00:00+00:00,CAISO_NP15,27915,428,16010,11477,33983.0,27568.80061032718,27513.38164704612,27729.3244890535,12001.700186781009,13766.900161190348,15897.741945575804,2025-10-29T20:00:00Z,causal-ridge-shortlag-v2,True
2025-10-29 20:00:00+00:00,ISONE_NEMA,13315,371,120,12824,18007.25,13931.202047035576,14320.468768398814,14383.3281201268,13522.68655144324,13943.913628759092,14007.903875862612,2025-10-29T20:00:00Z,causal-ridge-shortlag-v2,True
2025-10-29 20:00:00+00:00,MISO_MINN_HUB,68171,13700,5206,49265,101249.75,68363.61394119443,68333.64434801882,68058.2994756274,50715.87377354976,52184.24646181705,53100.43320074222,2025-10-29T20:00:00Z,causal-ridge-shortlag-v2,True
2025-10-29 20:00:00+00:00,SPP_NORTH_HUB,31650,18518,795,12337,46366.75,31597.43435807984,31688.45022817772,31827.035045947403,12692.834707960545,13007.31073366334,13195.151868217505,2025-10-29T20:00:00Z,causal-ridge-shortlag-v2,True
2025-10-29 21:00:00+00:00,CAISO_NP15,27436,344,16158,10934,33983.0,27210.587889955747,27263.01473464969,27665.298946206804,11998.157706465949,14251.28613473924,16921.819709855034,2025-10-29T21:00:00Z,causal-ridge-shortlag-v2,True
2025-10-29 21:00:00+00:00,ISONE_NEMA,14234,433,16,13785,18007.25,14874.273496888622,14961.099998478485,14577.332861698666,14458.939587756691,14545.13203537417,14129.35284368727,2025-10-29T21:00:00Z,causal-ridge-shortlag-v2,True
2025-10-29 21:00:00+00:00,MISO_MINN_HUB,68920,12624,3592,52704,101249.75,69810.70882337271,69907.52955654246,69329.51976877893,55260.68481647725,56657.162398312175,56502.63900650656,2025-10-29T21:00:00Z,causal-ridge-shortlag-v2,True
2025-10-29 21:00:00+00:00,SPP_NORTH_HUB,31642,17546,870,13226,46366.75,31763.766975967763,31994.80130515205,32216.165459635624,13921.024504391064,14351.412015822923,14540.715582028804,2025-10-29T21:00:00Z,causal-ridge-shortlag-v2,True
2025-10-29 22:00:00+00:00,CAISO_NP15,28058,336,16187,11535,33983.0,28279.76073117208,28370.181227029625,28602.436697818684,13546.0017939989,16074.268948258792,18967.1116431504,2025-10-29T22:00:00Z,causal-ridge-shortlag-v2,True
2025-10-29 22:00:00+00:00,ISONE_NEMA,14619,487,0,14132,18007.25,14473.892084135874,14024.350328308778,13455.6961781924,13958.526514622692,13480.552445470752,12889.682028134424,2025-10-29T22:00:00Z,causal-ridge-shortlag-v2,True
2025-10-29 22:00:00+00:00,MISO_MINN_HUB,70191,10971,964,58256,101249.75,71279.87660490586,71115.95965081296,69679.67258343127,61380.08839622589,61826.85379811441,60398.13481760892,2025-10-29T22:00:00Z,causal-ridge-shortlag-v2,True
2025-10-29 22:00:00+00:00,SPP_NORTH_HUB,31810,16514,585,14711,46366.75,31939.554459325587,32026.435480504613,32020.871697873237,15504.348560526514,15887.171900251977,15969.2476553882,2025-10-29T22:00:00Z,causal-ridge-shortlag-v2,True
2025-10-29 23:00:00+00:00,CAISO_NP15,28427,264,15566,12597,33983.0,28417.09621927415,28517.433676016717,28680.85928027454,15018.810729692768,17683.04692397574,20581.534996840917,2025-10-29T23:00:00Z,causal-ridge-shortlag-v2,True
2025-10-29 23:00:00+00:00,ISONE_NEMA,14313,568,0,13745,18007.25,13710.31965395192,13070.024548531885,12450.93617474348,13085.994355450995,12413.91023243805,11779.279487663074,2025-10-29T23:00:00Z,causal-ridge-shortlag-v2,True
2025-10-29 23:00:00+00:00,MISO_MINN_HUB,72051,10112,20,61919,101249.75,72800.28302348773,72031.54278084863,70112.71240892613,62915.76991325024,61531.79172228993,59624.92252839568,2025-10-29T23:00:00Z,causal-ridge-shortlag-v2,True
2025-10-29 23:00:00+00:00,SPP_NORTH_HUB,32165,13605,80,18480,46366.75,32255.16195624526,32064.863311737336,31610.529944541297,20240.088256833333,20729.329537211528,20586.354687401577,2025-10-29T23:00:00Z,causal-ridge-shortlag-v2,True
2025-10-30 00:00:00+00:00,CAISO_NP15,28462,227,11318,16917,33983.0,28546.21051518256,28773.77728892664,28902.000334257154,20896.892969665176,22387.4301078364,24156.287237712462,2025-10-30T00:00:00Z,causal-ridge-shortlag-v2,True
2025-10-30 00:00:00+00:00,ISONE_NEMA,13792,594,0,13198,18007.25,13186.012379968466,12557.704198466214,11960.298998274186,12571.714587370225,11936.278989963164,11335.4456638694,2025-10-30T00:00:00Z,causal-ridge-shortlag-v2,True
2025-10-30 00:00:00+00:00,MISO_MINN_HUB,72211,10432,1,61778,101249.75,70977.39297759508,69002.69419984492,66590.81931875601,59713.56989303404,57176.79255545176,55140.72678177455,2025-10-30T00:00:00Z,causal-ridge-shortlag-v2,True
2025-10-30 00:00:00+00:00,SPP_NORTH_HUB,32478,11087,0,21391,46366.75,32498.747795892214,32157.862224984143,31552.57777660524,22432.12904905729,22358.59277957869,21756.683847841705,2025-10-30T00:00:00Z,causal-ridge-shortlag-v2,True
2025-10-30 01:00:00+00:00,CAISO_NP15,30058,329,2397,27332,33983.0,30854.81725701173,31247.153355622813,30911.664823884792,32371.40814249169,31564.420745587493,30629.209302806616,2025-10-30T01:00:00Z,causal-ridge-shortlag-v2,True
2025-10-30 01:00:00+00:00,ISONE_NEMA,13014,554,0,12460,18007.25,12272.496594925464,11705.402389914392,11329.219338476729,11730.288740106347,11175.635630534736,10814.491460255633,2025-10-30T01:00:00Z,causal-ridge-shortlag-v2,True
2025-10-30 01:00:00+00:00,MISO_MINN_HUB,71018,10682,1,60335,101249.75,69090.11943803339,66748.7412572259,64552.40943527814,57967.64337445388,56198.36189722236,53719.44722769639,2025-10-30T01:00:00Z,causal-ridge-shortlag-v2,True
2025-10-30 01:00:00+00:00,SPP_NORTH_HUB,32204,9838,0,22366,46366.75,31724.61629519864,31089.219620680004,30379.65849788522,22344.47992452374,21737.88193220697,20807.081105166933,2025-10-30T01:00:00Z,causal-ridge-shortlag-v2,True
2025-10-30 02:00:00+00:00,CAISO_NP15,30351,388,0,29963,33983.0,30309.95102977375,29753.648584418617,28684.98578513532,28704.12643774276,28338.58875050272,27509.8513580768,2025-10-30T02:00:00Z,causal-ridge-shortlag-v2,True
2025-10-30 02:00:00+00:00,ISONE_NEMA,11993,408,0,11585,18007.25,11284.998702199156,10966.566725322586,10890.986911589564,10939.211877856422,10665.486972896491,10626.110912070388,2025-10-30T02:00:00Z,causal-ridge-shortlag-v2,True
2025-10-30 02:00:00+00:00,MISO_MINN_HUB,68522,10094,1,58427,101249.75,65856.87303765603,63354.07719840634,61009.87264070125,55984.10239093652,53466.96541227575,51056.43857193084,2025-10-30T02:00:00Z,causal-ridge-shortlag-v2,True
2025-10-30 02:00:00+00:00,SPP_NORTH_HUB,31447,8697,0,22750,46366.75,30656.39889722397,29899.977475805128,29214.009216700186,22417.02514790513,21601.511488069587,20590.400126669017,2025-10-30T02:00:00Z,causal-ridge-shortlag-v2,True
2025-10-30 03:00:00+00:00,CAISO_NP15,29072,484,0,28588,33983.0,28219.035896173576,27367.561326838684,26508.21183259544,27208.457666410468,25800.789160135755,25037.89544057573,2025-10-30T03:00:00Z,causal-ridge-shortlag-v2,True
2025-10-30 03:00:00+00:00,ISONE_NEMA,11349,420,0,10929,18007.25,11037.03497504495,10992.595000144613,11131.403821657686,10640.2652428658,10633.946314714634,10792.509225646185,2025-10-30T03:00:00Z,causal-ridge-shortlag-v2,True
2025-10-30 03:00:00+00:00,MISO_MINN_HUB,65523,9462,1,56060,101249.75,62730.4536997854,60475.55752110876,58733.604410814354,53657.75031196016,51607.85509349141,50014.49878717965,2025-10-30T03:00:00Z,causal-ridge-shortlag-v2,True
2025-10-30 03:00:00+00:00,SPP_NORTH_HUB,30297,7572,0,22725,46366.75,29319.670955961847,28537.069496675656,27964.788787080597,22164.649348281044,21254.00706901142,20317.27668126795,2025-10-30T03:00:00Z,causal-ridge-shortlag-v2,True
2025-10-30 04:00:00+00:00,CAISO_NP15,27918,644,0,27274,33983.0,26638.77101801339,25278.602917738837,24007.23377406485,25769.054750824293,24445.48644350557,23706.607301645767,2025-10-30T04:00:00Z,causal-ridge-shortlag-v2,True
2025-10-30 04:00:00+00:00,ISONE_NEMA,11070,426,0,10644,18007.25,11035.219061131464,11169.899995854496,11403.813165893089,10636.74962217432,10789.516453094344,11020.09445717766,2025-10-30T04:00:00Z,causal-ridge-shortlag-v2,True
2025-10-30 04:00:00+00:00,MISO_MINN_HUB,63362,8425,1,54936,101249.75,61655.51179992652,60362.87816827391,59629.80584357616,54060.73668361196,53488.069391539466,52380.98351551396,2025-10-30T04:00:00Z,causal-ridge-shortlag-v2,True
2025-10-30 04:00:00+00:00,SPP_NORTH_HUB,29185,7183,0,22002,46366.75,28330.015332194875,27730.50173058261,27396.250349595077,21116.40598318332,20182.978864578006,19450.174782773025,2025-10-30T04:00:00Z,causal-ridge-shortlag-v2,True
2025-10-30 05:00:00+00:00,CAISO_NP15,26909,852,0,26057,33983.0,25598.853365720104,24268.096083892327,23064.14234850804,24567.906295659493,23678.53880784311,23166.799432061656,2025-10-30T05:00:00Z,causal-ridge-shortlag-v2,True
2025-10-30 05:00:00+00:00,ISONE_NEMA,10726,388,0,10338,18007.25,10579.037580345896,10695.57723611071,10965.339082912622,10195.051720928948,10301.778077728037,10550.732523850596,2025-10-30T05:00:00Z,causal-ridge-shortlag-v2,True
2025-10-30 05:00:00+00:00,MISO_MINN_HUB,61561,7324,1,54236,101249.75,60227.46195235135,59582.8659985593,59313.05040252284,53574.059405010994,52657.56058444271,52247.25719877954,2025-10-30T05:00:00Z,causal-ridge-shortlag-v2,True
2025-10-30 05:00:00+00:00,SPP_NORTH_HUB,28530,7305,0,21225,46366.75,28085.149027354804,27847.199698160784,27812.309412160947,20459.829331544595,19785.86834112727,19403.00192871615,2025-10-30T05:00:00Z,causal-ridge-shortlag-v2,True
2025-10-30 06:00:00+00:00,CAISO_NP15,25455,906,0,24549,33983.0,24197.292555701413,23213.288079068123,22516.205980257684,23490.1120165498,22838.987682741707,22519.50317129509,2025-10-30T06:00:00Z,causal-ridge-shortlag-v2,True
2025-10-30 06:00:00+00:00,ISONE_NEMA,10685,427,0,10258,18007.25,10853.798708597118,11105.677175028008,11343.485604457292,10401.83113554878,10629.085574288854,10822.514740082124,2025-10-30T06:00:00Z,causal-ridge-shortlag-v2,True
2025-10-30 06:00:00+00:00,MISO_MINN_HUB,60622,6671,1,53950,101249.75,60182.596861173886,60304.46905058728,60939.564134223474,53766.24347721206,53772.67983189093,53639.28437602449,2025-10-30T06:00:00Z,causal-ridge-shortlag-v2,True
2025-10-30 06:00:00+00:00,SPP_NORTH_HUB,28156,7593,0,20563,46366.75,28005.26986132636,28060.40773333737,28302.4791888405,20078.977419324285,19761.841659839312,19723.597216342994,2025-10-30T06:00:00Z,causal-ridge-shortlag-v2,True
2025-10-30 07:00:00+00:00,CAISO_NP15,23654,914,0,22740,33983.0,22531.52680397654,21960.95064252893,21884.09295627621,22019.039108285724,21654.861299973058,21589.91485122352,2025-10-30T07:00:00Z,causal-ridge-shortlag-v2,True
2025-10-30 07:00:00+00:00,ISONE_NEMA,10719,483,0,10236,18007.25,10829.120216154475,11048.950432500293,11313.614605532592,10306.014688601505,10480.325728039334,10688.677175540868,2025-10-30T07:00:00Z,causal-ridge-shortlag-v2,True
2025-10-30 07:00:00+00:00,MISO_MINN_HUB,60216,6564,1,53651,101249.75,60207.43226869307,60794.13090863671,61814.35552810585,53379.71090737564,53306.03300808919,53441.11647055069,2025-10-30T07:00:00Z,causal-ridge-shortlag-v2,True
2025-10-30 07:00:00+00:00,SPP_NORTH_HUB,28117,7702,0,20415,46366.75,28254.676769500264,28577.473815305624,29055.42802313101,20358.894982233844,20400.5973731872,20644.999875301142,2025-10-30T07:00:00Z,causal-ridge-shortlag-v2,True
2025-10-30 08:00:00+00:00,CAISO_NP15,22657,914,0,21743,33983.0,22212.436870886788,22145.132348045096,22526.00088614128,21730.25654229212,21418.73379152012,21380.473089899533,2025-10-30T08:00:00Z,causal-ridge-shortlag-v2,True
2025-10-30 08:00:00+00:00,ISONE_NEMA,10942,487,0,10455,18007.25,11267.77505100754,11557.690787797772,11718.309825493066,10749.877724328302,10983.292401877005,11067.232244369055,2025-10-30T08:00:00Z,causal-ridge-shortlag-v2,True
2025-10-30 08:00:00+00:00,MISO_MINN_HUB,60188,7048,1,53139,101249.75,60526.85879093812,61433.0762752337,62784.00575387382,52659.80137684384,52580.99274117336,52707.40642172961,2025-10-30T08:00:00Z,causal-ridge-shortlag-v2,True
2025-10-30 08:00:00+00:00,SPP_NORTH_HUB,28256,7500,0,20756,46366.75,28553.130022232268,29010.8837000378,29602.67954800308,21069.046250844844,21437.54203630066,21925.76311705861,2025-10-30T08:00:00Z,causal-ridge-shortlag-v2,True
2025-10-30 09:00:00+00:00,CAISO_NP15,21518,898,0,20620,33983.0,21235.239997796747,21596.919582158567,22402.439482943213,20497.525544612865,20204.90457324148,20076.98177453038,2025-10-30T09:00:00Z,causal-ridge-shortlag-v2,True
2025-10-30 09:00:00+00:00,ISONE_NEMA,11476,504,0,10972,18007.25,11937.434832679057,12146.045350593278,12136.877703702048,11390.452525078645,11528.26679783963,11427.709442287029,2025-10-30T09:00:00Z,causal-ridge-shortlag-v2,True
2025-10-30 09:00:00+00:00,MISO_MINN_HUB,61559,6997,1,54561,101249.75,63254.330072396246,64907.25751858607,66671.46542025705,55699.66872402624,56843.5263217792,56747.61067933421,2025-10-30T09:00:00Z,causal-ridge-shortlag-v2,True
2025-10-30 09:00:00+00:00,SPP_NORTH_HUB,28831,7464,0,21367,46366.75,29435.99916877324,30075.208064149014,30746.009406574085,21858.07564070566,22379.01472057676,22982.21045057564,2025-10-30T09:00:00Z,causal-ridge-shortlag-v2,True
2025-10-30 10:00:00+00:00,CAISO_NP15,21064,870,0,20194,33983.0,21433.513490819965,22218.808909776577,23325.814709475333,20479.22201939406,19908.73954363974,19431.87693825488,2025-10-30T10:00:00Z,causal-ridge-shortlag-v2,True
2025-10-30 10:00:00+00:00,ISONE_NEMA,12298,477,0,11821,18007.25,12896.30193554522,13030.152691558564,12789.399143588866,12393.495289716882,12448.34756348351,12101.598768978824,2025-10-30T10:00:00Z,causal-ridge-shortlag-v2,True
2025-10-30 10:00:00+00:00,MISO_MINN_HUB,65135,7098,1,58036,101249.75,68361.47758553694,70685.25128953283,72287.23568995424,60407.601580286624,61240.96957417558,60634.48580737042,2025-10-30T10:00:00Z,causal-ridge-shortlag-v2,True
2025-10-30 10:00:00+00:00,SPP_NORTH_HUB,29995,7354,0,22641,46366.75,30992.94431610869,31799.88529984237,32439.54523318081,23531.997822928774,24255.579595380183,24919.698321149677,2025-10-30T10:00:00Z,causal-ridge-shortlag-v2,True
2025-10-30 11:00:00+00:00,CAISO_NP15,20981,868,0,20113,33983.0,21559.30966652137,22611.55272961773,23867.08008478556,20063.239706833603,19267.951586157786,18421.004456173167,2025-10-30T11:00:00Z,causal-ridge-shortlag-v2,True
2025-10-30 11:00:00+00:00,ISONE_NEMA,13302,564,1,12737,18007.25,13745.95956171015,13565.334732431553,13057.926008654633,13094.445125591785,12805.212184846318,12179.462448179362,2025-10-30T11:00:00Z,causal-ridge-shortlag-v2,True
2025-10-30 11:00:00+00:00,MISO_MINN_HUB,70001,7643,1,62357,101249.75,73707.4604254977,75966.90993695646,76868.67991697908,64609.23694518217,64464.96103249372,63124.45682067284,2025-10-30T11:00:00Z,causal-ridge-shortlag-v2,True
2025-10-30 11:00:00+00:00,SPP_NORTH_HUB,32152,7004,0,25148,46366.75,33741.31509743058,34761.63181902526,35295.36233299421,26588.62588633565,27494.672838087037,28106.96429404459,2025-10-30T11:00:00Z,causal-ridge-shortlag-v2,True
2025-10-30 12:00:00+00:00,CAISO_NP15,20869,913,0,19956,33983.0,21698.19363828176,22952.59730190173,24293.72726211279,19582.1386710794,18380.8574078602,17131.55902504815,2025-10-30T12:00:00Z,causal-ridge-shortlag-v2,True
2025-10-30 12:00:00+00:00,ISONE_NEMA,13575,602,24,12949,18007.25,13292.967515677492,12808.43919519628,12308.446469651028,12565.473458722416,11963.83100856622,11367.987576684318,2025-10-30T12:00:00Z,causal-ridge-shortlag-v2,True
2025-10-30 12:00:00+00:00,MISO_MINN_HUB,72770,8179,82,64509,101249.75,74270.40486317565,75062.00459965102,74618.9630001262,63937.3901632831,61333.766280018994,59193.11225705944,2025-10-30T12:00:00Z,causal-ridge-shortlag-v2,True
2025-10-30 12:00:00+00:00,SPP_NORTH_HUB,33538,7306,1,26231,46366.75,34480.294740739104,34953.29396529675,35076.55172282961,26955.197232934977,27452.48484045741,27617.61596893891,2025-10-30T12:00:00Z,causal-ridge-shortlag-v2,True
2025-10-30 13:00:00+00:00,CAISO_NP15,21396,903,0,20493,33983.0,22482.081234555248,23846.95812910179,25147.942096827494,19893.217207983565,18281.696437394447,16564.156155410914,2025-10-30T13:00:00Z,causal-ridge-shortlag-v2,True
2025-10-30 13:00:00+00:00,ISONE_NEMA,13701,624,54,13023,18007.25,13583.837272736851,13249.092781315465,12778.376865523562,12823.07729174084,12397.045143041632,11840.521025771395,2025-10-30T13:00:00Z,causal-ridge-shortlag-v2,True
2025-10-30 13:00:00+00:00,MISO_MINN_HUB,72785,7545,3808,61432,101249.75,71930.48542974766,71405.37894862698,71044.63326044964,57512.40695982238,54852.08839268511,53882.79416411867,2025-10-30T13:00:00Z,causal-ridge-shortlag-v2,True
2025-10-30 13:00:00+00:00,SPP_NORTH_HUB,33654,8022,162,25470,46366.75,33631.468607238014,33534.128889766325,33422.32184841869,25206.078310404897,25073.60928094547,24761.992085494207,2025-10-30T13:00:00Z,causal-ridge-shortlag-v2,True
2025-10-30 14:00:00+00:00,CAISO_NP15,23363,839,0,22524,33983.0,25142.19411945528,26476.312389804927,27267.58247342037,21874.060144222352,19514.118220834007,16978.597179725693,2025-10-30T14:00:00Z,causal-ridge-shortlag-v2,True
2025-10-30 14:00:00+00:00,ISONE_NEMA,13513,620,109,12784,18007.25,13137.340341055036,12752.41097296882,12470.125166054422,12332.836206092128,11873.27033850263,11538.906673560332,2025-10-30T14:00:00Z,causal-ridge-shortlag-v2,True
2025-10-30 14:00:00+00:00,MISO_MINN_HUB,72016,6379,9685,55952,101249.75,71003.76664637143,70678.8728211939,71471.56964750597,52595.9232565972,52988.17628702894,53981.96210100524,2025-10-30T14:00:00Z,causal-ridge-shortlag-v2,True
2025-10-30 14:00:00+00:00,SPP_NORTH_HUB,33044,7241,712,25091,46366.75,32697.879777405225,32593.753452627672,32640.028757452463,25144.334174500626,25063.693948346438,24776.92885608989,2025-10-30T14:00:00Z,causal-ridge-shortlag-v2,True
2025-10-30 15:00:00+00:00,CAISO_NP15,24663,624,1529,22510,33983.0,25893.145634994995,26785.600375247333,27104.01412082263,20034.55769393512,17591.997233105983,14975.477913646788,2025-10-30T15:00:00Z,causal-ridge-shortlag-v2,True
2025-10-30 15:00:00+00:00,ISONE_NEMA,13360,638,143,12579,18007.25,13178.291000136503,12971.023213248787,12812.98555559936,12341.749736684194,12086.299194576504,11895.884712075973,2025-10-30T15:00:00Z,causal-ridge-shortlag-v2,True
2025-10-30 15:00:00+00:00,MISO_MINN_HUB,71043,6357,11066,53620,101249.75,70640.9702811158,70952.38314648013,71658.88713720585,53521.55875013017,55171.9318654892,56462.56191653696,2025-10-30T15:00:00Z,causal-ridge-shortlag-v2,True
2025-10-30 15:00:00+00:00,SPP_NORTH_HUB,32496,5975,877,25644,46366.75,32200.801772814026,32131.0084351043,32194.078210983476,25915.96898076086,25926.26319932249,25763.586797493077,2025-10-30T15:00:00Z,causal-ridge-shortlag-v2,True
2025-10-30 16:00:00+00:00,CAISO_NP15,26360,451,9924,15985,33983.0,27347.72070916032,27328.416436322208,27103.4847167741,11173.055304680292,10633.617133740652,10278.799905452832,2025-10-30T16:00:00Z,causal-ridge-shortlag-v2,True
2025-10-30 16:00:00+00:00,ISONE_NEMA,13230,635,154,12441,18007.25,13111.681844996228,12992.9900590097,12931.158976853189,12294.996048937872,12146.626006197555,12069.854758083491,2025-10-30T16:00:00Z,causal-ridge-shortlag-v2,True
2025-10-30 16:00:00+00:00,MISO_MINN_HUB,70126,7365,11070,51691,101249.75,69695.66691465145,70127.18812774999,70547.62134293327,51538.72832008981,51557.37300105592,53405.73645788476,2025-10-30T16:00:00Z,causal-ridge-shortlag-v2,True
2025-10-30 16:00:00+00:00,SPP_NORTH_HUB,31746,7159,842,23745,46366.75,31312.31152466492,31110.092429763703,31108.549559233237,22651.34519173037,22116.67844922203,21790.27416746609,2025-10-30T16:00:00Z,causal-ridge-shortlag-v2,True
2025-10-30 17:00:00+00:00,CAISO_NP15,28673,368,14816,13489,33983.0,29122.61953268908,29011.78979335956,28657.24755053828,12772.833850032592,11925.627296929826,11892.44984672613,2025-10-30T17:00:00Z,causal-ridge-shortlag-v2,True
2025-10-30 17:00:00+00:00,ISONE_NEMA,13461,644,139,12678,18007.25,13665.44388661634,13737.612551359156,13748.127775094024,12883.828657699914,12952.217400339792,12958.017755878993,2025-10-30T17:00:00Z,causal-ridge-shortlag-v2,True
2025-10-30 17:00:00+00:00,MISO_MINN_HUB,69347,7670,10664,51013,101249.75,69262.14219230069,69941.18014871867,70830.4657419929,51961.93624603723,54059.90180408196,56529.9701670916,2025-10-30T17:00:00Z,causal-ridge-shortlag-v2,True
2025-10-30 17:00:00+00:00,SPP_NORTH_HUB,31199,8171,876,22152,46366.75,30892.42502931689,30840.38594147472,30938.474315895088,21377.08227092604,21036.509339156237,20820.458561942527,2025-10-30T17:00:00Z,causal-ridge-shortlag-v2,True
2025-10-30 18:00:00+00:00,CAISO_NP15,29142,359,16183,12600,33983.0,28705.32022916283,28175.96554079507,27460.298198040047,12072.464160453475,12155.920014919471,12400.828864478915,2025-10-30T18:00:00Z,causal-ridge-shortlag-v2,True
2025-10-30 18:00:00+00:00,ISONE_NEMA,13561,730,86,12745,18007.25,13536.752407845988,13516.686489034631,13551.197454410434,12699.214476784548,12663.234812435056,12694.882146317088,2025-10-30T18:00:00Z,causal-ridge-shortlag-v2,True
2025-10-30 18:00:00+00:00,MISO_MINN_HUB,68793,7991,10426,50376,101249.75,68824.95467418525,69570.14620340025,70498.53081500782,51291.58509759148,53144.38121498906,55770.32821763507,2025-10-30T18:00:00Z,causal-ridge-shortlag-v2,True
2025-10-30 18:00:00+00:00,SPP_NORTH_HUB,30823,8878,837,21108,46366.75,30687.50507615278,30751.980318688195,30918.72283549193,20631.40089497417,20416.12301260959,20261.239653088585,2025-10-30T18:00:00Z,causal-ridge-shortlag-v2,True
2025-10-30 19:00:00+00:00,CAISO_NP15,28621,355,15762,12504,33983.0,28350.6313744631,28029.31151356452,27810.14847147941,13022.82135727988,13697.37952461688,14678.97619421769,2025-10-30T19:00:00Z,causal-ridge-shortlag-v2,True
2025-10-30 19:00:00+00:00,ISONE_NEMA,13659,817,57,12785,18007.25,13748.408275363894,13749.329566626318,13644.065735374012,12846.5447285094,12830.151268810756,12713.852885254631,2025-10-30T19:00:00Z,causal-ridge-shortlag-v2,True
2025-10-30 19:00:00+00:00,MISO_MINN_HUB,68374,8145,10857,49372,101249.75,68457.66096404285,69282.17705476769,70509.85558985008,50290.077874604736,52714.36521368288,55772.218029739655,2025-10-30T19:00:00Z,causal-ridge-shortlag-v2,True
2025-10-30 19:00:00+00:00,SPP_NORTH_HUB,30505,9914,853,19738,46366.75,30403.763436025623,30515.09265651729,30748.59964012323,19095.199567418986,18870.46260161661,18728.56865705821,2025-10-30T19:00:00Z,causal-ridge-shortlag-v2,True
2025-10-30 20:00:00+00:00,CAISO_NP15,28032,377,15703,11952,33983.0,27612.466476445687,27397.637765879703,27527.57517227891,12277.358764485436,13961.738283907687,15989.325723459971,2025-10-30T20:00:00Z,causal-ridge-shortlag-v2,True
2025-10-30 20:00:00+00:00,ISONE_NEMA,14137,856,22,13259,18007.25,14540.549836386388,14597.260465858502,14326.041382142766,13678.906692695631,13732.243143199,13440.062861602855,2025-10-30T20:00:00Z,causal-ridge-shortlag-v2,True
2025-10-30 20:00:00+00:00,MISO_MINN_HUB,68060,8044,10493,49523,101249.75,68420.09074150372,69391.9884757588,70665.842691413,51463.05781164417,54627.62789422189,57523.54382449513,2025-10-30T20:00:00Z,causal-ridge-shortlag-v2,True
2025-10-30 20:00:00+00:00,SPP_NORTH_HUB,30359,10657,944,18758,46366.75,30393.013218365257,30638.599140759397,30973.34312570308,18403.4845519408,18360.874831190034,18306.28350462095,2025-10-30T20:00:00Z,causal-ridge-shortlag-v2,True
2025-10-30 21:00:00+00:00,CAISO_NP15,27912,387,15665,11860,33983.0,27609.909337329373,27586.677559243588,27893.22130452618,12833.1017882909,15012.961330094307,17592.58899424116,2025-10-30T21:00:00Z,causal-ridge-shortlag-v2,True
2025-10-30 21:00:00+00:00,ISONE_NEMA,14529,874,2,13653,18007.25,14622.781941592144,14353.24024973133,13858.92484318616,13745.312475137978,13459.641811236988,12947.33466288478,2025-10-30T21:00:00Z,causal-ridge-shortlag-v2,True
2025-10-30 21:00:00+00:00,MISO_MINN_HUB,68394,7741,7427,53226,101249.75,69526.55834470771,70598.32889515573,71290.9552999443,57167.74916602232,60496.30038262411,61938.68092739042,2025-10-30T21:00:00Z,causal-ridge-shortlag-v2,True
2025-10-30 21:00:00+00:00,SPP_NORTH_HUB,30373,10690,956,18727,46366.75,30541.51158611942,30866.233313825625,31214.58240846746,18911.002594195317,19065.695260579752,19039.17421331666,2025-10-30T21:00:00Z,causal-ridge-shortlag-v2,True
2025-10-30 22:00:00+00:00,CAISO_NP15,28403,321,15920,12162,33983.0,28486.1339489902,28496.749364400064,28620.97097615481,13742.459566668738,16272.715889014142,19122.388969308497,2025-10-30T22:00:00Z,causal-ridge-shortlag-v2,True
2025-10-30 22:00:00+00:00,ISONE_NEMA,14599,988,1,13610,18007.25,14298.28385710694,13751.930676738002,13140.204476432333,13257.613125654749,12690.03096458948,12073.231045165176,2025-10-30T22:00:00Z,causal-ridge-shortlag-v2,True
2025-10-30 22:00:00+00:00,MISO_MINN_HUB,69378,7276,2056,60046,101249.75,70768.67891269979,71289.434887613,70562.64050229642,64476.38424066608,65781.41928526491,64665.94727736671,2025-10-30T22:00:00Z,causal-ridge-shortlag-v2,True
2025-10-30 22:00:00+00:00,SPP_NORTH_HUB,30439,9426,601,20412,46366.75,30541.64540419286,30641.924757462933,30658.97184159632,21350.8506482278,21622.062099148832,21458.670181812187,2025-10-30T22:00:00Z,causal-ridge-shortlag-v2,True
2025-10-30 23:00:00+00:00,CAISO_NP15,28654,256,15503,12895,33983.0,28590.776786245788,28536.65104172685,28543.518293615525,15106.630100698843,17709.4775187541,20532.20464305982,2025-10-30T23:00:00Z,causal-ridge-shortlag-v2,True
2025-10-30 23:00:00+00:00,ISONE_NEMA,14233,1068,1,13164,18007.25,13637.43171834465,13020.93804754611,12475.484973798091,12536.719941896492,11918.511157674173,11390.436319956018,2025-10-30T23:00:00Z,causal-ridge-shortlag-v2,True
2025-10-30 23:00:00+00:00,MISO_MINN_HUB,71474,6702,66,64706,101249.75,72660.84020165725,72420.0095766077,71102.78359122135,66463.9058247467,65753.31302447323,64095.77885343213,2025-10-30T23:00:00Z,causal-ridge-shortlag-v2,True
2025-10-30 23:00:00+00:00,SPP_NORTH_HUB,30986,7928,77,22981,46366.75,31268.500000177755,31194.47498829577,30809.651972502128,24048.03970197596,23961.9414050617,23368.15022238073,2025-10-30T23:00:00Z,causal-ridge-shortlag-v2,True
2025-10-31 00:00:00+00:00,CAISO_NP15,27548,254,11248,16046,33983.0,27185.97621074479,27145.95941485444,27113.03423296161,19473.962012091102,20964.429923014024,22683.640733193093,2025-10-31T00:00:00Z,causal-ridge-shortlag-v2,True
2025-10-31 00:00:00+00:00,ISONE_NEMA,13654,1113,1,12540,18007.25,13046.916666644089,12490.484714893591,12008.670715380344,11924.65690356858,11383.77265519812,10926.91117724158,2025-10-31T00:00:00Z,causal-ridge-shortlag-v2,True
2025-10-31 00:00:00+00:00,MISO_MINN_HUB,71946,7129,41,64776,101249.75,71014.90778904404,69346.56389862589,67384.6565929973,62801.44499704528,60672.701562269816,58926.95957927432,2025-10-31T00:00:00Z,causal-ridge-shortlag-v2,True
2025-10-31 00:00:00+00:00,SPP_NORTH_HUB,31576,8510,0,23066,46366.75,31770.956753764476,31528.656535097198,30979.41485116,22611.64051855224,21788.83560586225,20774.32415829086,2025-10-31T00:00:00Z,causal-ridge-shortlag-v2,True
2025-10-31 01:00:00+00:00,CAISO_NP15,28352,466,2335,25551,33983.0,28997.26730559939,29145.466130506986,28689.446462159667,30297.375318596536,29735.32054680916,28854.26450870598,2025-10-31T01:00:00Z,causal-ridge-shortlag-v2,True
2025-10-31 01:00:00+00:00,ISONE_NEMA,12869,1233,1,11635,18007.25,12123.291355759651,11603.447135360271,11328.359428113596,10861.152396909312,10359.632037563166,10119.961032059316,2025-10-31T01:00:00Z,causal-ridge-shortlag-v2,True
2025-10-31 01:00:00+00:00,MISO_MINN_HUB,70909,8228,36,62645,101249.75,69070.11336479196,66820.24681578079,64918.52726826551,59726.14101178868,57882.48064018848,55343.751843274826,2025-10-31T01:00:00Z,causal-ridge-shortlag-v2,True
2025-10-31 01:00:00+00:00,SPP_NORTH_HUB,31408,8223,0,23185,46366.75,30995.26760538444,30427.503542009028,29744.915947214315,22872.84626154867,22084.865395198893,20977.216855774823,2025-10-31T01:00:00Z,causal-ridge-shortlag-v2,True
2025-10-31 02:00:00+00:00,CAISO_NP15,28733,867,78,27788,33983.0,28639.45269018175,27924.14344856659,26739.207824843503,26285.75441626852,26492.21355388468,25830.401438491317,2025-10-31T02:00:00Z,causal-ridge-shortlag-v2,True
2025-10-31 02:00:00+00:00,ISONE_NEMA,11928,1234,1,10693,18007.25,11311.770248108924,11112.285656893177,11128.810947648017,10111.717530114416,9956.889365265248,10017.714710616088,2025-10-31T02:00:00Z,causal-ridge-shortlag-v2,True
2025-10-31 02:00:00+00:00,MISO_MINN_HUB,68863,8472,4,60387,101249.75,66559.37431730537,64215.03073841184,62186.20033898445,57819.729093695096,55445.03314593328,52712.417942985696,2025-10-31T02:00:00Z,causal-ridge-shortlag-v2,True
2025-10-31 02:00:00+00:00,SPP_NORTH_HUB,30876,8010,0,22866,46366.75,30261.50749282038,29614.919582907467,28990.321010325337,22148.396528160283,21075.77761362849,19891.800974174213,2025-10-31T02:00:00Z,causal-ridge-shortlag-v2,True
2025-10-31 03:00:00+00:00,CAISO_NP15,28066,1150,0,26916,33983.0,27139.69604317605,26261.531605171647,25326.330273228665,25633.49713805484,24726.839212862866,23891.30862391267,2025-10-31T03:00:00Z,causal-ridge-shortlag-v2,True
2025-10-31 03:00:00+00:00,ISONE_NEMA,11209,1239,1,9969,18007.25,10874.006570017453,10849.193076275573,10998.535988993746,9660.73335159037,9681.596470752462,9870.699242411189,2025-10-31T03:00:00Z,causal-ridge-shortlag-v2,True
2025-10-31 03:00:00+00:00,MISO_MINN_HUB,66332,8629,4,57699,101249.75,63817.37820484438,61665.73437308173,59971.31877141996,55065.3908278076,52399.69520182568,50292.0199465124,2025-10-31T03:00:00Z,causal-ridge-shortlag-v2,True
2025-10-31 03:00:00+00:00,SPP_NORTH_HUB,29939,8193,0,21746,46366.75,29053.85492782296,28294.286057265475,27700.10783276506,20590.218061483385,19384.786923414416,18275.731105020623,2025-10-31T03:00:00Z,causal-ridge-shortlag-v2,True
2025-10-31 04:00:00+00:00,CAISO_NP15,27390,1471,0,25919,33983.0,26197.428921877432,24825.695148344566,23397.420897563345,24509.265788959237,23521.44883405064,22565.84391848605,2025-10-31T04:00:00Z,causal-ridge-shortlag-v2,True
2025-10-31 04:00:00+00:00,ISONE_NEMA,10943,1332,1,9610,18007.25,10912.379550274534,11057.155921043935,11336.959953277508,9585.021936438605,9765.983261097288,10074.265537353798,2025-10-31T04:00:00Z,causal-ridge-shortlag-v2,True
2025-10-31 04:00:00+00:00,MISO_MINN_HUB,63874,8816,3,55055,101249.75,61710.76284851028,60075.83085848492,59092.41236377893,52877.09987216933,51012.381492805165,49420.12449081775,2025-10-31T04:00:00Z,causal-ridge-shortlag-v2,True
2025-10-31 04:00:00+00:00,SPP_NORTH_HUB,28909,8397,0,20512,46366.75,28038.104949922774,27394.320384295974,26991.983729631465,19367.13116010352,18332.467390655944,17527.655727078592,2025-10-31T04:00:00Z,causal-ridge-shortlag-v2,True
2025-10-31 05:00:00+00:00,CAISO_NP15,26297,1707,0,24590,33983.0,24964.71862372596,23572.292860580408,22232.62154347671,23186.272023023823,22503.626840738863,21772.214303567347,2025-10-31T05:00:00Z,causal-ridge-shortlag-v2,True
2025-10-31 05:00:00+00:00,ISONE_NEMA,10769,1402,1,9366,18007.25,10755.234207122125,10989.968239020349,11364.07084942148,9353.874894582234,9605.220691484028,9991.846398554311,2025-10-31T05:00:00Z,causal-ridge-shortlag-v2,True
2025-10-31 05:00:00+00:00,MISO_MINN_HUB,62098,9564,3,52531,101249.75,60622.67254211376,59661.20813797809,59384.50016213061,50745.275729640125,49242.38599944729,48137.07892857885,2025-10-31T05:00:00Z,causal-ridge-shortlag-v2,True
2025-10-31 05:00:00+00:00,SPP_NORTH_HUB,28299,8208,0,20091,46366.75,27810.157564722896,27491.19796979095,27349.136435646724,19451.63750703153,18842.23168305543,18463.96250897737,2025-10-31T05:00:00Z,causal-ridge-shortlag-v2,True
2025-10-31 06:00:00+00:00,CAISO_NP15,24924,1557,0,23367,33983.0,23601.79192186873,22497.17484355537,21657.880679677142,22483.267411283137,22005.319497301127,21460.141547720414,2025-10-31T06:00:00Z,causal-ridge-shortlag-v2,True
2025-10-31 06:00:00+00:00,ISONE_NEMA,10560,1428,1,9131,18007.25,10595.210312813946,10860.842625129537,11181.982396458396,9157.199657704665,9422.28952813506,9739.497738567114,2025-10-31T06:00:00Z,causal-ridge-shortlag-v2,True
2025-10-31 06:00:00+00:00,MISO_MINN_HUB,61107,10925,3,50179,101249.75,60335.25015223041,60041.287903099954,60366.7227311279,48703.84492234284,47499.70717279751,46836.35170053579,2025-10-31T06:00:00Z,causal-ridge-shortlag-v2,True
2025-10-31 06:00:00+00:00,SPP_NORTH_HUB,27966,8115,0,19851,46366.75,27749.471331765344,27680.261297267272,27771.23732801508,19448.81730283593,19169.272060620424,19119.023953327374,2025-10-31T06:00:00Z,causal-ridge-shortlag-v2,True
2025-10-31 07:00:00+00:00,CAISO_NP15,23345,1432,0,21913,33983.0,22136.20817852805,21431.50164537278,21176.85045101965,21185.585591826784,21009.74695137184,20737.25785701964,2025-10-31T07:00:00Z,causal-ridge-shortlag-v2,True
2025-10-31 07:00:00+00:00,ISONE_NEMA,10470,1429,1,9040,18007.25,10634.164803060768,10946.27821553878,11244.497065403986,9202.921931284667,9514.79146304194,9803.53228758052,2025-10-31T07:00:00Z,causal-ridge-shortlag-v2,True
2025-10-31 07:00:00+00:00,MISO_MINN_HUB,60640,12130,1,48509,101249.75,60446.87073567099,60727.6672695572,61499.42220207697,47572.22418216181,46779.51554772319,46418.94213663472,2025-10-31T07:00:00Z,causal-ridge-shortlag-v2,True
2025-10-31 07:00:00+00:00,SPP_NORTH_HUB,27907,7623,0,20284,46366.75,27953.92255084277,28125.579318709457,28413.115454917428,20434.7959491278,20543.46632558881,20757.34847632116,2025-10-31T07:00:00Z,causal-ridge-shortlag-v2,True
2025-10-31 08:00:00+00:00,CAISO_NP15,22495,1438,0,21057,33983.0,21899.193710126467,21697.08652339568,21911.467637288453,20921.958615655956,20741.711370984536,20468.879369717048,2025-10-31T08:00:00Z,causal-ridge-shortlag-v2,True
2025-10-31 08:00:00+00:00,ISONE_NEMA,10671,1450,1,9220,18007.25,11015.13902740859,11351.881289185085,11592.048932959817,9558.815923594875,9885.043333287073,10100.763058231516,2025-10-31T08:00:00Z,causal-ridge-shortlag-v2,True
2025-10-31 08:00:00+00:00,MISO_MINN_HUB,60528,12911,1,47616,101249.75,60767.52090956126,61463.44631711068,62519.22486402237,47124.54179785721,46596.207730202,46479.6444796129,2025-10-31T08:00:00Z,causal-ridge-shortlag-v2,True
2025-10-31 08:00:00+00:00,SPP_NORTH_HUB,28035,7791,0,20244,46366.75,28273.97914836078,28604.85233468961,29035.606905018845,20249.73738480669,20397.79777663885,20713.445551389097,2025-10-31T08:00:00Z,causal-ridge-shortlag-v2,True
2025-10-31 09:00:00+00:00,CAISO_NP15,21628,1232,0,20396,33983.0,21226.47764362021,21462.7797134668,22101.330405372417,20294.20821396026,19991.269276497085,19565.58554271586,2025-10-31T09:00:00Z,causal-ridge-shortlag-v2,True
2025-10-31 09:00:00+00:00,ISONE_NEMA,11350,1516,1,9833,18007.25,11937.95654664781,12252.003387540955,12339.971121392047,10398.278190297598,10681.529812017088,10722.093900784712,2025-10-31T09:00:00Z,causal-ridge-shortlag-v2,True
2025-10-31 09:00:00+00:00,MISO_MINN_HUB,62057,13514,1,48542,101249.75,63732.57219914217,65180.62235480615,66686.83683542986,49495.256651007054,49972.76351044957,49593.53394837445,2025-10-31T09:00:00Z,causal-ridge-shortlag-v2,True
2025-10-31 09:00:00+00:00,SPP_NORTH_HUB,28579,7869,0,20710,46366.75,29113.621101810226,29631.012322765582,30132.169063424182,21082.72121192452,21468.072560679782,21928.9243228506,2025-10-31T09:00:00Z,causal-ridge-shortlag-v2,True
2025-10-31 10:00:00+00:00,CAISO_NP15,20947,1319,0,19628,33983.0,21057.65050810475,21663.165256844288,22601.05980683255,19541.34930928361,18993.01406986317,18352.13160732912,2025-10-31T10:00:00Z,causal-ridge-shortlag-v2,True
2025-10-31 10:00:00+00:00,ISONE_NEMA,11890,1503,1,10386,18007.25,12220.2268366307,12302.220635891865,12166.070867905752,10694.39649604962,10720.553001553964,10523.850843390732,2025-10-31T10:00:00Z,causal-ridge-shortlag-v2,True
2025-10-31 10:00:00+00:00,MISO_MINN_HUB,65285,13737,1,51547,101249.75,68107.44435942628,70037.67083229845,71262.7137170241,53640.73316633584,53985.971974068365,53175.36931343131,2025-10-31T10:00:00Z,causal-ridge-shortlag-v2,True
2025-10-31 10:00:00+00:00,SPP_NORTH_HUB,29669,7366,0,22303,46366.75,30589.875647561097,31293.015219288875,31797.495798629352,23290.045122727068,23940.078292173108,24474.860031424472,2025-10-31T10:00:00Z,causal-ridge-shortlag-v2,True
2025-10-31 11:00:00+00:00,CAISO_NP15,20769,1235,0,19534,33983.0,21242.811391066527,22170.36438679851,23319.95523894453,19518.45033305698,18626.928823769875,17647.46956026797,2025-10-31T11:00:00Z,causal-ridge-shortlag-v2,True
2025-10-31 11:00:00+00:00,ISONE_NEMA,12629,1481,5,11143,18007.25,13101.633057497906,13040.540544765729,12573.500072772384,11587.67892520327,11467.321073789106,10928.737799964378,2025-10-31T11:00:00Z,causal-ridge-shortlag-v2,True
2025-10-31 11:00:00+00:00,MISO_MINN_HUB,70195,14203,1,55991,101249.75,73913.39757548878,75942.45093144574,76659.20232965921,58525.21307277291,58485.94098186853,56928.6554621546,2025-10-31T11:00:00Z,causal-ridge-shortlag-v2,True
2025-10-31 11:00:00+00:00,SPP_NORTH_HUB,31661,7218,0,24443,46366.75,33169.48727407403,34077.28540002033,34474.85948313236,25652.36720345029,26307.227308170248,26709.27409974454,2025-10-31T11:00:00Z,causal-ridge-shortlag-v2,True
2025-10-31 12:00:00+00:00,CAISO_NP15,20675,1411,0,19264,33983.0,21316.531049617894,22425.04693772001,23647.335082287045,18662.733947769484,17532.190573236185,16256.679954504278,2025-10-31T12:00:00Z,causal-ridge-shortlag-v2,True
2025-10-31 12:00:00+00:00,ISONE_NEMA,12609,1398,68,11143,18007.25,12244.083646063627,11794.193067245023,11379.368978543884,10728.148508777584,10215.79690248073,9765.56629923094,2025-10-31T12:00:00Z,causal-ridge-shortlag-v2,True
2025-10-31 12:00:00+00:00,MISO_MINN_HUB,73110,14631,134,58345,101249.75,74556.44870042495,75092.71149848893,74307.36817559552,57966.04750756574,55106.28699483917,52978.554662178,2025-10-31T12:00:00Z,causal-ridge-shortlag-v2,True
2025-10-31 12:00:00+00:00,SPP_NORTH_HUB,33145,7690,1,25454,46366.75,34089.62042393756,34517.7986637362,34548.08606169642,25989.70569303865,26269.63706108905,26249.61051263584,2025-10-31T12:00:00Z,causal-ridge-shortlag-v2,True
2025-10-31 13:00:00+00:00,CAISO_NP15,21484,1240,0,20244,33983.0,22587.2283851593,23883.87071805577,25058.521606743707,19801.7490708724,18092.8995795874,16220.376133866415,2025-10-31T13:00:00Z,causal-ridge-shortlag-v2,True
2025-10-31 13:00:00+00:00,ISONE_NEMA,12155,1277,252,10626,18007.25,11715.071395003324,11336.872438472526,11025.54417296263,10121.435878575629,9707.418522858272,9392.738747185056,2025-10-31T13:00:00Z,causal-ridge-shortlag-v2,True
2025-10-31 13:00:00+00:00,MISO_MINN_HUB,72957,14811,4302,53844,101249.75,71571.06803404356,70542.6863133203,69861.23996102944,48889.81291071126,45445.40885024543,44818.56696424868,2025-10-31T13:00:00Z,causal-ridge-shortlag-v2,True
2025-10-31 13:00:00+00:00,SPP_NORTH_HUB,33369,7608,135,25626,46366.75,33345.63742492496,33192.41631852342,32964.0872860057,25680.870099260235,25580.4244081374,25177.24926074181,2025-10-31T13:00:00Z,causal-ridge-shortlag-v2,True
2025-10-31 14:00:00+00:00,CAISO_NP15,23297,984,0,22313,33983.0,24882.935708089462,26107.977307696816,26788.524165602368,21485.711072586622,19048.747876510817,16381.350564379378,2025-10-31T14:00:00Z,causal-ridge-shortlag-v2,True
2025-10-31 14:00:00+00:00,ISONE_NEMA,11601,1364,390,9847,18007.25,11066.738427547734,10681.047662965566,10561.985953093945,9212.506092529107,8799.84762638414,8703.679199480783,2025-10-31T14:00:00Z,causal-ridge-shortlag-v2,True
2025-10-31 14:00:00+00:00,MISO_MINN_HUB,71589,13444,10044,48101,101249.75,70108.64169898002,69384.20633574574,70018.58946438866,44847.51551933517,46022.06451635873,47505.8101385715,2025-10-31T14:00:00Z,causal-ridge-shortlag-v2,True
2025-10-31 14:00:00+00:00,SPP_NORTH_HUB,32809,6894,619,25296,46366.75,32380.020433336154,32156.73407123828,32084.47186773453,25073.68390893777,24719.169706158908,24181.180064691343,2025-10-31T14:00:00Z,causal-ridge-shortlag-v2,True
2025-10-31 15:00:00+00:00,CAISO_NP15,24627,870,1416,22341,33983.0,25788.452569143275,26597.73011254676,26842.19907338278,19819.66421861832,17239.49022207148,14505.776767563586,2025-10-31T15:00:00Z,causal-ridge-shortlag-v2,True
2025-10-31 15:00:00+00:00,ISONE_NEMA,11517,1402,409,9706,18007.25,11551.958435511646,11552.244164483593,11567.452270902597,9744.414365732777,9761.49977989733,9810.414140451794,2025-10-31T15:00:00Z,causal-ridge-shortlag-v2,True
2025-10-31 15:00:00+00:00,MISO_MINN_HUB,70352,13402,11318,45632,101249.75,69715.8919871538,69731.52629427813,70186.2393119005,45618.44241374665,47015.43206238038,48430.25495491083,2025-10-31T15:00:00Z,causal-ridge-shortlag-v2,True
2025-10-31 15:00:00+00:00,SPP_NORTH_HUB,32271,6270,792,25209,46366.75,31923.26216097713,31786.40079054979,31771.061097192607,25006.915808922437,24573.476433344444,24038.8202333531,2025-10-31T15:00:00Z,causal-ridge-shortlag-v2,True
2025-10-31 16:00:00+00:00,CAISO_NP15,25773,674,9311,15788,33983.0,26511.755060084823,26444.157316629477,26231.91943799097,10861.269693597977,10106.224532609034,9661.257296368853,2025-10-31T16:00:00Z,causal-ridge-shortlag-v2,True
2025-10-31 16:00:00+00:00,ISONE_NEMA,11655,1381,266,10008,18007.25,11852.95590145207,11961.56325524478,11975.37094322097,10282.77417592557,10423.660243321894,10467.784520160503,2025-10-31T16:00:00Z,causal-ridge-shortlag-v2,True
2025-10-31 16:00:00+00:00,MISO_MINN_HUB,69476,16296,11186,41994,101249.75,68690.96011777161,68741.38655367131,69045.67069630037,40788.06412798671,40181.6885147658,42546.872831308734,2025-10-31T16:00:00Z,causal-ridge-shortlag-v2,True
2025-10-31 16:00:00+00:00,SPP_NORTH_HUB,31791,7244,806,23741,46366.75,31419.475155423057,31265.991751511938,31288.580712409,22599.10830008317,21959.582276648653,21518.87812101587,2025-10-31T16:00:00Z,causal-ridge-shortlag-v2,True
2025-10-31 17:00:00+00:00,CAISO_NP15,26897,642,14401,11854,33983.0,27321.79369724012,27128.334200467816,26774.47612086085,10660.838127257146,9812.391426942864,9956.32735969183,2025-10-31T17:00:00Z,causal-ridge-shortlag-v2,True
2025-10-31 17:00:00+00:00,ISONE_NEMA,11770,1341,205,10224,18007.25,11886.133057866147,11924.27961662186,11892.352667203357,10387.859814521122,10461.746281151416,10471.243832291668,2025-10-31T17:00:00Z,causal-ridge-shortlag-v2,True
2025-10-31 17:00:00+00:00,MISO_MINN_HUB,68734,17271,10613,40850,101249.75,68619.25942836549,69175.05672324188,70121.55647912378,41941.722579304216,44526.91905487924,47124.41139409026,2025-10-31T17:00:00Z,causal-ridge-shortlag-v2,True
2025-10-31 17:00:00+00:00,SPP_NORTH_HUB,31444,9211,857,21376,46366.75,31221.02620285477,31230.95792602553,31397.96324561845,19954.53293902759,19307.78960967996,18951.22722776108,2025-10-31T17:00:00Z,causal-ridge-shortlag-v2,True
2025-10-31 18:00:00+00:00,CAISO_NP15,27593,673,15994,10926,33983.0,27394.65196592541,26807.97517292472,26054.77875563019,10600.76972995649,10775.223729322544,11143.555026649825,2025-10-31T18:00:00Z,causal-ridge-shortlag-v2,True
2025-10-31 18:00:00+00:00,ISONE_NEMA,12046,1351,244,10451,18007.25,12209.38059339683,12248.57066232591,12240.053455174222,10631.997185323966,10716.726887241462,10764.42773313994,2025-10-31T18:00:00Z,causal-ridge-shortlag-v2,True
2025-10-31 18:00:00+00:00,MISO_MINN_HUB,68247,17848,10404,39995,101249.75,68233.63833933654,68919.4682041098,69765.35962908779,41002.68924011139,42562.18526038646,45576.59892951526,2025-10-31T18:00:00Z,causal-ridge-shortlag-v2,True
2025-10-31 18:00:00+00:00,SPP_NORTH_HUB,31182,9857,828,20497,46366.75,31065.865228937782,31181.34110506993,31401.40490912105,20014.75261687301,19787.61363298528,19595.776629702414,2025-10-31T18:00:00Z,causal-ridge-shortlag-v2,True
2025-10-31 19:00:00+00:00,CAISO_NP15,27444,746,15958,10740,33983.0,27034.510042012604,26647.39623680138,26326.025206957143,10935.27444421883,12003.286691638825,13062.086961585595,2025-10-31T19:00:00Z,causal-ridge-shortlag-v2,True
2025-10-31 19:00:00+00:00,ISONE_NEMA,12299,1346,177,10776,18007.25,12442.051976590628,12459.130688657706,12356.455788380776,10979.341874834565,11042.72539679455,10987.8561086571,2025-10-31T19:00:00Z,causal-ridge-shortlag-v2,True
2025-10-31 19:00:00+00:00,MISO_MINN_HUB,67724,17482,10415,39827,101249.75,67796.10225340966,68600.15455226596,69782.7149363936,41508.01315862255,44609.9038794131,48269.08898699426,2025-10-31T19:00:00Z,causal-ridge-shortlag-v2,True
2025-10-31 19:00:00+00:00,SPP_NORTH_HUB,30926,9691,739,20496,46366.75,30828.527979564864,30922.004079260423,31112.34788838161,20390.03731272051,20334.58745706123,20214.242960319843,2025-10-31T19:00:00Z,causal-ridge-shortlag-v2,True
2025-10-31 20:00:00+00:00,CAISO_NP15,27594,748,15798,11048,33983.0,27322.721829318245,27145.78401195539,27169.659882033346,11736.86219288757,13475.43487468351,15229.335503029924,2025-10-31T20:00:00Z,causal-ridge-shortlag-v2,True
2025-10-31 20:00:00+00:00,ISONE_NEMA,12834,1352,81,11401,18007.25,13228.214894809598,13218.782210367262,12848.45502771323,11860.575486610096,11888.9979793051,11537.387715171924,2025-10-31T20:00:00Z,causal-ridge-shortlag-v2,True
2025-10-31 20:00:00+00:00,MISO_MINN_HUB,67392,17283,9998,40111,101249.75,67644.34269141364,68520.51280454178,69757.37096911258,42143.91649398347,45349.87344673541,48859.75719265026,2025-10-31T20:00:00Z,causal-ridge-shortlag-v2,True
2025-10-31 20:00:00+00:00,SPP_NORTH_HUB,30782,9121,643,21018,46366.75,30728.31378551024,30785.521513421118,30882.73613556753,21129.984621187134,21126.79698344424,20972.8432552053,2025-10-31T20:00:00Z,causal-ridge-shortlag-v2,True
2025-10-31 21:00:00+00:00,CAISO_NP15,27471,728,15563,11180,33983.0,27223.439724981978,27129.91013389617,27215.08630618102,12137.589397339078,14215.117684802715,16469.554538273405,2025-10-31T21:00:00Z,causal-ridge-shortlag-v2,True
2025-10-31 21:00:00+00:00,ISONE_NEMA,13267,1277,12,11978,18007.25,13393.479039487856,13151.39778219282,12630.20926114601,12188.551250308716,11988.019964024948,11492.075680894974,2025-10-31T21:00:00Z,causal-ridge-shortlag-v2,True
2025-10-31 21:00:00+00:00,MISO_MINN_HUB,67462,16484,6910,44068,101249.75,68400.6019435649,69356.2597360694,70096.38948701267,48288.59087550749,52035.13792021454,53671.08381887856,2025-10-31T21:00:00Z,causal-ridge-shortlag-v2,True
2025-10-31 21:00:00+00:00,SPP_NORTH_HUB,30776,8400,640,21736,46366.75,30824.0825850813,30925.81078306195,31012.27260132825,21952.539447472755,21919.904105852256,21668.146640574218,2025-10-31T21:00:00Z,causal-ridge-shortlag-v2,True
2025-10-31 22:00:00+00:00,CAISO_NP15,27999,713,15929,11357,33983.0,28016.53476618598,27841.55215473475,27756.0074101421,12762.100124352848,15228.293550980374,17822.025559543774,2025-10-31T22:00:00Z,causal-ridge-shortlag-v2,True
2025-10-31 22:00:00+00:00,ISONE_NEMA,13172,1156,1,12015,18007.25,12805.23394497286,12274.299015453444,11656.950092812369,11704.959449238357,11212.413772995742,10634.163815975371,2025-10-31T22:00:00Z,causal-ridge-shortlag-v2,True
2025-10-31 22:00:00+00:00,MISO_MINN_HUB,67630,14911,1800,50919,101249.75,68490.94738036262,68776.67443185988,67987.51827462843,55389.621354030256,56541.93615897573,55387.09532300792,2025-10-31T22:00:00Z,causal-ridge-shortlag-v2,True
2025-10-31 22:00:00+00:00,SPP_NORTH_HUB,30461,7881,337,22243,46366.75,30285.62911435063,30126.09168666063,29940.36626897288,22373.471416101973,22046.93408187703,21469.849046601463,2025-10-31T22:00:00Z,causal-ridge-shortlag-v2,True
2025-10-31 23:00:00+00:00,CAISO_NP15,27633,710,15299,11624,33983.0,27279.42520161094,27005.278702253792,26842.287789533515,13542.385657667288,16054.95840927908,18745.60519183294,2025-10-31T23:00:00Z,causal-ridge-shortlag-v2,True
2025-10-31 23:00:00+00:00,ISONE_NEMA,12852,1126,1,11725,18007.25,12381.618757842298,11815.68640106996,11223.80251059371,11288.19430609382,10765.262618305498,10215.075175786777,2025-10-31T23:00:00Z,causal-ridge-shortlag-v2,True
2025-10-31 23:00:00+00:00,MISO_MINN_HUB,67821,13110,24,54687,101249.75,67717.20317455355,66840.43586526738,65268.97149836312,55711.55711767129,54527.63992507962,52956.94955896544,2025-10-31T23:00:00Z,causal-ridge-shortlag-v2,True
2025-10-31 23:00:00+00:00,SPP_NORTH_HUB,30245,8253,34,21958,46366.75,30128.46902171909,29850.410579481908,29440.937258255515,21560.51387480229,20786.875998834777,19933.59165469232,2025-10-31T23:00:00Z,causal-ridge-shortlag-v2,True
