timestep,solar_fraction
0,0.0
1,0.0
2,0.0
3,0.0
4,0.0
5,0.0
6,0.0
7,0.0
8,0.0
9,0.0
10,0.0
11,0.0
12,0.0
13,0.0
14,0.0
15,0.0
16,0.0
17,0.0
18,0.0
19,0.0
20,0.0
21,0.0
22,0.0
23,0.0
24,0.0
25,0.0
26,0.0
27,0.0
28,0.0
29,0.0
30,0.0
31,0.0
32,0.0
33,0.0
34,0.0
35,0.0
36,0.0
37,0.0
38,0.0
39,0.0
40,0.0
41,0.0
42,0.0
43,0.0
44,0.0
45,0.0
46,0.0
47,0.0
48,0.0
49,0.0
50,0.0
51,0.0
52,0.0
53,0.0
54,0.0
55,0.0
56,0.0
57,0.0
58,0.0
59,0.0
60,0.0
61,0.0
62,0.0
63,0.0
64,0.0
65,0.0
66,0.0
67,0.0
68,0.0
69,0.0
70,0.0
71,0.0
72,0.0
73,0.0
74,0.0
75,0.0
76,0.0
77,0.0
78,0.0
79,0.0
80,0.0
81,0.0
82,0.0
83,0.0
84,0.0
85,0.0
86,0.0
87,0.0
88,0.0
89,0.0
90,0.0
91,0.0
92,0.0
93,0.0
94,0.0
95,0.0
96,0.0
97,0.0
98,0.0
99,0.0
100,0.0
101,0.0
102,0.0
103,0.0
104,0.0
105,0.0
106,0.0
107,0.0
108,0.0
109,0.0
110,0.0
111,0.0
112,0.0
113,0.0
114,0.0
115,0.0
116,0.0
117,0.0
118,0.0
119,0.0
120,0.0
121,0.0092166666666666
122,0.0184333333333333
123,0.0276499999999999
124,0.0368666666666666
125,0.0460833333333333
126,0.0552999999999999
127,0.0645166666666666
128,0.0737333333333333
129,0.08295
130,0.0921666666666666
131,0.1013833333333333
132,0.1105999999999999
133,0.1235041666666666
134,0.1364083333333333
135,0.1493125
136,0.1622166666666666
137,0.1751208333333333
138,0.188025
139,0.2009291666666667
140,0.2138333333333333
141,0.2267374999999999
142,0.2396416666666666
143,0.2525458333333333
144,0.2654499999999999
145,0.2799041666666666
146,0.2943583333333333
147,0.3088125
148,0.3232666666666666
149,0.3377208333333333
150,0.3521749999999999
151,0.3666291666666667
152,0.3810833333333333
153,0.3955375
154,0.4099916666666667
155,0.4244458333333333
156,0.4388999999999999
157,0.4495708333333333
158,0.4602416666666666
159,0.4709125
160,0.4815833333333333
161,0.4922541666666666
162,0.5029250000000001
163,0.5135958333333333
164,0.5242666666666667
165,0.5349375
166,0.5456083333333334
167,0.5562791666666667
168,0.5669500000000001
169,0.5758958333333334
170,0.5848416666666667
171,0.5937875
172,0.6027333333333333
173,0.6116791666666667
174,0.620625
175,0.6295708333333333
176,0.6385166666666666
177,0.6474624999999999
178,0.6564083333333333
179,0.6653541666666666
180,0.6742999999999999
181,0.6847083333333333
182,0.6951166666666667
183,0.705525
184,0.7159333333333333
185,0.7263416666666667
186,0.73675
187,0.7471583333333333
188,0.7575666666666667
189,0.7679750000000001
190,0.7783833333333333
191,0.7887916666666668
192,0.7992
193,0.8026333333333333
194,0.8060666666666667
195,0.8095
196,0.8129333333333334
197,0.8163666666666667
198,0.8198000000000001
199,0.8232333333333334
200,0.8266666666666667
201,0.8301000000000001
202,0.8335333333333333
203,0.8369666666666667
204,0.8403999999999999
205,0.8449
206,0.8493999999999999
207,0.8539
208,0.8583999999999999
209,0.8629
210,0.8674
211,0.8719
212,0.8764
213,0.8809
214,0.8854
215,0.8899
216,0.8944
217,0.8861958333333333
218,0.8779916666666667
219,0.8697875
220,0.8615833333333334
221,0.8533791666666667
222,0.8451750000000001
223,0.8369708333333333
224,0.8287666666666667
225,0.8205625
226,0.8123583333333333
227,0.8041541666666667
228,0.79595
229,0.7817000000000001
230,0.7674500000000001
231,0.7532000000000001
232,0.73895
233,0.7247
234,0.71045
235,0.6962
236,0.6819500000000001
237,0.6677000000000001
238,0.6534500000000001
239,0.6392
240,0.62495
241,0.611225
242,0.5975
243,0.583775
244,0.5700500000000001
245,0.5563250000000001
246,0.5426
247,0.528875
248,0.51515
249,0.501425
250,0.4876999999999999
251,0.473975
252,0.46025
253,0.4418999999999999
254,0.42355
255,0.4052
256,0.38685
257,0.3685
258,0.35015
259,0.3318
260,0.31345
261,0.2951
262,0.27675
263,0.2584
264,0.24005
265,0.2241241666666666
266,0.2081983333333333
267,0.1922725
268,0.1763466666666666
269,0.1604208333333333
270,0.144495
271,0.1285691666666666
272,0.1126433333333333
273,0.0967175
274,0.0807916666666666
275,0.0648658333333333
276,0.04894
277,0.0448616666666666
278,0.0407833333333333
279,0.036705
280,0.0326266666666666
281,0.0285483333333333
282,0.02447
283,0.0203916666666666
284,0.0163133333333333
285,0.012235
286,0.0081566666666666
287,0.0040783333333333
288,0.0
289,0.0
290,0.0
291,0.0
292,0.0
293,0.0
294,0.0
295,0.0
296,0.0
297,0.0
298,0.0
299,0.0
300,0.0
301,0.0
302,0.0
303,0.0
304,0.0
305,0.0
306,0.0
307,0.0
308,0.0
309,0.0
310,0.0
311,0.0
312,0.0
313,0.0
314,0.0
315,0.0
316,0.0
317,0.0
318,0.0
319,0.0
320,0.0
321,0.0
322,0.0
323,0.0
324,0.0
325,0.0
326,0.0
327,0.0
328,0.0
329,0.0
330,0.0
331,0.0
332,0.0
333,0.0
334,0.0
335,0.0
336,0.0
337,0.0
338,0.0
339,0.0
340,0.0
341,0.0
342,0.0
343,0.0
344,0.0
345,0.0
346,0.0
347,0.0
348,0.0
349,0.0
350,0.0
351,0.0
352,0.0
353,0.0
354,0.0
355,0.0
356,0.0
357,0.0
358,0.0
359,0.0
360,0.0
361,0.0
362,0.0
363,0.0
364,0.0
365,0.0
366,0.0
367,0.0
368,0.0
369,0.0
370,0.0
371,0.0
372,0.0
373,0.0
374,0.0
375,0.0
376,0.0
377,0.0
378,0.0
379,0.0
380,0.0
381,0.0
382,0.0
383,0.0
384,0.0
385,0.0
386,0.0
387,0.0
388,0.0
389,0.0
390,0.0
391,0.0
392,0.0
393,0.0
394,0.0
395,0.0
396,0.0
397,0.0
398,0.0
399,0.0
400,0.0
401,0.0
402,0.0
403,0.0
404,0.0
405,0.0
406,0.0
407,0.0
408,0.0
409,0.0087166666666666
410,0.0174333333333333
411,0.02615
412,0.0348666666666666
413,0.0435833333333333
414,0.0523
415,0.0610166666666666
416,0.0697333333333333
417,0.07845
418,0.0871666666666666
419,0.0958833333333333
420,0.1046
421,0.1180875
422,0.131575
423,0.1450625
424,0.15855
425,0.1720374999999999
426,0.1855249999999999
427,0.1990124999999999
428,0.2125
429,0.2259874999999999
430,0.239475
431,0.2529625
432,0.2664499999999999
433,0.2826791666666666
434,0.2989083333333333
435,0.3151375
436,0.3313666666666667
437,0.3475958333333334
438,0.363825
439,0.3800541666666667
440,0.3962833333333334
441,0.4125125
442,0.4287416666666667
443,0.4449708333333333
444,0.4612
445,0.4749291666666667
446,0.4886583333333333
447,0.5023875000000001
448,0.5161166666666667
449,0.5298458333333335
450,0.543575
451,0.5573041666666667
452,0.5710333333333334
453,0.5847625000000001
454,0.5984916666666666
455,0.6122208333333334
456,0.62595
457,0.6304000000000001
458,0.63485
459,0.6393000000000001
460,0.64375
461,0.6482
462,0.6526500000000001
463,0.6571
464,0.6615500000000001
465,0.666
466,0.67045
467,0.6748999999999999
468,0.67935
469,0.6836541666666667
470,0.6879583333333333
471,0.6922625
472,0.6965666666666667
473,0.7008708333333334
474,0.705175
475,0.7094791666666667
476,0.7137833333333333
477,0.7180875
478,0.7223916666666667
479,0.7266958333333333
480,0.731
481,0.7286625
482,0.726325
483,0.7239875
484,0.72165
485,0.7193125
486,0.716975
487,0.7146375
488,0.7123
489,0.7099624999999999
490,0.707625
491,0.7052875000000001
492,0.7029500000000001
493,0.7019458333333335
494,0.7009416666666667
495,0.6999375
496,0.6989333333333334
497,0.6979291666666668
498,0.696925
499,0.6959208333333333
500,0.6949166666666667
501,0.6939125000000002
502,0.6929083333333335
503,0.6919041666666667
504,0.6909000000000001
505,0.6824625000000001
506,0.6740250000000001
507,0.6655875000000001
508,0.6571500000000001
509,0.6487125000000001
510,0.640275
511,0.6318374999999999
512,0.6234
513,0.6149625
514,0.606525
515,0.5980875
516,0.58965
517,0.5884916666666666
518,0.5873333333333333
519,0.586175
520,0.5850166666666666
521,0.5838583333333334
522,0.5827
523,0.5815416666666666
524,0.5803833333333334
525,0.579225
526,0.5780666666666666
527,0.5769083333333334
528,0.57575
529,0.5615375
530,0.5473250000000001
531,0.5331125
532,0.5189
533,0.5046875
534,0.490475
535,0.4762625
536,0.46205
537,0.4478375
538,0.433625
539,0.4194125
540,0.4052
541,0.3910333333333333
542,0.3768666666666667
543,0.3626999999999999
544,0.3485333333333333
545,0.3343666666666667
546,0.3202
547,0.3060333333333333
548,0.2918666666666666
549,0.2777
550,0.2635333333333333
551,0.2493666666666666
552,0.2352
553,0.2197641666666666
554,0.2043283333333333
555,0.1888925
556,0.1734566666666666
557,0.1580208333333333
558,0.142585
559,0.1271491666666666
560,0.1117133333333333
561,0.0962774999999999
562,0.0808416666666666
563,0.0654058333333333
564,0.04997
565,0.0458058333333333
566,0.0416416666666666
567,0.0374775
568,0.0333133333333333
569,0.0291491666666666
570,0.024985
571,0.0208208333333333
572,0.0166566666666666
573,0.0124925
574,0.0083283333333333
575,0.0041641666666666
576,0.0
577,0.0
578,0.0
579,0.0
580,0.0
581,0.0
582,0.0
583,0.0
584,0.0
585,0.0
586,0.0
587,0.0
588,0.0
589,0.0
590,0.0
591,0.0
592,0.0
593,0.0
594,0.0
595,0.0
596,0.0
597,0.0
598,0.0
599,0.0
600,0.0
601,0.0
602,0.0
603,0.0
604,0.0
605,0.0
606,0.0
607,0.0
608,0.0
609,0.0
610,0.0
611,0.0
612,0.0
613,0.0
614,0.0
615,0.0
616,0.0
617,0.0
618,0.0
619,0.0
620,0.0
621,0.0
622,0.0
623,0.0
624,0.0
625,0.0
626,0.0
627,0.0
628,0.0
629,0.0
630,0.0
631,0.0
632,0.0
633,0.0
634,0.0
635,0.0
636,0.0
637,0.0
638,0.0
639,0.0
640,0.0
641,0.0
642,0.0
643,0.0
644,0.0
645,0.0
646,0.0
647,0.0
648,0.0
649,0.0
650,0.0
651,0.0
652,0.0
653,0.0
654,0.0
655,0.0
656,0.0
657,0.0
658,0.0
659,0.0
660,0.0
661,0.0
662,0.0
663,0.0
664,0.0
665,0.0
666,0.0
667,0.0
668,0.0
669,0.0
670,0.0
671,0.0
672,0.0
673,0.0
674,0.0
675,0.0
676,0.0
677,0.0
678,0.0
679,0.0
680,0.0
681,0.0
682,0.0
683,0.0
684,0.0
685,0.0
686,0.0
687,0.0
688,0.0
689,0.0
690,0.0
691,0.0
692,0.0
693,0.0
694,0.0
695,0.0
696,0.0
697,0.0064041666666666
698,0.0128083333333333
699,0.0192124999999999
700,0.0256166666666666
701,0.0320208333333333
702,0.0384249999999999
703,0.0448291666666666
704,0.0512333333333333
705,0.0576374999999999
706,0.0640416666666666
707,0.0704458333333333
708,0.0768499999999999
709,0.0839833333333333
710,0.0911166666666666
711,0.09825
712,0.1053833333333333
713,0.1125166666666666
714,0.1196499999999999
715,0.1267833333333333
716,0.1339166666666666
717,0.1410499999999999
718,0.1481833333333333
719,0.1553166666666666
720,0.1624499999999999
721,0.1714333333333333
722,0.1804166666666666
723,0.1893999999999999
724,0.1983833333333333
725,0.2073666666666666
726,0.21635
727,0.2253333333333333
728,0.2343166666666666
729,0.2433
730,0.2522833333333333
731,0.2612666666666666
732,0.27025
733,0.2764166666666667
734,0.2825833333333333
735,0.28875
736,0.2949166666666666
737,0.3010833333333333
738,0.30725
739,0.3134166666666667
740,0.3195833333333333
741,0.32575
742,0.3319166666666667
743,0.3380833333333333
744,0.34425
745,0.3499583333333333
746,0.3556666666666667
747,0.361375
748,0.3670833333333333
749,0.3727916666666667
750,0.3785
751,0.3842083333333333
752,0.3899166666666667
753,0.395625
754,0.4013333333333333
755,0.4070416666666667
756,0.41275
757,0.4240125
758,0.4352749999999999
759,0.4465375
760,0.4578
761,0.4690625
762,0.480325
763,0.4915874999999999
764,0.50285
765,0.5141125
766,0.525375
767,0.5366374999999999
768,0.5478999999999999
769,0.5376916666666666
770,0.5274833333333333
771,0.5172749999999999
772,0.5070666666666667
773,0.4968583333333333
774,0.4866499999999999
775,0.4764416666666666
776,0.4662333333333333
777,0.4560249999999999
778,0.4458166666666666
779,0.4356083333333332
780,0.4254
781,0.4253791666666666
782,0.4253583333333333
783,0.4253375
784,0.4253166666666667
785,0.4252958333333333
786,0.4252749999999999
787,0.4252541666666666
788,0.4252333333333333
789,0.4252125
790,0.4251916666666667
791,0.4251708333333333
792,0.42515
793,0.4234041666666666
794,0.4216583333333333
795,0.4199124999999999
796,0.4181666666666666
797,0.4164208333333333
798,0.4146749999999999
799,0.4129291666666667
800,0.4111833333333333
801,0.4094375
802,0.4076916666666667
803,0.4059458333333333
804,0.4042
805,0.4018208333333333
806,0.3994416666666666
807,0.3970625
808,0.3946833333333333
809,0.3923041666666667
810,0.3899249999999999
811,0.3875458333333333
812,0.3851666666666666
813,0.3827874999999999
814,0.3804083333333333
815,0.3780291666666666
816,0.37565
817,0.3647999999999999
818,0.35395
819,0.3430999999999999
820,0.33225
821,0.3213999999999999
822,0.3105499999999999
823,0.2996999999999999
824,0.2888499999999999
825,0.278
826,0.26715
827,0.2563
828,0.24545
829,0.2325708333333333
830,0.2196916666666666
831,0.2068125
832,0.1939333333333333
833,0.1810541666666666
834,0.168175
835,0.1552958333333333
836,0.1424166666666667
837,0.1295375
838,0.1166583333333333
839,0.1037791666666666
840,0.0909
841,0.0850875
842,0.079275
843,0.0734625
844,0.06765
845,0.0618375
846,0.056025
847,0.0502125
848,0.0444
849,0.0385875
850,0.032775
851,0.0269625
852,0.02115
853,0.0193875
854,0.017625
855,0.0158624999999999
856,0.0140999999999999
857,0.0123374999999999
858,0.010575
859,0.0088124999999999
860,0.0070499999999999
861,0.0052874999999999
862,0.0035249999999999
863,0.0017624999999999
864,0.0
865,0.0
866,0.0
867,0.0
868,0.0
869,0.0
870,0.0
871,0.0
872,0.0
873,0.0
874,0.0
875,0.0
876,0.0
877,0.0
878,0.0
879,0.0
880,0.0
881,0.0
882,0.0
883,0.0
884,0.0
885,0.0
886,0.0
887,0.0
888,0.0
889,0.0
890,0.0
891,0.0
892,0.0
893,0.0
894,0.0
895,0.0
896,0.0
897,0.0
898,0.0
899,0.0
900,0.0
901,0.0
902,0.0
903,0.0
904,0.0
905,0.0
906,0.0
907,0.0
908,0.0
909,0.0
910,0.0
911,0.0
912,0.0
913,0.0
914,0.0
915,0.0
916,0.0
917,0.0
918,0.0
919,0.0
920,0.0
921,0.0
922,0.0
923,0.0
924,0.0
925,0.0
926,0.0
927,0.0
928,0.0
929,0.0
930,0.0
931,0.0
932,0.0
933,0.0
934,0.0
935,0.0
936,0.0
937,0.0
938,0.0
939,0.0
940,0.0
941,0.0
942,0.0
943,0.0
944,0.0
945,0.0
946,0.0
947,0.0
948,0.0
949,0.0
950,0.0
951,0.0
952,0.0
953,0.0
954,0.0
955,0.0
956,0.0
957,0.0
958,0.0
959,0.0
960,0.0
961,0.0
962,0.0
963,0.0
964,0.0
965,0.0
966,0.0
967,0.0
968,0.0
969,0.0
970,0.0
971,0.0
972,0.0
973,0.0
974,0.0
975,0.0
976,0.0
977,0.0
978,0.0
979,0.0
980,0.0
981,0.0
982,0.0
983,0.0
984,0.0
985,0.0059583333333333
986,0.0119166666666666
987,0.017875
988,0.0238333333333333
989,0.0297916666666666
990,0.03575
991,0.0417083333333333
992,0.0476666666666666
993,0.053625
994,0.0595833333333333
995,0.0655416666666666
996,0.0715
997,0.083275
998,0.09505
999,0.106825
1000,0.1186
1001,0.130375
1002,0.14215
1003,0.153925
1004,0.1657
1005,0.177475
1006,0.18925
1007,0.201025
1008,0.2128
1009,0.2298375
1010,0.246875
1011,0.2639125
1012,0.28095
1013,0.2979875
1014,0.315025
1015,0.3320625
1016,0.3491
1017,0.3661375
1018,0.383175
1019,0.4002124999999999
1020,0.41725
1021,0.4288708333333333
1022,0.4404916666666666
1023,0.4521125
1024,0.4637333333333333
1025,0.4753541666666667
1026,0.486975
1027,0.4985958333333333
1028,0.5102166666666667
1029,0.5218375000000001
1030,0.5334583333333334
1031,0.5450791666666667
1032,0.5567000000000001
1033,0.5719375
1034,0.5871750000000001
1035,0.6024125
1036,0.61765
1037,0.6328875
1038,0.648125
1039,0.6633625
1040,0.6786
1041,0.6938375
1042,0.7090749999999999
1043,0.7243125
1044,0.7395499999999999
1045,0.7473041666666667
1046,0.7550583333333333
1047,0.7628125
1048,0.7705666666666666
1049,0.7783208333333334
1050,0.7860750000000001
1051,0.7938291666666667
1052,0.8015833333333334
1053,0.8093374999999999
1054,0.8170916666666667
1055,0.8248458333333333
1056,0.8326
1057,0.830375
1058,0.8281499999999999
1059,0.825925
1060,0.8237000000000001
1061,0.8214750000000001
1062,0.81925
1063,0.817025
1064,0.8148
1065,0.812575
1066,0.81035
1067,0.808125
1068,0.8059
1069,0.80995
1070,0.814
1071,0.8180499999999999
1072,0.8221
1073,0.8261499999999999
1074,0.8301999999999999
1075,0.83425
1076,0.8382999999999999
1077,0.84235
1078,0.8463999999999999
1079,0.85045
1080,0.8545
1081,0.8266666666666667
1082,0.7988333333333334
1083,0.771
1084,0.7431666666666666
1085,0.7153333333333334
1086,0.6875
1087,0.6596666666666666
1088,0.6318333333333334
1089,0.604
1090,0.5761666666666666
1091,0.5483333333333333
1092,0.5205
1093,0.501125
1094,0.48175
1095,0.462375
1096,0.443
1097,0.423625
1098,0.40425
1099,0.384875
1100,0.3655
1101,0.346125
1102,0.32675
1103,0.307375
1104,0.288
1105,0.2717666666666666
1106,0.2555333333333333
1107,0.2393
1108,0.2230666666666666
1109,0.2068333333333333
1110,0.1906
1111,0.1743666666666666
1112,0.1581333333333333
1113,0.1418999999999999
1114,0.1256666666666666
1115,0.1094333333333333
1116,0.0932
1117,0.0911208333333333
1118,0.0890416666666666
1119,0.0869625
1120,0.0848833333333333
1121,0.0828041666666666
1122,0.0807249999999999
1123,0.0786458333333333
1124,0.0765666666666666
1125,0.0744875
1126,0.0724083333333333
1127,0.0703291666666666
1128,0.06825
1129,0.0645791666666666
1130,0.0609083333333333
1131,0.0572375
1132,0.0535666666666666
1133,0.0498958333333333
1134,0.046225
1135,0.0425541666666666
1136,0.0388833333333333
1137,0.0352125
1138,0.0315416666666666
1139,0.0278708333333333
1140,0.0242
1141,0.0221833333333333
1142,0.0201666666666666
1143,0.01815
1144,0.0161333333333333
1145,0.0141166666666666
1146,0.0121
1147,0.0100833333333333
1148,0.0080666666666666
1149,0.00605
1150,0.0040333333333333
1151,0.0020166666666666
1152,0.0
1153,0.0
1154,0.0
1155,0.0
1156,0.0
1157,0.0
1158,0.0
1159,0.0
1160,0.0
1161,0.0
1162,0.0
1163,0.0
1164,0.0
1165,0.0
1166,0.0
1167,0.0
1168,0.0
1169,0.0
1170,0.0
1171,0.0
1172,0.0
1173,0.0
1174,0.0
1175,0.0
1176,0.0
1177,0.0
1178,0.0
1179,0.0
1180,0.0
1181,0.0
1182,0.0
1183,0.0
1184,0.0
1185,0.0
1186,0.0
1187,0.0
1188,0.0
1189,0.0
1190,0.0
1191,0.0
1192,0.0
1193,0.0
1194,0.0
1195,0.0
1196,0.0
1197,0.0
1198,0.0
1199,0.0
1200,0.0
1201,0.0
1202,0.0
1203,0.0
1204,0.0
1205,0.0
1206,0.0
1207,0.0
1208,0.0
1209,0.0
1210,0.0
1211,0.0
1212,0.0
1213,0.0
1214,0.0
1215,0.0
1216,0.0
1217,0.0
1218,0.0
1219,0.0
1220,0.0
1221,0.0
1222,0.0
1223,0.0
1224,0.0
1225,0.0
1226,0.0
1227,0.0
1228,0.0
1229,0.0
1230,0.0
1231,0.0
1232,0.0
1233,0.0
1234,0.0
1235,0.0
1236,0.0
1237,0.0
1238,0.0
1239,0.0
1240,0.0
1241,0.0
1242,0.0
1243,0.0
1244,0.0
1245,0.0
1246,0.0
1247,0.0
1248,0.0
1249,0.0
1250,0.0
1251,0.0
1252,0.0
1253,0.0
1254,0.0
1255,0.0
1256,0.0
1257,0.0
1258,0.0
1259,0.0
1260,0.0
1261,0.0
1262,0.0
1263,0.0
1264,0.0
1265,0.0
1266,0.0
1267,0.0
1268,0.0
1269,0.0
1270,0.0
1271,0.0
1272,0.0
1273,0.0071958333333333
1274,0.0143916666666666
1275,0.0215875
1276,0.0287833333333333
1277,0.0359791666666666
1278,0.043175
1279,0.0503708333333333
1280,0.0575666666666666
1281,0.0647624999999999
1282,0.0719583333333333
1283,0.0791541666666666
1284,0.08635
1285,0.0975416666666666
1286,0.1087333333333333
1287,0.1199249999999999
1288,0.1311166666666666
1289,0.1423083333333333
1290,0.1534999999999999
1291,0.1646916666666666
1292,0.1758833333333333
1293,0.187075
1294,0.1982666666666666
1295,0.2094583333333333
1296,0.2206499999999999
1297,0.2346124999999999
1298,0.248575
1299,0.2625375
1300,0.2765
1301,0.2904624999999999
1302,0.304425
1303,0.3183875
1304,0.33235
1305,0.3463125
1306,0.360275
1307,0.3742375
1308,0.3882
1309,0.3955666666666667
1310,0.4029333333333334
1311,0.4103
1312,0.4176666666666667
1313,0.4250333333333334
1314,0.4324
1315,0.4397666666666667
1316,0.4471333333333334
1317,0.4545
1318,0.4618666666666666
1319,0.4692333333333333
1320,0.4766
1321,0.4915125
1322,0.506425
1323,0.5213375
1324,0.53625
1325,0.5511625
1326,0.566075
1327,0.5809875
1328,0.5959
1329,0.6108125
1330,0.6257249999999999
1331,0.6406375
1332,0.65555
1333,0.6674083333333333
1334,0.6792666666666667
1335,0.691125
1336,0.7029833333333333
1337,0.7148416666666667
1338,0.7267
1339,0.7385583333333333
1340,0.7504166666666666
1341,0.7622749999999999
1342,0.7741333333333333
1343,0.7859916666666666
1344,0.7978500000000001
1345,0.7846166666666666
1346,0.7713833333333333
1347,0.75815
1348,0.7449166666666667
1349,0.7316833333333332
1350,0.7184499999999999
1351,0.7052166666666667
1352,0.6919833333333334
1353,0.67875
1354,0.6655166666666666
1355,0.6522833333333333
1356,0.63905
1357,0.6375291666666666
1358,0.6360083333333333
1359,0.6344875
1360,0.6329666666666666
1361,0.6314458333333334
1362,0.629925
1363,0.6284041666666665
1364,0.6268833333333333
1365,0.6253624999999999
1366,0.6238416666666666
1367,0.6223208333333333
1368,0.6207999999999999
1369,0.5958249999999999
1370,0.5708499999999999
1371,0.545875
1372,0.5209
1373,0.4959249999999999
1374,0.47095
1375,0.445975
1376,0.421
1377,0.3960249999999999
1378,0.37105
1379,0.346075
1380,0.3211
1381,0.3281041666666667
1382,0.3351083333333333
1383,0.3421125
1384,0.3491166666666667
1385,0.3561208333333333
1386,0.363125
1387,0.3701291666666667
1388,0.3771333333333333
1389,0.3841374999999999
1390,0.3911416666666666
1391,0.3981458333333333
1392,0.4051499999999999
1393,0.3997708333333333
1394,0.3943916666666666
1395,0.3890125
1396,0.3836333333333333
1397,0.3782541666666666
1398,0.372875
1399,0.3674958333333333
1400,0.3621166666666667
1401,0.3567375
1402,0.3513583333333333
1403,0.3459791666666666
1404,0.3406
1405,0.3249291666666666
1406,0.3092583333333333
1407,0.2935875
1408,0.2779166666666667
1409,0.2622458333333333
1410,0.246575
1411,0.2309041666666667
1412,0.2152333333333333
1413,0.1995625
1414,0.1838916666666666
1415,0.1682208333333333
1416,0.15255
1417,0.1433916666666666
1418,0.1342333333333333
1419,0.125075
1420,0.1159166666666666
1421,0.1067583333333333
1422,0.0976
1423,0.0884416666666666
1424,0.0792833333333333
1425,0.070125
1426,0.0609666666666666
1427,0.0518083333333333
1428,0.04265
1429,0.0390958333333333
1430,0.0355416666666666
1431,0.0319875
1432,0.0284333333333333
1433,0.0248791666666666
1434,0.021325
1435,0.0177708333333333
1436,0.0142166666666666
1437,0.0106625
1438,0.0071083333333333
1439,0.0035541666666666
1440,0.0
1441,0.0
1442,0.0
1443,0.0
1444,0.0
1445,0.0
1446,0.0
1447,0.0
1448,0.0
1449,0.0
1450,0.0
1451,0.0
1452,0.0
1453,0.0
1454,0.0
1455,0.0
1456,0.0
1457,0.0
1458,0.0
1459,0.0
1460,0.0
1461,0.0
1462,0.0
1463,0.0
1464,0.0
1465,0.0
1466,0.0
1467,0.0
1468,0.0
1469,0.0
1470,0.0
1471,0.0
1472,0.0
1473,0.0
1474,0.0
1475,0.0
1476,0.0
1477,0.0
1478,0.0
1479,0.0
1480,0.0
1481,0.0
1482,0.0
1483,0.0
1484,0.0
1485,0.0
1486,0.0
1487,0.0
1488,0.0
1489,0.0
1490,0.0
1491,0.0
1492,0.0
1493,0.0
1494,0.0
1495,0.0
1496,0.0
1497,0.0
1498,0.0
1499,0.0
1500,0.0
1501,0.0
1502,0.0
1503,0.0
1504,0.0
1505,0.0
1506,0.0
1507,0.0
1508,0.0
1509,0.0
1510,0.0
1511,0.0
1512,0.0
1513,0.0
1514,0.0
1515,0.0
1516,0.0
1517,0.0
1518,0.0
1519,0.0
1520,0.0
1521,0.0
1522,0.0
1523,0.0
1524,0.0
1525,0.0
1526,0.0
1527,0.0
1528,0.0
1529,0.0
1530,0.0
1531,0.0
1532,0.0
1533,0.0
1534,0.0
1535,0.0
1536,0.0
1537,0.0
1538,0.0
1539,0.0
1540,0.0
1541,0.0
1542,0.0
1543,0.0
1544,0.0
1545,0.0
1546,0.0
1547,0.0
1548,0.0
1549,0.0
1550,0.0
1551,0.0
1552,0.0
1553,0.0
1554,0.0
1555,0.0
1556,0.0
1557,0.0
1558,0.0
1559,0.0
1560,0.0
1561,0.0107291666666666
1562,0.0214583333333333
1563,0.0321875
1564,0.0429166666666666
1565,0.0536458333333333
1566,0.064375
1567,0.0751041666666666
1568,0.0858333333333333
1569,0.0965625
1570,0.1072916666666666
1571,0.1180208333333333
1572,0.12875
1573,0.1433249999999999
1574,0.1579
1575,0.172475
1576,0.18705
1577,0.201625
1578,0.2161999999999999
1579,0.2307749999999999
1580,0.2453499999999999
1581,0.2599249999999999
1582,0.2745
1583,0.2890749999999999
1584,0.30365
1585,0.3197416666666667
1586,0.3358333333333333
1587,0.3519249999999999
1588,0.3680166666666666
1589,0.3841083333333333
1590,0.4002
1591,0.4162916666666666
1592,0.4323833333333333
1593,0.448475
1594,0.4645666666666667
1595,0.4806583333333333
1596,0.49675
1597,0.5082416666666667
1598,0.5197333333333334
1599,0.5312250000000001
1600,0.5427166666666667
1601,0.5542083333333334
1602,0.5657000000000001
1603,0.5771916666666667
1604,0.5886833333333332
1605,0.6001749999999999
1606,0.6116666666666666
1607,0.6231583333333333
1608,0.6346499999999999
1609,0.6346499999999999
1610,0.6346499999999999
1611,0.6346499999999999
1612,0.6346499999999999
1613,0.6346499999999999
1614,0.6346499999999999
1615,0.63465
1616,0.63465
1617,0.63465
1618,0.63465
1619,0.63465
1620,0.63465
1621,0.6479625000000001
1622,0.6612750000000001
1623,0.6745875000000001
1624,0.6879000000000001
1625,0.7012125000000001
1626,0.7145250000000001
1627,0.7278375
1628,0.74115
1629,0.7544624999999999
1630,0.767775
1631,0.7810874999999999
1632,0.7944
1633,0.7881791666666667
1634,0.7819583333333333
1635,0.7757375
1636,0.7695166666666666
1637,0.7632958333333334
1638,0.757075
1639,0.7508541666666666
1640,0.7446333333333334
1641,0.7384125
1642,0.7321916666666666
1643,0.7259708333333333
1644,0.71975
1645,0.7217208333333333
1646,0.7236916666666666
1647,0.7256625
1648,0.7276333333333334
1649,0.7296041666666666
1650,0.7315750000000001
1651,0.7335458333333333
1652,0.7355166666666666
1653,0.7374875
1654,0.7394583333333332
1655,0.7414291666666667
1656,0.7434
1657,0.7330333333333333
1658,0.7226666666666667
1659,0.7122999999999999
1660,0.7019333333333333
1661,0.6915666666666666
1662,0.6811999999999999
1663,0.6708333333333334
1664,0.6604666666666666
1665,0.6501
1666,0.6397333333333334
1667,0.6293666666666666
1668,0.619
1669,0.5986458333333333
1670,0.5782916666666666
1671,0.5579375
1672,0.5375833333333334
1673,0.5172291666666666
1674,0.496875
1675,0.4765208333333333
1676,0.4561666666666666
1677,0.4358125
1678,0.4154583333333333
1679,0.3951041666666666
1680,0.37475
1681,0.3686125
1682,0.362475
1683,0.3563375
1684,0.3502
1685,0.3440625
1686,0.337925
1687,0.3317875
1688,0.32565
1689,0.3195125
1690,0.313375
1691,0.3072375
1692,0.3011
1693,0.2855458333333333
1694,0.2699916666666667
1695,0.2544375
1696,0.2388833333333333
1697,0.2233291666666667
1698,0.207775
1699,0.1922208333333333
1700,0.1766666666666667
1701,0.1611125
1702,0.1455583333333333
1703,0.1300041666666666
1704,0.11445
1705,0.1088375
1706,0.103225
1707,0.0976124999999999
1708,0.092
1709,0.0863875
1710,0.080775
1711,0.0751625
1712,0.06955
1713,0.0639375
1714,0.0583249999999999
1715,0.0527124999999999
1716,0.0470999999999999
1717,0.043175
1718,0.0392499999999999
1719,0.0353249999999999
1720,0.0314
1721,0.027475
1722,0.0235499999999999
1723,0.019625
1724,0.0157
1725,0.011775
1726,0.00785
1727,0.003925
1728,0.0
1729,0.0
1730,0.0
1731,0.0
1732,0.0
1733,0.0
1734,0.0
1735,0.0
1736,0.0
1737,0.0
1738,0.0
1739,0.0
1740,0.0
1741,0.0
1742,0.0
1743,0.0
1744,0.0
1745,0.0
1746,0.0
1747,0.0
1748,0.0
1749,0.0
1750,0.0
1751,0.0
1752,0.0
1753,0.0
1754,0.0
1755,0.0
1756,0.0
1757,0.0
1758,0.0
1759,0.0
1760,0.0
1761,0.0
1762,0.0
1763,0.0
1764,0.0
1765,0.0
1766,0.0
1767,0.0
1768,0.0
1769,0.0
1770,0.0
1771,0.0
1772,0.0
1773,0.0
1774,0.0
1775,0.0
1776,0.0
1777,0.0
1778,0.0
1779,0.0
1780,0.0
1781,0.0
1782,0.0
1783,0.0
1784,0.0
1785,0.0
1786,0.0
1787,0.0
1788,0.0
1789,0.0
1790,0.0
1791,0.0
1792,0.0
1793,0.0
1794,0.0
1795,0.0
1796,0.0
1797,0.0
1798,0.0
1799,0.0
1800,0.0
1801,0.0
1802,0.0
1803,0.0
1804,0.0
1805,0.0
1806,0.0
1807,0.0
1808,0.0
1809,0.0
1810,0.0
1811,0.0
1812,0.0
1813,0.0
1814,0.0
1815,0.0
1816,0.0
1817,0.0
1818,0.0
1819,0.0
1820,0.0
1821,0.0
1822,0.0
1823,0.0
1824,0.0
1825,0.0
1826,0.0
1827,0.0
1828,0.0
1829,0.0
1830,0.0
1831,0.0
1832,0.0
1833,0.0
1834,0.0
1835,0.0
1836,0.0
1837,0.0
1838,0.0
1839,0.0
1840,0.0
1841,0.0
1842,0.0
1843,0.0
1844,0.0
1845,0.0
1846,0.0
1847,0.0
1848,0.0
1849,0.0084125
1850,0.016825
1851,0.0252374999999999
1852,0.03365
1853,0.0420625
1854,0.0504749999999999
1855,0.0588874999999999
1856,0.0673
1857,0.0757124999999999
1858,0.084125
1859,0.0925375
1860,0.10095
1861,0.1125791666666666
1862,0.1242083333333333
1863,0.1358375
1864,0.1474666666666666
1865,0.1590958333333333
1866,0.170725
1867,0.1823541666666666
1868,0.1939833333333333
1869,0.2056125
1870,0.2172416666666666
1871,0.2288708333333333
1872,0.2405
1873,0.250925
1874,0.26135
1875,0.271775
1876,0.2822
1877,0.292625
1878,0.30305
1879,0.313475
1880,0.3239
1881,0.334325
1882,0.34475
1883,0.355175
1884,0.3656
1885,0.3738125
1886,0.382025
1887,0.3902375
1888,0.3984499999999999
1889,0.4066625
1890,0.414875
1891,0.4230874999999999
1892,0.4313
1893,0.4395125
1894,0.447725
1895,0.4559375
1896,0.4641499999999999
1897,0.4812208333333333
1898,0.4982916666666666
1899,0.5153625
1900,0.5324333333333333
1901,0.5495041666666666
1902,0.566575
1903,0.5836458333333334
1904,0.6007166666666667
1905,0.6177875
1906,0.6348583333333333
1907,0.6519291666666667
1908,0.669
1909,0.666575
1910,0.66415
1911,0.661725
1912,0.6593
1913,0.656875
1914,0.65445
1915,0.652025
1916,0.6496000000000001
1917,0.647175
1918,0.64475
1919,0.6423249999999999
1920,0.6399
1921,0.6481458333333333
1922,0.6563916666666667
1923,0.6646374999999999
1924,0.6728833333333333
1925,0.6811291666666666
1926,0.689375
1927,0.6976208333333332
1928,0.7058666666666665
1929,0.7141124999999999
1930,0.7223583333333332
1931,0.7306041666666666
1932,0.7388499999999999
1933,0.7421291666666666
1934,0.7454083333333333
1935,0.7486874999999998
1936,0.7519666666666666
1937,0.7552458333333333
1938,0.758525
1939,0.7618041666666667
1940,0.7650833333333333
1941,0.7683625
1942,0.7716416666666667
1943,0.7749208333333334
1944,0.7782
1945,0.7632125000000001
1946,0.748225
1947,0.7332375000000001
1948,0.71825
1949,0.7032625
1950,0.688275
1951,0.6732875
1952,0.6583000000000001
1953,0.6433125
1954,0.628325
1955,0.6133375
1956,0.59835
1957,0.5811499999999999
1958,0.5639500000000001
1959,0.54675
1960,0.52955
1961,0.51235
1962,0.49515
1963,0.47795
1964,0.46075
1965,0.44355
1966,0.42635
1967,0.4091499999999999
1968,0.3919499999999999
1969,0.3893208333333333
1970,0.3866916666666666
1971,0.3840625
1972,0.3814333333333333
1973,0.3788041666666666
1974,0.376175
1975,0.3735458333333333
1976,0.3709166666666666
1977,0.3682875
1978,0.3656583333333333
1979,0.3630291666666666
1980,0.3604
1981,0.349125
1982,0.33785
1983,0.326575
1984,0.3153
1985,0.304025
1986,0.29275
1987,0.281475
1988,0.2702
1989,0.258925
1990,0.24765
1991,0.236375
1992,0.2251
1993,0.2116458333333333
1994,0.1981916666666666
1995,0.1847375
1996,0.1712833333333333
1997,0.1578291666666667
1998,0.144375
1999,0.1309208333333333
2000,0.1174666666666666
2001,0.1040125
2002,0.0905583333333333
2003,0.0771041666666666
2004,0.06365
2005,0.0583458333333333
2006,0.0530416666666666
2007,0.0477375
2008,0.0424333333333333
2009,0.0371291666666666
2010,0.031825
2011,0.0265208333333333
2012,0.0212166666666666
2013,0.0159125
2014,0.0106083333333333
2015,0.0053041666666666
2016,0.0
2017,0.0
2018,0.0
2019,0.0
2020,0.0
2021,0.0
2022,0.0
2023,0.0
2024,0.0
2025,0.0
2026,0.0
2027,0.0
2028,0.0
2029,0.0
2030,0.0
2031,0.0
2032,0.0
2033,0.0
2034,0.0
2035,0.0
2036,0.0
2037,0.0
2038,0.0
2039,0.0
2040,0.0
2041,0.0
2042,0.0
2043,0.0
2044,0.0
2045,0.0
2046,0.0
2047,0.0
2048,0.0
2049,0.0
2050,0.0
2051,0.0
2052,0.0
2053,0.0
2054,0.0
2055,0.0
2056,0.0
2057,0.0
2058,0.0
2059,0.0
2060,0.0
2061,0.0
2062,0.0
2063,0.0
2064,0.0
2065,0.0
2066,0.0
2067,0.0
2068,0.0
2069,0.0
2070,0.0
2071,0.0
2072,0.0
2073,0.0
2074,0.0
2075,0.0
2076,0.0
2077,0.0
2078,0.0
2079,0.0
2080,0.0
2081,0.0
2082,0.0
2083,0.0
2084,0.0
2085,0.0
2086,0.0
2087,0.0
2088,0.0
2089,0.0
2090,0.0
2091,0.0
2092,0.0
2093,0.0
2094,0.0
2095,0.0
2096,0.0
2097,0.0
2098,0.0
2099,0.0
2100,0.0
2101,0.0
2102,0.0
2103,0.0
2104,0.0
2105,0.0
2106,0.0
2107,0.0
2108,0.0
2109,0.0
2110,0.0
2111,0.0
2112,0.0
2113,0.0
2114,0.0
2115,0.0
2116,0.0
2117,0.0
2118,0.0
2119,0.0
2120,0.0
2121,0.0
2122,0.0
2123,0.0
2124,0.0
2125,0.0
2126,0.0
2127,0.0
2128,0.0
2129,0.0
2130,0.0
2131,0.0
2132,0.0
2133,0.0
2134,0.0
2135,0.0
2136,0.0
2137,0.0115375
2138,0.023075
2139,0.0346125
2140,0.04615
2141,0.0576875
2142,0.069225
2143,0.0807625
2144,0.0923
2145,0.1038374999999999
2146,0.115375
2147,0.1269124999999999
2148,0.13845
2149,0.1549166666666666
2150,0.1713833333333333
2151,0.18785
2152,0.2043166666666666
2153,0.2207833333333333
2154,0.23725
2155,0.2537166666666666
2156,0.2701833333333333
2157,0.2866499999999999
2158,0.3031166666666667
2159,0.3195833333333334
2160,0.33605
2161,0.3524583333333334
2162,0.3688666666666667
2163,0.385275
2164,0.4016833333333333
2165,0.4180916666666667
2166,0.4345
2167,0.4509083333333333
2168,0.4673166666666667
2169,0.483725
2170,0.5001333333333334
2171,0.5165416666666668
2172,0.53295
2173,0.5476625
2174,0.562375
2175,0.5770875000000001
2176,0.5918000000000001
2177,0.6065125
2178,0.621225
2179,0.6359375
2180,0.65065
2181,0.6653625000000001
2182,0.6800750000000001
2183,0.6947875
2184,0.7095
2185,0.7121375000000001
2186,0.7147749999999999
2187,0.7174125
2188,0.72005
2189,0.7226875
2190,0.7253249999999999
2191,0.7279625
2192,0.7306
2193,0.7332375
2194,0.735875
2195,0.7385124999999999
2196,0.74115
2197,0.756275
2198,0.7714
2199,0.786525
2200,0.80165
2201,0.816775
2202,0.8319
2203,0.8470250000000001
2204,0.8621500000000001
2205,0.8772750000000001
2206,0.8924000000000001
2207,0.907525
2208,0.92265
2209,0.9174541666666668
2210,0.9122583333333334
2211,0.9070625
2212,0.9018666666666668
2213,0.8966708333333333
2214,0.891475
2215,0.8862791666666667
2216,0.8810833333333333
2217,0.8758875
2218,0.8706916666666666
2219,0.8654958333333332
2220,0.8603
2221,0.845575
2222,0.8308499999999999
2223,0.816125
2224,0.8014
2225,0.7866749999999999
2226,0.7719499999999999
2227,0.7572249999999999
2228,0.7424999999999999
2229,0.727775
2230,0.71305
2231,0.698325
2232,0.6835999999999999
2233,0.6653499999999999
2234,0.6470999999999999
2235,0.6288499999999999
2236,0.6105999999999999
2237,0.5923499999999999
2238,0.5741
2239,0.5558500000000001
2240,0.5376000000000001
2241,0.51935
2242,0.5011
2243,0.48285
2244,0.4646
2245,0.4711666666666667
2246,0.4777333333333333
2247,0.4843
2248,0.4908666666666667
2249,0.4974333333333333
2250,0.504
2251,0.5105666666666666
2252,0.5171333333333333
2253,0.5237
2254,0.5302666666666667
2255,0.5368333333333333
2256,0.5434
2257,0.5297541666666666
2258,0.5161083333333334
2259,0.5024624999999999
2260,0.4888166666666667
2261,0.4751708333333332
2262,0.4615249999999999
2263,0.4478791666666666
2264,0.4342333333333333
2265,0.4205875
2266,0.4069416666666666
2267,0.3932958333333333
2268,0.37965
2269,0.3664041666666666
2270,0.3531583333333333
2271,0.3399124999999999
2272,0.3266666666666666
2273,0.3134208333333333
2274,0.300175
2275,0.2869291666666667
2276,0.2736833333333333
2277,0.2604375
2278,0.2471916666666666
2279,0.2339458333333333
2280,0.2206999999999999
2281,0.2073249999999999
2282,0.1939499999999999
2283,0.1805749999999999
2284,0.1672
2285,0.153825
2286,0.14045
2287,0.127075
2288,0.1137
2289,0.1003249999999999
2290,0.0869499999999999
2291,0.0735749999999999
2292,0.0602
2293,0.0551833333333333
2294,0.0501666666666666
2295,0.04515
2296,0.0401333333333333
2297,0.0351166666666666
2298,0.0301
2299,0.0250833333333333
2300,0.0200666666666666
2301,0.01505
2302,0.0100333333333333
2303,0.0050166666666666
2304,0.0
2305,0.0
2306,0.0
2307,0.0
2308,0.0
2309,0.0
2310,0.0
2311,0.0
2312,0.0
2313,0.0
2314,0.0
2315,0.0
2316,0.0
2317,0.0
2318,0.0
2319,0.0
2320,0.0
2321,0.0
2322,0.0
2323,0.0
2324,0.0
2325,0.0
2326,0.0
2327,0.0
2328,0.0
2329,0.0
2330,0.0
2331,0.0
2332,0.0
2333,0.0
2334,0.0
2335,0.0
2336,0.0
2337,0.0
2338,0.0
2339,0.0
2340,0.0
2341,0.0
2342,0.0
2343,0.0
2344,0.0
2345,0.0
2346,0.0
2347,0.0
2348,0.0
2349,0.0
2350,0.0
2351,0.0
2352,0.0
2353,0.0
2354,0.0
2355,0.0
2356,0.0
2357,0.0
2358,0.0
2359,0.0
2360,0.0
2361,0.0
2362,0.0
2363,0.0
2364,0.0
2365,0.0
2366,0.0
2367,0.0
2368,0.0
2369,0.0
2370,0.0
2371,0.0
2372,0.0
2373,0.0
2374,0.0
2375,0.0
2376,0.0
2377,0.0
2378,0.0
2379,0.0
2380,0.0
2381,0.0
2382,0.0
2383,0.0
2384,0.0
2385,0.0
2386,0.0
2387,0.0
2388,0.0
2389,0.0
2390,0.0
2391,0.0
2392,0.0
2393,0.0
2394,0.0
2395,0.0
2396,0.0
2397,0.0
2398,0.0
2399,0.0
2400,0.0
2401,0.0
2402,0.0
2403,0.0
2404,0.0
2405,0.0
2406,0.0
2407,0.0
2408,0.0
2409,0.0
2410,0.0
2411,0.0
2412,0.0
2413,0.0006083333333333
2414,0.0012166666666666
2415,0.0018249999999999
2416,0.0024333333333333
2417,0.0030416666666666
2418,0.0036499999999999
2419,0.0042583333333333
2420,0.0048666666666666
2421,0.005475
2422,0.0060833333333333
2423,0.0066916666666666
2424,0.0073
2425,0.0128291666666666
2426,0.0183583333333333
2427,0.0238875
2428,0.0294166666666666
2429,0.0349458333333333
2430,0.040475
2431,0.0460041666666666
2432,0.0515333333333333
2433,0.0570625
2434,0.0625916666666666
2435,0.0681208333333333
2436,0.07365
2437,0.0887291666666666
2438,0.1038083333333333
2439,0.1188875
2440,0.1339666666666666
2441,0.1490458333333333
2442,0.164125
2443,0.1792041666666666
2444,0.1942833333333333
2445,0.2093625
2446,0.2244416666666666
2447,0.2395208333333333
2448,0.2546
2449,0.2735791666666666
2450,0.2925583333333333
2451,0.3115375
2452,0.3305166666666666
2453,0.3494958333333333
2454,0.368475
2455,0.3874541666666666
2456,0.4064333333333333
2457,0.4254125
2458,0.4443916666666666
2459,0.4633708333333333
2460,0.48235
2461,0.4911708333333333
2462,0.4999916666666666
2463,0.5088125
2464,0.5176333333333333
2465,0.5264541666666667
2466,0.535275
2467,0.5440958333333334
2468,0.5529166666666667
2469,0.5617375000000001
2470,0.5705583333333334
2471,0.5793791666666667
2472,0.5882000000000001
2473,0.5914708333333334
2474,0.5947416666666667
2475,0.5980125000000001
2476,0.6012833333333334
2477,0.6045541666666667
2478,0.6078250000000001
2479,0.6110958333333334
2480,0.6143666666666667
2481,0.6176375000000001
2482,0.6209083333333334
2483,0.6241791666666667
2484,0.6274500000000001
2485,0.6426541666666667
2486,0.6578583333333333
2487,0.6730625000000001
2488,0.6882666666666668
2489,0.7034708333333334
2490,0.7186750000000001
2491,0.7338791666666667
2492,0.7490833333333333
2493,0.7642875000000001
2494,0.7794916666666668
2495,0.7946958333333335
2496,0.8099000000000001
2497,0.8067333333333334
2498,0.8035666666666668
2499,0.8004000000000001
2500,0.7972333333333335
2501,0.7940666666666667
2502,0.7909
2503,0.7877333333333335
2504,0.7845666666666667
2505,0.7814000000000001
2506,0.7782333333333334
2507,0.7750666666666667
2508,0.7719000000000001
2509,0.7326875000000002
2510,0.6934750000000002
2511,0.6542625000000001
2512,0.6150500000000001
2513,0.5758375000000001
2514,0.536625
2515,0.4974125
2516,0.4582
2517,0.4189875
2518,0.379775
2519,0.3405625
2520,0.30135
2521,0.2987625
2522,0.296175
2523,0.2935875
2524,0.291
2525,0.2884125
2526,0.285825
2527,0.2832375
2528,0.28065
2529,0.2780625
2530,0.275475
2531,0.2728875
2532,0.2703
2533,0.2810958333333334
2534,0.2918916666666666
2535,0.3026875
2536,0.3134833333333333
2537,0.3242791666666667
2538,0.335075
2539,0.3458708333333333
2540,0.3566666666666667
2541,0.3674625
2542,0.3782583333333333
2543,0.3890541666666667
2544,0.39985
2545,0.3933875
2546,0.386925
2547,0.3804625
2548,0.374
2549,0.3675375
2550,0.361075
2551,0.3546124999999999
2552,0.3481499999999999
2553,0.3416875
2554,0.3352249999999999
2555,0.3287624999999999
2556,0.3223
2557,0.3127791666666666
2558,0.3032583333333333
2559,0.2937374999999999
2560,0.2842166666666666
2561,0.2746958333333333
2562,0.2651749999999999
2563,0.2556541666666666
2564,0.2461333333333333
2565,0.2366125
2566,0.2270916666666666
2567,0.2175708333333333
2568,0.20805
2569,0.1962041666666666
2570,0.1843583333333333
2571,0.1725125
2572,0.1606666666666666
2573,0.1488208333333333
2574,0.136975
2575,0.1251291666666666
2576,0.1132833333333333
2577,0.1014375
2578,0.0895916666666666
2579,0.0777458333333333
2580,0.0659
2581,0.0604083333333333
2582,0.0549166666666666
2583,0.049425
2584,0.0439333333333333
2585,0.0384416666666666
2586,0.03295
2587,0.0274583333333333
2588,0.0219666666666666
2589,0.016475
2590,0.0109833333333333
2591,0.0054916666666666
2592,0.0
2593,0.0
2594,0.0
2595,0.0
2596,0.0
2597,0.0
2598,0.0
2599,0.0
2600,0.0
2601,0.0
2602,0.0
2603,0.0
2604,0.0
2605,0.0
2606,0.0
2607,0.0
2608,0.0
2609,0.0
2610,0.0
2611,0.0
2612,0.0
2613,0.0
2614,0.0
2615,0.0
2616,0.0
2617,0.0
2618,0.0
2619,0.0
2620,0.0
2621,0.0
2622,0.0
2623,0.0
2624,0.0
2625,0.0
2626,0.0
2627,0.0
2628,0.0
2629,0.0
2630,0.0
2631,0.0
2632,0.0
2633,0.0
2634,0.0
2635,0.0
2636,0.0
2637,0.0
2638,0.0
2639,0.0
2640,0.0
2641,0.0
2642,0.0
2643,0.0
2644,0.0
2645,0.0
2646,0.0
2647,0.0
2648,0.0
2649,0.0
2650,0.0
2651,0.0
2652,0.0
2653,0.0
2654,0.0
2655,0.0
2656,0.0
2657,0.0
2658,0.0
2659,0.0
2660,0.0
2661,0.0
2662,0.0
2663,0.0
2664,0.0
2665,0.0
2666,0.0
2667,0.0
2668,0.0
2669,0.0
2670,0.0
2671,0.0
2672,0.0
2673,0.0
2674,0.0
2675,0.0
2676,0.0
2677,0.0
2678,0.0
2679,0.0
2680,0.0
2681,0.0
2682,0.0
2683,0.0
2684,0.0
2685,0.0
2686,0.0
2687,0.0
2688,0.0
2689,0.0
2690,0.0
2691,0.0
2692,0.0
2693,0.0
2694,0.0
2695,0.0
2696,0.0
2697,0.0
2698,0.0
2699,0.0
2700,0.0
2701,0.0006291666666666
2702,0.0012583333333333
2703,0.0018874999999999
2704,0.0025166666666666
2705,0.0031458333333333
2706,0.0037749999999999
2707,0.0044041666666666
2708,0.0050333333333333
2709,0.0056625
2710,0.0062916666666666
2711,0.0069208333333333
2712,0.0075499999999999
2713,0.0182208333333333
2714,0.0288916666666666
2715,0.0395625
2716,0.0502333333333333
2717,0.0609041666666666
2718,0.0715749999999999
2719,0.0822458333333333
2720,0.0929166666666666
2721,0.1035874999999999
2722,0.1142583333333333
2723,0.1249291666666666
2724,0.1356
2725,0.1509041666666666
2726,0.1662083333333333
2727,0.1815125
2728,0.1968166666666666
2729,0.2121208333333333
2730,0.227425
2731,0.2427291666666666
2732,0.2580333333333333
2733,0.2733374999999999
2734,0.2886416666666666
2735,0.3039458333333333
2736,0.31925
2737,0.3372291666666667
2738,0.3552083333333333
2739,0.3731875
2740,0.3911666666666666
2741,0.4091458333333333
2742,0.427125
2743,0.4451041666666667
2744,0.4630833333333333
2745,0.4810625
2746,0.4990416666666666
2747,0.5170208333333334
2748,0.535
2749,0.5500833333333334
2750,0.5651666666666666
2751,0.58025
2752,0.5953333333333334
2753,0.6104166666666666
2754,0.6255
2755,0.6405833333333334
2756,0.6556666666666666
2757,0.67075
2758,0.6858333333333334
2759,0.7009166666666666
2760,0.716
2761,0.7131791666666667
2762,0.7103583333333333
2763,0.7075375
2764,0.7047166666666667
2765,0.7018958333333334
2766,0.699075
2767,0.6962541666666666
2768,0.6934333333333332
2769,0.6906125
2770,0.6877916666666666
2771,0.6849708333333333
2772,0.6821499999999999
2773,0.6806749999999999
2774,0.6792
2775,0.677725
2776,0.67625
2777,0.674775
2778,0.6733
2779,0.671825
2780,0.67035
2781,0.668875
2782,0.6674000000000001
2783,0.6659250000000001
2784,0.6644500000000001
2785,0.6536500000000001
2786,0.64285
2787,0.63205
2788,0.62125
2789,0.61045
2790,0.59965
2791,0.5888499999999999
2792,0.57805
2793,0.56725
2794,0.5564499999999999
2795,0.5456499999999999
2796,0.5348499999999999
2797,0.5222291666666666
2798,0.5096083333333332
2799,0.4969874999999999
2800,0.4843666666666666
2801,0.4717458333333332
2802,0.4591249999999999
2803,0.4465041666666666
2804,0.4338833333333333
2805,0.4212624999999999
2806,0.4086416666666666
2807,0.3960208333333333
2808,0.3833999999999999
2809,0.3842916666666666
2810,0.3851833333333333
2811,0.386075
2812,0.3869666666666666
2813,0.3878583333333333
2814,0.38875
2815,0.3896416666666666
2816,0.3905333333333333
2817,0.391425
2818,0.3923166666666666
2819,0.3932083333333334
2820,0.3941
2821,0.3993208333333333
2822,0.4045416666666667
2823,0.4097625
2824,0.4149833333333333
2825,0.4202041666666666
2826,0.425425
2827,0.4306458333333334
2828,0.4358666666666667
2829,0.4410874999999999
2830,0.4463083333333333
2831,0.4515291666666667
2832,0.45675
2833,0.441925
2834,0.4271
2835,0.412275
2836,0.3974499999999999
2837,0.382625
2838,0.3678
2839,0.352975
2840,0.33815
2841,0.323325
2842,0.3085
2843,0.293675
2844,0.27885
2845,0.2744916666666667
2846,0.2701333333333333
2847,0.265775
2848,0.2614166666666667
2849,0.2570583333333333
2850,0.2527
2851,0.2483416666666667
2852,0.2439833333333333
2853,0.239625
2854,0.2352666666666666
2855,0.2309083333333333
2856,0.22655
2857,0.2131958333333333
2858,0.1998416666666666
2859,0.1864875
2860,0.1731333333333333
2861,0.1597791666666666
2862,0.146425
2863,0.1330708333333333
2864,0.1197166666666666
2865,0.1063625
2866,0.0930083333333333
2867,0.0796541666666666
2868,0.0663
2869,0.0607749999999999
2870,0.05525
2871,0.049725
2872,0.0442
2873,0.0386749999999999
2874,0.03315
2875,0.027625
2876,0.0221
2877,0.016575
2878,0.01105
2879,0.005525
2880,0.0
2881,0.0
2882,0.0
2883,0.0
2884,0.0
2885,0.0
2886,0.0
2887,0.0
2888,0.0
2889,0.0
2890,0.0
2891,0.0
2892,0.0
2893,0.0
2894,0.0
2895,0.0
2896,0.0
2897,0.0
2898,0.0
2899,0.0
2900,0.0
2901,0.0
2902,0.0
2903,0.0
2904,0.0
2905,0.0
2906,0.0
2907,0.0
2908,0.0
2909,0.0
2910,0.0
2911,0.0
2912,0.0
2913,0.0
2914,0.0
2915,0.0
2916,0.0
2917,0.0
2918,0.0
2919,0.0
2920,0.0
2921,0.0
2922,0.0
2923,0.0
2924,0.0
2925,0.0
2926,0.0
2927,0.0
2928,0.0
2929,0.0
2930,0.0
2931,0.0
2932,0.0
2933,0.0
2934,0.0
2935,0.0
2936,0.0
2937,0.0
2938,0.0
2939,0.0
2940,0.0
2941,0.0
2942,0.0
2943,0.0
2944,0.0
2945,0.0
2946,0.0
2947,0.0
2948,0.0
2949,0.0
2950,0.0
2951,0.0
2952,0.0
2953,0.0
2954,0.0
2955,0.0
2956,0.0
2957,0.0
2958,0.0
2959,0.0
2960,0.0
2961,0.0
2962,0.0
2963,0.0
2964,0.0
2965,0.0
2966,0.0
2967,0.0
2968,0.0
2969,0.0
2970,0.0
2971,0.0
2972,0.0
2973,0.0
2974,0.0
2975,0.0
2976,0.0
2977,0.0
2978,0.0
2979,0.0
2980,0.0
2981,0.0
2982,0.0
2983,0.0
2984,0.0
2985,0.0
2986,0.0
2987,0.0
2988,0.0
2989,0.0007541666666666
2990,0.0015083333333333
2991,0.0022625
2992,0.0030166666666666
2993,0.0037708333333333
2994,0.004525
2995,0.0052791666666666
2996,0.0060333333333333
2997,0.0067875
2998,0.0075416666666666
2999,0.0082958333333333
3000,0.00905
3001,0.0198458333333333
3002,0.0306416666666666
3003,0.0414375
3004,0.0522333333333333
3005,0.0630291666666666
3006,0.0738249999999999
3007,0.0846208333333333
3008,0.0954166666666666
3009,0.1062124999999999
3010,0.1170083333333333
3011,0.1278041666666666
3012,0.1386
3013,0.1558958333333333
3014,0.1731916666666666
3015,0.1904874999999999
3016,0.2077833333333333
3017,0.2250791666666666
3018,0.2423749999999999
3019,0.2596708333333333
3020,0.2769666666666666
3021,0.2942625
3022,0.3115583333333332
3023,0.3288541666666666
3024,0.3461499999999999
3025,0.3627416666666667
3026,0.3793333333333333
3027,0.3959249999999999
3028,0.4125166666666666
3029,0.4291083333333333
3030,0.4457
3031,0.4622916666666666
3032,0.4788833333333333
3033,0.495475
3034,0.5120666666666666
3035,0.5286583333333333
3036,0.54525
3037,0.5594375
3038,0.573625
3039,0.5878125
3040,0.602
3041,0.6161875
3042,0.630375
3043,0.6445625
3044,0.65875
3045,0.6729375
3046,0.687125
3047,0.7013125
3048,0.7155
3049,0.7209375
3050,0.726375
3051,0.7318125
3052,0.73725
3053,0.7426875
3054,0.748125
3055,0.7535625
3056,0.759
3057,0.7644375
3058,0.769875
3059,0.7753125
3060,0.78075
3061,0.7685333333333333
3062,0.7563166666666667
3063,0.7441
3064,0.7318833333333333
3065,0.7196666666666668
3066,0.70745
3067,0.6952333333333334
3068,0.6830166666666667
3069,0.6708000000000001
3070,0.6585833333333334
3071,0.6463666666666668
3072,0.6341500000000001
3073,0.6357125000000001
3074,0.637275
3075,0.6388375000000001
3076,0.6404000000000001
3077,0.6419625000000001
3078,0.643525
3079,0.6450874999999999
3080,0.64665
3081,0.6482125
3082,0.649775
3083,0.6513375
3084,0.6528999999999999
3085,0.641125
3086,0.6293500000000001
3087,0.617575
3088,0.6058
3089,0.594025
3090,0.58225
3091,0.5704750000000001
3092,0.5587000000000001
3093,0.546925
3094,0.53515
3095,0.523375
3096,0.5116
3097,0.5007166666666667
3098,0.4898333333333334
3099,0.47895
3100,0.4680666666666667
3101,0.4571833333333333
3102,0.4463
3103,0.4354166666666667
3104,0.4245333333333334
3105,0.41365
3106,0.4027666666666666
3107,0.3918833333333333
3108,0.381
3109,0.3879625
3110,0.394925
3111,0.4018875
3112,0.40885
3113,0.4158125
3114,0.422775
3115,0.4297375
3116,0.4367
3117,0.4436625
3118,0.450625
3119,0.4575875
3120,0.46455
3121,0.46015
3122,0.45575
3123,0.45135
3124,0.44695
3125,0.44255
3126,0.43815
3127,0.43375
3128,0.42935
3129,0.42495
3130,0.42055
3131,0.4161499999999999
3132,0.41175
3133,0.3932291666666667
3134,0.3747083333333333
3135,0.3561875
3136,0.3376666666666666
3137,0.3191458333333333
3138,0.300625
3139,0.2821041666666667
3140,0.2635833333333334
3141,0.2450625
3142,0.2265416666666667
3143,0.2080208333333333
3144,0.1895
3145,0.1778583333333333
3146,0.1662166666666666
3147,0.154575
3148,0.1429333333333333
3149,0.1312916666666667
3150,0.11965
3151,0.1080083333333333
3152,0.0963666666666666
3153,0.084725
3154,0.0730833333333333
3155,0.0614416666666666
3156,0.0498
3157,0.0456499999999999
3158,0.0415
3159,0.03735
3160,0.0332
3161,0.02905
3162,0.0249
3163,0.02075
3164,0.0166
3165,0.01245
3166,0.0083
3167,0.00415
3168,0.0
3169,0.0
3170,0.0
3171,0.0
3172,0.0
3173,0.0
3174,0.0
3175,0.0
3176,0.0
3177,0.0
3178,0.0
3179,0.0
3180,0.0
3181,0.0
3182,0.0
3183,0.0
3184,0.0
3185,0.0
3186,0.0
3187,0.0
3188,0.0
3189,0.0
3190,0.0
3191,0.0
3192,0.0
3193,0.0
3194,0.0
3195,0.0
3196,0.0
3197,0.0
3198,0.0
3199,0.0
3200,0.0
3201,0.0
3202,0.0
3203,0.0
3204,0.0
3205,0.0
3206,0.0
3207,0.0
3208,0.0
3209,0.0
3210,0.0
3211,0.0
3212,0.0
3213,0.0
3214,0.0
3215,0.0
3216,0.0
3217,0.0
3218,0.0
3219,0.0
3220,0.0
3221,0.0
3222,0.0
3223,0.0
3224,0.0
3225,0.0
3226,0.0
3227,0.0
3228,0.0
3229,0.0
3230,0.0
3231,0.0
3232,0.0
3233,0.0
3234,0.0
3235,0.0
3236,0.0
3237,0.0
3238,0.0
3239,0.0
3240,0.0
3241,0.0
3242,0.0
3243,0.0
3244,0.0
3245,0.0
3246,0.0
3247,0.0
3248,0.0
3249,0.0
3250,0.0
3251,0.0
3252,0.0
3253,0.0
3254,0.0
3255,0.0
3256,0.0
3257,0.0
3258,0.0
3259,0.0
3260,0.0
3261,0.0
3262,0.0
3263,0.0
3264,0.0
3265,0.0
3266,0.0
3267,0.0
3268,0.0
3269,0.0
3270,0.0
3271,0.0
3272,0.0
3273,0.0
3274,0.0
3275,0.0
3276,0.0
3277,0.0003833333333333
3278,0.0007666666666666
3279,0.00115
3280,0.0015333333333333
3281,0.0019166666666666
3282,0.0023
3283,0.0026833333333333
3284,0.0030666666666666
3285,0.00345
3286,0.0038333333333333
3287,0.0042166666666666
3288,0.0046
3289,0.0098999999999999
3290,0.0152
3291,0.0205
3292,0.0257999999999999
3293,0.0311
3294,0.0364
3295,0.0416999999999999
3296,0.047
3297,0.0523
3298,0.0575999999999999
3299,0.0629
3300,0.0682
3301,0.0785541666666666
3302,0.0889083333333333
3303,0.0992625
3304,0.1096166666666666
3305,0.1199708333333333
3306,0.130325
3307,0.1406791666666666
3308,0.1510333333333333
3309,0.1613875
3310,0.1717416666666666
3311,0.1820958333333333
3312,0.1924499999999999
3313,0.2008083333333333
3314,0.2091666666666666
3315,0.2175249999999999
3316,0.2258833333333333
3317,0.2342416666666666
3318,0.2425999999999999
3319,0.2509583333333333
3320,0.2593166666666666
3321,0.267675
3322,0.2760333333333333
3323,0.2843916666666666
3324,0.29275
3325,0.2996916666666667
3326,0.3066333333333333
3327,0.313575
3328,0.3205166666666666
3329,0.3274583333333333
3330,0.3344
3331,0.3413416666666667
3332,0.3482833333333333
3333,0.355225
3334,0.3621666666666667
3335,0.3691083333333333
3336,0.37605
3337,0.3873375
3338,0.398625
3339,0.4099125
3340,0.4211999999999999
3341,0.4324875
3342,0.443775
3343,0.4550625
3344,0.46635
3345,0.4776375
3346,0.488925
3347,0.5002125000000001
3348,0.5115
3349,0.5242625000000001
3350,0.537025
3351,0.5497875
3352,0.56255
3353,0.5753125
3354,0.5880749999999999
3355,0.6008375
3356,0.6136
3357,0.6263624999999999
3358,0.639125
3359,0.6518875
3360,0.66465
3361,0.6598624999999999
3362,0.6550750000000001
3363,0.6502875
3364,0.6455
3365,0.6407125
3366,0.635925
3367,0.6311375
3368,0.6263500000000001
3369,0.6215625
3370,0.6167750000000001
3371,0.6119875
3372,0.6072000000000001
3373,0.6089083333333334
3374,0.6106166666666667
3375,0.612325
3376,0.6140333333333334
3377,0.6157416666666666
3378,0.61745
3379,0.6191583333333334
3380,0.6208666666666667
3381,0.6225750000000001
3382,0.6242833333333334
3383,0.6259916666666667
3384,0.6277
3385,0.6036
3386,0.5795
3387,0.5554
3388,0.5313000000000001
3389,0.5072000000000001
3390,0.4831
3391,0.459
3392,0.4348999999999999
3393,0.4108
3394,0.3867
3395,0.3626
3396,0.3385
3397,0.3339333333333333
3398,0.3293666666666667
3399,0.3248
3400,0.3202333333333333
3401,0.3156666666666667
3402,0.3111
3403,0.3065333333333333
3404,0.3019666666666666
3405,0.2974
3406,0.2928333333333333
3407,0.2882666666666666
3408,0.2837
3409,0.2722291666666666
3410,0.2607583333333333
3411,0.2492875
3412,0.2378166666666666
3413,0.2263458333333333
3414,0.214875
3415,0.2034041666666666
3416,0.1919333333333333
3417,0.1804624999999999
3418,0.1689916666666666
3419,0.1575208333333333
3420,0.1460499999999999
3421,0.1383666666666666
3422,0.1306833333333333
3423,0.1229999999999999
3424,0.1153166666666666
3425,0.1076333333333333
3426,0.0999499999999999
3427,0.0922666666666666
3428,0.0845833333333333
3429,0.0769
3430,0.0692166666666666
3431,0.0615333333333333
3432,0.05385
3433,0.0510375
3434,0.048225
3435,0.0454125
3436,0.0426
3437,0.0397875
3438,0.036975
3439,0.0341625
3440,0.03135
3441,0.0285375
3442,0.025725
3443,0.0229125
3444,0.0201
3445,0.018425
3446,0.01675
3447,0.015075
3448,0.0134
3449,0.011725
3450,0.01005
3451,0.008375
3452,0.0067
3453,0.005025
3454,0.00335
3455,0.001675
3456,0.0
3457,0.0
3458,0.0
3459,0.0
3460,0.0
3461,0.0
3462,0.0
3463,0.0
3464,0.0
3465,0.0
3466,0.0
3467,0.0
3468,0.0
3469,0.0
3470,0.0
3471,0.0
3472,0.0
3473,0.0
3474,0.0
3475,0.0
3476,0.0
3477,0.0
3478,0.0
3479,0.0
3480,0.0
3481,0.0
3482,0.0
3483,0.0
3484,0.0
3485,0.0
3486,0.0
3487,0.0
3488,0.0
3489,0.0
3490,0.0
3491,0.0
3492,0.0
3493,0.0
3494,0.0
3495,0.0
3496,0.0
3497,0.0
3498,0.0
3499,0.0
3500,0.0
3501,0.0
3502,0.0
3503,0.0
3504,0.0
3505,0.0
3506,0.0
3507,0.0
3508,0.0
3509,0.0
3510,0.0
3511,0.0
3512,0.0
3513,0.0
3514,0.0
3515,0.0
3516,0.0
3517,0.0
3518,0.0
3519,0.0
3520,0.0
3521,0.0
3522,0.0
3523,0.0
3524,0.0
3525,0.0
3526,0.0
3527,0.0
3528,0.0
3529,0.0
3530,0.0
3531,0.0
3532,0.0
3533,0.0
3534,0.0
3535,0.0
3536,0.0
3537,0.0
3538,0.0
3539,0.0
3540,0.0
3541,0.0
3542,0.0
3543,0.0
3544,0.0
3545,0.0
3546,0.0
3547,0.0
3548,0.0
3549,0.0
3550,0.0
3551,0.0
3552,0.0
3553,0.0
3554,0.0
3555,0.0
3556,0.0
3557,0.0
3558,0.0
3559,0.0
3560,0.0
3561,0.0
3562,0.0
3563,0.0
3564,0.0
3565,0.000775
3566,0.00155
3567,0.002325
3568,0.0031
3569,0.003875
3570,0.00465
3571,0.005425
3572,0.0062
3573,0.006975
3574,0.00775
3575,0.008525
3576,0.0093
3577,0.0192791666666666
3578,0.0292583333333333
3579,0.0392375
3580,0.0492166666666666
3581,0.0591958333333333
3582,0.069175
3583,0.0791541666666666
3584,0.0891333333333333
3585,0.0991125
3586,0.1090916666666666
3587,0.1190708333333333
3588,0.12905
3589,0.1411541666666666
3590,0.1532583333333333
3591,0.1653625
3592,0.1774666666666666
3593,0.1895708333333333
3594,0.201675
3595,0.2137791666666666
3596,0.2258833333333333
3597,0.2379875
3598,0.2500916666666666
3599,0.2621958333333333
3600,0.2742999999999999
3601,0.2877041666666666
3602,0.3011083333333333
3603,0.3145124999999999
3604,0.3279166666666666
3605,0.3413208333333333
3606,0.3547249999999999
3607,0.3681291666666666
3608,0.3815333333333333
3609,0.3949375
3610,0.4083416666666666
3611,0.4217458333333332
3612,0.43515
3613,0.4524416666666667
3614,0.4697333333333333
3615,0.487025
3616,0.5043166666666666
3617,0.5216083333333333
3618,0.5388999999999999
3619,0.5561916666666666
3620,0.5734833333333333
3621,0.5907749999999999
3622,0.6080666666666666
3623,0.6253583333333333
3624,0.6426499999999999
3625,0.630025
3626,0.6174
3627,0.604775
3628,0.59215
3629,0.579525
3630,0.5669
3631,0.554275
3632,0.54165
3633,0.529025
3634,0.5164
3635,0.503775
3636,0.49115
3637,0.5180375
3638,0.544925
3639,0.5718125
3640,0.5986999999999999
3641,0.6255875
3642,0.652475
3643,0.6793625
3644,0.70625
3645,0.7331374999999999
3646,0.760025
3647,0.7869125
3648,0.8138
3649,0.8152874999999999
3650,0.816775
3651,0.8182624999999999
3652,0.81975
3653,0.8212375
3654,0.8227249999999999
3655,0.8242125
3656,0.8256999999999999
3657,0.8271875
3658,0.8286749999999999
3659,0.8301625
3660,0.83165
3661,0.824575
3662,0.8175
3663,0.810425
3664,0.80335
3665,0.796275
3666,0.7891999999999999
3667,0.782125
3668,0.7750499999999999
3669,0.7679750000000001
3670,0.7609
3671,0.7538250000000001
3672,0.74675
3673,0.7455
3674,0.74425
3675,0.743
3676,0.74175
3677,0.7405
3678,0.73925
3679,0.738
3680,0.73675
3681,0.7355
3682,0.73425
3683,0.733
3684,0.73175
3685,0.7194083333333333
3686,0.7070666666666666
3687,0.694725
3688,0.6823833333333333
3689,0.6700416666666666
3690,0.6577000000000001
3691,0.6453583333333334
3692,0.6330166666666667
3693,0.620675
3694,0.6083333333333333
3695,0.5959916666666667
3696,0.58365
3697,0.5714
3698,0.5591499999999999
3699,0.5468999999999999
3700,0.53465
3701,0.5224
3702,0.51015
3703,0.4978999999999999
3704,0.4856499999999999
3705,0.4734
3706,0.46115
3707,0.4488999999999999
3708,0.43665
3709,0.4202708333333333
3710,0.4038916666666666
3711,0.3875125
3712,0.3711333333333333
3713,0.3547541666666666
3714,0.338375
3715,0.3219958333333333
3716,0.3056166666666666
3717,0.2892375
3718,0.2728583333333333
3719,0.2564791666666666
3720,0.2401
3721,0.2260333333333333
3722,0.2119666666666666
3723,0.1978999999999999
3724,0.1838333333333333
3725,0.1697666666666666
3726,0.1556999999999999
3727,0.1416333333333333
3728,0.1275666666666666
3729,0.1134999999999999
3730,0.0994333333333333
3731,0.0853666666666666
3732,0.0713
3733,0.0653583333333333
3734,0.0594166666666666
3735,0.0534749999999999
3736,0.0475333333333333
3737,0.0415916666666666
3738,0.03565
3739,0.0297083333333333
3740,0.0237666666666666
3741,0.017825
3742,0.0118833333333333
3743,0.0059416666666666
3744,0.0
3745,0.0
3746,0.0
3747,0.0
3748,0.0
3749,0.0
3750,0.0
3751,0.0
3752,0.0
3753,0.0
3754,0.0
3755,0.0
3756,0.0
3757,0.0
3758,0.0
3759,0.0
3760,0.0
3761,0.0
3762,0.0
3763,0.0
3764,0.0
3765,0.0
3766,0.0
3767,0.0
3768,0.0
3769,0.0
3770,0.0
3771,0.0
3772,0.0
3773,0.0
3774,0.0
3775,0.0
3776,0.0
3777,0.0
3778,0.0
3779,0.0
3780,0.0
3781,0.0
3782,0.0
3783,0.0
3784,0.0
3785,0.0
3786,0.0
3787,0.0
3788,0.0
3789,0.0
3790,0.0
3791,0.0
3792,0.0
3793,0.0
3794,0.0
3795,0.0
3796,0.0
3797,0.0
3798,0.0
3799,0.0
3800,0.0
3801,0.0
3802,0.0
3803,0.0
3804,0.0
3805,0.0
3806,0.0
3807,0.0
3808,0.0
3809,0.0
3810,0.0
3811,0.0
3812,0.0
3813,0.0
3814,0.0
3815,0.0
3816,0.0
3817,0.0
3818,0.0
3819,0.0
3820,0.0
3821,0.0
3822,0.0
3823,0.0
3824,0.0
3825,0.0
3826,0.0
3827,0.0
3828,0.0
3829,0.0
3830,0.0
3831,0.0
3832,0.0
3833,0.0
3834,0.0
3835,0.0
3836,0.0
3837,0.0
3838,0.0
3839,0.0
3840,0.0
3841,0.0
3842,0.0
3843,0.0
3844,0.0
3845,0.0
3846,0.0
3847,0.0
3848,0.0
3849,0.0
3850,0.0
3851,0.0
3852,0.0
3853,0.0008291666666666
3854,0.0016583333333333
3855,0.0024874999999999
3856,0.0033166666666666
3857,0.0041458333333333
3858,0.0049749999999999
3859,0.0058041666666666
3860,0.0066333333333333
3861,0.0074624999999999
3862,0.0082916666666666
3863,0.0091208333333333
3864,0.0099499999999999
3865,0.02275
3866,0.03555
3867,0.04835
3868,0.06115
3869,0.07395
3870,0.08675
3871,0.09955
3872,0.11235
3873,0.12515
3874,0.13795
3875,0.15075
3876,0.16355
3877,0.1812541666666666
3878,0.1989583333333333
3879,0.2166625
3880,0.2343666666666666
3881,0.2520708333333333
3882,0.269775
3883,0.2874791666666667
3884,0.3051833333333333
3885,0.3228875
3886,0.3405916666666667
3887,0.3582958333333333
3888,0.376
3889,0.3936375
3890,0.411275
3891,0.4289125
3892,0.44655
3893,0.4641875
3894,0.481825
3895,0.4994625
3896,0.5171
3897,0.5347375
3898,0.552375
3899,0.5700125
3900,0.58765
3901,0.6029416666666666
3902,0.6182333333333333
3903,0.633525
3904,0.6488166666666667
3905,0.6641083333333333
3906,0.6794000000000001
3907,0.6946916666666667
3908,0.7099833333333333
3909,0.7252750000000001
3910,0.7405666666666667
3911,0.7558583333333334
3912,0.7711500000000001
3913,0.7826625000000001
3914,0.7941750000000001
3915,0.8056875
3916,0.8172
3917,0.8287125000000001
3918,0.840225
3919,0.8517374999999999
3920,0.86325
3921,0.8747625
3922,0.8862749999999999
3923,0.8977875
3924,0.9093
3925,0.916025
3926,0.92275
3927,0.929475
3928,0.9362
3929,0.942925
3930,0.94965
3931,0.956375
3932,0.9631
3933,0.969825
3934,0.97655
3935,0.983275
3936,0.99
3937,0.9914333333333332
3938,0.9928666666666668
3939,0.9943
3940,0.9957333333333334
3941,0.9971666666666666
3942,0.9986
3943,1.0
3944,1.0
3945,1.0
3946,1.0
3947,1.0
3948,1.0
3949,1.0
3950,0.9991
3951,0.99505
3952,0.991
3953,0.98695
3954,0.9829
3955,0.97885
3956,0.9748
3957,0.97075
3958,0.9667
3959,0.96265
3960,0.9586
3961,0.9496041666666668
3962,0.9406083333333334
3963,0.9316125
3964,0.9226166666666666
3965,0.9136208333333334
3966,0.904625
3967,0.8956291666666666
3968,0.8866333333333333
3969,0.8776375000000001
3970,0.8686416666666666
3971,0.8596458333333332
3972,0.85065
3973,0.8371375
3974,0.823625
3975,0.8101124999999999
3976,0.7966
3977,0.7830874999999999
3978,0.769575
3979,0.7560625
3980,0.7425499999999999
3981,0.7290375
3982,0.715525
3983,0.7020125
3984,0.6885
3985,0.6721
3986,0.6557000000000001
3987,0.6393
3988,0.6229
3989,0.6065
3990,0.5901000000000001
3991,0.5736999999999999
3992,0.5572999999999999
3993,0.5408999999999999
3994,0.5245
3995,0.5081
3996,0.4916999999999999
3997,0.4737916666666666
3998,0.4558833333333333
3999,0.437975
4000,0.4200666666666666
4001,0.4021583333333333
4002,0.38425
4003,0.3663416666666667
4004,0.3484333333333333
4005,0.3305249999999999
4006,0.3126166666666666
4007,0.2947083333333333
4008,0.2768
4009,0.2605666666666666
4010,0.2443333333333333
4011,0.2281
4012,0.2118666666666666
4013,0.1956333333333333
4014,0.1794
4015,0.1631666666666666
4016,0.1469333333333333
4017,0.1306999999999999
4018,0.1144666666666666
4019,0.0982333333333333
4020,0.082
4021,0.0751666666666666
4022,0.0683333333333333
4023,0.0615
4024,0.0546666666666666
4025,0.0478333333333333
4026,0.041
4027,0.0341666666666666
4028,0.0273333333333333
4029,0.0205
4030,0.0136666666666666
4031,0.0068333333333333
4032,0.0
4033,0.0
4034,0.0
4035,0.0
4036,0.0
4037,0.0
4038,0.0
4039,0.0
4040,0.0
4041,0.0
4042,0.0
4043,0.0
4044,0.0
4045,0.0
4046,0.0
4047,0.0
4048,0.0
4049,0.0
4050,0.0
4051,0.0
4052,0.0
4053,0.0
4054,0.0
4055,0.0
4056,0.0
4057,0.0
4058,0.0
4059,0.0
4060,0.0
4061,0.0
4062,0.0
4063,0.0
4064,0.0
4065,0.0
4066,0.0
4067,0.0
4068,0.0
4069,0.0
4070,0.0
4071,0.0
4072,0.0
4073,0.0
4074,0.0
4075,0.0
4076,0.0
4077,0.0
4078,0.0
4079,0.0
4080,0.0
4081,0.0
4082,0.0
4083,0.0
4084,0.0
4085,0.0
4086,0.0
4087,0.0
4088,0.0
4089,0.0
4090,0.0
4091,0.0
4092,0.0
4093,0.0
4094,0.0
4095,0.0
4096,0.0
4097,0.0
4098,0.0
4099,0.0
4100,0.0
4101,0.0
4102,0.0
4103,0.0
4104,0.0
4105,0.0
4106,0.0
4107,0.0
4108,0.0
4109,0.0
4110,0.0
4111,0.0
4112,0.0
4113,0.0
4114,0.0
4115,0.0
4116,0.0
4117,0.0
4118,0.0
4119,0.0
4120,0.0
4121,0.0
4122,0.0
4123,0.0
4124,0.0
4125,0.0
4126,0.0
4127,0.0
4128,0.0
4129,0.0
4130,0.0
4131,0.0
4132,0.0
4133,0.0
4134,0.0
4135,0.0
4136,0.0
4137,0.0
4138,0.0
4139,0.0
4140,0.0
4141,0.0008541666666666
4142,0.0017083333333333
4143,0.0025625
4144,0.0034166666666666
4145,0.0042708333333333
4146,0.005125
4147,0.0059791666666666
4148,0.0068333333333333
4149,0.0076875
4150,0.0085416666666666
4151,0.0093958333333333
4152,0.01025
4153,0.0232583333333333
4154,0.0362666666666666
4155,0.049275
4156,0.0622833333333333
4157,0.0752916666666666
4158,0.0883
4159,0.1013083333333333
4160,0.1143166666666666
4161,0.127325
4162,0.1403333333333333
4163,0.1533416666666666
4164,0.16635
4165,0.1839166666666666
4166,0.2014833333333333
4167,0.21905
4168,0.2366166666666666
4169,0.2541833333333333
4170,0.27175
4171,0.2893166666666666
4172,0.3068833333333333
4173,0.32445
4174,0.3420166666666666
4175,0.3595833333333333
4176,0.37715
4177,0.3945666666666667
4178,0.4119833333333333
4179,0.4294
4180,0.4468166666666666
4181,0.4642333333333333
4182,0.4816499999999999
4183,0.4990666666666666
4184,0.5164833333333333
4185,0.5338999999999999
4186,0.5513166666666666
4187,0.5687333333333333
4188,0.58615
4189,0.6012458333333333
4190,0.6163416666666667
4191,0.6314375
4192,0.6465333333333333
4193,0.6616291666666667
4194,0.676725
4195,0.6918208333333333
4196,0.7069166666666667
4197,0.7220125000000001
4198,0.7371083333333334
4199,0.7522041666666668
4200,0.7673000000000001
4201,0.7786625
4202,0.7900250000000001
4203,0.8013875
4204,0.81275
4205,0.8241125
4206,0.835475
4207,0.8468375
4208,0.8582000000000001
4209,0.8695625
4210,0.880925
4211,0.8922875
4212,0.90365
4213,0.9102625
4214,0.916875
4215,0.9234875
4216,0.9301
4217,0.9367125
4218,0.943325
4219,0.9499375
4220,0.95655
4221,0.9631625
4222,0.969775
4223,0.9763875
4224,0.983
4225,0.9843708333333334
4226,0.9857416666666666
4227,0.9871125
4228,0.9884833333333334
4229,0.9898541666666668
4230,0.991225
4231,0.9925958333333332
4232,0.9939666666666668
4233,0.9953375
4234,0.9967083333333334
4235,0.9980791666666666
4236,0.99945
4237,0.9878583333333334
4238,0.9762666666666666
4239,0.964675
4240,0.9530833333333334
4241,0.9414916666666668
4242,0.9299
4243,0.9183083333333334
4244,0.9067166666666668
4245,0.895125
4246,0.8835333333333333
4247,0.8719416666666667
4248,0.8603500000000001
4249,0.8589625
4250,0.8575750000000001
4251,0.8561875
4252,0.8548
4253,0.8534125
4254,0.852025
4255,0.8506374999999999
4256,0.84925
4257,0.8478625
4258,0.8464749999999999
4259,0.8450875
4260,0.8436999999999999
4261,0.8299083333333332
4262,0.8161166666666666
4263,0.802325
4264,0.7885333333333333
4265,0.7747416666666667
4266,0.76095
4267,0.7471583333333333
4268,0.7333666666666667
4269,0.7195750000000001
4270,0.7057833333333333
4271,0.6919916666666667
4272,0.6782
4273,0.6601
4274,0.642
4275,0.6239
4276,0.6058000000000001
4277,0.5877
4278,0.5696
4279,0.5515
4280,0.5334
4281,0.5153
4282,0.4972
4283,0.4790999999999999
4284,0.461
4285,0.4409166666666667
4286,0.4208333333333333
4287,0.40075
4288,0.3806666666666667
4289,0.3605833333333333
4290,0.3405
4291,0.3204166666666667
4292,0.3003333333333334
4293,0.28025
4294,0.2601666666666667
4295,0.2400833333333333
4296,0.22
4297,0.2071666666666666
4298,0.1943333333333333
4299,0.1815
4300,0.1686666666666666
4301,0.1558333333333333
4302,0.143
4303,0.1301666666666666
4304,0.1173333333333333
4305,0.1045
4306,0.0916666666666666
4307,0.0788333333333333
4308,0.066
4309,0.0605
4310,0.055
4311,0.0495
4312,0.044
4313,0.0385
4314,0.033
4315,0.0275
4316,0.022
4317,0.0165
4318,0.011
4319,0.0055
4320,0.0
4321,0.0
4322,0.0
4323,0.0
4324,0.0
4325,0.0
4326,0.0
4327,0.0
4328,0.0
4329,0.0
4330,0.0
4331,0.0
4332,0.0
4333,0.0
4334,0.0
4335,0.0
4336,0.0
4337,0.0
4338,0.0
4339,0.0
4340,0.0
4341,0.0
4342,0.0
4343,0.0
4344,0.0
4345,0.0
4346,0.0
4347,0.0
4348,0.0
4349,0.0
4350,0.0
4351,0.0
4352,0.0
4353,0.0
4354,0.0
4355,0.0
4356,0.0
4357,0.0
4358,0.0
4359,0.0
4360,0.0
4361,0.0
4362,0.0
4363,0.0
4364,0.0
4365,0.0
4366,0.0
4367,0.0
4368,0.0
4369,0.0
4370,0.0
4371,0.0
4372,0.0
4373,0.0
4374,0.0
4375,0.0
4376,0.0
4377,0.0
4378,0.0
4379,0.0
4380,0.0
4381,0.0
4382,0.0
4383,0.0
4384,0.0
4385,0.0
4386,0.0
4387,0.0
4388,0.0
4389,0.0
4390,0.0
4391,0.0
4392,0.0
4393,0.0
4394,0.0
4395,0.0
4396,0.0
4397,0.0
4398,0.0
4399,0.0
4400,0.0
4401,0.0
4402,0.0
4403,0.0
4404,0.0
4405,0.0
4406,0.0
4407,0.0
4408,0.0
4409,0.0
4410,0.0
4411,0.0
4412,0.0
4413,0.0
4414,0.0
4415,0.0
4416,0.0
4417,0.0
4418,0.0
4419,0.0
4420,0.0
4421,0.0
4422,0.0
4423,0.0
4424,0.0
4425,0.0
4426,0.0
4427,0.0
4428,0.0
4429,0.0008708333333333
4430,0.0017416666666666
4431,0.0026125
4432,0.0034833333333333
4433,0.0043541666666666
4434,0.005225
4435,0.0060958333333333
4436,0.0069666666666666
4437,0.0078374999999999
4438,0.0087083333333333
4439,0.0095791666666666
4440,0.01045
4441,0.0221291666666666
4442,0.0338083333333333
4443,0.0454875
4444,0.0571666666666666
4445,0.0688458333333333
4446,0.080525
4447,0.0922041666666666
4448,0.1038833333333333
4449,0.1155625
4450,0.1272416666666667
4451,0.1389208333333333
4452,0.1506
4453,0.1683375
4454,0.186075
4455,0.2038125
4456,0.22155
4457,0.2392875
4458,0.257025
4459,0.2747624999999999
4460,0.2925
4461,0.3102375
4462,0.327975
4463,0.3457125
4464,0.36345
4465,0.3800958333333333
4466,0.3967416666666666
4467,0.4133874999999999
4468,0.4300333333333334
4469,0.4466791666666667
4470,0.463325
4471,0.4799708333333333
4472,0.4966166666666666
4473,0.5132625000000001
4474,0.5299083333333334
4475,0.5465541666666667
4476,0.5632
4477,0.5605708333333334
4478,0.5579416666666667
4479,0.5553125
4480,0.5526833333333334
4481,0.5500541666666666
4482,0.547425
4483,0.5447958333333334
4484,0.5421666666666666
4485,0.5395375
4486,0.5369083333333333
4487,0.5342791666666667
4488,0.53165
4489,0.5398416666666667
4490,0.5480333333333333
4491,0.556225
4492,0.5644166666666667
4493,0.5726083333333334
4494,0.5808
4495,0.5889916666666667
4496,0.5971833333333334
4497,0.605375
4498,0.6135666666666667
4499,0.6217583333333333
4500,0.62995
4501,0.6361833333333334
4502,0.6424166666666667
4503,0.6486500000000001
4504,0.6548833333333334
4505,0.6611166666666667
4506,0.66735
4507,0.6735833333333334
4508,0.6798166666666667
4509,0.68605
4510,0.6922833333333333
4511,0.6985166666666667
4512,0.70475
4513,0.7179166666666666
4514,0.7310833333333334
4515,0.74425
4516,0.7574166666666666
4517,0.7705833333333334
4518,0.78375
4519,0.7969166666666666
4520,0.8100833333333334
4521,0.82325
4522,0.8364166666666666
4523,0.8495833333333334
4524,0.86275
4525,0.84745
4526,0.83215
4527,0.8168500000000001
4528,0.80155
4529,0.78625
4530,0.7709499999999999
4531,0.7556499999999999
4532,0.7403500000000001
4533,0.72505
4534,0.70975
4535,0.6944499999999999
4536,0.67915
4537,0.6648208333333333
4538,0.6504916666666667
4539,0.6361625000000001
4540,0.6218333333333333
4541,0.6075041666666667
4542,0.5931750000000001
4543,0.5788458333333333
4544,0.5645166666666667
4545,0.5501875
4546,0.5358583333333333
4547,0.5215291666666667
4548,0.5072000000000001
4549,0.4954
4550,0.4836
4551,0.4718
4552,0.4600000000000001
4553,0.4482
4554,0.4364
4555,0.4246
4556,0.4128
4557,0.401
4558,0.3892
4559,0.3774
4560,0.3656
4561,0.3582083333333333
4562,0.3508166666666666
4563,0.343425
4564,0.3360333333333333
4565,0.3286416666666666
4566,0.32125
4567,0.3138583333333333
4568,0.3064666666666666
4569,0.299075
4570,0.2916833333333333
4571,0.2842916666666666
4572,0.2769
4573,0.2693916666666666
4574,0.2618833333333333
4575,0.254375
4576,0.2468666666666666
4577,0.2393583333333333
4578,0.23185
4579,0.2243416666666666
4580,0.2168333333333333
4581,0.209325
4582,0.2018166666666666
4583,0.1943083333333333
4584,0.1868
4585,0.176525
4586,0.16625
4587,0.155975
4588,0.1457
4589,0.135425
4590,0.12515
4591,0.114875
4592,0.1046
4593,0.094325
4594,0.08405
4595,0.073775
4596,0.0635
4597,0.0582083333333333
4598,0.0529166666666666
4599,0.047625
4600,0.0423333333333333
4601,0.0370416666666666
4602,0.03175
4603,0.0264583333333333
4604,0.0211666666666666
4605,0.0158749999999999
4606,0.0105833333333333
4607,0.0052916666666666
4608,0.0
4609,0.0
4610,0.0
4611,0.0
4612,0.0
4613,0.0
4614,0.0
4615,0.0
4616,0.0
4617,0.0
4618,0.0
4619,0.0
4620,0.0
4621,0.0
4622,0.0
4623,0.0
4624,0.0
4625,0.0
4626,0.0
4627,0.0
4628,0.0
4629,0.0
4630,0.0
4631,0.0
4632,0.0
4633,0.0
4634,0.0
4635,0.0
4636,0.0
4637,0.0
4638,0.0
4639,0.0
4640,0.0
4641,0.0
4642,0.0
4643,0.0
4644,0.0
4645,0.0
4646,0.0
4647,0.0
4648,0.0
4649,0.0
4650,0.0
4651,0.0
4652,0.0
4653,0.0
4654,0.0
4655,0.0
4656,0.0
4657,0.0
4658,0.0
4659,0.0
4660,0.0
4661,0.0
4662,0.0
4663,0.0
4664,0.0
4665,0.0
4666,0.0
4667,0.0
4668,0.0
4669,0.0
4670,0.0
4671,0.0
4672,0.0
4673,0.0
4674,0.0
4675,0.0
4676,0.0
4677,0.0
4678,0.0
4679,0.0
4680,0.0
4681,0.0
4682,0.0
4683,0.0
4684,0.0
4685,0.0
4686,0.0
4687,0.0
4688,0.0
4689,0.0
4690,0.0
4691,0.0
4692,0.0
4693,0.0
4694,0.0
4695,0.0
4696,0.0
4697,0.0
4698,0.0
4699,0.0
4700,0.0
4701,0.0
4702,0.0
4703,0.0
4704,0.0
4705,0.0
4706,0.0
4707,0.0
4708,0.0
4709,0.0
4710,0.0
4711,0.0
4712,0.0
4713,0.0
4714,0.0
4715,0.0
4716,0.0
4717,0.0009125
4718,0.001825
4719,0.0027375
4720,0.00365
4721,0.0045625
4722,0.005475
4723,0.0063875
4724,0.0073
4725,0.0082125
4726,0.009125
4727,0.0100375
4728,0.01095
4729,0.0231625
4730,0.035375
4731,0.0475875
4732,0.0598
4733,0.0720125
4734,0.084225
4735,0.0964375
4736,0.10865
4737,0.1208625
4738,0.133075
4739,0.1452874999999999
4740,0.1575
4741,0.1744291666666666
4742,0.1913583333333333
4743,0.2082875
4744,0.2252166666666666
4745,0.2421458333333333
4746,0.259075
4747,0.2760041666666666
4748,0.2929333333333332
4749,0.3098624999999999
4750,0.3267916666666666
4751,0.3437208333333333
4752,0.3606499999999999
4753,0.3778125
4754,0.3949749999999999
4755,0.4121375
4756,0.4293
4757,0.4464625
4758,0.463625
4759,0.4807875
4760,0.49795
4761,0.5151125000000001
4762,0.5322749999999999
4763,0.5494375
4764,0.5666
4765,0.5814833333333334
4766,0.5963666666666667
4767,0.61125
4768,0.6261333333333333
4769,0.6410166666666667
4770,0.6558999999999999
4771,0.6707833333333334
4772,0.6856666666666668
4773,0.7005500000000001
4774,0.7154333333333334
4775,0.7303166666666667
4776,0.7452000000000001
4777,0.7554625
4778,0.765725
4779,0.7759875
4780,0.78625
4781,0.7965125000000001
4782,0.806775
4783,0.8170375
4784,0.8273
4785,0.8375625
4786,0.847825
4787,0.8580875
4788,0.8683500000000001
4789,0.8739250000000001
4790,0.8795
4791,0.8850750000000001
4792,0.8906499999999999
4793,0.896225
4794,0.9018
4795,0.907375
4796,0.91295
4797,0.918525
4798,0.9241
4799,0.929675
4800,0.93525
4801,0.9302416666666666
4802,0.9252333333333334
4803,0.920225
4804,0.9152166666666668
4805,0.9102083333333334
4806,0.9052
4807,0.9001916666666667
4808,0.8951833333333334
4809,0.890175
4810,0.8851666666666668
4811,0.8801583333333334
4812,0.8751500000000001
4813,0.8681250000000001
4814,0.8611000000000001
4815,0.854075
4816,0.8470500000000001
4817,0.8400250000000001
4818,0.833
4819,0.825975
4820,0.8189500000000001
4821,0.8119250000000001
4822,0.8049000000000001
4823,0.797875
4824,0.79085
4825,0.7887124999999999
4826,0.786575
4827,0.7844375
4828,0.7823000000000001
4829,0.7801625
4830,0.7780250000000001
4831,0.7758875000000001
4832,0.77375
4833,0.7716125
4834,0.769475
4835,0.7673375000000001
4836,0.7652
4837,0.7481291666666667
4838,0.7310583333333334
4839,0.7139875000000001
4840,0.6969166666666667
4841,0.6798458333333334
4842,0.662775
4843,0.6457041666666666
4844,0.6286333333333334
4845,0.6115625
4846,0.5944916666666666
4847,0.5774208333333334
4848,0.56035
4849,0.5440166666666667
4850,0.5276833333333334
4851,0.51135
4852,0.4950166666666667
4853,0.4786833333333333
4854,0.46235
4855,0.4460166666666667
4856,0.4296833333333334
4857,0.41335
4858,0.3970166666666667
4859,0.3806833333333334
4860,0.36435
4861,0.3512291666666667
4862,0.3381083333333333
4863,0.3249875
4864,0.3118666666666667
4865,0.2987458333333333
4866,0.285625
4867,0.2725041666666666
4868,0.2593833333333333
4869,0.2462625
4870,0.2331416666666666
4871,0.2200208333333333
4872,0.2068999999999999
4873,0.1960916666666666
4874,0.1852833333333333
4875,0.174475
4876,0.1636666666666666
4877,0.1528583333333333
4878,0.1420499999999999
4879,0.1312416666666666
4880,0.1204333333333333
4881,0.1096249999999999
4882,0.0988166666666666
4883,0.0880083333333333
4884,0.0772
4885,0.0707666666666666
4886,0.0643333333333333
4887,0.0579
4888,0.0514666666666666
4889,0.0450333333333333
4890,0.0386
4891,0.0321666666666666
4892,0.0257333333333333
4893,0.0193
4894,0.0128666666666666
4895,0.0064333333333333
4896,0.0
4897,0.0
4898,0.0
4899,0.0
4900,0.0
4901,0.0
4902,0.0
4903,0.0
4904,0.0
4905,0.0
4906,0.0
4907,0.0
4908,0.0
4909,0.0
4910,0.0
4911,0.0
4912,0.0
4913,0.0
4914,0.0
4915,0.0
4916,0.0
4917,0.0
4918,0.0
4919,0.0
4920,0.0
4921,0.0
4922,0.0
4923,0.0
4924,0.0
4925,0.0
4926,0.0
4927,0.0
4928,0.0
4929,0.0
4930,0.0
4931,0.0
4932,0.0
4933,0.0
4934,0.0
4935,0.0
4936,0.0
4937,0.0
4938,0.0
4939,0.0
4940,0.0
4941,0.0
4942,0.0
4943,0.0
4944,0.0
4945,0.0
4946,0.0
4947,0.0
4948,0.0
4949,0.0
4950,0.0
4951,0.0
4952,0.0
4953,0.0
4954,0.0
4955,0.0
4956,0.0
4957,0.0
4958,0.0
4959,0.0
4960,0.0
4961,0.0
4962,0.0
4963,0.0
4964,0.0
4965,0.0
4966,0.0
4967,0.0
4968,0.0
4969,0.0
4970,0.0
4971,0.0
4972,0.0
4973,0.0
4974,0.0
4975,0.0
4976,0.0
4977,0.0
4978,0.0
4979,0.0
4980,0.0
4981,0.0
4982,0.0
4983,0.0
4984,0.0
4985,0.0
4986,0.0
4987,0.0
4988,0.0
4989,0.0
4990,0.0
4991,0.0
4992,0.0
4993,0.0
4994,0.0
4995,0.0
4996,0.0
4997,0.0
4998,0.0
4999,0.0
5000,0.0
5001,0.0
5002,0.0
5003,0.0
5004,0.0
5005,0.0009249999999999
5006,0.0018499999999999
5007,0.002775
5008,0.0036999999999999
5009,0.004625
5010,0.00555
5011,0.006475
5012,0.0073999999999999
5013,0.0083249999999999
5014,0.00925
5015,0.0101749999999999
5016,0.0111
5017,0.0229583333333333
5018,0.0348166666666666
5019,0.046675
5020,0.0585333333333333
5021,0.0703916666666666
5022,0.08225
5023,0.0941083333333333
5024,0.1059666666666666
5025,0.117825
5026,0.1296833333333333
5027,0.1415416666666666
5028,0.1534
5029,0.1701916666666666
5030,0.1869833333333333
5031,0.203775
5032,0.2205666666666666
5033,0.2373583333333333
5034,0.25415
5035,0.2709416666666666
5036,0.2877333333333333
5037,0.304525
5038,0.3213166666666666
5039,0.3381083333333333
5040,0.3549
5041,0.3710458333333333
5042,0.3871916666666667
5043,0.4033375
5044,0.4194833333333334
5045,0.4356291666666667
5046,0.451775
5047,0.4679208333333333
5048,0.4840666666666666
5049,0.5002125
5050,0.5163583333333334
5051,0.5325041666666666
5052,0.54865
5053,0.5639291666666667
5054,0.5792083333333332
5055,0.5944875
5056,0.6097666666666667
5057,0.6250458333333333
5058,0.640325
5059,0.6556041666666667
5060,0.6708833333333333
5061,0.6861625
5062,0.7014416666666666
5063,0.7167208333333333
5064,0.732
5065,0.7431083333333334
5066,0.7542166666666666
5067,0.765325
5068,0.7764333333333334
5069,0.7875416666666667
5070,0.7986500000000001
5071,0.8097583333333334
5072,0.8208666666666666
5073,0.831975
5074,0.8430833333333334
5075,0.8541916666666667
5076,0.8653000000000001
5077,0.8718416666666667
5078,0.8783833333333334
5079,0.8849250000000001
5080,0.8914666666666667
5081,0.8980083333333333
5082,0.90455
5083,0.9110916666666669
5084,0.9176333333333332
5085,0.924175
5086,0.9307166666666667
5087,0.9372583333333332
5088,0.9438
5089,0.9445125
5090,0.945225
5091,0.9459375
5092,0.94665
5093,0.9473625
5094,0.948075
5095,0.9487875
5096,0.9495
5097,0.9502125
5098,0.950925
5099,0.9516375
5100,0.95235
5101,0.941175
5102,0.93
5103,0.918825
5104,0.90765
5105,0.896475
5106,0.8853
5107,0.874125
5108,0.86295
5109,0.851775
5110,0.8406
5111,0.829425
5112,0.81825
5113,0.8037583333333334
5114,0.7892666666666667
5115,0.774775
5116,0.7602833333333333
5117,0.7457916666666666
5118,0.7313
5119,0.7168083333333334
5120,0.7023166666666667
5121,0.687825
5122,0.6733333333333333
5123,0.6588416666666667
5124,0.64435
5125,0.6261208333333333
5126,0.6078916666666666
5127,0.5896625
5128,0.5714333333333333
5129,0.5532041666666666
5130,0.534975
5131,0.5167458333333333
5132,0.4985166666666666
5133,0.4802875
5134,0.4620583333333333
5135,0.4438291666666666
5136,0.4256
5137,0.4181958333333333
5138,0.4107916666666666
5139,0.4033875
5140,0.3959833333333333
5141,0.3885791666666666
5142,0.381175
5143,0.3737708333333334
5144,0.3663666666666667
5145,0.3589624999999999
5146,0.3515583333333333
5147,0.3441541666666667
5148,0.33675
5149,0.3260583333333333
5150,0.3153666666666667
5151,0.304675
5152,0.2939833333333334
5153,0.2832916666666666
5154,0.2725999999999999
5155,0.2619083333333333
5156,0.2512166666666666
5157,0.240525
5158,0.2298333333333333
5159,0.2191416666666666
5160,0.20845
5161,0.19745
5162,0.1864499999999999
5163,0.17545
5164,0.1644499999999999
5165,0.1534499999999999
5166,0.14245
5167,0.1314499999999999
5168,0.1204499999999999
5169,0.1094499999999999
5170,0.0984499999999999
5171,0.0874499999999999
5172,0.07645
5173,0.0700791666666666
5174,0.0637083333333333
5175,0.0573375
5176,0.0509666666666666
5177,0.0445958333333333
5178,0.038225
5179,0.0318541666666666
5180,0.0254833333333333
5181,0.0191125
5182,0.0127416666666666
5183,0.0063708333333333
5184,0.0
5185,0.0
5186,0.0
5187,0.0
5188,0.0
5189,0.0
5190,0.0
5191,0.0
5192,0.0
5193,0.0
5194,0.0
5195,0.0
5196,0.0
5197,0.0
5198,0.0
5199,0.0
5200,0.0
5201,0.0
5202,0.0
5203,0.0
5204,0.0
5205,0.0
5206,0.0
5207,0.0
5208,0.0
5209,0.0
5210,0.0
5211,0.0
5212,0.0
5213,0.0
5214,0.0
5215,0.0
5216,0.0
5217,0.0
5218,0.0
5219,0.0
5220,0.0
5221,0.0
5222,0.0
5223,0.0
5224,0.0
5225,0.0
5226,0.0
5227,0.0
5228,0.0
5229,0.0
5230,0.0
5231,0.0
5232,0.0
5233,0.0
5234,0.0
5235,0.0
5236,0.0
5237,0.0
5238,0.0
5239,0.0
5240,0.0
5241,0.0
5242,0.0
5243,0.0
5244,0.0
5245,0.0
5246,0.0
5247,0.0
5248,0.0
5249,0.0
5250,0.0
5251,0.0
5252,0.0
5253,0.0
5254,0.0
5255,0.0
5256,0.0
5257,0.0
5258,0.0
5259,0.0
5260,0.0
5261,0.0
5262,0.0
5263,0.0
5264,0.0
5265,0.0
5266,0.0
5267,0.0
5268,0.0
5269,0.0
5270,0.0
5271,0.0
5272,0.0
5273,0.0
5274,0.0
5275,0.0
5276,0.0
5277,0.0
5278,0.0
5279,0.0
5280,0.0
5281,0.0
5282,0.0
5283,0.0
5284,0.0
5285,0.0
5286,0.0
5287,0.0
5288,0.0
5289,0.0
5290,0.0
5291,0.0
5292,0.0
5293,0.0009583333333333
5294,0.0019166666666666
5295,0.002875
5296,0.0038333333333333
5297,0.0047916666666666
5298,0.00575
5299,0.0067083333333333
5300,0.0076666666666666
5301,0.008625
5302,0.0095833333333333
5303,0.0105416666666666
5304,0.0115
5305,0.0229208333333333
5306,0.0343416666666666
5307,0.0457625
5308,0.0571833333333333
5309,0.0686041666666666
5310,0.080025
5311,0.0914458333333333
5312,0.1028666666666666
5313,0.1142875
5314,0.1257083333333333
5315,0.1371291666666666
5316,0.14855
5317,0.1656916666666666
5318,0.1828333333333333
5319,0.199975
5320,0.2171166666666666
5321,0.2342583333333333
5322,0.2514
5323,0.2685416666666667
5324,0.2856833333333333
5325,0.302825
5326,0.3199666666666667
5327,0.3371083333333333
5328,0.35425
5329,0.3643083333333333
5330,0.3743666666666667
5331,0.384425
5332,0.3944833333333333
5333,0.4045416666666667
5334,0.4145999999999999
5335,0.4246583333333333
5336,0.4347166666666666
5337,0.444775
5338,0.4548333333333333
5339,0.4648916666666666
5340,0.47495
5341,0.4929749999999999
5342,0.511
5343,0.529025
5344,0.5470499999999999
5345,0.565075
5346,0.5831000000000001
5347,0.601125
5348,0.61915
5349,0.6371749999999999
5350,0.6552
5351,0.6732250000000001
5352,0.69125
5353,0.6969708333333333
5354,0.7026916666666667
5355,0.7084125
5356,0.7141333333333333
5357,0.7198541666666668
5358,0.7255750000000001
5359,0.7312958333333334
5360,0.7370166666666668
5361,0.7427375
5362,0.7484583333333333
5363,0.7541791666666667
5364,0.7599000000000001
5365,0.7604500000000001
5366,0.7610000000000001
5367,0.7615500000000001
5368,0.7621
5369,0.76265
5370,0.7632000000000001
5371,0.76375
5372,0.7643000000000001
5373,0.76485
5374,0.7654
5375,0.76595
5376,0.7665
5377,0.7644208333333333
5378,0.7623416666666667
5379,0.7602625000000001
5380,0.7581833333333334
5381,0.7561041666666667
5382,0.7540250000000001
5383,0.7519458333333333
5384,0.7498666666666667
5385,0.7477875
5386,0.7457083333333334
5387,0.7436291666666667
5388,0.74155
5389,0.7493541666666668
5390,0.7571583333333334
5391,0.7649625000000001
5392,0.7727666666666667
5393,0.7805708333333334
5394,0.788375
5395,0.7961791666666667
5396,0.8039833333333334
5397,0.8117875
5398,0.8195916666666667
5399,0.8273958333333333
5400,0.8352
5401,0.8232
5402,0.8112
5403,0.7992
5404,0.7872
5405,0.7752
5406,0.7632000000000001
5407,0.7512000000000001
5408,0.7392000000000001
5409,0.7272000000000001
5410,0.7152000000000001
5411,0.7032
5412,0.6912
5413,0.6797291666666667
5414,0.6682583333333333
5415,0.6567875
5416,0.6453166666666668
5417,0.6338458333333333
5418,0.622375
5419,0.6109041666666667
5420,0.5994333333333333
5421,0.5879624999999999
5422,0.5764916666666666
5423,0.5650208333333333
5424,0.55355
5425,0.5429124999999999
5426,0.5322749999999999
5427,0.5216375
5428,0.5109999999999999
5429,0.5003624999999999
5430,0.4897249999999999
5431,0.4790875
5432,0.46845
5433,0.4578125
5434,0.4471749999999999
5435,0.4365374999999999
5436,0.4259
5437,0.4111375
5438,0.396375
5439,0.3816125
5440,0.3668499999999999
5441,0.3520875
5442,0.337325
5443,0.3225625
5444,0.3078
5445,0.2930375
5446,0.278275
5447,0.2635125
5448,0.24875
5449,0.2351458333333333
5450,0.2215416666666666
5451,0.2079375
5452,0.1943333333333333
5453,0.1807291666666666
5454,0.167125
5455,0.1535208333333333
5456,0.1399166666666667
5457,0.1263125
5458,0.1127083333333333
5459,0.0991041666666666
5460,0.0855
5461,0.078375
5462,0.07125
5463,0.064125
5464,0.057
5465,0.049875
5466,0.04275
5467,0.035625
5468,0.0285
5469,0.021375
5470,0.01425
5471,0.007125
5472,0.0
5473,0.0
5474,0.0
5475,0.0
5476,0.0
5477,0.0
5478,0.0
5479,0.0
5480,0.0
5481,0.0
5482,0.0
5483,0.0
5484,0.0
5485,0.0
5486,0.0
5487,0.0
5488,0.0
5489,0.0
5490,0.0
5491,0.0
5492,0.0
5493,0.0
5494,0.0
5495,0.0
5496,0.0
5497,0.0
5498,0.0
5499,0.0
5500,0.0
5501,0.0
5502,0.0
5503,0.0
5504,0.0
5505,0.0
5506,0.0
5507,0.0
5508,0.0
5509,0.0
5510,0.0
5511,0.0
5512,0.0
5513,0.0
5514,0.0
5515,0.0
5516,0.0
5517,0.0
5518,0.0
5519,0.0
5520,0.0
5521,0.0
5522,0.0
5523,0.0
5524,0.0
5525,0.0
5526,0.0
5527,0.0
5528,0.0
5529,0.0
5530,0.0
5531,0.0
5532,0.0
5533,0.0
5534,0.0
5535,0.0
5536,0.0
5537,0.0
5538,0.0
5539,0.0
5540,0.0
5541,0.0
5542,0.0
5543,0.0
5544,0.0
5545,0.0
5546,0.0
5547,0.0
5548,0.0
5549,0.0
5550,0.0
5551,0.0
5552,0.0
5553,0.0
5554,0.0
5555,0.0
5556,0.0
5557,0.0
5558,0.0
5559,0.0
5560,0.0
5561,0.0
5562,0.0
5563,0.0
5564,0.0
5565,0.0
5566,0.0
5567,0.0
5568,0.0
5569,0.0
5570,0.0
5571,0.0
5572,0.0
5573,0.0
5574,0.0
5575,0.0
5576,0.0
5577,0.0
5578,0.0
5579,0.0
5580,0.0
5581,0.0009625
5582,0.001925
5583,0.0028875
5584,0.00385
5585,0.0048125
5586,0.005775
5587,0.0067374999999999
5588,0.0077
5589,0.0086625
5590,0.009625
5591,0.0105875
5592,0.01155
5593,0.023175
5594,0.0348
5595,0.0464249999999999
5596,0.05805
5597,0.069675
5598,0.0813
5599,0.092925
5600,0.10455
5601,0.116175
5602,0.1278
5603,0.139425
5604,0.15105
5605,0.1651333333333333
5606,0.1792166666666666
5607,0.1933
5608,0.2073833333333333
5609,0.2214666666666666
5610,0.23555
5611,0.2496333333333333
5612,0.2637166666666667
5613,0.2778
5614,0.2918833333333333
5615,0.3059666666666667
5616,0.32005
5617,0.3357125
5618,0.351375
5619,0.3670375
5620,0.3827
5621,0.3983625
5622,0.414025
5623,0.4296875
5624,0.44535
5625,0.4610125
5626,0.476675
5627,0.4923375
5628,0.508
5629,0.5193125
5630,0.530625
5631,0.5419375
5632,0.55325
5633,0.5645625
5634,0.575875
5635,0.5871875
5636,0.5985
5637,0.6098125
5638,0.621125
5639,0.6324375
5640,0.64375
5641,0.658975
5642,0.6742
5643,0.689425
5644,0.70465
5645,0.719875
5646,0.7351
5647,0.750325
5648,0.7655500000000001
5649,0.780775
5650,0.796
5651,0.811225
5652,0.82645
5653,0.8223208333333334
5654,0.8181916666666668
5655,0.8140625
5656,0.8099333333333334
5657,0.8058041666666668
5658,0.801675
5659,0.7975458333333334
5660,0.7934166666666668
5661,0.7892875000000001
5662,0.7851583333333334
5663,0.7810291666666667
5664,0.7769000000000001
5665,0.7796750000000001
5666,0.7824500000000001
5667,0.7852250000000002
5668,0.7880000000000001
5669,0.7907750000000001
5670,0.7935500000000001
5671,0.7963250000000001
5672,0.7991
5673,0.8018750000000001
5674,0.8046500000000001
5675,0.8074250000000001
5676,0.8102
5677,0.8039375
5678,0.797675
5679,0.7914125000000001
5680,0.78515
5681,0.7788875000000001
5682,0.772625
5683,0.7663625
5684,0.7601
5685,0.7538374999999999
5686,0.7475749999999999
5687,0.7413125
5688,0.73505
5689,0.7285208333333333
5690,0.7219916666666667
5691,0.7154625
5692,0.7089333333333333
5693,0.7024041666666667
5694,0.695875
5695,0.6893458333333333
5696,0.6828166666666667
5697,0.6762875
5698,0.6697583333333333
5699,0.6632291666666668
5700,0.6567000000000001
5701,0.6423041666666667
5702,0.6279083333333334
5703,0.6135125
5704,0.5991166666666666
5705,0.5847208333333335
5706,0.5703250000000001
5707,0.5559291666666667
5708,0.5415333333333334
5709,0.5271375
5710,0.5127416666666667
5711,0.4983458333333334
5712,0.48395
5713,0.4742166666666667
5714,0.4644833333333333
5715,0.45475
5716,0.4450166666666667
5717,0.4352833333333333
5718,0.42555
5719,0.4158166666666666
5720,0.4060833333333333
5721,0.39635
5722,0.3866166666666666
5723,0.3768833333333333
5724,0.36715
5725,0.3551166666666667
5726,0.3430833333333333
5727,0.3310499999999999
5728,0.3190166666666666
5729,0.3069833333333333
5730,0.29495
5731,0.2829166666666666
5732,0.2708833333333333
5733,0.25885
5734,0.2468166666666666
5735,0.2347833333333333
5736,0.22275
5737,0.2108208333333333
5738,0.1988916666666666
5739,0.1869625
5740,0.1750333333333333
5741,0.1631041666666666
5742,0.151175
5743,0.1392458333333333
5744,0.1273166666666666
5745,0.1153874999999999
5746,0.1034583333333333
5747,0.0915291666666666
5748,0.0795999999999999
5749,0.0729666666666666
5750,0.0663333333333333
5751,0.0596999999999999
5752,0.0530666666666666
5753,0.0464333333333333
5754,0.0397999999999999
5755,0.0331666666666666
5756,0.0265333333333333
5757,0.0198999999999999
5758,0.0132666666666666
5759,0.0066333333333333
5760,0.0
5761,0.0
5762,0.0
5763,0.0
5764,0.0
5765,0.0
5766,0.0
5767,0.0
5768,0.0
5769,0.0
5770,0.0
5771,0.0
5772,0.0
5773,0.0
5774,0.0
5775,0.0
5776,0.0
5777,0.0
5778,0.0
5779,0.0
5780,0.0
5781,0.0
5782,0.0
5783,0.0
5784,0.0
5785,0.0
5786,0.0
5787,0.0
5788,0.0
5789,0.0
5790,0.0
5791,0.0
5792,0.0
5793,0.0
5794,0.0
5795,0.0
5796,0.0
5797,0.0
5798,0.0
5799,0.0
5800,0.0
5801,0.0
5802,0.0
5803,0.0
5804,0.0
5805,0.0
5806,0.0
5807,0.0
5808,0.0
5809,0.0
5810,0.0
5811,0.0
5812,0.0
5813,0.0
5814,0.0
5815,0.0
5816,0.0
5817,0.0
5818,0.0
5819,0.0
5820,0.0
5821,0.0
5822,0.0
5823,0.0
5824,0.0
5825,0.0
5826,0.0
5827,0.0
5828,0.0
5829,0.0
5830,0.0
5831,0.0
5832,0.0
5833,0.0
5834,0.0
5835,0.0
5836,0.0
5837,0.0
5838,0.0
5839,0.0
5840,0.0
5841,0.0
5842,0.0
5843,0.0
5844,0.0
5845,0.0
5846,0.0
5847,0.0
5848,0.0
5849,0.0
5850,0.0
5851,0.0
5852,0.0
5853,0.0
5854,0.0
5855,0.0
5856,0.0
5857,0.0
5858,0.0
5859,0.0
5860,0.0
5861,0.0
5862,0.0
5863,0.0
5864,0.0
5865,0.0
5866,0.0
5867,0.0
5868,0.0
5869,0.0010208333333333
5870,0.0020416666666666
5871,0.0030625
5872,0.0040833333333333
5873,0.0051041666666666
5874,0.006125
5875,0.0071458333333333
5876,0.0081666666666666
5877,0.0091875
5878,0.0102083333333333
5879,0.0112291666666666
5880,0.01225
5881,0.0245541666666666
5882,0.0368583333333333
5883,0.0491624999999999
5884,0.0614666666666666
5885,0.0737708333333333
5886,0.0860749999999999
5887,0.0983791666666666
5888,0.1106833333333333
5889,0.1229874999999999
5890,0.1352916666666666
5891,0.1475958333333333
5892,0.1599
5893,0.176275
5894,0.19265
5895,0.209025
5896,0.2254
5897,0.241775
5898,0.25815
5899,0.2745249999999999
5900,0.2909
5901,0.3072749999999999
5902,0.32365
5903,0.3400249999999999
5904,0.3564
5905,0.3733249999999999
5906,0.39025
5907,0.4071749999999999
5908,0.4241
5909,0.441025
5910,0.4579499999999999
5911,0.474875
5912,0.4917999999999999
5913,0.508725
5914,0.52565
5915,0.5425749999999999
5916,0.5595
5917,0.5742541666666666
5918,0.5890083333333334
5919,0.6037625000000001
5920,0.6185166666666666
5921,0.6332708333333332
5922,0.648025
5923,0.6627791666666667
5924,0.6775333333333333
5925,0.6922875
5926,0.7070416666666667
5927,0.7217958333333333
5928,0.7365499999999999
5929,0.7475999999999999
5930,0.7586499999999999
5931,0.7696999999999999
5932,0.78075
5933,0.7918
5934,0.8028500000000001
5935,0.8139
5936,0.82495
5937,0.836
5938,0.84705
5939,0.8581
5940,0.86915
5941,0.8661833333333333
5942,0.8632166666666667
5943,0.86025
5944,0.8572833333333333
5945,0.8543166666666666
5946,0.8513499999999999
5947,0.8483833333333334
5948,0.8454166666666666
5949,0.8424499999999999
5950,0.8394833333333334
5951,0.8365166666666667
5952,0.8335499999999999
5953,0.8422
5954,0.8508499999999999
5955,0.8595
5956,0.86815
5957,0.8767999999999999
5958,0.8854500000000001
5959,0.8941
5960,0.90275
5961,0.9114
5962,0.92005
5963,0.9287
5964,0.93735
5965,0.9248291666666668
5966,0.9123083333333334
5967,0.8997875000000001
5968,0.8872666666666666
5969,0.8747458333333333
5970,0.8622249999999999
5971,0.8497041666666667
5972,0.8371833333333333
5973,0.8246624999999999
5974,0.8121416666666667
5975,0.7996208333333332
5976,0.7870999999999999
5977,0.7840166666666666
5978,0.7809333333333333
5979,0.7778499999999999
5980,0.7747666666666665
5981,0.7716833333333333
5982,0.7686
5983,0.7655166666666665
5984,0.7624333333333333
5985,0.7593499999999999
5986,0.7562666666666665
5987,0.7531833333333333
5988,0.7500999999999999
5989,0.7399874999999999
5990,0.7298749999999999
5991,0.7197625
5992,0.70965
5993,0.6995374999999999
5994,0.689425
5995,0.6793125
5996,0.6691999999999999
5997,0.6590874999999999
5998,0.648975
5999,0.6388625
6000,0.62875
6001,0.611375
6002,0.594
6003,0.576625
6004,0.55925
6005,0.541875
6006,0.5245
6007,0.507125
6008,0.48975
6009,0.472375
6010,0.455
6011,0.437625
6012,0.42025
6013,0.4042375
6014,0.388225
6015,0.3722125
6016,0.3561999999999999
6017,0.3401875
6018,0.324175
6019,0.3081625
6020,0.2921499999999999
6021,0.2761375
6022,0.260125
6023,0.2441125
6024,0.2281
6025,0.2149291666666666
6026,0.2017583333333333
6027,0.1885874999999999
6028,0.1754166666666666
6029,0.1622458333333333
6030,0.1490749999999999
6031,0.1359041666666666
6032,0.1227333333333333
6033,0.1095624999999999
6034,0.0963916666666666
6035,0.0832208333333333
6036,0.07005
6037,0.0642124999999999
6038,0.058375
6039,0.0525375
6040,0.0467
6041,0.0408624999999999
6042,0.035025
6043,0.0291875
6044,0.02335
6045,0.0175125
6046,0.011675
6047,0.0058375
6048,0.0
6049,0.0
6050,0.0
6051,0.0
6052,0.0
6053,0.0
6054,0.0
6055,0.0
6056,0.0
6057,0.0
6058,0.0
6059,0.0
6060,0.0
6061,0.0
6062,0.0
6063,0.0
6064,0.0
6065,0.0
6066,0.0
6067,0.0
6068,0.0
6069,0.0
6070,0.0
6071,0.0
6072,0.0
6073,0.0
6074,0.0
6075,0.0
6076,0.0
6077,0.0
6078,0.0
6079,0.0
6080,0.0
6081,0.0
6082,0.0
6083,0.0
6084,0.0
6085,0.0
6086,0.0
6087,0.0
6088,0.0
6089,0.0
6090,0.0
6091,0.0
6092,0.0
6093,0.0
6094,0.0
6095,0.0
6096,0.0
6097,0.0
6098,0.0
6099,0.0
6100,0.0
6101,0.0
6102,0.0
6103,0.0
6104,0.0
6105,0.0
6106,0.0
6107,0.0
6108,0.0
6109,0.0
6110,0.0
6111,0.0
6112,0.0
6113,0.0
6114,0.0
6115,0.0
6116,0.0
6117,0.0
6118,0.0
6119,0.0
6120,0.0
6121,0.0
6122,0.0
6123,0.0
6124,0.0
6125,0.0
6126,0.0
6127,0.0
6128,0.0
6129,0.0
6130,0.0
6131,0.0
6132,0.0
6133,0.0
6134,0.0
6135,0.0
6136,0.0
6137,0.0
6138,0.0
6139,0.0
6140,0.0
6141,0.0
6142,0.0
6143,0.0
6144,0.0
6145,0.0
6146,0.0
6147,0.0
6148,0.0
6149,0.0
6150,0.0
6151,0.0
6152,0.0
6153,0.0
6154,0.0
6155,0.0
6156,0.0
6157,0.0009125
6158,0.001825
6159,0.0027375
6160,0.00365
6161,0.0045625
6162,0.005475
6163,0.0063875
6164,0.0073
6165,0.0082125
6166,0.009125
6167,0.0100375
6168,0.01095
6169,0.0192416666666666
6170,0.0275333333333333
6171,0.0358249999999999
6172,0.0441166666666666
6173,0.0524083333333333
6174,0.0607
6175,0.0689916666666666
6176,0.0772833333333333
6177,0.0855749999999999
6178,0.0938666666666666
6179,0.1021583333333333
6180,0.11045
6181,0.1267208333333333
6182,0.1429916666666666
6183,0.1592625
6184,0.1755333333333333
6185,0.1918041666666667
6186,0.208075
6187,0.2243458333333333
6188,0.2406166666666667
6189,0.2568875
6190,0.2731583333333334
6191,0.2894291666666667
6192,0.3057
6193,0.3203166666666667
6194,0.3349333333333334
6195,0.3495500000000001
6196,0.3641666666666667
6197,0.3787833333333333
6198,0.3934
6199,0.4080166666666667
6200,0.4226333333333333
6201,0.4372500000000001
6202,0.4518666666666667
6203,0.4664833333333333
6204,0.4811
6205,0.4943875
6206,0.507675
6207,0.5209625
6208,0.53425
6209,0.5475375
6210,0.560825
6211,0.5741124999999999
6212,0.5873999999999999
6213,0.6006875
6214,0.6139749999999999
6215,0.6272625
6216,0.64055
6217,0.6481583333333333
6218,0.6557666666666666
6219,0.663375
6220,0.6709833333333334
6221,0.6785916666666667
6222,0.6861999999999999
6223,0.6938083333333332
6224,0.7014166666666666
6225,0.709025
6226,0.7166333333333333
6227,0.7242416666666667
6228,0.73185
6229,0.7400500000000001
6230,0.74825
6231,0.7564500000000001
6232,0.7646499999999999
6233,0.77285
6234,0.7810499999999999
6235,0.78925
6236,0.79745
6237,0.80565
6238,0.8138500000000001
6239,0.82205
6240,0.83025
6241,0.8250125
6242,0.819775
6243,0.8145375
6244,0.8092999999999999
6245,0.8040625
6246,0.798825
6247,0.7935875
6248,0.78835
6249,0.7831125
6250,0.777875
6251,0.7726375
6252,0.7674
6253,0.7589625
6254,0.750525
6255,0.7420875
6256,0.73365
6257,0.7252124999999999
6258,0.7167749999999999
6259,0.7083375
6260,0.6999
6261,0.6914625
6262,0.683025
6263,0.6745875
6264,0.66615
6265,0.6579208333333334
6266,0.6496916666666666
6267,0.6414624999999999
6268,0.6332333333333333
6269,0.6250041666666667
6270,0.6167750000000001
6271,0.6085458333333333
6272,0.6003166666666667
6273,0.5920875000000001
6274,0.5838583333333334
6275,0.5756291666666667
6276,0.5674000000000001
6277,0.5582333333333335
6278,0.5490666666666667
6279,0.5399
6280,0.5307333333333334
6281,0.5215666666666667
6282,0.5124
6283,0.5032333333333333
6284,0.4940666666666666
6285,0.4849
6286,0.4757333333333333
6287,0.4665666666666667
6288,0.4574
6289,0.4397166666666666
6290,0.4220333333333333
6291,0.40435
6292,0.3866666666666666
6293,0.3689833333333333
6294,0.3512999999999999
6295,0.3336166666666666
6296,0.3159333333333333
6297,0.29825
6298,0.2805666666666667
6299,0.2628833333333333
6300,0.2452
6301,0.2366583333333333
6302,0.2281166666666666
6303,0.219575
6304,0.2110333333333333
6305,0.2024916666666666
6306,0.1939499999999999
6307,0.1854083333333333
6308,0.1768666666666666
6309,0.168325
6310,0.1597833333333333
6311,0.1512416666666666
6312,0.1427
6313,0.1361958333333333
6314,0.1296916666666666
6315,0.1231874999999999
6316,0.1166833333333333
6317,0.1101791666666666
6318,0.103675
6319,0.0971708333333333
6320,0.0906666666666666
6321,0.0841625
6322,0.0776583333333333
6323,0.0711541666666666
6324,0.06465
6325,0.0592625
6326,0.053875
6327,0.0484875
6328,0.0431
6329,0.0377125
6330,0.032325
6331,0.0269375
6332,0.02155
6333,0.0161625
6334,0.010775
6335,0.0053875
6336,0.0
6337,0.0
6338,0.0
6339,0.0
6340,0.0
6341,0.0
6342,0.0
6343,0.0
6344,0.0
6345,0.0
6346,0.0
6347,0.0
6348,0.0
6349,0.0
6350,0.0
6351,0.0
6352,0.0
6353,0.0
6354,0.0
6355,0.0
6356,0.0
6357,0.0
6358,0.0
6359,0.0
6360,0.0
6361,0.0
6362,0.0
6363,0.0
6364,0.0
6365,0.0
6366,0.0
6367,0.0
6368,0.0
6369,0.0
6370,0.0
6371,0.0
6372,0.0
6373,0.0
6374,0.0
6375,0.0
6376,0.0
6377,0.0
6378,0.0
6379,0.0
6380,0.0
6381,0.0
6382,0.0
6383,0.0
6384,0.0
6385,0.0
6386,0.0
6387,0.0
6388,0.0
6389,0.0
6390,0.0
6391,0.0
6392,0.0
6393,0.0
6394,0.0
6395,0.0
6396,0.0
6397,0.0
6398,0.0
6399,0.0
6400,0.0
6401,0.0
6402,0.0
6403,0.0
6404,0.0
6405,0.0
6406,0.0
6407,0.0
6408,0.0
6409,0.0
6410,0.0
6411,0.0
6412,0.0
6413,0.0
6414,0.0
6415,0.0
6416,0.0
6417,0.0
6418,0.0
6419,0.0
6420,0.0
6421,0.0
6422,0.0
6423,0.0
6424,0.0
6425,0.0
6426,0.0
6427,0.0
6428,0.0
6429,0.0
6430,0.0
6431,0.0
6432,0.0
6433,0.0
6434,0.0
6435,0.0
6436,0.0
6437,0.0
6438,0.0
6439,0.0
6440,0.0
6441,0.0
6442,0.0
6443,0.0
6444,0.0
6445,0.00105
6446,0.0021
6447,0.00315
6448,0.0042
6449,0.00525
6450,0.0063
6451,0.00735
6452,0.0084
6453,0.00945
6454,0.0105
6455,0.01155
6456,0.0126
6457,0.024725
6458,0.03685
6459,0.048975
6460,0.0611
6461,0.073225
6462,0.08535
6463,0.0974749999999999
6464,0.1095999999999999
6465,0.121725
6466,0.13385
6467,0.145975
6468,0.1581
6469,0.1742083333333333
6470,0.1903166666666666
6471,0.2064249999999999
6472,0.2225333333333333
6473,0.2386416666666666
6474,0.25475
6475,0.2708583333333333
6476,0.2869666666666666
6477,0.303075
6478,0.3191833333333332
6479,0.3352916666666666
6480,0.3514
6481,0.3608791666666666
6482,0.3703583333333333
6483,0.3798375
6484,0.3893166666666666
6485,0.3987958333333333
6486,0.408275
6487,0.4177541666666666
6488,0.4272333333333333
6489,0.4367125
6490,0.4461916666666666
6491,0.4556708333333333
6492,0.4651499999999999
6493,0.4796583333333333
6494,0.4941666666666666
6495,0.508675
6496,0.5231833333333333
6497,0.5376916666666666
6498,0.5521999999999999
6499,0.5667083333333334
6500,0.5812166666666667
6501,0.5957250000000001
6502,0.6102333333333333
6503,0.6247416666666666
6504,0.63925
6505,0.6552666666666667
6506,0.6712833333333333
6507,0.6872999999999999
6508,0.7033166666666666
6509,0.7193333333333333
6510,0.7353500000000001
6511,0.7513666666666666
6512,0.7673833333333333
6513,0.7834
6514,0.7994166666666667
6515,0.8154333333333332
6516,0.8314499999999999
6517,0.828425
6518,0.8254
6519,0.822375
6520,0.81935
6521,0.8163250000000001
6522,0.8133
6523,0.810275
6524,0.80725
6525,0.804225
6526,0.8012
6527,0.7981750000000001
6528,0.7951500000000001
6529,0.7985458333333335
6530,0.8019416666666668
6531,0.8053375
6532,0.8087333333333333
6533,0.8121291666666667
6534,0.8155249999999999
6535,0.8189208333333333
6536,0.8223166666666667
6537,0.8257125
6538,0.8291083333333333
6539,0.8325041666666666
6540,0.8359
6541,0.8346916666666666
6542,0.8334833333333334
6543,0.832275
6544,0.8310666666666666
6545,0.8298583333333334
6546,0.82865
6547,0.8274416666666666
6548,0.8262333333333334
6549,0.825025
6550,0.8238166666666666
6551,0.8226083333333334
6552,0.8214
6553,0.8128
6554,0.8042
6555,0.7956
6556,0.787
6557,0.7784
6558,0.7697999999999999
6559,0.7612000000000001
6560,0.7526
6561,0.744
6562,0.7354
6563,0.7268000000000001
6564,0.7182000000000001
6565,0.7076
6566,0.697
6567,0.6864000000000001
6568,0.6758000000000001
6569,0.6652
6570,0.6546000000000001
6571,0.644
6572,0.6334
6573,0.6228
6574,0.6122000000000001
6575,0.6016
6576,0.591
6577,0.574025
6578,0.5570499999999999
6579,0.5400750000000001
6580,0.5231
6581,0.506125
6582,0.48915
6583,0.472175
6584,0.4552
6585,0.438225
6586,0.42125
6587,0.404275
6588,0.3873
6589,0.3737041666666666
6590,0.3601083333333333
6591,0.3465125
6592,0.3329166666666667
6593,0.3193208333333333
6594,0.3057249999999999
6595,0.2921291666666666
6596,0.2785333333333333
6597,0.2649375
6598,0.2513416666666666
6599,0.2377458333333333
6600,0.22415
6601,0.2117124999999999
6602,0.1992749999999999
6603,0.1868375
6604,0.1743999999999999
6605,0.1619624999999999
6606,0.1495249999999999
6607,0.1370874999999999
6608,0.12465
6609,0.1122124999999999
6610,0.0997749999999999
6611,0.0873374999999999
6612,0.0749
6613,0.0686583333333333
6614,0.0624166666666666
6615,0.056175
6616,0.0499333333333333
6617,0.0436916666666666
6618,0.03745
6619,0.0312083333333333
6620,0.0249666666666666
6621,0.018725
6622,0.0124833333333333
6623,0.0062416666666666
6624,0.0
6625,0.0
6626,0.0
6627,0.0
6628,0.0
6629,0.0
6630,0.0
6631,0.0
6632,0.0
6633,0.0
6634,0.0
6635,0.0
6636,0.0
6637,0.0
6638,0.0
6639,0.0
6640,0.0
6641,0.0
6642,0.0
6643,0.0
6644,0.0
6645,0.0
6646,0.0
6647,0.0
6648,0.0
6649,0.0
6650,0.0
6651,0.0
6652,0.0
6653,0.0
6654,0.0
6655,0.0
6656,0.0
6657,0.0
6658,0.0
6659,0.0
6660,0.0
6661,0.0
6662,0.0
6663,0.0
6664,0.0
6665,0.0
6666,0.0
6667,0.0
6668,0.0
6669,0.0
6670,0.0
6671,0.0
6672,0.0
6673,0.0
6674,0.0
6675,0.0
6676,0.0
6677,0.0
6678,0.0
6679,0.0
6680,0.0
6681,0.0
6682,0.0
6683,0.0
6684,0.0
6685,0.0
6686,0.0
6687,0.0
6688,0.0
6689,0.0
6690,0.0
6691,0.0
6692,0.0
6693,0.0
6694,0.0
6695,0.0
6696,0.0
6697,0.0
6698,0.0
6699,0.0
6700,0.0
6701,0.0
6702,0.0
6703,0.0
6704,0.0
6705,0.0
6706,0.0
6707,0.0
6708,0.0
6709,0.0
6710,0.0
6711,0.0
6712,0.0
6713,0.0
6714,0.0
6715,0.0
6716,0.0
6717,0.0
6718,0.0
6719,0.0
6720,0.0
6721,0.0
6722,0.0
6723,0.0
6724,0.0
6725,0.0
6726,0.0
6727,0.0
6728,0.0
6729,0.0
6730,0.0
6731,0.0
6732,0.0
6733,0.0010625
6734,0.002125
6735,0.0031875
6736,0.00425
6737,0.0053125
6738,0.006375
6739,0.0074375
6740,0.0085
6741,0.0095625
6742,0.010625
6743,0.0116875
6744,0.01275
6745,0.0252666666666666
6746,0.0377833333333333
6747,0.0503
6748,0.0628166666666666
6749,0.0753333333333333
6750,0.08785
6751,0.1003666666666666
6752,0.1128833333333333
6753,0.1253999999999999
6754,0.1379166666666666
6755,0.1504333333333333
6756,0.1629499999999999
6757,0.1794958333333333
6758,0.1960416666666666
6759,0.2125874999999999
6760,0.2291333333333333
6761,0.2456791666666666
6762,0.262225
6763,0.2787708333333333
6764,0.2953166666666666
6765,0.3118625
6766,0.3284083333333333
6767,0.3449541666666667
6768,0.3615
6769,0.3782291666666666
6770,0.3949583333333333
6771,0.4116875
6772,0.4284166666666666
6773,0.4451458333333333
6774,0.461875
6775,0.4786041666666666
6776,0.4953333333333333
6777,0.5120625
6778,0.5287916666666667
6779,0.5455208333333333
6780,0.56225
6781,0.576825
6782,0.5913999999999999
6783,0.605975
6784,0.6205499999999999
6785,0.635125
6786,0.6496999999999999
6787,0.664275
6788,0.6788500000000001
6789,0.693425
6790,0.708
6791,0.722575
6792,0.73715
6793,0.748275
6794,0.7594
6795,0.770525
6796,0.78165
6797,0.792775
6798,0.8039
6799,0.815025
6800,0.8261499999999999
6801,0.837275
6802,0.8483999999999999
6803,0.859525
6804,0.8706499999999999
6805,0.8773958333333333
6806,0.8841416666666666
6807,0.8908875
6808,0.8976333333333333
6809,0.9043791666666666
6810,0.911125
6811,0.9178708333333334
6812,0.9246166666666666
6813,0.9313625
6814,0.9381083333333332
6815,0.9448541666666668
6816,0.9516
6817,0.95135
6818,0.9511
6819,0.95085
6820,0.9506
6821,0.95035
6822,0.9501
6823,0.94985
6824,0.9496
6825,0.94935
6826,0.9491
6827,0.94885
6828,0.9486
6829,0.9394416666666668
6830,0.9302833333333334
6831,0.921125
6832,0.9119666666666668
6833,0.9028083333333332
6834,0.8936499999999999
6835,0.8844916666666667
6836,0.8753333333333333
6837,0.8661749999999999
6838,0.8570166666666666
6839,0.8478583333333333
6840,0.8386999999999999
6841,0.8225624999999999
6842,0.806425
6843,0.7902874999999999
6844,0.77415
6845,0.7580125
6846,0.7418749999999998
6847,0.7257374999999999
6848,0.7095999999999999
6849,0.6934625
6850,0.677325
6851,0.6611874999999999
6852,0.6450499999999999
6853,0.6435583333333332
6854,0.6420666666666666
6855,0.6405749999999999
6856,0.6390833333333332
6857,0.6375916666666666
6858,0.6361
6859,0.6346083333333333
6860,0.6331166666666667
6861,0.631625
6862,0.6301333333333333
6863,0.6286416666666667
6864,0.62715
6865,0.6127458333333333
6866,0.5983416666666667
6867,0.5839375
6868,0.5695333333333333
6869,0.5551291666666666
6870,0.5407249999999999
6871,0.5263208333333333
6872,0.5119166666666666
6873,0.4975124999999999
6874,0.4831083333333333
6875,0.4687041666666666
6876,0.4543
6877,0.4353541666666666
6878,0.4164083333333333
6879,0.3974625
6880,0.3785166666666666
6881,0.3595708333333333
6882,0.340625
6883,0.3216791666666667
6884,0.3027333333333333
6885,0.2837874999999999
6886,0.2648416666666666
6887,0.2458958333333333
6888,0.2269499999999999
6889,0.2146041666666666
6890,0.2022583333333333
6891,0.1899124999999999
6892,0.1775666666666666
6893,0.1652208333333333
6894,0.152875
6895,0.1405291666666666
6896,0.1281833333333333
6897,0.1158375
6898,0.1034916666666666
6899,0.0911458333333333
6900,0.0788
6901,0.0722333333333333
6902,0.0656666666666666
6903,0.0590999999999999
6904,0.0525333333333333
6905,0.0459666666666666
6906,0.0394
6907,0.0328333333333333
6908,0.0262666666666666
6909,0.0197
6910,0.0131333333333333
6911,0.0065666666666666
6912,0.0
6913,0.0
6914,0.0
6915,0.0
6916,0.0
6917,0.0
6918,0.0
6919,0.0
6920,0.0
6921,0.0
6922,0.0
6923,0.0
6924,0.0
6925,0.0
6926,0.0
6927,0.0
6928,0.0
6929,0.0
6930,0.0
6931,0.0
6932,0.0
6933,0.0
6934,0.0
6935,0.0
6936,0.0
6937,0.0
6938,0.0
6939,0.0
6940,0.0
6941,0.0
6942,0.0
6943,0.0
6944,0.0
6945,0.0
6946,0.0
6947,0.0
6948,0.0
6949,0.0
6950,0.0
6951,0.0
6952,0.0
6953,0.0
6954,0.0
6955,0.0
6956,0.0
6957,0.0
6958,0.0
6959,0.0
6960,0.0
6961,0.0
6962,0.0
6963,0.0
6964,0.0
6965,0.0
6966,0.0
6967,0.0
6968,0.0
6969,0.0
6970,0.0
6971,0.0
6972,0.0
6973,0.0
6974,0.0
6975,0.0
6976,0.0
6977,0.0
6978,0.0
6979,0.0
6980,0.0
6981,0.0
6982,0.0
6983,0.0
6984,0.0
6985,0.0
6986,0.0
6987,0.0
6988,0.0
6989,0.0
6990,0.0
6991,0.0
6992,0.0
6993,0.0
6994,0.0
6995,0.0
6996,0.0
6997,0.0
6998,0.0
6999,0.0
7000,0.0
7001,0.0
7002,0.0
7003,0.0
7004,0.0
7005,0.0
7006,0.0
7007,0.0
7008,0.0
7009,0.0
7010,0.0
7011,0.0
7012,0.0
7013,0.0
7014,0.0
7015,0.0
7016,0.0
7017,0.0
7018,0.0
7019,0.0
7020,0.0
7021,0.001075
7022,0.00215
7023,0.0032249999999999
7024,0.0043
7025,0.005375
7026,0.0064499999999999
7027,0.007525
7028,0.0086
7029,0.009675
7030,0.01075
7031,0.0118249999999999
7032,0.0129
7033,0.0259166666666666
7034,0.0389333333333333
7035,0.0519499999999999
7036,0.0649666666666666
7037,0.0779833333333333
7038,0.091
7039,0.1040166666666666
7040,0.1170333333333333
7041,0.1300499999999999
7042,0.1430666666666666
7043,0.1560833333333333
7044,0.1691
7045,0.1855375
7046,0.201975
7047,0.2184124999999999
7048,0.23485
7049,0.2512875
7050,0.267725
7051,0.2841625
7052,0.3006
7053,0.3170375
7054,0.333475
7055,0.3499125
7056,0.36635
7057,0.3832041666666667
7058,0.4000583333333333
7059,0.4169125
7060,0.4337666666666667
7061,0.4506208333333333
7062,0.467475
7063,0.4843291666666667
7064,0.5011833333333334
7065,0.5180375
7066,0.5348916666666667
7067,0.5517458333333334
7068,0.5686
7069,0.5826916666666667
7070,0.5967833333333333
7071,0.610875
7072,0.6249666666666667
7073,0.6390583333333334
7074,0.6531500000000001
7075,0.6672416666666666
7076,0.6813333333333333
7077,0.6954250000000001
7078,0.7095166666666667
7079,0.7236083333333333
7080,0.7377
7081,0.7432041666666667
7082,0.7487083333333334
7083,0.7542125000000001
7084,0.7597166666666667
7085,0.7652208333333334
7086,0.770725
7087,0.7762291666666667
7088,0.7817333333333334
7089,0.7872374999999999
7090,0.7927416666666667
7091,0.7982458333333334
7092,0.80375
7093,0.8087791666666667
7094,0.8138083333333334
7095,0.8188375
7096,0.8238666666666666
7097,0.8288958333333334
7098,0.8339249999999999
7099,0.8389541666666667
7100,0.8439833333333333
7101,0.8490125000000001
7102,0.8540416666666667
7103,0.8590708333333333
7104,0.8641
7105,0.8581541666666667
7106,0.8522083333333333
7107,0.8462625
7108,0.8403166666666667
7109,0.8343708333333334
7110,0.828425
7111,0.8224791666666667
7112,0.8165333333333333
7113,0.8105875
7114,0.8046416666666667
7115,0.7986958333333333
7116,0.79275
7117,0.7915125000000001
7118,0.790275
7119,0.7890375000000001
7120,0.7878000000000001
7121,0.7865625
7122,0.785325
7123,0.7840875
7124,0.78285
7125,0.7816125
7126,0.7803750000000002
7127,0.7791375
7128,0.7779
7129,0.7668375000000001
7130,0.7557750000000001
7131,0.7447125000000001
7132,0.7336500000000001
7133,0.7225875
7134,0.7115250000000001
7135,0.7004625
7136,0.6894
7137,0.6783374999999999
7138,0.667275
7139,0.6562125
7140,0.64515
7141,0.6401374999999999
7142,0.635125
7143,0.6301125
7144,0.6251
7145,0.6200875
7146,0.6150749999999999
7147,0.6100625
7148,0.60505
7149,0.6000375
7150,0.595025
7151,0.5900125
7152,0.585
7153,0.5679875
7154,0.550975
7155,0.5339625
7156,0.51695
7157,0.4999375
7158,0.482925
7159,0.4659125
7160,0.4488999999999999
7161,0.4318875
7162,0.414875
7163,0.3978625
7164,0.38085
7165,0.3689916666666666
7166,0.3571333333333333
7167,0.345275
7168,0.3334166666666667
7169,0.3215583333333333
7170,0.3097
7171,0.2978416666666666
7172,0.2859833333333333
7173,0.274125
7174,0.2622666666666666
7175,0.2504083333333333
7176,0.23855
7177,0.2256416666666666
7178,0.2127333333333333
7179,0.199825
7180,0.1869166666666666
7181,0.1740083333333333
7182,0.1611
7183,0.1481916666666667
7184,0.1352833333333333
7185,0.122375
7186,0.1094666666666666
7187,0.0965583333333333
7188,0.08365
7189,0.0766791666666666
7190,0.0697083333333333
7191,0.0627375
7192,0.0557666666666666
7193,0.0487958333333333
7194,0.041825
7195,0.0348541666666666
7196,0.0278833333333333
7197,0.0209124999999999
7198,0.0139416666666666
7199,0.0069708333333333
7200,0.0
7201,0.0
7202,0.0
7203,0.0
7204,0.0
7205,0.0
7206,0.0
7207,0.0
7208,0.0
7209,0.0
7210,0.0
7211,0.0
7212,0.0
7213,0.0
7214,0.0
7215,0.0
7216,0.0
7217,0.0
7218,0.0
7219,0.0
7220,0.0
7221,0.0
7222,0.0
7223,0.0
7224,0.0
7225,0.0
7226,0.0
7227,0.0
7228,0.0
7229,0.0
7230,0.0
7231,0.0
7232,0.0
7233,0.0
7234,0.0
7235,0.0
7236,0.0
7237,0.0
7238,0.0
7239,0.0
7240,0.0
7241,0.0
7242,0.0
7243,0.0
7244,0.0
7245,0.0
7246,0.0
7247,0.0
7248,0.0
7249,0.0
7250,0.0
7251,0.0
7252,0.0
7253,0.0
7254,0.0
7255,0.0
7256,0.0
7257,0.0
7258,0.0
7259,0.0
7260,0.0
7261,0.0
7262,0.0
7263,0.0
7264,0.0
7265,0.0
7266,0.0
7267,0.0
7268,0.0
7269,0.0
7270,0.0
7271,0.0
7272,0.0
7273,0.0
7274,0.0
7275,0.0
7276,0.0
7277,0.0
7278,0.0
7279,0.0
7280,0.0
7281,0.0
7282,0.0
7283,0.0
7284,0.0
7285,0.0
7286,0.0
7287,0.0
7288,0.0
7289,0.0
7290,0.0
7291,0.0
7292,0.0
7293,0.0
7294,0.0
7295,0.0
7296,0.0
7297,0.0
7298,0.0
7299,0.0
7300,0.0
7301,0.0
7302,0.0
7303,0.0
7304,0.0
7305,0.0
7306,0.0
7307,0.0
7308,0.0
7309,0.0009625
7310,0.001925
7311,0.0028875
7312,0.00385
7313,0.0048125
7314,0.005775
7315,0.0067374999999999
7316,0.0077
7317,0.0086625
7318,0.009625
7319,0.0105875
7320,0.01155
7321,0.0230458333333333
7322,0.0345416666666666
7323,0.0460374999999999
7324,0.0575333333333333
7325,0.0690291666666666
7326,0.0805249999999999
7327,0.0920208333333333
7328,0.1035166666666666
7329,0.1150124999999999
7330,0.1265083333333333
7331,0.1380041666666666
7332,0.1495
7333,0.16585
7334,0.1822
7335,0.1985499999999999
7336,0.2148999999999999
7337,0.23125
7338,0.2476
7339,0.2639499999999999
7340,0.2802999999999999
7341,0.2966499999999999
7342,0.313
7343,0.32935
7344,0.3457
7345,0.364025
7346,0.38235
7347,0.400675
7348,0.419
7349,0.4373249999999999
7350,0.45565
7351,0.473975
7352,0.4923
7353,0.510625
7354,0.52895
7355,0.547275
7356,0.5656
7357,0.5781208333333334
7358,0.5906416666666666
7359,0.6031625
7360,0.6156833333333334
7361,0.6282041666666667
7362,0.640725
7363,0.6532458333333334
7364,0.6657666666666666
7365,0.6782875
7366,0.6908083333333334
7367,0.7033291666666667
7368,0.71585
7369,0.7289958333333334
7370,0.7421416666666667
7371,0.7552875
7372,0.7684333333333334
7373,0.7815791666666666
7374,0.794725
7375,0.8078708333333334
7376,0.8210166666666666
7377,0.8341625
7378,0.8473083333333334
7379,0.8604541666666666
7380,0.8736
7381,0.8788166666666667
7382,0.8840333333333333
7383,0.88925
7384,0.8944666666666667
7385,0.8996833333333334
7386,0.9049
7387,0.9101166666666668
7388,0.9153333333333332
7389,0.92055
7390,0.9257666666666666
7391,0.9309833333333334
7392,0.9362
7393,0.93755
7394,0.9389
7395,0.94025
7396,0.9416
7397,0.94295
7398,0.9443
7399,0.94565
7400,0.947
7401,0.94835
7402,0.9497
7403,0.95105
7404,0.9524
7405,0.9401291666666668
7406,0.9278583333333332
7407,0.9155875
7408,0.9033166666666668
7409,0.8910458333333333
7410,0.8787750000000001
7411,0.8665041666666667
7412,0.8542333333333334
7413,0.8419625
7414,0.8296916666666666
7415,0.8174208333333334
7416,0.80515
7417,0.8014708333333334
7418,0.7977916666666667
7419,0.7941125
7420,0.7904333333333333
7421,0.7867541666666666
7422,0.783075
7423,0.7793958333333334
7424,0.7757166666666667
7425,0.7720375
7426,0.7683583333333334
7427,0.7646791666666667
7428,0.761
7429,0.7453083333333334
7430,0.7296166666666667
7431,0.7139249999999999
7432,0.6982333333333334
7433,0.6825416666666667
7434,0.66685
7435,0.6511583333333333
7436,0.6354666666666667
7437,0.6197750000000001
7438,0.6040833333333334
7439,0.5883916666666666
7440,0.5727000000000001
7441,0.5608583333333333
7442,0.5490166666666666
7443,0.5371750000000001
7444,0.5253333333333333
7445,0.5134916666666667
7446,0.50165
7447,0.4898083333333334
7448,0.4779666666666667
7449,0.466125
7450,0.4542833333333334
7451,0.4424416666666667
7452,0.4306
7453,0.4168666666666666
7454,0.4031333333333333
7455,0.3894
7456,0.3756666666666667
7457,0.3619333333333333
7458,0.3482
7459,0.3344666666666667
7460,0.3207333333333333
7461,0.307
7462,0.2932666666666667
7463,0.2795333333333333
7464,0.2658
7465,0.2513416666666667
7466,0.2368833333333333
7467,0.222425
7468,0.2079666666666666
7469,0.1935083333333333
7470,0.17905
7471,0.1645916666666666
7472,0.1501333333333333
7473,0.135675
7474,0.1212166666666666
7475,0.1067583333333333
7476,0.0923
7477,0.0846083333333333
7478,0.0769166666666666
7479,0.069225
7480,0.0615333333333333
7481,0.0538416666666666
7482,0.04615
7483,0.0384583333333333
7484,0.0307666666666666
7485,0.023075
7486,0.0153833333333333
7487,0.0076916666666666
7488,0.0
7489,0.0
7490,0.0
7491,0.0
7492,0.0
7493,0.0
7494,0.0
7495,0.0
7496,0.0
7497,0.0
7498,0.0
7499,0.0
7500,0.0
7501,0.0
7502,0.0
7503,0.0
7504,0.0
7505,0.0
7506,0.0
7507,0.0
7508,0.0
7509,0.0
7510,0.0
7511,0.0
7512,0.0
7513,0.0
7514,0.0
7515,0.0
7516,0.0
7517,0.0
7518,0.0
7519,0.0
7520,0.0
7521,0.0
7522,0.0
7523,0.0
7524,0.0
7525,0.0
7526,0.0
7527,0.0
7528,0.0
7529,0.0
7530,0.0
7531,0.0
7532,0.0
7533,0.0
7534,0.0
7535,0.0
7536,0.0
7537,0.0
7538,0.0
7539,0.0
7540,0.0
7541,0.0
7542,0.0
7543,0.0
7544,0.0
7545,0.0
7546,0.0
7547,0.0
7548,0.0
7549,0.0
7550,0.0
7551,0.0
7552,0.0
7553,0.0
7554,0.0
7555,0.0
7556,0.0
7557,0.0
7558,0.0
7559,0.0
7560,0.0
7561,0.0
7562,0.0
7563,0.0
7564,0.0
7565,0.0
7566,0.0
7567,0.0
7568,0.0
7569,0.0
7570,0.0
7571,0.0
7572,0.0
7573,0.0
7574,0.0
7575,0.0
7576,0.0
7577,0.0
7578,0.0
7579,0.0
7580,0.0
7581,0.0
7582,0.0
7583,0.0
7584,0.0
7585,0.0
7586,0.0
7587,0.0
7588,0.0
7589,0.0
7590,0.0
7591,0.0
7592,0.0
7593,0.0
7594,0.0
7595,0.0
7596,0.0
7597,0.0011208333333333
7598,0.0022416666666666
7599,0.0033625
7600,0.0044833333333333
7601,0.0056041666666666
7602,0.006725
7603,0.0078458333333333
7604,0.0089666666666666
7605,0.0100875
7606,0.0112083333333333
7607,0.0123291666666666
7608,0.01345
7609,0.0268708333333333
7610,0.0402916666666666
7611,0.0537125
7612,0.0671333333333333
7613,0.0805541666666666
7614,0.093975
7615,0.1073958333333333
7616,0.1208166666666666
7617,0.1342375
7618,0.1476583333333333
7619,0.1610791666666667
7620,0.1745
7621,0.1915666666666666
7622,0.2086333333333333
7623,0.2256999999999999
7624,0.2427666666666666
7625,0.2598333333333333
7626,0.2769
7627,0.2939666666666666
7628,0.3110333333333333
7629,0.3280999999999999
7630,0.3451666666666666
7631,0.3622333333333333
7632,0.3792999999999999
7633,0.3962333333333332
7634,0.4131666666666666
7635,0.4301
7636,0.4470333333333333
7637,0.4639666666666666
7638,0.4809
7639,0.4978333333333333
7640,0.5147666666666667
7641,0.5317000000000001
7642,0.5486333333333333
7643,0.5655666666666666
7644,0.5825
7645,0.5971583333333333
7646,0.6118166666666666
7647,0.626475
7648,0.6411333333333333
7649,0.6557916666666667
7650,0.67045
7651,0.6851083333333333
7652,0.6997666666666666
7653,0.714425
7654,0.7290833333333333
7655,0.7437416666666666
7656,0.7584
7657,0.7689958333333333
7658,0.7795916666666667
7659,0.7901875
7660,0.8007833333333333
7661,0.8113791666666668
7662,0.821975
7663,0.8325708333333334
7664,0.8431666666666667
7665,0.8537625000000001
7666,0.8643583333333333
7667,0.8749541666666668
7668,0.8855500000000001
7669,0.892275
7670,0.899
7671,0.905725
7672,0.91245
7673,0.919175
7674,0.9259
7675,0.932625
7676,0.93935
7677,0.946075
7678,0.9528
7679,0.959525
7680,0.96625
7681,0.9680958333333332
7682,0.9699416666666668
7683,0.9717875
7684,0.9736333333333334
7685,0.9754791666666668
7686,0.977325
7687,0.9791708333333332
7688,0.9810166666666668
7689,0.9828625
7690,0.9847083333333334
7691,0.9865541666666668
7692,0.9884
7693,0.9849166666666668
7694,0.9814333333333334
7695,0.97795
7696,0.9744666666666668
7697,0.9709833333333332
7698,0.9675
7699,0.9640166666666669
7700,0.9605333333333336
7701,0.95705
7702,0.9535666666666668
7703,0.9500833333333334
7704,0.9466
7705,0.9376708333333332
7706,0.9287416666666668
7707,0.9198125
7708,0.9108833333333334
7709,0.9019541666666666
7710,0.893025
7711,0.8840958333333333
7712,0.8751666666666666
7713,0.8662375
7714,0.8573083333333332
7715,0.8483791666666666
7716,0.8394499999999999
7717,0.8262083333333332
7718,0.8129666666666666
7719,0.7997249999999999
7720,0.7864833333333332
7721,0.7732416666666666
7722,0.7599999999999999
7723,0.7467583333333333
7724,0.7335166666666667
7725,0.720275
7726,0.7070333333333333
7727,0.6937916666666666
7728,0.68055
7729,0.6635291666666666
7730,0.6465083333333334
7731,0.6294875
7732,0.6124666666666667
7733,0.5954458333333333
7734,0.578425
7735,0.5614041666666667
7736,0.5443833333333333
7737,0.5273625
7738,0.5103416666666667
7739,0.4933208333333333
7740,0.4763
7741,0.4576458333333333
7742,0.4389916666666666
7743,0.4203375
7744,0.4016833333333333
7745,0.3830291666666667
7746,0.364375
7747,0.3457208333333333
7748,0.3270666666666666
7749,0.3084125
7750,0.2897583333333333
7751,0.2711041666666666
7752,0.25245
7753,0.2383166666666666
7754,0.2241833333333333
7755,0.21005
7756,0.1959166666666666
7757,0.1817833333333333
7758,0.1676499999999999
7759,0.1535166666666666
7760,0.1393833333333333
7761,0.12525
7762,0.1111166666666666
7763,0.0969833333333333
7764,0.08285
7765,0.0759458333333333
7766,0.0690416666666666
7767,0.0621375
7768,0.0552333333333333
7769,0.0483291666666666
7770,0.041425
7771,0.0345208333333333
7772,0.0276166666666666
7773,0.0207125
7774,0.0138083333333333
7775,0.0069041666666666
7776,0.0
7777,0.0
7778,0.0
7779,0.0
7780,0.0
7781,0.0
7782,0.0
7783,0.0
7784,0.0
7785,0.0
7786,0.0
7787,0.0
7788,0.0
7789,0.0
7790,0.0
7791,0.0
7792,0.0
7793,0.0
7794,0.0
7795,0.0
7796,0.0
7797,0.0
7798,0.0
7799,0.0
7800,0.0
7801,0.0
7802,0.0
7803,0.0
7804,0.0
7805,0.0
7806,0.0
7807,0.0
7808,0.0
7809,0.0
7810,0.0
7811,0.0
7812,0.0
7813,0.0
7814,0.0
7815,0.0
7816,0.0
7817,0.0
7818,0.0
7819,0.0
7820,0.0
7821,0.0
7822,0.0
7823,0.0
7824,0.0
7825,0.0
7826,0.0
7827,0.0
7828,0.0
7829,0.0
7830,0.0
7831,0.0
7832,0.0
7833,0.0
7834,0.0
7835,0.0
7836,0.0
7837,0.0
7838,0.0
7839,0.0
7840,0.0
7841,0.0
7842,0.0
7843,0.0
7844,0.0
7845,0.0
7846,0.0
7847,0.0
7848,0.0
7849,0.0
7850,0.0
7851,0.0
7852,0.0
7853,0.0
7854,0.0
7855,0.0
7856,0.0
7857,0.0
7858,0.0
7859,0.0
7860,0.0
7861,0.0
7862,0.0
7863,0.0
7864,0.0
7865,0.0
7866,0.0
7867,0.0
7868,0.0
7869,0.0
7870,0.0
7871,0.0
7872,0.0
7873,0.0
7874,0.0
7875,0.0
7876,0.0
7877,0.0
7878,0.0
7879,0.0
7880,0.0
7881,0.0
7882,0.0
7883,0.0
7884,0.0
7885,0.0012874999999999
7886,0.0025749999999999
7887,0.0038624999999999
7888,0.0051499999999999
7889,0.0064374999999999
7890,0.0077249999999999
7891,0.0090125
7892,0.0102999999999999
7893,0.0115874999999999
7894,0.0128749999999999
7895,0.0141624999999999
7896,0.0154499999999999
7897,0.02795
7898,0.04045
7899,0.05295
7900,0.06545
7901,0.07795
7902,0.09045
7903,0.10295
7904,0.11545
7905,0.12795
7906,0.14045
7907,0.1529499999999999
7908,0.1654499999999999
7909,0.1806958333333333
7910,0.1959416666666666
7911,0.2111874999999999
7912,0.2264333333333333
7913,0.2416791666666666
7914,0.2569249999999999
7915,0.2721708333333333
7916,0.2874166666666666
7917,0.3026624999999999
7918,0.3179083333333333
7919,0.3331541666666666
7920,0.3484
7921,0.3644666666666666
7922,0.3805333333333333
7923,0.3966
7924,0.4126666666666667
7925,0.4287333333333333
7926,0.4448
7927,0.4608666666666666
7928,0.4769333333333334
7929,0.493
7930,0.5090666666666667
7931,0.5251333333333335
7932,0.5412
7933,0.5534291666666666
7934,0.5656583333333334
7935,0.5778875
7936,0.5901166666666666
7937,0.6023458333333335
7938,0.6145750000000001
7939,0.6268041666666667
7940,0.6390333333333335
7941,0.6512625000000001
7942,0.6634916666666667
7943,0.6757208333333334
7944,0.6879500000000001
7945,0.7024291666666667
7946,0.7169083333333334
7947,0.7313875000000001
7948,0.7458666666666667
7949,0.7603458333333334
7950,0.7748250000000001
7951,0.7893041666666667
7952,0.8037833333333334
7953,0.8182625
7954,0.8327416666666667
7955,0.8472208333333334
7956,0.8617
7957,0.8686833333333334
7958,0.8756666666666667
7959,0.88265
7960,0.8896333333333333
7961,0.8966166666666667
7962,0.9036
7963,0.9105833333333334
7964,0.9175666666666668
7965,0.92455
7966,0.9315333333333332
7967,0.9385166666666668
7968,0.9455
7969,0.9430541666666666
7970,0.9406083333333334
7971,0.9381625
7972,0.9357166666666668
7973,0.9332708333333334
7974,0.930825
7975,0.9283791666666666
7976,0.9259333333333332
7977,0.9234875
7978,0.9210416666666666
7979,0.9185958333333332
7980,0.91615
7981,0.9162083333333332
7982,0.9162666666666668
7983,0.916325
7984,0.9163833333333332
7985,0.9164416666666666
7986,0.9165
7987,0.9165583333333334
7988,0.9166166666666666
7989,0.916675
7990,0.9167333333333334
7991,0.9167916666666668
7992,0.91685
7993,0.9073083333333334
7994,0.8977666666666666
7995,0.888225
7996,0.8786833333333334
7997,0.8691416666666667
7998,0.8596
7999,0.8500583333333334
8000,0.8405166666666667
8001,0.830975
8002,0.8214333333333333
8003,0.8118916666666667
8004,0.80235
8005,0.7739291666666667
8006,0.7455083333333333
8007,0.7170875
8008,0.6886666666666666
8009,0.6602458333333333
8010,0.6318250000000001
8011,0.6034041666666667
8012,0.5749833333333334
8013,0.5465625
8014,0.5181416666666666
8015,0.4897208333333333
8016,0.4612999999999999
8017,0.4593833333333332
8018,0.4574666666666666
8019,0.4555499999999999
8020,0.4536333333333333
8021,0.4517166666666666
8022,0.4498
8023,0.4478833333333333
8024,0.4459666666666666
8025,0.44405
8026,0.4421333333333333
8027,0.4402166666666667
8028,0.4383
8029,0.4233666666666666
8030,0.4084333333333333
8031,0.3935
8032,0.3785666666666666
8033,0.3636333333333333
8034,0.3487
8035,0.3337666666666667
8036,0.3188333333333333
8037,0.3039
8038,0.2889666666666667
8039,0.2740333333333333
8040,0.2591
8041,0.2441625
8042,0.229225
8043,0.2142875
8044,0.19935
8045,0.1844125
8046,0.169475
8047,0.1545375
8048,0.1396
8049,0.1246625
8050,0.109725
8051,0.0947875
8052,0.0798499999999999
8053,0.0731958333333333
8054,0.0665416666666666
8055,0.0598874999999999
8056,0.0532333333333333
8057,0.0465791666666666
8058,0.0399249999999999
8059,0.0332708333333333
8060,0.0266166666666666
8061,0.0199625
8062,0.0133083333333333
8063,0.0066541666666666
8064,0.0
8065,0.0
8066,0.0
8067,0.0
8068,0.0
8069,0.0
8070,0.0
8071,0.0
8072,0.0
8073,0.0
8074,0.0
8075,0.0
8076,0.0
8077,0.0
8078,0.0
8079,0.0
8080,0.0
8081,0.0
8082,0.0
8083,0.0
8084,0.0
8085,0.0
8086,0.0
8087,0.0
8088,0.0
8089,0.0
8090,0.0
8091,0.0
8092,0.0
8093,0.0
8094,0.0
8095,0.0
8096,0.0
8097,0.0
8098,0.0
8099,0.0
8100,0.0
8101,0.0
8102,0.0
8103,0.0
8104,0.0
8105,0.0
8106,0.0
8107,0.0
8108,0.0
8109,0.0
8110,0.0
8111,0.0
8112,0.0
8113,0.0
8114,0.0
8115,0.0
8116,0.0
8117,0.0
8118,0.0
8119,0.0
8120,0.0
8121,0.0
8122,0.0
8123,0.0
8124,0.0
8125,0.0
8126,0.0
8127,0.0
8128,0.0
8129,0.0
8130,0.0
8131,0.0
8132,0.0
8133,0.0
8134,0.0
8135,0.0
8136,0.0
8137,0.0
8138,0.0
8139,0.0
8140,0.0
8141,0.0
8142,0.0
8143,0.0
8144,0.0
8145,0.0
8146,0.0
8147,0.0
8148,0.0
8149,0.0
8150,0.0
8151,0.0
8152,0.0
8153,0.0
8154,0.0
8155,0.0
8156,0.0
8157,0.0
8158,0.0
8159,0.0
8160,0.0
8161,0.0
8162,0.0
8163,0.0
8164,0.0
8165,0.0
8166,0.0
8167,0.0
8168,0.0
8169,0.0
8170,0.0
8171,0.0
8172,0.0
8173,0.00115
8174,0.0023
8175,0.00345
8176,0.0046
8177,0.00575
8178,0.0069
8179,0.00805
8180,0.0092
8181,0.01035
8182,0.0115
8183,0.01265
8184,0.0138
8185,0.0273583333333333
8186,0.0409166666666666
8187,0.0544749999999999
8188,0.0680333333333333
8189,0.0815916666666666
8190,0.0951499999999999
8191,0.1087083333333333
8192,0.1222666666666666
8193,0.135825
8194,0.1493833333333333
8195,0.1629416666666666
8196,0.1765
8197,0.1934375
8198,0.210375
8199,0.2273125
8200,0.24425
8201,0.2611875
8202,0.278125
8203,0.2950625
8204,0.312
8205,0.3289375
8206,0.345875
8207,0.3628125
8208,0.37975
8209,0.3966458333333333
8210,0.4135416666666667
8211,0.4304375
8212,0.4473333333333333
8213,0.4642291666666667
8214,0.481125
8215,0.4980208333333333
8216,0.5149166666666666
8217,0.5318125
8218,0.5487083333333334
8219,0.5656041666666666
8220,0.5825
8221,0.5970583333333332
8222,0.6116166666666667
8223,0.6261749999999999
8224,0.6407333333333334
8225,0.6552916666666666
8226,0.6698500000000001
8227,0.6844083333333333
8228,0.6989666666666666
8229,0.713525
8230,0.7280833333333333
8231,0.7426416666666666
8232,0.7572
8233,0.7684208333333332
8234,0.7796416666666667
8235,0.7908624999999999
8236,0.8020833333333333
8237,0.8133041666666667
8238,0.824525
8239,0.8357458333333333
8240,0.8469666666666666
8241,0.8581875
8242,0.8694083333333333
8243,0.8806291666666667
8244,0.89185
8245,0.8982958333333333
8246,0.9047416666666668
8247,0.9111875
8248,0.9176333333333332
8249,0.9240791666666668
8250,0.930525
8251,0.9369708333333334
8252,0.9434166666666668
8253,0.9498625
8254,0.9563083333333334
8255,0.9627541666666668
8256,0.9692
8257,0.9678625
8258,0.966525
8259,0.9651875
8260,0.96385
8261,0.9625125
8262,0.961175
8263,0.9598375
8264,0.9585
8265,0.9571625
8266,0.955825
8267,0.9544875
8268,0.95315
8269,0.9417416666666668
8270,0.9303333333333332
8271,0.918925
8272,0.9075166666666667
8273,0.8961083333333334
8274,0.8847
8275,0.8732916666666667
8276,0.8618833333333333
8277,0.850475
8278,0.8390666666666667
8279,0.8276583333333333
8280,0.81625
8281,0.8084458333333333
8282,0.8006416666666667
8283,0.7928375
8284,0.7850333333333332
8285,0.7772291666666666
8286,0.769425
8287,0.7616208333333334
8288,0.7538166666666667
8289,0.7460125000000001
8290,0.7382083333333334
8291,0.7304041666666667
8292,0.7226
8293,0.7107916666666667
8294,0.6989833333333334
8295,0.687175
8296,0.6753666666666667
8297,0.6635583333333334
8298,0.65175
8299,0.6399416666666666
8300,0.6281333333333333
8301,0.616325
8302,0.6045166666666667
8303,0.5927083333333333
8304,0.5809
8305,0.5664125
8306,0.551925
8307,0.5374375
8308,0.52295
8309,0.5084624999999999
8310,0.493975
8311,0.4794875
8312,0.465
8313,0.4505125
8314,0.436025
8315,0.4215375
8316,0.40705
8317,0.3899166666666667
8318,0.3727833333333333
8319,0.3556499999999999
8320,0.3385166666666666
8321,0.3213833333333333
8322,0.30425
8323,0.2871166666666667
8324,0.2699833333333333
8325,0.25285
8326,0.2357166666666666
8327,0.2185833333333333
8328,0.20145
8329,0.1900791666666666
8330,0.1787083333333333
8331,0.1673375
8332,0.1559666666666666
8333,0.1445958333333333
8334,0.1332249999999999
8335,0.1218541666666666
8336,0.1104833333333333
8337,0.0991124999999999
8338,0.0877416666666666
8339,0.0763708333333333
8340,0.065
8341,0.0595833333333333
8342,0.0541666666666666
8343,0.04875
8344,0.0433333333333333
8345,0.0379166666666666
8346,0.0325
8347,0.0270833333333333
8348,0.0216666666666666
8349,0.0162499999999999
8350,0.0108333333333333
8351,0.0054166666666666
8352,0.0
8353,0.0
8354,0.0
8355,0.0
8356,0.0
8357,0.0
8358,0.0
8359,0.0
8360,0.0
8361,0.0
8362,0.0
8363,0.0
8364,0.0
8365,0.0
8366,0.0
8367,0.0
8368,0.0
8369,0.0
8370,0.0
8371,0.0
8372,0.0
8373,0.0
8374,0.0
8375,0.0
8376,0.0
8377,0.0
8378,0.0
8379,0.0
8380,0.0
8381,0.0
8382,0.0
8383,0.0
8384,0.0
8385,0.0
8386,0.0
8387,0.0
8388,0.0
8389,0.0
8390,0.0
8391,0.0
8392,0.0
8393,0.0
8394,0.0
8395,0.0
8396,0.0
8397,0.0
8398,0.0
8399,0.0
8400,0.0
8401,0.0
8402,0.0
8403,0.0
8404,0.0
8405,0.0
8406,0.0
8407,0.0
8408,0.0
8409,0.0
8410,0.0
8411,0.0
8412,0.0
8413,0.0
8414,0.0
8415,0.0
8416,0.0
8417,0.0
8418,0.0
8419,0.0
8420,0.0
8421,0.0
8422,0.0
8423,0.0
8424,0.0
8425,0.0
8426,0.0
8427,0.0
8428,0.0
8429,0.0
8430,0.0
8431,0.0
8432,0.0
8433,0.0
8434,0.0
8435,0.0
8436,0.0
8437,0.0
8438,0.0
8439,0.0
8440,0.0
8441,0.0
8442,0.0
8443,0.0
8444,0.0
8445,0.0
8446,0.0
8447,0.0
8448,0.0
8449,0.0
8450,0.0
8451,0.0
8452,0.0
8453,0.0
8454,0.0
8455,0.0
8456,0.0
8457,0.0
8458,0.0
8459,0.0
8460,0.0
8461,0.0010083333333333
8462,0.0020166666666666
8463,0.003025
8464,0.0040333333333333
8465,0.0050416666666666
8466,0.00605
8467,0.0070583333333333
8468,0.0080666666666666
8469,0.009075
8470,0.0100833333333333
8471,0.0110916666666666
8472,0.0121
8473,0.0241125
8474,0.036125
8475,0.0481375
8476,0.06015
8477,0.0721625
8478,0.084175
8479,0.0961875
8480,0.1082
8481,0.1202125
8482,0.132225
8483,0.1442375
8484,0.15625
8485,0.1738833333333333
8486,0.1915166666666666
8487,0.20915
8488,0.2267833333333333
8489,0.2444166666666667
8490,0.26205
8491,0.2796833333333333
8492,0.2973166666666667
8493,0.31495
8494,0.3325833333333334
8495,0.3502166666666667
8496,0.36785
8497,0.3840041666666667
8498,0.4001583333333333
8499,0.4163125
8500,0.4324666666666667
8501,0.4486208333333334
8502,0.464775
8503,0.4809291666666667
8504,0.4970833333333334
8505,0.5132375
8506,0.5293916666666667
8507,0.5455458333333334
8508,0.5617000000000001
8509,0.5758875
8510,0.590075
8511,0.6042625
8512,0.61845
8513,0.6326375000000001
8514,0.6468250000000001
8515,0.6610124999999999
8516,0.6751999999999999
8517,0.6893874999999999
8518,0.703575
8519,0.7177625
8520,0.7319499999999999
8521,0.7433
8522,0.7546499999999999
8523,0.7659999999999999
8524,0.7773499999999999
8525,0.7887
8526,0.8000499999999999
8527,0.8114
8528,0.82275
8529,0.8341
8530,0.8454499999999999
8531,0.8568
8532,0.86815
8533,0.8725458333333334
8534,0.8769416666666666
8535,0.8813375
8536,0.8857333333333334
8537,0.8901291666666666
8538,0.894525
8539,0.8989208333333334
8540,0.9033166666666668
8541,0.9077125
8542,0.9121083333333332
8543,0.9165041666666666
8544,0.9209
8545,0.9144583333333332
8546,0.9080166666666668
8547,0.901575
8548,0.8951333333333333
8549,0.8886916666666667
8550,0.8822499999999999
8551,0.8758083333333333
8552,0.8693666666666665
8553,0.8629249999999999
8554,0.8564833333333333
8555,0.8500416666666666
8556,0.8435999999999999
8557,0.8446916666666666
8558,0.8457833333333333
8559,0.846875
8560,0.8479666666666665
8561,0.8490583333333332
8562,0.85015
8563,0.8512416666666667
8564,0.8523333333333334
8565,0.8534250000000001
8566,0.8545166666666667
8567,0.8556083333333333
8568,0.8567
8569,0.8510541666666667
8570,0.8454083333333334
8571,0.8397625000000001
8572,0.8341166666666667
8573,0.8284708333333334
8574,0.822825
8575,0.8171791666666667
8576,0.8115333333333334
8577,0.8058875000000001
8578,0.8002416666666666
8579,0.7945958333333334
8580,0.78895
8581,0.7721666666666668
8582,0.7553833333333334
8583,0.7386
8584,0.7218166666666668
8585,0.7050333333333334
8586,0.68825
8587,0.6714666666666667
8588,0.6546833333333334
8589,0.6379000000000001
8590,0.6211166666666668
8591,0.6043333333333334
8592,0.58755
8593,0.5728625
8594,0.5581750000000001
8595,0.5434875000000001
8596,0.5288
8597,0.5141125000000001
8598,0.499425
8599,0.4847375
8600,0.47005
8601,0.4553625
8602,0.440675
8603,0.4259875
8604,0.4113
8605,0.3997375
8606,0.388175
8607,0.3766125
8608,0.36505
8609,0.3534875
8610,0.341925
8611,0.3303625
8612,0.3188
8613,0.3072375
8614,0.295675
8615,0.2841125
8616,0.27255
8617,0.2578625
8618,0.243175
8619,0.2284875
8620,0.2138
8621,0.1991125
8622,0.184425
8623,0.1697375
8624,0.15505
8625,0.1403625
8626,0.125675
8627,0.1109875
8628,0.0963
8629,0.088275
8630,0.08025
8631,0.072225
8632,0.0642
8633,0.056175
8634,0.04815
8635,0.040125
8636,0.0321
8637,0.024075
8638,0.01605
8639,0.008025
8640,0.0
8641,0.0
8642,0.0
8643,0.0
8644,0.0
8645,0.0
8646,0.0
8647,0.0
8648,0.0
8649,0.0
8650,0.0
8651,0.0
8652,0.0
8653,0.0
8654,0.0
8655,0.0
8656,0.0
8657,0.0
8658,0.0
8659,0.0
8660,0.0
8661,0.0
8662,0.0
8663,0.0
8664,0.0
8665,0.0
8666,0.0
8667,0.0
8668,0.0
8669,0.0
8670,0.0
8671,0.0
8672,0.0
8673,0.0
8674,0.0
8675,0.0
8676,0.0
8677,0.0
8678,0.0
8679,0.0
8680,0.0
8681,0.0
8682,0.0
8683,0.0
8684,0.0
8685,0.0
8686,0.0
8687,0.0
8688,0.0
8689,0.0
8690,0.0
8691,0.0
8692,0.0
8693,0.0
8694,0.0
8695,0.0
8696,0.0
8697,0.0
8698,0.0
8699,0.0
8700,0.0
8701,0.0
8702,0.0
8703,0.0
8704,0.0
8705,0.0
8706,0.0
8707,0.0
8708,0.0
8709,0.0
8710,0.0
8711,0.0
8712,0.0
8713,0.0
8714,0.0
8715,0.0
8716,0.0
8717,0.0
8718,0.0
8719,0.0
8720,0.0
8721,0.0
8722,0.0
8723,0.0
8724,0.0
8725,0.0
8726,0.0
8727,0.0
8728,0.0
8729,0.0
8730,0.0
8731,0.0
8732,0.0
8733,0.0
8734,0.0
8735,0.0
8736,0.0
8737,0.0
8738,0.0
8739,0.0
8740,0.0
8741,0.0
8742,0.0
8743,0.0
8744,0.0
8745,0.0
8746,0.0
8747,0.0
8748,0.0
8749,0.0014083333333333
8750,0.0028166666666666
8751,0.004225
8752,0.0056333333333333
8753,0.0070416666666666
8754,0.00845
8755,0.0098583333333333
8756,0.0112666666666666
8757,0.0126749999999999
8758,0.0140833333333333
8759,0.0154916666666666
8760,0.0169
8761,0.0279875
8762,0.039075
8763,0.0501624999999999
8764,0.0612499999999999
8765,0.0723374999999999
8766,0.0834249999999999
8767,0.0945124999999999
8768,0.1056
8769,0.1166874999999999
8770,0.1277749999999999
8771,0.1388624999999999
8772,0.14995
8773,0.16365
8774,0.17735
8775,0.19105
8776,0.20475
8777,0.2184499999999999
8778,0.23215
8779,0.24585
8780,0.25955
8781,0.27325
8782,0.28695
8783,0.30065
8784,0.31435
8785,0.3238583333333333
8786,0.3333666666666667
8787,0.342875
8788,0.3523833333333333
8789,0.3618916666666666
8790,0.3714
8791,0.3809083333333333
8792,0.3904166666666667
8793,0.399925
8794,0.4094333333333333
8795,0.4189416666666666
8796,0.42845
8797,0.4298625
8798,0.4312749999999999
8799,0.4326875
8800,0.4341
8801,0.4355124999999999
8802,0.4369249999999999
8803,0.4383375
8804,0.43975
8805,0.4411624999999999
8806,0.442575
8807,0.4439875
8808,0.4453999999999999
8809,0.4652666666666666
8810,0.4851333333333333
8811,0.5049999999999999
8812,0.5248666666666667
8813,0.5447333333333334
8814,0.5645999999999999
8815,0.5844666666666666
8816,0.6043333333333333
8817,0.6242
8818,0.6440666666666666
8819,0.6639333333333333
8820,0.6838
8821,0.6961291666666666
8822,0.7084583333333333
8823,0.7207875
8824,0.7331166666666666
8825,0.7454458333333334
8826,0.757775
8827,0.7701041666666666
8828,0.7824333333333333
8829,0.7947625
8830,0.8070916666666667
8831,0.8194208333333334
8832,0.83175
8833,0.8359916666666667
8834,0.8402333333333334
8835,0.844475
8836,0.8487166666666667
8837,0.8529583333333334
8838,0.8572
8839,0.8614416666666667
8840,0.8656833333333332
8841,0.869925
8842,0.8741666666666666
8843,0.8784083333333333
8844,0.8826499999999999
8845,0.8774
8846,0.87215
8847,0.8669
8848,0.86165
8849,0.8563999999999999
8850,0.8511500000000001
8851,0.8459000000000001
8852,0.8406500000000001
8853,0.8354000000000001
8854,0.83015
8855,0.8249000000000001
8856,0.8196500000000001
8857,0.8060375000000002
8858,0.792425
8859,0.7788125
8860,0.7652
8861,0.7515875000000001
8862,0.737975
8863,0.7243624999999999
8864,0.71075
8865,0.6971375000000001
8866,0.6835249999999999
8867,0.6699124999999999
8868,0.6563
8869,0.6425625
8870,0.628825
8871,0.6150875
8872,0.6013499999999999
8873,0.5876125
8874,0.573875
8875,0.5601375
8876,0.5464
8877,0.5326625
8878,0.518925
8879,0.5051875
8880,0.49145
8881,0.4802333333333333
8882,0.4690166666666666
8883,0.4578
8884,0.4465833333333333
8885,0.4353666666666667
8886,0.42415
8887,0.4129333333333333
8888,0.4017166666666667
8889,0.3905
8890,0.3792833333333333
8891,0.3680666666666667
8892,0.35685
8893,0.3411958333333333
8894,0.3255416666666667
8895,0.3098875
8896,0.2942333333333333
8897,0.2785791666666666
8898,0.262925
8899,0.2472708333333333
8900,0.2316166666666666
8901,0.2159625
8902,0.2003083333333333
8903,0.1846541666666666
8904,0.169
8905,0.1609375
8906,0.152875
8907,0.1448125
8908,0.13675
8909,0.1286875
8910,0.120625
8911,0.1125625
8912,0.1045
8913,0.0964375
8914,0.088375
8915,0.0803125
8916,0.07225
