timestep,solar_fraction
0,0.0
1,0.0
2,0.0
3,0.0
4,0.0
5,0.0
6,0.0
7,0.0
8,0.0
9,0.0
10,0.0
11,0.0
12,0.0
13,0.0
14,0.0
15,0.0
16,0.0
17,0.0
18,0.0
19,0.0
20,0.0
21,0.0
22,0.0
23,0.0
24,0.0
25,0.0
26,0.0
27,0.0
28,0.0
29,0.0
30,0.0
31,0.0
32,0.0
33,0.0
34,0.0
35,0.0
36,0.0
37,0.0006
38,0.0012
39,0.0017999999999999
40,0.0024
41,0.003
42,0.0035999999999999
43,0.0042
44,0.0048
45,0.0053999999999999
46,0.006
47,0.0066
48,0.0072
49,0.0112416666666666
50,0.0152833333333333
51,0.019325
52,0.0233666666666666
53,0.0274083333333333
54,0.03145
55,0.0354916666666666
56,0.0395333333333333
57,0.0435749999999999
58,0.0476166666666666
59,0.0516583333333333
60,0.0556999999999999
61,0.0605374999999999
62,0.065375
63,0.0702125
64,0.0750499999999999
65,0.0798875
66,0.084725
67,0.0895625
68,0.0944
69,0.0992374999999999
70,0.104075
71,0.1089125
72,0.11375
73,0.1191208333333333
74,0.1244916666666666
75,0.1298625
76,0.1352333333333333
77,0.1406041666666666
78,0.145975
79,0.1513458333333333
80,0.1567166666666666
81,0.1620875
82,0.1674583333333333
83,0.1728291666666666
84,0.1782
85,0.1858333333333333
86,0.1934666666666666
87,0.2011
88,0.2087333333333333
89,0.2163666666666666
90,0.224
91,0.2316333333333333
92,0.2392666666666666
93,0.2469
94,0.2545333333333333
95,0.2621666666666666
96,0.2698
97,0.2758625
98,0.281925
99,0.2879875
100,0.29405
101,0.3001125
102,0.306175
103,0.3122375
104,0.3183
105,0.3243625
106,0.330425
107,0.3364875
108,0.34255
109,0.3533291666666666
110,0.3641083333333333
111,0.3748875
112,0.3856666666666667
113,0.3964458333333333
114,0.4072249999999999
115,0.4180041666666667
116,0.4287833333333333
117,0.4395625
118,0.4503416666666666
119,0.4611208333333332
120,0.4719
121,0.4653666666666666
122,0.4588333333333333
123,0.4523
124,0.4457666666666666
125,0.4392333333333333
126,0.4327
127,0.4261666666666666
128,0.4196333333333333
129,0.4131
130,0.4065666666666667
131,0.4000333333333333
132,0.3935
133,0.4000583333333333
134,0.4066166666666667
135,0.413175
136,0.4197333333333333
137,0.4262916666666667
138,0.43285
139,0.4394083333333333
140,0.4459666666666667
141,0.452525
142,0.4590833333333334
143,0.4656416666666667
144,0.4722
145,0.4688291666666667
146,0.4654583333333333
147,0.4620875
148,0.4587166666666667
149,0.4553458333333333
150,0.451975
151,0.4486041666666667
152,0.4452333333333333
153,0.4418625
154,0.4384916666666666
155,0.4351208333333333
156,0.43175
157,0.4250041666666667
158,0.4182583333333333
159,0.4115125
160,0.4047666666666666
161,0.3980208333333333
162,0.391275
163,0.3845291666666667
164,0.3777833333333333
165,0.3710375
166,0.3642916666666667
167,0.3575458333333333
168,0.3508
169,0.3416041666666667
170,0.3324083333333333
171,0.3232125
172,0.3140166666666666
173,0.3048208333333333
174,0.295625
175,0.2864291666666667
176,0.2772333333333333
177,0.2680375
178,0.2588416666666666
179,0.2496458333333333
180,0.24045
181,0.2368666666666666
182,0.2332833333333333
183,0.2297
184,0.2261166666666666
185,0.2225333333333333
186,0.2189499999999999
187,0.2153666666666666
188,0.2117833333333333
189,0.2082
190,0.2046166666666666
191,0.2010333333333333
192,0.19745
193,0.1895041666666666
194,0.1815583333333333
195,0.1736124999999999
196,0.1656666666666666
197,0.1577208333333333
198,0.1497749999999999
199,0.1418291666666666
200,0.1338833333333333
201,0.1259375
202,0.1179916666666666
203,0.1100458333333333
204,0.1021
205,0.09525
206,0.0883999999999999
207,0.08155
208,0.0747
209,0.06785
210,0.061
211,0.05415
212,0.0473
213,0.04045
214,0.0336
215,0.02675
216,0.0198999999999999
217,0.0182416666666666
218,0.0165833333333333
219,0.0149249999999999
220,0.0132666666666666
221,0.0116083333333333
222,0.0099499999999999
223,0.0082916666666666
224,0.0066333333333333
225,0.0049749999999999
226,0.0033166666666666
227,0.0016583333333333
228,0.0
229,0.0
230,0.0
231,0.0
232,0.0
233,0.0
234,0.0
235,0.0
236,0.0
237,0.0
238,0.0
239,0.0
240,0.0
241,0.0
242,0.0
243,0.0
244,0.0
245,0.0
246,0.0
247,0.0
248,0.0
249,0.0
250,0.0
251,0.0
252,0.0
253,0.0
254,0.0
255,0.0
256,0.0
257,0.0
258,0.0
259,0.0
260,0.0
261,0.0
262,0.0
263,0.0
264,0.0
265,0.0
266,0.0
267,0.0
268,0.0
269,0.0
270,0.0
271,0.0
272,0.0
273,0.0
274,0.0
275,0.0
276,0.0
277,0.0
278,0.0
279,0.0
280,0.0
281,0.0
282,0.0
283,0.0
284,0.0
285,0.0
286,0.0
287,0.0
288,0.0
289,0.0
290,0.0
291,0.0
292,0.0
293,0.0
294,0.0
295,0.0
296,0.0
297,0.0
298,0.0
299,0.0
300,0.0
301,0.0
302,0.0
303,0.0
304,0.0
305,0.0
306,0.0
307,0.0
308,0.0
309,0.0
310,0.0
311,0.0
312,0.0
313,0.0
314,0.0
315,0.0
316,0.0
317,0.0
318,0.0
319,0.0
320,0.0
321,0.0
322,0.0
323,0.0
324,0.0
325,0.0022
326,0.0044
327,0.0066
328,0.0088
329,0.011
330,0.0132
331,0.0154
332,0.0176
333,0.0198
334,0.022
335,0.0242
336,0.0264
337,0.0349625
338,0.043525
339,0.0520875
340,0.06065
341,0.0692125
342,0.077775
343,0.0863375
344,0.0949
345,0.1034625
346,0.112025
347,0.1205875
348,0.12915
349,0.1304125
350,0.131675
351,0.1329375
352,0.1342
353,0.1354625
354,0.1367249999999999
355,0.1379875
356,0.13925
357,0.1405125
358,0.141775
359,0.1430375
360,0.1443
361,0.1509083333333333
362,0.1575166666666667
363,0.164125
364,0.1707333333333333
365,0.1773416666666666
366,0.18395
367,0.1905583333333333
368,0.1971666666666666
369,0.203775
370,0.2103833333333333
371,0.2169916666666666
372,0.2236
373,0.2272916666666666
374,0.2309833333333333
375,0.234675
376,0.2383666666666666
377,0.2420583333333333
378,0.2457499999999999
379,0.2494416666666666
380,0.2531333333333333
381,0.2568249999999999
382,0.2605166666666667
383,0.2642083333333333
384,0.2678999999999999
385,0.2783666666666666
386,0.2888333333333333
387,0.2992999999999999
388,0.3097666666666666
389,0.3202333333333333
390,0.3307
391,0.3411666666666666
392,0.3516333333333333
393,0.3621
394,0.3725666666666666
395,0.3830333333333333
396,0.3935
397,0.4070541666666666
398,0.4206083333333333
399,0.4341625
400,0.4477166666666666
401,0.4612708333333333
402,0.474825
403,0.4883791666666666
404,0.5019333333333333
405,0.5154875
406,0.5290416666666666
407,0.5425958333333333
408,0.5561499999999999
409,0.5502083333333333
410,0.5442666666666667
411,0.538325
412,0.5323833333333333
413,0.5264416666666666
414,0.5205
415,0.5145583333333333
416,0.5086166666666667
417,0.502675
418,0.4967333333333333
419,0.4907916666666667
420,0.48485
421,0.4790166666666667
422,0.4731833333333333
423,0.46735
424,0.4615166666666667
425,0.4556833333333333
426,0.44985
427,0.4440166666666667
428,0.4381833333333333
429,0.43235
430,0.4265166666666667
431,0.4206833333333333
432,0.41485
433,0.4033083333333333
434,0.3917666666666667
435,0.380225
436,0.3686833333333333
437,0.3571416666666667
438,0.3456
439,0.3340583333333333
440,0.3225166666666667
441,0.310975
442,0.2994333333333333
443,0.2878916666666667
444,0.27635
445,0.2863958333333333
446,0.2964416666666666
447,0.3064875
448,0.3165333333333333
449,0.3265791666666666
450,0.336625
451,0.3466708333333334
452,0.3567166666666666
453,0.3667625
454,0.3768083333333333
455,0.3868541666666666
456,0.3969
457,0.3861416666666666
458,0.3753833333333333
459,0.364625
460,0.3538666666666666
461,0.3431083333333333
462,0.33235
463,0.3215916666666666
464,0.3108333333333333
465,0.300075
466,0.2893166666666666
467,0.2785583333333333
468,0.2678
469,0.2601666666666667
470,0.2525333333333333
471,0.2449
472,0.2372666666666666
473,0.2296333333333333
474,0.222
475,0.2143666666666666
476,0.2067333333333333
477,0.1991
478,0.1914666666666666
479,0.1838333333333333
480,0.1762
481,0.170625
482,0.1650499999999999
483,0.159475
484,0.1538999999999999
485,0.1483249999999999
486,0.14275
487,0.137175
488,0.1316
489,0.126025
490,0.1204499999999999
491,0.114875
492,0.1093
493,0.1022783333333333
494,0.0952566666666666
495,0.088235
496,0.0812133333333333
497,0.0741916666666666
498,0.06717
499,0.0601483333333333
500,0.0531266666666666
501,0.046105
502,0.0390833333333333
503,0.0320616666666666
504,0.02504
505,0.0229533333333333
506,0.0208666666666666
507,0.01878
508,0.0166933333333333
509,0.0146066666666666
510,0.01252
511,0.0104333333333333
512,0.0083466666666666
513,0.00626
514,0.0041733333333333
515,0.0020866666666666
516,0.0
517,0.0
518,0.0
519,0.0
520,0.0
521,0.0
522,0.0
523,0.0
524,0.0
525,0.0
526,0.0
527,0.0
528,0.0
529,0.0
530,0.0
531,0.0
532,0.0
533,0.0
534,0.0
535,0.0
536,0.0
537,0.0
538,0.0
539,0.0
540,0.0
541,0.0
542,0.0
543,0.0
544,0.0
545,0.0
546,0.0
547,0.0
548,0.0
549,0.0
550,0.0
551,0.0
552,0.0
553,0.0
554,0.0
555,0.0
556,0.0
557,0.0
558,0.0
559,0.0
560,0.0
561,0.0
562,0.0
563,0.0
564,0.0
565,0.0
566,0.0
567,0.0
568,0.0
569,0.0
570,0.0
571,0.0
572,0.0
573,0.0
574,0.0
575,0.0
576,0.0
577,0.0
578,0.0
579,0.0
580,0.0
581,0.0
582,0.0
583,0.0
584,0.0
585,0.0
586,0.0
587,0.0
588,0.0
589,0.0
590,0.0
591,0.0
592,0.0
593,0.0
594,0.0
595,0.0
596,0.0
597,0.0
598,0.0
599,0.0
600,0.0
601,0.0
602,0.0
603,0.0
604,0.0
605,0.0
606,0.0
607,0.0
608,0.0
609,0.0
610,0.0
611,0.0
612,0.0
613,0.0023525
614,0.004705
615,0.0070575
616,0.00941
617,0.0117624999999999
618,0.014115
619,0.0164675
620,0.01882
621,0.0211725
622,0.0235249999999999
623,0.0258775
624,0.02823
625,0.0379566666666666
626,0.0476833333333333
627,0.0574099999999999
628,0.0671366666666666
629,0.0768633333333333
630,0.0865899999999999
631,0.0963166666666666
632,0.1060433333333333
633,0.1157699999999999
634,0.1254966666666666
635,0.1352233333333333
636,0.14495
637,0.1544458333333333
638,0.1639416666666666
639,0.1734374999999999
640,0.1829333333333333
641,0.1924291666666666
642,0.201925
643,0.2114208333333333
644,0.2209166666666666
645,0.2304124999999999
646,0.2399083333333333
647,0.2494041666666666
648,0.2588999999999999
649,0.2628958333333333
650,0.2668916666666666
651,0.2708875
652,0.2748833333333333
653,0.2788791666666667
654,0.282875
655,0.2868708333333333
656,0.2908666666666666
657,0.2948625
658,0.2988583333333333
659,0.3028541666666667
660,0.30685
661,0.3150083333333333
662,0.3231666666666667
663,0.331325
664,0.3394833333333333
665,0.3476416666666666
666,0.3558
667,0.3639583333333334
668,0.3721166666666666
669,0.380275
670,0.3884333333333333
671,0.3965916666666667
672,0.40475
673,0.4155208333333333
674,0.4262916666666667
675,0.4370625
676,0.4478333333333333
677,0.4586041666666667
678,0.469375
679,0.4801458333333333
680,0.4909166666666666
681,0.5016875
682,0.5124583333333333
683,0.5232291666666666
684,0.534
685,0.5392041666666667
686,0.5444083333333333
687,0.5496125
688,0.5548166666666667
689,0.5600208333333334
690,0.565225
691,0.5704291666666667
692,0.5756333333333333
693,0.5808375
694,0.5860416666666668
695,0.5912458333333334
696,0.59645
697,0.602005
698,0.6075600000000001
699,0.613115
700,0.61867
701,0.624225
702,0.62978
703,0.635335
704,0.64089
705,0.646445
706,0.652
707,0.6575550000000001
708,0.66311
709,0.6594475
710,0.6557850000000001
711,0.6521225
712,0.64846
713,0.6447975
714,0.641135
715,0.6374725000000001
716,0.6338100000000001
717,0.6301475000000001
718,0.6264850000000002
719,0.6228225000000001
720,0.61916
721,0.6127175000000001
722,0.6062750000000001
723,0.5998325000000001
724,0.5933900000000001
725,0.5869475000000001
726,0.580505
727,0.5740625
728,0.56762
729,0.5611775
730,0.554735
731,0.5482925000000001
732,0.54185
733,0.5329541666666666
734,0.5240583333333334
735,0.5151625
736,0.5062666666666668
737,0.4973708333333333
738,0.488475
739,0.4795791666666667
740,0.4706833333333333
741,0.4617875
742,0.4528916666666667
743,0.4439958333333333
744,0.4351
745,0.4261333333333333
746,0.4171666666666667
747,0.4082
748,0.3992333333333333
749,0.3902666666666666
750,0.3813
751,0.3723333333333333
752,0.3633666666666666
753,0.3544
754,0.3454333333333333
755,0.3364666666666667
756,0.3275
757,0.3145666666666666
758,0.3016333333333333
759,0.2887
760,0.2757666666666666
761,0.2628333333333333
762,0.2499
763,0.2369666666666666
764,0.2240333333333333
765,0.2111
766,0.1981666666666666
767,0.1852333333333333
768,0.1723
769,0.1666958333333333
770,0.1610916666666666
771,0.1554875
772,0.1498833333333333
773,0.1442791666666666
774,0.138675
775,0.1330708333333333
776,0.1274666666666666
777,0.1218625
778,0.1162583333333333
779,0.1106541666666666
780,0.1050499999999999
781,0.0984724999999999
782,0.0918949999999999
783,0.0853174999999999
784,0.0787399999999999
785,0.0721624999999999
786,0.0655849999999999
787,0.0590075
788,0.05243
789,0.0458525
790,0.039275
791,0.0326975
792,0.02612
793,0.0239433333333333
794,0.0217666666666666
795,0.01959
796,0.0174133333333333
797,0.0152366666666666
798,0.01306
799,0.0108833333333333
800,0.0087066666666666
801,0.00653
802,0.0043533333333333
803,0.0021766666666666
804,0.0
805,0.0
806,0.0
807,0.0
808,0.0
809,0.0
810,0.0
811,0.0
812,0.0
813,0.0
814,0.0
815,0.0
816,0.0
817,0.0
818,0.0
819,0.0
820,0.0
821,0.0
822,0.0
823,0.0
824,0.0
825,0.0
826,0.0
827,0.0
828,0.0
829,0.0
830,0.0
831,0.0
832,0.0
833,0.0
834,0.0
835,0.0
836,0.0
837,0.0
838,0.0
839,0.0
840,0.0
841,0.0
842,0.0
843,0.0
844,0.0
845,0.0
846,0.0
847,0.0
848,0.0
849,0.0
850,0.0
851,0.0
852,0.0
853,0.0
854,0.0
855,0.0
856,0.0
857,0.0
858,0.0
859,0.0
860,0.0
861,0.0
862,0.0
863,0.0
864,0.0
865,0.0
866,0.0
867,0.0
868,0.0
869,0.0
870,0.0
871,0.0
872,0.0
873,0.0
874,0.0
875,0.0
876,0.0
877,0.0
878,0.0
879,0.0
880,0.0
881,0.0
882,0.0
883,0.0
884,0.0
885,0.0
886,0.0
887,0.0
888,0.0
889,0.0
890,0.0
891,0.0
892,0.0
893,0.0
894,0.0
895,0.0
896,0.0
897,0.0
898,0.0
899,0.0
900,0.0
901,0.0025291666666666
902,0.0050583333333333
903,0.0075875
904,0.0101166666666666
905,0.0126458333333333
906,0.015175
907,0.0177041666666666
908,0.0202333333333333
909,0.0227625
910,0.0252916666666666
911,0.0278208333333333
912,0.03035
913,0.0393958333333333
914,0.0484416666666666
915,0.0574875
916,0.0665333333333333
917,0.0755791666666666
918,0.084625
919,0.0936708333333333
920,0.1027166666666666
921,0.1117624999999999
922,0.1208083333333333
923,0.1298541666666666
924,0.1388999999999999
925,0.1503541666666666
926,0.1618083333333333
927,0.1732624999999999
928,0.1847166666666666
929,0.1961708333333333
930,0.207625
931,0.2190791666666666
932,0.2305333333333333
933,0.2419875
934,0.2534416666666667
935,0.2648958333333334
936,0.27635
937,0.2873
938,0.29825
939,0.3092
940,0.32015
941,0.3311
942,0.34205
943,0.353
944,0.36395
945,0.3748999999999999
946,0.38585
947,0.3968
948,0.40775
949,0.4134541666666667
950,0.4191583333333333
951,0.4248625
952,0.4305666666666666
953,0.4362708333333333
954,0.441975
955,0.4476791666666667
956,0.4533833333333333
957,0.4590875
958,0.4647916666666666
959,0.4704958333333333
960,0.4762
961,0.4920341666666666
962,0.5078683333333334
963,0.5237025
964,0.5395366666666667
965,0.5553708333333334
966,0.5712050000000001
967,0.5870391666666667
968,0.6028733333333334
969,0.6187075
970,0.6345416666666668
971,0.6503758333333334
972,0.6662100000000001
973,0.6702225
974,0.674235
975,0.6782475000000001
976,0.68226
977,0.6862725000000001
978,0.690285
979,0.6942975
980,0.6983100000000001
981,0.7023225
982,0.706335
983,0.7103475
984,0.71436
985,0.7163016666666667
986,0.7182433333333333
987,0.7201850000000001
988,0.7221266666666667
989,0.7240683333333334
990,0.7260100000000002
991,0.7279516666666667
992,0.7298933333333334
993,0.731835
994,0.7337766666666667
995,0.7357183333333334
996,0.7376600000000001
997,0.7319308333333334
998,0.7262016666666667
999,0.7204725000000001
1000,0.7147433333333333
1001,0.7090141666666667
1002,0.703285
1003,0.6975558333333334
1004,0.6918266666666667
1005,0.6860974999999999
1006,0.6803683333333334
1007,0.6746391666666666
1008,0.66891
1009,0.6685808333333333
1010,0.6682516666666667
1011,0.6679225
1012,0.6675933333333334
1013,0.6672641666666667
1014,0.666935
1015,0.6666058333333333
1016,0.6662766666666666
1017,0.6659475
1018,0.6656183333333333
1019,0.6652891666666667
1020,0.66496
1021,0.6565425
1022,0.648125
1023,0.6397075000000001
1024,0.6312900000000001
1025,0.6228725
1026,0.6144550000000001
1027,0.6060375
1028,0.59762
1029,0.5892025000000001
1030,0.5807850000000001
1031,0.5723675
1032,0.5639500000000001
1033,0.5555916666666667
1034,0.5472333333333333
1035,0.538875
1036,0.5305166666666666
1037,0.5221583333333333
1038,0.5137999999999999
1039,0.5054416666666667
1040,0.4970833333333333
1041,0.4887249999999999
1042,0.4803666666666666
1043,0.4720083333333333
1044,0.4636499999999999
1045,0.4497041666666666
1046,0.4357583333333333
1047,0.4218125
1048,0.4078666666666666
1049,0.3939208333333333
1050,0.3799749999999999
1051,0.3660291666666666
1052,0.3520833333333333
1053,0.3381375
1054,0.3241916666666666
1055,0.3102458333333333
1056,0.2963
1057,0.2854666666666667
1058,0.2746333333333333
1059,0.2638
1060,0.2529666666666667
1061,0.2421333333333333
1062,0.2313
1063,0.2204666666666666
1064,0.2096333333333333
1065,0.1988
1066,0.1879666666666666
1067,0.1771333333333333
1068,0.1663
1069,0.1554266666666666
1070,0.1445533333333333
1071,0.13368
1072,0.1228066666666666
1073,0.1119333333333333
1074,0.10106
1075,0.0901866666666666
1076,0.0793133333333333
1077,0.06844
1078,0.0575666666666666
1079,0.0466933333333333
1080,0.03582
1081,0.032835
1082,0.02985
1083,0.026865
1084,0.02388
1085,0.020895
1086,0.01791
1087,0.014925
1088,0.01194
1089,0.008955
1090,0.00597
1091,0.002985
1092,0.0
1093,0.0
1094,0.0
1095,0.0
1096,0.0
1097,0.0
1098,0.0
1099,0.0
1100,0.0
1101,0.0
1102,0.0
1103,0.0
1104,0.0
1105,0.0
1106,0.0
1107,0.0
1108,0.0
1109,0.0
1110,0.0
1111,0.0
1112,0.0
1113,0.0
1114,0.0
1115,0.0
1116,0.0
1117,0.0
1118,0.0
1119,0.0
1120,0.0
1121,0.0
1122,0.0
1123,0.0
1124,0.0
1125,0.0
1126,0.0
1127,0.0
1128,0.0
1129,0.0
1130,0.0
1131,0.0
1132,0.0
1133,0.0
1134,0.0
1135,0.0
1136,0.0
1137,0.0
1138,0.0
1139,0.0
1140,0.0
1141,0.0
1142,0.0
1143,0.0
1144,0.0
1145,0.0
1146,0.0
1147,0.0
1148,0.0
1149,0.0
1150,0.0
1151,0.0
1152,0.0
1153,0.0
1154,0.0
1155,0.0
1156,0.0
1157,0.0
1158,0.0
1159,0.0
1160,0.0
1161,0.0
1162,0.0
1163,0.0
1164,0.0
1165,0.0
1166,0.0
1167,0.0
1168,0.0
1169,0.0
1170,0.0
1171,0.0
1172,0.0
1173,0.0
1174,0.0
1175,0.0
1176,0.0
1177,0.0
1178,0.0
1179,0.0
1180,0.0
1181,0.0
1182,0.0
1183,0.0
1184,0.0
1185,0.0
1186,0.0
1187,0.0
1188,0.0
1189,0.0024683333333333
1190,0.0049366666666666
1191,0.0074049999999999
1192,0.0098733333333333
1193,0.0123416666666666
1194,0.0148099999999999
1195,0.0172783333333333
1196,0.0197466666666666
1197,0.022215
1198,0.0246833333333333
1199,0.0271516666666666
1200,0.0296199999999999
1201,0.0381766666666666
1202,0.0467333333333333
1203,0.05529
1204,0.0638466666666666
1205,0.0724033333333333
1206,0.0809599999999999
1207,0.0895166666666666
1208,0.0980733333333333
1209,0.1066299999999999
1210,0.1151866666666666
1211,0.1237433333333333
1212,0.1323
1213,0.1439666666666666
1214,0.1556333333333333
1215,0.1673
1216,0.1789666666666666
1217,0.1906333333333333
1218,0.2023
1219,0.2139666666666666
1220,0.2256333333333333
1221,0.2373
1222,0.2489666666666666
1223,0.2606333333333333
1224,0.2723
1225,0.2874041666666667
1226,0.3025083333333333
1227,0.3176125
1228,0.3327166666666667
1229,0.3478208333333333
1230,0.362925
1231,0.3780291666666667
1232,0.3931333333333333
1233,0.4082375
1234,0.4233416666666666
1235,0.4384458333333333
1236,0.45355
1237,0.4620708333333333
1238,0.4705916666666667
1239,0.4791125
1240,0.4876333333333333
1241,0.4961541666666666
1242,0.504675
1243,0.5131958333333333
1244,0.5217166666666667
1245,0.5302374999999999
1246,0.5387583333333333
1247,0.5472791666666665
1248,0.5558
1249,0.5680966666666666
1250,0.5803933333333333
1251,0.5926899999999999
1252,0.6049866666666666
1253,0.6172833333333333
1254,0.6295799999999999
1255,0.6418766666666665
1256,0.6541733333333333
1257,0.6664699999999999
1258,0.6787666666666665
1259,0.6910633333333333
1260,0.7033599999999999
1261,0.7044891666666666
1262,0.7056183333333332
1263,0.7067475
1264,0.7078766666666667
1265,0.7090058333333332
1266,0.710135
1267,0.7112641666666667
1268,0.7123933333333333
1269,0.7135225000000001
1270,0.7146516666666668
1271,0.7157808333333333
1272,0.71691
1273,0.7166933333333334
1274,0.7164766666666667
1275,0.7162600000000001
1276,0.7160433333333334
1277,0.7158266666666667
1278,0.71561
1279,0.7153933333333333
1280,0.7151766666666666
1281,0.71496
1282,0.7147433333333333
1283,0.7145266666666666
1284,0.71431
1285,0.7112183333333333
1286,0.7081266666666667
1287,0.705035
1288,0.7019433333333333
1289,0.6988516666666666
1290,0.69576
1291,0.6926683333333333
1292,0.6895766666666667
1293,0.686485
1294,0.6833933333333333
1295,0.6803016666666667
1296,0.6772100000000001
1297,0.6694883333333334
1298,0.6617666666666666
1299,0.654045
1300,0.6463233333333334
1301,0.6386016666666667
1302,0.63088
1303,0.6231583333333333
1304,0.6154366666666666
1305,0.6077149999999999
1306,0.5999933333333334
1307,0.5922716666666666
1308,0.5845499999999999
1309,0.5714916666666666
1310,0.5584333333333332
1311,0.545375
1312,0.5323166666666667
1313,0.5192583333333334
1314,0.5062
1315,0.4931416666666666
1316,0.4800833333333333
1317,0.4670249999999999
1318,0.4539666666666667
1319,0.4409083333333333
1320,0.42785
1321,0.42735
1322,0.42685
1323,0.42635
1324,0.42585
1325,0.42535
1326,0.42485
1327,0.42435
1328,0.42385
1329,0.42335
1330,0.42285
1331,0.42235
1332,0.42185
1333,0.4095375
1334,0.397225
1335,0.3849125
1336,0.3726
1337,0.3602875
1338,0.347975
1339,0.3356625
1340,0.32335
1341,0.3110375
1342,0.298725
1343,0.2864125
1344,0.2741
1345,0.2617041666666667
1346,0.2493083333333333
1347,0.2369125
1348,0.2245166666666666
1349,0.2121208333333333
1350,0.199725
1351,0.1873291666666666
1352,0.1749333333333333
1353,0.1625375
1354,0.1501416666666666
1355,0.1377458333333333
1356,0.12535
1357,0.1179316666666666
1358,0.1105133333333333
1359,0.1030949999999999
1360,0.0956766666666666
1361,0.0882583333333333
1362,0.08084
1363,0.0734216666666666
1364,0.0660033333333333
1365,0.0585849999999999
1366,0.0511666666666666
1367,0.0437483333333333
1368,0.03633
1369,0.0333024999999999
1370,0.030275
1371,0.0272474999999999
1372,0.02422
1373,0.0211925
1374,0.018165
1375,0.0151375
1376,0.01211
1377,0.0090825
1378,0.006055
1379,0.0030275
1380,0.0
1381,0.0
1382,0.0
1383,0.0
1384,0.0
1385,0.0
1386,0.0
1387,0.0
1388,0.0
1389,0.0
1390,0.0
1391,0.0
1392,0.0
1393,0.0
1394,0.0
1395,0.0
1396,0.0
1397,0.0
1398,0.0
1399,0.0
1400,0.0
1401,0.0
1402,0.0
1403,0.0
1404,0.0
1405,0.0
1406,0.0
1407,0.0
1408,0.0
1409,0.0
1410,0.0
1411,0.0
1412,0.0
1413,0.0
1414,0.0
1415,0.0
1416,0.0
1417,0.0
1418,0.0
1419,0.0
1420,0.0
1421,0.0
1422,0.0
1423,0.0
1424,0.0
1425,0.0
1426,0.0
1427,0.0
1428,0.0
1429,0.0
1430,0.0
1431,0.0
1432,0.0
1433,0.0
1434,0.0
1435,0.0
1436,0.0
1437,0.0
1438,0.0
1439,0.0
1440,0.0
1441,0.0
1442,0.0
1443,0.0
1444,0.0
1445,0.0
1446,0.0
1447,0.0
1448,0.0
1449,0.0
1450,0.0
1451,0.0
1452,0.0
1453,0.0
1454,0.0
1455,0.0
1456,0.0
1457,0.0
1458,0.0
1459,0.0
1460,0.0
1461,0.0
1462,0.0
1463,0.0
1464,0.0
1465,0.0
1466,0.0
1467,0.0
1468,0.0
1469,0.0
1470,0.0
1471,0.0
1472,0.0
1473,0.0
1474,0.0
1475,0.0
1476,0.0
1477,0.0027383333333333
1478,0.0054766666666666
1479,0.008215
1480,0.0109533333333333
1481,0.0136916666666666
1482,0.01643
1483,0.0191683333333333
1484,0.0219066666666666
1485,0.024645
1486,0.0273833333333333
1487,0.0301216666666666
1488,0.03286
1489,0.040555
1490,0.04825
1491,0.055945
1492,0.06364
1493,0.071335
1494,0.07903
1495,0.086725
1496,0.09442
1497,0.102115
1498,0.10981
1499,0.117505
1500,0.1252
1501,0.1365333333333333
1502,0.1478666666666666
1503,0.1592
1504,0.1705333333333333
1505,0.1818666666666666
1506,0.1932
1507,0.2045333333333333
1508,0.2158666666666666
1509,0.2272
1510,0.2385333333333333
1511,0.2498666666666666
1512,0.2612
1513,0.2691624999999999
1514,0.277125
1515,0.2850875
1516,0.29305
1517,0.3010125
1518,0.308975
1519,0.3169375
1520,0.3248999999999999
1521,0.3328625
1522,0.340825
1523,0.3487875
1524,0.35675
1525,0.3625
1526,0.36825
1527,0.374
1528,0.37975
1529,0.3855
1530,0.39125
1531,0.397
1532,0.40275
1533,0.4085
1534,0.41425
1535,0.42
1536,0.42575
1537,0.434625
1538,0.4435
1539,0.452375
1540,0.46125
1541,0.470125
1542,0.479
1543,0.487875
1544,0.49675
1545,0.505625
1546,0.5145
1547,0.523375
1548,0.53225
1549,0.5426958333333334
1550,0.5531416666666666
1551,0.5635875
1552,0.5740333333333333
1553,0.5844791666666667
1554,0.5949249999999999
1555,0.6053708333333334
1556,0.6158166666666667
1557,0.6262625
1558,0.6367083333333333
1559,0.6471541666666667
1560,0.6576000000000001
1561,0.6610925
1562,0.664585
1563,0.6680775
1564,0.67157
1565,0.6750625
1566,0.678555
1567,0.6820475
1568,0.6855399999999999
1569,0.6890325
1570,0.692525
1571,0.6960175000000001
1572,0.69951
1573,0.6907716666666667
1574,0.6820333333333333
1575,0.673295
1576,0.6645566666666666
1577,0.6558183333333333
1578,0.6470799999999999
1579,0.6383416666666667
1580,0.6296033333333334
1581,0.620865
1582,0.6121266666666667
1583,0.6033883333333333
1584,0.59465
1585,0.5910375
1586,0.587425
1587,0.5838125
1588,0.5801999999999999
1589,0.5765875
1590,0.5729749999999999
1591,0.5693625
1592,0.56575
1593,0.5621375
1594,0.5585249999999999
1595,0.5549124999999999
1596,0.5512999999999999
1597,0.5331208333333333
1598,0.5149416666666666
1599,0.4967625
1600,0.4785833333333333
1601,0.4604041666666666
1602,0.442225
1603,0.4240458333333333
1604,0.4058666666666666
1605,0.3876875
1606,0.3695083333333333
1607,0.3513291666666666
1608,0.33315
1609,0.3280166666666667
1610,0.3228833333333333
1611,0.31775
1612,0.3126166666666666
1613,0.3074833333333333
1614,0.30235
1615,0.2972166666666666
1616,0.2920833333333333
1617,0.28695
1618,0.2818166666666666
1619,0.2766833333333333
1620,0.27155
1621,0.269825
1622,0.2681
1623,0.266375
1624,0.26465
1625,0.262925
1626,0.2612
1627,0.259475
1628,0.25775
1629,0.256025
1630,0.2543
1631,0.252575
1632,0.25085
1633,0.2395749999999999
1634,0.2282999999999999
1635,0.217025
1636,0.20575
1637,0.1944749999999999
1638,0.1832
1639,0.171925
1640,0.16065
1641,0.149375
1642,0.1381
1643,0.126825
1644,0.11555
1645,0.1086116666666666
1646,0.1016733333333333
1647,0.094735
1648,0.0877966666666666
1649,0.0808583333333333
1650,0.07392
1651,0.0669816666666666
1652,0.0600433333333333
1653,0.053105
1654,0.0461666666666666
1655,0.0392283333333333
1656,0.03229
1657,0.0295991666666666
1658,0.0269083333333333
1659,0.0242174999999999
1660,0.0215266666666666
1661,0.0188358333333333
1662,0.016145
1663,0.0134541666666666
1664,0.0107633333333333
1665,0.0080724999999999
1666,0.0053816666666666
1667,0.0026908333333333
1668,0.0
1669,0.0
1670,0.0
1671,0.0
1672,0.0
1673,0.0
1674,0.0
1675,0.0
1676,0.0
1677,0.0
1678,0.0
1679,0.0
1680,0.0
1681,0.0
1682,0.0
1683,0.0
1684,0.0
1685,0.0
1686,0.0
1687,0.0
1688,0.0
1689,0.0
1690,0.0
1691,0.0
1692,0.0
1693,0.0
1694,0.0
1695,0.0
1696,0.0
1697,0.0
1698,0.0
1699,0.0
1700,0.0
1701,0.0
1702,0.0
1703,0.0
1704,0.0
1705,0.0
1706,0.0
1707,0.0
1708,0.0
1709,0.0
1710,0.0
1711,0.0
1712,0.0
1713,0.0
1714,0.0
1715,0.0
1716,0.0
1717,0.0
1718,0.0
1719,0.0
1720,0.0
1721,0.0
1722,0.0
1723,0.0
1724,0.0
1725,0.0
1726,0.0
1727,0.0
1728,0.0
1729,0.0
1730,0.0
1731,0.0
1732,0.0
1733,0.0
1734,0.0
1735,0.0
1736,0.0
1737,0.0
1738,0.0
1739,0.0
1740,0.0
1741,0.0
1742,0.0
1743,0.0
1744,0.0
1745,0.0
1746,0.0
1747,0.0
1748,0.0
1749,0.0
1750,0.0
1751,0.0
1752,0.0
1753,0.0
1754,0.0
1755,0.0
1756,0.0
1757,0.0
1758,0.0
1759,0.0
1760,0.0
1761,0.0
1762,0.0
1763,0.0
1764,0.0
1765,0.0029966666666666
1766,0.0059933333333333
1767,0.00899
1768,0.0119866666666666
1769,0.0149833333333333
1770,0.01798
1771,0.0209766666666666
1772,0.0239733333333333
1773,0.0269699999999999
1774,0.0299666666666666
1775,0.0329633333333333
1776,0.03596
1777,0.0463549999999999
1778,0.05675
1779,0.067145
1780,0.07754
1781,0.0879349999999999
1782,0.0983299999999999
1783,0.1087249999999999
1784,0.1191199999999999
1785,0.129515
1786,0.1399099999999999
1787,0.1503049999999999
1788,0.1606999999999999
1789,0.1691666666666666
1790,0.1776333333333333
1791,0.1861
1792,0.1945666666666666
1793,0.2030333333333333
1794,0.2115
1795,0.2199666666666666
1796,0.2284333333333333
1797,0.2369
1798,0.2453666666666666
1799,0.2538333333333333
1800,0.2623
1801,0.2765083333333333
1802,0.2907166666666667
1803,0.304925
1804,0.3191333333333333
1805,0.3333416666666666
1806,0.3475499999999999
1807,0.3617583333333333
1808,0.3759666666666666
1809,0.3901749999999999
1810,0.4043833333333333
1811,0.4185916666666666
1812,0.4327999999999999
1813,0.4397458333333333
1814,0.4466916666666666
1815,0.4536374999999999
1816,0.4605833333333333
1817,0.4675291666666666
1818,0.474475
1819,0.4814208333333333
1820,0.4883666666666666
1821,0.4953125
1822,0.5022583333333334
1823,0.5092041666666667
1824,0.51615
1825,0.5263416666666667
1826,0.5365333333333333
1827,0.546725
1828,0.5569166666666666
1829,0.5671083333333333
1830,0.5772999999999999
1831,0.5874916666666666
1832,0.5976833333333333
1833,0.607875
1834,0.6180666666666668
1835,0.6282583333333334
1836,0.6384500000000001
1837,0.644505
1838,0.65056
1839,0.6566150000000001
1840,0.6626700000000001
1841,0.668725
1842,0.6747799999999999
1843,0.6808350000000001
1844,0.68689
1845,0.692945
1846,0.699
1847,0.7050550000000001
1848,0.71111
1849,0.712685
1850,0.71426
1851,0.715835
1852,0.71741
1853,0.718985
1854,0.7205600000000001
1855,0.722135
1856,0.7237100000000001
1857,0.725285
1858,0.7268600000000001
1859,0.7284349999999999
1860,0.7300099999999999
1861,0.7287266666666666
1862,0.7274433333333333
1863,0.7261599999999999
1864,0.7248766666666666
1865,0.7235933333333333
1866,0.7223099999999999
1867,0.7210266666666666
1868,0.7197433333333333
1869,0.71846
1870,0.7171766666666667
1871,0.7158933333333333
1872,0.71461
1873,0.7052716666666666
1874,0.6959333333333334
1875,0.6865950000000001
1876,0.6772566666666666
1877,0.6679183333333333
1878,0.6585799999999999
1879,0.6492416666666667
1880,0.6399033333333333
1881,0.6305649999999999
1882,0.6212266666666667
1883,0.6118883333333334
1884,0.6025499999999999
1885,0.5908958333333333
1886,0.5792416666666667
1887,0.5675875
1888,0.5559333333333333
1889,0.5442791666666666
1890,0.532625
1891,0.5209708333333333
1892,0.5093166666666666
1893,0.4976625
1894,0.4860083333333334
1895,0.4743541666666667
1896,0.4627
1897,0.4501958333333334
1898,0.4376916666666667
1899,0.4251875
1900,0.4126833333333333
1901,0.4001791666666667
1902,0.387675
1903,0.3751708333333333
1904,0.3626666666666667
1905,0.3501625
1906,0.3376583333333333
1907,0.3251541666666666
1908,0.31265
1909,0.3037583333333333
1910,0.2948666666666666
1911,0.285975
1912,0.2770833333333333
1913,0.2681916666666666
1914,0.2593
1915,0.2504083333333333
1916,0.2415166666666666
1917,0.232625
1918,0.2237333333333333
1919,0.2148416666666666
1920,0.20595
1921,0.1941
1922,0.18225
1923,0.1704
1924,0.15855
1925,0.1467
1926,0.13485
1927,0.123
1928,0.11115
1929,0.0993
1930,0.08745
1931,0.0756
1932,0.06375
1933,0.0608258333333333
1934,0.0579016666666666
1935,0.0549775
1936,0.0520533333333333
1937,0.0491291666666666
1938,0.0462049999999999
1939,0.0432808333333333
1940,0.0403566666666666
1941,0.0374325
1942,0.0345083333333333
1943,0.0315841666666666
1944,0.0286599999999999
1945,0.0262716666666666
1946,0.0238833333333333
1947,0.0214949999999999
1948,0.0191066666666666
1949,0.0167183333333333
1950,0.0143299999999999
1951,0.0119416666666666
1952,0.0095533333333333
1953,0.0071649999999999
1954,0.0047766666666666
1955,0.0023883333333333
1956,0.0
1957,0.0
1958,0.0
1959,0.0
1960,0.0
1961,0.0
1962,0.0
1963,0.0
1964,0.0
1965,0.0
1966,0.0
1967,0.0
1968,0.0
1969,0.0
1970,0.0
1971,0.0
1972,0.0
1973,0.0
1974,0.0
1975,0.0
1976,0.0
1977,0.0
1978,0.0
1979,0.0
1980,0.0
1981,0.0
1982,0.0
1983,0.0
1984,0.0
1985,0.0
1986,0.0
1987,0.0
1988,0.0
1989,0.0
1990,0.0
1991,0.0
1992,0.0
1993,0.0
1994,0.0
1995,0.0
1996,0.0
1997,0.0
1998,0.0
1999,0.0
2000,0.0
2001,0.0
2002,0.0
2003,0.0
2004,0.0
2005,0.0
2006,0.0
2007,0.0
2008,0.0
2009,0.0
2010,0.0
2011,0.0
2012,0.0
2013,0.0
2014,0.0
2015,0.0
2016,0.0
2017,0.0
2018,0.0
2019,0.0
2020,0.0
2021,0.0
2022,0.0
2023,0.0
2024,0.0
2025,0.0
2026,0.0
2027,0.0
2028,0.0
2029,0.0
2030,0.0
2031,0.0
2032,0.0
2033,0.0
2034,0.0
2035,0.0
2036,0.0
2037,0.0
2038,0.0
2039,0.0
2040,0.0
2041,0.0
2042,0.0
2043,0.0
2044,0.0
2045,0.0
2046,0.0
2047,0.0
2048,0.0
2049,0.0
2050,0.0
2051,0.0
2052,0.0
2053,0.0033833333333333
2054,0.0067666666666666
2055,0.01015
2056,0.0135333333333333
2057,0.0169166666666666
2058,0.0203
2059,0.0236833333333333
2060,0.0270666666666666
2061,0.0304499999999999
2062,0.0338333333333333
2063,0.0372166666666666
2064,0.0406
2065,0.0466791666666666
2066,0.0527583333333333
2067,0.0588375
2068,0.0649166666666666
2069,0.0709958333333333
2070,0.077075
2071,0.0831541666666666
2072,0.0892333333333333
2073,0.0953125
2074,0.1013916666666666
2075,0.1074708333333333
2076,0.11355
2077,0.1222333333333333
2078,0.1309166666666666
2079,0.1396
2080,0.1482833333333333
2081,0.1569666666666666
2082,0.16565
2083,0.1743333333333333
2084,0.1830166666666666
2085,0.1916999999999999
2086,0.2003833333333333
2087,0.2090666666666666
2088,0.21775
2089,0.22285
2090,0.2279499999999999
2091,0.2330499999999999
2092,0.23815
2093,0.24325
2094,0.24835
2095,0.25345
2096,0.25855
2097,0.26365
2098,0.26875
2099,0.27385
2100,0.27895
2101,0.2818541666666666
2102,0.2847583333333333
2103,0.2876625
2104,0.2905666666666666
2105,0.2934708333333333
2106,0.296375
2107,0.2992791666666667
2108,0.3021833333333333
2109,0.3050874999999999
2110,0.3079916666666666
2111,0.3108958333333333
2112,0.3138
2113,0.3223583333333333
2114,0.3309166666666667
2115,0.339475
2116,0.3480333333333333
2117,0.3565916666666667
2118,0.36515
2119,0.3737083333333333
2120,0.3822666666666666
2121,0.390825
2122,0.3993833333333333
2123,0.4079416666666666
2124,0.4165
2125,0.4099125
2126,0.403325
2127,0.3967375
2128,0.39015
2129,0.3835625
2130,0.376975
2131,0.3703875
2132,0.3638
2133,0.3572125
2134,0.3506250000000001
2135,0.3440375
2136,0.33745
2137,0.3311291666666667
2138,0.3248083333333334
2139,0.3184875
2140,0.3121666666666667
2141,0.3058458333333334
2142,0.299525
2143,0.2932041666666667
2144,0.2868833333333334
2145,0.2805625
2146,0.2742416666666666
2147,0.2679208333333333
2148,0.2616
2149,0.2738916666666667
2150,0.2861833333333333
2151,0.298475
2152,0.3107666666666667
2153,0.3230583333333333
2154,0.33535
2155,0.3476416666666667
2156,0.3599333333333333
2157,0.372225
2158,0.3845166666666667
2159,0.3968083333333333
2160,0.4091
2161,0.3873708333333333
2162,0.3656416666666667
2163,0.3439125
2164,0.3221833333333333
2165,0.3004541666666667
2166,0.278725
2167,0.2569958333333333
2168,0.2352666666666666
2169,0.2135375
2170,0.1918083333333333
2171,0.1700791666666666
2172,0.1483499999999999
2173,0.1457833333333333
2174,0.1432166666666666
2175,0.14065
2176,0.1380833333333333
2177,0.1355166666666666
2178,0.1329499999999999
2179,0.1303833333333333
2180,0.1278166666666666
2181,0.12525
2182,0.1226833333333333
2183,0.1201166666666666
2184,0.11755
2185,0.1139416666666666
2186,0.1103333333333333
2187,0.106725
2188,0.1031166666666666
2189,0.0995083333333333
2190,0.0959
2191,0.0922916666666666
2192,0.0886833333333333
2193,0.085075
2194,0.0814666666666666
2195,0.0778583333333333
2196,0.07425
2197,0.0729333333333333
2198,0.0716166666666666
2199,0.0703
2200,0.0689833333333333
2201,0.0676666666666666
2202,0.0663499999999999
2203,0.0650333333333333
2204,0.0637166666666666
2205,0.0624
2206,0.0610833333333333
2207,0.0597666666666666
2208,0.05845
2209,0.05715
2210,0.05585
2211,0.0545499999999999
2212,0.05325
2213,0.05195
2214,0.05065
2215,0.0493499999999999
2216,0.0480499999999999
2217,0.04675
2218,0.04545
2219,0.0441499999999999
2220,0.0428499999999999
2221,0.0403083333333333
2222,0.0377666666666666
2223,0.0352249999999999
2224,0.0326833333333333
2225,0.0301416666666666
2226,0.0276
2227,0.0250583333333333
2228,0.0225166666666666
2229,0.019975
2230,0.0174333333333333
2231,0.0148916666666666
2232,0.01235
2233,0.0113208333333333
2234,0.0102916666666666
2235,0.0092625
2236,0.0082333333333333
2237,0.0072041666666666
2238,0.006175
2239,0.0051458333333333
2240,0.0041166666666666
2241,0.0030875
2242,0.0020583333333333
2243,0.0010291666666666
2244,0.0
2245,0.0
2246,0.0
2247,0.0
2248,0.0
2249,0.0
2250,0.0
2251,0.0
2252,0.0
2253,0.0
2254,0.0
2255,0.0
2256,0.0
2257,0.0
2258,0.0
2259,0.0
2260,0.0
2261,0.0
2262,0.0
2263,0.0
2264,0.0
2265,0.0
2266,0.0
2267,0.0
2268,0.0
2269,0.0
2270,0.0
2271,0.0
2272,0.0
2273,0.0
2274,0.0
2275,0.0
2276,0.0
2277,0.0
2278,0.0
2279,0.0
2280,0.0
2281,0.0
2282,0.0
2283,0.0
2284,0.0
2285,0.0
2286,0.0
2287,0.0
2288,0.0
2289,0.0
2290,0.0
2291,0.0
2292,0.0
2293,0.0
2294,0.0
2295,0.0
2296,0.0
2297,0.0
2298,0.0
2299,0.0
2300,0.0
2301,0.0
2302,0.0
2303,0.0
2304,0.0
2305,0.0
2306,0.0
2307,0.0
2308,0.0
2309,0.0
2310,0.0
2311,0.0
2312,0.0
2313,0.0
2314,0.0
2315,0.0
2316,0.0
2317,0.0
2318,0.0
2319,0.0
2320,0.0
2321,0.0
2322,0.0
2323,0.0
2324,0.0
2325,0.0
2326,0.0
2327,0.0
2328,0.0
2329,0.0
2330,0.0
2331,0.0
2332,0.0
2333,0.0
2334,0.0
2335,0.0
2336,0.0
2337,0.0
2338,0.0
2339,0.0
2340,0.0
2341,0.0028266666666666
2342,0.0056533333333333
2343,0.00848
2344,0.0113066666666666
2345,0.0141333333333333
2346,0.01696
2347,0.0197866666666666
2348,0.0226133333333333
2349,0.02544
2350,0.0282666666666666
2351,0.0310933333333333
2352,0.03392
2353,0.0427975
2354,0.051675
2355,0.0605525
2356,0.06943
2357,0.0783075
2358,0.087185
2359,0.0960625
2360,0.1049399999999999
2361,0.1138175
2362,0.122695
2363,0.1315724999999999
2364,0.14045
2365,0.1518499999999999
2366,0.16325
2367,0.1746499999999999
2368,0.18605
2369,0.19745
2370,0.20885
2371,0.22025
2372,0.2316499999999999
2373,0.24305
2374,0.25445
2375,0.26585
2376,0.27725
2377,0.2878374999999999
2378,0.298425
2379,0.3090124999999999
2380,0.3196
2381,0.3301875
2382,0.340775
2383,0.3513625
2384,0.36195
2385,0.3725375
2386,0.383125
2387,0.3937124999999999
2388,0.4043
2389,0.4046666666666667
2390,0.4050333333333333
2391,0.4054
2392,0.4057666666666666
2393,0.4061333333333333
2394,0.4065
2395,0.4068666666666666
2396,0.4072333333333333
2397,0.4075999999999999
2398,0.4079666666666666
2399,0.4083333333333333
2400,0.4087
2401,0.4292299999999999
2402,0.44976
2403,0.47029
2404,0.49082
2405,0.51135
2406,0.53188
2407,0.55241
2408,0.5729399999999999
2409,0.5934699999999999
2410,0.614
2411,0.6345299999999999
2412,0.65506
2413,0.6627974999999999
2414,0.670535
2415,0.6782725000000001
2416,0.68601
2417,0.6937475
2418,0.701485
2419,0.7092225000000001
2420,0.71696
2421,0.7246975
2422,0.7324350000000001
2423,0.7401725000000001
2424,0.7479100000000001
2425,0.7402225000000001
2426,0.732535
2427,0.7248475000000001
2428,0.7171600000000001
2429,0.7094725000000001
2430,0.701785
2431,0.6940974999999999
2432,0.68641
2433,0.6787225
2434,0.6710349999999999
2435,0.6633475
2436,0.65566
2437,0.6587474999999999
2438,0.6618350000000001
2439,0.6649225
2440,0.66801
2441,0.6710975
2442,0.6741849999999999
2443,0.6772725
2444,0.68036
2445,0.6834475
2446,0.6865350000000001
2447,0.6896225
2448,0.69271
2449,0.6807841666666667
2450,0.6688583333333333
2451,0.6569325
2452,0.6450066666666666
2453,0.6330808333333333
2454,0.621155
2455,0.6092291666666667
2456,0.5973033333333334
2457,0.5853775000000001
2458,0.5734516666666667
2459,0.5615258333333334
2460,0.5496
2461,0.5460583333333334
2462,0.5425166666666666
2463,0.538975
2464,0.5354333333333334
2465,0.5318916666666667
2466,0.52835
2467,0.5248083333333334
2468,0.5212666666666667
2469,0.517725
2470,0.5141833333333334
2471,0.5106416666666667
2472,0.5071
2473,0.4882416666666667
2474,0.4693833333333333
2475,0.450525
2476,0.4316666666666667
2477,0.4128083333333333
2478,0.39395
2479,0.3750916666666667
2480,0.3562333333333333
2481,0.337375
2482,0.3185166666666666
2483,0.2996583333333333
2484,0.2808
2485,0.2753666666666666
2486,0.2699333333333333
2487,0.2645
2488,0.2590666666666666
2489,0.2536333333333333
2490,0.2482
2491,0.2427666666666667
2492,0.2373333333333333
2493,0.2319
2494,0.2264666666666666
2495,0.2210333333333333
2496,0.2155999999999999
2497,0.2064249999999999
2498,0.19725
2499,0.188075
2500,0.1789
2501,0.169725
2502,0.16055
2503,0.151375
2504,0.1422
2505,0.133025
2506,0.12385
2507,0.114675
2508,0.1055
2509,0.0999866666666666
2510,0.0944733333333333
2511,0.08896
2512,0.0834466666666666
2513,0.0779333333333333
2514,0.07242
2515,0.0669066666666666
2516,0.0613933333333333
2517,0.05588
2518,0.0503666666666666
2519,0.0448533333333333
2520,0.03934
2521,0.0360616666666666
2522,0.0327833333333333
2523,0.029505
2524,0.0262266666666666
2525,0.0229483333333333
2526,0.01967
2527,0.0163916666666666
2528,0.0131133333333333
2529,0.0098349999999999
2530,0.0065566666666666
2531,0.0032783333333333
2532,0.0
2533,0.0
2534,0.0
2535,0.0
2536,0.0
2537,0.0
2538,0.0
2539,0.0
2540,0.0
2541,0.0
2542,0.0
2543,0.0
2544,0.0
2545,0.0
2546,0.0
2547,0.0
2548,0.0
2549,0.0
2550,0.0
2551,0.0
2552,0.0
2553,0.0
2554,0.0
2555,0.0
2556,0.0
2557,0.0
2558,0.0
2559,0.0
2560,0.0
2561,0.0
2562,0.0
2563,0.0
2564,0.0
2565,0.0
2566,0.0
2567,0.0
2568,0.0
2569,0.0
2570,0.0
2571,0.0
2572,0.0
2573,0.0
2574,0.0
2575,0.0
2576,0.0
2577,0.0
2578,0.0
2579,0.0
2580,0.0
2581,0.0
2582,0.0
2583,0.0
2584,0.0
2585,0.0
2586,0.0
2587,0.0
2588,0.0
2589,0.0
2590,0.0
2591,0.0
2592,0.0
2593,0.0
2594,0.0
2595,0.0
2596,0.0
2597,0.0
2598,0.0
2599,0.0
2600,0.0
2601,0.0
2602,0.0
2603,0.0
2604,0.0
2605,0.0
2606,0.0
2607,0.0
2608,0.0
2609,0.0
2610,0.0
2611,0.0
2612,0.0
2613,0.0
2614,0.0
2615,0.0
2616,0.0
2617,0.0
2618,0.0
2619,0.0
2620,0.0
2621,0.0
2622,0.0
2623,0.0
2624,0.0
2625,0.0
2626,0.0
2627,0.0
2628,0.0
2629,0.0023824999999999
2630,0.0047649999999999
2631,0.0071474999999999
2632,0.0095299999999999
2633,0.0119125
2634,0.0142949999999999
2635,0.0166774999999999
2636,0.0190599999999999
2637,0.0214425
2638,0.023825
2639,0.0262074999999999
2640,0.02859
2641,0.0360325
2642,0.0434749999999999
2643,0.0509175
2644,0.05836
2645,0.0658025
2646,0.0732449999999999
2647,0.0806875
2648,0.08813
2649,0.0955724999999999
2650,0.1030149999999999
2651,0.1104574999999999
2652,0.1178999999999999
2653,0.1244208333333333
2654,0.1309416666666666
2655,0.1374625
2656,0.1439833333333333
2657,0.1505041666666666
2658,0.157025
2659,0.1635458333333333
2660,0.1700666666666666
2661,0.1765875
2662,0.1831083333333333
2663,0.1896291666666666
2664,0.19615
2665,0.2075708333333333
2666,0.2189916666666666
2667,0.2304125
2668,0.2418333333333333
2669,0.2532541666666666
2670,0.264675
2671,0.2760958333333334
2672,0.2875166666666666
2673,0.2989375
2674,0.3103583333333333
2675,0.3217791666666666
2676,0.3332
2677,0.3458166666666666
2678,0.3584333333333333
2679,0.37105
2680,0.3836666666666667
2681,0.3962833333333334
2682,0.4089
2683,0.4215166666666666
2684,0.4341333333333333
2685,0.44675
2686,0.4593666666666667
2687,0.4719833333333333
2688,0.4846
2689,0.4924083333333333
2690,0.5002166666666666
2691,0.508025
2692,0.5158333333333334
2693,0.5236416666666667
2694,0.53145
2695,0.5392583333333333
2696,0.5470666666666666
2697,0.554875
2698,0.5626833333333333
2699,0.5704916666666666
2700,0.5782999999999999
2701,0.5810875
2702,0.583875
2703,0.5866624999999999
2704,0.5894499999999999
2705,0.5922375
2706,0.595025
2707,0.5978125
2708,0.6006
2709,0.6033875
2710,0.6061749999999999
2711,0.6089625
2712,0.61175
2713,0.6154425
2714,0.619135
2715,0.6228275
2716,0.62652
2717,0.6302125
2718,0.6339049999999999
2719,0.6375974999999999
2720,0.6412899999999999
2721,0.6449825
2722,0.648675
2723,0.6523675
2724,0.65606
2725,0.65921
2726,0.66236
2727,0.66551
2728,0.6686599999999999
2729,0.6718099999999999
2730,0.6749599999999999
2731,0.6781099999999999
2732,0.6812599999999999
2733,0.68441
2734,0.68756
2735,0.6907099999999999
2736,0.6938599999999999
2737,0.6881841666666666
2738,0.6825083333333332
2739,0.6768324999999998
2740,0.6711566666666666
2741,0.6654808333333333
2742,0.659805
2743,0.6541291666666667
2744,0.6484533333333332
2745,0.6427774999999999
2746,0.6371016666666667
2747,0.6314258333333334
2748,0.62575
2749,0.6160041666666666
2750,0.6062583333333333
2751,0.5965125
2752,0.5867666666666667
2753,0.5770208333333332
2754,0.567275
2755,0.5575291666666667
2756,0.5477833333333333
2757,0.5380375
2758,0.5282916666666666
2759,0.5185458333333334
2760,0.5087999999999999
2761,0.5043666666666666
2762,0.4999333333333333
2763,0.4955
2764,0.4910666666666666
2765,0.4866333333333333
2766,0.4821999999999999
2767,0.4777666666666667
2768,0.4733333333333333
2769,0.4689
2770,0.4644666666666667
2771,0.4600333333333333
2772,0.4556
2773,0.4445916666666667
2774,0.4335833333333334
2775,0.422575
2776,0.4115666666666666
2777,0.4005583333333333
2778,0.38955
2779,0.3785416666666666
2780,0.3675333333333334
2781,0.356525
2782,0.3455166666666666
2783,0.3345083333333333
2784,0.3235
2785,0.3116416666666666
2786,0.2997833333333333
2787,0.287925
2788,0.2760666666666667
2789,0.2642083333333333
2790,0.25235
2791,0.2404916666666667
2792,0.2286333333333333
2793,0.2167749999999999
2794,0.2049166666666666
2795,0.1930583333333333
2796,0.1812
2797,0.1699666666666666
2798,0.1587333333333333
2799,0.1475
2800,0.1362666666666666
2801,0.1250333333333333
2802,0.1138
2803,0.1025666666666666
2804,0.0913333333333333
2805,0.0800999999999999
2806,0.0688666666666666
2807,0.0576333333333333
2808,0.0464
2809,0.0425333333333333
2810,0.0386666666666666
2811,0.0348
2812,0.0309333333333333
2813,0.0270666666666666
2814,0.0232
2815,0.0193333333333333
2816,0.0154666666666666
2817,0.0115999999999999
2818,0.0077333333333333
2819,0.0038666666666666
2820,0.0
2821,0.0
2822,0.0
2823,0.0
2824,0.0
2825,0.0
2826,0.0
2827,0.0
2828,0.0
2829,0.0
2830,0.0
2831,0.0
2832,0.0
2833,0.0
2834,0.0
2835,0.0
2836,0.0
2837,0.0
2838,0.0
2839,0.0
2840,0.0
2841,0.0
2842,0.0
2843,0.0
2844,0.0
2845,0.0
2846,0.0
2847,0.0
2848,0.0
2849,0.0
2850,0.0
2851,0.0
2852,0.0
2853,0.0
2854,0.0
2855,0.0
2856,0.0
2857,0.0
2858,0.0
2859,0.0
2860,0.0
2861,0.0
2862,0.0
2863,0.0
2864,0.0
2865,0.0
2866,0.0
2867,0.0
2868,0.0
2869,0.0
2870,0.0
2871,0.0
2872,0.0
2873,0.0
2874,0.0
2875,0.0
2876,0.0
2877,0.0
2878,0.0
2879,0.0
2880,0.0
2881,0.0
2882,0.0
2883,0.0
2884,0.0
2885,0.0
2886,0.0
2887,0.0
2888,0.0
2889,0.0
2890,0.0
2891,0.0
2892,0.0
2893,0.0
2894,0.0
2895,0.0
2896,0.0
2897,0.0
2898,0.0
2899,0.0
2900,0.0
2901,0.0
2902,0.0
2903,0.0
2904,0.0
2905,0.0
2906,0.0
2907,0.0
2908,0.0
2909,0.0
2910,0.0
2911,0.0
2912,0.0
2913,0.0
2914,0.0
2915,0.0
2916,0.0
2917,0.0041541666666666
2918,0.0083083333333333
2919,0.0124625
2920,0.0166166666666666
2921,0.0207708333333333
2922,0.024925
2923,0.0290791666666666
2924,0.0332333333333333
2925,0.0373875
2926,0.0415416666666666
2927,0.0456958333333333
2928,0.04985
2929,0.0583666666666666
2930,0.0668833333333333
2931,0.0754
2932,0.0839166666666666
2933,0.0924333333333333
2934,0.10095
2935,0.1094666666666666
2936,0.1179833333333333
2937,0.1265
2938,0.1350166666666666
2939,0.1435333333333333
2940,0.15205
2941,0.1637166666666666
2942,0.1753833333333333
2943,0.18705
2944,0.1987166666666666
2945,0.2103833333333333
2946,0.22205
2947,0.2337166666666666
2948,0.2453833333333333
2949,0.25705
2950,0.2687166666666667
2951,0.2803833333333333
2952,0.29205
2953,0.30025
2954,0.30845
2955,0.31665
2956,0.32485
2957,0.33305
2958,0.34125
2959,0.34945
2960,0.3576499999999999
2961,0.3658499999999999
2962,0.37405
2963,0.38225
2964,0.3904499999999999
2965,0.4080125
2966,0.425575
2967,0.4431374999999999
2968,0.4607
2969,0.4782625
2970,0.495825
2971,0.5133875
2972,0.53095
2973,0.5485125000000001
2974,0.566075
2975,0.5836375
2976,0.6012000000000001
2977,0.6045041666666667
2978,0.6078083333333334
2979,0.6111125000000001
2980,0.6144166666666667
2981,0.6177208333333334
2982,0.621025
2983,0.6243291666666666
2984,0.6276333333333334
2985,0.6309375
2986,0.6342416666666667
2987,0.6375458333333334
2988,0.64085
2989,0.6456883333333334
2990,0.6505266666666667
2991,0.655365
2992,0.6602033333333334
2993,0.6650416666666668
2994,0.6698800000000001
2995,0.6747183333333333
2996,0.6795566666666667
2997,0.6843950000000001
2998,0.6892333333333334
2999,0.6940716666666668
3000,0.69891
3001,0.7023516666666667
3002,0.7057933333333334
3003,0.7092350000000002
3004,0.7126766666666667
3005,0.7161183333333333
3006,0.7195600000000001
3007,0.7230016666666668
3008,0.7264433333333333
3009,0.729885
3010,0.7333266666666667
3011,0.7367683333333335
3012,0.74021
3013,0.7415266666666667
3014,0.7428433333333334
3015,0.74416
3016,0.7454766666666667
3017,0.7467933333333333
3018,0.74811
3019,0.7494266666666667
3020,0.7507433333333333
3021,0.75206
3022,0.7533766666666667
3023,0.7546933333333334
3024,0.75601
3025,0.7537141666666667
3026,0.7514183333333333
3027,0.7491225
3028,0.7468266666666667
3029,0.7445308333333334
3030,0.742235
3031,0.7399391666666667
3032,0.7376433333333333
3033,0.7353475
3034,0.7330516666666668
3035,0.7307558333333334
3036,0.72846
3037,0.71973
3038,0.711
3039,0.7022700000000001
3040,0.69354
3041,0.68481
3042,0.67608
3043,0.66735
3044,0.65862
3045,0.6498900000000001
3046,0.6411600000000001
3047,0.63243
3048,0.6237
3049,0.6110333333333334
3050,0.5983666666666667
3051,0.5857
3052,0.5730333333333333
3053,0.5603666666666667
3054,0.5477000000000001
3055,0.5350333333333332
3056,0.5223666666666666
3057,0.5097
3058,0.4970333333333333
3059,0.4843666666666666
3060,0.4717
3061,0.4595708333333333
3062,0.4474416666666667
3063,0.4353125
3064,0.4231833333333333
3065,0.4110541666666666
3066,0.398925
3067,0.3867958333333333
3068,0.3746666666666666
3069,0.3625374999999999
3070,0.3504083333333333
3071,0.3382791666666666
3072,0.32615
3073,0.3144458333333333
3074,0.3027416666666667
3075,0.2910374999999999
3076,0.2793333333333333
3077,0.2676291666666666
3078,0.2559249999999999
3079,0.2442208333333333
3080,0.2325166666666666
3081,0.2208125
3082,0.2091083333333333
3083,0.1974041666666666
3084,0.1856999999999999
3085,0.1744075
3086,0.1631149999999999
3087,0.1518225
3088,0.14053
3089,0.1292374999999999
3090,0.117945
3091,0.1066525
3092,0.09536
3093,0.0840674999999999
3094,0.072775
3095,0.0614825
3096,0.05019
3097,0.0460075
3098,0.0418249999999999
3099,0.0376424999999999
3100,0.03346
3101,0.0292774999999999
3102,0.025095
3103,0.0209124999999999
3104,0.01673
3105,0.0125474999999999
3106,0.0083649999999999
3107,0.0041824999999999
3108,0.0
3109,0.0
3110,0.0
3111,0.0
3112,0.0
3113,0.0
3114,0.0
3115,0.0
3116,0.0
3117,0.0
3118,0.0
3119,0.0
3120,0.0
3121,0.0
3122,0.0
3123,0.0
3124,0.0
3125,0.0
3126,0.0
3127,0.0
3128,0.0
3129,0.0
3130,0.0
3131,0.0
3132,0.0
3133,0.0
3134,0.0
3135,0.0
3136,0.0
3137,0.0
3138,0.0
3139,0.0
3140,0.0
3141,0.0
3142,0.0
3143,0.0
3144,0.0
3145,0.0
3146,0.0
3147,0.0
3148,0.0
3149,0.0
3150,0.0
3151,0.0
3152,0.0
3153,0.0
3154,0.0
3155,0.0
3156,0.0
3157,0.0
3158,0.0
3159,0.0
3160,0.0
3161,0.0
3162,0.0
3163,0.0
3164,0.0
3165,0.0
3166,0.0
3167,0.0
3168,0.0
3169,0.0
3170,0.0
3171,0.0
3172,0.0
3173,0.0
3174,0.0
3175,0.0
3176,0.0
3177,0.0
3178,0.0
3179,0.0
3180,0.0
3181,0.0
3182,0.0
3183,0.0
3184,0.0
3185,0.0
3186,0.0
3187,0.0
3188,0.0
3189,0.0
3190,0.0
3191,0.0
3192,0.0
3193,0.0
3194,0.0
3195,0.0
3196,0.0
3197,0.0
3198,0.0
3199,0.0
3200,0.0
3201,0.0
3202,0.0
3203,0.0
3204,0.0
3205,0.0044208333333333
3206,0.0088416666666666
3207,0.0132625
3208,0.0176833333333333
3209,0.0221041666666666
3210,0.026525
3211,0.0309458333333333
3212,0.0353666666666666
3213,0.0397875
3214,0.0442083333333333
3215,0.0486291666666666
3216,0.05305
3217,0.0620999999999999
3218,0.0711499999999999
3219,0.0802
3220,0.08925
3221,0.0983
3222,0.10735
3223,0.1163999999999999
3224,0.1254499999999999
3225,0.1345
3226,0.1435499999999999
3227,0.1525999999999999
3228,0.16165
3229,0.1684374999999999
3230,0.1752249999999999
3231,0.1820125
3232,0.1888
3233,0.1955874999999999
3234,0.202375
3235,0.2091625
3236,0.2159499999999999
3237,0.2227374999999999
3238,0.2295249999999999
3239,0.2363125
3240,0.2430999999999999
3241,0.2549041666666666
3242,0.2667083333333333
3243,0.2785125
3244,0.2903166666666666
3245,0.3021208333333333
3246,0.313925
3247,0.3257291666666667
3248,0.3375333333333333
3249,0.3493374999999999
3250,0.3611416666666666
3251,0.3729458333333333
3252,0.38475
3253,0.3858833333333333
3254,0.3870166666666667
3255,0.38815
3256,0.3892833333333333
3257,0.3904166666666667
3258,0.39155
3259,0.3926833333333333
3260,0.3938166666666666
3261,0.39495
3262,0.3960833333333334
3263,0.3972166666666667
3264,0.39835
3265,0.4142666666666666
3266,0.4301833333333333
3267,0.4461
3268,0.4620166666666666
3269,0.4779333333333332
3270,0.4938499999999999
3271,0.5097666666666667
3272,0.5256833333333333
3273,0.5415999999999999
3274,0.5575166666666667
3275,0.5734333333333332
3276,0.5893499999999999
3277,0.5942924999999999
3278,0.5992349999999999
3279,0.6041774999999999
3280,0.6091199999999999
3281,0.6140624999999998
3282,0.619005
3283,0.6239475
3284,0.62889
3285,0.6338325
3286,0.638775
3287,0.6437174999999999
3288,0.64866
3289,0.6531058333333333
3290,0.6575516666666666
3291,0.6619974999999999
3292,0.6664433333333333
3293,0.6708891666666666
3294,0.675335
3295,0.6797808333333334
3296,0.6842266666666666
3297,0.6886725
3298,0.6931183333333334
3299,0.6975641666666667
3300,0.70201
3301,0.704135
3302,0.70626
3303,0.708385
3304,0.71051
3305,0.712635
3306,0.71476
3307,0.716885
3308,0.71901
3309,0.721135
3310,0.72326
3311,0.725385
3312,0.72751
3313,0.7176341666666667
3314,0.7077583333333334
3315,0.6978825
3316,0.6880066666666667
3317,0.6781308333333333
3318,0.668255
3319,0.6583791666666666
3320,0.6485033333333333
3321,0.6386275
3322,0.6287516666666667
3323,0.6188758333333333
3324,0.609
3325,0.6025958333333333
3326,0.5961916666666666
3327,0.5897875
3328,0.5833833333333334
3329,0.5769791666666666
3330,0.570575
3331,0.5641708333333334
3332,0.5577666666666666
3333,0.5513625
3334,0.5449583333333332
3335,0.5385541666666667
3336,0.53215
3337,0.5219708333333333
3338,0.5117916666666666
3339,0.5016124999999999
3340,0.4914333333333333
3341,0.4812541666666666
3342,0.4710749999999999
3343,0.4608958333333333
3344,0.4507166666666666
3345,0.4405374999999999
3346,0.4303583333333333
3347,0.4201791666666666
3348,0.41
3349,0.4021791666666667
3350,0.3943583333333333
3351,0.3865375
3352,0.3787166666666666
3353,0.3708958333333333
3354,0.363075
3355,0.3552541666666666
3356,0.3474333333333333
3357,0.3396124999999999
3358,0.3317916666666666
3359,0.3239708333333333
3360,0.31615
3361,0.3042625
3362,0.292375
3363,0.2804875
3364,0.2685999999999999
3365,0.2567124999999999
3366,0.244825
3367,0.2329375
3368,0.22105
3369,0.2091625
3370,0.197275
3371,0.1853875
3372,0.1735
3373,0.1634833333333333
3374,0.1534666666666666
3375,0.14345
3376,0.1334333333333333
3377,0.1234166666666666
3378,0.1133999999999999
3379,0.1033833333333333
3380,0.0933666666666666
3381,0.08335
3382,0.0733333333333333
3383,0.0633166666666666
3384,0.0533
3385,0.0488583333333333
3386,0.0444166666666666
3387,0.039975
3388,0.0355333333333333
3389,0.0310916666666666
3390,0.02665
3391,0.0222083333333333
3392,0.0177666666666666
3393,0.013325
3394,0.0088833333333333
3395,0.0044416666666666
3396,0.0
3397,0.0
3398,0.0
3399,0.0
3400,0.0
3401,0.0
3402,0.0
3403,0.0
3404,0.0
3405,0.0
3406,0.0
3407,0.0
3408,0.0
3409,0.0
3410,0.0
3411,0.0
3412,0.0
3413,0.0
3414,0.0
3415,0.0
3416,0.0
3417,0.0
3418,0.0
3419,0.0
3420,0.0
3421,0.0
3422,0.0
3423,0.0
3424,0.0
3425,0.0
3426,0.0
3427,0.0
3428,0.0
3429,0.0
3430,0.0
3431,0.0
3432,0.0
3433,0.0
3434,0.0
3435,0.0
3436,0.0
3437,0.0
3438,0.0
3439,0.0
3440,0.0
3441,0.0
3442,0.0
3443,0.0
3444,0.0
3445,0.0
3446,0.0
3447,0.0
3448,0.0
3449,0.0
3450,0.0
3451,0.0
3452,0.0
3453,0.0
3454,0.0
3455,0.0
3456,0.0
3457,0.0
3458,0.0
3459,0.0
3460,0.0
3461,0.0
3462,0.0
3463,0.0
3464,0.0
3465,0.0
3466,0.0
3467,0.0
3468,0.0
3469,0.0
3470,0.0
3471,0.0
3472,0.0
3473,0.0
3474,0.0
3475,0.0
3476,0.0
3477,0.0
3478,0.0
3479,0.0
3480,0.0
3481,0.0
3482,0.0
3483,0.0
3484,0.0
3485,0.0
3486,0.0
3487,0.0
3488,0.0
3489,0.0
3490,0.0
3491,0.0
3492,0.0
3493,0.0052291666666666
3494,0.0104583333333333
3495,0.0156875
3496,0.0209166666666666
3497,0.0261458333333333
3498,0.031375
3499,0.0366041666666666
3500,0.0418333333333333
3501,0.0470625
3502,0.0522916666666666
3503,0.0575208333333333
3504,0.06275
3505,0.0731458333333333
3506,0.0835416666666666
3507,0.0939375
3508,0.1043333333333333
3509,0.1147291666666666
3510,0.125125
3511,0.1355208333333333
3512,0.1459166666666667
3513,0.1563125
3514,0.1667083333333333
3515,0.1771041666666666
3516,0.1875
3517,0.1913958333333333
3518,0.1952916666666666
3519,0.1991875
3520,0.2030833333333333
3521,0.2069791666666666
3522,0.210875
3523,0.2147708333333333
3524,0.2186666666666666
3525,0.2225625
3526,0.2264583333333333
3527,0.2303541666666666
3528,0.23425
3529,0.2479083333333333
3530,0.2615666666666666
3531,0.275225
3532,0.2888833333333333
3533,0.3025416666666666
3534,0.3162
3535,0.3298583333333333
3536,0.3435166666666666
3537,0.3571749999999999
3538,0.3708333333333333
3539,0.3844916666666667
3540,0.39815
3541,0.4071333333333333
3542,0.4161166666666667
3543,0.4251
3544,0.4340833333333333
3545,0.4430666666666666
3546,0.45205
3547,0.4610333333333333
3548,0.4700166666666667
3549,0.479
3550,0.4879833333333333
3551,0.4969666666666667
3552,0.50595
3553,0.5202508333333334
3554,0.5345516666666668
3555,0.5488525
3556,0.5631533333333333
3557,0.5774541666666666
3558,0.591755
3559,0.6060558333333333
3560,0.6203566666666667
3561,0.6346574999999999
3562,0.6489583333333333
3563,0.6632591666666666
3564,0.6775599999999999
3565,0.6837516666666665
3566,0.6899433333333332
3567,0.696135
3568,0.7023266666666665
3569,0.7085183333333333
3570,0.71471
3571,0.7209016666666667
3572,0.7270933333333333
3573,0.7332849999999999
3574,0.7394766666666666
3575,0.7456683333333333
3576,0.7518599999999999
3577,0.7564266666666666
3578,0.7609933333333332
3579,0.7655599999999999
3580,0.7701266666666665
3581,0.7746933333333332
3582,0.77926
3583,0.7838266666666666
3584,0.7883933333333333
3585,0.7929599999999999
3586,0.7975266666666666
3587,0.8020933333333332
3588,0.8066599999999999
3589,0.8025058333333333
3590,0.7983516666666667
3591,0.7941975
3592,0.7900433333333333
3593,0.7858891666666666
3594,0.7817349999999998
3595,0.7775808333333333
3596,0.7734266666666666
3597,0.7692724999999999
3598,0.7651183333333333
3599,0.7609641666666667
3600,0.75681
3601,0.7521766666666666
3602,0.7475433333333333
3603,0.74291
3604,0.7382766666666667
3605,0.7336433333333333
3606,0.7290099999999999
3607,0.7243766666666667
3608,0.7197433333333333
3609,0.71511
3610,0.7104766666666666
3611,0.7058433333333334
3612,0.70121
3613,0.6939716666666667
3614,0.6867333333333333
3615,0.679495
3616,0.6722566666666666
3617,0.6650183333333333
3618,0.65778
3619,0.6505416666666668
3620,0.6433033333333334
3621,0.6360650000000001
3622,0.6288266666666668
3623,0.6215883333333334
3624,0.6143500000000001
3625,0.6042625
3626,0.594175
3627,0.5840875
3628,0.574
3629,0.5639125
3630,0.553825
3631,0.5437375
3632,0.53365
3633,0.5235625
3634,0.5134749999999999
3635,0.5033874999999999
3636,0.4932999999999999
3637,0.4803708333333333
3638,0.4674416666666666
3639,0.4545124999999999
3640,0.4415833333333333
3641,0.4286541666666666
3642,0.4157249999999999
3643,0.4027958333333333
3644,0.3898666666666666
3645,0.3769374999999999
3646,0.3640083333333333
3647,0.3510791666666666
3648,0.3381499999999999
3649,0.3246624999999999
3650,0.311175
3651,0.2976875
3652,0.2842
3653,0.2707124999999999
3654,0.257225
3655,0.2437375
3656,0.23025
3657,0.2167625
3658,0.203275
3659,0.1897875
3660,0.1763
3661,0.1663416666666666
3662,0.1563833333333333
3663,0.146425
3664,0.1364666666666666
3665,0.1265083333333333
3666,0.11655
3667,0.1065916666666666
3668,0.0966333333333333
3669,0.086675
3670,0.0767166666666666
3671,0.0667583333333333
3672,0.0567999999999999
3673,0.0520666666666666
3674,0.0473333333333333
3675,0.0425999999999999
3676,0.0378666666666666
3677,0.0331333333333333
3678,0.0283999999999999
3679,0.0236666666666666
3680,0.0189333333333333
3681,0.0141999999999999
3682,0.0094666666666666
3683,0.0047333333333333
3684,0.0
3685,0.0
3686,0.0
3687,0.0
3688,0.0
3689,0.0
3690,0.0
3691,0.0
3692,0.0
3693,0.0
3694,0.0
3695,0.0
3696,0.0
3697,0.0
3698,0.0
3699,0.0
3700,0.0
3701,0.0
3702,0.0
3703,0.0
3704,0.0
3705,0.0
3706,0.0
3707,0.0
3708,0.0
3709,0.0
3710,0.0
3711,0.0
3712,0.0
3713,0.0
3714,0.0
3715,0.0
3716,0.0
3717,0.0
3718,0.0
3719,0.0
3720,0.0
3721,0.0
3722,0.0
3723,0.0
3724,0.0
3725,0.0
3726,0.0
3727,0.0
3728,0.0
3729,0.0
3730,0.0
3731,0.0
3732,0.0
3733,0.0
3734,0.0
3735,0.0
3736,0.0
3737,0.0
3738,0.0
3739,0.0
3740,0.0
3741,0.0
3742,0.0
3743,0.0
3744,0.0
3745,0.0
3746,0.0
3747,0.0
3748,0.0
3749,0.0
3750,0.0
3751,0.0
3752,0.0
3753,0.0
3754,0.0
3755,0.0
3756,0.0
3757,0.0
3758,0.0
3759,0.0
3760,0.0
3761,0.0
3762,0.0
3763,0.0
3764,0.0
3765,0.0
3766,0.0
3767,0.0
3768,0.0
3769,0.0
3770,0.0
3771,0.0
3772,0.0
3773,0.0
3774,0.0
3775,0.0
3776,0.0
3777,0.0
3778,0.0
3779,0.0
3780,0.0
3781,0.004
3782,0.008
3783,0.012
3784,0.016
3785,0.02
3786,0.024
3787,0.028
3788,0.032
3789,0.036
3790,0.04
3791,0.044
3792,0.048
3793,0.0577125
3794,0.067425
3795,0.0771375
3796,0.08685
3797,0.0965625
3798,0.106275
3799,0.1159875
3800,0.1257
3801,0.1354125
3802,0.145125
3803,0.1548375
3804,0.16455
3805,0.1784
3806,0.19225
3807,0.2061
3808,0.21995
3809,0.2338
3810,0.24765
3811,0.2615
3812,0.27535
3813,0.2892
3814,0.30305
3815,0.3169
3816,0.33075
3817,0.3436833333333333
3818,0.3566166666666667
3819,0.36955
3820,0.3824833333333333
3821,0.3954166666666667
3822,0.40835
3823,0.4212833333333333
3824,0.4342166666666666
3825,0.44715
3826,0.4600833333333333
3827,0.4730166666666666
3828,0.48595
3829,0.498025
3830,0.5101
3831,0.522175
3832,0.53425
3833,0.5463250000000001
3834,0.5584
3835,0.5704750000000001
3836,0.5825499999999999
3837,0.594625
3838,0.6067
3839,0.618775
3840,0.63085
3841,0.6380591666666666
3842,0.6452683333333333
3843,0.6524774999999999
3844,0.6596866666666668
3845,0.6668958333333334
3846,0.6741050000000001
3847,0.6813141666666667
3848,0.6885233333333333
3849,0.6957325
3850,0.7029416666666667
3851,0.7101508333333334
3852,0.71736
3853,0.7236558333333334
3854,0.7299516666666667
3855,0.7362475
3856,0.7425433333333334
3857,0.7488391666666667
3858,0.755135
3859,0.7614308333333334
3860,0.7677266666666667
3861,0.7740225000000001
3862,0.7803183333333333
3863,0.7866141666666667
3864,0.7929100000000001
3865,0.7910933333333333
3866,0.7892766666666667
3867,0.78746
3868,0.7856433333333335
3869,0.7838266666666667
3870,0.78201
3871,0.7801933333333334
3872,0.7783766666666667
3873,0.77656
3874,0.7747433333333333
3875,0.7729266666666668
3876,0.77111
3877,0.7664975
3878,0.761885
3879,0.7572725
3880,0.75266
3881,0.7480475
3882,0.7434350000000001
3883,0.7388224999999999
3884,0.73421
3885,0.7295975
3886,0.724985
3887,0.7203725
3888,0.71576
3889,0.7087841666666667
3890,0.7018083333333333
3891,0.6948325
3892,0.6878566666666667
3893,0.6808808333333333
3894,0.673905
3895,0.6669291666666667
3896,0.6599533333333333
3897,0.6529775
3898,0.6460016666666667
3899,0.6390258333333333
3900,0.63205
3901,0.62845
3902,0.6248499999999999
3903,0.62125
3904,0.61765
3905,0.61405
3906,0.61045
3907,0.60685
3908,0.60325
3909,0.59965
3910,0.59605
3911,0.59245
3912,0.58885
3913,0.5775916666666667
3914,0.5663333333333334
3915,0.5550750000000001
3916,0.5438166666666667
3917,0.5325583333333334
3918,0.5213000000000001
3919,0.5100416666666667
3920,0.4987833333333333
3921,0.487525
3922,0.4762666666666666
3923,0.4650083333333333
3924,0.45375
3925,0.4407958333333333
3926,0.4278416666666667
3927,0.4148874999999999
3928,0.4019333333333333
3929,0.3889791666666667
3930,0.376025
3931,0.3630708333333333
3932,0.3501166666666667
3933,0.3371625
3934,0.3242083333333334
3935,0.3112541666666666
3936,0.2983
3937,0.2877
3938,0.2771
3939,0.2665
3940,0.2559
3941,0.2453
3942,0.2347
3943,0.2241
3944,0.2135
3945,0.2029
3946,0.1923
3947,0.1817
3948,0.1711
3949,0.1620625
3950,0.153025
3951,0.1439875
3952,0.13495
3953,0.1259124999999999
3954,0.116875
3955,0.1078374999999999
3956,0.0988
3957,0.0897625
3958,0.0807249999999999
3959,0.0716875
3960,0.06265
3961,0.0574291666666666
3962,0.0522083333333333
3963,0.0469874999999999
3964,0.0417666666666666
3965,0.0365458333333333
3966,0.031325
3967,0.0261041666666666
3968,0.0208833333333333
3969,0.0156625
3970,0.0104416666666666
3971,0.0052208333333333
3972,0.0
3973,0.0
3974,0.0
3975,0.0
3976,0.0
3977,0.0
3978,0.0
3979,0.0
3980,0.0
3981,0.0
3982,0.0
3983,0.0
3984,0.0
3985,0.0
3986,0.0
3987,0.0
3988,0.0
3989,0.0
3990,0.0
3991,0.0
3992,0.0
3993,0.0
3994,0.0
3995,0.0
3996,0.0
3997,0.0
3998,0.0
3999,0.0
4000,0.0
4001,0.0
4002,0.0
4003,0.0
4004,0.0
4005,0.0
4006,0.0
4007,0.0
4008,0.0
4009,0.0
4010,0.0
4011,0.0
4012,0.0
4013,0.0
4014,0.0
4015,0.0
4016,0.0
4017,0.0
4018,0.0
4019,0.0
4020,0.0
4021,0.0
4022,0.0
4023,0.0
4024,0.0
4025,0.0
4026,0.0
4027,0.0
4028,0.0
4029,0.0
4030,0.0
4031,0.0
4032,0.0
4033,0.0
4034,0.0
4035,0.0
4036,0.0
4037,0.0
4038,0.0
4039,0.0
4040,0.0
4041,0.0
4042,0.0
4043,0.0
4044,0.0
4045,0.0
4046,0.0
4047,0.0
4048,0.0
4049,0.0
4050,0.0
4051,0.0
4052,0.0
4053,0.0
4054,0.0
4055,0.0
4056,0.0
4057,0.0
4058,0.0
4059,0.0
4060,0.0
4061,0.0
4062,0.0
4063,0.0
4064,0.0
4065,0.0
4066,0.0
4067,0.0
4068,0.0
4069,0.0055291666666666
4070,0.0110583333333333
4071,0.0165874999999999
4072,0.0221166666666666
4073,0.0276458333333333
4074,0.0331749999999999
4075,0.0387041666666666
4076,0.0442333333333333
4077,0.0497624999999999
4078,0.0552916666666666
4079,0.0608208333333333
4080,0.0663499999999999
4081,0.0772666666666666
4082,0.0881833333333333
4083,0.0991
4084,0.1100166666666666
4085,0.1209333333333333
4086,0.13185
4087,0.1427666666666666
4088,0.1536833333333333
4089,0.1646
4090,0.1755166666666666
4091,0.1864333333333333
4092,0.19735
4093,0.2102958333333333
4094,0.2232416666666667
4095,0.2361875
4096,0.2491333333333333
4097,0.2620791666666667
4098,0.275025
4099,0.2879708333333333
4100,0.3009166666666666
4101,0.3138625
4102,0.3268083333333333
4103,0.3397541666666667
4104,0.3527
4105,0.3656375
4106,0.378575
4107,0.3915125
4108,0.40445
4109,0.4173875
4110,0.430325
4111,0.4432625
4112,0.4562
4113,0.4691375
4114,0.482075
4115,0.4950124999999999
4116,0.50795
4117,0.5192875
4118,0.530625
4119,0.5419625
4120,0.5532999999999999
4121,0.5646375
4122,0.575975
4123,0.5873125
4124,0.59865
4125,0.6099874999999999
4126,0.621325
4127,0.6326625
4128,0.644
4129,0.6528425
4130,0.661685
4131,0.6705275
4132,0.67937
4133,0.6882125
4134,0.6970550000000001
4135,0.7058975000000001
4136,0.71474
4137,0.7235825
4138,0.732425
4139,0.7412675000000001
4140,0.75011
4141,0.7556725
4142,0.761235
4143,0.7667975
4144,0.77236
4145,0.7779225
4146,0.7834849999999999
4147,0.7890474999999999
4148,0.7946099999999999
4149,0.8001725
4150,0.8057349999999999
4151,0.8112974999999999
4152,0.8168599999999999
4153,0.8188058333333332
4154,0.8207516666666665
4155,0.8226974999999999
4156,0.8246433333333333
4157,0.8265891666666666
4158,0.828535
4159,0.8304808333333333
4160,0.8324266666666666
4161,0.8343725
4162,0.8363183333333334
4163,0.8382641666666667
4164,0.84021
4165,0.8395766666666667
4166,0.8389433333333334
4167,0.8383100000000001
4168,0.8376766666666667
4169,0.8370433333333334
4170,0.8364100000000001
4171,0.8357766666666666
4172,0.8351433333333333
4173,0.83451
4174,0.8338766666666667
4175,0.8332433333333333
4176,0.83261
4177,0.816505
4178,0.8004
4179,0.784295
4180,0.76819
4181,0.752085
4182,0.73598
4183,0.719875
4184,0.70377
4185,0.687665
4186,0.67156
4187,0.655455
4188,0.63935
4189,0.6317375000000001
4190,0.624125
4191,0.6165125
4192,0.6089
4193,0.6012875
4194,0.5936750000000001
4195,0.5860625
4196,0.57845
4197,0.5708375
4198,0.563225
4199,0.5556125
4200,0.548
4201,0.533025
4202,0.5180499999999999
4203,0.5030749999999999
4204,0.4881
4205,0.473125
4206,0.45815
4207,0.4431749999999999
4208,0.4281999999999999
4209,0.4132249999999999
4210,0.3982499999999999
4211,0.383275
4212,0.3682999999999999
4213,0.3629666666666666
4214,0.3576333333333333
4215,0.3522999999999999
4216,0.3469666666666666
4217,0.3416333333333333
4218,0.3362999999999999
4219,0.3309666666666666
4220,0.3256333333333333
4221,0.3203
4222,0.3149666666666667
4223,0.3096333333333333
4224,0.3043
4225,0.294225
4226,0.2841499999999999
4227,0.274075
4228,0.264
4229,0.253925
4230,0.2438499999999999
4231,0.2337749999999999
4232,0.2236999999999999
4233,0.213625
4234,0.2035499999999999
4235,0.1934749999999999
4236,0.1833999999999999
4237,0.1728374999999999
4238,0.1622749999999999
4239,0.1517124999999999
4240,0.1411499999999999
4241,0.1305874999999999
4242,0.1200249999999999
4243,0.1094624999999999
4244,0.0988999999999999
4245,0.0883374999999999
4246,0.077775
4247,0.0672125
4248,0.05665
4249,0.0519291666666666
4250,0.0472083333333333
4251,0.0424875
4252,0.0377666666666666
4253,0.0330458333333333
4254,0.028325
4255,0.0236041666666666
4256,0.0188833333333333
4257,0.0141625
4258,0.0094416666666666
4259,0.0047208333333333
4260,0.0
4261,0.0
4262,0.0
4263,0.0
4264,0.0
4265,0.0
4266,0.0
4267,0.0
4268,0.0
4269,0.0
4270,0.0
4271,0.0
4272,0.0
4273,0.0
4274,0.0
4275,0.0
4276,0.0
4277,0.0
4278,0.0
4279,0.0
4280,0.0
4281,0.0
4282,0.0
4283,0.0
4284,0.0
4285,0.0
4286,0.0
4287,0.0
4288,0.0
4289,0.0
4290,0.0
4291,0.0
4292,0.0
4293,0.0
4294,0.0
4295,0.0
4296,0.0
4297,0.0
4298,0.0
4299,0.0
4300,0.0
4301,0.0
4302,0.0
4303,0.0
4304,0.0
4305,0.0
4306,0.0
4307,0.0
4308,0.0
4309,0.0
4310,0.0
4311,0.0
4312,0.0
4313,0.0
4314,0.0
4315,0.0
4316,0.0
4317,0.0
4318,0.0
4319,0.0
4320,0.0
4321,0.0
4322,0.0
4323,0.0
4324,0.0
4325,0.0
4326,0.0
4327,0.0
4328,0.0
4329,0.0
4330,0.0
4331,0.0
4332,0.0
4333,0.0
4334,0.0
4335,0.0
4336,0.0
4337,0.0
4338,0.0
4339,0.0
4340,0.0
4341,0.0
4342,0.0
4343,0.0
4344,0.0
4345,0.0
4346,0.0
4347,0.0
4348,0.0
4349,0.0
4350,0.0
4351,0.0
4352,0.0
4353,0.0
4354,0.0
4355,0.0
4356,0.0
4357,0.0041875
4358,0.008375
4359,0.0125625
4360,0.01675
4361,0.0209375
4362,0.025125
4363,0.0293125
4364,0.0335
4365,0.0376875
4366,0.041875
4367,0.0460625
4368,0.05025
4369,0.053475
4370,0.0566999999999999
4371,0.059925
4372,0.06315
4373,0.066375
4374,0.0696
4375,0.0728249999999999
4376,0.0760499999999999
4377,0.079275
4378,0.0824999999999999
4379,0.085725
4380,0.0889499999999999
4381,0.0956916666666666
4382,0.1024333333333333
4383,0.1091749999999999
4384,0.1159166666666666
4385,0.1226583333333333
4386,0.1294
4387,0.1361416666666666
4388,0.1428833333333333
4389,0.149625
4390,0.1563666666666666
4391,0.1631083333333333
4392,0.16985
4393,0.1730458333333333
4394,0.1762416666666666
4395,0.1794375
4396,0.1826333333333333
4397,0.1858291666666666
4398,0.1890249999999999
4399,0.1922208333333333
4400,0.1954166666666666
4401,0.1986124999999999
4402,0.2018083333333333
4403,0.2050041666666666
4404,0.2082
4405,0.2281499999999999
4406,0.2481
4407,0.26805
4408,0.288
4409,0.30795
4410,0.3278999999999999
4411,0.34785
4412,0.3678
4413,0.38775
4414,0.4077
4415,0.42765
4416,0.4476
4417,0.4637666666666667
4418,0.4799333333333333
4419,0.4961
4420,0.5122666666666666
4421,0.5284333333333334
4422,0.5446
4423,0.5607666666666666
4424,0.5769333333333334
4425,0.5931000000000001
4426,0.6092666666666666
4427,0.6254333333333334
4428,0.6416000000000001
4429,0.6545425
4430,0.667485
4431,0.6804275
4432,0.69337
4433,0.7063125
4434,0.719255
4435,0.7321975
4436,0.74514
4437,0.7580825
4438,0.771025
4439,0.7839674999999999
4440,0.79691
4441,0.7854475
4442,0.773985
4443,0.7625224999999999
4444,0.75106
4445,0.7395975
4446,0.728135
4447,0.7166725
4448,0.70521
4449,0.6937475
4450,0.6822849999999999
4451,0.6708225
4452,0.6593600000000001
4453,0.6494841666666666
4454,0.6396083333333333
4455,0.6297325
4456,0.6198566666666667
4457,0.6099808333333333
4458,0.600105
4459,0.5902291666666667
4460,0.5803533333333334
4461,0.5704775
4462,0.5606016666666667
4463,0.5507258333333334
4464,0.54085
4465,0.5343666666666667
4466,0.5278833333333334
4467,0.5214
4468,0.5149166666666667
4469,0.5084333333333333
4470,0.50195
4471,0.4954666666666667
4472,0.4889833333333333
4473,0.4825
4474,0.4760166666666666
4475,0.4695333333333333
4476,0.46305
4477,0.4478375
4478,0.432625
4479,0.4174125
4480,0.4022
4481,0.3869875
4482,0.371775
4483,0.3565625
4484,0.34135
4485,0.3261374999999999
4486,0.310925
4487,0.2957125
4488,0.2805
4489,0.2726708333333333
4490,0.2648416666666667
4491,0.2570125
4492,0.2491833333333333
4493,0.2413541666666666
4494,0.233525
4495,0.2256958333333333
4496,0.2178666666666666
4497,0.2100375
4498,0.2022083333333333
4499,0.1943791666666666
4500,0.18655
4501,0.1773291666666666
4502,0.1681083333333333
4503,0.1588875
4504,0.1496666666666667
4505,0.1404458333333333
4506,0.131225
4507,0.1220041666666666
4508,0.1127833333333333
4509,0.1035625
4510,0.0943416666666666
4511,0.0851208333333333
4512,0.0759
4513,0.0773833333333333
4514,0.0788666666666666
4515,0.08035
4516,0.0818333333333333
4517,0.0833166666666666
4518,0.0848
4519,0.0862833333333333
4520,0.0877666666666666
4521,0.08925
4522,0.0907333333333333
4523,0.0922166666666666
4524,0.0937
4525,0.0881916666666666
4526,0.0826833333333333
4527,0.077175
4528,0.0716666666666666
4529,0.0661583333333333
4530,0.0606499999999999
4531,0.0551416666666666
4532,0.0496333333333333
4533,0.044125
4534,0.0386166666666666
4535,0.0331083333333333
4536,0.0276
4537,0.0252999999999999
4538,0.023
4539,0.0207
4540,0.0184
4541,0.0160999999999999
4542,0.0138
4543,0.0115
4544,0.0092
4545,0.0069
4546,0.0046
4547,0.0023
4548,0.0
4549,0.0
4550,0.0
4551,0.0
4552,0.0
4553,0.0
4554,0.0
4555,0.0
4556,0.0
4557,0.0
4558,0.0
4559,0.0
4560,0.0
4561,0.0
4562,0.0
4563,0.0
4564,0.0
4565,0.0
4566,0.0
4567,0.0
4568,0.0
4569,0.0
4570,0.0
4571,0.0
4572,0.0
4573,0.0
4574,0.0
4575,0.0
4576,0.0
4577,0.0
4578,0.0
4579,0.0
4580,0.0
4581,0.0
4582,0.0
4583,0.0
4584,0.0
4585,0.0
4586,0.0
4587,0.0
4588,0.0
4589,0.0
4590,0.0
4591,0.0
4592,0.0
4593,0.0
4594,0.0
4595,0.0
4596,0.0
4597,0.0
4598,0.0
4599,0.0
4600,0.0
4601,0.0
4602,0.0
4603,0.0
4604,0.0
4605,0.0
4606,0.0
4607,0.0
4608,0.0
4609,0.0
4610,0.0
4611,0.0
4612,0.0
4613,0.0
4614,0.0
4615,0.0
4616,0.0
4617,0.0
4618,0.0
4619,0.0
4620,0.0
4621,0.0
4622,0.0
4623,0.0
4624,0.0
4625,0.0
4626,0.0
4627,0.0
4628,0.0
4629,0.0
4630,0.0
4631,0.0
4632,0.0
4633,0.0
4634,0.0
4635,0.0
4636,0.0
4637,0.0
4638,0.0
4639,0.0
4640,0.0
4641,0.0
4642,0.0
4643,0.0
4644,0.0
4645,0.0008875
4646,0.001775
4647,0.0026625
4648,0.00355
4649,0.0044375
4650,0.005325
4651,0.0062125
4652,0.0071
4653,0.0079875
4654,0.008875
4655,0.0097625
4656,0.01065
4657,0.012025
4658,0.0134
4659,0.014775
4660,0.0161499999999999
4661,0.017525
4662,0.0189
4663,0.0202749999999999
4664,0.02165
4665,0.0230249999999999
4666,0.0243999999999999
4667,0.025775
4668,0.0271499999999999
4669,0.0279916666666666
4670,0.0288333333333333
4671,0.0296749999999999
4672,0.0305166666666666
4673,0.0313583333333333
4674,0.0322
4675,0.0330416666666666
4676,0.0338833333333333
4677,0.034725
4678,0.0355666666666666
4679,0.0364083333333333
4680,0.03725
4681,0.0409249999999999
4682,0.0446
4683,0.048275
4684,0.0519499999999999
4685,0.055625
4686,0.0593
4687,0.0629749999999999
4688,0.0666499999999999
4689,0.0703249999999999
4690,0.074
4691,0.077675
4692,0.0813499999999999
4693,0.0899708333333333
4694,0.0985916666666666
4695,0.1072125
4696,0.1158333333333333
4697,0.1244541666666666
4698,0.133075
4699,0.1416958333333333
4700,0.1503166666666666
4701,0.1589375
4702,0.1675583333333333
4703,0.1761791666666666
4704,0.1848
4705,0.1909208333333333
4706,0.1970416666666667
4707,0.2031625
4708,0.2092833333333333
4709,0.2154041666666666
4710,0.221525
4711,0.2276458333333333
4712,0.2337666666666666
4713,0.2398875
4714,0.2460083333333333
4715,0.2521291666666667
4716,0.25825
4717,0.2649208333333333
4718,0.2715916666666667
4719,0.2782624999999999
4720,0.2849333333333333
4721,0.2916041666666666
4722,0.2982749999999999
4723,0.3049458333333333
4724,0.3116166666666666
4725,0.3182875
4726,0.3249583333333333
4727,0.3316291666666666
4728,0.3383
4729,0.3404541666666666
4730,0.3426083333333333
4731,0.3447624999999999
4732,0.3469166666666667
4733,0.3490708333333333
4734,0.3512249999999999
4735,0.3533791666666667
4736,0.3555333333333333
4737,0.3576875
4738,0.3598416666666666
4739,0.3619958333333333
4740,0.36415
4741,0.3572333333333333
4742,0.3503166666666666
4743,0.3434
4744,0.3364833333333333
4745,0.3295666666666667
4746,0.32265
4747,0.3157333333333333
4748,0.3088166666666667
4749,0.3019
4750,0.2949833333333332
4751,0.2880666666666666
4752,0.2811499999999999
4753,0.2766749999999999
4754,0.2722
4755,0.267725
4756,0.26325
4757,0.258775
4758,0.2542999999999999
4759,0.249825
4760,0.2453499999999999
4761,0.240875
4762,0.2364
4763,0.231925
4764,0.22745
4765,0.2288541666666667
4766,0.2302583333333333
4767,0.2316625
4768,0.2330666666666667
4769,0.2344708333333333
4770,0.235875
4771,0.2372791666666666
4772,0.2386833333333333
4773,0.2400875
4774,0.2414916666666667
4775,0.2428958333333333
4776,0.2443
4777,0.2398791666666666
4778,0.2354583333333333
4779,0.2310375
4780,0.2266166666666666
4781,0.2221958333333333
4782,0.217775
4783,0.2133541666666666
4784,0.2089333333333333
4785,0.2045124999999999
4786,0.2000916666666666
4787,0.1956708333333333
4788,0.19125
4789,0.1857375
4790,0.180225
4791,0.1747125
4792,0.1692
4793,0.1636875
4794,0.158175
4795,0.1526625
4796,0.14715
4797,0.1416375
4798,0.136125
4799,0.1306125
4800,0.1251
4801,0.1192541666666666
4802,0.1134083333333333
4803,0.1075624999999999
4804,0.1017166666666666
4805,0.0958708333333333
4806,0.090025
4807,0.0841791666666666
4808,0.0783333333333333
4809,0.0724874999999999
4810,0.0666416666666666
4811,0.0607958333333333
4812,0.05495
4813,0.0523374999999999
4814,0.0497249999999999
4815,0.0471124999999999
4816,0.0445
4817,0.0418874999999999
4818,0.039275
4819,0.0366625
4820,0.03405
4821,0.0314375
4822,0.028825
4823,0.0262125
4824,0.0236
4825,0.0216333333333333
4826,0.0196666666666666
4827,0.0177
4828,0.0157333333333333
4829,0.0137666666666666
4830,0.0118
4831,0.0098333333333333
4832,0.0078666666666666
4833,0.0059
4834,0.0039333333333333
4835,0.0019666666666666
4836,0.0
4837,0.0
4838,0.0
4839,0.0
4840,0.0
4841,0.0
4842,0.0
4843,0.0
4844,0.0
4845,0.0
4846,0.0
4847,0.0
4848,0.0
4849,0.0
4850,0.0
4851,0.0
4852,0.0
4853,0.0
4854,0.0
4855,0.0
4856,0.0
4857,0.0
4858,0.0
4859,0.0
4860,0.0
4861,0.0
4862,0.0
4863,0.0
4864,0.0
4865,0.0
4866,0.0
4867,0.0
4868,0.0
4869,0.0
4870,0.0
4871,0.0
4872,0.0
4873,0.0
4874,0.0
4875,0.0
4876,0.0
4877,0.0
4878,0.0
4879,0.0
4880,0.0
4881,0.0
4882,0.0
4883,0.0
4884,0.0
4885,0.0
4886,0.0
4887,0.0
4888,0.0
4889,0.0
4890,0.0
4891,0.0
4892,0.0
4893,0.0
4894,0.0
4895,0.0
4896,0.0
4897,0.0
4898,0.0
4899,0.0
4900,0.0
4901,0.0
4902,0.0
4903,0.0
4904,0.0
4905,0.0
4906,0.0
4907,0.0
4908,0.0
4909,0.0
4910,0.0
4911,0.0
4912,0.0
4913,0.0
4914,0.0
4915,0.0
4916,0.0
4917,0.0
4918,0.0
4919,0.0
4920,0.0
4921,0.0
4922,0.0
4923,0.0
4924,0.0
4925,0.0
4926,0.0
4927,0.0
4928,0.0
4929,0.0
4930,0.0
4931,0.0
4932,0.0
4933,0.0036916666666666
4934,0.0073833333333333
4935,0.011075
4936,0.0147666666666666
4937,0.0184583333333333
4938,0.02215
4939,0.0258416666666666
4940,0.0295333333333333
4941,0.033225
4942,0.0369166666666666
4943,0.0406083333333333
4944,0.0443
4945,0.0533666666666666
4946,0.0624333333333333
4947,0.0715
4948,0.0805666666666666
4949,0.0896333333333333
4950,0.0986999999999999
4951,0.1077666666666666
4952,0.1168333333333333
4953,0.1258999999999999
4954,0.1349666666666666
4955,0.1440333333333333
4956,0.1530999999999999
4957,0.16925
4958,0.1853999999999999
4959,0.2015499999999999
4960,0.2176999999999999
4961,0.23385
4962,0.25
4963,0.26615
4964,0.2822999999999999
4965,0.29845
4966,0.3146
4967,0.33075
4968,0.3469
4969,0.3584666666666666
4970,0.3700333333333333
4971,0.3815999999999999
4972,0.3931666666666666
4973,0.4047333333333333
4974,0.4163
4975,0.4278666666666667
4976,0.4394333333333333
4977,0.451
4978,0.4625666666666667
4979,0.4741333333333334
4980,0.4857
4981,0.4976833333333333
4982,0.5096666666666667
4983,0.52165
4984,0.5336333333333333
4985,0.5456166666666666
4986,0.5576
4987,0.5695833333333333
4988,0.5815666666666667
4989,0.5935499999999999
4990,0.6055333333333333
4991,0.6175166666666666
4992,0.6295
4993,0.6382966666666666
4994,0.6470933333333334
4995,0.65589
4996,0.6646866666666666
4997,0.6734833333333333
4998,0.68228
4999,0.6910766666666666
5000,0.6998733333333333
5001,0.7086699999999999
5002,0.7174666666666666
5003,0.7262633333333334
5004,0.7350599999999999
5005,0.7409558333333334
5006,0.7468516666666667
5007,0.7527474999999999
5008,0.7586433333333333
5009,0.7645391666666667
5010,0.770435
5011,0.7763308333333333
5012,0.7822266666666667
5013,0.7881225000000001
5014,0.7940183333333334
5015,0.7999141666666667
5016,0.80581
5017,0.8014641666666668
5018,0.7971183333333334
5019,0.7927725
5020,0.7884266666666667
5021,0.7840808333333333
5022,0.7797350000000001
5023,0.7753891666666667
5024,0.7710433333333333
5025,0.7666975
5026,0.7623516666666666
5027,0.7580058333333333
5028,0.75366
5029,0.7479683333333332
5030,0.7422766666666667
5031,0.7365849999999999
5032,0.7308933333333333
5033,0.7252016666666666
5034,0.7195099999999999
5035,0.7138183333333332
5036,0.7081266666666666
5037,0.7024349999999999
5038,0.6967433333333333
5039,0.6910516666666666
5040,0.6853599999999999
5041,0.6743966666666665
5042,0.6634333333333333
5043,0.6524699999999999
5044,0.6415066666666666
5045,0.6305433333333333
5046,0.6195799999999999
5047,0.6086166666666666
5048,0.5976533333333333
5049,0.5866899999999999
5050,0.5757266666666666
5051,0.5647633333333333
5052,0.5538
5053,0.5535249999999999
5054,0.55325
5055,0.552975
5056,0.5527
5057,0.5524249999999999
5058,0.55215
5059,0.551875
5060,0.5516
5061,0.5513250000000001
5062,0.5510499999999999
5063,0.550775
5064,0.5505
5065,0.5395458333333334
5066,0.5285916666666667
5067,0.5176375
5068,0.5066833333333334
5069,0.4957291666666666
5070,0.4847749999999999
5071,0.4738208333333333
5072,0.4628666666666666
5073,0.4519124999999999
5074,0.4409583333333333
5075,0.4300041666666666
5076,0.41905
5077,0.4072624999999999
5078,0.3954749999999999
5079,0.3836875
5080,0.3718999999999999
5081,0.3601124999999999
5082,0.348325
5083,0.3365375
5084,0.32475
5085,0.3129625
5086,0.301175
5087,0.2893875
5088,0.2776
5089,0.2676166666666666
5090,0.2576333333333333
5091,0.24765
5092,0.2376666666666667
5093,0.2276833333333333
5094,0.2177
5095,0.2077166666666667
5096,0.1977333333333333
5097,0.18775
5098,0.1777666666666666
5099,0.1677833333333333
5100,0.1578
5101,0.1483041666666666
5102,0.1388083333333333
5103,0.1293125
5104,0.1198166666666666
5105,0.1103208333333333
5106,0.100825
5107,0.0913291666666666
5108,0.0818333333333333
5109,0.0723374999999999
5110,0.0628416666666666
5111,0.0533458333333333
5112,0.04385
5113,0.0401958333333333
5114,0.0365416666666666
5115,0.0328875
5116,0.0292333333333333
5117,0.0255791666666666
5118,0.021925
5119,0.0182708333333333
5120,0.0146166666666666
5121,0.0109625
5122,0.0073083333333333
5123,0.0036541666666666
5124,0.0
5125,0.0
5126,0.0
5127,0.0
5128,0.0
5129,0.0
5130,0.0
5131,0.0
5132,0.0
5133,0.0
5134,0.0
5135,0.0
5136,0.0
5137,0.0
5138,0.0
5139,0.0
5140,0.0
5141,0.0
5142,0.0
5143,0.0
5144,0.0
5145,0.0
5146,0.0
5147,0.0
5148,0.0
5149,0.0
5150,0.0
5151,0.0
5152,0.0
5153,0.0
5154,0.0
5155,0.0
5156,0.0
5157,0.0
5158,0.0
5159,0.0
5160,0.0
5161,0.0
5162,0.0
5163,0.0
5164,0.0
5165,0.0
5166,0.0
5167,0.0
5168,0.0
5169,0.0
5170,0.0
5171,0.0
5172,0.0
5173,0.0
5174,0.0
5175,0.0
5176,0.0
5177,0.0
5178,0.0
5179,0.0
5180,0.0
5181,0.0
5182,0.0
5183,0.0
5184,0.0
5185,0.0
5186,0.0
5187,0.0
5188,0.0
5189,0.0
5190,0.0
5191,0.0
5192,0.0
5193,0.0
5194,0.0
5195,0.0
5196,0.0
5197,0.0
5198,0.0
5199,0.0
5200,0.0
5201,0.0
5202,0.0
5203,0.0
5204,0.0
5205,0.0
5206,0.0
5207,0.0
5208,0.0
5209,0.0
5210,0.0
5211,0.0
5212,0.0
5213,0.0
5214,0.0
5215,0.0
5216,0.0
5217,0.0
5218,0.0
5219,0.0
5220,0.0
5221,0.0057249999999999
5222,0.0114499999999999
5223,0.0171749999999999
5224,0.0228999999999999
5225,0.0286249999999999
5226,0.0343499999999999
5227,0.0400749999999999
5228,0.0457999999999999
5229,0.0515249999999999
5230,0.0572499999999999
5231,0.0629749999999999
5232,0.0686999999999999
5233,0.0773166666666666
5234,0.0859333333333333
5235,0.0945499999999999
5236,0.1031666666666666
5237,0.1117833333333333
5238,0.1204
5239,0.1290166666666666
5240,0.1376333333333333
5241,0.14625
5242,0.1548666666666666
5243,0.1634833333333333
5244,0.1721
5245,0.1808375
5246,0.189575
5247,0.1983125
5248,0.2070499999999999
5249,0.2157875
5250,0.2245249999999999
5251,0.2332624999999999
5252,0.242
5253,0.2507375
5254,0.2594749999999999
5255,0.2682124999999999
5256,0.27695
5257,0.2899875
5258,0.303025
5259,0.3160625
5260,0.3290999999999999
5261,0.3421375
5262,0.355175
5263,0.3682125
5264,0.38125
5265,0.3942874999999999
5266,0.407325
5267,0.4203625
5268,0.4333999999999999
5269,0.4421791666666667
5270,0.4509583333333333
5271,0.4597374999999999
5272,0.4685166666666666
5273,0.4772958333333333
5274,0.486075
5275,0.4948541666666666
5276,0.5036333333333334
5277,0.5124125
5278,0.5211916666666666
5279,0.5299708333333333
5280,0.53875
5281,0.550275
5282,0.5618
5283,0.5733250000000001
5284,0.58485
5285,0.596375
5286,0.6079
5287,0.619425
5288,0.6309499999999999
5289,0.642475
5290,0.654
5291,0.6655249999999999
5292,0.6770499999999999
5293,0.6784383333333333
5294,0.6798266666666666
5295,0.6812149999999999
5296,0.6826033333333333
5297,0.6839916666666667
5298,0.68538
5299,0.6867683333333333
5300,0.6881566666666666
5301,0.689545
5302,0.6909333333333334
5303,0.6923216666666667
5304,0.69371
5305,0.6911508333333334
5306,0.6885916666666667
5307,0.6860325
5308,0.6834733333333334
5309,0.6809141666666667
5310,0.678355
5311,0.6757958333333334
5312,0.6732366666666667
5313,0.6706775
5314,0.6681183333333334
5315,0.6655591666666667
5316,0.663
5317,0.6617416666666667
5318,0.6604833333333333
5319,0.6592250000000001
5320,0.6579666666666667
5321,0.6567083333333333
5322,0.65545
5323,0.6541916666666666
5324,0.6529333333333333
5325,0.651675
5326,0.6504166666666666
5327,0.6491583333333333
5328,0.6479
5329,0.6499716666666667
5330,0.6520433333333333
5331,0.654115
5332,0.6561866666666666
5333,0.6582583333333333
5334,0.66033
5335,0.6624016666666667
5336,0.6644733333333334
5337,0.6665449999999999
5338,0.6686166666666666
5339,0.6706883333333333
5340,0.67276
5341,0.6662758333333334
5342,0.6597916666666667
5343,0.6533075
5344,0.6468233333333334
5345,0.6403391666666667
5346,0.6338550000000001
5347,0.6273708333333334
5348,0.6208866666666667
5349,0.6144025000000001
5350,0.6079183333333334
5351,0.6014341666666667
5352,0.5949500000000001
5353,0.5815
5354,0.56805
5355,0.5546
5356,0.5411500000000001
5357,0.5277000000000001
5358,0.51425
5359,0.5008
5360,0.48735
5361,0.4739
5362,0.46045
5363,0.447
5364,0.43355
5365,0.4204666666666667
5366,0.4073833333333333
5367,0.3943
5368,0.3812166666666667
5369,0.3681333333333333
5370,0.35505
5371,0.3419666666666667
5372,0.3288833333333333
5373,0.3158
5374,0.3027166666666667
5375,0.2896333333333333
5376,0.27655
5377,0.2645625
5378,0.252575
5379,0.2405875
5380,0.2286
5381,0.2166125
5382,0.204625
5383,0.1926375
5384,0.1806499999999999
5385,0.1686625
5386,0.1566749999999999
5387,0.1446874999999999
5388,0.1326999999999999
5389,0.1256499999999999
5390,0.1186
5391,0.1115499999999999
5392,0.1044999999999999
5393,0.09745
5394,0.0904
5395,0.08335
5396,0.0762999999999999
5397,0.0692499999999999
5398,0.0621999999999999
5399,0.0551499999999999
5400,0.0481
5401,0.0440916666666666
5402,0.0400833333333333
5403,0.036075
5404,0.0320666666666666
5405,0.0280583333333333
5406,0.02405
5407,0.0200416666666666
5408,0.0160333333333333
5409,0.012025
5410,0.0080166666666666
5411,0.0040083333333333
5412,0.0
5413,0.0
5414,0.0
5415,0.0
5416,0.0
5417,0.0
5418,0.0
5419,0.0
5420,0.0
5421,0.0
5422,0.0
5423,0.0
5424,0.0
5425,0.0
5426,0.0
5427,0.0
5428,0.0
5429,0.0
5430,0.0
5431,0.0
5432,0.0
5433,0.0
5434,0.0
5435,0.0
5436,0.0
5437,0.0
5438,0.0
5439,0.0
5440,0.0
5441,0.0
5442,0.0
5443,0.0
5444,0.0
5445,0.0
5446,0.0
5447,0.0
5448,0.0
5449,0.0
5450,0.0
5451,0.0
5452,0.0
5453,0.0
5454,0.0
5455,0.0
5456,0.0
5457,0.0
5458,0.0
5459,0.0
5460,0.0
5461,0.0
5462,0.0
5463,0.0
5464,0.0
5465,0.0
5466,0.0
5467,0.0
5468,0.0
5469,0.0
5470,0.0
5471,0.0
5472,0.0
5473,0.0
5474,0.0
5475,0.0
5476,0.0
5477,0.0
5478,0.0
5479,0.0
5480,0.0
5481,0.0
5482,0.0
5483,0.0
5484,0.0
5485,0.0
5486,0.0
5487,0.0
5488,0.0
5489,0.0
5490,0.0
5491,0.0
5492,0.0
5493,0.0
5494,0.0
5495,0.0
5496,0.0
5497,0.0
5498,0.0
5499,0.0
5500,0.0
5501,0.0
5502,0.0
5503,0.0
5504,0.0
5505,0.0
5506,0.0
5507,0.0
5508,0.0
5509,0.0051041666666666
5510,0.0102083333333333
5511,0.0153125
5512,0.0204166666666666
5513,0.0255208333333333
5514,0.030625
5515,0.0357291666666666
5516,0.0408333333333333
5517,0.0459375
5518,0.0510416666666666
5519,0.0561458333333333
5520,0.06125
5521,0.0689875
5522,0.076725
5523,0.0844625
5524,0.0922
5525,0.0999375
5526,0.107675
5527,0.1154125
5528,0.12315
5529,0.1308875
5530,0.138625
5531,0.1463625
5532,0.1541
5533,0.1606958333333333
5534,0.1672916666666666
5535,0.1738875
5536,0.1804833333333333
5537,0.1870791666666666
5538,0.193675
5539,0.2002708333333333
5540,0.2068666666666666
5541,0.2134625
5542,0.2200583333333333
5543,0.2266541666666666
5544,0.23325
5545,0.2419083333333333
5546,0.2505666666666666
5547,0.259225
5548,0.2678833333333333
5549,0.2765416666666666
5550,0.2852
5551,0.2938583333333333
5552,0.3025166666666666
5553,0.311175
5554,0.3198333333333333
5555,0.3284916666666667
5556,0.3371499999999999
5557,0.3451708333333333
5558,0.3531916666666667
5559,0.3612125
5560,0.3692333333333333
5561,0.3772541666666666
5562,0.385275
5563,0.3932958333333333
5564,0.4013166666666666
5565,0.4093374999999999
5566,0.4173583333333333
5567,0.4253791666666666
5568,0.4333999999999999
5569,0.4334416666666666
5570,0.4334833333333333
5571,0.433525
5572,0.4335666666666666
5573,0.4336083333333334
5574,0.43365
5575,0.4336916666666666
5576,0.4337333333333333
5577,0.433775
5578,0.4338166666666667
5579,0.4338583333333333
5580,0.4339
5581,0.4352166666666667
5582,0.4365333333333334
5583,0.43785
5584,0.4391666666666667
5585,0.4404833333333333
5586,0.4418
5587,0.4431166666666666
5588,0.4444333333333333
5589,0.44575
5590,0.4470666666666666
5591,0.4483833333333333
5592,0.4497
5593,0.4566583333333333
5594,0.4636166666666667
5595,0.4705749999999999
5596,0.4775333333333333
5597,0.4844916666666666
5598,0.49145
5599,0.4984083333333333
5600,0.5053666666666666
5601,0.512325
5602,0.5192833333333334
5603,0.5262416666666667
5604,0.5332
5605,0.5328583333333333
5606,0.5325166666666666
5607,0.5321750000000001
5608,0.5318333333333334
5609,0.5314916666666667
5610,0.5311500000000001
5611,0.5308083333333334
5612,0.5304666666666666
5613,0.530125
5614,0.5297833333333333
5615,0.5294416666666667
5616,0.5291
5617,0.5193916666666667
5618,0.5096833333333334
5619,0.499975
5620,0.4902666666666667
5621,0.4805583333333333
5622,0.47085
5623,0.4611416666666667
5624,0.4514333333333333
5625,0.441725
5626,0.4320166666666667
5627,0.4223083333333333
5628,0.4126
5629,0.4168875
5630,0.421175
5631,0.4254625
5632,0.42975
5633,0.4340375
5634,0.4383249999999999
5635,0.4426125
5636,0.4469
5637,0.4511875
5638,0.455475
5639,0.4597624999999999
5640,0.46405
5641,0.4574875
5642,0.450925
5643,0.4443625
5644,0.4378
5645,0.4312375
5646,0.424675
5647,0.4181125
5648,0.41155
5649,0.4049875
5650,0.398425
5651,0.3918625
5652,0.3853
5653,0.3742916666666667
5654,0.3632833333333333
5655,0.352275
5656,0.3412666666666666
5657,0.3302583333333333
5658,0.31925
5659,0.3082416666666667
5660,0.2972333333333333
5661,0.286225
5662,0.2752166666666667
5663,0.2642083333333334
5664,0.2532
5665,0.2431083333333333
5666,0.2330166666666666
5667,0.222925
5668,0.2128333333333333
5669,0.2027416666666666
5670,0.19265
5671,0.1825583333333333
5672,0.1724666666666666
5673,0.162375
5674,0.1522833333333333
5675,0.1421916666666667
5676,0.1321
5677,0.1241875
5678,0.116275
5679,0.1083625
5680,0.10045
5681,0.0925375
5682,0.084625
5683,0.0767125
5684,0.0688
5685,0.0608875
5686,0.052975
5687,0.0450625
5688,0.0371499999999999
5689,0.0340541666666666
5690,0.0309583333333333
5691,0.0278625
5692,0.0247666666666666
5693,0.0216708333333333
5694,0.0185749999999999
5695,0.0154791666666666
5696,0.0123833333333333
5697,0.0092874999999999
5698,0.0061916666666666
5699,0.0030958333333333
5700,0.0
5701,0.0
5702,0.0
5703,0.0
5704,0.0
5705,0.0
5706,0.0
5707,0.0
5708,0.0
5709,0.0
5710,0.0
5711,0.0
5712,0.0
5713,0.0
5714,0.0
5715,0.0
5716,0.0
5717,0.0
5718,0.0
5719,0.0
5720,0.0
5721,0.0
5722,0.0
5723,0.0
5724,0.0
5725,0.0
5726,0.0
5727,0.0
5728,0.0
5729,0.0
5730,0.0
5731,0.0
5732,0.0
5733,0.0
5734,0.0
5735,0.0
5736,0.0
5737,0.0
5738,0.0
5739,0.0
5740,0.0
5741,0.0
5742,0.0
5743,0.0
5744,0.0
5745,0.0
5746,0.0
5747,0.0
5748,0.0
5749,0.0
5750,0.0
5751,0.0
5752,0.0
5753,0.0
5754,0.0
5755,0.0
5756,0.0
5757,0.0
5758,0.0
5759,0.0
5760,0.0
5761,0.0
5762,0.0
5763,0.0
5764,0.0
5765,0.0
5766,0.0
5767,0.0
5768,0.0
5769,0.0
5770,0.0
5771,0.0
5772,0.0
5773,0.0
5774,0.0
5775,0.0
5776,0.0
5777,0.0
5778,0.0
5779,0.0
5780,0.0
5781,0.0
5782,0.0
5783,0.0
5784,0.0
5785,0.0
5786,0.0
5787,0.0
5788,0.0
5789,0.0
5790,0.0
5791,0.0
5792,0.0
5793,0.0
5794,0.0
5795,0.0
5796,0.0
5797,0.0029708333333333
5798,0.0059416666666666
5799,0.0089125
5800,0.0118833333333333
5801,0.0148541666666666
5802,0.017825
5803,0.0207958333333333
5804,0.0237666666666666
5805,0.0267374999999999
5806,0.0297083333333333
5807,0.0326791666666666
5808,0.03565
5809,0.0394916666666666
5810,0.0433333333333333
5811,0.0471749999999999
5812,0.0510166666666666
5813,0.0548583333333333
5814,0.0587
5815,0.0625416666666666
5816,0.0663833333333333
5817,0.070225
5818,0.0740666666666666
5819,0.0779083333333333
5820,0.08175
5821,0.0855708333333333
5822,0.0893916666666666
5823,0.0932125
5824,0.0970333333333333
5825,0.1008541666666666
5826,0.1046749999999999
5827,0.1084958333333333
5828,0.1123166666666666
5829,0.1161374999999999
5830,0.1199583333333333
5831,0.1237791666666666
5832,0.1276
5833,0.1330499999999999
5834,0.1385
5835,0.14395
5836,0.1494
5837,0.15485
5838,0.1602999999999999
5839,0.16575
5840,0.1712
5841,0.17665
5842,0.1820999999999999
5843,0.18755
5844,0.193
5845,0.1906541666666666
5846,0.1883083333333333
5847,0.1859625
5848,0.1836166666666666
5849,0.1812708333333333
5850,0.178925
5851,0.1765791666666666
5852,0.1742333333333333
5853,0.1718875
5854,0.1695416666666666
5855,0.1671958333333333
5856,0.16485
5857,0.1701124999999999
5858,0.175375
5859,0.1806374999999999
5860,0.1859
5861,0.1911624999999999
5862,0.196425
5863,0.2016875
5864,0.20695
5865,0.2122125
5866,0.217475
5867,0.2227374999999999
5868,0.228
5869,0.2367916666666666
5870,0.2455833333333333
5871,0.254375
5872,0.2631666666666666
5873,0.2719583333333333
5874,0.28075
5875,0.2895416666666667
5876,0.2983333333333333
5877,0.307125
5878,0.3159166666666667
5879,0.3247083333333333
5880,0.3335
5881,0.3357833333333333
5882,0.3380666666666667
5883,0.34035
5884,0.3426333333333333
5885,0.3449166666666666
5886,0.3472
5887,0.3494833333333333
5888,0.3517666666666666
5889,0.35405
5890,0.3563333333333333
5891,0.3586166666666667
5892,0.3609
5893,0.3698833333333333
5894,0.3788666666666667
5895,0.38785
5896,0.3968333333333333
5897,0.4058166666666666
5898,0.4147999999999999
5899,0.4237833333333333
5900,0.4327666666666666
5901,0.44175
5902,0.4507333333333334
5903,0.4597166666666666
5904,0.4687
5905,0.4703958333333333
5906,0.4720916666666666
5907,0.4737875
5908,0.4754833333333333
5909,0.4771791666666666
5910,0.478875
5911,0.4805708333333333
5912,0.4822666666666667
5913,0.4839625
5914,0.4856583333333333
5915,0.4873541666666667
5916,0.48905
5917,0.4882875
5918,0.487525
5919,0.4867625
5920,0.486
5921,0.4852375
5922,0.484475
5923,0.4837125
5924,0.48295
5925,0.4821875
5926,0.4814249999999999
5927,0.4806625
5928,0.4799
5929,0.465625
5930,0.45135
5931,0.437075
5932,0.4228
5933,0.4085249999999999
5934,0.39425
5935,0.379975
5936,0.3656999999999999
5937,0.351425
5938,0.33715
5939,0.322875
5940,0.3086
5941,0.30435
5942,0.3001
5943,0.29585
5944,0.2916
5945,0.28735
5946,0.2831
5947,0.27885
5948,0.2746
5949,0.27035
5950,0.2661
5951,0.26185
5952,0.2576
5953,0.2506291666666667
5954,0.2436583333333333
5955,0.2366875
5956,0.2297166666666666
5957,0.2227458333333333
5958,0.215775
5959,0.2088041666666666
5960,0.2018333333333333
5961,0.1948625
5962,0.1878916666666666
5963,0.1809208333333333
5964,0.17395
5965,0.16415
5966,0.15435
5967,0.1445499999999999
5968,0.13475
5969,0.1249499999999999
5970,0.1151499999999999
5971,0.10535
5972,0.09555
5973,0.08575
5974,0.07595
5975,0.06615
5976,0.05635
5977,0.0516541666666666
5978,0.0469583333333333
5979,0.0422625
5980,0.0375666666666666
5981,0.0328708333333333
5982,0.028175
5983,0.0234791666666666
5984,0.0187833333333333
5985,0.0140875
5986,0.0093916666666666
5987,0.0046958333333333
5988,0.0
5989,0.0
5990,0.0
5991,0.0
5992,0.0
5993,0.0
5994,0.0
5995,0.0
5996,0.0
5997,0.0
5998,0.0
5999,0.0
6000,0.0
6001,0.0
6002,0.0
6003,0.0
6004,0.0
6005,0.0
6006,0.0
6007,0.0
6008,0.0
6009,0.0
6010,0.0
6011,0.0
6012,0.0
6013,0.0
6014,0.0
6015,0.0
6016,0.0
6017,0.0
6018,0.0
6019,0.0
6020,0.0
6021,0.0
6022,0.0
6023,0.0
6024,0.0
6025,0.0
6026,0.0
6027,0.0
6028,0.0
6029,0.0
6030,0.0
6031,0.0
6032,0.0
6033,0.0
6034,0.0
6035,0.0
6036,0.0
6037,0.0
6038,0.0
6039,0.0
6040,0.0
6041,0.0
6042,0.0
6043,0.0
6044,0.0
6045,0.0
6046,0.0
6047,0.0
6048,0.0
6049,0.0
6050,0.0
6051,0.0
6052,0.0
6053,0.0
6054,0.0
6055,0.0
6056,0.0
6057,0.0
6058,0.0
6059,0.0
6060,0.0
6061,0.0
6062,0.0
6063,0.0
6064,0.0
6065,0.0
6066,0.0
6067,0.0
6068,0.0
6069,0.0
6070,0.0
6071,0.0
6072,0.0
6073,0.0002749999999999
6074,0.0005499999999999
6075,0.000825
6076,0.0010999999999999
6077,0.0013749999999999
6078,0.00165
6079,0.0019249999999999
6080,0.0021999999999999
6081,0.0024749999999999
6082,0.0027499999999999
6083,0.0030249999999999
6084,0.0033
6085,0.0052749999999999
6086,0.00725
6087,0.0092249999999999
6088,0.0112
6089,0.013175
6090,0.0151499999999999
6091,0.017125
6092,0.0191
6093,0.021075
6094,0.0230499999999999
6095,0.025025
6096,0.027
6097,0.0313666666666666
6098,0.0357333333333333
6099,0.0401
6100,0.0444666666666666
6101,0.0488333333333333
6102,0.0532
6103,0.0575666666666666
6104,0.0619333333333333
6105,0.0663
6106,0.0706666666666666
6107,0.0750333333333333
6108,0.0794
6109,0.086125
6110,0.09285
6111,0.099575
6112,0.1063
6113,0.113025
6114,0.11975
6115,0.126475
6116,0.1332
6117,0.139925
6118,0.14665
6119,0.153375
6120,0.1601
6121,0.1645708333333333
6122,0.1690416666666666
6123,0.1735125
6124,0.1779833333333333
6125,0.1824541666666666
6126,0.186925
6127,0.1913958333333333
6128,0.1958666666666666
6129,0.2003375
6130,0.2048083333333333
6131,0.2092791666666666
6132,0.21375
6133,0.223675
6134,0.2336
6135,0.243525
6136,0.25345
6137,0.263375
6138,0.2733
6139,0.283225
6140,0.29315
6141,0.303075
6142,0.313
6143,0.322925
6144,0.33285
6145,0.3416916666666666
6146,0.3505333333333333
6147,0.359375
6148,0.3682166666666667
6149,0.3770583333333333
6150,0.3858999999999999
6151,0.3947416666666666
6152,0.4035833333333333
6153,0.412425
6154,0.4212666666666667
6155,0.4301083333333333
6156,0.43895
6157,0.4496125
6158,0.460275
6159,0.4709375
6160,0.4816
6161,0.4922625
6162,0.5029250000000001
6163,0.5135875
6164,0.52425
6165,0.5349125
6166,0.5455749999999999
6167,0.5562374999999999
6168,0.5669
6169,0.5768833333333333
6170,0.5868666666666666
6171,0.59685
6172,0.6068333333333333
6173,0.6168166666666667
6174,0.6268
6175,0.6367833333333333
6176,0.6467666666666666
6177,0.65675
6178,0.6667333333333334
6179,0.6767166666666667
6180,0.6867000000000001
6181,0.6821
6182,0.6775
6183,0.6728999999999999
6184,0.6683000000000001
6185,0.6637000000000001
6186,0.6591
6187,0.6545
6188,0.6498999999999999
6189,0.6453
6190,0.6407
6191,0.6361
6192,0.6315
6193,0.6266708333333334
6194,0.6218416666666667
6195,0.6170125000000001
6196,0.6121833333333333
6197,0.6073541666666666
6198,0.602525
6199,0.5976958333333333
6200,0.5928666666666667
6201,0.5880375
6202,0.5832083333333332
6203,0.5783791666666666
6204,0.57355
6205,0.5567166666666666
6206,0.5398833333333333
6207,0.5230499999999999
6208,0.5062166666666666
6209,0.4893833333333333
6210,0.4725499999999999
6211,0.4557166666666666
6212,0.4388833333333333
6213,0.42205
6214,0.4052166666666666
6215,0.3883833333333333
6216,0.3715499999999999
6217,0.3738083333333333
6218,0.3760666666666666
6219,0.3783249999999999
6220,0.3805833333333333
6221,0.3828416666666666
6222,0.3850999999999999
6223,0.3873583333333333
6224,0.3896166666666666
6225,0.3918749999999999
6226,0.3941333333333333
6227,0.3963916666666666
6228,0.39865
6229,0.3911208333333333
6230,0.3835916666666666
6231,0.3760625
6232,0.3685333333333333
6233,0.3610041666666667
6234,0.353475
6235,0.3459458333333333
6236,0.3384166666666667
6237,0.3308875
6238,0.3233583333333333
6239,0.3158291666666666
6240,0.3083
6241,0.2998416666666667
6242,0.2913833333333333
6243,0.282925
6244,0.2744666666666667
6245,0.2660083333333333
6246,0.25755
6247,0.2490916666666666
6248,0.2406333333333333
6249,0.232175
6250,0.2237166666666666
6251,0.2152583333333333
6252,0.2068
6253,0.1964166666666666
6254,0.1860333333333333
6255,0.17565
6256,0.1652666666666666
6257,0.1548833333333333
6258,0.1445
6259,0.1341166666666666
6260,0.1237333333333333
6261,0.1133499999999999
6262,0.1029666666666666
6263,0.0925833333333333
6264,0.0822
6265,0.07535
6266,0.0685
6267,0.0616499999999999
6268,0.0547999999999999
6269,0.04795
6270,0.0411
6271,0.03425
6272,0.0273999999999999
6273,0.02055
6274,0.0136999999999999
6275,0.0068499999999999
6276,0.0
6277,0.0
6278,0.0
6279,0.0
6280,0.0
6281,0.0
6282,0.0
6283,0.0
6284,0.0
6285,0.0
6286,0.0
6287,0.0
6288,0.0
6289,0.0
6290,0.0
6291,0.0
6292,0.0
6293,0.0
6294,0.0
6295,0.0
6296,0.0
6297,0.0
6298,0.0
6299,0.0
6300,0.0
6301,0.0
6302,0.0
6303,0.0
6304,0.0
6305,0.0
6306,0.0
6307,0.0
6308,0.0
6309,0.0
6310,0.0
6311,0.0
6312,0.0
6313,0.0
6314,0.0
6315,0.0
6316,0.0
6317,0.0
6318,0.0
6319,0.0
6320,0.0
6321,0.0
6322,0.0
6323,0.0
6324,0.0
6325,0.0
6326,0.0
6327,0.0
6328,0.0
6329,0.0
6330,0.0
6331,0.0
6332,0.0
6333,0.0
6334,0.0
6335,0.0
6336,0.0
6337,0.0
6338,0.0
6339,0.0
6340,0.0
6341,0.0
6342,0.0
6343,0.0
6344,0.0
6345,0.0
6346,0.0
6347,0.0
6348,0.0
6349,0.0
6350,0.0
6351,0.0
6352,0.0
6353,0.0
6354,0.0
6355,0.0
6356,0.0
6357,0.0
6358,0.0
6359,0.0
6360,0.0
6361,0.0004375
6362,0.000875
6363,0.0013125
6364,0.00175
6365,0.0021875
6366,0.002625
6367,0.0030625
6368,0.0035
6369,0.0039375
6370,0.004375
6371,0.0048125
6372,0.00525
6373,0.0111083333333333
6374,0.0169666666666666
6375,0.0228249999999999
6376,0.0286833333333333
6377,0.0345416666666666
6378,0.0404
6379,0.0462583333333333
6380,0.0521166666666666
6381,0.057975
6382,0.0638333333333333
6383,0.0696916666666666
6384,0.0755499999999999
6385,0.0859416666666666
6386,0.0963333333333333
6387,0.106725
6388,0.1171166666666666
6389,0.1275083333333333
6390,0.1379
6391,0.1482916666666666
6392,0.1586833333333333
6393,0.169075
6394,0.1794666666666666
6395,0.1898583333333333
6396,0.20025
6397,0.2115958333333333
6398,0.2229416666666666
6399,0.2342874999999999
6400,0.2456333333333333
6401,0.2569791666666666
6402,0.268325
6403,0.2796708333333333
6404,0.2910166666666666
6405,0.3023625
6406,0.3137083333333333
6407,0.3250541666666667
6408,0.3364
6409,0.3481541666666666
6410,0.3599083333333333
6411,0.3716624999999999
6412,0.3834166666666667
6413,0.3951708333333333
6414,0.406925
6415,0.4186791666666666
6416,0.4304333333333333
6417,0.4421875
6418,0.4539416666666667
6419,0.4656958333333333
6420,0.47745
6421,0.4876
6422,0.4977500000000001
6423,0.5079
6424,0.5180500000000001
6425,0.5282
6426,0.53835
6427,0.5485
6428,0.55865
6429,0.5688000000000001
6430,0.5789500000000001
6431,0.5891000000000001
6432,0.59925
6433,0.6065133333333333
6434,0.6137766666666666
6435,0.6210399999999999
6436,0.6283033333333333
6437,0.6355666666666666
6438,0.64283
6439,0.6500933333333334
6440,0.6573566666666667
6441,0.66462
6442,0.6718833333333333
6443,0.6791466666666667
6444,0.68641
6445,0.6958683333333333
6446,0.7053266666666665
6447,0.714785
6448,0.7242433333333334
6449,0.7337016666666666
6450,0.7431599999999999
6451,0.7526183333333334
6452,0.7620766666666666
6453,0.771535
6454,0.7809933333333333
6455,0.7904516666666666
6456,0.79991
6457,0.7955766666666666
6458,0.7912433333333333
6459,0.78691
6460,0.7825766666666666
6461,0.7782433333333333
6462,0.77391
6463,0.7695766666666666
6464,0.7652433333333334
6465,0.76091
6466,0.7565766666666666
6467,0.7522433333333334
6468,0.74791
6469,0.7420258333333333
6470,0.7361416666666667
6471,0.7302574999999999
6472,0.7243733333333333
6473,0.7184891666666666
6474,0.7126049999999999
6475,0.7067208333333334
6476,0.7008366666666666
6477,0.6949525
6478,0.6890683333333333
6479,0.6831841666666667
6480,0.6772999999999999
6481,0.6638208333333333
6482,0.6503416666666666
6483,0.6368625
6484,0.6233833333333333
6485,0.6099041666666666
6486,0.596425
6487,0.5829458333333333
6488,0.5694666666666666
6489,0.5559875
6490,0.5425083333333334
6491,0.5290291666666666
6492,0.51555
6493,0.5140999999999999
6494,0.5126499999999999
6495,0.5111999999999999
6496,0.5097499999999999
6497,0.5083
6498,0.5068499999999999
6499,0.5054
6500,0.50395
6501,0.5025
6502,0.50105
6503,0.4996
6504,0.49815
6505,0.4876416666666666
6506,0.4771333333333333
6507,0.466625
6508,0.4561166666666666
6509,0.4456083333333333
6510,0.4351
6511,0.4245916666666666
6512,0.4140833333333333
6513,0.4035749999999999
6514,0.3930666666666666
6515,0.3825583333333333
6516,0.3720499999999999
6517,0.3697333333333333
6518,0.3674166666666666
6519,0.3651
6520,0.3627833333333333
6521,0.3604666666666666
6522,0.3581499999999999
6523,0.3558333333333333
6524,0.3535166666666666
6525,0.3512
6526,0.3488833333333333
6527,0.3465666666666667
6528,0.34425
6529,0.3319958333333333
6530,0.3197416666666667
6531,0.3074875
6532,0.2952333333333333
6533,0.2829791666666666
6534,0.270725
6535,0.2584708333333333
6536,0.2462166666666666
6537,0.2339625
6538,0.2217083333333333
6539,0.2094541666666666
6540,0.1972
6541,0.1875791666666666
6542,0.1779583333333333
6543,0.1683375
6544,0.1587166666666666
6545,0.1490958333333333
6546,0.139475
6547,0.1298541666666666
6548,0.1202333333333333
6549,0.1106125
6550,0.1009916666666666
6551,0.0913708333333333
6552,0.08175
6553,0.0754125
6554,0.069075
6555,0.0627375
6556,0.0564
6557,0.0500625
6558,0.043725
6559,0.0373875
6560,0.03105
6561,0.0247125
6562,0.018375
6563,0.0120375
6564,0.0057
6565,0.005225
6566,0.00475
6567,0.004275
6568,0.0038
6569,0.003325
6570,0.00285
6571,0.002375
6572,0.0019
6573,0.0014249999999999
6574,0.0009499999999999
6575,0.0004749999999999
6576,0.0
6577,0.0
6578,0.0
6579,0.0
6580,0.0
6581,0.0
6582,0.0
6583,0.0
6584,0.0
6585,0.0
6586,0.0
6587,0.0
6588,0.0
6589,0.0
6590,0.0
6591,0.0
6592,0.0
6593,0.0
6594,0.0
6595,0.0
6596,0.0
6597,0.0
6598,0.0
6599,0.0
6600,0.0
6601,0.0
6602,0.0
6603,0.0
6604,0.0
6605,0.0
6606,0.0
6607,0.0
6608,0.0
6609,0.0
6610,0.0
6611,0.0
6612,0.0
6613,0.0
6614,0.0
6615,0.0
6616,0.0
6617,0.0
6618,0.0
6619,0.0
6620,0.0
6621,0.0
6622,0.0
6623,0.0
6624,0.0
6625,0.0
6626,0.0
6627,0.0
6628,0.0
6629,0.0
6630,0.0
6631,0.0
6632,0.0
6633,0.0
6634,0.0
6635,0.0
6636,0.0
6637,0.0
6638,0.0
6639,0.0
6640,0.0
6641,0.0
6642,0.0
6643,0.0
6644,0.0
6645,0.0
6646,0.0
6647,0.0
6648,0.0
6649,0.0005208333333333
6650,0.0010416666666666
6651,0.0015625
6652,0.0020833333333333
6653,0.0026041666666666
6654,0.003125
6655,0.0036458333333333
6656,0.0041666666666666
6657,0.0046875
6658,0.0052083333333333
6659,0.0057291666666666
6660,0.00625
6661,0.0108708333333333
6662,0.0154916666666666
6663,0.0201125
6664,0.0247333333333333
6665,0.0293541666666666
6666,0.033975
6667,0.0385958333333333
6668,0.0432166666666666
6669,0.0478375
6670,0.0524583333333333
6671,0.0570791666666666
6672,0.0617
6673,0.0682625
6674,0.074825
6675,0.0813875
6676,0.08795
6677,0.0945125
6678,0.101075
6679,0.1076375
6680,0.1141999999999999
6681,0.1207625
6682,0.127325
6683,0.1338875
6684,0.14045
6685,0.1588833333333333
6686,0.1773166666666666
6687,0.19575
6688,0.2141833333333333
6689,0.2326166666666666
6690,0.25105
6691,0.2694833333333333
6692,0.2879166666666666
6693,0.3063499999999999
6694,0.3247833333333333
6695,0.3432166666666666
6696,0.3616499999999999
6697,0.3740666666666666
6698,0.3864833333333333
6699,0.3989
6700,0.4113166666666666
6701,0.4237333333333333
6702,0.43615
6703,0.4485666666666666
6704,0.4609833333333333
6705,0.4734
6706,0.4858166666666667
6707,0.4982333333333333
6708,0.51065
6709,0.5216666666666667
6710,0.5326833333333334
6711,0.5437000000000001
6712,0.5547166666666667
6713,0.5657333333333333
6714,0.57675
6715,0.5877666666666667
6716,0.5987833333333333
6717,0.6098000000000001
6718,0.6208166666666667
6719,0.6318333333333334
6720,0.64285
6721,0.6509633333333333
6722,0.6590766666666668
6723,0.6671900000000001
6724,0.6753033333333334
6725,0.6834166666666668
6726,0.6915300000000001
6727,0.6996433333333333
6728,0.7077566666666667
6729,0.71587
6730,0.7239833333333333
6731,0.7320966666666667
6732,0.74021
6733,0.7337433333333333
6734,0.7272766666666667
6735,0.7208100000000001
6736,0.7143433333333333
6737,0.7078766666666667
6738,0.7014100000000001
6739,0.6949433333333334
6740,0.6884766666666667
6741,0.68201
6742,0.6755433333333333
6743,0.6690766666666668
6744,0.66261
6745,0.6687391666666668
6746,0.6748683333333333
6747,0.6809975
6748,0.6871266666666667
6749,0.6932558333333334
6750,0.6993850000000001
6751,0.7055141666666667
6752,0.7116433333333334
6753,0.7177725
6754,0.7239016666666668
6755,0.7300308333333334
6756,0.73616
6757,0.7367850000000001
6758,0.7374100000000001
6759,0.7380350000000001
6760,0.7386600000000001
6761,0.7392850000000001
6762,0.7399100000000001
6763,0.7405349999999999
6764,0.7411599999999999
6765,0.7417849999999999
6766,0.74241
6767,0.743035
6768,0.74366
6769,0.7453974999999999
6770,0.747135
6771,0.7488724999999999
6772,0.75061
6773,0.7523475
6774,0.7540849999999999
6775,0.7558225
6776,0.7575599999999999
6777,0.7592975
6778,0.761035
6779,0.7627725000000001
6780,0.76451
6781,0.7553425
6782,0.7461749999999999
6783,0.7370075
6784,0.72784
6785,0.7186725
6786,0.7095049999999999
6787,0.7003375
6788,0.69117
6789,0.6820025000000001
6790,0.6728350000000001
6791,0.6636675
6792,0.6545
6793,0.6433125
6794,0.632125
6795,0.6209375
6796,0.60975
6797,0.5985625
6798,0.587375
6799,0.5761875
6800,0.565
6801,0.5538125
6802,0.542625
6803,0.5314375
6804,0.52025
6805,0.5074541666666667
6806,0.4946583333333333
6807,0.4818625
6808,0.4690666666666667
6809,0.4562708333333333
6810,0.443475
6811,0.4306791666666666
6812,0.4178833333333333
6813,0.4050875
6814,0.3922916666666666
6815,0.3794958333333333
6816,0.3666999999999999
6817,0.3538541666666666
6818,0.3410083333333333
6819,0.3281625
6820,0.3153166666666667
6821,0.3024708333333333
6822,0.289625
6823,0.2767791666666667
6824,0.2639333333333333
6825,0.2510875
6826,0.2382416666666666
6827,0.2253958333333333
6828,0.21255
6829,0.2011875
6830,0.189825
6831,0.1784625
6832,0.1671
6833,0.1557375
6834,0.144375
6835,0.1330124999999999
6836,0.12165
6837,0.1102875
6838,0.0989249999999999
6839,0.0875624999999999
6840,0.0761999999999999
6841,0.0703124999999999
6842,0.0644249999999999
6843,0.0585374999999999
6844,0.0526499999999999
6845,0.0467624999999999
6846,0.0408749999999999
6847,0.0349875
6848,0.0290999999999999
6849,0.0232124999999999
6850,0.0173249999999999
6851,0.0114374999999999
6852,0.00555
6853,0.0050874999999999
6854,0.004625
6855,0.0041624999999999
6856,0.0037
6857,0.0032375
6858,0.002775
6859,0.0023125
6860,0.00185
6861,0.0013875
6862,0.000925
6863,0.0004625
6864,0.0
6865,0.0
6866,0.0
6867,0.0
6868,0.0
6869,0.0
6870,0.0
6871,0.0
6872,0.0
6873,0.0
6874,0.0
6875,0.0
6876,0.0
6877,0.0
6878,0.0
6879,0.0
6880,0.0
6881,0.0
6882,0.0
6883,0.0
6884,0.0
6885,0.0
6886,0.0
6887,0.0
6888,0.0
6889,0.0
6890,0.0
6891,0.0
6892,0.0
6893,0.0
6894,0.0
6895,0.0
6896,0.0
6897,0.0
6898,0.0
6899,0.0
6900,0.0
6901,0.0
6902,0.0
6903,0.0
6904,0.0
6905,0.0
6906,0.0
6907,0.0
6908,0.0
6909,0.0
6910,0.0
6911,0.0
6912,0.0
6913,0.0
6914,0.0
6915,0.0
6916,0.0
6917,0.0
6918,0.0
6919,0.0
6920,0.0
6921,0.0
6922,0.0
6923,0.0
6924,0.0
6925,0.0
6926,0.0
6927,0.0
6928,0.0
6929,0.0
6930,0.0
6931,0.0
6932,0.0
6933,0.0
6934,0.0
6935,0.0
6936,0.0
6937,0.0003666666666666
6938,0.0007333333333333
6939,0.0011
6940,0.0014666666666666
6941,0.0018333333333333
6942,0.0022
6943,0.0025666666666666
6944,0.0029333333333333
6945,0.0033
6946,0.0036666666666666
6947,0.0040333333333333
6948,0.0044
6949,0.00755
6950,0.0107
6951,0.01385
6952,0.017
6953,0.0201499999999999
6954,0.0233
6955,0.0264499999999999
6956,0.0296
6957,0.03275
6958,0.0359
6959,0.0390499999999999
6960,0.0421999999999999
6961,0.0471416666666666
6962,0.0520833333333333
6963,0.057025
6964,0.0619666666666666
6965,0.0669083333333333
6966,0.07185
6967,0.0767916666666666
6968,0.0817333333333333
6969,0.086675
6970,0.0916166666666666
6971,0.0965583333333333
6972,0.1015
6973,0.1109125
6974,0.120325
6975,0.1297375
6976,0.13915
6977,0.1485625
6978,0.157975
6979,0.1673875
6980,0.1768
6981,0.1862125
6982,0.195625
6983,0.2050374999999999
6984,0.21445
6985,0.2232875
6986,0.232125
6987,0.2409624999999999
6988,0.2498
6989,0.2586374999999999
6990,0.2674749999999999
6991,0.2763125
6992,0.2851499999999999
6993,0.2939875
6994,0.302825
6995,0.3116624999999999
6996,0.3205
6997,0.3232041666666666
6998,0.3259083333333333
6999,0.3286125
7000,0.3313166666666666
7001,0.3340208333333333
7002,0.336725
7003,0.3394291666666666
7004,0.3421333333333333
7005,0.3448374999999999
7006,0.3475416666666666
7007,0.3502458333333333
7008,0.35295
7009,0.3601291666666666
7010,0.3673083333333333
7011,0.3744875
7012,0.3816666666666667
7013,0.3888458333333333
7014,0.396025
7015,0.4032041666666666
7016,0.4103833333333333
7017,0.4175625
7018,0.4247416666666667
7019,0.4319208333333333
7020,0.4391
7021,0.4452208333333333
7022,0.4513416666666667
7023,0.4574625
7024,0.4635833333333333
7025,0.4697041666666666
7026,0.475825
7027,0.4819458333333333
7028,0.4880666666666666
7029,0.4941874999999999
7030,0.5003083333333332
7031,0.5064291666666666
7032,0.51255
7033,0.5195666666666666
7034,0.5265833333333333
7035,0.5336
7036,0.5406166666666666
7037,0.5476333333333333
7038,0.55465
7039,0.5616666666666666
7040,0.5686833333333333
7041,0.5756999999999999
7042,0.5827166666666667
7043,0.5897333333333333
7044,0.59675
7045,0.5966875
7046,0.596625
7047,0.5965625
7048,0.5965
7049,0.5964375
7050,0.596375
7051,0.5963125
7052,0.59625
7053,0.5961875
7054,0.596125
7055,0.5960625
7056,0.596
7057,0.5867041666666667
7058,0.5774083333333333
7059,0.5681124999999999
7060,0.5588166666666666
7061,0.5495208333333333
7062,0.5402250000000001
7063,0.5309291666666667
7064,0.5216333333333333
7065,0.5123375
7066,0.5030416666666666
7067,0.4937458333333333
7068,0.48445
7069,0.4789541666666666
7070,0.4734583333333333
7071,0.4679625
7072,0.4624666666666666
7073,0.4569708333333333
7074,0.4514749999999999
7075,0.4459791666666667
7076,0.4404833333333333
7077,0.4349875
7078,0.4294916666666666
7079,0.4239958333333333
7080,0.4185
7081,0.4159624999999999
7082,0.413425
7083,0.4108874999999999
7084,0.40835
7085,0.4058125
7086,0.403275
7087,0.4007374999999999
7088,0.3982
7089,0.3956625
7090,0.3931249999999999
7091,0.3905875
7092,0.3880499999999999
7093,0.3839666666666666
7094,0.3798833333333333
7095,0.3757999999999999
7096,0.3717166666666666
7097,0.3676333333333333
7098,0.3635499999999999
7099,0.3594666666666666
7100,0.3553833333333333
7101,0.3513
7102,0.3472166666666667
7103,0.3431333333333333
7104,0.33905
7105,0.3281083333333333
7106,0.3171666666666667
7107,0.306225
7108,0.2952833333333333
7109,0.2843416666666667
7110,0.2734
7111,0.2624583333333333
7112,0.2515166666666666
7113,0.2405749999999999
7114,0.2296333333333333
7115,0.2186916666666666
7116,0.20775
7117,0.19695
7118,0.18615
7119,0.17535
7120,0.16455
7121,0.15375
7122,0.14295
7123,0.13215
7124,0.12135
7125,0.11055
7126,0.09975
7127,0.08895
7128,0.07815
7129,0.0721833333333333
7130,0.0662166666666666
7131,0.06025
7132,0.0542833333333333
7133,0.0483166666666666
7134,0.04235
7135,0.0363833333333333
7136,0.0304166666666666
7137,0.0244499999999999
7138,0.0184833333333333
7139,0.0125166666666666
7140,0.0065499999999999
7141,0.0060041666666666
7142,0.0054583333333333
7143,0.0049124999999999
7144,0.0043666666666666
7145,0.0038208333333333
7146,0.003275
7147,0.0027291666666666
7148,0.0021833333333333
7149,0.0016375
7150,0.0010916666666666
7151,0.0005458333333333
7152,0.0
7153,0.0
7154,0.0
7155,0.0
7156,0.0
7157,0.0
7158,0.0
7159,0.0
7160,0.0
7161,0.0
7162,0.0
7163,0.0
7164,0.0
7165,0.0
7166,0.0
7167,0.0
7168,0.0
7169,0.0
7170,0.0
7171,0.0
7172,0.0
7173,0.0
7174,0.0
7175,0.0
7176,0.0
7177,0.0
7178,0.0
7179,0.0
7180,0.0
7181,0.0
7182,0.0
7183,0.0
7184,0.0
7185,0.0
7186,0.0
7187,0.0
7188,0.0
7189,0.0
7190,0.0
7191,0.0
7192,0.0
7193,0.0
7194,0.0
7195,0.0
7196,0.0
7197,0.0
7198,0.0
7199,0.0
7200,0.0
7201,0.0
7202,0.0
7203,0.0
7204,0.0
7205,0.0
7206,0.0
7207,0.0
7208,0.0
7209,0.0
7210,0.0
7211,0.0
7212,0.0
7213,0.0
7214,0.0
7215,0.0
7216,0.0
7217,0.0
7218,0.0
7219,0.0
7220,0.0
7221,0.0
7222,0.0
7223,0.0
7224,0.0
7225,0.0005041666666666
7226,0.0010083333333333
7227,0.0015125
7228,0.0020166666666666
7229,0.0025208333333333
7230,0.003025
7231,0.0035291666666666
7232,0.0040333333333333
7233,0.0045375
7234,0.0050416666666666
7235,0.0055458333333333
7236,0.00605
7237,0.0094333333333333
7238,0.0128166666666666
7239,0.0162
7240,0.0195833333333333
7241,0.0229666666666666
7242,0.02635
7243,0.0297333333333333
7244,0.0331166666666666
7245,0.0365
7246,0.0398833333333333
7247,0.0432666666666666
7248,0.04665
7249,0.0470499999999999
7250,0.04745
7251,0.04785
7252,0.04825
7253,0.04865
7254,0.0490499999999999
7255,0.04945
7256,0.04985
7257,0.05025
7258,0.05065
7259,0.05105
7260,0.05145
7261,0.056
7262,0.06055
7263,0.0651
7264,0.06965
7265,0.0742
7266,0.07875
7267,0.0833
7268,0.08785
7269,0.0924
7270,0.09695
7271,0.1015
7272,0.1060499999999999
7273,0.1151416666666666
7274,0.1242333333333333
7275,0.133325
7276,0.1424166666666666
7277,0.1515083333333333
7278,0.1606
7279,0.1696916666666666
7280,0.1787833333333333
7281,0.1878749999999999
7282,0.1969666666666666
7283,0.2060583333333333
7284,0.2151499999999999
7285,0.2318666666666666
7286,0.2485833333333333
7287,0.2653
7288,0.2820166666666666
7289,0.2987333333333333
7290,0.31545
7291,0.3321666666666666
7292,0.3488833333333333
7293,0.3656
7294,0.3823166666666666
7295,0.3990333333333333
7296,0.41575
7297,0.4176916666666667
7298,0.4196333333333333
7299,0.421575
7300,0.4235166666666666
7301,0.4254583333333333
7302,0.4274
7303,0.4293416666666667
7304,0.4312833333333333
7305,0.433225
7306,0.4351666666666667
7307,0.4371083333333333
7308,0.43905
7309,0.4375958333333333
7310,0.4361416666666666
7311,0.4346875
7312,0.4332333333333333
7313,0.4317791666666666
7314,0.430325
7315,0.4288708333333333
7316,0.4274166666666666
7317,0.4259624999999999
7318,0.4245083333333333
7319,0.4230541666666666
7320,0.4216
7321,0.4188874999999999
7322,0.4161749999999999
7323,0.4134624999999999
7324,0.41075
7325,0.4080374999999999
7326,0.405325
7327,0.4026125
7328,0.3999
7329,0.3971875
7330,0.394475
7331,0.3917625
7332,0.38905
7333,0.3856041666666667
7334,0.3821583333333334
7335,0.3787125
7336,0.3752666666666666
7337,0.3718208333333333
7338,0.368375
7339,0.3649291666666667
7340,0.3614833333333333
7341,0.3580375
7342,0.3545916666666666
7343,0.3511458333333333
7344,0.3477
7345,0.3398208333333333
7346,0.3319416666666667
7347,0.3240625
7348,0.3161833333333333
7349,0.3083041666666666
7350,0.300425
7351,0.2925458333333333
7352,0.2846666666666667
7353,0.2767875
7354,0.2689083333333333
7355,0.2610291666666666
7356,0.25315
7357,0.2563541666666666
7358,0.2595583333333333
7359,0.2627625
7360,0.2659666666666667
7361,0.2691708333333333
7362,0.272375
7363,0.2755791666666667
7364,0.2787833333333334
7365,0.2819875
7366,0.2851916666666667
7367,0.2883958333333333
7368,0.2916
7369,0.2843583333333333
7370,0.2771166666666667
7371,0.269875
7372,0.2626333333333333
7373,0.2553916666666667
7374,0.24815
7375,0.2409083333333333
7376,0.2336666666666667
7377,0.226425
7378,0.2191833333333333
7379,0.2119416666666667
7380,0.2047
7381,0.1939583333333333
7382,0.1832166666666666
7383,0.172475
7384,0.1617333333333333
7385,0.1509916666666666
7386,0.14025
7387,0.1295083333333333
7388,0.1187666666666666
7389,0.108025
7390,0.0972833333333333
7391,0.0865416666666666
7392,0.0757999999999999
7393,0.0730958333333333
7394,0.0703916666666666
7395,0.0676875
7396,0.0649833333333333
7397,0.0622791666666666
7398,0.059575
7399,0.0568708333333333
7400,0.0541666666666666
7401,0.0514625
7402,0.0487583333333333
7403,0.0460541666666666
7404,0.04335
7405,0.0408833333333333
7406,0.0384166666666666
7407,0.03595
7408,0.0334833333333333
7409,0.0310166666666666
7410,0.02855
7411,0.0260833333333333
7412,0.0236166666666666
7413,0.02115
7414,0.0186833333333333
7415,0.0162166666666666
7416,0.01375
7417,0.0128875
7418,0.012025
7419,0.0111624999999999
7420,0.0103
7421,0.0094375
7422,0.008575
7423,0.0077125
7424,0.00685
7425,0.0059875
7426,0.005125
7427,0.0042625
7428,0.0034
7429,0.0031166666666666
7430,0.0028333333333333
7431,0.0025499999999999
7432,0.0022666666666666
7433,0.0019833333333333
7434,0.0017
7435,0.0014166666666666
7436,0.0011333333333333
7437,0.00085
7438,0.0005666666666666
7439,0.0002833333333333
7440,0.0
7441,0.0
7442,0.0
7443,0.0
7444,0.0
7445,0.0
7446,0.0
7447,0.0
7448,0.0
7449,0.0
7450,0.0
7451,0.0
7452,0.0
7453,0.0
7454,0.0
7455,0.0
7456,0.0
7457,0.0
7458,0.0
7459,0.0
7460,0.0
7461,0.0
7462,0.0
7463,0.0
7464,0.0
7465,0.0
7466,0.0
7467,0.0
7468,0.0
7469,0.0
7470,0.0
7471,0.0
7472,0.0
7473,0.0
7474,0.0
7475,0.0
7476,0.0
7477,0.0
7478,0.0
7479,0.0
7480,0.0
7481,0.0
7482,0.0
7483,0.0
7484,0.0
7485,0.0
7486,0.0
7487,0.0
7488,0.0
7489,0.0
7490,0.0
7491,0.0
7492,0.0
7493,0.0
7494,0.0
7495,0.0
7496,0.0
7497,0.0
7498,0.0
7499,0.0
7500,0.0
7501,0.0
7502,0.0
7503,0.0
7504,0.0
7505,0.0
7506,0.0
7507,0.0
7508,0.0
7509,0.0
7510,0.0
7511,0.0
7512,0.0
7513,0.0005791666666666
7514,0.0011583333333333
7515,0.0017375
7516,0.0023166666666666
7517,0.0028958333333333
7518,0.003475
7519,0.0040541666666666
7520,0.0046333333333333
7521,0.0052125
7522,0.0057916666666666
7523,0.0063708333333333
7524,0.00695
7525,0.0137291666666666
7526,0.0205083333333333
7527,0.0272875
7528,0.0340666666666666
7529,0.0408458333333333
7530,0.0476249999999999
7531,0.0544041666666666
7532,0.0611833333333333
7533,0.0679625
7534,0.0747416666666666
7535,0.0815208333333333
7536,0.0883
7537,0.0993666666666666
7538,0.1104333333333333
7539,0.1215
7540,0.1325666666666666
7541,0.1436333333333333
7542,0.1547
7543,0.1657666666666666
7544,0.1768333333333333
7545,0.1879
7546,0.1989666666666666
7547,0.2100333333333333
7548,0.2211
7549,0.2332208333333333
7550,0.2453416666666666
7551,0.2574625
7552,0.2695833333333333
7553,0.2817041666666666
7554,0.293825
7555,0.3059458333333333
7556,0.3180666666666666
7557,0.3301875
7558,0.3423083333333333
7559,0.3544291666666667
7560,0.36655
7561,0.375875
7562,0.3852
7563,0.3945249999999999
7564,0.40385
7565,0.413175
7566,0.4225
7567,0.431825
7568,0.44115
7569,0.4504749999999999
7570,0.4598
7571,0.469125
7572,0.47845
7573,0.4839708333333333
7574,0.4894916666666666
7575,0.4950124999999999
7576,0.5005333333333334
7577,0.5060541666666667
7578,0.511575
7579,0.5170958333333333
7580,0.5226166666666667
7581,0.5281375
7582,0.5336583333333335
7583,0.5391791666666667
7584,0.5447000000000001
7585,0.5527833333333334
7586,0.5608666666666666
7587,0.5689500000000001
7588,0.5770333333333334
7589,0.5851166666666667
7590,0.5932000000000001
7591,0.6012833333333334
7592,0.6093666666666667
7593,0.61745
7594,0.6255333333333334
7595,0.6336166666666667
7596,0.6417
7597,0.6374875000000001
7598,0.6332750000000001
7599,0.6290625000000001
7600,0.62485
7601,0.6206375000000001
7602,0.6164250000000001
7603,0.6122125
7604,0.6080000000000001
7605,0.6037875000000001
7606,0.5995750000000001
7607,0.5953625
7608,0.5911500000000001
7609,0.5958958333333334
7610,0.6006416666666667
7611,0.6053875000000001
7612,0.6101333333333333
7613,0.6148791666666668
7614,0.619625
7615,0.6243708333333333
7616,0.6291166666666667
7617,0.6338625
7618,0.6386083333333332
7619,0.6433541666666667
7620,0.6480999999999999
7621,0.6379374999999999
7622,0.6277749999999999
7623,0.6176125
7624,0.6074499999999999
7625,0.5972874999999999
7626,0.587125
7627,0.5769624999999999
7628,0.5668
7629,0.5566374999999999
7630,0.5464749999999999
7631,0.5363125
7632,0.52615
7633,0.5134125
7634,0.500675
7635,0.4879374999999999
7636,0.4752
7637,0.4624625
7638,0.449725
7639,0.4369875
7640,0.4242499999999999
7641,0.4115124999999999
7642,0.398775
7643,0.3860375
7644,0.3732999999999999
7645,0.3651708333333333
7646,0.3570416666666666
7647,0.3489124999999999
7648,0.3407833333333333
7649,0.3326541666666666
7650,0.3245249999999999
7651,0.3163958333333333
7652,0.3082666666666666
7653,0.3001375
7654,0.2920083333333333
7655,0.2838791666666667
7656,0.27575
7657,0.2770791666666666
7658,0.2784083333333333
7659,0.2797375
7660,0.2810666666666667
7661,0.2823958333333333
7662,0.283725
7663,0.2850541666666666
7664,0.2863833333333333
7665,0.2877125
7666,0.2890416666666666
7667,0.2903708333333333
7668,0.2917
7669,0.2915125
7670,0.291325
7671,0.2911375
7672,0.29095
7673,0.2907625
7674,0.290575
7675,0.2903875
7676,0.2902
7677,0.2900125
7678,0.289825
7679,0.2896375
7680,0.28945
7681,0.2800333333333333
7682,0.2706166666666666
7683,0.2612
7684,0.2517833333333333
7685,0.2423666666666666
7686,0.23295
7687,0.2235333333333333
7688,0.2141166666666666
7689,0.2047
7690,0.1952833333333333
7691,0.1858666666666666
7692,0.17645
7693,0.1659375
7694,0.1554249999999999
7695,0.1449125
7696,0.1343999999999999
7697,0.1238874999999999
7698,0.113375
7699,0.1028625
7700,0.0923499999999999
7701,0.0818375
7702,0.0713249999999999
7703,0.0608125
7704,0.0503
7705,0.0466666666666666
7706,0.0430333333333333
7707,0.0394
7708,0.0357666666666666
7709,0.0321333333333333
7710,0.0285
7711,0.0248666666666666
7712,0.0212333333333333
7713,0.0176
7714,0.0139666666666666
7715,0.0103333333333333
7716,0.0067
7717,0.0061416666666666
7718,0.0055833333333333
7719,0.005025
7720,0.0044666666666666
7721,0.0039083333333333
7722,0.00335
7723,0.0027916666666666
7724,0.0022333333333333
7725,0.001675
7726,0.0011166666666666
7727,0.0005583333333333
7728,0.0
7729,0.0
7730,0.0
7731,0.0
7732,0.0
7733,0.0
7734,0.0
7735,0.0
7736,0.0
7737,0.0
7738,0.0
7739,0.0
7740,0.0
7741,0.0
7742,0.0
7743,0.0
7744,0.0
7745,0.0
7746,0.0
7747,0.0
7748,0.0
7749,0.0
7750,0.0
7751,0.0
7752,0.0
7753,0.0
7754,0.0
7755,0.0
7756,0.0
7757,0.0
7758,0.0
7759,0.0
7760,0.0
7761,0.0
7762,0.0
7763,0.0
7764,0.0
7765,0.0
7766,0.0
7767,0.0
7768,0.0
7769,0.0
7770,0.0
7771,0.0
7772,0.0
7773,0.0
7774,0.0
7775,0.0
7776,0.0
7777,0.0
7778,0.0
7779,0.0
7780,0.0
7781,0.0
7782,0.0
7783,0.0
7784,0.0
7785,0.0
7786,0.0
7787,0.0
7788,0.0
7789,0.0
7790,0.0
7791,0.0
7792,0.0
7793,0.0
7794,0.0
7795,0.0
7796,0.0
7797,0.0
7798,0.0
7799,0.0
7800,0.0
7801,0.0006083333333333
7802,0.0012166666666666
7803,0.0018249999999999
7804,0.0024333333333333
7805,0.0030416666666666
7806,0.0036499999999999
7807,0.0042583333333333
7808,0.0048666666666666
7809,0.005475
7810,0.0060833333333333
7811,0.0066916666666666
7812,0.0073
7813,0.0113875
7814,0.015475
7815,0.0195625
7816,0.02365
7817,0.0277375
7818,0.031825
7819,0.0359125
7820,0.04
7821,0.0440875
7822,0.048175
7823,0.0522625
7824,0.05635
7825,0.0636375
7826,0.070925
7827,0.0782125
7828,0.0855
7829,0.0927875
7830,0.100075
7831,0.1073625
7832,0.11465
7833,0.1219375
7834,0.129225
7835,0.1365125
7836,0.1438
7837,0.1569333333333333
7838,0.1700666666666666
7839,0.1832
7840,0.1963333333333333
7841,0.2094666666666666
7842,0.2226
7843,0.2357333333333333
7844,0.2488666666666666
7845,0.262
7846,0.2751333333333333
7847,0.2882666666666666
7848,0.3014
7849,0.3112833333333333
7850,0.3211666666666666
7851,0.3310499999999999
7852,0.3409333333333333
7853,0.3508166666666666
7854,0.3606999999999999
7855,0.3705833333333333
7856,0.3804666666666666
7857,0.39035
7858,0.4002333333333333
7859,0.4101166666666667
7860,0.42
7861,0.4227875
7862,0.425575
7863,0.4283625
7864,0.43115
7865,0.4339375
7866,0.436725
7867,0.4395125
7868,0.4423
7869,0.4450874999999999
7870,0.447875
7871,0.4506624999999999
7872,0.4534499999999999
7873,0.4589333333333333
7874,0.4644166666666666
7875,0.4699
7876,0.4753833333333333
7877,0.4808666666666666
7878,0.48635
7879,0.4918333333333333
7880,0.4973166666666667
7881,0.5028
7882,0.5082833333333333
7883,0.5137666666666667
7884,0.51925
7885,0.523575
7886,0.5278999999999999
7887,0.5322250000000001
7888,0.5365500000000001
7889,0.540875
7890,0.5452
7891,0.549525
7892,0.5538500000000001
7893,0.5581750000000001
7894,0.5625000000000001
7895,0.566825
7896,0.57115
7897,0.5749208333333334
7898,0.5786916666666667
7899,0.5824625000000001
7900,0.5862333333333334
7901,0.5900041666666668
7902,0.5937749999999999
7903,0.5975458333333333
7904,0.6013166666666667
7905,0.6050875
7906,0.6088583333333334
7907,0.6126291666666666
7908,0.6164
7909,0.6143791666666666
7910,0.6123583333333333
7911,0.6103375
7912,0.6083166666666666
7913,0.6062958333333334
7914,0.604275
7915,0.6022541666666666
7916,0.6002333333333334
7917,0.5982124999999999
7918,0.5961916666666666
7919,0.5941708333333333
7920,0.59215
7921,0.5888291666666666
7922,0.5855083333333333
7923,0.5821875
7924,0.5788666666666666
7925,0.5755458333333333
7926,0.572225
7927,0.5689041666666665
7928,0.5655833333333332
7929,0.5622624999999999
7930,0.5589416666666666
7931,0.5556208333333332
7932,0.5522999999999999
7933,0.5553458333333333
7934,0.5583916666666666
7935,0.5614375
7936,0.5644833333333333
7937,0.5675291666666668
7938,0.570575
7939,0.5736208333333332
7940,0.5766666666666667
7941,0.5797125
7942,0.5827583333333334
7943,0.5858041666666667
7944,0.58885
7945,0.5822416666666667
7946,0.5756333333333333
7947,0.569025
7948,0.5624166666666667
7949,0.5558083333333332
7950,0.5492
7951,0.5425916666666667
7952,0.5359833333333334
7953,0.529375
7954,0.5227666666666666
7955,0.5161583333333333
7956,0.50955
7957,0.4975833333333333
7958,0.4856166666666666
7959,0.4736499999999999
7960,0.4616833333333333
7961,0.4497166666666666
7962,0.43775
7963,0.4257833333333333
7964,0.4138166666666666
7965,0.40185
7966,0.3898833333333333
7967,0.3779166666666667
7968,0.36595
7969,0.35405
7970,0.3421499999999999
7971,0.33025
7972,0.3183499999999999
7973,0.30645
7974,0.29455
7975,0.2826499999999999
7976,0.27075
7977,0.2588499999999999
7978,0.2469499999999999
7979,0.2350499999999999
7980,0.22315
7981,0.2121208333333333
7982,0.2010916666666666
7983,0.1900625
7984,0.1790333333333333
7985,0.1680041666666666
7986,0.156975
7987,0.1459458333333333
7988,0.1349166666666666
7989,0.1238875
7990,0.1128583333333333
7991,0.1018291666666666
7992,0.0908
7993,0.0838791666666666
7994,0.0769583333333333
7995,0.0700375
7996,0.0631166666666666
7997,0.0561958333333333
7998,0.049275
7999,0.0423541666666666
8000,0.0354333333333333
8001,0.0285125
8002,0.0215916666666666
8003,0.0146708333333333
8004,0.00775
8005,0.0071041666666666
8006,0.0064583333333333
8007,0.0058125
8008,0.0051666666666666
8009,0.0045208333333333
8010,0.003875
8011,0.0032291666666666
8012,0.0025833333333333
8013,0.0019374999999999
8014,0.0012916666666666
8015,0.0006458333333333
8016,0.0
8017,0.0
8018,0.0
8019,0.0
8020,0.0
8021,0.0
8022,0.0
8023,0.0
8024,0.0
8025,0.0
8026,0.0
8027,0.0
8028,0.0
8029,0.0
8030,0.0
8031,0.0
8032,0.0
8033,0.0
8034,0.0
8035,0.0
8036,0.0
8037,0.0
8038,0.0
8039,0.0
8040,0.0
8041,0.0
8042,0.0
8043,0.0
8044,0.0
8045,0.0
8046,0.0
8047,0.0
8048,0.0
8049,0.0
8050,0.0
8051,0.0
8052,0.0
8053,0.0
8054,0.0
8055,0.0
8056,0.0
8057,0.0
8058,0.0
8059,0.0
8060,0.0
8061,0.0
8062,0.0
8063,0.0
8064,0.0
8065,0.0
8066,0.0
8067,0.0
8068,0.0
8069,0.0
8070,0.0
8071,0.0
8072,0.0
8073,0.0
8074,0.0
8075,0.0
8076,0.0
8077,0.0
8078,0.0
8079,0.0
8080,0.0
8081,0.0
8082,0.0
8083,0.0
8084,0.0
8085,0.0
8086,0.0
8087,0.0
8088,0.0
8089,0.0006291666666666
8090,0.0012583333333333
8091,0.0018874999999999
8092,0.0025166666666666
8093,0.0031458333333333
8094,0.0037749999999999
8095,0.0044041666666666
8096,0.0050333333333333
8097,0.0056625
8098,0.0062916666666666
8099,0.0069208333333333
8100,0.0075499999999999
8101,0.01335
8102,0.01915
8103,0.02495
8104,0.03075
8105,0.03655
8106,0.04235
8107,0.04815
8108,0.05395
8109,0.05975
8110,0.06555
8111,0.07135
8112,0.07715
8113,0.0871208333333333
8114,0.0970916666666666
8115,0.1070625
8116,0.1170333333333333
8117,0.1270041666666666
8118,0.1369749999999999
8119,0.1469458333333333
8120,0.1569166666666666
8121,0.1668875
8122,0.1768583333333333
8123,0.1868291666666666
8124,0.1968
8125,0.2005416666666666
8126,0.2042833333333333
8127,0.208025
8128,0.2117666666666667
8129,0.2155083333333333
8130,0.21925
8131,0.2229916666666666
8132,0.2267333333333333
8133,0.2304749999999999
8134,0.2342166666666666
8135,0.2379583333333333
8136,0.2417
8137,0.252025
8138,0.26235
8139,0.272675
8140,0.283
8141,0.293325
8142,0.30365
8143,0.313975
8144,0.3243
8145,0.334625
8146,0.34495
8147,0.355275
8148,0.3656
8149,0.37545
8150,0.3853
8151,0.39515
8152,0.405
8153,0.41485
8154,0.4246999999999999
8155,0.4345499999999999
8156,0.4443999999999999
8157,0.45425
8158,0.4640999999999999
8159,0.4739499999999999
8160,0.4837999999999999
8161,0.4902666666666666
8162,0.4967333333333333
8163,0.5032
8164,0.5096666666666667
8165,0.5161333333333333
8166,0.5226000000000001
8167,0.5290666666666667
8168,0.5355333333333334
8169,0.5420000000000001
8170,0.5484666666666667
8171,0.5549333333333334
8172,0.5614000000000001
8173,0.5601583333333334
8174,0.5589166666666667
8175,0.557675
8176,0.5564333333333334
8177,0.5551916666666667
8178,0.55395
8179,0.5527083333333334
8180,0.5514666666666667
8181,0.5502250000000001
8182,0.5489833333333334
8183,0.5477416666666667
8184,0.5465
8185,0.5616175
8186,0.576735
8187,0.5918525
8188,0.60697
8189,0.6220875
8190,0.637205
8191,0.6523225
8192,0.6674399999999999
8193,0.6825575
8194,0.6976749999999999
8195,0.7127925
8196,0.72791
8197,0.7285725
8198,0.729235
8199,0.7298975
8200,0.73056
8201,0.7312225
8202,0.731885
8203,0.7325475
8204,0.73321
8205,0.7338724999999999
8206,0.7345349999999999
8207,0.7351975
8208,0.73586
8209,0.7288133333333334
8210,0.7217666666666667
8211,0.71472
8212,0.7076733333333333
8213,0.7006266666666666
8214,0.6935800000000001
8215,0.6865333333333333
8216,0.6794866666666667
8217,0.6724399999999999
8218,0.6653933333333333
8219,0.6583466666666665
8220,0.6513
8221,0.6440874999999999
8222,0.636875
8223,0.6296625
8224,0.62245
8225,0.6152375
8226,0.6080249999999999
8227,0.6008125
8228,0.5936
8229,0.5863875000000001
8230,0.579175
8231,0.5719624999999999
8232,0.56475
8233,0.5400541666666667
8234,0.5153583333333334
8235,0.4906624999999999
8236,0.4659666666666666
8237,0.4412708333333333
8238,0.416575
8239,0.3918791666666666
8240,0.3671833333333333
8241,0.3424874999999999
8242,0.3177916666666666
8243,0.2930958333333333
8244,0.2683999999999999
8245,0.2673374999999999
8246,0.266275
8247,0.2652124999999999
8248,0.26415
8249,0.2630875
8250,0.2620249999999999
8251,0.2609625
8252,0.2598999999999999
8253,0.2588375
8254,0.257775
8255,0.2567124999999999
8256,0.25565
8257,0.2483833333333333
8258,0.2411166666666666
8259,0.23385
8260,0.2265833333333333
8261,0.2193166666666666
8262,0.21205
8263,0.2047833333333333
8264,0.1975166666666666
8265,0.19025
8266,0.1829833333333333
8267,0.1757166666666666
8268,0.16845
8269,0.1600249999999999
8270,0.1515999999999999
8271,0.143175
8272,0.13475
8273,0.126325
8274,0.1178999999999999
8275,0.1094749999999999
8276,0.10105
8277,0.092625
8278,0.0842
8279,0.075775
8280,0.06735
8281,0.0623833333333333
8282,0.0574166666666666
8283,0.05245
8284,0.0474833333333333
8285,0.0425166666666666
8286,0.03755
8287,0.0325833333333333
8288,0.0276166666666666
8289,0.02265
8290,0.0176833333333333
8291,0.0127166666666666
8292,0.00775
8293,0.0071041666666666
8294,0.0064583333333333
8295,0.0058125
8296,0.0051666666666666
8297,0.0045208333333333
8298,0.003875
8299,0.0032291666666666
8300,0.0025833333333333
8301,0.0019374999999999
8302,0.0012916666666666
8303,0.0006458333333333
8304,0.0
8305,0.0
8306,0.0
8307,0.0
8308,0.0
8309,0.0
8310,0.0
8311,0.0
8312,0.0
8313,0.0
8314,0.0
8315,0.0
8316,0.0
8317,0.0
8318,0.0
8319,0.0
8320,0.0
8321,0.0
8322,0.0
8323,0.0
8324,0.0
8325,0.0
8326,0.0
8327,0.0
8328,0.0
8329,0.0
8330,0.0
8331,0.0
8332,0.0
8333,0.0
8334,0.0
8335,0.0
8336,0.0
8337,0.0
8338,0.0
8339,0.0
8340,0.0
8341,0.0
8342,0.0
8343,0.0
8344,0.0
8345,0.0
8346,0.0
8347,0.0
8348,0.0
8349,0.0
8350,0.0
8351,0.0
8352,0.0
8353,0.0
8354,0.0
8355,0.0
8356,0.0
8357,0.0
8358,0.0
8359,0.0
8360,0.0
8361,0.0
8362,0.0
8363,0.0
8364,0.0
8365,0.0
8366,0.0
8367,0.0
8368,0.0
8369,0.0
8370,0.0
8371,0.0
8372,0.0
8373,0.0
8374,0.0
8375,0.0
8376,0.0
8377,0.0001583333333333
8378,0.0003166666666666
8379,0.000475
8380,0.0006333333333333
8381,0.0007916666666666
8382,0.00095
8383,0.0011083333333333
8384,0.0012666666666666
8385,0.0014249999999999
8386,0.0015833333333333
8387,0.0017416666666666
8388,0.0019
8389,0.0024208333333333
8390,0.0029416666666666
8391,0.0034625
8392,0.0039833333333333
8393,0.0045041666666666
8394,0.005025
8395,0.0055458333333333
8396,0.0060666666666666
8397,0.0065875
8398,0.0071083333333333
8399,0.0076291666666666
8400,0.00815
8401,0.0087833333333333
8402,0.0094166666666666
8403,0.01005
8404,0.0106833333333333
8405,0.0113166666666666
8406,0.0119499999999999
8407,0.0125833333333333
8408,0.0132166666666666
8409,0.01385
8410,0.0144833333333333
8411,0.0151166666666666
8412,0.01575
8413,0.0209583333333333
8414,0.0261666666666666
8415,0.031375
8416,0.0365833333333333
8417,0.0417916666666666
8418,0.047
8419,0.0522083333333333
8420,0.0574166666666666
8421,0.062625
8422,0.0678333333333333
8423,0.0730416666666666
8424,0.07825
8425,0.078875
8426,0.0795
8427,0.080125
8428,0.08075
8429,0.081375
8430,0.082
8431,0.082625
8432,0.08325
8433,0.083875
8434,0.0845
8435,0.085125
8436,0.08575
8437,0.0905916666666666
8438,0.0954333333333333
8439,0.100275
8440,0.1051166666666666
8441,0.1099583333333333
8442,0.1148
8443,0.1196416666666666
8444,0.1244833333333333
8445,0.129325
8446,0.1341666666666666
8447,0.1390083333333333
8448,0.14385
8449,0.1513
8450,0.15875
8451,0.1662
8452,0.17365
8453,0.1811
8454,0.18855
8455,0.196
8456,0.20345
8457,0.2109
8458,0.21835
8459,0.2258
8460,0.23325
8461,0.2331083333333333
8462,0.2329666666666666
8463,0.2328249999999999
8464,0.2326833333333333
8465,0.2325416666666666
8466,0.2324
8467,0.2322583333333333
8468,0.2321166666666666
8469,0.231975
8470,0.2318333333333333
8471,0.2316916666666666
8472,0.2315499999999999
8473,0.2376749999999999
8474,0.2438
8475,0.2499249999999999
8476,0.25605
8477,0.262175
8478,0.2683
8479,0.274425
8480,0.28055
8481,0.286675
8482,0.2928
8483,0.298925
8484,0.30505
8485,0.3122916666666667
8486,0.3195333333333333
8487,0.326775
8488,0.3340166666666667
8489,0.3412583333333334
8490,0.3485
8491,0.3557416666666667
8492,0.3629833333333333
8493,0.370225
8494,0.3774666666666667
8495,0.3847083333333334
8496,0.39195
8497,0.3889083333333333
8498,0.3858666666666667
8499,0.382825
8500,0.3797833333333333
8501,0.3767416666666667
8502,0.3737
8503,0.3706583333333333
8504,0.3676166666666666
8505,0.364575
8506,0.3615333333333333
8507,0.3584916666666666
8508,0.35545
8509,0.3622375
8510,0.369025
8511,0.3758125
8512,0.3825999999999999
8513,0.3893875
8514,0.3961749999999999
8515,0.4029625
8516,0.40975
8517,0.4165374999999999
8518,0.423325
8519,0.4301124999999999
8520,0.4368999999999999
8521,0.4343916666666667
8522,0.4318833333333333
8523,0.429375
8524,0.4268666666666666
8525,0.4243583333333333
8526,0.4218499999999999
8527,0.4193416666666666
8528,0.4168333333333333
8529,0.414325
8530,0.4118166666666666
8531,0.4093083333333333
8532,0.4068
8533,0.397025
8534,0.38725
8535,0.377475
8536,0.3676999999999999
8537,0.357925
8538,0.34815
8539,0.338375
8540,0.3286
8541,0.3188249999999999
8542,0.30905
8543,0.299275
8544,0.2895
8545,0.2784208333333333
8546,0.2673416666666667
8547,0.2562625
8548,0.2451833333333333
8549,0.2341041666666667
8550,0.223025
8551,0.2119458333333333
8552,0.2008666666666666
8553,0.1897875
8554,0.1787083333333333
8555,0.1676291666666666
8556,0.15655
8557,0.1496375
8558,0.142725
8559,0.1358125
8560,0.1289
8561,0.1219875
8562,0.115075
8563,0.1081625
8564,0.10125
8565,0.0943375
8566,0.087425
8567,0.0805124999999999
8568,0.0736
8569,0.0681208333333333
8570,0.0626416666666666
8571,0.0571624999999999
8572,0.0516833333333333
8573,0.0462041666666666
8574,0.040725
8575,0.0352458333333333
8576,0.0297666666666666
8577,0.0242874999999999
8578,0.0188083333333333
8579,0.0133291666666666
8580,0.00785
8581,0.0071958333333333
8582,0.0065416666666666
8583,0.0058874999999999
8584,0.0052333333333333
8585,0.0045791666666666
8586,0.003925
8587,0.0032708333333333
8588,0.0026166666666666
8589,0.0019624999999999
8590,0.0013083333333333
8591,0.0006541666666666
8592,0.0
8593,0.0
8594,0.0
8595,0.0
8596,0.0
8597,0.0
8598,0.0
8599,0.0
8600,0.0
8601,0.0
8602,0.0
8603,0.0
8604,0.0
8605,0.0
8606,0.0
8607,0.0
8608,0.0
8609,0.0
8610,0.0
8611,0.0
8612,0.0
8613,0.0
8614,0.0
8615,0.0
8616,0.0
8617,0.0
8618,0.0
8619,0.0
8620,0.0
8621,0.0
8622,0.0
8623,0.0
8624,0.0
8625,0.0
8626,0.0
8627,0.0
8628,0.0
8629,0.0
8630,0.0
8631,0.0
8632,0.0
8633,0.0
8634,0.0
8635,0.0
8636,0.0
8637,0.0
8638,0.0
8639,0.0
8640,0.0
8641,0.0
8642,0.0
8643,0.0
8644,0.0
8645,0.0
8646,0.0
8647,0.0
8648,0.0
8649,0.0
8650,0.0
8651,0.0
8652,0.0
8653,0.0
8654,0.0
8655,0.0
8656,0.0
8657,0.0
8658,0.0
8659,0.0
8660,0.0
8661,0.0
8662,0.0
8663,0.0
8664,0.0
8665,0.0006541666666666
8666,0.0013083333333333
8667,0.0019625
8668,0.0026166666666666
8669,0.0032708333333333
8670,0.003925
8671,0.0045791666666666
8672,0.0052333333333333
8673,0.0058875
8674,0.0065416666666666
8675,0.0071958333333333
8676,0.00785
8677,0.0116041666666666
8678,0.0153583333333333
8679,0.0191124999999999
8680,0.0228666666666666
8681,0.0266208333333333
8682,0.030375
8683,0.0341291666666666
8684,0.0378833333333333
8685,0.0416374999999999
8686,0.0453916666666666
8687,0.0491458333333333
8688,0.0528999999999999
8689,0.0618083333333333
8690,0.0707166666666666
8691,0.079625
8692,0.0885333333333333
8693,0.0974416666666666
8694,0.10635
8695,0.1152583333333333
8696,0.1241666666666666
8697,0.133075
8698,0.1419833333333333
8699,0.1508916666666666
8700,0.1598
8701,0.1672708333333333
8702,0.1747416666666666
8703,0.1822125
8704,0.1896833333333333
8705,0.1971541666666666
8706,0.204625
8707,0.2120958333333333
8708,0.2195666666666666
8709,0.2270375
8710,0.2345083333333333
8711,0.2419791666666666
8712,0.2494499999999999
8713,0.2592833333333333
8714,0.2691166666666666
8715,0.27895
8716,0.2887833333333333
8717,0.2986166666666667
8718,0.30845
8719,0.3182833333333333
8720,0.3281166666666666
8721,0.33795
8722,0.3477833333333333
8723,0.3576166666666667
8724,0.36745
8725,0.3839958333333333
8726,0.4005416666666666
8727,0.4170875
8728,0.4336333333333333
8729,0.4501791666666667
8730,0.466725
8731,0.4832708333333333
8732,0.4998166666666667
8733,0.5163625
8734,0.5329083333333333
8735,0.5494541666666667
8736,0.566
8737,0.5809716666666667
8738,0.5959433333333334
8739,0.610915
8740,0.6258866666666667
8741,0.6408583333333333
8742,0.6558299999999999
8743,0.6708016666666666
8744,0.6857733333333333
8745,0.700745
8746,0.7157166666666667
8747,0.7306883333333333
8748,0.74566
8749,0.7427849999999999
8750,0.73991
8751,0.737035
8752,0.7341599999999999
8753,0.731285
8754,0.72841
8755,0.7255349999999999
8756,0.72266
8757,0.719785
8758,0.7169099999999999
8759,0.714035
8760,0.71116
8761,0.7145558333333334
8762,0.7179516666666665
8763,0.7213474999999999
8764,0.7247433333333333
8765,0.7281391666666667
8766,0.731535
8767,0.7349308333333333
8768,0.7383266666666667
8769,0.7417225000000001
8770,0.7451183333333333
8771,0.7485141666666667
8772,0.7519100000000001
8773,0.7531391666666667
8774,0.7543683333333333
8775,0.7555975
8776,0.7568266666666668
8777,0.7580558333333334
8778,0.7592850000000001
8779,0.7605141666666667
8780,0.7617433333333333
8781,0.7629724999999999
8782,0.7642016666666666
8783,0.7654308333333334
8784,0.76666
8785,0.7636474999999999
8786,0.760635
8787,0.7576225
8788,0.75461
8789,0.7515974999999999
8790,0.7485850000000001
8791,0.7455725
8792,0.74256
8793,0.7395475
8794,0.7365349999999999
8795,0.7335225000000001
8796,0.73051
8797,0.7185091666666668
8798,0.7065083333333333
8799,0.6945074999999999
8800,0.6825066666666667
8801,0.6705058333333334
8802,0.658505
8803,0.6465041666666667
8804,0.6345033333333333
8805,0.6225025000000001
8806,0.6105016666666667
8807,0.5985008333333333
8808,0.5865
8809,0.5743666666666667
8810,0.5622333333333334
8811,0.5501
8812,0.5379666666666667
8813,0.5258333333333334
8814,0.5137
8815,0.5015666666666667
8816,0.4894333333333333
8817,0.4773
8818,0.4651666666666666
8819,0.4530333333333333
8820,0.4408999999999999
8821,0.4311291666666667
8822,0.4213583333333333
8823,0.4115875
8824,0.4018166666666666
8825,0.3920458333333333
8826,0.382275
8827,0.3725041666666666
8828,0.3627333333333333
8829,0.3529624999999999
8830,0.3431916666666667
8831,0.3334208333333333
8832,0.32365
8833,0.3127749999999999
8834,0.3019
8835,0.291025
8836,0.2801499999999999
8837,0.269275
8838,0.2583999999999999
8839,0.2475249999999999
8840,0.2366499999999999
8841,0.225775
8842,0.2149
8843,0.204025
8844,0.19315
8845,0.1840166666666667
8846,0.1748833333333333
8847,0.16575
8848,0.1566166666666666
8849,0.1474833333333333
8850,0.13835
8851,0.1292166666666666
8852,0.1200833333333333
8853,0.11095
8854,0.1018166666666666
8855,0.0926833333333333
8856,0.08355
8857,0.0773291666666666
8858,0.0711083333333333
8859,0.0648875
8860,0.0586666666666666
8861,0.0524458333333333
8862,0.046225
8863,0.0400041666666666
8864,0.0337833333333333
8865,0.0275625
8866,0.0213416666666666
8867,0.0151208333333333
8868,0.0089
8869,0.0081583333333333
8870,0.0074166666666666
8871,0.006675
8872,0.0059333333333333
8873,0.0051916666666666
8874,0.00445
8875,0.0037083333333333
8876,0.0029666666666666
8877,0.002225
8878,0.0014833333333333
8879,0.0007416666666666
8880,0.0
8881,0.0
8882,0.0
8883,0.0
8884,0.0
8885,0.0
8886,0.0
8887,0.0
8888,0.0
8889,0.0
8890,0.0
8891,0.0
8892,0.0
8893,0.0
8894,0.0
8895,0.0
8896,0.0
8897,0.0
8898,0.0
8899,0.0
8900,0.0
8901,0.0
8902,0.0
8903,0.0
8904,0.0
8905,0.0
8906,0.0
8907,0.0
8908,0.0
8909,0.0
8910,0.0
8911,0.0
8912,0.0
8913,0.0
8914,0.0
8915,0.0
8916,0.0
