timestep,solar_fraction
0,0.1817
1,0.1972374999999999
2,0.2127749999999999
3,0.2283125
4,0.2438499999999999
5,0.2593875
6,0.274925
7,0.2904624999999999
8,0.306
9,0.3215375
10,0.337075
11,0.3526125
12,0.36815
13,0.3844833333333333
14,0.4008166666666666
15,0.4171499999999999
16,0.4334833333333333
17,0.4498166666666666
18,0.4661499999999999
19,0.4824833333333332
20,0.4988166666666666
21,0.51515
22,0.5314833333333333
23,0.5478166666666666
24,0.5641499999999999
25,0.580425
26,0.5966999999999999
27,0.6129749999999999
28,0.62925
29,0.645525
30,0.6617999999999999
31,0.678075
32,0.6943499999999999
33,0.7106249999999998
34,0.7269
35,0.7431749999999999
36,0.75945
37,0.7614749999999999
38,0.7635
39,0.765525
40,0.76755
41,0.7695749999999999
42,0.7716
43,0.773625
44,0.77565
45,0.777675
46,0.7797000000000001
47,0.781725
48,0.78375
49,0.7796375000000001
50,0.775525
51,0.7714125000000001
52,0.7673
53,0.7631875
54,0.759075
55,0.7549625
56,0.75085
57,0.7467374999999999
58,0.742625
59,0.7385124999999999
60,0.7343999999999999
61,0.7371125
62,0.7398250000000001
63,0.7425375000000001
64,0.74525
65,0.7479625
66,0.750675
67,0.7533875000000001
68,0.7561
69,0.7588125
70,0.7615250000000001
71,0.7642375
72,0.76695
73,0.7577208333333334
74,0.7484916666666667
75,0.7392625
76,0.7300333333333334
77,0.7208041666666667
78,0.7115750000000001
79,0.7023458333333334
80,0.6931166666666667
81,0.6838875000000001
82,0.6746583333333335
83,0.6654291666666666
84,0.6562
85,0.6412541666666667
86,0.6263083333333334
87,0.6113625
88,0.5964166666666667
89,0.5814708333333334
90,0.5665250000000001
91,0.5515791666666666
92,0.5366333333333333
93,0.5216875
94,0.5067416666666666
95,0.4917958333333333
96,0.47685
97,0.4622
98,0.44755
99,0.4329
100,0.41825
101,0.4036
102,0.38895
103,0.3743
104,0.35965
105,0.345
106,0.33035
107,0.3157
108,0.30105
109,0.2816291666666666
110,0.2622083333333334
111,0.2427875
112,0.2233666666666666
113,0.2039458333333333
114,0.184525
115,0.1651041666666667
116,0.1456833333333333
117,0.1262625
118,0.1068416666666666
119,0.0874208333333333
120,0.068
121,0.0623333333333333
122,0.0566666666666666
123,0.051
124,0.0453333333333333
125,0.0396666666666666
126,0.034
127,0.0283333333333333
128,0.0226666666666666
129,0.0169999999999999
130,0.0113333333333333
131,0.0056666666666666
132,0.0
133,0.0
134,0.0
135,0.0
136,0.0
137,0.0
138,0.0
139,0.0
140,0.0
141,0.0
142,0.0
143,0.0
144,0.0
145,0.0
146,0.0
147,0.0
148,0.0
149,0.0
150,0.0
151,0.0
152,0.0
153,0.0
154,0.0
155,0.0
156,0.0
157,0.0
158,0.0
159,0.0
160,0.0
161,0.0
162,0.0
163,0.0
164,0.0
165,0.0
166,0.0
167,0.0
168,0.0
169,0.0
170,0.0
171,0.0
172,0.0
173,0.0
174,0.0
175,0.0
176,0.0
177,0.0
178,0.0
179,0.0
180,0.0
181,0.0
182,0.0
183,0.0
184,0.0
185,0.0
186,0.0
187,0.0
188,0.0
189,0.0
190,0.0
191,0.0
192,0.0
193,0.0
194,0.0
195,0.0
196,0.0
197,0.0
198,0.0
199,0.0
200,0.0
201,0.0
202,0.0
203,0.0
204,0.0
205,0.0
206,0.0
207,0.0
208,0.0
209,0.0
210,0.0
211,0.0
212,0.0
213,0.0
214,0.0
215,0.0
216,0.0
217,0.0
218,0.0
219,0.0
220,0.0
221,0.0
222,0.0
223,0.0
224,0.0
225,0.0
226,0.0
227,0.0
228,0.0
229,0.0
230,0.0
231,0.0
232,0.0
233,0.0
234,0.0
235,0.0
236,0.0
237,0.0
238,0.0
239,0.0
240,0.0
241,0.0
242,0.0
243,0.0
244,0.0
245,0.0
246,0.0
247,0.0
248,0.0
249,0.0
250,0.0
251,0.0
252,0.0
253,0.0
254,0.0
255,0.0
256,0.0
257,0.0
258,0.0
259,0.0
260,0.0
261,0.0
262,0.0
263,0.0
264,0.0
265,0.0052333333333333
266,0.0104666666666666
267,0.0157
268,0.0209333333333333
269,0.0261666666666666
270,0.0314
271,0.0366333333333333
272,0.0418666666666666
273,0.0471
274,0.0523333333333333
275,0.0575666666666666
276,0.0628
277,0.0809875
278,0.099175
279,0.1173625
280,0.13555
281,0.1537375
282,0.171925
283,0.1901125
284,0.2083
285,0.2264875
286,0.244675
287,0.2628625
288,0.28105
289,0.2976791666666666
290,0.3143083333333333
291,0.3309375
292,0.3475666666666667
293,0.3641958333333333
294,0.3808249999999999
295,0.3974541666666666
296,0.4140833333333333
297,0.4307125
298,0.4473416666666667
299,0.4639708333333333
300,0.4806
301,0.4974958333333333
302,0.5143916666666667
303,0.5312875
304,0.5481833333333334
305,0.5650791666666667
306,0.581975
307,0.5988708333333334
308,0.6157666666666667
309,0.6326625
310,0.6495583333333333
311,0.6664541666666667
312,0.68335
313,0.6969208333333333
314,0.7104916666666666
315,0.7240625
316,0.7376333333333334
317,0.7512041666666667
318,0.764775
319,0.7783458333333334
320,0.7919166666666667
321,0.8054875
322,0.8190583333333334
323,0.8326291666666668
324,0.8462000000000001
325,0.8490083333333334
326,0.8518166666666667
327,0.854625
328,0.8574333333333334
329,0.8602416666666667
330,0.8630500000000001
331,0.8658583333333334
332,0.8686666666666666
333,0.871475
334,0.8742833333333333
335,0.8770916666666667
336,0.8799
337,0.8792708333333332
338,0.8786416666666667
339,0.8780125
340,0.8773833333333333
341,0.8767541666666666
342,0.876125
343,0.8754958333333333
344,0.8748666666666666
345,0.8742375
346,0.8736083333333332
347,0.8729791666666666
348,0.87235
349,0.8608541666666666
350,0.8493583333333332
351,0.8378625
352,0.8263666666666666
353,0.8148708333333333
354,0.8033749999999998
355,0.7918791666666666
356,0.7803833333333333
357,0.7688875
358,0.7573916666666667
359,0.7458958333333332
360,0.7343999999999999
361,0.7192083333333332
362,0.7040166666666666
363,0.688825
364,0.6736333333333333
365,0.6584416666666666
366,0.64325
367,0.6280583333333334
368,0.6128666666666667
369,0.597675
370,0.5824833333333334
371,0.5672916666666667
372,0.5521
373,0.5417416666666667
374,0.5313833333333333
375,0.521025
376,0.5106666666666667
377,0.5003083333333334
378,0.48995
379,0.4795916666666667
380,0.4692333333333333
381,0.458875
382,0.4485166666666667
383,0.4381583333333333
384,0.4278
385,0.413925
386,0.40005
387,0.386175
388,0.3723
389,0.358425
390,0.3445499999999999
391,0.3306749999999999
392,0.3167999999999999
393,0.3029249999999999
394,0.28905
395,0.2751749999999999
396,0.2613
397,0.2461583333333333
398,0.2310166666666666
399,0.2158749999999999
400,0.2007333333333333
401,0.1855916666666666
402,0.1704499999999999
403,0.1553083333333333
404,0.1401666666666666
405,0.1250249999999999
406,0.1098833333333333
407,0.0947416666666666
408,0.0795999999999999
409,0.0729666666666666
410,0.0663333333333333
411,0.0596999999999999
412,0.0530666666666666
413,0.0464333333333333
414,0.0397999999999999
415,0.0331666666666666
416,0.0265333333333333
417,0.0198999999999999
418,0.0132666666666666
419,0.0066333333333333
420,0.0
421,0.0
422,0.0
423,0.0
424,0.0
425,0.0
426,0.0
427,0.0
428,0.0
429,0.0
430,0.0
431,0.0
432,0.0
433,0.0
434,0.0
435,0.0
436,0.0
437,0.0
438,0.0
439,0.0
440,0.0
441,0.0
442,0.0
443,0.0
444,0.0
445,0.0
446,0.0
447,0.0
448,0.0
449,0.0
450,0.0
451,0.0
452,0.0
453,0.0
454,0.0
455,0.0
456,0.0
457,0.0
458,0.0
459,0.0
460,0.0
461,0.0
462,0.0
463,0.0
464,0.0
465,0.0
466,0.0
467,0.0
468,0.0
469,0.0
470,0.0
471,0.0
472,0.0
473,0.0
474,0.0
475,0.0
476,0.0
477,0.0
478,0.0
479,0.0
480,0.0
481,0.0
482,0.0
483,0.0
484,0.0
485,0.0
486,0.0
487,0.0
488,0.0
489,0.0
490,0.0
491,0.0
492,0.0
493,0.0
494,0.0
495,0.0
496,0.0
497,0.0
498,0.0
499,0.0
500,0.0
501,0.0
502,0.0
503,0.0
504,0.0
505,0.0
506,0.0
507,0.0
508,0.0
509,0.0
510,0.0
511,0.0
512,0.0
513,0.0
514,0.0
515,0.0
516,0.0
517,0.0
518,0.0
519,0.0
520,0.0
521,0.0
522,0.0
523,0.0
524,0.0
525,0.0
526,0.0
527,0.0
528,0.0
529,0.0
530,0.0
531,0.0
532,0.0
533,0.0
534,0.0
535,0.0
536,0.0
537,0.0
538,0.0
539,0.0
540,0.0
541,0.0
542,0.0
543,0.0
544,0.0
545,0.0
546,0.0
547,0.0
548,0.0
549,0.0
550,0.0
551,0.0
552,0.0
553,0.0058
554,0.0116
555,0.0174
556,0.0232
557,0.029
558,0.0348
559,0.0406
560,0.0464
561,0.0521999999999999
562,0.058
563,0.0638
564,0.0696
565,0.0849875
566,0.100375
567,0.1157625
568,0.13115
569,0.1465375
570,0.161925
571,0.1773125
572,0.1926999999999999
573,0.2080875
574,0.223475
575,0.2388625
576,0.25425
577,0.2728291666666667
578,0.2914083333333334
579,0.3099875
580,0.3285666666666667
581,0.3471458333333334
582,0.365725
583,0.3843041666666666
584,0.4028833333333333
585,0.4214625
586,0.4400416666666666
587,0.4586208333333333
588,0.4772
589,0.4882291666666666
590,0.4992583333333333
591,0.5102875
592,0.5213166666666668
593,0.5323458333333333
594,0.543375
595,0.5544041666666667
596,0.5654333333333332
597,0.5764625
598,0.5874916666666666
599,0.5985208333333333
600,0.6095499999999999
601,0.6278208333333333
602,0.6460916666666667
603,0.6643625
604,0.6826333333333333
605,0.7009041666666667
606,0.719175
607,0.7374458333333334
608,0.7557166666666667
609,0.7739875
610,0.7922583333333334
611,0.8105291666666667
612,0.8288000000000001
613,0.8336041666666667
614,0.8384083333333334
615,0.8432125000000001
616,0.8480166666666668
617,0.8528208333333335
618,0.857625
619,0.8624291666666667
620,0.8672333333333333
621,0.8720375
622,0.8768416666666667
623,0.8816458333333334
624,0.8864500000000001
625,0.8871333333333333
626,0.8878166666666667
627,0.8885
628,0.8891833333333334
629,0.8898666666666667
630,0.8905500000000001
631,0.8912333333333333
632,0.8919166666666666
633,0.8926000000000001
634,0.8932833333333333
635,0.8939666666666667
636,0.89465
637,0.8849166666666666
638,0.8751833333333333
639,0.86545
640,0.8557166666666667
641,0.8459833333333333
642,0.83625
643,0.8265166666666667
644,0.8167833333333333
645,0.80705
646,0.7973166666666667
647,0.7875833333333334
648,0.77785
649,0.7640625
650,0.750275
651,0.7364875000000001
652,0.7227
653,0.7089125000000001
654,0.695125
655,0.6813374999999999
656,0.66755
657,0.6537625
658,0.6399750000000001
659,0.6261875
660,0.6123999999999999
661,0.5977833333333333
662,0.5831666666666666
663,0.56855
664,0.5539333333333333
665,0.5393166666666666
666,0.5246999999999999
667,0.5100833333333333
668,0.4954666666666666
669,0.4808499999999999
670,0.4662333333333333
671,0.4516166666666666
672,0.437
673,0.4219125
674,0.406825
675,0.3917375
676,0.37665
677,0.3615625
678,0.346475
679,0.3313875
680,0.3163
681,0.3012125
682,0.286125
683,0.2710375
684,0.25595
685,0.2407291666666666
686,0.2255083333333333
687,0.2102875
688,0.1950666666666666
689,0.1798458333333333
690,0.164625
691,0.1494041666666666
692,0.1341833333333333
693,0.1189625
694,0.1037416666666666
695,0.0885208333333333
696,0.0733
697,0.0671916666666666
698,0.0610833333333333
699,0.054975
700,0.0488666666666666
701,0.0427583333333333
702,0.03665
703,0.0305416666666666
704,0.0244333333333333
705,0.018325
706,0.0122166666666666
707,0.0061083333333333
708,0.0
709,0.0
710,0.0
711,0.0
712,0.0
713,0.0
714,0.0
715,0.0
716,0.0
717,0.0
718,0.0
719,0.0
720,0.0
721,0.0
722,0.0
723,0.0
724,0.0
725,0.0
726,0.0
727,0.0
728,0.0
729,0.0
730,0.0
731,0.0
732,0.0
733,0.0
734,0.0
735,0.0
736,0.0
737,0.0
738,0.0
739,0.0
740,0.0
741,0.0
742,0.0
743,0.0
744,0.0
745,0.0
746,0.0
747,0.0
748,0.0
749,0.0
750,0.0
751,0.0
752,0.0
753,0.0
754,0.0
755,0.0
756,0.0
757,0.0
758,0.0
759,0.0
760,0.0
761,0.0
762,0.0
763,0.0
764,0.0
765,0.0
766,0.0
767,0.0
768,0.0
769,0.0
770,0.0
771,0.0
772,0.0
773,0.0
774,0.0
775,0.0
776,0.0
777,0.0
778,0.0
779,0.0
780,0.0
781,0.0
782,0.0
783,0.0
784,0.0
785,0.0
786,0.0
787,0.0
788,0.0
789,0.0
790,0.0
791,0.0
792,0.0
793,0.0
794,0.0
795,0.0
796,0.0
797,0.0
798,0.0
799,0.0
800,0.0
801,0.0
802,0.0
803,0.0
804,0.0
805,0.0
806,0.0
807,0.0
808,0.0
809,0.0
810,0.0
811,0.0
812,0.0
813,0.0
814,0.0
815,0.0
816,0.0
817,0.0
818,0.0
819,0.0
820,0.0
821,0.0
822,0.0
823,0.0
824,0.0
825,0.0
826,0.0
827,0.0
828,0.0
829,0.0
830,0.0
831,0.0
832,0.0
833,0.0
834,0.0
835,0.0
836,0.0
837,0.0
838,0.0
839,0.0
840,0.0
841,0.0035124999999999
842,0.0070249999999999
843,0.0105375
844,0.0140499999999999
845,0.0175625
846,0.021075
847,0.0245874999999999
848,0.0280999999999999
849,0.0316124999999999
850,0.035125
851,0.0386375
852,0.04215
853,0.0485166666666666
854,0.0548833333333333
855,0.06125
856,0.0676166666666666
857,0.0739833333333333
858,0.0803499999999999
859,0.0867166666666666
860,0.0930833333333333
861,0.09945
862,0.1058166666666666
863,0.1121833333333333
864,0.11855
865,0.1306375
866,0.142725
867,0.1548125
868,0.1669
869,0.1789875
870,0.191075
871,0.2031625
872,0.21525
873,0.2273375
874,0.239425
875,0.2515124999999999
876,0.2636
877,0.2802833333333334
878,0.2969666666666667
879,0.31365
880,0.3303333333333333
881,0.3470166666666666
882,0.3636999999999999
883,0.3803833333333333
884,0.3970666666666666
885,0.4137499999999999
886,0.4304333333333333
887,0.4471166666666666
888,0.4637999999999999
889,0.4808499999999999
890,0.4978999999999999
891,0.51495
892,0.532
893,0.5490499999999999
894,0.5661
895,0.5831500000000001
896,0.6002000000000001
897,0.61725
898,0.6343000000000001
899,0.6513500000000001
900,0.6684000000000001
901,0.6737250000000001
902,0.67905
903,0.684375
904,0.6897000000000001
905,0.6950250000000001
906,0.70035
907,0.7056749999999999
908,0.711
909,0.7163250000000001
910,0.72165
911,0.7269749999999999
912,0.7323
913,0.728625
914,0.72495
915,0.721275
916,0.7176
917,0.7139249999999999
918,0.71025
919,0.7065750000000001
920,0.7029
921,0.699225
922,0.6955500000000001
923,0.691875
924,0.6882
925,0.6776791666666667
926,0.6671583333333334
927,0.6566375000000001
928,0.6461166666666667
929,0.6355958333333335
930,0.625075
931,0.6145541666666666
932,0.6040333333333334
933,0.5935125
934,0.5829916666666667
935,0.5724708333333334
936,0.5619500000000001
937,0.5604125
938,0.558875
939,0.5573374999999999
940,0.5558000000000001
941,0.5542625
942,0.552725
943,0.5511875
944,0.54965
945,0.5481125
946,0.546575
947,0.5450375000000001
948,0.5435
949,0.5304166666666666
950,0.5173333333333334
951,0.50425
952,0.4911666666666667
953,0.4780833333333333
954,0.465
955,0.4519166666666667
956,0.4388333333333333
957,0.42575
958,0.4126666666666667
959,0.3995833333333333
960,0.3865
961,0.3724125
962,0.358325
963,0.3442375
964,0.33015
965,0.3160625
966,0.301975
967,0.2878874999999999
968,0.2738
969,0.2597124999999999
970,0.245625
971,0.2315375
972,0.2174499999999999
973,0.2045083333333333
974,0.1915666666666666
975,0.178625
976,0.1656833333333333
977,0.1527416666666666
978,0.1398
979,0.1268583333333333
980,0.1139166666666666
981,0.100975
982,0.0880333333333333
983,0.0750916666666666
984,0.06215
985,0.0569708333333333
986,0.0517916666666666
987,0.0466125
988,0.0414333333333333
989,0.0362541666666666
990,0.031075
991,0.0258958333333333
992,0.0207166666666666
993,0.0155375
994,0.0103583333333333
995,0.0051791666666666
996,0.0
997,0.0
998,0.0
999,0.0
1000,0.0
1001,0.0
1002,0.0
1003,0.0
1004,0.0
1005,0.0
1006,0.0
1007,0.0
1008,0.0
1009,0.0
1010,0.0
1011,0.0
1012,0.0
1013,0.0
1014,0.0
1015,0.0
1016,0.0
1017,0.0
1018,0.0
1019,0.0
1020,0.0
1021,0.0
1022,0.0
1023,0.0
1024,0.0
1025,0.0
1026,0.0
1027,0.0
1028,0.0
1029,0.0
1030,0.0
1031,0.0
1032,0.0
1033,0.0
1034,0.0
1035,0.0
1036,0.0
1037,0.0
1038,0.0
1039,0.0
1040,0.0
1041,0.0
1042,0.0
1043,0.0
1044,0.0
1045,0.0
1046,0.0
1047,0.0
1048,0.0
1049,0.0
1050,0.0
1051,0.0
1052,0.0
1053,0.0
1054,0.0
1055,0.0
1056,0.0
1057,0.0
1058,0.0
1059,0.0
1060,0.0
1061,0.0
1062,0.0
1063,0.0
1064,0.0
1065,0.0
1066,0.0
1067,0.0
1068,0.0
1069,0.0
1070,0.0
1071,0.0
1072,0.0
1073,0.0
1074,0.0
1075,0.0
1076,0.0
1077,0.0
1078,0.0
1079,0.0
1080,0.0
1081,0.0
1082,0.0
1083,0.0
1084,0.0
1085,0.0
1086,0.0
1087,0.0
1088,0.0
1089,0.0
1090,0.0
1091,0.0
1092,0.0
1093,0.0
1094,0.0
1095,0.0
1096,0.0
1097,0.0
1098,0.0
1099,0.0
1100,0.0
1101,0.0
1102,0.0
1103,0.0
1104,0.0
1105,0.0
1106,0.0
1107,0.0
1108,0.0
1109,0.0
1110,0.0
1111,0.0
1112,0.0
1113,0.0
1114,0.0
1115,0.0
1116,0.0
1117,0.0
1118,0.0
1119,0.0
1120,0.0
1121,0.0
1122,0.0
1123,0.0
1124,0.0
1125,0.0
1126,0.0
1127,0.0
1128,0.0
1129,0.0023625
1130,0.004725
1131,0.0070874999999999
1132,0.00945
1133,0.0118125
1134,0.0141749999999999
1135,0.0165374999999999
1136,0.0189
1137,0.0212625
1138,0.023625
1139,0.0259874999999999
1140,0.0283499999999999
1141,0.038575
1142,0.0487999999999999
1143,0.059025
1144,0.06925
1145,0.079475
1146,0.0897
1147,0.099925
1148,0.11015
1149,0.120375
1150,0.1306
1151,0.140825
1152,0.15105
1153,0.16125
1154,0.17145
1155,0.18165
1156,0.19185
1157,0.20205
1158,0.21225
1159,0.2224499999999999
1160,0.2326499999999999
1161,0.2428499999999999
1162,0.25305
1163,0.26325
1164,0.2734499999999999
1165,0.2825041666666666
1166,0.2915583333333333
1167,0.3006125
1168,0.3096666666666666
1169,0.3187208333333333
1170,0.327775
1171,0.3368291666666666
1172,0.3458833333333333
1173,0.3549375
1174,0.3639916666666666
1175,0.3730458333333333
1176,0.3820999999999999
1177,0.4034916666666666
1178,0.4248833333333333
1179,0.446275
1180,0.4676666666666666
1181,0.4890583333333332
1182,0.51045
1183,0.5318416666666665
1184,0.5532333333333334
1185,0.574625
1186,0.5960166666666666
1187,0.6174083333333333
1188,0.6387999999999999
1189,0.6446999999999999
1190,0.6506
1191,0.6564999999999999
1192,0.6624
1193,0.6683
1194,0.6741999999999999
1195,0.6800999999999999
1196,0.6859999999999998
1197,0.6918999999999998
1198,0.6978
1199,0.7036999999999999
1200,0.7095999999999999
1201,0.7018
1202,0.6939999999999998
1203,0.6861999999999999
1204,0.6784
1205,0.6705999999999999
1206,0.6628
1207,0.655
1208,0.6471999999999999
1209,0.6394
1210,0.6316
1211,0.6237999999999999
1212,0.616
1213,0.6271708333333333
1214,0.6383416666666667
1215,0.6495124999999999
1216,0.6606833333333333
1217,0.6718541666666666
1218,0.683025
1219,0.6941958333333333
1220,0.7053666666666667
1221,0.7165374999999999
1222,0.7277083333333333
1223,0.7388791666666666
1224,0.75005
1225,0.7425
1226,0.7349499999999999
1227,0.7273999999999999
1228,0.71985
1229,0.7122999999999999
1230,0.70475
1231,0.6972
1232,0.68965
1233,0.6821
1234,0.6745500000000001
1235,0.667
1236,0.6594500000000001
1237,0.6379625000000001
1238,0.616475
1239,0.5949875000000001
1240,0.5735
1241,0.5520125
1242,0.5305250000000001
1243,0.5090375
1244,0.4875500000000001
1245,0.4660625
1246,0.444575
1247,0.4230875
1248,0.4016
1249,0.3845833333333334
1250,0.3675666666666666
1251,0.35055
1252,0.3335333333333333
1253,0.3165166666666666
1254,0.2995
1255,0.2824833333333333
1256,0.2654666666666667
1257,0.2484499999999999
1258,0.2314333333333333
1259,0.2144166666666666
1260,0.1974
1261,0.1854416666666666
1262,0.1734833333333333
1263,0.161525
1264,0.1495666666666666
1265,0.1376083333333333
1266,0.12565
1267,0.1136916666666666
1268,0.1017333333333333
1269,0.089775
1270,0.0778166666666666
1271,0.0658583333333333
1272,0.0538999999999999
1273,0.0494083333333333
1274,0.0449166666666666
1275,0.0404249999999999
1276,0.0359333333333333
1277,0.0314416666666666
1278,0.02695
1279,0.0224583333333333
1280,0.0179666666666666
1281,0.013475
1282,0.0089833333333333
1283,0.0044916666666666
1284,0.0
1285,0.0
1286,0.0
1287,0.0
1288,0.0
1289,0.0
1290,0.0
1291,0.0
1292,0.0
1293,0.0
1294,0.0
1295,0.0
1296,0.0
1297,0.0
1298,0.0
1299,0.0
1300,0.0
1301,0.0
1302,0.0
1303,0.0
1304,0.0
1305,0.0
1306,0.0
1307,0.0
1308,0.0
1309,0.0
1310,0.0
1311,0.0
1312,0.0
1313,0.0
1314,0.0
1315,0.0
1316,0.0
1317,0.0
1318,0.0
1319,0.0
1320,0.0
1321,0.0
1322,0.0
1323,0.0
1324,0.0
1325,0.0
1326,0.0
1327,0.0
1328,0.0
1329,0.0
1330,0.0
1331,0.0
1332,0.0
1333,0.0
1334,0.0
1335,0.0
1336,0.0
1337,0.0
1338,0.0
1339,0.0
1340,0.0
1341,0.0
1342,0.0
1343,0.0
1344,0.0
1345,0.0
1346,0.0
1347,0.0
1348,0.0
1349,0.0
1350,0.0
1351,0.0
1352,0.0
1353,0.0
1354,0.0
1355,0.0
1356,0.0
1357,0.0
1358,0.0
1359,0.0
1360,0.0
1361,0.0
1362,0.0
1363,0.0
1364,0.0
1365,0.0
1366,0.0
1367,0.0
1368,0.0
1369,0.0
1370,0.0
1371,0.0
1372,0.0
1373,0.0
1374,0.0
1375,0.0
1376,0.0
1377,0.0
1378,0.0
1379,0.0
1380,0.0
1381,0.0
1382,0.0
1383,0.0
1384,0.0
1385,0.0
1386,0.0
1387,0.0
1388,0.0
1389,0.0
1390,0.0
1391,0.0
1392,0.0
1393,0.0
1394,0.0
1395,0.0
1396,0.0
1397,0.0
1398,0.0
1399,0.0
1400,0.0
1401,0.0
1402,0.0
1403,0.0
1404,0.0
1405,0.0
1406,0.0
1407,0.0
1408,0.0
1409,0.0
1410,0.0
1411,0.0
1412,0.0
1413,0.0
1414,0.0
1415,0.0
1416,0.0
1417,0.0055833333333333
1418,0.0111666666666666
1419,0.01675
1420,0.0223333333333333
1421,0.0279166666666666
1422,0.0335
1423,0.0390833333333333
1424,0.0446666666666666
1425,0.05025
1426,0.0558333333333333
1427,0.0614166666666666
1428,0.067
1429,0.0829375
1430,0.098875
1431,0.1148125
1432,0.13075
1433,0.1466875
1434,0.162625
1435,0.1785625
1436,0.1945
1437,0.2104375
1438,0.226375
1439,0.2423125
1440,0.25825
1441,0.2758625
1442,0.293475
1443,0.3110874999999999
1444,0.3287
1445,0.3463125
1446,0.363925
1447,0.3815375
1448,0.39915
1449,0.4167625
1450,0.434375
1451,0.4519875
1452,0.4696
1453,0.4829208333333333
1454,0.4962416666666667
1455,0.5095625
1456,0.5228833333333334
1457,0.5362041666666667
1458,0.5495249999999999
1459,0.5628458333333334
1460,0.5761666666666667
1461,0.5894875
1462,0.6028083333333334
1463,0.6161291666666667
1464,0.6294500000000001
1465,0.640375
1466,0.6513000000000001
1467,0.6622250000000001
1468,0.67315
1469,0.6840750000000001
1470,0.695
1471,0.7059249999999999
1472,0.71685
1473,0.727775
1474,0.7386999999999999
1475,0.749625
1476,0.76055
1477,0.7642041666666667
1478,0.7678583333333333
1479,0.7715124999999999
1480,0.7751666666666667
1481,0.7788208333333333
1482,0.7824749999999999
1483,0.7861291666666667
1484,0.7897833333333333
1485,0.7934375
1486,0.7970916666666666
1487,0.8007458333333333
1488,0.8044
1489,0.8053041666666667
1490,0.8062083333333333
1491,0.8071124999999999
1492,0.8080166666666666
1493,0.8089208333333333
1494,0.809825
1495,0.8107291666666666
1496,0.8116333333333333
1497,0.8125375
1498,0.8134416666666666
1499,0.8143458333333333
1500,0.81525
1501,0.8163625
1502,0.8174750000000001
1503,0.8185875
1504,0.8197000000000001
1505,0.8208125
1506,0.8219249999999999
1507,0.8230375
1508,0.8241499999999999
1509,0.8252625
1510,0.826375
1511,0.8274875
1512,0.8286
1513,0.8175625
1514,0.8065249999999999
1515,0.7954875
1516,0.7844500000000001
1517,0.7734125000000001
1518,0.762375
1519,0.7513375
1520,0.7403
1521,0.7292625
1522,0.718225
1523,0.7071875
1524,0.6961499999999999
1525,0.6779458333333334
1526,0.6597416666666667
1527,0.6415375
1528,0.6233333333333334
1529,0.6051291666666667
1530,0.5869249999999999
1531,0.5687208333333333
1532,0.5505166666666667
1533,0.5323125
1534,0.5141083333333334
1535,0.4959041666666667
1536,0.4777
1537,0.4598666666666667
1538,0.4420333333333333
1539,0.4242
1540,0.4063666666666666
1541,0.3885333333333333
1542,0.3707
1543,0.3528666666666666
1544,0.3350333333333333
1545,0.3172
1546,0.2993666666666666
1547,0.2815333333333333
1548,0.2637
1549,0.2483541666666666
1550,0.2330083333333333
1551,0.2176624999999999
1552,0.2023166666666666
1553,0.1869708333333333
1554,0.171625
1555,0.1562791666666666
1556,0.1409333333333333
1557,0.1255875
1558,0.1102416666666666
1559,0.0948958333333333
1560,0.07955
1561,0.0729208333333333
1562,0.0662916666666666
1563,0.0596624999999999
1564,0.0530333333333333
1565,0.0464041666666666
1566,0.039775
1567,0.0331458333333333
1568,0.0265166666666666
1569,0.0198875
1570,0.0132583333333333
1571,0.0066291666666666
1572,0.0
1573,0.0
1574,0.0
1575,0.0
1576,0.0
1577,0.0
1578,0.0
1579,0.0
1580,0.0
1581,0.0
1582,0.0
1583,0.0
1584,0.0
1585,0.0
1586,0.0
1587,0.0
1588,0.0
1589,0.0
1590,0.0
1591,0.0
1592,0.0
1593,0.0
1594,0.0
1595,0.0
1596,0.0
1597,0.0
1598,0.0
1599,0.0
1600,0.0
1601,0.0
1602,0.0
1603,0.0
1604,0.0
1605,0.0
1606,0.0
1607,0.0
1608,0.0
1609,0.0
1610,0.0
1611,0.0
1612,0.0
1613,0.0
1614,0.0
1615,0.0
1616,0.0
1617,0.0
1618,0.0
1619,0.0
1620,0.0
1621,0.0
1622,0.0
1623,0.0
1624,0.0
1625,0.0
1626,0.0
1627,0.0
1628,0.0
1629,0.0
1630,0.0
1631,0.0
1632,0.0
1633,0.0
1634,0.0
1635,0.0
1636,0.0
1637,0.0
1638,0.0
1639,0.0
1640,0.0
1641,0.0
1642,0.0
1643,0.0
1644,0.0
1645,0.0
1646,0.0
1647,0.0
1648,0.0
1649,0.0
1650,0.0
1651,0.0
1652,0.0
1653,0.0
1654,0.0
1655,0.0
1656,0.0
1657,0.0
1658,0.0
1659,0.0
1660,0.0
1661,0.0
1662,0.0
1663,0.0
1664,0.0
1665,0.0
1666,0.0
1667,0.0
1668,0.0
1669,0.0
1670,0.0
1671,0.0
1672,0.0
1673,0.0
1674,0.0
1675,0.0
1676,0.0
1677,0.0
1678,0.0
1679,0.0
1680,0.0
1681,0.0
1682,0.0
1683,0.0
1684,0.0
1685,0.0
1686,0.0
1687,0.0
1688,0.0
1689,0.0
1690,0.0
1691,0.0
1692,0.0
1693,0.0
1694,0.0
1695,0.0
1696,0.0
1697,0.0
1698,0.0
1699,0.0
1700,0.0
1701,0.0
1702,0.0
1703,0.0
1704,0.0
1705,0.0056416666666666
1706,0.0112833333333333
1707,0.016925
1708,0.0225666666666666
1709,0.0282083333333333
1710,0.03385
1711,0.0394916666666666
1712,0.0451333333333333
1713,0.050775
1714,0.0564166666666666
1715,0.0620583333333333
1716,0.0677
1717,0.0849083333333333
1718,0.1021166666666666
1719,0.119325
1720,0.1365333333333333
1721,0.1537416666666667
1722,0.17095
1723,0.1881583333333334
1724,0.2053666666666667
1725,0.222575
1726,0.2397833333333333
1727,0.2569916666666667
1728,0.2742
1729,0.2887541666666667
1730,0.3033083333333334
1731,0.3178625
1732,0.3324166666666667
1733,0.3469708333333333
1734,0.361525
1735,0.3760791666666667
1736,0.3906333333333334
1737,0.4051875
1738,0.4197416666666667
1739,0.4342958333333333
1740,0.44885
1741,0.4605291666666667
1742,0.4722083333333334
1743,0.4838875
1744,0.4955666666666666
1745,0.5072458333333333
1746,0.5189250000000001
1747,0.5306041666666667
1748,0.5422833333333333
1749,0.5539625
1750,0.5656416666666666
1751,0.5773208333333333
1752,0.589
1753,0.6038583333333334
1754,0.6187166666666667
1755,0.6335749999999999
1756,0.6484333333333333
1757,0.6632916666666666
1758,0.67815
1759,0.6930083333333333
1760,0.7078666666666666
1761,0.722725
1762,0.7375833333333333
1763,0.7524416666666666
1764,0.7673
1765,0.7637875
1766,0.7602749999999999
1767,0.7567624999999999
1768,0.75325
1769,0.7497375
1770,0.746225
1771,0.7427125
1772,0.7392
1773,0.7356875
1774,0.7321749999999999
1775,0.7286625
1776,0.72515
1777,0.7266708333333334
1778,0.7281916666666666
1779,0.7297125
1780,0.7312333333333334
1781,0.7327541666666667
1782,0.7342750000000001
1783,0.7357958333333333
1784,0.7373166666666667
1785,0.7388375
1786,0.7403583333333333
1787,0.7418791666666668
1788,0.7434000000000001
1789,0.7463333333333334
1790,0.7492666666666667
1791,0.7522000000000001
1792,0.7551333333333334
1793,0.7580666666666667
1794,0.7610000000000001
1795,0.7639333333333334
1796,0.7668666666666667
1797,0.7698
1798,0.7727333333333334
1799,0.7756666666666667
1800,0.7786000000000001
1801,0.7691083333333334
1802,0.7596166666666667
1803,0.750125
1804,0.7406333333333334
1805,0.7311416666666667
1806,0.72165
1807,0.7121583333333333
1808,0.7026666666666667
1809,0.693175
1810,0.6836833333333333
1811,0.6741916666666666
1812,0.6647
1813,0.6510458333333332
1814,0.6373916666666667
1815,0.6237375
1816,0.6100833333333333
1817,0.5964291666666667
1818,0.5827749999999999
1819,0.5691208333333333
1820,0.5554666666666667
1821,0.5418125
1822,0.5281583333333333
1823,0.5145041666666668
1824,0.50085
1825,0.4834625
1826,0.4660750000000001
1827,0.4486875
1828,0.4313
1829,0.4139125
1830,0.3965249999999999
1831,0.3791375
1832,0.36175
1833,0.3443625
1834,0.326975
1835,0.3095874999999999
1836,0.2922
1837,0.274075
1838,0.25595
1839,0.2378249999999999
1840,0.2196999999999999
1841,0.2015749999999999
1842,0.18345
1843,0.165325
1844,0.1472
1845,0.129075
1846,0.11095
1847,0.0928249999999999
1848,0.0747
1849,0.068475
1850,0.06225
1851,0.056025
1852,0.0498
1853,0.043575
1854,0.03735
1855,0.031125
1856,0.0249
1857,0.0186749999999999
1858,0.0124499999999999
1859,0.0062249999999999
1860,0.0
1861,0.0
1862,0.0
1863,0.0
1864,0.0
1865,0.0
1866,0.0
1867,0.0
1868,0.0
1869,0.0
1870,0.0
1871,0.0
1872,0.0
1873,0.0
1874,0.0
1875,0.0
1876,0.0
1877,0.0
1878,0.0
1879,0.0
1880,0.0
1881,0.0
1882,0.0
1883,0.0
1884,0.0
1885,0.0
1886,0.0
1887,0.0
1888,0.0
1889,0.0
1890,0.0
1891,0.0
1892,0.0
1893,0.0
1894,0.0
1895,0.0
1896,0.0
1897,0.0
1898,0.0
1899,0.0
1900,0.0
1901,0.0
1902,0.0
1903,0.0
1904,0.0
1905,0.0
1906,0.0
1907,0.0
1908,0.0
1909,0.0
1910,0.0
1911,0.0
1912,0.0
1913,0.0
1914,0.0
1915,0.0
1916,0.0
1917,0.0
1918,0.0
1919,0.0
1920,0.0
1921,0.0
1922,0.0
1923,0.0
1924,0.0
1925,0.0
1926,0.0
1927,0.0
1928,0.0
1929,0.0
1930,0.0
1931,0.0
1932,0.0
1933,0.0
1934,0.0
1935,0.0
1936,0.0
1937,0.0
1938,0.0
1939,0.0
1940,0.0
1941,0.0
1942,0.0
1943,0.0
1944,0.0
1945,0.0
1946,0.0
1947,0.0
1948,0.0
1949,0.0
1950,0.0
1951,0.0
1952,0.0
1953,0.0
1954,0.0
1955,0.0
1956,0.0
1957,0.0
1958,0.0
1959,0.0
1960,0.0
1961,0.0
1962,0.0
1963,0.0
1964,0.0
1965,0.0
1966,0.0
1967,0.0
1968,0.0
1969,0.0
1970,0.0
1971,0.0
1972,0.0
1973,0.0
1974,0.0
1975,0.0
1976,0.0
1977,0.0
1978,0.0
1979,0.0
1980,0.0
1981,0.0
1982,0.0
1983,0.0
1984,0.0
1985,0.0
1986,0.0
1987,0.0
1988,0.0
1989,0.0
1990,0.0
1991,0.0
1992,0.0
1993,0.0055333333333333
1994,0.0110666666666666
1995,0.0166
1996,0.0221333333333333
1997,0.0276666666666666
1998,0.0332
1999,0.0387333333333333
2000,0.0442666666666666
2001,0.0498
2002,0.0553333333333333
2003,0.0608666666666666
2004,0.0664
2005,0.0830833333333333
2006,0.0997666666666666
2007,0.11645
2008,0.1331333333333333
2009,0.1498166666666666
2010,0.1665
2011,0.1831833333333333
2012,0.1998666666666666
2013,0.21655
2014,0.2332333333333333
2015,0.2499166666666666
2016,0.2666
2017,0.2847791666666667
2018,0.3029583333333334
2019,0.3211374999999999
2020,0.3393166666666666
2021,0.3574958333333333
2022,0.375675
2023,0.3938541666666666
2024,0.4120333333333333
2025,0.4302125
2026,0.4483916666666666
2027,0.4665708333333333
2028,0.48475
2029,0.49625
2030,0.50775
2031,0.51925
2032,0.53075
2033,0.54225
2034,0.55375
2035,0.56525
2036,0.57675
2037,0.58825
2038,0.59975
2039,0.61125
2040,0.62275
2041,0.6346583333333333
2042,0.6465666666666666
2043,0.658475
2044,0.6703833333333333
2045,0.6822916666666666
2046,0.6942
2047,0.7061083333333333
2048,0.7180166666666666
2049,0.7299249999999999
2050,0.7418333333333332
2051,0.7537416666666666
2052,0.7656499999999999
2053,0.7690458333333333
2054,0.7724416666666666
2055,0.7758375
2056,0.7792333333333333
2057,0.7826291666666666
2058,0.786025
2059,0.7894208333333333
2060,0.7928166666666666
2061,0.7962125
2062,0.7996083333333334
2063,0.8030041666666666
2064,0.8064
2065,0.8004791666666666
2066,0.7945583333333333
2067,0.7886374999999999
2068,0.7827166666666666
2069,0.7767958333333332
2070,0.770875
2071,0.7649541666666666
2072,0.7590333333333333
2073,0.7531125
2074,0.7471916666666666
2075,0.7412708333333332
2076,0.73535
2077,0.7268833333333332
2078,0.7184166666666666
2079,0.70995
2080,0.7014833333333332
2081,0.6930166666666666
2082,0.68455
2083,0.6760833333333333
2084,0.6676166666666666
2085,0.65915
2086,0.6506833333333333
2087,0.6422166666666667
2088,0.63375
2089,0.6304958333333334
2090,0.6272416666666667
2091,0.6239874999999999
2092,0.6207333333333334
2093,0.6174791666666667
2094,0.614225
2095,0.6109708333333334
2096,0.6077166666666667
2097,0.6044625000000001
2098,0.6012083333333333
2099,0.5979541666666667
2100,0.5947
2101,0.5834333333333334
2102,0.5721666666666667
2103,0.5609
2104,0.5496333333333333
2105,0.5383666666666667
2106,0.5271
2107,0.5158333333333334
2108,0.5045666666666666
2109,0.4933
2110,0.4820333333333333
2111,0.4707666666666666
2112,0.4595
2113,0.4428208333333333
2114,0.4261416666666666
2115,0.4094625
2116,0.3927833333333334
2117,0.3761041666666667
2118,0.359425
2119,0.3427458333333333
2120,0.3260666666666667
2121,0.3093875
2122,0.2927083333333333
2123,0.2760291666666667
2124,0.25935
2125,0.2442
2126,0.22905
2127,0.2139
2128,0.19875
2129,0.1836
2130,0.16845
2131,0.1533
2132,0.13815
2133,0.123
2134,0.10785
2135,0.0927
2136,0.07755
2137,0.0710875
2138,0.064625
2139,0.0581625
2140,0.0517
2141,0.0452375
2142,0.038775
2143,0.0323125
2144,0.02585
2145,0.0193875
2146,0.012925
2147,0.0064625
2148,0.0
2149,0.0
2150,0.0
2151,0.0
2152,0.0
2153,0.0
2154,0.0
2155,0.0
2156,0.0
2157,0.0
2158,0.0
2159,0.0
2160,0.0
2161,0.0
2162,0.0
2163,0.0
2164,0.0
2165,0.0
2166,0.0
2167,0.0
2168,0.0
2169,0.0
2170,0.0
2171,0.0
2172,0.0
2173,0.0
2174,0.0
2175,0.0
2176,0.0
2177,0.0
2178,0.0
2179,0.0
2180,0.0
2181,0.0
2182,0.0
2183,0.0
2184,0.0
2185,0.0
2186,0.0
2187,0.0
2188,0.0
2189,0.0
2190,0.0
2191,0.0
2192,0.0
2193,0.0
2194,0.0
2195,0.0
2196,0.0
2197,0.0
2198,0.0
2199,0.0
2200,0.0
2201,0.0
2202,0.0
2203,0.0
2204,0.0
2205,0.0
2206,0.0
2207,0.0
2208,0.0
2209,0.0
2210,0.0
2211,0.0
2212,0.0
2213,0.0
2214,0.0
2215,0.0
2216,0.0
2217,0.0
2218,0.0
2219,0.0
2220,0.0
2221,0.0
2222,0.0
2223,0.0
2224,0.0
2225,0.0
2226,0.0
2227,0.0
2228,0.0
2229,0.0
2230,0.0
2231,0.0
2232,0.0
2233,0.0
2234,0.0
2235,0.0
2236,0.0
2237,0.0
2238,0.0
2239,0.0
2240,0.0
2241,0.0
2242,0.0
2243,0.0
2244,0.0
2245,0.0
2246,0.0
2247,0.0
2248,0.0
2249,0.0
2250,0.0
2251,0.0
2252,0.0
2253,0.0
2254,0.0
2255,0.0
2256,0.0
2257,0.0
2258,0.0
2259,0.0
2260,0.0
2261,0.0
2262,0.0
2263,0.0
2264,0.0
2265,0.0
2266,0.0
2267,0.0
2268,0.0
2269,0.0
2270,0.0
2271,0.0
2272,0.0
2273,0.0
2274,0.0
2275,0.0
2276,0.0
2277,0.0
2278,0.0
2279,0.0
2280,0.0
2281,0.0048375
2282,0.009675
2283,0.0145125
2284,0.01935
2285,0.0241874999999999
2286,0.029025
2287,0.0338625
2288,0.0387
2289,0.0435374999999999
2290,0.0483749999999999
2291,0.0532124999999999
2292,0.05805
2293,0.0686375
2294,0.0792249999999999
2295,0.0898125
2296,0.1004
2297,0.1109875
2298,0.121575
2299,0.1321625
2300,0.14275
2301,0.1533375
2302,0.163925
2303,0.1745125
2304,0.1851
2305,0.197925
2306,0.21075
2307,0.223575
2308,0.2364
2309,0.249225
2310,0.26205
2311,0.274875
2312,0.2877
2313,0.300525
2314,0.31335
2315,0.326175
2316,0.339
2317,0.3549458333333333
2318,0.3708916666666667
2319,0.3868375
2320,0.4027833333333334
2321,0.4187291666666667
2322,0.434675
2323,0.4506208333333333
2324,0.4665666666666667
2325,0.4825125
2326,0.4984583333333334
2327,0.5144041666666667
2328,0.53035
2329,0.5408083333333334
2330,0.5512666666666667
2331,0.561725
2332,0.5721833333333333
2333,0.5826416666666666
2334,0.5931
2335,0.6035583333333333
2336,0.6140166666666667
2337,0.6244749999999999
2338,0.6349333333333332
2339,0.6453916666666666
2340,0.6558499999999999
2341,0.6652041666666665
2342,0.6745583333333333
2343,0.6839124999999999
2344,0.6932666666666667
2345,0.7026208333333333
2346,0.711975
2347,0.7213291666666667
2348,0.7306833333333332
2349,0.7400375
2350,0.7493916666666667
2351,0.7587458333333333
2352,0.7681
2353,0.7690874999999999
2354,0.7700750000000001
2355,0.7710625
2356,0.77205
2357,0.7730375
2358,0.7740250000000001
2359,0.7750125
2360,0.776
2361,0.7769875
2362,0.777975
2363,0.7789625000000001
2364,0.77995
2365,0.7778958333333333
2366,0.7758416666666667
2367,0.7737875000000001
2368,0.7717333333333334
2369,0.7696791666666667
2370,0.767625
2371,0.7655708333333333
2372,0.7635166666666666
2373,0.7614624999999999
2374,0.7594083333333334
2375,0.7573541666666667
2376,0.7553
2377,0.7437458333333333
2378,0.7321916666666666
2379,0.7206374999999999
2380,0.7090833333333333
2381,0.6975291666666665
2382,0.6859749999999999
2383,0.6744208333333334
2384,0.6628666666666667
2385,0.6513125
2386,0.6397583333333333
2387,0.6282041666666667
2388,0.61665
2389,0.6009125000000001
2390,0.585175
2391,0.5694375
2392,0.5537000000000001
2393,0.5379625
2394,0.522225
2395,0.5064875
2396,0.49075
2397,0.4750125
2398,0.459275
2399,0.4435375
2400,0.4278
2401,0.4104875
2402,0.393175
2403,0.3758625
2404,0.35855
2405,0.3412375
2406,0.323925
2407,0.3066125
2408,0.2893
2409,0.2719875
2410,0.254675
2411,0.2373625
2412,0.22005
2413,0.2072958333333333
2414,0.1945416666666667
2415,0.1817875
2416,0.1690333333333333
2417,0.1562791666666666
2418,0.143525
2419,0.1307708333333333
2420,0.1180166666666666
2421,0.1052625
2422,0.0925083333333333
2423,0.0797541666666666
2424,0.067
2425,0.0614166666666666
2426,0.0558333333333333
2427,0.05025
2428,0.0446666666666666
2429,0.0390833333333333
2430,0.0335
2431,0.0279166666666666
2432,0.0223333333333333
2433,0.01675
2434,0.0111666666666666
2435,0.0055833333333333
2436,0.0
2437,0.0
2438,0.0
2439,0.0
2440,0.0
2441,0.0
2442,0.0
2443,0.0
2444,0.0
2445,0.0
2446,0.0
2447,0.0
2448,0.0
2449,0.0
2450,0.0
2451,0.0
2452,0.0
2453,0.0
2454,0.0
2455,0.0
2456,0.0
2457,0.0
2458,0.0
2459,0.0
2460,0.0
2461,0.0
2462,0.0
2463,0.0
2464,0.0
2465,0.0
2466,0.0
2467,0.0
2468,0.0
2469,0.0
2470,0.0
2471,0.0
2472,0.0
2473,0.0
2474,0.0
2475,0.0
2476,0.0
2477,0.0
2478,0.0
2479,0.0
2480,0.0
2481,0.0
2482,0.0
2483,0.0
2484,0.0
2485,0.0
2486,0.0
2487,0.0
2488,0.0
2489,0.0
2490,0.0
2491,0.0
2492,0.0
2493,0.0
2494,0.0
2495,0.0
2496,0.0
2497,0.0
2498,0.0
2499,0.0
2500,0.0
2501,0.0
2502,0.0
2503,0.0
2504,0.0
2505,0.0
2506,0.0
2507,0.0
2508,0.0
2509,0.0
2510,0.0
2511,0.0
2512,0.0
2513,0.0
2514,0.0
2515,0.0
2516,0.0
2517,0.0
2518,0.0
2519,0.0
2520,0.0
2521,0.0
2522,0.0
2523,0.0
2524,0.0
2525,0.0
2526,0.0
2527,0.0
2528,0.0
2529,0.0
2530,0.0
2531,0.0
2532,0.0
2533,0.0
2534,0.0
2535,0.0
2536,0.0
2537,0.0
2538,0.0
2539,0.0
2540,0.0
2541,0.0
2542,0.0
2543,0.0
2544,0.0
2545,0.0
2546,0.0
2547,0.0
2548,0.0
2549,0.0
2550,0.0
2551,0.0
2552,0.0
2553,0.0
2554,0.0
2555,0.0
2556,0.0
2557,0.0
2558,0.0
2559,0.0
2560,0.0
2561,0.0
2562,0.0
2563,0.0
2564,0.0
2565,0.0
2566,0.0
2567,0.0
2568,0.0
2569,0.0051708333333333
2570,0.0103416666666666
2571,0.0155124999999999
2572,0.0206833333333333
2573,0.0258541666666666
2574,0.0310249999999999
2575,0.0361958333333333
2576,0.0413666666666666
2577,0.0465375
2578,0.0517083333333333
2579,0.0568791666666666
2580,0.06205
2581,0.0744666666666666
2582,0.0868833333333333
2583,0.0993
2584,0.1117166666666666
2585,0.1241333333333333
2586,0.13655
2587,0.1489666666666666
2588,0.1613833333333333
2589,0.1738
2590,0.1862166666666666
2591,0.1986333333333333
2592,0.21105
2593,0.2259375
2594,0.240825
2595,0.2557125
2596,0.2706
2597,0.2854875
2598,0.300375
2599,0.3152625
2600,0.33015
2601,0.3450375
2602,0.359925
2603,0.3748125
2604,0.3897
2605,0.4123958333333333
2606,0.4350916666666667
2607,0.4577875
2608,0.4804833333333334
2609,0.5031791666666666
2610,0.525875
2611,0.5485708333333333
2612,0.5712666666666667
2613,0.5939625
2614,0.6166583333333333
2615,0.6393541666666667
2616,0.6620499999999999
2617,0.6727624999999999
2618,0.6834749999999999
2619,0.6941875
2620,0.7049
2621,0.7156125
2622,0.726325
2623,0.7370375
2624,0.74775
2625,0.7584624999999999
2626,0.7691749999999999
2627,0.7798875000000001
2628,0.7906
2629,0.7981583333333333
2630,0.8057166666666667
2631,0.813275
2632,0.8208333333333334
2633,0.8283916666666666
2634,0.83595
2635,0.8435083333333333
2636,0.8510666666666666
2637,0.858625
2638,0.8661833333333333
2639,0.8737416666666666
2640,0.8813
2641,0.8791791666666665
2642,0.8770583333333333
2643,0.8749375
2644,0.8728166666666666
2645,0.8706958333333332
2646,0.868575
2647,0.8664541666666666
2648,0.8643333333333333
2649,0.8622124999999998
2650,0.8600916666666666
2651,0.8579708333333333
2652,0.8558499999999999
2653,0.8518749999999999
2654,0.8478999999999999
2655,0.8439249999999999
2656,0.83995
2657,0.8359749999999999
2658,0.832
2659,0.828025
2660,0.82405
2661,0.8200749999999999
2662,0.8160999999999999
2663,0.812125
2664,0.8081499999999999
2665,0.7983125
2666,0.788475
2667,0.7786375
2668,0.7687999999999999
2669,0.7589625
2670,0.749125
2671,0.7392875
2672,0.72945
2673,0.7196125
2674,0.7097749999999999
2675,0.6999375
2676,0.6901
2677,0.6739083333333333
2678,0.6577166666666667
2679,0.641525
2680,0.6253333333333334
2681,0.6091416666666667
2682,0.5929500000000001
2683,0.5767583333333334
2684,0.5605666666666668
2685,0.544375
2686,0.5281833333333334
2687,0.5119916666666666
2688,0.4958
2689,0.4764375
2690,0.457075
2691,0.4377125
2692,0.41835
2693,0.3989875
2694,0.379625
2695,0.3602625
2696,0.3409
2697,0.3215375
2698,0.302175
2699,0.2828125
2700,0.2634499999999999
2701,0.2478083333333333
2702,0.2321666666666666
2703,0.2165249999999999
2704,0.2008833333333333
2705,0.1852416666666666
2706,0.1696
2707,0.1539583333333333
2708,0.1383166666666666
2709,0.1226749999999999
2710,0.1070333333333333
2711,0.0913916666666666
2712,0.07575
2713,0.0694375
2714,0.063125
2715,0.0568125
2716,0.0505
2717,0.0441875
2718,0.037875
2719,0.0315625
2720,0.02525
2721,0.0189375
2722,0.012625
2723,0.0063125
2724,0.0
2725,0.0
2726,0.0
2727,0.0
2728,0.0
2729,0.0
2730,0.0
2731,0.0
2732,0.0
2733,0.0
2734,0.0
2735,0.0
2736,0.0
2737,0.0
2738,0.0
2739,0.0
2740,0.0
2741,0.0
2742,0.0
2743,0.0
2744,0.0
2745,0.0
2746,0.0
2747,0.0
2748,0.0
2749,0.0
2750,0.0
2751,0.0
2752,0.0
2753,0.0
2754,0.0
2755,0.0
2756,0.0
2757,0.0
2758,0.0
2759,0.0
2760,0.0
2761,0.0
2762,0.0
2763,0.0
2764,0.0
2765,0.0
2766,0.0
2767,0.0
2768,0.0
2769,0.0
2770,0.0
2771,0.0
2772,0.0
2773,0.0
2774,0.0
2775,0.0
2776,0.0
2777,0.0
2778,0.0
2779,0.0
2780,0.0
2781,0.0
2782,0.0
2783,0.0
2784,0.0
2785,0.0
2786,0.0
2787,0.0
2788,0.0
2789,0.0
2790,0.0
2791,0.0
2792,0.0
2793,0.0
2794,0.0
2795,0.0
2796,0.0
2797,0.0
2798,0.0
2799,0.0
2800,0.0
2801,0.0
2802,0.0
2803,0.0
2804,0.0
2805,0.0
2806,0.0
2807,0.0
2808,0.0
2809,0.0
2810,0.0
2811,0.0
2812,0.0
2813,0.0
2814,0.0
2815,0.0
2816,0.0
2817,0.0
2818,0.0
2819,0.0
2820,0.0
2821,0.0
2822,0.0
2823,0.0
2824,0.0
2825,0.0
2826,0.0
2827,0.0
2828,0.0
2829,0.0
2830,0.0
2831,0.0
2832,0.0
2833,0.0
2834,0.0
2835,0.0
2836,0.0
2837,0.0
2838,0.0
2839,0.0
2840,0.0
2841,0.0
2842,0.0
2843,0.0
2844,0.0
2845,0.0
2846,0.0
2847,0.0
2848,0.0
2849,0.0
2850,0.0
2851,0.0
2852,0.0
2853,0.0
2854,0.0
2855,0.0
2856,0.0
2857,0.0048875
2858,0.009775
2859,0.0146625
2860,0.01955
2861,0.0244375
2862,0.029325
2863,0.0342125
2864,0.0391
2865,0.0439875
2866,0.048875
2867,0.0537625
2868,0.05865
2869,0.0729416666666666
2870,0.0872333333333333
2871,0.1015249999999999
2872,0.1158166666666666
2873,0.1301083333333333
2874,0.1444
2875,0.1586916666666666
2876,0.1729833333333333
2877,0.187275
2878,0.2015666666666666
2879,0.2158583333333333
2880,0.23015
2881,0.2449333333333333
2882,0.2597166666666666
2883,0.2745
2884,0.2892833333333333
2885,0.3040666666666666
2886,0.3188499999999999
2887,0.3336333333333333
2888,0.3484166666666666
2889,0.3631999999999999
2890,0.3779833333333333
2891,0.3927666666666666
2892,0.4075499999999999
2893,0.4218708333333333
2894,0.4361916666666666
2895,0.4505124999999999
2896,0.4648333333333333
2897,0.4791541666666666
2898,0.4934749999999999
2899,0.5077958333333333
2900,0.5221166666666667
2901,0.5364375
2902,0.5507583333333333
2903,0.5650791666666667
2904,0.5794
2905,0.5902125
2906,0.601025
2907,0.6118374999999999
2908,0.6226499999999999
2909,0.6334624999999999
2910,0.6442749999999999
2911,0.6550874999999999
2912,0.6658999999999999
2913,0.6767124999999999
2914,0.6875249999999999
2915,0.6983374999999999
2916,0.70915
2917,0.7113875
2918,0.713625
2919,0.7158625
2920,0.7181000000000001
2921,0.7203375
2922,0.7225750000000001
2923,0.7248125
2924,0.72705
2925,0.7292875
2926,0.731525
2927,0.7337625000000001
2928,0.736
2929,0.7274125
2930,0.718825
2931,0.7102375
2932,0.70165
2933,0.6930625
2934,0.6844750000000001
2935,0.6758875000000001
2936,0.6673000000000001
2937,0.6587124999999999
2938,0.650125
2939,0.6415375
2940,0.63295
2941,0.6369208333333334
2942,0.6408916666666666
2943,0.6448625000000001
2944,0.6488333333333334
2945,0.6528041666666666
2946,0.6567750000000001
2947,0.6607458333333334
2948,0.6647166666666667
2949,0.6686875
2950,0.6726583333333334
2951,0.6766291666666667
2952,0.6806
2953,0.6710041666666667
2954,0.6614083333333333
2955,0.6518125
2956,0.6422166666666667
2957,0.6326208333333334
2958,0.623025
2959,0.6134291666666667
2960,0.6038333333333333
2961,0.5942375000000001
2962,0.5846416666666666
2963,0.5750458333333334
2964,0.56545
2965,0.5542166666666667
2966,0.5429833333333334
2967,0.53175
2968,0.5205166666666666
2969,0.5092833333333333
2970,0.49805
2971,0.4868166666666667
2972,0.4755833333333333
2973,0.46435
2974,0.4531166666666666
2975,0.4418833333333333
2976,0.43065
2977,0.4149375
2978,0.3992249999999999
2979,0.3835125
2980,0.3677999999999999
2981,0.3520875
2982,0.336375
2983,0.3206624999999999
2984,0.30495
2985,0.2892375
2986,0.2735249999999999
2987,0.2578125
2988,0.2420999999999999
2989,0.2274625
2990,0.212825
2991,0.1981875
2992,0.18355
2993,0.1689125
2994,0.154275
2995,0.1396375
2996,0.125
2997,0.1103625
2998,0.095725
2999,0.0810875
3000,0.06645
3001,0.0609125
3002,0.055375
3003,0.0498375
3004,0.0443
3005,0.0387625
3006,0.033225
3007,0.0276875
3008,0.02215
3009,0.0166125
3010,0.0110749999999999
3011,0.0055374999999999
3012,0.0
3013,0.0
3014,0.0
3015,0.0
3016,0.0
3017,0.0
3018,0.0
3019,0.0
3020,0.0
3021,0.0
3022,0.0
3023,0.0
3024,0.0
3025,0.0
3026,0.0
3027,0.0
3028,0.0
3029,0.0
3030,0.0
3031,0.0
3032,0.0
3033,0.0
3034,0.0
3035,0.0
3036,0.0
3037,0.0
3038,0.0
3039,0.0
3040,0.0
3041,0.0
3042,0.0
3043,0.0
3044,0.0
3045,0.0
3046,0.0
3047,0.0
3048,0.0
3049,0.0
3050,0.0
3051,0.0
3052,0.0
3053,0.0
3054,0.0
3055,0.0
3056,0.0
3057,0.0
3058,0.0
3059,0.0
3060,0.0
3061,0.0
3062,0.0
3063,0.0
3064,0.0
3065,0.0
3066,0.0
3067,0.0
3068,0.0
3069,0.0
3070,0.0
3071,0.0
3072,0.0
3073,0.0
3074,0.0
3075,0.0
3076,0.0
3077,0.0
3078,0.0
3079,0.0
3080,0.0
3081,0.0
3082,0.0
3083,0.0
3084,0.0
3085,0.0
3086,0.0
3087,0.0
3088,0.0
3089,0.0
3090,0.0
3091,0.0
3092,0.0
3093,0.0
3094,0.0
3095,0.0
3096,0.0
3097,0.0
3098,0.0
3099,0.0
3100,0.0
3101,0.0
3102,0.0
3103,0.0
3104,0.0
3105,0.0
3106,0.0
3107,0.0
3108,0.0
3109,0.0
3110,0.0
3111,0.0
3112,0.0
3113,0.0
3114,0.0
3115,0.0
3116,0.0
3117,0.0
3118,0.0
3119,0.0
3120,0.0
3121,0.0
3122,0.0
3123,0.0
3124,0.0
3125,0.0
3126,0.0
3127,0.0
3128,0.0
3129,0.0
3130,0.0
3131,0.0
3132,0.0
3133,0.0
3134,0.0
3135,0.0
3136,0.0
3137,0.0
3138,0.0
3139,0.0
3140,0.0
3141,0.0
3142,0.0
3143,0.0
3144,0.0
3145,0.0040541666666666
3146,0.0081083333333333
3147,0.0121624999999999
3148,0.0162166666666666
3149,0.0202708333333333
3150,0.0243249999999999
3151,0.0283791666666666
3152,0.0324333333333333
3153,0.0364875
3154,0.0405416666666666
3155,0.0445958333333333
3156,0.04865
3157,0.0622916666666666
3158,0.0759333333333333
3159,0.0895749999999999
3160,0.1032166666666666
3161,0.1168583333333333
3162,0.1305
3163,0.1441416666666666
3164,0.1577833333333333
3165,0.171425
3166,0.1850666666666666
3167,0.1987083333333333
3168,0.2123499999999999
3169,0.228575
3170,0.2448
3171,0.2610249999999999
3172,0.27725
3173,0.293475
3174,0.3097
3175,0.3259249999999999
3176,0.3421499999999999
3177,0.358375
3178,0.3746
3179,0.390825
3180,0.4070499999999999
3181,0.4259083333333333
3182,0.4447666666666666
3183,0.4636249999999999
3184,0.4824833333333332
3185,0.5013416666666667
3186,0.5201999999999999
3187,0.5390583333333333
3188,0.5579166666666666
3189,0.5767749999999999
3190,0.5956333333333333
3191,0.6144916666666667
3192,0.63335
3193,0.6305375
3194,0.627725
3195,0.6249125
3196,0.6221
3197,0.6192875
3198,0.616475
3199,0.6136625
3200,0.61085
3201,0.6080375
3202,0.605225
3203,0.6024125
3204,0.5996
3205,0.6075750000000001
3206,0.6155499999999999
3207,0.623525
3208,0.6315
3209,0.639475
3210,0.6474500000000001
3211,0.6554249999999999
3212,0.6634
3213,0.671375
3214,0.6793499999999999
3215,0.687325
3216,0.6952999999999999
3217,0.6935583333333333
3218,0.6918166666666666
3219,0.6900749999999999
3220,0.6883333333333332
3221,0.6865916666666666
3222,0.6848500000000001
3223,0.6831083333333333
3224,0.6813666666666667
3225,0.679625
3226,0.6778833333333333
3227,0.6761416666666666
3228,0.6744
3229,0.6722208333333333
3230,0.6700416666666666
3231,0.6678624999999999
3232,0.6656833333333333
3233,0.6635041666666666
3234,0.6613249999999999
3235,0.6591458333333333
3236,0.6569666666666667
3237,0.6547875000000001
3238,0.6526083333333333
3239,0.6504291666666667
3240,0.64825
3241,0.64205
3242,0.63585
3243,0.6296499999999999
3244,0.6234500000000001
3245,0.61725
3246,0.61105
3247,0.60485
3248,0.59865
3249,0.59245
3250,0.58625
3251,0.5800500000000001
3252,0.57385
3253,0.5639041666666667
3254,0.5539583333333333
3255,0.5440125
3256,0.5340666666666667
3257,0.5241208333333334
3258,0.514175
3259,0.5042291666666667
3260,0.4942833333333333
3261,0.4843375
3262,0.4743916666666666
3263,0.4644458333333333
3264,0.4545
3265,0.4393999999999999
3266,0.4243
3267,0.4092
3268,0.3941
3269,0.379
3270,0.3639
3271,0.3488
3272,0.3337
3273,0.3186
3274,0.3035
3275,0.2884
3276,0.2733
3277,0.2570416666666666
3278,0.2407833333333333
3279,0.224525
3280,0.2082666666666666
3281,0.1920083333333333
3282,0.17575
3283,0.1594916666666666
3284,0.1432333333333333
3285,0.1269749999999999
3286,0.1107166666666666
3287,0.0944583333333333
3288,0.0782
3289,0.0716833333333333
3290,0.0651666666666666
3291,0.05865
3292,0.0521333333333333
3293,0.0456166666666666
3294,0.0391
3295,0.0325833333333333
3296,0.0260666666666666
3297,0.01955
3298,0.0130333333333333
3299,0.0065166666666666
3300,0.0
3301,0.0
3302,0.0
3303,0.0
3304,0.0
3305,0.0
3306,0.0
3307,0.0
3308,0.0
3309,0.0
3310,0.0
3311,0.0
3312,0.0
3313,0.0
3314,0.0
3315,0.0
3316,0.0
3317,0.0
3318,0.0
3319,0.0
3320,0.0
3321,0.0
3322,0.0
3323,0.0
3324,0.0
3325,0.0
3326,0.0
3327,0.0
3328,0.0
3329,0.0
3330,0.0
3331,0.0
3332,0.0
3333,0.0
3334,0.0
3335,0.0
3336,0.0
3337,0.0
3338,0.0
3339,0.0
3340,0.0
3341,0.0
3342,0.0
3343,0.0
3344,0.0
3345,0.0
3346,0.0
3347,0.0
3348,0.0
3349,0.0
3350,0.0
3351,0.0
3352,0.0
3353,0.0
3354,0.0
3355,0.0
3356,0.0
3357,0.0
3358,0.0
3359,0.0
3360,0.0
3361,0.0
3362,0.0
3363,0.0
3364,0.0
3365,0.0
3366,0.0
3367,0.0
3368,0.0
3369,0.0
3370,0.0
3371,0.0
3372,0.0
3373,0.0
3374,0.0
3375,0.0
3376,0.0
3377,0.0
3378,0.0
3379,0.0
3380,0.0
3381,0.0
3382,0.0
3383,0.0
3384,0.0
3385,0.0
3386,0.0
3387,0.0
3388,0.0
3389,0.0
3390,0.0
3391,0.0
3392,0.0
3393,0.0
3394,0.0
3395,0.0
3396,0.0
3397,0.0
3398,0.0
3399,0.0
3400,0.0
3401,0.0
3402,0.0
3403,0.0
3404,0.0
3405,0.0
3406,0.0
3407,0.0
3408,0.0
3409,0.0
3410,0.0
3411,0.0
3412,0.0
3413,0.0
3414,0.0
3415,0.0
3416,0.0
3417,0.0
3418,0.0
3419,0.0
3420,0.0
3421,0.0
3422,0.0
3423,0.0
3424,0.0
3425,0.0
3426,0.0
3427,0.0
3428,0.0
3429,0.0
3430,0.0
3431,0.0
3432,0.0
3433,0.003125
3434,0.00625
3435,0.009375
3436,0.0125
3437,0.015625
3438,0.01875
3439,0.021875
3440,0.025
3441,0.028125
3442,0.03125
3443,0.034375
3444,0.0375
3445,0.0470625
3446,0.056625
3447,0.0661875
3448,0.07575
3449,0.0853125
3450,0.094875
3451,0.1044375
3452,0.114
3453,0.1235625
3454,0.133125
3455,0.1426875
3456,0.15225
3457,0.1639833333333333
3458,0.1757166666666666
3459,0.1874499999999999
3460,0.1991833333333333
3461,0.2109166666666667
3462,0.22265
3463,0.2343833333333333
3464,0.2461166666666666
3465,0.25785
3466,0.2695833333333334
3467,0.2813166666666666
3468,0.29305
3469,0.3013916666666666
3470,0.3097333333333333
3471,0.318075
3472,0.3264166666666667
3473,0.3347583333333333
3474,0.3430999999999999
3475,0.3514416666666666
3476,0.3597833333333333
3477,0.368125
3478,0.3764666666666666
3479,0.3848083333333333
3480,0.39315
3481,0.4111749999999999
3482,0.4291999999999999
3483,0.447225
3484,0.46525
3485,0.4832749999999999
3486,0.5013
3487,0.519325
3488,0.53735
3489,0.555375
3490,0.5734000000000001
3491,0.5914250000000001
3492,0.60945
3493,0.6250541666666667
3494,0.6406583333333334
3495,0.6562625000000001
3496,0.6718666666666667
3497,0.6874708333333334
3498,0.703075
3499,0.7186791666666666
3500,0.7342833333333334
3501,0.7498875
3502,0.7654916666666667
3503,0.7810958333333334
3504,0.7967000000000001
3505,0.7912666666666667
3506,0.7858333333333334
3507,0.7804000000000001
3508,0.7749666666666667
3509,0.7695333333333333
3510,0.7641
3511,0.7586666666666667
3512,0.7532333333333333
3513,0.7477999999999999
3514,0.7423666666666666
3515,0.7369333333333334
3516,0.7315
3517,0.7208083333333334
3518,0.7101166666666667
3519,0.699425
3520,0.6887333333333333
3521,0.6780416666666668
3522,0.66735
3523,0.6566583333333333
3524,0.6459666666666667
3525,0.6352750000000001
3526,0.6245833333333334
3527,0.6138916666666666
3528,0.6032000000000001
3529,0.5978458333333334
3530,0.5924916666666666
3531,0.5871375000000001
3532,0.5817833333333334
3533,0.5764291666666667
3534,0.571075
3535,0.5657208333333335
3536,0.5603666666666667
3537,0.5550125
3538,0.5496583333333335
3539,0.5443041666666667
3540,0.53895
3541,0.5303416666666667
3542,0.5217333333333334
3543,0.513125
3544,0.5045166666666667
3545,0.4959083333333333
3546,0.4873
3547,0.4786916666666667
3548,0.4700833333333333
3549,0.4614749999999999
3550,0.4528666666666667
3551,0.4442583333333333
3552,0.43565
3553,0.4195791666666666
3554,0.4035083333333333
3555,0.3874375
3556,0.3713666666666667
3557,0.3552958333333333
3558,0.3392249999999999
3559,0.3231541666666666
3560,0.3070833333333333
3561,0.2910125
3562,0.2749416666666666
3563,0.2588708333333333
3564,0.2428
3565,0.228
3566,0.2132
3567,0.1983999999999999
3568,0.1835999999999999
3569,0.1688
3570,0.154
3571,0.1392
3572,0.1244
3573,0.1096
3574,0.0948
3575,0.08
3576,0.0652
3577,0.0597666666666666
3578,0.0543333333333333
3579,0.0489
3580,0.0434666666666666
3581,0.0380333333333333
3582,0.0326
3583,0.0271666666666666
3584,0.0217333333333333
3585,0.0163
3586,0.0108666666666666
3587,0.0054333333333333
3588,0.0
3589,0.0
3590,0.0
3591,0.0
3592,0.0
3593,0.0
3594,0.0
3595,0.0
3596,0.0
3597,0.0
3598,0.0
3599,0.0
3600,0.0
3601,0.0
3602,0.0
3603,0.0
3604,0.0
3605,0.0
3606,0.0
3607,0.0
3608,0.0
3609,0.0
3610,0.0
3611,0.0
3612,0.0
3613,0.0
3614,0.0
3615,0.0
3616,0.0
3617,0.0
3618,0.0
3619,0.0
3620,0.0
3621,0.0
3622,0.0
3623,0.0
3624,0.0
3625,0.0
3626,0.0
3627,0.0
3628,0.0
3629,0.0
3630,0.0
3631,0.0
3632,0.0
3633,0.0
3634,0.0
3635,0.0
3636,0.0
3637,0.0
3638,0.0
3639,0.0
3640,0.0
3641,0.0
3642,0.0
3643,0.0
3644,0.0
3645,0.0
3646,0.0
3647,0.0
3648,0.0
3649,0.0
3650,0.0
3651,0.0
3652,0.0
3653,0.0
3654,0.0
3655,0.0
3656,0.0
3657,0.0
3658,0.0
3659,0.0
3660,0.0
3661,0.0
3662,0.0
3663,0.0
3664,0.0
3665,0.0
3666,0.0
3667,0.0
3668,0.0
3669,0.0
3670,0.0
3671,0.0
3672,0.0
3673,0.0
3674,0.0
3675,0.0
3676,0.0
3677,0.0
3678,0.0
3679,0.0
3680,0.0
3681,0.0
3682,0.0
3683,0.0
3684,0.0
3685,0.0
3686,0.0
3687,0.0
3688,0.0
3689,0.0
3690,0.0
3691,0.0
3692,0.0
3693,0.0
3694,0.0
3695,0.0
3696,0.0
3697,0.0
3698,0.0
3699,0.0
3700,0.0
3701,0.0
3702,0.0
3703,0.0
3704,0.0
3705,0.0
3706,0.0
3707,0.0
3708,0.0
3709,0.0
3710,0.0
3711,0.0
3712,0.0
3713,0.0
3714,0.0
3715,0.0
3716,0.0
3717,0.0
3718,0.0
3719,0.0
3720,0.0
3721,0.0028916666666666
3722,0.0057833333333333
3723,0.008675
3724,0.0115666666666666
3725,0.0144583333333333
3726,0.01735
3727,0.0202416666666666
3728,0.0231333333333333
3729,0.026025
3730,0.0289166666666666
3731,0.0318083333333333
3732,0.0347
3733,0.0426125
3734,0.050525
3735,0.0584375
3736,0.06635
3737,0.0742625
3738,0.082175
3739,0.0900875
3740,0.098
3741,0.1059125
3742,0.113825
3743,0.1217375
3744,0.12965
3745,0.1451666666666667
3746,0.1606833333333333
3747,0.1762
3748,0.1917166666666666
3749,0.2072333333333333
3750,0.22275
3751,0.2382666666666666
3752,0.2537833333333333
3753,0.2693
3754,0.2848166666666666
3755,0.3003333333333334
3756,0.31585
3757,0.3256333333333333
3758,0.3354166666666667
3759,0.3452
3760,0.3549833333333334
3761,0.3647666666666666
3762,0.37455
3763,0.3843333333333333
3764,0.3941166666666666
3765,0.4039
3766,0.4136833333333333
3767,0.4234666666666667
3768,0.43325
3769,0.4443
3770,0.45535
3771,0.4664
3772,0.47745
3773,0.4885
3774,0.49955
3775,0.5106
3776,0.52165
3777,0.5327000000000001
3778,0.54375
3779,0.5548000000000001
3780,0.5658500000000001
3781,0.5742041666666666
3782,0.5825583333333334
3783,0.5909125000000001
3784,0.5992666666666666
3785,0.6076208333333334
3786,0.615975
3787,0.6243291666666666
3788,0.6326833333333334
3789,0.6410375
3790,0.6493916666666667
3791,0.6577458333333334
3792,0.6661
3793,0.6535125
3794,0.640925
3795,0.6283375
3796,0.61575
3797,0.6031625
3798,0.5905750000000001
3799,0.5779875
3800,0.5654
3801,0.5528125
3802,0.540225
3803,0.5276375
3804,0.51505
3805,0.527125
3806,0.5391999999999999
3807,0.551275
3808,0.56335
3809,0.575425
3810,0.5875
3811,0.5995750000000001
3812,0.61165
3813,0.623725
3814,0.6358
3815,0.647875
3816,0.65995
3817,0.6545333333333334
3818,0.6491166666666667
3819,0.6437
3820,0.6382833333333334
3821,0.6328666666666667
3822,0.6274500000000001
3823,0.6220333333333334
3824,0.6166166666666667
3825,0.6112000000000001
3826,0.6057833333333335
3827,0.6003666666666667
3828,0.5949500000000001
3829,0.5817
3830,0.56845
3831,0.5552
3832,0.54195
3833,0.5287000000000001
3834,0.5154500000000001
3835,0.5022
3836,0.48895
3837,0.4757
3838,0.4624499999999999
3839,0.4492
3840,0.43595
3841,0.4224
3842,0.40885
3843,0.3953
3844,0.38175
3845,0.3681999999999999
3846,0.3546499999999999
3847,0.3411
3848,0.32755
3849,0.314
3850,0.30045
3851,0.2869
3852,0.27335
3853,0.256725
3854,0.2401
3855,0.223475
3856,0.20685
3857,0.190225
3858,0.1736
3859,0.156975
3860,0.14035
3861,0.1237249999999999
3862,0.1071
3863,0.0904749999999999
3864,0.07385
3865,0.0676958333333333
3866,0.0615416666666666
3867,0.0553874999999999
3868,0.0492333333333333
3869,0.0430791666666666
3870,0.036925
3871,0.0307708333333333
3872,0.0246166666666666
3873,0.0184625
3874,0.0123083333333333
3875,0.0061541666666666
3876,0.0
3877,0.0
3878,0.0
3879,0.0
3880,0.0
3881,0.0
3882,0.0
3883,0.0
3884,0.0
3885,0.0
3886,0.0
3887,0.0
3888,0.0
3889,0.0
3890,0.0
3891,0.0
3892,0.0
3893,0.0
3894,0.0
3895,0.0
3896,0.0
3897,0.0
3898,0.0
3899,0.0
3900,0.0
3901,0.0
3902,0.0
3903,0.0
3904,0.0
3905,0.0
3906,0.0
3907,0.0
3908,0.0
3909,0.0
3910,0.0
3911,0.0
3912,0.0
3913,0.0
3914,0.0
3915,0.0
3916,0.0
3917,0.0
3918,0.0
3919,0.0
3920,0.0
3921,0.0
3922,0.0
3923,0.0
3924,0.0
3925,0.0
3926,0.0
3927,0.0
3928,0.0
3929,0.0
3930,0.0
3931,0.0
3932,0.0
3933,0.0
3934,0.0
3935,0.0
3936,0.0
3937,0.0
3938,0.0
3939,0.0
3940,0.0
3941,0.0
3942,0.0
3943,0.0
3944,0.0
3945,0.0
3946,0.0
3947,0.0
3948,0.0
3949,0.0
3950,0.0
3951,0.0
3952,0.0
3953,0.0
3954,0.0
3955,0.0
3956,0.0
3957,0.0
3958,0.0
3959,0.0
3960,0.0
3961,0.0
3962,0.0
3963,0.0
3964,0.0
3965,0.0
3966,0.0
3967,0.0
3968,0.0
3969,0.0
3970,0.0
3971,0.0
3972,0.0
3973,0.0
3974,0.0
3975,0.0
3976,0.0
3977,0.0
3978,0.0
3979,0.0
3980,0.0
3981,0.0
3982,0.0
3983,0.0
3984,0.0
3985,0.0
3986,0.0
3987,0.0
3988,0.0
3989,0.0
3990,0.0
3991,0.0
3992,0.0
3993,0.0
3994,0.0
3995,0.0
3996,0.0
3997,0.0
3998,0.0
3999,0.0
4000,0.0
4001,0.0
4002,0.0
4003,0.0
4004,0.0
4005,0.0
4006,0.0
4007,0.0
4008,0.0
4009,0.0036083333333333
4010,0.0072166666666666
4011,0.010825
4012,0.0144333333333333
4013,0.0180416666666666
4014,0.02165
4015,0.0252583333333333
4016,0.0288666666666666
4017,0.032475
4018,0.0360833333333333
4019,0.0396916666666666
4020,0.0433
4021,0.0523708333333333
4022,0.0614416666666666
4023,0.0705125
4024,0.0795833333333333
4025,0.0886541666666666
4026,0.097725
4027,0.1067958333333333
4028,0.1158666666666666
4029,0.1249375
4030,0.1340083333333333
4031,0.1430791666666666
4032,0.15215
4033,0.1571333333333333
4034,0.1621166666666667
4035,0.1671
4036,0.1720833333333333
4037,0.1770666666666666
4038,0.18205
4039,0.1870333333333333
4040,0.1920166666666666
4041,0.197
4042,0.2019833333333333
4043,0.2069666666666666
4044,0.21195
4045,0.2201708333333333
4046,0.2283916666666666
4047,0.2366125
4048,0.2448333333333333
4049,0.2530541666666667
4050,0.261275
4051,0.2694958333333333
4052,0.2777166666666667
4053,0.2859375
4054,0.2941583333333333
4055,0.3023791666666667
4056,0.3106
4057,0.3278041666666667
4058,0.3450083333333333
4059,0.3622125
4060,0.3794166666666667
4061,0.3966208333333333
4062,0.413825
4063,0.4310291666666666
4064,0.4482333333333334
4065,0.4654375
4066,0.4826416666666666
4067,0.4998458333333333
4068,0.51705
4069,0.5233833333333333
4070,0.5297166666666666
4071,0.5360499999999999
4072,0.5423833333333333
4073,0.5487166666666666
4074,0.5550499999999999
4075,0.5613833333333333
4076,0.5677166666666665
4077,0.57405
4078,0.5803833333333334
4079,0.5867166666666666
4080,0.59305
4081,0.6002291666666666
4082,0.6074083333333333
4083,0.6145875
4084,0.6217666666666667
4085,0.6289458333333333
4086,0.636125
4087,0.6433041666666667
4088,0.6504833333333333
4089,0.6576625
4090,0.6648416666666667
4091,0.6720208333333334
4092,0.6792
4093,0.6792750000000001
4094,0.67935
4095,0.6794250000000001
4096,0.6795
4097,0.679575
4098,0.6796500000000001
4099,0.679725
4100,0.6798000000000001
4101,0.679875
4102,0.67995
4103,0.680025
4104,0.6801
4105,0.67405
4106,0.668
4107,0.66195
4108,0.6558999999999999
4109,0.64985
4110,0.6438
4111,0.63775
4112,0.6317
4113,0.6256499999999999
4114,0.6196
4115,0.6135499999999999
4116,0.6075
4117,0.5937708333333334
4118,0.5800416666666667
4119,0.5663125
4120,0.5525833333333334
4121,0.5388541666666666
4122,0.525125
4123,0.5113958333333333
4124,0.4976666666666667
4125,0.4839375
4126,0.4702083333333333
4127,0.4564791666666666
4128,0.44275
4129,0.42655
4130,0.41035
4131,0.39415
4132,0.37795
4133,0.36175
4134,0.34555
4135,0.32935
4136,0.31315
4137,0.29695
4138,0.28075
4139,0.26455
4140,0.24835
4141,0.2334583333333333
4142,0.2185666666666667
4143,0.203675
4144,0.1887833333333333
4145,0.1738916666666666
4146,0.159
4147,0.1441083333333333
4148,0.1292166666666667
4149,0.114325
4150,0.0994333333333333
4151,0.0845416666666666
4152,0.06965
4153,0.0638458333333333
4154,0.0580416666666666
4155,0.0522375
4156,0.0464333333333333
4157,0.0406291666666666
4158,0.034825
4159,0.0290208333333333
4160,0.0232166666666666
4161,0.0174125
4162,0.0116083333333333
4163,0.0058041666666666
4164,0.0
4165,0.0
4166,0.0
4167,0.0
4168,0.0
4169,0.0
4170,0.0
4171,0.0
4172,0.0
4173,0.0
4174,0.0
4175,0.0
4176,0.0
4177,0.0
4178,0.0
4179,0.0
4180,0.0
4181,0.0
4182,0.0
4183,0.0
4184,0.0
4185,0.0
4186,0.0
4187,0.0
4188,0.0
4189,0.0
4190,0.0
4191,0.0
4192,0.0
4193,0.0
4194,0.0
4195,0.0
4196,0.0
4197,0.0
4198,0.0
4199,0.0
4200,0.0
4201,0.0
4202,0.0
4203,0.0
4204,0.0
4205,0.0
4206,0.0
4207,0.0
4208,0.0
4209,0.0
4210,0.0
4211,0.0
4212,0.0
4213,0.0
4214,0.0
4215,0.0
4216,0.0
4217,0.0
4218,0.0
4219,0.0
4220,0.0
4221,0.0
4222,0.0
4223,0.0
4224,0.0
4225,0.0
4226,0.0
4227,0.0
4228,0.0
4229,0.0
4230,0.0
4231,0.0
4232,0.0
4233,0.0
4234,0.0
4235,0.0
4236,0.0
4237,0.0
4238,0.0
4239,0.0
4240,0.0
4241,0.0
4242,0.0
4243,0.0
4244,0.0
4245,0.0
4246,0.0
4247,0.0
4248,0.0
4249,0.0
4250,0.0
4251,0.0
4252,0.0
4253,0.0
4254,0.0
4255,0.0
4256,0.0
4257,0.0
4258,0.0
4259,0.0
4260,0.0
4261,0.0
4262,0.0
4263,0.0
4264,0.0
4265,0.0
4266,0.0
4267,0.0
4268,0.0
4269,0.0
4270,0.0
4271,0.0
4272,0.0
4273,0.0
4274,0.0
4275,0.0
4276,0.0
4277,0.0
4278,0.0
4279,0.0
4280,0.0
4281,0.0
4282,0.0
4283,0.0
4284,0.0
4285,0.0
4286,0.0
4287,0.0
4288,0.0
4289,0.0
4290,0.0
4291,0.0
4292,0.0
4293,0.0
4294,0.0
4295,0.0
4296,0.0
4297,0.0048541666666666
4298,0.0097083333333333
4299,0.0145625
4300,0.0194166666666666
4301,0.0242708333333333
4302,0.029125
4303,0.0339791666666666
4304,0.0388333333333333
4305,0.0436875
4306,0.0485416666666666
4307,0.0533958333333333
4308,0.05825
4309,0.0705083333333333
4310,0.0827666666666666
4311,0.095025
4312,0.1072833333333333
4313,0.1195416666666666
4314,0.1318
4315,0.1440583333333333
4316,0.1563166666666666
4317,0.1685749999999999
4318,0.1808333333333333
4319,0.1930916666666666
4320,0.20535
4321,0.2235875
4322,0.2418249999999999
4323,0.2600625
4324,0.2783
4325,0.2965375
4326,0.3147749999999999
4327,0.3330125
4328,0.35125
4329,0.3694875
4330,0.387725
4331,0.4059625
4332,0.4241999999999999
4333,0.4387166666666666
4334,0.4532333333333333
4335,0.46775
4336,0.4822666666666667
4337,0.4967833333333333
4338,0.5113
4339,0.5258166666666666
4340,0.5403333333333332
4341,0.5548500000000001
4342,0.5693666666666667
4343,0.5838833333333333
4344,0.5983999999999999
4345,0.6056125
4346,0.6128250000000001
4347,0.6200375
4348,0.62725
4349,0.6344624999999999
4350,0.641675
4351,0.6488875000000001
4352,0.6561
4353,0.6633125
4354,0.670525
4355,0.6777375000000001
4356,0.6849500000000001
4357,0.6891458333333333
4358,0.6933416666666667
4359,0.6975375
4360,0.7017333333333333
4361,0.7059291666666667
4362,0.710125
4363,0.7143208333333333
4364,0.7185166666666667
4365,0.7227125
4366,0.7269083333333333
4367,0.7311041666666667
4368,0.7353
4369,0.7301708333333333
4370,0.7250416666666666
4371,0.7199125
4372,0.7147833333333333
4373,0.7096541666666667
4374,0.704525
4375,0.6993958333333332
4376,0.6942666666666667
4377,0.6891375000000001
4378,0.6840083333333333
4379,0.6788791666666666
4380,0.67375
4381,0.6740958333333333
4382,0.6744416666666667
4383,0.6747875
4384,0.6751333333333334
4385,0.6754791666666667
4386,0.675825
4387,0.6761708333333334
4388,0.6765166666666668
4389,0.6768625
4390,0.6772083333333334
4391,0.6775541666666668
4392,0.6779000000000001
4393,0.6691125000000001
4394,0.660325
4395,0.6515375000000001
4396,0.6427500000000002
4397,0.6339625000000001
4398,0.625175
4399,0.6163875000000001
4400,0.6076
4401,0.5988125000000001
4402,0.5900250000000001
4403,0.5812375000000001
4404,0.57245
4405,0.5589916666666667
4406,0.5455333333333334
4407,0.5320750000000001
4408,0.5186166666666667
4409,0.5051583333333334
4410,0.4917
4411,0.4782416666666667
4412,0.4647833333333334
4413,0.451325
4414,0.4378666666666667
4415,0.4244083333333334
4416,0.41095
4417,0.398575
4418,0.3862
4419,0.373825
4420,0.36145
4421,0.349075
4422,0.3367
4423,0.324325
4424,0.31195
4425,0.299575
4426,0.2872
4427,0.274825
4428,0.2624499999999999
4429,0.2464708333333333
4430,0.2304916666666666
4431,0.2145125
4432,0.1985333333333333
4433,0.1825541666666666
4434,0.166575
4435,0.1505958333333333
4436,0.1346166666666666
4437,0.1186374999999999
4438,0.1026583333333333
4439,0.0866791666666666
4440,0.0706999999999999
4441,0.0648083333333333
4442,0.0589166666666666
4443,0.0530249999999999
4444,0.0471333333333333
4445,0.0412416666666666
4446,0.0353499999999999
4447,0.0294583333333333
4448,0.0235666666666666
4449,0.0176749999999999
4450,0.0117833333333333
4451,0.0058916666666666
4452,0.0
4453,0.0
4454,0.0
4455,0.0
4456,0.0
4457,0.0
4458,0.0
4459,0.0
4460,0.0
4461,0.0
4462,0.0
4463,0.0
4464,0.0
4465,0.0
4466,0.0
4467,0.0
4468,0.0
4469,0.0
4470,0.0
4471,0.0
4472,0.0
4473,0.0
4474,0.0
4475,0.0
4476,0.0
4477,0.0
4478,0.0
4479,0.0
4480,0.0
4481,0.0
4482,0.0
4483,0.0
4484,0.0
4485,0.0
4486,0.0
4487,0.0
4488,0.0
4489,0.0
4490,0.0
4491,0.0
4492,0.0
4493,0.0
4494,0.0
4495,0.0
4496,0.0
4497,0.0
4498,0.0
4499,0.0
4500,0.0
4501,0.0
4502,0.0
4503,0.0
4504,0.0
4505,0.0
4506,0.0
4507,0.0
4508,0.0
4509,0.0
4510,0.0
4511,0.0
4512,0.0
4513,0.0
4514,0.0
4515,0.0
4516,0.0
4517,0.0
4518,0.0
4519,0.0
4520,0.0
4521,0.0
4522,0.0
4523,0.0
4524,0.0
4525,0.0
4526,0.0
4527,0.0
4528,0.0
4529,0.0
4530,0.0
4531,0.0
4532,0.0
4533,0.0
4534,0.0
4535,0.0
4536,0.0
4537,0.0
4538,0.0
4539,0.0
4540,0.0
4541,0.0
4542,0.0
4543,0.0
4544,0.0
4545,0.0
4546,0.0
4547,0.0
4548,0.0
4549,0.0
4550,0.0
4551,0.0
4552,0.0
4553,0.0
4554,0.0
4555,0.0
4556,0.0
4557,0.0
4558,0.0
4559,0.0
4560,0.0
4561,0.0
4562,0.0
4563,0.0
4564,0.0
4565,0.0
4566,0.0
4567,0.0
4568,0.0
4569,0.0
4570,0.0
4571,0.0
4572,0.0
4573,0.0
4574,0.0
4575,0.0
4576,0.0
4577,0.0
4578,0.0
4579,0.0
4580,0.0
4581,0.0
4582,0.0
4583,0.0
4584,0.0
4585,0.0018791666666666
4586,0.0037583333333333
4587,0.0056375
4588,0.0075166666666666
4589,0.0093958333333333
4590,0.011275
4591,0.0131541666666666
4592,0.0150333333333333
4593,0.0169125
4594,0.0187916666666666
4595,0.0206708333333333
4596,0.02255
4597,0.0276
4598,0.03265
4599,0.0377
4600,0.04275
4601,0.0478
4602,0.05285
4603,0.0579
4604,0.06295
4605,0.068
4606,0.07305
4607,0.0781
4608,0.08315
4609,0.0949666666666666
4610,0.1067833333333333
4611,0.1186
4612,0.1304166666666666
4613,0.1422333333333333
4614,0.15405
4615,0.1658666666666666
4616,0.1776833333333333
4617,0.1895
4618,0.2013166666666666
4619,0.2131333333333333
4620,0.2249499999999999
4621,0.2433999999999999
4622,0.26185
4623,0.2803
4624,0.29875
4625,0.3172
4626,0.33565
4627,0.3541
4628,0.37255
4629,0.391
4630,0.40945
4631,0.4279
4632,0.44635
4633,0.4642625
4634,0.482175
4635,0.5000875
4636,0.518
4637,0.5359125
4638,0.553825
4639,0.5717375
4640,0.58965
4641,0.6075625
4642,0.6254749999999999
4643,0.6433874999999999
4644,0.6613
4645,0.6634166666666667
4646,0.6655333333333333
4647,0.66765
4648,0.6697666666666666
4649,0.6718833333333333
4650,0.674
4651,0.6761166666666667
4652,0.6782333333333334
4653,0.68035
4654,0.6824666666666667
4655,0.6845833333333333
4656,0.6867000000000001
4657,0.6746291666666667
4658,0.6625583333333334
4659,0.6504875000000001
4660,0.6384166666666667
4661,0.6263458333333334
4662,0.6142750000000001
4663,0.6022041666666667
4664,0.5901333333333333
4665,0.5780625
4666,0.5659916666666667
4667,0.5539208333333333
4668,0.54185
4669,0.5389958333333333
4670,0.5361416666666666
4671,0.5332875
4672,0.5304333333333334
4673,0.5275791666666666
4674,0.524725
4675,0.5218708333333333
4676,0.5190166666666667
4677,0.5161625
4678,0.5133083333333333
4679,0.5104541666666667
4680,0.5075999999999999
4681,0.5060166666666667
4682,0.5044333333333333
4683,0.50285
4684,0.5012666666666666
4685,0.4996833333333333
4686,0.4981
4687,0.4965166666666666
4688,0.4949333333333333
4689,0.49335
4690,0.4917666666666666
4691,0.4901833333333333
4692,0.4886
4693,0.4754708333333333
4694,0.4623416666666667
4695,0.4492125
4696,0.4360833333333334
4697,0.4229541666666667
4698,0.409825
4699,0.3966958333333333
4700,0.3835666666666666
4701,0.3704375
4702,0.3573083333333333
4703,0.3441791666666666
4704,0.33105
4705,0.3118416666666667
4706,0.2926333333333333
4707,0.273425
4708,0.2542166666666667
4709,0.2350083333333333
4710,0.2158
4711,0.1965916666666667
4712,0.1773833333333333
4713,0.158175
4714,0.1389666666666667
4715,0.1197583333333333
4716,0.10055
4717,0.0954416666666666
4718,0.0903333333333333
4719,0.085225
4720,0.0801166666666666
4721,0.0750083333333333
4722,0.0699
4723,0.0647916666666666
4724,0.0596833333333333
4725,0.054575
4726,0.0494666666666666
4727,0.0443583333333333
4728,0.03925
4729,0.0359791666666666
4730,0.0327083333333333
4731,0.0294375
4732,0.0261666666666666
4733,0.0228958333333333
4734,0.019625
4735,0.0163541666666666
4736,0.0130833333333333
4737,0.0098124999999999
4738,0.0065416666666666
4739,0.0032708333333333
4740,0.0
4741,0.0
4742,0.0
4743,0.0
4744,0.0
4745,0.0
4746,0.0
4747,0.0
4748,0.0
4749,0.0
4750,0.0
4751,0.0
4752,0.0
4753,0.0
4754,0.0
4755,0.0
4756,0.0
4757,0.0
4758,0.0
4759,0.0
4760,0.0
4761,0.0
4762,0.0
4763,0.0
4764,0.0
4765,0.0
4766,0.0
4767,0.0
4768,0.0
4769,0.0
4770,0.0
4771,0.0
4772,0.0
4773,0.0
4774,0.0
4775,0.0
4776,0.0
4777,0.0
4778,0.0
4779,0.0
4780,0.0
4781,0.0
4782,0.0
4783,0.0
4784,0.0
4785,0.0
4786,0.0
4787,0.0
4788,0.0
4789,0.0
4790,0.0
4791,0.0
4792,0.0
4793,0.0
4794,0.0
4795,0.0
4796,0.0
4797,0.0
4798,0.0
4799,0.0
4800,0.0
4801,0.0
4802,0.0
4803,0.0
4804,0.0
4805,0.0
4806,0.0
4807,0.0
4808,0.0
4809,0.0
4810,0.0
4811,0.0
4812,0.0
4813,0.0
4814,0.0
4815,0.0
4816,0.0
4817,0.0
4818,0.0
4819,0.0
4820,0.0
4821,0.0
4822,0.0
4823,0.0
4824,0.0
4825,0.0
4826,0.0
4827,0.0
4828,0.0
4829,0.0
4830,0.0
4831,0.0
4832,0.0
4833,0.0
4834,0.0
4835,0.0
4836,0.0
4837,0.0
4838,0.0
4839,0.0
4840,0.0
4841,0.0
4842,0.0
4843,0.0
4844,0.0
4845,0.0
4846,0.0
4847,0.0
4848,0.0
4849,0.0
4850,0.0
4851,0.0
4852,0.0
4853,0.0
4854,0.0
4855,0.0
4856,0.0
4857,0.0
4858,0.0
4859,0.0
4860,0.0
4861,0.0
4862,0.0
4863,0.0
4864,0.0
4865,0.0
4866,0.0
4867,0.0
4868,0.0
4869,0.0
4870,0.0
4871,0.0
4872,0.0
4873,0.0031458333333333
4874,0.0062916666666666
4875,0.0094375
4876,0.0125833333333333
4877,0.0157291666666666
4878,0.018875
4879,0.0220208333333333
4880,0.0251666666666666
4881,0.0283125
4882,0.0314583333333333
4883,0.0346041666666666
4884,0.03775
4885,0.0484541666666666
4886,0.0591583333333333
4887,0.0698625
4888,0.0805666666666666
4889,0.0912708333333333
4890,0.101975
4891,0.1126791666666666
4892,0.1233833333333333
4893,0.1340874999999999
4894,0.1447916666666666
4895,0.1554958333333333
4896,0.1662
4897,0.1748333333333333
4898,0.1834666666666666
4899,0.1921
4900,0.2007333333333333
4901,0.2093666666666666
4902,0.218
4903,0.2266333333333333
4904,0.2352666666666666
4905,0.2439
4906,0.2525333333333333
4907,0.2611666666666666
4908,0.2698
4909,0.273675
4910,0.27755
4911,0.281425
4912,0.2853
4913,0.289175
4914,0.29305
4915,0.296925
4916,0.3008
4917,0.304675
4918,0.30855
4919,0.312425
4920,0.3163
4921,0.31965
4922,0.323
4923,0.32635
4924,0.3297
4925,0.33305
4926,0.3364
4927,0.33975
4928,0.3431
4929,0.34645
4930,0.3498
4931,0.3531499999999999
4932,0.3565
4933,0.3610833333333333
4934,0.3656666666666667
4935,0.37025
4936,0.3748333333333333
4937,0.3794166666666667
4938,0.384
4939,0.3885833333333333
4940,0.3931666666666666
4941,0.39775
4942,0.4023333333333333
4943,0.4069166666666667
4944,0.4115
4945,0.4218333333333333
4946,0.4321666666666667
4947,0.4425
4948,0.4528333333333333
4949,0.4631666666666666
4950,0.4735
4951,0.4838333333333333
4952,0.4941666666666667
4953,0.5045
4954,0.5148333333333334
4955,0.5251666666666667
4956,0.5355
4957,0.5430791666666667
4958,0.5506583333333332
4959,0.5582374999999999
4960,0.5658166666666667
4961,0.5733958333333333
4962,0.580975
4963,0.5885541666666667
4964,0.5961333333333333
4965,0.6037125
4966,0.6112916666666668
4967,0.6188708333333334
4968,0.6264500000000001
4969,0.6186125000000001
4970,0.6107750000000001
4971,0.6029375
4972,0.5951000000000001
4973,0.5872625
4974,0.579425
4975,0.5715875
4976,0.56375
4977,0.5559125
4978,0.5480750000000001
4979,0.5402374999999999
4980,0.5324
4981,0.5137875000000001
4982,0.495175
4983,0.4765625
4984,0.4579499999999999
4985,0.4393375
4986,0.420725
4987,0.4021125
4988,0.3835
4989,0.3648875
4990,0.346275
4991,0.3276625
4992,0.30905
4993,0.292475
4994,0.2759
4995,0.2593249999999999
4996,0.24275
4997,0.226175
4998,0.2095999999999999
4999,0.1930249999999999
5000,0.17645
5001,0.159875
5002,0.1432999999999999
5003,0.1267249999999999
5004,0.11015
5005,0.1043333333333333
5006,0.0985166666666666
5007,0.0926999999999999
5008,0.0868833333333333
5009,0.0810666666666666
5010,0.07525
5011,0.0694333333333333
5012,0.0636166666666666
5013,0.0578
5014,0.0519833333333333
5015,0.0461666666666666
5016,0.04035
5017,0.0369875
5018,0.033625
5019,0.0302624999999999
5020,0.0269
5021,0.0235375
5022,0.020175
5023,0.0168125
5024,0.01345
5025,0.0100875
5026,0.0067249999999999
5027,0.0033624999999999
5028,0.0
5029,0.0
5030,0.0
5031,0.0
5032,0.0
5033,0.0
5034,0.0
5035,0.0
5036,0.0
5037,0.0
5038,0.0
5039,0.0
5040,0.0
5041,0.0
5042,0.0
5043,0.0
5044,0.0
5045,0.0
5046,0.0
5047,0.0
5048,0.0
5049,0.0
5050,0.0
5051,0.0
5052,0.0
5053,0.0
5054,0.0
5055,0.0
5056,0.0
5057,0.0
5058,0.0
5059,0.0
5060,0.0
5061,0.0
5062,0.0
5063,0.0
5064,0.0
5065,0.0
5066,0.0
5067,0.0
5068,0.0
5069,0.0
5070,0.0
5071,0.0
5072,0.0
5073,0.0
5074,0.0
5075,0.0
5076,0.0
5077,0.0
5078,0.0
5079,0.0
5080,0.0
5081,0.0
5082,0.0
5083,0.0
5084,0.0
5085,0.0
5086,0.0
5087,0.0
5088,0.0
5089,0.0
5090,0.0
5091,0.0
5092,0.0
5093,0.0
5094,0.0
5095,0.0
5096,0.0
5097,0.0
5098,0.0
5099,0.0
5100,0.0
5101,0.0
5102,0.0
5103,0.0
5104,0.0
5105,0.0
5106,0.0
5107,0.0
5108,0.0
5109,0.0
5110,0.0
5111,0.0
5112,0.0
5113,0.0
5114,0.0
5115,0.0
5116,0.0
5117,0.0
5118,0.0
5119,0.0
5120,0.0
5121,0.0
5122,0.0
5123,0.0
5124,0.0
5125,0.0
5126,0.0
5127,0.0
5128,0.0
5129,0.0
5130,0.0
5131,0.0
5132,0.0
5133,0.0
5134,0.0
5135,0.0
5136,0.0
5137,0.0
5138,0.0
5139,0.0
5140,0.0
5141,0.0
5142,0.0
5143,0.0
5144,0.0
5145,0.0
5146,0.0
5147,0.0
5148,0.0
5149,0.0
5150,0.0
5151,0.0
5152,0.0
5153,0.0
5154,0.0
5155,0.0
5156,0.0
5157,0.0
5158,0.0
5159,0.0
5160,0.0
5161,0.002175
5162,0.00435
5163,0.0065249999999999
5164,0.0087
5165,0.010875
5166,0.0130499999999999
5167,0.0152249999999999
5168,0.0174
5169,0.019575
5170,0.02175
5171,0.023925
5172,0.0260999999999999
5173,0.03035
5174,0.0345999999999999
5175,0.0388499999999999
5176,0.0430999999999999
5177,0.0473499999999999
5178,0.0515999999999999
5179,0.05585
5180,0.0600999999999999
5181,0.0643499999999999
5182,0.0686
5183,0.07285
5184,0.0770999999999999
5185,0.0968666666666666
5186,0.1166333333333333
5187,0.1364
5188,0.1561666666666666
5189,0.1759333333333333
5190,0.1957
5191,0.2154666666666666
5192,0.2352333333333333
5193,0.255
5194,0.2747666666666667
5195,0.2945333333333333
5196,0.3143
5197,0.3293375
5198,0.344375
5199,0.3594125
5200,0.37445
5201,0.3894875
5202,0.404525
5203,0.4195625
5204,0.4346
5205,0.4496374999999999
5206,0.464675
5207,0.4797125
5208,0.49475
5209,0.511025
5210,0.5273
5211,0.5435749999999999
5212,0.5598500000000001
5213,0.576125
5214,0.5923999999999999
5215,0.608675
5216,0.6249499999999999
5217,0.6412249999999999
5218,0.6575
5219,0.673775
5220,0.6900499999999999
5221,0.688625
5222,0.6871999999999999
5223,0.685775
5224,0.68435
5225,0.682925
5226,0.6815
5227,0.6800750000000001
5228,0.67865
5229,0.6772250000000001
5230,0.6758000000000001
5231,0.674375
5232,0.67295
5233,0.6775500000000001
5234,0.6821500000000001
5235,0.68675
5236,0.69135
5237,0.6959500000000001
5238,0.70055
5239,0.7051499999999999
5240,0.70975
5241,0.71435
5242,0.7189500000000001
5243,0.7235499999999999
5244,0.72815
5245,0.7111958333333334
5246,0.6942416666666666
5247,0.6772875
5248,0.6603333333333333
5249,0.6433791666666667
5250,0.626425
5251,0.6094708333333333
5252,0.5925166666666667
5253,0.5755625
5254,0.5586083333333334
5255,0.5416541666666667
5256,0.5247
5257,0.5188250000000001
5258,0.51295
5259,0.507075
5260,0.5012000000000001
5261,0.495325
5262,0.48945
5263,0.483575
5264,0.4777
5265,0.471825
5266,0.46595
5267,0.460075
5268,0.4542
5269,0.4399458333333333
5270,0.4256916666666667
5271,0.4114375
5272,0.3971833333333333
5273,0.3829291666666666
5274,0.368675
5275,0.3544208333333333
5276,0.3401666666666666
5277,0.3259124999999999
5278,0.3116583333333333
5279,0.2974041666666666
5280,0.2831499999999999
5281,0.2705708333333333
5282,0.2579916666666667
5283,0.2454124999999999
5284,0.2328333333333333
5285,0.2202541666666666
5286,0.2076749999999999
5287,0.1950958333333333
5288,0.1825166666666666
5289,0.1699375
5290,0.1573583333333333
5291,0.1447791666666666
5292,0.1321999999999999
5293,0.1253666666666666
5294,0.1185333333333333
5295,0.1117
5296,0.1048666666666666
5297,0.0980333333333333
5298,0.0911999999999999
5299,0.0843666666666666
5300,0.0775333333333333
5301,0.0706999999999999
5302,0.0638666666666666
5303,0.0570333333333333
5304,0.0501999999999999
5305,0.0460166666666666
5306,0.0418333333333333
5307,0.0376499999999999
5308,0.0334666666666666
5309,0.0292833333333333
5310,0.0251
5311,0.0209166666666666
5312,0.0167333333333333
5313,0.01255
5314,0.0083666666666666
5315,0.0041833333333333
5316,0.0
5317,0.0
5318,0.0
5319,0.0
5320,0.0
5321,0.0
5322,0.0
5323,0.0
5324,0.0
5325,0.0
5326,0.0
5327,0.0
5328,0.0
5329,0.0
5330,0.0
5331,0.0
5332,0.0
5333,0.0
5334,0.0
5335,0.0
5336,0.0
5337,0.0
5338,0.0
5339,0.0
5340,0.0
5341,0.0
5342,0.0
5343,0.0
5344,0.0
5345,0.0
5346,0.0
5347,0.0
5348,0.0
5349,0.0
5350,0.0
5351,0.0
5352,0.0
5353,0.0
5354,0.0
5355,0.0
5356,0.0
5357,0.0
5358,0.0
5359,0.0
5360,0.0
5361,0.0
5362,0.0
5363,0.0
5364,0.0
5365,0.0
5366,0.0
5367,0.0
5368,0.0
5369,0.0
5370,0.0
5371,0.0
5372,0.0
5373,0.0
5374,0.0
5375,0.0
5376,0.0
5377,0.0
5378,0.0
5379,0.0
5380,0.0
5381,0.0
5382,0.0
5383,0.0
5384,0.0
5385,0.0
5386,0.0
5387,0.0
5388,0.0
5389,0.0
5390,0.0
5391,0.0
5392,0.0
5393,0.0
5394,0.0
5395,0.0
5396,0.0
5397,0.0
5398,0.0
5399,0.0
5400,0.0
5401,0.0
5402,0.0
5403,0.0
5404,0.0
5405,0.0
5406,0.0
5407,0.0
5408,0.0
5409,0.0
5410,0.0
5411,0.0
5412,0.0
5413,0.0
5414,0.0
5415,0.0
5416,0.0
5417,0.0
5418,0.0
5419,0.0
5420,0.0
5421,0.0
5422,0.0
5423,0.0
5424,0.0
5425,0.0
5426,0.0
5427,0.0
5428,0.0
5429,0.0
5430,0.0
5431,0.0
5432,0.0
5433,0.0
5434,0.0
5435,0.0
5436,0.0
5437,0.0
5438,0.0
5439,0.0
5440,0.0
5441,0.0
5442,0.0
5443,0.0
5444,0.0
5445,0.0
5446,0.0
5447,0.0
5448,0.0
5449,0.0048916666666666
5450,0.0097833333333333
5451,0.014675
5452,0.0195666666666666
5453,0.0244583333333333
5454,0.02935
5455,0.0342416666666666
5456,0.0391333333333333
5457,0.044025
5458,0.0489166666666666
5459,0.0538083333333333
5460,0.0587
5461,0.0744791666666666
5462,0.0902583333333333
5463,0.1060375
5464,0.1218166666666666
5465,0.1375958333333333
5466,0.153375
5467,0.1691541666666667
5468,0.1849333333333333
5469,0.2007125
5470,0.2164916666666666
5471,0.2322708333333333
5472,0.24805
5473,0.2609375
5474,0.273825
5475,0.2867125
5476,0.2996
5477,0.3124875
5478,0.325375
5479,0.3382624999999999
5480,0.3511499999999999
5481,0.3640374999999999
5482,0.376925
5483,0.3898125
5484,0.4027
5485,0.4057916666666666
5486,0.4088833333333333
5487,0.411975
5488,0.4150666666666666
5489,0.4181583333333333
5490,0.4212499999999999
5491,0.4243416666666666
5492,0.4274333333333333
5493,0.430525
5494,0.4336166666666666
5495,0.4367083333333333
5496,0.4397999999999999
5497,0.4389791666666666
5498,0.4381583333333333
5499,0.4373375
5500,0.4365166666666666
5501,0.4356958333333333
5502,0.434875
5503,0.4340541666666667
5504,0.4332333333333333
5505,0.4324125
5506,0.4315916666666667
5507,0.4307708333333334
5508,0.42995
5509,0.4308875
5510,0.431825
5511,0.4327625
5512,0.4337
5513,0.4346375
5514,0.435575
5515,0.4365124999999999
5516,0.43745
5517,0.4383875
5518,0.4393249999999999
5519,0.4402625
5520,0.4412
5521,0.4499208333333332
5522,0.4586416666666666
5523,0.4673624999999999
5524,0.4760833333333333
5525,0.4848041666666666
5526,0.4935249999999999
5527,0.5022458333333333
5528,0.5109666666666666
5529,0.5196874999999999
5530,0.5284083333333333
5531,0.5371291666666667
5532,0.54585
5533,0.5469624999999999
5534,0.548075
5535,0.5491875
5536,0.5502999999999999
5537,0.5514124999999999
5538,0.5525249999999999
5539,0.5536375
5540,0.55475
5541,0.5558624999999999
5542,0.556975
5543,0.5580875000000001
5544,0.5592
5545,0.5536083333333334
5546,0.5480166666666666
5547,0.542425
5548,0.5368333333333334
5549,0.5312416666666667
5550,0.5256500000000001
5551,0.5200583333333334
5552,0.5144666666666667
5553,0.508875
5554,0.5032833333333333
5555,0.4976916666666667
5556,0.4921
5557,0.4802416666666667
5558,0.4683833333333333
5559,0.456525
5560,0.4446666666666667
5561,0.4328083333333333
5562,0.42095
5563,0.4090916666666667
5564,0.3972333333333333
5565,0.385375
5566,0.3735166666666666
5567,0.3616583333333333
5568,0.3498
5569,0.3358458333333333
5570,0.3218916666666666
5571,0.3079375
5572,0.2939833333333334
5573,0.2800291666666667
5574,0.266075
5575,0.2521208333333333
5576,0.2381666666666667
5577,0.2242125
5578,0.2102583333333333
5579,0.1963041666666666
5580,0.1823499999999999
5581,0.1722874999999999
5582,0.162225
5583,0.1521625
5584,0.1421
5585,0.1320375
5586,0.121975
5587,0.1119125
5588,0.10185
5589,0.0917875
5590,0.0817249999999999
5591,0.0716624999999999
5592,0.0616
5593,0.0564666666666666
5594,0.0513333333333333
5595,0.0462
5596,0.0410666666666666
5597,0.0359333333333333
5598,0.0307999999999999
5599,0.0256666666666666
5600,0.0205333333333333
5601,0.0153999999999999
5602,0.0102666666666666
5603,0.0051333333333333
5604,0.0
5605,0.0
5606,0.0
5607,0.0
5608,0.0
5609,0.0
5610,0.0
5611,0.0
5612,0.0
5613,0.0
5614,0.0
5615,0.0
5616,0.0
5617,0.0
5618,0.0
5619,0.0
5620,0.0
5621,0.0
5622,0.0
5623,0.0
5624,0.0
5625,0.0
5626,0.0
5627,0.0
5628,0.0
5629,0.0
5630,0.0
5631,0.0
5632,0.0
5633,0.0
5634,0.0
5635,0.0
5636,0.0
5637,0.0
5638,0.0
5639,0.0
5640,0.0
5641,0.0
5642,0.0
5643,0.0
5644,0.0
5645,0.0
5646,0.0
5647,0.0
5648,0.0
5649,0.0
5650,0.0
5651,0.0
5652,0.0
5653,0.0
5654,0.0
5655,0.0
5656,0.0
5657,0.0
5658,0.0
5659,0.0
5660,0.0
5661,0.0
5662,0.0
5663,0.0
5664,0.0
5665,0.0
5666,0.0
5667,0.0
5668,0.0
5669,0.0
5670,0.0
5671,0.0
5672,0.0
5673,0.0
5674,0.0
5675,0.0
5676,0.0
5677,0.0
5678,0.0
5679,0.0
5680,0.0
5681,0.0
5682,0.0
5683,0.0
5684,0.0
5685,0.0
5686,0.0
5687,0.0
5688,0.0
5689,0.0
5690,0.0
5691,0.0
5692,0.0
5693,0.0
5694,0.0
5695,0.0
5696,0.0
5697,0.0
5698,0.0
5699,0.0
5700,0.0
5701,0.0
5702,0.0
5703,0.0
5704,0.0
5705,0.0
5706,0.0
5707,0.0
5708,0.0
5709,0.0
5710,0.0
5711,0.0
5712,0.0
5713,0.0
5714,0.0
5715,0.0
5716,0.0
5717,0.0
5718,0.0
5719,0.0
5720,0.0
5721,0.0
5722,0.0
5723,0.0
5724,0.0
5725,0.0
5726,0.0
5727,0.0
5728,0.0
5729,0.0
5730,0.0
5731,0.0
5732,0.0
5733,0.0
5734,0.0
5735,0.0
5736,0.0
5737,0.0046
5738,0.0092
5739,0.0138
5740,0.0184
5741,0.023
5742,0.0276
5743,0.0321999999999999
5744,0.0368
5745,0.0414
5746,0.046
5747,0.0505999999999999
5748,0.0552
5749,0.064
5750,0.0728
5751,0.0816
5752,0.0904
5753,0.0992
5754,0.108
5755,0.1168
5756,0.1256
5757,0.1344
5758,0.1432
5759,0.152
5760,0.1608
5761,0.1688625
5762,0.176925
5763,0.1849875
5764,0.19305
5765,0.2011125
5766,0.209175
5767,0.2172375
5768,0.2253
5769,0.2333625
5770,0.241425
5771,0.2494875
5772,0.25755
5773,0.26505
5774,0.27255
5775,0.28005
5776,0.28755
5777,0.29505
5778,0.30255
5779,0.31005
5780,0.31755
5781,0.32505
5782,0.33255
5783,0.34005
5784,0.34755
5785,0.3504583333333333
5786,0.3533666666666666
5787,0.3562749999999999
5788,0.3591833333333333
5789,0.3620916666666667
5790,0.365
5791,0.3679083333333333
5792,0.3708166666666667
5793,0.373725
5794,0.3766333333333333
5795,0.3795416666666666
5796,0.38245
5797,0.3968
5798,0.4111499999999999
5799,0.4255
5800,0.4398499999999999
5801,0.4542
5802,0.46855
5803,0.4829
5804,0.49725
5805,0.5115999999999999
5806,0.5259499999999999
5807,0.5403
5808,0.55465
5809,0.55635
5810,0.5580499999999999
5811,0.55975
5812,0.5614499999999999
5813,0.5631499999999999
5814,0.5648500000000001
5815,0.56655
5816,0.56825
5817,0.56995
5818,0.57165
5819,0.5733499999999999
5820,0.57505
5821,0.5800041666666667
5822,0.5849583333333332
5823,0.5899125
5824,0.5948666666666667
5825,0.5998208333333334
5826,0.604775
5827,0.6097291666666667
5828,0.6146833333333332
5829,0.6196375
5830,0.6245916666666667
5831,0.6295458333333334
5832,0.6345
5833,0.6189833333333333
5834,0.6034666666666667
5835,0.5879500000000001
5836,0.5724333333333333
5837,0.5569166666666666
5838,0.5414
5839,0.5258833333333334
5840,0.5103666666666666
5841,0.49485
5842,0.4793333333333334
5843,0.4638166666666666
5844,0.4483
5845,0.4419958333333333
5846,0.4356916666666666
5847,0.4293875
5848,0.4230833333333333
5849,0.4167791666666666
5850,0.410475
5851,0.4041708333333333
5852,0.3978666666666667
5853,0.3915625
5854,0.3852583333333333
5855,0.3789541666666666
5856,0.37265
5857,0.35945
5858,0.34625
5859,0.33305
5860,0.3198499999999999
5861,0.30665
5862,0.29345
5863,0.28025
5864,0.26705
5865,0.25385
5866,0.24065
5867,0.22745
5868,0.21425
5869,0.2017166666666666
5870,0.1891833333333333
5871,0.17665
5872,0.1641166666666666
5873,0.1515833333333333
5874,0.13905
5875,0.1265166666666666
5876,0.1139833333333333
5877,0.10145
5878,0.0889166666666666
5879,0.0763833333333333
5880,0.0638499999999999
5881,0.0585291666666666
5882,0.0532083333333333
5883,0.0478874999999999
5884,0.0425666666666666
5885,0.0372458333333333
5886,0.0319249999999999
5887,0.0266041666666666
5888,0.0212833333333333
5889,0.0159624999999999
5890,0.0106416666666666
5891,0.0053208333333333
5892,0.0
5893,0.0
5894,0.0
5895,0.0
5896,0.0
5897,0.0
5898,0.0
5899,0.0
5900,0.0
5901,0.0
5902,0.0
5903,0.0
5904,0.0
5905,0.0
5906,0.0
5907,0.0
5908,0.0
5909,0.0
5910,0.0
5911,0.0
5912,0.0
5913,0.0
5914,0.0
5915,0.0
5916,0.0
5917,0.0
5918,0.0
5919,0.0
5920,0.0
5921,0.0
5922,0.0
5923,0.0
5924,0.0
5925,0.0
5926,0.0
5927,0.0
5928,0.0
5929,0.0
5930,0.0
5931,0.0
5932,0.0
5933,0.0
5934,0.0
5935,0.0
5936,0.0
5937,0.0
5938,0.0
5939,0.0
5940,0.0
5941,0.0
5942,0.0
5943,0.0
5944,0.0
5945,0.0
5946,0.0
5947,0.0
5948,0.0
5949,0.0
5950,0.0
5951,0.0
5952,0.0
5953,0.0
5954,0.0
5955,0.0
5956,0.0
5957,0.0
5958,0.0
5959,0.0
5960,0.0
5961,0.0
5962,0.0
5963,0.0
5964,0.0
5965,0.0
5966,0.0
5967,0.0
5968,0.0
5969,0.0
5970,0.0
5971,0.0
5972,0.0
5973,0.0
5974,0.0
5975,0.0
5976,0.0
5977,0.0
5978,0.0
5979,0.0
5980,0.0
5981,0.0
5982,0.0
5983,0.0
5984,0.0
5985,0.0
5986,0.0
5987,0.0
5988,0.0
5989,0.0
5990,0.0
5991,0.0
5992,0.0
5993,0.0
5994,0.0
5995,0.0
5996,0.0
5997,0.0
5998,0.0
5999,0.0
6000,0.0
6001,0.0
6002,0.0
6003,0.0
6004,0.0
6005,0.0
6006,0.0
6007,0.0
6008,0.0
6009,0.0
6010,0.0
6011,0.0
6012,0.0
6013,0.0
6014,0.0
6015,0.0
6016,0.0
6017,0.0
6018,0.0
6019,0.0
6020,0.0
6021,0.0
6022,0.0
6023,0.0
6024,0.0
6025,0.0039625
6026,0.007925
6027,0.0118874999999999
6028,0.01585
6029,0.0198125
6030,0.0237749999999999
6031,0.0277375
6032,0.0317
6033,0.0356625
6034,0.039625
6035,0.0435875
6036,0.0475499999999999
6037,0.0566416666666666
6038,0.0657333333333333
6039,0.0748249999999999
6040,0.0839166666666666
6041,0.0930083333333333
6042,0.1021
6043,0.1111916666666666
6044,0.1202833333333333
6045,0.1293749999999999
6046,0.1384666666666666
6047,0.1475583333333333
6048,0.1566499999999999
6049,0.1730249999999999
6050,0.1893999999999999
6051,0.2057749999999999
6052,0.22215
6053,0.238525
6054,0.2548999999999999
6055,0.271275
6056,0.2876499999999999
6057,0.304025
6058,0.3203999999999999
6059,0.336775
6060,0.3531499999999999
6061,0.3645291666666666
6062,0.3759083333333333
6063,0.3872874999999999
6064,0.3986666666666666
6065,0.4100458333333333
6066,0.421425
6067,0.4328041666666666
6068,0.4441833333333333
6069,0.4555625
6070,0.4669416666666666
6071,0.4783208333333333
6072,0.4896999999999999
6073,0.4864208333333333
6074,0.4831416666666666
6075,0.4798624999999999
6076,0.4765833333333333
6077,0.4733041666666667
6078,0.4700249999999999
6079,0.4667458333333333
6080,0.4634666666666666
6081,0.4601875
6082,0.4569083333333333
6083,0.4536291666666666
6084,0.45035
6085,0.4607124999999999
6086,0.4710749999999999
6087,0.4814375
6088,0.4918
6089,0.5021625000000001
6090,0.512525
6091,0.5228875000000001
6092,0.53325
6093,0.5436125
6094,0.553975
6095,0.5643374999999999
6096,0.5747000000000001
6097,0.5724791666666668
6098,0.5702583333333333
6099,0.5680375
6100,0.5658166666666667
6101,0.5635958333333333
6102,0.561375
6103,0.5591541666666667
6104,0.5569333333333333
6105,0.5547124999999999
6106,0.5524916666666667
6107,0.5502708333333333
6108,0.5480499999999999
6109,0.5498833333333333
6110,0.5517166666666666
6111,0.55355
6112,0.5553833333333333
6113,0.5572166666666666
6114,0.5590499999999999
6115,0.5608833333333333
6116,0.5627166666666665
6117,0.56455
6118,0.5663833333333333
6119,0.5682166666666666
6120,0.57005
6121,0.5579708333333333
6122,0.5458916666666667
6123,0.5338125
6124,0.5217333333333334
6125,0.5096541666666666
6126,0.497575
6127,0.4854958333333333
6128,0.4734166666666667
6129,0.4613375
6130,0.4492583333333333
6131,0.4371791666666667
6132,0.4251
6133,0.4156666666666667
6134,0.4062333333333333
6135,0.3968
6136,0.3873666666666667
6137,0.3779333333333333
6138,0.3685
6139,0.3590666666666666
6140,0.3496333333333333
6141,0.3402
6142,0.3307666666666666
6143,0.3213333333333333
6144,0.3118999999999999
6145,0.3017166666666666
6146,0.2915333333333333
6147,0.28135
6148,0.2711666666666666
6149,0.2609833333333333
6150,0.2507999999999999
6151,0.2406166666666666
6152,0.2304333333333333
6153,0.22025
6154,0.2100666666666666
6155,0.1998833333333333
6156,0.1896999999999999
6157,0.1780999999999999
6158,0.1665
6159,0.1548999999999999
6160,0.1432999999999999
6161,0.1316999999999999
6162,0.1201
6163,0.1084999999999999
6164,0.0968999999999999
6165,0.0853
6166,0.0736999999999999
6167,0.0620999999999999
6168,0.0505
6169,0.0462916666666666
6170,0.0420833333333333
6171,0.037875
6172,0.0336666666666666
6173,0.0294583333333333
6174,0.02525
6175,0.0210416666666666
6176,0.0168333333333333
6177,0.012625
6178,0.0084166666666666
6179,0.0042083333333333
6180,0.0
6181,0.0
6182,0.0
6183,0.0
6184,0.0
6185,0.0
6186,0.0
6187,0.0
6188,0.0
6189,0.0
6190,0.0
6191,0.0
6192,0.0
6193,0.0
6194,0.0
6195,0.0
6196,0.0
6197,0.0
6198,0.0
6199,0.0
6200,0.0
6201,0.0
6202,0.0
6203,0.0
6204,0.0
6205,0.0
6206,0.0
6207,0.0
6208,0.0
6209,0.0
6210,0.0
6211,0.0
6212,0.0
6213,0.0
6214,0.0
6215,0.0
6216,0.0
6217,0.0
6218,0.0
6219,0.0
6220,0.0
6221,0.0
6222,0.0
6223,0.0
6224,0.0
6225,0.0
6226,0.0
6227,0.0
6228,0.0
6229,0.0
6230,0.0
6231,0.0
6232,0.0
6233,0.0
6234,0.0
6235,0.0
6236,0.0
6237,0.0
6238,0.0
6239,0.0
6240,0.0
6241,0.0
6242,0.0
6243,0.0
6244,0.0
6245,0.0
6246,0.0
6247,0.0
6248,0.0
6249,0.0
6250,0.0
6251,0.0
6252,0.0
6253,0.0
6254,0.0
6255,0.0
6256,0.0
6257,0.0
6258,0.0
6259,0.0
6260,0.0
6261,0.0
6262,0.0
6263,0.0
6264,0.0
6265,0.0
6266,0.0
6267,0.0
6268,0.0
6269,0.0
6270,0.0
6271,0.0
6272,0.0
6273,0.0
6274,0.0
6275,0.0
6276,0.0
6277,0.0
6278,0.0
6279,0.0
6280,0.0
6281,0.0
6282,0.0
6283,0.0
6284,0.0
6285,0.0
6286,0.0
6287,0.0
6288,0.0
6289,0.0
6290,0.0
6291,0.0
6292,0.0
6293,0.0
6294,0.0
6295,0.0
6296,0.0
6297,0.0
6298,0.0
6299,0.0
6300,0.0
6301,0.0
6302,0.0
6303,0.0
6304,0.0
6305,0.0
6306,0.0
6307,0.0
6308,0.0
6309,0.0
6310,0.0
6311,0.0
6312,0.0
6313,0.0023916666666666
6314,0.0047833333333333
6315,0.007175
6316,0.0095666666666666
6317,0.0119583333333333
6318,0.01435
6319,0.0167416666666666
6320,0.0191333333333333
6321,0.021525
6322,0.0239166666666666
6323,0.0263083333333333
6324,0.0287
6325,0.0372666666666666
6326,0.0458333333333333
6327,0.0544
6328,0.0629666666666666
6329,0.0715333333333333
6330,0.0800999999999999
6331,0.0886666666666666
6332,0.0972333333333333
6333,0.1057999999999999
6334,0.1143666666666666
6335,0.1229333333333333
6336,0.1315
6337,0.1448833333333333
6338,0.1582666666666666
6339,0.17165
6340,0.1850333333333333
6341,0.1984166666666666
6342,0.2118
6343,0.2251833333333333
6344,0.2385666666666666
6345,0.25195
6346,0.2653333333333333
6347,0.2787166666666667
6348,0.2921
6349,0.3015
6350,0.3109
6351,0.3203
6352,0.3297
6353,0.3391
6354,0.3485
6355,0.3579
6356,0.3673
6357,0.3767
6358,0.3860999999999999
6359,0.3955
6360,0.4049
6361,0.4136958333333333
6362,0.4224916666666666
6363,0.4312875
6364,0.4400833333333333
6365,0.4488791666666666
6366,0.4576749999999999
6367,0.4664708333333333
6368,0.4752666666666666
6369,0.4840625
6370,0.4928583333333333
6371,0.5016541666666666
6372,0.51045
6373,0.5189791666666667
6374,0.5275083333333334
6375,0.5360375000000001
6376,0.5445666666666666
6377,0.5530958333333333
6378,0.561625
6379,0.5701541666666666
6380,0.5786833333333333
6381,0.5872125
6382,0.5957416666666667
6383,0.6042708333333333
6384,0.6127999999999999
6385,0.6144791666666666
6386,0.6161583333333333
6387,0.6178374999999999
6388,0.6195166666666666
6389,0.6211958333333333
6390,0.622875
6391,0.6245541666666666
6392,0.6262333333333333
6393,0.6279125
6394,0.6295916666666667
6395,0.6312708333333333
6396,0.63295
6397,0.6231666666666668
6398,0.6133833333333333
6399,0.6036
6400,0.5938166666666668
6401,0.5840333333333333
6402,0.57425
6403,0.5644666666666667
6404,0.5546833333333333
6405,0.5448999999999999
6406,0.5351166666666667
6407,0.5253333333333332
6408,0.51555
6409,0.5101749999999999
6410,0.5047999999999999
6411,0.4994249999999999
6412,0.4940499999999999
6413,0.4886749999999999
6414,0.4832999999999999
6415,0.477925
6416,0.47255
6417,0.467175
6418,0.4618
6419,0.456425
6420,0.45105
6421,0.4422583333333333
6422,0.4334666666666667
6423,0.424675
6424,0.4158833333333333
6425,0.4070916666666667
6426,0.3983
6427,0.3895083333333333
6428,0.3807166666666667
6429,0.371925
6430,0.3631333333333333
6431,0.3543416666666667
6432,0.34555
6433,0.33305
6434,0.32055
6435,0.30805
6436,0.29555
6437,0.28305
6438,0.27055
6439,0.25805
6440,0.24555
6441,0.23305
6442,0.22055
6443,0.20805
6444,0.19555
6445,0.1839958333333333
6446,0.1724416666666666
6447,0.1608875
6448,0.1493333333333333
6449,0.1377791666666666
6450,0.126225
6451,0.1146708333333333
6452,0.1031166666666666
6453,0.0915625
6454,0.0800083333333333
6455,0.0684541666666666
6456,0.0569
6457,0.0521583333333333
6458,0.0474166666666666
6459,0.042675
6460,0.0379333333333333
6461,0.0331916666666666
6462,0.02845
6463,0.0237083333333333
6464,0.0189666666666666
6465,0.014225
6466,0.0094833333333333
6467,0.0047416666666666
6468,0.0
6469,0.0
6470,0.0
6471,0.0
6472,0.0
6473,0.0
6474,0.0
6475,0.0
6476,0.0
6477,0.0
6478,0.0
6479,0.0
6480,0.0
6481,0.0
6482,0.0
6483,0.0
6484,0.0
6485,0.0
6486,0.0
6487,0.0
6488,0.0
6489,0.0
6490,0.0
6491,0.0
6492,0.0
6493,0.0
6494,0.0
6495,0.0
6496,0.0
6497,0.0
6498,0.0
6499,0.0
6500,0.0
6501,0.0
6502,0.0
6503,0.0
6504,0.0
6505,0.0
6506,0.0
6507,0.0
6508,0.0
6509,0.0
6510,0.0
6511,0.0
6512,0.0
6513,0.0
6514,0.0
6515,0.0
6516,0.0
6517,0.0
6518,0.0
6519,0.0
6520,0.0
6521,0.0
6522,0.0
6523,0.0
6524,0.0
6525,0.0
6526,0.0
6527,0.0
6528,0.0
6529,0.0
6530,0.0
6531,0.0
6532,0.0
6533,0.0
6534,0.0
6535,0.0
6536,0.0
6537,0.0
6538,0.0
6539,0.0
6540,0.0
6541,0.0
6542,0.0
6543,0.0
6544,0.0
6545,0.0
6546,0.0
6547,0.0
6548,0.0
6549,0.0
6550,0.0
6551,0.0
6552,0.0
6553,0.0
6554,0.0
6555,0.0
6556,0.0
6557,0.0
6558,0.0
6559,0.0
6560,0.0
6561,0.0
6562,0.0
6563,0.0
6564,0.0
6565,0.0
6566,0.0
6567,0.0
6568,0.0
6569,0.0
6570,0.0
6571,0.0
6572,0.0
6573,0.0
6574,0.0
6575,0.0
6576,0.0
6577,0.0
6578,0.0
6579,0.0
6580,0.0
6581,0.0
6582,0.0
6583,0.0
6584,0.0
6585,0.0
6586,0.0
6587,0.0
6588,0.0
6589,0.0
6590,0.0
6591,0.0
6592,0.0
6593,0.0
6594,0.0
6595,0.0
6596,0.0
6597,0.0
6598,0.0
6599,0.0
6600,0.0
6601,0.0048041666666666
6602,0.0096083333333333
6603,0.0144125
6604,0.0192166666666666
6605,0.0240208333333333
6606,0.028825
6607,0.0336291666666666
6608,0.0384333333333333
6609,0.0432375
6610,0.0480416666666666
6611,0.0528458333333333
6612,0.05765
6613,0.0736666666666666
6614,0.0896833333333333
6615,0.1057
6616,0.1217166666666666
6617,0.1377333333333333
6618,0.15375
6619,0.1697666666666666
6620,0.1857833333333333
6621,0.2018
6622,0.2178166666666666
6623,0.2338333333333333
6624,0.24985
6625,0.2653875
6626,0.280925
6627,0.2964624999999999
6628,0.312
6629,0.3275375
6630,0.3430749999999999
6631,0.3586125
6632,0.37415
6633,0.3896875
6634,0.405225
6635,0.4207625
6636,0.4363
6637,0.4505958333333333
6638,0.4648916666666666
6639,0.4791875
6640,0.4934833333333333
6641,0.5077791666666667
6642,0.5220750000000001
6643,0.5363708333333334
6644,0.5506666666666667
6645,0.5649624999999999
6646,0.5792583333333333
6647,0.5935541666666667
6648,0.60785
6649,0.6210916666666667
6650,0.6343333333333334
6651,0.647575
6652,0.6608166666666667
6653,0.6740583333333334
6654,0.6873
6655,0.7005416666666666
6656,0.7137833333333333
6657,0.727025
6658,0.7402666666666666
6659,0.7535083333333333
6660,0.76675
6661,0.7730833333333333
6662,0.7794166666666666
6663,0.78575
6664,0.7920833333333334
6665,0.7984166666666667
6666,0.80475
6667,0.8110833333333334
6668,0.8174166666666667
6669,0.82375
6670,0.8300833333333334
6671,0.8364166666666666
6672,0.84275
6673,0.8391958333333334
6674,0.8356416666666666
6675,0.8320875
6676,0.8285333333333333
6677,0.8249791666666666
6678,0.821425
6679,0.8178708333333333
6680,0.8143166666666666
6681,0.8107624999999999
6682,0.8072083333333333
6683,0.8036541666666666
6684,0.8000999999999999
6685,0.7997708333333332
6686,0.7994416666666666
6687,0.7991125
6688,0.7987833333333333
6689,0.7984541666666667
6690,0.7981249999999999
6691,0.7977958333333333
6692,0.7974666666666665
6693,0.7971374999999999
6694,0.7968083333333332
6695,0.7964791666666666
6696,0.79615
6697,0.7799125
6698,0.763675
6699,0.7474375
6700,0.7312
6701,0.7149625
6702,0.698725
6703,0.6824874999999999
6704,0.66625
6705,0.6500124999999999
6706,0.633775
6707,0.6175375000000001
6708,0.6013
6709,0.5857833333333333
6710,0.5702666666666667
6711,0.55475
6712,0.5392333333333333
6713,0.5237166666666667
6714,0.5082
6715,0.4926833333333333
6716,0.4771666666666667
6717,0.46165
6718,0.4461333333333333
6719,0.4306166666666666
6720,0.4151
6721,0.4017416666666666
6722,0.3883833333333333
6723,0.375025
6724,0.3616666666666667
6725,0.3483083333333333
6726,0.33495
6727,0.3215916666666667
6728,0.3082333333333333
6729,0.294875
6730,0.2815166666666666
6731,0.2681583333333334
6732,0.2548
6733,0.2398166666666666
6734,0.2248333333333333
6735,0.20985
6736,0.1948666666666667
6737,0.1798833333333333
6738,0.1649
6739,0.1499166666666667
6740,0.1349333333333333
6741,0.11995
6742,0.1049666666666666
6743,0.0899833333333333
6744,0.075
6745,0.06875
6746,0.0625
6747,0.05625
6748,0.05
6749,0.04375
6750,0.0375
6751,0.03125
6752,0.025
6753,0.01875
6754,0.0125
6755,0.00625
6756,0.0
6757,0.0
6758,0.0
6759,0.0
6760,0.0
6761,0.0
6762,0.0
6763,0.0
6764,0.0
6765,0.0
6766,0.0
6767,0.0
6768,0.0
6769,0.0
6770,0.0
6771,0.0
6772,0.0
6773,0.0
6774,0.0
6775,0.0
6776,0.0
6777,0.0
6778,0.0
6779,0.0
6780,0.0
6781,0.0
6782,0.0
6783,0.0
6784,0.0
6785,0.0
6786,0.0
6787,0.0
6788,0.0
6789,0.0
6790,0.0
6791,0.0
6792,0.0
6793,0.0
6794,0.0
6795,0.0
6796,0.0
6797,0.0
6798,0.0
6799,0.0
6800,0.0
6801,0.0
6802,0.0
6803,0.0
6804,0.0
6805,0.0
6806,0.0
6807,0.0
6808,0.0
6809,0.0
6810,0.0
6811,0.0
6812,0.0
6813,0.0
6814,0.0
6815,0.0
6816,0.0
6817,0.0
6818,0.0
6819,0.0
6820,0.0
6821,0.0
6822,0.0
6823,0.0
6824,0.0
6825,0.0
6826,0.0
6827,0.0
6828,0.0
6829,0.0
6830,0.0
6831,0.0
6832,0.0
6833,0.0
6834,0.0
6835,0.0
6836,0.0
6837,0.0
6838,0.0
6839,0.0
6840,0.0
6841,0.0
6842,0.0
6843,0.0
6844,0.0
6845,0.0
6846,0.0
6847,0.0
6848,0.0
6849,0.0
6850,0.0
6851,0.0
6852,0.0
6853,0.0
6854,0.0
6855,0.0
6856,0.0
6857,0.0
6858,0.0
6859,0.0
6860,0.0
6861,0.0
6862,0.0
6863,0.0
6864,0.0
6865,0.0
6866,0.0
6867,0.0
6868,0.0
6869,0.0
6870,0.0
6871,0.0
6872,0.0
6873,0.0
6874,0.0
6875,0.0
6876,0.0
6877,0.0
6878,0.0
6879,0.0
6880,0.0
6881,0.0
6882,0.0
6883,0.0
6884,0.0
6885,0.0
6886,0.0
6887,0.0
6888,0.0
6889,0.0045375
6890,0.009075
6891,0.0136125
6892,0.01815
6893,0.0226875
6894,0.027225
6895,0.0317625
6896,0.0363
6897,0.0408375
6898,0.045375
6899,0.0499125
6900,0.05445
6901,0.0682208333333333
6902,0.0819916666666666
6903,0.0957625
6904,0.1095333333333333
6905,0.1233041666666666
6906,0.137075
6907,0.1508458333333333
6908,0.1646166666666666
6909,0.1783875
6910,0.1921583333333333
6911,0.2059291666666666
6912,0.2196999999999999
6913,0.2372833333333333
6914,0.2548666666666666
6915,0.2724499999999999
6916,0.2900333333333333
6917,0.3076166666666666
6918,0.3252
6919,0.3427833333333333
6920,0.3603666666666666
6921,0.37795
6922,0.3955333333333333
6923,0.4131166666666666
6924,0.4306999999999999
6925,0.4412916666666666
6926,0.4518833333333333
6927,0.4624749999999999
6928,0.4730666666666666
6929,0.4836583333333333
6930,0.4942499999999999
6931,0.5048416666666666
6932,0.5154333333333333
6933,0.526025
6934,0.5366166666666666
6935,0.5472083333333333
6936,0.5578
6937,0.5661583333333333
6938,0.5745166666666667
6939,0.582875
6940,0.5912333333333334
6941,0.5995916666666667
6942,0.60795
6943,0.6163083333333332
6944,0.6246666666666666
6945,0.633025
6946,0.6413833333333333
6947,0.6497416666666667
6948,0.6581
6949,0.6657333333333334
6950,0.6733666666666667
6951,0.681
6952,0.6886333333333333
6953,0.6962666666666667
6954,0.7039
6955,0.7115333333333334
6956,0.7191666666666666
6957,0.7268
6958,0.7344333333333333
6959,0.7420666666666667
6960,0.7496999999999999
6961,0.7467958333333332
6962,0.7438916666666666
6963,0.7409874999999999
6964,0.7380833333333332
6965,0.7351791666666667
6966,0.732275
6967,0.7293708333333333
6968,0.7264666666666667
6969,0.7235625
6970,0.7206583333333333
6971,0.7177541666666667
6972,0.71485
6973,0.7084375
6974,0.702025
6975,0.6956125
6976,0.6892
6977,0.6827875
6978,0.676375
6979,0.6699625
6980,0.66355
6981,0.6571374999999999
6982,0.650725
6983,0.6443125
6984,0.6379
6985,0.6331666666666667
6986,0.6284333333333333
6987,0.6236999999999999
6988,0.6189666666666666
6989,0.6142333333333332
6990,0.6095
6991,0.6047666666666667
6992,0.6000333333333333
6993,0.5952999999999999
6994,0.5905666666666666
6995,0.5858333333333332
6996,0.5811
6997,0.5657541666666666
6998,0.5504083333333333
6999,0.5350624999999999
7000,0.5197166666666666
7001,0.5043708333333333
7002,0.489025
7003,0.4736791666666666
7004,0.4583333333333333
7005,0.4429875
7006,0.4276416666666666
7007,0.4122958333333333
7008,0.3969499999999999
7009,0.3839666666666666
7010,0.3709833333333333
7011,0.358
7012,0.3450166666666666
7013,0.3320333333333333
7014,0.31905
7015,0.3060666666666666
7016,0.2930833333333333
7017,0.2801
7018,0.2671166666666666
7019,0.2541333333333333
7020,0.24115
7021,0.2271791666666666
7022,0.2132083333333333
7023,0.1992375
7024,0.1852666666666667
7025,0.1712958333333333
7026,0.157325
7027,0.1433541666666667
7028,0.1293833333333333
7029,0.1154125
7030,0.1014416666666666
7031,0.0874708333333333
7032,0.0735
7033,0.067375
7034,0.06125
7035,0.055125
7036,0.049
7037,0.042875
7038,0.03675
7039,0.030625
7040,0.0245
7041,0.018375
7042,0.01225
7043,0.006125
7044,0.0
7045,0.0
7046,0.0
7047,0.0
7048,0.0
7049,0.0
7050,0.0
7051,0.0
7052,0.0
7053,0.0
7054,0.0
7055,0.0
7056,0.0
7057,0.0
7058,0.0
7059,0.0
7060,0.0
7061,0.0
7062,0.0
7063,0.0
7064,0.0
7065,0.0
7066,0.0
7067,0.0
7068,0.0
7069,0.0
7070,0.0
7071,0.0
7072,0.0
7073,0.0
7074,0.0
7075,0.0
7076,0.0
7077,0.0
7078,0.0
7079,0.0
7080,0.0
7081,0.0
7082,0.0
7083,0.0
7084,0.0
7085,0.0
7086,0.0
7087,0.0
7088,0.0
7089,0.0
7090,0.0
7091,0.0
7092,0.0
7093,0.0
7094,0.0
7095,0.0
7096,0.0
7097,0.0
7098,0.0
7099,0.0
7100,0.0
7101,0.0
7102,0.0
7103,0.0
7104,0.0
7105,0.0
7106,0.0
7107,0.0
7108,0.0
7109,0.0
7110,0.0
7111,0.0
7112,0.0
7113,0.0
7114,0.0
7115,0.0
7116,0.0
7117,0.0
7118,0.0
7119,0.0
7120,0.0
7121,0.0
7122,0.0
7123,0.0
7124,0.0
7125,0.0
7126,0.0
7127,0.0
7128,0.0
7129,0.0
7130,0.0
7131,0.0
7132,0.0
7133,0.0
7134,0.0
7135,0.0
7136,0.0
7137,0.0
7138,0.0
7139,0.0
7140,0.0
7141,0.0
7142,0.0
7143,0.0
7144,0.0
7145,0.0
7146,0.0
7147,0.0
7148,0.0
7149,0.0
7150,0.0
7151,0.0
7152,0.0
7153,0.0
7154,0.0
7155,0.0
7156,0.0
7157,0.0
7158,0.0
7159,0.0
7160,0.0
7161,0.0
7162,0.0
7163,0.0
7164,0.0
7165,0.0
7166,0.0
7167,0.0
7168,0.0
7169,0.0
7170,0.0
7171,0.0
7172,0.0
7173,0.0
7174,0.0
7175,0.0
7176,0.0
7177,0.0045166666666666
7178,0.0090333333333333
7179,0.01355
7180,0.0180666666666666
7181,0.0225833333333333
7182,0.0271
7183,0.0316166666666666
7184,0.0361333333333333
7185,0.04065
7186,0.0451666666666666
7187,0.0496833333333333
7188,0.0542
7189,0.0666625
7190,0.079125
7191,0.0915874999999999
7192,0.10405
7193,0.1165125
7194,0.128975
7195,0.1414375
7196,0.1539
7197,0.1663625
7198,0.1788249999999999
7199,0.1912875
7200,0.20375
7201,0.2213958333333333
7202,0.2390416666666666
7203,0.2566875
7204,0.2743333333333333
7205,0.2919791666666667
7206,0.309625
7207,0.3272708333333333
7208,0.3449166666666666
7209,0.3625625
7210,0.3802083333333333
7211,0.3978541666666666
7212,0.4155
7213,0.4271333333333333
7214,0.4387666666666666
7215,0.4503999999999999
7216,0.4620333333333333
7217,0.4736666666666666
7218,0.4852999999999999
7219,0.4969333333333333
7220,0.5085666666666666
7221,0.5201999999999999
7222,0.5318333333333333
7223,0.5434666666666665
7224,0.5550999999999999
7225,0.572425
7226,0.5897499999999999
7227,0.6070749999999999
7228,0.6244
7229,0.6417249999999999
7230,0.6590499999999999
7231,0.676375
7232,0.6937
7233,0.711025
7234,0.72835
7235,0.745675
7236,0.763
7237,0.7627541666666666
7238,0.7625083333333333
7239,0.7622625000000001
7240,0.7620166666666667
7241,0.7617708333333333
7242,0.761525
7243,0.7612791666666667
7244,0.7610333333333333
7245,0.7607875
7246,0.7605416666666667
7247,0.7602958333333334
7248,0.76005
7249,0.7592791666666666
7250,0.7585083333333333
7251,0.7577375
7252,0.7569666666666666
7253,0.7561958333333333
7254,0.7554249999999999
7255,0.7546541666666666
7256,0.7538833333333333
7257,0.7531125
7258,0.7523416666666666
7259,0.7515708333333333
7260,0.7507999999999999
7261,0.7452666666666666
7262,0.7397333333333334
7263,0.7342
7264,0.7286666666666666
7265,0.7231333333333333
7266,0.7175999999999999
7267,0.7120666666666666
7268,0.7065333333333333
7269,0.701
7270,0.6954666666666667
7271,0.6899333333333333
7272,0.6844
7273,0.6712791666666666
7274,0.6581583333333333
7275,0.6450375
7276,0.6319166666666667
7277,0.6187958333333333
7278,0.605675
7279,0.5925541666666667
7280,0.5794333333333334
7281,0.5663125
7282,0.5531916666666667
7283,0.5400708333333333
7284,0.52695
7285,0.5205708333333333
7286,0.5141916666666667
7287,0.5078125
7288,0.5014333333333333
7289,0.4950541666666667
7290,0.488675
7291,0.4822958333333333
7292,0.4759166666666667
7293,0.4695374999999999
7294,0.4631583333333333
7295,0.4567791666666666
7296,0.4503999999999999
7297,0.4332999999999999
7298,0.4162
7299,0.3990999999999999
7300,0.382
7301,0.3649
7302,0.3478
7303,0.3307
7304,0.3136
7305,0.2965
7306,0.2794
7307,0.2623
7308,0.2452
7309,0.2311708333333333
7310,0.2171416666666666
7311,0.2031124999999999
7312,0.1890833333333333
7313,0.1750541666666666
7314,0.1610249999999999
7315,0.1469958333333333
7316,0.1329666666666666
7317,0.1189374999999999
7318,0.1049083333333333
7319,0.0908791666666666
7320,0.0768499999999999
7321,0.0704458333333333
7322,0.0640416666666666
7323,0.0576374999999999
7324,0.0512333333333333
7325,0.0448291666666666
7326,0.0384249999999999
7327,0.0320208333333333
7328,0.0256166666666666
7329,0.0192125
7330,0.0128083333333333
7331,0.0064041666666666
7332,0.0
7333,0.0
7334,0.0
7335,0.0
7336,0.0
7337,0.0
7338,0.0
7339,0.0
7340,0.0
7341,0.0
7342,0.0
7343,0.0
7344,0.0
7345,0.0
7346,0.0
7347,0.0
7348,0.0
7349,0.0
7350,0.0
7351,0.0
7352,0.0
7353,0.0
7354,0.0
7355,0.0
7356,0.0
7357,0.0
7358,0.0
7359,0.0
7360,0.0
7361,0.0
7362,0.0
7363,0.0
7364,0.0
7365,0.0
7366,0.0
7367,0.0
7368,0.0
7369,0.0
7370,0.0
7371,0.0
7372,0.0
7373,0.0
7374,0.0
7375,0.0
7376,0.0
7377,0.0
7378,0.0
7379,0.0
7380,0.0
7381,0.0
7382,0.0
7383,0.0
7384,0.0
7385,0.0
7386,0.0
7387,0.0
7388,0.0
7389,0.0
7390,0.0
7391,0.0
7392,0.0
7393,0.0
7394,0.0
7395,0.0
7396,0.0
7397,0.0
7398,0.0
7399,0.0
7400,0.0
7401,0.0
7402,0.0
7403,0.0
7404,0.0
7405,0.0
7406,0.0
7407,0.0
7408,0.0
7409,0.0
7410,0.0
7411,0.0
7412,0.0
7413,0.0
7414,0.0
7415,0.0
7416,0.0
7417,0.0
7418,0.0
7419,0.0
7420,0.0
7421,0.0
7422,0.0
7423,0.0
7424,0.0
7425,0.0
7426,0.0
7427,0.0
7428,0.0
7429,0.0
7430,0.0
7431,0.0
7432,0.0
7433,0.0
7434,0.0
7435,0.0
7436,0.0
7437,0.0
7438,0.0
7439,0.0
7440,0.0
7441,0.0
7442,0.0
7443,0.0
7444,0.0
7445,0.0
7446,0.0
7447,0.0
7448,0.0
7449,0.0
7450,0.0
7451,0.0
7452,0.0
7453,0.0
7454,0.0
7455,0.0
7456,0.0
7457,0.0
7458,0.0
7459,0.0
7460,0.0
7461,0.0
7462,0.0
7463,0.0
7464,0.0
7465,0.0040166666666666
7466,0.0080333333333333
7467,0.01205
7468,0.0160666666666666
7469,0.0200833333333333
7470,0.0241
7471,0.0281166666666666
7472,0.0321333333333333
7473,0.03615
7474,0.0401666666666666
7475,0.0441833333333333
7476,0.0482
7477,0.0613125
7478,0.074425
7479,0.0875375
7480,0.10065
7481,0.1137625
7482,0.126875
7483,0.1399875
7484,0.1531
7485,0.1662125
7486,0.179325
7487,0.1924375
7488,0.20555
7489,0.2171208333333333
7490,0.2286916666666666
7491,0.2402625
7492,0.2518333333333333
7493,0.2634041666666666
7494,0.274975
7495,0.2865458333333333
7496,0.2981166666666667
7497,0.3096875
7498,0.3212583333333333
7499,0.3328291666666667
7500,0.3444
7501,0.3579166666666666
7502,0.3714333333333333
7503,0.38495
7504,0.3984666666666666
7505,0.4119833333333333
7506,0.4255
7507,0.4390166666666666
7508,0.4525333333333333
7509,0.4660499999999999
7510,0.4795666666666666
7511,0.4930833333333333
7512,0.5065999999999999
7513,0.5192541666666666
7514,0.5319083333333333
7515,0.5445625
7516,0.5572166666666667
7517,0.5698708333333333
7518,0.582525
7519,0.5951791666666667
7520,0.6078333333333333
7521,0.6204875000000001
7522,0.6331416666666666
7523,0.6457958333333333
7524,0.6584500000000001
7525,0.6610791666666667
7526,0.6637083333333333
7527,0.6663375000000001
7528,0.6689666666666667
7529,0.6715958333333333
7530,0.6742250000000001
7531,0.6768541666666668
7532,0.6794833333333333
7533,0.6821124999999999
7534,0.6847416666666667
7535,0.6873708333333334
7536,0.69
7537,0.6977458333333334
7538,0.7054916666666666
7539,0.7132375
7540,0.7209833333333333
7541,0.7287291666666668
7542,0.736475
7543,0.7442208333333333
7544,0.7519666666666667
7545,0.7597125000000001
7546,0.7674583333333334
7547,0.7752041666666667
7548,0.78295
7549,0.7708625000000001
7550,0.7587750000000001
7551,0.7466875
7552,0.7346
7553,0.7225125
7554,0.7104250000000001
7555,0.6983375
7556,0.6862500000000001
7557,0.6741625
7558,0.6620750000000001
7559,0.6499875
7560,0.6379000000000001
7561,0.6334833333333335
7562,0.6290666666666668
7563,0.62465
7564,0.6202333333333334
7565,0.6158166666666667
7566,0.6114
7567,0.6069833333333334
7568,0.6025666666666667
7569,0.5981500000000001
7570,0.5937333333333334
7571,0.5893166666666667
7572,0.5849000000000001
7573,0.5687458333333334
7574,0.5525916666666667
7575,0.5364375
7576,0.5202833333333334
7577,0.5041291666666667
7578,0.487975
7579,0.4718208333333333
7580,0.4556666666666666
7581,0.4395125
7582,0.4233583333333333
7583,0.4072041666666666
7584,0.3910499999999999
7585,0.3766541666666666
7586,0.3622583333333333
7587,0.3478624999999999
7588,0.3334666666666666
7589,0.3190708333333333
7590,0.304675
7591,0.2902791666666666
7592,0.2758833333333333
7593,0.2614874999999999
7594,0.2470916666666666
7595,0.2326958333333333
7596,0.2183
7597,0.2058666666666666
7598,0.1934333333333333
7599,0.181
7600,0.1685666666666666
7601,0.1561333333333333
7602,0.1437
7603,0.1312666666666666
7604,0.1188333333333333
7605,0.1064
7606,0.0939666666666666
7607,0.0815333333333333
7608,0.0691
7609,0.0633416666666666
7610,0.0575833333333333
7611,0.0518249999999999
7612,0.0460666666666666
7613,0.0403083333333333
7614,0.03455
7615,0.0287916666666666
7616,0.0230333333333333
7617,0.017275
7618,0.0115166666666666
7619,0.0057583333333333
7620,0.0
7621,0.0
7622,0.0
7623,0.0
7624,0.0
7625,0.0
7626,0.0
7627,0.0
7628,0.0
7629,0.0
7630,0.0
7631,0.0
7632,0.0
7633,0.0
7634,0.0
7635,0.0
7636,0.0
7637,0.0
7638,0.0
7639,0.0
7640,0.0
7641,0.0
7642,0.0
7643,0.0
7644,0.0
7645,0.0
7646,0.0
7647,0.0
7648,0.0
7649,0.0
7650,0.0
7651,0.0
7652,0.0
7653,0.0
7654,0.0
7655,0.0
7656,0.0
7657,0.0
7658,0.0
7659,0.0
7660,0.0
7661,0.0
7662,0.0
7663,0.0
7664,0.0
7665,0.0
7666,0.0
7667,0.0
7668,0.0
7669,0.0
7670,0.0
7671,0.0
7672,0.0
7673,0.0
7674,0.0
7675,0.0
7676,0.0
7677,0.0
7678,0.0
7679,0.0
7680,0.0
7681,0.0
7682,0.0
7683,0.0
7684,0.0
7685,0.0
7686,0.0
7687,0.0
7688,0.0
7689,0.0
7690,0.0
7691,0.0
7692,0.0
7693,0.0
7694,0.0
7695,0.0
7696,0.0
7697,0.0
7698,0.0
7699,0.0
7700,0.0
7701,0.0
7702,0.0
7703,0.0
7704,0.0
7705,0.0
7706,0.0
7707,0.0
7708,0.0
7709,0.0
7710,0.0
7711,0.0
7712,0.0
7713,0.0
7714,0.0
7715,0.0
7716,0.0
7717,0.0
7718,0.0
7719,0.0
7720,0.0
7721,0.0
7722,0.0
7723,0.0
7724,0.0
7725,0.0
7726,0.0
7727,0.0
7728,0.0
7729,0.0
7730,0.0
7731,0.0
7732,0.0
7733,0.0
7734,0.0
7735,0.0
7736,0.0
7737,0.0
7738,0.0
7739,0.0
7740,0.0
7741,0.0
7742,0.0
7743,0.0
7744,0.0
7745,0.0
7746,0.0
7747,0.0
7748,0.0
7749,0.0
7750,0.0
7751,0.0
7752,0.0
7753,0.0041958333333333
7754,0.0083916666666666
7755,0.0125874999999999
7756,0.0167833333333333
7757,0.0209791666666666
7758,0.0251749999999999
7759,0.0293708333333333
7760,0.0335666666666666
7761,0.0377625
7762,0.0419583333333333
7763,0.0461541666666666
7764,0.0503499999999999
7765,0.0620208333333333
7766,0.0736916666666666
7767,0.0853625
7768,0.0970333333333333
7769,0.1087041666666666
7770,0.120375
7771,0.1320458333333333
7772,0.1437166666666666
7773,0.1553874999999999
7774,0.1670583333333333
7775,0.1787291666666667
7776,0.1904
7777,0.2062166666666666
7778,0.2220333333333333
7779,0.23785
7780,0.2536666666666667
7781,0.2694833333333333
7782,0.2853
7783,0.3011166666666667
7784,0.3169333333333334
7785,0.33275
7786,0.3485666666666667
7787,0.3643833333333334
7788,0.3802
7789,0.3934583333333333
7790,0.4067166666666666
7791,0.419975
7792,0.4332333333333333
7793,0.4464916666666667
7794,0.45975
7795,0.4730083333333333
7796,0.4862666666666666
7797,0.499525
7798,0.5127833333333333
7799,0.5260416666666666
7800,0.5393
7801,0.5476958333333333
7802,0.5560916666666665
7803,0.5644874999999999
7804,0.5728833333333333
7805,0.5812791666666666
7806,0.589675
7807,0.5980708333333333
7808,0.6064666666666666
7809,0.6148625
7810,0.6232583333333334
7811,0.6316541666666666
7812,0.64005
7813,0.6458916666666666
7814,0.6517333333333334
7815,0.6575749999999999
7816,0.6634166666666667
7817,0.6692583333333333
7818,0.6750999999999999
7819,0.6809416666666666
7820,0.6867833333333333
7821,0.692625
7822,0.6984666666666667
7823,0.7043083333333333
7824,0.71015
7825,0.7090083333333334
7826,0.7078666666666666
7827,0.706725
7828,0.7055833333333332
7829,0.7044416666666666
7830,0.7032999999999999
7831,0.7021583333333333
7832,0.7010166666666666
7833,0.699875
7834,0.6987333333333332
7835,0.6975916666666666
7836,0.6964499999999999
7837,0.6990374999999999
7838,0.701625
7839,0.7042125
7840,0.7068
7841,0.7093875
7842,0.7119749999999999
7843,0.7145625
7844,0.71715
7845,0.7197374999999999
7846,0.722325
7847,0.7249125000000001
7848,0.7275
7849,0.7188
7850,0.7101000000000001
7851,0.7014
7852,0.6927
7853,0.684
7854,0.6752999999999999
7855,0.6665999999999999
7856,0.6578999999999999
7857,0.6491999999999999
7858,0.6404999999999998
7859,0.6317999999999999
7860,0.6230999999999999
7861,0.608425
7862,0.5937499999999999
7863,0.5790749999999999
7864,0.5644
7865,0.5497249999999999
7866,0.5350499999999999
7867,0.520375
7868,0.5057
7869,0.491025
7870,0.4763499999999999
7871,0.461675
7872,0.447
7873,0.4303875
7874,0.413775
7875,0.3971625
7876,0.38055
7877,0.3639375
7878,0.347325
7879,0.3307124999999999
7880,0.3141
7881,0.2974875
7882,0.280875
7883,0.2642625
7884,0.2476499999999999
7885,0.2331208333333333
7886,0.2185916666666666
7887,0.2040625
7888,0.1895333333333333
7889,0.1750041666666666
7890,0.160475
7891,0.1459458333333333
7892,0.1314166666666666
7893,0.1168875
7894,0.1023583333333333
7895,0.0878291666666666
7896,0.0733
7897,0.0671916666666666
7898,0.0610833333333333
7899,0.0549749999999999
7900,0.0488666666666666
7901,0.0427583333333333
7902,0.03665
7903,0.0305416666666666
7904,0.0244333333333333
7905,0.0183249999999999
7906,0.0122166666666666
7907,0.0061083333333333
7908,0.0
7909,0.0
7910,0.0
7911,0.0
7912,0.0
7913,0.0
7914,0.0
7915,0.0
7916,0.0
7917,0.0
7918,0.0
7919,0.0
7920,0.0
7921,0.0
7922,0.0
7923,0.0
7924,0.0
7925,0.0
7926,0.0
7927,0.0
7928,0.0
7929,0.0
7930,0.0
7931,0.0
7932,0.0
7933,0.0
7934,0.0
7935,0.0
7936,0.0
7937,0.0
7938,0.0
7939,0.0
7940,0.0
7941,0.0
7942,0.0
7943,0.0
7944,0.0
7945,0.0
7946,0.0
7947,0.0
7948,0.0
7949,0.0
7950,0.0
7951,0.0
7952,0.0
7953,0.0
7954,0.0
7955,0.0
7956,0.0
7957,0.0
7958,0.0
7959,0.0
7960,0.0
7961,0.0
7962,0.0
7963,0.0
7964,0.0
7965,0.0
7966,0.0
7967,0.0
7968,0.0
7969,0.0
7970,0.0
7971,0.0
7972,0.0
7973,0.0
7974,0.0
7975,0.0
7976,0.0
7977,0.0
7978,0.0
7979,0.0
7980,0.0
7981,0.0
7982,0.0
7983,0.0
7984,0.0
7985,0.0
7986,0.0
7987,0.0
7988,0.0
7989,0.0
7990,0.0
7991,0.0
7992,0.0
7993,0.0
7994,0.0
7995,0.0
7996,0.0
7997,0.0
7998,0.0
7999,0.0
8000,0.0
8001,0.0
8002,0.0
8003,0.0
8004,0.0
8005,0.0
8006,0.0
8007,0.0
8008,0.0
8009,0.0
8010,0.0
8011,0.0
8012,0.0
8013,0.0
8014,0.0
8015,0.0
8016,0.0
8017,0.0
8018,0.0
8019,0.0
8020,0.0
8021,0.0
8022,0.0
8023,0.0
8024,0.0
8025,0.0
8026,0.0
8027,0.0
8028,0.0
8029,0.0
8030,0.0
8031,0.0
8032,0.0
8033,0.0
8034,0.0
8035,0.0
8036,0.0
8037,0.0
8038,0.0
8039,0.0
8040,0.0
8041,0.00275
8042,0.0055
8043,0.00825
8044,0.011
8045,0.01375
8046,0.0165
8047,0.01925
8048,0.022
8049,0.02475
8050,0.0275
8051,0.03025
8052,0.033
8053,0.041975
8054,0.05095
8055,0.059925
8056,0.0689
8057,0.077875
8058,0.08685
8059,0.095825
8060,0.1047999999999999
8061,0.1137749999999999
8062,0.12275
8063,0.1317249999999999
8064,0.1407
8065,0.1556291666666666
8066,0.1705583333333333
8067,0.1854874999999999
8068,0.2004166666666666
8069,0.2153458333333333
8070,0.230275
8071,0.2452041666666666
8072,0.2601333333333333
8073,0.2750625
8074,0.2899916666666666
8075,0.3049208333333333
8076,0.31985
8077,0.3328666666666667
8078,0.3458833333333333
8079,0.3589
8080,0.3719166666666667
8081,0.3849333333333333
8082,0.3979499999999999
8083,0.4109666666666666
8084,0.4239833333333332
8085,0.4369999999999999
8086,0.4500166666666667
8087,0.4630333333333333
8088,0.47605
8089,0.4937374999999999
8090,0.5114249999999999
8091,0.5291125
8092,0.5468
8093,0.5644874999999999
8094,0.582175
8095,0.5998625
8096,0.6175499999999999
8097,0.6352374999999999
8098,0.652925
8099,0.6706125
8100,0.6882999999999999
8101,0.6935875
8102,0.698875
8103,0.7041625
8104,0.7094499999999999
8105,0.7147374999999999
8106,0.720025
8107,0.7253125
8108,0.7306
8109,0.7358875
8110,0.7411749999999999
8111,0.7464625
8112,0.75175
8113,0.7488291666666667
8114,0.7459083333333333
8115,0.7429875
8116,0.7400666666666668
8117,0.7371458333333334
8118,0.734225
8119,0.7313041666666666
8120,0.7283833333333333
8121,0.7254625000000001
8122,0.7225416666666667
8123,0.7196208333333334
8124,0.7167
8125,0.7005500000000001
8126,0.6844000000000001
8127,0.6682500000000001
8128,0.6521
8129,0.63595
8130,0.6198
8131,0.6036500000000001
8132,0.5875000000000001
8133,0.5713500000000001
8134,0.5552
8135,0.53905
8136,0.5229000000000001
8137,0.5217458333333334
8138,0.5205916666666667
8139,0.5194375000000001
8140,0.5182833333333334
8141,0.5171291666666668
8142,0.5159750000000001
8143,0.5148208333333333
8144,0.5136666666666667
8145,0.5125125
8146,0.5113583333333334
8147,0.5102041666666667
8148,0.50905
8149,0.493775
8150,0.4785
8151,0.463225
8152,0.44795
8153,0.432675
8154,0.4174
8155,0.402125
8156,0.38685
8157,0.371575
8158,0.3563
8159,0.341025
8160,0.32575
8161,0.3098833333333333
8162,0.2940166666666666
8163,0.2781499999999999
8164,0.2622833333333333
8165,0.2464166666666666
8166,0.23055
8167,0.2146833333333333
8168,0.1988166666666666
8169,0.18295
8170,0.1670833333333333
8171,0.1512166666666666
8172,0.13535
8173,0.1276208333333333
8174,0.1198916666666666
8175,0.1121625
8176,0.1044333333333333
8177,0.0967041666666666
8178,0.088975
8179,0.0812458333333333
8180,0.0735166666666666
8181,0.0657875
8182,0.0580583333333333
8183,0.0503291666666666
8184,0.0426
8185,0.03905
8186,0.0355
8187,0.03195
8188,0.0283999999999999
8189,0.02485
8190,0.0213
8191,0.01775
8192,0.0141999999999999
8193,0.0106499999999999
8194,0.0070999999999999
8195,0.0035499999999999
8196,0.0
8197,0.0
8198,0.0
8199,0.0
8200,0.0
8201,0.0
8202,0.0
8203,0.0
8204,0.0
8205,0.0
8206,0.0
8207,0.0
8208,0.0
8209,0.0
8210,0.0
8211,0.0
8212,0.0
8213,0.0
8214,0.0
8215,0.0
8216,0.0
8217,0.0
8218,0.0
8219,0.0
8220,0.0
8221,0.0
8222,0.0
8223,0.0
8224,0.0
8225,0.0
8226,0.0
8227,0.0
8228,0.0
8229,0.0
8230,0.0
8231,0.0
8232,0.0
8233,0.0
8234,0.0
8235,0.0
8236,0.0
8237,0.0
8238,0.0
8239,0.0
8240,0.0
8241,0.0
8242,0.0
8243,0.0
8244,0.0
8245,0.0
8246,0.0
8247,0.0
8248,0.0
8249,0.0
8250,0.0
8251,0.0
8252,0.0
8253,0.0
8254,0.0
8255,0.0
8256,0.0
8257,0.0
8258,0.0
8259,0.0
8260,0.0
8261,0.0
8262,0.0
8263,0.0
8264,0.0
8265,0.0
8266,0.0
8267,0.0
8268,0.0
8269,0.0
8270,0.0
8271,0.0
8272,0.0
8273,0.0
8274,0.0
8275,0.0
8276,0.0
8277,0.0
8278,0.0
8279,0.0
8280,0.0
8281,0.0
8282,0.0
8283,0.0
8284,0.0
8285,0.0
8286,0.0
8287,0.0
8288,0.0
8289,0.0
8290,0.0
8291,0.0
8292,0.0
8293,0.0
8294,0.0
8295,0.0
8296,0.0
8297,0.0
8298,0.0
8299,0.0
8300,0.0
8301,0.0
8302,0.0
8303,0.0
8304,0.0
8305,0.0
8306,0.0
8307,0.0
8308,0.0
8309,0.0
8310,0.0
8311,0.0
8312,0.0
8313,0.0
8314,0.0
8315,0.0
8316,0.0
8317,0.0
8318,0.0
8319,0.0
8320,0.0
8321,0.0
8322,0.0
8323,0.0
8324,0.0
8325,0.0
8326,0.0
8327,0.0
8328,0.0
8329,0.0043125
8330,0.008625
8331,0.0129375
8332,0.01725
8333,0.0215625
8334,0.025875
8335,0.0301875
8336,0.0345
8337,0.0388125
8338,0.043125
8339,0.0474375
8340,0.05175
8341,0.0662708333333333
8342,0.0807916666666666
8343,0.0953125
8344,0.1098333333333333
8345,0.1243541666666666
8346,0.138875
8347,0.1533958333333333
8348,0.1679166666666667
8349,0.1824375
8350,0.1969583333333333
8351,0.2114791666666667
8352,0.226
8353,0.240525
8354,0.25505
8355,0.269575
8356,0.2841
8357,0.298625
8358,0.31315
8359,0.327675
8360,0.3422
8361,0.356725
8362,0.37125
8363,0.385775
8364,0.4003
8365,0.4159416666666666
8366,0.4315833333333334
8367,0.447225
8368,0.4628666666666666
8369,0.4785083333333333
8370,0.49415
8371,0.5097916666666666
8372,0.5254333333333334
8373,0.5410750000000001
8374,0.5567166666666667
8375,0.5723583333333333
8376,0.588
8377,0.5986375
8378,0.609275
8379,0.6199125
8380,0.63055
8381,0.6411875
8382,0.6518250000000001
8383,0.6624625000000001
8384,0.6731
8385,0.6837375000000001
8386,0.6943750000000001
8387,0.7050125
8388,0.7156500000000001
8389,0.7183958333333333
8390,0.7211416666666668
8391,0.7238875
8392,0.7266333333333334
8393,0.7293791666666667
8394,0.732125
8395,0.7348708333333333
8396,0.7376166666666667
8397,0.7403624999999999
8398,0.7431083333333333
8399,0.7458541666666666
8400,0.7485999999999999
8401,0.7556666666666666
8402,0.7627333333333333
8403,0.7697999999999999
8404,0.7768666666666666
8405,0.7839333333333333
8406,0.791
8407,0.7980666666666666
8408,0.8051333333333334
8409,0.8121999999999999
8410,0.8192666666666667
8411,0.8263333333333333
8412,0.8334
8413,0.7974458333333333
8414,0.7614916666666667
8415,0.7255375000000001
8416,0.6895833333333333
8417,0.6536291666666667
8418,0.6176750000000001
8419,0.5817208333333335
8420,0.5457666666666666
8421,0.5098125
8422,0.4738583333333334
8423,0.4379041666666667
8424,0.40195
8425,0.3900375
8426,0.378125
8427,0.3662125
8428,0.3543
8429,0.3423875
8430,0.330475
8431,0.3185625
8432,0.30665
8433,0.2947375
8434,0.282825
8435,0.2709125
8436,0.259
8437,0.2546125
8438,0.250225
8439,0.2458375
8440,0.24145
8441,0.2370625
8442,0.232675
8443,0.2282875
8444,0.2239
8445,0.2195125
8446,0.215125
8447,0.2107375
8448,0.20635
8449,0.1973291666666666
8450,0.1883083333333333
8451,0.1792875
8452,0.1702666666666666
8453,0.1612458333333333
8454,0.152225
8455,0.1432041666666667
8456,0.1341833333333333
8457,0.1251624999999999
8458,0.1161416666666666
8459,0.1071208333333333
8460,0.0980999999999999
8461,0.0924541666666666
8462,0.0868083333333333
8463,0.0811625
8464,0.0755166666666666
8465,0.0698708333333333
8466,0.0642249999999999
8467,0.0585791666666666
8468,0.0529333333333333
8469,0.0472874999999999
8470,0.0416416666666666
8471,0.0359958333333333
8472,0.03035
8473,0.0278208333333333
8474,0.0252916666666666
8475,0.0227625
8476,0.0202333333333333
8477,0.0177041666666666
8478,0.015175
8479,0.0126458333333333
8480,0.0101166666666666
8481,0.0075875
8482,0.0050583333333333
8483,0.0025291666666666
8484,0.0
8485,0.0
8486,0.0
8487,0.0
8488,0.0
8489,0.0
8490,0.0
8491,0.0
8492,0.0
8493,0.0
8494,0.0
8495,0.0
8496,0.0
8497,0.0
8498,0.0
8499,0.0
8500,0.0
8501,0.0
8502,0.0
8503,0.0
8504,0.0
8505,0.0
8506,0.0
8507,0.0
8508,0.0
8509,0.0
8510,0.0
8511,0.0
8512,0.0
8513,0.0
8514,0.0
8515,0.0
8516,0.0
8517,0.0
8518,0.0
8519,0.0
8520,0.0
8521,0.0
8522,0.0
8523,0.0
8524,0.0
8525,0.0
8526,0.0
8527,0.0
8528,0.0
8529,0.0
8530,0.0
8531,0.0
8532,0.0
8533,0.0
8534,0.0
8535,0.0
8536,0.0
8537,0.0
8538,0.0
8539,0.0
8540,0.0
8541,0.0
8542,0.0
8543,0.0
8544,0.0
8545,0.0
8546,0.0
8547,0.0
8548,0.0
8549,0.0
8550,0.0
8551,0.0
8552,0.0
8553,0.0
8554,0.0
8555,0.0
8556,0.0
8557,0.0
8558,0.0
8559,0.0
8560,0.0
8561,0.0
8562,0.0
8563,0.0
8564,0.0
8565,0.0
8566,0.0
8567,0.0
8568,0.0
8569,0.0
8570,0.0
8571,0.0
8572,0.0
8573,0.0
8574,0.0
8575,0.0
8576,0.0
8577,0.0
8578,0.0
8579,0.0
8580,0.0
8581,0.0
8582,0.0
8583,0.0
8584,0.0
8585,0.0
8586,0.0
8587,0.0
8588,0.0
8589,0.0
8590,0.0
8591,0.0
8592,0.0
8593,0.0
8594,0.0
8595,0.0
8596,0.0
8597,0.0
8598,0.0
8599,0.0
8600,0.0
8601,0.0
8602,0.0
8603,0.0
8604,0.0
8605,0.0
8606,0.0
8607,0.0
8608,0.0
8609,0.0
8610,0.0
8611,0.0
8612,0.0
8613,0.0
8614,0.0
8615,0.0
8616,0.0
8617,0.0046625
8618,0.009325
8619,0.0139875
8620,0.01865
8621,0.0233125
8622,0.027975
8623,0.0326375
8624,0.0373
8625,0.0419625
8626,0.046625
8627,0.0512875
8628,0.05595
8629,0.0691125
8630,0.082275
8631,0.0954375
8632,0.1085999999999999
8633,0.1217625
8634,0.134925
8635,0.1480875
8636,0.16125
8637,0.1744125
8638,0.187575
8639,0.2007375
8640,0.2139
8641,0.2230875
8642,0.232275
8643,0.2414625
8644,0.25065
8645,0.2598375
8646,0.2690249999999999
8647,0.2782125
8648,0.2874
8649,0.2965875
8650,0.3057749999999999
8651,0.3149625
8652,0.32415
8653,0.3372874999999999
8654,0.3504249999999999
8655,0.3635625
8656,0.3767
8657,0.3898375
8658,0.402975
8659,0.4161125
8660,0.42925
8661,0.4423875
8662,0.4555249999999999
8663,0.4686625
8664,0.4818
8665,0.4903875
8666,0.498975
8667,0.5075625
8668,0.51615
8669,0.5247375000000001
8670,0.533325
8671,0.5419125
8672,0.5505
8673,0.5590875
8674,0.567675
8675,0.5762625
8676,0.58485
8677,0.5851166666666667
8678,0.5853833333333334
8679,0.58565
8680,0.5859166666666666
8681,0.5861833333333333
8682,0.58645
8683,0.5867166666666667
8684,0.5869833333333333
8685,0.58725
8686,0.5875166666666667
8687,0.5877833333333333
8688,0.58805
8689,0.590725
8690,0.5933999999999999
8691,0.5960749999999999
8692,0.59875
8693,0.601425
8694,0.6041
8695,0.606775
8696,0.6094499999999999
8697,0.612125
8698,0.6147999999999999
8699,0.617475
8700,0.62015
8701,0.6269666666666667
8702,0.6337833333333333
8703,0.6406000000000001
8704,0.6474166666666666
8705,0.6542333333333333
8706,0.66105
8707,0.6678666666666667
8708,0.6746833333333334
8709,0.6815
8710,0.6883166666666667
8711,0.6951333333333334
8712,0.7019500000000001
8713,0.6849333333333334
8714,0.6679166666666667
8715,0.6509000000000001
8716,0.6338833333333334
8717,0.6168666666666667
8718,0.59985
8719,0.5828333333333334
8720,0.5658166666666667
8721,0.5488000000000001
8722,0.5317833333333333
8723,0.5147666666666667
8724,0.49775
8725,0.4894791666666667
8726,0.4812083333333333
8727,0.4729375
8728,0.4646666666666667
8729,0.4563958333333333
8730,0.448125
8731,0.4398541666666667
8732,0.4315833333333333
8733,0.4233125
8734,0.4150416666666667
8735,0.4067708333333333
8736,0.3985
8737,0.3864291666666666
8738,0.3743583333333333
8739,0.3622875
8740,0.3502166666666667
8741,0.3381458333333333
8742,0.326075
8743,0.3140041666666666
8744,0.3019333333333333
8745,0.2898625
8746,0.2777916666666666
8747,0.2657208333333333
8748,0.25365
8749,0.2380125
8750,0.222375
8751,0.2067375
8752,0.1911
8753,0.1754625
8754,0.159825
8755,0.1441875
8756,0.12855
8757,0.1129125
8758,0.0972749999999999
8759,0.0816374999999999
8760,0.066
8761,0.0605
8762,0.055
8763,0.0495
8764,0.044
8765,0.0385
8766,0.033
8767,0.0275
8768,0.022
8769,0.0165
8770,0.011
8771,0.0055
8772,0.0
8773,0.0
8774,0.0
8775,0.0
8776,0.0
8777,0.0
8778,0.0
8779,0.0
8780,0.0
8781,0.0
8782,0.0
8783,0.0
8784,0.0
8785,0.0
8786,0.0
8787,0.0
8788,0.0
8789,0.0
8790,0.0
8791,0.0
8792,0.0
8793,0.0
8794,0.0
8795,0.0
8796,0.0
8797,0.0
8798,0.0
8799,0.0
8800,0.0
8801,0.0
8802,0.0
8803,0.0
8804,0.0
8805,0.0
8806,0.0
8807,0.0
8808,0.0
8809,0.0
8810,0.0
8811,0.0
8812,0.0
8813,0.0
8814,0.0
8815,0.0
8816,0.0
8817,0.0
8818,0.0
8819,0.0
8820,0.0
8821,0.0
8822,0.0
8823,0.0
8824,0.0
8825,0.0
8826,0.0
8827,0.0
8828,0.0
8829,0.0
8830,0.0
8831,0.0
8832,0.0
8833,0.0
8834,0.0
8835,0.0
8836,0.0
8837,0.0
8838,0.0
8839,0.0
8840,0.0
8841,0.0
8842,0.0
8843,0.0
8844,0.0
8845,0.0
8846,0.0
8847,0.0
8848,0.0
8849,0.0
8850,0.0
8851,0.0
8852,0.0
8853,0.0
8854,0.0
8855,0.0
8856,0.0
8857,0.0
8858,0.0
8859,0.0
8860,0.0
8861,0.0
8862,0.0
8863,0.0
8864,0.0
8865,0.0
8866,0.0
8867,0.0
8868,0.0
8869,0.0
8870,0.0
8871,0.0
8872,0.0
8873,0.0
8874,0.0
8875,0.0
8876,0.0
8877,0.0
8878,0.0
8879,0.0
8880,0.0
8881,0.0
8882,0.0
8883,0.0
8884,0.0
8885,0.0
8886,0.0
8887,0.0
8888,0.0
8889,0.0
8890,0.0
8891,0.0
8892,0.0
8893,0.0
8894,0.0
8895,0.0
8896,0.0
8897,0.0
8898,0.0
8899,0.0
8900,0.0
8901,0.0
8902,0.0
8903,0.0
8904,0.0
8905,0.0030583333333333
8906,0.0061166666666666
8907,0.009175
8908,0.0122333333333333
8909,0.0152916666666666
8910,0.01835
8911,0.0214083333333333
8912,0.0244666666666666
8913,0.027525
8914,0.0305833333333333
8915,0.0336416666666666
8916,0.0367
