# full:us:R3_P1:s201
# job: {"algorithm": "PPO", "batch_completion_weight": 1000.0, "batch_size": 64, "candidate": "R3", "deadline_bucket_edges": [1, 3, 6, 12, 24], "evaluation_objective": {"batch_completion_weight": 1000.0, "full_dollar_cost_unchanged": true, "service_backlog_weight": 1000.0}, "gae_lambda": 0.99, "gamma": 1.0, "job_fingerprint": "52ae7996a6b5a4aadd2ae4037daf5c09bc9a75f3743915a8fe6601519166f520", "learning_rate": 0.0003, "learning_rate_schedule": "linear", "n_epochs": 10, "n_steps": 2048, "net_arch": [128, 128], "normalize_observations": false, "protocol_sha256": "afcdacc992bdf9ba219fab251a2576812e0180aa189da49994056d935b549dda", "region": "us", "seed": 201, "service_backlog_weight": 700.0, "stage": "full", "subtract_idle_cost": false, "target_kl": 0.02, "timesteps": 501760, "train_scenario": "env/scenarios/us_model_v2_2025.yaml", "urgency_potential_weight": 0.0, "variant": "P1"}
# command: C:\Python314\python.exe train_v3.py --scenario C:\Users\jagal\copilot-worktrees\dc-energy-joint-optimization\jagal-microsoft-literate-umbrella\env\scenarios\us_model_v2_2025.yaml --model-path C:\Users\jagal\copilot-worktrees\dc-energy-joint-optimization\jagal-microsoft-literate-umbrella\models\ppo_v3_reward_sweep\_tmp\full_us_R3_P1_s201_c04b6270a7e54249bb8bdd606fab622d\model.zip --diagnostics-path C:\Users\jagal\copilot-worktrees\dc-energy-joint-optimization\jagal-microsoft-literate-umbrella\models\ppo_v3_reward_sweep\_tmp\full_us_R3_P1_s201_c04b6270a7e54249bb8bdd606fab622d\training.json --timesteps 501760 --seed 201 --lr 0.0003 --lr-schedule linear --n-steps 2048 --batch-size 64 --n-epochs 10 --gamma 1.0 --gae-lambda 0.99 --net-arch 128 128 --peak-penalty-weight 0.015 --service-backlog-weight 700.0 --batch-completion-weight 1000.0 --reward-scale 0.0001 --urgency-potential-weight 0.0 --deadline-bucket-edges 1 3 6 12 24 --target-kl 0.02
# started: 2026-08-06T15:07:55.335137+00:00

Using cpu device
-----------------------------
| time/              |      |
|    fps             | 585  |
|    iterations      | 1    |
|    time_elapsed    | 3    |
|    total_timesteps | 2048 |
-----------------------------
-----------------------------------------
| time/                   |             |
|    fps                  | 412         |
|    iterations           | 2           |
|    time_elapsed         | 9           |
|    total_timesteps      | 4096        |
| train/                  |             |
|    approx_kl            | 0.015221988 |
|    clip_fraction        | 0.146       |
|    clip_range           | 0.2         |
|    entropy_loss         | -17         |
|    explained_variance   | 0.047       |
|    learning_rate        | 0.000299    |
|    loss                 | 0.638       |
|    n_updates            | 10          |
|    policy_gradient_loss | -0.0156     |
|    std                  | 1           |
|    value_loss           | 4.1         |
-----------------------------------------
-----------------------------------------
| time/                   |             |
|    fps                  | 379         |
|    iterations           | 3           |
|    time_elapsed         | 16          |
|    total_timesteps      | 6144        |
| train/                  |             |
|    approx_kl            | 0.009355153 |
|    clip_fraction        | 0.0696      |
|    clip_range           | 0.2         |
|    entropy_loss         | -17         |
|    explained_variance   | 0.298       |
|    learning_rate        | 0.000298    |
|    loss                 | 1.52        |
|    n_updates            | 20          |
|    policy_gradient_loss | -0.00997    |
|    std                  | 0.998       |
|    value_loss           | 10.2        |
-----------------------------------------
-----------------------------------------
| time/                   |             |
|    fps                  | 367         |
|    iterations           | 4           |
|    time_elapsed         | 22          |
|    total_timesteps      | 8192        |
| train/                  |             |
|    approx_kl            | 0.010779785 |
|    clip_fraction        | 0.0865      |
|    clip_range           | 0.2         |
|    entropy_loss         | -17         |
|    explained_variance   | 0.606       |
|    learning_rate        | 0.000296    |
|    loss                 | 1.73        |
|    n_updates            | 30          |
|    policy_gradient_loss | -0.0139     |
|    std                  | 0.995       |
|    value_loss           | 5.95        |
-----------------------------------------
----------------------------------------
| rollout/                |            |
|    ep_len_mean          | 8.93e+03   |
|    ep_rew_mean          | -700       |
| time/                   |            |
|    fps                  | 356        |
|    iterations           | 5          |
|    time_elapsed         | 28         |
|    total_timesteps      | 10240      |
| train/                  |            |
|    approx_kl            | 0.01270535 |
|    clip_fraction        | 0.108      |
|    clip_range           | 0.2        |
|    entropy_loss         | -16.9      |
|    explained_variance   | 0.62       |
|    learning_rate        | 0.000295   |
|    loss                 | 2.18       |
|    n_updates            | 40         |
|    policy_gradient_loss | -0.0128    |
|    std                  | 0.992      |
|    value_loss           | 6.35       |
----------------------------------------
------------------------------------------
| rollout/                |              |
|    ep_len_mean          | 8.93e+03     |
|    ep_rew_mean          | -700         |
| time/                   |              |
|    fps                  | 351          |
|    iterations           | 6            |
|    time_elapsed         | 34           |
|    total_timesteps      | 12288        |
| train/                  |              |
|    approx_kl            | 0.0076968498 |
|    clip_fraction        | 0.0659       |
|    clip_range           | 0.2          |
|    entropy_loss         | -16.9        |
|    explained_variance   | 0.143        |
|    learning_rate        | 0.000294     |
|    loss                 | 9.51         |
|    n_updates            | 50           |
|    policy_gradient_loss | -0.012       |
|    std                  | 0.99         |
|    value_loss           | 29.4         |
------------------------------------------
-----------------------------------------
| rollout/                |             |
|    ep_len_mean          | 8.93e+03    |
|    ep_rew_mean          | -700        |
| time/                   |             |
|    fps                  | 343         |
|    iterations           | 7           |
|    time_elapsed         | 41          |
|    total_timesteps      | 14336       |
| train/                  |             |
|    approx_kl            | 0.011615852 |
|    clip_fraction        | 0.13        |
|    clip_range           | 0.2         |
|    entropy_loss         | -16.9       |
|    explained_variance   | 0.478       |
|    learning_rate        | 0.000293    |
|    loss                 | 1.03        |
|    n_updates            | 60          |
|    policy_gradient_loss | -0.0119     |
|    std                  | 0.991       |
|    value_loss           | 10.7        |
-----------------------------------------
-----------------------------------------
| rollout/                |             |
|    ep_len_mean          | 8.93e+03    |
|    ep_rew_mean          | -700        |
| time/                   |             |
|    fps                  | 334         |
|    iterations           | 8           |
|    time_elapsed         | 48          |
|    total_timesteps      | 16384       |
| train/                  |             |
|    approx_kl            | 0.010922207 |
|    clip_fraction        | 0.0985      |
|    clip_range           | 0.2         |
|    entropy_loss         | -16.9       |
|    explained_variance   | 0.581       |
|    learning_rate        | 0.000291    |
|    loss                 | 2.35        |
|    n_updates            | 70          |
|    policy_gradient_loss | -0.0133     |
|    std                  | 0.989       |
|    value_loss           | 8.64        |
-----------------------------------------
----------------------------------------
| rollout/                |            |
|    ep_len_mean          | 8.93e+03   |
|    ep_rew_mean          | -698       |
| time/                   |            |
|    fps                  | 329        |
|    iterations           | 9          |
|    time_elapsed         | 56         |
|    total_timesteps      | 18432      |
| train/                  |            |
|    approx_kl            | 0.01321708 |
|    clip_fraction        | 0.129      |
|    clip_range           | 0.2        |
|    entropy_loss         | -16.9      |
|    explained_variance   | 0.755      |
|    learning_rate        | 0.00029    |
|    loss                 | 1.41       |
|    n_updates            | 80         |
|    policy_gradient_loss | -0.015     |
|    std                  | 0.986      |
|    value_loss           | 6.52       |
----------------------------------------
-----------------------------------------
| rollout/                |             |
|    ep_len_mean          | 8.93e+03    |
|    ep_rew_mean          | -698        |
| time/                   |             |
|    fps                  | 325         |
|    iterations           | 10          |
|    time_elapsed         | 62          |
|    total_timesteps      | 20480       |
| train/                  |             |
|    approx_kl            | 0.008692812 |
|    clip_fraction        | 0.0766      |
|    clip_range           | 0.2         |
|    entropy_loss         | -16.9       |
|    explained_variance   | 0.11        |
|    learning_rate        | 0.000289    |
|    loss                 | 28.9        |
|    n_updates            | 90          |
|    policy_gradient_loss | -0.00881    |
|    std                  | 0.985       |
|    value_loss           | 69.9        |
-----------------------------------------
Early stopping at step 8 due to reaching max kl: 0.04
-----------------------------------------
| rollout/                |             |
|    ep_len_mean          | 8.93e+03    |
|    ep_rew_mean          | -698        |
| time/                   |             |
|    fps                  | 321         |
|    iterations           | 11          |
|    time_elapsed         | 69          |
|    total_timesteps      | 22528       |
| train/                  |             |
|    approx_kl            | 0.022165312 |
|    clip_fraction        | 0.165       |
|    clip_range           | 0.2         |
|    entropy_loss         | -16.8       |
|    explained_variance   | 0.0657      |
|    learning_rate        | 0.000288    |
|    loss                 | 1.54        |
|    n_updates            | 99          |
|    policy_gradient_loss | -0.00961    |
|    std                  | 0.986       |
|    value_loss           | 15          |
-----------------------------------------
-----------------------------------------
| rollout/                |             |
|    ep_len_mean          | 8.93e+03    |
|    ep_rew_mean          | -698        |
| time/                   |             |
|    fps                  | 320         |
|    iterations           | 12          |
|    time_elapsed         | 76          |
|    total_timesteps      | 24576       |
| train/                  |             |
|    approx_kl            | 0.016923917 |
|    clip_fraction        | 0.17        |
|    clip_range           | 0.2         |
|    entropy_loss         | -16.8       |
|    explained_variance   | 0.443       |
|    learning_rate        | 0.000287    |
|    loss                 | 1.09        |
|    n_updates            | 109         |
|    policy_gradient_loss | -0.0117     |
|    std                  | 0.982       |
|    value_loss           | 6.99        |
-----------------------------------------
-----------------------------------------
| rollout/                |             |
|    ep_len_mean          | 8.93e+03    |
|    ep_rew_mean          | -698        |
| time/                   |             |
|    fps                  | 319         |
|    iterations           | 13          |
|    time_elapsed         | 83          |
|    total_timesteps      | 26624       |
| train/                  |             |
|    approx_kl            | 0.010107106 |
|    clip_fraction        | 0.111       |
|    clip_range           | 0.2         |
|    entropy_loss         | -16.8       |
|    explained_variance   | 0.681       |
|    learning_rate        | 0.000285    |
|    loss                 | 2.99        |
|    n_updates            | 119         |
|    policy_gradient_loss | -0.0143     |
|    std                  | 0.98        |
|    value_loss           | 10.2        |
-----------------------------------------
-----------------------------------------
| rollout/                |             |
|    ep_len_mean          | 8.93e+03    |
|    ep_rew_mean          | -700        |
| time/                   |             |
|    fps                  | 317         |
|    iterations           | 14          |
|    time_elapsed         | 90          |
|    total_timesteps      | 28672       |
| train/                  |             |
|    approx_kl            | 0.010698519 |
|    clip_fraction        | 0.0872      |
|    clip_range           | 0.2         |
|    entropy_loss         | -16.8       |
|    explained_variance   | 0.426       |
|    learning_rate        | 0.000284    |
|    loss                 | 4.01        |
|    n_updates            | 129         |
|    policy_gradient_loss | -0.014      |
|    std                  | 0.98        |
|    value_loss           | 12.3        |
-----------------------------------------
-----------------------------------------
| rollout/                |             |
|    ep_len_mean          | 8.93e+03    |
|    ep_rew_mean          | -700        |
| time/                   |             |
|    fps                  | 317         |
|    iterations           | 15          |
|    time_elapsed         | 96          |
|    total_timesteps      | 30720       |
| train/                  |             |
|    approx_kl            | 0.011405548 |
|    clip_fraction        | 0.0709      |
|    clip_range           | 0.2         |
|    entropy_loss         | -16.8       |
|    explained_variance   | 0.032       |
|    learning_rate        | 0.000283    |
|    loss                 | 3.32        |
|    n_updates            | 139         |
|    policy_gradient_loss | -0.0117     |
|    std                  | 0.978       |
|    value_loss           | 28.4        |
-----------------------------------------
-----------------------------------------
| rollout/                |             |
|    ep_len_mean          | 8.93e+03    |
|    ep_rew_mean          | -700        |
| time/                   |             |
|    fps                  | 316         |
|    iterations           | 16          |
|    time_elapsed         | 103         |
|    total_timesteps      | 32768       |
| train/                  |             |
|    approx_kl            | 0.013061135 |
|    clip_fraction        | 0.109       |
|    clip_range           | 0.2         |
|    entropy_loss         | -16.7       |
|    explained_variance   | 0.643       |
|    learning_rate        | 0.000282    |
|    loss                 | 1.27        |
|    n_updates            | 149         |
|    policy_gradient_loss | -0.0132     |
|    std                  | 0.975       |
|    value_loss           | 13.3        |
-----------------------------------------
-----------------------------------------
| rollout/                |             |
|    ep_len_mean          | 8.93e+03    |
|    ep_rew_mean          | -700        |
| time/                   |             |
|    fps                  | 314         |
|    iterations           | 17          |
|    time_elapsed         | 110         |
|    total_timesteps      | 34816       |
| train/                  |             |
|    approx_kl            | 0.009401087 |
|    clip_fraction        | 0.088       |
|    clip_range           | 0.2         |
|    entropy_loss         | -16.7       |
|    explained_variance   | 0.416       |
|    learning_rate        | 0.00028     |
|    loss                 | 6.16        |
|    n_updates            | 159         |
|    policy_gradient_loss | -0.0125     |
|    std                  | 0.976       |
|    value_loss           | 14.1        |
-----------------------------------------
-----------------------------------------
| rollout/                |             |
|    ep_len_mean          | 8.93e+03    |
|    ep_rew_mean          | -703        |
| time/                   |             |
|    fps                  | 310         |
|    iterations           | 18          |
|    time_elapsed         | 118         |
|    total_timesteps      | 36864       |
| train/                  |             |
|    approx_kl            | 0.007849032 |
|    clip_fraction        | 0.0685      |
|    clip_range           | 0.2         |
|    entropy_loss         | -16.7       |
|    explained_variance   | -0.187      |
|    learning_rate        | 0.000279    |
|    loss                 | 14.6        |
|    n_updates            | 169         |
|    policy_gradient_loss | -0.0113     |
|    std                  | 0.976       |
|    value_loss           | 29.9        |
-----------------------------------------
-----------------------------------------
| rollout/                |             |
|    ep_len_mean          | 8.93e+03    |
|    ep_rew_mean          | -703        |
| time/                   |             |
|    fps                  | 306         |
|    iterations           | 19          |
|    time_elapsed         | 127         |
|    total_timesteps      | 38912       |
| train/                  |             |
|    approx_kl            | 0.004376359 |
|    clip_fraction        | 0.037       |
|    clip_range           | 0.2         |
|    entropy_loss         | -16.7       |
|    explained_variance   | 0.598       |
|    learning_rate        | 0.000278    |
|    loss                 | 47.7        |
|    n_updates            | 179         |
|    policy_gradient_loss | -0.00938    |
|    std                  | 0.976       |
|    value_loss           | 112         |
-----------------------------------------
Early stopping at step 5 due to reaching max kl: 0.03
-----------------------------------------
| rollout/                |             |
|    ep_len_mean          | 8.93e+03    |
|    ep_rew_mean          | -703        |
| time/                   |             |
|    fps                  | 308         |
|    iterations           | 20          |
|    time_elapsed         | 132         |
|    total_timesteps      | 40960       |
| train/                  |             |
|    approx_kl            | 0.019737331 |
|    clip_fraction        | 0.136       |
|    clip_range           | 0.2         |
|    entropy_loss         | -16.7       |
|    explained_variance   | 0.396       |
|    learning_rate        | 0.000277    |
|    loss                 | 1.53        |
|    n_updates            | 185         |
|    policy_gradient_loss | -0.00562    |
|    std                  | 0.975       |
|    value_loss           | 19.6        |
-----------------------------------------
-----------------------------------------
| rollout/                |             |
|    ep_len_mean          | 8.93e+03    |
|    ep_rew_mean          | -703        |
| time/                   |             |
|    fps                  | 305         |
|    iterations           | 21          |
|    time_elapsed         | 140         |
|    total_timesteps      | 43008       |
| train/                  |             |
|    approx_kl            | 0.006618696 |
|    clip_fraction        | 0.0687      |
|    clip_range           | 0.2         |
|    entropy_loss         | -16.7       |
|    explained_variance   | 0.591       |
|    learning_rate        | 0.000276    |
|    loss                 | 10.4        |
|    n_updates            | 195         |
|    policy_gradient_loss | -0.00826    |
|    std                  | 0.975       |
|    value_loss           | 29.1        |
-----------------------------------------
------------------------------------------
| rollout/                |              |
|    ep_len_mean          | 8.93e+03     |
|    ep_rew_mean          | -704         |
| time/                   |              |
|    fps                  | 304          |
|    iterations           | 22           |
|    time_elapsed         | 147          |
|    total_timesteps      | 45056        |
| train/                  |              |
|    approx_kl            | 0.0059753433 |
|    clip_fraction        | 0.0399       |
|    clip_range           | 0.2          |
|    entropy_loss         | -16.7        |
|    explained_variance   | 0.58         |
|    learning_rate        | 0.000274     |
|    loss                 | 11.3         |
|    n_updates            | 205          |
|    policy_gradient_loss | -0.0094      |
|    std                  | 0.975        |
|    value_loss           | 55.3         |
------------------------------------------
-----------------------------------------
| rollout/                |             |
|    ep_len_mean          | 8.93e+03    |
|    ep_rew_mean          | -704        |
| time/                   |             |
|    fps                  | 299         |
|    iterations           | 23          |
|    time_elapsed         | 157         |
|    total_timesteps      | 47104       |
| train/                  |             |
|    approx_kl            | 0.005189622 |
|    clip_fraction        | 0.0357      |
|    clip_range           | 0.2         |
|    entropy_loss         | -16.7       |
|    explained_variance   | 0.801       |
|    learning_rate        | 0.000273    |
|    loss                 | 38.8        |
|    n_updates            | 215         |
|    policy_gradient_loss | -0.00833    |
|    std                  | 0.975       |
|    value_loss           | 74          |
-----------------------------------------
Early stopping at step 2 due to reaching max kl: 0.04
-----------------------------------------
| rollout/                |             |
|    ep_len_mean          | 8.93e+03    |
|    ep_rew_mean          | -704        |
| time/                   |             |
|    fps                  | 302         |
|    iterations           | 24          |
|    time_elapsed         | 162         |
|    total_timesteps      | 49152       |
| train/                  |             |
|    approx_kl            | 0.015499563 |
|    clip_fraction        | 0.119       |
|    clip_range           | 0.2         |
|    entropy_loss         | -16.7       |
|    explained_variance   | 0.274       |
|    learning_rate        | 0.000272    |
|    loss                 | 2.99        |
|    n_updates            | 218         |
|    policy_gradient_loss | -0.00339    |
|    std                  | 0.975       |
|    value_loss           | 23.3        |
-----------------------------------------
Early stopping at step 6 due to reaching max kl: 0.03
-----------------------------------------
| rollout/                |             |
|    ep_len_mean          | 8.93e+03    |
|    ep_rew_mean          | -704        |
| time/                   |             |
|    fps                  | 301         |
|    iterations           | 25          |
|    time_elapsed         | 169         |
|    total_timesteps      | 51200       |
| train/                  |             |
|    approx_kl            | 0.015505471 |
|    clip_fraction        | 0.2         |
|    clip_range           | 0.2         |
|    entropy_loss         | -16.7       |
|    explained_variance   | 0.365       |
|    learning_rate        | 0.000271    |
|    loss                 | 2.48        |
|    n_updates            | 225         |
|    policy_gradient_loss | -0.00684    |
|    std                  | 0.974       |
|    value_loss           | 16.1        |
-----------------------------------------
-----------------------------------------
| rollout/                |             |
|    ep_len_mean          | 8.93e+03    |
|    ep_rew_mean          | -704        |
| time/                   |             |
|    fps                  | 301         |
|    iterations           | 26          |
|    time_elapsed         | 176         |
|    total_timesteps      | 53248       |
| train/                  |             |
|    approx_kl            | 0.009742385 |
|    clip_fraction        | 0.101       |
|    clip_range           | 0.2         |
|    entropy_loss         | -16.7       |
|    explained_variance   | 0.705       |
|    learning_rate        | 0.000269    |
|    loss                 | 3.46        |
|    n_updates            | 235         |
|    policy_gradient_loss | -0.0145     |
|    std                  | 0.972       |
|    value_loss           | 10.9        |
-----------------------------------------
------------------------------------------
| rollout/                |              |
|    ep_len_mean          | 8.93e+03     |
|    ep_rew_mean          | -709         |
| time/                   |              |
|    fps                  | 300          |
|    iterations           | 27           |
|    time_elapsed         | 183          |
|    total_timesteps      | 55296        |
| train/                  |              |
|    approx_kl            | 0.0071876114 |
|    clip_fraction        | 0.0424       |
|    clip_range           | 0.2          |
|    entropy_loss         | -16.7        |
|    explained_variance   | 0.0426       |
|    learning_rate        | 0.000268     |
|    loss                 | 6.01         |
|    n_updates            | 245          |
|    policy_gradient_loss | -0.00933     |
|    std                  | 0.973        |
|    value_loss           | 27.9         |
------------------------------------------
-----------------------------------------
| rollout/                |             |
|    ep_len_mean          | 8.93e+03    |
|    ep_rew_mean          | -709        |
| time/                   |             |
|    fps                  | 299         |
|    iterations           | 28          |
|    time_elapsed         | 191         |
|    total_timesteps      | 57344       |
| train/                  |             |
|    approx_kl            | 0.010299111 |
|    clip_fraction        | 0.0512      |
|    clip_range           | 0.2         |
|    entropy_loss         | -16.7       |
|    explained_variance   | 0.935       |
|    learning_rate        | 0.000267    |
|    loss                 | 10.6        |
|    n_updates            | 255         |
|    policy_gradient_loss | -0.0119     |
|    std                  | 0.971       |
|    value_loss           | 33.6        |
-----------------------------------------
Early stopping at step 4 due to reaching max kl: 0.03
-----------------------------------------
| rollout/                |             |
|    ep_len_mean          | 8.93e+03    |
|    ep_rew_mean          | -709        |
| time/                   |             |
|    fps                  | 301         |
|    iterations           | 29          |
|    time_elapsed         | 196         |
|    total_timesteps      | 59392       |
| train/                  |             |
|    approx_kl            | 0.019330068 |
|    clip_fraction        | 0.0985      |
|    clip_range           | 0.2         |
|    entropy_loss         | -16.7       |
|    explained_variance   | 0.671       |
|    learning_rate        | 0.000266    |
|    loss                 | 1.95        |
|    n_updates            | 260         |
|    policy_gradient_loss | -0.00489    |
|    std                  | 0.971       |
|    value_loss           | 22.8        |
-----------------------------------------
Early stopping at step 5 due to reaching max kl: 0.03
-----------------------------------------
| rollout/                |             |
|    ep_len_mean          | 8.93e+03    |
|    ep_rew_mean          | -709        |
| time/                   |             |
|    fps                  | 302         |
|    iterations           | 30          |
|    time_elapsed         | 203         |
|    total_timesteps      | 61440       |
| train/                  |             |
|    approx_kl            | 0.016256705 |
|    clip_fraction        | 0.164       |
|    clip_range           | 0.2         |
|    entropy_loss         | -16.7       |
|    explained_variance   | 0.8         |
|    learning_rate        | 0.000264    |
|    loss                 | 4.28        |
|    n_updates            | 266         |
|    policy_gradient_loss | -0.0104     |
|    std                  | 0.973       |
|    value_loss           | 9.44        |
-----------------------------------------
----------------------------------------
| rollout/                |            |
|    ep_len_mean          | 8.93e+03   |
|    ep_rew_mean          | -709       |
| time/                   |            |
|    fps                  | 302        |
|    iterations           | 31         |
|    time_elapsed         | 209        |
|    total_timesteps      | 63488      |
| train/                  |            |
|    approx_kl            | 0.01572701 |
|    clip_fraction        | 0.152      |
|    clip_range           | 0.2        |
|    entropy_loss         | -16.7      |
|    explained_variance   | 0.825      |
|    learning_rate        | 0.000263   |
|    loss                 | 1.2        |
|    n_updates            | 276        |
|    policy_gradient_loss | -0.0122    |
|    std                  | 0.975      |
|    value_loss           | 4.83       |
----------------------------------------
-----------------------------------------
| rollout/                |             |
|    ep_len_mean          | 8.93e+03    |
|    ep_rew_mean          | -709        |
| time/                   |             |
|    fps                  | 302         |
|    iterations           | 32          |
|    time_elapsed         | 216         |
|    total_timesteps      | 65536       |
| train/                  |             |
|    approx_kl            | 0.004563229 |
|    clip_fraction        | 0.0313      |
|    clip_range           | 0.2         |
|    entropy_loss         | -16.7       |
|    explained_variance   | 0.853       |
|    learning_rate        | 0.000262    |
|    loss                 | 24.5        |
|    n_updates            | 286         |
|    policy_gradient_loss | -0.0069     |
|    std                  | 0.974       |
|    value_loss           | 78.1        |
-----------------------------------------
Early stopping at step 3 due to reaching max kl: 0.04
-----------------------------------------
| rollout/                |             |
|    ep_len_mean          | 8.93e+03    |
|    ep_rew_mean          | -709        |
| time/                   |             |
|    fps                  | 304         |
|    iterations           | 33          |
|    time_elapsed         | 221         |
|    total_timesteps      | 67584       |
| train/                  |             |
|    approx_kl            | 0.018347355 |
|    clip_fraction        | 0.0576      |
|    clip_range           | 0.2         |
|    entropy_loss         | -16.7       |
|    explained_variance   | 0.0793      |
|    learning_rate        | 0.000261    |
|    loss                 | 4.55        |
|    n_updates            | 290         |
|    policy_gradient_loss | -0.00473    |
|    std                  | 0.973       |
|    value_loss           | 36.1        |
-----------------------------------------
Early stopping at step 0 due to reaching max kl: 0.03
-----------------------------------------
| rollout/                |             |
|    ep_len_mean          | 8.93e+03    |
|    ep_rew_mean          | -709        |
| time/                   |             |
|    fps                  | 308         |
|    iterations           | 34          |
|    time_elapsed         | 225         |
|    total_timesteps      | 69632       |
| train/                  |             |
|    approx_kl            | 0.010782881 |
|    clip_fraction        | 0.127       |
|    clip_range           | 0.2         |
|    entropy_loss         | -16.7       |
|    explained_variance   | 0.705       |
|    learning_rate        | 0.00026     |
|    loss                 | 24          |
|    n_updates            | 291         |
|    policy_gradient_loss | 0.00354     |
|    std                  | 0.973       |
|    value_loss           | 48.7        |
-----------------------------------------
Early stopping at step 9 due to reaching max kl: 0.03
-----------------------------------------
| rollout/                |             |
|    ep_len_mean          | 8.93e+03    |
|    ep_rew_mean          | -711        |
| time/                   |             |
|    fps                  | 308         |
|    iterations           | 35          |
|    time_elapsed         | 232         |
|    total_timesteps      | 71680       |
| train/                  |             |
|    approx_kl            | 0.019364156 |
|    clip_fraction        | 0.172       |
|    clip_range           | 0.2         |
|    entropy_loss         | -16.7       |
|    explained_variance   | 0.937       |
|    learning_rate        | 0.000258    |
|    loss                 | 2.01        |
|    n_updates            | 301         |
|    policy_gradient_loss | -0.0104     |
|    std                  | 0.971       |
|    value_loss           | 7.14        |
-----------------------------------------
-----------------------------------------
| rollout/                |             |
|    ep_len_mean          | 8.93e+03    |
|    ep_rew_mean          | -711        |
| time/                   |             |
|    fps                  | 306         |
|    iterations           | 36          |
|    time_elapsed         | 240         |
|    total_timesteps      | 73728       |
| train/                  |             |
|    approx_kl            | 0.004256528 |
|    clip_fraction        | 0.0545      |
|    clip_range           | 0.2         |
|    entropy_loss         | -16.7       |
|    explained_variance   | 0.726       |
|    learning_rate        | 0.000257    |
|    loss                 | 51.7        |
|    n_updates            | 311         |
|    policy_gradient_loss | -0.0063     |
|    std                  | 0.971       |
|    value_loss           | 100         |
-----------------------------------------
Early stopping at step 3 due to reaching max kl: 0.03
----------------------------------------
| rollout/                |            |
|    ep_len_mean          | 8.93e+03   |
|    ep_rew_mean          | -711       |
| time/                   |            |
|    fps                  | 305        |
|    iterations           | 37         |
|    time_elapsed         | 247        |
|    total_timesteps      | 75776      |
| train/                  |            |
|    approx_kl            | 0.02692281 |
|    clip_fraction        | 0.0783     |
|    clip_range           | 0.2        |
|    entropy_loss         | -16.7      |
|    explained_variance   | 0.044      |
|    learning_rate        | 0.000256   |
|    loss                 | 1.61       |
|    n_updates            | 315        |
|    policy_gradient_loss | -0.00371   |
|    std                  | 0.971      |
|    value_loss           | 21.8       |
----------------------------------------
Early stopping at step 0 due to reaching max kl: 0.05
-----------------------------------------
| rollout/                |             |
|    ep_len_mean          | 8.93e+03    |
|    ep_rew_mean          | -711        |
| time/                   |             |
|    fps                  | 307         |
|    iterations           | 38          |
|    time_elapsed         | 252         |
|    total_timesteps      | 77824       |
| train/                  |             |
|    approx_kl            | 0.017386638 |
|    clip_fraction        | 0.223       |
|    clip_range           | 0.2         |
|    entropy_loss         | -16.7       |
|    explained_variance   | 0.155       |
|    learning_rate        | 0.000255    |
|    loss                 | 35.3        |
|    n_updates            | 316         |
|    policy_gradient_loss | 0.0217      |
|    std                  | 0.972       |
|    value_loss           | 72.2        |
-----------------------------------------
Early stopping at step 3 due to reaching max kl: 0.04
-----------------------------------------
| rollout/                |             |
|    ep_len_mean          | 8.93e+03    |
|    ep_rew_mean          | -711        |
| time/                   |             |
|    fps                  | 309         |
|    iterations           | 39          |
|    time_elapsed         | 258         |
|    total_timesteps      | 79872       |
| train/                  |             |
|    approx_kl            | 0.015411068 |
|    clip_fraction        | 0.147       |
|    clip_range           | 0.2         |
|    entropy_loss         | -16.7       |
|    explained_variance   | 0.546       |
|    learning_rate        | 0.000253    |
|    loss                 | 2.28        |
|    n_updates            | 320         |
|    policy_gradient_loss | -0.00497    |
|    std                  | 0.972       |
|    value_loss           | 14.5        |
-----------------------------------------
-----------------------------------------
| rollout/                |             |
|    ep_len_mean          | 8.93e+03    |
|    ep_rew_mean          | -714        |
| time/                   |             |
|    fps                  | 306         |
|    iterations           | 40          |
|    time_elapsed         | 266         |
|    total_timesteps      | 81920       |
| train/                  |             |
|    approx_kl            | 0.013205565 |
|    clip_fraction        | 0.134       |
|    clip_range           | 0.2         |
|    entropy_loss         | -16.7       |
|    explained_variance   | 0.54        |
|    learning_rate        | 0.000252    |
|    loss                 | 3.51        |
|    n_updates            | 330         |
|    policy_gradient_loss | -0.0131     |
|    std                  | 0.969       |
|    value_loss           | 10.3        |
-----------------------------------------
----------------------------------------
| rollout/                |            |
|    ep_len_mean          | 8.93e+03   |
|    ep_rew_mean          | -714       |
| time/                   |            |
|    fps                  | 305        |
|    iterations           | 41         |
|    time_elapsed         | 274        |
|    total_timesteps      | 83968      |
| train/                  |            |
|    approx_kl            | 0.00510725 |
|    clip_fraction        | 0.0471     |
|    clip_range           | 0.2        |
|    entropy_loss         | -16.6      |
|    explained_variance   | 0.816      |
|    learning_rate        | 0.000251   |
|    loss                 | 13.3       |
|    n_updates            | 340        |
|    policy_gradient_loss | -0.00482   |
|    std                  | 0.969      |
|    value_loss           | 76.4       |
----------------------------------------
Early stopping at step 4 due to reaching max kl: 0.03
-----------------------------------------
| rollout/                |             |
|    ep_len_mean          | 8.93e+03    |
|    ep_rew_mean          | -714        |
| time/                   |             |
|    fps                  | 306         |
|    iterations           | 42          |
|    time_elapsed         | 280         |
|    total_timesteps      | 86016       |
| train/                  |             |
|    approx_kl            | 0.021892834 |
|    clip_fraction        | 0.123       |
|    clip_range           | 0.2         |
|    entropy_loss         | -16.6       |
|    explained_variance   | 0.0443      |
|    learning_rate        | 0.00025     |
|    loss                 | 2.27        |
|    n_updates            | 345         |
|    policy_gradient_loss | -0.00644    |
|    std                  | 0.969       |
|    value_loss           | 37.3        |
-----------------------------------------
Early stopping at step 6 due to reaching max kl: 0.03
-----------------------------------------
| rollout/                |             |
|    ep_len_mean          | 8.93e+03    |
|    ep_rew_mean          | -714        |
| time/                   |             |
|    fps                  | 306         |
|    iterations           | 43          |
|    time_elapsed         | 287         |
|    total_timesteps      | 88064       |
| train/                  |             |
|    approx_kl            | 0.023126755 |
|    clip_fraction        | 0.166       |
|    clip_range           | 0.2         |
|    entropy_loss         | -16.6       |
|    explained_variance   | 0.617       |
|    learning_rate        | 0.000249    |
|    loss                 | 2.02        |
|    n_updates            | 352         |
|    policy_gradient_loss | -0.0119     |
|    std                  | 0.97        |
|    value_loss           | 10.9        |
-----------------------------------------
------------------------------------------
| rollout/                |              |
|    ep_len_mean          | 8.93e+03     |
|    ep_rew_mean          | -719         |
| time/                   |              |
|    fps                  | 305          |
|    iterations           | 44           |
|    time_elapsed         | 294          |
|    total_timesteps      | 90112        |
| train/                  |              |
|    approx_kl            | 0.0092580635 |
|    clip_fraction        | 0.0635       |
|    clip_range           | 0.2          |
|    entropy_loss         | -16.7        |
|    explained_variance   | 0.705        |
|    learning_rate        | 0.000247     |
|    loss                 | 5.57         |
|    n_updates            | 362          |
|    policy_gradient_loss | -0.00866     |
|    std                  | 0.969        |
|    value_loss           | 25.4         |
------------------------------------------
-----------------------------------------
| rollout/                |             |
|    ep_len_mean          | 8.93e+03    |
|    ep_rew_mean          | -719        |
| time/                   |             |
|    fps                  | 305         |
|    iterations           | 45          |
|    time_elapsed         | 301         |
|    total_timesteps      | 92160       |
| train/                  |             |
|    approx_kl            | 0.003931237 |
|    clip_fraction        | 0.0144      |
|    clip_range           | 0.2         |
|    entropy_loss         | -16.6       |
|    explained_variance   | 0.962       |
|    learning_rate        | 0.000246    |
|    loss                 | 9.01        |
|    n_updates            | 372         |
|    policy_gradient_loss | -0.00553    |
|    std                  | 0.969       |
|    value_loss           | 51.2        |
-----------------------------------------
Early stopping at step 4 due to reaching max kl: 0.03
-----------------------------------------
| rollout/                |             |
|    ep_len_mean          | 8.93e+03    |
|    ep_rew_mean          | -719        |
| time/                   |             |
|    fps                  | 306         |
|    iterations           | 46          |
|    time_elapsed         | 307         |
|    total_timesteps      | 94208       |
| train/                  |             |
|    approx_kl            | 0.018208373 |
|    clip_fraction        | 0.0899      |
|    clip_range           | 0.2         |
|    entropy_loss         | -16.6       |
|    explained_variance   | 0.0351      |
|    learning_rate        | 0.000245    |
|    loss                 | 3.04        |
|    n_updates            | 377         |
|    policy_gradient_loss | -0.0074     |
|    std                  | 0.97        |
|    value_loss           | 36.4        |
-----------------------------------------
Early stopping at step 0 due to reaching max kl: 0.04
-----------------------------------------
| rollout/                |             |
|    ep_len_mean          | 8.93e+03    |
|    ep_rew_mean          | -719        |
| time/                   |             |
|    fps                  | 309         |
|    iterations           | 47          |
|    time_elapsed         | 311         |
|    total_timesteps      | 96256       |
| train/                  |             |
|    approx_kl            | 0.015135042 |
|    clip_fraction        | 0.21        |
|    clip_range           | 0.2         |
|    entropy_loss         | -16.6       |
|    explained_variance   | 0.288       |
|    learning_rate        | 0.000244    |
|    loss                 | 23.3        |
|    n_updates            | 378         |
|    policy_gradient_loss | -5.38e-05   |
|    std                  | 0.969       |
|    value_loss           | 51.3        |
-----------------------------------------
Early stopping at step 8 due to reaching max kl: 0.04
-----------------------------------------
| rollout/                |             |
|    ep_len_mean          | 8.93e+03    |
|    ep_rew_mean          | -721        |
| time/                   |             |
|    fps                  | 308         |
|    iterations           | 48          |
|    time_elapsed         | 318         |
|    total_timesteps      | 98304       |
| train/                  |             |
|    approx_kl            | 0.014171834 |
|    clip_fraction        | 0.147       |
|    clip_range           | 0.2         |
|    entropy_loss         | -16.6       |
|    explained_variance   | 0.892       |
|    learning_rate        | 0.000242    |
|    loss                 | 2.2         |
|    n_updates            | 387         |
|    policy_gradient_loss | -0.0116     |
|    std                  | 0.966       |
|    value_loss           | 11.7        |
-----------------------------------------
-----------------------------------------
| rollout/                |             |
|    ep_len_mean          | 8.93e+03    |
|    ep_rew_mean          | -721        |
| time/                   |             |
|    fps                  | 308         |
|    iterations           | 49          |
|    time_elapsed         | 325         |
|    total_timesteps      | 100352      |
| train/                  |             |
|    approx_kl            | 0.008043937 |
|    clip_fraction        | 0.0594      |
|    clip_range           | 0.2         |
|    entropy_loss         | -16.6       |
|    explained_variance   | 0.963       |
|    learning_rate        | 0.000241    |
|    loss                 | 8.08        |
|    n_updates            | 397         |
|    policy_gradient_loss | -0.00552    |
|    std                  | 0.966       |
|    value_loss           | 24.2        |
-----------------------------------------
Early stopping at step 3 due to reaching max kl: 0.05
-----------------------------------------
| rollout/                |             |
|    ep_len_mean          | 8.93e+03    |
|    ep_rew_mean          | -721        |
| time/                   |             |
|    fps                  | 309         |
|    iterations           | 50          |
|    time_elapsed         | 330         |
|    total_timesteps      | 102400      |
| train/                  |             |
|    approx_kl            | 0.015396627 |
|    clip_fraction        | 0.0823      |
|    clip_range           | 0.2         |
|    entropy_loss         | -16.6       |
|    explained_variance   | 0.0112      |
|    learning_rate        | 0.00024     |
|    loss                 | 1.97        |
|    n_updates            | 401         |
|    policy_gradient_loss | -0.0049     |
|    std                  | 0.967       |
|    value_loss           | 24.8        |
-----------------------------------------
Early stopping at step 0 due to reaching max kl: 0.05
-----------------------------------------
| rollout/                |             |
|    ep_len_mean          | 8.93e+03    |
|    ep_rew_mean          | -721        |
| time/                   |             |
|    fps                  | 311         |
|    iterations           | 51          |
|    time_elapsed         | 335         |
|    total_timesteps      | 104448      |
| train/                  |             |
|    approx_kl            | 0.019580746 |
|    clip_fraction        | 0.25        |
|    clip_range           | 0.2         |
|    entropy_loss         | -16.6       |
|    explained_variance   | 0.022       |
|    learning_rate        | 0.000239    |
|    loss                 | 45.2        |
|    n_updates            | 402         |
|    policy_gradient_loss | 0.0199      |
|    std                  | 0.967       |
|    value_loss           | 85.9        |
-----------------------------------------
Early stopping at step 0 due to reaching max kl: 0.03
-----------------------------------------
| rollout/                |             |
|    ep_len_mean          | 8.93e+03    |
|    ep_rew_mean          | -721        |
| time/                   |             |
|    fps                  | 313         |
|    iterations           | 52          |
|    time_elapsed         | 339         |
|    total_timesteps      | 106496      |
| train/                  |             |
|    approx_kl            | 0.012104742 |
|    clip_fraction        | 0.171       |
|    clip_range           | 0.2         |
|    entropy_loss         | -16.6       |
|    explained_variance   | 0.548       |
|    learning_rate        | 0.000238    |
|    loss                 | 18.7        |
|    n_updates            | 403         |
|    policy_gradient_loss | 0.0107      |
|    std                  | 0.967       |
|    value_loss           | 43.5        |
-----------------------------------------
-----------------------------------------
| rollout/                |             |
|    ep_len_mean          | 8.93e+03    |
|    ep_rew_mean          | -724        |
| time/                   |             |
|    fps                  | 312         |
|    iterations           | 53          |
|    time_elapsed         | 347         |
|    total_timesteps      | 108544      |
| train/                  |             |
|    approx_kl            | 0.007308505 |
|    clip_fraction        | 0.0493      |
|    clip_range           | 0.2         |
|    entropy_loss         | -16.6       |
|    explained_variance   | 0.987       |
|    learning_rate        | 0.000236    |
|    loss                 | 4.6         |
|    n_updates            | 413         |
|    policy_gradient_loss | -0.00868    |
|    std                  | 0.966       |
|    value_loss           | 8.6         |
-----------------------------------------
-----------------------------------------
| rollout/                |             |
|    ep_len_mean          | 8.93e+03    |
|    ep_rew_mean          | -724        |
| time/                   |             |
|    fps                  | 312         |
|    iterations           | 54          |
|    time_elapsed         | 354         |
|    total_timesteps      | 110592      |
| train/                  |             |
|    approx_kl            | 0.007631129 |
|    clip_fraction        | 0.0694      |
|    clip_range           | 0.2         |
|    entropy_loss         | -16.6       |
|    explained_variance   | 0.999       |
|    learning_rate        | 0.000235    |
|    loss                 | 2.72        |
|    n_updates            | 423         |
|    policy_gradient_loss | -0.0104     |
|    std                  | 0.966       |
|    value_loss           | 13.3        |
-----------------------------------------
Early stopping at step 4 due to reaching max kl: 0.04
-----------------------------------------
| rollout/                |             |
|    ep_len_mean          | 8.93e+03    |
|    ep_rew_mean          | -724        |
| time/                   |             |
|    fps                  | 312         |
|    iterations           | 55          |
|    time_elapsed         | 359         |
|    total_timesteps      | 112640      |
| train/                  |             |
|    approx_kl            | 0.011698072 |
|    clip_fraction        | 0.058       |
|    clip_range           | 0.2         |
|    entropy_loss         | -16.6       |
|    explained_variance   | 0.00657     |
|    learning_rate        | 0.000234    |
|    loss                 | 4.23        |
|    n_updates            | 428         |
|    policy_gradient_loss | -0.00238    |
|    std                  | 0.967       |
|    value_loss           | 39.9        |
-----------------------------------------
Early stopping at step 0 due to reaching max kl: 0.03
-----------------------------------------
| rollout/                |             |
|    ep_len_mean          | 8.93e+03    |
|    ep_rew_mean          | -724        |
| time/                   |             |
|    fps                  | 315         |
|    iterations           | 56          |
|    time_elapsed         | 363         |
|    total_timesteps      | 114688      |
| train/                  |             |
|    approx_kl            | 0.011706737 |
|    clip_fraction        | 0.143       |
|    clip_range           | 0.2         |
|    entropy_loss         | -16.6       |
|    explained_variance   | 0.261       |
|    learning_rate        | 0.000233    |
|    loss                 | 20.6        |
|    n_updates            | 429         |
|    policy_gradient_loss | 0.0128      |
|    std                  | 0.967       |
|    value_loss           | 44.1        |
-----------------------------------------
-----------------------------------------
| rollout/                |             |
|    ep_len_mean          | 8.93e+03    |
|    ep_rew_mean          | -726        |
| time/                   |             |
|    fps                  | 315         |
|    iterations           | 57          |
|    time_elapsed         | 370         |
|    total_timesteps      | 116736      |
| train/                  |             |
|    approx_kl            | 0.010116215 |
|    clip_fraction        | 0.148       |
|    clip_range           | 0.2         |
|    entropy_loss         | -16.6       |
|    explained_variance   | 0.973       |
|    learning_rate        | 0.000231    |
|    loss                 | 3.02        |
|    n_updates            | 439         |
|    policy_gradient_loss | -0.0117     |
|    std                  | 0.967       |
|    value_loss           | 12.7        |
-----------------------------------------
------------------------------------------
| rollout/                |              |
|    ep_len_mean          | 8.93e+03     |
|    ep_rew_mean          | -726         |
| time/                   |              |
|    fps                  | 314          |
|    iterations           | 58           |
|    time_elapsed         | 378          |
|    total_timesteps      | 118784       |
| train/                  |              |
|    approx_kl            | 0.0060560866 |
|    clip_fraction        | 0.042        |
|    clip_range           | 0.2          |
|    entropy_loss         | -16.6        |
|    explained_variance   | 0.997        |
|    learning_rate        | 0.00023      |
|    loss                 | 5.38         |
|    n_updates            | 449          |
|    policy_gradient_loss | -0.00701     |
|    std                  | 0.968        |
|    value_loss           | 15.4         |
------------------------------------------
Early stopping at step 4 due to reaching max kl: 0.03
-----------------------------------------
| rollout/                |             |
|    ep_len_mean          | 8.93e+03    |
|    ep_rew_mean          | -726        |
| time/                   |             |
|    fps                  | 314         |
|    iterations           | 59          |
|    time_elapsed         | 384         |
|    total_timesteps      | 120832      |
| train/                  |             |
|    approx_kl            | 0.019367484 |
|    clip_fraction        | 0.0993      |
|    clip_range           | 0.2         |
|    entropy_loss         | -16.6       |
|    explained_variance   | 0.00278     |
|    learning_rate        | 0.000229    |
|    loss                 | 3.25        |
|    n_updates            | 454         |
|    policy_gradient_loss | -0.008      |
|    std                  | 0.968       |
|    value_loss           | 33.3        |
-----------------------------------------
Early stopping at step 4 due to reaching max kl: 0.03
-----------------------------------------
| rollout/                |             |
|    ep_len_mean          | 8.93e+03    |
|    ep_rew_mean          | -726        |
| time/                   |             |
|    fps                  | 316         |
|    iterations           | 60          |
|    time_elapsed         | 388         |
|    total_timesteps      | 122880      |
| train/                  |             |
|    approx_kl            | 0.017867912 |
|    clip_fraction        | 0.144       |
|    clip_range           | 0.2         |
|    entropy_loss         | -16.6       |
|    explained_variance   | 0.035       |
|    learning_rate        | 0.000228    |
|    loss                 | 1.16        |
|    n_updates            | 459         |
|    policy_gradient_loss | -0.00675    |
|    std                  | 0.968       |
|    value_loss           | 22.7        |
-----------------------------------------
-----------------------------------------
| rollout/                |             |
|    ep_len_mean          | 8.93e+03    |
|    ep_rew_mean          | -726        |
| time/                   |             |
|    fps                  | 315         |
|    iterations           | 61          |
|    time_elapsed         | 396         |
|    total_timesteps      | 124928      |
| train/                  |             |
|    approx_kl            | 0.016549727 |
|    clip_fraction        | 0.18        |
|    clip_range           | 0.2         |
|    entropy_loss         | -16.6       |
|    explained_variance   | 0.91        |
|    learning_rate        | 0.000227    |
|    loss                 | 2.13        |
|    n_updates            | 469         |
|    policy_gradient_loss | -0.0161     |
|    std                  | 0.967       |
|    value_loss           | 12.2        |
-----------------------------------------
-----------------------------------------
| rollout/                |             |
|    ep_len_mean          | 8.93e+03    |
|    ep_rew_mean          | -725        |
| time/                   |             |
|    fps                  | 313         |
|    iterations           | 62          |
|    time_elapsed         | 404         |
|    total_timesteps      | 126976      |
| train/                  |             |
|    approx_kl            | 0.005270904 |
|    clip_fraction        | 0.0429      |
|    clip_range           | 0.2         |
|    entropy_loss         | -16.6       |
|    explained_variance   | 0.969       |
|    learning_rate        | 0.000225    |
|    loss                 | 3.85        |
|    n_updates            | 479         |
|    policy_gradient_loss | -0.00562    |
|    std                  | 0.967       |
|    value_loss           | 15.3        |
-----------------------------------------
Early stopping at step 4 due to reaching max kl: 0.03
-----------------------------------------
| rollout/                |             |
|    ep_len_mean          | 8.93e+03    |
|    ep_rew_mean          | -725        |
| time/                   |             |
|    fps                  | 314         |
|    iterations           | 63          |
|    time_elapsed         | 410         |
|    total_timesteps      | 129024      |
| train/                  |             |
|    approx_kl            | 0.019449793 |
|    clip_fraction        | 0.0997      |
|    clip_range           | 0.2         |
|    entropy_loss         | -16.6       |
|    explained_variance   | 0.997       |
|    learning_rate        | 0.000224    |
|    loss                 | 2.05        |
|    n_updates            | 484         |
|    policy_gradient_loss | -0.0106     |
|    std                  | 0.967       |
|    value_loss           | 20.2        |
-----------------------------------------
Early stopping at step 0 due to reaching max kl: 0.03
-----------------------------------------
| rollout/                |             |
|    ep_len_mean          | 8.93e+03    |
|    ep_rew_mean          | -725        |
| time/                   |             |
|    fps                  | 316         |
|    iterations           | 64          |
|    time_elapsed         | 414         |
|    total_timesteps      | 131072      |
| train/                  |             |
|    approx_kl            | 0.015241994 |
|    clip_fraction        | 0.227       |
|    clip_range           | 0.2         |
|    entropy_loss         | -16.6       |
|    explained_variance   | 0.0186      |
|    learning_rate        | 0.000223    |
|    loss                 | 34.2        |
|    n_updates            | 485         |
|    policy_gradient_loss | 0.0072      |
|    std                  | 0.968       |
|    value_loss           | 78.9        |
-----------------------------------------
Early stopping at step 4 due to reaching max kl: 0.03
-----------------------------------------
| rollout/                |             |
|    ep_len_mean          | 8.93e+03    |
|    ep_rew_mean          | -725        |
| time/                   |             |
|    fps                  | 316         |
|    iterations           | 65          |
|    time_elapsed         | 420         |
|    total_timesteps      | 133120      |
| train/                  |             |
|    approx_kl            | 0.020498835 |
|    clip_fraction        | 0.121       |
|    clip_range           | 0.2         |
|    entropy_loss         | -16.6       |
|    explained_variance   | 0.294       |
|    learning_rate        | 0.000222    |
|    loss                 | 2.26        |
|    n_updates            | 490         |
|    policy_gradient_loss | -0.00701    |
|    std                  | 0.966       |
|    value_loss           | 17          |
-----------------------------------------
-----------------------------------------
| rollout/                |             |
|    ep_len_mean          | 8.93e+03    |
|    ep_rew_mean          | -725        |
| time/                   |             |
|    fps                  | 315         |
|    iterations           | 66          |
|    time_elapsed         | 427         |
|    total_timesteps      | 135168      |
| train/                  |             |
|    approx_kl            | 0.008640798 |
|    clip_fraction        | 0.108       |
|    clip_range           | 0.2         |
|    entropy_loss         | -16.6       |
|    explained_variance   | 0.98        |
|    learning_rate        | 0.00022     |
|    loss                 | 3.84        |
|    n_updates            | 500         |
|    policy_gradient_loss | -0.00864    |
|    std                  | 0.966       |
|    value_loss           | 8.75        |
-----------------------------------------
----------------------------------------
| rollout/                |            |
|    ep_len_mean          | 8.93e+03   |
|    ep_rew_mean          | -725       |
| time/                   |            |
|    fps                  | 315        |
|    iterations           | 67         |
|    time_elapsed         | 435        |
|    total_timesteps      | 137216     |
| train/                  |            |
|    approx_kl            | 0.01025106 |
|    clip_fraction        | 0.1        |
|    clip_range           | 0.2        |
|    entropy_loss         | -16.6      |
|    explained_variance   | 0.999      |
|    learning_rate        | 0.000219   |
|    loss                 | 2.26       |
|    n_updates            | 510        |
|    policy_gradient_loss | -0.0145    |
|    std                  | 0.966      |
|    value_loss           | 13.5       |
----------------------------------------
Early stopping at step 5 due to reaching max kl: 0.03
----------------------------------------
| rollout/                |            |
|    ep_len_mean          | 8.93e+03   |
|    ep_rew_mean          | -725       |
| time/                   |            |
|    fps                  | 315        |
|    iterations           | 68         |
|    time_elapsed         | 441        |
|    total_timesteps      | 139264     |
| train/                  |            |
|    approx_kl            | 0.01948011 |
|    clip_fraction        | 0.0914     |
|    clip_range           | 0.2        |
|    entropy_loss         | -16.6      |
|    explained_variance   | 0.00423    |
|    learning_rate        | 0.000218   |
|    loss                 | 3.5        |
|    n_updates            | 516        |
|    policy_gradient_loss | -0.00617   |
|    std                  | 0.965      |
|    value_loss           | 35.6       |
----------------------------------------
Early stopping at step 0 due to reaching max kl: 0.03
-----------------------------------------
| rollout/                |             |
|    ep_len_mean          | 8.93e+03    |
|    ep_rew_mean          | -725        |
| time/                   |             |
|    fps                  | 316         |
|    iterations           | 69          |
|    time_elapsed         | 446         |
|    total_timesteps      | 141312      |
| train/                  |             |
|    approx_kl            | 0.013399407 |
|    clip_fraction        | 0.19        |
|    clip_range           | 0.2         |
|    entropy_loss         | -16.6       |
|    explained_variance   | 0.179       |
|    learning_rate        | 0.000217    |
|    loss                 | 23.2        |
|    n_updates            | 517         |
|    policy_gradient_loss | 0.00638     |
|    std                  | 0.965       |
|    value_loss           | 44.2        |
-----------------------------------------
-----------------------------------------
| rollout/                |             |
|    ep_len_mean          | 8.93e+03    |
|    ep_rew_mean          | -724        |
| time/                   |             |
|    fps                  | 315         |
|    iterations           | 70          |
|    time_elapsed         | 454         |
|    total_timesteps      | 143360      |
| train/                  |             |
|    approx_kl            | 0.010519711 |
|    clip_fraction        | 0.109       |
|    clip_range           | 0.2         |
|    entropy_loss         | -16.6       |
|    explained_variance   | 0.981       |
|    learning_rate        | 0.000216    |
|    loss                 | 2.77        |
|    n_updates            | 527         |
|    policy_gradient_loss | -0.01       |
|    std                  | 0.963       |
|    value_loss           | 13.8        |
-----------------------------------------
------------------------------------------
| rollout/                |              |
|    ep_len_mean          | 8.93e+03     |
|    ep_rew_mean          | -724         |
| time/                   |              |
|    fps                  | 314          |
|    iterations           | 71           |
|    time_elapsed         | 462          |
|    total_timesteps      | 145408       |
| train/                  |              |
|    approx_kl            | 0.0067567863 |
|    clip_fraction        | 0.0577       |
|    clip_range           | 0.2          |
|    entropy_loss         | -16.6        |
|    explained_variance   | 0.997        |
|    learning_rate        | 0.000214     |
|    loss                 | 3.69         |
|    n_updates            | 537          |
|    policy_gradient_loss | -0.011       |
|    std                  | 0.964        |
|    value_loss           | 11           |
------------------------------------------
Early stopping at step 5 due to reaching max kl: 0.03
---------------------------------------
| rollout/                |           |
|    ep_len_mean          | 8.93e+03  |
|    ep_rew_mean          | -724      |
| time/                   |           |
|    fps                  | 314       |
|    iterations           | 72        |
|    time_elapsed         | 469       |
|    total_timesteps      | 147456    |
| train/                  |           |
|    approx_kl            | 0.0277635 |
|    clip_fraction        | 0.0913    |
|    clip_range           | 0.2       |
|    entropy_loss         | -16.6     |
|    explained_variance   | 0.0136    |
|    learning_rate        | 0.000213  |
|    loss                 | 2.5       |
|    n_updates            | 543       |
|    policy_gradient_loss | -0.00677  |
|    std                  | 0.965     |
|    value_loss           | 28.8      |
---------------------------------------
Early stopping at step 0 due to reaching max kl: 0.03
-----------------------------------------
| rollout/                |             |
|    ep_len_mean          | 8.93e+03    |
|    ep_rew_mean          | -724        |
| time/                   |             |
|    fps                  | 315         |
|    iterations           | 73          |
|    time_elapsed         | 474         |
|    total_timesteps      | 149504      |
| train/                  |             |
|    approx_kl            | 0.013782348 |
|    clip_fraction        | 0.208       |
|    clip_range           | 0.2         |
|    entropy_loss         | -16.6       |
|    explained_variance   | 0.123       |
|    learning_rate        | 0.000212    |
|    loss                 | 31          |
|    n_updates            | 544         |
|    policy_gradient_loss | 0.00618     |
|    std                  | 0.965       |
|    value_loss           | 66.3        |
-----------------------------------------
-----------------------------------------
| rollout/                |             |
|    ep_len_mean          | 8.93e+03    |
|    ep_rew_mean          | -724        |
| time/                   |             |
|    fps                  | 314         |
|    iterations           | 74          |
|    time_elapsed         | 481         |
|    total_timesteps      | 151552      |
| train/                  |             |
|    approx_kl            | 0.011134675 |
|    clip_fraction        | 0.127       |
|    clip_range           | 0.2         |
|    entropy_loss         | -16.6       |
|    explained_variance   | 0.96        |
|    learning_rate        | 0.000211    |
|    loss                 | 1.75        |
|    n_updates            | 554         |
|    policy_gradient_loss | -0.0151     |
|    std                  | 0.963       |
|    value_loss           | 8.8         |
-----------------------------------------
----------------------------------------
| rollout/                |            |
|    ep_len_mean          | 8.93e+03   |
|    ep_rew_mean          | -724       |
| time/                   |            |
|    fps                  | 314        |
|    iterations           | 75         |
|    time_elapsed         | 489        |
|    total_timesteps      | 153600     |
| train/                  |            |
|    approx_kl            | 0.00692967 |
|    clip_fraction        | 0.0572     |
|    clip_range           | 0.2        |
|    entropy_loss         | -16.6      |
|    explained_variance   | 0.996      |
|    learning_rate        | 0.000209   |
|    loss                 | 1.21       |
|    n_updates            | 564        |
|    policy_gradient_loss | -0.00872   |
|    std                  | 0.962      |
|    value_loss           | 5.94       |
----------------------------------------
Early stopping at step 4 due to reaching max kl: 0.03
-----------------------------------------
| rollout/                |             |
|    ep_len_mean          | 8.93e+03    |
|    ep_rew_mean          | -724        |
| time/                   |             |
|    fps                  | 314         |
|    iterations           | 76          |
|    time_elapsed         | 494         |
|    total_timesteps      | 155648      |
| train/                  |             |
|    approx_kl            | 0.021500332 |
|    clip_fraction        | 0.106       |
|    clip_range           | 0.2         |
|    entropy_loss         | -16.6       |
|    explained_variance   | 1           |
|    learning_rate        | 0.000208    |
|    loss                 | 1.91        |
|    n_updates            | 569         |
|    policy_gradient_loss | -0.00509    |
|    std                  | 0.963       |
|    value_loss           | 17.4        |
-----------------------------------------
Early stopping at step 5 due to reaching max kl: 0.03
-----------------------------------------
| rollout/                |             |
|    ep_len_mean          | 8.93e+03    |
|    ep_rew_mean          | -724        |
| time/                   |             |
|    fps                  | 314         |
|    iterations           | 77          |
|    time_elapsed         | 500         |
|    total_timesteps      | 157696      |
| train/                  |             |
|    approx_kl            | 0.017159482 |
|    clip_fraction        | 0.109       |
|    clip_range           | 0.2         |
|    entropy_loss         | -16.6       |
|    explained_variance   | 0.121       |
|    learning_rate        | 0.000207    |
|    loss                 | 3.99        |
|    n_updates            | 575         |
|    policy_gradient_loss | -0.00724    |
|    std                  | 0.963       |
|    value_loss           | 33.3        |
-----------------------------------------
Early stopping at step 4 due to reaching max kl: 0.03
-----------------------------------------
| rollout/                |             |
|    ep_len_mean          | 8.93e+03    |
|    ep_rew_mean          | -724        |
| time/                   |             |
|    fps                  | 315         |
|    iterations           | 78          |
|    time_elapsed         | 506         |
|    total_timesteps      | 159744      |
| train/                  |             |
|    approx_kl            | 0.014550333 |
|    clip_fraction        | 0.111       |
|    clip_range           | 0.2         |
|    entropy_loss         | -16.6       |
|    explained_variance   | 0.366       |
|    learning_rate        | 0.000206    |
|    loss                 | 2.69        |
|    n_updates            | 580         |
|    policy_gradient_loss | -0.00552    |
|    std                  | 0.965       |
|    value_loss           | 17.5        |
-----------------------------------------
-----------------------------------------
| rollout/                |             |
|    ep_len_mean          | 8.93e+03    |
|    ep_rew_mean          | -723        |
| time/                   |             |
|    fps                  | 314         |
|    iterations           | 79          |
|    time_elapsed         | 514         |
|    total_timesteps      | 161792      |
| train/                  |             |
|    approx_kl            | 0.005963668 |
|    clip_fraction        | 0.0769      |
|    clip_range           | 0.2         |
|    entropy_loss         | -16.6       |
|    explained_variance   | 0.989       |
|    learning_rate        | 0.000204    |
|    loss                 | 5.39        |
|    n_updates            | 590         |
|    policy_gradient_loss | -0.00611    |
|    std                  | 0.965       |
|    value_loss           | 13.4        |
-----------------------------------------
-----------------------------------------
| rollout/                |             |
|    ep_len_mean          | 8.93e+03    |
|    ep_rew_mean          | -723        |
| time/                   |             |
|    fps                  | 313         |
|    iterations           | 80          |
|    time_elapsed         | 523         |
|    total_timesteps      | 163840      |
| train/                  |             |
|    approx_kl            | 0.008176735 |
|    clip_fraction        | 0.0854      |
|    clip_range           | 0.2         |
|    entropy_loss         | -16.6       |
|    explained_variance   | 0.997       |
|    learning_rate        | 0.000203    |
|    loss                 | 4.13        |
|    n_updates            | 600         |
|    policy_gradient_loss | -0.0102     |
|    std                  | 0.965       |
|    value_loss           | 15.1        |
-----------------------------------------
Early stopping at step 6 due to reaching max kl: 0.03
-----------------------------------------
| rollout/                |             |
|    ep_len_mean          | 8.93e+03    |
|    ep_rew_mean          | -723        |
| time/                   |             |
|    fps                  | 312         |
|    iterations           | 81          |
|    time_elapsed         | 530         |
|    total_timesteps      | 165888      |
| train/                  |             |
|    approx_kl            | 0.018842336 |
|    clip_fraction        | 0.0996      |
|    clip_range           | 0.2         |
|    entropy_loss         | -16.6       |
|    explained_variance   | 0.00551     |
|    learning_rate        | 0.000202    |
|    loss                 | 2.96        |
|    n_updates            | 607         |
|    policy_gradient_loss | -0.00763    |
|    std                  | 0.965       |
|    value_loss           | 37.1        |
-----------------------------------------
Early stopping at step 0 due to reaching max kl: 0.03
-----------------------------------------
| rollout/                |             |
|    ep_len_mean          | 8.93e+03    |
|    ep_rew_mean          | -723        |
| time/                   |             |
|    fps                  | 313         |
|    iterations           | 82          |
|    time_elapsed         | 535         |
|    total_timesteps      | 167936      |
| train/                  |             |
|    approx_kl            | 0.013323614 |
|    clip_fraction        | 0.176       |
|    clip_range           | 0.2         |
|    entropy_loss         | -16.6       |
|    explained_variance   | 0.0743      |
|    learning_rate        | 0.000201    |
|    loss                 | 24.8        |
|    n_updates            | 608         |
|    policy_gradient_loss | 0.00995     |
|    std                  | 0.965       |
|    value_loss           | 51.2        |
-----------------------------------------
------------------------------------------
| rollout/                |              |
|    ep_len_mean          | 8.93e+03     |
|    ep_rew_mean          | -724         |
| time/                   |              |
|    fps                  | 312          |
|    iterations           | 83           |
|    time_elapsed         | 543          |
|    total_timesteps      | 169984       |
| train/                  |              |
|    approx_kl            | 0.0077463584 |
|    clip_fraction        | 0.0845       |
|    clip_range           | 0.2          |
|    entropy_loss         | -16.6        |
|    explained_variance   | 0.97         |
|    learning_rate        | 0.0002       |
|    loss                 | 3.41         |
|    n_updates            | 618          |
|    policy_gradient_loss | -0.0066      |
|    std                  | 0.964        |
|    value_loss           | 20.7         |
------------------------------------------
------------------------------------------
| rollout/                |              |
|    ep_len_mean          | 8.93e+03     |
|    ep_rew_mean          | -724         |
| time/                   |              |
|    fps                  | 312          |
|    iterations           | 84           |
|    time_elapsed         | 550          |
|    total_timesteps      | 172032       |
| train/                  |              |
|    approx_kl            | 0.0060527776 |
|    clip_fraction        | 0.0526       |
|    clip_range           | 0.2          |
|    entropy_loss         | -16.6        |
|    explained_variance   | 0.996        |
|    learning_rate        | 0.000198     |
|    loss                 | 4.07         |
|    n_updates            | 628          |
|    policy_gradient_loss | -0.00781     |
|    std                  | 0.964        |
|    value_loss           | 10.8         |
------------------------------------------
Early stopping at step 4 due to reaching max kl: 0.03
-----------------------------------------
| rollout/                |             |
|    ep_len_mean          | 8.93e+03    |
|    ep_rew_mean          | -724        |
| time/                   |             |
|    fps                  | 312         |
|    iterations           | 85          |
|    time_elapsed         | 557         |
|    total_timesteps      | 174080      |
| train/                  |             |
|    approx_kl            | 0.015836613 |
|    clip_fraction        | 0.109       |
|    clip_range           | 0.2         |
|    entropy_loss         | -16.6       |
|    explained_variance   | 0.0168      |
|    learning_rate        | 0.000197    |
|    loss                 | 3.71        |
|    n_updates            | 633         |
|    policy_gradient_loss | -0.0104     |
|    std                  | 0.963       |
|    value_loss           | 27.6        |
-----------------------------------------
Early stopping at step 5 due to reaching max kl: 0.04
-----------------------------------------
| rollout/                |             |
|    ep_len_mean          | 8.93e+03    |
|    ep_rew_mean          | -724        |
| time/                   |             |
|    fps                  | 312         |
|    iterations           | 86          |
|    time_elapsed         | 564         |
|    total_timesteps      | 176128      |
| train/                  |             |
|    approx_kl            | 0.015149979 |
|    clip_fraction        | 0.15        |
|    clip_range           | 0.2         |
|    entropy_loss         | -16.6       |
|    explained_variance   | 0.00661     |
|    learning_rate        | 0.000196    |
|    loss                 | 3.18        |
|    n_updates            | 639         |
|    policy_gradient_loss | -0.00488    |
|    std                  | 0.964       |
|    value_loss           | 29.6        |
-----------------------------------------
Early stopping at step 0 due to reaching max kl: 0.03
-----------------------------------------
| rollout/                |             |
|    ep_len_mean          | 8.93e+03    |
|    ep_rew_mean          | -724        |
| time/                   |             |
|    fps                  | 313         |
|    iterations           | 87          |
|    time_elapsed         | 568         |
|    total_timesteps      | 178176      |
| train/                  |             |
|    approx_kl            | 0.014463189 |
|    clip_fraction        | 0.195       |
|    clip_range           | 0.2         |
|    entropy_loss         | -16.6       |
|    explained_variance   | 0.727       |
|    learning_rate        | 0.000195    |
|    loss                 | 16.5        |
|    n_updates            | 640         |
|    policy_gradient_loss | 0.0146      |
|    std                  | 0.964       |
|    value_loss           | 35.8        |
-----------------------------------------
Early stopping at step 0 due to reaching max kl: 0.03
----------------------------------------
| rollout/                |            |
|    ep_len_mean          | 8.93e+03   |
|    ep_rew_mean          | -724       |
| time/                   |            |
|    fps                  | 313        |
|    iterations           | 88         |
|    time_elapsed         | 574        |
|    total_timesteps      | 180224     |
| train/                  |            |
|    approx_kl            | 0.01431799 |
|    clip_fraction        | 0.186      |
|    clip_range           | 0.2        |
|    entropy_loss         | -16.6      |
|    explained_variance   | 0.997      |
|    learning_rate        | 0.000193   |
|    loss                 | 5.44       |
|    n_updates            | 641        |
|    policy_gradient_loss | 0.0112     |
|    std                  | 0.964      |
|    value_loss           | 25         |
----------------------------------------
-----------------------------------------
| rollout/                |             |
|    ep_len_mean          | 8.93e+03    |
|    ep_rew_mean          | -724        |
| time/                   |             |
|    fps                  | 312         |
|    iterations           | 89          |
|    time_elapsed         | 583         |
|    total_timesteps      | 182272      |
| train/                  |             |
|    approx_kl            | 0.008313978 |
|    clip_fraction        | 0.0874      |
|    clip_range           | 0.2         |
|    entropy_loss         | -16.6       |
|    explained_variance   | 0.997       |
|    learning_rate        | 0.000192    |
|    loss                 | 3.32        |
|    n_updates            | 651         |
|    policy_gradient_loss | -0.0112     |
|    std                  | 0.962       |
|    value_loss           | 19.6        |
-----------------------------------------
Early stopping at step 7 due to reaching max kl: 0.03
-----------------------------------------
| rollout/                |             |
|    ep_len_mean          | 8.93e+03    |
|    ep_rew_mean          | -724        |
| time/                   |             |
|    fps                  | 313         |
|    iterations           | 90          |
|    time_elapsed         | 588         |
|    total_timesteps      | 184320      |
| train/                  |             |
|    approx_kl            | 0.014678366 |
|    clip_fraction        | 0.0958      |
|    clip_range           | 0.2         |
|    entropy_loss         | -16.6       |
|    explained_variance   | 0.00198     |
|    learning_rate        | 0.000191    |
|    loss                 | 3.9         |
|    n_updates            | 659         |
|    policy_gradient_loss | -0.00919    |
|    std                  | 0.963       |
|    value_loss           | 38.3        |
-----------------------------------------
Early stopping at step 0 due to reaching max kl: 0.04
-----------------------------------------
| rollout/                |             |
|    ep_len_mean          | 8.93e+03    |
|    ep_rew_mean          | -724        |
| time/                   |             |
|    fps                  | 314         |
|    iterations           | 91          |
|    time_elapsed         | 592         |
|    total_timesteps      | 186368      |
| train/                  |             |
|    approx_kl            | 0.014470671 |
|    clip_fraction        | 0.206       |
|    clip_range           | 0.2         |
|    entropy_loss         | -16.6       |
|    explained_variance   | 0.0527      |
|    learning_rate        | 0.00019     |
|    loss                 | 21.3        |
|    n_updates            | 660         |
|    policy_gradient_loss | -0.00519    |
|    std                  | 0.964       |
|    value_loss           | 43.2        |
-----------------------------------------
Early stopping at step 0 due to reaching max kl: 0.03
-----------------------------------------
| rollout/                |             |
|    ep_len_mean          | 8.93e+03    |
|    ep_rew_mean          | -724        |
| time/                   |             |
|    fps                  | 315         |
|    iterations           | 92          |
|    time_elapsed         | 596         |
|    total_timesteps      | 188416      |
| train/                  |             |
|    approx_kl            | 0.011393314 |
|    clip_fraction        | 0.175       |
|    clip_range           | 0.2         |
|    entropy_loss         | -16.6       |
|    explained_variance   | 0.991       |
|    learning_rate        | 0.000189    |
|    loss                 | 10.3        |
|    n_updates            | 661         |
|    policy_gradient_loss | 0.00733     |
|    std                  | 0.964       |
|    value_loss           | 26.7        |
-----------------------------------------
------------------------------------------
| rollout/                |              |
|    ep_len_mean          | 8.93e+03     |
|    ep_rew_mean          | -724         |
| time/                   |              |
|    fps                  | 314          |
|    iterations           | 93           |
|    time_elapsed         | 606          |
|    total_timesteps      | 190464       |
| train/                  |              |
|    approx_kl            | 0.0061810846 |
|    clip_fraction        | 0.0656       |
|    clip_range           | 0.2          |
|    entropy_loss         | -16.6        |
|    explained_variance   | 0.998        |
|    learning_rate        | 0.000187     |
|    loss                 | 4.96         |
|    n_updates            | 671          |
|    policy_gradient_loss | -0.00925     |
|    std                  | 0.964        |
|    value_loss           | 17.8         |
------------------------------------------
Early stopping at step 8 due to reaching max kl: 0.03
----------------------------------------
| rollout/                |            |
|    ep_len_mean          | 8.93e+03   |
|    ep_rew_mean          | -724       |
| time/                   |            |
|    fps                  | 313        |
|    iterations           | 94         |
|    time_elapsed         | 613        |
|    total_timesteps      | 192512     |
| train/                  |            |
|    approx_kl            | 0.03063667 |
|    clip_fraction        | 0.116      |
|    clip_range           | 0.2        |
|    entropy_loss         | -16.6      |
|    explained_variance   | 0.00313    |
|    learning_rate        | 0.000186   |
|    loss                 | 3.79       |
|    n_updates            | 680        |
|    policy_gradient_loss | -0.00993   |
|    std                  | 0.967      |
|    value_loss           | 39.1       |
----------------------------------------
Early stopping at step 0 due to reaching max kl: 0.03
-----------------------------------------
| rollout/                |             |
|    ep_len_mean          | 8.93e+03    |
|    ep_rew_mean          | -724        |
| time/                   |             |
|    fps                  | 314         |
|    iterations           | 95          |
|    time_elapsed         | 619         |
|    total_timesteps      | 194560      |
| train/                  |             |
|    approx_kl            | 0.013223489 |
|    clip_fraction        | 0.178       |
|    clip_range           | 0.2         |
|    entropy_loss         | -16.6       |
|    explained_variance   | 0.22        |
|    learning_rate        | 0.000185    |
|    loss                 | 28.3        |
|    n_updates            | 681         |
|    policy_gradient_loss | 0.00295     |
|    std                  | 0.966       |
|    value_loss           | 56.4        |
-----------------------------------------
-----------------------------------------
| rollout/                |             |
|    ep_len_mean          | 8.93e+03    |
|    ep_rew_mean          | -725        |
| time/                   |             |
|    fps                  | 313         |
|    iterations           | 96          |
|    time_elapsed         | 627         |
|    total_timesteps      | 196608      |
| train/                  |             |
|    approx_kl            | 0.008247059 |
|    clip_fraction        | 0.0663      |
|    clip_range           | 0.2         |
|    entropy_loss         | -16.6       |
|    explained_variance   | 0.975       |
|    learning_rate        | 0.000184    |
|    loss                 | 4.11        |
|    n_updates            | 691         |
|    policy_gradient_loss | -0.00946    |
|    std                  | 0.967       |
|    value_loss           | 18.7        |
-----------------------------------------
----------------------------------------
| rollout/                |            |
|    ep_len_mean          | 8.93e+03   |
|    ep_rew_mean          | -725       |
| time/                   |            |
|    fps                  | 313        |
|    iterations           | 97         |
|    time_elapsed         | 633        |
|    total_timesteps      | 198656     |
| train/                  |            |
|    approx_kl            | 0.00654274 |
|    clip_fraction        | 0.0481     |
|    clip_range           | 0.2        |
|    entropy_loss         | -16.6      |
|    explained_variance   | 0.997      |
|    learning_rate        | 0.000182   |
|    loss                 | 2.5        |
|    n_updates            | 701        |
|    policy_gradient_loss | -0.00523   |
|    std                  | 0.967      |
|    value_loss           | 6.02       |
----------------------------------------
Early stopping at step 5 due to reaching max kl: 0.03
-----------------------------------------
| rollout/                |             |
|    ep_len_mean          | 8.93e+03    |
|    ep_rew_mean          | -725        |
| time/                   |             |
|    fps                  | 314         |
|    iterations           | 98          |
|    time_elapsed         | 638         |
|    total_timesteps      | 200704      |
| train/                  |             |
|    approx_kl            | 0.011413101 |
|    clip_fraction        | 0.0966      |
|    clip_range           | 0.2         |
|    entropy_loss         | -16.6       |
|    explained_variance   | 0.0201      |
|    learning_rate        | 0.000181    |
|    loss                 | 2.05        |
|    n_updates            | 707         |
|    policy_gradient_loss | -0.00407    |
|    std                  | 0.967       |
|    value_loss           | 24.6        |
-----------------------------------------
Early stopping at step 0 due to reaching max kl: 0.04
-----------------------------------------
| rollout/                |             |
|    ep_len_mean          | 8.93e+03    |
|    ep_rew_mean          | -725        |
| time/                   |             |
|    fps                  | 315         |
|    iterations           | 99          |
|    time_elapsed         | 643         |
|    total_timesteps      | 202752      |
| train/                  |             |
|    approx_kl            | 0.016604643 |
|    clip_fraction        | 0.221       |
|    clip_range           | 0.2         |
|    entropy_loss         | -16.6       |
|    explained_variance   | 0.00331     |
|    learning_rate        | 0.00018     |
|    loss                 | 33.6        |
|    n_updates            | 708         |
|    policy_gradient_loss | 0.0117      |
|    std                  | 0.967       |
|    value_loss           | 78.5        |
-----------------------------------------
------------------------------------------
| rollout/                |              |
|    ep_len_mean          | 8.93e+03     |
|    ep_rew_mean          | -725         |
| time/                   |              |
|    fps                  | 315          |
|    iterations           | 100          |
|    time_elapsed         | 649          |
|    total_timesteps      | 204800       |
| train/                  |              |
|    approx_kl            | 0.0132038165 |
|    clip_fraction        | 0.125        |
|    clip_range           | 0.2          |
|    entropy_loss         | -16.6        |
|    explained_variance   | 0.802        |
|    learning_rate        | 0.000179     |
|    loss                 | 1.68         |
|    n_updates            | 718          |
|    policy_gradient_loss | -0.00991     |
|    std                  | 0.966        |
|    value_loss           | 12.7         |
------------------------------------------
------------------------------------------
| rollout/                |              |
|    ep_len_mean          | 8.93e+03     |
|    ep_rew_mean          | -726         |
| time/                   |              |
|    fps                  | 315          |
|    iterations           | 101          |
|    time_elapsed         | 656          |
|    total_timesteps      | 206848       |
| train/                  |              |
|    approx_kl            | 0.0059837764 |
|    clip_fraction        | 0.0399       |
|    clip_range           | 0.2          |
|    entropy_loss         | -16.6        |
|    explained_variance   | 0.998        |
|    learning_rate        | 0.000178     |
|    loss                 | 1.05         |
|    n_updates            | 728          |
|    policy_gradient_loss | -0.00638     |
|    std                  | 0.966        |
|    value_loss           | 4.88         |
------------------------------------------
-----------------------------------------
| rollout/                |             |
|    ep_len_mean          | 8.93e+03    |
|    ep_rew_mean          | -726        |
| time/                   |             |
|    fps                  | 315         |
|    iterations           | 102         |
|    time_elapsed         | 662         |
|    total_timesteps      | 208896      |
| train/                  |             |
|    approx_kl            | 0.010926714 |
|    clip_fraction        | 0.099       |
|    clip_range           | 0.2         |
|    entropy_loss         | -16.6       |
|    explained_variance   | 0.999       |
|    learning_rate        | 0.000176    |
|    loss                 | 1.82        |
|    n_updates            | 738         |
|    policy_gradient_loss | -0.0122     |
|    std                  | 0.965       |
|    value_loss           | 15.1        |
-----------------------------------------
Early stopping at step 7 due to reaching max kl: 0.04
-----------------------------------------
| rollout/                |             |
|    ep_len_mean          | 8.93e+03    |
|    ep_rew_mean          | -726        |
| time/                   |             |
|    fps                  | 315         |
|    iterations           | 103         |
|    time_elapsed         | 667         |
|    total_timesteps      | 210944      |
| train/                  |             |
|    approx_kl            | 0.019185733 |
|    clip_fraction        | 0.135       |
|    clip_range           | 0.2         |
|    entropy_loss         | -16.6       |
|    explained_variance   | 0.00335     |
|    learning_rate        | 0.000175    |
|    loss                 | 4.83        |
|    n_updates            | 746         |
|    policy_gradient_loss | -0.00965    |
|    std                  | 0.965       |
|    value_loss           | 38.8        |
-----------------------------------------
Early stopping at step 0 due to reaching max kl: 0.05
-----------------------------------------
| rollout/                |             |
|    ep_len_mean          | 8.93e+03    |
|    ep_rew_mean          | -726        |
| time/                   |             |
|    fps                  | 316         |
|    iterations           | 104         |
|    time_elapsed         | 671         |
|    total_timesteps      | 212992      |
| train/                  |             |
|    approx_kl            | 0.015496307 |
|    clip_fraction        | 0.182       |
|    clip_range           | 0.2         |
|    entropy_loss         | -16.6       |
|    explained_variance   | 0.0902      |
|    learning_rate        | 0.000174    |
|    loss                 | 20.1        |
|    n_updates            | 747         |
|    policy_gradient_loss | 0.0103      |
|    std                  | 0.965       |
|    value_loss           | 41.3        |
-----------------------------------------
Early stopping at step 0 due to reaching max kl: 0.03
------------------------------------------
| rollout/                |              |
|    ep_len_mean          | 8.93e+03     |
|    ep_rew_mean          | -726         |
| time/                   |              |
|    fps                  | 318          |
|    iterations           | 105          |
|    time_elapsed         | 675          |
|    total_timesteps      | 215040       |
| train/                  |              |
|    approx_kl            | 0.0111198835 |
|    clip_fraction        | 0.173        |
|    clip_range           | 0.2          |
|    entropy_loss         | -16.6        |
|    explained_variance   | 0.995        |
|    learning_rate        | 0.000173     |
|    loss                 | 13.8         |
|    n_updates            | 748          |
|    policy_gradient_loss | 0.00889      |
|    std                  | 0.964        |
|    value_loss           | 33.2         |
------------------------------------------
-----------------------------------------
| rollout/                |             |
|    ep_len_mean          | 8.93e+03    |
|    ep_rew_mean          | -726        |
| time/                   |             |
|    fps                  | 318         |
|    iterations           | 106         |
|    time_elapsed         | 682         |
|    total_timesteps      | 217088      |
| train/                  |             |
|    approx_kl            | 0.009004231 |
|    clip_fraction        | 0.0949      |
|    clip_range           | 0.2         |
|    entropy_loss         | -16.6       |
|    explained_variance   | 0.999       |
|    learning_rate        | 0.000171    |
|    loss                 | 5.92        |
|    n_updates            | 758         |
|    policy_gradient_loss | -0.0128     |
|    std                  | 0.964       |
|    value_loss           | 13.3        |
-----------------------------------------
Early stopping at step 7 due to reaching max kl: 0.03
----------------------------------------
| rollout/                |            |
|    ep_len_mean          | 8.93e+03   |
|    ep_rew_mean          | -726       |
| time/                   |            |
|    fps                  | 318        |
|    iterations           | 107        |
|    time_elapsed         | 687        |
|    total_timesteps      | 219136     |
| train/                  |            |
|    approx_kl            | 0.01666919 |
|    clip_fraction        | 0.126      |
|    clip_range           | 0.2        |
|    entropy_loss         | -16.6      |
|    explained_variance   | 0.013      |
|    learning_rate        | 0.00017    |
|    loss                 | 3.15       |
|    n_updates            | 766        |
|    policy_gradient_loss | -0.0103    |
|    std                  | 0.962      |
|    value_loss           | 34.9       |
----------------------------------------
Early stopping at step 0 due to reaching max kl: 0.03
-----------------------------------------
| rollout/                |             |
|    ep_len_mean          | 8.93e+03    |
|    ep_rew_mean          | -726        |
| time/                   |             |
|    fps                  | 319         |
|    iterations           | 108         |
|    time_elapsed         | 691         |
|    total_timesteps      | 221184      |
| train/                  |             |
|    approx_kl            | 0.013702613 |
|    clip_fraction        | 0.188       |
|    clip_range           | 0.2         |
|    entropy_loss         | -16.5       |
|    explained_variance   | 0.46        |
|    learning_rate        | 0.000169    |
|    loss                 | 26.2        |
|    n_updates            | 767         |
|    policy_gradient_loss | 0.00608     |
|    std                  | 0.961       |
|    value_loss           | 57          |
-----------------------------------------
------------------------------------------
| rollout/                |              |
|    ep_len_mean          | 8.93e+03     |
|    ep_rew_mean          | -727         |
| time/                   |              |
|    fps                  | 319          |
|    iterations           | 109          |
|    time_elapsed         | 697          |
|    total_timesteps      | 223232       |
| train/                  |              |
|    approx_kl            | 0.0074237282 |
|    clip_fraction        | 0.0629       |
|    clip_range           | 0.2          |
|    entropy_loss         | -16.5        |
|    explained_variance   | 0.982        |
|    learning_rate        | 0.000168     |
|    loss                 | 3.67         |
|    n_updates            | 777          |
|    policy_gradient_loss | -0.00745     |
|    std                  | 0.962        |
|    value_loss           | 12.7         |
------------------------------------------
------------------------------------------
| rollout/                |              |
|    ep_len_mean          | 8.93e+03     |
|    ep_rew_mean          | -727         |
| time/                   |              |
|    fps                  | 319          |
|    iterations           | 110          |
|    time_elapsed         | 705          |
|    total_timesteps      | 225280       |
| train/                  |              |
|    approx_kl            | 0.0059137936 |
|    clip_fraction        | 0.0622       |
|    clip_range           | 0.2          |
|    entropy_loss         | -16.5        |
|    explained_variance   | 0.995        |
|    learning_rate        | 0.000167     |
|    loss                 | 1.01         |
|    n_updates            | 787          |
|    policy_gradient_loss | -0.00798     |
|    std                  | 0.961        |
|    value_loss           | 4.27         |
------------------------------------------
Early stopping at step 5 due to reaching max kl: 0.03
-----------------------------------------
| rollout/                |             |
|    ep_len_mean          | 8.93e+03    |
|    ep_rew_mean          | -727        |
| time/                   |             |
|    fps                  | 319         |
|    iterations           | 111         |
|    time_elapsed         | 711         |
|    total_timesteps      | 227328      |
| train/                  |             |
|    approx_kl            | 0.016593095 |
|    clip_fraction        | 0.115       |
|    clip_range           | 0.2         |
|    entropy_loss         | -16.5       |
|    explained_variance   | 0.193       |
|    learning_rate        | 0.000165    |
|    loss                 | 1.96        |
|    n_updates            | 793         |
|    policy_gradient_loss | -0.00443    |
|    std                  | 0.961       |
|    value_loss           | 21.9        |
-----------------------------------------
Early stopping at step 8 due to reaching max kl: 0.03
-----------------------------------------
| rollout/                |             |
|    ep_len_mean          | 8.93e+03    |
|    ep_rew_mean          | -727        |
| time/                   |             |
|    fps                  | 319         |
|    iterations           | 112         |
|    time_elapsed         | 717         |
|    total_timesteps      | 229376      |
| train/                  |             |
|    approx_kl            | 0.019344585 |
|    clip_fraction        | 0.132       |
|    clip_range           | 0.2         |
|    entropy_loss         | -16.5       |
|    explained_variance   | 0.0891      |
|    learning_rate        | 0.000164    |
|    loss                 | 3.89        |
|    n_updates            | 802         |
|    policy_gradient_loss | -0.00711    |
|    std                  | 0.962       |
|    value_loss           | 36.3        |
-----------------------------------------
-----------------------------------------
| rollout/                |             |
|    ep_len_mean          | 8.93e+03    |
|    ep_rew_mean          | -727        |
| time/                   |             |
|    fps                  | 318         |
|    iterations           | 113         |
|    time_elapsed         | 725         |
|    total_timesteps      | 231424      |
| train/                  |             |
|    approx_kl            | 0.010552547 |
|    clip_fraction        | 0.121       |
|    clip_range           | 0.2         |
|    entropy_loss         | -16.5       |
|    explained_variance   | 0.912       |
|    learning_rate        | 0.000163    |
|    loss                 | 6.06        |
|    n_updates            | 812         |
|    policy_gradient_loss | -0.0104     |
|    std                  | 0.96        |
|    value_loss           | 24.7        |
-----------------------------------------
------------------------------------------
| rollout/                |              |
|    ep_len_mean          | 8.93e+03     |
|    ep_rew_mean          | -728         |
| time/                   |              |
|    fps                  | 318          |
|    iterations           | 114          |
|    time_elapsed         | 733          |
|    total_timesteps      | 233472       |
| train/                  |              |
|    approx_kl            | 0.0060371277 |
|    clip_fraction        | 0.0291       |
|    clip_range           | 0.2          |
|    entropy_loss         | -16.5        |
|    explained_variance   | 0.99         |
|    learning_rate        | 0.000162     |
|    loss                 | 2.93         |
|    n_updates            | 822          |
|    policy_gradient_loss | -0.00527     |
|    std                  | 0.961        |
|    value_loss           | 17.4         |
------------------------------------------
Early stopping at step 7 due to reaching max kl: 0.05
-----------------------------------------
| rollout/                |             |
|    ep_len_mean          | 8.93e+03    |
|    ep_rew_mean          | -728        |
| time/                   |             |
|    fps                  | 318         |
|    iterations           | 115         |
|    time_elapsed         | 738         |
|    total_timesteps      | 235520      |
| train/                  |             |
|    approx_kl            | 0.026457824 |
|    clip_fraction        | 0.139       |
|    clip_range           | 0.2         |
|    entropy_loss         | -16.5       |
|    explained_variance   | 1           |
|    learning_rate        | 0.00016     |
|    loss                 | 1.31        |
|    n_updates            | 830         |
|    policy_gradient_loss | -0.00968    |
|    std                  | 0.963       |
|    value_loss           | 11.7        |
-----------------------------------------
Early stopping at step 8 due to reaching max kl: 0.03
----------------------------------------
| rollout/                |            |
|    ep_len_mean          | 8.93e+03   |
|    ep_rew_mean          | -728       |
| time/                   |            |
|    fps                  | 319        |
|    iterations           | 116        |
|    time_elapsed         | 744        |
|    total_timesteps      | 237568     |
| train/                  |            |
|    approx_kl            | 0.02736717 |
|    clip_fraction        | 0.128      |
|    clip_range           | 0.2        |
|    entropy_loss         | -16.6      |
|    explained_variance   | 0.00122    |
|    learning_rate        | 0.000159   |
|    loss                 | 4.34       |
|    n_updates            | 839        |
|    policy_gradient_loss | -0.00999   |
|    std                  | 0.963      |
|    value_loss           | 36.1       |
----------------------------------------
Early stopping at step 0 due to reaching max kl: 0.03
------------------------------------------
| rollout/                |              |
|    ep_len_mean          | 8.93e+03     |
|    ep_rew_mean          | -728         |
| time/                   |              |
|    fps                  | 320          |
|    iterations           | 117          |
|    time_elapsed         | 748          |
|    total_timesteps      | 239616       |
| train/                  |              |
|    approx_kl            | 0.0140441805 |
|    clip_fraction        | 0.2          |
|    clip_range           | 0.2          |
|    entropy_loss         | -16.6        |
|    explained_variance   | 0.168        |
|    learning_rate        | 0.000158     |
|    loss                 | 19.8         |
|    n_updates            | 840          |
|    policy_gradient_loss | 0.0126       |
|    std                  | 0.964        |
|    value_loss           | 39.2         |
------------------------------------------
-----------------------------------------
| rollout/                |             |
|    ep_len_mean          | 8.93e+03    |
|    ep_rew_mean          | -727        |
| time/                   |             |
|    fps                  | 320         |
|    iterations           | 118         |
|    time_elapsed         | 755         |
|    total_timesteps      | 241664      |
| train/                  |             |
|    approx_kl            | 0.006934156 |
|    clip_fraction        | 0.0527      |
|    clip_range           | 0.2         |
|    entropy_loss         | -16.6       |
|    explained_variance   | 0.991       |
|    learning_rate        | 0.000157    |
|    loss                 | 4.7         |
|    n_updates            | 850         |
|    policy_gradient_loss | -0.00797    |
|    std                  | 0.964       |
|    value_loss           | 11.3        |
-----------------------------------------
-----------------------------------------
| rollout/                |             |
|    ep_len_mean          | 8.93e+03    |
|    ep_rew_mean          | -727        |
| time/                   |             |
|    fps                  | 320         |
|    iterations           | 119         |
|    time_elapsed         | 761         |
|    total_timesteps      | 243712      |
| train/                  |             |
|    approx_kl            | 0.010192744 |
|    clip_fraction        | 0.111       |
|    clip_range           | 0.2         |
|    entropy_loss         | -16.6       |
|    explained_variance   | 0.999       |
|    learning_rate        | 0.000156    |
|    loss                 | 3.25        |
|    n_updates            | 860         |
|    policy_gradient_loss | -0.0132     |
|    std                  | 0.962       |
|    value_loss           | 10          |
-----------------------------------------
Early stopping at step 7 due to reaching max kl: 0.03
-----------------------------------------
| rollout/                |             |
|    ep_len_mean          | 8.93e+03    |
|    ep_rew_mean          | -727        |
| time/                   |             |
|    fps                  | 320         |
|    iterations           | 120         |
|    time_elapsed         | 767         |
|    total_timesteps      | 245760      |
| train/                  |             |
|    approx_kl            | 0.018887306 |
|    clip_fraction        | 0.127       |
|    clip_range           | 0.2         |
|    entropy_loss         | -16.6       |
|    explained_variance   | 0.0111      |
|    learning_rate        | 0.000154    |
|    loss                 | 3.6         |
|    n_updates            | 868         |
|    policy_gradient_loss | -0.0126     |
|    std                  | 0.963       |
|    value_loss           | 33.2        |
-----------------------------------------
Early stopping at step 0 due to reaching max kl: 0.03
-----------------------------------------
| rollout/                |             |
|    ep_len_mean          | 8.93e+03    |
|    ep_rew_mean          | -727        |
| time/                   |             |
|    fps                  | 321         |
|    iterations           | 121         |
|    time_elapsed         | 771         |
|    total_timesteps      | 247808      |
| train/                  |             |
|    approx_kl            | 0.014552887 |
|    clip_fraction        | 0.22        |
|    clip_range           | 0.2         |
|    entropy_loss         | -16.6       |
|    explained_variance   | 0.0504      |
|    learning_rate        | 0.000153    |
|    loss                 | 33.1        |
|    n_updates            | 869         |
|    policy_gradient_loss | 0.00692     |
|    std                  | 0.962       |
|    value_loss           | 63.2        |
-----------------------------------------
-----------------------------------------
| rollout/                |             |
|    ep_len_mean          | 8.93e+03    |
|    ep_rew_mean          | -727        |
| time/                   |             |
|    fps                  | 321         |
|    iterations           | 122         |
|    time_elapsed         | 778         |
|    total_timesteps      | 249856      |
| train/                  |             |
|    approx_kl            | 0.008387782 |
|    clip_fraction        | 0.084       |
|    clip_range           | 0.2         |
|    entropy_loss         | -16.6       |
|    explained_variance   | 0.989       |
|    learning_rate        | 0.000152    |
|    loss                 | 2.31        |
|    n_updates            | 879         |
|    policy_gradient_loss | -0.0115     |
|    std                  | 0.962       |
|    value_loss           | 8.27        |
-----------------------------------------
------------------------------------------
| rollout/                |              |
|    ep_len_mean          | 8.93e+03     |
|    ep_rew_mean          | -727         |
| time/                   |              |
|    fps                  | 321          |
|    iterations           | 123          |
|    time_elapsed         | 784          |
|    total_timesteps      | 251904       |
| train/                  |              |
|    approx_kl            | 0.0070317425 |
|    clip_fraction        | 0.046        |
|    clip_range           | 0.2          |
|    entropy_loss         | -16.5        |
|    explained_variance   | 0.994        |
|    learning_rate        | 0.000151     |
|    loss                 | 0.342        |
|    n_updates            | 889          |
|    policy_gradient_loss | -0.00611     |
|    std                  | 0.961        |
|    value_loss           | 3.54         |
------------------------------------------
Early stopping at step 6 due to reaching max kl: 0.04
-----------------------------------------
| rollout/                |             |
|    ep_len_mean          | 8.93e+03    |
|    ep_rew_mean          | -727        |
| time/                   |             |
|    fps                  | 321         |
|    iterations           | 124         |
|    time_elapsed         | 789         |
|    total_timesteps      | 253952      |
| train/                  |             |
|    approx_kl            | 0.020112857 |
|    clip_fraction        | 0.138       |
|    clip_range           | 0.2         |
|    entropy_loss         | -16.5       |
|    explained_variance   | 0.999       |
|    learning_rate        | 0.000149    |
|    loss                 | 2.41        |
|    n_updates            | 896         |
|    policy_gradient_loss | -0.00983    |
|    std                  | 0.96        |
|    value_loss           | 18.2        |
-----------------------------------------
Early stopping at step 0 due to reaching max kl: 0.04
-----------------------------------------
| rollout/                |             |
|    ep_len_mean          | 8.93e+03    |
|    ep_rew_mean          | -727        |
| time/                   |             |
|    fps                  | 322         |
|    iterations           | 125         |
|    time_elapsed         | 792         |
|    total_timesteps      | 256000      |
| train/                  |             |
|    approx_kl            | 0.013294894 |
|    clip_fraction        | 0.148       |
|    clip_range           | 0.2         |
|    entropy_loss         | -16.5       |
|    explained_variance   | 0.00389     |
|    learning_rate        | 0.000148    |
|    loss                 | 41.9        |
|    n_updates            | 897         |
|    policy_gradient_loss | 0.0163      |
|    std                  | 0.96        |
|    value_loss           | 85.6        |
-----------------------------------------
Early stopping at step 0 due to reaching max kl: 0.04
-----------------------------------------
| rollout/                |             |
|    ep_len_mean          | 8.93e+03    |
|    ep_rew_mean          | -727        |
| time/                   |             |
|    fps                  | 323         |
|    iterations           | 126         |
|    time_elapsed         | 796         |
|    total_timesteps      | 258048      |
| train/                  |             |
|    approx_kl            | 0.013213597 |
|    clip_fraction        | 0.159       |
|    clip_range           | 0.2         |
|    entropy_loss         | -16.5       |
|    explained_variance   | 0.922       |
|    learning_rate        | 0.000147    |
|    loss                 | 13.9        |
|    n_updates            | 898         |
|    policy_gradient_loss | 0.002       |
|    std                  | 0.96        |
|    value_loss           | 35.5        |
-----------------------------------------
Early stopping at step 0 due to reaching max kl: 0.03
-----------------------------------------
| rollout/                |             |
|    ep_len_mean          | 8.93e+03    |
|    ep_rew_mean          | -727        |
| time/                   |             |
|    fps                  | 325         |
|    iterations           | 127         |
|    time_elapsed         | 800         |
|    total_timesteps      | 260096      |
| train/                  |             |
|    approx_kl            | 0.013514488 |
|    clip_fraction        | 0.185       |
|    clip_range           | 0.2         |
|    entropy_loss         | -16.5       |
|    explained_variance   | 0.998       |
|    learning_rate        | 0.000146    |
|    loss                 | 2.26        |
|    n_updates            | 899         |
|    policy_gradient_loss | 0.000956    |
|    std                  | 0.96        |
|    value_loss           | 31.7        |
-----------------------------------------
-----------------------------------------
| rollout/                |             |
|    ep_len_mean          | 8.93e+03    |
|    ep_rew_mean          | -727        |
| time/                   |             |
|    fps                  | 325         |
|    iterations           | 128         |
|    time_elapsed         | 806         |
|    total_timesteps      | 262144      |
| train/                  |             |
|    approx_kl            | 0.011921727 |
|    clip_fraction        | 0.141       |
|    clip_range           | 0.2         |
|    entropy_loss         | -16.5       |
|    explained_variance   | 1           |
|    learning_rate        | 0.000144    |
|    loss                 | 1.69        |
|    n_updates            | 909         |
|    policy_gradient_loss | -0.0122     |
|    std                  | 0.961       |
|    value_loss           | 10.4        |
-----------------------------------------
----------------------------------------
| rollout/                |            |
|    ep_len_mean          | 8.93e+03   |
|    ep_rew_mean          | -727       |
| time/                   |            |
|    fps                  | 325        |
|    iterations           | 129        |
|    time_elapsed         | 812        |
|    total_timesteps      | 264192     |
| train/                  |            |
|    approx_kl            | 0.01712861 |
|    clip_fraction        | 0.11       |
|    clip_range           | 0.2        |
|    entropy_loss         | -16.5      |
|    explained_variance   | 0.00101    |
|    learning_rate        | 0.000143   |
|    loss                 | 3.73       |
|    n_updates            | 919        |
|    policy_gradient_loss | -0.00696   |
|    std                  | 0.96       |
|    value_loss           | 37.5       |
----------------------------------------
Early stopping at step 0 due to reaching max kl: 0.04
-----------------------------------------
| rollout/                |             |
|    ep_len_mean          | 8.93e+03    |
|    ep_rew_mean          | -727        |
| time/                   |             |
|    fps                  | 326         |
|    iterations           | 130         |
|    time_elapsed         | 816         |
|    total_timesteps      | 266240      |
| train/                  |             |
|    approx_kl            | 0.013599459 |
|    clip_fraction        | 0.21        |
|    clip_range           | 0.2         |
|    entropy_loss         | -16.5       |
|    explained_variance   | 0.2         |
|    learning_rate        | 0.000142    |
|    loss                 | 24.6        |
|    n_updates            | 920         |
|    policy_gradient_loss | 0.000276    |
|    std                  | 0.96        |
|    value_loss           | 52.2        |
-----------------------------------------
---------------------------------------
| rollout/                |           |
|    ep_len_mean          | 8.93e+03  |
|    ep_rew_mean          | -728      |
| time/                   |           |
|    fps                  | 325       |
|    iterations           | 131       |
|    time_elapsed         | 823       |
|    total_timesteps      | 268288    |
| train/                  |           |
|    approx_kl            | 0.0064625 |
|    clip_fraction        | 0.096     |
|    clip_range           | 0.2       |
|    entropy_loss         | -16.5     |
|    explained_variance   | 0.997     |
|    learning_rate        | 0.000141  |
|    loss                 | 1.34      |
|    n_updates            | 930       |
|    policy_gradient_loss | -0.00796  |
|    std                  | 0.96      |
|    value_loss           | 6.84      |
---------------------------------------
-----------------------------------------
| rollout/                |             |
|    ep_len_mean          | 8.93e+03    |
|    ep_rew_mean          | -728        |
| time/                   |             |
|    fps                  | 325         |
|    iterations           | 132         |
|    time_elapsed         | 831         |
|    total_timesteps      | 270336      |
| train/                  |             |
|    approx_kl            | 0.009626202 |
|    clip_fraction        | 0.0931      |
|    clip_range           | 0.2         |
|    entropy_loss         | -16.5       |
|    explained_variance   | 0.999       |
|    learning_rate        | 0.00014     |
|    loss                 | 2.25        |
|    n_updates            | 940         |
|    policy_gradient_loss | -0.00871    |
|    std                  | 0.96        |
|    value_loss           | 8.19        |
-----------------------------------------
Early stopping at step 8 due to reaching max kl: 0.03
-----------------------------------------
| rollout/                |             |
|    ep_len_mean          | 8.93e+03    |
|    ep_rew_mean          | -728        |
| time/                   |             |
|    fps                  | 325         |
|    iterations           | 133         |
|    time_elapsed         | 837         |
|    total_timesteps      | 272384      |
| train/                  |             |
|    approx_kl            | 0.025397923 |
|    clip_fraction        | 0.0805      |
|    clip_range           | 0.2         |
|    entropy_loss         | -16.5       |
|    explained_variance   | 0.0164      |
|    learning_rate        | 0.000138    |
|    loss                 | 3.03        |
|    n_updates            | 949         |
|    policy_gradient_loss | -0.00537    |
|    std                  | 0.959       |
|    value_loss           | 31          |
-----------------------------------------
Early stopping at step 0 due to reaching max kl: 0.04
-----------------------------------------
| rollout/                |             |
|    ep_len_mean          | 8.93e+03    |
|    ep_rew_mean          | -728        |
| time/                   |             |
|    fps                  | 326         |
|    iterations           | 134         |
|    time_elapsed         | 841         |
|    total_timesteps      | 274432      |
| train/                  |             |
|    approx_kl            | 0.012939083 |
|    clip_fraction        | 0.186       |
|    clip_range           | 0.2         |
|    entropy_loss         | -16.5       |
|    explained_variance   | 0.0254      |
|    learning_rate        | 0.000137    |
|    loss                 | 36.2        |
|    n_updates            | 950         |
|    policy_gradient_loss | 0.000828    |
|    std                  | 0.958       |
|    value_loss           | 76.5        |
-----------------------------------------
-----------------------------------------
| rollout/                |             |
|    ep_len_mean          | 8.93e+03    |
|    ep_rew_mean          | -728        |
| time/                   |             |
|    fps                  | 326         |
|    iterations           | 135         |
|    time_elapsed         | 847         |
|    total_timesteps      | 276480      |
| train/                  |             |
|    approx_kl            | 0.011790649 |
|    clip_fraction        | 0.0775      |
|    clip_range           | 0.2         |
|    entropy_loss         | -16.5       |
|    explained_variance   | 0.989       |
|    learning_rate        | 0.000136    |
|    loss                 | 2.62        |
|    n_updates            | 960         |
|    policy_gradient_loss | -0.00792    |
|    std                  | 0.958       |
|    value_loss           | 9.61        |
-----------------------------------------
-----------------------------------------
| rollout/                |             |
|    ep_len_mean          | 8.93e+03    |
|    ep_rew_mean          | -730        |
| time/                   |             |
|    fps                  | 325         |
|    iterations           | 136         |
|    time_elapsed         | 854         |
|    total_timesteps      | 278528      |
| train/                  |             |
|    approx_kl            | 0.008499125 |
|    clip_fraction        | 0.0724      |
|    clip_range           | 0.2         |
|    entropy_loss         | -16.5       |
|    explained_variance   | 0.991       |
|    learning_rate        | 0.000135    |
|    loss                 | 0.763       |
|    n_updates            | 970         |
|    policy_gradient_loss | -0.00599    |
|    std                  | 0.958       |
|    value_loss           | 3.93        |
-----------------------------------------
Early stopping at step 9 due to reaching max kl: 0.05
-----------------------------------------
| rollout/                |             |
|    ep_len_mean          | 8.93e+03    |
|    ep_rew_mean          | -730        |
| time/                   |             |
|    fps                  | 325         |
|    iterations           | 137         |
|    time_elapsed         | 862         |
|    total_timesteps      | 280576      |
| train/                  |             |
|    approx_kl            | 0.019101309 |
|    clip_fraction        | 0.136       |
|    clip_range           | 0.2         |
|    entropy_loss         | -16.5       |
|    explained_variance   | 1           |
|    learning_rate        | 0.000133    |
|    loss                 | 1.21        |
|    n_updates            | 980         |
|    policy_gradient_loss | -0.00668    |
|    std                  | 0.958       |
|    value_loss           | 13.8        |
-----------------------------------------
-----------------------------------------
| rollout/                |             |
|    ep_len_mean          | 8.93e+03    |
|    ep_rew_mean          | -730        |
| time/                   |             |
|    fps                  | 324         |
|    iterations           | 138         |
|    time_elapsed         | 870         |
|    total_timesteps      | 282624      |
| train/                  |             |
|    approx_kl            | 0.011165474 |
|    clip_fraction        | 0.0972      |
|    clip_range           | 0.2         |
|    entropy_loss         | -16.5       |
|    explained_variance   | 0.0485      |
|    learning_rate        | 0.000132    |
|    loss                 | 3.85        |
|    n_updates            | 990         |
|    policy_gradient_loss | -0.00612    |
|    std                  | 0.957       |
|    value_loss           | 39.1        |
-----------------------------------------
-----------------------------------------
| rollout/                |             |
|    ep_len_mean          | 8.93e+03    |
|    ep_rew_mean          | -730        |
| time/                   |             |
|    fps                  | 323         |
|    iterations           | 139         |
|    time_elapsed         | 879         |
|    total_timesteps      | 284672      |
| train/                  |             |
|    approx_kl            | 0.007695159 |
|    clip_fraction        | 0.06        |
|    clip_range           | 0.2         |
|    entropy_loss         | -16.5       |
|    explained_variance   | 0.923       |
|    learning_rate        | 0.000131    |
|    loss                 | 7.05        |
|    n_updates            | 1000        |
|    policy_gradient_loss | -0.00684    |
|    std                  | 0.956       |
|    value_loss           | 21.1        |
-----------------------------------------
------------------------------------------
| rollout/                |              |
|    ep_len_mean          | 8.93e+03     |
|    ep_rew_mean          | -731         |
| time/                   |              |
|    fps                  | 323          |
|    iterations           | 140          |
|    time_elapsed         | 887          |
|    total_timesteps      | 286720       |
| train/                  |              |
|    approx_kl            | 0.0059062317 |
|    clip_fraction        | 0.0434       |
|    clip_range           | 0.2          |
|    entropy_loss         | -16.5        |
|    explained_variance   | 0.997        |
|    learning_rate        | 0.00013      |
|    loss                 | 0.983        |
|    n_updates            | 1010         |
|    policy_gradient_loss | -0.00643     |
|    std                  | 0.956        |
|    value_loss           | 4.36         |
------------------------------------------
-----------------------------------------
| rollout/                |             |
|    ep_len_mean          | 8.93e+03    |
|    ep_rew_mean          | -731        |
| time/                   |             |
|    fps                  | 322         |
|    iterations           | 141         |
|    time_elapsed         | 895         |
|    total_timesteps      | 288768      |
| train/                  |             |
|    approx_kl            | 0.009206414 |
|    clip_fraction        | 0.105       |
|    clip_range           | 0.2         |
|    entropy_loss         | -16.5       |
|    explained_variance   | 1           |
|    learning_rate        | 0.000129    |
|    loss                 | 3.2         |
|    n_updates            | 1020        |
|    policy_gradient_loss | -0.0118     |
|    std                  | 0.955       |
|    value_loss           | 10.7        |
-----------------------------------------
-----------------------------------------
| rollout/                |             |
|    ep_len_mean          | 8.93e+03    |
|    ep_rew_mean          | -731        |
| time/                   |             |
|    fps                  | 322         |
|    iterations           | 142         |
|    time_elapsed         | 902         |
|    total_timesteps      | 290816      |
| train/                  |             |
|    approx_kl            | 0.014083864 |
|    clip_fraction        | 0.0905      |
|    clip_range           | 0.2         |
|    entropy_loss         | -16.5       |
|    explained_variance   | 0.0526      |
|    learning_rate        | 0.000127    |
|    loss                 | 4.87        |
|    n_updates            | 1030        |
|    policy_gradient_loss | -0.00728    |
|    std                  | 0.956       |
|    value_loss           | 40.4        |
-----------------------------------------
Early stopping at step 0 due to reaching max kl: 0.03
-----------------------------------------
| rollout/                |             |
|    ep_len_mean          | 8.93e+03    |
|    ep_rew_mean          | -731        |
| time/                   |             |
|    fps                  | 322         |
|    iterations           | 143         |
|    time_elapsed         | 907         |
|    total_timesteps      | 292864      |
| train/                  |             |
|    approx_kl            | 0.010410756 |
|    clip_fraction        | 0.137       |
|    clip_range           | 0.2         |
|    entropy_loss         | -16.5       |
|    explained_variance   | 0.506       |
|    learning_rate        | 0.000126    |
|    loss                 | 22.8        |
|    n_updates            | 1031        |
|    policy_gradient_loss | 0.00441     |
|    std                  | 0.956       |
|    value_loss           | 54.2        |
-----------------------------------------
------------------------------------------
| rollout/                |              |
|    ep_len_mean          | 8.93e+03     |
|    ep_rew_mean          | -731         |
| time/                   |              |
|    fps                  | 322          |
|    iterations           | 144          |
|    time_elapsed         | 914          |
|    total_timesteps      | 294912       |
| train/                  |              |
|    approx_kl            | 0.0066954773 |
|    clip_fraction        | 0.0414       |
|    clip_range           | 0.2          |
|    entropy_loss         | -16.5        |
|    explained_variance   | 0.998        |
|    learning_rate        | 0.000125     |
|    loss                 | 0.59         |
|    n_updates            | 1041         |
|    policy_gradient_loss | -0.00408     |
|    std                  | 0.956        |
|    value_loss           | 4.6          |
------------------------------------------
-----------------------------------------
| rollout/                |             |
|    ep_len_mean          | 8.93e+03    |
|    ep_rew_mean          | -731        |
| time/                   |             |
|    fps                  | 322         |
|    iterations           | 145         |
|    time_elapsed         | 921         |
|    total_timesteps      | 296960      |
| train/                  |             |
|    approx_kl            | 0.008837728 |
|    clip_fraction        | 0.0925      |
|    clip_range           | 0.2         |
|    entropy_loss         | -16.5       |
|    explained_variance   | 1           |
|    learning_rate        | 0.000124    |
|    loss                 | 1.06        |
|    n_updates            | 1051        |
|    policy_gradient_loss | -0.00803    |
|    std                  | 0.956       |
|    value_loss           | 4.31        |
-----------------------------------------
Early stopping at step 9 due to reaching max kl: 0.03
----------------------------------------
| rollout/                |            |
|    ep_len_mean          | 8.93e+03   |
|    ep_rew_mean          | -731       |
| time/                   |            |
|    fps                  | 321        |
|    iterations           | 146        |
|    time_elapsed         | 929        |
|    total_timesteps      | 299008     |
| train/                  |            |
|    approx_kl            | 0.02021611 |
|    clip_fraction        | 0.128      |
|    clip_range           | 0.2        |
|    entropy_loss         | -16.5      |
|    explained_variance   | 0.0703     |
|    learning_rate        | 0.000122   |
|    loss                 | 1.73       |
|    n_updates            | 1061       |
|    policy_gradient_loss | -0.0107    |
|    std                  | 0.952      |
|    value_loss           | 23.7       |
----------------------------------------
-----------------------------------------
| rollout/                |             |
|    ep_len_mean          | 8.93e+03    |
|    ep_rew_mean          | -731        |
| time/                   |             |
|    fps                  | 321         |
|    iterations           | 147         |
|    time_elapsed         | 936         |
|    total_timesteps      | 301056      |
| train/                  |             |
|    approx_kl            | 0.009902328 |
|    clip_fraction        | 0.103       |
|    clip_range           | 0.2         |
|    entropy_loss         | -16.4       |
|    explained_variance   | 0.143       |
|    learning_rate        | 0.000121    |
|    loss                 | 4.34        |
|    n_updates            | 1071        |
|    policy_gradient_loss | -0.00917    |
|    std                  | 0.952       |
|    value_loss           | 33.8        |
-----------------------------------------
------------------------------------------
| rollout/                |              |
|    ep_len_mean          | 8.93e+03     |
|    ep_rew_mean          | -731         |
| time/                   |              |
|    fps                  | 321          |
|    iterations           | 148          |
|    time_elapsed         | 943          |
|    total_timesteps      | 303104       |
| train/                  |              |
|    approx_kl            | 0.0059216316 |
|    clip_fraction        | 0.0479       |
|    clip_range           | 0.2          |
|    entropy_loss         | -16.4        |
|    explained_variance   | 0.989        |
|    learning_rate        | 0.00012      |
|    loss                 | 3.35         |
|    n_updates            | 1081         |
|    policy_gradient_loss | -0.00423     |
|    std                  | 0.952        |
|    value_loss           | 11.9         |
------------------------------------------
------------------------------------------
| rollout/                |              |
|    ep_len_mean          | 8.93e+03     |
|    ep_rew_mean          | -732         |
| time/                   |              |
|    fps                  | 320          |
|    iterations           | 149          |
|    time_elapsed         | 952          |
|    total_timesteps      | 305152       |
| train/                  |              |
|    approx_kl            | 0.0071286634 |
|    clip_fraction        | 0.0627       |
|    clip_range           | 0.2          |
|    entropy_loss         | -16.4        |
|    explained_variance   | 0.995        |
|    learning_rate        | 0.000119     |
|    loss                 | 0.441        |
|    n_updates            | 1091         |
|    policy_gradient_loss | -0.00746     |
|    std                  | 0.952        |
|    value_loss           | 2.33         |
------------------------------------------
-----------------------------------------
| rollout/                |             |
|    ep_len_mean          | 8.93e+03    |
|    ep_rew_mean          | -732        |
| time/                   |             |
|    fps                  | 319         |
|    iterations           | 150         |
|    time_elapsed         | 960         |
|    total_timesteps      | 307200      |
| train/                  |             |
|    approx_kl            | 0.011506354 |
|    clip_fraction        | 0.103       |
|    clip_range           | 0.2         |
|    entropy_loss         | -16.4       |
|    explained_variance   | 1           |
|    learning_rate        | 0.000118    |
|    loss                 | 1.86        |
|    n_updates            | 1101        |
|    policy_gradient_loss | -0.00967    |
|    std                  | 0.951       |
|    value_loss           | 15.3        |
-----------------------------------------
-----------------------------------------
| rollout/                |             |
|    ep_len_mean          | 8.93e+03    |
|    ep_rew_mean          | -732        |
| time/                   |             |
|    fps                  | 319         |
|    iterations           | 151         |
|    time_elapsed         | 969         |
|    total_timesteps      | 309248      |
| train/                  |             |
|    approx_kl            | 0.010679902 |
|    clip_fraction        | 0.097       |
|    clip_range           | 0.2         |
|    entropy_loss         | -16.4       |
|    explained_variance   | 0.00153     |
|    learning_rate        | 0.000116    |
|    loss                 | 6.59        |
|    n_updates            | 1111        |
|    policy_gradient_loss | -0.0107     |
|    std                  | 0.952       |
|    value_loss           | 46.2        |
-----------------------------------------
------------------------------------------
| rollout/                |              |
|    ep_len_mean          | 8.93e+03     |
|    ep_rew_mean          | -732         |
| time/                   |              |
|    fps                  | 318          |
|    iterations           | 152          |
|    time_elapsed         | 976          |
|    total_timesteps      | 311296       |
| train/                  |              |
|    approx_kl            | 0.0079722125 |
|    clip_fraction        | 0.0652       |
|    clip_range           | 0.2          |
|    entropy_loss         | -16.4        |
|    explained_variance   | 0.936        |
|    learning_rate        | 0.000115     |
|    loss                 | 6.71         |
|    n_updates            | 1121         |
|    policy_gradient_loss | -0.00828     |
|    std                  | 0.953        |
|    value_loss           | 24.6         |
------------------------------------------
-----------------------------------------
| rollout/                |             |
|    ep_len_mean          | 8.93e+03    |
|    ep_rew_mean          | -732        |
| time/                   |             |
|    fps                  | 318         |
|    iterations           | 153         |
|    time_elapsed         | 984         |
|    total_timesteps      | 313344      |
| train/                  |             |
|    approx_kl            | 0.005468756 |
|    clip_fraction        | 0.0318      |
|    clip_range           | 0.2         |
|    entropy_loss         | -16.4       |
|    explained_variance   | 0.998       |
|    learning_rate        | 0.000114    |
|    loss                 | 1.15        |
|    n_updates            | 1131        |
|    policy_gradient_loss | -0.00615    |
|    std                  | 0.952       |
|    value_loss           | 4.14        |
-----------------------------------------
-----------------------------------------
| rollout/                |             |
|    ep_len_mean          | 8.93e+03    |
|    ep_rew_mean          | -732        |
| time/                   |             |
|    fps                  | 317         |
|    iterations           | 154         |
|    time_elapsed         | 992         |
|    total_timesteps      | 315392      |
| train/                  |             |
|    approx_kl            | 0.011894724 |
|    clip_fraction        | 0.1         |
|    clip_range           | 0.2         |
|    entropy_loss         | -16.4       |
|    explained_variance   | 1           |
|    learning_rate        | 0.000113    |
|    loss                 | 2.94        |
|    n_updates            | 1141        |
|    policy_gradient_loss | -0.00922    |
|    std                  | 0.95        |
|    value_loss           | 10.5        |
-----------------------------------------
----------------------------------------
| rollout/                |            |
|    ep_len_mean          | 8.93e+03   |
|    ep_rew_mean          | -732       |
| time/                   |            |
|    fps                  | 317        |
|    iterations           | 155        |
|    time_elapsed         | 999        |
|    total_timesteps      | 317440     |
| train/                  |            |
|    approx_kl            | 0.00911266 |
|    clip_fraction        | 0.0955     |
|    clip_range           | 0.2        |
|    entropy_loss         | -16.4      |
|    explained_variance   | 0.0152     |
|    learning_rate        | 0.000111   |
|    loss                 | 6.55       |
|    n_updates            | 1151       |
|    policy_gradient_loss | -0.00876   |
|    std                  | 0.95       |
|    value_loss           | 44         |
----------------------------------------
-----------------------------------------
| rollout/                |             |
|    ep_len_mean          | 8.93e+03    |
|    ep_rew_mean          | -732        |
| time/                   |             |
|    fps                  | 317         |
|    iterations           | 156         |
|    time_elapsed         | 1007        |
|    total_timesteps      | 319488      |
| train/                  |             |
|    approx_kl            | 0.013169755 |
|    clip_fraction        | 0.122       |
|    clip_range           | 0.2         |
|    entropy_loss         | -16.4       |
|    explained_variance   | 0.567       |
|    learning_rate        | 0.00011     |
|    loss                 | 2.78        |
|    n_updates            | 1161        |
|    policy_gradient_loss | -0.0125     |
|    std                  | 0.948       |
|    value_loss           | 25.3        |
-----------------------------------------
------------------------------------------
| rollout/                |              |
|    ep_len_mean          | 8.93e+03     |
|    ep_rew_mean          | -733         |
| time/                   |              |
|    fps                  | 316          |
|    iterations           | 157          |
|    time_elapsed         | 1015         |
|    total_timesteps      | 321536       |
| train/                  |              |
|    approx_kl            | 0.0057355636 |
|    clip_fraction        | 0.0828       |
|    clip_range           | 0.2          |
|    entropy_loss         | -16.4        |
|    explained_variance   | 0.998        |
|    learning_rate        | 0.000109     |
|    loss                 | 0.926        |
|    n_updates            | 1171         |
|    policy_gradient_loss | -0.00498     |
|    std                  | 0.948        |
|    value_loss           | 4.97         |
------------------------------------------
Early stopping at step 6 due to reaching max kl: 0.03
-----------------------------------------
| rollout/                |             |
|    ep_len_mean          | 8.93e+03    |
|    ep_rew_mean          | -733        |
| time/                   |             |
|    fps                  | 316         |
|    iterations           | 158         |
|    time_elapsed         | 1021        |
|    total_timesteps      | 323584      |
| train/                  |             |
|    approx_kl            | 0.028004866 |
|    clip_fraction        | 0.0801      |
|    clip_range           | 0.2         |
|    entropy_loss         | -16.4       |
|    explained_variance   | 0.999       |
|    learning_rate        | 0.000108    |
|    loss                 | 0.713       |
|    n_updates            | 1178        |
|    policy_gradient_loss | -0.00627    |
|    std                  | 0.948       |
|    value_loss           | 1.71        |
-----------------------------------------
-----------------------------------------
| rollout/                |             |
|    ep_len_mean          | 8.93e+03    |
|    ep_rew_mean          | -733        |
| time/                   |             |
|    fps                  | 316         |
|    iterations           | 159         |
|    time_elapsed         | 1029        |
|    total_timesteps      | 325632      |
| train/                  |             |
|    approx_kl            | 0.013172133 |
|    clip_fraction        | 0.116       |
|    clip_range           | 0.2         |
|    entropy_loss         | -16.3       |
|    explained_variance   | 0.00944     |
|    learning_rate        | 0.000107    |
|    loss                 | 2.57        |
|    n_updates            | 1188        |
|    policy_gradient_loss | -0.00912    |
|    std                  | 0.943       |
|    value_loss           | 24.5        |
-----------------------------------------
-----------------------------------------
| rollout/                |             |
|    ep_len_mean          | 8.93e+03    |
|    ep_rew_mean          | -733        |
| time/                   |             |
|    fps                  | 315         |
|    iterations           | 160         |
|    time_elapsed         | 1037        |
|    total_timesteps      | 327680      |
| train/                  |             |
|    approx_kl            | 0.008856652 |
|    clip_fraction        | 0.109       |
|    clip_range           | 0.2         |
|    entropy_loss         | -16.3       |
|    explained_variance   | 0.0134      |
|    learning_rate        | 0.000105    |
|    loss                 | 8.03        |
|    n_updates            | 1198        |
|    policy_gradient_loss | -0.0103     |
|    std                  | 0.942       |
|    value_loss           | 45.5        |
-----------------------------------------
-----------------------------------------
| rollout/                |             |
|    ep_len_mean          | 8.93e+03    |
|    ep_rew_mean          | -733        |
| time/                   |             |
|    fps                  | 315         |
|    iterations           | 161         |
|    time_elapsed         | 1045        |
|    total_timesteps      | 329728      |
| train/                  |             |
|    approx_kl            | 0.009721791 |
|    clip_fraction        | 0.0747      |
|    clip_range           | 0.2         |
|    entropy_loss         | -16.3       |
|    explained_variance   | 0.991       |
|    learning_rate        | 0.000104    |
|    loss                 | 5.29        |
|    n_updates            | 1208        |
|    policy_gradient_loss | -0.00457    |
|    std                  | 0.942       |
|    value_loss           | 12.5        |
-----------------------------------------
-----------------------------------------
| rollout/                |             |
|    ep_len_mean          | 8.93e+03    |
|    ep_rew_mean          | -733        |
| time/                   |             |
|    fps                  | 315         |
|    iterations           | 162         |
|    time_elapsed         | 1052        |
|    total_timesteps      | 331776      |
| train/                  |             |
|    approx_kl            | 0.007852104 |
|    clip_fraction        | 0.0763      |
|    clip_range           | 0.2         |
|    entropy_loss         | -16.3       |
|    explained_variance   | 0.997       |
|    learning_rate        | 0.000103    |
|    loss                 | 0.474       |
|    n_updates            | 1218        |
|    policy_gradient_loss | -0.00964    |
|    std                  | 0.942       |
|    value_loss           | 1.74        |
-----------------------------------------
------------------------------------------
| rollout/                |              |
|    ep_len_mean          | 8.93e+03     |
|    ep_rew_mean          | -733         |
| time/                   |              |
|    fps                  | 314          |
|    iterations           | 163          |
|    time_elapsed         | 1060         |
|    total_timesteps      | 333824       |
| train/                  |              |
|    approx_kl            | 0.0102719525 |
|    clip_fraction        | 0.101        |
|    clip_range           | 0.2          |
|    entropy_loss         | -16.3        |
|    explained_variance   | 1            |
|    learning_rate        | 0.000102     |
|    loss                 | 3.49         |
|    n_updates            | 1228         |
|    policy_gradient_loss | -0.0106      |
|    std                  | 0.943        |
|    value_loss           | 16           |
------------------------------------------
------------------------------------------
| rollout/                |              |
|    ep_len_mean          | 8.93e+03     |
|    ep_rew_mean          | -733         |
| time/                   |              |
|    fps                  | 314          |
|    iterations           | 164          |
|    time_elapsed         | 1069         |
|    total_timesteps      | 335872       |
| train/                  |              |
|    approx_kl            | 0.0075039547 |
|    clip_fraction        | 0.0939       |
|    clip_range           | 0.2          |
|    entropy_loss         | -16.3        |
|    explained_variance   | 0.000396     |
|    learning_rate        | 0.0001       |
|    loss                 | 9.14         |
|    n_updates            | 1238         |
|    policy_gradient_loss | -0.012       |
|    std                  | 0.943        |
|    value_loss           | 51.1         |
------------------------------------------
----------------------------------------
| rollout/                |            |
|    ep_len_mean          | 8.93e+03   |
|    ep_rew_mean          | -733       |
| time/                   |            |
|    fps                  | 313        |
|    iterations           | 165        |
|    time_elapsed         | 1077       |
|    total_timesteps      | 337920     |
| train/                  |            |
|    approx_kl            | 0.00617723 |
|    clip_fraction        | 0.0494     |
|    clip_range           | 0.2        |
|    entropy_loss         | -16.3      |
|    explained_variance   | 0.959      |
|    learning_rate        | 9.92e-05   |
|    loss                 | 6.38       |
|    n_updates            | 1248       |
|    policy_gradient_loss | -0.00664   |
|    std                  | 0.943      |
|    value_loss           | 22.5       |
----------------------------------------
-----------------------------------------
| rollout/                |             |
|    ep_len_mean          | 8.93e+03    |
|    ep_rew_mean          | -733        |
| time/                   |             |
|    fps                  | 313         |
|    iterations           | 166         |
|    time_elapsed         | 1085        |
|    total_timesteps      | 339968      |
| train/                  |             |
|    approx_kl            | 0.006697698 |
|    clip_fraction        | 0.0714      |
|    clip_range           | 0.2         |
|    entropy_loss         | -16.3       |
|    explained_variance   | 0.998       |
|    learning_rate        | 9.8e-05     |
|    loss                 | 0.524       |
|    n_updates            | 1258        |
|    policy_gradient_loss | -0.00755    |
|    std                  | 0.942       |
|    value_loss           | 3.75        |
-----------------------------------------
----------------------------------------
| rollout/                |            |
|    ep_len_mean          | 8.93e+03   |
|    ep_rew_mean          | -733       |
| time/                   |            |
|    fps                  | 313        |
|    iterations           | 167        |
|    time_elapsed         | 1092       |
|    total_timesteps      | 342016     |
| train/                  |            |
|    approx_kl            | 0.01142744 |
|    clip_fraction        | 0.127      |
|    clip_range           | 0.2        |
|    entropy_loss         | -16.3      |
|    explained_variance   | 1          |
|    learning_rate        | 9.67e-05   |
|    loss                 | 2.07       |
|    n_updates            | 1268       |
|    policy_gradient_loss | -0.0108    |
|    std                  | 0.941      |
|    value_loss           | 9.8        |
----------------------------------------
-----------------------------------------
| rollout/                |             |
|    ep_len_mean          | 8.93e+03    |
|    ep_rew_mean          | -733        |
| time/                   |             |
|    fps                  | 312         |
|    iterations           | 168         |
|    time_elapsed         | 1101        |
|    total_timesteps      | 344064      |
| train/                  |             |
|    approx_kl            | 0.010259756 |
|    clip_fraction        | 0.101       |
|    clip_range           | 0.2         |
|    entropy_loss         | -16.3       |
|    explained_variance   | 0.000229    |
|    learning_rate        | 9.55e-05    |
|    loss                 | 6.06        |
|    n_updates            | 1278        |
|    policy_gradient_loss | -0.0102     |
|    std                  | 0.941       |
|    value_loss           | 39.1        |
-----------------------------------------
-----------------------------------------
| rollout/                |             |
|    ep_len_mean          | 8.93e+03    |
|    ep_rew_mean          | -733        |
| time/                   |             |
|    fps                  | 311         |
|    iterations           | 169         |
|    time_elapsed         | 1109        |
|    total_timesteps      | 346112      |
| train/                  |             |
|    approx_kl            | 0.010648296 |
|    clip_fraction        | 0.113       |
|    clip_range           | 0.2         |
|    entropy_loss         | -16.3       |
|    explained_variance   | 0.809       |
|    learning_rate        | 9.43e-05    |
|    loss                 | 5.25        |
|    n_updates            | 1288        |
|    policy_gradient_loss | -0.0129     |
|    std                  | 0.94        |
|    value_loss           | 27.8        |
-----------------------------------------
------------------------------------------
| rollout/                |              |
|    ep_len_mean          | 8.93e+03     |
|    ep_rew_mean          | -733         |
| time/                   |              |
|    fps                  | 310          |
|    iterations           | 170          |
|    time_elapsed         | 1119         |
|    total_timesteps      | 348160       |
| train/                  |              |
|    approx_kl            | 0.0069742333 |
|    clip_fraction        | 0.0657       |
|    clip_range           | 0.2          |
|    entropy_loss         | -16.3        |
|    explained_variance   | 0.998        |
|    learning_rate        | 9.31e-05     |
|    loss                 | 0.676        |
|    n_updates            | 1298         |
|    policy_gradient_loss | -0.00797     |
|    std                  | 0.94         |
|    value_loss           | 5.73         |
------------------------------------------
-----------------------------------------
| rollout/                |             |
|    ep_len_mean          | 8.93e+03    |
|    ep_rew_mean          | -733        |
| time/                   |             |
|    fps                  | 310         |
|    iterations           | 171         |
|    time_elapsed         | 1126        |
|    total_timesteps      | 350208      |
| train/                  |             |
|    approx_kl            | 0.012230059 |
|    clip_fraction        | 0.112       |
|    clip_range           | 0.2         |
|    entropy_loss         | -16.3       |
|    explained_variance   | 0.996       |
|    learning_rate        | 9.18e-05    |
|    loss                 | 0.211       |
|    n_updates            | 1308        |
|    policy_gradient_loss | -0.0124     |
|    std                  | 0.939       |
|    value_loss           | 0.915       |
-----------------------------------------
----------------------------------------
| rollout/                |            |
|    ep_len_mean          | 8.93e+03   |
|    ep_rew_mean          | -733       |
| time/                   |            |
|    fps                  | 311        |
|    iterations           | 172        |
|    time_elapsed         | 1132       |
|    total_timesteps      | 352256     |
| train/                  |            |
|    approx_kl            | 0.01133247 |
|    clip_fraction        | 0.0957     |
|    clip_range           | 0.2        |
|    entropy_loss         | -16.2      |
|    explained_variance   | 0.999      |
|    learning_rate        | 9.06e-05   |
|    loss                 | 1.97       |
|    n_updates            | 1318       |
|    policy_gradient_loss | -0.0129    |
|    std                  | 0.937      |
|    value_loss           | 22.3       |
----------------------------------------
-----------------------------------------
| rollout/                |             |
|    ep_len_mean          | 8.93e+03    |
|    ep_rew_mean          | -733        |
| time/                   |             |
|    fps                  | 311         |
|    iterations           | 173         |
|    time_elapsed         | 1138        |
|    total_timesteps      | 354304      |
| train/                  |             |
|    approx_kl            | 0.008312228 |
|    clip_fraction        | 0.0633      |
|    clip_range           | 0.2         |
|    entropy_loss         | -16.2       |
|    explained_variance   | 0.0115      |
|    learning_rate        | 8.94e-05    |
|    loss                 | 9.24        |
|    n_updates            | 1328        |
|    policy_gradient_loss | -0.00971    |
|    std                  | 0.936       |
|    value_loss           | 50.4        |
-----------------------------------------
------------------------------------------
| rollout/                |              |
|    ep_len_mean          | 8.93e+03     |
|    ep_rew_mean          | -733         |
| time/                   |              |
|    fps                  | 311          |
|    iterations           | 174          |
|    time_elapsed         | 1144         |
|    total_timesteps      | 356352       |
| train/                  |              |
|    approx_kl            | 0.0071083326 |
|    clip_fraction        | 0.0555       |
|    clip_range           | 0.2          |
|    entropy_loss         | -16.2        |
|    explained_variance   | 0.989        |
|    learning_rate        | 8.82e-05     |
|    loss                 | 4.41         |
|    n_updates            | 1338         |
|    policy_gradient_loss | -0.00788     |
|    std                  | 0.936        |
|    value_loss           | 13.3         |
------------------------------------------
-----------------------------------------
| rollout/                |             |
|    ep_len_mean          | 8.93e+03    |
|    ep_rew_mean          | -733        |
| time/                   |             |
|    fps                  | 311         |
|    iterations           | 175         |
|    time_elapsed         | 1151        |
|    total_timesteps      | 358400      |
| train/                  |             |
|    approx_kl            | 0.007854689 |
|    clip_fraction        | 0.0657      |
|    clip_range           | 0.2         |
|    entropy_loss         | -16.2       |
|    explained_variance   | 0.995       |
|    learning_rate        | 8.69e-05    |
|    loss                 | 0.309       |
|    n_updates            | 1348        |
|    policy_gradient_loss | -0.00621    |
|    std                  | 0.935       |
|    value_loss           | 2.73        |
-----------------------------------------
-----------------------------------------
| rollout/                |             |
|    ep_len_mean          | 8.93e+03    |
|    ep_rew_mean          | -733        |
| time/                   |             |
|    fps                  | 311         |
|    iterations           | 176         |
|    time_elapsed         | 1157        |
|    total_timesteps      | 360448      |
| train/                  |             |
|    approx_kl            | 0.008714147 |
|    clip_fraction        | 0.0822      |
|    clip_range           | 0.2         |
|    entropy_loss         | -16.2       |
|    explained_variance   | 1           |
|    learning_rate        | 8.57e-05    |
|    loss                 | 2.86        |
|    n_updates            | 1358        |
|    policy_gradient_loss | -0.00866    |
|    std                  | 0.935       |
|    value_loss           | 14.7        |
-----------------------------------------
-----------------------------------------
| rollout/                |             |
|    ep_len_mean          | 8.93e+03    |
|    ep_rew_mean          | -733        |
| time/                   |             |
|    fps                  | 311         |
|    iterations           | 177         |
|    time_elapsed         | 1164        |
|    total_timesteps      | 362496      |
| train/                  |             |
|    approx_kl            | 0.008136573 |
|    clip_fraction        | 0.0792      |
|    clip_range           | 0.2         |
|    entropy_loss         | -16.2       |
|    explained_variance   | 0.000154    |
|    learning_rate        | 8.45e-05    |
|    loss                 | 13.5        |
|    n_updates            | 1368        |
|    policy_gradient_loss | -0.00949    |
|    std                  | 0.934       |
|    value_loss           | 55.3        |
-----------------------------------------
------------------------------------------
| rollout/                |              |
|    ep_len_mean          | 8.93e+03     |
|    ep_rew_mean          | -733         |
| time/                   |              |
|    fps                  | 311          |
|    iterations           | 178          |
|    time_elapsed         | 1170         |
|    total_timesteps      | 364544       |
| train/                  |              |
|    approx_kl            | 0.0073119965 |
|    clip_fraction        | 0.0829       |
|    clip_range           | 0.2          |
|    entropy_loss         | -16.2        |
|    explained_variance   | 0.957        |
|    learning_rate        | 8.33e-05     |
|    loss                 | 7            |
|    n_updates            | 1378         |
|    policy_gradient_loss | -0.011       |
|    std                  | 0.934        |
|    value_loss           | 26.7         |
------------------------------------------
-----------------------------------------
| rollout/                |             |
|    ep_len_mean          | 8.93e+03    |
|    ep_rew_mean          | -734        |
| time/                   |             |
|    fps                  | 311         |
|    iterations           | 179         |
|    time_elapsed         | 1176        |
|    total_timesteps      | 366592      |
| train/                  |             |
|    approx_kl            | 0.006517325 |
|    clip_fraction        | 0.0508      |
|    clip_range           | 0.2         |
|    entropy_loss         | -16.2       |
|    explained_variance   | 0.998       |
|    learning_rate        | 8.2e-05     |
|    loss                 | 0.55        |
|    n_updates            | 1388        |
|    policy_gradient_loss | -0.00532    |
|    std                  | 0.934       |
|    value_loss           | 4.78        |
-----------------------------------------
-----------------------------------------
| rollout/                |             |
|    ep_len_mean          | 8.93e+03    |
|    ep_rew_mean          | -734        |
| time/                   |             |
|    fps                  | 311         |
|    iterations           | 180         |
|    time_elapsed         | 1182        |
|    total_timesteps      | 368640      |
| train/                  |             |
|    approx_kl            | 0.013905786 |
|    clip_fraction        | 0.177       |
|    clip_range           | 0.2         |
|    entropy_loss         | -16.2       |
|    explained_variance   | 1           |
|    learning_rate        | 8.08e-05    |
|    loss                 | 3.53        |
|    n_updates            | 1398        |
|    policy_gradient_loss | -0.0157     |
|    std                  | 0.933       |
|    value_loss           | 8.05        |
-----------------------------------------
-----------------------------------------
| rollout/                |             |
|    ep_len_mean          | 8.93e+03    |
|    ep_rew_mean          | -734        |
| time/                   |             |
|    fps                  | 311         |
|    iterations           | 181         |
|    time_elapsed         | 1189        |
|    total_timesteps      | 370688      |
| train/                  |             |
|    approx_kl            | 0.009080034 |
|    clip_fraction        | 0.0838      |
|    clip_range           | 0.2         |
|    entropy_loss         | -16.2       |
|    explained_variance   | 0.000161    |
|    learning_rate        | 7.96e-05    |
|    loss                 | 6.67        |
|    n_updates            | 1408        |
|    policy_gradient_loss | -0.009      |
|    std                  | 0.932       |
|    value_loss           | 39.3        |
-----------------------------------------
----------------------------------------
| rollout/                |            |
|    ep_len_mean          | 8.93e+03   |
|    ep_rew_mean          | -734       |
| time/                   |            |
|    fps                  | 311        |
|    iterations           | 182        |
|    time_elapsed         | 1195       |
|    total_timesteps      | 372736     |
| train/                  |            |
|    approx_kl            | 0.00902861 |
|    clip_fraction        | 0.0796     |
|    clip_range           | 0.2        |
|    entropy_loss         | -16.2      |
|    explained_variance   | 0.755      |
|    learning_rate        | 7.84e-05   |
|    loss                 | 9.27       |
|    n_updates            | 1418       |
|    policy_gradient_loss | -0.00909   |
|    std                  | 0.931      |
|    value_loss           | 35.9       |
----------------------------------------
-----------------------------------------
| rollout/                |             |
|    ep_len_mean          | 8.93e+03    |
|    ep_rew_mean          | -734        |
| time/                   |             |
|    fps                  | 311         |
|    iterations           | 183         |
|    time_elapsed         | 1202        |
|    total_timesteps      | 374784      |
| train/                  |             |
|    approx_kl            | 0.007936429 |
|    clip_fraction        | 0.0443      |
|    clip_range           | 0.2         |
|    entropy_loss         | -16.1       |
|    explained_variance   | 0.997       |
|    learning_rate        | 7.71e-05    |
|    loss                 | 0.855       |
|    n_updates            | 1428        |
|    policy_gradient_loss | -0.00573    |
|    std                  | 0.931       |
|    value_loss           | 6.92        |
-----------------------------------------
-----------------------------------------
| rollout/                |             |
|    ep_len_mean          | 8.93e+03    |
|    ep_rew_mean          | -734        |
| time/                   |             |
|    fps                  | 311         |
|    iterations           | 184         |
|    time_elapsed         | 1209        |
|    total_timesteps      | 376832      |
| train/                  |             |
|    approx_kl            | 0.010689924 |
|    clip_fraction        | 0.119       |
|    clip_range           | 0.2         |
|    entropy_loss         | -16.1       |
|    explained_variance   | 0.997       |
|    learning_rate        | 7.59e-05    |
|    loss                 | 0.232       |
|    n_updates            | 1438        |
|    policy_gradient_loss | -0.00769    |
|    std                  | 0.932       |
|    value_loss           | 1.07        |
-----------------------------------------
-----------------------------------------
| rollout/                |             |
|    ep_len_mean          | 8.93e+03    |
|    ep_rew_mean          | -734        |
| time/                   |             |
|    fps                  | 311         |
|    iterations           | 185         |
|    time_elapsed         | 1215        |
|    total_timesteps      | 378880      |
| train/                  |             |
|    approx_kl            | 0.008990409 |
|    clip_fraction        | 0.0947      |
|    clip_range           | 0.2         |
|    entropy_loss         | -16.2       |
|    explained_variance   | 1           |
|    learning_rate        | 7.47e-05    |
|    loss                 | 3.46        |
|    n_updates            | 1448        |
|    policy_gradient_loss | -0.0113     |
|    std                  | 0.932       |
|    value_loss           | 22.4        |
-----------------------------------------
-----------------------------------------
| rollout/                |             |
|    ep_len_mean          | 8.93e+03    |
|    ep_rew_mean          | -734        |
| time/                   |             |
|    fps                  | 311         |
|    iterations           | 186         |
|    time_elapsed         | 1224        |
|    total_timesteps      | 380928      |
| train/                  |             |
|    approx_kl            | 0.008597786 |
|    clip_fraction        | 0.0744      |
|    clip_range           | 0.2         |
|    entropy_loss         | -16.2       |
|    explained_variance   | 0.0156      |
|    learning_rate        | 7.35e-05    |
|    loss                 | 13.8        |
|    n_updates            | 1458        |
|    policy_gradient_loss | -0.0115     |
|    std                  | 0.931       |
|    value_loss           | 58.4        |
-----------------------------------------
----------------------------------------
| rollout/                |            |
|    ep_len_mean          | 8.93e+03   |
|    ep_rew_mean          | -734       |
| time/                   |            |
|    fps                  | 310        |
|    iterations           | 187        |
|    time_elapsed         | 1234       |
|    total_timesteps      | 382976     |
| train/                  |            |
|    approx_kl            | 0.00592243 |
|    clip_fraction        | 0.0434     |
|    clip_range           | 0.2        |
|    entropy_loss         | -16.1      |
|    explained_variance   | 0.991      |
|    learning_rate        | 7.22e-05   |
|    loss                 | 3.64       |
|    n_updates            | 1468       |
|    policy_gradient_loss | -0.00653   |
|    std                  | 0.931      |
|    value_loss           | 14.6       |
----------------------------------------
-----------------------------------------
| rollout/                |             |
|    ep_len_mean          | 8.93e+03    |
|    ep_rew_mean          | -733        |
| time/                   |             |
|    fps                  | 309         |
|    iterations           | 188         |
|    time_elapsed         | 1242        |
|    total_timesteps      | 385024      |
| train/                  |             |
|    approx_kl            | 0.010560283 |
|    clip_fraction        | 0.124       |
|    clip_range           | 0.2         |
|    entropy_loss         | -16.1       |
|    explained_variance   | 0.994       |
|    learning_rate        | 7.1e-05     |
|    loss                 | 0.232       |
|    n_updates            | 1478        |
|    policy_gradient_loss | -0.0104     |
|    std                  | 0.93        |
|    value_loss           | 2.16        |
-----------------------------------------
-----------------------------------------
| rollout/                |             |
|    ep_len_mean          | 8.93e+03    |
|    ep_rew_mean          | -733        |
| time/                   |             |
|    fps                  | 308         |
|    iterations           | 189         |
|    time_elapsed         | 1253        |
|    total_timesteps      | 387072      |
| train/                  |             |
|    approx_kl            | 0.010350092 |
|    clip_fraction        | 0.106       |
|    clip_range           | 0.2         |
|    entropy_loss         | -16.1       |
|    explained_variance   | 1           |
|    learning_rate        | 6.98e-05    |
|    loss                 | 3.53        |
|    n_updates            | 1488        |
|    policy_gradient_loss | -0.0136     |
|    std                  | 0.929       |
|    value_loss           | 13          |
-----------------------------------------
----------------------------------------
| rollout/                |            |
|    ep_len_mean          | 8.93e+03   |
|    ep_rew_mean          | -733       |
| time/                   |            |
|    fps                  | 308        |
|    iterations           | 190        |
|    time_elapsed         | 1262       |
|    total_timesteps      | 389120     |
| train/                  |            |
|    approx_kl            | 0.00663102 |
|    clip_fraction        | 0.0493     |
|    clip_range           | 0.2        |
|    entropy_loss         | -16.1      |
|    explained_variance   | 0.000196   |
|    learning_rate        | 6.86e-05   |
|    loss                 | 16.2       |
|    n_updates            | 1498       |
|    policy_gradient_loss | -0.00726   |
|    std                  | 0.928      |
|    value_loss           | 55.5       |
----------------------------------------
-----------------------------------------
| rollout/                |             |
|    ep_len_mean          | 8.93e+03    |
|    ep_rew_mean          | -733        |
| time/                   |             |
|    fps                  | 308         |
|    iterations           | 191         |
|    time_elapsed         | 1269        |
|    total_timesteps      | 391168      |
| train/                  |             |
|    approx_kl            | 0.006592745 |
|    clip_fraction        | 0.048       |
|    clip_range           | 0.2         |
|    entropy_loss         | -16.1       |
|    explained_variance   | 0.972       |
|    learning_rate        | 6.73e-05    |
|    loss                 | 8.68        |
|    n_updates            | 1508        |
|    policy_gradient_loss | -0.00821    |
|    std                  | 0.928       |
|    value_loss           | 24.3        |
-----------------------------------------
----------------------------------------
| rollout/                |            |
|    ep_len_mean          | 8.93e+03   |
|    ep_rew_mean          | -733       |
| time/                   |            |
|    fps                  | 307        |
|    iterations           | 192        |
|    time_elapsed         | 1277       |
|    total_timesteps      | 393216     |
| train/                  |            |
|    approx_kl            | 0.00614398 |
|    clip_fraction        | 0.0406     |
|    clip_range           | 0.2        |
|    entropy_loss         | -16.1      |
|    explained_variance   | 0.997      |
|    learning_rate        | 6.61e-05   |
|    loss                 | 0.613      |
|    n_updates            | 1518       |
|    policy_gradient_loss | -0.00353   |
|    std                  | 0.929      |
|    value_loss           | 6.52       |
----------------------------------------
-----------------------------------------
| rollout/                |             |
|    ep_len_mean          | 8.93e+03    |
|    ep_rew_mean          | -733        |
| time/                   |             |
|    fps                  | 307         |
|    iterations           | 193         |
|    time_elapsed         | 1285        |
|    total_timesteps      | 395264      |
| train/                  |             |
|    approx_kl            | 0.008563566 |
|    clip_fraction        | 0.0975      |
|    clip_range           | 0.2         |
|    entropy_loss         | -16.1       |
|    explained_variance   | 1           |
|    learning_rate        | 6.49e-05    |
|    loss                 | 1.97        |
|    n_updates            | 1528        |
|    policy_gradient_loss | -0.013      |
|    std                  | 0.928       |
|    value_loss           | 6.98        |
-----------------------------------------
-----------------------------------------
| rollout/                |             |
|    ep_len_mean          | 8.93e+03    |
|    ep_rew_mean          | -733        |
| time/                   |             |
|    fps                  | 307         |
|    iterations           | 194         |
|    time_elapsed         | 1292        |
|    total_timesteps      | 397312      |
| train/                  |             |
|    approx_kl            | 0.010121198 |
|    clip_fraction        | 0.102       |
|    clip_range           | 0.2         |
|    entropy_loss         | -16.1       |
|    explained_variance   | 5.04e-05    |
|    learning_rate        | 6.37e-05    |
|    loss                 | 7.88        |
|    n_updates            | 1538        |
|    policy_gradient_loss | -0.0127     |
|    std                  | 0.928       |
|    value_loss           | 38          |
-----------------------------------------
-----------------------------------------
| rollout/                |             |
|    ep_len_mean          | 8.93e+03    |
|    ep_rew_mean          | -733        |
| time/                   |             |
|    fps                  | 307         |
|    iterations           | 195         |
|    time_elapsed         | 1299        |
|    total_timesteps      | 399360      |
| train/                  |             |
|    approx_kl            | 0.007093385 |
|    clip_fraction        | 0.0671      |
|    clip_range           | 0.2         |
|    entropy_loss         | -16.1       |
|    explained_variance   | 0.837       |
|    learning_rate        | 6.24e-05    |
|    loss                 | 13.4        |
|    n_updates            | 1548        |
|    policy_gradient_loss | -0.0117     |
|    std                  | 0.928       |
|    value_loss           | 43.7        |
-----------------------------------------
-----------------------------------------
| rollout/                |             |
|    ep_len_mean          | 8.93e+03    |
|    ep_rew_mean          | -733        |
| time/                   |             |
|    fps                  | 307         |
|    iterations           | 196         |
|    time_elapsed         | 1307        |
|    total_timesteps      | 401408      |
| train/                  |             |
|    approx_kl            | 0.007965894 |
|    clip_fraction        | 0.0537      |
|    clip_range           | 0.2         |
|    entropy_loss         | -16.1       |
|    explained_variance   | 0.999       |
|    learning_rate        | 6.12e-05    |
|    loss                 | 0.894       |
|    n_updates            | 1558        |
|    policy_gradient_loss | -0.0092     |
|    std                  | 0.928       |
|    value_loss           | 5.97        |
-----------------------------------------
------------------------------------------
| rollout/                |              |
|    ep_len_mean          | 8.93e+03     |
|    ep_rew_mean          | -733         |
| time/                   |              |
|    fps                  | 306          |
|    iterations           | 197          |
|    time_elapsed         | 1315         |
|    total_timesteps      | 403456       |
| train/                  |              |
|    approx_kl            | 0.0073763523 |
|    clip_fraction        | 0.1          |
|    clip_range           | 0.2          |
|    entropy_loss         | -16.1        |
|    explained_variance   | 0.997        |
|    learning_rate        | 6e-05        |
|    loss                 | 0.227        |
|    n_updates            | 1568         |
|    policy_gradient_loss | -0.012       |
|    std                  | 0.928        |
|    value_loss           | 0.893        |
------------------------------------------
------------------------------------------
| rollout/                |              |
|    ep_len_mean          | 8.93e+03     |
|    ep_rew_mean          | -733         |
| time/                   |              |
|    fps                  | 306          |
|    iterations           | 198          |
|    time_elapsed         | 1323         |
|    total_timesteps      | 405504       |
| train/                  |              |
|    approx_kl            | 0.0090291295 |
|    clip_fraction        | 0.0858       |
|    clip_range           | 0.2          |
|    entropy_loss         | -16.1        |
|    explained_variance   | 1            |
|    learning_rate        | 5.88e-05     |
|    loss                 | 5.19         |
|    n_updates            | 1578         |
|    policy_gradient_loss | -0.0109      |
|    std                  | 0.928        |
|    value_loss           | 22.1         |
------------------------------------------
------------------------------------------
| rollout/                |              |
|    ep_len_mean          | 8.93e+03     |
|    ep_rew_mean          | -733         |
| time/                   |              |
|    fps                  | 305          |
|    iterations           | 199          |
|    time_elapsed         | 1331         |
|    total_timesteps      | 407552       |
| train/                  |              |
|    approx_kl            | 0.0060574105 |
|    clip_fraction        | 0.0454       |
|    clip_range           | 0.2          |
|    entropy_loss         | -16.1        |
|    explained_variance   | 0.0335       |
|    learning_rate        | 5.76e-05     |
|    loss                 | 21.7         |
|    n_updates            | 1588         |
|    policy_gradient_loss | -0.0073      |
|    std                  | 0.927        |
|    value_loss           | 63.9         |
------------------------------------------
-----------------------------------------
| rollout/                |             |
|    ep_len_mean          | 8.93e+03    |
|    ep_rew_mean          | -733        |
| time/                   |             |
|    fps                  | 305         |
|    iterations           | 200         |
|    time_elapsed         | 1339        |
|    total_timesteps      | 409600      |
| train/                  |             |
|    approx_kl            | 0.006036848 |
|    clip_fraction        | 0.0444      |
|    clip_range           | 0.2         |
|    entropy_loss         | -16.1       |
|    explained_variance   | 0.993       |
|    learning_rate        | 5.63e-05    |
|    loss                 | 2.22        |
|    n_updates            | 1598        |
|    policy_gradient_loss | -0.00513    |
|    std                  | 0.926       |
|    value_loss           | 10.7        |
-----------------------------------------
------------------------------------------
| rollout/                |              |
|    ep_len_mean          | 8.93e+03     |
|    ep_rew_mean          | -733         |
| time/                   |              |
|    fps                  | 305          |
|    iterations           | 201          |
|    time_elapsed         | 1347         |
|    total_timesteps      | 411648       |
| train/                  |              |
|    approx_kl            | 0.0070745274 |
|    clip_fraction        | 0.0741       |
|    clip_range           | 0.2          |
|    entropy_loss         | -16.1        |
|    explained_variance   | 0.996        |
|    learning_rate        | 5.51e-05     |
|    loss                 | 0.304        |
|    n_updates            | 1608         |
|    policy_gradient_loss | -0.00819     |
|    std                  | 0.927        |
|    value_loss           | 2.04         |
------------------------------------------
-----------------------------------------
| rollout/                |             |
|    ep_len_mean          | 8.93e+03    |
|    ep_rew_mean          | -733        |
| time/                   |             |
|    fps                  | 305         |
|    iterations           | 202         |
|    time_elapsed         | 1354        |
|    total_timesteps      | 413696      |
| train/                  |             |
|    approx_kl            | 0.007854221 |
|    clip_fraction        | 0.0723      |
|    clip_range           | 0.2         |
|    entropy_loss         | -16.1       |
|    explained_variance   | 1           |
|    learning_rate        | 5.39e-05    |
|    loss                 | 3.92        |
|    n_updates            | 1618        |
|    policy_gradient_loss | -0.00973    |
|    std                  | 0.927       |
|    value_loss           | 13.4        |
-----------------------------------------
------------------------------------------
| rollout/                |              |
|    ep_len_mean          | 8.93e+03     |
|    ep_rew_mean          | -733         |
| time/                   |              |
|    fps                  | 305          |
|    iterations           | 203          |
|    time_elapsed         | 1361         |
|    total_timesteps      | 415744       |
| train/                  |              |
|    approx_kl            | 0.0061123054 |
|    clip_fraction        | 0.0444       |
|    clip_range           | 0.2          |
|    entropy_loss         | -16.1        |
|    explained_variance   | 0.000216     |
|    learning_rate        | 5.27e-05     |
|    loss                 | 20.5         |
|    n_updates            | 1628         |
|    policy_gradient_loss | -0.00823     |
|    std                  | 0.926        |
|    value_loss           | 63.7         |
------------------------------------------
-----------------------------------------
| rollout/                |             |
|    ep_len_mean          | 8.93e+03    |
|    ep_rew_mean          | -733        |
| time/                   |             |
|    fps                  | 305         |
|    iterations           | 204         |
|    time_elapsed         | 1369        |
|    total_timesteps      | 417792      |
| train/                  |             |
|    approx_kl            | 0.005696265 |
|    clip_fraction        | 0.0593      |
|    clip_range           | 0.2         |
|    entropy_loss         | -16.1       |
|    explained_variance   | 0.978       |
|    learning_rate        | 5.14e-05    |
|    loss                 | 8.13        |
|    n_updates            | 1638        |
|    policy_gradient_loss | -0.0092     |
|    std                  | 0.926       |
|    value_loss           | 26.1        |
-----------------------------------------
-----------------------------------------
| rollout/                |             |
|    ep_len_mean          | 8.93e+03    |
|    ep_rew_mean          | -733        |
| time/                   |             |
|    fps                  | 304         |
|    iterations           | 205         |
|    time_elapsed         | 1378        |
|    total_timesteps      | 419840      |
| train/                  |             |
|    approx_kl            | 0.007148923 |
|    clip_fraction        | 0.0602      |
|    clip_range           | 0.2         |
|    entropy_loss         | -16.1       |
|    explained_variance   | 0.998       |
|    learning_rate        | 5.02e-05    |
|    loss                 | 0.324       |
|    n_updates            | 1648        |
|    policy_gradient_loss | -0.00784    |
|    std                  | 0.926       |
|    value_loss           | 3.98        |
-----------------------------------------
-----------------------------------------
| rollout/                |             |
|    ep_len_mean          | 8.93e+03    |
|    ep_rew_mean          | -733        |
| time/                   |             |
|    fps                  | 304         |
|    iterations           | 206         |
|    time_elapsed         | 1386        |
|    total_timesteps      | 421888      |
| train/                  |             |
|    approx_kl            | 0.009277923 |
|    clip_fraction        | 0.0775      |
|    clip_range           | 0.2         |
|    entropy_loss         | -16.1       |
|    explained_variance   | 1           |
|    learning_rate        | 4.9e-05     |
|    loss                 | 0.508       |
|    n_updates            | 1658        |
|    policy_gradient_loss | -0.0125     |
|    std                  | 0.925       |
|    value_loss           | 2.06        |
-----------------------------------------
------------------------------------------
| rollout/                |              |
|    ep_len_mean          | 8.93e+03     |
|    ep_rew_mean          | -733         |
| time/                   |              |
|    fps                  | 303          |
|    iterations           | 207          |
|    time_elapsed         | 1394         |
|    total_timesteps      | 423936       |
| train/                  |              |
|    approx_kl            | 0.0076833824 |
|    clip_fraction        | 0.0759       |
|    clip_range           | 0.2          |
|    entropy_loss         | -16.1        |
|    explained_variance   | 4.97e-05     |
|    learning_rate        | 4.78e-05     |
|    loss                 | 7.28         |
|    n_updates            | 1668         |
|    policy_gradient_loss | -0.00963     |
|    std                  | 0.925        |
|    value_loss           | 32.9         |
------------------------------------------
------------------------------------------
| rollout/                |              |
|    ep_len_mean          | 8.93e+03     |
|    ep_rew_mean          | -733         |
| time/                   |              |
|    fps                  | 303          |
|    iterations           | 208          |
|    time_elapsed         | 1403         |
|    total_timesteps      | 425984       |
| train/                  |              |
|    approx_kl            | 0.0070610475 |
|    clip_fraction        | 0.0542       |
|    clip_range           | 0.2          |
|    entropy_loss         | -16.1        |
|    explained_variance   | 0.84         |
|    learning_rate        | 4.65e-05     |
|    loss                 | 19.7         |
|    n_updates            | 1678         |
|    policy_gradient_loss | -0.00837     |
|    std                  | 0.924        |
|    value_loss           | 49.5         |
------------------------------------------
-----------------------------------------
| rollout/                |             |
|    ep_len_mean          | 8.93e+03    |
|    ep_rew_mean          | -733        |
| time/                   |             |
|    fps                  | 303         |
|    iterations           | 209         |
|    time_elapsed         | 1411        |
|    total_timesteps      | 428032      |
| train/                  |             |
|    approx_kl            | 0.008598401 |
|    clip_fraction        | 0.0452      |
|    clip_range           | 0.2         |
|    entropy_loss         | -16.1       |
|    explained_variance   | 0.998       |
|    learning_rate        | 4.53e-05    |
|    loss                 | 0.562       |
|    n_updates            | 1688        |
|    policy_gradient_loss | -0.00552    |
|    std                  | 0.925       |
|    value_loss           | 6.94        |
-----------------------------------------
-----------------------------------------
| rollout/                |             |
|    ep_len_mean          | 8.93e+03    |
|    ep_rew_mean          | -733        |
| time/                   |             |
|    fps                  | 303         |
|    iterations           | 210         |
|    time_elapsed         | 1418        |
|    total_timesteps      | 430080      |
| train/                  |             |
|    approx_kl            | 0.009235766 |
|    clip_fraction        | 0.0775      |
|    clip_range           | 0.2         |
|    entropy_loss         | -16.1       |
|    explained_variance   | 0.997       |
|    learning_rate        | 4.41e-05    |
|    loss                 | 0.193       |
|    n_updates            | 1698        |
|    policy_gradient_loss | -0.00755    |
|    std                  | 0.924       |
|    value_loss           | 0.808       |
-----------------------------------------
-----------------------------------------
| rollout/                |             |
|    ep_len_mean          | 8.93e+03    |
|    ep_rew_mean          | -733        |
| time/                   |             |
|    fps                  | 302         |
|    iterations           | 211         |
|    time_elapsed         | 1426        |
|    total_timesteps      | 432128      |
| train/                  |             |
|    approx_kl            | 0.006569233 |
|    clip_fraction        | 0.0614      |
|    clip_range           | 0.2         |
|    entropy_loss         | -16.1       |
|    explained_variance   | 1           |
|    learning_rate        | 4.29e-05    |
|    loss                 | 6.72        |
|    n_updates            | 1708        |
|    policy_gradient_loss | -0.00871    |
|    std                  | 0.925       |
|    value_loss           | 22.3        |
-----------------------------------------
------------------------------------------
| rollout/                |              |
|    ep_len_mean          | 8.93e+03     |
|    ep_rew_mean          | -733         |
| time/                   |              |
|    fps                  | 302          |
|    iterations           | 212          |
|    time_elapsed         | 1434         |
|    total_timesteps      | 434176       |
| train/                  |              |
|    approx_kl            | 0.0065261787 |
|    clip_fraction        | 0.0453       |
|    clip_range           | 0.2          |
|    entropy_loss         | -16.1        |
|    explained_variance   | 0.043        |
|    learning_rate        | 4.16e-05     |
|    loss                 | 22.6         |
|    n_updates            | 1718         |
|    policy_gradient_loss | -0.00861     |
|    std                  | 0.925        |
|    value_loss           | 68.1         |
------------------------------------------
------------------------------------------
| rollout/                |              |
|    ep_len_mean          | 8.93e+03     |
|    ep_rew_mean          | -733         |
| time/                   |              |
|    fps                  | 301          |
|    iterations           | 213          |
|    time_elapsed         | 1444         |
|    total_timesteps      | 436224       |
| train/                  |              |
|    approx_kl            | 0.0075406446 |
|    clip_fraction        | 0.0409       |
|    clip_range           | 0.2          |
|    entropy_loss         | -16.1        |
|    explained_variance   | 0.995        |
|    learning_rate        | 4.04e-05     |
|    loss                 | 3.43         |
|    n_updates            | 1728         |
|    policy_gradient_loss | -0.00595     |
|    std                  | 0.925        |
|    value_loss           | 9.36         |
------------------------------------------
-----------------------------------------
| rollout/                |             |
|    ep_len_mean          | 8.93e+03    |
|    ep_rew_mean          | -732        |
| time/                   |             |
|    fps                  | 301         |
|    iterations           | 214         |
|    time_elapsed         | 1453        |
|    total_timesteps      | 438272      |
| train/                  |             |
|    approx_kl            | 0.006734239 |
|    clip_fraction        | 0.0605      |
|    clip_range           | 0.2         |
|    entropy_loss         | -16.1       |
|    explained_variance   | 0.997       |
|    learning_rate        | 3.92e-05    |
|    loss                 | 0.191       |
|    n_updates            | 1738        |
|    policy_gradient_loss | -0.00589    |
|    std                  | 0.925       |
|    value_loss           | 1.54        |
-----------------------------------------
------------------------------------------
| rollout/                |              |
|    ep_len_mean          | 8.93e+03     |
|    ep_rew_mean          | -732         |
| time/                   |              |
|    fps                  | 301          |
|    iterations           | 215          |
|    time_elapsed         | 1460         |
|    total_timesteps      | 440320       |
| train/                  |              |
|    approx_kl            | 0.0065904865 |
|    clip_fraction        | 0.0655       |
|    clip_range           | 0.2          |
|    entropy_loss         | -16.1        |
|    explained_variance   | 1            |
|    learning_rate        | 3.8e-05      |
|    loss                 | 4.2          |
|    n_updates            | 1748         |
|    policy_gradient_loss | -0.00925     |
|    std                  | 0.925        |
|    value_loss           | 11.1         |
------------------------------------------
------------------------------------------
| rollout/                |              |
|    ep_len_mean          | 8.93e+03     |
|    ep_rew_mean          | -732         |
| time/                   |              |
|    fps                  | 301          |
|    iterations           | 216          |
|    time_elapsed         | 1468         |
|    total_timesteps      | 442368       |
| train/                  |              |
|    approx_kl            | 0.0066516297 |
|    clip_fraction        | 0.0352       |
|    clip_range           | 0.2          |
|    entropy_loss         | -16.1        |
|    explained_variance   | 0.00011      |
|    learning_rate        | 3.67e-05     |
|    loss                 | 22.9         |
|    n_updates            | 1758         |
|    policy_gradient_loss | -0.00839     |
|    std                  | 0.925        |
|    value_loss           | 62.6         |
------------------------------------------
------------------------------------------
| rollout/                |              |
|    ep_len_mean          | 8.93e+03     |
|    ep_rew_mean          | -732         |
| time/                   |              |
|    fps                  | 301          |
|    iterations           | 217          |
|    time_elapsed         | 1475         |
|    total_timesteps      | 444416       |
| train/                  |              |
|    approx_kl            | 0.0076601207 |
|    clip_fraction        | 0.0557       |
|    clip_range           | 0.2          |
|    entropy_loss         | -16.1        |
|    explained_variance   | 0.981        |
|    learning_rate        | 3.55e-05     |
|    loss                 | 8.01         |
|    n_updates            | 1768         |
|    policy_gradient_loss | -0.00878     |
|    std                  | 0.925        |
|    value_loss           | 23.9         |
------------------------------------------
-----------------------------------------
| rollout/                |             |
|    ep_len_mean          | 8.93e+03    |
|    ep_rew_mean          | -732        |
| time/                   |             |
|    fps                  | 300         |
|    iterations           | 218         |
|    time_elapsed         | 1483        |
|    total_timesteps      | 446464      |
| train/                  |             |
|    approx_kl            | 0.005661483 |
|    clip_fraction        | 0.0379      |
|    clip_range           | 0.2         |
|    entropy_loss         | -16.1       |
|    explained_variance   | 0.997       |
|    learning_rate        | 3.43e-05    |
|    loss                 | 0.383       |
|    n_updates            | 1778        |
|    policy_gradient_loss | -0.00652    |
|    std                  | 0.925       |
|    value_loss           | 5.49        |
-----------------------------------------
----------------------------------------
| rollout/                |            |
|    ep_len_mean          | 8.93e+03   |
|    ep_rew_mean          | -732       |
| time/                   |            |
|    fps                  | 300        |
|    iterations           | 219        |
|    time_elapsed         | 1491       |
|    total_timesteps      | 448512     |
| train/                  |            |
|    approx_kl            | 0.00794266 |
|    clip_fraction        | 0.0795     |
|    clip_range           | 0.2        |
|    entropy_loss         | -16.1      |
|    explained_variance   | 1          |
|    learning_rate        | 3.31e-05   |
|    loss                 | 0.288      |
|    n_updates            | 1788       |
|    policy_gradient_loss | -0.0122    |
|    std                  | 0.925      |
|    value_loss           | 0.824      |
----------------------------------------
------------------------------------------
| rollout/                |              |
|    ep_len_mean          | 8.93e+03     |
|    ep_rew_mean          | -732         |
| time/                   |              |
|    fps                  | 300          |
|    iterations           | 220          |
|    time_elapsed         | 1500         |
|    total_timesteps      | 450560       |
| train/                  |              |
|    approx_kl            | 0.0052195215 |
|    clip_fraction        | 0.0251       |
|    clip_range           | 0.2          |
|    entropy_loss         | -16.1        |
|    explained_variance   | 3.56e-05     |
|    learning_rate        | 3.18e-05     |
|    loss                 | 11.3         |
|    n_updates            | 1798         |
|    policy_gradient_loss | -0.00696     |
|    std                  | 0.924        |
|    value_loss           | 39.2         |
------------------------------------------
-----------------------------------------
| rollout/                |             |
|    ep_len_mean          | 8.93e+03    |
|    ep_rew_mean          | -732        |
| time/                   |             |
|    fps                  | 300         |
|    iterations           | 221         |
|    time_elapsed         | 1508        |
|    total_timesteps      | 452608      |
| train/                  |             |
|    approx_kl            | 0.005860116 |
|    clip_fraction        | 0.0331      |
|    clip_range           | 0.2         |
|    entropy_loss         | -16.1       |
|    explained_variance   | 0.87        |
|    learning_rate        | 3.06e-05    |
|    loss                 | 26.7        |
|    n_updates            | 1808        |
|    policy_gradient_loss | -0.00762    |
|    std                  | 0.924       |
|    value_loss           | 59.9        |
-----------------------------------------
------------------------------------------
| rollout/                |              |
|    ep_len_mean          | 8.93e+03     |
|    ep_rew_mean          | -732         |
| time/                   |              |
|    fps                  | 299          |
|    iterations           | 222          |
|    time_elapsed         | 1516         |
|    total_timesteps      | 454656       |
| train/                  |              |
|    approx_kl            | 0.0055293418 |
|    clip_fraction        | 0.0194       |
|    clip_range           | 0.2          |
|    entropy_loss         | -16.1        |
|    explained_variance   | 0.999        |
|    learning_rate        | 2.94e-05     |
|    loss                 | 0.652        |
|    n_updates            | 1818         |
|    policy_gradient_loss | -0.00476     |
|    std                  | 0.924        |
|    value_loss           | 7.11         |
------------------------------------------
-----------------------------------------
| rollout/                |             |
|    ep_len_mean          | 8.93e+03    |
|    ep_rew_mean          | -732        |
| time/                   |             |
|    fps                  | 299         |
|    iterations           | 223         |
|    time_elapsed         | 1523        |
|    total_timesteps      | 456704      |
| train/                  |             |
|    approx_kl            | 0.006849304 |
|    clip_fraction        | 0.0704      |
|    clip_range           | 0.2         |
|    entropy_loss         | -16.1       |
|    explained_variance   | 0.998       |
|    learning_rate        | 2.82e-05    |
|    loss                 | 0.142       |
|    n_updates            | 1828        |
|    policy_gradient_loss | -0.00816    |
|    std                  | 0.925       |
|    value_loss           | 0.508       |
-----------------------------------------
------------------------------------------
| rollout/                |              |
|    ep_len_mean          | 8.93e+03     |
|    ep_rew_mean          | -732         |
| time/                   |              |
|    fps                  | 299          |
|    iterations           | 224          |
|    time_elapsed         | 1531         |
|    total_timesteps      | 458752       |
| train/                  |              |
|    approx_kl            | 0.0071207695 |
|    clip_fraction        | 0.0437       |
|    clip_range           | 0.2          |
|    entropy_loss         | -16.1        |
|    explained_variance   | 1            |
|    learning_rate        | 2.69e-05     |
|    loss                 | 7.43         |
|    n_updates            | 1838         |
|    policy_gradient_loss | -0.00786     |
|    std                  | 0.925        |
|    value_loss           | 20.7         |
------------------------------------------
------------------------------------------
| rollout/                |              |
|    ep_len_mean          | 8.93e+03     |
|    ep_rew_mean          | -732         |
| time/                   |              |
|    fps                  | 299          |
|    iterations           | 225          |
|    time_elapsed         | 1538         |
|    total_timesteps      | 460800       |
| train/                  |              |
|    approx_kl            | 0.0050858725 |
|    clip_fraction        | 0.0169       |
|    clip_range           | 0.2          |
|    entropy_loss         | -16.1        |
|    explained_variance   | 0.047        |
|    learning_rate        | 2.57e-05     |
|    loss                 | 33           |
|    n_updates            | 1848         |
|    policy_gradient_loss | -0.00607     |
|    std                  | 0.924        |
|    value_loss           | 76.8         |
------------------------------------------
------------------------------------------
| rollout/                |              |
|    ep_len_mean          | 8.93e+03     |
|    ep_rew_mean          | -732         |
| time/                   |              |
|    fps                  | 299          |
|    iterations           | 226          |
|    time_elapsed         | 1545         |
|    total_timesteps      | 462848       |
| train/                  |              |
|    approx_kl            | 0.0030432225 |
|    clip_fraction        | 0.00483      |
|    clip_range           | 0.2          |
|    entropy_loss         | -16.1        |
|    explained_variance   | 0.995        |
|    learning_rate        | 2.45e-05     |
|    loss                 | 1.89         |
|    n_updates            | 1858         |
|    policy_gradient_loss | -0.00252     |
|    std                  | 0.924        |
|    value_loss           | 9.35         |
------------------------------------------
------------------------------------------
| rollout/                |              |
|    ep_len_mean          | 8.93e+03     |
|    ep_rew_mean          | -732         |
| time/                   |              |
|    fps                  | 299          |
|    iterations           | 227          |
|    time_elapsed         | 1553         |
|    total_timesteps      | 464896       |
| train/                  |              |
|    approx_kl            | 0.0064778184 |
|    clip_fraction        | 0.0383       |
|    clip_range           | 0.2          |
|    entropy_loss         | -16.1        |
|    explained_variance   | 0.997        |
|    learning_rate        | 2.33e-05     |
|    loss                 | 0.196        |
|    n_updates            | 1868         |
|    policy_gradient_loss | -0.00718     |
|    std                  | 0.925        |
|    value_loss           | 2.02         |
------------------------------------------
------------------------------------------
| rollout/                |              |
|    ep_len_mean          | 8.93e+03     |
|    ep_rew_mean          | -732         |
| time/                   |              |
|    fps                  | 299          |
|    iterations           | 228          |
|    time_elapsed         | 1561         |
|    total_timesteps      | 466944       |
| train/                  |              |
|    approx_kl            | 0.0068755327 |
|    clip_fraction        | 0.0473       |
|    clip_range           | 0.2          |
|    entropy_loss         | -16.1        |
|    explained_variance   | 1            |
|    learning_rate        | 2.2e-05      |
|    loss                 | 4.38         |
|    n_updates            | 1878         |
|    policy_gradient_loss | -0.00884     |
|    std                  | 0.925        |
|    value_loss           | 11.9         |
------------------------------------------
------------------------------------------
| rollout/                |              |
|    ep_len_mean          | 8.93e+03     |
|    ep_rew_mean          | -732         |
| time/                   |              |
|    fps                  | 298          |
|    iterations           | 229          |
|    time_elapsed         | 1568         |
|    total_timesteps      | 468992       |
| train/                  |              |
|    approx_kl            | 0.0035305691 |
|    clip_fraction        | 0.0121       |
|    clip_range           | 0.2          |
|    entropy_loss         | -16.1        |
|    explained_variance   | 0.000107     |
|    learning_rate        | 2.08e-05     |
|    loss                 | 32.2         |
|    n_updates            | 1888         |
|    policy_gradient_loss | -0.00473     |
|    std                  | 0.924        |
|    value_loss           | 70.3         |
------------------------------------------
------------------------------------------
| rollout/                |              |
|    ep_len_mean          | 8.93e+03     |
|    ep_rew_mean          | -732         |
| time/                   |              |
|    fps                  | 299          |
|    iterations           | 230          |
|    time_elapsed         | 1575         |
|    total_timesteps      | 471040       |
| train/                  |              |
|    approx_kl            | 0.0042081745 |
|    clip_fraction        | 0.00684      |
|    clip_range           | 0.2          |
|    entropy_loss         | -16.1        |
|    explained_variance   | 0.98         |
|    learning_rate        | 1.96e-05     |
|    loss                 | 16           |
|    n_updates            | 1898         |
|    policy_gradient_loss | -0.0038      |
|    std                  | 0.924        |
|    value_loss           | 31.8         |
------------------------------------------
-----------------------------------------
| rollout/                |             |
|    ep_len_mean          | 8.93e+03    |
|    ep_rew_mean          | -732        |
| time/                   |             |
|    fps                  | 299         |
|    iterations           | 231         |
|    time_elapsed         | 1580        |
|    total_timesteps      | 473088      |
| train/                  |             |
|    approx_kl            | 0.004851693 |
|    clip_fraction        | 0.0181      |
|    clip_range           | 0.2         |
|    entropy_loss         | -16.1       |
|    explained_variance   | 0.996       |
|    learning_rate        | 1.84e-05    |
|    loss                 | 0.336       |
|    n_updates            | 1908        |
|    policy_gradient_loss | -0.00586    |
|    std                  | 0.924       |
|    value_loss           | 5.9         |
-----------------------------------------
-----------------------------------------
| rollout/                |             |
|    ep_len_mean          | 8.93e+03    |
|    ep_rew_mean          | -732        |
| time/                   |             |
|    fps                  | 299         |
|    iterations           | 232         |
|    time_elapsed         | 1586        |
|    total_timesteps      | 475136      |
| train/                  |             |
|    approx_kl            | 0.007159975 |
|    clip_fraction        | 0.0691      |
|    clip_range           | 0.2         |
|    entropy_loss         | -16.1       |
|    explained_variance   | 0.999       |
|    learning_rate        | 1.71e-05    |
|    loss                 | 0.229       |
|    n_updates            | 1918        |
|    policy_gradient_loss | -0.0116     |
|    std                  | 0.924       |
|    value_loss           | 0.641       |
-----------------------------------------
------------------------------------------
| rollout/                |              |
|    ep_len_mean          | 8.93e+03     |
|    ep_rew_mean          | -732         |
| time/                   |              |
|    fps                  | 299          |
|    iterations           | 233          |
|    time_elapsed         | 1592         |
|    total_timesteps      | 477184       |
| train/                  |              |
|    approx_kl            | 0.0036201035 |
|    clip_fraction        | 0.00767      |
|    clip_range           | 0.2          |
|    entropy_loss         | -16.1        |
|    explained_variance   | 1            |
|    learning_rate        | 1.59e-05     |
|    loss                 | 16.2         |
|    n_updates            | 1928         |
|    policy_gradient_loss | -0.00348     |
|    std                  | 0.924        |
|    value_loss           | 40.1         |
------------------------------------------
-----------------------------------------
| rollout/                |             |
|    ep_len_mean          | 8.93e+03    |
|    ep_rew_mean          | -732        |
| time/                   |             |
|    fps                  | 299         |
|    iterations           | 234         |
|    time_elapsed         | 1598        |
|    total_timesteps      | 479232      |
| train/                  |             |
|    approx_kl            | 0.004309531 |
|    clip_fraction        | 0.0138      |
|    clip_range           | 0.2         |
|    entropy_loss         | -16.1       |
|    explained_variance   | 0.867       |
|    learning_rate        | 1.47e-05    |
|    loss                 | 36.5        |
|    n_updates            | 1938        |
|    policy_gradient_loss | -0.00456    |
|    std                  | 0.924       |
|    value_loss           | 70.6        |
-----------------------------------------
------------------------------------------
| rollout/                |              |
|    ep_len_mean          | 8.93e+03     |
|    ep_rew_mean          | -732         |
| time/                   |              |
|    fps                  | 299          |
|    iterations           | 235          |
|    time_elapsed         | 1605         |
|    total_timesteps      | 481280       |
| train/                  |              |
|    approx_kl            | 0.0045798756 |
|    clip_fraction        | 0.0157       |
|    clip_range           | 0.2          |
|    entropy_loss         | -16.1        |
|    explained_variance   | 0.999        |
|    learning_rate        | 1.35e-05     |
|    loss                 | 0.783        |
|    n_updates            | 1948         |
|    policy_gradient_loss | -0.00451     |
|    std                  | 0.924        |
|    value_loss           | 9.49         |
------------------------------------------
------------------------------------------
| rollout/                |              |
|    ep_len_mean          | 8.93e+03     |
|    ep_rew_mean          | -732         |
| time/                   |              |
|    fps                  | 299          |
|    iterations           | 236          |
|    time_elapsed         | 1611         |
|    total_timesteps      | 483328       |
| train/                  |              |
|    approx_kl            | 0.0073598386 |
|    clip_fraction        | 0.0495       |
|    clip_range           | 0.2          |
|    entropy_loss         | -16.1        |
|    explained_variance   | 0.998        |
|    learning_rate        | 1.22e-05     |
|    loss                 | 0.249        |
|    n_updates            | 1958         |
|    policy_gradient_loss | -0.00952     |
|    std                  | 0.924        |
|    value_loss           | 0.696        |
------------------------------------------
-----------------------------------------
| rollout/                |             |
|    ep_len_mean          | 8.93e+03    |
|    ep_rew_mean          | -732        |
| time/                   |             |
|    fps                  | 299         |
|    iterations           | 237         |
|    time_elapsed         | 1618        |
|    total_timesteps      | 485376      |
| train/                  |             |
|    approx_kl            | 0.005475279 |
|    clip_fraction        | 0.0248      |
|    clip_range           | 0.2         |
|    entropy_loss         | -16.1       |
|    explained_variance   | 1           |
|    learning_rate        | 1.1e-05     |
|    loss                 | 7.01        |
|    n_updates            | 1968        |
|    policy_gradient_loss | -0.00563    |
|    std                  | 0.924       |
|    value_loss           | 20.8        |
-----------------------------------------
------------------------------------------
| rollout/                |              |
|    ep_len_mean          | 8.93e+03     |
|    ep_rew_mean          | -732         |
| time/                   |              |
|    fps                  | 300          |
|    iterations           | 238          |
|    time_elapsed         | 1624         |
|    total_timesteps      | 487424       |
| train/                  |              |
|    approx_kl            | 0.0013494771 |
|    clip_fraction        | 0.000146     |
|    clip_range           | 0.2          |
|    entropy_loss         | -16.1        |
|    explained_variance   | 0.0826       |
|    learning_rate        | 9.8e-06      |
|    loss                 | 43.1         |
|    n_updates            | 1978         |
|    policy_gradient_loss | -0.00169     |
|    std                  | 0.924        |
|    value_loss           | 87.7         |
------------------------------------------
------------------------------------------
| rollout/                |              |
|    ep_len_mean          | 8.93e+03     |
|    ep_rew_mean          | -732         |
| time/                   |              |
|    fps                  | 300          |
|    iterations           | 239          |
|    time_elapsed         | 1630         |
|    total_timesteps      | 489472       |
| train/                  |              |
|    approx_kl            | 0.0046007987 |
|    clip_fraction        | 0.00835      |
|    clip_range           | 0.2          |
|    entropy_loss         | -16.1        |
|    explained_variance   | 0.996        |
|    learning_rate        | 8.57e-06     |
|    loss                 | 1.85         |
|    n_updates            | 1988         |
|    policy_gradient_loss | -0.00351     |
|    std                  | 0.924        |
|    value_loss           | 12.9         |
------------------------------------------
-----------------------------------------
| rollout/                |             |
|    ep_len_mean          | 8.93e+03    |
|    ep_rew_mean          | -732        |
| time/                   |             |
|    fps                  | 300         |
|    iterations           | 240         |
|    time_elapsed         | 1636        |
|    total_timesteps      | 491520      |
| train/                  |             |
|    approx_kl            | 0.006799734 |
|    clip_fraction        | 0.0327      |
|    clip_range           | 0.2         |
|    entropy_loss         | -16.1       |
|    explained_variance   | 0.997       |
|    learning_rate        | 7.35e-06    |
|    loss                 | 0.169       |
|    n_updates            | 1998        |
|    policy_gradient_loss | -0.00482    |
|    std                  | 0.924       |
|    value_loss           | 2.5         |
-----------------------------------------
-----------------------------------------
| rollout/                |             |
|    ep_len_mean          | 8.93e+03    |
|    ep_rew_mean          | -732        |
| time/                   |             |
|    fps                  | 300         |
|    iterations           | 241         |
|    time_elapsed         | 1643        |
|    total_timesteps      | 493568      |
| train/                  |             |
|    approx_kl            | 0.003341477 |
|    clip_fraction        | 0.00366     |
|    clip_range           | 0.2         |
|    entropy_loss         | -16.1       |
|    explained_variance   | 1           |
|    learning_rate        | 6.12e-06    |
|    loss                 | 4.94        |
|    n_updates            | 2008        |
|    policy_gradient_loss | -0.00384    |
|    std                  | 0.924       |
|    value_loss           | 7.64        |
-----------------------------------------
------------------------------------------
| rollout/                |              |
|    ep_len_mean          | 8.93e+03     |
|    ep_rew_mean          | -732         |
| time/                   |              |
|    fps                  | 300          |
|    iterations           | 242          |
|    time_elapsed         | 1649         |
|    total_timesteps      | 495616       |
| train/                  |              |
|    approx_kl            | 0.0005094954 |
|    clip_fraction        | 0            |
|    clip_range           | 0.2          |
|    entropy_loss         | -16.1        |
|    explained_variance   | 0.000125     |
|    learning_rate        | 4.9e-06      |
|    loss                 | 33           |
|    n_updates            | 2018         |
|    policy_gradient_loss | -0.00136     |
|    std                  | 0.924        |
|    value_loss           | 66.6         |
------------------------------------------
-------------------------------------------
| rollout/                |               |
|    ep_len_mean          | 8.93e+03      |
|    ep_rew_mean          | -732          |
| time/                   |               |
|    fps                  | 300           |
|    iterations           | 243           |
|    time_elapsed         | 1656          |
|    total_timesteps      | 497664        |
| train/                  |               |
|    approx_kl            | 0.00020145928 |
|    clip_fraction        | 0             |
|    clip_range           | 0.2           |
|    entropy_loss         | -16.1         |
|    explained_variance   | 0.982         |
|    learning_rate        | 3.67e-06      |
|    loss                 | 15.9          |
|    n_updates            | 2028          |
|    policy_gradient_loss | -0.000583     |
|    std                  | 0.924         |
|    value_loss           | 39.9          |
-------------------------------------------
-------------------------------------------
| rollout/                |               |
|    ep_len_mean          | 8.93e+03      |
|    ep_rew_mean          | -732          |
| time/                   |               |
|    fps                  | 300           |
|    iterations           | 244           |
|    time_elapsed         | 1662          |
|    total_timesteps      | 499712        |
| train/                  |               |
|    approx_kl            | 0.00055611145 |
|    clip_fraction        | 0             |
|    clip_range           | 0.2           |
|    entropy_loss         | -16.1         |
|    explained_variance   | 0.997         |
|    learning_rate        | 2.45e-06      |
|    loss                 | 1.03          |
|    n_updates            | 2038          |
|    policy_gradient_loss | -0.000867     |
|    std                  | 0.924         |
|    value_loss           | 15.2          |
-------------------------------------------
-------------------------------------------
| rollout/                |               |
|    ep_len_mean          | 8.93e+03      |
|    ep_rew_mean          | -732          |
| time/                   |               |
|    fps                  | 300           |
|    iterations           | 245           |
|    time_elapsed         | 1668          |
|    total_timesteps      | 501760        |
| train/                  |               |
|    approx_kl            | 0.00076851377 |
|    clip_fraction        | 0             |
|    clip_range           | 0.2           |
|    entropy_loss         | -16.1         |
|    explained_variance   | 0.999         |
|    learning_rate        | 1.22e-06      |
|    loss                 | 0.299         |
|    n_updates            | 2048          |
|    policy_gradient_loss | -0.00181      |
|    std                  | 0.924         |
|    value_loss           | 0.697         |
-------------------------------------------
