# eh_to_ad:global_spatial:s106
# job: {"alpha": 0.015, "baseline_scope": {"batch_no_deferral_ablation": "Drain Immediately", "excluded_from_headline": "DQN/CFWS and algorithm-superiority tests", "headroom_only": "clairvoyant fluid QP lower bound", "primary": "Status Quo (local, no deferral)", "routing_sanity": "Round Robin"}, "batch": false, "completion_penalty": null, "config": "global_spatial", "domain_randomization": true, "enforce_batch_completion": false, "fold": "eh_to_ad", "gamma": 1.0, "job_fingerprint": "6a336dc8763efa5acc642d3c2a89c5af1e8e8ca09f54591c302c460e183f2281", "protocol_sha256": "00de81a3c402f029d69dfe915976ac5928a2cacfc5d27f7f35c6e66519ee630e", "region": "global", "seed": 106, "test_scenario": "env/scenarios/global_model.yaml", "timesteps": 501760, "train_scenario": "env/scenarios/global_model_eh.yaml"}
# command: C:\Python314\python.exe train.py --scenario C:\Users\jagal\copilot-worktrees\dc-energy-joint-optimization\jagal-microsoft-literate-umbrella\env\scenarios\global_model_eh.yaml --timesteps 501760 --peak-penalty-weight 0.015 --seed 106 --output-dir C:\Users\jagal\copilot-worktrees\dc-energy-joint-optimization\jagal-microsoft-literate-umbrella\models\oof\_tmp\eh_to_ad_global_spatial_s106_5086baf11b414a05b9952761973d1c0e --domain-rand --gamma 1.0
# started: 2026-08-05T23:08:37.817037+00:00

=== Training PPO on scenario: global_model_eh ===
Observation space: Box(-inf, inf, (42,), float32)
Action space: Box(-3.0, 3.0, (4,), float32)
Number of DCs: 4
Max steps per episode: 8917
Gamma: 1.0
Using cpu device
Wrapping the env with a `Monitor` wrapper
Wrapping the env in a DummyVecEnv.

Training for 501760 timesteps...
-----------------------------
| time/              |      |
|    fps             | 704  |
|    iterations      | 1    |
|    time_elapsed    | 2    |
|    total_timesteps | 2048 |
-----------------------------
-------------------------------------------
| time/                   |               |
|    fps                  | 542           |
|    iterations           | 2             |
|    time_elapsed         | 7             |
|    total_timesteps      | 4096          |
| train/                  |               |
|    approx_kl            | 0.00012674843 |
|    clip_fraction        | 0             |
|    clip_range           | 0.2           |
|    entropy_loss         | -5.68         |
|    explained_variance   | -1.31e-06     |
|    learning_rate        | 0.0003        |
|    loss                 | 4.59e+08      |
|    n_updates            | 10            |
|    policy_gradient_loss | -0.000407     |
|    std                  | 1             |
|    value_loss           | 9.03e+08      |
-------------------------------------------
------------------------------------------
| time/                   |              |
|    fps                  | 504          |
|    iterations           | 3            |
|    time_elapsed         | 12           |
|    total_timesteps      | 6144         |
| train/                  |              |
|    approx_kl            | 0.0002334218 |
|    clip_fraction        | 0            |
|    clip_range           | 0.2          |
|    entropy_loss         | -5.68        |
|    explained_variance   | 3.58e-07     |
|    learning_rate        | 0.0003       |
|    loss                 | 4.98e+08     |
|    n_updates            | 20           |
|    policy_gradient_loss | -0.000795    |
|    std                  | 1            |
|    value_loss           | 1e+09        |
------------------------------------------
------------------------------------------
| time/                   |              |
|    fps                  | 489          |
|    iterations           | 4            |
|    time_elapsed         | 16           |
|    total_timesteps      | 8192         |
| train/                  |              |
|    approx_kl            | 7.774265e-05 |
|    clip_fraction        | 0            |
|    clip_range           | 0.2          |
|    entropy_loss         | -5.68        |
|    explained_variance   | 5.96e-07     |
|    learning_rate        | 0.0003       |
|    loss                 | 4.84e+08     |
|    n_updates            | 30           |
|    policy_gradient_loss | -0.000276    |
|    std                  | 1            |
|    value_loss           | 1.01e+09     |
------------------------------------------
-------------------------------------------
| rollout/                |               |
|    ep_len_mean          | 8.92e+03      |
|    ep_rew_mean          | -1.42e+07     |
| time/                   |               |
|    fps                  | 476           |
|    iterations           | 5             |
|    time_elapsed         | 21            |
|    total_timesteps      | 10240         |
| train/                  |               |
|    approx_kl            | 0.00023813316 |
|    clip_fraction        | 0             |
|    clip_range           | 0.2           |
|    entropy_loss         | -5.68         |
|    explained_variance   | 6.56e-07      |
|    learning_rate        | 0.0003        |
|    loss                 | 5.43e+08      |
|    n_updates            | 40            |
|    policy_gradient_loss | -0.00108      |
|    std                  | 1             |
|    value_loss           | 1.07e+09      |
-------------------------------------------
-------------------------------------------
| rollout/                |               |
|    ep_len_mean          | 8.92e+03      |
|    ep_rew_mean          | -1.42e+07     |
| time/                   |               |
|    fps                  | 461           |
|    iterations           | 6             |
|    time_elapsed         | 26            |
|    total_timesteps      | 12288         |
| train/                  |               |
|    approx_kl            | 2.2924156e-05 |
|    clip_fraction        | 0             |
|    clip_range           | 0.2           |
|    entropy_loss         | -5.68         |
|    explained_variance   | 4.17e-07      |
|    learning_rate        | 0.0003        |
|    loss                 | 5.07e+08      |
|    n_updates            | 50            |
|    policy_gradient_loss | -0.000119     |
|    std                  | 1             |
|    value_loss           | 1.03e+09      |
-------------------------------------------
-------------------------------------------
| rollout/                |               |
|    ep_len_mean          | 8.92e+03      |
|    ep_rew_mean          | -1.42e+07     |
| time/                   |               |
|    fps                  | 453           |
|    iterations           | 7             |
|    time_elapsed         | 31            |
|    total_timesteps      | 14336         |
| train/                  |               |
|    approx_kl            | 0.00011322816 |
|    clip_fraction        | 0             |
|    clip_range           | 0.2           |
|    entropy_loss         | -5.67         |
|    explained_variance   | 5.96e-08      |
|    learning_rate        | 0.0003        |
|    loss                 | 4.95e+08      |
|    n_updates            | 60            |
|    policy_gradient_loss | -0.000412     |
|    std                  | 1             |
|    value_loss           | 1.02e+09      |
-------------------------------------------
-------------------------------------------
| rollout/                |               |
|    ep_len_mean          | 8.92e+03      |
|    ep_rew_mean          | -1.42e+07     |
| time/                   |               |
|    fps                  | 429           |
|    iterations           | 8             |
|    time_elapsed         | 38            |
|    total_timesteps      | 16384         |
| train/                  |               |
|    approx_kl            | 4.2395463e-05 |
|    clip_fraction        | 0             |
|    clip_range           | 0.2           |
|    entropy_loss         | -5.67         |
|    explained_variance   | 2.38e-07      |
|    learning_rate        | 0.0003        |
|    loss                 | 5.59e+08      |
|    n_updates            | 70            |
|    policy_gradient_loss | -0.000186     |
|    std                  | 1             |
|    value_loss           | 1.06e+09      |
-------------------------------------------
-------------------------------------------
| rollout/                |               |
|    ep_len_mean          | 8.92e+03      |
|    ep_rew_mean          | -1.45e+07     |
| time/                   |               |
|    fps                  | 421           |
|    iterations           | 9             |
|    time_elapsed         | 43            |
|    total_timesteps      | 18432         |
| train/                  |               |
|    approx_kl            | 2.4507928e-05 |
|    clip_fraction        | 0             |
|    clip_range           | 0.2           |
|    entropy_loss         | -5.67         |
|    explained_variance   | 5.96e-08      |
|    learning_rate        | 0.0003        |
|    loss                 | 5.74e+08      |
|    n_updates            | 80            |
|    policy_gradient_loss | -0.000133     |
|    std                  | 1             |
|    value_loss           | 1.13e+09      |
-------------------------------------------
--------------------------------------------
| rollout/                |                |
|    ep_len_mean          | 8.92e+03       |
|    ep_rew_mean          | -1.45e+07      |
| time/                   |                |
|    fps                  | 420            |
|    iterations           | 10             |
|    time_elapsed         | 48             |
|    total_timesteps      | 20480          |
| train/                  |                |
|    approx_kl            | 0.000102093705 |
|    clip_fraction        | 0              |
|    clip_range           | 0.2            |
|    entropy_loss         | -5.67          |
|    explained_variance   | -1.19e-07      |
|    learning_rate        | 0.0003         |
|    loss                 | 5.84e+08       |
|    n_updates            | 90             |
|    policy_gradient_loss | -0.000509      |
|    std                  | 1              |
|    value_loss           | 1.17e+09       |
--------------------------------------------
------------------------------------------
| rollout/                |              |
|    ep_len_mean          | 8.92e+03     |
|    ep_rew_mean          | -1.45e+07    |
| time/                   |              |
|    fps                  | 413          |
|    iterations           | 11           |
|    time_elapsed         | 54           |
|    total_timesteps      | 22528        |
| train/                  |              |
|    approx_kl            | 0.0002371347 |
|    clip_fraction        | 0            |
|    clip_range           | 0.2          |
|    entropy_loss         | -5.67        |
|    explained_variance   | 0            |
|    learning_rate        | 0.0003       |
|    loss                 | 4.72e+08     |
|    n_updates            | 100          |
|    policy_gradient_loss | -0.00079     |
|    std                  | 1            |
|    value_loss           | 9.08e+08     |
------------------------------------------
-------------------------------------------
| rollout/                |               |
|    ep_len_mean          | 8.92e+03      |
|    ep_rew_mean          | -1.45e+07     |
| time/                   |               |
|    fps                  | 413           |
|    iterations           | 12            |
|    time_elapsed         | 59            |
|    total_timesteps      | 24576         |
| train/                  |               |
|    approx_kl            | 0.00020089673 |
|    clip_fraction        | 0             |
|    clip_range           | 0.2           |
|    entropy_loss         | -5.67         |
|    explained_variance   | 2.98e-07      |
|    learning_rate        | 0.0003        |
|    loss                 | 4.82e+08      |
|    n_updates            | 110           |
|    policy_gradient_loss | -0.000626     |
|    std                  | 0.999         |
|    value_loss           | 1.01e+09      |
-------------------------------------------
-------------------------------------------
| rollout/                |               |
|    ep_len_mean          | 8.92e+03      |
|    ep_rew_mean          | -1.45e+07     |
| time/                   |               |
|    fps                  | 416           |
|    iterations           | 13            |
|    time_elapsed         | 63            |
|    total_timesteps      | 26624         |
| train/                  |               |
|    approx_kl            | 0.00016681323 |
|    clip_fraction        | 0             |
|    clip_range           | 0.2           |
|    entropy_loss         | -5.67         |
|    explained_variance   | 3.58e-07      |
|    learning_rate        | 0.0003        |
|    loss                 | 5.01e+08      |
|    n_updates            | 120           |
|    policy_gradient_loss | -0.00056      |
|    std                  | 0.999         |
|    value_loss           | 1.02e+09      |
-------------------------------------------
-------------------------------------------
| rollout/                |               |
|    ep_len_mean          | 8.92e+03      |
|    ep_rew_mean          | -1.44e+07     |
| time/                   |               |
|    fps                  | 417           |
|    iterations           | 14            |
|    time_elapsed         | 68            |
|    total_timesteps      | 28672         |
| train/                  |               |
|    approx_kl            | 0.00013376589 |
|    clip_fraction        | 0             |
|    clip_range           | 0.2           |
|    entropy_loss         | -5.67         |
|    explained_variance   | -2.38e-07     |
|    learning_rate        | 0.0003        |
|    loss                 | 5.48e+08      |
|    n_updates            | 130           |
|    policy_gradient_loss | -0.000572     |
|    std                  | 0.999         |
|    value_loss           | 1.1e+09       |
-------------------------------------------
------------------------------------------
| rollout/                |              |
|    ep_len_mean          | 8.92e+03     |
|    ep_rew_mean          | -1.44e+07    |
| time/                   |              |
|    fps                  | 413          |
|    iterations           | 15           |
|    time_elapsed         | 74           |
|    total_timesteps      | 30720        |
| train/                  |              |
|    approx_kl            | 9.603199e-05 |
|    clip_fraction        | 0            |
|    clip_range           | 0.2          |
|    entropy_loss         | -5.67        |
|    explained_variance   | 0            |
|    learning_rate        | 0.0003       |
|    loss                 | 4.18e+08     |
|    n_updates            | 140          |
|    policy_gradient_loss | -0.000303    |
|    std                  | 0.999        |
|    value_loss           | 7.94e+08     |
------------------------------------------
------------------------------------------
| rollout/                |              |
|    ep_len_mean          | 8.92e+03     |
|    ep_rew_mean          | -1.44e+07    |
| time/                   |              |
|    fps                  | 410          |
|    iterations           | 16           |
|    time_elapsed         | 79           |
|    total_timesteps      | 32768        |
| train/                  |              |
|    approx_kl            | 8.260537e-05 |
|    clip_fraction        | 0            |
|    clip_range           | 0.2          |
|    entropy_loss         | -5.67        |
|    explained_variance   | 1.79e-07     |
|    learning_rate        | 0.0003       |
|    loss                 | 4.24e+08     |
|    n_updates            | 150          |
|    policy_gradient_loss | -0.000315    |
|    std                  | 0.999        |
|    value_loss           | 8.75e+08     |
------------------------------------------
------------------------------------------
| rollout/                |              |
|    ep_len_mean          | 8.92e+03     |
|    ep_rew_mean          | -1.44e+07    |
| time/                   |              |
|    fps                  | 409          |
|    iterations           | 17           |
|    time_elapsed         | 85           |
|    total_timesteps      | 34816        |
| train/                  |              |
|    approx_kl            | 6.557541e-05 |
|    clip_fraction        | 0            |
|    clip_range           | 0.2          |
|    entropy_loss         | -5.67        |
|    explained_variance   | 1.79e-07     |
|    learning_rate        | 0.0003       |
|    loss                 | 4.35e+08     |
|    n_updates            | 160          |
|    policy_gradient_loss | -0.000231    |
|    std                  | 0.999        |
|    value_loss           | 8.72e+08     |
------------------------------------------
------------------------------------------
| rollout/                |              |
|    ep_len_mean          | 8.92e+03     |
|    ep_rew_mean          | -1.42e+07    |
| time/                   |              |
|    fps                  | 408          |
|    iterations           | 18           |
|    time_elapsed         | 90           |
|    total_timesteps      | 36864        |
| train/                  |              |
|    approx_kl            | 4.207928e-05 |
|    clip_fraction        | 0            |
|    clip_range           | 0.2          |
|    entropy_loss         | -5.67        |
|    explained_variance   | -2.38e-07    |
|    learning_rate        | 0.0003       |
|    loss                 | 4.79e+08     |
|    n_updates            | 170          |
|    policy_gradient_loss | -0.000261    |
|    std                  | 0.999        |
|    value_loss           | 9.59e+08     |
------------------------------------------
-----------------------------------------
| rollout/                |             |
|    ep_len_mean          | 8.92e+03    |
|    ep_rew_mean          | -1.42e+07   |
| time/                   |             |
|    fps                  | 411         |
|    iterations           | 19          |
|    time_elapsed         | 94          |
|    total_timesteps      | 38912       |
| train/                  |             |
|    approx_kl            | 9.92874e-05 |
|    clip_fraction        | 0           |
|    clip_range           | 0.2         |
|    entropy_loss         | -5.67       |
|    explained_variance   | 0           |
|    learning_rate        | 0.0003      |
|    loss                 | 5.46e+08    |
|    n_updates            | 180         |
|    policy_gradient_loss | -0.000602   |
|    std                  | 0.999       |
|    value_loss           | 1.04e+09    |
-----------------------------------------
-------------------------------------------
| rollout/                |               |
|    ep_len_mean          | 8.92e+03      |
|    ep_rew_mean          | -1.42e+07     |
| time/                   |               |
|    fps                  | 411           |
|    iterations           | 20            |
|    time_elapsed         | 99            |
|    total_timesteps      | 40960         |
| train/                  |               |
|    approx_kl            | 0.00013329161 |
|    clip_fraction        | 0             |
|    clip_range           | 0.2           |
|    entropy_loss         | -5.67         |
|    explained_variance   | 2.98e-07      |
|    learning_rate        | 0.0003        |
|    loss                 | 4.55e+08      |
|    n_updates            | 190           |
|    policy_gradient_loss | -0.000465     |
|    std                  | 0.999         |
|    value_loss           | 9.58e+08      |
-------------------------------------------
-------------------------------------------
| rollout/                |               |
|    ep_len_mean          | 8.92e+03      |
|    ep_rew_mean          | -1.42e+07     |
| time/                   |               |
|    fps                  | 411           |
|    iterations           | 21            |
|    time_elapsed         | 104           |
|    total_timesteps      | 43008         |
| train/                  |               |
|    approx_kl            | 1.8619321e-05 |
|    clip_fraction        | 0             |
|    clip_range           | 0.2           |
|    entropy_loss         | -5.67         |
|    explained_variance   | -2.38e-07     |
|    learning_rate        | 0.0003        |
|    loss                 | 4.89e+08      |
|    n_updates            | 200           |
|    policy_gradient_loss | -0.000114     |
|    std                  | 0.999         |
|    value_loss           | 1.02e+09      |
-------------------------------------------
------------------------------------------
| rollout/                |              |
|    ep_len_mean          | 8.92e+03     |
|    ep_rew_mean          | -1.42e+07    |
| time/                   |              |
|    fps                  | 410          |
|    iterations           | 22           |
|    time_elapsed         | 109          |
|    total_timesteps      | 45056        |
| train/                  |              |
|    approx_kl            | 5.751691e-05 |
|    clip_fraction        | 0            |
|    clip_range           | 0.2          |
|    entropy_loss         | -5.67        |
|    explained_variance   | 1.19e-07     |
|    learning_rate        | 0.0003       |
|    loss                 | 5.46e+08     |
|    n_updates            | 210          |
|    policy_gradient_loss | -0.000403    |
|    std                  | 0.999        |
|    value_loss           | 1.13e+09     |
------------------------------------------
------------------------------------------
| rollout/                |              |
|    ep_len_mean          | 8.92e+03     |
|    ep_rew_mean          | -1.42e+07    |
| time/                   |              |
|    fps                  | 412          |
|    iterations           | 23           |
|    time_elapsed         | 114          |
|    total_timesteps      | 47104        |
| train/                  |              |
|    approx_kl            | 0.0002529373 |
|    clip_fraction        | 0            |
|    clip_range           | 0.2          |
|    entropy_loss         | -5.67        |
|    explained_variance   | -2.38e-07    |
|    learning_rate        | 0.0003       |
|    loss                 | 5.76e+08     |
|    n_updates            | 220          |
|    policy_gradient_loss | -0.00101     |
|    std                  | 0.999        |
|    value_loss           | 1.15e+09     |
------------------------------------------
-------------------------------------------
| rollout/                |               |
|    ep_len_mean          | 8.92e+03      |
|    ep_rew_mean          | -1.42e+07     |
| time/                   |               |
|    fps                  | 414           |
|    iterations           | 24            |
|    time_elapsed         | 118           |
|    total_timesteps      | 49152         |
| train/                  |               |
|    approx_kl            | 0.00029409042 |
|    clip_fraction        | 0             |
|    clip_range           | 0.2           |
|    entropy_loss         | -5.67         |
|    explained_variance   | 0             |
|    learning_rate        | 0.0003        |
|    loss                 | 3.96e+08      |
|    n_updates            | 230           |
|    policy_gradient_loss | -0.000902     |
|    std                  | 0.999         |
|    value_loss           | 7.62e+08      |
-------------------------------------------
-------------------------------------------
| rollout/                |               |
|    ep_len_mean          | 8.92e+03      |
|    ep_rew_mean          | -1.42e+07     |
| time/                   |               |
|    fps                  | 416           |
|    iterations           | 25            |
|    time_elapsed         | 122           |
|    total_timesteps      | 51200         |
| train/                  |               |
|    approx_kl            | 0.00018823153 |
|    clip_fraction        | 0             |
|    clip_range           | 0.2           |
|    entropy_loss         | -5.67         |
|    explained_variance   | 1.79e-07      |
|    learning_rate        | 0.0003        |
|    loss                 | 4.31e+08      |
|    n_updates            | 240           |
|    policy_gradient_loss | -0.000604     |
|    std                  | 0.999         |
|    value_loss           | 8.73e+08      |
-------------------------------------------
-------------------------------------------
| rollout/                |               |
|    ep_len_mean          | 8.92e+03      |
|    ep_rew_mean          | -1.42e+07     |
| time/                   |               |
|    fps                  | 417           |
|    iterations           | 26            |
|    time_elapsed         | 127           |
|    total_timesteps      | 53248         |
| train/                  |               |
|    approx_kl            | 9.1987604e-05 |
|    clip_fraction        | 0             |
|    clip_range           | 0.2           |
|    entropy_loss         | -5.67         |
|    explained_variance   | 0             |
|    learning_rate        | 0.0003        |
|    loss                 | 4.27e+08      |
|    n_updates            | 250           |
|    policy_gradient_loss | -0.000353     |
|    std                  | 0.999         |
|    value_loss           | 8.89e+08      |
-------------------------------------------
-------------------------------------------
| rollout/                |               |
|    ep_len_mean          | 8.92e+03      |
|    ep_rew_mean          | -1.4e+07      |
| time/                   |               |
|    fps                  | 416           |
|    iterations           | 27            |
|    time_elapsed         | 132           |
|    total_timesteps      | 55296         |
| train/                  |               |
|    approx_kl            | 3.5761594e-05 |
|    clip_fraction        | 0             |
|    clip_range           | 0.2           |
|    entropy_loss         | -5.67         |
|    explained_variance   | 1.79e-07      |
|    learning_rate        | 0.0003        |
|    loss                 | 4.19e+08      |
|    n_updates            | 260           |
|    policy_gradient_loss | -0.000315     |
|    std                  | 0.999         |
|    value_loss           | 8.83e+08      |
-------------------------------------------
-------------------------------------------
| rollout/                |               |
|    ep_len_mean          | 8.92e+03      |
|    ep_rew_mean          | -1.4e+07      |
| time/                   |               |
|    fps                  | 415           |
|    iterations           | 28            |
|    time_elapsed         | 137           |
|    total_timesteps      | 57344         |
| train/                  |               |
|    approx_kl            | 0.00015459023 |
|    clip_fraction        | 0             |
|    clip_range           | 0.2           |
|    entropy_loss         | -5.67         |
|    explained_variance   | -1.19e-07     |
|    learning_rate        | 0.0003        |
|    loss                 | 4.35e+08      |
|    n_updates            | 270           |
|    policy_gradient_loss | -0.000605     |
|    std                  | 1             |
|    value_loss           | 8.57e+08      |
-------------------------------------------
-------------------------------------------
| rollout/                |               |
|    ep_len_mean          | 8.92e+03      |
|    ep_rew_mean          | -1.4e+07      |
| time/                   |               |
|    fps                  | 415           |
|    iterations           | 29            |
|    time_elapsed         | 142           |
|    total_timesteps      | 59392         |
| train/                  |               |
|    approx_kl            | 0.00014453969 |
|    clip_fraction        | 0             |
|    clip_range           | 0.2           |
|    entropy_loss         | -5.67         |
|    explained_variance   | 0             |
|    learning_rate        | 0.0003        |
|    loss                 | 4.58e+08      |
|    n_updates            | 280           |
|    policy_gradient_loss | -0.000577     |
|    std                  | 1             |
|    value_loss           | 9.37e+08      |
-------------------------------------------
-------------------------------------------
| rollout/                |               |
|    ep_len_mean          | 8.92e+03      |
|    ep_rew_mean          | -1.4e+07      |
| time/                   |               |
|    fps                  | 417           |
|    iterations           | 30            |
|    time_elapsed         | 147           |
|    total_timesteps      | 61440         |
| train/                  |               |
|    approx_kl            | 0.00033281272 |
|    clip_fraction        | 0             |
|    clip_range           | 0.2           |
|    entropy_loss         | -5.67         |
|    explained_variance   | -3.58e-07     |
|    learning_rate        | 0.0003        |
|    loss                 | 5.05e+08      |
|    n_updates            | 290           |
|    policy_gradient_loss | -0.00117      |
|    std                  | 1             |
|    value_loss           | 9.51e+08      |
-------------------------------------------
-------------------------------------------
| rollout/                |               |
|    ep_len_mean          | 8.92e+03      |
|    ep_rew_mean          | -1.4e+07      |
| time/                   |               |
|    fps                  | 416           |
|    iterations           | 31            |
|    time_elapsed         | 152           |
|    total_timesteps      | 63488         |
| train/                  |               |
|    approx_kl            | 7.9241436e-05 |
|    clip_fraction        | 0             |
|    clip_range           | 0.2           |
|    entropy_loss         | -5.67         |
|    explained_variance   | 0             |
|    learning_rate        | 0.0003        |
|    loss                 | 5.04e+08      |
|    n_updates            | 300           |
|    policy_gradient_loss | -0.000254     |
|    std                  | 1             |
|    value_loss           | 9.71e+08      |
-------------------------------------------
-------------------------------------------
| rollout/                |               |
|    ep_len_mean          | 8.92e+03      |
|    ep_rew_mean          | -1.4e+07      |
| time/                   |               |
|    fps                  | 417           |
|    iterations           | 32            |
|    time_elapsed         | 157           |
|    total_timesteps      | 65536         |
| train/                  |               |
|    approx_kl            | 4.4771965e-05 |
|    clip_fraction        | 0             |
|    clip_range           | 0.2           |
|    entropy_loss         | -5.67         |
|    explained_variance   | 2.98e-07      |
|    learning_rate        | 0.0003        |
|    loss                 | 4.66e+08      |
|    n_updates            | 310           |
|    policy_gradient_loss | -0.000164     |
|    std                  | 1             |
|    value_loss           | 9.87e+08      |
-------------------------------------------
-------------------------------------------
| rollout/                |               |
|    ep_len_mean          | 8.92e+03      |
|    ep_rew_mean          | -1.4e+07      |
| time/                   |               |
|    fps                  | 415           |
|    iterations           | 33            |
|    time_elapsed         | 162           |
|    total_timesteps      | 67584         |
| train/                  |               |
|    approx_kl            | 0.00021948866 |
|    clip_fraction        | 0             |
|    clip_range           | 0.2           |
|    entropy_loss         | -5.67         |
|    explained_variance   | 0             |
|    learning_rate        | 0.0003        |
|    loss                 | 4.73e+08      |
|    n_updates            | 320           |
|    policy_gradient_loss | -0.000744     |
|    std                  | 1             |
|    value_loss           | 9.42e+08      |
-------------------------------------------
-------------------------------------------
| rollout/                |               |
|    ep_len_mean          | 8.92e+03      |
|    ep_rew_mean          | -1.4e+07      |
| time/                   |               |
|    fps                  | 412           |
|    iterations           | 34            |
|    time_elapsed         | 168           |
|    total_timesteps      | 69632         |
| train/                  |               |
|    approx_kl            | 0.00014478128 |
|    clip_fraction        | 0             |
|    clip_range           | 0.2           |
|    entropy_loss         | -5.67         |
|    explained_variance   | 2.38e-07      |
|    learning_rate        | 0.0003        |
|    loss                 | 4.82e+08      |
|    n_updates            | 330           |
|    policy_gradient_loss | -0.000486     |
|    std                  | 1             |
|    value_loss           | 9.62e+08      |
-------------------------------------------
-------------------------------------------
| rollout/                |               |
|    ep_len_mean          | 8.92e+03      |
|    ep_rew_mean          | -1.41e+07     |
| time/                   |               |
|    fps                  | 412           |
|    iterations           | 35            |
|    time_elapsed         | 173           |
|    total_timesteps      | 71680         |
| train/                  |               |
|    approx_kl            | 9.0476155e-05 |
|    clip_fraction        | 0             |
|    clip_range           | 0.2           |
|    entropy_loss         | -5.67         |
|    explained_variance   | -2.38e-07     |
|    learning_rate        | 0.0003        |
|    loss                 | 6.05e+08      |
|    n_updates            | 340           |
|    policy_gradient_loss | -0.000253     |
|    std                  | 0.999         |
|    value_loss           | 1.2e+09       |
-------------------------------------------
-------------------------------------------
| rollout/                |               |
|    ep_len_mean          | 8.92e+03      |
|    ep_rew_mean          | -1.41e+07     |
| time/                   |               |
|    fps                  | 412           |
|    iterations           | 36            |
|    time_elapsed         | 178           |
|    total_timesteps      | 73728         |
| train/                  |               |
|    approx_kl            | 0.00012285225 |
|    clip_fraction        | 0             |
|    clip_range           | 0.2           |
|    entropy_loss         | -5.67         |
|    explained_variance   | 0             |
|    learning_rate        | 0.0003        |
|    loss                 | 5.83e+08      |
|    n_updates            | 350           |
|    policy_gradient_loss | -0.000584     |
|    std                  | 0.999         |
|    value_loss           | 1.17e+09      |
-------------------------------------------
--------------------------------------------
| rollout/                |                |
|    ep_len_mean          | 8.92e+03       |
|    ep_rew_mean          | -1.41e+07      |
| time/                   |                |
|    fps                  | 411            |
|    iterations           | 37             |
|    time_elapsed         | 184            |
|    total_timesteps      | 75776          |
| train/                  |                |
|    approx_kl            | 0.000109370594 |
|    clip_fraction        | 0              |
|    clip_range           | 0.2            |
|    entropy_loss         | -5.67          |
|    explained_variance   | -2.38e-07      |
|    learning_rate        | 0.0003         |
|    loss                 | 4.44e+08       |
|    n_updates            | 360            |
|    policy_gradient_loss | -0.000349      |
|    std                  | 0.999          |
|    value_loss           | 8.97e+08       |
--------------------------------------------
-----------------------------------------
| rollout/                |             |
|    ep_len_mean          | 8.92e+03    |
|    ep_rew_mean          | -1.41e+07   |
| time/                   |             |
|    fps                  | 409         |
|    iterations           | 38          |
|    time_elapsed         | 189         |
|    total_timesteps      | 77824       |
| train/                  |             |
|    approx_kl            | 4.78352e-05 |
|    clip_fraction        | 0           |
|    clip_range           | 0.2         |
|    entropy_loss         | -5.67       |
|    explained_variance   | 0           |
|    learning_rate        | 0.0003      |
|    loss                 | 5.32e+08    |
|    n_updates            | 370         |
|    policy_gradient_loss | -0.000224   |
|    std                  | 0.999       |
|    value_loss           | 1.07e+09    |
-----------------------------------------
-------------------------------------------
| rollout/                |               |
|    ep_len_mean          | 8.92e+03      |
|    ep_rew_mean          | -1.41e+07     |
| time/                   |               |
|    fps                  | 407           |
|    iterations           | 39            |
|    time_elapsed         | 195           |
|    total_timesteps      | 79872         |
| train/                  |               |
|    approx_kl            | 0.00012908792 |
|    clip_fraction        | 0             |
|    clip_range           | 0.2           |
|    entropy_loss         | -5.67         |
|    explained_variance   | 4.17e-07      |
|    learning_rate        | 0.0003        |
|    loss                 | 5.39e+08      |
|    n_updates            | 380           |
|    policy_gradient_loss | -0.000418     |
|    std                  | 0.999         |
|    value_loss           | 1.05e+09      |
-------------------------------------------
------------------------------------------
| rollout/                |              |
|    ep_len_mean          | 8.92e+03     |
|    ep_rew_mean          | -1.41e+07    |
| time/                   |              |
|    fps                  | 407          |
|    iterations           | 40           |
|    time_elapsed         | 201          |
|    total_timesteps      | 81920        |
| train/                  |              |
|    approx_kl            | 3.709778e-05 |
|    clip_fraction        | 0            |
|    clip_range           | 0.2          |
|    entropy_loss         | -5.67        |
|    explained_variance   | 0            |
|    learning_rate        | 0.0003       |
|    loss                 | 5.66e+08     |
|    n_updates            | 390          |
|    policy_gradient_loss | -0.000154    |
|    std                  | 0.999        |
|    value_loss           | 1.12e+09     |
------------------------------------------
------------------------------------------
| rollout/                |              |
|    ep_len_mean          | 8.92e+03     |
|    ep_rew_mean          | -1.41e+07    |
| time/                   |              |
|    fps                  | 407          |
|    iterations           | 41           |
|    time_elapsed         | 206          |
|    total_timesteps      | 83968        |
| train/                  |              |
|    approx_kl            | 5.579603e-05 |
|    clip_fraction        | 0            |
|    clip_range           | 0.2          |
|    entropy_loss         | -5.67        |
|    explained_variance   | 1.79e-07     |
|    learning_rate        | 0.0003       |
|    loss                 | 4.46e+08     |
|    n_updates            | 400          |
|    policy_gradient_loss | -0.000354    |
|    std                  | 1            |
|    value_loss           | 8.89e+08     |
------------------------------------------
-------------------------------------------
| rollout/                |               |
|    ep_len_mean          | 8.92e+03      |
|    ep_rew_mean          | -1.41e+07     |
| time/                   |               |
|    fps                  | 407           |
|    iterations           | 42            |
|    time_elapsed         | 211           |
|    total_timesteps      | 86016         |
| train/                  |               |
|    approx_kl            | 0.00013162347 |
|    clip_fraction        | 0             |
|    clip_range           | 0.2           |
|    entropy_loss         | -5.67         |
|    explained_variance   | -2.38e-07     |
|    learning_rate        | 0.0003        |
|    loss                 | 4.46e+08      |
|    n_updates            | 410           |
|    policy_gradient_loss | -0.000491     |
|    std                  | 0.999         |
|    value_loss           | 8.87e+08      |
-------------------------------------------
-------------------------------------------
| rollout/                |               |
|    ep_len_mean          | 8.92e+03      |
|    ep_rew_mean          | -1.41e+07     |
| time/                   |               |
|    fps                  | 408           |
|    iterations           | 43            |
|    time_elapsed         | 215           |
|    total_timesteps      | 88064         |
| train/                  |               |
|    approx_kl            | 0.00014733509 |
|    clip_fraction        | 0             |
|    clip_range           | 0.2           |
|    entropy_loss         | -5.67         |
|    explained_variance   | 0             |
|    learning_rate        | 0.0003        |
|    loss                 | 4.29e+08      |
|    n_updates            | 420           |
|    policy_gradient_loss | -0.00056      |
|    std                  | 0.999         |
|    value_loss           | 9.07e+08      |
-------------------------------------------
-------------------------------------------
| rollout/                |               |
|    ep_len_mean          | 8.92e+03      |
|    ep_rew_mean          | -1.41e+07     |
| time/                   |               |
|    fps                  | 408           |
|    iterations           | 44            |
|    time_elapsed         | 220           |
|    total_timesteps      | 90112         |
| train/                  |               |
|    approx_kl            | 0.00026519352 |
|    clip_fraction        | 0             |
|    clip_range           | 0.2           |
|    entropy_loss         | -5.67         |
|    explained_variance   | -4.77e-07     |
|    learning_rate        | 0.0003        |
|    loss                 | 4.56e+08      |
|    n_updates            | 430           |
|    policy_gradient_loss | -0.000897     |
|    std                  | 0.999         |
|    value_loss           | 9.81e+08      |
-------------------------------------------
-------------------------------------------
| rollout/                |               |
|    ep_len_mean          | 8.92e+03      |
|    ep_rew_mean          | -1.41e+07     |
| time/                   |               |
|    fps                  | 408           |
|    iterations           | 45            |
|    time_elapsed         | 225           |
|    total_timesteps      | 92160         |
| train/                  |               |
|    approx_kl            | 0.00027986008 |
|    clip_fraction        | 0             |
|    clip_range           | 0.2           |
|    entropy_loss         | -5.67         |
|    explained_variance   | 0             |
|    learning_rate        | 0.0003        |
|    loss                 | 4.95e+08      |
|    n_updates            | 440           |
|    policy_gradient_loss | -0.000911     |
|    std                  | 0.999         |
|    value_loss           | 1e+09         |
-------------------------------------------
-------------------------------------------
| rollout/                |               |
|    ep_len_mean          | 8.92e+03      |
|    ep_rew_mean          | -1.41e+07     |
| time/                   |               |
|    fps                  | 406           |
|    iterations           | 46            |
|    time_elapsed         | 231           |
|    total_timesteps      | 94208         |
| train/                  |               |
|    approx_kl            | 4.6075613e-05 |
|    clip_fraction        | 0             |
|    clip_range           | 0.2           |
|    entropy_loss         | -5.67         |
|    explained_variance   | 1.79e-07      |
|    learning_rate        | 0.0003        |
|    loss                 | 4.51e+08      |
|    n_updates            | 450           |
|    policy_gradient_loss | -0.000186     |
|    std                  | 0.999         |
|    value_loss           | 9e+08         |
-------------------------------------------
-------------------------------------------
| rollout/                |               |
|    ep_len_mean          | 8.92e+03      |
|    ep_rew_mean          | -1.41e+07     |
| time/                   |               |
|    fps                  | 405           |
|    iterations           | 47            |
|    time_elapsed         | 237           |
|    total_timesteps      | 96256         |
| train/                  |               |
|    approx_kl            | 7.8724435e-05 |
|    clip_fraction        | 0             |
|    clip_range           | 0.2           |
|    entropy_loss         | -5.67         |
|    explained_variance   | -1.19e-07     |
|    learning_rate        | 0.0003        |
|    loss                 | 5.14e+08      |
|    n_updates            | 460           |
|    policy_gradient_loss | -0.000304     |
|    std                  | 0.999         |
|    value_loss           | 1.02e+09      |
-------------------------------------------
-------------------------------------------
| rollout/                |               |
|    ep_len_mean          | 8.92e+03      |
|    ep_rew_mean          | -1.41e+07     |
| time/                   |               |
|    fps                  | 404           |
|    iterations           | 48            |
|    time_elapsed         | 242           |
|    total_timesteps      | 98304         |
| train/                  |               |
|    approx_kl            | 5.7282392e-05 |
|    clip_fraction        | 0             |
|    clip_range           | 0.2           |
|    entropy_loss         | -5.67         |
|    explained_variance   | 2.38e-07      |
|    learning_rate        | 0.0003        |
|    loss                 | 5.88e+08      |
|    n_updates            | 470           |
|    policy_gradient_loss | -0.000359     |
|    std                  | 0.999         |
|    value_loss           | 1.15e+09      |
-------------------------------------------
-------------------------------------------
| rollout/                |               |
|    ep_len_mean          | 8.92e+03      |
|    ep_rew_mean          | -1.41e+07     |
| time/                   |               |
|    fps                  | 402           |
|    iterations           | 49            |
|    time_elapsed         | 249           |
|    total_timesteps      | 100352        |
| train/                  |               |
|    approx_kl            | 0.00045251288 |
|    clip_fraction        | 0             |
|    clip_range           | 0.2           |
|    entropy_loss         | -5.67         |
|    explained_variance   | -2.38e-07     |
|    learning_rate        | 0.0003        |
|    loss                 | 5.79e+08      |
|    n_updates            | 480           |
|    policy_gradient_loss | -0.00152      |
|    std                  | 0.999         |
|    value_loss           | 1.16e+09      |
-------------------------------------------
-------------------------------------------
| rollout/                |               |
|    ep_len_mean          | 8.92e+03      |
|    ep_rew_mean          | -1.41e+07     |
| time/                   |               |
|    fps                  | 402           |
|    iterations           | 50            |
|    time_elapsed         | 254           |
|    total_timesteps      | 102400        |
| train/                  |               |
|    approx_kl            | 0.00015740484 |
|    clip_fraction        | 0             |
|    clip_range           | 0.2           |
|    entropy_loss         | -5.67         |
|    explained_variance   | 0             |
|    learning_rate        | 0.0003        |
|    loss                 | 4.47e+08      |
|    n_updates            | 490           |
|    policy_gradient_loss | -0.000597     |
|    std                  | 0.999         |
|    value_loss           | 8.93e+08      |
-------------------------------------------
-------------------------------------------
| rollout/                |               |
|    ep_len_mean          | 8.92e+03      |
|    ep_rew_mean          | -1.41e+07     |
| time/                   |               |
|    fps                  | 403           |
|    iterations           | 51            |
|    time_elapsed         | 258           |
|    total_timesteps      | 104448        |
| train/                  |               |
|    approx_kl            | 0.00011504177 |
|    clip_fraction        | 0             |
|    clip_range           | 0.2           |
|    entropy_loss         | -5.67         |
|    explained_variance   | -2.38e-07     |
|    learning_rate        | 0.0003        |
|    loss                 | 5.01e+08      |
|    n_updates            | 500           |
|    policy_gradient_loss | -0.000379     |
|    std                  | 0.999         |
|    value_loss           | 9.76e+08      |
-------------------------------------------
-------------------------------------------
| rollout/                |               |
|    ep_len_mean          | 8.92e+03      |
|    ep_rew_mean          | -1.41e+07     |
| time/                   |               |
|    fps                  | 403           |
|    iterations           | 52            |
|    time_elapsed         | 263           |
|    total_timesteps      | 106496        |
| train/                  |               |
|    approx_kl            | 0.00013983113 |
|    clip_fraction        | 0             |
|    clip_range           | 0.2           |
|    entropy_loss         | -5.67         |
|    explained_variance   | -1.19e-07     |
|    learning_rate        | 0.0003        |
|    loss                 | 4.91e+08      |
|    n_updates            | 510           |
|    policy_gradient_loss | -0.000682     |
|    std                  | 0.999         |
|    value_loss           | 1.01e+09      |
-------------------------------------------
------------------------------------------
| rollout/                |              |
|    ep_len_mean          | 8.92e+03     |
|    ep_rew_mean          | -1.41e+07    |
| time/                   |              |
|    fps                  | 404          |
|    iterations           | 53           |
|    time_elapsed         | 268          |
|    total_timesteps      | 108544       |
| train/                  |              |
|    approx_kl            | 8.544527e-05 |
|    clip_fraction        | 0            |
|    clip_range           | 0.2          |
|    entropy_loss         | -5.67        |
|    explained_variance   | 3.58e-07     |
|    learning_rate        | 0.0003       |
|    loss                 | 5.11e+08     |
|    n_updates            | 520          |
|    policy_gradient_loss | -0.000297    |
|    std                  | 0.999        |
|    value_loss           | 1.06e+09     |
------------------------------------------
------------------------------------------
| rollout/                |              |
|    ep_len_mean          | 8.92e+03     |
|    ep_rew_mean          | -1.41e+07    |
| time/                   |              |
|    fps                  | 404          |
|    iterations           | 54           |
|    time_elapsed         | 273          |
|    total_timesteps      | 110592       |
| train/                  |              |
|    approx_kl            | 9.076408e-05 |
|    clip_fraction        | 0            |
|    clip_range           | 0.2          |
|    entropy_loss         | -5.67        |
|    explained_variance   | 0            |
|    learning_rate        | 0.0003       |
|    loss                 | 4.79e+08     |
|    n_updates            | 530          |
|    policy_gradient_loss | -0.000338    |
|    std                  | 0.999        |
|    value_loss           | 9.36e+08     |
------------------------------------------
-------------------------------------------
| rollout/                |               |
|    ep_len_mean          | 8.92e+03      |
|    ep_rew_mean          | -1.41e+07     |
| time/                   |               |
|    fps                  | 405           |
|    iterations           | 55            |
|    time_elapsed         | 277           |
|    total_timesteps      | 112640        |
| train/                  |               |
|    approx_kl            | 0.00015602983 |
|    clip_fraction        | 0             |
|    clip_range           | 0.2           |
|    entropy_loss         | -5.67         |
|    explained_variance   | 1.79e-07      |
|    learning_rate        | 0.0003        |
|    loss                 | 4.33e+08      |
|    n_updates            | 540           |
|    policy_gradient_loss | -0.000553     |
|    std                  | 0.998         |
|    value_loss           | 8.92e+08      |
-------------------------------------------
------------------------------------------
| rollout/                |              |
|    ep_len_mean          | 8.92e+03     |
|    ep_rew_mean          | -1.41e+07    |
| time/                   |              |
|    fps                  | 405          |
|    iterations           | 56           |
|    time_elapsed         | 282          |
|    total_timesteps      | 114688       |
| train/                  |              |
|    approx_kl            | 9.304381e-05 |
|    clip_fraction        | 0            |
|    clip_range           | 0.2          |
|    entropy_loss         | -5.67        |
|    explained_variance   | -2.38e-07    |
|    learning_rate        | 0.0003       |
|    loss                 | 4.83e+08     |
|    n_updates            | 550          |
|    policy_gradient_loss | -0.000389    |
|    std                  | 0.998        |
|    value_loss           | 9.54e+08     |
------------------------------------------
-------------------------------------------
| rollout/                |               |
|    ep_len_mean          | 8.92e+03      |
|    ep_rew_mean          | -1.41e+07     |
| time/                   |               |
|    fps                  | 405           |
|    iterations           | 57            |
|    time_elapsed         | 287           |
|    total_timesteps      | 116736        |
| train/                  |               |
|    approx_kl            | 0.00035388378 |
|    clip_fraction        | 0             |
|    clip_range           | 0.2           |
|    entropy_loss         | -5.67         |
|    explained_variance   | 5.96e-08      |
|    learning_rate        | 0.0003        |
|    loss                 | 5.65e+08      |
|    n_updates            | 560           |
|    policy_gradient_loss | -0.000799     |
|    std                  | 0.998         |
|    value_loss           | 1.19e+09      |
-------------------------------------------
-------------------------------------------
| rollout/                |               |
|    ep_len_mean          | 8.92e+03      |
|    ep_rew_mean          | -1.41e+07     |
| time/                   |               |
|    fps                  | 405           |
|    iterations           | 58            |
|    time_elapsed         | 293           |
|    total_timesteps      | 118784        |
| train/                  |               |
|    approx_kl            | 0.00017675178 |
|    clip_fraction        | 0             |
|    clip_range           | 0.2           |
|    entropy_loss         | -5.67         |
|    explained_variance   | -2.38e-07     |
|    learning_rate        | 0.0003        |
|    loss                 | 5.34e+08      |
|    n_updates            | 570           |
|    policy_gradient_loss | -0.000655     |
|    std                  | 0.999         |
|    value_loss           | 1.09e+09      |
-------------------------------------------
-------------------------------------------
| rollout/                |               |
|    ep_len_mean          | 8.92e+03      |
|    ep_rew_mean          | -1.41e+07     |
| time/                   |               |
|    fps                  | 404           |
|    iterations           | 59            |
|    time_elapsed         | 298           |
|    total_timesteps      | 120832        |
| train/                  |               |
|    approx_kl            | 0.00016258584 |
|    clip_fraction        | 0             |
|    clip_range           | 0.2           |
|    entropy_loss         | -5.67         |
|    explained_variance   | 0             |
|    learning_rate        | 0.0003        |
|    loss                 | 4.33e+08      |
|    n_updates            | 580           |
|    policy_gradient_loss | -0.000608     |
|    std                  | 0.998         |
|    value_loss           | 9.12e+08      |
-------------------------------------------
------------------------------------------
| rollout/                |              |
|    ep_len_mean          | 8.92e+03     |
|    ep_rew_mean          | -1.41e+07    |
| time/                   |              |
|    fps                  | 405          |
|    iterations           | 60           |
|    time_elapsed         | 303          |
|    total_timesteps      | 122880       |
| train/                  |              |
|    approx_kl            | 9.044807e-05 |
|    clip_fraction        | 0            |
|    clip_range           | 0.2          |
|    entropy_loss         | -5.67        |
|    explained_variance   | 3.58e-07     |
|    learning_rate        | 0.0003       |
|    loss                 | 5.08e+08     |
|    n_updates            | 590          |
|    policy_gradient_loss | -0.000301    |
|    std                  | 0.998        |
|    value_loss           | 1.03e+09     |
------------------------------------------
------------------------------------------
| rollout/                |              |
|    ep_len_mean          | 8.92e+03     |
|    ep_rew_mean          | -1.41e+07    |
| time/                   |              |
|    fps                  | 405          |
|    iterations           | 61           |
|    time_elapsed         | 307          |
|    total_timesteps      | 124928       |
| train/                  |              |
|    approx_kl            | 8.062486e-05 |
|    clip_fraction        | 0            |
|    clip_range           | 0.2          |
|    entropy_loss         | -5.67        |
|    explained_variance   | 0            |
|    learning_rate        | 0.0003       |
|    loss                 | 5.81e+08     |
|    n_updates            | 600          |
|    policy_gradient_loss | -0.00039     |
|    std                  | 0.998        |
|    value_loss           | 1.13e+09     |
------------------------------------------
-------------------------------------------
| rollout/                |               |
|    ep_len_mean          | 8.92e+03      |
|    ep_rew_mean          | -1.41e+07     |
| time/                   |               |
|    fps                  | 406           |
|    iterations           | 62            |
|    time_elapsed         | 312           |
|    total_timesteps      | 126976        |
| train/                  |               |
|    approx_kl            | 0.00013505085 |
|    clip_fraction        | 0             |
|    clip_range           | 0.2           |
|    entropy_loss         | -5.67         |
|    explained_variance   | 2.38e-07      |
|    learning_rate        | 0.0003        |
|    loss                 | 5.6e+08       |
|    n_updates            | 610           |
|    policy_gradient_loss | -0.000524     |
|    std                  | 0.998         |
|    value_loss           | 1.12e+09      |
-------------------------------------------
-------------------------------------------
| rollout/                |               |
|    ep_len_mean          | 8.92e+03      |
|    ep_rew_mean          | -1.41e+07     |
| time/                   |               |
|    fps                  | 406           |
|    iterations           | 63            |
|    time_elapsed         | 317           |
|    total_timesteps      | 129024        |
| train/                  |               |
|    approx_kl            | 0.00011155862 |
|    clip_fraction        | 0             |
|    clip_range           | 0.2           |
|    entropy_loss         | -5.67         |
|    explained_variance   | -1.19e-07     |
|    learning_rate        | 0.0003        |
|    loss                 | 4.17e+08      |
|    n_updates            | 620           |
|    policy_gradient_loss | -0.000401     |
|    std                  | 0.998         |
|    value_loss           | 8.33e+08      |
-------------------------------------------
------------------------------------------
| rollout/                |              |
|    ep_len_mean          | 8.92e+03     |
|    ep_rew_mean          | -1.41e+07    |
| time/                   |              |
|    fps                  | 406          |
|    iterations           | 64           |
|    time_elapsed         | 322          |
|    total_timesteps      | 131072       |
| train/                  |              |
|    approx_kl            | 0.0001417807 |
|    clip_fraction        | 0            |
|    clip_range           | 0.2          |
|    entropy_loss         | -5.67        |
|    explained_variance   | 0            |
|    learning_rate        | 0.0003       |
|    loss                 | 4.69e+08     |
|    n_updates            | 630          |
|    policy_gradient_loss | -0.000543    |
|    std                  | 0.998        |
|    value_loss           | 9.26e+08     |
------------------------------------------
------------------------------------------
| rollout/                |              |
|    ep_len_mean          | 8.92e+03     |
|    ep_rew_mean          | -1.41e+07    |
| time/                   |              |
|    fps                  | 407          |
|    iterations           | 65           |
|    time_elapsed         | 326          |
|    total_timesteps      | 133120       |
| train/                  |              |
|    approx_kl            | 0.0001675789 |
|    clip_fraction        | 0            |
|    clip_range           | 0.2          |
|    entropy_loss         | -5.67        |
|    explained_variance   | -3.58e-07    |
|    learning_rate        | 0.0003       |
|    loss                 | 4.62e+08     |
|    n_updates            | 640          |
|    policy_gradient_loss | -0.000545    |
|    std                  | 0.999        |
|    value_loss           | 9.51e+08     |
------------------------------------------
------------------------------------------
| rollout/                |              |
|    ep_len_mean          | 8.92e+03     |
|    ep_rew_mean          | -1.41e+07    |
| time/                   |              |
|    fps                  | 407          |
|    iterations           | 66           |
|    time_elapsed         | 331          |
|    total_timesteps      | 135168       |
| train/                  |              |
|    approx_kl            | 0.0002904457 |
|    clip_fraction        | 0            |
|    clip_range           | 0.2          |
|    entropy_loss         | -5.67        |
|    explained_variance   | 0            |
|    learning_rate        | 0.0003       |
|    loss                 | 4.94e+08     |
|    n_updates            | 650          |
|    policy_gradient_loss | -0.000898    |
|    std                  | 0.999        |
|    value_loss           | 1.04e+09     |
------------------------------------------
-------------------------------------------
| rollout/                |               |
|    ep_len_mean          | 8.92e+03      |
|    ep_rew_mean          | -1.41e+07     |
| time/                   |               |
|    fps                  | 407           |
|    iterations           | 67            |
|    time_elapsed         | 336           |
|    total_timesteps      | 137216        |
| train/                  |               |
|    approx_kl            | 4.2251835e-05 |
|    clip_fraction        | 0             |
|    clip_range           | 0.2           |
|    entropy_loss         | -5.67         |
|    explained_variance   | 2.98e-07      |
|    learning_rate        | 0.0003        |
|    loss                 | 5.19e+08      |
|    n_updates            | 660           |
|    policy_gradient_loss | -0.000225     |
|    std                  | 0.999         |
|    value_loss           | 1.01e+09      |
-------------------------------------------
-------------------------------------------
| rollout/                |               |
|    ep_len_mean          | 8.92e+03      |
|    ep_rew_mean          | -1.41e+07     |
| time/                   |               |
|    fps                  | 407           |
|    iterations           | 68            |
|    time_elapsed         | 341           |
|    total_timesteps      | 139264        |
| train/                  |               |
|    approx_kl            | 4.6157307e-05 |
|    clip_fraction        | 0             |
|    clip_range           | 0.2           |
|    entropy_loss         | -5.67         |
|    explained_variance   | 0             |
|    learning_rate        | 0.0003        |
|    loss                 | 5.01e+08      |
|    n_updates            | 670           |
|    policy_gradient_loss | -0.000166     |
|    std                  | 0.999         |
|    value_loss           | 1.02e+09      |
-------------------------------------------
-------------------------------------------
| rollout/                |               |
|    ep_len_mean          | 8.92e+03      |
|    ep_rew_mean          | -1.41e+07     |
| time/                   |               |
|    fps                  | 407           |
|    iterations           | 69            |
|    time_elapsed         | 346           |
|    total_timesteps      | 141312        |
| train/                  |               |
|    approx_kl            | 8.0748985e-05 |
|    clip_fraction        | 0             |
|    clip_range           | 0.2           |
|    entropy_loss         | -5.67         |
|    explained_variance   | 4.77e-07      |
|    learning_rate        | 0.0003        |
|    loss                 | 5.35e+08      |
|    n_updates            | 680           |
|    policy_gradient_loss | -0.000288     |
|    std                  | 0.998         |
|    value_loss           | 1.1e+09       |
-------------------------------------------
------------------------------------------
| rollout/                |              |
|    ep_len_mean          | 8.92e+03     |
|    ep_rew_mean          | -1.42e+07    |
| time/                   |              |
|    fps                  | 407          |
|    iterations           | 70           |
|    time_elapsed         | 351          |
|    total_timesteps      | 143360       |
| train/                  |              |
|    approx_kl            | 6.200801e-05 |
|    clip_fraction        | 0            |
|    clip_range           | 0.2          |
|    entropy_loss         | -5.67        |
|    explained_variance   | -2.38e-07    |
|    learning_rate        | 0.0003       |
|    loss                 | 6.34e+08     |
|    n_updates            | 690          |
|    policy_gradient_loss | -0.000289    |
|    std                  | 0.998        |
|    value_loss           | 1.25e+09     |
------------------------------------------
--------------------------------------------
| rollout/                |                |
|    ep_len_mean          | 8.92e+03       |
|    ep_rew_mean          | -1.42e+07      |
| time/                   |                |
|    fps                  | 407            |
|    iterations           | 71             |
|    time_elapsed         | 356            |
|    total_timesteps      | 145408         |
| train/                  |                |
|    approx_kl            | 0.000121593854 |
|    clip_fraction        | 0              |
|    clip_range           | 0.2            |
|    entropy_loss         | -5.67          |
|    explained_variance   | 1.19e-07       |
|    learning_rate        | 0.0003         |
|    loss                 | 5.9e+08        |
|    n_updates            | 700            |
|    policy_gradient_loss | -0.000404      |
|    std                  | 0.998          |
|    value_loss           | 1.21e+09       |
--------------------------------------------
-------------------------------------------
| rollout/                |               |
|    ep_len_mean          | 8.92e+03      |
|    ep_rew_mean          | -1.42e+07     |
| time/                   |               |
|    fps                  | 407           |
|    iterations           | 72            |
|    time_elapsed         | 361           |
|    total_timesteps      | 147456        |
| train/                  |               |
|    approx_kl            | 0.00032792334 |
|    clip_fraction        | 0             |
|    clip_range           | 0.2           |
|    entropy_loss         | -5.67         |
|    explained_variance   | -2.38e-07     |
|    learning_rate        | 0.0003        |
|    loss                 | 4.64e+08      |
|    n_updates            | 710           |
|    policy_gradient_loss | -0.000999     |
|    std                  | 0.998         |
|    value_loss           | 9.3e+08       |
-------------------------------------------
------------------------------------------
| rollout/                |              |
|    ep_len_mean          | 8.92e+03     |
|    ep_rew_mean          | -1.42e+07    |
| time/                   |              |
|    fps                  | 406          |
|    iterations           | 73           |
|    time_elapsed         | 367          |
|    total_timesteps      | 149504       |
| train/                  |              |
|    approx_kl            | 2.650966e-05 |
|    clip_fraction        | 0            |
|    clip_range           | 0.2          |
|    entropy_loss         | -5.67        |
|    explained_variance   | 0            |
|    learning_rate        | 0.0003       |
|    loss                 | 5.31e+08     |
|    n_updates            | 720          |
|    policy_gradient_loss | -0.000148    |
|    std                  | 0.998        |
|    value_loss           | 1.03e+09     |
------------------------------------------
-------------------------------------------
| rollout/                |               |
|    ep_len_mean          | 8.92e+03      |
|    ep_rew_mean          | -1.42e+07     |
| time/                   |               |
|    fps                  | 407           |
|    iterations           | 74            |
|    time_elapsed         | 372           |
|    total_timesteps      | 151552        |
| train/                  |               |
|    approx_kl            | 0.00022494287 |
|    clip_fraction        | 0             |
|    clip_range           | 0.2           |
|    entropy_loss         | -5.67         |
|    explained_variance   | 4.17e-07      |
|    learning_rate        | 0.0003        |
|    loss                 | 5.28e+08      |
|    n_updates            | 730           |
|    policy_gradient_loss | -0.000858     |
|    std                  | 0.998         |
|    value_loss           | 1.06e+09      |
-------------------------------------------
-------------------------------------------
| rollout/                |               |
|    ep_len_mean          | 8.92e+03      |
|    ep_rew_mean          | -1.42e+07     |
| time/                   |               |
|    fps                  | 406           |
|    iterations           | 75            |
|    time_elapsed         | 377           |
|    total_timesteps      | 153600        |
| train/                  |               |
|    approx_kl            | 0.00013636105 |
|    clip_fraction        | 0             |
|    clip_range           | 0.2           |
|    entropy_loss         | -5.67         |
|    explained_variance   | 0             |
|    learning_rate        | 0.0003        |
|    loss                 | 5.36e+08      |
|    n_updates            | 740           |
|    policy_gradient_loss | -0.000454     |
|    std                  | 0.998         |
|    value_loss           | 1.06e+09      |
-------------------------------------------
------------------------------------------
| rollout/                |              |
|    ep_len_mean          | 8.92e+03     |
|    ep_rew_mean          | -1.42e+07    |
| time/                   |              |
|    fps                  | 406          |
|    iterations           | 76           |
|    time_elapsed         | 383          |
|    total_timesteps      | 155648       |
| train/                  |              |
|    approx_kl            | 5.054628e-05 |
|    clip_fraction        | 0            |
|    clip_range           | 0.2          |
|    entropy_loss         | -5.67        |
|    explained_variance   | 1.19e-07     |
|    learning_rate        | 0.0003       |
|    loss                 | 4.57e+08     |
|    n_updates            | 750          |
|    policy_gradient_loss | -0.000175    |
|    std                  | 0.998        |
|    value_loss           | 9.22e+08     |
------------------------------------------
------------------------------------------
| rollout/                |              |
|    ep_len_mean          | 8.92e+03     |
|    ep_rew_mean          | -1.42e+07    |
| time/                   |              |
|    fps                  | 406          |
|    iterations           | 77           |
|    time_elapsed         | 388          |
|    total_timesteps      | 157696       |
| train/                  |              |
|    approx_kl            | 0.0002963397 |
|    clip_fraction        | 0            |
|    clip_range           | 0.2          |
|    entropy_loss         | -5.67        |
|    explained_variance   | 0            |
|    learning_rate        | 0.0003       |
|    loss                 | 5.05e+08     |
|    n_updates            | 760          |
|    policy_gradient_loss | -0.000953    |
|    std                  | 0.998        |
|    value_loss           | 1.03e+09     |
------------------------------------------
------------------------------------------
| rollout/                |              |
|    ep_len_mean          | 8.92e+03     |
|    ep_rew_mean          | -1.42e+07    |
| time/                   |              |
|    fps                  | 406          |
|    iterations           | 78           |
|    time_elapsed         | 392          |
|    total_timesteps      | 159744       |
| train/                  |              |
|    approx_kl            | 9.300103e-05 |
|    clip_fraction        | 0            |
|    clip_range           | 0.2          |
|    entropy_loss         | -5.67        |
|    explained_variance   | 1.19e-07     |
|    learning_rate        | 0.0003       |
|    loss                 | 5.25e+08     |
|    n_updates            | 770          |
|    policy_gradient_loss | -0.000297    |
|    std                  | 0.997        |
|    value_loss           | 1.05e+09     |
------------------------------------------
-------------------------------------------
| rollout/                |               |
|    ep_len_mean          | 8.92e+03      |
|    ep_rew_mean          | -1.42e+07     |
| time/                   |               |
|    fps                  | 406           |
|    iterations           | 79            |
|    time_elapsed         | 397           |
|    total_timesteps      | 161792        |
| train/                  |               |
|    approx_kl            | 0.00011120745 |
|    clip_fraction        | 0             |
|    clip_range           | 0.2           |
|    entropy_loss         | -5.66         |
|    explained_variance   | -3.58e-07     |
|    learning_rate        | 0.0003        |
|    loss                 | 5.51e+08      |
|    n_updates            | 780           |
|    policy_gradient_loss | -0.000319     |
|    std                  | 0.997         |
|    value_loss           | 1.13e+09      |
-------------------------------------------
-------------------------------------------
| rollout/                |               |
|    ep_len_mean          | 8.92e+03      |
|    ep_rew_mean          | -1.42e+07     |
| time/                   |               |
|    fps                  | 406           |
|    iterations           | 80            |
|    time_elapsed         | 403           |
|    total_timesteps      | 163840        |
| train/                  |               |
|    approx_kl            | 0.00023836398 |
|    clip_fraction        | 0             |
|    clip_range           | 0.2           |
|    entropy_loss         | -5.66         |
|    explained_variance   | 0             |
|    learning_rate        | 0.0003        |
|    loss                 | 4.75e+08      |
|    n_updates            | 790           |
|    policy_gradient_loss | -0.00088      |
|    std                  | 0.997         |
|    value_loss           | 9.28e+08      |
-------------------------------------------
-------------------------------------------
| rollout/                |               |
|    ep_len_mean          | 8.92e+03      |
|    ep_rew_mean          | -1.42e+07     |
| time/                   |               |
|    fps                  | 405           |
|    iterations           | 81            |
|    time_elapsed         | 408           |
|    total_timesteps      | 165888        |
| train/                  |               |
|    approx_kl            | 0.00017372775 |
|    clip_fraction        | 0             |
|    clip_range           | 0.2           |
|    entropy_loss         | -5.66         |
|    explained_variance   | 0             |
|    learning_rate        | 0.0003        |
|    loss                 | 3.88e+08      |
|    n_updates            | 800           |
|    policy_gradient_loss | -0.000474     |
|    std                  | 0.997         |
|    value_loss           | 7.72e+08      |
-------------------------------------------
-------------------------------------------
| rollout/                |               |
|    ep_len_mean          | 8.92e+03      |
|    ep_rew_mean          | -1.42e+07     |
| time/                   |               |
|    fps                  | 404           |
|    iterations           | 82            |
|    time_elapsed         | 414           |
|    total_timesteps      | 167936        |
| train/                  |               |
|    approx_kl            | 0.00027156333 |
|    clip_fraction        | 0             |
|    clip_range           | 0.2           |
|    entropy_loss         | -5.66         |
|    explained_variance   | 0             |
|    learning_rate        | 0.0003        |
|    loss                 | 4.12e+08      |
|    n_updates            | 810           |
|    policy_gradient_loss | -0.000724     |
|    std                  | 0.997         |
|    value_loss           | 8.06e+08      |
-------------------------------------------
-------------------------------------------
| rollout/                |               |
|    ep_len_mean          | 8.92e+03      |
|    ep_rew_mean          | -1.41e+07     |
| time/                   |               |
|    fps                  | 404           |
|    iterations           | 83            |
|    time_elapsed         | 420           |
|    total_timesteps      | 169984        |
| train/                  |               |
|    approx_kl            | 0.00021721196 |
|    clip_fraction        | 0             |
|    clip_range           | 0.2           |
|    entropy_loss         | -5.66         |
|    explained_variance   | 1.19e-07      |
|    learning_rate        | 0.0003        |
|    loss                 | 4.24e+08      |
|    n_updates            | 820           |
|    policy_gradient_loss | -0.000685     |
|    std                  | 0.997         |
|    value_loss           | 8.64e+08      |
-------------------------------------------
------------------------------------------
| rollout/                |              |
|    ep_len_mean          | 8.92e+03     |
|    ep_rew_mean          | -1.41e+07    |
| time/                   |              |
|    fps                  | 403          |
|    iterations           | 84           |
|    time_elapsed         | 425          |
|    total_timesteps      | 172032       |
| train/                  |              |
|    approx_kl            | 7.021215e-05 |
|    clip_fraction        | 0            |
|    clip_range           | 0.2          |
|    entropy_loss         | -5.66        |
|    explained_variance   | -1.19e-07    |
|    learning_rate        | 0.0003       |
|    loss                 | 4.34e+08     |
|    n_updates            | 830          |
|    policy_gradient_loss | -0.000247    |
|    std                  | 0.997        |
|    value_loss           | 8.79e+08     |
------------------------------------------
-------------------------------------------
| rollout/                |               |
|    ep_len_mean          | 8.92e+03      |
|    ep_rew_mean          | -1.41e+07     |
| time/                   |               |
|    fps                  | 404           |
|    iterations           | 85            |
|    time_elapsed         | 430           |
|    total_timesteps      | 174080        |
| train/                  |               |
|    approx_kl            | 0.00029814677 |
|    clip_fraction        | 0             |
|    clip_range           | 0.2           |
|    entropy_loss         | -5.66         |
|    explained_variance   | -1.19e-07     |
|    learning_rate        | 0.0003        |
|    loss                 | 4.07e+08      |
|    n_updates            | 840           |
|    policy_gradient_loss | -0.000824     |
|    std                  | 0.997         |
|    value_loss           | 7.97e+08      |
-------------------------------------------
-------------------------------------------
| rollout/                |               |
|    ep_len_mean          | 8.92e+03      |
|    ep_rew_mean          | -1.41e+07     |
| time/                   |               |
|    fps                  | 404           |
|    iterations           | 86            |
|    time_elapsed         | 435           |
|    total_timesteps      | 176128        |
| train/                  |               |
|    approx_kl            | 0.00017937942 |
|    clip_fraction        | 0             |
|    clip_range           | 0.2           |
|    entropy_loss         | -5.66         |
|    explained_variance   | 0             |
|    learning_rate        | 0.0003        |
|    loss                 | 4.25e+08      |
|    n_updates            | 850           |
|    policy_gradient_loss | -0.0006       |
|    std                  | 0.997         |
|    value_loss           | 8.85e+08      |
-------------------------------------------
-------------------------------------------
| rollout/                |               |
|    ep_len_mean          | 8.92e+03      |
|    ep_rew_mean          | -1.41e+07     |
| time/                   |               |
|    fps                  | 404           |
|    iterations           | 87            |
|    time_elapsed         | 440           |
|    total_timesteps      | 178176        |
| train/                  |               |
|    approx_kl            | 0.00016333596 |
|    clip_fraction        | 0             |
|    clip_range           | 0.2           |
|    entropy_loss         | -5.66         |
|    explained_variance   | 0             |
|    learning_rate        | 0.0003        |
|    loss                 | 4.58e+08      |
|    n_updates            | 860           |
|    policy_gradient_loss | -0.000609     |
|    std                  | 0.997         |
|    value_loss           | 8.83e+08      |
-------------------------------------------
-------------------------------------------
| rollout/                |               |
|    ep_len_mean          | 8.92e+03      |
|    ep_rew_mean          | -1.41e+07     |
| time/                   |               |
|    fps                  | 404           |
|    iterations           | 88            |
|    time_elapsed         | 445           |
|    total_timesteps      | 180224        |
| train/                  |               |
|    approx_kl            | 4.2533386e-05 |
|    clip_fraction        | 0             |
|    clip_range           | 0.2           |
|    entropy_loss         | -5.66         |
|    explained_variance   | 1.19e-07      |
|    learning_rate        | 0.0003        |
|    loss                 | 4.53e+08      |
|    n_updates            | 870           |
|    policy_gradient_loss | -0.000128     |
|    std                  | 0.996         |
|    value_loss           | 9.06e+08      |
-------------------------------------------
------------------------------------------
| rollout/                |              |
|    ep_len_mean          | 8.92e+03     |
|    ep_rew_mean          | -1.41e+07    |
| time/                   |              |
|    fps                  | 404          |
|    iterations           | 89           |
|    time_elapsed         | 450          |
|    total_timesteps      | 182272       |
| train/                  |              |
|    approx_kl            | 8.360241e-05 |
|    clip_fraction        | 0            |
|    clip_range           | 0.2          |
|    entropy_loss         | -5.66        |
|    explained_variance   | -1.19e-07    |
|    learning_rate        | 0.0003       |
|    loss                 | 4.52e+08     |
|    n_updates            | 880          |
|    policy_gradient_loss | -0.000234    |
|    std                  | 0.997        |
|    value_loss           | 8.88e+08     |
------------------------------------------
------------------------------------------
| rollout/                |              |
|    ep_len_mean          | 8.92e+03     |
|    ep_rew_mean          | -1.41e+07    |
| time/                   |              |
|    fps                  | 404          |
|    iterations           | 90           |
|    time_elapsed         | 455          |
|    total_timesteps      | 184320       |
| train/                  |              |
|    approx_kl            | 6.012348e-05 |
|    clip_fraction        | 0            |
|    clip_range           | 0.2          |
|    entropy_loss         | -5.66        |
|    explained_variance   | 1.19e-07     |
|    learning_rate        | 0.0003       |
|    loss                 | 4.86e+08     |
|    n_updates            | 890          |
|    policy_gradient_loss | -0.000222    |
|    std                  | 0.997        |
|    value_loss           | 9.56e+08     |
------------------------------------------
-------------------------------------------
| rollout/                |               |
|    ep_len_mean          | 8.92e+03      |
|    ep_rew_mean          | -1.41e+07     |
| time/                   |               |
|    fps                  | 404           |
|    iterations           | 91            |
|    time_elapsed         | 460           |
|    total_timesteps      | 186368        |
| train/                  |               |
|    approx_kl            | 0.00027845084 |
|    clip_fraction        | 0             |
|    clip_range           | 0.2           |
|    entropy_loss         | -5.66         |
|    explained_variance   | 1.79e-07      |
|    learning_rate        | 0.0003        |
|    loss                 | 4.84e+08      |
|    n_updates            | 900           |
|    policy_gradient_loss | -0.000893     |
|    std                  | 0.997         |
|    value_loss           | 9.84e+08      |
-------------------------------------------
-------------------------------------------
| rollout/                |               |
|    ep_len_mean          | 8.92e+03      |
|    ep_rew_mean          | -1.41e+07     |
| time/                   |               |
|    fps                  | 404           |
|    iterations           | 92            |
|    time_elapsed         | 465           |
|    total_timesteps      | 188416        |
| train/                  |               |
|    approx_kl            | 0.00019533446 |
|    clip_fraction        | 0             |
|    clip_range           | 0.2           |
|    entropy_loss         | -5.66         |
|    explained_variance   | -1.19e-07     |
|    learning_rate        | 0.0003        |
|    loss                 | 5.17e+08      |
|    n_updates            | 910           |
|    policy_gradient_loss | -0.000656     |
|    std                  | 0.997         |
|    value_loss           | 1.02e+09      |
-------------------------------------------
------------------------------------------
| rollout/                |              |
|    ep_len_mean          | 8.92e+03     |
|    ep_rew_mean          | -1.41e+07    |
| time/                   |              |
|    fps                  | 404          |
|    iterations           | 93           |
|    time_elapsed         | 470          |
|    total_timesteps      | 190464       |
| train/                  |              |
|    approx_kl            | 0.0002450076 |
|    clip_fraction        | 0            |
|    clip_range           | 0.2          |
|    entropy_loss         | -5.66        |
|    explained_variance   | 0            |
|    learning_rate        | 0.0003       |
|    loss                 | 5.41e+08     |
|    n_updates            | 920          |
|    policy_gradient_loss | -0.000812    |
|    std                  | 0.997        |
|    value_loss           | 1.08e+09     |
------------------------------------------
-------------------------------------------
| rollout/                |               |
|    ep_len_mean          | 8.92e+03      |
|    ep_rew_mean          | -1.41e+07     |
| time/                   |               |
|    fps                  | 404           |
|    iterations           | 94            |
|    time_elapsed         | 475           |
|    total_timesteps      | 192512        |
| train/                  |               |
|    approx_kl            | 0.00021138042 |
|    clip_fraction        | 0             |
|    clip_range           | 0.2           |
|    entropy_loss         | -5.66         |
|    explained_variance   | -3.58e-07     |
|    learning_rate        | 0.0003        |
|    loss                 | 5.85e+08      |
|    n_updates            | 930           |
|    policy_gradient_loss | -0.000645     |
|    std                  | 0.997         |
|    value_loss           | 1.1e+09       |
-------------------------------------------
------------------------------------------
| rollout/                |              |
|    ep_len_mean          | 8.92e+03     |
|    ep_rew_mean          | -1.41e+07    |
| time/                   |              |
|    fps                  | 404          |
|    iterations           | 95           |
|    time_elapsed         | 480          |
|    total_timesteps      | 194560       |
| train/                  |              |
|    approx_kl            | 0.0002547079 |
|    clip_fraction        | 0            |
|    clip_range           | 0.2          |
|    entropy_loss         | -5.66        |
|    explained_variance   | 0            |
|    learning_rate        | 0.0003       |
|    loss                 | 6.63e+08     |
|    n_updates            | 940          |
|    policy_gradient_loss | -0.000628    |
|    std                  | 0.997        |
|    value_loss           | 1.36e+09     |
------------------------------------------
-------------------------------------------
| rollout/                |               |
|    ep_len_mean          | 8.92e+03      |
|    ep_rew_mean          | -1.42e+07     |
| time/                   |               |
|    fps                  | 404           |
|    iterations           | 96            |
|    time_elapsed         | 485           |
|    total_timesteps      | 196608        |
| train/                  |               |
|    approx_kl            | 0.00022250455 |
|    clip_fraction        | 0             |
|    clip_range           | 0.2           |
|    entropy_loss         | -5.66         |
|    explained_variance   | 1.79e-07      |
|    learning_rate        | 0.0003        |
|    loss                 | 7.65e+08      |
|    n_updates            | 950           |
|    policy_gradient_loss | -0.000496     |
|    std                  | 0.996         |
|    value_loss           | 1.55e+09      |
-------------------------------------------
-------------------------------------------
| rollout/                |               |
|    ep_len_mean          | 8.92e+03      |
|    ep_rew_mean          | -1.42e+07     |
| time/                   |               |
|    fps                  | 404           |
|    iterations           | 97            |
|    time_elapsed         | 490           |
|    total_timesteps      | 198656        |
| train/                  |               |
|    approx_kl            | 0.00015979417 |
|    clip_fraction        | 0             |
|    clip_range           | 0.2           |
|    entropy_loss         | -5.66         |
|    explained_variance   | -2.38e-07     |
|    learning_rate        | 0.0003        |
|    loss                 | 6.34e+08      |
|    n_updates            | 960           |
|    policy_gradient_loss | -0.000462     |
|    std                  | 0.996         |
|    value_loss           | 1.32e+09      |
-------------------------------------------
------------------------------------------
| rollout/                |              |
|    ep_len_mean          | 8.92e+03     |
|    ep_rew_mean          | -1.42e+07    |
| time/                   |              |
|    fps                  | 405          |
|    iterations           | 98           |
|    time_elapsed         | 495          |
|    total_timesteps      | 200704       |
| train/                  |              |
|    approx_kl            | 0.0001590068 |
|    clip_fraction        | 0            |
|    clip_range           | 0.2          |
|    entropy_loss         | -5.66        |
|    explained_variance   | 0            |
|    learning_rate        | 0.0003       |
|    loss                 | 4.14e+08     |
|    n_updates            | 970          |
|    policy_gradient_loss | -0.000731    |
|    std                  | 0.997        |
|    value_loss           | 8.2e+08      |
------------------------------------------
-------------------------------------------
| rollout/                |               |
|    ep_len_mean          | 8.92e+03      |
|    ep_rew_mean          | -1.42e+07     |
| time/                   |               |
|    fps                  | 405           |
|    iterations           | 99            |
|    time_elapsed         | 500           |
|    total_timesteps      | 202752        |
| train/                  |               |
|    approx_kl            | 0.00013744418 |
|    clip_fraction        | 0             |
|    clip_range           | 0.2           |
|    entropy_loss         | -5.66         |
|    explained_variance   | -3.58e-07     |
|    learning_rate        | 0.0003        |
|    loss                 | 5.28e+08      |
|    n_updates            | 980           |
|    policy_gradient_loss | -0.000441     |
|    std                  | 0.997         |
|    value_loss           | 1.02e+09      |
-------------------------------------------
-------------------------------------------
| rollout/                |               |
|    ep_len_mean          | 8.92e+03      |
|    ep_rew_mean          | -1.42e+07     |
| time/                   |               |
|    fps                  | 404           |
|    iterations           | 100           |
|    time_elapsed         | 505           |
|    total_timesteps      | 204800        |
| train/                  |               |
|    approx_kl            | 5.1711104e-06 |
|    clip_fraction        | 0             |
|    clip_range           | 0.2           |
|    entropy_loss         | -5.66         |
|    explained_variance   | 0             |
|    learning_rate        | 0.0003        |
|    loss                 | 5.05e+08      |
|    n_updates            | 990           |
|    policy_gradient_loss | -6.38e-05     |
|    std                  | 0.997         |
|    value_loss           | 1.02e+09      |
-------------------------------------------
-------------------------------------------
| rollout/                |               |
|    ep_len_mean          | 8.92e+03      |
|    ep_rew_mean          | -1.42e+07     |
| time/                   |               |
|    fps                  | 403           |
|    iterations           | 101           |
|    time_elapsed         | 512           |
|    total_timesteps      | 206848        |
| train/                  |               |
|    approx_kl            | 9.2581555e-05 |
|    clip_fraction        | 0             |
|    clip_range           | 0.2           |
|    entropy_loss         | -5.66         |
|    explained_variance   | 3.58e-07      |
|    learning_rate        | 0.0003        |
|    loss                 | 5.48e+08      |
|    n_updates            | 1000          |
|    policy_gradient_loss | -0.000415     |
|    std                  | 0.997         |
|    value_loss           | 1.06e+09      |
-------------------------------------------
------------------------------------------
| rollout/                |              |
|    ep_len_mean          | 8.92e+03     |
|    ep_rew_mean          | -1.42e+07    |
| time/                   |              |
|    fps                  | 403          |
|    iterations           | 102          |
|    time_elapsed         | 517          |
|    total_timesteps      | 208896       |
| train/                  |              |
|    approx_kl            | 7.056192e-05 |
|    clip_fraction        | 0            |
|    clip_range           | 0.2          |
|    entropy_loss         | -5.66        |
|    explained_variance   | -2.38e-07    |
|    learning_rate        | 0.0003       |
|    loss                 | 4.39e+08     |
|    n_updates            | 1010         |
|    policy_gradient_loss | -0.000327    |
|    std                  | 0.997        |
|    value_loss           | 9.29e+08     |
------------------------------------------
-------------------------------------------
| rollout/                |               |
|    ep_len_mean          | 8.92e+03      |
|    ep_rew_mean          | -1.42e+07     |
| time/                   |               |
|    fps                  | 403           |
|    iterations           | 103           |
|    time_elapsed         | 522           |
|    total_timesteps      | 210944        |
| train/                  |               |
|    approx_kl            | 8.5496955e-05 |
|    clip_fraction        | 0             |
|    clip_range           | 0.2           |
|    entropy_loss         | -5.66         |
|    explained_variance   | 0             |
|    learning_rate        | 0.0003        |
|    loss                 | 4.69e+08      |
|    n_updates            | 1020          |
|    policy_gradient_loss | -0.000382     |
|    std                  | 0.997         |
|    value_loss           | 9.49e+08      |
-------------------------------------------
-------------------------------------------
| rollout/                |               |
|    ep_len_mean          | 8.92e+03      |
|    ep_rew_mean          | -1.42e+07     |
| time/                   |               |
|    fps                  | 404           |
|    iterations           | 104           |
|    time_elapsed         | 527           |
|    total_timesteps      | 212992        |
| train/                  |               |
|    approx_kl            | 0.00012922392 |
|    clip_fraction        | 0             |
|    clip_range           | 0.2           |
|    entropy_loss         | -5.66         |
|    explained_variance   | 2.38e-07      |
|    learning_rate        | 0.0003        |
|    loss                 | 4.87e+08      |
|    n_updates            | 1030          |
|    policy_gradient_loss | -0.000425     |
|    std                  | 0.997         |
|    value_loss           | 9.64e+08      |
-------------------------------------------
-------------------------------------------
| rollout/                |               |
|    ep_len_mean          | 8.92e+03      |
|    ep_rew_mean          | -1.42e+07     |
| time/                   |               |
|    fps                  | 404           |
|    iterations           | 105           |
|    time_elapsed         | 531           |
|    total_timesteps      | 215040        |
| train/                  |               |
|    approx_kl            | 0.00012813925 |
|    clip_fraction        | 0             |
|    clip_range           | 0.2           |
|    entropy_loss         | -5.66         |
|    explained_variance   | 0             |
|    learning_rate        | 0.0003        |
|    loss                 | 4.98e+08      |
|    n_updates            | 1040          |
|    policy_gradient_loss | -0.000401     |
|    std                  | 0.997         |
|    value_loss           | 1e+09         |
-------------------------------------------
-------------------------------------------
| rollout/                |               |
|    ep_len_mean          | 8.92e+03      |
|    ep_rew_mean          | -1.42e+07     |
| time/                   |               |
|    fps                  | 404           |
|    iterations           | 106           |
|    time_elapsed         | 536           |
|    total_timesteps      | 217088        |
| train/                  |               |
|    approx_kl            | 0.00011891534 |
|    clip_fraction        | 0             |
|    clip_range           | 0.2           |
|    entropy_loss         | -5.66         |
|    explained_variance   | 0             |
|    learning_rate        | 0.0003        |
|    loss                 | 4.77e+08      |
|    n_updates            | 1050          |
|    policy_gradient_loss | -0.000586     |
|    std                  | 0.997         |
|    value_loss           | 1.03e+09      |
-------------------------------------------
-------------------------------------------
| rollout/                |               |
|    ep_len_mean          | 8.92e+03      |
|    ep_rew_mean          | -1.42e+07     |
| time/                   |               |
|    fps                  | 405           |
|    iterations           | 107           |
|    time_elapsed         | 541           |
|    total_timesteps      | 219136        |
| train/                  |               |
|    approx_kl            | 0.00016995077 |
|    clip_fraction        | 0             |
|    clip_range           | 0.2           |
|    entropy_loss         | -5.66         |
|    explained_variance   | -2.38e-07     |
|    learning_rate        | 0.0003        |
|    loss                 | 4.49e+08      |
|    n_updates            | 1060          |
|    policy_gradient_loss | -0.000537     |
|    std                  | 0.997         |
|    value_loss           | 8.71e+08      |
-------------------------------------------
------------------------------------------
| rollout/                |              |
|    ep_len_mean          | 8.92e+03     |
|    ep_rew_mean          | -1.42e+07    |
| time/                   |              |
|    fps                  | 405          |
|    iterations           | 108          |
|    time_elapsed         | 545          |
|    total_timesteps      | 221184       |
| train/                  |              |
|    approx_kl            | 0.0005725757 |
|    clip_fraction        | 0            |
|    clip_range           | 0.2          |
|    entropy_loss         | -5.66        |
|    explained_variance   | 0            |
|    learning_rate        | 0.0003       |
|    loss                 | 5.36e+08     |
|    n_updates            | 1070         |
|    policy_gradient_loss | -0.00125     |
|    std                  | 0.996        |
|    value_loss           | 1.13e+09     |
------------------------------------------
-------------------------------------------
| rollout/                |               |
|    ep_len_mean          | 8.92e+03      |
|    ep_rew_mean          | -1.42e+07     |
| time/                   |               |
|    fps                  | 405           |
|    iterations           | 109           |
|    time_elapsed         | 550           |
|    total_timesteps      | 223232        |
| train/                  |               |
|    approx_kl            | 0.00011003544 |
|    clip_fraction        | 0             |
|    clip_range           | 0.2           |
|    entropy_loss         | -5.66         |
|    explained_variance   | 2.38e-07      |
|    learning_rate        | 0.0003        |
|    loss                 | 6.71e+08      |
|    n_updates            | 1080          |
|    policy_gradient_loss | -0.000325     |
|    std                  | 0.997         |
|    value_loss           | 1.34e+09      |
-------------------------------------------
-------------------------------------------
| rollout/                |               |
|    ep_len_mean          | 8.92e+03      |
|    ep_rew_mean          | -1.42e+07     |
| time/                   |               |
|    fps                  | 405           |
|    iterations           | 110           |
|    time_elapsed         | 555           |
|    total_timesteps      | 225280        |
| train/                  |               |
|    approx_kl            | 0.00017323974 |
|    clip_fraction        | 0             |
|    clip_range           | 0.2           |
|    entropy_loss         | -5.66         |
|    explained_variance   | -1.19e-07     |
|    learning_rate        | 0.0003        |
|    loss                 | 5.55e+08      |
|    n_updates            | 1090          |
|    policy_gradient_loss | -0.000465     |
|    std                  | 0.997         |
|    value_loss           | 1.1e+09       |
-------------------------------------------
-------------------------------------------
| rollout/                |               |
|    ep_len_mean          | 8.92e+03      |
|    ep_rew_mean          | -1.42e+07     |
| time/                   |               |
|    fps                  | 404           |
|    iterations           | 111           |
|    time_elapsed         | 561           |
|    total_timesteps      | 227328        |
| train/                  |               |
|    approx_kl            | 0.00012090799 |
|    clip_fraction        | 0             |
|    clip_range           | 0.2           |
|    entropy_loss         | -5.66         |
|    explained_variance   | 1.19e-07      |
|    learning_rate        | 0.0003        |
|    loss                 | 4.22e+08      |
|    n_updates            | 1100          |
|    policy_gradient_loss | -0.000425     |
|    std                  | 0.997         |
|    value_loss           | 8.41e+08      |
-------------------------------------------
-------------------------------------------
| rollout/                |               |
|    ep_len_mean          | 8.92e+03      |
|    ep_rew_mean          | -1.42e+07     |
| time/                   |               |
|    fps                  | 404           |
|    iterations           | 112           |
|    time_elapsed         | 566           |
|    total_timesteps      | 229376        |
| train/                  |               |
|    approx_kl            | 0.00047032745 |
|    clip_fraction        | 0             |
|    clip_range           | 0.2           |
|    entropy_loss         | -5.66         |
|    explained_variance   | -4.77e-07     |
|    learning_rate        | 0.0003        |
|    loss                 | 4.94e+08      |
|    n_updates            | 1110          |
|    policy_gradient_loss | -0.00138      |
|    std                  | 0.996         |
|    value_loss           | 9.91e+08      |
-------------------------------------------
-------------------------------------------
| rollout/                |               |
|    ep_len_mean          | 8.92e+03      |
|    ep_rew_mean          | -1.42e+07     |
| time/                   |               |
|    fps                  | 404           |
|    iterations           | 113           |
|    time_elapsed         | 571           |
|    total_timesteps      | 231424        |
| train/                  |               |
|    approx_kl            | 0.00010614129 |
|    clip_fraction        | 0             |
|    clip_range           | 0.2           |
|    entropy_loss         | -5.66         |
|    explained_variance   | 0             |
|    learning_rate        | 0.0003        |
|    loss                 | 4.81e+08      |
|    n_updates            | 1120          |
|    policy_gradient_loss | -0.000327     |
|    std                  | 0.996         |
|    value_loss           | 9.56e+08      |
-------------------------------------------
-------------------------------------------
| rollout/                |               |
|    ep_len_mean          | 8.92e+03      |
|    ep_rew_mean          | -1.42e+07     |
| time/                   |               |
|    fps                  | 405           |
|    iterations           | 114           |
|    time_elapsed         | 576           |
|    total_timesteps      | 233472        |
| train/                  |               |
|    approx_kl            | 0.00022866571 |
|    clip_fraction        | 0             |
|    clip_range           | 0.2           |
|    entropy_loss         | -5.66         |
|    explained_variance   | 4.77e-07      |
|    learning_rate        | 0.0003        |
|    loss                 | 5.32e+08      |
|    n_updates            | 1130          |
|    policy_gradient_loss | -0.000623     |
|    std                  | 0.996         |
|    value_loss           | 1.08e+09      |
-------------------------------------------
-------------------------------------------
| rollout/                |               |
|    ep_len_mean          | 8.92e+03      |
|    ep_rew_mean          | -1.42e+07     |
| time/                   |               |
|    fps                  | 404           |
|    iterations           | 115           |
|    time_elapsed         | 581           |
|    total_timesteps      | 235520        |
| train/                  |               |
|    approx_kl            | 0.00011640726 |
|    clip_fraction        | 0             |
|    clip_range           | 0.2           |
|    entropy_loss         | -5.66         |
|    explained_variance   | -1.19e-07     |
|    learning_rate        | 0.0003        |
|    loss                 | 4.55e+08      |
|    n_updates            | 1140          |
|    policy_gradient_loss | -0.000348     |
|    std                  | 0.996         |
|    value_loss           | 9.4e+08       |
-------------------------------------------
------------------------------------------
| rollout/                |              |
|    ep_len_mean          | 8.92e+03     |
|    ep_rew_mean          | -1.42e+07    |
| time/                   |              |
|    fps                  | 404          |
|    iterations           | 116          |
|    time_elapsed         | 587          |
|    total_timesteps      | 237568       |
| train/                  |              |
|    approx_kl            | 0.0002466709 |
|    clip_fraction        | 0            |
|    clip_range           | 0.2          |
|    entropy_loss         | -5.66        |
|    explained_variance   | 0            |
|    learning_rate        | 0.0003       |
|    loss                 | 4.91e+08     |
|    n_updates            | 1150         |
|    policy_gradient_loss | -0.000688    |
|    std                  | 0.996        |
|    value_loss           | 9.68e+08     |
------------------------------------------
------------------------------------------
| rollout/                |              |
|    ep_len_mean          | 8.92e+03     |
|    ep_rew_mean          | -1.42e+07    |
| time/                   |              |
|    fps                  | 404          |
|    iterations           | 117          |
|    time_elapsed         | 592          |
|    total_timesteps      | 239616       |
| train/                  |              |
|    approx_kl            | 8.521561e-05 |
|    clip_fraction        | 0            |
|    clip_range           | 0.2          |
|    entropy_loss         | -5.66        |
|    explained_variance   | -3.58e-07    |
|    learning_rate        | 0.0003       |
|    loss                 | 5.32e+08     |
|    n_updates            | 1160         |
|    policy_gradient_loss | -0.000212    |
|    std                  | 0.996        |
|    value_loss           | 1.04e+09     |
------------------------------------------
-------------------------------------------
| rollout/                |               |
|    ep_len_mean          | 8.92e+03      |
|    ep_rew_mean          | -1.42e+07     |
| time/                   |               |
|    fps                  | 404           |
|    iterations           | 118           |
|    time_elapsed         | 597           |
|    total_timesteps      | 241664        |
| train/                  |               |
|    approx_kl            | 0.00023584525 |
|    clip_fraction        | 0             |
|    clip_range           | 0.2           |
|    entropy_loss         | -5.66         |
|    explained_variance   | 0             |
|    learning_rate        | 0.0003        |
|    loss                 | 5.99e+08      |
|    n_updates            | 1170          |
|    policy_gradient_loss | -0.000591     |
|    std                  | 0.996         |
|    value_loss           | 1.17e+09      |
-------------------------------------------
------------------------------------------
| rollout/                |              |
|    ep_len_mean          | 8.92e+03     |
|    ep_rew_mean          | -1.42e+07    |
| time/                   |              |
|    fps                  | 404          |
|    iterations           | 119          |
|    time_elapsed         | 601          |
|    total_timesteps      | 243712       |
| train/                  |              |
|    approx_kl            | 9.432505e-05 |
|    clip_fraction        | 0            |
|    clip_range           | 0.2          |
|    entropy_loss         | -5.66        |
|    explained_variance   | 2.38e-07     |
|    learning_rate        | 0.0003       |
|    loss                 | 5.59e+08     |
|    n_updates            | 1180         |
|    policy_gradient_loss | -0.000358    |
|    std                  | 0.996        |
|    value_loss           | 1.11e+09     |
------------------------------------------
-----------------------------------------
| rollout/                |             |
|    ep_len_mean          | 8.92e+03    |
|    ep_rew_mean          | -1.42e+07   |
| time/                   |             |
|    fps                  | 404         |
|    iterations           | 120         |
|    time_elapsed         | 607         |
|    total_timesteps      | 245760      |
| train/                  |             |
|    approx_kl            | 0.000284751 |
|    clip_fraction        | 0           |
|    clip_range           | 0.2         |
|    entropy_loss         | -5.66       |
|    explained_variance   | -2.38e-07   |
|    learning_rate        | 0.0003      |
|    loss                 | 4.58e+08    |
|    n_updates            | 1190        |
|    policy_gradient_loss | -0.00104    |
|    std                  | 0.996       |
|    value_loss           | 9.08e+08    |
-----------------------------------------
-------------------------------------------
| rollout/                |               |
|    ep_len_mean          | 8.92e+03      |
|    ep_rew_mean          | -1.42e+07     |
| time/                   |               |
|    fps                  | 404           |
|    iterations           | 121           |
|    time_elapsed         | 612           |
|    total_timesteps      | 247808        |
| train/                  |               |
|    approx_kl            | 0.00024135073 |
|    clip_fraction        | 0             |
|    clip_range           | 0.2           |
|    entropy_loss         | -5.66         |
|    explained_variance   | 0             |
|    learning_rate        | 0.0003        |
|    loss                 | 4.99e+08      |
|    n_updates            | 1200          |
|    policy_gradient_loss | -0.000862     |
|    std                  | 0.996         |
|    value_loss           | 1.01e+09      |
-------------------------------------------
-------------------------------------------
| rollout/                |               |
|    ep_len_mean          | 8.92e+03      |
|    ep_rew_mean          | -1.42e+07     |
| time/                   |               |
|    fps                  | 404           |
|    iterations           | 122           |
|    time_elapsed         | 617           |
|    total_timesteps      | 249856        |
| train/                  |               |
|    approx_kl            | 0.00022010674 |
|    clip_fraction        | 0             |
|    clip_range           | 0.2           |
|    entropy_loss         | -5.66         |
|    explained_variance   | 2.38e-07      |
|    learning_rate        | 0.0003        |
|    loss                 | 5.63e+08      |
|    n_updates            | 1210          |
|    policy_gradient_loss | -0.000705     |
|    std                  | 0.995         |
|    value_loss           | 1.13e+09      |
-------------------------------------------
-----------------------------------------
| rollout/                |             |
|    ep_len_mean          | 8.92e+03    |
|    ep_rew_mean          | -1.42e+07   |
| time/                   |             |
|    fps                  | 404         |
|    iterations           | 123         |
|    time_elapsed         | 622         |
|    total_timesteps      | 251904      |
| train/                  |             |
|    approx_kl            | 8.49643e-05 |
|    clip_fraction        | 0           |
|    clip_range           | 0.2         |
|    entropy_loss         | -5.66       |
|    explained_variance   | 0           |
|    learning_rate        | 0.0003      |
|    loss                 | 5.27e+08    |
|    n_updates            | 1220        |
|    policy_gradient_loss | -0.000496   |
|    std                  | 0.995       |
|    value_loss           | 1.09e+09    |
-----------------------------------------
-------------------------------------------
| rollout/                |               |
|    ep_len_mean          | 8.92e+03      |
|    ep_rew_mean          | -1.42e+07     |
| time/                   |               |
|    fps                  | 404           |
|    iterations           | 124           |
|    time_elapsed         | 627           |
|    total_timesteps      | 253952        |
| train/                  |               |
|    approx_kl            | 0.00014936714 |
|    clip_fraction        | 0             |
|    clip_range           | 0.2           |
|    entropy_loss         | -5.66         |
|    explained_variance   | 1.19e-07      |
|    learning_rate        | 0.0003        |
|    loss                 | 4.04e+08      |
|    n_updates            | 1230          |
|    policy_gradient_loss | -0.000567     |
|    std                  | 0.995         |
|    value_loss           | 8.09e+08      |
-------------------------------------------
-------------------------------------------
| rollout/                |               |
|    ep_len_mean          | 8.92e+03      |
|    ep_rew_mean          | -1.42e+07     |
| time/                   |               |
|    fps                  | 404           |
|    iterations           | 125           |
|    time_elapsed         | 632           |
|    total_timesteps      | 256000        |
| train/                  |               |
|    approx_kl            | 7.3659816e-05 |
|    clip_fraction        | 0             |
|    clip_range           | 0.2           |
|    entropy_loss         | -5.66         |
|    explained_variance   | -2.38e-07     |
|    learning_rate        | 0.0003        |
|    loss                 | 4.58e+08      |
|    n_updates            | 1240          |
|    policy_gradient_loss | -0.000283     |
|    std                  | 0.995         |
|    value_loss           | 9.14e+08      |
-------------------------------------------
-------------------------------------------
| rollout/                |               |
|    ep_len_mean          | 8.92e+03      |
|    ep_rew_mean          | -1.42e+07     |
| time/                   |               |
|    fps                  | 404           |
|    iterations           | 126           |
|    time_elapsed         | 637           |
|    total_timesteps      | 258048        |
| train/                  |               |
|    approx_kl            | 0.00027803046 |
|    clip_fraction        | 0             |
|    clip_range           | 0.2           |
|    entropy_loss         | -5.65         |
|    explained_variance   | 0             |
|    learning_rate        | 0.0003        |
|    loss                 | 4.46e+08      |
|    n_updates            | 1250          |
|    policy_gradient_loss | -0.000955     |
|    std                  | 0.995         |
|    value_loss           | 9.15e+08      |
-------------------------------------------
------------------------------------------
| rollout/                |              |
|    ep_len_mean          | 8.92e+03     |
|    ep_rew_mean          | -1.42e+07    |
| time/                   |              |
|    fps                  | 405          |
|    iterations           | 127          |
|    time_elapsed         | 642          |
|    total_timesteps      | 260096       |
| train/                  |              |
|    approx_kl            | 0.0001893139 |
|    clip_fraction        | 0            |
|    clip_range           | 0.2          |
|    entropy_loss         | -5.65        |
|    explained_variance   | 2.98e-07     |
|    learning_rate        | 0.0003       |
|    loss                 | 4.97e+08     |
|    n_updates            | 1260         |
|    policy_gradient_loss | -0.000624    |
|    std                  | 0.995        |
|    value_loss           | 9.73e+08     |
------------------------------------------
-------------------------------------------
| rollout/                |               |
|    ep_len_mean          | 8.92e+03      |
|    ep_rew_mean          | -1.42e+07     |
| time/                   |               |
|    fps                  | 405           |
|    iterations           | 128           |
|    time_elapsed         | 647           |
|    total_timesteps      | 262144        |
| train/                  |               |
|    approx_kl            | 4.4050015e-05 |
|    clip_fraction        | 0             |
|    clip_range           | 0.2           |
|    entropy_loss         | -5.65         |
|    explained_variance   | 0             |
|    learning_rate        | 0.0003        |
|    loss                 | 4.66e+08      |
|    n_updates            | 1270          |
|    policy_gradient_loss | -0.000252     |
|    std                  | 0.995         |
|    value_loss           | 8.96e+08      |
-------------------------------------------
------------------------------------------
| rollout/                |              |
|    ep_len_mean          | 8.92e+03     |
|    ep_rew_mean          | -1.42e+07    |
| time/                   |              |
|    fps                  | 405          |
|    iterations           | 129          |
|    time_elapsed         | 651          |
|    total_timesteps      | 264192       |
| train/                  |              |
|    approx_kl            | 7.345696e-05 |
|    clip_fraction        | 0            |
|    clip_range           | 0.2          |
|    entropy_loss         | -5.65        |
|    explained_variance   | 0            |
|    learning_rate        | 0.0003       |
|    loss                 | 4.39e+08     |
|    n_updates            | 1280         |
|    policy_gradient_loss | -0.000237    |
|    std                  | 0.995        |
|    value_loss           | 8.69e+08     |
------------------------------------------
-------------------------------------------
| rollout/                |               |
|    ep_len_mean          | 8.92e+03      |
|    ep_rew_mean          | -1.42e+07     |
| time/                   |               |
|    fps                  | 405           |
|    iterations           | 130           |
|    time_elapsed         | 657           |
|    total_timesteps      | 266240        |
| train/                  |               |
|    approx_kl            | 0.00026056267 |
|    clip_fraction        | 0             |
|    clip_range           | 0.2           |
|    entropy_loss         | -5.66         |
|    explained_variance   | -1.19e-07     |
|    learning_rate        | 0.0003        |
|    loss                 | 4.61e+08      |
|    n_updates            | 1290          |
|    policy_gradient_loss | -0.000788     |
|    std                  | 0.995         |
|    value_loss           | 9.22e+08      |
-------------------------------------------
-------------------------------------------
| rollout/                |               |
|    ep_len_mean          | 8.92e+03      |
|    ep_rew_mean          | -1.41e+07     |
| time/                   |               |
|    fps                  | 404           |
|    iterations           | 131           |
|    time_elapsed         | 662           |
|    total_timesteps      | 268288        |
| train/                  |               |
|    approx_kl            | 0.00016243511 |
|    clip_fraction        | 0             |
|    clip_range           | 0.2           |
|    entropy_loss         | -5.66         |
|    explained_variance   | 0             |
|    learning_rate        | 0.0003        |
|    loss                 | 4.72e+08      |
|    n_updates            | 1300          |
|    policy_gradient_loss | -0.00063      |
|    std                  | 0.995         |
|    value_loss           | 9.82e+08      |
-------------------------------------------
-------------------------------------------
| rollout/                |               |
|    ep_len_mean          | 8.92e+03      |
|    ep_rew_mean          | -1.41e+07     |
| time/                   |               |
|    fps                  | 405           |
|    iterations           | 132           |
|    time_elapsed         | 667           |
|    total_timesteps      | 270336        |
| train/                  |               |
|    approx_kl            | 1.0262156e-05 |
|    clip_fraction        | 0             |
|    clip_range           | 0.2           |
|    entropy_loss         | -5.66         |
|    explained_variance   | 2.38e-07      |
|    learning_rate        | 0.0003        |
|    loss                 | 5.26e+08      |
|    n_updates            | 1310          |
|    policy_gradient_loss | -5.01e-05     |
|    std                  | 0.995         |
|    value_loss           | 1.05e+09      |
-------------------------------------------
-------------------------------------------
| rollout/                |               |
|    ep_len_mean          | 8.92e+03      |
|    ep_rew_mean          | -1.41e+07     |
| time/                   |               |
|    fps                  | 405           |
|    iterations           | 133           |
|    time_elapsed         | 671           |
|    total_timesteps      | 272384        |
| train/                  |               |
|    approx_kl            | 0.00021245625 |
|    clip_fraction        | 0             |
|    clip_range           | 0.2           |
|    entropy_loss         | -5.66         |
|    explained_variance   | 0             |
|    learning_rate        | 0.0003        |
|    loss                 | 5.11e+08      |
|    n_updates            | 1320          |
|    policy_gradient_loss | -0.000607     |
|    std                  | 0.995         |
|    value_loss           | 1.04e+09      |
-------------------------------------------
-------------------------------------------
| rollout/                |               |
|    ep_len_mean          | 8.92e+03      |
|    ep_rew_mean          | -1.41e+07     |
| time/                   |               |
|    fps                  | 405           |
|    iterations           | 134           |
|    time_elapsed         | 676           |
|    total_timesteps      | 274432        |
| train/                  |               |
|    approx_kl            | 5.5358338e-05 |
|    clip_fraction        | 0             |
|    clip_range           | 0.2           |
|    entropy_loss         | -5.66         |
|    explained_variance   | 0             |
|    learning_rate        | 0.0003        |
|    loss                 | 5.91e+08      |
|    n_updates            | 1330          |
|    policy_gradient_loss | -0.000159     |
|    std                  | 0.995         |
|    value_loss           | 1.2e+09       |
-------------------------------------------
-------------------------------------------
| rollout/                |               |
|    ep_len_mean          | 8.92e+03      |
|    ep_rew_mean          | -1.42e+07     |
| time/                   |               |
|    fps                  | 405           |
|    iterations           | 135           |
|    time_elapsed         | 681           |
|    total_timesteps      | 276480        |
| train/                  |               |
|    approx_kl            | 0.00016403064 |
|    clip_fraction        | 0             |
|    clip_range           | 0.2           |
|    entropy_loss         | -5.66         |
|    explained_variance   | -1.19e-07     |
|    learning_rate        | 0.0003        |
|    loss                 | 6.73e+08      |
|    n_updates            | 1340          |
|    policy_gradient_loss | -0.000418     |
|    std                  | 0.995         |
|    value_loss           | 1.33e+09      |
-------------------------------------------
-------------------------------------------
| rollout/                |               |
|    ep_len_mean          | 8.92e+03      |
|    ep_rew_mean          | -1.42e+07     |
| time/                   |               |
|    fps                  | 405           |
|    iterations           | 136           |
|    time_elapsed         | 686           |
|    total_timesteps      | 278528        |
| train/                  |               |
|    approx_kl            | 3.1536154e-05 |
|    clip_fraction        | 0             |
|    clip_range           | 0.2           |
|    entropy_loss         | -5.66         |
|    explained_variance   | 0             |
|    learning_rate        | 0.0003        |
|    loss                 | 6.83e+08      |
|    n_updates            | 1350          |
|    policy_gradient_loss | -0.000186     |
|    std                  | 0.995         |
|    value_loss           | 1.38e+09      |
-------------------------------------------
------------------------------------------
| rollout/                |              |
|    ep_len_mean          | 8.92e+03     |
|    ep_rew_mean          | -1.42e+07    |
| time/                   |              |
|    fps                  | 406          |
|    iterations           | 137          |
|    time_elapsed         | 690          |
|    total_timesteps      | 280576       |
| train/                  |              |
|    approx_kl            | 8.232854e-05 |
|    clip_fraction        | 0            |
|    clip_range           | 0.2          |
|    entropy_loss         | -5.65        |
|    explained_variance   | 2.38e-07     |
|    learning_rate        | 0.0003       |
|    loss                 | 4.51e+08     |
|    n_updates            | 1360         |
|    policy_gradient_loss | -0.000307    |
|    std                  | 0.995        |
|    value_loss           | 8.94e+08     |
------------------------------------------
-------------------------------------------
| rollout/                |               |
|    ep_len_mean          | 8.92e+03      |
|    ep_rew_mean          | -1.42e+07     |
| time/                   |               |
|    fps                  | 406           |
|    iterations           | 138           |
|    time_elapsed         | 695           |
|    total_timesteps      | 282624        |
| train/                  |               |
|    approx_kl            | 0.00029275156 |
|    clip_fraction        | 0             |
|    clip_range           | 0.2           |
|    entropy_loss         | -5.65         |
|    explained_variance   | -1.19e-07     |
|    learning_rate        | 0.0003        |
|    loss                 | 5.67e+08      |
|    n_updates            | 1370          |
|    policy_gradient_loss | -0.000906     |
|    std                  | 0.995         |
|    value_loss           | 1.1e+09       |
-------------------------------------------
-------------------------------------------
| rollout/                |               |
|    ep_len_mean          | 8.92e+03      |
|    ep_rew_mean          | -1.42e+07     |
| time/                   |               |
|    fps                  | 406           |
|    iterations           | 139           |
|    time_elapsed         | 699           |
|    total_timesteps      | 284672        |
| train/                  |               |
|    approx_kl            | 2.6583497e-05 |
|    clip_fraction        | 0             |
|    clip_range           | 0.2           |
|    entropy_loss         | -5.65         |
|    explained_variance   | 0             |
|    learning_rate        | 0.0003        |
|    loss                 | 5.04e+08      |
|    n_updates            | 1380          |
|    policy_gradient_loss | -0.000168     |
|    std                  | 0.994         |
|    value_loss           | 1.06e+09      |
-------------------------------------------
-------------------------------------------
| rollout/                |               |
|    ep_len_mean          | 8.92e+03      |
|    ep_rew_mean          | -1.42e+07     |
| time/                   |               |
|    fps                  | 406           |
|    iterations           | 140           |
|    time_elapsed         | 704           |
|    total_timesteps      | 286720        |
| train/                  |               |
|    approx_kl            | 0.00028374602 |
|    clip_fraction        | 0             |
|    clip_range           | 0.2           |
|    entropy_loss         | -5.65         |
|    explained_variance   | -2.38e-07     |
|    learning_rate        | 0.0003        |
|    loss                 | 6.87e+08      |
|    n_updates            | 1390          |
|    policy_gradient_loss | -0.000749     |
|    std                  | 0.994         |
|    value_loss           | 1.33e+09      |
-------------------------------------------
-------------------------------------------
| rollout/                |               |
|    ep_len_mean          | 8.92e+03      |
|    ep_rew_mean          | -1.42e+07     |
| time/                   |               |
|    fps                  | 406           |
|    iterations           | 141           |
|    time_elapsed         | 709           |
|    total_timesteps      | 288768        |
| train/                  |               |
|    approx_kl            | 0.00012483791 |
|    clip_fraction        | 0             |
|    clip_range           | 0.2           |
|    entropy_loss         | -5.65         |
|    explained_variance   | 0             |
|    learning_rate        | 0.0003        |
|    loss                 | 5.87e+08      |
|    n_updates            | 1400          |
|    policy_gradient_loss | -0.000654     |
|    std                  | 0.994         |
|    value_loss           | 1.1e+09       |
-------------------------------------------
-------------------------------------------
| rollout/                |               |
|    ep_len_mean          | 8.92e+03      |
|    ep_rew_mean          | -1.42e+07     |
| time/                   |               |
|    fps                  | 406           |
|    iterations           | 142           |
|    time_elapsed         | 715           |
|    total_timesteps      | 290816        |
| train/                  |               |
|    approx_kl            | 6.6221983e-06 |
|    clip_fraction        | 0             |
|    clip_range           | 0.2           |
|    entropy_loss         | -5.65         |
|    explained_variance   | 1.19e-07      |
|    learning_rate        | 0.0003        |
|    loss                 | 4.41e+08      |
|    n_updates            | 1410          |
|    policy_gradient_loss | -5.95e-05     |
|    std                  | 0.994         |
|    value_loss           | 8.42e+08      |
-------------------------------------------
-------------------------------------------
| rollout/                |               |
|    ep_len_mean          | 8.92e+03      |
|    ep_rew_mean          | -1.42e+07     |
| time/                   |               |
|    fps                  | 406           |
|    iterations           | 143           |
|    time_elapsed         | 720           |
|    total_timesteps      | 292864        |
| train/                  |               |
|    approx_kl            | 1.1446624e-05 |
|    clip_fraction        | 0             |
|    clip_range           | 0.2           |
|    entropy_loss         | -5.65         |
|    explained_variance   | -1.19e-07     |
|    learning_rate        | 0.0003        |
|    loss                 | 4.38e+08      |
|    n_updates            | 1420          |
|    policy_gradient_loss | -0.000104     |
|    std                  | 0.993         |
|    value_loss           | 8.83e+08      |
-------------------------------------------
-------------------------------------------
| rollout/                |               |
|    ep_len_mean          | 8.92e+03      |
|    ep_rew_mean          | -1.42e+07     |
| time/                   |               |
|    fps                  | 405           |
|    iterations           | 144           |
|    time_elapsed         | 727           |
|    total_timesteps      | 294912        |
| train/                  |               |
|    approx_kl            | 0.00013084325 |
|    clip_fraction        | 0             |
|    clip_range           | 0.2           |
|    entropy_loss         | -5.65         |
|    explained_variance   | 1.19e-07      |
|    learning_rate        | 0.0003        |
|    loss                 | 4.75e+08      |
|    n_updates            | 1430          |
|    policy_gradient_loss | -0.000382     |
|    std                  | 0.993         |
|    value_loss           | 9.24e+08      |
-------------------------------------------
-------------------------------------------
| rollout/                |               |
|    ep_len_mean          | 8.92e+03      |
|    ep_rew_mean          | -1.42e+07     |
| time/                   |               |
|    fps                  | 405           |
|    iterations           | 145           |
|    time_elapsed         | 732           |
|    total_timesteps      | 296960        |
| train/                  |               |
|    approx_kl            | 4.5266206e-05 |
|    clip_fraction        | 0             |
|    clip_range           | 0.2           |
|    entropy_loss         | -5.65         |
|    explained_variance   | -3.58e-07     |
|    learning_rate        | 0.0003        |
|    loss                 | 4.83e+08      |
|    n_updates            | 1440          |
|    policy_gradient_loss | -0.000247     |
|    std                  | 0.993         |
|    value_loss           | 9.58e+08      |
-------------------------------------------
------------------------------------------
| rollout/                |              |
|    ep_len_mean          | 8.92e+03     |
|    ep_rew_mean          | -1.42e+07    |
| time/                   |              |
|    fps                  | 405          |
|    iterations           | 146          |
|    time_elapsed         | 736          |
|    total_timesteps      | 299008       |
| train/                  |              |
|    approx_kl            | 9.847747e-05 |
|    clip_fraction        | 0            |
|    clip_range           | 0.2          |
|    entropy_loss         | -5.65        |
|    explained_variance   | 0            |
|    learning_rate        | 0.0003       |
|    loss                 | 4.55e+08     |
|    n_updates            | 1450         |
|    policy_gradient_loss | -0.000376    |
|    std                  | 0.993        |
|    value_loss           | 8.59e+08     |
------------------------------------------
-------------------------------------------
| rollout/                |               |
|    ep_len_mean          | 8.92e+03      |
|    ep_rew_mean          | -1.42e+07     |
| time/                   |               |
|    fps                  | 405           |
|    iterations           | 147           |
|    time_elapsed         | 742           |
|    total_timesteps      | 301056        |
| train/                  |               |
|    approx_kl            | 0.00013816336 |
|    clip_fraction        | 0             |
|    clip_range           | 0.2           |
|    entropy_loss         | -5.65         |
|    explained_variance   | 4.17e-07      |
|    learning_rate        | 0.0003        |
|    loss                 | 5.06e+08      |
|    n_updates            | 1460          |
|    policy_gradient_loss | -0.000646     |
|    std                  | 0.993         |
|    value_loss           | 1e+09         |
-------------------------------------------
-------------------------------------------
| rollout/                |               |
|    ep_len_mean          | 8.92e+03      |
|    ep_rew_mean          | -1.42e+07     |
| time/                   |               |
|    fps                  | 405           |
|    iterations           | 148           |
|    time_elapsed         | 747           |
|    total_timesteps      | 303104        |
| train/                  |               |
|    approx_kl            | 0.00013520304 |
|    clip_fraction        | 0             |
|    clip_range           | 0.2           |
|    entropy_loss         | -5.65         |
|    explained_variance   | -4.77e-07     |
|    learning_rate        | 0.0003        |
|    loss                 | 5.27e+08      |
|    n_updates            | 1470          |
|    policy_gradient_loss | -0.000466     |
|    std                  | 0.993         |
|    value_loss           | 1.04e+09      |
-------------------------------------------
-------------------------------------------
| rollout/                |               |
|    ep_len_mean          | 8.92e+03      |
|    ep_rew_mean          | -1.42e+07     |
| time/                   |               |
|    fps                  | 405           |
|    iterations           | 149           |
|    time_elapsed         | 752           |
|    total_timesteps      | 305152        |
| train/                  |               |
|    approx_kl            | 0.00028393982 |
|    clip_fraction        | 0             |
|    clip_range           | 0.2           |
|    entropy_loss         | -5.65         |
|    explained_variance   | 0             |
|    learning_rate        | 0.0003        |
|    loss                 | 5.32e+08      |
|    n_updates            | 1480          |
|    policy_gradient_loss | -0.000869     |
|    std                  | 0.993         |
|    value_loss           | 1.08e+09      |
-------------------------------------------
-------------------------------------------
| rollout/                |               |
|    ep_len_mean          | 8.92e+03      |
|    ep_rew_mean          | -1.42e+07     |
| time/                   |               |
|    fps                  | 405           |
|    iterations           | 150           |
|    time_elapsed         | 758           |
|    total_timesteps      | 307200        |
| train/                  |               |
|    approx_kl            | 0.00016497527 |
|    clip_fraction        | 0             |
|    clip_range           | 0.2           |
|    entropy_loss         | -5.65         |
|    explained_variance   | 1.19e-07      |
|    learning_rate        | 0.0003        |
|    loss                 | 4.4e+08       |
|    n_updates            | 1490          |
|    policy_gradient_loss | -0.000477     |
|    std                  | 0.993         |
|    value_loss           | 8.72e+08      |
-------------------------------------------
------------------------------------------
| rollout/                |              |
|    ep_len_mean          | 8.92e+03     |
|    ep_rew_mean          | -1.42e+07    |
| time/                   |              |
|    fps                  | 404          |
|    iterations           | 151          |
|    time_elapsed         | 764          |
|    total_timesteps      | 309248       |
| train/                  |              |
|    approx_kl            | 0.0011763154 |
|    clip_fraction        | 4.88e-05     |
|    clip_range           | 0.2          |
|    entropy_loss         | -5.65        |
|    explained_variance   | 0            |
|    learning_rate        | 0.0003       |
|    loss                 | 5.3e+08      |
|    n_updates            | 1500         |
|    policy_gradient_loss | -0.00279     |
|    std                  | 0.993        |
|    value_loss           | 1.02e+09     |
------------------------------------------
------------------------------------------
| rollout/                |              |
|    ep_len_mean          | 8.92e+03     |
|    ep_rew_mean          | -1.42e+07    |
| time/                   |              |
|    fps                  | 404          |
|    iterations           | 152          |
|    time_elapsed         | 769          |
|    total_timesteps      | 311296       |
| train/                  |              |
|    approx_kl            | 5.222237e-05 |
|    clip_fraction        | 0            |
|    clip_range           | 0.2          |
|    entropy_loss         | -5.65        |
|    explained_variance   | 0            |
|    learning_rate        | 0.0003       |
|    loss                 | 4.83e+08     |
|    n_updates            | 1510         |
|    policy_gradient_loss | -0.00019     |
|    std                  | 0.993        |
|    value_loss           | 9.78e+08     |
------------------------------------------
-------------------------------------------
| rollout/                |               |
|    ep_len_mean          | 8.92e+03      |
|    ep_rew_mean          | -1.42e+07     |
| time/                   |               |
|    fps                  | 404           |
|    iterations           | 153           |
|    time_elapsed         | 774           |
|    total_timesteps      | 313344        |
| train/                  |               |
|    approx_kl            | 5.1578216e-05 |
|    clip_fraction        | 0             |
|    clip_range           | 0.2           |
|    entropy_loss         | -5.65         |
|    explained_variance   | -5.96e-07     |
|    learning_rate        | 0.0003        |
|    loss                 | 5.32e+08      |
|    n_updates            | 1520          |
|    policy_gradient_loss | -0.000138     |
|    std                  | 0.993         |
|    value_loss           | 1.06e+09      |
-------------------------------------------
------------------------------------------
| rollout/                |              |
|    ep_len_mean          | 8.92e+03     |
|    ep_rew_mean          | -1.42e+07    |
| time/                   |              |
|    fps                  | 404          |
|    iterations           | 154          |
|    time_elapsed         | 779          |
|    total_timesteps      | 315392       |
| train/                  |              |
|    approx_kl            | 6.914587e-05 |
|    clip_fraction        | 0            |
|    clip_range           | 0.2          |
|    entropy_loss         | -5.65        |
|    explained_variance   | 0            |
|    learning_rate        | 0.0003       |
|    loss                 | 4.86e+08     |
|    n_updates            | 1530         |
|    policy_gradient_loss | -0.000269    |
|    std                  | 0.993        |
|    value_loss           | 9.94e+08     |
------------------------------------------
-------------------------------------------
| rollout/                |               |
|    ep_len_mean          | 8.92e+03      |
|    ep_rew_mean          | -1.42e+07     |
| time/                   |               |
|    fps                  | 404           |
|    iterations           | 155           |
|    time_elapsed         | 785           |
|    total_timesteps      | 317440        |
| train/                  |               |
|    approx_kl            | 0.00015072839 |
|    clip_fraction        | 0             |
|    clip_range           | 0.2           |
|    entropy_loss         | -5.65         |
|    explained_variance   | 1.79e-07      |
|    learning_rate        | 0.0003        |
|    loss                 | 4.4e+08       |
|    n_updates            | 1540          |
|    policy_gradient_loss | -0.000484     |
|    std                  | 0.993         |
|    value_loss           | 8.74e+08      |
-------------------------------------------
-------------------------------------------
| rollout/                |               |
|    ep_len_mean          | 8.92e+03      |
|    ep_rew_mean          | -1.42e+07     |
| time/                   |               |
|    fps                  | 404           |
|    iterations           | 156           |
|    time_elapsed         | 790           |
|    total_timesteps      | 319488        |
| train/                  |               |
|    approx_kl            | 0.00031958587 |
|    clip_fraction        | 0             |
|    clip_range           | 0.2           |
|    entropy_loss         | -5.65         |
|    explained_variance   | 0             |
|    learning_rate        | 0.0003        |
|    loss                 | 4.94e+08      |
|    n_updates            | 1550          |
|    policy_gradient_loss | -0.00103      |
|    std                  | 0.993         |
|    value_loss           | 9.9e+08       |
-------------------------------------------
-------------------------------------------
| rollout/                |               |
|    ep_len_mean          | 8.92e+03      |
|    ep_rew_mean          | -1.42e+07     |
| time/                   |               |
|    fps                  | 404           |
|    iterations           | 157           |
|    time_elapsed         | 794           |
|    total_timesteps      | 321536        |
| train/                  |               |
|    approx_kl            | 0.00024518417 |
|    clip_fraction        | 0             |
|    clip_range           | 0.2           |
|    entropy_loss         | -5.65         |
|    explained_variance   | 1.19e-07      |
|    learning_rate        | 0.0003        |
|    loss                 | 5.47e+08      |
|    n_updates            | 1560          |
|    policy_gradient_loss | -0.00063      |
|    std                  | 0.993         |
|    value_loss           | 1.12e+09      |
-------------------------------------------
--------------------------------------------
| rollout/                |                |
|    ep_len_mean          | 8.92e+03       |
|    ep_rew_mean          | -1.42e+07      |
| time/                   |                |
|    fps                  | 404            |
|    iterations           | 158            |
|    time_elapsed         | 799            |
|    total_timesteps      | 323584         |
| train/                  |                |
|    approx_kl            | 0.000113853224 |
|    clip_fraction        | 0              |
|    clip_range           | 0.2            |
|    entropy_loss         | -5.65          |
|    explained_variance   | -2.38e-07      |
|    learning_rate        | 0.0003         |
|    loss                 | 5.63e+08       |
|    n_updates            | 1570           |
|    policy_gradient_loss | -0.000368      |
|    std                  | 0.993          |
|    value_loss           | 1.1e+09        |
--------------------------------------------
------------------------------------------
| rollout/                |              |
|    ep_len_mean          | 8.92e+03     |
|    ep_rew_mean          | -1.42e+07    |
| time/                   |              |
|    fps                  | 404          |
|    iterations           | 159          |
|    time_elapsed         | 805          |
|    total_timesteps      | 325632       |
| train/                  |              |
|    approx_kl            | 0.0001574679 |
|    clip_fraction        | 0            |
|    clip_range           | 0.2          |
|    entropy_loss         | -5.65        |
|    explained_variance   | 0            |
|    learning_rate        | 0.0003       |
|    loss                 | 4.22e+08     |
|    n_updates            | 1580         |
|    policy_gradient_loss | -0.000534    |
|    std                  | 0.993        |
|    value_loss           | 8.42e+08     |
------------------------------------------
-------------------------------------------
| rollout/                |               |
|    ep_len_mean          | 8.92e+03      |
|    ep_rew_mean          | -1.42e+07     |
| time/                   |               |
|    fps                  | 404           |
|    iterations           | 160           |
|    time_elapsed         | 810           |
|    total_timesteps      | 327680        |
| train/                  |               |
|    approx_kl            | 0.00035363197 |
|    clip_fraction        | 0             |
|    clip_range           | 0.2           |
|    entropy_loss         | -5.65         |
|    explained_variance   | 3.58e-07      |
|    learning_rate        | 0.0003        |
|    loss                 | 5.1e+08       |
|    n_updates            | 1590          |
|    policy_gradient_loss | -0.000972     |
|    std                  | 0.993         |
|    value_loss           | 9.95e+08      |
-------------------------------------------
------------------------------------------
| rollout/                |              |
|    ep_len_mean          | 8.92e+03     |
|    ep_rew_mean          | -1.42e+07    |
| time/                   |              |
|    fps                  | 404          |
|    iterations           | 161          |
|    time_elapsed         | 815          |
|    total_timesteps      | 329728       |
| train/                  |              |
|    approx_kl            | 0.0002902169 |
|    clip_fraction        | 0            |
|    clip_range           | 0.2          |
|    entropy_loss         | -5.65        |
|    explained_variance   | -1.19e-07    |
|    learning_rate        | 0.0003       |
|    loss                 | 5.28e+08     |
|    n_updates            | 1600         |
|    policy_gradient_loss | -0.000694    |
|    std                  | 0.993        |
|    value_loss           | 1.03e+09     |
------------------------------------------
-------------------------------------------
| rollout/                |               |
|    ep_len_mean          | 8.92e+03      |
|    ep_rew_mean          | -1.42e+07     |
| time/                   |               |
|    fps                  | 404           |
|    iterations           | 162           |
|    time_elapsed         | 820           |
|    total_timesteps      | 331776        |
| train/                  |               |
|    approx_kl            | 0.00014664812 |
|    clip_fraction        | 0             |
|    clip_range           | 0.2           |
|    entropy_loss         | -5.65         |
|    explained_variance   | 0             |
|    learning_rate        | 0.0003        |
|    loss                 | 5.13e+08      |
|    n_updates            | 1610          |
|    policy_gradient_loss | -0.000335     |
|    std                  | 0.993         |
|    value_loss           | 1.05e+09      |
-------------------------------------------
------------------------------------------
| rollout/                |              |
|    ep_len_mean          | 8.92e+03     |
|    ep_rew_mean          | -1.42e+07    |
| time/                   |              |
|    fps                  | 404          |
|    iterations           | 163          |
|    time_elapsed         | 825          |
|    total_timesteps      | 333824       |
| train/                  |              |
|    approx_kl            | 9.172864e-05 |
|    clip_fraction        | 0            |
|    clip_range           | 0.2          |
|    entropy_loss         | -5.65        |
|    explained_variance   | -2.38e-07    |
|    learning_rate        | 0.0003       |
|    loss                 | 4.39e+08     |
|    n_updates            | 1620         |
|    policy_gradient_loss | -0.00027     |
|    std                  | 0.993        |
|    value_loss           | 9.1e+08      |
------------------------------------------
-------------------------------------------
| rollout/                |               |
|    ep_len_mean          | 8.92e+03      |
|    ep_rew_mean          | -1.42e+07     |
| time/                   |               |
|    fps                  | 403           |
|    iterations           | 164           |
|    time_elapsed         | 831           |
|    total_timesteps      | 335872        |
| train/                  |               |
|    approx_kl            | 0.00045277108 |
|    clip_fraction        | 0             |
|    clip_range           | 0.2           |
|    entropy_loss         | -5.65         |
|    explained_variance   | 5.96e-08      |
|    learning_rate        | 0.0003        |
|    loss                 | 5.09e+08      |
|    n_updates            | 1630          |
|    policy_gradient_loss | -0.00138      |
|    std                  | 0.993         |
|    value_loss           | 1.05e+09      |
-------------------------------------------
-------------------------------------------
| rollout/                |               |
|    ep_len_mean          | 8.92e+03      |
|    ep_rew_mean          | -1.42e+07     |
| time/                   |               |
|    fps                  | 403           |
|    iterations           | 165           |
|    time_elapsed         | 837           |
|    total_timesteps      | 337920        |
| train/                  |               |
|    approx_kl            | 0.00018535738 |
|    clip_fraction        | 0             |
|    clip_range           | 0.2           |
|    entropy_loss         | -5.65         |
|    explained_variance   | 2.98e-07      |
|    learning_rate        | 0.0003        |
|    loss                 | 5.36e+08      |
|    n_updates            | 1640          |
|    policy_gradient_loss | -0.000528     |
|    std                  | 0.993         |
|    value_loss           | 1.05e+09      |
-------------------------------------------
-------------------------------------------
| rollout/                |               |
|    ep_len_mean          | 8.92e+03      |
|    ep_rew_mean          | -1.42e+07     |
| time/                   |               |
|    fps                  | 403           |
|    iterations           | 166           |
|    time_elapsed         | 842           |
|    total_timesteps      | 339968        |
| train/                  |               |
|    approx_kl            | 0.00019384897 |
|    clip_fraction        | 0             |
|    clip_range           | 0.2           |
|    entropy_loss         | -5.65         |
|    explained_variance   | -2.38e-07     |
|    learning_rate        | 0.0003        |
|    loss                 | 5.9e+08       |
|    n_updates            | 1650          |
|    policy_gradient_loss | -0.000665     |
|    std                  | 0.993         |
|    value_loss           | 1.13e+09      |
-------------------------------------------
-------------------------------------------
| rollout/                |               |
|    ep_len_mean          | 8.92e+03      |
|    ep_rew_mean          | -1.42e+07     |
| time/                   |               |
|    fps                  | 403           |
|    iterations           | 167           |
|    time_elapsed         | 846           |
|    total_timesteps      | 342016        |
| train/                  |               |
|    approx_kl            | 5.4634496e-05 |
|    clip_fraction        | 0             |
|    clip_range           | 0.2           |
|    entropy_loss         | -5.65         |
|    explained_variance   | 1.79e-07      |
|    learning_rate        | 0.0003        |
|    loss                 | 4.86e+08      |
|    n_updates            | 1660          |
|    policy_gradient_loss | -0.000331     |
|    std                  | 0.993         |
|    value_loss           | 9.98e+08      |
-------------------------------------------
-------------------------------------------
| rollout/                |               |
|    ep_len_mean          | 8.92e+03      |
|    ep_rew_mean          | -1.42e+07     |
| time/                   |               |
|    fps                  | 404           |
|    iterations           | 168           |
|    time_elapsed         | 851           |
|    total_timesteps      | 344064        |
| train/                  |               |
|    approx_kl            | 0.00018458127 |
|    clip_fraction        | 0             |
|    clip_range           | 0.2           |
|    entropy_loss         | -5.65         |
|    explained_variance   | 0             |
|    learning_rate        | 0.0003        |
|    loss                 | 3.91e+08      |
|    n_updates            | 1670          |
|    policy_gradient_loss | -0.000553     |
|    std                  | 0.993         |
|    value_loss           | 7.83e+08      |
-------------------------------------------
-------------------------------------------
| rollout/                |               |
|    ep_len_mean          | 8.92e+03      |
|    ep_rew_mean          | -1.42e+07     |
| time/                   |               |
|    fps                  | 404           |
|    iterations           | 169           |
|    time_elapsed         | 856           |
|    total_timesteps      | 346112        |
| train/                  |               |
|    approx_kl            | 0.00013255488 |
|    clip_fraction        | 0             |
|    clip_range           | 0.2           |
|    entropy_loss         | -5.65         |
|    explained_variance   | 0             |
|    learning_rate        | 0.0003        |
|    loss                 | 4.18e+08      |
|    n_updates            | 1680          |
|    policy_gradient_loss | -0.00038      |
|    std                  | 0.993         |
|    value_loss           | 8.33e+08      |
-------------------------------------------
-------------------------------------------
| rollout/                |               |
|    ep_len_mean          | 8.92e+03      |
|    ep_rew_mean          | -1.42e+07     |
| time/                   |               |
|    fps                  | 404           |
|    iterations           | 170           |
|    time_elapsed         | 861           |
|    total_timesteps      | 348160        |
| train/                  |               |
|    approx_kl            | 0.00020918602 |
|    clip_fraction        | 0             |
|    clip_range           | 0.2           |
|    entropy_loss         | -5.65         |
|    explained_variance   | 1.79e-07      |
|    learning_rate        | 0.0003        |
|    loss                 | 4.53e+08      |
|    n_updates            | 1690          |
|    policy_gradient_loss | -0.000569     |
|    std                  | 0.993         |
|    value_loss           | 8.89e+08      |
-------------------------------------------
------------------------------------------
| rollout/                |              |
|    ep_len_mean          | 8.92e+03     |
|    ep_rew_mean          | -1.42e+07    |
| time/                   |              |
|    fps                  | 404          |
|    iterations           | 171          |
|    time_elapsed         | 866          |
|    total_timesteps      | 350208       |
| train/                  |              |
|    approx_kl            | 8.721088e-05 |
|    clip_fraction        | 0            |
|    clip_range           | 0.2          |
|    entropy_loss         | -5.65        |
|    explained_variance   | 0            |
|    learning_rate        | 0.0003       |
|    loss                 | 4.62e+08     |
|    n_updates            | 1700         |
|    policy_gradient_loss | -0.000348    |
|    std                  | 0.993        |
|    value_loss           | 9.21e+08     |
------------------------------------------
-------------------------------------------
| rollout/                |               |
|    ep_len_mean          | 8.92e+03      |
|    ep_rew_mean          | -1.42e+07     |
| time/                   |               |
|    fps                  | 404           |
|    iterations           | 172           |
|    time_elapsed         | 870           |
|    total_timesteps      | 352256        |
| train/                  |               |
|    approx_kl            | 2.0745909e-05 |
|    clip_fraction        | 0             |
|    clip_range           | 0.2           |
|    entropy_loss         | -5.65         |
|    explained_variance   | 1.79e-07      |
|    learning_rate        | 0.0003        |
|    loss                 | 4.74e+08      |
|    n_updates            | 1710          |
|    policy_gradient_loss | -0.000193     |
|    std                  | 0.993         |
|    value_loss           | 9.01e+08      |
-------------------------------------------
------------------------------------------
| rollout/                |              |
|    ep_len_mean          | 8.92e+03     |
|    ep_rew_mean          | -1.42e+07    |
| time/                   |              |
|    fps                  | 404          |
|    iterations           | 173          |
|    time_elapsed         | 875          |
|    total_timesteps      | 354304       |
| train/                  |              |
|    approx_kl            | 0.0004569744 |
|    clip_fraction        | 0            |
|    clip_range           | 0.2          |
|    entropy_loss         | -5.65        |
|    explained_variance   | 0            |
|    learning_rate        | 0.0003       |
|    loss                 | 5.25e+08     |
|    n_updates            | 1720         |
|    policy_gradient_loss | -0.00138     |
|    std                  | 0.993        |
|    value_loss           | 1.05e+09     |
------------------------------------------
------------------------------------------
| rollout/                |              |
|    ep_len_mean          | 8.92e+03     |
|    ep_rew_mean          | -1.42e+07    |
| time/                   |              |
|    fps                  | 404          |
|    iterations           | 174          |
|    time_elapsed         | 880          |
|    total_timesteps      | 356352       |
| train/                  |              |
|    approx_kl            | 5.829142e-05 |
|    clip_fraction        | 0            |
|    clip_range           | 0.2          |
|    entropy_loss         | -5.65        |
|    explained_variance   | 4.77e-07     |
|    learning_rate        | 0.0003       |
|    loss                 | 5.03e+08     |
|    n_updates            | 1730         |
|    policy_gradient_loss | -0.000173    |
|    std                  | 0.993        |
|    value_loss           | 1.04e+09     |
------------------------------------------
-------------------------------------------
| rollout/                |               |
|    ep_len_mean          | 8.92e+03      |
|    ep_rew_mean          | -1.42e+07     |
| time/                   |               |
|    fps                  | 404           |
|    iterations           | 175           |
|    time_elapsed         | 884           |
|    total_timesteps      | 358400        |
| train/                  |               |
|    approx_kl            | 0.00015450624 |
|    clip_fraction        | 0             |
|    clip_range           | 0.2           |
|    entropy_loss         | -5.65         |
|    explained_variance   | 0             |
|    learning_rate        | 0.0003        |
|    loss                 | 5.5e+08       |
|    n_updates            | 1740          |
|    policy_gradient_loss | -0.000484     |
|    std                  | 0.993         |
|    value_loss           | 1.1e+09       |
-------------------------------------------
-------------------------------------------
| rollout/                |               |
|    ep_len_mean          | 8.92e+03      |
|    ep_rew_mean          | -1.42e+07     |
| time/                   |               |
|    fps                  | 405           |
|    iterations           | 176           |
|    time_elapsed         | 889           |
|    total_timesteps      | 360448        |
| train/                  |               |
|    approx_kl            | 2.8183073e-05 |
|    clip_fraction        | 0             |
|    clip_range           | 0.2           |
|    entropy_loss         | -5.65         |
|    explained_variance   | 2.98e-07      |
|    learning_rate        | 0.0003        |
|    loss                 | 4.63e+08      |
|    n_updates            | 1750          |
|    policy_gradient_loss | -0.000118     |
|    std                  | 0.993         |
|    value_loss           | 9.19e+08      |
-------------------------------------------
------------------------------------------
| rollout/                |              |
|    ep_len_mean          | 8.92e+03     |
|    ep_rew_mean          | -1.42e+07    |
| time/                   |              |
|    fps                  | 405          |
|    iterations           | 177          |
|    time_elapsed         | 894          |
|    total_timesteps      | 362496       |
| train/                  |              |
|    approx_kl            | 0.0001579542 |
|    clip_fraction        | 0            |
|    clip_range           | 0.2          |
|    entropy_loss         | -5.65        |
|    explained_variance   | -1.19e-07    |
|    learning_rate        | 0.0003       |
|    loss                 | 5.25e+08     |
|    n_updates            | 1760         |
|    policy_gradient_loss | -0.000537    |
|    std                  | 0.993        |
|    value_loss           | 1.1e+09      |
------------------------------------------
-------------------------------------------
| rollout/                |               |
|    ep_len_mean          | 8.92e+03      |
|    ep_rew_mean          | -1.42e+07     |
| time/                   |               |
|    fps                  | 405           |
|    iterations           | 178           |
|    time_elapsed         | 899           |
|    total_timesteps      | 364544        |
| train/                  |               |
|    approx_kl            | 0.00013313838 |
|    clip_fraction        | 0             |
|    clip_range           | 0.2           |
|    entropy_loss         | -5.65         |
|    explained_variance   | 0             |
|    learning_rate        | 0.0003        |
|    loss                 | 5.42e+08      |
|    n_updates            | 1770          |
|    policy_gradient_loss | -0.00049      |
|    std                  | 0.993         |
|    value_loss           | 1.09e+09      |
-------------------------------------------
-------------------------------------------
| rollout/                |               |
|    ep_len_mean          | 8.92e+03      |
|    ep_rew_mean          | -1.42e+07     |
| time/                   |               |
|    fps                  | 405           |
|    iterations           | 179           |
|    time_elapsed         | 904           |
|    total_timesteps      | 366592        |
| train/                  |               |
|    approx_kl            | 0.00024181826 |
|    clip_fraction        | 0             |
|    clip_range           | 0.2           |
|    entropy_loss         | -5.65         |
|    explained_variance   | -2.38e-07     |
|    learning_rate        | 0.0003        |
|    loss                 | 6.28e+08      |
|    n_updates            | 1780          |
|    policy_gradient_loss | -0.000767     |
|    std                  | 0.994         |
|    value_loss           | 1.26e+09      |
-------------------------------------------
-------------------------------------------
| rollout/                |               |
|    ep_len_mean          | 8.92e+03      |
|    ep_rew_mean          | -1.42e+07     |
| time/                   |               |
|    fps                  | 405           |
|    iterations           | 180           |
|    time_elapsed         | 908           |
|    total_timesteps      | 368640        |
| train/                  |               |
|    approx_kl            | 2.1032058e-05 |
|    clip_fraction        | 0             |
|    clip_range           | 0.2           |
|    entropy_loss         | -5.65         |
|    explained_variance   | 0             |
|    learning_rate        | 0.0003        |
|    loss                 | 6.16e+08      |
|    n_updates            | 1790          |
|    policy_gradient_loss | -0.00013      |
|    std                  | 0.993         |
|    value_loss           | 1.2e+09       |
-------------------------------------------
------------------------------------------
| rollout/                |              |
|    ep_len_mean          | 8.92e+03     |
|    ep_rew_mean          | -1.42e+07    |
| time/                   |              |
|    fps                  | 405          |
|    iterations           | 181          |
|    time_elapsed         | 913          |
|    total_timesteps      | 370688       |
| train/                  |              |
|    approx_kl            | 7.021718e-05 |
|    clip_fraction        | 0            |
|    clip_range           | 0.2          |
|    entropy_loss         | -5.65        |
|    explained_variance   | -2.38e-07    |
|    learning_rate        | 0.0003       |
|    loss                 | 4.22e+08     |
|    n_updates            | 1800         |
|    policy_gradient_loss | -0.00026     |
|    std                  | 0.993        |
|    value_loss           | 8.94e+08     |
------------------------------------------
-------------------------------------------
| rollout/                |               |
|    ep_len_mean          | 8.92e+03      |
|    ep_rew_mean          | -1.42e+07     |
| time/                   |               |
|    fps                  | 405           |
|    iterations           | 182           |
|    time_elapsed         | 919           |
|    total_timesteps      | 372736        |
| train/                  |               |
|    approx_kl            | 0.00012024189 |
|    clip_fraction        | 0             |
|    clip_range           | 0.2           |
|    entropy_loss         | -5.65         |
|    explained_variance   | 5.96e-08      |
|    learning_rate        | 0.0003        |
|    loss                 | 4.94e+08      |
|    n_updates            | 1810          |
|    policy_gradient_loss | -0.000473     |
|    std                  | 0.993         |
|    value_loss           | 9.76e+08      |
-------------------------------------------
-------------------------------------------
| rollout/                |               |
|    ep_len_mean          | 8.92e+03      |
|    ep_rew_mean          | -1.42e+07     |
| time/                   |               |
|    fps                  | 405           |
|    iterations           | 183           |
|    time_elapsed         | 924           |
|    total_timesteps      | 374784        |
| train/                  |               |
|    approx_kl            | 2.5879039e-05 |
|    clip_fraction        | 0             |
|    clip_range           | 0.2           |
|    entropy_loss         | -5.65         |
|    explained_variance   | -3.58e-07     |
|    learning_rate        | 0.0003        |
|    loss                 | 5.75e+08      |
|    n_updates            | 1820          |
|    policy_gradient_loss | -0.000172     |
|    std                  | 0.993         |
|    value_loss           | 1.09e+09      |
-------------------------------------------
-------------------------------------------
| rollout/                |               |
|    ep_len_mean          | 8.92e+03      |
|    ep_rew_mean          | -1.42e+07     |
| time/                   |               |
|    fps                  | 405           |
|    iterations           | 184           |
|    time_elapsed         | 929           |
|    total_timesteps      | 376832        |
| train/                  |               |
|    approx_kl            | 0.00011884296 |
|    clip_fraction        | 0             |
|    clip_range           | 0.2           |
|    entropy_loss         | -5.65         |
|    explained_variance   | 0             |
|    learning_rate        | 0.0003        |
|    loss                 | 5.25e+08      |
|    n_updates            | 1830          |
|    policy_gradient_loss | -0.000499     |
|    std                  | 0.993         |
|    value_loss           | 1.06e+09      |
-------------------------------------------
-------------------------------------------
| rollout/                |               |
|    ep_len_mean          | 8.92e+03      |
|    ep_rew_mean          | -1.42e+07     |
| time/                   |               |
|    fps                  | 405           |
|    iterations           | 185           |
|    time_elapsed         | 934           |
|    total_timesteps      | 378880        |
| train/                  |               |
|    approx_kl            | 0.00021835501 |
|    clip_fraction        | 0             |
|    clip_range           | 0.2           |
|    entropy_loss         | -5.65         |
|    explained_variance   | 2.38e-07      |
|    learning_rate        | 0.0003        |
|    loss                 | 4.54e+08      |
|    n_updates            | 1840          |
|    policy_gradient_loss | -0.000719     |
|    std                  | 0.993         |
|    value_loss           | 9.12e+08      |
-------------------------------------------
-------------------------------------------
| rollout/                |               |
|    ep_len_mean          | 8.92e+03      |
|    ep_rew_mean          | -1.42e+07     |
| time/                   |               |
|    fps                  | 405           |
|    iterations           | 186           |
|    time_elapsed         | 939           |
|    total_timesteps      | 380928        |
| train/                  |               |
|    approx_kl            | 0.00010935898 |
|    clip_fraction        | 0             |
|    clip_range           | 0.2           |
|    entropy_loss         | -5.65         |
|    explained_variance   | -1.19e-07     |
|    learning_rate        | 0.0003        |
|    loss                 | 5.73e+08      |
|    n_updates            | 1850          |
|    policy_gradient_loss | -0.000331     |
|    std                  | 0.993         |
|    value_loss           | 1.13e+09      |
-------------------------------------------
-------------------------------------------
| rollout/                |               |
|    ep_len_mean          | 8.92e+03      |
|    ep_rew_mean          | -1.42e+07     |
| time/                   |               |
|    fps                  | 405           |
|    iterations           | 187           |
|    time_elapsed         | 945           |
|    total_timesteps      | 382976        |
| train/                  |               |
|    approx_kl            | 0.00015800743 |
|    clip_fraction        | 0             |
|    clip_range           | 0.2           |
|    entropy_loss         | -5.65         |
|    explained_variance   | 3.58e-07      |
|    learning_rate        | 0.0003        |
|    loss                 | 5.94e+08      |
|    n_updates            | 1860          |
|    policy_gradient_loss | -0.000467     |
|    std                  | 0.993         |
|    value_loss           | 1.14e+09      |
-------------------------------------------
-------------------------------------------
| rollout/                |               |
|    ep_len_mean          | 8.92e+03      |
|    ep_rew_mean          | -1.42e+07     |
| time/                   |               |
|    fps                  | 405           |
|    iterations           | 188           |
|    time_elapsed         | 950           |
|    total_timesteps      | 385024        |
| train/                  |               |
|    approx_kl            | 0.00014997652 |
|    clip_fraction        | 0             |
|    clip_range           | 0.2           |
|    entropy_loss         | -5.65         |
|    explained_variance   | 0             |
|    learning_rate        | 0.0003        |
|    loss                 | 6.26e+08      |
|    n_updates            | 1870          |
|    policy_gradient_loss | -0.000403     |
|    std                  | 0.994         |
|    value_loss           | 1.27e+09      |
-------------------------------------------
-------------------------------------------
| rollout/                |               |
|    ep_len_mean          | 8.92e+03      |
|    ep_rew_mean          | -1.42e+07     |
| time/                   |               |
|    fps                  | 405           |
|    iterations           | 189           |
|    time_elapsed         | 955           |
|    total_timesteps      | 387072        |
| train/                  |               |
|    approx_kl            | 4.8944377e-05 |
|    clip_fraction        | 0             |
|    clip_range           | 0.2           |
|    entropy_loss         | -5.65         |
|    explained_variance   | 1.19e-07      |
|    learning_rate        | 0.0003        |
|    loss                 | 4.73e+08      |
|    n_updates            | 1880          |
|    policy_gradient_loss | -0.000219     |
|    std                  | 0.994         |
|    value_loss           | 9.43e+08      |
-------------------------------------------
-------------------------------------------
| rollout/                |               |
|    ep_len_mean          | 8.92e+03      |
|    ep_rew_mean          | -1.42e+07     |
| time/                   |               |
|    fps                  | 404           |
|    iterations           | 190           |
|    time_elapsed         | 961           |
|    total_timesteps      | 389120        |
| train/                  |               |
|    approx_kl            | 0.00022866784 |
|    clip_fraction        | 0             |
|    clip_range           | 0.2           |
|    entropy_loss         | -5.65         |
|    explained_variance   | 0             |
|    learning_rate        | 0.0003        |
|    loss                 | 4.67e+08      |
|    n_updates            | 1890          |
|    policy_gradient_loss | -0.000664     |
|    std                  | 0.994         |
|    value_loss           | 9.37e+08      |
-------------------------------------------
-------------------------------------------
| rollout/                |               |
|    ep_len_mean          | 8.92e+03      |
|    ep_rew_mean          | -1.42e+07     |
| time/                   |               |
|    fps                  | 404           |
|    iterations           | 191           |
|    time_elapsed         | 966           |
|    total_timesteps      | 391168        |
| train/                  |               |
|    approx_kl            | 0.00029357668 |
|    clip_fraction        | 0             |
|    clip_range           | 0.2           |
|    entropy_loss         | -5.65         |
|    explained_variance   | 3.58e-07      |
|    learning_rate        | 0.0003        |
|    loss                 | 4.8e+08       |
|    n_updates            | 1900          |
|    policy_gradient_loss | -0.000827     |
|    std                  | 0.994         |
|    value_loss           | 9.58e+08      |
-------------------------------------------
-------------------------------------------
| rollout/                |               |
|    ep_len_mean          | 8.92e+03      |
|    ep_rew_mean          | -1.42e+07     |
| time/                   |               |
|    fps                  | 404           |
|    iterations           | 192           |
|    time_elapsed         | 971           |
|    total_timesteps      | 393216        |
| train/                  |               |
|    approx_kl            | 0.00030392045 |
|    clip_fraction        | 0             |
|    clip_range           | 0.2           |
|    entropy_loss         | -5.65         |
|    explained_variance   | -1.19e-07     |
|    learning_rate        | 0.0003        |
|    loss                 | 5.52e+08      |
|    n_updates            | 1910          |
|    policy_gradient_loss | -0.000754     |
|    std                  | 0.994         |
|    value_loss           | 1.11e+09      |
-------------------------------------------
------------------------------------------
| rollout/                |              |
|    ep_len_mean          | 8.92e+03     |
|    ep_rew_mean          | -1.42e+07    |
| time/                   |              |
|    fps                  | 404          |
|    iterations           | 193          |
|    time_elapsed         | 976          |
|    total_timesteps      | 395264       |
| train/                  |              |
|    approx_kl            | 9.039868e-05 |
|    clip_fraction        | 0            |
|    clip_range           | 0.2          |
|    entropy_loss         | -5.65        |
|    explained_variance   | 1.19e-07     |
|    learning_rate        | 0.0003       |
|    loss                 | 5.55e+08     |
|    n_updates            | 1920         |
|    policy_gradient_loss | -0.00042     |
|    std                  | 0.994        |
|    value_loss           | 1.06e+09     |
------------------------------------------
-------------------------------------------
| rollout/                |               |
|    ep_len_mean          | 8.92e+03      |
|    ep_rew_mean          | -1.42e+07     |
| time/                   |               |
|    fps                  | 404           |
|    iterations           | 194           |
|    time_elapsed         | 981           |
|    total_timesteps      | 397312        |
| train/                  |               |
|    approx_kl            | 0.00030552602 |
|    clip_fraction        | 0             |
|    clip_range           | 0.2           |
|    entropy_loss         | -5.65         |
|    explained_variance   | -1.19e-07     |
|    learning_rate        | 0.0003        |
|    loss                 | 4.23e+08      |
|    n_updates            | 1930          |
|    policy_gradient_loss | -0.0008       |
|    std                  | 0.994         |
|    value_loss           | 8.64e+08      |
-------------------------------------------
------------------------------------------
| rollout/                |              |
|    ep_len_mean          | 8.92e+03     |
|    ep_rew_mean          | -1.42e+07    |
| time/                   |              |
|    fps                  | 404          |
|    iterations           | 195          |
|    time_elapsed         | 986          |
|    total_timesteps      | 399360       |
| train/                  |              |
|    approx_kl            | 3.989524e-05 |
|    clip_fraction        | 0            |
|    clip_range           | 0.2          |
|    entropy_loss         | -5.65        |
|    explained_variance   | 0            |
|    learning_rate        | 0.0003       |
|    loss                 | 4.68e+08     |
|    n_updates            | 1940         |
|    policy_gradient_loss | -0.000187    |
|    std                  | 0.994        |
|    value_loss           | 9.32e+08     |
------------------------------------------
-------------------------------------------
| rollout/                |               |
|    ep_len_mean          | 8.92e+03      |
|    ep_rew_mean          | -1.42e+07     |
| time/                   |               |
|    fps                  | 404           |
|    iterations           | 196           |
|    time_elapsed         | 991           |
|    total_timesteps      | 401408        |
| train/                  |               |
|    approx_kl            | 0.00011118007 |
|    clip_fraction        | 0             |
|    clip_range           | 0.2           |
|    entropy_loss         | -5.65         |
|    explained_variance   | -4.77e-07     |
|    learning_rate        | 0.0003        |
|    loss                 | 4.97e+08      |
|    n_updates            | 1950          |
|    policy_gradient_loss | -0.000378     |
|    std                  | 0.994         |
|    value_loss           | 9.85e+08      |
-------------------------------------------
------------------------------------------
| rollout/                |              |
|    ep_len_mean          | 8.92e+03     |
|    ep_rew_mean          | -1.42e+07    |
| time/                   |              |
|    fps                  | 404          |
|    iterations           | 197          |
|    time_elapsed         | 996          |
|    total_timesteps      | 403456       |
| train/                  |              |
|    approx_kl            | 5.853313e-05 |
|    clip_fraction        | 0            |
|    clip_range           | 0.2          |
|    entropy_loss         | -5.65        |
|    explained_variance   | 0            |
|    learning_rate        | 0.0003       |
|    loss                 | 4.75e+08     |
|    n_updates            | 1960         |
|    policy_gradient_loss | -0.000204    |
|    std                  | 0.994        |
|    value_loss           | 9.88e+08     |
------------------------------------------
-------------------------------------------
| rollout/                |               |
|    ep_len_mean          | 8.92e+03      |
|    ep_rew_mean          | -1.42e+07     |
| time/                   |               |
|    fps                  | 404           |
|    iterations           | 198           |
|    time_elapsed         | 1001          |
|    total_timesteps      | 405504        |
| train/                  |               |
|    approx_kl            | 0.00011007965 |
|    clip_fraction        | 0             |
|    clip_range           | 0.2           |
|    entropy_loss         | -5.65         |
|    explained_variance   | -1.19e-07     |
|    learning_rate        | 0.0003        |
|    loss                 | 4.22e+08      |
|    n_updates            | 1970          |
|    policy_gradient_loss | -0.000425     |
|    std                  | 0.994         |
|    value_loss           | 8.45e+08      |
-------------------------------------------
-------------------------------------------
| rollout/                |               |
|    ep_len_mean          | 8.92e+03      |
|    ep_rew_mean          | -1.42e+07     |
| time/                   |               |
|    fps                  | 405           |
|    iterations           | 199           |
|    time_elapsed         | 1006          |
|    total_timesteps      | 407552        |
| train/                  |               |
|    approx_kl            | 0.00040421626 |
|    clip_fraction        | 0             |
|    clip_range           | 0.2           |
|    entropy_loss         | -5.65         |
|    explained_variance   | 0             |
|    learning_rate        | 0.0003        |
|    loss                 | 4.81e+08      |
|    n_updates            | 1980          |
|    policy_gradient_loss | -0.00118      |
|    std                  | 0.994         |
|    value_loss           | 9.98e+08      |
-------------------------------------------
-------------------------------------------
| rollout/                |               |
|    ep_len_mean          | 8.92e+03      |
|    ep_rew_mean          | -1.42e+07     |
| time/                   |               |
|    fps                  | 405           |
|    iterations           | 200           |
|    time_elapsed         | 1010          |
|    total_timesteps      | 409600        |
| train/                  |               |
|    approx_kl            | 0.00010807239 |
|    clip_fraction        | 0             |
|    clip_range           | 0.2           |
|    entropy_loss         | -5.65         |
|    explained_variance   | 3.58e-07      |
|    learning_rate        | 0.0003        |
|    loss                 | 5.02e+08      |
|    n_updates            | 1990          |
|    policy_gradient_loss | -0.000366     |
|    std                  | 0.994         |
|    value_loss           | 9.7e+08       |
-------------------------------------------
-------------------------------------------
| rollout/                |               |
|    ep_len_mean          | 8.92e+03      |
|    ep_rew_mean          | -1.42e+07     |
| time/                   |               |
|    fps                  | 405           |
|    iterations           | 201           |
|    time_elapsed         | 1015          |
|    total_timesteps      | 411648        |
| train/                  |               |
|    approx_kl            | 0.00022389114 |
|    clip_fraction        | 0             |
|    clip_range           | 0.2           |
|    entropy_loss         | -5.65         |
|    explained_variance   | 0             |
|    learning_rate        | 0.0003        |
|    loss                 | 5.43e+08      |
|    n_updates            | 2000          |
|    policy_gradient_loss | -0.000789     |
|    std                  | 0.994         |
|    value_loss           | 1.1e+09       |
-------------------------------------------
------------------------------------------
| rollout/                |              |
|    ep_len_mean          | 8.92e+03     |
|    ep_rew_mean          | -1.42e+07    |
| time/                   |              |
|    fps                  | 405          |
|    iterations           | 202          |
|    time_elapsed         | 1020         |
|    total_timesteps      | 413696       |
| train/                  |              |
|    approx_kl            | 8.865149e-05 |
|    clip_fraction        | 0            |
|    clip_range           | 0.2          |
|    entropy_loss         | -5.65        |
|    explained_variance   | 3.58e-07     |
|    learning_rate        | 0.0003       |
|    loss                 | 4.85e+08     |
|    n_updates            | 2010         |
|    policy_gradient_loss | -0.000401    |
|    std                  | 0.994        |
|    value_loss           | 9.61e+08     |
------------------------------------------
-------------------------------------------
| rollout/                |               |
|    ep_len_mean          | 8.92e+03      |
|    ep_rew_mean          | -1.42e+07     |
| time/                   |               |
|    fps                  | 405           |
|    iterations           | 203           |
|    time_elapsed         | 1025          |
|    total_timesteps      | 415744        |
| train/                  |               |
|    approx_kl            | 0.00035571324 |
|    clip_fraction        | 0             |
|    clip_range           | 0.2           |
|    entropy_loss         | -5.65         |
|    explained_variance   | 0             |
|    learning_rate        | 0.0003        |
|    loss                 | 4.64e+08      |
|    n_updates            | 2020          |
|    policy_gradient_loss | -0.00102      |
|    std                  | 0.994         |
|    value_loss           | 9.25e+08      |
-------------------------------------------
-------------------------------------------
| rollout/                |               |
|    ep_len_mean          | 8.92e+03      |
|    ep_rew_mean          | -1.42e+07     |
| time/                   |               |
|    fps                  | 405           |
|    iterations           | 204           |
|    time_elapsed         | 1031          |
|    total_timesteps      | 417792        |
| train/                  |               |
|    approx_kl            | 4.4130313e-05 |
|    clip_fraction        | 0             |
|    clip_range           | 0.2           |
|    entropy_loss         | -5.65         |
|    explained_variance   | 2.98e-07      |
|    learning_rate        | 0.0003        |
|    loss                 | 4.78e+08      |
|    n_updates            | 2030          |
|    policy_gradient_loss | -0.000138     |
|    std                  | 0.994         |
|    value_loss           | 9.67e+08      |
-------------------------------------------
-------------------------------------------
| rollout/                |               |
|    ep_len_mean          | 8.92e+03      |
|    ep_rew_mean          | -1.42e+07     |
| time/                   |               |
|    fps                  | 405           |
|    iterations           | 205           |
|    time_elapsed         | 1036          |
|    total_timesteps      | 419840        |
| train/                  |               |
|    approx_kl            | 6.3765154e-05 |
|    clip_fraction        | 0             |
|    clip_range           | 0.2           |
|    entropy_loss         | -5.65         |
|    explained_variance   | -1.19e-07     |
|    learning_rate        | 0.0003        |
|    loss                 | 5.27e+08      |
|    n_updates            | 2040          |
|    policy_gradient_loss | -0.000248     |
|    std                  | 0.994         |
|    value_loss           | 1.02e+09      |
-------------------------------------------
------------------------------------------
| rollout/                |              |
|    ep_len_mean          | 8.92e+03     |
|    ep_rew_mean          | -1.42e+07    |
| time/                   |              |
|    fps                  | 404          |
|    iterations           | 206          |
|    time_elapsed         | 1041         |
|    total_timesteps      | 421888       |
| train/                  |              |
|    approx_kl            | 0.0001441931 |
|    clip_fraction        | 0            |
|    clip_range           | 0.2          |
|    entropy_loss         | -5.65        |
|    explained_variance   | 2.38e-07     |
|    learning_rate        | 0.0003       |
|    loss                 | 4.8e+08      |
|    n_updates            | 2050         |
|    policy_gradient_loss | -0.000621    |
|    std                  | 0.994        |
|    value_loss           | 9.86e+08     |
------------------------------------------
-------------------------------------------
| rollout/                |               |
|    ep_len_mean          | 8.92e+03      |
|    ep_rew_mean          | -1.42e+07     |
| time/                   |               |
|    fps                  | 404           |
|    iterations           | 207           |
|    time_elapsed         | 1047          |
|    total_timesteps      | 423936        |
| train/                  |               |
|    approx_kl            | 0.00011448949 |
|    clip_fraction        | 0             |
|    clip_range           | 0.2           |
|    entropy_loss         | -5.65         |
|    explained_variance   | -1.19e-07     |
|    learning_rate        | 0.0003        |
|    loss                 | 3.82e+08      |
|    n_updates            | 2060          |
|    policy_gradient_loss | -0.00038      |
|    std                  | 0.994         |
|    value_loss           | 7.71e+08      |
-------------------------------------------
-------------------------------------------
| rollout/                |               |
|    ep_len_mean          | 8.92e+03      |
|    ep_rew_mean          | -1.42e+07     |
| time/                   |               |
|    fps                  | 405           |
|    iterations           | 208           |
|    time_elapsed         | 1051          |
|    total_timesteps      | 425984        |
| train/                  |               |
|    approx_kl            | 1.9633619e-05 |
|    clip_fraction        | 0             |
|    clip_range           | 0.2           |
|    entropy_loss         | -5.65         |
|    explained_variance   | 0             |
|    learning_rate        | 0.0003        |
|    loss                 | 4.59e+08      |
|    n_updates            | 2070          |
|    policy_gradient_loss | -7.78e-05     |
|    std                  | 0.994         |
|    value_loss           | 8.7e+08       |
-------------------------------------------
-------------------------------------------
| rollout/                |               |
|    ep_len_mean          | 8.92e+03      |
|    ep_rew_mean          | -1.42e+07     |
| time/                   |               |
|    fps                  | 405           |
|    iterations           | 209           |
|    time_elapsed         | 1056          |
|    total_timesteps      | 428032        |
| train/                  |               |
|    approx_kl            | 0.00012227712 |
|    clip_fraction        | 0             |
|    clip_range           | 0.2           |
|    entropy_loss         | -5.65         |
|    explained_variance   | 0             |
|    learning_rate        | 0.0003        |
|    loss                 | 5.33e+08      |
|    n_updates            | 2080          |
|    policy_gradient_loss | -0.000354     |
|    std                  | 0.994         |
|    value_loss           | 9.93e+08      |
-------------------------------------------
-------------------------------------------
| rollout/                |               |
|    ep_len_mean          | 8.92e+03      |
|    ep_rew_mean          | -1.42e+07     |
| time/                   |               |
|    fps                  | 405           |
|    iterations           | 210           |
|    time_elapsed         | 1060          |
|    total_timesteps      | 430080        |
| train/                  |               |
|    approx_kl            | 0.00022134403 |
|    clip_fraction        | 0             |
|    clip_range           | 0.2           |
|    entropy_loss         | -5.65         |
|    explained_variance   | -1.19e-07     |
|    learning_rate        | 0.0003        |
|    loss                 | 5.16e+08      |
|    n_updates            | 2090          |
|    policy_gradient_loss | -0.000554     |
|    std                  | 0.994         |
|    value_loss           | 1.02e+09      |
-------------------------------------------
-------------------------------------------
| rollout/                |               |
|    ep_len_mean          | 8.92e+03      |
|    ep_rew_mean          | -1.42e+07     |
| time/                   |               |
|    fps                  | 405           |
|    iterations           | 211           |
|    time_elapsed         | 1065          |
|    total_timesteps      | 432128        |
| train/                  |               |
|    approx_kl            | 0.00020626566 |
|    clip_fraction        | 0             |
|    clip_range           | 0.2           |
|    entropy_loss         | -5.65         |
|    explained_variance   | -3.58e-07     |
|    learning_rate        | 0.0003        |
|    loss                 | 4.57e+08      |
|    n_updates            | 2100          |
|    policy_gradient_loss | -0.000649     |
|    std                  | 0.994         |
|    value_loss           | 9.29e+08      |
-------------------------------------------
-------------------------------------------
| rollout/                |               |
|    ep_len_mean          | 8.92e+03      |
|    ep_rew_mean          | -1.42e+07     |
| time/                   |               |
|    fps                  | 405           |
|    iterations           | 212           |
|    time_elapsed         | 1070          |
|    total_timesteps      | 434176        |
| train/                  |               |
|    approx_kl            | 0.00018542627 |
|    clip_fraction        | 0             |
|    clip_range           | 0.2           |
|    entropy_loss         | -5.65         |
|    explained_variance   | -1.19e-07     |
|    learning_rate        | 0.0003        |
|    loss                 | 5.42e+08      |
|    n_updates            | 2110          |
|    policy_gradient_loss | -0.000525     |
|    std                  | 0.994         |
|    value_loss           | 1.07e+09      |
-------------------------------------------
-------------------------------------------
| rollout/                |               |
|    ep_len_mean          | 8.92e+03      |
|    ep_rew_mean          | -1.42e+07     |
| time/                   |               |
|    fps                  | 405           |
|    iterations           | 213           |
|    time_elapsed         | 1076          |
|    total_timesteps      | 436224        |
| train/                  |               |
|    approx_kl            | 0.00010692363 |
|    clip_fraction        | 0             |
|    clip_range           | 0.2           |
|    entropy_loss         | -5.65         |
|    explained_variance   | -3.58e-07     |
|    learning_rate        | 0.0003        |
|    loss                 | 5.4e+08       |
|    n_updates            | 2120          |
|    policy_gradient_loss | -0.000278     |
|    std                  | 0.994         |
|    value_loss           | 1.11e+09      |
-------------------------------------------
------------------------------------------
| rollout/                |              |
|    ep_len_mean          | 8.92e+03     |
|    ep_rew_mean          | -1.42e+07    |
| time/                   |              |
|    fps                  | 405          |
|    iterations           | 214          |
|    time_elapsed         | 1081         |
|    total_timesteps      | 438272       |
| train/                  |              |
|    approx_kl            | 9.634934e-05 |
|    clip_fraction        | 0            |
|    clip_range           | 0.2          |
|    entropy_loss         | -5.65        |
|    explained_variance   | 0            |
|    learning_rate        | 0.0003       |
|    loss                 | 6.16e+08     |
|    n_updates            | 2130         |
|    policy_gradient_loss | -0.000289    |
|    std                  | 0.993        |
|    value_loss           | 1.18e+09     |
------------------------------------------
------------------------------------------
| rollout/                |              |
|    ep_len_mean          | 8.92e+03     |
|    ep_rew_mean          | -1.42e+07    |
| time/                   |              |
|    fps                  | 404          |
|    iterations           | 215          |
|    time_elapsed         | 1087         |
|    total_timesteps      | 440320       |
| train/                  |              |
|    approx_kl            | 0.0002192925 |
|    clip_fraction        | 0            |
|    clip_range           | 0.2          |
|    entropy_loss         | -5.65        |
|    explained_variance   | -3.58e-07    |
|    learning_rate        | 0.0003       |
|    loss                 | 5.24e+08     |
|    n_updates            | 2140         |
|    policy_gradient_loss | -0.000798    |
|    std                  | 0.993        |
|    value_loss           | 1.04e+09     |
------------------------------------------
------------------------------------------
| rollout/                |              |
|    ep_len_mean          | 8.92e+03     |
|    ep_rew_mean          | -1.42e+07    |
| time/                   |              |
|    fps                  | 404          |
|    iterations           | 216          |
|    time_elapsed         | 1092         |
|    total_timesteps      | 442368       |
| train/                  |              |
|    approx_kl            | 6.428451e-05 |
|    clip_fraction        | 0            |
|    clip_range           | 0.2          |
|    entropy_loss         | -5.65        |
|    explained_variance   | 0            |
|    learning_rate        | 0.0003       |
|    loss                 | 4.36e+08     |
|    n_updates            | 2150         |
|    policy_gradient_loss | -0.000241    |
|    std                  | 0.993        |
|    value_loss           | 8.88e+08     |
------------------------------------------
-------------------------------------------
| rollout/                |               |
|    ep_len_mean          | 8.92e+03      |
|    ep_rew_mean          | -1.42e+07     |
| time/                   |               |
|    fps                  | 405           |
|    iterations           | 217           |
|    time_elapsed         | 1097          |
|    total_timesteps      | 444416        |
| train/                  |               |
|    approx_kl            | 3.8301398e-05 |
|    clip_fraction        | 0             |
|    clip_range           | 0.2           |
|    entropy_loss         | -5.65         |
|    explained_variance   | -2.38e-07     |
|    learning_rate        | 0.0003        |
|    loss                 | 4.69e+08      |
|    n_updates            | 2160          |
|    policy_gradient_loss | -9.79e-05     |
|    std                  | 0.993         |
|    value_loss           | 9.6e+08       |
-------------------------------------------
------------------------------------------
| rollout/                |              |
|    ep_len_mean          | 8.92e+03     |
|    ep_rew_mean          | -1.42e+07    |
| time/                   |              |
|    fps                  | 405          |
|    iterations           | 218          |
|    time_elapsed         | 1101         |
|    total_timesteps      | 446464       |
| train/                  |              |
|    approx_kl            | 0.0002403146 |
|    clip_fraction        | 0            |
|    clip_range           | 0.2          |
|    entropy_loss         | -5.65        |
|    explained_variance   | 0            |
|    learning_rate        | 0.0003       |
|    loss                 | 5.16e+08     |
|    n_updates            | 2170         |
|    policy_gradient_loss | -0.000683    |
|    std                  | 0.993        |
|    value_loss           | 1.07e+09     |
------------------------------------------
-------------------------------------------
| rollout/                |               |
|    ep_len_mean          | 8.92e+03      |
|    ep_rew_mean          | -1.42e+07     |
| time/                   |               |
|    fps                  | 405           |
|    iterations           | 219           |
|    time_elapsed         | 1106          |
|    total_timesteps      | 448512        |
| train/                  |               |
|    approx_kl            | 9.8855875e-05 |
|    clip_fraction        | 0             |
|    clip_range           | 0.2           |
|    entropy_loss         | -5.65         |
|    explained_variance   | 2.38e-07      |
|    learning_rate        | 0.0003        |
|    loss                 | 5.21e+08      |
|    n_updates            | 2180          |
|    policy_gradient_loss | -0.000325     |
|    std                  | 0.994         |
|    value_loss           | 1.04e+09      |
-------------------------------------------
------------------------------------------
| rollout/                |              |
|    ep_len_mean          | 8.92e+03     |
|    ep_rew_mean          | -1.42e+07    |
| time/                   |              |
|    fps                  | 405          |
|    iterations           | 220          |
|    time_elapsed         | 1110         |
|    total_timesteps      | 450560       |
| train/                  |              |
|    approx_kl            | 4.229977e-05 |
|    clip_fraction        | 0            |
|    clip_range           | 0.2          |
|    entropy_loss         | -5.65        |
|    explained_variance   | 0            |
|    learning_rate        | 0.0003       |
|    loss                 | 4.12e+08     |
|    n_updates            | 2190         |
|    policy_gradient_loss | -0.000268    |
|    std                  | 0.994        |
|    value_loss           | 8.32e+08     |
------------------------------------------
-------------------------------------------
| rollout/                |               |
|    ep_len_mean          | 8.92e+03      |
|    ep_rew_mean          | -1.42e+07     |
| time/                   |               |
|    fps                  | 405           |
|    iterations           | 221           |
|    time_elapsed         | 1115          |
|    total_timesteps      | 452608        |
| train/                  |               |
|    approx_kl            | 9.3437586e-05 |
|    clip_fraction        | 0             |
|    clip_range           | 0.2           |
|    entropy_loss         | -5.65         |
|    explained_variance   | 2.98e-07      |
|    learning_rate        | 0.0003        |
|    loss                 | 4.85e+08      |
|    n_updates            | 2200          |
|    policy_gradient_loss | -0.000363     |
|    std                  | 0.994         |
|    value_loss           | 9.77e+08      |
-------------------------------------------
-------------------------------------------
| rollout/                |               |
|    ep_len_mean          | 8.92e+03      |
|    ep_rew_mean          | -1.42e+07     |
| time/                   |               |
|    fps                  | 405           |
|    iterations           | 222           |
|    time_elapsed         | 1121          |
|    total_timesteps      | 454656        |
| train/                  |               |
|    approx_kl            | 0.00011470597 |
|    clip_fraction        | 0             |
|    clip_range           | 0.2           |
|    entropy_loss         | -5.65         |
|    explained_variance   | 0             |
|    learning_rate        | 0.0003        |
|    loss                 | 4.99e+08      |
|    n_updates            | 2210          |
|    policy_gradient_loss | -0.000384     |
|    std                  | 0.993         |
|    value_loss           | 1.02e+09      |
-------------------------------------------
------------------------------------------
| rollout/                |              |
|    ep_len_mean          | 8.92e+03     |
|    ep_rew_mean          | -1.42e+07    |
| time/                   |              |
|    fps                  | 405          |
|    iterations           | 223          |
|    time_elapsed         | 1126         |
|    total_timesteps      | 456704       |
| train/                  |              |
|    approx_kl            | 8.051109e-05 |
|    clip_fraction        | 0            |
|    clip_range           | 0.2          |
|    entropy_loss         | -5.65        |
|    explained_variance   | 3.58e-07     |
|    learning_rate        | 0.0003       |
|    loss                 | 5.21e+08     |
|    n_updates            | 2220         |
|    policy_gradient_loss | -0.000283    |
|    std                  | 0.993        |
|    value_loss           | 1.05e+09     |
------------------------------------------
-------------------------------------------
| rollout/                |               |
|    ep_len_mean          | 8.92e+03      |
|    ep_rew_mean          | -1.42e+07     |
| time/                   |               |
|    fps                  | 405           |
|    iterations           | 224           |
|    time_elapsed         | 1130          |
|    total_timesteps      | 458752        |
| train/                  |               |
|    approx_kl            | 4.4311048e-05 |
|    clip_fraction        | 0             |
|    clip_range           | 0.2           |
|    entropy_loss         | -5.65         |
|    explained_variance   | 0             |
|    learning_rate        | 0.0003        |
|    loss                 | 3.97e+08      |
|    n_updates            | 2230          |
|    policy_gradient_loss | -0.000131     |
|    std                  | 0.993         |
|    value_loss           | 7.86e+08      |
-------------------------------------------
-------------------------------------------
| rollout/                |               |
|    ep_len_mean          | 8.92e+03      |
|    ep_rew_mean          | -1.42e+07     |
| time/                   |               |
|    fps                  | 405           |
|    iterations           | 225           |
|    time_elapsed         | 1135          |
|    total_timesteps      | 460800        |
| train/                  |               |
|    approx_kl            | 0.00019266305 |
|    clip_fraction        | 0             |
|    clip_range           | 0.2           |
|    entropy_loss         | -5.65         |
|    explained_variance   | 0             |
|    learning_rate        | 0.0003        |
|    loss                 | 4.43e+08      |
|    n_updates            | 2240          |
|    policy_gradient_loss | -0.000673     |
|    std                  | 0.993         |
|    value_loss           | 9.11e+08      |
-------------------------------------------
-------------------------------------------
| rollout/                |               |
|    ep_len_mean          | 8.92e+03      |
|    ep_rew_mean          | -1.42e+07     |
| time/                   |               |
|    fps                  | 405           |
|    iterations           | 226           |
|    time_elapsed         | 1140          |
|    total_timesteps      | 462848        |
| train/                  |               |
|    approx_kl            | 0.00023313743 |
|    clip_fraction        | 0             |
|    clip_range           | 0.2           |
|    entropy_loss         | -5.65         |
|    explained_variance   | 0             |
|    learning_rate        | 0.0003        |
|    loss                 | 4.75e+08      |
|    n_updates            | 2250          |
|    policy_gradient_loss | -0.000772     |
|    std                  | 0.993         |
|    value_loss           | 9.37e+08      |
-------------------------------------------
-------------------------------------------
| rollout/                |               |
|    ep_len_mean          | 8.92e+03      |
|    ep_rew_mean          | -1.42e+07     |
| time/                   |               |
|    fps                  | 405           |
|    iterations           | 227           |
|    time_elapsed         | 1145          |
|    total_timesteps      | 464896        |
| train/                  |               |
|    approx_kl            | 0.00013031182 |
|    clip_fraction        | 0             |
|    clip_range           | 0.2           |
|    entropy_loss         | -5.65         |
|    explained_variance   | 5.96e-08      |
|    learning_rate        | 0.0003        |
|    loss                 | 4.96e+08      |
|    n_updates            | 2260          |
|    policy_gradient_loss | -0.000461     |
|    std                  | 0.993         |
|    value_loss           | 1.01e+09      |
-------------------------------------------
-------------------------------------------
| rollout/                |               |
|    ep_len_mean          | 8.92e+03      |
|    ep_rew_mean          | -1.42e+07     |
| time/                   |               |
|    fps                  | 405           |
|    iterations           | 228           |
|    time_elapsed         | 1150          |
|    total_timesteps      | 466944        |
| train/                  |               |
|    approx_kl            | 0.00015261883 |
|    clip_fraction        | 0             |
|    clip_range           | 0.2           |
|    entropy_loss         | -5.65         |
|    explained_variance   | -1.19e-07     |
|    learning_rate        | 0.0003        |
|    loss                 | 4.69e+08      |
|    n_updates            | 2270          |
|    policy_gradient_loss | -0.000679     |
|    std                  | 0.993         |
|    value_loss           | 1.01e+09      |
-------------------------------------------
------------------------------------------
| rollout/                |              |
|    ep_len_mean          | 8.92e+03     |
|    ep_rew_mean          | -1.42e+07    |
| time/                   |              |
|    fps                  | 405          |
|    iterations           | 229          |
|    time_elapsed         | 1155         |
|    total_timesteps      | 468992       |
| train/                  |              |
|    approx_kl            | 3.199716e-05 |
|    clip_fraction        | 0            |
|    clip_range           | 0.2          |
|    entropy_loss         | -5.65        |
|    explained_variance   | 0            |
|    learning_rate        | 0.0003       |
|    loss                 | 4.33e+08     |
|    n_updates            | 2280         |
|    policy_gradient_loss | -0.000145    |
|    std                  | 0.993        |
|    value_loss           | 8.63e+08     |
------------------------------------------
-------------------------------------------
| rollout/                |               |
|    ep_len_mean          | 8.92e+03      |
|    ep_rew_mean          | -1.42e+07     |
| time/                   |               |
|    fps                  | 405           |
|    iterations           | 230           |
|    time_elapsed         | 1160          |
|    total_timesteps      | 471040        |
| train/                  |               |
|    approx_kl            | 0.00040771803 |
|    clip_fraction        | 0             |
|    clip_range           | 0.2           |
|    entropy_loss         | -5.65         |
|    explained_variance   | -2.38e-07     |
|    learning_rate        | 0.0003        |
|    loss                 | 4.59e+08      |
|    n_updates            | 2290          |
|    policy_gradient_loss | -0.00124      |
|    std                  | 0.993         |
|    value_loss           | 9.23e+08      |
-------------------------------------------
------------------------------------------
| rollout/                |              |
|    ep_len_mean          | 8.92e+03     |
|    ep_rew_mean          | -1.42e+07    |
| time/                   |              |
|    fps                  | 405          |
|    iterations           | 231          |
|    time_elapsed         | 1165         |
|    total_timesteps      | 473088       |
| train/                  |              |
|    approx_kl            | 9.288752e-05 |
|    clip_fraction        | 0            |
|    clip_range           | 0.2          |
|    entropy_loss         | -5.65        |
|    explained_variance   | 0            |
|    learning_rate        | 0.0003       |
|    loss                 | 4.71e+08     |
|    n_updates            | 2300         |
|    policy_gradient_loss | -0.000318    |
|    std                  | 0.993        |
|    value_loss           | 9.59e+08     |
------------------------------------------
-------------------------------------------
| rollout/                |               |
|    ep_len_mean          | 8.92e+03      |
|    ep_rew_mean          | -1.42e+07     |
| time/                   |               |
|    fps                  | 406           |
|    iterations           | 232           |
|    time_elapsed         | 1169          |
|    total_timesteps      | 475136        |
| train/                  |               |
|    approx_kl            | 6.0457794e-05 |
|    clip_fraction        | 0             |
|    clip_range           | 0.2           |
|    entropy_loss         | -5.65         |
|    explained_variance   | -2.38e-07     |
|    learning_rate        | 0.0003        |
|    loss                 | 4.87e+08      |
|    n_updates            | 2310          |
|    policy_gradient_loss | -0.000245     |
|    std                  | 0.992         |
|    value_loss           | 9.99e+08      |
-------------------------------------------
-------------------------------------------
| rollout/                |               |
|    ep_len_mean          | 8.92e+03      |
|    ep_rew_mean          | -1.42e+07     |
| time/                   |               |
|    fps                  | 406           |
|    iterations           | 233           |
|    time_elapsed         | 1174          |
|    total_timesteps      | 477184        |
| train/                  |               |
|    approx_kl            | 4.7023903e-05 |
|    clip_fraction        | 0             |
|    clip_range           | 0.2           |
|    entropy_loss         | -5.64         |
|    explained_variance   | 0             |
|    learning_rate        | 0.0003        |
|    loss                 | 4.63e+08      |
|    n_updates            | 2320          |
|    policy_gradient_loss | -0.000144     |
|    std                  | 0.992         |
|    value_loss           | 9.07e+08      |
-------------------------------------------
-------------------------------------------
| rollout/                |               |
|    ep_len_mean          | 8.92e+03      |
|    ep_rew_mean          | -1.42e+07     |
| time/                   |               |
|    fps                  | 406           |
|    iterations           | 234           |
|    time_elapsed         | 1180          |
|    total_timesteps      | 479232        |
| train/                  |               |
|    approx_kl            | 0.00020855016 |
|    clip_fraction        | 0             |
|    clip_range           | 0.2           |
|    entropy_loss         | -5.64         |
|    explained_variance   | 4.17e-07      |
|    learning_rate        | 0.0003        |
|    loss                 | 5.43e+08      |
|    n_updates            | 2330          |
|    policy_gradient_loss | -0.00068      |
|    std                  | 0.992         |
|    value_loss           | 1.07e+09      |
-------------------------------------------
-------------------------------------------
| rollout/                |               |
|    ep_len_mean          | 8.92e+03      |
|    ep_rew_mean          | -1.42e+07     |
| time/                   |               |
|    fps                  | 406           |
|    iterations           | 235           |
|    time_elapsed         | 1185          |
|    total_timesteps      | 481280        |
| train/                  |               |
|    approx_kl            | 5.9153273e-05 |
|    clip_fraction        | 0             |
|    clip_range           | 0.2           |
|    entropy_loss         | -5.64         |
|    explained_variance   | 0             |
|    learning_rate        | 0.0003        |
|    loss                 | 5.18e+08      |
|    n_updates            | 2340          |
|    policy_gradient_loss | -0.00025      |
|    std                  | 0.992         |
|    value_loss           | 1.07e+09      |
-------------------------------------------
------------------------------------------
| rollout/                |              |
|    ep_len_mean          | 8.92e+03     |
|    ep_rew_mean          | -1.42e+07    |
| time/                   |              |
|    fps                  | 406          |
|    iterations           | 236          |
|    time_elapsed         | 1190         |
|    total_timesteps      | 483328       |
| train/                  |              |
|    approx_kl            | 6.612897e-05 |
|    clip_fraction        | 0            |
|    clip_range           | 0.2          |
|    entropy_loss         | -5.64        |
|    explained_variance   | 4.17e-07     |
|    learning_rate        | 0.0003       |
|    loss                 | 6.02e+08     |
|    n_updates            | 2350         |
|    policy_gradient_loss | -0.000221    |
|    std                  | 0.992        |
|    value_loss           | 1.16e+09     |
------------------------------------------
-------------------------------------------
| rollout/                |               |
|    ep_len_mean          | 8.92e+03      |
|    ep_rew_mean          | -1.42e+07     |
| time/                   |               |
|    fps                  | 406           |
|    iterations           | 237           |
|    time_elapsed         | 1194          |
|    total_timesteps      | 485376        |
| train/                  |               |
|    approx_kl            | 0.00014181386 |
|    clip_fraction        | 0             |
|    clip_range           | 0.2           |
|    entropy_loss         | -5.64         |
|    explained_variance   | -1.19e-07     |
|    learning_rate        | 0.0003        |
|    loss                 | 4.23e+08      |
|    n_updates            | 2360          |
|    policy_gradient_loss | -0.000547     |
|    std                  | 0.992         |
|    value_loss           | 8.57e+08      |
-------------------------------------------
------------------------------------------
| rollout/                |              |
|    ep_len_mean          | 8.92e+03     |
|    ep_rew_mean          | -1.42e+07    |
| time/                   |              |
|    fps                  | 406          |
|    iterations           | 238          |
|    time_elapsed         | 1200         |
|    total_timesteps      | 487424       |
| train/                  |              |
|    approx_kl            | 9.155963e-05 |
|    clip_fraction        | 0            |
|    clip_range           | 0.2          |
|    entropy_loss         | -5.64        |
|    explained_variance   | 1.79e-07     |
|    learning_rate        | 0.0003       |
|    loss                 | 4.52e+08     |
|    n_updates            | 2370         |
|    policy_gradient_loss | -0.000318    |
|    std                  | 0.992        |
|    value_loss           | 8.93e+08     |
------------------------------------------
------------------------------------------
| rollout/                |              |
|    ep_len_mean          | 8.92e+03     |
|    ep_rew_mean          | -1.42e+07    |
| time/                   |              |
|    fps                  | 406          |
|    iterations           | 239          |
|    time_elapsed         | 1205         |
|    total_timesteps      | 489472       |
| train/                  |              |
|    approx_kl            | 8.557597e-05 |
|    clip_fraction        | 0            |
|    clip_range           | 0.2          |
|    entropy_loss         | -5.64        |
|    explained_variance   | -1.19e-07    |
|    learning_rate        | 0.0003       |
|    loss                 | 4.47e+08     |
|    n_updates            | 2380         |
|    policy_gradient_loss | -0.00027     |
|    std                  | 0.992        |
|    value_loss           | 9.31e+08     |
------------------------------------------
------------------------------------------
| rollout/                |              |
|    ep_len_mean          | 8.92e+03     |
|    ep_rew_mean          | -1.42e+07    |
| time/                   |              |
|    fps                  | 405          |
|    iterations           | 240          |
|    time_elapsed         | 1211         |
|    total_timesteps      | 491520       |
| train/                  |              |
|    approx_kl            | 8.486223e-05 |
|    clip_fraction        | 0            |
|    clip_range           | 0.2          |
|    entropy_loss         | -5.64        |
|    explained_variance   | 4.17e-07     |
|    learning_rate        | 0.0003       |
|    loss                 | 4.9e+08      |
|    n_updates            | 2390         |
|    policy_gradient_loss | -0.00027     |
|    std                  | 0.992        |
|    value_loss           | 9.96e+08     |
------------------------------------------
------------------------------------------
| rollout/                |              |
|    ep_len_mean          | 8.92e+03     |
|    ep_rew_mean          | -1.42e+07    |
| time/                   |              |
|    fps                  | 405          |
|    iterations           | 241          |
|    time_elapsed         | 1215         |
|    total_timesteps      | 493568       |
| train/                  |              |
|    approx_kl            | 4.235821e-05 |
|    clip_fraction        | 0            |
|    clip_range           | 0.2          |
|    entropy_loss         | -5.64        |
|    explained_variance   | 0            |
|    learning_rate        | 0.0003       |
|    loss                 | 5.16e+08     |
|    n_updates            | 2400         |
|    policy_gradient_loss | -0.000241    |
|    std                  | 0.992        |
|    value_loss           | 1.03e+09     |
------------------------------------------
-------------------------------------------
| rollout/                |               |
|    ep_len_mean          | 8.92e+03      |
|    ep_rew_mean          | -1.42e+07     |
| time/                   |               |
|    fps                  | 406           |
|    iterations           | 242           |
|    time_elapsed         | 1220          |
|    total_timesteps      | 495616        |
| train/                  |               |
|    approx_kl            | 0.00025310158 |
|    clip_fraction        | 0             |
|    clip_range           | 0.2           |
|    entropy_loss         | -5.64         |
|    explained_variance   | 0             |
|    learning_rate        | 0.0003        |
|    loss                 | 4.89e+08      |
|    n_updates            | 2410          |
|    policy_gradient_loss | -0.00108      |
|    std                  | 0.992         |
|    value_loss           | 9.97e+08      |
-------------------------------------------
-------------------------------------------
| rollout/                |               |
|    ep_len_mean          | 8.92e+03      |
|    ep_rew_mean          | -1.42e+07     |
| time/                   |               |
|    fps                  | 405           |
|    iterations           | 243           |
|    time_elapsed         | 1226          |
|    total_timesteps      | 497664        |
| train/                  |               |
|    approx_kl            | 0.00021635988 |
|    clip_fraction        | 0             |
|    clip_range           | 0.2           |
|    entropy_loss         | -5.64         |
|    explained_variance   | -3.58e-07     |
|    learning_rate        | 0.0003        |
|    loss                 | 5.31e+08      |
|    n_updates            | 2420          |
|    policy_gradient_loss | -0.000516     |
|    std                  | 0.992         |
|    value_loss           | 1.08e+09      |
-------------------------------------------
------------------------------------------
| rollout/                |              |
|    ep_len_mean          | 8.92e+03     |
|    ep_rew_mean          | -1.42e+07    |
| time/                   |              |
|    fps                  | 405          |
|    iterations           | 244          |
|    time_elapsed         | 1231         |
|    total_timesteps      | 499712       |
| train/                  |              |
|    approx_kl            | 0.0005184969 |
|    clip_fraction        | 0            |
|    clip_range           | 0.2          |
|    entropy_loss         | -5.65        |
|    explained_variance   | 0            |
|    learning_rate        | 0.0003       |
|    loss                 | 6.11e+08     |
|    n_updates            | 2430         |
|    policy_gradient_loss | -0.00142     |
|    std                  | 0.993        |
|    value_loss           | 1.19e+09     |
------------------------------------------
------------------------------------------
| rollout/                |              |
|    ep_len_mean          | 8.92e+03     |
|    ep_rew_mean          | -1.42e+07    |
| time/                   |              |
|    fps                  | 405          |
|    iterations           | 245          |
|    time_elapsed         | 1236         |
|    total_timesteps      | 501760       |
| train/                  |              |
|    approx_kl            | 3.529506e-05 |
|    clip_fraction        | 0            |
|    clip_range           | 0.2          |
|    entropy_loss         | -5.65        |
|    explained_variance   | -2.38e-07    |
|    learning_rate        | 0.0003       |
|    loss                 | 6.2e+08      |
|    n_updates            | 2440         |
|    policy_gradient_loss | -0.000218    |
|    std                  | 0.993        |
|    value_loss           | 1.23e+09     |
------------------------------------------

Model saved to C:\Users\jagal\copilot-worktrees\dc-energy-joint-optimization\jagal-microsoft-literate-umbrella\models\oof\_tmp\eh_to_ad_global_spatial_s106_5086baf11b414a05b9952761973d1c0e\ppo_global_model_eh
