timestep,cpu_demand_norm
0,0.4674978037521322
1,0.48431526660081226
2,0.5047804185363853
3,0.5057032945341127
4,0.513945360306142
5,0.5029287995666596
6,0.5188275906494323
7,0.516762546809389
8,0.5173927126811533
9,0.5243375197851391
10,0.5277320402576283
11,0.5297725147485439
12,0.5142965330866084
13,0.5458831850204513
14,0.544457879435528
15,0.5531506368639023
16,0.5873844271423434
17,0.5559135444718676
18,0.5327510841206766
19,0.5231582134681242
20,0.5498353613580347
21,0.5788529941834555
22,0.5709725969419321
23,0.5852348755655309
24,0.5945924659302786
25,0.5749420223623516
26,0.5876527382616966
27,0.601068017324337
28,0.6015444267638418
29,0.5903583791561181
30,0.6100878431482568
31,0.6126587362868446
32,0.6011727682614654
33,0.5980226757849535
34,0.607450262357504
35,0.5877997428047405
36,0.5943788565441058
37,0.6089352938612425
38,0.588220945914007
39,0.5730243354302678
40,0.5802647049131313
41,0.5738740295001451
42,0.5715995125262234
43,0.5834303666695296
44,0.5856306593191302
45,0.5988049245852886
46,0.5880497804239275
47,0.5929046312914835
48,0.5891420978827226
49,0.5691639758095692
50,0.5630755616458958
51,0.5226618122737642
52,0.5422057951801229
53,0.5741230382400254
54,0.5957778297742117
55,0.5710527550389385
56,0.5679613880798444
57,0.5935672474129019
58,0.5858973465414755
59,0.5871335027709274
60,0.6090102013929195
61,0.5801151888022085
62,0.5830547387140423
63,0.5893925789436415
64,0.6066363826051566
65,0.6060865815249022
66,0.6098660137513373
67,0.603660629133953
68,0.6003742640867268
69,0.6099212132573761
70,0.6105449100504996
71,0.5965010950498946
72,0.5848095788552167
73,0.5768718251356794
74,0.60771470756785
75,0.6152483236637436
76,0.5903741406947013
77,0.5891499300952102
78,0.5861598115528599
79,0.607056288591583
80,0.602694865010993
81,0.6098681879150457
82,0.595129822557837
83,0.5911023686069892
84,0.5970015996878977
85,0.5862405703106554
86,0.5990687183470531
87,0.6022859028095494
88,0.6047384954317003
89,0.6297090392470757
90,0.6262949586503486
91,0.6354705176933897
92,0.6254952502668703
93,0.6208843120369959
94,0.6196934884397725
95,0.6246714993099706
96,0.6255201239490481
97,0.6129764288884734
98,0.6358170725905595
99,0.6440020535402082
100,0.6287340871269191
101,0.6265519006533627
102,0.6254200750165981
103,0.6177650271465815
104,0.6200775087170435
105,0.6407631274406277
106,0.6411549824238438
107,0.6550969698693913
108,0.641838248966602
109,0.6510455982804664
110,0.6573521311825904
111,0.6532078355191797
112,0.6632937591776035
113,0.6458545391832684
114,0.6262203474464106
115,0.6485369730750012
116,0.6502408510130774
117,0.6518075838015476
118,0.654561953154848
119,0.6411399453002826
120,0.6367483654509417
121,0.6345125599296999
122,0.6531777129777225
123,0.6543717070717789
124,0.6489421187116493
125,0.6459495903082392
126,0.6153241679480344
127,0.6311900060213796
128,0.6388501737470585
129,0.6267509519222841
130,0.6422901868267602
131,0.6415130925280231
132,0.6343681429393716
133,0.6133066761798667
134,0.6233126885935769
135,0.6269019057083097
136,0.626486019831552
137,0.6297884629552299
138,0.6365349048848116
139,0.6196075274109826
140,0.6150678853989126
141,0.6257574978225134
142,0.628470984052883
143,0.6235930348448917
144,0.6126104742357535
145,0.6445370888900654
146,0.6300592614952948
147,0.6024067059699122
148,0.6191515841394316
149,0.610710487964783
150,0.6125042144943662
151,0.6080026549275122
152,0.6167329260303223
153,0.61941637108469
154,0.6084227504167087
155,0.6117611902740182
156,0.61843346063559
157,0.6089520476646775
158,0.6156842102193097
159,0.6154679935952305
160,0.6198763680619687
161,0.5885378891660387
162,0.5945359690389304
163,0.6184422920683635
164,0.6119036789030541
165,0.5925090261481822
166,0.597512780523523
167,0.5890043459043011
168,0.581251322477366
169,0.5918296434935723
170,0.5781767078781264
171,0.563696019175253
172,0.5817125071278239
173,0.5568630410156058
174,0.5687295775856636
175,0.6048898504019147
176,0.6134099217248361
177,0.5909443037426328
178,0.5824416248107366
179,0.5849760868291488
180,0.5782076018165944
181,0.5649319155601861
182,0.5660442333040857
183,0.541388459758145
184,0.517287408196459
185,0.5395755408236883
186,0.529028301411436
187,0.52358681086
188,0.5272988035912155
189,0.5215953601058255
190,0.5078449213780408
191,0.4932330875717226
192,0.4919990123294093
193,0.4930813176376857
194,0.4675105842966527
195,0.4554533428473453
196,0.4590208911601999
197,0.45061262935889546
198,0.4392335391898952
199,0.4502260884585577
200,0.4318320672864977
201,0.4288694597169562
202,0.4328375989070077
203,0.4370432846752652
204,0.4421112132976074
205,0.41807699978294427
206,0.4101266047588028
207,0.4098230656781368
208,0.4279039147557872
209,0.4545764123474537
210,0.407455961377727
211,0.41914951288990077
212,0.4093911158982649
213,0.38248786036329735
214,0.3974439334321724
215,0.4035800911390109
216,0.39358745035048415
217,0.38525849598347356
218,0.36741115250805834
219,0.36371570951046645
220,0.3637234985467689
221,0.359911079189909
222,0.35270556942405534
223,0.3539303018123377
224,0.3603855428139189
225,0.36134077365374206
226,0.3512559014469772
227,0.36536711460390114
228,0.3584955875912503
229,0.35094379825842903
230,0.3665608479347965
231,0.3664602247197131
232,0.3667394359229254
233,0.36308050068651865
234,0.3632218456059681
235,0.35205685957760313
236,0.34585189071144895
237,0.34315341286426193
238,0.3354916191418216
239,0.3375630584378921
240,0.33203749637351543
241,0.325620666822306
242,0.3518809218723312
243,0.34077592291964637
244,0.34781873405846003
245,0.3538788659835485
246,0.3543842840451795
247,0.35614601820264713
248,0.35804345064819565
249,0.35225572803671923
250,0.3581087619118187
251,0.36091353926447844
252,0.3681889780460169
253,0.39267857419799657
254,0.36042196212298
255,0.3656344436947017
256,0.3638879736966627
257,0.37596071303423106
258,0.38123651280962295
259,0.37039787758598103
260,0.4026046430832803
261,0.41273193831983623
262,0.3933711240142748
263,0.37775648905464754
264,0.39090513128903104
265,0.4067694690883669
266,0.40183357219046406
267,0.3958286073564669
268,0.3980260621889593
269,0.39381598898537246
270,0.3998330649361678
271,0.3956066482997572
272,0.38848038520657513
273,0.39480561064096037
274,0.39823670042366477
275,0.40339931914457816
276,0.37894901266494996
277,0.38494352203793125
278,0.39312633013621756
279,0.401032205001573
280,0.40505554396013244
281,0.4294834451492767
282,0.44233573602233445
283,0.4363946096059834
284,0.41686361380741416
285,0.42248473710567297
286,0.4305792928189583
287,0.43213587172353596
288,0.460016065089475
289,0.4524678055738365
290,0.4627151361170787
291,0.46151088197033396
292,0.47538159025857574
293,0.4703483562601099
294,0.4666719460861112
295,0.47024563289763555
296,0.4677325445344739
297,0.4660090218258393
298,0.4708768516646394
299,0.4674444560976108
300,0.46889615532391204
301,0.4721615162725367
302,0.47894851376347386
303,0.4969569679272031
304,0.49504859327148715
305,0.4906368294085941
306,0.4820217210028047
307,0.49467243302844016
308,0.4936845420948288
309,0.5089033750592467
310,0.5129331433323615
311,0.5374424568276364
312,0.5427273014232702
313,0.5388041984064734
314,0.5476110951644151
315,0.5208162101482289
316,0.5065411999306174
317,0.5144659874086674
318,0.5328636754068382
319,0.5211019056532962
320,0.4971772193592267
321,0.48972962400386844
322,0.5052030178506193
323,0.493300332183553
324,0.48360518580976547
325,0.49049333342272683
326,0.492893855434302
327,0.48215750643066363
328,0.4739244776047999
329,0.49449037506610866
330,0.5015399294326539
331,0.5151891236807331
332,0.5096829407680734
333,0.5134613800734836
334,0.5271129319512498
335,0.5273610623379158
336,0.5313794213369024
337,0.53481179892479
338,0.52755205343984
339,0.5316703557274192
340,0.5505744809551668
341,0.5454976518706487
342,0.5354208885189198
343,0.5487519800572283
344,0.5259450161418144
345,0.5291846049761525
346,0.506478924910826
347,0.507955187186994
348,0.5489955865245754
349,0.5452280329984523
350,0.5379284874697703
351,0.5407047366501944
352,0.5354286923847326
353,0.5556498362750658
354,0.5509418896873151
355,0.5607329734133639
356,0.5615553105798592
357,0.5445272403366059
358,0.5665022345967193
359,0.5782599065497063
360,0.5611402685416146
361,0.5496596392712195
362,0.5571610026255404
363,0.5399695245634394
364,0.5608924700472656
365,0.5744991379839193
366,0.57735114470256
367,0.5579149941218655
368,0.5752058879094453
369,0.5713629931212741
370,0.5687358084734956
371,0.5774301405859005
372,0.5799416193566264
373,0.593012562043102
374,0.6021621296788308
375,0.6178493191336595
376,0.63880232324769
377,0.6190123639082443
378,0.6340596569702533
379,0.6458013277502674
380,0.6301873927960256
381,0.6154815792640554
382,0.6311236946188286
383,0.6240789322839011
384,0.6282082393805545
385,0.6117526987388728
386,0.6196736662400275
387,0.6101941841238648
388,0.6207094894321664
389,0.6174670978203599
390,0.6320180747280332
391,0.6364944713716391
392,0.6494908535107344
393,0.6539159560589249
394,0.649781991183655
395,0.6466658662913052
396,0.6322140048443333
397,0.6443326013588481
398,0.6503860195839911
399,0.6521507482526858
400,0.648408518937141
401,0.6595748213798331
402,0.6676076512901509
403,0.6655150565819786
404,0.6710195142845151
405,0.666829443334552
406,0.670493792129668
407,0.6371301976536361
408,0.6439706359756645
409,0.6605872988543056
410,0.620567793591382
411,0.6177305288496749
412,0.6591354487082081
413,0.658394393925584
414,0.6455610703900513
415,0.6383215490764427
416,0.6349020929790419
417,0.6296961976784636
418,0.6358700480637398
419,0.6360240013479075
420,0.6522278691872183
421,0.6634284608700906
422,0.6549846969583825
423,0.6563753311479545
424,0.664291471446617
425,0.6685959915710512
426,0.6476128246265395
427,0.6537435763862759
428,0.6604119489488314
429,0.6619331267936516
430,0.651075989065457
431,0.6419467183050412
432,0.6364583562643934
433,0.651227092065229
434,0.6590968418495088
435,0.6561021693351149
436,0.6522690822339471
437,0.6441380535366471
438,0.6480340840354518
439,0.6372224725105287
440,0.6538979842671168
441,0.6525082473285422
442,0.6410840524818232
443,0.634907961265659
444,0.6322919104305718
445,0.6515322209219054
446,0.6459766566582047
447,0.6338415006987056
448,0.6459172869101086
449,0.6361711606165512
450,0.6228295084983079
451,0.6310537243954776
452,0.6335717920620391
453,0.6464728451212693
454,0.6197345077842237
455,0.6089822733565345
456,0.5920476119683995
457,0.5814228130355632
458,0.5867816404838441
459,0.5874273650054916
460,0.5876849892972195
461,0.5831610075106174
462,0.5827166816512789
463,0.5738638311277212
464,0.5732410053386742
465,0.544291635505622
466,0.5396709907706251
467,0.5452969151556896
468,0.5343291041350919
469,0.5136137840018994
470,0.5020554277555639
471,0.4846994698191232
472,0.48852583849589976
473,0.4790725110428986
474,0.45915840717880085
475,0.4637225153895987
476,0.4491044400654455
477,0.4592184866436432
478,0.4918001991200621
479,0.47425798332021185
480,0.45473411736652186
481,0.4568328598910208
482,0.44891857118140643
483,0.42973042014647644
484,0.43047316418094184
485,0.4059378414304483
486,0.40251730277878717
487,0.4152689788357763
488,0.4079407240311031
489,0.4044957281046672
490,0.4126528543780755
491,0.3865586763275382
492,0.385758444711688
493,0.39512762099234294
494,0.41127576268114324
495,0.42470227923181336
496,0.4434542475146727
497,0.4454168893857905
498,0.40919474824579016
499,0.41360264829942966
500,0.4172094802478438
501,0.41021579796469027
502,0.4131696137343091
503,0.40907615127037955
504,0.3934008869729131
505,0.427879830843465
506,0.4310180959323958
507,0.4243271611227682
508,0.4216862327996997
509,0.4258008808596902
510,0.4190571078482796
511,0.4274399324460105
512,0.41516270072154426
513,0.438621747606474
514,0.4124544830356448
515,0.43056088782171753
516,0.4635170798195915
517,0.46553420386839467
518,0.4649361370624802
519,0.45690482737383203
520,0.4600837363450078
521,0.4627925313319366
522,0.479380932444591
523,0.488014919210843
524,0.4603608997634367
525,0.4617960048988177
526,0.4748572036783082
527,0.4721601253169536
528,0.4630220619692075
529,0.47376214328502464
530,0.49129450074131387
531,0.5115403890477386
532,0.4852500254983589
533,0.4478306412891752
534,0.48471534067613276
535,0.48524000717981375
536,0.4964509656091086
537,0.47910630027923196
538,0.45824457416403097
539,0.46879456792818247
540,0.4889708703974155
541,0.49747913703634244
542,0.4916551239881875
543,0.48997278978541053
544,0.4884172880544744
545,0.44386846395601454
546,0.5017372856754114
547,0.48533077073899
548,0.4834380181194717
549,0.5014424755332921
550,0.5067467145038571
551,0.5241138776446146
552,0.5096268332497995
553,0.4796136054944893
554,0.47421147377604184
555,0.5006563419261666
556,0.5070615257184887
557,0.5186287216653778
558,0.5204642059965371
559,0.5055467442483379
560,0.5106493400665238
561,0.5431763114393808
562,0.529325596612044
563,0.545202405110997
564,0.526530003844481
565,0.5077909371044484
566,0.5347846670887564
567,0.5452236128857063
568,0.5477412344858439
569,0.5385071463835892
570,0.5374931013117548
571,0.55656350157201
572,0.5540643364130785
573,0.5532224358414801
574,0.5548413496088294
575,0.5545809595477916
576,0.5499658918898224
577,0.5506218250201929
578,0.5602218877228275
579,0.5434265490601066
580,0.5551665353127252
581,0.5458922083182179
582,0.5315540192680873
583,0.5495391464806986
584,0.593186377947273
585,0.5814981222763675
586,0.5848935798951742
587,0.5949315601401288
588,0.5857837219140306
589,0.5674561897049429
590,0.5639146432981691
591,0.5608393095332916
592,0.5794928811273836
593,0.5678965012289354
594,0.5647860658816701
595,0.560581706107866
596,0.5531657802874939
597,0.5406514116992598
598,0.5516006797950462
599,0.5657352536303817
600,0.5540628930948878
601,0.5502459645169847
602,0.5360986438644223
603,0.5540077116992245
604,0.5762704190652294
605,0.5628123991225835
606,0.5764386048735921
607,0.5767164011052885
608,0.569007214498549
609,0.5666985532986861
610,0.5705510922555423
611,0.5785317594285911
612,0.5604456731715413
613,0.5679994462466583
614,0.5863334336235188
615,0.589654266914927
616,0.5934463575064649
617,0.610246775473355
618,0.5999104739044123
619,0.6099441098902229
620,0.6015889572901617
621,0.5914659225850716
622,0.5858925521476348
623,0.5881170775296002
624,0.5858044013382184
625,0.5956210280429328
626,0.6087946095767969
627,0.601832051811313
628,0.609573104804947
629,0.5953254321992306
630,0.5995729781320565
631,0.6103950151965054
632,0.5835611601954666
633,0.6115818525425883
634,0.5872421786726355
635,0.5764541950197807
636,0.5742060376974742
637,0.5855484480567217
638,0.5746910155756033
639,0.5887123870964542
640,0.5996833022091743
641,0.6142579895354827
642,0.6219623573387449
643,0.6378658529196537
644,0.6337712949092379
645,0.6194493572964728
646,0.6223853528502526
647,0.6256688773244441
648,0.6228717571173082
649,0.6356349856253802
650,0.6248114850326114
651,0.6042499840618196
652,0.6159376664999686
653,0.6342184003175197
654,0.6447494728074926
655,0.6452307619433317
656,0.6274448374443767
657,0.6236466285642983
658,0.6222154004928659
659,0.6224924583986721
660,0.6177433908908855
661,0.6224747996013978
662,0.6104059268290097
663,0.6178619352412194
664,0.631927157493134
665,0.6416012489805276
666,0.6524985523720649
667,0.6417803330354651
668,0.6218889895826936
669,0.6172555199458795
670,0.633868902090619
671,0.6466650017177245
672,0.6405598568479065
673,0.6321787111344831
674,0.635258528792125
675,0.6266025642977335
676,0.6355064308305776
677,0.6451434909307103
678,0.631392625952927
679,0.6352675509087801
680,0.6467542247138675
681,0.6489514935869239
682,0.6309976336752331
683,0.6225317224802754
684,0.6283936854266948
685,0.6415836980580991
686,0.6312034017937306
687,0.6410447772452784
688,0.6183201248555118
689,0.6360209681224718
690,0.6368885591804322
691,0.6494873484968922
692,0.6662181857447403
693,0.6723671662536423
694,0.6702583211579816
695,0.6614022536805406
696,0.6499951261567292
697,0.603185394244167
698,0.6269556150454038
699,0.6386603192680521
700,0.6309430349612181
701,0.6538497474130699
702,0.6512242486050328
703,0.6568377033403571
704,0.6439728290371561
705,0.639983831812619
706,0.6329920675232239
707,0.6359706672105505
708,0.6408806746704294
709,0.6365152606391916
710,0.6402045020142685
711,0.6348963959535848
712,0.6440477733145227
713,0.6478230364800119
714,0.6386144459492492
715,0.6394664018475514
716,0.647038132016201
717,0.6563366472545418
718,0.6551225136354645
719,0.655146104499374
720,0.6479390636193787
721,0.6382571379509784
722,0.6346730441040076
723,0.637423155288065
724,0.6352621311820444
725,0.6495813063063649
726,0.6490607713305326
727,0.6481382284062339
728,0.6436047130817191
729,0.6400070406525921
730,0.6427947761418578
731,0.6520566098643958
732,0.6409948368348182
733,0.6461290017935172
734,0.6413313482163987
735,0.6331374679856855
736,0.6437699961118442
737,0.6292295102297648
738,0.6305182725069826
739,0.6417355808538966
740,0.6231669996774526
741,0.6262019436302813
742,0.6183939327724298
743,0.6273278037355862
744,0.6250450280367091
745,0.6315689057868153
746,0.636299188504413
747,0.625828527896538
748,0.6150648196272948
749,0.5955287012171365
750,0.5967465902456833
751,0.5966917572778975
752,0.6317337019365541
753,0.6003190035565964
754,0.6007736476055534
755,0.611174421324052
756,0.6072419258465435
757,0.5992387919652152
758,0.5728161468207075
759,0.577694999710192
760,0.5831764959499867
761,0.5642494269761689
762,0.570703972828045
763,0.572537556357179
764,0.5645545732870478
765,0.5587777064021339
766,0.5617527107862096
767,0.5543817542094434
768,0.5501932466573349
769,0.5294651837751881
770,0.505881026872614
771,0.5081807798674591
772,0.5009373557679192
773,0.47125040204508784
774,0.46793514596194186
775,0.4797650280505255
776,0.46509303538242863
777,0.47441308097013896
778,0.4708829787458984
779,0.4620628036705777
780,0.4483444147956657
781,0.46528444459780577
782,0.45203886907174023
783,0.4518726192362769
784,0.4477741097518911
785,0.45515553871893727
786,0.46976665585307514
787,0.4327379019457695
788,0.4282025060293587
789,0.4319677120308596
790,0.44019740303576843
791,0.41766052584391955
792,0.4279887682957418
793,0.40786900563157297
794,0.3941206247936362
795,0.39429968142054117
796,0.3839523099501599
797,0.3985030921056787
798,0.4232562309676226
799,0.4242356252479389
800,0.44525081304247555
801,0.4253790142282585
802,0.39466363802639315
803,0.4128382895317435
804,0.4295413263032432
805,0.43967126381734517
806,0.409884014965944
807,0.42536911966394636
808,0.431169980827947
809,0.4340841243763396
810,0.46112746773447094
811,0.4534895122531714
812,0.4120857799365831
813,0.42487765787766607
814,0.47769139884259393
815,0.4557238269492954
816,0.4339494783273251
817,0.47447434272754174
818,0.45038531894867956
819,0.4312076588081089
820,0.45694626955618195
821,0.4558015881774679
822,0.4738512464639728
823,0.4807819613335566
824,0.4899772063548222
825,0.4903003681586329
826,0.5134127014837548
827,0.4743229624290485
828,0.4780478101148058
829,0.46261717407732456
830,0.4749389418399641
831,0.476825265144927
832,0.49362304897081666
833,0.5041996435957882
834,0.48358121908994595
835,0.5032764005348694
836,0.5482690077063396
837,0.5281965947502849
838,0.5106399338261786
839,0.5088490344837004
840,0.5286123974243027
841,0.53643972299768
842,0.5133119915225972
843,0.5201889170019778
844,0.5468529750274026
845,0.5619347371210012
846,0.5514346802239756
847,0.533005600252009
848,0.5295616671946427
849,0.5201120518436912
850,0.5365487792172746
851,0.5558818362226728
852,0.5590428396755162
853,0.5697330333371846
854,0.5573312442239976
855,0.5777867426732287
856,0.605573362747089
857,0.5991547554919142
858,0.6004434849604806
859,0.5727171975030166
860,0.5900514362434905
861,0.59243214629162
862,0.585891414212371
863,0.568431938944093
864,0.5598439697234752
865,0.5557442387073819
866,0.5582182415992383
867,0.6004808128067152
868,0.6131728970666559
869,0.5927099263814599
870,0.5857602053289078
871,0.5851909601358067
872,0.5854590552429992
873,0.5955346254096956
874,0.5744136018927818
875,0.565464022016119
876,0.5718214978298541
877,0.5694730915735591
878,0.58562299259348
879,0.5912528135964494
880,0.6009084351254725
881,0.5987186844204928
882,0.6001486298048916
883,0.5827086494372525
884,0.5783856009550487
885,0.5570320173812319
886,0.5506298260003831
887,0.5663284777481207
888,0.6194239128749959
889,0.6047214218095318
890,0.622148782001338
891,0.618512708489373
892,0.6026958176429938
893,0.5807843762340252
894,0.605474129044008
895,0.6451392591396231
896,0.6244024860854782
897,0.6361747954214182
898,0.5962255544785966
899,0.6036439434412783
900,0.5918115484724695
901,0.5809351581027177
902,0.5984822709218701
903,0.5648671573191903
904,0.609879544957801
905,0.6352662335758107
906,0.6204215536211496
907,0.6022363667329086
908,0.5951028069956636
909,0.6024051967719496
910,0.5901216588309879
911,0.5872860379339485
912,0.5888390175982372
913,0.5916257547858594
914,0.606647945161304
915,0.5878976488073181
916,0.6161624762347778
917,0.6116353282820847
918,0.5928997892594811
919,0.5918679347330453
920,0.5871067044020261
921,0.5826684568708157
922,0.5775700680403765
923,0.5785104164822383
924,0.5804066146663226
925,0.570971795754666
926,0.557117066329514
927,0.5503681175564992
928,0.5894129392052687
929,0.5834594958962582
930,0.6115033411774112
931,0.5868747060292344
932,0.584265285953822
933,0.5953752495116309
934,0.6081434922315077
935,0.6206560307531689
936,0.6074719305032091
937,0.639840695278336
938,0.632215993967248
939,0.6465848818099883
940,0.6203272202182359
941,0.6006353243628945
942,0.6163568310108741
943,0.6238018935383474
944,0.6098954066283883
945,0.6134344107583853
946,0.6189770373897427
947,0.6410161929046316
948,0.6297931784770728
949,0.6330181416083378
950,0.6013304316791637
951,0.6183405246187553
952,0.6273364929100473
953,0.6379326571081483
954,0.6274354297604507
955,0.6324069681399082
956,0.6652199581174311
957,0.6518589719921751
958,0.6441409262621602
959,0.6435000659511636
960,0.6697829863986607
961,0.666797133112222
962,0.6426528649450859
963,0.6334660598837657
964,0.6320297320355658
965,0.652542996677249
966,0.6488552062319698
967,0.633671973410206
968,0.6391883599446737
969,0.613935743093045
970,0.5926927951472996
971,0.5952886441209282
972,0.5927477451763534
973,0.5988713564612075
974,0.619091747589844
975,0.6029729231869618
976,0.6186192977608546
977,0.6125576811786747
978,0.5830528599594308
979,0.6078403456735466
980,0.6376972192075825
981,0.6424717190632623
982,0.6465179806391204
983,0.6518496581409919
984,0.6513841291001554
985,0.6423174934672883
986,0.6288007018126435
987,0.6330617205525335
988,0.641673100976886
989,0.6458768703262002
990,0.6431467541778632
991,0.633657354268863
992,0.6356365499418771
993,0.6322319363471176
994,0.6374808588816103
995,0.6263662896453234
996,0.6251039073610847
997,0.6484810496788788
998,0.6452760889324721
999,0.6353124244823587
1000,0.6442893470890662
1001,0.6258223370352607
1002,0.6219541331284909
1003,0.6168094939422274
1004,0.6216790324555904
1005,0.6137845324808966
1006,0.6088206723757346
1007,0.5989776805075514
1008,0.6231321496718034
1009,0.6220389870621493
1010,0.6196919249106831
1011,0.6281223573549971
1012,0.6241429230649241
1013,0.620154283060983
1014,0.6213619231917829
1015,0.6244456054460857
1016,0.5961932918944284
1017,0.5748863149783897
1018,0.6013858116327849
1019,0.6092963017567447
1020,0.5798026327230369
1021,0.6009213362745955
1022,0.6113337854110021
1023,0.5964687850900338
1024,0.6003873416151594
1025,0.62661091908642
1026,0.6201629686921097
1027,0.6109959632581824
1028,0.5761475528968689
1029,0.5782308627567058
1030,0.5730698445730404
1031,0.5911489786768669
1032,0.593881744451888
1033,0.5826443614098482
1034,0.5962361207016195
1035,0.5682317744120136
1036,0.5655067046279596
1037,0.5420469568190022
1038,0.519762505847394
1039,0.5054952378153309
1040,0.5420221490165963
1041,0.5258601120765368
1042,0.5371657609981066
1043,0.5363378892745959
1044,0.536684400208173
1045,0.5321836384164854
1046,0.5492135443693996
1047,0.527878457788282
1048,0.5467157143913439
1049,0.5281448112810258
1050,0.5125676267407546
1051,0.501313347112029
1052,0.48476005886793844
1053,0.49773159672140765
1054,0.48810931770612087
1055,0.47509127162082776
1056,0.4655908920997977
1057,0.48675229637357253
1058,0.5135384898530747
1059,0.4797453049329077
1060,0.47933892057281885
1061,0.43771094755467055
1062,0.4209348883053664
1063,0.4478955088485972
1064,0.43180851500556217
1065,0.4367298390879379
1066,0.4476741777494746
1067,0.44119653381963236
1068,0.4250207667214473
1069,0.42115404156621167
1070,0.40355205273432276
1071,0.3971127585745878
1072,0.3727570504605415
1073,0.4111756444568216
1074,0.4098943305308705
1075,0.3880690291546936
1076,0.41231396830630945
1077,0.4181471432359744
1078,0.3718161073946824
1079,0.3644314938887005
1080,0.36211709799904895
1081,0.4089944678335541
1082,0.4537980299810643
1083,0.41827601063160724
1084,0.4133250133550634
1085,0.39990482126249893
1086,0.40778956105711645
1087,0.39394647673467875
1088,0.3815711798200585
1089,0.36970738067263575
1090,0.3707109883938299
1091,0.37054401296223305
1092,0.36845518744316386
1093,0.3725734363182586
1094,0.3663740706448186
1095,0.36708518477714863
1096,0.38789129812853823
1097,0.4061525749722513
1098,0.44672023025285806
1099,0.4253338241168117
1100,0.4126447942110782
1101,0.388515922487853
1102,0.3569140937968287
1103,0.32353056478422965
1104,0.345739826069759
1105,0.36691912628174006
1106,0.39643736781420613
1107,0.3719433684787446
1108,0.34521764029382473
1109,0.38193644457245757
1110,0.36584568521488847
1111,0.3876405307137103
1112,0.38635173064092615
1113,0.3803744060458242
1114,0.3867509732137866
1115,0.37634216531274267
1116,0.37020293671613674
1117,0.37597266273246455
1118,0.3817849483938077
1119,0.3837819271432673
1120,0.3870975855917136
1121,0.414599894685594
1122,0.37788525959914154
1123,0.3631224998285341
1124,0.3504530912023647
1125,0.34696295306511293
1126,0.3624770921072241
1127,0.34862492398786665
1128,0.3573531845765213
1129,0.3689182857566383
1130,0.35765416327003513
1131,0.38790974197122224
1132,0.43056762842475704
1133,0.45219200804518106
1134,0.46152483588346177
1135,0.46619093595504324
1136,0.4490305190242975
1137,0.42459380057571716
1138,0.44881738444492725
1139,0.4568990334972362
1140,0.4273764040045024
1141,0.427897392920835
1142,0.48460740585624157
1143,0.4532132577656198
1144,0.43119874338518793
1145,0.4374613098073263
1146,0.44279357865233004
1147,0.46515793404445216
1148,0.46926094159493964
1149,0.4880877162275953
1150,0.4571780664838543
1151,0.4635179522672485
1152,0.4998699526740296
1153,0.5291643991776558
1154,0.503835160870403
1155,0.5246047630485078
1156,0.5423353960459656
1157,0.5244655325810212
1158,0.5099066249036717
1159,0.5138464346106801
1160,0.5145123365841496
1161,0.5053901562982314
1162,0.5089729884557054
1163,0.5023134150422104
1164,0.4868694474061004
1165,0.5278084193229363
1166,0.5506546835407045
1167,0.5355015476696496
1168,0.5415645305353068
1169,0.5486503914803872
1170,0.5405709798468665
1171,0.5358501525825912
1172,0.5462269880591796
1173,0.5361587064000005
1174,0.5385546747020012
1175,0.5531883174687563
1176,0.5507918250157414
1177,0.5453945941223998
1178,0.5454021125529457
1179,0.5509072983450732
1180,0.5669667841024608
1181,0.5697618703044468
1182,0.566980513735648
1183,0.5612090527978362
1184,0.5656985785450747
1185,0.6186524106140314
1186,0.6057698483794739
1187,0.5802551446033593
1188,0.6170527175982305
1189,0.6338931348229837
1190,0.6017496271614361
1191,0.6072510222419852
1192,0.5946023413343384
1193,0.6116849445430694
1194,0.5990808816952242
1195,0.5933013170205261
1196,0.5907288558908724
1197,0.5690948288208982
1198,0.5517938811501953
1199,0.5695007194764014
1200,0.5605296854976749
1201,0.5656060985684938
1202,0.5698249908688011
1203,0.567154001028367
1204,0.5318867850827937
1205,0.5406068761860249
1206,0.5471629551025039
1207,0.585469415296457
1208,0.597066518691285
1209,0.5784846189084382
1210,0.587837907534054
1211,0.586498833321208
1212,0.5568080198573958
1213,0.5676696902976278
1214,0.5614366910320965
1215,0.5508843930507425
1216,0.591764076847407
1217,0.5651035219985399
1218,0.548830057167096
1219,0.5828474132344821
1220,0.5942152331068012
1221,0.5926167343259099
1222,0.5790005879698779
1223,0.5512025487792939
1224,0.5235181254234363
1225,0.5189051625060691
1226,0.5735466092646222
1227,0.5695599299056865
1228,0.5702493059442666
1229,0.5624287266170169
1230,0.576524043719887
1231,0.5804362525583819
1232,0.6058317420315019
1233,0.6213239869419174
1234,0.6179267451886497
1235,0.628411136348354
1236,0.6411640647771829
1237,0.6408423347429176
1238,0.6505677982790822
1239,0.6307340498888374
1240,0.6237195037968754
1241,0.6352110403690329
1242,0.6436516826031812
1243,0.6358076632005837
1244,0.6289472165881398
1245,0.6171010136390844
1246,0.6179322033671247
1247,0.6185693874031191
1248,0.6084144657073015
1249,0.6032132480017652
1250,0.6373728890220796
1251,0.6250738428253231
1252,0.6069809737076907
1253,0.6015655602597644
1254,0.5955092655033046
1255,0.6419407363692557
1256,0.6322853892517926
1257,0.6267170594043163
1258,0.6361065914846219
1259,0.6509065361869787
1260,0.6430592899879024
1261,0.6364244128273986
1262,0.6438087071708201
1263,0.6438361462270652
1264,0.6293019047499822
1265,0.6476240346865366
1266,0.6266157860529976
1267,0.6076386405784338
1268,0.6292097948549886
1269,0.6629905878163018
1270,0.6284036093875587
1271,0.6277259343576346
1272,0.6243912321931229
1273,0.6272395211666258
1274,0.6281181599473765
1275,0.6224122963646276
1276,0.625158901484966
1277,0.6519816126994833
1278,0.6315898084410669
1279,0.6367875595845004
1280,0.6316272701465991
1281,0.6426394296711188
1282,0.6383685848713805
1283,0.6207934566135959
1284,0.613343329611464
1285,0.6203323676331653
1286,0.6139594679474868
1287,0.6109948160052616
1288,0.5906089970947304
1289,0.5895625625348643
1290,0.60940241412167
1291,0.6304439014623726
1292,0.6257904556876213
1293,0.6270601455083951
1294,0.6107024422335923
1295,0.6404991649111605
1296,0.6436550814482277
1297,0.6463425236462081
1298,0.6412192247816054
1299,0.62965476337019
1300,0.6178077986042501
1301,0.6106329266069146
1302,0.627808754023674
1303,0.6250608021738145
1304,0.6334999391470384
1305,0.6447892006721916
1306,0.6389432894240681
1307,0.6467648040603509
1308,0.6250674530123839
1309,0.6220167148435553
1310,0.6144696981196303
1311,0.6118583076878517
1312,0.5710956963141864
1313,0.5712149806964604
1314,0.5695671257615723
1315,0.5646082422038833
1316,0.5481839392041012
1317,0.5071545980880785
1318,0.4861611595422332
1319,0.48910403507020367
1320,0.5057850035616862
1321,0.4993979176776281
1322,0.5221677217271021
1323,0.5192939765210078
1324,0.51412231547331
1325,0.5181602126803554
1326,0.5436829444709891
1327,0.5159102340841946
1328,0.5133706820003755
1329,0.5150028887833795
1330,0.4862955944347675
1331,0.4584517930810916
1332,0.4649646023733398
1333,0.45179962471144347
1334,0.4293672441240577
1335,0.46384885730648434
1336,0.461117839182704
1337,0.4405046219347712
1338,0.4311427252376804
1339,0.4531159854949519
1340,0.4202347200577728
1341,0.407453777765127
1342,0.404563321538079
1343,0.4200733210470306
1344,0.3936009486170619
1345,0.4161711561178289
1346,0.4061617167748667
1347,0.39889896759226723
1348,0.4031822525139595
1349,0.3955277868006527
1350,0.41992705955432275
1351,0.40666081917111063
1352,0.39559551842410395
1353,0.3991941151385572
1354,0.4006535157364444
1355,0.437750234208626
1356,0.41103799313534245
1357,0.3649231039700849
1358,0.34549303545717985
1359,0.3231369978455855
1360,0.3210775550985026
1361,0.3402289278977256
1362,0.3644227680997844
1363,0.3594713154391596
1364,0.37633304831346776
1365,0.33216618109057744
1366,0.3480321641781618
1367,0.3556322789483886
1368,0.3362339172410977
1369,0.31514573019728176
1370,0.3198370632713907
1371,0.3306889770748808
1372,0.3594719979903425
1373,0.3717470449210973
1374,0.33733438095679125
1375,0.3283891665992786
1376,0.3461967026818239
1377,0.3571670603099401
1378,0.3366340674324894
1379,0.33708738128748567
1380,0.35723094072266
1381,0.32495836986344817
1382,0.344542844288675
1383,0.4127091166219492
1384,0.3911954671185124
1385,0.3807169462139442
1386,0.3907813550086819
1387,0.3703448775719295
1388,0.35503962845711007
1389,0.3422200388855065
1390,0.32967279602860816
1391,0.33013938964456413
1392,0.3241202393995951
1393,0.3338744628683086
1394,0.3165771283487628
1395,0.345585622783668
1396,0.3489121971953607
1397,0.3398745755652386
1398,0.3540901488426359
1399,0.34000794693253034
1400,0.31587806378420097
1401,0.3014883261747551
1402,0.3105965161955598
1403,0.31184333339941955
1404,0.3247505644589358
1405,0.3011016751685833
1406,0.35687245686232427
1407,0.3680250292781255
1408,0.34982444371498533
1409,0.36353969778887707
1410,0.38362260216422955
1411,0.37003808938490185
1412,0.36656366304831794
1413,0.3563646530868009
1414,0.3493114273009336
1415,0.3483165065232124
1416,0.35538831184834563
1417,0.35211105185804514
1418,0.38460773861470715
1419,0.37545268182913644
1420,0.3654520932104347
1421,0.3667185114837293
1422,0.3732175845810602
1423,0.35400593362780225
1424,0.38887040001815365
1425,0.40723111778438964
1426,0.3896171578630266
1427,0.3748635519686182
1428,0.369549162657495
1429,0.3973075035111661
1430,0.3915993456850448
1431,0.4173325248952676
1432,0.41068895278598005
1433,0.3874939374599199
1434,0.3970262953109628
1435,0.37682642153177637
1436,0.4007289706476608
1437,0.4158716199550982
1438,0.4214039635677113
1439,0.4106000463277055
1440,0.41104297900047254
1441,0.4126476690363451
1442,0.4125411190040106
1443,0.3898431733813906
1444,0.4164304898715273
1445,0.42066726393670356
1446,0.40278244917563
1447,0.44285426927672994
1448,0.4603636491284208
1449,0.45494075084600755
1450,0.4615500981513063
1451,0.43142772769279636
1452,0.43720033732710967
1453,0.4334930740286052
1454,0.4207413881290207
1455,0.4159520186051363
1456,0.4647290862569492
1457,0.47925777073589915
1458,0.4610346743696523
1459,0.4633736224166982
1460,0.43083619112084887
1461,0.41064238064290326
1462,0.4267578707681648
1463,0.45722718497198056
1464,0.4612184490118576
1465,0.4521104141103565
1466,0.45480278967962495
1467,0.46207305808017807
1468,0.44403505145811767
1469,0.45962235694239545
1470,0.4809470475117734
1471,0.4826512444811754
1472,0.4786249724291842
1473,0.4847829893593134
1474,0.5027131401647151
1475,0.48825773813932294
1476,0.49480880573115843
1477,0.5167144518199506
1478,0.527898589964165
1479,0.5215025868199016
1480,0.5265177347212179
1481,0.536072678047858
1482,0.5584019008862254
1483,0.5523530930640063
1484,0.5459519184888805
1485,0.548632989115532
1486,0.5892378528188824
1487,0.5765029385706392
1488,0.5830311473251943
1489,0.5989888840058184
1490,0.5869384423463575
1491,0.6052663542171588
1492,0.5955033784501389
1493,0.5965480749388904
1494,0.5888065203665945
1495,0.5653373123798688
1496,0.5904556512955513
1497,0.5713915546270996
1498,0.5588564055640315
1499,0.5242951067291781
1500,0.5508266604543494
1501,0.5568992636039933
1502,0.5743982786777807
1503,0.5648230676099102
1504,0.5324181498007368
1505,0.535369041400877
1506,0.5479894810151358
1507,0.5517610332596868
1508,0.5385702110420016
1509,0.5508439769917726
1510,0.5778787991557378
1511,0.5796660420396389
1512,0.5725487119548149
1513,0.5792918206566527
1514,0.5427048488883283
1515,0.5559786718758084
1516,0.585417628808802
1517,0.5717431953901688
1518,0.5641875578650121
1519,0.5602180359871577
1520,0.5741046869177383
1521,0.5772073260107979
1522,0.5949341427059294
1523,0.6105713977870898
1524,0.5943941625673735
1525,0.6008596104716278
1526,0.6086525348617066
1527,0.6157809011206755
1528,0.605251368800032
1529,0.5865196669460571
1530,0.5764426139595539
1531,0.5957440994622161
1532,0.606715938335324
1533,0.5921665817813242
1534,0.5967074794460991
1535,0.5989125998231302
1536,0.5908102141283456
1537,0.5954817928510006
1538,0.5904726292476925
1539,0.5980976020831791
1540,0.6083226585705428
1541,0.5999200776528388
1542,0.5984146231573317
1543,0.5971385914242499
1544,0.5863414250235828
1545,0.5813437205635531
1546,0.5875166715980782
1547,0.5887596475650366
1548,0.6162819120617864
1549,0.5884094659995452
1550,0.584030264854363
1551,0.5888800479663953
1552,0.5855949159995217
1553,0.6164929539741383
1554,0.6074122690205852
1555,0.6106345922365269
1556,0.6285891503163187
1557,0.6115871902476957
1558,0.5999252064324543
1559,0.6149613803800477
1560,0.6234718980861619
1561,0.6061555941293373
1562,0.5996961776363147
1563,0.6154331837473705
1564,0.6237450585866554
1565,0.6272476050870867
1566,0.6212581481151804
1567,0.6298064390777801
1568,0.6359723080368224
1569,0.6229810773809292
1570,0.6197928428786904
1571,0.6116951274298098
1572,0.6148589564949429
1573,0.6272213859877339
1574,0.6244831382807741
1575,0.6263710505743397
1576,0.6313438296457571
1577,0.6292948734622916
1578,0.6259652940406034
1579,0.6204336216929971
1580,0.6395002521079763
1581,0.6101214749030636
1582,0.595105054388282
1583,0.5859695135008871
1584,0.6021011401019997
1585,0.616634851260042
1586,0.6159991533247198
1587,0.624534247597865
1588,0.6105510139032335
1589,0.5996092263111921
1590,0.5957892188382107
1591,0.5799295336993416
1592,0.589556953436593
1593,0.579164387786492
1594,0.5850893130283317
1595,0.6244596190709591
1596,0.6221091446885169
1597,0.6187418988353119
1598,0.601771044255341
1599,0.5781421275595914
1600,0.5888766067325713
1601,0.5891807829572467
1602,0.5673072128370138
1603,0.5638147661518177
1604,0.5527003200135906
1605,0.5677632219883367
1606,0.559872522436582
1607,0.5745847861494099
1608,0.5665355194984639
1609,0.5570829235471535
1610,0.5820312181099909
1611,0.5724002131745535
1612,0.5439362272594996
1613,0.5464219797168162
1614,0.5305162448798346
1615,0.5338986821884967
1616,0.555662448314353
1617,0.5399740387713975
1618,0.5283365450395822
1619,0.5119995200078558
1620,0.520097027712356
1621,0.529438599581163
1622,0.5445610483394879
1623,0.5286716738645943
1624,0.522879649513986
1625,0.541025026384665
1626,0.5466759131665004
1627,0.5536254397293673
1628,0.5428146343786254
1629,0.531255599255676
1630,0.5383970493423387
1631,0.5177119978147191
1632,0.5027612153377281
1633,0.49861381755071393
1634,0.5228881140148026
1635,0.5178497608168475
1636,0.48495347689142115
1637,0.47925119168265895
1638,0.5009790622567646
1639,0.47873975966399873
1640,0.4677986006857174
1641,0.4737946932729788
1642,0.47910358162314554
1643,0.4792622604029861
1644,0.4752053789291515
1645,0.4621200934814121
1646,0.46486575764962945
1647,0.4552632311485122
1648,0.45635505372161017
1649,0.46702018078623075
1650,0.4752890085751757
1651,0.4382503755892413
1652,0.43298218440256936
1653,0.41728896812972016
1654,0.4072512390678004
1655,0.4215880019914736
1656,0.41771270970995983
1657,0.4064761429471659
1658,0.4082886826136128
1659,0.4224885110192218
1660,0.4402196875904154
1661,0.4312461534612205
1662,0.4476405491442983
1663,0.45249226836046463
1664,0.4574053598335715
1665,0.4507422921674719
1666,0.46139395613638906
1667,0.46813202267345105
1668,0.4631242766663511
1669,0.4372102661436539
1670,0.4485795017748966
1671,0.4645814334149544
1672,0.45495033517171246
1673,0.43867302556003285
1674,0.43126839155881713
1675,0.43086063395981694
1676,0.4161093913381834
1677,0.41606308323913277
1678,0.39115017923728446
1679,0.39788151606377925
1680,0.4192132881837016
1681,0.40757374443611466
1682,0.43020543705558295
1683,0.4281166797785086
1684,0.44479302448113744
1685,0.45021689586815006
1686,0.430151103041767
1687,0.42660687800546143
1688,0.43089066909902696
1689,0.45269393867840696
1690,0.43630719016702313
1691,0.412775019359939
1692,0.421783447064672
1693,0.4161878481097648
1694,0.41049876628342186
1695,0.4117414055023827
1696,0.4076908906129621
1697,0.4061273725473869
1698,0.4040369328426707
1699,0.42812690216686516
1700,0.4100670993141247
1701,0.40940327780285535
1702,0.400230513794441
1703,0.3952999914785696
1704,0.4034140493103972
1705,0.4260283794603304
1706,0.4304381892399483
1707,0.43194399321320975
1708,0.43179427237630236
1709,0.4299482135543401
1710,0.4421658091244612
1711,0.4381408658228501
1712,0.46124438280717817
1713,0.46372987056429554
1714,0.4776302370859605
1715,0.4789110099316334
1716,0.49154010394318287
1717,0.48788784815448955
1718,0.4794152600052759
1719,0.4959773979237501
1720,0.5082491608397381
1721,0.49557790653007777
1722,0.4965661563903349
1723,0.5099990086852868
1724,0.50471473049821
1725,0.49729442209818914
1726,0.49187235702428583
1727,0.49653986353713386
1728,0.49445118618193423
1729,0.5132853548347299
1730,0.5073572922984125
1731,0.49013136895818554
1732,0.5163500194886539
1733,0.5215770864744249
1734,0.5044308871071294
1735,0.5174294592893204
1736,0.511306030026864
1737,0.5107230306597046
1738,0.5456662155034406
1739,0.5288146034419045
1740,0.49400726045690774
1741,0.5134786194449589
1742,0.517113788881727
1743,0.5239462158560313
1744,0.5441420506277659
1745,0.5293121012326276
1746,0.5260001042296732
1747,0.5367773891125537
1748,0.5531026047358399
1749,0.5541458324468873
1750,0.5526777509423191
1751,0.5354024049121503
1752,0.5054483278743797
1753,0.5158587962868862
1754,0.528511445335298
1755,0.5263732199611085
1756,0.5399160888504977
1757,0.5269832858094682
1758,0.5264612249688783
1759,0.5496836554664853
1760,0.548285352582744
1761,0.5426514589762639
1762,0.5562228489512201
1763,0.5583268101510391
1764,0.5479369328418309
1765,0.5553507914546979
1766,0.5703571995564917
1767,0.5647615219920558
1768,0.5808145393269756
1769,0.5703478384608507
1770,0.5859541333300672
1771,0.6161328535659327
1772,0.5759193846060372
1773,0.5671386219074239
1774,0.6062710440989093
1775,0.6098915323203662
1776,0.5932624547792846
1777,0.5821810322547027
1778,0.56327379545446
1779,0.568709257350591
1780,0.5706253013566491
1781,0.5747065470599232
1782,0.572493656806842
1783,0.5888278692185046
1784,0.5621810241863991
1785,0.5505577457870457
1786,0.5704071799935065
1787,0.5741584557041085
1788,0.5602879068659123
1789,0.5673413393462832
1790,0.5965898142363871
1791,0.5639034979368325
1792,0.5758272272041165
1793,0.5887501928991219
1794,0.5952418205323473
1795,0.5916614698900277
1796,0.5843315711094521
1797,0.572993512227252
1798,0.6034535309527295
1799,0.5893574788048344
1800,0.5784537457050378
1801,0.56699178206381
1802,0.5990952112017929
1803,0.5749981990412626
1804,0.5696245213474986
1805,0.577304964426015
1806,0.5736544585195507
1807,0.5737301936166497
1808,0.5618487161179966
1809,0.5668613790920588
1810,0.5739900553271658
1811,0.6154974793863821
1812,0.569681373753393
1813,0.5860446223464488
1814,0.5938587001801101
1815,0.5975940870545616
1816,0.5764204746816152
1817,0.5857057455923398
1818,0.5923343766417974
1819,0.6003972619014543
1820,0.6006409883172309
1821,0.6009498606410276
1822,0.6091341901420949
1823,0.6000967699570922
1824,0.5935013501867655
1825,0.6013848261921326
1826,0.6209987791906078
1827,0.6001032177757268
1828,0.5953624431138931
1829,0.6030750189855529
1830,0.592826685809925
1831,0.5862226801467718
1832,0.5959583410054834
1833,0.592380585658721
1834,0.6052720058354423
1835,0.5847384767333937
1836,0.6061009507955564
1837,0.6350501426744835
1838,0.6164324233247225
1839,0.6147475162675057
1840,0.6343170693180934
1841,0.6331220754788127
1842,0.5993611652163976
1843,0.5985494285251572
1844,0.6064322474388548
1845,0.6152815934735086
1846,0.6042924867510162
1847,0.603220611181773
1848,0.6154599044253855
1849,0.6246044054867017
1850,0.6357687436098196
1851,0.6388658393531452
1852,0.6225846167192349
1853,0.6122237897647573
1854,0.6178425702628397
1855,0.6094837449311106
1856,0.6160237865851004
1857,0.6094623229815253
1858,0.6194064441054303
1859,0.6329484580013651
1860,0.6313237485201356
1861,0.6342558477184799
1862,0.6288770638174527
1863,0.6266127477094123
1864,0.6295921769306798
1865,0.629256590359364
1866,0.6358379537223359
1867,0.6216135369385813
1868,0.6011592382361132
1869,0.616067047941551
1870,0.6064364629568509
1871,0.6007809846698747
1872,0.587914357072345
1873,0.5964964769041289
1874,0.5846600076257594
1875,0.5797841409797219
1876,0.6080182957302583
1877,0.5872815720203252
1878,0.5691678956559993
1879,0.5782696723728705
1880,0.5667024886307996
1881,0.5739736412901243
1882,0.5707393746752101
1883,0.5824425657628577
1884,0.5867064506665307
1885,0.5996134195193052
1886,0.604857301595072
1887,0.5591848420803388
1888,0.5452397732462555
1889,0.5327077524224775
1890,0.5317649397884292
1891,0.5477934251760836
1892,0.5531963551946361
1893,0.5293797279996292
1894,0.5245957498558057
1895,0.4978990207128859
1896,0.4954272688882167
1897,0.5224946344784057
1898,0.5054962307363557
1899,0.48309750710082106
1900,0.49967892102061234
1901,0.5081532223063654
1902,0.49649738643868535
1903,0.479646365851516
1904,0.4941279978687332
1905,0.4707924825116135
1906,0.46659113522817736
1907,0.4704945468861308
1908,0.47256971508228046
1909,0.4672750113556779
1910,0.4732250791794018
1911,0.4600986877723717
1912,0.4589445303365022
1913,0.4381797657284234
1914,0.4319677381465461
1915,0.43884699999560733
1916,0.4164329454022298
1917,0.42934283632472925
1918,0.4201301808020629
1919,0.41084858065448715
1920,0.41740076754627253
1921,0.40925355604730573
1922,0.4000592547340879
1923,0.40930113016659514
1924,0.4044087275665676
1925,0.39789360434575605
1926,0.39340053893873944
1927,0.3841668253800487
1928,0.3849727256746811
1929,0.3894490591944418
1930,0.4077544967453566
1931,0.3950661529341404
1932,0.38085293951741817
1933,0.37447691237985714
1934,0.3707668432854883
1935,0.3720115040423114
1936,0.38329259319487974
1937,0.3857093823919729
1938,0.375672696776401
1939,0.37116210249436965
1940,0.3808859161490746
1941,0.4032095357947279
1942,0.40321457179147724
1943,0.40367982917668055
1944,0.3858303615379416
1945,0.395815003708501
1946,0.379321184163399
1947,0.3719650258632121
1948,0.3563322956200129
1949,0.3518979558616489
1950,0.34778189532359993
1951,0.3540720456849877
1952,0.3572900662431553
1953,0.3517204222123401
1954,0.35143388877431697
1955,0.3503282864364126
1956,0.34912961304126444
1957,0.3618595666214217
1958,0.37102070258762054
1959,0.36059452093086547
1960,0.355613020401274
1961,0.3610657492281473
1962,0.3688033831666056
1963,0.36514376957852335
1964,0.3548004186115145
1965,0.35983777219547997
1966,0.3702508163495876
1967,0.37043627761894216
1968,0.3639874554331479
1969,0.38326137510693625
1970,0.387041022295655
1971,0.3814900083294289
1972,0.37107242975723387
1973,0.376388451233145
1974,0.3844429121497745
1975,0.37939826507137686
1976,0.3958333213034945
1977,0.3966980371424842
1978,0.402174215493597
1979,0.39746052936037707
1980,0.3817779046388296
1981,0.3929178080595249
1982,0.38166849146110804
1983,0.3677670789996377
1984,0.372489280290232
1985,0.3713007886007127
1986,0.3673606778415194
1987,0.3751902494951688
1988,0.3860270965160769
1989,0.3851640876456003
1990,0.40042145161511544
1991,0.4071806170021642
1992,0.40365429144739917
1993,0.4316916144998961
1994,0.4182312615996693
1995,0.421988487224813
1996,0.4066658614671211
1997,0.40774060083792435
1998,0.3966775403968672
1999,0.4096757120510424
2000,0.40739428071946365
2001,0.41214822792358446
2002,0.40190583324508766
2003,0.4060188749935076
2004,0.40479656335875724
2005,0.4381887979501432
2006,0.42865479507332105
2007,0.42161067263832974
2008,0.44152661549295363
2009,0.4184475584080924
2010,0.42392209711404477
2011,0.4491440805278972
2012,0.45667963955212454
2013,0.44953788080166984
2014,0.4545534573152076
2015,0.4454847338710024
2016,0.4460406205623806
2017,0.4360213097523967
2018,0.42211715671866085
2019,0.4226791506748726
2020,0.42717163208789494
2021,0.44160623185350867
2022,0.4408914654621091
2023,0.4255037147939339
2024,0.42810717721196284
2025,0.4236760607067432
2026,0.4220796087919929
2027,0.42757154159502025
2028,0.4382076606936877
2029,0.44019576640900393
2030,0.4797055085637446
2031,0.4730697408452083
2032,0.48182166277075567
2033,0.48327641333286814
2034,0.49156237235597333
2035,0.5025462174894296
2036,0.4890240499404073
2037,0.5128286111633203
2038,0.5161501511530789
2039,0.5005544050526827
2040,0.49923770371537307
2041,0.5108964288441266
2042,0.5114543016400236
2043,0.5137181357233581
2044,0.5191695791072711
2045,0.5139128847282092
2046,0.5032621114485593
2047,0.49987684537797683
2048,0.49842357173011403
2049,0.47841507698234553
2050,0.47476518984704585
2051,0.4656410951107034
2052,0.5061830259151852
2053,0.49593961548084226
2054,0.5103648096622837
2055,0.5187617138958944
2056,0.511564667449746
2057,0.5003510533569753
2058,0.5112033781872497
2059,0.5251869250076499
2060,0.5432753132509139
2061,0.5704191666998988
2062,0.568521243699395
2063,0.5679191367049173
2064,0.5740930454895931
2065,0.5755759617539609
2066,0.5923219199842831
2067,0.6020754127387135
2068,0.577224167610184
2069,0.5801803642380149
2070,0.581611694803674
2071,0.5700983032077332
2072,0.5693680315789348
2073,0.5668874425471695
2074,0.5661935334028481
2075,0.5797452278194535
2076,0.581070160059982
2077,0.6032707975258838
2078,0.5719187458221201
2079,0.5705770042659184
2080,0.5520745957770476
2081,0.5653942639991251
2082,0.5595901427050559
2083,0.5693641165881852
2084,0.58044791800246
2085,0.5871730004501284
2086,0.582381347837813
2087,0.5718056105685189
2088,0.5762823729629701
2089,0.5782237838308535
2090,0.5977342162166261
2091,0.5983687755605116
2092,0.585823205157425
2093,0.5677111920604886
2094,0.5661580205312068
2095,0.582210650199102
2096,0.5772512367160763
2097,0.5831176943164976
2098,0.5932806794601775
2099,0.5858774596430701
2100,0.5792373480590935
2101,0.6022507512267768
2102,0.5910393568361227
2103,0.5815139069122414
2104,0.607259916798604
2105,0.6066309849258347
2106,0.6044229185943806
2107,0.6051847287860289
2108,0.5915767378733178
2109,0.5841013323302502
2110,0.5974805376245457
2111,0.6034430048874959
2112,0.59155002480691
2113,0.6017407106886382
2114,0.6068465565318281
2115,0.606936402498643
2116,0.6121851710949436
2117,0.6022254113992805
2118,0.6072269782249832
2119,0.6190311532916445
2120,0.5966417276279056
2121,0.5984637751102824
2122,0.5986413624345448
2123,0.6080194705424463
2124,0.618650991180539
2125,0.627944108345854
2126,0.6320635631357382
2127,0.6199402067420839
2128,0.6206873632776883
2129,0.6214580909920113
2130,0.6399514797264498
2131,0.6467136065536051
2132,0.6150676117747602
2133,0.629341841540173
2134,0.6206880295557802
2135,0.6360521232178047
2136,0.6294211447749595
2137,0.6355924708626
2138,0.6153904974609611
2139,0.6275012767237331
2140,0.6182461501394102
2141,0.6347252450305465
2142,0.6487395498303634
2143,0.6455168460340659
2144,0.6552730976023718
2145,0.6422216145144264
2146,0.6348473874400579
2147,0.6323989407815622
2148,0.6309591703871922
2149,0.6360499196575446
2150,0.6236448587344092
2151,0.6283192670063923
2152,0.6477189772804888
2153,0.6349106988195286
2154,0.6295038274320708
2155,0.6359479569308435
2156,0.6229190162735446
2157,0.6186480460135235
2158,0.6253479722309087
2159,0.6207490451170631
2160,0.618175981751805
2161,0.6341432711305941
2162,0.6429780480242897
2163,0.6305997735277065
2164,0.6349698623980595
2165,0.6303443165754875
2166,0.6353547860943544
2167,0.6412826341933263
2168,0.617273404466675
2169,0.6111347424098608
2170,0.6197266331829585
2171,0.6323034102565778
2172,0.638059721471537
2173,0.6200943592403827
2174,0.6290315479455993
2175,0.6058742443269947
2176,0.5968943730099374
2177,0.5909201494885622
2178,0.5942666195913788
2179,0.5749905979329151
2180,0.5856756927364581
2181,0.5706195639109337
2182,0.5640789883945689
2183,0.5585025565162564
2184,0.565296893302503
2185,0.5637011358812848
2186,0.5781848946865179
2187,0.5634087979366628
2188,0.5446122877100728
2189,0.5260517686691452
2190,0.5261156064306183
2191,0.5077764670456173
2192,0.5051386375652872
2193,0.5072592072918332
2194,0.4990267053729102
2195,0.5050969972186831
2196,0.5128332693356407
2197,0.500282264376308
2198,0.48615021063910085
2199,0.4748772866412142
2200,0.45579875337875564
2201,0.45677663596765183
2202,0.4673379040967572
2203,0.4513364496257248
2204,0.4641141378250939
2205,0.48706435874815845
2206,0.46665283622780457
2207,0.47649443832151606
2208,0.4692760725512437
2209,0.4647737285951529
2210,0.45880549737709686
2211,0.4601579027948679
2212,0.4516093064493414
2213,0.42802747489274123
2214,0.4450479740803717
2215,0.428589758221258
2216,0.4226354538820011
2217,0.4303083570074962
2218,0.4281423979553724
2219,0.41795120537683256
2220,0.4329948856813882
2221,0.4390426222355231
2222,0.4339404068664583
2223,0.4264154013354971
2224,0.42278038308099447
2225,0.4244109536309377
2226,0.44415533374833144
2227,0.4391808584696387
2228,0.4164392024057483
2229,0.4165591453232724
2230,0.41098418694710964
2231,0.43145372920517333
2232,0.43322743012137316
2233,0.4252458708154765
2234,0.4199309279567875
2235,0.4014168468059353
2236,0.4026874332215335
2237,0.39411022799448897
2238,0.3899473188020495
2239,0.41051095666592174
2240,0.4033936349801125
2241,0.4095359208180869
2242,0.39703848989297
2243,0.39246076674803015
2244,0.405798619886915
2245,0.41879281985699096
2246,0.41607808112354694
2247,0.4173167325165521
2248,0.43142770840130934
2249,0.43959214929792134
2250,0.4144680012824288
2251,0.4102471821956442
2252,0.4070024097256257
2253,0.3866120011472382
2254,0.3837967239762659
2255,0.38323056830824626
2256,0.39198110216537185
2257,0.3903422698720773
2258,0.3945259781746646
2259,0.39327787565907907
2260,0.3894664229763229
2261,0.38452171380589895
2262,0.40382403789769
2263,0.41992831376344697
2264,0.41304438586798914
2265,0.40186906038999953
2266,0.41605457333114265
2267,0.409504417819815
2268,0.40617551202535657
2269,0.42610875553801636
2270,0.43340288947650824
2271,0.4151448122637105
2272,0.4280439604526427
2273,0.4115839227947362
2274,0.40749704752059235
2275,0.4249246867171698
2276,0.425078937510188
2277,0.4237854023616047
2278,0.4052535108375091
2279,0.4122299259274511
2280,0.4154815683978301
2281,0.4246019489323693
2282,0.41465027092617884
2283,0.4186955818385551
2284,0.44099139680835253
2285,0.42748064299543503
2286,0.4362331626946102
2287,0.47112343728876477
2288,0.4686253031088936
2289,0.46576349040929943
2290,0.4610461581850364
2291,0.4571637842217436
2292,0.45073543266587984
2293,0.4795793812154389
2294,0.480780303446786
2295,0.4834549396407325
2296,0.47054337298355614
2297,0.4751767877643052
2298,0.4841865562930021
2299,0.4925757678165108
2300,0.4812600730171287
2301,0.47095758889995953
2302,0.49294618930149625
2303,0.4956267265907112
2304,0.4916251024973765
2305,0.4927391404644843
2306,0.49055010826896944
2307,0.4893872125768963
2308,0.4906739546285979
2309,0.49891572984721083
2310,0.5006886445368894
2311,0.5141132837765287
2312,0.5300661716009506
2313,0.5307642462628835
2314,0.5287553989181767
2315,0.5183509330452886
2316,0.5177885402671109
2317,0.5232443918214208
2318,0.534830989492379
2319,0.5571427807005742
2320,0.5555045589106643
2321,0.5273043411666268
2322,0.5347678711590129
2323,0.5381549355373938
2324,0.5278890707308245
2325,0.5289479593235128
2326,0.5215444898981858
2327,0.5275303663963516
2328,0.5325479242899624
2329,0.5326545184171244
2330,0.5240162683634798
2331,0.5175696541999223
2332,0.5059891145808206
2333,0.5165131416097656
2334,0.5131791809207745
2335,0.505785900025276
2336,0.5036747259090724
2337,0.49323200593610445
2338,0.49346635380203746
2339,0.5063869717099514
2340,0.4789167616819208
2341,0.48567600305380615
2342,0.4813358860675833
2343,0.48762741426109363
2344,0.5043278641360508
2345,0.5186237788451983
2346,0.5114800519693657
2347,0.5149966914916065
2348,0.5109975764726933
2349,0.5123109002249626
2350,0.5106033880069578
2351,0.5192673319590642
2352,0.5232547241843767
2353,0.5388572162684313
2354,0.5145661948725208
2355,0.524337439338326
2356,0.5455656936014727
2357,0.5655022902895362
2358,0.5527699507330173
2359,0.5448989794170301
2360,0.5478657633966553
2361,0.546252403346574
2362,0.5442542842996276
2363,0.5602968539163732
2364,0.5607391018069691
2365,0.5410020596725389
2366,0.5589341072116931
2367,0.5548411835970535
2368,0.5695180205281412
2369,0.5713367765153788
2370,0.578984205297907
2371,0.5675939727859659
2372,0.5512604984377245
2373,0.5310626531518344
2374,0.5362076939159905
2375,0.5506592224207684
2376,0.5586464643163155
2377,0.5533729280753984
2378,0.546512565453102
2379,0.5636935538019552
2380,0.5621699932616384
2381,0.5501143514309368
2382,0.554796471966978
2383,0.5639911064848592
2384,0.54276872365796
2385,0.5404577447237305
2386,0.5625695175951968
2387,0.5720829365866239
2388,0.5629014702802879
2389,0.5743568183850553
2390,0.5740198046374051
2391,0.5754910404969499
2392,0.5844912191880884
2393,0.594818274754139
2394,0.6036480143387392
2395,0.6007465665573121
2396,0.5778872334725952
2397,0.5665640627626792
2398,0.5762221156752374
2399,0.5733416601812974
2400,0.5782141803448961
2401,0.561568760945806
2402,0.5735111704092984
2403,0.5790095383012038
2404,0.5908326923852701
2405,0.5988343472525949
2406,0.5789241289826952
2407,0.5855460282218318
2408,0.5874490359071235
2409,0.5968901347883546
2410,0.6148717307402025
2411,0.6110107582538966
2412,0.6183205470372375
2413,0.6174580011624489
2414,0.6182996203670531
2415,0.6214285835471498
2416,0.630179132496255
2417,0.6289375175633897
2418,0.6137366368368239
2419,0.6220018355952244
2420,0.6406985088332522
2421,0.6414946893680669
2422,0.6369678293440981
2423,0.6461804901161486
2424,0.6497227293104046
2425,0.6577785250142061
2426,0.649282138781641
2427,0.6309163787193945
2428,0.628625450464358
2429,0.6403100313038419
2430,0.6421913644129327
2431,0.6376174916913167
2432,0.6107427590792005
2433,0.5994819923926932
2434,0.6380221892930217
2435,0.6224411867443742
2436,0.6230402029014245
2437,0.6477113613426309
2438,0.6304974596172012
2439,0.6355467503008779
2440,0.6447442767045246
2441,0.6489792441941222
2442,0.6348316837759357
2443,0.6341610009257898
2444,0.6531654093397582
2445,0.6560667282488027
2446,0.6459764798851911
2447,0.6477771749723236
2448,0.6519169535406147
2449,0.6538973732387938
2450,0.6563256122615083
2451,0.6526901148694612
2452,0.6544671353650058
2453,0.6627014632822288
2454,0.6600296335403197
2455,0.6443330592363864
2456,0.6453061315520546
2457,0.6356749107356912
2458,0.6517799145598047
2459,0.6657617427318118
2460,0.6581806855885186
2461,0.6525495145751631
2462,0.6603857798498632
2463,0.6527684825327454
2464,0.641974807366287
2465,0.6473581918276428
2466,0.6437998267875388
2467,0.6228535762687737
2468,0.6052484351816619
2469,0.6446849455394026
2470,0.6478357151864786
2471,0.6473593251696954
2472,0.6509495590901512
2473,0.6590665350546655
2474,0.6745584300936228
2475,0.655661376311355
2476,0.6410352476444039
2477,0.6382193476339942
2478,0.6229217598642061
2479,0.6425226640746271
2480,0.634380956817482
2481,0.6333512775046316
2482,0.6370966127495834
2483,0.6517635590533971
2484,0.6387918945585337
2485,0.6386015462437069
2486,0.621072240779402
2487,0.6077290781508501
2488,0.6039790918202466
2489,0.6018598732851984
2490,0.5957233233181242
2491,0.6168446699346365
2492,0.6217425171959748
2493,0.6232986737875922
2494,0.6071827815594995
2495,0.6146004272093759
2496,0.5917579471414558
2497,0.5583700329245158
2498,0.5567998796372893
2499,0.5516634308027516
2500,0.5340067890569556
2501,0.5384074259313567
2502,0.5652319656376317
2503,0.5683628314570383
2504,0.543841290177401
2505,0.5440904057422502
2506,0.5436053485984195
2507,0.5539261445362594
2508,0.5710829796809187
2509,0.5735256735392501
2510,0.57236754323817
2511,0.5489188743858389
2512,0.5525352566701951
2513,0.5384266485201894
2514,0.5204122789566197
2515,0.526173939556566
2516,0.5242388557714804
2517,0.5116380412425892
2518,0.4959702759529472
2519,0.5237591199284313
2520,0.5390648644538863
2521,0.5210878289045776
2522,0.516012591564589
2523,0.5038540950055729
2524,0.49023826768086676
2525,0.5169953331147518
2526,0.5200400422345717
2527,0.511229724190466
2528,0.5001711199516714
2529,0.5089116369338325
2530,0.5099956280818505
2531,0.5142081196767464
2532,0.5079481619360952
2533,0.5168904867700651
2534,0.5164505824670533
2535,0.5177589175982658
2536,0.5301960656449018
2537,0.5217288734689604
2538,0.5057218251228709
2539,0.5103137520516273
2540,0.5219141260752923
2541,0.5156181096582757
2542,0.5269273327543249
2543,0.5314853712333862
2544,0.5347109974931125
2545,0.5261631667702741
2546,0.5131424340501383
2547,0.5262357944943854
2548,0.5210430470639883
2549,0.5363308095613359
2550,0.5515603894588283
2551,0.554246573641881
2552,0.554610779068545
2553,0.5538638272589251
2554,0.5545988019422788
2555,0.551838267712153
2556,0.5512508248724879
2557,0.5652210147659803
2558,0.5759759589258027
2559,0.5791706877037265
2560,0.5780359168999465
2561,0.5966016606529861
2562,0.6022915225378238
2563,0.6061469843518125
2564,0.6010431150330152
2565,0.5929190252342434
2566,0.579652140357884
2567,0.6020018919631122
2568,0.5907864021341258
2569,0.6031289686132094
2570,0.6009266634809344
2571,0.6041829681919064
2572,0.5626831305427618
2573,0.5861643787795986
2574,0.581058540154312
2575,0.5950742617629293
2576,0.6094817753621521
2577,0.581029479956986
2578,0.5582595186884546
2579,0.5603188477863691
2580,0.5534134289119235
2581,0.5601088516825881
2582,0.5724197351095212
2583,0.581299828362354
2584,0.5880348696792913
2585,0.58092036927503
2586,0.5799421150297311
2587,0.5755787535077225
2588,0.5825301866469372
2589,0.5890146173744001
2590,0.595185292407163
2591,0.5711960343564721
2592,0.5706450303798243
2593,0.5773670227774729
2594,0.574714706177813
2595,0.575140461290604
2596,0.5657572363454362
2597,0.5594907814419385
2598,0.5714864539136318
2599,0.5834384941598795
2600,0.5836036261389735
2601,0.5981237827307925
2602,0.6123487063425933
2603,0.6140375081804303
2604,0.6097653698011862
2605,0.61493472886267
2606,0.6174170217133177
2607,0.6096208066155074
2608,0.5984207381650071
2609,0.5963069898820177
2610,0.5983707047092116
2611,0.5974890176110458
2612,0.5973463460409698
2613,0.60374262805877
2614,0.6253472549025553
2615,0.6251026772991278
2616,0.6086310613369212
2617,0.617226780485929
2618,0.6041270466330685
2619,0.5984057447425696
2620,0.6211645917523657
2621,0.6175760043012698
2622,0.6147797935499497
2623,0.620734443692392
2624,0.5990335263440221
2625,0.6279028525166438
2626,0.6332270003017934
2627,0.6173527853923478
2628,0.606078839995527
2629,0.6211423115284608
2630,0.6214078478233164
2631,0.5950463854329789
2632,0.6225844604188199
2633,0.6199874585491824
2634,0.6315297696589522
2635,0.6445713753743189
2636,0.6462757640774794
2637,0.6449506012577491
2638,0.631821395262136
2639,0.644052071247851
2640,0.6435400918496516
2641,0.6403487301579995
2642,0.6392226125703988
2643,0.6380309013023042
2644,0.6187353523282539
2645,0.6332414593369176
2646,0.6342291859648029
2647,0.6265398224764505
2648,0.6158102925541458
2649,0.6180583972513753
2650,0.6309706772998669
2651,0.6160970968603945
2652,0.6252618937471468
2653,0.6139267746513435
2654,0.609578710359884
2655,0.609839438874969
2656,0.6225195559824738
2657,0.6093161457414341
2658,0.6344738584508501
2659,0.6413436721957269
2660,0.6363107351811731
2661,0.6310776609313379
2662,0.6453656355531521
2663,0.6461333906724271
2664,0.6175635152288079
2665,0.6381046804788436
2666,0.6318415770446998
2667,0.6291097107516644
2668,0.6434021665103162
2669,0.6367737140711567
2670,0.6513352795117358
2671,0.6541427038663873
2672,0.6408479897733008
2673,0.6465214049436803
2674,0.6528666477236688
2675,0.6528308873435616
2676,0.659535710580249
2677,0.6581026538858243
2678,0.6513164585007957
2679,0.644749524907631
2680,0.6522814429589648
2681,0.6436385405073226
2682,0.6462132378746531
2683,0.6323913752377929
2684,0.6553158813960933
2685,0.6404168304194575
2686,0.6349586117865692
2687,0.6417044564674614
2688,0.6553686569989695
2689,0.6500881907834772
2690,0.6402628680801021
2691,0.6424208891446463
2692,0.6548180780912086
2693,0.6540517462112296
2694,0.6475824812172413
2695,0.663366300286875
2696,0.647744252934263
2697,0.6491043588049777
2698,0.6669302939792066
2699,0.6550160139972184
2700,0.6474493395105091
2701,0.6467424347281487
2702,0.6332792285251303
2703,0.6485202270144079
2704,0.6486255643077535
2705,0.6563449677909963
2706,0.6507953509483798
2707,0.6379914149092792
2708,0.6424365660369091
2709,0.6428167448148094
2710,0.6365022632951028
2711,0.6382037871468265
2712,0.6324845545635862
2713,0.6522877979947336
2714,0.65635364279212
2715,0.644595336582285
2716,0.6412946290362641
2717,0.640426396634787
2718,0.6428346840604355
2719,0.6513302733052417
2720,0.6588201675424543
2721,0.6559127649908051
2722,0.6527114116212329
2723,0.6473126518447377
2724,0.6463182020680155
2725,0.6483688297866506
2726,0.6435028352638077
2727,0.6349261687548186
2728,0.6403000590486433
2729,0.6540279178126842
2730,0.6429767489329303
2731,0.6455902845255695
2732,0.6387984007765679
2733,0.6535035423873581
2734,0.6527756151335514
2735,0.657338739216043
2736,0.6470178157181665
2737,0.6625379025750657
2738,0.6613708303416743
2739,0.6520198244107857
2740,0.6512625811834067
2741,0.6306857111967367
2742,0.636076624193703
2743,0.6429659109230397
2744,0.6505792465298883
2745,0.6549788983573408
2746,0.6470481390485701
2747,0.6577800385429107
2748,0.6647707579423772
2749,0.6596313144653778
2750,0.6537230354145969
2751,0.6580752812342896
2752,0.6461441731700798
2753,0.6434014350086255
2754,0.6269691302412456
2755,0.6151399477643436
2756,0.6280509152043114
2757,0.6302285606980502
2758,0.652833439725403
2759,0.6513043046015161
2760,0.6441507470726242
2761,0.651692876751077
2762,0.6488856418991956
2763,0.6434953102715314
2764,0.6349902704290832
2765,0.6326259913472594
2766,0.6401163718086852
2767,0.6343397630622402
2768,0.6174245829263451
2769,0.611493509474475
2770,0.6005698562739179
2771,0.615084799046097
2772,0.6091522343754052
2773,0.586948194783592
2774,0.6002335502744949
2775,0.6159390657233319
2776,0.6075913454639156
2777,0.6126316376531661
2778,0.5959198421528643
2779,0.5942406797592664
2780,0.6055045509316003
2781,0.5950602165105161
2782,0.6026569624884212
2783,0.6126144329276267
2784,0.5942316748343446
2785,0.5657169179250127
2786,0.5617989044486843
2787,0.5473466948363042
2788,0.5657947340092502
2789,0.5538272650353787
2790,0.5484787531520242
2791,0.5496087917671665
2792,0.5440894978612497
2793,0.5338901385532129
2794,0.5096412844108474
2795,0.5119403952747681
2796,0.5226440315595415
2797,0.5001756419024712
2798,0.5011321629097005
2799,0.5137472506455146
2800,0.5171258517041903
2801,0.49547950459192613
2802,0.5033325608094548
2803,0.4968484810033268
2804,0.5062196579555417
2805,0.5219212063134907
2806,0.5380917804583383
2807,0.5167983179507338
2808,0.4934651940818291
2809,0.5020552341845208
2810,0.48479570271171596
2811,0.4987571786274068
2812,0.4928047241711483
2813,0.4989158060945166
2814,0.5106736241116194
2815,0.4953918117912827
2816,0.4857844953583013
2817,0.4622826997192898
2818,0.45385260664766564
2819,0.4870827167634104
2820,0.4924557083626571
2821,0.5006388665948708
2822,0.5025053207181
2823,0.49000807312772693
2824,0.5019971968613739
2825,0.5027065506127064
2826,0.4973106298344309
2827,0.49098166329514814
2828,0.4819353309680896
2829,0.48162308958950184
2830,0.47712170810800736
2831,0.489027479625586
2832,0.4787497035725226
2833,0.49447859177335485
2834,0.5026691887767091
2835,0.507084363295763
2836,0.4951893774254675
2837,0.49032791758318117
2838,0.4893553283420956
2839,0.48614305585964657
2840,0.4846394975729535
2841,0.47729543792227724
2842,0.4706917049646341
2843,0.4895225738545105
2844,0.49040527198407674
2845,0.5075135512433633
2846,0.48116732085997616
2847,0.4700979594518077
2848,0.4869714724692391
2849,0.48170621122636836
2850,0.5055413449942007
2851,0.49542644578477135
2852,0.4946210055986656
2853,0.49941411097806326
2854,0.48581629192838555
2855,0.4905854500106852
2856,0.495791362109293
2857,0.4953007130589242
2858,0.5003024443215874
2859,0.513435480924099
2860,0.5273115025078114
2861,0.5169875040518946
2862,0.5151102759612622
2863,0.5311975238744934
2864,0.5066548198336165
2865,0.519138149994082
2866,0.4975584268851992
2867,0.5071483916098831
2868,0.512168919080146
2869,0.5364369909556638
2870,0.5397186768330329
2871,0.5374281786337984
2872,0.5245444990678102
2873,0.5096851142756088
2874,0.5211944914049691
2875,0.4925738275128693
2876,0.4970326998746716
2877,0.49383840377724186
2878,0.5076422140442463
2879,0.5312845649640862
2880,0.5260729633203939
2881,0.5360118115690868
2882,0.520225814923645
2883,0.5375694768337284
2884,0.5295056829056634
2885,0.5314416128914848
2886,0.5247807020661257
2887,0.4864558083970225
2888,0.49436513328892046
2889,0.5215034891890485
2890,0.5672244538013621
2891,0.5686883476096707
2892,0.5682842337394907
2893,0.5721895137845218
2894,0.5644806172062603
2895,0.5267452691489053
2896,0.5508170753412368
2897,0.5588261953578578
2898,0.5635867183343538
2899,0.5789396262147831
2900,0.586306723575507
2901,0.5603458874957098
2902,0.5689165308612474
2903,0.5712064553027868
2904,0.5819935262189607
2905,0.5757378455453356
2906,0.5552938613579171
2907,0.5580243708163668
2908,0.5798216992739237
2909,0.5920827819240168
2910,0.5663718187639768
2911,0.556099846955043
2912,0.5666499806152839
2913,0.5681722819595614
2914,0.5648117313022225
2915,0.5662093416609508
2916,0.5671940357195735
2917,0.5549867596514171
2918,0.5569842822370816
2919,0.5674020144849996
2920,0.5770648442059615
2921,0.5628618736501944
2922,0.5620422647199117
2923,0.567401324190975
2924,0.5881351175634032
2925,0.5618698278289747
2926,0.5604515383085278
2927,0.5647264995441351
2928,0.5503130055839421
2929,0.5561273238068545
2930,0.5849975845011015
2931,0.5659555278972267
2932,0.5816067938473337
2933,0.6008184381076267
2934,0.5754875993943604
2935,0.5721108894263494
2936,0.5615453639154087
2937,0.5665751768901798
2938,0.5681349812788901
2939,0.5506121405624841
2940,0.5412413913038483
2941,0.557244882929661
2942,0.5297956764752937
2943,0.5477217167503836
2944,0.5775773036603478
2945,0.5534890747694907
2946,0.55943007205099
2947,0.566087090326717
2948,0.5752052258308608
2949,0.5560390044922047
2950,0.5560936272221525
2951,0.5640474519314727
2952,0.5496921437207656
2953,0.5324469677389811
2954,0.5394723425231769
2955,0.5241622150243692
2956,0.5369081437930475
2957,0.5263682817341402
2958,0.5209421448441338
2959,0.5344026406588459
2960,0.5357662338267312
2961,0.5149926023525355
2962,0.5093366256365277
2963,0.5320286801377092
2964,0.5243840298542475
2965,0.5435921214625365
2966,0.5475489330063843
2967,0.552887867519468
2968,0.5453272512158498
2969,0.5605113152776046
2970,0.558679581631469
2971,0.5413022048950734
2972,0.5538413239361909
2973,0.5854850946821772
2974,0.6097414694860771
2975,0.6021817555516059
2976,0.5737928335998789
2977,0.5773721247852288
2978,0.5784551656634688
2979,0.6084065824445524
2980,0.6095846831092471
2981,0.60057216390322
2982,0.5939166142739626
2983,0.5884112250681967
2984,0.5742203488311981
2985,0.5759563068061063
2986,0.5841780673038081
2987,0.591247305286355
2988,0.6115662791944293
2989,0.6265356975103321
2990,0.5974789267197638
2991,0.57176606393881
2992,0.581479768723092
2993,0.5858706214014842
2994,0.5684838150649835
2995,0.577208403971847
2996,0.5664020760833738
2997,0.5728893241553463
2998,0.5831447639473283
2999,0.6034604726071845
3000,0.6148480705844213
3001,0.5979656489682684
3002,0.5907565163398968
3003,0.5868699091419362
3004,0.6010103124184456
3005,0.6050930742751163
3006,0.6003565277298007
3007,0.6027325988970968
3008,0.6158896485452436
3009,0.5980330490931063
3010,0.5927750117903269
3011,0.601876216455553
3012,0.6117965485512943
3013,0.6380453246416157
3014,0.6098558120980484
3015,0.6107354028546269
3016,0.617414400958247
3017,0.6243588986110331
3018,0.6236707605084861
3019,0.623500938992001
3020,0.6313164186737177
3021,0.6362587286130849
3022,0.6047337249225577
3023,0.6095578860526919
3024,0.5876814955695533
3025,0.5780223774257026
3026,0.5698918421705191
3027,0.5879660485461456
3028,0.6110892843173495
3029,0.6084381644460568
3030,0.6215413135482895
3031,0.6270620133705344
3032,0.6479490932240999
3033,0.6404817248819736
3034,0.6114881180944141
3035,0.6084609782698674
3036,0.6065159448019355
3037,0.6064507520431611
3038,0.5936057584703391
3039,0.584596937980432
3040,0.5981753988759296
3041,0.5937135159922784
3042,0.5918874743846848
3043,0.5957917601963452
3044,0.5956306971461929
3045,0.5850115704354731
3046,0.5986627393706605
3047,0.5934016992888739
3048,0.5869387151831023
3049,0.5788598918743177
3050,0.5942568780466166
3051,0.5924710148321225
3052,0.6068515177248524
3053,0.6007786942323059
3054,0.5898274713970713
3055,0.589471846876319
3056,0.5831014306743139
3057,0.5749212997619786
3058,0.566871472214329
3059,0.5552139362023354
3060,0.5480428642342353
3061,0.5281759045648595
3062,0.5514145540848844
3063,0.5268568975667668
3064,0.502944794177902
3065,0.4967725623090148
3066,0.507458196224317
3067,0.5044320175620207
3068,0.4963376241859423
3069,0.48284353887396625
3070,0.4670337665862903
3071,0.48277466590315143
3072,0.4953604623374992
3073,0.49220735592703857
3074,0.48861284467708743
3075,0.46613772793414204
3076,0.4370977176399736
3077,0.4261219959285944
3078,0.44319892940866634
3079,0.4458050602199279
3080,0.46320920041681957
3081,0.4779734214847587
3082,0.4632513915550628
3083,0.4628839351847528
3084,0.44307028904890094
3085,0.4349789647253055
3086,0.4585943348601426
3087,0.45586777621948993
3088,0.44092712019835884
3089,0.424252365402975
3090,0.4091827383108728
3091,0.4277281315136459
3092,0.45208859832572024
3093,0.44294212100248054
3094,0.43921173180427364
3095,0.4248321060836466
3096,0.39236807115299255
3097,0.40187519416422346
3098,0.39818781264597486
3099,0.4003548490029748
3100,0.38206883653588886
3101,0.3989366396668719
3102,0.42314293678891424
3103,0.4047472766278668
3104,0.38813521286597363
3105,0.3816073819358476
3106,0.39395334450405095
3107,0.42204241008061005
3108,0.4062684085405751
3109,0.4138138472996042
3110,0.4154866642375596
3111,0.40182651360597554
3112,0.4205578100762543
3113,0.4122810108349054
3114,0.4130873575896655
3115,0.41669516211774066
3116,0.39378220604830017
3117,0.3659382126983965
3118,0.35405067767282516
3119,0.3490748668195528
3120,0.3488610128120755
3121,0.358688558235963
3122,0.375881576992332
3123,0.36756794177204966
3124,0.381150704800383
3125,0.39635638202054324
3126,0.3927870771324947
3127,0.3830983873700605
3128,0.3948873582515079
3129,0.3880606672793384
3130,0.37968655941533586
3131,0.37839351390306547
3132,0.37633553796516767
3133,0.4004468537790493
3134,0.395324175129192
3135,0.3748994212734479
3136,0.3754939052433991
3137,0.3820619895015843
3138,0.39455257575461955
3139,0.4046524866597609
3140,0.42824212562550823
3141,0.4135654995884315
3142,0.43911962072816874
3143,0.4503996996367443
3144,0.4570724835193273
3145,0.439982115158992
3146,0.4574755157538892
3147,0.4387119011872041
3148,0.4256199790742327
3149,0.41960354958510376
3150,0.4419035971333961
3151,0.4038856068753041
3152,0.4224347556187813
3153,0.44547471699603797
3154,0.45011480033202816
3155,0.44030817501659475
3156,0.4246663919478427
3157,0.4407511065082504
3158,0.4381097982609991
3159,0.4508891018271267
3160,0.4518373916686679
3161,0.45564549275083555
3162,0.46705337251140555
3163,0.47871751986035227
3164,0.5031153789548525
3165,0.4941129167815792
3166,0.4916581358223825
3167,0.4849581501557211
3168,0.4585371055484614
3169,0.4494070070913889
3170,0.467405383093593
3171,0.47096803241862634
3172,0.4790360238855465
3173,0.48361297589594476
3174,0.47680340959620526
3175,0.4911554257868348
3176,0.4933820120770441
3177,0.4952224938219787
3178,0.4848951336604089
3179,0.4843291194632939
3180,0.5058840078666768
3181,0.5297154602413571
3182,0.501747671713321
3183,0.5215331198632046
3184,0.5399317877901743
3185,0.5113384401187288
3186,0.528952761197726
3187,0.5258845406109329
3188,0.5344659746106687
3189,0.5217829377956621
3190,0.5427363969000698
3191,0.5681721676542201
3192,0.5737691450974228
3193,0.5465940960016121
3194,0.5336017519513263
3195,0.5412195328679652
3196,0.5241951597660166
3197,0.5410960996348747
3198,0.5319020731269206
3199,0.5360127231246562
3200,0.5287006998096884
3201,0.5435296755752889
3202,0.5627460656726186
3203,0.5620406166757365
3204,0.5732432763535213
3205,0.5474626004524263
3206,0.5753051238435145
3207,0.5508732588443473
3208,0.5307162835579274
3209,0.5318110427677915
3210,0.5719785927392416
3211,0.5728496482595511
3212,0.5582703799268705
3213,0.5758052702110448
3214,0.5595779485167525
3215,0.5688028605641599
3216,0.5771768407368912
3217,0.5726939527047616
3218,0.5732108959206775
3219,0.5900898966443702
3220,0.5767924963101448
3221,0.5787584185214603
3222,0.5568976739592176
3223,0.6038935545479976
3224,0.6013788022612735
3225,0.5971688209219105
3226,0.5853387837140231
3227,0.572548303815192
3228,0.5777606695067571
3229,0.5424805744594747
3230,0.5535262446092604
3231,0.5561601185473477
3232,0.5432937656238472
3233,0.5250805172336276
3234,0.5456967257119223
3235,0.5583723799241995
3236,0.5543495207593576
3237,0.5798470761095788
3238,0.569291745952666
3239,0.5688046869561638
3240,0.5513819875613699
3241,0.5655657643999176
3242,0.5663392857052868
3243,0.5461952046125558
3244,0.5457496581401521
3245,0.5425732985324216
3246,0.528931828097046
3247,0.5225962939219337
3248,0.5302601161376704
3249,0.5400566816644233
3250,0.5538131624334428
3251,0.5446659646322193
3252,0.5407883286318869
3253,0.5534658244593823
3254,0.5586190025564837
3255,0.5547650958725696
3256,0.5895506869841829
3257,0.5625927480888798
3258,0.5539088891541625
3259,0.5851892620912468
3260,0.5696485451543716
3261,0.5677817754119162
3262,0.5547000518026033
3263,0.5605290763066364
3264,0.582478057636962
3265,0.5832696805251641
3266,0.5779642558499389
3267,0.6027493310468219
3268,0.6033984125496769
3269,0.6041903500072282
3270,0.5931531771669105
3271,0.6097340240219717
3272,0.5950745899806775
3273,0.5938664581138111
3274,0.6104504538119954
3275,0.6101720360532076
3276,0.6038118262289371
3277,0.6154772850052961
3278,0.6062336149395593
3279,0.6169503586742555
3280,0.6316108512538772
3281,0.644317403866599
3282,0.6281374725631484
3283,0.6232305436046441
3284,0.6303813165976777
3285,0.6363930767595449
3286,0.6207038605174697
3287,0.6100100456993333
3288,0.6028755030148936
3289,0.6358416692364852
3290,0.6426168483950289
3291,0.6426515431501398
3292,0.6512796794776811
3293,0.6315595044021504
3294,0.636971740922748
3295,0.6129887570673089
3296,0.5978446080108005
3297,0.5954719977625192
3298,0.6051643853224311
3299,0.6550956454497532
3300,0.6408193001825006
3301,0.6277371747328256
3302,0.62581263486088
3303,0.6398127428323144
3304,0.6453870781065705
3305,0.6374610942938572
3306,0.639128793475904
3307,0.627881096443753
3308,0.6339884774200132
3309,0.6492046387103333
3310,0.6407146329730503
3311,0.6242516662899849
3312,0.6284355332552102
3313,0.642347609840719
3314,0.654999147594492
3315,0.6538358977002188
3316,0.6434141352375675
3317,0.6034306827454521
3318,0.6038077922084003
3319,0.5957873364090301
3320,0.6143117580593838
3321,0.6328099673033495
3322,0.6395408438900829
3323,0.6483252102909617
3324,0.6333483528102146
3325,0.642303582599111
3326,0.6544665840484283
3327,0.6614228193243255
3328,0.6215630381248749
3329,0.6189653460924475
3330,0.637650750083671
3331,0.6397195027448989
3332,0.6378514710504776
3333,0.6334149119837008
3334,0.6032636911719989
3335,0.6105835495866156
3336,0.6162090948349049
3337,0.5990987982372635
3338,0.5691610041331635
3339,0.527760916332803
3340,0.509437020372163
3341,0.5054311340413126
3342,0.5379983250149352
3343,0.5178802010772845
3344,0.4937728841130654
3345,0.5032749838573036
3346,0.5339054852592083
3347,0.5243394930286666
3348,0.4855935996639353
3349,0.4943066264083552
3350,0.4792769605160805
3351,0.45946196712576914
3352,0.46716091336501114
3353,0.463455560186189
3354,0.4609443400788704
3355,0.44292149905905
3356,0.4646762320445443
3357,0.48501022995271925
3358,0.4556169786207027
3359,0.4514986747583083
3360,0.4347465991580878
3361,0.44497616001081425
3362,0.4278539647652008
3363,0.4114686037973004
3364,0.4072890464452833
3365,0.4043055628621151
3366,0.3918261942806842
3367,0.4128042446503987
3368,0.4192913164742962
3369,0.4176028222503742
3370,0.4015689820971137
3371,0.4194670298996274
3372,0.4097126486869182
3373,0.3991868556338877
3374,0.3868336829052266
3375,0.3731768815120081
3376,0.35704798537809646
3377,0.34620369748629415
3378,0.3431067922956157
3379,0.3403176204435933
3380,0.3392558478392157
3381,0.33839254526569207
3382,0.3237019515358539
3383,0.3242319701804488
3384,0.3307500785948304
3385,0.3455580396318262
3386,0.3465873581807462
3387,0.3481739692061379
3388,0.36081990429213506
3389,0.3373936232760854
3390,0.32407374206024336
3391,0.31124216630718604
3392,0.3372651772747707
3393,0.3283554222451803
3394,0.30707885054993894
3395,0.31753648205495066
3396,0.3211280945949367
3397,0.3034413862136254
3398,0.2916747535617786
3399,0.303841293620997
3400,0.3253820857217052
3401,0.3277989667830221
3402,0.3406320652512065
3403,0.3509851762670569
3404,0.33067867778304544
3405,0.3037693022534876
3406,0.30342556063255466
3407,0.32065853822652823
3408,0.3098842292195609
3409,0.31545022322229477
3410,0.30716940150905436
3411,0.32201126897488613
3412,0.3005323053026071
3413,0.3064324128994454
3414,0.31076041378195507
3415,0.2996653838036037
3416,0.30822566829679504
3417,0.3370856035835203
3418,0.36553779715063256
3419,0.34925322265366465
3420,0.3506319138379681
3421,0.37488808325971035
3422,0.36649612683319416
3423,0.3369786136527883
3424,0.3371816392305011
3425,0.34924115392564403
3426,0.3556636806335451
3427,0.35373468941501734
3428,0.34942827518152286
3429,0.35346525663349143
3430,0.34916064425112975
3431,0.34211342074241174
3432,0.3270337272998988
3433,0.3807820591820784
3434,0.37671545217410346
3435,0.3725969160264574
3436,0.37326161300377964
3437,0.385867271664427
3438,0.3925129495641936
3439,0.36579197758384435
3440,0.36289195658504764
3441,0.3455564434253201
3442,0.3557941330807425
3443,0.3561188156311611
3444,0.35811182637109046
3445,0.34171628094163436
3446,0.3349809704625213
3447,0.3414430554800111
3448,0.35343254627684945
3449,0.351214784332745
3450,0.3652370426058249
3451,0.37156385991597424
3452,0.3718422039209137
3453,0.3757141599562878
3454,0.39126136657563704
3455,0.39502841931050575
3456,0.3753805370483732
3457,0.37146526375060657
3458,0.36594840306550935
3459,0.37576859790791123
3460,0.37245679237624624
3461,0.3777203406138121
3462,0.3971656066189662
3463,0.4288882910954301
3464,0.407904357609588
3465,0.390109683305784
3466,0.4097623289903904
3467,0.425535850343004
3468,0.40486992691530127
3469,0.43491957831041456
3470,0.4504895251309608
3471,0.46401992961999394
3472,0.4681565552768893
3473,0.4399776359906735
3474,0.4595210410710645
3475,0.4706124409689947
3476,0.4626198687174782
3477,0.43924715346786414
3478,0.4392939106517347
3479,0.42333228588345506
3480,0.4113764267101889
3481,0.3912046797878147
3482,0.3860365563001413
3483,0.36869734626157835
3484,0.37067763131305226
3485,0.3894326658924679
3486,0.37867079700745454
3487,0.3814532051591469
3488,0.390715468281314
3489,0.41281358474850294
3490,0.395848197664664
3491,0.3874242390234368
3492,0.4077762085921854
3493,0.43889201818972107
3494,0.4415972439890855
3495,0.40991864042918325
3496,0.42804235807811025
3497,0.4627413133525924
3498,0.43941828995509585
3499,0.437218144419488
3500,0.44184051712053485
3501,0.4228682748332997
3502,0.44429167849807877
3503,0.4770875284487228
3504,0.4742770800550579
3505,0.4732935409921978
3506,0.456824504183692
3507,0.4436533305423687
3508,0.4575211256848389
3509,0.46349729357812847
3510,0.45665903952487313
3511,0.4793124097389381
3512,0.49348319881352326
3513,0.4986142243779908
3514,0.49005492545668633
3515,0.49863379106395894
3516,0.5227374692862728
3517,0.5071354245809883
3518,0.4702472793669955
3519,0.46152155265610273
3520,0.49016676253757047
3521,0.4988585572288791
3522,0.5217432352592419
3523,0.5140847977306013
3524,0.5357012098356595
3525,0.5168158099488245
3526,0.5085935565339447
3527,0.5055716588757125
3528,0.4958217379335387
3529,0.5234036489521675
3530,0.5287981652576955
3531,0.5208589247813131
3532,0.5205470265812187
3533,0.5105389528655607
3534,0.5099518184272183
3535,0.5194912987740026
3536,0.5204783555804616
3537,0.5318139585382553
3538,0.563447660571608
3539,0.5594713067514288
3540,0.5625883170836615
3541,0.5920450534185318
3542,0.5900883100179903
3543,0.5862566044235141
3544,0.5735117265815564
3545,0.5804295480448589
3546,0.563473927834061
3547,0.575559767009945
3548,0.5673753428887273
3549,0.5540909908176176
3550,0.5465149472299562
3551,0.5715288827177455
3552,0.5650869612412094
3553,0.5747577118892522
3554,0.5793172788577632
3555,0.5870519531933994
3556,0.5783287251893944
3557,0.5827029562175992
3558,0.5948426354402441
3559,0.5924048809899926
3560,0.5827734772325891
3561,0.6021681589903087
3562,0.5752577740041658
3563,0.5929391184334487
3564,0.6108428280905451
3565,0.6216503200299687
3566,0.6283653046309211
3567,0.6408612549672194
3568,0.6721047179090528
3569,0.6570296977308399
3570,0.6618639674689277
3571,0.6733120736544628
3572,0.6370871219941522
3573,0.6339603177545496
3574,0.6323865560406117
3575,0.6479175058419767
3576,0.6451259264911174
3577,0.6384761351738778
3578,0.6245470146252212
3579,0.6288348224163556
3580,0.629589708538986
3581,0.6388494161296813
3582,0.6443346996689545
3583,0.6555518070956876
3584,0.6590925218687667
3585,0.6503920722552289
3586,0.6461978745018628
3587,0.660707906212637
3588,0.6668019125453177
3589,0.6671310607468904
3590,0.6713791009092404
3591,0.6737842093078066
3592,0.6698381230433236
3593,0.654294066054505
3594,0.6387869811349057
3595,0.639178835724418
3596,0.6406738381710091
3597,0.6408524785217455
3598,0.6311908654768107
3599,0.6290564191343196
3600,0.640410138373222
3601,0.6407586090331622
3602,0.6535046339968063
3603,0.6615384471167879
3604,0.6254536189754539
3605,0.6174196943060576
3606,0.6117554796001622
3607,0.634083187597479
3608,0.6493019087500129
3609,0.6657748249846903
3610,0.6711402879170917
3611,0.6701145738578449
3612,0.6742435195343949
3613,0.6560808565727212
3614,0.6281118643608841
3615,0.6034218090551356
3616,0.608043880572763
3617,0.6306763111244178
3618,0.6385751733373966
3619,0.648500630669419
3620,0.6502855060810379
3621,0.6444733927307317
3622,0.6512916573913548
3623,0.612318604798673
3624,0.5952647951185498
3625,0.5830117435013715
3626,0.5828741413928694
3627,0.5906025924522809
3628,0.57593185005627
3629,0.5620778518703397
3630,0.5524354006526152
3631,0.5540480503297772
3632,0.5315408480381464
3633,0.5403498450747136
3634,0.5312017249566829
3635,0.5227920375538595
3636,0.5106722819753096
3637,0.5243226499856999
3638,0.5269604164734193
3639,0.5356000542017818
3640,0.5461814618559081
3641,0.558363524213024
3642,0.5466942528089077
3643,0.5475435136733524
3644,0.5144824318921374
3645,0.5278376455320383
3646,0.5215091354267133
3647,0.5295552053339052
3648,0.5188416170040624
3649,0.521923582053553
3650,0.5160087330047196
3651,0.5194230276450883
3652,0.523279503902577
3653,0.49839079601863856
3654,0.49748994932425056
3655,0.5065032052813525
3656,0.4807297824544313
3657,0.48289262586578724
3658,0.4827819782953669
3659,0.46014496083178263
3660,0.48122542918104466
3661,0.4805046497512581
3662,0.47453479791705944
3663,0.4819653091514808
3664,0.48532866822937615
3665,0.47608961617817047
3666,0.46889215279968055
3667,0.4816340503037487
3668,0.4911352534531625
3669,0.4872972096209471
3670,0.4991518391440181
3671,0.46607152781853634
3672,0.46404672864506824
3673,0.4712596015909296
3674,0.47092125384351513
3675,0.47050613030858046
3676,0.4690998420615671
3677,0.46661591560255067
3678,0.4708040658028286
3679,0.4644427764426937
3680,0.4655221734608789
3681,0.4505101327698194
3682,0.4477738163113133
3683,0.43754708605779175
3684,0.4460696682924192
3685,0.434564918495247
3686,0.4437566585026704
3687,0.4353397358735795
3688,0.4399365959111547
3689,0.4467256984051632
3690,0.4308826408220388
3691,0.41677964085166214
3692,0.4047707093540768
3693,0.4076916688341724
3694,0.4074556066505885
3695,0.40987777108588613
3696,0.40227461127910913
3697,0.40472043560771875
3698,0.38423752067459477
3699,0.38248592819620136
3700,0.41798473831198146
3701,0.4184585902514954
3702,0.42198720585012545
3703,0.432433405771126
3704,0.41507695767343394
3705,0.41877947369132096
3706,0.4099904474120721
3707,0.42343259059215105
3708,0.4386447452899669
3709,0.4271087603443525
3710,0.42443570920197066
3711,0.424450489499409
3712,0.42237188768104245
3713,0.41730184565661416
3714,0.41275395725564173
3715,0.4183000667221931
3716,0.415339352605539
3717,0.42064461861812624
3718,0.44104644080138394
3719,0.4748112248468826
3720,0.45975805470553793
3721,0.4677601400223686
3722,0.46106086433492266
3723,0.45055455804598565
3724,0.44635042780150647
3725,0.44351797713883095
3726,0.45184593950345897
3727,0.437661037196935
3728,0.4364762031471041
3729,0.4347877937007373
3730,0.4368362969935794
3731,0.43999151483760707
3732,0.4438308547427859
3733,0.4490036383712987
3734,0.42922393987194896
3735,0.44021612286482764
3736,0.43710211728012116
3737,0.4439832381986032
3738,0.4423597408001896
3739,0.4305854836802356
3740,0.4305556093034173
3741,0.43763305601053487
3742,0.43965126287606754
3743,0.44681636235727384
3744,0.4536511221579246
3745,0.4556386346928242
3746,0.47598065484119545
3747,0.4801719177950799
3748,0.471381199508063
3749,0.46183817661433935
3750,0.46326999629137305
3751,0.45339752847463377
3752,0.44472586543426973
3753,0.4467309832227245
3754,0.45899218385272783
3755,0.453958544733035
3756,0.45041614320157203
3757,0.46327792259907274
3758,0.46225302731252926
3759,0.47178036517744465
3760,0.4821955855950144
3761,0.4726335494316538
3762,0.47505871743336625
3763,0.4643518956910148
3764,0.46460941053308175
3765,0.4584143214017294
3766,0.48137290170669156
3767,0.4851054535199616
3768,0.4847407284042601
3769,0.494055780908937
3770,0.49226312236657294
3771,0.5078319047424651
3772,0.517272513724914
3773,0.4914196377932869
3774,0.47996404690449945
3775,0.47423006158308795
3776,0.4857720883074678
3777,0.4917427620640004
3778,0.49167326900967484
3779,0.483033791387531
3780,0.5093981751914203
3781,0.5141563837144145
3782,0.5092206099145716
3783,0.5164657359957096
3784,0.5166317465904872
3785,0.5168454651638517
3786,0.5226258959869458
3787,0.5402504323676308
3788,0.5153261381206721
3789,0.5168001195393973
3790,0.5353989600037574
3791,0.5426900466747108
3792,0.5374336872063621
3793,0.5612398557907226
3794,0.48477384060126394
3795,0.48158320791784526
3796,0.5100718417915555
3797,0.5286964244487122
3798,0.546317115917927
3799,0.5571850575350148
3800,0.5515950864449275
3801,0.5503499167603045
3802,0.5578919965696072
3803,0.5559518555277662
3804,0.5447607378022956
3805,0.5294581184977347
3806,0.5426081526063437
3807,0.549633560067956
3808,0.5638564898323963
3809,0.5477220251517063
3810,0.5520388966835013
3811,0.5527604174575739
3812,0.5624356963556776
3813,0.5678062143138461
3814,0.5603716607911079
3815,0.5703051603109867
3816,0.591118583298665
3817,0.58903355150957
3818,0.5834065197669048
3819,0.5794973386419922
3820,0.5982197225765113
3821,0.5767509096384943
3822,0.559549695674719
3823,0.5755366933416155
3824,0.5788353794810087
3825,0.59346269385262
3826,0.6070692945971558
3827,0.5755235230303168
3828,0.5812408676725231
3829,0.6017582080673477
3830,0.5860859621658066
3831,0.5752386027280638
3832,0.5755912858876042
3833,0.5709012709338723
3834,0.5633246287851755
3835,0.5815576438629021
3836,0.5727249936259877
3837,0.5877043788164703
3838,0.6029211672769699
3839,0.5880439727676982
3840,0.5943254234558563
3841,0.5794819911485891
3842,0.5764208677292585
3843,0.5859505226723676
3844,0.598682807504056
3845,0.5919964848034023
3846,0.5881916610430363
3847,0.579420818630718
3848,0.5951779730595135
3849,0.5911284793065579
3850,0.6170988027296865
3851,0.6174008050531228
3852,0.6279271553282879
3853,0.6149469756760502
3854,0.6101464290320545
3855,0.6292952216276998
3856,0.6368264840309449
3857,0.642683250611927
3858,0.6544528939168573
3859,0.6650006097107275
3860,0.6512103185766032
3861,0.6606589656786357
3862,0.6419445342987373
3863,0.6482436502146653
3864,0.6546492498894522
3865,0.6616748591898878
3866,0.6640341461073204
3867,0.6498552727185706
3868,0.6502682165779434
3869,0.6540087351191716
3870,0.6393933518104798
3871,0.6323182947542929
3872,0.6158045183627407
3873,0.6266872657367804
3874,0.6354718414568548
3875,0.6445551231495459
3876,0.6440082098867843
3877,0.6481171606588486
3878,0.6450867908881928
3879,0.6458976006694149
3880,0.6536427387338472
3881,0.6356833153935277
3882,0.6479588064221874
3883,0.6502057318452524
3884,0.6567283975125427
3885,0.6516833634232936
3886,0.655529541701293
3887,0.6544870542846549
3888,0.6480308344041518
3889,0.6513689085106158
3890,0.6565607945170627
3891,0.6493282144642053
3892,0.6588579896182131
3893,0.648188248344865
3894,0.6540384772115077
3895,0.6554275830428646
3896,0.6478048165235648
3897,0.6567322210327724
3898,0.6453358459538888
3899,0.6546818761247121
3900,0.6432625843340871
3901,0.6432465183312193
3902,0.6451997686602674
3903,0.641182836837615
3904,0.6040741811344875
3905,0.6149513904081774
3906,0.6309668259579009
3907,0.6117211839294865
3908,0.5952493509052424
3909,0.5991089350606573
3910,0.6002503513223879
3911,0.6033823271240873
3912,0.6161270068017909
3913,0.6439357153657976
3914,0.6537227173019132
3915,0.6368773464957429
3916,0.6301554286393503
3917,0.6123781430520024
3918,0.6296581252070778
3919,0.6272877641886991
3920,0.6271513888612887
3921,0.6278307724345411
3922,0.6390502591446708
3923,0.6173141717094491
3924,0.6351991245293276
3925,0.6416377652719621
3926,0.6162297129725319
3927,0.6028150126545015
3928,0.6079838496647247
3929,0.6079312436169587
3930,0.61182162249748
3931,0.6329358635475151
3932,0.6414576169043744
3933,0.6445280814716862
3934,0.6312378314549385
3935,0.6088450947421042
3936,0.6002411649000067
3937,0.5974617174010133
3938,0.5828988016875788
3939,0.577774589823826
3940,0.5711286926310337
3941,0.5638585590084204
3942,0.5600837312793521
3943,0.5619400211511548
3944,0.5679304776058162
3945,0.5729248816467535
3946,0.5678700432826007
3947,0.5598533140210867
3948,0.5639859576263491
3949,0.5666801598500907
3950,0.5466804767186703
3951,0.5432096345303956
3952,0.5436453028428129
3953,0.5288412617834818
3954,0.5363137309522524
3955,0.5449469328043293
3956,0.5368217200310387
3957,0.5469299039657074
3958,0.5369999038165828
3959,0.5260166769293528
3960,0.5210967094190936
3961,0.5204119031007096
3962,0.5262611450831194
3963,0.5264059494780029
3964,0.5127518747461818
3965,0.5043170677275299
3966,0.4829875632103551
3967,0.4810648152157122
3968,0.4911429231972086
3969,0.4875417582215268
3970,0.48058209194810475
3971,0.49212513232857713
3972,0.49180026093156126
3973,0.5189637767365417
3974,0.5110753458374113
3975,0.5141814243270104
3976,0.5274055268532292
3977,0.4986058443922601
3978,0.488919943233957
3979,0.49926658280894365
3980,0.4845161760205122
3981,0.5039044060225589
3982,0.496294385664313
3983,0.50374745297778
3984,0.513932856010466
3985,0.5152175535582493
3986,0.5133596485821573
3987,0.508523529354775
3988,0.5030819721361593
3989,0.5072358750913308
3990,0.48400906581987857
3991,0.4855833325245782
3992,0.48474825995826665
3993,0.48465905861583364
3994,0.4998608073280799
3995,0.4962535194706464
3996,0.5098996602831607
3997,0.5022053745784618
3998,0.5076337442940453
3999,0.5078664092073981
4000,0.5040686453438668
4001,0.5012038109674821
4002,0.5063250258265504
4003,0.49361588749839747
4004,0.4908050058993
4005,0.49113993826610775
4006,0.4977530912437298
4007,0.5001795600428515
4008,0.5075761909641232
4009,0.5170784714184132
4010,0.5204592129135036
4011,0.5192017661003065
4012,0.5269320684862969
4013,0.5238383055770113
4014,0.5153452054589666
4015,0.5310079586365574
4016,0.5417522848669223
4017,0.5249879687525827
4018,0.5240100322262636
4019,0.5222384699091942
4020,0.527986888937451
4021,0.5422249513642452
4022,0.538357538539677
4023,0.5284590236721527
4024,0.538256104950905
4025,0.5345864550651367
4026,0.525431701956443
4027,0.5344602022565482
4028,0.5473713252095235
4029,0.5344158595269487
4030,0.5411579415804681
4031,0.5397582577149738
4032,0.5456192539872895
4033,0.5489376064197163
4034,0.5470988912238056
4035,0.5539990516588458
4036,0.5609955166405731
4037,0.5469936175792437
4038,0.5461068687623457
4039,0.5357380593317572
4040,0.5293418257395265
4041,0.5345902674304249
4042,0.5337112576494447
4043,0.5522033780014215
4044,0.5446465705197573
4045,0.5523746217073259
4046,0.5629700099152048
4047,0.5409237265239558
4048,0.5338913784577651
4049,0.5591373991956549
4050,0.5535344900795205
4051,0.5730911770206248
4052,0.5798732331349632
4053,0.5512095308540075
4054,0.5593060050859898
4055,0.5699864148141184
4056,0.5881729553873145
4057,0.6079123319229064
4058,0.6145000707942454
4059,0.601493001433821
4060,0.6086068648253076
4061,0.6161719900874996
4062,0.6222664864501971
4063,0.626832136011436
4064,0.6344390877109026
4065,0.6223868270085756
4066,0.6317131996790837
4067,0.6113927468882406
4068,0.6057022516651971
4069,0.617005739546519
4070,0.6391413880609886
4071,0.620381225226896
4072,0.6148231525449468
4073,0.5984903594355422
4074,0.5935267108805641
4075,0.5986428008970551
4076,0.5998569317602057
4077,0.5643527298706609
4078,0.5647637941880145
4079,0.579699797417444
4080,0.5607876849891398
4081,0.5456822018469031
4082,0.5340502985780451
4083,0.5390397385387968
4084,0.5342881696994305
4085,0.5307228141855983
4086,0.5357835606004536
4087,0.5260601129590633
4088,0.5351281567392469
4089,0.543970944455728
4090,0.5446107569896349
4091,0.5527018095263624
4092,0.5661926900892734
4093,0.5608447910715265
4094,0.5619584089566623
4095,0.5699785942815107
4096,0.5662596798435001
4097,0.5725276835778113
4098,0.5783586709578381
4099,0.5804626430501294
4100,0.5871835523685792
4101,0.5863775965617087
4102,0.5818854200066749
4103,0.605005564021809
4104,0.6062264923125834
4105,0.60379140271223
4106,0.6193893329501646
4107,0.5857058676405229
4108,0.5836971632103013
4109,0.5893768702926042
4110,0.5993074728085677
4111,0.614330076441785
4112,0.6060856374231507
4113,0.5920158142172037
4114,0.6104991418506157
4115,0.6084560786258731
4116,0.5934665404701402
4117,0.6154717747266826
4118,0.5986266750512071
4119,0.6018389861166302
4120,0.6127605564927643
4121,0.6225966420086012
4122,0.6202682520480326
4123,0.6222916711583898
4124,0.6308985183457664
4125,0.6379596808068672
4126,0.6341785740268666
4127,0.6329836414741467
4128,0.6282887569291452
4129,0.6230184541776717
4130,0.6236923639555307
4131,0.6250107634686348
4132,0.6218915695238021
4133,0.6245313427198734
4134,0.6089400941606404
4135,0.6118181757518025
4136,0.6093306596326235
4137,0.6119520791441847
4138,0.6253620043598613
4139,0.625258735192663
4140,0.6173360985185616
4141,0.6156572001689898
4142,0.6250471835651036
4143,0.6298506017535009
4144,0.6267733505198033
4145,0.6371447388416234
4146,0.6430151179945246
4147,0.634449508394748
4148,0.6311198094183343
4149,0.6336010030479269
4150,0.6404638063714153
4151,0.6538740512745908
4152,0.6575262049627612
4153,0.6407975178626886
4154,0.6476573609271821
4155,0.6363766725650988
4156,0.6257447124223124
4157,0.6267195837019521
4158,0.6392368205537229
4159,0.6438901626531359
4160,0.6487340333837235
4161,0.6515990055564438
4162,0.647027712513467
4163,0.6352238269503453
4164,0.6321642038050241
4165,0.6424965905144517
4166,0.6339467633195608
4167,0.6333668256557463
4168,0.6425227583010739
4169,0.6382317941864439
4170,0.6450386380242934
4171,0.660248822759447
4172,0.6373353025124376
4173,0.6226848731335961
4174,0.6306773640196572
4175,0.684819162708477
4176,0.6758231337867973
4177,0.6515333961277971
4178,0.6221849316232849
4179,0.6224738087801268
4180,0.6471767364946195
4181,0.6612681183966106
4182,0.6377535867016099
4183,0.6298504684191418
4184,0.6234664733725112
4185,0.6347119684192174
4186,0.6289128764289328
4187,0.6067521077736964
4188,0.573736940912654
4189,0.5801491172784582
4190,0.6198498573593225
4191,0.6250188993579995
4192,0.5888213683810892
4193,0.6074491872836162
4194,0.6138135222052395
4195,0.603930867171018
4196,0.6150261386210434
4197,0.6017773929918486
4198,0.6014637299487802
4199,0.5746946670472652
4200,0.5651680245945241
4201,0.661485065341269
4202,0.6737377302100651
4203,0.5856259960286603
4204,0.5913716882642851
4205,0.6431421431187662
4206,0.641852105372418
4207,0.5916738908517293
4208,0.5707389018369267
4209,0.5873043366311589
4210,0.5712608645140317
4211,0.5657939756044653
4212,0.6070650726486639
4213,0.5990650406284701
4214,0.6277320826988998
4215,0.6215829960212019
4216,0.5743669882795697
4217,0.5331816203726132
4218,0.5370301913199391
4219,0.5713841014201525
4220,0.5543605800307931
4221,0.5536059902359017
4222,0.5444654077086695
4223,0.5683861231060474
4224,0.5610761971825438
4225,0.5798548665894618
4226,0.5745629514669904
4227,0.5831755307194636
4228,0.5927058616520254
4229,0.5585139870503907
4230,0.5319139950034177
4231,0.5107607924987795
4232,0.5133267090898942
4233,0.5344371804258878
4234,0.5317449724432106
4235,0.5136082649305673
4236,0.5325643624741714
4237,0.5280150253743895
4238,0.5077225802793368
4239,0.5093368866621579
4240,0.5044819507545776
4241,0.523642712471178
4242,0.48934195146752796
4243,0.49269704880207205
4244,0.49459514358867424
4245,0.4987072863800468
4246,0.5062612273042243
4247,0.5089923117014805
4248,0.521396947818198
4249,0.5073049697173944
4250,0.4970147713902832
4251,0.4840954269829805
4252,0.4508497230464782
4253,0.45285862708453467
4254,0.45953444484872635
4255,0.4547126716634729
4256,0.45097324158206226
4257,0.46078634201292834
4258,0.4574046581221362
4259,0.4628341926760776
4260,0.4469370463566149
4261,0.45111307638490683
4262,0.4605245544345773
4263,0.47492504015820924
4264,0.48573002814136085
4265,0.4605587020726182
4266,0.4518089994554835
4267,0.47067939266518577
4268,0.46629787824761343
4269,0.48421778409230637
4270,0.4603875417006883
4271,0.4456414405884269
4272,0.46080322678849966
4273,0.4862898765430082
4274,0.5012363914018648
4275,0.48888110842074806
4276,0.49099040863802046
4277,0.4910829214232527
4278,0.46077696070715807
4279,0.4470103555820322
4280,0.43467736975408455
4281,0.4502810701151515
4282,0.44919085634708167
4283,0.4171986687473434
4284,0.4215683334674516
4285,0.417472889623449
4286,0.4138280029203206
4287,0.4131804913770507
4288,0.42430492355011
4289,0.44146589192866775
4290,0.4412389130170652
4291,0.4764061787186117
4292,0.4639076254751491
4293,0.4692179015000338
4294,0.4658012248203417
4295,0.4738710205006176
4296,0.4637258706647561
4297,0.4810362314000039
4298,0.47465278176439346
4299,0.5019834922939963
4300,0.4924346969149176
4301,0.49398738707566664
4302,0.5033797539546845
4303,0.5169024001163129
4304,0.5012864008417274
4305,0.4810858447738273
4306,0.48633649159980097
4307,0.49148588200372
4308,0.47405738965097255
4309,0.49355015812132147
4310,0.480067970932379
4311,0.48031476548199625
4312,0.5011237641574212
4313,0.5035947724068159
4314,0.4924322755052125
4315,0.4767494010442109
4316,0.48295152959979937
4317,0.47723131984368694
4318,0.4850504311806401
4319,0.46417906352144617
4320,0.46927085558197346
4321,0.4724520056465064
4322,0.4706662957140315
4323,0.47600687748388265
4324,0.47728953984540473
4325,0.4906572433451751
4326,0.48453012179709454
4327,0.4744913374777124
4328,0.4820402955551557
4329,0.4824164701027747
4330,0.48621652335399806
4331,0.48698962628344505
4332,0.4955399129306897
4333,0.527685813917737
4334,0.5305421141077293
4335,0.5249775462314528
4336,0.5112986719650059
4337,0.5003962383502726
4338,0.4792212318721125
4339,0.5077894939174923
4340,0.49449509360634747
4341,0.5005085033872051
4342,0.514105706684114
4343,0.5226488056120184
4344,0.5181901633044794
4345,0.5310140931981889
4346,0.5378148251779936
4347,0.5381695513978716
4348,0.5237332339025071
4349,0.5226404884876636
4350,0.532196127882651
4351,0.5400373832219887
4352,0.5399160653595033
4353,0.5463259621802109
4354,0.5436040827094153
4355,0.5191017318661324
4356,0.5234206276917163
4357,0.5357789390425882
4358,0.5531966109708821
4359,0.5465209303468531
4360,0.5257692365742421
4361,0.5327324166542249
4362,0.5243948450293169
4363,0.5196215009568074
4364,0.5304726322083452
4365,0.5223977401634015
4366,0.5372019715129105
4367,0.5325961969710566
4368,0.5085129279608778
4369,0.5159610962865234
4370,0.5142214598056246
4371,0.537040689694671
4372,0.5286730060270742
4373,0.5429402770775332
4374,0.5354312975228853
4375,0.5276445561200076
4376,0.5419834971444274
4377,0.5540951316631232
4378,0.5515936931271215
4379,0.5477717351141994
4380,0.5540043452691256
4381,0.561282563074669
4382,0.5744889949924991
4383,0.5894854973750391
4384,0.5778514496014936
4385,0.5731381594030783
4386,0.5678950617165484
4387,0.5772378917315177
4388,0.5704608370992276
4389,0.5213045854278237
4390,0.5286100110542373
4391,0.660582321781894
4392,0.6392210893303335
4393,0.6057598105069726
4394,0.5681380713289099
4395,0.5714908315063656
4396,0.5921138244200581
4397,0.5830301582099731
4398,0.5801081778558818
4399,0.5757668323825172
4400,0.5684115899686418
4401,0.5812692420378012
4402,0.5806675171984945
4403,0.5912283536969826
4404,0.5919247799210365
4405,0.5886041114602927
4406,0.5933926081428162
4407,0.5905992933455345
4408,0.6138297078940677
4409,0.5906542600413833
4410,0.5907849452987708
4411,0.602073186343632
4412,0.5980721228845317
4413,0.5994459148185447
4414,0.6138316237880725
4415,0.6059460620711211
4416,0.5858971095317781
4417,0.6006948833512915
4418,0.6081598441945808
4419,0.6215214883301485
4420,0.6192924066139167
4421,0.6208715846424906
4422,0.6136481809069498
4423,0.6205712850880599
4424,0.6199320984119865
4425,0.6195218329196762
4426,0.6172002616467374
4427,0.6215164203121555
4428,0.6164146616395175
4429,0.6117588671590326
4430,0.5890052134962777
4431,0.595645930859193
4432,0.6052448440779186
4433,0.6149100869408054
4434,0.6279471281853599
4435,0.6104514127432573
4436,0.6119457798831234
4437,0.6139906563764094
4438,0.6165637973013193
4439,0.6142592346894192
4440,0.6354524297589557
4441,0.6234451087724484
4442,0.6320999537044207
4443,0.6329082298703501
4444,0.6298781885799117
4445,0.6198125658650736
4446,0.5972289137726825
4447,0.608547188250704
4448,0.611768623927009
4449,0.6054080316850984
4450,0.6181822206449479
4451,0.6258746084347828
4452,0.6314372801022452
4453,0.6338739758829347
4454,0.636952189853698
4455,0.6372647375338547
4456,0.6437208983587854
4457,0.64633731927546
4458,0.6542830029772659
4459,0.6407490127651082
4460,0.6389650995656164
4461,0.6476470453622556
4462,0.6456844880062237
4463,0.6631682135923036
4464,0.6603704189705304
4465,0.6573409885771804
4466,0.6576968428897267
4467,0.6513954121265932
4468,0.6494265417298665
4469,0.648299859964697
4470,0.6469556472608746
4471,0.640422593849625
4472,0.6472646979325002
4473,0.6441096451816062
4474,0.6411016746646424
4475,0.6412527653283615
4476,0.6534402310078875
4477,0.6425114592640142
4478,0.625153614567651
4479,0.6357178664467458
4480,0.6546033571479277
4481,0.6522591494803647
4482,0.6409002929315974
4483,0.6447604004506189
4484,0.6366005350485258
4485,0.6257474603437159
4486,0.6372090865807732
4487,0.6204868160654994
4488,0.6094444378045567
4489,0.611223906087962
4490,0.6460662020977732
4491,0.6194792848233063
4492,0.600580287719001
4493,0.6037712738172121
4494,0.6071143327389295
4495,0.6193562710160148
4496,0.6076665027350467
4497,0.5903499439206185
4498,0.5908606646477171
4499,0.5859233916237415
4500,0.5864762946963649
4501,0.566252822704131
4502,0.5560829627044102
4503,0.542425292406869
4504,0.5732633511798818
4505,0.5720182664040485
4506,0.5615195558428401
4507,0.56186678095514
4508,0.5507772165044016
4509,0.5259202503344823
4510,0.5266733893308105
4511,0.5458772332686251
4512,0.5219791411424108
4513,0.5122296612797458
4514,0.5024665009968706
4515,0.49950830986550626
4516,0.4928507514281433
4517,0.4859103908150592
4518,0.49295061295757664
4519,0.4886656013821805
4520,0.48930970161311643
4521,0.4842145553273086
4522,0.4704930235148308
4523,0.5004190082104905
4524,0.4906502035272351
4525,0.5120925402773072
4526,0.4860462241435491
4527,0.47679768553641955
4528,0.47017619378073283
4529,0.46664360006750794
4530,0.4524980298221129
4531,0.467467782655025
4532,0.46878694805328647
4533,0.4591803856943479
4534,0.4596450689281523
4535,0.4495723060009012
4536,0.45171675399514255
4537,0.4595228332108365
4538,0.4433887092151823
4539,0.44949937774954346
4540,0.4493758546207482
4541,0.4462848035433495
4542,0.45883331294542495
4543,0.4760903479423304
4544,0.47858813211950885
4545,0.44473854190974815
4546,0.4365686497900952
4547,0.4371312636985831
4548,0.4441336498544736
4549,0.4458850601792346
4550,0.4456925296953886
4551,0.44395506527844447
4552,0.43389191016789264
4553,0.4585390215737009
4554,0.45518227790103144
4555,0.4350400045649905
4556,0.4436972307488787
4557,0.4411164431772132
4558,0.43230182024434516
4559,0.4066938494777207
4560,0.4214894508395756
4561,0.4209949137015513
4562,0.4094721502487318
4563,0.40383516790457785
4564,0.40027565206821875
4565,0.40126039258389173
4566,0.40483925200738974
4567,0.4100229240398817
4568,0.41651093025416996
4569,0.41315388736660014
4570,0.4072423462172316
4571,0.3913398511689547
4572,0.3946044720856393
4573,0.41715461394646824
4574,0.4238301546744078
4575,0.416314873365241
4576,0.42705577883438034
4577,0.4144696341033897
4578,0.41347867713569136
4579,0.4217569728452462
4580,0.4304461896952001
4581,0.4178665001319821
4582,0.4097365781361098
4583,0.4153998504463035
4584,0.41524650937157026
4585,0.41846318425009366
4586,0.43002106582086125
4587,0.45434479206156037
4588,0.44687411345774636
4589,0.44637356538108885
4590,0.4348000447136248
4591,0.44547650086802976
4592,0.4436173125487311
4593,0.4330844195723114
4594,0.43589380115986864
4595,0.4358874979617691
4596,0.4771173282842852
4597,0.4675054456744419
4598,0.46355409729598424
4599,0.460756687847778
4600,0.47074150718505475
4601,0.48831571890035497
4602,0.4999924315690693
4603,0.4899709763856325
4604,0.49847544995075826
4605,0.46956058405770074
4606,0.45446536962963635
4607,0.4621951245048529
4608,0.4720541966804759
4609,0.4870346431652127
4610,0.4628614969543829
4611,0.46065307733937083
4612,0.46719885105845727
4613,0.4683081800654525
4614,0.4710672081160116
4615,0.4684710202946317
4616,0.47922217991090227
4617,0.4794175100225863
4618,0.49390716651098815
4619,0.5046768004163711
4620,0.5031825112298607
4621,0.48828091797644824
4622,0.5003136087119419
4623,0.5243665127903472
4624,0.5055094282132178
4625,0.4794628120771516
4626,0.49623229962235343
4627,0.4925176768184102
4628,0.48053613463915446
4629,0.48404965405865086
4630,0.48865357753639493
4631,0.48552240436554245
4632,0.46866269919712306
4633,0.48219946016550563
4634,0.47849549006819025
4635,0.48410864007676063
4636,0.49612799606399494
4637,0.520372029434364
4638,0.5052037425281105
4639,0.5055840369236982
4640,0.5180176429483334
4641,0.5210976255678742
4642,0.5101212856102687
4643,0.5062318029308681
4644,0.511484174966965
4645,0.4974996546482617
4646,0.4986486750367356
4647,0.5053435664384828
4648,0.496739962320676
4649,0.5009890422548049
4650,0.5069992866569791
4651,0.5026654836300934
4652,0.5267025700015044
4653,0.5213265666992974
4654,0.5262374991006755
4655,0.5117713836070331
4656,0.5175786666052167
4657,0.5120573215024168
4658,0.5059343617973787
4659,0.5208748439326576
4660,0.51456102462277
4661,0.5114300271750543
4662,0.5139973000758162
4663,0.49239878784600244
4664,0.5070271417269234
4665,0.48905282667098565
4666,0.4842934935986573
4667,0.5083282006866715
4668,0.5186467542188083
4669,0.5144798738672081
4670,0.506161370105533
4671,0.49859834446579343
4672,0.5154851448557916
4673,0.5343540864795231
4674,0.5432130768140965
4675,0.5494170895049154
4676,0.545540730417294
4677,0.5232246232966294
4678,0.5333353602693124
4679,0.5317850755076465
4680,0.5424394027516466
4681,0.5571965154971817
4682,0.5472972901255034
4683,0.5583804971782502
4684,0.5468421804561663
4685,0.5274394120220591
4686,0.5330948229856828
4687,0.5207450868976344
4688,0.5382972178656299
4689,0.5617671615535537
4690,0.5662520778165104
4691,0.6118363067311872
4692,0.5732580678059012
4693,0.5392448136073429
4694,0.5652210701469838
4695,0.5885068954892705
4696,0.5881897977741082
4697,0.609308242531025
4698,0.608925166880444
4699,0.596437835508093
4700,0.6159264797997313
4701,0.5833201037477378
4702,0.5865084421877841
4703,0.6013263223299633
4704,0.6059444470980665
4705,0.5850819564100541
4706,0.6051352593765676
4707,0.5922619031183476
4708,0.5892967910675957
4709,0.5818855602964681
4710,0.5746402842141761
4711,0.6022589405286259
4712,0.6257054560835509
4713,0.6135827868342907
4714,0.6174501783988529
4715,0.6333391556265957
4716,0.6164767437444391
4717,0.6384724495812184
4718,0.6295438318080835
4719,0.622975853062521
4720,0.6279177295339864
4721,0.6148603017808835
4722,0.6254754544452811
4723,0.6076023388555791
4724,0.6034365569376265
4725,0.5990100436174274
4726,0.6088907730462834
4727,0.630026692084619
4728,0.6214802723962584
4729,0.6493728792435266
4730,0.64206053453501
4731,0.6454098441609848
4732,0.6422631757265634
4733,0.6268124646002526
4734,0.619664401733056
4735,0.6222760866552892
4736,0.630556511777552
4737,0.639473789699665
4738,0.6357794341120139
4739,0.631215429314085
4740,0.6461462511388224
4741,0.6593438909942606
4742,0.6564551955419138
4743,0.6488393533541011
4744,0.6707217967709467
4745,0.6519605907529754
4746,0.6360945151449942
4747,0.647069938953819
4748,0.6566064010359126
4749,0.6486609580183731
4750,0.6379369244638137
4751,0.6214844902764775
4752,0.6257601164778305
4753,0.6314260104617372
4754,0.6186677791049714
4755,0.6433422488577424
4756,0.6379432570584648
4757,0.6193057601287246
4758,0.6247126351907514
4759,0.6245532421009534
4760,0.6222540973785046
4761,0.6273793864158989
4762,0.6116758757068946
4763,0.6224373928831654
4764,0.633757913441459
4765,0.6116153224851267
4766,0.6111506581491054
4767,0.6220270764718282
4768,0.6273303629416269
4769,0.6142178422449848
4770,0.6259658683232369
4771,0.6052454594369835
4772,0.5984936198280799
4773,0.5935544068941666
4774,0.5987913952161094
4775,0.596183756256762
4776,0.6031471148158083
4777,0.6030634249331002
4778,0.5938082493982694
4779,0.5925493945689905
4780,0.6056377136358693
4781,0.5896694230682753
4782,0.5879314537918041
4783,0.5829660965622631
4784,0.5776607591580505
4785,0.5473633324971134
4786,0.5533272657818411
4787,0.542132274273287
4788,0.5445407354535532
4789,0.5364924319333766
4790,0.5514233697695051
4791,0.5447133492487384
4792,0.547329299820587
4793,0.5492029891700836
4794,0.5567640385478997
4795,0.5546871418607617
4796,0.5255448584700503
4797,0.5356327683642274
4798,0.5220723139064738
4799,0.5240965256738479
4800,0.5107682155217673
4801,0.5076091350495975
4802,0.5167653792458783
4803,0.5155143869442809
4804,0.4894402977622068
4805,0.46722532921492127
4806,0.4742702771155808
4807,0.4815523193599961
4808,0.5037002287299487
4809,0.48642940491304903
4810,0.5001481960220268
4811,0.5096615285298489
4812,0.4947602344913368
4813,0.4693356064738312
4814,0.45902030231052526
4815,0.4470645116417232
4816,0.4460759571859467
4817,0.4470405302236278
4818,0.43797044692644105
4819,0.4291613655060225
4820,0.4415694000740827
4821,0.43591228634145335
4822,0.4446186358691482
4823,0.4252849532683859
4824,0.4227915267362813
4825,0.4342848268390668
4826,0.40632329977652576
4827,0.40856576506029013
4828,0.4164829667844416
4829,0.4226764978985581
4830,0.42587029044880675
4831,0.4118234066581879
4832,0.40411679881144535
4833,0.4341018695259841
4834,0.40188094355228804
4835,0.4174690556044509
4836,0.4267111395687462
4837,0.4375045514785861
4838,0.40508566243331684
4839,0.3953138654698227
4840,0.4119681240445281
4841,0.41415065514015836
4842,0.3941620782621622
4843,0.4015417998669915
4844,0.40832645048947946
4845,0.41541921463727544
4846,0.4051995063537875
4847,0.3881648271358039
4848,0.37350949955654883
4849,0.375617979295068
4850,0.3858131054996715
4851,0.3776702309107109
4852,0.3613642617609556
4853,0.3808873861078902
4854,0.40077152517452647
4855,0.390526743207322
4856,0.3907525533435285
4857,0.39389489444806985
4858,0.3961361607724789
4859,0.3895033964891228
4860,0.3967424653058118
4861,0.4208310504986226
4862,0.40968696371240954
4863,0.4099625402419894
4864,0.40855324239176927
4865,0.4027586722210499
4866,0.41083214745719326
4867,0.4235714810307748
4868,0.415292318516651
4869,0.39604563356682704
4870,0.39565599054288575
4871,0.4028499435269146
4872,0.38281191364378286
4873,0.4171032085641075
4874,0.45212059555351625
4875,0.44562347089637244
4876,0.45723114261397696
4877,0.44568486664430734
4878,0.44435631849669494
4879,0.43355941889598076
4880,0.4294152815015043
4881,0.43065473788757924
4882,0.4413413467447653
4883,0.4462026174779852
4884,0.4198915872341745
4885,0.41849691456208915
4886,0.42537082807604004
4887,0.43494526354739244
4888,0.45061754475104243
4889,0.4457015092920316
4890,0.46047576678889135
4891,0.4410738151589685
4892,0.4471784167175199
4893,0.46376906469785417
4894,0.46018284104447155
4895,0.4475309488260294
4896,0.447485128263538
4897,0.46887802171983534
4898,0.4920487128430107
4899,0.49470980470703296
4900,0.48556078576318956
4901,0.4871405388618045
4902,0.5000685431782513
4903,0.4940755830297873
4904,0.5040021133359439
4905,0.5153339292567282
4906,0.5315291239321996
4907,0.5136564097891558
4908,0.504242112951395
4909,0.5237667446590077
4910,0.5538028859764288
4911,0.5577635995188003
4912,0.5590219980453561
4913,0.5561501948489531
4914,0.5612803815618227
4915,0.563036641661428
4916,0.5725575811831548
4917,0.5452181224235182
4918,0.553852080318157
4919,0.5548363084939303
4920,0.5447812720810098
4921,0.5490647290512698
4922,0.5538686321515343
4923,0.5454461727344397
4924,0.5539420707742726
4925,0.5209193866637958
4926,0.5252787284698396
4927,0.5715638857429446
4928,0.5734607646409273
4929,0.5428333076193997
4930,0.5414176459406923
4931,0.547727988714647
4932,0.5413147451490314
4933,0.512313643815624
4934,0.5172797885840322
4935,0.527768892772122
4936,0.5141782887385825
4937,0.5264035010339692
4938,0.5177519374920714
4939,0.5257242920027421
4940,0.5274467586665066
4941,0.5060571321644771
4942,0.5232692538237187
4943,0.5372335023329188
4944,0.5122692634216928
4945,0.533450924150522
4946,0.5378564606689173
4947,0.5218150104833562
4948,0.5453459598899675
4949,0.5634760832312209
4950,0.5532900149703199
4951,0.5408530288671869
4952,0.5700756228495163
4953,0.5605460696132264
4954,0.5398212627928753
4955,0.5622879167410539
4956,0.5612462347111895
4957,0.5502273084679438
4958,0.5785526110325813
4959,0.590322086225982
4960,0.548626386046359
4961,0.5582599407389457
4962,0.5296068493007786
4963,0.5485116527489673
4964,0.5391752410248465
4965,0.5594840447759372
4966,0.5630119455396713
4967,0.5490639123783201
4968,0.5565218083378598
4969,0.5567409186849891
4970,0.5367551672880482
4971,0.5145212025316243
4972,0.5077275914727457
4973,0.5482856595404862
4974,0.540367745606131
4975,0.5573018832369557
4976,0.5506009644922497
4977,0.5304239827526988
4978,0.5356359030340131
4979,0.5375329215656159
4980,0.5203147030090747
4981,0.5499392943098674
4982,0.5536944090263826
4983,0.526907200184738
4984,0.548841050427525
4985,0.5454117397923666
4986,0.5357760232721245
4987,0.553293603186902
4988,0.562830889028614
4989,0.5315228543301591
4990,0.5128102955368459
4991,0.5568524632439377
4992,0.5552025620990815
4993,0.5414505818896211
4994,0.534841280253965
4995,0.5547532541804164
4996,0.5833623506606883
4997,0.5632965864434493
4998,0.5422265658123614
4999,0.570926326900917
5000,0.5414377568565693
5001,0.5194074713574279
5002,0.5492332521325687
5003,0.5446313079351439
5004,0.5374373969461888
5005,0.5303708122648948
5006,0.5453316152914193
5007,0.5244711689760906
5008,0.5416473816976515
5009,0.5323510975788378
5010,0.5237361727702615
5011,0.5530969850075655
5012,0.5647713096001645
5013,0.555013090825123
5014,0.5467715162642217
5015,0.5640504254451629
5016,0.5634507760811414
5017,0.5599065834597833
5018,0.5615962017081009
5019,0.5628413723113662
5020,0.5799589242141697
5021,0.5531421352236923
5022,0.5587524688063952
5023,0.5679518810513221
5024,0.572008508323726
5025,0.5480875300634334
5026,0.5414361668180897
5027,0.5656497815817317
5028,0.5778608440307245
5029,0.5772799032095861
5030,0.5812536765637185
5031,0.5750601655284966
5032,0.5607399485326434
5033,0.5723169193578845
5034,0.5693430716756213
5035,0.5690378949183139
5036,0.5943067685879267
5037,0.5974995831778955
5038,0.5989678952616656
5039,0.5912477601454975
5040,0.5667367720966572
5041,0.5921868818062676
5042,0.6224525323697189
5043,0.6023070437858444
5044,0.5789368368232444
5045,0.5953712669350594
5046,0.5934538234431687
5047,0.5999064484141249
5048,0.6094453113020906
5049,0.6169453503680079
5050,0.6134516156151593
5051,0.6164326314628067
5052,0.5980193761532687
5053,0.6071102504240579
5054,0.5978582688770544
5055,0.5872910047700608
5056,0.5969486479681809
5057,0.6091440008474942
5058,0.5991275499020322
5059,0.5761508489852193
5060,0.5760658791714043
5061,0.5660071796069419
5062,0.577433154913553
5063,0.5797348139598075
5064,0.5593098527533868
5065,0.5653723786601479
5066,0.5775071146689095
5067,0.5756244600273418
5068,0.572537118296066
5069,0.5731696214561534
5070,0.5741173427893836
5071,0.5785599301177615
5072,0.5359954976640492
5073,0.5190260804967117
5074,0.5249438690694724
5075,0.5001648945756929
5076,0.47432793569565646
5077,0.48540890992282615
5078,0.4878475315713505
5079,0.46378232437991923
5080,0.46848518037732473
5081,0.4687019169529107
5082,0.4719006982554507
5083,0.4424029798467573
5084,0.43277019825723134
5085,0.4374991690224783
5086,0.43453335749127947
5087,0.4377601382218298
5088,0.39559063912147346
5089,0.39168356260592835
5090,0.40663830023145836
5091,0.4222051398102515
5092,0.4208427179112198
5093,0.394896016192133
5094,0.3819688508585187
5095,0.38885752288496345
5096,0.3866495577353901
5097,0.36419555900268386
5098,0.33926392126090815
5099,0.3349321804546125
5100,0.35040527298670915
5101,0.3891769725867245
5102,0.4149438243657165
5103,0.4064821575603681
5104,0.39917893142594174
5105,0.40644780060313157
5106,0.3947352975015854
5107,0.39931900914404095
5108,0.42410573553472963
5109,0.3746778990967397
5110,0.3768095635280646
5111,0.37769461338176047
5112,0.3777516585712903
5113,0.3743439704121944
5114,0.36161802618046807
5115,0.36105500938174145
5116,0.3572987174908155
5117,0.3597686434484191
5118,0.33455341402353594
5119,0.32881074202112076
5120,0.32841056925737694
5121,0.31749208866879347
5122,0.31456580867532385
5123,0.3313487443554841
5124,0.31905097900847684
5125,0.3155442570166041
5126,0.3148109730286723
5127,0.3475524688866058
5128,0.3160496540806983
5129,0.3270739512314064
5130,0.32056093655700063
5131,0.32541975517161775
5132,0.30953163844918274
5133,0.30311091306747606
5134,0.30156500104286366
5135,0.3025897105012058
5136,0.32014755804861456
5137,0.3228028732277743
5138,0.3415383037193592
5139,0.3400092048162235
5140,0.3517939298644809
5141,0.3530196757776211
5142,0.315988780646493
5143,0.2997522720048811
5144,0.30015620411513255
5145,0.33071178643671495
5146,0.32368133234835006
5147,0.3556513587539705
5148,0.36040411119824345
5149,0.3666191318477671
5150,0.3872413061199908
5151,0.3770031211851675
5152,0.35965259071830424
5153,0.35736189697950765
5154,0.35250394293847126
5155,0.3745037549748204
5156,0.38293869939610414
5157,0.3776278028940048
5158,0.3710151882407343
5159,0.39675359400035365
5160,0.37554134694697155
5161,0.3896903035701255
5162,0.4183868313004722
5163,0.4313244476331257
5164,0.4520955989045132
5165,0.4389925538713226
5166,0.4110636002877301
5167,0.41249879951832324
5168,0.4270022999452535
5169,0.43416145935451356
5170,0.4498611712153939
5171,0.4534462314739992
5172,0.4736333710344808
5173,0.47643306777062533
5174,0.4628096872382027
5175,0.4442932850721186
5176,0.45182097750039174
5177,0.47419927656934246
5178,0.44474389628165034
5179,0.45421534093440247
5180,0.44744572966646406
5181,0.46509045176675123
5182,0.4571951881378884
5183,0.4577087823779079
5184,0.46418255213096277
5185,0.4708319497443861
5186,0.48305500441162447
5187,0.48716989866773486
5188,0.4839395732904914
5189,0.46391201829109713
5190,0.4391013784618387
5191,0.4247304870603771
5192,0.4446409815791213
5193,0.4454371500403522
5194,0.4672263621625007
5195,0.47609999775410344
5196,0.49839799882995844
5197,0.5059488958986973
5198,0.504623285700197
5199,0.49873091805791864
5200,0.5075900879214323
5201,0.5108920095187882
5202,0.5287876220007286
5203,0.5511315963961558
5204,0.5513824247038407
5205,0.5625808792311633
5206,0.5756328791209849
5207,0.5592477356088258
5208,0.5721709918572476
5209,0.5611910172260097
5210,0.5601817591988781
5211,0.5723083645676593
5212,0.5654547631522355
5213,0.549578166072232
5214,0.5625382110551292
5215,0.5652990530304048
5216,0.5442396058402431
5217,0.5402268567269355
5218,0.518530835347991
5219,0.5127508889118256
5220,0.5207464850711209
5221,0.5149160973020064
5222,0.5277558540891326
5223,0.5464962384246038
5224,0.548505384721742
5225,0.5534293044933788
5226,0.5590978483664387
5227,0.5584070350464596
5228,0.5433826496410042
5229,0.5615473876842593
5230,0.5608952419846018
5231,0.5376803876607672
5232,0.5423840399897586
5233,0.5258106565779437
5234,0.5776812511792216
5235,0.5688928938027568
5236,0.5446865330319308
5237,0.5406086590081398
5238,0.5789415112686557
5239,0.5440102464641324
5240,0.5123475754415043
5241,0.5303592483964014
5242,0.5492255291072727
5243,0.5521526295794956
5244,0.561816955243725
5245,0.5263566183898158
5246,0.5268663605004617
5247,0.5308150492784054
5248,0.5464288919747196
5249,0.5462519812960829
5250,0.5557025078089
5251,0.5473122818418912
5252,0.5435765620252457
5253,0.5444328953850471
5254,0.5458953893138193
5255,0.5325955338425953
5256,0.5443264090014962
5257,0.5522033417806704
5258,0.565774026500857
5259,0.5519004991620555
5260,0.5447309160505541
5261,0.5574286225322267
5262,0.5484192536129033
5263,0.5353682902139955
5264,0.5804224475965312
5265,0.5626511140234788
5266,0.5564009677756345
5267,0.5827633616692014
5268,0.5736863288434833
5269,0.5703325880810556
5270,0.570195857239099
5271,0.5743775545025925
5272,0.5616406974572503
5273,0.5680512853593901
5274,0.5422057768072781
5275,0.5773277689321688
5276,0.5897155484887552
5277,0.5750094325922541
5278,0.5589656546984962
5279,0.5662036985729166
5280,0.564430661178882
5281,0.5561862733417439
5282,0.5670257716953858
5283,0.6091312632166896
5284,0.6183363787863346
5285,0.6077840427469452
5286,0.615560911764159
5287,0.6090982022011818
5288,0.6264214949256849
5289,0.6299293670576397
5290,0.6117291584002864
5291,0.6010582706614251
5292,0.6174453993594609
5293,0.6053883428197125
5294,0.6052334497645353
5295,0.6379272743895714
5296,0.6292915313105947
5297,0.620331173004552
5298,0.6247549528391543
5299,0.6108227679624605
5300,0.6269125635330872
5301,0.6411978383965982
5302,0.6368953543770676
5303,0.6298147337610174
5304,0.6442265080229405
5305,0.6433377271694117
5306,0.6326415950106123
5307,0.6600665523282891
5308,0.6713450356865318
5309,0.66114876970938
5310,0.6369804726172213
5311,0.6406623369014224
5312,0.6590400803891959
5313,0.6592265404851325
5314,0.6418820500909849
5315,0.633144962925237
5316,0.6465135514711865
5317,0.6358055920560405
5318,0.6312932684956132
5319,0.6509046952279335
5320,0.6609077290098039
5321,0.639188812835297
5322,0.6500848446947421
5323,0.6527830460306155
5324,0.6472163482166926
5325,0.6508324495277586
5326,0.6246319971687929
5327,0.6325547156020535
5328,0.6183226919356288
5329,0.6213117632258277
5330,0.6110296639111571
5331,0.5833952677118339
5332,0.6029126237729208
5333,0.6287841275381486
5334,0.6005607896687314
5335,0.6188974394020325
5336,0.6188539172824208
5337,0.6175629758545796
5338,0.5996392697181822
5339,0.6192368092045542
5340,0.6117801501311708
5341,0.59133919182005
5342,0.6126292277921063
5343,0.6176359419015037
5344,0.6040809683258119
5345,0.6197655553984146
5346,0.599424273444699
5347,0.5550953547126082
5348,0.5676226901985026
5349,0.5780382713800029
5350,0.5411473161706382
5351,0.5546882812396062
5352,0.5285584441220772
5353,0.5200444214021208
5354,0.5154928907159089
5355,0.5151359441377413
5356,0.5005437692753189
5357,0.48189497540827275
5358,0.48046793555803863
5359,0.4753552855942602
5360,0.4721874202776019
5361,0.43960671423937214
5362,0.4583349356203761
5363,0.48337379544690084
5364,0.46945096707263695
5365,0.4479619459739004
5366,0.4556024586927216
5367,0.4592184647274641
5368,0.47546160649097363
5369,0.46625670509620465
5370,0.48294557640439256
5371,0.45366330020437157
5372,0.44872517310558374
5373,0.4723767475871982
5374,0.48909873306090906
5375,0.49681740254900353
5376,0.46023056752713787
5377,0.4491834755816368
5378,0.44605341186813874
5379,0.4372647407097322
5380,0.45159885623770973
5381,0.44331491127209427
5382,0.43840954767996365
5383,0.4779721422098248
5384,0.46140746555790824
5385,0.4485051189191721
5386,0.44649688719599934
5387,0.4381356117141865
5388,0.48574387719803896
5389,0.43697225040173326
5390,0.41794242026987477
5391,0.42113500598669174
5392,0.41457641799579115
5393,0.43568116238483773
5394,0.4157743558209758
5395,0.444011048517547
5396,0.4470596260398316
5397,0.428088355807319
5398,0.4066057498498004
5399,0.4059530883981436
5400,0.4073472819326845
5401,0.4243594326308896
5402,0.4259244479520783
5403,0.42022450449361565
5404,0.41550710730822293
5405,0.3957999043797368
5406,0.386783813492688
5407,0.3927393377888371
5408,0.42567439786560374
5409,0.411828054594209
5410,0.40436076486161143
5411,0.42291554212608157
5412,0.3897994281629497
5413,0.41237876368669846
5414,0.42908187709920775
5415,0.4219378881478681
5416,0.4156139800464523
5417,0.3926883667930203
5418,0.3935001454793345
5419,0.3776289249498814
5420,0.38793485804371625
5421,0.36047632422100145
5422,0.3602721271119659
5423,0.3908734277642821
5424,0.42195262750010953
5425,0.3689223143965563
5426,0.3688852807783071
5427,0.37847645089284215
5428,0.40646335085400004
5429,0.395921681957045
5430,0.3669084134696629
5431,0.3789298665858922
5432,0.37296123890809313
5433,0.3855910827941782
5434,0.3893372530849245
5435,0.3976036992282498
5436,0.4214827534127213
5437,0.4428037767622846
5438,0.445590451351
5439,0.44996003181849153
5440,0.4427161439358559
5441,0.4560656959836432
5442,0.447787188198966
5443,0.431497429935083
5444,0.4245413848181291
5445,0.4338435122889848
5446,0.3990384592166185
5447,0.40900938566485895
5448,0.44589038948532717
5449,0.4806932106507587
5450,0.4439755183229378
5451,0.48503100202853844
5452,0.5000120216147973
5453,0.47761257054584455
5454,0.5001605055655484
5455,0.4992014306016624
5456,0.48722446417939475
5457,0.4948875525312178
5458,0.5196840988137282
5459,0.5045335270043947
5460,0.5000505178427241
5461,0.49755657463997793
5462,0.5018559052231742
5463,0.504028365900121
5464,0.5144137514424888
5465,0.49227621393710835
5466,0.45622562595421207
5467,0.44148648381937367
5468,0.4358477677348472
5469,0.4367626340909004
5470,0.4281823133543226
5471,0.42123482919562033
5472,0.4272003442510474
5473,0.4492067974146052
5474,0.44230510284702745
5475,0.45534296876984265
5476,0.4539959912153529
5477,0.47264177731647683
5478,0.47951606694880694
5479,0.46258595979518463
5480,0.498899342844498
5481,0.5293298039934946
5482,0.5064581187140094
5483,0.5185277820436607
5484,0.5076723428849644
5485,0.5084153692050661
5486,0.49653583437227744
5487,0.513847689607212
5488,0.527606543097898
5489,0.5162324170090833
5490,0.5216767486584926
5491,0.5276429253988003
5492,0.5316206369722076
5493,0.5199793947863569
5494,0.5172411853999019
5495,0.5263995002157875
5496,0.5236198138698122
5497,0.49884999548321984
5498,0.4921864816194617
5499,0.5136106346338379
5500,0.5329696448572783
5501,0.5374356552005053
5502,0.5245628120695925
5503,0.5442340949054567
5504,0.5332630948839467
5505,0.5414839842463376
5506,0.5244765511697291
5507,0.5045675317279501
5508,0.5302915309462874
5509,0.5265099418791119
5510,0.5138562932167104
5511,0.5222820031837473
5512,0.525751464652738
5513,0.5340738609640453
5514,0.5432651827267811
5515,0.547484331984446
5516,0.5549449824271194
5517,0.5359295878393907
5518,0.5007150808295142
5519,0.49860789335815486
5520,0.5154218741590486
5521,0.5094966516708278
5522,0.5365730519761941
5523,0.5217027164435759
5524,0.5456302678515516
5525,0.5458376613106374
5526,0.5287057524732327
5527,0.5158621124541313
5528,0.5187711419211842
5529,0.5318293412025327
5530,0.550904238347778
5531,0.5386380413538762
5532,0.5388526659709567
5533,0.5206298114700876
5534,0.5237570378914159
5535,0.5379266205262732
5536,0.5834159092092207
5537,0.5794656422039118
5538,0.59750970149721
5539,0.5652909114979522
5540,0.5774638569870278
5541,0.5905509526849148
5542,0.5905016937757607
5543,0.5843243412638034
5544,0.5895850161196831
5545,0.6079941834712614
5546,0.6278087448372516
5547,0.6180359113828436
5548,0.6119352162847926
5549,0.5794831601864544
5550,0.5707456584505881
5551,0.5876079946103774
5552,0.5618611233000647
5553,0.5778852001236183
5554,0.5873789795938713
5555,0.6159446149786232
5556,0.5848019333895725
5557,0.5979000409832025
5558,0.6041143239630089
5559,0.6095372870753173
5560,0.5996805516630789
5561,0.609465280353359
5562,0.6063795829916894
5563,0.6231576229648935
5564,0.6007989925511994
5565,0.5846937406936816
5566,0.5971154790417117
5567,0.5872810008873223
5568,0.5827241137294545
5569,0.592647190859438
5570,0.5985511425803389
5571,0.6057280848035753
5572,0.6183554975685944
5573,0.601072370901138
5574,0.611358364340256
5575,0.6153411985252523
5576,0.599148555969153
5577,0.6094302966196469
5578,0.617641329475761
5579,0.6096801054969166
5580,0.6121666199023524
5581,0.6014050608622425
5582,0.6175964492092176
5583,0.6103895845772974
5584,0.6149356148274913
5585,0.6384852402308036
5586,0.6369844041435313
5587,0.6278141068207609
5588,0.6334261288678975
5589,0.6475245050494205
5590,0.6458079594285845
5591,0.6595782532960002
5592,0.6468169347763759
5593,0.6518383130405858
5594,0.6550622391559985
5595,0.6594516861805316
5596,0.6470157776447439
5597,0.6486631678778941
5598,0.648203897546626
5599,0.6460619997032376
5600,0.6473417314647855
5601,0.6513528827967718
5602,0.6671891336346155
5603,0.6619491542135455
5604,0.6571865842396738
5605,0.6576414063739905
5606,0.6546735091312073
5607,0.6640269885719394
5608,0.6389267017636436
5609,0.6452977723013915
5610,0.645024092243095
5611,0.6523289317757607
5612,0.636344073232933
5613,0.6289612404493123
5614,0.6436904192529053
5615,0.6469882328134069
5616,0.6315791552095007
5617,0.6408385433751662
5618,0.6400470446349009
5619,0.633546218636945
5620,0.6370213832994193
5621,0.6203002200105115
5622,0.6393180581865936
5623,0.649690811085841
5624,0.6490450216030639
5625,0.638330797310323
5626,0.6291201908847861
5627,0.651671097449661
5628,0.64024966233546
5629,0.6455228161587369
5630,0.6441768579034275
5631,0.6408200513693821
5632,0.6312518541349996
5633,0.6332220465891416
5634,0.5953298286897476
5635,0.6106928747059169
5636,0.5869162948006387
5637,0.6122874112516007
5638,0.5895211643161072
5639,0.615357679360708
5640,0.6117649867599191
5641,0.6394544164535053
5642,0.6296373600866926
5643,0.6439083875964979
5644,0.6126446853913433
5645,0.618980550408896
5646,0.6356269902882781
5647,0.637781814346599
5648,0.6057185762002377
5649,0.6189073587696851
5650,0.5874962743282921
5651,0.5906005172394649
5652,0.6182285347807904
5653,0.5920470208877365
5654,0.5665075818819528
5655,0.5729647295911164
5656,0.5614732228092144
5657,0.5589791145133346
5658,0.5565936121711181
5659,0.5511329285586357
5660,0.5401937341623978
5661,0.5415978427338494
5662,0.5466125768524548
5663,0.5198419376920939
5664,0.5140354892147664
5665,0.5206181884147871
5666,0.5168469411594592
5667,0.5003545516778527
5668,0.5078510694568368
5669,0.4899786591219045
5670,0.49811097431204177
5671,0.49941501059128357
5672,0.48630022977226645
5673,0.4867746154429207
5674,0.4629843513116288
5675,0.47044685360581967
5676,0.48714404453181975
5677,0.45243259217956483
5678,0.4461322231043894
5679,0.4624050593220732
5680,0.4500338682133189
5681,0.4451555111281738
5682,0.44755079950368376
5683,0.4551235571080593
5684,0.44085874985608287
5685,0.44319658463997086
5686,0.41150536589115094
5687,0.4280185069759781
5688,0.44091262599236036
5689,0.43678180576070613
5690,0.40079068280222946
5691,0.40634928488457706
5692,0.40784845219260646
5693,0.43195172175035906
5694,0.4288585239372844
5695,0.42172205604118285
5696,0.40431035738719046
5697,0.39487932813723525
5698,0.41463748211387813
5699,0.4105176699721633
5700,0.4235638990826798
5701,0.42506811104894254
5702,0.4079763993711859
5703,0.41772627464371714
5704,0.4250163682624112
5705,0.3941717177064014
5706,0.424135307547017
5707,0.4090461348977181
5708,0.40350397401797544
5709,0.41743735601674004
5710,0.421669598288521
5711,0.4167332739595082
5712,0.392405405036019
5713,0.4083172294211624
5714,0.4080638476817594
5715,0.41749803916076744
5716,0.4001445416107096
5717,0.4242754065251223
5718,0.43109801583859325
5719,0.4281138798882014
5720,0.4213662868998954
5721,0.4184534286632286
5722,0.40932167874988123
5723,0.4191265986716169
5724,0.4132102133904921
5725,0.4651216432140698
5726,0.4392002916900131
5727,0.4303866654839734
5728,0.4435089272004394
5729,0.4318582523960877
5730,0.43869851460127557
5731,0.4518797454065872
5732,0.44588085056679577
5733,0.44277713758095977
5734,0.4540719376001667
5735,0.4499566199812191
5736,0.4363123622540584
5737,0.47810239846128705
5738,0.45771491825188554
5739,0.4737567050542096
5740,0.4813805097704731
5741,0.47401548316058856
5742,0.46292551765689594
5743,0.45770772593933406
5744,0.4745298927612117
5745,0.5017703997096998
5746,0.48777924377564136
5747,0.4972777272190919
5748,0.538285249007144
5749,0.5139957836599502
5750,0.5208585578493563
5751,0.5123507734976044
5752,0.4967665721054492
5753,0.5329515163713512
5754,0.5108093510088443
5755,0.5211116276441022
5756,0.5105429875422706
5757,0.517612886947229
5758,0.5050442038991351
5759,0.5040310930864569
5760,0.490864336408249
5761,0.505139666444594
5762,0.5121344290510195
5763,0.5195389425788675
5764,0.5085922355264062
5765,0.5297791225421628
5766,0.5140976995358973
5767,0.5041769488017647
5768,0.503893030869428
5769,0.5261758999391021
5770,0.5287719772609443
5771,0.5495164956502678
5772,0.5477488617098778
5773,0.5391878001765876
5774,0.5435138591806405
5775,0.531130788452932
5776,0.5068292774750083
5777,0.5178471985924108
5778,0.5407367071061309
5779,0.5378982989173066
5780,0.5552618494318453
5781,0.56832565282455
5782,0.5685702893523154
5783,0.5681450304375675
5784,0.5594702140921038
5785,0.5520981232546427
5786,0.5416097274709532
5787,0.5450909706578824
5788,0.5558283187505719
5789,0.5739308643206024
5790,0.5689303223059337
5791,0.573341316084162
5792,0.5584947336214257
5793,0.5632217493847553
5794,0.5321369875326453
5795,0.5356259167367117
5796,0.5582192280897674
5797,0.5491995387498372
5798,0.5474616957210564
5799,0.5463757503585287
5800,0.5397094930353438
5801,0.5521174774717846
5802,0.5719255908879055
5803,0.5686216482776258
5804,0.5462587814796332
5805,0.555168423647463
5806,0.5640682797819992
5807,0.5739255898705748
5808,0.553903534519791
5809,0.5657411450142894
5810,0.5701588876633373
5811,0.5627414328285771
5812,0.578428853387546
5813,0.5681922596723138
5814,0.5704556883719522
5815,0.5524668716296434
5816,0.5439966173566531
5817,0.5772485470628377
5818,0.5860241102463831
5819,0.5598972083220395
5820,0.5954331511381958
5821,0.5865051416374572
5822,0.5791217643614586
5823,0.5804076171674736
5824,0.6014505059625278
5825,0.5997677037771478
5826,0.5982826298846318
5827,0.600305861723207
5828,0.6012427512145732
5829,0.5966262723908914
5830,0.6136217759793957
5831,0.6027915546000127
5832,0.6154065583456794
5833,0.6189602950037184
5834,0.6073075041725885
5835,0.5983004207039191
5836,0.6191678994880498
5837,0.6373356186566022
5838,0.61008921245013
5839,0.6258488980007607
5840,0.6396844512941303
5841,0.6296661229064028
5842,0.6199388605375014
5843,0.6376741431770301
5844,0.6070141487660705
5845,0.6064734969688039
5846,0.6169246317046732
5847,0.624813327172768
5848,0.6266044266480194
5849,0.617916664139963
5850,0.6339422627600015
5851,0.628789302249876
5852,0.623998965002011
5853,0.6351247520411369
5854,0.6184282504905193
5855,0.626353871570783
5856,0.6107658834040878
5857,0.6150361183566145
5858,0.6177869917512604
5859,0.6196543410257334
5860,0.6265142861907498
5861,0.6403725145929522
5862,0.64507362359529
5863,0.6257747818137545
5864,0.6321179618482147
5865,0.6243928551714883
5866,0.6379126699465043
5867,0.6413487768281749
5868,0.660389327252483
5869,0.6695741324296509
5870,0.6609505555860067
5871,0.6641646492110755
5872,0.658215963287747
5873,0.6544159807719759
5874,0.6556354636448058
5875,0.6260921913423393
5876,0.6269027873423891
5877,0.6350480513198111
5878,0.6417019056604354
5879,0.6347483578067885
5880,0.6522886561378186
5881,0.6655462271629949
5882,0.6633304119530276
5883,0.6548685695557771
5884,0.6631844536122583
5885,0.6710920838716962
5886,0.6685953428783964
5887,0.6567340770837973
5888,0.644603127062168
5889,0.6440103596408561
5890,0.6357952642862957
5891,0.6437597760857104
5892,0.6491939677620953
5893,0.6643604469116587
5894,0.6472014910157755
5895,0.652232007670501
5896,0.6421467643322719
5897,0.6467932571663921
5898,0.6350537660619399
5899,0.6307471005141759
5900,0.6407802269160134
5901,0.6445354668303422
5902,0.6529100502885549
5903,0.6635753583256964
5904,0.6604227872211913
5905,0.6568478066989265
5906,0.6406064523507431
5907,0.6339136988919533
5908,0.636678577774927
5909,0.6330720512094397
5910,0.6276700864214103
5911,0.6392685906144169
5912,0.6423271556151142
5913,0.6443562962917997
5914,0.6254526843225939
5915,0.6346032583965119
5916,0.6261175641097215
5917,0.63506589148331
5918,0.6375950374503249
5919,0.6531688075286316
5920,0.6531508769444895
5921,0.6471102819151138
5922,0.6443611077461392
5923,0.6416336206206529
5924,0.6432101378676014
5925,0.6559640480625136
5926,0.6408140896437259
5927,0.6481892302421829
5928,0.6274561545918119
5929,0.6421286836157413
5930,0.5542420711138027
5931,0.5057166844009063
5932,0.6968013699847131
5933,0.6485253221979643
5934,0.6640509017480399
5935,0.6979041183636528
5936,0.7176152185662169
5937,0.7133306811414503
5938,0.7025607888351292
5939,0.6761127596370631
5940,0.6808636636419183
5941,0.6783578087989741
5942,0.6789048875485731
5943,0.680480440089937
5944,0.6848279639572912
5945,0.6736009731211874
5946,0.6602832688249806
5947,0.5291935017637595
5948,0.5234001331770876
5949,0.5140363750483531
5950,0.5360158566133305
5951,0.5535229561325171
5952,0.5157114181189207
5953,0.5177526553453631
5954,0.49346998598221237
5955,0.4769112205306289
5956,0.4689649639897702
5957,0.4641629203526303
5958,0.46990841639252
5959,0.4538455724728137
5960,0.4682335869718901
5961,0.4739540710083279
5962,0.467477837588025
5963,0.4663884738264947
5964,0.4610770253516449
5965,0.45602355943899586
5966,0.44316441615101476
5967,0.4389053867965086
5968,0.44016238190019374
5969,0.48196790851531085
5970,0.4910524995356605
5971,0.4488985174838174
5972,0.43796196484018723
5973,0.4519186163093127
5974,0.4464781426948343
5975,0.44615437970529603
5976,0.4600150188872004
5977,0.4621683277107669
5978,0.47586372192058185
5979,0.46474065708087675
5980,0.4647325368084302
5981,0.44972582791692073
5982,0.4508760700995713
5983,0.46324957986133464
5984,0.46517070317156206
5985,0.4617151416782763
5986,0.4345704621074502
5987,0.4394586443338012
5988,0.4484385404541989
5989,0.44852727840724005
5990,0.44269407342485045
5991,0.4424634670575187
5992,0.4490005585575781
5993,0.46278835912136024
5994,0.43849532655512125
5995,0.42577712385277017
5996,0.4648459651089053
5997,0.46709367255898426
5998,0.4604112325653672
5999,0.45600454616935887
6000,0.44988219670523616
6001,0.4370833961387159
6002,0.43279247205064064
6003,0.4612239917054186
6004,0.44462541295540803
6005,0.4498122596842404
6006,0.44206069781710616
6007,0.43321732768144594
6008,0.4271196931056284
6009,0.4259603399604947
6010,0.4343200600497638
6011,0.44217937025241494
6012,0.44964319932846686
6013,0.46163054352086397
6014,0.45125124516443527
6015,0.4369672574499345
6016,0.43308292874719356
6017,0.4550918202497205
6018,0.443744562084148
6019,0.4358469438439942
6020,0.4346437562408879
6021,0.4426074466429071
6022,0.4323701663082191
6023,0.42147575244022456
6024,0.4396271536354665
6025,0.4460253968232104
6026,0.43804272517279796
6027,0.45781592152238626
6028,0.46461594273556783
6029,0.4636203543674087
6030,0.45211895184008305
6031,0.4498018477931135
6032,0.4653289585885654
6033,0.4763456419011694
6034,0.4690797127728454
6035,0.4598840846777664
6036,0.4639465151444231
6037,0.47516760842859274
6038,0.4718420286439747
6039,0.4637563407154486
6040,0.4638902189107865
6041,0.44733914905646643
6042,0.452015638315588
6043,0.462320648698912
6044,0.4535162959237969
6045,0.4606914373457773
6046,0.46268238324042454
6047,0.47505061881462957
6048,0.45700429782414115
6049,0.4574489428460401
6050,0.46197586008829683
6051,0.47077554655454606
6052,0.5004927216384926
6053,0.49628390133168393
6054,0.4878685358011867
6055,0.4994301646448782
6056,0.49125723365670154
6057,0.5097609706334832
6058,0.5486783662362916
6059,0.6051632532927246
6060,0.6186893618169484
6061,0.6243259074123354
6062,0.5647093660789865
6063,0.5390152774582186
6064,0.5456751004799332
6065,0.5207557574521686
6066,0.5321978990248861
6067,0.5317665464937036
6068,0.5187147838760485
6069,0.5391683102628636
6070,0.5384780018024118
6071,0.5352828881133901
6072,0.5372367527516264
6073,0.5309782750748554
6074,0.5288887076865616
6075,0.5383746014006079
6076,0.549044803044952
6077,0.5558972489396747
6078,0.5726586687062722
6079,0.5667259318557781
6080,0.5299466370855187
6081,0.5249620033297222
6082,0.5326795638854007
6083,0.5583279735458164
6084,0.5478410261984672
6085,0.5495510330550869
6086,0.5866640176629097
6087,0.5668257698942171
6088,0.5505358859075821
6089,0.559708230621432
6090,0.563267308790382
6091,0.5914870147420934
6092,0.5867817717184495
6093,0.5848514131665676
6094,0.5717239398614502
6095,0.5593880719903324
6096,0.5570761170643421
6097,0.5299389254776334
6098,0.5268493263799094
6099,0.5511209066813691
6100,0.5605539880468497
6101,0.5629731056083127
6102,0.5308276550184314
6103,0.5508287218875317
6104,0.5326421641226023
6105,0.5375038811847153
6106,0.5415195838640531
6107,0.5371671191450385
6108,0.526909263061501
6109,0.5405920276465918
6110,0.5465518759917557
6111,0.5639838427806823
6112,0.5469405644151769
6113,0.564355475561076
6114,0.5575327585039941
6115,0.5645131578765574
6116,0.5758438493792423
6117,0.580761907819696
6118,0.5667477934412917
6119,0.5647692654899501
6120,0.563201446341416
6121,0.5783574853844125
6122,0.5793937235403739
6123,0.5795598433223431
6124,0.5760389927440828
6125,0.6083485430216518
6126,0.5704354523894962
6127,0.5725406848589382
6128,0.5786198889780015
6129,0.6106812117552963
6130,0.5825464333598569
6131,0.5917023527504892
6132,0.5950785221631605
6133,0.6115524676708484
6134,0.6173080064389199
6135,0.6225127848017712
6136,0.624828066656244
6137,0.634923936060476
6138,0.6090149754453964
6139,0.5941835391621785
6140,0.6161222219880763
6141,0.6164553120834929
6142,0.6076678090443094
6143,0.6062942719679002
6144,0.6213452679455365
6145,0.6323841575969626
6146,0.6198386604227859
6147,0.6338348148204966
6148,0.6363413602199346
6149,0.6144426022418784
6150,0.6239702175367497
6151,0.6280523489423759
6152,0.6444232280403308
6153,0.6275581404158036
6154,0.6303153726520219
6155,0.6126105519266399
6156,0.6130423514428885
6157,0.639716109018002
6158,0.6442570352919209
6159,0.6372907416709238
6160,0.6433055933263915
6161,0.6412399210038227
6162,0.6371781464477241
6163,0.648569591042481
6164,0.6501901465547443
6165,0.6319574174372231
6166,0.622401202184787
6167,0.6390682869736556
6168,0.6466020677689791
6169,0.6453943171386415
6170,0.6244185583876072
6171,0.6319532177986142
6172,0.6497495448710392
6173,0.6571491630856348
6174,0.623641406608113
6175,0.6469929198573404
6176,0.6394738700152436
6177,0.6379478170673002
6178,0.6405264089527819
6179,0.6591332913425291
6180,0.6614975738364526
6181,0.6711068933032169
6182,0.6517317669452894
6183,0.6329658578727627
6184,0.6432056596179251
6185,0.6432486222844137
6186,0.647227221266223
6187,0.6522565761009865
6188,0.6370149858748729
6189,0.6377192335501769
6190,0.6380574896958368
6191,0.6449934467317351
6192,0.6418629969260278
6193,0.6413437172091966
6194,0.6285609779210983
6195,0.6257483190117393
6196,0.6402852137900752
6197,0.6411037801926522
6198,0.6622855646757144
6199,0.6585782320853383
6200,0.651822557670029
6201,0.6441256111837047
6202,0.6518886925620357
6203,0.6422596174314714
6204,0.6347013523270445
6205,0.6454809084872414
6206,0.6394650534119805
6207,0.6359282175401345
6208,0.6358578305156767
6209,0.6469236098752894
6210,0.6539613415786993
6211,0.665686056453986
6212,0.6474855744349496
6213,0.6366223366598247
6214,0.6228857690361318
6215,0.5669807692494248
6216,0.5844592136925123
6217,0.6297290396634149
6218,0.6048147370943763
6219,0.6033540919987256
6220,0.5989455893157779
6221,0.5770413608231938
6222,0.5763174577473285
6223,0.6139772293702224
6224,0.6007578804238821
6225,0.5946100004483814
6226,0.6055115792008949
6227,0.5905906178194723
6228,0.5781862006020767
6229,0.5888674157169789
6230,0.5884122790133129
6231,0.5860028254369605
6232,0.5781686453489061
6233,0.5728754291665563
6234,0.5716339214523637
6235,0.5556549650546813
6236,0.5569921729802032
6237,0.5638686516057522
6238,0.5384242134620854
6239,0.5476565547005069
6240,0.5422461506087052
6241,0.5372334962961269
6242,0.5484304794210533
6243,0.5393775833952033
6244,0.532706324327501
6245,0.5254334958022648
6246,0.5150261764953505
6247,0.5078238860456031
6248,0.5010381636300925
6249,0.5004297749599904
6250,0.4991781831787153
6251,0.4978527676011349
6252,0.5029578135694045
6253,0.48980519807610656
6254,0.4718726326851993
6255,0.47996101486017523
6256,0.48070372004919737
6257,0.4836780298085065
6258,0.48830320686183715
6259,0.4888267376612426
6260,0.4805067089534522
6261,0.49050786227466114
6262,0.4904810297847625
6263,0.47321060662711323
6264,0.4836087796694356
6265,0.4863472617614007
6266,0.4840391940044238
6267,0.47895131811575764
6268,0.48938906403471
6269,0.4881854577932123
6270,0.4842841432642539
6271,0.48045827826589305
6272,0.469826213266657
6273,0.459081388476026
6274,0.472940981718125
6275,0.49267671767452714
6276,0.4630974242287924
6277,0.4721317618441478
6278,0.4766838005395174
6279,0.4792120842951745
6280,0.4663000056918023
6281,0.44970370163120793
6282,0.4594368217879581
6283,0.46577305924932094
6284,0.4511697671097673
6285,0.43706987608719367
6286,0.42547127386193684
6287,0.4295170304470332
6288,0.44189139454607795
6289,0.4312528709669695
6290,0.443774139214585
6291,0.4479476718483352
6292,0.4331062517612734
6293,0.4321980897875086
6294,0.44231818693719044
6295,0.46491182821404425
6296,0.48243917841396267
6297,0.4478346436821721
6298,0.44157597125324655
6299,0.4499284780324273
6300,0.4582297382231199
6301,0.45622294574986505
6302,0.45474187254429604
6303,0.4533465165336201
6304,0.4516772393866774
6305,0.45358090140771185
6306,0.46490165674471456
6307,0.4644004206050207
6308,0.46014796151103615
6309,0.4703250682856697
6310,0.4704471574139313
6311,0.48941583471310945
6312,0.5048071653300866
6313,0.49235164548856497
6314,0.48416655259579783
6315,0.4861133078617533
6316,0.48411586546043267
6317,0.5119706973451655
6318,0.5223929882895729
6319,0.5047357772480584
6320,0.5061002536248383
6321,0.5299083959776648
6322,0.5232600311805864
6323,0.5175158775394757
6324,0.5063109863484598
6325,0.511570162242676
6326,0.511400818682624
6327,0.5354895672625185
6328,0.5265515633279328
6329,0.5271156987704363
6330,0.5515332500111875
6331,0.5246346204960619
6332,0.5322919568351283
6333,0.5287705492972024
6334,0.5319305297762963
6335,0.5414419012454093
6336,0.5410527223982674
6337,0.5350759341589979
6338,0.5473385617028663
6339,0.5474027405430789
6340,0.5315263777168461
6341,0.5538391026592591
6342,0.5324981004158319
6343,0.5312137724246975
6344,0.5537583853715989
6345,0.5727993882928267
6346,0.5857792407771931
6347,0.615864691660326
6348,0.5927337357509875
6349,0.5979695759013671
6350,0.6043170479635984
6351,0.5989210179981311
6352,0.6201698917112509
6353,0.6091575916344688
6354,0.6026644057215382
6355,0.6261678780138689
6356,0.6367558433299947
6357,0.653388929300865
6358,0.647819926482332
6359,0.6543130492714174
6360,0.6431663178454353
6361,0.6266133319658758
6362,0.6135723444967354
6363,0.6215294973156497
6364,0.6115665995381012
6365,0.6039614941782985
6366,0.5925752385998408
6367,0.6052359976844001
6368,0.6042915267698773
6369,0.6149078786560995
6370,0.6117675033147132
6371,0.6055470912851285
6372,0.6049996316927045
6373,0.6182419098180737
6374,0.6360242063363611
6375,0.6400761864601516
6376,0.6339289524213788
6377,0.6412648970489927
6378,0.6458428152085562
6379,0.6204588499710788
6380,0.6199037891390727
6381,0.5983718515684286
6382,0.588224203550618
6383,0.613570757739121
6384,0.6269926603435328
6385,0.632868364996723
6386,0.6267661954778797
6387,0.6058095531468823
6388,0.6128650603151307
6389,0.6173156387811034
6390,0.6172465742077646
6391,0.6291419031253187
6392,0.6229982377491718
6393,0.6181571537854309
6394,0.6182716194954622
6395,0.5871950759480489
6396,0.6003686860910569
6397,0.6080502629053297
6398,0.5733868096100166
6399,0.5820893975602156
6400,0.5947101051555387
6401,0.6005181574509794
6402,0.6249512956882886
6403,0.6252225332081085
6404,0.6388456521899625
6405,0.64197000339232
6406,0.6343589210836469
6407,0.6532306290016265
6408,0.6286594236916082
6409,0.6599288376204956
6410,0.6584458969464911
6411,0.6332172285730719
6412,0.6345604860202011
6413,0.6404719581401672
6414,0.6585763171099757
6415,0.6633401920807639
6416,0.6434949651245191
6417,0.6304687639896089
6418,0.6045822103710631
6419,0.6142789603004946
6420,0.6183714184259886
6421,0.6055261210450551
6422,0.6094217221442308
6423,0.6121065917502407
6424,0.613511583530587
6425,0.6527781214520462
6426,0.6362807400685179
6427,0.6334356988890304
6428,0.6505972891883833
6429,0.6566632483236574
6430,0.6316607941577949
6431,0.6339500911666857
6432,0.6244393895189988
6433,0.6277178882327401
6434,0.6631204083688741
6435,0.6634419011309727
6436,0.665118652613634
6437,0.6452072796104409
6438,0.6557466772300795
6439,0.6570265163415346
6440,0.6606184615612455
6441,0.6515297148658798
6442,0.6472429972406128
6443,0.6568049902277884
6444,0.6559595150880069
6445,0.6497996873827917
6446,0.6569413553188995
6447,0.6499623113373412
6448,0.6578333365907513
6449,0.6642615571744788
6450,0.676986612685457
6451,0.6407080120559709
6452,0.6362219566766388
6453,0.6249056893006731
6454,0.632223736940204
6455,0.6452828220551391
6456,0.6423165485781291
6457,0.649681958918
6458,0.6393889028261206
6459,0.6502281316238829
6460,0.6435603716644657
6461,0.6336746793365357
6462,0.6299565271091135
6463,0.6325671217342447
6464,0.6389296067728697
6465,0.645030636781634
6466,0.6557144383993749
6467,0.6520525434289115
6468,0.6642522984418299
6469,0.6702533274187752
6470,0.6639944623374489
6471,0.6612312101074096
6472,0.6613172577510391
6473,0.6654081848936262
6474,0.6845805808204685
6475,0.6949378813698632
6476,0.680703757424813
6477,0.6698191433697456
6478,0.6777693120141925
6479,0.68564160040068
6480,0.6787753110923671
6481,0.6833659675389082
6482,0.6639349924573488
6483,0.6636528828066406
6484,0.6687230113146739
6485,0.6811230996273744
6486,0.6691518300993291
6487,0.6598799739899731
6488,0.6668134303504647
6489,0.6644845315933308
6490,0.656629315779135
6491,0.6533407125257128
6492,0.6559149862677369
6493,0.6557962938847681
6494,0.6573302449249709
6495,0.6619079685948492
6496,0.6741883221281098
6497,0.6873827431923801
6498,0.6920685594261454
6499,0.680844099318173
6500,0.6801887469009316
6501,0.6677568243538151
6502,0.6562524349268695
6503,0.6351879505588469
6504,0.6287556494975323
6505,0.6249194404563356
6506,0.6213305541840431
6507,0.6388635594143448
6508,0.6573660907388063
6509,0.6402769553275891
6510,0.6514551409325698
6511,0.6025388281149947
6512,0.5769738990180914
6513,0.5974211584275579
6514,0.6065530660849011
6515,0.568469348811956
6516,0.5651646156444131
6517,0.5794454207884971
6518,0.5348186332293379
6519,0.5365799585910095
6520,0.5279765392515272
6521,0.5408104175157371
6522,0.5341472104784865
6523,0.5320893567200063
6524,0.5298426480965095
6525,0.5297210514917221
6526,0.5228909653490752
6527,0.5005509964962754
6528,0.5063505290411305
6529,0.4984062545365178
6530,0.4888684927068919
6531,0.49853760318483586
6532,0.454513608583437
6533,0.4031118892429652
6534,0.41421876800013846
6535,0.4771933843812291
6536,0.4650849421443108
6537,0.4628630698011291
6538,0.473432890620706
6539,0.49019424135790096
6540,0.49602596601394117
6541,0.47789270984018656
6542,0.4784556036720879
6543,0.45030069428187686
6544,0.4350176564927945
6545,0.43713670704754776
6546,0.4279565236907146
6547,0.44101014485285195
6548,0.4406714074698939
6549,0.4157592459934432
6550,0.42556638404248004
6551,0.41051761603474046
6552,0.4193898613269331
6553,0.41607599593690103
6554,0.41560982489637466
6555,0.4148470497366724
6556,0.4216321494439802
6557,0.43352031006491565
6558,0.4637041609176811
6559,0.4859290513260768
6560,0.5144243261957611
6561,0.5610239500614237
6562,0.6064366994416099
6563,0.6204111409426151
6564,0.6294531393780634
6565,0.6535099570036377
6566,0.6498204444978659
6567,0.6534453247478632
6568,0.6514975612064341
6569,0.6502072827758196
6570,0.6515098399098235
6571,0.6465960867518359
6572,0.6547272855291846
6573,0.6516696756539456
6574,0.6619236444372351
6575,0.6545325182827233
6576,0.6564405536969843
6577,0.6664232883725535
6578,0.6569867225970637
6579,0.6525237176575359
6580,0.6471405851666227
6581,0.6588552061322316
6582,0.6429944850273872
6583,0.6557169329067553
6584,0.6511716424260322
6585,0.6477827163535386
6586,0.6433001999778115
6587,0.6496220205303584
6588,0.6398232311019817
6589,0.6375314482471945
6590,0.6478871997033064
6591,0.6419431315320397
6592,0.6374803348618309
6593,0.6664365907058653
6594,0.6658060693195549
6595,0.6684868659283502
6596,0.6680257018817254
6597,0.6832505460472456
6598,0.6831253894413164
6599,0.6862302981056425
6600,0.6743636644219768
6601,0.6883503726840221
6602,0.6983961670310888
6603,0.6986247640653764
6604,0.7126529933817696
6605,0.7059486633247295
6606,0.7095183218900397
6607,0.7070718535932211
6608,0.7123204378049011
6609,0.7125814244584551
6610,0.7122173804503559
6611,0.6980399266263332
6612,0.6793722247398035
6613,0.7225492727990247
6614,0.7157937074396725
6615,0.7033125102352493
6616,0.7085812553631908
6617,0.7248133664644089
6618,0.6951526687178544
6619,0.7120252859278691
6620,0.7169223089046506
6621,0.7188776252600922
6622,0.7106605532499047
6623,0.7116403105251397
6624,0.7012803026058346
6625,0.7044592663018409
6626,0.713562043551344
6627,0.7125014069137111
6628,0.7063101151869019
6629,0.7063436890672478
6630,0.695296885050471
6631,0.698952554251252
6632,0.6948615177902387
6633,0.710638010163085
6634,0.7044279854837561
6635,0.7098395040198272
6636,0.7147438851897014
6637,0.7010964926615204
6638,0.7072522265032187
6639,0.705241294234335
6640,0.6971604871832546
6641,0.7033534274791775
6642,0.7099824559070204
6643,0.6992484287060216
6644,0.7079029945019881
6645,0.7047735683262033
6646,0.7056029290375475
6647,0.7202747184232405
6648,0.7226439037107889
6649,0.6983461465675193
6650,0.7065292889203456
6651,0.6978247382253876
6652,0.705887676241356
6653,0.709281642641341
6654,0.7190414695652377
6655,0.7133401708470047
6656,0.7169109056673142
6657,0.6988213823759476
6658,0.692355410320679
6659,0.699006572252138
6660,0.7028314886867707
6661,0.7114051125214326
6662,0.7119428726954028
6663,0.7009045309484544
6664,0.7042920520232622
6665,0.6935122144960713
6666,0.7055204801092685
6667,0.7062244773889452
6668,0.6936633807509229
6669,0.6861392283761318
6670,0.6937285830898235
6671,0.6992932126463646
6672,0.7051524564117592
6673,0.7076422040441693
6674,0.7073366927698527
6675,0.7110566476358151
6676,0.7068063337026912
6677,0.709234376398436
6678,0.6957489411530087
6679,0.6850287589404153
6680,0.6876454945576737
6681,0.6759046395319669
6682,0.666434663656919
6683,0.6845430466734341
6684,0.685234021674447
6685,0.6844454841118189
6686,0.6834461940091441
6687,0.6879700076842166
6688,0.6808238910262189
6689,0.6837347592213286
6690,0.6808024992605928
6691,0.6896301906667057
6692,0.6976479474951803
6693,0.6864771870129411
6694,0.698882378514509
6695,0.7009057226899065
6696,0.6964986933778741
6697,0.6975940818576712
6698,0.6835907430214854
6699,0.6825486334292764
6700,0.689341296186896
6701,0.6887805242873302
6702,0.6787162602443623
6703,0.6853775353769861
6704,0.693264047888654
6705,0.6669008409967063
6706,0.6724278593714997
6707,0.6576581432481614
6708,0.6749991991014499
6709,0.6795387085665684
6710,0.6826522130975513
6711,0.6896523214143951
6712,0.6762983300936094
6713,0.6836769414536766
6714,0.6753630629244358
6715,0.672118313158004
6716,0.6887655235157547
6717,0.6950884694050433
6718,0.6895489118261688
6719,0.6945947485462649
6720,0.6903389213161316
6721,0.6946019171053528
6722,0.6992010687616083
6723,0.6753161657132413
6724,0.6858691097625579
6725,0.6947861854521439
6726,0.6957843506117809
6727,0.6989691199954975
6728,0.6924813174573169
6729,0.6968589657034128
6730,0.6979665078200202
6731,0.6759497619263574
6732,0.6856821990069861
6733,0.6939634809599879
6734,0.7012791764816854
6735,0.6967824519913997
6736,0.6906704140239307
6737,0.6897770395655075
6738,0.6951374199128747
6739,0.6884835406376754
6740,0.6900274557965314
6741,0.6949970181765346
6742,0.6967918822476779
6743,0.708159898709436
6744,0.7045703115131158
6745,0.6947062784069377
6746,0.6946144505351113
6747,0.6858599922383445
6748,0.6936751864847943
6749,0.6974794887188381
6750,0.7040301332103057
6751,0.707509271262929
6752,0.6959856543914702
6753,0.7001235815019478
6754,0.6914220406726657
6755,0.7051141570357404
6756,0.7017207982519785
6757,0.7040352484727568
6758,0.7028285912891516
6759,0.6999995310725078
6760,0.6900497133168495
6761,0.6977760501867672
6762,0.7036155288394702
6763,0.696952167995262
6764,0.69305413091934
6765,0.6791523860406141
6766,0.6678598339389639
6767,0.6631420229708602
6768,0.6716040231121064
6769,0.6956626016436166
6770,0.6914567636432167
6771,0.6919384543569486
6772,0.6800003597560486
6773,0.6912529979023293
6774,0.6806813302181499
6775,0.6657120848694571
6776,0.6575898666073937
6777,0.6670260165004188
6778,0.6778906972000305
6779,0.68614074571064
6780,0.6927213922701969
6781,0.6932463611384089
6782,0.6943662660797878
6783,0.6847140678054476
6784,0.6876251480756799
6785,0.691758925285464
6786,0.6861401748401063
6787,0.6923081274109791
6788,0.6915114305992267
6789,0.6860314787282689
6790,0.6918392163231257
6791,0.7051422017396896
6792,0.7035541084194294
6793,0.6996341827236651
6794,0.6965031006296288
6795,0.6769057730871445
6796,0.6742993823001296
6797,0.6581465473993694
6798,0.6472818460959247
6799,0.6403590727572548
6800,0.6467737450740199
6801,0.6620154354321374
6802,0.671062940865334
6803,0.6994308186919048
6804,0.6755480388882193
6805,0.6907092521180047
6806,0.680663661709515
6807,0.6838033571244105
6808,0.6581477733930534
6809,0.6542578488467363
6810,0.6519306258242793
6811,0.6543212746627829
6812,0.6440825418234819
6813,0.6534998638813675
6814,0.6517632968466555
6815,0.6481139270381704
6816,0.6235297295022129
6817,0.6381664839726977
6818,0.5994380176449273
6819,0.5989419068727492
6820,0.5736270337678776
6821,0.5673563637400877
6822,0.566451386830197
6823,0.5522618466927166
6824,0.5367836835179347
6825,0.5567537115655625
6826,0.5531503404049286
6827,0.542397661091927
6828,0.5265071133796607
6829,0.5188867349364762
6830,0.5045634252659111
6831,0.5008394698442362
6832,0.5156883798839347
6833,0.520914027829917
6834,0.5027316767902651
6835,0.5006526331049821
6836,0.5084461739040025
6837,0.5043303397456479
6838,0.49309672471159965
6839,0.48184789289381535
6840,0.4841844812114208
6841,0.5014647430274404
6842,0.5169389035467561
6843,0.5178995514886229
6844,0.509758807755951
6845,0.5178064221632143
6846,0.5073319804238872
6847,0.5101592319651987
6848,0.5029198870309
6849,0.503172442517227
6850,0.5080189324280702
6851,0.5185904889565387
6852,0.5143237497001971
6853,0.5044390320516817
6854,0.5017937588132961
6855,0.4913814836939764
6856,0.5057613570543039
6857,0.4896375398308576
6858,0.5032567688877716
6859,0.49263278544677347
6860,0.48307800078277136
6861,0.46365345120996376
6862,0.4620665051426243
6863,0.4592678300678832
6864,0.4716631864544151
6865,0.46741299443823964
6866,0.47908986025773853
6867,0.45961882331940923
6868,0.4524917638946413
6869,0.43381669252884286
6870,0.4360240739468912
6871,0.4539063061421642
6872,0.4528756316773007
6873,0.4880547306719857
6874,0.48269715283961784
6875,0.4670192246108955
6876,0.4606875339036729
6877,0.4631370460559302
6878,0.45410644573966863
6879,0.44316113371106336
6880,0.4323721013624764
6881,0.4636555938773669
6882,0.44390353089246654
6883,0.43338820288057817
6884,0.4324181219265065
6885,0.4169287064341845
6886,0.4233109374252488
6887,0.467496165681787
6888,0.4575880420789211
6889,0.44649128689044654
6890,0.4671417508816278
6891,0.4816330697187768
6892,0.4750896549417233
6893,0.4649785845019079
6894,0.4497840001492421
6895,0.44845387613648746
6896,0.459601934213096
6897,0.4744085826415681
6898,0.4887450672166431
6899,0.48234845934331766
6900,0.47881185063857373
6901,0.4949533576306611
6902,0.472112202376083
6903,0.47461668962320375
6904,0.48626845695564574
6905,0.5246043802371636
6906,0.5284552193121754
6907,0.5493987943510393
6908,0.5497932426612937
6909,0.5437423865293527
6910,0.5157485478009011
6911,0.5301307828591882
6912,0.5330994706592347
6913,0.5287520425931423
6914,0.5377688976592987
6915,0.5539387756045644
6916,0.5627975243362292
6917,0.5748696542202899
6918,0.6023416742359987
6919,0.5843234867952873
6920,0.5863824559166793
6921,0.587573751696013
6922,0.5902416300951867
6923,0.5838730026208537
6924,0.5740260095407852
6925,0.5669920283911644
6926,0.5778493455170645
6927,0.5575527559019373
6928,0.5902476973334657
6929,0.5800981834220348
6930,0.563872430506216
6931,0.5704830112855713
6932,0.5832165963897306
6933,0.5855740397234258
6934,0.5877378952160589
6935,0.575996903575128
6936,0.53941463945457
6937,0.5438061895136553
6938,0.5587801095702288
6939,0.5674952616590839
6940,0.5826235099370928
6941,0.5923157216426332
6942,0.5689747838028512
6943,0.5682374161877016
6944,0.565803208090193
6945,0.5636763312285095
6946,0.5603863235023397
6947,0.5625846993392932
6948,0.5448040679256796
6949,0.5404146113210202
6950,0.5476774267770954
6951,0.5613141351023433
6952,0.5708094618285945
6953,0.5887837155979716
6954,0.567425343667106
6955,0.5622216693809903
6956,0.5666613190227252
6957,0.5796041815899661
6958,0.5897863729181531
6959,0.6075429167448755
6960,0.589981223761058
6961,0.5999544102004388
6962,0.615853183829009
6963,0.5892360089726758
6964,0.5648165472185386
6965,0.5689013674899958
6966,0.5676663711119869
6967,0.5670820271150601
6968,0.5619050105143486
6969,0.5783133698219151
6970,0.576440685073323
6971,0.5871302905414899
6972,0.5725508956986496
6973,0.5653660132568453
6974,0.5830141842025636
6975,0.5824159057152305
6976,0.5543529810221994
6977,0.5449745733056937
6978,0.5653084422102514
6979,0.5705974104596576
6980,0.5583720614178121
6981,0.5657829898244089
6982,0.5499858350878735
6983,0.5645652979102395
6984,0.5840252366004555
6985,0.5858364889866575
6986,0.5793539843894988
6987,0.572102977291987
6988,0.5650795981924362
6989,0.5405285436936149
6990,0.5290643044443286
6991,0.5197037312482337
6992,0.5144757084808312
6993,0.5121078775344111
6994,0.5500032904715093
6995,0.5638974560268323
6996,0.5655468620235222
6997,0.6018087973016972
6998,0.6062257419131094
6999,0.6219976333319234
7000,0.6196689357574396
7001,0.6355675164711398
7002,0.6284974219203232
7003,0.607973921373119
7004,0.6083040676138661
7005,0.6121714376559529
7006,0.5987486509240042
7007,0.5862769566798305
7008,0.6054738181492277
7009,0.599916817654005
7010,0.5813544422995833
7011,0.577475956161477
7012,0.5922748687036617
7013,0.599971554426825
7014,0.5960780601680051
7015,0.6457741666489167
7016,0.6372628729525806
7017,0.636032251673848
7018,0.6374570631604817
7019,0.6534302801439296
7020,0.6530906032524311
7021,0.6581311605355846
7022,0.6631627768050692
7023,0.6501487403306763
7024,0.641857300819213
7025,0.6422121072234349
7026,0.6343957940707391
7027,0.6379905330127307
7028,0.6370097300601595
7029,0.6386102069402587
7030,0.6452698126374666
7031,0.643624242628294
7032,0.6383371774119014
7033,0.6271730957212026
7034,0.6151926061747172
7035,0.6252574442378492
7036,0.6385046781756238
7037,0.6265604154170332
7038,0.6146975917364328
7039,0.6183663846602276
7040,0.6192366884687172
7041,0.6373063613448986
7042,0.6327124990994156
7043,0.6403779540048787
7044,0.6255924390723292
7045,0.6255571052046897
7046,0.6219463926489924
7047,0.6175241642698959
7048,0.630159476964459
7049,0.6452714647499146
7050,0.6396836697920548
7051,0.6578781154129446
7052,0.637751974484482
7053,0.6331363254572104
7054,0.6324250518748348
7055,0.6530075003821132
7056,0.659369112710612
7057,0.6333003246191904
7058,0.6296099512144068
7059,0.6237409040927508
7060,0.6204802648339955
7061,0.6337814116537371
7062,0.6527717337388608
7063,0.6315359586829451
7064,0.6485102921610719
7065,0.6364863975562428
7066,0.6371395678044649
7067,0.6386348861327512
7068,0.6033219424075528
7069,0.5813065771019391
7070,0.6045514859877054
7071,0.6191867521265297
7072,0.6226804144378761
7073,0.6189300114374003
7074,0.6069434185631194
7075,0.6035965533129057
7076,0.5916374186551222
7077,0.5637124266505643
7078,0.5639682080147279
7079,0.599598193811616
7080,0.578803430416313
7081,0.5662606406120466
7082,0.5643497602940089
7083,0.5827767195147513
7084,0.5577860298750938
7085,0.5339799232334671
7086,0.5576070918842723
7087,0.5627760481867519
7088,0.5544416044074301
7089,0.5349916572638996
7090,0.5377665636518408
7091,0.5522352533122691
7092,0.5554777232711351
7093,0.5858153796379023
7094,0.5761641564366807
7095,0.5653274218838295
7096,0.5509350203431277
7097,0.5266381777738234
7098,0.5087180284889373
7099,0.4829391322603267
7100,0.4732626114891517
7101,0.4852188066230078
7102,0.5044931448039529
7103,0.5115229117479236
7104,0.480835001636632
7105,0.4842937846770122
7106,0.47099964302927466
7107,0.465370778726579
7108,0.44180241800852404
7109,0.43731646774811095
7110,0.44194171684924
7111,0.45154919509448993
7112,0.43468198921219625
7113,0.4361914534498382
7114,0.42430395897575995
7115,0.4142107594083411
7116,0.4278503899345485
7117,0.4317542244304007
7118,0.40515149338597745
7119,0.40214388166442505
7120,0.41499398118204106
7121,0.44337985494758747
7122,0.4427494474729145
7123,0.42818648792712183
7124,0.42029431552939023
7125,0.4035596491182244
7126,0.3904857624458448
7127,0.40802932195682023
7128,0.4009423469611743
7129,0.40349159990702793
7130,0.3943253438226977
7131,0.396328065267257
7132,0.4166183491908272
7133,0.43640635589057847
7134,0.3933815769818332
7135,0.39532898999563115
7136,0.4139138615861183
7137,0.3987581871128558
7138,0.43442951850342426
7139,0.44608560332315084
7140,0.43806881303754536
7141,0.41492064124772604
7142,0.4232021581106715
7143,0.4047266157077584
7144,0.39550306351333275
7145,0.3777733704181191
7146,0.39394239389486874
7147,0.3871062075740568
7148,0.38639461404171305
7149,0.38434478068614475
7150,0.3921501028093999
7151,0.3920988437536242
7152,0.3824208278265893
7153,0.3834651304802899
7154,0.3793824974960017
7155,0.39133707581951876
7156,0.3698329160216363
7157,0.3576399733970867
7158,0.3742599395819814
7159,0.3730041324139447
7160,0.3599143074299683
7161,0.34376352018275685
7162,0.34794635839991006
7163,0.342435207994965
7164,0.3476159369601953
7165,0.3515036436416804
7166,0.3522551398432176
7167,0.36101558978713066
7168,0.36495858403307485
7169,0.383732412851571
7170,0.36811343875094926
7171,0.3664964391715551
7172,0.3811083340019649
7173,0.39529083261545556
7174,0.39374018144677125
7175,0.3723555552456786
7176,0.37263414531550326
7177,0.4021365236025669
7178,0.41665022043340194
7179,0.4157634483879788
7180,0.4082308864996706
7181,0.4127822855575733
7182,0.42589393157557015
7183,0.41828366344638923
7184,0.412983082640451
7185,0.4075262267477056
7186,0.4065116870526433
7187,0.4356899574656255
7188,0.44361798670089925
7189,0.41210553428803703
7190,0.416212742264541
7191,0.41348108214107077
7192,0.4047418469273011
7193,0.42434201806121613
7194,0.42323826586877933
7195,0.423392924932655
7196,0.4221447896084181
7197,0.4266949911505461
7198,0.4111628161429047
7199,0.40915070184392976
7200,0.42940936807018293
7201,0.45722417510630464
7202,0.4401989467484323
7203,0.4408484195928806
7204,0.4404343984286317
7205,0.45135145485927686
7206,0.44368049610569604
7207,0.43169087276190615
7208,0.447924204607424
7209,0.458878737835581
7210,0.46611005659264537
7211,0.4840480977474649
7212,0.50222900415658
7213,0.49891229871845144
7214,0.5139938992622507
7215,0.5214479699955109
7216,0.5092874352318376
7217,0.49393370385425917
7218,0.4951046698183941
7219,0.49255457959575777
7220,0.4764440899026675
7221,0.4990351249914918
7222,0.5098562449885179
7223,0.5051209403162736
7224,0.49474445891065083
7225,0.5005916643944532
7226,0.5068419207481315
7227,0.5050289466951405
7228,0.5006310258521338
7229,0.5003235902847974
7230,0.5192879579707674
7231,0.5264978763007219
7232,0.5215648367738833
7233,0.5303769086372562
7234,0.5312138314802699
7235,0.5112137394218189
7236,0.5277238130289783
7237,0.5337486698795306
7238,0.5153271927219615
7239,0.5160178830751151
7240,0.4910338176334022
7241,0.48601952682529403
7242,0.48423443881361433
7243,0.49447199880924647
7244,0.5177545078530535
7245,0.5239799669030945
7246,0.5318881656708431
7247,0.5206518532407145
7248,0.5292658944466924
7249,0.5328321523296716
7250,0.5228600658987537
7251,0.516091159885585
7252,0.5187762889424098
7253,0.5224996434408263
7254,0.5244380390624149
7255,0.5135614513158165
7256,0.5048232961628496
7257,0.48476443291733795
7258,0.4921017520962093
7259,0.5175112650367981
7260,0.5334047394120004
7261,0.5534418497342518
7262,0.5470123060432323
7263,0.5326388169839904
7264,0.550987842796758
7265,0.5379735165563563
7266,0.5324095843805084
7267,0.5459864022187458
7268,0.5468050595669045
7269,0.5456205386428422
7270,0.5641408745662245
7271,0.5495856249222671
7272,0.54425330896404
7273,0.5430573749600459
7274,0.5369429808064707
7275,0.5305981705757417
7276,0.5422575365230736
7277,0.5436289752893763
7278,0.5436089621432804
7279,0.5114982427917304
7280,0.5080288200369483
7281,0.5084917069314734
7282,0.48628763951792375
7283,0.49336515919148194
7284,0.49644450558565556
7285,0.5144484150949983
7286,0.534011395654076
7287,0.5523802276559667
7288,0.5683614620239305
7289,0.5753339677662108
7290,0.5815880408159193
7291,0.5815554072315214
7292,0.6087004185634302
7293,0.6024895434838579
7294,0.5978137565923447
7295,0.6130031704327905
7296,0.6209781491106316
7297,0.616640131878096
7298,0.6046864332201393
7299,0.5985246715105437
7300,0.6169253894532849
7301,0.6333943039511384
7302,0.6654452427902774
7303,0.6800298458096694
7304,0.6743773663646622
7305,0.6686512976395896
7306,0.6733036497051391
7307,0.6598502136560269
7308,0.6410831680918171
7309,0.6501427786050201
7310,0.6410037186616802
7311,0.6502937281915383
7312,0.650592398862046
7313,0.6652913471181015
7314,0.658385281257051
7315,0.633782928069603
7316,0.6240728663579681
7317,0.639142742664586
7318,0.63986149570083
7319,0.6483561477993187
7320,0.6380171148445329
7321,0.6562505755949795
7322,0.6611411170258327
7323,0.6704368092765757
7324,0.6669227675433497
7325,0.6667121451880315
7326,0.6589996834904783
7327,0.6579926303359529
7328,0.6686216279887558
7329,0.6743287192712386
7330,0.6681366695333484
7331,0.650185478408594
7332,0.6276361565015799
7333,0.6463435678799637
7334,0.6361079607864951
7335,0.6232937059016029
7336,0.6419538665227652
7337,0.6493047586407048
7338,0.664153487839117
7339,0.6719739242518813
7340,0.6708431743451775
7341,0.6743885681568792
7342,0.6583771776513992
7343,0.6334500848264794
7344,0.6416369937437167
7345,0.6475050087052008
7346,0.6626886986170955
7347,0.6310730133890206
7348,0.6305130798161144
7349,0.6525288241272684
7350,0.6780666261125838
7351,0.6491054254798508
7352,0.6316657216235255
7353,0.6591553153964842
7354,0.6585796811778516
7355,0.6733564669093853
7356,0.661942800096419
7357,0.6635164909436699
7358,0.6585811721342041
7359,0.665020821546016
7360,0.6750282747844595
7361,0.64976679067301
7362,0.6729396844378032
7363,0.676729333671976
7364,0.6602284211589189
7365,0.6640358277475545
7366,0.6627232454708061
7367,0.6569274600676402
7368,0.642836277117311
7369,0.6159352393159409
7370,0.6051970776999321
7371,0.609020581131568
7372,0.6169018804797692
7373,0.5939999773825032
7374,0.5771544115617091
7375,0.5772761012118317
7376,0.5776340311308977
7377,0.5445119761771774
7378,0.5345240864750715
7379,0.5520917255676272
7380,0.5592431463346733
7381,0.5382152125103173
7382,0.5501322258466678
7383,0.5351166063879177
7384,0.5098472081735869
7385,0.5191082040944038
7386,0.5182863154877899
7387,0.5125436167135152
7388,0.5043916118705846
7389,0.5028730822088676
7390,0.4989578691477849
7391,0.523099925093177
7392,0.5058167364829869
7393,0.5028179962207625
7394,0.5178552704392879
7395,0.5361152593465832
7396,0.5106829136844006
7397,0.4996366794882806
7398,0.5184243874161795
7399,0.504962043686988
7400,0.5060065758700136
7401,0.4839415735683476
7402,0.49282077993771695
7403,0.4891954230436326
7404,0.49576708488839694
7405,0.47978185153953606
7406,0.4901900700659669
7407,0.4586228727437391
7408,0.45061203512860204
7409,0.4602103234081364
7410,0.44987557211358786
7411,0.44956516290132675
7412,0.44340110432366664
7413,0.46171490086277533
7414,0.44662090245456504
7415,0.41641311650951995
7416,0.4087097929400133
7417,0.4336757482686439
7418,0.4249438347647466
7419,0.4188526777978193
7420,0.4017111940836013
7421,0.4311346508973457
7422,0.44345081559850574
7423,0.44008987976759995
7424,0.42066763270594487
7425,0.41983217326001643
7426,0.44337540333853614
7427,0.449431646519796
7428,0.4275697342320341
7429,0.4272690500289749
7430,0.4356136524166351
7431,0.42711105694994783
7432,0.43220192105058003
7433,0.43274793496259045
7434,0.4800053565398979
7435,0.45286886364622864
7436,0.43807369325881806
7437,0.4513009351792682
7438,0.44037476699873235
7439,0.4385894012946275
7440,0.4657256234513057
7441,0.464375140095566
7442,0.45566000126140604
7443,0.4604472526587585
7444,0.44214577616193984
7445,0.42723986555247745
7446,0.4362440579227889
7447,0.423266545876376
7448,0.4067682566118472
7449,0.4041702557843931
7450,0.3995551533492533
7451,0.4074700898328801
7452,0.4090432751644309
7453,0.43397609585494007
7454,0.4456011560265316
7455,0.4470802839415441
7456,0.45133150851159515
7457,0.42792903857112297
7458,0.43419128294353954
7459,0.4659384340124351
7460,0.4702739369211651
7461,0.47027438062536614
7462,0.4860291724375597
7463,0.47942755209459503
7464,0.4738220024069644
7465,0.502721591935775
7466,0.47254257865303556
7467,0.47224574710428846
7468,0.47858808435011246
7469,0.508826013702917
7470,0.5221343097902594
7471,0.5110177019556115
7472,0.47982894652128094
7473,0.4868701601412425
7474,0.4856815927293559
7475,0.46274995921963374
7476,0.464350280455491
7477,0.49759921460057177
7478,0.4687706163003425
7479,0.49319847339465933
7480,0.4887185922098097
7481,0.5053402733685284
7482,0.4831891589870415
7483,0.4690621428213991
7484,0.4570272188666245
7485,0.4737309501316562
7486,0.4543222815209228
7487,0.4605155358612565
7488,0.48708787625192357
7489,0.497556408628202
7490,0.4980478385244732
7491,0.48253315144664966
7492,0.46819880087749377
7493,0.47960398875383686
7494,0.4752556503132866
7495,0.48903925202586757
7496,0.49727198977337644
7497,0.47389365295820357
7498,0.47386533791096713
7499,0.5118373161352784
7500,0.51414609413394
7501,0.5132366098402907
7502,0.5093056201486451
7503,0.5179206950896101
7504,0.525212387933206
7505,0.5160157082552337
7506,0.5208896492959055
7507,0.5262722426750597
7508,0.5189722355942703
7509,0.5150167223543742
7510,0.49760999880427426
7511,0.5042204850947136
7512,0.5029850206028672
7513,0.49751670136733606
7514,0.5098388237258795
7515,0.4985793395951712
7516,0.5020788209801577
7517,0.5265627905796634
7518,0.5481641709417792
7519,0.5429567226108801
7520,0.5391046617416916
7521,0.5335844642855163
7522,0.517074075977773
7523,0.49571954213417824
7524,0.5029712397881839
7525,0.5123431048034351
7526,0.5120301904537907
7527,0.49231113900895185
7528,0.5150348386354829
7529,0.5388487034732798
7530,0.5389596242741488
7531,0.536726666543845
7532,0.538212543723381
7533,0.5125746036973186
7534,0.5203009026404353
7535,0.514902117929365
7536,0.5109559573860952
7537,0.5304501968651366
7538,0.5398834337436247
7539,0.5189939752628354
7540,0.5336994159572915
7541,0.5316909071978666
7542,0.5513470728570603
7543,0.5597656804072504
7544,0.5390303527710499
7545,0.521946536167157
7546,0.5567253137092901
7547,0.5488710376661039
7548,0.5704175565825246
7549,0.5587449839719082
7550,0.537079145633574
7551,0.5398781090307433
7552,0.5472502062987
7553,0.5361583775260793
7554,0.525639300272748
7555,0.5116482333157519
7556,0.5018100657628997
7557,0.5185536667572388
7558,0.5352424509256487
7559,0.5547327796134478
7560,0.5687271788795453
7561,0.6006177823644191
7562,0.5648276841808606
7563,0.5667547131795676
7564,0.5782305475311835
7565,0.5798189306174526
7566,0.5631424166221827
7567,0.5746968010531843
7568,0.5482993016401915
7569,0.5338757107519249
7570,0.5649720019578272
7571,0.5862576844843169
7572,0.5980696699785214
7573,0.6078678007404135
7574,0.5799498671891095
7575,0.5622919598167785
7576,0.5847893708257317
7577,0.5825408781990083
7578,0.5823540915913734
7579,0.5936467660036758
7580,0.5907728323446881
7581,0.5803559247750307
7582,0.5919671200105568
7583,0.5849951023297741
7584,0.5589703960735564
7585,0.562041091482539
7586,0.5548424623470489
7587,0.5613001629476053
7588,0.5577312647555991
7589,0.5652036662073133
7590,0.5677538519687425
7591,0.5738237547039102
7592,0.5670043444964162
7593,0.5522400357637607
7594,0.5490021056036009
7595,0.5656702687472225
7596,0.5625634716169239
7597,0.5544954503597482
7598,0.530652138576243
7599,0.5585173756591378
7600,0.5826174322000454
7601,0.5802108714281006
7602,0.5800590290525616
7603,0.5980797375100435
7604,0.5891288556548601
7605,0.5861226995875513
7606,0.5769166275801018
7607,0.5762523264063495
7608,0.5651363608338605
7609,0.5665950817677262
7610,0.586740716546951
7611,0.6095739355199995
7612,0.6088733643821671
7613,0.6234608330404037
7614,0.6224603009334229
7615,0.6140388344373531
7616,0.6177204783786515
7617,0.6296906547224334
7618,0.631113532729625
7619,0.6311667889136264
7620,0.6365425242347691
7621,0.6462944121212095
7622,0.6203581808238835
7623,0.6228605755352205
7624,0.6069079963745905
7625,0.6163483276646143
7626,0.61927037311107
7627,0.6196890583531964
7628,0.6380597002115309
7629,0.6480694168532144
7630,0.6332357228098443
7631,0.635536020428302
7632,0.6186533749259123
7633,0.6025174862185186
7634,0.5904687919478293
7635,0.5967761207878353
7636,0.6266069702371422
7637,0.6449805005691425
7638,0.6340465785231784
7639,0.6444412688615414
7640,0.648432281587149
7641,0.6087737578415722
7642,0.5979932020673856
7643,0.6183147376749581
7644,0.6070360575960421
7645,0.6003448240964525
7646,0.6107967984713273
7647,0.6151212232108385
7648,0.6214390775911397
7649,0.6117908832846117
7650,0.5819538330001977
7651,0.5627598785085456
7652,0.5594638511822587
7653,0.5584038707176532
7654,0.5990528410595478
7655,0.6157990209451186
7656,0.6213787357883211
7657,0.6155268901113393
7658,0.5990393452864275
7659,0.5905509597715835
7660,0.5715565390984971
7661,0.5792581621299865
7662,0.5791034719635092
7663,0.5719742352254024
7664,0.5742794364248925
7665,0.5960142294932007
7666,0.5919501248666824
7667,0.5924430034617632
7668,0.5988728142152048
7669,0.5883015857732499
7670,0.5714862217596147
7671,0.5379621564952051
7672,0.5293039877843806
7673,0.5266634168131427
7674,0.5319932876082012
7675,0.5028304942171775
7676,0.4862506236163463
7677,0.4708354337606914
7678,0.4607170030280296
7679,0.4764667606807583
7680,0.4630170722982738
7681,0.4736140475262365
7682,0.4561914529878924
7683,0.4596472738007584
7684,0.4729948699279862
7685,0.4759674357106235
7686,0.4676243843847651
7687,0.4603644188193817
7688,0.4320958874264179
7689,0.42442828263564847
7690,0.4157739138228247
7691,0.4228741740912837
7692,0.4226049092900528
7693,0.4202435020151
7694,0.435654626616382
7695,0.440786893004044
7696,0.43952910747433027
7697,0.43250654071698724
7698,0.43708263025355854
7699,0.4583278851724331
7700,0.4536971166062682
7701,0.42462265460347814
7702,0.40944917959956756
7703,0.4140326296914545
7704,0.4212426280745181
7705,0.42593094577109775
7706,0.4227216448338198
7707,0.4068050957404111
7708,0.4041009454086383
7709,0.4008467400576495
7710,0.43923296831936154
7711,0.4185572747377525
7712,0.4115694665155387
7713,0.4103802699649536
7714,0.4349971627655735
7715,0.4226171147645323
7716,0.4128118041573762
7717,0.4483638030025705
7718,0.4310230332407219
7719,0.4162561936487003
7720,0.4101030447350255
7721,0.4139721449741505
7722,0.42561620463574545
7723,0.44708500825610553
7724,0.42533391230646656
7725,0.44109610942497623
7726,0.4591304578824098
7727,0.436558779504185
7728,0.44262915153430177
7729,0.44110794206194165
7730,0.4260023663993081
7731,0.44486704421070866
7732,0.46750986342496503
7733,0.4417365667144996
7734,0.44226036772595767
7735,0.44086101877117645
7736,0.42574452360196213
7737,0.4238295377405276
7738,0.4279306196856494
7739,0.4250708533272579
7740,0.41157076403208276
7741,0.4091148333265077
7742,0.41072534545441625
7743,0.4162977817639315
7744,0.4333245487163181
7745,0.4733297941582484
7746,0.49654276762771776
7747,0.5154521010320172
7748,0.5023101560932534
7749,0.4922428166985415
7750,0.5058191488375041
7751,0.5179503622469864
7752,0.515170538892083
7753,0.5171448968638365
7754,0.5299042435835138
7755,0.49596972555501195
7756,0.4674105714537193
7757,0.4976064283043639
7758,0.5115537199901943
7759,0.4988661118801762
7760,0.4943413541033521
7761,0.46493242535413437
7762,0.48810373118020167
7763,0.47549493588124947
7764,0.49235178223502385
7765,0.5066335890928513
7766,0.5111881726896897
7767,0.4936556082764278
7768,0.49789148075986456
7769,0.4864994194936966
7770,0.48454813085953063
7771,0.5215442563005881
7772,0.4991549563596013
7773,0.5098625136719163
7774,0.5071558647644903
7775,0.5019444423872691
7776,0.4918112274201307
7777,0.49099753966401116
7778,0.5043375702474696
7779,0.5253062785505609
7780,0.5168204901685585
7781,0.5051714342742996
7782,0.5085972266409206
7783,0.5278789016237176
7784,0.5486671328165347
7785,0.5241963033443684
7786,0.5189118860486099
7787,0.526448421720771
7788,0.5262097608295301
7789,0.5500315022371112
7790,0.5589789261916758
7791,0.567563470320326
7792,0.5714763547545697
7793,0.5415494772698892
7794,0.5280121543549261
7795,0.5303330387459401
7796,0.525294676886501
7797,0.5352713466860142
7798,0.5345180814419956
7799,0.5526094949053845
7800,0.5916761257770601
7801,0.5799480802987217
7802,0.5529084790953647
7803,0.554809101722937
7804,0.5314958605529303
7805,0.5556249377895476
7806,0.5608261041823532
7807,0.5474111974322885
7808,0.5499337772070545
7809,0.5406247247485385
7810,0.5408863271548613
7811,0.5528621898940972
7812,0.540011123833612
7813,0.5443673452744422
7814,0.5371332485432497
7815,0.5659957977608462
7816,0.5520962494869461
7817,0.5447320818075543
7818,0.5355250176664876
7819,0.5258889776529431
7820,0.5361020980904723
7821,0.5119246846552117
7822,0.5489869145418476
7823,0.5373462831218506
7824,0.5381394909303827
7825,0.5339489291629952
7826,0.5195451008939626
7827,0.5408871028826141
7828,0.525540221557736
7829,0.5336321305314987
7830,0.5287357385307002
7831,0.5444989869696342
7832,0.5181512021123454
7833,0.5000457096692498
7834,0.5360784847854452
7835,0.5696694126377488
7836,0.5824235884515025
7837,0.5514120929110938
7838,0.5620892822732394
7839,0.5536540651464456
7840,0.5467140242208604
7841,0.5472106783043051
7842,0.5350141011373576
7843,0.5363092492904764
7844,0.5318808444859091
7845,0.5159967695268526
7846,0.5407038002912845
7847,0.5336061677333304
7848,0.5376560339300962
7849,0.5667344480630293
7850,0.565022234496519
7851,0.5762910980957132
7852,0.5790610683564398
7853,0.5650793781120029
7854,0.5619649571697702
7855,0.542867084913384
7856,0.5599306493929646
7857,0.5951729592414124
7858,0.6028360466745932
7859,0.5874512217507118
7860,0.5984150815598086
7861,0.5898391649253549
7862,0.5948954555316516
7863,0.5978932393560714
7864,0.5641761812683006
7865,0.575831418312476
7866,0.5769764566493168
7867,0.6098743596160706
7868,0.5987664670715703
7869,0.6310815945574015
7870,0.610082171319844
7871,0.6034400717940641
7872,0.5972634539334283
7873,0.6255597057496313
7874,0.6020566692874252
7875,0.6113752621080533
7876,0.6255145491030087
7877,0.6134999302913272
7878,0.6132669488401061
7879,0.6202090611727037
7880,0.626045601088887
7881,0.6262716647703511
7882,0.6258722939812812
7883,0.6258928056876432
7884,0.6243459726585697
7885,0.6310467843158377
7886,0.6323586198676813
7887,0.6133049815474066
7888,0.617679883578149
7889,0.6144632686738403
7890,0.6022224209563263
7891,0.6096092508835596
7892,0.6216623169726602
7893,0.6046381029270533
7894,0.6140969112621163
7895,0.6199166835952309
7896,0.6213135995916618
7897,0.6311821238085074
7898,0.6324394634030318
7899,0.6320994123616732
7900,0.6447776268298682
7901,0.6411555612996884
7902,0.6741321758956272
7903,0.6816894420422376
7904,0.6700755542663115
7905,0.6559895554766011
7906,0.6685941722657158
7907,0.6639266213955712
7908,0.6767313888058973
7909,0.6648909792084994
7910,0.6608051166718057
7911,0.6410124794902359
7912,0.646299720823469
7913,0.6419627579297534
7914,0.6334596398868673
7915,0.6431604477215338
7916,0.6430108511637977
7917,0.6394540109385745
7918,0.6377144560856002
7919,0.6648654888549106
7920,0.6757063021792991
7921,0.668675756357945
7922,0.6551955854574806
7923,0.6529507090003103
7924,0.6550396573549702
7925,0.653893773604801
7926,0.651016782310741
7927,0.6566971937291712
7928,0.6596662525294473
7929,0.6482202480661184
7930,0.6545167911276067
7931,0.6384972181444772
7932,0.6491382551287491
7933,0.6514052212571773
7934,0.6608230603794084
7935,0.6504192026476819
7936,0.6442453373016607
7937,0.6306016568755293
7938,0.6280912820503043
7939,0.6430979321487106
7940,0.6618257724244203
7941,0.6653926459289338
7942,0.6630884754460347
7943,0.6453960923491493
7944,0.651200361807088
7945,0.6760522967047037
7946,0.678873860275746
7947,0.6781195643151363
7948,0.6759062172343936
7949,0.6820272648512302
7950,0.6834453384907512
7951,0.6783693365779512
7952,0.6455990427294332
7953,0.634262298424276
7954,0.625769979677072
7955,0.6323624508682835
7956,0.6156881090682029
7957,0.6032817399985204
7958,0.6267150607012754
7959,0.6253991634383934
7960,0.6294360035506918
7961,0.6211499869155949
7962,0.6171922563358052
7963,0.6066325449115896
7964,0.5892612984060837
7965,0.5967116083492556
7966,0.5812951047039656
7967,0.5796314159202266
7968,0.5679419887179983
7969,0.5872459725338444
7970,0.5850543634156169
7971,0.5736601647314301
7972,0.5754273793772557
7973,0.5595763233073986
7974,0.5459972110945542
7975,0.5438757913614689
7976,0.5558424554735052
7977,0.5288751594195992
7978,0.5150944944750189
7979,0.5106115429253402
7980,0.5310666106625963
7981,0.5338704416825162
7982,0.5261775924718085
7983,0.521780109952384
7984,0.5212813193695626
7985,0.5202824544670093
7986,0.5088074736652672
7987,0.5253067887907068
7988,0.5134691529679296
7989,0.5095302985176142
7990,0.5197494539097095
7991,0.49513956391887076
7992,0.4954302564440097
7993,0.5014777120248542
7994,0.49018021894030905
7995,0.4877728641990014
7996,0.46469299897143984
7997,0.4670474296835325
7998,0.45809037127164376
7999,0.45911553663900523
8000,0.4755118663264635
8001,0.5204308322489646
8002,0.5299502543049486
8003,0.5397932398738706
8004,0.5545461252902951
8005,0.5456998794107258
8006,0.5213804160637154
8007,0.510875517528391
8008,0.5038188974906885
8009,0.49140225301386886
8010,0.48921027814479606
8011,0.4986497528665501
8012,0.4950387846658415
8013,0.4804827906592021
8014,0.4863543446242912
8015,0.4736829277149546
8016,0.48063943818981947
8017,0.49254929910893847
8018,0.488561327089139
8019,0.47260458766028174
8020,0.4646322370866492
8021,0.48134737696963614
8022,0.46977837982778725
8023,0.47404439480034133
8024,0.480077094230915
8025,0.4656103509109202
8026,0.4648309768046173
8027,0.46933775859012594
8028,0.473331727112752
8029,0.4692849608086014
8030,0.4817378125193597
8031,0.4907670056069471
8032,0.4957599736788316
8033,0.49147443795242135
8034,0.48176647560076974
8035,0.4761259293184357
8036,0.47053624996287635
8037,0.4880439252082771
8038,0.4675842705590915
8039,0.4580238130167998
8040,0.4410653787423574
8041,0.4433880206272075
8042,0.4704274878400324
8043,0.47161745565639374
8044,0.4956467579784173
8045,0.47683214879368646
8046,0.46774326259593524
8047,0.4754633719901207
8048,0.4857589009356704
8049,0.48719140408252926
8050,0.4864601672232078
8051,0.49674226286330947
8052,0.4908705392118754
8053,0.5071436086334531
8054,0.5056433974853719
8055,0.5049265384269539
8056,0.49855008083988706
8057,0.49581023285814846
8058,0.49841670592926096
8059,0.5060590345413177
8060,0.4862210584282584
8061,0.48007290981552037
8062,0.49700852409812557
8063,0.5134533689882288
8064,0.49867315934583906
8065,0.4912036125092624
8066,0.49439194373140544
8067,0.51265079365356
8068,0.5050430666200443
8069,0.5131076087165949
8070,0.5223097973608347
8071,0.5359416338638247
8072,0.5499388790835757
8073,0.5640062626382075
8074,0.5689309671927849
8075,0.5366888785890838
8076,0.5432299306183008
8077,0.5502076146156429
8078,0.545056434696644
8079,0.5505982345499871
8080,0.5550590103385068
8081,0.5415603046497769
8082,0.5494765083347539
8083,0.5479791902535498
8084,0.5532516064071095
8085,0.5492581647914242
8086,0.5621541863158817
8087,0.5701145467710222
8088,0.5614365709524325
8089,0.5589834514233407
8090,0.5562499752754003
8091,0.5661761803822045
8092,0.5451803066470206
8093,0.5507758067822699
8094,0.553024462796077
8095,0.5196205076420788
8096,0.5089234977862381
8097,0.5325688024033428
8098,0.5491836150052817
8099,0.5445402740326805
8100,0.5584662516437712
8101,0.5650374277892607
8102,0.5577792619752564
8103,0.5492006387583
8104,0.5599855530962027
8105,0.5657351016607086
8106,0.5883203045524323
8107,0.6204746058665741
8108,0.6193299696325643
8109,0.6132017690735577
8110,0.624080722455154
8111,0.6322597345924778
8112,0.6141549273252571
8113,0.6127770036009264
8114,0.6147114914496686
8115,0.6155710363827345
8116,0.6069617883894859
8117,0.610137400353669
8118,0.635732739920754
8119,0.6195465946587356
8120,0.6246866221297291
8121,0.5935199131904713
8122,0.5998120639609498
8123,0.6136408274383028
8124,0.6101626712829975
8125,0.613237214753081
8126,0.595827346034427
8127,0.6054982472085623
8128,0.610925358253045
8129,0.6004319108556879
8130,0.6122862947075776
8131,0.6248350009615612
8132,0.6033917757532102
8133,0.6117426078475908
8134,0.6168432120494046
8135,0.6136852731870677
8136,0.6198434306694592
8137,0.6316673516885598
8138,0.6316153456454099
8139,0.6225949013127946
8140,0.6133847947598698
8141,0.6196090583938897
8142,0.6209620611915847
8143,0.6241960052318387
8144,0.6388850805772919
8145,0.6354354620431137
8146,0.6291967252006323
8147,0.6387277151933826
8148,0.6281326143892895
8149,0.6270093199205211
8150,0.6302195625973278
8151,0.6266865841042397
8152,0.62958941286742
8153,0.6296489624069255
8154,0.6348582304368636
8155,0.6402931197564111
8156,0.6405895625882568
8157,0.6398780474029726
8158,0.631090007220549
8159,0.6353561151072037
8160,0.615943921534968
8161,0.6204151058025148
8162,0.6353250572567135
8163,0.6406120974072964
8164,0.6365135295235111
8165,0.6421689897001118
8166,0.6379764161062228
8167,0.6455642865565269
8168,0.6419350835698608
8169,0.641581338853597
8170,0.6576556289243557
8171,0.672192296404355
8172,0.669144454714503
8173,0.661824096820978
8174,0.6561122518273821
8175,0.6641134158772825
8176,0.6633660367677874
8177,0.6617066030036607
8178,0.66459082558695
8179,0.6687505779309555
8180,0.6689973041073433
8181,0.6776074622125807
8182,0.6851841055423888
8183,0.6829109175813166
8184,0.690612818305231
8185,0.6797956794411958
8186,0.6856225154769484
8187,0.681776282999057
8188,0.6886696533556114
8189,0.6853929475690497
8190,0.6693934910136505
8191,0.6683604851660213
8192,0.6650874720587877
8193,0.6639755448690738
8194,0.6492405735012311
8195,0.6393308926685369
8196,0.6420040196645208
8197,0.6517602188702193
8198,0.6680418060738634
8199,0.6648227810460258
8200,0.6769591559125402
8201,0.6756280095822091
8202,0.6784439127422495
8203,0.6674295613373495
8204,0.6676731771223537
8205,0.6754840755352289
8206,0.6662519538523022
8207,0.6658899564478749
8208,0.6671643780635826
8209,0.6669624045937017
8210,0.6677769081041287
8211,0.660693231559056
8212,0.6596360704074792
8213,0.658102808348955
8214,0.6619189457134217
8215,0.6611212155603859
8216,0.6633539710581626
8217,0.6586608080487154
8218,0.66964282600276
8219,0.6726280046120922
8220,0.6686444410251589
8221,0.6727256362031098
8222,0.6404864465718431
8223,0.6482941810496154
8224,0.654877119096618
8225,0.6477513144059128
8226,0.6473033292008361
8227,0.6620461519414188
8228,0.6512700729733278
8229,0.6659093316625537
8230,0.6624700638641764
8231,0.6576994992093755
8232,0.6581306354659283
8233,0.6540368157814027
8234,0.6545083898818699
8235,0.65879157073452
8236,0.6622390400395647
8237,0.6599736865219683
8238,0.6571619579347273
8239,0.6714640137672366
8240,0.6547517303366718
8241,0.6426931086930189
8242,0.641853610108404
8243,0.6459816775629744
8244,0.6528355413163746
8245,0.6533691572327394
8246,0.6670573969255692
8247,0.6764937329092648
8248,0.6750793704531514
8249,0.6792505990009339
8250,0.6793182592327598
8251,0.6921041079935993
8252,0.69056791730362
8253,0.6880963405459145
8254,0.6895089480016493
8255,0.6649040755034806
8256,0.6684704786631681
8257,0.6660807026660254
8258,0.6245979400826298
8259,0.6277297301873626
8260,0.6144009601892244
8261,0.6188440866293615
8262,0.6040444752629026
8263,0.6057214355398212
8264,0.6299947506315303
8265,0.6534915984634473
8266,0.6402863414890398
8267,0.6593486124216608
8268,0.6671468842282074
8269,0.691640366368089
8270,0.6717429888793937
8271,0.6639430648291644
8272,0.6684601480062621
8273,0.6753811038768811
8274,0.6704261330789535
8275,0.6252658418090171
8276,0.6056171869687623
8277,0.574352964155928
8278,0.5837264995252373
8279,0.5786530695482348
8280,0.5725916979810634
8281,0.5925201262335801
8282,0.567274673741532
8283,0.5761553639805851
8284,0.5790167069915263
8285,0.5454098656309663
8286,0.5417035292424801
8287,0.5640206935891261
8288,0.5668783912964319
8289,0.5711331580197186
8290,0.5782305103917902
8291,0.590631123774147
8292,0.5801055476519194
8293,0.5776084126923341
8294,0.5808668477346564
8295,0.5842701495082998
8296,0.5841979391102339
8297,0.5663845877598521
8298,0.5666095722991557
8299,0.5680768503854694
8300,0.5794223706111621
8301,0.5660126898855553
8302,0.5563138085748969
8303,0.562279093444826
8304,0.5489382503879253
8305,0.5224989330679071
8306,0.5274119175848105
8307,0.5096184200617137
8308,0.5308369684759108
8309,0.52891302572142
8310,0.5328912434667004
8311,0.5343280546519522
8312,0.5322404602447167
8313,0.5195392794580996
8314,0.5023945261649215
8315,0.5131991797622985
8316,0.5421383896746662
8317,0.5520229625714118
8318,0.5647254133153058
8319,0.5629803233803776
8320,0.5622080140265898
8321,0.558876758082817
8322,0.5452837137417893
8323,0.5369569504677512
8324,0.5397504811459589
8325,0.5480056816647089
8326,0.5350220556604975
8327,0.5359192756865641
8328,0.5323369940582598
8329,0.541058420211132
8330,0.5639669278211518
8331,0.541578249538491
8332,0.5577567873929008
8333,0.5549549915592421
8334,0.5405973472413235
8335,0.5470144662960724
8336,0.548309358410476
8337,0.554761186524908
8338,0.5597977856411267
8339,0.5491052287066834
8340,0.5564168278714064
8341,0.5698881013280909
8342,0.571420478340436
8343,0.5794443236671957
8344,0.5813026496439019
8345,0.5746288696906636
8346,0.5892599039071662
8347,0.5909081629134045
8348,0.5878435524593726
8349,0.5799255076841158
8350,0.5858294166225354
8351,0.5759269434568416
8352,0.5734880389977426
8353,0.5821560031907521
8354,0.594739777956003
8355,0.5898758494595536
8356,0.5902676562796695
8357,0.5798712539858785
8358,0.590022644289698
8359,0.6025911455778633
8360,0.5900863312626095
8361,0.5954833422067525
8362,0.6229667978747452
8363,0.6233535963886134
8364,0.6159961518580586
8365,0.6219647505330099
8366,0.6222785415298188
8367,0.6400923226735334
8368,0.6215661961544204
8369,0.597968845187084
8370,0.6049191805488242
8371,0.6111015453040671
8372,0.6169693274553613
8373,0.6099643742193536
8374,0.5944580230324333
8375,0.6156903290327886
8376,0.6280376303252021
8377,0.6256112746503104
8378,0.6093777941159846
8379,0.6127853359484954
8380,0.634130481137182
8381,0.6356577745146159
8382,0.6362087124802572
8383,0.6213152085279245
8384,0.631242537790359
8385,0.6492969196040177
8386,0.6612338277128499
8387,0.6534550955579426
8388,0.6209019830390884
8389,0.6186440929647383
8390,0.6245596614416787
8391,0.6167617615540039
8392,0.6304636401969085
8393,0.6475634220154924
8394,0.6352418316820394
8395,0.6268877576992005
8396,0.6237503934046015
8397,0.6095146096042616
8398,0.6139555920646494
8399,0.6271458199208066
8400,0.6214784280251134
8401,0.6371107019655895
8402,0.6378517501864833
8403,0.6456421254755859
8404,0.6380875110554132
8405,0.648751299264589
8406,0.6553660017291976
8407,0.6471271668219196
8408,0.632765160921889
8409,0.6207592520197363
8410,0.6127524493437783
8411,0.6210043179471306
8412,0.6262126379382791
8413,0.6336010974056082
8414,0.6260222337175104
8415,0.6173274109189157
8416,0.6401109070684798
8417,0.6524216620167341
8418,0.6447470872248349
8419,0.6444808350452065
8420,0.6537100393828542
8421,0.6494807319105548
8422,0.6520444557026471
8423,0.6729529527813523
8424,0.6751610344672552
8425,0.681050026886716
8426,0.666021800638063
8427,0.6659692733310604
8428,0.6473897156922169
8429,0.6374453051960068
8430,0.6403234051600136
8431,0.6434415097263867
8432,0.6528219279570479
8433,0.6476436858875907
8434,0.6450441930539073
8435,0.6565507327598632
8436,0.6415596973485167
8437,0.6449500950858759
8438,0.6372442672976281
8439,0.6223496960142493
8440,0.6225399382915148
8441,0.6143028070718848
8442,0.6354114592337777
8443,0.6549210147099168
8444,0.6695014814770145
8445,0.693436411944385
8446,0.6732975861414291
8447,0.675534567787205
8448,0.6649111729334124
8449,0.6746421008160786
8450,0.6874920019069711
8451,0.6833587719454917
8452,0.6826302940312805
8453,0.6536771533030755
8454,0.6480592900036506
8455,0.6573539878897882
8456,0.6648368622567209
8457,0.6646193444415287
8458,0.6660301785240401
8459,0.6861848612731375
8460,0.6796252202557628
8461,0.6644719695544282
8462,0.6650400186753352
8463,0.6750807114083498
8464,0.6852371066063173
8465,0.672505793304413
8466,0.6785073175607591
8467,0.6909585075789434
8468,0.6869497036403447
8469,0.6837513800841084
8470,0.675188434021884
8471,0.6819710309540313
8472,0.6873463154843044
8473,0.6808649076147433
8474,0.6684740532313512
8475,0.6630032943445049
8476,0.6764093400027754
8477,0.6916836310054048
8478,0.6892042716418925
8479,0.6666703128451995
8480,0.672828659305423
8481,0.6519847173165444
8482,0.5918813686946665
8483,0.6579945829756473
8484,0.6715161963209308
8485,0.6762794051448618
8486,0.6699244042845508
8487,0.6721702039771703
8488,0.6799759435577054
8489,0.6884240698389331
8490,0.7057527721851071
8491,0.6963080014908504
8492,0.7005987247899793
8493,0.7011168493798134
8494,0.7011884839204306
8495,0.7112429015621865
8496,0.711315596084712
8497,0.7184432796612634
8498,0.7086192353141799
8499,0.702142793362089
8500,0.6963859717757492
8501,0.7031522214692693
8502,0.7082790685238993
8503,0.6834543344917199
8504,0.6779582149110749
8505,0.6711821408637567
8506,0.6782473311773678
8507,0.6859683904476275
8508,0.687122307724169
8509,0.6950638412628124
8510,0.6966113622236876
8511,0.6931599485313416
8512,0.6965064249334193
8513,0.6954360454386782
8514,0.6970652078413051
8515,0.6938007332512055
8516,0.6858075655882842
8517,0.6859404495502512
8518,0.6952182257838935
8519,0.7015672902468272
8520,0.6948669910606934
8521,0.6902792209880645
8522,0.687681756778912
8523,0.6958679781580513
8524,0.6954711443963739
8525,0.6991948153014241
8526,0.699950776629177
8527,0.6954476076011218
8528,0.7011417382852054
8529,0.6936209022088938
8530,0.6901262776854203
8531,0.6836146122339931
8532,0.6778344625154239
8533,0.682736162562309
8534,0.6841977533345265
8535,0.6706805207316072
8536,0.6706386659476579
8537,0.6822313882064176
8538,0.6819202364687589
8539,0.6807337999131609
8540,0.6749168841637031
8541,0.6608317872182013
8542,0.666446082642408
8543,0.6617731756943113
8544,0.6467483620703384
8545,0.6480745486512257
8546,0.6589704049187688
8547,0.6566409467085118
8548,0.6496560197420606
8549,0.664783584287775
8550,0.6582970370085954
8551,0.6689341009964221
8552,0.6589514085783958
8553,0.6630932652466642
8554,0.658581091687391
8555,0.6691746772567296
8556,0.6559079985499353
8557,0.6549148968150802
8558,0.6625285598522694
8559,0.6442999643623505
8560,0.6386889633204443
8561,0.6437921825030062
8562,0.6332500513977708
8563,0.6268546500954078
8564,0.6298740390729222
8565,0.6195674883890341
8566,0.6208788066140628
8567,0.625480742674942
8568,0.6352532283576455
8569,0.6307793665104439
8570,0.6218309806062214
8571,0.6019769659183267
8572,0.6004343619244138
8573,0.5833472828282295
8574,0.5861491597648743
8575,0.5853302533334346
8576,0.5917422608003015
8577,0.5802251060520495
8578,0.5926835295904512
8579,0.5602784624362969
8580,0.5504331307863333
8581,0.5875742057677479
8582,0.5755848757333012
8583,0.5796429083970948
8584,0.5839778757373999
8585,0.5881917837473924
8586,0.5859677570569278
8587,0.5928684468923662
8588,0.5722500869539499
8589,0.5769861785088883
8590,0.579837872889168
8591,0.5855252372482295
8592,0.5968451110823874
8593,0.595851573386173
8594,0.5847558640062692
8595,0.5867691042981589
8596,0.5871050024204281
8597,0.5797693520207996
8598,0.5900770878844095
8599,0.5853972466309956
8600,0.5883733922312003
8601,0.5837440841749594
8602,0.587679704217189
8603,0.5758274548961569
8604,0.5875119829793294
8605,0.5888170704477609
8606,0.5854632804723562
8607,0.5795901721646002
8608,0.5778480961636207
8609,0.5891068633596794
8610,0.5921834842735672
8611,0.6035180932604592
8612,0.6080183467805199
8613,0.6029405998411713
8614,0.6010807457687192
8615,0.5947590741674493
8616,0.5902945261714307
8617,0.5939259560781167
8618,0.6081191791835644
8619,0.607762280112324
8620,0.6040965374744637
8621,0.5938895513360968
8622,0.5972209494069473
8623,0.616146457082664
8624,0.614851793972647
8625,0.5994844183956094
8626,0.6096539005709012
8627,0.6055846405241425
8628,0.6011042476555662
8629,0.606359451603214
8630,0.6105602137115445
8631,0.6138526227685246
8632,0.6261072381772613
8633,0.6307067575528812
8634,0.6377042501015693
8635,0.6383161259376072
8636,0.6310960505741298
8637,0.6358460592965066
8638,0.6336358121083792
8639,0.6328028629179837
8640,0.6283971613064546
8641,0.6276359481010264
8642,0.6343420553370934
8643,0.6296010032453037
8644,0.6309612492745771
8645,0.6259063439807755
8646,0.6230010432825671
8647,0.6269234502310166
8648,0.6303983631855175
8649,0.6420572751923492
8650,0.6570379739099977
8651,0.6528910504048476
8652,0.644431677055464
8653,0.6528400077549363
8654,0.652261473382758
8655,0.6562917268302092
8656,0.6605548294443991
8657,0.6585562863784427
8658,0.6677447760983929
8659,0.6822609913213065
8660,0.6715256540052416
8661,0.6804609947959789
8662,0.6829046129396363
8663,0.6805625699868901
8664,0.6795316816096197
8665,0.6562682640512745
8666,0.6470226318969517
8667,0.6334562947167744
8668,0.6431976393462479
8669,0.661830740441644
8670,0.6634459036552042
8671,0.668886377794621
8672,0.6659478841901263
8673,0.6689862187202213
8674,0.6606114784366551
8675,0.665259825353281
8676,0.6546235305314769
8677,0.6589550356404211
8678,0.6701965868247646
8679,0.6748451160262575
8680,0.6748857559714643
8681,0.689882707832528
8682,0.6725213367310819
8683,0.6789287692283684
8684,0.6736000662900639
8685,0.6763815622300137
8686,0.6846934969122787
8687,0.7000563548692582
8688,0.6905754491200957
8689,0.6952774699404721
8690,0.6980994129107588
8691,0.692583669688327
8692,0.696466585388071
8693,0.6844457611480711
8694,0.6959458131400721
8695,0.6875650256971216
8696,0.6866869119860274
8697,0.695770345123453
8698,0.6901319321908652
8699,0.6807236829061925
8700,0.6835480038475299
8701,0.6802600975810972
8702,0.6775044065640854
8703,0.6684372269637787
8704,0.6757585202975713
8705,0.6831713164350728
8706,0.692126860662084
8707,0.6796611875928427
8708,0.6729941996866092
8709,0.6734886153013889
8710,0.6719674805015193
8711,0.6820605039520976
8712,0.6786485102480663
8713,0.6861648182055515
8714,0.6737226734013131
8715,0.6814811670803069
8716,0.6829482307292754
8717,0.6826079100008026
8718,0.6806155245937682
8719,0.6818727242922032
8720,0.6706277625829336
8721,0.6734191684416444
8722,0.6859743255326588
8723,0.6967919731932594
8724,0.6953224125434532
8725,0.6868306780527126
8726,0.6706832224584296
8727,0.6662300933166654
8728,0.6743892919157283
8729,0.676567698438944
8730,0.6748736436735547
8731,0.6777645875683965
8732,0.690620840676662
8733,0.6997611940682731
8734,0.686308936112214
8735,0.6886123241743953
8736,0.6883184447480978
8737,0.6888929624227073
8738,0.6783702714932803
8739,0.6769996350953553
8740,0.675779200771636
8741,0.6844513258890458
8742,0.6844704547763701
8743,0.6859338004177317
8744,0.6888817112862785
8745,0.6856321368108121
8746,0.6879574645430973
8747,0.6877746741604328
8748,0.6899616930858655
8749,0.6933103243601647
8750,0.6986620832501271
8751,0.6996790822816955
8752,0.6987625450466458
8753,0.6989700665907065
8754,0.692377004712536
8755,0.6981481178786434
8756,0.7040425775317671
8757,0.6935845038973696
8758,0.6958617063250225
8759,0.6987669000670275
8760,0.69913442546674
8761,0.6955856542012325
8762,0.7014478641311793
8763,0.70330412316285
8764,0.6958887376353484
8765,0.6841389939585802
8766,0.6893859079474367
8767,0.6882992308207491
8768,0.6903697768028603
8769,0.6939473775552575
8770,0.6933069474312974
8771,0.7004151428001747
8772,0.6933216841588468
8773,0.7043638625494854
8774,0.7063079992913583
8775,0.7069477462079624
8776,0.7073099066057696
8777,0.7027255559820202
8778,0.7081600082903315
8779,0.7018761356675298
8780,0.6891273877170574
8781,0.6774078335113952
8782,0.7008502024464919
8783,0.6997814646966649
8784,0.7093191364993514
8785,0.6920034599751755
8786,0.6656065778897667
8787,0.6617200271226864
8788,0.6746260438683984
8789,0.6772557390341791
8790,0.6780184573692972
8791,0.6877722947458015
8792,0.6867770559866313
8793,0.6910833682508373
8794,0.6746429685392897
8795,0.6878813252434135
8796,0.6862950345616937
8797,0.6913686061408355
8798,0.7003345206576036
8799,0.6972966227450409
8800,0.7057936308984013
8801,0.6997909091262804
8802,0.6989399702961704
8803,0.6962274444406434
8804,0.6979010302821521
8805,0.6890077951959299
8806,0.6918732113353204
8807,0.6886348784161564
8808,0.6868115723939134
8809,0.6892575349125626
8810,0.6881035858772465
8811,0.677748799520423
8812,0.6738058023873175
8813,0.6696291342963738
8814,0.6723373351842438
8815,0.6658291343264003
8816,0.6718007398486316
8817,0.6481229495485294
8818,0.6498023896345525
8819,0.6538774463138337
8820,0.6372603141402436
8821,0.6298042248875171
8822,0.6379585720056857
8823,0.62828891664166
8824,0.6395598630652772
8825,0.6346506166348753
8826,0.627026613623123
8827,0.6373531672168077
8828,0.6347516828979867
8829,0.6285540222245405
8830,0.6347199127060581
8831,0.6177917406066931
8832,0.6094142186744299
8833,0.6117797511779702
8834,0.6056207456575582
8835,0.5954462858849165
8836,0.5964290459391587
8837,0.5870183983420715
8838,0.5860071720583274
8839,0.588141815515196
8840,0.5854591719105635
8841,0.5879338342563123
8842,0.5813665049908121
8843,0.5817816329877233
8844,0.5844469520496216
8845,0.5950354150073713
8846,0.5873292964032378
8847,0.5796670223621416
8848,0.5722986564877215
8849,0.5753854600258804
8850,0.5650788296825868
8851,0.5568949025468198
8852,0.5629777749355745
8853,0.5553848124513445
8854,0.5538093246086412
8855,0.5688711064960298
8856,0.5603721422908753
8857,0.5710511726120661
8858,0.5535095318822568
8859,0.5547290917898001
8860,0.5653808490665218
8861,0.5579239196498511
8862,0.5539396286294999
8863,0.5558117184916254
8864,0.5427843744345363
8865,0.5439613393949555
8866,0.5460286720977524
8867,0.5516294212235158
8868,0.54254512495609
8869,0.5362535425626875
8870,0.5240031609135571
8871,0.5280355673959453
8872,0.5460030652078339
8873,0.5430680993207683
8874,0.5414125443266402
8875,0.5334995418473939
8876,0.5306997847433308
8877,0.5308284168353161
8878,0.5217341483126917
8879,0.5132741624914045
8880,0.5210160129977357
8881,0.5235550740016612
8882,0.5124458635992529
8883,0.5170356498291254
8884,0.5089177238573023
8885,0.5035947125638359
8886,0.4922212635143507
8887,0.49406784478127724
8888,0.48260907945861864
8889,0.48710788060530086
8890,0.48986746233466033
8891,0.49199964225551546
8892,0.4745893366568599
8893,0.4707836101336431
8894,0.4721578230682703
8895,0.4892170078553633
8896,0.4905010826949438
8897,0.4908881867229736
8898,0.4905396648815373
8899,0.4977124594350685
8900,0.5268075904945125
8901,0.5300560173233543
8902,0.528145884911333
8903,0.5306748978064578
8904,0.5337142592473404
8905,0.5377228360188371
8906,0.5523231949337244
8907,0.5431269172273485
8908,0.5543414735845863
8909,0.5484795580138595
8910,0.5485001421617236
8911,0.5399175215386854
8912,0.5437936386296943
8913,0.5246397160733222
8914,0.5411657426903542
8915,0.5323399316136681
8916,0.5229586577333794
8917,0.5069948578827491
8918,0.5107345478086786
8919,0.5314109549128374
8920,0.5339945308261648
8921,0.5272405265024444
8922,0.5241479013971878
8923,0.5066039758728978
8924,0.4989511546604319
8925,0.5022860876666146
8926,0.4934965741132757
8927,0.49242816077539336
8928,0.5115908719820577
