timestep,cpu_demand_norm,batch_share,service_demand_norm,batch_demand_norm
0,0.5150853735717308,0.23899044570704953,0.39198489056464075,0.12310048300709005
1,0.5688970885104636,0.20366736996499787,0.4530313147127929,0.11586577379767073
2,0.5693619684639725,0.18544641518335644,0.4637758324705895,0.10558613599338293
3,0.5769337459561288,0.2024643345892215,0.4601252389790542,0.11680850697707458
4,0.5581758824671821,0.20022036323104034,0.4464177045327964,0.11175817793438568
5,0.5606200313399317,0.20228787304648116,0.4472133976129253,0.11340663372700638
6,0.5284822886650061,0.19802315343912938,0.42383055932683333,0.10465172933817277
7,0.5393875173010675,0.19106392115357457,0.436330023224234,0.1030574940768335
8,0.5256833680084271,0.20273554570395697,0.41910866352774456,0.1065747044806825
9,0.5152240163072753,0.21509727084783578,0.40440073652431957,0.11082327978295575
10,0.5388225871405,0.22086827996761918,0.41981376911107515,0.11900881802942484
11,0.5291884593445502,0.23122750789417743,0.4068255306839506,0.12236292866059956
12,0.5234522202304291,0.2238579172204676,0.40627329644521576,0.11717892378521338
13,0.5649231457010848,0.20177112269431435,0.4509379683569732,0.11398517734411161
14,0.5442273076112729,0.2128402900463585,0.42839380960814083,0.11583349800313208
15,0.5301417829095235,0.20230613894822766,0.4228908457139683,0.1072509371955552
16,0.5333599554736815,0.21069357040878128,0.420984442141863,0.11237551333181857
17,0.5492550871528356,0.22209175639945303,0.42727006013572766,0.1219850270171079
18,0.5091015746828984,0.2353865769829679,0.38926589768165215,0.11983567700124624
19,0.5319298631785464,0.23019835537613548,0.40948048349939226,0.12244937967915415
20,0.5455229261902372,0.26133042846808785,0.4029611861497775,0.14256174004045977
21,0.5342860717754155,0.26133245548935463,0.39465978070458463,0.1396262910708309
22,0.5014772565327129,0.2553183860315809,0.37344089276323555,0.12803636376947733
23,0.49608642661871477,0.2621649196309623,0.36602996845420815,0.13005645816450662
24,0.5189567310948732,0.25856471926978664,0.3847728296061611,0.13418390148871204
25,0.543917858362227,0.23714768357184351,0.4149289981982668,0.1289888601639602
26,0.5301830981293172,0.24359025834976905,0.40103566028331583,0.12914743784600133
27,0.5169081938749335,0.24561864435153835,0.38994590404117013,0.12696228983376331
28,0.48973476452433384,0.2723950406844489,0.3563334434171389,0.13340132110719494
29,0.4878940279511124,0.2764170688415132,0.35303179083958663,0.13486223711152578
30,0.4774975974032715,0.2765662201428375,0.34543789176216233,0.1320597056411092
31,0.4868305051012957,0.27618003809455294,0.3523776376568294,0.1344528674444663
32,0.4923711550031701,0.25637216622403064,0.36614089540877937,0.1262302595943907
33,0.5002870941185918,0.2576977857420636,0.3713642177288994,0.1289228763896925
34,0.48551381538976845,0.22941593108207636,0.3741292113789134,0.11138460401085507
35,0.535944378644166,0.21007466410977937,0.4233560433189684,0.11258833532519759
36,0.5426523815054705,0.2111154681326363,0.42809006995065313,0.11456231155481734
37,0.5195006912506966,0.2080301369828328,0.4114288912871379,0.10807179996355874
38,0.5178324264207205,0.19036866895628574,0.41925335666060415,0.09857906976011632
39,0.5439637451101396,0.20756903068126661,0.4310537178118763,0.11291002729826326
40,0.524781762311529,0.1918720380894494,0.4240908160246429,0.10069094628688606
41,0.5318133258828631,0.17956879024828648,0.4363162503161596,0.09549707556670348
42,0.497766827537931,0.22365691260764836,0.3864378356922936,0.11132899184563741
43,0.48618642953099567,0.2296096518933598,0.37455333269110824,0.11163309683988742
44,0.504542253117236,0.21757585202486285,0.39476604251270936,0.10977621060452664
45,0.5084666251473222,0.21798523576790094,0.3976284079844743,0.11083821716284795
46,0.5357832392242522,0.2093371122148427,0.423623923151933,0.11215931607231919
47,0.5069150250240688,0.22172654479669332,0.3945185080199527,0.11239651700411611
48,0.4822057834991728,0.2132703063064658,0.3793656083495549,0.10284017514961791
49,0.5138600763744925,0.2060881498455419,0.4079596039549845,0.10590047241950802
50,0.49343092373301944,0.21819424682383348,0.3857671349695049,0.1076637887635146
51,0.4811431040904116,0.2236818105558478,0.3735201434310076,0.10762296065940401
52,0.46200443428665455,0.24435744620684408,0.34911021058812997,0.11289422369852462
53,0.45243754384942286,0.24516454147240532,0.3415159008666778,0.11092164298274504
54,0.46119223997502506,0.25974910684748465,0.3413979675565215,0.11979427241850356
55,0.4487541571593834,0.2657808584142809,0.3294838920525853,0.11927026510679803
56,0.4393281114909254,0.2747331818245784,0.3186301015560403,0.12069800993488505
57,0.43075625195907613,0.24699303193136557,0.3243624592643127,0.10639379269476344
58,0.4709766198049298,0.23939919194561662,0.3582251975983517,0.11275142220657809
59,0.47696368845152665,0.2402130759230038,0.36239077374500417,0.1145729147065225
60,0.49936629253432063,0.22985027375016923,0.38458681349369994,0.11477947904062069
61,0.5153453870871734,0.2085512187319968,0.4078694785422307,0.10747590854494266
62,0.5265570913387984,0.20307443469830094,0.41962680767879024,0.10693028366000809
63,0.5303796163908225,0.21371823532086873,0.4170278207256166,0.1133517956652059
64,0.49442379503379985,0.21236948216012036,0.3894232697148303,0.10500052531896956
65,0.4850386256553563,0.19118740450937227,0.3923053497295157,0.0927332759258406
66,0.499738695853282,0.19719659669759754,0.401191925792919,0.09854677006036301
67,0.47824564851700396,0.2194684624255096,0.3732858113752864,0.10495983714171755
68,0.46268979966963525,0.23446160827334606,0.35420680510742025,0.10848299456221498
69,0.43325831177755486,0.20714802821573855,0.3435097067847547,0.08974860499280018
70,0.4690004837203916,0.22784834590691827,0.3621394992751558,0.10686098444523577
71,0.4728117226324572,0.2267552387148009,0.3655991875997781,0.10721253503267907
72,0.4474482231673973,0.20992790199947273,0.3535163564244737,0.09393186674292359
73,0.4504939664169372,0.17782856934085642,0.3703832688723254,0.08011069754461175
74,0.4698636688561594,0.16798777024409622,0.39093231880630275,0.07893135004985662
75,0.4962121738051105,0.1858097265978378,0.40401112545586415,0.09220104834924635
76,0.5008942719274829,0.23188737576695842,0.38474321367351766,0.11615105825396528
77,0.49247808265287596,0.21812737616175082,0.38505513066663427,0.10742295198624169
78,0.4812381762555437,0.1818372944017414,0.3937311283224073,0.08750704793313642
79,0.4888122119769573,0.1681713700231605,0.40660799260474084,0.08220421937221645
80,0.5058201346527124,0.21166775945156072,0.398754320065286,0.10706581458742637
81,0.5272139928702925,0.20535250250777112,0.41894928007726373,0.10826471279302877
82,0.5359469978296488,0.1923603368522267,0.43285205279219796,0.10309494503745086
83,0.511913964613778,0.18110715674198674,0.4192026819860587,0.09271128262771935
84,0.5058118379161685,0.17670059209893293,0.41643458666573197,0.08937725125043647
85,0.5426653065919526,0.16055769534432218,0.4555362156222287,0.0871290909697239
86,0.53750904240402,0.15025968887850602,0.45674310092300824,0.08076594148101174
87,0.5312722985589514,0.16042889715417613,0.44604086961257466,0.08523142894637677
88,0.50202736132997,0.16810997621945206,0.4176315535552744,0.08439580777469552
89,0.494832196852561,0.18619580321731663,0.4026965185018091,0.09213567835075194
90,0.5419111366193742,0.18582878482786114,0.4412084486167108,0.10070268800266334
91,0.558386505681445,0.18705166568300313,0.45393937969881903,0.10444712598262598
92,0.5156657717829243,0.16064207522108767,0.43282815208323155,0.08283761969969275
93,0.5262403073190717,0.1869751084175664,0.4278464688043948,0.09839383851467688
94,0.49696110891115275,0.20600294154086735,0.39458565864404394,0.10237545026710881
95,0.47774956625076875,0.20665199740417559,0.37902166412606886,0.09872790212469988
96,0.46114907904737484,0.2143907540717254,0.3622829802509264,0.09886609879644839
97,0.4852809505635315,0.22454816204219177,0.37631200504040274,0.10896894552312872
98,0.4887481014453484,0.22045081271875347,0.3810031852669736,0.10774491617837482
99,0.469443807052711,0.21516757810817558,0.3684347200312975,0.1010090870214135
100,0.4732636358218061,0.20385187246732522,0.37678795748883664,0.09647567833296947
101,0.4636437276235176,0.16750493713365547,0.3859811141755266,0.077662613447991
102,0.4928454393432217,0.18639244745802483,0.4009827716855131,0.09186266765770862
103,0.48150849892609865,0.2007143165820102,0.38486284963571715,0.09664564929038148
104,0.47689067291456094,0.18796488229908523,0.38725197371064396,0.089638699203917
105,0.4834658993299355,0.18565840713664705,0.3937063905554531,0.08975950877448238
106,0.48196052400687117,0.15934692620973898,0.4051615959519411,0.07679892805493004
107,0.5062889918832449,0.15892223648386977,0.4258284129859959,0.08046057889724907
108,0.5010689462045901,0.1614343598778604,0.42017920161937805,0.08088974458521206
109,0.5131226595768549,0.13838742120073505,0.44211293795835127,0.07100972161850361
110,0.5441406242991141,0.15311084994939428,0.46082679082068273,0.0833138334784314
111,0.552506819884898,0.15338288926592494,0.4677617275118244,0.08474509237307365
112,0.550638328856822,0.16632958421752847,0.45905088456383203,0.0915874442929899
113,0.48469271657341495,0.1825984234951895,0.39618859064750866,0.08850412592590629
114,0.5027483772729769,0.17903750659297643,0.4127375613623581,0.09001081591061881
115,0.4822409177816573,0.15372868488370703,0.4081066556939712,0.07413426208768606
116,0.48516917616284255,0.14888985729614243,0.41293240675946996,0.07223676940337262
117,0.4953457088989229,0.1455499659532027,0.4232481578336196,0.07209755106530327
118,0.5360715436225602,0.15924554347368752,0.45070453931760696,0.08536700430495318
119,0.4895021067097463,0.17090613501003973,0.40584319357271154,0.08365891313703477
120,0.485807362664737,0.1668420162696042,0.40475428275913344,0.08105307990560356
121,0.5029284295975919,0.16897600705563823,0.41794559172942813,0.08498283786816374
122,0.5519538946477855,0.13132071364989092,0.47947091530080166,0.0724829793469839
123,0.5633907320783401,0.1363630394219037,0.4865650594700062,0.07682567260833388
124,0.5322358034925231,0.15037335130706683,0.45220172203574294,0.08003408145678016
125,0.5103868966225695,0.15407712779583846,0.4317479495263325,0.07863894709623703
126,0.5168021788787633,0.15890330603466432,0.4346806040890099,0.08212157478975346
127,0.5174618664316101,0.15547577249326985,0.43700908301234626,0.0804527834192638
128,0.498633315473226,0.1863844033960996,0.40569584245532964,0.09293747301789634
129,0.4529806262708463,0.20021561329835003,0.3622868323697581,0.09069379390108817
130,0.4359565315296354,0.17312556933438422,0.36048130880352386,0.07547522272611155
131,0.4508232703860787,0.17116316576523222,0.3736589322261622,0.0771643381599165
132,0.4508439656685913,0.24623031763787587,0.33983251279689447,0.11101145287169684
133,0.4869259526158455,0.24166413867148395,0.36925341168014536,0.1176725409357001
134,0.5230726340828321,0.22680465930493976,0.40443732351793793,0.11863531056489415
135,0.5257394859378984,0.2360676716574271,0.4016293895941661,0.12411009634373231
136,0.5068654431056973,0.2228589016268857,0.39390596718253684,0.11295947592316041
137,0.5283110022949967,0.18492096447756895,0.4306152222064948,0.09769578008850194
138,0.5424987016389548,0.1686314574209806,0.45101635493258807,0.09148234670636665
139,0.5514478999779064,0.17051828626352455,0.45741594911005434,0.09403195086785211
140,0.5251277750244533,0.2067716247080585,0.4165462518033193,0.10858152322113403
141,0.49544388924259375,0.2195368727072204,0.38667568719637224,0.1087682020462215
142,0.45055372932843246,0.22859414577087597,0.347559784448717,0.10299394487971548
143,0.46041082769491337,0.29509012564687975,0.32454813870123744,0.1358626889936759
144,0.4797804385183391,0.3091490457647181,0.3314567737738166,0.14832366474452252
145,0.4471746089615524,0.2512412317569538,0.33482590939561785,0.11234869956593457
146,0.5288837095352952,0.24378045301431486,0.3999521992328896,0.12893151030240557
147,0.5312521522202687,0.22776546740793666,0.4102512574583469,0.1210008947619218
148,0.5357351244102065,0.22890320353771673,0.41310363818503304,0.1226314862251735
149,0.5065238230698356,0.23768718440701112,0.3861296017292913,0.12039422134054428
150,0.4652215293639381,0.2761125585420494,0.336768022602416,0.12845350676152212
151,0.42368423500725816,0.29441172173305513,0.29894662990761894,0.12473760509963921
152,0.4203765421702044,0.28307653430269175,0.3013778075105136,0.11899873465969082
153,0.5345696778603561,0.22982989052643735,0.4117095873189576,0.12286009054139853
154,0.5047586691532548,0.20951699529195975,0.3990031494446965,0.10575551970855836
155,0.47167471164834196,0.2306487148549718,0.3628835455770625,0.10879116607127946
156,0.45547503767221525,0.2641037244444865,0.3351823838314904,0.12029265384072484
157,0.45622781863917955,0.27829957698778646,0.3292598097018353,0.12696800893734422
158,0.4148544488476587,0.2606527492521252,0.3067214962160413,0.1081329526316174
159,0.44870681594812223,0.21395667397822815,0.352702998016501,0.09600381793162122
160,0.4153256993531376,0.19809017228902495,0.3330537600122148,0.0822719393409228
161,0.4341450178923348,0.23557637648136787,0.33187070770981997,0.10227431018251484
162,0.43442745875450833,0.2647693469573228,0.31940438419974787,0.11502307455476045
163,0.4507696586242429,0.2601216003062675,0.33351473365339496,0.11725492497084795
164,0.45618164703122205,0.2574392933634711,0.33874256617411985,0.1174390808571022
165,0.47004693874757286,0.2565934877915141,0.34943595530860894,0.12061098343896391
166,0.5056845431487292,0.2795672150974553,0.36431172370281006,0.1413728194459192
167,0.4993010211604815,0.25618843345487397,0.37138587472695883,0.12791514643352261
168,0.4999225343383615,0.23416326049400993,0.3828590437032621,0.11706349063509937
169,0.5139156897912921,0.20539474805685512,0.40836010616414475,0.10555558362714736
170,0.49937330439686617,0.21942988745335154,0.38979587641585356,0.10957742798101261
171,0.5056126974653836,0.19214896472356252,0.4084597410963223,0.09715295636906128
172,0.4670836445834002,0.17529333808094727,0.3852069933613612,0.08187665122203898
173,0.4771611346358671,0.19750827340737714,0.382917862796832,0.09424327183903514
174,0.4760849445254437,0.20514743766202578,0.37841733804658123,0.09766760647886247
175,0.45616683430888905,0.2021502907161662,0.3639525761382739,0.09221425817061514
176,0.4413415502236234,0.2154123424921775,0.3462711330508237,0.09507041717279972
177,0.4569816655784646,0.24954926974029834,0.34294222464865354,0.11403944092981107
178,0.486182664772582,0.22853384017491213,0.37507347336563185,0.11110919140695014
179,0.47877564802746525,0.23122675474508103,0.3680699086831013,0.11070573934436395
180,0.4688835016124941,0.23603013962607203,0.3582128632585355,0.11067063835395854
181,0.48992534052520204,0.23493610575598659,0.3748241889110354,0.1151011516141666
182,0.4778531346546028,0.24517776579391987,0.3606941707223661,0.11715896393223665
183,0.4825105082767893,0.25314231453975433,0.3603666814218496,0.12214382685493973
184,0.4886788131193388,0.2696797910367398,0.35689201291323347,0.1317868002061053
185,0.4989817332259667,0.2838228970048292,0.35735929214928197,0.1416224410766847
186,0.5088747289644284,0.2785996492768362,0.36710240794909355,0.14177232101533485
187,0.5221291980150223,0.2776998148755451,0.3771340163851338,0.14499518162988856
188,0.5054001980046652,0.2957590631813055,0.3559235089111591,0.1494766890935061
189,0.5028338927340467,0.2627769159780902,0.370700753152136,0.1321331395819106
190,0.526954848578493,0.24529246007096914,0.3976967974243494,0.12925805115414357
191,0.5216007415799095,0.24557295390774694,0.3935097067096598,0.12809103487024975
192,0.4780161022602264,0.25121739052806075,0.3579301444200177,0.12008595784020872
193,0.508665747950802,0.22838549216411488,0.39249387075803044,0.11617187719277153
194,0.4910844411792463,0.24274537409198166,0.3718759647944384,0.11920847638480792
195,0.5047943114528405,0.2302917530084241,0.38854434455968545,0.11624996689315506
196,0.48723582177062547,0.23451947351746352,0.3729695333701297,0.11426628840049577
197,0.45341136682433847,0.2594127204082122,0.335790690692431,0.11762067613190746
198,0.4749234424611706,0.22929230288493943,0.36602715264520574,0.10889628981596483
199,0.5113930116625888,0.2599501235733647,0.3784563350863437,0.13293667657624508
200,0.5091157533538311,0.2768599011111891,0.36816201622614086,0.14095373712769022
201,0.5103374127030622,0.2920036563593596,0.3613170222167925,0.14902039048626967
202,0.5002838540233188,0.27715272909735716,0.36162881855741213,0.13865503546590663
203,0.5170936248728473,0.2848673259114792,0.3697905467094457,0.14730307816340155
204,0.5258804419723047,0.2657409669013214,0.38613246484809016,0.13974797712421447
205,0.5435739166419047,0.2513555024725096,0.4069436216934287,0.136630294948476
206,0.5141474047892197,0.22223224737002478,0.3998872715434456,0.11426013324577414
207,0.5178259034260727,0.22727022066354644,0.4001394960891289,0.11768640733694383
208,0.5059043787568684,0.22816434492701043,0.3904750375821014,0.11542934117476707
209,0.51345642193111,0.2520482042815463,0.38404065280654576,0.12941576912456423
210,0.5054392988005688,0.2570714838699233,0.375505268251733,0.12993403054883576
211,0.5019060736551113,0.24181248930738306,0.3805389165860741,0.12136715706903721
212,0.5072899746864453,0.24477108710251905,0.38312005610623473,0.12416991858021059
213,0.4838507562644699,0.25772075849230586,0.35915237236291486,0.124698383901555
214,0.4650283932522537,0.2687183104492067,0.34006674910659884,0.12496164414565489
215,0.4424626226874691,0.28070072125546147,0.3182630453705134,0.12419957731695569
216,0.4481192365353495,0.28507269982315,0.3203726759335287,0.12774656060182082
217,0.4413813834452663,0.269931761196111,0.32223852925270957,0.11914285419255673
218,0.4558683668150788,0.3200997657046561,0.30994500940540787,0.14592335740967094
219,0.46763994446084206,0.3165916470380554,0.31958904422319934,0.14805090023764275
220,0.45438668719186254,0.321714448897522,0.3082039245355618,0.14618276265630076
221,0.4447505787675251,0.31787833212252026,0.30337400657837865,0.14137657218914645
222,0.4514702502522228,0.3345846094282837,0.30041525290309334,0.15105499734912947
223,0.5002252976367939,0.3675411352472744,0.31637192386396096,0.18385337377283295
224,0.5130206893179738,0.3858874082223935,0.31505246515259516,0.19796822416537868
225,0.5048069039940065,0.3344677160834063,0.3359652917519958,0.16884161224201072
226,0.49150626658956814,0.3025115532187646,0.3428199424668017,0.14868632412276644
227,0.4910083780403067,0.2974120323190694,0.3449765784416492,0.14603179959865753
228,0.4660316166374062,0.281851817082078,0.3346797586704549,0.1313518579669513
229,0.5261307850148885,0.27400592752432795,0.3819678312677812,0.1441629537471073
230,0.5253816234976771,0.27402820878166134,0.38141223828380744,0.14396938521386968
231,0.5120375279148827,0.27002319125225993,0.3737755205863879,0.13826200732849475
232,0.49509842221938627,0.2683990474684485,0.3622144772925713,0.13288394492681502
233,0.48743526723192404,0.289293126613616,0.34642359475265727,0.14101167247926674
234,0.512968066055538,0.29657244997576654,0.36083586994611627,0.15213219610942175
235,0.504477361973984,0.2987038438668161,0.3537880348085638,0.15068932716542016
236,0.4984064596169424,0.2932243950125402,0.3522615270254224,0.14614493259152
237,0.4964725841971798,0.30486727908777805,0.3451143383113078,0.15135824588587202
238,0.4823793015649027,0.3211720304563423,0.32745256183119065,0.15492673973371207
239,0.4910595602313205,0.29480593402745026,0.3462922879142171,0.1447672723171034
240,0.5084129692046446,0.2974379241432212,0.35719167103692373,0.15122129816772092
241,0.5592976488080439,0.27269132017704284,0.4067820345826623,0.15251561422538157
242,0.5635465714242998,0.260868506744975,0.4165350188555923,0.1470115525687075
243,0.5528990267342544,0.26189475273508267,0.408097672840219,0.14480135389403542
244,0.5457194946401775,0.26437146387085875,0.4014468329792885,0.144272661660889
245,0.5470747792581965,0.268391956427648,0.4002443089408655,0.146830470317331
246,0.49627504351840446,0.28328855063787234,0.35568600572232867,0.14058903779607582
247,0.5129302309844296,0.31129056609103045,0.3532598890160835,0.1596703419683461
248,0.501238203760308,0.315406170478684,0.343144581414655,0.15809362234565308
249,0.5266280012143428,0.3120376423540182,0.36230024131781025,0.1643277598965326
250,0.5343562503516445,0.3148032141360768,0.36613918524724465,0.1682170651043998
251,0.5004275410094734,0.31741195819172835,0.341585855284585,0.15884168572488838
252,0.4938095392788379,0.30016002944977715,0.34558765342632103,0.1482218858525169
253,0.5406901536250122,0.29986513129380765,0.37855602971897884,0.1621341239060333
254,0.5221575708765034,0.3052642265326526,0.3627615438747188,0.15939602700178454
255,0.522424513775243,0.28793360821645925,0.372000938503208,0.15042357527203504
256,0.5329831938961603,0.29599902025802,0.37522069068890657,0.15776250320725377
257,0.5466549036873469,0.3042340812814654,0.380343851286019,0.16631105240132793
258,0.49809932717118743,0.3242163961155657,0.336607358408157,0.16149196876303046
259,0.48693992239775574,0.3145401601395697,0.333777761228416,0.15316216116933973
260,0.4645325178725097,0.32674179634057937,0.31275032852423357,0.15178218934827611
261,0.4568278141200677,0.34324511586798273,0.30002389813070773,0.15680391598935992
262,0.5028468468572294,0.3161945920497412,0.34384939325170905,0.15899745360552034
263,0.5072174477670609,0.32651139500882437,0.34160517132382234,0.16561227644323856
264,0.49910798417408503,0.3219635958790045,0.33841338285747535,0.1606946013166097
265,0.5254008797112988,0.32120324607885037,0.356640411655346,0.16876046805595277
266,0.5412020522571217,0.3140586904960793,0.3712328444314594,0.16996920782566233
267,0.5449369376632424,0.31591974928309,0.37278059694157595,0.17215634072166638
268,0.5331786961234635,0.3171926662324811,0.36405832392170423,0.1691203722017592
269,0.499959653504612,0.3353346064323827,0.3323058798645725,0.1676537736400395
270,0.47272409737974574,0.3574044275123572,0.30377041198444193,0.1689536853953038
271,0.505945470944764,0.34050228500334817,0.3336698820009768,0.17227558894378725
272,0.49879595929460696,0.29401586699809956,0.3521420328674543,0.14665392642715264
273,0.495483793804406,0.26706020353324555,0.36315979098357665,0.13232400282082935
274,0.48403372051957866,0.2328411382900683,0.3713307580630232,0.11270296245655549
275,0.5160972283664326,0.2562231147980411,0.3838611889757493,0.1322360393906833
276,0.5269917903955854,0.2574239046786897,0.3913315059783402,0.1356602844172452
277,0.5306182831753635,0.24542037913806306,0.4003937429408777,0.13022454023448582
278,0.5149430488073373,0.22389290859229577,0.39965095185047805,0.11529209695685927
279,0.5259539737868122,0.20442060139027518,0.41843814616170705,0.10751582762510517
280,0.5450950807960411,0.2032818154483057,0.434287163179881,0.1108079176161601
281,0.5412273944129847,0.20600219329184424,0.4297333640942798,0.1114940303187049
282,0.511015773107198,0.2158074316030583,0.40073477160428245,0.11028100150291559
283,0.5003641880604003,0.24457287007562462,0.3779886825034086,0.12237550555699168
284,0.5095484158365188,0.24115773120456988,0.38666687593450116,0.1228815399020176
285,0.5036700243008347,0.24187150070356123,0.3818465996637927,0.12182342463704204
286,0.5073447256381441,0.27232059548279275,0.3691843078373106,0.13816041780083352
287,0.4798957374988714,0.28543145575495776,0.34291839853396944,0.13697733896490194
288,0.475632170748367,0.27730898648871005,0.3437350955367123,0.13189707521165472
289,0.5045945845107682,0.25108330352418984,0.37789930929138854,0.12669527521937968
290,0.5236973923623128,0.2640006843092274,0.3854409224077043,0.13825646995460855
291,0.5110860916102855,0.2803813951933125,0.3677870601806965,0.143299031429589
292,0.5243892409396362,0.2921519791439442,0.3711878863573309,0.15320135458230533
293,0.5238572464075955,0.29026415155610463,0.37180026724257753,0.15205697916501792
294,0.5329855232152706,0.28290830134699124,0.382199494199901,0.15078602901536958
295,0.5443570907738844,0.26739917081716685,0.39879645607250247,0.14556063470138192
296,0.5339029699342067,0.2605437092070106,0.39479790979090945,0.13910506014329727
297,0.5190833948147086,0.25294367999958356,0.3877845307035994,0.13129886411110914
298,0.5204588058712577,0.288548215542824,0.37028134617355724,0.15017745969770047
299,0.47891398750471076,0.3003969497085484,0.3350496864855378,0.14386430101917297
300,0.4764604028307122,0.28396894329047584,0.3411604457191204,0.1352999571115918
301,0.5288461978729547,0.2894808010640336,0.37575537687302335,0.15309082099993138
302,0.5272112365114313,0.2771892693489851,0.38107393907025267,0.14613729744117862
303,0.5107876933289555,0.26424540543382324,0.37581439221463825,0.1349733011143172
304,0.4898668507228352,0.2532909455944818,0.3657880128878574,0.12407883783497779
305,0.5036805756370484,0.2566176855551598,0.37442723205797845,0.12925334357906995
306,0.4826583338688769,0.28184876304599504,0.34662167949409306,0.13603665437478385
307,0.4915960108956274,0.267861606209355,0.3599163138110131,0.13167969708461433
308,0.4756018625657639,0.2831869129187011,0.3409176393273809,0.13468422323838303
309,0.46959669066280957,0.3003125794034512,0.32857089721053667,0.1410257934522729
310,0.47219665898136626,0.2963734199650152,0.3322501202630047,0.13994653871836152
311,0.525032773824016,0.265780795356682,0.38548914560874414,0.1395436282152719
312,0.5219993624111284,0.2821774225183895,0.3747029277697135,0.14729643464141493
313,0.5437261177643826,0.26900498153140767,0.3974610834970309,0.14626503426735174
314,0.5475835846055921,0.2677933227388365,0.4009443570068178,0.1466392275987743
315,0.5275350253848449,0.27601682423341695,0.381926483006225,0.14560854237861987
316,0.5340056636074373,0.2838725086018198,0.3824161362716145,0.15158952733582273
317,0.510170291097048,0.29420108368930337,0.36007763859020914,0.1500926525068389
318,0.49644906622196433,0.3010716497669751,0.34698232682924324,0.14946673939272107
319,0.5360536964398634,0.2734139813632918,0.38948912107173095,0.1465645753681325
320,0.5125398675900823,0.288325948068543,0.36476132434424635,0.14777854324583597
321,0.5179262112086903,0.2765929730648734,0.3746714606222531,0.14325475058643722
322,0.5629330076689811,0.2511124570748053,0.42157351694471307,0.14135949072426807
323,0.5385829199665308,0.23686582738450646,0.4110110310134951,0.12757188895303576
324,0.5240004248760161,0.2586236019651707,0.38848154756330094,0.1355188773127151
325,0.5637679076791604,0.2238936260654586,0.4375438665695365,0.12622404110962393
326,0.5526719357057281,0.2080365320597484,0.43769598283476024,0.11497595287096792
327,0.5235328956990583,0.21115625766476281,0.4129856486788485,0.11054724702020974
328,0.5221504865473647,0.21927302602983503,0.4076569693191734,0.11449351722819133
329,0.5204467591449666,0.21399076390808083,0.4090759595820503,0.11137079956291636
330,0.5005171521472164,0.2279466105122851,0.3864259638119967,0.11409118833521967
331,0.48640351253501946,0.23850841489147073,0.3703921817626483,0.11601133077237111
332,0.4933492814173575,0.22537536550291648,0.3821605067973194,0.11118877462003815
333,0.5099268641709929,0.23746103277110578,0.3888391043672175,0.12108775980377534
334,0.4896370338740466,0.2362812207319154,0.37394499779473267,0.11569203607931394
335,0.5094037227036592,0.2599586166455279,0.37697983563553383,0.13242388706812533
336,0.49304346964084395,0.2702322407379131,0.35980722805860343,0.13323624158224048
337,0.5170737958101811,0.26566897213260676,0.3797033319605849,0.1373704638495962
338,0.5058804247305122,0.2928942999921092,0.357710931849358,0.14816949288115425
339,0.5331976724833679,0.2870925944753377,0.3801205693219064,0.15307710316146148
340,0.5234325700188193,0.3007479497933249,0.36601129773060836,0.15742127228821087
341,0.5269180335466488,0.28672119955236003,0.37583946290238296,0.15107857064426583
342,0.5057536447387164,0.2703185506759786,0.3690390524938528,0.1367145922448636
343,0.5260590651155258,0.2637140984152465,0.38732987304541744,0.13872919207010834
344,0.5172969949195707,0.2642818653162782,0.3805847801797213,0.13671221473984943
345,0.5363760382342616,0.26169897819586835,0.3960069770996073,0.14036906113465428
346,0.5392183279565641,0.2606065532118924,0.39869449807912416,0.14052382987743997
347,0.5413647284944744,0.26739130267169753,0.39660850852182705,0.14475621997264734
348,0.507029055025693,0.2613892958626987,0.37449708735059756,0.1325319676750954
349,0.505566531614703,0.25059026422564895,0.37887648087372966,0.12669005074097334
350,0.49712475637607495,0.24413700382705172,0.375758207826167,0.12136654854990797
351,0.4945512500037247,0.2381705061162113,0.3767637284899326,0.11778752151379206
352,0.4672276765055317,0.22338818250571355,0.36285453503459353,0.10437314147093821
353,0.4743738284091842,0.23019714414080272,0.3651743278542508,0.1091995005549334
354,0.4992691512539593,0.28198963968271284,0.35848042318716145,0.14078872806679785
355,0.4894136166139285,0.2922306127595074,0.34639197553799356,0.14302164107593496
356,0.5064841156321757,0.27272067140561546,0.36835542756068934,0.13812868807148632
357,0.4693853360240729,0.24591872036451268,0.3539546948311661,0.1154306411929068
358,0.49026285024088206,0.19377475922029921,0.39526228448079753,0.09500056576008453
359,0.45954841478518993,0.19840181711093643,0.3683731742413579,0.09117524054383201
360,0.42680104783419537,0.1992567510748752,0.3417580576874012,0.08504299014679417
361,0.5205728371244638,0.2135672617888027,0.4093955217381637,0.1111773153863001
362,0.4478064710948497,0.22274029024249933,0.34806192775071354,0.09974454334413621
363,0.4802119340260451,0.26452990740766696,0.3531815155820787,0.1270304184439664
364,0.4481586653708742,0.2416864819778822,0.33984477416948466,0.10831389120138953
365,0.4789962317061177,0.24901616545446767,0.3597184268195206,0.11927780488659714
366,0.4718218287199049,0.20575448386682874,0.3747423718745376,0.09707945684536731
367,0.501489697131834,0.22943217891010095,0.3864318232179107,0.11505787391392328
368,0.44837315409589534,0.20256301902947765,0.35754933435046155,0.09082381974543377
369,0.5048260011315663,0.22841593977486965,0.3895156956603102,0.11531030547125612
370,0.4303902264512599,0.21861982021998175,0.33629839252004823,0.09409183393121168
371,0.45186747356707047,0.2494096415144442,0.33916736897266986,0.11270010459440064
372,0.42560215813935004,0.21184542326252945,0.33544028880687343,0.09016186933247661
373,0.49438386018370517,0.19732357354480323,0.3968302701893821,0.09755358999432306
374,0.5132413240611686,0.17286951823771612,0.4245175436310269,0.08872378043014176
375,0.4800601581911034,0.17010277424663642,0.3984005934775176,0.08165956471358583
376,0.48132505456416563,0.17384840806770363,0.39764746006508483,0.08367759449908078
377,0.5058704294721453,0.16392543618978983,0.4229453986654076,0.08292503080673774
378,0.4975339259151855,0.16218562397510872,0.41684107569184564,0.08069285022333988
379,0.5270727955308921,0.15947147608880444,0.4430197188213282,0.08405307670956398
380,0.5023872062759516,0.1598867327186181,0.42206215730485525,0.08032504897109634
381,0.4976336197968716,0.17710705052563616,0.40949919715225186,0.08813442264461975
382,0.49507594180558195,0.19516971448878834,0.39845211159311855,0.09662383021246342
383,0.5077149131564753,0.16898269128381493,0.42191988072636577,0.08579503243010958
384,0.5179143900174611,0.15221367509983774,0.43908073732581265,0.07883365269164846
385,0.5341444770587558,0.17216028821164558,0.4421860099416617,0.09195846711709411
386,0.5174309568638947,0.17059050551348864,0.4291621483641548,0.08826880849973993
387,0.5218282179705088,0.17141738825832564,0.4323777877265079,0.08945043024400089
388,0.5300535920669427,0.17025098527400512,0.43981144576952014,0.09024214629742258
389,0.5131352578752979,0.17154281608947022,0.4251105907045728,0.0880246671707251
390,0.5245852055013005,0.16176051386919435,0.4397280330912332,0.0848571724100673
391,0.5302084507984685,0.16102355872789664,0.4448323991832942,0.08537605161517428
392,0.553595835581041,0.17088540858461482,0.45899438502703355,0.09460145055400743
393,0.5266285256271671,0.18584740903281108,0.42875597861658876,0.09787254701057836
394,0.524741276264757,0.1871249677524468,0.4265490818653366,0.09819219439942042
395,0.5368803148576399,0.11978469432677562,0.47257027045235445,0.06431004440528544
396,0.52078010835203,0.19128846966000942,0.4211608783959963,0.09961922995603371
397,0.5167602541385748,0.16697916430387585,0.43047205875705713,0.08628819538151773
398,0.5380363097111511,0.18695510745800295,0.4374476736127955,0.10058863609835561
399,0.5071946625930592,0.18196148505911025,0.41490476857357184,0.09228989401948741
400,0.5063501360405466,0.19395655535269957,0.4081402078517513,0.09820992818879523
401,0.49290255140421163,0.19470144772793532,0.3969337110570186,0.09596884034719307
402,0.5025333081894197,0.19436396514666693,0.4048589417914521,0.09767436639796759
403,0.4989924785573779,0.17471225231427456,0.41181237874073606,0.08718009981664185
404,0.5359411518156613,0.18515434759311974,0.43670931750292735,0.0992318343127339
405,0.5262644950157722,0.16336341327478238,0.44029213082466595,0.08597236419110625
406,0.5701061693362461,0.14169338856072602,0.48932589436361834,0.0807802749726278
407,0.5829699684800809,0.15045125886551713,0.49526140284146186,0.08770856563861901
408,0.5749188374907828,0.14005729873868894,0.4943972581178364,0.08052157937294632
409,0.5728980321972232,0.1563684193713016,0.48331487244161436,0.08958315975560886
410,0.5500563512744043,0.16711365680336074,0.4581344229650247,0.09192192830937965
411,0.5103536639936535,0.1877689013246477,0.4145251172185567,0.09582854677509672
412,0.49683358272621664,0.1950661622586656,0.3999181624625903,0.09691542026362633
413,0.49634972203226657,0.21075655053493397,0.39174076675777275,0.10460895527449382
414,0.4767000126822295,0.21924846141446364,0.37218426834539536,0.10451574433683412
415,0.4829187719209066,0.21637678745891453,0.37842635944905656,0.10449241247185002
416,0.5059554979933116,0.2170170268313893,0.3961545401098082,0.10980095788350344
417,0.5015022305983335,0.1803542223172719,0.4110541858083939,0.09044804478993962
418,0.5131697651152407,0.14822324463330547,0.43710607748214847,0.07606368763309222
419,0.5418214744170888,0.18161350827973657,0.4434193755869018,0.09840209883018704
420,0.5529372956036561,0.17487529015281433,0.4562422255986543,0.09669507000500184
421,0.5221474544650067,0.1476546316254083,0.4450499644218314,0.0770974900431752
422,0.524519386810688,0.1739564079983849,0.4332758783555853,0.0912435084551027
423,0.5300030599475779,0.16688687344116374,0.44155250635867693,0.08845055358890094
424,0.5297441087748684,0.18179168409148158,0.4334410351031441,0.09630307367172435
425,0.49112611084703955,0.17702964259994702,0.40418223097228617,0.08694387987475338
426,0.4641637569072503,0.18360412729946665,0.37894137539625283,0.08522238151099748
427,0.5180284815969157,0.2081486637357547,0.4102015453754557,0.10782693622146
428,0.5165831930947474,0.19918177338365678,0.41368923659394363,0.1028939565008038
429,0.4837887953248077,0.1904448638001539,0.39165370409113415,0.09213509123367353
430,0.5054625277855191,0.21989571490078477,0.3943134838825646,0.11114904390295452
431,0.5383279146561388,0.20667219917787302,0.42707050065531627,0.11125741400082255
432,0.5351585988437882,0.20498975108394518,0.42545657087636723,0.10970202796742103
433,0.5432709758691562,0.18083280691879766,0.4450297603852223,0.0982412154839339
434,0.5333295996058074,0.19439944979203785,0.4296506188846306,0.1036789807211768
435,0.5228032474703947,0.2079034045972254,0.4141106723868139,0.10869257508358084
436,0.5004742271427579,0.20422928618246292,0.39826273298067266,0.10221149416208525
437,0.5566534896350754,0.2009017783099662,0.4448208136649404,0.11183267597013499
438,0.5435837995082152,0.1956038997751818,0.43725668846979776,0.10632711103841745
439,0.5566204528787297,0.18777697655443867,0.4520999471487995,0.10452050572993027
440,0.5415010843395358,0.17790039989876022,0.4451678248899201,0.09633325944961571
441,0.5116018627620119,0.15126130695746873,0.43421629635875447,0.07738556640325747
442,0.5329205007810752,0.14816314225914054,0.45396132481103635,0.07895917597003886
443,0.5025865165664029,0.16891961926180318,0.4176897935418902,0.0848967230245127
444,0.5099792132118302,0.1935295658941346,0.41128315746391236,0.0986960557479178
445,0.5177894216904938,0.19491183282366656,0.41686613649209325,0.10092328519840052
446,0.49871678660038854,0.18795170253184196,0.40498211747763624,0.09373466912275233
447,0.44990917665510477,0.1708590857937433,0.3730381060415978,0.07687107061350695
448,0.4651007643496891,0.1415537822943388,0.39926399200800267,0.06583677234168646
449,0.507281791218065,0.1921326740364133,0.4098163841813567,0.09746540703670835
450,0.48083198648266695,0.1942155401350369,0.387446942513733,0.09338504396893392
451,0.5226586997713542,0.19040061693558763,0.4231441608881362,0.0995145388832179
452,0.5228469064024908,0.19739485357686887,0.4196396178700522,0.10320728853243853
453,0.5060284739802887,0.20447253350031686,0.4025595498822399,0.1034689240980488
454,0.4975585300131907,0.17964838686271353,0.408172942726538,0.08938558728665275
455,0.5245999384978652,0.19347665922147433,0.42310209496950735,0.10149784352835786
456,0.5274146974230021,0.20202177187247033,0.42086544573802437,0.1065492516849777
457,0.5170933825665877,0.2130682781404877,0.40691718590528436,0.11017619666130331
458,0.51445380518471,0.2048763420081229,0.40905439144630706,0.10539941373840286
459,0.5217143763319635,0.1892285285118897,0.4229911325951678,0.09872324373679571
460,0.5170620987758784,0.21091199401564534,0.40800750049314327,0.10905459828273509
461,0.502684558860588,0.21603231687466629,0.39408844895281564,0.1085961099077724
462,0.5108315160931247,0.21425051055327884,0.40138560296346726,0.10944591312965744
463,0.49998503408404005,0.21739420965027179,0.39129118276237596,0.10869385132166409
464,0.5145971844068705,0.22686770007142362,0.39785170471725356,0.11674547968961697
465,0.5006170332655575,0.2230400582317502,0.3889593810142015,0.11165765225135597
466,0.5021389732753258,0.23445921368908773,0.384407864438547,0.11773110883677872
467,0.4891669107935608,0.24706016058998398,0.3683132552575973,0.1208536555359635
468,0.5034495820509391,0.25518925561178624,0.3749746579692951,0.12847492408164407
469,0.5047982854757511,0.23524875146952962,0.3860451190736215,0.11875316640212964
470,0.5040963771835919,0.21817271806789468,0.394116300405269,0.10998007677832289
471,0.48622780007071015,0.21753818334556457,0.3804546877512175,0.10577311231949266
472,0.4917431235866536,0.21880409567637382,0.38414771412520055,0.10759540946145307
473,0.5057773617154572,0.2185009967714937,0.39526450403617347,0.11051285767928372
474,0.4951570137753632,0.21638927916144868,0.3880103444927768,0.10714666928258636
475,0.5141427992180725,0.20841161222892093,0.4069894695171436,0.10715332970092888
476,0.5209442130198274,0.19827216263279224,0.41765547729334823,0.10328873572647919
477,0.5196724737477789,0.20182141919302965,0.41479143758044973,0.10488103616732919
478,0.49617174458015767,0.19602850154267717,0.39890794098229343,0.09726380359786427
479,0.5054888381651551,0.19428889811867783,0.4072779687867565,0.09821086937839865
480,0.5017306445489487,0.1958140675089089,0.40348472624595244,0.09824591830299621
481,0.4999824010059979,0.19065272620475898,0.4046593931998034,0.09532300780619453
482,0.48715463690815514,0.21286822906757186,0.3834548920674602,0.10369974484069497
483,0.4396222884367576,0.2450202191291994,0.33190593898990317,0.10771634944685446
484,0.45551429353911865,0.24978703160967355,0.3417327303002047,0.11378156323891395
485,0.4703617710504544,0.24912377016151657,0.3531834733065171,0.11717829774393729
486,0.4674884985428943,0.2561846558704798,0.34772511842027565,0.11976338012261867
487,0.4776923351643383,0.23933303440927356,0.3633647790754055,0.11432755608893282
488,0.4604627229121467,0.2548133398893086,0.34313067859237734,0.11733204431976935
489,0.4741942100080207,0.2592999281426163,0.3512356854272962,0.12295852458072447
490,0.5060427161064247,0.24265135458639012,0.3832507655646247,0.1227919505418
491,0.4879182062609486,0.23532590251924657,0.373098414017019,0.11481979224392963
492,0.48596181313024056,0.24725145358376496,0.3658070484475866,0.12015476468265393
493,0.5127781073348724,0.23914205249690676,0.3901512982713319,0.12262680906354054
494,0.5172315134051272,0.23418331782067622,0.3961045215145049,0.12112699189062226
495,0.5344118756584723,0.2139575922497733,0.4200703974729003,0.11434147818557196
496,0.5452591252627481,0.19706998404464163,0.4378049181470231,0.10745420711572502
497,0.5294053833976701,0.19384057097100993,0.4267851416047393,0.10262024179293079
498,0.489618896574661,0.20080967772969271,0.3912986837431356,0.09832021283152542
499,0.4787625502226783,0.1843439328585141,0.39050557880925785,0.0882569714134204
500,0.5080151448801592,0.20168984538366183,0.4055536488567213,0.10246149602343788
501,0.46051559874381387,0.20355842109808836,0.3667737705724823,0.09374182817133156
502,0.4368656689962084,0.2026277398665975,0.3483445658621976,0.08852110313401079
503,0.45758988883373297,0.21447899340665313,0.35944647008361164,0.09814341875012135
504,0.4602968835518089,0.2419571184836076,0.34892477596062854,0.11137210759118037
505,0.49667137633271646,0.25456866151319313,0.3702344088477814,0.12643696748493505
506,0.5061707002451851,0.2562501044956457,0.37646440541472226,0.12970629483046284
507,0.507902795127262,0.23871062564787365,0.3866610011341295,0.12124179399313251
508,0.4645692784605403,0.23368626822766703,0.3560058174438767,0.10856346101666356
509,0.44253953477442465,0.221899798962852,0.3443401009748658,0.09819943379955888
510,0.45528346140707704,0.2161461857988186,0.3568756777666537,0.09840778364042334
511,0.4779818627336561,0.21076249768057753,0.3772412114978958,0.10074065123576033
512,0.4448127762561701,0.19638955571595537,0.3574561927504402,0.0873565835057299
513,0.4752506123579813,0.23501808335897645,0.36355812432642864,0.11169248803155264
514,0.48994231172571334,0.23016296492475108,0.3771757366168365,0.11276657510887682
515,0.4877896261188782,0.2349255671251116,0.3731953715651546,0.11459425455372362
516,0.483287231004607,0.20351160719912936,0.3849326698840425,0.09835456112056448
517,0.4700012760328238,0.19903211779391777,0.3764559266981672,0.09354534933465665
518,0.4675913241328592,0.20576855955458825,0.3713757309058182,0.09621559322704101
519,0.47738810438610535,0.19805308403747174,0.3828399180296347,0.09454818635647065
520,0.4896592988906026,0.19831023945358817,0.39255484607693114,0.0971044528136715
521,0.4789390907335854,0.21764983661424686,0.3746980758872446,0.10424101484634082
522,0.4644465442072992,0.2181282377643851,0.36313763798360243,0.10130890622369676
523,0.48320298151864877,0.21015221864251307,0.3816568028978275,0.10154617862082128
524,0.48426132932754495,0.20891723607414062,0.3830907908668451,0.10117053846069986
525,0.45721966602079167,0.1927071344070543,0.3691101743873745,0.08810949163341718
526,0.4581563580645867,0.1877451868292645,0.37213970702273547,0.08601665104185123
527,0.46372304700313693,0.21848478232158342,0.36240661802115515,0.10131642898198177
528,0.49454395165407783,0.21940220893125315,0.38603991624758227,0.10850403540649554
529,0.4959762021770749,0.19388683979620686,0.39981294372283727,0.09616325845423762
530,0.5400848133886953,0.17995065688284204,0.44289619644695244,0.09718861694174288
531,0.5240732371560781,0.19167619258265284,0.4236208744235354,0.10045236273254272
532,0.4934360807511603,0.181583144961559,0.40383640537085885,0.08959967538030147
533,0.4658902111599326,0.18740327085324637,0.3785808617300516,0.087309349429881
534,0.452196295677173,0.20405020662856788,0.3599255481075729,0.09227074756960013
535,0.5043985439780815,0.22007825311746804,0.3933913935443909,0.11100715043369055
536,0.4917616142076151,0.20757032644124024,0.3896864954152692,0.10207511879234592
537,0.4620107982052403,0.2145218111630739,0.36289940499735474,0.0991113932078856
538,0.4620469301236728,0.20203718832878226,0.36869626748554063,0.09335066263813219
539,0.47365340897012004,0.22934350062669848,0.3650240780731434,0.1086293308969766
540,0.5183217866907828,0.23565024640546386,0.39617912993977955,0.12214265675100323
541,0.5574582082479,0.23371975225700228,0.42716921392256846,0.1302889943253316
542,0.5116900069205872,0.20470291528458823,0.40694557078195187,0.10474443613863532
543,0.4970282929524812,0.21653522076077178,0.3894041618136661,0.10762413113881507
544,0.5223657332303963,0.22711276347150602,0.40372980801362146,0.1186359252167748
545,0.5405084987749076,0.2413246785292051,0.4100704590657498,0.13043803970915782
546,0.5098134806114301,0.2226290612418123,0.3963141840144865,0.11349929659694355
547,0.4853855987070874,0.24258958704275627,0.36763610676023406,0.11774949194685334
548,0.4942970386969024,0.2623327084419735,0.364626757760697,0.1296702809362054
549,0.4811772432401119,0.2784879028709684,0.3471752018609393,0.13400204137917263
550,0.5016585192622022,0.25967989850914563,0.3713878858939452,0.13027063336825695
551,0.4888905043084536,0.24128554302101315,0.37092829349857137,0.1179622108098822
552,0.4414485177987925,0.26553592782636953,0.3242280760375145,0.11722044176127798
553,0.48173174271696273,0.2431121922799638,0.36461688265419445,0.11711486006276829
554,0.48414655012898383,0.26319479545828456,0.3567216978959518,0.12742485223303202
555,0.49845490872851866,0.2753101868851928,0.3612251946526285,0.1372297140758902
556,0.4548025848598975,0.28637345029322275,0.3245591994312924,0.13024338542860509
557,0.4187042755321991,0.26090159248709693,0.3094636632646921,0.10924061226750695
558,0.42245131742834513,0.2900716120322006,0.29991018277677817,0.12254113465156696
559,0.4275987421938135,0.2830155954491174,0.30658162955853774,0.12101711263527579
560,0.4346949830130496,0.27831512605793396,0.31371279401902125,0.12098218899402835
561,0.46830694563263514,0.24723845171125614,0.35252346146879504,0.11578348416384011
562,0.46232696018875313,0.24532935755700352,0.348904584064364,0.11342237612438916
563,0.47923030130511035,0.25938847673782484,0.354923483442969,0.1243068178621414
564,0.49582119951362846,0.2687430470535408,0.36257269956259436,0.1332484999510341
565,0.5245531402228407,0.2411791875518432,0.3980418400361279,0.1265113001867128
566,0.5218005448684789,0.23437928627907506,0.39950130558217234,0.12229923928630658
567,0.49413239797656894,0.20377089723930605,0.3934425958858736,0.10068980209069531
568,0.4828977788870554,0.16875011547833693,0.40140872293563234,0.08148905595142301
569,0.4766319441479586,0.16542442676469615,0.3977853780095399,0.07884656613841873
570,0.46158224153703936,0.19108517918587598,0.3733807162039159,0.08820152533312345
571,0.45232191620347856,0.20351698718440164,0.3602667225802712,0.09205519362320734
572,0.44489151878168287,0.20687838480997212,0.35285307996047294,0.09203843882120992
573,0.4832233089612352,0.20961734996753797,0.38193131949423625,0.10129198946699897
574,0.48631250550796173,0.20029346198183004,0.38890729017471426,0.09740521533324745
575,0.4629912606970804,0.18142966200334165,0.3789909127583081,0.08400034793877234
576,0.46651230719951253,0.18653476705567137,0.37949154264744767,0.08702076455206488
577,0.4675011763167891,0.18496007786857815,0.3810321223415839,0.0864690539752052
578,0.4823739661963383,0.18941250596997422,0.39100630444441425,0.09136766175192408
579,0.47108777154361375,0.16586975758283148,0.39294855707743825,0.07813921446617551
580,0.4667953464430018,0.1532723266899811,0.3952485376056271,0.07154680883737467
581,0.4788100497590523,0.17142304080430365,0.39673097506169563,0.08207907469735667
582,0.469418875791192,0.18704824600402953,0.3816148984332661,0.08780397735792586
583,0.49695513423454385,0.19510921705274759,0.39999460708369894,0.09696052715084492
584,0.4492033781960236,0.1931942019189526,0.3624198900461454,0.0867834881498782
585,0.4472316837254012,0.19255692959129073,0.3611141238912947,0.08611755983410647
586,0.44925173381443045,0.17338859311169966,0.37135660773535456,0.07789512607907588
587,0.4587216163899334,0.19546829010799327,0.3690560863986183,0.08966552999131511
588,0.4595912699513773,0.19007121938132396,0.37223619685470777,0.08735507309666951
589,0.5052439841853954,0.18273100559354039,0.4129202428851113,0.09232374130028412
590,0.48504366377321484,0.1643541780012097,0.405324711119073,0.07971895265414186
591,0.4612533318162024,0.1531988027825854,0.3905898736024816,0.07066345821372082
592,0.4780582285051038,0.17380892113116236,0.394967443570757,0.08309078493434678
593,0.4778627135116651,0.17784515492900999,0.3928771451923859,0.0849855683192792
594,0.46524973175996176,0.18333678182349017,0.37995234319484833,0.08529738856511343
595,0.49848926164841084,0.16129119562511854,0.4180873326308561,0.08040192901755473
596,0.5214616884506535,0.16760596882337825,0.43406159695360713,0.08740009149704642
597,0.49872150644096497,0.15265070199932917,0.4225913183805887,0.07613018806037627
598,0.5100079168664124,0.15320886943877668,0.4318701805184838,0.07813773634792866
599,0.4697423824328827,0.1611167320121811,0.3940590248876804,0.07568335754520225
600,0.4890678328153373,0.17015084690175605,0.4058525268694012,0.08321530594593608
601,0.4869197994636549,0.17194250235023595,0.403197590699999,0.0837222087636559
602,0.47650853992291603,0.16109052345948727,0.3997475297938175,0.07676101012909853
603,0.4578268402000951,0.17897911293774704,0.3758853984619904,0.08194144173810469
604,0.44782934876075525,0.17790464082737054,0.36815842931751785,0.07967091944323741
605,0.43254353834968756,0.1973343324131931,0.3471878479698116,0.08535569037987598
606,0.4474650186458071,0.1976940482998109,0.35900384763716714,0.08846117100863998
607,0.4565685842200648,0.1950721184561,0.3675047832757544,0.08906380094431035
608,0.4810529367496636,0.16772151205399385,0.40037001081999574,0.08068292592966785
609,0.5080281072637826,0.17961095451389059,0.41678069399824935,0.09124741326553318
610,0.4955984129256396,0.15855550150698847,0.41701855801814725,0.07857985490749235
611,0.4879824554678342,0.1713416174697458,0.4043707522511173,0.08361170321671692
612,0.5044353462437899,0.16596764983015466,0.4207153973364478,0.08371994890734215
613,0.4917357273633007,0.16495546620489104,0.4106212312064862,0.08111449615681446
614,0.4775102153515506,0.18222033034962376,0.39049814616487105,0.08701206918667953
615,0.46852755822282993,0.20283166615887532,0.3734953329471439,0.09503222527568606
616,0.46349608926808517,0.21118858172726301,0.3656110075394254,0.0978850817286598
617,0.4612596230178787,0.20274369507610593,0.36774214265782235,0.09351748036005637
618,0.44610032213175393,0.23042174746005697,0.34330910636366085,0.10279121576809307
619,0.45388778423545545,0.21206370965640764,0.35763465694275764,0.09625312729269782
620,0.4240054404904317,0.20661971260306142,0.33639755823416423,0.08760788225626746
621,0.45896589126273907,0.19335474614090498,0.37022265787029796,0.08874323339244111
622,0.49034420969903014,0.19120037863088418,0.3965902111451139,0.09375399855391624
623,0.5097017030817864,0.1866999149655445,0.41454043845862365,0.09516126462316274
624,0.5023768878591331,0.17867850499061042,0.4126129365946277,0.08976395126450545
625,0.4657510677916203,0.21174981358781428,0.36712836600841925,0.09862270178320105
626,0.5009407195092537,0.21176317742548614,0.3948599210441649,0.10608079846508878
627,0.477309729199886,0.23593784246131755,0.36469430150666915,0.11261542769321685
628,0.47375103386173506,0.2477989603569836,0.356356020202751,0.11739501365898408
629,0.4932228188267366,0.24700532037323003,0.3713941584470509,0.12182866037968566
630,0.4755411801170324,0.2047148141945846,0.3781908557875006,0.09735032432953176
631,0.45667681188791037,0.23907651280882652,0.34749611222109633,0.10918069966681407
632,0.4411948295280544,0.25265132836751325,0.3297263697789129,0.11146845974914149
633,0.48382844556517385,0.2530320498487701,0.36140434220867385,0.1224241033565
634,0.49836990641603585,0.2606927059325469,0.3684485069570893,0.12992139945894654
635,0.4817380460589836,0.2565648398342765,0.35814100142978317,0.12359704462920046
636,0.48601238292222115,0.24477148963261217,0.36705040797445354,0.11896197494776758
637,0.5096820148220862,0.2487074295727505,0.3829203110162246,0.12676170380586158
638,0.48816516915624264,0.26627143352330934,0.3581807297688611,0.12998443938738152
639,0.4884357032189838,0.23565269446630654,0.373334513681885,0.11510118953709876
640,0.5077020923267671,0.2553181816954266,0.37807651727093333,0.12962557505583377
641,0.4469935184497353,0.22272946194302767,0.34743489259340493,0.09955862585633035
642,0.4638368855127274,0.2161482292526738,0.3635793640470762,0.10025752146565121
643,0.48054168593635566,0.21800575179546652,0.3757808344247395,0.10476085151161618
644,0.48717380738841526,0.1845358320318226,0.39727278349788314,0.0899010238905321
645,0.4375431223789271,0.17543693203502173,0.3607818993557441,0.07676122302318303
646,0.4478289503822303,0.20710734460594485,0.35508028563089916,0.09274866475133114
647,0.45368922401804845,0.18998049157313093,0.3674971222176673,0.08619210180038117
648,0.49625341355451447,0.17144424670737884,0.4111736208916954,0.08507979266281908
649,0.49322335024841957,0.1699256639181838,0.40941204499750594,0.08381130525091361
650,0.4660003188289794,0.16414228612315507,0.3895099611622716,0.07649035766670782
651,0.44608280373962744,0.16511718429246316,0.3724268672248527,0.07365593651477474
652,0.45482174733003333,0.1552483048498109,0.38421144204821667,0.07061030528181668
653,0.4730559963788391,0.1403239337789392,0.4066749180692448,0.06638107830959432
654,0.5024339119339141,0.1318676852305103,0.43617911498587875,0.06625479694803531
655,0.4732006218011168,0.12650624102196795,0.4133377898877996,0.05986283191331719
656,0.501172712108051,0.1424968662454537,0.4297571711849188,0.07141554092313222
657,0.4758289746208664,0.13918471686018793,0.4096008535143875,0.06622812110647884
658,0.46484482623529255,0.14121388987757302,0.3992022801331424,0.06564254610215017
659,0.48618511061396896,0.16396021121367152,0.40647009718876037,0.0797150134252086
660,0.4674527867805122,0.15350495638251502,0.3956964671348846,0.07175631964562762
661,0.4917212963734531,0.15269815590944646,0.4166363611958244,0.07508493517762867
662,0.45853450151370523,0.13759080735722573,0.3954443692492915,0.06309013226441375
663,0.46614011064188426,0.1637639236693464,0.38980317714350604,0.07633693349837821
664,0.4428295020244708,0.16229758508058365,0.37095934324346175,0.07187015878100904
665,0.49354487012897136,0.18190028022559984,0.4037689199486042,0.08977595018036717
666,0.5276741036708974,0.1558088018367684,0.44545783381764414,0.08221626985325324
667,0.5005425860440341,0.10928597178317015,0.4458403031093508,0.05470228293468333
668,0.5236913503505968,0.1269101164340199,0.45722962010211343,0.06646173024848334
669,0.5007135895565297,0.16918797617001813,0.4159988706986353,0.08471471885789437
670,0.50781717390752,0.13527229549734868,0.4391235791000735,0.06869359480744655
671,0.5514221262765976,0.14950043507545263,0.46898427848801505,0.08243784778858251
672,0.5076012463639242,0.1517690763590762,0.43056307404455557,0.07703817231936866
673,0.4901906285823278,0.16119988697085139,0.411171954660686,0.07901867392164183
674,0.4937473467965206,0.1811323609240642,0.40431372417127415,0.08943362262524647
675,0.48568675472401884,0.19648817604912977,0.3902550501570753,0.09543170456694353
676,0.4730559577049578,0.1530208879959802,0.4006685149851563,0.07238744271980149
677,0.4618286357135092,0.15630461433020393,0.38964268892166487,0.0721859467918443
678,0.4851889168638252,0.177918004592922,0.3988650729248123,0.0863238439390129
679,0.4980118667518148,0.14675561608928253,0.42492582842687854,0.07308603832493626
680,0.4790605069459072,0.11998205162469194,0.4215818444701723,0.05747866247573493
681,0.4803192905928748,0.1421635283506818,0.4120354055072953,0.06828388508557953
682,0.4773244838488179,0.13972553364205623,0.4106300656226228,0.06669441822619514
683,0.45299986558811195,0.15320521596217923,0.3835979233498471,0.06940194223826486
684,0.4602365884676815,0.1640873630768334,0.3847175802745419,0.0755190081931396
685,0.5155464188033967,0.14284693366353127,0.4419021937161168,0.07364422508727991
686,0.47234479358902975,0.13706994471706893,0.4076005188443861,0.06474427474464364
687,0.48542704496750805,0.1541216216709231,0.4106122415941916,0.07481480337331646
688,0.45807342674470597,0.16385694115016874,0.38301491621614253,0.07505851052856342
689,0.5152480306598801,0.15769849070626282,0.4339941938854428,0.08125383677443733
690,0.5034892934936612,0.1719241071855355,0.41692734623228744,0.08656194726137376
691,0.5066764532345955,0.17986786412164515,0.4155416417905582,0.09113481144403733
692,0.5271154304186616,0.1553066549711537,0.44525089613665936,0.08186453428200226
693,0.5266315032657116,0.14005072056245604,0.45287638176245926,0.07375512150325234
694,0.5066559508208567,0.12881539195305408,0.44139086593052074,0.06526508489033594
695,0.4927309586469484,0.14726035367407553,0.42017122341043245,0.0725597352365159
696,0.4822696626132848,0.1273575996038931,0.42084895602107747,0.06142070659220733
697,0.5039318987934334,0.13843758458113253,0.4341687839310867,0.06976311486234665
698,0.4819807249145256,0.1330574306445854,0.41784960803718413,0.06413111687734148
699,0.4887257469406852,0.17000802044018623,0.40563845016514793,0.08308729677553729
700,0.5026719465444276,0.16635348253745635,0.41905071766287993,0.08362122888154763
701,0.5231697017701766,0.16981541128620842,0.4343274236915911,0.08884227807858554
702,0.46863730330859465,0.18602505370446765,0.38145902379269647,0.08717827951589821
703,0.4596999922443974,0.20292038733805431,0.36641749175886373,0.09328250048553369
704,0.5004298774626006,0.20847267600233996,0.39610392175644915,0.10432595570615141
705,0.5178508099062696,0.21749268905522634,0.4052220447303282,0.11262876517594142
706,0.5179731489099406,0.20604101760806282,0.4112494342148838,0.10672371469505681
707,0.4945509678971601,0.21444058286055154,0.38849917008704316,0.10605179781011692
708,0.5183495367651008,0.2328677375778398,0.39764265286409045,0.12070688390101031
709,0.5507683275418399,0.24848533807210163,0.4139104734731998,0.1368578540686401
710,0.49619710763743885,0.22726308082690758,0.3834298242583538,0.11276728337908502
711,0.5031361998308694,0.23554197294366963,0.38462650666332604,0.11850969316754341
712,0.5530467209102404,0.23459571347608124,0.42330433083269536,0.12974239007754504
713,0.5465939054644972,0.20846629637072328,0.4326474983735042,0.11394640709099296
714,0.518326532439105,0.23539598632265277,0.3963145470984014,0.1220119853407036
715,0.47708009007572993,0.24139878486723607,0.3619135360470972,0.11516655402863274
716,0.4706172406977385,0.21706376003292088,0.3684632928955692,0.10215394780216928
717,0.49370924826741813,0.21262538493120164,0.38873412931046414,0.10497511895695398
718,0.4789953882650622,0.21870511995345845,0.37423664441739835,0.10475874384766384
719,0.4767830828025451,0.218317393492288,0.3726930429038757,0.10409003989866937
720,0.47806497390585867,0.22211427820819346,0.37187991729014,0.10618505661571864
721,0.5264467399867518,0.22550126089011396,0.40773233632824935,0.11871440365850251
722,0.5422268696857632,0.2579405742376355,0.40236455955194184,0.1398623101338213
723,0.5211837987158137,0.2707377679388491,0.3800796603656038,0.14110413835020982
724,0.5231639359825901,0.2715369875552521,0.3811055768083289,0.14205835917426127
725,0.5317187189307304,0.26902153026532405,0.3886749354932676,0.14304378343746282
726,0.5252941826029824,0.26298131036910255,0.3871516301327835,0.13814255247019896
727,0.5334757480781229,0.2401394684030374,0.40536716552872976,0.12810858254939314
728,0.5321618279922252,0.23998522965309607,0.40445084948889964,0.12771097850332558
729,0.5343378691189428,0.23605655108047852,0.408203914623033,0.12613395449590975
730,0.48809853581095874,0.23623435098789228,0.3727928949855164,0.11530564082544234
731,0.4801183383521034,0.20917957933144415,0.3796873863062984,0.10043095204580496
732,0.4863197417791454,0.23300032640847607,0.37300708320571874,0.11331265857342666
733,0.5352989811530426,0.24450889283964203,0.40441361993312375,0.13088536121991887
734,0.5307067655113734,0.2537455097780508,0.3960423067540295,0.13466445875734392
735,0.5263500611659098,0.28930764236135675,0.37407296591324446,0.15227709525266528
736,0.49891930982678523,0.30019719275888007,0.34914513360358634,0.14977417622319886
737,0.4997952764925889,0.28442059414944215,0.35764320699948204,0.14215206949310685
738,0.48121922805623246,0.32815116744797795,0.323306576571165,0.15791265148506742
739,0.49673074687328,0.3179999927978653,0.3387703729450987,0.1579603739281813
740,0.49485408689517396,0.30275891973176955,0.34503259812193987,0.1498214887732341
741,0.5144680683374221,0.28607230564465624,0.3672930018475832,0.1471750664898389
742,0.5135863595389302,0.27720360852913484,0.3712183673833971,0.14236799215553309
743,0.5351284088105184,0.2453290690798059,0.4038458544388761,0.13128255437164227
744,0.5311606932469798,0.27194878664481065,0.3867121872050472,0.14444850604193263
745,0.5360955717425661,0.2369030443353269,0.4090928987420645,0.12700267300050155
746,0.5327733620571451,0.21801022698562378,0.41662332046317296,0.11615004159397212
747,0.5273754638342568,0.250407897753464,0.3953164826087626,0.13205898122549423
748,0.5191998971912564,0.26023091608061677,0.3840880323162137,0.1351118648750427
749,0.5044394400430903,0.2611992676971273,0.37268022770628617,0.13175921233680413
750,0.5412598291584272,0.25620504923855725,0.4025863279780393,0.13867350118038793
751,0.5235839220681231,0.20207909109292063,0.4177785589857302,0.10580536308239291
752,0.4960872276311432,0.17747262411885517,0.4080453255515964,0.08804190207954682
753,0.445110258880168,0.17802365825254987,0.36587010226858097,0.07924015661158702
754,0.45952115370392793,0.18343839411393528,0.37522733120709656,0.08429382249683136
755,0.45830097222262717,0.1587952003389697,0.3855249775229905,0.07277599469963668
756,0.4987269251648852,0.15187817985685623,0.4229811875252359,0.07574573763964931
757,0.4901643794050477,0.15052680143338779,0.4163815031966243,0.07378287620842337
758,0.472033897636443,0.1565003468637462,0.39816042892489356,0.0738734687115494
759,0.4630760573746539,0.15121793956514976,0.39305065011650564,0.07002540725814824
760,0.46699591569970583,0.16144837131911516,0.39160018569730953,0.07539573000239631
761,0.4619862360352294,0.174063953547784,0.3815710853062777,0.08041515072895175
762,0.48770840145610284,0.1568268878311013,0.4112226106866609,0.07648579076944197
763,0.520623171994518,0.18097659571912728,0.4264025626744565,0.09422060932006156
764,0.4914472147017613,0.19036795865097275,0.39789141165428066,0.09355580304748062
765,0.49670592913024114,0.17452178336919347,0.4100199245683792,0.0866860045618619
766,0.5335941627466854,0.1560358656553418,0.450334335653869,0.08325982709281639
767,0.5445575794287129,0.18536354705048264,0.4436164549325817,0.10094112449613114
768,0.523198445850855,0.20200544652560032,0.4175095101752529,0.10568893567560207
769,0.5291898158090345,0.2087578008348737,0.41871731363652853,0.11047250217250591
770,0.5048742135690015,0.21022314755850505,0.3987379672714011,0.1061362462976004
771,0.43086039734217507,0.17793043483055632,0.3541972194918156,0.07666317785035948
772,0.35956522443150707,0.10491374427138087,0.32184189042661826,0.0377233340048888
773,0.30274112966246103,0.07306686152631088,0.28062078546309505,0.02212034419936597
774,0.30448787255869036,0.08414507295123433,0.27886671830947324,0.02562115424921714
775,0.33801344836587377,0.1381597765952657,0.29131358585344924,0.0466998625124245
776,0.3806596231514475,0.1364396526309295,0.3287225563980435,0.05193706675340403
777,0.38202697339464453,0.19730737912710164,0.3066502325182882,0.0753767408763563
778,0.4282083893738316,0.22620786381859245,0.33134428434437707,0.09686410502945451
779,0.4469365261651351,0.23257486468780417,0.34299032406824154,0.10394620209689354
780,0.47118165020022745,0.22336609866351523,0.3659356432331655,0.10524600696706192
781,0.4116939610683769,0.17679475200993647,0.3389086293173048,0.07278533175107213
782,0.3655799929639869,0.090709128177536,0.3324185505230739,0.033161442440913
783,0.37492066234728455,0.09745534893999708,0.3383826383734151,0.03653802397386944
784,0.3426227245710034,0.0956552965741893,0.3098490462391073,0.0327736783318961
785,0.3498743591730357,0.11848805416286831,0.3084184271531422,0.0414559320198935
786,0.44106087621964557,0.14970398293415227,0.3750323063331375,0.06602856988650807
787,0.4500583848697387,0.18334262883607444,0.3675434974580031,0.08251488741173564
788,0.43218832425680787,0.16979891452754017,0.3588032159265253,0.07338510833028254
789,0.43162561890826046,0.1838857571244245,0.3522558151810167,0.0793698037272438
790,0.35088067308942195,0.1629295016956889,0.2937118598683145,0.05716881322110744
791,0.3473716317607612,0.08486659156730024,0.31789138536605405,0.02948024639470714
792,0.3632924022206932,0.10428171577263061,0.3254076471899587,0.037884755030734525
793,0.3950435492634819,0.1307266025867297,0.34340084819446354,0.051642701069018374
794,0.4416911576049786,0.11220385640788821,0.3921317063804357,0.049559451224542944
795,0.4210845641897237,0.13550063076839577,0.36402734013518107,0.0570572240545426
796,0.431861483526042,0.14492417983873088,0.3692743122220927,0.06258717130394922
797,0.46735810861336835,0.1313756338364102,0.4059586408657012,0.061399467747667115
798,0.45643686498538216,0.14956779884580257,0.3881686077774398,0.06826825720794238
799,0.42895221790048427,0.13161628510559933,0.37249512049261496,0.05645709740786931
800,0.3965834204370936,0.12895877129584776,0.34544050982122143,0.051142910615872186
801,0.40700648176954185,0.1061278109929636,0.3638117747993928,0.04319470697014902
802,0.41501194691513615,0.1492606463852666,0.353066995460975,0.061944951454161165
803,0.43745035712958896,0.1275514752284475,0.38165291873849866,0.05579743839109028
804,0.43628232919202964,0.15011569167560493,0.37078950557952417,0.0654928236125055
805,0.44622531849415625,0.15487432787756872,0.3771164722104198,0.06910884628373648
806,0.455295549185255,0.15033495284815435,0.3868487142665151,0.06844683491873985
807,0.4400549439105866,0.14223499054089014,0.37746373312599235,0.06259121078459423
808,0.4098285319103086,0.18033282486252544,0.335922995041661,0.0739055368686476
809,0.42503482018548594,0.2254900154063797,0.3291937120336129,0.09584110815187305
810,0.4607607827657258,0.23218078229677705,0.35378098377150424,0.10697979899422157
811,0.43874170581167676,0.24018824701339134,0.3333611046011051,0.10538060121057169
812,0.43733987724007933,0.22541682728541362,0.33875610966722836,0.09858376757285096
813,0.4191213560703061,0.17552439449434887,0.34555533382641523,0.07356602224389086
814,0.3955892136984051,0.16269127656906163,0.33123029952486027,0.06435891417354485
815,0.45059268957168647,0.2378721965102467,0.3434092167718097,0.10718347279987679
816,0.4104400791168386,0.23537632888847446,0.3138322000656221,0.09660787905121648
817,0.4233486290728358,0.2172454635431989,0.33137805990952984,0.091970569163306
818,0.42131955395174353,0.23201343427567075,0.3235677573119058,0.09775179663983777
819,0.3597200901718915,0.174758395970008,0.2968559842152651,0.06286410595662639
820,0.33384148514636997,0.14737452316019786,0.2846417554618314,0.049199729684538555
821,0.3403051868516485,0.17193533487183765,0.28179470059168704,0.05851048625996147
822,0.40262191508286216,0.2522043844106824,0.30107890283913885,0.10154301224372328
823,0.4770164829303691,0.2103408827766645,0.37668041481177555,0.10033606811859354
824,0.5036430426978153,0.17037740285667263,0.4178336491161293,0.08580939358168606
825,0.5101181396809958,0.1767167351213714,0.4199717275103826,0.09014641217061328
826,0.4712582004548501,0.14369465693017167,0.40354091501496037,0.06771728543988975
827,0.41904637692646696,0.13694956798938687,0.3616581566388695,0.05738822028759742
828,0.4339335735151745,0.14770078593788233,0.3698412436621494,0.06409232985302511
829,0.46966265328534285,0.12061373894190679,0.4130148846312212,0.05664776865412162
830,0.4669697878007137,0.09131733851259682,0.4243273496129604,0.042642438187753276
831,0.48732937764426215,0.15332941777117554,0.4126074479072781,0.07472192973698405
832,0.46713616283811293,0.18757046095487262,0.3795152174458777,0.08762094539223528
833,0.42422439010373014,0.1461996996782641,0.36220291167437,0.062021478429360094
834,0.4817714709308825,0.1851057194500168,0.39259281619372866,0.08917865473715386
835,0.42310150021777926,0.15667216860640332,0.35681327063803714,0.0662882295797421
836,0.42455838074652724,0.13375729716261864,0.36777059925013383,0.05678778149639343
837,0.4616307131770902,0.1408645056387351,0.3966033309777427,0.06502738219934752
838,0.45893036485963923,0.14547569886127898,0.39216714930302143,0.06676321555661777
839,0.43510546721380833,0.15017740566772583,0.36976245695579485,0.06534301025801348
840,0.4487192598013563,0.1207528551343343,0.3945351280265774,0.05418413177477889
841,0.5035794384310929,0.12720313402745134,0.4395225556308739,0.06405688280021898
842,0.4994753974359336,0.14427042803959836,0.42741586805260295,0.07205952938333066
843,0.4673417483099919,0.15346793351378546,0.3956197759521378,0.0717219723578541
844,0.47715033073042207,0.15991199944896545,0.40084826730558515,0.07630206342483693
845,0.4582150061920664,0.14956757810441804,0.3896808974648181,0.06853410872724829
846,0.454452674720876,0.17496468908023205,0.37493950378665813,0.0795131709342179
847,0.463664136544087,0.20668548342082854,0.36783149033757134,0.09583264620651567
848,0.46128306352017345,0.22937614734533404,0.35547573157426304,0.10580733194591038
849,0.48887987637542646,0.1854702434751504,0.3982072066739747,0.09067266970145177
850,0.46452451726024785,0.15482265653269575,0.3926055974734482,0.07191891978679965
851,0.4708985094534445,0.17042245143966453,0.3906468310931045,0.08025167836034006
852,0.43900195349809656,0.16046509249998103,0.36855746442235215,0.07044448907574444
853,0.4506931560548914,0.10528832493466161,0.4032404285943558,0.04745272746053556
854,0.4461835031422276,0.09617467679996447,0.40327194893404794,0.04291155420817967
855,0.4184444412432873,0.1348716207180987,0.3620081612723259,0.05643627997096138
856,0.42546270400324704,0.10271193536018718,0.38176260625149505,0.04370009775175196
857,0.42601037860389107,0.11450799766775449,0.3772287831642775,0.048781595439613565
858,0.44778091917385693,0.15250048764162213,0.37949411064322996,0.06828680853062696
859,0.45225536433617763,0.17187310156508456,0.3745248321682715,0.07773053216790618
860,0.4297875066520077,0.1839274119021449,0.35073780288562806,0.07904970376637967
861,0.4652072032566554,0.18638732735634037,0.3784984759747296,0.0867087272819258
862,0.4429054168509529,0.16818195937900143,0.3684167160253863,0.07448870082556666
863,0.4183479505352077,0.16056076606372113,0.351177683116087,0.06717026741912066
864,0.4044869989294789,0.15408205504719855,0.3421628108945508,0.06232418803492811
865,0.42261882852665267,0.14645085795780077,0.3607259384998037,0.06189289002684897
866,0.4361629019936943,0.1656025073435828,0.36393323181328513,0.07222967018040914
867,0.46104045225005513,0.15505928068212707,0.38955185135879905,0.0714886008912561
868,0.4740447412140311,0.17165539579365255,0.39267240353703703,0.0813723376769941
869,0.48305490861397393,0.17084329334958165,0.40052821715768144,0.0825266914562925
870,0.469603750711259,0.14898182200068258,0.39964132831194127,0.0699624223993177
871,0.4883842316622302,0.1595197742645723,0.4104772892730947,0.07790694238913555
872,0.46208433440028457,0.19497789914034763,0.37198810165325125,0.09009623274703335
873,0.3892163426722918,0.15818724151764355,0.3276472830713761,0.06156905960091574
874,0.4155880115239335,0.1767392808031596,0.3421372852567783,0.07345072626715521
875,0.4365645968352656,0.19551888409452187,0.35120797402685966,0.08535662280840596
876,0.46907849069121027,0.22782699483602384,0.3622097478148141,0.10686874287639622
877,0.45645831684916505,0.20870884285962873,0.36119142972592205,0.09526688712324301
878,0.4819495430025845,0.20284374499731136,0.38418909280019753,0.09776045020238701
879,0.4764054929281096,0.18847367896627934,0.38661559699620496,0.08978989593190459
880,0.4604913050381247,0.15251881684442703,0.3902577160265638,0.07023358901156092
881,0.48160411940926967,0.1196937217295716,0.4239591299568812,0.057644989452388495
882,0.5053403827770457,0.11399060029700679,0.4477363291899711,0.057604053587074634
883,0.4507187669253926,0.09518555066224896,0.40781685290178926,0.042901914023603334
884,0.408049147006671,0.08272887714903585,0.3742916992531872,0.03375744775348375
885,0.4257563831949499,0.08286212406800085,0.39047730494790667,0.03527907824704325
886,0.44797192384153256,0.08384388885411558,0.4104122156491988,0.037559708192333785
887,0.433605784961421,0.10750300794188564,0.38699185881706577,0.046613926144355194
888,0.4261869684271259,0.1084256174674455,0.37997738321883606,0.04620958520828983
889,0.4462584287183606,0.09739262020708875,0.4027961510559811,0.04346227766237948
890,0.43694147631180363,0.08011460911229072,0.40193608073213627,0.035005395579667385
891,0.42985934107111606,0.09027651571093763,0.39105313751341614,0.038806203557699905
892,0.3987327958600682,0.1465126956837223,0.34031337908110226,0.05841941677896594
893,0.37798392035936335,0.12237297213758838,0.33172890460477056,0.046255015754592795
894,0.42173104880490225,0.1151702930864587,0.373160160310382,0.04857088849452021
895,0.43266599600332445,0.09981286147462429,0.3894803648794643,0.04318563112386017
896,0.41733806310212507,0.13166755981619174,0.3623881787150524,0.054949884387072656
897,0.45511236177309006,0.1056098205746383,0.40704802690493413,0.048064334868155915
898,0.45502354025838,0.1035306524199688,0.407914656268986,0.047108883989394015
899,0.45165599827583675,0.12948282701553185,0.3931743027805592,0.05848169549527752
900,0.399099287957624,0.10278246957890966,0.358078877534155,0.041020410423468996
901,0.40483616287536,0.10784240066258147,0.3611776591958533,0.04365850367950666
902,0.4203094213337629,0.12475689180337116,0.36787292433248914,0.0524364970012738
903,0.41429374690628973,0.14467256542674434,0.35435680770109845,0.059936939205191254
904,0.42070476302035287,0.14192768879873993,0.3609951083382526,0.05970965468210027
905,0.4060869009782749,0.12580054417461337,0.35500094785302555,0.051085953125249314
906,0.39274827067824797,0.0998650794804895,0.35352643341113993,0.03922183726710804
907,0.42674915624654963,0.1110273125216095,0.3793683443076308,0.047380811938918826
908,0.43716723653327494,0.13852679218218267,0.37660786160917087,0.06055937492410407
909,0.4721243898878573,0.15111007676503885,0.40078163708925607,0.07134275279860125
910,0.4728545537682717,0.13134888694440283,0.4107456344442169,0.06210891932405477
911,0.4879872065979586,0.14727545724964,0.4161186676142697,0.07186853898368889
912,0.5075200473585783,0.15944106698477148,0.4266005094915648,0.08091953786701347
913,0.45877526231995563,0.1449445875847644,0.39227827112889757,0.06649699119105806
914,0.4643926684868366,0.15333095431811347,0.3931868974494146,0.07120577103742196
915,0.4521666263019816,0.18119448536452606,0.3702365271501801,0.08193009915180154
916,0.4240492536174202,0.15903585739368162,0.35661021699122303,0.06743903662619717
917,0.400289284036508,0.11059314854797953,0.3560200317848941,0.0442692522516139
918,0.40510272454224705,0.09588473008665804,0.3662595591421439,0.038843165400103144
919,0.4553498740984685,0.13139449115270116,0.39551940909485367,0.05983046500361481
920,0.4485781277945321,0.15006775933421726,0.3812610132700685,0.0673171145244636
921,0.4416692850845126,0.13962428123260767,0.3800015286120678,0.061667756472444754
922,0.45246876906609834,0.14388533698155503,0.3873651477553934,0.06510362131070496
923,0.47158378297031234,0.1538743882089179,0.3990191168765084,0.07256466609380394
924,0.46522789190578384,0.14572687950076274,0.3974316829616358,0.06779620894414803
925,0.4952804300155922,0.14680506303908755,0.4225707552651268,0.0727096747504654
926,0.4795571568045429,0.18676895634531704,0.3899907671202309,0.08956638968431203
927,0.48528233669050724,0.18704859620233677,0.3945109568507581,0.09077137983974913
928,0.5175444947435082,0.17367248289271064,0.42766125733394966,0.08988323740955849
929,0.48312684015583923,0.1617378754893045,0.404986931437173,0.07813990871866623
930,0.4272250255899441,0.12333443818028582,0.3745334670822501,0.052691558507693984
931,0.39977646424010577,0.06445321007505658,0.37400958780737487,0.02576687643273088
932,0.41297870365077755,0.06623982825107289,0.38562306524959933,0.02735563840117823
933,0.41718853811210727,0.09942969353027543,0.3757076096232768,0.041480928488830456
934,0.43029464063690803,0.13394121924397714,0.37266045183585156,0.05763418880105645
935,0.4518458258307172,0.13255106869182592,0.39195317873291496,0.05989264709780221
936,0.4609296696028792,0.14627010567748053,0.39350943812017986,0.06742023148269932
937,0.47060439758987216,0.16301223480105262,0.393890123031544,0.07671427455832816
938,0.4831333502591932,0.1710097595265858,0.4005128322120948,0.08262051804709837
939,0.5133628794493997,0.15306592625703483,0.43478451480049884,0.07857836464890088
940,0.4913466462146299,0.1523297444924189,0.4164999371395484,0.07484670907508152
941,0.4380186043577175,0.1259894006686361,0.3828329029129762,0.05518570144474126
942,0.440159485419363,0.1379389799620909,0.37944433497997726,0.06071515043938575
943,0.4362033837850878,0.15276586677262585,0.36956639577200645,0.06663698801308131
944,0.3738804631020113,0.0861387816566149,0.34167485552519306,0.032205607576818215
945,0.38171078199895664,0.09018548717539675,0.3472860091642791,0.03442477283467757
946,0.4552686192725689,0.1178779093494069,0.4016025062403274,0.053666113032241516
947,0.448378426384731,0.12051785393847501,0.39434082068453274,0.054037605700198284
948,0.4935583136206845,0.14002481744594916,0.4244479008570176,0.06911041276366686
949,0.48823843576054143,0.1463661574123976,0.41677685201723125,0.07146158374331019
950,0.4702744459270873,0.14524883003247155,0.40196763286200904,0.06830681306507823
951,0.4359330604887419,0.1283668514492727,0.37997370607115677,0.05595935441758514
952,0.43768784292143076,0.10317762462305563,0.39252825096240845,0.04515959195902232
953,0.4743219659833972,0.11526631097170124,0.41964862275164627,0.054673343231750965
954,0.4562573992772128,0.16324627146358198,0.381775080017537,0.0744823192596758
955,0.41192599897443977,0.12250404471601782,0.3614633979763847,0.05046260099805508
956,0.4040831810294977,0.11132158357964407,0.359100001419394,0.044983179610103674
957,0.44322362154131645,0.1634533347060919,0.37077724257987743,0.072446378961439
958,0.4726993206885939,0.1724553876942052,0.391179776076455,0.0815195446121389
959,0.47230464759706525,0.12995511437870422,0.41092624309699505,0.0613784045000702
960,0.4789765291783836,0.14334042717692538,0.41031982887823304,0.06865670030015057
961,0.482237832757384,0.16477053368425817,0.4027792476912098,0.0794585850661742
962,0.4499783122881202,0.1553590394348713,0.3800701139245133,0.0699081983636069
963,0.4110007344993602,0.10921966681385435,0.36611137121709064,0.044889363282269536
964,0.4052841941582276,0.10109533324257008,0.3643118534918551,0.040972340666372495
965,0.43533648845987805,0.1083353076176275,0.3881741760653994,0.04716231239447863
966,0.4754668238855146,0.12098551785932042,0.4179422239727993,0.05752459991271528
967,0.4842316493139072,0.13706103629546462,0.41786235765188107,0.06636929166202614
968,0.5153677091758649,0.11039484339604086,0.458473771630019,0.05689393754584594
969,0.4685172281662996,0.09798331034487176,0.422610359196962,0.04590686896933763
970,0.44309066549338105,0.08426817536164102,0.4057522235924786,0.03733844190090246
971,0.4213078306342205,0.09709603705623189,0.3804005098988796,0.040907320735340945
972,0.47109459391665665,0.1037877322099919,0.4222007543576598,0.04889383955899684
973,0.4513409839929441,0.082050256523778,0.4143083404766287,0.03703264351631544
974,0.43430864745963554,0.0829620844628281,0.39827749676615265,0.036031150693482915
975,0.4650945203326512,0.10201494724766956,0.4176479273757356,0.04744659295691559
976,0.46605508467450313,0.1257385335345828,0.4074540017811953,0.058601082893307836
977,0.5051516513576103,0.15896080533849768,0.42485233803973255,0.08029931331787775
978,0.48442258577036823,0.13529473195108166,0.4188827618775164,0.06553982389285183
979,0.5156610708412348,0.12002952157321517,0.45376651921422956,0.06189455162700523
980,0.5257062215188016,0.16452888497607843,0.4392123630673259,0.08649385845147572
981,0.4301392696329027,0.13131476841771864,0.3736556310536915,0.05648363857921125
982,0.40208966710548266,0.10511357961711038,0.3598245828689731,0.042265084236509556
983,0.37604807207102114,0.10852652563383663,0.3352368813378506,0.04081119073317052
984,0.4125015021235881,0.13249588899390274,0.35784674888840307,0.054654753235185066
985,0.522743224730493,0.1545013996142563,0.4419786648707621,0.08076455985973087
986,0.5508393912368023,0.1655950102410206,0.4596231366037864,0.09121625463301583
987,0.5208050349826959,0.17917137453457888,0.42749168100031687,0.09331335398237907
988,0.509840994637398,0.18354334658093618,0.4162630722574968,0.09357792237990116
989,0.4562407875310288,0.1677078120512255,0.37972564328567193,0.0765151442453569
990,0.43158440494144407,0.13865031991504267,0.37174508912596954,0.059839315815474546
991,0.49094334859725264,0.2071449204536717,0.3892469277048155,0.1016964208924371
992,0.4742208713312269,0.15216547349356793,0.4020608279045784,0.0721600434266485
993,0.43251011047399207,0.11932251918968294,0.38090191451722727,0.05160819595676481
994,0.46254842873582264,0.09738312429453669,0.4175040176079994,0.04504441112782326
995,0.4418176051766165,0.09029396308803332,0.4019241426431558,0.03989346253346069
996,0.4257470611624975,0.06911094687923858,0.3963232786345042,0.0294237825279933
997,0.4633841318861196,0.06965815068730007,0.43110565020109254,0.03227848168502705
998,0.5134546052599539,0.10210641158881266,0.4610275980031097,0.05242700725684419
999,0.5212262974314703,0.11301264733246029,0.4623211336994435,0.058905163732026804
1000,0.5161390700015815,0.10321011345116592,0.46286829803013907,0.0532707719714425
1001,0.5566120175920672,0.08797962571162496,0.5076415006177247,0.04897051697434248
1002,0.5212445617664208,0.06979202837061181,0.4848658465235916,0.03637871524282916
1003,0.465958524503627,0.07556292445501478,0.43074933571738927,0.03520918878623772
1004,0.44345238968961476,0.06589061998846911,0.4142330367975978,0.029219352892016923
1005,0.4811293938865914,0.061070982227007874,0.4517463492236523,0.029383044662939097
1006,0.5039402698739434,0.06146891828592152,0.4729636066040767,0.030976663269866662
1007,0.4981741437345353,0.06791451115546335,0.4643408902925128,0.033833253442022496
1008,0.555948993822456,0.07630131933616573,0.5135293521101888,0.04241964171226724
1009,0.5873808912291366,0.09122187110367132,0.5337989072806727,0.053581983948463884
1010,0.5720911586106497,0.09711708283027756,0.5165313341733898,0.05555982443725993
1011,0.5489493699959151,0.10985247500688414,0.4886459230483941,0.060303446947521065
1012,0.5384490288617434,0.11699162230764037,0.47545500344523456,0.06299402541650884
1013,0.5343670374858918,0.10733477225821239,0.4770108732150479,0.057356164270843835
1014,0.5596130564631338,0.1336211568810707,0.4848369124527779,0.07477614401035587
1015,0.5371755928200866,0.1563347124222818,0.45319640099628966,0.083979191823797
1016,0.5122665652784518,0.17257898539456507,0.42386012119113786,0.08840644408731395
1017,0.5072958452314384,0.1574889238546191,0.4274023684900198,0.07989347674141864
1018,0.5023854654506599,0.13534427596074713,0.43439046837603734,0.0679949970746225
1019,0.5180521672841084,0.15075413625618797,0.43995366026954646,0.07809850701456196
1020,0.5036991767726934,0.16195065198686212,0.42212476668911,0.0815744100835834
1021,0.5142581700394069,0.16876347821119755,0.4274701725650311,0.08678799747437577
1022,0.5247947728810561,0.14797814012276317,0.44713661844396957,0.0776581544370866
1023,0.5280494250531039,0.16160810957325908,0.44271235570902545,0.08533706934407848
1024,0.5231147300394271,0.14711718035011942,0.4461555659564127,0.07695916408301443
1025,0.5065937321804773,0.13730162918914748,0.43703758741508714,0.06955614476539018
1026,0.5183658478813077,0.14667196639972263,0.4423361096580968,0.0760297382232109
1027,0.4873657571255983,0.14142168253527923,0.41844167174281593,0.06892408538278237
1028,0.5338699888732565,0.16199015723015128,0.44738830543521857,0.08648168343803794
1029,0.48044173160047215,0.1602264503461573,0.4034622583479673,0.07697947325250488
1030,0.5145594161702366,0.17551300580725715,0.424247546371771,0.09031186979846559
1031,0.5185702541127022,0.15880971435313132,0.43621626018503323,0.08235399392766896
1032,0.5219554806974508,0.1534490377603657,0.44186191443067785,0.08009356626677296
1033,0.5467778534629946,0.15409421949248914,0.46252254689783584,0.08425530656515874
1034,0.5388812815765107,0.17128326084250325,0.4465799384610988,0.09230134311541192
1035,0.503323445998041,0.1610971415924429,0.4222394775512983,0.0810839684467427
1036,0.4994401532645566,0.1500038728634906,0.4245221960113378,0.0749179572532188
1037,0.5035607240272841,0.17007134983967778,0.41791947196571844,0.08564125206156568
1038,0.46740103224108664,0.16209830242331716,0.3916361183639004,0.07576491387718627
1039,0.48910935604804595,0.151076743975577,0.415216307088316,0.07389304895972997
1040,0.49036585430642865,0.15667253630547687,0.4135389921946385,0.07682686211179013
1041,0.5089408780726676,0.17165137414728768,0.42158047699176704,0.0873604010809006
1042,0.49847821205743503,0.13982370890217247,0.42877913964064085,0.0696990724167942
1043,0.5027491049427049,0.14016439188216892,0.4322815823791059,0.07046752256359895
1044,0.4788786077870119,0.14714772384549882,0.40841271065285173,0.07046589713416017
1045,0.49933668961812916,0.16827793838913688,0.41530934092713406,0.0840273486909951
1046,0.48936691508618635,0.16691748271200751,0.4076830214974594,0.08168389358872696
1047,0.4615536498990388,0.17237035596767825,0.3819954829677603,0.07955816693127846
1048,0.4571344842314616,0.17191084376507626,0.37854810933311805,0.07858637489834351
1049,0.48063677111793973,0.17054413485284148,0.3986669888091675,0.08196978230877222
1050,0.48616840111923704,0.19008537353409657,0.3937548989920124,0.09241350212722467
1051,0.4930227603406139,0.20047664390811312,0.3941832119772136,0.09883954836340024
1052,0.49096668809688643,0.18815143919937793,0.39859059913250516,0.09237608896438128
1053,0.44685070944829725,0.16712228947062202,0.37217199583372607,0.07467871361457115
1054,0.5072921075071942,0.16864972540899217,0.421737432873957,0.08555467463323724
1055,0.48897433338804513,0.13489116931274858,0.42301601379341,0.06595831959463516
1056,0.44086788366440727,0.12530917436159622,0.38562309315987614,0.055244790504531134
1057,0.4481213950135278,0.1372070524630768,0.3866359792580796,0.061485415755448275
1058,0.4652650891707461,0.17531678685261315,0.3836963087026364,0.08156878046810974
1059,0.476450276907193,0.17270118436336193,0.394166749795069,0.08228352711212399
1060,0.47465719231302334,0.1939941158711006,0.38257648994839943,0.09208070236462393
1061,0.47368878530854774,0.2057682964212187,0.3762186509217715,0.09747013438677628
1062,0.4756646793371427,0.19077253918626852,0.3849209206587738,0.0907437586783689
1063,0.4739146995997533,0.18246737891999376,0.38744072653213013,0.0864739730676232
1064,0.4685647257001425,0.1889177115915825,0.38004454998833404,0.08852017571180848
1065,0.4800167743567133,0.17827851471070666,0.39444009678817404,0.08557667756853927
1066,0.4958311164229672,0.18079139278356918,0.4061891182994269,0.08964199812354028
1067,0.5146203026268209,0.17210360477064982,0.4260522934565823,0.08856800917023859
1068,0.5218047519359429,0.1470017469768173,0.44509854182055447,0.0767062101153884
1069,0.571325182340667,0.12697997449917742,0.4987783252563112,0.07254685708435578
1070,0.5452525326801456,0.12585214683923698,0.47663133087281806,0.06862120180732754
1071,0.5256053989605406,0.1246558617564856,0.460085605009253,0.06551979395128761
1072,0.535433852246473,0.13377494053062222,0.4638062205041191,0.0716276317423539
1073,0.5388826992433509,0.13870959983570172,0.46413449567292286,0.074748203570428
1074,0.543652883200581,0.13965953292974867,0.4677265754568767,0.07592630774370435
1075,0.5556836234112399,0.1665790434025407,0.4631183769889379,0.09256524642230202
1076,0.5325029113497598,0.17298995104800544,0.4403852587824445,0.09211765256731533
1077,0.5288955849200214,0.15253328028948104,0.4482214064215468,0.08067417849847465
1078,0.5308824964990951,0.1664619320918344,0.44251077041811926,0.08837172608097589
1079,0.5260323882727038,0.1731268061059055,0.43496208098278905,0.09107030728991479
1080,0.5513971643513216,0.176780740556745,0.4539207652964057,0.09747639905491587
1081,0.5918681698621429,0.15444062421368096,0.5004596802564245,0.09140848960571829
1082,0.5677491051579769,0.1569351386744911,0.4786493206076916,0.08909978455028535
1083,0.5675721268437144,0.1479704771443814,0.4835882084207986,0.08398391842291579
1084,0.5200277981050256,0.16342943182038977,0.43503995052991296,0.0849878475751127
1085,0.515217824856678,0.1701660133426163,0.4275452615977628,0.08767256325891522
1086,0.5076803999089393,0.18336903776847743,0.4145875334837213,0.09309286642521802
1087,0.49871118351845156,0.20574263245933763,0.3961050317844535,0.10260615173399806
1088,0.5214976590401766,0.215384900169472,0.40917493780919484,0.1123227212309818
1089,0.5019791890683143,0.22766947982185737,0.38769384821173336,0.1142853408565809
1090,0.5496332771608016,0.2143872751380446,0.43179889654510367,0.11783438061569788
1091,0.551664863455857,0.20442243886006403,0.43889218663480645,0.1127726768210505
1092,0.5322200762392816,0.1976400552660701,0.42703207095763795,0.10518800528164365
1093,0.5339560089721562,0.21560265115347174,0.4188336778384324,0.11512233113372383
1094,0.4934271458329956,0.2106935894429667,0.38946520934884354,0.10396193648415203
1095,0.5228913599639474,0.18701670495966644,0.4251019407716111,0.09778941919233629
1096,0.5114301751348392,0.21970283466439328,0.39906751592480794,0.11236265921003129
1097,0.5334272295037501,0.19952707831865368,0.4269940529052529,0.1064331765984972
1098,0.5318280781537894,0.21919680559914875,0.41525306229454434,0.11657501585924507
1099,0.51159938888519,0.2195925715324446,0.39925596348546394,0.11234342539972603
1100,0.45249586831781813,0.1805986629044333,0.3707757195298397,0.08172014878797848
1101,0.41717512515899297,0.13554488404677145,0.3606291711921199,0.05654595396687307
1102,0.4145105548126076,0.15780040993593417,0.34910061934040665,0.06540993547220099
1103,0.4446108395210609,0.21948184432406456,0.3470268324565078,0.09758400706455314
1104,0.4598528657166825,0.23502389018751108,0.35177645630207266,0.10807640941460986
1105,0.4577838000501001,0.19718441298043826,0.3675159701652668,0.09026782988483331
1106,0.47670193073152106,0.20564233213395497,0.37867183396313203,0.09803009676838904
1107,0.487156118280515,0.20301257428535144,0.3882573006295285,0.09889881765098651
1108,0.46726585438492785,0.20597548726604048,0.37102054234520965,0.09624531203971823
1109,0.48217878575074663,0.22369095183221435,0.3743197542128608,0.10785903153788587
1110,0.4826960809537764,0.22744526627847367,0.3729091422896691,0.10978693866410735
1111,0.500150988339598,0.23632345049567344,0.3819535810063629,0.11819740733323514
1112,0.4942525324438469,0.21157409593989235,0.3896814997260377,0.10457103271780922
1113,0.4917965041813089,0.22075783987293637,0.3832285702611816,0.10856793392012727
1114,0.511086656574364,0.17381179285847695,0.4222537684891291,0.0888328880852349
1115,0.49038536271380706,0.1502161579160651,0.416721557628663,0.0736638050851441
1116,0.5051769425740893,0.10796806546537975,0.4506339653666496,0.05454297720743966
1117,0.5057128201390353,0.11855026453702323,0.4457604315317886,0.059952388607246686
1118,0.5086698602735147,0.14151508939939514,0.4366853995221304,0.07198446075138426
1119,0.5464826852642822,0.14116373482374514,0.46933914839586693,0.07714353686841531
1120,0.5608958017711073,0.1399808891404606,0.48238110872403617,0.07851469304707115
1121,0.5327152069277835,0.13596163806944156,0.46028637476938056,0.07242883215840297
1122,0.5110259687438302,0.16626404763154104,0.42606072273565165,0.08496524600817859
1123,0.4813253081346625,0.17564636705194145,0.3967822663906527,0.08454304174400976
1124,0.5029606269179442,0.16639902569435924,0.4192684686361742,0.08369215828177003
1125,0.5470870455119562,0.15157927138180227,0.46415998977083095,0.08292705574112522
1126,0.5412792767389243,0.14185312445266124,0.4644971201320312,0.0767821566068931
1127,0.5319099839274454,0.16771070436134133,0.44270298586614376,0.08920699806130161
1128,0.5281295391872421,0.18028275712775982,0.43291688974195286,0.09521264944528929
1129,0.5284769754494416,0.1731153116211876,0.4369895191598888,0.0914874562895528
1130,0.5083342827500019,0.23426783313154906,0.3892479118236788,0.11908637092632313
1131,0.5079962802865202,0.22081162215772743,0.39582479758636213,0.1121714827001581
1132,0.47153311905937145,0.2146490656934558,0.37031897560975635,0.10121414344961513
1133,0.5069573998331155,0.22136638703018327,0.3947340718538427,0.11222332797927281
1134,0.518389747839325,0.22385051552955715,0.40234793554025494,0.11604181229907004
1135,0.527717818423547,0.2247873901941004,0.40909350726119376,0.1186243111623533
1136,0.5530527357626289,0.21284359408555617,0.4353390037640616,0.11771373199856734
1137,0.5404175391828046,0.21119302028442186,0.42628512686811315,0.11413241231469139
1138,0.5340936510679563,0.21936475992157645,0.4169323255257958,0.11716132554216045
1139,0.5232298407820387,0.21529918201199383,0.4105788840574,0.1126509567246387
1140,0.4996208040956454,0.22891438600074454,0.38525041449289243,0.11437038960275295
1141,0.5184468236044393,0.21738758492462046,0.4057429207092295,0.11270390289520976
1142,0.5367802217213216,0.21889444965447438,0.41928201050222613,0.11749821121909541
1143,0.5283135931947281,0.2277188875176453,0.4080066094919748,0.12030698370275332
1144,0.5221323033149227,0.21026256033897206,0.41234742838424226,0.10978487493068038
1145,0.5184862986233368,0.19535607044198386,0.4171968527462728,0.10128944587706407
1146,0.4982552976829322,0.20548641188737593,0.3958706043581901,0.10238469332474211
1147,0.5083088151856304,0.22856366673132258,0.39212788855494857,0.11618092663068187
1148,0.4908591305260005,0.23314994617846546,0.37641535066265513,0.11444377986334536
1149,0.5286626407434908,0.20653001496066875,0.41947793764159097,0.1091847031018998
1150,0.5201286580855861,0.16753265837024825,0.4329901213019579,0.08713853678362815
1151,0.49072142535047175,0.14486695771426952,0.4196321053747389,0.07108931997573285
1152,0.5501763489437786,0.14058017533359987,0.47283246134486245,0.07734388759891622
1153,0.5857914218665884,0.13783176574554432,0.5050507558321234,0.08074066603446493
1154,0.5723059492172299,0.14705925933566016,0.4881430602119521,0.08416288900527777
1155,0.5915477257162509,0.16103102892905194,0.49629018678352244,0.09525753893272848
1156,0.575153227619905,0.1499047068957544,0.488935051613396,0.08621817600650897
1157,0.5275366190241029,0.14645991180290482,0.45027365232903016,0.07726296669507271
1158,0.5367462411470504,0.1713844308189931,0.44475629211382917,0.09198994903322125
1159,0.549957849149022,0.1781183267101479,0.45200027729748626,0.09795757185153574
1160,0.500515967775246,0.16962416812413816,0.41561636310852196,0.08489960466672404
1161,0.5083046013596241,0.1684553264626409,0.42267798379512606,0.085626617564498
1162,0.5172717725400973,0.1751398456533522,0.4266768741365887,0.09059489840350854
1163,0.5469116053918726,0.17727075513840831,0.4499601721100961,0.09695143328177644
1164,0.5436499025582399,0.17148913299409263,0.4504198521162044,0.0932300504420355
1165,0.5075021230784352,0.15845861012343196,0.42708404202073547,0.08041808105769975
1166,0.46794721107617876,0.16597189998338863,0.39028112336193754,0.07766608771424119
1167,0.489475844390856,0.1917428129736172,0.39562236910471676,0.09385347528613926
1168,0.5061194467140019,0.19567642699751872,0.40708380174704495,0.09903564496695695
1169,0.5016245192884113,0.19195925348667991,0.40533305103519324,0.0962914682532181
1170,0.4789923596871335,0.21469931880080742,0.3761530263515146,0.10283933333561888
1171,0.4529704624243948,0.22842732963679904,0.3494996292884443,0.10347083313595053
1172,0.47732407195320825,0.23981934719159426,0.36285252461855627,0.11447154733465197
1173,0.508668842612256,0.2372519620333878,0.3879861616772457,0.12068268093501028
1174,0.48890557285413094,0.2355524575010863,0.37374266368236403,0.11516290917176693
1175,0.5165760798540664,0.2316657444710385,0.3969030977387435,0.11967298211532292
1176,0.49742055512175837,0.21007010516866176,0.3929273667942765,0.10449318832748189
1177,0.49192254724167045,0.16096369414819195,0.4127408768028627,0.07918167043880775
1178,0.47922393926389745,0.18212269587107585,0.39194638351919975,0.08727755574469773
1179,0.5110014769127231,0.17656205611909087,0.4207780054691206,0.09022347144360254
1180,0.4752580848026732,0.16157913060529644,0.39846629664711897,0.07679178815555418
1181,0.47732601553477094,0.17913564515636896,0.39181991179203074,0.08550610374274019
1182,0.5072021130099093,0.18064951538456447,0.41557629709264204,0.0916258159172672
1183,0.496241854319381,0.17128220348958617,0.41124445604779925,0.08499739827158179
1184,0.5000365658418839,0.18560859592365753,0.40722548094548433,0.09281108489639961
1185,0.49492173614950186,0.16766352082322633,0.4119414153347325,0.08298032081476933
1186,0.5298385228582273,0.16738456879573355,0.4411517301782345,0.08868679267999278
1187,0.5095039264798192,0.1640750023867876,0.42590706852656524,0.083596857953254
1188,0.5350960502864148,0.2140598335912137,0.42055347880678917,0.11454257147962567
1189,0.5261324040612596,0.2018805711600974,0.41991649382353735,0.10621591023772223
1190,0.5463356864672106,0.16754170906940558,0.45480167183088727,0.09153401463632338
1191,0.49585067964963364,0.14160142195806824,0.42563751833237096,0.0702131613172627
1192,0.5133163749206517,0.1515602988298699,0.4355179917434122,0.07779838317723951
1193,0.5201831400723305,0.14646105348364413,0.44399656937290694,0.07618657069942354
1194,0.5165995664145758,0.14846962143606124,0.4399002243549704,0.07669934205960545
1195,0.5486741172190214,0.16613997339786435,0.45751741398015644,0.09115670323886492
1196,0.5190806992827286,0.18132770897783057,0.4249569853071812,0.09412371397554739
1197,0.4876587364326918,0.1820908256837541,0.3988605544637667,0.08879818196892507
1198,0.5280919653212803,0.18981556740740532,0.4278518892805297,0.10024007604075064
1199,0.5326260367223506,0.15698213789844262,0.44901326277730164,0.08361277394504901
1200,0.5370172001218532,0.17786182364656977,0.44150234157860546,0.09551485854324772
1201,0.5664101564374869,0.18902378241911433,0.4593451662670709,0.10706499017041604
1202,0.5175381383344139,0.19328270220558427,0.41750696846269086,0.10003116987172299
1203,0.5024019313875503,0.18896776681241112,0.40746416037100275,0.09493777101654757
1204,0.49985303962649336,0.1919836727385311,0.40388941724948063,0.09596362237701271
1205,0.5173247665210976,0.17980016979420518,0.4243096856618567,0.0930150808592409
1206,0.5033442912200675,0.19201644273299287,0.40669391095003055,0.09665038027003699
1207,0.49576877024639016,0.20914339235250756,0.3920820078146292,0.10368676243176095
1208,0.5017907778035339,0.19956186963616812,0.40165247201887366,0.10013830578466024
1209,0.5137903259644382,0.20384727677672382,0.4090555671823622,0.10473475878207598
1210,0.5249237942057532,0.1905602897124444,0.42489416390494933,0.10002963030080388
1211,0.5133966805468236,0.22385173978715225,0.39847194040546835,0.1149247401413553
1212,0.5127036419654112,0.21764271808268043,0.4011174277571697,0.11158621420824151
1213,0.4957300754636612,0.2329611260186912,0.38024423888231595,0.11548583658134529
1214,0.47612072900473534,0.23399872900384083,0.3647090835652451,0.11141164543949021
1215,0.4832637565844423,0.24073524443555158,0.3669251380162437,0.11633861856819862
1216,0.49003824823331904,0.24240115312063581,0.3712524117883461,0.11878583644497291
1217,0.49111779871603795,0.24813570479377225,0.3692539375948679,0.12186386112117005
1218,0.4882799342119281,0.26169930960926985,0.3604974125326068,0.12778252167932128
1219,0.46756007688834195,0.2716882782937671,0.34052948459964694,0.127030592288695
1220,0.456401088641373,0.2749534340445866,0.3309120420177397,0.12548904662363328
1221,0.4545196317252443,0.279094057526968,0.3276659034813827,0.12685372824386162
1222,0.4842916682990632,0.24171530666753788,0.3672309591796216,0.1170607091194416
1223,0.4976853372894723,0.24068070404396566,0.37790207991828356,0.11978325737118871
1224,0.5517903903638349,0.2473162374471176,0.415323667159575,0.1364667232042599
1225,0.5600717169306104,0.23787543967272445,0.4268444110174838,0.13322730591312662
1226,0.5785827619568167,0.21438047097917273,0.4545459169480837,0.12403684500873295
1227,0.5678005715832446,0.22665779784884646,0.4391041444108701,0.12869642717237453
1228,0.5457427151143708,0.24872888962194714,0.41000073556470673,0.13574197954966408
1229,0.5502382355394748,0.24853985449249463,0.41348210454228673,0.13675613099718806
1230,0.5314905497895388,0.2496823488656912,0.3987867409181691,0.13270380887136965
1231,0.5048146356413139,0.2606873861305763,0.37321582779552054,0.1315988078457934
1232,0.5019692757885631,0.24524263107548225,0.3788650098751215,0.12310426591344158
1233,0.5136606579473634,0.2320852082682301,0.39444761716845345,0.11921304077890993
1234,0.5039959145802909,0.24490758751783342,0.3805634910215878,0.1234324235587031
1235,0.5499143128719541,0.21658280731107768,0.430812327209604,0.11910198566235013
1236,0.5737399242949537,0.21621977826779473,0.4496860050805175,0.12405391921443622
1237,0.5588117343933222,0.2377165247162214,0.4259729509226975,0.13283878347062472
1238,0.5244866195199296,0.21183765635522922,0.4133806032511509,0.1111060162687787
1239,0.4956987300951215,0.1604548464761815,0.41616146645927066,0.07953726363585084
1240,0.5201581471078228,0.14378158355341816,0.44536898501844824,0.0747891620893746
1241,0.5121067138614912,0.1924879515434698,0.41353234153863494,0.09857437232285626
1242,0.5471094991419074,0.1885704548715234,0.4439408120241866,0.10316868711772083
1243,0.519245254520017,0.15006262110244384,0.4413259506317377,0.07791930388827933
1244,0.5141868372543319,0.14318906135823084,0.4405609066651267,0.07362593058920519
1245,0.5460962721127891,0.1582191841099681,0.4596933654936085,0.08640290661918062
1246,0.5459674987264703,0.1491153627304242,0.4645553571148503,0.08141214161162003
1247,0.5282590203431364,0.17568150933320462,0.4354536783303742,0.09280534201276225
1248,0.5180012306534673,0.20141087319724504,0.41367015047030486,0.10433108018316238
1249,0.5720337640676205,0.20152096275975906,0.4567569692016248,0.11527679486599575
1250,0.5525738134354583,0.21729403091317923,0.43250282213700053,0.1200709912984578
1251,0.556185223276367,0.23406154614313837,0.42600364997433393,0.1301815733020331
1252,0.5322492999261514,0.23151310059137112,0.4090266142126615,0.12322268571348996
1253,0.5133271241319669,0.23309065269479415,0.39367536972210515,0.11965175440986178
1254,0.4877186889588479,0.24523112479503947,0.36811488628190764,0.11960380267694028
1255,0.5201639122696184,0.2512370380981599,0.3894794716254484,0.13068444064417004
1256,0.5478392726539211,0.23180858430213117,0.4208454264349064,0.1269938462190147
1257,0.562544627906818,0.19436694475419042,0.45320454729268694,0.1093400806141311
1258,0.5500626065556795,0.15920683307811018,0.46248888097125923,0.08757372558442027
1259,0.5220255329890641,0.1760835048696499,0.4301054475089026,0.09192008548016145
1260,0.5245674320367788,0.2182961897219887,0.4100563603709017,0.11451107166587708
1261,0.5075082575820552,0.21784359634856998,0.3969508335737839,0.11055742400827132
1262,0.5345899926619652,0.20587994846713278,0.4245286325216749,0.11006136014029028
1263,0.5468130414383434,0.2236644821194567,0.42451038570887134,0.12230265572947209
1264,0.5419122357586158,0.23770897449153425,0.41309483393202073,0.1288174018265951
1265,0.5475434931825992,0.2539604770707621,0.40848908643695475,0.13905440674564445
1266,0.5507311079987195,0.2552578544877936,0.41015266697128105,0.14057844102743847
1267,0.5496715913374687,0.23622230059129412,0.4198269034620542,0.1298446878754145
1268,0.5275633657051959,0.20188098234343307,0.4210583551882231,0.10650501051697278
1269,0.5475878325997848,0.17356924910803145,0.45254342367474576,0.09504440892503908
1270,0.5362269703219609,0.1530805487061552,0.4541410514740359,0.08208591884792497
1271,0.5438638633660073,0.13958083355193596,0.46795089197860384,0.07591297138740351
1272,0.5505270268031495,0.13222116109528212,0.4777357041049035,0.07279132269824592
1273,0.5435063596291643,0.1575121025536463,0.4578975301726964,0.08560882945646789
1274,0.5251923135970786,0.18723173188429057,0.42685964714998015,0.09833266644709848
1275,0.5558625250314382,0.17693674216529617,0.4575100207606001,0.09835250427083807
1276,0.5463055817918276,0.18233705768324646,0.44669382941197167,0.09961175237985599
1277,0.5397076471747394,0.18398757500320725,0.44040814596037253,0.09929950121436688
1278,0.4929557984550761,0.2209240225485708,0.38405002052173814,0.10890577793333796
1279,0.4977508245611926,0.21646746135864148,0.39000396717926067,0.10774685738193189
1280,0.5046734632083938,0.21975258162735495,0.3937701667895313,0.11090329641886247
1281,0.5259171869155613,0.22781317595396605,0.4061063222755517,0.11981086464000963
1282,0.5380841213920557,0.24019729532446232,0.4088377707766443,0.12924635061541145
1283,0.5595801668928219,0.23672108845012382,0.4271157407108511,0.13246442618197074
1284,0.5490926424581379,0.24338031481514047,0.41545430227399893,0.13363834018413898
1285,0.5381975570174263,0.25089234068149935,0.40316791218825954,0.1350296448291668
1286,0.5703815002118517,0.2553994793350404,0.42470636203540557,0.14567513817644617
1287,0.5393432224401982,0.2674698727677395,0.39508515935597577,0.14425806308422243
1288,0.5625108468347049,0.2829308744723713,0.4033591610395677,0.15915168579513717
1289,0.524330543499829,0.2899269821138471,0.37231297139281033,0.15201757210701866
1290,0.5443649522102368,0.2824698957154856,0.3905982409282459,0.1537667112819909
1291,0.5537805255173003,0.29243584190836147,0.3918352513051937,0.16194527421210655
1292,0.5312639417464753,0.28493225060953176,0.3798897111569609,0.15137423058951438
1293,0.5122372800137515,0.272736709197369,0.3725313699345897,0.1397059100791618
1294,0.5256437146391061,0.25855654222457863,0.3897350933399357,0.1359086212991704
1295,0.470755755521611,0.2654060510697091,0.3458143294302828,0.12494142609132818
1296,0.4663724187644835,0.27503598335713136,0.33810322195894993,0.1282691968055336
1297,0.5204363431047585,0.2657413729114534,0.3821348747750838,0.13830146832967474
1298,0.4968273755056872,0.2580967983502318,0.36859782055492096,0.12822955495076624
1299,0.5074358491874786,0.26016012010343853,0.3754212777180739,0.13201457146940476
1300,0.5081622818518747,0.2543640537801488,0.3789040638618613,0.1292582179900134
1301,0.5368309827550195,0.28924750845043096,0.3815539585341339,0.15527702422088566
1302,0.5758838313062058,0.3025006836363239,0.4016785786409731,0.17420525266523268
1303,0.5660640747623988,0.28942238583144225,0.4022324597111975,0.16383161505120136
1304,0.5509952791441404,0.28017688155058357,0.3966191400844418,0.15437613905969855
1305,0.5239412475797008,0.27279562258295253,0.38101236874930744,0.14292887883039337
1306,0.5267868272102368,0.2565028786454174,0.391664489598325,0.13512233761191184
1307,0.5322353773288796,0.2756912903368977,0.38550271939013514,0.14673265793874446
1308,0.5288232807822187,0.2742280748244603,0.3838050905709559,0.14501819021126286
1309,0.5491080710839336,0.2563340587690454,0.4083529705201474,0.14075510056378618
1310,0.5726602002178225,0.2509358954273839,0.42895920010053823,0.14370100011728423
1311,0.5586835601392682,0.26213693675591226,0.412231963068473,0.14645159707079528
1312,0.4954755060792518,0.29568161491433825,0.3489725082912396,0.14650299778801218
1313,0.5082596658139702,0.2944966953097326,0.3585788738725269,0.1496807919414433
1314,0.5595045478151472,0.2761647051229332,0.40498913935283704,0.1545154084623102
1315,0.5496954585040398,0.2709361751109985,0.40076307350106866,0.14893238500297112
1316,0.5006190281619789,0.28458014015965666,0.35815279496105185,0.14246623320092705
1317,0.49089246440789386,0.2945343601967045,0.34630776647813133,0.14458469792976256
1318,0.5052273214998272,0.2926874883742577,0.35735360571198915,0.147873715787838
1319,0.5351295547589238,0.2822896731907914,0.38406800763129345,0.1510615471276303
1320,0.5614774867336723,0.266578839705124,0.41179946979966076,0.1496780169340115
1321,0.5701539349589363,0.2598340910813989,0.4220085054923981,0.14814542946653822
1322,0.5704895703055337,0.2610790462027431,0.42154669742155226,0.14894287288398148
1323,0.560810276798015,0.2469861013491023,0.4222979329351624,0.13851234386285263
1324,0.531953044728542,0.26153294686337725,0.3928297973477405,0.1391232473808015
1325,0.5142556204418788,0.26967579722379187,0.3755733260223994,0.13868229441947938
1326,0.47727929448235085,0.25928174004271964,0.3535294885226053,0.12374980595974554
1327,0.5220967298523427,0.22499836595739678,0.40462581876386516,0.11747091108847753
1328,0.5056473132174788,0.2391413228267041,0.38472614585088216,0.12092116736659667
1329,0.49260959863065484,0.2738114836253821,0.3577274335814913,0.1348821650491636
1330,0.5256705070029393,0.2607883890166613,0.3885817423280712,0.1370887646748681
1331,0.4948239759618814,0.29451201614854194,0.34909236916271,0.14573160679917133
1332,0.5711676695045229,0.24868140501338615,0.42912889095391676,0.14203877855060615
1333,0.5357180841223733,0.23491210392508058,0.4098714218704733,0.12584666225190003
1334,0.5375738085142383,0.24660265044226293,0.4050066825262856,0.1325671259879527
1335,0.5080203294331024,0.22757842124715505,0.39240586489925733,0.11561446453384505
1336,0.48655116052763264,0.2403462260850623,0.3696104252975088,0.11694073523012383
1337,0.4880768932060913,0.23058866541930859,0.3755318937796963,0.112544999426395
1338,0.4327820006257429,0.24886220319272018,0.3250789184478673,0.10770308217787558
1339,0.45529682129311794,0.2422236526904352,0.34501316218115463,0.11028365911196333
1340,0.46898494883529107,0.2390973986834972,0.35685186754705994,0.11213308128823112
1341,0.5134664204435898,0.2290047222054089,0.39588018546809983,0.11758623497548998
1342,0.49802621901715965,0.2309055715710822,0.38302919025761745,0.11499702875954222
1343,0.5068455140416357,0.21903901240188278,0.3958265732056312,0.1110189408360045
1344,0.5034103986506289,0.2445192315575732,0.3803168748144855,0.12309352383614336
1345,0.5040679618934838,0.24149329611333928,0.38233892831069327,0.1217290335827905
1346,0.4750735838552837,0.2691425233711276,0.3472110807095077,0.12786250314577605
1347,0.4870831240204419,0.2653271379747313,0.35784675276830696,0.12923637125213494
1348,0.4415806994929944,0.2601966027272689,0.3266829016549862,0.11489779783800819
1349,0.4329293597532491,0.2387028846568538,0.32958787272750373,0.10334148702574537
1350,0.4379897605259601,0.2489788510161138,0.32893957319338374,0.10905018733257639
1351,0.42782036343387714,0.2607912948032746,0.31624853691074883,0.11157182652312833
1352,0.45307390929962454,0.25767418848939466,0.3363284573951262,0.11674545190449837
1353,0.46829269161647097,0.24144251082217721,0.3552269283529147,0.11306576326355629
1354,0.4737622225034621,0.2566829982309133,0.35215551478273244,0.1216067077207297
1355,0.5080509451293831,0.2384329766786835,0.3869148459777658,0.1211360991516173
1356,0.5532041181002151,0.20853430127068548,0.437842083872121,0.11536203422809412
1357,0.5728965847427334,0.20651362457031452,0.45458563452355716,0.11831095021917623
1358,0.5565039857967921,0.2121596448806283,0.4384362977954904,0.11806768800130162
1359,0.5626992198010785,0.21561073926410715,0.4413752250364317,0.12132399476464685
1360,0.5389369335420334,0.21713429511903026,0.4219152423637723,0.11702169117826108
1361,0.5250582335034214,0.2130264718776129,0.4132069304898957,0.11185130301352571
1362,0.5450749497266577,0.19505485115126647,0.43875543654144045,0.10631951318521728
1363,0.5521365278594766,0.19386967081903925,0.4450940009561926,0.10704252690328403
1364,0.5777808784273559,0.1919017280339659,0.4669037294321635,0.11087714899519238
1365,0.5559989537185672,0.22504293025792466,0.4308753199534006,0.1251236337651666
1366,0.5213432113281533,0.2370922233562254,0.39773679022268693,0.12360642110546635
1367,0.49314910265421236,0.23990519506675076,0.3748400709849604,0.11830903166925191
1368,0.512533992414236,0.2467724249651789,0.38605473622909037,0.12647925618514563
1369,0.5231237602029759,0.22746613160338763,0.4041308221197868,0.11899293808318911
1370,0.5230383636421885,0.23808310380292663,0.39851176661825244,0.12452659702393605
1371,0.5375553188945423,0.23513842823672357,0.41115540611938894,0.1263999127751534
1372,0.536162367543183,0.233377338038151,0.41103422144972224,0.1251281460934608
1373,0.5223838432452961,0.2508402025782681,0.39134897418203174,0.13103486906326434
1374,0.5211971467118264,0.2591538768348207,0.3861268855462098,0.13507026116561663
1375,0.5005019135115562,0.24213275486466782,0.37931400637796536,0.1211879071335908
1376,0.4910435207083901,0.25167289805127196,0.3674611747824098,0.1235823459259803
1377,0.48905242884570554,0.2482635886803202,0.3676385178076437,0.1214139110380618
1378,0.47291015454409385,0.23426489532407657,0.36212390669212885,0.11078624785196502
1379,0.44666931542786464,0.24342861632001347,0.3379372220206519,0.10873209340721274
1380,0.46892156484698644,0.24454742784407157,0.3542480023030389,0.11467356254394755
1381,0.47958163461793246,0.22350603612965314,0.37239224446389874,0.10718939015403373
1382,0.48480450686919424,0.23120360044552185,0.3727159593688208,0.11208854750037343
1383,0.5171495007463753,0.22812230060833827,0.39917616687765867,0.1179733338687167
1384,0.482738161015281,0.22145686486090124,0.3758324813281199,0.10690567968716107
1385,0.3566936768541483,0.23199859226924652,0.2739412459526444,0.08275243090150393
1386,0.4507608368490837,0.25515173523953066,0.33574842714901704,0.11501240970006667
1387,0.48738132780594173,0.25096286571030063,0.3650667130860712,0.12231461471987057
1388,0.47088169507614774,0.24895669229200013,0.3536525458091398,0.11722914926700795
1389,0.4981992346979071,0.2314622087567477,0.3828849394338082,0.11531429526409892
1390,0.534607410176589,0.2247832224786625,0.41443663375612316,0.12017077642046578
1391,0.47852337066502487,0.23136593520082732,0.36780936349565924,0.11071400716936562
1392,0.49350699375565954,0.20643834516119394,0.3916282266392655,0.10187876711639403
1393,0.48554837106593157,0.20729881863736166,0.38489476735266864,0.10065360371326293
1394,0.5069586510395604,0.20247699835487393,0.40431118508703423,0.10264746595252618
1395,0.5291268359565315,0.1945644560983117,0.4261775609116284,0.10294927504490316
1396,0.49012609564182114,0.2032725282969565,0.3904969249963922,0.0996291706454289
1397,0.48562768155931935,0.20699407670610492,0.3851056279920217,0.10052205356729764
1398,0.5071697870269357,0.19759314158682434,0.4069565154903629,0.10021327153657285
1399,0.5397458384460622,0.1746733409887777,0.4454666295598994,0.09427920888616274
1400,0.5043238350507787,0.18926742437648736,0.4088717617390454,0.09545207331173335
1401,0.516325508898415,0.17786247705453187,0.4244905749193012,0.09183493397911383
1402,0.5206622354932804,0.1636883762630459,0.43543587958389773,0.08522635590938268
1403,0.5469090152430903,0.16913007499995553,0.4544102524768746,0.09249876276621569
1404,0.540366018063407,0.19573879829054472,0.4345954230506289,0.10577059501277807
1405,0.5332284546400439,0.1991264328618333,0.42704857456714407,0.10617988007289982
1406,0.5590843883855184,0.19182681639898427,0.4518370100631512,0.10724737832236726
1407,0.5263774639262451,0.18349868874489306,0.42978788951091684,0.09658957441532821
1408,0.5076929913236817,0.19003124072210031,0.411215462276528,0.09647752904715375
1409,0.4952359192568418,0.1966770164562963,0.3978343962154149,0.0974015230414269
1410,0.4747136187574378,0.19572236711325866,0.381801545593331,0.09291207316410675
1411,0.45901175735955,0.20640324609257604,0.364270240645881,0.09474151671366901
1412,0.4613657534099019,0.20180971410360007,0.3682576626170575,0.09310809079284435
1413,0.4974965575589749,0.19494296222478497,0.4005131049317951,0.09698345262717979
1414,0.5277607904874856,0.1879253802371072,0.4285811432608886,0.099179647226597
1415,0.5414251497380593,0.17216637835571738,0.4482099425569557,0.09321520718110365
1416,0.5205080004250252,0.17170447188321308,0.431134449101059,0.08937355132396621
1417,0.5176131609081456,0.16916302027288124,0.4300521552759308,0.08756100563221476
1418,0.49440554721973073,0.1796648298289611,0.4055782587120034,0.08882728850772731
1419,0.5108265102660796,0.18736513474435124,0.4151154323390889,0.09571107792699073
1420,0.49949230155165397,0.2070082685827408,0.39609326503703784,0.10339903651461614
1421,0.4595425690215188,0.23213600829441475,0.35286619140750286,0.10667637761401595
1422,0.4675587912633943,0.2269317162258514,0.3614548723255076,0.10610391893788668
1423,0.5078569135108353,0.1840024250327059,0.4144100098552164,0.09344690365561886
1424,0.508697433248991,0.19347828086164437,0.4102755283852451,0.09842190486374586
1425,0.5171381028401514,0.188512819879694,0.4196509408065192,0.09748716203363214
1426,0.4947745787770011,0.17622369780333683,0.4075835729258296,0.08719100585117151
1427,0.4746802325594202,0.18457017607089884,0.38706841845855283,0.0876118141008674
1428,0.46327090852904257,0.20580774233535498,0.3679261687550316,0.095344739774011
1429,0.524787579288816,0.18117888328103982,0.4297071517135082,0.09508042757530782
1430,0.5601875537158935,0.1727176046504473,0.46343330128309057,0.0967542524328029
1431,0.5606959076176907,0.1797072539506069,0.4599347857583723,0.10076112185931838
1432,0.5300918292713219,0.19469248120112628,0.4268869357660444,0.10320489350527749
1433,0.4922945269001521,0.2088267518661315,0.3894902598861194,0.10280426701403265
1434,0.5216429258981881,0.1939831131263908,0.4204530071920983,0.1011899187060897
1435,0.4971268928264114,0.1935919086068843,0.4008871488243364,0.09623974400207501
1436,0.4725161296468413,0.1955525315849318,0.3801144042796877,0.09240172536715366
1437,0.49317329811072086,0.1866427692058564,0.4011260680529506,0.0920472300577703
1438,0.5017203952194521,0.18018732429693463,0.4113167396596585,0.09040365555979363
1439,0.5008317342588722,0.15543207662978506,0.422986417760919,0.07784531649795316
1440,0.5369143180855438,0.13604378724937086,0.463870460824773,0.07304385726077076
1441,0.5825344779228879,0.12935301764998847,0.5071818853184018,0.07535259260448614
1442,0.5587653293653367,0.13359259243993052,0.48411842044986975,0.07464690891546698
1443,0.5585826349512898,0.13070360379310553,0.4855738715469075,0.07300876340438228
1444,0.5454088373642628,0.13194029377971084,0.4734474351323715,0.07196140223189136
1445,0.5148803954925573,0.14050850265624662,0.442535322074842,0.07234507341771529
1446,0.5376823423190213,0.15968343802487583,0.4518233773322518,0.08585896498676952
1447,0.5243729076704293,0.17347948607136357,0.4334049651380167,0.09096794253241265
1448,0.5249033544962686,0.18798128504372108,0.42623134739430013,0.09867200710196844
1449,0.5332404057454763,0.19619531323476752,0.42862113731080803,0.10461926843466825
1450,0.5322216149340934,0.18829344147711416,0.43200777542964547,0.1002138395044479
1451,0.4801683804771468,0.2048264102818327,0.38181721477317154,0.09835116570397522
1452,0.4942463011929446,0.20414514757296212,0.39334831709852025,0.10089798409442437
1453,0.48909494996467856,0.20664850829360917,0.38802420814054034,0.10107074182413824
1454,0.5313983471262734,0.1806465974420018,0.4354030438316084,0.09599530329466505
1455,0.5100830085274661,0.20914803428463297,0.40340014997195495,0.10668285855551121
1456,0.49588700543810543,0.21061792653186073,0.3914443125586381,0.10444269287946731
1457,0.4932454371648684,0.20101727834604968,0.39409458182937906,0.09915085533548931
1458,0.4790014984879929,0.20534446435423148,0.3806411923561018,0.09836030613189112
1459,0.4565583824506812,0.22256229478368916,0.3549457011497284,0.1016126813009528
1460,0.48049664675971887,0.2370730209489514,0.3665838551565511,0.11391279160316774
1461,0.555698816989951,0.20604112022613988,0.44120201022900085,0.11449680676095021
1462,0.5464688306279085,0.18794052001120037,0.4437651944297868,0.10270363619812171
1463,0.5165929185120525,0.18851350956261004,0.41920817442815406,0.09738474408389843
1464,0.5238380919475839,0.21239726688119093,0.41257631292965913,0.1112617790179248
1465,0.5174143966828858,0.21188974099212063,0.40777959418415477,0.10963480249873103
1466,0.5150067693460201,0.2185168603135339,0.4024691070683114,0.11253766227770864
1467,0.4950203625569688,0.2235061577729713,0.3843802633024775,0.11064009925449132
1468,0.5120017868654836,0.2204675752196489,0.3991219944071229,0.11287979245836065
1469,0.509221142183567,0.22338946561684853,0.3954665033503787,0.11375463883318826
1470,0.5189501676741294,0.20448561325836034,0.4128323243867561,0.10611784328737327
1471,0.5263834493664584,0.20221253685947668,0.419942116709225,0.10644133265723345
1472,0.5329253694347419,0.2132692754865808,0.41926876200697605,0.11365660742776582
1473,0.5452655893078875,0.2032849381135099,0.4344213077300071,0.11084428157788041
1474,0.5425748485087247,0.18922642324228156,0.439905350584196,0.10266949792452874
1475,0.5181318857932019,0.16610667277670957,0.4320667221845711,0.08606516360863084
1476,0.5036706228073086,0.18508283541341422,0.41044983582369166,0.09322078698361692
1477,0.5010083646333612,0.1950571202670981,0.4032831157982495,0.09772524883511166
1478,0.5565886257763092,0.19966304045790403,0.44545844846952476,0.11113017730678443
1479,0.5547357723882093,0.18998116763675402,0.44934642262002067,0.1053893497681886
1480,0.5345306651758197,0.18641829324392822,0.4348843708872017,0.09964629428861797
1481,0.5425358581023465,0.18868813960000405,0.44016577637072296,0.10237008173162354
1482,0.5425433020109706,0.17230459219834604,0.4490605996080262,0.09348270240294437
1483,0.5171357108167869,0.19150602458881275,0.41810110666535416,0.09903460415143274
1484,0.49799576389883926,0.193576454088437,0.4015955097722395,0.09640025412659976
1485,0.4944618127107103,0.16425160684718523,0.4132456654484042,0.08121614726230612
1486,0.5219736832042544,0.18180353552241166,0.4270770221480657,0.09489666105618871
1487,0.5211706533509137,0.16896196693683063,0.4331126346509902,0.08805801869992351
1488,0.5225997712895246,0.1719315396010575,0.43274838801655613,0.0898513832729685
1489,0.49950365302418875,0.16728332792754544,0.4159450196343365,0.08355863338985224
1490,0.5012508981802424,0.20070138310350952,0.40064914963359133,0.10060174854665106
1491,0.4904894039652903,0.22391374296474753,0.38066208563887405,0.10982731832641622
1492,0.5296600571640117,0.20677391071773216,0.4201401757932314,0.10951988137078025
1493,0.5296826298194034,0.21575224615064914,0.41540241268888434,0.11428021713051909
1494,0.5089279288306545,0.2316791255362584,0.39101995131818934,0.11790797751246519
1495,0.5106222283167697,0.24062778556464023,0.3877523322568233,0.12286989605994643
1496,0.4763536096009045,0.2676036490815977,0.3488796454185117,0.12747396418239285
1497,0.5051010594126297,0.2503635858912082,0.3786421469406355,0.1264589124719942
1498,0.5253346867976924,0.23200199855643786,0.4034559895496074,0.12187869724808495
1499,0.5079338658987286,0.2334217326408168,0.38937106285369905,0.11856280304502952
1500,0.5170191063111544,0.2291323419998228,0.3985533076234243,0.11846579868773018
1501,0.5182040461242421,0.2296289857472222,0.3992093766026256,0.11899466952161647
1502,0.5134551527018855,0.23029398778504281,0.39520951803739013,0.11824563466449531
1503,0.549549333311148,0.2130369157865781,0.4324750382699708,0.11707429504117717
1504,0.5509047717485848,0.1989063492020662,0.4413263148420762,0.10957845690650858
1505,0.5227789070807,0.21348877845364608,0.4111714768067092,0.11160743027399078
1506,0.514972861113184,0.1666250868026613,0.4291654634291848,0.08580739768399913
1507,0.4654489102588369,0.13047082980963706,0.40472140470337514,0.06072750555546175
1508,0.49960070644349935,0.19783447323680167,0.40076246385551567,0.09883824258798368
1509,0.5154117991527739,0.2150058617580307,0.40459524111567474,0.11081655803709918
1510,0.5305751206206568,0.17250761799461867,0.4390468703951798,0.09152825022547699
1511,0.4663210957705038,0.1608649181678548,0.3913063908594373,0.07501470491106647
1512,0.4904671034038078,0.20672974675603392,0.3890729633249731,0.10139414007883468
1513,0.4787916272241472,0.1997570724321123,0.38314961346484433,0.09564201375930288
1514,0.46620173503116835,0.19733917187020497,0.37420187071566485,0.09199986431550349
1515,0.4770024590801199,0.19704247322471016,0.38301271480870447,0.09398974427141543
1516,0.49596758115565553,0.17495668036626666,0.40919473958737507,0.08677284156828044
1517,0.5035207456221387,0.1595290349947501,0.42319456697320185,0.08032617864893682
1518,0.5084884468535623,0.20139146606031458,0.406083213066991,0.10240523378657126
1519,0.4983172546175323,0.19072454451372214,0.40327592320727496,0.09504133141025735
1520,0.5075799042638757,0.17818023454028217,0.41713919787420434,0.09044070638967133
1521,0.5383612738199869,0.17170309295092331,0.44592297798009617,0.09243829583989069
1522,0.5009683141370972,0.15449734225608824,0.42357004104840257,0.07739827308869464
1523,0.4985141504813027,0.14405471211103374,0.4267008380504421,0.07181331243086062
1524,0.49001921943213217,0.1878655132918799,0.39796150725062834,0.09205771218150384
1525,0.5165927668203238,0.14475188364220223,0.44181499074714503,0.07477777607317883
1526,0.5359460659017516,0.1537552662383049,0.45354153584965573,0.08240453005209593
1527,0.49453929051269346,0.1401162450222164,0.42524630211010384,0.06929298840258961
1528,0.5040322044483616,0.11174773657926058,0.4477077464382021,0.05632445801015953
1529,0.5512433670864217,0.1253234485896452,0.48215964731098365,0.06908371977543809
1530,0.5075232004689079,0.12806260139105644,0.4425284591505449,0.06499474131836297
1531,0.5210128261173915,0.14302824245378806,0.44649327730193994,0.0745195488154516
1532,0.545702192020774,0.16078176561410837,0.45796323008818474,0.08773896193258923
1533,0.5532047182337455,0.13685957512011865,0.47749335554183014,0.07571136269191536
1534,0.5318725419782178,0.1518632936606273,0.45110062594575534,0.0807719160324624
1535,0.5197450413435757,0.12951055502815298,0.45243257256603886,0.0673124687775368
1536,0.5301042828868949,0.10687339437692042,0.4734502388010292,0.05665404408586571
1537,0.5303102943972593,0.1262224363995605,0.463373236990669,0.06693705740659026
1538,0.49336038482635586,0.12177614964873067,0.4332808567729862,0.06007952805336966
1539,0.5113925126568775,0.11418440778726563,0.4529994614523102,0.058393051204567295
1540,0.5611065566517882,0.11782930258041273,0.4949917624082112,0.06611479424357705
1541,0.5146992408997458,0.1172370476832687,0.4543574214518401,0.06034181944790571
1542,0.49175911217019996,0.12426122222146346,0.43065252385338915,0.061106588316810796
1543,0.5364728731273691,0.12254895982630566,0.47072868055058037,0.06574419257678873
1544,0.48759688788508593,0.11238511555552679,0.43279825529560534,0.05479863258948062
1545,0.5152413094146563,0.12178685376074583,0.45249169141347834,0.06274961800117794
1546,0.4995269692443989,0.1049764489140702,0.44708840187631393,0.05243856736808495
1547,0.5280234571062811,0.11909052234729732,0.46514086778786834,0.06288258931841276
1548,0.4979485318255214,0.09252554471399818,0.4518755726788294,0.04607295914669203
1549,0.48994402126145714,0.11298039719815355,0.4345899511344771,0.055354070126980015
1550,0.4778028448414976,0.11761069841726576,0.4216081185539326,0.056194726287565
1551,0.505117400691961,0.09470191940612077,0.4572818133210017,0.047835587370959304
1552,0.5023678937411437,0.116469487641862,0.4438573625493913,0.058510531191752375
1553,0.48492460266259096,0.10223198303809676,0.43534979890843317,0.04957480375415781
1554,0.4571269998967415,0.1192001090276749,0.40263741166955597,0.05448958822718552
1555,0.4961988366978605,0.0723872760397901,0.4602803545351898,0.03591848216267076
1556,0.5120436674248303,0.0850403445876691,0.46849929750308894,0.043544369921741405
1557,0.5046065428753758,0.10138495912998097,0.4534470291492348,0.051159513726140964
1558,0.4984961439722277,0.14034670368812188,0.42853385336448613,0.06996229060774159
1559,0.5118907482698052,0.14275018856349056,0.4388182474303842,0.07307250083942098
1560,0.527317576543426,0.1546964156318461,0.44574343755248635,0.08157413899093965
1561,0.5496740535745789,0.1611883854347672,0.46107298036350874,0.08860107321107011
1562,0.5545900366876108,0.158336170662519,0.46677837399090855,0.08781166269670222
1563,0.5063870552040063,0.15010347163159168,0.4303766002285865,0.0760104549754198
1564,0.4985861975441792,0.1717864237312614,0.41293585774629643,0.08565033979788278
1565,0.4960771522715335,0.17904518793230542,0.40725692531415386,0.08882022695737961
1566,0.5050828871941085,0.16601568060823804,0.4212312079130047,0.08385167928110385
1567,0.5188218268345219,0.17943183738289517,0.4257286731712534,0.09309315366326854
1568,0.5314708209785843,0.16643462213902635,0.4430156757110955,0.08845514526748881
1569,0.5202012761201342,0.12057787599322115,0.45747651115660526,0.06272476496352894
1570,0.4996232652063318,0.12737081779950699,0.43598584132534135,0.06363742388099045
1571,0.4878705057205184,0.1305115345814562,0.42419777734190245,0.06367272837861596
1572,0.5407188292441596,0.1301409476918911,0.47034916837147484,0.07036966087268477
1573,0.5852524707919229,0.12030572362239747,0.5148432487915046,0.07040922200041833
1574,0.5783171431065895,0.11022775674938894,0.5145705417322348,0.0637466013743547
1575,0.5725968277440715,0.09624290280923198,0.5174884469026243,0.055108380841447216
1576,0.44904559101312275,0.10516437958513146,0.401821990028789,0.04722360098433374
1577,0.2521650447279733,0.08515126114650848,0.23069287315232065,0.021472171575652645
1578,0.46627077504332515,0.11003857385061995,0.4149630039293344,0.051307771113990736
1579,0.54248901426974,0.1537118646833709,0.4591020163160945,0.08338699795364554
1580,0.5467664352811435,0.16658110162936623,0.4556854801580491,0.09108095512309447
1581,0.5695339229284104,0.1672426239840796,0.4742835752099165,0.09525034771849392
1582,0.5852534366376901,0.18660436904077682,0.4760425883649677,0.10921084827272243
1583,0.5853848695104296,0.18231910613316213,0.4786580233574103,0.10672684615301926
1584,0.5615697564817285,0.1689312588944968,0.46670307056219407,0.0948666859195344
1585,0.5693651987969066,0.16420596626128436,0.4758720361729123,0.09349316262399432
1586,0.5634342119090635,0.1691400010066737,0.4681349487395701,0.0952992631694934
1587,0.5702211474111742,0.18530496551572478,0.4645563373538096,0.10566481005736467
1588,0.5499759530311704,0.16891810341614039,0.4570750581206608,0.09290089491050961
1589,0.5637717648043197,0.15448462528178325,0.4766776949740747,0.08709406983024497
1590,0.5688844350172579,0.16099653311078993,0.47729601323878895,0.09158842177846899
1591,0.5895969619507001,0.16903457049742188,0.4899346927207787,0.09966226922992139
1592,0.5712980581824669,0.17391058206387078,0.471943280351995,0.09935477783047193
1593,0.5944302705684612,0.19604504230789438,0.4778951630257741,0.11653510754268707
1594,0.5898740213860947,0.21700305541618198,0.46186955643468186,0.12800446495141282
1595,0.5953615741766185,0.24337107020971255,0.4504677907075157,0.1448937834691028
1596,0.5588089946805005,0.2081687203066675,0.4424824413620053,0.11632655331849516
1597,0.5379739219820543,0.1892185171255203,0.43617929421240964,0.10179462776964465
1598,0.5590221274416701,0.18549492694439895,0.455326358751575,0.10369576869009509
1599,0.5361970625204138,0.19588382889296893,0.4311647288727525,0.10503233364766129
1600,0.5490061712891144,0.20600319188420413,0.4359091476394308,0.11309702364968369
1601,0.5223888893732789,0.21194370947329466,0.4116718503718716,0.11071703900140728
1602,0.48957140417230394,0.21092266686297198,0.38630969798443165,0.10326170618787227
1603,0.5108422416495415,0.21295918757987692,0.402053692886372,0.10878854876316953
1604,0.5598450204007052,0.15966797752041945,0.4704556982684466,0.08938932213225856
1605,0.5191346798857561,0.11123399405295765,0.46138925599065983,0.05774542389509627
1606,0.542053947498185,0.13001343930357748,0.47157964949586517,0.07047429800231986
1607,0.5298345995243845,0.14737300378219984,0.45175128308473705,0.07808331643964746
1608,0.5197752992125856,0.18767861564450825,0.4222245906101575,0.09755070860242812
1609,0.5508375791964993,0.1859270950200693,0.4484219482686069,0.10241563092789248
1610,0.5448396542031749,0.16359764422509135,0.45570517029512214,0.08913448390805281
1611,0.5663507322040591,0.14752786374926857,0.48279821854916016,0.08355251365489892
1612,0.5659945686611353,0.1600043922278651,0.4754329516982377,0.09056161696289762
1613,0.5604162000852709,0.163550398434533,0.4687599072721579,0.09165629281311304
1614,0.5493895676275489,0.1344889910122786,0.4755027190046478,0.07388684862290104
1615,0.5420915328787006,0.10373063261215439,0.4858600352395005,0.0562314976392001
1616,0.5413808320983992,0.10260071352945914,0.4858347724339311,0.055546059664468066
1617,0.5295188797247637,0.11865485630007852,0.46668889314284334,0.0628299865819204
1618,0.49148784142634105,0.1347513836330846,0.4252591747553035,0.06622866667103752
1619,0.4687365124526033,0.1734572787524606,0.38743075255065584,0.08130575990194742
1620,0.49418919063385297,0.15412042150451807,0.41802454427038693,0.07616464636346605
1621,0.5250595151233068,0.14817359446670017,0.44725955945854373,0.0777999556647631
1622,0.5448711179713642,0.12448859963962922,0.4770408755110299,0.06783024246033434
1623,0.5208106970141413,0.1303627295758994,0.4529163929590511,0.06789430405509017
1624,0.4830113667047874,0.1301664256167116,0.4201395035685825,0.06287186313620492
1625,0.4538601768414763,0.12466557062868447,0.397279438909898,0.056580737931578286
1626,0.46034854384711593,0.16039872513144332,0.3865092242979222,0.07383931954919373
1627,0.49033807582120115,0.1839691361209361,0.40013100360517273,0.09020707221602844
1628,0.5234384839937051,0.17938552960091272,0.4295411943289954,0.09389728966470966
1629,0.5228524954667102,0.1363948212856634,0.45153812278876515,0.07131437267794508
1630,0.5252271327312358,0.12293792913259856,0.46065679670900517,0.0645703360222306
1631,0.48438320687296216,0.12769868620322516,0.42252810773637983,0.0618550991365823
1632,0.45344578983281814,0.10246346104042982,0.40698416481233624,0.046461625020481886
1633,0.4493280132267257,0.08441378055461896,0.41139853692116196,0.03792947630556375
1634,0.4498824527528026,0.08253502232433646,0.41275139447152276,0.037131058281279807
1635,0.39791416266009594,0.07521152970252494,0.3679864297961308,0.029927732863965148
1636,0.40076628944081066,0.07493129370929634,0.3707363528979364,0.030029936542874253
1637,0.4166773043203134,0.08911588879417488,0.3795447360054478,0.03713256831486562
1638,0.4286571527069638,0.1089317585389354,0.38196277525230127,0.04669437745466254
1639,0.45185554624169455,0.11487724721351301,0.39994762495129044,0.051907921290404106
1640,0.4122320364111734,0.11325006607820753,0.36554673104805396,0.04668530536311944
1641,0.4445039731988691,0.10931834874276462,0.39591153283917063,0.04859244035969847
1642,0.4184748042451784,0.10039691649298356,0.37646122426895756,0.04201357997622082
1643,0.46293320657037973,0.10017559094434983,0.41655859903442916,0.04637460753595056
1644,0.46939734107268605,0.10420424631658534,0.42048414492319763,0.0489131961494884
1645,0.47021371554276825,0.10236342469164479,0.4220810292828276,0.048132686259940646
1646,0.4683820598221634,0.12685884913876022,0.4089636507558818,0.0594184090662816
1647,0.48099333479160317,0.17184556185191227,0.3983367649273152,0.08265656986428799
1648,0.46279952623198756,0.15373482333199176,0.3916511228285835,0.07114840340340409
1649,0.4550045631475264,0.1661975093333874,0.37938393801708153,0.07562062513044487
1650,0.44643916766081654,0.16667857167829112,0.37202732485386647,0.07441184280695004
1651,0.45626554357107907,0.1644533841152426,0.3812311308756344,0.07503441269544463
1652,0.43159099915110305,0.14599000336497545,0.36858302773274043,0.06300797141836265
1653,0.4095447285760575,0.12152317214397512,0.3597755540246517,0.0497691745514058
1654,0.4200028553539847,0.09562325854045557,0.379840813728741,0.040162041625243644
1655,0.4170689216745857,0.09406839305522162,0.37783591841938335,0.03923300325520237
1656,0.4432029363966174,0.12365426346000438,0.3883990037331825,0.05480393266343489
1657,0.4659394513964402,0.14957957244418868,0.39624442747168087,0.06969502392475936
1658,0.439749141896412,0.12984400656380987,0.38265035142958453,0.05709879046682748
1659,0.4003998477820062,0.07915214122566672,0.3687073424836294,0.03169250529837681
1660,0.42691953897441315,0.08124283180395402,0.3922353866756933,0.034684152298719836
1661,0.44269380250896795,0.08790033000063276,0.4037808711791947,0.03891293132977323
1662,0.4083536502542878,0.07516981106181882,0.37765778351826895,0.030695866736018856
1663,0.42655296777688007,0.09108825511941117,0.38769900222607767,0.03885396555080242
1664,0.470078874487304,0.09372684438607849,0.42601986496904953,0.04405900951825446
1665,0.4656573171718369,0.11075312643912777,0.41408431344579943,0.05157300372603747
1666,0.4415634371745286,0.11090654325692596,0.39259116272885486,0.048972274445673765
1667,0.4386409196744496,0.12474607594231578,0.3839221861973335,0.05471873347711613
1668,0.42889565528395696,0.1522803413478937,0.3635832784946874,0.06531237678926952
1669,0.4401033160498748,0.1727073796739979,0.36409422554906357,0.07600909050081123
1670,0.49511796003893976,0.18563988130306316,0.4032043207062962,0.09191363933264354
1671,0.43265243386164537,0.15849063345443404,0.3640810755533106,0.0685713583083348
1672,0.43799518000082954,0.18665061367364172,0.35624311086757754,0.081752069133252
1673,0.46151671696817786,0.19658340275124056,0.3707901903199923,0.0907265266481856
1674,0.4344063821149849,0.1729004095903577,0.35929734071863856,0.07510904139634633
1675,0.4088163289255168,0.14704336495985337,0.34870260026977457,0.06011372865574222
1676,0.4023211918629585,0.1309204444479288,0.34964912261343956,0.05267206924951896
1677,0.4199521258601512,0.13014507798644503,0.3652974236895084,0.054654702170642756
1678,0.4511338350449314,0.14681134247318517,0.38490227108690855,0.06623156395802285
1679,0.4288762709083468,0.12452998740390678,0.37546831429429584,0.053407956614050935
1680,0.45864586088982967,0.1229504609540855,0.40225514087874176,0.056390720011087934
1681,0.4861232538059224,0.13737757389441438,0.41934082058440614,0.06678243322151627
1682,0.46853872458639884,0.12874307285326644,0.40821760943239555,0.06032111515400329
1683,0.4269033269834942,0.10154055551699889,0.3835553260095352,0.04334800097395902
1684,0.38761871437236894,0.11554388424870415,0.34283174250629644,0.044786971866072514
1685,0.4037482872451875,0.11983774152233694,0.35536400435821247,0.04838428288697503
1686,0.4454706731707648,0.14245471517981792,0.38201127530326173,0.06345939786750306
1687,0.44430876571910793,0.16556094947174094,0.3707485846080351,0.0735601811110728
1688,0.43690405063314103,0.1578934628369721,0.3679197571511746,0.06898429348196643
1689,0.4487654294067827,0.1557466244269145,0.3788717286171815,0.0698937007896012
1690,0.46385233065940434,0.14079724919234368,0.3985431984711028,0.06530913218830155
1691,0.48906910066782167,0.12769761820625844,0.426616141374264,0.06245295929355766
1692,0.4853809001434036,0.11129396188746164,0.4313609367419418,0.05401996340146179
1693,0.4769221003868746,0.08114842976847865,0.438220620818595,0.038701479568279615
1694,0.4754467501385832,0.10101750456958261,0.42741830588386565,0.04802844425471753
1695,0.4821547682691871,0.11293063026957177,0.42770472640106844,0.05445004186811862
1696,0.4408212876450209,0.08470477492143977,0.4034816196944701,0.03733966795055075
1697,0.4375991386799466,0.08619150343173612,0.3998818110166892,0.03771732766325739
1698,0.443897208787486,0.11362371334296407,0.3934599595824748,0.050437249205011185
1699,0.4539790051578632,0.1062364629814056,0.4057498813820745,0.048229123775788675
1700,0.47510619732662424,0.10923455547536016,0.4232081830580617,0.051898014268562546
1701,0.4975599807217936,0.08062677529548265,0.45744332396011284,0.04011665676168073
1702,0.4670597843005297,0.10644586571204466,0.41734320122137897,0.04971658307915073
1703,0.46627426144991996,0.1466519385754268,0.3978942371004638,0.06838002434945616
1704,0.4945399069167888,0.13887226588016868,0.4258620294750866,0.06867787744170216
1705,0.4832191300543644,0.11951083341339135,0.42546920910027336,0.05774992095409103
1706,0.47925094339539137,0.12784852749621753,0.4179794159811175,0.061271527414273885
1707,0.47617655644204315,0.16471401320587176,0.3977436048359219,0.07843295160612124
1708,0.493403936247565,0.18141892349907382,0.4038911252833261,0.0895128109642389
1709,0.5182263826061256,0.1779233671548222,0.4260217996643806,0.09220458294174506
1710,0.47484602385901226,0.17107882191792229,0.39360992550480284,0.08123609835420943
1711,0.47920988312283475,0.14565934459506433,0.40940848562368526,0.06980139749914949
1712,0.47184094700919904,0.1364302202270308,0.4074675826966032,0.0643733643125958
1713,0.4343147137520409,0.14428236222889446,0.3716507609011303,0.06266395285091057
1714,0.45250339608243084,0.14469618167648224,0.3870278824736622,0.06547551360876862
1715,0.4602029912529523,0.12028126682382745,0.4048491924689324,0.05535379878401988
1716,0.45531320024506494,0.11358857774834637,0.40359482139918,0.051718378845884955
1717,0.4684096111452725,0.16463692759257464,0.39129209191148223,0.07711751923379027
1718,0.4572839824376263,0.15052315747989953,0.3884521535361319,0.06883182890149443
1719,0.43594122943877195,0.1037073291040658,0.3907309288873342,0.04521030055143778
1720,0.5021392515019865,0.1267177860021122,0.4385092772868969,0.06362997421508952
1721,0.4757893603009013,0.16575547790619363,0.39692466750154326,0.07886469279935805
1722,0.4776700233386185,0.18651778336024458,0.3885760694078631,0.08909395393075542
1723,0.46064165144135616,0.11019068588328651,0.4098832319226233,0.05075841951873283
1724,0.44810341378640756,0.08086227683012688,0.4118687514922862,0.03623466229412138
1725,0.4368410009423671,0.10991110664369627,0.38882732310145157,0.048013677840915536
1726,0.4307756176861157,0.10696249631897363,0.384698782265061,0.04607683542105474
1727,0.38073761197432837,0.11190627998766223,0.3381306821668953,0.04260692980743309
1728,0.4542759502274267,0.11381579189745927,0.4025721732123213,0.05170377701510536
1729,0.5375909351612239,0.09167832437916486,0.48830549902421466,0.04928543613700927
1730,0.525757160277132,0.09883637210924089,0.4737932299448836,0.05196393033224842
1731,0.5377126882993983,0.09423111042207635,0.4870434245929062,0.05066926370649213
1732,0.5103538496032521,0.1299670238670298,0.44402467865123574,0.0663291709520164
1733,0.4609899953507637,0.10980577919052628,0.410370629712236,0.050619365638527695
1734,0.4575948837720153,0.0705234634840964,0.42532370769581024,0.032271176076205055
1735,0.4636818499326765,0.08604903990966624,0.4237824719224318,0.039899378010244756
1736,0.45563491061638484,0.09760560595725674,0.4111623890703921,0.04447252154599276
1737,0.48360734573413783,0.08290703951589073,0.44351289241118264,0.0400944533229552
1738,0.5038918271454349,0.08133568095691826,0.4629074422559352,0.040984384889499695
1739,0.4369249643166986,0.08851058007807353,0.398252482274436,0.03867248204226257
1740,0.45332458225920236,0.09803130208202088,0.40888458319454457,0.04443999906465779
1741,0.4876834497937986,0.09672641597216568,0.4405115775663028,0.047171872227495734
1742,0.5044531498714359,0.08841200405904401,0.4598534359374049,0.04459971393403092
1743,0.5027824141684344,0.08460704231106103,0.46024348117962827,0.04253893298880614
1744,0.4740183655018189,0.08538613478864569,0.4335437694527871,0.04047459604903183
1745,0.468132759097002,0.10128330988326326,0.42071872379087333,0.047414035306128685
1746,0.4347467379279497,0.10404349706079304,0.3895141669781537,0.045232570949796
1747,0.41141998477988273,0.07905689523631361,0.3788943981450138,0.03252558663486893
1748,0.4240402705133516,0.0701532283635675,0.3942924765806795,0.029747793932672087
1749,0.4406664231562184,0.08832255780538809,0.4017456375241097,0.038920785632108705
1750,0.4322304442437757,0.08695261428014366,0.39464687714531155,0.037583567098464166
1751,0.43266620576845416,0.1308155932305584,0.376066719390039,0.056599486378415186
1752,0.4663783948178325,0.14802441527257026,0.3973430056291629,0.06903538918866957
1753,0.49257589215282405,0.11131901978760504,0.43774282666736664,0.054833065485457425
1754,0.48315374353498863,0.10824324930820392,0.43085561241933884,0.05229813111564979
1755,0.4667477063539782,0.07995385951599035,0.4294294258107415,0.037318280543236694
1756,0.43022306629652257,0.10465910500076504,0.3851963052272437,0.04502676106927886
1757,0.44399842809721546,0.09695560612503133,0.4009502913824888,0.04304813671472667
1758,0.4963918654238163,0.10741163601814001,0.44307360305254784,0.05331826237126849
1759,0.5145218576987323,0.1183199807418794,0.4536436414045423,0.06087821629419001
1760,0.5225237311796923,0.11079608701268889,0.46463014639371225,0.05789358478598005
1761,0.5087785447687608,0.13642663016655857,0.43936760240491324,0.0694109423638476
1762,0.4784741410669636,0.12979564117777673,0.4163702831401911,0.06210385792677253
1763,0.4513754685792542,0.13531823807402876,0.3902961354612704,0.06107933311798381
1764,0.45284487381342825,0.1178406324502278,0.3994813474814103,0.053363526332017984
1765,0.5147438383931232,0.13069976374745046,0.4474669403246862,0.06727689806843702
1766,0.4766399501420227,0.0760555235366325,0.44038884919549676,0.03625110094652595
1767,0.508642536863473,0.08221270726369666,0.4668256568784523,0.04181687998502075
1768,0.5047669279668667,0.0738498599752685,0.4674899610163672,0.03727696695049955
1769,0.5062578107222531,0.08558848100350681,0.46292797370637456,0.0433298370158785
1770,0.5008771873336497,0.058387926773405784,0.4716320067971431,0.02924518053650659
1771,0.48031197159212624,0.0810233851004662,0.4413954697494532,0.03891650184267302
1772,0.4607519005391599,0.10193669199231714,0.4137843759690248,0.04696752457013508
1773,0.510584487614938,0.10650892617349714,0.45620268211822573,0.054381805496712295
1774,0.5270312120970931,0.1068081008500092,0.47074000924432424,0.056291202852768916
1775,0.5268827304257634,0.11554301013452922,0.46600511376447096,0.060877616661292405
1776,0.515832678617481,0.10102785821246676,0.46371920790075727,0.052113470716723814
1777,0.5283031078168816,0.11216482301513805,0.4690460832302537,0.059257024586627925
1778,0.4895324221515245,0.12434359361851735,0.4286622015884268,0.06087022056309764
1779,0.4482621711956123,0.1101164622466864,0.398901126744533,0.04936104445107932
1780,0.48316648488924496,0.1409721757751967,0.4150534542527544,0.06811303063649056
1781,0.4796507052938463,0.16587582140014634,0.40008825056807,0.07956245472577628
1782,0.5055477145811769,0.14059014705444003,0.4344726870451731,0.07107502753600374
1783,0.5294513859169103,0.12111491260962577,0.4653269275805385,0.06412445833637184
1784,0.5437512730590652,0.132163429492617,0.4718872400206027,0.0718640330384625
1785,0.48648442755642796,0.1171373129231334,0.42949894893351925,0.056985478622908724
1786,0.49191614252151405,0.12644417255021304,0.42971621291628853,0.06219992960522551
1787,0.48847700166757974,0.13609980468191998,0.42199537714901225,0.0664816245185675
1788,0.4358707961656224,0.08527847547919279,0.39870039916271616,0.037170397002906266
1789,0.4693069425647575,0.11037009463528004,0.4175094909008913,0.05179745166386622
1790,0.49399222630855155,0.0974667313738283,0.4458444186861766,0.04814780762237499
1791,0.5210582949621012,0.148262327591105,0.44380497934036756,0.07725331562173367
1792,0.5092355690431942,0.13405026950556767,0.4409724037711329,0.0682631652720613
1793,0.4922699032774689,0.1289998974863008,0.4287671362190842,0.0635027670583847
1794,0.5050955023889074,0.12289572515160228,0.4430214243520098,0.06207407803689764
1795,0.5105136612199076,0.12771058528894624,0.4453156627475104,0.06519799847239721
1796,0.5069874433061425,0.15349148030012283,0.4291691901395081,0.07781825316663442
1797,0.5203735448567921,0.11719805531763815,0.45938677736083033,0.060986767495961776
1798,0.5695470012085195,0.1090446357977666,0.5074409558920264,0.06210604531649315
1799,0.48386621167411853,0.06511851966233312,0.4523575602552788,0.031508651418839725
1800,0.48986530389274097,0.06104642729372306,0.4599607772349352,0.029904526657805762
1801,0.5171768883625695,0.05310282863501497,0.4897133326858617,0.027463555676707795
1802,0.5104614718809233,0.05839844144836243,0.48065131750364026,0.029810154377283005
1803,0.5110989942934513,0.06762903419847018,0.4765338629295758,0.03456513136387553
1804,0.533929969685164,0.07571260243963185,0.4935047421597865,0.04042522752537751
1805,0.529212023878613,0.09121169479197686,0.4809416982763526,0.04827032560226042
1806,0.5240315046588725,0.1037712689806622,0.4696520904345755,0.054379414224297
1807,0.5149219289882376,0.09642337803881142,0.4652714171689308,0.049650511819306846
1808,0.48115706310871736,0.11347037722752973,0.42655998965208086,0.05459707345663649
1809,0.5038895899427539,0.0878203191856361,0.45963784531966195,0.044251744623091935
1810,0.49458219937174513,0.0780900527700277,0.45596024932368917,0.038621950048055936
1811,0.47664021848118626,0.0778180714054393,0.43954899592471314,0.03709122255647314
1812,0.4915561609027868,0.10883551366674006,0.4380573936348813,0.05349876726790553
1813,0.5215689980831613,0.08435370874809853,0.4775727187268167,0.04399627935634454
1814,0.5265845464152579,0.10253665005011948,0.47259033105767567,0.0539942153575822
1815,0.530737737157552,0.08507084302105176,0.48558743043447367,0.04515030672307834
1816,0.5109660378700414,0.11537179701875004,0.452014967865424,0.058951070004617356
1817,0.5273714471324027,0.15435468811121122,0.44596919189152257,0.08140225524088014
1818,0.5119882433723751,0.1415040977449412,0.43953980893794986,0.07244843443442531
1819,0.4434205302963807,0.09840025032218126,0.3997878391172225,0.04363269117915822
1820,0.42923946258438106,0.08483785884202143,0.3928237056482222,0.03641575693615886
1821,0.4570064552860684,0.08142766804918954,0.41979348534869765,0.03721296993737076
1822,0.45179211344169506,0.08307039752847405,0.414261562977864,0.03753055046383105
1823,0.4299426874155613,0.08192666254429702,0.3947189179502784,0.03522376946528287
1824,0.4799383517355392,0.06918253676265324,0.4467349990727881,0.033203352662751144
1825,0.49041589568052285,0.0735770521416048,0.45433253975296517,0.03608335592755765
1826,0.47837372214387164,0.0931767172326116,0.43380042910416017,0.04457329303971144
1827,0.49940274548351543,0.10688962939832819,0.44602177109827484,0.05338097438524058
1828,0.5242045094508573,0.10721006699809844,0.4680045088719256,0.056200000578931736
1829,0.4987052994563737,0.08845168617479379,0.45459397481515196,0.04411132464122173
1830,0.4975526742368642,0.09321340147444478,0.4511740970585398,0.046378577178324464
1831,0.44679385633960644,0.082383404983275,0.40998545712874146,0.036808399210864984
1832,0.4886129906739805,0.10952501569366051,0.4350976452022864,0.05351534547169411
1833,0.5018005751867993,0.08619325146301085,0.45854875202544004,0.043251823161359275
1834,0.5397396652685609,0.08807260958480306,0.4922033844519306,0.04753628081663025
1835,0.5404308187172863,0.09591944268391911,0.48859299577671006,0.05183782294057622
1836,0.503041034923517,0.09770590571781043,0.45389095499309007,0.04915007993042694
1837,0.49989724712694467,0.0999779052387745,0.4499185675245628,0.04997867960238191
1838,0.5181629420463183,0.11476774638316001,0.4586945489283944,0.059468393117923894
1839,0.5111130266544576,0.08579297006973588,0.46726312205643955,0.043849904598018
1840,0.5229272136557191,0.0832313598660893,0.47940327055216864,0.04352394310355053
1841,0.4983596883760873,0.10304488706907072,0.4470062705675961,0.051353417808491196
1842,0.4905396000349097,0.11716449749075725,0.4330657742975025,0.05747382573740724
1843,0.49518050922210416,0.13884795926016932,0.42642570605120356,0.06875480317090062
1844,0.47792197804324005,0.1658946751632533,0.39863726674237726,0.07928471130086277
1845,0.505223693289001,0.15491793991985123,0.4269554795259702,0.0782682137630308
1846,0.5257171109072917,0.14833684824083848,0.4477338916090247,0.07798321929826697
1847,0.4988619355593832,0.14462747506928536,0.42671279341125307,0.07214914214813013
1848,0.49701194203596916,0.14673782585539238,0.42408149023744474,0.07293045179852442
1849,0.49674064525920636,0.0827585735212245,0.4556310980475418,0.04110954721166452
1850,0.5452008095554263,0.0879356601808255,0.49725821643604934,0.04794259311937693
1851,0.5255277709687272,0.09704914513136664,0.47452575005341957,0.05100202091530761
1852,0.5189015898999317,0.12417023834184729,0.4544694558060937,0.06443213409383802
1853,0.5256648533570928,0.1355200282826045,0.4544267375629684,0.07123811579412437
1854,0.5125482760928918,0.126725657829158,0.44759525863581917,0.06495301745707262
1855,0.49054504266404464,0.12251342459937788,0.4304466895670246,0.06009835309702004
1856,0.5081166942320409,0.11606990262818981,0.4491396390087702,0.05897705522327068
1857,0.5576231755059563,0.10809251817369778,0.49734828227350364,0.06027489323245265
1858,0.5815520096458637,0.10395745820200916,0.5210953409108094,0.06045666873505431
1859,0.5434875791418302,0.09965835488775723,0.48932450110262565,0.05416307803920456
1860,0.535808508788364,0.10401549902480484,0.4800761193650057,0.0557323894233582
1861,0.5535829506703385,0.11192144035575242,0.49162514947492675,0.06195780119541172
1862,0.546363084721851,0.1165254945470002,0.4826978560724128,0.06366522864943826
1863,0.5256952798141872,0.12675485226031166,0.4590608522873967,0.0666344275267905
1864,0.5048039665312416,0.12170852344339546,0.44336502113635495,0.06143894539488663
1865,0.48643063106110085,0.11647976328444502,0.4297713063008006,0.056659324760300236
1866,0.5288841145472043,0.1294827618047586,0.460402738720968,0.06848137582623631
1867,0.5130581908425007,0.12630956163718055,0.4482540356628195,0.06480415517968119
1868,0.5325146214005145,0.12254618155008144,0.4672569879282942,0.06525763347222034
1869,0.5146394987645104,0.10803864001455718,0.45903854722021936,0.05560095154429109
1870,0.49418810789033446,0.13052377274649313,0.42968481160203703,0.06450329628829744
1871,0.5120974873247393,0.13918954055722732,0.44081887334349823,0.071278613981241
1872,0.5434475223876566,0.11498760334296496,0.4809577942456277,0.062489728142028925
1873,0.5677937172948628,0.11630633260866709,0.501755712358055,0.06603800493680781
1874,0.552690315686848,0.11719264113350186,0.48791907786259736,0.06477123782425064
1875,0.5871843411774504,0.13676164086238424,0.5068800471893242,0.08030429398812618
1876,0.5655016133471675,0.12222070140759499,0.49638560951675015,0.0691160038304174
1877,0.5871600148054732,0.13901595728048247,0.5055354032704681,0.08162461153500511
1878,0.550067673960555,0.14527802123442451,0.470154930742543,0.079912743218012
1879,0.5189084557028673,0.1564952983933588,0.43770172208881003,0.08120673361405721
1880,0.48511530619965676,0.16111934154125215,0.40695384749318514,0.07816145870647162
1881,0.5234406303315388,0.16658735706726155,0.43624203914298626,0.0871985911885525
1882,0.5415302901287842,0.18402518012015998,0.4418750809473122,0.099655209181472
1883,0.5179736223833807,0.11349451844865834,0.45918645554187176,0.05878716684150899
1884,0.556317191200377,0.14215920863600115,0.4772315795487285,0.07908561165164854
1885,0.5617692682768688,0.15297478610247875,0.4758327346232688,0.0859365336536
1886,0.5516767209429617,0.1654639103086582,0.4603941334694808,0.09128258747348088
1887,0.5556498116753698,0.17872421774130923,0.4563417337455835,0.09930807792978626
1888,0.5500487170001703,0.192152465218533,0.4443555000382964,0.10569321696187392
1889,0.5396270917328164,0.21422276589423492,0.42402668359035045,0.11560040814246596
1890,0.5193179055963278,0.20703284613820425,0.41180204155018885,0.10751586404613903
1891,0.5428053221877046,0.20250092493026042,0.4328867423876264,0.10991857980007819
1892,0.5383118686249824,0.16249734275754127,0.4508376203985761,0.08747424822640629
1893,0.5534243358163143,0.17953258665531263,0.45406663328921304,0.0993577025271013
1894,0.5296346544315836,0.1892922245595206,0.4293789324904162,0.10025572194116743
1895,0.5206267796794009,0.20212480917296374,0.4153951911863673,0.10523158849303353
1896,0.5201999583295311,0.2109056988571616,0.41048682257257507,0.1097131357569561
1897,0.5662229394321742,0.1909523957558831,0.4581013126156622,0.10812162681651195
1898,0.5401316510885502,0.1849195807397417,0.44025073262499104,0.09988091846355916
1899,0.5337779097411266,0.17375452736203065,0.4410315813177645,0.09274632842336211
1900,0.5161092513126672,0.1740102547919561,0.42630094899126425,0.08980830232140291
1901,0.5128879714460777,0.19005228726517,0.4154124393619574,0.09747553208412027
1902,0.5135507765643276,0.19545358821145412,0.413175434556051,0.10037534200827657
1903,0.5347508536049019,0.20582747210985974,0.4246844371988153,0.11006641640608664
1904,0.5125368739312892,0.23773095574709807,0.39069099303597393,0.1218458808953153
1905,0.5083864488095625,0.22238459241579334,0.39532913560133537,0.11305731320822715
1906,0.5079879662781457,0.2160880785531604,0.39821782271697354,0.10977014356117214
1907,0.5069368010475689,0.20582918622489008,0.40259441182049877,0.1043423892270701
1908,0.5083641150811592,0.19089542418679808,0.4113197316913951,0.09704438338976412
1909,0.5672908385633304,0.20009438977443536,0.4537791243963731,0.11351171416695732
1910,0.5080896223899651,0.12096821003776308,0.4466269302306881,0.06146269215927703
1911,0.5140719131225845,0.13041948313862622,0.44702691991705223,0.06704499320553223
1912,0.5175402855483549,0.1567883357442906,0.43639600549660335,0.08114428005175149
1913,0.5128772607834856,0.14533688826795657,0.43833727563782054,0.07453998514566507
1914,0.5250632069144947,0.14929963667720797,0.446671460889591,0.07839174602490373
1915,0.531374163434635,0.12829282023193933,0.46320267340921817,0.06817149002541677
1916,0.5677270084791891,0.12930059466869506,0.4943195686733507,0.07340743980583843
1917,0.5386173347145697,0.126846316267098,0.47029570992842407,0.0683216247861457
1918,0.5287690234544289,0.11634557132821942,0.4672490893199587,0.06151993413447018
1919,0.5177169999039907,0.12184517218708059,0.45463568290651013,0.06308131699748053
1920,0.47480807990027685,0.09452072340468548,0.42992887670971297,0.04487920319056387
1921,0.44100406028293776,0.1133509692657094,0.3910158225997534,0.04998823768318433
1922,0.4570003737243637,0.11054826638797649,0.4064797746704779,0.05052059905388577
1923,0.4896588066434337,0.1844281121929723,0.3993519573155216,0.09030684932791212
1924,0.4080427604344525,0.13454295142866485,0.3531434831365016,0.05489927729795086
1925,0.41742622252999967,0.12488837109314267,0.3652945415466643,0.05213168098333535
1926,0.4631517888443848,0.11674102923922497,0.4090829723207031,0.05406881652368167
1927,0.4770187887197393,0.11876806139333719,0.42036419193529795,0.05665459678444134
1928,0.47290134553507024,0.11984465941912618,0.41622664484057326,0.056674700694497
1929,0.4745471432180104,0.14151165275224475,0.40739319267237356,0.06715395054563685
1930,0.46956907413228244,0.12353924483525155,0.411558865315992,0.058010208816290425
1931,0.47595380740151183,0.14464524243327564,0.4071093535428796,0.06884445385863226
1932,0.4405536180778188,0.13430241467229445,0.38138620337735196,0.05916741470046685
1933,0.43697386462355686,0.05181990722014806,0.4143299195011346,0.022643945122422255
1934,0.44306065681433127,0.05689087294043371,0.417854549282602,0.025206107531729225
1935,0.47129577244343906,0.05661759656184128,0.4446121385379351,0.026683633905503986
1936,0.4635561340358287,0.060595032915493924,0.43546693483574855,0.028089199200080153
1937,0.4401156900648378,0.09727104563739838,0.3973051766908059,0.04281051337403192
1938,0.40635639034558785,0.08840855092761282,0.37043101071495904,0.03592537963062882
1939,0.44099023593484654,0.11972751652307771,0.38819157017544126,0.052798665759405276
1940,0.4539522183009905,0.13740622847102482,0.391576356078196,0.06237586222279443
1941,0.554596468066462,0.31823677756681445,0.3781034752190544,0.17649299284740758
1942,0.5774447394441942,0.313343714430607,0.3965060599083363,0.18093867953585782
1943,0.5495015945974692,0.31242931113733724,0.37782118992851355,0.17168040466895565
1944,0.5018051977794605,0.25235149946971003,0.37517390367811926,0.12663129410134127
1945,0.49483833048007364,0.28017881116096716,0.3561951153292888,0.13864321515078482
1946,0.5213075856746072,0.3010600684580139,0.36436268824372803,0.1569448974308792
1947,0.4942585191356422,0.2865120707048493,0.35264748735457696,0.14161103178106524
1948,0.46288881696475914,0.2750903004034949,0.3355525932525052,0.12733622371225398
1949,0.43575243181065304,0.266607355830195,0.31957762816903745,0.11617480364161557
1950,0.4294286716074769,0.20512964198307276,0.3413401219433686,0.08808854966410826
1951,0.4496817409409179,0.1922463672491141,0.3632320598267692,0.08644968111414869
1952,0.43211619408889196,0.18410999212652399,0.35255928499744255,0.07955690909144941
1953,0.4575947951600154,0.1761482767081196,0.3769902605619737,0.0806045345980417
1954,0.4906440773375337,0.14871731480987554,0.41767680762852677,0.07296726970900692
1955,0.49513613713863047,0.13965863963949343,0.4259860977894957,0.06915003934913479
1956,0.49161848142193454,0.149710945967521,0.4180178135131406,0.07360066790879397
1957,0.5031373436515856,0.10116962801100915,0.4522351257559074,0.05090221789567819
1958,0.5194948476147148,0.10565931891611743,0.4646053758353118,0.054889471779402975
1959,0.5084724925633606,0.08677985615922851,0.4643473227977878,0.04412516976557282
1960,0.4648062702529985,0.08615310803454268,0.42476176543675903,0.04004450481623942
1961,0.4486648778160073,0.11680196585703287,0.39625993807609217,0.052404939739915106
1962,0.473859722111727,0.11395639351965653,0.41986037714564794,0.05399934496607905
1963,0.4849848947429218,0.129929890114583,0.42197086066174133,0.06301403408118043
1964,0.44400154003049996,0.10516517232231441,0.3973080415618194,0.04669349846868051
1965,0.4798086543062893,0.13679705833888123,0.41417224183165174,0.06563641247463754
1966,0.48236408733508995,0.12992976753445806,0.4196906336006707,0.06267345373441927
1967,0.4688243522264557,0.13299191594346008,0.40647450338290775,0.06234984884354792
1968,0.46622190327253465,0.14874200494608866,0.39687512262999647,0.06934678064253821
1969,0.5251054715843324,0.12985309576223392,0.4569189004974191,0.06818657108691331
1970,0.555384315605329,0.10818671510886105,0.49529911087700546,0.060085204728323495
1971,0.5485221158490178,0.1144099008690523,0.4857657549502488,0.06275636089876895
1972,0.509502152737923,0.11351440367950834,0.4516663196964519,0.05783583304147111
1973,0.5062114625160867,0.12232335447371581,0.4442899783480734,0.06192148416801338
1974,0.5448949076650145,0.12749716553151066,0.4754223514251709,0.06947255623984357
1975,0.5566083891309246,0.11403690738567447,0.4931344898095119,0.0634738993214127
1976,0.527289560382792,0.12522869816068916,0.4612577751823328,0.06603178520045913
1977,0.5220594670044878,0.12555372541367166,0.45651295603459857,0.06554651096988924
1978,0.5434563550515785,0.13624512235591676,0.4694130774624757,0.07404327758910285
1979,0.5327260132112341,0.12440729773758145,0.46645100947310936,0.06627500373812475
1980,0.5189710306686192,0.11693193592554994,0.4582867433632596,0.06068428730535959
1981,0.5267082079655432,0.14359914101614404,0.45107336173553864,0.07563484623000456
1982,0.5217977235525161,0.1507127973500183,0.44315612898504486,0.07864159456747123
1983,0.5042247366717699,0.1590033036644277,0.4240513377516324,0.08017339892013753
1984,0.47899481729339055,0.1679757040017265,0.3985353256453549,0.08045949164803565
1985,0.49308328922024386,0.167284867811418,0.4105979163630162,0.08248537285722768
1986,0.5025315052856647,0.16524673604406243,0.4194898142778991,0.0830416910077656
1987,0.5224356752576425,0.16194388782452065,0.4378304108681911,0.08460526438945135
1988,0.5088524605686012,0.16987152022644164,0.4224129195208475,0.08643954104775374
1989,0.49896764341735034,0.17306120691010068,0.41261570083845495,0.0863519425788954
1990,0.45564583129442293,0.18271926734090232,0.3723905588333696,0.08325527246105334
1991,0.4380269243736852,0.1941105223330335,0.353001289287577,0.08502563508610819
1992,0.44365753823424564,0.1848305078025916,0.3616560901519623,0.08200144808228332
1993,0.4845621504211547,0.16752540472401925,0.40338568005790965,0.08117647036324503
1994,0.4940850617716354,0.19714551615470147,0.3966784072443388,0.09740665452729662
1995,0.5190825035632237,0.18389145853835942,0.4236276648812394,0.09545483868198436
1996,0.5092825262691225,0.19536758888485226,0.4097852270507376,0.09949729921838489
1997,0.47806216222707665,0.17394426190191883,0.3949059922752524,0.08315616995182423
1998,0.4619541245733968,0.19110593579180143,0.3736719493039154,0.08828217526948141
1999,0.465767140731788,0.19728023122133473,0.3738804915129209,0.09188664921886709
2000,0.46656849196345834,0.18159563217920935,0.3818416917104538,0.08472680025300458
2001,0.49125851394608294,0.1735535294947844,0.4059988649563775,0.08525964898970545
2002,0.5131445113210611,0.1497843942875648,0.4362834715108475,0.07686103981021357
2003,0.43433311501005334,0.14903076163197926,0.36960412007811505,0.06472899493193829
2004,0.41102501631502114,0.20652348794190478,0.3261386963142647,0.08488632000075648
2005,0.48583202095623934,0.1977688445432578,0.3897495835296081,0.09608243742663126
2006,0.4837934155394633,0.17505229441328657,0.3991042681272397,0.08468914741222362
2007,0.47298614984729337,0.1671197333159116,0.3939408306226939,0.07904531922459947
2008,0.48495075309005764,0.1514442960255066,0.4115077276812946,0.07344302540876305
2009,0.4909699933995775,0.14038623364285435,0.42204456519455374,0.06892542820502374
2010,0.5377889576990383,0.14736949960910128,0.4585352681076309,0.07925368959140741
2011,0.5093232875387586,0.156294346099166,0.42971893735981076,0.07960435017894778
2012,0.4977528974311676,0.1493301327273061,0.42342339119237016,0.07432950623879744
2013,0.47578880760232567,0.14952078089538565,0.40464849354834154,0.07114031405398413
2014,0.48871140606473584,0.14856247983748777,0.4161072276548932,0.07260417840984262
2015,0.481276529606725,0.14697758178089895,0.41053966911722534,0.07073686048949966
2016,0.47307289048190415,0.12332270432112237,0.4147322622866656,0.058340628195238574
2017,0.48407779272402446,0.1234941216174248,0.4242970309170692,0.059780761806955234
2018,0.5137236158971826,0.13035898426014939,0.4467551271383748,0.06696848875880786
2019,0.5461715729131816,0.12605524846759764,0.4773237795836719,0.06884779332950973
2020,0.4862824406328838,0.12529521779717825,0.4253535763228432,0.060928864310040576
2021,0.5329422950776713,0.11592678217745467,0.47116000972304933,0.06178228535462198
2022,0.5375756000285977,0.11847855435930008,0.47388442007837617,0.06369117995022157
2023,0.5252942086358864,0.11601407969939426,0.46435268444957245,0.060941524186313954
2024,0.5295961362470636,0.13780404075012667,0.45661564870656357,0.07298048754049999
2025,0.5443896414158126,0.1363143363402597,0.4701815287357041,0.07420811268010845
2026,0.5019209258022749,0.13070752547717257,0.436316083605448,0.06560484219682688
2027,0.4879580374800604,0.14460256289006548,0.417398054677637,0.07055998280242336
2028,0.5181301081714017,0.14043108226592663,0.4453685363263301,0.07276157184507158
2029,0.5228066199830349,0.1451460049460268,0.4469233277331618,0.07588329224987314
2030,0.5404193101712206,0.11517198391424159,0.4781781460732352,0.06224116409798535
2031,0.5434711167093692,0.12334066629359758,0.4764390270631101,0.06703208964625913
2032,0.5282481578636575,0.12932428996246084,0.4599328399239621,0.06831531793969543
2033,0.5549424710170474,0.13381240732211236,0.48068428304497474,0.07425818797207268
2034,0.5351765033489368,0.11959284581914498,0.4711732222978983,0.06400328105103853
2035,0.4887092246826084,0.07858770760981915,0.4503026870270302,0.03840653765557824
2036,0.4846007494578668,0.1190212274372952,0.42692297344035834,0.05767777601750847
2037,0.5116383490032859,0.16086601002564727,0.4293331292230177,0.0823052197802682
2038,0.5056876161578161,0.18594663642022916,0.41165670485390626,0.09403091130390982
2039,0.520170155410549,0.18049589240197847,0.4262815790088461,0.09388857640170287
2040,0.5445012348377559,0.17465756102744248,0.44939997718456276,0.09510125765319315
2041,0.5563268534127952,0.17228671495623668,0.4604791273963649,0.09584772601643031
2042,0.5489522237278497,0.18685970407366315,0.4463751736514844,0.10257705007636532
2043,0.5107552108982418,0.18665870795947248,0.4154183031484081,0.0953369077498337
2044,0.46338729901416675,0.1895944609939539,0.37553163382613164,0.0878556651880351
2045,0.4830387535700323,0.17618322163732197,0.39793542979038754,0.08510332377964475
2046,0.4844330429876216,0.1697407136711521,0.4022050325450148,0.08222801044260679
2047,0.47141405294241984,0.15725691736896227,0.3972809321722861,0.07413312077013372
2048,0.47723617322984746,0.1598200098627355,0.4009642833173991,0.07627188991244838
2049,0.5073458058784989,0.1437854542804032,0.43439685870300165,0.07294894717549721
2050,0.5326273995699028,0.14553405950796836,0.45511197190532215,0.07751542766458067
2051,0.5193568674666383,0.12809965794830502,0.45282743039105877,0.06652943707557955
2052,0.540296308329765,0.10853445627188639,0.48165554227948654,0.05864076605027853
2053,0.570774734609964,0.10680337124916209,0.5098140687297741,0.060960665880189946
2054,0.557738865355522,0.13159885755278422,0.48434106786194914,0.07339779749357284
2055,0.5296945398729489,0.12782198176475304,0.4619879340564196,0.06770660581652932
2056,0.5234093646887673,0.11772396979942384,0.4617915364474112,0.06161782824135607
2057,0.5329069198656673,0.11194838184697901,0.4732488525116481,0.05965806735401917
2058,0.5217570576534223,0.11773014745718499,0.4603305223190579,0.061426535334364374
2059,0.5099324272023084,0.1362053050640358,0.44047692539317373,0.06945550180913464
2060,0.4548028468159932,0.1531566706919698,0.38514675697642575,0.06965608983956746
2061,0.49768359996860995,0.1387275707915885,0.428641163122152,0.06904243684645796
2062,0.48621824987487383,0.1383032369695883,0.41897269204349064,0.06724555783138317
2063,0.48030508313555803,0.12976652066388894,0.41797756363987676,0.06232751949568129
2064,0.48012077393051866,0.15015007869468952,0.40803060194189605,0.07209017198862261
2065,0.4889143381829456,0.1364287031705002,0.422212389063183,0.06670194911976264
2066,0.5379536288328124,0.11213249180136955,0.47763154795820006,0.060322080874612334
2067,0.5100271543063053,0.12962484672811944,0.44391496260217156,0.06611219170413375
2068,0.5130375361112423,0.12033086064569688,0.4513032878474287,0.061734248263813574
2069,0.5040576260796766,0.1289275003632922,0.4390707363101689,0.06498688976950771
2070,0.44418064953845504,0.13574433587544613,0.38388564225813315,0.06029500728032186
2071,0.4567431459799573,0.15827195350822534,0.3844535160142169,0.07228962996574038
2072,0.45136593553009013,0.13549682459727355,0.39020728453438525,0.06115865099570491
2073,0.4923281022121977,0.14549766545274098,0.4206955127035445,0.07163258950865321
2074,0.49071257191029,0.1622291805237119,0.4111046734966006,0.0796078984136894
2075,0.5042266946465247,0.159962516832988,0.42356932351648807,0.08065737113003661
2076,0.4628644175003978,0.13106136898881604,0.40220077328658477,0.06066364421381303
2077,0.49958155736529003,0.18193545768339942,0.4086899580758505,0.0908915992894395
2078,0.522209244563737,0.17665713086777965,0.4299572577064765,0.09225198685726042
2079,0.524169010081927,0.15956701317443445,0.44052892674455385,0.0836400833373731
2080,0.5139655324141774,0.15512018111620482,0.4342391059386036,0.07972642647557383
2081,0.5049967494465084,0.1750699439967044,0.4165869968023904,0.08840975264411799
2082,0.5238415873655685,0.20674709053080817,0.41553886327869705,0.10830272408687146
2083,0.5240443343748123,0.21717464607941875,0.4102351915270379,0.11380914284777445
2084,0.5080261805785757,0.23759717264121902,0.38732059644538874,0.12070558413318697
2085,0.50423901934916,0.20146125759602915,0.4026543923820898,0.10158462696707025
2086,0.491209612512801,0.16525247454968675,0.41003600852246785,0.08117360399033313
2087,0.45930613693649497,0.14479586464394825,0.39280050770250347,0.06650562923399149
2088,0.514028628788957,0.15629161865514388,0.4336902623604469,0.08033836642851018
2089,0.48972502584026045,0.13029754602107685,0.4259150567481661,0.06380996909209438
2090,0.5611748001572116,0.13131964217970413,0.48748152620029955,0.073693273956912
2091,0.49588430164568487,0.13590655423356335,0.4284903749105029,0.06739392673518196
2092,0.5079911976123453,0.13095381029472813,0.4414678146888265,0.06652338292351882
2093,0.4783423313429082,0.1413645256783616,0.4107216945607363,0.06762063678217191
2094,0.5231105456255958,0.1440088945901559,0.4477779742016004,0.07533257142399535
2095,0.509208534748576,0.12688175708553862,0.4445992611367241,0.06460927361185187
2096,0.4828309983557378,0.10158208184271894,0.43378402036456354,0.04904697799117425
2097,0.5226211709623415,0.12639312589509116,0.4565654475054583,0.0660557234568832
2098,0.5094479966631104,0.12817886253535538,0.44414753192991735,0.06530046473319301
2099,0.4820930103361122,0.10579622545640278,0.43108938952363696,0.05100362081247524
2100,0.5046649391845732,0.13523880735970384,0.43641465469299406,0.06825028449157915
2101,0.48819066688373836,0.12932697468784152,0.4250544448648247,0.0631362220189137
2102,0.5368155388599245,0.12407231428482819,0.47021159260951656,0.06660394625040796
2103,0.5351677610492295,0.11344373185973018,0.4744563330647885,0.060711427984440944
2104,0.5681411374116555,0.12155356802176505,0.4990815550193249,0.06905958239233063
2105,0.5066952745235002,0.11205690605145731,0.44991656974950295,0.05677870477399723
2106,0.4729127916271981,0.09494096321665538,0.4280139956726345,0.04489879595456363
2107,0.5273666600818773,0.10409438502627176,0.4724707519172954,0.05489590816458191
2108,0.5471562785180449,0.11075630660855047,0.4865552699717069,0.06060100854633802
2109,0.5303428924741422,0.09320799092045869,0.48091069696768257,0.04943219550645965
2110,0.5118489122667749,0.1115491074361435,0.4547526229612552,0.05709628930551966
2111,0.48596958044763267,0.11285638079692646,0.43112481242091205,0.05484476802672062
2112,0.5265187752847583,0.12466382371306997,0.4608809315010377,0.06563784378372062
2113,0.5626720171686921,0.1140320097475761,0.49850939622222346,0.0641626209464686
2114,0.5659106853880467,0.12455799258476107,0.4954219864338453,0.07048869895420137
2115,0.5941851432432103,0.1187252778612403,0.5236403470106392,0.07054479623257101
2116,0.5524094692148815,0.11941756906396576,0.4864420732733248,0.06596739594155679
2117,0.5403514216144296,0.1444083575039143,0.46232016034418477,0.07803126127024487
2118,0.556845893571337,0.12026178023796925,0.48987861509224523,0.06696727847909174
2119,0.5831538894444088,0.12224199688195733,0.5118679935092441,0.07128589593516471
2120,0.57680702916922,0.12761303685791622,0.5031989324959432,0.07360809667327683
2121,0.5915280897726749,0.12163668341210171,0.5195765747876308,0.07195151498504414
2122,0.5626629191694033,0.10578596063512477,0.5031410817513043,0.05952183741809888
2123,0.5770634527722431,0.11840889609961404,0.5087340063500501,0.06832944642219307
2124,0.5594313749543343,0.1203077457222307,0.4921274473472903,0.06730392760704394
2125,0.5298945490467439,0.09658767665877295,0.4787132656801707,0.05118128336657321
2126,0.5527460905577152,0.13481177359444846,0.478229409742232,0.0745166808154832
2127,0.5326989781656668,0.11464107082954943,0.471629796878948,0.06106918128671881
2128,0.5286683008975632,0.13412267160223143,0.4577618959897697,0.07090640490779354
2129,0.5307170555172823,0.11835714561995762,0.4679028996944282,0.06281415582285411
2130,0.5570112005087262,0.130213801179562,0.4844806547908938,0.07253054571783242
2131,0.4890990671685608,0.11881458482415956,0.4309869645650445,0.05811210260351628
2132,0.4752584790509778,0.13705500149623323,0.4101219274935485,0.06513655155742928
2133,0.48289630214554863,0.11973176389561006,0.42507827611099464,0.05781802603455401
2134,0.4781318302830406,0.10083575191610862,0.42991904766142497,0.04821278262161564
2135,0.48570893225499867,0.10067352762169547,0.4368109006475208,0.048898031607477827
2136,0.48502207035551687,0.130953711353527,0.42150663015409046,0.06351544020142642
2137,0.5012495787625829,0.130288840722605,0.4359423522329119,0.06530722652967101
2138,0.49064464467961777,0.14201266456571898,0.42096689133376486,0.06967775334585294
2139,0.49114510610583095,0.14412127932978339,0.4203606450772964,0.07078446102853456
2140,0.4654797730173885,0.12149639373963184,0.40892565923703345,0.05655411378035509
2141,0.506016688333986,0.13130906569232334,0.43957210976412675,0.06644457856985928
2142,0.4782610667546696,0.12501668788526304,0.4184704522445281,0.05979061451014149
2143,0.45716955918896307,0.11849105290223462,0.4029990567658124,0.054170502423150704
2144,0.4608906500346422,0.14728634277739797,0.3930077517707421,0.06788289826390008
2145,0.45667633678741376,0.1327146247386057,0.396068708123671,0.06060762866374274
2146,0.4762095606572589,0.11494244356026458,0.4214728701085535,0.05473669054870537
2147,0.5013952610206334,0.14670798907686458,0.4278365705436266,0.07355869047700675
2148,0.5063936128674733,0.1364795279210724,0.43728125164107423,0.06911236122639905
2149,0.5002673549195076,0.1807818347727643,0.40982810462024133,0.09043925029926625
2150,0.4805680014474775,0.18627139851908792,0.39105192773433284,0.0895160737131447
2151,0.5057900767864932,0.22704407828695658,0.3909534349958149,0.11483664179067835
2152,0.47467981227821165,0.24778805490350128,0.35705982489183447,0.11761998738637719
2153,0.5321901721924803,0.2471892037072965,0.4006385073073721,0.13155166488510822
2154,0.49839618312811823,0.21716408089745262,0.39016243409630197,0.10823374903181628
2155,0.5051698348403688,0.21107125368670734,0.3985430044759053,0.10662683036446353
2156,0.5158693890170767,0.19567011122942538,0.41492916828824955,0.10094022072882711
2157,0.5170026635285296,0.19901857784451385,0.41410952869125595,0.10289313483727368
2158,0.5587104021909035,0.18617371166227079,0.4546932128707029,0.10401718932020061
2159,0.5313253295867766,0.17518144959126525,0.4382469881452083,0.09307834144156829
2160,0.5492040357521324,0.20270562124262348,0.4378772904960404,0.111326745256092
2161,0.5721958142636973,0.19012569151054892,0.4634066893973702,0.10878912486632705
2162,0.5718165492720206,0.18281531110572508,0.46727972892145403,0.10453682035056662
2163,0.5560801385810376,0.17515947572695026,0.4586774330450132,0.09740270553602438
2164,0.5385178877699964,0.18238458961661447,0.44030052380785956,0.09821736396213684
2165,0.5433264043021481,0.19628268928758544,0.4366808365047685,0.10664556779737955
2166,0.5268606233588456,0.17766794224123372,0.4332543805587459,0.09360624280009978
2167,0.5282139102018049,0.18474652512910694,0.4306282257671633,0.09758568443464158
2168,0.5367464794482479,0.2020019586924984,0.42832263927839903,0.10842384016984892
2169,0.527251081998577,0.19626719583652102,0.42376899063294465,0.10348209136563231
2170,0.5261079487763446,0.17609659119968984,0.4334621323937693,0.09264581638257532
2171,0.5250535001457602,0.19049198712239893,0.4250350155574236,0.10001848458833665
2172,0.5328587832740963,0.2256465952997036,0.41262101305275384,0.12023777022134248
2173,0.5823647020870971,0.2556588138622543,0.43347803311626476,0.14888666897083233
2174,0.5579817556032501,0.2640124868408597,0.4106676046946073,0.14731415090864286
2175,0.5418607660792352,0.28617852503134084,0.3867918512703272,0.15506891480890792
2176,0.5546647870422751,0.2988663237857625,0.3888941612055375,0.16577062583673757
2177,0.5876597694633765,0.28868516399335603,0.41801111254354384,0.16964865691983264
2178,0.5659694198746787,0.30007198780531735,0.39613785101586163,0.16983156885881714
2179,0.572179549956654,0.29674041358153924,0.4023907536596175,0.1697887962970365
2180,0.5266035098838686,0.30682934522423366,0.36502609975341793,0.16157741013045065
2181,0.5355494552362535,0.2677899918140313,0.3921346710025283,0.14341478423372525
2182,0.510587964384352,0.26342130044642176,0.3760882188139347,0.1344997455704173
2183,0.49559275139482695,0.28579740777839757,0.35395362773242156,0.14163912366240536
2184,0.5067358228990517,0.30891452930362256,0.35019776468690733,0.15653805821214442
2185,0.548436061832248,0.344652664456504,0.35941611183773176,0.18901994999451627
2186,0.5941632320488629,0.3497645623459413,0.38634598922924246,0.20781724281962047
2187,0.6140407328126684,0.3825925598895782,0.3791133169693971,0.2349274158432713
2188,0.5551802923580018,0.3635074550580475,0.3533681171845618,0.20181217517344002
2189,0.5728406530486517,0.38259251183747894,0.3536761087161463,0.21916454433250546
2190,0.5332618442173327,0.34736768535980006,0.34802391170085956,0.18523793251647314
2191,0.5664990330218015,0.3785794092180192,0.3520341637778287,0.21446486924397276
2192,0.5395750679781199,0.3441118793064516,0.3539008773092627,0.18567419066885724
2193,0.488422158223977,0.23944406278550967,0.3714723723043609,0.11694978591961609
2194,0.464544579742942,0.2080033482576544,0.3679177517414651,0.09662682800147687
2195,0.4441907752116579,0.16231684697621782,0.37209112912337966,0.07209964608827824
2196,0.46240437904122783,0.2027503489864008,0.36865172981777894,0.09375264922344889
2197,0.556073463769503,0.2228963472496243,0.43212671989283447,0.1239467438766685
2198,0.5848542209295848,0.2653746155352827,0.42964875690620896,0.15520546402337584
2199,0.5549161960571797,0.24174514289308047,0.42076790094765215,0.13414829510952755
2200,0.5666895983842234,0.22377195337287786,0.43988035999769404,0.12680923838652933
2201,0.5775519554583742,0.20252028222536483,0.46058597043913296,0.11696598501924128
2202,0.5621211236245095,0.22316070454193931,0.4366777776385574,0.1254433459859521
2203,0.5674929987058123,0.23251715021242622,0.4355411438812327,0.13195185482457955
2204,0.5791483684722534,0.23040128185377992,0.44571184199272096,0.13343652647953244
2205,0.5500295908259102,0.24599957247943172,0.4147225466316995,0.13530704419421066
2206,0.5380142614685836,0.25334395010190364,0.4017116032569742,0.13630265821160936
2207,0.5484333022192738,0.23585021453265878,0.4190851902340036,0.12934811198527021
2208,0.5899682757676006,0.23588078873542873,0.45080609355065804,0.13916218221694254
2209,0.6057554643886375,0.23587904037624619,0.4628704467459783,0.14288501764265918
2210,0.5705254081022151,0.2227402919539741,0.4434464121343675,0.1270789959678476
2211,0.5526491265013536,0.22856871940694218,0.426330823375574,0.12631830312577957
2212,0.5440959012720702,0.23888990337972663,0.41411688398788005,0.12997901728419012
2213,0.5354902972142999,0.24390648121327918,0.4048807430969069,0.13060955411739292
2214,0.49718272702226163,0.2824236662270967,0.3567665584718487,0.14041616855041295
2215,0.4883033436749912,0.27677969529295204,0.35315089300209745,0.1351524506728937
2216,0.5113293167813353,0.2613368309810542,0.3777001335459935,0.13362918323534176
2217,0.5441702789056388,0.25409497375106294,0.405899346171002,0.1382709327346369
2218,0.556623397100037,0.2296742422149558,0.4287813401719716,0.12784205692806544
2219,0.5576402995246199,0.2387733313065157,0.4244906675363632,0.13314963198825672
2220,0.5343115795155666,0.24831477180556602,0.40163412157508716,0.13267745794047947
2221,0.5434105456514284,0.25798696887407685,0.4032177061246083,0.14019283952682018
2222,0.5534011067062058,0.23725232954544243,0.4221054049671325,0.1312957017390733
2223,0.5854718997610965,0.23581245900581213,0.44741033139962794,0.13806156836146852
2224,0.6036639136773978,0.25566274735055866,0.44932953903024375,0.15433437464715402
2225,0.5640566714080327,0.23313862536955204,0.4325532744054389,0.13150339700259386
2226,0.5290915011706236,0.22475615616263,0.4101749291091986,0.11891657206142503
2227,0.4977571615707671,0.1490255135928796,0.42357864492314956,0.07417851664761753
2228,0.45817033160124276,0.15972552985990346,0.3849888326201466,0.07318149898109617
2229,0.4819888755914596,0.18808985879020473,0.3913316560430124,0.09065721954844719
2230,0.5200817721998272,0.2355614352410153,0.3975705634977451,0.12251120870208207
2231,0.5306597976469988,0.2571164366927174,0.394218441379924,0.1364413562670748
2232,0.5130119347527636,0.29591145897163845,0.36120582467021034,0.1518061100825533
2233,0.5259199495323321,0.28641100585843937,0.3752906877857572,0.15062926174657493
2234,0.5160669040384227,0.2773579807795463,0.37293162958717385,0.14313527445124882
2235,0.5465524088904834,0.23413091866058586,0.41858759130079837,0.12796481758968503
2236,0.5033409101966704,0.16739604928256496,0.41908363038745744,0.08425727980921294
2237,0.47992832543794073,0.15812162769857166,0.40404127744104373,0.07588704799689701
2238,0.4802297691935554,0.14685551446257955,0.40970537937839,0.07052438981516541
2239,0.49928421141403784,0.12715173109486924,0.43579935962440625,0.06348485178963158
2240,0.5040210684982334,0.12104341577421629,0.44301263674503694,0.06100843175319641
2241,0.5014190349443515,0.1238794188313625,0.43930353630446256,0.062115498639888904
2242,0.49192125135375103,0.13867737328261118,0.4237029043541177,0.06821834699963333
2243,0.5018779506093815,0.16627331451920815,0.41842904027745215,0.08344891033192929
2244,0.49369543280555855,0.20221410606274104,0.39386325219352447,0.09983218061203405
2245,0.49289129793054115,0.18840682651604512,0.40002721267007335,0.09286408526046777
2246,0.507875389988921,0.13918043973588903,0.43718906987922684,0.07068632010969417
2247,0.4537604559256208,0.10810910563067003,0.40470481886493687,0.04905563706068393
2248,0.45170628408387986,0.1189016835676133,0.39799764642823593,0.053708637655643925
2249,0.491018908224786,0.12476617303591984,0.4297563581573039,0.061262550067482095
2250,0.4669643057467483,0.1072310737826678,0.4168912218233465,0.05007308392340181
2251,0.46293735018264043,0.1232622209798505,0.4058746642246014,0.05706268595803906
2252,0.4481563540745436,0.12100156619229889,0.39392873333249334,0.054227620742050224
2253,0.4602947693796306,0.12314860917201248,0.40361010872137687,0.05668466065825375
2254,0.45516372093778723,0.17087621087226956,0.37738706897741503,0.07777665196037219
2255,0.4870719436391555,0.21683594920598068,0.38145723640855733,0.10561470723059821
2256,0.5329267172633109,0.1982673044186051,0.4272647735788581,0.10566194368445275
2257,0.550699779151061,0.20035532013581875,0.44036414860052553,0.11033563055053552
2258,0.5512506176256393,0.21200772877953536,0.4343812261945114,0.1168693914311279
2259,0.575828370332084,0.21602273821989873,0.4514363490282453,0.12439202130383868
2260,0.5777599617400018,0.22555582466768573,0.4474428371097651,0.13031712463023665
2261,0.522329738360184,0.2199364440282346,0.407450393095047,0.11487934526513703
2262,0.5157053085048103,0.1706336360326381,0.42770863659330116,0.08799667191150914
2263,0.5270355847488452,0.16392834821184543,0.4406395118921029,0.08639607285674226
2264,0.5334836853603396,0.2146293002839074,0.4189824552585697,0.11450123010176991
2265,0.5117287065844855,0.2014773569147091,0.4086269593244607,0.10310174726002484
2266,0.5282273428047553,0.19104633636795498,0.4273114441925269,0.10091589861222834
2267,0.5201822708486874,0.18829303490773006,0.4222355723653932,0.09794669848329418
2268,0.5273275536538551,0.2267407615366202,0.40776090255913705,0.11956665109471805
2269,0.53458264850442,0.22337354051428962,0.41517102961048175,0.11941161889393832
2270,0.5607340264224202,0.23524228020382748,0.4288256754589368,0.13190835096348338
2271,0.5674871277853445,0.24484525435629734,0.42854059763881724,0.13894653014652728
2272,0.564152306409554,0.27477980660893037,0.40913464475635475,0.1550176616531993
2273,0.5636543090978239,0.27136043460280007,0.4107008308152974,0.1529534782825265
2274,0.5997714741329296,0.25163348395712676,0.4488488885187588,0.15092258561417082
2275,0.6106617904207372,0.25175542918805877,0.4569243692846161,0.1537374211361211
2276,0.5604411906717729,0.20470458442698933,0.44571630963954056,0.11472488103223236
2277,0.5899861870312916,0.18441152322066207,0.48118593560170064,0.1088002514295909
2278,0.585759219289592,0.2045695556090918,0.46593071610559156,0.11982850318400037
2279,0.5883326063861853,0.23024039431177795,0.45287467510535395,0.13545793128083136
2280,0.591600628206613,0.23985778267748967,0.44970061329436484,0.14190001491224813
2281,0.5826670151915131,0.2436237534767333,0.44071548992347187,0.1419515252680412
2282,0.5694723254481376,0.21047534355983943,0.44961244210162016,0.11985988334651747
2283,0.5566744447459945,0.21712460973428416,0.43580672318147107,0.12086772156452338
2284,0.5185452412480421,0.24383587761808992,0.3921053072636416,0.1264399339844005
2285,0.4989000034247286,0.23355346246628497,0.38238018020044184,0.1165198232242868
2286,0.531058485187534,0.25140386113487184,0.39754833152295177,0.1335101536645822
2287,0.555045884600198,0.26288852735713314,0.4091306893820147,0.1459151952181833
2288,0.543027920662931,0.22991693902625657,0.418176603338317,0.124851317324614
2289,0.5580327638243772,0.20396006991104648,0.4442163623021027,0.11381640152227446
2290,0.5019980880804561,0.15212215185278022,0.4256330586956756,0.07636502938478049
2291,0.4479816914371483,0.09388798599798086,0.4059215926641455,0.042060098773002756
2292,0.5222038757779353,0.20556122191096288,0.4148590089863822,0.10734486679155304
2293,0.5588481809594492,0.21705953965180982,0.4375448520651398,0.12130332889430936
2294,0.5309854275974157,0.19972627491641298,0.4249336861084852,0.10605174148893055
2295,0.5399449975454176,0.18784340846251707,0.4385198888242009,0.10142510872121666
2296,0.49999334821757274,0.20996524964355417,0.3950121200389536,0.10498122817861917
2297,0.48432140263135626,0.22417263871171084,0.3757497958189282,0.10857160681242807
2298,0.5059498614941375,0.22928915946215436,0.38994104302215327,0.1160088184719842
2299,0.5481267336111736,0.2163948370782088,0.4295149383931729,0.11861179521800067
2300,0.49871736132680594,0.18109841453214598,0.408400437890866,0.09031692343593993
2301,0.48833147272831434,0.15471128798444198,0.4127810816191774,0.07555039110913692
2302,0.49605079921295403,0.20626035816724358,0.3937351836981427,0.10231561551481133
2303,0.4915355892765679,0.17281285748234684,0.406591919539415,0.0849436697371529
2304,0.4969341585976813,0.16968906378152832,0.41260986646417924,0.08432429213350205
2305,0.5528244449676747,0.20413060496488625,0.4399760565770458,0.1128483883906289
2306,0.5490178638177223,0.1823494188610823,0.4489047754062078,0.10011308841151449
2307,0.5151011555191022,0.18515520481826714,0.41972749556683675,0.09537365995226543
2308,0.47445490976582977,0.18543197315191176,0.3864757996763397,0.08797911008949007
2309,0.46539235377506105,0.19147715044992872,0.37628035203302723,0.08911200174203382
2310,0.49762535460019197,0.18284533136285086,0.4066368817437637,0.09098847285642826
2311,0.504759764037118,0.18927474106554174,0.4092214903986885,0.09553827363842946
2312,0.487221075882767,0.21906241484555347,0.3804892504362394,0.10673182544652758
2313,0.5116368527371011,0.23041243337874617,0.39374936049170245,0.11788749224539868
2314,0.5533709182999924,0.22519788446579012,0.42875295817394254,0.12461796012604988
2315,0.5747786897279801,0.20717124410494328,0.45570107349202527,0.11907761623595481
2316,0.5581836251284104,0.20090630019335193,0.4460410181753485,0.11214260695306183
2317,0.5862446850121956,0.17838203451996318,0.4816691653732052,0.10457551963899042
2318,0.5820805266575414,0.19002556089069508,0.4714703480958909,0.1106101785616505
2319,0.5662790657472443,0.19273153996825576,0.45713922935399276,0.10913983639325155
2320,0.5215694360116748,0.20361421048132686,0.4153704870869667,0.1061989489247081
2321,0.5509338859220367,0.18576346723939882,0.44859049705348375,0.10234338886855296
2322,0.5429585074290458,0.2017401904446224,0.4334219547367822,0.10953655269226364
2323,0.5433960449484679,0.2051770479652318,0.4319036485699589,0.11149239637850906
2324,0.5079859493538825,0.24887769756345057,0.3815595758841046,0.1264263734697779
2325,0.5056861266501738,0.2570346260075363,0.3757072822094467,0.12997884444072705
2326,0.48898221872961223,0.2342441481270279,0.3744409954540302,0.11454122327558204
2327,0.4810825707050867,0.22166302887181888,0.3744443509451562,0.10663821975993049
2328,0.4806306232223932,0.2101188815222981,0.37964105424553884,0.10098956897685434
2329,0.5147066462596468,0.1951650074313875,0.4142539198173983,0.10045272644224851
2330,0.5169417002248153,0.17070937522992846,0.42869490554914014,0.0882467946756752
2331,0.5224205775501064,0.16859039428814349,0.43434548639669435,0.08807509115341208
2332,0.4937792973049184,0.19740981080389036,0.3963024196450765,0.09747687765984187
2333,0.4914850527766663,0.2253962007958298,0.3807061891328678,0.11077886364379849
2334,0.48370486887214276,0.25096326623988985,0.3623127150838522,0.12139215378829056
2335,0.5008571208458935,0.22040596599080683,0.39046522330248007,0.11039189754341343
2336,0.4920464429629328,0.20805533525793776,0.3896735553098041,0.10237288765312874
2337,0.5205102716707344,0.18897198037258192,0.4221484148288451,0.0983618568418893
2338,0.5137982219444516,0.20836806104563266,0.40673908266919256,0.10705913927525901
2339,0.5620686849704067,0.19950618394396588,0.4499325065175578,0.11213617845284898
2340,0.5496358559201884,0.19811229236976602,0.44074623653522144,0.10888961938496695
2341,0.5687913433553552,0.18319795212204698,0.46458993406790605,0.10420140928744914
2342,0.5565727696101299,0.1863003891154379,0.45288304606070573,0.10368972354942417
2343,0.5475686758869258,0.16109378021909102,0.4593587679587387,0.08820990792818711
2344,0.5640714930165974,0.14512831180458743,0.4822087494980055,0.08186274351859192
2345,0.561440884220438,0.14001333951403924,0.48283167108101943,0.07860921313941859
2346,0.5077233525733582,0.15145052749794213,0.43082838300309945,0.07689496957025875
2347,0.4997452730414269,0.1633659420703414,0.4181039157158142,0.0816413573256127
2348,0.5192675277970137,0.1772913256715669,0.4272058994156839,0.09206162838132978
2349,0.562824771865853,0.16947904585601856,0.4674377665458969,0.09538700531995609
2350,0.587037578428729,0.1443417001216266,0.5023035763230435,0.08473400210568545
2351,0.5670268090969828,0.1380872632855203,0.48872762881925924,0.0782991802777235
2352,0.5249147436414192,0.1806403729177316,0.43009394860001776,0.09482079504140145
2353,0.5203759725502413,0.15691410423230026,0.4387216429535081,0.08165432959673317
2354,0.5218703163051094,0.1450021693421927,0.4461979883255722,0.07567232797953714
2355,0.532221937466754,0.12719578033525672,0.464525552819128,0.06769638464762598
2356,0.5263881683309275,0.12553745039717373,0.46030673975942454,0.06608142857150295
2357,0.5244794594700848,0.13795192560648967,0.45212650809513577,0.07235295137494904
2358,0.49481844609748665,0.15785991368416258,0.416706448907206,0.0781119971902807
2359,0.49676910735847823,0.18859940383345247,0.4030787498677929,0.09369035749068534
2360,0.5288597792889954,0.21913710731729572,0.4129669770791415,0.11589280220985392
2361,0.5136189360886041,0.22580803415920303,0.3976396538234951,0.11597928226510903
2362,0.529316517451802,0.21975732514359247,0.4129953354222723,0.11632118202952968
2363,0.5498768453904554,0.2228502351983969,0.4273366610650399,0.12254018432541552
2364,0.5624072363777183,0.21907899805472247,0.4391956225333623,0.12321161384435599
2365,0.5597248759207718,0.21743459485344357,0.4380213242955448,0.12170355162522699
2366,0.5417642721170425,0.2024269476284883,0.43209658417821983,0.10966768793882264
2367,0.5169727911467509,0.16383139305349975,0.4322764186024227,0.08469637254432819
2368,0.50214273452931,0.13473139541522014,0.43448834320856167,0.06765439132074838
2369,0.5349427625405144,0.1394894205203369,0.4603239065821899,0.07461885595832454
2370,0.5300281101093792,0.17137711448663084,0.4391934220020316,0.09083468810734766
2371,0.5279277717911667,0.19130367591995717,0.4269332484272842,0.10099452336388245
2372,0.5197972696067577,0.19307320517286594,0.41943834472367664,0.10035892488308103
2373,0.5125395561965008,0.18068428210168866,0.41993171443641797,0.09260784176008287
2374,0.47409283024548915,0.13766541829060777,0.4088266424611658,0.06526618778432337
2375,0.49954911911541827,0.13776249165340831,0.430729987762813,0.06881913135260528
2376,0.5213573196601821,0.10578688667790422,0.4662045519665945,0.05515276769358756
2377,0.4974945120986439,0.09170173173101638,0.45187340381252117,0.04562110828612273
2378,0.5354876061880148,0.1115290466189606,0.47576518399359613,0.05972242219441872
2379,0.5456577960320856,0.0975066136414609,0.49245255213393396,0.053205243898151657
2380,0.5587254985216995,0.09007784502631239,0.5083967096536127,0.050328788868086775
2381,0.5289680830530217,0.06684558837637176,0.49360890030902094,0.03535918274400072
2382,0.5469862101875597,0.11059955853231462,0.4864897768175517,0.06049643337000796
2383,0.5585908683577887,0.11076381537539175,0.49671921254462686,0.06187165581316186
2384,0.4923551478962113,0.10837073791751058,0.4389982572012138,0.05335689069499747
2385,0.5139329777671872,0.11008767465264763,0.45735529131748665,0.05657768644970049
2386,0.47749129343545965,0.08543535557186384,0.436696654998332,0.04079463843712767
2387,0.5350854656581221,0.11585549579899772,0.4730928737394628,0.0619925919186593
2388,0.514868984319565,0.1064779298735777,0.46004680071310616,0.05482218360645881
2389,0.5275105728534101,0.11668997954433208,0.46595537489772676,0.061555197955683316
2390,0.5048019240747073,0.11780821090315827,0.4453321125389941,0.0594698115357132
2391,0.536250933985498,0.11561390952363833,0.474252867021732,0.06199806696376591
2392,0.4920927677645172,0.09355706089017367,0.44605401472715817,0.04603875303735903
2393,0.5270021358465734,0.08753352035987352,0.48087178365875055,0.04613035218782287
2394,0.5235537244002035,0.09996810412007345,0.47121505116691176,0.05233867323329179
2395,0.5334237502311722,0.13803378004532824,0.4597932536208085,0.07363049661036372
2396,0.5379799219406179,0.13548671446716434,0.46509078986758207,0.07288913207303586
2397,0.5215104350632521,0.13194010961047284,0.45270229109800125,0.06880814396525087
2398,0.5238494140079435,0.1376186245670816,0.4517579781718986,0.07209143583604487
2399,0.5480959436946897,0.1258431558305208,0.4791218204422425,0.0689741232524472
2400,0.5217510757176382,0.08422488397137486,0.4778066519033801,0.043944423814258095
2401,0.5559623992660788,0.11332596136394317,0.49295742588704605,0.0630049733790328
2402,0.5481148644843569,0.1286923849862899,0.4775766553274279,0.07053820915692897
2403,0.4840507355254571,0.1146537635904082,0.42855249692875813,0.05549823859669896
2404,0.5119829929862231,0.14496824129323013,0.43776171892096616,0.07422127406525694
2405,0.48153304294817173,0.13963508612962583,0.414294135021843,0.06723890792632878
2406,0.5156438629665825,0.163604384669693,0.4312822660572313,0.08436159690935122
2407,0.540397042776659,0.1486582811837318,0.4600625472407093,0.08033449553594972
2408,0.482594453503183,0.11627799388604802,0.4264793385892992,0.056115114913883796
2409,0.5477197982709474,0.08843957617155732,0.49927969145109397,0.04844010681985346
2410,0.5649794416055051,0.10228042447450061,0.5071931044987277,0.05778633710677739
2411,0.5770715829232337,0.10580999205768944,0.516011643317408,0.061059939605825626
2412,0.5462307475811747,0.11462768562070894,0.483617581171075,0.06261316641009972
2413,0.5447865443256888,0.11866878150394272,0.4801373889308157,0.06464915539487318
2414,0.48953161963719777,0.08089185977739924,0.4499324965049024,0.03959912313229534
2415,0.5204602167795555,0.07840668499506295,0.4796526565100587,0.040807560269496786
2416,0.5135578527581838,0.07959860232331366,0.4726793654664702,0.04087848729171354
2417,0.5286392105041678,0.15337119286694403,0.4475611841929041,0.08107802631126375
2418,0.49563376373179613,0.10186233599126501,0.4451473507619327,0.050486412969863476
2419,0.5280498020295781,0.13478058061413994,0.4568789431188499,0.07117085891072819
2420,0.5072907900920658,0.09837913631303774,0.45738396030324985,0.04990682978881596
2421,0.5694837700383673,0.1051929712218994,0.5095780802053825,0.05990568983298474
2422,0.5723148940228917,0.10884682670166874,0.5100202339343981,0.06229466008849361
2423,0.5498539675993918,0.10834842799243734,0.49027815458459306,0.059575813014798674
2424,0.5450295877670439,0.11519705837762166,0.48224378252751265,0.06278580523953123
2425,0.5475809835680471,0.10964241545039105,0.4875428818749455,0.06003810169310157
2426,0.5271572579109349,0.11330305025113371,0.46742873262760243,0.059728525283332515
2427,0.4831122387005342,0.12739498634518304,0.42156616164808886,0.06154607705244536
2428,0.4910402485726199,0.14599414613889822,0.41935124676242796,0.07168900181019197
2429,0.5466867106392986,0.15905236598358594,0.45973489586033417,0.08695181477896446
2430,0.5570301632263877,0.16867878587638704,0.4630709915968349,0.09395917162955277
2431,0.5485019667568548,0.1740658824970372,0.4530264878619623,0.0954754788948925
2432,0.5227005832093393,0.17181755915921165,0.4328914448312142,0.0898091383781251
2433,0.524917782106845,0.18074001291544436,0.43004413538930747,0.09487364671753758
2434,0.5337531484444322,0.19723813416117844,0.4284766733425979,0.10527647510183431
2435,0.5830529220781198,0.23012657837405853,0.44887694810928547,0.13417597396883427
2436,0.5516943118016814,0.24936167892658354,0.41412289195656804,0.13757141984511334
2437,0.5521370020838658,0.24541958482548673,0.4166317682656546,0.13550523381821125
2438,0.5789163550971961,0.24227622519638725,0.4386586858797961,0.14025766921739996
2439,0.569026776427691,0.22421652538345682,0.44144156976692495,0.12758520666076598
2440,0.5564912035158069,0.2410469490228861,0.4223506967502477,0.13414050676555925
2441,0.5717940381944594,0.25279726173049544,0.4272460710650777,0.14454796712938164
2442,0.5803437952902439,0.27541236602161595,0.4205099375233935,0.1598338577668504
2443,0.5389946646354407,0.22576736459755092,0.4173072596685564,0.12168740496688422
2444,0.5709985656430646,0.2248286049604047,0.4426217546951423,0.12837681094792228
2445,0.5981819812406414,0.26111309441140873,0.4419888330977503,0.15619314814289112
2446,0.5663790666419752,0.25750019722756406,0.42053634527610295,0.14584272136587229
2447,0.5546329603153292,0.27754601372036153,0.4006967931018861,0.15393616721344308
2448,0.5272423938923667,0.2658244712905928,0.38708846329394186,0.14015393059842485
2449,0.5479292824205054,0.21868733561414863,0.42810408754299273,0.1198251948775127
2450,0.5388574306805046,0.19503055015682888,0.43376376951879053,0.10509366116171409
2451,0.5047551483281573,0.17592980289286472,0.41595367457362586,0.0888014737545314
2452,0.49049471680538015,0.1871723467889619,0.39868766957332985,0.09180704723205028
2453,0.5187918479431218,0.17054300826010776,0.4303155255340814,0.0884763224090404
2454,0.5063449743915526,0.2152155015801809,0.39737168675527074,0.10897328763628185
2455,0.5429018424331176,0.2347667607917165,0.4154465354572397,0.12745530697587787
2456,0.5268401970412876,0.24456096195373933,0.3979956516569727,0.12884454538431486
2457,0.5243592422732418,0.17734509162686318,0.43136670440690117,0.09299253786634062
2458,0.5152456261206965,0.16097557164651835,0.43230366691754907,0.08294195920314738
2459,0.5052592238223211,0.16423757071942888,0.4222766763181589,0.08298254750416222
2460,0.5185079957971759,0.21440964938181922,0.4073348782166336,0.11117311758054228
2461,0.5658525280058376,0.2332124705194967,0.4338886619998935,0.1319638660059441
2462,0.5617080284987085,0.2164251923788497,0.4401402603701311,0.12156776812857736
2463,0.5556399852554038,0.20327472867964666,0.44269241800904874,0.11294756724635509
2464,0.5572489020732909,0.21856003779693656,0.43545656097385105,0.12179234109943986
2465,0.560107586141998,0.22296507942373636,0.43522315371201015,0.12488443242998783
2466,0.550544870606575,0.22467592539483527,0.4268506923316629,0.12369417827491208
2467,0.5632435570585343,0.22420344774616466,0.43696240964519734,0.126281147413337
2468,0.5545928055622912,0.23529200326365346,0.4241015533459298,0.13049125221636135
2469,0.5231933623005728,0.2605462872496583,0.38687727423949325,0.13631608806107956
2470,0.5509621530248456,0.27940475182794833,0.39702070939234657,0.1539414436324991
2471,0.5856064743547701,0.2824187716360157,0.420220213205398,0.1653862611493721
2472,0.5860176285273303,0.28569579825137814,0.4185948543558351,0.16742277417149523
2473,0.606404259173723,0.2525444023513176,0.45326025795740166,0.15314400121632135
2474,0.5591891459173342,0.20361541504381245,0.44532961588338116,0.113859530033953
2475,0.5906333711556049,0.21104048253989863,0.46598581950275897,0.1246475516528459
2476,0.5733062460283801,0.25070862969925795,0.4295734226885793,0.1437328233398008
2477,0.5380861776159912,0.2587674527641391,0.39884698806670904,0.13923918954928216
2478,0.5535119606935511,0.25843206164980864,0.41046672354368885,0.14304523714986225
2479,0.575780762533874,0.2509595247968551,0.43128309598120207,0.1444976665526719
2480,0.5554114405144781,0.2777703902264248,0.40113458794655077,0.1542768525679273
2481,0.5538349784673441,0.25274241273264364,0.41385738975377584,0.13997758871356827
2482,0.5660171411913688,0.211343244306274,0.44639324223902255,0.11962389895234624
2483,0.5864867339465575,0.19218408643649865,0.4737733167759125,0.112713417170645
2484,0.5819413560047432,0.19822290793455807,0.4665872481701031,0.11535410783464009
2485,0.5755978817592793,0.18200009755547272,0.470839011126367,0.10475887063291228
2486,0.5806317663922868,0.18897237743848647,0.47090840108082843,0.1097233653114583
2487,0.583564214193631,0.18745549007348233,0.4741718984326173,0.10939231576101371
2488,0.5852073896872918,0.21568942686270656,0.4589843432098193,0.12622304647747254
2489,0.5946139088004336,0.22827274937899383,0.45887975701956835,0.1357341517808653
2490,0.5805571719847297,0.22530128338677247,0.4497568960571749,0.13080027592755478
2491,0.5531648910196959,0.24064644125090934,0.420047728570859,0.13311716244883692
2492,0.5582044308004482,0.23566300294618361,0.42665629838014946,0.13154813242029878
2493,0.5603750992614601,0.23092908700406953,0.43096818920919633,0.12940691005226382
2494,0.5504639875005054,0.2552263983676085,0.40997104653967914,0.14049294096082626
2495,0.5781236497934253,0.27686488713439644,0.4180615107436433,0.16006213904978203
2496,0.6002542018949263,0.26634475311232475,0.44037964468658664,0.15987455720833968
2497,0.5879542059872988,0.24247452367721414,0.44539028994651386,0.14256391604078492
2498,0.54519825983274,0.19096105212864675,0.4410866265163726,0.10411163331636736
2499,0.5098217908650589,0.18297459470701624,0.4165373553087195,0.09328443555633933
2500,0.49828653178583926,0.19075136233036713,0.40323769701681667,0.09504883476902262
2501,0.5190804319448307,0.15370934473713158,0.43929291888472355,0.07978751306010715
2502,0.5265742774359252,0.15785878712502907,0.44344990066865153,0.08312437676727372
2503,0.5740954002187709,0.201522538255206,0.45840223796604584,0.11569316225272507
2504,0.5290437161484137,0.20186169468248752,0.42225005504557406,0.10679366110283968
2505,0.5357029900444248,0.2366700100515649,0.40891815800595743,0.12678483203846738
2506,0.5196714686023394,0.21751628600564973,0.4066344608088569,0.11303700779348247
2507,0.5381414586126331,0.23676533887664983,0.4107282138006384,0.1274132448119947
2508,0.539646082611071,0.2380711806422687,0.4111719025948781,0.12847418001619296
2509,0.5111453791709678,0.2344278098803056,0.39131868740147946,0.11982669176948836
2510,0.5025427826645499,0.22040062819271822,0.39178203767156644,0.11076074499298345
2511,0.5336443085027117,0.22775264315918,0.41210540673436624,0.12153890176834548
2512,0.5704315115479799,0.18990890891656542,0.46210148557827585,0.10833002596970405
2513,0.5566906897786761,0.16699452182649877,0.46372639423382234,0.09296429554485378
2514,0.5473142664546856,0.14043493503584467,0.47045222300093087,0.07686204345375476
2515,0.5708713518529757,0.13902797655423918,0.49150426293207333,0.07936708892090233
2516,0.5143031425067274,0.14169555709166037,0.44142867221524507,0.07287447029148234
2517,0.5055176253002515,0.16256908877857415,0.4233360855936809,0.08218153970657056
2518,0.4934628026509314,0.13925893132862643,0.4247437001033338,0.0687191025475976
2519,0.5285198478874595,0.15175332389516866,0.4483152042259686,0.08020464366149092
2520,0.5448840813562531,0.1549396486036246,0.46045993326120643,0.08442414809504666
2521,0.5287329608736347,0.15209668954826253,0.4483144278697039,0.08041853300393086
2522,0.49690246241072955,0.12955117903374383,0.43252816254064896,0.06437429987008059
2523,0.5292887817706761,0.11552993592175967,0.46814008272860363,0.061148699042072444
2524,0.48652516905106974,0.10528690016455017,0.43530044214964886,0.051224726901420874
2525,0.49295059425229687,0.14161864534547453,0.42313959887203995,0.06981099538025694
2526,0.46842967074932823,0.1759530596413457,0.3860080369541957,0.08242163379513248
2527,0.4798537594412932,0.1725955782991391,0.3970331223315072,0.08282063710978599
2528,0.4675009132342697,0.18641379366236865,0.3803522944576476,0.08714861877662206
2529,0.48305973358743154,0.16138454206545366,0.4051013596921639,0.07795837389526769
2530,0.5118741370242539,0.15974578352844643,0.4301044019373671,0.08176973508688679
2531,0.5455382222735075,0.17526389628478453,0.44992506786557773,0.09561315440792974
2532,0.5541788745049263,0.16793173196804603,0.4611146562892116,0.0930642182157147
2533,0.5468476996190658,0.1802865958329139,0.4482583894156845,0.09858931020338121
2534,0.5354799790477978,0.16063114662751554,0.449465216017272,0.08601476303052576
2535,0.5197250928799944,0.16912352741540032,0.43182735188583315,0.0878977409941612
2536,0.5428818750706493,0.19810988142928299,0.4353316111702962,0.10755026390035316
2537,0.5603045445848645,0.21309487446259823,0.4409065179957295,0.11939802658913497
2538,0.5098719052063789,0.23092589740296307,0.39212927793603736,0.11774262727034157
2539,0.5174602287366685,0.24019779951664216,0.3931674204567424,0.1242928082799261
2540,0.4968642161949606,0.24355092830535227,0.3758524750989667,0.1210117410959939
2541,0.5110960901227654,0.22631071228914565,0.39542956991888495,0.11566652020388041
2542,0.49565526478274846,0.2400846709746885,0.3766560336205102,0.11899923116223828
2543,0.49638447408163283,0.2548762088306724,0.3698678812052991,0.12651659287633374
2544,0.5407915904596793,0.2208914159344125,0.4213353703176178,0.11945622014206148
2545,0.5746796585589203,0.22713398427749523,0.4441503780272022,0.13052928053171814
2546,0.5898734665598298,0.20686738460496207,0.4678478852847352,0.12202558127509452
2547,0.5710799591442409,0.18853784745981775,0.46340977291974506,0.10767018622449584
2548,0.5431824385887001,0.15518922412224742,0.45888637738728943,0.08429606120141067
2549,0.5544914020197032,0.13972763741693636,0.4770136284474854,0.07747777357221777
2550,0.5276154497861409,0.16068064389056047,0.4428378595878961,0.08477759019824481
2551,0.5212837455422056,0.1818169361341577,0.42650553207118386,0.09477821347102171
2552,0.5318921685349294,0.19045048479520565,0.43059304717867886,0.10129912135625053
2553,0.5267854397065209,0.18434860259949348,0.42967328002686406,0.09711215967965686
2554,0.5503179810827378,0.17130945861636376,0.45604330567660367,0.09427467540613413
2555,0.5442052068022648,0.14324344392556013,0.46625137877768674,0.07795382802457808
2556,0.5275927295692409,0.1522194555478198,0.4472828515232229,0.08030987804601797
2557,0.5558565956620948,0.17374510730043274,0.45927923180513086,0.09657736385696392
2558,0.5709705569919221,0.1663332179666022,0.4759991868832725,0.09497137010864964
2559,0.5656497459523,0.1674124885358701,0.4709529143427427,0.09469683160955726
2560,0.5570657933856287,0.17548515223622682,0.4593090178277571,0.09775677555787152
2561,0.5520004278377596,0.19142485606711948,0.4463338253899281,0.1056666024478315
2562,0.5334585329442955,0.21209566553733625,0.42031429036290413,0.11314424258139136
2563,0.5167282070080529,0.21704255896973368,0.4045761946671828,0.11215201234087006
2564,0.5294210803626292,0.17738520327394514,0.4355096144049926,0.09391146595763664
2565,0.5310189056615462,0.13319640166444438,0.4602890982116372,0.070729807449909
2566,0.5522744270302028,0.1102866873992136,0.49136590993774304,0.06090851709245978
2567,0.5519810355771833,0.11314334060824825,0.48952805725958043,0.06245297831760284
2568,0.5379227673258428,0.13950157563969465,0.46288169371142285,0.07504107361441992
2569,0.5556235721352704,0.16231337773690915,0.4654384333917474,0.09018513874352294
2570,0.5429403253230275,0.18834886883797897,0.44067812920191096,0.10226219612111653
2571,0.5339381039663749,0.20023304517467322,0.4270260514743964,0.10691205249197851
2572,0.5170949696976197,0.1856509327092433,0.4210958062739987,0.095999163423621
2573,0.47618139017657424,0.20694610303818906,0.3776375071402248,0.09854388303634944
2574,0.5330698369073814,0.2131148598451597,0.4194647333271827,0.11360510358019874
2575,0.5493446179390193,0.20928002180383465,0.43437776431892217,0.11496685362009718
2576,0.5453204544038573,0.21029789283323094,0.43064071192386616,0.11467974247999119
2577,0.5424927439838599,0.22360897482413636,0.42118649765209637,0.12130624633176358
2578,0.5407939316688177,0.19064750854773274,0.4376929159584248,0.10310101571039293
2579,0.584724691087154,0.18630781597999113,0.4757859109411313,0.10893878014602264
2580,0.5557622119921766,0.19611306887214014,0.44676997903522186,0.10899223295695468
2581,0.5480457107034036,0.18978819717511158,0.44403310329945184,0.10401260740395173
2582,0.5567125041005829,0.17443707142612927,0.45960120525897025,0.09711129884161267
2583,0.5721035985839799,0.1814382041483622,0.46830214907008705,0.1038014495138928
2584,0.5924530220779131,0.17902754004769986,0.48638761494147864,0.10606540713643439
2585,0.5664141860306349,0.17691086059830693,0.46620936492486575,0.10020482110576914
2586,0.5620050451587578,0.16844821777753205,0.4673362969197836,0.09466874823897417
2587,0.577264529169941,0.17833154000088586,0.4743200566951791,0.10294447247476186
2588,0.5461018169961669,0.19054906918718484,0.44204262408611694,0.10405919291004996
2589,0.5257319610519241,0.1918501085125785,0.42487022727558177,0.10086173377634233
2590,0.5330932680228117,0.1918162031028158,0.43083734145100416,0.10225592657180746
2591,0.5255744176771813,0.19190167093276125,0.4247158087254172,0.10085860895176406
2592,0.5075096463373531,0.1660643328405894,0.42323039550817704,0.08427925082917602
2593,0.5557264409048115,0.143249563569691,0.4761188707810596,0.07960757012375193
2594,0.549193746121698,0.12901866054527297,0.47833750461723584,0.07085624150446218
2595,0.5339963269314765,0.10706242445435313,0.4768253855204732,0.057170941411003255
2596,0.5190430605848233,0.12324317810668614,0.4550745442241284,0.06396851636069487
2597,0.5088057890788251,0.12339510474722279,0.44602164543945017,0.06278414363937497
2598,0.5300486370541236,0.16152324828330666,0.44443345944900214,0.08561517760512151
2599,0.5338243765972588,0.18696038952293673,0.43402036321179643,0.09980401338546237
2600,0.5318613906336319,0.16366904626745585,0.4448121440821426,0.08704924655148931
2601,0.5414811641617059,0.13534062011275436,0.4681967676246845,0.07328439653702142
2602,0.5482207544474933,0.1431549968577534,0.46974021406720723,0.0784805403802861
2603,0.5101293875225477,0.16746430847155316,0.42470092241006724,0.08542846511248041
2604,0.522513466956371,0.1832947643773047,0.42673948414663443,0.0957739828097366
2605,0.5220421552485363,0.186390766233439,0.4247383179256057,0.09730383732293059
2606,0.5275835042840707,0.1844985700751384,0.43024510214842904,0.09733840213564171
2607,0.5434611242044826,0.1394430895682504,0.46767922598517486,0.07578189821930773
2608,0.536532804626949,0.12837541350752996,0.46765518397260963,0.06887762065433936
2609,0.5286827467812357,0.12599933315518244,0.4620690732361499,0.06661367354508588
2610,0.4989805089285331,0.08465960029991342,0.4567370184851961,0.04224349044333699
2611,0.5150639240859535,0.11399422603436622,0.45634961070155167,0.05871431338440183
2612,0.5293553710602764,0.15739322858252297,0.44603842014160006,0.08331695091867634
2613,0.5457466170461629,0.17551980484706456,0.4499572773262747,0.09578933971988819
2614,0.5333840519300602,0.17285881765341524,0.4411839153582422,0.09220013657181804
2615,0.55459628546066,0.16495056041151857,0.4631153173717776,0.09148096808888238
2616,0.5492144235065892,0.1605947214146307,0.4610134861666515,0.0882009373399377
2617,0.6003080266760048,0.15303139660243348,0.5084420509621249,0.0918659757138799
2618,0.587932654497595,0.1505924766377642,0.49939441996058725,0.08853823453700777
2619,0.5717257811719514,0.15413763504172012,0.4836013213697268,0.08812445980222458
2620,0.5533877401867807,0.1723342243633029,0.45802009320953085,0.09536764697724984
2621,0.5706732324427207,0.1732501774123277,0.4718039936775528,0.09886923876516789
2622,0.542788500676391,0.13060344848477887,0.47189845069017156,0.07089004998621938
2623,0.5361236639993807,0.12693308578557452,0.4680718329652708,0.06805183103410993
2624,0.5383824873825723,0.1539587945897778,0.45549376859690527,0.08288871878566709
2625,0.565994408083175,0.14962427784162402,0.4813079035113325,0.08468650457184251
2626,0.5529227288171703,0.12642185657567234,0.4830212108972166,0.06990151791995368
2627,0.5984330480730493,0.1429334815826096,0.5128969290178752,0.08553611905517412
2628,0.5796569257561125,0.14586473210369852,0.4951054235686437,0.08455150218746882
2629,0.5739269424238995,0.1441418890354665,0.49120002877456925,0.08272691364933028
2630,0.5681368262125758,0.14677414949951884,0.484749026745869,0.08338779946670676
2631,0.5647024433724664,0.12986498278805816,0.4913673702835267,0.07333507308893975
2632,0.5472706942572166,0.13958518423474142,0.4708798135730482,0.07639088068416842
2633,0.5326270657730049,0.14956903802178778,0.45296254792096907,0.07966451785203583
2634,0.5414912218740106,0.1439350442741384,0.46355165887951755,0.077939562994493
2635,0.5476809127471339,0.148504426096974,0.4663478731153539,0.08133303963178003
2636,0.5329464813688755,0.15200572115199779,0.4519355671329798,0.08101091423589567
2637,0.5410922919020575,0.14330006787295213,0.46355372974696146,0.07753856215509607
2638,0.5591828061542794,0.13965454447379613,0.48109038608322446,0.07809242007105494
2639,0.5654846730607297,0.14296921832900863,0.4846377713762022,0.08084690168452753
2640,0.5289147079653269,0.15206499965246198,0.44848529308239743,0.08042941488292947
2641,0.5356977354028942,0.18092138201969046,0.43877856076898414,0.09691917463391009
2642,0.49439262814084184,0.13199680128965896,0.4291343826450629,0.06525824549577895
2643,0.4800745729103861,0.10405916774938517,0.43011841239568976,0.049956160514696306
2644,0.4790819760815206,0.11918138989420794,0.4219843202988613,0.05709765578265931
2645,0.5042003696233803,0.16454857164582892,0.42123491897855414,0.08296545064482622
2646,0.484838682815403,0.16753575573440116,0.40361086768065285,0.08122781513475015
2647,0.4771961232342162,0.15285117675213922,0.4042561342563074,0.07293998897790878
2648,0.4897480075126235,0.14805381916353613,0.4172389445726474,0.0725090629399761
2649,0.5199898788024541,0.15187758877353974,0.4410150698232922,0.07897480897916188
2650,0.520659568998001,0.16559446969602415,0.43444122377761657,0.08621834522038448
2651,0.5301390753623572,0.17171255173934744,0.43910754195514856,0.09103153340720857
2652,0.5121411271076319,0.16754255792186623,0.4263356926550317,0.08580543445260028
2653,0.5141890091244367,0.20010778818834246,0.4112957837977902,0.10289322532664646
2654,0.5334126187867388,0.2001598856904293,0.4266448099845527,0.1067678088021862
2655,0.5146457084882038,0.11248325317019466,0.456756684967371,0.057889023520832826
2656,0.4902391756927684,0.09138703658745231,0.44543767020713093,0.044801505485637494
2657,0.49792184234172204,0.12102783448166253,0.43765944002198365,0.0602624023197384
2658,0.4970202043540104,0.1320304925913793,0.4313983819452824,0.06562182240872799
2659,0.5053577430943758,0.15228027824411028,0.42840172536314863,0.07695601773122714
2660,0.4975945829568041,0.18327185171213095,0.40639950233638505,0.09119508062041905
2661,0.5096194483670913,0.17950410496523053,0.41814066541508205,0.09147878295200923
2662,0.4945507157034033,0.16170790509703556,0.4145779555027663,0.07997276020063696
2663,0.4441928761170679,0.11442849966058453,0.39336455174307194,0.050828324373995974
2664,0.4507854776184391,0.08929673328436127,0.41053180705508197,0.040253670563357165
2665,0.45221842614867264,0.07727233771856853,0.41727445120075285,0.03494397494791977
2666,0.499918120259248,0.07329217473657645,0.4632780340352263,0.036640086224021644
2667,0.47229497524683356,0.09075633273858551,0.42943121532256995,0.04286375992426363
2668,0.46542379075939727,0.09397423478282298,0.4216859461730622,0.043737844586335076
2669,0.4899578120671529,0.07481449957558448,0.4533018635442006,0.03665594852295231
2670,0.5012031154108799,0.07020904984423329,0.4660141208989124,0.03518899451196748
2671,0.5169775639292424,0.06991365188449902,0.480833774492597,0.036143789436645396
2672,0.5165331478407492,0.06362619697174975,0.4836681080337958,0.03286503980695344
2673,0.524316441550868,0.06552038004604023,0.4899630290360677,0.034353412514800306
2674,0.5097502055107525,0.07104229520673037,0.4735363809291661,0.036213824581586354
2675,0.5262506154729184,0.06486357343631152,0.4921161200302866,0.03413449544263178
2676,0.5023841363958196,0.07124158983386829,0.4665934918116665,0.03579064458415312
2677,0.5052766549791877,0.07208693876495172,0.4688528076923434,0.03642384728684434
2678,0.5381105063659742,0.06478593809592058,0.5032485124117838,0.034861993954190484
2679,0.4867995005385126,0.0765339251858792,0.4495428239837747,0.03725667655473789
2680,0.48532489310409044,0.07747555567198679,0.44772407732940345,0.037600815774687
2681,0.5117237657145421,0.08008423609694099,0.470742758844643,0.04098100686989911
2682,0.5100597331088267,0.07715076214515512,0.4707082359599263,0.03935149714890039
2683,0.5160275079943444,0.07262207349487218,0.47855252038340335,0.03747498761094102
2684,0.5025482572090237,0.08024200137962785,0.4622227792607277,0.04032547794829606
2685,0.5250932343672733,0.07438228235937927,0.48603560114356703,0.039057633223706235
2686,0.5158332249329889,0.07435050434257875,0.47748076450256227,0.038352460430426595
2687,0.4890328750059035,0.07339529108987451,0.453140164792327,0.035892710213576505
2688,0.5127829102804883,0.07817133522948326,0.47269798550100217,0.04008492477948609
2689,0.5243600798318624,0.12330273066428687,0.45970505013725027,0.06465502969461209
2690,0.4854929763004933,0.11357169474847145,0.4303547161935668,0.05513826010692651
2691,0.4954716544610529,0.0946434215687683,0.4485785217925204,0.04689313266853253
2692,0.480740599850813,0.10823698852202038,0.4287066850626914,0.05203391478812164
2693,0.49050970925487675,0.116693465907275,0.4332704312207554,0.057239278034121335
2694,0.48623195156793697,0.11832466405797575,0.4286987192444069,0.057533232323530074
2695,0.4739719284333363,0.1346325003415001,0.4101599026166737,0.06381202581666261
2696,0.4864414479829978,0.1415321756800914,0.4175943315089901,0.0688471164740077
2697,0.49891660227961887,0.11835455079204464,0.4398675519341214,0.059049050345497484
2698,0.5490290440738506,0.11231978359569067,0.48736222065572676,0.06166682341812381
2699,0.5271189871641603,0.12421058002181459,0.46164523202798846,0.06547375513617179
2700,0.5448099684322604,0.12379992294678577,0.47736253631970577,0.06744743211255462
2701,0.5098016893330088,0.09873222239740301,0.45946783556321047,0.05033385376979838
2702,0.5416828539597024,0.08165267648306591,0.49745299912890695,0.04422985483079542
2703,0.5032266008419618,0.11023702493044041,0.4477523974992857,0.05547420334267613
2704,0.5009696590870278,0.1056971780922492,0.4480185798116929,0.05295107927533495
2705,0.4795667861003565,0.09068260176507117,0.4360784222166628,0.043488363883693704
2706,0.49815204267521074,0.12413334648272425,0.436314762560732,0.061837280114478775
2707,0.5207305617282686,0.17225129773778539,0.43103404669884837,0.08969651502942022
2708,0.501695829044379,0.10985144706503859,0.44658381623735977,0.05511201280701925
2709,0.5036515360578788,0.09567696668237861,0.45546368482294036,0.04818785123493848
2710,0.5292102712884512,0.12900967647905326,0.46093702540013615,0.0682732458883151
2711,0.5116239901045568,0.15699527776579753,0.4313014396664463,0.08032255043811054
2712,0.5004778036632509,0.18912950248424573,0.40582268565201224,0.09465511801123866
2713,0.5181408323510784,0.21863409247187165,0.4048575816973802,0.11328325065369824
2714,0.5540128994731084,0.2493227375197376,0.41588488675522584,0.13812801271788258
2715,0.5498209728961986,0.2318517592594337,0.42234401305248154,0.12747695984371704
2716,0.5409852449765947,0.22852433087730004,0.4173569538538262,0.12362829112276855
2717,0.522925147168812,0.25441987704333435,0.3898825955232553,0.13304255164555667
2718,0.5207475861210115,0.25248553087924963,0.3892663553851601,0.13148123073585136
2719,0.5049485300002143,0.24896046400185873,0.3792363096743045,0.12571222032590984
2720,0.49752121497436985,0.24805941328784314,0.3741063942895728,0.12341482068479706
2721,0.5253228608504519,0.22350953051652675,0.40790819485216867,0.11741466599828321
2722,0.5508337288298824,0.19866387669209107,0.44140296484777786,0.10943076398210448
2723,0.5703610385996836,0.20176091150669462,0.4552844755639064,0.1150765630357772
2724,0.5616935244164769,0.23285540449011688,0.43090015158899886,0.13079337282747808
2725,0.568690969989845,0.22532896928097965,0.4405484198826327,0.12814255010721232
2726,0.576005157780104,0.20652340783706283,0.45704660966363186,0.11895854811647213
2727,0.5565048515160057,0.19524730067057308,0.4478487814474275,0.10865607006857819
2728,0.5780813781147288,0.21075708725592432,0.45624663066637794,0.12183474744835088
2729,0.5888001971409735,0.2288947640177421,0.45402691496279035,0.13477328217818316
2730,0.5905599522337865,0.2491308836722758,0.44343322947232633,0.14712672276146022
2731,0.5775317566784091,0.2625778936659981,0.4258846844845687,0.15164707219384038
2732,0.5719898430542707,0.27666949444012445,0.4137377023515595,0.1582521407027112
2733,0.5450942752779177,0.28271793485497426,0.3909863474700759,0.15410792780784174
2734,0.5503934105457515,0.29086787204659614,0.3903016504318402,0.16009176011391132
2735,0.569072456789745,0.30775884902914846,0.3939353724739433,0.17513708431580177
2736,0.5670242353439237,0.32209809962573466,0.38438680669791053,0.18263742864601312
2737,0.5966815695663114,0.3200767174488493,0.40569769141729917,0.19098387814901216
2738,0.5571438613084868,0.27545127024628274,0.4036778770011453,0.15346598430734149
2739,0.551221374789566,0.2631300582528622,0.4061784623309648,0.14504291245860126
2740,0.507975616543872,0.20202847665749873,0.40535007655435984,0.10262553998951218
2741,0.5148894372958179,0.21342029862982875,0.40500157982679996,0.10988785746901795
2742,0.5225967514726694,0.23715183174579535,0.39866197459652364,0.12393477687614572
2743,0.5185332154231691,0.23058927638511945,0.39896501649709126,0.11956819892607783
2744,0.49707449960473243,0.25016323205359503,0.3727247362121891,0.12434976339254332
2745,0.4976061221666268,0.24906016792588448,0.37367225781885854,0.12393386434776826
2746,0.527322639067132,0.2306554314395087,0.4056928082452823,0.12162983082184965
2747,0.5552749134530102,0.232075884438686,0.426408996806788,0.12886591664622216
2748,0.5481480762118549,0.2309459672900019,0.4215554885329544,0.12659258767890053
2749,0.5418234882123972,0.2310284601308229,0.41664684206797603,0.1251766461444212
2750,0.575713978498127,0.22220887874034684,0.44778522086091405,0.12792875763721295
2751,0.5544649008989827,0.22295036188042908,0.43084675059355826,0.12361815030542443
2752,0.5421790661401409,0.24921083882095477,0.40706216627619446,0.13511689986394643
2753,0.5299513420795026,0.26562146603768383,0.38918488966770703,0.14076645241179556
2754,0.517052656090929,0.270021616082409,0.37743726229355434,0.13961539379737467
2755,0.5280083736667789,0.2685441496884317,0.38621481393206203,0.14179355973471686
2756,0.49934779427870946,0.2781296199478581,0.36046438203417075,0.1388834122445387
2757,0.5243440919992652,0.2757331043958972,0.3797650677406599,0.14457902425860533
2758,0.525526468071949,0.3073179571889994,0.3640227474553277,0.1615037206166213
2759,0.567399544836102,0.33214827488776916,0.3789387648466853,0.1884607799894167
2760,0.5897375959530785,0.3340534485506985,0.3927337182849542,0.19700387766812433
2761,0.6120269253639368,0.3003166172766861,0.4282250694563884,0.18380185590754836
2762,0.6072526436023442,0.3015894554762507,0.42411164948179947,0.18314099412054474
2763,0.5954616774507504,0.333882574524862,0.3966473995526009,0.19881427789814948
2764,0.5767121387337826,0.34767519543406,0.37620363319032,0.20050850554346258
2765,0.5930392381425009,0.3612058992596873,0.378829966832959,0.2142092713095419
2766,0.58869404046573,0.36414906766585553,0.374321654489689,0.21437238597604102
2767,0.590766255863371,0.3391920691352006,0.39038302716181883,0.20038322870155212
2768,0.5933573161727741,0.36749180897984834,0.3753033626810135,0.21805395349176057
2769,0.6163189623489955,0.35323058264000073,0.3986162561863792,0.21770270616261636
2770,0.6021238154668259,0.30378530982536983,0.4192074456320024,0.18291636983482354
2771,0.6029137403813627,0.30132347102946627,0.421241679398292,0.1816720609830707
2772,0.5902141470331445,0.30448872703128066,0.4105005927271692,0.17971355430597527
2773,0.6146406946260028,0.2943537863713413,0.43371887890492755,0.18092181572107524
2774,0.5822670579211205,0.3274958759262441,0.3915769977642461,0.19069006015687445
2775,0.5887973034835758,0.32686883790860954,0.3963378131301765,0.19245949035339932
2776,0.5737368058534432,0.32493264708147895,0.38731098679941134,0.18642581905403188
2777,0.5821012216897377,0.3462854534055645,0.38052803620897385,0.2015731854807638
2778,0.5647719607379673,0.34344238983716385,0.37080532882909895,0.19396663190886837
2779,0.5599416649282027,0.34591461227752085,0.366249661006534,0.19369200392166874
2780,0.5776948370515637,0.31032755233216786,0.39842021227442137,0.17927462477714232
2781,0.5502032713469732,0.2603120853462185,0.40697871041833134,0.14322456092864191
2782,0.590940517368761,0.26171970173268044,0.436279741421253,0.154660775947508
2783,0.5967663777584384,0.27331491380246564,0.4336612266611812,0.16310515109725726
2784,0.6015020843885337,0.24735649679547012,0.4527166359790128,0.14878544840952093
2785,0.6115538141316182,0.21571020119046405,0.4796354178464912,0.13191839628512703
2786,0.6110187174286319,0.2567921780613959,0.4541138901438529,0.156904827284779
2787,0.6119541889297391,0.2875856159617915,0.4359649665659815,0.17598922236375755
2788,0.6214502151741663,0.2822256085802892,0.44606104999428553,0.1753891651798808
2789,0.6419815812568875,0.27974019785072807,0.4623935266995626,0.17958805455732496
2790,0.6345521609450963,0.28071621723643836,0.45642307868538123,0.17812908225971502
2791,0.6016893907567956,0.28769773743141436,0.42858471439957935,0.17310467635721624
2792,0.6006433203407382,0.2856121846602437,0.42909226941663736,0.1715510509241008
2793,0.5986870819055554,0.26963085600769726,0.43726257153061016,0.16142451037494526
2794,0.6056540721102868,0.2880749750196809,0.43118029041654793,0.17447378169373887
2795,0.5980624382709785,0.2609757363891013,0.44198265303654843,0.15607978523443006
2796,0.5938403175305783,0.23073509108881105,0.45682051777295185,0.13701979975762646
2797,0.593952378668685,0.2400884705715803,0.4513512604817683,0.1426011181869167
2798,0.5659770460136303,0.24848315575451196,0.4253412835355468,0.1406357624780835
2799,0.5977418889922053,0.2519599194994367,0.447134890760288,0.15060699823191726
2800,0.6066448088381036,0.25557062593109225,0.45160421532550166,0.15504059351260194
2801,0.5817402013831754,0.26204809399384793,0.42929629041111705,0.15244391097205837
2802,0.5725133844020276,0.27579026312462324,0.41461976747542384,0.15789361692660375
2803,0.5544711466682353,0.2995106546477595,0.38840113054633824,0.16607001612189703
2804,0.55286593728631,0.31379270359668426,0.37938064009872385,0.1734852971875861
2805,0.5570184830884408,0.3171198152096167,0.3803768846630935,0.17664159842534735
2806,0.5746015562175594,0.2879922355901601,0.40912076946887943,0.16548078674867997
2807,0.5587193626413395,0.2991877411572335,0.3915573785918679,0.16716198404947155
2808,0.5687768194981292,0.31920477930593844,0.38722054035589526,0.1815562791422339
2809,0.6051714571158211,0.3017528913220826,0.4225592201855244,0.18261223693029674
2810,0.5937475954608163,0.30703816434027587,0.4114444236690746,0.18230317179174177
2811,0.5668618976594801,0.3090271453056821,0.3916861836432093,0.17517571401627086
2812,0.5709017675464656,0.3112037098560393,0.39323501952263534,0.17766674802383026
2813,0.5236401680344248,0.2649731573015016,0.38488957942045443,0.13875058861397038
2814,0.49527153715058,0.2579091452522973,0.36753647833628245,0.1277350588142975
2815,0.5166254177139638,0.20869323302926726,0.408809189026141,0.10781622868782277
2816,0.4882549475053301,0.1944630537986497,0.39330739938114423,0.09494754812418589
2817,0.4989834375050664,0.22178111118019844,0.38831833627467766,0.11066510123038874
2818,0.47075830862356843,0.1799299643975136,0.38605478291309603,0.08470352571047239
2819,0.51420324036181,0.15790399732161403,0.4330084932729535,0.0811947470888565
2820,0.5525579941909458,0.15752849359824828,0.46551436574037647,0.0870436284505693
2821,0.5912370074882968,0.15740162669478336,0.49817534074748304,0.09306166674081372
2822,0.5759158944569763,0.17264764877497746,0.4764853693868413,0.09943052507013504
2823,0.5636748828517321,0.2049526088371628,0.44814824507528744,0.1155266377764446
2824,0.543599753172626,0.21940935458763808,0.42432888217502074,0.11927087099760524
2825,0.5341730705741292,0.1801397352240799,0.4379472750770719,0.09622579549705737
2826,0.5505353824892019,0.19130720243162724,0.44521399862556676,0.10532138386363507
2827,0.5786823588409039,0.19854811807555214,0.46378606552952106,0.11489629331138282
2828,0.6051529465947071,0.21400434855868566,0.4756475844803377,0.1295053621143694
2829,0.5912592695010561,0.22304469472696292,0.45938202623070595,0.13187724327035016
2830,0.5864836218881148,0.2191695613482979,0.45794426374093566,0.12853935814717912
2831,0.5759468706088499,0.20989675477430764,0.45505749154563424,0.12088937906321565
2832,0.5512104561140589,0.2187395274175039,0.43063894143608294,0.12057151467797603
2833,0.5692988157680066,0.2109341179476036,0.4492142722153668,0.12008454355263976
2834,0.6112354815295826,0.20402294758381548,0.4865294169201044,0.12470606460947825
2835,0.6205104442388495,0.24898961411639783,0.46600978817262373,0.15450065606622573
2836,0.6076768738021661,0.2874689980221829,0.43298861176900494,0.17468826203316115
2837,0.6159958524587733,0.31227744594057477,0.4236342409429604,0.19236161151581285
2838,0.5957824333656985,0.2921190846111172,0.4217430143035267,0.17403941906217177
2839,0.6156403969357414,0.28001762512611983,0.44325023505409333,0.17239016188164805
2840,0.5880624783366188,0.27710651399523023,0.4251065349533628,0.16295594338325606
2841,0.5862461663845554,0.2610091593744224,0.43323054731004484,0.15301561907451056
2842,0.5961960089737983,0.21678313132493437,0.46695077126502965,0.12924523770876867
2843,0.6118751039714132,0.22469739563805166,0.4743883616532746,0.13748674231813862
2844,0.5804673897557383,0.25579457042140646,0.4319869831495341,0.1484804066062042
2845,0.6007076534036123,0.2629177781208504,0.4427709318705447,0.15793672153306762
2846,0.6268255318554312,0.24236394190839358,0.47490562506612355,0.15191990678930764
2847,0.6419438199039541,0.24478858868199782,0.48480329821653456,0.15714052168741952
2848,0.6074262178641023,0.2659737341588588,0.44586679847279453,0.16155941939130777
2849,0.6097487738011631,0.2857463735154168,0.43551527293200853,0.17423350086915457
2850,0.6006453291297189,0.29773884918286525,0.4218098800675731,0.17883544906214582
2851,0.6065503598356092,0.3239546068091011,0.4100555765051457,0.19649478333046358
2852,0.5467515711187936,0.2797087392029483,0.3938203785039247,0.15293119261486887
2853,0.5554724969358872,0.26310914950146125,0.40932260069563287,0.14614989624025432
2854,0.5483773408627006,0.2276071922096818,0.4235627140375297,0.1248146268251709
2855,0.5794167861099687,0.22477886508527503,0.4491761385168124,0.13024064759315632
2856,0.58483877978797,0.22870751789667865,0.45108175409294116,0.13375702569502887
2857,0.6216284107770038,0.21164693775464385,0.4900626612147651,0.1315657495622387
2858,0.5547320638258237,0.19969000177712104,0.443957617014619,0.11077444681120477
2859,0.5535085894324929,0.19788625882332342,0.443976845443122,0.10953174398937095
2860,0.5516947752624661,0.20707014559701878,0.4374552578237527,0.11423951743871341
2861,0.5667027169652702,0.22490900824424523,0.4392461709232921,0.12745654604197812
2862,0.6020822103806597,0.20659571101579807,0.47769460803710395,0.1243876023435557
2863,0.6003253588327416,0.19146715340804532,0.48538277125837326,0.1149425875743684
2864,0.5752047983019466,0.18904620551019966,0.46646451379170384,0.10874028451024274
2865,0.5119808269985533,0.12928064159766847,0.44579161719847543,0.06618920980007788
2866,0.5371279069231648,0.17700346084592342,0.4420544084808376,0.0950734984423272
2867,0.567154794362167,0.1994200622032125,0.45405274999161344,0.11310204437055354
2868,0.5815053744519633,0.19090454786231031,0.47049335386270774,0.1110120205892555
2869,0.5632559912745876,0.19251914750090868,0.45481842800962474,0.10843756326496286
2870,0.5565883206406372,0.19350657944033398,0.44888481855702766,0.10770350208360954
2871,0.5271794132889147,0.21335215833847102,0.41470454763211595,0.11247486565679879
2872,0.5436690986959294,0.21781671145585618,0.42524888349781276,0.11842021519811664
2873,0.5578102533353597,0.22824969372622333,0.4304902338542168,0.1273200194811429
2874,0.5831159101910632,0.22891429148284254,0.4496323447573032,0.13348356543376008
2875,0.5781212124627954,0.24540885363893652,0.4362451484479487,0.14187606401484668
2876,0.5255520957136479,0.24085426573658342,0.39897063159421464,0.12658146411943327
2877,0.5338677273898863,0.22448077850181225,0.41402468432841133,0.11984304306147495
2878,0.5549573792350808,0.20827631378856634,0.4393729019782347,0.1155844772568461
2879,0.5662827619189689,0.18718094450298403,0.4602854196872178,0.10599734223175103
2880,0.5886709686794689,0.18245198482266314,0.48126678203642004,0.10740418664304886
2881,0.5853426769317104,0.2034552712242741,0.4662516238374266,0.11909105309428378
2882,0.5689423092916368,0.21598697515876544,0.4460581808678934,0.1228841284237434
2883,0.5634133352723307,0.22977394751879798,0.4339556291420753,0.12945770613025545
2884,0.5444321168520455,0.2516227512708901,0.4074406097294991,0.13699150712254643
2885,0.5142716691013572,0.2579754224107576,0.3816022180310492,0.132669451070308
2886,0.5475891083372353,0.26818769344270704,0.40073244841792355,0.14685665991931177
2887,0.5459660819357375,0.26306855905389237,0.40233957146860366,0.1436265104671338
2888,0.5213766333214137,0.23196113437458638,0.4004375180197758,0.1209391153016379
2889,0.5347930018776212,0.23105375326313474,0.4112270715749382,0.12356593030268305
2890,0.5639427842119057,0.1672487084574053,0.46962408190859123,0.09431870230331445
2891,0.5948804214053094,0.14988636765401758,0.5057159558523763,0.08916446555293311
2892,0.5796326913754063,0.1604225856439055,0.48664651630122774,0.09298617507417856
2893,0.5722763242731965,0.1379217996844273,0.49334694371264837,0.07892938056054817
2894,0.5116041440203766,0.14336580893085432,0.438257602060518,0.07334654195985858
2895,0.526164441679759,0.18792445950892503,0.42728527336427496,0.098879168315484
2896,0.5594763350309937,0.23917845437623228,0.42566164995820155,0.13381468507279218
2897,0.5398691355356925,0.26156721155524704,0.3986570711488797,0.1412120643868128
2898,0.5321165677862214,0.2507464198864759,0.39869024345154713,0.13342632433467427
2899,0.5342954291024781,0.2173054950233064,0.4181900963926742,0.1161053327098039
2900,0.5198601892581702,0.2162633639166065,0.4074334759628746,0.1124267132952956
2901,0.5401369183710583,0.2185282050482727,0.4221017671191255,0.11803515125193276
2902,0.5168968241293027,0.20832431973113777,0.40921464487138015,0.10768217925792255
2903,0.5129044406370811,0.2157065512685299,0.4022675926169419,0.11063684802013918
2904,0.510714477163408,0.19455636486239927,0.4113517250038945,0.09936275215951348
2905,0.5387765429435819,0.19721122626584486,0.4325237602264055,0.10625278271717642
2906,0.49464766862068577,0.2238460645916096,0.3839227346405306,0.11072493398015514
2907,0.5171206143608328,0.2565547708355357,0.3844508536491579,0.13266976071167488
2908,0.5191268427300929,0.2591026857393552,0.38461968353933396,0.13450715919075892
2909,0.4814190457379939,0.24490258267394352,0.3635182780883338,0.11790076764966004
2910,0.4747917406234767,0.23975125911871778,0.3609598229898305,0.1138319176336462
2911,0.5389297245553356,0.288673555569703,0.3833549647657462,0.1555747597895894
2912,0.5307968701478673,0.27107583389350576,0.3869106659444712,0.143886204203396
2913,0.5327457870791377,0.1944327244183346,0.4291625722749509,0.10358321480418674
2914,0.5406743492743243,0.2063121035904209,0.42912668691815653,0.11154766235616781
2915,0.5165193713030873,0.19381005090034928,0.41641272565981957,0.10010664564326777
2916,0.5393599568414104,0.2266783166607874,0.41709874975036454,0.12226120709104583
2917,0.5872699119584411,0.26000272408730635,0.43457813507473386,0.15269177688370728
2918,0.5344142773190175,0.24542411983275073,0.4032561236819421,0.13115815363707542
2919,0.5041792446727947,0.2073723592897306,0.39962640520008297,0.10455283947271178
2920,0.48385121709693263,0.21038991780745245,0.38205379930087313,0.10179741779605948
2921,0.47480494894294717,0.1975843836618779,0.38099090574644556,0.09381404319650162
2922,0.4805904560786943,0.1996623381076456,0.38463464194580244,0.09595581413289186
2923,0.47979879071434034,0.22634524830898245,0.3711986142917535,0.10860017642258686
2924,0.48391754893613215,0.22701560808692423,0.37406071230046223,0.10985683663566995
2925,0.4601904974615996,0.2103198177428248,0.3634033159084961,0.09678718155310351
2926,0.5198020460188368,0.19708902208264245,0.4173547690924276,0.10244727692640926
2927,0.5309264745845805,0.18749429396447423,0.4313807900852972,0.09954568449928329
2928,0.5022673345157185,0.19304729155350686,0.4053059859516598,0.09696134856405866
2929,0.4764279464329026,0.1839460218960145,0.38879092096648266,0.08763702546641992
2930,0.49530585402491284,0.19657322446871103,0.39794198520100704,0.09736386882390581
2931,0.5421898535247046,0.1788122932986879,0.4452396424126725,0.0969502111120321
2932,0.5324432202790667,0.18423482173722566,0.43434863850575844,0.09809458177330822
2933,0.5085075777838338,0.19544653967632503,0.4091215313067938,0.09938604647704001
2934,0.49408464136526864,0.20610870249603744,0.39224949701025313,0.1018351443550155
2935,0.5329123282014576,0.20258966135252277,0.42494980010053984,0.10796252810091776
2936,0.5962527103907604,0.2087864555222645,0.4717632203927303,0.12448948999803015
2937,0.5946281242678746,0.18804772966433286,0.48280965550474,0.1118184687631346
2938,0.5422234687622134,0.21076820849659356,0.427939999646393,0.11428346911582038
2939,0.551647930303436,0.22866436116342764,0.4255057087334737,0.12614222156996224
2940,0.5383878556677413,0.24299624885440388,0.40756162631171394,0.13082622935602733
2941,0.5337322142349312,0.21833079929008153,0.4172020332941537,0.11653018094077756
2942,0.4945996004906457,0.22246982367129303,0.3845661145815998,0.11003348590904594
2943,0.5200808049773198,0.21650655028935908,0.40747990401996736,0.11260090095735244
2944,0.5395993351502725,0.1979210431424695,0.43280127185834755,0.10679806329192494
2945,0.5364632598518041,0.19605801885388333,0.4312853359373634,0.10517792391444072
2946,0.5302203983994714,0.17822134069636786,0.43572380813215533,0.0944965902673161
2947,0.503710785069838,0.1891327205416819,0.40844259392339316,0.09526819114644487
2948,0.5043690261694606,0.20668315994613448,0.40012444206180187,0.1042445841076587
2949,0.5084480390306603,0.2018421635776906,0.4058217867658777,0.10262625226478254
2950,0.4912693614065788,0.17894209335548247,0.4033605934750745,0.08790876793150428
2951,0.505978577038748,0.172821259198051,0.4185347222276736,0.08744385481107449
2952,0.5090473866927469,0.18504320619299477,0.41485162615495574,0.09419576053779109
2953,0.49462772103321184,0.17432908529869193,0.40839972286211546,0.08622799817109639
2954,0.4981657074466072,0.1832758325888201,0.4068639726471317,0.09130173479947551
2955,0.5073279401723897,0.21205933588329678,0.3997443141043918,0.10758362606799789
2956,0.506063767213677,0.19990936572508552,0.40489688049354344,0.10116688672013349
2957,0.5183664605306573,0.19307850442164937,0.41828103958905405,0.10008542094160325
2958,0.5359554203501757,0.1959079258883132,0.4309575055807737,0.10499791476940198
2959,0.5388960091912732,0.19720507155535058,0.43262298313781533,0.1062730260534579
2960,0.5274074433793551,0.2179301151308857,0.41246947852280613,0.11493796485654893
2961,0.5497899455546246,0.21881530951801043,0.4294874884481993,0.12030245710642527
2962,0.5332578561767045,0.250431468970051,0.39971330791455223,0.13354454826215229
2963,0.5226247812755462,0.2497161737908942,0.3921169205671139,0.13050786070843237
2964,0.5120752020325562,0.23844031390721446,0.3899758301158132,0.12209937191674296
2965,0.5432918769117363,0.21036996456341034,0.42899958401822563,0.11429229289351066
2966,0.5443420970728058,0.21974035144904785,0.4247281733535157,0.11961392371929007
2967,0.5453986872852126,0.2328139917380974,0.41842224180962395,0.12697644547558865
2968,0.5357549019076976,0.2526711975901999,0.40038506922785955,0.13536983267983801
2969,0.5384932647731042,0.24853537505736634,0.4046586392468551,0.13383462552624914
2970,0.5182141387556823,0.22895046836040447,0.3995687689765852,0.1186453697790971
2971,0.5032597630068157,0.22001020774141067,0.3925374779997931,0.11072228500702264
2972,0.5159094323793237,0.2069380959034135,0.40914811678413565,0.10676131559518812
2973,0.5346271402391253,0.19983630762264362,0.4277892265788852,0.10683791366024006
2974,0.536094469724686,0.20610916253925682,0.425600487527804,0.110493982196882
2975,0.5613113698976229,0.2107292811288785,0.4430266284296308,0.11828474146799209
2976,0.5493165109135381,0.24296297811202358,0.415852935495879,0.1334635754176591
2977,0.5867722665915467,0.2218658574317099,0.45658753454706535,0.13018473204448136
2978,0.6181453994736291,0.1998698688916685,0.49459675952484683,0.1235486399487823
2979,0.6132734774259638,0.20667326883150947,0.486526243158673,0.12674723426729087
2980,0.5885963174500926,0.22144132784290868,0.45825676735049786,0.1303395500995947
2981,0.5906590847809817,0.2521790387315379,0.4417072445628638,0.14895184021811791
2982,0.5907954313643369,0.24584403978533445,0.445551895831009,0.14524353553332786
2983,0.5903372542577976,0.22755708077436515,0.456001832006539,0.13433542225125858
2984,0.5724359326329483,0.25888019784331767,0.42424360514030657,0.14819232749264175
2985,0.600459011260857,0.23447137227653767,0.45966856289471086,0.14079044836614613
2986,0.5901586814281696,0.23075162568126872,0.4539786062787055,0.13618007514946412
2987,0.5583237747685859,0.21197984656305696,0.43997038666063426,0.11835338810795161
2988,0.5315080948403601,0.21928430016820388,0.4149567142295564,0.1165513806108037
2989,0.5363250945947617,0.22895307428034153,0.41353181537359607,0.12279327922116569
2990,0.5506616288064672,0.2464132066388034,0.41497133107931916,0.13569029772714805
2991,0.5934343760715544,0.27316474166577104,0.4313290280363802,0.16210534803517418
2992,0.5631737599644745,0.2945264338000307,0.3973042008323833,0.16586955913209117
2993,0.5725156875630757,0.3240460596065263,0.38699423494533985,0.18552145261773584
2994,0.5523045947853146,0.2923977457076532,0.39081197632610976,0.16149261845920485
2995,0.5480200968291058,0.2812948482395139,0.39386486685935873,0.15415522996974704
2996,0.5613176182951976,0.2681924370172652,0.4107764783038815,0.15054113999131608
2997,0.5791359229919628,0.2028457470778199,0.46166066403305533,0.11747525895890748
2998,0.599239486234273,0.17844370202637186,0.49230897391024825,0.10693051232402478
2999,0.5655744346386194,0.17274700033316553,0.46787314758967197,0.0977012870489475
3000,0.5353816938215621,0.19282894009844156,0.4321446092538419,0.10323708456772018
3001,0.5703165441114981,0.1798959484070052,0.46771890851635456,0.10259763559514358
3002,0.5549703407425969,0.1867354246595766,0.45133771849055815,0.10363262225203876
3003,0.5259936296592971,0.19244126075087772,0.4247707524207317,0.1012228772385654
3004,0.536586057935723,0.19875188336367852,0.42993856833430616,0.10664748960141686
3005,0.5511452413117226,0.22815565978092386,0.42539833514513004,0.12574690616659256
3006,0.5814444081444524,0.2540936838389679,0.43370305653146013,0.14774135161299232
3007,0.6130928596366377,0.28763299547860144,0.4367471239128099,0.17634573572382783
3008,0.607861770875233,0.28851500334653984,0.4324845300169315,0.17537724085830148
3009,0.6253623905384476,0.25782702068815616,0.46412706853549646,0.16123532200295113
3010,0.6283235023192274,0.2680907221634491,0.4598758008301982,0.16844770148902924
3011,0.6265111815367468,0.2696177094096288,0.457592671851289,0.1689185096854578
3012,0.6117823642543462,0.27560708033010584,0.44317081304475653,0.16861155120958965
3013,0.6124669423922996,0.23512205821128165,0.46846245431065164,0.14400448808164795
3014,0.6082891330336501,0.24206373713989562,0.4610443922299376,0.14724474080371247
3015,0.5968495695325167,0.26676088915990936,0.43763344766931334,0.1592161218632033
3016,0.586379717184219,0.3015592085214445,0.4095515137771174,0.17682820340710156
3017,0.5818104643160258,0.32890739985457706,0.3904486972896576,0.19136176702636823
3018,0.5404497903211793,0.3202234588773447,0.36738508911499557,0.17306470120618375
3019,0.5409308238167316,0.3138163534524614,0.37117788521652906,0.16975293860020257
3020,0.5421556273900608,0.3202885501617973,0.36850938753123863,0.1736462398588222
3021,0.555519983330651,0.2988718446117977,0.3894907011939042,0.16602928213674678
3022,0.5792634336572831,0.3228827880922102,0.3922292411581525,0.18703419249913059
3023,0.5863067563413831,0.29459009872674585,0.4135865911066169,0.17272016523476616
3024,0.5803889730169992,0.27617416772838005,0.42010053143530024,0.160288441581699
3025,0.5931734123551184,0.2515537382724295,0.44395842303337507,0.14921498932174337
3026,0.6186019447676618,0.2310460495859756,0.47567640916289167,0.14292553560477014
3027,0.5858927342940127,0.2403680947260519,0.4450628140379239,0.1408299202560888
3028,0.5788521041380958,0.24067963332721257,0.43953419196345345,0.13931791217464237
3029,0.5785563028892486,0.2586760226699225,0.4288976595672428,0.14965864332200585
3030,0.5942666025775956,0.2671763821775635,0.43549260165196163,0.15877400092563393
3031,0.5605678552677157,0.3091262156097301,0.3872816355763439,0.17328621969137184
3032,0.5868532583349269,0.3196393661441952,0.3992718548210952,0.18758140351383165
3033,0.6016765323796298,0.3035327492397943,0.41904800035337464,0.18262853202625515
3034,0.5778818058681818,0.3343006231405223,0.3846955580648783,0.1931862478033035
3035,0.5510568429568595,0.33065434155320117,0.3688475053905733,0.18220933756628618
3036,0.5431356647195229,0.29321719695081633,0.383878947546446,0.15925671717307688
3037,0.5611419761697921,0.2772960614849923,0.40553951624400336,0.15560245992578875
3038,0.5707857795700867,0.28697075851115167,0.4069869514594799,0.1637988281106068
3039,0.5481432802750977,0.2833339547518119,0.39283567690412347,0.1553076033709743
3040,0.5078921641904383,0.2987281024762727,0.3561705017192611,0.15172166247117716
3041,0.5587759103640418,0.30775413174024036,0.3868103152325938,0.17196559513144807
3042,0.5242408908095663,0.29803140868473055,0.36800063963145324,0.15624025117811305
3043,0.5500479191166967,0.3000482472377064,0.38500700508898417,0.16504091402771254
3044,0.5394727183647591,0.3231056134228799,0.36516605477260505,0.17430666359215402
3045,0.5294304733597764,0.30161826537034736,0.3697445723507988,0.15968590100897767
3046,0.5406521390770564,0.268392529302935,0.3955451439971231,0.14510699507993335
3047,0.5022175017803302,0.2979161542345843,0.35259879506063374,0.14961870671969646
3048,0.4855799533589287,0.2878356009158371,0.3458127556911773,0.1397671976677514
3049,0.5269591702908607,0.2765845115285625,0.3812104255804664,0.14574874471039428
3050,0.5241743653506439,0.2903464533373951,0.3719821974407045,0.15219216790993942
3051,0.4884874472451212,0.2801522533981907,0.35163658814267074,0.1368508591024505
3052,0.5087197012693435,0.2975455283469218,0.35735242897466846,0.15136727229467503
3053,0.5298727769031478,0.30900577977180144,0.3661390262963409,0.16373375060680698
3054,0.49975683941057725,0.2887858044168043,0.355434158528594,0.14432268088198325
3055,0.5441193599223028,0.29495283933284266,0.3836298097772506,0.16048955014505215
3056,0.5537335035845867,0.3215727497999065,0.3756678981805548,0.17806560540403196
3057,0.5461299321569307,0.2905104284621038,0.3874734915700411,0.15865644058688963
3058,0.547552382418024,0.267541564527828,0.4010593613649662,0.14649302105305773
3059,0.5325383167248879,0.26694312304536494,0.39038087531702464,0.1421574414078633
3060,0.5513221307636689,0.24459118978646613,0.41647359484457347,0.13484853591909543
3061,0.5812913897389811,0.23903672490655417,0.4423413997193957,0.13894999001958538
3062,0.6109637590898089,0.21919628384228337,0.47704277353501073,0.1339209855547982
3063,0.5989069002418641,0.2354938381353065,0.4578680156181884,0.1410388846236757
3064,0.5674267186821041,0.24421999212722342,0.42884976991278445,0.1385769487693197
3065,0.5187811555536258,0.22268863629296803,0.40325448748889875,0.11552666806472706
3066,0.5358705711061617,0.2332225562946873,0.4108934666696886,0.12497710443647302
3067,0.5156272248120201,0.22582016206770844,0.39918820133844696,0.1164390234735731
3068,0.5171647845641428,0.23083722584249264,0.39778390039192574,0.1193808841722171
3069,0.5188258773290878,0.25393754924524464,0.3870765055551253,0.13174937177396248
3070,0.5697549527960172,0.21932670674586613,0.4447924753471203,0.12496247744889685
3071,0.5945904531539976,0.22928749489857195,0.4582582976597108,0.13633215549428682
3072,0.589967633706076,0.21858578988080593,0.46100909248832334,0.1289585412177526
3073,0.5829495614368843,0.20781681120190446,0.4618028424875223,0.12114671894936198
3074,0.5715934144939419,0.22140691245569877,0.4450386814108277,0.12655473308311413
3075,0.5686393219600409,0.24627141000163577,0.4285997143585675,0.14003960760147338
3076,0.5562922123787452,0.2660358962764801,0.40829851506693965,0.1479936973118055
3077,0.5799453861015276,0.27327311549844063,0.4214619036226171,0.15848348247891048
3078,0.5393876616084627,0.22475414224044013,0.4181580503885759,0.12122961121988682
3079,0.5418626897606453,0.20792608994814477,0.42919529938992973,0.1126673903707156
3080,0.5203866962292852,0.2228166356804276,0.40443588332262326,0.115950812906662
3081,0.5475173229801382,0.22713884353039812,0.4231548714255702,0.12436245155456807
3082,0.531429742683248,0.23977932246131675,0.40400387904686696,0.12742586363638111
3083,0.5221627963561752,0.23738808440106293,0.3982075703836805,0.12395522597249477
3084,0.541082393390973,0.2155345312800495,0.42446045334756227,0.11662194004341071
3085,0.5189554224408182,0.1717322290238152,0.4298340509810608,0.08912137145975736
3086,0.4920742035505389,0.17740786042474005,0.40477637192842975,0.08729783162210912
3087,0.5116427658358795,0.1517918717252044,0.4339795527549909,0.07766321308088861
3088,0.5173089383903533,0.16568184686413226,0.43160023807851594,0.08570870031183735
3089,0.5174290568373828,0.17756308990914957,0.4255527546965602,0.09187630214082267
3090,0.5401323374560749,0.1881167639790164,0.43852439001341603,0.10160794744265889
3091,0.5588808732804506,0.20878007512663826,0.4421976825701169,0.11668319071033366
3092,0.5371776666913272,0.23105683277707276,0.4130590963870511,0.1241185703042761
3093,0.5335380068942819,0.2322463919376869,0.4096257298314602,0.12391227706282168
3094,0.5450903251602217,0.24588918285472516,0.41105851052455833,0.13403181463566335
3095,0.502387556718889,0.22795021712006336,0.3878682040864001,0.1145193526324889
3096,0.5396131593732055,0.22355380379088668,0.4189805850197075,0.12063257435349806
3097,0.533590473834136,0.19562727154372667,0.42920562531623974,0.10438484851789631
3098,0.5482524105838237,0.2043394040225774,0.43622283975118376,0.11202957083263992
3099,0.5737772039140062,0.2050641326086146,0.4561160792827843,0.11766112463122189
3100,0.5689528710159805,0.18986186769113614,0.4609304162966523,0.10802245471932813
3101,0.5540856911020687,0.19820099469933172,0.44426535597697203,0.10982033512509667
3102,0.5348270420271917,0.17046204073547652,0.4436593330027181,0.09116770902447356
3103,0.532355888271999,0.17169275027324102,0.44095424169042524,0.09140164658157372
3104,0.4802142839962571,0.1628770548036077,0.4019983957443235,0.0782158882519336
3105,0.4809294321477511,0.1788810998231915,0.3949002463878184,0.08602918575993267
3106,0.4668605263262026,0.1571495287538003,0.3934936146202887,0.07336691170591393
3107,0.4489571559869095,0.1596115138039899,0.3772984246867048,0.07165873130020466
3108,0.4659312626714159,0.15055834954791644,0.3957814207608308,0.0701498419105851
3109,0.4835103067080193,0.15224216943140934,0.40989964867234435,0.07361065803567497
3110,0.47015024882489875,0.16343062122329266,0.39331330159115996,0.07683694723373882
3111,0.47057212217080807,0.16090783181528717,0.3948533822795849,0.07571873989122316
3112,0.4631532360485583,0.1628070384767778,0.3877486293265565,0.07540460672200178
3113,0.5105245792696237,0.1627467129095512,0.42743838213396085,0.08308619713566286
3114,0.5050153423217127,0.17460540224903112,0.4168369353336979,0.08817840698801481
3115,0.5126818425373293,0.17849873754097373,0.4211687808842357,0.09151306165309356
3116,0.5392828493825171,0.17516983285446883,0.4448167627948999,0.09446608658761721
3117,0.5206798072027967,0.18279468846493643,0.4255023040551783,0.09517750314761839
3118,0.5024923834631849,0.16355592129190563,0.4203067787436982,0.08218560471948673
3119,0.5039846316944453,0.14681163942379258,0.4299938216709875,0.07399081002345781
3120,0.5232231719780973,0.12025795622976554,0.4603014226639562,0.06292174931414111
3121,0.559090184211071,0.1312208653432167,0.4857258864339959,0.07336429777707516
3122,0.5332932104872905,0.147251495713179,0.4547649875893538,0.07852822289793672
3123,0.5423500551342862,0.15404964785084155,0.45880122012896496,0.08354883500532129
3124,0.5203597081180399,0.17223557315040133,0.4307352555459537,0.08962445257208615
3125,0.533941814906766,0.17167745995586534,0.4422760403593476,0.09166577454741837
3126,0.5459351703654911,0.1481896297019423,0.4650332396277622,0.08090193073772892
3127,0.4965775060617016,0.17519245684660387,0.4095808727599928,0.08699663330170883
3128,0.46195380466905817,0.15665764610414654,0.38958520902074883,0.07236859564830934
3129,0.5113827336718663,0.12925732826733202,0.4452827677953962,0.06609996587647005
3130,0.5431852740475386,0.11032245469704252,0.48325974125932836,0.0599255327882102
3131,0.5344687497937393,0.10535993806575461,0.47815715541738957,0.056311594376349666
3132,0.5235895714585911,0.1041407296585187,0.4690625714453023,0.05452700001328879
3133,0.5289705944773012,0.10336891970500825,0.4742914755704666,0.05467911890683463
3134,0.5275854697683171,0.11063538955057511,0.46921584579927617,0.05836962396904093
3135,0.5294357693035104,0.10735005650724526,0.4726008095518217,0.05683495975168871
3136,0.5099529371255387,0.12246321274394756,0.44750246209693295,0.062450475028605755
3137,0.4821067433187233,0.12256931698381242,0.42301524907685717,0.059091494241866084
3138,0.45897965240594335,0.11698224761383727,0.40528718105847833,0.05369247134746503
3139,0.4513994724185708,0.11648018345530657,0.3988203790596271,0.05257909335894373
3140,0.46662042435267465,0.11424236867675865,0.41331260180167084,0.053307822551003824
3141,0.4823032643337089,0.11902258852397489,0.424898281359148,0.05740498297456093
3142,0.5292516187990584,0.10093840548992318,0.47582980429452076,0.053421814504537604
3143,0.5133868114479142,0.09795520203460122,0.46309790261063405,0.050288908837280155
3144,0.44375777192321353,0.1184660181522641,0.3911875556593498,0.052570216263863684
3145,0.4862972188115558,0.13237705538188396,0.4219226249448823,0.06437459386667346
3146,0.4997112361459694,0.11317657719535297,0.4431556288529098,0.056555607293059564
3147,0.5272155508394658,0.116910063876172,0.46557874711431263,0.06163680372515316
3148,0.5526640590000763,0.1233233192025052,0.48450769284025774,0.06815636615981857
3149,0.5366456858015293,0.12101791545530569,0.47170194356774525,0.064943742233784
3150,0.5212730811881446,0.12467719274909565,0.45628221676993536,0.0649908644182093
3151,0.5782594728400636,0.10148583057625896,0.5195743299503001,0.058685142889763516
3152,0.5665357310307361,0.10443002278387802,0.5073723917313153,0.059163339299420754
3153,0.5513969255494913,0.11194960149946308,0.48966825946619663,0.06172866608329466
3154,0.5302209666176628,0.11590652111207622,0.4687648989563272,0.0614560676613356
3155,0.5401867310811358,0.11737519868299709,0.4767822061945688,0.06340452488656703
3156,0.5173015400393112,0.10491069171576149,0.4630310776481583,0.054270462391152824
3157,0.5055231958410585,0.12119359834205562,0.444257020691705,0.06126617514935357
3158,0.5211849701964902,0.12006677696200595,0.4586079706239585,0.06257699957253171
3159,0.5371863829581306,0.13034574375441235,0.46716642433671046,0.07001995862142012
3160,0.5289566976626169,0.12604946275905846,0.4622819900994383,0.06667470756317857
3161,0.5351245864793364,0.11181724374831664,0.47528843015725925,0.0598361563220771
3162,0.5293252091875997,0.10602128693375938,0.473205469303049,0.05611973988455072
3163,0.5491099573430444,0.10625761058439737,0.4907628453276721,0.05834711201537226
3164,0.509070093893195,0.12012271720717774,0.4479192109658313,0.06115088292736368
3165,0.4986613207450973,0.12250656965697117,0.4375720329200008,0.061089287825096504
3166,0.4600429116726078,0.1252116440155891,0.40244018238436213,0.05760272928824567
3167,0.4701376770599925,0.12470502141025885,0.41150914797645677,0.058628529083535726
3168,0.5285120559139036,0.11366974500927902,0.4684362252838404,0.06007583063006324
3169,0.5809729317284371,0.12359181789406372,0.5091694309488758,0.07180350077956131
3170,0.5797133354293292,0.1390253698604023,0.4991184745582593,0.08059486087106994
3171,0.5358036288704601,0.1443658490037155,0.4584518830893044,0.07735174578115565
3172,0.5636610406060194,0.12919306655370183,0.4908399422732771,0.07282109833274229
3173,0.557377562191446,0.1302941577234513,0.4847545221917609,0.07262303999968504
3174,0.530523145552497,0.13525231920479688,0.45876865972469777,0.07175448582779924
3175,0.514035524254384,0.1288111129716081,0.4478220362682328,0.06621348798615126
3176,0.5299615588678692,0.1230329943680767,0.4647588013803815,0.0652027574874877
3177,0.5396574563617641,0.12030768537138269,0.4747325168934723,0.0649249394682918
3178,0.5315951691467106,0.11664884007537969,0.4695852092760715,0.06200995987063906
3179,0.5335866259706828,0.12638735173014204,0.4661480253956264,0.06743860057505643
3180,0.492620028313106,0.14328531019983654,0.42203481474561033,0.07058521356749564
3181,0.5370906823737167,0.12639344634443844,0.4692059400290165,0.0678847423447002
3182,0.5019823677109151,0.13282426914592158,0.4353069265955735,0.06667544111534156
3183,0.48458508365729747,0.14904594419273984,0.4123596423218777,0.07222544133541972
3184,0.5039461147615072,0.138435266846983,0.4341821998879976,0.06976391487350957
3185,0.487156585120571,0.1348693132846379,0.42145411102327035,0.06570247409730065
3186,0.4892167525403388,0.1499432438676375,0.4158620057100491,0.07335474683028968
3187,0.502099095747683,0.15952820074607094,0.42200013040682594,0.08009896534085706
3188,0.5129780710762438,0.16367392020485583,0.4290169392040698,0.083961131872174
3189,0.5110412117600271,0.16121269117113252,0.4286548827128366,0.08238632904719059
3190,0.4980335700584053,0.1686750905520052,0.4140277125308654,0.08400585752753993
3191,0.5030712962969563,0.14413795274099406,0.43055962956595506,0.07251166673100132
3192,0.5254408860267211,0.16685903421811168,0.43776632724559356,0.08767455878112758
3193,0.5438685945959792,0.13544424061732427,0.47020472580531547,0.07366386879066379
3194,0.49017889375025114,0.1386874204334196,0.42219724742512155,0.0679816463251296
3195,0.511445140925641,0.19739893718055165,0.410486413680762,0.10095872724487899
3196,0.5127379247967159,0.20702623734232306,0.40658772148334077,0.10615020331337509
3197,0.5243659094501267,0.18215713783059023,0.4288489162087572,0.09551699324136953
3198,0.5323101696115381,0.1423227258409381,0.4565503352795719,0.0757598343319662
3199,0.5592527991209096,0.15889697291383162,0.47038922224700996,0.08886357687389969
3200,0.5258791440818542,0.1757166131866248,0.4334734419383097,0.0924057021435445
3201,0.5344227383882675,0.17339244581764598,0.4417578726785618,0.09266486570970567
3202,0.5580633063031155,0.17314224054756913,0.4614389750824097,0.09662433122070578
3203,0.528075601138,0.17341910545035216,0.4364972027784911,0.09157839835950893
3204,0.49238601866488724,0.17491353952929758,0.40626103732547303,0.08612498133941421
3205,0.5033499127002588,0.16161923632237515,0.4219988842067087,0.08135102849355003
3206,0.4994231515254465,0.16498703450685284,0.41702480679119647,0.08239834473425003
3207,0.4848694662236609,0.17418717576453338,0.4004114232877046,0.0844580429359563
3208,0.510429151279752,0.1712669799721049,0.4230094920503442,0.08741965922940778
3209,0.5207252933193369,0.15363686394524606,0.4407226922767856,0.08000260104255132
3210,0.5512293542500935,0.14338167942648203,0.47219316368853986,0.0790361905615536
3211,0.5476164420102486,0.14984396449777446,0.46555942331526734,0.08205701869498126
3212,0.5626599326446271,0.13419725648601458,0.4871525133491124,0.0755074192955147
3213,0.5643054752551722,0.13060032401076616,0.49060699734579727,0.07369847790937487
3214,0.5770877604956498,0.14765386520372636,0.4918785220967048,0.08520923839894501
3215,0.5657807542884523,0.18004627054890876,0.46391403953046795,0.10186671475798435
3216,0.5557346691798245,0.19537827586290357,0.4471561876782293,0.1085784815015952
3217,0.583535197768727,0.17129741807148466,0.48357712503711087,0.09995807273161611
3218,0.5957224857207118,0.18873837582411745,0.4832867913238787,0.11243569439683315
3219,0.576650171035578,0.21235636870283375,0.4541948347025947,0.12245533633298336
3220,0.5438853099731462,0.23338776899069183,0.4169491308917027,0.12693617908144347
3221,0.5013713524267008,0.24575074187756885,0.3781589706116791,0.12321238181502175
3222,0.4930164209530337,0.2045706532106666,0.3921597296750866,0.10085669127794708
3223,0.5053155217292724,0.2101689922472026,0.3991138677605618,0.10620165396871059
3224,0.5225531343434094,0.22496298876745677,0.4049980194517137,0.11755511489169575
3225,0.514051230981682,0.22750355504230393,0.39710274845947685,0.11694848252220519
3226,0.5261965257319475,0.18135021019018108,0.4307706751891158,0.0954258505428317
3227,0.5381446878191434,0.2182397477237694,0.4207001269106069,0.11744456090853649
3228,0.5248150032008857,0.22635276275763755,0.40602167728970684,0.11879332591117887
3229,0.49633284745387946,0.2202144981887225,0.3870331585172436,0.10929968893663582
3230,0.46128091442885955,0.20222429152301846,0.36799870831539333,0.09328220611346623
3231,0.4671740044174474,0.19609619998984687,0.375562957417146,0.09161104700030137
3232,0.46388613400967565,0.18410619400173603,0.378481823426975,0.08540431058270066
3233,0.46470102648160705,0.19207591042876818,0.37544315374296927,0.08925787273863778
3234,0.4700313325223029,0.18133404974645354,0.3847986474883118,0.08523268503399112
3235,0.48267634363206496,0.1930395696660351,0.3895007099693559,0.0931756336627091
3236,0.4653842907088614,0.22649546617110283,0.3599768588360498,0.1054074318728116
3237,0.49183940377865437,0.20418788424065096,0.3914117565349077,0.10042764724374667
3238,0.5075358798698592,0.20220559894461804,0.40490928329489057,0.10262659657496857
3239,0.5061587470120634,0.20597986862292872,0.4019002348001724,0.10425851221189104
3240,0.41712864829020535,0.22470966407626555,0.3233958098563266,0.09373283843387877
3241,0.48004396785255166,0.17983807053087325,0.3937137869039642,0.08633018094858744
3242,0.5024240832611007,0.19519412984720985,0.404353851514668,0.09807023174643266
3243,0.517083620227616,0.19235622524981133,0.4176193669021248,0.0994642533254912
3244,0.5215472390811753,0.1852275132905517,0.42494234092261635,0.09660489815855894
3245,0.5255548683430741,0.20204767288406422,0.41936773022146523,0.10618713812160888
3246,0.5314802154776299,0.19586660397010233,0.42738099059472834,0.10409922488290159
3247,0.5031681487122107,0.16068068632434143,0.42231874524058444,0.08084940347162631
3248,0.5038980747920604,0.17964558039715223,0.41337501268503307,0.0905230621070273
3249,0.5237146695746034,0.21656319810675148,0.4102973458361067,0.11341732373849674
3250,0.4630480160572233,0.23239886142787375,0.3554361843390888,0.10761183171813449
3251,0.46194936017650406,0.21752587205749818,0.3614634227577067,0.10048593741879737
3252,0.4667678938697061,0.19380339293320464,0.3763066923254711,0.09046120154423501
3253,0.4840952987254899,0.16589452318116218,0.40378653996918246,0.08030875875630741
3254,0.471586175118835,0.18605315899244354,0.38384607750081207,0.08774009761802293
3255,0.468778504527899,0.19167034717506615,0.3789275658168283,0.08985093871107072
3256,0.49213409424854815,0.18650606372979936,0.40034810150302136,0.0917859927455268
3257,0.47605709282267394,0.19990519867642564,0.3808908051006357,0.09516628772203824
3258,0.5117491198855917,0.21704785714164515,0.4006750700203011,0.11107404986529054
3259,0.5353360959387564,0.2432916653944687,0.4050932856120433,0.13024281032671312
3260,0.49659747492606815,0.250112155516644,0.3723924100481867,0.1242050648778815
3261,0.5488300292818904,0.26463966431220576,0.40358783456827285,0.14524219471361755
3262,0.5868009410842703,0.2895072214601792,0.41691783108074487,0.1698831100035254
3263,0.5677931296771517,0.2389317037216856,0.43212934984192186,0.13566377983522981
3264,0.5420799841568553,0.2312083725620396,0.41674655322149257,0.12533343093536273
3265,0.5336780293737345,0.23523348095985136,0.40813908881235716,0.12553894056137738
3266,0.5207114304225225,0.27453347811708706,0.3777587103333039,0.1429527200892187
3267,0.5076370417319785,0.270624935782211,0.37025779991259034,0.13737924181938824
3268,0.5604479736199853,0.25480693195885634,0.41764194493931883,0.14280602868066652
3269,0.5299640861872391,0.27682045666600774,0.3832591858323041,0.14670490035493503
3270,0.5497822827443227,0.24721160388051114,0.41386972284201007,0.13591255990231269
3271,0.5543472793578825,0.25611269699797695,0.4123719025680443,0.14197537678983824
3272,0.5248487363374114,0.2794770442665326,0.378165562818807,0.1466831735186044
3273,0.5479009945414367,0.27899505935610425,0.39503932404808,0.1528616704933567
3274,0.5740877116258816,0.2555348485131782,0.42738829520228483,0.14669941642359677
3275,0.6142561935162081,0.24627325186330135,0.4629813232617982,0.1512748702544099
3276,0.5923419996276413,0.23256121517657324,0.4545862243941158,0.13775577523352556
3277,0.5638890930997762,0.2039211163312236,0.44890019974786854,0.11498889335190764
3278,0.5757948370731909,0.218720344722643,0.4498567918190245,0.12593804525416638
3279,0.5715074493394884,0.2471275156822353,0.4302722331903297,0.1412352161491587
3280,0.5888910811375286,0.278880008810318,0.42466113124157695,0.1642299498959517
3281,0.6334024740644592,0.32508883211727485,0.42749040351065165,0.2059120705538075
3282,0.5689235229218678,0.30840590096409665,0.39346415125548123,0.17545937166638653
3283,0.5670042602216475,0.29209159504324966,0.4013870814571887,0.16561717876445883
3284,0.5974463132784199,0.2802316183895072,0.43002296600756373,0.16742334727085614
3285,0.5697347279831481,0.2549447111547612,0.42448387232264795,0.1452508556605001
3286,0.5887755096876125,0.2502832510085786,0.4414148610087639,0.14736064867884854
3287,0.5798407241905705,0.27928416258684924,0.4179003931012548,0.16194033108931571
3288,0.5124822421301891,0.2711030483713886,0.3735467440524908,0.13893549807769834
3289,0.579539030118572,0.31962239142318033,0.39430537938900345,0.18523365072956852
3290,0.5757653294023836,0.31688593186166725,0.39331339646106944,0.18245193294131412
3291,0.5611949959333801,0.32092112047132665,0.38109566903553815,0.18009932689784194
3292,0.5432249618353623,0.27769741374706786,0.39237279485083254,0.15085216698452975
3293,0.5183040052161368,0.29059604469841127,0.3676869113489828,0.15061709386715408
3294,0.5254433062106787,0.30305423397614045,0.36620548754911086,0.15923781866156783
3295,0.5493062002565274,0.304840034872748,0.3818556790145109,0.16745052124201654
3296,0.5290709157770035,0.293108819763742,0.37399556408228385,0.15507535169471962
3297,0.5713485595129165,0.28547179527984395,0.4082446604982115,0.16310389901470504
3298,0.5996446539653544,0.27100331937303374,0.43713896229644916,0.16250569166890522
3299,0.6125167594829138,0.26902837554248865,0.44773237068667626,0.16478438879623755
3300,0.5731612475095322,0.2849232543902973,0.4098542795787136,0.16330696793081861
3301,0.5902237332745401,0.2943973937576835,0.4164634044645854,0.17376032880995473
3302,0.5359971857639858,0.25373200915361294,0.39999754291940737,0.1359996428445784
3303,0.5206840869871702,0.2627544789195933,0.38387201102913204,0.1368120759580381
3304,0.5285343652364595,0.25890477321082356,0.39169429527078736,0.13684006996567213
3305,0.5826198433192856,0.270785176545126,0.4248550261873792,0.15776481713190643
3306,0.6148736592033188,0.29259837971238584,0.434962622792602,0.17991103641071682
3307,0.6051426875028716,0.28822532101141013,0.43072524213964897,0.17441744536322262
3308,0.5792394996562376,0.2737550101305709,0.4206697845598174,0.15856971509642012
3309,0.5916996464843789,0.2981236860687597,0.4152999668288738,0.17639967965550507
3310,0.5863361204557443,0.3251010833535651,0.3957176124862554,0.19061850796948893
3311,0.582808197261614,0.29423805344279275,0.41132384776885356,0.17148434949276048
3312,0.5636405995197946,0.28261369763676597,0.4043480455513019,0.15929255396849273
3313,0.6088131833997735,0.27161374174790476,0.4434511566311077,0.16536202676866588
3314,0.6009508336428713,0.26335069578596554,0.4426900134698651,0.1582608201730062
3315,0.574984517756435,0.27470261458865713,0.4170347673807442,0.15794975037569084
3316,0.4969242852433934,0.23571587391833668,0.3797913430760021,0.11713294216739129
3317,0.575479885870027,0.3516088217629463,0.37313608125099196,0.20234380461903498
3318,0.6175657235503613,0.34400883060318765,0.4051176611711901,0.21244806237917127
3319,0.6495443577473538,0.3494201550663177,0.4225804675408217,0.22696389020653207
3320,0.6105766180182716,0.354606753187174,0.3940620259308069,0.21651459208746465
3321,0.6496885225874851,0.34847185928030455,0.42329035516835,0.22639816741913507
3322,0.6281030346622188,0.3146331550386089,0.43048099517712024,0.19762203948509863
3323,0.644309580949507,0.3349039243312213,0.4285277738053124,0.2157818071441946
3324,0.5706653696296282,0.3336077616426163,0.3802869730205317,0.19037839660909653
3325,0.5928344878512367,0.32969988606352274,0.3973770247521571,0.1954574630990796
3326,0.5604075725556257,0.3007100112653223,0.3918874050992516,0.16852016745637413
3327,0.5247812009770381,0.29542946031483996,0.36974537398901813,0.15503582698801993
3328,0.5023525031634384,0.2892977624576842,0.3570230480332389,0.14532945513019943
3329,0.5141596614057986,0.2993104170993162,0.3602663186947858,0.1538933427110128
3330,0.5747007678647319,0.33640526413014266,0.381368404255401,0.19333236360933093
3331,0.5722030574185815,0.33634751634229537,0.37974398021237377,0.1924590772062077
3332,0.5840769244766153,0.299537469881972,0.40912400030244633,0.174952924174169
3333,0.6271575530089198,0.3095644563978466,0.4330118660359099,0.1941456869730099
3334,0.6018823113460735,0.30433948795047866,0.4187057569045589,0.1831765544415146
3335,0.6177481621410639,0.27997626974981277,0.44479333606000626,0.17295482608105758
3336,0.5691448240072765,0.26324430561755463,0.41932069001565564,0.14982413399162084
3337,0.6058832158583191,0.23507442949895618,0.46345556454743175,0.14242765131088728
3338,0.6183017350718197,0.24656539102555286,0.4658499259920587,0.15245180907976102
3339,0.6144806500899521,0.25166498292298545,0.4598373877785593,0.1546432623113928
3340,0.5973548987362891,0.2726519585836248,0.434484915626317,0.16286998310997208
3341,0.5931610200670595,0.31164797704041103,0.40830358810393375,0.18485743196312573
3342,0.5779940532416781,0.29416675713697665,0.4079674169551166,0.17002663628656148
3343,0.5984003300946185,0.2771205333648211,0.4325713114531128,0.16582901864150568
3344,0.5784276480277376,0.31327644693707946,0.39721988964343635,0.18120775838430123
3345,0.5778127310620477,0.303461840554939,0.4024686161978827,0.17534411486416496
3346,0.6010003741338813,0.28184762431318483,0.43160984647291156,0.1693905276609697
3347,0.5759040620015099,0.2962341035621281,0.40530163845670436,0.17060242354480554
3348,0.5619329388960566,0.305258748989558,0.39039799295262056,0.17153494594343596
3349,0.5695966448298797,0.31330383458224753,0.39113983183949586,0.17845681299038382
3350,0.5819282635817584,0.3495403414306394,0.3785208596412515,0.20340740394050694
3351,0.5996807907649563,0.37557555998343584,0.3744553419620982,0.22522544880285808
3352,0.5262310573777378,0.3558891706898774,0.3389511227763174,0.1872799346014204
3353,0.5384506977210748,0.31190889933594035,0.37050313324822526,0.16794756447284956
3354,0.5970171273148298,0.3167988031862526,0.40788281589979714,0.18913431141503267
3355,0.6048952080797194,0.34739457625862913,0.39475789358798996,0.21013731449172943
3356,0.5733246414039576,0.3405860206906926,0.3780582832242654,0.1952663581796922
3357,0.5795617452039862,0.33185183121792705,0.38723311875418576,0.19232862644980045
3358,0.510624247869355,0.2987537643509517,0.3580733316495118,0.15255091621984324
3359,0.5536737355416055,0.29682683825469036,0.38932851119612716,0.16434522434547832
3360,0.5373025514126223,0.3243207180345743,0.3630442021366719,0.17425834927595044
3361,0.5881752483707247,0.31327166799392,0.40391660724088957,0.1842586411298351
3362,0.5798794301123785,0.3000895431683237,0.405863676837247,0.17401575327513155
3363,0.575814167255304,0.2965950690885347,0.40503052453606003,0.17078364271924398
3364,0.5964370780446755,0.29834137232300306,0.41849522167650494,0.17794185636817056
3365,0.6351468324468155,0.28948474230776167,0.45128151532835803,0.18386531711845744
3366,0.6467917387380937,0.2845885324176734,0.4627222270307444,0.18406951170734934
3367,0.6369219527102208,0.29511298454796475,0.44895801432178983,0.18796393838843092
3368,0.5958765829897978,0.26430191976991474,0.43838525815965734,0.1574913248301405
3369,0.5925758523274874,0.2730353881709868,0.4307816744664985,0.1617941778609889
3370,0.5621245038969575,0.28686482362474053,0.40087075723141197,0.16125374666554546
3371,0.5937613709972127,0.26954807019368593,0.4337141392893568,0.1600472317078559
3372,0.6143163837177708,0.2679632072119482,0.4497021952939111,0.1646141884238597
3373,0.5863991348519082,0.2689235421352785,0.42870260240247016,0.15769653244943801
3374,0.5635383143629026,0.30851460136249065,0.3896785159547418,0.17385979840816082
3375,0.5829054247759696,0.2785860186867661,0.42051612321671406,0.1623893015592556
3376,0.5545785265144886,0.26190487097347503,0.40933170908305155,0.14524681743143703
3377,0.5932992497805707,0.24401628496407574,0.4485245709771426,0.1447746788034281
3378,0.5832099539313321,0.23383835499355995,0.44683309768815954,0.13637685624317258
3379,0.5791844743577819,0.24304222735926145,0.43841818965796353,0.14076628469981836
3380,0.5472418157566402,0.25191945216456885,0.4093809573296835,0.13786085842695672
3381,0.5348650705928648,0.2696992369917567,0.3906123691604271,0.1442527014324377
3382,0.5004445651518998,0.2742466879202665,0.36319930067129325,0.13724526448060656
3383,0.4931877707782464,0.25995774155734636,0.36497979172303124,0.12820797905521514
3384,0.5197887189242423,0.28729455521342406,0.37045625011594663,0.14933246880829568
3385,0.5337252962410297,0.27411864069319714,0.3874212435318647,0.14630405270916502
3386,0.5343368872529269,0.26268227021222335,0.3939760606511953,0.1403608266017317
3387,0.5203343403047475,0.2658315505758002,0.3820130558037004,0.1383212845010471
3388,0.508335336581978,0.26096213610476454,0.3756790612900106,0.13265627529196744
3389,0.5083699373150903,0.26477683463916685,0.37376535448708903,0.13460458282800128
3390,0.5331827974322554,0.2696987549908287,0.3893840607822489,0.14379873665000648
3391,0.5678378481985006,0.27351580157916716,0.41252522398149827,0.15531262421700234
3392,0.5853829284320307,0.27119385850639993,0.4266306733667725,0.15875225506525817
3393,0.5943403584252666,0.26586901130779217,0.4363236749504221,0.15801668347484446
3394,0.563785625072812,0.2746773057441616,0.408926508560524,0.15485911651228806
3395,0.5252547052060793,0.26229640597728393,0.387482283807867,0.13777242139821236
3396,0.5420773753595024,0.22938815647387828,0.4177312455595876,0.12434612979991479
3397,0.569228877370348,0.2396221277752169,0.4328290425837672,0.1363998347865808
3398,0.5568987656482584,0.2380168673118295,0.4243474660388352,0.13255129960942313
3399,0.5307129286762193,0.23274654544614165,0.4071913279032247,0.12352160077299462
3400,0.5329517765616603,0.2317663796066936,0.40943147280300873,0.1235203037586515
3401,0.5401259869294156,0.22651336709593933,0.41778023097401634,0.12234575595539925
3402,0.5509972054538725,0.22086348568283717,0.4293020420558279,0.12169516339804468
3403,0.5787900903816766,0.234480634110279,0.4430750229722354,0.13571506740944123
3404,0.5774839585145891,0.23331452316362838,0.44274856409911323,0.1347353944154759
3405,0.5581509640969569,0.2278318253685705,0.4309864111155197,0.12716455298143714
3406,0.5206336727668222,0.20092167055885515,0.4160270854853199,0.10460658728150224
3407,0.519012878061045,0.19706126804386442,0.4167355421792399,0.10227733588180511
3408,0.50470960801812,0.227474454768766,0.38990106511764056,0.11480854290047945
3409,0.5372877365626,0.21152440614568432,0.42363826715683717,0.11364946940576284
3410,0.5437075165035795,0.2201379506886027,0.4240168580464919,0.11969065845708762
3411,0.5331525468224205,0.20942296940698923,0.42149815731997037,0.11165438950245017
3412,0.569418694286782,0.1889741506317493,0.4618132801800977,0.10760541410668435
3413,0.5925554634322286,0.1868294951950818,0.4818486253240976,0.11070683810813103
3414,0.5507145461906541,0.19569251944491375,0.44294382915164265,0.10777071703901142
3415,0.5299082252075359,0.18773678889515483,0.43042495659794255,0.09948326860959333
3416,0.5237469794121703,0.19805159442283315,0.4200180550654472,0.1037289243467231
3417,0.5264122532727525,0.20881349202149305,0.41649027242396647,0.10992198084878609
3418,0.5469330451153108,0.18940465960633468,0.44334137787778927,0.10359166723752153
3419,0.5299992732864807,0.18811685782782459,0.43029747534479745,0.09970179794168323
3420,0.5243443688491858,0.18151072564985798,0.42917024196895326,0.0951741268802325
3421,0.5218174751422614,0.18016531241267567,0.42780406671086224,0.09401340843139915
3422,0.48908570978568366,0.19401255865546527,0.39419693982833887,0.09488876995734481
3423,0.5203068616985478,0.19908648103331864,0.4167207995454943,0.10358606215305348
3424,0.5237129913284077,0.1915677682201429,0.42338646239172956,0.10032652893667811
3425,0.5048736514835616,0.19678662252164783,0.4055212708079399,0.09935238067562162
3426,0.4802747650654578,0.21832622256554413,0.37541818981516223,0.10485657525029556
3427,0.5066754967756927,0.19407195108376984,0.4083439945500957,0.09833150222559701
3428,0.5196186055368077,0.18490530915184028,0.42353836663897615,0.09608023889783157
3429,0.5086402473446678,0.18403011386327167,0.41503512471038595,0.09360512263428189
3430,0.5251292487621635,0.19652481338816097,0.4219283211445142,0.10320092761764935
3431,0.5226367366363572,0.17901297061591023,0.4290779818580778,0.09355875477827943
3432,0.5017697646192137,0.17125431473634314,0.4158395274239341,0.08593023719527965
3433,0.5066520955730702,0.1769167135975214,0.41701687188698533,0.0896352236860849
3434,0.518690381946596,0.16793456920341726,0.43158433610443847,0.08710604584215756
3435,0.5449957273446371,0.1647751671237177,0.45519396528971245,0.08980176205492466
3436,0.49999328676490046,0.16795385334878274,0.4160174876042125,0.08397579916068797
3437,0.47901322105456684,0.19334518910487866,0.38639831924603457,0.09261490180853227
3438,0.5380369574047944,0.18484459550796628,0.4385837336449683,0.0994532237598261
3439,0.5301483986463915,0.1783377400293015,0.43560293135164085,0.09454546729475066
3440,0.5395914078807111,0.17955937227482818,0.4427027133967599,0.09688869448395127
3441,0.5362497830307648,0.1761251041751569,0.44180273413056603,0.09444704890019873
3442,0.5357722308103214,0.19411016336090225,0.4317733955634949,0.10399883524682653
3443,0.5532431281564295,0.20796958542101845,0.4381853841567095,0.11505774399972003
3444,0.5464171695816523,0.22267772931306343,0.42474223500153885,0.12167493458011346
3445,0.5423974780738468,0.2060136096150841,0.4306562157697351,0.1117412623041116
3446,0.5581127271428941,0.19151918425902717,0.451223432915906,0.10688929422698808
3447,0.5629080980598293,0.19923019921153717,0.45075980554558204,0.1121482925142473
3448,0.5702355093136999,0.19757236277726067,0.45757273239909757,0.11266277691460233
3449,0.5684986786959563,0.18630685634006977,0.46258347703462926,0.10591520166132701
3450,0.5590439572831927,0.17693993933988242,0.46012675339317677,0.09891720389001593
3451,0.5415993913432969,0.18144392670236742,0.44332947107835696,0.09826992026493998
3452,0.5458143690553664,0.18457247219135633,0.44507206160125207,0.10074230745411432
3453,0.5578812032615256,0.16727987561118854,0.4645589049741174,0.09332229828740819
3454,0.5068155242614729,0.1717194045659908,0.41978546421049234,0.0870300600509806
3455,0.5075247198893581,0.17086492652188887,0.4208065459174207,0.0867181739719374
3456,0.528538201585359,0.1657061110580079,0.44095619165505573,0.08758200993030327
3457,0.5694814748874434,0.1634776691909443,0.4763839707254228,0.09309750416202053
3458,0.5799941185712505,0.15902424255573833,0.4877609931786743,0.09223312539257619
3459,0.5804915785788627,0.17550654031166302,0.4786115099424306,0.10188006863643206
3460,0.5473480750616011,0.17060778538868,0.45396623213858434,0.09338184292301675
3461,0.5266486793501831,0.19667696488628608,0.4230690155342182,0.1035796638159649
3462,0.5422814583072871,0.21748814829450122,0.4243416680855935,0.11793979022169365
3463,0.5825120971350044,0.20890036948386828,0.46082510481467903,0.12168699232032539
3464,0.5721062772196038,0.22248874654685208,0.44481906870942833,0.12728720851017553
3465,0.5315512800486997,0.23125526190272694,0.40862724956630786,0.1229240304823918
3466,0.5282328493897263,0.20623315448873164,0.4192937225555119,0.10893912683421433
3467,0.4849989901836568,0.2202729612432581,0.3781668264159128,0.10683216376774395
3468,0.4774437853883286,0.20999962792576474,0.3771807681013109,0.10026301728701768
3469,0.5342562051509137,0.1758954800520943,0.4402829534750835,0.09397325167583014
3470,0.5394904426421113,0.16792071480842677,0.44889882188133345,0.0905916207607779
3471,0.5465351738565035,0.1632083312520873,0.4573360801608142,0.08919909369568936
3472,0.5149163649556566,0.18062423299884559,0.4219099914769875,0.09300637347866914
3473,0.49763023764705067,0.19777671622168225,0.39921056335260163,0.09841967429444903
3474,0.526252615125351,0.1975976196962787,0.4222663510176398,0.10398626410771124
3475,0.5215767732855194,0.19614544223338534,0.4192718664307691,0.10230490685475037
3476,0.4946543628317401,0.20715306038148668,0.3921851977400908,0.10246916509164927
3477,0.5302188269132134,0.1961294886790001,0.42622727950274564,0.1039915474104678
3478,0.5760739325820521,0.1730864039469188,0.47636336718386496,0.09971056539818712
3479,0.6226602092792756,0.1573953686736391,0.5246563760813587,0.09800383319791685
3480,0.585755130872094,0.1856114261538315,0.4770322856540004,0.10872284521809357
3481,0.5968674655269082,0.21200391782388942,0.4703292244135884,0.1265382411133198
3482,0.5519587746908476,0.21047162509318323,0.43578711439722273,0.11617166029362488
3483,0.5685954782944536,0.22192390590839586,0.44241054886949593,0.12618492942495765
3484,0.5706100793712802,0.2327294735933863,0.4378122959721218,0.1327977833991584
3485,0.5632505998351532,0.2497415115003145,0.4225835436788633,0.14066705615628997
3486,0.5292981951686087,0.21340817145923202,0.41634163518100414,0.1129565599876045
3487,0.5480725412404853,0.2081775126644405,0.4339761628453621,0.11409637839512322
3488,0.5611627067469148,0.21520792120832635,0.44039604716827363,0.12076665957864119
3489,0.5744997435328419,0.21011362948263118,0.45378951728231576,0.12071022625052619
3490,0.5795887916389489,0.21786428398083654,0.4533170945452111,0.12627169709373787
3491,0.5445150798369488,0.21016186999434552,0.4300787724182953,0.1144363074186535
3492,0.5159580401914875,0.22766237731366873,0.39849380616739205,0.11746423402409548
3493,0.5240378019933002,0.2296004688855757,0.403718476941872,0.1203193250514282
3494,0.4855011227220488,0.2339884676177952,0.3718994589895975,0.11360166373245134
3495,0.4933691262499559,0.18781466523443519,0.40070716896631464,0.09266195728364125
3496,0.5263693007334919,0.18936697160102403,0.4266923403098418,0.09967696042365003
3497,0.535066627097387,0.2085460477252824,0.4234805967465294,0.11158603035085754
3498,0.5476975422657813,0.18962151984005693,0.44384230188868,0.10385524037710127
3499,0.5498205648804928,0.18094300809715783,0.4503343779573379,0.0994861869231549
3500,0.5519619744851829,0.1849895952330594,0.44985475224112864,0.10210722224405426
3501,0.553727379719413,0.19167363224473263,0.4475924415752348,0.1061349381441782
3502,0.5630413780171655,0.18710684262910432,0.45769248350683367,0.10534889451033182
3503,0.5245193521418687,0.18372070640945645,0.42815428624093416,0.09636506590093456
3504,0.4744863827957253,0.22121264391493944,0.36952399555584686,0.10496238723987843
3505,0.5345095282100477,0.23088939432483008,0.41109694698077914,0.1234125812292686
3506,0.5677364043549749,0.22182536632395627,0.4417980684834868,0.12593833587148806
3507,0.5534860451880107,0.2096461516306719,0.4374498258330641,0.11603621935494661
3508,0.5751357808182643,0.21376903246716364,0.45218956141549727,0.12294621940276705
3509,0.55626083346781,0.23603003509777076,0.42496656942088756,0.1312942640469224
3510,0.5735837500256724,0.2182670946530394,0.4483892913673737,0.12519445865829873
3511,0.566045068114212,0.24264816967499853,0.4286952683827385,0.1373497997314734
3512,0.5672073840822073,0.2584763690912239,0.42059767892290706,0.14660970515930022
3513,0.5595997770538103,0.2571108991686355,0.41572057520093714,0.14387920185287312
3514,0.5818682118051561,0.2685767494885373,0.42559193884781954,0.1562762729573366
3515,0.5842780806000814,0.2707652003347663,0.42607590905518755,0.15820217154489377
3516,0.5648127554248407,0.28316822567034106,0.40487572963521223,0.15993702578962843
3517,0.5535699942943084,0.24529500050673952,0.41778204226337023,0.13578795203093819
3518,0.5685564261850867,0.2438897203247116,0.4298913584139884,0.13866506777109833
3519,0.5327697209550251,0.24437818569795428,0.40257242315323066,0.1301972978017944
3520,0.5132772500943753,0.1722485004518394,0.4248660134495754,0.08841123664479988
3521,0.5033953515070023,0.1544628368948522,0.4256394774335494,0.0777558740734529
3522,0.540983581123591,0.22435052506149075,0.4196136306488678,0.12136995047472322
3523,0.5201737439462284,0.1933774615480221,0.4195838657779759,0.10058987816825248
3524,0.48993772392702944,0.1576001885226185,0.412723446271787,0.07721427765524246
3525,0.5392976718671891,0.14924524063898245,0.4588100610533275,0.08048761081386163
3526,0.5011034356720696,0.09715116072484918,0.45242065525331826,0.048682780418751355
3527,0.5202441399222367,0.12432946362851835,0.45556246504982517,0.06468167487241154
3528,0.4978854711208266,0.14151173868050246,0.42742883243875734,0.07045663868206926
3529,0.5097724041934667,0.15495991313753582,0.4307781167197343,0.0789942874737324
3530,0.5257622923887927,0.14467928745935194,0.4496953785529867,0.07606691383580598
3531,0.4779396563875358,0.1412255634405541,0.41044235912362126,0.06749729726391457
3532,0.4707242323032805,0.1511351773064577,0.399581241991678,0.07114299031160248
3533,0.45092205474318386,0.13641182399845742,0.3894109547745339,0.06151109996864997
3534,0.5165850446850391,0.1353010799714916,0.44669053024203204,0.06989451444300704
3535,0.48012273190527344,0.09207326420441074,0.4359162647600157,0.04420646714525771
3536,0.4852632744720832,0.1612098900574953,0.4070340353454985,0.0782292391265847
3537,0.5633962967367122,0.1279732126226339,0.4912966626636204,0.0720996340730918
3538,0.4936618000459028,0.0685691222213725,0.4598118437425326,0.03384995630337026
3539,0.5233841588301752,0.11593528067515924,0.4627054694752667,0.060678689354908485
3540,0.48838481126981714,0.13253748184848982,0.4236555182110656,0.06472929305875151
3541,0.5131295331395983,0.11249078155404933,0.45540719091826043,0.05772234222133787
3542,0.5090554488828392,0.1259404057041497,0.44494479912462637,0.06411064975821279
3543,0.523565395151286,0.11607968490684177,0.4627900890539986,0.06077530609728738
3544,0.4819935144546858,0.12051381549455188,0.4239066369841232,0.05808687747056263
3545,0.4330360576125145,0.08632430796342298,0.39565451961590525,0.03738153799660928
3546,0.4857472872332364,0.10051736060488753,0.43692125199956733,0.0488260352336691
3547,0.545170039664253,0.11654782995120497,0.481631654586972,0.06353838507728103
3548,0.5168134964334281,0.12738460202770283,0.45097941486771026,0.06583408156571785
3549,0.5080713102445853,0.14040223633441432,0.4367369620688895,0.0713343481756958
3550,0.552064100566013,0.12940738153052994,0.48062293087475805,0.07144116969125489
3551,0.4615365837034598,0.07630683822020981,0.42631818627809154,0.03521839742536823
3552,0.5257915511199563,0.14863199800420465,0.44764210234326735,0.07814944877668902
3553,0.5446319753353775,0.16179835303387588,0.45651141871652695,0.0881205566188506
3554,0.5376749076721035,0.16002227303392091,0.4516349467931099,0.08603996087899356
3555,0.5047521649323359,0.18416113551161778,0.41179643308644953,0.09295573184588636
3556,0.5149228168604514,0.14679217681159237,0.4393361756835488,0.07558664117690257
3557,0.496004474661686,0.16061180692558696,0.4163402997430961,0.0796641749185899
3558,0.46167737915990587,0.11504028474368162,0.40856588200163363,0.053111497158272236
3559,0.4733019975585862,0.13257711632619176,0.4105529835708426,0.06274901398774362
3560,0.4286037482070939,0.11992422077071421,0.37720377768395075,0.051399970523143136
3561,0.4348036636283918,0.14379782724889456,0.37227984151876986,0.06252382210962194
3562,0.501198607087648,0.13231463486549386,0.4348826963957517,0.06631591069189627
3563,0.4957393534404301,0.16382351948347101,0.41452558781335846,0.08121376562707162
3564,0.5277008698766684,0.23932156964295104,0.4014106693958335,0.12629020048083495
3565,0.5116991248200286,0.18711908262628718,0.41595045400303077,0.09574867081699776
3566,0.47878396353773806,0.17328922084269788,0.39581586354430476,0.0829680999934333
3567,0.4807297851817635,0.2455504916396035,0.3626863500845805,0.118043435097183
3568,0.48217145235680603,0.25774913143404393,0.35789217930954775,0.12427927304725826
3569,0.5242587632742177,0.2454097437269322,0.39560055453249354,0.12865820874172418
3570,0.5408050367048726,0.24557619056055202,0.4079961959549304,0.13280884074994212
3571,0.5889100111889021,0.22930275945703665,0.4538713205514125,0.13503869063748958
3572,0.5781458775128401,0.2557244887612116,0.430299818556467,0.1478460589563731
3573,0.5534940788420353,0.27072099416532225,0.4036516115533002,0.14984246728873504
3574,0.561388630550143,0.260339591059776,0.4152369440471111,0.1461516865030319
3575,0.5890743696775127,0.26170508884281246,0.4349106094260355,0.1541637602514772
3576,0.5646173737248763,0.2645605723764906,0.4152418781585121,0.14937549556636417
3577,0.5719226565097784,0.25008079227729696,0.4288957854484766,0.14302687106130174
3578,0.575596848703563,0.26719528453432245,0.42180008493715515,0.15379676376640786
3579,0.5824501626037207,0.2809670507097315,0.4188008582315498,0.16364930437217096
3580,0.5524725171534408,0.3240993465593223,0.3734165353520267,0.17905598180141416
3581,0.5411185937709364,0.33166857363326246,0.3616465616084932,0.17947203216244326
3582,0.5714162824854195,0.37063571175652726,0.35962900191716723,0.2117872805682523
3583,0.5772911191529777,0.3831799346718432,0.3560847458293045,0.22120637332367324
3584,0.5578228720345879,0.3541444799464576,0.3602729811156594,0.1975498909189285
3585,0.579393366509092,0.3416371369247785,0.381451075621717,0.19794229088737503
3586,0.5776568922167208,0.33829543492840786,0.38223820262487285,0.19541868959184797
3587,0.5818765321965984,0.34946544563441223,0.37853079056830774,0.2033457416282907
3588,0.574102026468927,0.3370328205691888,0.38061080119361745,0.19349122527530957
3589,0.5520003865355562,0.314019621988755,0.3786614338180142,0.173338952717542
3590,0.5491548134132462,0.31343364727100265,0.37703121732870554,0.1721235960845407
3591,0.5458707898676621,0.3095744904076329,0.37688311826596854,0.16898767160169356
3592,0.5328906610655846,0.34070513558739046,0.35133207613398043,0.18155858493160412
3593,0.5101429260093285,0.3384797524520099,0.337469874698547,0.17267305131078153
3594,0.5124217422872596,0.2838008459275723,0.36699601835445483,0.14542572393280473
3595,0.5061577926808498,0.28886719261411686,0.3599454120893746,0.14621238059147526
3596,0.5315656005238637,0.3056661747646328,0.3690839767752694,0.16248162374859432
3597,0.5248472229245543,0.3194299354506749,0.35719530838429797,0.16765191454025635
3598,0.5056008315926799,0.31639487190738097,0.3456313212446486,0.15996951034803125
3599,0.502885774309037,0.3150235591351559,0.3444649078477654,0.1584208664612716
3600,0.4914486845595675,0.333046396066787,0.32777347131524026,0.16367521324432718
3601,0.5443398583682265,0.3046066933248565,0.37853029406576033,0.1658095643024662
3602,0.559179525382594,0.2958879026486517,0.39372506841306976,0.16545445696952424
3603,0.5601842968494227,0.30869147325781593,0.38726018095908077,0.17292411589034198
3604,0.5536584812611713,0.284000627064019,0.3964191254036863,0.15723935585748508
3605,0.5318727860366921,0.3104768139206848,0.36673861801690183,0.16513416801979025
3606,0.5115336581807864,0.303134808793776,0.35647000051657296,0.15506365766421348
3607,0.5360849424327987,0.26224362038176047,0.3955000862970739,0.14058485613572477
3608,0.5981517494045354,0.25146156014573795,0.44773957729536845,0.15041217210916696
3609,0.5899281513028451,0.23407645079874323,0.45183986341961113,0.138088287883234
3610,0.5966646797186248,0.21431138026094676,0.46879264865517056,0.1278720310634542
3611,0.5785493498510533,0.2146663846592324,0.4543542525715783,0.12419509727947503
3612,0.582700151824096,0.20823849152698667,0.4613595511957001,0.12134060062839586
3613,0.5949078174071023,0.22220064763743852,0.4627189150946691,0.13218890231243316
3614,0.554076754181373,0.22570129026769165,0.42902091585530255,0.1250558383260705
3615,0.5415562816053472,0.23946464042713625,0.4118727013596658,0.1296835802456814
3616,0.5519203691487004,0.24035505901265689,0.4192635162516771,0.13265685289702325
3617,0.5633821850254123,0.2441977615476874,0.42580551654636156,0.13757666847905073
3618,0.5608673285327563,0.2695733073774324,0.40967246778023625,0.1511948607525201
3619,0.5825834836129438,0.30167910384549773,0.4068302203614027,0.1757532632515411
3620,0.5719411003215761,0.32307382368878623,0.38716190211591284,0.18477919820566327
3621,0.579658194985337,0.3343277811614563,0.3858623568238345,0.1937958381615025
3622,0.5902067657036164,0.3457959936540367,0.38611563069579913,0.20409113500781725
3623,0.5770714775400361,0.3224781731190606,0.39097852170380826,0.1860929558362278
3624,0.5825512478690266,0.32830781984024776,0.3912951177359307,0.1912561301330959
3625,0.5969333953579952,0.30486822164879507,0.4149473726724261,0.1819860226855691
3626,0.5791418149390067,0.29768298036929886,0.4067411534114783,0.17240066152752845
3627,0.5607611604681174,0.2991522725732906,0.3930081849432444,0.167752975524873
3628,0.5318773447986754,0.2940754929759077,0.37546525242428813,0.1564120923743873
3629,0.5668814090706551,0.295043002685151,0.39962701597205963,0.16725439309859547
3630,0.5768696739732431,0.28104367140531716,0.4147441028774145,0.16212557109582856
3631,0.5717192139964619,0.26295336790513885,0.42138372118001344,0.15033549281644845
3632,0.5555833022366958,0.2755637658202693,0.4024846752454911,0.15309862699120474
3633,0.5320923992387242,0.3102933991543073,0.3669876400147697,0.16510475922395448
3634,0.5445836774148971,0.3089931944142524,0.3763110273046073,0.1682726501102898
3635,0.5227544963521012,0.30534413089725293,0.36313447899083773,0.15962001736126352
3636,0.5446734856767924,0.29964962828691466,0.3814622781560034,0.163211207520789
3637,0.578496721707448,0.32538352493479705,0.39026341923505425,0.18823330247239375
3638,0.537724053289018,0.312437752063014,0.3697187588491848,0.1680052944398331
3639,0.5235235726653403,0.2906910025483573,0.37133998046955474,0.15218359219578556
3640,0.5621148106453078,0.29607578478907487,0.39568622694193606,0.1664285837033717
3641,0.5632320970738471,0.31263300802725696,0.38714715234815034,0.17608494472569683
3642,0.591056228244903,0.3116435448789597,0.40685737005187395,0.18419885819302906
3643,0.5762195809222326,0.332862104354097,0.38441791864642233,0.19180166227581025
3644,0.5296168847218078,0.2699498021975533,0.38664691145067137,0.14296997327113642
3645,0.5300833539340379,0.19756582244370532,0.425357000150342,0.10472635378369595
3646,0.5438859206199648,0.20475935335413187,0.4325201912154041,0.11136572940456069
3647,0.5474591099025338,0.24515874513643207,0.41324472150532054,0.13421438839721322
3648,0.5365608982605038,0.2517041300461957,0.40150630414703836,0.1350545941134654
3649,0.5205777467048591,0.22856154432661868,0.4015936929759252,0.11898405372893393
3650,0.5384229891992766,0.22801503796825923,0.41565445087401987,0.12276853832525667
3651,0.5192716159641954,0.2276743704441481,0.4010467777100317,0.11822483825416362
3652,0.5227179380197089,0.2677044977227555,0.3827839949714683,0.1399339430482406
3653,0.49570777415122963,0.28960247016029456,0.3521495782793721,0.1435581958718575
3654,0.49753622432022243,0.2964863828922835,0.35002350881363586,0.14751271550658654
3655,0.5031921996110076,0.26645863901924444,0.3691122909375585,0.13407990867344907
3656,0.5236664396150212,0.236468396987945,0.3998358760828727,0.12383056353214857
3657,0.5423853775295332,0.2297287989977444,0.41778383615573533,0.12460154137379784
3658,0.5246449311156546,0.24147184738120686,0.39795795037997145,0.12668698073568313
3659,0.5275997504431762,0.2625653690769926,0.3890703272431344,0.13852942320004177
3660,0.5521056940124673,0.2839350597477941,0.3953435307959401,0.15676216321652725
3661,0.5326277216019306,0.27346092471852734,0.38697485232194434,0.14565286927998627
3662,0.5375779344791939,0.27604334115812207,0.3891831253126752,0.1483948091665187
3663,0.5340349923020302,0.2559441791666958,0.39735184455099437,0.13668314775103585
3664,0.5056287182145852,0.27958223712921465,0.3642639100193742,0.14136480819521102
3665,0.5306948711026019,0.2672077212080505,0.3888891039384756,0.14180576716412635
3666,0.5542473881017278,0.2617784736266315,0.40915735283291027,0.14509003526881753
3667,0.5699324154724826,0.28169115850152454,0.4093874930904668,0.16054492238201584
3668,0.570274877822976,0.2940580609190805,0.40258095305948616,0.16769392476348988
3669,0.6000820012443248,0.2916128190817455,0.4250903971812517,0.17499160406307307
3670,0.6118037873317449,0.31792467120461193,0.4172962694025636,0.19450751792918133
3671,0.598845542564687,0.3649650452805447,0.3802878520065137,0.21855769055817334
3672,0.5956636317080065,0.3874088199155776,0.3648982870813805,0.230765344626626
3673,0.6177673622838156,0.35088603758732984,0.40100142038127107,0.21676594190254453
3674,0.6324427863305835,0.34422183255102085,0.4147421714361963,0.21770061489438716
3675,0.5971001631418008,0.3337088807508739,0.3978425360035862,0.19925762713821457
3676,0.5508763479477197,0.3093240760224513,0.3804770306161689,0.17039931733155078
3677,0.5440619467307031,0.3225548192333975,0.3685721438512108,0.17548980287949228
3678,0.5606114139480999,0.3250877366066999,0.3783635182718304,0.18224789567626948
3679,0.5933825822324565,0.34059868624625916,0.391277254282669,0.20210532794978756
3680,0.6150902696100098,0.36741212711423576,0.38909864528532734,0.22599162432468245
3681,0.5947429427661081,0.35403876523507716,0.384180885676919,0.21056205708918907
3682,0.5802773697075587,0.3094827204311034,0.40069155072585827,0.17958581898170045
3683,0.6144555090633035,0.3002673957728551,0.42995455353858136,0.1845009555247221
3684,0.6078258412124387,0.3186111474326011,0.41416575250455756,0.1936600887078811
3685,0.6235677400901386,0.2945379036739921,0.43990340512526044,0.18366433496487816
3686,0.600470011414347,0.2833247648944981,0.43034198660418055,0.17012802481016645
3687,0.6035566116795398,0.2696753074232145,0.4407922968775462,0.16276431480199358
3688,0.5977614981519281,0.27666133768516254,0.43238400245652886,0.16537749569539925
3689,0.5720959168747911,0.26371175720123513,0.4212274973480882,0.1508684195267029
3690,0.5697435180932847,0.29161775067514306,0.4035961948851784,0.16614732320810635
3691,0.5375815758316304,0.30794797073967617,0.37203442044724244,0.1655471553843879
3692,0.5411755776699378,0.30943932482928,0.3737145723016567,0.16746100536828115
3693,0.5944240987677001,0.290308294277928,0.42185785257675446,0.1725662461909456
3694,0.5938589890051272,0.299265832505673,0.41613728426953056,0.1777217047355967
3695,0.5858221809941571,0.3297345017079167,0.3926563960546037,0.19316578493955336
3696,0.596346536105459,0.32979122028654806,0.3996766842495837,0.1966698518558753
3697,0.5810034456711077,0.3036755835270493,0.40456688527570783,0.17643656039539993
3698,0.5697523960644721,0.3028655520940754,0.3971940220734835,0.17255837399098867
3699,0.5541480614341768,0.2797709868329169,0.3991135114351893,0.15503454999898753
3700,0.5875666385018015,0.2691283471478123,0.4294358002426155,0.15813083825918597
3701,0.5797675360604582,0.28189558091407596,0.4163336296875728,0.16343390637288532
3702,0.578838901450744,0.2698236402114331,0.4226544819653173,0.15618441948542675
3703,0.5831538585303354,0.23748081661317752,0.444666003995426,0.13848785453490944
3704,0.596334454835507,0.259572726980938,0.4415422942011634,0.15479216063434353
3705,0.5925522989325036,0.26045903665407727,0.4382166979853849,0.1543356009471187
3706,0.5817262651436607,0.27522787512506997,0.4216189812837279,0.16010728385993278
3707,0.5853769346062184,0.29906313146381996,0.410312275456191,0.17506465915002745
3708,0.5819277722106969,0.3009807254781925,0.40677872915481306,0.17514904305588389
3709,0.6132112948311437,0.29204926962722905,0.4341233840485408,0.17908791078260292
3710,0.6349406463407734,0.3312227298566352,0.4246338721628461,0.21030677417792734
3711,0.6411217805237881,0.3479295163206135,0.41805658952353597,0.2230651910002521
3712,0.6442297664440803,0.36333073852873704,0.41016128961975684,0.23406847682432344
3713,0.6357105279218194,0.3717926238178583,0.39935804275713027,0.23635248516468912
3714,0.6052822242433813,0.3284620878303441,0.4064699611418058,0.19881226310157554
3715,0.575808426624514,0.33054797860672125,0.3854761151390643,0.19033231148544968
3716,0.5833583255886111,0.3514586016517036,0.3783320242153586,0.2050263013732525
3717,0.527707779359813,0.2332781778301465,0.4046050701639628,0.12310270919585016
3718,0.547236627198635,0.20497963470246933,0.43506426325964737,0.1121723639389876
3719,0.5124006102026571,0.15564882865070062,0.43264605542470935,0.07975455477794782
3720,0.4898182466654173,0.17859751090500547,0.4023379270151198,0.08748031965029752
3721,0.4763843726083771,0.14696847196874718,0.40637088929633364,0.07001348331204349
3722,0.4602821151354759,0.13727383859844283,0.3970974223526187,0.0631846927828572
3723,0.4703490962803562,0.1527451731546237,0.3985055421258924,0.07184355415446378
3724,0.4934158113819749,0.2555135548962764,0.3673413833737359,0.126074428008239
3725,0.5198123149981695,0.2837871535052626,0.372296257767858,0.14751605723031144
3726,0.5186157723948978,0.2794474804175632,0.3736899014943352,0.14492587090056258
3727,0.49499426657331563,0.26476398075953544,0.3639376141022179,0.1310566524710977
3728,0.48154359465986,0.28457000084940015,0.34451073351848044,0.13703286114137958
3729,0.5155306951797427,0.2579999014375408,0.3825238266353422,0.13300686854440052
3730,0.5034116471035935,0.26165694092169,0.37169049549811795,0.13172115160547562
3731,0.4642491413276932,0.2866491641982085,0.33117251298637396,0.13307662834131923
3732,0.4598386254679194,0.27909577174383543,0.33149960941532597,0.12833901605259346
3733,0.4953329418872372,0.25740723070437677,0.3678306610393915,0.1275022808478457
3734,0.5145560512922461,0.23434646921082428,0.39397165746084445,0.12058439383140168
3735,0.4987779875795093,0.25321488392011515,0.37247997735265526,0.12629801022685408
3736,0.5102076752231909,0.27475744431928456,0.3700243183067834,0.1401833569164075
3737,0.4797681755186924,0.26254562826757427,0.3538071384543494,0.12596103706434295
3738,0.5099064433603951,0.2566708950750173,0.3790283001385639,0.13087814322183122
3739,0.5143085256857212,0.2632007327438756,0.37894214486881694,0.1353663808169042
3740,0.5204047724514732,0.2718309517137912,0.3789426478795903,0.1414621245718829
3741,0.4974986542090063,0.259562542804752,0.3683666384805746,0.12913201572843172
3742,0.5303016698714106,0.25467724957075216,0.39524589914578273,0.13505577072562786
3743,0.5524004863611294,0.23537445705261825,0.4223795218082763,0.13002096455285309
3744,0.5973622017167891,0.21566555655102096,0.46853175002099456,0.12883045169579457
3745,0.6281963075531836,0.20352715386619627,0.5003413010076304,0.12785500654555315
3746,0.6274909586623278,0.21925440636215104,0.48991080102320206,0.13758015763912576
3747,0.5992710409924679,0.20897205400724556,0.4740401406492116,0.12523090034325626
3748,0.5740841784101229,0.20374806151357053,0.4571156399134496,0.11696853849667332
3749,0.558746534735127,0.2031308072256237,0.4452479000998607,0.11349863463526635
3750,0.5791142004110107,0.2279399645471953,0.4471109301005476,0.13200327031046313
3751,0.5861210152014696,0.24535199673262947,0.44231505379483316,0.14380596140663646
3752,0.5711053607502452,0.19642371522313098,0.4589267240078355,0.11217863674240966
3753,0.5616452783114879,0.19332572661508934,0.4530647967819854,0.10858048152950248
3754,0.5607476636590145,0.18393505425773407,0.4576065117189961,0.10314115194001845
3755,0.5772699252402285,0.1862544440584311,0.4697508362429576,0.10751908899727085
3756,0.540557269417879,0.2007798758026825,0.43202424799992,0.10853302141795892
3757,0.5559973264117556,0.20061796947333843,0.4444542717544242,0.11154305465733137
3758,0.5569537376293242,0.2076856209654212,0.4412824547807657,0.11567128284855847
3759,0.5590710473983646,0.22176649115131122,0.43508782291254083,0.12398322448582372
3760,0.5358660351229692,0.240686093309067,0.4068905325922024,0.12897550253076673
3761,0.4978145243236155,0.2498175375401251,0.37345172570538115,0.12436279861823434
3762,0.48809251507613527,0.23949121274719068,0.3711986467077252,0.11689386836841009
3763,0.5027428880849946,0.22070610116959063,0.39178446536501554,0.110958422719979
3764,0.4992405385893825,0.23511122622835628,0.3818634833787278,0.11737705521065474
3765,0.5149667388750668,0.23966721168770036,0.39154609645697147,0.12342064241809536
3766,0.5229169508091379,0.24339309156135913,0.3956425775218627,0.12727437328727523
3767,0.5260262661597449,0.21721129884079862,0.4117674176628111,0.11425884849693382
3768,0.483032036580187,0.22671298744833138,0.3735224005338411,0.10950963604634588
3769,0.5158004288558463,0.207798622973786,0.40861781001031316,0.10718261884553315
3770,0.5040448785926689,0.21216661352448732,0.39710338363730097,0.10694149495536791
3771,0.5269285608524896,0.21648470618262244,0.4128565861771063,0.11407197467538331
3772,0.5579542524660449,0.2096951089106778,0.4409539747280018,0.11700027773804311
3773,0.5577623313900879,0.19721850347239514,0.44776127910006064,0.11000105229002725
3774,0.5464412834350197,0.1976988251836224,0.43841048366808555,0.10803079976693422
3775,0.5389092648205402,0.19861962925169954,0.43187130644157856,0.10703795837896167
3776,0.5591775292345906,0.2196481033924274,0.43635524547854915,0.12282228375604147
3777,0.5434641714309818,0.22002202220084685,0.4238900854390295,0.11957408599195232
3778,0.5587357288271508,0.21082752722755194,0.4409388567448386,0.11779687208231222
3779,0.5719306957959215,0.21153062876002826,0.45094983610704975,0.12098085968887172
3780,0.5408780653834485,0.20597993017857016,0.4294680392406457,0.11141002614280283
3781,0.5781296104523167,0.20944987079840757,0.4570404382383453,0.12108917221397143
3782,0.5875692246455215,0.20975618763931927,0.46432294410968616,0.12324628053583535
3783,0.5653745127000841,0.21653947162466855,0.4429486144499534,0.12242589825013067
3784,0.5786104824938013,0.20335174652054583,0.46094903032359114,0.1176614521702102
3785,0.5633216621533755,0.21585631649294132,0.44172512316026674,0.1215965389931088
3786,0.5580515769779992,0.22963075884989986,0.42990576987915796,0.12814580709884127
3787,0.5894517609258977,0.22115776668735995,0.4590899259095945,0.13036183501630316
3788,0.5833392072993171,0.19463390094641578,0.4698016218076611,0.11353758549165598
3789,0.5448116675798742,0.15501428536679343,0.46035807627048897,0.08445359130938522
3790,0.5551307919176132,0.17725352445099885,0.45673190251894213,0.098398889398671
3791,0.5506409778299545,0.19559612995419748,0.4429377335722203,0.10770324425773414
3792,0.5339146520746847,0.21620733642020348,0.4184783872738974,0.11543626480078725
3793,0.5332016448792221,0.2134903891599048,0.4193682182132556,0.11383342666596648
3794,0.5450859675274528,0.20921075818447213,0.4310481189853178,0.11403784854213495
3795,0.5214536633073861,0.2166612206534406,0.4084748761009996,0.11297878720638649
3796,0.5132503432107964,0.21894303675934412,0.40087775445044904,0.11237258876034739
3797,0.5169152983545411,0.21340251158989876,0.4066042754064402,0.11031102294810093
3798,0.5228672557477608,0.22557988926159914,0.4049189180976647,0.11794833765009612
3799,0.5516728301502488,0.23252829779374365,0.4233932860163544,0.12827954413389442
3800,0.5416535689453185,0.25141246529963757,0.4054751098384287,0.13617845910688972
3801,0.567132087912668,0.21818724743003562,0.443391098721754,0.123740989190914
3802,0.5686978070063964,0.189562086534635,0.4608942641025927,0.10780354290380366
3803,0.5581619793945881,0.1645705645057994,0.4663049473599464,0.09185703203464174
3804,0.5319291748084908,0.18132996131156004,0.4354744781199771,0.0964546966885137
3805,0.5280789626367192,0.1937327868827014,0.4257727535109816,0.10230620912573755
3806,0.4926622073747404,0.13446146652727503,0.4264181244685683,0.06624408290617209
3807,0.47758983661272897,0.07516306992563845,0.4416927183276322,0.03589711828509679
3808,0.5325441417122992,0.0937296712940039,0.482628954360058,0.04991518735224124
3809,0.5405647297222262,0.1331107766510843,0.46860973871871725,0.07195499100350901
3810,0.5005592118079357,0.12354569532483128,0.43871727593387483,0.061841935874060915
3811,0.48701022600701843,0.12542041597849415,0.42592920087543773,0.06108102513158071
3812,0.5203469417321451,0.14235316143196045,0.44627390953512214,0.07407303219702298
3813,0.5074800823453592,0.12339227585756778,0.44486096003237946,0.06261912231297978
3814,0.5231729767845852,0.18321250228359412,0.4273211465807246,0.09585183020386055
3815,0.5149289670088453,0.16309119914504785,0.43094858430485194,0.08398038270399336
3816,0.4773911229513787,0.1469902276210757,0.4072192931244746,0.07017182982690409
3817,0.49634993642824937,0.1355131235819698,0.4290880061531452,0.0672619302751042
3818,0.47138105949080855,0.11068724875169415,0.4192051869021123,0.052175872588696263
3819,0.49530083693363053,0.12603726189294043,0.43287447563323395,0.062426361300396575
3820,0.5027903797364025,0.10807856576663556,0.44844951661323007,0.05434086312317245
3821,0.505031156810214,0.12241585175904258,0.4432073375844371,0.061823819225776955
3822,0.5166797898118156,0.12536701813555753,0.4519051852322017,0.06477460457961394
3823,0.49332611538697774,0.12061908153250897,0.43382157245299996,0.0595045429339778
3824,0.5248222141901145,0.14957680197429074,0.446320985786491,0.07850122840362356
3825,0.5251603625880481,0.12501106406137222,0.45950950685806013,0.06565085572998794
3826,0.5443369212809361,0.13820888887207045,0.4691047202186543,0.07523220106228186
3827,0.525642427387102,0.12373772293667842,0.46060063034331367,0.06504179704378833
3828,0.5222056959535207,0.10655689950230678,0.46656107609026926,0.05564461986325148
3829,0.5620961078812109,0.12440561885706451,0.49216819372310155,0.06992791415810934
3830,0.541765747356651,0.10876775071399945,0.48283910560277915,0.05892664175387182
3831,0.5390325963286733,0.1308015808336677,0.46852628060800655,0.07050631572066672
3832,0.4930404164067515,0.09267292316617406,0.44734891977927016,0.04569149662748135
3833,0.5394043494508275,0.13173708239903065,0.4683447942208283,0.07105955522999918
3834,0.4921985713685012,0.11967279166758296,0.4332957942780366,0.05890277709046461
3835,0.5148567886550255,0.11616398301169224,0.45504897340424866,0.0598078152507768
3836,0.4828576370253112,0.12392867425915877,0.42301773021285427,0.05983990681245691
3837,0.4901709776197688,0.14152352714630997,0.42080025196226417,0.06937072565750464
3838,0.533138985682007,0.15689136073869447,0.44949408475550956,0.08364490092649743
3839,0.5360935046298678,0.17107386778112627,0.4443819153004972,0.09171158932937061
3840,0.5187971264898671,0.16202588686166897,0.4347385619690609,0.08405856452080616
3841,0.5341589010397446,0.14859980834557118,0.4547829907191576,0.07937591032058697
3842,0.5137561189789979,0.1645397664343254,0.42922280715798805,0.0845333118210098
3843,0.5093492920317735,0.17059202310478624,0.4224583658370827,0.08689092619469081
3844,0.5301901012307892,0.18036309045290574,0.4345633760452652,0.09562672518552409
3845,0.5350284075403129,0.24188633288937728,0.40561234804874335,0.12941605949156954
3846,0.5115494666616945,0.17093138681623266,0.4241096069001069,0.08743985976158762
3847,0.553617256280434,0.1399746187640922,0.47612489189135754,0.07749236438907647
3848,0.5004612489892024,0.1557079201562772,0.4225354687902809,0.0779257801989215
3849,0.5410310174550781,0.15339177654012737,0.458041308524331,0.08298970893074709
3850,0.5080430716778442,0.12796925452666844,0.4430291785277917,0.0650138931500525
3851,0.5306692612333662,0.16845403797882333,0.4412758813473666,0.08939337988599959
3852,0.5149147595515285,0.1517387734050832,0.43678222552900625,0.0781325340225223
3853,0.5017208003565194,0.15721110628384946,0.42284471828685266,0.0788760820696668
3854,0.5069014188267061,0.1343058885100569,0.4388215733841769,0.06807984544252925
3855,0.4899573333370687,0.09702457031118485,0.44241943359922564,0.04753789973784305
3856,0.5399970281838146,0.13371704614068264,0.46779022065032794,0.07220680753348664
3857,0.5651307118013513,0.12227875770115515,0.49602723042351254,0.06910348137783878
3858,0.5485692978590588,0.15734824207401069,0.46225288318516156,0.08631641467389727
3859,0.5472272541016402,0.1746746812007899,0.45164050794705257,0.09558674615458765
3860,0.5321135781324905,0.16336766688219742,0.44518342435664765,0.08693015377584283
3861,0.5284980141660329,0.1418757987709894,0.45351693625734535,0.07498107790868759
3862,0.5207505745231605,0.11895469099948235,0.4588048508429551,0.06194572368020546
3863,0.5325382891900857,0.13360955263617352,0.46138608660976516,0.07115220258032055
3864,0.5222532247769116,0.13612175999707815,0.45116319665612875,0.07109002812078287
3865,0.5513186053077183,0.15676208510162415,0.464892751184361,0.08642585412335727
3866,0.5453637018158183,0.14323539931325246,0.467248314215276,0.07811538760054228
3867,0.5424021059231521,0.1471911695848139,0.4625653055670572,0.07983680035609488
3868,0.5645562139228008,0.16444458034622855,0.47171800424241017,0.0928382096803906
3869,0.5429088773247703,0.17961107275732657,0.44539643145899255,0.09751244586577781
3870,0.5413748793244738,0.1965514088937528,0.4349668840535631,0.10640799527091073
3871,0.5366068371993824,0.23599818778471782,0.4099685960674391,0.12663824113194336
3872,0.5545300620084547,0.2899776215110403,0.39372875357087334,0.16080130843758136
3873,0.5976387314827153,0.2945237902622991,0.4216199070788736,0.1760188244038417
3874,0.6153864520907097,0.25332260682998564,0.45949515183923506,0.15589130025147466
3875,0.563312182922234,0.22594113074933342,0.43603679134790907,0.12727539157432488
3876,0.5575817197335131,0.2096507286959491,0.4406843058838416,0.11689741384967149
3877,0.6006194218846191,0.23929698971426247,0.45689300226370916,0.14372641962090998
3878,0.5936894940243191,0.25220392634971556,0.44395867259880983,0.14973082142550928
3879,0.5794027681421545,0.24548968035124413,0.437165367796311,0.14223740034584353
3880,0.5523261491536566,0.2698003662546749,0.4033083518199659,0.14901779733369075
3881,0.558865795473067,0.27976468355787526,0.4025148830512242,0.15635091242184282
3882,0.5752221892830336,0.26490997336239025,0.4228400944426094,0.15238209484042423
3883,0.581443628659233,0.27648270300462674,0.42068452256270983,0.16075910609652322
3884,0.5963254119058226,0.28012931624467535,0.4292771820093201,0.16704822989650248
3885,0.5975913040374599,0.30221601007912585,0.4169896444732769,0.18060165956418292
3886,0.5825781608853567,0.2764056286771438,0.4215502780722655,0.16102788281309124
3887,0.5795556716524056,0.28193324682897536,0.4161596594252953,0.16339601222711028
3888,0.5841714252946012,0.27531134998055556,0.42334240157667924,0.16082902371792193
3889,0.6110475678937733,0.2475641550905016,0.45977409302804545,0.1512734748657279
3890,0.6050487773063935,0.2493738104563008,0.45416545819757237,0.15088331910882113
3891,0.5812840616016846,0.2672532844766662,0.42593398692469764,0.15535007467698694
3892,0.5527929405230729,0.2730880691018976,0.40183178378246687,0.1509611567406061
3893,0.5704162473800486,0.25927791710574694,0.4225199108760731,0.1478963365039755
3894,0.5583410273247127,0.24534148365996616,0.42135681129263797,0.13698421603207472
3895,0.5870897025602952,0.23626576666193605,0.44838050388555906,0.13870919867473616
3896,0.6017306330093634,0.2546857421857957,0.448478420145445,0.15325221286391838
3897,0.5895358142889692,0.24837131836982226,0.44311202686779116,0.14642378742117798
3898,0.5911185227311467,0.23019079925793848,0.4550484775274922,0.13607004520365454
3899,0.5903592386696872,0.2404031795090198,0.44843500064097014,0.14192423802871706
3900,0.577988613741498,0.24685118950106671,0.43531143692133667,0.14267717682016137
3901,0.6146011759268963,0.23861884920816237,0.467945750605237,0.14665542532165934
3902,0.6294012149790558,0.24353756662222176,0.47611837465398665,0.15328284032506911
3903,0.622846307745827,0.23727994176607697,0.47505737211468113,0.1477889356311459
3904,0.6126730141037542,0.23975301863503487,0.4657828095361538,0.14689020456760035
3905,0.5796903263473221,0.22492232510780397,0.44930503030278074,0.13038529604454135
3906,0.5766648116653971,0.19878461054221658,0.46203272166509046,0.11463209000030662
3907,0.5839535407775162,0.20661913985306263,0.4632975624679154,0.12065597830960072
3908,0.6011567564160775,0.25179998931298675,0.4497854915750794,0.15137126484099808
3909,0.5886308398341766,0.24318605924077716,0.44548402554731414,0.1431468142868625
3910,0.5682283605310963,0.23181254212135521,0.4365058997709329,0.13172246076016336
3911,0.5817058689892267,0.22553362120904463,0.45051163787753234,0.1311942311116944
3912,0.5805296323013324,0.200849944811612,0.46393028769210437,0.11659934460922801
3913,0.5860860795450359,0.19304568910787498,0.47294468844273163,0.11314139110230428
3914,0.5815913857897896,0.19766086195521565,0.4666335311688515,0.11495785462093817
3915,0.5619607795849054,0.19698855647583763,0.45126093681843854,0.11069984276646688
3916,0.5356270732154116,0.2152217915417672,0.4203484549197174,0.11527861829569419
3917,0.5391994275676821,0.22442383295535087,0.41819022530561184,0.1210092022620703
3918,0.5554632015621296,0.2128262780940642,0.43724603575544857,0.11821716580668103
3919,0.5902078271702422,0.19331998648127932,0.47610885800054575,0.11409896916969647
3920,0.615790572623199,0.1925998607675707,0.49718939407398827,0.11860117854921078
3921,0.6061072433897811,0.1978055297871377,0.4862158790032438,0.11989136438653726
3922,0.6123293433509176,0.21078071564549386,0.48326212614867586,0.12906721720224174
3923,0.6333832397535211,0.1962618137355349,0.5090742963298058,0.12430894342371519
3924,0.6161307858809832,0.19613006956070264,0.4952890119876556,0.12084177389332763
3925,0.6142490472337645,0.21980387689663125,0.47923472527172106,0.1350143219620434
3926,0.6025658847140619,0.2367139670392507,0.4599301237408805,0.1426357609731814
3927,0.6183594239869163,0.23688991826301425,0.47187631058149115,0.1464831134054252
3928,0.5682059184156987,0.21720640248013814,0.4447879550087019,0.12341796340699679
3929,0.5640740731527244,0.2274149586951982,0.43579519110566534,0.12827888204705903
3930,0.5854934492482691,0.2481504781204162,0.44020296988093943,0.1452904793673296
3931,0.573313665656315,0.274938092045904,0.4156879002769245,0.15762576537939058
3932,0.5745342995844797,0.27463761296513534,0.4167455709800022,0.15778872860447743
3933,0.5404218675285566,0.19724686829895136,0.43382534659827804,0.10659652093027853
3934,0.5536349834364247,0.1929162919032464,0.4468297753639544,0.10680520807247029
3935,0.5504176992451131,0.23377136849259464,0.4217458004500376,0.12867189879507546
3936,0.5781014263293891,0.24752160431873457,0.43500883382538996,0.14309259250399914
3937,0.5899026371796263,0.2404352364708575,0.4480692571145604,0.1418333800650659
3938,0.5397652161882882,0.2310044255941206,0.41507706246702636,0.12468815372126184
3939,0.5380761901174322,0.2228103768999048,0.4181872313965023,0.1198889587209299
3940,0.5101974829658299,0.24699512734922105,0.3841811906874327,0.1260162922783972
3941,0.4980745153105836,0.2509519469852687,0.3730817459496486,0.12499276936093498
3942,0.5419905501179539,0.25616674134761425,0.4031505970530369,0.13883995306491706
3943,0.5774192756345684,0.2730785806589865,0.41973843939914035,0.15768083623542806
3944,0.5828087593470541,0.31307434786457566,0.40034628708471276,0.18246247226234139
3945,0.5847137447516865,0.31209399525634246,0.40222809607083543,0.18248564868085107
3946,0.612184796277668,0.2826624975667888,0.43914311278940654,0.17304168348826143
3947,0.5746909015193027,0.2681142798895853,0.42060806429935826,0.15408283721994442
3948,0.5494393773338299,0.2953001823101839,0.387189829038756,0.16224954829507388
3949,0.5745698274894777,0.29952089468076815,0.40247415870325476,0.17209566878622298
3950,0.5417198338248853,0.23849308365977917,0.4125234001763253,0.12919643364856004
3951,0.5497695920791341,0.23072293711880307,0.4229251370560301,0.12684445502310407
3952,0.5420313604496012,0.274923555513385,0.3930141716350397,0.14901718881456152
3953,0.5711421264697617,0.28726848810544103,0.40707099130546665,0.16407113516429503
3954,0.5910081274485749,0.29437169923526607,0.41703206070968524,0.17397606673888968
3955,0.5937111319983335,0.2899047398176166,0.42159146074953396,0.1721196712487995
3956,0.5902271183029995,0.30144465749113597,0.4123063067841716,0.17792081151882785
3957,0.5751800382568342,0.29914567582653484,0.40311741699056136,0.1720626212662728
3958,0.5473373999439355,0.2850188090007321,0.3913359460903576,0.1560014538535779
3959,0.5930841972178948,0.2877185039324989,0.422442899288355,0.17064129792953986
3960,0.5962837831647582,0.27966139921610417,0.4295262260350299,0.1667575571297283
3961,0.632762964139843,0.24836307030981203,0.47560801158773414,0.1571549525521089
3962,0.6265251465626458,0.22497448374103735,0.4855729751639368,0.140952171398709
3963,0.5986581577222388,0.2259040939920618,0.46341882899103964,0.1352393287311992
3964,0.5860919314414584,0.20828010162848423,0.46402064439719687,0.12207128704426158
3965,0.5930074544699729,0.22244687467089402,0.46109479956658495,0.13191265490338797
3966,0.5898871864008307,0.25700742786657715,0.43828179789250105,0.15160538850832966
3967,0.5636730933399037,0.2555861803797536,0.41960604043031735,0.14406705290958632
3968,0.5444816702343493,0.26897073509920955,0.398032035143371,0.14644963509097836
3969,0.552731488977252,0.27931756198900665,0.3983438770415725,0.15438761193567954
3970,0.5614647532643819,0.24575443282271972,0.4234823012759455,0.13798245198843645
3971,0.5635341487228,0.22503907081485144,0.4367169475217828,0.12681720120101722
3972,0.560680209651466,0.23441980042786845,0.4292456668011139,0.1314345428503521
3973,0.563824604840744,0.24379410137171312,0.4263674919723336,0.13745711286841045
3974,0.564300221614907,0.2527714354424303,0.4216612445768254,0.1426389770380816
3975,0.5662357746550745,0.2506992263210961,0.42428090403372076,0.14195487062135367
3976,0.5337320132308749,0.28072781239437045,0.3838985927517282,0.14983342047914672
3977,0.5023788234305715,0.259925431223336,0.371797791112908,0.13058103231766346
3978,0.5316261892291095,0.2283716370362158,0.41021784610353274,0.12140834312557677
3979,0.5818421587507628,0.23375283923200357,0.4458349021578939,0.13600725659286897
3980,0.5893309100531289,0.22400446747943437,0.4573181533775073,0.13201275667562157
3981,0.6057109706514012,0.2049730614465385,0.48155653864522907,0.12415443200617216
3982,0.599878700034607,0.22429840320179636,0.46532686550207525,0.13455183453253172
3983,0.6026627318726722,0.25084721832739226,0.45148646199282527,0.15117626987984686
3984,0.6059185868149445,0.24837794836275426,0.45542177134698913,0.15049681546795532
3985,0.6336036606013659,0.22308212158982163,0.49225801174733586,0.14134564885402998
3986,0.6375026462947472,0.21644562823730013,0.4995179855145393,0.13798466078020788
3987,0.6136755086927551,0.228515389960123,0.47344121051485333,0.14023429817790178
3988,0.6131548402261361,0.23651752149600339,0.4681329771225724,0.14502186310356366
3989,0.6167029210231864,0.23141236051789343,0.4739902423309308,0.14271267869225557
3990,0.5991854402986694,0.22896418485536604,0.46199343438348095,0.13719200591518843
3991,0.5965193584167999,0.22815859419515558,0.4604183401902267,0.13610101822657322
3992,0.5878604574952047,0.24272598191149455,0.44517145072274067,0.14268900677246396
3993,0.5929047985945164,0.24531827211923327,0.4474544178721076,0.14545038072240876
3994,0.5899478970101554,0.2635546193532434,0.4344644035753974,0.15548349343475795
3995,0.6016382368515332,0.2680919581486863,0.4403438638368825,0.16129437301465063
3996,0.5908729533471618,0.2794471833991763,0.42575517078754455,0.16511778255961726
3997,0.6108731187762536,0.2658763851579681,0.4484563821658492,0.1624167366104044
3998,0.6012753142656116,0.259833661251892,0.4450437479395958,0.15623156632601584
3999,0.621956654906576,0.2856762161426485,0.44427843112812637,0.17767822377844963
4000,0.5856388700508566,0.2586195284239496,0.43418122165156936,0.15145764839928721
4001,0.5871908990912338,0.24640883764352803,0.4425018721713047,0.14468902691992908
4002,0.593704978220352,0.23905198252028406,0.4517786261446147,0.1419263520757372
4003,0.5815302542734654,0.2321832095051327,0.4465086934119163,0.1350215608615491
4004,0.5889018164562845,0.21890563031258622,0.45998789313269456,0.12891392332358992
4005,0.5444866640462079,0.16918406097329428,0.4523681990770687,0.09211846496913924
4006,0.5660849103472446,0.14308595772593838,0.48508610879600716,0.08099880155123747
4007,0.5611798950968891,0.14942547843907344,0.47732532078164747,0.08385457431524171
4008,0.5794828481081064,0.18460450872360504,0.47250770161935396,0.1069751464887524
4009,0.5590324574982004,0.2371413309092532,0.4264627565056066,0.13256970099259377
4010,0.5362448103706406,0.23337609175322063,0.4110980923033936,0.12514671806724703
4011,0.5469513729054647,0.22784092605400935,0.4223334655961718,0.12461790730929288
4012,0.48750905061439737,0.2502248837227082,0.3655221551106419,0.12198689550375544
4013,0.5172007470183835,0.2342217262160873,0.3960610952514878,0.12113965176689565
4014,0.5504534081288568,0.23082755683480158,0.42339359277908284,0.12705981534977392
4015,0.5864926618140025,0.23769173216113726,0.44708820512763614,0.13940445668636633
4016,0.5729479694397017,0.1997496008554148,0.4585018412332009,0.11444612820650081
4017,0.5983491237480737,0.14367479493704366,0.5123814360928094,0.08596768765526425
4018,0.6522248621083138,0.15623951901864672,0.5503215633605076,0.10190329874780611
4019,0.6597590667357738,0.15859215481164188,0.5551264546856296,0.10463261205014421
4020,0.6296161906946017,0.1687492585782894,0.5233689253260008,0.10624726536860092
4021,0.6332040446373628,0.16575918570238032,0.5282446578148199,0.10495938682254294
4022,0.645814920227012,0.16975847797567062,0.5361823623152954,0.10963255791171671
4023,0.6186015921970351,0.17481473314619872,0.5104609199332968,0.10814067226373834
4024,0.6112813993167268,0.17552207434167058,0.5039880201021758,0.10729337921455093
4025,0.5812960274757837,0.18515399329321303,0.47366674670316106,0.10762928077262263
4026,0.542162543756906,0.2014241026749626,0.43295793987669606,0.10920460388020994
4027,0.5213799369970483,0.21101641688833264,0.41136021085446656,0.11001972614258175
4028,0.5245228173967291,0.2331154628731305,0.4022484380317721,0.12227437936495703
4029,0.5215528354045699,0.23302778665600338,0.4000165325460801,0.12153630285848975
4030,0.5251687274106485,0.22358831575960098,0.4077471361592886,0.11742159125135988
4031,0.5264557419897075,0.22337536427022836,0.4088584988506032,0.11759724313910426
4032,0.5710052960248364,0.23284677653425037,0.43804855346146787,0.13295674256336856
4033,0.5880404299688932,0.22174667261664693,0.4576444212592287,0.13039600870966445
4034,0.5932040289275066,0.21961329560503096,0.46292853716855475,0.13027549175895184
4035,0.565814561143153,0.22486755428739874,0.4385812245986943,0.12723333654445865
4036,0.5594458847938428,0.22234984347721515,0.4350531798759597,0.1243927049178831
4037,0.5708909682718737,0.22694454501074374,0.44133037722667035,0.12956059104520332
4038,0.577061806942019,0.21675698423760986,0.4519796299505612,0.12508217699145788
4039,0.5668172292014079,0.19620591833159343,0.45560433421977636,0.1112128949816315
4040,0.5788282324658299,0.18731050898520363,0.47040762162764954,0.10842061083818037
4041,0.5732313496141058,0.19494960559503816,0.46148012409212447,0.11175122552198136
4042,0.6203327570285877,0.19590687303377302,0.4988053063586978,0.1215274506698899
4043,0.5459209865630725,0.233245537033258,0.41858735287444265,0.12733363368862988
4044,0.5453028368864429,0.22239433448494675,0.4240305753843289,0.12127226150211394
4045,0.56072603469639,0.21335902302125767,0.4410900757509844,0.11963595894540562
4046,0.5474640686700986,0.20380450879860892,0.4358884230699012,0.11157564560019734
4047,0.5909047799489495,0.20010101753881993,0.4726641322126123,0.11824064773633727
4048,0.6114314908978795,0.21910763143178072,0.4774621851444427,0.13396930575343677
4049,0.600616945254317,0.2004458785453356,0.4802257539935997,0.1203911912607173
4050,0.5596520038150941,0.21328273781575463,0.44028789221733766,0.11936411159775642
4051,0.5453299761887841,0.20894774931387156,0.4313845050307505,0.1139454711580336
4052,0.5558147014605052,0.19789345540981007,0.4458226096209138,0.10999209183959137
4053,0.5644852707551772,0.19836155802915983,0.4525130929636681,0.11197217779150909
4054,0.5678889940936387,0.20660373226140544,0.4505610084037177,0.11732798568992098
4055,0.5674299616560157,0.19025594555756314,0.4594730377634586,0.10795692389255707
4056,0.5282274642082014,0.19407444029970225,0.42571201474106374,0.1025154494671377
4057,0.5295851273325002,0.19420652762849847,0.4267362386695591,0.10284888866294108
4058,0.5458369206841819,0.18893560433496473,0.44270889220637977,0.10312802847780211
4059,0.5648570405233709,0.1869880833264534,0.459235505162453,0.10562153536091794
4060,0.5385189617524415,0.20318349413520043,0.4291007974455201,0.10941816430692143
4061,0.5156894030263035,0.21790871941615944,0.40331618559635796,0.11237321742994553
4062,0.5559651144478948,0.21691211453137266,0.4353695458673253,0.12059556858056945
4063,0.568852286133126,0.1435737917388808,0.48718000647366233,0.08167227965946366
4064,0.5798421217069418,0.14388537512165017,0.496411320513805,0.08343080119313685
4065,0.6017645274747984,0.13861372602887606,0.5183517041295106,0.08341282334528775
4066,0.585438231331356,0.10031598799832188,0.5267094167433609,0.058728814587995094
4067,0.5826683547596415,0.0933549824644709,0.5282733607184531,0.054394994041188444
4068,0.5793538509389403,0.10166536783348024,0.5204536285774897,0.05890022236145064
4069,0.5599969355367145,0.1226026120538697,0.4913398484977508,0.06865708703896369
4070,0.561458907625869,0.16016984838300977,0.4715301195181433,0.08992878810772573
4071,0.5532574050765429,0.16677817050958949,0.46098614723699416,0.09227125783954869
4072,0.5723223774815045,0.16306488176013992,0.4789966966688008,0.09332568081270369
4073,0.5363160126157215,0.19269448974557576,0.43297087222235325,0.10334514039336823
4074,0.5347262701579985,0.17838143581447108,0.43934103031949795,0.09538523983850052
4075,0.5001829030527529,0.17185916681539176,0.41422188607880295,0.08596101697394999
4076,0.5005007336452807,0.17075311673786628,0.41503867344576034,0.08546206019952034
4077,0.5352548958069867,0.1653786096909038,0.4467351853081777,0.08851971049880902
4078,0.5684513204631809,0.17209986297086802,0.4706209261058585,0.09783039435732242
4079,0.5625597820606987,0.16745514474476197,0.4683562523281426,0.09420352973255605
4080,0.5108707449258586,0.18783095555932117,0.41491340473913235,0.09595734018672625
4081,0.5256330784456382,0.17166870036524878,0.43539833099989067,0.09023474744574758
4082,0.5157335950071389,0.17728391321353593,0.4243023251085884,0.0914312698985505
4083,0.5209828516065281,0.15801458889069062,0.4386599604908229,0.08232289111570522
4084,0.5056085527266991,0.17115151747976862,0.419072881676775,0.08653567104992416
4085,0.5068296705164339,0.18658119253415467,0.41226478617978496,0.09456488433664893
4086,0.50716489684606,0.19883588147256878,0.40632231752972925,0.10084257931633077
4087,0.5235085362853183,0.20016189492045428,0.41872207565541564,0.10478646062990271
4088,0.533884861921838,0.20984894127766401,0.4218496888833685,0.11203517303846955
4089,0.5667281936661897,0.20657292893542958,0.4496574907902795,0.11707070287591016
4090,0.591020772180707,0.20167130532012437,0.47182884158371596,0.11919193059699104
4091,0.5873696537757147,0.20493239147139702,0.466998585949731,0.1203710678259837
4092,0.5559224564058598,0.21183329665836884,0.4381595697789882,0.11776288662687162
4093,0.5342786740501643,0.22122108559357326,0.41608496576729204,0.11819370828287222
4094,0.5209746950471591,0.22099780793133272,0.4058404294540424,0.11513426559311671
4095,0.49893561105549505,0.19089021351200317,0.40369368573236986,0.09524192532312521
4096,0.46163426153699,0.17310563235476412,0.3817227707770048,0.07991149075998522
4097,0.4820740547524676,0.20794404236792882,0.3818296270865412,0.10024442766592637
4098,0.4589117579667174,0.1905245647240865,0.3714777950333432,0.08743396293337416
4099,0.5083954360438515,0.23715821860809255,0.38782528008320727,0.12057015596064427
4100,0.5030103366228297,0.23373943736019817,0.3854369835542456,0.11757335306858409
4101,0.48376137091210514,0.1846132283130685,0.3944526224948657,0.08930874841723949
4102,0.45993501392175623,0.186078224303264,0.3743511232362988,0.08558389068545741
4103,0.47902198813559616,0.13533655928092034,0.4141928004414187,0.06482918769417743
4104,0.4923611805210631,0.10549486867641188,0.44041960244063044,0.05194157808043267
4105,0.5351568623990332,0.12376049949723292,0.4689255817991569,0.06623128059987629
4106,0.5307623938219977,0.10029032761266554,0.477532059461107,0.053230334360890766
4107,0.5728468645245597,0.10164073659129343,0.5146222872602706,0.05822457726428912
4108,0.5709777209216709,0.11200507068367353,0.5070253209310362,0.06395239999063457
4109,0.5738758082936314,0.11973954344651969,0.5051601810135495,0.06871562728008188
4110,0.5293379063610143,0.09281371379967307,0.48020808941670495,0.049129816944309325
4111,0.5706078932331415,0.1280446543318728,0.49754460278506574,0.07306329044807577
4112,0.5410099525804247,0.10889499482292431,0.48209667659502886,0.05891327598539588
4113,0.5327400880008675,0.14207437857392152,0.457051371056728,0.0756887169441395
4114,0.4974285701272123,0.12438354393653103,0.43555664171950836,0.06187192840770392
4115,0.523698896137989,0.15048092582338124,0.4448922013944617,0.07880669474352736
4116,0.5203839102079326,0.13031098554251053,0.4525721700082716,0.067811740199661
4117,0.5521455480103701,0.11676244903610097,0.48767568160029917,0.06446986641007088
4118,0.514924446795585,0.09484133091543043,0.4660883269406,0.04883611985498503
4119,0.5138938045046905,0.11062707724476435,0.45704323489814425,0.05685056960654622
4120,0.484797384366807,0.09781002079368974,0.43737934212116325,0.04741804224564379
4121,0.487576262816319,0.14809727590917332,0.415367546495247,0.072208716321072
4122,0.5245661477885712,0.1419981644039797,0.4500787176941274,0.07448743009444385
4123,0.503223235713655,0.12157981069727564,0.4420414499771183,0.061181785736536695
4124,0.5050309033648754,0.1240536615718675,0.44237997059551465,0.06265093276936078
4125,0.48403191673971635,0.12997634158569799,0.4211192189911749,0.0629126977485415
4126,0.4749271741778216,0.14787410565176698,0.40469774304655526,0.07022943113126633
4127,0.45218467386294364,0.13840664558540272,0.3895993099684443,0.06258536389449935
4128,0.502694869767915,0.1591886630398397,0.42267154553257424,0.08002332423534073
4129,0.5229178306712272,0.14599392264415406,0.44657500535096323,0.076342825320264
4130,0.5085398837414967,0.16305648758998492,0.425619156499189,0.08292072724230773
4131,0.4954908220626746,0.14800477625743022,0.42215581380567824,0.07333500825699632
4132,0.5045672220513707,0.13847898655302204,0.4346952644938233,0.06987195755754745
4133,0.5172827148705026,0.15015253014465432,0.4396114064326008,0.07767130843790176
4134,0.5198540822893525,0.12980203136566537,0.45237596639446076,0.06747811589489172
4135,0.5090331456930347,0.11323700507369802,0.45139175679151206,0.057641388901522636
4136,0.49461930226743067,0.11290857908846717,0.438772539658686,0.055846762608744646
4137,0.508525568773293,0.06455648283637078,0.47569694662092427,0.03282862215236878
4138,0.5657678249465917,0.09393377179381363,0.5126231191897763,0.053144705756815444
4139,0.5273250484874851,0.10375998915694036,0.47260980717424056,0.0547152413132445
4140,0.510289663976728,0.11350645474839889,0.4523684933239779,0.057921170652750154
4141,0.5674077528354878,0.1021087125497567,0.5094704777027056,0.057937275132782226
4142,0.5254082760598099,0.11301477909707096,0.4660293758051376,0.05937890025467229
4143,0.5416335187281272,0.12350463040904595,0.4747392711804587,0.06689424754766841
4144,0.5619255305323589,0.14727191856873895,0.47916967955810197,0.082755850974257
4145,0.572535827143216,0.19122496575158204,0.46305268320620085,0.10948314393701518
4146,0.5815517394293274,0.21132557031985558,0.4586549864239207,0.12289675300540664
4147,0.5512043395080605,0.2380715393415898,0.41997827390961223,0.13122606559844824
4148,0.5708054588183971,0.2061736265041248,0.45312042734545727,0.11768503147293978
4149,0.557825878709833,0.13159177154969828,0.484420583114139,0.07340529559569405
4150,0.5008066277758846,0.11030895859970301,0.44556317020609765,0.05524345756978693
4151,0.5115715261684993,0.10448592416264595,0.45811950248148847,0.053452023687010866
4152,0.5356770229737093,0.14694848347199366,0.45696009681693045,0.07871692615677889
4153,0.5368124235473688,0.15336526795663874,0.45448404236757395,0.08232838117979487
4154,0.5151815578925565,0.1321283998833178,0.44711144299881816,0.06807011489373833
4155,0.5076146085028126,0.12440699651448338,0.44446379967210237,0.06315080883071025
4156,0.5333391938573273,0.14238278951517672,0.45740087167814547,0.07593832217918187
4157,0.5328033993974208,0.1784915628788959,0.4377024879317866,0.09510091146563422
4158,0.5152538368735626,0.18551713504884834,0.41966542123385264,0.09558841563970999
4159,0.5055266207949811,0.20140494692316882,0.40371105856551903,0.10181556222946206
4160,0.5033412357331276,0.21288278140282246,0.3961885534755257,0.10715268225760194
4161,0.5127186205223485,0.22241657398526923,0.3986815015273144,0.1140371189950341
4162,0.5522479355466631,0.23153499560006743,0.4243832122197201,0.12786472332694296
4163,0.5518024890307756,0.2626212031635073,0.4068874554528953,0.1449150335778803
4164,0.54460085963212,0.23541125737537952,0.4163956864984101,0.12820517313370994
4165,0.5467702452216645,0.22924564549072002,0.42142554742070476,0.12534469780095975
4166,0.5101887722059869,0.22613059750901113,0.3948194803046583,0.1153692919013286
4167,0.48160550741361835,0.22402764866067215,0.3737125580057155,0.10789294940790282
4168,0.468851800669531,0.2295276452463608,0.36123735089233744,0.10761444977719359
4169,0.49263880917591457,0.24434824936265645,0.37226337858567604,0.1203754305902385
4170,0.5136400918281049,0.24859535485083442,0.38595155093448197,0.12768854089362291
4171,0.5237721684995646,0.23941276572887937,0.3983744250272713,0.1253977434722934
4172,0.5229475969188593,0.2281406973336772,0.40364196748882,0.11930562943003929
4173,0.5175795694506933,0.2307166895414704,0.39816532461272974,0.11941424483796352
4174,0.5382919967582146,0.24880849646779207,0.4043603743841576,0.13393162237405698
4175,0.5850108095976396,0.29280375342661796,0.4137174487523062,0.17129336084533342
4176,0.5810716132055085,0.329360381681235,0.38968964489601127,0.19138196830949722
4177,0.5765122991493377,0.29500901471017776,0.4064359738089923,0.17007632534034536
4178,0.5690436687785413,0.2605134710783876,0.42080012742986317,0.1482435413486781
4179,0.5764650981152514,0.246222434273324,0.43452645838370363,0.14193863973154774
4180,0.5580231106233489,0.2323541885512804,0.42836410356159926,0.1296590070617496
4181,0.5647025339869974,0.2558980673474113,0.42019624691353896,0.14450628707345847
4182,0.5735971554692952,0.25488603863205284,0.42739524874111284,0.1462019067281824
4183,0.5738452087427575,0.29890940376191666,0.4023174795458272,0.17152772919693024
4184,0.553746444441001,0.318706188326683,0.3772640258337562,0.17648241860724476
4185,0.5719282783654441,0.30369663079389564,0.39823558717010543,0.17369269119533867
4186,0.5734632536009033,0.3137276861048923,0.39355195398250886,0.17991129961839447
4187,0.5675932406552208,0.30793514130791544,0.3928113358886377,0.17478190476658306
4188,0.56753355634307,0.2907212954669976,0.4025394656220204,0.1649940907210496
4189,0.5984127947241125,0.29132014806615336,0.4240830907604034,0.1743297039637091
4190,0.543804852905562,0.24708810286863547,0.4094371434703693,0.1343677094351927
4191,0.5386628234594321,0.22402210698548,0.41799044279330244,0.12067238066612962
4192,0.5404233615418939,0.24972789460092581,0.40546457327088176,0.1349587882710121
4193,0.5357908134225541,0.26259719453289504,0.39509364896129356,0.14069716446126052
4194,0.5288500006794588,0.28701146754921136,0.37706398587104584,0.1517860148084129
4195,0.5284924431245931,0.2952552194376554,0.37245229085869874,0.15604015226589435
4196,0.543555351551819,0.33299924487974236,0.36255182993472035,0.18100352161709862
4197,0.5546762192418436,0.3165368309376711,0.3791007666065416,0.17557545263530205
4198,0.5483158378768628,0.2840320867355118,0.39257654625456684,0.1557392916222959
4199,0.5605705396606164,0.29457284163868136,0.3954416828538595,0.1651288568067569
4200,0.5536037363170656,0.33035578239230523,0.37071754087073794,0.18288619544632764
4201,0.6133964624962216,0.3555468042981225,0.39530531048791684,0.21809115200830476
4202,0.6156629514431953,0.3437140226493848,0.4040509618064618,0.2116119896367335
4203,0.6193354687700553,0.3045322407546392,0.4307278506866855,0.18860761808336982
4204,0.596349493843851,0.2834276504875222,0.42732755793426525,0.1690219359095858
4205,0.5818458542966963,0.29371668701613696,0.4109480176185968,0.17089783667809957
4206,0.6142600286135257,0.2880917748494511,0.43729676675118045,0.17696326186234523
4207,0.6254078391075302,0.2681934741259812,0.457677537991659,0.1677303011158712
4208,0.6179294492764006,0.27878351240419436,0.4456609069891362,0.1722685422872644
4209,0.6251067713271241,0.29555849055866895,0.4403511575556763,0.18475561377144784
4210,0.6108570074125209,0.28688247378353815,0.4356128379980078,0.1752441694145131
4211,0.6072570815866724,0.28234087702888233,0.43580358458949175,0.17145349699718063
4212,0.6071497971109613,0.30567484465298284,0.42155937719797815,0.18559041991298314
4213,0.6171010009206997,0.2983234862457935,0.43300527896026797,0.18409572196043178
4214,0.6223262525543485,0.2963680762038308,0.43788861831367687,0.1844376342406716
4215,0.6146016064710766,0.30820999273690336,0.42517524980453697,0.18942635666653967
4216,0.6003701804844408,0.3037944016923722,0.41798108071022855,0.18238909977421222
4217,0.5710791327246996,0.2916316353561201,0.40453439133044067,0.1665447413942589
4218,0.592041603946726,0.2987134713882402,0.4151908012255378,0.1768508027211882
4219,0.5849474337446174,0.28844752077224345,0.41622079669889644,0.16872663704572102
4220,0.5761755450136624,0.25928538749272356,0.42678164556096376,0.14939389945269865
4221,0.5474478195071967,0.23359422766190072,0.4195671689242214,0.12788065058297524
4222,0.5702098172155321,0.20043059853356265,0.45592232226130963,0.11428749495422245
4223,0.5793772833059526,0.19722216292420575,0.46511124234320234,0.1142660409627503
4224,0.5873474723648309,0.19672597068965747,0.47180097073174276,0.11554650163308812
4225,0.5910927689299903,0.20952517373060986,0.46724395382902684,0.12384881510096345
4226,0.5759210745042246,0.24895942448333808,0.43254009524782716,0.14338097925639742
4227,0.5459786876185138,0.24810426145976017,0.41051904855415333,0.13545963906436045
4228,0.5712538536858123,0.2525032158027491,0.42701041859043154,0.1442434350953807
4229,0.539645159193931,0.24217545815959268,0.4089563455225344,0.13068881367139656
4230,0.543098139039465,0.2660580740121031,0.3986024941670676,0.14449564487239744
4231,0.5840609636781876,0.26627225392382603,0.42854173445067467,0.1555192292275129
4232,0.5735271034279984,0.28087705140335617,0.4124365017172345,0.1610906017107639
4233,0.5614951551904708,0.30909223018841236,0.38794136543265945,0.17355378975781133
4234,0.571709108598886,0.3534866286711729,0.3696175832196643,0.2020915253792217
4235,0.5823410687160286,0.3698715121254169,0.3669496970572998,0.21539137165872885
4236,0.5814295139441364,0.34271450378421514,0.38216518658727433,0.19926432735686211
4237,0.5875928881797143,0.33349343509125917,0.3916345174654673,0.19595837071424707
4238,0.5998300298936636,0.33867788172035657,0.39668086597701946,0.20314916391664414
4239,0.6192274652605315,0.35632356620195543,0.39858212654870145,0.22064533871183006
4240,0.6268988957076451,0.342080239445512,0.4124491713558468,0.21444972435179832
4241,0.5926879058309443,0.3469790116325563,0.3870376420591537,0.20565026377179066
4242,0.5909489825682314,0.37246893110486545,0.37083884669353445,0.2201101358746969
4243,0.5875709962597285,0.3563772955817772,0.3781740336503959,0.20939696260933258
4244,0.6012672073940448,0.35572473827731943,0.3873815874090635,0.21388561998498135
4245,0.5910069285582542,0.36561346083521407,0.37492684003048077,0.21608008852777344
4246,0.5646433564403658,0.3068460436669952,0.39138477643378655,0.1732585800065792
4247,0.5612790355290505,0.30810990612116473,0.38834340458441685,0.17293563094463363
4248,0.5623388752235946,0.33853823190870225,0.3719656666718706,0.19037320855172404
4249,0.5733892779754471,0.3311294243602893,0.3835232164250754,0.18986606155037172
4250,0.6063640305773518,0.34599622115179357,0.39656436735521744,0.20979966322213434
4251,0.6123853589009879,0.3650587970292108,0.3888286964622918,0.22355666243869612
4252,0.6371986590743558,0.38566312557661303,0.3914546326025131,0.2457440264718427
4253,0.609588139519712,0.36550733300807814,0.38677920441050584,0.22280893510920619
4254,0.6090522770989073,0.3670816897068778,0.38548033810161886,0.22357193899728847
4255,0.6050892080332447,0.37188331452218976,0.38006662776823485,0.22502258026500985
4256,0.6038113829441129,0.36554756097905566,0.38308960461750186,0.22072177832661102
4257,0.5904828423968878,0.36615152319595906,0.37427665023218787,0.21620619216469988
4258,0.6045173839091486,0.36591253290930964,0.3833168967752425,0.22120048713390608
4259,0.6093741292744587,0.3635534757600985,0.38783404653844566,0.22154008273601303
4260,0.6205285046911052,0.3566444200572366,0.39922047600656174,0.22130802868454344
4261,0.6270488170736568,0.3211491901356501,0.42567259729493456,0.20137621977872225
4262,0.5973072417509097,0.3125828938108945,0.41059921563020674,0.1867080261207029
4263,0.5807154082352232,0.29941561884544066,0.4068401449053911,0.17387526332983205
4264,0.6176315842941263,0.29596271283125025,0.43483566507617366,0.18279591921795266
4265,0.5912622072141374,0.28987256207663487,0.4198715163498892,0.17139069086424819
4266,0.5841522187687818,0.2861668742046499,0.41698720426400865,0.1671650145047731
4267,0.5804955195600106,0.3110271421350862,0.39994565708903845,0.1805498624709721
4268,0.5263168755964739,0.30472749438686125,0.36593365284243906,0.16038322275403485
4269,0.5428045802499428,0.2920158698325943,0.3842970285991395,0.1585075516508033
4270,0.5261073249879159,0.28547589151448677,0.3759163673546888,0.15019095763322712
4271,0.5381081700380052,0.29836110271253186,0.37755762304684337,0.1605505469911618
4272,0.528249886798921,0.3193245830765548,0.35956671193661827,0.16868317486230275
4273,0.5556005262567548,0.2961905958430361,0.3910368753340622,0.16456365092269262
4274,0.5603727681901352,0.30948167688866624,0.38694766420790827,0.17342510398222688
4275,0.5977301023446371,0.32457754540204714,0.4037203329127004,0.19400976943193673
4276,0.5957474423893439,0.3106432326197352,0.4106825310605786,0.18506491132876524
4277,0.6124837959441104,0.3017926017717991,0.42764071762306965,0.18484307832104077
4278,0.6221068140731524,0.3272071985257555,0.4185489862564931,0.20355782781665926
4279,0.6376790505083834,0.3251759241851435,0.430321175925815,0.20735787458256838
4280,0.5716573795917317,0.27701853140321026,0.4132976918314227,0.158359687760309
4281,0.580809062608357,0.2607130201750993,0.42938457775066385,0.15142448485769308
4282,0.5418567944343301,0.25848381776852336,0.4017955815251305,0.1400612129091996
4283,0.6161427845465286,0.24802610778090836,0.4633232878581623,0.1528194966883663
4284,0.6150312737930729,0.2529285578062238,0.4594723007068662,0.1555589730862067
4285,0.6198286090678308,0.23596401090901548,0.47357136439602926,0.1462572446718015
4286,0.6067053956659765,0.23048521187411453,0.4668687740007354,0.13983662166524108
4287,0.6177510978516142,0.2222920138943479,0.4804299622247345,0.1373211356268797
4288,0.6090437380561037,0.2564816434109121,0.4528351992103491,0.15620853884575456
4289,0.6401563307570718,0.29253617125863157,0.45288744875042386,0.18726888200664796
4290,0.6293643328624208,0.30188178033326535,0.43937070757965535,0.1899936252827654
4291,0.5989730873981938,0.31243788962448366,0.4118312000296407,0.18714188736855306
4292,0.6119817705411307,0.2897786181727184,0.43464253872682823,0.17733923181430244
4293,0.6015616446689163,0.22979096541474456,0.4633282135839645,0.13823343108495179
4294,0.6181416655041306,0.215564379987239,0.4848923406354534,0.13324932486867722
4295,0.614421626738213,0.22437085903939877,0.47656331853457534,0.13785830820363768
4296,0.6064815840323956,0.21134632543059348,0.4783039298058231,0.1281776542265725
4297,0.5935373261939202,0.20002012826246687,0.47481791408005064,0.11871941211386955
4298,0.571527864893442,0.2339769245500876,0.4378035327709965,0.13372433212244553
4299,0.5648657561643834,0.2522729199312209,0.4223654224876373,0.14250033367674605
4300,0.5570703194813239,0.23316552163795942,0.4271807278504363,0.1298895916308876
4301,0.5537121025350297,0.1893567355987079,0.44886298633749944,0.10484911619753025
4302,0.5944070617339798,0.21484796469027156,0.4666999143229097,0.12770714741107017
4303,0.60000235757983,0.24649293751869114,0.4521060139418376,0.14789634363799242
4304,0.5858539987097131,0.24265764152678845,0.44369204910377597,0.14216194960593714
4305,0.5767956556688435,0.1828334194651895,0.47133813361024285,0.10545752205860066
4306,0.5661266662490322,0.14291865224059053,0.4852166061112619,0.08091006013777029
4307,0.5511860686648841,0.12443957850761886,0.48259670660095444,0.06858936206392964
4308,0.5550319070584798,0.15270308007729627,0.47027682530947434,0.0847550817490055
4309,0.5891105880802558,0.15892273893159595,0.49548751988893835,0.09362306819131747
4310,0.5938815988325019,0.155591608919366,0.5014786053625475,0.09240299346995444
4311,0.5640789853614419,0.16535424841541266,0.4708061286900721,0.09327285667136978
4312,0.5708574763151839,0.20041544819339221,0.45644881934492754,0.11440865697025636
4313,0.5856632950474892,0.20269415316918457,0.4669527694155641,0.1187105256319251
4314,0.6121491149287266,0.21060879391809986,0.4832251281355552,0.1289239867931714
4315,0.5013907594559437,0.17726580240403508,0.4125113241630173,0.0888794352929264
4316,0.5895669241097916,0.19618921307193887,0.4739002532154481,0.11566667089434352
4317,0.5653669057103359,0.2061834741272187,0.4487975929344231,0.11656931277591273
4318,0.5313697443491937,0.13182005916519846,0.4613245532104866,0.0700451911387071
4319,0.5527293387595144,0.1265587999561421,0.48277657694555826,0.06995276181395609
4320,0.526398555209277,0.10157631899450188,0.4729289276470946,0.05346962756218243
4321,0.5335129567324807,0.10275365348158629,0.47869255124845483,0.05482040548402586
4322,0.5892087987122091,0.08846208452454277,0.5370861601579253,0.05212263855428375
4323,0.5698103290380431,0.10329025780262385,0.5109544732531057,0.05885585578493739
4324,0.5165901513895867,0.10305235744920277,0.4633543184538493,0.053235832935737464
4325,0.5604332940659685,0.11872017214898377,0.4938985569164347,0.06653473714953383
4326,0.5416767688935683,0.12285666539508237,0.4751281673453218,0.06654860154824649
4327,0.5579530146515266,0.11831713739599072,0.4919376111564947,0.06601540349503189
4328,0.5175547747367617,0.13425177877441158,0.4480721256151615,0.06948264912160015
4329,0.5284741695279365,0.1324294874441531,0.4584886061298774,0.06998556339805909
4330,0.5229530977465534,0.12160540888001166,0.45935917247001506,0.06359392527653833
4331,0.5569370479095866,0.11254034872758781,0.4942591583185285,0.06267788959105816
4332,0.5675689732327519,0.15692723567737626,0.4785019432070894,0.08906703002566252
4333,0.5716418855082017,0.15638696429805427,0.48224454636795816,0.08939733914024356
4334,0.564968533943919,0.15846882314319116,0.4754386352568921,0.08952989868702689
4335,0.5542213836087129,0.1770853764802378,0.45607688123896567,0.09814450236974721
4336,0.5469377879849946,0.17758189550337544,0.44981153887219594,0.09712624911279863
4337,0.5540613648552497,0.18667942091898174,0.450629510110491,0.10343185474475868
4338,0.562956401362112,0.15404260685100563,0.4762371297528313,0.08671927160928075
4339,0.5656067278301468,0.15944102783179334,0.47542580979633076,0.09018091803381599
4340,0.5772172648058096,0.22072513852964165,0.4498109040698464,0.12740636073596318
4341,0.5461623490047517,0.23549249927885507,0.4175452124256124,0.12861713657913929
4342,0.5803858673416243,0.22531325866777047,0.4496172362861626,0.13076863105546171
4343,0.5681196169611834,0.20192334771514034,0.453403002001738,0.11471661495944538
4344,0.5567548958059855,0.17924645893204366,0.4569585522396836,0.09979634356630182
4345,0.5808293347310226,0.17015441152278155,0.48199866108469674,0.09883067364632585
4346,0.56524816800848,0.18530266257491587,0.46050617746091527,0.10474199054756472
4347,0.558125153223665,0.1921762498198311,0.4508667543470224,0.10725839887664256
4348,0.5509124683515985,0.18862095778694382,0.44699883091435055,0.10391363743724788
4349,0.5714308008356851,0.18365216682246774,0.46648629607311354,0.10494450476257158
4350,0.5656108256345092,0.18547947658495234,0.46070162574503765,0.1049091998894715
4351,0.5827227515136572,0.18540326011641026,0.4746840536390203,0.10803869787463688
4352,0.5756618821516792,0.1803257449211871,0.47185522442994504,0.10380665772173418
4353,0.5669306060024283,0.17996958008151978,0.46490034290480975,0.10203026309761855
4354,0.5579419455358728,0.18301501511652946,0.4558301919394792,0.10211175359639361
4355,0.5684804775658927,0.16387836969712843,0.47531882369774925,0.09316165386814348
4356,0.5573525055214187,0.17306612663249618,0.4608936662219098,0.09645883929950887
4357,0.581714220670217,0.17684211818553883,0.4788426457082459,0.10287157496197114
4358,0.565564388190552,0.18188085627069925,0.4626990529902403,0.10286533520031174
4359,0.532224627241457,0.18129228453428375,0.4357364086834457,0.09648821855801133
4360,0.5664692233442769,0.17823918680413045,0.4655022096258256,0.10096701371845125
4361,0.5725437799450486,0.19353239399495864,0.46173801154536054,0.11080576839968803
4362,0.5701294646550382,0.22082285750182593,0.4442318471239264,0.1258976175311118
4363,0.5855520005033081,0.22415054472038337,0.4543002006283814,0.13125179987492672
4364,0.5883133406605411,0.20689110305334343,0.46659654467028433,0.12171679599025674
4365,0.566918364780307,0.13429568520039165,0.4907836745294501,0.07613469025085691
4366,0.5863350915302484,0.11325363319999786,0.5199305121417945,0.06640457938845393
4367,0.5738309797582317,0.10731406615824993,0.5122508440328035,0.06158013572542825
4368,0.5942618241629852,0.13282087980803312,0.5153314458413308,0.07893037832165437
4369,0.5991321536978162,0.15825890840482779,0.5043141530633664,0.09481800063444991
4370,0.597303996023518,0.17176638073454487,0.49470725042827735,0.10259674559524067
4371,0.5673722121643542,0.18555327412659436,0.46209444054880955,0.10527777161554466
4372,0.5271276647570824,0.198968138375227,0.42224605461428494,0.10488161014279744
4373,0.5271379496315054,0.19198824414071383,0.4259336602618166,0.10120428936968877
4374,0.5440360963074224,0.17946370602595393,0.4464013622521996,0.09763473405522283
4375,0.5290242833365834,0.1763896509663485,0.43570987464612077,0.09331440869046259
4376,0.5175686288725025,0.17693410741583243,0.42599308549651005,0.09157554337599248
4377,0.5483808167560074,0.18854341038298855,0.44498722737622104,0.10339358937978634
4378,0.5736637687892684,0.19837463059496674,0.45986343056998086,0.11380033821928753
4379,0.606885394923518,0.18756801024771846,0.4930531089493129,0.1138322859742051
4380,0.6022010309372386,0.2034576263457954,0.4796786385997572,0.12252239233748147
4381,0.5879855916567763,0.21983910109776464,0.4587233677285133,0.129262223928263
4382,0.5628051653344521,0.20899369350715763,0.44518243510629846,0.11762273022815366
4383,0.5631720907296685,0.1358640771462586,0.486657234348153,0.07651485638151542
4384,0.548009469146395,0.10346678177026114,0.49130869299418833,0.056700776152206714
4385,0.5533312196234059,0.1321356989164908,0.4802164121861529,0.07311480743725302
4386,0.544494055763866,0.13221019985068885,0.47250638783381316,0.07198766793005285
4387,0.5665079803306272,0.17258210644161506,0.4687388397691825,0.09776914056144467
4388,0.5617734483101634,0.19722016216402113,0.45098039773499166,0.11079305057517178
4389,0.550241970635397,0.21214542627420974,0.43351065322098953,0.1167313174144075
4390,0.45504688952035277,0.11394252466878158,0.40319769808572764,0.051849191434625116
4391,0.48250033016230404,0.1572851159597442,0.40661020978211115,0.07589012038019285
4392,0.5096969921274416,0.16525648484699748,0.42546625887137285,0.08423073325606874
4393,0.5338270787626229,0.11807382139569295,0.47079607560862047,0.06303100315400245
4394,0.5334024356659258,0.1140618082010933,0.472561589355003,0.06084084631092284
4395,0.5123959484354818,0.1152951290311802,0.45331919144555893,0.05907675698992282
4396,0.525591074229998,0.08515511513669767,0.4808343057891219,0.04475676844087609
4397,0.5499431678427905,0.10376290761323172,0.49287946572539104,0.05706370211739946
4398,0.5736453119610188,0.1584855154476724,0.4827308390107359,0.09091447295028289
4399,0.5598328342481883,0.1200929398838661,0.49260086333980624,0.06723197090838205
4400,0.5374684410865532,0.10535780324176434,0.48084194682189835,0.05662649426465489
4401,0.5880631992478045,0.12305436406742032,0.5156994562329132,0.07236374301489126
4402,0.5600949681937188,0.11848465559027144,0.493732308789442,0.06636265940427681
4403,0.5557207565952079,0.14424089360346387,0.4755630980699221,0.08015765852528582
4404,0.5557351683106939,0.1460134711864979,0.47459034732523686,0.08114482098545707
4405,0.5097072990297065,0.1083597864062565,0.45447552497713756,0.055231774052568905
4406,0.5554735724202305,0.11744598271155522,0.4902354328370383,0.06523813958319222
4407,0.5150568445128262,0.10968533037653697,0.4585626643597402,0.05649418015308597
4408,0.5146928340519002,0.12175606429342742,0.45202586025771074,0.06266697379418953
4409,0.5183042271216112,0.10614047716718462,0.4632911691371545,0.055013057984456645
4410,0.5726251967256486,0.11426869515673872,0.507192062681938,0.06543313404371068
4411,0.559641147718683,0.10324537815897063,0.5018607857891473,0.05778036192953577
4412,0.5520445218197307,0.09228437687171437,0.5010994371181534,0.050945084701577374
4413,0.5483531859574463,0.12005040614583332,0.4825231632718932,0.06583002268555309
4414,0.529282491319949,0.10300511503407117,0.4747636874160179,0.05451880390393112
4415,0.5916520328037338,0.11478099397064302,0.5237416243937697,0.06791040840996405
4416,0.6025990212214866,0.1080594199812238,0.5374825205070396,0.06511650071444701
4417,0.5628515609755732,0.11645801286262461,0.49730298664773154,0.06554857432784164
4418,0.5488349142061221,0.0808392535929363,0.504467509395956,0.04436740481016614
4419,0.559455320845408,0.11662857531760917,0.49420684382135216,0.06524847702405588
4420,0.546789064508038,0.13256756397435393,0.4743025702183915,0.07248649428964647
4421,0.5418572000720302,0.14566161212560413,0.46292940676767225,0.07892779330435794
4422,0.5628499992516541,0.13408411992229202,0.48738075245373336,0.07546924679792077
4423,0.5862360684964711,0.1390688094501142,0.5047089163939513,0.08152715210251985
4424,0.5886153299807145,0.1404898034130134,0.505920877985838,0.0826944519948766
4425,0.585348642972404,0.13348609644324808,0.5072127375636653,0.0781359054087387
4426,0.5571223458643424,0.11317915870816181,0.49406770746189854,0.06305463840244382
4427,0.5691714240029686,0.11405364056245995,0.5042553509913106,0.06491607301165807
4428,0.5814882718353505,0.16149748887041585,0.4875793761263436,0.09390889570900686
4429,0.5659972180097423,0.14372866798322087,0.4846471917829934,0.08135002622674893
4430,0.6015320440055723,0.16106739147483143,0.5046448467890712,0.09688719721650103
4431,0.5821778121201399,0.15784542794403722,0.49028370622651307,0.09189410589362677
4432,0.6080608870453286,0.12485186232475051,0.5321433528908796,0.07591753415444903
4433,0.5527089224546116,0.11793917118856835,0.48752289023178796,0.06518603222282358
4434,0.5584536675697734,0.18982571711957502,0.45244479964528445,0.106008867924489
4435,0.5436956963136158,0.20985995233493582,0.42959574340053064,0.11409995291308515
4436,0.5409538942262527,0.24486877428097284,0.4084911772045512,0.13246271702170154
4437,0.5535633655409884,0.24377059234813772,0.41862089602083297,0.13494246952015543
4438,0.596867269779496,0.25423233451078275,0.4451243103903776,0.15174295938911844
4439,0.5945233540950815,0.2645150991592338,0.43726295013414074,0.15726040396094076
4440,0.6072064830083076,0.2939853457477812,0.4286966751608161,0.17850980784749151
4441,0.6100992283783195,0.2629203102551144,0.4496917499666858,0.1604074784116337
4442,0.6099369734234409,0.2626007150545791,0.4497670880642195,0.1601698853592214
4443,0.5905502551022329,0.24579493416016368,0.44539599403111174,0.1451542610711212
4444,0.590723449258562,0.23617905783454435,0.45120694157190255,0.13951650768665944
4445,0.5711140892825515,0.23937577993437895,0.43440320872902816,0.1367108805535233
4446,0.5597343214843596,0.2526135199688222,0.4183378642868352,0.14139645719752442
4447,0.5440065687364625,0.2591940825799893,0.4030032852353272,0.14100328350113528
4448,0.5157399818296738,0.29008160758015694,0.3661332988071611,0.14960668302251273
4449,0.5497023472109244,0.307683051164294,0.38056825178889303,0.16913409542203134
4450,0.6038198338755493,0.3256130238714305,0.40720823189378685,0.19661160198176242
4451,0.627689676829373,0.32011091444164963,0.4267593603939389,0.20093031643543413
4452,0.6321323395707477,0.30235557398520974,0.44100360320522075,0.1911287363655269
4453,0.6282262803118323,0.2606855735501989,0.46445675210943427,0.163769528202398
4454,0.5693161262723762,0.25293434088227623,0.42531652712002194,0.14399959915235422
4455,0.5658157477679708,0.2505092733220927,0.42407365596041996,0.14174209180755087
4456,0.588858729747442,0.25119314318837094,0.4409414545282706,0.14791727521917142
4457,0.6034612814382159,0.2374009161578447,0.46019902035899646,0.1432622610792194
4458,0.5839920141554035,0.21286413783074917,0.4596810575621708,0.12431095659323263
4459,0.572438753197962,0.22010698836953185,0.44644098320554887,0.12599776999241313
4460,0.5681867992502972,0.27016941627598906,0.4146801033611219,0.15350669588917537
4461,0.5460444939184653,0.2740803320968598,0.3963844376856306,0.1496600562328347
4462,0.5555288213763752,0.2698935023344142,0.4055952021273961,0.14993361924897908
4463,0.5526369867825259,0.2815420028172741,0.39704646269287014,0.1555905240896558
4464,0.5870920068477672,0.26876846715637864,0.4293001880875307,0.15779181876023654
4465,0.59895391716825,0.25778773968199636,0.4445509406877691,0.15440297648048085
4466,0.6189160351327816,0.22171732707841105,0.4816916261371733,0.13722440899560828
4467,0.5885320017842072,0.22857792076731864,0.45400658051134524,0.13452542127286193
4468,0.5769353567420591,0.2151753967565869,0.45279306245218354,0.12414229428987557
4469,0.549962526310655,0.2126750513274753,0.43299921779934847,0.11696330851130654
4470,0.5389511804241807,0.20311793697477104,0.4294805285263035,0.10947065189787719
4471,0.5722031735653835,0.21103649498297147,0.4514474213980121,0.12075575216737142
4472,0.590031613322216,0.2144939813737158,0.4634733834443771,0.12655822987783888
4473,0.600335197893685,0.2402385598265512,0.4561115345385185,0.14422366335516648
4474,0.6064170702410923,0.21820431918780264,0.47409424628527286,0.13232282395581943
4475,0.5878944593463684,0.23628687572569215,0.4489827142909701,0.13891174505539833
4476,0.5604831038974076,0.24801969805390317,0.4214722537044582,0.13901085019294948
4477,0.5764679823857848,0.23353704508622802,0.4418413531925889,0.13462662919319593
4478,0.5573579570367853,0.25059150408123576,0.41768878827129247,0.1396691687654928
4479,0.5586527167802363,0.27978485201511183,0.4023501490880377,0.1563025676921986
4480,0.6009303675250081,0.30346983582990866,0.4185661275469872,0.18236423997802087
4481,0.6097129901979789,0.31008156869010156,0.42065222974665706,0.1890607604513218
4482,0.5962647444760741,0.3088665081381925,0.4120985349238375,0.18416620955223661
4483,0.6078599587097718,0.30827347750219813,0.4204728554039679,0.18738710330580394
4484,0.5978947400611739,0.3200000375122016,0.4065684008132503,0.19132633924792367
4485,0.5827260555647663,0.3161993623563523,0.3984684483667549,0.18425760719801143
4486,0.5768996814007109,0.31475256952562175,0.3953190243213246,0.18158065707938628
4487,0.5987351661810022,0.3250953035150438,0.4040891756062591,0.19464599057474308
4488,0.6119638258602025,0.32554052982048687,0.4127447977587,0.1992190281015025
4489,0.5939860922805327,0.2647350268292717,0.43673716820443165,0.15724892407610105
4490,0.5968449891181661,0.25159802937360537,0.44667996601452453,0.15016502310364152
4491,0.5835824028078753,0.25194348438134456,0.43655261882082186,0.14702978398705346
4492,0.5363766582679446,0.2217342878157468,0.4174435619459117,0.11893309632203289
4493,0.5019676805222486,0.21554092967253372,0.39377309999691773,0.10819458052533086
4494,0.5430389805168786,0.23528496259815201,0.4152700742966262,0.1277689062202524
4495,0.5570490543535634,0.2623865710534496,0.41088686307316524,0.14616219128039817
4496,0.5674241097595931,0.2842206350357584,0.40615046894912166,0.16127364081047144
4497,0.5757930791012269,0.2879974297910771,0.40996615222858324,0.1658269268726437
4498,0.5416602850590564,0.2645196647154428,0.3983804880655636,0.14327979699349278
4499,0.5577676120645224,0.2712244124338626,0.4064874192076837,0.1512801928568387
4500,0.5473433628556743,0.2787667198368788,0.39476224896791146,0.15258111388776285
4501,0.5839079934586201,0.282303869843312,0.4190685072728083,0.16483948618581176
4502,0.5866465087667045,0.27777964178627335,0.4236880517063215,0.16295845706038306
4503,0.5363021569780823,0.24445221503406275,0.40520190677724444,0.13110025020083785
4504,0.5417443697116759,0.23947097379086618,0.4120123179511019,0.12973205176057406
4505,0.5419606854959831,0.25039971273141354,0.40625388553606895,0.13570679995991414
4506,0.591983186360636,0.2666203334230283,0.4341484318323365,0.15783475452829948
4507,0.5673652646331193,0.28396967107373056,0.4062507370565923,0.16111452757652697
4508,0.5283203836524322,0.24674407496854267,0.39796045930108725,0.13035992435134494
4509,0.5436823794819929,0.1868279105813587,0.44210733650347084,0.1015750429785221
4510,0.5722424907598009,0.20152164687627083,0.45692324160930664,0.11531924915049428
4511,0.569625248733383,0.23219455818061469,0.43736136577521245,0.13226388295817063
4512,0.567735245765592,0.23869175519368155,0.43222152346848663,0.13551372229710532
4513,0.5763808254750276,0.21658977336314622,0.4515426331145282,0.12483819236049935
4514,0.5739989330404314,0.24181176600268164,0.43519923735826965,0.13879969568216172
4515,0.5926012648222544,0.2856675321299855,0.423314323963373,0.1692869408588814
4516,0.5673182518369538,0.2913044381904273,0.40205592721041467,0.16526232462653917
4517,0.5788477891842704,0.27390950467633973,0.4202958779658126,0.15855191121845782
4518,0.583648592592527,0.27518237695669606,0.42303878557548513,0.1606098070170419
4519,0.5994836569754629,0.2950987895049439,0.42257675547400675,0.17690690150145613
4520,0.599091509075615,0.31445850352628724,0.410702089656392,0.18838941941922305
4521,0.6121747502050752,0.31432907182493236,0.41975042917845407,0.1924243210266211
4522,0.5904441273385318,0.2767806633598531,0.42702061009684344,0.16342351724168838
4523,0.614350972811171,0.270285057980472,0.4483010845045443,0.16604988830662673
4524,0.6059473790815267,0.292954580592999,0.4284323187812711,0.17751506030025566
4525,0.5881133025752037,0.27958438937203745,0.42368600399314305,0.16442729858206062
4526,0.5917261249514667,0.2734541534399454,0.429916158384564,0.1618099665669027
4527,0.5568911415118379,0.26470617304005367,0.40947861864233237,0.1474125228695056
4528,0.553143746919907,0.28176103802048397,0.3972893906132141,0.15585435630669286
4529,0.5812011987433349,0.24703501969227543,0.4376241491666011,0.1435770495767338
4530,0.6253508110276871,0.23625391266971763,0.4776092351312148,0.14774157589647227
4531,0.6276334102119697,0.25869637428006576,0.4652669226131,0.16236648759886976
4532,0.5906811357770295,0.27580933770703964,0.42776576292232504,0.16291537285470448
4533,0.5660980848740033,0.24824351672928122,0.42556790547116957,0.1405301794028337
4534,0.5801681077324149,0.26864994849369916,0.4243059754724147,0.15586213226000017
4535,0.5889298895638958,0.2696258731576786,0.4301391538615752,0.15879073570232063
4536,0.5897958121596378,0.28612515585000553,0.4210403934857809,0.16875541867385696
4537,0.5885753242910832,0.2757243973216774,0.4262907477225134,0.16228457656856976
4538,0.5571783670465313,0.27176787886586196,0.40575518408435085,0.1514231829621805
4539,0.5234507268428829,0.2613201764973901,0.3866624905166136,0.13678823632626927
4540,0.5320991486445412,0.27073381199185453,0.3880419177743841,0.1440572308701571
4541,0.5240829899830272,0.2411178719168161,0.3977172147305176,0.12636577525250955
4542,0.5587910525027361,0.20441617533631476,0.44456512273797294,0.11422592976476316
4543,0.5236853475133947,0.19485334484082265,0.42164350590628114,0.10204184160711353
4544,0.4993343978464765,0.19274619661740042,0.4030895918213283,0.0962448060251482
4545,0.5200018549395249,0.1935991913896953,0.41932991630209127,0.10067193863743365
4546,0.5281174272535332,0.21029659482849977,0.4170561306325272,0.11106129662100597
4547,0.5517915982655454,0.23962984899591636,0.4195658608959574,0.13222573736958798
4548,0.5620333240264367,0.23760857547282022,0.4284893865362611,0.1335439374901756
4549,0.5524393986687959,0.2267676372938111,0.42716402148465926,0.12527537718413662
4550,0.5307975697821602,0.22625191867319738,0.4107036011918761,0.12009396859028412
4551,0.5407711512508274,0.22853918246953694,0.417183754440853,0.12358739680997441
4552,0.5782128676841292,0.2465555947960494,0.4356512501735393,0.14256161751058988
4553,0.5313666826043442,0.19237702814599333,0.42914393934912515,0.10222274325521903
4554,0.4893172585735324,0.14341115534109042,0.41914370519316707,0.07017355338036536
4555,0.5102176441983375,0.1327374340863697,0.4424926632818578,0.06772498091647965
4556,0.5206671714820543,0.16351650725930642,0.4355294941567265,0.08513767732532787
4557,0.5601945733382468,0.19376999868602288,0.4516456715985776,0.10854890173966923
4558,0.5605169275233061,0.18736511458106378,0.45549560917327603,0.10502131835003006
4559,0.5820492367340807,0.2308178808170808,0.44770186537992085,0.1343473713541599
4560,0.581991509270261,0.23259283320567806,0.4466244552274423,0.13536705404281865
4561,0.5531956748034283,0.21735626778721912,0.432955127572123,0.12024054723130535
4562,0.5521339150570616,0.21412954903083534,0.43390572882126344,0.11822818623579813
4563,0.5463058628971268,0.20451074135320735,0.43458044587043176,0.11172541702669506
4564,0.55527382182326,0.2239289203374459,0.43093195441073007,0.12434186741252992
4565,0.5255476367027435,0.23056436209183873,0.40437508109750203,0.12117255560524147
4566,0.509651797879805,0.19547756288609375,0.41002630650974464,0.09962549137006031
4567,0.537847424597456,0.19575566077394885,0.4325607465998144,0.10528667799764163
4568,0.5706760984401581,0.21253937008741347,0.44938495995374417,0.12129113848641396
4569,0.6035114589844229,0.20172192697451485,0.48176996452688425,0.12174149445753868
4570,0.5767597275079475,0.16964461628175334,0.47891554484809307,0.09784418265985437
4571,0.5534432143025126,0.14403112258009962,0.4737301668621831,0.07971304744032955
4572,0.539604766390012,0.17596145606514815,0.44465512599633134,0.09494964039368063
4573,0.5065116486821888,0.15628850015432144,0.4273497027989569,0.07916194588323187
4574,0.5176070023741528,0.14768613264460723,0.44116362596374614,0.07644337641040666
4575,0.5005816469144745,0.1538167411119768,0.4235838093256238,0.0769978375888507
4576,0.5325822433703565,0.20537642302969955,0.42320240725781977,0.10937983611253674
4577,0.5521747892193868,0.23860563663865597,0.42042277210187934,0.13175201711750745
4578,0.5476104037532783,0.2623248000473482,0.40395861408485195,0.14365178966842634
4579,0.5363292311981637,0.2534720381500172,0.40038476784693333,0.1359444633512303
4580,0.5336960786869113,0.21406123557814094,0.41945243665998233,0.11424364202692895
4581,0.5310420072354571,0.17284054389312678,0.439256417874783,0.09178558936067417
4582,0.5276714806055106,0.18930867502509202,0.4277786917635529,0.09989278884195775
4583,0.5632839786488375,0.19354916953422358,0.45426083236942166,0.10902314627941583
4584,0.5437453707238913,0.17978712927755133,0.445986951463485,0.09775841926040632
4585,0.5677554390385967,0.19652459256323077,0.4561775327059783,0.11157790633261842
4586,0.5536357664260735,0.21394802434246432,0.43518648799388904,0.11844927843218446
4587,0.5579608185151107,0.21332773306352382,0.4389323019630139,0.11902851655209679
4588,0.5476109763520064,0.221471372865046,0.4263308216233593,0.1212801547286471
4589,0.5564376353090219,0.22386555624610086,0.4318704145643027,0.1245672207447192
4590,0.5752563007727736,0.22022611187459093,0.4485698423222254,0.12668645845054816
4591,0.5374963597489557,0.24024184950421149,0.4083672401810856,0.12912911956787013
4592,0.5306995055852914,0.24022129108701437,0.40321418517435254,0.1274853204109389
4593,0.5049920031975536,0.2114179698342939,0.39822761909897353,0.10676438409858002
4594,0.5198096508808958,0.16969147709422316,0.43160238341508417,0.08820726746581167
4595,0.4956131618172947,0.13875831241082837,0.4268427158749321,0.0687704459423626
4596,0.49095654077131634,0.1525763691085273,0.41604817439034625,0.07490836638097009
4597,0.5540341852519707,0.18195585154451802,0.4532244232896751,0.10080976196229557
4598,0.5596598050503562,0.14363723537138468,0.4792718179044349,0.08038798714592127
4599,0.5412551140738621,0.14858748164566388,0.46083137974579036,0.08042373432807169
4600,0.5246355294825921,0.19659965478288208,0.4214923654994799,0.10314316398311216
4601,0.5641701350688384,0.19852500601409515,0.4521682556113244,0.11200187945751401
4602,0.5600590698204726,0.18831383139935068,0.45459220057262295,0.10546686924784965
4603,0.513855857917633,0.1922121361325173,0.4150865258030775,0.09876933211455555
4604,0.4875581130011142,0.19433829463924776,0.392806900782948,0.09475121221816618
4605,0.46880892222392,0.23859634547992914,0.3569528266529084,0.11185609557101164
4606,0.4654256422245307,0.24948455440891462,0.34930913326366075,0.11611650896086996
4607,0.5064370263643548,0.2350847479294135,0.38738140567936874,0.1190556206849861
4608,0.5693563855325044,0.20695731653245195,0.4515239158320812,0.11783246970042327
4609,0.5816882833871512,0.19614431641954672,0.46759343267291886,0.11409485071423234
4610,0.5749997393705811,0.21279064465085445,0.4526451741558419,0.12235456521473925
4611,0.5423170429089461,0.23649042034466958,0.41406425747133124,0.12825278543761487
4612,0.5435428230916471,0.22536760646011295,0.42104587804291005,0.12249694504873712
4613,0.5579941400063431,0.2175108113235786,0.4366243818997609,0.1213697581065822
4614,0.5783334987791129,0.22578219575979352,0.4477560915433209,0.13057740723579198
4615,0.5649308823547199,0.2249758351829183,0.43783508527634385,0.12709579707837607
4616,0.5486818805313513,0.22953370671530668,0.42274089468546516,0.12594098584588612
4617,0.5465258040136217,0.2248940385718094,0.42361540876529313,0.12291039524832859
4618,0.541376724782014,0.23975567863442515,0.41157858073501985,0.1297981440469942
4619,0.5351522254131799,0.24680931302118117,0.40307167229719665,0.1320805531159832
4620,0.5242236460132474,0.2277989219646624,0.4048060645830449,0.11941758143020256
4621,0.5370976672020927,0.23849652679999783,0.40900173902201253,0.12809592818008023
4622,0.5138989895582663,0.24541331434971841,0.38778133528980085,0.12611765426846547
4623,0.5015809591061288,0.2353788750148708,0.3835193972228483,0.1180615618832805
4624,0.540131773493262,0.23279459532270977,0.41439201586196056,0.12573975763130146
4625,0.5492144817051485,0.230591457374929,0.422570313957342,0.12664416774780649
4626,0.5668061384333869,0.23195839746831798,0.4353306948871729,0.13147544354621402
4627,0.5735151715969276,0.2398303488073671,0.4359688279465194,0.13754634365040813
4628,0.5465546440906334,0.218654749482817,0.4270478753083257,0.11950676878230763
4629,0.5142940242318115,0.18256178119845398,0.42040359110833114,0.09389043312348036
4630,0.5440426530947821,0.1869124384805074,0.4423543141674316,0.10168833892735048
4631,0.5621464326134518,0.19518497543465402,0.4524238949731168,0.10972253764033497
4632,0.5525365935168634,0.20509463980517073,0.4392142998903462,0.11332229362651712
4633,0.5555623346099575,0.1795363408826055,0.45581870592188806,0.09974362868806948
4634,0.521580873092413,0.16255466975804148,0.43679546651476486,0.08478540657764813
4635,0.5152534794217665,0.18130644738439453,0.42183470156535774,0.09341877785640872
4636,0.5663709431243689,0.2443035746042036,0.42800449716713146,0.1383664459572374
4637,0.5395291454349644,0.23338541305410077,0.41361091297289926,0.12591823246206518
4638,0.5181632720884705,0.21620368236693477,0.4061344645956432,0.11202880749282726
4639,0.591626602161029,0.16300439588946922,0.49518886528363115,0.09643773687739787
4640,0.5829034159869889,0.17513327847377103,0.48081762971162717,0.10208578627536173
4641,0.5853719125086084,0.19596186928019757,0.47066133830929724,0.11471057419931117
4642,0.5607570567813199,0.19894960973997394,0.4491946591757399,0.11156239760558001
4643,0.5679418763083737,0.2163436545655205,0.4450712552070213,0.12287062110135236
4644,0.5449922175334604,0.2321313046553276,0.41848246305041814,0.12650975448304227
4645,0.5661095189509447,0.2211149930014887,0.44093421663003046,0.12517530232091428
4646,0.5696248243219542,0.19539192234525757,0.4583247348821079,0.11130008943984625
4647,0.5659235320003424,0.20012230240113446,0.4526696117934518,0.11325392020689061
4648,0.5625073529186185,0.19959375752803474,0.45023439671244314,0.1122729562061754
4649,0.5362475687320329,0.17623053931569466,0.44174437048765675,0.09450319824437621
4650,0.5391803401924615,0.16561338478399715,0.44988485904420095,0.08929548114826061
4651,0.5620780782178704,0.18701539261754482,0.45696082573824026,0.1051172524796301
4652,0.5602199210010704,0.18225299746120585,0.4581181611611454,0.10210175983992503
4653,0.5627357634899625,0.17598819777610708,0.4637009106492023,0.09903485284076013
4654,0.5633370905288547,0.169027798794216,0.4681174621376244,0.0952196283912303
4655,0.5959857313213033,0.1711888771146931,0.4939596032000302,0.10202612812127308
4656,0.5545210053113693,0.19014137963535233,0.44908361632468297,0.10543738898668628
4657,0.5623561784687892,0.1869422289420217,0.45722806100651636,0.1051281174622728
4658,0.5524280507006905,0.1889840179237585,0.4480279780654842,0.10440007263520625
4659,0.5331422663285342,0.20371359876561726,0.42453393660069133,0.10860832972784289
4660,0.5109265474566862,0.21380385050332948,0.4016884842860746,0.1092380631706116
4661,0.47172688384065403,0.22577044306666727,0.3652248962694913,0.10650198757116275
4662,0.4690345970875044,0.22499422572972058,0.3635045210753499,0.1055300760121545
4663,0.4726474657722984,0.23053225097805746,0.3636869815687361,0.10896048420356232
4664,0.4950917972208121,0.22908299704913274,0.381674684499027,0.11341711272178512
4665,0.4945564829928881,0.21727008250950008,0.38710415512741514,0.10745232786547297
4666,0.5036669621805105,0.21000055122170033,0.39789662249044405,0.10577033969006651
4667,0.5147134501092773,0.2072400657230681,0.40804420088008353,0.10666924922919375
4668,0.5156859893366181,0.217012713244694,0.40377557360840427,0.11191041572821385
4669,0.5651811459218519,0.19300442727881506,0.45609868254442043,0.10908246337743142
4670,0.5498340496744093,0.1904204404193944,0.4451344077778291,0.1046996418965802
4671,0.5421237193102901,0.19388198615149438,0.4370156958705758,0.1051080234397143
4672,0.5588703929089317,0.1926893450144148,0.451182022951361,0.1076883699575707
4673,0.5754831801587972,0.19521042572329822,0.46314286356340084,0.11234031659539633
4674,0.504390409321396,0.2230433348502138,0.39188949035988746,0.11250091896150853
4675,0.501314608205637,0.20055036622473008,0.4007757799361894,0.10053882826944757
4676,0.45382362589341724,0.1961423418850221,0.3648095971079302,0.08901402878548702
4677,0.4588920170154184,0.20952196960702854,0.36274405777340585,0.09614795924201251
4678,0.46697284654176663,0.2395778920024095,0.3550964763449255,0.11187637019684112
4679,0.5007942346117182,0.23970839917870068,0.3807496503150206,0.12004458429669763
4680,0.4855245189183436,0.1896716957230697,0.39343426009997373,0.09209025881836985
4681,0.49290818277189996,0.1630495922911098,0.41253970453398986,0.08036847823791012
4682,0.5180198162694964,0.18972261318184622,0.41973974304686773,0.09828007322262872
4683,0.5324152875989466,0.1876670082504878,0.43249850342842927,0.09991678417051734
4684,0.5109062742075968,0.14040244002602173,0.4391737866842465,0.07173248752335032
4685,0.5649658700769616,0.1839238901483191,0.46105514945137704,0.10391072062558462
4686,0.5643763686098352,0.17012238320762824,0.46836331575586315,0.09601305285397203
4687,0.5385432127791873,0.1437298814952374,0.46113846062637026,0.07740475215281702
4688,0.5340079100718246,0.15627507021782672,0.45055578642847527,0.08345212364334928
4689,0.5373462471412267,0.18883217208689737,0.4358779881308061,0.1014682590104206
4690,0.5338442349469419,0.18042679894342792,0.4375244285010619,0.09631980644587998
4691,0.521991215363782,0.1531170015983222,0.4420654856066156,0.07992572975716636
4692,0.555690460928424,0.16541724927018314,0.4637696734359639,0.09192078749246008
4693,0.5962847437538813,0.1434421217140913,0.5107523949640813,0.08553234878979998
4694,0.5772917731045306,0.09961802714757204,0.5197831055793335,0.05750866752519713
4695,0.5861876844671546,0.10835855040270458,0.5226692367143758,0.06351844775277886
4696,0.5666252660722984,0.12050510200500614,0.4983440305856423,0.06828123548665606
4697,0.5331476640258782,0.1216530868482666,0.46828860495118757,0.06485905907469063
4698,0.5301098500484308,0.15953133031701683,0.4455407204560503,0.08456912959238047
4699,0.5342436699321994,0.15795625864674576,0.44985653862400227,0.08438713130819715
4700,0.5217188950433255,0.17787595742615187,0.42891764708017993,0.09280124796314555
4701,0.5256846971884256,0.1753983594980388,0.43348046368835247,0.09220423350007315
4702,0.4839918613622828,0.15828573965010598,0.40738285160192234,0.07660900976036047
4703,0.5195121909105307,0.1811778630918335,0.42538808231120406,0.0941241085993266
4704,0.547099717403416,0.18791952984413235,0.4442889957311084,0.1028107216723076
4705,0.5636671073990576,0.1988769166317327,0.45156673107280526,0.1121003763262523
4706,0.5573351708615181,0.17653976073036545,0.4589433531510083,0.09839181771050975
4707,0.5851018256360871,0.15358912033500244,0.49523655093023655,0.08986527470585061
4708,0.5497573599935608,0.1518395648770419,0.46628244166418725,0.08347491832937355
4709,0.5712494555017891,0.17140649557135607,0.4733335882371821,0.09791586726460696
4710,0.5783715561311702,0.1594190616452613,0.4861681053704295,0.09220345076074073
4711,0.5774757010777174,0.14447838499355195,0.4940429444129896,0.08343275666472778
4712,0.5989120565090559,0.11386500765595783,0.5307169306094068,0.0681951258996491
4713,0.5815921055745514,0.13017103310190897,0.5058856603479975,0.07570644522655387
4714,0.5603271863275782,0.12838281183807326,0.48839080659752765,0.07193637973005049
4715,0.5562880389788347,0.11854874022576636,0.49034079275523185,0.06594724622360287
4716,0.5635815267305697,0.14408643693306963,0.4823770726226624,0.08120445410790733
4717,0.5975964599291771,0.15418025297849935,0.5054588865582409,0.09213757337093617
4718,0.5877816313640197,0.15624678955372404,0.49594263850474113,0.09183899285927859
4719,0.5562166058168898,0.13710162540582105,0.47995840508168536,0.07625820073520445
4720,0.5928937588910377,0.12926531298516614,0.5162531615810361,0.07664059731000161
4721,0.539742628889388,0.1709061889659249,0.4474972731634531,0.09224535572593481
4722,0.5456574561024363,0.18207927150298683,0.4463045440051317,0.09935291209730462
4723,0.5546298774187451,0.20994208393031452,0.4381897251434389,0.11644015227530624
4724,0.5515603334616341,0.23903873631717565,0.41971604834828513,0.13184428511334903
4725,0.5619257013732909,0.23335028536386287,0.43080017860454467,0.13112552276874623
4726,0.5438385730256358,0.18684572181878378,0.4422246622957635,0.10161391072987228
4727,0.5465121558882647,0.17473282347919378,0.4510185438242069,0.09549361206405779
4728,0.5371874327850445,0.20743771059689378,0.42575450156669215,0.1114329312183524
4729,0.560840223023127,0.21406518226180674,0.44078385846192897,0.12005636456119802
4730,0.5672343910923396,0.2329800734324036,0.4350800810022616,0.13215431009007803
4731,0.5457524440361052,0.2408281282193153,0.4143199044677734,0.13143253956833184
4732,0.5263427854698957,0.2655010021679939,0.38659824844374496,0.1397445370261507
4733,0.5857819049628311,0.26451466394047324,0.4308340012291776,0.1549479037336535
4734,0.575943447407142,0.30502787479906224,0.400264641640096,0.17567880576704598
4735,0.5698691480064547,0.3189103099508285,0.3881320013843017,0.181737146622153
4736,0.5855486050867189,0.357914787890442,0.37597210029756173,0.20957650478915718
4737,0.5833061206048528,0.37237865086434363,0.3660953743731036,0.21721074623174919
4738,0.5732228043133927,0.3139391225502004,0.39326574010148097,0.17995706421191174
4739,0.5468948971487225,0.2795032126176336,0.39403601643146424,0.15285888071725826
4740,0.5771082861888124,0.277017503269951,0.41723918963238726,0.15986909655642514
4741,0.593746887691241,0.28444726068025017,0.42485721195004333,0.16888967574119762
4742,0.5596223419493942,0.2882048777826704,0.39833645328341727,0.16128588866597693
4743,0.5639474428501262,0.28062236436516996,0.40569117805983224,0.15825626479029398
4744,0.5293629754217026,0.2400038194501979,0.4023138394449728,0.12704913597672987
4745,0.5215597541494206,0.22958761483209533,0.40181609420184106,0.1197436599475795
4746,0.5387534383658744,0.23005886687328744,0.41480843281133384,0.12394500555454058
4747,0.5979714251111693,0.2330613937258365,0.4586073713665355,0.1393640537446338
4748,0.6058549312333634,0.24187495687812732,0.45931379586689286,0.14654113536647057
4749,0.591203051945664,0.22098995298795723,0.46055311728985493,0.13064993465580912
4750,0.6041743140407915,0.1954028736006718,0.4861169169215061,0.11805739711928537
4751,0.6027170069729253,0.2126964232257903,0.4745212553724304,0.12819575160049493
4752,0.5722756616857284,0.2194436619112488,0.4466933948627292,0.1255822668229992
4753,0.5515894868096002,0.12964715188356601,0.4800774808358177,0.07151200597378247
4754,0.5209534430610088,0.10831573856708734,0.4645259861167885,0.05642745694422025
4755,0.5185609586137865,0.10694973086073767,0.4631010036551559,0.05545995495863059
4756,0.5499255374340822,0.1220745924233636,0.48279360158861745,0.06713193584546477
4757,0.548723088866049,0.1222025472283941,0.4816677296835854,0.06705535918246365
4758,0.5441890109567527,0.1279080030865811,0.4745828812636128,0.06960612969313983
4759,0.558673759001257,0.12680696567889102,0.4878300348178876,0.07084372418336943
4760,0.5567538632509019,0.15090259406308743,0.47273826103169536,0.08401560221920654
4761,0.5304908531119189,0.16542906677390384,0.4427322463495221,0.08775860676239684
4762,0.5515239002874337,0.18410651297104905,0.44998475818532174,0.10153914210211197
4763,0.5570127727459334,0.2127967043455294,0.43848229042723347,0.11853048231869996
4764,0.5568769948814024,0.22277158614769346,0.43282062344251143,0.12405637143889099
4765,0.5585971359045667,0.225282682680808,0.43275487459017004,0.1258422613143967
4766,0.5748147667019662,0.22144614197450654,0.44752425426583975,0.12729051243612646
4767,0.5942777820827746,0.23153587973748502,0.45668115299979795,0.13759662908297662
4768,0.5952902099768372,0.23017226652751882,0.45827091310482604,0.13701929687201123
4769,0.6156647504670463,0.22666752166444276,0.4761135473025233,0.13955120316452296
4770,0.6197185892598347,0.23581643232232677,0.47357876249675507,0.14613982676307963
4771,0.6305046570341931,0.23248244672400128,0.4839233916960066,0.1465812653381865
4772,0.6150835367250741,0.2484633310513033,0.4622578323155455,0.15282570440952856
4773,0.6268961730163376,0.25252335214213695,0.46859024996117493,0.15830592305516264
4774,0.61917528818705,0.2606283695880087,0.45780064233767376,0.16137464584937627
4775,0.6208133873896037,0.28204028239537077,0.4457190042954131,0.17509438309419054
4776,0.617424279774481,0.28877589795971303,0.4391270289604762,0.17829725081400485
4777,0.5492928719103509,0.1689167901671601,0.4565080831255534,0.0927847887847975
4778,0.5368365124942559,0.12864756679074027,0.46777380139744307,0.06906271109681286
4779,0.5423589262217731,0.12257096576185744,0.4758814688452063,0.06647745737656671
4780,0.5777252963001044,0.16646964751416599,0.4815515698650089,0.09617372643509547
4781,0.566574973505713,0.20256041842759237,0.4518093098017937,0.11476566370391927
4782,0.5030884318301737,0.15231870688830867,0.42645865244333464,0.07662977938683908
4783,0.5239600840127467,0.13821856470064642,0.4515390732400748,0.07242101077267196
4784,0.5601974551056164,0.14614892109492197,0.47832520144180957,0.08187225366380682
4785,0.5864850587041583,0.17398743978508657,0.48444402486801563,0.10204103383614271
4786,0.5730971219589402,0.12752020576740794,0.5000156590420269,0.07308146291691335
4787,0.5613778596864607,0.11138660517383901,0.4988478856762301,0.0625299740102306
4788,0.5617434055880853,0.10899745181235126,0.5005148058065919,0.06122859978149342
4789,0.559460237935295,0.09736634873638897,0.5049876373043439,0.05447260063095108
4790,0.5526317216277072,0.09439346508961467,0.5004668985048286,0.05216482312287864
4791,0.5708393537844649,0.13143946195887335,0.4958085362580839,0.07503081752638102
4792,0.5629566616911512,0.14503489319299484,0.48130830239049016,0.08164835930066104
4793,0.56311651323327,0.14714464126077736,0.48025693590554075,0.0828595773277293
4794,0.5843441044249705,0.16883226967926737,0.4856879630012039,0.0986561414237666
4795,0.571531136278263,0.18339041995164201,0.46671780118075323,0.1048133350975098
4796,0.5178328679788217,0.1488069956063076,0.4407757146686955,0.07705715331012619
4797,0.5021376523557679,0.12730703126974924,0.4382119985455937,0.06392565381017422
4798,0.535319575182578,0.14590902463674144,0.4572116180987333,0.07810795708384473
4799,0.5567997193350575,0.18311030658649494,0.4548439520203408,0.1019557673147167
4800,0.5420607081682394,0.21971935945462076,0.4229594765839957,0.11910123158424367
4801,0.535676736486608,0.18885085991721567,0.4345137241634643,0.10116301232314366
4802,0.5166182839473392,0.18310480936275114,0.42202299155185,0.09459529239548918
4803,0.5278870344267452,0.19131623042228613,0.42689367691142077,0.10099335751532448
4804,0.5354016818351319,0.17043399600724696,0.44415103373096976,0.09125064810416218
4805,0.5039469533213933,0.18454575708378917,0.4109456812906278,0.09300127203076548
4806,0.5161055323621517,0.21731062589487268,0.40395031609672605,0.11215521626542566
4807,0.5083593489320518,0.24803752794358527,0.3822671527159352,0.12609219621611661
4808,0.536969513348824,0.255995640710375,0.39950765873715355,0.13746185461167046
4809,0.5679367753611028,0.2762737418087673,0.4110307573212856,0.15690601803981719
4810,0.5728743783002113,0.28212042645313523,0.41125481439008094,0.16161956391013033
4811,0.5270237113666499,0.20377341611213123,0.41963028932937385,0.1073934220372761
4812,0.4709580274303582,0.13142209085457499,0.4090637387607142,0.06189428866964396
4813,0.499532383337466,0.13464709534882624,0.43227179888839984,0.06726058444906621
4814,0.5362010167683301,0.17600023398982198,0.44182951235152357,0.09437150441680656
4815,0.5784265806786767,0.17823511115488003,0.47533065477647557,0.10309592590220112
4816,0.5902130664173152,0.19007918533661936,0.4780258475776839,0.11218721883963129
4817,0.5718396800077903,0.23219883400887475,0.43905917306997333,0.13278050693781696
4818,0.5812736968763351,0.22234376796017485,0.4520311128967103,0.12924258397962488
4819,0.5902611465625417,0.22199821624838745,0.4592242249049294,0.13103692165761224
4820,0.5730896568985817,0.223622114941485,0.44493413577183083,0.12815552112675085
4821,0.5839795481491694,0.22994661792807988,0.44969542611309965,0.1342841220360698
4822,0.5722020204829612,0.24894253326788468,0.4297565999629308,0.1424454205200304
4823,0.5494411570833193,0.2314950738078347,0.4222482358712542,0.1271929212120651
4824,0.5376212034183638,0.22079750491489417,0.4189157831142463,0.1187054203041175
4825,0.5659964445321162,0.2112256865389544,0.4464434569572127,0.11955298757490347
4826,0.5770442195877289,0.21502858812327702,0.4529632157650813,0.12408100382264758
4827,0.5794878096291515,0.18796297427815264,0.4705655573733243,0.10892225225582722
4828,0.5954049736557826,0.162324018449787,0.4987564457269864,0.0966485279287962
4829,0.5997678115036006,0.14016603181934845,0.5157007373521659,0.08406707415143466
4830,0.5902072990026722,0.12968235334055908,0.5136678275092307,0.07653947149344154
4831,0.5607705618508635,0.1566238864981296,0.4729404970200415,0.08783006483082201
4832,0.5438668231069305,0.17003182099169048,0.4513921567970935,0.09247466630983699
4833,0.585127217855227,0.21258924627060205,0.46073546363896994,0.12439175421625707
4834,0.5797535903089207,0.2227233133008304,0.4506289497772657,0.129124640531655
4835,0.5879020554473539,0.2158320889477303,0.4610139267234871,0.12688812872386673
4836,0.5907191125272112,0.22902260870726363,0.4554310803629897,0.13528803216422153
4837,0.6116648597361555,0.2251382284371625,0.47395571681789195,0.13770914291826353
4838,0.6034526358857909,0.21511595746531004,0.4736403443322539,0.12981229155353702
4839,0.5985510795072281,0.23198649569319402,0.45969531207896785,0.1388557674282602
4840,0.5940918523294659,0.22721262201858117,0.4591066848418123,0.13498516748765368
4841,0.5853800520464634,0.2213529457250326,0.4558044531573058,0.12957559888915757
4842,0.5216172788569694,0.1761191588159312,0.4297504824808249,0.09186679637614448
4843,0.5067770873046195,0.13950752126421945,0.43607787202125103,0.0706992152833684
4844,0.5872129187977335,0.21705296372304783,0.45975661443622406,0.12745630436150948
4845,0.6022305550037692,0.24588831262631167,0.45414910002188524,0.148081454981884
4846,0.5977788933883937,0.22483015709524254,0.46338017087966094,0.1343987225087328
4847,0.5985948962638041,0.24137505502807372,0.45410902023860433,0.1444858760251998
4848,0.6099808954380564,0.2536622909452716,0.45525174406839086,0.15472915136966556
4849,0.6152750950925909,0.23324892242927525,0.47176284216467423,0.1435122529279167
4850,0.5851573698404066,0.20601463950997556,0.46460638523612974,0.1205509846042768
4851,0.6047300145356521,0.2017945063283559,0.4826988197904907,0.12203119474516141
4852,0.5769834405168731,0.23212779750982468,0.4430495452700504,0.1339338952468227
4853,0.5780170484311259,0.2261143738585031,0.4473190854455818,0.1306979629855441
4854,0.5894203128024823,0.22707055544136062,0.45558031498600216,0.13383999781648018
4855,0.6295474564439079,0.2214369946513807,0.4901423596985479,0.13940509674535995
4856,0.6042106094158226,0.20498263487818782,0.4803579266764117,0.12385268273941093
4857,0.6105407454276128,0.1901946177948179,0.4944191817028448,0.11612156372476803
4858,0.5833323244748675,0.1905597414685119,0.47217266753271064,0.11115965694215685
4859,0.5964031108623309,0.20961305283706155,0.47138923407295724,0.12501387678937365
4860,0.5846269303989007,0.23503122135048934,0.44722134891285953,0.13740558148604115
4861,0.5911261150773864,0.23338755103640257,0.45316463872581253,0.1379614763515739
4862,0.5835100188191462,0.23622433324000733,0.4456707536847293,0.13783926513441694
4863,0.5839960963149919,0.2410224949905801,0.44323990011639347,0.14075619619859847
4864,0.5862372894146336,0.251205470849729,0.43897127509756173,0.14726601431707187
4865,0.5960732709658114,0.23959936617939795,0.45325449304592247,0.14281877791988895
4866,0.5969198951696211,0.24389988710543334,0.4513312001267634,0.14558869504285768
4867,0.6057269554802018,0.22976087689740063,0.4665545990286779,0.13917235645152393
4868,0.5628290909498989,0.23978073495535174,0.4278735178676796,0.13495557308221925
4869,0.5362626256379984,0.23948189787580684,0.40783743429034724,0.12842519134765118
4870,0.568206716048856,0.23323011237209534,0.435683799814202,0.13252291623465395
4871,0.5945683768759952,0.2336152175956877,0.4556681561365947,0.13890022073940048
4872,0.6001135750265648,0.23062430176627693,0.46171280080559907,0.13840077422096575
4873,0.5763253110583578,0.21097205070768865,0.45473677830962955,0.1215885327487283
4874,0.5339200039641304,0.21078763179011356,0.4213762707631633,0.1125437332009671
4875,0.5232986874247889,0.2300641431171983,0.40290642330805027,0.12039226411673866
4876,0.5134393760111581,0.2425208602009739,0.38891961687988075,0.12451975913127734
4877,0.5388067108238519,0.22107050064571238,0.41969244151075336,0.11911426931309851
4878,0.5142139945794528,0.22321157832148225,0.39943547725437906,0.11477851732507378
4879,0.5024098450148687,0.2280220215878011,0.3878493364889645,0.1145605085259042
4880,0.5049571926993116,0.2367102621069838,0.3854286432626508,0.11952854943666077
4881,0.5570079685487356,0.2392826651729155,0.42372561731184266,0.13328235123689294
4882,0.5239557192459608,0.17750673085382948,0.43095005241044343,0.09300566683551742
4883,0.5370320930705873,0.18660807224039197,0.4368175694514622,0.10021452361912506
4884,0.5478586218600794,0.1806760173089824,0.44887370801401244,0.09898491384606695
4885,0.5718658856300196,0.18489289725203648,0.46613194519628354,0.10573394043373606
4886,0.5588399959891706,0.16624329122613135,0.4659365957871328,0.09290340020203776
4887,0.5734957492983852,0.16842167610352352,0.476906633963305,0.09658911533508016
4888,0.5632920478477885,0.176687127171496,0.4637655941550139,0.09952645369277463
4889,0.5643197732018617,0.17181899770877668,0.4673589153830736,0.09696085781878805
4890,0.5608942775946458,0.18285291757828692,0.4583331224834993,0.10256115511114657
4891,0.5471164051206225,0.1913170226956263,0.4424437234250109,0.10467268169561163
4892,0.5236326162394392,0.20166630653461043,0.41803356054137647,0.10559905569806279
4893,0.5108073789603336,0.22513933888951546,0.3958045433613179,0.11500283559901568
4894,0.5257935188570501,0.20509392760111012,0.4179564609674493,0.10783705788960075
4895,0.547362481520443,0.1913580030832838,0.4426202900939802,0.1047421914264628
4896,0.5995301175736856,0.18961693291900023,0.4858490554867957,0.11368106208688986
4897,0.6207715746659971,0.17658405876715705,0.511153210444196,0.10961836422180105
4898,0.5624582412195741,0.1986339107299362,0.4507349611438483,0.1117232800757258
4899,0.5488287950969597,0.20134387988603772,0.43832547609895867,0.11050331899800106
4900,0.5190897972820174,0.2005137868631731,0.41500513630696323,0.10408466097505417
4901,0.5374752766012062,0.20117709938780745,0.42934755946191605,0.10812771713929016
4902,0.5323318557714564,0.21829465619063546,0.41612665633650336,0.11620519943495301
4903,0.5266905947035072,0.22946813748831885,0.4058318849042784,0.1208587097992288
4904,0.5164551515083768,0.2522080867984897,0.386200985829225,0.13025416567915185
4905,0.5280346928074883,0.2453535143239257,0.3984795252422165,0.12955516756527177
4906,0.5537614313835372,0.23299642330313944,0.4247369985079461,0.12902443287559104
4907,0.5453753267590025,0.23722893264209147,0.41599652010263244,0.12937880665637003
4908,0.5433328513257732,0.26582711747041454,0.3989002456308617,0.1444326056949116
4909,0.5668920945764506,0.23484496395293789,0.4337603410604386,0.133131753516012
4910,0.522850307701515,0.2583269165271571,0.3877839999077073,0.13506630779380768
4911,0.5241043912829005,0.2523519781230376,0.3918456113996901,0.13225877988321047
4912,0.5691897829575122,0.2768030006106026,0.4116363431179752,0.157553439839537
4913,0.5479232925997554,0.2528819295355477,0.40936339312965875,0.13855989947009664
4914,0.5327807646635658,0.25569915159445605,0.3965491751532465,0.13623158951031933
4915,0.511356415282106,0.24363853306141875,0.386770288391228,0.12458612689087795
4916,0.49066983226511385,0.22235257426167324,0.3815681319484224,0.10910170031669147
4917,0.4896866563436724,0.21203775027282198,0.3858545993939396,0.10383205694973281
4918,0.4550974263957289,0.20357732797370637,0.3624499083623759,0.092647518033353
4919,0.45121832358303626,0.21733204526226552,0.35315412245892425,0.098064201124112
4920,0.4676447724380963,0.22947592700458738,0.36033155477401485,0.10731321766408147
4921,0.5223706403076278,0.20967723439404776,0.4128414091192765,0.10952923118835128
4922,0.5079560190238609,0.19797384921394348,0.40739401070631603,0.10056200831754485
4923,0.50800489505003,0.19497171067161448,0.4089583116325717,0.09904658341745833
4924,0.5157676167584552,0.21867927678335974,0.40297992733743915,0.11278768942101604
4925,0.5107188660857249,0.2176054705618306,0.3995836469063362,0.11113521917938872
4926,0.5064864883811786,0.20023942795422742,0.40506792368118594,0.10141856469999265
4927,0.5160624403966652,0.18096521341345942,0.422673090735612,0.0933893496610532
4928,0.5163559969333399,0.17029259840612712,0.42842439251297526,0.08793160442036466
4929,0.5218766367938026,0.1584935554717216,0.43916255311072855,0.08271408368307405
4930,0.5431934699065798,0.151799625758913,0.4607369044600756,0.08245656544650419
4931,0.5413437494783406,0.15622556941424276,0.45677201396724565,0.08457173551109495
4932,0.534763224365752,0.17664452673276274,0.44030022768357746,0.09446299668217448
4933,0.5574282044500197,0.15789045244771954,0.4694156130422862,0.08801259140773353
4934,0.5564006458066583,0.1504821308401644,0.4726722910248288,0.08372835478182952
4935,0.5532887010075968,0.1637310971428107,0.46269813495490236,0.09059056605269437
4936,0.5546885229179027,0.15177615005177228,0.4705000344315192,0.08418848848638352
4937,0.5669299496728697,0.1478811356661558,0.4830917048720892,0.08383824480078052
4938,0.5248159335017264,0.14385581371906572,0.4493181103351045,0.07549782316662193
4939,0.5382483000283447,0.15878020860825953,0.45278512266680304,0.08546317736154163
4940,0.5044031593115677,0.17438548397504197,0.41644257025647974,0.08796058905508793
4941,0.518189190347491,0.13793310574338025,0.44671374596021396,0.07147544438727707
4942,0.5592110736325628,0.13377193530942974,0.4844043260662709,0.07480674756629195
4943,0.5519861372754034,0.148990845343279,0.46974525606496975,0.08224088121043359
4944,0.5526328626949432,0.1551560432458763,0.46688853435155414,0.08574432834338903
4945,0.5113856823988685,0.15016547645215594,0.4345932077506315,0.07679247464823699
4946,0.5390976471737783,0.15827089507640515,0.4537741800220003,0.08532346715177795
4947,0.521266888235649,0.1766360949896989,0.4291923406502722,0.09207454758537686
4948,0.5560151519420851,0.17143255859878823,0.46069605182495943,0.09531910011712563
4949,0.5730443232247193,0.16860791995845428,0.47642451184179924,0.09661981138292008
4950,0.5100659977769663,0.1661788915417313,0.4253037956532628,0.08476220212370343
4951,0.5261830952566864,0.16731396050179503,0.43814531764019693,0.08803777761648948
4952,0.5519924454985937,0.14852776493331182,0.4700062413086147,0.08198620418997907
4953,0.5315784233561031,0.15591455494067233,0.44869761006247194,0.0828808132936311
4954,0.5408307348106336,0.1485221823027383,0.46050537382016477,0.08032536099046884
4955,0.5775455063070597,0.15494378013454504,0.48805842236012414,0.08948708394693555
4956,0.5378922572630761,0.16869840810800518,0.4471506897291736,0.09074156753390253
4957,0.5190309378875098,0.1725265873976047,0.42948430141999955,0.0895466364675102
4958,0.5212267829200969,0.18865607583818267,0.4228941834326312,0.09833259948746578
4959,0.49144488000084874,0.19473909594663055,0.3957413483618831,0.09570353163896562
4960,0.5073138967974626,0.18153336451473928,0.41521949824673604,0.09209439855072661
4961,0.5134893973599415,0.19222401753365057,0.4147844024384804,0.09870499492146105
4962,0.5128083091330123,0.17297649643534915,0.4241045244762484,0.08870378465676393
4963,0.5150492833309762,0.1581611189208182,0.4335885123799835,0.08146077095099272
4964,0.4872514718012626,0.15929171365006875,0.40963634987952136,0.07761512192174128
4965,0.4849898886799386,0.1595105305833721,0.40762889420903103,0.07736099447090758
4966,0.4794284468734274,0.1716979589178854,0.39711156109808804,0.08231688577533934
4967,0.4902492581863951,0.17691030716852196,0.40351911133149987,0.08673014685489519
4968,0.5064425758785857,0.17742097035287802,0.41658904263819596,0.08985353324038972
4969,0.5294672818833945,0.13881589312809692,0.45596880826664526,0.07349847361674926
4970,0.5290089284289627,0.14313150556688092,0.45329108404460294,0.07571784438435979
4971,0.5164543829119201,0.15557703559460603,0.436105940998642,0.0803484419132781
4972,0.5224625463459783,0.16494606337167717,0.43628440606706675,0.08617814027891156
4973,0.5071934200225297,0.1846108949132129,0.4135599888580774,0.09363343116445227
4974,0.48011287682408155,0.1862005074373464,0.3907156155322334,0.08939726129184818
4975,0.4924623150986966,0.18160403654990973,0.4030291708280597,0.08943314427063685
4976,0.47746323171724375,0.1948706262555988,0.3844196727384824,0.09304355897876138
4977,0.5012267729374795,0.1714470942724836,0.4152928991457747,0.08593387379170479
4978,0.516124637760152,0.18179136969000512,0.4222976329309763,0.09382700482917578
4979,0.5263167884863723,0.18357317233689868,0.42969914596976044,0.09661764251661188
4980,0.5210435771096777,0.18454397854629215,0.4248881223938661,0.09615545471581169
4981,0.5488241004131799,0.16996810732801473,0.45554150680995137,0.09328259360322849
4982,0.5452709040253502,0.17762490792325378,0.448417209904618,0.09685369412073218
4983,0.5642740332645082,0.20686378677274528,0.447546169965882,0.11672786329862621
4984,0.582833228900003,0.23495277261256473,0.44589494579921374,0.1369382831007893
4985,0.6028504518887585,0.24844060919699945,0.453077918366829,0.14977253352192957
4986,0.5791959064321923,0.23858516338691654,0.4410083564630345,0.13818754996915783
4987,0.5711577956496022,0.2361529803904716,0.43627717993369675,0.1348806157159055
4988,0.5800882009854007,0.24508143150803136,0.4379193542869801,0.14216884669842061
4989,0.581569296370177,0.2558781050576169,0.43275844685528453,0.14881084951489246
4990,0.6043999747615002,0.25484752011938466,0.4503701400333132,0.15402983472818702
4991,0.589583866023286,0.24568500602452154,0.4447319503473943,0.14485191567589173
4992,0.5891338511082344,0.2595807243613672,0.43620605929175704,0.15292779181647734
4993,0.6103718318066064,0.25121271033237064,0.45703866962793493,0.15333316217867146
4994,0.6164330352798795,0.24116657721337073,0.46776999008018194,0.14866304519969753
4995,0.6113697931658949,0.2829614989915096,0.4383756800535441,0.17299411311235077
4996,0.5945144339455835,0.28858463029969594,0.4229467058175642,0.1715677281280192
4997,0.611715222766803,0.27380850534677065,0.4442223919231578,0.1674928308436452
4998,0.6049628446930699,0.2800021499070631,0.43557194756511763,0.16939089712795233
4999,0.5962521185176708,0.2756745242079487,0.4318805994373305,0.16437151908034034
5000,0.5980785755424568,0.293926209443835,0.42228760688369416,0.17579096865876268
5001,0.5982751795373237,0.2972067228731027,0.42046377405071855,0.17781140548660512
5002,0.592722976407909,0.2833459767698761,0.4247773057036618,0.16794567070424724
5003,0.601702674671814,0.27282348288257313,0.43754405530808993,0.1641586193637241
5004,0.5898525297220067,0.2945871427929837,0.4160895583219873,0.17376297140001945
5005,0.6123101439591151,0.2642870737061214,0.4504844878115866,0.16182565614752847
5006,0.6196292512172665,0.27056089639491687,0.4519818055754118,0.16764744564185477
5007,0.607467036205874,0.29044420377705377,0.4310317565542522,0.17643527965162176
5008,0.571220408413128,0.29546273335564366,0.40244606519485815,0.16877434321826992
5009,0.566241095129814,0.2947795094193891,0.3993248228943498,0.1669162722354642
5010,0.581745645764525,0.30015970227374084,0.4071290459328001,0.17461659983172492
5011,0.6030110850437859,0.28381384589956243,0.4318681898774409,0.17114289516634498
5012,0.5927840153071713,0.2759399229664422,0.42921123978757214,0.16357277551959915
5013,0.6313857029949006,0.22236321907161452,0.4909887456011602,0.14039695739374042
5014,0.601863711211694,0.22898111222017972,0.4640482892134753,0.13781542199821875
5015,0.6031422791146951,0.2511958482950551,0.4516354426698663,0.15150683644482874
5016,0.5796588459330932,0.261159610459274,0.4282753675299343,0.15138347840315897
5017,0.568470703462051,0.23409792783356498,0.43539288974749585,0.13307781371455513
5018,0.550582669506966,0.22361580028798955,0.4274636852404681,0.12311898426649787
5019,0.49795773358095136,0.2286855645061103,0.3840819881768082,0.11387574540414314
5020,0.4969885875173523,0.24356819883922826,0.37593797241209864,0.12105061510525367
5021,0.46760052088196147,0.2575267757599676,0.3471808663955485,0.12041965448641294
5022,0.49223818806647196,0.26390231161308725,0.3623353923714924,0.12990279569497953
5023,0.4904763771251981,0.2700976645384664,0.357999853152394,0.1324765239728041
5024,0.5292505537028449,0.279395872309945,0.38138013358051714,0.14787042012232773
5025,0.5380371187337039,0.2804966626900232,0.38711950252554417,0.1509176162081597
5026,0.5413145142769171,0.290183639922185,0.38423389818133175,0.15708061609558538
5027,0.4897428725223244,0.3148144642872699,0.3355647324707001,0.15417814005162428
5028,0.48690095364374464,0.31231498010483727,0.33483449199347226,0.1520664616502724
5029,0.5396579879086052,0.2823519812896048,0.3872844858038489,0.15237350210475628
5030,0.5173651006258246,0.25903833481808364,0.3833477064667208,0.13401739415910388
5031,0.49896622287187176,0.2507092043540626,0.3738707981361129,0.12509542473575883
5032,0.502138713947552,0.2376551375268051,0.3828028688268135,0.11933584512073853
5033,0.5274629872082,0.20164178888932238,0.42110440689463274,0.10635858031356721
5034,0.5235378303110921,0.2092276525725084,0.4139992390421981,0.10953859126889404
5035,0.4970285123547917,0.21547965794554322,0.389928978523399,0.10709953383139272
5036,0.4698913467142006,0.2592273346365592,0.348082665336695,0.12180868137750556
5037,0.46311359406863273,0.26447202494309274,0.34063300406662794,0.12248059000200477
5038,0.45341463032419344,0.25961876152359836,0.33569968554274615,0.11771494478144728
5039,0.4808692340612224,0.2464325224935835,0.36236741572195796,0.11850181833926446
5040,0.4955834843068208,0.24534844988186386,0.3739928446450893,0.12159063966173149
5041,0.5499392563989759,0.2176636471693517,0.4302374721295736,0.11970178426940233
5042,0.5170511499372471,0.19758175047377124,0.41489127864816944,0.10215987128907764
5043,0.5448718861923464,0.22024496867831478,0.4248665946842188,0.12000529150812762
5044,0.5603299176548009,0.24146298512034195,0.42503098308563725,0.13529893456916361
5045,0.6212843298807722,0.23653610554486468,0.47432815405472334,0.14695617582604886
5046,0.5556186196256151,0.24179477494971446,0.42127294053536846,0.1343456790902466
5047,0.5532315431387086,0.24192152405709008,0.41939292506613646,0.13383861807257216
5048,0.5382648602093536,0.22174442426051005,0.4189076286825666,0.11935723152678704
5049,0.5339620109332509,0.2548336709925543,0.3978905115165642,0.13607149941668673
5050,0.5117585690787672,0.26344100462932235,0.37694037751299225,0.13481819156577488
5051,0.5245722490001122,0.2420461305554998,0.3976015659328389,0.12697068306727333
5052,0.548822357585357,0.2437922912923652,0.4150236975171451,0.13379866006821198
5053,0.5595929656946883,0.25538904959339126,0.41667905002677463,0.14291391566791364
5054,0.5476330023164158,0.26612265685959485,0.40189545275597455,0.14573754956044122
5055,0.5302756484820398,0.2736093876109809,0.3851872530358531,0.14508839544618668
5056,0.5649428064259828,0.27212009787415925,0.41121051464804215,0.15373229177794065
5057,0.5314314843846472,0.26384511558203216,0.391215882963249,0.14021560142139816
5058,0.505344843665323,0.2679776264482444,0.36992373192203054,0.13542111174329238
5059,0.5086847835105311,0.29468417688201876,0.3587834267893224,0.14990135672120877
5060,0.5141037977977734,0.2899092170093479,0.36506036831668875,0.1490434294810846
5061,0.5298549819114172,0.2978811733683258,0.37202115818459125,0.157833823726826
5062,0.532955567478136,0.3269408250448818,0.358710634534571,0.17424493294356497
5063,0.53496131448899,0.33803852736213275,0.354123779543421,0.18083753494556895
5064,0.52770821566127,0.311634923549778,0.36325590621708037,0.16445230944418965
5065,0.5474577663293433,0.30615061372580077,0.3798532351786588,0.16760453115068447
5066,0.5261857503625703,0.2985031605851522,0.3691176408244732,0.15706810953809713
5067,0.534827912752733,0.29744076677945214,0.37574828828850615,0.15907962446422683
5068,0.5464531719613561,0.31350370233544644,0.3751380793985226,0.1713150925628335
5069,0.5137349577325366,0.29893318657569873,0.3601625297622175,0.1535724279703191
5070,0.5124278810462581,0.31160046894545285,0.3527551130115194,0.15967276803473876
5071,0.5567560955724135,0.2853179530386032,0.39790358604192755,0.15885250953048594
5072,0.5330165962395846,0.27030905424785656,0.3889373842116509,0.14407921202793375
5073,0.5176525092669528,0.25236182064808166,0.3870167795652967,0.13063572970165618
5074,0.5489998064944214,0.249467673582169,0.4120421019711971,0.13695770452322426
5075,0.5557750920217096,0.24879120306054595,0.41750313824654284,0.13827195377516677
5076,0.5035205712767773,0.24825073877576456,0.3785212174685223,0.12499935380825498
5077,0.5419137461676762,0.24413135127371957,0.4096156110419579,0.13229813512571825
5078,0.5851024354067983,0.25243851170739967,0.4374000474163312,0.14770238799046712
5079,0.5978882830248934,0.23827724028738972,0.455425112945556,0.1424631700793374
5080,0.5597283569455643,0.24743919808512865,0.4212296211574472,0.13849873578811708
5081,0.4970642798125692,0.2736047995171434,0.3610651071873179,0.13599917262525127
5082,0.4730188304034248,0.2595913112840979,0.35022725195692944,0.12279157844649535
5083,0.4659538588565477,0.2535917371881507,0.3477918103395934,0.11816204851695432
5084,0.48099640529752613,0.28298005369458223,0.34488401669953117,0.136112388597995
5085,0.49766659247222295,0.24282930204730827,0.37681856116993084,0.12084803130229209
5086,0.5040660288252092,0.22814998615744256,0.3890633713263007,0.11500265749890853
5087,0.5141984675793183,0.24502559297807816,0.38820668315227674,0.12599178442704156
5088,0.508638092370919,0.24054364778748744,0.38628843022834913,0.12234966214256983
5089,0.5142497929513037,0.24950058119338112,0.38594417073137754,0.12830562221992617
5090,0.4904807089753795,0.276684712860589,0.35477219484886846,0.135708514126511
5091,0.5463878372574719,0.2424740724544404,0.4139029532180787,0.1324848840393932
5092,0.5966557259015731,0.2401262498306846,0.45338302400082353,0.14327270190074962
5093,0.5266230264265295,0.2514903045491823,0.39418244112790946,0.13244058529862
5094,0.46909083391725803,0.2722514985801838,0.34138015141305644,0.12771068250420162
5095,0.46840288614530295,0.27665706134497914,0.3388159201388366,0.12958696600646635
5096,0.49822224265349047,0.30367014536620446,0.3469270218022286,0.15129522085126185
5097,0.4971961946695058,0.3066801180967906,0.3447160069709869,0.15248018769851893
5098,0.4795062802498338,0.3106626860148726,0.33054157126642014,0.14896470898341366
5099,0.4928076290534353,0.3038156481754516,0.34308495980675835,0.14972266924667696
5100,0.4697159416384107,0.27983220427111666,0.338274294308451,0.13144164732995964
5101,0.5057304414111955,0.23216748662200343,0.38831627592052187,0.11741416549067361
5102,0.5067484138131614,0.23590748245878676,0.387202671270515,0.11954574254264638
5103,0.4833137599104462,0.22969587468213215,0.3722985830819062,0.11101517682853995
5104,0.49465662218742107,0.2495939656557205,0.37119331421779916,0.12346330796962189
5105,0.49564784915987575,0.25713212803199675,0.36820086295091475,0.127446986208961
5106,0.4611189473378224,0.26087322824497877,0.3408253589408783,0.12029358839694408
5107,0.5068110141860263,0.24371668584457779,0.38329271345907867,0.12351830072694761
5108,0.5087870392552482,0.24673012056730811,0.38325395171671706,0.1255330875385311
5109,0.49100994101580775,0.2502738301925151,0.36812300241518064,0.12288693860062712
5110,0.4862061010194982,0.26678368563649335,0.3564942454105673,0.12971185560893092
5111,0.4736590761330513,0.29411689547590386,0.3343479391468135,0.13931113698623784
5112,0.4797334949346537,0.27507311042183336,0.34777171030944165,0.13196178462521205
5113,0.5059617793074908,0.25821692377756966,0.37531388510568486,0.13064789420180586
5114,0.49044823956111794,0.24605336799932098,0.3697717983877671,0.12067644117335088
5115,0.4966383095384047,0.2595702845683494,0.367725762203977,0.1289125473344277
5116,0.4820296736576041,0.2797812513432256,0.3471668083771129,0.13486286528049116
5117,0.4878509794155185,0.2733674926711399,0.3544883803755383,0.13336259903998018
5118,0.46805091640307483,0.2711363197628337,0.34114531346792343,0.12690560293515143
5119,0.4454496836413429,0.24246641344730577,0.3374430964775895,0.1080065871637534
5120,0.42556186621293374,0.23442174483456044,0.32580091100024605,0.0997609552126877
5121,0.44488227647499873,0.19437949333242188,0.3584062849812141,0.08647599149378468
5122,0.4605622897582679,0.1885359469035457,0.37372974235062767,0.08683254740764022
5123,0.48334307558858713,0.18578837789144848,0.3935435496099198,0.08979952597866737
5124,0.4913685664203671,0.19100514209844954,0.39751464356853344,0.09385392285183365
5125,0.506611638062366,0.2001543979825238,0.4052110906350529,0.1014005474273131
5126,0.5546558657663533,0.19274507390836318,0.4477486799255104,0.10690718584084292
5127,0.5532804846226119,0.1860716674868765,0.4503306622609354,0.10294982236167653
5128,0.49168832444905086,0.2073624075572835,0.3897306497234889,0.10195767472556193
5129,0.4646247947545829,0.24704176478653478,0.34984306549482924,0.11478172925975366
5130,0.47465027056437603,0.22895986202250254,0.365974410107013,0.10867586045736304
5131,0.4650442639367832,0.22435284815015155,0.36071025880667507,0.10433400513010813
5132,0.4471770903478659,0.19239428540098558,0.3611427736026963,0.08603431674516962
5133,0.4392643181101749,0.18157049300362313,0.3595068793120101,0.0797574387981648
5134,0.4284992480005208,0.1799486814235518,0.35139137333184356,0.07710787466867723
5135,0.4381170539166592,0.18790147419629813,0.35579421361517993,0.0823228403014793
5136,0.42107440835339655,0.16012087744186532,0.3536516046195364,0.06742280373386016
5137,0.44513671131435184,0.16267400949529476,0.37272453771129666,0.07241217360305516
5138,0.454602383067645,0.17499392860683446,0.3750497261006087,0.07955265696703628
5139,0.44888475685403906,0.16037108728495184,0.37689662033171556,0.07198813652232348
5140,0.4160751656305464,0.1548406642532854,0.3516498106050169,0.06442535502552955
5141,0.44908526428259626,0.1513555834726163,0.3811137020781498,0.06797156220444645
5142,0.45720882944905855,0.15214635033931806,0.3876461747054726,0.06956265474358599
5143,0.46091495175045566,0.1605281418884575,0.386925130977347,0.07398982077310869
5144,0.4682246839090813,0.15320209509338706,0.3964916813597711,0.07173300254931017
5145,0.4834521702272283,0.13601573214815957,0.4176950693351552,0.06575710089207312
5146,0.45610028344285364,0.14787790335593645,0.3886531298072761,0.06744715363557753
5147,0.47756106725009584,0.14146376342784356,0.4100034814102798,0.06755758583981604
5148,0.48556537943842587,0.13411455005272593,0.42044399705386026,0.06512138238456562
5149,0.5324380847881348,0.12233007704924115,0.4673048928520519,0.06513319193608293
5150,0.5532107837752017,0.11145569907425688,0.491552289134119,0.061658494641082674
5151,0.5569255317288713,0.11552597011766427,0.4925861693925974,0.06433936233627387
5152,0.4767628010426987,0.1482285095430672,0.40609296163856157,0.07066983940413711
5153,0.49540765844918966,0.14208662986226037,0.42501685385219057,0.07039080459699912
5154,0.49407128623523905,0.12251601578009384,0.43353964073435125,0.06053164550088781
5155,0.446917006868994,0.12691542874137476,0.3901963433304037,0.05672066353859031
5156,0.429305918580507,0.1239009946323161,0.3761144882668421,0.05319143031366493
5157,0.43966936869318857,0.11511622521458383,0.38905629062674957,0.050613078066438985
5158,0.4901050280136875,0.10652707133844387,0.4378955747311434,0.05220945328254412
5159,0.49549827310531563,0.09906870386755265,0.4464099014201614,0.049088371685154245
5160,0.4830974369921221,0.10256994391522076,0.4335461599742532,0.04955127701786886
5161,0.5111857548282146,0.10399516718239996,0.4580249067935931,0.05316084803462149
5162,0.4844705351252841,0.10267051426399539,0.43472969613821816,0.04974083898706596
5163,0.48366301722433847,0.11127484482228368,0.4298434900364227,0.053819527187915786
5164,0.4495587698883776,0.1216328956691634,0.3948776349333871,0.05468113495499047
5165,0.44281135233442415,0.12850257268546866,0.3859089543451191,0.05690239798930501
5166,0.43207615498202334,0.1356820450911907,0.37345117863892413,0.05862497634309919
5167,0.42335734108426065,0.12696081024185565,0.36960755003836526,0.05374979104589538
5168,0.4648834661987334,0.12629775481645947,0.40616972816653996,0.05871373803219346
5169,0.4660618725038851,0.13152850925673623,0.40476144919204604,0.061300423311839075
5170,0.4538776670730096,0.14527599693075505,0.38794013650437276,0.0659375305686368
5171,0.4249230480376445,0.13879953878541543,0.36594392495072653,0.05897912308691799
5172,0.4184802725317427,0.11934762990630222,0.3685356438425358,0.04994462868920692
5173,0.48184448771943017,0.11519750083299723,0.426337206943996,0.05550728077543418
5174,0.4818275156428115,0.11596462851404014,0.42595256678345,0.055874948859361506
5175,0.5102018467313503,0.10659293180907861,0.45581793607384946,0.0543839106575008
5176,0.46661702455554865,0.12788002485060687,0.4069460278596688,0.0596709966958798
5177,0.46779648031213983,0.11728252314426485,0.41293212878312563,0.05486435152901418
5178,0.4665130620285681,0.1187438974933154,0.41111748281175514,0.055395579216812985
5179,0.44327457006198584,0.12383916462016131,0.3883798176081483,0.05489475245383749
5180,0.4257378318722653,0.12639058841210238,0.371928576792637,0.053809255079628325
5181,0.4270991378508987,0.12547855804560382,0.3735073538908474,0.053591783960051334
5182,0.4426408135342953,0.11501119268986025,0.391732165636506,0.05090864789778934
5183,0.4662371743241666,0.10803210160537606,0.41586859253537484,0.0503685817887918
5184,0.5083327712145178,0.08654084635626669,0.46434122296298697,0.04399154825153085
5185,0.5510225523657469,0.07568635781397792,0.5093176623038216,0.04170489006192531
5186,0.5683978740353167,0.08584714847056853,0.5196025373526514,0.04879533668266534
5187,0.5315924893846629,0.096952028083002,0.4800535194251281,0.051538969959534775
5188,0.5104261402239701,0.1024097604439085,0.45815352147932453,0.05227261874464563
5189,0.5037582574468844,0.1018827601803971,0.45243397571452876,0.05132428173235567
5190,0.48689937252030585,0.1016425623164244,0.43740967270708275,0.049489699813223126
5191,0.4841951658261136,0.10329240200588213,0.43418148410829793,0.050013681717815686
5192,0.47202501503440253,0.1134124866301113,0.41849148432773525,0.05353353070666726
5193,0.44552717220693056,0.11606357101707852,0.3938176976154533,0.051709474591477254
5194,0.41639591553790134,0.12348762853330608,0.3649761713971711,0.05141974414073026
5195,0.45314601268368737,0.10576028913634562,0.40522115936127845,0.047924853322408915
5196,0.45573863709501533,0.10756859448018465,0.4067154724523896,0.04902316464262574
5197,0.4745880780820587,0.09475614686236329,0.4296179404561884,0.04497013762587029
5198,0.48500172526562535,0.10018707281953025,0.43641082209884036,0.048590903166785014
5199,0.4561768299427305,0.10832008147269424,0.4067637185573786,0.049413111385351954
5200,0.4698514037288234,0.10256111512526403,0.42166291981922466,0.04818848390959876
5201,0.4331561074728548,0.1399712933428572,0.37252668689052165,0.06062942058233315
5202,0.48732234625703874,0.1286226195459003,0.42464166951820415,0.06268067673883458
5203,0.45599044186012294,0.12038265801461752,0.40109710043974145,0.05489334142038151
5204,0.4640084156908947,0.12732917605101188,0.40492660644023765,0.059081809250657036
5205,0.4555806664302051,0.1423424864418881,0.3907321815956773,0.06484848483452782
5206,0.4621791593779876,0.1443874734217899,0.3954462782871932,0.06673288109079438
5207,0.4714736487677289,0.12909780941039342,0.4106074335170899,0.06086621525063903
5208,0.46460014146940826,0.1417448879513721,0.39874544647463533,0.06585469499477291
5209,0.4831535981011696,0.12835405709813769,0.4211388735833214,0.06201472451784819
5210,0.4725913649894994,0.11527700361178131,0.4181124485007082,0.054478916488791176
5211,0.45997744980800054,0.11331162917861087,0.4078566555848333,0.052120794223167254
5212,0.41950970591966125,0.12247374810230112,0.3681307798703862,0.05137892604927501
5213,0.4183378746749652,0.1346705226423911,0.36200009445138054,0.056337780223584676
5214,0.4307070906973877,0.13392957396658733,0.3730226735358983,0.05768441716148943
5215,0.44378109452649145,0.12567156558494375,0.3880104296003474,0.05577066492614409
5216,0.46666091490514156,0.12980901953254967,0.40608411908714254,0.06057679581799902
5217,0.482325318208395,0.12462930679210109,0.4222134481518032,0.06011187005659185
5218,0.47219228445224143,0.1164768750165053,0.4171928027523396,0.05499948169990185
5219,0.4577709215224654,0.13822171015994578,0.3944970418881359,0.0632738796343295
5220,0.42783585000791563,0.1440642202577506,0.3662000118782133,0.0616358381297023
5221,0.4488656557114173,0.13877956980268016,0.38657227311258885,0.06229338259882843
5222,0.4909115151117643,0.13202836980798097,0.42609726805159204,0.06481424706017225
5223,0.47881291588164776,0.12302288535584453,0.4199079694242422,0.058904946457405585
5224,0.45876918276078194,0.12958253310997636,0.3993207099458461,0.059448472814935815
5225,0.47508426047484753,0.13212142530345033,0.41231545084167504,0.06276880963317251
5226,0.4598710011386952,0.1394551516650983,0.3957396209285179,0.06413138021017734
5227,0.47153852013598657,0.1349246721575464,0.407916339896984,0.06362218023900257
5228,0.4678456522122746,0.12012303839021551,0.4116466109708841,0.056199041241390475
5229,0.4634145316845192,0.12017533881655064,0.40772353332681893,0.055690998357700236
5230,0.4852432072333777,0.11493250452305792,0.4294729901232444,0.055770217110133316
5231,0.43810599731682465,0.12372073498677726,0.38390320132667205,0.05420279599015261
5232,0.46473130124697287,0.10664988566443503,0.4151677611042991,0.04956354014267377
5233,0.45659175413034847,0.11193147406798055,0.4054847660432536,0.05110698808709485
5234,0.4112559879984468,0.12264493487558532,0.3608175241331828,0.05043846386526401
5235,0.4332260255948863,0.12136570053885959,0.38064724550689705,0.052578780087989295
5236,0.4544653342216748,0.11116411564758467,0.4039450972504383,0.050520236971236476
5237,0.4394118295552007,0.10916606379796585,0.39144296973639675,0.04796885981880394
5238,0.4353188525442093,0.11868898205620024,0.383651301065864,0.051667551478345335
5239,0.4553123838381789,0.11698193635559624,0.4020490595301063,0.05326332430807265
5240,0.4861313300137322,0.106095838922601,0.4345548187293655,0.051576511284366716
5241,0.4891849175529522,0.11410954784394779,0.4333642477989059,0.05582066975404625
5242,0.4923763988810962,0.1289824661447455,0.4288684766819435,0.0635079221991527
5243,0.5181258426550621,0.13097073191873226,0.4502665218165187,0.06785932083854339
5244,0.503928914771821,0.11892654641732872,0.4439983892981759,0.05993052547364506
5245,0.5049712313182274,0.11510530453511092,0.4468463639558729,0.058124867362354504
5246,0.4910848729750085,0.11703807539958733,0.4336092445841627,0.057475628390845815
5247,0.4928595320304765,0.12144421746718115,0.4330045918417942,0.05985494018868232
5248,0.4646037058495567,0.1310562446697946,0.4037144889012439,0.060889216948312785
5249,0.4348988977482243,0.14259179444289236,0.3728858835170691,0.06201301423115527
5250,0.44084283588061157,0.12241796320684557,0.3868757538177774,0.05396708206283417
5251,0.4271454226018617,0.13808927301768603,0.3681612217219384,0.058984200879923364
5252,0.43914643398718806,0.13397482268353103,0.3803118683616496,0.05883456562553848
5253,0.461241419134335,0.13661739882223517,0.3982278162231258,0.06301360291120918
5254,0.4694879158033488,0.14021190834978595,0.40366011918139766,0.06582779662195117
5255,0.514075597529439,0.13695556407732615,0.4436700840914062,0.07040551343803281
5256,0.4922880049067698,0.1503257677244179,0.41828443262763765,0.0740035722791322
5257,0.4817084871984757,0.14790282133001437,0.41046244288320805,0.07124604431526767
5258,0.4724875710506034,0.1393273723189316,0.4066571193227683,0.06583045172783507
5259,0.4709072989377902,0.14079606060147903,0.4046054063388663,0.06630189259892391
5260,0.5149578766738115,0.13514491293421707,0.44536393926594,0.06959393740787155
5261,0.5114328810549491,0.14391226374174113,0.43783141739037074,0.07360146366457836
5262,0.4956734536473092,0.1548999912756508,0.4188936400017693,0.07677981364553989
5263,0.4960545284264412,0.1422718725800526,0.4254799217653965,0.07057460666104473
5264,0.5068115900388673,0.14801688388170567,0.4317949177661817,0.07501667227268564
5265,0.5259071665003978,0.15804487541295062,0.44279023389206457,0.08311693260833325
5266,0.5063032209929289,0.1584605024205622,0.4260741582172405,0.08022906277568845
5267,0.4986336151019375,0.14619635183781998,0.4257351996703305,0.07289841543160697
5268,0.5057818169716158,0.16591781141287856,0.4218636048472562,0.08391821212435961
5269,0.510710327418396,0.1600301485013849,0.42898127788043916,0.0817290495379568
5270,0.4989851902203864,0.15954846067849543,0.4193728712193575,0.07961231900102889
5271,0.49524495154807985,0.1599466794535998,0.41603216603180554,0.0792127855162743
5272,0.536403058260846,0.1575740882112096,0.45187983544168886,0.08452322281915715
5273,0.5351999053025084,0.15146322364027728,0.45413680235341936,0.08106310294908906
5274,0.547910828971527,0.17673647022678474,0.45107500306006776,0.09683582591145923
5275,0.5322323705284763,0.20070882762804484,0.42540863541401064,0.10682373511446563
5276,0.512161499231693,0.21957771589831881,0.39970224705933927,0.11245925217235371
5277,0.5263595271302829,0.21552342786394593,0.4129167175543187,0.11344280957596421
5278,0.5512964329082243,0.20911831407253062,0.43601025230425644,0.11528618060396785
5279,0.539860241168782,0.2112190268936191,0.4258314863705573,0.11402875479822465
5280,0.5287154698911524,0.209888999652055,0.4177439088151322,0.11097156107602019
5281,0.5204968335608235,0.20955926208523148,0.4114219012021178,0.10907493235870573
5282,0.5223516165127687,0.20278000055578835,0.41642915542599257,0.10592246108677618
5283,0.5324130149764973,0.21479894244533712,0.41805126241541224,0.11436175256108505
5284,0.5044649789476312,0.23036926581801848,0.38825175211656326,0.11621322683106795
5285,0.4800161275391774,0.2311799004518044,0.36904604695940973,0.11097008057976766
5286,0.46006497555994935,0.2526951222457476,0.34380880031984107,0.11625617524010828
5287,0.48012796326738033,0.2291979520136342,0.3700836173820194,0.11004434588536095
5288,0.47606240403570727,0.22336149048838838,0.36972839590480633,0.10633400813090094
5289,0.5011180522715158,0.21850205547591536,0.39162272781410246,0.1094953244574134
5290,0.5221318820324485,0.21149344601625145,0.4117044110264551,0.11042747100599343
5291,0.5967721894790814,0.18837399818637707,0.4843558261404686,0.11241636333861275
5292,0.6019648516717626,0.18724724242434684,0.4892485931598441,0.11271625851191852
5293,0.6011325423109984,0.18916330211834642,0.4874203255966534,0.11371221671434506
5294,0.5817755758442302,0.20931858573764595,0.4599991350918114,0.12177644075241885
5295,0.6127684947852249,0.202372754819089,0.4887608464291924,0.12400764835603253
5296,0.597440917583607,0.19894308300944866,0.4785841795235303,0.1188567380600767
5297,0.5434833049895753,0.19982486296141602,0.43488182804821596,0.10860147694135935
5298,0.5026283801042354,0.19603592675946996,0.40409515979489047,0.09853322030934492
5299,0.49825218149426914,0.21176588681256472,0.3927393664238403,0.10551281507042885
5300,0.46503617734084346,0.238620527698872,0.35406899930470515,0.11096717803613829
5301,0.4567624725324828,0.22763809598898083,0.3527859329659693,0.10397653956651354
5302,0.48731653240870654,0.22219386441042477,0.379037788881728,0.10827874352697851
5303,0.5071074832789857,0.2209080621986953,0.39508335182136767,0.11202413145761801
5304,0.500815495984733,0.20111041180579814,0.40009628534851827,0.1007192106362147
5305,0.5006886146148017,0.18074523691695882,0.4101915323446255,0.09049708227017624
5306,0.48150596009217506,0.18912131630381646,0.39044291911141,0.09106304098076506
5307,0.453100079126611,0.2054833370463084,0.35999556285172857,0.0931045162748824
5308,0.4427190688189668,0.2140610103853581,0.34795017763071384,0.09476889118825292
5309,0.46605858622523916,0.19828842556989953,0.3736445629393032,0.09241402328593594
5310,0.4896897238457988,0.2148916827850027,0.3844594750460518,0.10523024879974696
5311,0.4837513039380943,0.26169420855185027,0.35715638931808913,0.12659491462000516
5312,0.5451804612114217,0.25998502890921754,0.4034417032426297,0.14173875796879204
5313,0.5404961396537694,0.2670608561453846,0.3961507778545584,0.14434536179921104
5314,0.5538918395861592,0.25972426582931774,0.41003268820079375,0.14385915138536542
5315,0.520524041449854,0.2797180816254938,0.3749240551355518,0.14559998631430215
5316,0.501308454177339,0.27060802913201354,0.365650361405193,0.13565809277214605
5317,0.5008579107192428,0.27375896600752375,0.36374356696405424,0.13711434375518855
5318,0.498406580644914,0.2780466721356676,0.3598262895260784,0.13858029111883557
5319,0.5104027764436471,0.24927994902518974,0.3831695983494594,0.12723317809418766
5320,0.4868117214850069,0.24018072905498888,0.36988892730622375,0.11692279417878315
5321,0.4939058836769912,0.2243143924408742,0.3831156854570138,0.11079019821997736
5322,0.5232855433114709,0.22415114451355866,0.4059904898708053,0.11729505344066558
5323,0.5162324919559529,0.22941767085689724,0.39779963603076623,0.11843285592518665
5324,0.49599467928095164,0.22108649306337724,0.3863369550606315,0.10965772422032014
5325,0.49174863392637036,0.23497601770602372,0.3761994982139746,0.11554913571239578
5326,0.4865020343102379,0.25088603171896906,0.3644454694989366,0.12205656481130134
5327,0.4832193042745676,0.23498811783370283,0.3696685094621756,0.113550794812392
5328,0.4806892495723475,0.21334201333875963,0.3781380372782854,0.10255121229406211
5329,0.5102066362850396,0.204165889121496,0.40603984475221677,0.10416679153282284
5330,0.5166233314520622,0.21224379718303588,0.4069732338713264,0.10965009758073581
5331,0.5133862857835081,0.22490647306101136,0.39792238693004683,0.11546389885346124
5332,0.5280176898167963,0.2242430777051829,0.40961337796949726,0.11840431184729902
5333,0.5610510193311694,0.2155177115625472,0.44013458757508134,0.12091643175608806
5334,0.5622957500911873,0.21843341405899627,0.4394715696879051,0.1228241804032822
5335,0.5637418362265127,0.20552523258646802,0.44787866421733613,0.11586317200917659
5336,0.5581249299414505,0.20379580928929145,0.44438140815950344,0.113743521781947
5337,0.5186912233851205,0.22143712813970443,0.40383372848744953,0.11485749489767098
5338,0.507808650259174,0.22003526127312517,0.3960728412226436,0.1117358090365304
5339,0.5188150492681117,0.18968443334429952,0.4204039106371951,0.0984111386309166
5340,0.5458332601825421,0.18957957571846476,0.4423544223041094,0.10347883787843272
5341,0.5378607041319377,0.20441093875757696,0.4279160926795169,0.10994461145242072
5342,0.5199798811660815,0.21070597497389823,0.4104170133381706,0.10956286782791094
5343,0.5182475548665078,0.20106487555436905,0.4140461747409173,0.10420138012559042
5344,0.49329326699371095,0.22441377884128969,0.3825914608706871,0.11070180612302391
5345,0.5020314448662986,0.2387342583125426,0.38217934022656863,0.11985210463972992
5346,0.5193294126404951,0.2470937496538944,0.3910063607656006,0.12832305187489454
5347,0.5210981957691677,0.25406421039733373,0.3887057941215989,0.13239240164756882
5348,0.5483440251287451,0.26466526805395796,0.40321640673225956,0.14512761839648558
5349,0.5911407818652676,0.26308603142924136,0.43561989954835556,0.1555208823169121
5350,0.5897295256277038,0.25877633418350493,0.43712148082598923,0.1526080448017145
5351,0.5493477923262416,0.26083535679204006,0.4060584649119069,0.14328932741433476
5352,0.5273936071412356,0.25163862044485324,0.3946810074087802,0.13271259973245544
5353,0.5469995222631713,0.2397710752255323,0.4158448586622782,0.13115466360089306
5354,0.5421584630992158,0.24081682867635945,0.4115975813756136,0.1305608817236022
5355,0.5733269572059831,0.20906207012587905,0.453466036673529,0.1198609205324541
5356,0.5462141369614144,0.19325988574991618,0.4406528552572624,0.10556128170415202
5357,0.5124060668495095,0.20670902559043808,0.4064871080644185,0.10591895878509099
5358,0.5289456453181609,0.22493730506701046,0.409966037333363,0.11897960798479787
5359,0.5820130325993715,0.22444628166104727,0.4513823715541727,0.13063066104519883
5360,0.5982920492345413,0.23243395934749875,0.45922865938482815,0.1390633898497131
5361,0.5955013044116929,0.22090853239716096,0.46394998521351083,0.13155131919818208
5362,0.5500722159513407,0.2008182185144828,0.4396076934896786,0.1104645224616621
5363,0.4687834388896164,0.22827217524358834,0.36177322357611386,0.1070102153135025
5364,0.48692653697944366,0.21659601722266286,0.3814601883896725,0.10546634858977116
5365,0.5047378505899233,0.219006568706496,0.3941969458359321,0.11054090475399114
5366,0.4978629124831523,0.2377177711927084,0.37951205056814685,0.1183508619150054
5367,0.5017172337235236,0.24906276834730237,0.3767581505647923,0.12495908315873132
5368,0.5191058647152247,0.19762773054775704,0.41651615075752385,0.10258971395770083
5369,0.5319314802223863,0.1848760973688288,0.43359006409124723,0.09834141613113913
5370,0.4869256537380831,0.1899067201546758,0.3944551998775124,0.09247045386057072
5371,0.49445956925011975,0.19103121315492097,0.4000023578802097,0.09445721136991003
5372,0.468894437184357,0.187894125943723,0.38079192674972834,0.0881025104346287
5373,0.4675837993720431,0.17908335877040002,0.38384732207387273,0.08373647729817034
5374,0.4991680654880207,0.17302280065391878,0.4128006088002846,0.08636745668773607
5375,0.5282901430552527,0.15949612328652607,0.4440299132674556,0.08426022978779707
5376,0.527003008699804,0.16514606019513947,0.43997053810204656,0.08703247059775744
5377,0.5558024836429658,0.16412261256053776,0.4645827279598467,0.0912197556831191
5378,0.5004733835765443,0.18351510787907746,0.4086289565988878,0.09184442697765643
5379,0.4908625233142677,0.203311216203381,0.3910646667105835,0.09979785660368423
5380,0.48266323018250396,0.2151878873192713,0.3787999493928358,0.10386328078966817
5381,0.4800659243541645,0.22342449921751859,0.37280743561394014,0.10725848874022437
5382,0.4679456363358077,0.23278210821106526,0.3590162645813899,0.10892937175441779
5383,0.5105354145897749,0.21326895123144574,0.40165406215370225,0.10888135243607264
5384,0.4921816887799898,0.22912368744003844,0.37941120535625317,0.11277048342373666
5385,0.4891804227468049,0.20312293085426003,0.38981666156194794,0.09936376118485694
5386,0.46913135751148766,0.22288958978411855,0.3645668616808855,0.10456449583060215
5387,0.48029913374090394,0.201218893100356,0.38365387369249937,0.09664526004840454
5388,0.5118841703307111,0.20807733200837233,0.4053726778709775,0.10651149245973358
5389,0.5153300321795529,0.21626029884299386,0.4038846054176331,0.11144542676191975
5390,0.5328770954194761,0.22680619743481273,0.41201726770727687,0.12085982771219925
5391,0.5330460883907763,0.22012861323415955,0.41570739216342145,0.11733869622735482
5392,0.5051335144336992,0.23855270872643514,0.38463254629703647,0.12050096813666278
5393,0.5109797212900085,0.2247391665594176,0.3961425645985285,0.11483715669148001
5394,0.5061593461443282,0.21374671495330486,0.39796944866306533,0.10818989748126288
5395,0.464927195970366,0.22821779284429272,0.35882253747272314,0.10610465849764288
5396,0.5113427324879298,0.20707316411854756,0.4054573749226302,0.10588535756529965
5397,0.5240601243323081,0.1968240531448582,0.4209124865696249,0.10314763776268321
5398,0.42516743818114494,0.23421032289568597,0.32558883520000736,0.09957860298113756
5399,0.38132163601834246,0.23767607023372728,0.2906906080744071,0.09063102794393535
5400,0.4002787930265428,0.20730637474823868,0.31729844755560965,0.08298034547093315
5401,0.43617961274000816,0.17806064059925936,0.3585131914791854,0.07766642126082272
5402,0.4724668727642942,0.17166704423514195,0.39135988121782694,0.08110699154646728
5403,0.4449754983014211,0.17608653928726564,0.3666213027378973,0.07835419556352378
5404,0.44439371584062476,0.17813696662150408,0.3652307673151172,0.07916294852550754
5405,0.42634502557624676,0.17355682368072592,0.3523499371451555,0.07399508843109125
5406,0.4668487032576006,0.16635576094212354,0.3891857319823388,0.07766297127526177
5407,0.4662773654982384,0.17057970483557902,0.3867399101200375,0.07953745537820091
5408,0.446228373855938,0.18827201492923476,0.36221605879148466,0.08401231506445331
5409,0.43415205616325875,0.18959493796260254,0.35183902400864936,0.08231303215460938
5410,0.4606481063499475,0.1722275393608149,0.38131181648207707,0.07933628986787043
5411,0.47013962452145913,0.1568136394138364,0.39641531896759463,0.07372430555386453
5412,0.46430026494467314,0.1646594129604379,0.38784885588150747,0.07645140906316567
5413,0.4621669847400244,0.15061358128134597,0.3925583600183281,0.06960862472169624
5414,0.47015564627192635,0.1637408493040587,0.39317196144626254,0.07698368482566381
5415,0.46250331584101084,0.13913385788609198,0.3981534452229413,0.06434987061806952
5416,0.4854072499478701,0.1391236202079461,0.41787563605993905,0.06753161388793105
5417,0.47444387844795,0.1397072710997403,0.40816061890001,0.06628325954793998
5418,0.45741106168265894,0.15570985963419456,0.3861876494729242,0.07122341220973473
5419,0.49920225332425766,0.14039872009287707,0.4291148958900517,0.07008735743420597
5420,0.5171166308258995,0.13982034921208306,0.44481320292044646,0.0723034279054531
5421,0.5255929149315269,0.15228122311919384,0.4455549829829716,0.08003793194855532
5422,0.49465946628217483,0.16314353916779709,0.41395897027004724,0.08070049601212759
5423,0.4963684652224594,0.13860681718186554,0.4275684121085268,0.06880005311393261
5424,0.4456114318307024,0.15472066416535338,0.37666613513818203,0.06894529669252036
5425,0.5225633705312959,0.12287330455786322,0.4583542823532204,0.06420908817807544
5426,0.4869171921682003,0.1257186975325773,0.4257025969625945,0.06121459520560579
5427,0.45305713710063844,0.13537521781667983,0.39172442848223815,0.06133270861840031
5428,0.4640011348633947,0.13022194733150785,0.4035780035174539,0.060423131345940864
5429,0.496172047337824,0.16424158684761367,0.4146799629336305,0.0814920844041935
5430,0.45644546122547947,0.15277528470024146,0.3867118759366238,0.06973358528885565
5431,0.437590643317352,0.14679858460470857,0.37335295624210085,0.06423768707525114
5432,0.4702767746204066,0.14320207383319472,0.40293216521917846,0.06734460940122815
5433,0.49491908730152756,0.1506363330415052,0.4203662908381769,0.0745527964633507
5434,0.4741427960240354,0.15263988312094065,0.4017696950562907,0.07237310096774477
5435,0.44862521343276535,0.14590518444108788,0.3831684689219353,0.06545674451083004
5436,0.44988230969698917,0.14509600497375008,0.3846061838515926,0.06527612584539652
5437,0.4680197953180151,0.1320611828790987,0.40621254753748437,0.06180724778053073
5438,0.4546040702000724,0.13936312248896435,0.39124902748079793,0.06335504271927443
5439,0.43098014707317106,0.162622372459834,0.3608931330730438,0.07008701400012726
5440,0.41571982612915837,0.16073188969440244,0.3489003928919903,0.06681943323716805
5441,0.4279472953677179,0.15719252224026212,0.3606771806229679,0.06727011474475002
5442,0.43025449789905656,0.15540957998114932,0.36338882709556386,0.06686567080349268
5443,0.4252064173232859,0.1529136533487518,0.3601865506230483,0.06501986670023763
5444,0.47149501226982826,0.14478633335767171,0.4032289782468494,0.06826603402297887
5445,0.45567529378312305,0.1417024276425884,0.39110499843730484,0.06457029534581821
5446,0.4850749360493705,0.12377609001937631,0.4250342570987804,0.06004067895059009
5447,0.49695751749683487,0.11051638347956402,0.4420355699201025,0.05492194757673235
5448,0.48079662003173645,0.10628534148214894,0.4296949870882003,0.05110163294353612
5449,0.5153093689375374,0.09840059829803396,0.4646026187255014,0.050706750212036
5450,0.45387879937917214,0.12624884573298056,0.3965771248548806,0.05730167452429154
5451,0.4680623098036039,0.12923907495560327,0.40757036986300316,0.060491939940600765
5452,0.4379288609277656,0.11857946611659946,0.3859994904019006,0.05192937052586498
5453,0.43322017995637335,0.12043810096222408,0.3810439641839148,0.05217621577245858
5454,0.4269969778521986,0.12693272406574294,0.37279708828557934,0.05419988956661927
5455,0.4408286097747242,0.13367182783460446,0.3819022437443492,0.05892636603037497
5456,0.42088327364635947,0.14124343713786736,0.36143627344271007,0.0594470002036494
5457,0.46410155453743585,0.11632310856706844,0.41011581902283245,0.05398573551460339
5458,0.4470757916878428,0.13456687690719737,0.38691419865959703,0.06016159302824575
5459,0.47614012013888785,0.12932318100651363,0.4145641651977033,0.06157595494118454
5460,0.496604292042467,0.12317156878823497,0.4354367623246255,0.06116752971784145
5461,0.492895165193514,0.12104339556192133,0.43323346074243696,0.059661704451077074
5462,0.4755514862683481,0.12362638408943799,0.4167607755726342,0.0587907106957139
5463,0.47766986563929664,0.12106737650621456,0.419839628170271,0.05783023746902565
5464,0.4939044732693261,0.12359422886912053,0.4328607307605946,0.06104374250873151
5465,0.48059828572486596,0.11672671184895596,0.42449962811195735,0.05609865761290863
5466,0.5083127793210439,0.0957193272272635,0.45965742206341315,0.04865535725763078
5467,0.4591479387340918,0.10746085653295852,0.40980750796238397,0.04934043077170787
5468,0.4468652345571052,0.11198955937361077,0.39682099383966973,0.050044240717435434
5469,0.4702844498213694,0.09648071675911998,0.4249110690219353,0.045373380799434114
5470,0.42818778971217764,0.10950519650206189,0.38129900165996206,0.046888788052215566
5471,0.44590617349029665,0.10326648497999986,0.3998590103230717,0.04604716316722493
5472,0.5043551232220248,0.0928570793915288,0.45752217950347296,0.04683294371855185
5473,0.5374720564060856,0.097559957645188,0.4850363053476358,0.05243575105844981
5474,0.5645186169025733,0.10764662751104959,0.5037500916258091,0.06076852527676421
5475,0.5414593049080082,0.11739219662612506,0.4778962077212023,0.0635630971868059
5476,0.5484313252204739,0.12708585388604982,0.4787334619569721,0.06969786326350182
5477,0.5257695898623322,0.1392864504360321,0.45253700994319956,0.07323257991913266
5478,0.4941482382476578,0.1572012461432789,0.4164675194156201,0.07768071883203768
5479,0.513613079936803,0.14742178910425663,0.43789532078517196,0.07571775915163108
5480,0.46526224820494716,0.16133185074183154,0.39020062862173766,0.07506161958320952
5481,0.4365137454373531,0.1763093643455455,0.35955228445120013,0.07696146098615299
5482,0.4352392024966468,0.17834280785994794,0.35761742103267036,0.07762178146397646
5483,0.43720502804933253,0.18656633368532297,0.3556372888973798,0.08156773915195276
5484,0.4195863511693516,0.19015179004854096,0.3398012554145637,0.07978509575478793
5485,0.4540870990316016,0.18139468215698668,0.3717181140311761,0.0823689850004255
5486,0.4702477163926665,0.1629212110914165,0.3936343889250003,0.07661332746766618
5487,0.477345746723731,0.15316961581070243,0.40423088208918423,0.07311486463454674
5488,0.49702929672118057,0.1405016003052298,0.4271958851332718,0.06983341158790878
5489,0.5092838415565616,0.1442266598643624,0.43583153416596754,0.07345230739059404
5490,0.49979195629607304,0.1517555145072261,0.4239457708217894,0.07584618547428362
5491,0.5004657021176718,0.15335968275637293,0.4237144408104602,0.07675126130721159
5492,0.46251421937237663,0.18585734760972716,0.3765525533280432,0.0859616660443334
5493,0.438345338578862,0.21301007072181172,0.34497336700760206,0.0933719715712599
5494,0.4358966235597957,0.21611823282643272,0.3416914155810439,0.09420520797875183
5495,0.4483798619491926,0.1966699440083534,0.3601970196051717,0.08818284234402093
5496,0.45000263628209186,0.18058886336238547,0.3687371716858319,0.08126546459625994
5497,0.48659974618679636,0.1633177654757528,0.40712936295850033,0.07947038322829604
5498,0.4837903669362239,0.17587247147656115,0.3987049594265978,0.0850854075096261
5499,0.47302979663904476,0.18170769425295427,0.38707664297882005,0.08595315366022468
5500,0.536627946505194,0.15745937287981862,0.4521308465787013,0.0844970999264927
5501,0.544431813969221,0.13446803222379297,0.47122313926474974,0.07320867470447127
5502,0.5185646646730081,0.13882554927626162,0.4465746402645173,0.07199002440849077
5503,0.5225731085895783,0.14558386494933306,0.44649489572251994,0.07607821286705833
5504,0.5016608303082164,0.1526004125470738,0.425107180644475,0.0765536496637414
5505,0.518353688512644,0.1580875573297373,0.43640842006282055,0.0819452684498234
5506,0.5358312927107837,0.14376326120814156,0.4587984386133071,0.07703285409747655
5507,0.5171675957422921,0.15574541674170417,0.43662111301810363,0.08054648272418848
5508,0.5117527657437231,0.1613605853238924,0.4291760399221951,0.08257672582152796
5509,0.5420050677172703,0.14151577600656504,0.46530279995977,0.07670226775750034
5510,0.5001846676581011,0.13530299481331007,0.43250818416425985,0.06767648349384127
5511,0.5213871324666614,0.13664143952314697,0.45014404413757103,0.07124308832909032
5512,0.5251341961403329,0.1424500630735118,0.4503287967780845,0.07480539936224832
5513,0.5609444654038247,0.13315826684071908,0.4862500725967577,0.074694392807067
5514,0.5370292536066866,0.13616057958318273,0.46390703918247617,0.07312221442421048
5515,0.48794711755297143,0.14957137795883718,0.4149641948095308,0.07298292274344065
5516,0.48141216691860644,0.15586259086609314,0.4063780193082124,0.07503414761039409
5517,0.5292594088952414,0.1319157957341971,0.4594417328210148,0.06981767607422655
5518,0.515691075264906,0.14103555944400334,0.4429602959646403,0.07273077930026565
5519,0.4986483036673441,0.1481653275327497,0.424765914430822,0.07388238923652206
5520,0.5256014029097882,0.146432427969877,0.44863631333733434,0.07696508957245385
5521,0.5500053579471023,0.1564767951368759,0.46394228222742945,0.08606307571967282
5522,0.509129581456668,0.17017339462566414,0.4224892722758432,0.08664030918082477
5523,0.508012053973451,0.14972592654538405,0.43194947849605236,0.0760625754773986
5524,0.4865758995461688,0.15592778029036847,0.4107051995871454,0.0758706999590234
5525,0.4922328135233935,0.14757983170901026,0.4195891777419585,0.07264363578143504
5526,0.5178581936138035,0.1458932763553136,0.44230616506004133,0.07555202855376213
5527,0.5188386873951916,0.13513962053999315,0.4487230240591372,0.07011566333605432
5528,0.4677491253334775,0.1528275386355211,0.3962641778098443,0.07148494752363323
5529,0.4543016230512329,0.15395019004801325,0.3843618018433747,0.06993982120785817
5530,0.45876020528883193,0.15434147560341177,0.3879544782564295,0.07080572703240243
5531,0.4716359635482233,0.16676855299593077,0.39298191636644453,0.07865404718177875
5532,0.4486377370117677,0.17338360725354757,0.370851307818599,0.0777864291931687
5533,0.466904564362462,0.17100486743331147,0.38706161122965116,0.07984295313281087
5534,0.4438284347364871,0.16232986451493767,0.3717818250578363,0.0720466096786508
5535,0.4823268385049526,0.14957745050620164,0.41018161969066536,0.07214521881428726
5536,0.48105713755921803,0.15767320869830403,0.4052073151130347,0.07584982244618334
5537,0.5020844906627904,0.15592336367218412,0.42379778803101276,0.0782867026317776
5538,0.4956816860525425,0.16416232405876252,0.4143094284767912,0.08137225757575127
5539,0.5086863006781339,0.15492865282857762,0.4298762174017179,0.07881008327641606
5540,0.4991461128663118,0.14661467060166083,0.425963969946318,0.07318214291999373
5541,0.4482940145685978,0.15676048206740345,0.3780192287368928,0.07027478583170498
5542,0.45080013652135426,0.16784835907576326,0.3751340733351149,0.07566606318623936
5543,0.49728462431391685,0.14131354400513746,0.4270115716728539,0.07027305264106294
5544,0.4933376365740208,0.12199315241065203,0.4331538230855354,0.06018381348848538
5545,0.5476566661009249,0.12103620132240744,0.4813703836071749,0.06628628249375002
5546,0.5402454202605024,0.1787072079266119,0.4436996696106089,0.09654575064989343
5547,0.5245376594060791,0.14089514904566444,0.4506328477039956,0.07390481170208349
5548,0.4784439330109141,0.10390146995900412,0.4287329050781128,0.04971102793280127
5549,0.5190291035690486,0.17721386600774974,0.4270499495550408,0.09197915401400784
5550,0.5021745441095837,0.19599711595287087,0.4037497817591576,0.09842476235042615
5551,0.4949847953522984,0.14286256647314668,0.4242699971230838,0.07071479822921464
5552,0.5038560414145613,0.14037691512494227,0.43312628465372005,0.07072975676084127
5553,0.5039361447850951,0.19984792450547534,0.40322555216650313,0.10071059261859197
5554,0.5790472290134503,0.19327358235869482,0.4671326967071452,0.1119145323063051
5555,0.5794627493295366,0.21089036275530848,0.4572596399202422,0.12220310940929435
5556,0.5061079846016254,0.13949880262173872,0.4355065267523973,0.07060145784922812
5557,0.4850930042614342,0.11717775955659905,0.4282508928454996,0.056842111415934614
5558,0.5235265012418736,0.1947716527974766,0.4215583793117137,0.10196812193015992
5559,0.5302124877759495,0.2142088873812925,0.4166362606937962,0.11357622708215331
5560,0.5144623121870164,0.16836633408382806,0.42784417865979857,0.08661813352721785
5561,0.49676573722384376,0.14167249130576007,0.42638769763599926,0.0703780395878445
5562,0.4994256374174549,0.23508058322677178,0.38202036729495736,0.11740527012249755
5563,0.519016854962594,0.22813221002393277,0.4006123928003064,0.11840446216228755
5564,0.5836435483419171,0.19889356589291554,0.467560601801799,0.11608294654011814
5565,0.5618079539230497,0.1910685056191591,0.4544641477220152,0.10734380620103451
5566,0.556696320896048,0.2015387693700531,0.4445004294698223,0.1121958914262257
5567,0.5821640646191785,0.23622895572549382,0.444640055573281,0.13752400904589743
5568,0.5486973835011129,0.23707779523665454,0.4186134175685479,0.13008396593256494
5569,0.5910553900604915,0.21538660722503594,0.46374997491329195,0.12730541514719948
5570,0.5761536736196201,0.2672917000344592,0.42215257871673295,0.1540010949028872
5571,0.5579129134661948,0.23899729505241551,0.42457323627296184,0.13333967719323292
5572,0.5944059430700602,0.1867204240740962,0.4834182133078555,0.11098772976220472
5573,0.5491942978190082,0.2206849723679349,0.42799536938019295,0.12119892843881525
5574,0.544202283106901,0.21062094009612536,0.42958188663646774,0.11462039647043325
5575,0.5627608177819841,0.14594284396504026,0.4806299035627895,0.08213091421919455
5576,0.5267035792401304,0.16716857069506025,0.43865529471858544,0.08804828452154502
5577,0.5251917170931358,0.24838497445946314,0.39474198585663567,0.13044973123650014
5578,0.5520620944053544,0.25238102309515,0.41273209820727974,0.1393299961980746
5579,0.6060162719076498,0.24982866979958443,0.4546160328200584,0.15140023908759143
5580,0.6124458435997762,0.2474169022285709,0.4609163901935557,0.15152945340622045
5581,0.6209674318419326,0.2323141499129727,0.47670791078993224,0.14425952105200038
5582,0.5955899028945049,0.25317647887532846,0.44480054842597533,0.15078935446852954
5583,0.6211100309530827,0.2690352413320616,0.4540095438818559,0.16710048707122685
5584,0.6500721409565521,0.27985731957660315,0.4681446940570277,0.1819274468995244
5585,0.6576477895915852,0.3128133580021717,0.4519267761467358,0.20572101344484942
5586,0.6539949378707927,0.31165513905281217,0.4501740545688355,0.20382088330195713
5587,0.6476159720162062,0.282857794648211,0.4644327463927446,0.18318322562346162
5588,0.6126339606176472,0.29387932200733746,0.43259350763266313,0.18004045298498403
5589,0.585270910974133,0.20223990396262292,0.4669057781466075,0.11836513282752549
5590,0.5991311478014275,0.20207058146645906,0.478064368390526,0.12106677941090149
5591,0.5804798820451926,0.19740860260211876,0.4658881596920084,0.1145917223531842
5592,0.5871128713441552,0.20501647163156628,0.4667450620116988,0.12036780933245643
5593,0.5998709000509268,0.19549564056532198,0.48259875418897463,0.11727214586195217
5594,0.558400010375514,0.1998423866152669,0.4468080196160815,0.11159199075943252
5595,0.5418103229473448,0.21512069747820692,0.42525570837401944,0.11655461457332535
5596,0.5137974861394411,0.24785981197252036,0.3864477378329656,0.1273497483064755
5597,0.5256621118920564,0.2925262153090602,0.3718921637689054,0.15376994812315098
5598,0.5444783545435283,0.3376486270376325,0.3606359856801967,0.18384236886333163
5599,0.6040978177293496,0.33190212079227766,0.40359647085899164,0.20050134687035792
5600,0.5883101517549686,0.32740916469986947,0.39569201638442086,0.1926181353705477
5601,0.5821749845462675,0.3166225073489907,0.3978452812233684,0.18432970332289914
5602,0.5726923430943613,0.2979129563174479,0.402079874102754,0.17061246899160737
5603,0.5811252918018188,0.2980980709240424,0.4078929633505254,0.1732323284512934
5604,0.5708146326635503,0.31364307200567276,0.3917825777291647,0.17903205493438554
5605,0.5618611745655356,0.30216103207710837,0.39208862217475704,0.1697725523907786
5606,0.5584579048003617,0.2852676374229676,0.39914793769778195,0.15930996710257977
5607,0.5267581080360386,0.3181163025893595,0.35918776634864763,0.167570341687391
5608,0.5092949044143058,0.3394033084223312,0.3364385288934555,0.1728563755208503
5609,0.551446024983033,0.3317037597337949,0.36852930520590477,0.18291671977712823
5610,0.5887742976556817,0.3092856981451115,0.4066748279553465,0.18209946970033516
5611,0.5470102663430005,0.2829460317093475,0.39223588217697525,0.15477438416602526
5612,0.569880885842328,0.28742863204678787,0.40608080239505595,0.163800083447272
5613,0.6160519726410921,0.3269641345710556,0.4146250725557058,0.20142690008538633
5614,0.6328680299362855,0.34582820390372154,0.4140044158353332,0.21886361410095231
5615,0.6299040656751532,0.3630510972249427,0.40121670348533645,0.22868736218981675
5616,0.6012864366986551,0.3718641671826131,0.3776895566775087,0.22359688002114642
5617,0.6017362940395432,0.3384840540223447,0.39805815378065695,0.20367814025888625
5618,0.5416291167893583,0.27032764989187114,0.39521179053468125,0.14641732625467704
5619,0.5493295719218165,0.2582636382055539,0.4074577181033887,0.14187185381842785
5620,0.5823416378103274,0.31477802267584015,0.39903328853858233,0.18330834927174514
5621,0.5462357101034854,0.3184031892126832,0.37231251794468095,0.17392319215880442
5622,0.5266303864791649,0.29371071848724084,0.3719533972891561,0.15467698919000886
5623,0.4947104657422284,0.2276241155558817,0.3821024335214153,0.11260803222081305
5624,0.5308614612869331,0.2269271280169715,0.4103945945021967,0.12046686678473643
5625,0.5501786005396517,0.2259208991572281,0.4258817564086682,0.12429684413098353
5626,0.5460023158580964,0.2224957377862241,0.4245191277582623,0.12148318809983415
5627,0.5284798769918055,0.21302260003132392,0.41590171953077687,0.11257815746102866
5628,0.5556372320254974,0.2176285433794083,0.4347147105724221,0.12092252145307532
5629,0.536100176562764,0.2042406050543103,0.4266067521318625,0.1094934244309015
5630,0.5235397245803272,0.1971203373179952,0.42033939747168275,0.1032003271086444
5631,0.5197121510223145,0.17869551822497456,0.42684191886756573,0.09287023215474874
5632,0.5225955625950041,0.16991436291974807,0.43379907051198663,0.08879649208301744
5633,0.5251616004025664,0.17493186920093257,0.4332941000115923,0.09186750039097416
5634,0.548660863341969,0.20027484486748529,0.4387778940512956,0.10988296929067337
5635,0.5648063998918537,0.24747529835955553,0.42503076756323077,0.13977563232862292
5636,0.5743479161327252,0.2924128129045662,0.40640122639047915,0.16794668974224605
5637,0.5644463919899062,0.2997218838591416,0.39526945604519603,0.1691769359447102
5638,0.5242244152354951,0.2751756884010791,0.37997060089641466,0.1442538143390805
5639,0.5581581203920558,0.2967170625722617,0.3925430824584702,0.16561503793358562
5640,0.5450990256570929,0.3038671328564088,0.37946134760785005,0.16563767804924284
5641,0.5614348806322869,0.2552703145852531,0.41811722203414897,0.1433176585981379
5642,0.5113652748550391,0.2592089528518038,0.3788148174350896,0.13255045741994953
5643,0.5271203767955654,0.26837347258413563,0.38565525080508156,0.14146512599048391
5644,0.5217072311759436,0.2904859050663159,0.37015863394815796,0.1515485972277857
5645,0.5544346827051195,0.3028641079017966,0.38651631713781787,0.16791836556730166
5646,0.5587591329084117,0.3155682826525206,0.38243247292009275,0.176326659988319
5647,0.5691072094649022,0.25755407807545105,0.4225313268050767,0.14657588265982552
5648,0.577296901711762,0.2598297911908987,0.42729796828484207,0.1499989334269199
5649,0.5624903146333163,0.26955368113743655,0.410868979719751,0.1516213349135653
5650,0.5390984619536078,0.2600536277846433,0.39890395118945055,0.1401945107641572
5651,0.5514303409093676,0.2699306503297206,0.4025823903761625,0.14884795053320513
5652,0.5634346210511929,0.30402784076107703,0.39213480980296306,0.17129981124822985
5653,0.5492383336024201,0.30709137050534646,0.38057198100238027,0.16866635260003987
5654,0.5473214569179711,0.2934741712561256,0.38669674593827424,0.16062471097969683
5655,0.4877382029983449,0.25340132297756635,0.3641446970918635,0.12359350590648141
5656,0.4884610517579147,0.26604462699204046,0.3585086134428405,0.1299524383150742
5657,0.5128358871148163,0.3199583741073975,0.34874975048963486,0.16408613662518148
5658,0.5137859362911721,0.3106652947771078,0.3541704769409428,0.1596154593502293
5659,0.5042732743953462,0.3063664331049002,0.3497808700087154,0.1544924043866308
5660,0.4925414063149321,0.25574102549844163,0.36657836196350674,0.12596304435142536
5661,0.5133794147239285,0.22980383671746052,0.3954028555286053,0.1179765591953231
5662,0.5101335537884412,0.19992260791261426,0.4081463233313261,0.10198723045711504
5663,0.5302163256267474,0.21276741213985878,0.41740357014883966,0.11281275547790773
5664,0.5399979871458812,0.21205346630295518,0.4254895421749785,0.11450844497090275
5665,0.5332895453547976,0.16915964963704685,0.44307847270748,0.09021107264731756
5666,0.48448157195012437,0.1781359892797851,0.39817796784296355,0.08630360410716079
5667,0.48650438503139903,0.22147256962718162,0.37875700874360335,0.1077473762877957
5668,0.528625367507506,0.2598998682457403,0.3912357041409491,0.13738966336655686
5669,0.5058357831814513,0.27622596740130967,0.3661108046259558,0.1397249785554955
5670,0.5191033351430073,0.2553900150203669,0.3865295265837121,0.1325738085592952
5671,0.4966549841140011,0.27152834068928683,0.3617990803824623,0.13485590373153883
5672,0.47542248146453236,0.28907796848511114,0.33798831635061494,0.13743416511391743
5673,0.4780897363289767,0.31095050812348135,0.32942748988886017,0.14866224644011652
5674,0.5284475095814704,0.2989046422207133,0.370492095797594,0.15795541378387634
5675,0.5739990889875386,0.32035767572109336,0.39011407497346573,0.1838850140140729
5676,0.5702690231730733,0.33080297377277673,0.3816223344569241,0.18864668871614915
5677,0.5621601056452888,0.30540374555500205,0.390474303779622,0.17168580186566687
5678,0.5857269291018613,0.23970162439158846,0.4453272327462484,0.14039969635561292
5679,0.5827537600815024,0.23642860863552925,0.44497409940830973,0.13777966067319264
5680,0.5893468433167544,0.2752500803878904,0.4271290773174683,0.16221776599928608
5681,0.5592025609981377,0.2748987439837161,0.4054784793472722,0.15372408165086546
5682,0.5589097393903661,0.2558684429754233,0.41590237460875357,0.1430073647816126
5683,0.5492959351570987,0.259740773360155,0.4066213841558044,0.14267455100129436
5684,0.5286736057275289,0.24414929363616072,0.39959831832507053,0.1290752874024583
5685,0.5236341225182792,0.25145457565430346,0.3919639264423318,0.13167019607594746
5686,0.49847489348797563,0.26830429658265836,0.36473193782656876,0.13374295566140684
5687,0.5154332853099014,0.2905648687710954,0.3656664804035753,0.14976680490632607
5688,0.5404179557092673,0.31870038302618425,0.36818654623049635,0.17223140947877097
5689,0.605539361623573,0.33442626784523827,0.4030310928824134,0.20250826874115962
5690,0.5890754563009352,0.32161902834909756,0.39961758042112716,0.18945787587980803
5691,0.5892984447690877,0.3155168150045628,0.40336487638840285,0.1859335683806848
5692,0.5578472079185878,0.2957062330799822,0.3928883114307966,0.1649588964877912
5693,0.5476061004391647,0.29336770649741584,0.3869561546893334,0.16064994574983127
5694,0.5342490128102554,0.29472520838584626,0.3767923611798202,0.15745665163043518
5695,0.5325132143721206,0.2892975086005247,0.378458468157409,0.15405474621471163
5696,0.4989970121625647,0.2547792877939298,0.3718629087924875,0.12713410337007716
5697,0.5089909206983437,0.2243827140116439,0.39478215650476395,0.11420876419357978
5698,0.4968692748387626,0.22951401398108895,0.3828308131466453,0.11403846169211729
5699,0.527476494530591,0.23998097957737682,0.40089216866909894,0.12658432586149207
5700,0.5141721182754846,0.22197917080903945,0.40003661780756516,0.11413550046791943
5701,0.5303139617825996,0.15441080888327066,0.4484277539816565,0.08188620780094309
5702,0.5406787285594605,0.1646861371718463,0.45163643730201775,0.08904229125744277
5703,0.5926870391104652,0.20292888188033203,0.47241372095881384,0.12027331815165132
5704,0.578586930100083,0.24578040033323495,0.43638160279250715,0.14220532730757582
5705,0.5546603374182351,0.24881286954010598,0.4166537072451206,0.1380066301731145
5706,0.5513697948830654,0.23399913345563023,0.4223497406668195,0.12902005421624588
5707,0.5811445962013443,0.22146294084359602,0.45244260487123045,0.1287019913301138
5708,0.5808928905615248,0.21758742033367315,0.45449790501407195,0.1263949855474529
5709,0.5593964881095953,0.22285383516598525,0.4347328353559885,0.12466365275360679
5710,0.5651843334506843,0.23450377607583356,0.4326464730775958,0.1325378603730885
5711,0.578565025664278,0.2616088239905382,0.4272073096981907,0.15135771596608733
5712,0.5834199614924489,0.2732489461637496,0.42400107184374186,0.15941888964870704
5713,0.6034261604224997,0.26443219866918816,0.4438608540874719,0.15956530633502786
5714,0.6228748772308276,0.26192870851103883,0.45972606507378505,0.16314881215704252
5715,0.5912773433452384,0.2685167129037928,0.43250949469568767,0.1587678486495507
5716,0.5759482599899386,0.27315796439733864,0.4186234056928978,0.1573248542970408
5717,0.6128779834218543,0.27289052130422736,0.4456293910299809,0.16724859239187342
5718,0.574054565356118,0.26554420195636286,0.4216177039192209,0.1524368614368971
5719,0.567376515603626,0.2479610549132912,0.42668923626152344,0.14068727934210254
5720,0.5686586309904195,0.23936770880012484,0.4325401174008271,0.13611851358959237
5721,0.5588853496883437,0.2577834460564975,0.4148139582951918,0.1440713913931519
5722,0.5457084071262696,0.24565153397235717,0.41165429981408985,0.13405410731217973
5723,0.5275429620412706,0.2431548718149826,0.39926832072922924,0.1282746413120414
5724,0.4996794689943228,0.23988497177466242,0.3798138736782414,0.11986559531608143
5725,0.5360291032306209,0.22651884268429615,0.41460841112171953,0.12142069210890136
5726,0.5288644093911482,0.23937414738866888,0.40226794230893015,0.12659646708221803
5727,0.5336181602029343,0.21785732485840936,0.4173655353252569,0.11625262487767739
5728,0.5202630023881866,0.19022536708098148,0.42129578178024024,0.09896722060794633
5729,0.49982852501659536,0.22309027993793198,0.38832163944967946,0.1115068855669159
5730,0.5078076631365142,0.24351088783211278,0.38415096823819117,0.12365669489832301
5731,0.4818963674170476,0.2262516021973103,0.3728665421958769,0.10902982522117075
5732,0.47570207597910474,0.23421444549225245,0.3642857780341454,0.11141629794495936
5733,0.47795216519787154,0.2365243324645995,0.364904848374435,0.11304731682343655
5734,0.4957753742183881,0.21271567559738797,0.3903161805469758,0.10545919367141227
5735,0.4983895297186344,0.22354499238135986,0.38697704609473277,0.11141248362390166
5736,0.46587250703304933,0.2400167161248817,0.35405531776211097,0.11181718927093835
5737,0.4889869003969401,0.22136135602616128,0.38074409704604395,0.10824280335089612
5738,0.4715439596361667,0.2056713139492627,0.3745608938729582,0.09698306576320849
5739,0.45398231146181983,0.20024489146832572,0.3630746727746081,0.09090763868721176
5740,0.45330114175690767,0.18783814019580958,0.3681538983406531,0.08514724341625457
5741,0.4624618095046581,0.17588094927050318,0.3811235874476242,0.08133822205703388
5742,0.4519071955230807,0.1811688523271538,0.37003568755178146,0.08187150797129922
5743,0.47752167984193267,0.16942130651638082,0.3966193329532155,0.08090234688871714
5744,0.4721755546818824,0.16235222656499868,0.3955168020497155,0.07665875263216688
5745,0.4869983850407949,0.18987049312600637,0.39453176152153047,0.09246662351926445
5746,0.4915241710947168,0.20974339532136738,0.3884302225667902,0.1030939485279266
5747,0.4849708651353958,0.20822045037882764,0.383990013176294,0.10098085195910178
5748,0.5270539037779255,0.17912831115462258,0.43264362810673473,0.09441027567119074
5749,0.5280639181214147,0.16377385523752855,0.44158085443883605,0.0864830636825787
5750,0.5157569609151512,0.16800622818167105,0.42910657925335516,0.08665038166179609
5751,0.5449245740364093,0.1636687452957577,0.45573745272304494,0.08918712131336433
5752,0.5435546360224357,0.17241220799451526,0.44983918106015247,0.09371545496228322
5753,0.5316250036055572,0.17135528351383283,0.4405282503896846,0.09109675321587266
5754,0.5148449667128472,0.16932695704799305,0.4276678351478855,0.0871771315649617
5755,0.5021229005854744,0.19466903037442682,0.40437512239970536,0.097747778185769
5756,0.486241447445118,0.18871438501322318,0.39448069172257305,0.09176075572254493
5757,0.48480897326443195,0.2016851530749526,0.3870302012794844,0.09777877198494757
5758,0.4829010899470233,0.20868626106776036,0.38212626702043273,0.10077482292659054
5759,0.4706850133580437,0.20844857027422053,0.3725713952740571,0.0981136180839866
5760,0.5253998089829667,0.17635080609330084,0.43274512914755425,0.09265467983541245
5761,0.5775277115656454,0.16653695583438155,0.48134800457150606,0.09617970699413934
5762,0.5609089342447136,0.1623320361812311,0.4698554448365249,0.09105348940818862
5763,0.5493348643611211,0.17010773384969521,0.4558887554600211,0.09344610890110001
5764,0.4607791100552468,0.228817682471298,0.35534470196121803,0.10543440809402874
5765,0.457313069076276,0.21377073619883202,0.35955291762649316,0.09776015144978284
5766,0.4406439177107757,0.212657820111521,0.3469375427250017,0.09370637498577401
5767,0.499490278870114,0.1995060572282635,0.39983894270889175,0.09965133616122226
5768,0.5196972713403488,0.20873103203854657,0.41122032354586124,0.10847694779448758
5769,0.505821934052038,0.21921097511259827,0.3949402146551504,0.11088171939688762
5770,0.494273306951495,0.23735856574813988,0.3769533037258981,0.11732000322559695
5771,0.4906035150694228,0.23785980811913635,0.37390865711243604,0.11669485795698673
5772,0.5172023265147657,0.20838100121063463,0.40942718788714927,0.10777513862761644
5773,0.5228358983640347,0.20146416182608343,0.41750320232753707,0.10533269603649759
5774,0.49837920103884426,0.18436924399046842,0.40649340452273885,0.09188579651610539
5775,0.49573019173562155,0.19766080386600607,0.3977437635365093,0.09798642819911227
5776,0.5128347827189307,0.21076581021855958,0.4047467442309163,0.10808803848801439
5777,0.49879699510380354,0.18680816248836735,0.40561764499374287,0.0931793501100607
5778,0.4784896205069851,0.18153943208287407,0.3916248865425971,0.08686473396438801
5779,0.5109707908775386,0.19021642854928653,0.4137757519438089,0.09719503893372974
5780,0.4914342403029516,0.1914994360183884,0.3973248604448112,0.09410937985814039
5781,0.4952763813983992,0.19466544637043354,0.3988631835367467,0.09641319786165246
5782,0.5228221675091128,0.21719869286668747,0.4092658761244052,0.11355629138470762
5783,0.5293086598953535,0.20529460472284794,0.4206444477857565,0.10866421210959695
5784,0.5428302319220146,0.21369474093590396,0.42683026613926306,0.11599996578275158
5785,0.5654569526489033,0.19850048761514547,0.45321347182272176,0.11224348082618152
5786,0.5435305727329778,0.20653590117642634,0.4312719960766331,0.11225857665634471
5787,0.5235910461975668,0.23563441922857498,0.4002149741135212,0.12337607208404562
5788,0.5123758022219572,0.2691418855813205,0.3744740126856979,0.1379017895362593
5789,0.49186773946815243,0.29596684103211446,0.3462911984121563,0.14557654105599616
5790,0.4984303724662535,0.28013228797433243,0.3588039318313832,0.13962644063487029
5791,0.5336861172212561,0.2753976900816241,0.3867101933098913,0.14697592391136483
5792,0.5369421163457656,0.25163400031579675,0.40182922367165064,0.13511289267411494
5793,0.5314979834351912,0.2427432453956248,0.40248043801490285,0.12901754542028834
5794,0.4998148434740012,0.24999065923924252,0.3748658012563768,0.12494904221762437
5795,0.4957983782940675,0.2537905015111391,0.3699694592184066,0.12582891907566082
5796,0.516055643931368,0.23010683863960993,0.3973077111441927,0.1187479327871753
5797,0.5209756073252202,0.21341264707839164,0.40979282390267224,0.11118278342254796
5798,0.4887707320489831,0.2151059464915046,0.383633241114241,0.10513749093474209
5799,0.5072310953917851,0.2181218979786282,0.39659288615115035,0.11063820924063478
5800,0.4900273963922865,0.21480045715381615,0.38476928762932905,0.10525810876295742
5801,0.4898530408930942,0.20863156440562097,0.38765423464271737,0.10219880625037688
5802,0.5124301019783741,0.2064896066666768,0.40661861177669456,0.10581149020167956
5803,0.5170466839174839,0.2201799645704067,0.403203363371286,0.11384332054619788
5804,0.5007824145469127,0.247168370104858,0.37700484136617696,0.12377757318073576
5805,0.4945850848938604,0.25006057322933506,0.3709088550546223,0.12367622983923808
5806,0.5270814286926561,0.2324697644600734,0.40455093311319534,0.12253049557946072
5807,0.5398292453670723,0.21355921918545373,0.42454373323300765,0.11528551213406468
5808,0.5196743039360197,0.23994656965966848,0.3949802373662958,0.12469406656972387
5809,0.5033645767346597,0.2325268220417114,0.38631881137817814,0.1170457653564816
5810,0.4931492281878789,0.23167300911333535,0.3788998625516741,0.11424936563620476
5811,0.48806679381610873,0.25176471690429997,0.3651887956406068,0.12287799817550195
5812,0.49750460648229883,0.26749682945159775,0.3644237016107191,0.13308090487157975
5813,0.49949534902846965,0.24303324185098055,0.3781013750645936,0.12139397396387601
5814,0.4889251816383793,0.24790300147963307,0.3677191616112503,0.121206020027129
5815,0.48027607271824724,0.25244860761384,0.3590310468902823,0.1212450258279649
5816,0.49741596557085976,0.27674922208509145,0.3597564840464197,0.13765948152444007
5817,0.5431027070631546,0.28021061536761455,0.3909195633091707,0.15218314375398384
5818,0.5848165589522559,0.2703731216562808,0.42669788031205014,0.1581186786402058
5819,0.6113227896314356,0.29625412830616743,0.43021588947548006,0.1811069001559555
5820,0.5737342740283783,0.2839374688520032,0.4108296164671189,0.16290465756125935
5821,0.5938118822151595,0.24467213334232127,0.44852266218955716,0.14528922002560227
5822,0.5953510636419754,0.2739490126648099,0.4322552275683118,0.1630958360736636
5823,0.6125990194542529,0.2819528043401665,0.4398750079830901,0.1727240114711628
5824,0.6024812871631718,0.2898232982849701,0.42786817336256716,0.17461311380060468
5825,0.5859481916385468,0.2897420692525728,0.4161743501183912,0.16977384152015562
5826,0.5816117044713026,0.3095669457562719,0.401563945502022,0.1800477589692806
5827,0.5496241846684732,0.2841783220002093,0.39343290613865334,0.15619127852981987
5828,0.5267577355652594,0.2684274536914481,0.3853614978952037,0.14139623767005574
5829,0.5378942045993845,0.2688293715751853,0.3932924436029978,0.14460176099638672
5830,0.5482370146243162,0.2792736838167224,0.3951288439455011,0.1531081706788151
5831,0.533618932053504,0.25851798268078247,0.3956688422187586,0.13795008983474538
5832,0.5347542144778302,0.21841316740119357,0.4179568527125901,0.11679736176524011
5833,0.5426147533208533,0.2224290253004267,0.42192148262606444,0.12069327069478888
5834,0.5588282614074103,0.2405767201984736,0.4243871911238003,0.13444107028361
5835,0.5435243810320641,0.270872983289521,0.3962983104513186,0.14722607058074555
5836,0.49825177823457467,0.1999158721914868,0.3986433394178504,0.09960843881672425
5837,0.4935741263569711,0.16316919621022977,0.41303803288913776,0.08053609346783336
5838,0.4801942643176646,0.18452622975311528,0.39158582717405505,0.08860843714360954
5839,0.49764958585194335,0.17085483216082736,0.4126237493863043,0.08502583646563903
5840,0.49061695180259357,0.15373035361036216,0.41519423431474284,0.07542271748785072
5841,0.5096266519719869,0.21899708096358553,0.39801990280887667,0.11160674916311022
5842,0.5083041784500935,0.22388160930540293,0.3945042209620258,0.11379995748806764
5843,0.5565713224059565,0.20634212180666414,0.4417272148039705,0.11484410760198602
5844,0.5298329645829231,0.258758320795523,0.3927342763653321,0.137098688217591
5845,0.5034688142341879,0.1709424092857549,0.4174046421287536,0.08606417210543425
5846,0.49422137306038044,0.13842977505002718,0.4258064195627164,0.06841495349766402
5847,0.5257695654564848,0.22581633467419693,0.40704220930185614,0.11872735615462866
5848,0.49329799033871674,0.17192923276021457,0.40848564533762544,0.0848123450010913
5849,0.4755174963072126,0.14944077267465156,0.40445579423874695,0.07106170206846561
5850,0.5144513363142157,0.22814749033739787,0.3970805550334068,0.11737078128080894
5851,0.5536128185464223,0.267926399749926,0.4052853292178703,0.14832748932855197
5852,0.5364820526046409,0.27763790457462006,0.3875342996775973,0.1489477529270436
5853,0.5436536344000491,0.18764819549425932,0.4416380109309841,0.102015623469065
5854,0.5375094522970986,0.14634235244101326,0.45884905458866054,0.07866039770843801
5855,0.5709222964937412,0.20973245065130355,0.4511813641186387,0.11974093237510246
5856,0.5735519185427153,0.23425658203513167,0.43919360648520656,0.13435831205750873
5857,0.6328063979123517,0.218931619261018,0.4942650685386685,0.13854132937368324
5858,0.5885951065445856,0.2500455336347384,0.44141952903384896,0.14717557751073662
5859,0.5948359371800956,0.20724169685064883,0.47156112821114665,0.12327480896894898
5860,0.6023824165720725,0.22728066890362988,0.4654725379977868,0.13690987857428566
5861,0.6201743480597893,0.2752552460444541,0.44946810529413306,0.17070624276565624
5862,0.5496982466530818,0.1933336335378755,0.44342308727824215,0.1062751593748396
5863,0.584426510080445,0.18784510579716537,0.4746448504637157,0.10978165961672932
5864,0.5818745678387759,0.25857145446730573,0.43141841451516866,0.15045615332360723
5865,0.5197500066193664,0.18452713145622057,0.4238420288235431,0.09590797779582334
5866,0.5700018896584073,0.1663202125934392,0.4751990541917589,0.09480283546664837
5867,0.5913432808109751,0.23637643569448263,0.4515636638209952,0.13977961698997984
5868,0.5817168377280106,0.2388459969946478,0.44277609965229014,0.13894073807572047
5869,0.6212446330815585,0.2327823082487705,0.47662987340567287,0.1446147596758857
5870,0.6054364971094105,0.2752498642644175,0.43879018345932086,0.16664631365008964
5871,0.5840098425643715,0.30397791386726336,0.406483748943705,0.17752609362066654
5872,0.5853107981389566,0.30823672727923385,0.40489651327940834,0.18041428485954825
5873,0.5776468560316251,0.3293393949205252,0.387404989988426,0.19024186604319918
5874,0.5777388799689925,0.3776843572649703,0.3595359424209198,0.21820293754807277
5875,0.5976529063989022,0.3772896466031944,0.37216465255228837,0.22548825384661386
5876,0.5961987909900889,0.3934400458635294,0.36163031131916756,0.23456847967092134
5877,0.574589578328274,0.36998528759679944,0.3619998879403638,0.21258969038791015
5878,0.5929074338002478,0.38531477783747226,0.3644514376673195,0.22845599613292827
5879,0.5966093514121865,0.39440359570048056,0.3613044779866886,0.23530487342549794
5880,0.6227383276408851,0.4080837420006614,0.3686089406099588,0.2541293870309263
5881,0.6220496692207161,0.41063151260535335,0.36661647263295377,0.25543319658776237
5882,0.6162060928141271,0.41854301575323777,0.3582973364021828,0.2579087564119443
5883,0.6111264985320486,0.4245571878187206,0.35166835091378057,0.259458147618268
5884,0.5984526547296083,0.43803836311971706,0.3363074334472015,0.2621452212824068
5885,0.5791071442424652,0.41348283032625477,0.33965628317893604,0.2394508610635292
5886,0.5761627402042028,0.4145417674691984,0.33731921953005595,0.2388435206741468
5887,0.5855063362866608,0.4298745602503359,0.3338120574516472,0.2516942788350136
5888,0.6119832089842306,0.4443944574406421,0.34002126286490036,0.2719619461193303
5889,0.598698876688406,0.41799549960944105,0.34844544061142463,0.2502534360769814
5890,0.5641775476879145,0.3958815901430582,0.3408300429862119,0.22334750470170264
5891,0.5508789895365188,0.3737942361879595,0.34496359841072083,0.205915391125798
5892,0.5813657249439227,0.37829027247713126,0.3614407264460212,0.21992499849790145
5893,0.5979418176892829,0.37620729072362846,0.372991746446036,0.2249500712432469
5894,0.6010755008392288,0.3911420039198249,0.3659696249338604,0.23510587590536833
5895,0.5839554538204801,0.38370110302861576,0.359891102069986,0.2240643517504941
5896,0.5675323605817042,0.3854563775192442,0.348773392746935,0.2187589678347692
5897,0.5540478810625987,0.37167174801155733,0.34812393662596325,0.20592394443663548
5898,0.5873660628620296,0.37663354104712204,0.36614430271539694,0.2212217601466327
5899,0.5945914343942225,0.36904735830264135,0.37515903626165636,0.21943239813256607
5900,0.5974918452028584,0.35616723878845524,0.3846848244983372,0.21280702070452118
5901,0.6071265011663782,0.3661092626279377,0.38485186550247574,0.2222746356639025
5902,0.5992130380554677,0.3390276511518287,0.3960632492239711,0.20314978883149654
5903,0.6091617514675028,0.34571152757628343,0.3985675118266281,0.21059423964087473
5904,0.6060221407004284,0.3630737597977471,0.38599140355564454,0.22003073714478383
5905,0.5958691626109138,0.3110564144097568,0.41052023743181865,0.18534892517909515
5906,0.610875137202415,0.3084338793341934,0.4224605488462665,0.18841458835614852
5907,0.6202252546524644,0.2942604598410437,0.43771748601340177,0.1825077686390626
5908,0.6160846428090936,0.29168502800987656,0.4363819765148683,0.17970266629422527
5909,0.618787649862016,0.32514545341349577,0.4175916588809593,0.20119599098105664
5910,0.6197862396405863,0.3544988513982972,0.40007272957552875,0.2197135100650576
5911,0.6193217256496307,0.3870430624933847,0.37961754828550986,0.2397041773641209
5912,0.6268654697093226,0.3911360895154501,0.3816757612349523,0.24518970847437027
5913,0.6118236332907669,0.3821046797045749,0.37804295985650915,0.2337806734342578
5914,0.6158775107574367,0.3766982530250277,0.3838775283777076,0.2319999823797291
5915,0.6026938763623139,0.35856536012810597,0.3865887295374566,0.21610514682485724
5916,0.5901267501941334,0.35037731019900414,0.38335972678463326,0.20676702340950012
5917,0.5990622153001576,0.365763277066433,0.3799472562652949,0.2191149590348627
5918,0.58846168741134,0.38865186202905727,0.35975495686616166,0.22870673054517834
5919,0.5679440604439813,0.4019362033523643,0.33966678107260173,0.22827727937137954
5920,0.5279972407204473,0.3886735840153008,0.3227786608194415,0.20521857990100575
5921,0.5661638563799775,0.41906014861803587,0.3289071465832238,0.23725670979675367
5922,0.5991346113040732,0.43620626363170456,0.3377883410946898,0.2613462702093834
5923,0.5772536618092926,0.39290853577727836,0.35044577077573125,0.2268078910335614
5924,0.5924845370358028,0.38417923584223584,0.3648642803490472,0.22762025668675562
5925,0.5758873043208741,0.3907160379491281,0.35087889847141834,0.22500840584945575
5926,0.5859677027994055,0.3978253238789767,0.352854911650612,0.23311279114879344
5927,0.5839301627291592,0.3992421713349309,0.35080061665321016,0.23312954607594905
5928,0.6016455861405642,0.414199851629424,0.3524440736276446,0.24920151251291953
5929,0.60779664443458,0.3799259482251592,0.3768789279697023,0.23091771646487774
5930,0.6138360634987544,0.3830203573608513,0.3787243550964833,0.23511170840227114
5931,0.6040146646291528,0.38938595178949315,0.36881983954771863,0.23519482508143413
5932,0.5840718788492653,0.37854582383785185,0.3629739082897482,0.2210979705595171
5933,0.577379604367626,0.39558263156075285,0.3489782610623742,0.22840134330525186
5934,0.5759343332624464,0.40686816210614357,0.3416049895941276,0.23432934366831876
5935,0.6215639205154406,0.38384933764844437,0.3829770213194184,0.23858689919602222
5936,0.5827075847187991,0.3472644201327395,0.38035397320447617,0.20235361151432296
5937,0.6032715929340867,0.3246165474385566,0.40743965126806514,0.19583194166602158
5938,0.5843462158436686,0.3016187906880503,0.4080964168777629,0.17624979896590576
5939,0.6465394232024048,0.30036723104110374,0.4523401668961861,0.19419925630621865
5940,0.6340247957642591,0.33823778178618213,0.4195736552475189,0.21445114051674016
5941,0.6426639865234706,0.32722859170940777,0.4323659552710415,0.21029803125242907
5942,0.6077490297526694,0.32737761526390735,0.40878560171328704,0.19896342803938238
5943,0.6341106269994472,0.3177542308032816,0.43261929247305125,0.20149133452639595
5944,0.6260328893810727,0.3304838775278187,0.4191391126384718,0.20689377674260093
5945,0.5824079189604592,0.2700826993277995,0.42510961609773207,0.1572983028627271
5946,0.5639554059149305,0.26177193917557307,0.41632770570003175,0.14762770021489882
5947,0.5588841386576784,0.28999578335257614,0.3968100950643152,0.16207404359336322
5948,0.5842954728327503,0.325578237908115,0.3940615823701746,0.19023389046257572
5949,0.5894590244815672,0.35648964096463637,0.3793229884807685,0.2101360360007987
5950,0.6292672501560933,0.35753468744056743,0.40428238055494914,0.2249848696011442
5951,0.6107220124124806,0.39014356287327684,0.3724527505647378,0.23826926184774277
5952,0.6187634347556713,0.37215835681017256,0.38848545162278225,0.23027798313288905
5953,0.5846036284467244,0.35069437011706445,0.37958642720045,0.2050172012462744
5954,0.5338664949571702,0.30802478079076984,0.3694223848764512,0.164444110080719
5955,0.5423585861669655,0.3492652055571498,0.35293160308367516,0.18942698308329037
5956,0.5802185971728362,0.3688323991870178,0.3662151799246532,0.214003417248183
5957,0.5558729115343131,0.33013270889013363,0.3723610814508447,0.18351183008346839
5958,0.557368323889824,0.3714253630996542,0.3503475918088005,0.20702073208102356
5959,0.5760096692322908,0.38575848393285184,0.35380905249857886,0.22220061673371194
5960,0.5660416583044307,0.38049550055992976,0.3506653541901136,0.21537630411431705
5961,0.6052196704293638,0.3895504324313634,0.36945608609763786,0.2357635843317259
5962,0.6110248838475908,0.4643911319343648,0.3272703463975443,0.2837545374500465
5963,0.5935696913514079,0.44486729922527357,0.32950994585792787,0.26405974549348005
5964,0.597651158815068,0.43418182811335276,0.3381618861066781,0.25948927270838995
5965,0.5856382405051511,0.4060189245593396,0.34785803191442577,0.23778020859072532
5966,0.5929993047943045,0.42015315668959735,0.3438487749702408,0.24915052982406372
5967,0.5936966557012204,0.40506519413631453,0.3532108046015249,0.24048585109969556
5968,0.6143563875300292,0.4384636572675364,0.3449834389879407,0.2693729485420885
5969,0.6030128425151172,0.4606316584515945,0.3252460367997686,0.2777668057153486
5970,0.6010638028036605,0.44906437610636385,0.33114746119751615,0.2699163416061443
5971,0.6300517154199811,0.4398919572748986,0.3528970331394782,0.2771546822805029
5972,0.6183863445127381,0.4546695045928393,0.33722493160615463,0.2811614129065835
5973,0.6240725308633693,0.45424552861828665,0.3405903741851861,0.2834821566781832
5974,0.6061811802161977,0.4340472818574305,0.34306988663022786,0.26311129358596985
5975,0.6438056600257103,0.45045510366024627,0.3538001147017757,0.2900055453239346
5976,0.5928090017634529,0.4285887829679198,0.33873771316522716,0.2540712885982257
5977,0.581857642571321,0.4026119803533736,0.34759478481193606,0.23426285775938496
5978,0.5863065608442873,0.3761833794233766,0.36574777740778575,0.2205587834365016
5979,0.5952676463328354,0.3964784313468583,0.3592568636832564,0.23601078264957898
5980,0.5778917639545657,0.3887658163566475,0.3532272005749859,0.22466456337957974
5981,0.5282730466965494,0.3082920551647834,0.36541066344230855,0.16286238325424082
5982,0.5646933304793528,0.36726015951950375,0.35730396784790586,0.20738936263144694
5983,0.6002568374761322,0.36027398946044703,0.3839999119376949,0.21625692553843734
5984,0.5745967850621243,0.36631982252254747,0.36411059273614055,0.21048619232598373
5985,0.5847674974416464,0.3576650583665656,0.3756165963383094,0.20915090110333695
5986,0.5836006538760575,0.3727600178683492,0.36605766370923803,0.2175429901668195
5987,0.6222265321391258,0.3854894186508494,0.38236478799568013,0.2398617441434457
5988,0.6393284461138674,0.3660360662801378,0.40531117663735433,0.23401726947651308
5989,0.5614070144111668,0.30692212384408646,0.3890987812071238,0.17230823320404298
5990,0.554249818423499,0.2941146163626234,0.3912368457088179,0.1630129727146811
5991,0.5403893850978431,0.274876413006189,0.39184908929552786,0.1485402958023152
5992,0.6023789075118449,0.30738580218914924,0.4172161838044931,0.18516272370735176
5993,0.631158368533691,0.3350004252863194,0.419720046651885,0.211438321881806
5994,0.6219818030672416,0.37201893327867136,0.39059279617142173,0.23138900689581987
5995,0.601577074045661,0.3801735976283282,0.37287335355499884,0.2287037204906621
5996,0.5802752664241431,0.3806465475216227,0.35939548964760326,0.22087977677653983
5997,0.5443974973452045,0.3532964073127564,0.3520638173830879,0.1923336799621166
5998,0.5798262259907738,0.3357551148171919,0.3851466049092225,0.19467962108155132
5999,0.61260789329522,0.34691289260558333,0.4000863169991627,0.21252157629605734
6000,0.6208106844732905,0.35021945659653075,0.40339070390773435,0.21741998056555611
6001,0.6331005041438055,0.3465818455652751,0.41367936298933927,0.2194211411544662
6002,0.608516623567125,0.32261273132597307,0.4122014135808758,0.19631520998624918
6003,0.6360720763959516,0.3425685778783655,0.41817376975685144,0.2178983066391002
6004,0.6279416355390567,0.3549662471395356,0.4050435497490957,0.222898085789961
6005,0.6199682046326906,0.3508834789270023,0.4024316041670445,0.21753660046564616
6006,0.5850553461389775,0.3443520274431771,0.3835903515295508,0.20146499460942666
6007,0.5886284524416653,0.312063807282405,0.40493881649796915,0.18368963594369614
6008,0.609306208301696,0.3133815441446437,0.4183608878871926,0.19094532041450343
6009,0.6099656201310459,0.2964842325140028,0.42912043138656497,0.18084518874448094
6010,0.6115346484073694,0.31521962462126873,0.41876692609349886,0.19276772231387052
6011,0.6038124586787726,0.3457747444568443,0.39502936007926115,0.20878309859951147
6012,0.5716437625056063,0.3549131126860764,0.36875989540716136,0.20288386709844494
6013,0.6067047036663332,0.3307006036263691,0.40606709194091944,0.20063761172541378
6014,0.6195005727008572,0.3214909577798233,0.42033674023810963,0.19916383246274763
6015,0.6398238283703351,0.3233629424834966,0.43292851255744785,0.20689531581288728
6016,0.6427306074780934,0.32465247043513806,0.4340665279360534,0.20866407954204005
6017,0.6224099631091323,0.30566865231209345,0.43215874849994407,0.19025121460918828
6018,0.6287299574274711,0.32981052523528925,0.4213681999371558,0.20736175749031527
6019,0.6230925790169524,0.32438794270319254,0.4209688591960168,0.2021237198209356
6020,0.5912150463558308,0.3350991479053178,0.3930993880931889,0.19811565826264185
6021,0.5625321605238439,0.3008102811859959,0.39331670314050066,0.16921545738334326
6022,0.5995953743040163,0.30019635252929716,0.4195990299445119,0.17999634435950437
6023,0.6139893931726491,0.28560123982248614,0.4386332612446846,0.1753561319279645
6024,0.6267388349010294,0.2767233022077527,0.45330559488537703,0.1734332400156524
6025,0.6474086691236174,0.2538557422581288,0.4830602608788942,0.16434840824472322
6026,0.6184570109555991,0.2608745825747656,0.45711729638211995,0.16133971457347915
6027,0.6129664398501184,0.2691638284237114,0.44797804620480797,0.16498839364531048
6028,0.5898806014528779,0.27011592735579737,0.43054445576223827,0.15933614569063964
6029,0.5647246372991693,0.3002722756519114,0.3951534853406475,0.16957115195852185
6030,0.575047864197282,0.28453681952472365,0.41142557384410217,0.16362229035317985
6031,0.5876412096299348,0.27869824545354976,0.42386663554987036,0.16377457408006446
6032,0.5673823569867604,0.27752229229800873,0.40992110466634757,0.15746125232041286
6033,0.5578640928851049,0.266252469169815,0.4093314006932667,0.14853269219183818
6034,0.5856187781559874,0.28266802903601224,0.4200830723681568,0.16553570578783064
6035,0.5609940005130324,0.2810870842343184,0.4033058326358784,0.15768816787715398
6036,0.5828619861222915,0.3019031991727257,0.40689408783580283,0.17596789828648862
6037,0.6077686827177595,0.3101649224418599,0.4192601563800143,0.18850852633774523
6038,0.592857763144718,0.3239858571841041,0.400780232564026,0.19207753058069205
6039,0.5725073914523227,0.3218130101596556,0.38826706447039844,0.18424032698192422
6040,0.5942149303922603,0.32069853793709585,0.4036510709950692,0.19056385939719106
6041,0.5937405384161636,0.31877612072406,0.40447023286324424,0.18927030555291932
6042,0.6106870942781936,0.3235326104795,0.4131099044802291,0.1975771897979645
6043,0.6003029458792027,0.3031711076650224,0.4183084368424288,0.18199450903677392
6044,0.5964410632066652,0.29153486978810667,0.4225576955084302,0.17388336769823504
6045,0.5722166328270288,0.27571462161587246,0.4144481404248159,0.15776849240221288
6046,0.5558087797258116,0.3084103985166098,0.38439157247154343,0.17141720725426812
6047,0.5424244608032899,0.3119589398542531,0.3732103010600807,0.1692141597432092
6048,0.5806214512295813,0.29586837206338934,0.40883392766920246,0.17178752356037882
6049,0.5824660013729113,0.2542238872529587,0.4343892303112026,0.14807677106170866
6050,0.6010590748278015,0.26165208334278134,0.44379071568702255,0.15726835914077897
6051,0.5768620359442632,0.23701887522373166,0.44013484502548206,0.13672719091878113
6052,0.5880217108090732,0.25578054715707454,0.43761719587808934,0.1504045149309838
6053,0.5829950943625882,0.25006287894206214,0.4372096626571802,0.145785431705408
6054,0.5750198917168571,0.2696157153290662,0.4199854922831745,0.1550343994336826
6055,0.5940609502712421,0.2668711269496977,0.43552323499554735,0.1585377152756947
6056,0.6113062330800142,0.27948580639180975,0.4404548175753068,0.17085141550470737
6057,0.5643801814289946,0.28590982722895353,0.4030183412651853,0.16136184016380928
6058,0.580141031259486,0.2826377071016329,0.4161713003887282,0.16396973087075786
6059,0.5377303948042873,0.3006922071299714,0.37603905554971523,0.16169133925457208
6060,0.6039204450416241,0.3071004690559255,0.4184561930968781,0.18546425194474603
6061,0.5920411063177549,0.2853423995900082,0.42310667638512356,0.16893442993263133
6062,0.5704506557450197,0.2955197577999639,0.40187121612242094,0.16857943962259883
6063,0.5285096257172907,0.2693196042707779,0.386171622465813,0.14233800325147766
6064,0.5697725534170758,0.2810285221320565,0.40965021477886676,0.16012233863820902
6065,0.5498020970383223,0.24601308011619683,0.41454358969158045,0.1352585073467418
6066,0.5856475920749368,0.22697349607344924,0.4527211106346911,0.13292648144024566
6067,0.5812647046357184,0.20686495175165776,0.46102140955630894,0.12024329507940949
6068,0.5883122358891808,0.21530216051829734,0.46164734044289,0.1266648954462908
6069,0.5914185201586953,0.25094590685046403,0.4430044632893121,0.14841405686938325
6070,0.5977417797291037,0.24478822673531161,0.4514216294236072,0.14632015030549653
6071,0.5551015331864495,0.2642621699889526,0.4084091974624038,0.14669233572404572
6072,0.5079376804701027,0.25018444901313985,0.3808595717486778,0.12707810872142491
6073,0.5682107924511676,0.25461322246032425,0.4235368115484413,0.14467398090272626
6074,0.5944562059741542,0.2671594069555871,0.4356416385250308,0.15881456744912337
6075,0.550503274782115,0.2558842386834951,0.40963816342172266,0.1408651113603924
6076,0.5785026562082772,0.2702760526404821,0.42214724184627017,0.15635541436200706
6077,0.6009788436707538,0.24593122619009225,0.45317937973250155,0.14779946393825225
6078,0.6031999269779047,0.23946812864588085,0.4587527692651739,0.1444471577127308
6079,0.5558261981165427,0.2167971976595742,0.4353246359791009,0.12050156213744175
6080,0.5541123474189473,0.22450668922188835,0.4297104188429507,0.12440192857599663
6081,0.5832812247631022,0.19996538900892288,0.46664516775174747,0.11663605701135471
6082,0.602416969244439,0.1833631859554046,0.4919558744901797,0.11046109475425932
6083,0.6034821525679882,0.17238104127211712,0.4994532707191798,0.10402888184880846
6084,0.5763497854924762,0.1975404048894098,0.4624974155083679,0.11385236998410823
6085,0.5845563070104576,0.20804840999915597,0.4629402967819534,0.12161601022850417
6086,0.5860027761298504,0.2063343728582493,0.4650902608239047,0.12091251530594574
6087,0.5549740290293552,0.20066768326651244,0.4436086763509523,0.11136535267840293
6088,0.5515652944820465,0.22299879943367845,0.4285668960032668,0.12299839847877968
6089,0.5434416445834883,0.20983142452824963,0.4294105101525602,0.11403113443092809
6090,0.6010328707074705,0.2150583004878673,0.4717757629957778,0.1292571077116927
6091,0.5966943547259349,0.22098365067213113,0.4648346578831462,0.1318596968427887
6092,0.5659248957240018,0.20084638941477043,0.4522609237379056,0.11366397198609622
6093,0.5869106229651481,0.186709555290383,0.4773288015561236,0.10958182140902444
6094,0.5712340009682478,0.19771493622370537,0.45829250689799866,0.11294149407024917
6095,0.5997337410657477,0.18811811833954215,0.4869129581917251,0.11282078287402265
6096,0.5935873645642178,0.18072155598331713,0.48631333242813585,0.10727403213608196
6097,0.5591620694444053,0.1722615797112571,0.46283992804729635,0.0963221413971089
6098,0.5073884280001327,0.1946664747852939,0.40861691137449496,0.09877151662563774
6099,0.5454457506452876,0.17860796327851472,0.4480247960436121,0.09742095460167542
6100,0.5921464548465529,0.17397846198443803,0.4891257253628122,0.10302072948374076
6101,0.5774629376956193,0.16180102759723616,0.4840288409771493,0.09343409671846996
6102,0.5660959084982036,0.1900324389473286,0.45851932232818615,0.10757658617001739
6103,0.577708730612135,0.2179040206293633,0.4518236754590651,0.12588505515306994
6104,0.5717182335071861,0.25397289859150335,0.4265172965657521,0.14520093694143402
6105,0.5635577441709364,0.2514364939295438,0.4218587608497534,0.14169898332118305
6106,0.5787237192428049,0.27466806023321944,0.4197667978674293,0.1589569213753755
6107,0.543758307950718,0.2376247209602478,0.4145478917541121,0.12921041619660587
6108,0.5603043111648365,0.23054736816697372,0.4311276268531743,0.12917668431166215
6109,0.5461361930703246,0.21623312560829888,0.4280434570349109,0.11809273603541366
6110,0.5672709099999016,0.238044015928672,0.43223546446401273,0.13503544553588884
6111,0.5807275236733617,0.2755261147669242,0.42072192533742336,0.16000559833593833
6112,0.5655587874866207,0.2807883266771045,0.40675648191072034,0.1588023055759004
6113,0.527688622772112,0.21476476157105942,0.41435970151869866,0.11332892125341336
6114,0.5970362765181974,0.20327725587289133,0.47567238057100947,0.12136389594718791
6115,0.6133017761937953,0.21203363507141196,0.48326117119167133,0.13004060500212397
6116,0.576595952757144,0.23976853994915134,0.4383463830239738,0.13824956973317026
6117,0.6001812584490791,0.24702943072008976,0.45191882384553606,0.14826243460354308
6118,0.603972808225337,0.27219617889251474,0.43957371767141873,0.16439909055391835
6119,0.5660006851419757,0.26491609179861264,0.4160579956788264,0.1499426894631493
6120,0.5287444347508813,0.28766618982925374,0.37664253781267276,0.1521018969382085
6121,0.5513549318471391,0.24231141183643579,0.417755339888277,0.13359959195886212
6122,0.572690117406234,0.19891528241528594,0.4587733009659297,0.1139168164403043
6123,0.5871270795524212,0.1969526625253982,0.47149083799381053,0.11563624155861063
6124,0.6187637271252078,0.2119581635352342,0.48761170386153196,0.1311520232636758
6125,0.5905057288238668,0.21652805608393494,0.4626446712552077,0.1278610575686591
6126,0.5638559649779503,0.22464629765162986,0.4371878100368667,0.1266681549410836
6127,0.5167232315944486,0.18384232564176528,0.42172763098499666,0.0949956006094519
6128,0.5378966658352291,0.2324543887803047,0.4128602251515371,0.125036440683692
6129,0.548221125917007,0.24271338776563986,0.41516051920099684,0.1330606067160102
6130,0.5219868190571318,0.25840080545463934,0.3871050045760639,0.13488181448106795
6131,0.5653626782420866,0.23783256390366006,0.43090102294033117,0.13446165530175547
6132,0.5748840830634109,0.23590219679654337,0.4392676649653857,0.13561641809802513
6133,0.5803774786138092,0.22260744006611033,0.4511811338275654,0.12919634478624376
6134,0.589391092119409,0.21569523093763535,0.46226224439212793,0.12712884772728103
6135,0.5788678451587386,0.20387099981998918,0.46085347880258387,0.11801436635615473
6136,0.5511950277385798,0.18889983008623085,0.44707438065438676,0.10412064708419301
6137,0.582839800330871,0.19723945200195706,0.46788079750867995,0.11495900282219107
6138,0.5735752457768462,0.2257471133872947,0.44409228973231507,0.1294829560445311
6139,0.5698083983477741,0.20300065083760646,0.4541369226304418,0.11567147571733226
6140,0.5822178987871214,0.21485979000621713,0.4571226833158595,0.12509521547126187
6141,0.5719159624238822,0.22033139052434514,0.4459049231599591,0.1260110392639231
6142,0.5440891258333493,0.2254629895325708,0.4214171649507993,0.12267196088255004
6143,0.5452335254061678,0.22454770440233543,0.42280258891302036,0.1224309364931474
6144,0.550078091878136,0.2074127138484573,0.4359849020131108,0.11409318986502524
6145,0.543503206769151,0.19477511923839252,0.4376423048642409,0.10586090190491008
6146,0.5634516849939245,0.20832114344057823,0.44607278570246967,0.11737889929145484
6147,0.5300597563582123,0.21358998321529318,0.41684430189455934,0.11321545446365297
6148,0.5232825502784688,0.2069851039183812,0.4149708572304044,0.1083116930480644
6149,0.529387955870391,0.18466721415062143,0.43162735685491377,0.09776059901547722
6150,0.5531623395447949,0.24284229253322395,0.41883112886669527,0.13433121067809964
6151,0.5643290565604328,0.25564669282904917,0.42006019958342067,0.14426885697701208
6152,0.5937349345832774,0.2255291333733116,0.45983040933325103,0.1339045252500264
6153,0.570635331288087,0.21628505120043007,0.4472154394436687,0.12341989184441826
6154,0.553368879723362,0.19418984085323487,0.44591026503674946,0.10745861468661254
6155,0.5629002311165164,0.26643584606165943,0.41292343179068375,0.1499767993258327
6156,0.525785658296805,0.3018738129444961,0.36706473683521657,0.15872092146158848
6157,0.5266903278662419,0.30042541520751054,0.36845916743124635,0.15823116043499558
6158,0.5742609177973972,0.2874775506052244,0.40917379574069335,0.16508712205670387
6159,0.6075973676865243,0.2655209626390491,0.44626752972144607,0.16132983796507822
6160,0.6037038905806449,0.24126981212696824,0.4580483663199329,0.145655524260712
6161,0.6050405509087534,0.24720717523781055,0.45547018541427176,0.14957036549448163
6162,0.600568826310051,0.2724258015275838,0.43695838243005514,0.1636104438799959
6163,0.5884334974059773,0.29309099741472205,0.41596893673902613,0.17246456066695115
6164,0.5827421470283464,0.2700168670585464,0.4253919381847815,0.1573502088435649
6165,0.5429913047577704,0.26883617180969055,0.39701560106074235,0.145975703697028
6166,0.564475604537697,0.2541073824780503,0.4210381861959077,0.14343741834178925
6167,0.5534838928425839,0.25827597946423947,0.41053229830098537,0.14295159454159853
6168,0.5647925324893445,0.247663863594229,0.4249138317638643,0.13987870072548017
6169,0.6008073268845131,0.2335920507638752,0.46046351128359775,0.14034381560091536
6170,0.6169427040936413,0.24648331934374346,0.46487661854373563,0.1520660855499056
6171,0.6113393763459812,0.24454688309167605,0.4618382373493624,0.14950113899661882
6172,0.5855497303840227,0.27086487176588625,0.4269448777510051,0.15860485263301757
6173,0.6010748024565177,0.29748838754552875,0.42226202867948104,0.17881277377703667
6174,0.5864569598139594,0.28895210308346586,0.4169989879077802,0.1694579719061792
6175,0.6165755297587812,0.29589367188022164,0.43413473226696253,0.18244079749181863
6176,0.5458580719179877,0.2782294896653052,0.39398425913855856,0.15187381277942918
6177,0.5442831155239028,0.2827181104043516,0.3904044215779916,0.15387869394591122
6178,0.5512239785805912,0.2909846261034445,0.39082627527406477,0.16039770330652645
6179,0.5836852890995633,0.2953651454438551,0.41128499879123215,0.17240029030833115
6180,0.5611754032945385,0.3255749187680372,0.37847076695229864,0.18270463634223988
6181,0.5231016779173802,0.3395752227901923,0.3454693090966624,0.17763236882071778
6182,0.5346415936322892,0.3776013872340575,0.3327601862037096,0.20188140742857966
6183,0.5617611649097314,0.4053058692704123,0.3340760676436333,0.22768509726609812
6184,0.5552479703987139,0.3889451851730164,0.3392869457350446,0.2159610246636693
6185,0.5773956865694999,0.38463198843372387,0.355310835531218,0.22208485103828193
6186,0.5846441725668975,0.3839768675916174,0.36015433452896717,0.22448983803793032
6187,0.5940646334265146,0.33453300644868095,0.3953304055815091,0.1987342278450055
6188,0.6172260800126669,0.31903139943718256,0.42031157993709933,0.19691450007556752
6189,0.611099191392572,0.3327257604052182,0.4077707482534645,0.20332844313910747
6190,0.5927646309315611,0.3160304279366088,0.40543297095257386,0.1873316599789872
6191,0.5613708012650678,0.33599577887371596,0.3727525816570493,0.18861821960801847
6192,0.5571833200568194,0.32384695381610357,0.37674119913927534,0.18044212091754402
6193,0.5860110161697335,0.31856681026055234,0.39932735597099656,0.18668366019873694
6194,0.5933721555538021,0.3235273332096768,0.40140004446660293,0.1919721110871991
6195,0.5848881750954775,0.31257852777429335,0.40206469041154,0.18282348468393747
6196,0.5430962977121451,0.30302980135498875,0.3785219344998039,0.16457436321234115
6197,0.5532123038214428,0.2765002912891453,0.40024894067007477,0.15296336315136808
6198,0.534367795944535,0.2643063227362671,0.393131008809751,0.141236787134784
6199,0.5323361694736999,0.26878042436557026,0.3892546279374167,0.1430815415362832
6200,0.5415982560333378,0.2630039225544829,0.3991557902479028,0.14244246578543499
6201,0.5725046476092807,0.28879621160452235,0.40716747425373834,0.16533717335554232
6202,0.5650967333547695,0.3074806366610909,0.39134043000774227,0.17375630334702724
6203,0.5316042587604006,0.30411649482383674,0.3699346349527637,0.16166962380763694
6204,0.5316216516188605,0.2851921443266184,0.38000733282321925,0.1516143187956413
6205,0.5524630334166044,0.2399493539688401,0.4198998854566245,0.13256314795997995
6206,0.5672439974842042,0.25588448707884587,0.42209505813940446,0.14514893934479972
6207,0.5452570257340782,0.30037261476757665,0.3814767471939413,0.1637802785401369
6208,0.5538348222699205,0.3239108899836634,0.3744416920845265,0.17939313018539402
6209,0.5808478279803061,0.31451585367604684,0.3981619775072025,0.18268585047310357
6210,0.54919641036413,0.2822634956365916,0.3941783117836827,0.15501809858044738
6211,0.5725340700473593,0.3255492168975936,0.3861460518962495,0.18638801815110984
6212,0.545883399805817,0.33746023247773843,0.3616694608016078,0.18421393900420924
6213,0.5547850521747055,0.324723232007546,0.3746334569630601,0.18015159521164542
6214,0.5729781165437118,0.36797709676457124,0.36213529270832456,0.21084282383538722
6215,0.5766301641231211,0.3652587888445799,0.36601092876425856,0.21061923535886254
6216,0.5806854889191225,0.33880996268594044,0.38394346008616753,0.196742028832955
6217,0.6141497216926373,0.3490347723925035,0.3997901133667282,0.21435960832590903
6218,0.6024557347415463,0.36409450915673647,0.38310490971216205,0.21935082502938433
6219,0.615694528229232,0.3584972834265506,0.3949697124384607,0.22072481579077133
6220,0.6326547964227714,0.3998780337572181,0.3796700403821605,0.25298475604061094
6221,0.6152430142945153,0.3756123584350996,0.38415013468463277,0.2310928796098826
6222,0.6289431513909965,0.3563160052478539,0.4048406401593605,0.22410251123163608
6223,0.5988627122660908,0.3225105559581814,0.40572316599052943,0.19313954627556135
6224,0.6028251556659519,0.3696288104074957,0.3800036104934327,0.22282154517251918
6225,0.6130965591876334,0.3807945715980636,0.3796327175835317,0.23346384160410172
6226,0.5529022264034315,0.30532890851053074,0.38408519310262934,0.16881703330080208
6227,0.5202543471985808,0.30280015097052787,0.36272125232377705,0.1575330948748037
6228,0.5267960354738928,0.2953551448298447,0.37120411612071313,0.1555919193531796
6229,0.5855258214146155,0.3044856654012789,0.4072416020715559,0.1782842193430596
6230,0.5699960288757531,0.28814383450368225,0.405755187463622,0.16424084141213108
6231,0.5486802273167939,0.24794680059138155,0.41263672040584287,0.136043506910951
6232,0.5948851715341682,0.2814408881077402,0.42746016053546654,0.16742501099870166
6233,0.59027594714453,0.2984839543359962,0.4140880482914052,0.17618789885312483
6234,0.5790549756797407,0.3325643493925722,0.38648193443027606,0.19257304124946467
6235,0.5590997307773198,0.3221898926361038,0.37896344854530056,0.18013628223201922
6236,0.5653887894950392,0.271622985642503,0.41181619844359607,0.1535725910514432
6237,0.5372707682407271,0.20502174383854765,0.42711857842253703,0.11015218981819004
6238,0.537045616538385,0.18189573120881605,0.43935931142564605,0.09768630511273897
6239,0.5118839949840842,0.20638149514670878,0.40624061075759854,0.10564338422648568
6240,0.5661657793104385,0.29892786868003873,0.39692304958159597,0.16924272972884255
6241,0.606980872601192,0.3239237196941541,0.41036537056501043,0.1966155020361816
6242,0.5794903314415609,0.3289581777370932,0.38886224799428093,0.19062808344728002
6243,0.6119203280066995,0.3190140865312035,0.41670912353776784,0.19521120446893164
6244,0.5882866268960525,0.32886511374014454,0.3948196784300762,0.19346694846597629
6245,0.5852110307894118,0.32120835744319015,0.3972363568319087,0.18797467395750314
6246,0.5811760344372625,0.32776197524763284,0.39068862942351906,0.19048740501374345
6247,0.5967630496769565,0.314488074440036,0.40908818728708685,0.1876748623898696
6248,0.5991224936130873,0.31923476916182647,0.4078617626648555,0.1912607309482318
6249,0.618659544695284,0.31801559230707094,0.4219161631525904,0.19674338154269355
6250,0.6157083560817526,0.3413785734381594,0.40551871582860954,0.210189640253143
6251,0.6253206596682985,0.33811387898536,0.4138910658181659,0.21142959385013257
6252,0.5979622216035246,0.3531366978728044,0.3867998172137699,0.21116240438975478
6253,0.5963927055857272,0.30906461042404537,0.412068826374132,0.18432387921159518
6254,0.5494893253399128,0.29410739562465904,0.38788045094064005,0.1616088743992727
6255,0.5692133190806655,0.3090933538362281,0.39327326523777156,0.17594005384289396
6256,0.6220647913340996,0.3380191893518099,0.4117949548430445,0.21026983649105516
6257,0.5768240918603696,0.35007862618913854,0.37489030622909403,0.20193378563127565
6258,0.6143338421591232,0.313656031935146,0.4216443269440203,0.1926895152151029
6259,0.5715996834174599,0.28951725986550053,0.40611170933444934,0.16548797408301058
6260,0.5738929384450465,0.305621755823872,0.3984987709425501,0.17539416750249642
6261,0.5713486918051254,0.3119778739069518,0.3931005416762441,0.1782481501288813
6262,0.5880807062505354,0.352740461473572,0.3806408465440174,0.20743985970651801
6263,0.6358560332061864,0.35593999251811687,0.40952944150417697,0.22632659170200947
6264,0.6347697130420235,0.3351979715878287,0.4219961928049491,0.21277352023707435
6265,0.6311976626990011,0.33089117427668313,0.4223399268878309,0.20885773581117023
6266,0.5769327882456441,0.3523007389182846,0.37367894064051743,0.20325384760512663
6267,0.5477003575741508,0.39286322336093293,0.33252902966163433,0.21517132791251645
6268,0.5553238795930774,0.36233491285645447,0.3541106500736115,0.2012132295194659
6269,0.6066843767243795,0.3447271279929132,0.3975438139380135,0.20914056278636595
6270,0.623261014783982,0.35281016879805205,0.4033681909528001,0.2198928238311819
6271,0.6223882099895814,0.354850417000719,0.4015334941384474,0.22085471585113403
6272,0.6013092051014591,0.32584057357949436,0.4053782688125699,0.19593093628888925
6273,0.6157493473921455,0.32979677739264385,0.41267719694059235,0.20307215045155314
6274,0.6119156890183151,0.3563061709968042,0.39388635289132806,0.218029336126987
6275,0.6014985307719898,0.35309184449894343,0.3891143050783034,0.21238422569368637
6276,0.5968071059863119,0.33550278949290363,0.39657665713871726,0.20023044884759464
6277,0.5024343048054786,0.1797684145149995,0.4121124864326517,0.09032181837282688
6278,0.4903020599244126,0.17898381106546296,0.4025459286658942,0.08775613125851836
6279,0.5533750144772984,0.2911630311615057,0.39225266789304614,0.1611223465842523
6280,0.5767176998877253,0.3308074542795038,0.385935185749936,0.19078251413778927
6281,0.5820130993086878,0.3608501300649064,0.3719935967236685,0.2100195025850193
6282,0.5830822810609951,0.3576236333076679,0.3745582771906393,0.20852400387035588
6283,0.5947730250381746,0.3821434426497893,0.3674844136548573,0.22728861138331738
6284,0.5803314370452132,0.38236240852792097,0.3584345110321359,0.22189692601307726
6285,0.5910354567410515,0.3752347625121972,0.3692584074945351,0.22177704924651645
6286,0.5916006350903135,0.3161689072537874,0.40455490876316247,0.18704572632715102
6287,0.6322802114713663,0.26601346004999415,0.4640851646967261,0.16819504677464014
6288,0.6093651926040792,0.27267894845681234,0.4432041326586159,0.16616105994546324
6289,0.6235685915413184,0.2600199055384351,0.4614283452720097,0.16214024626930865
6290,0.6081320528693756,0.2749688023838392,0.4409147106006578,0.16721734226871776
6291,0.6019979324837919,0.27012669388355937,0.43938222125720694,0.16261571122658489
6292,0.5836159049023787,0.2918790845072905,0.41327062887557847,0.17034527602680022
6293,0.5889329404199827,0.31960515039210313,0.4007069394261906,0.18822600099379208
6294,0.6166738811937005,0.2803348519161296,0.4437987000287196,0.17287518116498093
6295,0.6329916086318477,0.277469600786829,0.4573556796833562,0.17563592894849145
6296,0.6324071078602805,0.2896638220391031,0.4492216479127763,0.1831854599475042
6297,0.6061658679875207,0.30489653322958865,0.42134799627602115,0.18481787171149955
6298,0.5903961937535481,0.3064806825482234,0.40945116531808756,0.1809450284354606
6299,0.5883986277079106,0.3000070013877081,0.41187491978861795,0.17652370791929267
6300,0.637268766811048,0.275684118054349,0.4615838888691617,0.17568487794188636
6301,0.6583289141143901,0.26273364488175627,0.4853637589780677,0.17296515513632238
6302,0.6656465112137975,0.26948550631707413,0.48626442411115334,0.17938208710264417
6303,0.6427664417703455,0.28867958873727045,0.4572128897059634,0.18555355206438204
6304,0.6087676697484311,0.3101702485620183,0.4199460503060396,0.18882161944239154
6305,0.5943752376353559,0.3200504722783077,0.4041451621196289,0.19023007551572704
6306,0.6155490942850342,0.29926289796719713,0.4313380884882114,0.1842110057968228
6307,0.6068715785855511,0.3192171007472425,0.4131477927435691,0.19372378584198197
6308,0.5939487583428248,0.30081060674668725,0.41528267196927815,0.17866608637354664
6309,0.5778315149286528,0.3112096118350832,0.39800479346162865,0.17982672146702414
6310,0.5788373891643108,0.33417282395141334,0.3854056642186099,0.19343172494570096
6311,0.599004328134485,0.31632401742440175,0.4095248726043801,0.1894794555301049
6312,0.6012407567120757,0.3317261985476611,0.4017934460760596,0.19944731063601603
6313,0.6115573861464163,0.31907843570568634,0.4164226120305594,0.1951347741158569
6314,0.5989269629748746,0.34979859813717773,0.3894231509397061,0.2095038120351685
6315,0.6309082332537057,0.36930566921350283,0.3979102459596372,0.2329979872940685
6316,0.6181021066292446,0.36549189468804605,0.39219079656664935,0.22591131006259527
6317,0.5598832243130053,0.3403687515190081,0.369316470257151,0.19056675405585435
6318,0.5659463569746491,0.3157150385303417,0.38726858107629125,0.17867777589835787
6319,0.5509965598879185,0.29064715994423007,0.3908509746174541,0.1601455852704644
6320,0.561547984713607,0.3016270220822181,0.3921699383281708,0.16937804638543622
6321,0.5256578397423326,0.22034630273066017,0.4098310782537237,0.11582676148860886
6322,0.530871519750187,0.21965040243027087,0.4142653767982889,0.11660614295189806
6323,0.5911892354825389,0.24631619025416307,0.4455697552792086,0.14561948020333026
6324,0.6332307432577102,0.25490480741633076,0.4718171825975036,0.16141356066020662
6325,0.5951429124271616,0.22305713419381135,0.46239203994540046,0.1327508724817611
6326,0.5732359296529819,0.19714846706799255,0.4602233448536009,0.11301258479938099
6327,0.6162181255227006,0.17886683884279514,0.5059971373728224,0.1102209881498782
6328,0.6006335965504896,0.19497220038323632,0.48352674260694367,0.11710685394354599
6329,0.6042441799718569,0.21697243134737884,0.47313985111585993,0.13110432885599693
6330,0.5923331485654653,0.22098360927264687,0.4614372315036378,0.13089591706182746
6331,0.5648472826900942,0.21769761190650574,0.44188137815658174,0.12296590453351247
6332,0.5732786952059038,0.2401195763318929,0.43562325779296185,0.13765543741294198
6333,0.5877625706474939,0.28522482995619497,0.42011809137994643,0.1676444792675475
6334,0.5812812936031115,0.29633401947048293,0.4090278714266996,0.17225342217641196
6335,0.5267369345240747,0.23240594777486787,0.40432013802797856,0.12241679649609609
6336,0.5392476612820102,0.21511494429425282,0.4232474306645244,0.11600023061748574
6337,0.5860137243426908,0.1817881706700618,0.4794833614068832,0.10653036293580763
6338,0.5880501684026501,0.20039170086514937,0.47020979496240556,0.11784037344024458
6339,0.5631982276400505,0.23194763709489088,0.4325657295229103,0.13063249811714017
6340,0.5636745133847495,0.2561141991104041,0.4193094668302676,0.14436504655448187
6341,0.5707148673165366,0.2161704317637811,0.4473431880347119,0.12337167928182476
6342,0.5912561227737942,0.21922389332299938,0.4616386535882617,0.1296174691855325
6343,0.5910203307477641,0.21484079018122634,0.4640450558767447,0.12697527487101937
6344,0.5869346809979619,0.2039325625796391,0.4672395874351845,0.11969509356277737
6345,0.5771673417062068,0.20600412536285545,0.4582684882900153,0.11889885341619144
6346,0.5530464892424272,0.2590471931485304,0.4097813485235275,0.14326514071889968
6347,0.5544175844690434,0.2790795918477636,0.3996909512821998,0.15472663318684365
6348,0.5447908828092544,0.29381474501646204,0.38472328848936005,0.1600675943198943
6349,0.5787167150149091,0.28257586583632466,0.4151853381956176,0.16353137681929147
6350,0.5750486670870834,0.2873525466444698,0.4098069681551021,0.1652416989319813
6351,0.596976488199589,0.27849649974674856,0.43072062580489734,0.1662558623946917
6352,0.6103027481142406,0.26575760257698766,0.4481101529292528,0.16219259518498774
6353,0.6011884110505096,0.2706264860080263,0.4384909039391613,0.16269750711134828
6354,0.5788339892420266,0.284134626749821,0.41436720975863345,0.1644667794833931
6355,0.5545413380105998,0.2965543133266715,0.39008971230561273,0.16445162570498706
6356,0.5118923011074926,0.3158220635345809,0.35022541826425924,0.16166688284323336
6357,0.547931340021181,0.29272327814442833,0.3875390819721115,0.1603922580490695
6358,0.5454101853179901,0.3039409806625406,0.3796376787291022,0.16577250658888792
6359,0.5315894116195647,0.3023457645933722,0.3708656045137066,0.16072380710585815
6360,0.5347507912761224,0.29682726425935085,0.37602217684110784,0.15872861443501454
6361,0.5985299504264222,0.27334649331482985,0.43492388733346077,0.16360606309296147
6362,0.5985639124772809,0.2785052066421008,0.43186074634429145,0.16670316613298947
6363,0.5612635314328651,0.2742695777773194,0.40732601964496595,0.15393751178789916
6364,0.5620953868448672,0.2774896256489627,0.4061197483702761,0.15597563847459103
6365,0.5536931942611817,0.2981709198149208,0.38859798523306355,0.16509520902811817
6366,0.5826977076097655,0.27876248548625354,0.420263446349325,0.16243426126044047
6367,0.5769212104870982,0.2653843223399455,0.4238153659984386,0.15310584448865963
6368,0.5387029170101141,0.2831138212721256,0.38618867564493997,0.15251424136517414
6369,0.6067134781316958,0.2586634528918885,0.4497788749621041,0.15693460316959176
6370,0.6228863922851193,0.2546506763071349,0.4642679512272023,0.15861844105791698
6371,0.6460290038149659,0.25098375230629166,0.48388622033879014,0.16214278347617575
6372,0.6394502526945898,0.26680038330737577,0.46884468016967495,0.17060557252491484
6373,0.6262846612295758,0.2710223863348831,0.4565474978182023,0.16973716341137352
6374,0.5748239065040912,0.29053433927672256,0.4078178226274605,0.16700608387663068
6375,0.5874061655492596,0.30071087802865326,0.4107667417474973,0.1766394238017623
6376,0.5879246056994293,0.28219728675110334,0.4220138771568381,0.1659107285425912
6377,0.5913960471292243,0.27773084686916183,0.4271471221249501,0.1642489250042742
6378,0.5777252427323982,0.2698897781676752,0.42180310512948493,0.15592213760291326
6379,0.6080967120758743,0.28019857974079215,0.437708877007169,0.1703878350687054
6380,0.6112651770628361,0.2801442899444132,0.44002272806682186,0.17124244899601423
6381,0.6213116288849664,0.2848612828586243,0.4443240012258134,0.176987627659153
6382,0.6119074537344433,0.3015005150256178,0.4274170412854943,0.18449041244894906
6383,0.6250044663952378,0.2917511569038954,0.44265869025432536,0.18234577614091244
6384,0.6180253365968369,0.28254257042840214,0.44340686940488816,0.17461846719194873
6385,0.6236451475532179,0.26352544561198565,0.45929878214050357,0.16434636541271427
6386,0.6263254247520594,0.246891363372146,0.47169108672038507,0.1546343380316744
6387,0.608187046127334,0.22765244031539614,0.469731780908234,0.13845526521909998
6388,0.6003613719760499,0.24476222664119243,0.4534155857818307,0.14694578619421916
6389,0.6268945188005146,0.2616562461435383,0.4628636522832122,0.16403086651730242
6390,0.6175600456238256,0.2753658847451695,0.44750507727735367,0.17005496834647196
6391,0.6169124676266822,0.28038113101879086,0.4439418522139198,0.17297061541276235
6392,0.617192953768214,0.27415066340121913,0.44798909604610015,0.16920385772211385
6393,0.6214230278110794,0.2479976879969475,0.4673115536458689,0.15411147416521048
6394,0.6045926092391513,0.23385318386572201,0.4632067026268914,0.14138590661225986
6395,0.6568101551252283,0.24539187939211057,0.49563427675522487,0.16117587837000347
6396,0.6289656125304393,0.24740767920663737,0.47335469003350217,0.1556109224969371
6397,0.6460430137726557,0.2409939750583546,0.49035053982490406,0.15569247394775163
6398,0.6453148127481657,0.24189440910125104,0.4892167674341637,0.156098045314002
6399,0.6238616033895418,0.24712018001801586,0.4696928116535902,0.15416879173595158
6400,0.6255837103975851,0.26048112348638,0.46263096267844395,0.16295274771914114
6401,0.6211969709646933,0.27571957888450455,0.44992080372597826,0.17127616723871503
6402,0.6171544989137391,0.2710550956254637,0.4498716271949904,0.1672828717187487
6403,0.5630379076308193,0.2214921799479973,0.43832941407631,0.12470849355450932
6404,0.5623674901410188,0.21637910378246497,0.440682916627911,0.12168457351310787
6405,0.5327786377252519,0.23284703950165506,0.40872270922120224,0.1240559285040497
6406,0.5440352496122539,0.21432473154937473,0.42743504078571054,0.11660020882654339
6407,0.5031366998378463,0.21785844969772034,0.3935241184251458,0.10961258141270044
6408,0.5558756458653324,0.2578080214045655,0.4125664454578062,0.1433092004075263
6409,0.5896145815958038,0.20882331769497192,0.4664893085056353,0.12312527309016849
6410,0.6046934645888585,0.1972718578108193,0.48540446142335353,0.11928900316550499
6411,0.5892020565655672,0.2132335625415999,0.4635644029872541,0.12563765357831316
6412,0.5715254349471454,0.1938384198935362,0.4607418477080247,0.11078358723912067
6413,0.5045558916054121,0.20717587784954336,0.40002408183790183,0.10453180976751031
6414,0.5130265158072834,0.2509665630421377,0.38427401438564657,0.12875250142163686
6415,0.5562897874387762,0.21592117847466852,0.4361750409615728,0.12011474647720341
6416,0.601292713882614,0.18514722049760124,0.4899650392017886,0.11132767468082538
6417,0.6201617342417306,0.20562740963003007,0.4926394832779364,0.1275222509637942
6418,0.6181273546661473,0.21358486532872925,0.4861047068637746,0.13202264780237274
6419,0.5769208859519065,0.2188056364251323,0.4506873443342484,0.12623354161765807
6420,0.5883031504057112,0.22413868304553575,0.4564416570422354,0.13186149336347586
6421,0.6154418735148428,0.24045094694424368,0.46745829223905944,0.1479835812757834
6422,0.5945796024393888,0.23678056145177717,0.4537947103460158,0.14078489209337294
6423,0.5633600573073929,0.2260805183027341,0.43599532356027954,0.12736473374711338
6424,0.5989728702487307,0.22255558962991337,0.46566810993820285,0.13330476031052785
6425,0.5890104211006042,0.1815438445707744,0.4820792047617497,0.10693121633885447
6426,0.5957839257519792,0.1522485493034729,0.5050766873579124,0.09070723839406684
6427,0.6061490124331788,0.20432497237098213,0.4822976322150714,0.12385138021810735
6428,0.5375661200465071,0.18878592680427758,0.4360812018549477,0.10148491819155937
6429,0.5888406829374292,0.20703616148995269,0.46692936821294156,0.12191131472448762
6430,0.5440931608082994,0.22212692702519407,0.4232354189825271,0.1208577418257723
6431,0.5404436966191299,0.21173609800944715,0.4260122571031939,0.11443143951593601
6432,0.5202319767988272,0.2202344649849071,0.40565896572049687,0.1145730110783303
6433,0.5691031195455059,0.20227173883762084,0.453989641977122,0.11511347756838387
6434,0.5743073372185747,0.20113438113378174,0.4587943863665266,0.11551295085204813
6435,0.5692379034036764,0.21261462330557257,0.44820960100024987,0.12102830240342657
6436,0.5644136309570573,0.21852098412660226,0.4410774088658522,0.12333622209120507
6437,0.5844181306143361,0.22701391244854036,0.4517470842777136,0.13267104633662252
6438,0.6037280275882778,0.23817102788862918,0.459937502692403,0.1437905248958748
6439,0.5614767162598426,0.24697596257754414,0.4228054637966894,0.13867125246315326
6440,0.5821041095898586,0.2607497234792146,0.4303206239781885,0.15178348561167007
6441,0.5701652595224598,0.25657244738455914,0.42387656347312996,0.1462886960493298
6442,0.5340921580558845,0.2544149572419102,0.3982111245008571,0.1358810335550274
6443,0.5737857040326122,0.22864637799718432,0.44259168105899105,0.13119402297362118
6444,0.5688530882719781,0.25865647446605067,0.42171555397042315,0.14713753430155496
6445,0.5637595600032322,0.24166652234775057,0.42751774769695305,0.13624181230627916
6446,0.6013879965638249,0.23995559380298456,0.4570815827423651,0.14430641382145984
6447,0.5927904569489942,0.2268244063793379,0.4583311134442022,0.13445934350479208
6448,0.613443882682302,0.22504221369616045,0.47539311334510903,0.13805076933719299
6449,0.5965836218917193,0.23621983572694935,0.45565873673106894,0.1409248851606504
6450,0.6075148062091007,0.22895285724955702,0.46842255550611617,0.13909225070298453
6451,0.6158528120398384,0.23058827417798286,0.4738443749639144,0.142008437075924
6452,0.5989843336126891,0.22422766885107773,0.4646754728083996,0.13430886080428953
6453,0.6358636200454658,0.2246808867260697,0.49299721805680186,0.14286640198866393
6454,0.633186975312829,0.24632323368044443,0.4772183120294332,0.15596866328339576
6455,0.6014150593945109,0.2618710485050447,0.4439218672041466,0.1574931921903643
6456,0.6050838568947481,0.2632476645966474,0.44579694468207365,0.15928691221267444
6457,0.5923100243379216,0.253446849459753,0.4421909147660458,0.15011910957187583
6458,0.5725750699936675,0.28630163682037196,0.4086458902519414,0.16392917974172605
6459,0.5937333264256691,0.3215707955706253,0.4028060282901729,0.1909272981354962
6460,0.5925466177518548,0.32652051256975473,0.39906799240204466,0.19347862534981014
6461,0.6078499787207043,0.3060405950363729,0.4218232095401734,0.18602676918053096
6462,0.587321219432805,0.348611647429524,0.3825742015560179,0.20474701787678712
6463,0.5879139820217807,0.3262721980648849,0.39609399483445507,0.1918199871873256
6464,0.6071141662007712,0.31416800912342224,0.4163783172948484,0.19073584890592277
6465,0.6110282039189485,0.33322517344832725,0.407418224686237,0.20360997923271149
6466,0.6096311018213116,0.32582737117753197,0.41099660252681136,0.1986344992945003
6467,0.5763569628141515,0.35120072593454155,0.3739399790763939,0.20241698373775757
6468,0.6181445555319408,0.3487192258885478,0.402585664639622,0.21555889089231886
6469,0.6088823289202862,0.297991249227496,0.42744072309278297,0.18144160582750318
6470,0.5831212474370006,0.23421962135600072,0.44654280965766746,0.13657843777933307
6471,0.5555245738828152,0.2526582751275687,0.4151666932546055,0.1403578806282097
6472,0.5978336637396124,0.2984899187975118,0.4193863419955566,0.1784473217440559
6473,0.5983286989324138,0.3153858638042073,0.409624285380767,0.18870441355164683
6474,0.5950528583545772,0.31256946860190493,0.4090575026286424,0.1859953557259348
6475,0.6006778767678504,0.3286015162188445,0.40329421570281854,0.19738366106503188
6476,0.6056393020668972,0.34465768000798613,0.39690106529486446,0.2087382367720327
6477,0.6123146512810816,0.3613897559158426,0.3910304089109173,0.22128424237016436
6478,0.5927227303469037,0.340580525380359,0.3908529114404744,0.20186981890642933
6479,0.6068818381780193,0.3522660401837295,0.3930979761836256,0.21378386199439375
6480,0.624774788346884,0.37706034122163423,0.3891969934661337,0.2355777948807504
6481,0.6480775819616342,0.33778532958507457,0.4291664823420254,0.2189110996196088
6482,0.647118678218673,0.32542416741268526,0.4365306211421639,0.21058805707650904
6483,0.6425946934414496,0.3253118052723828,0.43355105365955826,0.20904363978189136
6484,0.5957389853251559,0.35247613485113305,0.38575521039760907,0.20998377492754683
6485,0.6372216386190296,0.34737813952478447,0.4158647713306165,0.22135686728841306
6486,0.6409395570800175,0.3398817935654407,0.423095870852622,0.2178436862273955
6487,0.6283252109788637,0.3462627210227169,0.41075961373814973,0.21756559724071403
6488,0.6419223934472842,0.3635635882881043,0.40854278468310123,0.23337960876418296
6489,0.6440051527968054,0.36440404872690324,0.4093270677166615,0.23467808508014384
6490,0.6344137373615458,0.3446345451960821,0.4157728475198028,0.218640889841743
6491,0.6426818927808339,0.34448185856085056,0.42128963989228696,0.22139225288854694
6492,0.6636230445564445,0.33570585658175717,0.4408409019362297,0.2227821426202148
6493,0.650534060668505,0.326184349139844,0.43834003149604894,0.2121940291724561
6494,0.6479832990440606,0.31337285717281277,0.44492292122235816,0.20306037782170244
6495,0.6370070905690255,0.3264373165184997,0.4290642053204159,0.2079428852486096
6496,0.6009752625194077,0.32679586293022433,0.40457903300465975,0.19639622951474794
6497,0.603222759461703,0.3379851682249658,0.39934241362791123,0.20388034583379178
6498,0.5901116155649306,0.32931281022700454,0.39578030109564555,0.19433131446928506
6499,0.6214130404376786,0.3063471601937239,0.4310449201922481,0.19036812024543054
6500,0.6338129222196587,0.3059885424106887,0.4398734299886061,0.19393949223105256
6501,0.6218312442705584,0.30821108745971154,0.43017596025750404,0.19165528401305432
6502,0.622230369614449,0.33306350233078014,0.41498814345408475,0.20724222616036422
6503,0.6197035005636885,0.33088585841760365,0.4146523758152785,0.20505112474841
6504,0.6384940743964163,0.3292715004074089,0.42825617251866854,0.21023790187774774
6505,0.6324552202963204,0.3376743429798657,0.41889131931857415,0.21356390097774622
6506,0.6061514840571532,0.3102052070045776,0.41812013746907206,0.18803134658808116
6507,0.6279181995424569,0.31967451882623027,0.42718875124148914,0.20072944830096773
6508,0.6376430230970411,0.31045682952352965,0.43968239177853496,0.1979606313185062
6509,0.6200691947777707,0.318412933344357,0.4226311435921073,0.1974380511856634
6510,0.622519108311683,0.3238631928995986,0.4209080822528503,0.2016110260588327
6511,0.629562677432263,0.3060266764529953,0.4368997036388184,0.1926629737934446
6512,0.6226249513404976,0.27139449536199595,0.453647966871656,0.1689769844688416
6513,0.5993936897626638,0.3047231305061242,0.4167445682125683,0.18264912155009555
6514,0.5634959673389746,0.2638372600063611,0.41482473529162556,0.148671232047349
6515,0.6328865609833431,0.24302920321426674,0.47907664434254377,0.1538099166407993
6516,0.6492730269275627,0.2637305954602046,0.4780398649197072,0.17123316200785557
6517,0.638449092291915,0.2743846127523818,0.4632684853412883,0.17518060695062676
6518,0.6488606059037836,0.28591659419930987,0.46334059135367317,0.1855200145501104
6519,0.6378717754754073,0.2953671560104073,0.44946540325392714,0.18840637222148013
6520,0.6186945767235257,0.2977793142707288,0.43446012992377536,0.1842344467997503
6521,0.6010630682502319,0.2955759297070605,0.4234032930395913,0.17765977521064064
6522,0.5969554324614836,0.31261858030614675,0.41033607265933275,0.18661935980215089
6523,0.5970611671033039,0.3272816290018093,0.40165401572001314,0.1954071513832908
6524,0.5844700583726994,0.32268448724817395,0.39587063727479455,0.1885994210979048
6525,0.5987476314362871,0.333263729843901,0.39920676254862864,0.1995408688876584
6526,0.6467885532117923,0.3121176499171969,0.4449144299899838,0.20187412322180848
6527,0.6454034182398364,0.3386262570023793,0.42685287446473946,0.21855054377509692
6528,0.6551408622458635,0.3088536167002565,0.45279823749310405,0.2023426247527595
6529,0.6731335042938832,0.2970826557143705,0.47315721518793574,0.19997628910594742
6530,0.6514707012722832,0.3149434335070551,0.44629428178434133,0.2051764194879419
6531,0.6218784456801192,0.3317780597917603,0.41555282154605366,0.20632562413406552
6532,0.6415622125767154,0.2952881769643302,0.45211647641573505,0.18944573616098037
6533,0.6061636244017719,0.33673525171860036,0.4020469637561821,0.20411666064558975
6534,0.6257394094412115,0.3333351468827266,0.41715847148481466,0.20858093795639684
6535,0.611523469277665,0.316155826085019,0.41818676167780805,0.19333670759985694
6536,0.6199311181327282,0.3357888735571037,0.4117651462919436,0.20816597184078456
6537,0.6196480546085497,0.33828055336022067,0.41003316780698523,0.20961488680156443
6538,0.6174965069399957,0.2901725150489424,0.43831599248728037,0.1791805144527153
6539,0.6040496453425357,0.29330099970330786,0.42688128049314145,0.17716836484939427
6540,0.6211481154644677,0.2894362922249215,0.44136530800193474,0.17978280746253297
6541,0.6169890762050223,0.28598187962262167,0.4405413804852851,0.17644769571973723
6542,0.5888587301229167,0.32155479516685387,0.39950838177602854,0.18935034834688816
6543,0.6109840617510734,0.31589529283894546,0.41797707264428974,0.19300698910678368
6544,0.6194326942818799,0.3073037311041048,0.42907871616118987,0.19035397812068997
6545,0.6074527838167663,0.3298714742272435,0.4070714384956865,0.20038134532107973
6546,0.6046449367527795,0.33361399086299753,0.40292692634758,0.20171801040519952
6547,0.5953042697474875,0.359953736465016,0.3810222735183016,0.21428199622918592
6548,0.6046459168665806,0.3681418617874891,0.3820504433091143,0.22259547355746634
6549,0.5855327691961667,0.3832126159178888,0.36114922500685825,0.22438354418930845
6550,0.5880883680595718,0.37293517183770925,0.36876953146151736,0.2193188365980544
6551,0.6115166372674412,0.3569978166916291,0.3932065328923578,0.2183101043750834
6552,0.6158742779213388,0.36542582558928316,0.3908179114527299,0.22505636646860885
6553,0.6304927174433145,0.3523764476265417,0.40832193341623446,0.22217078402708004
6554,0.6482689862594168,0.35186168519245126,0.42016796829617636,0.2281010179632404
6555,0.6504851181833362,0.3561555281504431,0.4188112473627467,0.2316738708205895
6556,0.6426321983452477,0.3560168611609221,0.4138443002094294,0.2287878981358182
6557,0.6305655227145177,0.33249064633613656,0.4209083845098839,0.2096571382046338
6558,0.6499467510967942,0.34856176083025947,0.42340016708858924,0.226546584008205
6559,0.6473108181963078,0.3524265879763171,0.4191812751792249,0.22812954301708285
6560,0.6205986285732042,0.3707331695539785,0.390522131981408,0.23007649659179624
6561,0.6198493221228066,0.38203469428935233,0.38304537584015796,0.2368039462826487
6562,0.6516863847574047,0.3631293304809722,0.4150399441768831,0.2366464405805216
6563,0.6578687396082655,0.3484406563460967,0.4286405241895821,0.22922821541868343
6564,0.6289723780816631,0.34844481524362897,0.40981021400765205,0.21916216407401104
6565,0.6125555283592923,0.253382150067562,0.45734489154784336,0.15521063681144892
6566,0.6178382752883148,0.22591820250242706,0.478257362697979,0.13958091259033578
6567,0.6539815334284355,0.2881212771562007,0.4655555387804641,0.18842599464797138
6568,0.649274706800815,0.2953019796214667,0.45754260056438695,0.19173210623642806
6569,0.6692374987422103,0.3114997706369938,0.46077017138233634,0.20846732735987392
6570,0.650672718548191,0.34848480074366756,0.4239231658755842,0.2267495526726068
6571,0.6294758561957766,0.35200708368376127,0.4078958958069626,0.221579960388814
6572,0.6366278956659365,0.3842104446044832,0.39202880882451047,0.244599086841426
6573,0.6593822928927497,0.3821946632899185,0.40736989948127084,0.2520123934114789
6574,0.6633547838671019,0.3416479037223724,0.4367210125346991,0.22663377133240278
6575,0.6786424142034386,0.3360053553248522,0.4506149286804967,0.22802748552294191
6576,0.6389374573040351,0.3308457256561044,0.42754773059341533,0.2113897267106197
6577,0.6507501859620441,0.34187193925741083,0.42827695791507936,0.22247322804696476
6578,0.6393092352075113,0.3351597999783992,0.42503847981101844,0.21427075539649282
6579,0.6416157260893705,0.3542090425845634,0.41434963404405506,0.2272660920453154
6580,0.649904168525149,0.3369280031204035,0.43093325480434436,0.21897091372080463
6581,0.6541528214255012,0.32372924015319227,0.4423844256013568,0.2117683958241444
6582,0.6553194838871864,0.3100979516681112,0.4521062542455661,0.2032132296416203
6583,0.6441140772203056,0.30610758904087026,0.4469458699751129,0.19716820724519266
6584,0.6491505951816715,0.30871858185674966,0.44874574402572087,0.20040485115595064
6585,0.6544098451620547,0.2923331847670824,0.46310413098289793,0.19130571417915673
6586,0.6385704987418979,0.29875793794882577,0.44779249330281523,0.19077800543908266
6587,0.6697219494318771,0.30812873758968107,0.4633613706173326,0.20636057881454453
6588,0.6613883091188745,0.3110674092510282,0.455651961292348,0.20573634782652647
6589,0.6759239100631896,0.3034691304797348,0.470801868805851,0.20512204125733863
6590,0.6606318628942591,0.3089233023433887,0.4565472861756998,0.20408457671855934
6591,0.650681024421283,0.33148061364384,0.43499287915971363,0.21568814526156932
6592,0.6426174507051745,0.3684968328573631,0.405814955381445,0.2368024953237295
6593,0.6514136436551069,0.3984455226240973,0.3918607939644803,0.2595528496906266
6594,0.6484376126423728,0.3920017207396182,0.3942489526942726,0.25418865994810014
6595,0.6448206336373972,0.39908128690164674,0.3874847853446494,0.25733584829274775
6596,0.6308028616958004,0.4228117584940278,0.364091994479134,0.26671086721666637
6597,0.6602525964006843,0.40314194448833385,0.39407708083424137,0.266175515566443
6598,0.6517155000572804,0.3770929731179597,0.4059581645136227,0.2457573355436577
6599,0.6931185747689191,0.3505274567126424,0.4501614835548784,0.24295709121404072
6600,0.6677146674809572,0.3586229603519717,0.4282568567585039,0.23945781072245328
6601,0.6581550163187058,0.3442686659565629,0.4315728668580451,0.22658214946066071
6602,0.6620977678292791,0.34393493735863073,0.43437921352562675,0.22771855430365234
6603,0.6808074679428018,0.359431764855864,0.4361036382130685,0.24470382972973329
6604,0.6306426554553657,0.33800416655629895,0.41748281030332357,0.2131598451520421
6605,0.6488083199426751,0.3335859621356547,0.4323749722929801,0.21643334764969496
6606,0.6583574773414811,0.3667090910445679,0.41693180524319184,0.24142567209828922
6607,0.6741339450369542,0.37094774080140885,0.42406548112795495,0.2500684639089993
6608,0.6701622515706012,0.37882157158323576,0.4162903342148662,0.25387191735573494
6609,0.6571161246010637,0.3546827750760539,0.42404835398033647,0.23306777062072728
6610,0.6062682935719041,0.32381580181354286,0.4099490399747896,0.19631925359711452
6611,0.6286263061689139,0.3284646424970955,0.42214479124887194,0.206481514920042
6612,0.6562266213258521,0.36812508811128775,0.41465313852930014,0.24157348279655194
6613,0.6437280125092188,0.3302828132877908,0.43111571354551587,0.21261229896370298
6614,0.5969040951994701,0.2919199851668619,0.42265586058280163,0.17424823461666844
6615,0.6335380077453576,0.3053292066994514,0.4401003504265167,0.19343765731884094
6616,0.6451800071124697,0.30436709394914685,0.4488084432735574,0.1963715638389123
6617,0.5970455542446498,0.3273459121673307,0.4016051326849853,0.19544042155966443
6618,0.628860344728675,0.36400523233320603,0.39995188884057364,0.22890845588810138
6619,0.6111517913755841,0.3280272492318408,0.4106773503875394,0.20047444098804468
6620,0.5710207812221347,0.3551220528734971,0.36823870916110224,0.20278207206103252
6621,0.5977859603205437,0.35858544017345373,0.38342861860949073,0.2143573417110529
6622,0.6161140975379857,0.3958024532130391,0.37225462627331335,0.2438594712646724
6623,0.6173425572324182,0.3830042382381355,0.38089774136763327,0.23644481586478489
6624,0.6393371120670777,0.3603262095377473,0.4089671938591376,0.23036991820794006
6625,0.6663163919001127,0.3098287534408839,0.4598724148004733,0.2064439770996394
6626,0.649706885672249,0.2980279152716154,0.4560760969977349,0.1936307886745141
6627,0.6453956093699246,0.2909401823906825,0.45762409306569307,0.1877715163042315
6628,0.6225030635321085,0.30656553968571254,0.43166507590437825,0.19083798762773024
6629,0.6305889424405525,0.3278461823672651,0.4238527650184063,0.20673617742214623
6630,0.6365055303790451,0.34944479664475137,0.41408198475248004,0.22242354562656505
6631,0.6438404988097035,0.33486723827957227,0.42823940908075586,0.21560108972894765
6632,0.6038252380811193,0.3253246682486389,0.40738599282222376,0.19643924525889556
6633,0.6059626674049892,0.3265953209385471,0.4080580955670786,0.19790457183791052
6634,0.5970945893468808,0.2968457749515,0.41984958325285826,0.17724500609402247
6635,0.6445873276285335,0.2640680711283538,0.47437239534788644,0.17021493228064707
6636,0.6181169476373289,0.25638623723992676,0.4596402692583653,0.1584766783789636
6637,0.6212184951699111,0.21855524038814517,0.4854479376244894,0.13577055754542172
6638,0.6195815431673447,0.20866646309983963,0.49029565395267427,0.12928588921467044
6639,0.638312694894334,0.1910657022953694,0.5163530315602982,0.12195966333403577
6640,0.6294013386353494,0.2035325566035245,0.5012976750532161,0.12810366358213335
6641,0.6354158856378296,0.2251720637625809,0.4923379793212314,0.14307790631659817
6642,0.6457163173492851,0.24624115826286141,0.48671438345596774,0.15900193389331738
6643,0.6483421665045631,0.2709976386565417,0.4726429703403601,0.175699196164203
6644,0.6478209857654644,0.2842243554320999,0.4636944836508877,0.18412650211457668
6645,0.6443804202358312,0.30687591207542875,0.44663559105241246,0.19774482918341876
6646,0.6373246946252258,0.36845389281818586,0.4024999299013998,0.23482476472382596
6647,0.6328019991025376,0.4090005613099724,0.3739856262715271,0.25881637283101055
6648,0.6192799452168376,0.3876788553930675,0.37919820488729244,0.24008174032954516
6649,0.6833596054312504,0.3217402869603136,0.46349528988271327,0.21986431554853716
6650,0.674107569950533,0.3273336787273219,0.4534494592206896,0.22065811072984343
6651,0.6292228880852749,0.3484143575431515,0.4099925997815975,0.21923028830367738
6652,0.63255349626085,0.35142914955313614,0.41025575902303657,0.2222977372378134
6653,0.6517236780187002,0.3235513887917221,0.44085757688730065,0.2108661011313996
6654,0.6532983613176103,0.318882725355804,0.44497279939017,0.2083255619274403
6655,0.6520304212224782,0.33586090045583583,0.43303889682609875,0.21899152439637945
6656,0.6478226194553439,0.34653332264315934,0.4233304946520886,0.22449212480325534
6657,0.6775060581721418,0.31597347811045867,0.4634321125305834,0.2140739456415584
6658,0.6487830749095689,0.31361531328758513,0.44531476761612165,0.20346830729344725
6659,0.6745200245167076,0.3311088043948433,0.45118050565860013,0.22333951885810743
6660,0.6633227064482974,0.33421754427545247,0.4416286204370006,0.22169408601129678
6661,0.6526847321045574,0.29539818327835116,0.4598828479873538,0.19280188411720356
6662,0.6565460799761407,0.2796686600404588,0.4729307175343975,0.18361536244174317
6663,0.6470860116802591,0.2727823399879127,0.47057237524067225,0.1765136364395869
6664,0.6255469352912042,0.2507672517864582,0.4686802494647875,0.1568666858264167
6665,0.6255443605368796,0.27167941779137483,0.45559683286354224,0.16994752767333732
6666,0.6523491252940277,0.3077089122073749,0.4516154855703699,0.20073363972365776
6667,0.6554112741542094,0.3408997549758314,0.431981731386642,0.22342954276756746
6668,0.6188667129176583,0.3522253308226842,0.40088618022508893,0.2179805326925693
6669,0.6481866836091342,0.3502925709206854,0.42113170377113773,0.22705497983799652
6670,0.6652631895948037,0.35721513187471626,0.42762111159230154,0.23764207800250217
6671,0.6758693309536883,0.35500200253583114,0.43593436501257654,0.23993496594111174
6672,0.6485085879756516,0.37296066953664053,0.4066403908039912,0.24186819717166036
6673,0.6372336674476992,0.36550907937891514,0.40431897630964087,0.23291469113805827
6674,0.6623132598223669,0.35348864264190255,0.4281930446040247,0.2341202152183422
6675,0.6358034954267958,0.3667634944145473,0.40261398368308055,0.2331895117437153
6676,0.646708582508942,0.354481062496403,0.4174626370556296,0.22924594545331248
6677,0.6599880174898741,0.32889744571707175,0.44291964433358044,0.21706837315629368
6678,0.6792896417576446,0.3106600361931946,0.4682614970635526,0.21102814469409206
6679,0.6554797493274459,0.314345084805256,0.449432911936982,0.20604683739046395
6680,0.6284913898933763,0.31920605972865407,0.4278731297521264,0.2006182601412499
6681,0.6531425526354078,0.3140507167333851,0.4480226658511853,0.2051198867842225
6682,0.6549875891434717,0.3022958853374567,0.45698753599829955,0.1980000531451721
6683,0.6664393753433139,0.3128157175700806,0.45796666392833885,0.208472711414975
6684,0.6173593033985003,0.32993996309077184,0.4136677976214545,0.2036915057770458
6685,0.63132620141371,0.2593521769914113,0.4675903766853461,0.16373582472836387
6686,0.5859111664660985,0.22321217823597223,0.4551286587464214,0.13078250771967717
6687,0.6172616775056198,0.1782779510609587,0.5072175303714677,0.11004414713415216
6688,0.5711740465647188,0.17633044584756585,0.4704586722774036,0.10071537428731521
6689,0.5764445695434505,0.20634926317630678,0.45749565735617614,0.11894891218727434
6690,0.602445610069609,0.21580068447618234,0.4724374350569161,0.13000817501269285
6691,0.6101326295953202,0.17879418657557666,0.5010444623836073,0.1090881672117129
6692,0.5938610987967687,0.19937074663611412,0.47546256813151383,0.11839853066525492
6693,0.5950231618200582,0.18296233628098674,0.48615633399216074,0.10886682782789749
6694,0.5845755264275707,0.16470810228537971,0.48829120082720867,0.09628432560036201
6695,0.5853676193323084,0.18011077474899986,0.4799366039013887,0.10543101543091969
6696,0.586989464741107,0.18562860124680766,0.478027431454603,0.10896203328650401
6697,0.5514822050873693,0.18471593530239258,0.44961465377203,0.10186755131533931
6698,0.5921947196001125,0.17289044520648852,0.4898099108795174,0.10238480872059508
6699,0.5784962210746802,0.16341867198964824,0.48395913687562603,0.09453708419905421
6700,0.6210282643553362,0.21423353751351693,0.487983182386613,0.13304508196872322
6701,0.5625594487644335,0.18343084403991916,0.4593686942549418,0.10319075450949171
6702,0.5573633318301802,0.18103534309099323,0.4564608698259644,0.10090246200421576
6703,0.5629348285955157,0.24187438980541034,0.42677531042876204,0.13615951816675362
6704,0.5399287815494365,0.20033208713658765,0.4317637218365232,0.1081650597129133
6705,0.5719984639505318,0.21480309028904093,0.449131426253373,0.1228670376971588
6706,0.5631921681061874,0.17711549932392592,0.46344210603673563,0.09975006206945182
6707,0.5287149716363903,0.1910896723469263,0.427683000941478,0.10103197069491225
6708,0.5234213852569962,0.22094445265140816,0.40777433378534733,0.11564705147164887
6709,0.5136719087927119,0.17849889380726947,0.42198204129334416,0.09168986749936768
6710,0.5211974449637977,0.2092981726273131,0.4121117721548503,0.10908567280894745
6711,0.5278298516513769,0.24895028448318246,0.39642645992405057,0.13140339172732626
6712,0.5398177916402946,0.21476452348560954,0.4238840808496127,0.11593371079068193
6713,0.5553261469588826,0.1961888809422826,0.44637733162902987,0.10894881532985275
6714,0.5519523504460133,0.20596127895634628,0.43827153842519095,0.11368081202082235
6715,0.5594594071352169,0.2100887059233934,0.4419233042735103,0.11753610286170661
6716,0.5596243917902618,0.19634743330016596,0.44974357885007743,0.10988081294018437
6717,0.5333066728778906,0.17881935208473398,0.437941119171401,0.09536555370648957
6718,0.5176142778198505,0.17399672055701118,0.4275510909657108,0.09006318685413968
6719,0.6082027031668299,0.1542660997412095,0.5143776442972224,0.09382505886960742
6720,0.652888969622709,0.14114937553850154,0.5607340992644879,0.09215487035822109
6721,0.661006454228732,0.14957797651995602,0.5621344463385674,0.09887200789016466
6722,0.6209158919488063,0.16090724157431138,0.5210060285256707,0.09990986342313558
6723,0.5763393774623923,0.17240682193440776,0.47697453703844617,0.09936484042394608
6724,0.5366955226671378,0.23651895625561592,0.40975685781884413,0.1269386648482937
6725,0.5667247775984987,0.25793534376392363,0.42054642726909675,0.14617835032940193
6726,0.5446439387063127,0.2510587330628384,0.4079063214843516,0.13673761722196107
6727,0.574317832233602,0.2859307406793303,0.41010270907770086,0.16421512315590117
6728,0.5896730074423346,0.2788912565894538,0.4252183614198596,0.16445464602247506
6729,0.5867103520855736,0.21824097724734143,0.4586661114852863,0.12804424060028735
6730,0.6218107457367235,0.2225894223896166,0.4834022510075294,0.13840849472919403
6731,0.626538219085478,0.26423526606469816,0.4609847260657246,0.16555349301975342
6732,0.624917054161769,0.26928377663925523,0.4566370297308099,0.16828002443095916
6733,0.6214135301816838,0.2117161534611831,0.4898502478628829,0.1315632823188009
6734,0.6303858098189193,0.1870284392695732,0.5124857356708009,0.11790007414811847
6735,0.6460895165491891,0.20232352927460207,0.5153704053336358,0.13071911121555335
6736,0.6487136082331357,0.23366845910287465,0.497129698998233,0.15158390923490273
6737,0.6179236702220458,0.2372856860833323,0.47129922818627684,0.1466244420357689
6738,0.5963569069635599,0.2519200255237065,0.44612265974006127,0.15023424722349868
6739,0.6021566261874769,0.274253026082994,0.4370133492796351,0.16514327690784178
6740,0.6013770494774083,0.309498293275661,0.41525187904899774,0.1861251704284106
6741,0.6120899702986995,0.33654779740994734,0.4060924389779521,0.2059975313207474
6742,0.6435315756005382,0.38621911185463736,0.39498738202168293,0.2485441935788553
6743,0.6297103709824581,0.3636681164551835,0.40070478645497276,0.22900558452748535
6744,0.6213761145156765,0.37660495313723236,0.38736279202790463,0.2340133224877719
6745,0.6421226187692768,0.3730995306161058,0.402546971108475,0.2395756476608018
6746,0.6438767622693957,0.40090224577716715,0.3857451222718638,0.2581316399975319
6747,0.664183045236464,0.3862407686299988,0.4076484753333189,0.2565345699031451
6748,0.6185880759884125,0.3442244726654644,0.40565492173415696,0.21293315425425552
6749,0.6157694857207039,0.2955056712052019,0.4338061105351253,0.18196337518557856
6750,0.6040718118595946,0.27231235025911077,0.439575597046829,0.16449621481276558
6751,0.6100730532946891,0.293835183133171,0.43081212595523133,0.17926092733945773
6752,0.6235167870637742,0.3258475240578551,0.42034538579053454,0.20317140127323968
6753,0.5929985609791698,0.33278788381506874,0.39565582476553085,0.19734273621363893
6754,0.6082380336973593,0.3214735587284999,0.412705588450644,0.19553244524671534
6755,0.6145213873292154,0.3516570994067569,0.3984205787376073,0.21610080859160805
6756,0.6130820823898876,0.3760902534908536,0.38250788661317436,0.23057419577671323
6757,0.6011103528899904,0.37240820782964074,0.37725192366238613,0.2238584292276042
6758,0.5897504662202726,0.4089234829843009,0.34858765148186344,0.2411628147384092
6759,0.6078610963977366,0.4335478115746741,0.34432424831311587,0.2635368480846207
6760,0.6271266544551254,0.46407623266261216,0.33609207925328305,0.29103457520184234
6761,0.6499006533321701,0.4618740608335343,0.3497283994392737,0.30017225389289637
6762,0.6161789915598762,0.4489948498442978,0.3395177977672387,0.2766611937926375
6763,0.6044838804379051,0.4018638935297625,0.36156363466914915,0.24292024576875598
6764,0.6069529946152019,0.37092122453200005,0.38182124661916683,0.2251317479960351
6765,0.6181814257585475,0.39006632529061985,0.3770496686499948,0.24113175710855275
6766,0.646402235055367,0.3824657987757787,0.39917548789446744,0.24722674716089957
6767,0.6365097716146956,0.3628249248302591,0.4055681615748683,0.2309416100398273
6768,0.6254476690750601,0.35723626198202446,0.40201508170931544,0.2234325873657447
6769,0.611213341921535,0.3249822519288617,0.41257985365490923,0.19863348826662577
6770,0.6032012154814909,0.3102057990718809,0.41608470043192514,0.1871165150495657
6771,0.6075103408151286,0.32261505200307594,0.4115183606206495,0.19599198019447908
6772,0.6122262232637271,0.28909774995186727,0.4352329996566541,0.17699322360707304
6773,0.582004926603912,0.26603953763663324,0.4271686050279646,0.15483632157594743
6774,0.5771609404904797,0.2632982882061573,0.4251954528398806,0.15196548765059914
6775,0.5876729447410842,0.28930234504411256,0.41765778370850937,0.17001516103257486
6776,0.5478011671159598,0.2765092466350771,0.3963290790909098,0.15147208802505002
6777,0.5587150859859207,0.26837227492843374,0.4087714473230437,0.149943638662877
6778,0.5821866300153952,0.2871966134531824,0.4149846014772528,0.1672020285381424
6779,0.587629208711542,0.28086912166965006,0.42258230899329974,0.16504689971824227
6780,0.5934422754308389,0.2912953558494165,0.42057529663312526,0.17286697879771368
6781,0.6209562712356405,0.2959566120188151,0.4371801569889039,0.18377611424673657
6782,0.5794102793858859,0.2731784638926972,0.42112786929961105,0.1582824100862748
6783,0.5840507650377588,0.2924078567193587,0.413269732617766,0.1707810324199928
6784,0.5792104722174126,0.30410420272793,0.40307013335206854,0.1761403388653441
6785,0.5809567709272186,0.32150506500865206,0.3941762265230466,0.18678054440417202
6786,0.5447282085930563,0.2960821288454227,0.3834439209506707,0.16128428764238556
6787,0.5638687118391672,0.2563809486930629,0.4193035165595062,0.144565195279661
6788,0.521520737459822,0.23500028102116538,0.39896321759839837,0.12255751986142358
6789,0.5600119282365276,0.21456953170712356,0.43985043104441257,0.12016149719211501
6790,0.555270925412382,0.2598344724124581,0.4109923974618783,0.14427852795050364
6791,0.5764460853343131,0.3040298287965327,0.4011892806996904,0.17525680463462268
6792,0.5959968127024599,0.3032219758845935,0.4152774815339,0.18071933116855987
6793,0.6140140291859932,0.31112021568818266,0.42298185199007693,0.1910321771959163
6794,0.6024575363937194,0.2942528156775191,0.425182709983726,0.17727482640999334
6795,0.5997049870975721,0.3191737756323304,0.40829488210010206,0.19141010499747008
6796,0.5714953560543499,0.36039308953148713,0.36553237903302543,0.20596297702132443
6797,0.5943688225270696,0.38175489680637775,0.3674656140183199,0.2269032085087497
6798,0.6115201082795785,0.37162975770141327,0.38426103861009675,0.22725906966948176
6799,0.611321157818929,0.35051627091330423,0.39704314524983453,0.21427801256909454
6800,0.6074291505708559,0.3507958842045924,0.394345504604708,0.21308364596614787
6801,0.6269716221291874,0.34612843570273016,0.40995891533160855,0.2170127067975789
6802,0.5956272432152806,0.36113935530813807,0.38052280459655063,0.21510443861873
6803,0.6455130062520702,0.34424495478778366,0.4232984105999,0.22221459565217022
6804,0.6149197274306097,0.34822497079610026,0.40078932330413974,0.21413040412647
6805,0.6356334655198753,0.30956752098723656,0.4388619893423614,0.1967714761775139
6806,0.6119931899745636,0.3004049893389414,0.42814738226475013,0.1838458077098135
6807,0.6308305690911749,0.29831775242821973,0.4426426115568808,0.18818795753429407
6808,0.6436156543707228,0.3216607259005999,0.4365897757848465,0.20702587858587632
6809,0.654919833129206,0.33872344051672554,0.4330831339890415,0.22183669914016443
6810,0.654425416343031,0.3525639808365801,0.42369858639649566,0.23072682994653532
6811,0.6351848985599463,0.35218493223623454,0.4114823481031321,0.2237025504568142
6812,0.6099724644067724,0.31489561918522413,0.41789480754146474,0.1920776568653077
6813,0.6185848013494785,0.28333525450280517,0.4433179192275568,0.17526688212192165
6814,0.6638246383581078,0.2890586733650303,0.47194036904729214,0.19188426931081565
6815,0.6537037062726915,0.28390689827018506,0.46811271463708753,0.18559099163560394
6816,0.6529434717599224,0.29807073274675533,0.458320132690232,0.1946233390696904
6817,0.6633985047525028,0.31019015286587365,0.457618821152332,0.20577968360017088
6818,0.6257677175959073,0.2715689719802469,0.4558286218299613,0.169939095765946
6819,0.6000959795369921,0.27626568116027556,0.4343100549886622,0.1657859245483299
6820,0.6278542273106501,0.3207039909108251,0.42649887090189226,0.20135535640875785
6821,0.6127664518280578,0.33886343714950884,0.40512230579169317,0.2076441460363646
6822,0.6008683242312556,0.3556531562911395,0.38716760820304175,0.21370071602821383
6823,0.6220049176576045,0.3538451171804691,0.40191151468222136,0.2200934029753831
6824,0.6053364350123237,0.321755942731578,0.4105658396951609,0.1947705953171628
6825,0.6349634939687129,0.29787188075884347,0.4458257238070458,0.18913777016166705
6826,0.6208529297436084,0.3271464508318748,0.4177430972894156,0.2031098324541928
6827,0.6232043341432797,0.33675825466709336,0.41333513027622076,0.20986920386705893
6828,0.6308718060870985,0.32931771260936177,0.42311454595675835,0.2077572601303401
6829,0.6540155609370285,0.3074459418026375,0.4529411308511635,0.201074430085865
6830,0.6035541898685257,0.2574510499848989,0.44816852996408874,0.15538565990443698
6831,0.5521359134579124,0.24754668701687646,0.4154564972983693,0.13667941615954302
6832,0.5874329952102341,0.25886570320271113,0.435366739820662,0.15206625538957208
6833,0.6451894096216395,0.29877208048569237,0.4524248274016467,0.19276458221999282
6834,0.6594228362619736,0.2976011377851457,0.46317784990890243,0.19624498635307117
6835,0.6441496703327216,0.30666522315340783,0.44661136793594347,0.19753830239677816
6836,0.6050905447227347,0.2960969639240045,0.42592507153121095,0.1791654731915238
6837,0.6143216011873183,0.30977785003652003,0.4240183763405183,0.19030322484679996
6838,0.5685199667276659,0.2768982719063424,0.41109777039652395,0.157422196331142
6839,0.5705622307687089,0.2691611703975763,0.41698903295035117,0.15357319781835774
6840,0.5983873514404302,0.2659674414808899,0.43923579856329287,0.1591515528771373
6841,0.6543725891979004,0.3226541272475317,0.44323657253554427,0.21113601666235615
6842,0.6696090985455793,0.3039787795868067,0.46606214196947227,0.20354695657610697
6843,0.654953555376969,0.3164362678813787,0.447702496677841,0.20725105869912794
6844,0.6187011917094445,0.29255988573897557,0.4376940417563614,0.1810071499530831
6845,0.6551276784573987,0.26649286348605183,0.4805408274763171,0.17458685098108162
6846,0.6194892080867123,0.2915082497574409,0.43890299329373167,0.1805862147929806
6847,0.6276673307103087,0.33361400649653483,0.4182687177650571,0.20939861294525158
6848,0.602916297363224,0.3317360252093779,0.4029072413419928,0.20000905602123126
6849,0.6024043197562955,0.32317057639833596,0.407724968515806,0.1946793512404895
6850,0.6011226713347161,0.3020391671335159,0.4195600803397042,0.18156259099501187
6851,0.6442268153390724,0.30239037178127365,0.4494188291372244,0.19480798620184803
6852,0.6133125410498844,0.31019453669538316,0.42306634152944733,0.19024619952043706
6853,0.6238492080976862,0.3158861679460746,0.42678387237551485,0.19706533572217133
6854,0.5782089049254558,0.29012936827920804,0.4104535206060207,0.16775538431943518
6855,0.5613194451041672,0.25475421538979903,0.4183209502836177,0.1429984948205495
6856,0.5722962530869417,0.29649128435837,0.40261540197571155,0.16968085111123013
6857,0.5925391379228296,0.29300934268101336,0.418919634607287,0.17361950331554263
6858,0.5715565530284085,0.34491313933511336,0.3744191880158239,0.19713736501258455
6859,0.5849230991121995,0.36793096996967145,0.3697117758981817,0.21521132321401784
6860,0.5840141854284737,0.34279325521167464,0.38381806171565264,0.20019612371282108
6861,0.596271605272682,0.3481099687974584,0.3887035153663982,0.20756808990628378
6862,0.5989572144608167,0.35163946261886797,0.38834022143612107,0.21061699302469566
6863,0.6274915263798865,0.32848673514022664,0.42136888355120017,0.2061226428286863
6864,0.6485093919918766,0.3174936831698479,0.44261175655813706,0.20589763543373957
6865,0.6230794227632898,0.3165572096654846,0.4258391392933619,0.19724028346992784
6866,0.621674516927227,0.3000340607913336,0.43515098712306044,0.18652352980416656
6867,0.629905448548016,0.3070950680906802,0.4364645919354726,0.19344085661254343
6868,0.6366479384987944,0.30469043387766526,0.4426674018902756,0.19398053660851883
6869,0.6108044012967574,0.2909771175920333,0.4330742971948993,0.17773010410185808
6870,0.6357757374675117,0.2881060839490222,0.4526048794759453,0.18317085799156643
6871,0.6241162636387986,0.28827203938795115,0.4442009955044539,0.17991526813434466
6872,0.5821395677817438,0.2750312092967567,0.42203301847523955,0.16010654930650425
6873,0.5863354069288921,0.27193274275058643,0.42689161155093724,0.15944379537795483
6874,0.5689784773807868,0.2716745327936326,0.4144015153687291,0.15457696201205767
6875,0.6047826398006191,0.29175309998806226,0.4283354298198248,0.17644720998079427
6876,0.6003677884610763,0.27128347670527314,0.43749792750549954,0.16286986095557673
6877,0.6320529344577668,0.24009361123950634,0.48030106292927455,0.15175187152849223
6878,0.6240965370806916,0.25456747432001564,0.4652218579041919,0.15887467917649964
6879,0.6117416406573258,0.2700460981484165,0.4465431975229043,0.16519844313442156
6880,0.5873510314883352,0.30019673705979116,0.41103016832683437,0.1763208631615009
6881,0.6038957149093196,0.2791713140835125,0.43530535460868264,0.16859036030063695
6882,0.6267140726030697,0.2855818388884263,0.4477359152918303,0.17897815731123934
6883,0.6372467976684579,0.30225297477269464,0.4446370574087931,0.19260974025966485
6884,0.6052246166811095,0.2927409884777065,0.4280505641428405,0.177174052538269
6885,0.6231195837742373,0.27053954941209873,0.4545410923501006,0.16857849142413667
6886,0.6431032876469753,0.26803415573924244,0.4707296408893871,0.1723736467575882
6887,0.6378174700868717,0.27815753848908753,0.46040373260217027,0.17741373748470146
6888,0.5612567138158335,0.305096412054257,0.3900193041892598,0.17123740962657377
6889,0.6058948215271417,0.3002955383848176,0.42394730989207574,0.18194751163506598
6890,0.5855440051476903,0.27644623219562403,0.4236725711398762,0.1618714340078141
6891,0.6000172504034059,0.25370467818209186,0.4477900669861062,0.15222718341729974
6892,0.6144628464623062,0.27686606189757273,0.44433893797991464,0.1701239084823916
6893,0.582978114025529,0.2556637837472279,0.4339317235519394,0.14904639047358964
6894,0.6251665970680318,0.27401478337203045,0.4538617074010056,0.17130488966702617
6895,0.6167021203862325,0.276972945913064,0.44589231735202467,0.17080980303420784
6896,0.6090275842637439,0.25514645491198407,0.45363635519524004,0.15539122906850392
6897,0.6148650680947073,0.23567233271148647,0.46995838319402067,0.14490668490068664
6898,0.5724847995225694,0.2291591954852434,0.44129464343644653,0.13119015608612286
6899,0.5726059154803886,0.23985568547484284,0.4352631311158901,0.13734278436449854
6900,0.5305103044471617,0.2651581054496747,0.3898411971984222,0.14066910724873954
6901,0.5674176473415102,0.25822094356300274,0.4208985270506863,0.1465191202908239
6902,0.5736889349727137,0.2690088928521631,0.41936150973416736,0.1543274252385463
6903,0.5917632840431803,0.2683763590553969,0.43294800844900694,0.1588152755941734
6904,0.6160023295203646,0.25590414633250613,0.4583647792456206,0.15763755027474405
6905,0.6063295797837536,0.24335591333752377,0.45877569111192124,0.14755388867183233
6906,0.6092842534271397,0.24532783625826807,0.45980986586762523,0.14947438755951442
6907,0.5901608506699524,0.2386089870733658,0.4493431678812392,0.14081768278871323
6908,0.6043729435958367,0.22774630700904294,0.4667292376357003,0.13764370596013642
6909,0.6107470518106773,0.2299510776777185,0.4703051090583227,0.14044194275235464
6910,0.5826849891594582,0.27845019122751646,0.4204362425026037,0.1622487466568545
6911,0.5968737011583473,0.28756639814060303,0.42523288077139065,0.1716408203869566
6912,0.6202550692111585,0.2917407744746849,0.4393013749476458,0.18095369426351265
6913,0.6459460818819496,0.24484639737566205,0.4877885108342298,0.15815757104771977
6914,0.6322604280914402,0.21564682405707813,0.4959154747965525,0.13634495329488772
6915,0.6242197972486553,0.22084034922217002,0.4863668792328701,0.1378529180157852
6916,0.5815900425920737,0.25951511323954457,0.43065863682980016,0.15093140576227354
6917,0.58702556824863,0.27901459309184107,0.4232368681892317,0.16378870005939827
6918,0.5730497952660294,0.24881706366648207,0.43046522787325725,0.14258456739277214
6919,0.6238354746144423,0.230516578784544,0.48003105528188883,0.1438044193325535
6920,0.597304095148806,0.22801731873585915,0.46110841690302673,0.13619567824577924
6921,0.6044806557370898,0.2267988618295159,0.46738513101795837,0.1370955247191314
6922,0.58870987097448,0.23399424158876456,0.45095515119998714,0.13775471977449288
6923,0.6015011920106251,0.2363150556281471,0.4593574043602374,0.14214378765038768
6924,0.5809117984598983,0.2691936008930955,0.42453405963119406,0.1563777388287042
6925,0.600336093150232,0.260702305382908,0.4438270896613983,0.15650900348883368
6926,0.5967533156237362,0.2536898193304421,0.4453630747983083,0.15139024082542793
6927,0.6164527678455797,0.2462633870302426,0.4646430212917594,0.15180974655382026
6928,0.6301853058947915,0.23177242644638643,0.48412572843669743,0.1460595774580941
6929,0.6131610468208746,0.22889164463422085,0.4728136063884041,0.14034744043247047
6930,0.5926122003941173,0.2441510884399479,0.44792528664510106,0.14468691374901627
6931,0.5484509774346148,0.2652925692270029,0.40295100853592486,0.14549996889868994
6932,0.5724002594192894,0.26683918784136507,0.41966143907565956,0.15273882034362984
6933,0.619653543796532,0.2593058891276877,0.4589737306712497,0.16067981312528232
6934,0.5942412974685573,0.2966838171010821,0.4179395210564861,0.17630177641207118
6935,0.6166805545033367,0.302521666506869,0.43012132545260723,0.18655922905072947
6936,0.6170247610583931,0.28886112897834315,0.43879029197147323,0.17823446908691984
6937,0.6325335967341217,0.2574120996130675,0.4697117955229861,0.1628218012111356
6938,0.6243785561597583,0.2467846888267643,0.470291488467768,0.15408706769199035
6939,0.6041640440601933,0.2578667169077653,0.44837024554467275,0.15579379851552053
6940,0.5597689054462741,0.2572612184535645,0.4157620747787475,0.1440068306675266
6941,0.5856734120847767,0.24159105698946096,0.4441799534085914,0.14149345867618535
6942,0.5871398451873667,0.21983325313406993,0.4580669829751937,0.129072862212173
6943,0.5980753029060538,0.23459778633431705,0.4577681607830675,0.14030714212298637
6944,0.5889939375164087,0.2463396594186787,0.44390137154895004,0.14509256596745865
6945,0.6051545079431516,0.22896269610909156,0.46659670024191696,0.13855780770123466
6946,0.6099789534835501,0.22245553307533594,0.47428576022163144,0.1356931932619187
6947,0.6103039144634312,0.22952610690598224,0.4702232329471583,0.14008068151627295
6948,0.5958666453041992,0.23948465663965401,0.45316572635050056,0.14270091895369866
6949,0.6249670209415809,0.22306213178833684,0.48556054495294565,0.13940647598863518
6950,0.6094386669709766,0.2112939696338799,0.4806679517782988,0.12877071519267777
6951,0.6324060796857337,0.2134163998895348,0.4974402508909501,0.13496582879478355
6952,0.6393872906145502,0.20273428448288225,0.5097615657443607,0.12962572487018953
6953,0.6359386580136551,0.19531640450718457,0.511729405843304,0.12420925217035118
6954,0.6099572058709597,0.19353444760644217,0.4919094749691546,0.1180477309018051
6955,0.6320659142383788,0.19998048876379737,0.5056650637780513,0.12640085046032742
6956,0.6281969365982563,0.23208475175833507,0.4824020065125034,0.14579493008575287
6957,0.6233094253468352,0.22118557376961803,0.48544237246548455,0.13786705288135065
6958,0.6372031522534466,0.2155514958077479,0.49985305965180404,0.13735009260164255
6959,0.622112254574598,0.227388288507241,0.4806512137474991,0.14146104082709884
6960,0.6167353722895101,0.2390716445466975,0.46929143258613726,0.1474439397033729
6961,0.6153582289184263,0.21748391757147245,0.481527710583404,0.1338305183350223
6962,0.606238966754684,0.22169704542732915,0.47183757900225376,0.13440138775243027
6963,0.6122647646025127,0.2229723882631059,0.4757466277897421,0.13651813681277059
6964,0.5633378772732492,0.2395737055661622,0.428376934529121,0.13496094274412823
6965,0.5902394849336291,0.2527225435630787,0.4410726609898409,0.14916682394378822
6966,0.6098242136523069,0.24743046996513335,0.4589351218721987,0.15088909178010818
6967,0.5912673296886173,0.23846056595654563,0.4502733876194541,0.14099394206916313
6968,0.611862281139174,0.2193864783236639,0.477627970060967,0.13423431107820694
6969,0.605280587424547,0.19357868992721852,0.488111164272526,0.11716942315202107
6970,0.6014623287649699,0.21976362302039834,0.46928278828529413,0.13217954047967573
6971,0.5859031789954467,0.22823007770058448,0.45218245092829645,0.13372072806715027
6972,0.6130621368049447,0.24279267327012538,0.46421514172937683,0.14884699507556784
6973,0.6465000135160834,0.25020391671447045,0.4847431779784013,0.16175683553768216
6974,0.6025725692879356,0.2625138596549341,0.44438891840196937,0.1581836508859662
6975,0.5823067467102099,0.2759238624154787,0.4216344200473369,0.16067232666287296
6976,0.5774308013273064,0.2883014053197812,0.41095668982971656,0.1664741114975898
6977,0.5802586188827161,0.300387429457709,0.40595622393585656,0.17430239494685956
6978,0.5910439936561658,0.2755499534739996,0.42818184870312237,0.16286214495304338
6979,0.5662323121536943,0.23574797561335908,0.4327441908365892,0.13348812131710505
6980,0.567740019424191,0.24296599659726997,0.429798499796639,0.13794151962755197
6981,0.5955269645945217,0.20978114761222413,0.47059663452785855,0.12493033006666314
6982,0.6085581533080596,0.21961935646316194,0.4749070033081333,0.1336511499999263
6983,0.577881619507634,0.21616747755464147,0.4529624074934776,0.12491921201415633
6984,0.6014414486238078,0.23215420926434374,0.4618142846997463,0.13962716392406152
6985,0.6157638289459025,0.2226987470871935,0.4786339957380371,0.13712983320786543
6986,0.6442232888818562,0.19955349612646436,0.5156662792993926,0.12855700958246363
6987,0.6087208135251637,0.20558130997156848,0.4835791912737017,0.12514162225146203
6988,0.6053934819910538,0.2230920773921172,0.4703349924540223,0.13505848953703148
6989,0.5780098603458461,0.22978748742114233,0.4451904268323288,0.13281943351351735
6990,0.5700067535560627,0.23304467589582423,0.43716971441515906,0.13283703914090358
6991,0.5808812760064705,0.24869440855674188,0.4364193506283558,0.14446192537811473
6992,0.5930695308054882,0.27817123541317046,0.4280946467354162,0.164974884070072
6993,0.5983997183213763,0.27154712090965843,0.43590599765805593,0.16249372066332032
6994,0.5943784538254143,0.2754590011435586,0.4306515586334129,0.1637268951920014
6995,0.6060290879813468,0.2704297746755442,0.44214077827172565,0.16388830970962115
6996,0.6009019886559338,0.2720331782225577,0.43743671088160485,0.16346527777432898
6997,0.611870025677775,0.26791431092684487,0.44794128937152305,0.163928736306252
6998,0.6159830572864945,0.29189367472909467,0.43618149912427717,0.17980155816221732
6999,0.610700322122342,0.25466350387539566,0.45517723827283363,0.15552308384950841
7000,0.6242464239030423,0.2509042276047141,0.4676203570786446,0.15662606682439775
7001,0.639345595539644,0.24136158722089815,0.48503212781750515,0.15431346772213886
7002,0.6317540705879626,0.2583414391585876,0.4685458147979724,0.16320825578999018
7003,0.6162867403724794,0.2453995847018872,0.46505023022779324,0.15123651014468623
7004,0.61108296438267,0.22158459162599695,0.4756763952703324,0.13540656911233756
7005,0.6202674854044321,0.2632573004885504,0.45697754161604,0.16328994378839212
7006,0.6332831183314513,0.28246598164997366,0.4544021806496015,0.17888093768184984
7007,0.5720758238534981,0.3110733365930927,0.39411828854314807,0.17795753531035002
7008,0.5773194059056227,0.30448021767065486,0.4015370675299855,0.17578233837563714
7009,0.6069863900749257,0.28647693695142656,0.4330987882750572,0.1738876017998685
7010,0.6140892287334084,0.2818266185891589,0.4410225378874474,0.17306669084596107
7011,0.5926545500463674,0.289940540444585,0.42081996950898126,0.1718345805373861
7012,0.5925573516938706,0.3488527925642011,0.38584206480101635,0.2067152868928542
7013,0.6192005646348623,0.3654410770223866,0.39291924340182827,0.226281321233034
7014,0.6194338688915113,0.2963009700636008,0.4358950126487072,0.1835388562428041
7015,0.6546320462600217,0.2665538889785774,0.48013732847940893,0.17449471778061276
7016,0.6643059647238292,0.2836823864298481,0.4758540633313908,0.18845190139243836
7017,0.6400135584269839,0.2781768434325492,0.46197660698973214,0.1780369514372518
7018,0.6311607315203549,0.26883714101996214,0.4614812849343548,0.16967944658600012
7019,0.608826820761526,0.2645343770325547,0.4477711970106649,0.16105562375086116
7020,0.5732170069859418,0.2512894143323008,0.4291736410151301,0.1440433659708117
7021,0.5998017447680751,0.22835684317127591,0.46283291180421415,0.136968832963861
7022,0.6481738453824373,0.21914364950573503,0.506130663391164,0.14204318199127333
7023,0.638191363914741,0.2387428536154294,0.48582773654101274,0.15236362737372824
7024,0.6148130816371521,0.258038575034047,0.45616759013921016,0.15864549149794194
7025,0.59029267754068,0.250221012697694,0.44258904597841775,0.14770363156226227
7026,0.6285683495404447,0.24945965660583438,0.4717659049107893,0.15680244462965542
7027,0.6351654075495565,0.2718664199117084,0.46248526214729735,0.17268014540225915
7028,0.6277930884099926,0.2848687844603553,0.44895443442202565,0.17883865398796694
7029,0.6114082854426692,0.2588351874158015,0.4531543072925421,0.15825397815012715
7030,0.5944915291203503,0.2404249093034239,0.45156095714993627,0.142930571970414
7031,0.6051160492087727,0.2532901893263114,0.4518460905402931,0.15326995866847962
7032,0.648017363974953,0.27308849715687183,0.47105127591547546,0.17696608805947756
7033,0.6340683078857959,0.2623648751266056,0.467711055465601,0.16635725242019497
7034,0.6272590124972197,0.2751345930660268,0.45467835934679934,0.17258065315042034
7035,0.6084067859894564,0.3035795109018471,0.4237069514694125,0.18469983452004393
7036,0.6145855613160275,0.31410990038901604,0.42153815187052257,0.19304740944550491
7037,0.6180678850002957,0.3068229897313592,0.4284304486675671,0.18963743633272864
7038,0.5805929345613378,0.3156578913563135,0.39732419310133177,0.183268741460006
7039,0.5836798758826035,0.33786629856009504,0.38647411667413256,0.19720575920847092
7040,0.6052263257162205,0.3515251420640491,0.3924740555879236,0.21275227012829687
7041,0.6230494124571835,0.327442980836456,0.41903625563380076,0.20401315682338272
7042,0.6243052933102053,0.30226222861052715,0.43560138402091386,0.18870390928929148
7043,0.5730021165031245,0.28570129458533666,0.4092946700180439,0.16370744648508057
7044,0.6035034379713757,0.30884994095800145,0.41711143678596546,0.18639200118541027
7045,0.6030315430263665,0.2649610630048504,0.4432516643606453,0.15977987866572124
7046,0.5800121504874385,0.28932380231776283,0.41220082971791033,0.16781132076952815
7047,0.6403169179790428,0.3019267126233229,0.4469881358965325,0.19332878208251025
7048,0.6351339982251808,0.29374933112133644,0.4485638110741138,0.18657018715106696
7049,0.6255536898285071,0.2637946252597565,0.4605359886403382,0.16501770118816897
7050,0.6444062834252474,0.28381155009057185,0.4615163372382236,0.18288994618702384
7051,0.6320145000040771,0.30115360076967257,0.44168105758920506,0.19033344241487207
7052,0.6438294586055922,0.2962949218194584,0.453066059502984,0.19076339910260814
7053,0.6457278590622717,0.25902790010301335,0.4784663276913569,0.16726153137091482
7054,0.5972924382902829,0.27385415490742143,0.4337214223697043,0.1635710159205786
7055,0.5810088332306382,0.27206120828765507,0.42293886803611014,0.15806996519452812
7056,0.6138797987773474,0.2605001431046204,0.45396402334681285,0.15991577543053456
7057,0.6291130931865498,0.26268710622010744,0.46385319525219426,0.16525989793435555
7058,0.6334391237623317,0.2910264656281949,0.4490915743831596,0.1843475493791721
7059,0.6563306151423806,0.3281092725212665,0.44098245447457873,0.21534816066780182
7060,0.6309148343470653,0.3376803107226217,0.4178673170452369,0.21304751730182842
7061,0.6400344642255754,0.31583576626991083,0.437888688777739,0.20214577544783643
7062,0.6575949994932795,0.2927407558489957,0.4650901422990969,0.1925048571941826
7063,0.6317656813882712,0.31273511247027325,0.4341903699644514,0.1975753114238198
7064,0.662844044950799,0.3284466382362453,0.4451351467117943,0.2177088982390046
7065,0.6538903364112423,0.3184752963459563,0.44564241774491486,0.20824791866632744
7066,0.6588745745442511,0.30338406082643693,0.4589825305437253,0.19989204400052585
7067,0.6598360989745935,0.31465524766880454,0.45221520783092495,0.20762089114366855
7068,0.6812304359222578,0.2920414369882359,0.4822829204953993,0.19894751542685857
7069,0.6636602483296328,0.28992999202982533,0.47124523782091043,0.19241501050872234
7070,0.6641014960384969,0.2753835899877045,0.4812188419432103,0.1828826540952866
7071,0.6871789386990635,0.25878072476532243,0.5093502748990548,0.17782866380000872
7072,0.6516231697326592,0.2501990575447681,0.4885876667912134,0.1630355029414458
7073,0.6520749655236241,0.24355615920183202,0.4932580914090232,0.1588168741146009
7074,0.6758886307223607,0.23487705451410318,0.5171378999587223,0.15875073076363846
7075,0.664478555492515,0.24023258166027486,0.5048491566486579,0.1596293988438571
7076,0.6774158794419984,0.24972367085302055,0.5082490993336154,0.16916678010838307
7077,0.6685328378459356,0.2348869648387406,0.5115031886692739,0.15702964917666176
7078,0.6764456796715814,0.24336303077397786,0.511823808912742,0.16462187075883944
7079,0.6431348908413905,0.28228470115969145,0.46158775037485783,0.1815471404665327
7080,0.6447916064488886,0.27412943046800375,0.4680352506025055,0.17675635584638305
7081,0.6840914743417136,0.2588259841257858,0.5070308252631598,0.17706064907855376
7082,0.681433382058185,0.2505883947268099,0.5106740847349636,0.1707592973232215
7083,0.6563266377401988,0.23856842819820917,0.4997478233899042,0.15657881435029466
7084,0.6641892331826319,0.2466326933386356,0.5003784537162763,0.16381077946635558
7085,0.6335500379507674,0.22522130305021665,0.49086107285598135,0.14268896509478604
7086,0.670386044305295,0.2042396501029541,0.5334666331824781,0.13691941112281694
7087,0.6642891488446341,0.20286439783951318,0.5295285306729447,0.13476061817168944
7088,0.6538331923097552,0.23029359863975318,0.5032595935426238,0.15057359876713133
7089,0.6383553390438097,0.2602365897657915,0.47223192255226304,0.16612341649154666
7090,0.6496211812223094,0.25177761006951355,0.48606111276362196,0.1635600684586874
7091,0.6737484701964261,0.260263216008649,0.4983965265621969,0.17535194363422926
7092,0.6351228654040073,0.27568521856927425,0.4600288794367598,0.1750939859672475
7093,0.6264871017264076,0.266590403063778,0.4594716527629065,0.16701544896350112
7094,0.6019785428515376,0.2823216135025157,0.4320269893397982,0.1699515535117394
7095,0.6079992948216998,0.2779689614491759,0.4389943622782806,0.1690049325434192
7096,0.6027614222359753,0.2895294601563029,0.428244233052948,0.17451718918302725
7097,0.6292177049090719,0.30577610770897806,0.43681796420039953,0.19239974070867236
7098,0.6641045540286007,0.3147371919687083,0.4550861515200076,0.2090184025085931
7099,0.6575047525519214,0.3380299619651154,0.4352484460549128,0.22225630649700862
7100,0.630762299803164,0.31301366865714925,0.43332507829115496,0.19743722151200901
7101,0.6356574378193276,0.28763174283813586,0.45282218113133044,0.1828352566879972
7102,0.6159947211538763,0.28791951689411394,0.4386378186299278,0.1773569025239485
7103,0.6299455895336528,0.27021416777291346,0.45972536631559946,0.17022022321805333
7104,0.6546027611204795,0.23917994973166898,0.49803490562147157,0.156567855499008
7105,0.6780075023404782,0.21214306769716518,0.5341729108722763,0.14383459146820196
7106,0.6500751268555373,0.22248052728361725,0.505446069858753,0.1446290569967843
7107,0.6540638593581417,0.24448839170417408,0.49415283831184453,0.15991102104629717
7108,0.6308972936767806,0.27150537889157855,0.45960528491539476,0.17129200876138584
7109,0.6299052564301914,0.26655804006483635,0.4619989458496214,0.16790631058056996
7110,0.6470309831276905,0.26337891865091584,0.47661666245788037,0.1704143206698101
7111,0.6466220244801333,0.2647167821316021,0.47545032290433037,0.17117170157580291
7112,0.6449484535686097,0.24819788402331888,0.4848736120887691,0.16007484147984066
7113,0.6331072004825491,0.24345211990763788,0.4789759103962826,0.15413129008626647
7114,0.6243090337879298,0.25490653483959297,0.46516858131599426,0.15914045247193556
7115,0.6058671222670498,0.27193650780101963,0.44110973284629484,0.1647573894207549
7116,0.6137466609997173,0.2770613076199832,0.4437012085557371,0.17004545244398023
7117,0.599323243222746,0.27313513039420767,0.43562701103682183,0.16369623218592416
7118,0.6643425106655606,0.24236702052741865,0.5033277957458439,0.16101471491971678
7119,0.6721986687215492,0.24570496838421751,0.5070361160754079,0.16516255264614135
7120,0.6341977182021535,0.25535947032995215,0.47224932479758736,0.16194839340456618
7121,0.64586098520019,0.23987280728713797,0.49093649756298374,0.15492448763720623
7122,0.6447894711249759,0.25087439797897526,0.4830283007333157,0.16176117039166016
7123,0.6366667561581114,0.2604657155470149,0.4708368939503921,0.16582986220771936
7124,0.6337610714335835,0.2953276461428044,0.4465939059901616,0.1871671654434219
7125,0.6390747209214626,0.3209725644798175,0.43394926885307705,0.2051254520683855
7126,0.6506320835631705,0.3485310470143182,0.42386660225779127,0.22676548130537919
7127,0.6399792802265324,0.311393916131517,0.44069362591376293,0.19928565431276946
7128,0.6469092641577024,0.28066994263939227,0.46534127809366865,0.18156798606403382
7129,0.6613551419476928,0.26962150179075095,0.48303957535872066,0.1783155665889722
7130,0.6956697530449847,0.2780368401526336,0.5022479331185942,0.1934218199263905
7131,0.6782542475856764,0.28496918313955555,0.48497268869025234,0.19328155889542406
7132,0.6613112617359135,0.3042843909994466,0.46008456719752544,0.20122669453838807
7133,0.6600569881643925,0.30841553538411914,0.4564851587756422,0.2035718293887503
7134,0.6650562479087568,0.27431834665182236,0.4826191175519622,0.18243713035679465
7135,0.6239562470130247,0.256444565470383,0.46394605837523856,0.1600101886377861
7136,0.6408706504864933,0.25239053759268004,0.4791209624828367,0.16174968800365658
7137,0.6516320847506715,0.24914248829525246,0.48928284570286634,0.16234923904780513
7138,0.6687525283957304,0.22312745648247687,0.5195354777185657,0.1492170506771647
7139,0.6556133944963862,0.2377116359379029,0.4997664619478486,0.15584693254853768
7140,0.6548115104662927,0.2416317828664186,0.4965882377508699,0.15822327271542283
7141,0.6376692859165642,0.2096037335681808,0.5040114228066966,0.13365786310986763
7142,0.6685927751027924,0.18992919289340446,0.5416074889531575,0.12698528614963484
7143,0.6715425911064327,0.19578633672759174,0.5400637272371491,0.13147886386928348
7144,0.6525486639981792,0.19533873577689123,0.5250806329398755,0.1274680310583037
7145,0.6436574282952898,0.15630142906399097,0.5430528524250827,0.10060457587020709
7146,0.641512154806898,0.14138920279382067,0.5508092626562047,0.09070289215069338
7147,0.6528627205705871,0.16020045200039135,0.5482738176409739,0.10458890292961324
7148,0.6087464411668627,0.18445257256089523,0.49646159405634527,0.11228484711051748
7149,0.6010352708661174,0.1742223269933565,0.4963215073707401,0.1047137634953773
7150,0.6300018496428301,0.1578524588949516,0.5305545085683419,0.09944734107448833
7151,0.6130842895546025,0.16398608362678135,0.5125469979774356,0.10053729157716688
7152,0.6129155684268952,0.18287824906525466,0.5008266424481493,0.11208892597874587
7153,0.6414771670846563,0.19076657933764748,0.5191047621967119,0.12237240488794444
7154,0.6024403894711066,0.1973103547285161,0.4835726625217771,0.11886772694932943
7155,0.6252414665732948,0.17181224091451527,0.5178173290886591,0.10742413748463578
7156,0.6449749126361777,0.1809625120635238,0.5282586322275832,0.11671628040859451
7157,0.6420415599411057,0.1797110631169482,0.5266595886388258,0.11538197130227992
7158,0.6521112254788869,0.1881281714262318,0.5294307330630248,0.12268049241586214
7159,0.6144374358449121,0.20194148391755845,0.4903570282758909,0.12408040756902115
7160,0.5962069218920285,0.24011245388827515,0.4530502148513583,0.14315670704067016
7161,0.616132555367501,0.23594969874755542,0.47075626453997765,0.14537629082752337
7162,0.6508851357799772,0.2115501469133927,0.5131902896819794,0.13769484609799773
7163,0.6662225984762277,0.2329468038169916,0.5110281735305395,0.15519442494568816
7164,0.6388883509867929,0.24666059670430127,0.48129976910496347,0.1575885818818294
7165,0.6539238043375591,0.2347306684530223,0.5004278326280606,0.1534959717094986
7166,0.5936743127111108,0.18874884322722088,0.48161897293317324,0.11205533977793757
7167,0.5689289699315394,0.17947537796696808,0.4668202280167186,0.10210874191482085
7168,0.547297736436801,0.21950141226236206,0.4271651103609292,0.12013262607587183
7169,0.5717918073748461,0.2498017892555849,0.4289571908109248,0.14283461656392132
7170,0.582801721701921,0.26327473529211337,0.42936475269305985,0.1534369690088612
7171,0.5708860419202806,0.2641445443448473,0.4200896085044147,0.1507964334158659
7172,0.5540587123776878,0.2722347348967013,0.4032246856963403,0.15083402668134752
7173,0.56969104289299,0.25045693372048217,0.4270079711219881,0.14268307177100195
7174,0.5559745751556239,0.23622717530788534,0.42463827172360924,0.13133630343201463
7175,0.5800583361131134,0.19542361031625075,0.46670124187585155,0.11335709423726187
7176,0.5843303520428397,0.17513868785930006,0.48199150090969384,0.10233885113314582
7177,0.6124379309737232,0.17948618489026857,0.50251378326116,0.10992414771256323
7178,0.5602859429485867,0.17183582785590423,0.46400874410599036,0.09627719884259632
7179,0.565912140977819,0.1633530466813803,0.47346866859510944,0.09244347238270952
7180,0.6054575101685724,0.148879705597269,0.5153171743030198,0.09014033586555256
7181,0.5649787909080651,0.16394298944121583,0.4723544789557133,0.09262431195235181
7182,0.5788708808706842,0.22839962116642412,0.4466569909755457,0.1322138898951385
7183,0.5469633371525072,0.23206169396994944,0.4200340985934398,0.1269292385590674
7184,0.5595523287071368,0.22666151283534036,0.4327233513718395,0.12682897733529727
7185,0.5797552507826532,0.20428720951696008,0.4613186683974596,0.11843658238519361
7186,0.5666354612082978,0.17672035285319038,0.4664994425644371,0.10013601864386065
7187,0.5825476919996353,0.18101396946012688,0.4770984218709459,0.10544927012868938
7188,0.6140321494638648,0.22226499135668845,0.47755429907055,0.13647785039331473
7189,0.5807258698330132,0.2257247502242788,0.44964166791617927,0.13108420191683395
7190,0.5860984271516203,0.2240002679643867,0.45481222241615177,0.13128620473546854
7191,0.6075597249835568,0.20787695426838415,0.48126205981783793,0.1262976651657189
7192,0.6146826052233155,0.21262589703095938,0.48398516489838095,0.13069744032493455
7193,0.6262371177626764,0.22527916648308838,0.485158941852329,0.1410781759103474
7194,0.5912897401389923,0.20888331969697804,0.4677791763159961,0.12351056382299619
7195,0.5851840534417709,0.2125031626136161,0.4608305913743393,0.12435346206743166
7196,0.5830141493218373,0.23318366495687448,0.44706477326125676,0.1359493760605805
7197,0.600520672071175,0.22898318933223707,0.46301153332037887,0.13750913875079612
7198,0.5494719308543964,0.19295624698824282,0.4434478892513488,0.10602404160304758
7199,0.5227982577887564,0.17795710748106683,0.4297625920365282,0.09303566575222821
7200,0.5025677549779558,0.13080025540643295,0.43683176426780157,0.06573599071015424
7201,0.5471995256796894,0.1542072169458052,0.46281740971055985,0.08438211596912956
7202,0.5649296860927213,0.20184649060677898,0.45090061151531624,0.11402907457740506
7203,0.5311962033795147,0.21561266875004131,0.4166635723389678,0.11453263104054687
7204,0.5714382352322865,0.2201599328767342,0.4456304317203469,0.12580780351193965
7205,0.5626189683684036,0.23484079762480065,0.4304930810779253,0.1321258872904784
7206,0.6064300276183878,0.21733107439403976,0.4746339381712764,0.13179608944711144
7207,0.5961995405625004,0.22640869988571974,0.4612147777112812,0.13498476285121913
7208,0.550445893380696,0.24336367661663186,0.4164873569890433,0.13395853639165273
7209,0.5421102147413793,0.24637670415831447,0.4085468867428422,0.13356332799853715
7210,0.5306566111194319,0.2586748433043971,0.39338909538967043,0.13726751572976142
7211,0.5493739557701603,0.2604272684779678,0.40630199709600157,0.14307195867415878
7212,0.5595084617621258,0.2577037767163253,0.4153210180612843,0.14418744370084147
7213,0.570317741875395,0.2573481763355482,0.4235475110719542,0.1467702308034408
7214,0.5557836638559595,0.2599603143955488,0.41130196786405426,0.14448169599190522
7215,0.5601519769992005,0.2539187222276678,0.41791890274626153,0.14223307425293896
7216,0.5693663714040069,0.24584541145133598,0.42939026155963467,0.13997610984437225
7217,0.6001378364414405,0.23270379495848476,0.46048348440334286,0.13965435203809762
7218,0.5715760317732954,0.25470617392996764,0.42599208761024576,0.14558394416304968
7219,0.5659008550881768,0.25578722305810825,0.4211506468389631,0.14475020824921367
7220,0.5671224083032612,0.2415202238416244,0.4301508773042565,0.13697153099900475
7221,0.5779096319135223,0.2649498400608161,0.4247925673684294,0.15311706454509286
7222,0.6112581667021889,0.2546345218684041,0.4556107356858198,0.1556474310163691
7223,0.6032575332885947,0.24094383608773337,0.4579063490692171,0.1453511842193775
7224,0.5848027464941928,0.2463173739343494,0.44075566970814817,0.14404707678604464
7225,0.6123623194055402,0.21172557232120565,0.4827095568614613,0.12965276254407893
7226,0.5872234885322014,0.22224783282483337,0.4567143408220813,0.13050914771012015
7227,0.5749698129204635,0.22544171511765798,0.4453476321547952,0.12962218076566823
7228,0.5881664359824299,0.23145888740636603,0.45203008710016906,0.13613634888226084
7229,0.581678262471355,0.22578462163210972,0.4503442560676371,0.1313340064037179
7230,0.5671898356521148,0.21421122894794425,0.4456914039102927,0.12149843174182204
7231,0.5838799108389862,0.20926241126336856,0.4616957928085793,0.12218411803040688
7232,0.6102895439249904,0.26269500839677173,0.44996952705915305,0.16032001686583733
7233,0.58799058233968,0.2596496372865273,0.4353190409072881,0.1526715414323919
7234,0.5760170789727285,0.2564753419439984,0.4282829016776148,0.14773417729511368
7235,0.588189109265008,0.26475566871496464,0.43246270831069145,0.15572640095431659
7236,0.5897740998416575,0.26084831349267285,0.43593252055630194,0.1538415792853556
7237,0.5892826583160213,0.23239128130813813,0.4523385062972954,0.13694415201872595
7238,0.5908135169733892,0.23354718008000203,0.4528306861311058,0.13798283084228347
7239,0.6155823655878316,0.2089112060063878,0.4869803111966126,0.12860205439121902
7240,0.5962648683826841,0.18780121060446286,0.4842856042595053,0.1119792641231788
7241,0.5789989264621168,0.17237282493711154,0.47919524587228685,0.09980368058982998
7242,0.5801721097907605,0.19706035633540447,0.4658431870995298,0.11432892269123067
7243,0.5764722285026047,0.23411987874717238,0.44150862026446264,0.13496360823814207
7244,0.5711553148890797,0.24688823161190848,0.43014378922037205,0.14101152566870762
7245,0.5563926932551422,0.24354765033837056,0.42088456014741454,0.13550813310772764
7246,0.5464176440563581,0.24861229259984827,0.41057150085049904,0.13584614320585903
7247,0.6049307974373899,0.2434570090026028,0.45765615483972355,0.14727464259766632
7248,0.5734381088195089,0.2611475418282342,0.42368615631066264,0.1497519525088462
7249,0.5607701762384741,0.2548930523072612,0.41783375437416864,0.1429364218643055
7250,0.5871337656281931,0.22540821329105307,0.4547889925550942,0.13234477307309891
7251,0.6071655616613439,0.2272191441526153,0.46920592238171144,0.13795963927963253
7252,0.6340091237057802,0.22571016871990743,0.4909068174241879,0.14310230628159232
7253,0.6121777983076818,0.25624397887171485,0.4553109234923953,0.15686687481528652
7254,0.5877415077753716,0.2706846079169185,0.42864892818669664,0.15909257958867498
7255,0.6029221670321099,0.29234654204395394,0.42665995637862536,0.17626221065348452
7256,0.5943289869274211,0.30788612649717884,0.41134333727734496,0.18298564965007613
7257,0.6058053546967941,0.2854445335608254,0.4328815277967173,0.17292382690007677
7258,0.6028919862605462,0.2822442658042792,0.43272918023915474,0.17016280602139144
7259,0.5779336831877937,0.282524224761244,0.4146534173817519,0.16328026580604182
7260,0.5940708671805808,0.2923006111535305,0.42042358963518917,0.1736472775453916
7261,0.5872174181095757,0.3031053748692499,0.4092286624637197,0.177988755645856
7262,0.5452623301885692,0.32227716032645004,0.3695367347824139,0.17572559540615526
7263,0.5554564846974426,0.3199088838900934,0.37776102062836897,0.1776954640690736
7264,0.5847478267040931,0.3126605202451268,0.40192026699458405,0.182827559709509
7265,0.5813274831086904,0.30915222058031233,0.4016088008212748,0.17971868228741564
7266,0.5797125969959968,0.28511063825467553,0.4144303684621926,0.16528222853380412
7267,0.5782165009012832,0.27002057928546297,0.4220861463755053,0.1561303545257779
7268,0.5537891439103976,0.2893990680981758,0.39352308173984196,0.1602660621705556
7269,0.5652010170376706,0.3040802418566898,0.39333455507920867,0.17186646195846192
7270,0.5432368680090038,0.28229239777669984,0.38988522997803754,0.1533516380309663
7271,0.5700397874337699,0.2426065775771468,0.4317443855216587,0.13829540191211118
7272,0.5730767432014952,0.2142365866643996,0.4503027378412562,0.122774005360239
7273,0.5788719493461688,0.22356634645195844,0.4494556625673227,0.12941628677884612
7274,0.5766927307032742,0.2245029051112564,0.4472235373038457,0.1294691933994285
7275,0.5754458002880328,0.24694029970855372,0.43334504189887746,0.14210075838915537
7276,0.5953046164356792,0.29229103234174536,0.4213024155398878,0.17400220089579144
7277,0.5840710844702209,0.3122764091741817,0.4016794635093902,0.18239162096083075
7278,0.5660958864703618,0.29625738249113537,0.39838580090565345,0.16771008556470832
7279,0.5865807038434931,0.26129924898878415,0.43330760645787597,0.15327309738561717
7280,0.595308505100703,0.2363111211394896,0.4546304848364823,0.1406780202642207
7281,0.5684301751118102,0.22745131008862746,0.43913998708872104,0.12929018802308914
7282,0.5543215958956299,0.23307324957760797,0.4251240602291898,0.1291975356664401
7283,0.5457269852328072,0.26337351657522234,0.4019969500420483,0.14373003519075886
7284,0.5512648731437018,0.2867809969642864,0.3931725832321601,0.15809228991154164
7285,0.5523952489914292,0.28365460846733076,0.3957057909195517,0.15668945807187754
7286,0.5435195773354992,0.27703678940800686,0.39294465865007555,0.15057491868542358
7287,0.5534719761556542,0.24898562459582035,0.4156654104762557,0.13780656567939856
7288,0.566484309412101,0.25141331263447164,0.4240626126273537,0.14242169678474734
7289,0.5641199019523941,0.2570078469336718,0.4191366605391753,0.14498324141321886
7290,0.5497543225294005,0.24423881019194138,0.4154829808969429,0.13427134163245757
7291,0.57860434323417,0.25913546455462194,0.4286674379568614,0.14993690527730857
7292,0.5791594255727207,0.26190066252525224,0.4274771883074806,0.15168223726524008
7293,0.5837590284263531,0.2470325701956605,0.43955153525926943,0.14420749316708364
7294,0.5792906231480592,0.2733684331513276,0.4209308531588181,0.15835976998924112
7295,0.5619966512994569,0.26128242148412156,0.4151568053819673,0.14683984591748958
7296,0.5567470639069663,0.26988955899723804,0.40648684435610805,0.15026021955085822
7297,0.5762416912432633,0.27674183446500705,0.4167715085133844,0.15947018272987887
7298,0.6013759688615791,0.30309954983092874,0.4190991834204958,0.18227678544108325
7299,0.6041496731462778,0.3459580916288117,0.3951392051664212,0.2090104679798566
7300,0.5614173877724316,0.3332905122323299,0.3743022990256213,0.1871150887468103
7301,0.5566073440600219,0.3171518223921998,0.3800783105345038,0.1765290335255181
7302,0.5650925695920399,0.29210644434227845,0.4000253883642676,0.1650671812277723
7303,0.6261913603031761,0.26180283777614227,0.4622526851849018,0.16393867511827429
7304,0.6023004229373657,0.2869162101486898,0.4294906682172238,0.17280975472014196
7305,0.5827149686766493,0.284201161429852,0.4171066977961857,0.16560827088046357
7306,0.5430343962226241,0.24741609739821765,0.408678945156225,0.13435545106639907
7307,0.5486382020745774,0.22904656592312303,0.42297450595515895,0.12566369611941838
7308,0.5791709935689275,0.2100444704918678,0.4575193289004932,0.12165166466843436
7309,0.5878164333515046,0.19053545791204726,0.47581656005464923,0.11199987329685533
7310,0.5715232800985547,0.20701549357416166,0.45320910617982857,0.11831417391872615
7311,0.5741613768590217,0.190582640567403,0.4647361855454135,0.10942519131360816
7312,0.5593612090190827,0.14936828505941335,0.47581038449914226,0.08355082451994043
7313,0.5563715465270311,0.18609822477942434,0.45283178940056773,0.10353975712646339
7314,0.5702629482447527,0.24127360214077775,0.4326735525543213,0.13758939569043138
7315,0.5754910126836073,0.25298497298725753,0.42990043438543535,0.14559057829817187
7316,0.5520237271616137,0.2469234473140111,0.41571612545173897,0.13630760170987477
7317,0.5788233405327395,0.23827909167736847,0.44090184070893823,0.1379214998238013
7318,0.5907936620029774,0.22157535233182768,0.459888348189257,0.13090531381372045
7319,0.5870793594873129,0.20011292390361904,0.4695971922968429,0.11748216719047005
7320,0.5754738123184465,0.21566891378116868,0.45136200030621904,0.12411181201222748
7321,0.5408140848912011,0.19078367738185092,0.4376355849957572,0.10317849989544385
7322,0.5292842262628057,0.176777685246473,0.4357185859065964,0.09356564035620926
7323,0.5265809668909683,0.2241584480519937,0.4085433945789706,0.11803757231199774
7324,0.504123543144628,0.24547252050127893,0.38037506636488094,0.12374847677974708
7325,0.538912588146011,0.2855495475997369,0.3850263424051142,0.15388624574089677
7326,0.5353599420787513,0.3193689997391869,0.36438257287663145,0.17097736920211984
7327,0.5226584489543376,0.3291508862863386,0.3506249572559743,0.17203349169836327
7328,0.5788376173276947,0.2949025203526315,0.4081369451028455,0.1707006722248492
7329,0.5762935741949937,0.3082091801189862,0.39867460418451456,0.17761897001047916
7330,0.5891779209346745,0.3025481466355186,0.4109232329173206,0.1782546880173539
7331,0.6069167988660916,0.3593569620123617,0.3888170218313054,0.21809977703478625
7332,0.5874317032022186,0.3886588021521957,0.35912120108942014,0.22831050211279844
7333,0.59418830811841,0.3558000879822109,0.3827760558118787,0.2114122523065313
7334,0.5724605361051626,0.2942349650929231,0.40402263024718404,0.16843790585797852
7335,0.562577116470283,0.27146350076265063,0.40985796298430255,0.15271915348598045
7336,0.591462786608655,0.3365713279142714,0.3923933711079047,0.19906941550075036
7337,0.6009618008797567,0.30867078558301303,0.41546244969681995,0.18549935118293676
7338,0.6126187085900605,0.3036397929493014,0.4266032907569062,0.18601541783315437
7339,0.5835208302340827,0.29716660196372846,0.4101179279383667,0.17340290229571603
7340,0.5846226735184763,0.29748788822631517,0.41070450896424227,0.17391816455423403
7341,0.5905596029172728,0.29452243263911315,0.41662655204768895,0.1739330508695839
7342,0.5895586696767166,0.3134619191464274,0.40475447763043837,0.1848041920462782
7343,0.6177368183031788,0.30299202995806324,0.4305674857456634,0.18716933255751542
7344,0.6340231019984475,0.3139780581825766,0.4349537595900812,0.19906934240836627
7345,0.6362193693147742,0.319638347391434,0.43285926152857934,0.20336010778619484
7346,0.5985660717064083,0.332502981123055,0.3995410684649112,0.19902500324149705
7347,0.6158533323224423,0.28426912329471626,0.4407852454650121,0.17506808685743022
7348,0.613702146361063,0.2670045611827511,0.4498408740750149,0.16386127228604813
7349,0.6026056602377783,0.2610682865981741,0.4452844330251401,0.15732122721263822
7350,0.6271422595539716,0.2860922930652464,0.44772169244005594,0.17942056711391569
7351,0.6095839659946434,0.3186922325688682,0.4153142909336255,0.19426967506101792
7352,0.578293063045934,0.34181329551276785,0.38062480539403043,0.19766825765190352
7353,0.5989300429928202,0.31527505731530314,0.4101023393604018,0.18882770363241835
7354,0.6283593719060895,0.32535810916992447,0.4239175547835229,0.20444181712256662
7355,0.6387117753064337,0.3391807956869756,0.42207300714335677,0.21663876816307698
7356,0.6488572295112395,0.32823087854448674,0.4358822510188237,0.21297497849241578
7357,0.6579445374118381,0.31722575156321103,0.44922758704445853,0.20871695036737956
7358,0.6126036043742984,0.321304733311281,0.4157711666452849,0.19683243772901346
7359,0.6109153035951649,0.3364867907311077,0.4053503736799075,0.20556492991525738
7360,0.5676643681808611,0.36073475974925195,0.3628880987069273,0.20477626947393382
7361,0.5939298227844909,0.3604276687693027,0.3798610813457117,0.21406874143877916
7362,0.6110196810215517,0.37884555397515596,0.3795375914752188,0.23148208954633284
7363,0.6115121878937176,0.4041391922067121,0.36437614625379144,0.2471360416399262
7364,0.6021544575714851,0.4002851845526333,0.3611209493932924,0.24103350817819272
7365,0.6455695057888687,0.35799769905802564,0.41445710813442693,0.23111239765444178
7366,0.6472029058019477,0.3693173508086657,0.408179643195502,0.23902326260644574
7367,0.6442958734991671,0.38763134842435115,0.3945465952704398,0.2497492782287273
7368,0.6559840836487507,0.3935711090186214,0.3978077003485478,0.2581763833002029
7369,0.6236781053347443,0.3705692293397182,0.3925621904847926,0.23111591484995178
7370,0.6191195862834087,0.33382923876871706,0.41243936608761533,0.20668022019579338
7371,0.6114022277861791,0.31690352954469214,0.4176467038292511,0.19375552395692802
7372,0.6083332397817568,0.3203825239939133,0.41343390099108307,0.19489933879067373
7373,0.6223154037171126,0.3328173165143135,0.4151980610264615,0.20711734269065105
7374,0.6170484565079248,0.3489988265006322,0.40169926929263267,0.21534918721529214
7375,0.6122541914887736,0.34262298711663136,0.402481831526212,0.20977235996256163
7376,0.5916258074065102,0.3229128491531015,0.40058223230436985,0.1910435751021403
7377,0.5919561157701421,0.2742785819605336,0.42959523175384207,0.16236088401630003
7378,0.5907292673622728,0.2724474622328532,0.42978657760274896,0.1609426897595239
7379,0.5511701509208743,0.2888316278023822,0.3919747790343135,0.1591953718865608
7380,0.5758303507101552,0.252754747667276,0.43028649571725086,0.14554385499290431
7381,0.6034892539186409,0.280154877681284,0.43441879580509474,0.1690704581135462
7382,0.6070173738614489,0.31308399597073744,0.41696994882924343,0.1900474250322055
7383,0.6209258449037042,0.3278477942600668,0.4173566762529564,0.20356916865074776
7384,0.628307100963964,0.3256264779764445,0.4237136725894781,0.20459342837448594
7385,0.5991871891340854,0.3247912629887072,0.40457642520857245,0.19461076392551296
7386,0.5874484471154533,0.3391863891399061,0.38819392953251763,0.1992545175829357
7387,0.542964601631728,0.29984855519188364,0.3801574503121177,0.1628071513196103
7388,0.5610442774348439,0.3091200598101329,0.38761423683805213,0.17343004059679173
7389,0.5600121522696911,0.3164808935587492,0.382779005915621,0.17723314635407017
7390,0.6000544386569784,0.3232376752611217,0.4060942368753794,0.19396020178159903
7391,0.638554307026606,0.302249863097305,0.4455513551476199,0.1930029518789861
7392,0.5540043290155987,0.31397479082131435,0.3800609356988235,0.17394339331677522
7393,0.5431413139848328,0.25046836844334464,0.4071015952368774,0.13603971874795542
7394,0.6025244921465057,0.22645102040782494,0.466082206079223,0.13644228606728273
7395,0.5748051560547232,0.2776816332479666,0.4151923215220953,0.15961283453262784
7396,0.5693781799542587,0.31468373564090124,0.39020412729383525,0.1791740526604234
7397,0.5617892995951731,0.3353986792566357,0.37336591049044165,0.18842338910473147
7398,0.5879802735600423,0.34195786989518173,0.386915791673064,0.2010644818869783
7399,0.6111989929103031,0.37296710621954815,0.3832418732002453,0.22795711971005786
7400,0.5792609672899526,0.3442272994996878,0.3798635288141552,0.19939743847579736
7401,0.544165923901192,0.31126109355351006,0.37478824335315086,0.16937768054804117
7402,0.5664388741097869,0.32119921138436314,0.38449915444827676,0.1819397196615101
7403,0.5891399108924137,0.3310404003103521,0.3941107989517839,0.1950291119406298
7404,0.5641510450652957,0.3464115162038524,0.36872262617623874,0.19542841888905696
7405,0.5933326894211362,0.3425517127440183,0.3900855604329113,0.20324712898822486
7406,0.6113458320055217,0.3384457837179963,0.40443841276968245,0.20690741923583927
7407,0.6095286115301429,0.35474727689661695,0.39329999639924884,0.2162286151308941
7408,0.6245126027110202,0.3640628366658613,0.3971507730344661,0.22736182967655408
7409,0.6159737480201777,0.35494251612810207,0.39733847602903827,0.21863527199113938
7410,0.5956866307773582,0.388502753275604,0.3642607346308864,0.2314258961464718
7411,0.603142147323119,0.40951217909274423,0.35614809227015154,0.24699405505296743
7412,0.6368094850583067,0.40607075649821917,0.3782197757154387,0.258589709342868
7413,0.5743594753678586,0.3814569284278408,0.3552660740806092,0.2190934012872494
7414,0.5464992958840424,0.38023153070553534,0.33870303208055574,0.20779626380348673
7415,0.5727012796395825,0.33564855234260643,0.3804749242037984,0.1922263554357841
7416,0.5761151951102469,0.3311777561708862,0.385318657497683,0.19079653761256388
7417,0.6014670332110887,0.3202995372447849,0.40881742080558336,0.19264961240550538
7418,0.6027878871859783,0.32561886656799643,0.40650877857956275,0.19627910860641556
7419,0.6090683201262671,0.34439616342846074,0.39930752740896314,0.20976079271730394
7420,0.6149316520025054,0.3734294763607112,0.38529804719758276,0.2296336048049227
7421,0.6384466602179292,0.4069331166469105,0.3786415709626362,0.259805089255293
7422,0.6132597303004771,0.42148809513126556,0.35477805475541535,0.25848167554506174
7423,0.6346682400366389,0.4211344589896484,0.3673875741308967,0.26728066590574223
7424,0.6062892092579927,0.3806869603049372,0.37548281311988346,0.23080639613810922
7425,0.5935941436325263,0.3497823745873041,0.38596537453162394,0.2076287691009023
7426,0.5724994328932134,0.34133162626805524,0.37708727042623347,0.19541216246697987
7427,0.5820702067388246,0.30502083617710446,0.40452666556556827,0.17754354117325635
7428,0.623998515938241,0.2873147844849414,0.444714516812522,0.17928399912571896
7429,0.6082649762510228,0.2948820286653718,0.428898566088027,0.1793664101629958
7430,0.6093241817690084,0.28889584780257027,0.4332929556902433,0.1760312260787651
7431,0.628532604110509,0.2869856127774678,0.448152789569237,0.18037981454127203
7432,0.6488555044558799,0.30385702635372325,0.4516962003386712,0.1971593041172087
7433,0.627079177447226,0.28253755344062015,0.44990576083773026,0.17717341660949573
7434,0.637110628684577,0.2619851563080879,0.47019710104310397,0.16691352764147305
7435,0.6268189325142863,0.28340674049569875,0.4491742219694191,0.17764471054486725
7436,0.6190981858596427,0.2887713470615107,0.4403203687656162,0.17877781709402654
7437,0.6265436260445282,0.306286150370359,0.43464199078426385,0.19190163526026432
7438,0.6101430873132063,0.30954436699084087,0.4212767315770025,0.1888663557362038
7439,0.6054943513584786,0.30201194433202233,0.42262782502264784,0.1828665263358308
7440,0.6229780448781311,0.2902431208301019,0.44216295292406704,0.18081509195406406
7441,0.6223234553939168,0.29080183720964875,0.4413506512267089,0.18097280416720787
7442,0.5902663392507672,0.3188102439078876,0.4020833836636142,0.188182955587153
7443,0.6064066942515055,0.3135112405056774,0.416291379285769,0.19011531496573653
7444,0.5883729229687654,0.31006932858089925,0.4059365257886592,0.18243639718010624
7445,0.6017131301368527,0.3018051417767945,0.4201130135869411,0.18160011654991162
7446,0.5932163148311024,0.3173109392068801,0.404982288819201,0.18823402601190137
7447,0.6071045399087541,0.32406015983446623,0.4103661456696932,0.19673839423906095
7448,0.5838926897407001,0.34869583726277065,0.3802917394199555,0.2036009503207446
7449,0.6334210956008894,0.319505876502556,0.43103933325571797,0.2023817623451715
7450,0.6568527371962408,0.2802301782804716,0.4727827775477225,0.1840699596485183
7451,0.6770139827202635,0.26040917745967196,0.5007133283513832,0.17630065436888037
7452,0.6712902303886364,0.2624947103440622,0.49508009580597256,0.17621013458266388
7453,0.6442923155020864,0.27096084992824065,0.4697143220914069,0.17457799341067953
7454,0.6230936611346799,0.29080485115797267,0.44189500175093305,0.18119865938374685
7455,0.6095876062206561,0.299836749911141,0.42681083958534216,0.18277676663531398
7456,0.6235470091375412,0.29328869421380405,0.44066772104666885,0.18287928809087242
7457,0.5992236235598678,0.289361277395657,0.42583151040093015,0.17339211315893766
7458,0.5800758094482908,0.2902707753567123,0.41169675447406295,0.1683790549742279
7459,0.5562725675489375,0.28933642004629784,0.3953226542843655,0.16094991326457198
7460,0.5401528761656894,0.2874559805933287,0.3848827014771743,0.15527017468851512
7461,0.5321524587751344,0.292570772209496,0.37646020297811134,0.15569225579702306
7462,0.5516924015121977,0.28827860049873705,0.392651288098474,0.15904111341372368
7463,0.5877880120538033,0.24464055383769998,0.4439912272458002,0.1437967848080031
7464,0.5659013209269671,0.26666763718777625,0.4149937527939313,0.1509075681330358
7465,0.5797181551461428,0.2547032278205254,0.4320620698042601,0.14765608534188268
7466,0.5680664193478048,0.2466720594492323,0.42794030578333053,0.14012611356447421
7467,0.5522063138144574,0.25621383854257407,0.41072341448461,0.14148289932984737
7468,0.5582435497442896,0.24785754337839405,0.41987867489783565,0.13836487484645393
7469,0.5988343414071408,0.217926117376572,0.468332698432526,0.13050164297461475
7470,0.5713728712413854,0.235512101170367,0.4368076457835811,0.13456522545780422
7471,0.5576404211783825,0.22736173404447674,0.4308543280459731,0.1267860931324094
7472,0.5635880568592344,0.2160572870564324,0.4418207502768219,0.12176730658241255
7473,0.5717398564622175,0.1603917130684767,0.48003752145471745,0.09170233500750004
7474,0.5159153462290513,0.14380812014703268,0.44172253013284596,0.07419281609620537
7475,0.5411140423932864,0.2530920347123674,0.4041623883925353,0.1369516540007511
7476,0.5545314766714983,0.32827486600468586,0.37249273047178155,0.1820387461997167
7477,0.5433089503664904,0.3096154572235363,0.37509210128512993,0.1682168490813605
7478,0.5816538133191914,0.2675124553010744,0.42605417358294173,0.15559963973624968
7479,0.5831733446595556,0.2644828479401437,0.42893399762121737,0.15423934703833825
7480,0.6170519700738473,0.22550763546739244,0.47790203934199776,0.1391499307318495
7481,0.6348419145501089,0.21287845541456513,0.4996977483482563,0.13514416620185252
7482,0.5937913510150366,0.23054172542191295,0.45689766841142126,0.13689368260361529
7483,0.5547540003021258,0.24878631282066643,0.4167387980444451,0.13801520225768077
7484,0.544140527051199,0.25102548803697255,0.4075473856874763,0.1365931413637227
7485,0.5409856477356564,0.25879010758904886,0.40098391375401454,0.1400017339816418
7486,0.548596628152801,0.25570909196514996,0.4083154825127052,0.14028114564009575
7487,0.5317898858812011,0.25053386255999405,0.3985585117010454,0.13323137418015576
7488,0.602654916870009,0.2224042690769751,0.4686218905778895,0.13403302629211955
7489,0.5729703772617547,0.2046724896930204,0.4556991036272422,0.11727127363451251
7490,0.546961329364792,0.16485810040729854,0.45679032360946165,0.09017100575533037
7491,0.5401709034510243,0.14827297220657087,0.4600781580968323,0.080092745354192
7492,0.5718530320088652,0.17810441711085784,0.4700034810698495,0.10184955093901565
7493,0.5543382822360964,0.18603819339843725,0.4512101896773,0.10312809255879639
7494,0.5517336237394548,0.17959427657835866,0.45264542272001107,0.09908820101944371
7495,0.5670748105177065,0.17827517761878503,0.4659794479495235,0.10109536256818298
7496,0.5960240845473264,0.20171183508176022,0.475798972700359,0.12022511184696741
7497,0.6092328843749454,0.17626350129052168,0.5018473630736939,0.10738552130125142
7498,0.6019397668411421,0.17549095242070878,0.49630478385829074,0.10563498298285141
7499,0.5477035278311528,0.16853975853616587,0.4553937075010841,0.09230982033006871
7500,0.529407848763735,0.14627934743124016,0.4519664141215992,0.07744143464213585
7501,0.5185487427987782,0.1277530885599407,0.45230253933736,0.06624620346141821
7502,0.47369462669168216,0.15290273902116006,0.40126542081091804,0.07242920588076411
7503,0.5284841538975407,0.2004606452160534,0.4225438794207796,0.10594027447676106
7504,0.5611697049672174,0.25715962714948876,0.41685951287025913,0.14431019209695825
7505,0.5218829141029195,0.28511408582257564,0.3730867441420439,0.14879616996087566
7506,0.5177232596909608,0.27470928405363293,0.37549987368334387,0.14222338600761691
7507,0.5644730269047339,0.2530124807395924,0.42165430605698045,0.14281872084775343
7508,0.559909903533833,0.21108399667980032,0.44172188331531004,0.11818802021852291
7509,0.5011481314146277,0.1786508484396704,0.411617592543449,0.08953053887117868
7510,0.5312442056763458,0.23098148546630873,0.4085366299038542,0.12270757577249158
7511,0.5634124542838177,0.26607213916596606,0.4135040973397753,0.14990835694404242
7512,0.5585141592774204,0.27795457075165775,0.403272595876742,0.1552415634006784
7513,0.5751166119650607,0.2808713071696828,0.41358285738743483,0.16153375457762584
7514,0.5528419454621797,0.2868233879591672,0.39427394565878016,0.1585679998033995
7515,0.5717618666566946,0.2838644616069996,0.4094589922107789,0.16230287444591568
7516,0.5864440602597485,0.2731990819337552,0.42622808139128143,0.16021597886846708
7517,0.577332312218376,0.281210809765058,0.41498022519591315,0.16235208702246282
7518,0.5851472611887178,0.26780897670367254,0.4284395719488107,0.15670768923990713
7519,0.5787249459182441,0.2801564770779786,0.41659140387264515,0.16213354204559893
7520,0.5579410376383485,0.29597014025673013,0.3928071504735409,0.16513388716480754
7521,0.5747877800926191,0.29415126768778893,0.40571322592692516,0.16907455416569397
7522,0.5832377892383788,0.2823349412383624,0.4185693822857687,0.16466840695261006
7523,0.5827906799959113,0.2813175561768079,0.4188414301368414,0.16394924985906986
7524,0.603100533851354,0.2652925023516899,0.4431024840562882,0.15999804979506577
7525,0.6305716653534201,0.25082820411694856,0.4724065069657883,0.15816515838763184
7526,0.5994629909799672,0.25833984478839384,0.44459781493381617,0.15486517604615108
7527,0.5915444255450457,0.26440441221028127,0.4351374694125394,0.1564069561325063
7528,0.5571821906292952,0.2463572289660614,0.4199163301166222,0.13726586051267295
7529,0.5621834377605893,0.22921903730945403,0.43332029136578765,0.12886314639480165
7530,0.5806954536388905,0.24158207009094926,0.44040984385640447,0.14028560978248603
7531,0.5598358419246989,0.26164926113612397,0.4133552075275816,0.14648063439711737
7532,0.6028733594674719,0.24615155387090143,0.45447514524718313,0.14839821422028873
7533,0.5856656148545768,0.2379501439851205,0.4463063974727961,0.13935921738178067
7534,0.5825141196913862,0.2232518161147372,0.45246678455780687,0.13004733513357938
7535,0.5849663983396518,0.22766878549205866,0.45178780887599945,0.13317858946365232
7536,0.585192461068473,0.23971282427662152,0.4449143234803624,0.14027813758811056
7537,0.5953162097138409,0.22515812924856063,0.4612759256233287,0.13404028409051222
7538,0.560103039395201,0.2246856416896962,0.4342559285763411,0.12584711081885994
7539,0.6020847371993968,0.20687136786035656,0.4775306440471143,0.12455409315228252
7540,0.6021467296789235,0.21407342835358842,0.47324311488465487,0.1289036147942686
7541,0.6046577396848664,0.23784753067490833,0.46084138939734937,0.143816350287517
7542,0.5931992442549867,0.2578945035854847,0.44021641963056224,0.1529828246244245
7543,0.610715809697646,0.22284700586170625,0.47461962007411806,0.136096189623528
7544,0.6297611432803932,0.21216196809392301,0.49614977969294594,0.13361136358744727
7545,0.5917720608865487,0.18351090328879952,0.48317543545218367,0.108596625434365
7546,0.6080083920700394,0.1872656993663456,0.4941492753084362,0.1138591167616032
7547,0.6177017249474231,0.21675914404108632,0.48380922777511715,0.13389249717230597
7548,0.6031860389242938,0.2292656246381187,0.464896214937323,0.1382898239869708
7549,0.6068965649166745,0.23614936195650663,0.4635783283380063,0.1433182365786683
7550,0.5696435474868363,0.2492361500124882,0.4276677828317612,0.14197576465507508
7551,0.5636114545574274,0.25590836465486305,0.41937856892088754,0.1442328856365399
7552,0.5720080299163003,0.2667081710057016,0.4194488144567492,0.1525592154595511
7553,0.5719154232423913,0.2856523273115907,0.40854645156780883,0.16336897167458247
7554,0.5456056601356493,0.2542435662835069,0.40688893131829473,0.1387167288173545
7555,0.5269732254306579,0.22542525428092927,0.4081801520887104,0.11879307334194752
7556,0.5324019814057701,0.24084283690556008,0.40417677782986317,0.12822520357590692
7557,0.5520324563197109,0.23732575580768778,0.4210209363932611,0.13101151992644977
7558,0.5513097113162823,0.23766423899489117,0.4202831083258049,0.13102660299047736
7559,0.5869807823921737,0.18040437381348093,0.4810868819041665,0.1058939004880072
7560,0.5474262105698828,0.15076628980404574,0.4648927918607733,0.08253341870910952
7561,0.6107131658559993,0.21118527341608528,0.48173953894589705,0.12897362691010225
7562,0.605004533760383,0.2279316276322685,0.46710486565547715,0.13789966810490584
7563,0.5614644516331394,0.1840366286550346,0.45813442684492867,0.10333002478821071
7564,0.5395321896576671,0.17937906475577425,0.4427514100712398,0.09678077958642735
7565,0.5403815186551629,0.21966595207078493,0.42167809787831995,0.118703420776843
7566,0.5671481448325871,0.2543233822104289,0.4229091104243934,0.14423903440819374
7567,0.5328559210314048,0.19612853985354337,0.42834766728720036,0.10450825374420443
7568,0.5366273944324094,0.18870112270687522,0.4353652026277486,0.10126219180466081
7569,0.583385368769461,0.18727796446405762,0.4741301444082027,0.10925522436125827
7570,0.5228512388784631,0.14191483178311956,0.44865089326543034,0.07420034561303275
7571,0.5726864019601479,0.2235661082069807,0.444653131850859,0.12803327010928886
7572,0.5810377467755085,0.21376580351298496,0.4568317459646676,0.12420600081084085
7573,0.5889917943075299,0.20275221679277736,0.46957240233892267,0.11941939196860724
7574,0.5919277088656328,0.18391073000074368,0.4830658518204866,0.10886185704514621
7575,0.5886687908017708,0.18369784448322668,0.480531602816938,0.1081371879848328
7576,0.5894218394821077,0.18925082985427683,0.47787326722588447,0.11154857225622324
7577,0.550590185757025,0.20757379248038177,0.4363020927969614,0.11428809296006356
7578,0.5543825684610504,0.239528012443942,0.42159241370400735,0.132790154757043
7579,0.5649599295685391,0.23745939555638088,0.4308048861796183,0.1341550433889208
7580,0.540643995283823,0.2548489130694295,0.40286146072822693,0.13778253455559605
7581,0.5520508423084239,0.24000204453376592,0.4195575114678146,0.13249333084060935
7582,0.5295176374045506,0.22327251738424125,0.41129090150188075,0.11822673590266988
7583,0.5300828555541176,0.2342566135667371,0.40590744090222414,0.12417541465189345
7584,0.547448480217292,0.24248160233999103,0.4147022955356101,0.13274618468168184
7585,0.5757617535076814,0.2541106578253754,0.4294545555731529,0.14630719793452857
7586,0.5728392512769019,0.22176336559276108,0.4458044909700988,0.12703476030680314
7587,0.6006260861828656,0.2194269534275917,0.46883253394262125,0.13179355224024433
7588,0.6113126267862498,0.26219558090870876,0.45102915748920036,0.16028346929704942
7589,0.5738221493471573,0.2536040419112397,0.42829853293452314,0.14552361641263412
7590,0.5561584136407034,0.23344568407477997,0.42632563231440496,0.12983278132629844
7591,0.606386640655043,0.2271703211709258,0.4686335927436781,0.1377530479113649
7592,0.5867901595821416,0.22789136740711552,0.4530657477339278,0.1337244118482138
7593,0.6039143940185182,0.23249630008385386,0.46350653184183005,0.14040786217668816
7594,0.6041758394688349,0.1935363436456738,0.487245856578981,0.11692998288985387
7595,0.5987057145810647,0.1820365044095,0.48971941912873584,0.10898629545232884
7596,0.6081918333030177,0.17219551239248168,0.5034639289344818,0.10472790436853595
7597,0.6090905986599078,0.18126262443970562,0.49868523822526145,0.11040536043464633
7598,0.570066021592067,0.18946815030309594,0.4620566669303733,0.10800935466169369
7599,0.5761907046745035,0.16486135733205237,0.4811991230197531,0.09499158165475038
7600,0.6138285974371303,0.2087836156190815,0.4856712434938165,0.1281573539433137
7601,0.5842571085928063,0.19925048538937432,0.4678435961134973,0.11641351247930905
7602,0.5784351409983729,0.19116558651669174,0.46785824800755366,0.11057689299081924
7603,0.6000921876192508,0.2093852394097649,0.4744417412466644,0.12565044637258638
7604,0.5826571344528918,0.2317399337542247,0.4476322087133523,0.13502492573953953
7605,0.5395683362196081,0.1883229971392686,0.4379552099812829,0.10161312623832516
7606,0.5266591967685268,0.19507894943307272,0.4239190739536567,0.10274012281487013
7607,0.5967451678254406,0.18988488172146045,0.48343228221505374,0.11331288561038685
7608,0.5809171636161123,0.17458984140400965,0.4794949281515082,0.10142223546460419
7609,0.570859789864362,0.14829805656370398,0.4862023924571127,0.08465739740724933
7610,0.5441302156432393,0.17023303247955412,0.45150127897053693,0.09262893667270235
7611,0.5343733424549691,0.22349908454652215,0.41494138961021837,0.11943195284475078
7612,0.5196161046258163,0.23588940154318375,0.39704417267343217,0.12257193195238417
7613,0.5623480509461206,0.2505637497488838,0.4214440146370843,0.1409040363090363
7614,0.5574128719457155,0.2569127306913593,0.4142064088916288,0.14320646305408674
7615,0.5560025002010942,0.2591419233149666,0.4119189429310526,0.14408355727004166
7616,0.5590818402898886,0.2627889661143847,0.4121613015067812,0.14692053878310737
7617,0.6049551651115704,0.2528031517153487,0.45202059272488626,0.15293457238668415
7618,0.5782615077871064,0.2574751494053786,0.4293735396742417,0.1488879681128647
7619,0.5778023693404948,0.26481756460818345,0.4247901530669068,0.15301221627358796
7620,0.6051551710312526,0.2979544617517185,0.4248464877703666,0.18030868326088603
7621,0.6160597566045237,0.27334568534074893,0.4476624802246052,0.16839727637991853
7622,0.5684070520106902,0.25377371537617627,0.42416028257591787,0.1442467694347723
7623,0.5988584593907285,0.2594861720098917,0.4434629701876871,0.15539548920304133
7624,0.5893296851299044,0.26122835631341973,0.43538006015671427,0.15394962497319012
7625,0.5966063637609866,0.25409801646286023,0.44500987012020027,0.15159649364078637
7626,0.559754070445783,0.23852356352087017,0.4262395348677426,0.13351453557804036
7627,0.5393017770558849,0.2449571637149018,0.40719594336186904,0.13210583369401588
7628,0.592624638740391,0.263308604638196,0.43658147203944364,0.15604316670094734
7629,0.6264412702984159,0.2588737323288658,0.4642720805714291,0.16216918972698677
7630,0.6553642256879592,0.28513416473483055,0.46849749459933393,0.18686673108862523
7631,0.6574814949057451,0.28777689295541775,0.46827351312608645,0.18920798177965867
7632,0.6485146705386219,0.30622369512710274,0.44992411178214947,0.1985905587564724
7633,0.629720515554548,0.29215867379368776,0.44574220486945393,0.18397831068509407
7634,0.6218175346925291,0.2985706461770877,0.43616107155513706,0.18565646313739204
7635,0.6191083096554727,0.2684080841329592,0.45293463439005244,0.16617367526542026
7636,0.6210177172745011,0.2690298814367043,0.4539453944260493,0.16707232284845178
7637,0.6125442706302433,0.28783591095156724,0.4362320324952239,0.17631223813501942
7638,0.5954982578109845,0.3049689236565077,0.41388979508704304,0.18160846272394146
7639,0.571961283331609,0.3135733804722486,0.3926094502180708,0.1793518331135382
7640,0.5842890105398256,0.30775679647453175,0.404470096440815,0.17981891409901066
7641,0.6177632438283515,0.30088351229377436,0.4318884692592817,0.18587477456906973
7642,0.6206383934584744,0.31421877170149576,0.42562215979516294,0.19501623366331147
7643,0.6154500778846412,0.33188253081583063,0.41119294844548643,0.2042571294391548
7644,0.6499348346601811,0.32263953721215866,0.4402401603873594,0.20969467427282168
7645,0.6409000262405664,0.29906285555005424,0.4492306342709579,0.1916693919696085
7646,0.6379627602243069,0.3013830332948058,0.4456916084187784,0.19227115180552848
7647,0.6490302225383542,0.29674493903061727,0.4564337887221823,0.19259643381617186
7648,0.6353940195004313,0.2519106274632639,0.4753315133616723,0.160062506138759
7649,0.6535030455253491,0.2629445211487474,0.4816680001504381,0.17183504537491098
7650,0.6374330965132746,0.29423546891572544,0.4498776704582884,0.18755542605498624
7651,0.5928711103897816,0.28072396897817603,0.4264379791886638,0.16643313120111783
7652,0.5994419567690709,0.2782898273528387,0.43262335811175834,0.16681859865731252
7653,0.6080027538186505,0.30767330316249863,0.4209365382193708,0.1870662155992797
7654,0.6102128844072662,0.33244358396460544,0.4073515261335351,0.20286135827373106
7655,0.62797102443474,0.34761917468875647,0.40967625519228273,0.21829476924245722
7656,0.6517291709614284,0.3389085091696431,0.4308526092485232,0.22087656171290515
7657,0.6685245155771204,0.32824089872094475,0.4490874277671022,0.21943708781001825
7658,0.6542105078374341,0.31896776287087025,0.44553844570591183,0.20867206213152226
7659,0.6345708351731254,0.30629734717450163,0.4402034717652892,0.19436736340783625
7660,0.6236128021707245,0.3078664840155626,0.4316233213793309,0.19198948079139355
7661,0.6131458025530957,0.29819707625833003,0.4303075169116952,0.18283828564140045
7662,0.6607918009206885,0.2618702782926303,0.4877500681200994,0.17304173280058904
7663,0.6441906531323575,0.2569432182649958,0.4786702335402999,0.16552041959205752
7664,0.6193938375444505,0.2920138523159261,0.43852225694235064,0.1808715806020999
7665,0.6281793462401695,0.29505842842475183,0.442829735569657,0.18534961067051245
7666,0.6136153171144524,0.2878339098376687,0.4369960212531186,0.1766192958613338
7667,0.6024586335304299,0.3058710170525224,0.41818399856040445,0.18427463497002547
7668,0.6199010686521079,0.3228124391087088,0.4197892926744258,0.20011177597768212
7669,0.6410656678509609,0.32876182654386293,0.4303077479537176,0.21075791989724324
7670,0.6225793622187653,0.34718996876774216,0.4064260528945913,0.21615330932417395
7671,0.634756798093355,0.3470596846844047,0.41445830389579286,0.2202984941975621
7672,0.5989151288923517,0.34433523552233675,0.3926875469273131,0.20622758196503857
7673,0.6411905887429734,0.29604206906846536,0.4513712001842761,0.18981938855869732
7674,0.6470303433190132,0.3249061352213507,0.43680621510028894,0.21022412821872427
7675,0.6440634272019239,0.36727541205929254,0.40751476658401714,0.23654866061790675
7676,0.6216576552401336,0.3365303059753976,0.41245101431022324,0.2092066409299104
7677,0.5849840959583091,0.2714336650561751,0.4261997187927721,0.1587843771655371
7678,0.5935554715034301,0.26079431014355997,0.4387595817807576,0.15479588972267253
7679,0.5846843278205682,0.24589786862224366,0.44091169779266126,0.14377263002790694
7680,0.5442333677709269,0.25927264170415976,0.40312854480540716,0.14110482296551974
7681,0.560264569433832,0.2802732141417103,0.40323741778889044,0.1570271516449415
7682,0.5243411775656076,0.29787897220041937,0.36815096651000684,0.15619021105560077
7683,0.5105138395703311,0.2919243041946381,0.36148244217202913,0.149031397398302
7684,0.5095856420130234,0.28235048628926973,0.3657038881846165,0.14388175382840687
7685,0.5506826029414313,0.2832004722457086,0.39472902973092194,0.1559535732105094
7686,0.5481276533987262,0.2682676938637138,0.40108271187852085,0.14704494152020528
7687,0.5400882966663353,0.3157567905264635,0.36955174951006875,0.1705365471562665
7688,0.5571311312184677,0.3156216200323914,0.3812885010128161,0.1758426302056516
7689,0.5802773008705531,0.3307968445115158,0.38832340080091465,0.19195390006963842
7690,0.5826329246031913,0.3599547952352819,0.3729114095303161,0.20972151507287515
7691,0.6275982417612989,0.35251668847275075,0.40635938788428494,0.2212388538770139
7692,0.665003290849423,0.34129254490728145,0.43804262534370636,0.22696066550571664
7693,0.625629868613616,0.3222574523133745,0.4240159810630409,0.20161388755057513
7694,0.5852814554266461,0.2966345056782505,0.41166678021351594,0.17361467521313018
7695,0.5966247541302363,0.2883434072697458,0.42459193966284964,0.17203281446738666
7696,0.6121855218197068,0.3051446762861038,0.4253803689369928,0.18680515288271396
7697,0.5818067577561713,0.31191647701000114,0.40033164357625517,0.1814751141799161
7698,0.5757274330037611,0.31446060760387684,0.39468383460717804,0.181043598396583
7699,0.5967321693962581,0.31081875838019296,0.4112566174189941,0.18547555197726392
7700,0.6227822609197379,0.29548495529636837,0.4387594723924979,0.18402278852723997
7701,0.6032032953603246,0.31654281253670224,0.41226362771556035,0.19093966764476425
7702,0.6016293130724475,0.34203129949560795,0.3958532573076283,0.20577605576481917
7703,0.6218716724942457,0.39695799939218207,0.37501473750225967,0.24685693499198602
7704,0.5999421216955274,0.40039374656308785,0.3597290478688472,0.2402130738266802
7705,0.6411148413781521,0.3145436367888978,0.4394562475717308,0.20165859380642132
7706,0.6241885595161606,0.3544900096478062,0.4029199510312266,0.22126860848493402
7707,0.611927249880505,0.3502681644072472,0.3975886153140856,0.21433863456641933
7708,0.6448501702197469,0.3557620604815902,0.41543694496046557,0.22941322525928132
7709,0.6430042714968986,0.35580663842745236,0.41421908316109424,0.2287851883358044
7710,0.620499544211913,0.3693890735523224,0.3912937924358362,0.22920575177607685
7711,0.5864092716641901,0.38935750636061583,0.3580864199422761,0.228322851721914
7712,0.5265018616570153,0.3705781610244831,0.33139176998819175,0.19511009166882354
7713,0.536977000186708,0.35297882245623813,0.34743549097472065,0.18954150921198737
7714,0.5962975465608099,0.300405358029592,0.4171665685940425,0.1791309779667674
7715,0.6176475742544129,0.2928550164173197,0.43676638375601906,0.18088119049839377
7716,0.6292073869928863,0.29875288389399235,0.4412298655613582,0.18797752143152807
7717,0.6333707608559933,0.2722867179011129,0.4609123151679842,0.1724584456880091
7718,0.6353652627787756,0.28131386057615904,0.45662820783049246,0.17873705494828313
7719,0.6181571819909769,0.26970836018259864,0.4514350221010943,0.16672215988988257
7720,0.5964320061341051,0.27005350998231614,0.4353634494117957,0.16106855672230938
7721,0.5567579755736146,0.2930905105385742,0.3935774962663209,0.16318047930729374
7722,0.5752626623133537,0.2653875423030626,0.4225951181832961,0.15266754413005756
7723,0.5879815670699561,0.2625805751128031,0.4335890290329998,0.15439253803695627
7724,0.5931855951283642,0.28317605904692666,0.4252096360165082,0.167975959111856
7725,0.6244408821858665,0.27432064566015923,0.45314385620804015,0.1712970259778263
7726,0.622644884284463,0.31798807662813633,0.4246512351084981,0.19799364917596488
7727,0.61111265115485,0.34153241301370185,0.4023978727827335,0.20871477837211655
7728,0.6494331066330654,0.33408939250250275,0.43246439456701147,0.21696871206605392
7729,0.6384179037465898,0.3325337340413506,0.42612241433488474,0.21229548941170506
7730,0.6357047110696906,0.30643365269256584,0.44090339442273313,0.1948013166469575
7731,0.6797340090344429,0.2935280860255,0.480212986356123,0.19952102267831995
7732,0.6361637884391046,0.29604177269071813,0.4478327327879491,0.1883310556511555
7733,0.5974481339546381,0.2982393407012291,0.4192655963808273,0.1781825375738109
7734,0.6132661968487803,0.28102146990065663,0.44092522876995055,0.17234096807882968
7735,0.5943756622971011,0.2695118490574805,0.4341843785166448,0.16019128378045633
7736,0.5805259306226475,0.27249335021648613,0.42233647489973886,0.1581894557229086
7737,0.6322976682856624,0.23684338291551352,0.48254214951929486,0.14975551876636747
7738,0.6346785539477625,0.2184115117637293,0.4960574514960141,0.13862110245174844
7739,0.6244970887273377,0.18679351457448337,0.5078450826824252,0.11665200604491238
7740,0.6049730473385609,0.1716191917036367,0.5011480619518311,0.10382498538672977
7741,0.6236058349896535,0.1682907202722065,0.5186587598532939,0.10494707513635955
7742,0.619186058800416,0.194768733357833,0.4985879744150303,0.12059808438538573
7743,0.6117128422579922,0.23286775213085786,0.4692646477317955,0.14244819452619667
7744,0.6245803417037717,0.2530193201474095,0.4665494482684467,0.15803089343532506
7745,0.6275434068284531,0.26538155229087707,0.4610049633944129,0.16653844343404026
7746,0.6569815024472772,0.2376955068364616,0.5008199512408915,0.15616155120638558
7747,0.6674609084958406,0.21838282509494913,0.5216989096580776,0.145761998837763
7748,0.6366360900230794,0.23434078050210677,0.4874462917912615,0.14918979823181794
7749,0.6607883474306981,0.21441877681489813,0.5191029182410699,0.14168542918962823
7750,0.6791443015569326,0.1983967626123755,0.5444042707813943,0.1347400307755383
7751,0.6585796448970526,0.2005452374056409,0.5265046336606505,0.13207501123640208
7752,0.6075348600558795,0.20780538138380997,0.4812858467580079,0.12624901329787167
7753,0.615749055022609,0.21886645749435976,0.48098224064431094,0.13476681437829804
7754,0.6050030523880231,0.23291577008841455,0.4640883005352253,0.1409147518527978
7755,0.6228551233882348,0.2258157188894135,0.4822046459363662,0.1406504774518686
7756,0.6111050093711246,0.2506288651959781,0.45794445435686204,0.1531605550142625
7757,0.575346076493539,0.28532547355904414,0.41118518475768195,0.16416089173585705
7758,0.5781599361570666,0.2645008936671695,0.4252361163609688,0.1529238197960978
7759,0.572960787015297,0.274943749283636,0.4154288000408084,0.15753198697448859
7760,0.561251992598517,0.29473392362435336,0.39583199067796954,0.16542000192054745
7761,0.5681487207465055,0.28667867526994084,0.4052725981265857,0.16287612261991974
7762,0.5578142432533607,0.31497829119280024,0.3821148661104121,0.17569937714294856
7763,0.5755788732337195,0.3050845794190534,0.3999786347707175,0.17560023846300196
7764,0.5780489988143654,0.3007167731454454,0.40421996917095404,0.17382902964341138
7765,0.5835863914742945,0.2870972379508977,0.4160403503762932,0.16754604109800125
7766,0.5993156416148,0.26908473841751834,0.4380489489613544,0.16126669265344562
7767,0.6000200643350354,0.2517178845988608,0.44898428302374793,0.15103578131128748
7768,0.6022011926416226,0.2597002145802607,0.4458094136921043,0.15639177894951833
7769,0.6075715884782549,0.26802213641488115,0.44472895330933004,0.16284263516892486
7770,0.5762280426172736,0.300423107628849,0.4031158233513034,0.17311221926597015
7771,0.5631212659904509,0.29791728959927843,0.3953577047108614,0.16776356127958947
7772,0.5664974821866451,0.2913396377661695,0.40145431093094086,0.16504317125570425
7773,0.5722636915562508,0.28210376874077836,0.4108259474547221,0.1614377441015287
7774,0.5501767973855803,0.260288116212616,0.4069723152101975,0.1432044821753828
7775,0.5922040905694179,0.24886641128287937,0.4448243838023656,0.1473797067670523
7776,0.6494087333267661,0.21161767170110143,0.5119823691977944,0.13742636412897172
7777,0.65066165130991,0.21006869927185048,0.5139780045531629,0.13668364675674713
7778,0.6537482166559673,0.22132066068330117,0.5090602294251387,0.1446879872308286
7779,0.6406498333878129,0.22587492614346066,0.49594309958752025,0.14470673380029261
7780,0.6282531704242132,0.264412820474781,0.4621349776601238,0.16611819276408948
7781,0.6345105051698624,0.27185844747935056,0.4620134643250452,0.17249704084481723
7782,0.6279130973436041,0.27730958852330434,0.4537867746908557,0.1741263226527484
7783,0.6372506517898207,0.2767698033625425,0.4608789142013,0.17637173758852068
7784,0.634156311116247,0.2785873979625627,0.45748835450083436,0.17666795661541265
7785,0.6434497375374642,0.2636869229477769,0.4737804561746556,0.1696692813628086
7786,0.6439656169510266,0.2678264454949045,0.4714945947421,0.17247102220892666
7787,0.5997271874073429,0.2941596763505377,0.42331163206098066,0.17641555534636225
7788,0.603494274764669,0.28136792804858674,0.4336903410849496,0.1698039336797194
7789,0.5678680334757592,0.2511625441027257,0.4252408534733757,0.1426271800023835
7790,0.6161082346276423,0.2301302744314613,0.47432307751329983,0.14178515711434247
7791,0.6310177808398436,0.21545089688032731,0.4950644340104655,0.13595334682937812
7792,0.6652557254105526,0.22997698878689968,0.5122622169073892,0.15299350850316346
7793,0.6417811267702455,0.2351333929096566,0.4908769529273752,0.15090417384287025
7794,0.6117452328225929,0.22204133205273785,0.4759125064497521,0.13583272637284077
7795,0.6189001685784724,0.22275489822714847,0.48103712451400976,0.13786304406446265
7796,0.6123425668145293,0.24804344027764474,0.4604550099134099,0.15188755690111938
7797,0.6309703297396899,0.2602023807640043,0.46679034774997374,0.16417998198971614
7798,0.6354895396067324,0.27121126735200957,0.46313761618104543,0.17235192342568698
7799,0.6098482689316403,0.2772727966231392,0.44075393388918416,0.16909433504245622
7800,0.6098258348263671,0.2697447019296879,0.4453285467821056,0.1644972880442615
7801,0.6094622659235424,0.25559343256275147,0.45368771335867175,0.15577455256487063
7802,0.567642459114203,0.28475839386516305,0.40600150416717107,0.16164095494703193
7803,0.5446503653291527,0.28151681604128487,0.391322128625967,0.15332823670318568
7804,0.5638645311800816,0.2735844871181434,0.4095999426130666,0.15426458856701503
7805,0.6002427335246402,0.27188557103851346,0.4370453951585751,0.16319733836606506
7806,0.5971448861688448,0.2741929950850675,0.43341194133047756,0.16373294483836723
7807,0.6006239487312636,0.2619983607439502,0.44326145874011413,0.15736248999114946
7808,0.5982781106170209,0.2732752474271497,0.43478351190790687,0.163494598709114
7809,0.5959645600621868,0.24759462815574004,0.44840693641959045,0.14755762364259634
7810,0.5968246059801842,0.2642046628218541,0.4391407621934037,0.1576838437867805
7811,0.6152165166782242,0.2652629414246749,0.4520223738511159,0.1631941428271083
7812,0.5896386234832108,0.2734838471806979,0.42838198428669133,0.1612566391965195
7813,0.5995302613804482,0.2696445772437608,0.4378701775056758,0.16166008387477235
7814,0.5668903752783678,0.2837010258600341,0.40606299426171516,0.16082738101665267
7815,0.5635188204738745,0.2631638005824181,0.41522106597824826,0.14829775449562618
7816,0.5568811954406404,0.24771500857456066,0.4189333653370506,0.13794783010358982
7817,0.5982353632120367,0.25139344132048425,0.447842916534553,0.15039244667748375
7818,0.6261056226863156,0.24657829661595107,0.4717215647426546,0.15438405794366108
7819,0.5947538688259484,0.2740080318532456,0.43178653179184684,0.16296733703410154
7820,0.5539132835649759,0.29375502232510675,0.3911984745851732,0.1627148089798027
7821,0.5485813617320221,0.2863450068507616,0.3914978279486661,0.157083533783356
7822,0.5635109530299288,0.25616700916885765,0.41915803755835934,0.14435291547156948
7823,0.5782758600524512,0.26299807737629294,0.4261904206655343,0.15208543938691693
7824,0.5623959036789123,0.2775426488602798,0.4063070548636962,0.15608884881521612
7825,0.5889523465731182,0.25636413322796164,0.4379660887313267,0.1509862578417915
7826,0.6365634295599042,0.23843491386939558,0.48478448306038135,0.1517789464995228
7827,0.6087508941701739,0.25996475329267926,0.45049711815052673,0.15825377601964716
7828,0.5702728110857525,0.27867220624316535,0.411353628659994,0.15891918242575848
7829,0.5524230247231765,0.2912837324235195,0.39151118420511943,0.16091184051805704
7830,0.4916635717882718,0.24264050001631174,0.37236607688975976,0.11929749489851205
7831,0.5215640640969184,0.253599647150908,0.3892956014753463,0.13226846262157205
7832,0.5557648293002865,0.25152957487700384,0.4159735380547948,0.13979129124549167
7833,0.6063322408972307,0.22697364131486067,0.468710804334187,0.13762143656304374
7834,0.5821360404484203,0.23253005085204573,0.44677191736014055,0.13536412308827972
7835,0.5592684471490157,0.2280476155325421,0.4317286113340951,0.12753983581492057
7836,0.5145877458521414,0.23440140636463613,0.3939676545263915,0.1206200913257499
7837,0.5462104081234018,0.25337878832458505,0.40781227674281717,0.13839813138058465
7838,0.5324978553342797,0.2517183752486058,0.3984583603661677,0.13403949496811202
7839,0.5297210608938219,0.25071761895884465,0.3969106577941697,0.13281040309965217
7840,0.5252333240566749,0.25201372437305497,0.3928673178963126,0.13236600616036232
7841,0.4896133702146957,0.26869728288745004,0.3580555879726398,0.1315577822420559
7842,0.539480453015863,0.248539515580585,0.40539824255810586,0.13408221045775714
7843,0.5508918114926508,0.2357591383929836,0.42101403266739346,0.12987777882525728
7844,0.5062132217396327,0.19982124356248118,0.40506106626384925,0.10115215547578343
7845,0.5157958315451399,0.23762610471896473,0.39322927726478896,0.12256655428035089
7846,0.5395535713077044,0.2435431713401214,0.4081489834435378,0.13140458786416667
7847,0.5159826072426679,0.23672935401269207,0.3938343779483265,0.12214822929434137
7848,0.49462977375271794,0.24513520116820917,0.3733786046600596,0.1212511690926583
7849,0.5575400993780475,0.1819287709690541,0.456107514332235,0.10143258504581247
7850,0.5461004232345413,0.19750871457526117,0.438240830612481,0.10785959262206035
7851,0.5363324431328436,0.22465410266723987,0.4158431593895061,0.12048928374333742
7852,0.5027656164371771,0.25815067544304365,0.3729763329643816,0.12978928347279547
7853,0.4412711797798863,0.21807530898627883,0.3450408309026478,0.0962303488772385
7854,0.5206239075492122,0.18969028308184313,0.4218666111470268,0.09875729640218539
7855,0.5206490582130415,0.23775700129443278,0.3968610994055382,0.12378795880750332
7856,0.5465804602205694,0.17284643996732543,0.45210597351574167,0.09447448670482775
7857,0.5557816737155493,0.21761796037930722,0.43483359946537387,0.12094807425017547
7858,0.5135700616894916,0.22455100205286604,0.398247389712764,0.11532267197672758
7859,0.5328821682061539,0.22502750926548395,0.4129690211627324,0.11991314704342147
7860,0.5368180213726617,0.2360646507296188,0.41009426265195925,0.1267237587207024
7861,0.5774878136372174,0.21460710306240693,0.453554826898691,0.12393298673852635
7862,0.5185781364504727,0.16360858680718707,0.43373430039670624,0.08484383605376646
7863,0.5197220704348171,0.12033896080583714,0.45717925657083314,0.06254281386398398
7864,0.5467045065071366,0.10842077643877772,0.4874303794290541,0.059274127078082564
7865,0.5867782263743306,0.14401782528671989,0.5022717022863009,0.08450652408802972
7866,0.6004781703517217,0.1482392036163816,0.5114637645897605,0.08901440576196115
7867,0.5547603930070958,0.1438505278203128,0.4749578176592209,0.0798025753478749
7868,0.5839600467506498,0.16224739222454887,0.4892140520020313,0.09474599474861858
7869,0.6335531833012891,0.12700106198192468,0.5530912561999963,0.0804619271012927
7870,0.6458026164257947,0.1541111326744008,0.546277243724324,0.09952537270147081
7871,0.6380368185793279,0.17206163624754686,0.5282551595883895,0.10978165899093838
7872,0.580958345166957,0.1666760882426778,0.4841264807625892,0.09683186440436779
7873,0.5720413536603801,0.1526095736329692,0.484742366577843,0.08729898708253715
7874,0.4878240125811658,0.1288758462227837,0.4249552801519742,0.06286873242919162
7875,0.5479595410404645,0.16693190407096117,0.4564876115007298,0.09147192953973474
7876,0.5559573861798586,0.19336853338560028,0.4484527217893675,0.10750466439049106
7877,0.5570106225281958,0.22607465466838364,0.4310846383935125,0.12592598413468326
7878,0.5407233590946006,0.1969850571382124,0.4342089373073845,0.10651442178721604
7879,0.5617738525711233,0.1808663167575189,0.46016788500590283,0.10160596756522051
7880,0.5408045629811161,0.17929856189995788,0.4438390825696668,0.09696548041144933
7881,0.5451925438581139,0.17020843845916797,0.45239617230844287,0.092796371549671
7882,0.5372149907415379,0.161708492048971,0.4503427646826219,0.08687222605891601
7883,0.5369756133087831,0.16064744046292617,0.4507118554397171,0.086263757869066
7884,0.5159626636602561,0.14632416881046892,0.4404648557629336,0.07549780789732251
7885,0.5421294949853739,0.17181647706876307,0.4489827150419193,0.0931467799434546
7886,0.5037273948134909,0.18543488252233636,0.41031876453296867,0.09340863028052224
7887,0.5497405713988516,0.16910094444964677,0.4567789215730173,0.09296164982583427
7888,0.5497570519792504,0.19036364021160251,0.44510329833248113,0.10465375364676928
7889,0.5222491058208147,0.17315799708110755,0.4318174966794831,0.09043160914133166
7890,0.5270791107629412,0.1468791840045969,0.4496621610682119,0.07741694969472936
7891,0.5143459897879487,0.1747881861761491,0.424444387165937,0.08990160262201166
7892,0.5365471675307402,0.1745874279139651,0.4428727775970249,0.09367438993371525
7893,0.5692722152716816,0.1799322107817486,0.4668418070412244,0.10243040823045717
7894,0.5602463311317853,0.1891026321710857,0.4543022752505711,0.10594405588121428
7895,0.5525283027879125,0.19771694456343245,0.4432840949758674,0.10924420781204512
7896,0.565870733641596,0.22680516473263063,0.4375283286806393,0.12834240496095672
7897,0.6036134661649707,0.22768162399367553,0.4661817719240786,0.13743169424089205
7898,0.6051211342609533,0.23975964824883922,0.4600375039626085,0.14508363029834476
7899,0.5428234796375592,0.1909787851182973,0.43915571096269135,0.10366776867486784
7900,0.5474558605455545,0.18189957503758447,0.447873872160483,0.09958198838507147
7901,0.562248102367514,0.20296181181683923,0.4481332088204236,0.11411489354709034
7902,0.5579713294252284,0.20144515051311163,0.4455707109871623,0.11240061843806613
7903,0.5302161531587589,0.21375796306509257,0.4168782282753335,0.11333792488342545
7904,0.5078939756049502,0.2236981296004626,0.39427904322677987,0.11361493237817033
7905,0.5147294179165638,0.2176451831799222,0.40270103946601854,0.11202837845054527
7906,0.5487211477876501,0.221012854577275,0.4274467205481828,0.12127442723946734
7907,0.5705250564076957,0.2557410778159853,0.4246183635609658,0.1459066928467299
7908,0.5913969830621837,0.2586415272693492,0.43843716414049505,0.1529598189216886
7909,0.5966181104830915,0.2791427789731173,0.430076473137151,0.1665416373459405
7910,0.5801160367930801,0.26819620258933735,0.42453111866399973,0.1555849181290804
7911,0.5673535532056245,0.2360445053142878,0.43343286440089945,0.1339206888047251
7912,0.5865779339675472,0.22792932467781538,0.452879621607416,0.13369831236013122
7913,0.5018145092986248,0.19671968901015024,0.4030977150886182,0.09871679421000662
7914,0.4936126660687002,0.20857779070561336,0.39065602671578303,0.10295663935291717
7915,0.4992339165946049,0.1884686953677782,0.4051439516506735,0.09408996494393138
7916,0.5279927820850174,0.22142249584992044,0.4110833024850097,0.11690947960000772
7917,0.5974641833650657,0.3417985143330584,0.39325181312367224,0.20421237024139344
7918,0.6519907808696093,0.3356758962828192,0.43313319113306803,0.21885758973654124
7919,0.6065414818644218,0.2733476685025265,0.4407447819467146,0.16579669991770718
7920,0.6165184993009324,0.23943928315477167,0.46889975177666154,0.14761874752427084
7921,0.6101583548604088,0.2560045806512048,0.45395502109354086,0.15620333376686796
7922,0.6486394996896798,0.309096942549629,0.4481470135186788,0.20049248617100104
7923,0.6318962228843675,0.34497766820267617,0.41390613736763987,0.21799008551672766
7924,0.5606817101730293,0.3148464122889683,0.3841530852890078,0.1765286248840214
7925,0.5885522294757146,0.3475526825192953,0.38399932331871817,0.20455290615699645
7926,0.5129202842874412,0.2498926630378663,0.38474526852071306,0.12817501576672813
7927,0.6324941040679192,0.36709823298145533,0.40030663609339734,0.23218746797452183
7928,0.589802350423585,0.3187609176851,0.4017964119497341,0.1880059384738509
7929,0.5547697194200849,0.26086860937305795,0.4100477141926858,0.1447220052273991
7930,0.5938901851851022,0.32034194150662815,0.4036422502211756,0.19024793496392656
7931,0.5925235908973845,0.29192650599198755,0.4195502492888852,0.17297334160849928
7932,0.55971385373944,0.24465898936503477,0.42277482794993976,0.1369390257895003
7933,0.5394092816848556,0.20437513986648442,0.4291674342952333,0.11024184738962226
7934,0.537022563776169,0.19237640192240194,0.433712095205766,0.103310468570403
7935,0.5502561232734258,0.20083153504109308,0.43974734137066274,0.11050878190276305
7936,0.5397478118152745,0.21435701406548724,0.4240490825261718,0.11569872928910276
7937,0.5200440431377072,0.2392316555782234,0.3956330457242805,0.12441099741342673
7938,0.5226177168465602,0.2854291489111027,0.3734473867211829,0.14917033012537734
7939,0.5574128619330603,0.28456395764774867,0.39879325189763054,0.15861961003542974
7940,0.5593519475631953,0.2697345950738793,0.408475376483451,0.15087657107974425
7941,0.5561319811066721,0.25739284146893043,0.41298759025788023,0.14314439084879185
7942,0.5532499436457718,0.27122507347583485,0.4031946870299459,0.15005525661582597
7943,0.5588635815498098,0.2881896563591623,0.39780487803131936,0.16105870351849036
7944,0.534650141936799,0.2887382861780741,0.3802761762491036,0.15437396568769543
7945,0.5761652944325839,0.26840632025188,0.4215188878970931,0.15464640653549083
7946,0.581231241590571,0.22845728240071825,0.4484447316903939,0.13278650990017718
7947,0.562738898327196,0.19184016236778184,0.4547829767014401,0.10795592162575597
7948,0.5808695284082582,0.202566578142468,0.46320477569136825,0.11766475271688998
7949,0.5446736437515888,0.2277530341657227,0.4206225687570645,0.12405107499452428
7950,0.5140452773316495,0.22840846015541189,0.3966329870861658,0.11741229024548372
7951,0.5239654267656445,0.2366254003358145,0.39998189789509797,0.12398352887054652
7952,0.5734613510712275,0.2613939880678482,0.423562001511943,0.14989934955928455
7953,0.5051056618548221,0.23164429811185028,0.38810081534214025,0.11700484651268185
7954,0.5362330418710103,0.19834159994848954,0.42987572240106875,0.10635731946994156
7955,0.5852758059110199,0.19523383429069824,0.471010166205433,0.11426563970558692
7956,0.5934530778343857,0.23724048065474487,0.4526619844029183,0.1407910934314674
7957,0.5969679476548871,0.23570821293828953,0.45625769953171535,0.14071024812317182
7958,0.5833594226001636,0.24721165885395407,0.4391461720310923,0.14421325056907128
7959,0.5742643836780486,0.24384856508605715,0.43423083773812743,0.14003354593992112
7960,0.5880730010116066,0.23875055985243157,0.447670242785986,0.14040275822562065
7961,0.5615564460331733,0.22606006750378352,0.4346109579357294,0.12694548809744394
7962,0.5295318969276752,0.2112903282379472,0.4176469286133639,0.11188496831431131
7963,0.5725119558464247,0.22408174625109456,0.44422247703072826,0.12828947881569638
7964,0.5704258589033989,0.21243888894854088,0.4492452232104437,0.12118063569295522
7965,0.5763856207859938,0.1861575898855674,0.46908706277577655,0.1072985580102172
7966,0.6091898982932892,0.18868306553662176,0.49424608078936855,0.11494381750392063
7967,0.6151926981981898,0.19421927601802855,0.4957104177425598,0.11948228045562996
7968,0.6006700139547579,0.20384632245134646,0.47822564060328154,0.12244437335147637
7969,0.6041283358022406,0.21675088351665717,0.4731829852596572,0.13094535054258338
7970,0.6001804941080009,0.22835556829996434,0.4631259362934149,0.13705455781458595
7971,0.6139594348071925,0.23450161564470764,0.4699849554045943,0.1439744794025982
7972,0.6026510864035446,0.23567966744001698,0.46061847877759227,0.14203260762595232
7973,0.6102012951341667,0.2426022508435104,0.46216508746699264,0.148036207667174
7974,0.6119104025866037,0.2831358515860864,0.4386566296558607,0.17325377293074298
7975,0.6191591611785434,0.29162569787629544,0.43859643870334897,0.18056272247519442
7976,0.5949240757065523,0.29597344892967864,0.41884234516838276,0.1760817305381695
7977,0.5661645682797732,0.30146542865103537,0.395485524016283,0.17067904426349023
7978,0.5751947780119413,0.27772537592817853,0.41544859205664975,0.15974618595529158
7979,0.5811473395437535,0.2417283088067079,0.44066757598832434,0.14047976355542918
7980,0.5911642262474663,0.25430210594407265,0.4408299185539374,0.15033430769352893
7981,0.5900730919986084,0.2687651171612291,0.4314820282939137,0.15859106370469467
7982,0.5688134588078718,0.2885645943087481,0.4046740338296225,0.16413942497824932
7983,0.5710072730236364,0.2868596353550775,0.4072083348989789,0.16379893812465754
7984,0.5566288427329685,0.29384974028331656,0.39306360186168265,0.16356524087128588
7985,0.5614184640077241,0.30941050041393403,0.38770969611747197,0.17370876789025214
7986,0.5636737954773605,0.3292794526653008,0.3780675966208026,0.18560619885655796
7987,0.523610117677697,0.2536757349542854,0.3907829362463074,0.13282718143138966
7988,0.5007986506933627,0.24329574905508575,0.37895646784714476,0.12184218284621792
7989,0.4972743612170192,0.22150620603735624,0.38712500410418743,0.11014935711283176
7990,0.5412722064275032,0.2387634986260601,0.41203616071182547,0.12923604571567768
7991,0.5677637064881238,0.2479653679897214,0.426977970077588,0.1407857364105358
7992,0.5685132783990465,0.2768350096422349,0.41112889949170794,0.1573843789073386
7993,0.6092328092800302,0.2592690363797405,0.45127760588707455,0.15795520339295568
7994,0.5901607827090541,0.21266962133401499,0.4646515125241337,0.12550927018492045
7995,0.5946870611353031,0.21511613207772604,0.46676028074720655,0.1279267803880966
7996,0.5673034635204682,0.2353719847065539,0.4337761213807535,0.1335273421397147
7997,0.5765076529017781,0.2847077965586384,0.41237142934492055,0.16413622355685756
7998,0.5471067441597863,0.2497489485955014,0.4104674100363717,0.1366393341234146
7999,0.5968033338435649,0.3066861434682173,0.41377202097810695,0.18303131286545793
8000,0.5345444368323121,0.2777172885748214,0.3860922052124875,0.14845223161982463
8001,0.5691803556670203,0.3313976324959007,0.38055533333579505,0.18862502233122524
8002,0.5534304550506349,0.30344653700398244,0.38549389999298156,0.16793655505765334
8003,0.6179085065561425,0.35166398466488075,0.4006123389822839,0.21729616757385864
8004,0.6129848377288597,0.298769976750421,0.4298433720122477,0.183141465716612
8005,0.6165340565893493,0.2566077333377234,0.45832664980244475,0.15820740678690462
8006,0.619472281192201,0.2582279448932686,0.4595072271015939,0.15996505409060707
8007,0.6179114522793482,0.27438246993780757,0.4483673818000829,0.16954407047926529
8008,0.5537947618861594,0.23594093082785136,0.42313191027915065,0.13066285160700875
8009,0.5375205053925037,0.26634493391892694,0.3943546419036691,0.14316586348883462
8010,0.6049818410782851,0.34188930759930464,0.39814501832187765,0.20683682275640744
8011,0.6438333550304237,0.34507216813264097,0.42166438329396305,0.2221689717364607
8012,0.5435674351997767,0.28196931458295976,0.39029809806687826,0.15326933713289842
8013,0.582853177238426,0.33924442384561776,0.3851234869395884,0.19772969029883755
8014,0.6029357733546308,0.3244303678656438,0.4073250986058315,0.19561067474879928
8015,0.5794218694099346,0.2682954682466213,0.4239656076442635,0.15545626176567107
8016,0.6522599132857587,0.31388824311206925,0.4475231950520613,0.20473671823369743
8017,0.646221525525086,0.30092599549987464,0.4517566696430019,0.19446485588208418
8018,0.5881126157070463,0.23666536086406384,0.4489267312820297,0.13918588442501661
8019,0.6168879745439932,0.2763211684064276,0.44642876864212244,0.17045920590187078
8020,0.6309431144663261,0.3361190308730418,0.4188711262958859,0.2120719881704402
8021,0.6111566849357309,0.3195929188435018,0.4158353361264023,0.19532134880932867
8022,0.5634627482271433,0.25318678693584495,0.4208014254454719,0.14266132278167137
8023,0.633092149709335,0.3351361958856976,0.42092005501064994,0.2121720946986851
8024,0.62043766362381,0.3536983369604752,0.40098989381242567,0.21944776981138434
8025,0.6253697241827046,0.309712057528724,0.43168518018990854,0.19368454399279608
8026,0.6059489506929431,0.27773638520654587,0.4376548795077856,0.1682940711851575
8027,0.5720836746514042,0.21516771135937493,0.4489897396706003,0.1230939349808039
8028,0.605206113043696,0.24081698608315968,0.4594622009414091,0.1457439121022869
8029,0.6511845291940914,0.2720389866636144,0.47403694974110794,0.17714757945298348
8030,0.6638764181794881,0.31288701965708937,0.4561581042746845,0.20771831390480358
8031,0.6533441927456021,0.3199614485588286,0.44429923842722074,0.20904495431838135
8032,0.60178363762881,0.27273389783274427,0.43765684048633696,0.16412679714247308
8033,0.6203438162567443,0.28093958379010886,0.4460646827108068,0.17427913354593752
8034,0.6033483886239238,0.27676524267319585,0.43636252542994186,0.16698586319398195
8035,0.6456893891888138,0.3169531933503804,0.44103607537296263,0.20465331381585114
8036,0.6715488352486289,0.3009486971620363,0.469447088199871,0.20210174704875783
8037,0.6938337384400289,0.2878744874444023,0.49409670661497207,0.19973703182505684
8038,0.6763943278912176,0.29393991368678973,0.4775750375326389,0.19881929035857865
8039,0.604036967693799,0.2506328814235265,0.45264544199437257,0.15139152569942643
8040,0.5667726566145107,0.2750063361741564,0.4109065848752609,0.15586607173924982
8041,0.6153422878949929,0.3442639817787386,0.40350210170742373,0.21184018618756917
8042,0.620459841905739,0.3593003602276016,0.39752839720224625,0.22293144470349274
8043,0.5998911059649089,0.36831955815604855,0.37893947887417034,0.22095162709073857
8044,0.5804145199316644,0.35648487675915486,0.37350552132460096,0.2069089986070634
8045,0.5792310672482134,0.38185658697115415,0.3580478688411516,0.22118319840706183
8046,0.5145909716793805,0.3289160340166798,0.34533375013380907,0.16925722154557143
8047,0.499018230856636,0.2793047655240293,0.35964006089500733,0.13937816996162863
8048,0.560448279882081,0.2918183925018695,0.3968991637664543,0.16354911611562672
8049,0.5209773799406927,0.22195771376296372,0.40534243176683765,0.11563494817385507
8050,0.5508166423586762,0.18480916857343227,0.4490206766479597,0.10179596571071654
8051,0.5459102703935201,0.1628856252928624,0.456989334646676,0.08892093574684412
8052,0.5360731481505808,0.13920077476133694,0.461451350599271,0.07462179755130981
8053,0.548273998369403,0.1382125231875021,0.47249566565666745,0.07577833271273561
8054,0.5416838375779329,0.1385759592796761,0.4666194801592746,0.07506435741865831
8055,0.553043189822171,0.14326681340607567,0.4738104543404172,0.07923273548175387
8056,0.530586240926011,0.1452901744808019,0.4534972734047581,0.07708896752125294
8057,0.5223145738181735,0.15423277149463657,0.4417565495061566,0.08055802431201683
8058,0.540769693658524,0.17527809021163876,0.445984614509725,0.09478507914879902
8059,0.540209010616042,0.18630127107390393,0.4395673852926973,0.10064162532334468
8060,0.5475313204220089,0.19799073974113895,0.4391251892602128,0.10840613116179612
8061,0.5435955059293823,0.22621412052436776,0.42062652663456834,0.12296897929481397
8062,0.5753555922708725,0.21792438568161504,0.4499715782767608,0.12538401399411167
8063,0.5681507137655539,0.24624783343847406,0.4282448314342636,0.13990588233129028
8064,0.5938082202116214,0.24083599888822535,0.45079782434891624,0.14301039586270511
8065,0.6319143332747419,0.2097798032048118,0.4993514687980667,0.1325628644766752
8066,0.611672048947859,0.23609472381636334,0.46725950548532513,0.14441254346253385
8067,0.619020152104971,0.23543385019135685,0.4732818543488583,0.14573829775611266
8068,0.5954743893928316,0.24836413020504763,0.44757991061189917,0.14789447878093245
8069,0.6087361855794565,0.2537464861443697,0.4542715174997425,0.154464668079714
8070,0.5764708789218209,0.2615422615628478,0.42569938152348524,0.15077149739833567
8071,0.6091945063676002,0.24773470936531047,0.45827588238567896,0.1509186239819212
8072,0.5945323037819129,0.26784903061702464,0.43528740254342113,0.15924490123849178
8073,0.5882751062096422,0.27340261027376,0.4274391566128526,0.16083594959678957
8074,0.5803836266345139,0.2567175101539836,0.4313889870707623,0.14899463956375164
8075,0.6102500809212793,0.2507338030998923,0.4572397572898699,0.1530103236314094
8076,0.6061649712290754,0.22207225012460485,0.47155255212151825,0.13461241910755714
8077,0.6115750597347008,0.21679984615736436,0.4789856808705368,0.13258937886416405
8078,0.5921231019549926,0.24651877299526917,0.4461536413988952,0.14596946055609744
8079,0.5967511516385975,0.24018940324301452,0.4534178486419411,0.1433333029966564
8080,0.6107192628121617,0.25550280863974123,0.4546787758732621,0.1560404869388996
8081,0.5787224292373205,0.2524631249699459,0.43261635626186823,0.1461060729754523
8082,0.5801502572956052,0.2354637843292286,0.44354588223320635,0.13660437506239886
8083,0.5787118486140899,0.2162905573005238,0.453541940360932,0.12516990825315785
8084,0.5549819295150635,0.21050104123696567,0.43815765548444235,0.11682427403062116
8085,0.5509050383355336,0.17382828911163517,0.455142158058688,0.0957628802768456
8086,0.5982977627060035,0.17548476028880755,0.49330562323621063,0.1049921394697929
8087,0.5600278952928649,0.15550033265647378,0.4729433712779195,0.08708452401494536
8088,0.5337289658792175,0.15131752322131162,0.4529664206909023,0.08076254518831513
8089,0.5396406324724446,0.1792428761145317,0.4429138934398187,0.09672673903262594
8090,0.5055288867840463,0.1982653763783408,0.4053000117756837,0.10022887500836257
8091,0.4855592108917777,0.19303585932037684,0.39182887136635935,0.0937303395254184
8092,0.5055951883349633,0.1975991617214656,0.40569000294956803,0.09990518538539528
8093,0.5038852897575951,0.18574096103802698,0.4102931517850946,0.0935921379725004
8094,0.5198779446999122,0.16013420761068828,0.43662770197111855,0.08325024272879367
8095,0.5408821526745228,0.17545239199240317,0.44598308520177754,0.09489906747274524
8096,0.5540818444901976,0.19083442722225846,0.44834395306265823,0.10573789142753935
8097,0.5646343291554554,0.17127251813305816,0.46792798577663053,0.09670634337882486
8098,0.5577056123258206,0.13864951426178226,0.48038000007577575,0.07732561225004488
8099,0.5445526782339163,0.13803937793512328,0.46938296527760115,0.07516971295631515
8100,0.5792156717893387,0.1691214901600485,0.4812578542522722,0.09795781753706653
8101,0.5757192995986575,0.17386020510962144,0.47562462408486733,0.1000946755137902
8102,0.5302527437819649,0.17877086603506415,0.435459001558594,0.09479374222337084
8103,0.5284501714458967,0.17966395877858296,0.433506721626706,0.09494344981919067
8104,0.5250150034884492,0.1801276934421946,0.4304452618875291,0.0945697416009201
8105,0.5471394054415561,0.17242909418953367,0.4527966533658686,0.09434275207568754
8106,0.5932245288380815,0.1649956365396451,0.4953450700915112,0.09787945874657031
8107,0.5903824198442083,0.1682487870952543,0.491051293783059,0.09933112606114923
8108,0.5804567526861631,0.17614109274075535,0.478214465979272,0.10224228670689116
8109,0.5604548853559773,0.1790365004623019,0.4601130040148425,0.1003418813411348
8110,0.5361518486229411,0.1731840556022918,0.4432988970597541,0.09285295156318697
8111,0.5409308342048615,0.1784900147889679,0.44438008160782705,0.09655075259703448
8112,0.537718499143934,0.19856409649988968,0.43094691119014206,0.10677158795379196
8113,0.5293895576449315,0.1877266463130388,0.4300090313951054,0.0993805262498261
8114,0.5614545521207893,0.2060587504539798,0.4457619286740806,0.11569262344670873
8115,0.5760850336130448,0.1967905152815418,0.4627169630023493,0.1133680706106954
8116,0.6014432873228056,0.22028729632075394,0.4689529716681984,0.13249031565460723
8117,0.6033009674365779,0.23723003778371632,0.4601798561366459,0.143121111299932
8118,0.5922361405785783,0.2590773520824762,0.43880116946993514,0.15343497110864318
8119,0.5801922259663189,0.25233828700958383,0.43378751352970063,0.1464047124366183
8120,0.5615615085568794,0.2686458733015152,0.4107003266781002,0.15086118187877914
8121,0.5844274003306643,0.2638706817551554,0.4302141437690188,0.1542132565616455
8122,0.5865778757689879,0.2777801910056928,0.4236381613981649,0.162939714370823
8123,0.6104947076137625,0.2843459306297284,0.4369030218328032,0.17359168578095924
8124,0.6285456199366802,0.3144533069164123,0.4308973711997647,0.19764824873691555
8125,0.6278094915174707,0.30629202340561396,0.4355164520473349,0.19229303947013573
8126,0.5977113972025346,0.2700518488820284,0.4362983292901297,0.16141306791240492
8127,0.5492540701173678,0.14916810131053193,0.4673228833408783,0.08193118677648953
8128,0.5336067361386482,0.08871581510479642,0.48626737959669797,0.047339356541950206
8129,0.5840619379095536,0.11589524146918756,0.5163719385825642,0.06768999932698935
8130,0.6029142841937066,0.13471602649502148,0.5216920675100404,0.08122221668366629
8131,0.5620673461532275,0.15277328548838487,0.47619847101566165,0.08586887513756587
8132,0.569880529141481,0.13626986568828278,0.49222298597700387,0.07765754316447714
8133,0.5579991629800604,0.13434473245754705,0.48303491471796894,0.0749642482620914
8134,0.5498169152676157,0.1782901652210424,0.45178996660322857,0.09802694866438708
8135,0.5755372791614742,0.16859393669540532,0.47850518355267885,0.0970320956087954
8136,0.6027227806454779,0.16927340315650413,0.5006978444056667,0.1020249362398112
8137,0.5849853668145901,0.16868177986629043,0.4863089939445703,0.09867637287001985
8138,0.57805108970712,0.16555752839372787,0.4823503800099082,0.09570070969721185
8139,0.5527560937010482,0.1565548179796614,0.4662194640645319,0.08653662963651626
8140,0.5596692164457576,0.19284369234601156,0.4517405382539586,0.10792867819179904
8141,0.5614217576707032,0.18512991701117149,0.4574857942648599,0.10393596340584332
8142,0.5659103233053974,0.1840020026396237,0.46178169050276735,0.10412863280263003
8143,0.582236549860885,0.1890706091507761,0.4721527307088413,0.11008381915204375
8144,0.5580493842064764,0.17232435315396222,0.46188388504512845,0.09616549916134799
8145,0.5441424348375188,0.16063465337909302,0.45673430342853827,0.08740813140898054
8146,0.5014501666678575,0.17600766898460726,0.41319109172070506,0.0882590749471524
8147,0.4926477609904352,0.1803274786076291,0.40380983240933616,0.08883792858109908
8148,0.4958672104184675,0.17209079119354515,0.4105330298506173,0.0853341805678502
8149,0.5350062725631184,0.15751872480692655,0.450732766745269,0.08427350581784938
8150,0.5105011658014985,0.12769841377247895,0.44531097669964587,0.06519018910185263
8151,0.5622302651974727,0.1489071002192771,0.47851018675140183,0.08372007844607081
8152,0.4801060769795132,0.1351113151067942,0.4152383135280474,0.06486776345146579
8153,0.5159805013309302,0.14045681502260107,0.44350752350022277,0.07247297783070743
8154,0.5340437533754664,0.1282522843219128,0.4655514220772146,0.06849233129825179
8155,0.5849327873575215,0.124565613992812,0.5120702755558049,0.07286251180171661
8156,0.6129102662252517,0.10535882982109623,0.5483347577904226,0.06457550843482908
8157,0.6026186144861191,0.09432591564904363,0.5457760618875579,0.05684255259856121
8158,0.6096192673633141,0.1104529132027054,0.5422850433385371,0.06733422402477698
8159,0.5502002520307507,0.10803978884832709,0.4907567329770521,0.05944351905369866
8160,0.5581419882520634,0.11624602707573709,0.49326019957360834,0.0648817886784551
8161,0.5791121309203069,0.12477637367616859,0.5068526192721924,0.07225951164811448
8162,0.5792341372535036,0.1472246549378366,0.49395659126814107,0.08527754598536255
8163,0.537493738060309,0.13907499799622894,0.4627417975165859,0.07475194054372307
8164,0.5373474932161857,0.14320773223822322,0.4603951772888017,0.076952315927384
8165,0.5218971485944058,0.15562966162734138,0.44067447195438414,0.08122267664002168
8166,0.5341141413413504,0.17512180342929626,0.4405791096725631,0.09353503166878732
8167,0.5290166682115527,0.14169107994678318,0.4540597251828087,0.07495694302874398
8168,0.5068880227699477,0.08764186762568206,0.4624634097773002,0.04442461299264747
8169,0.528069034337985,0.11410334106760327,0.46781459320567803,0.060254441132307004
8170,0.5336751771436983,0.14560015471013146,0.455971988786619,0.07770318835707929
8171,0.5178643390061861,0.15662953928323164,0.4367514861764319,0.08111285282975422
8172,0.514096087677675,0.1404743301510162,0.4418787841278955,0.0722173035497795
8173,0.5502472524362553,0.13771002510689054,0.47447268948826105,0.07577456294799424
8174,0.5155749631316007,0.07843671744831858,0.47513495542502004,0.04044000770658063
8175,0.5453282954394245,0.1214957776198305,0.47907321012691495,0.06625508531250955
8176,0.5278539070558685,0.14360704080577932,0.4520503694858064,0.07580353757006215
8177,0.5415847477096812,0.16498764180340086,0.4522299573483711,0.08935479036131011
8178,0.5683597358310674,0.18139731947530172,0.4652608032536212,0.1030989325774462
8179,0.578841025134945,0.20731850087173065,0.4588365715609124,0.12000445357403255
8180,0.5968451997594031,0.22614197779115502,0.4618734458506547,0.1349717539087484
8181,0.5896874843652387,0.22652107704642524,0.4561108402860278,0.1335766440792109
8182,0.579444196004321,0.2527237699338273,0.4330048743238334,0.14643932168048754
8183,0.5603033142798376,0.25127428323338236,0.4195135005908828,0.14078981368895477
8184,0.5710152379658135,0.24871935363441328,0.4289926970635557,0.14202254090225783
8185,0.587699630470138,0.2594705922792583,0.43520885926975006,0.15249077120038793
8186,0.5678835187982157,0.24950814692430642,0.4261919543540184,0.14169156444419734
8187,0.525838888075839,0.23399593770695384,0.4027947243777511,0.1230441636980879
8188,0.5145513732545058,0.23453972850286064,0.39386863387061993,0.1206827393838859
8189,0.5241663915222351,0.20819344932121955,0.4150383824529641,0.10912800906927098
8190,0.5156473376083073,0.16287557091153057,0.4316609831063435,0.08398635450196379
8191,0.4925567097825357,0.13372592790142182,0.42668910672279475,0.06586760305974092
8192,0.49473317043951265,0.1308097982022713,0.4300172242503501,0.06471594618916254
8193,0.5064855265404734,0.16059918993672498,0.4251443612633978,0.08134116527707565
8194,0.49729493734893304,0.1709734720580386,0.4122706952735012,0.08502424207543186
8195,0.5018147178121727,0.16703946622794894,0.4179918552034985,0.08382286260867415
8196,0.5257090467146683,0.17423402653025127,0.4341126427221917,0.09159640399247664
8197,0.5478751289740149,0.1922527697543619,0.4425446179492323,0.10533051102478262
8198,0.534388912759838,0.1781262593111362,0.43920021471258297,0.09518869804725505
8199,0.5385121574021783,0.14149462909167115,0.46231557942920143,0.07619657797297685
8200,0.5147685411157837,0.12978538024093667,0.4479591102709995,0.06680943084478423
8201,0.5197060613253273,0.1721403185641109,0.43024369436908605,0.0894623669562412
8202,0.5250608571945992,0.20937774595265526,0.41512479842722494,0.1099360587673742
8203,0.5074596584058068,0.19758978914753222,0.40719081150052466,0.10026884690528208
8204,0.49502225269598354,0.19489123788203014,0.3985467530889122,0.09647549960707136
8205,0.46860278805852756,0.20965560336823774,0.37035758778807853,0.09824520027044903
8206,0.4755507145429365,0.24056460199651727,0.3611500461697556,0.11440066837318093
8207,0.46833571349336994,0.22850095797521847,0.3613205543061275,0.10701515918724248
8208,0.44624245189968426,0.2658917058202705,0.3275902851546572,0.11865216674502704
8209,0.44177297288926176,0.21434556330005128,0.34708089616457466,0.09469207672468709
8210,0.4473705310945896,0.18570741854196793,0.3642905046332642,0.08308002646132542
8211,0.5951351257102497,0.4059970971103605,0.35351199228347885,0.2416231334267709
8212,0.5816165647393704,0.41105581126021473,0.34253969587804933,0.2390768688613211
8213,0.5896056630733623,0.3784132712477849,0.366491055363552,0.22311460770981031
8214,0.5625969713155367,0.4026531518951812,0.336065527568653,0.22653144374688367
8215,0.5571520053520367,0.3673954676045605,0.3524568838189066,0.2046951215331301
8216,0.6036256504401146,0.3686808065016213,0.38108045881078745,0.2225451916293272
8217,0.577983412292199,0.3365460874165853,0.38346535629357226,0.19451805599862668
8218,0.5571351107483388,0.27274317231568174,0.4051803132343882,0.15195479751395058
8219,0.5866764058046471,0.2605147857646703,0.4338385276332627,0.15283787817138442
8220,0.614669286013687,0.32443299594309777,0.41525028803806163,0.19941899797562532
8221,0.5982062511662741,0.31873354303877666,0.40753785326410324,0.19066839790217088
8222,0.6161929211660069,0.34638611121568275,0.40275225144468196,0.2134406697213249
8223,0.5907962088470253,0.3434437149476669,0.3878909641036053,0.20290524474342003
8224,0.5448765972718493,0.3359130013194099,0.36184546413355506,0.18303113313829428
8225,0.5794667998241024,0.3993087312914045,0.34808064716084985,0.23138615266325258
8226,0.5824882210822018,0.3937369790438616,0.35314106858466265,0.22934715249753912
8227,0.5909384676530516,0.38291954126248373,0.36465658070498996,0.2262818869480616
8228,0.6004920811841236,0.3431846388252766,0.3944124231855114,0.20607965799861214
8229,0.578864557753669,0.29764300522175774,0.4065695711675032,0.17229498658616577
8230,0.5821549593607146,0.29401557067987383,0.41099233676015534,0.17116262260055926
8231,0.6254248792702053,0.3439550519154919,0.41030683245158156,0.21511804681862373
8232,0.6337292952705471,0.34100176819869876,0.41762648502397526,0.21610281024657182
8233,0.6503953856421469,0.310336327464123,0.44855407026235106,0.20184131537979588
8234,0.6670565907140408,0.2987568963328181,0.467768833993963,0.19928775672007776
8235,0.6264817346928208,0.26066734497591976,0.4631784042345346,0.16330333045828613
8236,0.6658792651498765,0.2961396571455809,0.4686860078680407,0.1971932572818358
8237,0.6255724117418073,0.28753228588035296,0.4457001462100001,0.1798722655318072
8238,0.6270364630840045,0.3123956818604952,0.43115297964748367,0.19588348343652082
8239,0.6397332968192485,0.326440957196037,0.4308981470553966,0.20883514976385192
8240,0.6170403102115275,0.35367535371085007,0.3988083602436129,0.21823194996791465
8241,0.5715782076484623,0.2912146542409638,0.4051262575364456,0.16645195011201677
8242,0.5609578285439786,0.3059710349542886,0.3893209811786671,0.1716368473653115
8243,0.5774422340275078,0.3342370566296006,0.3844396413525326,0.19300259267497524
8244,0.6014188506864613,0.38657879531747374,0.36892307590686946,0.23249577477959182
8245,0.6204371584853473,0.3653456372901548,0.3937631494200253,0.22667400906532198
8246,0.6366014483632384,0.35895411269137634,0.4080907403279671,0.22851070803527126
8247,0.6377821906208846,0.33048642597388234,0.4270038338927951,0.21077835672808948
8248,0.5972727099799612,0.2810439699195864,0.42941281644256313,0.16785989353739808
8249,0.5020527734492624,0.22671678832051753,0.3882289810854372,0.11382379236382516
8250,0.46423364323910105,0.17491846643237952,0.3830306062974011,0.08120303694169995
8251,0.49510139823087435,0.16146743638732275,0.4151586447067561,0.07994275352411825
8252,0.5187280093802641,0.17126583576687424,0.4298876233180662,0.0888403860621979
8253,0.5074053038301019,0.1752411789921705,0.4184870001600343,0.08891830367006753
8254,0.4834523192906349,0.18785333176363872,0.3926341903630307,0.09081812892760424
8255,0.494397485405113,0.22120709093449037,0.3850332558933208,0.10936422951179221
8256,0.5201837480908269,0.24927106374834943,0.3905169918596231,0.12966675623120386
8257,0.5316081117553396,0.28015612384515004,0.3826748437613243,0.1489332679940153
8258,0.5611846682548554,0.28591739999963167,0.4007322069877713,0.16045246126708407
8259,0.547609346542031,0.28131224443219405,0.3935601321942451,0.15404921434778587
8260,0.5808459538615399,0.27758522626884313,0.4196116983315423,0.16123425552999757
8261,0.5772571893929326,0.3045696693831113,0.40144215807050304,0.17581503132242954
8262,0.5744525964419365,0.3286619900638501,0.38565186289798387,0.1888007335439526
8263,0.5807861323760108,0.3152348399561648,0.39770210888769914,0.1830840234883117
8264,0.5789852163834548,0.3131231536224243,0.39769153952870573,0.1812936768547491
8265,0.5810863529606156,0.31186023589408546,0.3998686258514842,0.1812177271091314
8266,0.5775434033991187,0.2514893628719812,0.4322973808473587,0.14524602255175997
8267,0.5865442202305413,0.24325598964448736,0.4438638254681069,0.14268039476243446
8268,0.5932912175032863,0.2537666613247116,0.44273368604420404,0.15055753145908227
8269,0.5721308501532193,0.23699507607298756,0.43653865579745404,0.13559219435576525
8270,0.5794161743367264,0.23456243199607207,0.4435069073464438,0.13590926699028263
8271,0.55211734398729,0.2549749958698867,0.4113412264844379,0.14077611750285207
8272,0.5600828632688686,0.2684633005562245,0.40972116921072754,0.15036169405814107
8273,0.5785612177262881,0.25579371082564384,0.4305688969042776,0.1479923208220105
8274,0.6038292711786966,0.24679517696551587,0.45480711934119167,0.1490221518375049
8275,0.5625933104384223,0.26440527674564096,0.4138406704967049,0.14875263994171736
8276,0.5641065582117599,0.2623229963776639,0.41612843558536,0.14797812262639992
8277,0.5941880842104046,0.2732716344041457,0.4318133352947592,0.16237474891564543
8278,0.6094615322462211,0.29980394277069916,0.42674256191173243,0.1827189703344887
8279,0.6033415228209883,0.27468760232982437,0.437611086531266,0.16573043628972228
8280,0.6056602049868502,0.2957042809332286,0.42656388958134184,0.17909631540550838
8281,0.6134694648915772,0.313212872305729,0.42132293172102775,0.19214653317054944
8282,0.6175650167820514,0.3286025795065267,0.41463155925447787,0.20293345752757358
8283,0.6145939193800856,0.31150374478318554,0.4231456119722137,0.1914483074078719
8284,0.5611766346008308,0.2542243644362414,0.4185118613329657,0.14266477326786509
8285,0.5936199702757504,0.2322146048396044,0.45577274345326935,0.1378472268224811
8286,0.5981468263070552,0.24902808660897258,0.44919146664057974,0.1489553596664754
8287,0.5898139473313342,0.21775575893260532,0.4613785636011638,0.12843538373017038
8288,0.5690067443584375,0.20756878485670693,0.4508987058566857,0.11810803850175175
8289,0.5783307221446246,0.19091573800378425,0.4679182855161221,0.11041243662850249
8290,0.5428143661186545,0.15941621361653233,0.4562809551753605,0.08653341094329402
8291,0.5625703902187315,0.18686666157206416,0.4574447394992637,0.10512565071946776
8292,0.6062826820079664,0.2193022503117936,0.47332352551854984,0.1329591564894166
8293,0.6396405394548764,0.20879256305688496,0.5060883517870043,0.1335521876678722
8294,0.6039294904744723,0.18958053834360303,0.489436212548744,0.11449327792572833
8295,0.4910086706601595,0.14817861658219686,0.41825168511187355,0.07275698554828595
8296,0.43797300234469155,0.13380258689124425,0.3793710816424468,0.058601920702244716
8297,0.49344992474908766,0.17228078856703824,0.40843798259496916,0.0850119421541185
8298,0.5688265468503199,0.23882095702307607,0.43297884655139485,0.135847700298925
8299,0.5992911416484106,0.2959181679779034,0.42195000492642676,0.17734113672198384
8300,0.561059359497606,0.26298216556122767,0.4135107541285302,0.14754860536907577
8301,0.5652670483720512,0.2689512060016474,0.4132377939993965,0.15202925437265474
8302,0.5825021605758296,0.2463081767934298,0.43902711542616335,0.14347504514966627
8303,0.6042267899920354,0.23625939358617207,0.46147253499999774,0.14275425499203762
8304,0.6279444731255844,0.26171365977619115,0.46360282692765564,0.16434164619792882
8305,0.6492847943007694,0.2936219341854474,0.4586405371609771,0.19064425713979224
8306,0.6458007180263393,0.3089155987345213,0.44630280255404897,0.19949791547229037
8307,0.5959079809247781,0.25937948011533807,0.4413416786359284,0.15456630228884977
8308,0.604200707525467,0.2219035378183984,0.47012643297318646,0.13407427455228052
8309,0.6008297064208147,0.2469559738783179,0.45245122113663855,0.14837848528417613
8310,0.6042747798982054,0.2826466391078849,0.4334785442623208,0.17079623563588467
8311,0.5628175063076525,0.2529688452113887,0.42044221167225215,0.1423752946354003
8312,0.5519932319926719,0.2609596702341227,0.4079452602003967,0.14404797179227524
8313,0.5659245501622339,0.2469506062774677,0.426169139392367,0.13975541076986683
8314,0.6062991772318738,0.25080825347149704,0.4542343395091418,0.1520648377227319
8315,0.6141274447860531,0.26911319279059664,0.44885764733934747,0.1652697974467056
8316,0.5824071369720759,0.2555308916543087,0.43358412195576823,0.14882301501630765
8317,0.5740030431102967,0.25341369818883885,0.42854280918406895,0.14546023392622778
8318,0.5567272791503001,0.2648833340056819,0.40925950131705663,0.14746777783324344
8319,0.5662852023785535,0.26078312473254983,0.41860757781246993,0.14767762456608355
8320,0.5607305400158255,0.2625999902459156,0.4134827056770827,0.14724783433874278
8321,0.5627953410421754,0.25960820117895056,0.4166890549223222,0.14610628611985318
8322,0.6003876973746689,0.26671552954555305,0.4402549747367488,0.16013272263792008
8323,0.5892593358379016,0.27305742112623105,0.4283577012194485,0.1609016346184531
8324,0.5823906278556094,0.25631960533878656,0.4331124919706515,0.1492781358849579
8325,0.5875009955332904,0.2591749621544371,0.43523544725025576,0.15226554828303465
8326,0.5819789707974338,0.2773818856867583,0.42054854644760276,0.16143042434983101
8327,0.6007887878273314,0.2896552413141492,0.4267671665103705,0.17402162131696086
8328,0.623850613123549,0.30977829847145655,0.43059523168976105,0.1932553814337879
8329,0.6127916593137064,0.2988431519267367,0.42966306836998336,0.18312859094372305
8330,0.6033825417913415,0.294706327426802,0.42556188886656643,0.17782065292477514
8331,0.5707163041325801,0.28911969173081553,0.4057109822160182,0.16500532191656192
8332,0.5431169739706125,0.2993869137943776,0.38051485930420953,0.162602114666403
8333,0.5871529862968882,0.30523449269325226,0.4079336423912294,0.17921934390565875
8334,0.604798398593725,0.3159615573087416,0.4137053547162186,0.19109304387750636
8335,0.5976780993662005,0.32509735588909133,0.40337452958943115,0.19430356977676938
8336,0.5922937978286523,0.3186680887251449,0.40354866531083833,0.18874513251781402
8337,0.5707085056507982,0.2978667283077621,0.400713430255183,0.16999507539561523
8338,0.5323197742511879,0.2723756467176181,0.38732883147894415,0.14499094277224378
8339,0.5473016707845647,0.2702645580342303,0.39938542661857857,0.14791624416598617
8340,0.5791452272519519,0.28262938934471515,0.41546176533182644,0.16368346192012548
8341,0.5389779254782172,0.2805342843999249,0.3877761388468295,0.15120178663138772
8342,0.5075199959185613,0.2780032886503846,0.36642776799737153,0.1410922279211898
8343,0.5001035034467325,0.27487441418809133,0.36263784590339976,0.1374656575433327
8344,0.5356760991810946,0.2918763365040073,0.37932492179935945,0.15635117738173515
8345,0.5003139833548657,0.2873597315447376,0.35654389140993314,0.1437700919449325
8346,0.4991065099357421,0.29425894323423313,0.35223995576072437,0.14686655417501776
8347,0.5149143102336194,0.3002228209408095,0.3603252834724911,0.15458902676112835
8348,0.5448620362426404,0.28833171641143096,0.38776103012537255,0.15710100611726782
8349,0.5502137279384356,0.2865176114346388,0.39256780483096687,0.15764592310746875
8350,0.5844047991392048,0.27825208008556535,0.42179294816673407,0.16261185097247075
8351,0.5509827406713131,0.24993664582352532,0.41327196256127186,0.1377107781100413
8352,0.5183764137358716,0.14239225262892108,0.4445636284743193,0.07381278526155234
8353,0.5284278522358435,0.10733141843403027,0.4717109413153223,0.05671691092052124
8354,0.5474382139914394,0.11834527325323536,0.48265148896735943,0.06478672502408003
8355,0.5961252133676831,0.1489833349696849,0.5073124910206507,0.08881272234703241
8356,0.5839448317698879,0.18179400342914792,0.4777871630206797,0.1061576687492082
8357,0.5782138330292637,0.2156334330687499,0.4535315991653226,0.12468223386394106
8358,0.5667119824262199,0.2315779741626736,0.4354739696022432,0.13123801282397668
8359,0.5751299057675763,0.21474119589169685,0.45162582200996804,0.12350408375760825
8360,0.5594773619539586,0.22198468851064598,0.43528195403185116,0.12419540792210744
8361,0.5499353306871274,0.22084268364254325,0.4284861364283327,0.12144919425879469
8362,0.554942438100443,0.25219336845054746,0.4149896353397328,0.13995280276071015
8363,0.5509783786580075,0.280761993645686,0.3962845906103176,0.15469378804768985
8364,0.5265299054776097,0.2794181948295553,0.3794078697652796,0.1471220357123301
8365,0.5603290155145534,0.2510930439503298,0.41963429739531266,0.14069471811924075
8366,0.5642373634161668,0.2582605844098407,0.4185170921944399,0.1457202712217269
8367,0.5596780191968717,0.2534442465296503,0.41783084532231335,0.1418471738745583
8368,0.5881058212442802,0.2891343405695777,0.4180642324336853,0.17004158881059492
8369,0.605723062810116,0.317090854548983,0.413653819203629,0.192069243606487
8370,0.6091245351784954,0.33497762813770393,0.4050814431439216,0.2040430920345738
8371,0.6076853836831109,0.32446033248385286,0.410515582047711,0.19716980163539985
8372,0.5648348886498205,0.2980242725366424,0.3965003818566423,0.16833450679317813
8373,0.5296410997029942,0.25589282660204704,0.3941097416153784,0.13553135808761582
8374,0.5214285080127036,0.2506748162428111,0.390719512582856,0.13070899542984762
8375,0.5351662194757794,0.24663104208155606,0.4031776170796212,0.1319886023961582
8376,0.5255206095421423,0.24653056205876905,0.39596371829825106,0.12955689124389125
8377,0.5459904997983531,0.2442669292068481,0.4126230770364972,0.13336742276185592
8378,0.5424003273000864,0.22537266812153808,0.4201581183464704,0.122242208953616
8379,0.5489824007446676,0.21973209818084335,0.4283533459646852,0.1206290547799824
8380,0.552165865940934,0.2153022062596882,0.43328333678255965,0.11888252915837431
8381,0.5661516324296867,0.18699851502040674,0.4602821178889561,0.10586951454073056
8382,0.580317022576247,0.19965706315548065,0.46445263014954075,0.11586439242670624
8383,0.5954710704478976,0.15399306360620382,0.5037726560207603,0.09169841442713737
8384,0.6153477487972238,0.1197284845288763,0.5416730953754765,0.07367465342174727
8385,0.629994695225104,0.14020391184316897,0.5416669745140994,0.08832772071100459
8386,0.6338427724484373,0.15792373061142687,0.5337439572022904,0.10009881524614696
8387,0.626032195128582,0.18306015855914923,0.5114306422252115,0.11460155290337047
8388,0.585013865334896,0.18103373249490923,0.47910662173204555,0.1059072436028504
8389,0.5807535077655912,0.1790334442176853,0.47677920702881516,0.10397430073677603
8390,0.5245796410932448,0.1921185573186432,0.423798157247679,0.10078148384556583
8391,0.5446536696305782,0.19395925727608357,0.4390130483963378,0.10564062123424033
8392,0.559329317835668,0.19161479476319146,0.45215354539355057,0.1071757724421174
8393,0.5364311480144969,0.2117066817892225,0.4228650896599645,0.1135660583545324
8394,0.5385917040690742,0.21176409854369885,0.4245373173737721,0.11405438669530212
8395,0.537021783915475,0.2113207608143533,0.42353793196457556,0.11348385195089941
8396,0.5519283594979905,0.2109635548618138,0.43549159074924526,0.11643676874874521
8397,0.5028359702348748,0.2234971254163199,0.3904535763314541,0.11238239390342071
8398,0.5334847094046661,0.21601866545331638,0.41824205443931983,0.11524265496534628
8399,0.5226123566966737,0.2241744868560321,0.40545599980957525,0.11715635688709845
8400,0.5076307993419972,0.24169557534537275,0.3849386812320017,0.12269211810999547
8401,0.527274707860154,0.2439516965510718,0.3986451483291986,0.1286295595309553
8402,0.514919605927037,0.2188189034449856,0.40224546239575865,0.11267414353127835
8403,0.5153734116334063,0.20967485429582366,0.4073125666412303,0.10806084499217603
8404,0.5329399283362616,0.2137036937404549,0.41904869710902914,0.11389123122723242
8405,0.511270650631076,0.22780671789127147,0.39479976175667564,0.11647088887440035
8406,0.49487280054803345,0.24837358195207832,0.37195947046526195,0.1229133300827715
8407,0.48661463713299935,0.26030557594359727,0.35994613375150936,0.12666850338149
8408,0.4805742722483685,0.2484738692987311,0.36116412333739456,0.11941014891097394
8409,0.48384296992303266,0.24536711478091797,0.3651238163859877,0.118719153537045
8410,0.4832346879685722,0.2540869311395664,0.3604510690824518,0.12278361888612045
8411,0.4831207096572814,0.2528052978939242,0.3609852347336483,0.12213547492363308
8412,0.4934706788559505,0.2605765582646224,0.3648837877551601,0.12858689110079036
8413,0.5049453128088904,0.2518539545609416,0.3777728389409597,0.12717247386793074
8414,0.4857547192518323,0.26773581103666144,0.3557007855280572,0.1300539337237751
8415,0.4995871484320406,0.2754493287284603,0.36197620375506934,0.13761094467697124
8416,0.4975404955938389,0.2565984660517195,0.3698723676258475,0.12766812796799135
8417,0.5093713306371602,0.2770180161251416,0.36826629515303055,0.14110503548412967
8418,0.5168614147491123,0.3249259852811115,0.34891971030796776,0.16794170444114453
8419,0.5741783588231375,0.37870344789917215,0.35673503462772727,0.21744332419541024
8420,0.554896549224841,0.3557239147880704,0.3575065764321893,0.19738997279265166
8421,0.6023531100304795,0.2846994624611092,0.4308635033930246,0.1714896066374549
8422,0.5839802250046715,0.23193507719476783,0.44853472643799513,0.13544549856667637
8423,0.5191889089277946,0.20200852554787313,0.41430832295448183,0.10488058597331276
8424,0.5945072149462303,0.2425327601017921,0.45031973920489166,0.1441874757413386
8425,0.5350098593465831,0.18370281729470436,0.43672704090417225,0.09828281844241082
8426,0.552388401586748,0.16780647971358448,0.45969404848186196,0.09269435310488598
8427,0.5639222939385115,0.2316469515861963,0.4332914136161603,0.13063088032235112
8428,0.5302798335216621,0.1904925620033672,0.4292654694554016,0.10101436406626045
8429,0.5478930621403895,0.139361702814667,0.4715377520401626,0.07635531010022684
8430,0.5445043226155094,0.15524811237476702,0.45997105434955043,0.084533268265959
8431,0.5472044877013673,0.15545466433846586,0.4621389977412491,0.08506548996011823
8432,0.5742952390522668,0.15902539397581622,0.48296771240354447,0.09132752664872228
8433,0.5819502792831961,0.19894275817210225,0.46617548560357186,0.11577479367962425
8434,0.5415078339956692,0.16056654803294754,0.45455979035818617,0.08694804363748299
8435,0.5373580118861113,0.1394939464406473,0.4623998221566174,0.07495818972949393
8436,0.5304806966498008,0.157059087204857,0.44716388265418644,0.08331681399561436
8437,0.5784171069544957,0.14408973764948257,0.4950731377614497,0.08334396919304599
8438,0.5640369165641744,0.1993345437202295,0.45160487515948955,0.11243204140468487
8439,0.5041072534304719,0.18118586846461582,0.4127701429183597,0.09133711051211224
8440,0.5298917900595608,0.18941642974267978,0.42952157903652116,0.10037021102303961
8441,0.5617966885593509,0.2298741990482366,0.4326541247488185,0.12914256381053243
8442,0.5662704099318476,0.2547102397852736,0.42203553803480154,0.14423487189704606
8443,0.5895600695710934,0.25319083555881644,0.44028886294427433,0.1492712066268191
8444,0.6048787008406257,0.2701567138762851,0.4414666587277657,0.16341204211285995
8445,0.5870576739531856,0.2153161757819425,0.46065466063414323,0.1264030133190424
8446,0.6155211430815019,0.2189606876697862,0.4807462103170833,0.13477493276441851
8447,0.5758600058173127,0.2188259622490309,0.44984688592360667,0.12601311989370598
8448,0.6133529637666113,0.21368442923175268,0.4822889857865391,0.13106397798007222
8449,0.6179379348766563,0.21332573035858465,0.48611587360281805,0.13182206127383822
8450,0.6235758563485698,0.2134854604528715,0.4904514775287018,0.13312437881986808
8451,0.6351520676888264,0.20701008134219695,0.5036691864918978,0.13148288119692852
8452,0.6428218574372018,0.1969946469087505,0.5161893926061331,0.12663246483106871
8453,0.5888343581933575,0.17462858839093798,0.4860070454259675,0.10282731276738996
8454,0.5911270503845548,0.14164257791727947,0.507398291091449,0.08372875929310589
8455,0.5985844589467033,0.16645389103139469,0.4989477466441024,0.0996367123026009
8456,0.5802441321974732,0.20597899181388038,0.46072603084151775,0.11951810135595545
8457,0.5378059071220241,0.1714800285538786,0.4455829348122949,0.09222297230972927
8458,0.5615997690406822,0.14853178584014384,0.47818435241765733,0.08341541662302485
8459,0.5686634095301879,0.11562075724023183,0.5029141155054955,0.06574929402469239
8460,0.5207525456395254,0.07986611069645104,0.47916206518402044,0.04159048045550501
8461,0.5465066430453842,0.11871260782581247,0.48162941425533623,0.06487722879004798
8462,0.5671748953935842,0.1322243712392156,0.49218055146749967,0.07499434392608456
8463,0.5334904459052356,0.12387466855549518,0.46740449374120124,0.0660859521640344
8464,0.5966003733144456,0.1527753047343132,0.5054545694767262,0.09114580383771943
8465,0.6286700477054166,0.18107657586560613,0.5148326281176525,0.11383741958776408
8466,0.6201760684842957,0.18127404551644902,0.5077542436176611,0.11242182486663463
8467,0.6135860443655713,0.17890824802997468,0.5038104401524847,0.10977560421308667
8468,0.6037351361981057,0.1825987818806517,0.49349383574978223,0.11024130044832345
8469,0.5790886857871591,0.1656909244821092,0.48313894608195507,0.09594973970520404
8470,0.5969096326985144,0.16124163693179638,0.5006629464218486,0.09624668627666579
8471,0.5780516591768934,0.16202309625208877,0.484393939563396,0.0936577196134974
8472,0.587612973190883,0.1638044327967216,0.49135936341335523,0.09625360977752777
8473,0.6261060981622868,0.13621859506777767,0.540818805107252,0.08528729305503481
8474,0.6126280950789817,0.10755476793835465,0.5467370224802456,0.06589107259873615
8475,0.6274245688748854,0.10902138004900211,0.5590218764994952,0.06840269237539018
8476,0.610981342439037,0.10830205253110808,0.5448108089946775,0.06617053344435952
8477,0.6078711778900977,0.10261983441738977,0.5454915382679122,0.062379639622185505
8478,0.5922949544155041,0.11853403130266899,0.5220878457484038,0.07020710866710025
8479,0.6105354459794495,0.16145827450120884,0.5119594463497816,0.09857599962966793
8480,0.5934802992405008,0.15197683693102412,0.5032850405810518,0.090195258659449
8481,0.5841469949161664,0.15503042155250243,0.49358644004568564,0.09056055487048077
8482,0.5931076995483363,0.1698697626480616,0.4923566354013226,0.10075106414701372
8483,0.6014454065013116,0.19158330299548007,0.48621850895233115,0.11522689754898047
8484,0.6249547041239115,0.1969806948087293,0.5018506922815996,0.12310401184231193
8485,0.6396101114958836,0.21387562823434178,0.5028130970746642,0.1367970144212195
8486,0.6075763483694527,0.2205848341152051,0.47355422035205497,0.1340221280173978
8487,0.5859340423797893,0.23069110093612175,0.4507642730672435,0.13516976931254582
8488,0.646647295921618,0.23571375534332512,0.49422363341732695,0.152423662504291
8489,0.6344174241464059,0.2150327157891896,0.497996922488222,0.13642050165818384
8490,0.6178424723431235,0.20269642355893375,0.4926080128763629,0.12523445946676057
8491,0.6170186993968408,0.21820575469914127,0.48238166843147057,0.13463703096537025
8492,0.6041188679604945,0.19169288444655275,0.48831357961256117,0.11580528834793333
8493,0.5975070270166993,0.16875788328010016,0.4966730058923755,0.1008340211243238
8494,0.5932811475254788,0.1671585092324952,0.4941091553493757,0.09917199217610309
8495,0.5822514164012406,0.19278909476629216,0.46999969290685395,0.1122517234943866
8496,0.5928571189555042,0.2207516438744749,0.4619829353633915,0.13087418359211267
8497,0.622595236908357,0.20679503110320552,0.49384563552718574,0.1287496013811713
8498,0.6080788721523528,0.20592614867342748,0.48285953192033726,0.1252193402320155
8499,0.6131540160594421,0.2125875618525146,0.4828050987452877,0.13034891731415438
8500,0.6012467398994416,0.2103293175623123,0.4747869234098269,0.12645981648961463
8501,0.6000472976311788,0.19906220414348963,0.4806005599743718,0.119446737656807
8502,0.6079027585560383,0.19305429470504437,0.4905445202537514,0.11735823830228684
8503,0.5833190110225157,0.19825285823923766,0.4676743498220166,0.11564466120049911
8504,0.5988154201168407,0.19002002526740044,0.48502849885572963,0.11378692126111109
8505,0.622269927738386,0.18680577440595178,0.5060263119976811,0.11624361574070484
8506,0.6297409178417332,0.1851514239950714,0.5131434901553731,0.11659742768636018
8507,0.5934597169758355,0.179069563463884,0.48718914452357254,0.10627057245226303
8508,0.5935603196311533,0.19392708939854197,0.47845289446261546,0.11510742516853782
8509,0.6120585099097813,0.15716634543923758,0.5158635107122755,0.0961949991975057
8510,0.612830451719825,0.13476494361865027,0.5302423904460107,0.08258806127381418
8511,0.611190844736533,0.16283732845232224,0.5116661604051178,0.0995246843314151
8512,0.6145644090809561,0.16373413679971485,0.5139392360522589,0.1006251730286972
8513,0.5964023353821736,0.15184625317822287,0.5058408753676487,0.09056146001452492
8514,0.589186378374337,0.14977490942859947,0.5009410419167561,0.08824533645758086
8515,0.576085421102807,0.13803107140108417,0.4965677332094418,0.07951768789336519
8516,0.5695236614585693,0.12389287861146925,0.49896373560312324,0.07055992585544603
8517,0.5573196184542706,0.12255044528891827,0.48901985104444967,0.0682997674098209
8518,0.5455253303539462,0.14082363302392722,0.46870247142692545,0.07682285892702079
8519,0.5921431207574778,0.17101974346058962,0.490874956153581,0.10126816460389679
8520,0.6085737060907815,0.20420515481027932,0.4842998182250481,0.12427388786573347
8521,0.6297003853612719,0.19448001809297005,0.5072362430230616,0.12246414233821039
8522,0.6326258448298108,0.19936879917165992,0.5064999898211345,0.12612585500867624
8523,0.6240881997928934,0.19665521441072767,0.5013580010514169,0.1227301987414765
8524,0.6068025935178406,0.19946768926286182,0.48576508235012533,0.12103751116771527
8525,0.6081437094775822,0.21457452130404603,0.4776515641323632,0.13049214534521905
8526,0.6032186958255269,0.21785325036357084,0.4718055422598617,0.1314131535656652
8527,0.6214901055931029,0.21115803266519909,0.49025747757517646,0.13123262801792646
8528,0.6375140248014515,0.22280000510194425,0.4954758968231271,0.1420381279783244
8529,0.6382867617414885,0.24986443746447176,0.4788015990779321,0.15948516266355633
8530,0.6194609200824853,0.21755508674537324,0.4846940458785715,0.1347668742039138
8531,0.5749728612733864,0.23330923548564544,0.44082638258469853,0.13414647868868787
8532,0.6096131834236037,0.24716025227035196,0.4589410352212935,0.15067214820231023
8533,0.6167439092046244,0.25541092369266094,0.45922077767284863,0.15752313153177575
8534,0.5756429020370291,0.2328522360382978,0.441603165138132,0.13403973689889703
8535,0.597969560003793,0.23354390125014274,0.45831741613167587,0.13965214387211713
8536,0.5818785163294153,0.22163600485727475,0.4529132866578852,0.12896522967153012
8537,0.5736310561926399,0.21623394998055645,0.4495925470805868,0.12403850911205305
8538,0.5514481172525277,0.19034168912906413,0.4464845511476394,0.10496356610488834
8539,0.5831182393850154,0.20958688751250892,0.46090430254053594,0.12221393684447947
8540,0.5769206047214492,0.20760907502866746,0.4571466516102497,0.11977395311119955
8541,0.567714798045983,0.20690669019860355,0.45025080820552,0.117463989840463
8542,0.6010253176609031,0.19507978242602622,0.4837774294590808,0.11724788820182226
8543,0.593398167305992,0.21010284474860844,0.4687235242863924,0.12467464301959962
8544,0.5711936772516507,0.21663443595736492,0.4474534571578262,0.1237402200938245
8545,0.6045407118942288,0.22109571204036427,0.47087935274058557,0.13366135915364322
8546,0.5912902755657374,0.22288855663154614,0.45949843949462105,0.13179183607111639
8547,0.5662562868311523,0.23278841526251487,0.4344383831872922,0.13181790364386
8548,0.5419324650771797,0.24077507206449605,0.4114486367441318,0.13048382833304795
8549,0.5981750746361353,0.23286626794594664,0.4588802774273304,0.13929479720880492
8550,0.6182212510952243,0.2655845978110072,0.45403120876488146,0.16419004233034284
8551,0.5795466528782524,0.28441717732871635,0.4147136297363144,0.16483302314193793
8552,0.5684569569623552,0.24919162613279958,0.4268022434704031,0.14165471349195216
8553,0.5933914848598077,0.2283244488527833,0.4579057011252574,0.1354857837345503
8554,0.6448815108322753,0.2203551329175555,0.5027785597967552,0.14210295103552004
8555,0.6180103858250181,0.22088393106927406,0.48150182236234934,0.13650856346266876
8556,0.6014284947509415,0.2305309681842408,0.4627806015624164,0.13864789318852513
8557,0.6116341317729767,0.20593480662869623,0.48567737511879816,0.12595675665417846
8558,0.5968551445790187,0.18666117309874758,0.4854454631218765,0.11140968145714221
8559,0.5668753828288712,0.18756477754487186,0.4605495277529099,0.10632585507596129
8560,0.5951281052117889,0.19708290490750216,0.477838529444552,0.11728957576723693
8561,0.5819641677122815,0.22356593837945457,0.451856802454467,0.1301073652578145
8562,0.5994017505760161,0.19181649200130893,0.4844266094810811,0.11497514109493497
8563,0.556121516254769,0.1786433240700485,0.4567741200041416,0.09934739625062744
8564,0.5471805734753161,0.1827692894035338,0.4471727688858145,0.10000780458950163
8565,0.5752051725249405,0.20582510731696232,0.4568135061607228,0.11839166636421772
8566,0.578583999145544,0.17982021658993494,0.4745428991037216,0.10404110004182246
8567,0.5459432728565212,0.19023015751549813,0.44208839806649863,0.1038548747900226
8568,0.5567194020691737,0.21062851962338372,0.4394584185657283,0.11726098350344541
8569,0.5824080936812952,0.1765836196003701,0.4795643644145007,0.10284372926679455
8570,0.617627230290945,0.17663726616635309,0.5085312448224559,0.1090959854684891
8571,0.5954884386501937,0.18844939805501676,0.48326900083784297,0.11221943781235079
8572,0.6019173468787445,0.1807057127700258,0.4931474436823782,0.1087699031963664
8573,0.6323790784328781,0.1783745614514431,0.5195787376463458,0.11280034078653237
8574,0.6204824690049442,0.17400199196272056,0.5125172834201369,0.10796518558480732
8575,0.6288751301665222,0.1894301116938162,0.5097472440176147,0.1191278861489075
8576,0.5980874220989381,0.21487080039143502,0.4695758990084892,0.12851152309044886
8577,0.6250225978121884,0.1962721316693213,0.5023480801980933,0.12267451761409509
8578,0.6331213802799055,0.16615710087651753,0.5279237672296573,0.10519761305024827
8579,0.6374678349203979,0.15433745521796283,0.5390826714954793,0.09838516342491864
8580,0.6224332778274441,0.1743569165753707,0.5139077307315498,0.1085255470958942
8581,0.552719695320825,0.1332852237133627,0.47905032707920714,0.07366936824161784
8582,0.5298327594486465,0.0768347945023578,0.48912316825579255,0.04070959119285393
8583,0.5682585409271853,0.12323847806025003,0.4982272231985807,0.07003131772860462
8584,0.587868560737184,0.16577400506764708,0.4904152349704276,0.09745332576675633
8585,0.6103672068359394,0.17959464322324395,0.5007485260890709,0.10961868074686848
8586,0.6196822242968488,0.18671448864680792,0.5039785746637462,0.11570364963310266
8587,0.5876666147403685,0.15775754414563276,0.49495777282255027,0.09270884191781824
8588,0.5351212027024589,0.14015244487050962,0.46012265784166173,0.07499854486079717
8589,0.5454115639354743,0.1593705864551409,0.4584890031316622,0.08692256080381212
8590,0.5639093689771876,0.15445544566673536,0.47681049607616854,0.08709887290101902
8591,0.5534940080024986,0.15971292321838115,0.46509386200056146,0.0884001460019371
8592,0.5716426593613025,0.19953940112329416,0.457577425455821,0.11406523390548155
8593,0.6001936672580195,0.17045007548583524,0.4978906113677698,0.1023030558902497
8594,0.6104376522494336,0.1481648930911677,0.5199922227650728,0.09044542948436074
8595,0.6015789288900656,0.1369963348958754,0.5191648204815401,0.08241410840852544
8596,0.5654013051890755,0.14095344599433707,0.48570604285297947,0.07969526233609604
8597,0.5586821236986992,0.1621387282186801,0.4680981146836808,0.09058400901501841
8598,0.561803844228659,0.17794072193523844,0.4618360626006192,0.09996778162803982
8599,0.572069725145121,0.1776705459354627,0.4704297847654373,0.10163994037968374
8600,0.5876187912945937,0.17769755643665347,0.48320036796528454,0.10441842332930916
8601,0.6051732386175253,0.15973561290463062,0.5085055204334745,0.09666771818405068
8602,0.6100081665319738,0.1727615165424532,0.5046222305786286,0.10538593595334513
8603,0.5831433781588166,0.17095946411663457,0.48344949872562126,0.09969387943319527
8604,0.5697543164917693,0.18135846029538225,0.46642455090617413,0.1033297655855952
8605,0.6026994676793808,0.15822058982108275,0.5073400024182966,0.09535946526108423
8606,0.6294967194405828,0.16503047391098916,0.5256105775058905,0.10388614193469237
8607,0.6187669769828198,0.2073802648915512,0.49044691738997825,0.12832005959284154
8608,0.6148742083974651,0.23944825276917844,0.4676436535238604,0.14723055487360473
8609,0.6335662110174886,0.24233744838797036,0.480029392054676,0.15353681896281257
8610,0.6358814064012812,0.25158283645620033,0.47590455852908903,0.15997684787219218
8611,0.5756869622262885,0.2553655915688433,0.4286763205589019,0.1470106416673865
8612,0.5871891560130945,0.23483973580790157,0.4492938097457147,0.13789534626737981
8613,0.6068024299360837,0.2195971582574225,0.473550340698421,0.13325208923766269
8614,0.6316214278109817,0.20877195902617537,0.49975658496397307,0.13186484284700867
8615,0.6437039949025011,0.2183413557045848,0.5031567919830319,0.14054720291946923
8616,0.6062158706877335,0.23763983594869606,0.46215483062800455,0.14406104005972895
8617,0.591618305424485,0.22160894351513974,0.46051039779514763,0.13110790762933738
8618,0.5879799634180427,0.18604280236097392,0.4785905232916471,0.10938944012639559
8619,0.5843583062501686,0.1584517651868785,0.4917657011232148,0.09259260512695375
8620,0.5777064438468099,0.13577334644924852,0.4992693067004337,0.07843713714637625
8621,0.5985008442630945,0.15216767220867755,0.5074283639766511,0.09107248028644332
8622,0.5649659559354813,0.12298248142219675,0.4954850407554723,0.06948091518000896
8623,0.5828950933426992,0.13928251922504736,0.5017079962980089,0.08118709704469028
8624,0.5702504846165243,0.14575094447067793,0.48713593789880405,0.08311454671772021
8625,0.5618903344217276,0.14081106912334593,0.4827699557017298,0.07912037871999784
8626,0.5590861524902339,0.13527838108926898,0.48345388289192687,0.075632269598307
8627,0.5463810489274572,0.13373665765393655,0.4733098736384471,0.0730711752890101
8628,0.5671009509325179,0.13462644229839973,0.4907541674844337,0.07634678344808424
8629,0.5596275974670321,0.15792326260155065,0.4712493814331711,0.08837821603386098
8630,0.5361356716763159,0.1586305306144811,0.45108818559695074,0.08504748607936521
8631,0.5393085393529957,0.16420827522915274,0.4507496142894867,0.08855892506350907
8632,0.5793423007151968,0.14944911604243302,0.49276010598732123,0.08658219472787557
8633,0.6175693583945718,0.13065816941539332,0.5368788765396981,0.08069048185487372
8634,0.6206689305554105,0.11149620519655731,0.5514667001150767,0.06920223044033383
8635,0.6334127645710008,0.1262306470905118,0.5534566614238133,0.07995610314718744
8636,0.5950874114024183,0.13201340815117282,0.516527894075326,0.07855951732709233
8637,0.6139153160438993,0.15471826178908343,0.5189314054598914,0.0949839105840079
8638,0.5637017162674522,0.1595122398463043,0.473784392900425,0.08991732336702722
8639,0.5312180322197717,0.13181888217114182,0.4611934650234078,0.07002456719636391
8640,0.5668996381109954,0.11680543330828494,0.5006826802391307,0.06621695787186474
8641,0.6098675875991998,0.11079864045704632,0.5422950880343899,0.06757249956480994
8642,0.6302268541591385,0.11528151871970353,0.5575733452737319,0.07265350888540659
8643,0.650036972380723,0.1350334866476468,0.5622602135502739,0.08777675883044912
8644,0.623937453759555,0.11267202148877317,0.5536371595619081,0.070300294197647
8645,0.6120220195382872,0.12154803981109316,0.5376319427421818,0.07439007679610536
8646,0.5961588487556608,0.14971899237055405,0.5069025466271737,0.08925630212848708
8647,0.6152449811555017,0.1510690665546584,0.5223004961499017,0.09294448500560004
8648,0.5910433648614095,0.17072375970164513,0.49013821946555847,0.10090514539585105
8649,0.5685095310376216,0.1645967456979449,0.4749347123305643,0.09357481870705732
8650,0.5880075271318129,0.1398870336109763,0.5057528984204179,0.08225462871139497
8651,0.5915303532585763,0.10967467096013928,0.526654456402007,0.0648758968565693
8652,0.5952034876153226,0.1286774527998105,0.5186142189314193,0.07658926868390326
8653,0.5797297158831746,0.14472341099756397,0.4958292539439129,0.08390046193926166
8654,0.5755593435494485,0.1512841428562686,0.48848634159765353,0.08707300195179495
8655,0.5547558919430389,0.14399531006789593,0.47487364527070886,0.07988224667233004
8656,0.5551685963249646,0.12461648820835042,0.4859854354873882,0.0691831608375764
8657,0.5801146417798727,0.14977647263638316,0.4932271170093644,0.08688752477050833
8658,0.5745639601985976,0.16938633558457836,0.4772406764215936,0.09732328377700397
8659,0.5929521156502465,0.15889274085218213,0.4987363288004788,0.09421578684976775
8660,0.5802409118771944,0.14622583860858912,0.4953946979429392,0.0848462139342552
8661,0.5983937647965019,0.14770053977628322,0.5100106827372963,0.08838308205920559
8662,0.5943248071444429,0.14955463646722986,0.5054407766684993,0.08888403047594365
8663,0.5956795031434852,0.1712486516711212,0.49367019140203994,0.10200931174144523
8664,0.606339724731318,0.18641903181785927,0.49330646029419845,0.1130332644371196
8665,0.648302207248621,0.1406706104602635,0.5571051399922212,0.09119706725639978
8666,0.670607834008285,0.11866646279246289,0.5910291744256068,0.07957865958267829
8667,0.6211253250338219,0.1410203994982956,0.5335339835590436,0.08759134147477826
8668,0.619247033743842,0.15436078814002593,0.5236595735617694,0.09558746018207269
8669,0.6128897770782812,0.16983304424722465,0.5088008404490738,0.10408893662920737
8670,0.5980026640952459,0.1802822116541776,0.4901934212370648,0.10780924285818119
8671,0.6375629438820385,0.1686399201684919,0.5300443799233828,0.10751856395865565
8672,0.6363562968824564,0.16249582700834095,0.5329510541485764,0.10340524273388009
8673,0.6497918101363365,0.15570524786393902,0.5486158152791006,0.10117599485723587
8674,0.655953501244549,0.14649228488228935,0.5598613740706974,0.09609212717385161
8675,0.639611621153995,0.13754912089958823,0.5516336049471025,0.08797801620689248
8676,0.6558033319401592,0.1741892416615278,0.5415694468703997,0.11423388506975952
8677,0.6541120217323002,0.17103203120457336,0.5422379140200949,0.11187410771220534
8678,0.6594117771589753,0.1839807175038125,0.5380927252668029,0.12131905189217239
8679,0.6270349772059498,0.15967686281634963,0.5269119991695824,0.10012297803636737
8680,0.6208998598102091,0.15191868850725704,0.5265735674135024,0.09432629239670673
8681,0.620936186975421,0.15705592013849048,0.5234144827827104,0.09752170419271051
8682,0.6028298001612966,0.16893575303661862,0.5009902939181337,0.10183950624316296
8683,0.5974997353004367,0.20394857781050674,0.4756405140437584,0.12185922125667828
8684,0.5982769908266775,0.19997167646749414,0.4786385379791392,0.11963845284753831
8685,0.6172856616951002,0.18639194994775327,0.5022285835369613,0.11505707815813888
8686,0.6507922533825714,0.1785523579226405,0.5345917620233248,0.11620049135924664
8687,0.6591348790524901,0.21235607131408543,0.5191635856708184,0.13997129338167166
8688,0.6372177629704578,0.2223889225121359,0.49550759125786414,0.14171017171259373
8689,0.6666383296838673,0.2036903620312507,0.5308505269666521,0.1357878027172152
8690,0.6586146984525033,0.1851309887491828,0.5366847081232465,0.1219299903292568
8691,0.6360403754529885,0.1694010846125296,0.5282944459938917,0.1077459294590968
8692,0.6161099883442278,0.1798767364680701,0.5052861343354874,0.1108238540087404
8693,0.5953160354936377,0.18106282290699277,0.48752643358536013,0.10778960190827754
8694,0.6094951885356169,0.18403638193165076,0.4973258992327726,0.11216928930284428
8695,0.6054870820455323,0.17495753126064462,0.49955255696063455,0.1059345250848977
8696,0.5794098030338073,0.17870000894878893,0.4758692660466499,0.1035405369871574
8697,0.5416738673512044,0.18854773103718533,0.43954248869999746,0.10213137865120689
8698,0.5192314998850387,0.17603974372863623,0.42782611970944107,0.09140538017559763
8699,0.5159618944380084,0.18069933681899786,0.42272792228918654,0.0932339721488219
8700,0.5003107453872818,0.1693135469297768,0.4156013585186807,0.08470938686860115
8701,0.4986767001837234,0.16928857420890758,0.414256432618418,0.08442026756530542
8702,0.516055601502741,0.16828656044977972,0.42921037932500256,0.08684522217773845
8703,0.4998796422505075,0.18524517106366542,0.4072793524105684,0.09260028983993913
8704,0.4896742392742914,0.18772455931806278,0.3977503584971174,0.09192388077717398
8705,0.49410469759005315,0.18719483847599416,0.4016108485344532,0.09249384905559994
8706,0.5048873770818393,0.17214967452451652,0.4179711794456638,0.08691619763617547
8707,0.5001607987393154,0.1636947879428592,0.4182870828523521,0.08187371588696331
8708,0.489086298780135,0.17812376242564446,0.40196840709058446,0.08711789168955053
8709,0.5072826790902787,0.1738356291648578,0.4190988754061854,0.08818380368409326
8710,0.503473640834702,0.1713462153065754,0.41720533797105375,0.08626830286364827
8711,0.5525705979963491,0.17424867979615172,0.4562859008013152,0.09628469719503391
8712,0.5538406185961059,0.14947294358746488,0.4710564310562435,0.08278418753986239
8713,0.583403205063395,0.15140614222307633,0.4950723764241681,0.08833082863922695
8714,0.5523400385840077,0.1106967127859858,0.4911978119726735,0.06114222661133422
8715,0.5630096666860726,0.12814805984253633,0.4908610702276593,0.07214859645841326
8716,0.5867741185573129,0.1004355565160427,0.5278411334107987,0.05893298514651414
8717,0.5913423895594903,0.10158065443989828,0.531273442629984,0.06006894692950629
8718,0.5657372258963506,0.11464866807144546,0.5008762064688995,0.06486101942745105
8719,0.548274692747052,0.1315600050920163,0.47614367137742614,0.07213102136962583
8720,0.5266617205834674,0.11919060069583491,0.46388859374362196,0.06277312683984544
8721,0.5432442136684472,0.12722037749254575,0.4741324797349062,0.06911173393354103
8722,0.5502340990612311,0.11054642159400825,0.48940768837100895,0.060826410690222155
8723,0.589568615122123,0.07084089800811375,0.5478030449894719,0.041765570132651184
8724,0.5641617419604865,0.10858751968838647,0.5029008176979178,0.06126092426256873
8725,0.5896167454557844,0.11832910889343524,0.5198479213773539,0.0697688240784304
8726,0.5632253083683578,0.10472720091096689,0.5042402983407235,0.05898501002763429
8727,0.5767330574236679,0.11581936971573183,0.5099361982186317,0.06679685920503618
8728,0.5688384329986506,0.10798083317099273,0.5074147850637744,0.061423647934876216
8729,0.5914507726738103,0.115319977855868,0.5232446826662305,0.06820609000757982
8730,0.5924585056337768,0.1333811047058152,0.5134357356599872,0.0790227699737896
8731,0.5756803580039741,0.13468930670768298,0.4981423696991881,0.077537988304786
8732,0.5303862258697809,0.1331694795117035,0.45975496823052536,0.07063125763925553
8733,0.5448317399500655,0.15300347896072541,0.46147058828948023,0.08336115166058528
8734,0.5462696908029147,0.1640031592505192,0.45667973570843234,0.0895899550944823
8735,0.5909917292222663,0.14282720473177402,0.5065820325178525,0.08440969670441378
8736,0.5792959891803807,0.14889582004952834,0.49304123781996523,0.08625475136041548
8737,0.5460561129792145,0.1662195042168136,0.4552909366052491,0.0907651763739654
8738,0.5774878211467089,0.13738184907453377,0.49815147645955044,0.07933634468715851
8739,0.5766485467325629,0.11702449970825457,0.5091665390436927,0.06748200768887024
8740,0.5734067917367205,0.16427724297129384,0.47920910488919716,0.09419768684752332
8741,0.5800764344883014,0.16205395625085858,0.4860727533515802,0.09400368113672122
8742,0.5510348686827834,0.17316850521301091,0.45561298415273804,0.09542188453004537
8743,0.5528474590560094,0.1752722567445024,0.45594863727179874,0.09689882178421065
8744,0.576618587490999,0.2011422564257233,0.4606362237060461,0.1159823637849529
8745,0.5883530561083253,0.2085355871905698,0.46566050607740944,0.12269255003091588
8746,0.550670389754745,0.12642758045432137,0.4810504647502145,0.06961992500453053
8747,0.5657254550187145,0.0819034053760364,0.5193906137447741,0.04633484127394042
8748,0.5881150760667836,0.0962495482178557,0.5315092656952458,0.05660581037153776
8749,0.6280634774143893,0.11263793074629137,0.5573197069411123,0.07074377047327692
8750,0.6004520638547803,0.11392781800804214,0.5320438704013797,0.06840819345340071
8751,0.5876970394452483,0.12295703447935637,0.5154355543027632,0.07226148514248505
8752,0.5607486551622111,0.14436344346049926,0.4797970483871502,0.08095160677506084
8753,0.596291130451258,0.15711680908413259,0.5026037707495862,0.0936873597016719
8754,0.6003407084837181,0.1737573677198107,0.496027087242541,0.10431362124117709
8755,0.5760545921369672,0.19252261697504022,0.4651510545382688,0.11090353759869835
8756,0.6161531933275617,0.18464849603297032,0.5023814328537154,0.11377176047384627
8757,0.6263013179075508,0.1691283423025902,0.5203760142279192,0.10592530367963161
8758,0.6182884469014228,0.1617821941673351,0.5182603853333968,0.10002806156802604
8759,0.6163457807457327,0.19353373413038422,0.497062080282504,0.1192837004632287
8760,0.6556651671837496,0.1981839869284139,0.525722830261189,0.12994233692256055
8761,0.6335509288267775,0.18845578294526902,0.5141545924990247,0.11939633632775276
8762,0.5670693700162609,0.203805911738454,0.4514972800411461,0.11557208997511478
8763,0.5201043444797443,0.23505018177232223,0.3978537237692059,0.1222506207105384
8764,0.48093564424945007,0.25750769654317346,0.35709101431326706,0.12384462993618302
8765,0.5502770422136273,0.25645919237908665,0.40915343638276785,0.14112360583085942
8766,0.6087137478445958,0.27656949787857243,0.44036209225143197,0.1683516555931638
8767,0.6294747337771113,0.28227784301084424,0.4517879636966829,0.17768677008042838
8768,0.6129342330177435,0.2681395001747734,0.4485823541363577,0.16435187888138583
8769,0.5837773519611283,0.2842434952816719,0.41784243697341844,0.1659349149877099
8770,0.597368936729414,0.28126017546559406,0.4293528447672037,0.16801609196221035
8771,0.5845083549020615,0.2731206162832326,0.4248670727885121,0.15964128211354947
8772,0.5630384439336718,0.2837857066431229,0.40325618125471036,0.1597822626789614
8773,0.5948738556065599,0.23855621494608562,0.4529630002426747,0.1419108553638852
8774,0.6160749797205681,0.24814320357841627,0.4632001606081985,0.1528748191123696
8775,0.6224948534050333,0.271683879959544,0.4533730363771063,0.169121817027927
8776,0.6219382714210268,0.2655015006437281,0.45681272705097786,0.1651255443700489
8777,0.6254323305631627,0.2477117756111637,0.4705053774347334,0.15492695312842933
8778,0.60562016738188,0.2026312518429297,0.482902594723965,0.12271757265791496
8779,0.5994932045429773,0.1823377923282878,0.49018293711080013,0.10931026743217716
8780,0.6214530210956716,0.17978407105181898,0.5097256669956398,0.11172735410003178
8781,0.6276880301230416,0.21383386831744175,0.4934670705452767,0.1342209595777649
8782,0.6286563878151896,0.23878892294087745,0.4785402060688979,0.15011618174629168
8783,0.6373745924428739,0.2621189527961327,0.4703066317328859,0.16706796070998794
8784,0.6159837953443523,0.2508779195300447,0.4614470623041404,0.15453673304021193
8785,0.6639141073161448,0.2608227692017595,0.49075019133383374,0.173163915982311
8786,0.633645101980617,0.2064621865101386,0.502821348754259,0.13082375322635792
8787,0.6416824247672306,0.18755981604400848,0.5213285872192155,0.12035383754801508
8788,0.6498620726937122,0.18524846898230163,0.5294761186775369,0.12038595401617538
8789,0.6634278896431239,0.16850225040042402,0.5516387972598534,0.11178909238327055
8790,0.6619427003338892,0.18931332525133568,0.5366281266078322,0.125314573726057
8791,0.6122619952271995,0.12455193422332228,0.5360035794702213,0.07625841575697821
8792,0.6005878867762604,0.1406041032262845,0.516142765547515,0.08444512122874538
8793,0.6331338684391395,0.17312183999216385,0.5235245681735992,0.10960930026554043
8794,0.617238883820861,0.18778422116145269,0.5013311607519962,0.11590772306886477
8795,0.6234231144175445,0.17904548887516825,0.5118020181205754,0.1116210962969692
8796,0.6506169722133915,0.17975665293043955,0.5336642429485755,0.11695272926481605
8797,0.6351588348671066,0.19642626624354032,0.5103969564625634,0.12476187840454313
8798,0.6513417847049929,0.217875221276628,0.5094305492356788,0.14191123546931414
8799,0.6353595240253586,0.2497306893546721,0.4766907521024494,0.15866877192290915
8800,0.6157238630565762,0.22597661063131963,0.47658467139822835,0.1391391916583479
8801,0.6295144156825001,0.22180050528229056,0.4898878002016357,0.1396266154808644
8802,0.637919731213391,0.2312126907543827,0.4904245936742303,0.1474951375391607
8803,0.6206896214573864,0.23631687919649258,0.4740101871649245,0.14667943429246189
8804,0.6310608461466352,0.2324309862434551,0.4843827512971435,0.14667809484949168
8805,0.6232614345645577,0.21127960934868262,0.4915790021476585,0.13168243241689928
8806,0.6069642697412396,0.21440048586045232,0.47683083540878324,0.13013343433245642
8807,0.6055314797864354,0.24601818421041383,0.4565597246471317,0.14897175513930375
8808,0.5967496730197178,0.26990041211426197,0.4356866903426449,0.16106298267707292
8809,0.6125522015293923,0.2164046342614756,0.4799930663913624,0.13255913513802983
8810,0.6624865803884699,0.2150605389930851,0.5200118593344397,0.14247472105403014
8811,0.6544219339414983,0.20543534392161192,0.5199805388723802,0.1344413950691181
8812,0.6165456517448838,0.22296333380917666,0.4790785777862929,0.13746707395859092
8813,0.611718640211234,0.2429069774078543,0.46312791429348044,0.14859072591775357
8814,0.6059649968492576,0.23520026958103724,0.46344186623363987,0.14252313061561778
8815,0.6289699791745981,0.19964695303933688,0.5033980392791744,0.12557193989542367
8816,0.6630991994497557,0.2168832068072392,0.5192841186417796,0.14381508080797611
8817,0.6489420150497339,0.20936595911812642,0.5130756476567968,0.13586636739293717
8818,0.5943268556085705,0.16822095306772808,0.4943486255243507,0.09997823008421973
8819,0.5948865541567147,0.15480590280202777,0.5027946040756971,0.0920919500810176
8820,0.5646970435474332,0.16374767137637294,0.47222921763341874,0.09246782591401445
8821,0.576848537633262,0.15791942238720297,0.4857529497653146,0.09109558786794746
8822,0.592752412613389,0.15836913052793464,0.498878728409471,0.09387368420391796
8823,0.5953960188374654,0.15721812327769186,0.5017889741488298,0.09360704468863558
8824,0.5797983675294617,0.16835797111874246,0.4821846907142425,0.09761367681521912
8825,0.5922691543058167,0.1870479897212838,0.48148639961898887,0.11078275468682786
8826,0.6093454594125881,0.19920449751848965,0.48796110335513027,0.12138435605745784
8827,0.609970225577035,0.2204620480070189,0.47549494042301854,0.13447528515401644
8828,0.6675717228080391,0.23912338845892614,0.5079397104108179,0.1596320123972213
8829,0.6861594152116249,0.24476538982348692,0.5182113384662957,0.1679480767453292
8830,0.6989385974050497,0.2630987085983372,0.515048755038248,0.18388984236680173
8831,0.6585716860876268,0.26646381981996037,0.48308615898744595,0.1754855271001809
8832,0.6164085898824617,0.21812224609381126,0.4819561637457802,0.13445242613668149
8833,0.5815356638608377,0.16384139035211806,0.48625605215453604,0.09527961170630161
8834,0.557937644724923,0.14961556557132094,0.47446148845587294,0.08347615626905008
8835,0.561415628173411,0.13456141734525892,0.4858707455266179,0.07554488264679306
8836,0.5372726320965215,0.18458638532782914,0.438099419002256,0.09917321309426551
8837,0.5764083163467301,0.17390772860845594,0.4761664552998459,0.10024186104688415
8838,0.5744187206250719,0.1682967243619044,0.4777459315317164,0.0966727890933555
8839,0.5676067502304593,0.17229372613173494,0.46981166825572845,0.09779508197473082
8840,0.5805597561259188,0.17079563541433207,0.48140268368240285,0.09915707244351597
8841,0.5523795985853175,0.17921667572617883,0.4533839631878958,0.09899563539742168
8842,0.5381213005090802,0.19975300542190969,0.43062995345084487,0.1074913470582354
8843,0.5999405547149642,0.2064266260102232,0.47609685019845244,0.12384370451651178
8844,0.6109335858277367,0.20934783911999236,0.48303595978887165,0.12789762603886506
8845,0.639175970894949,0.20553947849477294,0.507800075170811,0.131375895724138
8846,0.6429582090268846,0.18785525094294392,0.5221751333243134,0.1207830757025712
8847,0.6446662601441816,0.16654807564570914,0.537298335083452,0.10736792506072956
8848,0.6067433702884689,0.13355759453804747,0.5257081852508332,0.08103518503763572
8849,0.5936295098331404,0.13950831443835685,0.510813257515451,0.08281625231768941
8850,0.5571791104861915,0.16352601841450534,0.4660658290046489,0.09111328148154266
8851,0.5722475017183318,0.17068391681932535,0.4745740567349733,0.09767344498335849
8852,0.5785970714180598,0.17274124759131398,0.47864949144862357,0.09994757996943625
8853,0.5810875357055295,0.18156977010916714,0.47557960543417405,0.10550793027135545
8854,0.5665470206751241,0.1783867116429157,0.46548256066579774,0.10106446000932635
8855,0.5437185997621089,0.19891508943509262,0.4355647658629057,0.10815383389920322
8856,0.559931464410401,0.23886465948817814,0.42618362582729363,0.13374783858310738
8857,0.6555374616471245,0.27369096320794384,0.4761227823500324,0.17941467929709204
8858,0.6404431333822346,0.2662147207133137,0.46994774349612345,0.1704953898861111
8859,0.6314947400607734,0.2693602268947963,0.46139517359513316,0.1700995664656403
8860,0.6154262118444939,0.304835049769372,0.42782273192750153,0.18760347991699236
8861,0.6289871860479848,0.3042634192728852,0.4376093941421945,0.19137779190579024
8862,0.6248031101438227,0.32990779397510983,0.41867569440748664,0.2061274157363361
8863,0.6238049219978903,0.34095785204138407,0.41111373570064647,0.2126911862972438
8864,0.6131338645892735,0.34352938688934764,0.4025043640058241,0.21062950058344945
8865,0.650997309810773,0.32211127214965424,0.4413037381816223,0.20969357162915067
8866,0.6363389258015218,0.29694052179362806,0.4473841131364212,0.18895481266510067
8867,0.6227003442573192,0.31588038880565594,0.42600151740390146,0.1966988268534178
8868,0.604129279620166,0.2888700347069427,0.42961443364880836,0.17451484597135766
8869,0.5499640735162238,0.20409878854993077,0.43771707236557744,0.11224700115064634
8870,0.5301808313893028,0.18316908337625257,0.4330680944800647,0.09711273690923812
8871,0.6062019662383995,0.2438273547766533,0.4583933443500845,0.14780862188831503
8872,0.6196857188387261,0.2492214895215662,0.4652467209544964,0.1544389978842298
8873,0.624993220556217,0.23889767304332685,0.475683794497482,0.14930942605873498
8874,0.6103562158189973,0.2510483773231163,0.4571272782485603,0.15322893757043704
8875,0.6051494518025134,0.2391345389080019,0.4604373166752893,0.14471213512722417
8876,0.6073475846016911,0.24628326268809292,0.4577680398802541,0.14957954472143703
8877,0.6375047220433606,0.2525971253971673,0.47647286182808757,0.16103186021527305
8878,0.64736093654269,0.2800477468840704,0.46606896484314797,0.18129197169954203
8879,0.6333074776200331,0.28566147785862317,0.4523959276241776,0.18091154999585557
8880,0.6416396022673314,0.2674585399534109,0.4700276110686237,0.17161199119870774
8881,0.6121155175888392,0.22551572538341516,0.4740738426213475,0.1380416749674917
8882,0.629474388590818,0.22558921826934766,0.4874717533480397,0.1420026352427782
8883,0.6454475982054855,0.2272557523075164,0.4987659187002183,0.14668167950526717
8884,0.6306410700765482,0.2114085221130064,0.4973181734679003,0.13332289660864796
8885,0.6654188558469838,0.1992740822918449,0.5328181240083867,0.13260073183859714
8886,0.648396886792505,0.19694643808052079,0.5206974294762224,0.12769945731628252
8887,0.637393818994004,0.1996010267274922,0.5101693582930436,0.12722446070096052
8888,0.6646773938114244,0.19070170435947112,0.5379222819623743,0.12675511184905003
8889,0.6345350854878111,0.19896052075820825,0.5082876544398021,0.1262474310480091
8890,0.6519565599916095,0.2088242487472302,0.5158122211355332,0.13614433885607638
8891,0.6574356820011659,0.22040510718583098,0.512533500041909,0.14490218195925686
8892,0.6503943502084251,0.20715787583987327,0.515660038160993,0.13473431204743197
8893,0.662708492120697,0.21071711433573576,0.5230644710152371,0.13964402110545995
8894,0.6681021651281834,0.21828615265263396,0.5222647139234575,0.1458374512047259
8895,0.6422610033034714,0.2224394834857596,0.49939679746560145,0.1428642058378699
8896,0.6657677161590912,0.23356245343117085,0.5102693749577065,0.15549834120138473
8897,0.6663887672529266,0.23149625086035217,0.5121222660184223,0.15426650123450433
8898,0.6530748057576902,0.23713589713275315,0.4982073257995418,0.15486747995814837
8899,0.6507416618130654,0.23534950921881262,0.4975899310771259,0.15315173073593946
8900,0.6416788321013308,0.21162195483708943,0.5058855032744667,0.13579332882686412
8901,0.6341287038474261,0.1943153801584498,0.5109077436899285,0.12322096015749763
8902,0.6411348382779537,0.19320208315811985,0.5172662519374087,0.12386858634054493
8903,0.6208577177953994,0.193467718368198,0.500741791702237,0.12011592609316249
8904,0.6095895697023713,0.19744484399070358,0.4892292522141265,0.12036031748824483
8905,0.6043289631323456,0.1814426137407905,0.49467793650235103,0.10965102662999461
8906,0.5987528487806765,0.17571793054119325,0.493541237287292,0.1052116114933845
8907,0.6066313504525657,0.1594344113257327,0.5099134382014266,0.09671791225113906
8908,0.6330586667640351,0.17305827121208178,0.5235026283180259,0.1095560384460093
8909,0.6227792698892668,0.16858122965109107,0.5177903747701255,0.1049888951191413
8910,0.6010746493880489,0.15966452384389684,0.5051043516988688,0.09597029768918007
8911,0.5367029708311404,0.16493214801658662,0.448183397005077,0.08851957382606342
8912,0.5214703690473722,0.17152060990455092,0.43202745330121567,0.08944291574615654
8913,0.5236678828141326,0.15934915178808914,0.44022184986903606,0.08344603294509649
8914,0.5186279663072225,0.1630201592066806,0.4340811526707821,0.08454681363644038
8915,0.49319610055655305,0.1752738706843024,0.4067517110056016,0.08644438955095148
8916,0.5028758000772464,0.16976210579488815,0.41750654530284387,0.08536925477440253
8917,0.5333504100338565,0.16531383839889963,0.4451802065395327,0.0881702034943238
8918,0.5430957567784395,0.16217221155650188,0.4550207168147279,0.08807503996371158
8919,0.5476562657198689,0.1674785080132959,0.4559356114329721,0.09172065428689677
8920,0.5499554523696463,0.15458087102374646,0.46494285951808784,0.08501259285155843
8921,0.5488141447048016,0.16142894501366958,0.46021965631652606,0.08859448838827552
8922,0.5477961090979488,0.1561051023532834,0.4622823414184831,0.08551376767946571
8923,0.5248659369528885,0.1553120638732502,0.44334792502796816,0.08151801192492034
8924,0.525740306600163,0.14483616550836517,0.4495940965390032,0.07614621006115986
8925,0.5143599662032431,0.14489387131018802,0.43983235945307775,0.07452760675016537
8926,0.5207772547452537,0.15546000173294466,0.43981722182007843,0.08096003292517531
8927,0.5051623404929934,0.13950758761222196,0.434688361018272,0.07047397947472137
8928,0.5832360656849175,0.11282847951663093,0.5174304271944263,0.06580563849049112
