timestep,cpu_demand_norm,batch_share,service_demand_norm,batch_demand_norm
0,0.4674978037521322,0.22768198221344305,0.36105697711341556,0.10644082663871665
1,0.48431526660081226,0.20266961364722236,0.38615927863537414,0.09815598796543812
2,0.5047804185363853,0.19064054346023382,0.40854880521852455,0.09623161331786079
3,0.5057032945341127,0.20666950768922057,0.4011898436159307,0.10451345091818197
4,0.513945360306142,0.20458558145897857,0.4087995499297657,0.10514581037637631
5,0.5029287995666596,0.20423341521598476,0.4002139332206852,0.10271486634597436
6,0.5188275906494323,0.22519073545350898,0.40199242393751455,0.11683516671191777
7,0.516762546809389,0.20292499115915452,0.4118985115667116,0.10486403524267744
8,0.5173927126811533,0.19488934664088461,0.4165583849499684,0.10083432773118489
9,0.5243375197851391,0.20312289270494685,0.41783256601264435,0.10650495377249475
10,0.5277320402576283,0.18024001155098796,0.43261361122576697,0.09511842903186137
11,0.5297725147485439,0.19604844884557662,0.42591143499107154,0.1038610797574724
12,0.5142965330866084,0.19338193907003257,0.4148408722613249,0.0994556608252835
13,0.5458831850204513,0.19281298756546048,0.4406298172549091,0.10525336776554224
14,0.544457879435528,0.20277532898774606,0.43405525381301824,0.11040262562250977
15,0.5531506368639023,0.20335059675941053,0.44066712475977976,0.11248351210412252
16,0.5873844271423434,0.22015082705575223,0.45807125970728724,0.12931316743505614
17,0.5559135444718676,0.20743976305038275,0.440594970530125,0.11531857394174262
18,0.5327510841206766,0.18749709857259017,0.43286180158664783,0.09988928253402878
19,0.5231582134681242,0.1935642302121648,0.42189349659899533,0.10126471686912884
20,0.5498353613580347,0.1930107285481463,0.44371123768078713,0.10612412367724756
21,0.5788529941834555,0.2102954140619363,0.4571228640906541,0.12173013009280138
22,0.5709725969419321,0.21879006654358807,0.44604946446244154,0.12492313247949062
23,0.5852348755655309,0.20400149247550178,0.465846087501448,0.11938878806408287
24,0.5945924659302786,0.20296740308299194,0.47390957722769755,0.12068288870258101
25,0.5749420223623516,0.19847939312085633,0.4608278786841942,0.11411414367815735
26,0.5876527382616966,0.1927067839543419,0.4744080689893224,0.1132446692723742
27,0.601068017324337,0.19905831158203052,0.48142043264979584,0.1196475846745412
28,0.6015444267638418,0.20680297495155273,0.4771432497435529,0.12440117702028892
29,0.5903583791561181,0.2137801635686151,0.4641514682960207,0.12620691086009742
30,0.6100878431482568,0.2303197387470095,0.4695725705016238,0.14051527264663302
31,0.6126587362868446,0.22669864421863373,0.47376983140191553,0.13888890488492914
32,0.6011727682614654,0.20976254940886088,0.4750692357557581,0.1261035325057073
33,0.5980226757849535,0.23384634611190924,0.4581772581605752,0.13984541762437833
34,0.607450262357504,0.25121670338179203,0.45484860997964716,0.15260165237785683
35,0.5877997428047405,0.26955770818144226,0.42935379126465345,0.15844595154008703
36,0.5943788565441058,0.27404686339237444,0.4314911952414475,0.1628876613026583
37,0.6089352938612425,0.2660430104935559,0.4469323150866194,0.16200297877462305
38,0.588220945914007,0.2427230323044606,0.4454461742567611,0.1427747716572459
39,0.5730243354302678,0.2597924274638791,0.4241569523329624,0.14886738309730535
40,0.5802647049131313,0.25559566275466217,0.43195156308772104,0.14831314182541028
41,0.5738740295001451,0.26439497024379865,0.42214462254676544,0.1517294069533797
42,0.5715995125262234,0.24325923688027565,0.4325526513079567,0.13904686121826668
43,0.5834303666695296,0.23803552002105752,0.4445532159432719,0.13887715072625775
44,0.5856306593191302,0.24573471989968376,0.4417208732866766,0.14390978603245358
45,0.5988049245852886,0.24454883080844117,0.4523678803956195,0.1464370441896691
46,0.5880497804239275,0.204149315151727,0.4679998204752593,0.12004995994866824
47,0.5929046312914835,0.21726286215761345,0.4640884741105913,0.1288161571808922
48,0.5891420978827226,0.242307559096514,0.4463885141837606,0.14275358369896204
49,0.5691639758095692,0.2422440301421814,0.43128740049771214,0.1378765753118571
50,0.5630755616458958,0.21853839431516517,0.4400219325256919,0.12305362912020387
51,0.5226618122737642,0.21491636143350276,0.4103332373196463,0.11232857495411787
52,0.5422057951801229,0.20674163609367702,0.43010928198511117,0.11209651319501175
53,0.5741230382400254,0.22124680177402153,0.4471001522046355,0.1270228860353899
54,0.5957778297742117,0.23866515988872136,0.453586418772994,0.14219141100121765
55,0.5710527550389385,0.2544899130307858,0.42572558907308844,0.14532716596585007
56,0.5679613880798444,0.23109723178770145,0.43670708353229193,0.13125430454755246
57,0.5935672474129019,0.23347865835602377,0.4549819628428595,0.13858528457004235
58,0.5858973465414755,0.24698534082188933,0.4411892907192886,0.14470805582218693
59,0.5871335027709274,0.26538219169938837,0.4313187269854397,0.1558147757854876
60,0.6090102013929195,0.24450780545705947,0.46010245354937496,0.14890774784354457
61,0.5801151888022085,0.21425201899357735,0.455824338352495,0.12429085044971348
62,0.5830547387140423,0.2259447097878586,0.4513166049848623,0.13173813372918003
63,0.5893925789436415,0.2256127931049291,0.4564180729728491,0.13297450597079238
64,0.6066363826051566,0.2189284660336813,0.4738264099211883,0.13280997268396832
65,0.6060865815249022,0.23575377194383315,0.463199383805863,0.14288719771903924
66,0.6098660137513373,0.23226328107923244,0.4682165323787394,0.1416494813725979
67,0.603660629133953,0.2232900937180003,0.4688691906807656,0.1347914384531874
68,0.6003742640867268,0.24064867931486625,0.4558949903396212,0.14447927374710554
69,0.6099212132573761,0.24263453863839932,0.4619332610728999,0.14798795218447622
70,0.6105449100504996,0.23257584756774738,0.4685469101173306,0.14199799993316903
71,0.5965010950498946,0.25859832271371763,0.442246912373096,0.15425418267679858
72,0.5848095788552167,0.2562432207780064,0.43495608882752645,0.14985349002769022
73,0.5768718251356794,0.240483590185729,0.43814361755005715,0.13872820758562224
74,0.60771470756785,0.2342138454407685,0.4653795089774717,0.14233519859037824
75,0.6152483236637436,0.239411435791171,0.4679508391272956,0.14729748453644795
76,0.5903741406947013,0.22143422271860852,0.4596451017368037,0.13072903895789761
77,0.5891499300952102,0.23299139808860322,0.4518830641985243,0.13726686589668588
78,0.5861598115528599,0.24041193895869153,0.44523999471777564,0.14091981683508428
79,0.607056288591583,0.231770315166056,0.46635866126117553,0.14069762733040744
80,0.602694865010993,0.23231540883993543,0.46267956104023444,0.14001530397075854
81,0.6098681879150457,0.24166760062241965,0.46248280624567367,0.14738538166937204
82,0.595129822557837,0.21424649858308714,0.4676253418724464,0.12750448068539053
83,0.5911023686069892,0.22928306272170473,0.4555726071507247,0.13552976145626452
84,0.5970015996878977,0.24101215114200825,0.4531169599118974,0.1438846397760003
85,0.5862405703106554,0.2374706050406256,0.4470256673796226,0.13921490293103272
86,0.5990687183470531,0.23808558990621564,0.4564390891450344,0.1426296292020187
87,0.6022859028095494,0.22806906749628061,0.46492311858962,0.13736278421992942
88,0.6047384954317003,0.22735074703694674,0.467250746733304,0.13748774869839628
89,0.6297090392470757,0.2382784033948992,0.4796629747719465,0.1500460644751291
90,0.6262949586503486,0.2572806944245424,0.4651613567741968,0.16113360187615175
91,0.6354705176933897,0.246179225351054,0.47903087791419774,0.15643963977919192
92,0.6254952502668703,0.22834195896863912,0.4826684394953539,0.14282681077151635
93,0.6208843120369959,0.24291541244893697,0.4700619432954546,0.15082236874154134
94,0.6196934884397725,0.24606959466532421,0.46720576292265686,0.1524877255171156
95,0.6246714993099706,0.25095105858158134,0.4679095252923899,0.15676197401758069
96,0.6255201239490481,0.2423538904524014,0.473922888353728,0.15159723559532015
97,0.6129764288884734,0.24357526662427698,0.46367053178756634,0.14930589710090705
98,0.6358170725905595,0.24806437090708397,0.47809351046639864,0.1577235621241609
99,0.6440020535402082,0.2497777405378809,0.4831446757051796,0.16085737783502863
100,0.6287340871269191,0.24852965780473982,0.47247501960309046,0.15625906752382868
101,0.6265519006533627,0.24001771835018662,0.4761683430305698,0.15038355762279293
102,0.6254200750165981,0.23285993945691486,0.47978479421309395,0.14563528080350419
103,0.6177650271465815,0.25073031417948943,0.46287260780101835,0.15489241934556322
104,0.6200775087170435,0.24920879927289621,0.46554873731354024,0.15452877140350324
105,0.6407631274406277,0.25049046292991467,0.48025807501960494,0.16050505242102273
106,0.6411549824238438,0.23406672645275695,0.4910819345390198,0.15007304788482403
107,0.6550969698693913,0.24058184007083397,0.49749253543338545,0.15760443443600583
108,0.641838248966602,0.23234804202593193,0.4927083885218594,0.1491298604447426
109,0.6510455982804664,0.22198631086637144,0.506522387712396,0.14452321056807038
110,0.6573521311825904,0.23078609689257817,0.5056443985429423,0.15170773263964807
111,0.6532078355191797,0.22058532265272002,0.5091197743618966,0.14408806115728312
112,0.6632937591776035,0.22999620858411157,0.5107387093892519,0.15255504978835155
113,0.6458545391832684,0.2225733679222719,0.5021045192093614,0.14375001997390696
114,0.6262203474464106,0.20514180109409372,0.4977563774894848,0.12846396995692583
115,0.6485369730750012,0.2153983392310044,0.5088431861447433,0.13969378693025788
116,0.6502408510130774,0.2392251031733203,0.4946869163419664,0.15555393467111103
117,0.6518075838015476,0.23655710290695028,0.4976178701246743,0.1541897136768733
118,0.654561953154848,0.23082360570449478,0.5034736029706693,0.15108835018417863
119,0.6411399453002826,0.22733962756543857,0.4953834289183907,0.1457565163818919
120,0.6367483654509417,0.22261127969603442,0.4950009969735494,0.14174736847739233
121,0.6345125599296999,0.2258597054275268,0.49120174005391193,0.14331081987578798
122,0.6531777129777225,0.2322904915644069,0.5014507409512123,0.15172697202651025
123,0.6543717070717789,0.2358120482654274,0.5000629745002385,0.15430873257154046
124,0.6489421187116493,0.2210637583816768,0.5054845349770838,0.14345758373456546
125,0.6459495903082392,0.21738372312500945,0.5055306634159596,0.14041892689227956
126,0.6153241679480344,0.1848833851344831,0.5015609528227426,0.11376321512529179
127,0.6311900060213796,0.20297695038712557,0.5030729834843286,0.12811702253705107
128,0.6388501737470585,0.21785352013798898,0.499674414555496,0.13917575919156258
129,0.6267509519222841,0.21966117476595876,0.48907810153735226,0.13767285038493188
130,0.6422901868267602,0.20226068025878977,0.5123801367156345,0.1299100501111257
131,0.6415130925280231,0.19360018562818485,0.517316038731687,0.1241970537963362
132,0.6343681429393716,0.20284660560886558,0.5056887184377205,0.12867942450165118
133,0.6133066761798667,0.19474754335676156,0.4938667076695368,0.11943996851032991
134,0.6233126885935769,0.1702469057736477,0.5171956320310672,0.1061170565625097
135,0.6269019057083097,0.18850412927310817,0.5087283078331126,0.11817359787519709
136,0.626486019831552,0.2004310947074849,0.500918741057779,0.12556727877377308
137,0.6297884629552299,0.20970509408811414,0.4977186140755947,0.13206984887963527
138,0.6365349048848116,0.2006420185431487,0.5088192566955518,0.12771564818925976
139,0.6196075274109826,0.17564035034990622,0.5107794442170784,0.1088280831939041
140,0.6150678853989126,0.17268490579251655,0.508854945552799,0.10621293984611359
141,0.6257574978225134,0.17338349203653178,0.5172614776820036,0.10849602014050981
142,0.628470984052883,0.18286784074175277,0.5135438522302878,0.11492713182259527
143,0.6235930348448917,0.20378376898568418,0.4965148958909786,0.12707813895391312
144,0.6126104742357535,0.208671911576723,0.4847758755250561,0.1278345987106975
145,0.6445370888900654,0.23572280583617924,0.4926049978314163,0.1519320910586491
146,0.6300592614952948,0.2427975262269123,0.477082431427882,0.15297683006741283
147,0.6024067059699122,0.20395965715022055,0.4795400407552952,0.122866665214617
148,0.6191515841394316,0.23751636579729635,0.47209294999699486,0.14705863414243675
149,0.610710487964783,0.21960313193977554,0.47659655209924806,0.13411393586553494
150,0.6125042144943662,0.2212163338311756,0.47700827770777854,0.1354959367865877
151,0.6080026549275122,0.21033020958944615,0.48012132908566885,0.12788132584184334
152,0.6167329260303223,0.19938609248002231,0.49376495780536567,0.12296796822495659
153,0.61941637108469,0.21871629025991432,0.48393992027478816,0.13547645080990187
154,0.6084227504167087,0.220546968833501,0.47423695704296187,0.1341857933737468
155,0.6117611902740182,0.21296960829931177,0.4814746492086398,0.1302865410653784
156,0.61843346063559,0.20587069713189166,0.4911161329648528,0.1273173276707372
157,0.6089520476646775,0.19331838352756756,0.49123042216433976,0.11772162550033771
158,0.6156842102193097,0.20821744230402148,0.4874880187004736,0.12819619151883616
159,0.6154679935952305,0.2184230271560609,0.4810356113164932,0.13443238227873736
160,0.6198763680619687,0.2311291745515449,0.47660485478779624,0.14327151327417245
161,0.5885378891660387,0.25805053735502365,0.4366653706129511,0.15187251855308762
162,0.5945359690389304,0.2695333458138096,0.43428870009721193,0.16024726894171842
163,0.6184422920683635,0.2973105865019445,0.4345728514959115,0.183869440572452
164,0.6119036789030541,0.32241314055926845,0.41461789206815025,0.19728578683490386
165,0.5925090261481822,0.3105493568241905,0.4085057291653368,0.18400329698284545
166,0.597512780523523,0.321959297365483,0.4051379855392735,0.1923747949842495
167,0.5890043459043011,0.300815024431383,0.411822989200908,0.1771813567033931
168,0.581251322477366,0.3069803396639723,0.4028185940731311,0.1784327284042349
169,0.5918296434935723,0.29634811558412866,0.41644204389742545,0.1753875995961468
170,0.5781767078781264,0.24866477011373228,0.4344045297284975,0.14377217814962884
171,0.563696019175253,0.2777283314223667,0.40714166434027954,0.15655435483497346
172,0.5817125071278239,0.2880459922223585,0.414152550824034,0.1675599563037898
173,0.5568630410156058,0.2878908436039333,0.3965472703657713,0.16031577064983446
174,0.5687295775856636,0.30004004281768415,0.3980879307751777,0.1706416468104859
175,0.6048898504019147,0.31001393928637155,0.4173655650444731,0.18752428535744156
176,0.6134099217248361,0.29024709607359744,0.4353694732414697,0.1780404484833664
177,0.5909443037426328,0.2909406599915239,0.4190145779935197,0.17192972574911317
178,0.5824416248107366,0.3068239197981193,0.40373460243272086,0.17870702237801572
179,0.5849760868291488,0.31791122789684695,0.39900562077500157,0.18597046605414724
180,0.5782076018165944,0.3151362574663494,0.39599342214151967,0.1822141796750747
181,0.5649319155601861,0.3221625909045821,0.38293198595862793,0.18199992960155814
182,0.5660442333040857,0.29275329797082544,0.4003329172069473,0.16571131609713843
183,0.541388459758145,0.2700454359814574,0.395188977107427,0.14619948265071797
184,0.517287408196459,0.26542864195470905,0.37998451393860166,0.13730289425785736
185,0.5395755408236883,0.26591128054031027,0.39609631781503085,0.14347922300865742
186,0.529028301411436,0.2455418653561553,0.3991297054566736,0.12989859595476236
187,0.52358681086,0.2372884139710041,0.3993457269348945,0.12424108392510551
188,0.5272988035912155,0.25543902353261844,0.39260611209195745,0.13469269149925805
189,0.5215953601058255,0.2801101805630981,0.37549118960570854,0.14610417050011698
190,0.5078449213780408,0.27259310497692546,0.3694098974128381,0.13843502396520274
191,0.4932330875717226,0.2696946737872532,0.36021075091798715,0.13302233665373542
192,0.4919990123294093,0.26801458864738026,0.3601360994250253,0.131862912904384
193,0.4930813176376857,0.28327552733402434,0.3534034473653147,0.13967787027237097
194,0.4675105842966527,0.25792578431137153,0.346927550168071,0.12058303412858172
195,0.4554533428473453,0.26086300945468993,0.3366424131659881,0.11881092968135717
196,0.4590208911601999,0.27594530266053063,0.33235623242149204,0.12666465873870786
197,0.45061262935889546,0.2843726307143978,0.3224707305149745,0.12814189884392096
198,0.4392335391898952,0.3116684731195756,0.3023382926876733,0.1368952465022219
199,0.4502260884585577,0.31681533142950213,0.3075875610253514,0.14263852743320632
200,0.4318320672864977,0.31676987701985077,0.2950406764389259,0.1367913908475718
201,0.4288694597169562,0.2731722091098785,0.31171424198631525,0.11715521773064097
202,0.4328375989070077,0.2816356681147302,0.310935092553657,0.12190250635335072
203,0.4370432846752652,0.271491032948296,0.31838995187566127,0.11865333279960394
204,0.4421112132976074,0.2737036148888882,0.32110377603513995,0.12100743726246746
205,0.41807699978294427,0.24832550678730253,0.3142578169357297,0.1038191828472146
206,0.4101266047588028,0.2504770219648528,0.3073993141702617,0.10272729058854113
207,0.4098230656781368,0.2503872292526568,0.30720860377915854,0.10261446189897826
208,0.4279039147557872,0.2650291089048323,0.3144969215311716,0.11340699322461559
209,0.4545764123474537,0.264388812123423,0.3343914946675831,0.1201849176798706
210,0.407455961377727,0.2556833535236433,0.3032762547594697,0.10417970661825732
211,0.41914951288990077,0.2605049480284747,0.30995899081835665,0.10919052207154409
212,0.4093911158982649,0.24758158680739034,0.3080334137993242,0.10135770209894067
213,0.38248786036329735,0.2383341005002893,0.2913279602113306,0.09115990015196673
214,0.3974439334321724,0.24881162163570236,0.29855526384564146,0.09888866958653095
215,0.4035800911390109,0.24748990160296006,0.3036980940941034,0.09988199704490745
216,0.39358745035048415,0.25398482961879754,0.2936222088331195,0.09996524151736466
217,0.38525849598347356,0.25075125462438325,0.2886544447609146,0.09660405122255891
218,0.36741115250805834,0.22853025672167576,0.283446587502985,0.08396456500507334
219,0.36371570951046645,0.2146312868958618,0.2856509387139936,0.07806477079647285
220,0.3637234985467689,0.21913022806369145,0.28402068535809166,0.07970281318867721
221,0.359911079189909,0.23717006344096114,0.2745509457053335,0.08536013348457551
222,0.35270556942405534,0.2353901654202713,0.26968214709267596,0.08302342233137937
223,0.3539303018123377,0.21845006837929662,0.27661420317992746,0.07731609863241026
224,0.3603855428139189,0.22578223786627855,0.27901688846273875,0.08136865435118014
225,0.36134077365374206,0.23356091313335445,0.2769456926068613,0.08439508104688075
226,0.3512559014469772,0.24946816888108544,0.2636287349043248,0.08762716654265242
227,0.36536711460390114,0.23922899893371227,0.27796070553391095,0.0874064090699902
228,0.3584955875912503,0.24580966252435257,0.27037390818897555,0.08812167940227471
229,0.35094379825842903,0.24560511145051536,0.2647502075743004,0.08619359068412864
230,0.3665608479347965,0.24578196499374264,0.27646680243960975,0.09009404549518676
231,0.3664602247197131,0.2450326030360973,0.27666552194744864,0.08979470277226448
232,0.3667394359229254,0.23139174078002173,0.28187895943203645,0.08486047649088894
233,0.36308050068651865,0.2195836872342892,0.283353945582901,0.07972655510361763
234,0.3632218456059681,0.23454553069583756,0.27802978506799475,0.08519206053797336
235,0.35205685957760313,0.23764959526733448,0.26839068938789695,0.0836661701897062
236,0.34585189071144895,0.24786582165536145,0.2601270276491954,0.08572486306225356
237,0.34315341286426193,0.261194407695774,0.2535236604423976,0.0896297524218643
238,0.3354916191418216,0.22602682916203728,0.2596615122567578,0.07583010688506378
239,0.3375630584378921,0.2094432126609646,0.26686276700299905,0.07070029143489305
240,0.33203749637351543,0.20049911840520773,0.26546427107315324,0.06657322530036221
241,0.325620666822306,0.20764472197164652,0.25800725399176616,0.06761341283053987
242,0.3518809218723312,0.20539174845059696,0.2796074840825652,0.07227343778976601
243,0.34077592291964637,0.2196503752058549,0.26592436358922455,0.07485155933042181
244,0.34781873405846003,0.2220379338943003,0.2705897809783885,0.07722895308007156
245,0.3538788659835485,0.22249065527383663,0.27514412520330656,0.07873474078024192
246,0.3543842840451795,0.2303624809925379,0.2727474411477677,0.08163684289741181
247,0.35614601820264713,0.24035058835215167,0.27054611318836475,0.08559990501428236
248,0.35804345064819565,0.23082995267832174,0.2753962978782896,0.08264715276990603
249,0.35225572803671923,0.22409192370681558,0.27331806430422595,0.07893766373249327
250,0.3581087619118187,0.2391134616493118,0.27248013620413447,0.08562862570768419
251,0.36091353926447844,0.2479875730952376,0.2714114665650677,0.08950207269941075
252,0.3681889780460169,0.23326039274778743,0.2823050724215965,0.08588390562442039
253,0.39267857419799657,0.21596112729177488,0.3078752666508704,0.0848033075471262
254,0.36042196212298,0.19718099013681947,0.28935360276451555,0.07106835935846444
255,0.3656344436947017,0.22946981297376845,0.28173237628331066,0.08390206741139107
256,0.3638879736966627,0.23612577791247635,0.2779646428345435,0.08592333086211922
257,0.37596071303423106,0.23388853046675592,0.28802781434942104,0.08793289868481004
258,0.38123651280962295,0.235373075289334,0.29150370237704043,0.08973281043258252
259,0.37039787758598103,0.2370249638486893,0.2826043340415326,0.08779354354444839
260,0.4026046430832803,0.22879306726593865,0.31049149189674813,0.09211315118653217
261,0.41273193831983623,0.23871869713635188,0.31420510773756377,0.09852683058227245
262,0.3933711240142748,0.21488673750289888,0.30884088654699904,0.08453023746727575
263,0.37775648905464754,0.2131269606163196,0.2972463966893385,0.08051009236530904
264,0.39090513128903104,0.21586400602450045,0.3065227836734475,0.08438234761558354
265,0.4067694690883669,0.22261518458318946,0.3162164086444541,0.09055306044391279
266,0.40183357219046406,0.24304215064394116,0.30417107660435627,0.09766249558610778
267,0.3958286073564669,0.23243900981047455,0.30382259780787063,0.0920060095485963
268,0.3980260621889593,0.25206995714112274,0.29769564975193846,0.10033041243702083
269,0.39381598898537246,0.24944869799161346,0.2955791032846917,0.09823688570068075
270,0.3998330649361678,0.24899065146132165,0.3002783696219345,0.09955469531423335
271,0.3956066482997572,0.2380288580631456,0.30144084956277756,0.09416579873697968
272,0.38848038520657513,0.220429081325827,0.3028480107823864,0.08563237442418875
273,0.39480561064096037,0.24096911359405232,0.2996696526028496,0.09513595803811077
274,0.39823670042366477,0.23711899011250276,0.30380721619347006,0.09442948423019469
275,0.40339931914457816,0.23226691881511674,0.30970300223475106,0.0936963169098271
276,0.37894901266494996,0.22123144460222177,0.2951135751624975,0.08383543750245251
277,0.38494352203793125,0.20683988232643497,0.3053218492372821,0.07962167280064912
278,0.39312633013621756,0.22664339269276085,0.3040268449172909,0.0890994852189267
279,0.401032205001573,0.22275523016489884,0.3117001838729107,0.08933202112866229
280,0.40505554396013244,0.20467940435586637,0.3221490164913311,0.08290652746880135
281,0.4294834451492767,0.2109058111069673,0.3389028907930538,0.0905805543562229
282,0.44233573602233445,0.24139268349554863,0.3355591256979245,0.10677661032440992
283,0.4363946096059834,0.25427307213350286,0.32543121155896937,0.11096339804701405
284,0.41686361380741416,0.23426810904720682,0.31920576327016614,0.09765785053724801
285,0.42248473710567297,0.2047005206812198,0.3360018914402735,0.08648284566539952
286,0.4305792928189583,0.23381430911479545,0.32990369294935634,0.10067559986960194
287,0.43213587172353596,0.24800971309592376,0.3249619781589249,0.10717389356461107
288,0.460016065089475,0.23182713641546374,0.3533718580146724,0.10664420707480257
289,0.4524678055738365,0.22674676075656428,0.34987219631333816,0.10259560926049834
290,0.4627151361170787,0.19871847538854376,0.3707650897286903,0.09195004638838838
291,0.46151088197033396,0.20929408433243724,0.3649193845188974,0.09659149745143657
292,0.47538159025857574,0.20892737800783853,0.37606136105265486,0.09932022920592086
293,0.4703483562601099,0.21797046718093258,0.36782630530831006,0.10252205095179986
294,0.4666719460861112,0.24071431292634374,0.3543373292219932,0.11233461686411798
295,0.47024563289763555,0.20683585123994994,0.3729819771253841,0.09726365577225145
296,0.4677325445344739,0.20359276751839744,0.37250558133427825,0.09522696320019562
297,0.4660090218258393,0.19900540248814141,0.3732707088742831,0.09273831295155623
298,0.4708768516646394,0.2092814662080316,0.3723310537448419,0.09854579791979753
299,0.4674444560976108,0.20084985012232318,0.3735583071498948,0.093886148947716
300,0.46889615532391204,0.19936125027318552,0.3754164315502472,0.0934797237736649
301,0.4721615162725367,0.21216691926236025,0.3719844619707478,0.1001770543017889
302,0.47894851376347386,0.1993875747633119,0.38345213116768206,0.09549638259579177
303,0.4969569679272031,0.20766690800379703,0.39375545098681874,0.1032015169403844
304,0.49504859327148715,0.21291263306231709,0.38964649378425875,0.1054020994872284
305,0.4906368294085941,0.21085440122758836,0.3871838945234426,0.10345293488515153
306,0.4820217210028047,0.1986654455341392,0.38626066104265,0.09576105996015474
307,0.49467243302844016,0.19547668319777176,0.3979755065506688,0.09669692647777137
308,0.4936845420948288,0.19788498569158683,0.395991783546236,0.0976927585485928
309,0.5089033750592467,0.20964379011439943,0.40221494270981645,0.10668843234943019
310,0.5129331433323615,0.2244949665841357,0.39778223446006733,0.11515090887229419
311,0.5374424568276364,0.2572898996888959,0.39916394102190006,0.1382785158057363
312,0.5427273014232702,0.25511133848593426,0.40427141312432063,0.13845588829894956
313,0.5388041984064734,0.2376379737505092,0.41076386044889174,0.12804033795758168
314,0.5476110951644151,0.22562046841751726,0.4240588233627901,0.12355227180162495
315,0.5208162101482289,0.220792519565195,0.40582388687920534,0.11499232326902353
316,0.5065411999306174,0.20614228972606247,0.40212163713633275,0.10441956279428467
317,0.5144659874086674,0.20147595689504733,0.41081346030555077,0.10365252710311665
318,0.5328636754068382,0.24396262989683357,0.4028648517780933,0.12999882362874493
319,0.5211019056532962,0.22340579657813187,0.404684719322439,0.11641718633085715
320,0.4971772193592267,0.22549202149490633,0.38506772312469817,0.11210949623452851
321,0.48972962400386844,0.22182837804275052,0.38109369583160424,0.1086359281722642
322,0.5052030178506193,0.24673456592892215,0.38055197053526524,0.12465104731535405
323,0.493300332183553,0.26838346603087715,0.360906679237948,0.132393652945605
324,0.48360518580976547,0.2542250370084878,0.3606606395497812,0.12294454625998424
325,0.49049333342272683,0.2372662911546487,0.37411579936543593,0.11637753405729089
326,0.492893855434302,0.23200125600831045,0.37854186189476535,0.11435199353953665
327,0.48215750643066363,0.21455949800258856,0.37870603389272056,0.10345147253794305
328,0.4739244776047999,0.21578235758889233,0.371659936508152,0.10226454109664793
329,0.49449037506610866,0.2117168656265048,0.3897984227746374,0.10469195229147128
330,0.5015399294326539,0.22855683497233747,0.38690955054927706,0.11463037888337686
331,0.5151891236807331,0.2382711814653943,0.39243440250320366,0.12275472117752943
332,0.5096829407680734,0.23364640316034796,0.39059735490542435,0.11908558586264903
333,0.5134613800734836,0.21108905256814495,0.4050753038234398,0.10838607625004384
334,0.5271129319512498,0.20598936658795236,0.41853327297829335,0.10857965897295638
335,0.5273610623379158,0.20938171280648082,0.4169412998381577,0.11041976249975811
336,0.5313794213369024,0.2165568389743555,0.41630557355616066,0.11507384778074177
337,0.53481179892479,0.21288348640830565,0.420959198597383,0.11385260032740703
338,0.52755205343984,0.21748986344420176,0.41281482937750097,0.11473722406233904
339,0.5316703557274192,0.23912641923545283,0.404533927348682,0.12713642837873718
340,0.5505744809551668,0.26386542734484664,0.4052969102527646,0.14527757070240221
341,0.5454976518706487,0.2510489953149232,0.4085510144218726,0.13694663744877608
342,0.5354208885189198,0.24067339509014493,0.40655932547688933,0.12886156304203042
343,0.5487519800572283,0.22329614701625222,0.4262177772429099,0.12253420281431834
344,0.5259450161418144,0.20331023371960658,0.4190150119863599,0.10693000415545455
345,0.5291846049761525,0.21087376268885064,0.4175934561678182,0.11159114880833435
346,0.506478924910826,0.2242792300484801,0.39288622159604397,0.11359270331478204
347,0.507955187186994,0.21855507574580485,0.396939002775866,0.11101618441112794
348,0.5489955865245754,0.1881130362672007,0.44572235984614483,0.10327322667843056
349,0.5452280329984523,0.19193067611215067,0.4405820479897614,0.10464598500869096
350,0.5379284874697703,0.18861546103905932,0.4364668577996157,0.10146162967015457
351,0.5407047366501944,0.22341898323539205,0.4199010341572475,0.12080370249294685
352,0.5354286923847326,0.2177065995479021,0.4188623324652727,0.11656635991945984
353,0.5556498362750658,0.2559748925161813,0.4134174291579221,0.1422324071171437
354,0.5509418896873151,0.23458010531399714,0.42170188318257207,0.12924000650474296
355,0.5607329734133639,0.23356773177484283,0.42976384468184126,0.13096912873152267
356,0.5615553105798592,0.2389124475647926,0.42739275688621775,0.13416255369364144
357,0.5445272403366059,0.22122702464741612,0.42406309911747014,0.1204641412191358
358,0.5665022345967193,0.22708019075520752,0.437860799101245,0.12864143549547435
359,0.5782599065497063,0.24813334368915685,0.4347743424161483,0.14348556413355798
360,0.5611402685416146,0.24208156240623588,0.42529855560400576,0.13584171293760883
361,0.5496596392712195,0.23186782702168796,0.422211253111877,0.12744838615934254
362,0.5571610026255404,0.21790737571066315,0.43575151069508694,0.1214094919304534
363,0.5399695245634394,0.2184562199354535,0.4220098233469664,0.11795970121647298
364,0.5608924700472656,0.21240348833330222,0.4417569528293442,0.11913551721792144
365,0.5744991379839193,0.2126935149561961,0.4523068969868148,0.12219224099710449
366,0.57735114470256,0.22293860197736556,0.4486372876525396,0.12871385705002042
367,0.5579149941218655,0.20543112635603142,0.44330188846849206,0.11461310565337347
368,0.5752058879094453,0.20012000109116168,0.46009568499336445,0.1151102029160808
369,0.5713629931212741,0.19760467174666999,0.4584589964173499,0.11290399670392424
370,0.5687358084734956,0.20070000547719416,0.4545905285977886,0.11414527987570701
371,0.5774301405859005,0.2116990371114592,0.45518873582473085,0.12224140476116965
372,0.5799416193566264,0.2283684028565987,0.4475012779940841,0.13244034136254226
373,0.593012562043102,0.23163463018156122,0.455650316541228,0.13736224550187406
374,0.6021621296788308,0.2268692512460891,0.465550058189844,0.13661207148898674
375,0.6178493191336595,0.24300480044693587,0.4677089686313094,0.1501403505023501
376,0.63880232324769,0.23173573828016772,0.4907689952548002,0.1480333279928898
377,0.6190123639082443,0.2337171471147627,0.47433856018684417,0.14467380372140018
378,0.6340596569702533,0.2321133714194484,0.4868859323098289,0.14717372466042447
379,0.6458013277502674,0.24345727429806968,0.488576296758113,0.15722503099215446
380,0.6301873927960256,0.23357083146746405,0.4829939994803446,0.14719339331568107
381,0.6154815792640554,0.20413932572492874,0.4898375846769769,0.12564399458707856
382,0.6311236946188286,0.23510326821465224,0.48274445136623584,0.14837924325259272
383,0.6240789322839011,0.2521191784908751,0.46673666456302143,0.15734226772087964
384,0.6282082393805545,0.25339988179213624,0.469020345780676,0.15918789359987853
385,0.6117526987388728,0.23880890576547195,0.4656607061539682,0.14609199258490463
386,0.6196736662400275,0.23590661253498144,0.4734885507602099,0.14618511547981758
387,0.6101941841238648,0.2171850875743332,0.47766910680757446,0.13252507731629037
388,0.6207094894321664,0.24068282009779393,0.47131537905417076,0.14939411037799563
389,0.6174670978203599,0.21712610141671415,0.4833988741175323,0.13406822370282762
390,0.6320180747280332,0.22072135270599774,0.49251819033942135,0.13949988438861186
391,0.6364944713716391,0.22786709082383963,0.491458327854726,0.14503614351691307
392,0.6494908535107344,0.20413967387409512,0.5169040024908454,0.132586851019889
393,0.6539159560589249,0.2192814050128931,0.5105243464539746,0.14339160960495032
394,0.649781991183655,0.2295365374578706,0.5006332828248783,0.14914870835877675
395,0.6466658662913052,0.23380732864411197,0.49547064756840464,0.15119521872290057
396,0.6322140048443333,0.20792000387349807,0.5007640665082198,0.13144993833611351
397,0.6443326013588481,0.20858780026349827,0.5099326814033485,0.13439991995549966
398,0.6503860195839911,0.21747729078641045,0.5089418300795074,0.14144418950448368
399,0.6521507482526858,0.21237509456643336,0.5136501714209514,0.13850057683173442
400,0.648408518937141,0.21066953351925619,0.5118085987227418,0.1365999202143993
401,0.6595748213798331,0.20529365843621364,0.5241682932863551,0.13540652809347808
402,0.6676076512901509,0.20916725782909903,0.5279659895640647,0.13964166172608622
403,0.6655150565819786,0.20723109206675328,0.527599644619628,0.13791541196235052
404,0.6710195142845151,0.21429579669107066,0.5272228528756597,0.14379666140885544
405,0.666829443334552,0.22807060404286691,0.514745249399672,0.15208419393487996
406,0.670493792129668,0.22406336837835958,0.5202606945883149,0.15023309754135306
407,0.6371301976536361,0.17032890489507635,0.5286085088117087,0.10852168884192738
408,0.6439706359756645,0.18007852611121622,0.5280053529902643,0.11596528298540022
409,0.6605872988543056,0.2167810913543379,0.517384463273855,0.14320283558045052
410,0.620567793591382,0.1555168727085107,0.5240590310284298,0.0965087625629523
411,0.6177305288496749,0.1453707689764036,0.5279305668505972,0.08979996199907772
412,0.6591354487082081,0.1866866063995092,0.536083688631255,0.12305176007695312
413,0.658394393925584,0.20902426805326618,0.520773987644915,0.137620406280669
414,0.6455610703900513,0.2038615888979567,0.5139559648496698,0.13160510554038152
415,0.6383215490764427,0.18266420468167327,0.5217230509832206,0.11659849809322208
416,0.6349020929790419,0.17764008587127544,0.5221180306623924,0.1127840623166495
417,0.6296961976784636,0.19164168186550035,0.5090201592910523,0.12067603838741134
418,0.6358700480637398,0.1953929910628353,0.5116254974452968,0.12424455061844297
419,0.6360240013479075,0.18802873918013263,0.5164332102861575,0.11959079106175002
420,0.6522278691872183,0.21382485754233613,0.5127653379731199,0.1394625312140984
421,0.6634284608700906,0.22388320536198095,0.5148979705221292,0.14853049034796142
422,0.6549846969583825,0.20986692008608962,0.517525075904206,0.13745962105417647
423,0.6563753311479545,0.20745251816306814,0.5202086158411936,0.13616671530676092
424,0.664291471446617,0.2120045981837677,0.5234586249656732,0.14083284648094385
425,0.6685959915710512,0.20688537987599592,0.5302732558713061,0.1383227356997451
426,0.6476128246265395,0.19958907996165928,0.5183563767879571,0.12925644783858242
427,0.6537435763862759,0.1838279189240287,0.533567255229235,0.12017632115704088
428,0.6604119489488314,0.20276081097611992,0.5265062866016464,0.13390566234718496
429,0.6619331267936516,0.22043851980696633,0.516017568112062,0.1459155586815895
430,0.651075989065457,0.21515694338496907,0.5109924693467878,0.14008351971866928
431,0.6419467183050412,0.20204781103402406,0.5122427890710324,0.12970392923400884
432,0.6364583562643934,0.18499779780418665,0.5187149619614082,0.11774339430298525
433,0.651227092065229,0.21722579185919608,0.509763771311198,0.14146332075403095
434,0.6590968418495088,0.23125117850873103,0.5066799204204272,0.15241692142908161
435,0.6561021693351149,0.22141606876845166,0.5108306062904808,0.14527156304463412
436,0.6522690822339471,0.22224805355187768,0.5073035483153827,0.14496553391856437
437,0.6441380535366471,0.21407134798797753,0.506246552125705,0.13789150141094209
438,0.6480340840354518,0.21293754037441526,0.5100433001021556,0.13799078393329622
439,0.6372224725105287,0.2056221803889393,0.5061953983200829,0.13102707419044585
440,0.6538979842671168,0.21455413576882457,0.5136014673717091,0.14029651689540767
441,0.6525082473285422,0.21874653283560394,0.5097743305787868,0.14273391674975533
442,0.6410840524818232,0.216383095286851,0.5023643008667682,0.13871975161505495
443,0.634907961265659,0.22688599686161534,0.4908562355585241,0.1440517257071349
444,0.6322919104305718,0.23542006338448945,0.48343770879950665,0.14885420163106514
445,0.6515322209219054,0.24195980403747228,0.49388761242354207,0.15764460849836334
446,0.6459766566582047,0.24225241298950392,0.4894872528478623,0.15648940381034238
447,0.6338415006987056,0.2498951317711837,0.4754475953595577,0.15839390533914785
448,0.6459172869101086,0.2605676031053889,0.4776121676556059,0.16830511925450278
449,0.6361711606165512,0.25433482513487143,0.47437067972529245,0.16180048089125876
450,0.6228295084983079,0.25892747723031445,0.46156183511824433,0.16126767338006354
451,0.6310537243954776,0.2691598391740164,0.46119940542702675,0.16985431896845082
452,0.6335717920620391,0.28528426892272046,0.4528237265535624,0.1807480655084767
453,0.6464728451212693,0.30134800058383315,0.4516595458122328,0.19481329930903657
454,0.6197345077842237,0.30085235075688055,0.4332859242721817,0.18644858351204197
455,0.6089822733565345,0.294295869322363,0.4297613058171643,0.17922096753937022
456,0.5920476119683995,0.2721410822940175,0.43092713407773076,0.16112047789066875
457,0.5814228130355632,0.2811982743574787,0.41792772133789186,0.16349509169767135
458,0.5867816404838441,0.29005053779802364,0.4165853100914986,0.17019633039234552
459,0.5874273650054916,0.3037042715363834,0.4090231650359616,0.17840419996953005
460,0.5876849892972195,0.29994863636198776,0.4114096781471091,0.17627531115011036
461,0.5831610075106174,0.3080629291935054,0.4035107193454608,0.1796502881651566
462,0.5827166816512789,0.3168281641376349,0.39809562519132957,0.18462105645994933
463,0.5738638311277212,0.3183004199947459,0.39120273265997363,0.18266109846774758
464,0.5732410053386742,0.32793960172992975,0.3852525783526448,0.18798842698602936
465,0.544291635505622,0.30636460988191067,0.377539940931955,0.166751694573667
466,0.5396709907706251,0.3052922885363565,0.37491359894157805,0.16475739182904706
467,0.5452969151556896,0.30409569352719773,0.37947447156317865,0.16582244359251092
468,0.5343291041350919,0.3202883084969357,0.3631897391909803,0.1711393649441116
469,0.5136137840018994,0.3022539860473211,0.35837197049847747,0.1552418135034219
470,0.5020554277555639,0.28737133435907397,0.3577790895592318,0.14427633819633207
471,0.4846994698191232,0.26177726758528,0.3578161670098392,0.12688330280928398
472,0.48852583849589976,0.2558672747016098,0.3635280635786351,0.12499777491726466
473,0.4790725110428986,0.24585175954130167,0.3612916912551323,0.1177808197877663
474,0.45915840717880085,0.26797388736117544,0.33611594389253213,0.12304246328626872
475,0.4637225153895987,0.2970502800668319,0.32597361231982264,0.13774890306977605
476,0.4491044400654455,0.2853902971138603,0.32093439048001415,0.12817004958543135
477,0.4592184866436432,0.2964013064374009,0.32310552726226116,0.136112959381382
478,0.4918001991200621,0.2927375904024277,0.347831793870221,0.1439684052498411
479,0.47425798332021185,0.2643928053566106,0.3488675846474124,0.12539039867279944
480,0.45473411736652186,0.2692009626225837,0.3323192552341232,0.12241486213239865
481,0.4568328598910208,0.2863839701363283,0.3260032517866972,0.13082960810432356
482,0.44891857118140643,0.29747239114917295,0.31537769038080327,0.13354088080060317
483,0.42973042014647644,0.271444080259261,0.31308264149039033,0.11664777865608608
484,0.43047316418094184,0.2851896062328465,0.30770669199437156,0.12276647218657027
485,0.4059378414304483,0.2672038085107018,0.29746970418161917,0.10846813724882914
486,0.40251730277878717,0.2888650323145211,0.28624412910443897,0.11627317367434822
487,0.4152689788357763,0.2640477822761277,0.30561812592611737,0.10965085290965892
488,0.4079407240311031,0.23994611313478292,0.3100569329104508,0.09788379112065232
489,0.4044957281046672,0.24807719035623368,0.30414956436536233,0.10034616373930487
490,0.4126528543780755,0.2433325490721905,0.31224098344034296,0.10041187093773253
491,0.3865586763275382,0.22945928890945522,0.29785919733564103,0.08869947899189717
492,0.385758444711688,0.2280805916430951,0.29777443041052604,0.087984014301162
493,0.39512762099234294,0.230885683701577,0.3038983100701482,0.09122931092219469
494,0.41127576268114324,0.2480933355924715,0.30924098686924073,0.10203477581190253
495,0.42470227923181336,0.24431889353462666,0.3209394882882627,0.10376279094355069
496,0.4434542475146727,0.2756918669850067,0.32119751809492136,0.12225672941975138
497,0.4454168893857905,0.28228292979316333,0.3196833048706122,0.1257335845151783
498,0.40919474824579016,0.24037043998235852,0.31083642657147914,0.09835832167431101
499,0.41360264829942966,0.2285969880696574,0.3190543286405462,0.09454831965888343
500,0.4172094802478438,0.2151655858998561,0.32744035798734206,0.08976912226050175
501,0.41021579796469027,0.21647154670820667,0.32141574969513254,0.08880004826955772
502,0.4131696137343091,0.23863379702529652,0.31457337999341584,0.09859623374089328
503,0.40907615127037955,0.26281115566403057,0.3015663752004173,0.10750977606996225
504,0.3934008869729131,0.2384462357999607,0.2995959263138562,0.09380496065905691
505,0.427879830843465,0.25449009444207893,0.3189886522822508,0.10889117856121416
506,0.4310180959323958,0.2600367746004635,0.3189375404717025,0.11208055546069336
507,0.4243271611227682,0.25017505198447404,0.31817109153045536,0.10615606959231283
508,0.4216862327996997,0.23248364486372577,0.3236510804095719,0.09803515239012778
509,0.4258008808596902,0.25255981460145316,0.3182606893326314,0.1075401915270588
510,0.4190571078482796,0.24532652270322747,0.3162512847657898,0.10280582308248981
511,0.4274399324460105,0.2295664847816787,0.32931404969906164,0.09812588274694883
512,0.41516270072154426,0.23066113177223463,0.3194008023034953,0.09576189841804893
513,0.438621747606474,0.2294981354933128,0.33795887434396976,0.10066287326250421
514,0.4124544830356448,0.2586772716718869,0.30576188267514565,0.10669260036049916
515,0.43056088782171753,0.25297723053444876,0.32163878684412595,0.10892210097759156
516,0.4635170798195915,0.25213182357376335,0.3466496732270923,0.11686740659249922
517,0.46553420386839467,0.25114570993224145,0.34861728574012585,0.1169169181282688
518,0.4649361370624802,0.25443459314817884,0.34664030018910214,0.11829583687337807
519,0.45690482737383203,0.23665311037281064,0.3487768788314626,0.10812794854236947
520,0.4600837363450078,0.2429260590346485,0.3483174074487788,0.11176632889622903
521,0.4627925313319366,0.24853084869389844,0.3477743107508128,0.11501822058112379
522,0.479380932444591,0.2534152198374306,0.3578985080632725,0.1214824243813185
523,0.488014919210843,0.25505436573561674,0.3635445835220032,0.12447033568883982
524,0.4603608997634367,0.26819183424577886,0.33689586564084345,0.12346503412259323
525,0.4617960048988177,0.2754465643138815,0.334595881935562,0.12720012296325572
526,0.4748572036783082,0.2783284170420457,0.34269094985751236,0.1321662538207958
527,0.4721601253169536,0.30060346709166885,0.3302271546242405,0.1419329706927131
528,0.4630220619692075,0.2753405584916783,0.33553330883263743,0.12748875313657007
529,0.47376214328502464,0.2854102112633852,0.33854558988145156,0.13521655340357305
530,0.49129450074131387,0.29030634467567873,0.3486685900718405,0.14262591066947336
531,0.5115403890477386,0.26303752138849984,0.3769860730225125,0.13455431602522608
532,0.4852500254983589,0.26997969651608694,0.3542423708798885,0.1310076546184704
533,0.4478306412891752,0.28366812600395863,0.32079536250752383,0.12703527878165136
534,0.48471534067613276,0.259755836687566,0.3588077018035053,0.12590763887262746
535,0.48524000717981375,0.2624570579898636,0.35788534247641957,0.12735466470339418
536,0.4964509656091086,0.2632318911094768,0.36576923908869713,0.1306817265204115
537,0.47910630027923196,0.25647097818515896,0.35622943879194485,0.12287686148728712
538,0.45824457416403097,0.2864931136824565,0.32696065928368634,0.1312839148803446
539,0.46879456792818247,0.2824617932074317,0.3363780136252849,0.13241655430289756
540,0.4889708703974155,0.27687661933071744,0.3535862688505807,0.1353846015468348
541,0.49747913703634244,0.2822506837715203,0.35706531044576895,0.1404138265905735
542,0.4916551239881875,0.2667181811866442,0.3605217635469641,0.13113336044122342
543,0.48997278978541053,0.25229553575390845,0.36635484228166326,0.1236179475037473
544,0.4884172880544744,0.26552919125531843,0.3587282405622539,0.1296890474922205
545,0.44386846395601454,0.30209275727599216,0.30977901581168277,0.13408944814433177
546,0.5017372856754114,0.2632808280150016,0.36963947765678973,0.1320978080186217
547,0.48533077073899,0.27077424706822706,0.35391569671309764,0.13141507402589234
548,0.4834380181194717,0.28478626899007564,0.34576150865127075,0.13767650946820092
549,0.5014424755332921,0.2641549302166924,0.3689839734011099,0.13245850213218227
550,0.5067467145038571,0.24603265329224477,0.3820704757873455,0.12467623871651162
551,0.5241138776446146,0.2416644285720251,0.3974541968969605,0.12665968074765407
552,0.5096268332497995,0.25917185328017556,0.37754590239514196,0.13208093085465752
553,0.4796136054944893,0.27165140428562695,0.3493258960474186,0.1302877094470707
554,0.47421147377604184,0.2698352981623894,0.34625247935765746,0.12795899441838435
555,0.5006563419261666,0.24706466893508436,0.37696184855792786,0.12369449336823875
556,0.5070615257184887,0.2514691554183312,0.3795511921009299,0.12751033361755879
557,0.5186287216653778,0.25056404329879156,0.3886790121940171,0.12994970947136064
558,0.5204642059965371,0.2475311737903,0.39163309017037773,0.12883111582615933
559,0.5055467442483379,0.26397974520647777,0.37209264351169724,0.13345410073664063
560,0.5106493400665238,0.2647973227057349,0.375430761975458,0.13521857809106588
561,0.5431763114393808,0.2623406925244342,0.4006790617335059,0.1424972497058749
562,0.529325596612044,0.2618457357812864,0.39072394629929497,0.13860165031274907
563,0.545202405110997,0.2621224952099791,0.40229259028882064,0.1429098148221764
564,0.526530003844481,0.26313730684232384,0.38798031666116584,0.13854968718331515
565,0.5077909371044484,0.2783848858648909,0.36642961503540056,0.1413613220690479
566,0.5347846670887564,0.26672282132635416,0.39214539188076825,0.14263927520798816
567,0.5452236128857063,0.2621399674023266,0.4022987127768685,0.1429249001088378
568,0.5477412344858439,0.26465902644829586,0.4027765726212327,0.14496466186461118
569,0.5385071463835892,0.26639973806300543,0.3950489836419445,0.1434581627416447
570,0.5374931013117548,0.269438133875217,0.3926719631235126,0.14482113818824213
571,0.55656350157201,0.2734996182560349,0.40434359635682315,0.1522199052151868
572,0.5540643364130785,0.2618411791736877,0.40898747722859125,0.14507685918448726
573,0.5532224358414801,0.2545804861952856,0.4123827991508159,0.1408396366906642
574,0.5548413496088294,0.25374680220173695,0.41405213141629293,0.1407892181925364
575,0.5545809595477916,0.26368998567491736,0.4083435142690525,0.1462374452787391
576,0.5499658918898224,0.2634238558726733,0.40509175604975156,0.1448741358400708
577,0.5506218250201929,0.26603159011073396,0.40413902536039664,0.14648279965979621
578,0.5602218877228275,0.27480294868992383,0.4062712610559591,0.15395062666686846
579,0.5434265490601066,0.25668672984756336,0.40393616526952136,0.1394903837905852
580,0.5551665353127252,0.25509141506575106,0.41354831822265187,0.14161821709007333
581,0.5458922083182179,0.25640073596042084,0.40592504435036747,0.13996716396785044
582,0.5315540192680873,0.25087368472419747,0.3982011038243452,0.13335291544374211
583,0.5495391464806986,0.2391787020247386,0.4181010867136624,0.13143805976703618
584,0.593186377947273,0.24926843207554714,0.4453237395877834,0.14786263835948965
585,0.5814981222763675,0.23863474619771166,0.44273246545250067,0.13876565682386688
586,0.5848935798951742,0.23480729130957398,0.44755630269562846,0.13733727719954575
587,0.5949315601401288,0.24625174149412166,0.44842862738580735,0.1465029327543215
588,0.5857837219140306,0.2605481293528483,0.4331588689639808,0.1526248529500498
589,0.5674561897049429,0.2545868528422226,0.4229893042421223,0.14446688546282066
590,0.5639146432981691,0.25774979804422804,0.4185657578738831,0.14534888542428598
591,0.5608393095332916,0.2551412846255072,0.4177460476304851,0.14309326190280652
592,0.5794928811273836,0.2522133561056683,0.4333370367389031,0.1461558443884805
593,0.5678965012289354,0.26495301211673516,0.4174306126577738,0.15046588857116164
594,0.5647860658816701,0.2666956745674308,0.4141600650550727,0.15062600082659744
595,0.560581706107866,0.2531399284988766,0.4186760931059425,0.14190561300192345
596,0.5531657802874939,0.2646023054833744,0.40679683950891327,0.1463689407785806
597,0.5406514116992598,0.2747209636372706,0.3921231348853884,0.14852827681387137
598,0.5516006797950462,0.2794085594705761,0.3974787284505219,0.15412195134452436
599,0.5657352536303817,0.2882538994772119,0.4026598606996946,0.16307539293068704
600,0.5540628930948878,0.2866505914596675,0.39524043708338363,0.1588224560115041
601,0.5502459645169847,0.287228611833651,0.3921995799617028,0.15804638455528192
602,0.5360986438644223,0.26825195424182746,0.3922891349813975,0.14380950888302477
603,0.5540077116992245,0.26796255048095946,0.4055543922861802,0.14845331941304427
604,0.5762704190652294,0.30850292067552165,0.39848931168469925,0.17778110738053007
605,0.5628123991225835,0.295600294232043,0.39644488834450586,0.16636751077807768
606,0.5764386048735921,0.29741416846725155,0.40499759653269013,0.17144100834090198
607,0.5767164011052885,0.2896842307048246,0.40965075411624796,0.16706564698904056
608,0.569007214498549,0.2769957468282387,0.4113946361678676,0.15761257833068137
609,0.5666985532986861,0.2667693682394475,0.41552073825298674,0.15117781504569938
610,0.5705510922555423,0.25541035787065564,0.4248264335990608,0.14572465865648151
611,0.5785317594285911,0.27154647883853666,0.42143349725949386,0.1570982621690973
612,0.5604456731715413,0.28203916531033146,0.40237804330845295,0.15806762986308834
613,0.5679994462466583,0.28360485963714926,0.40691204301989625,0.16108740322676204
614,0.5863334336235188,0.2759818876319449,0.4245160258303804,0.16181740779313838
615,0.589654266914927,0.2714413558513725,0.4295977132199921,0.16005655369493488
616,0.5934463575064649,0.27038587510218043,0.43298684480587796,0.16045951270058695
617,0.610246775473355,0.2614183169089197,0.45071709053001513,0.1595296849433399
618,0.5999104739044123,0.26980250524618515,0.4380531251215757,0.1618573487828366
619,0.6099441098902229,0.28670157327875057,0.4350721739725888,0.17487193591763403
620,0.6015889572901617,0.2629646920117585,0.44339230241867944,0.1581966548714823
621,0.5914659225850716,0.27870702199348196,0.42662021669075895,0.16484570589431263
622,0.5858925521476348,0.28460944172304203,0.41914199997120816,0.16675055217642662
623,0.5881170775296002,0.2740036071348961,0.4269708768688564,0.16114620066074378
624,0.5858044013382184,0.278062642997656,0.4229140812224538,0.16289032011576463
625,0.5956210280429328,0.2783677799627906,0.42981932476746654,0.16580170327546626
626,0.6087946095767969,0.2734834207551696,0.4422993772124265,0.16649523236437036
627,0.601832051811313,0.2865090605419683,0.4294017160428086,0.17243033576850447
628,0.609573104804947,0.2749395299919701,0.44197736187412895,0.16759574293081805
629,0.5953254321992306,0.28599796942291267,0.4250635674444328,0.17026186475479782
630,0.5995729781320565,0.29245384406617425,0.4242255558791323,0.17534742225292416
631,0.6103950151965054,0.2746887496086386,0.4427263717048314,0.167668643491674
632,0.5835611601954666,0.30234149587673165,0.40712640608640815,0.17643475410905837
633,0.6115818525425883,0.3082104024371446,0.42308596364718276,0.18849588889540558
634,0.5872421786726355,0.27160516524609507,0.42774416969477747,0.15949800897785804
635,0.5764541950197807,0.27238876536759477,0.41943454854737194,0.15701964647240876
636,0.5742060376974742,0.27200583193872035,0.4180186467093365,0.1561873909881377
637,0.5855484480567217,0.2721301155992437,0.42620308119808825,0.15934536685863343
638,0.5746910155756033,0.25979358885742715,0.42538997415509777,0.14930104142050554
639,0.5887123870964542,0.24921624779335644,0.44199569495480595,0.1467166921416483
640,0.5996833022091743,0.264090759835465,0.4413124832681127,0.15837081894106161
641,0.6142579895354827,0.27494104715888235,0.4453732546668873,0.1688847348685954
642,0.6219623573387449,0.2706701855837847,0.4536156906517387,0.1683466666870063
643,0.6378658529196537,0.27317034613023555,0.463619817092934,0.17424603582671971
644,0.6337712949092379,0.26804533570307854,0.46389185540631644,0.16987943950292145
645,0.6194493572964728,0.25290464865144324,0.46278773523204597,0.15666162206442677
646,0.6223853528502526,0.24022644670201873,0.4728719310556543,0.14951342179459834
647,0.6256688773244441,0.2609838314938216,0.4623794164738728,0.16328946085057125
648,0.6228717571173082,0.2857874062352122,0.44486285323358365,0.1780089038837246
649,0.6356349856253802,0.2629501496985963,0.46849467100152137,0.16714031462385887
650,0.6248114850326114,0.2749255759453979,0.45303482765272135,0.17177665737989006
651,0.6042499840618196,0.25544004413539895,0.4499003414642543,0.1543496425975653
652,0.6159376664999686,0.2779650218033101,0.4447285396018249,0.17120912689814374
653,0.6342184003175197,0.28317768043969344,0.45462190482343157,0.17959649549408818
654,0.6447494728074926,0.29030554725304186,0.45757512426300323,0.1871743485444894
655,0.6452307619433317,0.27998215575137997,0.46457766225733227,0.18065309968599946
656,0.6274448374443767,0.25843099381848067,0.46529364453735145,0.16215119290702532
657,0.6236466285642983,0.25291932316181664,0.4659143453756671,0.1577322831886312
658,0.6222154004928659,0.25023082466290036,0.4665179277095793,0.15569747278328666
659,0.6224924583986721,0.2578700263453131,0.4619703117516478,0.16052214664702427
660,0.6177433908908855,0.24368193607682137,0.4672104853999338,0.15053290549095164
661,0.6224747996013978,0.23703889044687015,0.47492406377274465,0.1475507358286532
662,0.6104059268290097,0.24255706345906708,0.46234765769935493,0.14805826912965478
663,0.6178619352412194,0.25401650672601,0.4609148048122726,0.15694713042894676
664,0.631927157493134,0.254137461027671,0.47133079413339574,0.16059636335973826
665,0.6416012489805276,0.24511519690696412,0.4843350325009115,0.15726621647961614
666,0.6524985523720649,0.2502733872795618,0.48919552947489764,0.16330302289716722
667,0.6417803330354651,0.2607679701576792,0.47442457830268747,0.1673557547327776
668,0.6218889895826936,0.263044651975674,0.4583044167504104,0.16358457283228317
669,0.6172555199458795,0.2648350759558353,0.4537846074368539,0.16347091250902557
670,0.633868902090619,0.2629829801003584,0.46717216922588567,0.16669673286473327
671,0.6466650017177245,0.27054314649557254,0.4717142174244464,0.174950784293278
672,0.6405598568479065,0.26314590931003234,0.47199915085016,0.1685607059977465
673,0.6321787111344831,0.2628118075907572,0.4660346813408345,0.16614402979364865
674,0.635258528792125,0.2586498662839687,0.4709489952642912,0.16430953352783378
675,0.6266025642977335,0.26521656918052317,0.4604171819549705,0.16618538234276306
676,0.6355064308305776,0.262077291400133,0.46895462677113386,0.16655180405944373
677,0.6451434909307103,0.26281307753395117,0.4755913446282136,0.1695521463024967
678,0.631392625952927,0.2698146806782147,0.46103362619885857,0.17035899975406846
679,0.6352675509087801,0.2752479234881539,0.46041147666173327,0.1748560742470468
680,0.6467542247138675,0.2586151912509731,0.4794937571971158,0.16726046751675167
681,0.6489514935869239,0.2720360530502195,0.4724132906504923,0.17653820293643163
682,0.6309976336752331,0.2743877999841768,0.45785958117586434,0.17313805249936873
683,0.6225317224802754,0.2729434023391282,0.4526157960824711,0.16991592639780434
684,0.6283936854266948,0.2647258335229397,0.46204164327156105,0.16635204215513377
685,0.6415836980580991,0.2660501963802417,0.47089022919538015,0.17069346886271897
686,0.6312034017937306,0.2581213437764529,0.46827633152646453,0.16292707026726605
687,0.6410447772452784,0.25467005469813253,0.4777898687602712,0.16325490848500723
688,0.6183201248555118,0.2477877537619387,0.46510797001176307,0.15321215484374875
689,0.6360209681224718,0.26317906822759407,0.46863356235878734,0.16738740576368444
690,0.6368885591804322,0.2621254596088849,0.4699438528856209,0.16694470629481126
691,0.6494873484968922,0.24101559442598455,0.4929507691267571,0.15653657937013504
692,0.6662181857447403,0.24862414934022353,0.5005802560389673,0.1656379297057731
693,0.6723671662536423,0.2427373536727836,0.5091585396207647,0.16320862663287766
694,0.6702583211579816,0.23740929278989872,0.5111327671453203,0.1591255540126612
695,0.6614022536805406,0.23769635186455215,0.5041893508656831,0.15721290281485756
696,0.6499951261567292,0.2298411851746693,0.5005994760031078,0.14939565015362133
697,0.603185394244167,0.23137002675016122,0.4636263734425875,0.13955902080157945
698,0.6269556150454038,0.22502403622064274,0.4858755320166915,0.14108008302871228
699,0.6386603192680521,0.23754466001844943,0.48694997086024827,0.1517103484078038
700,0.6309430349612181,0.230341312801721,0.48561078798514895,0.1453322469760691
701,0.6538497474130699,0.23822571536497789,0.4980859235943812,0.15576382381868867
702,0.6512242486050328,0.24001521368378662,0.4949205214200325,0.15630372718500032
703,0.6568377033403571,0.2547088702593745,0.4895353139787726,0.1673023893615845
704,0.6439728290371561,0.24385253885701436,0.48693841972151153,0.15703440931564458
705,0.639983831812619,0.24664306829764124,0.4821362558734731,0.15784757593914592
706,0.6329920675232239,0.23750109759012708,0.4826557567206144,0.1503363108026095
707,0.6359706672105505,0.23572890520286485,0.486053998087872,0.14991666912267856
708,0.6408806746704294,0.24331689202256843,0.4849435807522937,0.15593709391813568
709,0.6365152606391916,0.2352891279166289,0.4867501400577705,0.14976512058142114
710,0.6402045020142685,0.2294337180460286,0.4933200028073287,0.14688449920693983
711,0.6348963959535848,0.23174723696470037,0.48776091043249514,0.14713548552108965
712,0.6440477733145227,0.22684028310179788,0.4979517940847738,0.14609597922974887
713,0.6478230364800119,0.22630819394470622,0.5012153750984449,0.14660766138156703
714,0.6386144459492492,0.22186346359654943,0.4969292330681574,0.14168521288109184
715,0.6394664018475514,0.2185437505314075,0.4997150160489634,0.13975138579858806
716,0.647038132016201,0.21749333726592612,0.5063116493456865,0.14072648267051444
717,0.6563366472545418,0.22356485678513635,0.5096028387082436,0.1467338085462982
718,0.6551225136354645,0.24139588426539071,0.49697863515426605,0.15814387848119843
719,0.655146104499374,0.24692139447632483,0.4933765147906566,0.16176958970871747
720,0.6479390636193787,0.23877247845002086,0.4932290475143939,0.1547100161049848
721,0.6382571379509784,0.24823628985450003,0.4798185540528757,0.15843858389810267
722,0.6346730441040076,0.2366756272541192,0.48446140328941034,0.15021164081459726
723,0.637423155288065,0.2298463786846672,0.490913751355349,0.14650940393271603
724,0.6352621311820444,0.23771660598598374,0.48424977344602604,0.15101235773601837
725,0.6495813063063649,0.24466084537555785,0.4906541947652905,0.15892711154107442
726,0.6490607713305326,0.2515421910504682,0.4857946027851435,0.16326616854538908
727,0.6481382284062339,0.25785809428676937,0.4810105399949996,0.16712768841123432
728,0.6436047130817191,0.25443204895344124,0.4798510472162456,0.16375366586547346
729,0.6400070406525921,0.26197350175677014,0.47234215506384497,0.1676648855887471
730,0.6427947761418578,0.28784407451109767,0.4577701087027365,0.18502466743912124
731,0.6520566098643958,0.2887534582018359,0.46377300882268624,0.18828360104170963
732,0.6409948368348182,0.27980005128546376,0.46164444861471854,0.1793503882200996
733,0.6461290017935172,0.27921054539654233,0.46572297080622577,0.1804060309872914
734,0.6413313482163987,0.28885048790109275,0.4560824753778263,0.18524887283857236
735,0.6331374679856855,0.28091562880975945,0.4552792580434677,0.1778582099422178
736,0.6437699961118442,0.2805068673644306,0.46318809119929905,0.18058190491254508
737,0.6292295102297648,0.2888948743272555,0.44744832994893635,0.18178118028082846
738,0.6305182725069826,0.30380507012183877,0.43896362451489807,0.1915546479920845
739,0.6417355808538966,0.3115593621542393,0.44179685261137636,0.19993872824252026
740,0.6231669996774526,0.3042447102153559,0.4335717364448133,0.18959526323263934
741,0.6262019436302813,0.3032744973664197,0.43629086392593264,0.18991107970434865
742,0.6183939327724298,0.2902979788304726,0.4388754239675663,0.17951850880486353
743,0.6273278037355862,0.2996402052197516,0.43935517188419904,0.1879726318513871
744,0.6250450280367091,0.31456679252504527,0.42842661838347457,0.19661840965323457
745,0.6315689057868153,0.32343996636121075,0.4272942801443411,0.20427462564247423
746,0.636299188504413,0.32146770419056203,0.4317495491975817,0.20454963930683132
747,0.625828527896538,0.3108678225309243,0.43127857615160736,0.1945499517449306
748,0.6150648196272948,0.3004886048446486,0.43024485008846347,0.18481996953883126
749,0.5955287012171365,0.33092718211658995,0.3984520662537969,0.19707663496333963
750,0.5967465902456833,0.338390173214118,0.3948134082075122,0.2019331820381711
751,0.5966917572778975,0.3495232633112739,0.3881341070831882,0.20855765019470932
752,0.6317337019365541,0.3521917230836615,0.4092423209214989,0.2224913810150552
753,0.6003190035565964,0.34321745963443906,0.3942790401856236,0.2060399633709728
754,0.6007736476055534,0.34722715541337634,0.3921687229001589,0.2086049247053945
755,0.611174421324052,0.36425320513586706,0.3885521794597072,0.22262224186434476
756,0.6072419258465435,0.3667175105427731,0.38455567850289984,0.22268624734364362
757,0.5992387919652152,0.37103198274747207,0.3769020348431615,0.22233675712205375
758,0.5728161468207075,0.3650958759597668,0.3636833339333029,0.20913281288740457
759,0.577694999710192,0.35208687003897476,0.3742961754250641,0.20339882428512793
760,0.5831764959499867,0.36290939831976404,0.3715362646905487,0.21164023125943798
761,0.5642494269761689,0.36171956283897877,0.36014937091820476,0.20410005605796408
762,0.570703972828045,0.3506922650601697,0.37056250391814033,0.20014146890990464
763,0.572537556357179,0.36886543594950033,0.3613482410340265,0.21118931532315244
764,0.5645545732870478,0.3759158941296365,0.35232953608487183,0.21222503720217598
765,0.5587777064021339,0.3598557438814007,0.3576983392004511,0.2010793672016828
766,0.5617527107862096,0.3272349022109759,0.37792761740533365,0.1838250933808759
767,0.5543817542094434,0.3357102593207838,0.3682701117410801,0.18611164246836326
768,0.5501932466573349,0.3316528471436535,0.3677200899242194,0.18247315673311554
769,0.5294651837751881,0.3161605502891878,0.3620691799138587,0.16739600386132944
770,0.505881026872614,0.3140609356742523,0.3470035582331493,0.15887746863946475
771,0.5081807798674591,0.32840346164934764,0.34129245261532043,0.1668883272521387
772,0.5009373557679192,0.3315907778544201,0.3348311483124985,0.1661062074554207
773,0.47125040204508784,0.31817276753975343,0.32131135742218075,0.14993904462290708
774,0.46793514596194186,0.33109585582820655,0.313003758337576,0.1549313876243659
775,0.4797650280505255,0.3381712295647806,0.31752229861249787,0.16224272943802764
776,0.46509303538242863,0.35393569970795424,0.30048000647505246,0.1646130289073762
777,0.47441308097013896,0.3632219504937658,0.30209583636040827,0.17231724460973072
778,0.4708829787458984,0.35220472281210863,0.3050357697397592,0.1658472090061392
779,0.4620628036705777,0.33329059756569446,0.3080616157223307,0.15400118794824702
780,0.4483444147956657,0.35235965161717087,0.29036593299376057,0.15797848180190513
781,0.46528444459780577,0.352200845799009,0.3014108696733364,0.16387357492446933
782,0.45203886907174023,0.32867073909418026,0.303466919874634,0.14857194919710626
783,0.4518726192362769,0.33351826142517693,0.3011648488829529,0.15070777035332403
784,0.4477741097518911,0.3403655008803242,0.2953672506049474,0.15240685914694366
785,0.45515553871893727,0.3630662884593353,0.28990390660454346,0.16525163211439384
786,0.46976665585307514,0.3885880069398187,0.28722096732834496,0.1825456885247302
787,0.4327379019457695,0.33957176535295025,0.2857923286469127,0.14694557329885682
788,0.4282025060293587,0.3286291431369497,0.28748268338383604,0.14071982264552269
789,0.4319677120308596,0.3392198405807999,0.28543569361969856,0.14653201841116106
790,0.44019740303576843,0.32531097191379377,0.2969963580202746,0.14320104501549383
791,0.41766052584391955,0.3064643784579899,0.28966245238472554,0.12799807345919403
792,0.4279887682957418,0.289787323847062,0.30396304849471845,0.12402571980102331
793,0.40786900563157297,0.3282480901761335,0.2739867834909705,0.13388222214060247
794,0.3941206247936362,0.3200465071235904,0.2679836954430658,0.1261369293505704
795,0.39429968142054117,0.30999219825116836,0.27206985640725223,0.12222982501328893
796,0.3839523099501599,0.29429721585044744,0.2709562141124798,0.1129960958376801
797,0.3985030921056787,0.2905611650275696,0.28271356939636383,0.11578952270931488
798,0.4232562309676226,0.2962704250598885,0.2978579275095987,0.12539830345802389
799,0.4242356252479389,0.2822352458052261,0.3045013792767531,0.1197342459711858
800,0.44525081304247555,0.272320538930168,0.32399987167565314,0.1212509413668224
801,0.4253790142282585,0.2604493910963203,0.3145893089873556,0.1107897052409029
802,0.39466363802639315,0.2743796487468966,0.28637596765153905,0.10828767037485408
803,0.4128382895317435,0.2643031213121227,0.30372384101134586,0.10911444852039764
804,0.4295413263032432,0.23619943904666116,0.3280839059830583,0.10145742032018489
805,0.43967126381734517,0.23609152930605276,0.3358686027507832,0.103802661066562
806,0.409884014965944,0.2553117005626017,0.30523583007156196,0.10464818489438206
807,0.42536911966394636,0.2657684525760348,0.31231942695722914,0.11304969270671722
808,0.431169980827947,0.25323345827391636,0.32198331547898773,0.10918666534895924
809,0.4340841243763396,0.2628772699814171,0.3199732748180135,0.11411084955832605
810,0.46112746773447094,0.308154276294649,0.31902906663517094,0.1420984010993
811,0.4534895122531714,0.28654334338613274,0.32354511122160107,0.12994440103157034
812,0.4120857799365831,0.2675283942004869,0.30184113295729376,0.1102446469792893
813,0.42487765787766607,0.2583803884763724,0.3150976035803035,0.10978005429736261
814,0.47769139884259393,0.26710963040047425,0.35009542585226316,0.1275959729903308
815,0.4557238269492954,0.26031929760460887,0.3370901204161705,0.11863370653312491
816,0.4339494783273251,0.21975337036887527,0.33858761789508024,0.09536186043224489
817,0.47447434272754174,0.21073327713337772,0.37448680956886143,0.0999875331586803
818,0.45038531894867956,0.2449597395834998,0.3400590485067795,0.11032627044190005
819,0.4312076588081089,0.26236384810914687,0.31807435810907736,0.11313330069903152
820,0.45694626955618195,0.2399212983307862,0.3473151272968534,0.10963114225932859
821,0.4558015881774679,0.25637559583589165,0.3389451844255239,0.11685640375194403
822,0.4738512464639728,0.2905855206828699,0.33615693528401236,0.13769431117996045
823,0.4807819613335566,0.2875785241206517,0.34251939446942015,0.13826256686413646
824,0.4899772063548222,0.24489739599649646,0.36998306442088824,0.11999414193393396
825,0.4903003681586329,0.2475975979103518,0.3689031747479943,0.12139719341063865
826,0.5134127014837548,0.2721786456873519,0.37367272771522175,0.1397399737685331
827,0.4743229624290485,0.24876700148988504,0.3563270613277747,0.11799590110127378
828,0.4780478101148058,0.23525898160192707,0.3655827691501652,0.11246504096464062
829,0.46261717407732456,0.2335767587019822,0.3545605540364724,0.10805662004085213
830,0.4749389418399641,0.24788696879448388,0.35720776718479574,0.11773117465516837
831,0.476825265144927,0.2583647293999522,0.35363043454469745,0.12319483060022954
832,0.49362304897081666,0.23432963162460832,0.3779525417440692,0.11567050722674746
833,0.5041996435957882,0.23255335117476605,0.38694632681646496,0.11725331677932321
834,0.48358121908994595,0.2431099576973407,0.3660178093737607,0.1175634097161852
835,0.5032764005348694,0.24274911858857326,0.3811064978986001,0.12216990263626931
836,0.5482690077063396,0.25121768512327813,0.4105341367655162,0.13773487094082337
837,0.5281965947502849,0.238614612563603,0.40216116893653125,0.12603542581375365
838,0.5106399338261786,0.21857421816994232,0.39902720952377047,0.11161272430240807
839,0.5088490344837004,0.21383856635932597,0.4000374864563787,0.10881154802732172
840,0.5286123974243027,0.23016778986806805,0.4069428502122901,0.12166954721201256
841,0.53643972299768,0.23101863822233523,0.41251214870238917,0.12392757429529075
842,0.5133119915225972,0.21968480059201242,0.40054514902346666,0.11276684249913053
843,0.5201889170019778,0.19021132453884915,0.4212430940886021,0.09894582291337566
844,0.5468529750274026,0.20557515259672798,0.4344335912381696,0.11241938378923297
845,0.5619347371210012,0.2356091842098174,0.4295377521287639,0.1323969849922373
846,0.5514346802239756,0.23613053478482451,0.42122411428378953,0.13021056594018604
847,0.533005600252009,0.2313297512704624,0.4097055473199483,0.12330005293206077
848,0.5295616671946427,0.22070102889299345,0.4126868623824961,0.11687480481214663
849,0.5201120518436912,0.2197558589067495,0.40581438116302904,0.1142976706806622
850,0.5365487792172746,0.22263679613627066,0.41709327804151336,0.11945550117576127
851,0.5558818362226728,0.21735923055870443,0.4350557880197529,0.12082604820291992
852,0.5590428396755162,0.21866408848066154,0.4368002467162288,0.12224259295928736
853,0.5697330333371846,0.2394801380781835,0.4332932878458933,0.1364397454912913
854,0.5573312442239976,0.23256124180948412,0.4277175979680399,0.12961364625595775
855,0.5777867426732287,0.24882685455485767,0.43401788489035226,0.14376885778287646
856,0.605573362747089,0.2174919148791907,0.4738660524833938,0.13170731026369514
857,0.5991547554919142,0.2163652469611576,0.4695184888519542,0.12963626663996003
858,0.6004434849604806,0.22308109475974494,0.4664958949941401,0.13394758996634046
859,0.5727171975030166,0.2078591160194725,0.45367270710088997,0.11904449040212668
860,0.5900514362434905,0.22420618338176745,0.4577582557244072,0.13229318051908331
861,0.59243214629162,0.23503980715297995,0.4531870088760116,0.13924513741560837
862,0.585891414212371,0.2524990068621381,0.4379544139946937,0.14793700021767728
863,0.568431938944093,0.24567020903335104,0.4287851456824647,0.13964679326162838
864,0.5598439697234752,0.25640927761049764,0.4162947818720856,0.1435491878513896
865,0.5557442387073819,0.2606649388261793,0.41088120072172063,0.14486303798566127
866,0.5582182415992383,0.25976705613476914,0.41321153229827684,0.14500670930096143
867,0.6004808128067152,0.2356159031614898,0.45899798376611545,0.1414828290405997
868,0.6131728970666559,0.2411724521861253,0.4652924858670199,0.147880411199636
869,0.5927099263814599,0.24291145283027285,0.44873389705721545,0.1439760293242445
870,0.5857602053289078,0.2528718416370149,0.4376379434497109,0.14812226187919691
871,0.5851909601358067,0.24670669978999737,0.44082042961376194,0.1443705305220448
872,0.5854590552429992,0.24984397484600793,0.43918563777149977,0.14627341747149947
873,0.5955346254096956,0.25426509436018446,0.4441109576851422,0.15142366772455337
874,0.5744136018927818,0.26010182213536565,0.4250075773811307,0.14940602451165105
875,0.565464022016119,0.22525520313346217,0.43809030887221356,0.12737371314390541
876,0.5718214978298541,0.22104267160416985,0.4454245462688452,0.12639695156100897
877,0.5694730915735591,0.22855875061405173,0.43931503325518495,0.13015805831837413
878,0.58562299259348,0.2433153428748894,0.44313193335517864,0.1424910592383014
879,0.5912528135964494,0.23357642686099578,0.4531500940250804,0.13810271957136905
880,0.6009084351254725,0.23759554267126792,0.4581352693860935,0.14277316573937904
881,0.5987186844204928,0.22367016890904928,0.4648031751471574,0.1339155092733354
882,0.6001486298048916,0.2202101829899893,0.46798979021436504,0.13215883959052652
883,0.5827086494372525,0.2123663121747754,0.4589609624839192,0.12374768695333332
884,0.5783856009550487,0.20674511422297767,0.4588072038206715,0.11957839713437711
885,0.5570320173812319,0.2209637301930163,0.4339481449837338,0.12308387239749809
886,0.5506298260003831,0.23087078652966778,0.42350548498498053,0.12712434101540257
887,0.5663284777481207,0.23376514886326144,0.433940616841827,0.13238786090629368
888,0.6194239128749959,0.24398169431997385,0.4682958171094465,0.15112809576554936
889,0.6047214218095318,0.25552931860901507,0.4501973689462674,0.15452405286326445
890,0.622148782001338,0.2527719641098202,0.46488701240632746,0.1572617695950106
891,0.618512708489373,0.2716576923359699,0.4504889734206795,0.16802373506869353
892,0.6026958176429938,0.2595478673039952,0.44626740354071714,0.15642841410227667
893,0.5807843762340252,0.2510455411585877,0.43498104820590155,0.14580332802812365
894,0.605474129044008,0.24604847813450315,0.4564981410429161,0.14897598800109194
895,0.6451392591396231,0.26426024731003256,0.4746545989699751,0.170484660169648
896,0.6244024860854782,0.26775059285117814,0.4572183502583419,0.16718413582713632
897,0.6361747954214182,0.2923220378437647,0.4502068827989891,0.18596791262242907
898,0.5962255544785966,0.2577089892414361,0.44257286947400265,0.15365268500459392
899,0.6036439434412783,0.2524242660347775,0.4512695640717748,0.15237437936950343
900,0.5918115484724695,0.2788917991803654,0.42676016094326447,0.16505138752920506
901,0.5809351581027177,0.25940498151431296,0.4302376841540677,0.15069747394864996
902,0.5984822709218701,0.2644142901629214,0.44023500608097066,0.1582472648408995
903,0.5648671573191903,0.24923057874375415,0.4240849887871893,0.14078216853200104
904,0.609879544957801,0.24291671087232453,0.46172961186834194,0.14814993308945898
905,0.6352662335758107,0.2370162002587193,0.48469784474100397,0.1505683888348067
906,0.6204215536211496,0.2389733065705236,0.47215736348468207,0.14826419013646752
907,0.6022363667329086,0.25843518909348145,0.44659729741731813,0.1556390693155905
908,0.5951028069956636,0.24681822163423772,0.448220590483451,0.1468822165122127
909,0.6024051967719496,0.23423300576038,0.46130201684638267,0.14110317992556692
910,0.5901216588309879,0.22689501661036993,0.4562259952483918,0.13389566358259605
911,0.5872860379339485,0.21368485169258833,0.46179190801690495,0.1254941299170436
912,0.5888390175982372,0.21174633944132842,0.4641545111015825,0.1246845064966547
913,0.5916257547858594,0.21457648378849548,0.46467678060519507,0.12694897418066436
914,0.606647945161304,0.22098932706581473,0.4725852239942482,0.13406272116705586
915,0.5878976488073181,0.2323459592405039,0.4513020056599449,0.1365956431473732
916,0.6161624762347778,0.2281024976751259,0.4756142764319346,0.14054819980284322
917,0.6116353282820847,0.21371356765859068,0.48092056016888707,0.13071476811319763
918,0.5928997892594811,0.21416582555119223,0.4659209164235964,0.12697887283588466
919,0.5918679347330453,0.21409991698301864,0.4651490590417896,0.1267188756912557
920,0.5871067044020261,0.2242617458160957,0.45544112989249325,0.1316655745095328
921,0.5826684568708157,0.2152073795045418,0.4572739051476923,0.1253945517231234
922,0.5775700680403765,0.211673251726583,0.4553139336383262,0.12225613440205028
923,0.5785104164822383,0.21962756562258134,0.45145358202293867,0.12705683445929966
924,0.5804066146663226,0.22869266341602557,0.44767188009400244,0.13273473457232016
925,0.570971795754666,0.20926404334764334,0.4514879291375798,0.11948386661708617
926,0.557117066329514,0.23282535597559456,0.4274060870412659,0.129710979288248
927,0.5503681175564992,0.24351994871817556,0.4163425017930217,0.1340256157634775
928,0.5894129392052687,0.2378348356715845,0.44923000966667803,0.1401829295385907
929,0.5834594958962582,0.2274133758782679,0.4507730022462577,0.1326864936500005
930,0.6115033411774112,0.23895276952898029,0.4653829242268439,0.14612041695056735
931,0.5868747060292344,0.26910332090400396,0.42894477368220635,0.15792993234702807
932,0.584265285953822,0.25762378902190824,0.43374464919242967,0.15052063676139232
933,0.5953752495116309,0.25561461237314037,0.44318863589115365,0.15218661362047728
934,0.6081434922315077,0.24636834284518763,0.4583161878383459,0.14982730439316178
935,0.6206560307531689,0.24874508875912746,0.46627089129458416,0.15438513945858473
936,0.6074719305032091,0.26279048156804863,0.44783408934719865,0.15963784115601048
937,0.639840695278336,0.2842149189961062,0.45798842389939143,0.18185227137894452
938,0.632215993967248,0.2526814209671527,0.472466758253443,0.15974923571380506
939,0.6465848818099883,0.22572402254761964,0.5006351413693605,0.14594974044062778
940,0.6203272202182359,0.22963388823885256,0.47787906865912344,0.14244815155911247
941,0.6006353243628945,0.24135509799939167,0.45566892678939164,0.1449663975735028
942,0.6163568310108741,0.251222212809769,0.4615143040439055,0.15484252696696862
943,0.6238018935383474,0.23835516662790338,0.47511548926121294,0.14868640427713442
944,0.6098954066283883,0.25731498894215643,0.45296017681593254,0.15693522981245572
945,0.6134344107583853,0.2704575624947906,0.4475264352742443,0.16590797548414105
946,0.6189770373897427,0.2599307708849085,0.4580858589009701,0.16089117848877266
947,0.6410161929046316,0.2632055953551613,0.47229714421886915,0.16871904868576248
948,0.6297931784770728,0.24838517199772953,0.4733618915180483,0.1564312869590245
949,0.6330181416083378,0.23269767729318644,0.4857162903716282,0.14730185123670958
950,0.6013304316791637,0.21530080099774943,0.4718635080743173,0.12946692360484638
951,0.6183405246187553,0.21144346863054606,0.4875964592985341,0.13074406532022118
952,0.6273364929100473,0.2047659835266463,0.49887931893716453,0.1284571739728828
953,0.6379326571081483,0.1745885349337448,0.5265569291172457,0.11137572799090259
954,0.6274354297604507,0.17617055879387533,0.5168997794924768,0.11053565026797392
955,0.6324069681399082,0.18693500424588141,0.5141879688655494,0.11821899927435872
956,0.6652199581174311,0.20597661638010906,0.5282002019958847,0.13701975612154632
957,0.6518589719921751,0.2261923298153572,0.5044134724062214,0.14744549958595377
958,0.6441409262621602,0.21582446755279228,0.505119553822667,0.13902137243949317
959,0.6435000659511636,0.22971740737505017,0.49567689915518853,0.1478231667959751
960,0.6697829863986607,0.21097993964011363,0.5284722123562963,0.1413107740423645
961,0.666797133112222,0.20285746833363455,0.5315323547969512,0.13526477831527087
962,0.6426528649450859,0.21473828700866415,0.5046506895855678,0.13800217535951814
963,0.6334660598837657,0.2115662374034132,0.49944602907139213,0.13402003081237354
964,0.6320297320355658,0.1881117546874099,0.513137510127742,0.11889222190782377
965,0.652542996677249,0.19353746947980852,0.5262514763735632,0.12629152030368587
966,0.6488552062319698,0.197860329893992,0.5204725010734781,0.12838270515849176
967,0.633671973410206,0.1961970700683512,0.5093473888426934,0.12432458456751255
968,0.6391883599446737,0.20937670690925458,0.5053572060447307,0.13383115389994307
969,0.613935743093045,0.21627017211570337,0.4811597542663299,0.1327759888267151
970,0.5926927951472996,0.22054679757672027,0.46197629723076755,0.130716497916532
971,0.5952886441209282,0.23255591619587548,0.45685074808638526,0.13843789603454293
972,0.5927477451763534,0.22818594675256923,0.45749103975783656,0.13525670541851686
973,0.5988713564612075,0.22110924246748576,0.46645536449859426,0.13241599196261322
974,0.619091747589844,0.2138608786271239,0.4866922424994783,0.13239950509036566
975,0.6029729231869618,0.217092419919974,0.4720720721460837,0.13090085104087815
976,0.6186192977608546,0.2290266631066809,0.4769389842612878,0.14168031349956675
977,0.6125576811786747,0.21094437594535992,0.48334208339190243,0.12921559778677227
978,0.5830528599594308,0.21068249301172906,0.46021382986555937,0.12283903009387143
979,0.6078403456735466,0.21491955515846659,0.4772035689740194,0.1306367766995272
980,0.6376972192075825,0.19762768344487883,0.5116705950363469,0.1260266241712356
981,0.6424717190632623,0.1946333058285834,0.5174253244806066,0.12504639458265565
982,0.6465179806391204,0.20543705434433074,0.5136992311159745,0.13281874952314593
983,0.6518496581409919,0.19337826068369976,0.5257961050224227,0.1260535531185693
984,0.6513841291001554,0.18848054494977387,0.5286108934757243,0.12277323562443114
985,0.6423174934672883,0.1888079399420031,0.5210428507370185,0.12127464273026974
986,0.6288007018126435,0.18285813138511772,0.5138193804655329,0.11498132134711059
987,0.6330617205525335,0.1949451095621044,0.5096494340798455,0.12341228647268795
988,0.641673100976886,0.21441125087203292,0.5040911687454956,0.13758193223139042
989,0.6458768703262002,0.20019497853150103,0.5165755641372535,0.12930130618894672
990,0.6431467541778632,0.19933001929855473,0.5149482992557869,0.1281984549220763
991,0.633657354268863,0.16966294116259642,0.5261491838542984,0.10750817041456462
992,0.6356365499418771,0.1688406440317928,0.5283152654795438,0.10732128446233337
993,0.6322319363471176,0.1689076087836577,0.5254431517820642,0.10678878456505332
994,0.6374808588816103,0.15473304066097293,0.5388415072236902,0.09863935165792016
995,0.6263662896453234,0.14908441482482948,0.5329848378875507,0.09338145175777268
996,0.6251039073610847,0.1692622409118204,0.5192974191984125,0.10580648816267219
997,0.6484810496788788,0.17212471575762342,0.5368614333286965,0.11161961635018228
998,0.6452760889324721,0.1714551506589856,0.5346401798879141,0.11063590904455799
999,0.6353124244823587,0.1723303961352811,0.525828782701648,0.10948364178071072
1000,0.6442893470890662,0.1580115510906577,0.5424841880043357,0.10180515908473046
1001,0.6258223370352607,0.14134144538354945,0.5373677033653861,0.08845463366987458
1002,0.6219541331284909,0.15185698909337195,0.5275060511174201,0.09444808201107084
1003,0.6168094939422274,0.1584042282625005,0.5191042620693254,0.097705231872902
1004,0.6216790324555904,0.1575786605285591,0.5237156832425478,0.09796334921304256
1005,0.6137845324808966,0.1479226111239626,0.5229919217688217,0.09079261071207485
1006,0.6088206723757346,0.14444327966430068,0.5208806177303588,0.0879400546453758
1007,0.5989776805075514,0.17374639400068326,0.494907468432471,0.10407021207508041
1008,0.6231321496718034,0.18264249579546,0.5093217386453551,0.1138104110264483
1009,0.6220389870621493,0.1803469398271339,0.5098561592923205,0.11218282776982877
1010,0.6196919249106831,0.19423596192838002,0.4993254677764072,0.12036645713427599
1011,0.6281223573549971,0.19821060264575843,0.5036218463683887,0.12450051098660841
1012,0.6241429230649241,0.2079161511074134,0.4943735287603347,0.12976939430458947
1013,0.620154283060983,0.20628465240346394,0.49222597234322873,0.12792831071775426
1014,0.6213619231917829,0.20586747678251457,0.4934437118955599,0.12791821129622297
1015,0.6244456054460857,0.2129580899610256,0.49146486202573114,0.13298074342035462
1016,0.5961932918944284,0.22258863628354886,0.4634874400902478,0.1327058518041806
1017,0.5748863149783897,0.20793130010894317,0.4553494560900937,0.11953685888829599
1018,0.6013858116327849,0.2197172269687762,0.46925098876246263,0.1321348228703223
1019,0.6092963017567447,0.2191844345465425,0.47574803638489305,0.1335482653718516
1020,0.5798026327230369,0.2259789851196049,0.44877942221060996,0.1310232105124269
1021,0.6009213362745955,0.20926877068146219,0.4751672669561494,0.12575406931844615
1022,0.6113337854110021,0.2122458641007826,0.4815807178724416,0.12975306753856056
1023,0.5964687850900338,0.223169712931059,0.4633550175491534,0.13311376754088036
1024,0.6003873416151594,0.23013679231983056,0.46221612466641626,0.1381712169487431
1025,0.62661091908642,0.2356190755376847,0.47896943360945876,0.14764148547696124
1026,0.6201629686921097,0.2534081346547622,0.4630086276138825,0.1571543410782272
1027,0.6109959632581824,0.24979038016798785,0.4583750493148151,0.15262091394336733
1028,0.5761475528968689,0.2384967594687657,0.4387382285551064,0.1374093243417625
1029,0.5782308627567058,0.2345276106272075,0.4426197601234668,0.13561110263323894
1030,0.5730698445730404,0.2450516946595047,0.43263810800215796,0.1404317365708825
1031,0.5911489786768669,0.22791474494772215,0.4564174099756223,0.13473156870124456
1032,0.593881744451888,0.22249792609526695,0.4617442879655036,0.1321374564863844
1033,0.5826443614098482,0.2575928497867703,0.4325593399420925,0.1500850214677557
1034,0.5962361207016195,0.2622583769788779,0.4398682033902304,0.15636791731138905
1035,0.5682317744120136,0.26651638086775553,0.4167886984016608,0.15144307601035276
1036,0.5655067046279596,0.2848254574809576,0.40443599877375225,0.16107070585420735
1037,0.5420469568190022,0.27644919254146666,0.39219851328682975,0.1498484435321724
1038,0.519762505847394,0.26680741081011383,0.3810860174260742,0.13867648842131985
1039,0.5054952378153309,0.2743275058913223,0.36682398998551036,0.13867124782982057
1040,0.5420221490165963,0.28678260737978056,0.38657962386402484,0.15544252515257145
1041,0.5258601120765368,0.2796623153389229,0.37879685558882703,0.14706325648770976
1042,0.5371657609981066,0.2723686174850454,0.39085866531475,0.14630709568335662
1043,0.5363378892745959,0.26076419237704107,0.396480172736699,0.1398577165378969
1044,0.536684400208173,0.2580704224613671,0.39818203031802435,0.1385023698901486
1045,0.5321836384164854,0.2738117752528887,0.38646549162112614,0.14571814679535927
1046,0.5492135443693996,0.28398192746102396,0.39324682345167694,0.1559667209177227
1047,0.527878457788282,0.25539243109863885,0.3930622951291325,0.13481616265914956
1048,0.5467157143913439,0.2637623382598792,0.4025126992000627,0.14420301519128118
1049,0.5281448112810258,0.2793934292599019,0.38058462131139625,0.1475601899696295
1050,0.5125676267407546,0.23542855983331548,0.3918945685599984,0.12067305818075627
1051,0.501313347112029,0.23575868617574633,0.3831243710345312,0.11818897607749784
1052,0.48476005886793844,0.2258506750434019,0.3752766723385353,0.10948338652940313
1053,0.49773159672140765,0.23257205548249626,0.38197313619332496,0.11575846052808268
1054,0.48810931770612087,0.2437796276194166,0.3691182099981552,0.11899110770796566
1055,0.47509127162082776,0.23635727335342807,0.36279999406651603,0.11229127755431173
1056,0.4655908920997977,0.22689365116198848,0.3599512746435072,0.10563961745629052
1057,0.48675229637357253,0.22547319115284992,0.37700270280924536,0.10974959356432717
1058,0.5135384898530747,0.22601800724244042,0.3974695437341905,0.11606894611888416
1059,0.4797453049329077,0.23597963105084088,0.36653518487646697,0.11321012005644071
1060,0.47933892057281885,0.23302930418830045,0.36763890544136385,0.111700015131455
1061,0.43771094755467055,0.22946055717108033,0.33727354964889433,0.10043739790577623
1062,0.4209348883053664,0.23113181897962465,0.32364344189936195,0.09729144640600447
1063,0.4478955088485972,0.26279067276918683,0.33019274674797705,0.11770276210062013
1064,0.43180851500556217,0.25189222513115805,0.32303930733023006,0.10876920767533212
1065,0.4367298390879379,0.263727912023144,0.3215519905070724,0.11517784858086551
1066,0.4476741777494746,0.2457265699467045,0.3376687375973849,0.1100054401520897
1067,0.44119653381963236,0.27198065861087817,0.3211996099745322,0.11999692384510019
1068,0.4250207667214473,0.2836784385636869,0.30445153926076607,0.12056922746068119
1069,0.42115404156621167,0.2639071534599563,0.3100084772883166,0.11114556427789504
1070,0.40355205273432276,0.25526810131900257,0.3005380864494462,0.10301396628487658
1071,0.3971127585745878,0.2637276934197963,0.2923831267281393,0.10472963184644847
1072,0.3727570504605415,0.22601157762286686,0.2885096414159079,0.08424740904463357
1073,0.4111756444568216,0.23659672762205555,0.3138928325004478,0.09728281195637377
1074,0.4098943305308705,0.2644540680850561,0.3014961073369812,0.10839822319388931
1075,0.3880690291546936,0.2743070045767151,0.2816189761982757,0.10645005295641792
1076,0.41231396830630945,0.28433291916091324,0.2950795340869562,0.11723443421935324
1077,0.4181471432359744,0.2502146504693537,0.3135206019464263,0.10462654128954811
1078,0.3718161073946824,0.23622897396758152,0.28398236984021646,0.08783373755446593
1079,0.3644314938887005,0.2705174870342007,0.26584640196580955,0.09858509192289093
1080,0.36211709799904895,0.27177623335571033,0.2637022770711668,0.09841482092788216
1081,0.4089944678335541,0.29853654705444105,0.2868946716421562,0.1220997961913979
1082,0.4537980299810643,0.27022147108480243,0.3311720587441958,0.12262597123686847
1083,0.41827601063160724,0.28370891790256514,0.2996073762707121,0.11866863436089511
1084,0.4133250133550634,0.24364003490367622,0.3126224926746733,0.10070252068039008
1085,0.39990482126249893,0.2116370993983406,0.3152701248550918,0.08463469640740712
1086,0.40778956105711645,0.20651917259596794,0.3235731983143278,0.08421636274278864
1087,0.39394647673467875,0.22171631988832663,0.3066021136800935,0.08734436305458526
1088,0.3815711798200585,0.257073833846864,0.2834792137382449,0.09809196608181359
1089,0.36970738067263575,0.25958120901615905,0.27373829181543563,0.09596908885720015
1090,0.3707109883938299,0.20846780695259684,0.2934296816301386,0.0772813067636913
1091,0.37054401296223305,0.19013876786871162,0.30008923089646616,0.0704547820657669
1092,0.36845518744316386,0.20745906885723428,0.29201581734058735,0.0764393701025765
1093,0.3725734363182586,0.2333450338534977,0.2856352752076606,0.08693816111059803
1094,0.3663740706448186,0.2551200427786318,0.272904702068931,0.09346936857588758
1095,0.36708518477714863,0.22038044436256352,0.2861867886370469,0.08089839614010175
1096,0.38789129812853823,0.18721257437257985,0.31527316962917273,0.07261812849936551
1097,0.4061525749722513,0.2082763600423257,0.32156059503521306,0.08459197993703829
1098,0.44672023025285806,0.2102718872042344,0.3527875243852795,0.09393270586757858
1099,0.4253338241168117,0.22311376622820922,0.33043599271386315,0.09489783140294858
1100,0.4126447942110782,0.23199988559976267,0.31691124916077046,0.09573354505030775
1101,0.388515922487853,0.243607991467829,0.2938703389573164,0.0946455835305366
1102,0.3569140937968287,0.194258989898758,0.2875803224552262,0.06933377134160251
1103,0.32353056478422965,0.21628746855376926,0.25355495792727734,0.06997560685695228
1104,0.345739826069759,0.20683157458945817,0.2742299134454653,0.07150991262429365
1105,0.36691912628174006,0.21524848691490295,0.2879403395294573,0.07897878675228275
1106,0.39643736781420613,0.2168393170042604,0.3104741597424069,0.08596320807179922
1107,0.3719433684787446,0.24772293306074314,0.2798044663066972,0.09213890217204737
1108,0.34521764029382473,0.19848513880969973,0.2766970690405479,0.06852057125327679
1109,0.38193644457245757,0.18187241849865404,0.31247273968528755,0.06946370488716999
1110,0.36584568521488847,0.19637150463554323,0.29400401754481953,0.07184166767006896
1111,0.3876405307137103,0.22326164633866777,0.30109526763897243,0.08654526307473787
1112,0.38635173064092615,0.2272179421771118,0.2985656854481291,0.08778604519279704
1113,0.3803744060458242,0.2550136093905368,0.2833737558402969,0.09700065020552726
1114,0.3867509732137866,0.2502123339185244,0.28998110956070433,0.09676986365308225
1115,0.37634216531274267,0.22963442389528962,0.2899210489936451,0.08642111631909752
1116,0.37020293671613674,0.22341718500512603,0.28749323871438665,0.08270969800175008
1117,0.37597266273246455,0.26339798786434865,0.276942219876732,0.09903044285573254
1118,0.3817849483938077,0.24875528066737934,0.28681392640152514,0.09497102199228258
1119,0.3837819271432673,0.23034932693614543,0.2953780185355589,0.08840390860770843
1120,0.3870975855917136,0.23549120811839055,0.29593950750100884,0.09115807809070473
1121,0.414599894685594,0.23563292553791038,0.316906508573118,0.09769338611247605
1122,0.37788525959914154,0.22221353923904974,0.2939140386373492,0.08397122096179234
1123,0.3631224998285341,0.22356690057063425,0.28194032801440805,0.08118217181412604
1124,0.3504530912023647,0.19857919917609135,0.2808603970026134,0.06959269419975128
1125,0.34696295306511293,0.21022129575306306,0.2740239514934557,0.07293900157165724
1126,0.3624770921072241,0.22419257297468692,0.28121242018332293,0.08126467192390116
1127,0.34862492398786665,0.20886280867926021,0.2758101431881672,0.07281478079969943
1128,0.3573531845765213,0.22720861545674417,0.27615946227983157,0.08119372229668975
1129,0.3689182857566383,0.22680686981134757,0.2852450841480069,0.08367320160863138
1130,0.35765416327003513,0.23647170938090775,0.27307907191437164,0.08457509135566348
1131,0.38790974197122224,0.25259522068635987,0.2899255950916124,0.0979841468796098
1132,0.43056762842475704,0.28481799086251786,0.3079342215663786,0.12263340685837844
1133,0.45219200804518106,0.28351850352646213,0.3239872066175854,0.12820480142759566
1134,0.46152483588346177,0.3348613493126007,0.30697800659824914,0.1545468292852126
1135,0.46619093595504324,0.31774422873609315,0.3180614565662506,0.14812947938879262
1136,0.4490305190242975,0.2667318022650764,0.32925979941292394,0.11977071961137356
1137,0.42459380057571716,0.2765690374022662,0.3071643018635213,0.11742949871219586
1138,0.44881738444492725,0.2841783198467777,0.3212732142153425,0.12754417022958472
1139,0.4568990334972362,0.29347553873262283,0.3228103434952201,0.1340886900020161
1140,0.4273764040045024,0.24966242716633066,0.32067657366712,0.10669983033738238
1141,0.427897392920835,0.2387201181218996,0.32574967673872035,0.10214771618211463
1142,0.48460740585624157,0.2309033505988125,0.3727099321190368,0.11189747373720477
1143,0.4532132577656198,0.22092628851387183,0.3530865348221807,0.10012672294343909
1144,0.43119874338518793,0.1960303135121139,0.34667071853336,0.08452802485182793
1145,0.4374613098073263,0.19763923793277363,0.3510017899119333,0.08645951989539295
1146,0.44279357865233004,0.22253973158697776,0.3442544145106032,0.09853916414172685
1147,0.46515793404445216,0.23162432513427286,0.35741604149055334,0.10774189255389884
1148,0.46926094159493964,0.23285337876406767,0.3599919458225501,0.10926899577238952
1149,0.4880877162275953,0.2127687448800949,0.3842379054544579,0.10384981077313737
1150,0.4571780664838543,0.20674757872054683,0.36265760819417625,0.09452045828967806
1151,0.4635179522672485,0.21602909372164292,0.3633845891152431,0.10013336315200544
1152,0.4998699526740296,0.197933553458509,0.4009289166741222,0.0989410359999074
1153,0.5291643991776558,0.21779759058184023,0.41391366801507523,0.11525073116258054
1154,0.503835160870403,0.21709180665298164,0.39445667554175157,0.10937848532865144
1155,0.5246047630485078,0.21381727846945434,0.4124352003413629,0.1121695627071449
1156,0.5423353960459656,0.2084515237615959,0.4292847563503355,0.11305063969563012
1157,0.5244655325810212,0.20909369417711837,0.41480309690508566,0.10966243567593557
1158,0.5099066249036717,0.18545583603439095,0.41534146548268663,0.09456515942098502
1159,0.5138464346106801,0.18256704166783538,0.42003501117224346,0.0938114234384367
1160,0.5145123365841496,0.18663095687183268,0.41848840688508737,0.09602392969906229
1161,0.5053901562982314,0.1687272187695696,0.4201170808325127,0.08527307546571865
1162,0.5089729884557054,0.1423276567170325,0.4365320556765396,0.07244093277916579
1163,0.5023134150422104,0.18974958732449695,0.4069996518303922,0.09531376321181818
1164,0.4868694474061004,0.19753950013745417,0.3906935001333008,0.0961759472727996
1165,0.5278084193229363,0.20149643687580546,0.4214569034763136,0.1063515158466227
1166,0.5506546835407045,0.18799682038736681,0.44713335390364034,0.10352132963706413
1167,0.5355015476696496,0.19496891574600936,0.4310953915401881,0.10440615612946154
1168,0.5415645305353068,0.19277057327108044,0.4371668255207322,0.10439770501457464
1169,0.5486503914803872,0.1906362400279857,0.4440577437586838,0.10459264772170342
1170,0.5405709798468665,0.1939958141186833,0.4357024725225393,0.10486850732432722
1171,0.5358501525825912,0.22039717730458677,0.41775029149515597,0.11809986108743523
1172,0.5462269880591796,0.2152837559928002,0.42863319044516496,0.1175937976140146
1173,0.5361587064000005,0.2217214767289597,0.4172808062559037,0.11887790014409685
1174,0.5385546747020012,0.2248438837071535,0.41746395005336057,0.12109072464864065
1175,0.5531883174687563,0.2336793147638406,0.4239196505072954,0.1292686669614609
1176,0.5507918250157414,0.2426423245594058,0.41714641624560445,0.13364540877013698
1177,0.5453945941223998,0.20496482835122842,0.4336078847544142,0.11178670936798556
1178,0.5454021125529457,0.21183895783953377,0.42986469742624955,0.11553741512669612
1179,0.5509072983450732,0.22944623924916935,0.424503690564876,0.12640360778019719
1180,0.5669667841024608,0.2658539764532164,0.41623641003192935,0.15073037407053144
1181,0.5697618703044468,0.24059615869398593,0.4326793529388959,0.1370825173655509
1182,0.566980513735648,0.22055307063149687,0.44193122044302724,0.12504929329262074
1183,0.5612090527978362,0.23875778051105417,0.4272160249491138,0.13399302784872238
1184,0.5656985785450747,0.2221992826710505,0.44000076018432616,0.1256978183607485
1185,0.6186524106140314,0.2216454387562853,0.48153092562585087,0.13712148498818058
1186,0.6057698483794739,0.22009092228293,0.4724454037584448,0.13332444462102908
1187,0.5802551446033593,0.19514214779536915,0.4670229094161472,0.11323223518721202
1188,0.6170527175982305,0.20719325515058293,0.4892035564395398,0.12784916115869077
1189,0.6338931348229837,0.20376766972867652,0.5047262078830985,0.12916692693988516
1190,0.6017496271614361,0.19381331958867043,0.4851225343600334,0.11662709280140268
1191,0.6072510222419852,0.1938306204727771,0.4895471798180931,0.11770384242389216
1192,0.5946023413343384,0.17129182852872837,0.49275181903971654,0.10185052229462191
1193,0.6116849445430694,0.18763175320203124,0.49691342599116606,0.11477151855190336
1194,0.5990808816952242,0.1896796346000398,0.4854474389594044,0.11363344273581981
1195,0.5933013170205261,0.20156116371055022,0.47371481313086683,0.11958650388965932
1196,0.5907288558908724,0.2159428580374647,0.4631651784245958,0.12756367746627661
1197,0.5690948288208982,0.20294274205911333,0.45360116376832343,0.11549366505257481
1198,0.5517938811501953,0.2155876703255764,0.43283392381311675,0.1189599573370786
1199,0.5695007194764014,0.20408178876304758,0.4532759939438148,0.11622472553258656
1200,0.5605296854976749,0.18870222845299922,0.45475648473020486,0.10577320076747006
1201,0.5656060985684938,0.17572208585588414,0.4662166151552292,0.09938948341326452
1202,0.5698249908688011,0.19181683147147416,0.46052296662708603,0.10930202424171512
1203,0.567154001028367,0.21535892651219354,0.44501232419980236,0.12214167682856462
1204,0.5318867850827937,0.18665571744964238,0.43260707561118117,0.0992797094716126
1205,0.5406068761860249,0.20536136848000788,0.42958710828276064,0.11101976790326425
1206,0.5471629551025039,0.21416073294007534,0.42998213560009413,0.11718081950240977
1207,0.585469415296457,0.2325035609775899,0.44934569139656333,0.1361237238998937
1208,0.597066518691285,0.2665395457129401,0.4379246800389033,0.15914183865238177
1209,0.5784846189084382,0.25194324649629685,0.4327393259724732,0.14574529293596497
1210,0.587837907534054,0.260784775098464,0.43453873102343404,0.15329917651061992
1211,0.586498833321208,0.23969403178691098,0.44591856332412816,0.14058026999707984
1212,0.5568080198573958,0.19906384553357523,0.4459676742006473,0.11084034565674852
1213,0.5676696902976278,0.2085069071953206,0.44930663886514394,0.11836305143248388
1214,0.5614366910320965,0.20803275794006112,0.4446394677879475,0.11679722324414901
1215,0.5508843930507425,0.2130672562126886,0.43350896693302854,0.11737542611771401
1216,0.591764076847407,0.21878204669226878,0.46229672095577024,0.12946735589163672
1217,0.5651035219985399,0.22935831274448568,0.4354923316669884,0.12961119033155144
1218,0.548830057167096,0.21667002883921702,0.4299150328528722,0.11891502431422381
1219,0.5828474132344821,0.19907176902412393,0.46681894761075915,0.11602846562372293
1220,0.5942152331068012,0.2062520974568136,0.47165709493773406,0.12255813816906719
1221,0.5926167343259099,0.2214907519549904,0.46135760821895333,0.13125912610695656
1222,0.5790005879698779,0.22804122339143984,0.44696458554486396,0.13203600242501393
1223,0.5512025487792939,0.2125244343682045,0.43405853887766177,0.11714400990163208
1224,0.5235181254234363,0.22679604530249742,0.40478628493322416,0.1187318404902122
1225,0.5189051625060691,0.22302362560699188,0.4031770518177803,0.11572811068828884
1226,0.5735466092646222,0.2293435325086099,0.44200740383753834,0.13153920542708386
1227,0.5695599299056865,0.2230686079587928,0.4425089891925174,0.12705094071316908
1228,0.5702493059442666,0.21083705180644602,0.45001962348430535,0.12022968245996123
1229,0.5624287266170169,0.22061944318360618,0.438346014120306,0.12408271249671095
1230,0.576524043719887,0.23447911696811427,0.44134119503756136,0.1351828486823256
1231,0.5804362525583819,0.24577264970807208,0.4377808967804847,0.14265535577789726
1232,0.6058317420315019,0.2513507729648378,0.4535554653852497,0.15227627664625223
1233,0.6213239869419174,0.2629262384322957,0.45796160820752224,0.16336237873439513
1234,0.6179267451886497,0.25826824223777245,0.45833589087706916,0.15959085431158046
1235,0.628411136348354,0.24287316378920676,0.47578693550305867,0.15262420084529532
1236,0.6411640647771829,0.24207491152508046,0.4859543305231854,0.1552097342539975
1237,0.6408423347429176,0.254281936181722,0.4778877050772733,0.1629546296656443
1238,0.6505677982790822,0.25839327288179664,0.4824654556502457,0.16810234262883653
1239,0.6307340498888374,0.24055983816776613,0.47900476892067895,0.15172928096815846
1240,0.6237195037968754,0.23717772889642294,0.4757871284179286,0.14793237537894674
1241,0.6352110403690329,0.23385407262481833,0.48666435160248667,0.14854668876654623
1242,0.6436516826031812,0.23571872810861016,0.4919309266349925,0.1517207559681887
1243,0.6358076632005837,0.2479992807241401,0.47812782004794263,0.15767984315264108
1244,0.6289472165881398,0.24049370124950203,0.4776893725802859,0.15125784400785394
1245,0.6171010136390844,0.23517767010928853,0.47197263502936426,0.14512837860972017
1246,0.6179322033671247,0.2442921324578777,0.46697622769217484,0.15095597567494987
1247,0.6185693874031191,0.24859389370476812,0.4647968148620045,0.1537725725411145
1248,0.6084144657073015,0.2228275543861696,0.47284295826057543,0.13557150744672605
1249,0.6032132480017652,0.207469356282532,0.47806498373774364,0.12514826426402156
1250,0.6373728890220796,0.20617827517721019,0.5059604461187918,0.13141244290328777
1251,0.6250738428253231,0.21172900293937044,0.4927275813204367,0.1323462615048864
1252,0.6069809737076907,0.19522514790990655,0.48848302333710764,0.11849795037058301
1253,0.6015655602597644,0.2012020605266561,0.48052932999362746,0.1210362302661369
1254,0.5955092655033046,0.2118911942762966,0.4693260960332092,0.12618316947009542
1255,0.6419407363692557,0.20887768590593173,0.5078536408676958,0.13408709550155992
1256,0.6322853892517926,0.2096691296799863,0.49971466197799785,0.1325707272737947
1257,0.6267170594043163,0.20829167852614516,0.49617711114002144,0.13053994826429488
1258,0.6361065914846219,0.19407591009065395,0.5126536258275801,0.12345296565704182
1259,0.6509065361869787,0.19759800554290657,0.5222887028415899,0.12861783334538873
1260,0.6430592899879024,0.21068019336608027,0.5075794344273968,0.13547985556050557
1261,0.6364244128273986,0.21899393778685142,0.4970513245586418,0.13937308826875677
1262,0.6438087071708201,0.2284547802260359,0.4967275304665021,0.147081176704318
1263,0.6438361462270652,0.22596626230067568,0.498350898730064,0.1454852474970012
1264,0.6293019047499822,0.2307267019602534,0.48410515172971325,0.1451967530202689
1265,0.6476240346865366,0.2323604166523662,0.4971418441526865,0.15048219053385012
1266,0.6266157860529976,0.2340397097471527,0.4799628093621701,0.1466529766908275
1267,0.6076386405784338,0.18405151630756714,0.49580182741290424,0.11183681316552953
1268,0.6292097948549886,0.17256190792373433,0.5206321521705103,0.10857764268447831
1269,0.6629905878163018,0.1826080910091267,0.5419231422181482,0.12106744559815365
1270,0.6284036093875587,0.18342568500056702,0.513138246878817,0.1152653625087417
1271,0.6277259343576346,0.16905155829251137,0.5216078869738537,0.10611804738378082
1272,0.6243912321931229,0.17689203310550383,0.5139413976772307,0.11044983451589221
1273,0.6272395211666258,0.19633004689889508,0.5040935565591417,0.12314596460748414
1274,0.6281181599473765,0.18499480052285297,0.5119195662431302,0.11619859370424637
1275,0.6224122963646276,0.18116403157992964,0.5096535754502897,0.11275872091433792
1276,0.625158901484966,0.17966360978113746,0.5128405965573665,0.11231830492759949
1277,0.6519816126994833,0.18997849388007607,0.5281191278813324,0.12386248481815092
1278,0.6315898084410669,0.18508301697453053,0.5146932612044285,0.11689654723663848
1279,0.6367875595845004,0.1862752127981281,0.5181698214156969,0.11861773816880347
1280,0.6316272701465991,0.16872274912693744,0.5250573807039222,0.106569889442677
1281,0.6426394296711188,0.18355081973323403,0.5246824355620869,0.11795699410903185
1282,0.6383685848713805,0.19293174616698022,0.5152070190940009,0.12316156577737955
1283,0.6207934566135959,0.19351307902535342,0.5006618033855068,0.12013165322808908
1284,0.613343329611464,0.1778951118940592,0.5042325493607578,0.10911078025070622
1285,0.6203323676331653,0.19838692610194839,0.4972665360568779,0.12306583157628745
1286,0.6139594679474868,0.22630309509165683,0.47501854009014366,0.13894092785734313
1287,0.6109948160052616,0.2204758123077479,0.4762852376306786,0.13470957837458303
1288,0.5906089970947304,0.19237617488218342,0.4769898973826435,0.11361909971208681
1289,0.5895625625348643,0.19336914733210428,0.4755593525185672,0.11400321001629711
1290,0.60940241412167,0.19365163811202976,0.491390638357583,0.11801177576408693
1291,0.6304439014623726,0.19145183424715614,0.509744260137468,0.1206996413249046
1292,0.6257904556876213,0.20176578682735966,0.4995273520067564,0.12626310368086485
1293,0.6270601455083951,0.21618394493848117,0.4914998095386922,0.13556033596970288
1294,0.6107024422335923,0.20459175249206493,0.4857577593258376,0.12494468290775469
1295,0.6404991649111605,0.20880174976128713,0.506761818557067,0.1337373463540935
1296,0.6436550814482277,0.2079211087157877,0.5098256032829616,0.13382947816526614
1297,0.6463425236462081,0.2265015505327179,0.4999449398651121,0.14639758378109602
1298,0.6412192247816054,0.2393823287343523,0.4877226735241486,0.15349655125745681
1299,0.62965476337019,0.2241903011361821,0.48849227235839565,0.14116249101179437
1300,0.6178077986042501,0.2116246166499537,0.48706446006127385,0.1307433385429762
1301,0.6106329266069146,0.23022301422441746,0.47005117365879323,0.14058175294812136
1302,0.627808754023674,0.2536913937630042,0.46853907619879304,0.15926967782488094
1303,0.6250608021738145,0.271876120921231,0.4551216959388849,0.16993910623492964
1304,0.6334999391470384,0.260392156905639,0.46854152359295,0.16495841555408838
1305,0.6447892006721916,0.24713789602852948,0.48543735423614887,0.15935184643604272
1306,0.6389432894240681,0.2363337234248581,0.4879394427771513,0.15100384664691677
1307,0.6467648040603509,0.2587431030521615,0.47941887171285247,0.16734593234749842
1308,0.6250674530123839,0.24293551437650046,0.47321636979481135,0.1518510832175725
1309,0.6220167148435553,0.25335894100934764,0.4644232186806787,0.15759349616287652
1310,0.6144696981196303,0.25908772244513883,0.45526814352226325,0.159201554597367
1311,0.6118583076878517,0.2394093964419703,0.4653736795362977,0.14648462815155391
1312,0.5710956963141864,0.2166854283165095,0.44734758074863173,0.12374811556555472
1313,0.5712149806964604,0.22526103701494762,0.4425425017863024,0.12867247891015796
1314,0.5695671257615723,0.24742362637595733,0.4286427620411132,0.14092436372045916
1315,0.5646082422038833,0.2513421490954317,0.42269839321136526,0.14190984899251802
1316,0.5481839392041012,0.2647543302871234,0.4030498675059623,0.145134071698139
1317,0.5071545980880785,0.23646298646607938,0.38723130722416726,0.11992329086391124
1318,0.4861611595422332,0.23366117652285506,0.37256417102387956,0.11359698851835366
1319,0.48910403507020367,0.25426203591591645,0.3647434473385639,0.12436058773163979
1320,0.5057850035616862,0.2710447330239966,0.3686946423037678,0.13709036125791843
1321,0.4993979176776281,0.24465050357077658,0.3772199656355991,0.12217795204202894
1322,0.5221677217271021,0.2583099787562022,0.38728658862059984,0.13488113310650227
1323,0.5192939765210078,0.27560003696122876,0.3761765373980746,0.14311743912293323
1324,0.51412231547331,0.2917221053714567,0.36414147118498774,0.14998084428832226
1325,0.5181602126803554,0.2545891977566316,0.3862422198246581,0.13191799285569727
1326,0.5436829444709891,0.2664708388606592,0.3988072941835714,0.14487565028741764
1327,0.5159102340841946,0.2687419726011954,0.37726350009126364,0.13864673399293093
1328,0.5133706820003755,0.27843715678115405,0.37042920892938896,0.14294147307098654
1329,0.5150028887833795,0.29669163459492887,0.3622058398891283,0.15279704889425122
1330,0.4862955944347675,0.2847021186339893,0.34784620841681396,0.13844938601795354
1331,0.4584517930810916,0.239337305225331,0.3487271763493421,0.1097246167317495
1332,0.4649646023733398,0.23298592809663693,0.3566343929573035,0.10833020941603633
1333,0.45179962471144347,0.24251712918163246,0.34223047676108526,0.1095691479503582
1334,0.4293672441240577,0.22469146740162046,0.33289208798763337,0.09647515613642432
1335,0.46384885730648434,0.23561979850565049,0.3545568830108543,0.10929197429563006
1336,0.461117839182704,0.23366969602609627,0.3533685738686712,0.10774926531403278
1337,0.4405046219347712,0.23964650987783498,0.3349392267030481,0.1055653952317231
1338,0.4311427252376804,0.23831459023927146,0.3283951233380198,0.1027476018996606
1339,0.4531159854949519,0.24102059789694116,0.34390569975429686,0.10921028574065503
1340,0.4202347200577728,0.2834818989783943,0.3011057835991414,0.11912893645863136
1341,0.407453777765127,0.27103238338869057,0.29702060925671875,0.11043316850840822
1342,0.404563321538079,0.2616539754493061,0.29870772013666474,0.10585560140141424
1343,0.4200733210470306,0.2544219829731701,0.31319743371211994,0.10687588733491064
1344,0.3936009486170619,0.23444933372414745,0.3013214684605994,0.09227948015646256
1345,0.4161711561178289,0.21932872453134467,0.3248928672597704,0.09127828885805853
1346,0.4061617167748667,0.22801428582676928,0.31355104299427095,0.09261067378059576
1347,0.39889896759226723,0.24705698480035612,0.3003481914189467,0.09855077617332052
1348,0.4031822525139595,0.2633041090079906,0.2970227087479367,0.1061595437660228
1349,0.3955277868006527,0.27209509044164415,0.2879066178789458,0.10762116892170694
1350,0.41992705955432275,0.2552244545678097,0.3127514048213066,0.10717565473301616
1351,0.40666081917111063,0.21392054464225263,0.31966771524936205,0.0869931039217486
1352,0.39559551842410395,0.1985523790540988,0.3170490870978585,0.07854643132624542
1353,0.3991941151385572,0.18809034513436446,0.32410955624653875,0.07508455889201844
1354,0.4006535157364444,0.18747884783841887,0.325539456223764,0.07511405951268042
1355,0.437750234208626,0.18831759568886766,0.35531416259021886,0.08243607161840716
1356,0.41103799313534245,0.17682694445525132,0.3383554007542013,0.07268259238114118
1357,0.3649231039700849,0.18656004550555402,0.29684303308739785,0.06808007088268707
1358,0.34549303545717985,0.19645816291894583,0.2776181084099721,0.06787492704720777
1359,0.3231369978455855,0.18066214333972017,0.2647583752224395,0.05837862262314602
1360,0.3210775550985026,0.17135333059662602,0.2660598466525525,0.05501770844595012
1361,0.3402289278977256,0.16634910007416961,0.2836321519227394,0.05659677597498619
1362,0.3644227680997844,0.1726645478833343,0.30149987560744196,0.06292289249234245
1363,0.3594713154391596,0.16832303089897932,0.29896401410319723,0.0605073013359624
1364,0.37633304831346776,0.16937209068133793,0.31259273312813474,0.06374031518533299
1365,0.33216618109057744,0.16759780599972282,0.27649585791249004,0.0556703231780874
1366,0.3480321641781618,0.19034125773202804,0.28178728431729083,0.06624487986087099
1367,0.3556322789483886,0.19001734300896708,0.288055978214392,0.06757630073399662
1368,0.3362339172410977,0.20919456427015667,0.2658956094309983,0.07033830781009935
1369,0.31514573019728176,0.19737152833485194,0.25294493578004135,0.062200794417240406
1370,0.3198370632713907,0.18885816733773148,0.2594332216552738,0.060403841616116914
1371,0.3306889770748808,0.18581638125574346,0.26924154803366296,0.06144742904121786
1372,0.3594719979903425,0.18062932308439755,0.294540814325551,0.06493118366479149
1373,0.3717470449210973,0.19266257806377815,0.3001253008590075,0.07162174406208975
1374,0.33733438095679125,0.1861406119309376,0.2745427528601501,0.06279162809664114
1375,0.3283891665992786,0.17562142848514817,0.27071699206206595,0.05767217453721261
1376,0.3461967026818239,0.18554938690890022,0.28196011674932864,0.06423658593249523
1377,0.3571670603099401,0.19856736310489992,0.2862453389562665,0.07092172135367357
1378,0.3366340674324894,0.19085713714181426,0.27238505305792005,0.06424901437456938
1379,0.33708738128748567,0.18398197862384744,0.27506937790908276,0.062018003378402894
1380,0.35723094072266,0.16514275255598346,0.29823683987355654,0.058994100849103434
1381,0.32495836986344817,0.16437460148434901,0.27154346731814016,0.05341490254530798
1382,0.344542844288675,0.18141806687830395,0.2820365475210711,0.0625062967676039
1383,0.4127091166219492,0.1462000315252456,0.35237103076106396,0.06033808586088524
1384,0.3911954671185124,0.14421024492228524,0.3347810729928639,0.05641439412564846
1385,0.3807169462139442,0.1518329798497964,0.32291155779096636,0.05780538842297781
1386,0.3907813550086819,0.14977534861395958,0.3322519413304211,0.058529413678260825
1387,0.3703448775719295,0.15943874328533733,0.31129755570969897,0.05904732186223056
1388,0.35503962845711007,0.1627393582550478,0.29726070716688935,0.0577789212902207
1389,0.3422200388855065,0.17501868854274097,0.2823251364867193,0.05989490239878717
1390,0.32967279602860816,0.15651307565444364,0.27807469276257063,0.05159810326603752
1391,0.33013938964456413,0.15203941305188362,0.2799451906176975,0.050194199026866636
1392,0.3241202393995951,0.16155771106971617,0.2717561154108281,0.052364123988767025
1393,0.3338744628683086,0.1833323120568828,0.2726644856539117,0.06120997721439688
1394,0.3165771283487628,0.18701587210560397,0.2573721806019312,0.05920494774683159
1395,0.345585622783668,0.16973330066113937,0.2869282343675606,0.05865738841610742
1396,0.3489121971953607,0.18101414029657445,0.2857541557810536,0.06315804141430707
1397,0.3398745755652386,0.19991249089893393,0.2719294025707738,0.06794517299446479
1398,0.3540901488426359,0.18612127076987547,0.28818644037295016,0.06590370846968574
1399,0.34000794693253034,0.16620600170356367,0.283496585525437,0.05651136140709333
1400,0.31587806378420097,0.1623878382202988,0.2645833078650709,0.051294755919130054
1401,0.3014883261747551,0.1737588247431798,0.2491020689448412,0.05238625722991389
1402,0.3105965161955598,0.16872664217798364,0.2581906089457033,0.05240590724985651
1403,0.31184333339941955,0.17344333668693002,0.2577561851310495,0.05408714826837009
1404,0.3247505644589358,0.16712605211625742,0.2704762846983877,0.05427427976054812
1405,0.3011016751685833,0.18130678372051912,0.246509898870907,0.05459177629767634
1406,0.35687245686232427,0.16234674741055502,0.2989353742503123,0.05793708261201195
1407,0.3680250292781255,0.17344514082695686,0.3041928762471361,0.06383215303098941
1408,0.34982444371498533,0.17665204541084484,0.2880272401980222,0.06179720351696312
1409,0.36353969778887707,0.20297840964228817,0.2897489880898527,0.07379070969902433
1410,0.38362260216422955,0.2106993238849047,0.3027935792612586,0.08082902290297095
1411,0.37003808938490185,0.21545059841551278,0.2903131615903917,0.07972492779451011
1412,0.36656366304831794,0.22295327608944635,0.28483709347634756,0.08172656957197041
1413,0.3563646530868009,0.2188400511539449,0.27837779417582753,0.07798685891097333
1414,0.3493114273009336,0.20276505476377682,0.2784832766146468,0.07082815068628685
1415,0.3483165065232124,0.21726698058395585,0.27263883086336227,0.07567767565985012
1416,0.35538831184834563,0.21739326731230757,0.2781292855710285,0.07725902627731712
1417,0.35211105185804514,0.1994488950941491,0.2818828916145194,0.07022816024352574
1418,0.38460773861470715,0.20009833109447425,0.30764837199188444,0.07695936662282268
1419,0.37545268182913644,0.22556420179026387,0.2907639973423334,0.08468868448680307
1420,0.3654520932104347,0.23062247508731681,0.28117062694840345,0.08428146626203126
1421,0.3667185114837293,0.21639329539619365,0.28736308430097823,0.07935542718275107
1422,0.3732175845810602,0.2213967654018895,0.2905884185637074,0.08262916601735283
1423,0.35400593362780225,0.22841536275776336,0.2731455398798071,0.08086039374799515
1424,0.38887040001815365,0.21050756806634155,0.3070102378173467,0.08186016220080694
1425,0.40723111778438964,0.19980540097699223,0.3258641410051709,0.08136697677921872
1426,0.3896171578630266,0.18483889207110185,0.31760075407173316,0.07201640379129343
1427,0.3748635519686182,0.18243204931971416,0.306476425967716,0.06838712600090219
1428,0.369549162657495,0.18448666017099766,0.30137227186982496,0.06817689078767002
1429,0.3973075035111661,0.18453705555870642,0.3239895466618351,0.07331795684933101
1430,0.3915993456850448,0.17519557676093014,0.3229928724585505,0.06860647322649428
1431,0.4173325248952676,0.17353543926453516,0.3449105418681898,0.07242198302707782
1432,0.41068895278598005,0.17610093898428672,0.33836624256989556,0.07232271021608448
1433,0.3874939374599199,0.17844069930874998,0.31834924828167077,0.06914468917824913
1434,0.3970262953109628,0.19873283398744024,0.3181241344762808,0.07890216083468199
1435,0.37682642153177637,0.19914163603644422,0.30178459144617964,0.07504183008559671
1436,0.4007289706476608,0.21184544321731233,0.31583636425078976,0.08489260639687105
1437,0.4158716199550982,0.23463905510664493,0.3182918960031642,0.09757972395193398
1438,0.4214039635677113,0.22401958081870102,0.32700122429393347,0.09440273927377785
1439,0.4106000463277055,0.21555168719705908,0.322094513578578,0.08850553274912755
1440,0.41104297900047254,0.22562693357583524,0.31830061208071947,0.09274236691975306
1441,0.4126476690363451,0.224002637260241,0.32021350291291273,0.09243416612343239
1442,0.4125411190040106,0.22631601289601502,0.31917645779536247,0.09336466120864813
1443,0.3898431733813906,0.22275847012796626,0.3030023044891205,0.08684086889227007
1444,0.4164304898715273,0.20852675574318616,0.329593590826072,0.08683689904545533
1445,0.42066726393670356,0.20842966030687096,0.3329877290121556,0.08767953492454796
1446,0.40278244917563,0.20721397726391716,0.3193202959098461,0.08346215326578386
1447,0.44285426927672994,0.2076332058335571,0.35090301762972514,0.0919512516470048
1448,0.4603636491284208,0.23253864081476341,0.3533113118795732,0.10705233724884762
1449,0.45494075084600755,0.2071092968484263,0.36071829183059584,0.09422245901541172
1450,0.4615500981513063,0.19743257199109387,0.3704250751705521,0.09112502298075423
1451,0.43142772769279636,0.18968500223206014,0.34959235820241563,0.08183536949038071
1452,0.43720033732710967,0.1998021723897047,0.34984676015964145,0.08735357716746822
1453,0.4334930740286052,0.20540721212147617,0.34445047021842073,0.08904260381018449
1454,0.4207413881290207,0.20659420356957,0.3338186561397503,0.08692273198927036
1455,0.4159520186051363,0.20207497219026951,0.33189852601301695,0.08405349259211939
1456,0.4647290862569492,0.21491013731481348,0.36485409451528045,0.09987499174166875
1457,0.47925777073589915,0.2075548073165121,0.37978551647586845,0.09947225426003067
1458,0.4610346743696523,0.24025712537852048,0.35026780880577735,0.11076686556387491
1459,0.4633736224166982,0.23555673660962462,0.3542228440892404,0.10915077832745783
1460,0.43083619112084887,0.1879871647095814,0.34984451709776515,0.08099167402308372
1461,0.41064238064290326,0.1806898322319141,0.3364434777772233,0.07419890286568
1462,0.4267578707681648,0.20458148689738642,0.339451111021251,0.08730675974691383
1463,0.45722718497198056,0.20228762903418213,0.3647357817940252,0.09249140317795537
1464,0.4612184490118576,0.20850333658448184,0.3650528634985656,0.09616558551329202
1465,0.4521104141103565,0.20220256226045208,0.36069252995260837,0.09141788415774814
1466,0.45480278967962495,0.19437150435540326,0.3664020872645622,0.08840070241506277
1467,0.46207305808017807,0.1918727399162383,0.3734138343848592,0.08865922369531888
1468,0.44403505145811767,0.19722551447715075,0.3564600099884023,0.08757504146971537
1469,0.45962235694239545,0.20539054327603032,0.36522027134818735,0.09440208559420812
1470,0.4809470475117734,0.21375715222178043,0.3781411762661834,0.10280587124559001
1471,0.4826512444811754,0.2062750982578814,0.38309231160153223,0.0995589328796432
1472,0.4786249724291842,0.2027627418327596,0.38157766070981386,0.09704731171937037
1473,0.4847829893593134,0.19477356769396256,0.3903600769644556,0.09442291239485777
1474,0.5027131401647151,0.22366731391655675,0.3902726424335158,0.11244049773119934
1475,0.48825773813932294,0.22418179316300882,0.37879924287753475,0.10945849526178822
1476,0.49480880573115843,0.18988615561327582,0.40085146384727255,0.09395734188388591
1477,0.5167144518199506,0.17876076584068545,0.42434618069166624,0.09236827112828433
1478,0.527898589964165,0.18536341592461805,0.4300455040666181,0.09785308589754693
1479,0.5215025868199016,0.17608995742470804,0.42967121850991,0.09183136830999157
1480,0.5265177347212179,0.15340467585118378,0.4457474522964099,0.080770282424808
1481,0.536072678047858,0.15288363635710223,0.4541159376762113,0.08195674037164666
1482,0.5584019008862254,0.16525253184575883,0.4661245729772922,0.09227732790893324
1483,0.5523530930640063,0.16839864813570063,0.4593375788984548,0.0930155141655515
1484,0.5459519184888805,0.1700900410672682,0.4530909342523529,0.09286098423652754
1485,0.548632989115532,0.16715921949712537,0.4569239268646048,0.09170906225092722
1486,0.5892378528188824,0.16253981018679464,0.49346324406682684,0.09577460875205558
1487,0.5765029385706392,0.14618157134323134,0.49222883312639276,0.0842741054442464
1488,0.5830311473251943,0.15926081767635464,0.49017713007140074,0.09285401725379364
1489,0.5989888840058184,0.1744755996415446,0.4944799392902836,0.10450894471553478
1490,0.5869384423463575,0.1827242705357731,0.4796905436192164,0.10724789872714108
1491,0.6052663542171588,0.1916669092029131,0.4892568228598404,0.11600953135731841
1492,0.5955033784501389,0.18627731776692913,0.4845746063913025,0.11092877205883638
1493,0.5965480749388904,0.1992639832720104,0.4776775293133173,0.11887054562557306
1494,0.5888065203665945,0.1940180660893083,0.4745674179842929,0.11423910238230159
1495,0.5653373123798688,0.16926094508022282,0.4696477845973391,0.09568952778252976
1496,0.5904556512955513,0.1715226348729484,0.48917914220971553,0.10127650908583578
1497,0.5713915546270996,0.17468319234450497,0.47157905378614823,0.09981250084095135
1498,0.5588564055640315,0.15699988997506967,0.47111601137861564,0.08774039418541585
1499,0.5242951067291781,0.1637697555270745,0.4384314252760992,0.08586368145307893
1500,0.5508266604543494,0.1636552694284358,0.4606809749293273,0.09014568552502207
1501,0.5568992636039933,0.15508785428386543,0.47053095175938525,0.08636831184460808
1502,0.5743982786777807,0.17557770776237266,0.4735467455648834,0.10085153311289727
1503,0.5648230676099102,0.19249602022509224,0.4560968749636743,0.10872619264623591
1504,0.5324181498007368,0.1747721280024453,0.4393662967729373,0.09305185302779946
1505,0.535369041400877,0.18021956083719293,0.438885067873782,0.09648397352709502
1506,0.5479894810151358,0.18894144140109598,0.4444515585994975,0.10353792241563828
1507,0.5517610332596868,0.17708035424496762,0.45405499403149213,0.09770603922819471
1508,0.5385702110420016,0.18170160064890012,0.440711141633854,0.09785906940814763
1509,0.5508439769917726,0.1927793112454905,0.44465265450357183,0.10619132248820073
1510,0.5778787991557378,0.17788353124484663,0.4750836777303837,0.10279512142535413
1511,0.5796660420396389,0.20488410812171826,0.46090168200790105,0.11876436003173786
1512,0.5725487119548149,0.19524345927249145,0.4607623208307476,0.11178639112406735
1513,0.5792918206566527,0.1900048674000768,0.4692235550868364,0.11006826556981637
1514,0.5427048488883283,0.19900211069716206,0.4347054384739666,0.1079994104143617
1515,0.5559786718758084,0.20984629948424194,0.43930860499050645,0.11667006688530197
1516,0.585417628808802,0.2097189604943662,0.4626444522399433,0.12277317656885868
1517,0.5717431953901688,0.20825275311197042,0.45267610087713095,0.11906709451303789
1518,0.5641875578650121,0.21486937124981112,0.4429609320395905,0.12122662582542157
1519,0.5602180359871577,0.20845443634528582,0.4434381010649917,0.116779934922166
1520,0.5741046869177383,0.2172662882736413,0.4493710925106204,0.12473359440711791
1521,0.5772073260107979,0.20882601084230631,0.4566714226910084,0.12053590331978953
1522,0.5949341427059294,0.19679205855130133,0.47785582806037585,0.11707831464555352
1523,0.6105713977870898,0.21131178873308396,0.4815504635714405,0.12902093421564928
1524,0.5943941625673735,0.20461797792748396,0.4727704309309374,0.12162373163643615
1525,0.6008596104716278,0.19328919915015583,0.4847199375618923,0.11613967290973552
1526,0.6086525348617066,0.21325261622896272,0.47885578942805773,0.12979674543364886
1527,0.6157809011206755,0.21167316736106825,0.4854366073800094,0.13034429374066617
1528,0.605251368800032,0.21631994962004114,0.4743234231937482,0.13092794560628387
1529,0.5865196669460571,0.2090342572585806,0.46391696399843796,0.1226027029476191
1530,0.5764426139595539,0.20991835364743908,0.4554367294649381,0.12100588449461583
1531,0.5957440994622161,0.19147883326439644,0.4816717143730424,0.11407238508917368
1532,0.606715938335324,0.20045424963414507,0.4850971501752404,0.1216187881600836
1533,0.5921665817813242,0.19155213752306183,0.47873580727138654,0.11343077450993765
1534,0.5967074794460991,0.1981824964265157,0.4784505015330974,0.11825697791300173
1535,0.5989125998231302,0.20106324548819596,0.4784932887389185,0.12041931108421168
1536,0.5908102141283456,0.21250337340184725,0.4652610505858044,0.12554916354254114
1537,0.5954817928510006,0.2239657433382475,0.4621142704707339,0.13336752238026667
1538,0.5904726292476925,0.23174050704133087,0.4536362027518045,0.13683642649588804
1539,0.5980976020831791,0.23725458746516692,0.45619620223702884,0.14190139984615022
1540,0.6083226585705428,0.22772078788546346,0.469794943472279,0.13852771509826378
1541,0.5999200776528388,0.22587530684676596,0.4644129460294682,0.13550713162337064
1542,0.5984146231573317,0.21514871613913766,0.46966648526614596,0.1287481378911858
1543,0.5971385914242499,0.20484597923221642,0.474817151926603,0.12232143949764686
1544,0.5863414250235828,0.1989389199642712,0.4696952951990795,0.11664612982450326
1545,0.5813437205635531,0.21127005098669047,0.4585232030792989,0.1228205174842542
1546,0.5875166715980782,0.20758439531421588,0.4655573785873704,0.1219592930107078
1547,0.5887596475650366,0.19909831572179262,0.47153859336988163,0.11722105419515501
1548,0.6162819120617864,0.2069365535659896,0.48875065715466204,0.12753125490712436
1549,0.5884094659995452,0.19837154766617243,0.4716857695677894,0.11672369643175586
1550,0.584030264854363,0.19799714192132942,0.46839394161764214,0.11563632323672092
1551,0.5888800479663953,0.20254068762550345,0.4696078781223421,0.11927216984405314
1552,0.5855949159995217,0.1845292701910087,0.47753551352256496,0.10805940247695679
1553,0.6164929539741383,0.18894277557616457,0.5000110641271159,0.11648188984702236
1554,0.6074122690205852,0.20862600208071871,0.4806902757200425,0.12672199330054268
1555,0.6106345922365269,0.17354958813188598,0.5046592102547955,0.1059753819817314
1556,0.6285891503163187,0.18734473002515614,0.5108262856535657,0.11776286466275301
1557,0.6115871902476957,0.20125680619535483,0.4885011056284536,0.12308608461924209
1558,0.5999252064324543,0.19466179905306685,0.4831426864510302,0.11678251998142407
1559,0.6149613803800477,0.17157094137032963,0.5094518774418455,0.10550950293820213
1560,0.6234718980861619,0.1947702425701577,0.5020381252602435,0.1214337728259184
1561,0.6061555941293373,0.20045134536336295,0.48465088978658305,0.12150470434275425
1562,0.5996961776363147,0.1896432796098275,0.4859678277398863,0.1137283498964284
1563,0.6154331837473705,0.19977569406776047,0.49248459231190805,0.12294859143546251
1564,0.6237450585866554,0.19725664586669533,0.5007072004539264,0.12303785813272902
1565,0.6272476050870867,0.20925230498731032,0.4959945979248436,0.13125300716224303
1566,0.6212581481151804,0.19547550046417173,0.49981740069492103,0.12144074742025941
1567,0.6298064390777801,0.180307459883154,0.5162476398296112,0.11355879924816892
1568,0.6359723080368224,0.18917224444766492,0.5156639991189349,0.12030830891788741
1569,0.6229810773809292,0.19180340558069903,0.503491185126934,0.11948989225399521
1570,0.6197928428786904,0.1823760909412265,0.506757447001125,0.11303539587756535
1571,0.6116951274298098,0.20766257842670222,0.4846689400566853,0.1270261873731245
1572,0.6148589564949429,0.21274586442779356,0.4840502562942552,0.13080870020068774
1573,0.6272213859877339,0.18751104642755456,0.5096104475594329,0.1176109384283011
1574,0.6244831382807741,0.18011853174909853,0.5120021523115718,0.1124809859692023
1575,0.6263710505743397,0.1791540886543952,0.5141541158491978,0.11221693472514191
1576,0.6313438296457571,0.19933913173750287,0.505492298816342,0.12585153082941514
1577,0.6292948734622916,0.20723231444046597,0.4988846403691808,0.13041023309311087
1578,0.6259652940406034,0.20917875135972352,0.4950266554386678,0.1309386386019356
1579,0.6204336216929971,0.2091001425211172,0.4907008629720985,0.1297327587208986
1580,0.6395002521079763,0.2145492252808633,0.5022959684512933,0.13720428365668308
1581,0.6101214749030636,0.21581360671442268,0.4784489588703103,0.13167251603275326
1582,0.595105054388282,0.1938162182823276,0.47976404326604627,0.1153410111222357
1583,0.5859695135008871,0.19003021737921047,0.4746175994727233,0.11135191402816377
1584,0.6021011401019997,0.19296154637830348,0.4859187730317783,0.1161823670702214
1585,0.616634851260042,0.20144458651569383,0.4924170986167965,0.12421775264324553
1586,0.6159991533247198,0.20369836346106077,0.4905211338990753,0.12547801942564446
1587,0.624534247597865,0.20687656506625163,0.4953327476885828,0.12920149990928223
1588,0.6105510139032335,0.21792667029659699,0.47749566439709057,0.13305534950614298
1589,0.5996092263111921,0.20865498940482574,0.47449776954819456,0.12511145676299754
1590,0.5957892188382107,0.19511339324441718,0.47954276269224677,0.11624645614596392
1591,0.5799295336993416,0.17639873156669988,0.47763069955671006,0.10229883414263159
1592,0.589556953436593,0.19003403726070967,0.477521065379913,0.11203588805667998
1593,0.579164387786492,0.2065390055330394,0.4595443510929184,0.11962003669357364
1594,0.5850893130283317,0.20736772763880418,0.46376067171989754,0.12132864130843413
1595,0.6244596190709591,0.2163792513814563,0.48933951417843563,0.13512010489252352
1596,0.6221091446885169,0.23686942649433682,0.47475050836926547,0.1473586363192514
1597,0.6187418988353119,0.203594278120551,0.4927695885989976,0.12597231023631433
1598,0.601771044255341,0.20939049789075703,0.47576590568247434,0.12600513857286663
1599,0.5781421275595914,0.20090553387715906,0.4619901747653551,0.1161519527942363
1600,0.5888766067325713,0.2104155420797947,0.46496781630882716,0.12390879042374407
1601,0.5891807829572467,0.21230203731669198,0.46409650238757955,0.1250842805696672
1602,0.5673072128370138,0.21802629760190137,0.44361932161930584,0.12368789121770797
1603,0.5638147661518177,0.23113142542805204,0.43349945557376424,0.13031531057805346
1604,0.5527003200135906,0.227501154346828,0.42696035920263753,0.1257399608109531
1605,0.5677632219883367,0.2432633189106197,0.429647256252067,0.13811596573626972
1606,0.559872522436582,0.24509124739307356,0.42265266753149355,0.13721985490508845
1607,0.5745847861494099,0.2400999564035137,0.43662700404481436,0.13795778210459556
1608,0.5665355194984639,0.2415992198334497,0.4296609799796969,0.13687453951876702
1609,0.5570829235471535,0.2275009940489798,0.43034600467246426,0.12673691887468924
1610,0.5820312181099909,0.23081095027779136,0.44769203956668346,0.13433917854330746
1611,0.5724002131745535,0.25324550693115305,0.42744243102166357,0.14495778215288987
1612,0.5439362272594996,0.237307945566355,0.41485583864943376,0.12908038861006585
1613,0.5464219797168162,0.25424660790659975,0.4074960448882068,0.13892593482860938
1614,0.5305162448798346,0.23383460931455138,0.40646318602333564,0.124053058856499
1615,0.5338986821884967,0.23183275845154364,0.41012347796309345,0.12377520422540321
1616,0.555662448314353,0.24799743330370608,0.4178595873491402,0.13780286096521277
1617,0.5399740387713975,0.2413522191861716,0.40965010621100084,0.13032393256039665
1618,0.5283365450395822,0.23624140057356216,0.4035215796652344,0.12481496537434779
1619,0.5119995200078558,0.24734680295196024,0.38535807562097446,0.12664144438688132
1620,0.520097027712356,0.24384849291173682,0.39327215133682414,0.12682487637553183
1621,0.529438599581163,0.25993391660294546,0.39181955079125275,0.13761904878991027
1622,0.5445610483394879,0.2511858771928553,0.4077750037272728,0.13678604461221514
1623,0.5286716738645943,0.2538426370950127,0.3944722620133712,0.13419941185122314
1624,0.522879649513986,0.26771907875425777,0.38289479144675254,0.13998485806723351
1625,0.541025026384665,0.27824535671770645,0.39048732492505733,0.15053770145960765
1626,0.5466759131665004,0.3025738878281565,0.38126605673770475,0.16540985642879572
1627,0.5536254397293673,0.31654816782834316,0.37837632111987524,0.17524911860949205
1628,0.5428146343786254,0.3237173988749521,0.3670960928663186,0.1757185415123068
1629,0.531255599255676,0.29672454436061135,0.373619023627512,0.157636575628164
1630,0.5383970493423387,0.2902174461665148,0.3821448326586181,0.15625221668372058
1631,0.5177119978147191,0.26913260607673384,0.3783788186456514,0.13933317916906768
1632,0.5027612153377281,0.2765783952579408,0.3637083252016873,0.13905289013604086
1633,0.49861381755071393,0.2706297973349643,0.3636740611585514,0.13493975639216257
1634,0.5228881140148026,0.2435738866588489,0.3955262237965018,0.1273618902183008
1635,0.5178497608168475,0.20185975758565128,0.4133167336325712,0.10453302718427633
1636,0.48495347689142115,0.20322337244509853,0.3863995958385704,0.09855388105285076
1637,0.47925119168265895,0.2149412364046541,0.37624034799398437,0.1030108436886746
1638,0.5009790622567646,0.23598207248317618,0.38275698487473514,0.11822207738202946
1639,0.47873975966399873,0.23963201201663314,0.3640183878233553,0.1147213718406434
1640,0.4677986006857174,0.22648337728519566,0.3618499937131275,0.10594860697258991
1641,0.4737946932729788,0.21441306473887478,0.37220692103130426,0.10158777224167452
1642,0.47910358162314554,0.21028715948108406,0.3783542503464006,0.10074933127674499
1643,0.4792622604029861,0.21293016173795012,0.3772128697804827,0.1020493906225034
1644,0.4752053789291515,0.23533377749024456,0.3633735020220712,0.11183187690708028
1645,0.4621200934814121,0.238215841295519,0.3520357666331736,0.11008432684823848
1646,0.46486575764962945,0.27335588310556935,0.3377919679417754,0.12707378970785405
1647,0.4552632311485122,0.27182777218931425,0.3315100412657033,0.12375318988280888
1648,0.45635505372161017,0.253895720321584,0.3404884586345668,0.11586659508704336
1649,0.46702018078623075,0.2573105751798794,0.3468509494475145,0.12016923133871628
1650,0.4752890085751757,0.2615914640776781,0.3509574609619674,0.1243315476132083
1651,0.4382503755892413,0.2685968459217247,0.3205377069819599,0.11771266860728143
1652,0.43298218440256936,0.2367630504762681,0.330468001621539,0.10251418278103036
1653,0.41728896812972016,0.22637583115033696,0.3228248311394883,0.09446413699023187
1654,0.4072512390678004,0.23938276997514507,0.30976230938394034,0.09748892968386008
1655,0.4215880019914736,0.2531199341059017,0.31487567470755307,0.10671232728392056
1656,0.41771270970995983,0.27927252440408706,0.30105702679358776,0.11665568291637209
1657,0.4064761429471659,0.2429898705023592,0.3077065576101356,0.09876958533703029
1658,0.4082886826136128,0.23735488365013607,0.3113793698561914,0.0969093127574214
1659,0.4224885110192218,0.24404679490960363,0.31938154401885,0.10310696700037184
1660,0.4402196875904154,0.2551084422584611,0.32791592883771814,0.11230375875269726
1661,0.4312461534612205,0.24070580413443168,0.3274427013124569,0.10380345214876362
1662,0.4476405491442983,0.22205584214881796,0.3482393500241018,0.09940119912019649
1663,0.45249226836046463,0.20805846490954563,0.3583474216219482,0.09414484673851643
1664,0.4574053598335715,0.20703602666493773,0.36270597155838274,0.09469938827518874
1665,0.4507422921674719,0.20968032601167857,0.3562305013985451,0.09451179076892678
1666,0.46139395613638906,0.18818919316498456,0.3745645997998817,0.08682935633650733
1667,0.46813202267345105,0.18631466654414683,0.38091216097041003,0.08721986170304101
1668,0.4631242766663511,0.19313095888534798,0.37368064103069554,0.08944363563565558
1669,0.4372102661436539,0.2110148707147503,0.3449523983581892,0.0922578677854647
1670,0.4485795017748966,0.21494239579349753,0.35216074895954685,0.09641875281534974
1671,0.4645814334149544,0.1955553270574789,0.37373005925866065,0.09085137415629377
1672,0.45495033517171246,0.1804526651790717,0.372853334665865,0.08209700050584746
1673,0.43867302556003285,0.1956013792738189,0.3528679767102712,0.08580504884976164
1674,0.43126839155881713,0.18622467740798912,0.3509555744645141,0.08031281709430306
1675,0.43086063395981694,0.19935342901203876,0.34496708915362656,0.08589354480619038
1676,0.4161093913381834,0.20721006752349655,0.3298873362618374,0.08622205507634603
1677,0.41606308323913277,0.20766408655559523,0.3296617231087737,0.0864013601303591
1678,0.39115017923728446,0.22317455922232465,0.30385541039627023,0.08729476884101424
1679,0.39788151606377925,0.21877131790442286,0.3108364524246965,0.08704506363908278
1680,0.4192132881837016,0.2188762671204235,0.3274574485387747,0.09175583964492695
1681,0.40757374443611466,0.20636849063770374,0.32346336597327646,0.08411037846283818
1682,0.43020543705558295,0.20625476724194175,0.34147351476946586,0.08873192228611708
1683,0.4281166797785086,0.20558212912075804,0.340103541237533,0.08801313854097557
1684,0.44479302448113744,0.19895672540975018,0.3562984608452715,0.08849456363586596
1685,0.45021689586815006,0.191327528113348,0.3640780100668323,0.08613888580131775
1686,0.430151103041767,0.1996895794396356,0.3442544101798612,0.08589669286190582
1687,0.42660687800546143,0.18991077661458236,0.34558963449432184,0.08101724351113958
1688,0.43089066909902696,0.1897304530181028,0.34913758724959515,0.08175308184943181
1689,0.45269393867840696,0.1842145021918319,0.36930115011950454,0.08339278855890242
1690,0.43630719016702313,0.19092278752864356,0.3530062052015451,0.08330098496547804
1691,0.412775019359939,0.1910445392444847,0.3339166059746862,0.07885841338525279
1692,0.421783447064672,0.184671906864553,0.34389189361133476,0.07789155345333723
1693,0.4161878481097648,0.18160663005535962,0.3406053755445585,0.07558247256520625
1694,0.41049876628342186,0.18828021776968995,0.33320996917339013,0.07728879711003173
1695,0.4117414055023827,0.19806851859347688,0.3301883952709297,0.08155301023145299
1696,0.4076908906129621,0.20258970283188069,0.32509691423641734,0.08259397637654477
1697,0.4061273725473869,0.19299761311619346,0.32774575902459013,0.07838161352279674
1698,0.4040369328426707,0.19558322548410167,0.3250140863025978,0.07902284654007291
1699,0.42812690216686516,0.19332276475493915,0.34536022577399944,0.08276667639286572
1700,0.4100670993141247,0.19599512259284,0.3296959479127626,0.08037115140136217
1701,0.40940327780285535,0.20040947715572188,0.32735498095254634,0.082048296850309
1702,0.400230513794441,0.19264851906126768,0.32312669802881167,0.07710381576562933
1703,0.3952999914785696,0.1904457887958067,0.3200167727904577,0.07528321868811186
1704,0.4034140493103972,0.18249179451349448,0.32979429551978745,0.07361975379060974
1705,0.4260283794603304,0.1856661954927085,0.34692931107400693,0.0790990683863235
1706,0.4304381892399483,0.203115232631933,0.3430096362988082,0.0874285529411401
1707,0.43194399321320975,0.20375155470963804,0.34393473304852895,0.08800926016468083
1708,0.43179427237630236,0.20207869941457118,0.34453784739983806,0.08725642497646428
1709,0.4299482135543401,0.20001045412587137,0.3439540761107294,0.08599413744361069
1710,0.4421658091244612,0.2074534103741974,0.3504370040707253,0.09172880505373589
1711,0.4381408658228501,0.19106599907117208,0.3544270435604989,0.08371382226235122
1712,0.46124438280717817,0.17960535352743287,0.3784024223705523,0.08284196043662581
1713,0.46372987056429554,0.19112363112431308,0.3751001338412397,0.08862973672305587
1714,0.4776302370859605,0.18806073768292705,0.3878067423599034,0.08982349472605707
1715,0.4789110099316334,0.1813250574329333,0.39207244355051585,0.08683856638111752
1716,0.49154010394318287,0.17439768236051378,0.40581664902824577,0.08572345491493713
1717,0.48788784815448955,0.18395874214133978,0.39813661330194466,0.08975123485254488
1718,0.4794152600052759,0.19069518417637096,0.38799307870160704,0.09142218130366886
1719,0.4959773979237501,0.19362700207699024,0.39994278126582794,0.09603461665792218
1720,0.5082491608397381,0.20264632249520992,0.40525433748428874,0.10299482335544939
1721,0.49557790653007777,0.19934707211089345,0.39678590186046075,0.09879200466961703
1722,0.4965661563903349,0.19244608689072348,0.40100394271064793,0.09556221367968698
1723,0.5099990086852868,0.20497134388008104,0.4054638264975544,0.10453518218773236
1724,0.50471473049821,0.2129175962897129,0.3972520832685209,0.10746264722968914
1725,0.49729442209818914,0.22618304819745383,0.3848148538564295,0.11247956824175966
1726,0.49187235702428583,0.19633756032430322,0.3952993384551729,0.09657301856911293
1727,0.49653986353713386,0.18888728895369994,0.4027497948561645,0.09379006868096934
1728,0.49445118618193423,0.22258102126417198,0.3843957361962781,0.11005544998565617
1729,0.5132853548347299,0.2322830791478522,0.39405785213222094,0.11922750270250898
1730,0.5073572922984125,0.21129007801719588,0.4001577304260877,0.10719956187232484
1731,0.49013136895818554,0.2069589017284716,0.38869431913592717,0.10143704982225837
1732,0.5163500194886539,0.1999192242964444,0.41312172412702824,0.10322829536162563
1733,0.5215770864744249,0.20601037208249878,0.414126796820123,0.10745028965430192
1734,0.5044308871071294,0.20721253706137258,0.3999064832175423,0.10452440388958709
1735,0.5174294592893204,0.22432140053623953,0.4013589583028309,0.11607050098648948
1736,0.511306030026864,0.21373952601002427,0.40201972152285487,0.10928630850400915
1737,0.5107230306597046,0.21278629720724082,0.4020481680671659,0.10867486259253867
1738,0.5456662155034406,0.21541339098557533,0.4281224056755788,0.11754380982786186
1739,0.5288146034419045,0.21969849559441007,0.4126348306173635,0.11617977282454095
1740,0.49400726045690774,0.19855832382510086,0.3959180068631541,0.09808925359375363
1741,0.5134786194449589,0.20224174866704264,0.40963180554527145,0.1038468138996874
1742,0.517113788881727,0.20446337035493364,0.4113829607499595,0.10573082813176751
1743,0.5239462158560313,0.19287568736775096,0.4228897293290672,0.10105648652696406
1744,0.5441420506277659,0.18730887591569684,0.44221941478621685,0.10192263584154902
1745,0.5293121012326276,0.20035922967192582,0.42325953637362995,0.10605256485899768
1746,0.5260001042296732,0.2311274187224717,0.40442705789131783,0.12157304633835544
1747,0.5367773891125537,0.24317492011845449,0.4062465903937159,0.1305307987188378
1748,0.5531026047358399,0.21707949472308669,0.4330353707697607,0.12006723396607927
1749,0.5541458324468873,0.23946015039430274,0.4214499880687796,0.13269584437810772
1750,0.5526777509423191,0.26174873313769914,0.4080150497997742,0.14466270114254484
1751,0.5354024049121503,0.25567911613183336,0.39851119124935375,0.13689121366279655
1752,0.5054483278743797,0.24206924294222665,0.3830948337994142,0.12235349407496544
1753,0.5158587962868862,0.24146041218753375,0.39129931870488965,0.12455947758199656
1754,0.528511445335298,0.24119059559263947,0.4010394550573508,0.12747199027794726
1755,0.5263732199611085,0.2227978771078364,0.4090983839873573,0.1172748359737512
1756,0.5399160888504977,0.21810619161330155,0.4221570469205667,0.11775904192993099
1757,0.5269832858094682,0.1996340012746108,0.42177950385848223,0.10520378195098597
1758,0.5264612249688783,0.2046880393334848,0.41870090904489393,0.10776031592398434
1759,0.5496836554664853,0.20834737406703643,0.43515850928247357,0.1145251461840118
1760,0.548285352582744,0.22397451049599046,0.4254834091259024,0.12280194345684163
1761,0.5426514589762639,0.21550916288422398,0.42570509731438644,0.11694636166187744
1762,0.5562228489512201,0.22943358214361725,0.42860664824621353,0.12761620070500657
1763,0.5583268101510391,0.23380064756323513,0.42778964038581074,0.1305371697652284
1764,0.5479369328418309,0.2175857786183073,0.42871364867571393,0.11922328416611692
1765,0.5553507914546979,0.2193681932300842,0.43352449172438356,0.12182629973031435
1766,0.5703571995564917,0.2315267909514581,0.4383042274471167,0.13205297210937492
1767,0.5647615219920558,0.2219459977518515,0.4394149625016747,0.12534655949038104
1768,0.5808145393269756,0.23279522459167207,0.44560368819824375,0.13521085112873182
1769,0.5703478384608507,0.244638143442295,0.4308190021434622,0.1395288363173885
1770,0.5859541333300672,0.25350036153764527,0.43741454868641755,0.14853958464364964
1771,0.6161328535659327,0.24252089794434614,0.4667077606661104,0.14942509289982234
1772,0.5759193846060372,0.23757546074212704,0.43909507145793564,0.13682431314810156
1773,0.5671386219074239,0.23126257611091375,0.43598068319311956,0.13115793871430437
1774,0.6062710440989093,0.2300255197326147,0.4668132320812227,0.1394578120176866
1775,0.6098915323203662,0.215700680252822,0.47833751391842727,0.13155401840193895
1776,0.5932624547792846,0.2239270014179893,0.4604149722266839,0.13284748255260068
1777,0.5821810322547027,0.2211490798273537,0.4534322326786363,0.12874879957606644
1778,0.56327379545446,0.23016912298191197,0.43362555995601404,0.12964823549844592
1779,0.568709257350591,0.20529203154109238,0.45195777855286223,0.11675147879772875
1780,0.5706253013566491,0.20013444722657855,0.45642352209613635,0.11420177926051278
1781,0.5747065470599232,0.21460699111999662,0.45137050421843034,0.12333604284149285
1782,0.572493656806842,0.22536190156074043,0.4434753976773902,0.12901825912945186
1783,0.5888278692185046,0.22769746964581378,0.454753253340515,0.13407461587798966
1784,0.5621810241863991,0.21836333196653396,0.4394213025766984,0.12275972160970074
1785,0.5505577457870457,0.22736939523153674,0.425377764087407,0.12517998169963873
1786,0.5704071799935065,0.22731909491801416,0.4407427361026458,0.1296644438908607
1787,0.5741584557041085,0.22695741778714823,0.4438489351968473,0.1303095205072612
1788,0.5602879068659123,0.22918292833125808,0.43187948366179135,0.128408423204121
1789,0.5673413393462832,0.2120459391390797,0.44703891223217723,0.12030242711410592
1790,0.5965898142363871,0.21937600130925364,0.4657123263673781,0.13087748786900905
1791,0.5639034979368325,0.23429595082598015,0.43178319171362617,0.1321203062232063
1792,0.5758272272041165,0.2073008920905278,0.4564577293146881,0.11936949788942838
1793,0.5887501928991219,0.20009942085256968,0.47094162027316894,0.11780857262595297
1794,0.5952418205323473,0.18448438989900123,0.48542899642906645,0.10981282410328087
1795,0.5916614698900277,0.2107013394585786,0.46699760567816734,0.1246638642118603
1796,0.5843315711094521,0.22481640812501513,0.4529642461385782,0.1313673249708739
1797,0.572993512227252,0.20151002871442933,0.45752957312515674,0.11546393910209526
1798,0.6034535309527295,0.2066649907518072,0.4787408125592382,0.12471271839349123
1799,0.5893574788048344,0.20389575039789878,0.46918999341130896,0.12016748539352543
1800,0.5784537457050378,0.19968907611744793,0.46294285164852167,0.11551089405651617
1801,0.56699178206381,0.20444303441451275,0.45107426165059256,0.11591752041321741
1802,0.5990952112017929,0.21456939187067797,0.4705477160615888,0.12854749514020408
1803,0.5749981990412626,0.21935210665505483,0.4488711327586991,0.12612706628256348
1804,0.5696245213474986,0.2070789027891417,0.4516673004650686,0.11795722088243005
1805,0.577304964426015,0.2131846539345651,0.45423240537014853,0.12307255905586642
1806,0.5736544585195507,0.22485216178000395,0.4446670134066921,0.12898744511285856
1807,0.5737301936166497,0.22509606722478304,0.44458578338542853,0.12914441023122117
1808,0.5618487161179966,0.2185231238398956,0.43907177954645726,0.12277693657153932
1809,0.5668613790920588,0.21306135303562596,0.44608512667906386,0.12077625241299494
1810,0.5739900553271658,0.19590172572956804,0.4615444129369638,0.11244564239020204
1811,0.6154974793863821,0.1932217630783245,0.49656997124908064,0.11892750813730145
1812,0.569681373753393,0.21636119286238129,0.44642443217662886,0.12325694157676417
1813,0.5860446223464488,0.2172344787844562,0.45873552426658454,0.1273090980798643
1814,0.5938587001801101,0.19501751408932788,0.4780458527506655,0.11581284742944457
1815,0.5975940870545616,0.19211924399923663,0.48278476283122523,0.11480932422333638
1816,0.5764204746816152,0.1918234351192037,0.4658495191551458,0.1105709555264694
1817,0.5857057455923398,0.20056369986781522,0.4682344342225028,0.11747131136983698
1818,0.5923343766417974,0.21300165281644595,0.4661661753970954,0.12616820124470207
1819,0.6003972619014543,0.2168809566107699,0.4701825293937799,0.13021473250767435
1820,0.6006409883172309,0.21400146968663925,0.47210293406330794,0.12853805425392292
1821,0.6009498606410276,0.22230637818709112,0.4673548736498836,0.133594986991144
1822,0.6091341901420949,0.22451760249021202,0.4723728421765748,0.13676134796552009
1823,0.6000967699570922,0.22983187630088325,0.46217540335575413,0.137921366601338
1824,0.5935013501867655,0.233368400385774,0.454996889466883,0.13850446071988257
1825,0.6013848261921326,0.23711317678612404,0.458788559582745,0.14259626660938762
1826,0.6209987791906078,0.24997447598136696,0.46576493477736697,0.15523384441324078
1827,0.6001032177757268,0.2141958281541274,0.4715636120662984,0.1285396057094285
1828,0.5953624431138931,0.20990139988399317,0.47039503286593265,0.12496741024796042
1829,0.6030750189855529,0.224490812956634,0.4676902176996487,0.13538480128590427
1830,0.592826685809925,0.22725207324252975,0.4581055923861218,0.13472109342380326
1831,0.5862226801467718,0.2279643999121182,0.45258477865223934,0.13363790149453245
1832,0.5959583410054834,0.21374869967610913,0.46857302055443006,0.1273853204510533
1833,0.592380585658721,0.21373961999581895,0.4657653843871253,0.1266152012715957
1834,0.6052720058354423,0.2023218124989166,0.4828122765599608,0.1224597292754815
1835,0.5847384767333937,0.20554185975544922,0.46455024275504353,0.12018823397835023
1836,0.6061009507955564,0.20427912838974033,0.4822871768508472,0.12381377394470915
1837,0.6350501426744835,0.20462351064239712,0.5051039530464755,0.12994618962800797
1838,0.6164324233247225,0.18577211031889393,0.5019164711746991,0.11451595215002347
1839,0.6147475162675057,0.19445059713731908,0.49520949464060543,0.11953802162690025
1840,0.6343170693180934,0.19078324994841653,0.5132999973358325,0.12101707198226087
1841,0.6331220754788127,0.20270025761644606,0.5047880676765983,0.12833400780221435
1842,0.5993611652163976,0.1975663563657283,0.4809475636574766,0.11841360155892097
1843,0.5985494285251572,0.2045944350252601,0.4760895463613604,0.12245988216379684
1844,0.6064322474388548,0.20383447757872922,0.4828204470952612,0.12361180034359362
1845,0.6152815934735086,0.19192273584235536,0.49719506674062897,0.11808652673287968
1846,0.6042924867510162,0.19899912865110755,0.484038808437153,0.12025367831386319
1847,0.603220611181773,0.19368428590485717,0.48638625786193973,0.1168343533198332
1848,0.6154599044253855,0.1951473187367474,0.49535455428679664,0.12010535013858878
1849,0.6246044054867017,0.19734575247581188,0.5013413790862215,0.12326302640048027
1850,0.6357687436098196,0.215662068751404,0.4986575411154449,0.13711120249437467
1851,0.6388658393531452,0.23138103595934534,0.4910443996045778,0.14782143974856743
1852,0.6225846167192349,0.19177212612325412,0.503190241079356,0.11939437563987894
1853,0.6122237897647573,0.19854268317503015,0.49067123584127686,0.12155255392348048
1854,0.6178425702628397,0.20871998179265489,0.4888864802468527,0.128956090015987
1855,0.6094837449311106,0.21207050596102575,0.4802302187685492,0.1292535261625614
1856,0.6160237865851004,0.20970152685184085,0.4868426579611523,0.1291811286239481
1857,0.6094623229815253,0.2021598862007158,0.4862534891239562,0.12320883385756903
1858,0.6194064441054303,0.21048001421654736,0.48903376694429834,0.13037267716113202
1859,0.6329484580013651,0.2204842327852554,0.49339330284632366,0.13955515515504144
1860,0.6313237485201356,0.23021530433935522,0.48598335961791006,0.1453403889022256
1861,0.6342558477184799,0.23873730330942752,0.4828353170259351,0.1514205306925448
1862,0.6288770638174527,0.23755079390953704,0.4794868180361182,0.14939024578133447
1863,0.6266127477094123,0.2380520420882649,0.47744630351864803,0.14916644419076433
1864,0.6295921769306798,0.20413197231048238,0.50107228410257,0.12851989282810986
1865,0.629256590359364,0.21203539892618228,0.495831918195587,0.13342467216377701
1866,0.6358379537223359,0.22731369131066007,0.4913032813862951,0.1445346723360408
1867,0.6216135369385813,0.2363040348752507,0.4747237500269189,0.14688978691166246
1868,0.6011592382361132,0.23865327863967115,0.45769061504653763,0.14346862318957557
1869,0.616067047941551,0.2395364907601937,0.4684965092046398,0.14757053873691114
1870,0.6064364629568509,0.24411411720429546,0.45839676116164385,0.1480397017952071
1871,0.6007809846698747,0.23583640123428629,0.45909495931534056,0.14168602535453417
1872,0.587914357072345,0.24043875231028178,0.44655696259256883,0.1413573944797761
1873,0.5964964769041289,0.24361651126643036,0.4511800862180282,0.14531639068610072
1874,0.5846600076257594,0.2606429145257778,0.432272519231518,0.15238748839424143
1875,0.5797841409797219,0.2671985275228423,0.42486667222884417,0.1549174687508777
1876,0.6080182957302583,0.27275413894697037,0.4421787890143474,0.165839506715911
1877,0.5872815720203252,0.25412813326167233,0.43803680242381954,0.14924476959650562
1878,0.5691678956559993,0.2541140674527264,0.42453432662734436,0.14463356902865496
1879,0.5782696723728705,0.2515347901702998,0.43281473167071255,0.14545494070215798
1880,0.5667024886307996,0.2436338267676556,0.42863459268692405,0.13806789594387556
1881,0.5739736412901243,0.24966630251567776,0.430671764527759,0.14330187676236528
1882,0.5707393746752101,0.23942940333149315,0.434087586738935,0.13665178793627505
1883,0.5824425657628577,0.2275071457552013,0.4499327200598138,0.1325098457030439
1884,0.5867064506665307,0.23385887869578129,0.44949993799007415,0.1372065126764566
1885,0.5996134195193052,0.2502740027391503,0.44954576892009934,0.15006765059920588
1886,0.604857301595072,0.250809722874525,0.453153209403379,0.151704092191693
1887,0.5591848420803388,0.2560252640410275,0.4160193952389798,0.143165446841359
1888,0.5452397732462555,0.24638753443758116,0.41089948983880475,0.13434028340745072
1889,0.5327077524224775,0.24831679791678768,0.400427469115479,0.1322802833069985
1890,0.5317649397884292,0.2657161556250441,0.3904664042916648,0.14129853549676444
1891,0.5477934251760836,0.26685307276793274,0.4016130664257751,0.14618035875030858
1892,0.5531963551946361,0.2585848278213739,0.4101481709352195,0.14304818425941654
1893,0.5293797279996292,0.26341079946573903,0.38993539062629134,0.1394443373733378
1894,0.5245957498558057,0.2626202855831244,0.3868262642129807,0.13776948564282498
1895,0.4978990207128859,0.2679536891613178,0.36448514128306075,0.13341387942982516
1896,0.4954272688882167,0.2706600360778086,0.36133490641700183,0.1340923624712149
1897,0.5224946344784057,0.27547518514193087,0.3785603283098014,0.1439343061686043
1898,0.5054962307363557,0.2727111737639914,0.3676417603189708,0.137854470417385
1899,0.48309750710082106,0.2666332430603647,0.3542876520681516,0.12880985503266948
1900,0.49967892102061234,0.25624729278633046,0.37163755024668577,0.12804137077392655
1901,0.5081532223063654,0.24426955403701425,0.38402686131111774,0.12412636099524764
1902,0.49649738643868535,0.2530936595954835,0.3708370459253255,0.12566034051335986
1903,0.479646365851516,0.26124405380122884,0.35434160484543864,0.12530476100607732
1904,0.4941279978687332,0.2470577694688921,0.3720498368831545,0.1220781609855787
1905,0.4707924825116135,0.25987105620044276,0.34844714283009204,0.12234533968152146
1906,0.46659113522817736,0.24276169762536093,0.35332067914324067,0.11327045608493669
1907,0.4704945468861308,0.24008234834030714,0.35753711118839976,0.11295743569773102
1908,0.47256971508228046,0.2645014572910935,0.34757433677138044,0.12499537831090002
1909,0.4672750113556779,0.26736000098846036,0.34234436385774103,0.12493064749793686
1910,0.4732250791794018,0.2533768764574043,0.3533207867556172,0.11990429242378466
1911,0.4600986877723717,0.2595697266005541,0.34067099717802346,0.11942769059434821
1912,0.4589445303365022,0.24172989892865349,0.3480039154044012,0.11094061493210101
1913,0.4381797657284234,0.24136696962428233,0.33241764352387587,0.10576212220454752
1914,0.4319677381465461,0.23287879185510857,0.3313716131665946,0.10059612497995155
1915,0.43884699999560733,0.23539235570909856,0.33554577087077053,0.10330122912483677
1916,0.4164329454022298,0.24097261023003413,0.3160840115628732,0.10034893383935661
1917,0.42934283632472925,0.23419380837711853,0.32879340238640703,0.1005494339383222
1918,0.4201301808020629,0.20340428080107978,0.33467390353319165,0.08545627726887121
1919,0.41084858065448715,0.2129701198399428,0.3233501091964306,0.08749847145805653
1920,0.41740076754627253,0.22926228895194303,0.3217065121683162,0.09569425537795634
1921,0.40925355604730573,0.21970296532524372,0.31933933621381183,0.0899142198334939
1922,0.4000592547340879,0.22616837321417813,0.30957850390160274,0.09048075083248515
1923,0.40930113016659514,0.24111059757114361,0.31061429008558294,0.0986868400810122
1924,0.4044087275665676,0.2469703301926022,0.3045317705866823,0.0998769569798853
1925,0.39789360434575605,0.24505064633770396,0.3003895194271899,0.09750408491856617
1926,0.39340053893873944,0.24731282668690305,0.2961075396336487,0.09729299930509072
1927,0.3841668253800487,0.2455109120291585,0.2898496777096465,0.09431714767040224
1928,0.3849727256746811,0.23091422995114239,0.29607704517331973,0.08889568050136137
1929,0.3894490591944418,0.23309943020893462,0.29866870540081175,0.09078035379363003
1930,0.4077544967453566,0.2313541372585242,0.31341880693755086,0.09433568980780568
1931,0.3950661529341404,0.20947670766947873,0.3123089959058499,0.0827571570282905
1932,0.38085293951741817,0.2168408737560916,0.29826845533988533,0.08258448417753286
1933,0.37447691237985714,0.2283542280216124,0.2889635261414379,0.08551338623841927
1934,0.3707668432854883,0.25502538011522574,0.2762118881424843,0.09455495514300398
1935,0.3720115040423114,0.26389266437370024,0.2738403970629183,0.09817110697939312
1936,0.38329259319487974,0.2410720935675007,0.2908914453044737,0.09240114789040603
1937,0.3857093823919729,0.2519967522984607,0.28851187069815065,0.09719751169382225
1938,0.375672696776401,0.23983692705939508,0.2855725116014331,0.09010018517496794
1939,0.37116210249436965,0.2353432904118578,0.2838115920171615,0.08735051047720817
1940,0.3808859161490746,0.24089515527015049,0.2891323442381297,0.09175357191094484
1941,0.4032095357947279,0.2651133526336184,0.2963133039463426,0.10689623184838529
1942,0.40321457179147724,0.2585421004272138,0.2989666294776491,0.10424794231382811
1943,0.40367982917668055,0.2812593510446079,0.2901411023926492,0.11353872678403136
1944,0.3858303615379416,0.2516920197233315,0.2887199385718739,0.09711042296606771
1945,0.395815003708501,0.25277309761161926,0.29576361913994864,0.10005138456855235
1946,0.379321184163399,0.25444218809258673,0.2828058720749927,0.09651531208840629
1947,0.3719650258632121,0.25762615285838925,0.27613710725220153,0.09582791861101059
1948,0.3563322956200129,0.2498923812640054,0.26728756974625834,0.08904472587375455
1949,0.3518979558616489,0.23521964504742104,0.2691246435909588,0.0827733122706901
1950,0.34778189532359993,0.22379035501274408,0.2699516615021265,0.07783023382147343
1951,0.3540720456849877,0.21547138378615274,0.2777796520412495,0.07629239364373819
1952,0.3572900662431553,0.2192472239194685,0.2789552110853405,0.0783348551578148
1953,0.3517204222123401,0.22223578300738206,0.2735555587822937,0.07816486343004642
1954,0.35143388877431697,0.2195582807001306,0.274273668375267,0.07716022039904996
1955,0.3503282864364126,0.22003427329126096,0.27324405651700384,0.07708422991940876
1956,0.34912961304126444,0.22393679688989043,0.27094664579739675,0.07818296724386768
1957,0.3618595666214217,0.23978917205380182,0.27508956074152346,0.08677000587989825
1958,0.37102070258762054,0.24264691204590735,0.28099367479963144,0.09002702778798911
1959,0.36059452093086547,0.2449657034474075,0.2722612304517551,0.08833329047911037
1960,0.355613020401274,0.2513149436354279,0.2662421542231036,0.08937086617817044
1961,0.3610657492281473,0.24392893524543738,0.27299136546532926,0.08807438376281808
1962,0.3688033831666056,0.2285474517165512,0.2845143097594351,0.08428907340717053
1963,0.36514376957852335,0.23428048542536073,0.2795977099916208,0.08554605958690252
1964,0.3548004186115145,0.22254416040187688,0.27584165734138055,0.07895876127013395
1965,0.35983777219547997,0.23402507215532725,0.27562671159322055,0.08421106060225941
1966,0.3702508163495876,0.2354887640802791,0.2830609092077088,0.08718990714187878
1967,0.37043627761894216,0.23567691082810055,0.28313300005104924,0.08730327756789293
1968,0.3639874554331479,0.24038530067363112,0.27649022151742075,0.08749723391572717
1969,0.38326137510693625,0.23624517918035753,0.2927177228718879,0.09054365223504837
1970,0.387041022295655,0.23243241973099485,0.297080140948318,0.08996088134733703
1971,0.3814900083294289,0.23835672881812203,0.2905592978672281,0.0909307104622008
1972,0.37107242975723387,0.24927961835015525,0.2785716360870858,0.09250079367014805
1973,0.376388451233145,0.2334814528308902,0.28850872881046163,0.08787972242268337
1974,0.3844429121497745,0.2234018119550067,0.29855766898225544,0.08588524316751908
1975,0.37939826507137686,0.22291133668778773,0.29482609066728865,0.08457217440408822
1976,0.3958333213034945,0.22954390839102654,0.30497219366008943,0.09086112764340512
1977,0.3966980371424842,0.24057384116076802,0.30126286656617973,0.09543517057630445
1978,0.402174215493597,0.213703782603124,0.3162280643771714,0.0859461511164256
1979,0.39746052936037707,0.21084121879900708,0.31365946692553665,0.08380106243484044
1980,0.3817779046388296,0.21209001660407023,0.3008066225049131,0.08097128213391651
1981,0.3929178080595249,0.2072369135714063,0.3114907342300267,0.08142707382949818
1982,0.38166849146110804,0.22178993555023696,0.2970182613383927,0.08465023012271532
1983,0.3677670789996377,0.22099317910704994,0.2864930630405942,0.08127401595904352
1984,0.372489280290232,0.20777925259067712,0.2950937360334883,0.07739554425674364
1985,0.3713007886007127,0.21074746561826935,0.2930500884210477,0.078250700179665
1986,0.3673606778415194,0.21551321715747734,0.28818959630274193,0.07917108153877744
1987,0.3751902494951688,0.22547481023992005,0.29059429918637736,0.08459595030879145
1988,0.3860270965160769,0.24436207663702716,0.2916967135732462,0.09433038294283067
1989,0.3851640876456003,0.25052757754956784,0.2886698618086586,0.09649422583694166
1990,0.40042145161511544,0.2537966334094642,0.2987958352502685,0.10162561636484695
1991,0.4071806170021642,0.24342286346332342,0.30806354526473456,0.0991170717374296
1992,0.40365429144739917,0.24170352610033013,0.30608962587903243,0.09756466556836671
1993,0.4316916144998961,0.2401428965589522,0.3280239397736805,0.10366767472621563
1994,0.4182312615996693,0.26628970560663073,0.3068605820728036,0.11137067952686569
1995,0.421988487224813,0.27764623613389344,0.30482497205500814,0.1171635151698049
1996,0.4066658614671211,0.2419475863627368,0.30827403782902807,0.09839182363809304
1997,0.40774060083792435,0.26426750319941006,0.2999880103014588,0.10775259053646556
1998,0.3966775403968672,0.2659165276838485,0.29119442624436276,0.10548311415250447
1999,0.4096757120510424,0.27902180167279866,0.2953672567729739,0.11430845527806853
2000,0.40739428071946365,0.2786396826516371,0.29387806762570035,0.11351621309376331
2001,0.41214822792358446,0.2753351073659951,0.2986693513375397,0.11347887658604475
2002,0.40190583324508766,0.26803095936340465,0.2941826271866583,0.10772320605842939
2003,0.4060188749935076,0.273997446910656,0.2947707398477497,0.11124813514575785
2004,0.40479656335875724,0.2876718466341048,0.28834798846620413,0.11644857489255309
2005,0.4381887979501432,0.27798348274849993,0.31637954979458366,0.12180924815555956
2006,0.42865479507332105,0.2702462880195805,0.3128124278629621,0.11584236721035897
2007,0.42161067263832974,0.25206060996881346,0.31533922932375064,0.10627144331457912
2008,0.44152661549295363,0.2626405828532051,0.3255638078546813,0.11596280763827231
2009,0.4184475584080924,0.26583396073113535,0.3072099865981961,0.1112375718098963
2010,0.42392209711404477,0.2474337139800775,0.3190294781868936,0.10489261892715118
2011,0.4491440805278972,0.2678169955447226,0.3288556623142188,0.12028841821367839
2012,0.45667963955212454,0.2648566790808998,0.3357249868164865,0.12095465273563806
2013,0.44953788080166984,0.2617037261103906,0.3318921423681042,0.11764573843356561
2014,0.4545534573152076,0.23099785025550887,0.3495525858491854,0.10500087146602216
2015,0.4454847338710024,0.23768081197085478,0.3396015606039224,0.10588317326708001
2016,0.4460406205623806,0.2543675880421185,0.33258234374111806,0.11345827682126251
2017,0.4360213097523967,0.2560725280565339,0.32436823067757947,0.11165307907481728
2018,0.42211715671866085,0.2472218508291172,0.317760571967949,0.10435658475071187
2019,0.4226791506748726,0.24781598008942618,0.3179325026870128,0.10474664798785979
2020,0.42717163208789494,0.23911380511211255,0.325028997703407,0.10214263438448795
2021,0.44160623185350867,0.25522055082049033,0.32889924611409505,0.11270698573941365
2022,0.4408914654621091,0.2551907291556062,0.32838005091234973,0.1125114145497594
2023,0.4255037147939339,0.2429516851246286,0.3221268702579583,0.1033768445359756
2024,0.42810717721196284,0.24774664081651707,0.3220450621482577,0.10606211506370518
2025,0.4236760607067432,0.24622114132735357,0.31935805748645174,0.10431800322029144
2026,0.4220796087919929,0.23051674754248724,0.3247831901692573,0.09729641862273561
2027,0.42757154159502025,0.23307637746298066,0.32791471557379076,0.09965682602122948
2028,0.4382076606936877,0.23913675511462396,0.3334161026490291,0.10479155804465863
2029,0.44019576640900393,0.23330794826597667,0.33749459531275006,0.10270117109625385
2030,0.4797055085637446,0.2225250362515157,0.37295902288054555,0.10674648568319904
2031,0.4730697408452083,0.23464266017690458,0.36206739840408975,0.11100234244111853
2032,0.48182166277075567,0.2540025155447837,0.35943774838301323,0.1223839143877424
2033,0.48327641333286814,0.2794436997868072,0.34822786437143316,0.13504854896143495
2034,0.49156237235597333,0.2640239125191288,0.36177815155936444,0.12978422079660892
2035,0.5025462174894296,0.24353009152217506,0.38016109115010593,0.12238512633932369
2036,0.4890240499404073,0.25859161790482604,0.3625665296719469,0.12645752026846038
2037,0.5128286111633203,0.259414389601844,0.3797934900280262,0.13303512113529414
2038,0.5161501511530789,0.25966711317125174,0.38212293144025367,0.13402721971282525
2039,0.5005544050526827,0.2556101919945198,0.37260759747346384,0.12794680757921884
2040,0.49923770371537307,0.2585698986925513,0.3701498612421871,0.12908784247318597
2041,0.5108964288441266,0.26332392052347253,0.3763651782194498,0.13453125062467672
2042,0.5114543016400236,0.2513098171528329,0.38292081461283944,0.12853348702718417
2043,0.5137181357233581,0.24838090761641943,0.3861203589133755,0.12759777680998263
2044,0.5191695791072711,0.26655250039616807,0.38078362966660184,0.1383859494406693
2045,0.5139128847282092,0.2734197048292144,0.37339897547789214,0.14051390925031704
2046,0.5032621114485593,0.2683891646340543,0.36819201376491006,0.13507009768364917
2047,0.49987684537797683,0.26134984658387994,0.36923410852760874,0.13064273685036812
2048,0.49842357173011403,0.26342677734181613,0.36712545647805256,0.13129811525206148
2049,0.47841507698234553,0.2609552490821795,0.3535701514037475,0.12484492557859805
2050,0.47476518984704585,0.25106444030379166,0.3555685331823739,0.11919665666467195
2051,0.4656410951107034,0.2503574754294182,0.34906436608259805,0.11657672902810533
2052,0.5061830259151852,0.26215188917448856,0.37348618940346023,0.1326968365117249
2053,0.49593961548084226,0.2457253269761393,0.3740746913063915,0.12186492417445076
2054,0.5103648096622837,0.23405431990223644,0.39091172123474355,0.11945308842754015
2055,0.5187617138958944,0.22571578334189216,0.4016690072761001,0.11709270661979435
2056,0.511564667449746,0.21869157149070378,0.3996897864060418,0.11187488104370424
2057,0.5003510533569753,0.1973088916139922,0.401627341601217,0.09872371175575827
2058,0.5112033781872497,0.21560041843363992,0.4009877159453884,0.11021566224186131
2059,0.5251869250076499,0.22207527767392554,0.4085558928058609,0.11663103220178896
2060,0.5432753132509139,0.21539923459060553,0.42625422660469564,0.11702108664621831
2061,0.5704191666998988,0.22983364265107992,0.43931765177926746,0.13110151492063132
2062,0.568521243699395,0.2274192904625493,0.4392285458443925,0.1292926978550025
2063,0.5679191367049173,0.21834469191613715,0.4439170077678036,0.12400212893711375
2064,0.5740930454895931,0.22306607088122313,0.4460323655119942,0.12806067997759882
2065,0.5755759617539609,0.21881017730461327,0.4496340835103034,0.1259418782436575
2066,0.5923219199842831,0.2292385873210723,0.4565388798077808,0.13578304017650228
2067,0.6020754127387135,0.24768493263471464,0.4529504046935072,0.14912500804520626
2068,0.577224167610184,0.25765482263965295,0.42849957708126074,0.14872459052892326
2069,0.5801803642380149,0.23217391295083614,0.44547761885563364,0.13470274538238128
2070,0.581611694803674,0.22439586270935674,0.4511004367863525,0.13051125801732152
2071,0.5700983032077332,0.2266649888169218,0.4408769776866063,0.12922132552112695
2072,0.5693680315789348,0.24314316730421062,0.43093008501906876,0.13843794655986602
2073,0.5668874425471695,0.2245779460919955,0.43957702503458207,0.12731041751258743
2074,0.5661935334028481,0.22411947905343044,0.4392985336531807,0.12689499974966736
2075,0.5797452278194535,0.2251996369191755,0.44918681300888785,0.1305584148105656
2076,0.581070160059982,0.22679115620023588,0.4492885866265226,0.13178157343345945
2077,0.6032707975258838,0.23244202060153213,0.4630453143790696,0.14022548314681418
2078,0.5719187458221201,0.22489196231173517,0.443298816791317,0.12861992903080308
2079,0.5705770042659184,0.24748168772387427,0.4293696442737567,0.1412073599921617
2080,0.5520745957770476,0.22938677656802436,0.42543598382665565,0.126638611950392
2081,0.5653942639991251,0.22521912389401869,0.4380566632065386,0.12733760079258646
2082,0.5595901427050559,0.21782534142197452,0.4376972288139557,0.12189291389110025
2083,0.5693641165881852,0.20949341888543363,0.4500860812134416,0.11927803537474355
2084,0.58044791800246,0.2183634201372229,0.4536993254159125,0.12674859258654747
2085,0.5871730004501284,0.23821635570244146,0.44729878811603085,0.1398742123340976
2086,0.582381347837813,0.23234689632089892,0.4470668491925153,0.1353144986452977
2087,0.5718056105685189,0.22103782699377733,0.4454149409456034,0.12639066962291548
2088,0.5762823729629701,0.21200683306728013,0.4541065721185937,0.12217580084437647
2089,0.5782237838308535,0.2116993291878166,0.4558141966734207,0.12240958715743275
2090,0.5977342162166261,0.22641542079488047,0.4623979721284407,0.13533624408818548
2091,0.5983687755605116,0.22600122118461882,0.4631367015650909,0.13523207399542073
2092,0.585823205157425,0.20594110472597735,0.46517812711319206,0.12064507804423298
2093,0.5677111920604886,0.21025872670486795,0.44834495968174753,0.11936623237874107
2094,0.5661580205312068,0.21690181084514304,0.4433573206534864,0.12280069987772042
2095,0.582210650199102,0.2345842523617767,0.4456332001050818,0.13657745009402025
2096,0.5772512367160763,0.21762301792966446,0.4516280804782926,0.12562315623778364
2097,0.5831176943164976,0.2227626530544773,0.45322084968754495,0.1298968446289527
2098,0.5932806794601775,0.22703594739320784,0.45858463832885,0.13469604113132747
2099,0.5858774596430701,0.2395247068131208,0.4455453328936477,0.1403321267494224
2100,0.5792373480590935,0.2180888333408683,0.4529121505934274,0.12632519746566617
2101,0.6022507512267768,0.20970239084102285,0.47595732880871966,0.1262934224180572
2102,0.5910393568361227,0.1939939126518666,0.47638131947224055,0.1146580373638822
2103,0.5815139069122414,0.20544889593014726,0.4620425167690949,0.11947139014314642
2104,0.607259916798604,0.21179299118186187,0.4786465225949791,0.12861339420362491
2105,0.6066309849258347,0.20468434408563294,0.4824631196742687,0.12416786525156595
2106,0.6044229185943806,0.2172545972701789,0.4731092608342923,0.13131365776008827
2107,0.6051847287860289,0.22182050863971878,0.4709423444257217,0.1342423843603072
2108,0.5915767378733178,0.2164928456085797,0.46350460649528236,0.12807213137803541
2109,0.5841013323302502,0.22835819383138953,0.45071700706480605,0.13338432526544414
2110,0.5974805376245457,0.2340457230152759,0.4576427732086531,0.13983776441589255
2111,0.6034430048874959,0.22549063494791574,0.4673722585605362,0.13607074632695967
2112,0.59155002480691,0.18788459899042292,0.480406885613289,0.11114313919362101
2113,0.6017407106886382,0.19718358102249606,0.48308732250803077,0.11865338818060744
2114,0.6068465565318281,0.21424359504316698,0.4768335686208828,0.13001298791094532
2115,0.606936402498643,0.211747251153335,0.47841928764466124,0.1285171148539818
2116,0.6121851710949436,0.2132557585832638,0.48163315803966633,0.13055201305527733
2117,0.6022254113992805,0.1885719225062587,0.48866260778959564,0.11356280360968489
2118,0.6072269782249832,0.18621292570340098,0.4941534660436737,0.11307351218130947
2119,0.6190311532916445,0.19282916214899787,0.4996638946582888,0.11936725863335566
2120,0.5966417276279056,0.18412151733932633,0.48678714742909857,0.10985458019880703
2121,0.5984637751102824,0.18161549408282038,0.4897734809029585,0.10869029420732383
2122,0.5986413624345448,0.1932089676173291,0.48297848282553507,0.11566287960900974
2123,0.6080194705424463,0.20067852718688203,0.4860030186930404,0.12201645184940593
2124,0.618650991180539,0.19767283096000055,0.49636049837767154,0.12229049280286747
2125,0.627944108345854,0.20351076279622038,0.5001507238629967,0.1277933844828572
2126,0.6320635631357382,0.22851302427194056,0.487628806791492,0.14443475634424618
2127,0.6199402067420839,0.23052162629401504,0.47703058207885085,0.1429096246632331
2128,0.6206873632776883,0.23451202220264267,0.4751287145598113,0.14555864871787697
2129,0.6214580909920113,0.226367251297935,0.48078033113728774,0.14067775985472358
2130,0.6399514797264498,0.22827372240382737,0.4938673732914557,0.14608410643499417
2131,0.6467136065536051,0.2185805557907004,0.5053545869957098,0.14135901955789534
2132,0.6150676117747602,0.20131598844547557,0.49124466754952634,0.12382294422523389
2133,0.629341841540173,0.21076342934474485,0.49669959678702913,0.13264224475314387
2134,0.6206880295557802,0.2075795022636892,0.4918459173195613,0.12884211223621886
2135,0.6360521232178047,0.21139630531460654,0.5015930543820499,0.13445906883575479
2136,0.6294211447749595,0.19967129904840988,0.5037438071492061,0.12567733762575342
2137,0.6355924708626,0.18640805685776984,0.517112913415674,0.11847955744692595
2138,0.6153904974609611,0.1853500313654484,0.5013278494545731,0.11406264800638802
2139,0.6275012767237331,0.18640624939199552,0.5105311172409733,0.11697015948275978
2140,0.6182461501394102,0.1846027176967897,0.5041162306180976,0.1141299195213126
2141,0.6347252450305465,0.19133748385684463,0.5132785137059825,0.12144673132456393
2142,0.6487395498303634,0.18647526063186654,0.5277656731935466,0.12097387663681679
2143,0.6455168460340659,0.18558780164918107,0.5257167936510907,0.11980005238297518
2144,0.6552730976023718,0.19502135111166963,0.5274808527608283,0.12779224484154353
2145,0.6422216145144264,0.19512489502471256,0.5169081893996975,0.12531342511472887
2146,0.6348473874400579,0.18203646982006383,0.5192820101559794,0.11556537728407847
2147,0.6323989407815622,0.17776317090547666,0.519981699790967,0.11241724099059526
2148,0.6309591703871922,0.1809880706245249,0.5167630874959634,0.11419608289122879
2149,0.6360499196575446,0.17618260365569868,0.5239889887572805,0.11206093090026419
2150,0.6236448587344092,0.18796497587616084,0.5064214679071043,0.11722339082730497
2151,0.6283192670063923,0.19850664694903686,0.5035937160994768,0.12472555090691553
2152,0.6477189772804888,0.20126471198864324,0.5173560038685526,0.13036297341193612
2153,0.6349106988195286,0.2246151832968755,0.4923001158270328,0.1426105829924957
2154,0.6295038274320708,0.24497916979767617,0.47528850240330245,0.1542153250287683
2155,0.6359479569308435,0.2373523554613432,0.48500421140247896,0.15094374552836454
2156,0.6229190162735446,0.22334893095978742,0.483790719914326,0.1391282963592186
2157,0.6186480460135235,0.21267597231222835,0.48707647130853726,0.1315715747049863
2158,0.6253479722309087,0.1874876960993852,0.5081029216569133,0.11724505057399538
2159,0.6207490451170631,0.18720276665222968,0.5045431064744191,0.11620593864264396
2160,0.618175981751805,0.19629018936329196,0.49683410123390426,0.12134188051790072
2161,0.6341432711305941,0.202794758477907,0.5055423396212754,0.12860093150931873
2162,0.6429780480242897,0.2258580545739357,0.497756276963777,0.14522177106051268
2163,0.6305997735277065,0.23562258732473967,0.4820162233227134,0.1485835502049931
2164,0.6349698623980595,0.23036024054569926,0.488698052156773,0.14627181024128655
2165,0.6303443165754875,0.24305648883496386,0.4771350402315746,0.1532092763439129
2166,0.6353547860943544,0.24595804307118208,0.4790841662506775,0.15627061984367688
2167,0.6412826341933263,0.2474731406249939,0.48258240668123475,0.15870022751209156
2168,0.617273404466675,0.23098337974774916,0.47469350727456305,0.14257989719211195
2169,0.6111347424098608,0.23714982835753579,0.4662042431440354,0.14493049926582532
2170,0.6197266331829585,0.24050686539738955,0.4706781232328473,0.1490485099501112
2171,0.6323034102565778,0.23614913246450714,0.48298550847013755,0.1493179017864402
2172,0.638059721471537,0.22884028065524192,0.49204595573518495,0.14601376573635202
2173,0.6200943592403827,0.22313486678438885,0.48172968699752894,0.13836467224285376
2174,0.6290315479455993,0.2580255225149454,0.4667253541085511,0.16230619383704822
2175,0.6058742443269947,0.24555111592979553,0.4571011475193795,0.14877309680761513
2176,0.5968943730099374,0.24481792981414358,0.45076392829193335,0.1461304447180041
2177,0.5909201494885622,0.23227817542921889,0.45366229534099767,0.1372578541475645
2178,0.5942666195913788,0.2449378733352136,0.44870821759456014,0.14555840199681871
2179,0.5749905979329151,0.21964971369089054,0.4486940777219963,0.12629652021091875
2180,0.5856756927364581,0.22449744316548603,0.4541929971929485,0.13148269554350966
2181,0.5706195639109337,0.21602812707805077,0.44734968824516064,0.1232698756657731
2182,0.5640789883945689,0.21894847733434722,0.44057475278927916,0.12350423560528978
2183,0.5585025565162564,0.22557997105482586,0.432515565983273,0.12598699053298335
2184,0.565296893302503,0.21821426372148225,0.441941047946456,0.123355845356047
2185,0.5637011358812848,0.19850001643944676,0.451806451141915,0.11189468473936984
2186,0.5781848946865179,0.21911212035262578,0.45149757645589533,0.12668731823062257
2187,0.5634087979366628,0.2355906809997206,0.4306749355495304,0.13273386238713236
2188,0.5446122877100728,0.24477995404485167,0.4113021169521396,0.13331017075793314
2189,0.5260517686691452,0.2541578364801099,0.39235158926765995,0.1337001794014852
2190,0.5261156064306183,0.2692891740261076,0.3844383693326724,0.14167723709794589
2191,0.5077764670456173,0.24950417646880677,0.3810841178051604,0.12669234924045694
2192,0.5051386375652872,0.24336700177899181,0.38220456185829843,0.12293407570698875
2193,0.5072592072918332,0.23211889965314958,0.3895147582563239,0.11774444903550922
2194,0.4990267053729102,0.22518351559398136,0.3866541174817564,0.11237258789115387
2195,0.5050969972186831,0.22463857725431496,0.3916327263880514,0.11346427083063165
2196,0.5128332693356407,0.23318172756676808,0.3932499216382423,0.11958334769739835
2197,0.500282264376308,0.2168752686296182,0.3917834138990625,0.10849885047724546
2198,0.48615021063910085,0.22250891758868657,0.3779774534842826,0.1081727571548183
2199,0.4748772866412142,0.22295846444254416,0.3689993760130472,0.10587791062816701
2200,0.45579875337875564,0.22892871804475406,0.35145332908136007,0.10434542429739554
2201,0.45677663596765183,0.22433410738091325,0.3543060570653923,0.10247057890225952
2202,0.4673379040967572,0.22341525227679385,0.3629274883544721,0.1044104157422851
2203,0.4513364496257248,0.22677960701248961,0.3489825469491906,0.10235390267653419
2204,0.4641141378250939,0.24718965129214582,0.34938992593635404,0.11472421188873987
2205,0.48706435874815845,0.24915504703659333,0.36570981553441284,0.12135454321374559
2206,0.46665283622780457,0.25159133787743154,0.34924702483695325,0.11740581139085131
2207,0.47649443832151606,0.23437386310499245,0.3648165960640588,0.11167784225745728
2208,0.4692760725512437,0.23390586900234495,0.35950964499913757,0.10976642755210614
2209,0.4647737285951529,0.21953385213566878,0.36274016158520117,0.10203356700995175
2210,0.45880549737709686,0.2095732439263999,0.36265214096051335,0.09615335641658354
2211,0.4601579027948679,0.2134718587300216,0.36192713997593884,0.09823076281892906
2212,0.4516093064493414,0.2097168513652029,0.3568992246535625,0.0947100817957789
2213,0.42802747489274123,0.22141757342624396,0.3332546700422279,0.09477280485051333
2214,0.4450479740803717,0.20507986880379175,0.35377759394457575,0.09127038013579594
2215,0.428589758221258,0.192321541118662,0.3461627154124709,0.08242704280878708
2216,0.4226354538820011,0.21587922817604296,0.33139723829812306,0.091238215583878
2217,0.4303083570074962,0.2250323825240531,0.3334750422100885,0.0968333147974077
2218,0.4281423979553724,0.20108248307367754,0.34205046146538753,0.08609193648998488
2219,0.41795120537683256,0.20363850965202052,0.3328402448066288,0.08511096057020373
2220,0.4329948856813882,0.19964177500149427,0.34655101813738676,0.08644386754400143
2221,0.4390426222355231,0.19872307476893675,0.3517947223902632,0.08724789984525991
2222,0.4339404068664583,0.19708807661718883,0.3484159267106677,0.08552448015579063
2223,0.4264154013354971,0.19820118816209606,0.3418993621401845,0.08451603919531257
2224,0.42278038308099447,0.19050864198028744,0.3422370664443285,0.08054331663666595
2225,0.4244109536309377,0.1990653587701678,0.33992543488040605,0.08448551875053166
2226,0.44415533374833144,0.19660274517012408,0.3568331758514568,0.08732215789687461
2227,0.4391808584696387,0.19663579082132268,0.3528221830508739,0.0863586754187648
2228,0.4164392024057483,0.21581031113120708,0.326567328567332,0.08987187383841626
2229,0.4165591453232724,0.23093866065164334,0.3203595342201226,0.09619961110314978
2230,0.41098418694710964,0.22998912705643745,0.3164622925571442,0.09452189438996544
2231,0.43145372920517333,0.22555179266453065,0.33413856713114953,0.09731516207402381
2232,0.43322743012137316,0.21463509387021068,0.3402416199901221,0.09298581013125107
2233,0.4252458708154765,0.2151584236057347,0.3337506396059707,0.09149523120950583
2234,0.4199309279567875,0.21391834885406388,0.33009999721551664,0.08983093074127084
2235,0.4014168468059353,0.20832655098375988,0.3177910596040785,0.08362578720185682
2236,0.4026874332215335,0.20494072489520143,0.3201603787509244,0.0825270544706091
2237,0.39411022799448897,0.20752527396108778,0.3123223949590659,0.08178783303542309
2238,0.3899473188020495,0.2175389689167039,0.30511858113801843,0.08482873766403108
2239,0.41051095666592174,0.1826997625484926,0.3355107023595033,0.07500025430641843
2240,0.4033936349801125,0.1757882955916465,0.3324817554344397,0.07091187954567277
2241,0.4095359208180869,0.18555435076839058,0.33354474891435176,0.07599117190373512
2242,0.39703848989297,0.18398679811074348,0.3239886494108377,0.07304984048213234
2243,0.39246076674803015,0.19095926181477849,0.31751674843856437,0.0749440183094658
2244,0.405798619886915,0.19742660132701326,0.32568317753944886,0.08011544234746616
2245,0.41879281985699096,0.19470636834073488,0.3372511908154606,0.08154162904153031
2246,0.41607808112354694,0.2031567470486096,0.33154901164425965,0.08452906947928729
2247,0.4173167325165521,0.18806332689870023,0.3388347594289943,0.07848197308755778
2248,0.43142770840130934,0.1954530430234974,0.34710384994961935,0.08432385845169
2249,0.43959214929792134,0.22628913417048815,0.34011722244515075,0.09947492685277058
2250,0.4144680012824288,0.23062861620255412,0.3188798196864238,0.09558818159600498
2251,0.4102471821956442,0.2056471831467821,0.32588100478320525,0.08436617741243893
2252,0.4070024097256257,0.18682406642248744,0.33096456449693296,0.07603784522869274
2253,0.3866120011472382,0.18460559113810662,0.31524126413436593,0.07137073701287226
2254,0.3837967239762659,0.1854473280342488,0.3126226470065693,0.07117407696969662
2255,0.38323056830824626,0.19976022699562243,0.3066763429913296,0.07655422531691666
2256,0.39198110216537185,0.21697919023587386,0.3069293600297641,0.08505174213560773
2257,0.3903422698720773,0.21852778959468283,0.3050416364515611,0.08530063342051622
2258,0.3945259781746646,0.21304336154084497,0.310474837569144,0.08405114060552059
2259,0.39327787565907907,0.21145264760184013,0.31011822760773955,0.08315964805133955
2260,0.3894664229763229,0.21370680249430773,0.3062347990431573,0.08323162393316555
2261,0.38452171380589895,0.20610123234325425,0.30527131472776303,0.0792503990781359
2262,0.40382403789769,0.21069913984492802,0.3187386604639411,0.0850853774337489
2263,0.41992831376344697,0.21666838733666846,0.3289431232233144,0.09098519054013257
2264,0.41304438586798914,0.22166372495611186,0.32148742872428104,0.09155695714370808
2265,0.40186906038999953,0.2588707765773048,0.29783690464444856,0.10403215574555097
2266,0.41605457333114265,0.26595798020801276,0.30540153935168546,0.11065303397945722
2267,0.409504417819815,0.2587130338221288,0.3035602875220861,0.10594413029772895
2268,0.40617551202535657,0.24879799285150891,0.30511985988801393,0.10105565213734263
2269,0.42610875553801636,0.20894503134429485,0.33707544825604707,0.0890333072819693
2270,0.43340288947650824,0.19923545057519237,0.3470536695110658,0.08634921996544243
2271,0.4151448122637105,0.20116167156912254,0.33163358788549296,0.08351122437821758
2272,0.4280439604526427,0.2017832960431555,0.34167183926114236,0.08637212119150035
2273,0.4115839227947362,0.19161414476358365,0.332718621429982,0.07886530136475423
2274,0.40749704752059235,0.19770559778740626,0.32693260014393055,0.08056444737666181
2275,0.4249246867171698,0.18656213124318796,0.34564983154537066,0.07927485517179916
2276,0.425078937510188,0.17406757771183345,0.35108647652146974,0.07399246098871824
2277,0.4237854023616047,0.17754809361045432,0.3485431120723625,0.07524229028924224
2278,0.4052535108375091,0.18815868804122057,0.3290015419142248,0.07625196892328427
2279,0.4122299259274511,0.17964181811768049,0.338176192551327,0.07405373337612407
2280,0.4154815683978301,0.1792785813461558,0.34099462223999133,0.07448694615783878
2281,0.4246019489323693,0.18372468229463298,0.3465920907630878,0.07800985816928153
2282,0.41465027092617884,0.187258212701185,0.33700360229648046,0.07764666862969839
2283,0.4186955818385551,0.20084877320213912,0.33460108788112547,0.08409449395742963
2284,0.44099139680835253,0.21192313064481497,0.3475351194092966,0.09345627739905593
2285,0.42748064299543503,0.20854686683424284,0.3383308942664495,0.0891497487289855
2286,0.4362331626946102,0.1838439629706046,0.35603432928563256,0.08019883340897765
2287,0.47112343728876477,0.16654489498737504,0.3926602338994163,0.0784632033893485
2288,0.4686253031088936,0.18168257017017683,0.38348425359329164,0.08514104951560195
2289,0.46576349040929943,0.1852075686662993,0.3795005667770639,0.08626292363223556
2290,0.4610461581850364,0.1846223136080523,0.3759267497808109,0.0851194084042255
2291,0.4571637842217436,0.18279191897139138,0.373597938819628,0.0835658454021156
2292,0.45073543266587984,0.182687209027554,0.36839183446232326,0.08234359820355658
2293,0.4795793812154389,0.16864295807943763,0.398701695733361,0.08087768548207791
2294,0.480780303446786,0.18546575249040687,0.3916120226854617,0.08916828076132433
2295,0.4834549396407325,0.18499126818185574,0.3940199972478109,0.08943494239292163
2296,0.47054337298355614,0.1878987477093504,0.38212886245701216,0.08841451052654398
2297,0.4751767877643052,0.18780561774662188,0.38593591759937446,0.08924087016493078
2298,0.4841865562930021,0.19852664986472673,0.3880626213626135,0.09612393493038864
2299,0.4925757678165108,0.18826436785086198,0.39984130226988246,0.09273446554662837
2300,0.4812600730171287,0.19256570072827883,0.3885858898240427,0.09267418319308603
2301,0.47095758889995953,0.21198529198073335,0.3711215069064594,0.09983608199350011
2302,0.49294618930149625,0.19778654593051395,0.395448065189944,0.09749812411155222
2303,0.4956267265907112,0.21066626800329524,0.3912148937771565,0.1044118328135547
2304,0.4916251024973765,0.19541635237325478,0.3955535182322117,0.09607158426516482
2305,0.4927391404644843,0.20298104296863922,0.39272243582153243,0.10001670464295184
2306,0.49055010826896944,0.20656013078793753,0.3892220137468942,0.10132809452207524
2307,0.4893872125768963,0.2031697836133396,0.3899585184945129,0.09942869408238345
2308,0.4906739546285979,0.20536863137814176,0.3899049161136223,0.10076903851497558
2309,0.49891572984721083,0.20243504785410021,0.3979177002004274,0.10099802964678346
2310,0.5006886445368894,0.192047950378273,0.4045324165759041,0.0961562279609853
2311,0.5141132837765287,0.19136179563844996,0.41573164263147216,0.0983816411450565
2312,0.5300661716009506,0.202790952026117,0.42257354802515473,0.10749262357579586
2313,0.5307642462628835,0.18647082720131117,0.43179219821336323,0.09897204804952033
2314,0.5287553989181767,0.1858864847984391,0.4304669164950804,0.09828848242309626
2315,0.5183509330452886,0.18865405737748706,0.42056192638088874,0.09778900666439982
2316,0.5177885402671109,0.17646374042107416,0.4264176377044085,0.09137090256270235
2317,0.5232443918214208,0.1819495746316804,0.42804029730110094,0.09520409452031983
2318,0.534830989492379,0.18991878885498578,0.4332565357258727,0.10157445376650624
2319,0.5571427807005742,0.2077716313932335,0.4413843162354534,0.11575846446512084
2320,0.5555045589106643,0.2039830610017242,0.4421910385836544,0.11331352032700993
2321,0.5273043411666268,0.18031678721181052,0.43222251648462023,0.09508182468200659
2322,0.5347678711590129,0.18146161702407376,0.4377280285259769,0.09703984263303603
2323,0.5381549355373938,0.18242784870965706,0.43998048837482284,0.09817444716257093
2324,0.5278890707308245,0.19548379920723272,0.4246953096243873,0.10319376110643716
2325,0.5289479593235128,0.20937221667574377,0.41820095257383777,0.11074700674967503
2326,0.5215444898981858,0.18818487218486776,0.42339770672797367,0.09814678317021215
2327,0.5275303663963516,0.18442455850691106,0.4302408114747155,0.09728955492163618
2328,0.5325479242899624,0.1752291875678859,0.43922998417566833,0.09331794011429413
2329,0.5326545184171244,0.19955259226905495,0.4263619284831622,0.10629258993396225
2330,0.5240162683634798,0.19808623586206875,0.42021585823287044,0.10380041013060938
2331,0.5175696541999223,0.2003776858248257,0.4138602446381866,0.10370940956173572
2332,0.5059891145808206,0.19729745486352543,0.406158750085376,0.09983036449544465
2333,0.5165131416097656,0.18157066405850492,0.42272950749273586,0.09378363411702972
2334,0.5131791809207745,0.1914403272675396,0.41493599057841357,0.09824319034236098
2335,0.505785900025276,0.1958695010159065,0.40671786816644406,0.09906803185883198
2336,0.5036747259090724,0.19039765039612783,0.4077762415320713,0.09589848437700106
2337,0.49323200593610445,0.1957314289600287,0.39669100060540935,0.09654100533069508
2338,0.49346635380203746,0.2035129813292599,0.3930395449541054,0.10042680884793201
2339,0.5063869717099514,0.23408937843229274,0.38784716025615784,0.11853981145379353
2340,0.4789167616819208,0.2212841497759364,0.3729400732596922,0.10597668842222861
2341,0.48567600305380615,0.21560680473901042,0.3809609518969611,0.10471505115684501
2342,0.4813358860675833,0.19702013083693232,0.3865030268180373,0.09483285924954601
2343,0.48762741426109363,0.19393544698538293,0.393059173714042,0.09456824054705168
2344,0.5043278641360508,0.19155923879441975,0.40771920237933335,0.09660866175671744
2345,0.5186237788451983,0.20801132889672283,0.4107441574101685,0.10787962143502978
2346,0.5114800519693657,0.21878187819142147,0.39957748554206207,0.1119025664273037
2347,0.5149966914916065,0.2112083006809557,0.40622511542534995,0.1087715760662566
2348,0.5109975764726933,0.2073005085802188,0.4050675189866447,0.10593005748604857
2349,0.5123109002249626,0.21726904708258452,0.401001599123064,0.11130930110189866
2350,0.5106033880069578,0.21732740539330703,0.39963527850637365,0.11096810950058417
2351,0.5192673319590642,0.21021345783824258,0.4101103505655107,0.10915698139355344
2352,0.5232547241843767,0.21490071443832828,0.41080691012392373,0.11244781406045296
2353,0.5388572162684313,0.20349100086471741,0.4292046220067927,0.10965259426163858
2354,0.5145661948725208,0.19741172727385337,0.4129847935460022,0.10158140132651855
2355,0.524337439338326,0.1905003077061563,0.42445099580251683,0.09988644353580917
2356,0.5455656936014727,0.17115414927270425,0.4521898614407398,0.09337583216073289
2357,0.5655022902895362,0.17365080731698074,0.4673023610411567,0.09819992924837956
2358,0.5527699507330173,0.1847159593256959,0.4506645189969503,0.10210543173606694
2359,0.5448989794170301,0.18566372812005397,0.4437310034496518,0.10116797596737837
2360,0.5478657633966553,0.19235098316943378,0.44248324516243626,0.10538251823421903
2361,0.546252403346574,0.20946105112068347,0.43183380076440103,0.11441860258217294
2362,0.5442542842996276,0.2064169947208586,0.43191095057054674,0.11234333372908091
2363,0.5602968539163732,0.20086659359928768,0.44775193346579356,0.1125449204505796
2364,0.5607391018069691,0.20059886724142512,0.4482554731665169,0.11248362864045215
2365,0.5410020596725389,0.1854836641181109,0.4406550153490315,0.1003470443235074
2366,0.5589341072116931,0.18964061810727983,0.452937497638827,0.1059966095728661
2367,0.5548411835970535,0.20199140439672153,0.44276803370514545,0.11207314989190804
2368,0.5695180205281412,0.206812683955067,0.45173447014193935,0.11778355038620182
2369,0.5713367765153788,0.20629236143837845,0.45347436371143024,0.11786241280394859
2370,0.578984205297907,0.19403006143509702,0.46664386437400324,0.11234034092390371
2371,0.5675939727859659,0.18854763167971705,0.46057547346149025,0.10701849932447564
2372,0.5512604984377245,0.1985299744418349,0.4418187657720899,0.10944173266563462
2373,0.5310626531518344,0.18292107133388716,0.4339201036918844,0.09714254945995007
2374,0.5362076939159905,0.18104320230831125,0.43913093590708485,0.09707675800890571
2375,0.5506592224207684,0.19776440068254456,0.4417584313184091,0.10890079110235926
2376,0.5586464643163155,0.20949857311831993,0.441610827164453,0.11703563715186252
2377,0.5533729280753984,0.2059159156663202,0.43942463488579997,0.11394829318959841
2378,0.546512565453102,0.19108796992203697,0.44208058878378437,0.10443197666931762
2379,0.5636935538019552,0.1910652489776834,0.45599130459766946,0.10770224920428574
2380,0.5621699932616384,0.18945955968268863,0.45566151387146836,0.10650847939017005
2381,0.5501143514309368,0.19076751144237858,0.4451704055997189,0.1049439458312179
2382,0.554796471966978,0.1967299230886141,0.44565140470708,0.10914506725989803
2383,0.5639911064848592,0.1992828484410598,0.45159735228913134,0.11239375419572782
2384,0.54276872365796,0.2041908639224954,0.431940309064131,0.11082841459382903
2385,0.5404577447237305,0.2036552199742129,0.4303907038352522,0.11006704088847835
2386,0.5625695175951968,0.19748073412195025,0.4514728762658659,0.11109664132933088
2387,0.5720829365866239,0.20648477654883335,0.45395651925813446,0.11812641732848943
2388,0.5629014702802879,0.2168206626872658,0.4408528004664796,0.12204866981380828
2389,0.5743568183850553,0.20918673808838203,0.4542089890482643,0.12014782933679095
2390,0.5740198046374051,0.1965505547664655,0.461195893588985,0.11282391104842011
2391,0.5754910404969499,0.21358399280541673,0.4525753662438675,0.12291567425308234
2392,0.5844912191880884,0.21175059125080992,0.460724857944104,0.12376636124398446
2393,0.594818274754139,0.2252586250189624,0.4608303280468702,0.13398794670726874
2394,0.6036480143387392,0.2307073005146328,0.4643820104896303,0.13926600384910887
2395,0.6007465665573121,0.24958738495587338,0.450807801989053,0.14993876456825905
2396,0.5778872334725952,0.22195394817099293,0.4496228804057403,0.12826435306685488
2397,0.5665640627626792,0.20111024087737112,0.4526222276280148,0.11394183513466442
2398,0.5762221156752374,0.18891296258100382,0.4673662886983344,0.10885582697690298
2399,0.5733416601812974,0.20479461113660463,0.4559243778360533,0.11741728234524412
2400,0.5782141803448961,0.21418544329584746,0.4543691198077795,0.12384506053711666
2401,0.561568760945806,0.20960852409746877,0.44385916178471135,0.11770959916109465
2402,0.5735111704092984,0.2031519422536549,0.45700126223648263,0.11650990817281584
2403,0.5790095383012038,0.21720364484091184,0.4532465561845288,0.12576298211667503
2404,0.5908326923852701,0.2282519968786399,0.45597395052714906,0.13485874185812108
2405,0.5988343472525949,0.21138571341493703,0.472249321541237,0.1265850257113579
2406,0.5789241289826952,0.21180457334258843,0.45630535084578583,0.12261877813690938
2407,0.5855460282218318,0.21229975314629052,0.461234750974546,0.12431127724728575
2408,0.5874490359071235,0.21388662870571673,0.4618015420805253,0.12564749382659818
2409,0.5968901347883546,0.20819064341667115,0.4726231935777035,0.12426694121065111
2410,0.6148717307402025,0.2193835938924736,0.47997896066753154,0.13489277007267098
2411,0.6110107582538966,0.21766548771138453,0.4780148035616594,0.13299595469223727
2412,0.6183205470372375,0.20672074419616784,0.4905008634019181,0.12781968363531934
2413,0.6174580011624489,0.20741210137512844,0.48938973963045884,0.12806826153199002
2414,0.6182996203670531,0.21133122453364173,0.48763360446619797,0.13066601590085514
2415,0.6214285835471498,0.2239389900718927,0.48226649414579426,0.13916208940135552
2416,0.630179132496255,0.1985094586733839,0.5050826140371607,0.12509651845909425
2417,0.6289375175633897,0.2116497881463874,0.4958230252137834,0.13311449234960623
2418,0.6137366368368239,0.21076701320242866,0.48438119899782284,0.12935543783900103
2419,0.6220018355952244,0.2040961624658083,0.49505364790355044,0.1269481876916739
2420,0.6406985088332522,0.22237265510070095,0.498224680304942,0.1424738285283102
2421,0.6414946893680669,0.2295914429399427,0.4942129979977421,0.1472816913703248
2422,0.6369678293440981,0.22239026981136908,0.4953123819151021,0.14165544742899608
2423,0.6461804901161486,0.22262406202115537,0.5023251646076706,0.14385532550847804
2424,0.6497227293104046,0.21625649048159193,0.5092159720836151,0.14050675722678946
2425,0.6577785250142061,0.22531560284065671,0.5095707601149922,0.14820776489921383
2426,0.649282138781641,0.19688773012333585,0.521446452267299,0.12783568651434202
2427,0.6309163787193945,0.16298562790671137,0.5280860765771855,0.10283030214220902
2428,0.628625450464358,0.15744403129137632,0.5296521253708921,0.09897332509346592
2429,0.6403100313038419,0.16122641435942203,0.5370751408783542,0.10323489042548771
2430,0.6421913644129327,0.1635013731056852,0.5371921945348047,0.10499916987812795
2431,0.6376174916913167,0.1814087433830869,0.5219481037645191,0.11566938792679761
2432,0.6107427590792005,0.17672739009155744,0.5028077852498165,0.10793497382938395
2433,0.5994819923926932,0.14481122456646697,0.5126702709687618,0.08681172142393133
2434,0.6380221892930217,0.1464130107375326,0.5446074396412784,0.09341474965174325
2435,0.6224411867443742,0.16198313751418206,0.5216162103974695,0.10082497634690464
2436,0.6230402029014245,0.15354408323578597,0.5273760661278872,0.0956641367735373
2437,0.6477113613426309,0.15423286739514358,0.547812980838345,0.09989838050428591
2438,0.6304974596172012,0.14523120183774646,0.538929555801349,0.09156790381585214
2439,0.6355467503008779,0.15750050606938848,0.5354478154977343,0.10009893480314355
2440,0.6447442767045246,0.15738264955777848,0.543272714149553,0.10147156255497156
2441,0.6489792441941222,0.16582514341107518,0.5413621679548207,0.1076170762393015
2442,0.6348316837759357,0.15554534452809088,0.5360865708056597,0.09874511297027595
2443,0.6341610009257898,0.15186721419819774,0.5378527363620493,0.09630826456374039
2444,0.6531654093397582,0.15039323799560977,0.554933748482424,0.09823166085733413
2445,0.6560667282488027,0.1712914703441294,0.5436880937232029,0.11237863452559979
2446,0.6459764798851911,0.18029042193603467,0.5295131077659356,0.11646337211925553
2447,0.6477771749723236,0.18920031800055445,0.5252175274740591,0.12255964749826442
2448,0.6519169535406147,0.20416487189876495,0.518818412232362,0.13309854130825272
2449,0.6538973732387938,0.1956415941434009,0.5259678487321737,0.12792952450662004
2450,0.6563256122615083,0.19115767321521743,0.5308639353500454,0.1254616769114629
2451,0.6526901148694612,0.19163219449790206,0.5276136758299386,0.12507643903952262
2452,0.6544671353650058,0.19760939785006718,0.5251382788328686,0.1293288565321372
2453,0.6627014632822288,0.2027047558805083,0.528368724945949,0.13433273833627982
2454,0.6600296335403197,0.21574651332357153,0.5176305414137611,0.14239909212655863
2455,0.6443330592363864,0.18919417059241034,0.5224290005088879,0.12190405872749853
2456,0.6453061315520546,0.20163645732510863,0.5151888892957278,0.1301172422563268
2457,0.6356749107356912,0.19138910504663914,0.514013658469385,0.12166125226630616
2458,0.6517799145598047,0.19589471635167868,0.5240996730733903,0.1276802414864143
2459,0.6657617427318118,0.2083994423923705,0.5270173667803294,0.1387443759514824
2460,0.6581806855885186,0.20352744609730875,0.5242228515801117,0.13395783400840694
2461,0.6525495145751631,0.20979219392319445,0.5156497202689241,0.13689979430623903
2462,0.6603857798498632,0.21713707905184526,0.516991540565889,0.14339423928397424
2463,0.6527684825327454,0.22147917001722178,0.5081938608079917,0.1445746217247538
2464,0.641974807366287,0.2124040638691173,0.5056167493800938,0.1363580579861931
2465,0.6473581918276428,0.21695586425194538,0.5069100358390999,0.14044815598854288
2466,0.6437998267875388,0.22535197463934883,0.49871826454849616,0.14508156223904262
2467,0.6228535762687737,0.23163655797980465,0.4785779177364632,0.14427565853231047
2468,0.6052484351816619,0.234382503517876,0.4633887916935071,0.14185964348815483
2469,0.6446849455394026,0.259246006372409,0.47755294803989845,0.1671319974995041
2470,0.6478357151864786,0.2499265864600724,0.48592434630300235,0.1619113688834763
2471,0.6473593251696954,0.2594681030069722,0.47939022910404083,0.16796909606565455
2472,0.6509495590901512,0.24476186666760733,0.4916219299007898,0.15932762918936136
2473,0.6590665350546655,0.2415283820564404,0.49988326117536785,0.15918327387929762
2474,0.6745584300936228,0.26212364082968126,0.49774071844512835,0.17681771164849444
2475,0.655661376311355,0.27088755597176895,0.47805086853728573,0.17761050777406925
2476,0.6410352476444039,0.25366741354179206,0.4784254943853258,0.1626097532590781
2477,0.6382193476339942,0.29008338736616973,0.4530825173896982,0.18513683024429609
2478,0.6229217598642061,0.31105482486236885,0.42915894094668683,0.1937628189175192
2479,0.6425226640746271,0.3347330257249175,0.4274491086320924,0.21507355544253468
2480,0.634380956817482,0.32204427734427293,0.43008220001822756,0.2042987567992544
2481,0.6333512775046316,0.31743100876178454,0.4323059425857715,0.20104533491886015
2482,0.6370966127495834,0.30016780959961176,0.44586071799720883,0.19123589475237454
2483,0.6517635590533971,0.3086269238769353,0.4506117767276639,0.20115178232573322
2484,0.6387918945585337,0.31644365974267086,0.43665024963047694,0.20214164492805672
2485,0.6386015462437069,0.30886419108869684,0.44136039623515333,0.19724115000855355
2486,0.621072240779402,0.2913820910869661,0.4401029125450322,0.18096932823436987
2487,0.6077290781508501,0.2924067175870463,0.4300250132265585,0.1777040649242916
2488,0.6039790918202466,0.30064090386094605,0.4223982717422943,0.18158082007795226
2489,0.6018598732851984,0.29858925553922033,0.4221509817820415,0.1797088915031569
2490,0.5957233233181242,0.29201501073891906,0.42176317066195756,0.17396015265616657
2491,0.6168446699346365,0.27522873987813407,0.44707128872798296,0.16977338120665353
2492,0.6217425171959748,0.2645311103710579,0.45727227875722704,0.1644702384387478
2493,0.6232986737875922,0.26456063036238914,0.45839838374630565,0.16490029004128653
2494,0.6071827815594995,0.26247815353034126,0.4478105662003455,0.15937221535915397
2495,0.6146004272093759,0.27295409622854033,0.44684272305876593,0.16775770415060998
2496,0.5917579471414558,0.28588974252842725,0.42258041999403434,0.16917752714742146
2497,0.5583700329245158,0.27153927778496817,0.4067506374474239,0.1516193954770919
2498,0.5567998796372893,0.2745767090818409,0.40391560106931723,0.15288427856797202
2499,0.5516634308027516,0.28247032667499583,0.3958348812892494,0.1558285495135022
2500,0.5340067890569556,0.21916379602788308,0.4169718340625722,0.1170349549943834
2501,0.5384074259313567,0.2313968975312362,0.41382161796306194,0.1245858079682948
2502,0.5652319656376317,0.2544030018230349,0.4214352568530837,0.143796708784548
2503,0.5683628314570383,0.28387767864667535,0.40701731023396265,0.1613455212230756
2504,0.543841290177401,0.2915083183745587,0.38530703021513646,0.15853425996226458
2505,0.5440904057422502,0.2847405784081386,0.38916578890488307,0.15492461683736714
2506,0.5436053485984195,0.2779695595047682,0.39249960930408084,0.15110573929433863
2507,0.5539261445362594,0.2730913879006488,0.402653684930397,0.15127245960586247
2508,0.5710829796809187,0.26205879618556466,0.4214256615036719,0.14965731817724684
2509,0.5735256735392501,0.2784214934620828,0.4138437989736051,0.15968187456564495
2510,0.57236754323817,0.2809521807712459,0.41155963376272575,0.16080790947544424
2511,0.5489188743858389,0.26235465513208167,0.4049074524008517,0.1440114219849872
2512,0.5525352566701951,0.254245014443037,0.4120559223577942,0.1404793343124009
2513,0.5384266485201894,0.26136632636097035,0.39770005338161807,0.1407265951385713
2514,0.5204122789566197,0.27653972772670044,0.3764976090283244,0.14391466992829527
2515,0.526173939556566,0.2873575880026612,0.37497386541573313,0.15120007414083286
2516,0.5242388557714804,0.25317431904754484,0.3915150404432718,0.13272381532820862
2517,0.5116380412425892,0.2482954069240981,0.384600665594412,0.12703737564817716
2518,0.4959702759529472,0.24748369214864677,0.37322572086412864,0.12274455508881857
2519,0.5237591199284313,0.24407290089671,0.3959237121563912,0.12783540777204006
2520,0.5390648644538863,0.26003823363247686,0.3988873892879672,0.14017747516591916
2521,0.5210878289045776,0.27096766308125625,0.37988987764621873,0.14119795125835888
2522,0.516012591564589,0.2667307581510767,0.37837616180106426,0.13763642976352472
2523,0.5038540950055729,0.25796522322211834,0.37387726091608187,0.12997683408949104
2524,0.49023826768086676,0.2631075351303704,0.3612528854447712,0.12898538223609557
2525,0.5169953331147518,0.2653330613444084,0.37981937867864246,0.1371759544361093
2526,0.5200400422345717,0.25119015354133406,0.38941110417802777,0.1306289380565439
2527,0.511229724190466,0.2622452380246421,0.3771621634848651,0.13406756070560089
2528,0.5001711199516714,0.2655390201518232,0.36735617085146455,0.13281494910020683
2529,0.5089116369338325,0.2611796921485469,0.375994252268641,0.13291738466519143
2530,0.5099956280818505,0.24950239142225475,0.38275049926053395,0.12724512882131653
2531,0.5142081196767464,0.25510879248843116,0.38302910717826494,0.13117901249848146
2532,0.5079481619360952,0.2698320585439159,0.37088746376728027,0.1370606981688149
2533,0.5168904867700651,0.26189323866226577,0.3815203631561377,0.1353701236139274
2534,0.5164505824670533,0.25068252298208593,0.3869854474586446,0.12946513500840875
2535,0.5177589175982658,0.23599066752006953,0.39557264501978234,0.12218627257848341
2536,0.5301960656449018,0.2318008457718735,0.4072961692034939,0.122899896441408
2537,0.5217288734689604,0.23259288755902235,0.4003784482658991,0.1213504252030613
2538,0.5057218251228709,0.23288973608699834,0.3879444027365704,0.11777742238630053
2539,0.5103137520516273,0.25022216689618426,0.382621939216347,0.12769181283528028
2540,0.5219141260752923,0.2493623963630603,0.3917683689014251,0.13014575717386725
2541,0.5156181096582757,0.24852970355127568,0.3874716937192353,0.12814641593904041
2542,0.5269273327543249,0.2229956365686206,0.40942483676136887,0.11750249599295605
2543,0.5314853712333862,0.21065432093469444,0.4195256812694933,0.11195968996389297
2544,0.5347109974931125,0.21514982535674104,0.41966801976614054,0.11504297772697195
2545,0.5261631667702741,0.21359858011376676,0.41377546143998045,0.1123877053302936
2546,0.5131424340501383,0.21985304824511356,0.4003265057402982,0.11281592830984005
2547,0.5262357944943854,0.21765102247158602,0.411700035761535,0.11453575873285039
2548,0.5210430470639883,0.21169119918385934,0.4107428196046006,0.11030022745938774
2549,0.5363308095613359,0.21290193213851397,0.42214494394031415,0.1141858656210218
2550,0.5515603894588283,0.22632911052359164,0.4267262171125659,0.12483417234626241
2551,0.554246573641881,0.20720831977542825,0.43940207237625867,0.11484450126562233
2552,0.554610779068545,0.20491893883641232,0.4409605267545828,0.11365025231396216
2553,0.5538638272589251,0.2073866700114413,0.4389998524839045,0.11486397477502062
2554,0.5545988019422788,0.2032333267650737,0.4418858424036253,0.11271295953865354
2555,0.551838267712153,0.20630997654654687,0.4379885276429717,0.11384974006918135
2556,0.5512508248724879,0.20317774776247063,0.43924892382269165,0.11200190104979621
2557,0.5652210147659803,0.19667651700472782,0.4540553142439295,0.11116570052205084
2558,0.5759759589258027,0.19254882623414052,0.4650724640955558,0.11090349483024683
2559,0.5791706877037265,0.1908499061430327,0.46863601631467455,0.1105346713890519
2560,0.5780359168999465,0.17960132087369207,0.4742199027122804,0.1038160141876661
2561,0.5966016606529861,0.1748402358792794,0.49229168557844827,0.1043099750745379
2562,0.6022915225378238,0.187971413531596,0.48907793368829194,0.11321358884953185
2563,0.6061469843518125,0.19407929729805842,0.4885064035694755,0.11764058078233698
2564,0.6010431150330152,0.18934405217030112,0.4872391761036037,0.11380393892941153
2565,0.5929190252342434,0.1823179735773535,0.4848192300580765,0.10809979517616698
2566,0.579652140357884,0.18911344025655727,0.4700321299427278,0.10962001041515625
2567,0.6020018919631122,0.19205255493435797,0.4863858905362791,0.11561600142683302
2568,0.5907864021341258,0.20489224125842845,0.4697388520958616,0.12104755003826423
2569,0.6031289686132094,0.1823550717334317,0.49314534227723694,0.10998362633597249
2570,0.6009266634809344,0.17476643816012863,0.4959048509089212,0.10502181257201315
2571,0.6041829681919064,0.1850986401544288,0.49234952237511803,0.11183344581678839
2572,0.5626831305427618,0.2104857103424208,0.44424637211277146,0.11843675842999031
2573,0.5861643787795986,0.19922803982787293,0.46938399857841634,0.11678038020118227
2574,0.581058540154312,0.19302420993517744,0.4689001745149384,0.11215836563937365
2575,0.5950742617629293,0.194366812095726,0.4794115745438512,0.11566268721907816
2576,0.6094817753621521,0.21010374161805834,0.481427373910547,0.12805440145160507
2577,0.581029479956986,0.19962781631111773,0.4650398336607885,0.11598964629619744
2578,0.5582595186884546,0.2232468330940941,0.43362984909662383,0.12462966959183072
2579,0.5603188477863691,0.22466634490888174,0.43443406027064946,0.1258847875157196
2580,0.5534134289119235,0.2155393833657726,0.43413103969790967,0.11928238921401382
2581,0.5601088516825881,0.22512420367163863,0.4340147924781095,0.12609405920447858
2582,0.5724197351095212,0.21696102626897365,0.4482269619235454,0.12419277318597575
2583,0.581299828362354,0.2109052614656312,0.4587006360716652,0.12259919229068883
2584,0.5880348696792913,0.20428340022948724,0.4679091070477023,0.12012576263158904
2585,0.58092036927503,0.2044613614023617,0.46214459970669464,0.11877576956833533
2586,0.5799421150297311,0.20090662392992803,0.46342790262432587,0.11651421240540526
2587,0.5755787535077225,0.20483635070023645,0.4576793020986097,0.11789945140911279
2588,0.5825301866469372,0.19929110865960703,0.4664370999223813,0.11609308672455593
2589,0.5890146173744001,0.20257814304671254,0.4696931299593242,0.11932148741507588
2590,0.595185292407163,0.2050359192214074,0.4731509288713982,0.12203436353576481
2591,0.5711960343564721,0.21230505347703016,0.4499282297365538,0.12126780461991837
2592,0.5706450303798243,0.2243608568267182,0.44261462241989824,0.128030407959926
2593,0.5773670227774729,0.23292479450790746,0.4428839276413877,0.1344830951360852
2594,0.574714706177813,0.21137421026113729,0.4532348390340162,0.12147986714379677
2595,0.575140461290604,0.21918229854335147,0.449079852999646,0.12606060829095805
2596,0.5657572363454362,0.22126475201973064,0.44057510174209513,0.12518213460334107
2597,0.5594907814419385,0.21651755458717412,0.4383512056300629,0.12113957581187564
2598,0.5714864539136318,0.2145839795767053,0.4488546163586653,0.12263183755496651
2599,0.5834384941598795,0.22529232020354123,0.45199428211453996,0.1314442120453395
2600,0.5836036261389735,0.2504410749468759,0.43744530666583437,0.1461583194731392
2601,0.5981237827307925,0.2714633313716284,0.4357551080980915,0.162368674632701
2602,0.6123487063425933,0.26397466505263895,0.45070416169039046,0.16164454465220285
2603,0.6140375081804303,0.2677848697330802,0.44960755404110864,0.1644299541393217
2604,0.6097653698011862,0.2616933194626906,0.45019384608451873,0.1595715237166675
2605,0.61493472886267,0.25736494795063825,0.4566720843758891,0.1582626444867809
2606,0.6174170217133177,0.23723154577577346,0.47094622726399304,0.14647079444932465
2607,0.6096208066155074,0.22722423917358045,0.4711001826479143,0.1385206239675931
2608,0.5984207381650071,0.22752887510121225,0.46226274077308593,0.13615799739192114
2609,0.5963069898820177,0.21996045355455265,0.46514303392981904,0.13116395595219865
2610,0.5983707047092116,0.20739456680701412,0.4742718716160369,0.12409883309317471
2611,0.5974890176110458,0.20849498172937678,0.4729155558007275,0.12457346181031827
2612,0.5973463460409698,0.20604978565691076,0.4742632594762891,0.12308308656468067
2613,0.60374262805877,0.22075038439134193,0.47046621084135753,0.13327641721741246
2614,0.6253472549025553,0.2275968790963894,0.4830201713352394,0.14232708356731588
2615,0.6251026772991278,0.2292100391532286,0.4818228681606067,0.14327980913852112
2616,0.6086310613369212,0.2183394549603489,0.4757428871326792,0.13288817420424207
2617,0.617226780485929,0.22352700422872177,0.47925992731417044,0.13796685317175858
2618,0.6041270466330685,0.21116598983933937,0.47655596084207985,0.12757108579098864
2619,0.5984057447425696,0.19537720127483701,0.4814909051079818,0.11691483963458776
2620,0.6211645917523657,0.18875163210847815,0.5039187612511101,0.11724583050125555
2621,0.6175760043012698,0.21584164434332986,0.48427738402590037,0.13329862027536943
2622,0.6147797935499497,0.21597242723767138,0.4820043093202926,0.13277548422965715
2623,0.620734443692392,0.20869971568096143,0.49118734178041,0.12954710191198196
2624,0.5990335263440221,0.18947403937161286,0.4855322243885987,0.11350130195542334
2625,0.6279028525166438,0.19330832097694112,0.5065240063600195,0.1213788461566243
2626,0.6332270003017934,0.21140710280786934,0.4993583147482734,0.13386868555351994
2627,0.6173527853923478,0.21438749267147533,0.485000069638331,0.13235271575401686
2628,0.606078839995527,0.22012088651354259,0.4726682284386121,0.13341061155691494
2629,0.6211423115284608,0.22810398730802092,0.479457273583098,0.1416850379453628
2630,0.6214078478233164,0.2291895695290058,0.47898765067874455,0.14242019714457183
2631,0.5950463854329789,0.23624912446407553,0.45446719785892487,0.1405791875740541
2632,0.6225844604188199,0.22083454606993355,0.48509630371203527,0.1374881567067846
2633,0.6199874585491824,0.21496063264900817,0.4867145622249994,0.13327289632418296
2634,0.6315297696589522,0.21913453749120942,0.4931397856728077,0.13838998398614452
2635,0.6445713753743189,0.21446143515368254,0.5063356731525595,0.13823570222175946
2636,0.6462757640774794,0.21563920461832928,0.5069133723477087,0.1393623917297707
2637,0.6449506012577491,0.20686806192263407,0.5115309203397209,0.1334196809180281
2638,0.631821395262136,0.20478589930843225,0.502433282631071,0.12938811263106495
2639,0.644052071247851,0.18969351129289844,0.5218795723973821,0.12217249885046885
2640,0.6435400918496516,0.19245967620789417,0.5196845741454692,0.1238555177041824
2641,0.6403487301579995,0.19148961400366368,0.517728598992308,0.12262013116569152
2642,0.6392226125703988,0.20830055655255542,0.5060721866110063,0.13315042595939258
2643,0.6380309013023042,0.21034760317929302,0.5038226304590405,0.13420827084326376
2644,0.6187353523282539,0.2181476105758547,0.48375971363903575,0.1349756386892182
2645,0.6332414593369176,0.22591699371850815,0.4901814525456002,0.14306000679131733
2646,0.6342291859648029,0.21918011931766404,0.4952187573102925,0.13901042865451044
2647,0.6265398224764505,0.20641184777556373,0.4972145800141127,0.1293252424623378
2648,0.6158102925541458,0.20102005952245303,0.49202007089037214,0.1237902216637736
2649,0.6180583972513753,0.19873578981197734,0.4952280735236984,0.12283032372767692
2650,0.6309706772998669,0.2033874566870812,0.5026391559997219,0.12833152130014497
2651,0.6160970968603945,0.19166411921367688,0.49801338944054363,0.11808370741985089
2652,0.6252618937471468,0.20216829026216981,0.49885376572219964,0.12640812802494716
2653,0.6139267746513435,0.19549550793725118,0.4939068480046007,0.12001992664674274
2654,0.609578710359884,0.20126672698010165,0.48689079848899874,0.12268791187088524
2655,0.609839438874969,0.19089800932136824,0.49342230398807724,0.11641713488689182
2656,0.6225195559824738,0.20811737727107374,0.49296241869144797,0.1295571372910258
2657,0.6093161457414341,0.19540358526672327,0.4902535863026566,0.1190625594387775
2658,0.6344738584508501,0.23105130067926524,0.4878778482087892,0.14659601024206095
2659,0.6413436721957269,0.21413205145644593,0.5040114359798455,0.13733223621588136
2660,0.6363107351811731,0.2193761943079577,0.49671930769982864,0.13959142748134445
2661,0.6310776609313379,0.21893088180769407,0.49291527213450315,0.13816238879683476
2662,0.6453656355531521,0.22055765435990635,0.5030253047710587,0.1423403307820934
2663,0.6461333906724271,0.2198846302576697,0.5040585889672861,0.14207480170514108
2664,0.6175635152288079,0.19412738908890073,0.4976775224208759,0.11988599280793207
2665,0.6381046804788436,0.19801182544772059,0.5117524078704934,0.1263522726083503
2666,0.6318415770446998,0.20796934105896578,0.5004379006130558,0.13140367643164397
2667,0.6291097107516644,0.2158355072645019,0.4933254972065549,0.13578421354510956
2668,0.6434021665103162,0.21670430735388668,0.5039741456667081,0.13942802084360814
2669,0.6367737140711567,0.2115438148636024,0.5020681733916794,0.13470554067947726
2670,0.6513352795117358,0.20579544083743528,0.5172934485316439,0.1340418309800918
2671,0.6541427038663873,0.2122982577337991,0.5152693475262768,0.1388733563401105
2672,0.6408479897733008,0.20567252080981852,0.5090431682607213,0.13180482151257958
2673,0.6465214049436803,0.1918394792735844,0.5224930752800585,0.12402832966362182
2674,0.6528666477236688,0.19956944500348917,0.5225744131761677,0.13029223454750105
2675,0.6528308873435616,0.1952144893662774,0.5253888390282545,0.12744204831530714
2676,0.659535710580249,0.21157986717050997,0.519991232541472,0.13954447803877698
2677,0.6581026538858243,0.21692038546193312,0.5153467725313902,0.14275588135443418
2678,0.6513164585007957,0.20633620707027717,0.5169262908512959,0.13439016764949976
2679,0.644749524907631,0.19820612768818135,0.5169562182468949,0.12779330666073618
2680,0.6522814429589648,0.19914513337790415,0.52238276800097,0.12989867495799484
2681,0.6436385405073226,0.19896614830012269,0.5155762592050681,0.12806228130225447
2682,0.6462132378746531,0.19829844866922736,0.518070155294591,0.1281430825800621
2683,0.6323913752377929,0.18734385875426382,0.5139167347578292,0.11847464047996371
2684,0.6553158813960933,0.19688025337675705,0.5262971246250177,0.12901875677107572
2685,0.6404168304194575,0.20511252778227518,0.5090593154978099,0.1313575149216476
2686,0.6349586117865692,0.20460723560470553,0.5050414855055179,0.12991712628105131
2687,0.6417044564674614,0.2062938260783052,0.5093247889312895,0.13237966753617186
2688,0.6553686569989695,0.21914952782400265,0.5117449252669946,0.14362373173197493
2689,0.6500881907834772,0.22943597473194216,0.5009345730693453,0.14915361771413188
2690,0.6402628680801021,0.20439636070068806,0.5093954679527445,0.13086740012735762
2691,0.6424208891446463,0.20596087789839185,0.5101073188361496,0.13231357030849683
2692,0.6548180780912086,0.20518090370587433,0.5204619130655106,0.13435616502569797
2693,0.6540517462112296,0.21985719436488604,0.5102537643197742,0.14379798189145543
2694,0.6475824812172413,0.23310610683536542,0.496627050165904,0.15095543105133727
2695,0.663366300286875,0.2503748711387122,0.49727604833478445,0.1660902519520906
2696,0.647744252934263,0.2438253778982262,0.4898077656811621,0.1579364872531009
2697,0.6491043588049777,0.23181522927443135,0.49863208304556905,0.15047227575940866
2698,0.6669302939792066,0.22088288871988332,0.5196168040702784,0.14731348990892815
2699,0.6550160139972184,0.19919099822772357,0.5245427203139679,0.1304732936832505
2700,0.6474493395105091,0.1811047686802193,0.5301931766462976,0.11725616286421152
2701,0.6467424347281487,0.1795319795900629,0.5306314851365072,0.11611094959164159
2702,0.6332792285251303,0.17457463894343966,0.5227247358549757,0.11055449267015463
2703,0.6485202270144079,0.1746884685934274,0.5352312217053992,0.11328900530900882
2704,0.6486255643077535,0.16916836012439906,0.538898641259048,0.10972692304870561
2705,0.6563449677909963,0.18151768394108142,0.537206749371191,0.11913821841980533
2706,0.6507953509483798,0.16605539578663353,0.5427272713705455,0.10806807957783428
2707,0.6379914149092792,0.1550624055892641,0.5390629313681481,0.09892848354113112
2708,0.6424365660369091,0.18615214307320552,0.5228456224805476,0.11959094355636156
2709,0.6428167448148094,0.17497651140901002,0.5303389133318183,0.11247783148299119
2710,0.6365022632951028,0.16922203548107123,0.5287920547119969,0.10771020858310604
2711,0.6382037871468265,0.15715092245646847,0.5379094732814911,0.10029431386533544
2712,0.6324845545635862,0.1654668612456331,0.5278293205336072,0.10465523402997898
2713,0.6522877979947336,0.17591266056819885,0.5375421159933081,0.11474568200142542
2714,0.65635364279212,0.17537026208314005,0.5412487324364422,0.11510491035567778
2715,0.644595336582285,0.16826275195140736,0.5361339513539061,0.10846138522837895
2716,0.6412946290362641,0.17285573840093732,0.5304431724016455,0.11085145663461861
2717,0.640426396634787,0.18800147552436206,0.5200252891026966,0.12040110753209028
2718,0.6428346840604355,0.18309440989900158,0.525135246919779,0.11769943714065656
2719,0.6513302733052417,0.18634384068467388,0.5299588886233446,0.12137138468189707
2720,0.6588201675424543,0.1942288271677685,0.5308582990862107,0.12796186845624363
2721,0.6559127649908051,0.19177227570340924,0.5301268813856029,0.12578588360520215
2722,0.6527114116212329,0.18150448132143915,0.5342413654023367,0.11847004621889626
2723,0.6473126518447377,0.1943614052854738,0.5215000551731279,0.12581259667160988
2724,0.6463182020680155,0.19788746317415093,0.5184199326574976,0.12789826941051785
2725,0.6483688297866506,0.17483711760232368,0.5350098924435609,0.1133589373430896
2726,0.6435028352638077,0.1782476555076725,0.528799963565494,0.11470287169831371
2727,0.6349261687548186,0.15968567404928297,0.5335375555256766,0.10138861322914199
2728,0.6403000590486433,0.14518360394227922,0.547338988871507,0.09296107017713623
2729,0.6540279178126842,0.15420045363370374,0.5531765161968616,0.10085140161582261
2730,0.6429767489329303,0.15069203021116884,0.5460852772576501,0.09689147167528026
2731,0.6455902845255695,0.15921498705827314,0.5428026357298841,0.10278764879568543
2732,0.6387984007765679,0.1746732188768514,0.5272174278995398,0.11158097287702808
2733,0.6535035423873581,0.16827615093961576,0.5435344816490094,0.10996906073834865
2734,0.6527756151335514,0.16462307711094348,0.5453136847072773,0.1074619304262742
2735,0.657338739216043,0.17189090520952086,0.5443481883029122,0.1129905509131308
2736,0.6470178157181665,0.1780219588088532,0.5318344367797929,0.1151833789383736
2737,0.6625379025750657,0.175846699622556,0.5460327990323899,0.11650510354267586
2738,0.6613708303416743,0.16777887949398626,0.5504067734969409,0.1109640568447334
2739,0.6520198244107857,0.17160644700572691,0.5401290189663528,0.11189080544443286
2740,0.6512625811834067,0.18265657719099015,0.5323051872518763,0.11895739393153043
2741,0.6306857111967367,0.18246806004752253,0.515605712974976,0.1150799982217606
2742,0.636076624193703,0.1772999649515626,0.5233002610176513,0.11277636317605182
2743,0.6429659109230397,0.17197300561966902,0.5323931307106161,0.11057278021242352
2744,0.6505792465298883,0.1769325453058322,0.5354706045182047,0.11510864201168364
2745,0.6549788983573408,0.1892507958655467,0.5310236205680751,0.12395527778926577
2746,0.6470481390485701,0.19959715040384146,0.5178991743203669,0.12914896472820317
2747,0.6577800385429107,0.18527945371529553,0.5359069123368542,0.12187312620605652
2748,0.6647707579423772,0.18638826029832212,0.5408652928723005,0.12390546507007667
2749,0.6596313144653778,0.18612411228873388,0.5368580216226587,0.12277329284271911
2750,0.6537230354145969,0.18111294424938504,0.5353253317470142,0.11839770366758265
2751,0.6580752812342896,0.17234444883681313,0.5446596595968352,0.11341562163745444
2752,0.6461441731700798,0.18182271154071786,0.5286604875580607,0.11748368561201906
2753,0.6434014350086255,0.18409817225203817,0.524952406799199,0.11844902820942647
2754,0.6269691302412456,0.17927901787144504,0.5145667203358809,0.11240240990536461
2755,0.6151399477643436,0.18537830192697705,0.5011063488003402,0.11403359896400336
2756,0.6280509152043114,0.19156749233437595,0.5077367763203117,0.12031413888399974
2757,0.6302285606980502,0.2173754924470446,0.49323231696211944,0.1369962437359308
2758,0.652833439725403,0.2491595377238009,0.4901737616727827,0.16265967805262024
2759,0.6513043046015161,0.22678017421730684,0.5036014009355024,0.1477029036660137
2760,0.6441507470726242,0.23817179288936546,0.4907322087513131,0.15341853832131108
2761,0.651692876751077,0.2437518066301227,0.4928415606750201,0.1588513160760569
2762,0.6488856418991956,0.2413242416336519,0.4922938064609068,0.1565918354382888
2763,0.6434953102715314,0.2571620691317778,0.47801272480550905,0.16548258546602235
2764,0.6349902704290832,0.25237985001797947,0.4747315212153149,0.16025874921376823
2765,0.6326259913472594,0.2594547423225427,0.46848817777571305,0.1641378135715463
2766,0.6401163718086852,0.2690401312041703,0.46789937915133906,0.17221699265734614
2767,0.6343397630622402,0.26811825636432884,0.4642616918474308,0.1700780712148093
2768,0.6174245829263451,0.2736282800220877,0.44847975625685443,0.16894482666949065
2769,0.611493509474475,0.26988909444721815,0.44645807994205755,0.16503542953241745
2770,0.6005698562739179,0.2552200217869251,0.44729240447111807,0.1532774518027998
2771,0.615084799046097,0.2712478908625794,0.4482443446032097,0.1668404544428873
2772,0.6091522343754052,0.2674183605338075,0.4462537425432287,0.16289849183217653
2773,0.586948194783592,0.25727909097396295,0.43593869678086083,0.15100949800273109
2774,0.6002335502744949,0.2678693073859779,0.4394494048926394,0.16078414538185548
2775,0.6159390657233319,0.2829802018816825,0.44164050455812853,0.17429856116520337
2776,0.6075913454639156,0.2764968941008043,0.4395942255606141,0.16799711990330146
2777,0.6126316376531661,0.2767197685150365,0.44310435269679427,0.16952728495637182
2778,0.5959198421528643,0.255027154504372,0.4439441004959248,0.1519757416569395
2779,0.5942406797592664,0.25305695634127745,0.44386394200521473,0.15037673775405172
2780,0.6055045509316003,0.23237653450465695,0.46479950175931645,0.14070504917228382
2781,0.5950602165105161,0.233600855645964,0.456053640772787,0.13900657573772915
2782,0.6026569624884212,0.22184213665888386,0.468962254257637,0.13369470823078416
2783,0.6126144329276267,0.23122242627289694,0.470964237376306,0.14165019555132075
2784,0.5942316748343446,0.23689717367940588,0.4534598705553086,0.14077180427903596
2785,0.5657169179250127,0.2243531995945698,0.43879651732375746,0.12692040060125523
2786,0.5617989044486843,0.22123674122930423,0.43750834560226415,0.12429055884642018
2787,0.5473466948363042,0.2138742754630887,0.43028331705107326,0.11706337778523088
2788,0.5657947340092502,0.2070802712521795,0.4486298070175599,0.11716492699169029
2789,0.5538272650353787,0.224806566752663,0.42932325900875806,0.12450400602662065
2790,0.5484787531520242,0.22180471204296032,0.42682358124745756,0.12165517190456664
2791,0.5496087917671665,0.21093901076654617,0.43367485692320373,0.11593393484396276
2792,0.5440894978612497,0.22944949657432437,0.41924843648560906,0.12484106137564069
2793,0.5338901385532129,0.23087554809775593,0.410627960190753,0.12326217836245988
2794,0.5096412844108474,0.2119685818183451,0.40161334411820027,0.1080279402926472
2795,0.5119403952747681,0.22453542462593398,0.39699164123857955,0.11494875403618854
2796,0.5226440315595415,0.22983871766292707,0.4025201975517141,0.12012383400782742
2797,0.5001756419024712,0.2151775967660313,0.3925490493169904,0.10762659258548081
2798,0.5011321629097005,0.21365201926326097,0.39406426438627756,0.10706789852342297
2799,0.5137472506455146,0.20559869992896349,0.40812148382071745,0.10562576682479716
2800,0.5171258517041903,0.2072828657132474,0.40993452322854196,0.10719132847564837
2801,0.49547950459192613,0.21894985084375468,0.38699434096538643,0.10848516362653969
2802,0.5033325608094548,0.21445787467331076,0.39538892956438415,0.10794363124507061
2803,0.4968484810033268,0.2220435638530976,0.38652647358635006,0.11032200741697674
2804,0.5062196579555417,0.21724066139022472,0.3962481646525465,0.1099714933029952
2805,0.5219212063134907,0.20591922699435583,0.414447594957455,0.10747361135603571
2806,0.5380917804583383,0.207191383474301,0.4266038000290253,0.11148798042931295
2807,0.5167983179507338,0.22541695605773146,0.40030321422252374,0.1164951037282101
2808,0.4934651940818291,0.22968735145724636,0.38012248061683773,0.11334271346499136
2809,0.5020552341845208,0.20990395234757706,0.39667185623240153,0.1053833779521193
2810,0.48479570271171596,0.2237412495661471,0.3763269064026983,0.10846879630901769
2811,0.4987571786274068,0.2131812531272888,0.39243149828138524,0.1063256803460216
2812,0.4928047241711483,0.21525618937876176,0.38672545713821516,0.10607926703293315
2813,0.4989158060945166,0.20344014508543706,0.39741630211723034,0.10149950397728624
2814,0.5106736241116194,0.2115324531398528,0.40264957964946946,0.10802404446214994
2815,0.4953918117912827,0.20148592220787756,0.3955773357382848,0.09981447605299791
2816,0.4857844953583013,0.19447003318771378,0.39131396842389565,0.09447052693440565
2817,0.4622826997192898,0.19850637955390119,0.3705166346676103,0.09176606505167947
2818,0.45385260664766564,0.2016123459551979,0.3623503179035481,0.0915022887441175
2819,0.4870827167634104,0.19937093058379657,0.3899725822510055,0.09711013451240494
2820,0.4924557083626571,0.20604073052600672,0.3909897744599131,0.10146593390274398
2821,0.5006388665948708,0.2152291989341178,0.3928867643823721,0.1077521022124987
2822,0.5025053207181,0.21380080594875128,0.39506927815503445,0.10743604256306552
2823,0.49000807312772693,0.20275773377555084,0.3906551466886246,0.0993529264391023
2824,0.5019971968613739,0.20924101027430192,0.3969587962352324,0.1050384006261415
2825,0.5027065506127064,0.19440700175713851,0.40497687734441695,0.09772967326828946
2826,0.4973106298344309,0.1959824982167167,0.3998464502097503,0.09746417962468062
2827,0.49098166329514814,0.19318590603670274,0.3961309258240676,0.09485073747108051
2828,0.4819353309680896,0.20219953693243575,0.3844882302149617,0.09744710075312789
2829,0.48162308958950184,0.19802572625806203,0.3862493274908891,0.09537376209861277
2830,0.47712170810800736,0.2072285982693204,0.3782484453329211,0.09887326277508621
2831,0.489027479625586,0.19054595870061775,0.39584526968938194,0.0931822099362041
2832,0.4787497035725226,0.1936379104238903,0.38604561135668247,0.09270409221584017
2833,0.49447859177335485,0.1838368148173281,0.40357522246638344,0.09090336930697142
2834,0.5026691887767091,0.18995550764530203,0.4071844078449771,0.09548478093173193
2835,0.507084363295763,0.18132959770968193,0.4151349596944721,0.0919494036012909
2836,0.4951893774254675,0.17390503161901427,0.4090734530868916,0.08611592433857591
2837,0.49032791758318117,0.1819036995090687,0.4011354554022228,0.08919246218095839
2838,0.4893553283420956,0.1818447231817149,0.40036864412223006,0.08898668421986558
2839,0.48614305585964657,0.17236043889567051,0.4023512253855954,0.08379183047405114
2840,0.4846394975729535,0.17216091140513307,0.40120351996786807,0.08343597760508545
2841,0.47729543792227724,0.1813000282343243,0.3907617615508542,0.08653367637142305
2842,0.4706917049646341,0.1751929872339646,0.3882298191056319,0.08246188585900217
2843,0.4895225738545105,0.1807370648895963,0.40104770065884565,0.08847487319566485
2844,0.49040527198407674,0.17464468959767984,0.4047585954813519,0.08564667650272484
2845,0.5075135512433633,0.17728346178640367,0.41753979197542845,0.08997375926793481
2846,0.48116732085997616,0.16647840690361723,0.40106335182912567,0.08010396903085046
2847,0.4700979594518077,0.1785652442827964,0.38615480248545153,0.08394315696635617
2848,0.4869714724692391,0.1791299999683725,0.399740272621226,0.08723119984801311
2849,0.48170621122636836,0.1739657310569996,0.3979058380356757,0.08380037319069264
2850,0.5055413449942007,0.17152542909471696,0.41882814886895003,0.08671319612525061
2851,0.49542644578477135,0.17649525459263404,0.40798602910406434,0.08744041668070703
2852,0.4946210055986656,0.174247492095259,0.4084345358354631,0.08618646976320254
2853,0.49941411097806326,0.1777453224141967,0.410645588804068,0.08876852217399527
2854,0.48581629192838555,0.18588859925102336,0.3955085819284917,0.09030770999989383
2855,0.4905854500106852,0.17985324202300812,0.4023520663369471,0.08823338367373812
2856,0.495791362109293,0.1754356922005979,0.4088118613105719,0.0869795007987211
2857,0.4953007130589242,0.1830259830761596,0.40464781313299175,0.09065289992593245
2858,0.5003024443215874,0.17699999045399473,0.41174891645255624,0.0885535278690312
2859,0.513435480924099,0.16448430467117423,0.4289834028507886,0.08445207807331036
2860,0.5273115025078114,0.18025635821551683,0.432260251420601,0.09505125108721046
2861,0.5169875040518946,0.18493858135348332,0.42137656847505905,0.0956109355768356
2862,0.5151102759612622,0.177512476685033,0.42367177510946774,0.09143850085179447
2863,0.5311975238744934,0.1876917308198756,0.4314961412112575,0.09970138266323586
2864,0.5066548198336165,0.1746060081733917,0.41818984422065975,0.08846497561295674
2865,0.519138149994082,0.17353177922452928,0.4290511831622784,0.09008696683180362
2866,0.4975584268851992,0.1794958542916148,0.4082487519914484,0.08930967489375079
2867,0.5071483916098831,0.1726831233172196,0.4195724233613841,0.08757596824849903
2868,0.512168919080146,0.1740480662427462,0.423026909124609,0.08914200995553696
2869,0.5364369909556638,0.1800120179661887,0.4398718857020246,0.09656510525363916
2870,0.5397186768330329,0.1804915583839454,0.44230401176251777,0.0974146650705151
2871,0.5374281786337984,0.17569705470788236,0.44300363053081837,0.09442454810298005
2872,0.5245444990678102,0.18138889030689742,0.4293979544653127,0.09514654460249748
2873,0.5096851142756088,0.199152265552745,0.4081801690491116,0.10150494522649724
2874,0.5211944914049691,0.20419172946998407,0.4147708868147597,0.10642360459020939
2875,0.4925738275128693,0.19805625446143935,0.39501650018993534,0.09755732732293398
2876,0.4970326998746716,0.19567428291775804,0.39977618274001797,0.09725651713465361
2877,0.49383840377724186,0.1958212025149634,0.39713437370151233,0.09670403007572954
2878,0.5076422140442463,0.1900890100206509,0.41114500813188415,0.09649720591236213
2879,0.5312845649640862,0.18859394340124835,0.43108751378929244,0.10019705117479372
2880,0.5260729633203939,0.1946587025660246,0.42366828282538216,0.10240468049501172
2881,0.5360118115690868,0.2006766189140389,0.4284467735254136,0.10756503804367326
2882,0.520225814923645,0.21982884505555744,0.4058651748608939,0.11436064006275105
2883,0.5375694768337284,0.22949415420621738,0.4142004244206931,0.12336905241303525
2884,0.5295056829056634,0.20261302535177375,0.4222209345511899,0.10728474835447344
2885,0.5314416128914848,0.2079243083349623,0.42094198311060604,0.11049962978087878
2886,0.5247807020661257,0.2269660120394398,0.40567331892291975,0.11910738314320596
2887,0.4864558083970225,0.2117277069427785,0.38345963555612533,0.1029961728408972
2888,0.49436513328892046,0.22353085288626226,0.38385927340761733,0.11050585988130311
2889,0.5215034891890485,0.22878690676647556,0.402190319029562,0.11931317015948655
2890,0.5672244538013621,0.21113022276621723,0.4474662285118346,0.11975822528952748
2891,0.5686883476096707,0.2044306880590887,0.4524309974166395,0.1162573501930312
2892,0.5682842337394907,0.20966306880089483,0.449136017342504,0.11914821639698663
2893,0.5721895137845218,0.2122705237414574,0.45073054601411144,0.1214589677704103
2894,0.5644806172062603,0.22135648457104143,0.4395291721729908,0.1249514450332695
2895,0.5267452691489053,0.2051225537789675,0.4186979343500923,0.10804733479881302
2896,0.5508170753412368,0.20474417557056432,0.4380404873603059,0.11277658798093095
2897,0.5588261953578578,0.19252628086034826,0.45123746631827105,0.10758872903958677
2898,0.5635867183343538,0.19041116396867486,0.4562735152990238,0.10731320303533001
2899,0.5789396262147831,0.21271868854335607,0.45578834818059366,0.12315127803418943
2900,0.586306723575507,0.21375915011153868,0.46097829663932577,0.1253284269361812
2901,0.5603458874957098,0.22841233019722587,0.4323559776163821,0.12798990987932765
2902,0.5689165308612474,0.21728299554233313,0.4453006428221633,0.12361588803908405
2903,0.5712064553027868,0.2104597405909495,0.4509904928958865,0.12021596240690029
2904,0.5819935262189607,0.2192885108384837,0.4543690325367668,0.12762449368219392
2905,0.5757378455453356,0.2284715749568817,0.44419811321131086,0.13153973233402472
2906,0.5552938613579171,0.2214406924563565,0.43232920418205595,0.12296465717586119
2907,0.5580243708163668,0.21675429856498038,0.4370701897379007,0.12095418107846609
2908,0.5798216992739237,0.22094578029557155,0.4517125414955424,0.1281091577783813
2909,0.5920827819240168,0.2164666557654328,0.4639166021846308,0.12816617973938596
2910,0.5663718187639768,0.2345803168100577,0.4335121380860345,0.13285968067794227
2911,0.556099846955043,0.2332881441008509,0.4263683457241338,0.1297315012309092
2912,0.5666499806152839,0.247926645496146,0.42616235175088046,0.1404876288644035
2913,0.5681722819595614,0.24659484095617848,0.42806392845403435,0.14010835350552703
2914,0.5648117313022225,0.22851119021103883,0.4357459303371942,0.12906580096502832
2915,0.5662093416609508,0.24209499806024223,0.4291328921898519,0.13707644947109893
2916,0.5671940357195735,0.2313090194380557,0.4359969394861654,0.13119709623340808
2917,0.5549867596514171,0.20799149953460744,0.4395542312896661,0.11543252836175101
2918,0.5569842822370816,0.21262219315604433,0.43855706259438815,0.11842721964269348
2919,0.5674020144849996,0.22457204751217902,0.4399793823295682,0.12742263215543143
2920,0.5770648442059615,0.22580548351156376,0.44676043804250914,0.13030440616345235
2921,0.5628618736501944,0.22572061631851909,0.43581234462767604,0.1270495290225183
2922,0.5620422647199117,0.20783859556685272,0.445228189771312,0.1168140749485997
2923,0.567401324190975,0.20825335851960847,0.44923809279973126,0.11816323139124371
2924,0.5881351175634032,0.2038180212344357,0.46826258168314816,0.11987253588025505
2925,0.5618698278289747,0.19879964716778273,0.45017030430235166,0.11169952352662299
2926,0.5604515383085278,0.20425125306974273,0.44597860932414607,0.11447292898438173
2927,0.5647264995441351,0.195575910483859,0.4542796002214283,0.1104468993227068
2928,0.5503130055839421,0.19750837513651529,0.4416215780345657,0.10869142754937647
2929,0.5561273238068545,0.20530567688467127,0.44195122715862745,0.11417609664822702
2930,0.5849975845011015,0.21175644340721092,0.4611205766053389,0.12387700789576259
2931,0.5659555278972267,0.2092578328910052,0.4475249006167682,0.11843062728045849
2932,0.5816067938473337,0.21046423376042842,0.45919936563039515,0.12240742821693855
2933,0.6008184381076267,0.20388946918811704,0.47831788568342914,0.12250055242419755
2934,0.5754875993943604,0.21911152955468027,0.44939163125131104,0.1260959681430494
2935,0.5721108894263494,0.20972846056508818,0.45212295331443775,0.11998793611191164
2936,0.5615453639154087,0.19916502467870245,0.44970516765298535,0.11184019626242332
2937,0.5665751768901798,0.1969326079384118,0.4549980497120297,0.11157712717815009
2938,0.5681349812788901,0.19197307553431514,0.459068361604151,0.10906661967473909
2939,0.5506121405624841,0.19021291950070993,0.4458785977935587,0.10473354276892537
2940,0.5412413913038483,0.20655665199658746,0.4294443815941505,0.1117970097096978
2941,0.557244882929661,0.22244167756938532,0.4332903963538315,0.12395448657582953
2942,0.5297956764752937,0.19031264503579642,0.4289688599567515,0.10082681651854221
2943,0.5477217167503836,0.19975078000700827,0.4383138766027168,0.10940784014766677
2944,0.5775773036603478,0.20486729997483444,0.45925060093270725,0.11832670272764051
2945,0.5534890747694907,0.20571110123907066,0.4396302276748645,0.11385884709462625
2946,0.55943007205099,0.2187585862747838,0.437049940369515,0.12238013168147503
2947,0.566087090326717,0.21999137758083506,0.4415528114950159,0.12453427883170108
2948,0.5752052258308608,0.21421094484384218,0.4519899709265165,0.12321525490434429
2949,0.5560390044922047,0.19678820632357277,0.4466170861522387,0.10942191833996598
2950,0.5560936272221525,0.17575713469102847,0.45835620468164606,0.09773742254050644
2951,0.5640474519314727,0.18726348070659257,0.45842196279910064,0.10562548913237203
2952,0.5496921437207656,0.1787687311218787,0.45142437668013896,0.09826776704062663
2953,0.5324469677389811,0.18173676257131163,0.4356817795811871,0.09676518815779404
2954,0.5394723425231769,0.183841305067674,0.4402950430258008,0.09917729949737608
2955,0.5241622150243692,0.19194489571936665,0.42355195332148443,0.10061026170288478
2956,0.5369081437930475,0.20215201885404727,0.42837107858610385,0.10853706520694366
2957,0.5263682817341402,0.20027544402840902,0.42094964038736454,0.10541864134677563
2958,0.5209421448441338,0.2077884410254723,0.41269638870250547,0.10824575614162835
2959,0.5344026406588459,0.22405035007059534,0.4146695419405809,0.119733098718265
2960,0.5357662338267312,0.2244412500061148,0.41551819059559125,0.12024804323113994
2961,0.5149926023525355,0.20753554047445885,0.408113334282954,0.10687926806958153
2962,0.5093366256365277,0.19014392968185279,0.41248935810710363,0.0968472675294241
2963,0.5320286801377092,0.19210482174563662,0.42982340537628827,0.10220527476142095
2964,0.5243840298542475,0.20579258654989235,0.41646968400508594,0.10791434584916156
2965,0.5435921214625365,0.187110518877481,0.44188031755797064,0.1017118039045659
2966,0.5475489330063843,0.177073289165798,0.45059264245972064,0.09695629054666365
2967,0.552887867519468,0.1845583279387147,0.4508478071524733,0.10204006036699462
2968,0.5453272512158498,0.19302887926589715,0.440063343080502,0.10526390813534783
2969,0.5605113152776046,0.197032836667846,0.4500721808440328,0.11043913443357178
2970,0.558679581631469,0.20072568248165115,0.4465382413199291,0.11214134031153995
2971,0.5413022048950734,0.1921122760314325,0.43731140629184806,0.10399079860322537
2972,0.5538413239361909,0.19134155884965381,0.44786846165888405,0.10597286227730685
2973,0.5854850946821772,0.19429868344212575,0.47172611161044187,0.11375898307173538
2974,0.6097414694860771,0.22123911921192743,0.4748428038299911,0.13489866565608602
2975,0.6021817555516059,0.20703052033084654,0.4775117533660143,0.12467000218559161
2976,0.5737928335998789,0.18812989832278235,0.4658452461563925,0.10794758744348638
2977,0.5773721247852288,0.20529443877582504,0.4588408384626397,0.11853128632258916
2978,0.5784551656634688,0.20464358695205406,0.46007802567115186,0.11837713999231692
2979,0.6084065824445524,0.2395437481496032,0.46266658928689375,0.14573999315765865
2980,0.6095846831092471,0.22251320976393058,0.47394403864768003,0.13564064446156704
2981,0.60057216390322,0.20006003328416375,0.4804216768031996,0.12015048710002044
2982,0.5939166142739626,0.19303301298347933,0.4792711007597127,0.1146455135142499
2983,0.5884112250681967,0.20451296983545833,0.4680734979449795,0.12033772712321718
2984,0.5742203488311981,0.18687170023841218,0.46691481593361794,0.10730553289758013
2985,0.5759563068061063,0.1995188174274074,0.4610421855822949,0.11491412122381137
2986,0.5841780673038081,0.20876591359588242,0.4622215993804517,0.12195646792335638
2987,0.591247305286355,0.2135253855234981,0.46500099648535675,0.12624630880099832
2988,0.6115662791944293,0.22366114848334254,0.4747826628161187,0.13678361637831057
2989,0.6265356975103321,0.23456211989945802,0.47957415610962306,0.14696154140070908
2990,0.5974789267197638,0.23234086274491425,0.45866015741378846,0.1388187693059753
2991,0.57176606393881,0.2165784645550952,0.4479338477262322,0.12383221621257785
2992,0.581479768723092,0.21205662924252636,0.45817312899494933,0.12330663972814271
2993,0.5858706214014842,0.19933328541077508,0.46908710561187394,0.11678351578961019
2994,0.5684838150649835,0.20374696204823364,0.4526569647719032,0.11582685029308026
2995,0.577208403971847,0.19705545208867567,0.46346634097779177,0.11374206299405525
2996,0.5664020760833738,0.21704527381391273,0.4434671823910893,0.1229348936922845
2997,0.5728893241553463,0.20612234129331788,0.4548040353584998,0.11808528879684652
2998,0.5831447639473283,0.21832222509572663,0.4558313015294253,0.12731346241790298
2999,0.6034604726071845,0.22341463401458642,0.468638571977381,0.13482190062980348
3000,0.6148480705844213,0.22532507631476337,0.4763073821580015,0.13854068842641973
3001,0.5979656489682684,0.20893549674435097,0.47302939906502506,0.12493624990324335
3002,0.5907565163398968,0.2127352500860429,0.46508178109636933,0.12567473524352743
3003,0.5868699091419362,0.20174735602485896,0.4684704566420013,0.11839945249993482
3004,0.6010103124184456,0.20077506932956657,0.4803424252748477,0.12066788714359789
3005,0.6050930742751163,0.1953938799130663,0.48686159078397606,0.11823148349114018
3006,0.6003565277298007,0.1984184610169584,0.48123470943616875,0.11912181829363197
3007,0.6027325988970968,0.20455110652550915,0.4794429788536998,0.12328962004339704
3008,0.6158896485452436,0.22016151470962778,0.4802944506275425,0.13559519791770114
3009,0.5980330490931063,0.21901994288746404,0.4670518848359182,0.13098116425718812
3010,0.5927750117903269,0.21323344611629164,0.4663755532546501,0.1263994585356768
3011,0.601876216455553,0.21213634158934136,0.4741963978070375,0.12767981864851555
3012,0.6117965485512943,0.21111871972946972,0.48263484448623667,0.12916170406505761
3013,0.6380453246416157,0.2379424878207753,0.4862272327539754,0.15181809188764026
3014,0.6098558120980484,0.2095343047040686,0.4820700985403487,0.1277857135576997
3015,0.6107354028546269,0.2241467089938708,0.4738410722387164,0.1368943306159105
3016,0.617414400958247,0.22541265210759456,0.4782413833888267,0.13917301756942022
3017,0.6243588986110331,0.24425481913859573,0.4718562287532224,0.15250266985781072
3018,0.6236707605084861,0.24923593780101552,0.468229593634081,0.1554411668744051
3019,0.623500938992001,0.23326039463864376,0.4780628639051619,0.1454380750868391
3020,0.6313164186737177,0.24013750027257547,0.47971367201237647,0.15160274666134124
3021,0.6362587286130849,0.22299698793104453,0.49437494858753106,0.14188378002555382
3022,0.6047337249225577,0.21055675141004968,0.47740295633476537,0.12733076858779235
3023,0.6095578860526919,0.23238265349480283,0.4679072070330847,0.1416506790196072
3024,0.5876814955695533,0.21849535229879477,0.45927582015560114,0.12840567541395215
3025,0.5780223774257026,0.22002990634596084,0.45084016785485564,0.12718220957084697
3026,0.5698918421705191,0.23881565746212666,0.43379274720026406,0.13609909497025505
3027,0.5879660485461456,0.24256291654465284,0.4453472889815576,0.14261875956458803
3028,0.6110892843173495,0.25324987926537457,0.45633099684361667,0.1547582874737329
3029,0.6084381644460568,0.2664866345213644,0.44629752568847064,0.16214063875758616
3030,0.6215413135482895,0.2376445221680413,0.4738354250824095,0.14770588846587998
3031,0.6270620133705344,0.21585224932519076,0.4917092673181217,0.13535274605241268
3032,0.6479490932240999,0.21796609103487036,0.5067181621844541,0.14123093103964585
3033,0.6404817248819736,0.21523163801543818,0.5026297941166732,0.13785193076530042
3034,0.6114881180944141,0.20757855289757848,0.484556299426312,0.12693181866810205
3035,0.6084609782698674,0.2137022507626516,0.47843149771235194,0.1300294805575155
3036,0.6065159448019355,0.23341839376201923,0.4649439671752142,0.1415719776267213
3037,0.6064507520431611,0.20614951515106758,0.48143122354646317,0.12501952849669798
3038,0.5936057584703391,0.21448546845970898,0.46628594928444755,0.12731980918589156
3039,0.584596937980432,0.2366290733330326,0.446264306272794,0.13833263170763796
3040,0.5981753988759296,0.26233157721660494,0.44125510303663523,0.1569202958392944
3041,0.5937135159922784,0.25685342027259217,0.44121616874759534,0.15249734724468306
3042,0.5918874743846848,0.2732004438304162,0.43018355368512484,0.16170392069956
3043,0.5957917601963452,0.28985122493774107,0.4231007886956216,0.17269097150072352
3044,0.5956306971461929,0.2694249359816011,0.4351529346989034,0.16047776244728945
3045,0.5850115704354731,0.26336225932918944,0.43094160151186967,0.15406996892360345
3046,0.5986627393706605,0.26309811461287735,0.4411557013532593,0.15750703801740115
3047,0.5934016992888739,0.2512437987842916,0.44431320215448333,0.14908849713439054
3048,0.5869387151831023,0.23394747213881315,0.44962588646561263,0.1373128287174896
3049,0.5788598918743177,0.236094011868508,0.4421945376919393,0.13666535418237843
3050,0.5942568780466166,0.25491611613904713,0.44277122270605773,0.15148565534055888
3051,0.5924710148321225,0.24143057790529313,0.4494303953290677,0.14304061950305483
3052,0.6068515177248524,0.23101039548933708,0.46666250861192976,0.1401890091129226
3053,0.6007786942323059,0.2491371419527104,0.4511024074051879,0.14967628682711798
3054,0.5898274713970713,0.2655321849811952,0.43320929415507353,0.15661817724199772
3055,0.589471846876319,0.27065115191073946,0.4299306125002923,0.15954123437602677
3056,0.5831014306743139,0.2767605578877915,0.4217219534157214,0.1613794772585925
3057,0.5749212997619786,0.2697661656714222,0.4198269851623593,0.1550943145996193
3058,0.566871472214329,0.233603376672746,0.434448382165611,0.13242309004871797
3059,0.5552139362023354,0.2289653710292502,0.42808917129915725,0.12712476490317817
3060,0.5480428642342353,0.21937362447212333,0.4278167147410873,0.12022614949314801
3061,0.5281759045648595,0.2331038766165458,0.40505605367534003,0.12311985088951949
3062,0.5514145540848844,0.24528713508970085,0.4161596578666382,0.13525489621824618
3063,0.5268568975667668,0.2230409470822486,0.4093462361566599,0.1175106614101069
3064,0.502944794177902,0.22068669186362208,0.39195157136075054,0.1109932228171515
3065,0.4967725623090148,0.21495067270962986,0.38999096585700554,0.10678159645200924
3066,0.507458196224317,0.23340227211537287,0.3890163002219927,0.11844189600232431
3067,0.5044320175620207,0.23134149196296738,0.3877359620253331,0.11669605553668763
3068,0.4963376241859423,0.2335702454167006,0.3804079234952896,0.11592970069065266
3069,0.48284353887396625,0.2293004905421405,0.3721272785550627,0.11071626031890354
3070,0.4670337665862903,0.21068781023602234,0.3686354449979432,0.09839832158834709
3071,0.48277466590315143,0.2170364109556383,0.37799498511522406,0.10477968078792736
3072,0.4953604623374992,0.20218571974511676,0.39520565072651814,0.10015481161098108
3073,0.49220735592703857,0.21509877633299418,0.38633415596503407,0.10587319996200453
3074,0.48861284467708743,0.21976765477176874,0.38123154571104145,0.10738129896604601
3075,0.46613772793414204,0.20770002994643358,0.3693209078830582,0.09681682005108382
3076,0.4370977176399736,0.21434894278567185,0.34340628396981515,0.09369143367015846
3077,0.4261219959285944,0.21031232812688108,0.3365032868987784,0.08961870902981603
3078,0.44319892940866634,0.22934088450549245,0.3415552949261955,0.10164363448247085
3079,0.4458050602199279,0.2360786212168663,0.3405600162717053,0.10524504394822262
3080,0.46320920041681957,0.21849126394590157,0.3620020367463782,0.10120716367044134
3081,0.4779734214847587,0.20459031839063535,0.38018468700093055,0.09778873448382813
3082,0.4632513915550628,0.2006364197195417,0.3703062909233594,0.09294510063170333
3083,0.4628839351847528,0.20805287880639103,0.36657959991633404,0.09630433526841874
3084,0.44307028904890094,0.18119673162346214,0.36278740079377747,0.0802828882551235
3085,0.4349789647253055,0.18802956913917424,0.35319005740340226,0.08178890732190326
3086,0.4585943348601426,0.19339554507960421,0.3699042334994468,0.08869010136069583
3087,0.45586777621948993,0.20470903768257698,0.3625475224391018,0.09332025378038813
3088,0.44092712019835884,0.19072692554919943,0.35683044617166354,0.0840966740266953
3089,0.424252365402975,0.19800393800792923,0.340248726344007,0.084003639058968
3090,0.4091827383108728,0.2156965526355949,0.3209234322592248,0.08825930605164803
3091,0.4277281315136459,0.22789766753814264,0.3302498880012381,0.09747824351240783
3092,0.45208859832572024,0.22872544683749507,0.348684431663533,0.10340416666218719
3093,0.44294212100248054,0.22983265465090832,0.34113955747577657,0.10180256352670396
3094,0.43921173180427364,0.21112431973646234,0.3464834537068228,0.09272827809745081
3095,0.4248321060836466,0.2215587001653857,0.3307068568712306,0.09412524921241598
3096,0.39236807115299255,0.2138374579326921,0.30846508024368297,0.08390299090930958
3097,0.40187519416422346,0.19704767492035355,0.3226866215459976,0.07918857261822587
3098,0.39818781264597486,0.2015665713073721,0.31792646051454343,0.08026135213143142
3099,0.4003548490029748,0.17861046043688272,0.3288472850844148,0.07150756391855999
3100,0.38206883653588886,0.20018079661386798,0.3055859924768009,0.07648284405908794
3101,0.3989366396668719,0.20300606906081348,0.31795008064377,0.08098655902310185
3102,0.42314293678891424,0.19754736016367525,0.33955216665435933,0.0835907701345549
3103,0.4047472766278668,0.18392525699426626,0.33030402975635703,0.07444324687150979
3104,0.38813521286597363,0.19306892703930273,0.31319836377176874,0.0749368490942049
3105,0.3816073819358476,0.20109880829628587,0.30486659219148304,0.07674078974436456
3106,0.39395334450405095,0.19535494035665177,0.3169926123851586,0.07696073211889236
3107,0.42204241008061005,0.19082953660148486,0.3415042525387534,0.08053815754185666
3108,0.4062684085405751,0.1918229737335016,0.3283367942803449,0.07793161426023024
3109,0.4138138472996042,0.20361217557439257,0.3295563095681223,0.08425753773148188
3110,0.4154866642375596,0.22490755152338698,0.32204057589327045,0.09344608834428912
3111,0.40182651360597554,0.21326797540057746,0.31612978658695656,0.085696727019019
3112,0.4205578100762543,0.2046651132027407,0.334484298268701,0.08607351180755331
3113,0.4122810108349054,0.19944752250985084,0.33005258464602655,0.08222842618887886
3114,0.4130873575896655,0.18223615596214576,0.33780790546596456,0.07527945212370096
3115,0.41669516211774066,0.17519347180838687,0.34369288998057507,0.07300227213716559
3116,0.39378220604830017,0.17508995613065143,0.32483489686627215,0.06894730918202802
3117,0.3659382126983965,0.19396552600914319,0.2949588147855063,0.0709793979128902
3118,0.35405067767282516,0.20488679535191515,0.28151036893226616,0.072540308740559
3119,0.3490748668195528,0.19758242128581172,0.2801038094233233,0.0689710573962295
3120,0.3488610128120755,0.19285393790394798,0.2815817927101071,0.0672792201019684
3121,0.358688558235963,0.19045945675059206,0.2903729302916884,0.06831562794427462
3122,0.375881576992332,0.20456424410634544,0.2989896463213945,0.07689193067093748
3123,0.36756794177204966,0.198695487584522,0.29453385036121305,0.0730340914108366
3124,0.381150704800383,0.1862360191099351,0.31016671485741365,0.07098398994296935
3125,0.39635638202054324,0.18643977487550178,0.32245978738616476,0.07389659463437846
3126,0.3927870771324947,0.17728149122656056,0.323153198363924,0.06963387876857073
3127,0.3830983873700605,0.1753538990943244,0.3159205914079725,0.06717779596208799
3128,0.3948873582515079,0.1766188431435776,0.3251428098651031,0.0697445483864048
3129,0.3880606672793384,0.19536040677801458,0.31224897746509905,0.07581168981423933
3130,0.37968655941533586,0.20883791357443846,0.3003936105347801,0.0792929488805558
3131,0.37839351390306547,0.2044402517275063,0.30103464866866714,0.07735886523439836
3132,0.37633553796516767,0.20013501227850222,0.3010176204536721,0.07531791751149557
3133,0.4004468537790493,0.20393692522654205,0.3187809537027073,0.081665900076342
3134,0.395324175129192,0.19370870966902562,0.3187464392639443,0.07657773586524769
3135,0.3748994212734479,0.20614992550392586,0.2976139335064617,0.0772854877669862
3136,0.3754939052433991,0.19944994927018647,0.30060166489133894,0.07489224035206016
3137,0.3820619895015843,0.2101816558937457,0.3017595678940824,0.08030242160750188
3138,0.39455257575461955,0.2145975543204085,0.3098825579468605,0.08467001780775905
3139,0.4046524866597609,0.1923784507121522,0.3268060681993362,0.07784641846042464
3140,0.42824212562550823,0.1742649470211923,0.35361453429113626,0.07462759133437197
3141,0.4135654995884315,0.19955680401188666,0.3310356902409849,0.08252980934744661
3142,0.43911962072816874,0.19807179181484388,0.3521424106294857,0.08697721009868305
3143,0.4503996996367443,0.18910767566961126,0.36522565931614853,0.08517404032059576
3144,0.4570724835193273,0.19151598775377238,0.3695357953630535,0.08753668815627381
3145,0.439982115158992,0.1899350730484668,0.3564140799762499,0.08356803518274207
3146,0.4574755157538892,0.18180490287750675,0.374304224043416,0.08317129171047313
3147,0.4387119011872041,0.1704237148746242,0.3639449892271717,0.07476691196003238
3148,0.4256199790742327,0.17029521401082176,0.35313893365050475,0.07248104542372794
3149,0.41960354958510376,0.18822003115363706,0.34062575641001885,0.07897779317508492
3150,0.4419035971333961,0.19014542577752108,0.35787764950384837,0.08402594762954775
3151,0.4038856068753041,0.2006085819936182,0.3228626879924174,0.0810229188828867
3152,0.4224347556187813,0.18986931305687485,0.3422273587580945,0.08020739686068681
3153,0.44547471699603797,0.19501454342836202,0.35860066845217686,0.08687404854386113
3154,0.45011480033202816,0.20391763228813806,0.35832845599047297,0.0917863443415552
3155,0.44030817501659475,0.20347710459634932,0.3507155424341154,0.08959263258247933
3156,0.4246663919478427,0.188775560842412,0.34449975563696517,0.08016663631087757
3157,0.4407511065082504,0.20097201272581053,0.3521724695221592,0.08857863698609117
3158,0.4381097982609991,0.18903223337660102,0.3552929246315503,0.08281687362944877
3159,0.4508891018271267,0.18141610767709848,0.3690905559796265,0.08179854584750024
3160,0.4518373916686679,0.18476444476278417,0.3683539068739418,0.08348348479472606
3161,0.45564549275083555,0.19504327029482396,0.3667749057496161,0.08887058700121947
3162,0.46705337251140555,0.18913017965753162,0.37871948425866736,0.08833388825273818
3163,0.47871751986035227,0.18478166841166713,0.390259297842661,0.08845822201769128
3164,0.5031153789548525,0.1703275219801574,0.41742098318736465,0.08569439576748786
3165,0.4941129167815792,0.16532031462498065,0.41242601391898165,0.08168690286259755
3166,0.4916581358223825,0.17706521758314037,0.4046025810264712,0.08705555479591133
3167,0.4849581501557211,0.20186908092659087,0.387060094095926,0.09789805605979507
3168,0.4585371055484614,0.21271368190785483,0.36099998953587753,0.09753711601258387
3169,0.4494070070913889,0.20219222775442314,0.35854040315913316,0.09086660393225576
3170,0.467405383093593,0.192672813414024,0.3773490729280907,0.09005631016550225
3171,0.47096803241862634,0.1991455670002416,0.3771768365636308,0.09379119585499551
3172,0.4790360238855465,0.18312242263128498,0.3913137866639671,0.08772223722157937
3173,0.48361297589594476,0.1806235879421021,0.3962610650142619,0.08735191088168288
3174,0.47680340959620526,0.17601220128944955,0.3928801918908621,0.08392321770534314
3175,0.4911554257868348,0.17784510531047393,0.40380583736396447,0.0873495884228703
3176,0.4933820120770441,0.18184393273043592,0.40366348666249896,0.08971852541454513
3177,0.4952224938219787,0.18850000664265515,0.40187305044694344,0.09334944337503523
3178,0.4848951336604089,0.19321868441894802,0.3912043338533947,0.09369079980701416
3179,0.4843291194632939,0.19080459360495713,0.39191689865305335,0.09241222081024052
3180,0.5058840078666768,0.18518079341935154,0.4122040059117641,0.09368000195491268
3181,0.5297154602413571,0.17160474006085394,0.4388137763804234,0.09090168386093368
3182,0.501747671713321,0.18337347921638728,0.40974045546252763,0.09200721625079337
3183,0.5215331198632046,0.19208791571163916,0.42135290989409313,0.10018020996911145
3184,0.5399317877901743,0.20943159178153398,0.42685301401982867,0.1130787737703456
3185,0.5113384401187288,0.2163033022865925,0.40073424693497267,0.11060419318375607
3186,0.528952761197726,0.2259898389526481,0.4094148118810934,0.11953794931663264
3187,0.5258845406109329,0.2308113783433282,0.40450440494307555,0.1213801356678574
3188,0.5344659746106687,0.25166697945052047,0.3999585371613231,0.13450743744934554
3189,0.5217829377956621,0.24684452314040886,0.39298367733269024,0.12879926046297183
3190,0.5427363969000698,0.2438624739088577,0.4103833564716391,0.1323530404284307
3191,0.5681721676542201,0.2443843203598132,0.42931979861468167,0.1388523690395384
3192,0.5737691450974228,0.2302306355460383,0.4416699101649361,0.1320992349324867
3193,0.5465940960016121,0.2305167103543528,0.4205950230922092,0.12599907290940293
3194,0.5336017519513263,0.23999451371303024,0.40554025897534673,0.12806149297597955
3195,0.5412195328679652,0.2517873015941865,0.40494732711707415,0.13627220575089108
3196,0.5241951597660166,0.24597358529883875,0.39525699692207195,0.1289381628439447
3197,0.5410960996348747,0.2607751393331924,0.3999916888599433,0.1411044107749314
3198,0.5319020731269206,0.25531816265809154,0.3960978131021254,0.13580426002479523
3199,0.5360127231246562,0.24164038127050194,0.4064904043429743,0.1295223187816819
3200,0.5287006998096884,0.23307008575100036,0.4054763823684304,0.12322431744125796
3201,0.5435296755752889,0.22115104354581264,0.4233275206236967,0.12020215495159212
3202,0.5627460656726186,0.2356480877580419,0.4301360314035046,0.13261003426911405
3203,0.5620406166757365,0.23811029240307768,0.42821296109667073,0.1338276555790657
3204,0.5732432763535213,0.23578146606174005,0.43808313624485284,0.13516014010866848
3205,0.5474626004524263,0.24182795732616186,0.4150708380725474,0.13239176237987896
3206,0.5753051238435145,0.2539239732245676,0.4292213609807174,0.14608376286279712
3207,0.5508732588443473,0.24973752221703774,0.4132995361249352,0.13757372271941218
3208,0.5307162835579274,0.21774239167239898,0.41515685067653724,0.11555943288139019
3209,0.5318110427677915,0.21917993667274083,0.4152487320920827,0.1165623106757088
3210,0.5719785927392416,0.21439213775073174,0.44935087949422037,0.12262771324502117
3211,0.5728496482595511,0.21073703796649845,0.4521290101851828,0.12072063807436831
3212,0.5582703799268705,0.21798050614753947,0.43657831994323204,0.12169205998363838
3213,0.5758052702110448,0.22074269476600064,0.4487004632041936,0.12710480700685117
3214,0.5595779485167525,0.18885808355117878,0.4538971295623784,0.10568081895437406
3215,0.5688028605641599,0.19469023363705742,0.45806249874749694,0.11074036181666289
3216,0.5771768407368912,0.1944331914238182,0.46495450557650064,0.11222233516039061
3217,0.5726939527047616,0.18939599758128517,0.464228010223474,0.10846594248128767
3218,0.5732108959206775,0.20823852077565824,0.4538463068616658,0.11936458905901168
3219,0.5900898966443702,0.21729838560463843,0.46186431474194056,0.12822558190242958
3220,0.5767924963101448,0.2294965074176566,0.44442063290225503,0.1323718634078898
3221,0.5787584185214603,0.217104349950181,0.4531074482901638,0.12565097023129643
3222,0.5568976739592176,0.22198667561025714,0.43327381066192605,0.1236238632972916
3223,0.6038935545479976,0.21914668926273545,0.4715522814016988,0.13234127314629882
3224,0.6013788022612735,0.20609796768395108,0.4774358533070163,0.12394294895425716
3225,0.5971688209219105,0.2082989266685735,0.47277919648393896,0.12438962443797152
3226,0.5853387837140231,0.21121406194915854,0.46170700158940436,0.1236317821246188
3227,0.572548303815192,0.22602656187573197,0.4431371791960621,0.12941112461912987
3228,0.5777606695067571,0.241207664877721,0.43840036755684353,0.13936030194991358
3229,0.5424805744594747,0.21970270402621078,0.42329612536903594,0.11918444909043878
3230,0.5535262446092604,0.23841544414498542,0.4215570391548377,0.13196920545442264
3231,0.5561601185473477,0.22354367319804497,0.43183404276101345,0.12432607578633424
3232,0.5432937656238472,0.21155413333647471,0.42835772389018445,0.11493604173366281
3233,0.5250805172336276,0.21807635321646693,0.41057287289030187,0.11450764434332572
3234,0.5456967257119223,0.21414284249217203,0.4288396777293001,0.11685704798262217
3235,0.5583723799241995,0.2072941899850036,0.4426250297178139,0.11574735020638563
3236,0.5543495207593576,0.22072776570245545,0.43198918962391764,0.12236033113543995
3237,0.5798470761095788,0.212616180162058,0.456562205709022,0.12328487040055675
3238,0.569291745952666,0.22655526206265159,0.44031570525825525,0.1289760406944107
3239,0.5688046869561638,0.23113900942438256,0.4373317350571701,0.13147295189899372
3240,0.5513819875613699,0.23175210209129338,0.4235980528887471,0.12778393467262286
3241,0.5655657643999176,0.22700381059053074,0.43718018074158993,0.1283855836583276
3242,0.5663392857052868,0.23134227632819881,0.43532106617613964,0.1310182195291472
3243,0.5461952046125558,0.22139095905414352,0.4252725244326079,0.12092268017994788
3244,0.5457496581401521,0.23281764584067735,0.41868950751360745,0.12706015062654466
3245,0.5425732985324216,0.22256044689659457,0.42181794273688644,0.12075535579553519
3246,0.528931828097046,0.23716725817492162,0.4034865166658206,0.12544531143122536
3247,0.5225962939219337,0.22276377542501646,0.4061807704647622,0.11641552345717154
3248,0.5302601161376704,0.24193546826705947,0.4019713866365578,0.12828872950111264
3249,0.5400566816644233,0.25779864855150253,0.40083079899012597,0.13922588267429736
3250,0.5538131624334428,0.25586901454633043,0.412109534318811,0.14170362811463183
3251,0.5446659646322193,0.23705230397119575,0.41555164282145785,0.1291143218107614
3252,0.5407883286318869,0.23033125124531628,0.41622787623924107,0.1245604523926458
3253,0.5534658244593823,0.23797225968552793,0.42175631155406934,0.13170951290531294
3254,0.5586190025564837,0.2547337625623797,0.416319882196427,0.14229912036005668
3255,0.5547650958725696,0.22989315396513588,0.4272283982726536,0.127536697599916
3256,0.5895506869841829,0.2382254785810456,0.4491046924295917,0.14044599455459117
3257,0.5625927480888798,0.24854728492968284,0.42276184803025973,0.1398309000586201
3258,0.5539088891541625,0.2312995413776216,0.42579001712781683,0.12811887202634561
3259,0.5851892620912468,0.22367052241244156,0.4542996741291464,0.13088958796210035
3260,0.5696485451543716,0.23837680047090243,0.4338575475675681,0.1357909975868035
3261,0.5677817754119162,0.24139426004674924,0.43072251386832716,0.13705926154358908
3262,0.5547000518026033,0.21883677917048017,0.4333112790604231,0.12138877274218021
3263,0.5605290763066364,0.21203087479586682,0.4416796059088211,0.11884947039781531
3264,0.582478057636962,0.20568517123401434,0.4626709586118474,0.1198070990251146
3265,0.5832696805251641,0.20662712836684088,0.46275034137480475,0.12051933915035937
3266,0.5779642558499389,0.2084633675566267,0.45747988074810086,0.12048437510183806
3267,0.6027493310468219,0.21095225131367007,0.4755980026846862,0.1271513283621357
3268,0.6033984125496769,0.2203045012763795,0.47046702620196124,0.13293138634771565
3269,0.6041903500072282,0.23240291059571586,0.4637747541117041,0.14041559589552413
3270,0.5931531771669105,0.23174723189174629,0.4556915702706844,0.13746160689622608
3271,0.6097340240219717,0.22887091285617858,0.47018364134459195,0.1395503826773798
3272,0.5950745899806775,0.20694772413565604,0.47192525789321765,0.12314933208745989
3273,0.5938664581138111,0.20895473983138857,0.4697752468640515,0.12409121124975962
3274,0.6104504538119954,0.23387594732415268,0.4676807756322561,0.14276967817973932
3275,0.6101720360532076,0.24735336126791,0.45924393198376234,0.15092810406944526
3276,0.6038118262289371,0.24184748878039888,0.45778145235956214,0.14603037386937504
3277,0.6154772850052961,0.2646176543993149,0.452611129511136,0.16286615549416006
3278,0.6062336149395593,0.2710943797195532,0.441887089132377,0.1643465258071823
3279,0.6169503586742555,0.26027733956091426,0.45637216067736847,0.16057819799688705
3280,0.6316108512538772,0.25668759171417543,0.4694841829449792,0.16212666830889802
3281,0.644317403866599,0.28057228645495164,0.4635397966610288,0.18077760720557018
3282,0.6281374725631484,0.2506752953210499,0.47067892612616336,0.1574585464369851
3283,0.6232305436046441,0.2503639373981421,0.46719609080100094,0.1560344528036432
3284,0.6303813165976777,0.2521785756197614,0.4714126540807655,0.15896866251691225
3285,0.6363930767595449,0.27114759209150274,0.46383662637249146,0.17255645038705347
3286,0.6207038605174697,0.264802155879343,0.4563401400898127,0.164363720427657
3287,0.6100100456993333,0.22821861831401719,0.47079439591216093,0.13921564978717232
3288,0.6028755030148936,0.20545364873900307,0.4790125311851218,0.12386297182977173
3289,0.6358416692364852,0.20680585166040166,0.5043458913088625,0.13149577792762274
3290,0.6426168483950289,0.237876562558205,0.48975336145683224,0.15286348693819662
3291,0.6426515431501398,0.27110163132148185,0.4684276614308692,0.17422388171927058
3292,0.6512796794776811,0.23653861576125562,0.49722688562059614,0.15405279385708492
3293,0.6315595044021504,0.22721267736659106,0.4880611784906204,0.14349832591152994
3294,0.636971740922748,0.2415613338342847,0.48310399757070255,0.15386774335204545
3295,0.6129887570673089,0.23503147753890746,0.46891710377904094,0.14407165328826801
3296,0.5978446080108005,0.24853762540005225,0.4492577287775711,0.1485868792332294
3297,0.5954719977625192,0.24390149311571688,0.450235488399642,0.14523650936287727
3298,0.6051643853224311,0.25741492706298985,0.4493860392135384,0.15577834610889268
3299,0.6550956454497532,0.26700773879886697,0.48018003846123036,0.17491560698852285
3300,0.6408193001825006,0.2531834252490602,0.4785744747965893,0.1622448253859112
3301,0.6277371747328256,0.2754152137593626,0.4548488065690861,0.17288836816373954
3302,0.62581263486088,0.2729668252263108,0.4549865467363931,0.1708260881244869
3303,0.6398127428323144,0.2737320785034484,0.46467547088383265,0.17513727194848172
3304,0.6453870781065705,0.27652484233993746,0.46692151808491816,0.17846556002165231
3305,0.6374610942938572,0.29688040948605005,0.44821138358847135,0.18924971070538588
3306,0.639128793475904,0.2936649309560138,0.45143908046780223,0.18768971300810175
3307,0.627881096443753,0.30650395654275586,0.435433056145339,0.19244804029841397
3308,0.6339884774200132,0.3099055794129581,0.43751191098402487,0.1964765664359883
3309,0.6492046387103333,0.3220281623294845,0.44014246193066775,0.20906217677966554
3310,0.6407146329730503,0.3136333849747361,0.4397651338308669,0.20094949914218344
3311,0.6242516662899849,0.2916694117155328,0.44217655002074385,0.18207511626924097
3312,0.6284355332552102,0.29733050752004003,0.4415824772088115,0.18685305604639865
3313,0.642347609840719,0.2920282261260978,0.45476397678259506,0.18758363305812395
3314,0.654999147594492,0.2992054906796695,0.45901980624371674,0.19597934135077524
3315,0.6538358977002188,0.29679421215951285,0.45978118756067454,0.19405471013954426
3316,0.6434141352375675,0.3170791328617596,0.43940093916544065,0.20401319607212684
3317,0.6034306827454521,0.30807449120402886,0.41752908218174717,0.18590160056370492
3318,0.6038077922084003,0.30860420094864316,0.41747017096736255,0.18633762124103775
3319,0.5957873364090301,0.29871111203824596,0.4178190386119842,0.17796829779704593
3320,0.6143117580593838,0.31370475426613914,0.42159923895456486,0.1927125191048189
3321,0.6328099673033495,0.3090618672705882,0.4372325371811364,0.19557743012221307
3322,0.6395408438900829,0.3146953859774868,0.43828029117372563,0.2012605527163573
3323,0.6483252102909617,0.31052360400393864,0.44700492942480086,0.20132028086616083
3324,0.6333483528102146,0.28717810146630185,0.4514645752833677,0.18188377752684695
3325,0.642303582599111,0.2916239289670906,0.45499248825192007,0.18731109434719095
3326,0.6544665840484283,0.29790882350766873,0.45949521396947823,0.19497137007895007
3327,0.6614228193243255,0.30029259854972296,0.46280244216933986,0.1986203771549856
3328,0.6215630381248749,0.27661792335966573,0.44962756128164727,0.17193547684322763
3329,0.6189653460924475,0.29331572663664185,0.43741307584044076,0.18155227025200674
3330,0.637650750083671,0.33057334354460916,0.4268604096147839,0.2107903404688871
3331,0.6397195027448989,0.3302826624262322,0.4284312421723283,0.21128826057257058
3332,0.6378514710504776,0.3267153733342911,0.429455589554394,0.20839588149608357
3333,0.6334149119837008,0.32009720834275024,0.43066056693504934,0.20275434504865147
3334,0.6032636911719989,0.3241722819755334,0.40770232377178856,0.1955613674002103
3335,0.6105835495866156,0.337927132458589,0.4042508015484239,0.20633274803819174
3336,0.6162090948349049,0.33643387820124976,0.40889547927671616,0.20731361555818878
3337,0.5990987982372635,0.32592931168931705,0.4038349392938952,0.19526385894336834
3338,0.5691610041331635,0.34048473805691254,0.375370368728674,0.1937906354044895
3339,0.527760916332803,0.32967257943093553,0.35377261372253366,0.17398830261026932
3340,0.509437020372163,0.3110499184566547,0.35097667672660054,0.15846034364556244
3341,0.5054311340413126,0.3202440682125835,0.34356981147462307,0.16186132256668953
3342,0.5379983250149352,0.35065884686134424,0.3493444527518633,0.18865387226307187
3343,0.5178802010772845,0.32673155619541316,0.3486723970565099,0.16920780402077465
3344,0.4937728841130654,0.3272386722960598,0.3321913011001097,0.16158158301295572
3345,0.5032749838573036,0.3351523543255721,0.334601188144364,0.1686737957129396
3346,0.5339054852592083,0.3688186848081804,0.33699116637403376,0.19691431888517458
3347,0.5243394930286666,0.3690010231518656,0.33085768362215806,0.19348180940650847
3348,0.4855935996639353,0.3178313290634294,0.33125674049805187,0.15433685916588344
3349,0.4943066264083552,0.2929234426669096,0.3495126276677539,0.14479399874060134
3350,0.4792769605160805,0.2688105073426482,0.35044227760211055,0.12883468291396996
3351,0.45946196712576914,0.2794377509474413,0.331070948386257,0.12839101873951214
3352,0.46716091336501114,0.24601548957536384,0.3522320925530438,0.11492882081196736
3353,0.463455560186189,0.23509147695055596,0.35450110804107055,0.10895445214511845
3354,0.4609443400788704,0.2429905644001457,0.348939214726053,0.11200512535281741
3355,0.44292149905905,0.2680192715949566,0.3242100015074972,0.11871149755155282
3356,0.4646762320445443,0.24679765542635557,0.34999522744359757,0.11468100460094668
3357,0.48501022995271925,0.23792529268539964,0.36961402903580554,0.11539620091691372
3358,0.4556169786207027,0.26599310686196675,0.3344260029383197,0.12119097568238299
3359,0.4514986747583083,0.2619335132883914,0.33323604063381185,0.11826263412449645
3360,0.4347465991580878,0.23343895320888672,0.3332598081395003,0.10148679101858749
3361,0.44497616001081425,0.24600443766667018,0.3355100499922796,0.10946611001853461
3362,0.4278539647652008,0.2603633542173286,0.31645647138375044,0.1113974933814504
3363,0.4114686037973004,0.2628369070938501,0.3033194686089931,0.10814913518830725
3364,0.4072890464452833,0.2449182995196668,0.30753650577691793,0.09975254066836538
3365,0.4043055628621151,0.22579260599914816,0.31301635620352575,0.09128920665858939
3366,0.3918261942806842,0.2306083607139426,0.30146779793283285,0.09035839634785138
3367,0.4128042446503987,0.22343423421369096,0.32056964436677576,0.09223460028362297
3368,0.4192913164742962,0.20616705271624028,0.33284726152727817,0.08644405494701801
3369,0.4176028222503742,0.1947228681753677,0.3362860029436531,0.08131681930672113
3370,0.4015689820971137,0.1965954534111424,0.32262234598588074,0.078946636111233
3371,0.4194670298996274,0.21078393414765997,0.3310501190921498,0.08841691080747759
3372,0.4097126486869182,0.23311443681885344,0.31420271533070654,0.09550993335621169
3373,0.3991868556338877,0.20847699330230227,0.3159655802055346,0.08322127542835311
3374,0.3868336829052266,0.22524402054294654,0.29970170888621805,0.08713197401900852
3375,0.3731768815120081,0.20901557447554706,0.2951771012417826,0.07799978027022553
3376,0.35704798537809646,0.18333185167813032,0.291589717080784,0.06545826829731242
3377,0.34620369748629415,0.17479389873666698,0.28568940344561516,0.060514294040678984
3378,0.3431067922956157,0.1771365620652544,0.282330034687133,0.06077675760848268
3379,0.3403176204435933,0.21394256408306617,0.26750919612324325,0.07280842432035005
3380,0.3392558478392157,0.20989750140086127,0.2680468930421335,0.07120895479708216
3381,0.33839254526569207,0.17988617231308698,0.2775204055585637,0.06087213970712837
3382,0.3237019515358539,0.17646944636350645,0.2665784473615352,0.05712350417431873
3383,0.3242319701804488,0.1655867948634878,0.27054343744599435,0.05368853273445447
3384,0.3307500785948304,0.1971652499517766,0.26553765667711093,0.06521242191771949
3385,0.3455580396318262,0.2142684207031498,0.2715158642186383,0.07404217541318785
3386,0.3465873581807462,0.2126749114819739,0.27287692245888484,0.07371043572186138
3387,0.3481739692061379,0.20968751498102065,0.27516623482222446,0.07300773438391346
3388,0.36081990429213506,0.2054648106802031,0.28668411096710256,0.07413579332503253
3389,0.3373936232760854,0.1935556196286074,0.2720891914641418,0.06530443181194365
3390,0.32407374206024336,0.20680772406017472,0.2570527890371003,0.06702095302314305
3391,0.31124216630718604,0.20334850152478062,0.2479515381772932,0.06329062812989285
3392,0.3372651772747707,0.17614766265601708,0.2778567046025526,0.059408472672218104
3393,0.3283554222451803,0.19560220830968933,0.2641283765435625,0.06422704570161775
3394,0.30707885054993894,0.20966653721353756,0.24269469130361981,0.06438415924631911
3395,0.31753648205495066,0.21460646818504767,0.24939109912123292,0.06814538293371773
3396,0.3211280945949367,0.2324470388262763,0.24648281992241933,0.07464527467251737
3397,0.3034413862136254,0.20356396649703778,0.24167165403662022,0.06176973217700514
3398,0.2916747535617786,0.18195177636043244,0.2386040140317216,0.05307073953005698
3399,0.303841293620997,0.17709047497142802,0.2500338946177215,0.05380739900327548
3400,0.3253820857217052,0.15144273906543823,0.2761053314171849,0.049276754304520255
3401,0.3277989667830221,0.15898471793024394,0.27568394051119793,0.05211502627182417
3402,0.3406320652512065,0.1929778690459317,0.2748976151703139,0.06573445008089258
3403,0.3509851762670569,0.21014967094989606,0.27722575696624363,0.07375941930081327
3404,0.33067867778304544,0.2002511243825161,0.26445990074766684,0.0662187770353786
3405,0.3037693022534876,0.19079519996134278,0.24581157748791585,0.05795772476557174
3406,0.30342556063255466,0.17164361377124884,0.2513445008950158,0.052081059737538855
3407,0.32065853822652823,0.1775657877817736,0.2637205522773828,0.056937985949145446
3408,0.3098842292195609,0.1984412054673315,0.24839042921791635,0.061493800001644526
3409,0.31545022322229477,0.22429458202427202,0.24469644725518686,0.07075377596710791
3410,0.30716940150905436,0.2209529854444547,0.2392994052084424,0.06786999630061195
3411,0.32201126897488613,0.23607980206627704,0.2459909123321843,0.07602035664270182
3412,0.3005323053026071,0.24044920749517443,0.22826955066589744,0.07226275463670968
3413,0.3064324128994454,0.23644317906971618,0.23397855902349662,0.07245385387594877
3414,0.31076041378195507,0.23299906778832466,0.23835352706524549,0.07240688671670957
3415,0.2996653838036037,0.21143800432210424,0.2363047330877523,0.06336065071585138
3416,0.30822566829679504,0.21031962594977974,0.24339976103249222,0.06482590726430282
3417,0.3370856035835203,0.17610745902944788,0.2777223144610188,0.05936328912250151
3418,0.36553779715063256,0.1854509802307396,0.2977484543576625,0.06778934279297007
3419,0.34925322265366465,0.19428492135526676,0.28139858775732396,0.06785463489634071
3420,0.3506319138379681,0.18350504446032592,0.2862891888999226,0.0643427249380455
3421,0.37488808325971035,0.17640314732263318,0.3087566454789481,0.06613143778076226
3422,0.36649612683319416,0.19038986142324632,0.2967189800332658,0.06977714679992834
3423,0.3369786136527883,0.18411868189343866,0.2749345554807586,0.062044058172029695
3424,0.3371816392305011,0.1658989069603107,0.28124357383507514,0.05593806539542595
3425,0.34924115392564403,0.16290999111065851,0.29234628064414125,0.05689487328150279
3426,0.3556636806335451,0.15522185954215714,0.30045690275399833,0.055206777879546774
3427,0.35373468941501734,0.17677113642218414,0.29120460637517637,0.06253008303984096
3428,0.34942827518152286,0.1984372472393737,0.2800886901468991,0.06933958503462376
3429,0.35346525663349143,0.2097381673017359,0.27933010150234516,0.07413515513114624
3430,0.34916064425112975,0.19255018308689592,0.2819296982738362,0.06723094597729357
3431,0.34211342074241174,0.18231569709803105,0.27974077395316693,0.0623726467892448
3432,0.3270337272998988,0.16899801191248962,0.2717656775578846,0.055268049742014186
3433,0.3807820591820784,0.18293502576528262,0.3111236833746475,0.06965837580743088
3434,0.37671545217410346,0.18457776543584414,0.3071821558066538,0.06953329636744963
3435,0.3725969160264574,0.1970861184285879,0.2991632361083404,0.073433679918117
3436,0.37326161300377964,0.20332419700634866,0.2973684952664917,0.07589311773728796
3437,0.385867271664427,0.19545721883858558,0.31044672790406513,0.07542054376036186
3438,0.3925129495641936,0.1910629908617271,0.31751825146850055,0.07499469809569306
3439,0.36579197758384435,0.18691378706361303,0.29742041377615974,0.0683715638076846
3440,0.36289195658504764,0.19536927762013595,0.29199401717286916,0.07089793941217849
3441,0.3455564434253201,0.17816374427600543,0.28399081360596545,0.061565629819354664
3442,0.3557941330807425,0.19005558093332547,0.288173472425413,0.06762066065532943
3443,0.3561188156311611,0.22197467665017115,0.2770694566823922,0.0790493589487689
3444,0.35811182637109046,0.21722065899581863,0.280322539452566,0.07778928691852445
3445,0.34171628094163436,0.21215760654366983,0.26921857266005295,0.0724977082815814
3446,0.3349809704625213,0.21663677272228282,0.2624117740981423,0.07256919636437896
3447,0.3414430554800111,0.21236407168948104,0.2689328179681786,0.07251023751183253
3448,0.35343254627684945,0.18462044930997254,0.28818167078244983,0.0652508754943996
3449,0.351214784332745,0.20078085884342128,0.28069757829590947,0.07051720603683552
3450,0.3652370426058249,0.20027612754931695,0.2920887820751654,0.0731482605306595
3451,0.37156385991597424,0.20012689423799782,0.2972039386199078,0.07435992129606642
3452,0.3718422039209137,0.18326671288990962,0.3036959054945884,0.06814629842632532
3453,0.3757141599562878,0.1808051810606856,0.3077830932383278,0.06793106671796001
3454,0.39126136657563704,0.19446530157814282,0.3151746069286295,0.07608675964700755
3455,0.39502841931050575,0.2095554365949795,0.3122480664344681,0.08278035287603766
3456,0.3753805370483732,0.20076984162293596,0.30001544607683867,0.07536509097153453
3457,0.37146526375060657,0.19192014949306913,0.3001735948001078,0.07129166895049877
3458,0.36594840306550935,0.1775356321367654,0.30097952199783434,0.06496888106767502
3459,0.37576859790791123,0.18131071591352535,0.3076377244034062,0.06813087350450503
3460,0.37245679237624624,0.17273985273275128,0.3081186609118606,0.06433813146438569
3461,0.3777203406138121,0.18503264476280942,0.30782974700932925,0.06989059360448287
3462,0.3971656066189662,0.17109385135334348,0.3292130133574403,0.0679525932615259
3463,0.4288882910954301,0.1693620214709011,0.35625090313030777,0.07263738796512231
3464,0.407904357609588,0.1639292377028501,0.34103690721097746,0.06686745039861051
3465,0.390109683305784,0.16385747946341175,0.32618729388502843,0.06392238942075557
3466,0.4097623289903904,0.17092219097356148,0.33972485394092355,0.07003747504946684
3467,0.425535850343004,0.18529433793517933,0.34668646668601355,0.07884938365699048
3468,0.40486992691530127,0.1540051873343651,0.3425178579746596,0.06235206894064168
3469,0.43491957831041456,0.15046232286641592,0.3694805682977475,0.06543901001266705
3470,0.4504895251309608,0.15365981600348821,0.38126738758783857,0.06922213754312222
3471,0.46401992961999394,0.15515687957853505,0.39202404527790424,0.07199588434208971
3472,0.4681565552768893,0.16934562292785624,0.3888762917957651,0.07928026348112419
3473,0.4399776359906735,0.1639340670518653,0.3678503127108573,0.07212732327981626
3474,0.4595210410710645,0.16109950113901766,0.38549243059163396,0.07402861047943055
3475,0.4706124409689947,0.16443412224585402,0.39322769732027923,0.07738474364871543
3476,0.4626198687174782,0.1728453287408353,0.3826581854269636,0.07996168329051459
3477,0.43924715346786414,0.18365904988041395,0.3585754385992798,0.08067171486858431
3478,0.4392939106517347,0.19715821871054487,0.3526835057372494,0.08661040491448527
3479,0.42333228588345506,0.20892431102625003,0.3348878797200867,0.08844440616336836
3480,0.4113764267101889,0.20292494833709074,0.32789788657292684,0.08347854013726208
3481,0.3912046797878147,0.19972458734712942,0.3130714865489275,0.07813319323888719
3482,0.3860365563001413,0.19036406324576097,0.3125490688814454,0.07348748741869586
3483,0.36869734626157835,0.21156363742949283,0.29069439457587765,0.07800295168570073
3484,0.37067763131305226,0.20596152228328488,0.2943323020914538,0.07634532922159847
3485,0.3894326658924679,0.18165126358868372,0.3186917300503914,0.07074093584207648
3486,0.37867079700745454,0.16504343787677345,0.31617366684580644,0.06249713016164811
3487,0.3814532051591469,0.1808459636084264,0.3124689327006182,0.06898427245852869
3488,0.390715468281314,0.19919697590285734,0.31288612856120745,0.07782933972010653
3489,0.41281358474850294,0.20960520819437836,0.32628570737182533,0.08652787737667761
3490,0.395848197664664,0.2148421189618786,0.310803332091147,0.08504486557351698
3491,0.3874242390234368,0.18125067188108918,0.3172033353974192,0.07022090362601761
3492,0.4077762085921854,0.19832850434112778,0.3269025630362015,0.08087364555598386
3493,0.43889201818972107,0.20525988122536712,0.34880509466533727,0.09008692352438381
3494,0.4415972439890855,0.21298885044428292,0.34754195463248666,0.09405528935659885
3495,0.40991864042918325,0.1857415446780292,0.33377971896354913,0.07613892146563413
3496,0.42804235807811025,0.17036036591424328,0.3551209053291278,0.07292145274898242
3497,0.4627413133525924,0.16829027420756862,0.3848664508413142,0.0778748625112782
3498,0.43941828995509585,0.17325420872252464,0.3632872218307208,0.07613106812437503
3499,0.437218144419488,0.1662561722814871,0.36452792927628946,0.0726902151431985
3500,0.44184051712053485,0.1707938539451284,0.36637687237241023,0.07546364474812463
3501,0.4228682748332997,0.18282731938465113,0.34555640169271556,0.07731187314058412
3502,0.44429167849807877,0.21848446190268453,0.3472208501935855,0.09707082830449325
3503,0.4770875284487228,0.20984761215259679,0.37697184981597426,0.10011567863274858
3504,0.4742770800550579,0.2131364199432907,0.3731913611509654,0.10108571890409253
3505,0.4732935409921978,0.19464318561807833,0.38117017844101586,0.09212336255118192
3506,0.456824504183692,0.18761979343424598,0.37111518507304586,0.08570931911064614
3507,0.4436533305423687,0.1932269569847193,0.35792754752553096,0.08572578301683774
3508,0.4575211256848389,0.19637411018885403,0.36767582173587576,0.08984530394896309
3509,0.46349729357812847,0.2053939903806681,0.36829773491947665,0.09519955865865182
3510,0.45665903952487313,0.16762159043531583,0.38011312503305017,0.07654591449182299
3511,0.4793124097389381,0.17765514135781457,0.39416009583221234,0.08515231390672579
3512,0.49348319881352326,0.18242013890628087,0.4034619251380445,0.09002127367547873
3513,0.4986142243779908,0.17800333438458485,0.40985922986712486,0.08875499451086591
3514,0.49005492545668633,0.17746378196084428,0.4030879250166032,0.08696700044008318
3515,0.49863379106395894,0.17826839169885245,0.4097431470842854,0.08889064397967358
3516,0.5227374692862728,0.18392471076262193,0.42659313144301014,0.09614433784326269
3517,0.5071354245809883,0.17287911462282105,0.41946230138555857,0.08767312319542969
3518,0.4702472793669955,0.18014219992105443,0.38553589995493426,0.08471137941206124
3519,0.46152155265610273,0.16910703734602506,0.38347501021509167,0.07804654244101103
3520,0.49016676253757047,0.18049361985821527,0.40169478923298213,0.08847197330458832
3521,0.4988585572288791,0.20127880813871393,0.3984489014000519,0.1004096558288272
3522,0.5217432352592419,0.20366717701253148,0.415481263408607,0.10626197185063488
3523,0.5140847977306013,0.18320852780913693,0.4199000787693199,0.09418471896128142
3524,0.5357012098356595,0.19916079473649462,0.42901053114348786,0.10669067869217161
3525,0.5168158099488245,0.17398253823717247,0.42689888353282784,0.08991692641599662
3526,0.5085935565339447,0.1652873578780531,0.4245294713406467,0.08406408519329794
3527,0.5055716588757125,0.14829683046077308,0.4305969842936492,0.07497467458206335
3528,0.4958217379335387,0.15034047074159634,0.421279664448694,0.07454207348484462
3529,0.5234036489521675,0.16871839104207792,0.4350958274354052,0.08830782151676228
3530,0.5287981652576955,0.15921803856068723,0.4446039585908751,0.08419420666682043
3531,0.5208589247813131,0.1498819985153865,0.44279154819051453,0.07806737659079858
3532,0.5205470265812187,0.1533565892181158,0.4407177100570911,0.07982931652412754
3533,0.5105389528655607,0.14881650541105404,0.4345623300238891,0.07597662284167159
3534,0.5099518184272183,0.15626140751195955,0.4302660295164979,0.07968578891072035
3535,0.5194912987740026,0.16128413312066983,0.43570559498750666,0.0837857037864959
3536,0.5204783555804616,0.16931427843975008,0.4323539383618481,0.08812441721861353
3537,0.5318139585382553,0.1605526246052415,0.44642983169323536,0.08538412684501998
3538,0.563447660571608,0.15571834806697912,0.4757085216451932,0.08773913892641476
3539,0.5594713067514288,0.15052891669336896,0.4752546970251127,0.08421660972631609
3540,0.5625883170836615,0.16837371540717594,0.46786323189161505,0.09472508519204649
3541,0.5920450534185318,0.15754944988235878,0.4987686809468704,0.09327637247166139
3542,0.5900883100179903,0.15631856628984803,0.49784655141157874,0.09224175860641162
3543,0.5862566044235141,0.1877535114119433,0.47618486835455676,0.11007173606895738
3544,0.5735117265815564,0.1865490643600441,0.4665236505882536,0.10698807599330276
3545,0.5804295480448589,0.18371342757467948,0.4737968463079158,0.10663270173694313
3546,0.563473927834061,0.17350123635717143,0.46571050469981984,0.09776342313424119
3547,0.575559767009945,0.17043057738742198,0.47746678359747,0.09809298341247501
3548,0.5673753428887273,0.17906831473737458,0.46577639641410284,0.10159894647462443
3549,0.5540909908176176,0.17798170162284163,0.4554729334180117,0.0986180573996059
3550,0.5465149472299562,0.1732336254016032,0.45184018158514505,0.09467476564481117
3551,0.5715288827177455,0.1677656877789049,0.47564594662309384,0.09588293609465165
3552,0.5650869612412094,0.16585736626213338,0.47136312614067016,0.09372383510053924
3553,0.5747577118892522,0.1579006893170987,0.4840030729916208,0.09075463889763133
3554,0.5793172788577632,0.15987591088617648,0.4866984012082772,0.092618877649486
3555,0.5870519531933994,0.18180229765815553,0.48032455925813144,0.10672739393526799
3556,0.5783287251893944,0.17159334521534414,0.4790913646000207,0.09923736058937364
3557,0.5827029562175992,0.15823732581944955,0.49049759867863846,0.09220535753896068
3558,0.5948426354402441,0.16827150297800125,0.49474757113931894,0.10009506430092514
3559,0.5924048809899926,0.18863218289282382,0.4806582551324867,0.1117466258575058
3560,0.5827734772325891,0.17425681394843745,0.4812212278363859,0.10155224939620323
3561,0.6021681589903087,0.19350421521493252,0.48564608195746833,0.11652207703284041
3562,0.5752577740041658,0.19606594224662097,0.4624693165093453,0.1127884574948205
3563,0.5929391184334487,0.17793762411390054,0.48743294045521013,0.10550617797823855
3564,0.6108428280905451,0.1821886759892534,0.49955418200319757,0.11128864608734754
3565,0.6216503200299687,0.19717831704944724,0.49907435613320916,0.12257596389675951
3566,0.6283653046309211,0.20032980492525287,0.5024850057324116,0.12588029889850952
3567,0.6408612549672194,0.22466235866753997,0.4968838538476441,0.14397740111957522
3568,0.6721047179090528,0.23543781029020636,0.5138658548388286,0.15823886307022422
3569,0.6570296977308399,0.24872981095267785,0.493606825223953,0.16342287250688686
3570,0.6618639674689277,0.26929761010175113,0.48362558281708234,0.17823838465184538
3571,0.6733120736544628,0.24720132414009038,0.5068684374875695,0.16644363616689326
3572,0.6370871219941522,0.22078357797005044,0.49642874772164125,0.14065837427251093
3573,0.6339603177545496,0.20999658835738533,0.5008308138721302,0.13312950388241937
3574,0.6323865560406117,0.21681600221905256,0.4952750311028114,0.13711152493780027
3575,0.6479175058419767,0.20991520936001185,0.5119097669551415,0.13600773888683523
3576,0.6451259264911174,0.2041259592134844,0.5134389779326303,0.13168694855848717
3577,0.6384761351738778,0.21414506290978788,0.5017496230406695,0.1367265121332083
3578,0.6245470146252212,0.20978382087327013,0.4935271555821482,0.13101985904307303
3579,0.6288348224163556,0.2117445313462106,0.4956824876496268,0.13315233476672877
3580,0.629589708538986,0.2305833919429311,0.48441677801170524,0.14517293052728075
3581,0.6388494161296813,0.2274777768834397,0.4935253711852179,0.14532404494446335
3582,0.6443346996689545,0.2355493439884049,0.4925620838529664,0.15177261581598814
3583,0.6555518070956876,0.2252981506137865,0.5078571973255035,0.14769460977018414
3584,0.6590925218687667,0.23147708405794185,0.5065277067821893,0.15256481508657738
3585,0.6503920722552289,0.22780248318843732,0.5022311431494142,0.1481609291058147
3586,0.6461978745018628,0.22788155459345832,0.49894129828538986,0.14725657621647298
3587,0.660707906212637,0.25507876116154743,0.4921753520062777,0.1685325542063593
3588,0.6668019125453177,0.2684701508679935,0.4877855024852097,0.17901641006010804
3589,0.6671310607468904,0.2717967044471708,0.48580703700154027,0.18132402374535014
3590,0.6713791009092404,0.2669452753562186,0.49215762194861273,0.17922147896062762
3591,0.6737842093078066,0.2805509411607164,0.48475341524727233,0.18903079406053425
3592,0.6698381230433236,0.28454089246606434,0.4792417857047829,0.1905963373385407
3593,0.654294066054505,0.2497186616835671,0.4909046275318746,0.16338943852263044
3594,0.6387869811349057,0.22365180170209364,0.49592112190024273,0.14286585923466297
3595,0.639178835724418,0.22744093549799857,0.49380340337673484,0.1453754323476832
3596,0.6406738381710091,0.23225345814581824,0.4918751237122379,0.1487987144587712
3597,0.6408524785217455,0.22860316996005434,0.49435157045491684,0.14650090806682867
3598,0.6311908654768107,0.2308910856454852,0.48545452129735644,0.14573634417945422
3599,0.6290564191343196,0.22663039363748777,0.48649311524572025,0.14256330388859936
3600,0.640410138373222,0.23699756971723482,0.48863449195649034,0.1517756464167317
3601,0.6407586090331622,0.24364023603792354,0.484644030284991,0.1561145787481712
3602,0.6535046339968063,0.25737612816278677,0.4853081415622692,0.16819649243453708
3603,0.6615384471167879,0.28456443499901596,0.47328813268287273,0.18825031443391513
3604,0.6254536189754539,0.25257642317367435,0.46747878103360363,0.15797483794185033
3605,0.6174196943060576,0.2570449163689038,0.45871510061864285,0.15870459368741474
3606,0.6117554796001622,0.2521769969388433,0.4574848198937115,0.15427065970645074
3607,0.634083187597479,0.25450061293908377,0.4727086276995525,0.16137455989792643
3608,0.6493019087500129,0.26622484533280183,0.47644160851874773,0.1728603002312652
3609,0.6657748249846903,0.2816427919644995,0.47826414445632615,0.1875106805283642
3610,0.6711402879170917,0.29880322481789034,0.47060140558225727,0.20053888233483438
3611,0.6701145738578449,0.30005414393710933,0.46904391905914844,0.20107065479869646
3612,0.6742435195343949,0.3055537110193088,0.46822591000994074,0.20601760952445416
3613,0.6560808565727212,0.284684499177546,0.4693048064993407,0.18677605007338052
3614,0.6281118643608841,0.27888430576223505,0.45294132312757573,0.1751705412333083
3615,0.6034218090551356,0.26355327935998873,0.4443880124413177,0.15903379661381795
3616,0.608043880572763,0.2658840814605889,0.44637469189894197,0.1616691886738211
3617,0.6306763111244178,0.2668143152425538,0.4624028430320565,0.16827346809236135
3618,0.6385751733373966,0.2844333012036156,0.45694312871836984,0.18163204461902674
3619,0.648500630669419,0.30273865037954667,0.45217442497027427,0.19632620569914475
3620,0.6502855060810379,0.32125897802091113,0.44137544897563263,0.20891005710540522
3621,0.6444733927307317,0.3130034097109062,0.4427510233380567,0.20172236939267496
3622,0.6512916573913548,0.32161075457352994,0.44182925601027623,0.20946240138107855
3623,0.612318604798673,0.2986198652723336,0.42946810552994996,0.182850499268723
3624,0.5952647951185498,0.2716126773805239,0.43358333036603147,0.16168146475251832
3625,0.5830117435013715,0.27432619243420875,0.4230763517622107,0.1599353917391608
3626,0.5828741413928694,0.2921297745145111,0.41259924989743124,0.1702748914954382
3627,0.5906025924522809,0.29254784224367814,0.41782307840684363,0.1727795140454372
3628,0.57593185005627,0.2812654211644753,0.4139421356881578,0.16198971436811221
3629,0.5620778518703397,0.295691149709661,0.39587640562446236,0.16620144624587727
3630,0.5524354006526152,0.29611257239871147,0.3888523330812565,0.1635830675713587
3631,0.5540480503297772,0.2921573881409839,0.3921788190408251,0.16186923128895211
3632,0.5315408480381464,0.29058383818794914,0.3770836682615444,0.154457179776602
3633,0.5403498450747136,0.2778178065634741,0.39023103633914363,0.15011880873557
3634,0.5312017249566829,0.28962825574930595,0.3773506959064563,0.15385102905022666
3635,0.5227920375538595,0.2862340470015182,0.3731511569046486,0.1496408806492109
3636,0.5106722819753096,0.2774961161616257,0.36896270709576656,0.141709574879543
3637,0.5243226499856999,0.29108779153139874,0.37169872775147195,0.15262392223422797
3638,0.5269604164734193,0.2933796924905416,0.3723609315337598,0.15459948493965947
3639,0.5356000542017818,0.2791481806861995,0.38608827349592456,0.14951178070585724
3640,0.5461814618559081,0.2748408146132901,0.3960685039527527,0.1501129579031554
3641,0.558363524213024,0.28750260141008044,0.39783255846927923,0.16053096574374484
3642,0.5466942528089077,0.29271508972483196,0.38666859554589833,0.16002565726300938
3643,0.5475435136733524,0.3016920823029165,0.3823539708817833,0.1651895427915691
3644,0.5144824318921374,0.30121610601681675,0.35951203714352564,0.15497039474861177
3645,0.5278376455320383,0.30705602112029307,0.36576191829746696,0.1620757272345713
3646,0.5215091354267133,0.30235406255419883,0.36382872967131863,0.15768040575539463
3647,0.5295552053339052,0.3016450861238241,0.36981747981364,0.15973772552026522
3648,0.5188416170040624,0.28819202599203997,0.3693156002306756,0.14952601677338678
3649,0.521923582053553,0.2743262291445418,0.37874625388718997,0.14317732816636305
3650,0.5160087330047196,0.2582136976677662,0.38276821002671185,0.13324052297800776
3651,0.5194230276450883,0.2649915157835007,0.38178033221656116,0.13764269542852714
3652,0.523279503902577,0.25274950584003614,0.39102086787498147,0.1322586360275956
3653,0.49839079601863856,0.26137300330364893,0.36812489684435074,0.13026589917428782
3654,0.49748994932425056,0.2724205567855816,0.3619634603341074,0.1355264889901431
3655,0.5065032052813525,0.2604611793067948,0.3745787831110998,0.13192442217025266
3656,0.4807297824544313,0.26187765578007605,0.3548373939615989,0.1258923884928324
3657,0.48289262586578724,0.24496018535642397,0.3646031587264537,0.11828946713933354
3658,0.4827819782953669,0.23613907968050796,0.368778286254364,0.11400369204100291
3659,0.46014496083178263,0.22236076237050376,0.35782677654028183,0.10231818429150077
3660,0.48122542918104466,0.24859061161262744,0.36159730541737967,0.11962812376366502
3661,0.4805046497512581,0.26276325153786856,0.35424568560355285,0.12625896414770527
3662,0.47453479791705944,0.27033452633748595,0.34625165809149655,0.1282831398255629
3663,0.4819653091514808,0.26078322031710655,0.3562768437498278,0.125688465401653
3664,0.48532866822937615,0.2515402625510522,0.3632489675994064,0.12207970062996978
3665,0.47608961617817047,0.24541074090575515,0.35925211073434904,0.1168375054438214
3666,0.46889215279968055,0.2694965431845783,0.3425273384937916,0.12636481430588897
3667,0.4816340503037487,0.27241753577261013,0.35042848917582015,0.13120556112792855
3668,0.4911352534531625,0.2610726657850716,0.3629132635731186,0.12822198988004394
3669,0.4872972096209471,0.26812457621691566,0.3566408517996451,0.13065635782130194
3670,0.4991518391440181,0.2916156985395307,0.3535913268947438,0.1455605122492743
3671,0.46607152781853634,0.28458312997942226,0.3334354336376459,0.13263609418089045
3672,0.46404672864506824,0.26203385047619177,0.3424507775373205,0.12159595110774774
3673,0.4712596015909296,0.26255660337098446,0.34752728129125177,0.12373232029967786
3674,0.47092125384351513,0.23785674153317438,0.35890945888557974,0.11201179495793538
3675,0.47050613030858046,0.2321612981539063,0.36127281630676944,0.10923331400181104
3676,0.4690998420615671,0.2445332708590378,0.35438932332279405,0.11471051873877304
3677,0.46661591560255067,0.23514638749883093,0.3568928686991515,0.10972304690339917
3678,0.4708040658028286,0.2544586688529383,0.3510038899280897,0.11980017587473892
3679,0.4644427764426937,0.2684314303747662,0.33977173763495366,0.12467103880774004
3680,0.4655221734608789,0.25746760921040945,0.34566529242547284,0.11985688103540601
3681,0.4505101327698194,0.2549869163774462,0.33563594321804924,0.11487418955177012
3682,0.4477738163113133,0.24775218449447617,0.3368368751607571,0.11093694115055618
3683,0.43754708605779175,0.24661585576624845,0.32964103699162106,0.10790604906617067
3684,0.4460696682924192,0.2341865988346289,0.34160612983172645,0.10446353846069274
3685,0.434564918495247,0.2473732578627774,0.3270651788542054,0.10749973964104156
3686,0.4437566585026704,0.2576842938955904,0.3294075372949431,0.11434912120772725
3687,0.4353397358735795,0.2740379053773901,0.3160401465272375,0.11929958934634198
3688,0.4399365959111547,0.2635165612274831,0.3240060169985224,0.11593057891263231
3689,0.4467256984051632,0.26881801528315064,0.32663778278390787,0.1200879156212553
3690,0.4308826408220388,0.2581723301148878,0.3196406654349568,0.11124197538708204
3691,0.41677964085166214,0.24698699139237468,0.3138404912841156,0.10293914956754649
3692,0.4047707093540768,0.2462388092469547,0.3051004518646837,0.09967025748939305
3693,0.4076916688341724,0.26081603771385076,0.30135914315989615,0.10633252567427626
3694,0.4074556066505885,0.25926367517500154,0.3018171685996971,0.10563843805089138
3695,0.40987777108588613,0.24297554093543683,0.3102874979388818,0.09959027314700433
3696,0.40227461127910913,0.2478269926954231,0.30258010412808717,0.09969450715102195
3697,0.40472043560771875,0.23371901052613536,0.31012957585777623,0.09459085974994251
3698,0.38423752067459477,0.23892161861585298,0.2924348703020783,0.09180265037251646
3699,0.38248592819620136,0.23759630225261597,0.29160868599312434,0.09087724220307702
3700,0.41798473831198146,0.22519625142278812,0.32385614209218816,0.09412859621979328
3701,0.4184585902514954,0.2269936520692367,0.3234711466105642,0.09498744364093123
3702,0.42198720585012545,0.23432023110853467,0.32310706625047925,0.09888013959964619
3703,0.432433405771126,0.22101864351865277,0.33685756101544057,0.09557584475568542
3704,0.41507695767343394,0.24038029348357765,0.3153006367696234,0.09977632090381058
3705,0.41877947369132096,0.2427311763382196,0.3171286394159261,0.10165083427539483
3706,0.4099904474120721,0.2568904771388962,0.3046678057539954,0.10532264165807671
3707,0.42343259059215105,0.2736337303225543,0.30756715128827783,0.11586543930387319
3708,0.4386447452899669,0.2844478017436735,0.3138732117458222,0.12477153354414468
3709,0.4271087603443525,0.2699675886823969,0.3118032382090599,0.1153055221352926
3710,0.42443570920197066,0.26279351725241806,0.3128967563332603,0.11153895286871036
3711,0.424450489499409,0.2688627951920199,0.3103315444719768,0.1141189450274322
3712,0.42237188768104245,0.2587218449164171,0.31309505365937346,0.10927683402166899
3713,0.41730184565661416,0.264449213344321,0.3069467008455893,0.11035514481102486
3714,0.41275395725564173,0.26260569627184266,0.3043624169215655,0.10839154033407619
3715,0.4183000667221931,0.25193355524529537,0.3129162437535267,0.10538382296866637
3716,0.415339352605539,0.24657304105145997,0.31292786536524664,0.10241148724029238
3717,0.42064461861812624,0.2548322184210147,0.31345081728880747,0.10719380132931879
3718,0.44104644080138394,0.2598285235977062,0.32644999524993723,0.11459644555144673
3719,0.4748112248468826,0.23795917917401332,0.36182553551971053,0.11298568932717207
3720,0.45975805470553793,0.237444316912174,0.35059111746111155,0.10916693724442637
3721,0.4677601400223686,0.22636365857758162,0.36187624339014335,0.10588389663222522
3722,0.46106086433492266,0.23312443343861192,0.3535763115561271,0.10748455277879555
3723,0.45055455804598565,0.23894906260174523,0.3428949687499538,0.10765958929603188
3724,0.44635042780150647,0.23541738419734634,0.34127177765310934,0.10507865014839715
3725,0.44351797713883095,0.25165503941903616,0.33190444311890727,0.11161353401992367
3726,0.45184593950345897,0.25833198077360464,0.3351196829470201,0.1167262565564389
3727,0.437661037196935,0.2309302727401687,0.3365918545093017,0.10106918268763332
3728,0.4364762031471041,0.22991545432854688,0.33612357859693853,0.10035262455016557
3729,0.4347877937007373,0.23303474426056134,0.33346713138807227,0.10132066231266501
3730,0.4368362969935794,0.22834447030506694,0.3370871441465536,0.09974915284702579
3731,0.43999151483760707,0.21360998068371592,0.3460049358521469,0.09398657898546016
3732,0.4438308547427859,0.21961931284202663,0.3463570274060859,0.09747382733669997
3733,0.4490036383712987,0.21851599051861567,0.35088916358613204,0.09811447478516665
3734,0.42922393987194896,0.22402482525017733,0.333067121748943,0.09615681812300599
3735,0.44021612286482764,0.22178870306749024,0.3425811599052386,0.09763496295958905
3736,0.43710211728012116,0.2126138876784558,0.3441681368127103,0.09293398046741089
3737,0.4439832381986032,0.2093225662589351,0.3510475274029195,0.09293571079568369
3738,0.4423597408001896,0.23354898110473693,0.3390470740545498,0.1033126667456398
3739,0.4305854836802356,0.22853395095928392,0.33218208186907705,0.0984034018111585
3740,0.4305556093034173,0.2234442453904614,0.3343504360839849,0.0962051732194324
3741,0.43763305601053487,0.23568806381672477,0.3344881683772156,0.10314488763331923
3742,0.43965126287606754,0.2220973815352433,0.34200586860263005,0.09764539427343752
3743,0.44681636235727384,0.21357215025707382,0.351388831078587,0.09542753127868683
3744,0.4536511221579246,0.21867797848059575,0.35444761182897583,0.09920351032894875
3745,0.4556386346928242,0.1979198204302907,0.3654587179333176,0.09017991675950658
3746,0.47598065484119545,0.20343746648470393,0.37914835632457233,0.09683229851662313
3747,0.4801719177950799,0.22823423057640432,0.3705802495927234,0.10959166820235652
3748,0.471381199508063,0.23984392190993903,0.35832328390343776,0.11305791560462525
3749,0.46183817661433935,0.2478742456739205,0.3473603869626411,0.11447778965169823
3750,0.46326999629137305,0.2693771795117577,0.33847563133798053,0.12479436495339252
3751,0.45339752847463377,0.2572586751624689,0.3367570809773117,0.11664044749732205
3752,0.44472586543426973,0.2508394619991213,0.3331710686116439,0.11155479682262584
3753,0.4467309832227245,0.25776690185713,0.33157852171381325,0.11515246150891122
3754,0.45899218385272783,0.27002642066071836,0.3350521673357294,0.12394001651699846
3755,0.453958544733035,0.24201633860580352,0.344093159857927,0.109865384875108
3756,0.45041614320157203,0.21738001356228406,0.3525046758837426,0.0979114673178294
3757,0.46327792259907274,0.2121903733132252,0.36497480725500003,0.0983031153440727
3758,0.46225302731252926,0.20620265340359786,0.36693522653683996,0.09531780077568933
3759,0.47178036517744465,0.20833308028080508,0.37349290848402456,0.09828745669342011
3760,0.4821955855950144,0.22432833335777427,0.37402545352600886,0.10817013206900557
3761,0.4726335494316538,0.22022729142616973,0.368546743003184,0.10408680642846982
3762,0.47505871743336625,0.21662129788249715,0.372150881492556,0.10290783594081027
3763,0.4643518956910148,0.2203043909569082,0.36205313412112006,0.10229876156989479
3764,0.46460941053308175,0.22432786872667537,0.36038457167783855,0.10422483885524318
3765,0.4584143214017294,0.21723393431184043,0.35883117481873916,0.0995831465829902
3766,0.48137290170669156,0.21449023348027188,0.37812311562854733,0.10324978607814424
3767,0.4851054535199616,0.2431282983258345,0.36716259009707114,0.11794286342289045
3768,0.4847407284042601,0.2443461192721843,0.36629621256550726,0.11844451583875283
3769,0.494055780908937,0.24012327411688952,0.3754214892007064,0.11863429170823059
3770,0.49226312236657294,0.23503859394490142,0.3765622902346067,0.11570083213196626
3771,0.5078319047424651,0.23932546644705113,0.3862947972632802,0.12153710747918489
3772,0.517272513724914,0.24533949927057666,0.3903651342212111,0.1269073795037029
3773,0.4914196377932869,0.19791161979246955,0.3941619812797888,0.09725765651349809
3774,0.47996404690449945,0.20310589356147335,0.3824805202805802,0.09748352662391926
3775,0.47423006158308795,0.20582142786493193,0.3766233531715822,0.09760670841150576
3776,0.4857720883074678,0.2050041446974809,0.3861867968260862,0.09958529148138161
3777,0.4917427620640004,0.2014630415151014,0.3926747695755501,0.09906799248845034
3778,0.49167326900967484,0.19389241879820893,0.3963415496229665,0.09533171938670831
3779,0.483033791387531,0.19420242715507344,0.3892274567021551,0.09380633468537593
3780,0.5093981751914203,0.22074595494698515,0.39695058856053855,0.11244758663088171
3781,0.5141563837144145,0.183760030525094,0.4196749909483818,0.09448139276603275
3782,0.5092206099145716,0.19095803181902926,0.4119808444835994,0.09723976543097226
3783,0.5164657359957096,0.1862669582053,0.4202652343345272,0.09620050166118234
3784,0.5166317465904872,0.1915856842219757,0.4176524999291543,0.09897924666133284
3785,0.5168454651638517,0.21891593097209427,0.40369975898880195,0.11314570617504971
3786,0.5226258959869458,0.25295344482996757,0.3904258752396995,0.13220002074724624
3787,0.5402504323676308,0.2522102946340656,0.4039937116440093,0.1362567207236215
3788,0.5153261381206721,0.23363761907178562,0.3949265661647001,0.12039957195597197
3789,0.5168001195393973,0.22825270121652072,0.39883909626550906,0.11796102327388824
3790,0.5353989600037574,0.2167076849385085,0.41937389086285803,0.11602506914089938
3791,0.5426900466747108,0.21606437392952438,0.425434061502155,0.11725598517255574
3792,0.5374336872063621,0.2132957017068017,0.4228013917728073,0.11463229543355478
3793,0.5612398557907226,0.21951845422681474,0.4380373501970627,0.12320250559365983
3794,0.48477384060126394,0.17827467526463012,0.39835094159128603,0.08642289900997789
3795,0.48158320791784526,0.16643033240596683,0.4014331545429464,0.08015005337489882
3796,0.5100718417915555,0.2205661571600928,0.3975672557720213,0.11250458601953423
3797,0.5286964244487122,0.21507247530364967,0.4149883757583387,0.11370804869037354
3798,0.546317115917927,0.22114581610007264,0.42550137146881906,0.12081574444910795
3799,0.5571850575350148,0.22909940992460864,0.4295342896349338,0.127650767900081
3800,0.5515950864449275,0.22225115465604942,0.42900244157993894,0.12259264486498853
3801,0.5503499167603045,0.21518754952169644,0.431921466793185,0.11842844996711954
3802,0.5578919965696072,0.19940112441014235,0.44664770515420826,0.11124429141539895
3803,0.5559518555277662,0.22281501187827846,0.432077436234596,0.12387441929317017
3804,0.5447607378022956,0.2287602680960266,0.42014112537445325,0.12461961242784239
3805,0.5294581184977347,0.225646641842191,0.4099876720626361,0.11947044643509866
3806,0.5426081526063437,0.22563792642152067,0.42017517419283623,0.12243297841350742
3807,0.549633560067956,0.2489526743820272,0.41280081535892377,0.13683274470903226
3808,0.5638564898323963,0.2560285294645903,0.4194931419115422,0.14436334792085415
3809,0.5477220251517063,0.24419751028172443,0.4139696702831956,0.13375235486851073
3810,0.5520388966835013,0.22914954796798326,0.42553943304773273,0.12649946363576853
3811,0.5527604174575739,0.21650953517976224,0.4330825164080632,0.11967790104951065
3812,0.5624356963556776,0.20529871151845272,0.4469683725818733,0.11546732377380432
3813,0.5678062143138461,0.20939007296181925,0.4489132296704955,0.11889298464335062
3814,0.5603716607911079,0.22238060679507332,0.43575587083361833,0.12461578995748956
3815,0.5703051603109867,0.20848061674638446,0.4514075887557065,0.11889757155528016
3816,0.591118583298665,0.19921511558462185,0.4733588264026035,0.11775975689606145
3817,0.58903355150957,0.19378723082315344,0.47488637070060313,0.1141471808089669
3818,0.5834065197669048,0.20523064545938033,0.4636736231499322,0.1197328966169726
3819,0.5794973386419922,0.2003253710099502,0.4634093192792563,0.11608801936273584
3820,0.5982197225765113,0.19908020688813666,0.4791260164414157,0.1190937061350956
3821,0.5767509096384943,0.21074550849787727,0.4552032459101165,0.12154766372837775
3822,0.559549695674719,0.20656469120060256,0.44396648557627955,0.11558321009843947
3823,0.5755366933416155,0.21461210104302805,0.45201955435621444,0.12351713898540104
3824,0.5788353794810087,0.2120929800892466,0.4560684588657916,0.12276692061521707
3825,0.59346269385262,0.21801262429158338,0.46408033454665776,0.1293823593059622
3826,0.6070692945971558,0.21661578556149844,0.47556850245772814,0.1315007921394276
3827,0.5755235230303168,0.17413657417232498,0.4753038283742303,0.10021969465608654
3828,0.5812408676725231,0.19701788151489322,0.46672602327380425,0.1145148443987189
3829,0.6017582080673477,0.20177783191895016,0.4803367415040858,0.12142146656326192
3830,0.5860859621658066,0.1684699370389509,0.48734809702032017,0.0987378651454864
3831,0.5752386027280638,0.17393697424285104,0.47518334070185897,0.10005526202620486
3832,0.5755912858876042,0.1797278822255461,0.4721414830475463,0.10344980284005796
3833,0.5709012709338723,0.1891324657816999,0.46292530584424274,0.10797596508962959
3834,0.5633246287851755,0.18741815719055382,0.4577473649582051,0.10557726382697041
3835,0.5815576438629021,0.1800537231058969,0.4768460248846933,0.10471161897820878
3836,0.5727249936259877,0.20354682140380428,0.4561486416349039,0.11657635199108388
3837,0.5877043788164703,0.21793978079513263,0.4596202153248692,0.12808416349160112
3838,0.6029211672769699,0.21094672762109187,0.4757369200264041,0.12718424725056574
3839,0.5880439727676982,0.20728053450430492,0.46615390378037475,0.1218900689873234
3840,0.5943254234558563,0.22753536308046235,0.4590953724418785,0.13523005101397778
3841,0.5794819911485891,0.20867906595363733,0.4585562304987476,0.12092576064984151
3842,0.5764208677292585,0.19342608620286966,0.464926035278726,0.11149483245053249
3843,0.5859505226723676,0.2030731617891705,0.46695969738127285,0.11899082529109473
3844,0.598682807504056,0.2015798482493157,0.4780004180179141,0.12068238948614189
3845,0.5919964848034023,0.19980368676147908,0.47371340458984657,0.1182830802135557
3846,0.5881916610430363,0.2025770279211996,0.4690375425009044,0.11915411854213194
3847,0.579420818630718,0.21303342948727524,0.45598481452149164,0.12343600410922637
3848,0.5951779730595135,0.22254388429383232,0.46272475508871946,0.132453217970794
3849,0.5911284793065579,0.2256357153246083,0.4577487820294748,0.1333796972770831
3850,0.6170988027296865,0.2412177837930456,0.46824359715388975,0.14885520557579682
3851,0.6174008050531228,0.23406164639562288,0.47289095613640586,0.14450984891671692
3852,0.6279271553282879,0.2354875050630249,0.4800581561587069,0.14786899916958102
3853,0.6149469756760502,0.22810405665085798,0.47467507589916663,0.14027189977688354
3854,0.6101464290320545,0.2301624742748878,0.4697136172560496,0.14043281177600492
3855,0.6292952216276998,0.24427195214340727,0.4755760493661835,0.15371917226151635
3856,0.6368264840309449,0.2619845885193692,0.4699877596538612,0.16683872437708372
3857,0.642683250611927,0.26202798500994984,0.47428225345443914,0.16840099715748785
3858,0.6544528939168573,0.2819812712693255,0.46990943490429293,0.18454345901256444
3859,0.6650006097107275,0.28750483761147333,0.47380971740431405,0.19119089230641345
3860,0.6512103185766032,0.26504021605544303,0.4786133950435264,0.1725969235330768
3861,0.6606589656786357,0.2871395122707059,0.4709576724964032,0.18970129318223247
3862,0.6419445342987373,0.287116848741501,0.45763144254405347,0.18431309175468386
3863,0.6482436502146653,0.2953629749824498,0.4567764771737792,0.19146717304088615
3864,0.6546492498894522,0.300462386201931,0.45795177414236315,0.196697475747089
3865,0.6616748591898878,0.28495547026072504,0.4731269885297343,0.1885478706601535
3866,0.6640341461073204,0.2715650328010897,0.48370569143864234,0.18032845466867803
3867,0.6498552727185706,0.27160250705850003,0.4733529514230216,0.17650232129554902
3868,0.6502682165779434,0.25539583653947245,0.48419242142998875,0.1660757951479547
3869,0.6540087351191716,0.24615915748481318,0.49301849589452795,0.16099023922464362
3870,0.6393933518104798,0.2580049349761513,0.47442671165243355,0.16496664015804627
3871,0.6323182947542929,0.24918876483707003,0.4747516799005883,0.15756661485370463
3872,0.6158045183627407,0.2454155286743379,0.4646765269287027,0.15112799143403804
3873,0.6266872657367804,0.23918262774949664,0.47679455874071014,0.1498927069960702
3874,0.6354718414568548,0.25802604943217883,0.47150355268035066,0.1639682887765041
3875,0.6445551231495459,0.2705777220789234,0.4701528661734418,0.17440225697610406
3876,0.6440082098867843,0.2625275835092538,0.4749382907850865,0.16906991910169783
3877,0.6481171606588486,0.2627600458220717,0.47781786582605856,0.17029929483279005
3878,0.6450867908881928,0.2770868872795502,0.4663416999758293,0.17874509091236346
3879,0.6458976006694149,0.27113201655190383,0.47077408171388013,0.1751235189555348
3880,0.6536427387338472,0.2732592072267634,0.47502884213790564,0.17861389659594148
3881,0.6356833153935277,0.2519282613957619,0.47553672294814253,0.16014659244538523
3882,0.6479588064221874,0.25478832611770974,0.48286646674064915,0.16509233968153825
3883,0.6502057318452524,0.27206985021441066,0.47330435577356333,0.1769013760716891
3884,0.6567283975125427,0.2734608925713594,0.47713886375180425,0.17958953376073847
3885,0.6516833634232936,0.2623676153861571,0.48070275337509366,0.17098061004819992
3886,0.655529541701293,0.2522765964771183,0.4901547800306856,0.16537476167060738
3887,0.6544870542846549,0.2538858408411147,0.48832205818797103,0.1661649960966839
3888,0.6480308344041518,0.26925309588886637,0.4735465260093886,0.17448430839476317
3889,0.6513689085106158,0.2476360073656285,0.49006651268493956,0.16130239582567624
3890,0.6565607945170627,0.25304964020658094,0.4904183216907731,0.16614247282628963
3891,0.6493282144642053,0.27145899507018467,0.47306222989503477,0.17626598456917053
3892,0.6588579896182131,0.2865356887979493,0.47007166174292625,0.1887863278752868
3893,0.648188248344865,0.26760918318292437,0.4747271206565251,0.17346112768833985
3894,0.6540384772115077,0.2681377483249232,0.4786660726141524,0.17537240459735526
3895,0.6554275830428646,0.2861266790987621,0.4678922653170816,0.187535317725783
3896,0.6478048165235648,0.2924470203349173,0.45835622817264043,0.18944858835092435
3897,0.6567322210327724,0.2856110343056318,0.4691622521217675,0.18756996891100491
3898,0.6453358459538888,0.28322247923619753,0.4625622277228396,0.18277361823104923
3899,0.6546818761247121,0.28498158854803435,0.4681095950730842,0.18657228105162788
3900,0.6432625843340871,0.2844974791454706,0.46025600066243866,0.18300658367164846
3901,0.6432465183312193,0.27652913676177826,0.46537011389206784,0.17787640443915143
3902,0.6451997686602674,0.2969109598387298,0.453632886059621,0.19156688260064642
3903,0.641182836837615,0.2903549092328478,0.45501225244596943,0.18617058439164558
3904,0.6040741811344875,0.2750227890181613,0.4379400150650188,0.1661341660694687
3905,0.6149513904081774,0.294219729930766,0.43402055840173437,0.180930832006443
3906,0.6309668259579009,0.3082902296711867,0.4364459182684399,0.19452090768946095
3907,0.6117211839294865,0.3050036816500231,0.42514397068768217,0.18657721324180435
3908,0.5952493509052424,0.2963400158910961,0.4188531487988183,0.17639620210642418
3909,0.5991089350606573,0.29974405539558285,0.419529593241847,0.17957934181881033
3910,0.6002503513223879,0.31170559602185394,0.41314895780111577,0.18710139352127214
3911,0.6033823271240873,0.3168171076021914,0.41222048346635476,0.19116184365773262
3912,0.6161270068017909,0.3239222561747421,0.41654975666836414,0.19957725013342675
3913,0.6439357153657976,0.3497921765219308,0.41869203994778875,0.22524367541800888
3914,0.6537227173019132,0.36069586803676273,0.4179276343293484,0.23579508297256485
3915,0.6368773464957429,0.30624605819061107,0.44183616958052563,0.19504117691521725
3916,0.6301554286393503,0.33067943350449747,0.4217759884771062,0.2083794401622441
3917,0.6123781430520024,0.32739218241798335,0.4118903263331354,0.2004878167188671
3918,0.6296581252070778,0.33991242225548607,0.4156295066750918,0.21402861853198593
3919,0.6272877641886991,0.3312864339818588,0.41947583771017183,0.20781192647852728
3920,0.6271513888612887,0.3441101623196006,0.4113422226412677,0.21580916622002105
3921,0.6278307724345411,0.33256188259109415,0.4190381888050893,0.2087925836294518
3922,0.6390502591446708,0.3377512713065649,0.4232102216897685,0.21584003745490232
3923,0.6173141717094491,0.36976356445706865,0.38905388318830025,0.22826028852114885
3924,0.6351991245293276,0.4045501206950855,0.37822924203557545,0.25696988249375213
3925,0.6416377652719621,0.4019090223601516,0.3837577583221554,0.25788000694980673
3926,0.6162297129725319,0.35870556564917594,0.39518468521089056,0.2210450277616414
3927,0.6028150126545015,0.3771246163266104,0.3754786322912519,0.22733638036324966
3928,0.6079838496647247,0.3708570971880138,0.3825087240408711,0.2254751256238536
3929,0.6079312436169587,0.38299195851664675,0.375098465980639,0.2328327776363197
3930,0.61182162249748,0.3951158914364946,0.37008117672426566,0.2417404457732143
3931,0.6329358635475151,0.3882076354483938,0.387225328569247,0.24571053497826806
3932,0.6414576169043744,0.40565124518191004,0.3812495358756943,0.2602080810286801
3933,0.6445280814716862,0.427869885715313,0.36875392491208586,0.2757741565596003
3934,0.6312378314549385,0.43632932179577794,0.3558102565643676,0.2754275748905709
3935,0.6088450947421042,0.3935274619410009,0.36924782989301574,0.23959726484908853
3936,0.6002411649000067,0.3686134649284401,0.37898418931353206,0.22125697558647464
3937,0.5974617174010133,0.37896490376869774,0.3710446951606574,0.22641702224035587
3938,0.5828988016875788,0.38262177947958564,0.3598690249293593,0.2230297767582195
3939,0.577774589823826,0.3780573698219653,0.35934264804506555,0.2184319417787605
3940,0.5711286926310337,0.3812442237098538,0.3533891775704916,0.21773951506054212
3941,0.5638585590084204,0.3744493742775462,0.3527220744066785,0.2111364846017419
3942,0.5600837312793521,0.3652563764462616,0.35550957708575426,0.20457415419359784
3943,0.5619400211511548,0.3790722794933848,0.34892413639482567,0.21301588475632913
3944,0.5679304776058162,0.3723875100849994,0.3564402611488018,0.21149021645701438
3945,0.5729248816467535,0.3761691778281419,0.35740819996040873,0.21551668168634477
3946,0.5678700432826007,0.3784050355431836,0.352985159370339,0.21488488391226174
3947,0.5598533140210867,0.3792128049115395,0.3475497684721295,0.21230354554895725
3948,0.5639859576263491,0.3738342897734665,0.3531486677148945,0.21083728991145456
3949,0.5666801598500907,0.36847682170417784,0.3578716556257138,0.20880850422437686
3950,0.5466804767186703,0.38246738033110184,0.33759302690992254,0.20908744980874772
3951,0.5432096345303956,0.37659265136400866,0.33864087801611975,0.20456875651427583
3952,0.5436453028428129,0.37704396281420827,0.3386671234936284,0.20497817934918452
3953,0.5288412617834818,0.3885571849478191,0.3233561898206394,0.20548507196284235
3954,0.5363137309522524,0.3701621933211161,0.33779066399473573,0.1985230669575167
3955,0.5449469328043293,0.3938267618047349,0.3303322469025778,0.21461468590175148
3956,0.5368217200310387,0.3846825613062859,0.3303157658046528,0.2065059542263859
3957,0.5469299039657074,0.36371638246248167,0.34800253783474777,0.1989273661309596
3958,0.5369999038165828,0.3645706689930769,0.3412254896329533,0.19577441418362954
3959,0.5260166769293528,0.3573656005252437,0.3380364112922015,0.18798026563715128
3960,0.5210967094190936,0.348025213725272,0.33974191575197754,0.18135479366711602
3961,0.5204119031007096,0.3496739965000496,0.33843739311728793,0.18197450998342168
3962,0.5262611450831194,0.35904331197235634,0.3373106005901115,0.1889505444930079
3963,0.5264059494780029,0.39192089908599836,0.32009645647436535,0.20630949300363752
3964,0.5127518747461818,0.3853580031089478,0.31515883620362384,0.19759303854255794
3965,0.5043170677275299,0.38554394004316717,0.30988067840484124,0.19443638932268867
3966,0.4829875632103551,0.3635827953193884,0.3073815948738344,0.1756059683365207
3967,0.4810648152157122,0.3605515466330121,0.307616152058963,0.1734486631567492
3968,0.4911429231972086,0.3545944448612595,0.3169863709985582,0.1741565521986504
3969,0.4875417582215268,0.34680650226476617,0.31845910634470476,0.169082651876822
3970,0.48058209194810475,0.35296699226984385,0.3109524764144327,0.16962961553367206
3971,0.49212513232857713,0.3413633161232849,0.3241316652092836,0.1679934671192935
3972,0.49180026093156126,0.34251216140343327,0.32335269058111976,0.1684475703504415
3973,0.5189637767365417,0.3353655513319016,0.3449212036300055,0.1740425731065362
3974,0.5110753458374113,0.3579465157127855,0.32813770652820307,0.18293763930920826
3975,0.5141814243270104,0.3741072347103743,0.321822433532591,0.19235899079441945
3976,0.5274055268532292,0.36245530790635705,0.3362445942261275,0.19116093262710163
3977,0.4986058443922601,0.3859319113723224,0.3061779378445444,0.1924279065477157
3978,0.488919943233957,0.3879138159226502,0.2992611423733872,0.18965880086056977
3979,0.49926658280894365,0.37479319913694936,0.312144863015807,0.18712171979313663
3980,0.4845161760205122,0.3834859970553774,0.29871100716982735,0.18580516885068488
3981,0.5039044060225589,0.37656793241105946,0.31415016571382093,0.18975424030873803
3982,0.496294385664313,0.372313676168949,0.3115171984756225,0.18477718718869052
3983,0.50374745297778,0.3473111926716996,0.32879032427873633,0.17495712869904367
3984,0.513932856010466,0.33715616944690313,0.3406572229250705,0.17327563308539554
3985,0.5152175535582493,0.3464225608580856,0.33673456925556267,0.17848298430268658
3986,0.5133596485821573,0.3617658585566069,0.32764365456451516,0.18571599401764216
3987,0.508523529354775,0.35576480812150196,0.32760875350860447,0.1809147758461705
3988,0.5030819721361593,0.35724863674451224,0.3233566234197757,0.17972534871638363
3989,0.5072358750913308,0.34814191870349454,0.3306458043017888,0.176590070789542
3990,0.48400906581987857,0.34597165341638586,0.31655564904965483,0.1674534167702237
3991,0.4855833325245782,0.34563728160121265,0.3177476294799253,0.16783570304465292
3992,0.48474825995826665,0.3487719312435526,0.3156816731656703,0.16906658679259634
3993,0.48465905861583364,0.34329777402590383,0.31827668263152786,0.16638237598430575
3994,0.4998608073280799,0.3278304360733488,0.3359912208857393,0.16386958644234062
3995,0.4962535194706464,0.3486038222958519,0.32325764575541005,0.1729958737152363
3996,0.5098996602831607,0.3607004934611563,0.32597860120334865,0.18392105907981202
3997,0.5022053745784618,0.3471193699466949,0.3278801613709422,0.17432521320751956
3998,0.5076337442940453,0.33826493416225334,0.33591904920188187,0.1717146950921634
3999,0.5078664092073981,0.3463618398077559,0.33196086533776503,0.17590554386963306
4000,0.5040686453438668,0.3485431296491203,0.328378982137723,0.1756896632061438
4001,0.5012038109674821,0.33756240764524875,0.3320162458163247,0.1691875651511574
4002,0.5063250258265504,0.3363066799056927,0.3360445374376591,0.17028048838889126
4003,0.49361588749839747,0.3345597734149008,0.3284718680229385,0.165144019475459
4004,0.4908050058993,0.34081053722446963,0.32353348816630056,0.16727151773299942
4005,0.49113993826610775,0.3378290343979392,0.3252186071674051,0.16592133109870266
4006,0.4977530912437298,0.3398887109773506,0.3285724346759069,0.1691806565678229
4007,0.5001795600428515,0.3262223970280995,0.33700978502121226,0.16316977502163924
4008,0.5075761909641232,0.3399046677917308,0.3350486743954708,0.1725275165686524
4009,0.5170784714184132,0.3397293365162301,0.34141174539660923,0.17566672602180397
4010,0.5204592129135036,0.3419934555770697,0.3424655682022927,0.17799364471121096
4011,0.5192017661003065,0.33686003827902256,0.3443034392972212,0.17489832680308537
4012,0.5269320684862969,0.3375876395409887,0.34904631528755736,0.17788575319873956
4013,0.5238383055770113,0.34540102899983033,0.342904015801184,0.18093428977582726
4014,0.5153452054589666,0.34306822706477635,0.338546639495826,0.17679856596314056
4015,0.5310079586365574,0.33606116057822993,0.35255680778087917,0.1784511508556782
4016,0.5417522848669223,0.3405316985247193,0.35726845912154165,0.18448382574538064
4017,0.5249879687525827,0.3255280373792819,0.35408966563681865,0.170898303115764
4018,0.5240100322262636,0.32135301807514766,0.3556178268686984,0.16839220535756522
4019,0.5222384699091942,0.32807894499321105,0.35090302366651693,0.17133544624267724
4020,0.527986888937451,0.3443397677457815,0.34618000622791145,0.18180688270953962
4021,0.5422249513642452,0.3401308378625797,0.35779752434672796,0.18442742701751724
4022,0.538357538539677,0.33258183293718707,0.3593096015965989,0.17904793694307813
4023,0.5284590236721527,0.3268703949564973,0.3557214138861112,0.1727376097860415
4024,0.538256104950905,0.3253621908159193,0.36312791942403516,0.17512818552686987
4025,0.5345864550651367,0.3290625411849224,0.35867407767836346,0.1759123773867732
4026,0.525431701956443,0.3299950492072179,0.3520418416142943,0.17338986034214865
4027,0.5344602022565482,0.31754571297964135,0.3647446562717493,0.16971554598479893
4028,0.5473713252095235,0.30362387439988553,0.38117632271400825,0.16619500249551525
4029,0.5344158595269487,0.30306992196232185,0.37245048668468916,0.1619653728422595
4030,0.5411579415804681,0.29564084276149943,0.38116955166454025,0.15998838991592787
4031,0.5397582577149738,0.3130757703945339,0.370773025354047,0.16898523236092677
4032,0.5456192539872895,0.3173431839189421,0.3724707027194851,0.1731485512678044
4033,0.5489376064197163,0.32271562657620456,0.3717868628127356,0.17715074360698074
4034,0.5470988912238056,0.3187542618080725,0.3727087880157465,0.17439010320805912
4035,0.5539990516588458,0.3285052320446225,0.37200746464115586,0.18199158701768994
4036,0.5609955166405731,0.33583417734955523,0.37259404881279756,0.1884014678277756
4037,0.5469936175792437,0.33083947326057467,0.3660265372624305,0.1809670803168132
4038,0.5461068687623457,0.33043407126157315,0.3656545527732942,0.1804523159890515
4039,0.5357380593317572,0.336496894984332,0.3554638658416891,0.18027419349006812
4040,0.5293418257395265,0.3381481488055962,0.3503458672803311,0.17899595845919536
4041,0.5345902674304249,0.32904114796727674,0.3586880721429844,0.1759021952874405
4042,0.5337112576494447,0.32446068586580085,0.3605429369382067,0.17316832071123797
4043,0.5522033780014215,0.31084117253217064,0.38055583250723424,0.1716475454941873
4044,0.5446465705197573,0.32016536913509736,0.37026960022113437,0.17437697029862292
4045,0.5523746217073259,0.3225746779674309,0.37419255599270373,0.1781820657146221
4046,0.5629700099152048,0.31493257546202047,0.3856724147847302,0.17729759513047466
4047,0.5409237265239558,0.30418475177132176,0.376382977044048,0.16454074947990782
4048,0.5338913784577651,0.27381242996163135,0.3877052827866795,0.14618609567108565
4049,0.5591373991956549,0.27557952484028203,0.4050505804048852,0.15408681879076966
4050,0.5535344900795205,0.2933185287067156,0.3911725678609735,0.162361922218547
4051,0.5730911770206248,0.289838514859274,0.40698728139401363,0.16610389562661118
4052,0.5798732331349632,0.3061402535061126,0.4023506945416164,0.1775225385933468
4053,0.5512095308540075,0.2870528383343604,0.39298327050541343,0.15822626034859405
4054,0.5593060050859898,0.2788705191691541,0.4033320490732343,0.15597395601275554
4055,0.5699864148141184,0.27872203861574707,0.41111863929384646,0.15886777552027193
4056,0.5881729553873145,0.2655627177074179,0.4319761468726554,0.1561968085146591
4057,0.6079123319229064,0.2602471851422248,0.44970485872672417,0.15820747319618222
4058,0.6145000707942454,0.26945458454709625,0.44892020951422074,0.16557986128002464
4059,0.601493001433821,0.27325998572584187,0.4371290324478213,0.16436396898599973
4060,0.6086068648253076,0.28090534647807985,0.43764594259261663,0.17096092223269094
4061,0.6161719900874996,0.27598292999512797,0.4461190388822225,0.17005295120527708
4062,0.6222664864501971,0.28282747369880534,0.44627242812005596,0.17599405833014115
4063,0.626832136011436,0.24402867909555356,0.47386711784592084,0.15296501816551508
4064,0.6344390877109026,0.2705025773315695,0.4628216793252138,0.17161740838568887
4065,0.6223868270085756,0.27469908555872646,0.4514177347655226,0.17096909224305298
4066,0.6317131996790837,0.27203278946497644,0.4598664958285369,0.1718467038505468
4067,0.6113927468882406,0.2614524863545145,0.45154259307519373,0.15985015381304687
4068,0.6057022516651971,0.26761709170605624,0.4436059766347473,0.1620962750304498
4069,0.617005739546519,0.26878778291564254,0.4511621347675838,0.16584360477893526
4070,0.6391413880609886,0.2669579866125421,0.46851748994348164,0.170623898117507
4071,0.620381225226896,0.263875541937239,0.4566777932124605,0.1637034320144355
4072,0.6148231525449468,0.2676212535233385,0.45028340976569736,0.16453974277924943
4073,0.5984903594355422,0.2593269701297484,0.44328566787125895,0.15520469156428324
4074,0.5935267108805641,0.2523542909587537,0.4437476985912181,0.14977901228934598
4075,0.5986428008970551,0.2551307277593359,0.4459106274363023,0.15273217346075288
4076,0.5998569317602057,0.26338962367879454,0.44186084024276884,0.1579960915174369
4077,0.5643527298706609,0.2082848284946653,0.4468066183190541,0.11754611155160677
4078,0.5647637941880145,0.18695503914381936,0.4591783569385823,0.10558543724943219
4079,0.579699797417444,0.2174867407815986,0.4536227778453712,0.12607701957207287
4080,0.5607876849891398,0.1979682558253641,0.44976952510349605,0.11101815988564372
4081,0.5456822018469031,0.21094630295739278,0.4305725587776491,0.11510964306925398
4082,0.5340502985780451,0.19837561913957416,0.42810773994595097,0.10594255863209413
4083,0.5390397385387968,0.1813768951729388,0.44127038438779714,0.0977693541509997
4084,0.5342881696994305,0.18750012292003004,0.4341090722060694,0.10017909749336108
4085,0.5307228141855983,0.19441233643595768,0.4275437518799095,0.1031790623056888
4086,0.5357835606004536,0.2049240327186561,0.4259886326978482,0.10979492790260542
4087,0.5260601129590633,0.1934389221954983,0.42429961169822,0.1017605012608433
4088,0.5351281567392469,0.18844728231961028,0.43428470990903334,0.10084344683021351
4089,0.543970944455728,0.198330125499961,0.43608511877349115,0.10788582568223685
4090,0.5446107569896349,0.20590599646879712,0.43247213638405824,0.1121386206055767
4091,0.5527018095263624,0.20020246453427448,0.4420495451066315,0.11065226441973089
4092,0.5661926900892734,0.1967752507945738,0.45477998149890225,0.11141270859037118
4093,0.5608447910715265,0.20597795575712136,0.44532312750958364,0.11552166356194286
4094,0.5619584089566623,0.20738149633138084,0.4454186332312276,0.11653977572543467
4095,0.5699785942815107,0.22576543555232936,0.44129712868804094,0.12868146559346968
4096,0.5662596798435001,0.23076649880070288,0.43558591611400865,0.13067376372949147
4097,0.5725276835778113,0.2166846172217846,0.4484697416128782,0.12405794196493304
4098,0.5783586709578381,0.22002125981441356,0.4511074675491047,0.12725120340873342
4099,0.5804626430501294,0.22621213053225164,0.44915495187137777,0.13130769117875166
4100,0.5871835523685792,0.21659606426326156,0.4600019059254242,0.127181646443155
4101,0.5863775965617087,0.1953941294409966,0.4718028565578297,0.114574740003879
4102,0.5818854200066749,0.2022929356140705,0.4641741102024982,0.11771130980417664
4103,0.605005564021809,0.20880705081606427,0.4786761364711055,0.1263294275507035
4104,0.6062264923125834,0.21304497441644463,0.4770729847672781,0.1291535075453053
4105,0.60379140271223,0.204257693017557,0.4804623637303952,0.12332903898183481
4106,0.6193893329501646,0.19952499051697117,0.49580568216696996,0.12358365078319469
4107,0.5857058676405229,0.20946226979874025,0.4630225871700985,0.12268328047042446
4108,0.5836971632103013,0.19713574641145723,0.4686295872625884,0.11506757594771291
4109,0.5893768702926042,0.1966127141530431,0.47349788416534927,0.11587898612725495
4110,0.5993074728085677,0.22297844314936396,0.46567482555393347,0.1336326472546342
4111,0.614330076441785,0.23536561318651578,0.4697379013011451,0.14459217514063982
4112,0.6060856374231507,0.20647834959457548,0.4809420752950423,0.12514356212810843
4113,0.5920158142172037,0.2037326758671783,0.4714028482310465,0.12061296598615721
4114,0.6104991418506157,0.19165724614942192,0.49349255754694143,0.1170065843036743
4115,0.6084560786258731,0.17355258905982202,0.5028569508511662,0.10559912777470691
4116,0.5934665404701402,0.1817786791106648,0.48558697664710226,0.107879563823038
4117,0.6154717747266826,0.18099399440304093,0.5040750797765717,0.11139669495011086
4118,0.5986266750512071,0.19388118974902943,0.4825642230767735,0.11606245197443367
4119,0.6018389861166302,0.2257506228673861,0.4659734601349248,0.1358655259817054
4120,0.6127605564927643,0.20729075621394338,0.4857409573593024,0.1270195991334619
4121,0.6225966420086012,0.1847629075965922,0.5075638761712175,0.11503276583738378
4122,0.6202682520480326,0.2263031563964622,0.4798995887970464,0.14036866325098615
4123,0.6222916711583898,0.21247344013443506,0.4900712190203601,0.1322204521380297
4124,0.6308985183457664,0.2285225425067181,0.4867239848696705,0.14417453347609588
4125,0.6379596808068672,0.26478096516212607,0.469040100788303,0.16891958001856416
4126,0.6341785740268666,0.2572063842757424,0.47106379601627,0.1631147780105966
4127,0.6329836414741467,0.2552409149802024,0.47142031765678505,0.1615633238173616
4128,0.6282887569291452,0.2604341840415344,0.4646608871758333,0.16362786975331187
4129,0.6230184541776717,0.2564078362494302,0.4632716403985101,0.15974681377916156
4130,0.6236923639555307,0.24334113193179358,0.4719223581333757,0.15177000582215502
4131,0.6250107634686348,0.25363187064495657,0.46648811435685245,0.15852264911178235
4132,0.6218915695238021,0.23845896525314283,0.4735959493555033,0.14829562016829878
4133,0.6245313427198734,0.23229222561218088,0.47945756715491034,0.1450737755649631
4134,0.6089400941606404,0.243309676247315,0.4607790769964055,0.14816101716423494
4135,0.6118181757518025,0.23944350744070558,0.46532228583381685,0.14649588991798565
4136,0.6093306596326235,0.24928667011314803,0.4574326484949588,0.15189801113766468
4137,0.6119520791441847,0.24163251084373097,0.4640845617445338,0.14786751739965093
4138,0.6253620043598613,0.24443319198002528,0.47250277349115394,0.1528592308687074
4139,0.625258735192663,0.2548490025996697,0.4659121701620818,0.15934656503058114
4140,0.6173360985185616,0.2395522533694306,0.46945184503214743,0.14788425348641424
4141,0.6156572001689898,0.24247018336193926,0.4663786859559167,0.14927851421307312
4142,0.6250471835651036,0.24268734870884015,0.47335613976776086,0.15169104379734272
4143,0.6298506017535009,0.2428601301884255,0.47688500261238753,0.15296559914111338
4144,0.6267733505198033,0.24661802799729915,0.4721997428133495,0.15457360770645384
4145,0.6371447388416234,0.241665405730932,0.48316889702013377,0.15397584182148963
4146,0.6430151179945246,0.2456093983122916,0.48508456175818226,0.15793055623634236
4147,0.634449508394748,0.2543466920743293,0.4730793746463594,0.16137013374838857
4148,0.6311198094183343,0.22207479250275197,0.4909640086973814,0.14015580072095296
4149,0.6336010030479269,0.21428425880357024,0.49783028173260324,0.13577072131532367
4150,0.6404638063714153,0.22313631594811137,0.49755307211959315,0.14291073425182216
4151,0.6538740512745908,0.23100820139892297,0.5028237827482204,0.15105026852637035
4152,0.6575262049627612,0.25360043274039107,0.4907772748460578,0.1667489301167033
4153,0.6407975178626886,0.24015898437718883,0.48690423678136174,0.1538932810813268
4154,0.6476573609271821,0.2278571005194075,0.500084032536263,0.1475733283909191
4155,0.6363766725650988,0.23458605524394371,0.48709157929878544,0.14928509326631334
4156,0.6257447124223124,0.21487052275505383,0.49129061895291937,0.1344540934693931
4157,0.6267195837019521,0.20702299019211623,0.49697422147201575,0.1297453622299364
4158,0.6392368205537229,0.22866740319502438,0.4930641967710593,0.1461726237826636
4159,0.6438901626531359,0.23105589582019387,0.4951155443115053,0.14877461834163067
4160,0.6487340333837235,0.24203077037669593,0.4917204355142797,0.15701359786944377
4161,0.6515990055564438,0.24742481466290545,0.4903772423721072,0.1612217631843366
4162,0.647027712513467,0.249388003488958,0.48566676308770595,0.16136094942576104
4163,0.6352238269503453,0.22396590546069606,0.4929553473772027,0.1422684795731426
4164,0.6321642038050241,0.22296103291093294,0.49121621995533843,0.1409479838496857
4165,0.6424965905144517,0.22679771597729326,0.49677983126257585,0.1457167592518759
4166,0.6339467633195608,0.21440523229592703,0.4980252602667793,0.1359215030527815
4167,0.6333668256557463,0.19422930009946232,0.5103484304024125,0.12301839525333377
4168,0.6425227583010739,0.2109922419175766,0.5069554410440651,0.13556731725700877
4169,0.6382317941864439,0.22493358967366256,0.4946720256762249,0.14355976851021904
4170,0.6450386380242934,0.23735074571958598,0.4919382362712813,0.15310040175301212
4171,0.660248822759447,0.2510352144520775,0.49450311794629753,0.16574570481314946
4172,0.6373353025124376,0.24401278758234457,0.4818173387217409,0.15551796379069677
4173,0.6226848731335961,0.24844222736000002,0.4679836563089065,0.15470121682468965
4174,0.6306773640196572,0.25141358138445996,0.47211650923336446,0.15856085478629278
4175,0.684819162708477,0.30850572663191206,0.4735485293056407,0.2112706334028363
4176,0.6758231337867973,0.3055860045363986,0.4693010425596219,0.20652209122717535
4177,0.6515333961277971,0.25299452758616603,0.48669901236783475,0.1648343837599624
4178,0.6221849316232849,0.22404657914200773,0.48278652609938394,0.13939840552390098
4179,0.6224738087801268,0.19246871894886916,0.5026670722249924,0.11980673655513435
4180,0.6471767364946195,0.20280063753727,0.5159288817342209,0.13124785476039863
4181,0.6612681183966106,0.2454385492230309,0.498967430769903,0.16230068762670755
4182,0.6377535867016099,0.2536378055305181,0.4759951665013965,0.16175842020021336
4183,0.6298504684191418,0.26032764773779415,0.46588297754903885,0.16396749087010298
4184,0.6234664733725112,0.25719342809018836,0.46311499378653487,0.1603514795859763
4185,0.6347119684192174,0.2574415295571924,0.47131074844111764,0.16340121997809973
4186,0.6289128764289328,0.24721014520328927,0.47343923292671797,0.1554736435022148
4187,0.6067521077736964,0.24498602217448856,0.4581063224442319,0.14864578532946446
4188,0.573736940912654,0.26338818493241223,0.42262140941699544,0.1511155314956586
4189,0.5801491172784582,0.2512210813868149,0.4344034286701578,0.1457456886083004
4190,0.6198498573593225,0.25960955287580506,0.4589309130401372,0.16091894431918527
4191,0.6250188993579995,0.27532279328945697,0.4529369501280531,0.1720819492299464
4192,0.5888213683810892,0.2727675301480082,0.42821001802940906,0.1606113503516802
4193,0.6074491872836162,0.2770803680347205,0.43913694290867994,0.16831224437493625
4194,0.6138135222052395,0.29470288262743544,0.43292090781565606,0.18089261438958346
4195,0.603930867171018,0.28213818837737287,0.43353890640221115,0.17039196076880683
4196,0.6150261386210434,0.3055802211656836,0.42708631515854856,0.18793982346249483
4197,0.6017773929918486,0.31383496199139926,0.41291860773496847,0.18885878525688016
4198,0.6014637299487802,0.31538566208210006,0.41177069326051474,0.18969303668826545
4199,0.5746946670472652,0.2896663904352398,0.40822493724130193,0.16646972980596328
4200,0.5651680245945241,0.2828033520120132,0.40533661278918476,0.15983141180533933
4201,0.661485065341269,0.24960206651408867,0.49637702606388134,0.16510803927738774
4202,0.6737377302100651,0.24881500487515879,0.5061016735832693,0.16763605662679576
4203,0.5856259960286603,0.22241583315136207,0.4553735022068496,0.13025249382181073
4204,0.5913716882642851,0.20573990408784515,0.46970293384052403,0.12166875442376107
4205,0.6431421431187662,0.21338601178487035,0.5059046061878784,0.1372375369308878
4206,0.641852105372418,0.24779420393393933,0.4828048738783367,0.15904723149408126
4207,0.5916738908517293,0.2496295816884679,0.44397458498242387,0.1476993058693054
4208,0.5707389018369267,0.2737007683357613,0.4145272258850512,0.15621167595187546
4209,0.5873043366311589,0.27148336084131947,0.4278609814858502,0.15944335514530866
4210,0.5712608645140317,0.26943368756826047,0.4173439432245837,0.15391692128944798
4211,0.5657939756044653,0.2892250225840217,0.4021522002323604,0.16364177537210492
4212,0.6070650726486639,0.3181372646231192,0.4139350509879829,0.19313002166068108
4213,0.5990650406284701,0.3271835559800688,0.40306081037230285,0.19600423025616726
4214,0.6277320826988998,0.3472278756688815,0.4097660051341582,0.21796607756474162
4215,0.6215829960212019,0.344623975640333,0.40737059274194604,0.2142124032792559
4216,0.5743669882795697,0.3320524416507331,0.3836470274177606,0.19071996086180912
4217,0.5331816203726132,0.29517112564694686,0.37580180131296587,0.15737981905964732
4218,0.5370301913199391,0.29080276344258454,0.38086032763200095,0.15616986368793817
4219,0.5713841014201525,0.29038697204611985,0.4054616023334614,0.16592249908669113
4220,0.5543605800307931,0.27415483750803754,0.4023799452915896,0.15198063473920354
4221,0.5536059902359017,0.29020778689074117,0.39294522100008344,0.16066076923581832
4222,0.5444654077086695,0.29939976650875266,0.381452591768601,0.16301281594006847
4223,0.5683861231060474,0.3219126948290364,0.38541541451355127,0.18297070859249615
4224,0.5610761971825438,0.31050988449126926,0.3868564920045915,0.17421970517795227
4225,0.5798548665894618,0.3148163979455566,0.39730704615856616,0.18254782043089565
4226,0.5745629514669904,0.29466152100742626,0.40526135827321097,0.16930159319377944
4227,0.5831755307194636,0.2968474674104586,0.4100613513696407,0.17311417934982287
4228,0.5927058616520254,0.28765641280727444,0.4222102196393591,0.17049564201266632
4229,0.5585139870503907,0.30714508272633073,0.3869691622939856,0.17154482475640506
4230,0.5319139950034177,0.27598646641817165,0.3851129310840514,0.1468010639193663
4231,0.5107607924987795,0.2771353814068637,0.3692109054619582,0.14154988703682123
4232,0.5133267090898942,0.27172659576946034,0.37384218991135715,0.13948451917853705
4233,0.5344371804258878,0.2769419740866696,0.38642909265342884,0.148008087772459
4234,0.5317449724432106,0.27039868016429036,0.3879618337105695,0.1437831387326411
4235,0.5136082649305673,0.2758337857568867,0.3719377528187429,0.1416705121118244
4236,0.5325643624741714,0.2850105879395206,0.38077788040977184,0.15178648206439954
4237,0.5280150253743895,0.28796213685353766,0.3759666903768054,0.1520483349975841
4238,0.5077225802793368,0.27657471972234093,0.3672993499418755,0.14042323033746132
4239,0.5093368866621579,0.2728263754472428,0.37037634999253827,0.13896053666961966
4240,0.5044819507545776,0.25928858975681707,0.37367553718565516,0.13080641356892245
4241,0.523642712471178,0.25080059041562713,0.39231281101656607,0.13132990145461193
4242,0.48934195146752796,0.26390980599874614,0.3601998119886848,0.12914213947884315
4243,0.49269704880207205,0.2610200257408458,0.3640932524413164,0.1286037963607556
4244,0.49459514358867424,0.2437472855300745,0.3740389199025775,0.12055622368609677
4245,0.4987072863800468,0.2413401263583055,0.37834920686927864,0.12035807951076814
4246,0.5062612273042243,0.24568815156110507,0.381878842160793,0.12438238514343132
4247,0.5089923117014805,0.24897293885472138,0.3822670000027045,0.126725311698776
4248,0.521396947818198,0.26720242767137814,0.38207841758072864,0.13931853023746937
4249,0.5073049697173944,0.25423165985298035,0.37833198521447525,0.1289729845029191
4250,0.4970147713902832,0.24333547471478842,0.3760734460537666,0.12094132533651661
4251,0.4840954269829805,0.24551242497471604,0.3652439847852184,0.11885144219776213
4252,0.4508497230464782,0.24740180129129394,0.3393086894530985,0.1115410335933797
4253,0.45285862708453467,0.23252198556514073,0.3475590399345351,0.10529958714999962
4254,0.45953444484872635,0.23422351504274075,0.3519006718930432,0.10763377295568317
4255,0.4547126716634729,0.23288139315926823,0.34881855119931043,0.10589412046416248
4256,0.45097324158206226,0.2271077588793224,0.34855371937181684,0.10241952221024542
4257,0.46078634201292834,0.2201181531344381,0.359358903419469,0.10142743859345933
4258,0.4574046581221362,0.22424732842747758,0.35483288552796344,0.10257177259417277
4259,0.4628341926760776,0.22189073225815076,0.3601355747490727,0.1026986179270049
4260,0.4469370463566149,0.23328189774299454,0.34267472401089505,0.10426232234571985
4261,0.45111307638490683,0.25617554289135236,0.3355489391366152,0.1155641372482916
4262,0.4605245544345773,0.22686538005437307,0.3560474763684061,0.1044770780661712
4263,0.47492504015820924,0.21760025400905111,0.3715812307845241,0.10334380937368513
4264,0.48573002814136085,0.21844491376313258,0.37962477403185735,0.10610525410950353
4265,0.4605587020726182,0.2021979222604936,0.3674346894345451,0.09312401263807309
4266,0.4518089994554835,0.21435275727268796,0.35496249466158625,0.09684650479389725
4267,0.47067939266518577,0.25484755301343365,0.3507279011906141,0.11995149147457168
4268,0.46629787824761343,0.24606434380196723,0.35155859682036483,0.11473928142724861
4269,0.48421778409230637,0.2627531561056126,0.35698803307958676,0.1272297510127196
4270,0.4603875417006883,0.26110051481450774,0.3401801175484529,0.12020742415223537
4271,0.4456414405884269,0.24230784499123614,0.3376590234806552,0.10798241710777172
4272,0.46080322678849966,0.2394858790010134,0.3504473609745525,0.11035586581394717
4273,0.4862898765430082,0.19644934234146022,0.3907585501088244,0.09553132643418384
4274,0.5012363914018648,0.22360236585702487,0.38915874843077014,0.1120776429710947
4275,0.48888110842074806,0.24012454357013463,0.37148875540115445,0.11739235301959362
4276,0.49099040863802046,0.24008097648728954,0.3731129518863112,0.11787745675170927
4277,0.4910829214232527,0.22817350656890872,0.3790308092260053,0.11205211219724744
4278,0.46077696070715807,0.23033354753555135,0.35464456872482897,0.10613239198232907
4279,0.4470103555820322,0.2363245996195992,0.3413708122732938,0.10563954330873844
4280,0.43467736975408455,0.23181753925881785,0.33391153152619735,0.10076583822788718
4281,0.4502810701151515,0.26737991718300597,0.32988495487868696,0.12039611523646451
4282,0.44919085634708167,0.24127743739357263,0.3408112376270334,0.10837961872004827
4283,0.4171986687473434,0.2676584084234379,0.30553193707405235,0.11166673167329103
4284,0.4215683334674516,0.2506484501443595,0.31590288405389433,0.10566544941355727
4285,0.417472889623449,0.24530355151495287,0.31506530713760705,0.10240758248584195
4286,0.4138280029203206,0.23101588878351767,0.3182271590221746,0.09560084389814602
4287,0.4131804913770507,0.22957385391932306,0.31832505360734153,0.09485543776970916
4288,0.42430492355011,0.2329836229838043,0.3254488252115393,0.09885609833857073
4289,0.44146589192866775,0.23346082056433246,0.33840090254783606,0.10306498938083168
4290,0.4412389130170652,0.2243940811452951,0.34222751256505207,0.09901140045201313
4291,0.4764061787186117,0.227535875200647,0.36800668189287655,0.10839949682573516
4292,0.4639076254751491,0.21777399266571013,0.36288060964735697,0.10102701582779211
4293,0.4692179015000338,0.22646813814065048,0.362954996965058,0.10626290453497578
4294,0.4658012248203417,0.21313495814153666,0.36652270026598166,0.09927852455436004
4295,0.4738710205006176,0.2129281958665447,0.37297051903198264,0.10090050146863493
4296,0.4637258706647561,0.2119960580342677,0.36541781407531915,0.09830805658943695
4297,0.4810362314000039,0.22106806685120803,0.37469448163901464,0.10634174976098924
4298,0.47465278176439346,0.21039149130888707,0.374789875155071,0.09986290660932245
4299,0.5019834922939963,0.20360932193225065,0.3997749738068326,0.10220851848716375
4300,0.4924346969149176,0.21646604383597176,0.38583930622617957,0.10659539068873802
4301,0.49398738707566664,0.21317222854055054,0.38868299490182323,0.10530439217384341
4302,0.5033797539546845,0.2140456711640829,0.3956334966690431,0.10774625728564136
4303,0.5169024001163129,0.22638347649222335,0.3998842377708078,0.11701816234550516
4304,0.5012864008417274,0.24336329362077874,0.3792916912855787,0.12199470955614869
4305,0.4810858447738273,0.23644061196380872,0.3673376132283777,0.11374823154544962
4306,0.48633649159980097,0.2212109011895905,0.3787535580116253,0.10758293358817568
4307,0.49148588200372,0.21311026893830312,0.3867451935105281,0.10474068849319189
4308,0.47405738965097255,0.18806450275229572,0.3849040223902111,0.08915336726076145
4309,0.49355015812132147,0.21080188162875255,0.3895088561111786,0.10404130201014292
4310,0.480067970932379,0.22115864162377674,0.37389679059389136,0.10617118033848769
4311,0.48031476548199625,0.2208645670847244,0.37423025273941424,0.10608451274258203
4312,0.5011237641574212,0.20699090018900332,0.3973957051083748,0.10372805904904642
4313,0.5035947724068159,0.26242792008125565,0.3714374437203019,0.13215732868651403
4314,0.4924322755052125,0.2309575553165357,0.37870132099556986,0.11373095450964267
4315,0.4767494010442109,0.22038350828733066,0.37168169546820407,0.10506770557600678
4316,0.48295152959979937,0.23359775810189312,0.37013513501340617,0.11281639458639321
4317,0.47723131984368694,0.23173523072625932,0.3666400098299129,0.11059131001377405
4318,0.4850504311806401,0.24285979363650578,0.3672511835608117,0.1177992476198284
4319,0.46417906352144617,0.23637131838338005,0.3544604463109192,0.10971861721052695
4320,0.46927085558197346,0.24304832787627603,0.3552153588117054,0.11405549677026806
4321,0.4724520056465064,0.23853248788906678,0.3597568533314658,0.1126951523150406
4322,0.4706662957140315,0.25016411265144173,0.3529224794917898,0.11774381622224175
4323,0.47600687748388265,0.25497689153134734,0.35463612351549934,0.12137075396838329
4324,0.47728953984540473,0.25616123784521194,0.35502646050803427,0.12226307933737048
4325,0.4906572433451751,0.2749838775592065,0.3557344120176077,0.1349228313275674
4326,0.48453012179709454,0.25980289111082155,0.3586477953239309,0.12588232647316366
4327,0.4744913374777124,0.26336275704241224,0.34952799064684037,0.124963346830872
4328,0.4820402955551557,0.2502067593761049,0.36143055531560037,0.12060974023955535
4329,0.4824164701027747,0.2381124820632134,0.3675470870184291,0.11486938308434566
4330,0.48621652335399806,0.23334103693695016,0.3727622556186973,0.11345426773530075
4331,0.48698962628344505,0.24385711795241105,0.3682337395452424,0.11875588673820264
4332,0.4955399129306897,0.24619721657449362,0.373539365665587,0.12200054726510273
4333,0.527685813917737,0.2486196141455774,0.39649277047141424,0.1311930434463227
4334,0.5305421141077293,0.23550654252177075,0.4055959751520272,0.12494613895570211
4335,0.5249775462314528,0.24472307667201104,0.3965034259339687,0.12847412029748403
4336,0.5112986719650059,0.24180158234725715,0.3876658440318163,0.1236328279331896
4337,0.5003962383502726,0.23450079957343167,0.38305292035359617,0.11734331799667641
4338,0.4792212318721125,0.24609590670034742,0.36128684830448754,0.11793438356762496
4339,0.5077894939174923,0.24979542723611303,0.3809460003383627,0.1268434935791296
4340,0.49449509360634747,0.25097594902977177,0.37038871819792857,0.12410637540841889
4341,0.5005085033872051,0.2588224294628169,0.37096567657373014,0.12954282681347495
4342,0.514105706684114,0.27068760134885783,0.3749436661020318,0.13916204058208229
4343,0.5226488056120184,0.2805439855638099,0.37602282663545783,0.14662597897656057
4344,0.5181901633044794,0.27060119586838693,0.3779672854270526,0.14022287787742685
4345,0.5310140931981889,0.2649915359880247,0.3902998530103127,0.1407142401878762
4346,0.5378148251779936,0.27143126485692687,0.3918350669211238,0.14597975825686982
4347,0.5381695513978716,0.27324925135858763,0.3911151243744162,0.14705442702345536
4348,0.5237332339025071,0.25149521562609717,0.3920168313116429,0.13171640259086423
4349,0.5226404884876636,0.246246600195067,0.39394204507328745,0.12869844341437622
4350,0.532196127882651,0.24133618222999031,0.40375794618186833,0.1284381817007827
4351,0.5400373832219887,0.2525855237418108,0.4036317579407057,0.136405625281283
4352,0.5399160653595033,0.2715966267838492,0.39327668326145393,0.14663938209804936
4353,0.5463259621802109,0.26391451941719657,0.402142608426283,0.14418335375392788
4354,0.5436040827094153,0.2538783326090321,0.4055947845916866,0.13800929811772872
4355,0.5191017318661324,0.2553581835557033,0.3865448565361771,0.1325568753299553
4356,0.5234206276917163,0.23814711021988558,0.3987695177774554,0.12465110991426084
4357,0.5357789390425882,0.2359161309774081,0.4093800446844802,0.126398894358108
4358,0.5531966109708821,0.23012678323866995,0.4258912543896191,0.12730535658126302
4359,0.5465209303468531,0.2214442889793483,0.4254969915138623,0.12102393883299083
4360,0.5257692365742421,0.21109146789467775,0.41478383665192126,0.11098539992232087
4361,0.5327324166542249,0.2068780047459468,0.4225217972333124,0.11021061942091245
4362,0.5243948450293169,0.20765122453700263,0.4155036133180875,0.10889123171122937
4363,0.5196215009568074,0.21126951655933318,0.4098413176558276,0.10978018330097977
4364,0.5304726322083452,0.22037207586183283,0.41357127706070157,0.11690135514764359
4365,0.5223977401634015,0.21627559751127517,0.40941585677102194,0.11298188339237952
4366,0.5372019715129105,0.2125373916787447,0.42302646568287716,0.1141755058300333
4367,0.5325961969710566,0.2166233411389438,0.4172234293052913,0.1153727676657653
4368,0.5085129279608778,0.20309827090350885,0.40523483155994294,0.10327809640093483
4369,0.5159610962865234,0.19181377378202302,0.4169926512830956,0.0989684450034278
4370,0.5142214598056246,0.19028894198502577,0.4163708022732169,0.09785065753240776
4371,0.537040689694671,0.19905065984828335,0.43014238604556954,0.10689830364910145
4372,0.5286730060270742,0.19990534773726668,0.42298844491792587,0.10568456110914835
4373,0.5429402770775332,0.20518173984387345,0.43153884639545026,0.11140143068208298
4374,0.5354312975228853,0.20754688339954863,0.424304200447434,0.1111270970754513
4375,0.5276445561200076,0.18787900773780672,0.4285112204779251,0.0991333356420825
4376,0.5419834971444274,0.1877436388792153,0.4402295431780498,0.1017539539663776
4377,0.5540951316631232,0.19558291368877825,0.4457235913516823,0.10837154031144085
4378,0.5515936931271215,0.19767745567631675,0.4425560553026491,0.10903763782447241
4379,0.5477717351141994,0.19712767421995794,0.4397907669677064,0.107980968146493
4380,0.5540043452691256,0.2146399192067548,0.4350928973603694,0.1189114479087562
4381,0.561282563074669,0.23046366792969064,0.4319273248435028,0.12935523823116615
4382,0.5744889949924991,0.21617791161621713,0.4502971638085212,0.12419183118397786
4383,0.5894854973750391,0.22446602860599374,0.4571660288584351,0.13231946851660398
4384,0.5778514496014936,0.21758598440368124,0.4521190731008584,0.12573237650063518
4385,0.5731381594030783,0.19570477882261786,0.4609722826822966,0.11216587672078174
4386,0.5678950617165484,0.19234173012516617,0.45866514301644945,0.10922991870009893
4387,0.5772378917315177,0.18958401518927656,0.4678028144976637,0.10943507723385404
4388,0.5704608370992276,0.18349127581799776,0.4657862502956873,0.10467458680354026
4389,0.5213045854278237,0.14975459546038797,0.44323682812543463,0.07806775730238899
4390,0.5286100110542373,0.2007470719866607,0.42249309911226285,0.10611691194197449
4391,0.660582321781894,0.16860778285592035,0.5492030011124327,0.11137932066946128
4392,0.6392210893303335,0.18084722901217368,0.5236197265987995,0.11560136273153396
4393,0.6057598105069726,0.19485857881434437,0.48772231472873734,0.11803749577823523
4394,0.5681380713289099,0.2242322171291924,0.4407432119593252,0.12739485936958472
4395,0.5714908315063656,0.20731618241167335,0.453011534035193,0.11847929747117257
4396,0.5921138244200581,0.22214687607438066,0.46057758804468785,0.13153623637537024
4397,0.5830301582099731,0.21873771406291756,0.4554994741733824,0.12753068403659068
4398,0.5801081778558818,0.22170085285186106,0.45149770007889367,0.12861047777698809
4399,0.5757668323825172,0.2237047229028765,0.4469650726877193,0.12880175969479796
4400,0.5684115899686418,0.21341609421868693,0.4471034085289005,0.1213081814397413
4401,0.5812692420378012,0.2227483090053494,0.45179250129705983,0.12947674074074136
4402,0.5806675171984945,0.23597217073167445,0.44364614269179387,0.13702137450670065
4403,0.5912283536969826,0.23671909691650214,0.45127331173840257,0.13995504195858002
4404,0.5919247799210365,0.22903632779688685,0.4563525019959419,0.13557227792509463
4405,0.5886041114602927,0.23008931219722067,0.4531725962979377,0.13543151516235497
4406,0.5933926081428162,0.22641283142394633,0.459040907587161,0.1343517005556553
4407,0.5905992933455345,0.24639171553812778,0.4450805202625223,0.14551877308301223
4408,0.6138297078940677,0.2407441761525693,0.46605378056913804,0.14777592732492958
4409,0.5906542600413833,0.25119411125988267,0.44228538812842444,0.14836887191295892
4410,0.5907849452987708,0.25249073451356724,0.4416172205207265,0.14916772477804427
4411,0.602073186343632,0.239906104954018,0.45763215331067664,0.14444103303295544
4412,0.5980721228845317,0.23791818891559574,0.4557798865669383,0.1422922363175934
4413,0.5994459148185447,0.21610373603858893,0.46990341307318745,0.12954250174535725
4414,0.6138316237880725,0.20498078477581044,0.48800793582378343,0.12582368796428914
4415,0.6059460620711211,0.2138047835836763,0.4763918954066242,0.12955416666449693
4416,0.5858971095317781,0.22584805029571559,0.4535733896701307,0.1323237198616474
4417,0.6006948833512915,0.22513652554756586,0.46545652439938134,0.13523835895191014
4418,0.6081598441945808,0.23305236915509864,0.4664267516800381,0.14173309251454272
4419,0.6215214883301485,0.24198801999124017,0.47112073398712717,0.15040075434302133
4420,0.6192924066139167,0.23707272571041857,0.47247506776619064,0.14681733884772608
4421,0.6208715846424906,0.24582504564494678,0.4682457990080999,0.1526257856343907
4422,0.6136481809069498,0.25051613131142275,0.4599194126398487,0.15372876826710116
4423,0.6205712850880599,0.2514779485170828,0.46451129140550484,0.15605999368255508
4424,0.6199320984119865,0.23523239091570713,0.47410398869714343,0.14582810971484303
4425,0.6195218329196762,0.2542337134582822,0.4620184967680255,0.15750333615165074
4426,0.6172002616467374,0.2619542795834513,0.4555220117483486,0.16167824989838872
4427,0.6215164203121555,0.2563409533048851,0.46219630863469785,0.1593201116774576
4428,0.6164146616395175,0.255832936453367,0.4587154886793711,0.1576991729601464
4429,0.6117588671590326,0.23718541902473653,0.4666585839098193,0.14510028324921329
4430,0.5890052134962777,0.20193301551054513,0.4700656145835419,0.11893959891273578
4431,0.595645930859193,0.19142537550991534,0.48162418487351893,0.1140217459856741
4432,0.6052448440779186,0.22021562585520726,0.4719604719436624,0.13328437213425617
4433,0.6149100869408054,0.21014368834390074,0.4856906132711959,0.1292194736696095
4434,0.6279471281853599,0.2124566022865989,0.49453561491547093,0.13341151326988895
4435,0.6104514127432573,0.1943377027097383,0.4918176875748184,0.11863372516843888
4436,0.6119457798831234,0.2027670348256184,0.4878633486221719,0.12408243126095148
4437,0.6139906563764094,0.19356598098570532,0.49514295265885255,0.11884770371755679
4438,0.6165637973013193,0.18617802103405579,0.5017731696785169,0.11479062762280233
4439,0.6142592346894192,0.18078702715992143,0.5032091337443907,0.11105010094502858
4440,0.6354524297589557,0.19524296429580149,0.5113848137038476,0.12406761605510809
4441,0.6234451087724484,0.20121320077118934,0.49799972293120176,0.12544538584124665
4442,0.6320999537044207,0.2109751622346717,0.4987425634231021,0.13335739028131863
4443,0.6329082298703501,0.20232876841239042,0.5048526872026161,0.12805554266773403
4444,0.6298781885799117,0.1907524698455338,0.5097273684064627,0.12015082017344907
4445,0.6198125658650736,0.17876000762996672,0.5090148668618838,0.11079769900318981
4446,0.5972289137726825,0.16124229453749103,0.5009303533518418,0.0962985604208407
4447,0.608547188250704,0.16748321037179842,0.5066257514997449,0.10192143675095906
4448,0.611768623927009,0.17189708246627014,0.5066073823295514,0.10516124159745767
4449,0.6054080316850984,0.1760472603144181,0.4988276063345924,0.106580425350506
4450,0.6181822206449479,0.1973915144538395,0.49615829590340405,0.12202392474154383
4451,0.6258746084347828,0.21444442936481786,0.49165928517505697,0.13421532325972582
4452,0.6314372801022452,0.2210103544107022,0.4918831030387182,0.13955417706352705
4453,0.6338739758829347,0.22082730823960398,0.4938972920255706,0.13997668385736411
4454,0.636952189853698,0.2157430988184058,0.4995341506154916,0.13741803923820634
4455,0.6372647375338547,0.2331077747889913,0.48871337261584724,0.14855136491800747
4456,0.6437208983587854,0.22752263513057316,0.4972598232755747,0.1464610750832107
4457,0.64633731927546,0.1967380452373421,0.5191781785172621,0.12715914075819787
4458,0.6542830029772659,0.20555815673459277,0.5197897949024851,0.13449320807478085
4459,0.6407490127651082,0.21335228262504352,0.5040437483019292,0.136705264463179
4460,0.6389650995656164,0.1848644660659504,0.520843157599642,0.11812194196597452
4461,0.6476470453622556,0.19627707790516324,0.5205287757846393,0.12711826957761624
4462,0.6456844880062237,0.20150646166206085,0.5155748914780102,0.1301095965282135
4463,0.6631682135923036,0.2072720851400535,0.5257119551624225,0.13745625842988113
4464,0.6603704189705304,0.22046440502914816,0.5147822474533431,0.14558817151718728
4465,0.6573409885771804,0.20733300227367277,0.5210525078979296,0.13628848067925084
4466,0.6576968428897267,0.2106002755817029,0.5191857065279344,0.1385111363617924
4467,0.6513954121265932,0.22250434185467152,0.5064571046642131,0.14493830746238015
4468,0.6494265417298665,0.22592504761701745,0.5027048193657915,0.14672172236407505
4469,0.648299859964697,0.22334286415060323,0.5035067124117465,0.14479314755295042
4470,0.6469556472608746,0.20676604322023642,0.5131871879377565,0.13376845932311804
4471,0.640422593849625,0.22633669539045678,0.4954714603043162,0.14495113354530878
4472,0.6472646979325002,0.2306780105618022,0.4979549651065452,0.149309732825955
4473,0.6441096451816062,0.21414961447953726,0.5061738129834137,0.1379358321981925
4474,0.6411016746646424,0.2263084222151733,0.49601496619178187,0.14508670847286056
4475,0.6412527653283615,0.20578114405208023,0.5092950376525311,0.13195772767583036
4476,0.6534402310078875,0.20096337107912374,0.5221226793858211,0.13131755162206643
4477,0.6425114592640142,0.21616720807410714,0.5036215509592918,0.13888990830472236
4478,0.625153614567651,0.21282695806597604,0.49210407245526816,0.1330495421123828
4479,0.6357178664467458,0.22337200055094938,0.4937162948325549,0.14200157161419086
4480,0.6546033571479277,0.23528709810225176,0.5005836328365999,0.15401972431132782
4481,0.6522591494803647,0.23730103216831833,0.4974773800674447,0.15478176941291996
4482,0.6409002929315974,0.2510835839229233,0.4799807504450806,0.16091954248651688
4483,0.6447604004506189,0.2571199684929348,0.47897962660126375,0.16578077384935513
4484,0.6366005350485258,0.25192380488022525,0.47622570607031395,0.16037482897821181
4485,0.6257474603437159,0.24601989590882273,0.4718011352847447,0.15394632505897116
4486,0.6372090865807732,0.2352960734174932,0.4872762905623699,0.1499327960184034
4487,0.6204868160654994,0.24271094491098508,0.4698878746334334,0.15059894143206595
4488,0.6094444378045567,0.242637575832933,0.46157031681079436,0.14787412099376235
4489,0.611223906087962,0.23967838630394825,0.46472674660640323,0.14649715948155873
4490,0.6460662020977732,0.2521231948471783,0.48317792714209984,0.16288827495567337
4491,0.6194792848233063,0.2445679910325927,0.467974480647763,0.1515048041755433
4492,0.600580287719001,0.232899218070079,0.46070560832094254,0.1398746793980584
4493,0.6037712738172121,0.2297674618792516,0.4650442806766286,0.13872699314058345
4494,0.6071143327389295,0.2546546665648161,0.45250983476857654,0.1546044979703529
4495,0.6193562710160148,0.24929355009330945,0.46495474744187854,0.15440152357413622
4496,0.6076665027350467,0.2466820137062926,0.45776610617850505,0.1499003965565417
4497,0.5903499439206185,0.2471636254361276,0.4444369115051838,0.14591303241543468
4498,0.5908606646477171,0.2401841011061962,0.44894532703029555,0.1419153376174216
4499,0.5859233916237415,0.23563711077287952,0.4478580964872767,0.13806529513646484
4500,0.5864762946963649,0.2566552575080269,0.43595407025871585,0.150522224437649
4501,0.566252822704131,0.2437839069029497,0.4282094972904946,0.13804332541363637
4502,0.5560829627044102,0.2433624744380149,0.42075323690784255,0.1353297257965676
4503,0.542425292406869,0.24650357854118013,0.40871551673732975,0.13370977566953923
4504,0.5732633511798818,0.23992043076691752,0.43572576102191785,0.13753759015796396
4505,0.5720182664040485,0.24665698548389905,0.43092596517110004,0.1410923012329485
4506,0.5615195558428401,0.23779753692638897,0.4279915885274128,0.1335279673154273
4507,0.56186678095514,0.22873789004935233,0.4333465589906397,0.12852022196450033
4508,0.5507772165044016,0.22366790323538188,0.4275860313390421,0.12319118516535947
4509,0.5259202503344823,0.24071101707570314,0.39932545197576064,0.12659479835872164
4510,0.5266733893308105,0.25684492872242987,0.3914000001881379,0.1352733891426726
4511,0.5458772332686251,0.27107112668078165,0.39790567661711107,0.14797155665151407
4512,0.5219791411424108,0.23862354308068937,0.39742262906879355,0.1245565120736173
4513,0.5122296612797458,0.240691028399274,0.388940577329712,0.1232890839500338
4514,0.5024665009968706,0.2265288886482671,0.38864332294306614,0.11382317805380449
4515,0.49950830986550626,0.23621891802050562,0.3815149973668249,0.11799331249868135
4516,0.4928507514281433,0.21830082046629204,0.385261028023951,0.10758972340419223
4517,0.4859103908150592,0.22966799619882705,0.3743123250243756,0.11159806579068358
4518,0.49295061295757664,0.2283246518295538,0.3803978358848728,0.11255277707270382
4519,0.4886656013821805,0.21069428198624926,0.3857065533675833,0.10295904801459722
4520,0.48930970161311643,0.2012306364399667,0.3908455989412588,0.09846410267185762
4521,0.4842145553273086,0.21250615186069227,0.381315983499766,0.10289857182754263
4522,0.4704930235148308,0.21172378946112846,0.370878457661247,0.0996145658535838
4523,0.5004190082104905,0.2062431767645266,0.3972110022438052,0.10320800596668528
4524,0.4906502035272351,0.20790942403500748,0.38863940230922844,0.10201080121800664
4525,0.5120925402773072,0.20493868046644947,0.40714497079616374,0.10494756948114348
4526,0.4860462241435491,0.2101975397507281,0.3838805036234441,0.10216572052010496
4527,0.47679768553641955,0.2248610002717373,0.36958448103945096,0.10721320449696856
4528,0.47017619378073283,0.20928867411822424,0.37177364158241,0.09840255219832285
4529,0.46664360006750794,0.2166851718106971,0.3655288514125178,0.10111474865499018
4530,0.4524980298221129,0.21893202866445402,0.3534317181864891,0.0990663116356238
4531,0.467467782655025,0.21763373235734673,0.36573102435899896,0.10173675829602603
4532,0.46878694805328647,0.22579865228844856,0.36293548697243944,0.10585146108084703
4533,0.4591803856943479,0.24606305202735232,0.3461930585592998,0.11298732713504803
4534,0.4596450689281523,0.23654773967774514,0.3509170668191765,0.1087280021089758
4535,0.4495723060009012,0.2429488020142773,0.34034925283918616,0.10922305316171503
4536,0.45171675399514255,0.23693404446010763,0.34468967652068194,0.10702707747446061
4537,0.4595228332108365,0.24238704542623646,0.34814045136296856,0.1113823818478679
4538,0.4433887092151823,0.24555915685723168,0.33451055162028587,0.10887815759489644
4539,0.44949937774954346,0.23567092065430997,0.3435654455617691,0.10593393218777436
4540,0.4493758546207482,0.22222549930491162,0.34951308095208106,0.09986277366866714
4541,0.4462848035433495,0.21927158085277956,0.3484272291598271,0.0978575743835224
4542,0.45883331294542495,0.2228297617878207,0.3565915951214793,0.10224171782394563
4543,0.4760903479423304,0.22502796152464394,0.36895670744330933,0.10713364049902108
4544,0.47858813211950885,0.23996485194550024,0.3637438018525774,0.11484433026693144
4545,0.44473854190974815,0.227120642733269,0.3437292384229492,0.1010093034867989
4546,0.4365686497900952,0.2087276884000092,0.3454446846914955,0.09112396509859973
4547,0.4371312636985831,0.19245800610517783,0.35300185228091707,0.084129411417666
4548,0.4441336498544736,0.1988879913957871,0.35580080032363753,0.08833284953083607
4549,0.4458850601792346,0.19740885268715663,0.3578634020189081,0.0880216581603265
4550,0.4456925296953886,0.1833335819088569,0.3639821217963134,0.08171040789907516
4551,0.44395506527844447,0.18359344545811068,0.3624478252153944,0.08150724006305006
4552,0.43389191016789264,0.2053954704426379,0.34477247715770354,0.08911943301018908
4553,0.4585390215737009,0.20363915945869798,0.3651625206414187,0.09337650093228224
4554,0.45518227790103144,0.20251795138957823,0.3629996954716729,0.09218258242935858
4555,0.4350400045649905,0.2015320734438691,0.3473654904139777,0.08767451415101281
4556,0.4436972307488787,0.19803875877923544,0.35582798189758674,0.08786924885129195
4557,0.4411164431772132,0.21064572285025238,0.34819715114301686,0.09291929203419635
4558,0.43230182024434516,0.21723621784689698,0.3383902078461345,0.09391161239821066
4559,0.4066938494777207,0.21242505176191995,0.3203018874511614,0.0863919620265593
4560,0.4214894508395756,0.2192443392908695,0.3290802746721814,0.09240917616739418
4561,0.4209949137015513,0.20598369093502708,0.33427682751243254,0.08671808618911873
4562,0.4094721502487318,0.2192870429610684,0.3196802132457771,0.08979193700295471
4563,0.40383516790457785,0.22126325182461593,0.3144812854528712,0.08935388245170667
4564,0.40027565206821875,0.22103256125563464,0.3118016994833111,0.08847395258490766
4565,0.40126039258389173,0.22315710167225586,0.3117162863589989,0.08954410622489282
4566,0.40483925200738974,0.20836338044548644,0.32048557692210783,0.08435367508528191
4567,0.4100229240398817,0.20119274550926494,0.3275292862305611,0.08249363780932059
4568,0.41651093025416996,0.20207252532142364,0.3323455147537345,0.08416541550043548
4569,0.41315388736660014,0.21231860374544498,0.32543363086892074,0.08772025649767938
4570,0.4072423462172316,0.2134701260746357,0.32030827122730876,0.08693407498992287
4571,0.3913398511689547,0.20310507928337782,0.3118567396705389,0.07948311149841582
4572,0.3946044720856393,0.20462386861620785,0.3138589784342194,0.08074549365141992
4573,0.41715461394646824,0.19975250632067584,0.33382693428742727,0.08332767965904099
4574,0.4238301546744078,0.2014913892945247,0.33843202798414806,0.08539812669025973
4575,0.416314873365241,0.20985788109236672,0.32894791617357455,0.08736695719166646
4576,0.42705577883438034,0.19741457195984644,0.3427487450528123,0.08430703378156804
4577,0.4144696341033897,0.21241228588589137,0.32643119169319973,0.08803844241019
4578,0.41347867713569136,0.21098068892535593,0.3262426609776584,0.08723601615803298
4579,0.4217569728452462,0.2115402177110108,0.33253841098842596,0.08921856185682026
4580,0.4304461896952001,0.20339101905111595,0.34289730052642337,0.08754888916877672
4581,0.4178665001319821,0.19901081474727675,0.33470654748512335,0.08315995264685878
4582,0.4097365781361098,0.19644023560219498,0.3292478281922152,0.08048874994389459
4583,0.4153998504463035,0.1905509440114214,0.3362450168015571,0.0791548336447464
4584,0.41524650937157026,0.1978978869302577,0.33307010261177106,0.0821764067597992
4585,0.41846318425009366,0.19979072796476563,0.3348581200423136,0.08360506420778006
4586,0.43002106582086125,0.19771842193886668,0.34499797928629106,0.0850230865345702
4587,0.45434479206156037,0.19626983014156676,0.36517061689793245,0.08917417516362793
4588,0.44687411345774636,0.2051125352343663,0.3552146311158182,0.0916594823419282
4589,0.44637356538108885,0.20413790310431734,0.3552518017429955,0.09112176363809338
4590,0.4348000447136248,0.19662506879316252,0.3493074560105382,0.08549258870308662
4591,0.44547650086802976,0.1865651915066171,0.3623660921718881,0.08311040869614165
4592,0.4436173125487311,0.18533554240833938,0.3613992573057822,0.0822180552429489
4593,0.4330844195723114,0.19157641833209968,0.3501156576352117,0.0829687619370997
4594,0.43589380115986864,0.18863792466243198,0.3536676991358522,0.08222610202401641
4595,0.4358874979617691,0.1938702184956362,0.3513818934924048,0.08450560446936436
4596,0.4771173282842852,0.20409249008540342,0.37974126469185054,0.09737606359243466
4597,0.4675054456744419,0.18421510199543223,0.3813838823161046,0.08612156335833732
4598,0.46355409729598424,0.18739155366189264,0.3766879747973536,0.08686612249863063
4599,0.460756687847778,0.1875307712200464,0.37435063083089004,0.086406057016888
4600,0.47074150718505475,0.1885784813301967,0.3819697886610093,0.0887717185240455
4601,0.48831571890035497,0.17819322097977572,0.401301168094446,0.08701455080590899
4602,0.4999924315690693,0.18193026347509392,0.4090286767581557,0.09096375481091365
4603,0.4899709763856325,0.19146343581584324,0.3961594497967959,0.09381152658883658
4604,0.49847544995075826,0.20287900196938638,0.39734524815850764,0.10113020179225064
4605,0.46956058405770074,0.20253198024623828,0.37445954912291435,0.09510103493478636
4606,0.45446536962963635,0.1562599472113001,0.38345063496194537,0.07101473466769097
4607,0.4621951245048529,0.16801628141060831,0.3845388183994344,0.07765630610541852
4608,0.4720541966804759,0.1908496201140848,0.3819628325707476,0.09009136410972829
4609,0.4870346431652127,0.1686806934827871,0.4048813018059629,0.08215334135924984
4610,0.4628614969543829,0.19117352218800904,0.3743746342963991,0.08848686265798379
4611,0.46065307733937083,0.17521808624168653,0.37993832670662264,0.08071475063274818
4612,0.46719885105845727,0.1596506645424406,0.39261024401350986,0.07458860704494742
4613,0.4683081800654525,0.14976289442792973,0.3981729915345742,0.07013518853087827
4614,0.4710672081160116,0.1349783173834207,0.4074833489900067,0.06358385912600491
4615,0.4684710202946317,0.13115404390132304,0.407029151532412,0.06144186876221973
4616,0.47922217991090227,0.1259456114856416,0.41886624942454154,0.06035593048636074
4617,0.4794175100225863,0.1442079099527066,0.4102817129074984,0.06913579711508794
4618,0.49390716651098815,0.17453665119623452,0.40770226366633927,0.08620490284464886
4619,0.5046768004163711,0.15912358758312253,0.4243708173641466,0.08030598305222447
4620,0.5031825112298607,0.16738036731081826,0.41895963767582667,0.08422287355403402
4621,0.48828091797644824,0.17282294681839422,0.40389477085656783,0.08438614711988042
4622,0.5003136087119419,0.1809204207948056,0.4097966600944096,0.09051694861753225
4623,0.5243665127903472,0.1861970150981644,0.4267310332913511,0.09763547949899608
4624,0.5055094282132178,0.1917097832798449,0.4085983252845435,0.09691110292867429
4625,0.4794628120771516,0.18890276190812255,0.3888909626435425,0.09057184943360908
4626,0.49623229962235343,0.16973148046870942,0.41200605675105917,0.08422624287129424
4627,0.4925176768184102,0.16374654747334966,0.4118696076698005,0.08064806914860968
4628,0.48053613463915446,0.15444122373362273,0.40632154595725856,0.07421458868189591
4629,0.48404965405865086,0.1618596148236987,0.405701563497173,0.07834809056147783
4630,0.48865357753639493,0.1803108164012833,0.40054405203339977,0.08810952550299515
4631,0.48552240436554245,0.16264837801953222,0.4065529728033435,0.07896943156219893
4632,0.46866269919712306,0.15610115537722846,0.3955039103702417,0.07315878882688139
4633,0.48219946016550563,0.17125217982978475,0.39962175149941737,0.0825777086660883
4634,0.47849549006819025,0.15763859456036244,0.4030661335103689,0.07542935655782138
4635,0.48410864007676063,0.14800783011869503,0.412456770717287,0.07165186935947367
4636,0.49612799606399494,0.15090686387017324,0.4212588760997838,0.07486911996421113
4637,0.520372029434364,0.14603426550556617,0.4443798823262758,0.0759921471080882
4638,0.5052037425281105,0.1363421149286227,0.43632319580197254,0.06888054672613796
4639,0.5055840369236982,0.1480868639439339,0.4307136824355537,0.07487035448814455
4640,0.5180176429483334,0.16835605397731696,0.4308062366909213,0.08721140625741212
4641,0.5210976255678742,0.1809903222416276,0.42678399839699765,0.09431362717087655
4642,0.5101212856102687,0.16493396763860493,0.4259849579976611,0.0841363276126076
4643,0.5062318029308681,0.1724474386777822,0.4189334251382041,0.087298377792664
4644,0.511484174966965,0.1674083858692275,0.4258574348380918,0.08562674012887314
4645,0.4974996546482617,0.16743217236861072,0.4142022067178696,0.08329744793039205
4646,0.4986486750367356,0.14721751272202868,0.4252388573756922,0.07340981766104338
4647,0.5053435664384828,0.1540688422229577,0.42748586823248547,0.07785769820599733
4648,0.496739962320676,0.14111857236081507,0.4266407280034171,0.07009923431725887
4649,0.5009890422548049,0.14255879823723666,0.42956864646093573,0.07142039579386916
4650,0.5069992866569791,0.15700508031511948,0.42739782293569184,0.07960146372128729
4651,0.5026654836300934,0.17226576116441625,0.41607343148147596,0.08659205214861747
4652,0.5267025700015044,0.18722645320852377,0.42808991592430856,0.09861265407719588
4653,0.5213265666992974,0.19343708863490217,0.4204826734089562,0.10084389329034124
4654,0.5262374991006755,0.1987626314946091,0.42164114898828325,0.10459635011239225
4655,0.5117713836070331,0.173343917796923,0.42305892695623804,0.08871245665079511
4656,0.5175786666052167,0.1726146549298752,0.42823700367009226,0.0893416629351244
4657,0.5120573215024168,0.17974799656734136,0.42001604383471836,0.09204127766769843
4658,0.5059343617973787,0.17560190857479455,0.41709132225218837,0.08884303954519032
4659,0.5208748439326576,0.18378307663402202,0.4251468625734477,0.09572798135920987
4660,0.51456102462277,0.19455769843598547,0.4144492159673014,0.10011180865546858
4661,0.5114300271750543,0.19727573801611675,0.41053729112049275,0.10089273605456148
4662,0.5139973000758162,0.1983765431132988,0.4120322925172069,0.10196500755860934
4663,0.49239878784600244,0.17316897238480408,0.40713059575118704,0.0852681920948154
4664,0.5070271417269234,0.17253154119341835,0.41954896753788357,0.08747817418903985
4665,0.48905282667098565,0.1665461788068949,0.4076029471542223,0.08144987951676336
4666,0.4842934935986573,0.18706146983329106,0.3937008408553929,0.09059265274326436
4667,0.5083282006866715,0.18711309052541145,0.4132133400549668,0.09511486063170468
4668,0.5186467542188083,0.19381829232944564,0.41812352599390923,0.10052322822489915
4669,0.5144798738672081,0.17775487756138642,0.42302856688014495,0.0914513069870631
4670,0.506161370105533,0.1818522468708514,0.4141147876726132,0.09204658243291976
4671,0.49859834446579343,0.1891824263682751,0.4042722998765496,0.09432604458924383
4672,0.5154851448557916,0.1800893876952595,0.4226517407527099,0.09283340410308165
4673,0.5343540864795231,0.1756263087667578,0.44050745069669156,0.09384663578283152
4674,0.5432130768140965,0.1729491617301465,0.44926483053824484,0.09394824627585166
4675,0.5494170895049154,0.17776025222084293,0.4517525691000802,0.0976645204048352
4676,0.545540730417294,0.18192103011659508,0.4462953987692202,0.09924533164807382
4677,0.5232246232966294,0.19815517202758393,0.419544958058218,0.1036796652384114
4678,0.5333353602693124,0.21220622005772824,0.4201582794434349,0.11317708082587748
4679,0.5317850755076465,0.19843165655073153,0.42626208204570837,0.10552299346193815
4680,0.5424394027516466,0.19341854177454704,0.4375215644703669,0.10491783828127971
4681,0.5571965154971817,0.181436164254281,0.45610091698952204,0.1010955985076597
4682,0.5472972901255034,0.15826409338007683,0.46067978069441773,0.08661750943108568
4683,0.5583804971782502,0.16800500845974065,0.4645697770260641,0.09381072015218611
4684,0.5468421804561663,0.21774033587679587,0.42777258041204125,0.11906960004412506
4685,0.5274394120220591,0.2133262757614077,0.4149227265656066,0.11251668545645252
4686,0.5330948229856828,0.20822702128505824,0.42209007593288866,0.11100474705279412
4687,0.5207450868976344,0.21069195622846035,0.41102828584281226,0.10971680105482218
4688,0.5382972178656299,0.19759971163422196,0.43192984284187746,0.10636737502375242
4689,0.5617671615535537,0.20993274826622726,0.44383383744289845,0.1179333241106552
4690,0.5662520778165104,0.2285986641772508,0.43680760924006345,0.12944446857644695
4691,0.6118363067311872,0.22490475126747178,0.47423141434940097,0.13760489238178622
4692,0.5732580678059012,0.22811562507769947,0.4424889453375238,0.13076912246837738
4693,0.5392448136073429,0.2173317897931543,0.4220497731293832,0.11719504047795971
4694,0.5652210701469838,0.21586065491675796,0.44321207977230503,0.1220089903746787
4695,0.5885068954892705,0.22882898428065407,0.4538394603522997,0.1346674351369708
4696,0.5881897977741082,0.24110861620001678,0.4463721695698253,0.14181762820428293
4697,0.609308242531025,0.23390086491692225,0.4667905176020084,0.14251772492901657
4698,0.608925166880444,0.24533202165473997,0.4595363246532147,0.14938884222722923
4699,0.596437835508093,0.245575883683565,0.4499670869908803,0.14647074851721273
4700,0.6159264797997313,0.21548606734616538,0.4832029048933198,0.13272357490641146
4701,0.5833201037477378,0.22375990797078413,0.4527964510156357,0.13052365273210206
4702,0.5865084421877841,0.2308657437788645,0.4511037344495181,0.13540470773826593
4703,0.6013263223299633,0.1988273890954387,0.4817661796667345,0.1195601426632288
4704,0.6059444470980665,0.2018607191351847,0.4836280652508789,0.12231638184718759
4705,0.5850819564100541,0.20790811763144873,0.4634386681927144,0.12164328821733969
4706,0.6051352593765676,0.2104263368471711,0.4777988634488938,0.12733639592767387
4707,0.5922619031183476,0.21108987545331975,0.46724141175334943,0.12502049136499813
4708,0.5892967910675957,0.22574492062172874,0.45626603374540187,0.13303075732219385
4709,0.5818855602964681,0.21326371084835963,0.4577904864185664,0.12409507387790171
4710,0.5746402842141761,0.22258327666657507,0.4467349668491728,0.1279053173650033
4711,0.6022589405286259,0.23549094857257025,0.4604324113372287,0.1418265291913973
4712,0.6257054560835509,0.23024691047792775,0.4816387079511306,0.1440667481324203
4713,0.6135827868342907,0.23088523134479805,0.47191558314686954,0.1416672036874211
4714,0.6174501783988529,0.24320969616152516,0.46728030811558835,0.1501698702832645
4715,0.6333391556265957,0.2212996660701029,0.49318141197730914,0.14015774364928657
4716,0.6164767437444391,0.24331981616924322,0.4664757357839285,0.15000100796051058
4717,0.6384724495812184,0.243846365808239,0.4827832630821542,0.1556891864990642
4718,0.6295438318080835,0.2423953596629844,0.47694532827334973,0.15259850353473375
4719,0.622975853062521,0.2477300402076559,0.4686460199349439,0.15432983312757706
4720,0.6279177295339864,0.24841631431884106,0.4719327214676986,0.1559850080662878
4721,0.6148603017808835,0.23407669401645073,0.47093583505805703,0.1439244667228264
4722,0.6254754544452811,0.21663723841575974,0.48997417929741305,0.13550127514786803
4723,0.6076023388555791,0.22916647135082852,0.4683602548755357,0.13924208398004348
4724,0.6034365569376265,0.20777672567472785,0.478056484984695,0.12538007195293152
4725,0.5990100436174274,0.1906488305285789,0.48480947932689183,0.11420056429053556
4726,0.6088907730462834,0.21503427175548206,0.4779583890856433,0.13093238396064005
4727,0.630026692084619,0.233292861997143,0.4830459619536055,0.14698073013101354
4728,0.6214802723962584,0.21625830318406408,0.4870800032254736,0.13440026917078476
4729,0.6493728792435266,0.24319588505395115,0.49144806714586464,0.157924812097662
4730,0.64206053453501,0.23561282177444856,0.4907828402432055,0.1512776942918045
4731,0.6454098441609848,0.23766923672402707,0.4920157791250703,0.15339406503591452
4732,0.6422631757265634,0.23095744866625365,0.49392771128847063,0.1483354644380928
4733,0.6268124646002526,0.2173995466190813,0.49054371898096877,0.13626874561928387
4734,0.619664401733056,0.21279966476829815,0.4878000247754137,0.13186437695764236
4735,0.6222760866552892,0.21971055868421066,0.48555546000043137,0.13672062665485787
4736,0.630556511777552,0.2327399016750748,0.4838008512258664,0.1467556605516856
4737,0.639473789699665,0.23339964333249086,0.49022083526328686,0.14925295443637807
4738,0.6357794341120139,0.22461297386373377,0.49297512469471266,0.1428043094173012
4739,0.631215429314085,0.23646621849856753,0.4819543036862335,0.14926112562785154
4740,0.6461462511388224,0.23950682901546283,0.49138981144833416,0.15475643969048825
4741,0.6593438909942606,0.22871399661429215,0.508542714541745,0.15080117645251553
4742,0.6564551955419138,0.2503149156795816,0.4921346686224164,0.1643205269194974
4743,0.6488393533541011,0.24454508758689408,0.4901688768582988,0.15867047649580238
4744,0.6707217967709467,0.23873402107200545,0.5105976852071781,0.16012411156376855
4745,0.6519605907529754,0.21292707354314783,0.5131405300984825,0.1388200606544929
4746,0.6360945151449942,0.1896363152898991,0.5154678951167826,0.12062662002821162
4747,0.647069938953819,0.19073814281715476,0.5236490205249579,0.12342091842886115
4748,0.6566064010359126,0.19874578963151565,0.5261086433849225,0.1304977576509901
4749,0.6486609580183731,0.19898615325280936,0.5195864092170149,0.12907454880135813
4750,0.6379369244638137,0.18514941370493815,0.5198232769186072,0.11811364754520652
4751,0.6214844902764775,0.17617511837301011,0.5119943866350292,0.10949010364144827
4752,0.6257601164778305,0.19505231293081388,0.5037041584189741,0.12205595805885633
4753,0.6314260104617372,0.18873306214470786,0.5122550459894772,0.11917096447226
4754,0.6186677791049714,0.20319252925747802,0.4929591082985255,0.12570867080644585
4755,0.6433422488577424,0.2173380428842165,0.5035195035862701,0.1398227452714723
4756,0.6379432570584648,0.22854186236436483,0.49214651700753453,0.14579674005093027
4757,0.6193057601287246,0.22922660502882866,0.47734440325961897,0.14196135686910566
4758,0.6247126351907514,0.22801776813899668,0.482267054386325,0.14244558080442637
4759,0.6245532421009534,0.20647187084906063,0.49560056575952327,0.12895267634143015
4760,0.6222540973785046,0.19261802969137318,0.5023967391740731,0.11985735820443141
4761,0.6273793864158989,0.22260441562750563,0.4877219647260447,0.1396574216898542
4762,0.6116758757068946,0.2158760057994673,0.47962973081539884,0.13204614489149583
4763,0.6224373928831654,0.21659796481135393,0.4876187203621866,0.13481867252097873
4764,0.633757913441459,0.22806608684802016,0.48921922611389923,0.14453868732755984
4765,0.6116153224851267,0.227210509162188,0.47264989365188526,0.13896542883324145
4766,0.6111506581491054,0.2122571796856616,0.48142954308734043,0.129721115061765
4767,0.6220270764718282,0.21085767913748613,0.4908678907663029,0.1311591857055253
4768,0.6273303629416269,0.21594145830327494,0.4918637295300893,0.13546663341153767
4769,0.6142178422449848,0.21842164460280403,0.48005937099744955,0.13415847124753522
4770,0.6259658683232369,0.22659222536134158,0.4841268692196301,0.14183899910360676
4771,0.6052454594369835,0.2295651351536342,0.4663022037402089,0.13894325569677454
4772,0.5984936198280799,0.22375912973826442,0.46457520830144505,0.13391841152663483
4773,0.5935544068941666,0.22853892067267476,0.45790412338206415,0.13565028351210245
4774,0.5987913952161094,0.2296967412581804,0.46125096304152985,0.1375404321745795
4775,0.596183756256762,0.24011538189688186,0.45303086594245207,0.14315289031430994
4776,0.6031471148158083,0.22613072168144885,0.4667570224624259,0.13639009235338242
4777,0.6030634249331002,0.23216329155763757,0.46305423518260935,0.14000918975049081
4778,0.5938082493982694,0.23549045202179109,0.45397207633320247,0.1398361730650669
4779,0.5925493945689905,0.2330162413444878,0.4544757618355725,0.13807363273341802
4780,0.6056377136358693,0.22624391966866148,0.46861586340372385,0.13702185023214541
4781,0.5896694230682753,0.23975738846827796,0.44829182213382945,0.14137760093444582
4782,0.5879314537918041,0.2385422596073224,0.4476849563100891,0.140246497481715
4783,0.5829660965622631,0.24578416187946164,0.43968226311456593,0.14328383344769713
4784,0.5776607591580505,0.24339265367791552,0.43706237406097337,0.14059838509707714
4785,0.5473633324971134,0.21992045458560033,0.42698693959085915,0.12037639290625429
4786,0.5533272657818411,0.22714379970689555,0.4276424081507264,0.12568485763111467
4787,0.542132274273287,0.22833178307876223,0.41834624542392285,0.12378602884936421
4788,0.5445407354535532,0.21229857267043717,0.4289355145558537,0.11560522089769946
4789,0.5364924319333766,0.22660036413334497,0.41492305150248965,0.12156938043088693
4790,0.5514233697695051,0.23660612485819818,0.4209532230920932,0.1304701466774119
4791,0.5447133492487384,0.24650098303272627,0.41044097318787565,0.13427237606086276
4792,0.547329299820587,0.2601811232457356,0.40492454780796466,0.14240475201262232
4793,0.5492029891700836,0.2506403689981026,0.41155054930963286,0.1376524398604507
4794,0.5567640385478997,0.2732100447513123,0.40465051066030666,0.15211352788759303
4795,0.5546871418607617,0.2807289200049668,0.39897041958554824,0.15571672227521346
4796,0.5255448584700503,0.2540277778975006,0.39204186588744694,0.1335029925826033
4797,0.5356327683642274,0.2634251664350522,0.394533617209813,0.14109915115441435
4798,0.5220723139064738,0.28565418040282925,0.37294017496651144,0.14913213893996236
4799,0.5240965256738479,0.25649680125572977,0.3896674432892645,0.13442908238458343
4800,0.5107682155217673,0.24599878692573038,0.38511985410319255,0.12564836141857477
4801,0.5076091350495975,0.2641450851400477,0.3735266768540556,0.1340824581955419
4802,0.5167653792458783,0.2750302580726057,0.37463926362889644,0.14212611561698188
4803,0.5155143869442809,0.2742734444220245,0.3741224803879646,0.14139190655631625
4804,0.4894402977622068,0.2707237964512867,0.356937162215774,0.13250313554643284
4805,0.46722532921492127,0.2446295487787271,0.35292820775108286,0.11429712146383841
4806,0.4742702771155808,0.26314345447202053,0.3494691580419844,0.1248011190735964
4807,0.4815523193599961,0.27487292506439587,0.34918662476596984,0.13236569459402622
4808,0.5037002287299487,0.2781767663176038,0.36358252790841417,0.14011770082153452
4809,0.48642940491304903,0.25998732903419053,0.35996392316601467,0.12646548174703437
4810,0.5001481960220268,0.25465337358289625,0.37278377061361795,0.1273644254084088
4811,0.5096615285298489,0.2705646478703612,0.3717651365301003,0.13789639199974862
4812,0.4947602344913368,0.25732573694945293,0.3674456925375694,0.1273145419537674
4813,0.4693356064738312,0.2519706307983178,0.35107681765450893,0.11825878881932228
4814,0.45902030231052526,0.2433928778900162,0.3472980299212213,0.111722272389304
4815,0.4470645116417232,0.2531852907282888,0.333874353287413,0.11319015835431015
4816,0.4460759571859467,0.25670546870980776,0.3315658195163521,0.11451013766959459
4817,0.4470405302236278,0.2658227133145049,0.3282070035180281,0.11883352670559968
4818,0.43797044692644105,0.2452661842566559,0.33055110659161063,0.10741934033483042
4819,0.4291613655060225,0.23986270528546202,0.326221559371745,0.10293980613427753
4820,0.4415694000740827,0.2284389953822374,0.340697729929622,0.1008716701444607
4821,0.43591228634145335,0.24549434329809525,0.328898285870487,0.10701400047096635
4822,0.4446186358691482,0.22149586309249433,0.3461374473703037,0.09848118849884444
4823,0.4252849532683859,0.21229929110822102,0.33499725917051465,0.09028769409787123
4824,0.4227915267362813,0.23291919257061863,0.32431526570316754,0.09847626103311376
4825,0.4342848268390668,0.2192956113060772,0.33904807025643974,0.09523675658262702
4826,0.40632329977652576,0.20306104853910953,0.32381486447803354,0.08250843529849225
4827,0.40856576506029013,0.19007488039550713,0.3309076761327566,0.07765808892753351
4828,0.4164829667844416,0.1867117059817526,0.33872072154377686,0.07776224524066469
4829,0.4226764978985581,0.17651659080600607,0.3480670834756826,0.07460941442287547
4830,0.42587029044880675,0.16907977508450742,0.35386423752454865,0.07200605292425809
4831,0.4118234066581879,0.1727853851820886,0.340666340711753,0.07115706594643491
4832,0.40411679881144535,0.17672877330241799,0.3326977326865986,0.07141906612484679
4833,0.4341018695259841,0.18571866903142567,0.35348104809356473,0.08062082143241937
4834,0.40188094355228804,0.19069835151821032,0.3252429101102838,0.07663803344200426
4835,0.4174690556044509,0.21076282434824622,0.3294820983672618,0.08798695723718912
4836,0.4267111395687462,0.22283247078557442,0.33162604202691437,0.0950850975418318
4837,0.4375045514785861,0.20748413965902732,0.346729296018143,0.09077525546044306
4838,0.40508566243331684,0.20098376047913505,0.3236700226812873,0.0814156397520295
4839,0.3953138654698227,0.1846867657029031,0.3223046262186886,0.0730092392511341
4840,0.4119681240445281,0.1711254081478685,0.3414699106734965,0.07049821337103158
4841,0.41415065514015836,0.19159767399639915,0.3348003529312192,0.0793503022089392
4842,0.3941620782621622,0.21384801197513056,0.309871301429813,0.08429077683234922
4843,0.4015417998669915,0.18684729074383558,0.3265148024414407,0.0750269974255508
4844,0.40832645048947946,0.17756029501627343,0.3358238854776197,0.07250256501185974
4845,0.41541921463727544,0.17915796229065709,0.34099355464647607,0.07442565999079938
4846,0.4051995063537875,0.19954659172360945,0.3243433258928002,0.08085618046098732
4847,0.3881648271358039,0.20388190509572765,0.3090250426882024,0.0791397844476015
4848,0.37350949955654883,0.20932257544725383,0.29532552915535715,0.07818397040119171
4849,0.375617979295068,0.22642965748769517,0.2905669288970656,0.08505105039800243
4850,0.3858131054996715,0.22791017398850125,0.2978823734981974,0.08793073200147412
4851,0.3776702309107109,0.20216713982220055,0.3013177205315024,0.07635251037920845
4852,0.3613642617609556,0.205965658114446,0.28693563376831943,0.07442862799263615
4853,0.3808873861078902,0.1919118203878883,0.3077905944771405,0.07309679163074968
4854,0.40077152517452647,0.18012296067599795,0.3285833715054555,0.07218815366907096
4855,0.390526743207322,0.20364006296277093,0.3109998526319371,0.07952689057538492
4856,0.3907525533435285,0.1847756634847565,0.3185509910411153,0.07220156230241317
4857,0.39389489444806985,0.17662751720947764,0.32432221720021803,0.06957267724785184
4858,0.3961361607724789,0.1752907105092708,0.3266971716922563,0.06943898908022256
4859,0.3895033964891228,0.19062619926683408,0.3152538444148786,0.0742495520742442
4860,0.3967424653058118,0.21849270945273844,0.3100571291061859,0.0866853361996259
4861,0.4208310504986226,0.21125594439621329,0.3319279894942856,0.08890306100433705
4862,0.40968696371240954,0.2009153162796683,0.3273745778224738,0.08231238588993575
4863,0.4099625402419894,0.2011843636557554,0.32748448746070774,0.08247805278128166
4864,0.40855324239176927,0.21488365663854905,0.32076182773509043,0.08779141465667885
4865,0.4027586722210499,0.20291932524697737,0.3210311542165859,0.08172751800446397
4866,0.41083214745719326,0.19385258008698314,0.33119127568994045,0.07964087176725282
4867,0.4235714810307748,0.20340638919358806,0.3374143355089245,0.08615714552185028
4868,0.415292318516651,0.20494194892595274,0.330181501385871,0.08511081713077999
4869,0.39604563356682704,0.20663855309099408,0.31420733688857183,0.08183829667825518
4870,0.39565599054288575,0.20223565799154095,0.3156402409571504,0.0800157495857354
4871,0.4028499435269146,0.1876340825674756,0.32726156396088263,0.07558837956603198
4872,0.38281191364378286,0.19834613958784855,0.3068826483843017,0.07592926525948118
4873,0.4171032085641075,0.1870429784712494,0.33908698210436206,0.0780162264597454
4874,0.45212059555351625,0.1768099557408219,0.372181173064185,0.07993942248933124
4875,0.44562347089637244,0.17391537581465671,0.3681226974835981,0.07750077341277435
4876,0.45723114261397696,0.17607342944241092,0.37672488728606196,0.080506255327915
4877,0.44568486664430734,0.19435467117463334,0.35906393094014266,0.08662093570416467
4878,0.44435631849669494,0.2062536954689755,0.35270618570176254,0.0916501327949324
4879,0.43355941889598076,0.17964777073231636,0.3556714358113193,0.07788798308466147
4880,0.4294152815015043,0.18622429885136052,0.34944772178782707,0.07996755971367725
4881,0.43065473788757924,0.18653953567923504,0.35032060304396756,0.0803341348436117
4882,0.4413413467447653,0.2001980827097758,0.3529856553059129,0.08835569143885236
4883,0.4462026174779852,0.20603618956191325,0.3542687304002692,0.09193388707771602
4884,0.4198915872341745,0.18721914862558992,0.34127984175714476,0.07861174547702977
4885,0.41849691456208915,0.19018248911645125,0.3389061296631162,0.07959078489897295
4886,0.42537082807604004,0.20059361581499244,0.34004415561004964,0.08532667246599038
4887,0.43494526354739244,0.21956434729672972,0.3394467906468051,0.09549847290058731
4888,0.45061754475104243,0.1853925344222467,0.3670764160745165,0.08354112867652592
4889,0.4457015092920316,0.18990950711766919,0.36105855534078063,0.08464295395125097
4890,0.46047576678889135,0.1840901678969897,0.37570670556822927,0.08476906122066208
4891,0.4410738151589685,0.19125471043643766,0.35671637035964515,0.08435744479932335
4892,0.4471784167175199,0.20747544077615845,0.3543998776034678,0.09277853911405211
4893,0.46376906469785417,0.1943426604826105,0.37363895081494125,0.0901301138829129
4894,0.46018284104447155,0.19921562434945353,0.36850722905089184,0.09167561199357972
4895,0.4475309488260294,0.2092695052324287,0.35387636858900684,0.09365458023702254
4896,0.447485128263538,0.19854849532509672,0.3586376293664546,0.08884749889708338
4897,0.46887802171983534,0.1885525582529565,0.3804698712159751,0.08840815050386025
4898,0.4920487128430107,0.18265383676610505,0.40217412756641135,0.08987458527659938
4899,0.49470980470703296,0.19537015636883573,0.39805827280422373,0.09665153190280922
4900,0.48556078576318956,0.18993970823978162,0.3933335117826502,0.09222727398053934
4901,0.4871405388618045,0.18292414007998942,0.3980307746924062,0.08910976416939825
4902,0.5000685431782513,0.19180193120959224,0.4041544308594954,0.09591411231875598
4903,0.4940755830297873,0.1780682889061044,0.4060963893693872,0.08797919366040015
4904,0.5040021133359439,0.18458704547443344,0.41096985232239147,0.09303226101355244
4905,0.5153339292567282,0.1915678732892879,0.4166125043952044,0.09872142486152376
4906,0.5315291239321996,0.19459938011418482,0.42809388590235786,0.10343523802984177
4907,0.5136564097891558,0.1884017598395913,0.4168826382319926,0.09677377155716323
4908,0.504242112951395,0.1874736638542731,0.40970999656677676,0.09453211638461824
4909,0.5237667446590077,0.1693957059163361,0.4350429072119938,0.08872383744701398
4910,0.5538028859764288,0.1659476362553282,0.46190060609726136,0.09190227987916741
4911,0.5577635995188003,0.16754672819776895,0.4643121333116146,0.09345146620718568
4912,0.5590219980453561,0.16544797934154112,0.466532938061281,0.09248905998407513
4913,0.5561501948489531,0.1705889160542657,0.46127713594630154,0.09487305890265159
4914,0.5612803815618227,0.1901062556809949,0.45457746983590447,0.10670291172591824
4915,0.563036641661428,0.19996378430986403,0.450449704089692,0.11258693757173599
4916,0.5725575811831548,0.19515443038644434,0.46082043256391586,0.11173714861923893
4917,0.5452181224235182,0.1968103052366117,0.43791357732881325,0.10730454509470494
4918,0.553852080318157,0.22518935904208107,0.42913048534718806,0.12472159497096898
4919,0.5548363084939303,0.23354778570731935,0.42525551721514976,0.12958079127878055
4920,0.5447812720810098,0.2236109314857335,0.42296222437499237,0.12181904770601741
4921,0.5490647290512698,0.23025357325435694,0.4226406132392796,0.1264241158119902
4922,0.5538686321515343,0.20178601614485528,0.44210568740207584,0.1117629447494584
4923,0.5454461727344397,0.2219915561457581,0.4243617280553735,0.12108444467906626
4924,0.5539420707742726,0.23652060223684515,0.4229233585904165,0.13101871218385605
4925,0.5209193866637958,0.224017428659354,0.40422436512456444,0.11669502153923132
4926,0.5252787284698396,0.2184622729415442,0.4105251435204742,0.11475358494936537
4927,0.5715638857429446,0.21557070066345824,0.44835145841940927,0.12321242732353535
4928,0.5734607646409273,0.23231702095907728,0.4402360681626325,0.1332246964782948
4929,0.5428333076193997,0.2139839801259213,0.426675675910082,0.11615763170931775
4930,0.5414176459406923,0.22014085715629628,0.4222295012837642,0.11918814465692813
4931,0.547727988714647,0.23564920372036757,0.41865632431868194,0.12907166439596504
4932,0.5413147451490314,0.23188791498563585,0.41579039754544167,0.12552434760358974
4933,0.512313643815624,0.1966114000126992,0.4115869410594269,0.10072670275619716
4934,0.5172797885840322,0.20946053836922301,0.408930085579703,0.10834970300432925
4935,0.527768892772122,0.21496872514793217,0.41431508672016326,0.11345380605195879
4936,0.5141782887385825,0.199303864333684,0.41170056883650225,0.10247771990208025
4937,0.5264035010339692,0.2044478800192448,0.4187814212128658,0.10762207982110333
4938,0.5177519374920714,0.1992121468747033,0.41460946247573865,0.10314247501633272
4939,0.5257242920027421,0.19305288058274986,0.424231703039286,0.10149258896345609
4940,0.5274467586665066,0.20943077301292753,0.41698317627581705,0.11046358239068951
4941,0.5060571321644771,0.20624774553509886,0.40168398954359613,0.10437314262088097
4942,0.5232692538237187,0.1938985806698484,0.42180808819912896,0.1014611656245897
4943,0.5372335023329188,0.2029342898157842,0.42821040307174146,0.10902309926117731
4944,0.5122692634216928,0.1814069339635667,0.4193400669805888,0.09292919644110396
4945,0.533450924150522,0.17236043431092063,0.44150509118037606,0.09194583297014594
4946,0.5378564606689173,0.17262834007642683,0.4450071926642602,0.09284926800465715
4947,0.5218150104833562,0.17366337725541287,0.4311948534602479,0.09062015702310831
4948,0.5453459598899675,0.17335855811966777,0.45080557060705656,0.09454038928291093
4949,0.5634760832312209,0.17794177213720117,0.4632101504241284,0.1002659328070925
4950,0.5532900149703199,0.1824518894848401,0.4523412063058896,0.10094880866443033
4951,0.5408530288671869,0.1736159602436063,0.4469523109097473,0.09390071795743957
4952,0.5700756228495163,0.1806622035407056,0.46708450464068246,0.10299111820883385
4953,0.5605460696132264,0.1843362130373635,0.4572171299077459,0.10332893970548049
4954,0.5398212627928753,0.19257075999631307,0.4358674719546819,0.10395379083819345
4955,0.5622879167410539,0.17996607311595894,0.4610951684046132,0.10119274833644075
4956,0.5612462347111895,0.1890420491979209,0.455147096396769,0.10609913831442054
4957,0.5502273084679438,0.18761873807921162,0.446994355196467,0.10323295327147672
4958,0.5785526110325813,0.21884750941089928,0.4519378130449281,0.12661479798765318
4959,0.590322086225982,0.22029843611306585,0.46027505382739575,0.13004703239858625
4960,0.548626386046359,0.20779948288201525,0.4346221067304968,0.11400427931586228
4961,0.5582599407389457,0.2037255917903637,0.4445281039390506,0.11373183679989508
4962,0.5296068493007786,0.19517852456002965,0.42623896585736665,0.10336788344341194
4963,0.5485116527489673,0.17862674819137758,0.45053279987334116,0.09797885287562612
4964,0.5391752410248465,0.18676603920092244,0.4384756168234332,0.10069962420141328
4965,0.5594840447759372,0.20934894763834377,0.4423566487816507,0.11712739599428645
4966,0.5630119455396713,0.21964059912264153,0.43935166450813384,0.12366028103153742
4967,0.5490639123783201,0.21453574477920165,0.43127007700485487,0.11779383537346522
4968,0.5565218083378598,0.20421835969116828,0.44286983750673936,0.11365197083112047
4969,0.5567409186849891,0.20480723291199165,0.4427163516802363,0.11402456700475276
4970,0.5367551672880482,0.20954770140030032,0.424279355768104,0.11247581151994417
4971,0.5145212025316243,0.1842889588879967,0.4197006257912711,0.09482057674035313
4972,0.5077275914727457,0.19397536441123764,0.40924094689517987,0.09848664457756584
4973,0.5482856595404862,0.18834067135036817,0.44502117033085165,0.10326448920963457
4974,0.540367745606131,0.18007927763631273,0.4430587123194161,0.09730903328671488
4975,0.5573018832369557,0.18289581842956962,0.45537369918999226,0.10192818404696347
4976,0.5506009644922497,0.18688716029900548,0.4477007137803996,0.10290025071185009
4977,0.5304239827526988,0.17020905390235583,0.4401410184812424,0.09028296427145636
4978,0.5356359030340131,0.18479054971701703,0.436655450064187,0.0989804529698261
4979,0.5375329215656159,0.20047801480741062,0.4297693885565137,0.10776353300910224
4980,0.5203147030090747,0.19240365606767,0.42020425184436483,0.10011045116470986
4981,0.5499392943098674,0.19743153554763185,0.4413639349762893,0.10857535933357816
4982,0.5536944090263826,0.1808314850546722,0.4535690267756727,0.10012538225070985
4983,0.526907200184738,0.1637648910088606,0.4406182999747005,0.08628890021003752
4984,0.548841050427525,0.16561361080295783,0.4579455023093343,0.09089554811819067
4985,0.5454117397923666,0.1594407679947712,0.45845087312650734,0.08696086666585924
4986,0.5357760232721245,0.1592711942683267,0.45044233618523843,0.08533368708688606
4987,0.553293603186902,0.1646337778554363,0.46220278703099565,0.09109081615590635
4988,0.562830889028614,0.16094996663353242,0.4722432762191372,0.09058761280947682
4989,0.5315228543301591,0.19467228633115743,0.4280500850404443,0.10347276928971481
4990,0.5128102955368459,0.20136681352680058,0.40954732038085434,0.10326297515599155
4991,0.5568524632439377,0.18946227992457904,0.4513499259761234,0.10550253726781428
4992,0.5552025620990815,0.20664422093312418,0.4404731611940423,0.11472940090503919
4993,0.5414505818896211,0.19069089959111105,0.43820088334495877,0.1032496985446624
4994,0.534841280253965,0.18750113258709566,0.43455793445201435,0.1002833458019507
4995,0.5547532541804164,0.18858953557954208,0.45013259561329205,0.1046206585671244
4996,0.5833623506606883,0.18222915613087518,0.4770567217812674,0.10630562887942092
4997,0.5632965864434493,0.19563952099469203,0.45309351209370774,0.11020307434974155
4998,0.5422265658123614,0.1950673115395743,0.436455887374008,0.10577067843835339
4999,0.570926326900917,0.19456187098197908,0.4598458325462056,0.11108049435471143
5000,0.5414377568565693,0.18561000210162873,0.4409414936685203,0.10049626318804897
5001,0.5194074713574279,0.1751713326381968,0.42842217241751124,0.09098529893991668
5002,0.5492332521325687,0.18555120409644385,0.44732236086956484,0.10191089126300386
5003,0.5446313079351439,0.1813452668135529,0.44586499808263097,0.09876630985251296
5004,0.5374373969461888,0.1858937454134359,0.43753114630261425,0.0999062506435745
5005,0.5303708122648948,0.18910380181081343,0.430075675296114,0.1002951369687808
5006,0.5453316152914193,0.18934811384964245,0.44207410251341017,0.10325751277800907
5007,0.5244711689760906,0.1707100026377704,0.43493869433674764,0.08953247463934294
5008,0.5416473816976515,0.1817684954425144,0.44319295206609205,0.09845442963155941
5009,0.5323510975788378,0.18082896443607582,0.4360865998872482,0.0962644976915896
5010,0.5237361727702615,0.1737975226874434,0.4327121234009872,0.0910240493692743
5011,0.5530969850075655,0.16994530418146783,0.45910074964860204,0.09399623535896348
5012,0.5647713096001645,0.1855497768576544,0.45997811912824876,0.10479319047191578
5013,0.555013090825123,0.20174230968543055,0.44304346797641303,0.11196962284870995
5014,0.5467715162642217,0.19158561023514276,0.4420179616615465,0.1047535546026752
5015,0.5640504254451629,0.1770124319770668,0.46420648787941543,0.09984393756574748
5016,0.5634507760811414,0.1803583104455753,0.46182774608789856,0.10162302999324282
5017,0.5599065834597833,0.17617545708275223,0.4612647851951138,0.09864179826466948
5018,0.5615962017081009,0.1728850520603466,0.46450461313890296,0.09709158856919793
5019,0.5628413723113662,0.16405818320591226,0.470502639336841,0.09233873297452519
5020,0.5799589242141697,0.15694594958223984,0.4889367201346826,0.09102220407948713
5021,0.5531421352236923,0.17428564546676678,0.45673740115136546,0.0964047340723268
5022,0.5587524688063952,0.17371979292660725,0.4616861056281176,0.09706636317827755
5023,0.5679518810513221,0.17320264857993498,0.46958111098727695,0.09837077006404517
5024,0.572008508323726,0.18431539079352005,0.46657853657481996,0.10542997174890602
5025,0.5480875300634334,0.16628627207807534,0.456948097916705,0.09113943214672837
5026,0.5414361668180897,0.17537037735681904,0.4464843019285717,0.09495186488951801
5027,0.5656497815817317,0.18204779088705872,0.4626744884290302,0.10297529315270154
5028,0.5778608440307245,0.1960898901047593,0.46454817462889625,0.11331266940182821
5029,0.5772799032095861,0.2095004886084692,0.45633948142332803,0.1209404217862581
5030,0.5812536765637185,0.2108291155983271,0.4587084779955137,0.12254519856820484
5031,0.5750601655284966,0.20241920932175275,0.45865694150978203,0.11640322401871454
5032,0.5607399485326434,0.1815746426194423,0.4589237927753842,0.1018161557572592
5033,0.5723169193578845,0.18158670230814605,0.46839177729652914,0.1039251420613554
5034,0.5693430716756213,0.18633574312128753,0.4632541073239879,0.10608896435163336
5035,0.5690378949183139,0.19568351102484077,0.45768656173451383,0.11135133318380007
5036,0.5943067685879267,0.1880194311635957,0.48256554802135004,0.1117412205665767
5037,0.5974995831778955,0.19795723602460935,0.47922021716614316,0.11827936601175237
5038,0.5989678952616656,0.2141035713289179,0.47072672977477775,0.12824116548688785
5039,0.5912477601454975,0.22497705733508655,0.4582305789120024,0.1330171812334951
5040,0.5667367720966572,0.20363524108859532,0.4513291928769821,0.1154075792196751
5041,0.5921868818062676,0.2071982043540142,0.46948682325400604,0.12270005855226149
5042,0.6224525323697189,0.1981834336725775,0.4990927522064968,0.12335978016322209
5043,0.6023070437858444,0.18783086045793806,0.48917519349167227,0.11313185029417214
5044,0.5789368368232444,0.19456615960447984,0.4662953198289803,0.11264151699426407
5045,0.5953712669350594,0.20132713218030646,0.47550687718046813,0.11986438975459121
5046,0.5934538234431687,0.2103111058892505,0.46864389354063185,0.12480992990253682
5047,0.5999064484141249,0.20731380957209142,0.47553755720652935,0.12436889120759556
5048,0.6094453113020906,0.18457024192916233,0.49695984275247007,0.11248546854962051
5049,0.6169453503680079,0.20649827241820765,0.48954720134056845,0.12739814902743946
5050,0.6134516156151593,0.22735252352543486,0.4739818427442978,0.1394697728708615
5051,0.6164326314628067,0.24914700712734839,0.46285028623821267,0.15358234522459402
5052,0.5980193761532687,0.239980931852203,0.4545061289983342,0.14351324715493455
5053,0.6071102504240579,0.22667898811774193,0.4694911131820235,0.13761913724203434
5054,0.5978582688770544,0.21725877207077177,0.4679683155084683,0.12988995336858614
5055,0.5872910047700608,0.2173234081235908,0.45965892205310316,0.12763208271695764
5056,0.5969486479681809,0.22333329828020027,0.4636301375135409,0.13331851045464002
5057,0.6091440008474942,0.2350633447531839,0.46595657457194595,0.14318742627554829
5058,0.5991275499020322,0.25783548037567766,0.4446512102667389,0.15447633963529328
5059,0.5761508489852193,0.2669642490649761,0.42233917023773176,0.15381167874748752
5060,0.5760658791714043,0.2753368107036941,0.41745373724513024,0.15861214192627404
5061,0.5660071796069419,0.2712020041722212,0.4125048981216729,0.153502281485269
5062,0.577433154913553,0.22387183071230485,0.44816213740907396,0.12927101750447903
5063,0.5797348139598075,0.23107782571563248,0.44577095365831854,0.13396386030148902
5064,0.5593098527533868,0.21555645938490067,0.4387470011947766,0.12056285155861021
5065,0.5653723786601479,0.22706313252626825,0.4369971553177472,0.12837522334240067
5066,0.5775071146689095,0.20983998547399205,0.45632303011565845,0.12118408455325103
5067,0.5756244600273418,0.20619171433955558,0.4569354657985232,0.1186889942288186
5068,0.572537118296066,0.21933423695845536,0.44696012632420545,0.12557699197186054
5069,0.5731696214561534,0.23415705945125986,0.43895790832918874,0.13421171312696462
5070,0.5741173427893836,0.22611647253833284,0.44429995441476733,0.1298173883746163
5071,0.5785599301177615,0.2560912576921513,0.4303957899636208,0.14816414015414073
5072,0.5359954976640492,0.24931475409830448,0.4023639119661384,0.13363158569791075
5073,0.5190260804967117,0.2610902861697227,0.3835134126102757,0.13551266788643598
5074,0.5249438690694724,0.2477352005018244,0.39489679441334324,0.13004707465612922
5075,0.5001648945756929,0.23564624877025334,0.38230291340236167,0.11786198117333127
5076,0.47432793569565646,0.22118829966019823,0.3694121461178024,0.1049157895778541
5077,0.48540890992282615,0.2073376816219569,0.3847653519007861,0.10064355802204009
5078,0.4878475315713505,0.21322035665191408,0.3838285068979512,0.10401902467339927
5079,0.46378232437991923,0.20441628702731152,0.36897766364128,0.09480466073863926
5080,0.46848518037732473,0.19512575727668977,0.37707165478329263,0.09141352559403208
5081,0.4687019169529107,0.21166293436359274,0.3694950938688167,0.09920682308409402
5082,0.4719006982554507,0.1984320396202244,0.37826048020241354,0.09364021805303716
5083,0.4424029798467573,0.19983479525499004,0.35399547094888306,0.08840750889787423
5084,0.43277019825723134,0.2063384929895365,0.3434730477380513,0.08929715051918005
5085,0.4374991690224783,0.2226480726765247,0.3400908222420424,0.09740834678043592
5086,0.43453335749127947,0.2151883630291226,0.3410268356111825,0.09350652188009695
5087,0.4377601382218298,0.19054365360114003,0.35434772208410226,0.08341241613772751
5088,0.39559063912147346,0.1969117259318537,0.31769420360957906,0.07789643551189442
5089,0.39168356260592835,0.20588425382282105,0.31104208458414256,0.08064147802178577
5090,0.40663830023145836,0.21628749904904618,0.318687519256841,0.08795078097461731
5091,0.4222051398102515,0.21126491463522545,0.33300800698968525,0.08919713282056621
5092,0.4208427179112198,0.19132385579852443,0.3403254664357145,0.08051725147550531
5093,0.394896016192133,0.20712599877134788,0.31310278442751105,0.08179323176462192
5094,0.3819688508585187,0.2157676039972553,0.2995523471071912,0.08241650375132754
5095,0.38885752288496345,0.21464602659433335,0.305390800686391,0.08346672219857246
5096,0.3866495577353901,0.2097930094667356,0.3055331834091003,0.08111637432628983
5097,0.36419555900268386,0.19592822778967597,0.29283936855841763,0.07135619044426622
5098,0.33926392126090815,0.18724735626221822,0.27573764892964975,0.06352627233125842
5099,0.3349321804546125,0.19635895282229518,0.26916524823405674,0.06576693222055571
5100,0.35040527298670915,0.17906573383966087,0.2876596956380574,0.06274557734865177
5101,0.3891769725867245,0.16531931749613257,0.3248385010934761,0.0643384714932484
5102,0.4149438243657165,0.16517117661118808,0.3464070646676849,0.06853675969803157
5103,0.4064821575603681,0.16035155153108044,0.341302112925862,0.06518004463450612
5104,0.39917893142594174,0.17590439558846765,0.3289616027618111,0.07021732866413066
5105,0.40644780060313157,0.16659100044232128,0.33873725487307477,0.0677105457300568
5106,0.3947352975015854,0.1624392322995174,0.33061479881390626,0.06412049868767915
5107,0.39931900914404095,0.17363110516848987,0.32998480827157484,0.06933420087246614
5108,0.42410573553472963,0.198066728005983,0.340104500168795,0.08400123536593465
5109,0.3746778990967397,0.2081586952863976,0.29668543646811385,0.07799246262862587
5110,0.3768095635280646,0.21178235348540847,0.29700794734828156,0.07980161617978306
5111,0.37769461338176047,0.2047970308320023,0.3003438779999349,0.07735073538182559
5112,0.3777516585712903,0.19371149196883541,0.30457682119574353,0.07317483737554675
5113,0.3743439704121944,0.19216195002815006,0.30240930307650704,0.07193466733568739
5114,0.36161802618046807,0.19606044171540396,0.29071903623527295,0.07089898994519508
5115,0.36105500938174145,0.1997027182148003,0.2889513425831375,0.07210366679860399
5116,0.3572987174908155,0.1950421036522762,0.2876104239991465,0.06968829349166898
5117,0.3597686434484191,0.19698571377550872,0.2888993604246858,0.07086928302373333
5118,0.33455341402353594,0.1946901371387122,0.2694191639670694,0.06513425005646657
5119,0.32881074202112076,0.20295435342806706,0.26207717047402124,0.06673357154709952
5120,0.32841056925737694,0.19431882617492346,0.26459421293584506,0.06381635632153189
5121,0.31749208866879347,0.18714289210439097,0.2580757009750517,0.05941638769374175
5122,0.31456580867532385,0.1888949375037626,0.25514591990477803,0.05941988877054584
5123,0.3313487443554841,0.1757021340487604,0.2731300628578484,0.05821868149763571
5124,0.31905097900847684,0.17447182755943727,0.2633855716162402,0.05566540739223661
5125,0.3155442570166041,0.18445467965916928,0.2573406421703158,0.05820361484628829
5126,0.3148109730286723,0.1906010888985251,0.2548076587722031,0.060003314256469154
5127,0.3475524688866058,0.17219835359470864,0.28770450595655606,0.059847962930049715
5128,0.3160496540806983,0.19229119103084164,0.2552760896726353,0.060773564408062974
5129,0.3270739512314064,0.19365014232762096,0.2637360340237872,0.06333791720761921
5130,0.32056093655700063,0.20021026877950993,0.2563813452887121,0.06417959126828852
5131,0.32541975517161775,0.191673766001603,0.26304532516655416,0.0623744300050636
5132,0.30953163844918274,0.1983853256560126,0.2481251035546025,0.06140653489458027
5133,0.30311091306747606,0.19978711032386692,0.24255325963809618,0.060557653429379875
5134,0.30156500104286366,0.19785915424192188,0.24189760498755836,0.05966739605530529
5135,0.3025897105012058,0.20687236719374516,0.23999226080135133,0.0625974496998545
5136,0.32014755804861456,0.19462230065348685,0.25783970375259746,0.062307854296017096
5137,0.3228028732277743,0.1906554694297501,0.26125873989926085,0.06154413332851342
5138,0.3415383037193592,0.1823139002323369,0.2792711234895464,0.062267180229812834
5139,0.3400092048162235,0.19135852256882002,0.2749455457227916,0.06506365909343186
5140,0.3517939298644809,0.21760617538963387,0.2752413982613821,0.07655253160309879
5141,0.3530196757776211,0.21293739980819565,0.2778485839364022,0.07517109184121891
5142,0.315988780646493,0.20309349146674657,0.2518135159206768,0.06417526472581618
5143,0.2997522720048811,0.20677321160504927,0.23777153203652152,0.061980739968359566
5144,0.30015620411513255,0.2220615840086292,0.2335030419793088,0.06665316213582376
5145,0.33071178643671495,0.21121111880587276,0.26086178002112753,0.06985000641558742
5146,0.32368133234835006,0.20369197558713759,0.2577500423016378,0.06593129004671229
5147,0.3556513587539705,0.18932732207804517,0.2883168394076632,0.06733451934630737
5148,0.36040411119824345,0.2085538603793896,0.28524044251124697,0.07516366868699648
5149,0.3666191318477671,0.212083464610608,0.2888652761729594,0.07775385567480775
5150,0.3872413061199908,0.20984631202913356,0.30598014616536595,0.08126115995462482
5151,0.3770031211851675,0.20283167806244823,0.30053494548039944,0.07646817570476805
5152,0.35965259071830424,0.20322418884577767,0.2865624847032944,0.07309010601500984
5153,0.35736189697950765,0.21231717231410124,0.28148782952001544,0.07587406745949223
5154,0.35250394293847126,0.19746555193429863,0.2828965572871095,0.06960738565136174
5155,0.3745037549748204,0.1717647191497675,0.31017722268103703,0.06432653229378336
5156,0.38293869939610414,0.16684141769441638,0.31904866389880215,0.06389003549730196
5157,0.3776278028940048,0.17237181078035985,0.3125354147081564,0.06509238818584842
5158,0.3710151882407343,0.18798422950321342,0.3012701839453102,0.06974500429542413
5159,0.39675359400035365,0.1753987427802961,0.32716351241912756,0.06959008158122607
5160,0.37554134694697155,0.17057096313241,0.31148489770218407,0.06405644924478747
5161,0.3896903035701255,0.17207069464647567,0.3226360223378181,0.06705428123230747
5162,0.4183868313004722,0.17981689189498976,0.3431538116862279,0.07523301961424433
5163,0.4313244476331257,0.18088679263690724,0.3533035517148839,0.07802089591824177
5164,0.4520955989045132,0.1707680622288336,0.3748921095374055,0.07720348936710769
5165,0.4389925538713226,0.17313063869490622,0.3629894926372725,0.07600306123405011
5166,0.4110636002877301,0.1889516603630295,0.3333924504985588,0.07767114978917129
5167,0.41249879951832324,0.174931399495282,0.3403398072284592,0.07215899228986404
5168,0.4270022999452535,0.1748102664320659,0.35235791412471884,0.07464438582053469
5169,0.43416145935451356,0.17389550022268518,0.3586627352026494,0.07549872415186414
5170,0.4498611712153939,0.18956058054252903,0.3645852264362618,0.08527594477913211
5171,0.4534462314739992,0.1720593529832557,0.3754265662738873,0.0780196652001119
5172,0.4736333710344808,0.17071835976471825,0.39277545880164,0.08085791223284078
5173,0.47643306777062533,0.17123781925562317,0.3948497082243169,0.08158335954630841
5174,0.4628096872382027,0.1837055925997663,0.3777889593831962,0.08502072785500653
5175,0.4442932850721186,0.18085898542391451,0.36393885230331724,0.0803544327688014
5176,0.45182097750039174,0.1666520863501701,0.3765240689431782,0.07529690855721355
5177,0.47419927656934246,0.1755216020615486,0.3909670598494641,0.08323221671987835
5178,0.44474389628165034,0.17764473361208846,0.3657374853010943,0.07900641098055608
5179,0.45421534093440247,0.18453989061673262,0.37039449160192595,0.08382084933247655
5180,0.44744572966646406,0.17780960380864133,0.36788558174860164,0.07956014791786241
5181,0.46509045176675123,0.16906879162039046,0.38645817109236513,0.07863228067438613
5182,0.4571951881378884,0.17718955103976933,0.3761849780141931,0.08101021012369532
5183,0.4577087823779079,0.18384161879044436,0.3735628588909501,0.0841459234869578
5184,0.46418255213096277,0.21514469214939766,0.36431613985162503,0.09986641227933772
5185,0.4708319497443861,0.21697880779224396,0.36867139461835147,0.10216055512603461
5186,0.48305500441162447,0.23705855027976733,0.3685426853604182,0.1145123190512063
5187,0.48716989866773486,0.228016103226735,0.37608731676415463,0.11108258190358025
5188,0.4839395732904914,0.20804979428768988,0.3832560446197323,0.10068352867075916
5189,0.46391201829109713,0.19771627331473468,0.3721890628886644,0.09172295540243275
5190,0.4391013784618387,0.2037473978039212,0.3496356152281243,0.08946576323371441
5191,0.4247304870603771,0.19498292084590868,0.3419152961210393,0.08281519093933774
5192,0.4446409815791213,0.18762349025812897,0.3612158887034461,0.08342509287567516
5193,0.4454371500403522,0.20477838319823094,0.35422125063866106,0.09121589940169114
5194,0.4672263621625007,0.17811462913900014,0.3840065119419627,0.08321985022053797
5195,0.47609999775410344,0.16083182300613774,0.39952796718209294,0.07657203057201054
5196,0.49839799882995844,0.15715998845471035,0.4200697750879914,0.07832822374196702
5197,0.5059488958986973,0.1594381615854181,0.4252813340804369,0.08066756181826037
5198,0.504623285700197,0.16614919074632836,0.420780535149356,0.08384275055084098
5199,0.49873091805791864,0.15261882045166497,0.42261519362114314,0.07611572443677551
5200,0.5075900879214323,0.1851379715002837,0.4136158886900077,0.09397419923142464
5201,0.5108920095187882,0.1703144561485001,0.42387971476698144,0.08701229475180676
5202,0.5287876220007286,0.1710260042494204,0.43835118791339106,0.09043643408733752
5203,0.5511315963961558,0.1787363789500755,0.45262433053133244,0.09850726586482336
5204,0.5513824247038407,0.17908906015374665,0.45263586447833587,0.0987465602255048
5205,0.5625808792311633,0.18238870042709956,0.4599724837830564,0.10260839544810692
5206,0.5756328791209849,0.17888931372968997,0.47265830841478634,0.10297457070619857
5207,0.5592477356088258,0.18502221843132388,0.45577447891378636,0.10347325669503943
5208,0.5721709918572476,0.20734648176170878,0.45353334972954,0.11863764212770762
5209,0.5611910172260097,0.20649646380263456,0.4453070566510353,0.11588396057497438
5210,0.5601817591988781,0.21054479885921693,0.44223840338374804,0.11794335581513009
5211,0.5723083645676593,0.20831171858778413,0.4530898255824061,0.11921853898525321
5212,0.5654547631522355,0.21502953620825982,0.4438652876848589,0.12158947546737661
5213,0.549578166072232,0.20230408351739895,0.4383962588638162,0.11118190720841577
5214,0.5625382110551292,0.21173859742467913,0.44342715924852805,0.1191110518066012
5215,0.5652990530304048,0.2211282098256508,0.4402954854176558,0.12500356761274906
5216,0.5442396058402431,0.22128215390411524,0.4238090936199874,0.12043051222025569
5217,0.5402268567269355,0.21067296529908933,0.4264156628860657,0.11381119384086978
5218,0.518530835347991,0.19759000716406463,0.4160743238767931,0.10245651147119797
5219,0.5127508889118256,0.20132440741156954,0.4095216200518968,0.10322926885992882
5220,0.5207464850711209,0.22145531166481366,0.40542440992133955,0.11532207514978131
5221,0.5149160973020064,0.22986786440433077,0.3965534336677816,0.11836266363422479
5222,0.5277558540891326,0.2302926130294315,0.40621757940936687,0.12153827467976573
5223,0.5464962384246038,0.20091862651652206,0.43669496480388664,0.10980127362071716
5224,0.548505384721742,0.17521356378871697,0.4523998015073444,0.09610558321439769
5225,0.5534293044933788,0.18335591301111298,0.45195476908089005,0.10147453541248871
5226,0.5590978483664387,0.18233135288136113,0.45715678128072784,0.10194106708571087
5227,0.5584070350464596,0.18239052789731355,0.45655888114276216,0.10184815390369743
5228,0.5433826496410042,0.20628078083658832,0.4312932523800036,0.11208939726100066
5229,0.5615473876842593,0.21086905908138937,0.44313441841366735,0.11841296927059193
5230,0.5608952419846018,0.1925520558364057,0.4528937100316085,0.10800153195299333
5231,0.5376803876607672,0.1920706771024401,0.43440775153806116,0.10327263612270604
5232,0.5423840399897586,0.19604279592338902,0.43605355632594306,0.10633048366381552
5233,0.5258106565779437,0.17145418591767725,0.435658218507533,0.09015243807041069
5234,0.5776812511792216,0.17525370199075713,0.47644047333941064,0.10124077783981103
5235,0.5688928938027568,0.181371412759674,0.46571198594481156,0.10318090785794518
5236,0.5446865330319308,0.19447500986904054,0.4387586141450126,0.10592791888691822
5237,0.5406086590081398,0.21960093118651838,0.4218904940824573,0.11871816492568249
5238,0.5789415112686557,0.22756505008172762,0.447194657262413,0.1317468540062427
5239,0.5440102464641324,0.2157795854572106,0.42662394099762696,0.11738630546650547
5240,0.5123475754415043,0.18924459125847895,0.41538856794480417,0.0969590074967002
5241,0.5303592483964014,0.19434327515788513,0.4272874950527704,0.10307175334363097
5242,0.5492255291072727,0.20515773860610928,0.4365476615708808,0.11267786753639192
5243,0.5521526295794956,0.21435476100533576,0.4337960846275152,0.11835654495198047
5244,0.561816955243725,0.19377666963716425,0.4529499367109042,0.1088670185328208
5245,0.5263566183898158,0.18244615498567143,0.43032487721333357,0.09603174117648225
5246,0.5268663605004617,0.16091608455085052,0.44208508868717045,0.08478127181329118
5247,0.5308150492784054,0.1683111797333483,0.44147294211414156,0.08934210716426383
5248,0.5464288919747196,0.15772393041281874,0.4602439794413452,0.08618491253337432
5249,0.5462519812960829,0.15255006830452347,0.4629212042378842,0.08333077705819872
5250,0.5557025078089,0.1633160218201965,0.46494738491804377,0.09075512289085622
5251,0.5473122818418912,0.1613432273031183,0.45900715194688657,0.0883051298950046
5252,0.5435765620252457,0.17630265817140356,0.4477425692205221,0.09583399280472364
5253,0.5444328953850471,0.2095393667283989,0.4303527712599557,0.11408012412509143
5254,0.5458953893138193,0.18360953685523684,0.44566378971049975,0.10023159960331958
5255,0.5325955338425953,0.18760334215848282,0.43267883167504306,0.09991670216755222
5256,0.5443264090014962,0.18920287731011312,0.4413382862225317,0.10298812277896453
5257,0.5522033417806704,0.18700508151861728,0.4489385108361233,0.10326483094454715
5258,0.565774026500857,0.19498210895859036,0.4554582136197265,0.11031581288113049
5259,0.5519004991620555,0.17782199169646945,0.45376045318278313,0.09814004597927238
5260,0.5447309160505541,0.18346449445541363,0.44479213392310485,0.09993878212744928
5261,0.5574286225322267,0.18876116261604117,0.4522077476675852,0.10522087486464148
5262,0.5484192536129033,0.17797200952296566,0.45081597698632997,0.09760327662657335
5263,0.5353682902139955,0.18462611526845138,0.4365253225538726,0.09884296766012285
5264,0.5804224475965312,0.1962870802648354,0.4664930200376386,0.11392942755889254
5265,0.5626511140234788,0.19410874134648445,0.45343561446318403,0.10921549956029478
5266,0.5564009677756345,0.18415984953215403,0.4539342492705288,0.10246671850510573
5267,0.5827633616692014,0.18206899130144777,0.4766602242426491,0.1061031374265523
5268,0.5736863288434833,0.1785209491681801,0.4712713008935359,0.10241502794994732
5269,0.5703325880810556,0.19719078862582234,0.45786825525834596,0.11246433282270964
5270,0.570195857239099,0.20152892372165712,0.45528489981915576,0.11491095741994328
5271,0.5743775545025925,0.21439915827002226,0.4512314902880429,0.12314606421454967
5272,0.5616406974572503,0.2029990989100256,0.4476281419622302,0.11401255549502012
5273,0.5680512853593901,0.19779937920652874,0.455691093757832,0.11236019160155807
5274,0.5422057768072781,0.19425050095644697,0.43688203304098483,0.10532374376629325
5275,0.5773277689321688,0.1956373516951677,0.4643808931581995,0.11294687577396921
5276,0.5897155484887552,0.20815755863130067,0.4669617996284175,0.12275374886033769
5277,0.5750094325922541,0.20809122167804225,0.4553550172877341,0.11965441530452005
5278,0.5589656546984962,0.1994131658964248,0.44750054386770133,0.11146511083079493
5279,0.5662036985729166,0.20717152034637998,0.44890241751382204,0.1173012810590946
5280,0.564430661178882,0.20249929453082854,0.4501338504785892,0.11429681070029271
5281,0.5561862733417439,0.2065895219110025,0.44128401703861087,0.11490225630313301
5282,0.5670257716953858,0.2123149326598529,0.44663773316147887,0.12038803853390696
5283,0.6091312632166896,0.2073917323601513,0.4828024753034531,0.12632878791323657
5284,0.6183363787863346,0.21078369383698425,0.4880011528319663,0.13033522595436828
5285,0.6077840427469452,0.22014975939339773,0.47398053197305867,0.13380351077388655
5286,0.615560911764159,0.20761603814646035,0.4877605940258614,0.12780031773829753
5287,0.6090982022011818,0.1858921019763427,0.4958716570839927,0.1132265451171891
5288,0.6264214949256849,0.1985864300228925,0.5020226865587897,0.12439880836689524
5289,0.6299293670576397,0.18469541472673642,0.5135843013603784,0.11634506569726134
5290,0.6117291584002864,0.1807072391780362,0.501185271061067,0.11054388733921934
5291,0.6010582706614251,0.17790945713938136,0.49412432001891565,0.1069339506425095
5292,0.6174453993594609,0.17863344739309878,0.5071489990948718,0.11029640026458912
5293,0.6053883428197125,0.18482585323090045,0.4934969258220183,0.11189141699769424
5294,0.6052334497645353,0.19247148154362118,0.4887432710085984,0.11649017875593692
5295,0.6379272743895714,0.19975011942234513,0.5105012251474834,0.12742604924208803
5296,0.6292915313105947,0.20393216130483607,0.5009587492395952,0.1283327820709995
5297,0.620331173004552,0.20837393662249232,0.4910703244759451,0.12926084852860684
5298,0.6247549528391543,0.2243848069014357,0.4845694333856251,0.1401855194535292
5299,0.6108227679624605,0.18788888349491606,0.4960559600767196,0.11476680788574088
5300,0.6269125635330872,0.16284853978130664,0.5248207679911683,0.10209179554191888
5301,0.6411978383965982,0.16941258487894073,0.5325708551750412,0.108626983221557
5302,0.6368953543770676,0.19000534441941694,0.5158818332095263,0.12101352116754133
5303,0.6298147337610174,0.177353339185136,0.5181149876605036,0.11169974610051384
5304,0.6442265080229405,0.180687555006671,0.5278227954177899,0.11640371260515063
5305,0.6433377271694117,0.201380135172676,0.5137822887103535,0.1295554384590583
5306,0.6326415950106123,0.19149806016661924,0.5114919567853642,0.1211496382252482
5307,0.6600665523282891,0.21257797591287067,0.5197509406665545,0.14031561166173465
5308,0.6713450356865318,0.22904247711863457,0.5175785057115905,0.15376652997494136
5309,0.66114876970938,0.23238542018665384,0.5075074350545765,0.1536413346548035
5310,0.6369804726172213,0.21503541018353894,0.5000071154090726,0.13697335720814868
5311,0.6406623369014224,0.20113243424548913,0.5118043615510357,0.12885797535038673
5312,0.6590400803891959,0.21142147881984252,0.5197048519917642,0.1393352283974317
5313,0.6592265404851325,0.2218924583621903,0.5129491427992845,0.14627739768584802
5314,0.6418820500909849,0.22105960253397142,0.499987859224181,0.14189419086680385
5315,0.633144962925237,0.21252001423973643,0.49858898638854826,0.13455597653668877
5316,0.6465135514711865,0.20534161874386356,0.5137574122722489,0.13275613919893758
5317,0.6358055920560405,0.21901405671218463,0.4965552300595547,0.13925036199648577
5318,0.6312932684956132,0.21230305689190132,0.49726777779871467,0.1340254906968985
5319,0.6509046952279335,0.2149144360002387,0.5110158797631149,0.1398888154648186
5320,0.6609077290098039,0.20795122430735116,0.5234711576080241,0.13743657140177978
5321,0.639188812835297,0.1868989544151909,0.5197250920424928,0.11946372079280417
5322,0.6500848446947421,0.20665733503683015,0.5157400431422952,0.13434480155244702
5323,0.6527830460306155,0.20844026679946784,0.5167167737538247,0.1360662722767908
5324,0.6472163482166926,0.1784241077537158,0.531737348762511,0.11547899945418162
5325,0.6508324495277586,0.189122424413786,0.527745438785906,0.12308701074185271
5326,0.6246319971687929,0.20993197769285665,0.49350176667290935,0.13113023049588354
5327,0.6325547156020535,0.21563168099467267,0.4961558789556756,0.1363988366463779
5328,0.6183226919356288,0.22038394188301566,0.48205429973113745,0.1362683922044914
5329,0.6213117632258277,0.20877184318729722,0.49159936122322206,0.12971240200260564
5330,0.6110296639111571,0.1907324961545005,0.4944864508889366,0.1165432130222205
5331,0.5833952677118339,0.16531615020781196,0.4869506080042577,0.09644465970757621
5332,0.6029126237729208,0.19132169219238976,0.48756236034853195,0.11535026342438884
5333,0.6287841275381486,0.21909462537542462,0.4910209046731647,0.13776322286498388
5334,0.6005607896687314,0.19138681053872897,0.48562137559941243,0.11493941406931896
5335,0.6188974394020325,0.17909038476293507,0.5080588588507272,0.11083858055130529
5336,0.6188539172824208,0.2051281292376557,0.4919095709588829,0.1269443463235379
5337,0.6175629758545796,0.22115516734028198,0.48098573258629757,0.13657724326828208
5338,0.5996392697181822,0.2023239843354819,0.4783178635047809,0.12132140621340129
5339,0.6192368092045542,0.21215414041854364,0.48786315623224025,0.1313736529723139
5340,0.6117801501311708,0.20918727929308217,0.48380352499971785,0.12797662513145297
5341,0.59133919182005,0.1947320880672313,0.4761864762409427,0.11515271557910736
5342,0.6126292277921063,0.23210452193421915,0.4704352137524896,0.14219401403961668
5343,0.6176359419015037,0.23308930193303917,0.4736716113549271,0.14396433054657665
5344,0.6040809683258119,0.2209916238650178,0.4705841341895384,0.13349683413627356
5345,0.6197655553984146,0.23171054318216558,0.47615934191145143,0.14360621348696317
5346,0.599424273444699,0.2246970093934621,0.46473543184382626,0.13468884160087272
5347,0.5550953547126082,0.22285643849458328,0.43138878093646893,0.12370657377613925
5348,0.5676226901985026,0.21562855095887215,0.4452270320196227,0.12239565817887993
5349,0.5780382713800029,0.20679740775716043,0.45850145527418823,0.11953681610581461
5350,0.5411473161706382,0.21560793428982936,0.42447166118460167,0.11667565498603646
5351,0.5546882812396062,0.22809963650097217,0.428164085917503,0.1265241953221032
5352,0.5285584441220772,0.21067085046018544,0.4172065871809668,0.11135185694111041
5353,0.5200444214021208,0.18671172547993772,0.422946030155915,0.09709839124620583
5354,0.5154928907159089,0.21089408748347804,0.406778487924157,0.10871440279175187
5355,0.5151359441377413,0.23736135740633063,0.39286257718841533,0.12227336694932599
5356,0.5005437692753189,0.21781355256533697,0.3915185526750173,0.10902521660030157
5357,0.48189497540827275,0.21055683594704422,0.38042869412752817,0.1014662812807446
5358,0.48046793555803863,0.2305049494969774,0.36971769833731594,0.11075023722072268
5359,0.4753552855942602,0.23280423821767685,0.36469056044874226,0.11066472514551796
5360,0.4721874202776019,0.22180153437690872,0.36745552594655556,0.10473189433104636
5361,0.43960671423937214,0.2231287156597804,0.34151783269572494,0.0980888815436472
5362,0.4583349356203761,0.24365811768876317,0.3466579079361148,0.11167702768426128
5363,0.48337379544690084,0.2507781007722599,0.3621542330616482,0.12121956238525267
5364,0.46945096707263695,0.25013440581988533,0.35202512836235234,0.11742583871028459
5365,0.4479619459739004,0.24922981717893933,0.3363164720757033,0.11164547389819708
5366,0.4556024586927216,0.2317575082076793,0.3500131681328043,0.1055892905599173
5367,0.4592184647274641,0.22923480258493656,0.35394961062230623,0.10526885410515788
5368,0.47546160649097363,0.23217906350869183,0.3650693759615612,0.11039223052941241
5369,0.46625670509620465,0.26340009200487335,0.34344464607597525,0.1228120590202294
5370,0.48294557640439256,0.2738428315621522,0.350694392271398,0.13225118413299458
5371,0.45366330020437157,0.27975265943781213,0.32674978548286404,0.1269135147215075
5372,0.44872517310558374,0.3013130618143871,0.31351841728394947,0.1352067558216343
5373,0.4723767475871982,0.2840310782910063,0.3382070706104078,0.13416967697679044
5374,0.48909873306090906,0.28755146873365406,0.34845767401347527,0.1406410590474338
5375,0.49681740254900353,0.2824827217348483,0.3564750704717232,0.14034233207728028
5376,0.46023056752713787,0.28158926632952436,0.3306345796747505,0.12959598785238738
5377,0.4491834755816368,0.29194530035900346,0.3180464708866547,0.13113700469498205
5378,0.44605341186813874,0.2807825969035792,0.320809376526101,0.1252440353420378
5379,0.4372647407097322,0.29148105104159566,0.30981035450422867,0.12745438620550353
5380,0.45159885623770973,0.2721564432281713,0.3286933177581444,0.12290553847956533
5381,0.44331491127209427,0.2999921177516635,0.3103239322086879,0.13299097906340637
5382,0.43840954767996365,0.3079928157754613,0.3033825566271653,0.13502699105279836
5383,0.4779721422098248,0.3016303791704344,0.3338012237221706,0.14417091848765426
5384,0.46140746555790824,0.3223850937161388,0.31265657653269585,0.14875088902521236
5385,0.4485051189191721,0.3217180994091715,0.3042129044852116,0.1442922144339605
5386,0.44649688719599934,0.31554521787382345,0.30560692964575376,0.14088995755024558
5387,0.4381356117141865,0.32025544447881965,0.2978202966426602,0.14031531507152634
5388,0.48574387719803896,0.29629287612342003,0.34182142676369065,0.14392245043434831
5389,0.43697225040173326,0.30435362102878244,0.3039781637028699,0.13299408669886334
5390,0.41794242026987477,0.3136984950995056,0.28683451199296994,0.13110790827690483
5391,0.42113500598669174,0.3226016725371031,0.28527614869146206,0.13585885729522967
5392,0.41457641799579115,0.3139513824057275,0.28441957845319776,0.13015683954259336
5393,0.43568116238483773,0.3164595619347785,0.2978056925932969,0.13787546979154083
5394,0.4157743558209758,0.33487284492168135,0.27654281444172624,0.1392315413792496
5395,0.444011048517547,0.3113016432859316,0.30578967947692515,0.13822136904062188
5396,0.4470596260398316,0.30000925283120317,0.3129376016606247,0.13412202437920698
5397,0.428088355807319,0.3177989150808918,0.29204234077299024,0.13604601503432878
5398,0.4066057498498004,0.33256527123446616,0.27138279836550805,0.13522295148429236
5399,0.4059530883981436,0.3245752615579619,0.2741907585510537,0.13176232984708988
5400,0.4073472819326845,0.3317434197482717,0.2722125015991724,0.13513478033351212
5401,0.4243594326308896,0.32313961812247904,0.2872320876238721,0.13712734500701754
5402,0.4259244479520783,0.3056123852553589,0.2957566614748717,0.13016778647720662
5403,0.42022450449361565,0.3204203864239079,0.28557600637897607,0.13464849811463955
5404,0.41550710730822293,0.2971663892722508,0.29203236051248066,0.12347474679574227
5405,0.3957999043797368,0.303313012977148,0.2757486428462517,0.12005126153348505
5406,0.386783813492688,0.31862023061949657,0.2635466656377594,0.12323714785492859
5407,0.3927393377888371,0.30625915473938387,0.27245932016472246,0.1202800176241146
5408,0.42567439786560374,0.28010775975335955,0.3064396958951092,0.11923470197049453
5409,0.411828054594209,0.28958393351827616,0.29256926661163857,0.11925878798257043
5410,0.40436076486161143,0.3017798895318863,0.2823328179106453,0.12202794695096615
5411,0.42291554212608157,0.2901254564727447,0.3002169774173339,0.1226985647087477
5412,0.3897994281629497,0.32155811253724703,0.2644562597747734,0.12534316838817633
5413,0.41237876368669846,0.3051875757897394,0.28652588848998517,0.12585287519671332
5414,0.42908187709920775,0.2633535727693831,0.3160816317545381,0.1130002453446697
5415,0.4219378881478681,0.26386346618226414,0.31060389446754716,0.11133399368032093
5416,0.4156139800464523,0.2662958680782144,0.30493769444454055,0.1106762856019117
5417,0.3926883667930203,0.28550786850896476,0.28057274820167855,0.11211561859134177
5418,0.3935001454793345,0.2906519160492106,0.27912857423012283,0.11437157124921167
5419,0.3776289249498814,0.296568644045187,0.2656360267252533,0.11199289822462802
5420,0.38793485804371625,0.28487312027277933,0.2774226445702251,0.11051221347349116
5421,0.36047632422100145,0.2680940139292377,0.26383477953413587,0.09664154468686557
5422,0.3602721271119659,0.29284289205241215,0.25476899548262355,0.10550313162934234
5423,0.3908734277642821,0.3074113389246892,0.2707145039851813,0.12015892377910074
5424,0.42195262750010953,0.3009665660083243,0.2949589941832119,0.1269936333168976
5425,0.3689223143965563,0.3266512371472532,0.2484133839876933,0.12050893040886303
5426,0.3688852807783071,0.327198637858941,0.24818651938143205,0.12069876139687508
5427,0.37847645089284215,0.2752848317648399,0.2742876247818524,0.10418882611098976
5428,0.40646335085400004,0.29191237346557924,0.2878116693794364,0.11865168147456362
5429,0.395921681957045,0.2796629120362036,0.28519707144266615,0.11072461051437885
5430,0.3669084134696629,0.2896318664761137,0.2606400448506548,0.10626836861900812
5431,0.3789298665858922,0.2675311716644903,0.2775543153994995,0.10137555118639274
5432,0.37296123890809313,0.28355968417289484,0.2672044677945827,0.10575677111351046
5433,0.3855910827941782,0.2917885105996956,0.273080035045141,0.11251104774903717
5434,0.3893372530849245,0.3154115394243866,0.26653579073414646,0.12280146235077806
5435,0.3976036992282498,0.31295139640670033,0.2731730663382993,0.12443063288995046
5436,0.4214827534127213,0.3031853484530885,0.2936953579523182,0.12778739546040307
5437,0.4428037767622846,0.2848825882036472,0.31665669077189496,0.12614708599038965
5438,0.445590451351,0.2773594999868758,0.3220017065653603,0.12358874478563968
5439,0.44996003181849153,0.27920084503086934,0.32433081070465186,0.1256292211138397
5440,0.4427161439358559,0.30557302071038994,0.3074340345161206,0.13528210941973526
5441,0.4560656959836432,0.34859517551053504,0.2970833946478908,0.15898230133575242
5442,0.447787188198966,0.3423398909215739,0.2944917710348537,0.15329541716411232
5443,0.431497429935083,0.3327668870350606,0.28790937341195627,0.14358805652312673
5444,0.4245413848181291,0.3295624987118933,0.28462846523085905,0.13991291958727006
5445,0.4338435122889848,0.32882160999254983,0.2911863900932983,0.14265712219568658
5446,0.3990384592166185,0.299469968928673,0.2795384242336722,0.1195000349829463
5447,0.40900938566485895,0.2716346447764385,0.29790826647955565,0.1111011191853033
5448,0.44589038948532717,0.2569080465608213,0.33133756054240804,0.11455282894291915
5449,0.4806932106507587,0.25393577724240685,0.3586280065890103,0.12206520406174841
5450,0.4439755183229378,0.27176166753912245,0.32331999111695003,0.12065552720598778
5451,0.48503100202853844,0.2586611369854353,0.3595723315706517,0.12545867045788672
5452,0.5000120216147973,0.26971097090923885,0.36515329379877903,0.1348587278160183
5453,0.47761257054584455,0.27263673312459474,0.3473978396129854,0.1302147309328591
5454,0.5001605055655484,0.2595302545117458,0.37035372225939817,0.1298067833061502
5455,0.4992014306016624,0.2606979081113468,0.3690606619176173,0.13014076868404506
5456,0.48722446417939475,0.26101208259493264,0.3600529920927308,0.127171472086664
5457,0.4948875525312178,0.26079847356965813,0.3658216342424522,0.1290659182887656
5458,0.5196840988137282,0.2618029498561646,0.38362926875095166,0.13605483006277658
5459,0.5045335270043947,0.24587292498692637,0.38048239296585373,0.12405113403854093
5460,0.5000505178427241,0.25161956936507274,0.37422802188235627,0.12582249596036787
5461,0.49755657463997793,0.2474416486047498,0.37444035553692956,0.12311621910304839
5462,0.5018559052231742,0.2561637732350681,0.3732986029209052,0.12855730230226906
5463,0.504028365900121,0.26793007443030853,0.36898400830951483,0.1350443575906062
5464,0.5144137514424888,0.2691182911087333,0.3759756017314535,0.13843814971103527
5465,0.49227621393710835,0.2827625151611185,0.35307895353025875,0.13919726040684963
5466,0.45622562595421207,0.28888081522743936,0.32443079520091045,0.1317948307533016
5467,0.44148648381937367,0.29804368945657067,0.3099042233366389,0.13158226048273472
5468,0.4358477677348472,0.28274339092480205,0.31261469195849095,0.12323307577635621
5469,0.4367626340909004,0.2626753298936046,0.3220358650958734,0.11472676899502697
5470,0.4281823133543226,0.2711827555229841,0.3120666537526916,0.11611565960163103
5471,0.42123482919562033,0.2834171484667901,0.3018496550701022,0.1193851741255181
5472,0.4272003442510474,0.28569714548979713,0.30515042534626446,0.12204991890478292
5473,0.4492067974146052,0.29303144050591595,0.31757508248315425,0.13163171493145093
5474,0.44230510284702745,0.2888862462466735,0.3145292419898008,0.12777586085722661
5475,0.45534296876984265,0.3025421682968723,0.3175825196794795,0.1377604490903632
5476,0.4539959912153529,0.317315423238239,0.3099360611143893,0.14405993010096355
5477,0.47264177731647683,0.3151000010305421,0.32371235279697774,0.1489294245194991
5478,0.47951606694880694,0.3190803827415862,0.32651189677604153,0.15300417017276538
5479,0.46258595979518463,0.3056322185027065,0.3212047866547786,0.14138117314040607
5480,0.498899342844498,0.2691789497853085,0.3646061416890355,0.13429320115546253
5481,0.5293298039934946,0.2609837168234686,0.39118334432183427,0.13814645967166034
5482,0.5064581187140094,0.2782056261658163,0.36555862067041706,0.1408994980435923
5483,0.5185277820436607,0.29239911407786406,0.3669107179493345,0.15161706409432618
5484,0.5076723428849644,0.2870606524794974,0.3619395888906114,0.14573275399435304
5485,0.5084153692050661,0.2987197980416852,0.35654163279483997,0.15187373641022617
5486,0.49653583437227744,0.28040080392254546,0.35730678723793896,0.13922904713433848
5487,0.513847689607212,0.25501168637987054,0.38281052373807667,0.1310371658691354
5488,0.527606543097898,0.2432403246183718,0.39927135628398835,0.12833518681390968
5489,0.5162324170090833,0.2605744031072589,0.38171546308232385,0.13451695392675944
5490,0.5216767486584926,0.27048982818277906,0.3805684945469061,0.14110825411158648
5491,0.5276429253988003,0.27168808145474393,0.3842886313040317,0.14335429409476863
5492,0.5316206369722076,0.2688548036126076,0.38869187502263536,0.14292876194957224
5493,0.5199793947863569,0.2757220928007747,0.37660958784258236,0.14336980694377457
5494,0.5172411853999019,0.2864964099549801,0.36905344270197177,0.14818774269793017
5495,0.5263995002157875,0.296159700432516,0.37050118192405374,0.15589831829173378
5496,0.5236198138698122,0.2969510303304291,0.36813037063974396,0.15548944323006822
5497,0.49884999548321984,0.28404469243684355,0.35715430194406783,0.14169569353915198
5498,0.4921864816194617,0.26051362178280996,0.36396519870023736,0.12822128291922438
5499,0.5136106346338379,0.2624016637059576,0.37883834960884616,0.13477228502499178
5500,0.5329696448572783,0.2800050874847282,0.3837354328223116,0.1492342120349667
5501,0.5374356552005053,0.2758657964071749,0.3891755401610061,0.14826011503949924
5502,0.5245628120695925,0.2735971332303374,0.3810439304881078,0.14351888158148476
5503,0.5442340949054567,0.2774956603432424,0.39321149535836014,0.15102259954709657
5504,0.5332630948839467,0.2581570732186712,0.39559745505317645,0.13766563983077026
5505,0.5414839842463376,0.2594416181283647,0.40100050318287384,0.14048348106346376
5506,0.5244765511697291,0.26465041845706977,0.3856736124317396,0.13880293873798957
5507,0.5045675317279501,0.24543340691062526,0.3807298033994743,0.1238377283284758
5508,0.5302915309462874,0.24706323110334824,0.39927599188395646,0.13101553906233096
5509,0.5265099418791119,0.2668532832550073,0.3860090352222678,0.1405009066568441
5510,0.5138562932167104,0.29324341015549005,0.3631713214639829,0.15068497175272758
5511,0.5222820031837473,0.29183959557527356,0.36985943459835874,0.15242256858538855
5512,0.525751464652738,0.29863671183308715,0.3687427760074148,0.15700868864532325
5513,0.5340738609640453,0.26317186888849453,0.39352064484964355,0.14055321611440177
5514,0.5432651827267811,0.2641466979946573,0.3997634785740378,0.14350170415274335
5515,0.547484331984446,0.26979255379254397,0.3997771358969574,0.14770719608748864
5516,0.5549449824271194,0.2669960771835144,0.4067768490664042,0.14816813336071524
5517,0.5359295878393907,0.25098884180759695,0.4014172412971593,0.13451234654223146
5518,0.5007150808295142,0.2519780394730806,0.37454587642748816,0.12616920440202609
5519,0.49860789335815486,0.2618967986837357,0.3680240822892126,0.13058381106894226
5520,0.5154218741590486,0.2590839128882461,0.3818843582137291,0.1335375159453195
5521,0.5094966516708278,0.250227287402311,0.38200668658267645,0.12748996508815136
5522,0.5365730519761941,0.2320101687713848,0.41208264762902025,0.12449040434717382
5523,0.5217027164435759,0.24928778725360737,0.3916486006571607,0.1300541157864152
5524,0.5456302678515516,0.2673183131835435,0.3997733050275898,0.14585696282396177
5525,0.5458376613106374,0.27294706341573066,0.3968528745541887,0.14898478675644866
5526,0.5287057524732327,0.28427438301375,0.37840825089308405,0.15029750158014865
5527,0.5158621124541313,0.266228758124517,0.378524782891978,0.1373373295621533
5528,0.5187711419211842,0.2684117766267146,0.37952685805544967,0.13924428386573456
5529,0.5318293412025327,0.27062606766188263,0.38790245792568157,0.14392688327685108
5530,0.550904238347778,0.27031596495164917,0.40198602756284507,0.14891821078493295
5531,0.5386380413538762,0.2760334463201677,0.3899559264798207,0.14868211487405544
5532,0.5388526659709567,0.2749334598969177,0.3907040381408835,0.1481486278300732
5533,0.5206298114700876,0.2601072223337059,0.3852102373444821,0.13541957412560546
5534,0.5237570378914159,0.2578903391080792,0.3886851577793556,0.13507188011206034
5535,0.5379266205262732,0.2672150414803557,0.39418453630895756,0.14374208421731563
5536,0.5834159092092207,0.2531655180954847,0.4357151182891201,0.14770079092010063
5537,0.5794656422039118,0.24227654640054547,0.4390747076529739,0.14039093455093793
5538,0.59750970149721,0.2418946676381495,0.4529752908429725,0.14453441065423756
5539,0.5652909114979522,0.2640533248729444,0.4160239667964606,0.14926694470149163
5540,0.5774638569870278,0.2643322457836697,0.4248215388107469,0.15264231817628093
5541,0.5905509526849148,0.25056987132690917,0.44257667645867205,0.1479742762262427
5542,0.5905016937757607,0.24731671466931401,0.44446075486447423,0.14604093891128644
5543,0.5843243412638034,0.25648105134506244,0.43445621988995203,0.14986812137385136
5544,0.5895850161196831,0.25366174004282355,0.44002985502758807,0.149555161092095
5545,0.6079941834712614,0.22435639950689978,0.4715867975465118,0.13640738592474966
5546,0.6278087448372516,0.24731896144183482,0.4725397380800006,0.15526900675725094
5547,0.6180359113828436,0.26913505844744473,0.4517007802502022,0.1663351311326414
5548,0.6119352162847926,0.23659375644277056,0.46715516476435426,0.14478005152043835
5549,0.5794831601864544,0.23990981980677664,0.4404594596450606,0.13902370054139376
5550,0.5707456584505881,0.23245750691518277,0.4380715456045,0.13267411284608813
5551,0.5876079946103774,0.22976468648190876,0.45259642795446087,0.1350115666559165
5552,0.5618611233000647,0.2554775786161059,0.4183182040008388,0.14354291929922586
5553,0.5778852001236183,0.23718468462506215,0.440819681182807,0.13706551894081134
5554,0.5873789795938713,0.23010521895426458,0.45222001088529107,0.13515896870858027
5555,0.6159446149786232,0.2402408480892018,0.4679695583001819,0.1479750566784413
5556,0.5848019333895725,0.24048712164055353,0.44416459969888356,0.140637333690689
5557,0.5979000409832025,0.23053953353641846,0.4600604444335295,0.13783959654967298
5558,0.6041143239630089,0.2362381127160456,0.4613994962052579,0.142714827757751
5559,0.6095372870753173,0.24523275277390733,0.4600587802474978,0.14947850682781946
5560,0.5996805516630789,0.22018371174299212,0.46764066193781706,0.13203988972526184
5561,0.609465280353359,0.2222929469781665,0.4739854471027364,0.13547983325062263
5562,0.6063795829916894,0.22352733244450723,0.4708371723567444,0.13554241063494502
5563,0.6231576229648935,0.2162102333328533,0.4884245679005077,0.13473305506438585
5564,0.6007989925511994,0.23112843809910005,0.4619372597913278,0.13886173275987157
5565,0.5846937406936816,0.24588467489316485,0.44092651035114727,0.14376723034253433
5566,0.5971154790417117,0.21586023313754066,0.46822199252573354,0.12889348651597815
5567,0.5872810008873223,0.21789062550938715,0.4593179762542047,0.1279630246331176
5568,0.5827241137294545,0.21212327637153497,0.4591147655044637,0.12360934822499085
5569,0.592647190859438,0.21150579857831583,0.467298873481517,0.125348317377921
5570,0.5985511425803389,0.23081295009265881,0.46039778758003924,0.13815335500029968
5571,0.6057280848035753,0.21378341419586971,0.4762334667599417,0.12949461804363363
5572,0.6183554975685944,0.20455584279738853,0.49186726761505206,0.12648822995354236
5573,0.601072370901138,0.21622634032792215,0.4711046918689574,0.1299676790321805
5574,0.611358364340256,0.22178358362385714,0.47576911541845435,0.13558924892180169
5575,0.6153411985252523,0.24283574747312792,0.46591435863036224,0.14942683989489003
5576,0.599148555969153,0.24653733170855496,0.45143606968348415,0.14771248628566877
5577,0.6094302966196469,0.2517610995328146,0.45599945505407524,0.15343084156557166
5578,0.617641329475761,0.24527595671220606,0.46614876148359485,0.15149256799216615
5579,0.6096801054969166,0.2504119670913174,0.4570089109829918,0.15267119451392483
5580,0.6121666199023524,0.24728297783233008,0.46078823520334655,0.15137838469900586
5581,0.6014050608622425,0.21414439423158915,0.4726175384160856,0.12878752244615693
5582,0.6175964492092176,0.20861373008768314,0.4887573502507744,0.12883909895844323
5583,0.6103895845772974,0.21712130062741136,0.4778610040844493,0.13252858049284813
5584,0.6149356148274913,0.20321601663645134,0.48997084869436136,0.12496476613312989
5585,0.6384852402308036,0.2187446444612033,0.49882001336279047,0.1396652268680131
5586,0.6369844041435313,0.23574356443160063,0.486819430223396,0.1501649739201353
5587,0.6278141068207609,0.23939357839761577,0.47751944122043594,0.15029466560032495
5588,0.6334261288678975,0.24112749736693828,0.48068967164715365,0.15273645722074386
5589,0.6475245050494205,0.24566262249576434,0.48845193700870804,0.15907256804071243
5590,0.6458079594285845,0.23608553946690264,0.49334203893486755,0.15246592049371693
5591,0.6595782532960002,0.2214200153832363,0.5135344263047517,0.1460438269912485
5592,0.6468169347763759,0.2231106434880954,0.5025051922394213,0.14431174253695467
5593,0.6518383130405858,0.2265412025264985,0.5041700777515273,0.14766823528905848
5594,0.6550622391559985,0.2133575496340319,0.5152997649518924,0.139762474204106
5595,0.6594516861805316,0.2043936660819742,0.5246639384381532,0.13478774774237842
5596,0.6470157776447439,0.20398112211287217,0.5150367732960365,0.13197900434870746
5597,0.6486631678778941,0.208861505699776,0.5131824019429306,0.13548076593496353
5598,0.648203897546626,0.21222273808530728,0.510640291571713,0.13756360597491296
5599,0.6460619997032376,0.20606441619924412,0.5129316109058737,0.13313038879736389
5600,0.6473417314647855,0.21714836064534807,0.5067725356998862,0.1405691957648993
5601,0.6513528827967718,0.22976700911338668,0.5016934790391753,0.14965940375759657
5602,0.6671891336346155,0.2461992568115575,0.5029276647810262,0.16426146885358925
5603,0.6619491542135455,0.23951357254716318,0.5034033474432862,0.15854580677025934
5604,0.6571865842396738,0.23351776142333522,0.5037218442505771,0.15346473998909674
5605,0.6576414063739905,0.240975978139342,0.4991656252080856,0.15847578116590486
5606,0.6546735091312073,0.24078595622489102,0.49703732221994457,0.15763618691126266
5607,0.6640269885719394,0.2387104008570536,0.5055168399500296,0.15851014862190982
5608,0.6389267017636436,0.2087452480441546,0.5055537889219582,0.13337291284168537
5609,0.6452977723013915,0.21846377438379494,0.5043235853629748,0.14097418693841668
5610,0.645024092243095,0.21748195891520292,0.5047429891145662,0.14028110312852884
5611,0.6523289317757607,0.20396464397741884,0.5192768934499477,0.13305203832581297
5612,0.636344073232933,0.22436071335207702,0.4935734630250258,0.14277061020790718
5613,0.6289612404493123,0.21615831468424748,0.49300603871207527,0.1359552017372371
5614,0.6436904192529053,0.21506239257875068,0.5052568176083563,0.13843360164454893
5615,0.6469882328134069,0.21038328036417991,0.5108727260370987,0.1361155067763083
5616,0.6315791552095007,0.2291345778055259,0.486862532129801,0.14471662307969965
5617,0.6408385433751662,0.23038300847269202,0.4932002318071377,0.14763831156802854
5618,0.6400470446349009,0.21740756670402842,0.5008959740847224,0.13915107055017847
5619,0.633546218636945,0.23607880884053906,0.48397938199570734,0.1495668366412377
5620,0.6370213832994193,0.24623579376120155,0.4801639173398281,0.15685746595959113
5621,0.6203002200105115,0.2562196157616629,0.4613671359825433,0.15893308402796824
5622,0.6393180581865936,0.2631785755064915,0.47106324233746966,0.16825481584912394
5623,0.649690811085841,0.2564010120043705,0.4831094296334911,0.1665813814523499
5624,0.6490450216030639,0.2687391881951463,0.4746211893953553,0.17442383220770857
5625,0.638330797310323,0.24259413236706384,0.48347549137364915,0.1548553059366739
5626,0.6291201908847861,0.2183394765876856,0.49175841769625706,0.13736177318852905
5627,0.651671097449661,0.23810326085276626,0.4965060841433959,0.1551650133062651
5628,0.64024966233546,0.25468509505188514,0.477187616226616,0.16306204610884398
5629,0.6455228161587369,0.2571445192400184,0.47953016193913567,0.1659926542196012
5630,0.6441768579034275,0.25734795094644913,0.4783992634748585,0.165777594428569
5631,0.6408200513693821,0.25882127892483414,0.4749621861132807,0.1658578652561014
5632,0.6312518541349996,0.2900258523866741,0.4481724970688279,0.18307935706617173
5633,0.6332220465891416,0.2935785972530151,0.44732160640181806,0.18590044018732357
5634,0.5953298286897476,0.2800441507878322,0.4286111923756616,0.16671863631408598
5635,0.6106928747059169,0.2844999725605374,0.43695076860916787,0.17374210609674906
5636,0.5869162948006387,0.26146027809870226,0.43346099714140374,0.1534552976592349
5637,0.6122874112516007,0.26677267122850634,0.44894586299242417,0.16334154825917652
5638,0.5895211643161072,0.27966658805725164,0.42465179170428313,0.16486937261182413
5639,0.615357679360708,0.2809562139764784,0.44246911552617174,0.17288856383453624
5640,0.6117649867599191,0.300652854984164,0.4278360969112001,0.18392888984871897
5641,0.6394544164535053,0.311447187141122,0.4402981371440935,0.19915627930941185
5642,0.6296373600866926,0.2979120919846507,0.4420607769515732,0.18757658313511938
5643,0.6439083875964979,0.2931166561709732,0.45516811414376945,0.18874027345272845
5644,0.6126446853913433,0.3044858313504949,0.42610305903749773,0.18654162635384558
5645,0.618980550408896,0.29262059083753433,0.43785409603130265,0.18112645437759337
5646,0.6356269902882781,0.3078520435755633,0.4399479223762469,0.19567906791203113
5647,0.637781814346599,0.3248685693219005,0.4305865487802934,0.20719526556630558
5648,0.6057185762002377,0.28418528435424745,0.4335822703841232,0.17213630581611447
5649,0.6189073587696851,0.28821825316878597,0.44052696095177934,0.17838039781790574
5650,0.5874962743282921,0.28246686517576497,0.42154804341633817,0.16594823091195393
5651,0.5906005172394649,0.27209428518283774,0.4299014916725785,0.16069902556688645
5652,0.6182285347807904,0.2801272422825892,0.44504588023224184,0.1731826545485486
5653,0.5920470208877365,0.28304080268488385,0.4244735568684774,0.16757346401925916
5654,0.5665075818819528,0.28133550269672813,0.4071288865516858,0.15937869533026708
5655,0.5729647295911164,0.2760178763987782,0.41481622167797627,0.15814850791314014
5656,0.5614732228092144,0.2787326394029789,0.4049723094615052,0.1565009133477092
5657,0.5589791145133346,0.26681589229586056,0.4098346032997092,0.14914451121362537
5658,0.5565936121711181,0.25618328235400245,0.4140036336678504,0.14258997850326768
5659,0.5511329285586357,0.25925185753247315,0.4082506930824976,0.14288223547613813
5660,0.5401937341623978,0.2470822415313102,0.4067214554643839,0.13347227869801395
5661,0.5415978427338494,0.25612428383023605,0.4028814831396414,0.13871635959420797
5662,0.5466125768524548,0.26618204279312635,0.4011141245294536,0.14549845232300118
5663,0.5198419376920939,0.2516843053365393,0.3890058807192587,0.13083605697283518
5664,0.5140354892147664,0.2547789848528327,0.383070049094299,0.1309654401204674
5665,0.5206181884147871,0.24767863149321478,0.391672187977736,0.12894600043705112
5666,0.5168469411594592,0.2555796051315984,0.3847514040244501,0.13209553713500904
5667,0.5003545516778527,0.25311092277491115,0.37370934938804445,0.12664520228980827
5668,0.5078510694568368,0.2590382279533123,0.3762982283605433,0.1315528410962935
5669,0.4899786591219045,0.25833542032674384,0.36339981626651296,0.12657884285539153
5670,0.49811097431204177,0.257363491900898,0.3699153946089362,0.12819557970310558
5671,0.49941501059128357,0.2665671951570206,0.36628735199865137,0.1331276585926322
5672,0.48630022977226645,0.2860997522286962,0.34716985452566296,0.13913037524660346
5673,0.4867746154429207,0.2636519374018954,0.3584355450033321,0.12833907043958864
5674,0.4629843513116288,0.24897814426785503,0.3477113666970028,0.11527298461462598
5675,0.47044685360581967,0.2740137051939078,0.3415379681524731,0.12890888545334656
5676,0.48714404453181975,0.2698606060864893,0.35568305742303913,0.13146098710878062
5677,0.45243259217956483,0.25137937177437414,0.3387003713872142,0.11373222079235062
5678,0.4461322231043894,0.24022877336164733,0.3389584263909171,0.10717379671347224
5679,0.4624050593220732,0.23767115968360003,0.35250471262943217,0.10990034669264101
5680,0.4500338682133189,0.24576783998595803,0.3394300165020062,0.11060385171131269
5681,0.4451555111281738,0.24053159350536726,0.3380815466788179,0.1070739644493559
5682,0.44755079950368376,0.256123953251763,0.3329223194538131,0.11462848004987067
5683,0.4551235571080593,0.2665950556502004,0.3337898670731191,0.12133369003494024
5684,0.44085874985608287,0.2621715448883774,0.3252781303287549,0.11558061952732797
5685,0.44319658463997086,0.2552733277191751,0.3300603176451524,0.11313626699481841
5686,0.41150536589115094,0.2465543341411909,0.3100469344083311,0.10145843148281986
5687,0.4280185069759781,0.242435454600324,0.3242516456599049,0.1037668613160732
5688,0.44091262599236036,0.2488753005919352,0.33118036366373216,0.10973226232862818
5689,0.43678180576070613,0.2426465843605171,0.33079819248205194,0.10598361327865417
5690,0.40079068280222946,0.25198197618309165,0.29979865451395304,0.10099202828827643
5691,0.40634928488457706,0.2629081512047731,0.2995167456521912,0.10683253923238582
5692,0.40784845219260646,0.2676557214854929,0.2986854804642528,0.10916297172835362
5693,0.43195172175035906,0.272313829838277,0.314325294095281,0.11762642765507807
5694,0.4288585239372844,0.2629776551267924,0.31607831493112,0.11278020900616441
5695,0.42172205604118285,0.2766072760755952,0.3050706668586317,0.11665138918255111
5696,0.40431035738719046,0.2617150639913747,0.29849624633122634,0.10581411105596411
5697,0.39487932813723525,0.2461391842847638,0.2976840524186206,0.09719527571861467
5698,0.41463748211387813,0.23712669751294918,0.3163158653151297,0.09832161679874846
5699,0.4105176699721633,0.27195289903816716,0.29887619951683997,0.11164147045532336
5700,0.4235638990826798,0.3069197787803243,0.29356376087689207,0.13000013820578768
5701,0.42506811104894254,0.27443346981324696,0.30841519442681864,0.11665291662212389
5702,0.4079763993711859,0.28364912016971305,0.2922542526395415,0.11572214673164435
5703,0.41772627464371714,0.26215217868208207,0.3082184216531169,0.10950785299060023
5704,0.4250163682624112,0.24590897385373464,0.32050102927196067,0.10451533899045053
5705,0.3941717177064014,0.26395227519104236,0.2901291960018355,0.10404252170456593
5706,0.424135307547017,0.25685110706988173,0.3151956842561409,0.10893962329087609
5707,0.4090461348977181,0.2639521785780463,0.301077516452536,0.10796861844518212
5708,0.40350397401797544,0.25796601178638356,0.2994136631006018,0.10409031091737365
5709,0.41743735601674004,0.25922698352134904,0.30922632940739303,0.10821102660934698
5710,0.421669598288521,0.2357603754459724,0.32225661548186696,0.09941298280665407
5711,0.4167332739595082,0.24067760490001688,0.3164349077007912,0.100298366258717
5712,0.392405405036019,0.2451211195816992,0.29621855282367987,0.09618685221233912
5713,0.4083172294211624,0.2317223370879035,0.313701006746433,0.09461622267472941
5714,0.4080638476817594,0.25230817893872787,0.30510600138244426,0.10295784629931515
5715,0.41749803916076744,0.2474854496154046,0.3141733492255151,0.10332468993525233
5716,0.4001445416107096,0.2505703461108859,0.2998801853249323,0.10026435628577729
5717,0.4242754065251223,0.2411357929349886,0.3219674199498723,0.10230798657525
5718,0.43109801583859325,0.2514280929647502,0.32270786383540806,0.10839015200318518
5719,0.4281138798882014,0.24573448857400498,0.3229115345624412,0.10520234532576016
5720,0.4213662868998954,0.2296684896514219,0.3245917281975687,0.0967745587023267
5721,0.4184534286632286,0.23432179821756013,0.32040066878855733,0.09805275987467124
5722,0.40932167874988123,0.23046191458674659,0.31498862098332236,0.09433305776655886
5723,0.4191265986716169,0.22404776628217185,0.3252222204497968,0.09390437822182006
5724,0.4132102133904921,0.24435036617465894,0.31224214644141635,0.1009680669490757
5725,0.4651216432140698,0.23776116818051016,0.3545337779774541,0.11058786523661569
5726,0.4392002916900131,0.23074813528471075,0.33785564336604157,0.10134464832397157
5727,0.4303866654839734,0.2474768456746289,0.323875931089578,0.10651073439439543
5728,0.4435089272004394,0.25487654271625204,0.3304689051717975,0.11304002202864191
5729,0.4318582523960877,0.23181170911856525,0.3317484528111939,0.10010979958489381
5730,0.43869851460127557,0.21580851379072305,0.3440236401629765,0.0946748744382991
5731,0.4518797454065872,0.2260709435735606,0.3497228649807397,0.10215688042584752
5732,0.44588085056679577,0.2391026713872599,0.33926954807585125,0.10661130249094451
5733,0.44277713758095977,0.22367312296402714,0.3437397924411538,0.09903734513980597
5734,0.4540719376001667,0.2214120256989654,0.3535349500830596,0.10053698751710712
5735,0.4499566199812191,0.21896521176112418,0.3514317734037118,0.09852484657750732
5736,0.4363123622540584,0.22889100273584606,0.33644438815168126,0.09986797410237713
5737,0.47810239846128705,0.22083980954517105,0.37251835584200693,0.10558404261928012
5738,0.45771491825188554,0.22540108888268715,0.3545454772800604,0.10316944097182514
5739,0.4737567050542096,0.21320120814161522,0.37275120317146127,0.10100550188274834
5740,0.4813805097704731,0.21633499792877564,0.3772410581863248,0.10413945158414825
5741,0.47401548316058856,0.22494106418003879,0.3673899359406305,0.10662554721995804
5742,0.46292551765689594,0.22683709507758373,0.35791683799431895,0.10500867966257697
5743,0.45770772593933406,0.20943987361086194,0.3618454776678849,0.09586224827144917
5744,0.4745298927612117,0.2058898341520439,0.37682901184041867,0.09770088092079306
5745,0.5017703997096998,0.21214083382458326,0.39532440872678964,0.10644599098291016
5746,0.48777924377564136,0.2397566183019268,0.37083094181012244,0.11694830196551895
5747,0.4972777272190919,0.22224274563933114,0.38676135977663456,0.11051636744245734
5748,0.538285249007144,0.22657979144029203,0.4163206895517197,0.12196455945542435
5749,0.5139957836599502,0.2394040750168803,0.3909430985102633,0.12305268514968691
5750,0.5208585578493563,0.21945307457126695,0.40655454591255896,0.11430401193679735
5751,0.5123507734976044,0.2310629015343506,0.39396551716987904,0.11838525632772533
5752,0.4967665721054492,0.22440374286023324,0.3852902939971385,0.11147627810831073
5753,0.5329515163713512,0.20770465349157763,0.42225500633562885,0.11069651003572235
5754,0.5108093510088443,0.21913154341167096,0.39887490953316224,0.11193444147568203
5755,0.5211116276441022,0.21900337318875132,0.4069864233821633,0.11412520426193894
5756,0.5105429875422706,0.2255820930726986,0.3953736318088965,0.11516935573337408
5757,0.517612886947229,0.2383574276022353,0.39423601072072084,0.12337687622650813
5758,0.5050442038991351,0.22390229733967348,0.39196364638803227,0.11308055751110282
5759,0.5040310930864569,0.23613661202590858,0.3850108984093056,0.11902019467715128
5760,0.490864336408249,0.24882350128595343,0.36872575356674236,0.12213858284150662
5761,0.505139666444594,0.24593267508312894,0.3809093169852755,0.12423034945931846
5762,0.5121344290510195,0.24766019880484214,0.3852991145374397,0.1268353145135798
5763,0.5195389425788675,0.23778415285413676,0.39600081524301745,0.12353812733585
5764,0.5085922355264062,0.24921797643904414,0.38184190775590554,0.1267503277705007
5765,0.5297791225421628,0.2631361853893349,0.390375065137509,0.13940405740465373
5766,0.5140976995358973,0.2575886659551127,0.3816719589418532,0.13242574059404416
5767,0.5041769488017647,0.26734418545588834,0.36938817309872174,0.1347887757030429
5768,0.503893030869428,0.25572032816121415,0.3750373396573491,0.12885569121207896
5769,0.5261758999391021,0.24220785783506446,0.39873196237041497,0.12744393756868713
5770,0.5287719772609443,0.22932314507152096,0.40751232440977775,0.12125965285116651
5771,0.5495164956502678,0.22646687788787262,0.42506921053246693,0.12444728511780088
5772,0.5477488617098778,0.2540686512085205,0.4085830472142467,0.1391658144956311
5773,0.5391878001765876,0.2505677254245357,0.404084739509681,0.13510306066690664
5774,0.5435138591806405,0.22360887539619811,0.4219793363670099,0.12153452281363063
5775,0.531130788452932,0.22358666892931234,0.4123770246969417,0.11875376375599035
5776,0.5068292774750083,0.2323347918785558,0.38907520277489344,0.11775407470011486
5777,0.5178471985924108,0.2351787906436719,0.39606052068923425,0.12178667790317656
5778,0.5407367071061309,0.22865676948660243,0.41709359851641986,0.12364310858971102
5779,0.5378982989173066,0.24264284203220043,0.4073811269437252,0.13051717197358134
5780,0.5552618494318453,0.24235570819203786,0.42069097068076977,0.13457087875107557
5781,0.56832565282455,0.227483791256342,0.4390407786517858,0.12928487417276424
5782,0.5685702893523154,0.22980276254845866,0.4379112661561768,0.13065902319613856
5783,0.5681450304375675,0.23747478434006017,0.43322491186052925,0.13492011857703826
5784,0.5594702140921038,0.24437581567074773,0.4227492241798581,0.13672098991224574
5785,0.5520981232546427,0.25032798583316934,0.4138925120780351,0.13820561117660757
5786,0.5416097274709532,0.25078256023790635,0.40578345336603283,0.13582627410492035
5787,0.5450909706578824,0.24574049057580755,0.41114004811997124,0.13395092253791113
5788,0.5558283187505719,0.24381094047606325,0.4203112936127659,0.135517025137806
5789,0.5739308643206024,0.2590193736449452,0.42527165132877787,0.14865921299182447
5790,0.5689303223059337,0.27015712371348183,0.41522974283837844,0.15370057946755522
5791,0.573341316084162,0.2663238631806024,0.42064684186357704,0.15269447422058488
5792,0.5584947336214257,0.2784078088936766,0.40300543855522697,0.15548929506619869
5793,0.5632217493847553,0.26936732910809147,0.41150821105739693,0.1517135383273584
5794,0.5321369875326453,0.27498187024748777,0.3858089634730544,0.1463280240595909
5795,0.5356259167367117,0.2730889666307409,0.3893523886344398,0.14627352810227184
5796,0.5582192280897674,0.265752841244245,0.4098708821877425,0.14834834590202495
5797,0.5491995387498372,0.26863224726927604,0.4016668324562186,0.14753270629361862
5798,0.5474616957210564,0.2713648435102162,0.3988998383338743,0.14856185738718208
5799,0.5463757503585287,0.2630134393704703,0.4026715850681106,0.1437041652904181
5800,0.5397094930353438,0.25393754051753104,0.40265699177998504,0.13705250125535873
5801,0.5521174774717846,0.2594701372987198,0.40885947978715786,0.1432579976846268
5802,0.5719255908879055,0.27474365804700374,0.41479266191666825,0.15713292897123726
5803,0.5686216482776258,0.2637877223749455,0.4186262387853836,0.14999540949224227
5804,0.5462587814796332,0.27637070749614584,0.3952888555661245,0.15096992591350877
5805,0.555168423647463,0.2947425278822772,0.3915366790611907,0.16363174458627225
5806,0.5640682797819992,0.28492227411764376,0.4033526627488847,0.16071561703311457
5807,0.5739255898705748,0.26401233007537295,0.4224021575989615,0.15152343227161333
5808,0.553903534519791,0.26349198607490737,0.4079543921152603,0.14594914240453075
5809,0.5657411450142894,0.25191381701489285,0.4232231337313638,0.14251801128292566
5810,0.5701588876633373,0.2595213610906454,0.42219047709901963,0.1479684105643177
5811,0.5627414328285771,0.26398284696386604,0.4141873472859642,0.14855408554261298
5812,0.578428853387546,0.2560852555920548,0.43030175262597714,0.1481271007615689
5813,0.5681922596723138,0.2701549283662488,0.41469232046228277,0.153499939210031
5814,0.5704556883719522,0.2589325040831862,0.4227461685133049,0.14770951985864728
5815,0.5524668716296434,0.24789362253392044,0.4155138574913887,0.1369530141382547
5816,0.5439966173566531,0.25119825315772754,0.40734561735294905,0.13665100000370398
5817,0.5772485470628377,0.25197778902968093,0.43179473445334815,0.14545381260948956
5818,0.5860241102463831,0.2684138978523705,0.4287270945796841,0.157297015666699
5819,0.5598972083220395,0.2519837232631749,0.4188122251243945,0.141084983197645
5820,0.5954331511381958,0.24392853291215644,0.4501900161337934,0.14524313500440242
5821,0.5865051416374572,0.2655014131733072,0.43078719769930157,0.15571794393815558
5822,0.5791217643614586,0.2846024326023942,0.41430230145119695,0.16481946291026164
5823,0.5804076171674736,0.26474812387156044,0.42674578944162206,0.15366182772585152
5824,0.6014505059625278,0.2617356542656398,0.44402946427602547,0.15742104168650234
5825,0.5997677037771478,0.2578670648691582,0.44510736640081994,0.15466033737632787
5826,0.5982826298846318,0.261975000586142,0.4415475375699268,0.15673509231470498
5827,0.600305861723207,0.26131443536915694,0.44343727441821196,0.15686858730499503
5828,0.6012427512145732,0.2633893913625482,0.44288178891102276,0.1583609623035504
5829,0.5966262723908914,0.2452006486437212,0.4503331234027593,0.14629314898813206
5830,0.6136217759793957,0.23927393878708056,0.4667980767152821,0.1468236992641136
5831,0.6027915546000127,0.2545514211763041,0.4493501077035057,0.15344144689650693
5832,0.6154065583456794,0.2576407889894193,0.4568527271042354,0.15855383124144393
5833,0.6189602950037184,0.26528473631364685,0.45475957635503994,0.1642007186486785
5834,0.6073075041725885,0.26245543124579407,0.4479163512661649,0.1593911529064236
5835,0.5983004207039191,0.26621796097258027,0.4390221026550848,0.1592783180488343
5836,0.6191678994880498,0.25854246411683945,0.4590867050523618,0.160081194435688
5837,0.6373356186566022,0.2558537018633863,0.474270941293919,0.16306467736268315
5838,0.61008921245013,0.258216695694424,0.452553991932444,0.15753522051768604
5839,0.6258488980007607,0.25957241381986573,0.4633957888602003,0.1624531091405604
5840,0.6396844512941303,0.25252317853029727,0.4781493003969274,0.1615351508972029
5841,0.6296661229064028,0.2618989680800016,0.4647572150822804,0.16490890782412235
5842,0.6199388605375014,0.2486827694421653,0.46577074781421524,0.15416811272328612
5843,0.6376741431770301,0.25347025059059886,0.47604271831080286,0.16163142486622722
5844,0.6070141487660705,0.2633497364032134,0.4471571326955049,0.15985701607056563
5845,0.6064734969688039,0.2453643152251346,0.4576665426828606,0.14880695428594332
5846,0.6169246317046732,0.259851018821708,0.45661613762000686,0.1603084940846663
5847,0.624813327172768,0.2663911873990856,0.45836856304444096,0.16644476412832707
5848,0.6266044266480194,0.2506817044528021,0.4695261609582231,0.1570782656897963
5849,0.617916664139963,0.25571093707417997,0.4599086149189817,0.1580080492209813
5850,0.6339422627600015,0.2713352654115651,0.4619313706384084,0.17201089212159315
5851,0.628789302249876,0.2616594842962331,0.4642606176921852,0.16452868455769076
5852,0.623998965002011,0.2634197491312934,0.45962531418299457,0.16437365081901648
5853,0.6351247520411369,0.2777437467191297,0.45872282377517337,0.1764019282659636
5854,0.6184282504905193,0.2633083665059094,0.4555909180527533,0.162837332437766
5855,0.626353871570783,0.268237441590805,0.45834231153014054,0.1680115600406425
5856,0.6107658834040878,0.26929774626959807,0.44628800750500686,0.16447787589908094
5857,0.6150361183566145,0.24777207484453573,0.4626473432070667,0.15238877514954782
5858,0.6177869917512604,0.2422787246088246,0.4681103473098426,0.14967664444141782
5859,0.6196543410257334,0.26745258164449054,0.45392618779118543,0.16572815323454793
5860,0.6265142861907498,0.2669040657646694,0.459295075946789,0.1672192102439608
5861,0.6403725145929522,0.2865004780657251,0.45690548302192086,0.18346703157103134
5862,0.64507362359529,0.2885617841496962,0.4589300278627235,0.18614359573256645
5863,0.6257747818137545,0.28412596656525246,0.4479759170787615,0.17779886473499296
5864,0.6321179618482147,0.2813853586749704,0.4542492224286635,0.17786873941955114
5865,0.6243928551714883,0.2812257709750959,0.4487974930845452,0.17559536208694318
5866,0.6379126699465043,0.26485292836258434,0.4689596312715779,0.16895303867492642
5867,0.6413487768281749,0.2756697034750593,0.46454834969585995,0.17680042713231497
5868,0.660389327252483,0.27145640654007863,0.48112241355910396,0.17926691369337905
5869,0.6695741324296509,0.2693117994631041,0.48924991795107486,0.18032421447857605
5870,0.6609505555860067,0.2701204755856458,0.4824142771725177,0.17853627841348893
5871,0.6641646492110755,0.2714038073226117,0.48390783472610277,0.18025681448497274
5872,0.658215963287747,0.2603239438737097,0.4868665878040478,0.17134937548369925
5873,0.6544159807719759,0.23972914730079783,0.4975333957214948,0.1568825850504811
5874,0.6556354636448058,0.23345383065629918,0.5025748531428071,0.1530606105019987
5875,0.6260921913423393,0.2458650584302465,0.47215799813523396,0.15393419320710533
5876,0.6269027873423891,0.26316512284908694,0.46192383829699424,0.16497894904539487
5877,0.6350480513198111,0.25363900315204607,0.47397509662940485,0.16107295469040628
5878,0.6417019056604354,0.25872015277621097,0.4756806905911818,0.16602121506925357
5879,0.6347483578067885,0.25166364172444455,0.4750052745025214,0.15974308330426715
5880,0.6522886561378186,0.24940497239365772,0.4896046218610699,0.16268403427674874
5881,0.6655462271629949,0.25201020167901844,0.49782178822893874,0.16772443893405617
5882,0.6633304119530276,0.2613620849857106,0.4899609924505539,0.17336941950247362
5883,0.6548685695557771,0.25995424136483086,0.4846327073632331,0.170235862192544
5884,0.6631844536122583,0.2584641951679038,0.4917750175614999,0.1714094360507584
5885,0.6710920838716962,0.26416716545449354,0.49381159031636096,0.1772804935553352
5886,0.6685953428783964,0.24733376370483762,0.5032291403287562,0.16536620254964018
5887,0.6567340770837973,0.22780806689401614,0.5071247565199116,0.14960932056388565
5888,0.644603127062168,0.24370076730862666,0.4875128503875775,0.15709027667459052
5889,0.6440103596408561,0.2574467087265969,0.4782120121654857,0.1657983474753704
5890,0.6357952642862957,0.2456113763727016,0.47963671433369304,0.15615854995260267
5891,0.6437597760857104,0.23576530167053533,0.49198355827350665,0.1517762178122038
5892,0.6491939677620953,0.22327402237368182,0.5042458192791219,0.14494814848297333
5893,0.6643604469116587,0.23131899789409607,0.51068125409158,0.15367919282007872
5894,0.6472014910157755,0.2206722802829248,0.5043820621908155,0.14281942882496004
5895,0.652232007670501,0.21720382706835123,0.510564719467994,0.14166728820250704
5896,0.6421467643322719,0.2310393036556485,0.493785623056216,0.14836114127605593
5897,0.6467932571663921,0.23199938077559795,0.4967376220139571,0.15005563515243506
5898,0.6350537660619399,0.2206263117694645,0.49494419588038574,0.14010957018155412
5899,0.6307471005141759,0.2358737380503734,0.48197042415146263,0.14877667636271327
5900,0.6407802269160134,0.2311003909182553,0.4926956659830344,0.14808456093297903
5901,0.6445354668303422,0.2367079762381361,0.4919687808632296,0.15256668596711262
5902,0.6529100502885549,0.23418704154109116,0.5000069772190332,0.15290307306952172
5903,0.6635753583256964,0.22334450929457916,0.5153694455404692,0.14820591278522718
5904,0.6604227872211913,0.23682141968766504,0.504020525157384,0.15640226206380725
5905,0.6568478066989265,0.2362696620753868,0.5016545973752121,0.15519320932371436
5906,0.6406064523507431,0.22785372968142786,0.4946418829246384,0.14596456942610472
5907,0.6339136988919533,0.22229957020552107,0.49299495608087995,0.1409187428110733
5908,0.636678577774927,0.2184400645174243,0.49760246816890996,0.139076109606017
5909,0.6330720512094397,0.22496623377420047,0.49065221614114424,0.14241983506829542
5910,0.6276700864214103,0.23382895610859925,0.48090264533289767,0.14676744108851264
5911,0.6392685906144169,0.23044381004275116,0.49195310095257094,0.14731548966184593
5912,0.6423271556151142,0.2344351430949488,0.49174309697471347,0.15058405864040075
5913,0.6443562962917997,0.2417405172645453,0.4885892719235534,0.15576702436824627
5914,0.6254526843225939,0.2172017475028962,0.48960326830734924,0.1358494160152447
5915,0.6346032583965119,0.20695089489698046,0.503271546166814,0.13133171222969786
5916,0.6261175641097215,0.22390811659833768,0.48592475956077485,0.1401928045489467
5917,0.63506589148331,0.2360941690033097,0.48513053757121194,0.14993535391209814
5918,0.6375950374503249,0.25196136836364125,0.47694571935247393,0.16064931809785093
5919,0.6531688075286316,0.2657337984536113,0.4795997792726326,0.173569028255999
5920,0.6531508769444895,0.2904604809108776,0.4634363591198316,0.18971451782465787
5921,0.6471102819151138,0.2889447610527073,0.4601311561324012,0.18697912578271259
5922,0.6443611077461392,0.2899730726466044,0.45751373743902146,0.1868473703071177
5923,0.6416336206206529,0.2906107328565227,0.45516800390670087,0.186465616713952
5924,0.6432101378676014,0.301963760276502,0.4489839859891332,0.1942261518784682
5925,0.6559640480625136,0.30651565005595793,0.4549008014572946,0.20106324660521901
5926,0.6408140896437259,0.33124234913235917,0.4285493252330239,0.21226476441070194
5927,0.6481892302421829,0.3357820582239897,0.43053891639283914,0.21765031384934372
5928,0.6274561545918119,0.31957013104278365,0.4269399090453055,0.20051624554650643
5929,0.6421286836157413,0.3163703233237831,0.438978224364754,0.2031504592509873
5930,0.5542420711138027,0.2631054486217173,0.4084179623483759,0.1458241087654268
5931,0.5057166844009063,0.21527189244028827,0.39685009671129523,0.10886658768961112
5932,0.6968013699847131,0.16181594918032013,0.5840477949104893,0.11275357507422377
5933,0.6485253221979643,0.16131225621093534,0.5439102392642869,0.10461508293367741
5934,0.6640509017480399,0.1706725441492544,0.5507156449020953,0.11333525684594453
5935,0.6979041183636528,0.17019387282356926,0.5791251135998241,0.11877900476382877
5936,0.7176152185662169,0.17534538716055387,0.5917847002344181,0.12583051833179879
5937,0.7133306811414503,0.1734502913707177,0.5896032666537931,0.12372741448765708
5938,0.7025607888351292,0.16790111314122375,0.5846000503403348,0.11796073849479442
5939,0.6761127596370631,0.1826269945907394,0.5526363183400953,0.12347644129696779
5940,0.6808636636419183,0.1825778345498469,0.5565530503105015,0.12431061333141678
5941,0.6783578087989741,0.18633440233347012,0.5519564119281749,0.12640139687079924
5942,0.6789048875485731,0.18790576783639282,0.5513347433658786,0.12757014418269455
5943,0.680480440089937,0.21534541090224116,0.5339421001078316,0.1465383399821054
5944,0.6848279639572912,0.2440089135718122,0.5177238364884764,0.16710412746881478
5945,0.6736009731211874,0.2360368813253447,0.514606300167945,0.1589946729532424
5946,0.6602832688249806,0.2194387446808688,0.5153915371802462,0.14489173164473437
5947,0.5291935017637595,0.2908281249807033,0.3752891478938328,0.15390435386992668
5948,0.5234001331770876,0.28579314817133306,0.3738159613631127,0.14958417181397485
5949,0.5140363750483531,0.29124316651204984,0.3643267934768951,0.149709581571458
5950,0.5360158566133305,0.2812690350959734,0.3852511938275574,0.1507646627857731
5951,0.5535229561325171,0.2940095364732853,0.3907819283726731,0.162741027759844
5952,0.5157114181189207,0.27693842591313733,0.372891109759635,0.14282030835928572
5953,0.5177526553453631,0.278322003860424,0.37365069880558616,0.14410195653977692
5954,0.49346998598221237,0.2855504253642202,0.35255942158051584,0.14091056440169653
5955,0.4769112205306289,0.2655356137405659,0.350274306887266,0.1266369136433629
5956,0.4689649639897702,0.2541040509649658,0.34979906687933027,0.11916589711043993
5957,0.4641629203526303,0.27539586692566986,0.33633437050736703,0.12782854984526326
5958,0.46990841639252,0.28015873159833654,0.3382594704886086,0.13164894590391138
5959,0.4538455724728137,0.27661775246936754,0.32830383024721055,0.1255417422256032
5960,0.4682335869718901,0.2758486181175762,0.3390719990494583,0.12916158792243182
5961,0.4739540710083279,0.29126481676086663,0.3359079253630205,0.1380461456453074
5962,0.467477837588025,0.2881414628744389,0.3327780896040321,0.1346997479839929
5963,0.4663884738264947,0.28974303764000914,0.33125566069971824,0.13513281312677647
5964,0.4610770253516449,0.2766154915869341,0.33353597732455836,0.12754104802708655
5965,0.45602355943899586,0.2817870145058712,0.3275220420803405,0.12850151735865534
5966,0.44316441615101476,0.2735432619708864,0.3219397761676428,0.12122463998337196
5967,0.4389053867965086,0.28556390469662335,0.3135698507505158,0.1253355360459928
5968,0.44016238190019374,0.28317157647614133,0.3155209063120225,0.12464147558817125
5969,0.48196790851531085,0.2794697327156443,0.3472724659450188,0.13469544257029203
5970,0.4910524995356605,0.30330414163811587,0.34211424266474566,0.1489382568709148
5971,0.4488985174838174,0.2923262121832426,0.3176737142131,0.13122480327071745
5972,0.43796196484018723,0.30431979014811755,0.3046814716071642,0.13328049323302302
5973,0.4519186163093127,0.30007437379301277,0.31630942051489086,0.13560919579442182
5974,0.4464781426948343,0.2869719654607246,0.31835143255044385,0.12812671014439048
5975,0.44615437970529603,0.28898987637041446,0.3172202806721436,0.12893409903315245
5976,0.4600150188872004,0.25221059500912674,0.34399435726052496,0.11602066162667549
5977,0.4621683277107669,0.256096318908302,0.3438087202680337,0.11835960744273316
5978,0.47586372192058185,0.27311640746859067,0.3458975317450001,0.12996619017558175
5979,0.46474065708087675,0.2834680720535486,0.33300151901326125,0.1317391380676155
5980,0.4647325368084302,0.29822592023487254,0.3261372483556493,0.13859528845278088
5981,0.44972582791692073,0.27916374848150555,0.3241786800066846,0.1255471479102361
5982,0.4508760700995713,0.2731819377804921,0.32770487157091743,0.12317119852865388
5983,0.46324957986133464,0.2575132532036023,0.3439566735060404,0.11929290635529424
5984,0.46517070317156206,0.25428592722126686,0.3468843395994127,0.11828636357214935
5985,0.4617151416782763,0.247940325208618,0.3472373392968213,0.11447780238145497
5986,0.4345704621074502,0.26751782401302904,0.3183151177041286,0.11625534440332157
5987,0.4394586443338012,0.2595401119165395,0.3254014986007157,0.1140571457330855
5988,0.4484385404541989,0.26089294396893387,0.3314440894459711,0.1169944510082278
5989,0.44852727840724005,0.26649474227276393,0.32899711694579836,0.11953016146144167
5990,0.44269407342485045,0.27477064261617845,0.3210547383875306,0.12163933503731984
5991,0.4424634670575187,0.2665236441346392,0.32453649142090196,0.11792697563661676
5992,0.4490005585575781,0.2902859639823934,0.31866199858805844,0.13033855996951965
5993,0.46278835912136024,0.2956336970425549,0.32597252556605494,0.1368158335553053
5994,0.43849532655512125,0.2927128529814774,0.31014210850012713,0.12835321805499414
5995,0.42577712385277017,0.27728805685888375,0.30771421252467124,0.11806291132809892
5996,0.4648459651089053,0.27316556656956886,0.3378660536823531,0.12697991142655216
5997,0.46709367255898426,0.29191684277689284,0.3307411623845018,0.13635251017448247
5998,0.4604112325653672,0.2866762946868223,0.3284222463813349,0.1319889861840323
5999,0.45600454616935887,0.30684789166897614,0.3160805125858228,0.13992403358353606
6000,0.44988219670523616,0.27605913686338046,0.3256881057925871,0.12419409091264903
6001,0.4370833961387159,0.28073311876606033,0.31437961117983276,0.12270378495888312
6002,0.43279247205064064,0.27459001969876906,0.31395197862477625,0.11884049342586438
6003,0.4612239917054186,0.2703795171501644,0.3365184715300361,0.12470552017538251
6004,0.44462541295540803,0.2698409723270132,0.32464725920222093,0.11997815375318709
6005,0.4498122596842404,0.27551120977911897,0.32588393984515607,0.12392831983908428
6006,0.44206069781710616,0.289146600698282,0.3142403497409795,0.12782034807612672
6007,0.43321732768144594,0.272503420869413,0.31516412390834647,0.11805320377309947
6008,0.4271196931056284,0.2655095604377367,0.313715331134852,0.1134043619707764
6009,0.4259603399604947,0.2752463794886472,0.3087162985806152,0.11724404137987951
6010,0.4343200600497638,0.26285605133747186,0.32015640404842927,0.11416365600133457
6011,0.44217937025241494,0.24973792907904727,0.33175041004409955,0.11042896020831539
6012,0.44964319932846686,0.2510577882969772,0.3367567721822851,0.11288642714618176
6013,0.46163054352086397,0.23775762731278513,0.351874360798232,0.10975618272263202
6014,0.45125124516443527,0.2547529612664561,0.33629365418361984,0.11495759098081544
6015,0.4369672574499345,0.24819843333873523,0.32851266873053697,0.10845458871939752
6016,0.43308292874719356,0.2578313603015945,0.32142056810490616,0.11166236064228743
6017,0.4550918202497205,0.2703107061600619,0.3320756289503506,0.12301619129936991
6018,0.443744562084148,0.26741113397608895,0.32508232554150296,0.11866223654264502
6019,0.4358469438439942,0.2594703718812615,0.32275757524148174,0.11308936860251247
6020,0.4346437562408879,0.2554040476978692,0.32363398159035917,0.11100977465052876
6021,0.4426074466429071,0.25569863343452637,0.3294333273883707,0.11317411925453638
6022,0.4323701663082191,0.2462307864774545,0.3259073202087585,0.10646284609946059
6023,0.42147575244022456,0.23520155358329575,0.3223440006685952,0.09913175177162938
6024,0.4396271536354665,0.23227667686064724,0.33751201933131514,0.10211513430415137
6025,0.4460253968232104,0.23744728706109744,0.34011787638718965,0.10590752043602074
6026,0.43804272517279796,0.22221847061677413,0.3407015407200949,0.09734118445270307
6027,0.45781592152238626,0.22504895853019838,0.3547849251852302,0.10303099633715607
6028,0.46461594273556783,0.21809381381054896,0.3632860798271842,0.10132986290838361
6029,0.4636203543674087,0.2230809473678922,0.3601954864960893,0.10342486787131944
6030,0.45211895184008305,0.22465561596354167,0.35054789022565835,0.10157106161442468
6031,0.4498018477931135,0.2328336566887141,0.34507283878610245,0.10472900900701103
6032,0.4653289585885654,0.22014733468816758,0.36288802860207203,0.10244092998649337
6033,0.4763456419011694,0.22779057497010438,0.3678385942479986,0.10850704765317082
6034,0.4690797127728454,0.22892057603179608,0.3616977147200562,0.10738199805278922
6035,0.4598840846777664,0.23690333867125285,0.3509360096158304,0.10894807506193602
6036,0.4639465151444231,0.24807023296169076,0.34885519505078144,0.11509132009364162
6037,0.47516760842859274,0.25376052573559554,0.35458882630122746,0.12057878212736528
6038,0.4718420286439747,0.2507464402661326,0.35352931959354744,0.11831270905042722
6039,0.4637563407154486,0.2343567794428358,0.35507189825918156,0.108684442456267
6040,0.4638902189107865,0.24111120074613282,0.35204109121482036,0.11184912769596615
6041,0.44733914905646643,0.24249829581049864,0.3388601677609547,0.10847898129551174
6042,0.452015638315588,0.22991148446458207,0.3480920519092455,0.10392358640634246
6043,0.462320648698912,0.22379949174423308,0.35885352249723135,0.10346712620168064
6044,0.4535162959237969,0.23839434569058757,0.34540057529702445,0.10811572062677244
6045,0.4606914373457773,0.24068071467170865,0.3498118929622589,0.11087954438351837
6046,0.46268238324042454,0.2489729694172789,0.34748697638799264,0.11519540685243193
6047,0.47505061881462957,0.2506522746437581,0.3559781006378178,0.11907251817681176
6048,0.45700429782414115,0.22899163541407105,0.35235413627413187,0.10465016155000928
6049,0.4574489428460401,0.2323389789619488,0.3511657225379683,0.10628322030807183
6050,0.46197586008829683,0.24069177771675127,0.3507820690614195,0.11119379102687732
6051,0.47077554655454606,0.24393211459274192,0.3559382719849418,0.11483727456960424
6052,0.5004927216384926,0.22518293437879738,0.3877903019447062,0.11270241969378637
6053,0.49628390133168393,0.24021094600157464,0.37707107590744804,0.11921282542423592
6054,0.4878685358011867,0.2447440947667903,0.36846559264132583,0.11940294315986087
6055,0.4994301646448782,0.22734420154827006,0.38588761263456733,0.1135425520103109
6056,0.49125723365670154,0.21678229143163025,0.384761364862238,0.10649586879446354
6057,0.5097609706334832,0.23346223556048232,0.39075103482790885,0.11900993580557437
6058,0.5486783662362916,0.3067486746507341,0.38037200458377907,0.16830636165251253
6059,0.6051632532927246,0.35983251572133534,0.3874058374382958,0.21775741585442876
6060,0.6186893618169484,0.38570237752281833,0.38005940401607624,0.2386299578008722
6061,0.6243259074123354,0.37298646432660243,0.39146079461911065,0.23286511279322472
6062,0.5647093660789865,0.3058980816971086,0.3919658542790343,0.1727435117999522
6063,0.5390152774582186,0.26236684108229336,0.39759554181640994,0.1414197356418087
6064,0.5456751004799332,0.26502985100854953,0.40105490990066117,0.14462019057927197
6065,0.5207557574521686,0.26186525640811414,0.3843879175009548,0.13636783995121382
6066,0.5321978990248861,0.26166396799258096,0.3929408850087195,0.13925701401616664
6067,0.5317665464937036,0.25725778292687873,0.3949654637080504,0.13680108278565317
6068,0.5187147838760485,0.23469015060952736,0.3969775331247902,0.12173725075125827
6069,0.5391683102628636,0.23551108946041238,0.4121881941103269,0.12698011615253665
6070,0.5384780018024118,0.23998265184576378,0.409252622969261,0.12922537883315074
6071,0.5352828881133901,0.23769073072145408,0.408051107295028,0.12723178081836203
6072,0.5372367527516264,0.24626254505610368,0.4049354627213342,0.13230129003029223
6073,0.5309782750748554,0.2375211952806615,0.40485968051101184,0.12611859456384353
6074,0.5288887076865616,0.2589383575557369,0.3919391343884271,0.1369495732981345
6075,0.5383746014006079,0.2825943720946686,0.3862329689660856,0.15214163243452228
6076,0.549044803044952,0.2632232783547403,0.404523430023827,0.14452137302112494
6077,0.5558972489396747,0.27131287192812525,0.4050751698329076,0.15082207910676712
6078,0.5726586687062722,0.28159372395855226,0.41140158162812623,0.16125708707814604
6079,0.5667259318557781,0.2523155502494287,0.4237321665189672,0.1429937653368109
6080,0.5299466370855187,0.2666736119381048,0.38862385323947146,0.14132278384604727
6081,0.5249620033297222,0.26914884591096955,0.3836690859864169,0.1412929173433053
6082,0.5326795638854007,0.26955569229262644,0.38909275527213716,0.14358680861326353
6083,0.5583279735458164,0.27873222356701954,0.40270397599972296,0.15562399754609346
6084,0.5478410261984672,0.2637862028353802,0.40332812214013547,0.1445129040583317
6085,0.5495510330550869,0.2763445827208342,0.3976855821416756,0.15186545091341133
6086,0.5866640176629097,0.27471754888474925,0.4254971167116759,0.1611669009512338
6087,0.5668257698942171,0.2718196946134212,0.4127513622225536,0.15407440767166344
6088,0.5505358859075821,0.24982065343938967,0.41300065114831663,0.13753523475926543
6089,0.559708230621432,0.2551008466311821,0.4169261871234638,0.14278204349796825
6090,0.563267308790382,0.26146647008705093,0.4159917938455279,0.14727551494485408
6091,0.5914870147420934,0.28247430352208774,0.4244071322104617,0.1670798825316317
6092,0.5867817717184495,0.2646173513988366,0.43150913343719666,0.15527263828125284
6093,0.5848514131665676,0.26002200380192275,0.4327771767886105,0.15207423637795714
6094,0.5717239398614502,0.24589734067903715,0.43113854344697783,0.14058539641447237
6095,0.5593880719903324,0.24362395935779835,0.4231077350745225,0.1362803369158099
6096,0.5570761170643421,0.23859072280107435,0.42416292363874486,0.1329131934255973
6097,0.5299389254776334,0.22659185303283255,0.4098590823594283,0.12007984311820512
6098,0.5268493263799094,0.23064001976359563,0.4053367873312101,0.12151253904869937
6099,0.5511209066813691,0.24698027412252246,0.4150049140745515,0.13611599260681767
6100,0.5605539880468497,0.2606780591280078,0.4144298624063325,0.14612412564051727
6101,0.5629731056083127,0.2759227350619008,0.40763602654257475,0.15533707906573796
6102,0.5308276550184314,0.25109810991142045,0.39753783415459176,0.13328982086383967
6103,0.5508287218875317,0.2561296877984866,0.4097451333200388,0.14108358856749292
6104,0.5326421641226023,0.2466256507546828,0.401278943776483,0.13136322034611936
6105,0.5375038811847153,0.23286196491992042,0.412339671259959,0.12516420992475624
6106,0.5415195838640531,0.23279113234099874,0.41545862675151374,0.12606095711253934
6107,0.5371671191450385,0.2391324124562977,0.4087130500516859,0.12845406909335255
6108,0.526909263061501,0.23958352342952755,0.4006704852895708,0.1262387777719302
6109,0.5405920276465918,0.2489467979320507,0.4060133733763781,0.13457865427021365
6110,0.5465518759917557,0.2483856108745722,0.4107962543989,0.13575562159285567
6111,0.5639838427806823,0.2387020321946004,0.4293597533840134,0.13462408939666887
6112,0.5469405644151769,0.24429825980340608,0.41332393631265646,0.13361662810252045
6113,0.564355475561076,0.2378092894749071,0.4301465009066232,0.13420897465445278
6114,0.5575327585039941,0.23236942550020104,0.4279791917128787,0.12955356679111543
6115,0.5645131578765574,0.24194667654317067,0.4279310754634341,0.13658208241312328
6116,0.5758438493792423,0.24274098821277224,0.43606294432467824,0.13978090505456403
6117,0.580761907819696,0.2513581334336782,0.4347826787007554,0.14597922911894068
6118,0.5667477934412917,0.2466166275801098,0.42697836393433164,0.13976942950696003
6119,0.5647692654899501,0.236231500221526,0.4313529746242499,0.13341629086570023
6120,0.563201446341416,0.24152345720134213,0.427175085920241,0.13602636042117497
6121,0.5783574853844125,0.2266032774444956,0.4472997836617476,0.13105770172266482
6122,0.5793937235403739,0.24157040969355575,0.439429344370851,0.1399643791695229
6123,0.5795598433223431,0.24627671511505758,0.43682774889631903,0.1427320944260241
6124,0.5760389927440828,0.22801119224638786,0.44469565522809607,0.13134333751598667
6125,0.6083485430216518,0.2211392952453425,0.4738187749543128,0.134529768067339
6126,0.5704354523894962,0.23983542136400815,0.4336248253046928,0.13681062708480343
6127,0.5725406848589382,0.24271166234343053,0.4335783834775791,0.13896230138135907
6128,0.5786198889780015,0.24816252187560708,0.4350281181218369,0.14359177085616465
6129,0.6106812117552963,0.24471240468962513,0.4612399439278836,0.14944126782741274
6130,0.5825464333598569,0.22159220425094903,0.4534586851131176,0.12908774824673927
6131,0.5917023527504892,0.21666393182850457,0.46350179453139145,0.12820055821909776
6132,0.5950785221631605,0.2263080354790545,0.46040747085663664,0.13467105130652385
6133,0.6115524676708484,0.23180089354759748,0.4697940592135075,0.14175840845734086
6134,0.6173080064389199,0.2394286460385663,0.46950678626848275,0.14780122017043718
6135,0.6225127848017712,0.23787387962263964,0.4744332535662805,0.1480795312354907
6136,0.624828066656244,0.2413599326794027,0.4740196065518916,0.1508084601043524
6137,0.634923936060476,0.22164199314051025,0.4941981293794142,0.1407258066810618
6138,0.6090149754453964,0.21408330202868775,0.47863503851712574,0.13037993692827066
6139,0.5941835391621785,0.22717248136132334,0.45920139018665335,0.13498214897552513
6140,0.6161222219880763,0.23663471996946406,0.4703263125209639,0.1457959094671124
6141,0.6164553120834929,0.24701115250721403,0.46418397497655506,0.15227133710693788
6142,0.6076678090443094,0.24995956428607144,0.4557754282649221,0.15189238077938724
6143,0.6062942719679002,0.2439348694452445,0.4583979578900109,0.1478963140778893
6144,0.6213452679455365,0.25244668873481735,0.4644887124916379,0.15685655545389854
6145,0.6323841575969626,0.25462947644650535,0.47136051063498374,0.16102364696197893
6146,0.6198386604227859,0.24731405226591427,0.46654384956255074,0.15329481086023516
6147,0.6338348148204966,0.2515309813129203,0.474405721858404,0.15942909296209262
6148,0.6363413602199346,0.24098598331864357,0.4829920118010105,0.15334934841892411
6149,0.6144426022418784,0.23432089051658486,0.4704658645132337,0.1439767377286447
6150,0.6239702175367497,0.23568917518061902,0.4769071916282418,0.14706302590850798
6151,0.6280523489423759,0.2542415808232642,0.46837532690750194,0.159677022034874
6152,0.6444232280403308,0.27375977621814973,0.4680060693422322,0.17641715869809863
6153,0.6275581404158036,0.2475769109087456,0.47218923459602213,0.15536890581978147
6154,0.6303153726520219,0.2724528780297131,0.4585841353066074,0.17173123734541446
6155,0.6126105519266399,0.25933095712844256,0.45374167114852093,0.158868880778119
6156,0.6130423514428885,0.26745771425418724,0.4490794453849614,0.16396290605792713
6157,0.639716109018002,0.27079541062613316,0.46648392259231997,0.17323218642568203
6158,0.6442570352919209,0.2541176235519425,0.48053996852691805,0.1637170667650029
6159,0.6372907416709238,0.2692782919392971,0.4656821792850496,0.17160856238587419
6160,0.6433055933263915,0.265967415110637,0.47220726754315645,0.171098325783235
6161,0.6412399210038227,0.26810574955393157,0.46931981133918893,0.17192010966463372
6162,0.6371781464477241,0.26997191212487626,0.46515794388704756,0.1720202025606765
6163,0.648569591042481,0.2696725644772947,0.47366816618406493,0.17490142485841612
6164,0.6501901465547443,0.2934350774869133,0.4594015505192254,0.1907885960355189
6165,0.6319574174372231,0.2731381418014284,0.4593457427407904,0.17261167469643274
6166,0.622401202184787,0.2737547502378524,0.4520159165329516,0.17038528565183544
6167,0.6390682869736556,0.27808612974124974,0.4613522604087814,0.1777160265648742
6168,0.6466020677689791,0.2672800703241502,0.47377822162394545,0.17282384614503365
6169,0.6453943171386415,0.2581505841623881,0.47878539715421564,0.16660891998442587
6170,0.6244185583876072,0.2630077709075335,0.46019162523278706,0.16422693315482012
6171,0.6319532177986142,0.27495107186812895,0.4581970031943721,0.17375621460424212
6172,0.6497495448710392,0.273836094511265,0.4718246670930819,0.17792487777795732
6173,0.6571491630856348,0.26787891727223906,0.4811127567918969,0.17603640629373787
6174,0.623641406608113,0.23460018481327727,0.47733501736063744,0.1463063892474755
6175,0.6469929198573404,0.26039111257193975,0.4785217136295197,0.16847120622782072
6176,0.6394738700152436,0.27005663158122123,0.4667797106947192,0.1726941593205244
6177,0.6379478170673002,0.2641119283531474,0.46945818891297464,0.16848962815432558
6178,0.6405264089527819,0.26436604850192597,0.4711929732568063,0.16933343569597561
6179,0.6591332913425291,0.2856604766972762,0.4708449611305776,0.1882883302119515
6180,0.6614975738364526,0.28711868624076853,0.47156925948507455,0.18992831435137802
6181,0.6711068933032169,0.2648883442258723,0.49333849953755865,0.17776839376565828
6182,0.6517317669452894,0.270477361509292,0.4754530782101387,0.1762786887351507
6183,0.6329658578727627,0.2573859777275232,0.4700493216760412,0.16291653619672153
6184,0.6432056596179251,0.2645850560218881,0.4730230541343209,0.17018260548360417
6185,0.6432486222844137,0.2672683856022175,0.47132860146560784,0.17192002081880584
6186,0.647227221266223,0.2783749884768768,0.46705535100431717,0.18017187026190581
6187,0.6522565761009865,0.28728964794735357,0.4648700139815879,0.18738656211939864
6188,0.6370149858748729,0.2737445871345686,0.46263558156802276,0.17437940430685014
6189,0.6377192335501769,0.25739266409206196,0.473574981083949,0.1641442524662279
6190,0.6380574896958368,0.24350108697485706,0.4826897974024519,0.1553676922933849
6191,0.6449934467317351,0.2490626689761902,0.484349657416577,0.1606437893151581
6192,0.6418629969260278,0.24877524147614874,0.4821833748711507,0.15967962205487707
6193,0.6413437172091966,0.24544935690583833,0.4839263142645994,0.15741740294459713
6194,0.6285609779210983,0.2701291152650882,0.45876835706511343,0.16979262085598493
6195,0.6257483190117393,0.282405466216129,0.4490335732472701,0.17671474576446924
6196,0.6402852137900752,0.27554204790495385,0.4638597147390967,0.1764254990509785
6197,0.6411037801926522,0.2846061724123252,0.45864168719294884,0.18246209299970342
6198,0.6622855646757144,0.2871881461766457,0.472085001116943,0.1902005635587714
6199,0.6585782320853383,0.2823588839813309,0.4726228174593242,0.18595541462601406
6200,0.651822557670029,0.29143195911543995,0.46186063269261557,0.18996192497741338
6201,0.6441256111837047,0.2795608080059346,0.4640533348638718,0.18007227631983294
6202,0.6518886925620357,0.2686823483550015,0.4767377077783964,0.17515098478363936
6203,0.6422596174314714,0.2734617619807814,0.46662617079955865,0.17563344663191277
6204,0.6347013523270445,0.28519759639189973,0.4536860522166831,0.18101530011036138
6205,0.6454809084872414,0.2811632365563733,0.46399540712162035,0.181485501365621
6206,0.6394650534119805,0.29276172010369295,0.45225416442888916,0.1872108889830913
6207,0.6359282175401345,0.3040477741595012,0.44257565847183755,0.19335255906829696
6208,0.6358578305156767,0.3093688376323481,0.4391432325896152,0.19671459792606152
6209,0.6469236098752894,0.3252373175997403,0.4365199103075094,0.21040369956778
6210,0.6539613415786993,0.3373619291833526,0.4333396817723759,0.22062165980632342
6211,0.665686056453986,0.3316584054112412,0.4449056804659596,0.2207803759880265
6212,0.6474855744349496,0.2964326012119093,0.4555497413580102,0.1919358330769394
6213,0.6366223366598247,0.2839460369587335,0.45585594712585886,0.18076638953396587
6214,0.6228857690361318,0.2871514879667261,0.444023193624108,0.17886257541202374
6215,0.5669807692494248,0.2644630688240646,0.41703529504949305,0.1499454741999317
6216,0.5844592136925123,0.22975316891070466,0.4501778572475989,0.1342813564449134
6217,0.6297290396634149,0.2623393904188608,0.46452630726906,0.16520273239435485
6218,0.6048147370943763,0.25317545180947065,0.45169049276948137,0.1531242443248949
6219,0.6033540919987256,0.2664631978193492,0.44258243122735536,0.16077166077137023
6220,0.5989455893157779,0.2887035308912316,0.4260278828685833,0.1729177064471946
6221,0.5770413608231938,0.2858220314469017,0.4121102268438239,0.16493113397936987
6222,0.5763174577473285,0.29158145178868944,0.4082739767261957,0.16804348102113273
6223,0.6139772293702224,0.2908507224198815,0.4354015086585359,0.17857572071168648
6224,0.6007578804238821,0.30961264808271116,0.41475564220928723,0.18600223821459488
6225,0.5946100004483814,0.3109921937480521,0.40969093198440903,0.18491906846397238
6226,0.6055115792008949,0.3038995191832863,0.4214969014218306,0.18401467777906433
6227,0.5905906178194723,0.302012425650268,0.4122249127655231,0.17836570505394922
6228,0.5781862006020767,0.30562439414091064,0.40147839334243196,0.17670780725964472
6229,0.5888674157169789,0.3078656890726448,0.4075753430048436,0.18129207271213527
6230,0.5884122790133129,0.2919142470379911,0.41664635163723335,0.1717659273760796
6231,0.5860028254369605,0.2921031574290064,0.4148295498645055,0.171173275572455
6232,0.5781686453489061,0.28282861678944493,0.41464600711384786,0.16352263823505825
6233,0.5728754291665563,0.2697623039326511,0.4183352335281798,0.1545401956383765
6234,0.5716339214523637,0.26867743067725824,0.41804878814857693,0.15358513330378673
6235,0.5556549650546813,0.27835588693065266,0.40098513442946465,0.1546698306252166
6236,0.5569921729802032,0.29518595239483086,0.3925759079225756,0.16441626505762766
6237,0.5638686516057522,0.2998980465942586,0.3947655444534485,0.16910310715230364
6238,0.5384242134620854,0.3028611026979012,0.375356462453708,0.1630677510083773
6239,0.5476565547005069,0.2925348466678794,0.387447928444535,0.16020862625597188
6240,0.5422461506087052,0.29117668362238114,0.3843567147674602,0.15788943584124498
6241,0.5372334962961269,0.2970290647817697,0.377659533321848,0.15957396297427892
6242,0.5484304794210533,0.28118850007436524,0.3942181355175823,0.154212343903471
6243,0.5393775833952033,0.2654079352423688,0.39622249267026377,0.14315509072493945
6244,0.532706324327501,0.25680015494673836,0.3959072576990913,0.1367990666284097
6245,0.5254334958022648,0.25389177994078477,0.3920302503125189,0.1334032454897459
6246,0.5150261764953505,0.2527120530859898,0.3848728540401831,0.1301533224551674
6247,0.5078238860456031,0.261551965988621,0.3750015502743942,0.13282233577120894
6248,0.5010381636300925,0.2862903101877731,0.35759579234852107,0.1434423712815714
6249,0.5004297749599904,0.2807633142223235,0.359927452806692,0.14050232215329841
6250,0.4991781831787153,0.2680721517289185,0.36536241351786486,0.13381576966085046
6251,0.4978527676011349,0.28144673510114865,0.35773373159872457,0.14011903600241032
6252,0.5029578135694045,0.2882911913402619,0.35795950630158757,0.14499830726781696
6253,0.48980519807610656,0.27859571765315755,0.3533475674078467,0.1364576306682599
6254,0.4718726326851993,0.2928821993853126,0.33366953819462036,0.13820309449057894
6255,0.47996101486017523,0.29462588706172793,0.33855207510194896,0.1414089397582263
6256,0.48070372004919737,0.3125578334513807,0.3304560067786012,0.15024771327059616
6257,0.4836780298085065,0.3171739376935972,0.3302679645182614,0.1534100652902451
6258,0.48830320686183715,0.29604386728819304,0.34374403709323237,0.14455916976860478
6259,0.4888267376612426,0.28039173547661467,0.35176376034103496,0.13706297732020767
6260,0.4805067089534522,0.29287818424241946,0.3397767765188644,0.1407299324345878
6261,0.49050786227466114,0.3015176541205438,0.3426110823139225,0.14789677996073863
6262,0.4904810297847625,0.2990197570685647,0.34381751141178335,0.14666351837297914
6263,0.47321060662711323,0.30873132118638835,0.3271156708437123,0.14609493578340096
6264,0.4836087796694356,0.32595590741132485,0.3259736410602012,0.15763513860923437
6265,0.4863472617614007,0.31749628776738864,0.3319338115863215,0.15441345017507915
6266,0.4840391940044238,0.28736912520826563,0.34494127425685855,0.13909791974756525
6267,0.47895131811575764,0.28822681474934014,0.34090470527525485,0.13804661284050276
6268,0.48938906403471,0.2933013592102337,0.3458505863707054,0.14353847766400454
6269,0.4881854577932123,0.29814984912480824,0.3426330372072406,0.1455524205859717
6270,0.4842841432642539,0.2784114446310627,0.34945389532613647,0.13483024793811746
6271,0.48045827826589305,0.263376669910822,0.35391677690513507,0.12654150136075798
6272,0.469826213266657,0.2727161146753744,0.3416970338119305,0.12812917945472654
6273,0.459081388476026,0.2823794465295707,0.32944624008613893,0.12963514838988704
6274,0.472940981718125,0.2685211680314602,0.3459463168972286,0.12699466482089639
6275,0.49267671767452714,0.2530496145608259,0.3680050641638952,0.12467165351063195
6276,0.4630974242287924,0.2697944679289666,0.33815630105971045,0.12494112316908197
6277,0.4721317618441478,0.27584721751321306,0.34189552903982867,0.13023623280431915
6278,0.4766838005395174,0.2611208408361097,0.35221172572968623,0.12447207480983119
6279,0.4792120842951745,0.2554396683314774,0.3568023084223791,0.12240977587279538
6280,0.4663000056918023,0.2580810551952911,0.34595680818529173,0.12034319750651058
6281,0.44970370163120793,0.26586834792884223,0.3301417214210337,0.11956198021017425
6282,0.4594368217879581,0.2587144256982891,0.3405738882944393,0.11886293349351879
6283,0.46577305924932094,0.2614189207043796,0.3440111688071864,0.12176189044213455
6284,0.4511697671097673,0.26360539092921065,0.33223898427535614,0.11893078283441114
6285,0.43706987608719367,0.2702468167579963,0.3189531333738177,0.11811674271337597
6286,0.42547127386193684,0.27543378044397,0.3082821124318319,0.11718916143010494
6287,0.4295170304470332,0.2877186663150562,0.30593696328720943,0.12358006715982378
6288,0.44189139454607795,0.28656171138195163,0.3152622402799966,0.12662915426608132
6289,0.4312528709669695,0.294529522118916,0.30423616896865746,0.12701670199831205
6290,0.443774139214585,0.28208262381475996,0.31859316564379825,0.1251809735707867
6291,0.4479476718483352,0.2789713665019611,0.3229830977114331,0.12496457413690212
6292,0.4331062517612734,0.29131407942991744,0.306936302734096,0.1261699490271774
6293,0.4321980897875086,0.2806617259550519,0.31089662795326994,0.12130146183423866
6294,0.44231818693719044,0.2833626082665975,0.3169817518029157,0.12533643513427473
6295,0.46491182821404425,0.26931918847072517,0.33970215192899667,0.1252096762850476
6296,0.48243917841396267,0.24962185897537106,0.36201181385571857,0.12042736455824407
6297,0.4478346436821721,0.25917975366826346,0.33176497104851216,0.1160696726336599
6298,0.44157597125324655,0.267563272655061,0.32342645925889074,0.11814951199435579
6299,0.4499284780324273,0.2719778218302626,0.32755791059776257,0.12237056743466473
6300,0.4582297382231199,0.27550768657214775,0.33198392312670727,0.12624581509641264
6301,0.45622294574986505,0.26406748989446055,0.3357492976334415,0.12047364811642351
6302,0.45474187254429604,0.26626164447284606,0.3336615537499904,0.12108031879430564
6303,0.4533465165336201,0.26968582094755505,0.33108538904853646,0.12226112748508369
6304,0.4516772393866774,0.2579299374899994,0.33517615726601624,0.11650108212066118
6305,0.45358090140771185,0.25627721157141525,0.3373384527728944,0.11624244863481742
6306,0.46490165674471456,0.253605503807869,0.3470000378648582,0.11790161887985633
6307,0.4644004206050207,0.24214569510275907,0.35194785795160427,0.11245256265341641
6308,0.46014796151103615,0.2444536474269912,0.34766311396356864,0.11248484754746754
6309,0.4703250682856697,0.24820695202372797,0.3535871166261319,0.1167379516595378
6310,0.4704471574139313,0.2445731851599162,0.3553883976757776,0.11505875973815366
6311,0.48941583471310945,0.23539697379074637,0.37420882829637137,0.11520700641673808
6312,0.5048071653300866,0.2261685461120061,0.39063566268045785,0.11417150264962879
6313,0.49235164548856497,0.2346968762290084,0.37679825228618663,0.11555339320237835
6314,0.48416655259579783,0.24065406774999495,0.36764990224512717,0.11651665035067063
6315,0.4861133078617533,0.2215171307301061,0.378430882694497,0.1076824251672563
6316,0.48411586546043267,0.22434417603760148,0.37550729051698156,0.10860857494345111
6317,0.5119706973451655,0.2323209655667082,0.3930291705960758,0.11894152674908978
6318,0.5223929882895729,0.2627584736358998,0.3851298040485083,0.13726318424106468
6319,0.5047357772480584,0.2505928195371096,0.37825261570621294,0.12648316154184544
6320,0.5061002536248383,0.2399558117098302,0.38465855645973934,0.12144169716509903
6321,0.5299083959776648,0.23830024138225844,0.4036310973057019,0.1262772986719629
6322,0.5232600311805864,0.24078772036580895,0.3972654411140709,0.1259945900665155
6323,0.5175158775394757,0.23440355352344586,0.39620831683941815,0.12130756070005755
6324,0.5063109863484598,0.2405794678725313,0.38450295867473094,0.12180802767372892
6325,0.511570162242676,0.2453487621268791,0.38605705619538877,0.12551310604728727
6326,0.511400818682624,0.2527640733852494,0.3821370646198526,0.1292637540627714
6327,0.5354895672625185,0.25551425801580474,0.39866434780823173,0.13682521945428677
6328,0.5265515633279328,0.27615674777635907,0.3811407960627333,0.1454107672651995
6329,0.5271156987704363,0.25855548016212454,0.39082704617385233,0.13628865259658396
6330,0.5515332500111875,0.24325326233748545,0.4173709876583701,0.13416226235281734
6331,0.5246346204960619,0.26734217305720864,0.38437766099160076,0.14025695950446115
6332,0.5322919568351283,0.26498486302198704,0.3912426455654664,0.14104931126966191
6333,0.5287705492972024,0.2637309940409775,0.38931736671145745,0.13945318258574488
6334,0.5319305297762963,0.2710024718840919,0.38777604133630544,0.14415448843999085
6335,0.5414419012454093,0.27832105979068106,0.3907472174757057,0.15069468376970357
6336,0.5410527223982674,0.2678807601248427,0.396115107854604,0.14493761454366338
6337,0.5350759341589979,0.24956039494538873,0.40154217270450554,0.13353376145449233
6338,0.5473385617028663,0.24158218252499328,0.4151113173865972,0.13222724431626914
6339,0.5474027405430789,0.25775902835431774,0.40630474202220423,0.1410979985208747
6340,0.5315263777168461,0.2537143649947477,0.39667050031645806,0.134855877400388
6341,0.5538391026592591,0.2469173536226722,0.4170866170978793,0.13675248556137973
6342,0.5324981004158319,0.25017378752250674,0.3992810337862631,0.13321706662956878
6343,0.5312137724246975,0.2527415675648824,0.3969539708700247,0.13425980155467274
6344,0.5537583853715989,0.23961042908951316,0.4210721010407941,0.13268628433080482
6345,0.5727993882928267,0.2274635197712896,0.4425084233088987,0.13029096498392798
6346,0.5857792407771931,0.2224559071574914,0.4554691883760761,0.13031005240111707
6347,0.615864691660326,0.2526974337179121,0.4602372645602884,0.15562742710003757
6348,0.5927337357509875,0.23255913746684323,0.45488808941723813,0.13784564633374943
6349,0.5979695759013671,0.24134493320367714,0.45365264854762055,0.1443169273537466
6350,0.6043170479635984,0.23371024380469838,0.46308196334869023,0.1412350846149082
6351,0.5989210179981311,0.2471114538292084,0.45092077451174345,0.14800024348638768
6352,0.6201698917112509,0.2431571673175963,0.4693711375870827,0.1507987541241682
6353,0.6091575916344688,0.25832137517463183,0.451799164865386,0.1573584267690828
6354,0.6026644057215382,0.25330780511918355,0.4500048078847583,0.15265959783678
6355,0.6261678780138689,0.24213426095230584,0.47455118163890714,0.15161669637496172
6356,0.6367558433299947,0.23889016808565072,0.484641132887372,0.1521147104426227
6357,0.653388929300865,0.23101380641026822,0.5024470656767426,0.15094186362412246
6358,0.647819926482332,0.2512003858449367,0.4850873109919317,0.16273261549040033
6359,0.6543130492714174,0.2553687593525819,0.48722193765077076,0.16709111162064666
6360,0.6431663178454353,0.26401415066184647,0.4733613087051655,0.1698050091402698
6361,0.6266133319658758,0.24974364689403644,0.47012063324829445,0.1564926987175813
6362,0.6135723444967354,0.24505073928885684,0.46321598787061324,0.15035635662612215
6363,0.6215294973156497,0.23723509327893477,0.4740808890443621,0.14744860827128758
6364,0.6115665995381012,0.24273735990250836,0.46311653776166795,0.14845006177643327
6365,0.6039614941782985,0.2509844609778735,0.45237654411056716,0.15158495006773134
6366,0.5925752385998408,0.23926723007286946,0.4507914026502872,0.14178383594955363
6367,0.6052359976844001,0.21664739299061644,0.474113196642,0.13112280104240004
6368,0.6042915267698773,0.24310497461817215,0.4573852504925098,0.14690627627736752
6369,0.6149078786560995,0.2543797444803711,0.4584877696045939,0.15642010905150563
6370,0.6117675033147132,0.24342632957924296,0.46284718542695524,0.14892031788775797
6371,0.6055470912851285,0.23436632919337044,0.4636272423469101,0.14191984893821838
6372,0.6049996316927045,0.25016623757891954,0.4536491500955086,0.15135048159719594
6373,0.6182419098180737,0.2505340911307135,0.4633512348428861,0.15489067497518763
6374,0.6360242063363611,0.26267694805218456,0.4689553089286129,0.16706889740774825
6375,0.6400761864601516,0.28036750526541854,0.460619622882516,0.1794565635776356
6376,0.6339289524213788,0.2736195797861776,0.46047357884554935,0.17345537357582946
6377,0.6412648970489927,0.27117864705576444,0.46736754986289275,0.17389734718609992
6378,0.6458428152085562,0.27190374055989075,0.4702357379396195,0.17560707726893673
6379,0.6204588499710788,0.2548466936298152,0.4623369635225918,0.15812188644848701
6380,0.6199037891390727,0.26296710815654456,0.4568894823738864,0.16301430676518633
6381,0.5983718515684286,0.2543354381358372,0.4461846845316202,0.15218716703680846
6382,0.588224203550618,0.25477874928066535,0.43835717667337604,0.14986702687724196
6383,0.613570757739121,0.2576394185964539,0.45549074444742815,0.1580800132916928
6384,0.6269926603435328,0.25107260308518603,0.46957198099577613,0.1574206793477567
6385,0.632868364996723,0.25791126390190033,0.46964448509688905,0.16322387989983403
6386,0.6267661954778797,0.24983363787022383,0.4701789167675612,0.15658727871031852
6387,0.6058095531468823,0.2426438682925487,0.45881357972274245,0.1469959734241399
6388,0.6128650603151307,0.2091184282258517,0.4847036821874887,0.12816137812764192
6389,0.6173156387811034,0.21000724920914912,0.48767487958689515,0.12964075919420825
6390,0.6172465742077646,0.21622975690192137,0.4837794975182759,0.1334670766894887
6391,0.6291419031253187,0.22637812058253515,0.48671794151608966,0.14242396160922904
6392,0.6229982377491718,0.24531095400872582,0.47016994570116755,0.15282829204800433
6393,0.6181571537854309,0.22404709654291985,0.4796608382725699,0.13849631551286098
6394,0.6182716194954622,0.2184692556339166,0.48319827900471246,0.13507334049074973
6395,0.5871950759480489,0.21637450610036005,0.4601410314052264,0.1270540445428225
6396,0.6003686860910569,0.21961310806485373,0.46851985295378734,0.13184883313726953
6397,0.6080502629053297,0.23626244379107786,0.4643908218435091,0.14365944106182058
6398,0.5733868096100166,0.200295691825723,0.45853990189543425,0.11484690771458239
6399,0.5820893975602156,0.18619375035335042,0.47370798958755667,0.10838140797265892
6400,0.5947101051555387,0.20428627945562938,0.47321899041864757,0.12149111473689111
6401,0.6005181574509794,0.23966921526944931,0.45659244189964754,0.14392571555133182
6402,0.6249512956882886,0.23957995529257528,0.4752254922072514,0.14972580348103717
6403,0.6252225332081085,0.24236016574635558,0.473693496431435,0.15152903677667348
6404,0.6388456521899625,0.23516870428007952,0.4886091479294866,0.15023650426047583
6405,0.64197000339232,0.24107499761531798,0.48720708635541077,0.15476291703690923
6406,0.6343589210836469,0.22897943101352206,0.4891037762755617,0.1452551448080852
6407,0.6532306290016265,0.2406937359330739,0.4960021084813133,0.15722852052031325
6408,0.6286594236916082,0.24143204838267995,0.47688089129466815,0.15177853239694006
6409,0.6599288376204956,0.22074335654761587,0.5142539309215808,0.14567490669891475
6410,0.6584458969464911,0.21933245576162308,0.5140273413830526,0.1444185555634385
6411,0.6332172285730719,0.23814078858361953,0.48242237841594654,0.1507948501571254
6412,0.6345604860202011,0.23803528637364196,0.4835126990089851,0.151047787011216
6413,0.6404719581401672,0.21960495972339755,0.49982113956883023,0.140650818571337
6414,0.6585763171099757,0.21575755966886564,0.5164834980746182,0.14209281903535737
6415,0.6633401920807639,0.20432389090405476,0.5278039430417791,0.13553624903898473
6416,0.6434949651245191,0.20248708939641358,0.5131955425952086,0.13029942252931054
6417,0.6304687639896089,0.18917273849035726,0.5112012613730639,0.11926750261654506
6418,0.6045822103710631,0.19690249086095343,0.4855384672187798,0.11904374315228328
6419,0.6142789603004946,0.1917272935941984,0.4965049177302227,0.11777404257027187
6420,0.6183714184259886,0.1921471697861075,0.4995531004988141,0.11881831792717457
6421,0.6055261210450551,0.20714321605100106,0.48009549292889464,0.12543062811616046
6422,0.6094217221442308,0.20096095963571653,0.4869517480392752,0.12246997410495564
6423,0.6121065917502407,0.2210863861633331,0.47677815743342533,0.1353284343168154
6424,0.613511583530587,0.2015058714451789,0.4898853972495444,0.12362618628104259
6425,0.6527781214520462,0.2037478782799018,0.5197759642186517,0.13300215723339445
6426,0.6362807400685179,0.23569459993644637,0.48631280559080253,0.14996793447771534
6427,0.6334356988890304,0.20267564734473031,0.5050537085654345,0.1283819903235959
6428,0.6505972891883833,0.212328099774503,0.512457203056571,0.13814008613181225
6429,0.6566632483236574,0.19384133044782614,0.5293747706124085,0.127288477711249
6430,0.6316607941577949,0.21102194921654271,0.49836650213094763,0.13329429202684723
6431,0.6339500911666857,0.21253648099487502,0.49921256966373806,0.13473752150294757
6432,0.6244393895189988,0.22388646985323202,0.4846358589622829,0.13980353055671593
6433,0.6277178882327401,0.21974205159447419,0.4897818716499269,0.13793601658281315
6434,0.6631204083688741,0.2039027947926374,0.5279083038184257,0.13521210455044844
6435,0.6634419011309727,0.20770738870507988,0.5256401162895246,0.13780178484144812
6436,0.665118652613634,0.19606005119318978,0.5347154555326595,0.1304031970809745
6437,0.6452072796104409,0.19837733105070196,0.5172127815068377,0.12799449810360325
6438,0.6557466772300795,0.2205743797326098,0.5111057606383349,0.14464091659174466
6439,0.6570265163415346,0.21705206037887995,0.5144175572460468,0.14260895909548793
6440,0.6606184615612455,0.21549222527025974,0.5182603192247972,0.14235814233644833
6441,0.6515297148658798,0.22578470037734008,0.5044242734079534,0.1471054414579265
6442,0.6472429972406128,0.2307916060026999,0.49786474643345074,0.1493782508071621
6443,0.6568049902277884,0.22835180401847222,0.5068223858209379,0.1499826044068505
6444,0.6559595150880069,0.19290071136247025,0.5294244580025493,0.12653505708545756
6445,0.6497996873827917,0.1965764488464336,0.5220643723755598,0.1277353150072319
6446,0.6569413553188995,0.19766572945107394,0.5270865631132121,0.12985479220568744
6447,0.6499623113373412,0.2010022108237757,0.5193184498064044,0.1306438615309368
6448,0.6578333365907513,0.200652307471623,0.5258375596720601,0.13199577691869108
6449,0.6642615571744788,0.1932182445512531,0.5359141051743441,0.12834745200013464
6450,0.676986612685457,0.19307153511195638,0.5462797681240323,0.13070684456142462
6451,0.6407080120559709,0.19249079259168045,0.5173776189954772,0.1233303930604938
6452,0.6362219566766388,0.19528737378883457,0.5119758416104644,0.12424611506617449
6453,0.6249056893006731,0.18764744120413387,0.5076437357094963,0.11726195359117682
6454,0.632223736940204,0.1911985835717001,0.5113434539368298,0.12088028300337413
6455,0.6452828220551391,0.17698569708604492,0.5310769919760601,0.11420583007907907
6456,0.6423165485781291,0.18245563039972598,0.5251222777911304,0.11719427078699877
6457,0.649681958918,0.1927203641711345,0.5244750151999069,0.125206943718093
6458,0.6393889028261206,0.20336161075886094,0.50936174564606,0.1300271571800607
6459,0.6502281316238829,0.21033271594219982,0.5134638827174094,0.13676424890647348
6460,0.6435603716644657,0.20945120963651573,0.5087658733452177,0.13479449831924797
6461,0.6336746793365357,0.1961052940463639,0.5094077200155089,0.12426695932102667
6462,0.6299565271091135,0.18718114922635884,0.5120405404021838,0.11791598670692975
6463,0.6325671217342447,0.18558235508803833,0.5151738255315417,0.11739329620270296
6464,0.6389296067728697,0.187701397362591,0.5190016267652713,0.11992798000759843
6465,0.645030636781634,0.20768438321077484,0.511067846829587,0.133962789952047
6466,0.6557144383993749,0.20989843625872626,0.5180810031470773,0.13763343525229768
6467,0.6520525434289115,0.20470198222179856,0.5185760952762479,0.13347644815266357
6468,0.6642522984418299,0.19540464793842077,0.5344543119225174,0.12979798651931257
6469,0.6702533274187752,0.19670337813224084,0.5384122337111272,0.13184109370764796
6470,0.6639944623374489,0.19562115319048048,0.534103099902904,0.1298913624345448
6471,0.6612312101074096,0.20794111256912098,0.5237340566122486,0.13749715349516095
6472,0.6613172577510391,0.19490304444204462,0.5324245108732972,0.12889274687774185
6473,0.6654081848936262,0.19138822387952267,0.538056894231938,0.12735129066168815
6474,0.6845805808204685,0.20360093710707106,0.5451993330401181,0.13938124778035038
6475,0.6949378813698632,0.20042337665952276,0.5556560846171004,0.13928179675276284
6476,0.680703757424813,0.18691771252734102,0.553468168178201,0.12723558924661207
6477,0.6698191433697456,0.17487885599876568,0.5526819378511713,0.11713720551857432
6478,0.6777693120141925,0.1721031462161295,0.5611230810078085,0.11664623100638406
6479,0.68564160040068,0.17878165536514848,0.5630614600938368,0.12258014030684322
6480,0.6787753110923671,0.17234665265277577,0.5617906583222511,0.11698465277011601
6481,0.6833659675389082,0.16594909318104908,0.5699620049150362,0.11340396262387203
6482,0.6639349924573488,0.18238021359068501,0.5428463867226476,0.12108860573470112
6483,0.6636528828066406,0.16519732918969346,0.554019199057943,0.10963368374869766
6484,0.6687230113146739,0.17186106633014317,0.5537955615106297,0.11492744980404426
6485,0.6811230996273744,0.1838437849848314,0.5559028509512774,0.1252202486760969
6486,0.6691518300993291,0.17157051985634095,0.5543451027463653,0.11480672735296382
6487,0.6598799739899731,0.16627011323318883,0.5501616559943465,0.10971831799562654
6488,0.6668134303504647,0.1741324405338226,0.5506995803428082,0.11611385000765655
6489,0.6644845315933308,0.19190946916269055,0.5369636578684356,0.12752087372489518
6490,0.656629315779135,0.20582169463929645,0.5214807572556317,0.13514855852350327
6491,0.6533407125257128,0.19246833870874652,0.5275933109751001,0.12574740155061268
6492,0.6559149862677369,0.1834557890458804,0.5355835849149715,0.12033140135276547
6493,0.6557962938847681,0.1953957059435024,0.5276565140860213,0.12813977979874683
6494,0.6573302449249709,0.20076247227441896,0.5253629998530844,0.1319672450718865
6495,0.6619079685948492,0.21224553237035887,0.5214209594202527,0.14048700917459656
6496,0.6741883221281098,0.22067977354652635,0.5254085958731659,0.14877972625494382
6497,0.6873827431923801,0.2309957805724503,0.5286002298766241,0.158782513315756
6498,0.6920685594261454,0.24538818602877538,0.5222431110210158,0.16982544840512956
6499,0.680844099318173,0.24329802688098645,0.5151960733404992,0.16564802597767386
6500,0.6801887469009316,0.2473116590071646,0.5119701394668578,0.16821860743407377
6501,0.6677568243538151,0.23117599378030385,0.5133874768802421,0.154369347473573
6502,0.6562524349268695,0.22088487170801144,0.5112962000299778,0.1449562348968917
6503,0.6351879505588469,0.2480292127310678,0.4776427832454757,0.1575451673133712
6504,0.6287556494975323,0.23313486683642173,0.4821707848792772,0.14658486461825504
6505,0.6249194404563356,0.23444764303566343,0.47840855055418213,0.1465108899021535
6506,0.6213305541840431,0.24201122814596573,0.4709615836813493,0.1503689705026938
6507,0.6388635594143448,0.24477129814637624,0.48248809663808107,0.15637546277626374
6508,0.6573660907388063,0.24604170193612254,0.4956266189783348,0.16173947176047146
6509,0.6402769553275891,0.25338864394725086,0.4780380458664568,0.1622389094611323
6510,0.6514551409325698,0.2383109281838994,0.49620626162675613,0.15524887930581371
6511,0.6025388281149947,0.23161710063259633,0.46298053172843734,0.1395582963865574
6512,0.5769738990180914,0.24012396644075523,0.4384286378530795,0.13854526116501187
6513,0.5974211584275579,0.24095807161908284,0.45346770814841497,0.14395345027914294
6514,0.6065530660849011,0.24057141402514978,0.46063373729556634,0.14591932878933478
6515,0.568469348811956,0.21299368473431982,0.44738896754997814,0.12108038126197783
6516,0.5651646156444131,0.21514857389050018,0.443570254575145,0.12159436106926816
6517,0.5794454207884971,0.2204334759725443,0.45171625254771514,0.127729168240782
6518,0.5348186332293379,0.21001375934628982,0.42249936149640005,0.1123192717329378
6519,0.5365799585910095,0.2133803599331187,0.42208433389396194,0.11449562469704753
6520,0.5279765392515272,0.2002558165937484,0.4222461662413714,0.10573037301015582
6521,0.5408104175157371,0.20583352345584605,0.42949350375684575,0.11131691375889137
6522,0.5341472104784865,0.2229458030336091,0.4150613317001981,0.11908587877828838
6523,0.5320893567200063,0.23996976112681975,0.40440400088978323,0.1276853558302231
6524,0.5298426480965095,0.25384706803421697,0.39534364535772515,0.13449900273878432
6525,0.5297210514917221,0.22377125674508228,0.411184706075093,0.1185363454166291
6526,0.5228909653490752,0.20266249989670332,0.41692057513803116,0.10597039021104405
6527,0.5005509964962754,0.19805379092657038,0.40141497408811566,0.0991360224081598
6528,0.5063505290411305,0.20833866134000537,0.4008581376518979,0.10549239138923265
6529,0.4984062545365178,0.2259024071605804,0.3858150818928295,0.11259117264368833
6530,0.4888684927068919,0.23508592248339322,0.37394239212582625,0.11492610058106567
6531,0.49853760318483586,0.2457195283772981,0.3760371784519094,0.12250042473292645
6532,0.454513608583437,0.2100318190588365,0.3590512885856617,0.09546231999777527
6533,0.4031118892429652,0.13749555861607088,0.347685794846724,0.055426094396241195
6534,0.41421876800013846,0.15974220138120737,0.34805055014638475,0.06616821785375374
6535,0.4771933843812291,0.2172613246029965,0.3735177175987764,0.10367566678245269
6536,0.4650849421443108,0.20971025961597936,0.36755185818374464,0.09753308396056616
6537,0.4628630698011291,0.20247671015365895,0.3691440781761731,0.09371899162495603
6538,0.473432890620706,0.19771794984101249,0.3798267100998757,0.09360618052083029
6539,0.49019424135790096,0.1953008580668534,0.39445888540127266,0.0957353559566283
6540,0.49602596601394117,0.18499940850421054,0.4042614556986324,0.09176451031530876
6541,0.47789270984018656,0.19284011746219543,0.38573582354027813,0.09215688629990845
6542,0.4784556036720879,0.19429165331098078,0.3854956733987346,0.09295993027335332
6543,0.45030069428187686,0.21547268872297837,0.35327319295113696,0.0970275013307399
6544,0.4350176564927945,0.22401408196956046,0.33756757553301153,0.09745008095978297
6545,0.43713670704754776,0.2127139904490383,0.34415161371971165,0.09298509332783612
6546,0.4279565236907146,0.20775244358192252,0.33904751014714374,0.08890901354357086
6547,0.44101014485285195,0.21536285005486358,0.3460329431542335,0.09497720169861842
6548,0.4406714074698939,0.2057294506766838,0.35001232088219153,0.09065908658770237
6549,0.4157592459934432,0.19821039744656363,0.3333514406029992,0.082407805390444
6550,0.42556638404248004,0.19012896557106349,0.34465388766266536,0.08091249637981467
6551,0.41051761603474046,0.19608523172310557,0.33002117416815147,0.08049644186658897
6552,0.4193898613269331,0.1830124166674648,0.34263630927965816,0.07675355204727496
6553,0.41607599593690103,0.20091966751942825,0.3324781451704439,0.08359785076645714
6554,0.41560982489637466,0.2407476165770562,0.3155527501265648,0.10005707476980988
6555,0.4148470497366724,0.2256948306407334,0.32121821510454623,0.09362883463212618
6556,0.4216321494439802,0.2202533016291922,0.3287662764559306,0.09286587298804962
6557,0.43352031006491565,0.25155907459481647,0.3244643420469276,0.10905596801798807
6558,0.4637041609176811,0.27674596961299114,0.3353759032909389,0.12832825762674213
6559,0.4859290513260768,0.32599331194974335,0.3275194305116922,0.1584096208143846
6560,0.5144243261957611,0.35714720840223557,0.33069911416074393,0.1837252120350171
6561,0.5610239500614237,0.38629510538204737,0.34430314415059354,0.21672080591083015
6562,0.6064366994416099,0.38931085178907493,0.37034431142584157,0.23609238801576837
6563,0.6204111409426151,0.38275076654138873,0.3829483011760116,0.23746283976660348
6564,0.6294531393780634,0.39397196180769667,0.3814662511912742,0.24798688818678913
6565,0.6535099570036377,0.39951740953247517,0.39242135187786514,0.26108860512577253
6566,0.6498204444978659,0.3951274193116893,0.3930585692474493,0.2567618752504166
6567,0.6534453247478632,0.3812598846315308,0.4043128356214797,0.24913248912638353
6568,0.6514975612064341,0.38839603579096177,0.3984584911063756,0.2530390701000585
6569,0.6502072827758196,0.39229378142299043,0.3951350091069257,0.2550722736688939
6570,0.6515098399098235,0.3963245824402621,0.3933004746518407,0.25820936525798277
6571,0.6465960867518359,0.3974335582099401,0.38961710326943066,0.2569789834824052
6572,0.6547272855291846,0.3937027159957155,0.3969593749798423,0.2577679105493423
6573,0.6516696756539456,0.4020155705716899,0.3896883191716566,0.26198135648228904
6574,0.6619236444372351,0.40196278571487604,0.39585497238870093,0.2660686720485341
6575,0.6545325182827233,0.39295865357432314,0.3973283011777333,0.25720421710499
6576,0.6564405536969843,0.3867699149209433,0.40254909659294474,0.25389145710403954
6577,0.6664232883725535,0.39040057811596984,0.40625125132196294,0.26017203705059055
6578,0.6569867225970637,0.38844285090373404,0.4017849270655596,0.25520179553150407
6579,0.6525237176575359,0.3822627628669987,0.4030881985095209,0.24943551914801504
6580,0.6471405851666227,0.37723967520629764,0.40301348100555257,0.2441271041610701
6581,0.6588552061322316,0.3725706420160453,0.4133850989879322,0.24547010714429937
6582,0.6429944850273872,0.3780544611510979,0.39990755146723067,0.24308693356015657
6583,0.6557169329067553,0.36885202074782625,0.4138544171655318,0.24186251574122347
6584,0.6511716424260322,0.36690171769780167,0.41225564830382233,0.2389159941222099
6585,0.6477827163535386,0.3571752417071402,0.41641076806625554,0.231371948287283
6586,0.6433001999778115,0.3484777743496513,0.4191243780508581,0.22417582192695337
6587,0.6496220205303584,0.3418777161911469,0.42753072776396117,0.22209129276639727
6588,0.6398232311019817,0.3493807448426562,0.41628131405193636,0.2235419170500453
6589,0.6375314482471945,0.3368237395283041,0.422795721781679,0.21473572646551553
6590,0.6478871997033064,0.33197199772921365,0.4328067917146138,0.21508040798869263
6591,0.6419431315320397,0.3310084493136568,0.42945453101606645,0.21248860051597332
6592,0.6374803348618309,0.31065923022409186,0.4394411847506582,0.1980391501111727
6593,0.6664365907058653,0.3122671419607569,0.45833034122807403,0.20810624947779124
6594,0.6658060693195549,0.31998668386542056,0.4527569931005202,0.21304907621903468
6595,0.6684868659283502,0.3219357594008499,0.45327703909621264,0.21520982683213755
6596,0.6680257018817254,0.31980904085541995,0.4543850428961621,0.2136406589855633
6597,0.6832505460472456,0.31897104815870625,0.4653134032195473,0.2179371428276983
6598,0.6831253894413164,0.30873253403113815,0.47222235689809067,0.2109030325432257
6599,0.6862302981056425,0.2960912845296847,0.48304348765635435,0.20318681044928816
6600,0.6743636644219768,0.28734295663847653,0.48059001523740863,0.19377364918456821
6601,0.6883503726840221,0.3046167192366709,0.4786673404716756,0.20968303221234652
6602,0.6983961670310888,0.30000773807375725,0.48887191268070984,0.20952425435037889
6603,0.6986247640653764,0.30246177422011367,0.48731747841205436,0.21130728565332207
6604,0.7126529933817696,0.29864004905410907,0.49982626847968026,0.21282672490208931
6605,0.7059486633247295,0.2981249823823088,0.4954877305082301,0.2104609328164994
6606,0.7095183218900397,0.2951888166008324,0.5000764480947104,0.2094418737953293
6607,0.7070718535932211,0.29713475298090614,0.49697623303604793,0.21009562055717318
6608,0.7123204378049011,0.2985732836390139,0.49964058568631176,0.2126798521185893
6609,0.7125814244584551,0.29870061867218983,0.4997329121184042,0.21284851234005084
6610,0.7122173804503559,0.3012005764778468,0.49769709488116676,0.21452028556918915
6611,0.6980399266263332,0.3039954181483069,0.4858389872473476,0.2122009393789856
6612,0.6793722247398035,0.3012874002707699,0.4746859333317789,0.2046862914080246
6613,0.7225492727990247,0.2917846801847316,0.511720464317651,0.2108288084813738
6614,0.7157937074396725,0.29838002978610983,0.502215159693113,0.21357854774655946
6615,0.7033125102352493,0.2980556176460302,0.49368626559890216,0.2096262446363472
6616,0.7085812553631908,0.2951392152130343,0.49945113974063204,0.20913011562255882
6617,0.7248133664644089,0.2938912398536787,0.511797067531665,0.2130162989327439
6618,0.6951526687178544,0.2976577891248156,0.4882350622430825,0.20691760647477192
6619,0.7120252859278691,0.2920521481252983,0.5040767716531052,0.20794851427476388
6620,0.7169223089046506,0.28669319791229464,0.5113855595101103,0.20553674939454022
6621,0.7188776252600922,0.2925823404407012,0.5085467271710411,0.21033089808905112
6622,0.7106605532499047,0.30753615950346636,0.4921067359928204,0.21855381725708437
6623,0.7116403105251397,0.3157123273473852,0.48696669185503194,0.22467361867010774
6624,0.7012803026058346,0.3187897911229729,0.4777193014194654,0.22356100118636923
6625,0.7044592663018409,0.3123029455395692,0.4844545624231322,0.22000470387870869
6626,0.713562043551344,0.31067220402922924,0.49187815076964714,0.2216838927816969
6627,0.7125014069137111,0.3157687417790051,0.4875157341367976,0.2249856727769135
6628,0.7063101151869019,0.3206592411387519,0.47982524964244555,0.22648486554445638
6629,0.7063436890672478,0.3123212732806682,0.48573752872400056,0.22060616034324723
6630,0.695296885050471,0.31614380569633377,0.4754830817218088,0.21981380332866224
6631,0.698952554251252,0.3067074987981999,0.48457856455823733,0.21437398969301466
6632,0.6948615177902387,0.29101224016406135,0.4926483108943016,0.20221320689593714
6633,0.710638010163085,0.29229399295344466,0.5029227886280263,0.2077152215350587
6634,0.7044279854837561,0.2839876377866533,0.5043791458954132,0.2000488395883428
6635,0.7098395040198272,0.28695677951548515,0.5061462459734283,0.2036932580463989
6636,0.7147438851897014,0.2927869362161039,0.505476212865814,0.20926767232388743
6637,0.7010964926615204,0.26413603960839166,0.5159116417065726,0.18518485095494783
6638,0.7072522265032187,0.25736350683193343,0.5252313132756574,0.18202091322756128
6639,0.705241294234335,0.2674385714788606,0.5166325699564016,0.18860872427793335
6640,0.6971604871832546,0.26528230458510293,0.5122161464776077,0.18494434070564691
6641,0.7033534274791775,0.2673937537629686,0.5152811142834703,0.1880723131957072
6642,0.7099824559070204,0.27692719318183845,0.5133690071843409,0.19661344872267952
6643,0.6992484287060216,0.28452327288417784,0.5002959772114656,0.19895245149455595
6644,0.7079029945019881,0.2828545839973502,0.5076693874816498,0.20023360702033832
6645,0.7047735683262033,0.30150695466875044,0.49227943600914126,0.21249413231706207
6646,0.7056029290375475,0.30987594275737956,0.48695355618966907,0.21864937284787844
6647,0.7202747184232405,0.3230250371789363,0.4876079507255254,0.23266676769771516
6648,0.7226439037107889,0.33014334719704386,0.4840678265081708,0.23857607720261811
6649,0.6983461465675193,0.30420890088285696,0.4859030328844357,0.21244311368308355
6650,0.7065292889203456,0.3045969276391584,0.49132263822812905,0.21520665069221656
6651,0.6978247382253876,0.31220312396660876,0.47996167497024056,0.217863063255147
6652,0.705887676241356,0.3283183898938512,0.47413177093188186,0.23175590530947413
6653,0.709281642641341,0.3251194679903516,0.47868037233046556,0.23060127031087543
6654,0.7190414695652377,0.3230387545132804,0.48676320879348456,0.2322782607717532
6655,0.7133401708470047,0.3227216466357546,0.48312985629982885,0.23021031454717586
6656,0.7169109056673142,0.3118016074188954,0.49337693290410956,0.22353397276320464
6657,0.6988213823759476,0.29739497198137327,0.4909954169442681,0.20782596543167947
6658,0.692355410320679,0.28141800377756265,0.4975141328436382,0.1948412774770408
6659,0.699006572252138,0.2892687119725186,0.4968058414364368,0.20220073081570122
6660,0.7028314886867707,0.2942454044665117,0.4960265530263313,0.2068049356604394
6661,0.7114051125214326,0.29576601971585037,0.5009956539854619,0.21040945853597076
6662,0.7119428726954028,0.2999451496899466,0.4983990611740896,0.21354381152131321
6663,0.7009045309484544,0.3004547526230797,0.49031443348994086,0.21059009745851356
6664,0.7042920520232622,0.29319523965113237,0.497796975045914,0.20649507697734812
6665,0.6935122144960713,0.2915997852050365,0.4912842017119477,0.20222801278412356
6666,0.7055204801092685,0.2907818246410891,0.5003679475814382,0.2051525325278303
6667,0.7062244773889452,0.3002195853476729,0.49420205762485914,0.21202241976408612
6668,0.6936633807509229,0.2980270742735905,0.48693291285499773,0.2067304678959252
6669,0.6861392283761318,0.28373027204116996,0.49146075845085346,0.19467846992527835
6670,0.6937285830898235,0.2918079628709955,0.49129305847300003,0.20243552461682351
6671,0.6992932126463646,0.3058125631090011,0.485440562922252,0.21385264972411253
6672,0.7051524564117592,0.32171033478468836,0.47829762358528677,0.2268548328264724
6673,0.7076422040441693,0.3092685132466469,0.4887907516888488,0.21885145235532058
6674,0.7073366927698527,0.31184527788389893,0.48675708525555994,0.22057960751429276
6675,0.7110566476358151,0.30829254869205447,0.49184318147174155,0.21921346616407356
6676,0.7068063337026912,0.3050088489292223,0.49122414744414955,0.21558218625854164
6677,0.709234376398436,0.32187589713457554,0.48094892521650817,0.22828545118192783
6678,0.6957489411530087,0.3426107383486415,0.45737788271929086,0.2383710584337178
6679,0.6850287589404153,0.33818464727074216,0.45336254972783663,0.2316662092125786
6680,0.6876454945576737,0.3434005581395005,0.45150764792445564,0.236137846633218
6681,0.6759046395319669,0.3485767031672554,0.4403000286284617,0.2356046109035052
6682,0.666434663656919,0.3396690265420212,0.44006745019871396,0.22636721345820496
6683,0.6845430466734341,0.31896356118997654,0.46619875871863925,0.21834428795479488
6684,0.685234021674447,0.3265436485346618,0.46147520413679355,0.22375881753765345
6685,0.6844454841118189,0.3307851167353869,0.4580411047508825,0.22640437936093644
6686,0.6834461940091441,0.33656057177208865,0.45342515217796875,0.23002104183117536
6687,0.6879700076842166,0.32615496804323135,0.4635851718132693,0.22438483587094726
6688,0.6808238910262189,0.3333618644856344,0.45386316932735415,0.2269607216988647
6689,0.6837347592213286,0.3240809117298111,0.46214937507151754,0.22158538414981108
6690,0.6808024992605928,0.32754814833930346,0.4578069012430156,0.22299559801757718
6691,0.6896301906667057,0.33539272633411843,0.45833324085668137,0.23129694981002435
6692,0.6976479474951803,0.3338684266033291,0.46472532494192254,0.23292262255325782
6693,0.6864771870129411,0.322957991585734,0.4647738934258173,0.2217032935871238
6694,0.698882378514509,0.315517323710493,0.4783728808571873,0.2205094976573216
6695,0.7009057226899065,0.31815222164881707,0.477911009849743,0.22299471284016345
6696,0.6964986933778741,0.32574543319504556,0.46961742478371526,0.2268812685941588
6697,0.6975940818576712,0.3342889718587591,0.46439607345871525,0.23319800839895596
6698,0.6835907430214854,0.3345621620148287,0.45488714610289405,0.2287035969185913
6699,0.6825486334292764,0.33542764571291545,0.4536029522335265,0.22894568119574993
6700,0.689341296186896,0.31878275195851513,0.46959118074978745,0.21975011543710857
6701,0.6887805242873302,0.3084795665798058,0.4763058066865632,0.212474717600767
6702,0.6787162602443623,0.291745101537819,0.480704115984002,0.19801214426036026
6703,0.6853775353769861,0.29946309156004314,0.480132259747191,0.20524527562979508
6704,0.693264047888654,0.29124541230082107,0.49135407442798684,0.20190997346066722
6705,0.6669008409967063,0.2983588902851336,0.4679250461467067,0.19897579484999964
6706,0.6724278593714997,0.2947930255939182,0.47420081621373356,0.19822704315776615
6707,0.6576581432481614,0.31348785133416807,0.45149030500887677,0.20616783823928464
6708,0.6749991991014499,0.32714364653619366,0.4541774996983914,0.2208216994030585
6709,0.6795387085665684,0.30263987433055045,0.47388319920323757,0.20565550936333082
6710,0.6826522130975513,0.3019831075017474,0.47650277644340766,0.20614943665414362
6711,0.6896523214143951,0.3172820924441045,0.4708379898171018,0.21881433159729338
6712,0.6762983300936094,0.3051982337199701,0.4698932742812745,0.2064050558123349
6713,0.6836769414536766,0.2783947280227934,0.4933448852822251,0.19033205617145157
6714,0.6753630629244358,0.28065479075732647,0.4858191838141512,0.18954387911028464
6715,0.672118313158004,0.3012499150874123,0.4696427283904605,0.2024755847675435
6716,0.6887655235157547,0.32020875091644535,0.46821677555646335,0.22054874795929139
6717,0.6950884694050433,0.31452978825251204,0.47646244030631235,0.21862602909873097
6718,0.6895489118261688,0.31375085289686433,0.4732023526266037,0.21634655919956516
6719,0.6945947485462649,0.30975803869539753,0.47943844154845106,0.21515630699781385
6720,0.6903389213161316,0.31287242076352334,0.47435091185667405,0.21598800945945756
6721,0.6946019171053528,0.3071233258750264,0.48127346616478744,0.21332845094056535
6722,0.6992010687616083,0.310099900362568,0.48237888700523246,0.21682218175637577
6723,0.6753161657132413,0.29902824861578264,0.4733775554180851,0.20193861029515617
6724,0.6858691097625579,0.27634188324558673,0.4963347483107986,0.18953436145175928
6725,0.6947861854521439,0.28572505056043085,0.4962683674851412,0.19851781796700269
6726,0.6957843506117809,0.29018775892485826,0.4938762492127604,0.20190810139902052
6727,0.6989691199954975,0.2864062684030518,0.4987799826086221,0.20018913738687535
6728,0.6924813174573169,0.2717926125171283,0.5042700110662899,0.188211306391027
6729,0.6968589657034128,0.2749230954296699,0.5052763417743124,0.19158262392910042
6730,0.6979665078200202,0.28130714732812234,0.5016235405745988,0.1963429672454215
6731,0.6759497619263574,0.26190951119675326,0.4989120901866634,0.17703767173969398
6732,0.6856821990069861,0.25783811540978524,0.5088871930449875,0.17679500596199862
6733,0.6939634809599879,0.24927691212744751,0.5209744072970675,0.17298907366292052
6734,0.7012791764816854,0.24751715668467644,0.5277005486767672,0.17357862780491817
6735,0.6967824519913997,0.2490608695735504,0.523241208594831,0.17354124339656862
6736,0.6906704140239307,0.26400590625484355,0.5083293454461348,0.18234106857779583
6737,0.6897770395655075,0.2613753690272328,0.5094863113025608,0.18029072826294668
6738,0.6951374199128747,0.2582483496591482,0.5156193284340564,0.17951809147881823
6739,0.6884835406376754,0.23226083171129805,0.5285757808696296,0.15990775976804575
6740,0.6900274557965314,0.23778420010281986,0.5259498291709692,0.1640776266255621
6741,0.6949970181765346,0.25461698658718135,0.5180389717213488,0.17695804645518576
6742,0.6967918822476779,0.2544327628912044,0.5195051984872384,0.17728668376043946
6743,0.708159898709436,0.25911200022214853,0.52466717087772,0.18349272783171605
6744,0.7045703115131158,0.26759072641029125,0.5160338300481959,0.18853648146491986
6745,0.6947062784069377,0.2533089278339861,0.5187309758641376,0.17597530254280003
6746,0.6946144505351113,0.24786787916082467,0.5224418398465117,0.1721726106885996
6747,0.6858599922383445,0.25884867041256465,0.5083260451582771,0.1775339470800674
6748,0.6936751864847943,0.26003415280956377,0.5132959470422047,0.18037923944258966
6749,0.6974794887188381,0.2550542731120412,0.5195843647130967,0.17789512400574142
6750,0.7040301332103057,0.25157507584091393,0.5269136990536343,0.1771164341566714
6751,0.707509271262929,0.24312533244930165,0.5354958444761662,0.17201342678676274
6752,0.6959856543914702,0.26014032434398077,0.5149317205193155,0.18105393387215477
6753,0.7001235815019478,0.25551069386203695,0.5212345194032106,0.17888906209873706
6754,0.6914220406726657,0.24341801689788362,0.5231174586926376,0.1683045819800281
6755,0.7051141570357404,0.2473952100989603,0.5306722920121322,0.17444186502360828
6756,0.7017207982519785,0.2424673142265694,0.5315764409628969,0.1701443572890816
6757,0.7040352484727568,0.24186831873616546,0.5337514265936526,0.17028382187910418
6758,0.7028285912891516,0.23782397337970781,0.5356791031039029,0.16714948818524875
6759,0.6999995310725078,0.2353887854693888,0.5352274916242085,0.1647720394482993
6760,0.6900497133168495,0.21050183977642542,0.5447929791264577,0.14525673419039176
6761,0.6977760501867672,0.21589472608426372,0.5471298809635357,0.15064616922323157
6762,0.7036155288394702,0.23176643352215184,0.5405410671495434,0.1630744616899268
6763,0.696952167995262,0.2310948827441155,0.5358900884541399,0.16106207954112217
6764,0.69305413091934,0.2253014485134383,0.5369080313249905,0.1561460995943494
6765,0.6791523860406141,0.22150270375563832,0.528718296270525,0.15043408977008907
6766,0.6678598339389639,0.20767092546928906,0.5291647641410935,0.13869506979787033
6767,0.6631420229708602,0.19744754382906554,0.5322062593254261,0.1309357636454341
6768,0.6716040231121064,0.21819960478048175,0.5250602907000632,0.14654373241204316
6769,0.6956626016436166,0.23198349714048871,0.5342803584844797,0.16138224315913688
6770,0.6914567636432167,0.2259390225441904,0.5352296983340991,0.15622706530911767
6771,0.6919384543569486,0.2383287097172422,0.5270296553263141,0.16490879903063443
6772,0.6800003597560486,0.23118751454649195,0.5227927666933273,0.15720759306272122
6773,0.6912529979023293,0.22250648648311638,0.537444722068161,0.1538082758341683
6774,0.6806813302181499,0.21329210820819547,0.5354973742779618,0.14518395594018807
6775,0.6657120848694571,0.22514321453135333,0.5158315261295784,0.14988055873987868
6776,0.6575898666073937,0.24057127409435408,0.49939263456611666,0.15819723204127706
6777,0.6670260165004188,0.2228355244639424,0.5183889242824538,0.14863709221796512
6778,0.6778906972000305,0.23427260021186633,0.5190794809075444,0.15881121629248607
6779,0.68614074571064,0.24193208272540231,0.5201412860581042,0.1659994596525358
6780,0.6927213922701969,0.2381532531192317,0.5277475391957661,0.1649738530744308
6781,0.6932463611384089,0.2461169904719623,0.5226266530793846,0.17061970805902432
6782,0.6943662660797878,0.2523380005757937,0.5191512708299346,0.1752149952498532
6783,0.6847140678054476,0.2498998507144747,0.5136041244787656,0.17110994332668208
6784,0.6876251480756799,0.24742132701424488,0.5174920214504285,0.17013312662525135
6785,0.691758925285464,0.2532709019861651,0.5165565183214343,0.17520240696402964
6786,0.6861401748401063,0.2686345133710257,0.5018192428676238,0.18432093197248242
6787,0.6923081274109791,0.28145911973119564,0.4974516912871325,0.19485643612384662
6788,0.6915114305992267,0.2781315026371926,0.4991803173158691,0.19233111328335764
6789,0.6860314787282689,0.2866292209920244,0.4893948104043786,0.19663666832389026
6790,0.6918392163231257,0.30391090588178765,0.48158173336581855,0.2102574829573072
6791,0.7051422017396896,0.3099122228541473,0.48661001457027475,0.21853218716941478
6792,0.7035541084194294,0.31416134064935486,0.48252460649901996,0.22102950192040952
6793,0.6996341827236651,0.3159346131680792,0.4785955278456987,0.22103865487796634
6794,0.6965031006296288,0.3044141593693273,0.48447769475333036,0.21202540587629845
6795,0.6769057730871445,0.27957687655566116,0.4876585713249455,0.18924720176219897
6796,0.6742993823001296,0.29595194200149594,0.47473917061799714,0.1995602116821325
6797,0.6581465473993694,0.26904713981088657,0.481074101245159,0.17707244615421042
6798,0.6472818460959247,0.26719860216907293,0.4743290416096766,0.17295280448624806
6799,0.6403590727572548,0.262992273340944,0.47194958445832536,0.1684094882989294
6800,0.6467737450740199,0.2740306722100772,0.4695379009435571,0.17723584413046278
6801,0.6620154354321374,0.2773562304458356,0.4784013297637213,0.1836141056684161
6802,0.671062940865334,0.3210458964455875,0.4556209374438106,0.21544200342152345
6803,0.6994308186919048,0.33919587317211597,0.4621867714222162,0.2372440472696886
6804,0.6755480388882193,0.33478591169655003,0.4493840727942104,0.22616396609400896
6805,0.6907092521180047,0.3512989150325374,0.4480638412460143,0.2426454108719904
6806,0.680663661709515,0.35653164366102275,0.43798552761989124,0.24267813408962374
6807,0.6838033571244105,0.36708857346257223,0.43278695822869284,0.2510163988957177
6808,0.6581477733930534,0.31685507940707525,0.44961030839300775,0.2085374650000457
6809,0.6542578488467363,0.29970250652299224,0.45817513163502843,0.19608271721170786
6810,0.6519306258242793,0.2977084446467658,0.45784537319254043,0.19408525263173887
6811,0.6543212746627829,0.3127334184934728,0.44969314564448426,0.20462812901829863
6812,0.6440825418234819,0.3299886909624102,0.4315425869754093,0.2125399548480726
6813,0.6534998638813675,0.34294803758469594,0.4293833680013866,0.2241164958799809
6814,0.6517632968466555,0.33524293182252984,0.43326425835746485,0.2184990384891906
6815,0.6481139270381704,0.3167554452057263,0.4428203115351631,0.20529361550300726
6816,0.6235297295022129,0.3144413199270551,0.4274662183437774,0.19606351115843546
6817,0.6381664839726977,0.3179482533142268,0.4352625650698969,0.20290391890280077
6818,0.5994380176449273,0.30078653388415544,0.4191351340391204,0.1803028836058069
6819,0.5989419068727492,0.29920092933069053,0.4197379317213267,0.17920397515142247
6820,0.5736270337678776,0.29110781495080224,0.4066397213710007,0.1669873123968769
6821,0.5673563637400877,0.279117444009091,0.4089973056506623,0.15835905808942538
6822,0.566451386830197,0.2782414446529479,0.4088411346328972,0.15761025219729985
6823,0.5522618466927166,0.2828245468228963,0.3960686401742732,0.15619320651844343
6824,0.5367836835179347,0.2796640480231551,0.3866645856725289,0.15011909784540578
6825,0.5567537115655625,0.280784183936039,0.4004260750102652,0.1563276365552973
6826,0.5531503404049286,0.27672576219670286,0.40007939084700905,0.15307094955791953
6827,0.542397661091927,0.28030744006785635,0.3903595612124562,0.15203809987947078
6828,0.5265071133796607,0.2782879702076934,0.37998651749732304,0.14652059588233768
6829,0.5188867349364762,0.2590198428156651,0.38448477441409645,0.13440196052237974
6830,0.5045634252659111,0.2641172183866348,0.371299536885046,0.13326388838086514
6831,0.5008394698442362,0.25353966425075836,0.37385679881640077,0.12698267102783548
6832,0.5156883798839347,0.2499208867424204,0.38680708270057956,0.12888129718335511
6833,0.520914027829917,0.2511044404701212,0.39011020233864857,0.13080382549126846
6834,0.5027316767902651,0.24670795273796436,0.3787037740328148,0.12402790275745029
6835,0.5006526331049821,0.2415333223970077,0.37972833926432564,0.12092429384065645
6836,0.5084461739040025,0.2434933154241518,0.38464292930539207,0.12380324459861042
6837,0.5043303397456479,0.2485596020333685,0.3789741912051161,0.12535614854053176
6838,0.49309672471159965,0.26473010981661504,0.3625591746284847,0.13053755008311496
6839,0.48184789289381535,0.24915235691998033,0.361794354702395,0.12005353819142034
6840,0.4841844812114208,0.23729775305640188,0.36928859175517104,0.1148958894562498
6841,0.5014647430274404,0.22316304762492647,0.3895563426969862,0.1119084003304542
6842,0.5169389035467561,0.24781084580585583,0.38883583662888277,0.12810306691787335
6843,0.5178995514886229,0.26598226828998,0.38014745403731565,0.1377520974513072
6844,0.509758807755951,0.27402194938561625,0.37007370553817764,0.13968510221777328
6845,0.5178064221632143,0.28111926785007135,0.3722410598766265,0.14556536228658776
6846,0.5073319804238872,0.2844265560669232,0.36303329244930926,0.14429868797457793
6847,0.5101592319651987,0.2752108773195783,0.36975786216337414,0.14040136980182458
6848,0.5029198870309,0.2756863832351907,0.36427172231830046,0.1386481647125995
6849,0.503172442517227,0.26866657118391546,0.36798682767188784,0.1351856148453392
6850,0.5080189324280702,0.2635776910211417,0.374116475223654,0.13390245720441615
6851,0.5185904889565387,0.26125240213711914,0.38310747799117983,0.1354830109653589
6852,0.5143237497001971,0.2698770575892461,0.37551956948284004,0.1388041802173571
6853,0.5044390320516817,0.29173319140155,0.3572774233637358,0.1471616086879459
6854,0.5017937588132961,0.29413030509594196,0.35420100743830185,0.1475927513749943
6855,0.4913814836939764,0.2746214504861729,0.3564375878998889,0.13494389579408753
6856,0.5057613570543039,0.26753642989737875,0.370451769207942,0.13530958784636193
6857,0.4896375398308576,0.265140612758084,0.3598147424907433,0.12982279734011434
6858,0.5032567688877716,0.2701931101949922,0.3672802572753022,0.1359765116124694
6859,0.49263278544677347,0.26895997605455507,0.3601342832693205,0.13249850217745296
6860,0.48307800078277136,0.25590473830621735,0.3594560514109656,0.12362194937180578
6861,0.46365345120996376,0.24804367519241088,0.3486471451561992,0.11500630605376458
6862,0.4620665051426243,0.25215309391773655,0.3455550062751559,0.11651149886746845
6863,0.4592678300678832,0.25391477296537013,0.34265294326589846,0.11661488680198476
6864,0.4716631864544151,0.2563921228572647,0.3507324608057457,0.12093072564866934
6865,0.46741299443823964,0.24277399084281276,0.35393727640667877,0.11347571803156088
6866,0.47908986025773853,0.22442739000728198,0.3715689733411408,0.10752088691659771
6867,0.45961882331940923,0.21950997600972333,0.3587279064389485,0.10089091688046078
6868,0.4524917638946413,0.22042542796791273,0.35275107318620924,0.09974069070843203
6869,0.43381669252884286,0.22052425079158186,0.33814959142803774,0.0956671011008051
6870,0.4360240739468912,0.21103141056214864,0.34400929858282414,0.09201477536406705
6871,0.4539063061421642,0.1938232648188527,0.36592870396382426,0.08797760217833991
6872,0.4528756316773007,0.2041332736507241,0.36042864642637373,0.09244698525092696
6873,0.4880547306719857,0.21257636307813543,0.38430583104265603,0.10374889962932964
6874,0.48269715283961784,0.22071379797282623,0.376159230965716,0.10653792187390183
6875,0.4670192246108955,0.2217699579926019,0.3634483907871997,0.10357083382369581
6876,0.4606875339036729,0.22610432102382733,0.3565240918462415,0.10416344205743139
6877,0.4631370460559302,0.22890019202017214,0.3571248872820725,0.10601215877385774
6878,0.45410644573966863,0.22496994640867765,0.35194614297778026,0.10216030276188834
6879,0.44316113371106336,0.22655972495912513,0.34275866914491077,0.1004024645661526
6880,0.4323721013624764,0.2205937118241418,0.3369935346337236,0.09537856672875275
6881,0.4636555938773669,0.20176389188447758,0.3701066367626606,0.09354895711470629
6882,0.44390353089246654,0.1968184637616459,0.35653511988384096,0.0873684110086256
6883,0.43338820288057817,0.19778939500374665,0.3476686124310676,0.08571959044951057
6884,0.4324181219265065,0.20301868587835847,0.3446291630629994,0.08778895886350714
6885,0.4169287064341845,0.21174604411510103,0.3286457021687197,0.08828300426546484
6886,0.4233109374252488,0.20624697244542278,0.3360043381782574,0.08730659924699137
6887,0.467496165681787,0.1926915246859219,0.3774136167317411,0.09008254895004589
6888,0.4575880420789211,0.18343564744892854,0.37365008331528665,0.08393795876363445
6889,0.44649128689044654,0.19845281280135324,0.35788383511574146,0.0886074517747051
6890,0.4671417508816278,0.21632093550647735,0.36608921031678027,0.10105254056484751
6891,0.4816330697187768,0.23024177774129426,0.37074101552772887,0.11089205419104789
6892,0.4750896549417233,0.23043603781907235,0.3656118772481223,0.10947777769360098
6893,0.4649785845019079,0.22420337324285755,0.360728817370891,0.10424976713101683
6894,0.4497840001492421,0.2259825084896981,0.3481406835169856,0.10164331663225647
6895,0.44845387613648746,0.2193902721971704,0.3500674581830273,0.09838641795346012
6896,0.459601934213096,0.2211726610987555,0.3579505513770504,0.10165138283604559
6897,0.4744085826415681,0.2259611399100267,0.3672106785247793,0.10719790411678884
6898,0.4887450672166431,0.21996823131901982,0.3812366792151027,0.10750838800154044
6899,0.48234845934331766,0.22734057083488704,0.37269108525487954,0.10965737408843813
6900,0.47881185063857373,0.240780259584571,0.36352340894964913,0.11528844168892462
6901,0.4949533576306611,0.2422991530278368,0.3750265782884679,0.1199267793421932
6902,0.472112202376083,0.23843968166376425,0.3595419191319511,0.11257028324413187
6903,0.47461668962320375,0.23790923603562017,0.3617009955851923,0.11291569403801145
6904,0.48626845695564574,0.2397841134636727,0.3696690060991881,0.1165994508564576
6905,0.5246043802371636,0.21231572363992288,0.41322262162243695,0.11138175861472664
6906,0.5284552193121754,0.23003629784200405,0.40689133708631825,0.12156388222585716
6907,0.5493987943510393,0.25111432392422345,0.4114368875427946,0.13796190680824472
6908,0.5497932426612937,0.26472162724504833,0.4042510808156643,0.1455421618456294
6909,0.5437423865293527,0.24499655473745482,0.4105273751649398,0.13321501136441288
6910,0.5157485478009011,0.2269997756542238,0.3986737431561048,0.11707480464479626
6911,0.5301307828591882,0.21579352081438358,0.41573199473391853,0.1143987881252697
6912,0.5330994706592347,0.22940431782427417,0.4108041502601713,0.12229532039906339
6913,0.5287520425931423,0.22937269867373,0.40747075965430624,0.1212812829388361
6914,0.5377688976592987,0.23461755287484135,0.41159887487827307,0.12617002278102565
6915,0.5539387756045644,0.226666611602058,0.428379350303285,0.12555942530127936
6916,0.5627975243362292,0.20429548856659852,0.44782052913788717,0.11497699519834206
6917,0.5748696542202899,0.203900125842664,0.45765365938164404,0.11721599483864585
6918,0.6023416742359987,0.2006666434927138,0.4814717922312792,0.1208698820047195
6919,0.5843234867952873,0.2080065469776206,0.46278037598907634,0.12154311080621101
6920,0.5863824559166793,0.20614779615531162,0.46550100492531665,0.12088145099136259
6921,0.587573751696013,0.21774005025485194,0.45963541347329123,0.12793833822272177
6922,0.5902416300951867,0.20832137653877816,0.4672816812232651,0.1229599488719216
6923,0.5838730026208537,0.2130459810177873,0.4594812059876929,0.12439179663316087
6924,0.5740260095407852,0.21507419624605054,0.45056782691447306,0.12345818262631211
6925,0.5669920283911644,0.22039589807470564,0.4420293110926947,0.12496271729846967
6926,0.5778493455170645,0.21772746302133086,0.45203567350909757,0.1258136720079669
6927,0.5575527559019373,0.22620527458428305,0.43143138165791584,0.12612137424402148
6928,0.5902476973334657,0.22908269582676158,0.455032163622777,0.13521553371068876
6929,0.5800981834220348,0.2152190097167641,0.45525002684745064,0.12484815657458412
6930,0.563872430506216,0.21412990955137814,0.44313047796340427,0.1207419525428118
6931,0.5704830112855713,0.22930925168521446,0.4396659788685492,0.1308170324170221
6932,0.5832165963897306,0.21620230611730495,0.45712382328438533,0.12609277310534522
6933,0.5855740397234258,0.23642179171804412,0.44713157606844034,0.13844246365498547
6934,0.5877378952160589,0.21013934125171524,0.46423104108668667,0.12350685412937225
6935,0.575996903575128,0.21636314386999184,0.45137240265823275,0.12462450091689524
6936,0.53941463945457,0.21087999603961544,0.4256628824226797,0.11375175703189032
6937,0.5438061895136553,0.2120799565828547,0.42847579645211165,0.11533039306154368
6938,0.5587801095702288,0.23680729657649563,0.4264569024421849,0.1323232071280439
6939,0.5674952616590839,0.2292868298758941,0.43737607214368157,0.13011918951540238
6940,0.5826235099370928,0.24143981176824578,0.4419549993661264,0.14066851057096635
6941,0.5923157216426332,0.22410396819438833,0.45957541799859636,0.13274030364403686
6942,0.5689747838028512,0.23524443498651285,0.43512663226557613,0.13384815153727503
6943,0.5682374161877016,0.2287050492131327,0.43827864995375,0.12995876623395167
6944,0.565803208090193,0.19664045438909442,0.4545434081565301,0.1112597999336629
6945,0.5636763312285095,0.2091885317253455,0.44576170713048807,0.1179146240980214
6946,0.5603863235023397,0.22077238408831756,0.436668498852241,0.12371782465009873
6947,0.5625846993392932,0.23044968939227178,0.4329372301197085,0.12964746921958473
6948,0.5448040679256796,0.21549441408830314,0.42740183451511116,0.11740223341056844
6949,0.5404146113210202,0.19383449770982705,0.43566361658055885,0.10475099474046137
6950,0.5476774267770954,0.19341280368691038,0.4417496001481048,0.10592782662899058
6951,0.5613141351023433,0.20669285417626523,0.4452945144285582,0.11601962067378509
6952,0.5708094618285945,0.204887661457859,0.45385764605651474,0.11695181577207976
6953,0.5887837155979716,0.22258196625508525,0.4577310784812002,0.13105263711677143
6954,0.567425343667106,0.20242339644998178,0.4525651783702122,0.11486016529689375
6955,0.5622216693809903,0.21277003333819425,0.44259774604334173,0.11962392333764853
6956,0.5666613190227252,0.22313021508079653,0.44022205703121664,0.12643926199150854
6957,0.5796041815899661,0.23383686200569204,0.4440713585615911,0.13553282302837497
6958,0.5897863729181531,0.2396202493565581,0.44846161517240524,0.1413247577457478
6959,0.6075429167448755,0.2202550532376767,0.4737285192730596,0.13381439747181592
6960,0.589981223761058,0.1923775840087037,0.47648206132340726,0.11349916243765075
6961,0.5999544102004388,0.20746221062731207,0.47548654198465057,0.12446786821578823
6962,0.615853183829009,0.2048170176524348,0.4897159714053947,0.1261372124236143
6963,0.5892360089726758,0.2027979454607188,0.4697401569615435,0.11949585201113232
6964,0.5648165472185386,0.1835586331829082,0.4611395938120141,0.10367695340652447
6965,0.5689013674899958,0.1802793296326123,0.4663402103318229,0.10256115715817286
6966,0.5676663711119869,0.187035233919969,0.4614927586025565,0.10617361250943042
6967,0.5670820271150601,0.20215497398058768,0.4524435746787562,0.11463845243630388
6968,0.5619050105143486,0.21783807650792916,0.4395007038437352,0.12240430667061342
6969,0.5783133698219151,0.21748354248473775,0.45253972948675875,0.1257736403351563
6970,0.576440685073323,0.2140793472617951,0.453036639477684,0.12340404559563897
6971,0.5871302905414899,0.21971345266094566,0.458129867244795,0.12900042329669492
6972,0.5725508956986496,0.19913727048574945,0.4585346731150495,0.1140162225836001
6973,0.5653660132568453,0.1901994294861835,0.4578337200845153,0.10753229317233004
6974,0.5830141842025636,0.20269435692691692,0.46484049905635383,0.11817368514620971
6975,0.5824159057152305,0.2076013884618817,0.4615055550264643,0.12091035068876624
6976,0.5543529810221994,0.20030055571937638,0.44331577085875995,0.11103721016343945
6977,0.5449745733056937,0.21164132303850558,0.42963543358893164,0.11533913971676205
6978,0.5653084422102514,0.24574314047756488,0.42638777028302427,0.13892067192722718
6979,0.5705974104596576,0.2517676863514446,0.42693942059010404,0.14365798986955355
6980,0.5583720614178121,0.22325548162328465,0.43371243792099223,0.12465962349681993
6981,0.5657829898244089,0.22947052105356133,0.43595247234615997,0.1298305174782489
6982,0.5499858350878735,0.23094707753051333,0.42296821379115024,0.12701762129672323
6983,0.5645652979102395,0.24573615263361714,0.4258311936913253,0.13873410421891413
6984,0.5840252366004555,0.23960993466537164,0.4440869878156921,0.13993824878476335
6985,0.5858364889866575,0.2243120867745365,0.4544262836333926,0.13141020535326492
6986,0.5793539843894988,0.2234499664616965,0.44989735600821507,0.12945662838128374
6987,0.572102977291987,0.24055957549969315,0.43447812793251606,0.13762484935947097
6988,0.5650795981924362,0.2581262298981228,0.4192177319186766,0.14586186627375963
6989,0.5405285436936149,0.22223812544103985,0.42040249339577074,0.12012605029784418
6990,0.5290643044443286,0.2278276711232001,0.4085288160883615,0.12053548835596711
6991,0.5197037312482337,0.21163960272017207,0.4097138400346664,0.10998989121356725
6992,0.5144757084808312,0.19037894659922686,0.4165303650493597,0.09794534343147157
6993,0.5121078775344111,0.19254961930434988,0.4135017006724016,0.0986061768620095
6994,0.5500032904715093,0.17590229878775526,0.4532564473367413,0.09674684313476797
6995,0.5638974560268323,0.18939922094471992,0.4570957171626408,0.10680173886419149
6996,0.5655468620235222,0.19301963035964714,0.4563852157646836,0.10916164625883862
6997,0.6018087973016972,0.17061826594079638,0.49912922387816544,0.1026795734235318
6998,0.6062257419131094,0.19496320613927498,0.4880340276255689,0.11819171428754047
6999,0.6219976333319234,0.23281202048879085,0.4771891075766722,0.14480852575525116
7000,0.6196689357574396,0.21727599447741078,0.4850297514939832,0.13463918426345647
7001,0.6355675164711398,0.20341690718185865,0.5062823379653256,0.12928517850581428
7002,0.6284974219203232,0.19518699589143795,0.5058228982101818,0.12267452371014147
7003,0.607973921373119,0.18927757832628256,0.4928980898500813,0.11507583152303769
7004,0.6083040676138661,0.20447673178261314,0.48392003993811306,0.12438402767575307
7005,0.6121714376559529,0.20560785857665964,0.48630417927771735,0.1258672583782356
7006,0.5987486509240042,0.20627932868940985,0.4752391811577108,0.12350946976629339
7007,0.5862769566798305,0.19563249847891256,0.47158213084394207,0.11469482583588843
7008,0.6054738181492277,0.18840002930167382,0.4914025330685169,0.11407128508071084
7009,0.599916817654005,0.20522313214668542,0.4768000093075781,0.12311680834642684
7010,0.5813544422995833,0.2026342504466845,0.46355212064035695,0.11780232165922637
7011,0.577475956161477,0.18701362844969385,0.4694800822572628,0.10799587390421414
7012,0.5922748687036617,0.1914855067491929,0.47886281533512937,0.11341205336853237
7013,0.599971554426825,0.20262976205395772,0.4783994611141743,0.1215720933126507
7014,0.5960780601680051,0.21137623041280756,0.4700813267779135,0.12599673339009163
7015,0.6457741666489167,0.21276332804481018,0.5083771057873293,0.1373970608615874
7016,0.6372628729525806,0.21339106666715024,0.5012766687458567,0.1359862042067238
7017,0.636032251673848,0.21285780681427469,0.5006478215194079,0.13538443015444007
7018,0.6374570631604817,0.21250473107657028,0.5019944213807033,0.13546264177977843
7019,0.6534302801439296,0.21098533785187593,0.5155660717251167,0.13786420841881292
7020,0.6530906032524311,0.21937471443227333,0.5098190386655279,0.14327156458690318
7021,0.6581311605355846,0.21420964732547954,0.5171531167433485,0.14097804379223614
7022,0.6631627768050692,0.2221692665220367,0.5158283890975699,0.14733438770749935
7023,0.6501487403306763,0.23403984659772653,0.49798802887797966,0.1521607114526966
7024,0.641857300819213,0.23525303323794994,0.4908584238955699,0.15099887692364314
7025,0.6422121072234349,0.2487235590877907,0.4824788262255523,0.1597332809978826
7026,0.6343957940707391,0.22840499894957833,0.489496623392395,0.14489917067834407
7027,0.6379905330127307,0.23048417323582063,0.4909438124790109,0.14704672053371975
7028,0.6370097300601595,0.23252142619068994,0.4888913191292248,0.1481184109309347
7029,0.6386102069402587,0.225845010089767,0.4943832783104078,0.14422692862985093
7030,0.6452698126374666,0.23247254612014143,0.4952622963591682,0.15000751627829848
7031,0.643624242628294,0.22683384087577682,0.49762848359215517,0.14599575903613882
7032,0.6383371774119014,0.23927153435940343,0.48560126153390504,0.15273591587799637
7033,0.6271730957212026,0.2309900977062249,0.48230232106184645,0.14487077465935613
7034,0.6151926061747172,0.22203699596031096,0.4785970879626883,0.13659551821202884
7035,0.6252574442378492,0.2337802168436663,0.47908462334080826,0.14617282089704098
7036,0.6385046781756238,0.22359092153036744,0.49574082878088543,0.14276384939473843
7037,0.6265604154170332,0.21199393794213442,0.4937334055941167,0.1328270098229165
7038,0.6146975917364328,0.21510892519303196,0.48247065345926354,0.13222693827716922
7039,0.6183663846602276,0.22065003520012116,0.48192382011837676,0.13644256454185089
7040,0.6192366884687172,0.2181485949824747,0.4841510749176661,0.13508561355105103
7041,0.6373063613448986,0.2151341493228142,0.5001999994389458,0.1371063619059528
7042,0.6327124990994156,0.20843224439867883,0.5008348128530273,0.13187768624638826
7043,0.6403779540048787,0.2091333073462381,0.5064535945322213,0.13392435947265743
7044,0.6255924390723292,0.20596797059368502,0.496740433977848,0.1288520050944812
7045,0.6255571052046897,0.20069527268586984,0.5000107513950511,0.12554635380963855
7046,0.6219463926489924,0.2048778046801687,0.49452338109431665,0.12742301155467578
7047,0.6175241642698959,0.2008332656943704,0.49350476971438584,0.12401939455551003
7048,0.630159476964459,0.20468711783949695,0.501173949845359,0.12898552711909997
7049,0.6452714647499146,0.19322458960497219,0.520589150789813,0.12468231396010152
7050,0.6396836697920548,0.20433201215814598,0.5089758183987372,0.1307078513933176
7051,0.6578781154129446,0.21654868259899185,0.515415476209564,0.14246263920338068
7052,0.637751974484482,0.2286612224013908,0.4919228284099597,0.14582914607452224
7053,0.6331363254572104,0.22995188248860637,0.48754543554640595,0.1455908899108045
7054,0.6324250518748348,0.23942645054696785,0.48100576646746107,0.1514192854073737
7055,0.6530075003821132,0.22410136780035778,0.506667626362589,0.14633987401952422
7056,0.659369112710612,0.22741401434664518,0.5094193358529062,0.14994977685770583
7057,0.6333003246191904,0.21165209221122525,0.4992609859154906,0.13403933870369977
7058,0.6296099512144068,0.22409057574424898,0.48852029475246184,0.14108965646194493
7059,0.6237409040927508,0.24291412368436052,0.4722254289689695,0.15151547512378133
7060,0.6204802648339955,0.2384652547275982,0.4725172804269092,0.14796298440708633
7061,0.6337814116537371,0.2451750607738095,0.47839401553422134,0.15538739611951577
7062,0.6527717337388608,0.26510126211635976,0.4797211232508044,0.17305061048805634
7063,0.6315359586829451,0.26420588752779217,0.4646804402134025,0.1668555184695426
7064,0.6485102921610719,0.2889777892421826,0.4611052216315634,0.1874050705295085
7065,0.6364863975562428,0.2670374308862664,0.4665207051587689,0.1699656923974739
7066,0.6371395678044649,0.2519006444031534,0.4766437000997735,0.16049586770469138
7067,0.6386348861327512,0.24164026172239153,0.48431498510258353,0.1543199010301677
7068,0.6033219424075528,0.21585653190081117,0.47309096029979747,0.13023098210775527
7069,0.5813065771019391,0.1854737269092522,0.4734894797699819,0.10781709733195721
7070,0.6045514859877054,0.19648241794626878,0.4857677482478312,0.11878373773987418
7071,0.6191867521265297,0.19731288017859358,0.4970132306960153,0.12217352143051448
7072,0.6226804144378761,0.1862759825488305,0.5066900084245478,0.11599040601332836
7073,0.6189300114374003,0.19491528228156532,0.498291093545547,0.12063891789185334
7074,0.6069434185631194,0.20595830562334883,0.4819383804666163,0.12500503809650307
7075,0.6035965533129057,0.20924307362871028,0.47729815526601765,0.12629839804688808
7076,0.5916374186551222,0.20378395771840882,0.47107120394727825,0.12056621470784397
7077,0.5637124266505643,0.2208563155168737,0.43921297708944473,0.12449944956111957
7078,0.5639682080147279,0.217483525509529,0.4413144138603935,0.12265379415433444
7079,0.599598193811616,0.21454332025636663,0.4709584064915515,0.12863978732006454
7080,0.578803430416313,0.22812739489265077,0.44676251168050984,0.13204091873580315
7081,0.5662606406120466,0.22576418007271146,0.4384192713768196,0.12784136923522704
7082,0.5643497602940089,0.22955203170604116,0.4348021262257018,0.12954763406830705
7083,0.5827767195147513,0.2465558940408182,0.4390896844086166,0.14368703510613465
7084,0.5577860298750938,0.2525839482259146,0.4168982321839847,0.14088779769110918
7085,0.5339799232334671,0.2334181309765204,0.40933932757332536,0.12464059566014173
7086,0.5576070918842723,0.23518301052305682,0.4264673773259223,0.1311397145583499
7087,0.5627760481867519,0.2370789606759557,0.42935368758931514,0.1334223605974367
7088,0.5544416044074301,0.2234180153757838,0.43056936150895664,0.12387224289847344
7089,0.5349916572638996,0.2414750713655408,0.4058045086461305,0.12918714861776912
7090,0.5377665636518408,0.25361396275369225,0.4013814544076618,0.13638510924417904
7091,0.5522352533122691,0.25871283335777434,0.4093649062478037,0.14287034706446539
7092,0.5554777232711351,0.2706936348378172,0.40511343928743637,0.15036428398369872
7093,0.5858153796379023,0.2926260043997386,0.41439056577854694,0.17142481385935535
7094,0.5761641564366807,0.2801011249000687,0.4147799280916673,0.16138422834501345
7095,0.5653274218838295,0.25242353899848735,0.42262547335902234,0.14270194852480714
7096,0.5509350203431277,0.21711271836544216,0.4313200204337111,0.11961499990941662
7097,0.5266381777738234,0.21745496210379453,0.4121180927836052,0.11452008499021817
7098,0.5087180284889373,0.2286329005532124,0.39240835007179986,0.11630967841713748
7099,0.4829391322603267,0.22126998915139445,0.3760791957043004,0.10685993655602634
7100,0.4732626114891517,0.22182372748865,0.3682817349276153,0.10498087656153643
7101,0.4852188066230078,0.2235614732852586,0.3767425753486532,0.10847623127435463
7102,0.5044931448039529,0.22480187849805391,0.3910821381626336,0.11341100664131934
7103,0.5115229117479236,0.22810410971429698,0.39484243336519864,0.11668047838272502
7104,0.480835001636632,0.2147286925698348,0.3775859303933836,0.10324907124324836
7105,0.4842937846770122,0.21014911507849504,0.3825198743891228,0.10177391028788933
7106,0.47099964302927466,0.21102393432691263,0.3716074452906657,0.09939219773860895
7107,0.465370778726579,0.1919115503916134,0.3760607510742088,0.08931002765237023
7108,0.44180241800852404,0.20426738470831587,0.35155659352411267,0.09024582448441136
7109,0.43731646774811095,0.2123888930721366,0.34443530724087296,0.092881160507238
7110,0.44194171684924,0.22488228540073088,0.3425568535502602,0.09938486329897979
7111,0.45154919509448993,0.22255666715205585,0.3510539111790668,0.10049528391542313
7112,0.43468198921219625,0.22246710856802374,0.33797954392556206,0.09670244528663419
7113,0.4361914534498382,0.21000527240092667,0.3445889484491488,0.0916025050006894
7114,0.42430395897575995,0.21397505214085794,0.3335134972303493,0.09079046174541068
7115,0.4142107594083411,0.20375956917164434,0.3298113535250379,0.08439940588330322
7116,0.4278503899345485,0.2076690995634525,0.3389990847089688,0.08885130522557973
7117,0.4317542244304007,0.2276971337340759,0.3334450250500195,0.09830919938038117
7118,0.40515149338597745,0.2099668343922636,0.3200831168704256,0.08506837651555181
7119,0.40214388166442505,0.21971094052175974,0.313788471198863,0.08835541046556208
7120,0.41499398118204106,0.20271354895785615,0.33086907846047975,0.08412490272156131
7121,0.44337985494758747,0.19613302850863443,0.35641842121699807,0.08696143373058937
7122,0.4427494474729145,0.2005313691211368,0.3539642945935441,0.08878515287937039
7123,0.42818648792712183,0.20268610646089097,0.3413990358500102,0.08678745207711162
7124,0.42029431552939023,0.2126601843961071,0.3309144488882745,0.08937986664111575
7125,0.4035596491182244,0.21845797449789542,0.3153988255827757,0.08816082353544868
7126,0.3904857624458448,0.21119930965002148,0.3080154389891201,0.08247032345672471
7127,0.40802932195682023,0.20588467408104963,0.3240223379902286,0.0840069839665916
7128,0.4009423469611743,0.2036476284351588,0.31929138886330455,0.08165095809786975
7129,0.40349159990702793,0.1881642361754061,0.32756891120732945,0.07592268869969847
7130,0.3943253438226977,0.19240262686066,0.3184561118334777,0.07586923198921997
7131,0.396328065267257,0.20274383962448558,0.3159749915640296,0.0803530737032274
7132,0.4166183491908272,0.19903320819988624,0.3336974625564364,0.08292088663439082
7133,0.43640635589057847,0.18140994835624208,0.3572379014061328,0.07916845448444564
7134,0.3933815769818332,0.19497152628645417,0.3166833705047129,0.07669820647712028
7135,0.39532898999563115,0.18335652721332188,0.32284283928328217,0.072486150712349
7136,0.4139138615861183,0.18218601287224104,0.3385045454711908,0.07540931611492754
7137,0.3987581871128558,0.18722511803959896,0.3241006384613949,0.07465754865146092
7138,0.43442951850342426,0.1927439817152615,0.3506958433324304,0.08373367517099387
7139,0.44608560332315084,0.20067352379146572,0.3565680333916522,0.08951756993149865
7140,0.43806881303754536,0.22357398173163448,0.3401280242342904,0.09794078880325496
7141,0.41492064124772604,0.21971033809305043,0.3237582868774029,0.09116235437032318
7142,0.4232021581106715,0.2046935060646475,0.3365754245928729,0.08662673351779865
7143,0.4047266157077584,0.2071491408678045,0.3208878449775622,0.08383877073019623
7144,0.39550306351333275,0.21014153246252554,0.3123914436530174,0.08311161986031532
7145,0.3777733704181191,0.21355390730718743,0.2970983910887243,0.08067497932939478
7146,0.39394239389486874,0.194866533989711,0.3171762050049662,0.07676618888990255
7147,0.3871062075740568,0.19331085445461732,0.3122743758232294,0.07483183175082737
7148,0.38639461404171305,0.1914036774867918,0.3124372639530396,0.07395735008867343
7149,0.38434478068614475,0.19017353953142194,0.3112525733426325,0.07309220734351224
7150,0.3921501028093999,0.19264683083851478,0.31660362829017125,0.07554647451922863
7151,0.3920988437536242,0.19436582921166512,0.3158882268545159,0.07621061689910828
7152,0.3824208278265893,0.1989725827573567,0.3063295680137264,0.0760912598128629
7153,0.3834651304802899,0.20232845398537447,0.30587922347291296,0.07758590700737696
7154,0.3793824974960017,0.19369996508216678,0.305896120978241,0.07348637651776076
7155,0.39133707581951876,0.1844337910626504,0.31916129534275306,0.0721757804767657
7156,0.3698329160216363,0.19388114745565568,0.29812928589649035,0.071703630125146
7157,0.3576399733970867,0.1986394003579701,0.28659858353744905,0.07104138985963768
7158,0.3742599395819814,0.19395008413306883,0.30167219281241886,0.07258774676956255
7159,0.3730041324139447,0.1951864955758937,0.30019876297274023,0.07280536944120448
7160,0.3599143074299683,0.20847643014238887,0.2848806574597983,0.07503364997017006
7161,0.34376352018275685,0.21575321033288725,0.2695954371079928,0.07416808307476407
7162,0.34794635839991006,0.21856367052203574,0.27189792516324995,0.0760484332366601
7163,0.342435207994965,0.23863814161380145,0.260717106335911,0.08171810165905402
7164,0.3476159369601953,0.23384672973718773,0.26632708689752527,0.08128885006267009
7165,0.3515036436416804,0.22311766218410567,0.2730769724231537,0.07842667121852671
7166,0.3522551398432176,0.2243726023524316,0.27321873742457514,0.07903640241864245
7167,0.36101558978713066,0.2388691452749896,0.2747801044237325,0.08623548536339816
7168,0.36495858403307485,0.23204238766188695,0.28027272279633875,0.0846858612367361
7169,0.383732412851571,0.22079655795883837,0.29900561691670424,0.08472679593486679
7170,0.36811343875094926,0.21940900948604855,0.2873460337761003,0.08076740497484898
7171,0.3664964391715551,0.2162900662816429,0.28722690005115337,0.07926953912040176
7172,0.3811083340019649,0.22408707901893546,0.2957068806456917,0.08540145335627317
7173,0.39529083261545556,0.231594012109263,0.3037438427400311,0.09154698987542446
7174,0.39374018144677125,0.23375085321285827,0.30170307808940283,0.09203710335736841
7175,0.3723555552456786,0.24227860355050407,0.282141771296483,0.09021378394919558
7176,0.37263414531550326,0.24749230673462505,0.28041006112328387,0.09222408419221938
7177,0.4021365236025669,0.21212468478102242,0.3168334402944362,0.08530308330813069
7178,0.41665022043340194,0.2181793160566495,0.32574576030439006,0.09090446012901189
7179,0.4157634483879788,0.23181459386548842,0.31938341345580457,0.09638003493217426
7180,0.4082308864996706,0.2149717095591072,0.32047279493400654,0.08775809156566404
7181,0.4127822855575733,0.21409909247131073,0.32440597283146344,0.08837631272610988
7182,0.42589393157557015,0.21920734801400793,0.3325348522996301,0.09335907927594009
7183,0.41828366344638923,0.22819995512473412,0.32283135021851384,0.09545231322787541
7184,0.412983082640451,0.2294213806636126,0.31823593363036395,0.09474714901008709
7185,0.4075262267477056,0.2364241960960751,0.3111771662008125,0.09634906054689311
7186,0.4065116870526433,0.24115395556278788,0.3084797857373962,0.09803190131524707
7187,0.4356899574656255,0.22537845319572147,0.33749482877911313,0.09819512868651235
7188,0.44361798670089925,0.2420985090598432,0.3362187335284822,0.10739925317241705
7189,0.41210553428803703,0.22974106280550638,0.3174279708526724,0.09467756343536468
7190,0.416212742264541,0.22194212784305012,0.3238376006109578,0.09237514165358324
7191,0.41348108214107077,0.18815312528202646,0.335683324291234,0.07779775784983677
7192,0.4047418469273011,0.19179374529178872,0.3271148922287982,0.07762695469850292
7193,0.42434201806121613,0.18904214929399582,0.3441234909311722,0.08021852713004389
7194,0.42323826586877933,0.20054121665744665,0.33836154909546645,0.08487671677331288
7195,0.423392924932655,0.2184617969371363,0.33089774574139713,0.09249517919125787
7196,0.4221447896084181,0.22128408132607189,0.3287308676533314,0.0934139219550867
7197,0.4266949911505461,0.2354165078410454,0.32624394642061877,0.10045104472992733
7198,0.4111628161429047,0.21507149156132332,0.322733416000496,0.08842940014240866
7199,0.40915070184392976,0.21207097890957757,0.3223817119823469,0.0867689898615829
7200,0.42940936807018293,0.2148991812704336,0.33712964644204635,0.09227972162813658
7201,0.45722417510630464,0.21879817236829208,0.3571843612304452,0.1000398138758594
7202,0.4401989467484323,0.21038329680963963,0.3475884410793661,0.09261050566906619
7203,0.4408484195928806,0.21707593251638826,0.34515083781138006,0.09569758178150058
7204,0.4404343984286317,0.22156714087493826,0.3428486080258264,0.09758579040280532
7205,0.45135145485927686,0.23138352928684908,0.3469161622851834,0.10443529257409342
7206,0.44368049610569604,0.20678486529139825,0.35193408448605895,0.0917464116196371
7207,0.43169087276190615,0.19655677693273602,0.34683910618054603,0.08485176658136011
7208,0.447924204607424,0.20172905360574506,0.35756487872486226,0.09035932588256175
7209,0.458878737835581,0.1940245254169125,0.3698450085031206,0.08903372933246041
7210,0.46611005659264537,0.19468481296203097,0.37536550740518454,0.09074454918746083
7211,0.4840480977474649,0.19947415029080456,0.387493014749409,0.09655508299805586
7212,0.50222900415658,0.20126182865542436,0.401149476376234,0.10107952778034601
7213,0.49891229871845144,0.1777044889168266,0.4102533436603699,0.08865895505808154
7214,0.5139938992622507,0.1932424145536023,0.41466847710299237,0.09932542215925835
7215,0.5214479699955109,0.20974787278572526,0.41207536752051777,0.10937260247499311
7216,0.5092874352318376,0.20510553527362976,0.4048297632204775,0.10445767201136011
7217,0.49393370385425917,0.2194894321221715,0.385520475689287,0.10841322816497218
7218,0.4951046698183941,0.2285444659439006,0.38195123746841797,0.11315343234997613
7219,0.49255457959575777,0.21594524099201567,0.38618976220323087,0.10636481739252687
7220,0.4764440899026675,0.2097982795828587,0.376486939523667,0.0999571503790005
7221,0.4990351249914918,0.20403028071712134,0.39721684835177395,0.1018182766397178
7222,0.5098562449885179,0.1957276676268755,0.41006327133191844,0.09979297365659943
7223,0.5051209403162736,0.2040292343006621,0.40206150163431387,0.10305943868195976
7224,0.49474445891065083,0.1963539168355487,0.3975994465708603,0.09714501233979048
7225,0.5005916643944532,0.1975642241394606,0.40169266060768183,0.0988990037867714
7226,0.5068419207481315,0.20191573740613522,0.40450256057193057,0.10233936017620092
7227,0.5050289466951405,0.2071946842994526,0.40038963352255585,0.10463931317258471
7228,0.5006310258521338,0.19332679635013664,0.4038456334706584,0.09678539238147546
7229,0.5003235902847974,0.1936145137457003,0.4034536816363034,0.09686990864849404
7230,0.5192879579707674,0.19005477752051075,0.4205948006495529,0.09869315732121454
7231,0.5264978763007219,0.20394397986913151,0.41912180401530696,0.10737607228541492
7232,0.5215648367738833,0.2003379483691275,0.41707560743312466,0.10448922934075865
7233,0.5303769086372562,0.21061960679875338,0.41866913268493894,0.11170777595231725
7234,0.5312138314802699,0.22242250281625417,0.4130599215518164,0.1181539099284535
7235,0.5112137394218189,0.21660575423762693,0.40048190181771814,0.11073183760410076
7236,0.5277238130289783,0.21285352960737122,0.4153959367678998,0.11232787626107847
7237,0.5337486698795306,0.2036570724637823,0.42504697834042765,0.10870169153910299
7238,0.5153271927219615,0.18855891694434265,0.4181576553903399,0.09716953733162159
7239,0.5160178830751151,0.20075011187273384,0.41242723531945447,0.10359064775566064
7240,0.4910338176334022,0.21741122132821045,0.3842775556282705,0.10675626200513173
7241,0.48601952682529403,0.20022192327484156,0.3887077624152052,0.09731176441008882
7242,0.48423443881361433,0.20896691683406995,0.38304546110985727,0.10118897770375708
7243,0.49447199880924647,0.19527593833761608,0.3979135152600943,0.09655848354915218
7244,0.5177545078530535,0.18518118418981963,0.42187611496920785,0.09587839288384573
7245,0.5239799669030945,0.17633099612679565,0.4315860573885864,0.09239390951450806
7246,0.5318881656708431,0.1712849019842253,0.4407837533473433,0.09110441232349975
7247,0.5206518532407145,0.1922935513443184,0.4205338593670567,0.10011799387365786
7248,0.5292658944466924,0.21423030768793086,0.4158810990306495,0.11338479541604285
7249,0.5328321523296716,0.22919103409703684,0.4107118003370843,0.12212035199258729
7250,0.5228600658987537,0.22587386126177744,0.4047596439146148,0.11810042198413889
7251,0.516091159885585,0.20452955859688668,0.410535262758431,0.10555589712715396
7252,0.5187762889424098,0.19913496231924546,0.415469792191745,0.10330649675066476
7253,0.5224996434408263,0.18447031074506093,0.42611397185111355,0.09638567158971277
7254,0.5244380390624149,0.20578989465351394,0.4165139902514651,0.1079240488109498
7255,0.5135614513158165,0.20512459965355673,0.4082173642171601,0.10534408709865643
7256,0.5048232961628496,0.1963896768570854,0.40568121215949887,0.09914208400335074
7257,0.48476443291733795,0.1794385884946843,0.3977789873222247,0.0869854455951132
7258,0.4921017520962093,0.18807000841884197,0.39955217143654836,0.09254958065966097
7259,0.5175112650367981,0.206259965350695,0.4107694094417138,0.10674185559508431
7260,0.5334047394120004,0.20474452780447408,0.4241930379124218,0.10921170149957857
7261,0.5534418497342518,0.19751306653645057,0.44412985284363427,0.10931199689061755
7262,0.5470123060432323,0.19963263850726545,0.437810796091878,0.10920150995135425
7263,0.5326388169839904,0.18571070738388673,0.43372208550177693,0.09891673148221344
7264,0.550987842796758,0.18462224076437944,0.44926323262568896,0.10172461017106911
7265,0.5379735165563563,0.191021026946421,0.4352092629537837,0.1027642536025726
7266,0.5324095843805084,0.18100521463272315,0.4360406732871956,0.09636891109331286
7267,0.5459864022187458,0.16471305675225598,0.4560553129641295,0.08993108925461633
7268,0.5468050595669045,0.16307149695614204,0.457636739960137,0.08916831960676753
7269,0.5456205386428422,0.19155829036125815,0.44110240107443055,0.10451813756841165
7270,0.5641408745662245,0.21479693252866025,0.4429651451953638,0.12117572937086071
7271,0.5495856249222671,0.20727221522295702,0.4356717949899357,0.11391382993233148
7272,0.54425330896404,0.20063934757637145,0.4350546801372137,0.1091986288268263
7273,0.5430573749600459,0.19529962494471095,0.4369984733068897,0.10605890165315623
7274,0.5369429808064707,0.20329250721902906,0.4277864960046643,0.10915648480180644
7275,0.5305981705757417,0.21380909549346794,0.41715145565445355,0.11344671492128813
7276,0.5422575365230736,0.20841291704057532,0.4292440615490635,0.11301347497401008
7277,0.5436289752893763,0.214264603890488,0.4271485282356062,0.11648044705377009
7278,0.5436089621432804,0.2180029582307926,0.4251006002752743,0.11850836186800606
7279,0.5114982427917304,0.19495706787400963,0.41177804515434635,0.09972019763738403
7280,0.5080288200369483,0.18894507597908716,0.41203927603550106,0.09598954400144719
7281,0.5084917069314734,0.18776075259003067,0.4130169213522306,0.09547478557924276
7282,0.48628763951792375,0.17965101235289468,0.39892557278382923,0.08736206673409452
7283,0.49336515919148194,0.1628620752525396,0.41301468550825765,0.0803504736832243
7284,0.49644450558565556,0.16875627448362546,0.41266638033515496,0.08377812525050062
7285,0.5144484150949983,0.18302952020844712,0.42028916850816467,0.09415924658683358
7286,0.534011395654076,0.208884462054004,0.42246471254216644,0.11154668311190954
7287,0.5523802276559667,0.23804587446172096,0.42088839332823763,0.1314918343277291
7288,0.5683614620239305,0.232502587375974,0.43621595153857523,0.13214551048535522
7289,0.5753339677662108,0.2039257048816427,0.45800858284713397,0.11732538491907683
7290,0.5815880408159193,0.21965046430647966,0.45384195761560675,0.12774608320031253
7291,0.5815554072315214,0.24046743605513676,0.44171026953055653,0.1398451377009649
7292,0.6087004185634302,0.2422506863377036,0.46124232439239177,0.14745809417103842
7293,0.6024895434838579,0.26424014884457303,0.4432876168363844,0.15920192664747346
7294,0.5978137565923447,0.27397586145665415,0.4340272176393185,0.1637865389530262
7295,0.6130031704327905,0.277423627291339,0.44294160735023486,0.17006156308255566
7296,0.6209781491106316,0.24615376637639488,0.4681220388696071,0.15285611024102452
7297,0.616640131878096,0.2619901559999429,0.45508648753152825,0.16155364434656774
7298,0.6046864332201393,0.26941705299533214,0.4417735963957107,0.16291283682442861
7299,0.5985246715105437,0.26504828469507885,0.4398867339789886,0.1586379375315551
7300,0.6169253894532849,0.28400577576891867,0.44171501563006244,0.17521037382322244
7301,0.6333943039511384,0.2940656760277378,0.44713477976762844,0.18625952418350994
7302,0.6654452427902774,0.29468182347128313,0.46935062522454774,0.19609461756572968
7303,0.6800298458096694,0.2892003037440617,0.4833650078464856,0.19666483796318382
7304,0.6743773663646622,0.30586633313022143,0.468108034168687,0.20626933219597515
7305,0.6686512976395896,0.285747404727271,0.47758592467155486,0.19106537296803477
7306,0.6733036497051391,0.269434957776627,0.4918921092759861,0.18141154042915303
7307,0.6598502136560269,0.2469648133028637,0.4968904288326115,0.16295978482341542
7308,0.6410831680918171,0.26431594722270724,0.4716346632690944,0.16944850482272267
7309,0.6501427786050201,0.2682848539736507,0.4757193181849488,0.17442346042007134
7310,0.6410037186616802,0.2722647598427061,0.4664809951419763,0.17452272351970388
7311,0.6502937281915383,0.2543645503964822,0.4848820563944455,0.16541167179709285
7312,0.650592398862046,0.2578928151606708,0.48280929359737895,0.16778310526466705
7313,0.6652913471181015,0.27304518071931894,0.48363675101324033,0.18165459610486115
7314,0.658385281257051,0.2795151102053104,0.4743566468089321,0.18402863444811887
7315,0.633782928069603,0.25354666327600434,0.47308938141625934,0.1606935466533437
7316,0.6240728663579681,0.2625797373317002,0.46020397703385163,0.1638688893241165
7317,0.639142742664586,0.2422714814859995,0.48429668351821187,0.1548460591463742
7318,0.63986149570083,0.23459052806602498,0.48975604953525564,0.15010544616557428
7319,0.6483561477993187,0.20834507338223732,0.513274338608245,0.13508180919107377
7320,0.6380171148445329,0.20660404321755405,0.506200199275654,0.13181691556887903
7321,0.6562505755949795,0.22454330824311058,0.5088939003144373,0.14735667528054222
7322,0.6611411170258327,0.20160428672689915,0.5278522337020143,0.13328888332381836
7323,0.6704368092765757,0.2115352500982247,0.5286157911511995,0.1418210181253762
7324,0.6669227675433497,0.21307102163304492,0.5248208521125504,0.14210191543079925
7325,0.6667121451880315,0.21937084016183328,0.5204549417520348,0.14625720343599663
7326,0.6589996834904783,0.23459510770637845,0.5044015817635603,0.15459810172691807
7327,0.6579926303359529,0.24122562456514224,0.4992679471239019,0.158724683212051
7328,0.6686216279887558,0.24729277576308664,0.5032763296681825,0.16534529832057332
7329,0.6743287192712386,0.2660521634475462,0.4949221046343125,0.17940661463692606
7330,0.6681366695333484,0.2699511979195215,0.4877723752188615,0.18036429431448686
7331,0.650185478408594,0.27184645828124865,0.47343485887731845,0.17675061953127552
7332,0.6276361565015799,0.2277451235175798,0.4846950825150285,0.14294107398655137
7333,0.6463435678799637,0.21782862887828705,0.5055514347043711,0.14079213317559255
7334,0.6361079607864951,0.21552947094277836,0.4990079485356922,0.1371000122508029
7335,0.6232937059016029,0.21966385478009745,0.48637860780308445,0.13691509809851848
7336,0.6419538665227652,0.2094882911357531,0.5074720480369218,0.13448181848584342
7337,0.6493047586407048,0.20776487758224566,0.5144020349481492,0.1349027236925556
7338,0.664153487839117,0.22034041063415863,0.5178136356045373,0.1463398522345797
7339,0.6719739242518813,0.22084491961703157,0.5235718969657333,0.14840202728614799
7340,0.6708431743451775,0.2334512644191245,0.5142339870673567,0.15660918727782086
7341,0.6743885681568792,0.21481951333665036,0.5295167441456179,0.14487182401126125
7342,0.6583771776513992,0.20776417309082912,0.5215899877547824,0.13678718989661687
7343,0.6334500848264794,0.22204832145947456,0.49279355676239783,0.14065652806408152
7344,0.6416369937437167,0.22043013283483412,0.5002008659810456,0.14143612776267112
7345,0.6475050087052008,0.18505742634058164,0.5276793982515804,0.11982561045362038
7346,0.6626886986170955,0.1974699428190003,0.5318275991943799,0.13086109942271557
7347,0.6310730133890206,0.21342234229959722,0.4963879327094707,0.13468508067954985
7348,0.6305130798161144,0.22212741887145343,0.4904588368318702,0.14005424298424418
7349,0.6525288241272684,0.216607745374141,0.5111860267414214,0.14134279738584699
7350,0.6780666261125838,0.21103636518618035,0.5349699099837274,0.14309671612885647
7351,0.6491054254798508,0.1892334256904195,0.5262729821820613,0.12283244329778949
7352,0.6316657216235255,0.21255780895788873,0.49740023984142523,0.13426548178210027
7353,0.6591553153964842,0.21418069469682624,0.5179769720317596,0.1411783433647246
7354,0.6585796811778516,0.24016260045230486,0.5004134723411289,0.1581662088367227
7355,0.6733564669093853,0.2471711926481898,0.5069221459060212,0.1664343210033641
7356,0.661942800096419,0.24670757436655347,0.4986364975152271,0.16330630258119194
7357,0.6635164909436699,0.2721839480651429,0.4829179528322922,0.18059853811137772
7358,0.6585811721342041,0.2717880460565085,0.4795866821902437,0.17899448994396042
7359,0.665020821546016,0.2937373339408162,0.469679378409958,0.19534144313605806
7360,0.6750282747844595,0.2932506563198825,0.47707579016943874,0.19795248461502074
7361,0.64976679067301,0.3086890009921429,0.4491909291822877,0.20057586149072232
7362,0.6729396844378032,0.32082727581209425,0.45704227869377245,0.21589740574403074
7363,0.676729333671976,0.3115029084309266,0.4659261780126325,0.2108031556593435
7364,0.6602284211589189,0.3279785928259164,0.44368763264354016,0.21654078851537872
7365,0.6640358277475545,0.32882834926098753,0.4456820226591727,0.2183538050883818
7366,0.6627232454708061,0.32278869868266086,0.44880367147853495,0.2139195739922711
7367,0.6569274600676402,0.3393447640434443,0.4340025661373277,0.22292489393031256
7368,0.642836277117311,0.338178856436559,0.4254426400458438,0.21739363707146714
7369,0.6159352393159409,0.3204875350221637,0.4185356727342885,0.1973995665816524
7370,0.6051970776999321,0.310697838953936,0.4171636535173259,0.1880334241826062
7371,0.609020581131568,0.32101518668690393,0.41351572558345095,0.195504855548117
7372,0.6169018804797692,0.3429772250999063,0.40531858535390397,0.2115832951258653
7373,0.5939999773825032,0.34196899511408574,0.39087040201921897,0.20312957536328427
7374,0.5771544115617091,0.3172253962809747,0.3940663746387332,0.18308803692297593
7375,0.5772761012118317,0.3181700906403472,0.39360411176475696,0.18367198944707472
7376,0.5776340311308977,0.3123849780604412,0.39718983698910804,0.1804441941417897
7377,0.5445119761771774,0.3108568463656626,0.3752467004544052,0.16926527572277217
7378,0.5345240864750715,0.3091229462519763,0.3692904260212513,0.16523366045382026
7379,0.5520917255676272,0.30918136220473336,0.38139525379466643,0.1706964717729608
7380,0.5592431463346733,0.32951680675251516,0.3749631305562422,0.1842800157784311
7381,0.5382152125103173,0.2906482958835325,0.3817838781756003,0.15643133433471706
7382,0.5501322258466678,0.2622100763279543,0.4058820129169456,0.14425021292972215
7383,0.5351166063879177,0.27126642911054516,0.38995743541531414,0.14515917097260356
7384,0.5098472081735869,0.2945419008388481,0.35967584234075867,0.15017136583282817
7385,0.5191082040944038,0.312981858770056,0.3566367534741517,0.16247145062025212
7386,0.5182863154877899,0.3257717093532565,0.3494432965569314,0.1688430189308585
7387,0.5125436167135152,0.2906691684840503,0.36356298983158997,0.14898062688192523
7388,0.5043916118705846,0.27682806599181936,0.3647618574539543,0.1396297544166303
7389,0.5028730822088676,0.2847137962412014,0.35969817794566716,0.14317490426320045
7390,0.4989578691477849,0.2940041158731481,0.35226220197104047,0.14669566717674443
7391,0.523099925093177,0.3098357069624749,0.3610248899899149,0.16207503510326218
7392,0.5058167364829869,0.28313948916711545,0.3626000441030165,0.14321669237997034
7393,0.5028179962207625,0.29744540724492147,0.3532570925648024,0.1495609036559601
7394,0.5178552704392879,0.31446066037135856,0.35501016012016096,0.16284511031912696
7395,0.5361152593465832,0.341114393901278,0.353238627593347,0.1828766317532362
7396,0.5106829136844006,0.3253259237596606,0.34454452304174793,0.16613839064265262
7397,0.4996366794882806,0.321166624864798,0.3391700534783747,0.16046662600990594
7398,0.5184243874161795,0.3235108873931863,0.35070845379690224,0.16771593361927722
7399,0.504962043686988,0.34411842994699204,0.33119529803059733,0.17376674565639072
7400,0.5060065758700136,0.33943321289600786,0.3342511380759473,0.1717554377940663
7401,0.4839415735683476,0.32598292336197854,0.3261848846801416,0.15775668888820596
7402,0.49282077993771695,0.34567957327987053,0.322462703025394,0.17035807691232296
7403,0.4891954230436326,0.33448621625308067,0.3255662969814428,0.1636291260621898
7404,0.49576708488839694,0.34063396615892305,0.3268919764718148,0.16887510841658213
7405,0.47978185153953606,0.32542505341424494,0.32364881687509717,0.15613303466443887
7406,0.4901900700659669,0.32059528707811075,0.333037443830329,0.15715262623563786
7407,0.4586228727437391,0.29989832709701686,0.32108264043946366,0.1375402323042754
7408,0.45061203512860204,0.3304149136467425,0.30172309845340206,0.14888893667519995
7409,0.4602103234081364,0.3013951943150878,0.3215051435587317,0.13870517984940467
7410,0.44987557211358786,0.2814816321934428,0.32324386179109627,0.1266317103224916
7411,0.44956516290132675,0.27352781453028807,0.32659658640397393,0.12296857649735284
7412,0.44340110432366664,0.24738180385068193,0.33371173930669357,0.10968936501697306
7413,0.46171490086277533,0.25152112164730805,0.3455838511164945,0.11613104974628088
7414,0.44662090245456504,0.26708123174176385,0.3273368417053817,0.11928406074918338
7415,0.41641311650951995,0.2736762118602082,0.302450752214291,0.11396236429522894
7416,0.4087097929400133,0.2619404515350331,0.30165216523051636,0.10705762770949696
7417,0.4336757482686439,0.25882940499019785,0.321427712385592,0.11224803588305192
7418,0.4249438347647466,0.2513938440665225,0.3181155706308678,0.10682826413387882
7419,0.4188526777978193,0.24801958972191931,0.3149690084964769,0.10388366930134241
7420,0.4017111940836013,0.2603663222772919,0.2971191278624346,0.10459206622116668
7421,0.4311346508973457,0.2378994959262654,0.3285679347725208,0.10256671612482494
7422,0.44345081559850574,0.21983995327555908,0.3459626090173217,0.09748820658118407
7423,0.44008987976759995,0.22132038901000053,0.34268901637807037,0.09740086338952958
7424,0.42066763270594487,0.22201885144381805,0.32727148805298106,0.0933961446529638
7425,0.41983217326001643,0.2179150686889491,0.32834441638622913,0.09148775687378727
7426,0.44337540333853614,0.22289315550037284,0.3445500606171593,0.09882534272137686
7427,0.449431646519796,0.24433238591900222,0.3396209400181086,0.1098107065016874
7428,0.4275697342320341,0.23113794010243421,0.3287421466114965,0.09882758762053762
7429,0.4272690500289749,0.2260617232678112,0.3306798722804242,0.0965891777485507
7430,0.4356136524166351,0.2210548453157716,0.3393191438642375,0.09629450855239756
7431,0.42711105694994783,0.218052469478593,0.33397843624039975,0.0931326207095481
7432,0.43220192105058003,0.2045061654319,0.3438139634842251,0.08838795756635491
7433,0.43274793496259045,0.20570032199970456,0.3437315453960784,0.08901638956651206
7434,0.4800053565398979,0.20744485898444956,0.38043071304069837,0.09957464349919955
7435,0.45286886364622864,0.20847156715549317,0.358458581925972,0.09441028172025663
7436,0.43807369325881806,0.21300548085128823,0.3447615955779238,0.09331209768089428
7437,0.4513009351792682,0.22360374970530905,0.3503883538276712,0.100912581351597
7438,0.44037476699873235,0.23135023059283094,0.3384939631063114,0.10188080389242092
7439,0.4385894012946275,0.22082129512735504,0.3417395216716166,0.09684987962301089
7440,0.4657256234513057,0.2203917686758438,0.36308352958121237,0.1026420938700933
7441,0.464375140095566,0.2215359242324362,0.36149936424392776,0.10287577585163826
7442,0.45566000126140604,0.21394436041039488,0.3581741137269348,0.09748588753447124
7443,0.4604472526587585,0.21265471302753466,0.36253097428029346,0.09791627837846505
7444,0.44214577616193984,0.2389996549056397,0.33647308824125,0.10567268792068985
7445,0.42723986555247745,0.23117842911285594,0.32847122457966793,0.0987686409728095
7446,0.4362440579227889,0.2434520669657742,0.33003954031994903,0.10620451760283989
7447,0.423266545876376,0.24139870317299256,0.3210905506053069,0.10217599527106913
7448,0.4067682566118472,0.23762100017097676,0.31011157663793554,0.09665667997391166
7449,0.4041702557843931,0.22307803803872744,0.3140087480904,0.09016150769399305
7450,0.3995551533492533,0.21788153361084367,0.31249946377540216,0.08705568957385112
7451,0.4074700898328801,0.23529228001931815,0.3115955233564253,0.09587456647645475
7452,0.4090432751644309,0.26592454144975874,0.3002686297832221,0.10877464538120878
7453,0.43397609585494007,0.24053999054669908,0.3295874898604994,0.10438860599444066
7454,0.4456011560265316,0.21843558833463403,0.34826600534728314,0.09733515067924849
7455,0.4470802839415441,0.20727874224293913,0.3544100450045247,0.09267023893701935
7456,0.45133150851159515,0.2116156720405524,0.35582268802483763,0.0955088204867575
7457,0.42792903857112297,0.20675796396100482,0.3394513018363673,0.08847773673475569
7458,0.43419128294353954,0.2044631468936779,0.3454151668791001,0.08877611606443939
7459,0.4659384340124351,0.1997672110417546,0.37285921253260834,0.09307922147982678
7460,0.4702739369211651,0.22781746433027547,0.36313732107116936,0.10713661584999574
7461,0.47027438062536614,0.220454351693915,0.36660034692634363,0.10367403369902252
7462,0.4860291724375597,0.21115909026418125,0.38339969454379175,0.10262947789376799
7463,0.47942755209459503,0.21634205298857345,0.3757072112151641,0.10372034087943094
7464,0.4738220024069644,0.23336033906972348,0.36325073926657986,0.11057126314038455
7465,0.502721591935775,0.21181638425232333,0.39623692204636723,0.10648466988940782
7466,0.47254257865303556,0.20845081416107714,0.3740406934070355,0.09850188524600009
7467,0.47224574710428846,0.19439234480179737,0.38044478900200923,0.09180095810227924
7468,0.47858808435011246,0.19676337044771636,0.3844194798172684,0.0941686045328441
7469,0.508826013702917,0.19844970566889253,0.40784964104689725,0.10097637265601976
7470,0.5221343097902594,0.20429234501533727,0.41546626723024277,0.10666804256001668
7471,0.5110177019556115,0.19970948407582437,0.4089626203444429,0.10205508161116855
7472,0.47982894652128094,0.2028215713809939,0.38250928559374786,0.0973196609275331
7473,0.4868701601412425,0.2022593925758459,0.38839609728776997,0.09847406285347253
7474,0.4856815927293559,0.21238483055458784,0.3825301899540493,0.1031514027753066
7475,0.46274995921963374,0.2029729130947909,0.368824251962329,0.09392570725730476
7476,0.464350280455491,0.1961728908998943,0.37325734354836065,0.09109293690713034
7477,0.49759921460057177,0.19647545549111148,0.3998331822599051,0.09776603234066666
7478,0.4687706163003425,0.21842592552193552,0.36637896057745206,0.10239165572289043
7479,0.49319847339465933,0.20959168526726496,0.38982817418463034,0.10337029921002899
7480,0.4887185922098097,0.21138647815363867,0.38541009019437367,0.10330850201543598
7481,0.5053402733685284,0.21397479207983236,0.39721019344493186,0.10813007992359651
7482,0.4831891589870415,0.20903693756210467,0.38218477692918146,0.10100438205786007
7483,0.4690621428213991,0.19896728103678435,0.3757341236269375,0.09332801919446158
7484,0.4570272188666245,0.20746580993318828,0.36220969674294773,0.09481752212367676
7485,0.4737309501316562,0.1988503154683217,0.37952940125086865,0.0942015488807876
7486,0.4543222815209228,0.19566957347922617,0.3654252344736149,0.08889704704730789
7487,0.4605155358612565,0.21308083117322618,0.3623885027117563,0.09812703314950018
7488,0.48708787625192357,0.21755424696689543,0.381119840127232,0.10596803612469158
7489,0.497556408628202,0.2111953901789773,0.3924747887719182,0.10508161985628378
7490,0.4980478385244732,0.22756714112498083,0.38470851576798276,0.11333932275649046
7491,0.48253315144664966,0.24964218099849195,0.3620725231154324,0.12046062833121723
7492,0.46819880087749377,0.26667951939415513,0.343339769678564,0.12485903119892978
7493,0.47960398875383686,0.24671557087761498,0.3612782168732528,0.11832577188058409
7494,0.4752556503132866,0.24890632699664014,0.35696151200940685,0.11829413830387978
7495,0.48903925202586757,0.2500843154245086,0.36673820546726477,0.12230104655860281
7496,0.49727198977337644,0.25236026803991524,0.37178029714542515,0.12549169262795126
7497,0.47389365295820357,0.23993050206279884,0.36019211087956804,0.11370154207863555
7498,0.47386533791096713,0.22748627166991825,0.3660674789159952,0.10779785899497188
7499,0.5118373161352784,0.21386109596393083,0.40237522675135085,0.10946208938392757
7500,0.51414609413394,0.22007900525693247,0.4009933331802053,0.11315276095373467
7501,0.5132366098402907,0.20384770013589731,0.4086145072988026,0.10462210254148811
7502,0.5093056201486451,0.206414662658967,0.4041774723753465,0.10512814777329857
7503,0.5179206950896101,0.2119397587021799,0.4081527079454529,0.10976798714415727
7504,0.525212387933206,0.19922003851307,0.42057955578161127,0.10463283215159476
7505,0.5160157082552337,0.20161027761681527,0.41198163805925847,0.10403407019597521
7506,0.5208896492959055,0.19050541965462034,0.421657348063041,0.0992323012328645
7507,0.5262722426750597,0.18819222363817967,0.4272318990869885,0.09904034358807119
7508,0.5189722355942703,0.18242890825509378,0.42429669724010227,0.09467553835416805
7509,0.5150167223543742,0.18924440521570524,0.4175526890562787,0.09746403329809555
7510,0.49760999880427426,0.19584431982068426,0.40015590705247966,0.0974540917517946
7511,0.5042204850947136,0.1981139406039915,0.40432737785934375,0.09989310723536989
7512,0.5029850206028672,0.18816417688637888,0.4083412582149504,0.09464376238791683
7513,0.49751670136733606,0.19782323637509283,0.3990963373521891,0.09842036401514699
7514,0.5098388237258795,0.20901829908115788,0.4032731799851579,0.10656564374072161
7515,0.4985793395951712,0.2046696689957825,0.39653527119209164,0.10204406840307953
7516,0.5020788209801577,0.2111491601573765,0.39606529959739156,0.10601352138276608
7517,0.5265627905796634,0.19318687203465953,0.4248377721377367,0.10172501844192666
7518,0.5481641709417792,0.18653556566598528,0.4459120572373285,0.10225211370445063
7519,0.5429567226108801,0.18857860427817205,0.44056670167746975,0.10239002093341039
7520,0.5391046617416916,0.1808244562678296,0.44162135441079803,0.09748330733089357
7521,0.5335844642855163,0.18771632815207068,0.4334219478908495,0.10016251639466682
7522,0.517074075977773,0.18544102824607098,0.42118732764906774,0.09588674832870525
7523,0.49571954213417824,0.18173547098321222,0.40562971766884104,0.0900898244653372
7524,0.5029712397881839,0.18067718111113742,0.4120958140032809,0.09087542578490304
7525,0.5123431048034351,0.18155630452110008,0.4193239840484568,0.09301912075497837
7526,0.5120301904537907,0.18487864172863877,0.4173667443186377,0.09466344613515305
7527,0.49231113900895185,0.17631236350400398,0.4055105985109353,0.08680054049801655
7528,0.5150348386354829,0.17110139331281646,0.42691166014031023,0.08812317849517272
7529,0.5388487034732798,0.1550950294982189,0.4552759479130145,0.08357275556026535
7530,0.5389596242741488,0.15651651245757425,0.45460354352731447,0.08435608074683434
7531,0.536726666543845,0.15786949200119635,0.45199390035307274,0.08473276619077233
7532,0.538212543723381,0.16105431576897888,0.4515310907557303,0.08668145296765076
7533,0.5125746036973186,0.14529530209466687,0.4380999218070625,0.07447468189025605
7534,0.5203009026404353,0.15496397466758718,0.4396730067441401,0.08062789589629515
7535,0.514902117929365,0.16705548732506997,0.4288848936939643,0.08601722423540073
7536,0.5109559573860952,0.16565701660922555,0.42631251786680413,0.08464343951929112
7537,0.5304501968651366,0.1754676083013761,0.437373369498217,0.09307682736691962
7538,0.5398834337436247,0.17389451272330037,0.4460006671053949,0.09388276663822984
7539,0.5189939752628354,0.17610218560431576,0.4275980019035779,0.0913959733592575
7540,0.5336994159572915,0.16946089135405804,0.44325823721402874,0.09044117874326281
7541,0.5316909071978666,0.17411043061786383,0.4391179743900434,0.09257293280782322
7542,0.5513470728570603,0.17712382342437025,0.453690371278783,0.09765670157827734
7543,0.5597656804072504,0.1838317878324431,0.45686295461074156,0.1029027257965088
7544,0.5390303527710499,0.17864348361650662,0.4427360927769951,0.09629425999405485
7545,0.521946536167157,0.19423587779558313,0.4205657925523652,0.10138074361479182
7546,0.5567253137092901,0.20363874488165792,0.443354469581683,0.1133708441276071
7547,0.5488710376661039,0.17211639721183314,0.4544013321290937,0.09446970553701016
7548,0.5704175565825246,0.1752498647754025,0.4704519569259217,0.09996559965660293
7549,0.5587449839719082,0.18418843320042316,0.4558306208155269,0.10291436315638132
7550,0.537079145633574,0.19621670717198048,0.43169524418661354,0.10538390144696043
7551,0.5398781090307433,0.21660007108186818,0.4229404722391397,0.11693763679160357
7552,0.5472502062987,0.22725820096610744,0.4228831089369263,0.12436709736177372
7553,0.5361583775260793,0.21017807166032046,0.4234696436331219,0.11268873389295744
7554,0.525639300272748,0.21099538446674038,0.4147318340208711,0.11090746625187685
7555,0.5116482333157519,0.17422439220478136,0.4225066308436649,0.08914160247208705
7556,0.5018100657628997,0.1824194473808383,0.4102701508762894,0.09153991488661027
7557,0.5185536667572388,0.1678283206654738,0.4315256756904477,0.08702799106679111
7558,0.5352424509256487,0.17285795668324463,0.4427215345285092,0.09252091639713948
7559,0.5547327796134478,0.1754112438241112,0.45742641275144635,0.09730636686200143
7560,0.5687271788795453,0.18200943642158232,0.4652134655740428,0.10351371330550246
7561,0.6006177823644191,0.1886720285168873,0.48729800700240977,0.1133197753620093
7562,0.5648276841808606,0.16532276513325178,0.4714488096082697,0.09337887457259093
7563,0.5667547131795676,0.16873204109158138,0.4711250336265054,0.09562967955306222
7564,0.5782305475311835,0.17815412248190046,0.4752163917435367,0.10301415578764683
7565,0.5798189306174526,0.20842462354676733,0.45897038827822084,0.12084854233923177
7566,0.5631424166221827,0.19092798734301844,0.45562276842902577,0.10751964819315692
7567,0.5746968010531843,0.18580699144973792,0.4679141174537036,0.10678268359948075
7568,0.5482993016401915,0.19335237475765474,0.4422843295900968,0.10601497205009468
7569,0.5338757107519249,0.18001327320826033,0.43777099657308444,0.09610471417884042
7570,0.5649720019578272,0.17469904150093202,0.4662719347409321,0.09870006721689509
7571,0.5862576844843169,0.17201969239509987,0.4854098179350612,0.10084786654925572
7572,0.5980696699785214,0.1694446480123693,0.496729965262137,0.10133970471638443
7573,0.6078678007404135,0.17973574783865634,0.4986122269872959,0.10925557375311755
7574,0.5799498671891095,0.16772298275992872,0.4826789456129275,0.09727092157618196
7575,0.5622919598167785,0.17598231994624827,0.46333851624109923,0.09895344357567928
7576,0.5847893708257317,0.17779766664997484,0.4808151852112097,0.10397418561452197
7577,0.5825408781990083,0.1906905815244341,0.4714558193734849,0.11108505882552344
7578,0.5823540915913734,0.18018930149760015,0.4774201146032544,0.10493397698811903
7579,0.5936467660036758,0.19044654485139617,0.4805887905560705,0.11305797544760533
7580,0.5907728323446881,0.19574864764900232,0.47512984934544467,0.11564298299924348
7581,0.5803559247750307,0.18313537667492033,0.47407222388583375,0.10628370088919697
7582,0.5919671200105568,0.1927471549649763,0.4778671417957113,0.11409997821484552
7583,0.5849951023297741,0.23236663569477878,0.4490617585034817,0.13593334382629246
7584,0.5589703960735564,0.20122290111647775,0.44649275133740873,0.11247764473614764
7585,0.562041091482539,0.19890034057438796,0.45025092696986124,0.11179016451267774
7586,0.5548424623470489,0.1984533432238241,0.4447321207317383,0.11011034161531061
7587,0.5613001629476053,0.2015441957004135,0.4481733730598192,0.11312678988778614
7588,0.5577312647555991,0.2213962430988347,0.4342516580799479,0.12347960667565115
7589,0.5652036662073133,0.20761377274213916,0.4478596006983243,0.11734406550898903
7590,0.5677538519687425,0.19975557807825312,0.4543418530625714,0.11341199890617111
7591,0.5738237547039102,0.20989305716420908,0.4533821325556613,0.12044162214824893
7592,0.5670043444964162,0.2180175252242465,0.44338746051791145,0.12361688397850477
7593,0.5522400357637607,0.20595047552981205,0.43850593779161373,0.11373409797214692
7594,0.5490021056036009,0.20247827378802286,0.4378411069549939,0.11116099864860693
7595,0.5656702687472225,0.20211520489754517,0.45133970647492816,0.11433056227229431
7596,0.5625634716169239,0.21379855060997432,0.4422882167591101,0.12027525485781375
7597,0.5544954503597482,0.20330099868756626,0.44176597153389957,0.11272947882584865
7598,0.530652138576243,0.192683254854593,0.428404357319822,0.10224778125642105
7599,0.5585173756591378,0.19096334096848258,0.45186103161431984,0.10665634404481801
7600,0.5826174322000454,0.21217444788855622,0.4590009001927524,0.12361653200729296
7601,0.5802108714281006,0.2088983944641661,0.45900575193611565,0.12120511949198493
7602,0.5800590290525616,0.19369329489156423,0.46770548448376936,0.11235354456879224
7603,0.5980797375100435,0.21269066189876532,0.47087376227079253,0.12720597523925098
7604,0.5891288556548601,0.23805656764591362,0.4488828623764992,0.14024599327836088
7605,0.5861226995875513,0.2513829447847181,0.4387814493600639,0.1473412502274873
7606,0.5769166275801018,0.2421339786854997,0.437225509174311,0.13969111840579074
7607,0.5762523264063495,0.2266606683034211,0.4456385889916852,0.13061373741466434
7608,0.5651363608338605,0.22903466961500527,0.4357005411428509,0.12943581969100965
7609,0.5665950817677262,0.2186361390002748,0.44271692071348556,0.12387816105424064
7610,0.586740716546951,0.23248730260835226,0.4503309500264586,0.13640976652049244
7611,0.6095739355199995,0.22017852724245054,0.4753588441518215,0.134215091368178
7612,0.6088733643821671,0.24968913097639187,0.4568443031549118,0.1520290612272553
7613,0.6234608330404037,0.27065127449569437,0.4547203639798711,0.16874046906053258
7614,0.6224603009334229,0.2759059392555198,0.45071980695511327,0.17174049397830957
7615,0.6140388344373531,0.2531270118866739,0.4586090190938498,0.15542981534350325
7616,0.6177204783786515,0.23063635151158193,0.4752516809914103,0.14246879738724122
7617,0.6296906547224334,0.2159679343096065,0.4936976647679657,0.1359929899544676
7618,0.631113532729625,0.2102917640985693,0.498395554585432,0.132717978144193
7619,0.6311667889136264,0.2255986450420162,0.488776416539192,0.1423903723744344
7620,0.6365425242347691,0.2251681037934275,0.49321345106894426,0.14332907316582483
7621,0.6462944121212095,0.21802545035722004,0.5053857818551281,0.14090863026608147
7622,0.6203581808238835,0.19133867320574405,0.5016596695927126,0.11869851123117092
7623,0.6228605755352205,0.1841723767743575,0.5081468629398547,0.11471371259536578
7624,0.6069079963745905,0.16542075040959733,0.5065128201847205,0.10039517618986994
7625,0.6163483276646143,0.15519924564760115,0.5206915321549057,0.09565679550970865
7626,0.61927037311107,0.15960084986273043,0.5204342952677331,0.09883607784333694
7627,0.6196890583531964,0.18446176814272036,0.5053801189506684,0.11430893940252802
7628,0.6380597002115309,0.21129882375782524,0.5032384360695639,0.13482126414196707
7629,0.6480694168532144,0.21140981161361647,0.5110611835237301,0.13700823332948434
7630,0.6332357228098443,0.21812017184293303,0.49511423813347716,0.13812148467636715
7631,0.635536020428302,0.22252302721781253,0.49411462125663475,0.14142139917166732
7632,0.6186533749259123,0.2056600509829098,0.4914210902979,0.12723228462801234
7633,0.6025174862185186,0.18967535082837714,0.48823477063978926,0.1142827155787294
7634,0.5904687919478293,0.18998933731706996,0.47828601745925037,0.11218277448857895
7635,0.5967761207878353,0.19585456262535994,0.4798947946656748,0.11688132612216044
7636,0.6266069702371422,0.2174768554592808,0.4903344567411013,0.13627251349604083
7637,0.6449805005691425,0.2592880832816251,0.4777447428225464,0.16723575774659608
7638,0.6340465785231784,0.23914495801693006,0.48241753612147475,0.15162904240170363
7639,0.6444412688615414,0.24172654798684814,0.48866270555937674,0.1557785633021647
7640,0.648432281587149,0.2544672013053756,0.483427533655608,0.16500474793154105
7641,0.6087737578415722,0.19750628061938744,0.4885371171915956,0.12023664064997656
7642,0.5979932020673856,0.18533118845649885,0.48716641123932974,0.11082679082805584
7643,0.6183147376749581,0.16999925968509524,0.5132016900178313,0.10511304765712676
7644,0.6070360575960421,0.17322657773330183,0.5018812787779642,0.10515477881807787
7645,0.6003448240964525,0.1747699589840941,0.49542258381280235,0.10492224028365019
7646,0.6107967984713273,0.20959111969117966,0.482779213575934,0.1280175848953933
7647,0.6151212232108385,0.23724958326076492,0.46918396934921514,0.1459372538616234
7648,0.6214390775911397,0.2517707372387324,0.4649789028770607,0.15646017471407905
7649,0.6117908832846117,0.20674429084734183,0.4853066109730658,0.12648427231154594
7650,0.5819538330001977,0.19140849867465679,0.4705629235276679,0.11139090947252978
7651,0.5627598785085456,0.20972917070895875,0.444732715880674,0.11802716262787163
7652,0.5594638511822587,0.19958212117306084,0.4478048690436539,0.11165898213860484
7653,0.5584038707176532,0.17666239301143868,0.45975490664982255,0.09864896406783065
7654,0.5990528410595478,0.24091604448493997,0.45473140015401614,0.1443214409055317
7655,0.6157990209451186,0.2686878354492673,0.4503413149355967,0.16545770600952192
7656,0.6213787357883211,0.2692073176464345,0.4540990330842147,0.16727970270410647
7657,0.6155268901113393,0.26991951696804223,0.44938416925164537,0.16614272085969392
7658,0.5990393452864275,0.2776857171257601,0.4326946751040201,0.16634467018240745
7659,0.5905509597715835,0.2896151657906276,0.419518445649522,0.1710325141220614
7660,0.5715565390984971,0.2924482781549854,0.4044058133709191,0.16715072572757808
7661,0.5792581621299865,0.30046752683824896,0.40520989475392,0.1740482673760665
7662,0.5791034719635092,0.2919095630966769,0.41005763047487254,0.16904584148863666
7663,0.5719742352254024,0.2902020358528713,0.4059861477076015,0.16598808751780086
7664,0.5742794364248925,0.3079970075674363,0.39740308849851186,0.17687634792638068
7665,0.5960142294932007,0.3175918830716802,0.40672494801093856,0.18928928148226215
7666,0.5919501248666824,0.32814472967536923,0.39770481116100387,0.19424531370567857
7667,0.5924430034617632,0.33749245493173047,0.392497959816325,0.19994504364543814
7668,0.5988728142152048,0.3476154412370308,0.390695376656924,0.20817743755828078
7669,0.5883015857732499,0.3372837531877049,0.38987701891736964,0.19842456685588022
7670,0.5714862217596147,0.31093932321576045,0.3937886827385481,0.1776975390210666
7671,0.5379621564952051,0.3025478630814378,0.37520285562889877,0.1627593008663063
7672,0.5293039877843806,0.2924414008497879,0.3745135881213373,0.15479039966304328
7673,0.5266634168131427,0.2757425675373057,0.3814398940331165,0.14522352278002618
7674,0.5319932876082012,0.283771369762867,0.38102882367897106,0.1509644639292301
7675,0.5028304942171775,0.27540714575673125,0.36434738300537806,0.13848311121179943
7676,0.4862506236163463,0.27159317380840586,0.3541882734820662,0.13206235013428008
7677,0.4708354337606914,0.27933619746690325,0.3393140540612999,0.13152137969939154
7678,0.4607170030280296,0.27481022719391424,0.33410725875379754,0.12660974427423208
7679,0.4764667606807583,0.2498785261185429,0.3574079487773739,0.11905881190338438
7680,0.4630170722982738,0.24924241856451876,0.3476135773619894,0.1154034949362844
7681,0.4736140475262365,0.26495834328043527,0.3481260541393435,0.12548799338689295
7682,0.4561914529878924,0.2617055987487553,0.33680359563963136,0.11938785734826105
7683,0.4596472738007584,0.2561482054251489,0.3419094494881321,0.11773782431262632
7684,0.4729948699279862,0.2550477205553116,0.35235860651849715,0.12063626340948899
7685,0.4759674357106235,0.26970977483385566,0.34759436579686354,0.12837306991375994
7686,0.4676243843847651,0.2674167484839443,0.3425737920007851,0.12505059238398003
7687,0.4603644188193817,0.2695731320400965,0.33626254055842225,0.12410187826095948
7688,0.4320958874264179,0.2670268894165758,0.3167146666772466,0.11538122074917129
7689,0.42442828263564847,0.25454331169383027,0.3163929019970455,0.10803538063860296
7690,0.4157739138228247,0.2600629998013091,0.3076465025549299,0.10812741126789477
7691,0.4228741740912837,0.25846404574870585,0.3135764042130079,0.10929776987827576
7692,0.4226049092900528,0.25184811718945443,0.31617265857033283,0.10643225071971997
7693,0.4202435020151,0.2721961626446126,0.30585483339025626,0.11438866862484376
7694,0.435654626616382,0.29063229907078075,0.30903932088204034,0.12661530573434165
7695,0.440786893004044,0.2985516791001835,0.3091892259723338,0.13159766703171025
7696,0.43952910747433027,0.2967015855511008,0.30912012439083625,0.130408983083494
7697,0.43250654071698724,0.27680294979132325,0.3127874544424841,0.11971908627450312
7698,0.43708263025355854,0.25820181780939255,0.32422710058917914,0.11285552966437941
7699,0.4583278851724331,0.25068667572158415,0.34343119124805194,0.11489669392438119
7700,0.4536971166062682,0.24757238741687174,0.34137423828390356,0.11232287832236466
7701,0.42462265460347814,0.25558875656169505,0.31609387830544905,0.1085287762980291
7702,0.40944917959956756,0.2621553756770866,0.30210987610096807,0.10733930349859952
7703,0.4140326296914545,0.2559923779952701,0.30804343224910397,0.10598919744235051
7704,0.4212426280745181,0.25799750586082276,0.31256308066903427,0.10867954740548387
7705,0.42593094577109775,0.2448810750643771,0.3216285178674844,0.10430242790361331
7706,0.4227216448338198,0.2532574430786581,0.31566424192920195,0.10705740290461783
7707,0.4068050957404111,0.2647190195303103,0.29911604965607547,0.10768904608433565
7708,0.4041009454086383,0.25767593162388946,0.2999738578303729,0.10412708757826537
7709,0.4008467400576495,0.26012012898019365,0.29657843433256353,0.10426830572508594
7710,0.43923296831936154,0.3065046830241405,0.30460600659088327,0.13462696172847827
7711,0.4185572747377525,0.2468386457536975,0.3152411638711274,0.10331611086662512
7712,0.4115694665155387,0.2302439392243971,0.31680809128051746,0.09476137523502123
7713,0.4103802699649536,0.2261493666878034,0.31757303181120955,0.09280723815374403
7714,0.4349971627655735,0.22759633106064375,0.33599340449833925,0.0990037582672342
7715,0.4226171147645323,0.2441307641454061,0.3194432755961402,0.10317383916839205
7716,0.4128118041573762,0.24402449570485948,0.3120756118268593,0.10073619233051695
7717,0.4483638030025705,0.24755988581356156,0.33736691112831996,0.11099689187425056
7718,0.4310230332407219,0.2715815399795159,0.31396513410656457,0.11705789913415733
7719,0.4162561936487003,0.26479541794330985,0.3060334608800014,0.11022273276869893
7720,0.4101030447350255,0.2508202326747703,0.3072409036339547,0.10286214110107085
7721,0.4139721449741505,0.2440702947628281,0.3129338415267094,0.10103830344744112
7722,0.42561620463574545,0.24194146506501554,0.32264199653076175,0.10297420810498371
7723,0.44708500825610553,0.26328817266654175,0.32937281340574975,0.11771219485035576
7724,0.42533391230646656,0.2561701886989308,0.31637604373086453,0.10895786857560202
7725,0.44109610942497623,0.26252457064993623,0.32529754268282707,0.11579856674214917
7726,0.4591304578824098,0.2863621536195876,0.32765287117085556,0.13147758671155424
7727,0.436558779504185,0.27765423380129045,0.315346386071724,0.12121239343246097
7728,0.44262915153430177,0.3026166104662081,0.30868221800345774,0.133946933530844
7729,0.44110794206194165,0.2883729263344699,0.3139043539801637,0.12720358808177792
7730,0.4260023663993081,0.2980416112173503,0.2990359347352543,0.1269664316640538
7731,0.44486704421070866,0.2850247180813661,0.3180689403508608,0.12679810385984785
7732,0.46750986342496503,0.28526154510104235,0.3341472774343822,0.13336258599058282
7733,0.4417365667144996,0.26390118234647314,0.3251617644728715,0.11657480224162817
7734,0.44226036772595767,0.25926037569027394,0.32759977863640716,0.1146605890895505
7735,0.44086101877117645,0.24778680267408795,0.33162147650622553,0.10923954226495089
7736,0.42574452360196213,0.256446074668995,0.31656401171241766,0.10918051188954449
7737,0.4238295377405276,0.2539490073365439,0.31619844735141434,0.10763109038911325
7738,0.4279306196856494,0.25576902915852034,0.31847922054144684,0.10945139914420254
7739,0.4250708533272579,0.265130294088547,0.31237169297613243,0.11269916035112551
7740,0.41157076403208276,0.254633631118599,0.3067710059243374,0.10479975810774532
7741,0.4091148333265077,0.24836674543081458,0.30750431366573283,0.10161051966077488
7742,0.41072534545441625,0.24700601739579606,0.3092737136302084,0.10145163182420788
7743,0.4162977817639315,0.24317642174929044,0.3150639768124116,0.10123380495151987
7744,0.4333245487163181,0.2581972839047821,0.3214413271884993,0.11188322152781875
7745,0.4733297941582484,0.29844037533603673,0.33206907273193176,0.14126072142631665
7746,0.49654276762771776,0.264565643813315,0.36517461062944534,0.13136815699827242
7747,0.5154521010320172,0.24492155182941802,0.3892067725535216,0.12624532847849562
7748,0.5023101560932534,0.25883731105200425,0.3722935459759631,0.13001661011729024
7749,0.4922428166985415,0.26020410789872833,0.3641592137099402,0.12808360298860125
7750,0.5058191488375041,0.24546644898836856,0.3816575185420429,0.1241616302954612
7751,0.5179503622469864,0.22869790200487203,0.39949620105843714,0.11845416118854928
7752,0.515170538892083,0.23121872561106138,0.3960534634170918,0.11911707547499116
7753,0.5171448968638365,0.2417605698191692,0.39211965191895987,0.1250252449448766
7754,0.5299042435835138,0.2537488189187509,0.3954416676341631,0.1344625759493507
7755,0.49596972555501195,0.25006078272885107,0.3719471477729122,0.12402257778209973
7756,0.4674105714537193,0.24762227190045047,0.35166930384006145,0.11574126761365781
7757,0.4976064283043639,0.2317212449518041,0.38230044724165607,0.11530598106270785
7758,0.5115537199901943,0.23663431806379834,0.3905025543073154,0.12105116568287887
7759,0.4988661118801762,0.25812950834727555,0.37009404768942933,0.12877206419074685
7760,0.4943413541033521,0.2623562196749014,0.3646478252118248,0.12969352889152727
7761,0.46493242535413437,0.25394066979444185,0.34686717385055116,0.11806525150358323
7762,0.48810373118020167,0.2563352946879455,0.3629855174098389,0.12511821377036275
7763,0.47549493588124947,0.27978576872564936,0.34245821972056073,0.13303671616068874
7764,0.49235178223502385,0.28288937846115675,0.3530706925743151,0.1392810896607087
7765,0.5066335890928513,0.3151856400705712,0.34694995703337017,0.15968363205948108
7766,0.5111881726896897,0.30933861966838183,0.35305792895905874,0.15813024373063103
7767,0.4936556082764278,0.3066909225374124,0.34225591435836267,0.15139969391806513
7768,0.49789148075986456,0.2968285444668598,0.35010307722346445,0.14778840353640013
7769,0.4864994194936966,0.2854261623087108,0.3476397572221952,0.13885966227150146
7770,0.48454813085953063,0.27661202041401045,0.3505162933946435,0.1340318374648871
7771,0.5215442563005881,0.2684997741212552,0.38150974128964216,0.14003451501094594
7772,0.4991549563596013,0.281602385991016,0.3585917296694961,0.14056322669010518
7773,0.5098625136719163,0.27113661969755604,0.37162011520441396,0.13824239846750233
7774,0.5071558647644903,0.26796307677076026,0.37125681883986184,0.1358990459246284
7775,0.5019444423872691,0.2589748667653009,0.37195344729644286,0.12999099509082626
7776,0.4918112274201307,0.253868720857305,0.366955740211721,0.12485548720840972
7777,0.49099753966401116,0.2584690324930247,0.36408988063059866,0.1269076590334125
7778,0.5043375702474696,0.26109679342751757,0.3726566478508299,0.1316809223966397
7779,0.5253062785505609,0.2636325418985822,0.38681844906099183,0.13848782948956903
7780,0.5168204901685585,0.2506891190978706,0.38725921675647285,0.12956127341208562
7781,0.5051714342742996,0.24110534742534426,0.3833719001042351,0.12179953417006446
7782,0.5085972266409206,0.25061601210755086,0.38113461793121284,0.12746260870970774
7783,0.5278789016237176,0.2717618305610225,0.3844215650039142,0.14345733661980342
7784,0.5486671328165347,0.28029455804771036,0.3948787213084197,0.15378841150811498
7785,0.5241963033443684,0.26206966712463836,0.3868203526189438,0.13737595072542458
7786,0.5189118860486099,0.25000181641579294,0.3891829719767125,0.12972891407189746
7787,0.526448421720771,0.2594690009684495,0.3898513756754656,0.13659704604530543
7788,0.5262097608295301,0.25207538135822655,0.3935652346940051,0.13264452613552496
7789,0.5500315022371112,0.2592995309088232,0.4074085917219529,0.14262291051515827
7790,0.5589789261916758,0.2589647541196875,0.4142230860123615,0.14475584017931425
7791,0.567563470320326,0.25052688749873403,0.4253735606429946,0.14218990967733136
7792,0.5714763547545697,0.25801906440794786,0.4240245603695311,0.14745179438503858
7793,0.5415494772698892,0.2573458199048786,0.40218398302281116,0.13936549424707806
7794,0.5280121543549261,0.2595742939060609,0.3909537722144281,0.13705838214049798
7795,0.5303330387459401,0.27518093833833507,0.3843954955120117,0.1459375432339284
7796,0.525294676886501,0.2600072592784127,0.3887142476357025,0.13658042925079847
7797,0.5352713466860142,0.2722583085110576,0.38953927524284404,0.1457320714431701
7798,0.5345180814419956,0.28954778451813745,0.3797495551755804,0.1547685262664152
7799,0.5526094949053845,0.2702957587118495,0.40324149220856165,0.14936800269682285
7800,0.5916761257770601,0.2748691742468307,0.4290425976631556,0.16263352811390447
7801,0.5799480802987217,0.2699427816335064,0.42339528229987267,0.15655279799884905
7802,0.5529084790953647,0.265233340710833,0.40625871607755537,0.14664976301780933
7803,0.554809101722937,0.26384657035871467,0.40842462302954075,0.14638447869339619
7804,0.5314958605529303,0.2540346383177056,0.39647750185000896,0.13501835870292134
7805,0.5556249377895476,0.2406638876958089,0.4219060801603731,0.1337188576291745
7806,0.5608261041823532,0.24242396756370763,0.42486841489316995,0.1359576892891833
7807,0.5474111974322885,0.24243527562003267,0.41469941290529955,0.13271178452698898
7808,0.5499337772070545,0.23032798549064817,0.42326863814969073,0.1266651390573638
7809,0.5406247247485385,0.2338458629734482,0.41420186944493365,0.1264228553036049
7810,0.5408863271548613,0.23579752733991402,0.4133466686397772,0.1275396585150841
7811,0.5528621898940972,0.25053603044852585,0.414350291452951,0.13851189844114623
7812,0.540011123833612,0.246221967564934,0.40704852241634887,0.13296260141726318
7813,0.5443673452744422,0.2424692537097416,0.41237500132179494,0.13199234395264722
7814,0.5371332485432497,0.2253264967585709,0.4161028953564485,0.1210303531868012
7815,0.5659957977608462,0.23512847997346376,0.4329140661619704,0.13308173159887576
7816,0.5520962494869461,0.227047107984735,0.42674439271171627,0.12535185677522986
7817,0.5447320818075543,0.22527025195275271,0.422020148492019,0.12271193331553526
7818,0.5355250176664876,0.22311883920295386,0.4160392973605995,0.11948572030588808
7819,0.5258889776529431,0.2347648811769891,0.4024287143019616,0.12346026335098145
7820,0.5361020980904723,0.2400964808857598,0.40738587094347745,0.1287162271469948
7821,0.5119246846552117,0.2366294534427664,0.39078822632138843,0.12113645833382328
7822,0.5489869145418476,0.2515441811214303,0.4108924506770379,0.13809446386480967
7823,0.5373462831218506,0.2582920991114745,0.39855398370455913,0.1387922994172915
7824,0.5381394909303827,0.261442770440126,0.3974468115383044,0.1406926793920783
7825,0.5339489291629952,0.23800427166634064,0.40686680317053403,0.1270821259924612
7826,0.5195451008939626,0.2479009244967368,0.39074939006459886,0.12879571082936372
7827,0.5408871028826141,0.25820057952463055,0.40122973946092466,0.1396573634216894
7828,0.525540221557736,0.2599602254633144,0.3889206670715468,0.13661955448618926
7829,0.5336321305314987,0.24651866898532024,0.40208184798507296,0.13155028254642573
7830,0.5287357385307002,0.24756889353010073,0.3978372167728341,0.1308985217578661
7831,0.5444989869696342,0.2242341596933521,0.4224037141726168,0.12209527279701739
7832,0.5181512021123454,0.2070952102034671,0.4108445699937101,0.10730663211863535
7833,0.5000457096692498,0.1750972024194511,0.41248910482431506,0.0875566048449347
7834,0.5360784847854452,0.21601852403136473,0.42027560173712286,0.11580288304832229
7835,0.5696694126377488,0.25246521720262555,0.42584770064246746,0.14382171199528138
7836,0.5824235884515025,0.2582011168189443,0.4320411674516274,0.15038242099987514
7837,0.5514120929110938,0.23578488635383105,0.42139745524992345,0.13001463766117038
7838,0.5620892822732394,0.23093255413129876,0.43228456866805165,0.12980471360518772
7839,0.5536540651464456,0.240847676039542,0.42030777022607896,0.1333462949203666
7840,0.5467140242208604,0.21925033594681104,0.42684679074360377,0.11986723347725661
7841,0.5472106783043051,0.22406665620505206,0.42459901137696104,0.12261166692734408
7842,0.5350141011373576,0.21813303459413985,0.41830985170560975,0.11670424943174786
7843,0.5363092492904764,0.2208224192186808,0.41788014341279883,0.11842910587767756
7844,0.5318808444859091,0.22962895010902726,0.409745604583507,0.1221352399024021
7845,0.5159967695268526,0.2276286949062989,0.39854109830358886,0.11745567122326375
7846,0.5407038002912845,0.22017038554252277,0.4216568361168452,0.11904696417443934
7847,0.5336061677333304,0.20075440428008987,0.4264823794098439,0.10712378832348644
7848,0.5376560339300962,0.21702320467278097,0.4209721984349293,0.11668383549516693
7849,0.5667344480630293,0.24351047399102232,0.4287286739881606,0.1380057740748687
7850,0.565022234496519,0.25937639356593684,0.41846880502824485,0.14655342946827415
7851,0.5762910980957132,0.24880726401697945,0.4329056867011781,0.14338541139453512
7852,0.5790610683564398,0.21829648257861428,0.4526540739360144,0.12640699442042533
7853,0.5650793781120029,0.23061366973826353,0.43476434903217814,0.13031502907982478
7854,0.5619649571697702,0.22916466447949502,0.43318244631072605,0.12878251085904419
7855,0.542867084913384,0.2095046285814185,0.4291339179195281,0.11373316699385588
7856,0.5599306493929646,0.22219878798020276,0.43551473774488,0.12441591164808458
7857,0.5951729592414124,0.23135874177099203,0.4574744922552013,0.1376984669862111
7858,0.6028360466745932,0.23831299590518198,0.4591723823519348,0.14366366432265842
7859,0.5874512217507118,0.22254583153314675,0.45671640112103673,0.13073482062967515
7860,0.5984150815598086,0.22288730680709024,0.4650359556781976,0.133379125881611
7861,0.5898391649253549,0.23285155567976276,0.4524941977716339,0.13734496715372105
7862,0.5948954555316516,0.24202526036571054,0.4509157280162256,0.14397972751542595
7863,0.5978932393560714,0.21808930059593631,0.46749912095386703,0.13039411840220436
7864,0.5641761812683006,0.21845796039916615,0.4409274034026374,0.1232487778656632
7865,0.575831418312476,0.2305438929765661,0.44307700143650025,0.13275441687597572
7866,0.5769764566493168,0.23814070278236846,0.43957487777396775,0.13740157887534907
7867,0.6098743596160706,0.24377623149178396,0.4612014865453999,0.14867287307067073
7868,0.5987664670715703,0.23912479928504043,0.4555865558144683,0.14317991125710203
7869,0.6310815945574015,0.2296964440241027,0.4861243963985059,0.14495719815889566
7870,0.610082171319844,0.2501772729963359,0.457453477395362,0.15262869392448197
7871,0.6034400717940641,0.23591541668059546,0.46107925581499903,0.14236081597906508
7872,0.5972634539334283,0.24385089289283565,0.4516202273995028,0.1456432265339255
7873,0.6255597057496313,0.2510274323303494,0.4685270590459724,0.15703264670365885
7874,0.6020566692874252,0.23272102534321856,0.4619454238961326,0.14011124539129263
7875,0.6113752621080533,0.22872724030472616,0.4715370856154996,0.13983817649255365
7876,0.6255145491030087,0.21264624162606896,0.49250123115382877,0.13301331794917998
7877,0.6134999302913272,0.2272578510696106,0.47407725450196425,0.13942267578936293
7878,0.6132669488401061,0.22683553062824494,0.47415621508319594,0.13911073375691022
7879,0.6202090611727037,0.22233357869959675,0.48231576106025936,0.13789330011244433
7880,0.626045601088887,0.22038392164247772,0.48807521639389584,0.13797038469499112
7881,0.6262716647703511,0.22576658108836795,0.48488045218262843,0.14139121258772266
7882,0.6258722939812812,0.22174261153352437,0.4870897370273942,0.138782556953887
7883,0.6258928056876432,0.23156725526039995,0.4809565265873248,0.14493627910031837
7884,0.6243459726585697,0.248889722537566,0.4689526767561315,0.1553932959024382
7885,0.6310467843158377,0.22996673408632012,0.48592701627105006,0.14511976804478766
7886,0.6323586198676813,0.23709767178120006,0.48242786336628113,0.14993075650140014
7887,0.6133049815474066,0.22619234344821704,0.4745800905227332,0.13872489102467342
7888,0.617679883578149,0.2287829467945927,0.47636525963739906,0.14131462394074987
7889,0.6144632686738403,0.23135261853468655,0.47230558247276466,0.14215768620107558
7890,0.6022224209563263,0.21748632643798105,0.47124727892394747,0.1309751420323788
7891,0.6096092508835596,0.21243124814094397,0.4801091968400991,0.1295000540434604
7892,0.6216623169726602,0.22437890255714465,0.4821744085292029,0.1394879084434573
7893,0.6046381029270533,0.2270673042106517,0.4673445588723648,0.13729354405468855
7894,0.6140969112621163,0.23177363222083774,0.4717654396032981,0.14233147165881818
7895,0.6199166835952309,0.21707875477991537,0.4853459418530834,0.1345707417421475
7896,0.6213135995916618,0.22284543324251935,0.48285670131118874,0.13845689828047306
7897,0.6311821238085074,0.22626898377275384,0.4883651860788279,0.14281693772967946
7898,0.6324394634030318,0.2269277191980285,0.48892141844215675,0.14351804496087503
7899,0.6320994123616732,0.23481199166575564,0.48367489041427497,0.14842452194739825
7900,0.6447776268298682,0.23597395525262507,0.49262689996842307,0.1521507268614451
7901,0.6411555612996884,0.2266036257374294,0.49586738644746237,0.14528817485222606
7902,0.6741321758956272,0.2353701176335839,0.5154616063544896,0.15867056954113765
7903,0.6816894420422376,0.2552230364111971,0.5077065927547629,0.17398284928747462
7904,0.6700755542663115,0.25006919842306746,0.5025102975280423,0.16756525673826916
7905,0.6559895554766011,0.25443456234265516,0.4890831400275592,0.1669064154490419
7906,0.6685941722657158,0.25852403706123706,0.4957465076959668,0.17284766456974904
7907,0.6639266213955712,0.2608778471032523,0.49072287377135854,0.1732037476242127
7908,0.6767313888058973,0.2650593913958745,0.49735737875052133,0.17937401005537604
7909,0.6648909792084994,0.2328936191936148,0.5100421126914455,0.1548488665170539
7910,0.6608051166718057,0.20174087969501295,0.52749371112747,0.13331140554433576
7911,0.6410124794902359,0.21890801169958915,0.5006897121304047,0.1403227673598312
7912,0.646299720823469,0.23528965513582462,0.49423208239653527,0.15206763842693374
7913,0.6419627579297534,0.22079343713579014,0.5002215940932719,0.14174116383648147
7914,0.6334596398868673,0.2043562074418007,0.5040082303121383,0.129451409574729
7915,0.6431604477215338,0.20326820760581968,0.5124263763102211,0.13073407141131266
7916,0.6430108511637977,0.19537142133122587,0.5173849072405252,0.1256259439232725
7917,0.6394540109385745,0.19242759523053654,0.5164054133531434,0.12304859758543109
7918,0.6377144560856002,0.1942358945912395,0.5138474182140479,0.12386703787155226
7919,0.6648654888549106,0.22617113575912876,0.5144921061135471,0.1503733827413635
7920,0.6757063021792991,0.2324640637039812,0.5186288693043088,0.15707743287499015
7921,0.668675756357945,0.24133188835843655,0.5073029733765763,0.1613727829813687
7922,0.6551955854574806,0.24645247021486627,0.493721014947609,0.1614745705098716
7923,0.6529507090003103,0.25068622851396793,0.4892649583555011,0.16368575064480917
7924,0.6550396573549702,0.2453733143924472,0.4943104055712882,0.16072925178368197
7925,0.653893773604801,0.23547721243702843,0.49991669056641314,0.15397708303838792
7926,0.651016782310741,0.26358146593071075,0.4794208244837815,0.17159595782695952
7927,0.6566971937291712,0.26962038627240453,0.479638242691908,0.1770589510372632
7928,0.6596662525294473,0.27387285365505576,0.47900157348927097,0.18066467904017638
7929,0.6482202480661184,0.26678655745610497,0.4752837996112163,0.17293644845490214
7930,0.6545167911276067,0.26793875302667003,0.47914637827785833,0.1753704128497484
7931,0.6384972181444772,0.2499911578629363,0.47887855928827555,0.1596186588562017
7932,0.6491382551287491,0.2531588381703608,0.48480316864841977,0.16433508648032938
7933,0.6514052212571773,0.2547320096626625,0.48547146014158515,0.16593376111559208
7934,0.6608230603794084,0.2558697514429037,0.4917384281723902,0.16908463220701817
7935,0.6504192026476819,0.2628270568988448,0.4794714378652984,0.17094776478238355
7936,0.6442453373016607,0.2643749628820322,0.47392300016561184,0.17032233713604886
7937,0.6306016568755293,0.2434916478155585,0.4770554203276852,0.15354623654784402
7938,0.6280912820503043,0.2639340055924077,0.46231663410109675,0.16577464794920754
7939,0.6430979321487106,0.26706542554570173,0.47134870923185435,0.1717492229168562
7940,0.6618257724244203,0.27851156874265137,0.477499638312178,0.18432613411224227
7941,0.6653926459289338,0.2990453444347029,0.46641007294279746,0.1989825729861363
7942,0.6630884754460347,0.30705977162909515,0.4594806796056904,0.20360779584034427
7943,0.6453960923491493,0.30758970240331107,0.4468789003712146,0.19851719197793471
7944,0.651200361807088,0.307147904589555,0.4511855352100808,0.20001482659700714
7945,0.6760522967047037,0.31642427888534624,0.46213293623113566,0.21391936047356802
7946,0.678873860275746,0.3151122783686327,0.46495237143934687,0.21392148883639917
7947,0.6781195643151363,0.3130032175764836,0.46586595878293546,0.21225360553220088
7948,0.6759062172343936,0.3405750633650484,0.4457094144709598,0.23019680276343377
7949,0.6820272648512302,0.3607661316227298,0.4359749268496209,0.2460523380016093
7950,0.6834453384907512,0.37492491880104156,0.42720465045215594,0.25624068803859523
7951,0.6783693365779512,0.38214981714184726,0.4191306186500509,0.25923871792790026
7952,0.6455990427294332,0.366901745487848,0.4087276270667204,0.23687141566271283
7953,0.634262298424276,0.35637810557850136,0.4082251020719664,0.22603719635230957
7954,0.625769979677072,0.33453387132623624,0.41642872581596097,0.20934125386111108
7955,0.6323624508682835,0.32762411822074144,0.42518526050665517,0.20717719036162832
7956,0.6156881090682029,0.3057152156444786,0.42746288603467597,0.18822522303352693
7957,0.6032817399985204,0.3211479063050931,0.40953907228590203,0.19374266771261836
7958,0.6267150607012754,0.3380321971590373,0.4148651917397638,0.21184986896151156
7959,0.6253991634383934,0.36286785257574555,0.39846191199883585,0.22693725143955754
7960,0.6294360035506918,0.3585188603511419,0.4037713248937205,0.22566467865697135
7961,0.6211499869155949,0.36405515785322284,0.39501713037851066,0.2261328565370842
7962,0.6171922563358052,0.3694580771907228,0.3891655920529749,0.2280266642828303
7963,0.6066325449115896,0.3580915809653625,0.38940253783915724,0.21723000707243237
7964,0.5892612984060837,0.3647978695357935,0.37430003214764884,0.21496126625843479
7965,0.5967116083492556,0.3540232386967635,0.38546183219349744,0.21124977615575818
7966,0.5812951047039656,0.33294051713534495,0.3877584119355828,0.19353669276838278
7967,0.5796314159202266,0.32878951672575324,0.38905468280075123,0.19057673311947537
7968,0.5679419887179983,0.32119194893492814,0.3855235944796854,0.18241839423831283
7969,0.5872459725338444,0.30877935157,0.40591654192274984,0.1813294306110945
7970,0.5850543634156169,0.3129383286827464,0.4019684287397856,0.18308593467583129
7971,0.5736601647314301,0.3014739892342061,0.400716546405094,0.17294361832633606
7972,0.5754273793772557,0.29443813333866875,0.4059996159214546,0.16942776345580116
7973,0.5595763233073986,0.30386204426318286,0.38954231778593673,0.1700340055214619
7974,0.5459972110945542,0.2956094712104344,0.38459526424052115,0.1614019468540331
7975,0.5438757913614689,0.29969084373932176,0.38088119655895897,0.16299459480250994
7976,0.5558424554735052,0.3134158550141198,0.3816326170381288,0.17420983843537644
7977,0.5288751594195992,0.2898287614659712,0.3755919269948987,0.1532832324247005
7978,0.5150944944750189,0.2849730160996536,0.3683064628081464,0.1467880316668725
7979,0.5106115429253402,0.29446182902552365,0.3602559340739998,0.15035560885134033
7980,0.5310666106625963,0.2811197844630026,0.3817732795376299,0.1492933311249664
7981,0.5338704416825162,0.2859068362533405,0.38123323273189447,0.15263720895062172
7982,0.5261775924718085,0.3093630015797449,0.36339771310072605,0.16277987937108246
7983,0.521780109952384,0.2940967647874968,0.3683262676849235,0.1534538422674605
7984,0.5212813193695626,0.29237724404407883,0.3688705238406286,0.152410795528934
7985,0.5202824544670093,0.2738882430794613,0.3777832071079703,0.142499247359039
7986,0.5088074736652672,0.2732450372966868,0.36977835654676827,0.13902911711849894
7987,0.5253067887907068,0.2663223533662635,0.38540584856069104,0.13990094023001576
7988,0.5134691529679296,0.27571233590181593,0.3718993733896149,0.1415697795783147
7989,0.5095302985176142,0.2862850899965666,0.3636593711505216,0.14587092736709265
7990,0.5197494539097095,0.2875210010717822,0.3703105706150777,0.14943888329463179
7991,0.49513956391887076,0.28760681331211574,0.35273405179541373,0.14240551212345706
7992,0.4954302564440097,0.2931402383054228,0.35019971300629593,0.14523054343771372
7993,0.5014777120248542,0.28011014520338184,0.36100871729331263,0.14046899473154162
7994,0.49018021894030905,0.28906919390930813,0.34848421818094577,0.1416960007593633
7995,0.4877728641990014,0.29201337576183095,0.34533666351923387,0.14243620067976753
7996,0.46469299897143984,0.2848356623006926,0.33233186084291466,0.13236113812852515
7997,0.4670474296835325,0.2696014722166477,0.3411307550458509,0.1259166746376816
7998,0.45809037127164376,0.28209494690443654,0.3288653923103358,0.12922497896130797
7999,0.45911553663900523,0.30450902322917806,0.31931071302772185,0.13980482361128338
8000,0.4755118663264635,0.2918562043694019,0.3367307778878114,0.13878108843865206
8001,0.5204308322489646,0.31056083736992507,0.35880539719259913,0.16162543505636545
8002,0.5299502543049486,0.29126774318811316,0.37559283973157953,0.15435741457336902
8003,0.5397932398738706,0.2603619020252195,0.3992516452399541,0.14054159463391652
8004,0.5545461252902951,0.2365045789323291,0.4233934274299592,0.13115269786033587
8005,0.5456998794107258,0.2483460344146079,0.41017747837854235,0.1355224010321835
8006,0.5213804160637154,0.2554316491269102,0.38820335656608607,0.1331770594976294
8007,0.510875517528391,0.25588146872542555,0.3801519397673644,0.13072357776102658
8008,0.5038188974906885,0.2669670007044098,0.3693158775293969,0.13450301996129163
8009,0.49140225301386886,0.252666728101486,0.367241253563156,0.12416099945071284
8010,0.48921027814479606,0.2606460793369382,0.36169953717502196,0.1275107409697741
8011,0.4986497528665501,0.2666422945210958,0.3656886385998358,0.13296111426671428
8012,0.4950387846658415,0.26659804709077267,0.3630624114397386,0.1319763732261029
8013,0.4804827906592021,0.24484753877535415,0.3628377619423827,0.11764502871681935
8014,0.4863543446242912,0.2441595373462145,0.3676062928545029,0.11874805176978831
8015,0.4736829277149546,0.2507962927971348,0.3548850054827508,0.1187979222322038
8016,0.48063943818981947,0.23508592448119722,0.3676478715208425,0.11299156666897696
8017,0.49254929910893847,0.24780626237475747,0.370492498261446,0.1220568008474925
8018,0.488561327089139,0.2582304004738899,0.36239993993885555,0.1261613871502835
8019,0.47260458766028174,0.2420656830366184,0.3582032353420562,0.1144013523182255
8020,0.4646322370866492,0.25458004731895506,0.3463461401832181,0.11828609690343109
8021,0.48134737696963614,0.2823441939962206,0.34544173978694925,0.1359056371826869
8022,0.46977837982778725,0.27445281971635105,0.3408463788422721,0.1289320009855152
8023,0.47404439480034133,0.27979762212419174,0.3414079003539042,0.13263649444643708
8024,0.480077094230915,0.2777779199257695,0.3467222775914438,0.1333548166394712
8025,0.4656103509109202,0.26921693632939914,0.3402601587154258,0.1253501921954944
8026,0.4648309768046173,0.27902976092760434,0.33512930047508016,0.12970167632953716
8027,0.46933775859012594,0.27398504234767224,0.3407462329274487,0.12859152566267723
8028,0.473331727112752,0.25812024806268147,0.351155224294471,0.122176502818281
8029,0.4692849608086014,0.2632231769899331,0.3457582825109651,0.12352667829763629
8030,0.4817378125193597,0.26428787867532016,0.35442034797092903,0.12731746454843068
8031,0.4907670056069471,0.25158486521021267,0.3672974546517036,0.12346955095524347
8032,0.4957599736788316,0.25214675271037806,0.37075570619193177,0.12500426748689988
8033,0.49147443795242135,0.2724421938605469,0.3575760638502844,0.13389837410213692
8034,0.48176647560076974,0.2696967271931395,0.35183563385986866,0.12993084174090108
8035,0.4761259293184357,0.2525293299509511,0.3558901674153772,0.1202357619030585
8036,0.47053624996287635,0.24360364759360326,0.35591190314690424,0.11462434681597214
8037,0.4880439252082771,0.23017603678448545,0.37570790872709203,0.11233601648118506
8038,0.4675842705590915,0.23661913571622695,0.35694488458489687,0.11063938597419466
8039,0.4580238130167998,0.2402740855669621,0.34797256017629496,0.11005125284050479
8040,0.4410653787423574,0.24075493791279975,0.3348767108677556,0.10618866787460177
8041,0.4433880206272075,0.24707740806548192,0.33383685772335264,0.10955116290385486
8042,0.4704274878400324,0.253843069358626,0.35101273041605086,0.11941475742398153
8043,0.47161745565639374,0.2726165733414829,0.3430467209673189,0.12857073468907484
8044,0.4956467579784173,0.29984222574135083,0.347030930884684,0.14861582709373328
8045,0.47683214879368646,0.2895172128424154,0.33878103408127846,0.138051114712408
8046,0.46774326259593524,0.268186606282971,0.34230078438860684,0.1254424782073284
8047,0.4754633719901207,0.2570166233929839,0.35326138157417764,0.12220199041594307
8048,0.4857589009356704,0.2623541218398947,0.3583180510547802,0.12744084988089022
8049,0.48719140408252926,0.2685569713284323,0.35635275614487877,0.1308386479376505
8050,0.4864601672232078,0.2678028953245706,0.356184725980758,0.1302754412424498
8051,0.49674226286330947,0.27443024205019223,0.36042116342917124,0.13632109943413823
8052,0.4908705392118754,0.2562708021405637,0.36507475238087705,0.12579578683099832
8053,0.5071436086334531,0.26486032330579223,0.3728213884883306,0.13432222014512255
8054,0.5056433974853719,0.26975277002755343,0.3692446903675496,0.13639870711782232
8055,0.5049265384269539,0.251907624753011,0.37773169345706004,0.1271948449698939
8056,0.49855008083988706,0.23830471625884012,0.379743245284516,0.11880683555537108
8057,0.49581023285814846,0.24117324626571113,0.37623406946799065,0.11957616339015782
8058,0.49841670592926096,0.24958391098497096,0.37401991516318983,0.12439679076607112
8059,0.5060590345413177,0.2585128365416558,0.3752362780645099,0.13082275647680783
8060,0.4862210584282584,0.25182946821284385,0.363776267850384,0.12244479057787439
8061,0.48007290981552037,0.24215108117273842,0.36382273566194956,0.1162501741535708
8062,0.49700852409812557,0.23691605443096334,0.3792592255502413,0.11774929854788427
8063,0.5134533689882288,0.24123020726923142,0.3895929063641132,0.1238604626241156
8064,0.49867315934583906,0.23538940895363036,0.3812907791063825,0.11738238023945659
8065,0.4912036125092624,0.23178706150500275,0.3773489705650985,0.11385464194416395
8066,0.49439194373140544,0.23992906879087902,0.37577294505421666,0.11861899867718877
8067,0.51265079365356,0.2354243878170614,0.39196029439374,0.12069049925982003
8068,0.5050430666200443,0.23471510471618096,0.3865018303521394,0.11854123626790485
8069,0.5131076087165949,0.24427538394467546,0.38776805059241437,0.12533955812418052
8070,0.5223097973608347,0.26229995491352986,0.38530796106219284,0.13700183629864188
8071,0.5359416338638247,0.24731136419403396,0.4033971772645827,0.13254445659924194
8072,0.5499388790835757,0.25072283278620705,0.41205664546047027,0.1378822336231055
8073,0.5640062626382075,0.23972891241165714,0.4287976547025866,0.13520860793562095
8074,0.5689309671927849,0.2312013158152961,0.43739337896974395,0.13153758822304093
8075,0.5366888785890838,0.2389123088460751,0.4084672994733549,0.12822157911572887
8076,0.5432299306183008,0.2467647665780691,0.40917992359105515,0.13405000702724568
8077,0.5502076146156429,0.2388489128127149,0.4187911240434194,0.13141649057222354
8078,0.545056434696644,0.23695061184651373,0.4159049790043948,0.12915145569224915
8079,0.5505982345499871,0.24111340059398875,0.4178416218565931,0.13275661269339403
8080,0.5550590103385068,0.24438537353512013,0.4194107067628967,0.13564830357561009
8081,0.5415603046497769,0.2364885788167828,0.4134874778595672,0.12807282679020968
8082,0.5494765083347539,0.23649810658068388,0.4195263545030192,0.12995015383173467
8083,0.5479791902535498,0.2313443720939509,0.42120728856379064,0.12677190168975913
8084,0.5532516064071095,0.2322919756371297,0.42473569773038633,0.12851590867672313
8085,0.5492581647914242,0.23564644578237406,0.4198274304413756,0.12943073435004862
8086,0.5621541863158817,0.2404042321269062,0.4270099408176864,0.1351442454981953
8087,0.5701145467710222,0.22683305265267076,0.44079372376525744,0.1293208230057648
8088,0.5614365709524325,0.2296993642097769,0.43247494756054145,0.12896162339189104
8089,0.5589834514233407,0.21944974386695593,0.4363146761826216,0.12266877524071912
8090,0.5562499752754003,0.23466632400509477,0.4257168383495973,0.13053313692580304
8091,0.5661761803822045,0.26025354962455044,0.418826819724866,0.14734936065733847
8092,0.5451803066470206,0.23842014541331094,0.41519833865976447,0.1299819679872561
8093,0.5507758067822699,0.2501391625062435,0.41300520774505234,0.13777059903721758
8094,0.553024462796077,0.2540746187737024,0.4125149832386321,0.14050947955744483
8095,0.5196205076420788,0.18363300455888448,0.42420103259335107,0.09541947504872772
8096,0.5089234977862381,0.1718059721875658,0.421487401479977,0.08743609630626113
8097,0.5325688024033428,0.17946867754245233,0.4369893837356473,0.09557941866769554
8098,0.5491836150052817,0.17878988616532956,0.4509951389946232,0.09818847601065848
8099,0.5445402740326805,0.20882848178191044,0.43082475533733033,0.11371551869535013
8100,0.5584662516437712,0.21671995867950128,0.43743546866363714,0.12103078298013405
8101,0.5650374277892607,0.1912915999279837,0.4569505142082605,0.10808691358100023
8102,0.5577792619752564,0.2067005094397991,0.44248600437001573,0.11529325760524066
8103,0.5492006387583,0.21043291696086402,0.4336307463476212,0.11556989241067883
8104,0.5599855530962027,0.18985125290634558,0.45367159423143566,0.106313958864767
8105,0.5657351016607086,0.1841653386494113,0.4615463050775051,0.10418879658320353
8106,0.5883203045524323,0.22152018793558473,0.4579954801216571,0.13032482443077525
8107,0.6204746058665741,0.2449339919200278,0.4684992837666682,0.15197532209990589
8108,0.6193299696325643,0.27802374357166987,0.4471415329691901,0.17218843666337413
8109,0.6132017690735577,0.29226217753316047,0.43398608477693357,0.17921568429662418
8110,0.624080722455154,0.2855942960229194,0.44584682786409935,0.17823389459105465
8111,0.6322597345924778,0.29883591111643865,0.44331782074329695,0.18894191384918077
8112,0.6141549273252571,0.2830806117004205,0.440299574819196,0.17385535250606107
8113,0.6127770036009264,0.2605655743920652,0.4531084116834024,0.15966859191752397
8114,0.6147114914496686,0.249451843279166,0.46137057682266347,0.15334091462700514
8115,0.6155710363827345,0.25083556789984485,0.4611639258889752,0.15440711049375927
8116,0.6069617883894859,0.25860654200137323,0.4499974991671117,0.1569642892223742
8117,0.610137400353669,0.26274430299480167,0.449827274366684,0.16031012598698502
8118,0.635732739920754,0.25663436525796124,0.4725818717374867,0.16315086818326724
8119,0.6195465946587356,0.24585594980442332,0.4672273781808161,0.15231921647791952
8120,0.6246866221297291,0.24931243678972287,0.46894447813662554,0.1557421439931036
8121,0.5935199131904713,0.2532074965455877,0.44323622182155753,0.15028369136891376
8122,0.5998120639609498,0.25029614512571957,0.4496814165516225,0.15013064740932727
8123,0.6136408274383028,0.24943738130884618,0.46057586637789905,0.15306496106040382
8124,0.6101626712829975,0.25805926834552184,0.452704538759958,0.1574581325230395
8125,0.613237214753081,0.27494364249108943,0.4446315412177785,0.16860567353530254
8126,0.595827346034427,0.2626005544325668,0.43936275461970165,0.15646459141472535
8127,0.6054982472085623,0.2661255273792486,0.444359706842973,0.16113854036558928
8128,0.610925358253045,0.2635491421184856,0.44991650418702644,0.16100885406601848
8129,0.6004319108556879,0.25720202367493294,0.44599960830459806,0.15443230255108986
8130,0.6122862947075776,0.25287033401470677,0.4574572548522452,0.15482903985533233
8131,0.6248350009615612,0.251314468781394,0.4678049246188846,0.15703007634267657
8132,0.6033917757532102,0.24936998777103436,0.45292397601248946,0.15046779974072075
8133,0.6117426078475908,0.26103573332502944,0.45205592760192903,0.15968668024566177
8134,0.6168432120494046,0.2631320806787262,0.4545319742102961,0.16231123783910853
8135,0.6136852731870677,0.2547290689309691,0.45736179493147855,0.15632347825558915
8136,0.6198434306694592,0.2645349983635696,0.4558731497516445,0.16397028091781476
8137,0.6316673516885598,0.2738287488347556,0.45869867109591794,0.17296868059264187
8138,0.6316153456454099,0.2734292664966679,0.4589132249775461,0.17270212066786378
8139,0.6225949013127946,0.2710318536610938,0.4538518511300421,0.16874305018275249
8140,0.6133847947598698,0.2581383177996365,0.4550466756766818,0.15833811908318807
8141,0.6196090583938897,0.2535442635603186,0.4625107359881085,0.1570983224057812
8142,0.6209620611915847,0.253214198051112,0.46372565084679207,0.15723641034479266
8143,0.6241960052318387,0.2457737898114736,0.4707849874408273,0.1534110177910114
8144,0.6388850805772919,0.26088326144060225,0.472210657070546,0.16667442350674588
8145,0.6354354620431137,0.25227674702163827,0.47512987073668533,0.16030559130642844
8146,0.6291967252006323,0.23257804928863718,0.4828593782346705,0.14633734696596176
8147,0.6387277151933826,0.24241838306279836,0.4838883752588072,0.15483933993457538
8148,0.6281326143892895,0.2293779659489174,0.4840528329544985,0.14407978143479092
8149,0.6270093199205211,0.23286030742691474,0.48100373692428783,0.14600558299623329
8150,0.6302195625973278,0.230592893622525,0.484895410040488,0.14532415255683984
8151,0.6266865841042397,0.2168894917004504,0.49076484942237963,0.1359217346818601
8152,0.62958941286742,0.23149237789778418,0.48384426258347113,0.14574515028394885
8153,0.6296489624069255,0.24917743951065208,0.47275464616382895,0.15689431624309652
8154,0.6348582304368636,0.23478835316391541,0.4858009120200349,0.14905731841682873
8155,0.6402931197564111,0.24270066510871827,0.48489355372699394,0.15539956602941718
8156,0.6405895625882568,0.24680244782782562,0.48249049048851894,0.1580990720997379
8157,0.6398780474029726,0.2333801736490039,0.4905431975858813,0.1493348498170913
8158,0.631090007220549,0.23110702866249802,0.4852406708332135,0.1458493363873355
8159,0.6353561151072037,0.2248168568840966,0.49251735030671184,0.14283876480049182
8160,0.615943921534968,0.22517222020965313,0.4772504611982989,0.13869346033666913
8161,0.6204151058025148,0.22911123632175504,0.47827103387940817,0.14214407192310663
8162,0.6353250572567135,0.2335754644928299,0.4869287119040429,0.1483963453526706
8163,0.6406120974072964,0.235034661107895,0.49004605019155467,0.15056604721574174
8164,0.6365135295235111,0.24276867891712195,0.4819879808482138,0.1545255486752973
8165,0.6421689897001118,0.2483303271095382,0.48269895442828137,0.15947003527183043
8166,0.6379764161062228,0.24623243887246146,0.48088592722527523,0.15709048888094754
8167,0.6455642865565269,0.23989079434301325,0.490699357055001,0.15486492950152586
8168,0.6419350835698608,0.24759632781721155,0.4829943141809285,0.15894076938893237
8169,0.641581338853597,0.2441841037464767,0.4849173746451669,0.15666396420843015
8170,0.6576556289243557,0.23847950388770164,0.500818240809521,0.15683738811483475
8171,0.672192296404355,0.2354988216539718,0.513891802676252,0.15830049372810293
8172,0.669144454714503,0.24529573449772318,0.5050061742102305,0.16413828050427248
8173,0.661824096820978,0.23777746452754014,0.5044572411156566,0.15736685570532138
8174,0.6561122518273821,0.24408901136832192,0.49596246093219293,0.16014979089518916
8175,0.6641134158772825,0.23982239104843733,0.5048441485542473,0.15926926732303512
8176,0.6633660367677874,0.23903999609452403,0.5047950219295756,0.1585710148382118
8177,0.6617066030036607,0.23816715249076129,0.5041098255819442,0.1575967774217165
8178,0.66459082558695,0.23581662530932454,0.5078692598854976,0.15672156570145246
8179,0.6687505779309555,0.2423216623320177,0.5066978262012288,0.1620527517297267
8180,0.6689973041073433,0.2587060219917859,0.49592367283850347,0.17307363126883982
8181,0.6776074622125807,0.2667754923587054,0.49683839785488665,0.18076906435769408
8182,0.6851841055423888,0.2667234415193721,0.5024294428377503,0.18275466270463864
8183,0.6829109175813166,0.27579072799758014,0.49457041846406985,0.18834049911724676
8184,0.690612818305231,0.2779865815691834,0.49863172175670034,0.1919810965485307
8185,0.6797956794411958,0.2584229290706667,0.5041208887904179,0.17567479065077785
8186,0.6856225154769484,0.258481069574472,0.5084020743521268,0.17722044112482158
8187,0.681776282999057,0.2673564178622765,0.4994990181929715,0.18227726480608555
8188,0.6886696533556114,0.2567830367510746,0.5118309684486476,0.17683868490696378
8189,0.6853929475690497,0.24384790328675182,0.5182613143768102,0.1671316331922394
8190,0.6693934910136505,0.24011453023214668,0.5086623873784512,0.1607311036351994
8191,0.6683604851660213,0.23110566342287175,0.5138985918360955,0.1544618933299258
8192,0.6650874720587877,0.23069550958598184,0.5116547787729332,0.1534326932858545
8193,0.6639755448690738,0.21638541741614833,0.5203009194384648,0.14367462543060908
8194,0.6492405735012311,0.21664302544096584,0.5085871314188967,0.14065344208233446
8195,0.6393308926685369,0.221162809309242,0.49793467636777783,0.1413962163007591
8196,0.6420040196645208,0.22515388215412224,0.4974543222785025,0.1445496973860183
8197,0.6517602188702193,0.2503045517815011,0.488621669416896,0.16313854945332326
8198,0.6680418060738634,0.2611112748461579,0.4936085584393871,0.1744332476344763
8199,0.6648227810460258,0.24805016096872046,0.4999133831918867,0.16490939785413908
8200,0.6769591559125402,0.23916081830757877,0.5150570502236893,0.1619021056888509
8201,0.6756280095822091,0.2510015746965618,0.5060443152679709,0.16958369431423825
8202,0.6784439127422495,0.24405355057349734,0.5128672669725275,0.165576645769722
8203,0.6674295613373495,0.24595991564414996,0.503268642732403,0.1641609186049465
8204,0.6676731771223537,0.2382272805824387,0.5086152118186584,0.15905796530369526
8205,0.6754840755352289,0.23539675416775027,0.5164773166622326,0.15900675887299634
8206,0.6662519538523022,0.2227024184834921,0.5178760324100425,0.14837592144225967
8207,0.6658899564478749,0.2316152789381355,0.5116596684430974,0.15423028800477742
8208,0.6671643780635826,0.23536599876521666,0.5101365678800729,0.15702781018350973
8209,0.6669624045937017,0.2472478644964878,0.5020573743584664,0.16490503023523523
8210,0.6677769081041287,0.24853379444068202,0.5018117792931429,0.16596512881098574
8211,0.660693231559056,0.236600135362086,0.5043731235393694,0.15632010801968668
8212,0.6596360704074792,0.2412829714143372,0.5004771192874857,0.1591589511199935
8213,0.658102808348955,0.24307749089867217,0.4981328289421213,0.1599699794068337
8214,0.6619189457134217,0.24575368723960328,0.49924992415059755,0.16266902156282417
8215,0.6611212155603859,0.25130316222839577,0.4949793634737801,0.16614185208660587
8216,0.6633539710581626,0.26363290933187383,0.4884720337512476,0.17488193730691504
8217,0.6586608080487154,0.2727508408269318,0.47901051883368195,0.17965028921503345
8218,0.66964282600276,0.2817480688532735,0.48097225295503376,0.1886705730477263
8219,0.6726280046120922,0.28059137680203616,0.4838943867223789,0.18873361788971327
8220,0.6686444410251589,0.2788090970921235,0.4822202881472667,0.18642415287789216
8221,0.6727256362031098,0.27289908772522703,0.4891394237939082,0.18358621240920162
8222,0.6404864465718431,0.263161611301438,0.47193500127526444,0.16855144529657862
8223,0.6482941810496154,0.27270138554748163,0.4715034596350154,0.17679072141460003
8224,0.654877119096618,0.2765874282094373,0.473746340932479,0.181130778164139
8225,0.6477513144059128,0.2803330672298707,0.4661652016363229,0.18158611276958989
8226,0.6473033292008361,0.2736061639225679,0.4701971484038882,0.1771061807969479
8227,0.6620461519414188,0.2725650107197937,0.4815955354405078,0.180450616500911
8228,0.6512700729733278,0.28044699349945323,0.46862333905178855,0.1826467339215393
8229,0.6659093316625537,0.3011240249621008,0.465388033452503,0.20052129821005069
8230,0.6624700638641764,0.3098222855562084,0.4572220745652099,0.20524798929896648
8231,0.6576994992093755,0.29629824805956356,0.46282428984398527,0.19487520936539027
8232,0.6581306354659283,0.29025366294906035,0.46710580782294986,0.19102482764297846
8233,0.6540368157814027,0.30060239368952274,0.45743178339643964,0.19660503238496307
8234,0.6545083898818699,0.3057713750710068,0.45437845951217987,0.20012993036969
8235,0.65879157073452,0.3336138369473085,0.43900958707323257,0.21978198366128743
8236,0.6622390400395647,0.3362206653654793,0.43958058936646593,0.22265845067309872
8237,0.6599736865219683,0.33872495678655423,0.4364241280745517,0.22354955844741659
8238,0.6571619579347273,0.3597343188450634,0.42075824862619,0.23640370930853732
8239,0.6714640137672366,0.37331556997655146,0.4207960427489777,0.25066797101825894
8240,0.6547517303366718,0.36600352139428016,0.41511029139445177,0.23964143894222
8241,0.6426931086930189,0.33983475825146536,0.42428365147044406,0.21840945722257482
8242,0.641853610108404,0.3556922646806969,0.4135512459354648,0.22830236417293928
8243,0.6459816775629744,0.34241656255097747,0.4247868520609468,0.2211948255020276
8244,0.6528355413163746,0.34882735105811696,0.42510864876239174,0.22772689255398282
8245,0.6533691572327394,0.3551700563367807,0.42131199684967235,0.23205716038306698
8246,0.6670573969255692,0.3771858270372117,0.4154528009849088,0.2516045959406604
8247,0.6764937329092648,0.3701626577661706,0.4260810147734134,0.2504127181358514
8248,0.6750793704531514,0.37301263734539347,0.4232662340629535,0.25181313639019787
8249,0.6792505990009339,0.3937630707619707,0.41178679732141815,0.2674638016795157
8250,0.6793182592327598,0.4078317931916146,0.40227067542205724,0.27704758381070255
8251,0.6921041079935993,0.41092586120860425,0.4077006313703167,0.28440347662328264
8252,0.69056791730362,0.4232709532414679,0.3982705766685416,0.2922973406350784
8253,0.6880963405459145,0.4249786432614586,0.39567009130753716,0.29242624923837734
8254,0.6895089480016493,0.43373201599770306,0.3904468419364385,0.2990621060652108
8255,0.6649040755034806,0.41948790061815866,0.38598486075806787,0.27891921474541276
8256,0.6684704786631681,0.4066314177408413,0.39664938020646523,0.2718210984567029
8257,0.6660807026660254,0.4192390362259116,0.38683367083164294,0.27924703183438243
8258,0.6245979400826298,0.3781425382104077,0.388410889658792,0.2361870504238378
8259,0.6277297301873626,0.3732036890583803,0.39345867914981714,0.23427105103754542
8260,0.6144009601892244,0.36525668120772165,0.3899869045396708,0.2244140556495536
8261,0.6188440866293615,0.357925766195298,0.3973438427671179,0.2215002438622436
8262,0.6040444752629026,0.3770574348696988,0.3762850148730593,0.2277594603898433
8263,0.6057214355398212,0.37759420641919866,0.3770045307760646,0.22871690476375656
8264,0.6299947506315303,0.39688067996111975,0.3799620056289525,0.2500327450025778
8265,0.6534915984634473,0.43236680083112516,0.37094352666578834,0.28254807179765895
8266,0.6402863414890398,0.42348620901045864,0.3691339060506704,0.2711524354383694
8267,0.6593486124216608,0.44248538581564306,0.3675964872672533,0.29175212515440746
8268,0.6671468842282074,0.46913514779569154,0.3541648320943722,0.31298205213383523
8269,0.691640366368089,0.4813164139259117,0.3587425055013967,0.3328978608666923
8270,0.6717429888793937,0.47004058251037806,0.35599652308926105,0.3157464657901326
8271,0.6639430648291644,0.46295974765537323,0.35656415107831935,0.3073789137508451
8272,0.6684601480062621,0.4677867777734512,0.35576332930044846,0.3126968187058136
8273,0.6753811038768811,0.48450011395986603,0.3481588820821921,0.327222221794689
8274,0.6704261330789535,0.48374122417540494,0.3461133747441576,0.3243127583347959
8275,0.6252658418090171,0.4150799276712118,0.3657305414156509,0.2595353003933662
8276,0.6056171869687623,0.3822834348445624,0.3740997685334423,0.23151741843532
8277,0.574352964155928,0.369082980238931,0.36236906043619416,0.2119839037197338
8278,0.5837264995252373,0.3659502515060547,0.37011164021322773,0.2136148593120095
8279,0.5786530695482348,0.3491953356621475,0.376590116695407,0.20206295285282783
8280,0.5725916979810634,0.3494496748868883,0.37249971527864945,0.2000919827024139
8281,0.5925201262335801,0.338199746108269,0.39212996997734384,0.20039015625623627
8282,0.567274673741532,0.3510254062249915,0.3681468509502612,0.19912782279127078
8283,0.5761553639805851,0.376096549533089,0.35946531959250605,0.21669004438807904
8284,0.5790167069915263,0.38717132365144674,0.35483804212931513,0.22417866486221114
8285,0.5454098656309663,0.3551471113051697,0.3517091273747879,0.19370073825617842
8286,0.5417035292424801,0.3292487915864468,0.36334829684128006,0.17835523240120005
8287,0.5640206935891261,0.3331337805207162,0.37612634764186403,0.18789434594726204
8288,0.5668783912964319,0.325119868496922,0.3825749632643893,0.18430342803204264
8289,0.5711331580197186,0.3550353746204474,0.36836068330402866,0.20277247471569
8290,0.5782305103917902,0.3746345564133798,0.36160537962647965,0.2166251307653105
8291,0.590631123774147,0.3859756100766529,0.36266191544516146,0.22796920832898546
8292,0.5801055476519194,0.37748697936280234,0.36112325675719215,0.21898229089472723
8293,0.5776084126923341,0.3626258263688493,0.3681526847221771,0.20945572797015702
8294,0.5808668477346564,0.345306654235619,0.3802896599870114,0.20057718774764494
8295,0.5842701495082998,0.35261999512995684,0.378244812234104,0.20602533727419584
8296,0.5841979391102339,0.3495073174948903,0.38001648452577275,0.2041814545844611
8297,0.5663845877598521,0.3572619712958172,0.36403691342519856,0.20234767433465356
8298,0.5666095722991557,0.36712113525167467,0.3585952228722238,0.20801434942693187
8299,0.5680768503854694,0.3834905383179362,0.35022475322518803,0.21785209716028137
8300,0.5794223706111621,0.38203016955044833,0.35806554412525715,0.22135682648590496
8301,0.5660126898855553,0.3776854711673991,0.3522379204194024,0.2137747694661529
8302,0.5563138085748969,0.3722535871408403,0.34922399775690877,0.2070898108179881
8303,0.562279093444826,0.36120662361110806,0.35918016057450564,0.2030989328703203
8304,0.5489382503879253,0.3733614172363359,0.3439858872478549,0.20495236314007043
8305,0.5224989330679071,0.37421293796674293,0.326973072240077,0.19552586082783008
8306,0.5274119175848105,0.38702639746808654,0.32328958314022593,0.20412233444458458
8307,0.5096184200617137,0.35522089282615155,0.328591309886739,0.18102711017497466
8308,0.5308369684759108,0.350344133345761,0.34486135080732677,0.185975617668584
8309,0.52891302572142,0.35564155532516867,0.34080957462211325,0.18810345109930673
8310,0.5328912434667004,0.35707056063205694,0.3426114684061317,0.19027977506056865
8311,0.5343280546519522,0.3404832881993664,0.3523982816268848,0.18192977302506744
8312,0.5322404602447167,0.33775024775028756,0.35247611293433656,0.17976434731038016
8313,0.5195392794580996,0.3239805837866735,0.35121864039915685,0.16832063905894282
8314,0.5023945261649215,0.3112674633482367,0.3460154564055271,0.15637906975939445
8315,0.5131991797622985,0.32138942597990033,0.3482623899651377,0.16493678979716078
8316,0.5421383896746662,0.3142494279329812,0.3717717108588947,0.1703666788157715
8317,0.5520229625714118,0.32557804412929187,0.3722964061029543,0.17972655646845753
8318,0.5647254133153058,0.309978205083465,0.38967284333080937,0.17505256998449642
8319,0.5629803233803776,0.3035087679179319,0.3921108590691603,0.1708694643112173
8320,0.5622080140265898,0.310933459590771,0.3873987312156455,0.1748092828109443
8321,0.558876758082817,0.30901178786623057,0.3861772518707629,0.1726995062120541
8322,0.5452837137417893,0.2966131258185122,0.3835454069509104,0.16173830679087892
8323,0.5369569504677512,0.29757516924357297,0.3771718950557973,0.15978505541195387
8324,0.5397504811459589,0.2941876802579552,0.38096253917951406,0.15878794196644486
8325,0.5480056816647089,0.29364006136075704,0.38708925967464025,0.16091642199006861
8326,0.5350220556604975,0.290454960899085,0.37962224540347966,0.1553998102570179
8327,0.5359192756865641,0.2930977801836062,0.378842525625226,0.157076750061338
8328,0.5323369940582598,0.2940201697298631,0.3758191807117651,0.1565178133464947
8329,0.541058420211132,0.28379980617131134,0.3875061454278569,0.15355227478327518
8330,0.5639669278211518,0.28794907513326873,0.4015731725493002,0.16239375527185157
8331,0.541578249538491,0.28877421798800723,0.3851844140486994,0.15639383548979158
8332,0.5577567873929008,0.3041656517764998,0.3881063306227725,0.1696504567701283
8333,0.5549549915592421,0.2895668690218212,0.39425841220540114,0.16069657935384096
8334,0.5405973472413235,0.29961505875634437,0.37862624128409045,0.16197110595723302
8335,0.5470144662960724,0.2874089115726504,0.389797633923424,0.15721683237264844
8336,0.548309358410476,0.28006936173591884,0.39474470636662284,0.1535646520438532
8337,0.554761186524908,0.28107163927480255,0.3988335504223176,0.15592763610259042
8338,0.5597977856411267,0.2864768937733031,0.3994286548694833,0.16036913077164336
8339,0.5491052287066834,0.2777823236901757,0.39657350232611555,0.1525317263805679
8340,0.5564168278714064,0.28035697291695594,0.40042149032932406,0.15599533754208242
8341,0.5698881013280909,0.2771924084398612,0.41191944597973773,0.15796865534835317
8342,0.571420478340436,0.27937426512431734,0.41178030212709077,0.1596401762133452
8343,0.5794443236671957,0.2796954619430856,0.4173763758888006,0.1620679477783951
8344,0.5813026496439019,0.275160847605546,0.4213509198525361,0.1599517297913658
8345,0.5746288696906636,0.2755915865441546,0.41626598781853935,0.15836288187212427
8346,0.5892599039071662,0.2763398441999552,0.42642391386817935,0.16283599003898688
8347,0.5909081629134045,0.2881806927686063,0.42061983916239515,0.17028832375100939
8348,0.5878435524593726,0.29290937657302424,0.4156586639860259,0.1721848884733467
8349,0.5799255076841158,0.2986009609461338,0.4067591938124643,0.1731663138716515
8350,0.5858294166225354,0.2993777313778294,0.4104451348996835,0.17538428172285192
8351,0.5759269434568416,0.28665157197052626,0.4108365797747575,0.16509036368208405
8352,0.5734880389977426,0.2958662300966496,0.4038122948939601,0.16967574410378247
8353,0.5821560031907521,0.2914336506038717,0.412496153959912,0.16965984923084007
8354,0.594739777956003,0.28180972050950304,0.4271363273543379,0.1676034506016651
8355,0.5898758494595536,0.28647803987226367,0.4208893723383942,0.1689864771211594
8356,0.5902676562796695,0.2846572319016511,0.42224369916202353,0.16802395711764595
8357,0.5798712539858785,0.2821004412050277,0.4162893173943495,0.16358193659152898
8358,0.590022644289698,0.283063690451814,0.42300865714691815,0.16701398714277982
8359,0.6025911455778633,0.27887054131463473,0.4345462266191587,0.1680449189587046
8360,0.5900863312626095,0.2782840182408798,0.4258747358898316,0.16421159537277785
8361,0.5954833422067525,0.2745238795546024,0.43200894489401387,0.16347439731273858
8362,0.6229667978747452,0.27701345559600227,0.45039661247388574,0.17257018540085944
8363,0.6233535963886134,0.2746428654505948,0.4521539784875111,0.17119961790110233
8364,0.6159961518580586,0.287465394019936,0.4389185753494175,0.17707757650864112
8365,0.6219647505330099,0.2894564847675377,0.44193302019440633,0.1800317303386036
8366,0.6222785415298188,0.28340048946303453,0.44592449827792485,0.1763540432518939
8367,0.6400923226735334,0.2915601266273436,0.45346692402164757,0.1866253986518859
8368,0.6215661961544204,0.2842273874704373,0.44490006008151217,0.1766661360729083
8369,0.597968845187084,0.2847873165864212,0.42767490236397326,0.17029394282311078
8370,0.6049191805488242,0.2877193342045515,0.43087223667375363,0.17404694387507058
8371,0.6111015453040671,0.2874773956157896,0.4354236646032694,0.17567788070079768
8372,0.6169693274553613,0.2903827764028498,0.4378120611934745,0.1791572662618868
8373,0.6099643742193536,0.29916655372892786,0.42748343448672743,0.1824809397326261
8374,0.5944580230324333,0.28834929803445475,0.42304646938008145,0.1714115536523519
8375,0.6156903290327886,0.28645448941222373,0.43932307019365713,0.1763672588391315
8376,0.6280376303252021,0.2884905133591723,0.4468547319438065,0.18118289838139562
8377,0.6256112746503104,0.29963898503636904,0.4381537472867823,0.1874575273635281
8378,0.6093777941159846,0.2995254218562032,0.42685365326359176,0.18252414085239282
8379,0.6127853359484954,0.30217157247809595,0.4276190273934202,0.18516630855507515
8380,0.634130481137182,0.3132311529270088,0.43550105942442363,0.19862942171275833
8381,0.6356577745146159,0.30733295360829493,0.4402991931889635,0.19535858132565245
8382,0.6362087124802572,0.3012779780498429,0.44453303796651145,0.19167567451374576
8383,0.6213152085279245,0.28154507524874717,0.446386971389739,0.17492823713818556
8384,0.631242537790359,0.2832864448495632,0.45242008342191214,0.17882245436844685
8385,0.6492969196040177,0.2827167437212331,0.46572980878534254,0.18356711081867516
8386,0.6612338277128499,0.294000946721912,0.4668304563607184,0.1944033713521315
8387,0.6534550955579426,0.3008982460212516,0.4568316034509083,0.19662349210703428
8388,0.6209019830390884,0.2874506794044024,0.4424232861709617,0.17847869686812667
8389,0.6186440929647383,0.26615703123309553,0.45398761779135244,0.1646564751733859
8390,0.6245596614416787,0.2768017639732466,0.4516804454480884,0.17287921599359035
8391,0.6167617615540039,0.27466845480051016,0.4473567615279249,0.16940500002607894
8392,0.6304636401969085,0.2774986551278264,0.45551082793527253,0.17495281226163595
8393,0.6475634220154924,0.28597899306573044,0.46237388664130324,0.1851895353741892
8394,0.6352418316820394,0.28290039029822267,0.45553166956543256,0.17971016211660681
8395,0.6268877576992005,0.26602456177021094,0.4601202166781605,0.16676754102104
8396,0.6237503934046015,0.26274410659784964,0.45986365354945224,0.16388673985514926
8397,0.6095146096042616,0.26800767947900267,0.44616001347567324,0.16335459612858838
8398,0.6139555920646494,0.2593943397095537,0.4546989866500516,0.15925660541459788
8399,0.6271458199208066,0.2587735371471894,0.4648570777928252,0.16228874212798144
8400,0.6214784280251134,0.2721384649933448,0.45235024259588213,0.1691281854292313
8401,0.6371107019655895,0.25684184093018947,0.47347401639642217,0.1636366855691673
8402,0.6378517501864833,0.2447393877306105,0.48174430338294505,0.15610744680353825
8403,0.6456421254755859,0.2491047478239682,0.4848096066244592,0.16083251885112665
8404,0.6380875110554132,0.2644709158921874,0.4693319225872218,0.1687555884681914
8405,0.648751299264589,0.26825959869909943,0.474717536068351,0.174033763196238
8406,0.6553660017291976,0.2630562011378333,0.48296791095942415,0.1723980907697734
8407,0.6471271668219196,0.26088239161324245,0.4783030838635155,0.16882408295840412
8408,0.632765160921889,0.26762201636974675,0.46342327266744576,0.16934188825444318
8409,0.6207592520197363,0.27431787943664165,0.4504738903650064,0.17028536165472988
8410,0.6127524493437783,0.27127202472665884,0.4465298517540721,0.16622259758970617
8411,0.6210043179471306,0.27483286772658094,0.45033192037513126,0.17067239757199937
8412,0.6262126379382791,0.2703396090451628,0.4569225582189046,0.16929007971937446
8413,0.6336010974056082,0.28094656211971064,0.4555930473342267,0.17800805007138154
8414,0.6260222337175104,0.2859235924745883,0.4470277076840335,0.17899452603347693
8415,0.6173274109189157,0.2926800004347195,0.4366480240228032,0.18067938689611251
8416,0.6401109070684798,0.27304420548766956,0.46533233302397525,0.17477857404450456
8417,0.6524216620167341,0.2985335892561065,0.4576518815464441,0.19476978047029006
8418,0.6447470872248349,0.30902355085846545,0.4455050529249637,0.19924203429987122
8419,0.6444808350452065,0.29756210913857,0.452707758469768,0.19177307657543846
8420,0.6537100393828542,0.31028665881839296,0.4508725354267083,0.20283750395614591
8421,0.6494807319105548,0.3195518031211761,0.44193799293607583,0.20754273897447895
8422,0.6520444557026471,0.31855797178244494,0.4443304963820236,0.20771395932062353
8423,0.6729529527813523,0.31142310591436895,0.4633798540919379,0.20957309868941437
8424,0.6751610344672552,0.3199776117324998,0.45912461912357894,0.21603641534367626
8425,0.681050026886716,0.3282413201079382,0.45750126700187355,0.22354875988484246
8426,0.666021800638063,0.30292323696269885,0.4642683209010557,0.20175347973700736
8427,0.6659692733310604,0.29383921297328053,0.47028138619107407,0.1956878871399863
8428,0.6473897156922169,0.29377598050758996,0.45720216719420603,0.19018754849801092
8429,0.6374453051960068,0.28862412823140166,0.4534632096886096,0.18398209550739725
8430,0.6403234051600136,0.2922561376670777,0.45318495991011676,0.1871384452498969
8431,0.6434415097263867,0.2945483850613262,0.4539168521550579,0.1895246575713288
8432,0.6528219279570479,0.29115469611462647,0.462749757905749,0.19007217005129884
8433,0.6476436858875907,0.2985606109947584,0.45428279132209426,0.19336089456549646
8434,0.6450441930539073,0.2916261070333207,0.4569324661691465,0.18811172688476074
8435,0.6565507327598632,0.3121630836603791,0.45159983144206284,0.2049509013178004
8436,0.6415596973485167,0.28405743933070743,0.4593198925419134,0.1822398048066033
8437,0.6449500950858759,0.2887375500699142,0.4587287847134219,0.18622131037245399
8438,0.6372442672976281,0.27168696113302987,0.4641133088160913,0.17313095848153676
8439,0.6223496960142493,0.26732894425231557,0.4559776088230105,0.16637208719123878
8440,0.6225399382915148,0.24996219410465045,0.46692848939839404,0.15561144889312073
8441,0.6143028070718848,0.23008643163695053,0.4729600662481528,0.14134274082373202
8442,0.6354114592337777,0.2575307943929869,0.47177344137089594,0.1636380178628818
8443,0.6549210147099168,0.29389447626077614,0.4624433460995697,0.19247766861034707
8444,0.6695014814770145,0.30051037485765825,0.46830934031059934,0.20119214116641518
8445,0.693436411944385,0.3133757744415441,0.47613023932534776,0.21730617261903723
8446,0.6732975861414291,0.2890743480883228,0.4786645253581541,0.19463306078327497
8447,0.675534567787205,0.29555584867024604,0.4758763752987698,0.19965819248843522
8448,0.6649111729334124,0.2931033123480587,0.47002350572939633,0.19488766720401604
8449,0.6746421008160786,0.2941047339204309,0.4762266652640452,0.1984154355520333
8450,0.6874920019069711,0.2993946331485968,0.4816605862034391,0.20583141570353206
8451,0.6833587719454917,0.3022488866648665,0.4768143439322964,0.20654442801319525
8452,0.6826302940312805,0.3068830640525979,0.4731426177838353,0.2094876762474452
8453,0.6536771533030755,0.26890990071029947,0.47789689491175424,0.17578025839132125
8454,0.6480592900036506,0.27561142938128724,0.46944674276192233,0.1786125472417283
8455,0.6573539878897882,0.2840523169047938,0.47063106460308807,0.1867229232867001
8456,0.6648368622567209,0.2810608534928562,0.4779772463173344,0.18685961593938646
8457,0.6646193444415287,0.28830944217378435,0.4730033119876853,0.19161603245384337
8458,0.6660301785240401,0.2888849383895682,0.4736240914355297,0.19240608708851042
8459,0.6861848612731375,0.29369643566842824,0.4846548133075821,0.20153004796555538
8460,0.6796252202557628,0.2868647052647649,0.48466473175659247,0.1949604884991703
8461,0.6644719695544282,0.26903137515778064,0.4857081618314014,0.17876380772302677
8462,0.6650400186753352,0.26946564862222894,0.48583457868324675,0.17920543999208846
8463,0.6750807114083498,0.28047975392787033,0.4857342395910842,0.1893464718172656
8464,0.6852371066063173,0.2899084195057879,0.48658110004336075,0.19865600656295654
8465,0.672505793304413,0.26730946546445433,0.49273862917446154,0.17976716412995145
8466,0.6785073175607591,0.2782311502390687,0.4897254461502041,0.18878187141055505
8467,0.6909585075789434,0.2883656511678257,0.49170980761099237,0.19924869996795103
8468,0.6869497036403447,0.29426598422757466,0.4848037729837779,0.20214593065656677
8469,0.6837513800841084,0.2922626139469344,0.483916414450903,0.1998349656332054
8470,0.675188434021884,0.27935604186819873,0.48657046557834305,0.18861796844354095
8471,0.6819710309540313,0.2853316526600411,0.4873831096256455,0.19458792132838582
8472,0.6873463154843044,0.2851737040620498,0.491333220724243,0.19601309476006132
8473,0.6808649076147433,0.26283461233958716,0.5019100435661934,0.17895486404854988
8474,0.6684740532313512,0.25842012133993836,0.495726907282705,0.1727471459486462
8475,0.6630032943445049,0.24620357101700202,0.49976951568085126,0.1632337786636536
8476,0.6764093400027754,0.25058952524829087,0.5069082446179702,0.16950109538480523
8477,0.6916836310054048,0.2609191582417607,0.5112101202338699,0.18047351077153484
8478,0.6892042716418925,0.27386410809305034,0.5004559584947652,0.18874831314712728
8479,0.6666703128451995,0.2317950015849848,0.5121394666225841,0.15453084622261534
8480,0.672828659305423,0.22299429644916247,0.522791705792777,0.15003695351264604
8481,0.6519847173165444,0.20967101731685153,0.5152824183617446,0.13670229895479974
8482,0.5918813686946665,0.14404096988569412,0.5066262022906146,0.08525516640405187
8483,0.6579945829756473,0.22135761131879372,0.5123424738274522,0.1456521091481951
8484,0.6715161963209308,0.2432920705876019,0.508141630484901,0.16337456583602986
8485,0.6762794051448618,0.2482391893073425,0.5084003538664494,0.16787905127841235
8486,0.6699244042845508,0.24056991965349858,0.5087607441718985,0.1611636601126523
8487,0.6721702039771703,0.21835392611832974,0.5253992009189966,0.14677100305817367
8488,0.6799759435577054,0.21789247871664208,0.5318142997482295,0.14816164380947594
8489,0.6884240698389331,0.21606109369901486,0.5396824123808063,0.14874165745812687
8490,0.7057527721851071,0.20845395670781225,0.5586358143656143,0.1471169578194928
8491,0.6963080014908504,0.18008060400168208,0.5709164360111739,0.12539156547967648
8492,0.7005987247899793,0.18940902209332813,0.5678990054476766,0.1326997193423027
8493,0.7011168493798134,0.18654308109275064,0.5703283520904611,0.13078849728935238
8494,0.7011884839204306,0.1827477331118422,0.5730478779998425,0.12814060592058812
8495,0.7112429015621865,0.19108185193275842,0.5753372907576553,0.1359056108045312
8496,0.711315596084712,0.18876229071892123,0.5770460347436668,0.13426956134104515
8497,0.7184432796612634,0.19360462028079126,0.5793493413091582,0.13909393835210523
8498,0.7086192353141799,0.1752218927991125,0.5844536316285696,0.1241656036856103
8499,0.702142793362089,0.159779675053513,0.5899546459975284,0.11218814736456051
8500,0.6963859717757492,0.17362560886338238,0.5754755334222665,0.12091043835348268
8501,0.7031522214692693,0.1784009512635043,0.5777091962761054,0.1254430251931639
8502,0.7082790685238993,0.17571631578286384,0.5838228800567612,0.12445618846713814
8503,0.6834543344917199,0.17402673785869496,0.5645150061847405,0.11893932830697936
8504,0.6779582149110749,0.1662578834541506,0.5652423170296054,0.11271589788146948
8505,0.6711821408637567,0.13827571808206676,0.5783739483719619,0.09280819249179484
8506,0.6782473311773678,0.1391214504134225,0.5838885787249395,0.09435875245242832
8507,0.6859683904476275,0.15508719683397973,0.579583475656388,0.10638491479123946
8508,0.687122307724169,0.1512837338805502,0.5831718793790364,0.10395042834513271
8509,0.6950638412628124,0.15458462132571024,0.587617660564007,0.10744618069880542
8510,0.6966113622236876,0.16998365111377697,0.5781988194655634,0.11841254275812423
8511,0.6931599485313416,0.17654460618336415,0.5707862983957949,0.12237365013554666
8512,0.6965064249334193,0.1653494680696739,0.5813394580635681,0.11516696686985115
8513,0.6954360454386782,0.16775107031205197,0.5787759044827592,0.11666014095591908
8514,0.6970652078413051,0.16559479935102345,0.5816348346142447,0.11543037322706037
8515,0.6938007332512055,0.1724273968361024,0.5741704788937211,0.11963025435748444
8516,0.6858075655882842,0.16342366121337878,0.5737303823320123,0.1120771832562718
8517,0.6859404495502512,0.1764820596105042,0.5648842662434678,0.12105618330678349
8518,0.6952182257838935,0.17390651901692747,0.5743152441806922,0.12090298160320125
8519,0.7015672902468272,0.18151035754666,0.5742255605510842,0.127341729695743
8520,0.6948669910606934,0.1790021007705521,0.5704843399047168,0.12438265115597656
8521,0.6902792209880645,0.18733464694109864,0.5609660068334889,0.12931321415457567
8522,0.687681756778912,0.1949571011491069,0.5536133149641701,0.13406844181474187
8523,0.6958679781580513,0.21106695630466685,0.5489932420183491,0.14687473613970228
8524,0.6954711443963739,0.2109984095255101,0.5487278390578526,0.14674330533852128
8525,0.6991948153014241,0.2044741702473022,0.5562275356014497,0.14296727969997441
8526,0.699950776629177,0.21101047409719523,0.5522538314079544,0.14769694522122265
8527,0.6954476076011218,0.2157291457125227,0.5454192893255141,0.1500283182756077
8528,0.7011417382852054,0.23119659637820839,0.5390401548149654,0.16210158347024006
8529,0.6936209022088938,0.22730625500460175,0.5359565325348771,0.15766436967401676
8530,0.6901262776854203,0.20910710442989328,0.5458159700676416,0.14431030761777872
8531,0.6836146122339931,0.21127203247235143,0.539185963679519,0.14442864855447413
8532,0.6778344625154239,0.20885457722315637,0.5362656324194797,0.1415688300959443
8533,0.682736162562309,0.206681156293606,0.5416274630404716,0.14110869952183738
8534,0.6841977533345265,0.20182750715018521,0.5461078263812617,0.1380899269532648
8535,0.6706805207316072,0.20153859873589836,0.5355125083838965,0.13516801234771075
8536,0.6706386659476579,0.19908117594249822,0.53712713169829,0.13351153424936796
8537,0.6822313882064176,0.19759783556332705,0.5474239425434655,0.13480744566295205
8538,0.6819202364687589,0.20479431897845157,0.5422668460435147,0.13965339042524413
8539,0.6807337999131609,0.219029829104391,0.5316327920525985,0.14910100786056232
8540,0.6749168841637031,0.21716940842800736,0.5283455836917977,0.14657130047190536
8541,0.6608317872182013,0.21306987374093414,0.5200284417516233,0.14080334546657802
8542,0.666446082642408,0.20733253038694155,0.5282701299616928,0.13817595268071522
8543,0.6617731756943113,0.20389475247894645,0.5268410978389133,0.13493207785539793
8544,0.6467483620703384,0.2090871078903277,0.5115216175122448,0.13522674455809355
8545,0.6480745486512257,0.20515866039645528,0.5151164424129029,0.13295810623832285
8546,0.6589704049187688,0.21419250795450953,0.5178238812214191,0.14114652369734976
8547,0.6566409467085118,0.21378560347377756,0.51626056565084,0.1403803810576718
8548,0.6496560197420606,0.2176439970081777,0.5082622869249749,0.14139373281708564
8549,0.664783584287775,0.20961087003439113,0.5254377188006334,0.1393458654871415
8550,0.6582970370085954,0.2258126329846582,0.5096452497956855,0.14865178721290992
8551,0.6689341009964221,0.2189567515155109,0.5224664632642969,0.14646763773212526
8552,0.6589514085783958,0.22198016063106465,0.5126772690540973,0.14627413952429863
8553,0.6630932652466642,0.2188724844348596,0.5179603948701035,0.14513287037656075
8554,0.658581091687391,0.21669659719243417,0.5158688101434549,0.14271228154393611
8555,0.6691746772567296,0.20876475473508485,0.529474589884299,0.13970008737243073
8556,0.6559079985499353,0.20768847690043316,0.5196834653442877,0.1362245332056476
8557,0.6549148968150802,0.1979649037553027,0.5252647322991688,0.12965016451591135
8558,0.6625285598522694,0.19972338795708625,0.530206111260245,0.13232244859202444
8559,0.6442999643623505,0.21874255069039827,0.5033641467479972,0.14093581761435325
8560,0.6386889633204443,0.21919061497244957,0.4986943366741199,0.13999462664632448
8561,0.6437921825030062,0.21294398555333333,0.5067005092927371,0.13709167321026908
8562,0.6332500513977708,0.21352797919115585,0.49803344760010926,0.13521660379766157
8563,0.6268546500954078,0.20749763290882342,0.4967837940227219,0.13007085607268587
8564,0.6298740390729222,0.20854768039064575,0.4985152692859773,0.13135876978694488
8565,0.6195674883890341,0.21107840443406115,0.48879017150065807,0.13077731688837602
8566,0.6208788066140628,0.20602654938832585,0.49296128849902576,0.12791751811503702
8567,0.625480742674942,0.2011009249754105,0.49969598676870447,0.12578475590623756
8568,0.6352532283576455,0.20165331649650695,0.5071523080442134,0.1281009203134321
8569,0.6307793665104439,0.20712006500085373,0.5001323031176034,0.13064706339284046
8570,0.6218309806062214,0.2019312574631452,0.4962638687628665,0.12556711184335495
8571,0.6019769659183267,0.20774842572998758,0.47691719892307993,0.12505976699524676
8572,0.6004343619244138,0.20693876125737395,0.47618121885141385,0.12425314307299994
8573,0.5833472828282295,0.20791552011580341,0.4620603291108574,0.12128695371737201
8574,0.5861491597648743,0.20098826840987194,0.4683400551138308,0.11780910465104345
8575,0.5853302533334346,0.2006915127343757,0.46785943934275226,0.11747081399068234
8576,0.5917422608003015,0.1952794419458213,0.47618716233545993,0.11555509846484152
8577,0.5802251060520495,0.20012195636609995,0.4641093226961855,0.11611578335586396
8578,0.5926835295904512,0.19708237237442539,0.4758760535115172,0.11680747607893407
8579,0.5602784624362969,0.19953637980882005,0.4484825263569062,0.11179593607939065
8580,0.5504331307863333,0.20232088244329502,0.43906901403961673,0.11136411674671656
8581,0.5875742057677479,0.19761284775397708,0.47146199369920194,0.11611221206854597
8582,0.5755848757333012,0.1940332985918054,0.4639022436752144,0.11168263205808684
8583,0.5796429083970948,0.19263302643856134,0.4679845406989126,0.11165836769818215
8584,0.5839778757373999,0.18852104011936843,0.47388575919668596,0.11009211654071392
8585,0.5881917837473924,0.1835239703991014,0.48024449223794136,0.10794729150945111
8586,0.5859677570569278,0.17873557766237924,0.48123447150782916,0.10473328554909869
8587,0.5928684468923662,0.183711429016738,0.48395173729483554,0.10891670959753064
8588,0.5722500869539499,0.18817709878097655,0.464565725813794,0.10768436114015584
8589,0.5769861785088883,0.19066797388411097,0.4669733928934626,0.11001278561542571
8590,0.579837872889168,0.18780900215746849,0.47093910056874433,0.10889877232042369
8591,0.5855252372482295,0.1836068892407333,0.4780187698651397,0.10750646738308975
8592,0.5968451110823874,0.1722455169897614,0.49404121636118997,0.10280389472119739
8593,0.595851573386173,0.17563570699842546,0.49119876102836835,0.10465281235780469
8594,0.5847558640062692,0.184734478630013,0.4767312943432283,0.10802456966304093
8595,0.5867691042981589,0.18459965957507538,0.47845172739554687,0.10831737690261202
8596,0.5871050024204281,0.19116395273833053,0.4748716894852919,0.11223331293513615
8597,0.5797693520207996,0.1902290606181675,0.4694803728106792,0.11028897921012037
8598,0.5900770878844095,0.1886628453160374,0.47875146552833536,0.11132562235607414
8599,0.5853972466309956,0.18605468581459228,0.4764813458323383,0.10891590079865728
8600,0.5883733922312003,0.182942082785,0.4807351384011488,0.10763825383005152
8601,0.5837440841749594,0.18521577132434447,0.4756254733684712,0.10811861080648817
8602,0.587679704217189,0.18556895071672574,0.47862459814808944,0.1090551060690995
8603,0.5758274548961569,0.1894925261409166,0.46671245584658944,0.1091149990495675
8604,0.5875119829793294,0.1808516777409483,0.4812594551646062,0.10625252781472318
8605,0.5888170704477609,0.1867375900290488,0.47886278974438135,0.10995428070337952
8606,0.5854632804723562,0.18958828500216884,0.4744663011958584,0.11099697927649778
8607,0.5795901721646002,0.19017945335555178,0.4693640300520864,0.1102261421125138
8608,0.5778480961636207,0.19242105758313274,0.466657954377417,0.11119014178620368
8609,0.5891068633596794,0.1849400620256796,0.48015740351018676,0.10894945984949268
8610,0.5921834842735672,0.18038685345969888,0.4853613688746573,0.10682211539890986
8611,0.6035180932604592,0.17302380944702922,0.49909509369432714,0.1044229995661321
8612,0.6080183467805199,0.17638983124999064,0.5007700931950058,0.1072482535855142
8613,0.6029405998411713,0.18108418466201245,0.4937575929193081,0.10918300692186322
8614,0.6010807457687192,0.1887161002811614,0.4876471314731543,0.1134336142955649
8615,0.5947590741674493,0.18510010892299447,0.48466910475611513,0.11008996941133423
8616,0.5902945261714307,0.18204473056443513,0.48283451820089174,0.107460007970539
8617,0.5939259560781167,0.18266005337711202,0.4854394092388356,0.10848654683928109
8618,0.6081191791835644,0.17763965030850776,0.5000931008474993,0.10802607833606515
8619,0.607762280112324,0.17596617328882702,0.5008166774116662,0.10694560270065784
8620,0.6040965374744637,0.18093090203574239,0.4947968060325403,0.10929973144192337
8621,0.5938895513360968,0.18948133700866962,0.4813585651134542,0.11253098622264256
8622,0.5972209494069473,0.1870452997306792,0.48551357791968397,0.11170737148726326
8623,0.616146457082664,0.1803543621473514,0.5050217558261697,0.11112470125649429
8624,0.614851793972647,0.17694612606782884,0.5060561509233323,0.10879564304931472
8625,0.5994844183956094,0.18005750297783768,0.4915427509451747,0.10794166745043472
8626,0.6096539005709012,0.17615695704078896,0.5022591245982835,0.10739477597261766
8627,0.6055846405241425,0.1769496324059168,0.49842666099272626,0.10715797953141629
8628,0.6011042476555662,0.17979738401253145,0.4930272764082746,0.10807697124729165
8629,0.606359451603214,0.18190270388189964,0.49606102783224354,0.11029842377097049
8630,0.6105602137115445,0.18190690970364498,0.4994950920472804,0.1110651216642641
8631,0.6138526227685246,0.1859546304946476,0.4997038851234333,0.1141487376450913
8632,0.6261072381772613,0.18654133518967053,0.5093123579957579,0.11679488018150339
8633,0.6307067575528812,0.18405738777412348,0.5146205193062104,0.11608623824667073
8634,0.6377042501015693,0.18104531562647688,0.522250882865585,0.11545336723598436
8635,0.6383161259376072,0.1801969736596981,0.5232934918054677,0.11502263413213955
8636,0.6310960505741298,0.17902101897620018,0.5181165925284935,0.11297945804563628
8637,0.6358460592965066,0.18003309165943804,0.5213727274218862,0.11447333187462044
8638,0.6336358121083792,0.1794561178666301,0.51992598912614,0.11370982298223918
8639,0.6328028629179837,0.17909458502216707,0.5194712967828481,0.11333156613513558
8640,0.6283971613064546,0.18029228476142595,0.5151020013569196,0.11329515994953503
8641,0.6276359481010264,0.17941165509783275,0.5150307438533238,0.1126052042477026
8642,0.6343420553370934,0.17950676472684435,0.5204733652533549,0.11386869008373851
8643,0.6296010032453037,0.18139244899274043,0.5153961353783517,0.11420486786695194
8644,0.6309612492745771,0.1763564181645315,0.5196871833518946,0.1112740659226825
8645,0.6259063439807755,0.19299801251219773,0.5051076635737098,0.12079868040706564
8646,0.6230010432825671,0.19961033911481982,0.4986435937640473,0.12435744951851976
8647,0.6269234502310166,0.19287718394312586,0.5060042206025497,0.12091922962846689
8648,0.6303983631855175,0.1937905285466453,0.5082331311888559,0.12216523199666149
8649,0.6420572751923492,0.19322985636114437,0.5179926401313039,0.12406463506104538
8650,0.6570379739099977,0.18532875285730632,0.5352699456253665,0.12176802828463125
8651,0.6528910504048476,0.1898219831119636,0.5289579764609464,0.12393307394390117
8652,0.644431677055464,0.19723680018676593,0.517326035134053,0.12710564192141102
8653,0.6528400077549363,0.19627114285501415,0.5247063533313987,0.12813365442353766
8654,0.652261473382758,0.1946256939298031,0.5253146315019629,0.12694684188079508
8655,0.6562917268302092,0.19222203464904247,0.5301379957755727,0.1261537310546364
8656,0.6605548294443991,0.18562729006089654,0.5379378265179976,0.12261700292640151
8657,0.6585562863784427,0.18823850464505734,0.5345906358059624,0.1239656505724802
8658,0.6677447760983929,0.18750556466594964,0.5425389148033256,0.12520586129506728
8659,0.6822609913213065,0.1946694969356686,0.5494455873619571,0.1328154039593493
8660,0.6715256540052416,0.1932150192685807,0.5417768118272726,0.129748842177969
8661,0.6804609947959789,0.1984258711546147,0.545439929116851,0.13502106567912786
8662,0.6829046129396363,0.19646307943421773,0.5487390697216828,0.1341655432179535
8663,0.6805625699868901,0.20066942234823246,0.5439944721957923,0.13656809779109777
8664,0.6795316816096197,0.19799256289906475,0.5449894623966198,0.1345422192129999
8665,0.6562682640512745,0.20675665118099892,0.5205804354996655,0.13568782855160905
8666,0.6470226318969517,0.20547666018769545,0.5140745824289135,0.13294804946803832
8667,0.6334562947167744,0.20988778215436885,0.5005015579269464,0.13295473678982803
8668,0.6431976393462479,0.20710809957055393,0.5099861986129799,0.13321144073326793
8669,0.661830740441644,0.2010675410331201,0.5287580608809135,0.13307267956073052
8670,0.6634459036552042,0.19811500281112612,0.5320073165875233,0.13143858706768088
8671,0.668886377794621,0.19500825775207664,0.5384480106267946,0.13043836716782636
8672,0.6659478841901263,0.196608358809913,0.5350169636265716,0.13093092056355474
8673,0.6689862187202213,0.1977698956697998,0.5366808840393893,0.13230533468083205
8674,0.6606114784366551,0.1997986029593094,0.5286222279461275,0.13198925049052765
8675,0.665259825353281,0.2016347023970938,0.5311203584514296,0.1341394669018514
8676,0.6546235305314769,0.20865849285316918,0.5180307712645584,0.13659275926691855
8677,0.6589550356404211,0.20709311274799433,0.5224899861486808,0.13646504949174035
8678,0.6701965868247646,0.20420381370481083,0.5333398878632003,0.1368566989615643
8679,0.6748451160262575,0.19431712136670873,0.5437111557116526,0.13113396031460492
8680,0.6748857559714643,0.19040013121824095,0.5463874194771757,0.12849833649428855
8681,0.689882707832528,0.19065833902523885,0.5583508166349441,0.13153189119758393
8682,0.6725213367310819,0.1784740516808233,0.5524937289228824,0.12002760780819949
8683,0.6789287692283684,0.18173361500613266,0.5555445896648327,0.1233841795635358
8684,0.6736000662900639,0.1674197080071775,0.560826139878166,0.1127739264118979
8685,0.6763815622300137,0.16647850007388804,0.5637785742723278,0.11260298795768584
8686,0.6846934969122787,0.16786153619489766,0.5697597946979271,0.11493370221435152
8687,0.7000563548692582,0.16947371393346225,0.5814152044468432,0.118641150422415
8688,0.6905754491200957,0.17453376980071408,0.5700467126533442,0.12052873646675152
8689,0.6952774699404721,0.1786662234345567,0.5710548701470745,0.12422259979339767
8690,0.6980994129107588,0.18164316782939827,0.5712944240898055,0.12680498882095337
8691,0.692583669688327,0.17574975681503585,0.5708622581665383,0.12172141152178859
8692,0.696466585388071,0.171287884272152,0.5771702975106983,0.11929628787737277
8693,0.6844457611480711,0.16721863864292127,0.5699936727439726,0.1144520884040985
8694,0.6959458131400721,0.18229888518401072,0.5690756672561571,0.126870145883915
8695,0.6875650256971216,0.1800025695042505,0.5638015543703837,0.12376347132673793
8696,0.6866869119860274,0.1698009390500604,0.5700868294974137,0.11660008248861363
8697,0.695770345123453,0.16733117699399316,0.5793462743564288,0.11642407076702423
8698,0.6901319321908652,0.17217775014551825,0.5713065688026627,0.11882536338820253
8699,0.6807236829061925,0.16822236588491746,0.5662107344538184,0.11451294845237403
8700,0.6835480038475299,0.18186986002929972,0.5592312240644725,0.12431677978305748
8701,0.6802600975810972,0.18917508740023606,0.5515718341663001,0.12868826341479717
8702,0.6775044065640854,0.18513921971793185,0.5520717693773501,0.12543263718673522
8703,0.6684372269637787,0.1847716408744595,0.5449289837161079,0.12350824324767089
8704,0.6757585202975713,0.18602887251654196,0.5500479246731674,0.12571059562440393
8705,0.6831713164350728,0.18335097938198366,0.5579111864810231,0.12526012995404967
8706,0.692126860662084,0.19235461001976029,0.5589930682952278,0.13313379236685613
8707,0.6796611875928427,0.19067239149841564,0.5500685635458621,0.1295926240469806
8708,0.6729941996866092,0.1917549737507584,0.5439442145912908,0.1290499850953184
8709,0.6734886153013889,0.18679161399836738,0.547686589839717,0.125802025461672
8710,0.6719674805015193,0.19001791389840494,0.5442816216490536,0.1276858588524658
8711,0.6820605039520976,0.20213429417583875,0.5441926854005235,0.13786781855157412
8712,0.6786485102480663,0.20465629396420298,0.5397588212363695,0.13888968901169668
8713,0.6861648182055515,0.20467816931066565,0.5457218593698535,0.140442958835698
8714,0.6737226734013131,0.19951452465888925,0.539305214465734,0.13441745893557908
8715,0.6814811670803069,0.199584708813835,0.5454679467864714,0.1360132202938355
8716,0.6829482307292754,0.18947022792258306,0.5535498737936747,0.12939835693560064
8717,0.6826079100008026,0.18029568139389496,0.5595366517423453,0.12307125825845723
8718,0.6806155245937682,0.19115735822810873,0.5505108589433851,0.1301046656503831
8719,0.6818727242922032,0.19334770156657846,0.5500342002893646,0.13183852400283874
8720,0.6706277625829336,0.1738468692804232,0.5540412256053556,0.11658653697757793
8721,0.6734191684416444,0.1915649853889169,0.5444156352785042,0.12900353316314017
8722,0.6859743255326588,0.1946143678935143,0.5524738657779407,0.1335004597547182
8723,0.6967919731932594,0.1889940564158834,0.5651024317014378,0.13168954149182158
8724,0.6953224125434532,0.1881559856091491,0.5644933386952083,0.1308290738482448
8725,0.6868306780527126,0.19917917846213815,0.55002830785558,0.1368023701971326
8726,0.6706832224584296,0.20651682282264222,0.5321758542358633,0.13850736822256624
8727,0.6662300933166654,0.19418528057703957,0.5368580157171015,0.12937207759956393
8728,0.6743892919157283,0.1903808206729475,0.5459985050677639,0.12839078684796432
8729,0.676567698438944,0.2003407613546224,0.5410236106257414,0.13554408781320262
8730,0.6748736436735547,0.201868956593802,0.5386376053925169,0.1362360382810378
8731,0.6777645875683965,0.2018873192621698,0.5409325118933828,0.1368320756750137
8732,0.690620840676662,0.2040403008672974,0.54970635655977,0.14091448411689197
8733,0.6997611940682731,0.20281075587568728,0.5578420973668131,0.14191909670145997
8734,0.686308936112214,0.18218143558183658,0.5612761888786479,0.1250327472335661
8735,0.6886123241743953,0.1979326154725734,0.5523134858039097,0.13629883837048565
8736,0.6883184447480978,0.19407939047730138,0.5547300205371029,0.13358842421099487
8737,0.6888929624227073,0.1942818070157951,0.5550535928427595,0.1338393695799478
8738,0.6783702714932803,0.1992167430813514,0.5432275554031769,0.13514271609010342
8739,0.6769996350953553,0.1996578287078487,0.5418313579162108,0.13516827717914454
8740,0.675779200771636,0.19601340214398535,0.5433174205302442,0.1324617802413917
8741,0.6844513258890458,0.19054992804919707,0.5540291749877105,0.13042215090133522
8742,0.6844704547763701,0.18797687047323441,0.5558058407561166,0.1286646140202536
8743,0.6859338004177317,0.188728865028834,0.5564782927799784,0.12945550763775324
8744,0.6888817112862785,0.18234068878247175,0.5632705455606907,0.12561116572558786
8745,0.6856321368108121,0.17822412877038757,0.5634359465707259,0.12219619024008617
8746,0.6879574645430973,0.17947719332589135,0.5644847896793057,0.1234726748637915
8747,0.6877746741604328,0.18567394085585817,0.5600728399882114,0.12770183417222133
8748,0.6899616930858655,0.18889433460105398,0.5596318381701944,0.1303298549156712
8749,0.6933103243601647,0.19419047147537402,0.5586760655939198,0.13463425876624488
8750,0.6986620832501271,0.1981038479579398,0.5602544361359665,0.13840764711416068
8751,0.6996790822816955,0.1961162612728361,0.5624606365738003,0.13721844570789518
8752,0.6987625450466458,0.18940827383270817,0.5664111375704106,0.13235140747623517
8753,0.6989700665907065,0.18947554079774387,0.5665323352219973,0.13243773136870915
8754,0.692377004712536,0.19063090945774477,0.5603885466165561,0.13198845809597998
8755,0.6981481178786434,0.18666212688760547,0.5678303053128371,0.13031781256580627
8756,0.7040425775317671,0.18011128728732564,0.5772365625874338,0.12680601494433336
8757,0.6935845038973696,0.18808374080855858,0.563132535837504,0.13045196805986556
8758,0.6958617063250225,0.18168062516194097,0.5694371164936375,0.12642458983138508
8759,0.6987669000670275,0.174506883186147,0.5768272662626847,0.1219396338043428
8760,0.69913442546674,0.1754974235907832,0.5764381350537047,0.12269629041303533
8761,0.6955856542012325,0.177934533137404,0.5718169455638604,0.12376870863737206
8762,0.7014478641311793,0.18314769838937764,0.5729793022754089,0.12846856185577038
8763,0.70330412316285,0.17394115139064645,0.5809705942021148,0.12233352896073514
8764,0.6958887376353484,0.16798094348396803,0.5789926909274952,0.11689604670785331
8765,0.6841389939585802,0.16033779536334905,0.574445655945162,0.10969333801341834
8766,0.6893859079474367,0.169545549737051,0.5725035952035125,0.11688231274392419
8767,0.6882992308207491,0.1701095019949692,0.5712129914423111,0.11708623937843797
8768,0.6903697768028603,0.17340972095570378,0.5706529464512248,0.11971683035163551
8769,0.6939473775552575,0.16775657949459605,0.5775331391473425,0.11641423840791501
8770,0.6933069474312974,0.16693123393282439,0.5775723632023911,0.11573458422890628
8771,0.7004151428001747,0.16674469976037334,0.5836246301063406,0.11679051269383414
8772,0.6933216841588468,0.16585212224690418,0.5783328114413042,0.11498887271754255
8773,0.7043638625494854,0.16959647242062953,0.5849062361605235,0.11945762638896187
8774,0.7063079992913583,0.17465410756909322,0.5829484060062144,0.12335959328514393
8775,0.7069477462079624,0.1748160096196856,0.5833619622062562,0.12358578400170621
8776,0.7073099066057696,0.16903322289573663,0.5877510335061139,0.11955887309965572
8777,0.7027255559820202,0.16178419415901782,0.5890356681925213,0.11368988778949891
8778,0.7081600082903315,0.164278319679396,0.5918246720642487,0.1163353362260828
8779,0.7018761356675298,0.16871763814907415,0.583457251784505,0.11841888388302477
8780,0.6891273877170574,0.14915675942776974,0.5863393797322569,0.10278800798480053
8781,0.6774078335113952,0.1446989719568567,0.5793876164067748,0.09802021710462042
8782,0.7008502024464919,0.15250487393780277,0.5939671306731061,0.10688307177338578
8783,0.6997814646966649,0.1565537493194554,0.5902280526941419,0.109553412002523
8784,0.7093191364993514,0.16178719320485319,0.5945603843186312,0.1147587521807202
8785,0.6920034599751755,0.13633224825279572,0.5976610724780463,0.09434238749712921
8786,0.6656065778897667,0.12251554725944952,0.5840594237401125,0.08154715414965419
8787,0.6617200271226864,0.13098002909847026,0.5750479187151164,0.08667210840756999
8788,0.6746260438683984,0.13075092813312233,0.5864180624898289,0.0882079813785696
8789,0.6772557390341791,0.11940369315113207,0.5963889025856988,0.0808668364484803
8790,0.6780184573692972,0.12063693743659432,0.5962243871467812,0.0817940702225161
8791,0.6877722947458015,0.12780302005644398,0.5998729183661373,0.08789937637966416
8792,0.6867770559866313,0.1303845484602124,0.5972319396489804,0.08954511633765094
8793,0.6910833682508373,0.12452531048283703,0.6050259972498769,0.08605737100096031
8794,0.6746429685392897,0.1265126848365506,0.5892920752832836,0.08535089325600607
8795,0.6878813252434135,0.13379912779300357,0.5958434039007494,0.09203792134266414
8796,0.6862950345616937,0.1355566365624134,0.5932631879870253,0.09303184657466845
8797,0.6913686061408355,0.14188581838998857,0.5932732056493975,0.09809540049143811
8798,0.7003345206576036,0.14026896451057894,0.6020993226339488,0.09823519802365471
8799,0.6972966227450409,0.15075775054099497,0.5921737524401658,0.10512287030487516
8800,0.7057936308984013,0.15348095761467567,0.5974677485497757,0.10832588234862557
8801,0.6997909091262804,0.15717618964664623,0.5898004404804492,0.10999046864583122
8802,0.6989399702961704,0.15701389158876794,0.5891966855730308,0.10974328472313959
8803,0.6962274444406434,0.1571294280290303,0.5868296243175717,0.10939782012307177
8804,0.6979010302821521,0.15724563962088417,0.588159136383361,0.10974189389879106
8805,0.6890077951959299,0.15612453202385818,0.581436775610175,0.10757101958575488
8806,0.6918732113353204,0.158540273524941,0.5821834431656394,0.109689768169681
8807,0.6886348784161564,0.16276978551369317,0.5765459269591104,0.11208895145704596
8808,0.6868115723939134,0.16573885185616752,0.5729802109438171,0.11383136145009629
8809,0.6892575349125626,0.16550139687128837,0.5751844500804727,0.11407308483208992
8810,0.6881035858772465,0.16627993553197018,0.5736857659782605,0.11441781989898606
8811,0.677748799520423,0.1736805181773737,0.560037036825623,0.11771176269480003
8812,0.6738058023873175,0.17537311757628354,0.5556383781816644,0.1181674242056531
8813,0.6696291342963738,0.17265860864896135,0.5540118996579534,0.1156172346384204
8814,0.6723373351842438,0.17137599359094136,0.5571148563387582,0.11522247884548555
8815,0.6658291343264003,0.1708568269313841,0.5520676811569213,0.11376145316947908
8816,0.6718007398486316,0.16406188420663734,0.5615838446576522,0.11021689519097949
8817,0.6481229495485294,0.1723784206776395,0.5364005391004205,0.11172241044810893
8818,0.6498023896345525,0.17188734550664597,0.538109581776394,0.11169280785815851
8819,0.6538774463138337,0.1692923327978857,0.5431810080634405,0.11069643825039317
8820,0.6372603141402436,0.17466698043431406,0.5259519793187448,0.11130833482149877
8821,0.6298042248875171,0.17900628899015858,0.5170653078000794,0.1127389170874377
8822,0.6379585720056857,0.16196769631891492,0.5346298917510202,0.10332868025466552
8823,0.62828891664166,0.15734617016427008,0.5294300618514365,0.09885885479022352
8824,0.6395598630652772,0.1548717670098663,0.5405100969637696,0.0990497661015076
8825,0.6346506166348753,0.15372644441953326,0.5370880338909316,0.09756258274394367
8826,0.627026613623123,0.1523282357090858,0.53151275582727,0.09551385779585295
8827,0.6373531672168077,0.15202480503120194,0.5404596762346534,0.09689349098215425
8828,0.6347516828979867,0.14982788747559483,0.5396481791778027,0.095103503720184
8829,0.6285540222245405,0.1486040683555974,0.5351483373406992,0.0934056848838413
8830,0.6347199127060581,0.14958733568101926,0.5397738520606697,0.09494606064538835
8831,0.6177917406066931,0.15832950954665773,0.5199770773144594,0.0978146632922337
8832,0.6094142186744299,0.15405875777581887,0.515528621174526,0.09388559749990391
8833,0.6117797511779702,0.15517174496799058,0.5168488196516015,0.09493093152636874
8834,0.6056207456575582,0.1600736166072526,0.5086768426077718,0.09694390304978641
8835,0.5954462858849165,0.16001324529854943,0.5001669932795032,0.09527929260541335
8836,0.5964290459391587,0.16152679419892035,0.5000897741814858,0.0963392717576729
8837,0.5870183983420715,0.16052338205198363,0.49278821971346365,0.09423017862860786
8838,0.5860071720583274,0.15714030182009214,0.4939218281723432,0.09208534388598424
8839,0.588141815515196,0.1594581423007707,0.4943578142037402,0.09378400131145576
8840,0.5854591719105635,0.16376608570786982,0.48958081498499967,0.09587835692556383
8841,0.5879338342563123,0.1586712011986282,0.494645666549548,0.09328816770676426
8842,0.5813665049908121,0.1590656303216354,0.4888910754265624,0.09247542956424971
8843,0.5817816329877233,0.15367833935428538,0.4923743977633457,0.08940723522437766
8844,0.5844469520496216,0.1533357644424714,0.49483033188102044,0.08961662016860115
8845,0.5950354150073713,0.15336308363571546,0.5037789488893831,0.09125646611798816
8846,0.5873292964032378,0.1554775000770113,0.49601280567647243,0.0913164907267654
8847,0.5796670223621416,0.15618599707690198,0.4891311505019117,0.09053587186022992
8848,0.5722986564877215,0.15181667328188775,0.48541417833606176,0.08688447815165973
8849,0.5753854600258804,0.14797823394845708,0.4902409358116301,0.08514452421425034
8850,0.5650788296825868,0.1533970735428252,0.4783973908882735,0.08668143879431336
8851,0.5568949025468198,0.1520526784816927,0.47221754098177465,0.0846773615650452
8852,0.5629777749355745,0.14900477369943568,0.4790913989834874,0.08388637595208712
8853,0.5553848124513445,0.15146495785016725,0.47126347524277856,0.08412133720856595
8854,0.5538093246086412,0.16088594167668302,0.46470918990965215,0.08910013469898906
8855,0.5688711064960298,0.16142429996038712,0.4770414863622173,0.09182962013381243
8856,0.5603721422908753,0.1692975598613842,0.4655025059867337,0.09486963630414157
8857,0.5710511726120661,0.16929092279425115,0.4743773926378302,0.09667377997423586
8858,0.5535095318822568,0.15969323367809665,0.4651178048643297,0.08839172701792712
8859,0.5547290917898001,0.16016574095964617,0.4658804957714152,0.0888485960183849
8860,0.5653808490665218,0.15370854567871894,0.4784769810019074,0.08690386806461436
8861,0.5579239196498511,0.15609401881035576,0.4708353328412798,0.08708858680857127
8862,0.5539396286294999,0.1528652353534477,0.46926151692744994,0.08467811170204992
8863,0.5558117184916254,0.1469998298762673,0.4741074904301207,0.08170422806150471
8864,0.5427843744345363,0.15015298363816912,0.46128368114101354,0.08150069329352279
8865,0.5439613393949555,0.14391055184419332,0.46567956286072093,0.07828177653423458
8866,0.5460286720977524,0.14074450098356867,0.4691781391206336,0.0768505329771188
8867,0.5516294212235158,0.1424660302811826,0.47304096739549517,0.07858845382802063
8868,0.54254512495609,0.14533602923991432,0.4636937708114987,0.07885135414459125
8869,0.5362535425626875,0.1407607213014175,0.46077010711112326,0.07548343545156429
8870,0.5240031609135571,0.1481988191487767,0.44634651123594155,0.07765664967761558
8871,0.5280355673959453,0.1457694482770846,0.45106411406596103,0.07697145332998426
8872,0.5460030652078339,0.14895569105896356,0.4646728013094887,0.08133026389834525
8873,0.5430680993207683,0.14674599144504066,0.46337503266376834,0.07969306665699996
8874,0.5414125443266402,0.14934460590788778,0.4605555012605913,0.0808570430660489
8875,0.5334995418473939,0.1460155498952402,0.455600312875688,0.07789922897170594
8876,0.5306997847433308,0.14544225314376422,0.4535136123073501,0.0771861724359807
8877,0.5308284168353161,0.14472208642253998,0.4540058208185354,0.0768225960167807
8878,0.5217341483126917,0.14338735589881782,0.4469240683040132,0.07481008000867853
8879,0.5132741624914045,0.14868870950659288,0.43695608964748023,0.0763180728439242
8880,0.5210160129977357,0.14807945033835604,0.44386424817554926,0.07715176482218647
8881,0.5235550740016612,0.15341581839769722,0.44323344384742946,0.08032163015423179
8882,0.5124458635992529,0.14756983795020887,0.4368243105496563,0.07562155304959658
8883,0.5170356498291254,0.14291899353406273,0.4431414351343167,0.0738942146948087
8884,0.5089177238573023,0.143982739775858,0.43564235565583437,0.0732753682014679
8885,0.5035947125638359,0.15121642334565485,0.4274429213141495,0.07615179124968638
8886,0.4922212635143507,0.15128784915936688,0.4177541672467586,0.07446709626759207
8887,0.49406784478127724,0.1531629569229449,0.41839495275403027,0.075672892027247
8888,0.48260907945861864,0.15121184395277584,0.4096328706453292,0.07297620881328944
8889,0.48710788060530086,0.15298496481978294,0.41258769862745986,0.07452018197784098
8890,0.48986746233466033,0.14957127857848626,0.4165973596592667,0.0732701026753936
8891,0.49199964225551546,0.15545827749566882,0.41551422534198773,0.07648541691352771
8892,0.4745893366568599,0.1551595697496855,0.40095225937339285,0.07363707728346702
8893,0.4707836101336431,0.15621637778423958,0.39723949983837775,0.07354411029526535
8894,0.4721578230682703,0.15541882964201337,0.3987756068006789,0.0733822162675914
8895,0.4892170078553633,0.15056381839852284,0.4155586271271597,0.07365838072820365
8896,0.4905010826949438,0.14567902032269597,0.4190453655007227,0.0714557171942211
8897,0.4908881867229736,0.15507527049165096,0.4147635683857524,0.07612461833722119
8898,0.4905396648815373,0.16519938805401327,0.4095028124268866,0.0810368524546507
8899,0.4977124594350685,0.16327715876343735,0.4164473831773479,0.08126507625772054
8900,0.5268075904945125,0.15509001518442223,0.4451049932854497,0.08170259720906284
8901,0.5300560173233543,0.15342033640521424,0.4487346448319972,0.08132137249135708
8902,0.528145884911333,0.15427670506643504,0.4466652779928159,0.08148060691851707
8903,0.5306748978064578,0.15684667503851824,0.44744030455910944,0.08323459324734836
8904,0.5337142592473404,0.1502680679696059,0.4535140486624132,0.08020021058492721
8905,0.5377228360188371,0.1460435698686151,0.45919187344677015,0.0785309625720669
8906,0.5523231949337244,0.14509463272135006,0.47218406382133304,0.08013913111239138
8907,0.5431269172273485,0.14481100978613234,0.46447615990162705,0.07865075732572145
8908,0.5543414735845863,0.14125517530537687,0.4760378715543546,0.07830360203023168
8909,0.5484795580138595,0.1473875222470148,0.46764051495505893,0.08083904305880056
8910,0.5485001421617236,0.16920110499805832,0.45569331201636787,0.0928068301453557
8911,0.5399175215386854,0.16888064025665833,0.4487359048154441,0.09118161672324131
8912,0.5437936386296943,0.1681174986522781,0.4523724123202493,0.09142122630944503
8913,0.5246397160733222,0.16520993540954612,0.437964022467566,0.08667569360575617
8914,0.5411657426903542,0.16376730806715942,0.45254048579178985,0.08862525689856436
8915,0.5323399316136681,0.16543689421429708,0.44427126666125155,0.08806866495241655
8916,0.5229586577333794,0.16609377714213006,0.43609847898126397,0.08686017875211538
8917,0.5069948578827491,0.16588322932589852,0.4228929136055337,0.0841019442772154
8918,0.5107345478086786,0.1619811919109975,0.4280051570045045,0.08272939080417409
8919,0.5314109549128374,0.16214923409999638,0.4452430755813731,0.08616787933146429
8920,0.5339945308261648,0.1615741660725864,0.4477148098206052,0.08627972100555961
8921,0.5272405265024444,0.160004831441829,0.4428794949301196,0.08436103157232479
8922,0.5241479013971878,0.16488354728914828,0.43772453611065676,0.08642336528653105
8923,0.5066039758728978,0.16738753987253782,0.421804782661887,0.08479919321101087
8924,0.4989511546604319,0.16241486299937954,0.4179140712328756,0.08103708342755628
8925,0.5022860876666146,0.16399698361380338,0.41991268437811147,0.0823734032885032
8926,0.4934965741132757,0.1687864126901714,0.4102010576938066,0.0832955164194691
8927,0.49242816077539336,0.1663365681912485,0.41051935043128607,0.0819088103441073
8928,0.5115908719820577,0.16881256984543638,0.42522790217329887,0.08636296980875881
