timestep,cpu_demand_norm,batch_share,service_demand_norm,batch_demand_norm
0,0.5081847523380738,0.28340686520976416,0.36416170473053994,0.14402304760753387
1,0.49355028284176083,0.2627053356427212,0.36389199013125606,0.12965829271050475
2,0.5052333566870254,0.2751291181441932,0.3662289488046935,0.13900440788233193
3,0.473753954784185,0.28234294126374854,0.3399928697550853,0.13376108502909972
4,0.49295106714194964,0.27196004941054297,0.3588880705650451,0.13406299657690451
5,0.5104748687638802,0.2763015597371779,0.36942986631778885,0.14104500244609128
6,0.511348700433439,0.30063913926749314,0.35761726726957876,0.15373143316386031
7,0.5178218760586905,0.29468854524119736,0.3652257007088874,0.1525961753498031
8,0.5076245019435935,0.3064528316320822,0.3520615359171539,0.15556296602643965
9,0.5237007397834205,0.31962923977842966,0.3563106704550446,0.16739006932837588
10,0.517480402061383,0.3056947400598589,0.35928936506715725,0.15819103699422576
11,0.5158044429512455,0.3048220716353817,0.3585758640921128,0.15722857885913272
12,0.5123824351506843,0.30520697772875294,0.3559997406770452,0.1563826944736391
13,0.5324313085247089,0.2921654035147953,0.3768733004256768,0.15555800809903206
14,0.5272117290918015,0.3065782575097221,0.36558007584814933,0.16163165324365217
15,0.507756771285974,0.30510632068520427,0.35283697099591166,0.1549198002900623
16,0.49449603360463973,0.2961051847673135,0.3480731942074342,0.14642283939720552
17,0.5019943457303174,0.29678779682394996,0.3530085498429363,0.14898579588738114
18,0.4901015714894313,0.29366001836833355,0.34617833500349576,0.14392323648593552
19,0.5104199570895044,0.2923246173845078,0.3612116384278981,0.14920831866160628
20,0.5074512213571211,0.29866709811864717,0.35589223763762645,0.1515589837194946
21,0.5150537250784708,0.314514903763618,0.35306165230232256,0.16199207277614822
22,0.5149145436448394,0.31095667759182316,0.35479842790933025,0.16011611573550907
23,0.510182828224357,0.3110528398336638,0.3514890106708005,0.15869381755355652
24,0.5214101133909399,0.31139851024908566,0.35904378085219435,0.16236633253874552
25,0.5249666456118929,0.29449737464303566,0.37036534670402954,0.15460129890786334
26,0.5211196628648779,0.29635036874316073,0.3666856586155597,0.15443400424931816
27,0.5109230813276858,0.3016732346298504,0.35679126273651274,0.15413181859117311
28,0.5286599871711086,0.3090785533997865,0.3652625230959127,0.16339746407519595
29,0.5154160780430472,0.31328800152761094,0.3539424049977418,0.1614736730453054
30,0.5132725795950086,0.3187233499988977,0.3496806235639116,0.163591956031097
31,0.5207558554673662,0.2997959623040254,0.36463535265207125,0.15612050281529502
32,0.5075535374655568,0.30074735305563066,0.35490815453876867,0.15264538292678806
33,0.5118009741674696,0.32011148059376426,0.34796760655739,0.1638333676100796
34,0.5214034141689214,0.298865414527424,0.36557396665731257,0.15582944751160885
35,0.5032550266340319,0.2995884234025344,0.3524856466353418,0.15076937999869006
36,0.5067776903538509,0.3125788682199591,0.3483696934639193,0.1584079968899316
37,0.511315754539134,0.3020571071092309,0.3568691969036696,0.15444655763546442
38,0.5119049912346592,0.30439530447982266,0.35608351556304413,0.15582147567161503
39,0.5089564442492989,0.30508414777709475,0.3536819011998411,0.15527454304945779
40,0.4954292128519227,0.29839936003212386,0.3475934527956901,0.1478357600562326
41,0.5062901079984747,0.29401144919699335,0.3574350196317409,0.14885508836673383
42,0.4839727098527975,0.29278845676974913,0.34227108701632336,0.14170162283647414
43,0.5054754234417675,0.28564297373775344,0.36108992033851095,0.1443855031032566
44,0.4993948943108806,0.295332669823376,0.35190726687788554,0.14748762743299507
45,0.5040170747189313,0.3033777222800705,0.3511095226004378,0.15290755211849347
46,0.5010802012775712,0.2916475262286197,0.3549414001328287,0.1461388011447425
47,0.5032710406632239,0.29801146280597046,0.35329050164729353,0.1499805390159304
48,0.4993589207984722,0.2971796053751695,0.3509596337750117,0.1483992870234605
49,0.5301311528944342,0.26929423019414783,0.3873698921737915,0.14276126072064277
50,0.5405881977201825,0.2700300687313642,0.39461312953443733,0.14597506818574518
51,0.5163657918689374,0.28277712913263653,0.3703493556619388,0.1460164362069986
52,0.5085134538344503,0.26758406932005174,0.37244335455343386,0.1360700992810165
53,0.5096762648555868,0.27726534003697556,0.36836070197162696,0.14131556288395988
54,0.5074532085703441,0.28136731511722596,0.36467246172728474,0.14278074684305941
55,0.5251278779212418,0.28224570625538803,0.3769127891429678,0.14821508877827408
56,0.5068707530697083,0.27630223085207134,0.3668212332428785,0.14004951982682978
57,0.520536503438479,0.27729560176187745,0.3761940204784824,0.14434248295999663
58,0.5160048235952982,0.2690880865792723,0.37715407294836445,0.13885075064693372
59,0.5147590610601088,0.26411624045451965,0.3788028331130143,0.13595622794709447
60,0.5245890965252125,0.2722824820447163,0.38175267526973233,0.1428364212554801
61,0.5309441049176522,0.2511419509844105,0.3976017665449615,0.13334233837269072
62,0.5321754921003704,0.27543734386246355,0.38559448808754493,0.14658100401282548
63,0.5238302549240876,0.282255268840387,0.3759764054937608,0.1478538494303268
64,0.5361720033391553,0.2730752374248609,0.3897567062267521,0.14641529711240314
65,0.5361007931159938,0.2813229684337533,0.38528332661691295,0.15081746649908084
66,0.5343505808109427,0.2839912911211084,0.3825996694551289,0.15175091135581376
67,0.5524562901465474,0.27801523631838937,0.3988650240858743,0.15359126606067305
68,0.5424730852063124,0.2860337522090041,0.3873074731723561,0.15516561203395635
69,0.5376036433055965,0.2840188210160278,0.38491409036001983,0.15268955294557668
70,0.5374353215139693,0.274999924955584,0.3896406484291476,0.14779467308482172
71,0.5426446742023592,0.27968447513271,0.39087538331451194,0.15176929088784724
72,0.5298454065702275,0.2837053208825582,0.3795254454810716,0.15031996108915588
73,0.5459597973598991,0.2659864309899314,0.40074189939615334,0.14521789796374573
74,0.5414863574631338,0.2795488219155737,0.3901144841509595,0.15137187331217425
75,0.5290357833395118,0.2780858853042142,0.38191839917193526,0.1471173841675766
76,0.5429329772126953,0.2740483374872159,0.39414309744057163,0.14878987977212363
77,0.544221420115764,0.2839174633465365,0.3897074550176466,0.15451396509811746
78,0.5455814080729795,0.282657747146525,0.3913685963820422,0.1542128116909373
79,0.5569077755399332,0.276980309972691,0.4026552872446807,0.15425248829525254
80,0.5449900231677782,0.28093091432171574,0.39188547766304127,0.15310454550473698
81,0.5596342871643601,0.27160971367684333,0.407632178663904,0.15200210850045617
82,0.5716750600837375,0.27035562505100696,0.41711949188872666,0.15455556819501082
83,0.5761792526451106,0.2711374660631708,0.4199554700847438,0.1562237825603668
84,0.5688775694083189,0.2729271593492148,0.41361543037222065,0.15526213903609826
85,0.5794478627476591,0.26261133084459715,0.4272782883564389,0.15216957439122022
86,0.588684592453329,0.2607315542915399,0.43519594367549086,0.1534886487778382
87,0.5829087277708034,0.26992864189947535,0.42556496653227943,0.15734376123852395
88,0.5757435471462735,0.26895573530234057,0.4208940180779698,0.15484952906830377
89,0.5737727156592178,0.26302628556673474,0.4228554094998355,0.15091730615938231
90,0.5704690837969995,0.2672031967425084,0.4180379209636713,0.15243116283332817
91,0.5952659521434046,0.2584834731093162,0.44139954140965343,0.1538664107337512
92,0.5932713387217865,0.26691798186446375,0.4349165502921386,0.15835478842964792
93,0.5996646035493989,0.261303549094584,0.4429701143755443,0.1566944891738546
94,0.5941237384324881,0.25568540288358665,0.44221497100867474,0.15190876742381337
95,0.5907563106848371,0.25950910361304724,0.4374496700452642,0.15330664063957294
96,0.586812280819984,0.2675375578199265,0.4298179563106646,0.15699432450931944
97,0.5956730611677377,0.255539204433361,0.4434552410145492,0.15221782015318847
98,0.5944538345085927,0.2529688337674173,0.4440755412643847,0.15037829324420798
99,0.5852419012059755,0.2504850354206206,0.4386475628527654,0.14659433835321015
100,0.5898594704015017,0.252130807701409,0.4411377256988457,0.14872174470265598
101,0.5865607480636623,0.247143448797959,0.44159610185769804,0.14496464620596425
102,0.5832849816861261,0.2549015036606519,0.4346047627916567,0.14868021889446933
103,0.583060318075446,0.2635275193399092,0.4294078788274853,0.1536524392479607
104,0.5866256766493554,0.26234581942176244,0.43272688281493443,0.15389879383442098
105,0.5792558921731696,0.2601701941896483,0.4285507742209781,0.15070511795219152
106,0.5750267288289054,0.25911520431311724,0.42602856050290006,0.1489981683260053
107,0.5694163115094166,0.2566545923374876,0.42327300020865144,0.1461433113007652
108,0.576832574863545,0.24969077803580267,0.43280280044947106,0.14402977441407394
109,0.5935232094318695,0.24048005317136875,0.4507927164692521,0.14273049296261742
110,0.5974693577532827,0.2491858490846487,0.4485884485394712,0.14888090921381147
111,0.5941202975670238,0.2444897359949808,0.4488639828656027,0.14525631470142109
112,0.5971472248427941,0.24325762940411974,0.4518866065222872,0.145260618320507
113,0.600938238769004,0.24980854138818895,0.45081873387773186,0.1501195048912721
114,0.6103402373190144,0.25369229406573324,0.4555016223529296,0.1548386149660848
115,0.6127876554333316,0.25267028785987683,0.45795442213801263,0.15483323329531892
116,0.601341390542159,0.26727656940787803,0.4406169266350877,0.16072446390707124
117,0.5962500422685084,0.2788348926635848,0.429994725731911,0.16625531653659745
118,0.5773070632455468,0.27124918877716464,0.42071299066486495,0.15659407258068186
119,0.5787426520490196,0.2676100303678229,0.4238653133590271,0.1548773386899925
120,0.5823902843210962,0.2768420321002516,0.4211601745342006,0.16123010978689556
121,0.6017773364080066,0.26293891549100384,0.44354665620582034,0.15823068020218622
122,0.5975167261886746,0.26116545531717605,0.4414659983339809,0.15605072785469362
123,0.5830660778623427,0.26421441483287833,0.4290116152910423,0.15405446257130034
124,0.5864009398269261,0.2758743764819595,0.4246279461837378,0.16177299364318828
125,0.5819504568446454,0.2792036196165088,0.4194677828561395,0.1624826739885059
126,0.5794102696421612,0.2879345949369505,0.4125780083504363,0.16683226129172496
127,0.5735538712549227,0.2792414178168451,0.4133938750513579,0.16015999620356486
128,0.559804812594938,0.28357357068593153,0.4010589630002227,0.1587458495947153
129,0.5666735387227725,0.29266538950339593,0.40082780679120456,0.16584573193156793
130,0.5643742628479,0.28918306026203244,0.4011667863844156,0.1632074764634844
131,0.5736411005384154,0.287982029180523,0.40844277238401416,0.16519832815440127
132,0.5826119138946334,0.27983172766934483,0.4195786154687546,0.16303329842587883
133,0.5908077837490868,0.27602069490533865,0.42773260872318086,0.163075175025906
134,0.5752379917402102,0.2761001771832309,0.41641468029821227,0.15882331144199793
135,0.5719035111012772,0.26984126055294816,0.4175803467510516,0.15432316435022564
136,0.5717763282405843,0.2686840727224234,0.4181491356826309,0.1536271925579534
137,0.5667351227285954,0.2666195098934885,0.4156324820672712,0.15110264066132414
138,0.5757428754024523,0.274969982834772,0.4174308668357977,0.15831200856665456
139,0.5877647433827293,0.28632130343943246,0.41947517594164274,0.1682895674410866
140,0.563234586999713,0.282240736560164,0.4042668423087542,0.15896774469095876
141,0.5580216873582177,0.27854416213633576,0.40258800399911865,0.15543368335909905
142,0.5682402374512814,0.277375754991092,0.4106241725719148,0.15761606487936658
143,0.571001893144106,0.27985499018607307,0.4112041639420331,0.15979772920207294
144,0.561314876397166,0.2849754657411865,0.40135390806842713,0.1599609683287389
145,0.5621648660187241,0.25944538268672634,0.41631378722146395,0.14585107879726011
146,0.5453585218423221,0.24591321722382434,0.41124765319564743,0.1341108686466747
147,0.5551339907865449,0.2453090561458713,0.41895459547220676,0.13617939531433815
148,0.5522155222064018,0.221245704417283,0.43004021000568865,0.12217531220071315
149,0.5594694483089299,0.22039986484640203,0.4361624575159506,0.12330699079297926
150,0.5716501525619043,0.21943163048394168,0.44621202751885164,0.12543812504305268
151,0.5604426652748783,0.22273140268189334,0.4356144843154258,0.12482818095945247
152,0.5652165849266394,0.24238260612070348,0.4282179160494766,0.13699866887716278
153,0.5669255008607981,0.24146953667910903,0.43003026283636936,0.13689523802442874
154,0.5682932834404678,0.2321965276500145,0.4363375563387657,0.1319557271017021
155,0.5649802202741812,0.21877042306952194,0.44137925845888687,0.1236009618152943
156,0.5553502098903819,0.20972466675852303,0.4388795721868457,0.11647063770353616
157,0.5296204786512541,0.19923754927762866,0.42410019243753355,0.1055202862137205
158,0.5546002107765563,0.1935235293320225,0.44727202061879356,0.10732819015776275
159,0.5277640108558076,0.19216096424811185,0.42634836963430467,0.10141564122150296
160,0.5230967858781927,0.18997191764432378,0.42372308635133027,0.09937369952686251
161,0.5281430740551429,0.19621498200472648,0.42451349028349217,0.1036295837716508
162,0.5294429190809288,0.1958720958240577,0.42573982490134027,0.1037030941795885
163,0.5291471482119523,0.1970172128959054,0.42489605185941687,0.10425109635253542
164,0.5209717089461765,0.20046940543221092,0.41653282020673366,0.10443888873944285
165,0.5316027377636977,0.19532006112785624,0.4277700585279565,0.10383267923574117
166,0.5320588588445389,0.19335168068668265,0.42918438426270883,0.10287447458183004
167,0.5184589672149987,0.19766835655152856,0.4159760352262071,0.10248293198879163
168,0.528734039467431,0.20426563686217758,0.4207318441649045,0.10800219530252654
169,0.5376936607076198,0.19610507517963574,0.4322492049509385,0.10544445575668134
170,0.5284352140030363,0.19873225472126627,0.42341809245009804,0.10501712155293826
171,0.5310528494340298,0.19755261771133092,0.4261419688852759,0.10491088054875386
172,0.5353741018819808,0.19207375339639973,0.4325427886622822,0.10283131321969856
173,0.5367314684422081,0.2047741378612882,0.4268227447289317,0.10990872371327638
174,0.5265485780225618,0.1993089606709392,0.4216027281941241,0.10494584982843774
175,0.5318467258063913,0.1988972958927222,0.426063850214102,0.1057828755922893
176,0.5143272561687623,0.1922708368022822,0.4154371242349726,0.09889013193378969
177,0.5384753867054303,0.2039155295340448,0.4286718930843429,0.10980349362108736
178,0.5445283130117966,0.20372309557796642,0.43359531945518553,0.11093299355661106
179,0.5247615420293288,0.1937706514779098,0.4230781561597532,0.1016833858695756
180,0.5274776418847584,0.19370749423714081,0.42530126960914594,0.10217637227561246
181,0.5371745338036813,0.17559052452749108,0.44285177565028244,0.09432275815339888
182,0.5199208817143404,0.18506635632040336,0.42370101856057596,0.0962198631537644
183,0.5281176825897692,0.17990858899123724,0.4331047754937217,0.09501290709604747
184,0.5399673422234206,0.18025401248658718,0.4426360621759308,0.09733128004748974
185,0.5359842401849012,0.18513087901607683,0.4367570066607064,0.09922723352419481
186,0.5395926934149764,0.18794165666015028,0.4381807486928532,0.10141194472212323
187,0.5577630579198841,0.20377361078726228,0.44410566564380444,0.1136573922760797
188,0.5684853300892511,0.20748026407568873,0.4505358436791782,0.11794948641007288
189,0.5718086450690073,0.2191368661411519,0.4465042905561668,0.1253043545128405
190,0.5695183934096502,0.233490403828574,0.43654131374463023,0.1329770796650199
191,0.5425431947376678,0.22522504830461962,0.4203488774955339,0.12219431724213387
192,0.5346672944038654,0.22829901072836428,0.41260328002265184,0.12206401438121357
193,0.5474914147357622,0.2251138494100033,0.4242435148456662,0.12324789989009605
194,0.5370466696573516,0.23793061369530802,0.40926682596275654,0.12777984369459502
195,0.5462272799550167,0.23591648392676587,0.417363260643148,0.12886401931186875
196,0.558102643158157,0.23410012829121832,0.4274507427951645,0.1306519003629926
197,0.5416514477020343,0.2282361515066307,0.418027005820527,0.12362444188150737
198,0.55431429504175,0.2378461981463937,0.4224727473878714,0.13184154765387862
199,0.5582654739818573,0.23327097346128803,0.4280383434162821,0.13022713056557522
200,0.5513998692421506,0.24394248146293784,0.4168900168608809,0.13450985238126967
201,0.5551670186537208,0.23651451132405238,0.4238619625336049,0.13130505612011584
202,0.5641225469754618,0.2436960082741369,0.4266481341001025,0.13747441287535933
203,0.5682394584054061,0.24960908471499627,0.4264017272938875,0.14183773111151862
204,0.5729851102548401,0.25136974949095386,0.4289539866280344,0.14403112362680573
205,0.5853874462499462,0.2322372069753141,0.4494387007344469,0.13594874551549932
206,0.5645555195248115,0.23299926123494508,0.4330145005494198,0.1315410189753917
207,0.5701985126029022,0.2220721426192632,0.44357330719085875,0.12662520541204345
208,0.5701879763565828,0.21372935089913572,0.44832207027939863,0.12186590607718419
209,0.5784652094465035,0.23241711855355626,0.4440199922834677,0.13444521716303576
210,0.5836600279545636,0.24349344212406213,0.4415426387176806,0.14211738923688302
211,0.5921014973776287,0.23977483401958,0.450130459121163,0.1419710382564657
212,0.5654809033689463,0.22086790096647604,0.44058432320522045,0.12489658016372585
213,0.584675285292793,0.23729978103409258,0.4459319681167676,0.1387433171760254
214,0.5826391154424345,0.24048896344615117,0.44252083850650104,0.14011827693593348
215,0.590398404553325,0.24910799801061007,0.44332543996638796,0.14707296458693705
216,0.5923989062293759,0.2630589421413171,0.4365630766310029,0.15583582959837292
217,0.6150874536792387,0.23755933608605126,0.4689676865483389,0.14611976713089975
218,0.6042697838249829,0.2459285990800692,0.4556625624224886,0.1486072214024943
219,0.5872418805977356,0.23786392713654889,0.4475582206997059,0.13968365989802972
220,0.5792387339067946,0.22457315770808056,0.4491572623665151,0.1300814715402795
221,0.5439473805584247,0.19115021133821278,0.4399717238078146,0.10397565675061014
222,0.599536278012911,0.23288032354410865,0.4599160756128336,0.1396202024000774
223,0.600036507871433,0.22646727965853294,0.4641478722379837,0.13588863563344933
224,0.5876087386004518,0.2306193705383401,0.4520947811815876,0.13551395741886424
225,0.5903944290859534,0.2294436996599801,0.45493214701783047,0.1354622820681229
226,0.589513673701477,0.23639659345138764,0.45015464944543493,0.13935902425604205
227,0.5936845166878431,0.22560348009721623,0.45974722364323184,0.13393729304461124
228,0.5945657696346334,0.22225683378939035,0.4624194641960877,0.13214630543854566
229,0.6135650424205945,0.20875501559320767,0.4854802624226362,0.12808477999795834
230,0.5937692068941934,0.22050909599096374,0.4628376958546833,0.13093151103951012
231,0.5927371561339215,0.21567737106991178,0.4648971645635015,0.12783999157042003
232,0.5829793967995304,0.2065891579477317,0.46254217411383886,0.12043722268569153
233,0.5797834411173127,0.20444275552266822,0.46125091680887464,0.11853252430843807
234,0.5747904747747649,0.2184566596126608,0.44922366767829436,0.1255668070964705
235,0.5882343574583261,0.21833644024115156,0.4598013618233341,0.128432995634992
236,0.5787319465655881,0.23174435858885528,0.4446140828138663,0.13411786375172188
237,0.5878125548185983,0.23481293855404514,0.4497865615026825,0.1380259933159158
238,0.5969955145715058,0.23076438483930187,0.4592302118995898,0.137765302671916
239,0.5863857365050885,0.23862268507157736,0.44646079757256985,0.13992493893251867
240,0.584628936617262,0.2425055067710544,0.4428532000698703,0.14177573654739176
241,0.604914772742098,0.23521200340093212,0.4626315571586096,0.14228321558348844
242,0.5860833265275321,0.23797124812848675,0.4466123458064799,0.13947098072105227
243,0.5831394856523903,0.24221478069507263,0.4418944830204591,0.14124500263193115
244,0.5917736803208185,0.2413472073656939,0.44895075518287003,0.14282292513794842
245,0.5836839077361083,0.250598382868772,0.4374136643509141,0.14627024338519426
246,0.5851195877072923,0.24990471193954444,0.43889544569111644,0.1462241420161759
247,0.5901947028369663,0.2355912402250348,0.45115000082135953,0.13904470201560676
248,0.5765035816478411,0.22593747354509866,0.4462498189206274,0.13025376272721373
249,0.5792078215468903,0.22638163230852004,0.4480858094592433,0.131122012087647
250,0.5762274868701563,0.23247129342218012,0.4422711376920388,0.13395634917811755
251,0.5651934635459507,0.24113952172049047,0.42890298206693267,0.136290481479018
252,0.5707118889147846,0.24076552110806715,0.4333041435776472,0.13740774533713745
253,0.5892762678634447,0.23108984462834628,0.45310050667970947,0.1361757611837352
254,0.5755808322990051,0.2515449587844287,0.4307963755612447,0.14478445673776041
255,0.6005520389855187,0.26597607332820583,0.44081956582690285,0.15973247315861583
256,0.5917689625869337,0.25311311136553416,0.4419844792570005,0.14978448332993316
257,0.5833612950457805,0.2433908861329019,0.44137647250895073,0.14198482253682976
258,0.5847228873291805,0.25315516411986133,0.43669726882272264,0.1480256185064579
259,0.5993030835853279,0.2541081336022708,0.44701529555337455,0.15228778803195336
260,0.589265250622873,0.2592472748366764,0.4364998402429421,0.15276541037993097
261,0.5755224328307809,0.25592793876547193,0.42823016288310933,0.1472922699476715
262,0.5851578418003829,0.2613371976258858,0.4322343312554594,0.15292351054492348
263,0.5863615198974517,0.2671133609371452,0.4297365235934306,0.15662499630402107
264,0.5732564494783526,0.2692116249787004,0.4189291491847651,0.15432730029358757
265,0.582558840494413,0.26123773177722703,0.43037249037688113,0.15218635011753184
266,0.5708330314592011,0.2741462893736075,0.4143412740327733,0.15649175742642774
267,0.5715070814504983,0.2841382102070309,0.4091200822065099,0.16238699924398842
268,0.5564869626467188,0.27447423949008126,0.40374562678811543,0.15274133585860342
269,0.5486604916937433,0.2765294547836841,0.3969397050643244,0.1517207866294189
270,0.5443581874700381,0.2923830761539876,0.38519706608793924,0.1591611213820988
271,0.5507778392346269,0.2856580691148337,0.39344370516762306,0.1573341340670038
272,0.5337079410020947,0.2746999896634226,0.3870983751255328,0.14660956587656196
273,0.5541702217794703,0.287450288540126,0.39487383162861595,0.15929639015085434
274,0.5590167536940858,0.29087201640605215,0.39641442334232163,0.16260233035176413
275,0.5581392190193637,0.29710136239555224,0.39231529664232123,0.16582392237704247
276,0.5572165475664409,0.3047978880375297,0.387378120688626,0.1698384268778149
277,0.5747101817840374,0.2739498664454894,0.41726840423943745,0.1574417775446
278,0.5750483001850148,0.2787400866147297,0.41475928718379074,0.16028901300122414
279,0.5739295960331962,0.2822831382131978,0.4119189485515127,0.16201064748168348
280,0.5831676459791758,0.27696025306748795,0.42165338716801204,0.16151425881116377
281,0.547106236533757,0.28306606741417945,0.3922390257003745,0.15486721083338248
282,0.5350089099670194,0.28266286824526443,0.3837817569389693,0.15122715302805015
283,0.5240153137543011,0.2882636374197863,0.3729607533478157,0.1510545604064854
284,0.5257585941037758,0.29195548382579845,0.37226048938663636,0.15349810471713946
285,0.5165772848247431,0.2894420345959778,0.36705810447900356,0.14951918034573955
286,0.512218656304228,0.2879970404073655,0.3647011992471728,0.14751745705705524
287,0.502764404689911,0.2938929221300355,0.35500550465262537,0.14775890003728567
288,0.4933811774935819,0.29963773688243445,0.3455455580490143,0.14783561944456758
289,0.5109248163767446,0.2779743750370136,0.36890080985351803,0.14202400652322653
290,0.5074512584834583,0.27748506320367483,0.36664111395039156,0.14081014453306676
291,0.5231242748081322,0.2843963248485565,0.3743496536136331,0.14877462119449908
292,0.5205357524108442,0.28594699510970817,0.3716901181617922,0.14884563424905192
293,0.5281960438832918,0.28409696817847385,0.37813714921218444,0.15005889467110733
294,0.5321647063789438,0.27740858285226966,0.38453764933836676,0.14762705704057696
295,0.5239007007610724,0.2731794921149618,0.38078177340849007,0.14311892735258233
296,0.5161809125116017,0.28367054638114747,0.36975559102791633,0.14642532148368534
297,0.5117961861711242,0.28459322736125914,0.36614245779750015,0.14565372837362406
298,0.5064773907656831,0.28143527270820795,0.36393678817500147,0.14254060259068163
299,0.516101421120132,0.26806478182881394,0.37775280626602303,0.13834861485410901
300,0.5240600790956421,0.2608367235720064,0.3873659651094483,0.1366941139861938
301,0.5464873307769058,0.2409726440144749,0.4147988337591819,0.13168849701772392
302,0.5151956904669315,0.25137079282318964,0.38569054129516833,0.12950514917176317
303,0.5053292815138565,0.23845090517707088,0.3848330569243985,0.12049622458945794
304,0.42104145517723846,0.11930486134656401,0.3708091627461625,0.05023229243107598
305,0.4490147465020356,0.14612096727860782,0.3834042774207993,0.06561046908123633
306,0.4459204979869281,0.14592517070421535,0.3808494731976769,0.0650710247892512
307,0.4369799451978622,0.13278074426861353,0.3789574228440321,0.0580225223538301
308,0.4180199908511545,0.11634043941189817,0.3693873614325735,0.048632629418580965
309,0.4730760738406512,0.19499743175463635,0.3808274544171575,0.09224861942349369
310,0.5307952500780666,0.2958743787373533,0.37374653522448054,0.15704871485358604
311,0.4626534165908077,0.2316579083443003,0.355476093815037,0.10717732277577072
312,0.4959034193166442,0.2593922986005683,0.3672698914962184,0.1286335278204258
313,0.5293667007924556,0.2611653048672661,0.39111448499341517,0.13825221579904048
314,0.4572580953034548,0.1474573993787588,0.3898320057251227,0.06742608957833209
315,0.4864194863233846,0.17802787209481988,0.3998232602277771,0.0865962260956075
316,0.49526001364697536,0.17948291308509046,0.40636930366305457,0.08889070998392079
317,0.5019507850865732,0.17049667310064634,0.4163698461690549,0.08558093891751825
318,0.4797609840898753,0.17186681269238974,0.3973059929001841,0.08245499118969117
319,0.45264382410638976,0.12936442348203742,0.3940878167581619,0.05855600734822786
320,0.47088863385693674,0.15094396231972404,0.399810837651249,0.07107779620568778
321,0.506678297424009,0.22739040445763334,0.39146451444285857,0.11521378298115045
322,0.49872389266944955,0.2175358788153288,0.3902335523913991,0.10849034027805042
323,0.48597892464759207,0.22842118953731,0.37497104058952635,0.11100788405806572
324,0.48590828320338664,0.22313118550142091,0.3774869919272548,0.10842129127613183
325,0.4761013143836474,0.20074912077461166,0.3805243941214932,0.09557692026215418
326,0.49147639046418673,0.20616578303826766,0.3901507755793163,0.10132561488487044
327,0.525585532632088,0.21900760619482965,0.41047830327969986,0.11510722935238811
328,0.5161275308239923,0.22438570526990853,0.40031589081083435,0.11581164001315797
329,0.505626349809529,0.2507574621511797,0.3788367695345269,0.12678958027500215
330,0.5192826592456721,0.24026301816447035,0.39451824025483473,0.12476441899083737
331,0.5504403782647471,0.2703512972751123,0.4016281079282692,0.14881227033647793
332,0.5090904541923399,0.23952715376514375,0.38714946669064443,0.12194098750169546
333,0.5077998829439203,0.23698661539498447,0.3874581073870713,0.12034177555684898
334,0.5359709575438085,0.2535948532843458,0.4000514812008161,0.13591947634299245
335,0.5270344566433832,0.2792919711089953,0.37983796440509443,0.14719649223828882
336,0.5397534357087201,0.2885775600843161,0.3839927061847709,0.15576072952394926
337,0.5702929225363845,0.28549344714603087,0.4074780301984877,0.16281489233789678
338,0.5495916888456861,0.29089477977996137,0.3897183355500232,0.1598733532956629
339,0.545947885964458,0.29603009089537524,0.3843308836582615,0.16161700230619647
340,0.5518812757007243,0.28044010421565346,0.39711163322854537,0.15476964247217892
341,0.5502291295794219,0.2818385380943745,0.3951533560818175,0.15507577349760443
342,0.5580203966107926,0.27837987678309795,0.40267874735982473,0.15534164925096788
343,0.5655574926605603,0.27734896067848125,0.4087007098672261,0.1568567827933342
344,0.5523258242073235,0.28040233838011286,0.39745237155186686,0.15487345265545663
345,0.5568677443270512,0.27835607606198487,0.4018602241306846,0.1550075201963666
346,0.5543818358295908,0.2719910459612376,0.4035949404403893,0.15078689538920148
347,0.5461616980151835,0.27354256134817256,0.3967632282298431,0.14939846978534044
348,0.5514020630790543,0.2675132406488746,0.4038947102843013,0.14750735279475297
349,0.5634281456793004,0.25353396002818657,0.4205799767138894,0.14284816896541103
350,0.5758014719525414,0.26017924468633324,0.4259898798906503,0.14981159206189112
351,0.5869192281787573,0.2608271508161665,0.43383475813366856,0.15308447004508877
352,0.5949925151083513,0.25503692308940806,0.4432474547938892,0.15174506031446205
353,0.5887640898301194,0.2647832100058221,0.4328692441887442,0.15589484564137523
354,0.5937467162275186,0.2687938362748532,0.4341512585971272,0.15959545763039137
355,0.585526616233399,0.26918145417850603,0.4279137102154726,0.15761290601792638
356,0.5800624662733249,0.2739221939139247,0.4211704829046138,0.1588919833687111
357,0.5618371728320295,0.2770188181580706,0.406197703216829,0.15563946961520048
358,0.552480759525555,0.2697562737633034,0.40344560851002154,0.1490351510155334
359,0.5542948568018992,0.27983403903604376,0.39918428820611823,0.15511056859578093
360,0.5698950150318502,0.29266873408737365,0.4031045624197739,0.1667904526120764
361,0.575124798569149,0.271923745089088,0.4187347094486187,0.15639008912053035
362,0.5641287524518928,0.2804482246161338,0.405919845371845,0.15820890708004776
363,0.55990032651649,0.2693067344662916,0.4091153979557237,0.15078492856076633
364,0.561294698666603,0.26020638329118034,0.4152422351660533,0.14605246350054965
365,0.5618815983112461,0.27850251972707857,0.4053961573932858,0.15648544091796024
366,0.572693956583709,0.283781244334189,0.4101741529617141,0.16251980362199495
367,0.5878664093465447,0.28141005633635946,0.4224348899740802,0.16543151937246448
368,0.569160264780346,0.27927218513530905,0.4102096339429477,0.1589506308373983
369,0.5765529228102451,0.2796993567261286,0.41529144118165023,0.16126148162859483
370,0.5889980567977943,0.27810145508170153,0.42519684016203296,0.16380121663576128
371,0.5799887933075463,0.2739649578939492,0.42109218797008197,0.15889660533746433
372,0.5762498309398453,0.2738587429231048,0.4184387766290076,0.1578110543108377
373,0.5890330130659114,0.2578510214177594,0.43715024899808574,0.15188276406782567
374,0.5788745952347926,0.2653723676271185,0.4252572733381458,0.1536173218966468
375,0.5883940563979013,0.2648468691095179,0.4325597327582681,0.15583432363963326
376,0.5918601799156459,0.2570111734723054,0.43974550054399597,0.15211467937164994
377,0.5935708760056283,0.25853758133506183,0.4401104973721993,0.153460378633429
378,0.5943000154093037,0.266709145145987,0.4357947663392414,0.15850524907006228
379,0.5963937273523792,0.26360727804392203,0.43918000024254955,0.15721372710982964
380,0.5852740532212193,0.2654925684756925,0.42988814156933863,0.15538591165188068
381,0.589991541100629,0.2535032298481322,0.4404267798485425,0.1495647612520865
382,0.6007720912101866,0.25359228124517075,0.4484209260917636,0.152351165118423
383,0.5925411993358319,0.24978618922047152,0.4445325911976067,0.14800860813822525
384,0.5960662845082295,0.247706248599483,0.44841694125606385,0.14764934325216567
385,0.6254497808045784,0.24488524727806038,0.4722863565722405,0.15316342423233784
386,0.6097121873800021,0.24413343801291773,0.4608610548765459,0.14885113250345622
387,0.6053113950508091,0.24375872206031265,0.4577614629446788,0.1475499321061303
388,0.620450726696907,0.23544149419736432,0.4743708805275467,0.14607984616936032
389,0.6045503268236324,0.24326893744906278,0.4574820111827637,0.1470683156408687
390,0.6119807811129587,0.24562137385577332,0.4616652208826645,0.15031556023029422
391,0.6147170601735957,0.23477209364209697,0.47039864895912575,0.14431841121446998
392,0.5966161496773087,0.23724443263537104,0.455072289746016,0.1415438599312927
393,0.5889325507587674,0.2281570569786533,0.4545634332187157,0.1343691175400517
394,0.5914577580913875,0.2320131664584282,0.4542317708102016,0.13722598728118585
395,0.6040081715283357,0.23680274522789568,0.46097737837034414,0.1430307931579916
396,0.6166391967393977,0.23991898206056758,0.4686957483590354,0.14794344838036236
397,0.6168935295848914,0.23471631185914518,0.47209855551095525,0.14479497407393618
398,0.5977024101813002,0.2345557549758167,0.4575078701103601,0.14019454007094015
399,0.5929860070328413,0.23495467189558916,0.45366117431176456,0.13932483272107676
400,0.5890831099401143,0.22399156285941116,0.45713346349054573,0.13194964644956853
401,0.5899971886410762,0.23244508344300202,0.45285524289626466,0.13714194574481156
402,0.6005632511393608,0.2460926025031817,0.4527690776987036,0.1477941734406572
403,0.606084943105408,0.24254854348811658,0.45907992292511324,0.1470050201802947
404,0.6021628056353888,0.2509685296924773,0.45103889166957833,0.1511239139658105
405,0.6067669097676559,0.2593097664073072,0.4494263241321214,0.1573405856355345
406,0.6028582565312708,0.2681917895463029,0.4411766218693851,0.16168163466188568
407,0.5973198071418493,0.2733688804588705,0.43403116018757354,0.16328864695427575
408,0.6015940691837955,0.2725564631894717,0.43762571741129785,0.16396835177249766
409,0.6076811789579557,0.2543982407395476,0.45308815610051756,0.15459302285743812
410,0.5785544257697318,0.26509108331736664,0.4251848062843766,0.15336961948535519
411,0.5790598585200922,0.26988646414946793,0.4227794407732134,0.15628041774687884
412,0.5726419264509134,0.2581676215335478,0.42480432230869225,0.1478376041422211
413,0.4847306762959404,0.1597731088205379,0.40728374920345617,0.07744692709248423
414,0.4924133373407479,0.17033338814760995,0.4085389052224263,0.0838744321183216
415,0.49541756324920533,0.15707581447580884,0.41759944599621585,0.07781811725298947
416,0.49368660736904524,0.15316258059599439,0.4180722925787208,0.07561431479032443
417,0.4946729768604184,0.15587111159786532,0.4175677500797599,0.07710522678065852
418,0.4953433877767174,0.15446478717682682,0.4188302768043383,0.07651311097237905
419,0.49002952956692086,0.15257958122062384,0.41526102915986074,0.0747685004070601
420,0.5023510104716146,0.16608906106337085,0.41891600281814856,0.08343500765346604
421,0.5125618002060166,0.16136588937104343,0.42985180945814966,0.08270999074786695
422,0.5039836622298413,0.16815304207205375,0.41923727627127905,0.08474638595856222
423,0.5115890814095886,0.1805232200076431,0.41923537311277737,0.0923537082968112
424,0.5007315240768918,0.1747222980993868,0.41324256145936883,0.08748896261752297
425,0.511011400980475,0.16615935498768072,0.42610207620220825,0.0849093247782668
426,0.5049663041675619,0.17399087324778864,0.4171067759447394,0.08785952822282256
427,0.5363951148434055,0.19467966539352588,0.43196989336696945,0.10442522147643607
428,0.5568320715553232,0.21857764559079512,0.4351210283653155,0.12171104319000771
429,0.5744421010905667,0.24768098229249913,0.4321637172222881,0.14227838386827865
430,0.5697211804996077,0.26290628122007137,0.41993790360214683,0.1497832768974609
431,0.5737054860213109,0.2649321344666898,0.4217124670544353,0.15199301896687556
432,0.5906685266748806,0.27469205190837137,0.428416577084863,0.16225194959001754
433,0.5979647932831635,0.27266247513400127,0.43492223270358477,0.1630425605795788
434,0.5896945475780937,0.2936263107120105,0.4165447131257499,0.1731498344523438
435,0.5841188913532203,0.28944064734939423,0.4150511413109337,0.16906775004228655
436,0.5896761779348509,0.2749612700191629,0.42753806714983844,0.16213811078501247
437,0.5775516022847218,0.2882179101749609,0.4110908864560191,0.1664607158287027
438,0.591139258877783,0.2922281481939515,0.4183917279311835,0.17274753094659942
439,0.5896392307235283,0.2895554912041402,0.4189059536381457,0.1707332770853826
440,0.5808619698880895,0.2861611233757133,0.41464185605868403,0.16622011382940544
441,0.5848546291826434,0.28917570468974063,0.41572887964769556,0.16912574953494786
442,0.583189099537234,0.28192963478572214,0.4187708096936874,0.16441828984354653
443,0.5775407837741467,0.26634295568764504,0.42371686439358136,0.15382391938056536
444,0.5879991614180528,0.2819616543227837,0.42220594512420906,0.16579321629384366
445,0.6040957918527823,0.2749390641244428,0.43800626019926414,0.16608953165351817
446,0.5949710880071455,0.2712864552582931,0.433563490560517,0.16140759744662844
447,0.5881565778685827,0.2792406759994089,0.4239193374710607,0.164237240397522
448,0.5728231762750664,0.27078752695715264,0.4177098049878001,0.15511337128726635
449,0.5632350051914694,0.26209765939661883,0.4156124286405428,0.1476225765509266
450,0.5642762695289253,0.25941122100421726,0.417896673466722,0.1463795960622033
451,0.5741810943522377,0.2626460938380008,0.4233746727649939,0.15080642158724383
452,0.5957248498058538,0.286683368941482,0.42494044290135324,0.17078440690450056
453,0.605062115724367,0.28512397310144444,0.43254440131586946,0.17251771440849747
454,0.5974231107414602,0.28212576387148003,0.4288746592690499,0.16854845147241027
455,0.5840780143017535,0.28103505257954775,0.4199316188419024,0.16414639545985116
456,0.5937614110573264,0.27617088024745734,0.4297817995086522,0.1639796115486742
457,0.6045817758672946,0.26672552657668797,0.44332438334042124,0.1612573925268733
458,0.6010616284110041,0.26898885217195817,0.43938275090012,0.16167887751088403
459,0.5880871468470632,0.2602731377054521,0.43502385989293113,0.1530632869541321
460,0.5962420222857175,0.2646449988175759,0.43844955300292476,0.15779246928279278
461,0.5906371378314007,0.2742062610784628,0.4286807366125676,0.1619564012188331
462,0.5804599505549637,0.2716808177540986,0.42276011651468753,0.15769983404027615
463,0.5779935381554543,0.2709111170183751,0.4214086631043573,0.15658487505109694
464,0.5878572144192732,0.2754111996413908,0.42595475377821485,0.16190246064105834
465,0.5838760576967319,0.273684867932891,0.4240780159568248,0.1597980417399071
466,0.5996383236542451,0.2667295637392832,0.43969705518459323,0.15994126846965187
467,0.5894789678626486,0.264869792909748,0.43334379572021686,0.15613517214243175
468,0.5877018960405154,0.26945715412834503,0.42934141565760564,0.15836048038290976
469,0.5975569171835967,0.24793035939061478,0.44940441594991976,0.14815250123367696
470,0.5998314162595103,0.24948105913329438,0.4501848392296637,0.1496465770298466
471,0.5996706449066007,0.26943163104932405,0.43810040495701524,0.16157023994958547
472,0.6049387247812102,0.2597890000873851,0.4477822983561618,0.15715642642504846
473,0.5960208629502038,0.2601236732794632,0.4409817267284013,0.15503913622180251
474,0.5870200771896661,0.2583888898369054,0.43534061113265377,0.15167946605701232
475,0.5866070217058249,0.24940078145357608,0.4403067720862373,0.1463002496195876
476,0.5779581857285006,0.26210818449638645,0.4264706149523779,0.1514875707761226
477,0.5804430830537343,0.24720778981403782,0.43695303137917463,0.14349005167455964
478,0.5882379242757569,0.24822950916257996,0.44221991306197095,0.14601801121378602
479,0.5676059118601212,0.2397112265074278,0.4315444025552646,0.1360615093048566
480,0.5748297392593881,0.23215176942120885,0.441381998174389,0.13344774108499907
481,0.559525821008768,0.20883244797377837,0.44267867410296885,0.11684714690579917
482,0.5729255645543259,0.2342590620360597,0.4387125591853495,0.13421300536897635
483,0.5931563229771939,0.2572696231773113,0.44055521927961167,0.15260110369758223
484,0.5990670061415206,0.2459195259906456,0.4517447319545627,0.14732227418695792
485,0.5957676042529201,0.250886327271599,0.4462976581145055,0.14946994613841458
486,0.587978923227076,0.24776012896408448,0.44230118938017216,0.14567773384690388
487,0.5923898283194615,0.23842203062929465,0.45115104252739624,0.14123878579206525
488,0.5879564450515053,0.252905130716631,0.4392592434600687,0.14869720159143662
489,0.5963857722539345,0.24882273473849975,0.4479914334425784,0.14839433881135608
490,0.5947205147237585,0.2503093114890238,0.4458564321548567,0.14886408256890182
491,0.5961550637295576,0.2405461246923547,0.4527522734336888,0.14340279029586883
492,0.5933589178429383,0.23737875175495748,0.45250811858270923,0.14085079926022906
493,0.6018067570351509,0.22239421640998225,0.4679684148740859,0.13383834216106494
494,0.6000896502329575,0.2311928849700348,0.4613531927549409,0.13873645747801655
495,0.5844138561990063,0.21595950453391466,0.45820412937151445,0.12620972682749185
496,0.5862614964270835,0.2179108279981813,0.4585087683172049,0.12775272810987856
497,0.5854059813135747,0.2203866974606878,0.45639029041814283,0.12901569089543186
498,0.5906141703341751,0.22282793436747955,0.4590088347504481,0.13160533558372695
499,0.5913067804580528,0.20638639273492485,0.46926910703961316,0.12203767341843968
500,0.58377522239134,0.21727526437617672,0.45693530661000026,0.12683991578133977
501,0.5844440852781668,0.22220498932317914,0.45457769354893657,0.12986639172923026
502,0.5885586528044705,0.2320808618582437,0.4519654534074822,0.13659319939698833
503,0.5776348763121433,0.23360036632184775,0.4426991576053514,0.13493571870679189
504,0.5821197060140092,0.23645780325190988,0.444472959100289,0.1376467469137202
505,0.6060906717512881,0.22638135643584922,0.4688830433571164,0.13720762839417164
506,0.5903872786227988,0.23817117185337663,0.4497740486258809,0.14061322999691797
507,0.589322740582579,0.23564580759646572,0.45045130744303474,0.1388714331395443
508,0.6009706091183383,0.2301653158635094,0.46264801904593034,0.138322590072408
509,0.5834593960137845,0.22914071289548005,0.4497650940656197,0.13369430194816478
510,0.5914296218793724,0.23663618260397554,0.451475973878925,0.13995364800044738
511,0.6027343200564906,0.2324678301054883,0.46261798054285136,0.14011633951363928
512,0.5956665715186882,0.24052040250083526,0.45239660798072073,0.14326996353796745
513,0.6051919444437937,0.23778023004595464,0.46128926467198983,0.14390267977180385
514,0.6057186977739998,0.23566555845026535,0.46297166259932265,0.14274703517467716
515,0.5900968719890888,0.23216109654854375,0.4530993351182363,0.1369975368708525
516,0.5903560964897433,0.23372683436781308,0.4523740349074564,0.1379820615822869
517,0.6081516671506091,0.22255013678487887,0.47280743044028894,0.13534423671032017
518,0.5996585047678156,0.2286533451793407,0.4625445816874129,0.13711392308040266
519,0.5963678207157045,0.2338044695095012,0.45693435876073185,0.1394334619549726
520,0.6054113496466172,0.22942224870588798,0.4665165164186237,0.13889483322799354
521,0.5991843501758737,0.23304913491164694,0.459544955714789,0.1396393944610847
522,0.5999746091591814,0.23235031454109062,0.4605703200043777,0.1394042891548037
523,0.6115105325066217,0.22710915287914332,0.472630893492369,0.13887963901425268
524,0.5985748758098344,0.23264700932365934,0.45931822109639564,0.13925665471343876
525,0.6062996971068249,0.23218226272264644,0.4655276615445071,0.14077203556231777
526,0.6068023775638353,0.23051853401717087,0.46692318304968616,0.13987919451414912
527,0.5980016504544441,0.22693909800564305,0.4622916952944267,0.13570995516001738
528,0.6033843973636565,0.22288862478870441,0.4688968788163099,0.13448751854734656
529,0.6069101193221326,0.22267469576981444,0.47176659314245495,0.13514352617967765
530,0.6065340028956988,0.2424347946383657,0.45948905646249416,0.14704494643320465
531,0.6076065155517133,0.23375954087351838,0.46557269544458646,0.1420338201071268
532,0.6026678680765585,0.23120811908760827,0.4633261638640386,0.13934170421251993
533,0.6096498918149637,0.23410229872865268,0.46692945072140624,0.14272044109355742
534,0.6143230590883852,0.24061236058879792,0.4665093376769973,0.14781372141138796
535,0.6225274699087636,0.23485318872741345,0.47632490853028153,0.14620256137848206
536,0.6071581795515107,0.2358210615117029,0.46397749314416037,0.14318068640735038
537,0.605846692209485,0.23516579152153888,0.4633722752953353,0.14247441691414967
538,0.5990211529464528,0.23644195554950923,0.4573874201282718,0.14163373281818095
539,0.6007630453087266,0.24273110504280102,0.4549391674520611,0.14582387785666553
540,0.6039295774145116,0.2412784952082831,0.4582143577641639,0.14571521965034767
541,0.6189486166919668,0.2356488638623527,0.47309407837932993,0.1458545383126368
542,0.6089312599454171,0.25038261266347694,0.45646546014782075,0.15246579979759636
543,0.602694333776886,0.2579930738213941,0.44720337003104993,0.15549096374583607
544,0.6054043890655939,0.25809122426412096,0.44915482911678256,0.15624955994881135
545,0.6109724713441859,0.2587457956036881,0.45288591315428295,0.1580865581899029
546,0.5975855238071228,0.25816570125339255,0.44330943799458106,0.15427608581254176
547,0.5978363040611655,0.25169319029055365,0.4473649774204973,0.15047132664066823
548,0.5885947961611973,0.2614959860590804,0.4346796195497815,0.1539151766114157
549,0.5839161658513454,0.2654704372375831,0.4289036859926957,0.15501247985864977
550,0.5707695508006598,0.27771883101830286,0.4122560983714587,0.1585134524292011
551,0.5726193657820093,0.2815288622538701,0.4114104872288676,0.16120887855314175
552,0.5773854500417402,0.2826574728560088,0.41418313786911265,0.1632023121726276
553,0.5807322908884246,0.2759854672090373,0.42045861826420816,0.16027367262421643
554,0.5756002131144746,0.279340377916658,0.4148118320541684,0.1607883810603062
555,0.5776837468895485,0.27327886864229034,0.41981498610653345,0.157868760783015
556,0.5802454582595267,0.2651751855783492,0.4263787611845624,0.15386669707496425
557,0.5611734247921059,0.2638606933053513,0.4131018158619224,0.14807160893018345
558,0.5515747974399532,0.2831050508810695,0.39542118634599965,0.15615361109395356
559,0.559443531609977,0.2769545925855079,0.40450307623833803,0.1549404553716389
560,0.548542121827465,0.2843065523707225,0.39258800234057756,0.15595411948688742
561,0.5546927239705765,0.28025390724628874,0.39923792075673525,0.15545480321384117
562,0.5479425875177552,0.28207963762298904,0.3933791409925438,0.15456344652521134
563,0.5467156828197942,0.28695297253230234,0.3898339925046269,0.15688169031516733
564,0.5361590405223742,0.2903546969580789,0.38048274479016586,0.15567629573220831
565,0.5562607394696439,0.276489948408747,0.4024602363118706,0.15380050315777333
566,0.5397397156187522,0.2872145068593565,0.38471863936490297,0.15502107625384925
567,0.5289059536659036,0.28683784222487124,0.3771957111764881,0.15171024248941553
568,0.5321625996327938,0.2820084590148593,0.38208824496500804,0.1500743546677857
569,0.5123603220796775,0.29620897629860005,0.3605945955804353,0.15176572649924228
570,0.5266790688572502,0.28726969850883877,0.37538013153571204,0.1512989373215382
571,0.5360014281176486,0.28001844475952464,0.3859111418272605,0.15009028629038812
572,0.517155005416226,0.2856396798138664,0.3694350152549969,0.14771999016122916
573,0.5163418328035791,0.2835592489221725,0.36992833050669827,0.14641350229688088
574,0.5309354140584779,0.27902012490641154,0.38279374851064407,0.14814166554783384
575,0.5190835213797349,0.28779016838087973,0.36969638735812105,0.14938713402161388
576,0.5161267313065853,0.29318727377862513,0.3648049420305346,0.1513217892760507
577,0.5354438769293259,0.27336880797485164,0.38907022255572293,0.146373654373603
578,0.5302017231219974,0.26784999469308785,0.3881871943975044,0.14201452872449305
579,0.5168349405641622,0.2776475487959922,0.37333698618440025,0.14349795437976196
580,0.5102844840391503,0.27447571341964866,0.3702237862355272,0.1400606978036231
581,0.5186227963728465,0.28072836137937685,0.37303066857310707,0.14559212779973943
582,0.510528841003134,0.291141684562064,0.3618926142159634,0.14863622678717056
583,0.5107204687662107,0.2936903107936069,0.36072681556560565,0.14999365320060504
584,0.510309788153539,0.30020104173869966,0.35711425814039144,0.15319553001314754
585,0.5117902775319035,0.2898668801974095,0.3634392264683643,0.14835105106353924
586,0.5187949170215121,0.28115795311554054,0.3729316000649971,0.14586331695651505
587,0.5185182859070445,0.27046617653070026,0.3782766276565137,0.1402416582505308
588,0.4944107571838338,0.27708472467784495,0.35741708865178634,0.13699366853204745
589,0.5316617934486069,0.2638781364661675,0.391367870163128,0.14029392328547882
590,0.5187104347399989,0.2624752572446381,0.3825617799461396,0.13614865479385926
591,0.5179149115370014,0.2727185499519365,0.3766699078641449,0.1412450036728565
592,0.5184579632425057,0.27783460617757816,0.3744123992053948,0.14404556403711086
593,0.5097989125780489,0.2806563105116459,0.36672063067104455,0.1430782819070043
594,0.5052226001982522,0.2839927407248674,0.36174304929180656,0.14347955090644557
595,0.5190674746481384,0.27500351426647646,0.37632209497847513,0.14274537966966325
596,0.5035628482957015,0.2718967352019471,0.3666457538751069,0.13691709442059463
597,0.5011697594580309,0.27593997561650024,0.36287698825345455,0.13829277120457634
598,0.5025979183966384,0.27311045785637733,0.3653331707856703,0.13726474761096807
599,0.4998668216695641,0.277670164921334,0.36106871885787317,0.13879810281169092
600,0.492544299541129,0.287995971025292,0.35069352572180923,0.14185077381931974
601,0.5222595350142358,0.2690683376754395,0.38173603009280743,0.1405235049214284
602,0.5184626453246974,0.2724216648419259,0.3772221883269944,0.14124045699770305
603,0.5031197939506882,0.2712659811016422,0.3666405094329987,0.13647928451768948
604,0.5047786936823582,0.2666329740274362,0.3701880493601468,0.13459064432221138
605,0.5091923376228081,0.273841484013226,0.36975435224001474,0.1394379853827934
606,0.4946992642155371,0.29241954833845185,0.3500395288102653,0.14465973540527183
607,0.512498296994093,0.26634243302938915,0.37599825364926776,0.1365000433448252
608,0.5240176339768902,0.2667295778477061,0.38424663168148043,0.1397710022954097
609,0.518363746227187,0.2638169282457366,0.38161061498357796,0.136753131243609
610,0.5121326612979605,0.26659608779559735,0.3756000973635765,0.136532563934384
611,0.5075261922700585,0.276300972939145,0.3672962115537417,0.14022998071631673
612,0.5118756171021802,0.27899260434052403,0.36906610558843006,0.14280951151375015
613,0.5386992272911394,0.2628301268486897,0.3971128410489181,0.1415863862422213
614,0.5190477066951852,0.26946309893479176,0.37918350315410376,0.13986420354108145
615,0.5198239174368108,0.27098464897764857,0.37895961564001046,0.14086430179680035
616,0.5165676495860515,0.2688630521613368,0.3776816946705378,0.13888595491551373
617,0.5116909449757315,0.27444134489780964,0.37126179386456065,0.14042915111117088
618,0.5151853064559433,0.2714429949630369,0.37534186391059204,0.13984344254535125
619,0.5235648954696942,0.26410589012860014,0.38528832271158314,0.13827657275811106
620,0.50666416408668,0.2672778813469463,0.3712440397551706,0.1354201243315094
621,0.5211431092745049,0.2852660202636109,0.3724786885039628,0.14866442077054212
622,0.5249839838716085,0.28012066726445867,0.3779251200063397,0.14705886386526879
623,0.5419427402499549,0.26593125094087927,0.3978232293969564,0.1441195108529985
624,0.5345478275757634,0.2774449347436324,0.3862402404366552,0.14830758713910813
625,0.560402273381365,0.26193533304753486,0.41361311726262145,0.1467891561187435
626,0.5549805049568531,0.257652968722852,0.41198813027141246,0.14299237468544068
627,0.5458638995971269,0.25886871298604053,0.4045568144428774,0.14130708515424947
628,0.5353945708981523,0.2500888588364464,0.4014983536350045,0.1338962172631478
629,0.530987830634807,0.2552230602156965,0.3954674915628976,0.1355203390719094
630,0.5503639184815945,0.2561765592200013,0.40937358352614234,0.14099033495545216
631,0.5461480961569858,0.24485267945638023,0.412422271432947,0.13372582472403877
632,0.5213473626812953,0.2517543688107379,0.39009588645832294,0.13125147622297237
633,0.5406362719897005,0.24218153068461934,0.4097041520956087,0.13093211989409187
634,0.5481932017442056,0.2503881141134774,0.41093213978964493,0.13726106195456067
635,0.55020733824109,0.24628062300454093,0.4147019321974042,0.13550540604368583
636,0.538860733537341,0.25228814796706883,0.402912557061029,0.13594817647631194
637,0.5490056251508371,0.23573235908404805,0.41958723398361764,0.1294183911672194
638,0.5592598673594914,0.23913780822942549,0.42551968844846344,0.133740178911028
639,0.5551152752091133,0.245861051757803,0.41863404979937846,0.13648122540973487
640,0.5544486549091938,0.2434679806176665,0.4194581605422709,0.13499049436692287
641,0.5517700959395073,0.25348438576869364,0.4119049920847482,0.13986510385475917
642,0.5639371448133726,0.24876835673921055,0.4236474279939477,0.14028971681942493
643,0.5692354201105566,0.24230050291722485,0.431309391539471,0.13792602857108563
644,0.5701762107774334,0.248628873628408,0.42841394172212643,0.141762269055307
645,0.5679907207071173,0.25722026194488895,0.42189199874456634,0.14609872196255097
646,0.5669015327740868,0.2567803486348077,0.42133235954674997,0.1455691732273369
647,0.5598141132628756,0.25394250230334836,0.4176535165161709,0.1421605967467047
648,0.5664459020558259,0.2522291739271463,0.42357172010586774,0.14287418194995818
649,0.5831037483432909,0.2363188926628721,0.44530531622723435,0.13779843211605655
650,0.5802855462028398,0.22867608325791353,0.4475881203259954,0.1326974258768444
651,0.5603748903655792,0.22724674222091323,0.4330315221075999,0.1273433682579793
652,0.5471116560248104,0.23391735326431057,0.41913274550743285,0.12797891051737753
653,0.5520151410418864,0.23557740131201735,0.4219728486303521,0.13004229241153434
654,0.576126479378364,0.2504097158805073,0.4318588113659909,0.1442676680123731
655,0.580693975293995,0.24590463091128476,0.4378986376269185,0.14279533766707656
656,0.5814647046095094,0.24140267949352068,0.4410975668858653,0.14036713772364406
657,0.5816752329744974,0.2422598690857468,0.4407586671836744,0.140916565790823
658,0.5785184330002047,0.23828769335516808,0.4406646100371395,0.13785382296306511
659,0.5776324356024458,0.24620536992675374,0.43541622811325387,0.14221620748919192
660,0.5829093767877546,0.24728913039632416,0.43876222390204744,0.1441471528857071
661,0.5917043864412129,0.24747190169831018,0.44527417668537417,0.14643020975583879
662,0.5816827585177505,0.2436348911123663,0.4399645429843375,0.14171821553341302
663,0.5866174310459964,0.2521094600955803,0.438725627222334,0.14789180382366243
664,0.5921002486141925,0.25042653378412194,0.4438226357010234,0.14827761291316907
665,0.5808989879690792,0.2529448620383597,0.4339635735990177,0.14693541437006152
666,0.5663668700594074,0.26024083025341976,0.41897508556711655,0.1473917844922909
667,0.5741622573335161,0.2490139632440006,0.4311878380897755,0.1429744192437406
668,0.5786479363437179,0.26406765515020475,0.4258457326359274,0.15280220370779052
669,0.5764707229310335,0.2568964457178934,0.4283774431496265,0.14809327978140702
670,0.5752327869400088,0.2515363274857843,0.4305408442637063,0.14469194267630245
671,0.5714311194898909,0.24507389060974594,0.4313882718210207,0.14004284766887018
672,0.5741760179328287,0.24380608505049556,0.43418841087074256,0.1399876070620861
673,0.5839272515327584,0.23426080330918,0.4471359845145728,0.13679126701818559
674,0.564747121524986,0.23059630653893917,0.43451852117282674,0.1302286003521592
675,0.5531389994222836,0.2224050110212307,0.4301181141594981,0.12302088526278551
676,0.5557132194186183,0.22685173413419443,0.42964871191220866,0.12606450750640966
677,0.5626759733735905,0.22804609737914827,0.43435991355672965,0.12831605981686087
678,0.5574432794957771,0.22894808939723818,0.4298177057078883,0.1276255737878888
679,0.5497665719367238,0.2196639469114528,0.42900267686512394,0.1207638950715999
680,0.5486634833131784,0.22697208936851057,0.42413218614538134,0.12453129716779703
681,0.5608140563339746,0.2318848556108093,0.43076976985645865,0.13004428647751598
682,0.5586092734931243,0.23929478412315106,0.42493698798339685,0.13367228550972743
683,0.5517846949174396,0.23832706655870278,0.42027946720577747,0.13150522771166215
684,0.5409967494670407,0.24478141566622483,0.4085707992616725,0.13242595020536818
685,0.5664099515305189,0.23558644540488322,0.43297144440749175,0.13343850712302713
686,0.5629906703471492,0.22614896234247803,0.43567091443964534,0.1273197559075039
687,0.5646725432143903,0.239317449472972,0.42953655038490585,0.13513599282948446
688,0.5853065649629127,0.23029154430958884,0.4505154122230628,0.13479115273984985
689,0.5894434267679765,0.23642582661848993,0.4500837773495223,0.13935964941845416
690,0.5811978339917496,0.24223891647917314,0.4404091004255458,0.14078873356620378
691,0.5758831527569821,0.22729898404439125,0.44498549720703906,0.130897655549943
692,0.5569077443989168,0.24081589009322765,0.42279551023167994,0.13411223416723686
693,0.5595550937377698,0.2407891363479397,0.42482030597756176,0.13473478776020803
694,0.5599469437507595,0.23517538757808162,0.4282612042310123,0.13168573951974713
695,0.559412445589028,0.24921105179587855,0.4200006816360817,0.13941176395294635
696,0.5602089257493907,0.2565080797848078,0.41651080992710454,0.14369811582228617
697,0.5816070397866981,0.2480688310173599,0.4373284613153448,0.14427857847135334
698,0.5828734633887848,0.24586546503993947,0.43956500825326106,0.1433084551355237
699,0.5479290191426559,0.24438491427493417,0.41402343277072917,0.13390558637192673
700,0.5433614185272841,0.2360952460262201,0.41507637073892906,0.1282850477883551
701,0.5437542757222867,0.24385854581722965,0.41115514876274895,0.1325991269595378
702,0.5644916973560141,0.2633516949722243,0.4158318520595599,0.1486598452964542
703,0.560178355593693,0.25607920508880416,0.41672832758530665,0.14345002800838638
704,0.5750918579662144,0.2757394538461346,0.4165163431392517,0.15857551482696278
705,0.5831377790552909,0.27530583533030983,0.4225965456798123,0.16054123337547851
706,0.5702851999112666,0.2576420977081156,0.42335572471423577,0.14692947519703078
707,0.5642902902728297,0.27780174657549833,0.4075294620594427,0.15676082821338705
708,0.5813008773600248,0.28420924650553975,0.41608979301252297,0.1652110843475018
709,0.5903940946886871,0.27077728210503227,0.43052878635802333,0.15986530833066376
710,0.575330253203785,0.26254251161708303,0.4242816035183709,0.15104864968541404
711,0.5695698595343975,0.27400253529144136,0.4135062739963825,0.15606358553801505
712,0.5710477926603515,0.27050968577347373,0.4165738337061641,0.15447395895418747
713,0.5538758959751009,0.26472519898324615,0.40725098920106856,0.14662490677403234
714,0.5721960285580949,0.2728549204281684,0.41606952671656194,0.15612650184153296
715,0.5682872317607562,0.2559755189739907,0.42281961268450413,0.1454676190762521
716,0.5389348779555563,0.23498428328516202,0.4122936519217936,0.12664122603376265
717,0.5282821429820935,0.21064059352972336,0.41700447883319114,0.11127766414890236
718,0.545204577831992,0.2359657432615042,0.41655497439429146,0.12864960343770063
719,0.555558927218761,0.25167733513501717,0.4157373369058743,0.1398215903128867
720,0.5508259175811024,0.2644882561296578,0.40513893120905803,0.1456869863720444
721,0.5615373453035047,0.2551913642608189,0.41823786407210484,0.1432994812313999
722,0.5599969498042261,0.25560119285229144,0.41686106144062113,0.14313588836360497
723,0.569070874015379,0.2670222156181184,0.4171163083920534,0.15195456562332563
724,0.5653454144444807,0.2757039786117085,0.40947743439225215,0.15586798005222857
725,0.5470226890899454,0.2588226605268214,0.40544082133114956,0.14158186775879592
726,0.5314227001838502,0.22921325435831721,0.4096135736348256,0.1218091265490246
727,0.5181522708803683,0.20977443912135033,0.4094571688769851,0.10869510200338324
728,0.5288004309002058,0.24834764280400057,0.3974740903723999,0.1313263405278059
729,0.5341231188459661,0.2287376501217297,0.41194905176545044,0.12217406708051563
730,0.5310164412485471,0.241015765052318,0.4030331074056692,0.12798333384287786
731,0.5378133083097564,0.23591427447211766,0.41093547187841084,0.1268778364313455
732,0.533974975999315,0.2334634138584477,0.40931135518753226,0.12466362081178275
733,0.5193138949863828,0.1778132341934964,0.42697301175723235,0.09234088322915049
734,0.5319984802302629,0.20675856588508518,0.4220032374048089,0.10999524282545399
735,0.5346701002181269,0.2157960236382257,0.4192904186328035,0.11537968158532341
736,0.5414487725982949,0.21012166729346884,0.42767865374593894,0.113770118852356
737,0.5394691112017879,0.21265235142473207,0.4247497361837174,0.11471937501807046
738,0.5287744663186871,0.21954991643970884,0.4126820764229677,0.11609238989571938
739,0.5526102914077714,0.2441154466982702,0.417709583270702,0.1349007081370694
740,0.5634838536615634,0.25634184580340064,0.41903936253354496,0.14444449112801844
741,0.5375458866087713,0.20460353828619668,0.427562096217426,0.10998379039134529
742,0.5340753776725577,0.20184144469587195,0.42627683186663523,0.10779854580592249
743,0.5552844766693988,0.23272372479150036,0.42605660493999736,0.12922787172940148
744,0.5588371400310841,0.2259922523513846,0.4325442760578533,0.1262928639732308
745,0.5719738412220614,0.2167738824899134,0.4479848509776859,0.12398899024437551
746,0.5720810847240947,0.2172330692954136,0.44780615480363006,0.12427492992046464
747,0.5224826224904595,0.1754584077922767,0.4308086534491503,0.0916739690413092
748,0.5135877309324794,0.16675335649971582,0.4279452529424156,0.08564247799006387
749,0.5085746359563471,0.1642429970245951,0.4250448135361843,0.08352982242016285
750,0.5122681981049918,0.17540134253344355,0.4224156684201882,0.08985252968480359
751,0.5201601267807096,0.17475359531512097,0.4292602744862114,0.09089985229449814
752,0.515688236301317,0.16575416872359341,0.4302107613726562,0.08547747492866081
753,0.5327560040199038,0.16168516684507625,0.4466172606222295,0.08613874339767426
754,0.536100237522092,0.14868947076038555,0.45638777693041516,0.07971246059167685
755,0.5449784242234275,0.1533468233356198,0.46140771408231307,0.08357071014111439
756,0.5299911549416151,0.15307629608205015,0.4488620719869047,0.08112908295471039
757,0.5477750263823222,0.1417222504905605,0.4701431168808934,0.07763190950142886
758,0.537708577428013,0.14832022711940793,0.4579555190998364,0.07975305832817664
759,0.5352702330599088,0.14283772530147543,0.45881345054804085,0.076456782511868
760,0.5309409953266783,0.13646093754090433,0.45848828932549884,0.07245270600117942
761,0.5244894524721316,0.12611092562169196,0.4583456021420567,0.06614385033007493
762,0.533030020503398,0.12591295597996552,0.46591463499575353,0.06711538550764447
763,0.5515591931883711,0.14065247803816555,0.47398102588169544,0.07757816730667567
764,0.5552517844139023,0.14306952895176372,0.47581217316817903,0.07943961124572327
765,0.5584726393772942,0.12760280267462065,0.48720996537565875,0.07126267400163545
766,0.5625348015172161,0.1305125411430146,0.4891169550898229,0.07341784642739323
767,0.5687509434426844,0.12822840253761986,0.4958209185232648,0.0729300249194196
768,0.5544373071748258,0.1278067539400118,0.48357647468157006,0.0708608324932557
769,0.5791584234805677,0.11641883402468302,0.5117334751033864,0.06742494837718128
770,0.5622882815103701,0.11920805624485951,0.4952589884222565,0.0670292930881136
771,0.5518474333962116,0.1240650340785691,0.4833824627657397,0.06846497063047188
772,0.5420973021362198,0.11762081238638605,0.47833537706648943,0.06376192506973034
773,0.5472779264995621,0.11594607281349083,0.4838232001844276,0.0634547263151345
774,0.571878288265809,0.11196370694240207,0.5078486751916934,0.06402961307411557
775,0.5734944652986358,0.11298609998802374,0.5086975622998259,0.06479690299880987
776,0.5516496724142715,0.12445875500066957,0.4829920409890641,0.06865763142520745
777,0.5467142113850785,0.12375719983127127,0.4790543914760994,0.06765981990897904
778,0.5197231935104306,0.12628445538200536,0.4540902330685693,0.06563296044186132
779,0.5190617545031485,0.11949207879401329,0.4570379864350995,0.062023768068049004
780,0.515386753788241,0.11475106398863967,0.45624557542538924,0.05914117836285172
781,0.5354890847506814,0.10094418351510882,0.4814345763092709,0.05405450844141044
782,0.5153115846657695,0.10356471511557852,0.4619434872041018,0.05336809746166774
783,0.5222276342957187,0.10649801608698109,0.4666114272974272,0.05561620699829153
784,0.5279047142957778,0.10697323063296219,0.47143304154118754,0.056471672754590245
785,0.5321116332389546,0.11143923980769502,0.4728135173379745,0.05929811590098012
786,0.5272174480223785,0.11365370951074953,0.4672972293358444,0.05992021868653409
787,0.5406782537231873,0.1115422775450912,0.4803697698838003,0.06030848383938701
788,0.5228630412348224,0.10251769185778752,0.46926032908968524,0.05360271214513717
789,0.5200300974229232,0.1074602905140326,0.4641475120778152,0.055882585345107996
790,0.5291652631754612,0.10409524990088495,0.474081672866344,0.055083590309117185
791,0.5321411099025798,0.10623621988830405,0.47560844993936313,0.05653265996321664
792,0.5309190396956297,0.10611432892193562,0.4745809220864495,0.05633811760918024
793,0.5504034945498704,0.09901939907738168,0.49590287126945126,0.05450062328041909
794,0.5242294975888616,0.10623398294979546,0.4685385100802266,0.055690987508634965
795,0.5286129144452579,0.10472809820390241,0.4732522892293839,0.05536062521587404
796,0.5381035064981666,0.09959059297343208,0.48451345920493116,0.05359004729323547
797,0.527988826354844,0.0924770363477589,0.4791619844688165,0.048826841886027476
798,0.5289713203944222,0.09653712075004454,0.47790595216419535,0.05106536823022684
799,0.5420457345212514,0.10066765052152911,0.4874792639517805,0.05456647056947088
800,0.5320739575533795,0.10281302943892641,0.4773698220917578,0.054704135461621686
801,0.5460258958589336,0.10102366555540056,0.4908643583710927,0.05516153748784088
802,0.5446716360271356,0.10566317225515766,0.48711990312710185,0.05755173290003377
803,0.5435623194605207,0.09613523769867917,0.49130682667513814,0.05225549278538254
804,0.5552396485255623,0.09651908346206213,0.5016484265480775,0.05359122197748479
805,0.5749762204422171,0.08534170284593803,0.5259067706937568,0.04906944974846025
806,0.5518349138401389,0.0908154863065563,0.5017197577788102,0.05011515606132881
807,0.5557591885033744,0.09459854211739843,0.5031851795026068,0.052574009000767634
808,0.5481042390597858,0.08157758015222638,0.503391221566111,0.04471301749367473
809,0.5381275359127293,0.0755492390252047,0.4974724100760141,0.04065512583671522
810,0.5458319885561,0.07598759913247327,0.5043555262160184,0.04147646234008167
811,0.5561812224020157,0.06762306369065532,0.5185705441759777,0.037610678226038044
812,0.5397381162369631,0.07071042997272602,0.5015730019651783,0.03816511427178484
813,0.5462324085074367,0.07181580996427976,0.5070042856617358,0.03922812284570091
814,0.5472852090734914,0.07424103608400108,0.5066541881184263,0.040631020955065156
815,0.5584514941933687,0.07562622732235443,0.5162179145449926,0.04223357964837619
816,0.5522025160177314,0.07960128109471208,0.5082464883189968,0.04395602769873469
817,0.5618950897446137,0.07908300903233254,0.517458735287117,0.04443635445749658
818,0.5469972719484133,0.08287218397985528,0.5016664133910255,0.04533085855738784
819,0.5496895500538861,0.08599049622207898,0.5024214728766611,0.04726807717722498
820,0.562085544384829,0.08359990898246336,0.515095244033899,0.046990300350930075
821,0.554641687574508,0.0867439039038967,0.5065299023264498,0.048111785248058224
822,0.5436388043993691,0.0907641752709188,0.494295876672792,0.04934292772657708
823,0.5515875795694435,0.0857821479391213,0.5042712122174356,0.047316367352007845
824,0.5427554352513569,0.08406944259005782,0.49712628834705114,0.04562914690430579
825,0.5319070531550941,0.08874301053598355,0.48470401993278767,0.04720303322230648
826,0.5308364180681667,0.0904533500292997,0.48282048573634717,0.048015932331819555
827,0.5295163095222207,0.0913809097213648,0.48112862744578044,0.048387682076440314
828,0.5313373008471101,0.08821330311102524,0.48446628247328993,0.04687101837382013
829,0.5551684461093408,0.0813827080315391,0.5099873345513011,0.045181111558039735
830,0.5443305866406243,0.08695622375927133,0.49699765434968673,0.04733293229093755
831,0.5281114388593319,0.07936238686812565,0.48619925453909507,0.04191218432023678
832,0.5217396998473454,0.08215046393388123,0.478878541452162,0.04286115839518336
833,0.49775819014355066,0.09169550561286342,0.45211600122539397,0.04564218891815669
834,0.5154360704021556,0.08727550235737852,0.4704511284246943,0.04498494197746125
835,0.5397399665685036,0.08181593986786155,0.49558063391945334,0.044159332649050295
836,0.5198934134294203,0.08314338004344825,0.47666771777457245,0.04322569565484785
837,0.5113298897848262,0.08018891764557629,0.47032689936314914,0.04100299042167702
838,0.5048071514535604,0.07387024692136944,0.4675169225280127,0.03729022892554765
839,0.49045150231119844,0.07987502673829654,0.45127667545025374,0.03917482686094468
840,0.477777086994661,0.08209722291266083,0.43855291498109855,0.03922417201356243
841,0.5061742568245509,0.07751693158699673,0.4669371815871832,0.03923707523736762
842,0.48589331721252715,0.08237267137870245,0.44586898666867203,0.040024330543855124
843,0.48556276868087367,0.08092105886819995,0.44627051529224254,0.03929225338863113
844,0.4907503778267535,0.07691351612695342,0.453005040727467,0.03774533709928649
845,0.4869911364984999,0.07898622025382088,0.44852554732937083,0.03846558916912906
846,0.48265790508170425,0.08447905914404534,0.44188341937196596,0.040774485709738316
847,0.5017418618284638,0.09410228840104565,0.4545268044438041,0.0472150573846597
848,0.48703562278510515,0.10738427860909429,0.4347356537753957,0.052299969009709485
849,0.4948918075591965,0.1124556926293577,0.43923840656353225,0.055653400995664244
850,0.5031587970763066,0.11908176532007929,0.44324175928413245,0.059917037792174145
851,0.48676541131745776,0.1234523249373233,0.4266730895912451,0.06009232172621263
852,0.4878360490066985,0.13912674914100914,0.4199650053946025,0.06787104361209599
853,0.5096036372390836,0.13312497514091862,0.4417626656999089,0.06784097153917472
854,0.4982375199560655,0.1218262136036199,0.43753912942456,0.060698390531505476
855,0.4841467166581842,0.1151943859783958,0.4283757329092883,0.0557709837488959
856,0.47128391554055016,0.09435139164673659,0.42681762224857617,0.04446629329197398
857,0.47767942408273883,0.11119405124294111,0.42456431372358416,0.053115110359154664
858,0.4819427062706819,0.11551078488671594,0.42627312599892747,0.05566958027175446
859,0.4787007160121554,0.09587973925182439,0.43280301618124833,0.04589769983090709
860,0.47337942429425484,0.0923939452425162,0.4296420316870776,0.043737392607177225
861,0.4782903488047557,0.09808753258636238,0.4313760286306266,0.0469143201741291
862,0.4791161326616491,0.10774161585133539,0.42749538634824025,0.05162074631340884
863,0.46499415521113985,0.10395478300474993,0.4166557887076888,0.04833836650345105
864,0.44484563023732565,0.09763887195373658,0.40141140470740416,0.04343422552992149
865,0.47217962008759296,0.10600433134568629,0.4221265351851475,0.05005308490244548
866,0.46917472711947833,0.10416902626875683,0.4203012526455326,0.04887347447394576
867,0.4687116651484516,0.10421444277068385,0.41986514014488635,0.04884652500356524
868,0.4710392881094648,0.10009400563672363,0.42389107895031775,0.04714820915914706
869,0.4495519077845127,0.10565400339408336,0.40205494899363114,0.047496958790881554
870,0.44650354265130804,0.11234582339708475,0.39634073450243146,0.05016280814887655
871,0.45551515117286584,0.11231508376647381,0.40435392881198745,0.05116122236087841
872,0.4649748101341072,0.11968768141392035,0.40932305319327805,0.05565175694082912
873,0.48573376070623636,0.10691779799710101,0.43380017659867476,0.051933584107561576
874,0.4771748213835955,0.10197940729212153,0.4285128159241725,0.04866200545942303
875,0.46915251299196964,0.10430554682924824,0.4202173035780263,0.04893520941394338
876,0.4724667792944649,0.10195923431345624,0.42429442823905655,0.04817235105540836
877,0.49513665505924803,0.08647587522175817,0.45231927945862577,0.04281737560062225
878,0.4628209451973237,0.09603832168201852,0.41837239838128726,0.04444854681603644
879,0.46625182411063115,0.10831048215953612,0.41575186423344546,0.05049995987718569
880,0.4788237140059952,0.10467163032196027,0.42870445522417167,0.05011925878182356
881,0.46052220704713454,0.11990072868195749,0.4053052588479598,0.05521694819917473
882,0.44292884957938733,0.11653709202834545,0.3913112094739451,0.05161764010544224
883,0.4410830501410351,0.12186206142906564,0.3873317603894286,0.05375128975160646
884,0.4352098573775725,0.12637723378148844,0.3802092394877588,0.05500061788981372
885,0.452142905068547,0.1327151503062082,0.39213669146248914,0.060006213606057845
886,0.4637456869640095,0.1197555946215841,0.40820954646843954,0.05553614049556996
887,0.4670807776719371,0.11784174827902769,0.4120391622435482,0.05504161542838891
888,0.45573663336872333,0.12256376842620348,0.3998798341731815,0.055856799195541804
889,0.4735654838874417,0.11884933079116607,0.4172825430416245,0.056282940845817184
890,0.4600028650186252,0.11932906214920533,0.4051111545500052,0.054891710468620035
891,0.4548977370620308,0.1152560815422256,0.40246800638583546,0.052429730676195316
892,0.4666715405624845,0.10522339645873333,0.4175667760338703,0.049104764528614155
893,0.4493324842787519,0.10372445602219876,0.4027257167738352,0.04660676750491672
894,0.45514142462427537,0.10241666444368244,0.4085273580641114,0.046614066560163994
895,0.45802830623814844,0.10050754144294748,0.4119930072668747,0.046035298971273744
896,0.4541663417129063,0.09595380230061885,0.4105873543485908,0.04357898736431552
897,0.45413316317178715,0.09754355415365,0.4098354003769715,0.04429776279481559
898,0.45958237281716013,0.0978538990491366,0.4146104457027471,0.04497192711441305
899,0.472753121288199,0.11061902215917074,0.4204576332886026,0.05229548799959642
900,0.461619014206699,0.1144728616964578,0.4087761646369603,0.05284284956973864
901,0.49237386918173254,0.1009486199850144,0.4426694065711546,0.04970446261057791
902,0.47543944512722364,0.1081892402102583,0.4240020127929225,0.05143743233430112
903,0.46191041344946715,0.1083857329859695,0.4118459147138944,0.05006449873557272
904,0.45675112076917423,0.11561437797678244,0.4039441240512479,0.05280699671792631
905,0.4545487821945162,0.10438793954476583,0.40709937139864816,0.04744941079586809
906,0.4690458497190712,0.10841393457908421,0.4181947436530369,0.05085110606603435
907,0.4827502178108522,0.10698896076675288,0.4311012736973455,0.05164894411350667
908,0.4813622994846082,0.10662681612555283,0.4300361700876896,0.051326129396918614
909,0.4847696925198694,0.1085382930788455,0.432153617557406,0.0526160749624634
910,0.5029013447510482,0.11096115432367251,0.4470988310265447,0.05580251372450349
911,0.48051780039725817,0.10339359712959112,0.43083533652938677,0.04968246386787139
912,0.49205144680725493,0.11722090623759727,0.43437273029698764,0.05767871651026731
913,0.5052637216936869,0.11205873177427057,0.4486445098291444,0.05661921186454256
914,0.5026126754217352,0.12178777853439365,0.44140059421889377,0.06121208120284136
915,0.5147454269332254,0.12406420928227856,0.4508839425590859,0.06386148437413951
916,0.5004848946861411,0.12493217356877855,0.4379582289546603,0.06252666573148083
917,0.5019381150300448,0.12254612530992755,0.44042754388774413,0.0615105711423007
918,0.5051597100913554,0.12355829339534098,0.4427430384203823,0.06241667167097308
919,0.5104941751531876,0.1152789450096314,0.45164494520796616,0.05884922994522146
920,0.49998367395343646,0.11572882101261438,0.44212115284124986,0.05786252111218659
921,0.502815340983659,0.11484071278942114,0.44507166882363974,0.05774367216001924
922,0.5146925973697666,0.12013895569621037,0.45285796621719276,0.06183463115257383
923,0.5218038233640295,0.1235313417971924,0.4573446969089658,0.06445912645506374
924,0.49671726792355747,0.12504343792124029,0.43460603306755,0.06211123485600744
925,0.5287589071738699,0.11558779537061824,0.4676408308110649,0.061118076362804995
926,0.5274374913124371,0.1261245112716053,0.4609146954943344,0.06652279581810269
927,0.5253268015300459,0.1275404365117171,0.45832639195159963,0.06700040957844622
928,0.5272734778240599,0.12429649066628952,0.4617352349091196,0.06553824291494027
929,0.525590079827704,0.11930794777284026,0.46288300603369736,0.06270707379400665
930,0.5205940214164255,0.12472964293879545,0.4556605150090831,0.06493350640734238
931,0.5405899798711131,0.1069632892645397,0.48276669748064754,0.057823282390465566
932,0.5171897626073713,0.11242457328418544,0.4590449242392884,0.05814483836808288
933,0.5070021266958311,0.11306475006109813,0.44967805796052174,0.057324068735309354
934,0.5189033949742581,0.1010318994617973,0.46647759934283356,0.052425795631424535
935,0.532250562421678,0.09924735512215929,0.4794261018390447,0.052824460582633286
936,0.5241651774240315,0.09343704708893158,0.47518873105868403,0.048976446365347405
937,0.5571211654954322,0.08622279499790551,0.5090846214539254,0.04803654404150684
938,0.551288541669535,0.0868635449503464,0.5034016646496124,0.047886877019922565
939,0.5510532997418027,0.08993767233240438,0.5014928486319342,0.04956045110986847
940,0.5655657169249497,0.09599819173534772,0.5112724307926491,0.054293286132300715
941,0.5366333306080983,0.09329599602625535,0.48656758952812895,0.05006574107996931
942,0.543318313028146,0.09311326106759273,0.49272817310435224,0.050590139923793825
943,0.5762231595700189,0.09624377263130075,0.5207652688154722,0.05545789075454663
944,0.5674262237709575,0.09093911082709888,0.5158249875212482,0.05160123624970932
945,0.5644975824876708,0.09749798306827981,0.509460206748203,0.05503737573946781
946,0.5651456860268991,0.09144248462597458,0.5134673603209485,0.05167832570595057
947,0.561170068762057,0.0857141104288028,0.5130698755188472,0.04810019324320981
948,0.566024767343193,0.0886636892631142,0.5158389232562496,0.05018584408694337
949,0.5798578708358156,0.07843877971688738,0.5343745270382217,0.04548334379759388
950,0.5730376937261992,0.08274842785585737,0.5256197254682099,0.04741796825798929
951,0.5532203440945824,0.07655130905900771,0.5108706025560674,0.04234974153851497
952,0.559014031500827,0.07317772753345955,0.5181066550162786,0.04090737648454829
953,0.5573431115102737,0.0729257696750837,0.516698436130281,0.04064467537999271
954,0.5512965257404016,0.07929842175370115,0.507579581330889,0.04371694440951253
955,0.5465026944012462,0.06552051124267595,0.5106955584685766,0.03580713593266955
956,0.5433367995152586,0.070971418134654,0.5047754163289165,0.03856138318634209
957,0.5375301252642063,0.07541983344435095,0.49698969274545873,0.04054043251874754
958,0.5494105418996544,0.07733592670887528,0.5069213684982193,0.042489173401435126
959,0.5518924634795646,0.07951316929872021,0.5080097445962262,0.043882718883338376
960,0.5472845669960424,0.08383779446158124,0.5014014359562328,0.04588313103980969
961,0.561769900689671,0.08410764433527809,0.5145207576841997,0.047249143005471346
962,0.5824090431836734,0.07990290591955374,0.535872868199471,0.046536174984202365
963,0.5759555527578104,0.07982520715934187,0.529979781444345,0.04597577131346547
964,0.5687810275729909,0.07704057437761831,0.5249618105136757,0.04381921705931518
965,0.5505532071986822,0.08483449819268676,0.5038473021376076,0.046705905061074506
966,0.5530594081019811,0.09235209528436437,0.5019832129470327,0.051076195154948316
967,0.5691904768577258,0.08194565151173491,0.5225477923973444,0.04664268446038142
968,0.5721657626128286,0.0874530750045817,0.5221281072599953,0.05003765535283339
969,0.5660272764937317,0.09098744330662299,0.5145259017637561,0.05150137472997564
970,0.5736881414292995,0.09904436723631933,0.5168675624704544,0.05682057895884504
971,0.5663025589159303,0.09737423176553699,0.5111592822946338,0.05514327662129646
972,0.575007510571277,0.09938476445074353,0.5178605245757422,0.05714698599553478
973,0.6089741458960516,0.10291310310517225,0.5463027268310671,0.06267141906498457
974,0.6010978173082145,0.10747978480742892,0.5364919532557124,0.06460586405250213
975,0.5956741539658601,0.10887896313260846,0.5308177697171634,0.06485638424869662
976,0.5998947045203507,0.11064694431776245,0.5335181885527669,0.0663765159675838
977,0.5938566687377564,0.11954481194445192,0.5228641849515426,0.07099248378621377
978,0.5861788267435671,0.11295978198416885,0.5199641942708779,0.06621463247268923
979,0.5937988136734865,0.1035436460118804,0.5323147195082045,0.06148409416528202
980,0.5871212018723032,0.1030214590875686,0.5266351189941716,0.06048608287813159
981,0.5771858339573519,0.10085969919411394,0.5189710443653096,0.058214789592042314
982,0.5703026687203688,0.09108081262939445,0.5183590382086053,0.05194363051176353
983,0.5746486535544642,0.09366851545230377,0.5208221672693523,0.053826486285111885
984,0.5717751616235064,0.09022737137333414,0.5201853917736541,0.051589769849852266
985,0.5960063755247708,0.07891505239655175,0.5489725011715546,0.04703387435321618
986,0.5808145075959292,0.06744955619110543,0.5416388268292284,0.03917568076670086
987,0.5626543360922093,0.07410477506706796,0.5209589630755856,0.04169537301662363
988,0.5832841294285017,0.06993544407674805,0.5424918948140001,0.040792234614501655
989,0.5754256855861852,0.07178359212901501,0.5341195628715076,0.041306122714677554
990,0.5734049175274296,0.06492176245951886,0.5361784596785938,0.03722645784883579
991,0.5721851050008041,0.06631528113144095,0.5342404889034528,0.03794461609735138
992,0.5627931387157598,0.059296058950360275,0.5294217235856118,0.03337141513014798
993,0.5565610895426908,0.058965138065175136,0.5237433880561018,0.032817701486589065
994,0.5491604737252901,0.05607862531570657,0.5183643092810536,0.030796164444236468
995,0.5259082496751813,0.06342318398487476,0.4925534739968689,0.03335477567831248
996,0.5388328437644009,0.06679068226407617,0.5028438305030842,0.0359890132613167
997,0.5740741835125953,0.06747979307622858,0.5353357763987605,0.0387384071138348
998,0.5576765975332445,0.05859371614892263,0.5250002532744846,0.03267634425875989
999,0.5636809638049329,0.0549311751403225,0.5327173060588983,0.03096365774603456
1000,0.5587970352594779,0.054183321807593623,0.5285195556728843,0.03027747958659353
1001,0.5455128845648715,0.054349545374549134,0.5158645072928117,0.029648377272059667
1002,0.548837680954878,0.05272207322726065,0.5199018205496949,0.028935860405182992
1003,0.5644033411840941,0.05279112532938077,0.5346078536633233,0.029795487520770762
1004,0.5529325808040365,0.05295037592881191,0.5236545927871746,0.029277988016861902
1005,0.5558929436799377,0.06021279709284693,0.5224210746567922,0.03347186902314547
1006,0.5570397283542656,0.06018502730751277,0.5235142770918947,0.03352545126237097
1007,0.5480415623425843,0.05450906983827672,0.5181683265465741,0.02987323579601021
1008,0.5527512647076367,0.051590432359663124,0.5242345879740191,0.028516676733617578
1009,0.5612951862533823,0.051070596376224964,0.5326295063483177,0.0286656799050645
1010,0.5476682751512323,0.05060315666892906,0.5199545316211523,0.027713743530079955
1011,0.5449551328249328,0.05321662894697652,0.515954457728638,0.029000675096294753
1012,0.5405789548236014,0.05308716193646818,0.5118811523094342,0.028697802514167245
1013,0.5385959093788051,0.05697152745038705,0.5079112777429643,0.03068463163584077
1014,0.5355000328564614,0.053908014691738615,0.5066322892178088,0.028867743638652632
1015,0.532737851409595,0.05401909476709292,0.5039598349282826,0.028778016481312375
1016,0.5279490754978543,0.05678677368033673,0.49796855083281466,0.029980524665039664
1017,0.5307993555743623,0.05815567493963476,0.4999303607934121,0.030868994780950225
1018,0.5243810746217061,0.050348946778786624,0.4979790398037749,0.02640203481793122
1019,0.5385970510136747,0.05143170526363259,0.5108960862300778,0.027700964783597005
1020,0.5358674652764793,0.051502763542833854,0.508268809922047,0.027598655354432247
1021,0.5536535665527582,0.053876688370640705,0.5238245458823014,0.029829020670456736
1022,0.5534826417538239,0.06664876231464975,0.5165937087182888,0.036888933035535046
1023,0.5534659169461102,0.0858725707139361,0.5059383758554019,0.047527541090708336
1024,0.5641644635643709,0.09172323343066081,0.5124174747795726,0.05174698878479833
1025,0.5665557283538659,0.09693957635866518,0.5116340560636672,0.05492167229019875
1026,0.5623844988372225,0.10346134258625068,0.5041994435378278,0.05818505529939478
1027,0.5555155147333906,0.09354667876429021,0.5035488833280467,0.05196663140534381
1028,0.5527593088919418,0.08809547560489932,0.5040637146800707,0.048695594211871064
1029,0.5623919148230834,0.10433413740645642,0.5037152395056517,0.05867667531743171
1030,0.547244631201317,0.0845141581361879,0.500994711900789,0.04624991930052793
1031,0.5160567915328046,0.07235128651324672,0.4787194187515078,0.03733737278129678
1032,0.506424401853903,0.08040067359115405,0.46570753882185195,0.04071686303205108
1033,0.5306463399826941,0.06832957321374915,0.49438750204423854,0.03625883793845552
1034,0.5111347212274523,0.06584810483620507,0.4774774685186426,0.03365725270880973
1035,0.5134876453535657,0.0612653984311305,0.4820286201715165,0.03145902518204924
1036,0.5001559393774685,0.05355656364162877,0.4733693059794605,0.026786633398008013
1037,0.5140591431198621,0.04883263615350461,0.4889562800225075,0.02510286309735458
1038,0.5141584231960481,0.047993024292815614,0.4894824055012444,0.02467601769480371
1039,0.5172462035745632,0.043219909748168875,0.4948908693384876,0.022355334236075605
1040,0.5086450160415478,0.04468506908128445,0.48591617836188017,0.0227288376796676
1041,0.5153397654640868,0.05324984286911315,0.4878980039289185,0.02744176153516824
1042,0.5175924497808483,0.056177751598323146,0.4885152697078922,0.02907718007295604
1043,0.515446549918044,0.05242547420648385,0.48842402011049446,0.027022529807549503
1044,0.5111370579313592,0.050679675010589315,0.48523279794952917,0.02590425998183005
1045,0.5405744737267446,0.04992489789111625,0.513586348323393,0.02698812540335163
1046,0.5325070887571003,0.045805590120948154,0.5081152873129932,0.024391801444107096
1047,0.5309904470873998,0.04374335871006044,0.5077631414888404,0.023227305598559497
1048,0.5484373268420693,0.056774023328394665,0.5173003332537752,0.03113699358829405
1049,0.540766116062776,0.05348336432991715,0.5118441248601163,0.028921991202659713
1050,0.5383516945878744,0.052845525560212256,0.5099022163511473,0.028449478236727097
1051,0.5425709749532155,0.048823617576492055,0.5160806971639953,0.026490277789220244
1052,0.5261844336254705,0.045148415547745915,0.5024280401613924,0.023756393464078072
1053,0.5177777926101929,0.04583586113794686,0.4940450016077994,0.02373279100239345
1054,0.5246848356336137,0.04201221940153199,0.5026416612023176,0.02204317443129613
1055,0.5122426040928951,0.04431519953198291,0.4895424708837359,0.022700133209159173
1056,0.5052955524099748,0.046714458934633704,0.481690944077066,0.02360460833290882
1057,0.543131116310766,0.042085232181242806,0.5202733171759699,0.02285779913479618
1058,0.5227458847405185,0.0428892103472046,0.5003257265317469,0.022420158208771673
1059,0.5247773737230983,0.047098826847749374,0.5000609750644974,0.02471639865860087
1060,0.5279571709477326,0.03952709010776077,0.5070885602786431,0.020868610669089488
1061,0.523175807378614,0.039206379515492586,0.5026639781212038,0.02051182925741019
1062,0.5150592294049395,0.04093204571598254,0.49397680148049783,0.021082427924441722
1063,0.5173654099110983,0.04086520875756064,0.4962231644311403,0.021142245479957963
1064,0.5161822193066258,0.04956978851935193,0.4905951758581466,0.02558704344847918
1065,0.526122614023545,0.05084960407581619,0.4993694874051143,0.026753126618430722
1066,0.5179350986358926,0.050862401956936996,0.49159167546146804,0.02634342317442458
1067,0.5059259664639281,0.04803097806008104,0.4816258474686738,0.024300118995254225
1068,0.5095341768114233,0.04647062182511124,0.4858558067738503,0.02367837003757302
1069,0.5442410789450438,0.03934108495563699,0.5228300444219193,0.021411034523124508
1070,0.5357900363050888,0.03705172412088699,0.5159380916931926,0.019851944611896176
1071,0.5320832800807493,0.03465733463260327,0.5136426917905776,0.018440588290171703
1072,0.530949255502992,0.035196001360771716,0.5122619647838079,0.018687290719184034
1073,0.5257023891664054,0.03853562754337302,0.5054441176988275,0.020258271467577936
1074,0.5205399805628427,0.03812157711301669,0.5006961755534081,0.019843805009434615
1075,0.5259990162832201,0.034928000381158814,0.5076269224419906,0.018372093841229474
1076,0.5171046157817706,0.03439880594159867,0.4993168344519885,0.01778778132978207
1077,0.5183584061066909,0.034359603835614316,0.5005478166280045,0.01781058947868638
1078,0.5151770631946664,0.03329867368284323,0.4980223502784617,0.017154712916204698
1079,0.517325100684406,0.03449211935578619,0.4994814615658553,0.017843639118550636
1080,0.5120579513103091,0.0345523171607139,0.4943651625719699,0.017692788738339193
1081,0.5376536117990071,0.03468959366360826,0.5190026264739281,0.01865098532507893
1082,0.5272870764727379,0.033715264567566634,0.5095094531864007,0.0177776232863371
1083,0.527250847760133,0.032791434733973085,0.5099615359973746,0.01728931176275838
1084,0.5433373558898542,0.03290577904310165,0.5254584169110796,0.017878938978774628
1085,0.5350838977082499,0.03410903078309237,0.5168327045697821,0.018251193138467743
1086,0.5420500347573299,0.03373552691929605,0.5237636912181687,0.018286343539161264
1087,0.5464300501299375,0.03614993944159141,0.5266766369086745,0.019753413221263
1088,0.5393746715151896,0.03660844621142532,0.5196290028652206,0.019745668649969017
1089,0.5363481027514561,0.03423254435086969,0.517987542536512,0.018360560214944033
1090,0.5415923567991511,0.03209326296073447,0.5242108908748719,0.017381465924279083
1091,0.5353299218009139,0.032536211801916286,0.517912314081296,0.017417607719617815
1092,0.5358093950008948,0.03324918818988815,0.5179941675925999,0.017815227408294866
1093,0.5556985723846326,0.03316583683770371,0.537268364201979,0.018430208182653608
1094,0.5457042598168087,0.030587207617498193,0.5290126903240387,0.016691569492769905
1095,0.5485540745996884,0.03150617342884929,0.5312712347902487,0.017282839809439714
1096,0.5411150692821588,0.032775843382688394,0.5233795665193541,0.017735502762804615
1097,0.5382817166468311,0.03444346347179067,0.5197414300019733,0.018540286644857903
1098,0.5319975732373142,0.03283454473841834,0.5145296751181236,0.01746789811919058
1099,0.5297150581688235,0.036165695135443605,0.510557544866436,0.019157513302387446
1100,0.5247512765970859,0.04062159181206725,0.5034350444362978,0.021316232160788023
1101,0.532196422159725,0.03946814638452216,0.5111916158646059,0.02100480629511898
1102,0.5224036063681525,0.04048064625037134,0.5012563707788451,0.02114723558930742
1103,0.5279732036268371,0.03924877373108009,0.5072509028216139,0.020722300805223203
1104,0.5255506212105043,0.04265201487770819,0.5031348282956452,0.022415792914859213
1105,0.5621069394775805,0.045086175994305804,0.5367636870766737,0.025343252400906794
1106,0.5427348459215646,0.04710252603916443,0.5171706637091822,0.02556418221238239
1107,0.5456343021738096,0.04641917880826941,0.5203064059372782,0.02532789623653137
1108,0.5454359574929837,0.046121822027055726,0.5202794573343356,0.025156500158648124
1109,0.5389703552068074,0.04368075345303166,0.5154277240025259,0.023542631204281447
1110,0.5277203993802092,0.04097128765169216,0.5060990150975367,0.02162138428267242
1111,0.5313655701240814,0.03933115760094014,0.5104663471418177,0.020899222982263654
1112,0.5293461549212962,0.03867265495003819,0.5088749337228955,0.02047122119840075
1113,0.5424398017919649,0.03783928915520618,0.521914265282666,0.020525536509298888
1114,0.531193073701367,0.03963519963879629,0.5101391301784676,0.021053943522899514
1115,0.5197922569118164,0.039588449376497484,0.4992144874627676,0.020577769449048818
1116,0.5270589958511325,0.03887607474670044,0.506569010932503,0.020489984918629505
1117,0.5541057152890038,0.03677135811429473,0.5337304955989344,0.020375219690069394
1118,0.5322050325206729,0.03638447175492139,0.5128410335470974,0.019363998973575443
1119,0.5316601137420788,0.033514908828737554,0.5138415735021368,0.017818540239942008
1120,0.5272958637042502,0.036252131788057654,0.508180264561946,0.019115599142304165
1121,0.5350200548944332,0.03576085090703396,0.5158872824790802,0.01913277241535295
1122,0.5283064139780795,0.03459780086942833,0.5100281738692242,0.018278240108855363
1123,0.5434719960264466,0.03159957659161614,0.5262985110626104,0.0171734849638362
1124,0.528370865299503,0.03237602795927157,0.5112643153917017,0.01710654990780122
1125,0.5387037148937797,0.03233523747673247,0.5212846023430913,0.017419112550688346
1126,0.5311841191411059,0.03507657418406023,0.5125519999806581,0.01863211916044769
1127,0.5276912228500578,0.03285869829836737,0.5103519761637312,0.017339246686326592
1128,0.5148731523762532,0.03425744937895893,0.4972349114221387,0.017638240954114502
1129,0.5347901676601517,0.031432478819647544,0.5179803870422183,0.01680978061793348
1130,0.514819154027122,0.034264885409727545,0.49717893470764973,0.01764021931947221
1131,0.5342191061283178,0.03311437271749895,0.5165287755351755,0.017690330593142244
1132,0.5238604144347376,0.03544767896838675,0.505290778639609,0.018569635795128617
1133,0.5062666034705161,0.03617126252565363,0.4879543012484131,0.018312302222103023
1134,0.505117936195962,0.03348539672120964,0.4882038617114416,0.016914074484520446
1135,0.5140184091088862,0.034142236686879164,0.4964686709236775,0.017549738185208677
1136,0.4951910895560979,0.03529153712983553,0.4777150348326652,0.017476054723432742
1137,0.49185349984665366,0.037044371871725434,0.4736330958919246,0.018220403954729087
1138,0.49698374567874415,0.037827745897250395,0.4781839708321449,0.018799774846599247
1139,0.49215237926567873,0.03438227572869014,0.47523106046123526,0.01692131880444345
1140,0.48640799086436176,0.034915006580276006,0.46942505266263373,0.016982938201728023
1141,0.5074841331611212,0.03301034512495559,0.49073190678003364,0.01675222638108753
1142,0.49250725474305546,0.03772947147810461,0.47392521632246776,0.018582038420587713
1143,0.49052208208057735,0.035945760483636215,0.4728898928061744,0.017632189274402976
1144,0.50209114432723,0.03358388518724194,0.4852289729826134,0.016862171344616615
1145,0.4863037422780272,0.03509538370149567,0.4692367258473066,0.017067016430720627
1146,0.4802934944311771,0.03599649592432855,0.4630046116164037,0.017288882814773383
1147,0.4905851599010109,0.03529794418042065,0.4732685123110823,0.01731664758992862
1148,0.46983515972544154,0.03765993966884785,0.45214119595587793,0.01769396376956362
1149,0.47798195376670966,0.03890680648776474,0.4593852023868646,0.018596751379845084
1150,0.48911432050778036,0.03729454319377415,0.47087302535490944,0.018241295152870908
1151,0.4799605041489008,0.0376623077435989,0.461884083936872,0.018076420212028776
1152,0.4816984726563513,0.042069981271089046,0.4614334269333864,0.0202650457229649
1153,0.5177515618987615,0.03790738129772207,0.49812495602437395,0.0196266058743875
1154,0.5231171513222928,0.051135588013620434,0.49636724818941724,0.0267499031328755
1155,0.5079917552377087,0.042518456222193475,0.48639273003139893,0.021599025206309738
1156,0.5065606276667675,0.036461722985209735,0.4880905543855678,0.018470073281199647
1157,0.5044421154171691,0.03735287514055923,0.485599752064352,0.018842363352817085
1158,0.5099989989872046,0.03427404522535617,0.49251927023103076,0.017479728756173825
1159,0.508389878213789,0.03578425169996459,0.49019752685007245,0.01819235136371657
1160,0.4682428463398167,0.03895661052126919,0.450001692145586,0.018241154194230738
1161,0.4963222648609608,0.036930348885258445,0.4779929104601239,0.018329354400836932
1162,0.5127195682290809,0.03611753962769027,0.4942013989056749,0.018518169323406077
1163,0.513695962272663,0.03529333544801592,0.4955659183578826,0.018130043914780423
1164,0.5022767021076578,0.03988379261662432,0.48224400228463404,0.020032699823023817
1165,0.5364047185941054,0.03673933100452238,0.5166975680852889,0.01970715050881652
1166,0.5122258994097382,0.038492827796170435,0.4925088760710206,0.01971702333871757
1167,0.5091482369990423,0.0477921974294405,0.48481492393553255,0.024333313063509793
1168,0.4944634184643623,0.04171896135582803,0.47383491821757695,0.020628500246785357
1169,0.48861936562517655,0.041952274106145736,0.4681206720648981,0.02049869356027845
1170,0.4802455787292863,0.052422259365458426,0.455070020442025,0.02517555828726133
1171,0.48750669007922426,0.04895282643841988,0.46364185969220745,0.023864830387016818
1172,0.4866265261138301,0.06278880818228676,0.45607182650925626,0.030554699604573837
1173,0.4987500905917326,0.08066590431952028,0.4585179635047078,0.040232127087024776
1174,0.47489157471807636,0.07309654824639904,0.4401786398148881,0.03471293490318828
1175,0.4548594044658206,0.08000302305686999,0.4184692770427074,0.0363901274231132
1176,0.44579576841378055,0.06916194689070151,0.41496366515464717,0.030832103259133364
1177,0.4868910007816822,0.06435857339847702,0.45555539057081634,0.031335610210865825
1178,0.4742789557165766,0.07021517044481021,0.44097737800255055,0.03330157771402602
1179,0.47691904650952693,0.06828112039399989,0.4443544796766183,0.03256456683290864
1180,0.468661417773793,0.06395916076465104,0.4386862268102097,0.029975190963583313
1181,0.4709664568185695,0.0630916884049334,0.4412523878757968,0.02971406894277271
1182,0.46670537983096505,0.06873856293234155,0.43462472270859187,0.03208065712237316
1183,0.46595855675384784,0.06906841326896697,0.4337755385897617,0.03218301816408616
1184,0.46072930079221025,0.07583549062031499,0.4257896682234783,0.03493963256873194
1185,0.48311431189655196,0.06837150540178805,0.45008305911103574,0.03303125278551622
1186,0.47109266225036556,0.06453831296126233,0.4406891365802972,0.03040352567006835
1187,0.44820621138527833,0.06304395240077719,0.41994952032897215,0.028256691056306165
1188,0.4419250730404822,0.056667010969614566,0.41688250007874944,0.02504257296173272
1189,0.45443475203273564,0.049764407321193256,0.43182007593167315,0.022614676101062513
1190,0.41904246336339734,0.05329721337334378,0.39670866778102676,0.022333795582370582
1191,0.40721288890469737,0.0524645215904025,0.3858486595028667,0.021364229401830668
1192,0.40174178183335124,0.05081676339392125,0.3813265647604735,0.02041521707287774
1193,0.3839949111248782,0.054433304656506754,0.3630927991410695,0.02090211198380873
1194,0.3920103809839772,0.05377569277563979,0.3709297511713214,0.021080629812655866
1195,0.40556994655853207,0.05412963795186119,0.38361659218716304,0.02195335437136903
1196,0.3962462509234812,0.057543972907756875,0.37344466739554016,0.022801583527941035
1197,0.3896472143259785,0.05893908178237133,0.3666817652945465,0.022965449031432016
1198,0.38051803137859175,0.059010981296918986,0.3580632889457692,0.02245474243282251
1199,0.3849211146977204,0.05773076509858762,0.3626993242436198,0.0222217904541006
1200,0.3859431627726547,0.06207623705409498,0.36198526351097227,0.02395789926168248
1201,0.41986728063436624,0.05751489166527592,0.39571865947488666,0.024148621159479577
1202,0.4036751546677657,0.05600014454375614,0.3810692876576477,0.022605867010117995
1203,0.403866365366755,0.059455347629229174,0.3798543502181213,0.0240120151486337
1204,0.41377839426087726,0.057123081978690385,0.3901420971245023,0.023636297136374964
1205,0.40815868061063976,0.06298242993389966,0.3824518551071672,0.025706825503472547
1206,0.40212245621162956,0.06272174643564199,0.37690063347704617,0.025221822734583378
1207,0.4040353018247971,0.059078308738377605,0.38016557952238816,0.02386972230240894
1208,0.394379270476023,0.057620890577455064,0.37165478568590754,0.022724484790115476
1209,0.4178877557725667,0.07265777829121746,0.38752495986302915,0.030362795909537582
1210,0.4063182311815743,0.0604468736261926,0.38175756440932357,0.02456066677225073
1211,0.4181092362335486,0.07821153897928777,0.3854082694062682,0.03270096682728043
1212,0.4124725145571605,0.07624177654376474,0.3810248772718487,0.03144763728531178
1213,0.44666439085920545,0.0668793351287608,0.41679177337284884,0.029872617486356605
1214,0.4403620155555661,0.05972165559330421,0.4140628669261833,0.02629914862938279
1215,0.4494906139366291,0.061036029042032126,0.42205549177027213,0.027435122166356945
1216,0.4330895157884281,0.06307650241017855,0.40577174390197623,0.027317771886451844
1217,0.4275956977212096,0.06543905814608313,0.3996142379950164,0.02798145972619322
1218,0.4416677731240427,0.061020864751016514,0.41471682367535784,0.026950949448684855
1219,0.45268225160029363,0.06150798168885424,0.42483867995799346,0.02784357164230017
1220,0.4372909697000678,0.059276308882777774,0.41136997510847717,0.025920994591590637
1221,0.43745774528384207,0.05818954349161814,0.4120022787889027,0.02545546649493934
1222,0.45327856650140586,0.05784122879515667,0.4270603772284574,0.026218189272948455
1223,0.45002177055452264,0.05642055056502207,0.42463129449359044,0.025390476060932206
1224,0.45378687298640624,0.06296755504846932,0.42521302308136194,0.02857384990504429
1225,0.47859871114039715,0.05229546991046924,0.45357016664276517,0.025028544497631998
1226,0.48865132810526407,0.053336243852422194,0.46258850171063176,0.02606282639463233
1227,0.4600885153051167,0.05443274021408539,0.435044636676029,0.025043878629087666
1228,0.4801324139234407,0.051425768800785296,0.45544123541125087,0.02469117851218981
1229,0.4794796839047827,0.05604576233252624,0.45260687949738043,0.026872804407402258
1230,0.4845480501949967,0.05911696096425284,0.45590304202631426,0.028645008168682446
1231,0.4667909599417397,0.0535942706992893,0.441773638874641,0.025017321067098704
1232,0.4578847413811548,0.05907444252829407,0.430835455541851,0.027049285839303824
1233,0.46087407320934526,0.058544442581896526,0.433892457492856,0.02698161571648929
1234,0.4650201414786032,0.055485498189603404,0.43921826726046304,0.025801874218140158
1235,0.4647593895934957,0.05745376583565881,0.4380572124538673,0.026702177139628427
1236,0.466380251918034,0.055375725253054724,0.4405541072243705,0.0258261446936635
1237,0.4952124563703776,0.0489951357115046,0.47094945486448336,0.0242630015058942
1238,0.48724451394801654,0.05044105862608544,0.46266738485472614,0.024577129093290406
1239,0.4796427447729837,0.05141028395181748,0.4549841750687755,0.02465856970420821
1240,0.4817545691639985,0.048001742363935666,0.4586295104523394,0.023125058711659083
1241,0.48577396757526997,0.05582680992304065,0.45865475662188404,0.02711921095338591
1242,0.48246579224741787,0.05495201428583805,0.4559533251394096,0.026512467108008277
1243,0.5071546246006289,0.06939827181265976,0.471958970111547,0.035195654489081865
1244,0.484138212992084,0.06238688544842772,0.45393433775694036,0.030203875235143646
1245,0.48316877805488107,0.057044145130772016,0.45560682815686065,0.027561949898020407
1246,0.49893362021587384,0.05996149767637439,0.4690168131066347,0.02991680710923918
1247,0.5091349201809009,0.059354257529235004,0.4789155950113572,0.0302193251695437
1248,0.5163698650098036,0.06003653286659617,0.4853688086378227,0.031001056371980907
1249,0.5284878352079391,0.052082958036805245,0.500962625463842,0.027525209744097136
1250,0.5112639898423007,0.056299531208558184,0.4824800668903621,0.028783922951938583
1251,0.504312467818752,0.06047910687354239,0.47381210017988185,0.03050036763887021
1252,0.5077248095865804,0.05957127609301184,0.4774789947754263,0.030245814811154046
1253,0.4968913300714749,0.055816784713066656,0.46915645367508607,0.027734876396388858
1254,0.4964522148481899,0.05688723682970569,0.468210420127489,0.02824179472070091
1255,0.5189313621226488,0.056679198305127194,0.4895187485421494,0.029412613580499382
1256,0.5094615352291717,0.058747943620299635,0.47953171768081704,0.029929817548354675
1257,0.5248875853370026,0.05865082920869608,0.4941024932156372,0.03078509212136543
1258,0.5257669162151475,0.05568248007221129,0.4964909103803695,0.029276005834777935
1259,0.5185982423319111,0.060258656931277806,0.4873482087620688,0.0312500335698423
1260,0.5088333050365875,0.06008567597849543,0.4782597119430922,0.030573593093495326
1261,0.5374128555692714,0.05339454871289511,0.5087179386736419,0.02869491689562953
1262,0.5182427154087573,0.050848191383967796,0.49189101063230567,0.02635170477645165
1263,0.4918231837634833,0.05800692067587448,0.4632940353563589,0.02852914840712441
1264,0.4969061487713983,0.05517901646234708,0.46948735620809984,0.027418792563298475
1265,0.4970770388728212,0.05400577565499124,0.47023200782820823,0.02684503104461294
1266,0.4964831830710875,0.05683911499297825,0.4682635183364301,0.028219664734657417
1267,0.5165700091903159,0.054903865029880206,0.4882083191272468,0.028361690063069083
1268,0.5167335509660254,0.055267370279146244,0.48817504646912796,0.02855850449689741
1269,0.5164226412258388,0.05871398404938556,0.48610141050616335,0.030321230719675463
1270,0.5168330727971222,0.05067348402103585,0.4906433403411944,0.02618973245592783
1271,0.5024506923449829,0.05296174819954805,0.4758400252943193,0.026610667050663565
1272,0.4972800039610124,0.05096405227217314,0.4719365998452369,0.025343404115775504
1273,0.5079552861580935,0.05038555788356049,0.48236167568511434,0.025593610472979155
1274,0.5111717674134263,0.04790691228079901,0.4866831063915303,0.024488661021896008
1275,0.5015111928592499,0.05144459601748805,0.4757111521443573,0.02580004071489265
1276,0.5086944949530721,0.052572016353574516,0.4819513996454258,0.026743095307646233
1277,0.5043713851473344,0.06244242204457893,0.4728772142487557,0.03149417089857872
1278,0.5034752678733931,0.061140230616109105,0.4726926738861066,0.030782593987286565
1279,0.5090841132221269,0.06551133352230708,0.4757333340899242,0.03335077913220269
1280,0.4963832751434323,0.06529893062404625,0.46396997809690443,0.032413297046527845
1281,0.48726836623178343,0.062454758159913734,0.45683613825980113,0.03043222797198231
1282,0.47270501284163224,0.06466481085125292,0.44213763259778904,0.03056738024384323
1283,0.4834531795035449,0.06487602564439422,0.452088658632209,0.0313645208713359
1284,0.49205602306203683,0.06089466914053263,0.4620924343390678,0.029963588722969028
1285,0.5168711239965147,0.052543084282600086,0.4897131209651236,0.027158003031391112
1286,0.4824133049749092,0.05494938427848852,0.4559049908987872,0.026508314076121964
1287,0.47628450319148263,0.05752882662763726,0.4488844145819495,0.02740008860953315
1288,0.5039225941760133,0.05537202588661675,0.476019379246448,0.027903214929565275
1289,0.49157503479521963,0.05733058007679121,0.4633927528991409,0.028182281896078767
1290,0.4736243149927081,0.061430313426696706,0.4445294248762015,0.029094890116506584
1291,0.48293883799363846,0.057031007153033955,0.45539634966954534,0.0275424883240931
1292,0.4648867318892536,0.054680722120886115,0.43946638968513047,0.02542034220412316
1293,0.4759359415335163,0.05946284162959475,0.44763543801627675,0.028300503517239544
1294,0.4729764701234274,0.060216625165061106,0.44449542331011127,0.028481046813316153
1295,0.4762796436315199,0.05993729943434392,0.4477327280166949,0.028546915614825023
1296,0.4594286465337142,0.0602323803664484,0.43175616554445295,0.02767248098926125
1297,0.47654970416499265,0.05800344993190762,0.44890817725939314,0.02764152690559954
1298,0.459228822351001,0.05629470349745108,0.43337667195926777,0.025852150391733237
1299,0.44970193930345453,0.06391047050615022,0.4209612767750425,0.028740662528411988
1300,0.4720430074842199,0.06111031322170869,0.44319631144274185,0.02884669604147806
1301,0.47909741613003587,0.06448252726967205,0.4482040039296014,0.030893412200434456
1302,0.478362174128051,0.06487007381016077,0.44733078458437536,0.03103138954367565
1303,0.46941931490865685,0.06276653674608834,0.43995549023011904,0.029463824678537826
1304,0.45431637114999746,0.06384563886378904,0.42531025218764756,0.02900611896234988
1305,0.47613372654348296,0.06509583344054538,0.4451394047849822,0.030994321758500747
1306,0.47900048429467945,0.06029277911270714,0.4501202139002206,0.028880270394458854
1307,0.47224800229008573,0.05833531993039576,0.4446992639900033,0.02754873830008242
1308,0.48890632558158914,0.057677361152787966,0.46070749887113727,0.028198826710451853
1309,0.4993666665841791,0.05252506553272008,0.47313739969698915,0.026229266887189986
1310,0.47796432335394784,0.051831572963133066,0.45319068065425316,0.024773642699694672
1311,0.4616313413650707,0.051518483276073106,0.43784879482524314,0.02378254653982759
1312,0.4620596839652396,0.051675310722215144,0.4381826062241273,0.023877077741112286
1313,0.4655628151547205,0.06119690905696202,0.43707180989539385,0.028491005259326647
1314,0.465902914523369,0.0644976638502167,0.4358532649556045,0.030049649567764496
1315,0.4606899170348915,0.05733035280910879,0.4342784015556821,0.026411515479209384
1316,0.47968791451382026,0.06565125192627917,0.44819580239208195,0.03149211212173828
1317,0.4892631439461181,0.06406731343177804,0.457917368752305,0.03134577519381308
1318,0.49100395114372214,0.05357324662702292,0.4646992753742568,0.026304675769465338
1319,0.47971126455110924,0.058925056913988055,0.45144425098515395,0.028267013565955294
1320,0.48283850033730424,0.05717565730978756,0.4552318917060468,0.027606608631257454
1321,0.5070787863366496,0.0466676446229423,0.48341461374005795,0.023664172596591655
1322,0.4738950024234685,0.057017748754460015,0.44687457623929294,0.027020426184175547
1323,0.49113653241673016,0.056194611180038066,0.46353730594125986,0.027599226475470313
1324,0.48366770241953577,0.058669236856245685,0.4552912874265679,0.028376414992967898
1325,0.48385700735771,0.05877578564918757,0.45541793160839583,0.028439075749314133
1326,0.5021347741057658,0.06151091145201327,0.47124800647876935,0.030886767626996443
1327,0.5191112187549742,0.06057891662298984,0.487664023515958,0.03144719523901622
1328,0.5009889764888941,0.060916559602735655,0.47047045164229484,0.030518524846599247
1329,0.4902739293823312,0.06189963461844782,0.45992615229061423,0.03034777709171699
1330,0.4772023609719016,0.06423411116470407,0.4465496914691732,0.030652669502728366
1331,0.46471607738393333,0.06505555480066212,0.4344837151449341,0.03023236223899921
1332,0.4624532633889425,0.06455859965361474,0.4325979282993081,0.029855335089634387
1333,0.4852405223962665,0.05800676346219497,0.45709329019135436,0.028147232204912154
1334,0.47205349315891654,0.06094373771907925,0.44328478888246436,0.028768704276452183
1335,0.4641163892775041,0.06070271680587207,0.43594326353422785,0.02817312574327621
1336,0.46434692075782896,0.060679579799246354,0.43617054472517,0.028176376032659007
1337,0.4533825059329136,0.0637831114201841,0.4244643590410323,0.02891814689188131
1338,0.4679888382630299,0.05836935657920281,0.44067263088736824,0.027316207375661664
1339,0.4666637247745483,0.05905683610379922,0.4391040416649494,0.027559683109598967
1340,0.45657378751336714,0.06006382024097785,0.4291502216134218,0.027423565899945303
1341,0.4619518849560484,0.05851219806363736,0.43492206476762946,0.027029820188418922
1342,0.4617004162166353,0.05199719020752685,0.43769329185572464,0.024007124360910702
1343,0.4567031784369434,0.05334876062692687,0.43233862989295424,0.024364548543989163
1344,0.46413342514840766,0.04868951455652224,0.44153499398847573,0.02259843115993192
1345,0.5029374986037721,0.04418790433147725,0.48071374453075616,0.022223754073015956
1346,0.4765697123114687,0.04360908413177645,0.4557869436326214,0.02078276867884734
1347,0.4618292274315394,0.04669809328730391,0.4402626830861379,0.021566544345401523
1348,0.4808252149703751,0.043521471970211174,0.4598989938544712,0.020926221115903944
1349,0.4942785991337214,0.04935473149322811,0.46988361159062764,0.024394987543093754
1350,0.47758828213437016,0.054294499587966207,0.45165786534680813,0.025930416787562048
1351,0.4736533159534516,0.06463531218176369,0.4430385860108727,0.030614729942578894
1352,0.4642243096412415,0.06608423652663539,0.4335464005614957,0.030677909079745828
1353,0.47577190236898065,0.056255434244129,0.4490071474000583,0.026764754968922354
1354,0.48924209105757305,0.06273859042577895,0.45854773188766035,0.030694359169912724
1355,0.4877318313878929,0.05437335054740227,0.4612122175467125,0.026519613841180397
1356,0.4786132031632505,0.053029715468603314,0.4532324811799865,0.025380721983264007
1357,0.4938160595337292,0.05491668620175323,0.4666973179509291,0.027118741582800098
1358,0.47958485822072205,0.055802540569597554,0.4528228047132955,0.026762053507426532
1359,0.492854567464098,0.05026594287218605,0.4680807679316517,0.024773799532446315
1360,0.4722581533072846,0.05424819877490739,0.44663899913360033,0.025619154173684263
1361,0.48654476880137676,0.06049734281008353,0.457110103130747,0.029434665670629724
1362,0.5087706332637814,0.05678811261805626,0.47987850924523795,0.028892124018543415
1363,0.5105627216483969,0.05148975055996964,0.48427397446550174,0.02628874718289517
1364,0.49351880022825634,0.052870247306911776,0.46742633920957805,0.0260924610186783
1365,0.5050739015842117,0.049712858808466445,0.47996523402691454,0.025108667557297196
1366,0.49864414755242753,0.05000570795200589,0.4737090939379439,0.024935053614483622
1367,0.48561624700105244,0.05211777866759302,0.4603070069224644,0.025309240078588032
1368,0.48150740022694505,0.05500818492347063,0.45502055211324166,0.026486848113703377
1369,0.5088346642248538,0.0496781643359529,0.4835566921556621,0.0252779720691917
1370,0.497669624225174,0.04679764554042756,0.47437985755444656,0.023289766670727477
1371,0.5044999668382004,0.05091072685106357,0.4788155068301302,0.025684460008070252
1372,0.5217511783045876,0.047731306501861324,0.49684731289522405,0.02490386540936357
1373,0.51137850550901,0.04868206778475649,0.4864835424401529,0.024894963068857096
1374,0.5234735109857207,0.04786668512508602,0.49841656926404393,0.02505694172167675
1375,0.524596502015076,0.050471133108054324,0.4981195221338534,0.02647697988122259
1376,0.5222758064122189,0.04956636373301285,0.4963884938226383,0.025887312589580647
1377,0.5264545936540572,0.046894106470740014,0.5017669758872337,0.02468761776682353
1378,0.5198759094023438,0.04872159384364929,0.49454672649534503,0.02532918290699881
1379,0.5137884803243348,0.044696836141124754,0.4908237608080805,0.02296471951625429
1380,0.5192085686085995,0.046584239685703466,0.4950216322016655,0.024186936406934013
1381,0.536107785098265,0.042251922892698995,0.5134562003001174,0.022651584798147533
1382,0.5234840024722505,0.046669488227261934,0.4990532719817118,0.02443073049053865
1383,0.5190819210437642,0.046345601407882214,0.4950247572330321,0.02405716381073208
1384,0.5219217639353477,0.04316306621306297,0.4993940202805677,0.022527743654780035
1385,0.5161127756205147,0.04961258581493417,0.49050708624985806,0.02560568937065665
1386,0.5231507267161989,0.0587936398620041,0.492392791296101,0.030757935420097925
1387,0.5354587394348576,0.057100425777815864,0.5048838174266747,0.030574922008182927
1388,0.5270246231084138,0.05678675760308097,0.4970966035851012,0.0299280195233126
1389,0.5083335920842419,0.06075785422445793,0.4774483337989925,0.03088525828524943
1390,0.5128843842708974,0.06221741226977803,0.48097404508798375,0.03191033918291369
1391,0.48947003202169487,0.05787437433247085,0.46114226016394483,0.028327771857750064
1392,0.49086977925004655,0.049946792571879305,0.4663524082060403,0.02451737104400626
1393,0.5161323422411579,0.043087381614583954,0.4938935510473841,0.02223879119377382
1394,0.49245983035792645,0.04714689802809351,0.46924187695310904,0.023217953404817387
1395,0.5001899741664259,0.04754972593346057,0.47640607798014756,0.02378389618627827
1396,0.516167644790439,0.04446720091599859,0.49321511442320476,0.022952530367234242
1397,0.5129695010831509,0.047855901613700694,0.48842088310848647,0.0245486179746644
1398,0.499901646781088,0.04743033509668226,0.4761911441588777,0.0237105026222103
1399,0.5050226207441754,0.04671360028426446,0.4814311959042203,0.02359142483995509
1400,0.4942598222284383,0.0501745339472075,0.46946056599929675,0.02479925622914152
1401,0.5451180603679462,0.04399822510000279,0.5211338332418004,0.023984227126145806
1402,0.5355609124160586,0.046184766732049944,0.5108261566053192,0.024734755810739497
1403,0.5968176107151234,0.039220134879749645,0.5734103435242663,0.023407267190857055
1404,0.6537676005486137,0.036088470909625865,0.6301741275145591,0.023593473034054548
1405,0.6509120991038426,0.035899104098708855,0.6275449378990047,0.023367161204837943
1406,0.650194859905661,0.037904099000290035,0.6255498095663171,0.02464505033934388
1407,0.6541304631328893,0.03993286092253838,0.628009162323408,0.026121300809481284
1408,0.6492553199973272,0.03726513829744769,0.6250607307072732,0.024194589290054053
1409,0.6598162941055612,0.04540883439411416,0.6298548052759837,0.02996148882957755
1410,0.6433630757845223,0.038981564906100406,0.6182837762876396,0.025079299496882753
1411,0.6587313240020196,0.043861303589194406,0.6298385094162551,0.028892814585764565
1412,0.6569699155039818,0.045994994210873004,0.6267525880436584,0.03021732746032337
1413,0.6580565585480367,0.04602509747936811,0.6277694412939258,0.030287117254110894
1414,0.6478229155579656,0.04242618111121004,0.6203382632145111,0.027484652343454378
1415,0.6356694345387367,0.04369309055192382,0.6078950723743455,0.027774362164391234
1416,0.6250966360390715,0.038163069001243555,0.6012410299854672,0.023855606053604313
1417,0.6380688839507144,0.04788102725919017,0.6075174903250292,0.0305513936256852
1418,0.6304295528112002,0.048788997665872594,0.5996715268305974,0.030758025980602746
1419,0.6234117538566645,0.04925381376574362,0.5927063474328327,0.030705406423831755
1420,0.6154234851116476,0.04096805612972606,0.590210781230042,0.025212703881605607
1421,0.6001357751095397,0.04989306163143209,0.5701931638947723,0.029942611214767535
1422,0.6070282043218421,0.05584587871651034,0.5731281808457834,0.03390002347605865
1423,0.6158139004692835,0.05670786902391002,0.5808924064583683,0.034921494010915294
1424,0.6198460717284611,0.06639201447977947,0.5786932423590306,0.04115282936943041
1425,0.6245306810267379,0.06481737048487088,0.5840502444954592,0.04048043653127879
1426,0.6229361434438869,0.06016345509301339,0.5854581527519856,0.03747799069190124
1427,0.6041124316515929,0.05504471414433419,0.5708592355402924,0.03325319611130056
1428,0.5739066420680001,0.06225069361012903,0.5381805555318071,0.035726086536193066
1429,0.5660130865994591,0.0614927378656638,0.5312073922366634,0.034805694362795805
1430,0.5150927091204579,0.0657928470730579,0.48120329328084854,0.03388941583960938
1431,0.5059965442382001,0.05312785432106312,0.4791140335489516,0.026882510689248466
1432,0.5140691150111583,0.05033653684332641,0.4881926560633829,0.02587645894777537
1433,0.4971689454675979,0.04936681889482141,0.4726252961765696,0.024543649291028247
1434,0.47437186342130166,0.05144450132923434,0.44996803946297315,0.024403823958328522
1435,0.4598771732834858,0.05143989162215336,0.43622114133028106,0.02365603195320475
1436,0.45613168266575393,0.05324589579524468,0.4318445426216236,0.024287140044130347
1437,0.4579946476569587,0.05797652342388443,0.4314417102390613,0.02655293741789736
1438,0.472430558041825,0.05214767077214138,0.44779440483836086,0.024636153203464118
1439,0.42722419398194483,0.05958595305766264,0.4017676332142389,0.025456560767705923
1440,0.44090770852238387,0.05643061569604839,0.4160270150653319,0.024880693457051965
1441,0.41676073349959014,0.05779392087469611,0.39267449664403453,0.024086236855555627
1442,0.4359656709268752,0.05148231544555017,0.4135211487327869,0.02244452219408831
1443,0.4463217996020301,0.056937723732287136,0.4209092522805925,0.025412547321437613
1444,0.5260090708413373,0.058038657620457144,0.49548021047352214,0.03052886036781516
1445,0.49817458942656795,0.060979597853780355,0.4677961033023637,0.030378486124204254
1446,0.5851521082101074,0.06016048236766144,0.5499490751217333,0.03520303308837409
1447,0.5621475559507365,0.06394068755747856,0.5262034547144903,0.03594410123624624
1448,0.5910571471302505,0.06254280103559616,0.5540907775766162,0.03696636955363434
1449,0.5626223435120306,0.06624477029696724,0.5253515556021346,0.03727078790989586
1450,0.5959371355997956,0.0529611920049941,0.5643755945383886,0.031561541061406975
1451,0.5582186816986427,0.05633968982444995,0.5267688143175279,0.03144986738111489
1452,0.5535880288522521,0.0540168908092059,0.5236849247444565,0.02990310410779563
1453,0.6169309151125272,0.04461806853135316,0.589404649262926,0.027526265849601154
1454,0.5779188086504526,0.04822828568047911,0.5500467752467365,0.027872033403716173
1455,0.5647596112411987,0.049594915275872724,0.5367504061704566,0.028009205070742064
1456,0.5572948856126309,0.048259206125202354,0.5304002768553299,0.02689460875730102
1457,0.5863803474611015,0.04920915014053594,0.5575250689034285,0.028855278557672972
1458,0.5514298002696879,0.052797731084337864,0.5223155579631588,0.02911424230652912
1459,0.5709806632982526,0.05746620576842993,0.5381685710113606,0.03281209228689199
1460,0.5133044271395896,0.06266911821634195,0.4811360913142069,0.03216833582538262
1461,0.5609272949587758,0.06577373880444748,0.524033009571872,0.036894285386903786
1462,0.5374572633527571,0.05700672195950004,0.5068185865756927,0.030638676777064413
1463,0.5858400642700339,0.05709579695595056,0.552391058911811,0.03344900535822288
1464,0.5286399360864622,0.0634731782764716,0.49508547917918366,0.03355445690727857
1465,0.5652663176504598,0.05692265479523174,0.5330898581834709,0.03217645946698893
1466,0.5662383685197928,0.06028123480874597,0.5321048204693299,0.03413354805046286
1467,0.4914876787790664,0.06835589192702107,0.4578916001249821,0.03359607865408431
1468,0.5182989273723738,0.0626367629355861,0.4858343603287819,0.032464567043591935
1469,0.5559203521116506,0.05882767114865869,0.5232168524527798,0.032703499658870726
1470,0.5543292919133946,0.06089885697865066,0.5205712716460841,0.033758020267310514
1471,0.5021366155894409,0.06862329886655681,0.4676783445460053,0.03445827104343555
1472,0.5331811956523164,0.06061235185692847,0.5008638294179404,0.03231736623437602
1473,0.5168021787401552,0.060623040172381945,0.4854720594972163,0.03133011924293894
1474,0.5501811467378466,0.05510822799863,0.5198616386628696,0.030319508074976957
1475,0.5588132985035458,0.056806645105271926,0.5270689897753484,0.03174430872819731
1476,0.5660100931584047,0.05651581359320788,0.5340215722415901,0.031988520916814624
1477,0.5088267642954525,0.05964704824984089,0.4784767497347112,0.030350014560741274
1478,0.5390029570752867,0.05737626437096312,0.5080769809134041,0.030925976161882533
1479,0.5642426790416016,0.05630478541409834,0.5324731160766882,0.031769562964913345
1480,0.538441824323091,0.06042767903671095,0.5059050345829541,0.032536789740136844
1481,0.5216217326456871,0.0542695907378114,0.4933135346950576,0.028308197950629516
1482,0.5531738948830119,0.053612425338804004,0.5235169007442211,0.02965699413879089
1483,0.5699594436264036,0.0498534799263875,0.5415449819447197,0.0284144616816839
1484,0.5647103070316445,0.04649550376669166,0.5384538168239651,0.02625649020767943
1485,0.56124110133396,0.05625050192504142,0.5296710076829617,0.031570093650998284
1486,0.539878110720031,0.06817110373543012,0.5030740240296477,0.03680408669038326
1487,0.5455505687513368,0.0508403660612196,0.5178145781311123,0.027735990620224513
1488,0.4981881305641207,0.05793059696951669,0.46932779475741365,0.028860335806707035
1489,0.5598819242575865,0.05118150947785779,0.5312263222447157,0.028655602012870922
1490,0.5592346198020464,0.04711892014604957,0.5328840884086874,0.026350531393359015
1491,0.4155192884624912,0.05658389493239696,0.39200758870174524,0.023511699760745946
1492,0.4101115761733455,0.05710742308441889,0.38669116088099637,0.023420415292349128
1493,0.42028501065369045,0.058060875996103156,0.39588289476710564,0.024402115886584815
1494,0.43835741081204543,0.07227557432447454,0.4066748771862152,0.031682533625830206
1495,0.4473770445210209,0.07402946875320465,0.4142579595827509,0.03311908493826996
1496,0.4413099099307009,0.07393405067478898,0.4086820806865979,0.032627829244103
1497,0.448846298758442,0.08840068811596023,0.4091679770898939,0.03967832166854814
1498,0.44772418410148146,0.08655217330223418,0.40897268292752864,0.038751501173952825
1499,0.45266339619189094,0.07571065688582872,0.41839195311803273,0.0342714430738582
1500,0.45517565449999076,0.08169213317541228,0.41799138431437205,0.03718427018561869
1501,0.46886524266631735,0.07323796624407876,0.4345265058508998,0.03433873681541755
1502,0.4611866946645143,0.06604518340567694,0.4307275348311385,0.030459159833375778
1503,0.4630163582854093,0.06216980565351682,0.43423072127640633,0.02878563700900301
1504,0.454555449581568,0.06994030755934773,0.42276370163505556,0.03179174794651245
1505,0.48555534245924703,0.07202354212716866,0.4505839267965617,0.034971415662685384
1506,0.47539011151152843,0.0718000617985459,0.44125707212658305,0.034133039384945364
1507,0.4863164585689896,0.06938267171596689,0.45257452337402576,0.03374193519496382
1508,0.4811749994553879,0.08425360422703354,0.4406342714873306,0.04054072796805733
1509,0.47564756713305045,0.08973432813952681,0.4329656522651657,0.04268191486788476
1510,0.476873985024926,0.09602776606749182,0.4310808415472798,0.04579314347764619
1511,0.47218843334223887,0.09619270297274106,0.42676735162658497,0.04542108171565393
1512,0.4694897067042676,0.10117513514057812,0.4219890221813529,0.04750068452291466
1513,0.49313019495304766,0.09734519712593546,0.44512633891659226,0.04800385603645541
1514,0.481070506164854,0.08783553764440973,0.4388154196109957,0.04225508655385827
1515,0.47427855582775735,0.10080857579303922,0.4264672100855817,0.04781134574217566
1516,0.48392308052756117,0.10361095259153358,0.43378334917307115,0.05013973135449003
1517,0.48405967855797943,0.08998628173272392,0.4405009479478093,0.04355873061017012
1518,0.47982142836919167,0.09455806966599435,0.4344504403182207,0.045370988050970944
1519,0.4782301481019695,0.09160252311797074,0.4344230599047483,0.04380708819722123
1520,0.47404314518337587,0.08698180045969758,0.432810018919748,0.04123312626362785
1521,0.4770907814086093,0.07509575301832108,0.4412632899206305,0.03582749148797874
1522,0.48578046884798576,0.08130624477655302,0.44628348314016275,0.039496985707823014
1523,0.466626412718893,0.08901291779550413,0.42509063420233517,0.041535778516557806
1524,0.4620663815391263,0.08701111591977441,0.4218614700523947,0.04020491148673163
1525,0.4747304110230563,0.09166025518878201,0.43121650040280757,0.043513910620248716
1526,0.47592932185554276,0.08547718456765545,0.43524822337013747,0.040681098485405326
1527,0.4680468052267743,0.0864921783329332,0.4275644174809405,0.04048238774583381
1528,0.458830595455874,0.06625648445579764,0.42843009324020753,0.030400502215666494
1529,0.45888230663179586,0.06947636112301873,0.4270008337832814,0.03188147284851446
1530,0.4642219548078848,0.07859917975546486,0.42773448993550656,0.03648746487237822
1531,0.4637695712562307,0.0794261648252349,0.4269341328487048,0.0368354384075259
1532,0.45174434915426787,0.07147914864229292,0.41945404767275407,0.03229030148151379
1533,0.4624874073883171,0.08588026389574359,0.4227688667933502,0.03971854059496695
1534,0.4747967619464864,0.07608168639653999,0.4386734236019812,0.03612333834450523
1535,0.48186528224368674,0.0677162933690626,0.4492351514269071,0.032630130816779644
1536,0.47586231896587294,0.07217249454386278,0.4415181483466786,0.034344170619194356
1537,0.502572880498906,0.06458885107874995,0.4701122755641438,0.03246060493476224
1538,0.5012414734890582,0.06480106604696188,0.46876049166001726,0.03248098182904095
1539,0.5053512652498894,0.06559385610317492,0.47220332707553075,0.03314793817435863
1540,0.4991727220682646,0.06180488236598918,0.46832141070052485,0.030851311367739703
1541,0.47922597734937017,0.0659348059866341,0.44762830550908433,0.031597671840285835
1542,0.4735462784678925,0.06870412172185773,0.4410116973111017,0.03253458115679082
1543,0.4861642898568315,0.06587375166683379,0.45413882415752,0.03202546569931152
1544,0.4703695504983751,0.06793609013328715,0.4384144823197637,0.03195506817861137
1545,0.4554322959444072,0.07360131118585676,0.4219118818065137,0.03352041413789353
1546,0.45790597530396576,0.07026180177997456,0.4257326764332926,0.03217329887067317
1547,0.4499278206232981,0.06948339086512709,0.4186653100018347,0.03126251062146341
1548,0.45029478401970524,0.07183372689035078,0.41794843148428423,0.032346352535420994
1549,0.45399595706748114,0.07237344866539314,0.42113870397436176,0.03285725309311937
1550,0.46187250928077933,0.0658923395918382,0.4314386490511158,0.03043386022966355
1551,0.4573619734071111,0.06963914766386894,0.42551167540517476,0.03185029800193631
1552,0.47109215410531075,0.06565302186787547,0.4401635306100502,0.03092862349526053
1553,0.45485733415205765,0.06959005288085136,0.4232037882151729,0.03165354593688477
1554,0.46506637903535386,0.06451824259489077,0.43506111357002347,0.030005265465330378
1555,0.47924194193460845,0.06569574012430907,0.4477577878606032,0.031484154074005254
1556,0.4567812000418291,0.06322011127425384,0.42790344174719747,0.028877758294631635
1557,0.4425452109927079,0.06892623174145253,0.4120422372237545,0.03050297376895339
1558,0.44674550852303563,0.06937463600049014,0.4157527014843962,0.03099280703863946
1559,0.44919124467548643,0.0732364056182636,0.41629409248025984,0.03289715219522661
1560,0.4636665759440088,0.07544366576430801,0.42868586976240786,0.034980706181600936
1561,0.5335165646224884,0.06695907844741296,0.49779278711893693,0.03572377750355147
1562,0.5340794035380647,0.05862965706607613,0.5027665112625734,0.03131289227549122
1563,0.5166390397158097,0.06512763962659633,0.4829915585201677,0.033647481195642044
1564,0.5092019974967328,0.06272225422027869,0.477263700360269,0.03193829713646379
1565,0.5079028901400399,0.05793637578879525,0.47847683743267133,0.02942605270736854
1566,0.5173436630723246,0.04906172686181988,0.49196188958097686,0.02538177349134776
1567,0.5042003710023082,0.05531461192735825,0.47631072314668543,0.027889647855622732
1568,0.5026821533716388,0.06644492877794417,0.46928147349291666,0.033400679878722146
1569,0.5039826863623325,0.06734750966233502,0.47004070752289573,0.03394197883943675
1570,0.5028395531673632,0.061880012711269756,0.47172383522563754,0.031115717941725636
1571,0.5020683710493247,0.07286627268050326,0.4654845202201885,0.03658385082913618
1572,0.5188031129206859,0.07171558669495398,0.48159684329841046,0.037206269622275454
1573,0.531283125714158,0.06600480397046078,0.49621588714858134,0.035067238565576676
1574,0.5240458210207595,0.06316268255383913,0.49094568118395926,0.03310013983680023
1575,0.5028458792176463,0.05838970137087107,0.47348485849455485,0.029361020723091474
1576,0.48592594631855296,0.057213252459630784,0.4581245424751446,0.027801403843408366
1577,0.4724546384617295,0.05695418394973585,0.44554637007487424,0.02690826838685529
1578,0.4819880799461419,0.06022266796789152,0.45296147184306385,0.029026608103078055
1579,0.4953132561108202,0.05909810895264755,0.46604117933549233,0.029272076775327872
1580,0.49715573239501565,0.06209660553574325,0.46628404899064885,0.030871683404366818
1581,0.4904724779977806,0.05775679896077011,0.46214435769027207,0.028328120307508555
1582,0.4873426790196728,0.06711169664910425,0.4546362849811427,0.03270639403853007
1583,0.49359975871725287,0.06951844423487935,0.4592854714165176,0.03431428730073525
1584,0.4840927798971357,0.060909151313966875,0.45460709951638223,0.029485680380753502
1585,0.5186586548630044,0.055712325364362957,0.4897629751302339,0.028895679732770536
1586,0.49939398697095677,0.061878480139029864,0.4684922460666235,0.030901740904333286
1587,0.5056876053166625,0.06535612387886064,0.4726378235395823,0.03304978177708018
1588,0.5025727296514751,0.06110735031572531,0.4718618418015321,0.030710887849943
1589,0.49495556813991115,0.06173672810403013,0.4643986308060817,0.030556937333829453
1590,0.49886178795307623,0.06144755588562711,0.4682079503586257,0.030653837594450513
1591,0.4869421975669972,0.058928203668527725,0.4582475685739687,0.028694628993028475
1592,0.485128600542024,0.06063248869049714,0.455714046156223,0.029414554385800974
1593,0.4919055660648612,0.06344724333485982,0.460695513916972,0.03121005214788921
1594,0.4869499443068856,0.06704327049655216,0.45430322747243806,0.032646716834447545
1595,0.5046460592354138,0.07136992220180328,0.46862950924833574,0.036016549987078095
1596,0.4908372598749006,0.07178223243950392,0.45560386559659133,0.03523339427830931
1597,0.5256962913390038,0.06649250982566268,0.49074142552183064,0.034954865817173136
1598,0.5181153153416429,0.06504462894917798,0.4844146969023594,0.03370061843928351
1599,0.5120046430079362,0.06590674535633308,0.47826008337995196,0.033744559627984276
1600,0.5156256692282516,0.060498080816178273,0.48443130582038485,0.03119436340786677
1601,0.5153250548469115,0.05967440119652439,0.484573340777356,0.03075171406955553
1602,0.5061944512099195,0.060693100741990746,0.4754719403875991,0.030722510822320363
1603,0.5152723390045463,0.06232456795607671,0.48315821309637086,0.03211412590817544
1604,0.5227365331539829,0.0681067046614614,0.4871346704747084,0.035601862679274544
1605,0.5255977147548619,0.06643141689044858,0.49068151384931463,0.03491620090554731
1606,0.5213597923708133,0.07142356760128257,0.4841224159958259,0.03723737637498743
1607,0.523288648456678,0.06808885603680791,0.4876585230062155,0.03563012545046253
1608,0.5274273374326935,0.07129136198600779,0.4898263241984631,0.03760101323423043
1609,0.5393390857474715,0.06538883591662414,0.504072330766108,0.035266754981363495
1610,0.52785405211237,0.07053216948264837,0.4906233606466776,0.03723069146569239
1611,0.5249808572788539,0.06764154201449236,0.48947034256442207,0.03551051471443182
1612,0.5212383018103574,0.06514196182341146,0.4872838162529272,0.03395448555743012
1613,0.5274647243482298,0.06601845383075625,0.4926423187964936,0.03482240555173618
1614,0.5255205204253923,0.06151386874118172,0.49319372011114726,0.03232680031424509
1615,0.5333765540918215,0.0603542855754115,0.5011849932269348,0.03219156086488671
1616,0.5251680650126939,0.06407586953018947,0.49151746459751844,0.03365060041517543
1617,0.5237542097761965,0.06747545289671177,0.4884136572649882,0.03534055251120824
1618,0.5254069472298373,0.06523384247849348,0.49113263319713996,0.03427431403269734
1619,0.5178885168798285,0.06576642342342745,0.48382884139257887,0.034059675487249655
1620,0.5124303040976784,0.06827670956561667,0.4774432490521806,0.03498705504549782
1621,0.5309241512462691,0.06382577009343454,0.49703750843177286,0.03388664281449624
1622,0.5137956377269917,0.06629021275950113,0.47973601558716583,0.03405962213982584
1623,0.5303075414237489,0.06639514780111232,0.4950976938308746,0.0352098475928743
1624,0.5233993336916134,0.061714900237940656,0.4910977960282309,0.032301537663382535
1625,0.5186779136299775,0.05964605260565936,0.48774082350821024,0.03093709012176728
1626,0.5148752009173279,0.059786938335375434,0.48409238902966956,0.03078281188765832
1627,0.5250506831580534,0.061700355229742154,0.49265486949358267,0.03239581366447069
1628,0.5118134344775415,0.06322909818821561,0.47945193257491314,0.03236150190262833
1629,0.5281222623143023,0.06289272907306852,0.4949072119531128,0.033215050361189435
1630,0.5261350087553203,0.05110097714207637,0.4992489956992685,0.02688601305605177
1631,0.5350420106122256,0.05577406257672183,0.5052005440311642,0.029841466581061335
1632,0.532536254964742,0.06882126021428736,0.49588643878827143,0.03664981617647059
1633,0.5430284127178715,0.071854747032438,0.5040092434906025,0.03901916922726899
1634,0.5292590768322096,0.07271136305501967,0.49077592794649827,0.038483148885711346
1635,0.5360234095115994,0.0657702262047282,0.5007690286169919,0.03525438089460755
1636,0.5442722863205389,0.05988642133516771,0.5116777668608921,0.03259451945964683
1637,0.5377124176618339,0.05605333795741902,0.5075718417907342,0.030140575871099622
1638,0.5416641888884611,0.05718932961607051,0.5106867770488974,0.030977411839563682
1639,0.5453061901014085,0.05343345970199481,0.5161685937673766,0.029137596334031932
1640,0.5421806408745001,0.06067314242291552,0.509284837631774,0.03289580324272616
1641,0.5447336348417077,0.06388047550474582,0.5099357912245908,0.03479784361711686
1642,0.5249438718135249,0.05648594733374417,0.49529191991709437,0.029651951896430516
1643,0.5258665125591501,0.051771147386052874,0.4986417998320607,0.027224712727089383
1644,0.5235421252278211,0.05150183886827046,0.49657874305358596,0.026963382174235113
1645,0.5499588807252059,0.052072547668054504,0.5213211206931727,0.028637760032033187
1646,0.5365186753706493,0.06066813995493084,0.5039690852848286,0.03254959008582066
1647,0.541374608836217,0.066812814549041,0.5052038474944832,0.03617076134173378
1648,0.54853988227659,0.06170134477410907,0.5146942338778929,0.03384564839869708
1649,0.5418411274600757,0.06691811195535942,0.5055821422306842,0.03625898522939152
1650,0.5423929534722693,0.0681782843708122,0.5054135324497122,0.036979421022557094
1651,0.5584437399067715,0.06815554964730956,0.5203826998663263,0.03806104004044519
1652,0.5507512628492379,0.06968636625934659,0.5123714086285283,0.03837985422070966
1653,0.5481084966179253,0.0675067588724063,0.5111074685008219,0.0370010281171034
1654,0.5558295911419574,0.06666593654703988,0.5187746908879205,0.037054900254036856
1655,0.5526125086654953,0.06354726092444613,0.5174954973872163,0.03511701127827897
1656,0.550033961455767,0.062110530278969275,0.5158710604383072,0.034162901017459835
1657,0.5720461620258199,0.05672190368714798,0.5395986147187887,0.032447547307031206
1658,0.5663144334452654,0.05847550372787473,0.5331989116811876,0.033115521764077886
1659,0.5688803138079851,0.06053121288883364,0.5344452984246074,0.034435015383377635
1660,0.5701580982427503,0.06274712770260805,0.5343823152416363,0.035775783001114
1661,0.5744739726631742,0.06282864845991111,0.5383805493853511,0.03609342327782316
1662,0.573944544241581,0.06625236927327749,0.5359193583541049,0.03802518588747618
1663,0.5820319204426645,0.06512463841972713,0.5441273020750966,0.037904618367567915
1664,0.5712398345382271,0.06638379294224296,0.5333187676418804,0.0379210668963468
1665,0.5721300597410094,0.0715665138858816,0.5311847058760242,0.04094535386498522
1666,0.5625246251708339,0.0720874742545481,0.5219736457362821,0.04055097943455181
1667,0.5602559876322691,0.07362681553966836,0.5190061233758734,0.0412498642563958
1668,0.5644482785383479,0.07703171824405562,0.5209678577826397,0.043480420755708245
1669,0.5703465978516844,0.07590401926992103,0.5270549986978162,0.043291599153868154
1670,0.56704740432164,0.07545798081705538,0.5242591521639767,0.04278825215766336
1671,0.5720803297929898,0.0721231674226056,0.5308200843881506,0.04126024540483924
1672,0.5563762960616959,0.06320839756610397,0.5212086419438718,0.03516765411782404
1673,0.559838901945732,0.061676562509734856,0.5253099629144948,0.034528939031237264
1674,0.5462784724031428,0.06517522015655747,0.51067465269748,0.03560381970566273
1675,0.5546277127180624,0.07194925234646651,0.5147226634573671,0.03990504926069541
1676,0.5374869498495827,0.07994568161523825,0.4945171892845624,0.04296976056502027
1677,0.5416909543752874,0.0802200291580125,0.4982364902206702,0.04345446415461717
1678,0.5500096366786383,0.08040244131500902,0.5057875191428947,0.044222117535743656
1679,0.5408958626358443,0.07420430212939838,0.5007590626242726,0.04013680001157176
1680,0.5285781824098085,0.07043329291142171,0.49134868046155156,0.037229501948256936
1681,0.5634107714209167,0.06484176866788281,0.5268782205154482,0.03653255090546848
1682,0.5397277605911905,0.06666316099680407,0.5037478019924555,0.03597995859873506
1683,0.5521194404600752,0.06736634138648404,0.5149251737479272,0.037194266712147976
1684,0.553811862845434,0.06402614620640588,0.5183534235440503,0.03545843930138376
1685,0.5557251361054298,0.06893453085949512,0.517416484561173,0.03830865154425688
1686,0.5519108195907779,0.06568247720768167,0.5156599497623338,0.03625086982844418
1687,0.5510742628505371,0.06453798206584402,0.5155090419577409,0.03556522089279617
1688,0.5332744014086646,0.06538145855668018,0.49840814323362553,0.03486625817503903
1689,0.5483430224757655,0.06374333773419247,0.5133898079999049,0.03495321447586061
1690,0.5453649317738392,0.06188904712941032,0.5116128158085604,0.03375211596527877
1691,0.5372171299433517,0.061951573761479285,0.5039356832917359,0.033281446651615754
1692,0.528210416459962,0.06095359465754309,0.4960140928411695,0.03219632361879255
1693,0.534486084308363,0.05898160653407011,0.5029612363857513,0.03152484792261169
1694,0.5222282602388248,0.06233351306235275,0.48967593815769833,0.03255232208112654
1695,0.519842109428795,0.062500380422338,0.4873517798299447,0.03249032959885036
1696,0.513923666946732,0.05495639057274349,0.4856802771814308,0.028243389765301146
1697,0.5107630413983171,0.05419295129089486,0.48308328477462875,0.027679756623688313
1698,0.5159453759152537,0.05111784491377878,0.48957136020523645,0.02637401571001723
1699,0.5194873488869249,0.05029779085434858,0.49335828286113037,0.026129066025794564
1700,0.49961119677548865,0.053236020977238986,0.47301388462348526,0.02659731215200339
1701,0.49785427622706613,0.04964623999061142,0.4731376833491451,0.024716592877921075
1702,0.5067455962834513,0.04693093123331073,0.48296355355148957,0.023782042731961692
1703,0.49502984310751313,0.04739591109502676,0.4715674526742044,0.02346239043330874
1704,0.5048029128923084,0.04865536693819532,0.48024154193406327,0.024561370958245114
1705,0.5328459559303743,0.042502134880954494,0.5101988652406504,0.022647090689723905
1706,0.5249361639348492,0.05259223122871901,0.49732859982087085,0.02760756411397834
1707,0.5254176395282144,0.0701081110901238,0.48858160128745975,0.036836038240754675
1708,0.5325560677642287,0.06898297884512629,0.49581876380780526,0.03673730395642343
1709,0.5025535512959848,0.05593797051894182,0.47444172555940045,0.02811182573658431
1710,0.5105001170152754,0.06350484966207413,0.4780808838317491,0.03241923318352632
1711,0.5168432727378122,0.06594106079564256,0.4827620790683892,0.03408119366942294
1712,0.5067009026792153,0.0778826565256738,0.4672376903146011,0.0394632123646142
1713,0.5024769533299929,0.0805863595201241,0.46198416491836547,0.04049278841162743
1714,0.49498854847149637,0.08136455281390063,0.4547140265771113,0.04027452189438508
1715,0.48001266743339654,0.08251251435596271,0.44040561532075445,0.03960705211264209
1716,0.49929991516472333,0.07995770665201249,0.45937703901660765,0.03992287614811567
1717,0.506771144841808,0.06768778739733133,0.4724689273306535,0.034302217511154504
1718,0.49673718481557844,0.06104347073234564,0.46641462301262093,0.030322561802957528
1719,0.4968449285689827,0.07523632422246809,0.4594641424348777,0.03738078613410498
1720,0.5014208788802477,0.0668940488340834,0.4678788061220034,0.03354207275824431
1721,0.4833776601964394,0.06933332942603401,0.4498634776448541,0.03351418255158526
1722,0.4838218001398415,0.07437835673604282,0.44783592969236596,0.03598587044747554
1723,0.48994999567099967,0.07246446506467195,0.4544460313262623,0.03550396434473733
1724,0.48284357597601935,0.07544267874432889,0.44641656318989753,0.03642701278612179
1725,0.48754718025343863,0.0732613757796854,0.45182880307056544,0.035718377182873184
1726,0.48087479970930924,0.07528872786276924,0.4446703477779314,0.03620445193137785
1727,0.48480749259602296,0.07516163828420727,0.4483685672000472,0.03643892539597577
1728,0.4874206309693043,0.07468687006465521,0.45101670963726764,0.03640392133203669
1729,0.5046952814720974,0.06947035070857151,0.4696339232672696,0.035061358204827815
1730,0.5019561333609844,0.07048846243999041,0.4665740173080459,0.03538211605293857
1731,0.4918309376163616,0.06716785062736191,0.4587957106646305,0.03303522695173113
1732,0.501664675479422,0.0669713673810193,0.4680675061958098,0.03359716928361219
1733,0.508250336619989,0.06965398024370748,0.4728486777142026,0.035401658905786386
1734,0.48850317476261573,0.06632771994900144,0.45610187299276284,0.03240130176985288
1735,0.4971423895537407,0.06277360779994284,0.46593496817116775,0.031207421382572917
1736,0.4938789002834159,0.0635978389458238,0.46246926952445067,0.03140963075896526
1737,0.47976546596742614,0.06422256762809815,0.4489536958837071,0.030811770083719044
1738,0.4732926809494096,0.0629844399484899,0.44348260650809174,0.02981007444131788
1739,0.48526307317637984,0.060885502136993536,0.45571758729749534,0.029545485878884524
1740,0.4685116764127905,0.06357696210031794,0.4387251273179381,0.029786549094852403
1741,0.5110742164009785,0.05369535128500892,0.4836319068186173,0.02744230958236121
1742,0.4925658095693871,0.05194703358441784,0.4669784769171502,0.025587332652236915
1743,0.4826573573814864,0.05187168387231219,0.45762110752074836,0.025036249860738068
1744,0.4756960431997508,0.05248117785442308,0.45073095455193934,0.024965088647811443
1745,0.46766588475639614,0.058178176081622075,0.44045793656567095,0.027207948190725192
1746,0.47102834434087365,0.07142259845146344,0.4373862760437578,0.03364206829711587
1747,0.48016485210640986,0.07114169862098696,0.4460051089094649,0.03415974319694499
1748,0.47561418110081294,0.0737356440504575,0.4405444631378136,0.035069717962999375
1749,0.493600813608344,0.07980164066434338,0.4542106588491434,0.0393901547592006
1750,0.48411045827920707,0.07552161313948354,0.4475496555322667,0.03656080274694036
1751,0.4728485846381282,0.0755764780981262,0.4371123539374947,0.03573623070063347
1752,0.4768909017966216,0.07977498607075971,0.43884693674852404,0.038043965048097525
1753,0.49615399971302104,0.07068813693205046,0.4610817978419225,0.03507220187109856
1754,0.48962229745316604,0.06798213700032207,0.4563367273492925,0.03328557010387358
1755,0.4794692054298197,0.07048481190303116,0.44567390867180307,0.033795296758016645
1756,0.47869867753335915,0.06905051445701801,0.4456442875797865,0.03305438995357262
1757,0.47351267210645737,0.06722776754291988,0.44167947225745763,0.03183319984899976
1758,0.4431578538487468,0.0684273630741273,0.41283373048428756,0.03032412336445924
1759,0.43634393157277124,0.07196824344804706,0.40494102527826403,0.03140290629450719
1760,0.4276593373810969,0.07411033504481018,0.3959653606027423,0.03169397677835461
1761,0.4314689589754779,0.08086464935459414,0.3965783729005341,0.03489058607494378
1762,0.43123741649641384,0.08443941831375226,0.3948239798923313,0.0364134366040825
1763,0.42609440362825046,0.08065488942378277,0.3917278066195213,0.034366597008729204
1764,0.42030437446737934,0.07903147475090973,0.3870870999089637,0.033217274558415597
1765,0.4491261018326604,0.08335547767244442,0.41168898107923607,0.03743712075342432
1766,0.4392233573853892,0.07556632333029785,0.40603286314698595,0.033190494238403284
1767,0.4598807302988696,0.07500985787022575,0.42538514208189576,0.03449558821697383
1768,0.521715848170785,0.058471139596621105,0.49121052798262144,0.03050532018816355
1769,0.523519821147014,0.05867737235621077,0.4928010536657138,0.030718767481300206
1770,0.4878678569961164,0.0646743437761432,0.4563153234954193,0.0315525335006971
1771,0.48503195036371655,0.059643620369481946,0.4561028888491536,0.02892906151456292
1772,0.4646475982886399,0.05943716576350475,0.43703026196754363,0.027617336321096256
1773,0.49027455784100693,0.05685006138887206,0.4624024191303436,0.02787213871066335
1774,0.46739464572194783,0.055203255260564375,0.4415929397867381,0.02580170593520974
1775,0.4262944439764598,0.06735356653597441,0.39758199278017514,0.0287124511962847
1776,0.5347809897346607,0.04790793527754786,0.5091607366907895,0.02562025304387111
1777,0.55171060159131,0.04461083159679318,0.5270983328535547,0.024612268737755388
1778,0.5169299917076556,0.04678053608728962,0.49274772957597335,0.024182262131682307
1779,0.48946561650313464,0.05268445184944266,0.46367838879851747,0.025787227704617166
1780,0.48756002431798684,0.054732094894707886,0.4608748428001487,0.02668518151783814
1781,0.5437059027939392,0.05307670508401665,0.5148477849389063,0.028858117855032932
1782,0.5412998744735638,0.0636354657681925,0.5068540048411744,0.03444586963238936
1783,0.5342943847214378,0.07603396857582631,0.4936698622632875,0.04062452245815025
1784,0.5466752969983455,0.07301708856364784,0.5067586584218589,0.03991663857648668
1785,0.5570703582764268,0.07818259351153438,0.5135171528979761,0.0435532053784507
1786,0.5480342996329802,0.07387382516361995,0.5075489095982265,0.040485390034753696
1787,0.5262391374617528,0.07565597385495372,0.486426003036493,0.039813134425259765
1788,0.5457078974171627,0.0706449416106407,0.5071563948676617,0.03855150254950097
1789,0.5666332035596904,0.066813931428028,0.5287742115522094,0.03785899200748098
1790,0.5627654726550245,0.06205933191938927,0.5278406233947543,0.034924849260270154
1791,0.5615850546419463,0.05989551883299217,0.5279486264253127,0.03363642821663363
1792,0.564974698859188,0.057556943562043716,0.5324564820029671,0.03251821685622093
1793,0.5303075853161009,0.061450752712003204,0.4977197850295416,0.032587800286559256
1794,0.5275901994841541,0.06290802164017972,0.4944005437978582,0.0331896556862959
1795,0.5593491264474025,0.05086722592105946,0.5308965880636553,0.02845253838374728
1796,0.5495496097856798,0.05539568982995714,0.5191069300558183,0.030442679729861498
1797,0.559972930712173,0.05643179746404019,0.5283726517008787,0.031600279011294356
1798,0.553418788790985,0.05398210839177386,0.5235440757484259,0.029874713042559158
1799,0.5508654770813166,0.05428064201325525,0.5209641453224046,0.02990133175891201
1800,0.5469633066412225,0.05381146809849744,0.5175304081148497,0.02943289852637282
1801,0.5424788401355575,0.053798005097372294,0.5132945607287281,0.02918427940682933
1802,0.5380435069542029,0.05353471109801724,0.5092395032512456,0.02880400370295728
1803,0.518944859194362,0.057707190193129275,0.4889980095050862,0.029946849689275735
1804,0.5368326144638147,0.05855718216658436,0.5053972092656933,0.031435405198121345
1805,0.5144956679136878,0.058203243552870536,0.4845503512472107,0.02994531666647717
1806,0.5110646636556203,0.06048719295222848,0.48015179673401703,0.030912866921603256
1807,0.5694584433963841,0.052803963908256875,0.5393887803040293,0.030069663092354804
1808,0.563626374557182,0.05363814356741839,0.5333945021603004,0.03023187239688166
1809,0.5527518470186221,0.05293049578292524,0.5234944177109988,0.029257429307623317
1810,0.5655364955482649,0.05072081120795917,0.5368520257263505,0.028684469821914384
1811,0.5667643737716526,0.05186449730784781,0.5373694244339886,0.029394949337663925
1812,0.5475836050694386,0.05192096218223253,0.5191525374190177,0.028431067650420874
1813,0.5872252308233905,0.04746672308622502,0.5593515734026521,0.027873657420738447
1814,0.5719756598921228,0.0421856675343418,0.547846484866178,0.024129175025944857
1815,0.5790661900352333,0.04905309709073224,0.5506611999934746,0.028404990041758706
1816,0.5580711876954553,0.05003369644414398,0.5301488232960779,0.027922364399377307
1817,0.568621791151243,0.046816766505298237,0.5420007575250908,0.026621033626152202
1818,0.5733790517470747,0.05268150380399064,0.5431725810513326,0.030206470695742064
1819,0.5881594552464614,0.052148937269579414,0.5574875647103037,0.030671890536157716
1820,0.590716057841601,0.055768723481702594,0.5577725773556312,0.03294348048596968
1821,0.5880523638930157,0.060075205767463544,0.5527249971300995,0.03532736676291627
1822,0.5833823157523838,0.0644941634041351,0.5457575613531668,0.037624754399216975
1823,0.5804977290319163,0.06613873978335867,0.5421043407866437,0.03839338824527257
1824,0.5788652283813519,0.06277166489664562,0.5425288942450774,0.03633633413627446
1825,0.5974753887879749,0.057500172697281124,0.5631204507502912,0.03435493803768374
1826,0.5917296792789104,0.051462936707361295,0.5612775322463126,0.030452147032597764
1827,0.5945973739496592,0.052135881564683705,0.5635975156827477,0.030999858266911377
1828,0.5950437190933999,0.05413227382647128,0.5628326495527142,0.03221106954068578
1829,0.5883814572977838,0.053897668379048955,0.5566690686319663,0.031712388665817506
1830,0.5728123386808601,0.05027974297037606,0.5440114815217265,0.028800857159133646
1831,0.47076936159513,0.06224127061455302,0.44146807836304713,0.02930128323208285
1832,0.4570353630430044,0.06512081314124153,0.42727284856734143,0.029762514475662978
1833,0.4677875975544128,0.06240182863047486,0.43859679605636076,0.029190801498052008
1834,0.4839326244250539,0.06108382596038612,0.45437216821812104,0.029560456206932893
1835,0.47650545434192776,0.06139251801498657,0.4472515846520016,0.02925386968992616
1836,0.4939271075311465,0.062408571835029264,0.4631018221595207,0.03082528537162578
1837,0.5320753005205593,0.05923376945640558,0.5005584748360767,0.031516825684482525
1838,0.5189809927490417,0.0600567145644678,0.48781269940312844,0.031168293345913336
1839,0.508945008730227,0.05890121135950902,0.47896753120064073,0.029977477529586263
1840,0.5186185018618573,0.056401226330824665,0.4893677823589935,0.02925071950286383
1841,0.5142668451123131,0.056259080725073116,0.4853346651589108,0.028932179953402297
1842,0.5131181629178291,0.05572447436426688,0.4845249230024748,0.02859323991535428
1843,0.5269776894328402,0.05036906448720391,0.5004343162104797,0.02654337322236044
1844,0.5241486206390169,0.051541025891399486,0.49713346301172,0.027015157627296896
1845,0.5023665034309288,0.060078592834671,0.47218503081752466,0.030181472613404123
1846,0.5006354437184658,0.05765418646538356,0.4717717144951413,0.028863729223324464
1847,0.5032452801898162,0.058694270788344986,0.4737076654413986,0.029537614748417616
1848,0.5020585612821507,0.05386704030707528,0.4750141525250528,0.027044408757097835
1849,0.5255453433720414,0.05013123604905195,0.4991991057089775,0.02634623766306387
1850,0.5093340203132944,0.05492413193258108,0.48135929138385514,0.027974728929439318
1851,0.5045041885711594,0.057490051521164175,0.4755002167775603,0.029003971793599082
1852,0.49484284485989843,0.06263562833926065,0.46384805234291143,0.030994792516987012
1853,0.5013030981777133,0.0698715438961974,0.46627627674808947,0.03502682142962386
1854,0.5112358771378497,0.07663767202962468,0.47205594965598163,0.03917992748186802
1855,0.5167047666044968,0.08730022098662654,0.47159632629508097,0.04510844030941586
1856,0.49966632470210437,0.09830911167815398,0.4505445721851524,0.04912175251695193
1857,0.5140283594877253,0.12864925231938268,0.44789899536867056,0.06612936411905472
1858,0.49104525540829835,0.08722740397548068,0.4482126525445556,0.04283260286374273
1859,0.48327532361647196,0.07065452428112293,0.4491297355295444,0.03414558808692756
1860,0.49566567916808935,0.06856433716365082,0.4616806904211585,0.03398498874693085
1861,0.49882711290828924,0.06601178126342813,0.4658986466427199,0.032928466265569355
1862,0.5010210565068015,0.06563480550240595,0.46813663691036767,0.03288441959643386
1863,0.5147934750061223,0.06419673341617968,0.4817454155267655,0.03304805947935679
1864,0.4980712726419027,0.0635662121364485,0.46641076846607665,0.03166050417582607
1865,0.4916610748215082,0.06409688074614912,0.4601471335411505,0.03151394128035771
1866,0.4819262819434173,0.062238888399015556,0.4519317258649884,0.029994556078428856
1867,0.4882647089156094,0.0675571440862292,0.45527893962317684,0.03298576929243258
1868,0.4764435681207803,0.08347511942057229,0.4366723843747346,0.039771183746045706
1869,0.4948664127975592,0.09733259077068301,0.4466997827545785,0.048166630042980725
1870,0.5000489265271424,0.10166455173674334,0.44921167656532074,0.05083724996182164
1871,0.49045888177792846,0.07830606754939037,0.4520529754512275,0.038405906326700934
1872,0.4962102658047553,0.08186851164300328,0.45558626988134093,0.04062399592341436
1873,0.5207848842728627,0.09790330927219822,0.4697983206836107,0.050986563589252035
1874,0.5114606845697146,0.09785581852162896,0.4614112806395125,0.05004940393020211
1875,0.5069428723676691,0.10020143875738236,0.4561464671886286,0.050796405179040494
1876,0.5116862831915839,0.09890774781623744,0.4610765453326429,0.05060973785894104
1877,0.4960493429972083,0.09454826681632547,0.44914873736144534,0.046900605635763
1878,0.48515900883383095,0.10140564192722337,0.4359611481062609,0.04919786072757006
1879,0.49743830398367067,0.0973490669973883,0.4490131492020971,0.04842515478157356
1880,0.5009953888492369,0.10176998292355954,0.450009096681268,0.05098629216796891
1881,0.5058275303179638,0.09571450005868211,0.457412501137662,0.04841502918030177
1882,0.4990740464227277,0.09629510913793615,0.4510156566545397,0.04805838976818798
1883,0.48878577324184214,0.09768275659326223,0.4410398315280098,0.047745941713832334
1884,0.48906087272141163,0.10232119239793752,0.4390195810693808,0.05004129165203079
1885,0.5080472556421096,0.09060861105973551,0.4620137994556677,0.04603345618644193
1886,0.49493772416396653,0.09459428555557244,0.44811944375217516,0.046818280411791396
1887,0.4957361937061468,0.09337672702447215,0.4494459704702971,0.04629022323584972
1888,0.4950750571744205,0.08900580511165743,0.45101050311991137,0.04406455405450913
1889,0.49642436679900726,0.08898825840691692,0.4522484269668071,0.04417593983220017
1890,0.495028804264021,0.09146839094563551,0.44974931606624907,0.04527948819777195
1891,0.5015487280199037,0.08941553176557211,0.4567024817976577,0.044846246222245985
1892,0.4900709652483216,0.09970586482881016,0.4412080158307479,0.04886294941757368
1893,0.4983329929345541,0.11212584305954475,0.44245698597738103,0.055876006957173034
1894,0.4609982878714233,0.055260200098668534,0.4355234302385048,0.02547485763291845
1895,0.48351998435716825,0.10673039249863761,0.43191370664579254,0.05160627771137569
1896,0.5109101373343047,0.10419371928569267,0.45767650990467945,0.05323362742962523
1897,0.517651240810489,0.09419000002777336,0.46889367042417207,0.048757570386316874
1898,0.5167644459771739,0.09562579758338981,0.46734843366786805,0.049416012309305805
1899,0.5141581896817962,0.09981001623379868,0.46284005242291554,0.05131813725888061
1900,0.514791164672324,0.09957915954806155,0.4635286931514862,0.05126247152083778
1901,0.5112139484841163,0.11332310851295312,0.45328159472671553,0.05793235375740073
1902,0.5074477709498411,0.11296135422526568,0.4501257835447546,0.05732198740508648
1903,0.512909422081886,0.10890074399205105,0.45705320441663566,0.05585621766525031
1904,0.5094480468318363,0.11256603291807858,0.452101501222113,0.057346545609723326
1905,0.5240506460566984,0.10906460766571015,0.46689526794756264,0.05715537810913574
1906,0.5326092363223742,0.08960216218112078,0.48488629715025394,0.04772293917212026
1907,0.5352166142148087,0.10005072737662171,0.48166780265856435,0.053548811556244344
1908,0.5268295890906405,0.08959442670108014,0.47962859408689895,0.04720099500374156
1909,0.5490694558205248,0.09470585868751458,0.49706936152795567,0.05200009429256915
1910,0.5444548643654292,0.09689181485023594,0.4917016444530237,0.052753219912405495
1911,0.5309513530543014,0.09026319152855049,0.483025989381218,0.04792536367308344
1912,0.5478151249083764,0.1001312017739442,0.4929617381013573,0.05485338680701908
1913,0.5336498761046244,0.10063594574689612,0.4799455161251216,0.05370435997950282
1914,0.5319956888154687,0.10467685414108864,0.4763080536936439,0.05568763512182479
1915,0.5429515796762396,0.10017853143725879,0.48855948778273417,0.05439209189350549
1916,0.534681770292376,0.10467443463500627,0.47871425827737724,0.05596751201499874
1917,0.5429326740431892,0.10774412263543377,0.48443486942829583,0.05849780461489337
1918,0.5508620487069564,0.10481490472060123,0.4931234955575416,0.05773855314941483
1919,0.5399396109313638,0.10662130856482742,0.48237054306787797,0.0575690678634858
1920,0.5098817778687859,0.08004951617989187,0.46906598824144646,0.0408157896273394
1921,0.5517305256830647,0.09750332905523125,0.4979349626875731,0.05379556299549157
1922,0.5431832580828048,0.09833608878546649,0.4897687409891951,0.05341451709360964
1923,0.5321141271225883,0.08989048329067363,0.48428213106974394,0.04783199605284441
1924,0.535934631591428,0.09104184561891002,0.48714215360025376,0.0487924779911742
1925,0.5177358866040248,0.08474968526555735,0.47385793316364944,0.04387795344037539
1926,0.5043940453980963,0.07594134882386568,0.4660896812518387,0.03830436414625757
1927,0.5163199476952225,0.08950942783728479,0.47010444459604633,0.04621550309917617
1928,0.5069796399326264,0.09032558825779301,0.46118640572098785,0.04579323421163856
1929,0.5157420647193861,0.09153931673640575,0.46853138850275033,0.04721067621663576
1930,0.5176394541526015,0.09069771173536818,0.4706907401570155,0.046948713995585985
1931,0.5054193898233598,0.09271001609046174,0.45856195006040473,0.04685743976295504
1932,0.512399808194655,0.09468930779767039,0.46388102504104406,0.04851878315361096
1933,0.5419327922999416,0.08478010911972743,0.49598767103319397,0.04594512126674763
1934,0.5309271573519152,0.08735006934896132,0.4845506333379785,0.046376524013936694
1935,0.5305507599623828,0.09163882704930784,0.4819317106293111,0.04861904933307164
1936,0.5249268295235817,0.09850505743599908,0.4732188820316644,0.05170794749191731
1937,0.5345828324203965,0.10309094833627262,0.4794721812618871,0.05511065115850938
1938,0.5206948333009971,0.10032345538346286,0.4684569284239249,0.052237904877072215
1939,0.5321388067685152,0.0951226393525667,0.48152035896676854,0.05061844780174666
1940,0.5235701990710594,0.09587482595297464,0.4733729973609573,0.050197201710102106
1941,0.5291791332454222,0.10479536626453617,0.4737236121574184,0.05545552108800381
1942,0.5274141741510402,0.1089740929421194,0.4699396929181136,0.0574744812329266
1943,0.5256293039764702,0.10390806603111451,0.4710121795509944,0.05461712442547583
1944,0.5099810865704187,0.10406627070814561,0.4569092567593473,0.05307182981107144
1945,0.5672099706635594,0.11165882880056,0.5038759696552664,0.06333400100829303
1946,0.552005353394376,0.10766801308435872,0.4925720337824742,0.05943331961190173
1947,0.5627031038782369,0.1102974769753865,0.5006383712342485,0.062064732643988346
1948,0.5526880912088153,0.10031185330277068,0.4972469244812883,0.055441166727527025
1949,0.5461304386801651,0.09970417787224371,0.4916789522805514,0.05445148639961367
1950,0.5499406852634706,0.0940050103556696,0.498243505450274,0.051697179813196596
1951,0.5570376426868539,0.10042314507151043,0.5010981706850197,0.05593947200183411
1952,0.5338366853375456,0.09158531465475328,0.48494508453665597,0.048891600800889626
1953,0.539650941515307,0.10206875637673961,0.484569441037303,0.055081500478004024
1954,0.5511273296582303,0.09829287100286525,0.49695544213798026,0.054171887520250026
1955,0.5489484063521828,0.10660343246022377,0.4904286219914704,0.058519784360712396
1956,0.5396994414365465,0.10282551724911024,0.4842045672117777,0.055494874224768766
1957,0.5627424149442692,0.09832902299987237,0.5074085030822104,0.05533391186205877
1958,0.5386109035613925,0.09538823768330987,0.48723375867365615,0.0513771448877364
1959,0.5462621041123591,0.09273301131558069,0.4956055742304348,0.05065652988192431
1960,0.5588816251032764,0.09555073742926465,0.5054800736889925,0.05340155141428389
1961,0.5429657684428432,0.09827343883586154,0.4896066552078089,0.053359113235034304
1962,0.5445399736309738,0.09703347829526097,0.49170136591875074,0.05283860771222308
1963,0.5526798312059891,0.09876543183718006,0.49809416900922976,0.054585662196759296
1964,0.5435658011823047,0.0987035076118465,0.4899139499877676,0.053651851194537054
1965,0.540457887139066,0.10175649211315503,0.48546278840890716,0.054995098730158794
1966,0.5215896985152385,0.09388945931746023,0.4726179237360857,0.048971774779152835
1967,0.5262758796107829,0.10669476638776385,0.4701249975801955,0.056150882030587414
1968,0.5317754241552871,0.10366619532968134,0.47664828916328095,0.05512713499200614
1969,0.5127188349839208,0.07260657829903074,0.4754920747462729,0.037226760237647864
1970,0.501423468529013,0.07571979495422496,0.4634557863067599,0.037967682222253135
1971,0.5053874451257468,0.07473179623164242,0.4676189335585792,0.03776851156716768
1972,0.5138104304037815,0.06392944169145076,0.48096281645282374,0.03284761395095777
1973,0.4912710015813349,0.06952077798456435,0.45711745935014436,0.03415354223119055
1974,0.4893686893519422,0.078615910236714,0.4508965243971915,0.03847216495475067
1975,0.4935180759177053,0.07952486628580803,0.45427111692072053,0.03924695899698477
1976,0.486588347054108,0.07813507667108686,0.4485687292497778,0.03801961780433015
1977,0.48883876562337336,0.07307575172064583,0.4531165053552528,0.03572226026812061
1978,0.48178345588318566,0.07648907512941153,0.4449322849300291,0.036851170953156515
1979,0.47175653233878573,0.07387066093380831,0.4369075654950781,0.03484896684370762
1980,0.4762058995358428,0.07462797945520296,0.4406676154488355,0.03553828408700732
1981,0.5051871006538499,0.0712730958417367,0.46918085201093895,0.03600624864291093
1982,0.4876843849698441,0.0736864402581508,0.4517486586719307,0.03593572629791343
1983,0.4783907810985523,0.07674150483991361,0.4416783526555077,0.036712428443044606
1984,0.4941066062586416,0.07566861630583321,0.45671824305547903,0.03738836320316256
1985,0.4883740342683282,0.07609648034930946,0.4512104891665154,0.03716354510181282
1986,0.48579385757671956,0.07293528958433504,0.4503623418960703,0.035431515680649256
1987,0.49374756473781184,0.07734364654010267,0.45555932761069406,0.03818823712711778
1988,0.4870858430089611,0.07244758980547542,0.4517976476545937,0.035288195354367405
1989,0.5061181286554245,0.07248814327818837,0.4694305652297615,0.03668756342566298
1990,0.5074738393636627,0.07050874363980696,0.4716924965200617,0.03578134284360107
1991,0.5024717601534578,0.06995380673031791,0.4673219477562402,0.03514981239721764
1992,0.5010137384546668,0.06091426756910281,0.4704948535346427,0.030518884920024067
1993,0.4845650184924967,0.054878181385980246,0.4579729715143646,0.026592046978132108
1994,0.4721028700597572,0.0543170687469339,0.44645962601109657,0.025643244048660634
1995,0.4672633381945842,0.05446582598087925,0.44181345452923326,0.02544988366535095
1996,0.46047141526852164,0.04919845408190949,0.4378169334884014,0.022654481780120236
1997,0.4526194569115533,0.048208215584993545,0.43079948055479844,0.02181997635675486
1998,0.4604790738767311,0.05501559784861689,0.4351455423306253,0.025333531546105785
1999,0.47768256394729147,0.06517702681106836,0.44654863466971895,0.031133929277572497
2000,0.45179045763627607,0.0679789351037061,0.421078223436146,0.030712234200130095
2001,0.5557911288637983,0.061231936062103656,0.5217589619973259,0.034032166866472514
2002,0.63316477776144,0.05617996393342122,0.5975936033828896,0.03557117437855036
2003,0.592054416844838,0.05706131939884872,0.5582710106637555,0.033783406181082415
2004,0.4182119915257352,0.07703408607148013,0.3859954129744166,0.032216578551318605
2005,0.4441521883273552,0.0726147365145309,0.411900194199612,0.032251994127743204
2006,0.4538249195016347,0.06785920391428947,0.4230287217477873,0.030796197753847437
2007,0.4457763398892329,0.06469212217834538,0.416938122444903,0.02883821744432987
2008,0.4463363506973967,0.0686333746948195,0.4157027807000639,0.03063356999733279
2009,0.4327120138903631,0.06968390466830816,0.4025589511655954,0.030153062724767702
2010,0.4352868816024923,0.06977125622882767,0.4049163690531574,0.030370512549334865
2011,0.4492020787131978,0.05245231010078369,0.4256403919826165,0.023561686730581295
2012,0.43829905228688465,0.06030046684122202,0.41186941481792033,0.026429637468964325
2013,0.45797114070017425,0.06617678278412703,0.4276640840006599,0.03030705669951431
2014,0.4588935408185577,0.06801710364520039,0.4276809312905889,0.031212609527968838
2015,0.44153336702216495,0.06475637378883195,0.4129412672670361,0.028592099755128837
2016,0.4337090918144562,0.06411437463099216,0.4059021046209968,0.027806987193459424
2017,0.4623821747805585,0.06131031431148344,0.4340333783127352,0.028348796467823314
2018,0.46824025096596206,0.06320625868683508,0.43864453653581886,0.029595714430143173
2019,0.4623155693508821,0.06506222631400821,0.4322362891492854,0.03007928020159665
2020,0.5292506417804382,0.06220731023074119,0.49632738291738365,0.0329232588630546
2021,0.5105784436112866,0.0630454049647575,0.4783888188675374,0.03218962474374916
2022,0.4975212924505732,0.054752909486603024,0.4702805541573692,0.027240738293203986
2023,0.5064786462951341,0.05297786099149772,0.4796464909765485,0.026832155318585554
2024,0.4889400059354673,0.05963315805984953,0.45978296927973383,0.02915703665573349
2025,0.4930790749359767,0.061391173047786414,0.4628083721203397,0.03027070281563699
2026,0.49852129988555594,0.05623181981698205,0.4704885399754637,0.028032759910092252
2027,0.48734591751190176,0.0564899469599152,0.45981577248052324,0.02753014503137854
2028,0.4833880108110728,0.05635756633162081,0.4561454389278775,0.027242571883195274
2029,0.5043577883202758,0.05001763245815271,0.47913100583666546,0.02522678248361034
2030,0.4993038089194555,0.05336416656134217,0.47265887729556516,0.02664493162389039
2031,0.48858374559366585,0.050317224784251144,0.463999567440698,0.02458417815296786
2032,0.48245796544302183,0.04499523211599782,0.46074965730170103,0.021708308141320822
2033,0.4646354944087542,0.051689591377783735,0.44061867556315115,0.024016818845603024
2034,0.46838072705048855,0.06076806398890931,0.4399181370579126,0.028462589992575955
2035,0.4875274552386558,0.06422291514884723,0.4562170208481302,0.03131043439052561
2036,0.4927415394531912,0.07164287334657393,0.45744011974955034,0.03530141970364084
2037,0.5003669554159795,0.07198722982209459,0.4643469244010677,0.03602003101491187
2038,0.4899836336071702,0.06886489959488463,0.45624095987567564,0.03374267373149451
2039,0.47726935674858156,0.06679675694369122,0.4453893115291747,0.031880045219406856
2040,0.4800887938602082,0.0622260495348364,0.450214764792343,0.02987402906786518
2041,0.49318055656926263,0.05727297422674057,0.4649346392637417,0.028245917305520948
2042,0.5110524200315073,0.05412357415536139,0.4833924364786551,0.027659983552852183
2043,0.5232875835033086,0.05313854971255645,0.49548084023335454,0.0278067432699541
2044,0.5157231250827744,0.04991463932068473,0.48998099130493133,0.02574213377784306
2045,0.5226656375505062,0.050823667290751544,0.49610185308333077,0.026563784467175465
2046,0.49926998196859157,0.0592564315423076,0.46968502446094057,0.029584957507650996
2047,0.48858188719495393,0.05520435106547174,0.461610041170013,0.02697184602494095
2048,0.46540151509848054,0.05885113709340961,0.43801210672993934,0.027389408368541222
2049,0.46474275907626944,0.07482919037434868,0.4299664346822512,0.03477632439401823
2050,0.49655904692448144,0.07953443595338605,0.45706550320979183,0.03949354371468959
2051,0.4803053835334671,0.0841282543974356,0.43989813003910566,0.040407253494361396
2052,0.48685689321469455,0.0914348767637638,0.44234119318202003,0.04451570003267451
2053,0.5050937024998008,0.08061790403054861,0.4643741068652374,0.04071959563456341
2054,0.49936110344542844,0.10403805825263146,0.44740854387607465,0.05195255956935381
2055,0.51360301926322,0.10462540038594732,0.45986709773337425,0.05373592152984581
2056,0.5197704924640558,0.1112870559943786,0.4619267645649827,0.05784372789907312
2057,0.5208309943162589,0.10782321343962793,0.46467332285012325,0.05615767146613563
2058,0.5286970544358209,0.11377279039563332,0.46854571527870553,0.060151339157115395
2059,0.5210829289565068,0.10260523945831397,0.4676170902532848,0.05346583870322198
2060,0.5274533596988249,0.1138506428735364,0.46740245561130705,0.06005090408751785
2061,0.5338948506843115,0.120761484519087,0.46942091593857777,0.06447393474573375
2062,0.5326579526693411,0.11680574240301946,0.47044044506092636,0.06221750760841479
2063,0.5403696766966939,0.10484404755375605,0.48371513261649796,0.056654544080195955
2064,0.5461374840966038,0.10087631257863935,0.4910451485399631,0.055092335556640684
2065,0.5481775143053398,0.0985839606388843,0.4941360038119407,0.05404151049339906
2066,0.5307248311316531,0.08138357209790512,0.48753254857310174,0.04319228255855141
2067,0.5207172076442648,0.09373347859033873,0.4719085724099201,0.04880863523434466
2068,0.5234523113267022,0.09551983511486598,0.47345223285828014,0.05000007846842209
2069,0.5285059367261622,0.10600613715006758,0.4724810639129437,0.05602487281321849
2070,0.5012095995743687,0.11753337478026991,0.44230074386412543,0.05890885571024329
2071,0.5413466318857795,0.11519890515521303,0.47898409258307556,0.06236253930270393
2072,0.5446307369427491,0.11566301736048468,0.48163710256068637,0.06299363438206275
2073,0.5371038982580528,0.11575325640624967,0.4749323730061922,0.06217152525186063
2074,0.5326509501043291,0.0788940100248208,0.4906279807070678,0.04202296939726126
2075,0.5178857272866537,0.07374742306217025,0.47969298945858513,0.038192737828068576
2076,0.525652784563146,0.07000581617543455,0.4888540323549131,0.0367987522082329
2077,0.5397149870493343,0.06497028198882261,0.5046495521471454,0.03506543490218899
2078,0.5385779798734948,0.0640550251960658,0.5040793538026518,0.034498626070842926
2079,0.5593282676914338,0.06254890123353367,0.5243428991184789,0.03498536857295498
2080,0.5649933075682845,0.06141842999503566,0.5302923056597382,0.03470100190854633
2081,0.5590600960037394,0.06327895200778093,0.5236833590192533,0.035376736984486026
2082,0.5614844435692221,0.05702891203277021,0.529463596629144,0.0320208469400781
2083,0.5628501584374421,0.054692891270825994,0.5320662559202559,0.030783902517186205
2084,0.5397908875953465,0.05072219556741531,0.5124115086292267,0.02737937896611986
2085,0.5330605084259936,0.06339266344312919,0.4992683830205213,0.03379212540547234
2086,0.543921807364835,0.05681599261471613,0.5130183499746115,0.030903457390223512
2087,0.5388035049366398,0.060669252786913465,0.5061146988931637,0.032688806043475974
2088,0.48376731203533646,0.0625949608997973,0.45348591605388455,0.030281395981451922
2089,0.4987333173809905,0.059111320903746524,0.4692525322118927,0.029480785169097794
2090,0.49877762003101656,0.056537459091695004,0.47057800074266,0.028199619288356594
2091,0.49896101711066415,0.06659275412694354,0.46573382877928404,0.03322718833138013
2092,0.49204789560370427,0.06614290465135617,0.459502418560888,0.03254547704281626
2093,0.4907866617951453,0.06702509076610272,0.45789164124153314,0.032895020553612174
2094,0.49007510674328536,0.05910825170332251,0.4611076239803706,0.02896748276291476
2095,0.4977741734654451,0.06838117163411202,0.46373579227467626,0.03403838119076885
2096,0.49844734881922315,0.0688032830300716,0.4641525348028253,0.034294814016397834
2097,0.4993312486656725,0.07059420999794962,0.46408135363882963,0.035249895026842885
2098,0.5068309303021261,0.07092435151580596,0.47088427524229515,0.03594665505983095
2099,0.5044831819170483,0.0733571746070997,0.46747572105481416,0.03700746086223416
2100,0.5176826659996121,0.06678299413065106,0.4831102675546202,0.03457239844499189
2101,0.5384241483698454,0.0596390182680481,0.506313060749258,0.03211108762058745
2102,0.5318354817308387,0.05947315088605106,0.5002055498793049,0.03162993185153382
2103,0.5326334282080342,0.06360280403642381,0.49875644865047,0.033876979557564205
2104,0.5379863168677393,0.05689375254957918,0.5073782564808067,0.03060806038693266
2105,0.5365097189887689,0.05740722585897086,0.5057101843752476,0.03079953461352124
2106,0.5509935428201878,0.06819148254452993,0.5134204762628162,0.03757306655737154
2107,0.5559469435037132,0.07575839141981915,0.5138292973491069,0.042117646154606385
2108,0.548894235035957,0.07923548519637995,0.5054023340013871,0.04349190103456987
2109,0.5458702197488331,0.08430655956446868,0.4998497795531085,0.046020440195724606
2110,0.5445229041034843,0.0831152066516337,0.49926477040237544,0.045258133701108816
2111,0.5376296397220819,0.08347018451019593,0.49275359449632955,0.04487604522575234
2112,0.5390484983397269,0.08326028976178167,0.49416716417230794,0.04488133416741895
2113,0.5571856107447911,0.06969092398358934,0.5183548307016261,0.038830780043165036
2114,0.5542284363099587,0.06279924399041027,0.519423309511706,0.03480512679825266
2115,0.553792125773266,0.06814865670135364,0.5160519363100308,0.03774018946323516
2116,0.5580387212340143,0.06592195140315905,0.5212517197717446,0.036787001462269715
2117,0.5516614385138835,0.06526647713868747,0.5156564398488217,0.03600499866506182
2118,0.5338798336013665,0.06320269506667354,0.5001371892760129,0.03374264432535358
2119,0.541000618499796,0.0625989010826469,0.5071345742966764,0.03386604420311952
2120,0.5339375177803928,0.0609414794867161,0.5013985754933908,0.03253894228700192
2121,0.5354827924437281,0.05563710447327331,0.5056900803768962,0.029792712066831827
2122,0.5320291262000232,0.05665962106723776,0.5018845575127963,0.030144568687226928
2123,0.5435094229308647,0.06602703684722133,0.5076231062361964,0.035886316694668206
2124,0.5362163659291322,0.060959690230202236,0.5035287823657276,0.03268758356340467
2125,0.5572825745018581,0.06179357874285037,0.5228460898523591,0.03443648464949895
2126,0.5525955750655067,0.06115035765852962,0.5188041580097301,0.03379141705577659
2127,0.5429136584190275,0.06112176058553623,0.5097298197705221,0.033183838648505395
2128,0.5458497816134468,0.05845798397449264,0.5139405038274076,0.03190927778603918
2129,0.5316700332401326,0.057514735929867666,0.5010911716765024,0.030578861563630193
2130,0.5283548729562555,0.06349135592518307,0.494808905662585,0.0335459672936705
2131,0.532148370617077,0.06323955862747276,0.49849554253492423,0.03365282808215274
2132,0.5238787195406092,0.06347215721010871,0.49062700709489715,0.033251712445712
2133,0.5179367226529149,0.06199451027116689,0.48582748918059426,0.03210923347232065
2134,0.5282213960537337,0.05988663435257449,0.4965879944510574,0.031633401602676386
2135,0.5312909375986242,0.05675657326133026,0.501136684575727,0.03015425302289716
2136,0.5262044356131382,0.05877585846652673,0.49527631818108186,0.03092811743205639
2137,0.5396672491721896,0.053111461238270305,0.5110047329862168,0.02866251618597271
2138,0.531082266504679,0.05381241018487162,0.502503449737618,0.028578816767061095
2139,0.5289433739777947,0.051358326585869085,0.5017777274316116,0.027165646546183066
2140,0.5363875320492586,0.04861047640087548,0.5103134785808543,0.026074053468404326
2141,0.519420428317101,0.052210661010713325,0.4923011444121973,0.02711928390490368
2142,0.5098272855138356,0.052676581400123906,0.48297132700846185,0.026855958505373773
2143,0.5149356327055401,0.052041845074590976,0.4881374322848919,0.0267982004206482
2144,0.5135172090212009,0.052872810614517644,0.48636611088132725,0.02715109813987363
2145,0.5114323937802862,0.0499143930533123,0.48590455625694057,0.025527837523345597
2146,0.512326846354373,0.05062965786263829,0.48638791340960663,0.025938932944766357
2147,0.5188773069563425,0.05611945564997308,0.48975819494082856,0.02911911201551393
2148,0.5202932921863225,0.0634041442235614,0.48730454124998934,0.03298875093633316
2149,0.5393334514788224,0.06280919142949455,0.505458353480559,0.03387509799826337
2150,0.5375796340155904,0.07643182901989841,0.49649143934393125,0.04108819467165917
2151,0.5240979623590792,0.0751282124250591,0.4847234193114257,0.03937454304765353
2152,0.5383970921178735,0.07404692111617665,0.49853044510864236,0.03986664700923107
2153,0.5340953151228542,0.07736653807630803,0.4927742095890242,0.04132110553383004
2154,0.5288389296107519,0.07963674759015245,0.48672391725749403,0.04211501235325784
2155,0.5372063929719285,0.07902483045069773,0.49475374885029094,0.04245264412163755
2156,0.5347648946867796,0.07534863857291191,0.4944710879155441,0.04029380677123545
2157,0.5418649113897451,0.06969057445460226,0.5041020344382017,0.03776287695154349
2158,0.5226456587234274,0.0677868661463936,0.4872171474135487,0.03542851130987869
2159,0.5156435639493068,0.06585231003622088,0.4816872441079351,0.03395631984137164
2160,0.5282361814440463,0.12414705546558485,0.46265721492738354,0.06557896651666276
2161,0.543849184692727,0.10323516845285767,0.48770482249802405,0.05614436219470298
2162,0.5565633408907197,0.11895127373809358,0.4903594225758398,0.06620391831487989
2163,0.5457729411118499,0.11909322363103632,0.48077508218424797,0.06499785892760196
2164,0.5488432093961172,0.11555220370771885,0.48542316706037886,0.06342004233573832
2165,0.5695614317691037,0.11628063441909366,0.5033324671423449,0.0662289646267587
2166,0.6240227313188987,0.06787584250368904,0.5816666626891753,0.04235606862972344
2167,0.6368570316404164,0.08838113955836309,0.58057088144828,0.0562861501921365
2168,0.6493538729004175,0.09047531217041545,0.5906033785406839,0.05875049435973354
2169,0.6359796047014673,0.07978171326329672,0.5852400622378701,0.050739542463597256
2170,0.6017847555166433,0.06275396824104905,0.5640203740810045,0.03776438143563891
2171,0.6116249805131836,0.0699611840834862,0.5688349726614421,0.042790007851741495
2172,0.622878349447237,0.06671055195639679,0.5813257909539223,0.04155255849331458
2173,0.6086007314515764,0.07506083386187848,0.562918653059872,0.0456820783917045
2174,0.6382650016585133,0.08420635134342139,0.5845190346786471,0.05374596697986621
2175,0.626328721162232,0.06683643099427286,0.5844671448105414,0.04186157635169069
2176,0.6192318414612744,0.05545034301022726,0.584895223449392,0.034336618011882335
2177,0.6314780927830831,0.06615197128393346,0.5897045721228635,0.04177352066021958
2178,0.6034723366449767,0.06684633797462422,0.5631324208712704,0.04033991577370632
2179,0.6089246082589892,0.0742906746864424,0.5636871882782513,0.04523741998073794
2180,0.6327048990268552,0.08563269697605728,0.5785246721332216,0.054180226893633616
2181,0.6247792173059729,0.08556369914639055,0.5713207963234872,0.05345842098248563
2182,0.6420915979694339,0.0858845694555826,0.5869458375267821,0.05514576044265186
2183,0.6329292238163363,0.09123521188692621,0.5751837919720251,0.05774543184431119
2184,0.6137481863818963,0.06380370247692149,0.5745887797022357,0.03915940667966067
2185,0.6237508954005101,0.06545484748694101,0.5829233756722269,0.04082751972828329
2186,0.6530244549739888,0.08004701007835509,0.6007517998452735,0.05227265512871522
2187,0.6443553455009696,0.08167456730708803,0.5917279014651687,0.052627444035800906
2188,0.6481661832431261,0.08321160947207881,0.5942312319300913,0.053934951313034885
2189,0.6310786387237207,0.07438473567178248,0.5841360209941484,0.046942617729572284
2190,0.6324388119656472,0.08531704550721148,0.5784810010646473,0.05395781090099988
2191,0.6434600659984419,0.06574476508252246,0.6011559351193899,0.04230413087905196
2192,0.6278121749224852,0.06841829538669275,0.5848583360912766,0.04295383883120861
2193,0.6119821509707098,0.06903981815262485,0.5697310145550398,0.042251136415670014
2194,0.6242780382970257,0.05244773044321067,0.5915360720228069,0.03274196627421875
2195,0.6269163529243662,0.07950802076811006,0.5770714745161879,0.04984487840817833
2196,0.6331521923668395,0.09354130174960772,0.5739263120872273,0.0592258802796122
2197,0.6529215653156891,0.0856642749002097,0.5969895128562107,0.05593205245947842
2198,0.6588779055474003,0.08126046324482586,0.605337181720838,0.053540723826562366
2199,0.6402534558381344,0.07686535569983183,0.5910401462170897,0.049213309621044775
2200,0.6473481204499627,0.0872857296389358,0.5908438674260941,0.05650425302386869
2201,0.644203845323113,0.09084832769681944,0.5856790032796477,0.05852484204346536
2202,0.6289332674775029,0.061215371430058,0.5904328839041475,0.038500383573355355
2203,0.6336548220787394,0.08407163779541763,0.5803824233896158,0.053272398689123576
2204,0.6371799376982032,0.08651151877320876,0.5820565335561132,0.0551234041420901
2205,0.6449282128647857,0.08587768165888686,0.5895432731075488,0.05538493975723689
2206,0.6553791924787931,0.08236996220896839,0.6013956331617707,0.0539835593170224
2207,0.622106140022629,0.0593512213275406,0.585183380816924,0.036922759205705015
2208,0.6305632927208585,0.05610451947837946,0.5951858421820501,0.035377450538808496
2209,0.6619700234618188,0.06058894344422895,0.6218619591485157,0.04010806431330305
2210,0.6464622279254322,0.05542602143487818,0.610631398623598,0.03583082930183411
2211,0.6454004649054325,0.05231575973837182,0.6116358492484064,0.03376461565702608
2212,0.6424504691254825,0.05473393504885225,0.6072866268762637,0.03516384224921882
2213,0.618421626637989,0.06585404383266368,0.5776960617303037,0.0407255649076853
2214,0.6203732318869886,0.06692962955713185,0.5788518812896317,0.0415213505973568
2215,0.6620467239589569,0.06784158192781732,0.6171324268954523,0.04491429706350464
2216,0.6558885519465215,0.06112767636946463,0.6157956088086978,0.04009294313782376
2217,0.6620615867247199,0.0549301263590722,0.6256944601084432,0.0363671266162767
2218,0.6477867336870011,0.04757340276197239,0.6169693145014469,0.03081741918555425
2219,0.632482965069399,0.04010748560916584,0.6071156636498356,0.025367301419563462
2220,0.6235753086439406,0.036375004100582926,0.600892754234995,0.022682554408945604
2221,0.6589916987251779,0.03675355593853008,0.6347714104630552,0.02422028826212279
2222,0.6390736344487652,0.03225157056433039,0.6184625060315377,0.020611128417227436
2223,0.6415879076413535,0.03407052297847687,0.6197286720913459,0.02185923555000763
2224,0.6412913696971433,0.035278087668637714,0.6186678365358267,0.02262353316131658
2225,0.6431652485303355,0.035219513113080934,0.6205132816258434,0.02265196690449211
2226,0.63861512071428,0.03670330048743105,0.6151758380428867,0.02343928267139327
2227,0.6336405672133766,0.03412977211180717,0.6120145590535878,0.021626008159788778
2228,0.63677567898769,0.03496371798055545,0.6145116337306877,0.0222640452570023
2229,0.6389094629132235,0.03842397450329505,0.6143600220003318,0.024549440912891636
2230,0.6399941255100701,0.030594766662774248,0.6204136545745432,0.01958047093552685
2231,0.6220516159194559,0.031879575824752635,0.6022208742628417,0.019830741656614196
2232,0.6260439529608725,0.0384312553320236,0.6019842979555637,0.024059655005308662
2233,0.6227567999010116,0.03945987395231532,0.5981828950739705,0.024573904827041176
2234,0.6144288214403996,0.04126211233396805,0.5890761903888982,0.025352631051501366
2235,0.6307261867807733,0.044000873788114486,0.6029736834413738,0.02775250333939953
2236,0.6211901079385175,0.044234411129461214,0.5937121293144108,0.02747797862410677
2237,0.6227974259159832,0.04355122833433626,0.5956738330138793,0.027123592902103852
2238,0.6260879479307159,0.04351073021924124,0.5988464041347842,0.027241543795931734
2239,0.6361353662541896,0.040720947819243535,0.6102313311989774,0.025904035055212233
2240,0.6371037203639117,0.036186279335062445,0.6140493071734157,0.02305441319049602
2241,0.62725364777991,0.03708866288250386,0.6039896486955801,0.023263999084329898
2242,0.6239427369002571,0.03974572294929553,0.5991436817431943,0.02479905515706281
2243,0.629531977894804,0.036522844833641224,0.6065396791483368,0.02299229874646718
2244,0.6364767838680411,0.03916669734462412,0.6115480903074018,0.024928693560639304
2245,0.6154555472603367,0.03480132890225873,0.59403687633541,0.021418670924926622
2246,0.5615178677687221,0.033369297560161874,0.5427804109538,0.01873745681492212
2247,0.5357948576110452,0.030539988239694057,0.5194316889607153,0.01636316865032987
2248,0.5414761105073158,0.03330815453241664,0.5234405405429262,0.018035569964389583
2249,0.546356459744236,0.03268282030819878,0.5284999897461915,0.017856469998044504
2250,0.5196436199726027,0.03553121742949383,0.5011800495255069,0.01846357044709581
2251,0.529213329291064,0.04424066852374409,0.5058005778115511,0.02341275147951299
2252,0.5027439263921551,0.046979379950526826,0.4791253284563584,0.023618597935796747
2253,0.5075736179563441,0.046048887254640326,0.48420041764964256,0.023373200306701574
2254,0.5037038562930782,0.04931356855001523,0.4788644216468625,0.024839434646215734
2255,0.5036136042491338,0.048600613720940204,0.4791376740044112,0.024475930244722603
2256,0.5105397552788405,0.04930941921895318,0.48536533645785446,0.025174418820986113
2257,0.5406240342641645,0.046611700928943976,0.5154246284640441,0.025199405800120395
2258,0.5253304533563796,0.04125275302134056,0.50365912590948,0.021671327446899594
2259,0.5310267582065943,0.044854873079974024,0.5072076203651674,0.023819137841426842
2260,0.5336165945986401,0.06416641944564518,0.49937632836646695,0.03424026623217314
2261,0.5142923469157732,0.052192573813171196,0.48745010563782265,0.02684224127795054
2262,0.5131496785807133,0.06525664948044792,0.47966324987456715,0.03348642870614612
2263,0.5203930005165432,0.0636583806897004,0.48726562478140567,0.03312737573513756
2264,0.49465473056682874,0.06814706117976914,0.4609454643800288,0.0337092661867999
2265,0.5069869762009547,0.07152877153581712,0.47072282060864185,0.03626415559231284
2266,0.5073087381083023,0.06525038579327785,0.47420664723043465,0.03310209087786769
2267,0.5165315167253219,0.08543510242731824,0.472401593686956,0.04412992303836592
2268,0.5241626094612108,0.08299484013351628,0.4806598174850109,0.043502791976199925
2269,0.542221163751119,0.07762926946378086,0.5001289309213185,0.04209223282980046
2270,0.5213813586957837,0.08421702650873265,0.47747217098934186,0.043909187706441866
2271,0.5204993974860415,0.08750359453385412,0.47495382925330754,0.04554556823273394
2272,0.5167143133645343,0.08431001930192358,0.47315011963119025,0.04356419373334408
2273,0.5213049684811415,0.08257845947873134,0.47825640726536023,0.04304856121578126
2274,0.5238225738492396,0.08386431576940216,0.479892552108806,0.04393002174043361
2275,0.5216124900093374,0.09525738593015916,0.47192504774252664,0.04968744226681074
2276,0.5151909439341122,0.09637105924734879,0.46554144695254035,0.04964949698157188
2277,0.530406088515006,0.08973203660260741,0.4828116699661317,0.04759441854887435
2278,0.5292520934375725,0.09221898873598884,0.4804450005943545,0.04880709284321801
2279,0.5145528193124261,0.09287826121074658,0.46676204815360056,0.0477907711588256
2280,0.5280800361368475,0.08994030726005343,0.4805843554287993,0.04749568070804819
2281,0.5316828681965842,0.0878003950331936,0.4850009023365427,0.046681965860041495
2282,0.5291021754662368,0.08889839131115666,0.482065843228055,0.047036332238181794
2283,0.5090440606702753,0.09444439630401566,0.46096770166812645,0.04807635900214887
2284,0.5011562705402328,0.09726013649933017,0.4524137432599945,0.048742527280238285
2285,0.5085216958813144,0.09436180940515054,0.46053666853617786,0.04798502734513651
2286,0.5143082352532301,0.09697091977984995,0.4644352926303729,0.04987294262285717
2287,0.509996071037703,0.10038977778653456,0.4587976787942223,0.05119839224348069
2288,0.4874605684989055,0.10264945139821974,0.43742300856422855,0.05003755993467696
2289,0.48205243931916,0.1101886537121268,0.428935730011935,0.05311670930722494
2290,0.49089594750595733,0.10920136215602688,0.43728944136143333,0.05360650614452401
2291,0.4862290555377084,0.10633012926951639,0.434528257207789,0.0517007983299194
2292,0.47648587861318786,0.0996011685214959,0.4290273283193227,0.047458550293865163
2293,0.49627204567803024,0.08706254474288955,0.4530653384965414,0.043206707181488835
2294,0.4931049310877722,0.09193138847670941,0.4477731101081612,0.04533182097961101
2295,0.48341949160295794,0.08850416241092603,0.44063485440552247,0.04278463719743548
2296,0.4816353816508634,0.08576392995828232,0.44032843851352815,0.04130694313733522
2297,0.4786604067854631,0.08439976674602181,0.4382615801022141,0.040398826683249005
2298,0.4713025324035618,0.08500336549052223,0.43124023098505315,0.04006230141850866
2299,0.4745262237150251,0.08094868378943815,0.43611395048172136,0.038412273233303755
2300,0.4591541930350636,0.07744174143090762,0.42359649274112515,0.03555770029393844
2301,0.4596253210498277,0.0841196103351139,0.4209618181429645,0.03866350290686313
2302,0.466496046274783,0.07731725945580518,0.4304278504298483,0.0360681958449347
2303,0.46120852954822306,0.07787876661237617,0.4252901781158998,0.03591835143232326
2304,0.4619230066510077,0.0678284334364889,0.430591492741597,0.03133151390941069
2305,0.46716823890829373,0.06637539714053181,0.4361597615193129,0.031008477388980844
2306,0.47009587283608,0.07474341288409148,0.4349593029175855,0.03513656991849449
2307,0.4763565458079433,0.07440905999674034,0.44091130301108006,0.035445242796863244
2308,0.46081866058964827,0.07238285258796809,0.42746329141040285,0.03335536917924541
2309,0.46491581881308175,0.06324011279542065,0.4355144899909671,0.02940132882211464
2310,0.47890296832671814,0.07221367633049446,0.44431962437825945,0.03458334394845866
2311,0.47157635779051177,0.07606457330473278,0.4357061033545765,0.03587025443593527
2312,0.4703209055415379,0.07448318424776147,0.4352899068785135,0.035030998663024386
2313,0.4767812052672743,0.06996821110904357,0.4434216772443094,0.033359528022964886
2314,0.4684078095858254,0.07082321059898693,0.4352336646413183,0.03317414494450708
2315,0.4810433735783569,0.06607198658670724,0.4492598822516633,0.0317834913266936
2316,0.47869500922570746,0.06590185118586028,0.44714812196430087,0.031546887261406587
2317,0.5185043748940199,0.05998367164950078,0.48740257872154735,0.031101796172472548
2318,0.506978847614953,0.06121392811255983,0.4759446808824629,0.03103416673249016
2319,0.5014747722694068,0.06293460728524358,0.46991465441317476,0.03156011785623208
2320,0.5050711150270691,0.06167122131096347,0.4739227625144597,0.031148352512609466
2321,0.4940090389383634,0.06329549366250742,0.46274049294501884,0.03126854599334456
2322,0.5013288511044124,0.07983631875706458,0.46130460114552757,0.04002424995888484
2323,0.4918441272681236,0.09768441861852196,0.4437986196450026,0.04804550762312098
2324,0.47728821484604145,0.09773928581585731,0.4306384055986639,0.046649809247377556
2325,0.47042834439056047,0.10725093365398634,0.4199744652373738,0.05045387915318664
2326,0.45229371754172715,0.0903127048946284,0.4114458485036867,0.04084786903804042
2327,0.4605674993569302,0.09283819155696295,0.4178092456267201,0.0427582537302101
2328,0.4540056057514584,0.07831317022757235,0.4184509874639723,0.03555461828748606
2329,0.4779230401681098,0.07758583804625993,0.44084298057505067,0.03708005959305915
2330,0.4773910547134121,0.06844076185182012,0.44471804722758224,0.032673007485829866
2331,0.48223332560013704,0.06497787017653027,0.45089883117449486,0.03133449442564216
2332,0.49715580604048365,0.057689622239391315,0.46847507539588806,0.0286807306445956
2333,0.4866928658473128,0.06868089103110281,0.45326636616243837,0.033426499684874426
2334,0.48718776972457484,0.06958456244863248,0.45328702193796516,0.03390074778660966
2335,0.4885812321059382,0.06938097967565353,0.45468298757129033,0.033898244534647855
2336,0.47111438636226916,0.07310189258320272,0.4366750330960131,0.034439353266256065
2337,0.47736018754701653,0.07096689268952612,0.44348341834311533,0.03387676920390119
2338,0.4779027705758852,0.07285298782001037,0.44308612585197105,0.03481664472391418
2339,0.4683749944143946,0.07344408126091785,0.4339756232640419,0.03439937115035274
2340,0.469209566023263,0.06984920327309381,0.436435651668424,0.03277391435483903
2341,0.4730522673575994,0.06585416430387425,0.44189980561871184,0.031152461738887603
2342,0.46118523702205927,0.06820945763885518,0.4297280421337377,0.031457194888321535
2343,0.4627464555388698,0.06993026625756604,0.43038647269329167,0.03235998284557811
2344,0.46283788192008835,0.06383913308766082,0.43329071277818076,0.02954716914190756
2345,0.46257002944949893,0.0585783562867445,0.4354734374568363,0.027096591992662646
2346,0.44667409740128294,0.06284936149259741,0.41860091558433005,0.028073181816952897
2347,0.46592882185399387,0.05692164507290828,0.4394073868271825,0.02652143502681135
2348,0.4687898242422263,0.05515137609940407,0.4429354203338698,0.025854403908356555
2349,0.47314485341639356,0.05435919528946595,0.44742507992932606,0.025719773487067478
2350,0.4749240986038987,0.05277680919212666,0.44985912007113804,0.025064978532760712
2351,0.46596234043072504,0.052787073221550025,0.44136555224792356,0.0245967881828015
2352,0.4565518483636365,0.05390879472403337,0.4319396884893232,0.02461215987431329
2353,0.4866777247207644,0.05069535750482695,0.4620054234764095,0.02467230124435491
2354,0.4828534139349214,0.05204662367542457,0.45772252400945657,0.02513088992546486
2355,0.4791451432509521,0.05547769897903601,0.45256327322640866,0.02658187002454341
2356,0.46000728652250616,0.05271407279031833,0.43575842893668193,0.02424885758582421
2357,0.47048635698153235,0.0539137888870043,0.4451206548570143,0.025365702124518077
2358,0.47543222075836966,0.06483799757923754,0.444606147579747,0.0308260731786227
2359,0.47708801193999106,0.07048357361689517,0.4434611439286805,0.03362686801131052
2360,0.47112541184349976,0.07573385817395636,0.43544526672079736,0.03568014512270239
2361,0.46977623112016803,0.07849910049702487,0.4328992195423524,0.03687701157781565
2362,0.4651608620938415,0.08002748741069983,0.4279352070586763,0.03722565503516518
2363,0.4697232344881916,0.07396796344439206,0.43497876345058745,0.034744471037604155
2364,0.48280800634264404,0.06689723187907146,0.450509487189268,0.03229851915337606
2365,0.5170344953206991,0.05769657899957007,0.48720337371592554,0.02983112160477356
2366,0.5193218984878558,0.0567588079431776,0.4898458065908972,0.029476091896958583
2367,0.5127122139180468,0.05492562936732942,0.48455117288428123,0.028161041033765554
2368,0.5165683548129713,0.05405030637271546,0.4886476769728806,0.027920677840090682
2369,0.507607780258656,0.05207244962637295,0.48117539969118217,0.026432380567473858
2370,0.49844640955758884,0.056440803573589444,0.47031369366378806,0.02813271589380079
2371,0.5051683439598672,0.05592934100248978,0.47691461138687274,0.02825373257299446
2372,0.5098334937660675,0.05392262597027616,0.4823419329746007,0.02749156079146678
2373,0.49926578374319663,0.05158030606347994,0.47351350181069934,0.025752281932497272
2374,0.5138764266319011,0.05368348379029144,0.4862897498125946,0.027586676819306554
2375,0.5043072128806467,0.05277775051198763,0.47769101261783614,0.02661620026281061
2376,0.507309397534507,0.051490347875900816,0.4811878601747416,0.026121537359765426
2377,0.5149562628049084,0.05042540928454161,0.4889893824893329,0.025966880315575477
2378,0.49925488525485784,0.04930012721131685,0.47464155590092194,0.02461332935393589
2379,0.496356144205067,0.05421506220598367,0.4694461649706671,0.02690997923439991
2380,0.5174227948240884,0.052207165417796644,0.49040961738376854,0.027013177440319835
2381,0.5158865456774251,0.04872826900869306,0.4907482873016901,0.02513825837573499
2382,0.5143722258784456,0.04951671746921277,0.4889022016956125,0.02547002418283308
2383,0.4963083520263169,0.048267524731914715,0.4723527763702308,0.023955575656086085
2384,0.4980544576206594,0.0519147646125991,0.47219807768902716,0.025856379931632246
2385,0.49398366161222557,0.05439356364627505,0.46711412987410095,0.02686953173812459
2386,0.4969549284413236,0.05198266804682217,0.471121885361926,0.02583304307939759
2387,0.49504850854704074,0.05822560219896213,0.46622401101919125,0.0288244975278495
2388,0.49446594296854984,0.05350982919192187,0.4680071548190802,0.026458788149469684
2389,0.5193484822464659,0.05485367592095572,0.490860308911278,0.028488173335187866
2390,0.5086807029525118,0.051948210589069926,0.4822556506729386,0.026425052279573206
2391,0.5104051726533735,0.05422258792240065,0.4827296833031279,0.02767548935024563
2392,0.5210106042492783,0.049329379998881644,0.49530947416881865,0.025701130080459586
2393,0.5074993201751284,0.04796264145185265,0.4831583122445098,0.024341007930618656
2394,0.5062656551007851,0.05881059225128335,0.476491872087824,0.029773783012961123
2395,0.5165223759261682,0.05692320548536488,0.4871202665835341,0.02940210934263416
2396,0.5041862215306364,0.052851808203202434,0.4775390680516019,0.02664715347903453
2397,0.5092536687705165,0.05656182031139354,0.4804493542646006,0.028804314505915876
2398,0.5285779850677123,0.05959075192683819,0.49707962548555423,0.03149835958215802
2399,0.526182812037274,0.05608282995803644,0.49667299086294614,0.02950982117432789
2400,0.5341463754602056,0.056213108082658475,0.5041203475245007,0.030026027935704813
2401,0.5512620327708058,0.060112528292468895,0.5181242782293067,0.033137754541498976
2402,0.5485281701316083,0.05746979049276138,0.5170043711147669,0.0315237990168413
2403,0.5528757880040788,0.06123699789099208,0.5190193345400924,0.03385645346398636
2404,0.5522530429675884,0.057862652631607225,0.5202982169776067,0.031954825989981624
2405,0.5467324967133684,0.05037294075221374,0.519191973049116,0.0275405236642524
2406,0.5498086995732462,0.05456332733070414,0.5198093075291623,0.029999392044083806
2407,0.5345052072345788,0.0502361841948636,0.5076537051908288,0.02685150204375004
2408,0.5187597212538224,0.05088850599357669,0.4923608140695711,0.026398907184251315
2409,0.5138729820364544,0.05271513410269882,0.4867840988766489,0.027088883159805434
2410,0.5214532901067203,0.03670207854074173,0.5023148704978952,0.01913841960882503
2411,0.7036693243234796,0.021274225819563453,0.6886993042155223,0.014970020107957338
2412,0.7103739183841916,0.028851697260973374,0.6898784251488795,0.020495493235312103
2413,0.7094497986571419,0.0185696845875407,0.6962755396653845,0.01317425899175738
2414,0.7252446531245925,0.014845887636176298,0.7144777524955672,0.010766900629025355
2415,0.7100318474162002,0.013274599860871077,0.7006064587532751,0.009425388662925124
2416,0.7068668643808127,0.015419615333114983,0.6959672492403354,0.01089961514047729
2417,0.6766694500825279,0.018465181749939816,0.6641746257021222,0.012494824380405705
2418,0.641679637625797,0.029630466198258383,0.6226663708130152,0.019013266812781867
2419,0.6005313864195118,0.02233783829632981,0.587116813417802,0.013414573001709805
2420,0.6813297517789442,0.029941323893643075,0.6609298370025554,0.020399914776388806
2421,0.6890312344020807,0.029926470804686866,0.6684109612822294,0.02062027311985122
2422,0.7096915133188868,0.027577993142457947,0.6901196456313179,0.019571867687568863
2423,0.7082974052168358,0.02633534488945198,0.6896441487661465,0.018653256450689295
2424,0.6939934198015489,0.027112239540989024,0.6751777039640192,0.01881571583752975
2425,0.6646602257019267,0.02155630009735367,0.6503326104139212,0.014327615288005555
2426,0.573700494871036,0.02250228004812236,0.5607909256717016,0.012909569199334439
2427,0.532013101241115,0.025079278620598333,0.5186705964452805,0.013342504795834513
2428,0.5270778789308006,0.03323064884490297,0.5095627390221349,0.017515139908665715
2429,0.5861040281905178,0.029757888377461274,0.5686628099420439,0.017441218248473844
2430,0.645368406399982,0.029354608416854416,0.6264238695455012,0.018944536854480835
2431,0.6456242197882883,0.031489278648344186,0.6252939788292551,0.02033024095903322
2432,0.6439616917378486,0.0364500446450989,0.6204892593242706,0.023472432413577993
2433,0.6368017378596961,0.043184929442938606,0.6093014997410844,0.027500238118611662
2434,0.5948801322976695,0.05188304130710228,0.564015941820895,0.030864190476774453
2435,0.48073150419174804,0.060462020051267724,0.4516655063460305,0.029065997845717565
2436,0.48216550280827225,0.05710445065728933,0.4546317066445102,0.027533796163762083
2437,0.5186414829778562,0.0576042598799192,0.48876552420789304,0.029875958769963115
2438,0.49656033541656824,0.03344175594914044,0.47995448586554407,0.016605849551024194
2439,0.5189789292880372,0.05925434041680288,0.488227175142856,0.030751754145181227
2440,0.5243328970403478,0.06057744850057617,0.49257014797272825,0.031762749067619576
2441,0.5111923281177718,0.05851683265945571,0.4812789721965066,0.02991335592126523
2442,0.5202336276468317,0.05868268157490655,0.4897049233310741,0.030528704315757525
2443,0.5370077499792482,0.06386234624197806,0.5027131751154479,0.03429457486380033
2444,0.529085456643844,0.07613816372059608,0.48880186152370864,0.04028359512013533
2445,0.5326176857736128,0.0686359433133729,0.49606096848515524,0.036556717288457545
2446,0.5288345344769796,0.06679984069475911,0.49350847182003027,0.035326062656949334
2447,0.5430019641928122,0.0658127982174423,0.5072654854917158,0.035736478701096384
2448,0.5200974307196455,0.06618569890867804,0.485674418766858,0.03442301195278749
2449,0.5385767905295469,0.057042094907006166,0.5078552421294497,0.030721548400097193
2450,0.5264203170234452,0.05956240303630159,0.49506545793439705,0.031354859089048094
2451,0.5188966266174481,0.056483979486117476,0.4895872802041726,0.029309346413275497
2452,0.5433805127413093,0.055857701227540496,0.5130285264077374,0.030351986333571817
2453,0.5445715687511592,0.060814472842417686,0.511453735872589,0.03311783287857017
2454,0.5360321276950639,0.06203473813338771,0.502779515022418,0.03325261267264593
2455,0.5304484852307294,0.05667438936574185,0.500385641240295,0.030062843990434324
2456,0.5284134283030498,0.05270283913429513,0.5005645403947928,0.027848887908257028
2457,0.5277558813156243,0.04881284655485331,0.5019946144625433,0.025761266853080944
2458,0.5409254740125576,0.04623994149640037,0.5159131117403043,0.025012362272253306
2459,0.5458555308176024,0.041992142527962864,0.5229338875678329,0.022921643249769585
2460,0.5300573155491951,0.04047226606570625,0.5086046948442141,0.02145262070498104
2461,0.5542529843655734,0.03679895516436303,0.5338570536441902,0.020395930721383137
2462,0.5505367705538009,0.04711169522537719,0.5246000500091068,0.02593672054469408
2463,0.5428893859483972,0.05274126766682657,0.5142567115306137,0.02863267441778353
2464,0.5162253386847685,0.036090209795936246,0.49759465790965696,0.018630680775111538
2465,0.5225384775901709,0.05882498324078389,0.49180016040326435,0.030738317186906533
2466,0.5277511795425949,0.05381248934842404,0.49935157481484077,0.02839960472775411
2467,0.5369795546947198,0.05184708666158859,0.5091387291869615,0.027840825507758387
2468,0.510766446351857,0.05313251752606876,0.48362813918933906,0.027138307162517902
2469,0.5058174363781711,0.06135318487931855,0.47478392568887823,0.03103351068929288
2470,0.5183806999517322,0.06587815707871396,0.4842307347737383,0.0341499651779939
2471,0.5015484107979056,0.06527432426832061,0.4688101771952222,0.03273823360268336
2472,0.49783902172639916,0.058377480656810705,0.4687764338653607,0.029062587861038432
2473,0.5266353689029977,0.055508007934242404,0.4974028886674774,0.029232480235520268
2474,0.5304000551382317,0.05804341162270904,0.4996138264131358,0.030786228725095958
2475,0.5126821417583817,0.028703193042695477,0.4979665272739483,0.014715614484433398
2476,0.5521240135920812,0.05077989853597169,0.5240872122026019,0.028036801389479334
2477,0.5268811030112099,0.05684045330832026,0.496932942276465,0.029948160734744954
2478,0.525294728711872,0.054524333178938324,0.49665338390644587,0.028641344805426128
2479,0.5208369354843966,0.05205420538163997,0.49372518267434784,0.027111752810048746
2480,0.5228301237924766,0.05143580824821348,0.4959379337986971,0.02689218999377954
2481,0.5278366571222233,0.051637742459316016,0.5005803637611597,0.02725629336106366
2482,0.5261638781257517,0.054907411198166944,0.49727358171187885,0.02889029641387285
2483,0.5303867768343281,0.056374455039865295,0.5004865113299423,0.0299002655043859
2484,0.5205455666886947,0.05876368907012653,0.48995638886096743,0.030589177827727267
2485,0.5356550016577916,0.06187076442689407,0.5025136172361347,0.033141384421656775
2486,0.513948734337349,0.061439788043165695,0.482371833034609,0.03157690130274
2487,0.5103847532546433,0.0652358638614919,0.47708936297434223,0.03329539028030104
2488,0.5084938073227872,0.04215122284569155,0.4870601715346702,0.021433635788116943
2489,0.5161070483625351,0.0674743546403451,0.48128305834893964,0.03482399001359543
2490,0.5213956172911289,0.06017112301321806,0.49002265746455165,0.031372959826577285
2491,0.5383241536116679,0.06874322281591744,0.5013180163727509,0.03700613723891705
2492,0.5205142579097224,0.06937924869346701,0.48440136976170833,0.036112888148014055
2493,0.5187811878234474,0.0693940759155112,0.48278084669208804,0.03600034113135938
2494,0.4985247477772663,0.055955993844880036,0.47062930005912124,0.027895447718145085
2495,0.509975313858699,0.05886395154795473,0.47995615169306755,0.030019162165631462
2496,0.5369106816959279,0.06609828484993892,0.5014218065182156,0.03548887517771233
2497,0.6064345407443217,0.04848730218072468,0.5770301659144228,0.02940437482989892
2498,0.667039009015868,0.038506481785292354,0.641353683565119,0.025685325450748985
2499,0.6702612321021354,0.0409025025572938,0.6428458703420229,0.027415361760112486
2500,0.6773956702110795,0.04330641432840075,0.6480600926526537,0.029335577558425724
2501,0.6836326710660039,0.043960584099765734,0.6535797795362593,0.03005289152974455
2502,0.6794363771947758,0.04102228309247433,0.6515643457861665,0.027872031408609263
2503,0.6918023426511992,0.04363780103032559,0.661613609670273,0.030188732980926163
2504,0.6748104648958837,0.03607776453750913,0.650464811835923,0.024345653059960764
2505,0.6799348252493425,0.04232002274974648,0.6511599679764454,0.02877485727289707
2506,0.6799576104111454,0.04492033008310327,0.6494136901089587,0.030543920302186788
2507,0.6745741673831102,0.047578338388968106,0.6424790493789001,0.03209511800421003
2508,0.6558049669426538,0.03452304111799407,0.6331645851035078,0.02264038183914598
2509,0.6937120861333578,0.06188983306259471,0.6507783609290599,0.042933725204297835
2510,0.6787379000686911,0.06170656199928259,0.6368553177568395,0.04188258231185155
2511,0.6761391498859601,0.06270394891793041,0.633742555170098,0.042396594715862136
2512,0.6744755886303738,0.06335138540042654,0.6317466256718715,0.042728962958502356
2513,0.6594556230161074,0.05355518998149362,0.6241383518411155,0.035317271174991866
2514,0.6543299449379084,0.053386619639880166,0.6193974810485245,0.03493246388938385
2515,0.6717144153197019,0.0557377790469891,0.6342745456559349,0.037439869663767014
2516,0.6689954144053419,0.05849780473298448,0.6298606512861962,0.039134763119145724
2517,0.6631070047012685,0.05591530727802447,0.6260291727751867,0.03707783192608184
2518,0.6569905868933886,0.05775265513270983,0.6190476361030981,0.0379429507902905
2519,0.6604231700617136,0.057540174172829944,0.62242230582859,0.03800086423312349
2520,0.652259492124642,0.06128135919402449,0.6122881439000398,0.039971348224602174
2521,0.6731637962104788,0.05066076643990717,0.6390608023548585,0.03410299385562034
2522,0.661400440651178,0.0439852226912158,0.6323085949810676,0.02909184567011032
2523,0.6633828058512629,0.04619348465637421,0.63273884238787,0.030643963463392782
2524,0.6673430472608919,0.058069180261058506,0.628590983553535,0.038752063707356815
2525,0.6242544566538479,0.062036137811842064,0.5855281211512132,0.0387263355026347
2526,0.539968145123835,0.06074127169967446,0.5071697933116989,0.032798351812136105
2527,0.5374967128618601,0.06202413825092691,0.5041589424338973,0.03333777042796277
2528,0.5353940976240965,0.0671522437101161,0.4994411826994855,0.03595291492461102
2529,0.5364382810631886,0.06500543064299662,0.5015668795892871,0.03487140147390143
2530,0.5469260566073688,0.05747012146989405,0.5154941496990931,0.03143190690827564
2531,0.5544692390343595,0.05482157727455463,0.5240723608002739,0.030396878234085645
2532,0.5543474793947024,0.05371129323392701,0.5245727593754452,0.029774720019257173
2533,0.5562269143403993,0.047747728649169464,0.529668342567109,0.026558571773290213
2534,0.5521193780045547,0.04675901313969268,0.5263028207537608,0.025816557250793924
2535,0.5472806866865959,0.052283888651047106,0.5186667242030053,0.028613962483590577
2536,0.5393917004465908,0.06258728142049097,0.5056326402948629,0.03375906015172794
2537,0.5239381126588168,0.061098807301579044,0.4919261188755228,0.032011993783294064
2538,0.5060683143924523,0.047472605466895225,0.48204393296400266,0.02402438142844958
2539,0.5290056250432748,0.04335976585751709,0.5060680650040889,0.02293756003918587
2540,0.5261512106715366,0.04597526986511451,0.501961266771056,0.02418994390048061
2541,0.5323346793383958,0.04399616839218071,0.5089139931452262,0.023420686193169584
2542,0.5178193562386669,0.04633276774433151,0.4938273522725415,0.023992003966125414
2543,0.5251249304543899,0.05055695621000445,0.49857621234062566,0.026548718113764223
2544,0.5210462066718018,0.05466623866342665,0.49256257038320794,0.028483636288593846
2545,0.5410895695605494,0.06015834695724795,0.508538515499978,0.03255105406057148
2546,0.5293398152522399,0.06337696370045823,0.4957918649957915,0.033547950256448474
2547,0.5258435521749144,0.06295000632389447,0.4927416972401244,0.033101854934789995
2548,0.5338164640616057,0.058612993347641494,0.5025278832047012,0.0312885808569044
2549,0.5307426116978957,0.05846367657008488,0.4997134473056278,0.031029164392267924
2550,0.5184890930690628,0.053703700099295155,0.4906443103101263,0.02784478275893648
2551,0.5298805801315098,0.05031560802325287,0.503219316562479,0.026661263569030882
2552,0.5098039922937215,0.05681435624223973,0.48083980666183,0.028964185631891536
2553,0.5127006344910462,0.04854032385037867,0.4878139796545562,0.024886654836490003
2554,0.5174317992620222,0.04495106521307354,0.4941726887100771,0.02325911055194514
2555,0.49958215834143277,0.04864833920240081,0.4752783160429712,0.024303842298461532
2556,0.5208260467981047,0.04829944857036253,0.4956704359366744,0.025155610861430287
2557,0.5463777352173168,0.04693998336163033,0.5207307734170507,0.025646961800266113
2558,0.5440175083927173,0.041845312459660805,0.521252925770498,0.022764582622219403
2559,0.5300331007631776,0.04473273424494572,0.5063232709257138,0.023709829837463756
2560,0.533736823384093,0.0473529766015971,0.5084627960749752,0.02527402730911772
2561,0.5275188703352721,0.040102506904137226,0.5063640411955892,0.02115482913968292
2562,0.5254282641664443,0.038462235770244234,0.5052191183897243,0.02020914577671995
2563,0.5240894275519625,0.03855753251754118,0.5038818324070282,0.020207595144934337
2564,0.509691837358946,0.03361399638472452,0.49255905778063874,0.01713277957830721
2565,0.500593012652206,0.03468993240521469,0.4832274748807782,0.017365537771427807
2566,0.5085528137372299,0.03680137227021697,0.48983737231981983,0.01871544141741011
2567,0.500732229130324,0.04347173408040141,0.47896453082008394,0.021767698310240075
2568,0.4879867590354762,0.04326865702642868,0.46687222732533173,0.02111453171014452
2569,0.5096094101242908,0.04497876664960827,0.48668780738386586,0.022921602740425
2570,0.49495454603796835,0.04051107173785329,0.4749034069164476,0.020051139121520744
2571,0.48345876944612315,0.04312273726209383,0.4626107039542428,0.020848065491880362
2572,0.5004259683362058,0.044248330713617064,0.47828295459158326,0.022143013744622495
2573,0.4920302808048226,0.045362252396578824,0.46971067902019464,0.022319601784627916
2574,0.49387687160666666,0.0520587599579454,0.46816625409891416,0.02571061750775248
2575,0.4966205453141949,0.057616429011180526,0.4680070429196058,0.028613502394589072
2576,0.47788294858155794,0.05214866436269693,0.45296199109132235,0.02492095749023562
2577,0.4777923699472873,0.061285854739118,0.44851045616723895,0.029281913780048376
2578,0.46717381835487476,0.055133177380965924,0.4414170413597723,0.025756776995102464
2579,0.46707037934822554,0.061663539547972365,0.4382691665395998,0.02880121280862576
2580,0.4732705029073128,0.06008169096150662,0.4448356108104388,0.028434892096873988
2581,0.4878960387486152,0.06128927879301041,0.4579932424077459,0.029902796340869287
2582,0.4721407366683889,0.05445213223215744,0.44643166684313357,0.025709069825255337
2583,0.4628379950339756,0.05508019247334373,0.4373447891835277,0.025493205850447887
2584,0.46492110246337787,0.05547247641498983,0.4391307775721471,0.025790324891230797
2585,0.4694888410881013,0.05684153106433273,0.4428023765430344,0.02668646454506688
2586,0.4724016284712112,0.05788797939303391,0.44505525273703406,0.027346375734177135
2587,0.4642282026152797,0.054918390577337106,0.4387335368670386,0.025494665748241118
2588,0.4540154476138305,0.05881351678029864,0.4273132024670797,0.02670224514675082
2589,0.4624489893494851,0.05457623884142297,0.43721026285477294,0.025238726494712167
2590,0.466956945376435,0.05932857178900662,0.4392530567202939,0.027703888656141068
2591,0.4696168330080169,0.05523205856494742,0.44367892858423297,0.025937904423783922
2592,0.4561768363589915,0.05064553045395079,0.43307351850078524,0.023103317858206227
2593,0.47018143767994963,0.04738438820282123,0.4479021779111623,0.02227925976878733
2594,0.47053126883311525,0.042104504130654204,0.45071978308092936,0.019811485752185866
2595,0.47705798185105863,0.0464998714369794,0.45487484702699954,0.022183134824059078
2596,0.458136355416397,0.045451637106606935,0.43731330804466745,0.020823047371729575
2597,0.469638065282696,0.044604138893121974,0.4486902637893296,0.020947801493366457
2598,0.47859723424082334,0.04701487225131845,0.4560960464131567,0.022501187827666642
2599,0.4853620768868873,0.048784501248433795,0.46168393004105657,0.023678146845830774
2600,0.4733441605194427,0.04601201722175764,0.4515646408538037,0.021779519665639013
2601,0.47806898761646927,0.0448863824318139,0.4566102002095263,0.02145878740694294
2602,0.47285633528148663,0.04813850866236844,0.450093736489483,0.02276259879200364
2603,0.464034282821342,0.043415625776338604,0.443887944050979,0.020146338770363054
2604,0.46756796968030967,0.05392108781920746,0.4423561961257292,0.025211773554580506
2605,0.49505575668369,0.046003250639612456,0.4722815826283872,0.02277417405530279
2606,0.4690204317101012,0.06314695250777058,0.4394032207837294,0.029617210926371814
2607,0.4564027179390664,0.05771198164512576,0.4300628126585815,0.02633990528048491
2608,0.4692770375028247,0.063118254389713,0.4396570900704705,0.029619947432354177
2609,0.47575798831992383,0.0652308860425755,0.4447238731999819,0.031034115119941915
2610,0.4853142350906959,0.05977630703656942,0.4563039423646966,0.02901029272599927
2611,0.4867637233702707,0.06546990906778022,0.45489534666372494,0.03186837670654575
2612,0.5199809641853564,0.06118228460422126,0.4881673408457906,0.03181362333956586
2613,0.5652659886313076,0.0540458167792227,0.5347157265782138,0.030550262053093833
2614,0.5590140046102555,0.05764813269154177,0.5267878910960534,0.032226113514202154
2615,0.5598524135904,0.049652357697396336,0.5320544212930588,0.027797992297341218
2616,0.5690005362611423,0.052769404250854766,0.5389747169442249,0.030025819316917366
2617,0.5727130769076114,0.05289148801054271,0.5424214300668715,0.030291646840739955
2618,0.5655121711181113,0.05648353595046429,0.5335700440703363,0.03194212704777495
2619,0.5662811238342969,0.05297098491008052,0.5362846549688068,0.029996468865489973
2620,0.5709555996376181,0.04995107671523692,0.5424357526791254,0.02851984695849276
2621,0.5621336534386022,0.04768787819645456,0.5353266922432942,0.026806961195308062
2622,0.5858194678272516,0.04537995140031391,0.5592350088478931,0.026584458979358433
2623,0.5726362392685593,0.04545903767192782,0.5466047468953388,0.026031492373220513
2624,0.6020609175207565,0.04226945877362263,0.5766121283884035,0.02544878913235303
2625,0.6036807558349889,0.04174046887164736,0.578482838037646,0.025197917797342907
2626,0.6109901965678975,0.04522488406019594,0.583358235766198,0.027631960801699492
2627,0.5858316343361455,0.04701955839640676,0.5582860895950147,0.027545544741130804
2628,0.5425034282667979,0.05226690418767836,0.5141484535600901,0.028354974706707767
2629,0.615387055326964,0.04510128091159801,0.5876323108753015,0.027754744451662514
2630,0.6063936826029986,0.04607650331782989,0.5784531820746305,0.02794050052836815
2631,0.6382909563512412,0.04373667572968758,0.6103742317721148,0.027916724579126403
2632,0.6336089846710392,0.04279191932933568,0.6064956401126538,0.027113344558385398
2633,0.6298105280418848,0.04136995911223086,0.6037552922483395,0.0260552357935453
2634,0.6426297025905029,0.040886462661668434,0.6163548472502572,0.026274855340245686
2635,0.6089500227982081,0.043303781081152945,0.5825801843215914,0.026369838476616697
2636,0.6481082419555402,0.04275349351092928,0.6203993504387142,0.027708891516825974
2637,0.6372722888548451,0.04600800313626983,0.6079526633905535,0.029319625464291565
2638,0.6125182687255307,0.04358772723097074,0.5858199895043359,0.02669827922119487
2639,0.5813777382464095,0.04861003203490285,0.5531169477658722,0.028260790480537326
2640,0.6201800464658802,0.04579815694845355,0.5917769433615366,0.0284031031043436
2641,0.6606603411710811,0.04059575688261444,0.6338403345789148,0.026820006592166316
2642,0.6387955520241384,0.045065445297503934,0.6100079460181058,0.028787606006032637
2643,0.6547654550030125,0.04496788248534078,0.6253220389669764,0.029443416036036157
2644,0.6671382459803961,0.04299176852712817,0.6384567929336126,0.028681453046783482
2645,0.6537339164647531,0.04369266694514517,0.6251705381819133,0.02856337828283981
2646,0.6407618615580175,0.04212287878192963,0.6137711273355255,0.026990734222491947
2647,0.6354519787288488,0.04305697651108348,0.6080913378067992,0.02736064092204956
2648,0.6042039193606629,0.049319434047968215,0.5744049240082307,0.029798995352432116
2649,0.6052088295540101,0.04918440277587141,0.575441994717712,0.02976683483629814
2650,0.615580041497613,0.04745824770532854,0.5863656914057629,0.029214350091850142
2651,0.5344455566608363,0.05262260006238872,0.5063216418775524,0.028123914783283896
2652,0.55045804589059,0.052526408321647046,0.5215444618082049,0.02891358408238506
2653,0.5636404182881878,0.050850468937782424,0.5349790387059457,0.028661379582242186
2654,0.5605831378029098,0.05375415733552864,0.5304494636138078,0.03013367418910195
2655,0.560690357450404,0.05337804985856156,0.5307617995952016,0.029928557855202365
2656,0.5629090868692281,0.04987607837289853,0.5348333891357218,0.028075697733506367
2657,0.5632131502699478,0.0508593999727873,0.534568467390435,0.028644682879512832
2658,0.5656772867729389,0.057915060716712354,0.5329160523634191,0.03276123440951986
2659,0.5803807145371781,0.0593182213856459,0.5459535628243024,0.034427151712875685
2660,0.5717953563558502,0.054601342146595254,0.5405745624656301,0.031220793890220137
2661,0.5641985914294027,0.05600992516489916,0.5325978705453003,0.03160072088410236
2662,0.5620020256532081,0.0549562746701176,0.5311164879662479,0.030885537686960184
2663,0.5526403148174329,0.0535191078374432,0.5230634982134001,0.029576816604032753
2664,0.548688136068534,0.05395478209395789,0.5190837872494163,0.029604348819117665
2665,0.584193347008113,0.05074219377491736,0.5545500949922098,0.029643252015903208
2666,0.5807984201815005,0.052870632919896736,0.5500912401076284,0.03070718007387206
2667,0.5789109018433106,0.051130149450118456,0.5493111009137593,0.029599800929551327
2668,0.5743694700043123,0.051328952650523695,0.5448876866745546,0.029481783329757733
2669,0.5612037876301729,0.0490130274552032,0.5336974909790911,0.02750629665108169
2670,0.5602072064009558,0.05112299603717694,0.5315677356081218,0.028639470792834028
2671,0.5645632125703011,0.048180109195402054,0.5373624953409569,0.027200717229344088
2672,0.5663637315827552,0.04653065784030959,0.540010454575317,0.026353277007438124
2673,0.5630225580540996,0.04735768986376797,0.5363591103634683,0.026663447690631347
2674,0.5695558348002794,0.04781233489642488,0.5423240404845956,0.0272317943156838
2675,0.5655091552104181,0.05310482166256559,0.5354778923744208,0.03003126283599738
2676,0.5525808950688852,0.05455412432260962,0.5224353282209984,0.030145566847886864
2677,0.5715848239139046,0.05118142580005343,0.5423302976603185,0.029254526253586113
2678,0.5564441581484924,0.05079632022247022,0.5281788425052587,0.02826531564323368
2679,0.5455214445276839,0.05366022717533752,0.5162486398853101,0.029272804642373803
2680,0.5471451098039389,0.05510484429608545,0.5169947637208283,0.03015034608311063
2681,0.5644008853809791,0.05376491947597888,0.5340559172262995,0.03034496815467953
2682,0.5647298513591364,0.05322286105355651,0.5346733129474535,0.030056538411682942
2683,0.5757455033052239,0.05125987090514528,0.5462328631315803,0.02951264017364367
2684,0.5688734566255459,0.04749606782656645,0.5418542043449257,0.027019252280620236
2685,0.5711469279611712,0.0522385143809301,0.5413110609512475,0.02983586700992369
2686,0.578436968448004,0.04964120693230327,0.5497226591999824,0.02871430924802154
2687,0.5841202533172875,0.052070001826496896,0.5537051106601625,0.03041514265712499
2688,0.5851431618905052,0.060896756814021125,0.5495098410594716,0.03563332083103349
2689,0.6083515085953342,0.06326138499788243,0.5698663495960421,0.038485158999292016
2690,0.5906547435221856,0.05699175890363254,0.5569922907840823,0.03366245273810332
2691,0.586845970281959,0.057299876245141164,0.5532197688098429,0.033626201472116035
2692,0.5847072561002833,0.05516738339778836,0.5524504867275302,0.03225676937275315
2693,0.5782350940760844,0.054164035894064634,0.5469155476853396,0.03131954639074488
2694,0.5770304818352643,0.05713126757072385,0.54406399898107,0.03296648285419419
2695,0.5772020553041747,0.055026712616173375,0.5454405236854872,0.03176153161868743
2696,0.5773679260635948,0.05633384666502817,0.5448425698474229,0.03252535621617187
2697,0.5712304517239312,0.0553715040311347,0.5396005624635927,0.03162988926033855
2698,0.5699793292039205,0.05516947988827095,0.5385338660646746,0.03144546313924586
2699,0.5747750528586053,0.055360893838140565,0.5429549921764885,0.03182006068211688
2700,0.5628440384036332,0.052460331621006356,0.5333170534980721,0.029526984905561035
2701,0.5814235777359604,0.05202141955350839,0.5511770978602561,0.030246479875704297
2702,0.5701665724159658,0.05242632339817574,0.540274835299657,0.02989173711630881
2703,0.5655706254951474,0.054551765965535064,0.5347177490961548,0.03085287639899256
2704,0.5847144238254498,0.06155263413922843,0.5487237108197921,0.03599071300565766
2705,0.5765211892469891,0.055468795121046445,0.5445422535177058,0.03197893572928329
2706,0.5754962264943513,0.05692172392645259,0.5427379891691246,0.032758237325226695
2707,0.5843663572142277,0.06077039074745846,0.5488541853466502,0.035512171867577505
2708,0.5775438335986574,0.057614852107918085,0.5442687310400307,0.033275102558626694
2709,0.5699098003354189,0.05974954321578693,0.5358579500911773,0.034051850244241615
2710,0.572248051057438,0.05858437685800009,0.538723255578033,0.033524795479405026
2711,0.5659334715113612,0.059857512207771545,0.5320581018315833,0.033875369679777834
2712,0.555836790181628,0.056731308739703334,0.5243034416289484,0.03153334855267964
2713,0.5628813525411391,0.051386416757841134,0.5339568967742429,0.028924455766896277
2714,0.5591608648633969,0.05220880103038964,0.5299677465257632,0.02919311833763368
2715,0.5573252752545254,0.04988323126627435,0.5295240896584639,0.027801185596061498
2716,0.5744832941496187,0.04669205403995587,0.5476594891341329,0.026823805015485862
2717,0.565222059499992,0.04472871440975257,0.5399404034225247,0.025281656077467317
2718,0.5670988786870463,0.046674721647769174,0.5406296963775664,0.026469182309479908
2719,0.5646290814585537,0.04462336889295517,0.5394334296689383,0.025195651789615477
2720,0.5745380972207837,0.050955429433858244,0.545262261750787,0.029275835469996833
2721,0.5603865649505048,0.04988855091355145,0.5324296912737013,0.02795687367680346
2722,0.531531283183312,0.05108928353241933,0.5043757307504091,0.027155552432902897
2723,0.5185274644397418,0.042681120632698584,0.4963961311786219,0.022131333261119948
2724,0.517208866016237,0.05416405341886367,0.48919473736862357,0.02801412864761336
2725,0.5300738616647248,0.05133686474179539,0.5028615315252817,0.027212330139443137
2726,0.5253079560971777,0.054681528869915445,0.4965833139302536,0.028724642166924098
2727,0.5330676727681528,0.055405934943007135,0.5035325599705404,0.029535112797612492
2728,0.5376119759997091,0.06185584337819442,0.5043575338140295,0.03325444218567963
2729,0.5319352625788583,0.061840864948877826,0.4990399258441732,0.03289533673468504
2730,0.528596326085508,0.059575009641660154,0.4971051948624177,0.031491131223090274
2731,0.5351565071953034,0.05639761310211415,0.5049749575534239,0.03018154964187949
2732,0.5289187033532208,0.05705399387900601,0.49874177888961435,0.030176924463606453
2733,0.5273826967421624,0.056065191700946274,0.4978148847495511,0.02956781199261135
2734,0.5250073232394128,0.056105383827460234,0.49555158585683806,0.02945573738257474
2735,0.5252704242327875,0.059123762637151696,0.49421446035013217,0.031055963882655302
2736,0.5173140351275496,0.05756296341143161,0.4875359062512824,0.029778128876267185
2737,0.5381616786109472,0.05453088850964058,0.5088152441144527,0.029346434496494586
2738,0.525070275021136,0.051146749806072984,0.498214637034024,0.026855637987111977
2739,0.51737378207363,0.05714684262483034,0.48780750397125505,0.029566278102375002
2740,0.5119100483102057,0.061262542887648694,0.4805491370209834,0.03136091128922229
2741,0.5339155579856428,0.07178666997449934,0.49558753803027683,0.038328019955366006
2742,0.5494110222867001,0.07174318685177168,0.5099945246563625,0.039416497630337624
2743,0.5552254164738133,0.07256705822076677,0.5149343413509087,0.04029107512290469
2744,0.5458647972217475,0.06566368812258622,0.5100213014198799,0.035843495801867596
2745,0.553240389193908,0.06524265619638366,0.5171455166877764,0.03609487250613163
2746,0.5346685885342979,0.05754535048286606,0.5039008972149124,0.030767691319385473
2747,0.5306622104509326,0.058711240532099286,0.4995063737718525,0.031155836679080198
2748,0.5493607103746703,0.06914774998469453,0.5113736533222684,0.03798705705240188
2749,0.5621492779882286,0.06943899190553468,0.5231141988243018,0.03903507916392677
2750,0.5474140237581466,0.06250302335682185,0.5131989922453394,0.034215031512807276
2751,0.5572300171403763,0.06604443087435799,0.5204280777922314,0.0368019393481449
2752,0.5707642236049868,0.06572702392345343,0.5332495898254505,0.037514633779536295
2753,0.5507773262319204,0.06865633027142877,0.5129629762161272,0.0378143500157932
2754,0.5514916536149433,0.07055495935524062,0.5125811824093865,0.03891047120555676
2755,0.5486780451647736,0.07163378152293964,0.5093741619510066,0.039303883213767
2756,0.5553263673219182,0.06958756836097592,0.5166825557732518,0.038643811548666404
2757,0.5360215857236551,0.07145024173880735,0.4977227138464811,0.038298871877174005
2758,0.5364582323924897,0.056419928148261245,0.5061912974663622,0.0302669349261275
2759,0.5340546477311003,0.04836097688370617,0.5082272432575408,0.025827404473559586
2760,0.5500821699179105,0.04595711870833119,0.5248019783356567,0.025280191582253822
2761,0.5496728734757134,0.0426339404520072,0.5262381529198661,0.02343472055584725
2762,0.5599652611742475,0.042243604521779825,0.5363103101352674,0.023654951038980063
2763,0.5509986469108622,0.04345920609011007,0.5270526831593912,0.023945963751470952
2764,0.5376794499080966,0.04281553485865581,0.5146584166777736,0.02302103323032299
2765,0.5303899725618741,0.04184600739514898,0.5081952698477371,0.022194702714137052
2766,0.5244998327531373,0.040688386965021237,0.5031587805949888,0.02134105215814857
2767,0.5267374981653344,0.04316929562092677,0.5039986113924078,0.022738886772926695
2768,0.5253059960347572,0.04638799151688093,0.5009381059469302,0.024367890087827006
2769,0.5264684623361178,0.0502631330786852,0.5000065079519868,0.026461954384131053
2770,0.5261128560424068,0.04670122523935295,0.501542741051051,0.024570114991355713
2771,0.5151415548891425,0.0450055459188071,0.4919573279858935,0.02318422690324899
2772,0.5191903198861841,0.05384596696107925,0.4912340150750805,0.02795630481110364
2773,0.5363489678471597,0.051498002268174574,0.5087280674844336,0.02762090036272612
2774,0.5100330627485841,0.0565208726414036,0.4812055489660663,0.02882751378251773
2775,0.54181774168435,0.05445930285709554,0.5123107251966145,0.029507016487735578
2776,0.5413924745848501,0.05160581174968783,0.5134534764587266,0.027938998126123424
2777,0.5343741872628411,0.04484871620709606,0.5104081909898923,0.023965996272948768
2778,0.5345446395684136,0.05022894399601696,0.5076950268041607,0.026849612764252916
2779,0.5452326200137511,0.054199010092258824,0.515681551738997,0.029551068274754014
2780,0.5379632974109905,0.051239644683871724,0.5103982491986873,0.02756504821230316
2781,0.5300083079166198,0.048038573976578305,0.5045474646085661,0.02546084330805363
2782,0.5396481011770218,0.045038839467811446,0.5153429769790007,0.024305124198021152
2783,0.5304356193934928,0.04155389469403631,0.5083939535232497,0.022041665870243123
2784,0.5375920973616944,0.040093737602171754,0.5160380208730735,0.021554076488620948
2785,0.5590620149496087,0.03951585789579966,0.5369701998119205,0.022091815137688164
2786,0.5500563506322208,0.04436662931609894,0.5256522044207549,0.024404146211465888
2787,0.5375634284561353,0.045645903496698885,0.5130258600774719,0.024537568378663346
2788,0.5541992338434175,0.04539704737768793,0.5290402249679496,0.02515900887546798
2789,0.5531595309807196,0.043626516345900014,0.5290271076604989,0.024132423320220746
2790,0.5754702955694186,0.04128027264349524,0.5517147248700802,0.023755570699338393
2791,0.5548273863135761,0.043404760994089506,0.5307452362176599,0.024082150095916136
2792,0.5350402917842533,0.04281707118044901,0.5121314335265187,0.02290885825773458
2793,0.5416014833723252,0.04638021010894611,0.5164818927781999,0.025119590594125323
2794,0.5478731535469473,0.0563123478877703,0.5170211299260419,0.030852023620905493
2795,0.5372225992253339,0.04740238329763378,0.5117569676607036,0.025465631564630373
2796,0.5274431814440795,0.05177310912331487,0.5001358080548268,0.027307373389252695
2797,0.5515833619134421,0.04912229351062431,0.5244883221139531,0.02709503979948902
2798,0.5341350217405169,0.05255521396413927,0.5060634413872038,0.028071580353313044
2799,0.5390177151413089,0.05297933445596424,0.5104609153331479,0.028556799808161067
2800,0.5453844077472337,0.04890730086585038,0.5187111284299961,0.02667327931723758
2801,0.5408873429221451,0.053609045599255827,0.5118908886913716,0.028996454230773603
2802,0.5352981197968167,0.05327213314904674,0.5067816470845663,0.028516472712250395
2803,0.5415036914724043,0.05194068588065289,0.5133776183304222,0.02812607314198213
2804,0.5397605686496315,0.05556403668197167,0.5097692926137015,0.029991276035930013
2805,0.5413027746650563,0.054242336761843125,0.5119412472715542,0.029361527393502066
2806,0.5367000761289771,0.04766664700145996,0.5111173830544804,0.025582693074496635
2807,0.5356273280503476,0.04680123696406396,0.5105593065458349,0.02506802150451274
2808,0.5343939801112587,0.05166863607264633,0.5067825720334771,0.02761140807778163
2809,0.546494185617263,0.047226561310000886,0.5206851444546503,0.025809041162612678
2810,0.5367605348945045,0.0457211181894764,0.5122192430391462,0.02454129185535821
2811,0.5297335678165248,0.047300093489294086,0.5046771205343858,0.025056447282138933
2812,0.5403805975649275,0.044027408170796,0.5165890404283578,0.023791557136569715
2813,0.5344534654381031,0.04448657252117234,0.5106774625886991,0.02377600284940405
2814,0.5411655877311254,0.04417983443630736,0.5172569816625373,0.023908606068588086
2815,0.5502753758105505,0.04422311415172676,0.5259404850511962,0.024334890759354317
2816,0.5485719592584652,0.0447044743954636,0.5240483381517259,0.02452362110673936
2817,0.5400413267728519,0.0412242697511358,0.5177785174412065,0.02226280933164532
2818,0.544173322338682,0.039668568463848274,0.5225867456452902,0.02158657669339178
2819,0.539162654800449,0.03615728108910606,0.5196679991380805,0.019494655662368496
2820,0.5369423291226118,0.03500440693850475,0.5181469813314953,0.01879534779111645
2821,0.5618672165397353,0.0348434040750824,0.5422898500772995,0.019577366462435818
2822,0.5509964116104324,0.03321365927849428,0.5326958045315305,0.018300607078901895
2823,0.5531970899959124,0.03497269088973449,0.5338502991663847,0.019346790829527675
2824,0.557458997468453,0.035090572273533086,0.5378974422282549,0.019561555240198047
2825,0.5499764953506001,0.034213002563862005,0.5311601481051061,0.01881634724549392
2826,0.5481586684387528,0.033981315005430626,0.5295315160535782,0.018627152385174664
2827,0.5617204603791283,0.03162546351371604,0.5439557904545004,0.0177646699246279
2828,0.5537801573004186,0.0414406418942303,0.5308311521136014,0.022949005186817174
2829,0.5489357833975261,0.04288077329925243,0.5253969925138092,0.023538790883716857
2830,0.5413539976469924,0.04086855044741603,0.519229644484246,0.02212435316274645
2831,0.5493890313509336,0.04045376783653618,0.5271641750247235,0.022224856326210168
2832,0.5534521946008041,0.0435998595073272,0.5293217566721871,0.02413043792861697
2833,0.5698947159393017,0.038637786097249445,0.5478752458068863,0.022019470132415474
2834,0.549909281066342,0.04108958958693655,0.5273137343972786,0.02259554666906333
2835,0.5566909045566004,0.041195789315021686,0.5337575833388979,0.022933321217702557
2836,0.5694827573305404,0.0416547491970156,0.5457610959019119,0.02372166142862856
2837,0.5590551000825568,0.03814640979980038,0.5377291551341391,0.021325944948417625
2838,0.5561070344384237,0.043804827258104535,0.5317468618578317,0.02436017258059194
2839,0.5635563900236116,0.039326803770607086,0.5413935184594812,0.022162871564130285
2840,0.5480446352409399,0.04264546382465121,0.5246730175744783,0.02337161766646167
2841,0.5534949349953782,0.043378712013370686,0.5294850376093543,0.024009897386023837
2842,0.5636810496812736,0.04217735115560064,0.539906476109109,0.02377457357216465
2843,0.5493369891607528,0.04373801613658951,0.5253100790644143,0.0240269100963385
2844,0.5374105345659884,0.039034676214126714,0.5164328883551443,0.02097764621084411
2845,0.5563268139406518,0.037639888756009134,0.5353867345519406,0.020940079388711123
2846,0.5318306394328879,0.03622272762562384,0.512566283037749,0.01926435639513886
2847,0.5366306797182253,0.03775533204693931,0.516370010218889,0.020260669499336338
2848,0.545717841463706,0.033993148651327916,0.5271671737571485,0.018550667706557562
2849,0.5543326338042076,0.03402942859207819,0.5354690110259087,0.01886362277829891
2850,0.6282994705029293,0.030420662465542602,0.6091861843834806,0.019113286119448753
2851,0.6404243021339492,0.029685412059110492,0.6214130428324346,0.019011259301514555
2852,0.6274890907797209,0.027012250711417694,0.6105391981408995,0.016949892638821358
2853,0.6313183298265993,0.029154295755509402,0.6129126885229604,0.01840564130363891
2854,0.6237074334711858,0.026185287977683987,0.6073754747119207,0.01633195875926518
2855,0.6185930595819782,0.027305464593671048,0.6017020886956719,0.01689097088630635
2856,0.6076766238686557,0.029963743384331415,0.5894683574503985,0.018208266418257284
2857,0.6186282586459314,0.028125795388409505,0.6012288468217679,0.01739941182416354
2858,0.607515895627404,0.027420459505931447,0.5908575306121432,0.01665836501526091
2859,0.6093556402632687,0.02745589405640156,0.5926252363615296,0.016730403901739046
2860,0.6099268508209142,0.030384181634328093,0.5913947226019178,0.018532128218996392
2861,0.5991307129410925,0.029648775980604163,0.5813672206500025,0.017763492291090113
2862,0.5902363080157103,0.028581125574074294,0.5733666899779353,0.016869618037775008
2863,0.5900608647333506,0.02967791406717251,0.5725490890953927,0.01751177563795788
2864,0.5833642295010656,0.032485138248408485,0.5644135618565472,0.018950667644518412
2865,0.5752686985173593,0.03374576392760899,0.5558558168222496,0.01941288169510967
2866,0.5862498400583513,0.03311330163095571,0.5668371722733996,0.01941266778495173
2867,0.5829165600400574,0.03290812010423564,0.5637338718715114,0.019182688168546097
2868,0.5790400295862627,0.03403841546430134,0.5593304244887441,0.01970960509751855
2869,0.5997708876652412,0.033643232068209114,0.5795926565037637,0.02017823116147749
2870,0.5983009751292846,0.03314473246022079,0.5784704493779352,0.01983052575134935
2871,0.5978365063476572,0.0346123924290767,0.5771439545815239,0.02069255176613331
2872,0.5939428936150373,0.03591113494601071,0.5726137302122036,0.021329163402833688
2873,0.5811395090364311,0.03740183278710361,0.559403826293471,0.02173568274296008
2874,0.5753416896770385,0.039455922925979756,0.5526410523130383,0.02270063736400019
2875,0.5835388465489344,0.03793833541044244,0.5614003540635382,0.022138492485396177
2876,0.576853926671151,0.03961963139237923,0.5539991867291935,0.02285473994195756
2877,0.5719991013573544,0.03713525783907515,0.5507577672447298,0.021241334112624636
2878,0.5762759994559874,0.032735358172003626,0.5574113982078663,0.018864601248121116
2879,0.5623091258668715,0.0337608730219675,0.5433250788693865,0.01898404699748499
2880,0.5318005909542743,0.03940254952564596,0.5108462918314307,0.02095429912284358
2881,0.48819105008906655,0.03845354591033302,0.46941837313145296,0.01877267695761361
2882,0.45699910518448994,0.046605473514597026,0.4357004454916197,0.021298659692870286
2883,0.4631421091798057,0.04490553331909939,0.44234446576455394,0.020797643415251733
2884,0.48772538970815293,0.04475463321005325,0.4658974187845343,0.021827970923618663
2885,0.4765108014886698,0.048584373396257784,0.4533598227817942,0.023150978706875602
2886,0.4793486209948746,0.049780519168873216,0.4554863977788663,0.023862223216008296
2887,0.494072803075573,0.041252936645048664,0.4736908490322548,0.020381954043318218
2888,0.48723389659626404,0.042966484990118174,0.46629916869148386,0.020934727904780168
2889,0.4899117979613652,0.0475229104517909,0.46662976345757134,0.023282034503793833
2890,0.4792909531236787,0.04700130616063893,0.4567636522958882,0.022527300827790465
2891,0.4830172685954401,0.050956867058350314,0.4584042218527348,0.024613046742705327
2892,0.46928226138665735,0.04710377067003866,0.44717729736678313,0.022104964019874246
2893,0.5114751556005737,0.04342066136051139,0.4892665660749263,0.02220858952564738
2894,0.48568843621449886,0.04467299315744622,0.4639912800268378,0.021697156187661062
2895,0.485107502980433,0.04298579504923007,0.4642547712804723,0.020852731699960658
2896,0.4926235931567836,0.04616364078548749,0.4698822945598377,0.022741298596945892
2897,0.4824876577516805,0.04738594464778171,0.45962452430822154,0.02286313344345898
2898,0.4792777238300099,0.04216952645815191,0.45906680917415743,0.020210914655852428
2899,0.4938681755428656,0.050228077253494714,0.46906212666865604,0.024806048874209542
2900,0.4910723094916758,0.0576814261646096,0.46274655833024736,0.028325751161428412
2901,0.4813660169759823,0.054383253252748634,0.45518776696751057,0.026178250008471744
2902,0.4787911981873443,0.050778014288196394,0.45447913188472466,0.024312066302619638
2903,0.46706701481728635,0.057696206169988884,0.44011902003518694,0.026947994782099405
2904,0.47128267840078025,0.07332559698864037,0.43672559465663763,0.03455708374414262
2905,0.48608073955047526,0.056860136619680104,0.4584421222914401,0.027638617259035166
2906,0.4740335183588308,0.056633058840643166,0.447187550221178,0.026845968137652765
2907,0.4854591076101513,0.057813380917179816,0.45739307530217144,0.028066032307979865
2908,0.48831129735094436,0.05394458933350073,0.4619695449484387,0.026341752402505657
2909,0.4882054034953618,0.07183578332323814,0.45313478591263495,0.03507061758272686
2910,0.46247418789669525,0.056225917359228945,0.43647115242723916,0.026003035469456107
2911,0.485705263032896,0.05145262825814693,0.46071445069103895,0.02499081234185707
2912,0.4721933516277396,0.04773165167764414,0.449654783043345,0.022538568584394608
2913,0.4484507754066615,0.05269474926659089,0.4248197742381992,0.02363100116846229
2914,0.46987776505995243,0.045200559118039496,0.44863902736210776,0.021238737697844654
2915,0.4600555119864302,0.04927131549280874,0.43738797171114113,0.022667540275289055
2916,0.4344573230033309,0.0558712992512775,0.41018362789790286,0.02427369510542803
2917,0.4784623520890889,0.049530003910091755,0.4547641099192846,0.02369824216980427
2918,0.4658306985928388,0.04948431711007431,0.44277938458406335,0.023051314008775484
2919,0.44506652977522254,0.050933165484485975,0.4223978825625752,0.022668647212647313
2920,0.4524449050950059,0.04987710566914324,0.4298782627541168,0.022566642340889093
2921,0.46228510606351947,0.049342158477983865,0.43947496109812173,0.022810144965397756
2922,0.4583133379671073,0.050267858544720295,0.4352749079250182,0.023038430042089136
2923,0.47366982103917415,0.055157316685960106,0.44754346471553436,0.026126356323639778
2924,0.47502079232758304,0.05131523254413405,0.45064498990599433,0.02437580242158873
2925,0.46535039256584,0.051998721384174995,0.4411527671567924,0.024197625409047574
2926,0.47469312238822114,0.051937939559509066,0.4500385396883071,0.02465458269991407
2927,0.4600188689855389,0.05306848868386838,0.4356063628424139,0.024412506143125002
2928,0.46197568727539884,0.056455353783208,0.4358946864110255,0.026081000864373302
2929,0.48262664843574293,0.05240004106258966,0.45733699223981,0.02528965619593295
2930,0.46845142886836394,0.05350283316806461,0.4433879502222784,0.02506347864608556
2931,0.4868354527549469,0.0544019198168992,0.46035066949014847,0.026484783264798438
2932,0.5069406445272042,0.0528902943385317,0.48012840462599543,0.0268122399012088
2933,0.49493445834744737,0.05238442040913277,0.46900760360640825,0.025926854741039094
2934,0.4968961070513604,0.057384226202542805,0.4683821084451622,0.02851399860619819
2935,0.49951458407049354,0.05587294004757488,0.47160523566183354,0.027909348408659985
2936,0.49549865914034713,0.055882756940077896,0.4678088280074726,0.027689831132874525
2937,0.4971733999341147,0.05765920743474378,0.46850677573627675,0.02866662419783795
2938,0.5085229436905689,0.05640081369464612,0.4798418358840241,0.028681107806544797
2939,0.5022969187861775,0.059070332645087945,0.4726260727068753,0.029670846079302232
2940,0.5060618993430523,0.05601980367670327,0.47771241109359497,0.028349488249457364
2941,0.5236097350637096,0.05580328006497759,0.49439059437320065,0.0292191406905089
2942,0.5172243614911207,0.05285439196159371,0.489886782356784,0.02733757913433673
2943,0.5106176531003542,0.05587637967601778,0.4820861872464417,0.02853146585391253
2944,0.5139471258474632,0.05612165939772972,0.4851035603022097,0.028843565545253462
2945,0.5061617058672304,0.056165069569348754,0.4777330984438572,0.028428607423373237
2946,0.5018449546406928,0.055790232326525524,0.4738469080293939,0.027998046611298913
2947,0.5153414222702574,0.055413352864933735,0.4867846261920788,0.02855679607817859
2948,0.5039062810542727,0.05531794714584464,0.4760312200324533,0.027875061021819393
2949,0.5233466278247827,0.0551345933419715,0.4944921243227712,0.028854503502011502
2950,0.5214861583653435,0.05638632427011427,0.49208147073737907,0.029404687627964422
2951,0.5112431091401561,0.060148144051681424,0.48049278496616454,0.030750324173991598
2952,0.5316262359593605,0.0555247387310672,0.5021078281051363,0.029518407854224174
2953,0.5534900920034772,0.05103221355630737,0.5252442674270555,0.028245824576421663
2954,0.5435055690782706,0.05420750550643545,0.5140434879496819,0.02946208112858869
2955,0.5343262737295448,0.06572482761369985,0.4992077714991998,0.03511850223034493
2956,0.5286973119780994,0.06367500177773558,0.49503250969800994,0.0336648022800895
2957,0.5372630570441189,0.06639780491356027,0.5015899693952405,0.035673087648878415
2958,0.53965622325724,0.07021902562115438,0.5017620890897245,0.037894134167515546
2959,0.5461491742086658,0.071018294460983,0.5073625913350921,0.03878658287357373
2960,0.518228071410804,0.0755231326258901,0.47908986404318654,0.03913820736761739
2961,0.5241968565121944,0.07359112023561405,0.4856206226174746,0.03857623389471982
2962,0.5431562724402685,0.06920417980649718,0.5055675880992854,0.037588684340983114
2963,0.5290568102916672,0.06904269676294679,0.49252930136832773,0.03652750892333944
2964,0.5323302776988401,0.06836042443723539,0.49593995397455604,0.03639032372428409
2965,0.5387496789473966,0.0664709463518047,0.5029384779410322,0.0358112010063644
2966,0.5430789615271606,0.06522596122763262,0.507656114239047,0.03542284728811357
2967,0.5503090399433421,0.06681365915887431,0.5135408793165204,0.03676816062682181
2968,0.5566120751936487,0.06446921014495723,0.5207277343487686,0.035884340844880076
2969,0.5504167569796625,0.0677994477406723,0.5130988048292295,0.03731795215043295
2970,0.5459472663536478,0.0645141370590122,0.5107259495851155,0.03522131676853227
2971,0.5590594985993365,0.060407048247315374,0.5252883644943264,0.03377113410501006
2972,0.5317258054127918,0.0642849310100926,0.4975438486955446,0.03418195671724724
2973,0.541672750672893,0.06530269220415841,0.5063000617603213,0.035372688912571774
2974,0.5371543905103983,0.06510003662945937,0.5021856200124964,0.03496877049790185
2975,0.5365198273280287,0.0642225911625289,0.5020631338069501,0.03445669352107859
2976,0.5413193959006983,0.06433675888564638,0.5064926604465113,0.034826735454186984
2977,0.5672030248289784,0.06277131274659446,0.5315989463666243,0.03560407846235419
2978,0.5485052769738009,0.06344397967330785,0.513705919330773,0.03479935764302792
2979,0.560709923724072,0.06265143163074918,0.5255806442731907,0.03512927945088129
2980,0.5719397227253578,0.06132404433129811,0.5368660658141176,0.03507365691124019
2981,0.5587268152165487,0.06410394587240455,0.5229102216964461,0.035816593520102614
2982,0.5550600087526832,0.05844766342809588,0.5226180481787105,0.032441960573972785
2983,0.5534814784330095,0.05688339952727052,0.5219975703643603,0.031483908068649244
2984,0.5521701860042542,0.06054527953760843,0.5187388877402933,0.03343129826396081
2985,0.5569714633426177,0.05934924742533906,0.5239156261558435,0.033055837186774184
2986,0.5473455647006661,0.05955998270876537,0.514745672331375,0.03259989236929109
2987,0.5518339781349996,0.05949862574067133,0.5190006147989594,0.032833363336040144
2988,0.5515876730792368,0.055270315948462184,0.5211012481148704,0.030486424964366488
2989,0.5713028090468204,0.049295264295069335,0.5431402860823419,0.02816252296447854
2990,0.5654092780768043,0.048115549765596934,0.5382042998195696,0.027204978257234714
2991,0.5431680893717348,0.05689454171045171,0.5122647898551882,0.030903299516546526
2992,0.5416494741075845,0.0534796300835557,0.5126822605973583,0.028967213510226096
2993,0.5521995669027477,0.0441622646763011,0.5278131834750498,0.024386383427697982
2994,0.5536558146912672,0.05850366019735456,0.5212649230422798,0.032390891648987404
2995,0.5549291393681451,0.05514889671387183,0.5243254095776135,0.030603729790531622
2996,0.532703576340371,0.05725831442829529,0.5022018674691967,0.030501708871174368
2997,0.5554085600013962,0.055576482885432085,0.5245409056720561,0.030867654329340074
2998,0.5516430771980435,0.05409967510406217,0.5217993659482243,0.02984371124981924
2999,0.5331157913637417,0.054005823976929594,0.5043244337760299,0.028791357587711754
3000,0.5490395595772426,0.05663795286616505,0.5179430828802467,0.031096476696995883
3001,0.5725111479738552,0.05419590811757945,0.5414833864019741,0.031027761571880984
3002,0.5788776169543188,0.051349602373995905,0.5491524815005082,0.029725135453810583
3003,0.5739833089952959,0.05065518707386586,0.5449080771008626,0.02907523189443327
3004,0.5546113214401774,0.05086103302942749,0.5264032167019141,0.028208104738263292
3005,0.5719882301933059,0.05157737368321539,0.5424865795022248,0.029501650691081162
3006,0.5751237939894495,0.05003913679355797,0.5463450957887813,0.028778698200668112
3007,0.5864800973415921,0.05252054624108406,0.5556778422696875,0.03080225507190457
3008,0.5823826719473207,0.055827734703827944,0.5498695666417392,0.032513105305581484
3009,0.5696029082200803,0.055849021125114855,0.5377911433659702,0.03181176485411012
3010,0.5419084872136506,0.0614808588213369,0.5085914880171839,0.033316999196466704
3011,0.5638169495110182,0.060145386925720086,0.5299059609273988,0.03391098858361938
3012,0.5561075156061634,0.062130428239873844,0.5215563175141402,0.03455119809202326
3013,0.5609749725489944,0.05974107511754998,0.5274617245748794,0.033513247974115014
3014,0.5500199430539446,0.058498587143172805,0.5178445534847205,0.032175389569224125
3015,0.5666378677726638,0.06063054565766437,0.5322823046593117,0.034355563113352076
3016,0.569927308786428,0.06355581543890222,0.5337051139356076,0.03622219485082046
3017,0.557471655120621,0.06077986116282991,0.5235886053201767,0.03388304980044434
3018,0.5502207501304127,0.0613532528644254,0.5164629173164077,0.03375783281400504
3019,0.5565786918504684,0.05796738723687731,0.5243152792921777,0.03226341255829071
3020,0.555916951321812,0.05721722960552899,0.5241089234764261,0.0318080278453858
3021,0.5628947575777034,0.05679759428946922,0.5309236895091358,0.031971068068567525
3022,0.5484864693612203,0.0542375018364277,0.5187379334719853,0.02974853588923493
3023,0.5315532311809081,0.056092949276171575,0.5017368427466924,0.029816388434215784
3024,0.5277138834477948,0.055576898350709544,0.49838518258915854,0.029328700858636276
3025,0.548502155238698,0.05695142712468765,0.5172641747168872,0.031237980521810822
3026,0.5366537992772947,0.0544428645437413,0.5074368291763568,0.029216970100937892
3027,0.5328837178392652,0.05624581743420357,0.5029112375320183,0.029972480307246963
3028,0.5408671806319746,0.05568928179408097,0.5107466757965905,0.030120504835384126
3029,0.5375956590612423,0.056238838144887206,0.5073619038039031,0.030233755257339172
3030,0.5404272736982226,0.05605302551256464,0.5101346899379304,0.030292583760292226
3031,0.5483228495161102,0.052322826403005035,0.5196330482480778,0.02868980126803249
3032,0.535239995913577,0.04863898099587386,0.5092064679241048,0.026033527989472074
3033,0.5311266925043582,0.05327305935928741,0.5028319486872715,0.028294743817086666
3034,0.5397276494724101,0.0495839851401791,0.5129658017212264,0.02676184775118378
3035,0.5320075958737208,0.05337038915511842,0.5036141434484613,0.028393452425259452
3036,0.5284988835027834,0.053612095917461584,0.5001649506681608,0.02833393283462258
3037,0.5518978804550484,0.054279080334596046,0.5219413710653356,0.029956509389712855
3038,0.534080216240526,0.05159093252869832,0.5065265198395484,0.027553696400977587
3039,0.5418377120105385,0.046909120804635,0.5164205813213292,0.025417130689209384
3040,0.5458963789833909,0.04726442267287999,0.5200949017915253,0.02580147719186567
3041,0.5310479094625843,0.04685694905733543,0.5061646246218915,0.024883284840692788
3042,0.5384313992822956,0.047856343994406275,0.5126640410208525,0.025767358261443052
3043,0.5422976780961084,0.045203791518557794,0.5177837669144539,0.02451391118165445
3044,0.5392944389848758,0.047191795671645866,0.5138441660134467,0.02545027297142915
3045,0.5295500804366037,0.05024109878790044,0.5029449025322477,0.026605177904356028
3046,0.545065267323618,0.050134415972905945,0.5177387384792326,0.027326528844385446
3047,0.5457235208391199,0.04821102718630857,0.5194136293397371,0.02630989149938284
3048,0.5376961291753264,0.049487205049069796,0.5110870505767359,0.026609078598590498
3049,0.5568097313023604,0.04987033175225765,0.5290414452794263,0.027768286022934154
3050,0.5303933600799147,0.05096726290550843,0.5033606622533856,0.02703269782652901
3051,0.5310950451644182,0.0487754514551638,0.5051906445709231,0.025904400593495105
3052,0.5126532356953319,0.05333396724504867,0.4853114048146889,0.02734183088064305
3053,0.5118880157374255,0.05580003377572387,0.4833246471698889,0.028563368567536614
3054,0.5087699885840191,0.05609922426907612,0.4802283868930689,0.028541601690950186
3055,0.5041389194542352,0.05014781804569147,0.47885745265169266,0.025281466802542493
3056,0.49754994903851585,0.04984481905158419,0.4727496618595661,0.024800287178949755
3057,0.5150532458190942,0.04784667192290962,0.49040966214355824,0.02464358367553592
3058,0.5115446443067058,0.05078844076311461,0.4855640894416461,0.02598055486505966
3059,0.5084215664100487,0.05304469211160129,0.4814525009569296,0.026969065453119077
3060,0.5122392433786822,0.05058422723927735,0.4863280170907395,0.025911226287942755
3061,0.5317822381393247,0.04862986563250814,0.5059217393528549,0.025860498786469805
3062,0.5218157466433683,0.04867296988606484,0.4964174245209212,0.025398322122447105
3063,0.5247374481641386,0.048934672478817935,0.4990595930008558,0.025677855163282824
3064,0.5246687832636715,0.04657895978087315,0.5002302571097533,0.024438526153918207
3065,0.5194787806834534,0.04825703952216348,0.49441027263308673,0.025068508050366707
3066,0.522145235079304,0.04954687273025954,0.4962745715701183,0.025870663509185723
3067,0.5286002596556346,0.04735525979766969,0.5035682570305264,0.025032002625108234
3068,0.5132017575502562,0.04342048274119256,0.4909182894937956,0.02228346805646059
3069,0.5168454598087011,0.05033464925978989,0.4908302248677153,0.026015234940985805
3070,0.5095307193778973,0.05479634957962321,0.48161029595730914,0.027920423420588154
3071,0.5177522301728316,0.05373893578864979,0.4899287763211435,0.027823453851688024
3072,0.522419964596658,0.04941133381807792,0.49660649733274403,0.025813467263913915
3073,0.5469508438155811,0.04602488582341791,0.5217774936779469,0.025173350137634203
3074,0.5270547540803607,0.050181741627920357,0.500606228587333,0.026448525493027765
3075,0.5343774331282912,0.049745102479356554,0.5077947729546689,0.02658266017362235
3076,0.5432748219529123,0.049172863076457664,0.5165604435201349,0.026714378432777474
3077,0.5336542249172189,0.04909398938262996,0.5074550100651374,0.026199214852081567
3078,0.5326087257484936,0.04593235529078859,0.5081447525264396,0.02446397322205399
3079,0.5400645904133374,0.04539629235805305,0.5155476603747013,0.02451693003863604
3080,0.5257466202528142,0.04842824936877735,0.500285631822419,0.02546098843039517
3081,0.5297304636036652,0.048694437582804444,0.5039355366080064,0.025794926995658735
3082,0.5376324430207737,0.04219258721092105,0.5149483392811992,0.022684103739574538
3083,0.5395546376181636,0.04386629180379734,0.5158863764403131,0.023668261177850494
3084,0.5407818528588517,0.045291497689172386,0.5162890328197487,0.024492820039103042
3085,0.5619987177659563,0.04458905932354305,0.536939723599735,0.025058994166221354
3086,0.5550629738285221,0.04297191347812183,0.5312108557422538,0.02385211808626825
3087,0.5455839396901568,0.042090588268252155,0.5226199907188875,0.022963948971269306
3088,0.553811653272465,0.041684966978998664,0.5307260327932176,0.023085620479247358
3089,0.5459514109713876,0.0388754532116956,0.5247273024383102,0.021224108533077376
3090,0.5416880670218741,0.048888286356066415,0.5152058656856446,0.02648220133622948
3091,0.5602089908939685,0.04570018833740126,0.5346073345018086,0.025601656392159867
3092,0.5441327651982706,0.04260316750516958,0.5209509858574776,0.02318177934079303
3093,0.5507371912734793,0.042131329481032466,0.5275339012104779,0.023203290063001356
3094,0.5502680860368876,0.04311820741678773,0.5265415125683103,0.023726573468577313
3095,0.5216341628556678,0.0492992337223047,0.49591799834350747,0.025716164512160317
3096,0.5476376778447318,0.04702200247722743,0.5218866576004938,0.02575102024423806
3097,0.5728011131684762,0.04188697397602913,0.5488082078477476,0.023992905320728473
3098,0.5540354445877078,0.043641684740058875,0.5298564043801928,0.0241790402075151
3099,0.5568637359837876,0.040839395909393825,0.5341217574023616,0.022741978581426056
3100,0.5798873277218594,0.040346924489294354,0.5564906574979668,0.023396670223892548
3101,0.5673233839035868,0.03955731569597399,0.5448815937048044,0.02244179019878243
3102,0.566053730917368,0.04003526383440489,0.5433916204556419,0.02266211046172606
3103,0.5784878330913908,0.0400538301496244,0.555317179681124,0.02317065341026684
3104,0.5754250368294653,0.03407238617404508,0.5558189327603976,0.019606104069067657
3105,0.5789509164013871,0.038785774439041756,0.5564958567465663,0.022455059654820718
3106,0.5629976327497919,0.040450320439367304,0.5402241980984576,0.02277343465133431
3107,0.5543633391067124,0.04078992257008517,0.5317509014288557,0.02261243767785667
3108,0.5725290982109286,0.04147958877820758,0.5487808266535812,0.023748271557347336
3109,0.5879918397226793,0.03862666761268659,0.5652796743707393,0.02271216535194002
3110,0.5748654316352101,0.04023606615684097,0.5517351080966548,0.023130323538555254
3111,0.5791369941240236,0.040073347483285074,0.5559290361180664,0.023207958005957225
3112,0.5735942911666765,0.03783970640518596,0.5518896515932387,0.021704639573437788
3113,0.5617965523686598,0.04103687738994472,0.5387421761310134,0.023054376237646352
3114,0.5521377492959292,0.04372884378207213,0.5279934039107825,0.024144345385146596
3115,0.5547804069240311,0.04768120776826427,0.5283278070757241,0.02645259984830692
3116,0.5483621813139056,0.04758254398340619,0.5222697137027001,0.02609246761120547
3117,0.5392889710040503,0.04846997760102763,0.5131496466590028,0.026139324345047555
3118,0.5484919347397325,0.049222253065224424,0.5214939259237388,0.02699800881599367
3119,0.5396113415924921,0.049045618244093515,0.5131457697325637,0.02646557185992851
3120,0.5371900212113937,0.050790950778927306,0.5099056292851148,0.027284391926278812
3121,0.5571308952848425,0.040792057092552354,0.5344043799963584,0.022726515288484104
3122,0.54049819801389,0.03835870598331807,0.519765386551762,0.020732811462128038
3123,0.5272750568210611,0.039695693457297274,0.5063445077978133,0.020930549023247844
3124,0.5325476936933337,0.04017577663406251,0.5111521765045252,0.021395517188808513
3125,0.5452747677748301,0.04043463115588513,0.5232267836612439,0.022047984113586175
3126,0.536966343443757,0.043455454668653554,0.5136322268476442,0.023334116596112838
3127,0.5378904939648481,0.04416203973305571,0.5141361525983396,0.023754341366508582
3128,0.5282987490375743,0.04195830033482501,0.5061322314589435,0.02216651757863089
3129,0.5346307206245094,0.04480490351037167,0.5106766427732479,0.023954077851261617
3130,0.5391809271171722,0.04361454483457343,0.5156647963974734,0.02351613071969878
3131,0.5347763097343197,0.04510733629406717,0.5106539748890335,0.024122334845286184
3132,0.5227956604892531,0.04025192258300726,0.5017521300365075,0.021043530452745565
3133,0.5420112843163385,0.0365883773247872,0.5221799709314798,0.01983131338485871
3134,0.5416778791385692,0.036492851458903595,0.5219105087565915,0.01976737038197774
3135,0.5450287664090361,0.03719631793107116,0.5247557031321061,0.02027306327693002
3136,0.5415159640689393,0.03430144161768149,0.5229411858423861,0.01857477822655323
3137,0.5364471584214868,0.035078283239511725,0.5176295130553467,0.018817645366140133
3138,0.5352289354746036,0.034217126592969105,0.516914939233249,0.018313996241354602
3139,0.5374084570524919,0.033757217719970915,0.5192670427632172,0.018141414289274606
3140,0.5383479454350211,0.03275744051354545,0.520713044636844,0.017634900798177113
3141,0.6969166746431619,0.021571317931046455,0.6818832634829866,0.015033411160175305
3142,0.7199206844069417,0.02236724447685044,0.7038180424548701,0.016102641952071554
3143,0.7119302975523398,0.02131019077692109,0.6967589270916292,0.015171370460710558
3144,0.7107061512197935,0.02258859295375901,0.6946522992601569,0.016053851959636614
3145,0.7148986562962615,0.022301718870030802,0.6989551874429795,0.015943468853282
3146,0.7094039656733745,0.025398714806445694,0.6913860166666749,0.01801794900669963
3147,0.7141917302394009,0.02342612253093608,0.6974609872562314,0.016730742983169452
3148,0.715242212317742,0.02236716121985369,0.6992442744435863,0.01599793787415576
3149,0.7002061564265021,0.021647051125864666,0.6850487579596924,0.015157398466809682
3150,0.6971069827731352,0.02330735780506333,0.6808592608972336,0.01624772187590158
3151,0.6841375536873207,0.02298631663287864,0.6684117512578209,0.015725802429499763
3152,0.6548496521577255,0.022900767361001127,0.6398530926172289,0.014996559540496581
3153,0.6227310739516277,0.024178470021037363,0.6076743893489199,0.015056684602707832
3154,0.5999648751193262,0.025982467940919643,0.5843763069858604,0.01558856813346575
3155,0.6133956587116303,0.024796356356181916,0.5981856813708817,0.015209977340748526
3156,0.6188465308015194,0.027487441064133363,0.6018360232583693,0.017010507543150158
3157,0.639150054243036,0.026459026852260942,0.6222387657951954,0.016911288447840525
3158,0.6266701524816004,0.024826140069122947,0.6111123514989536,0.015557800982646848
3159,0.6307337303667324,0.024870027942098596,0.6150473648684877,0.015686365498244717
3160,0.6231532687599785,0.023407989944862602,0.6085665033107366,0.014586765449241838
3161,0.6065657329024599,0.026586800934245175,0.5904390905082476,0.01612664239421223
3162,0.6036406292906943,0.02474096506343052,0.588705977570546,0.014934651720148281
3163,0.604124277642225,0.027524786039338372,0.5874958861589529,0.016628391483272092
3164,0.5380510009227206,0.02935325992305838,0.5222574500407743,0.015793550881946342
3165,0.5033976597760998,0.033819978589798974,0.48637276170031724,0.017024898075782606
3166,0.5012507575889342,0.032965847941980694,0.4847266013334548,0.01652415625547943
3167,0.47222051648292235,0.03733128299103209,0.45459191874792704,0.017628597734995307
3168,0.47722273587107344,0.04005110593784698,0.4581094375207519,0.01911329835032153
3169,0.4972261593218567,0.03792899505605351,0.4783668707831975,0.018859288538659178
3170,0.5067566980124633,0.0330506523244577,0.49000805857336316,0.016748639439100127
3171,0.5132799217619138,0.032198047622657724,0.4967533103972697,0.01652661136464413
3172,0.53147403688688,0.03100817481297512,0.514993997042534,0.016480039844345963
3173,0.5189301223805655,0.03444737872878186,0.501054339921149,0.01787578245941646
3174,0.517018992906313,0.040905583216098516,0.4958700294676804,0.021148963438632637
3175,0.5186362110379701,0.05140336422795633,0.4919765649801781,0.026659646057792
3176,0.5046030561806782,0.044962364117166614,0.4819149098340475,0.022688146346630737
3177,0.5007990777895556,0.03936993986606039,0.48108264821200225,0.0197164295775533
3178,0.48979254027251323,0.039767627354424524,0.47031465304997894,0.01947788722253427
3179,0.48995822808930434,0.0366544178104582,0.4719990944872472,0.01795913360205714
3180,0.4842035070293161,0.03733066374200055,0.4661278687257073,0.0180756383036088
3181,0.520554255205787,0.03568682999199249,0.5019773239986498,0.018576931207137194
3182,0.5102277358254947,0.034825661109957814,0.492458717608735,0.01776901821675976
3183,0.5009366993098171,0.03240915901443467,0.4847017621657192,0.01623493714409791
3184,0.5075845123677253,0.034400380489918767,0.4901234120114857,0.01746110035623963
3185,0.5063751452666831,0.04047534380633456,0.4858794371670315,0.020495708099651608
3186,0.5214665274675604,0.04292471332881627,0.4990827262654421,0.022383801202118324
3187,0.5245974017215473,0.04768712809817968,0.49958085822567966,0.025016543495867655
3188,0.5152366147937576,0.04053334119206647,0.4943523532916769,0.020884261502080698
3189,0.5217148274567426,0.05954955309850378,0.49064694263683056,0.03106788481991203
3190,0.531889077328606,0.04996247188765828,0.505314584255223,0.02657449307338298
3191,0.5381709598482785,0.06382153944990304,0.5038240607035294,0.03434689914474909
3192,0.5317784866443893,0.05922351556570545,0.500284695163098,0.03149379148129128
3193,0.544841832959024,0.0687253791234587,0.5073973714265949,0.037444461532429085
3194,0.5270667697418236,0.07069864864281836,0.4898038613765412,0.037262908365282434
3195,0.5173070300469679,0.07577673375877482,0.4781071929595563,0.039199837087411614
3196,0.5093330077531673,0.07973413705419456,0.46872177990675107,0.04061122784641618
3197,0.4979075423719625,0.08272621667114508,0.4567175351395022,0.041190007232460316
3198,0.48657028699941096,0.08202943088825657,0.4466572032697136,0.039913083729697346
3199,0.496342519359768,0.07754186398064337,0.457855195235763,0.038487324124004976
3200,0.5009097844502042,0.07631669264780268,0.46268200638604084,0.038227778064163324
3201,0.5215583516557475,0.07225161841315961,0.4838749166517199,0.03768343500402758
3202,0.516410679172031,0.07469677739279114,0.4778364656266577,0.038574213545373284
3203,0.5061487100878135,0.0762417698320575,0.4675590366325056,0.03858967345530787
3204,0.5068621122616942,0.07694705527385277,0.46786056529327186,0.039001546968422354
3205,0.5461433216926699,0.07021076592692313,0.5077981807707536,0.03834514092191632
3206,0.5312652687266466,0.07304599613582816,0.49245846796014026,0.03880680076650633
3207,0.5186371738939122,0.072895093492865,0.4808310686140402,0.037806105279872014
3208,0.5179267546650888,0.072550677595418,0.48035081766934073,0.03757593699574801
3209,0.5076964532188554,0.072381460201522,0.47094864259574093,0.036747810623114455
3210,0.5129391826578984,0.0762309988339383,0.4738373164228229,0.03910186623507552
3211,0.5126932893748526,0.07227901824831064,0.4756363217563412,0.03705696761851138
3212,0.4943480311961661,0.07639709751455225,0.4565812764507457,0.03776675474542042
3213,0.4857014010263868,0.07090440385363338,0.4512630327357363,0.03443836829065047
3214,0.504776688860148,0.07534694024150258,0.4667433098492989,0.03803337901084912
3215,0.496067063970475,0.06990427618135858,0.46138985492620727,0.034677209044267764
3216,0.5022778702861238,0.07080726545634644,0.4667129477919259,0.03556492249419791
3217,0.5179636642296116,0.06658008717652905,0.4834775983109296,0.03448606591868196
3218,0.5063165689278945,0.07383947422630464,0.4689304196861922,0.03738614924170226
3219,0.5135540885723763,0.07267584594348257,0.4762311107476447,0.037322977824731624
3220,0.5213178697098397,0.06696201468773884,0.4864093748613487,0.03490849484849101
3221,0.5118386884540261,0.07524010089580734,0.4733278938923675,0.03851079456165862
3222,0.5151415720644107,0.06949008008759852,0.4793443429652034,0.0357972290992073
3223,0.530876969396745,0.07177222370691672,0.4927747487883518,0.03810222060839316
3224,0.5218383913669938,0.07324060777475118,0.48361863042307673,0.038219760943917096
3225,0.5153564698002687,0.07501401518896558,0.4766975117469397,0.03865895805332904
3226,0.5070005555057701,0.062427759000625624,0.47534964701347254,0.03165090849229753
3227,0.5188039683878302,0.07221401479774976,0.4813390509375401,0.03746491745029007
3228,0.5085661221412249,0.07248583166613483,0.4717022838205971,0.03686383832062779
3229,0.5253359007789297,0.06672579972159558,0.4902824426769908,0.03505345810193887
3230,0.5169541032685766,0.06128759959529244,0.4852712271783086,0.03168287609026798
3231,0.5281903588695323,0.0633223832286064,0.4947440865475406,0.03344627232199166
3232,0.5324123652448585,0.06676189201625599,0.49686750840826177,0.03554485683659668
3233,0.5247797315924873,0.06673233043038208,0.48975995714069015,0.03501977445179708
3234,0.520496185884384,0.05929638568830545,0.4896326432968916,0.030863542587492358
3235,0.5245413801605248,0.05555841051543055,0.4953986948292358,0.029142685331288953
3236,0.5169628130378947,0.054666245246599444,0.4887023971169932,0.028260415920901488
3237,0.5161952946300876,0.05299151713446833,0.4888413228299654,0.027353971800122216
3238,0.5131137049815612,0.050106453175689215,0.48740339714909814,0.025710307832463006
3239,0.5025355345264333,0.0564208672743175,0.4741820438322892,0.02835349069414409
3240,0.4926148928425374,0.05761390871159286,0.46423342337633633,0.02838146946620105
3241,0.5102075672897721,0.0519524445797743,0.4837010369259688,0.026506530363803352
3242,0.5040899623932826,0.0490232958000208,0.47937781105705535,0.024712151336227256
3243,0.5011994553231846,0.04889262489833923,0.47669449835481614,0.024504956968368394
3244,0.49387419807666755,0.05199813300634125,0.4681936618366769,0.025680536239990684
3245,0.4948510905500012,0.048312847619952574,0.47094342521769167,0.02390766533230956
3246,0.5032880238806539,0.048890713923981706,0.47868191308373875,0.02460611079691512
3247,0.5139743921928668,0.051152310358310235,0.4876834145671934,0.026290977625673388
3248,0.4920706975070565,0.054879710738369475,0.46506599996504155,0.027004697542014965
3249,0.4981562065115271,0.049961303197050305,0.47326767323851227,0.02488853327301481
3250,0.500761692175176,0.04693788214942245,0.4772569988829122,0.02350469329226377
3251,0.5036967658566184,0.04400340458962533,0.48153239327814384,0.022164372578474558
3252,0.5158333592500612,0.04640283054970045,0.4918972312888979,0.02393612796116335
3253,0.5403168199824323,0.045937152079104954,0.5154962040520009,0.024820615930431368
3254,0.5285257802329465,0.04352031581002309,0.5055241713634698,0.02300160886947669
3255,0.5207658325632891,0.04479352548809959,0.49743889496903404,0.023326937594255095
3256,0.5224859973439083,0.042539383247640505,0.5002597652613702,0.022226232082538197
3257,0.5144197928703464,0.049021443363764405,0.48920219212895333,0.025217600741393106
3258,0.5201145149068337,0.050971111103329234,0.49360370018106325,0.02651081472577041
3259,0.5347787782020262,0.05369233897550862,0.5060652547658947,0.02871352343613153
3260,0.5183043099105774,0.05463550305589549,0.48998649320257426,0.028317816708003155
3261,0.5209629596216954,0.05317560811139802,0.493260437440298,0.027702522181397345
3262,0.5303304406536208,0.06410547551863545,0.49633335557351294,0.03399708508010784
3263,0.5253951873757774,0.06414013932042259,0.4916962668592155,0.03369892051656189
3264,0.5199798081510195,0.06022319319586527,0.4886649637067917,0.03131484444422781
3265,0.538937961783628,0.05002574444498405,0.5119771890357396,0.02696077274788835
3266,0.5279340837440927,0.049355835459925404,0.5018774559731327,0.026056627770959916
3267,0.5225681993049706,0.0517427607076707,0.4955290780148951,0.02703912129007546
3268,0.5245155935772398,0.04738138327610138,0.49966331920366475,0.024852274373575015
3269,0.5183392335630338,0.04517996526185503,0.49492068499679936,0.023418548566234428
3270,0.5296249844700879,0.047653138898949184,0.504386691520781,0.025238292949306903
3271,0.5430119516979885,0.04655979038538136,0.5177294290501734,0.025282522647815175
3272,0.5358937927072237,0.046765015909949095,0.5108327109652274,0.02506108174199628
3273,0.5423860340945409,0.04451266538508645,0.5182429860493465,0.02414304804519439
3274,0.5443815062795667,0.04317235872511993,0.5208792726071442,0.023502233672422584
3275,0.5398876175779302,0.0425922834562468,0.5168925711355332,0.02299504644239698
3276,0.5395649019227373,0.04417047076275578,0.5157320661977498,0.02383283572498746
3277,0.5545857094721186,0.04356813317545342,0.530423445424634,0.02416226404748458
3278,0.5524252718724896,0.04149602736662244,0.5295018176728549,0.02292345419963467
3279,0.5393868985712409,0.04017529113223828,0.5177168728882262,0.021670025683014682
3280,0.547776066093252,0.04403488409273973,0.5236548105140587,0.024121255579193288
3281,0.5419428505880413,0.04329930488654675,0.5184771018693454,0.02346574871869585
3282,0.5418864573299276,0.041366831459841234,0.51947033157919,0.022416125750737564
3283,0.5506516818588841,0.039351034983623606,0.528982968262264,0.021668713596620124
3284,0.5382588243564617,0.03931438737021736,0.5170975084302739,0.021161315926187724
3285,0.5427954250007129,0.039147117075321675,0.521546548950261,0.021248876050451893
3286,0.5402699373122004,0.041138161398854206,0.5180442254321023,0.022225711880098146
3287,0.5444123797782582,0.04176894103584898,0.5216728511881139,0.02273952859014429
3288,0.5267502140225778,0.04151353776230141,0.5048829491214512,0.021867264901126636
3289,0.5608744623592846,0.03978649398597395,0.5385592339357406,0.02231522842354405
3290,0.5412531169746044,0.040746334980189224,0.5191990361612857,0.022054080813318774
3291,0.5377534580518356,0.04436938647245523,0.5138936670446345,0.023859791007201137
3292,0.544774838743732,0.039310658714095115,0.523359380981851,0.02141545776188105
3293,0.5324726337812795,0.0467882399626629,0.5075591764183699,0.024913457362909633
3294,0.5336997510882416,0.0511026610401686,0.5064262736111569,0.027273477477084765
3295,0.5401916906072093,0.051410246677401884,0.5124203025400099,0.027771388067199386
3296,0.5340549064877917,0.05545429470855291,0.5044392683128691,0.02961563817492267
3297,0.5382992451356532,0.05336854759893524,0.5095709962491601,0.028728248886493016
3298,0.5347281086453974,0.0648984353219067,0.5000250910716686,0.034703017573728824
3299,0.5080496435248459,0.0616847685852419,0.4767107188342012,0.03133892469064476
3300,0.4982169410355265,0.05035787298614443,0.47312779559931406,0.025089145436212452
3301,0.5381664604484844,0.06252326366479292,0.5045185369463154,0.03364792350216894
3302,0.5295717698509959,0.06581262833673514,0.4947192597841652,0.03485251006683063
3303,0.506550950444087,0.05819693041309445,0.4770712400304057,0.029479710413681387
3304,0.5259538363066176,0.07427911434911963,0.4868864511572402,0.039067385149377395
3305,0.5219190528452925,0.07324099649986375,0.4836931813226382,0.03822587152265427
3306,0.5372922510097697,0.06338102904949583,0.5032381152404505,0.03405413576931922
3307,0.5465612997992008,0.08082227012093149,0.5023869747891824,0.044174325010018424
3308,0.5258420114319196,0.0702204324835151,0.4889171579711687,0.03692485346075088
3309,0.534067578192452,0.09094768335909101,0.4854953691986483,0.048572208993803705
3310,0.542533224234272,0.08914177159506359,0.4941708514768471,0.04836237275742489
3311,0.5280257177899171,0.08875537858665605,0.48116059530398225,0.046865122485934906
3312,0.5301339919315629,0.09702617870593541,0.4786971164923201,0.05143687543924274
3313,0.5525158734938616,0.08854517159847525,0.5035932606644662,0.04892261282939541
3314,0.5420136332511182,0.10174328938372794,0.48686738331332385,0.0551462499377943
3315,0.5413879137704608,0.11076219095475288,0.48142260228482175,0.05996531148563907
3316,0.545377106523392,0.11455395789383116,0.48290200042645187,0.06247510609694012
3317,0.5318460351524263,0.11359352058127566,0.47143177161226935,0.060414263540157
3318,0.5340243761474883,0.11419835808952282,0.4730396692116634,0.0609847069358249
3319,0.52476531156697,0.11611225797862298,0.46383362633207353,0.06093168523489649
3320,0.5274409032922232,0.11646191755487899,0.4660141242979334,0.0614267789942898
3321,0.52937208541251,0.11120528086676292,0.4705031139711878,0.058868971441322186
3322,0.5321490611842982,0.11158167908628157,0.4727709754131658,0.05937808577113237
3323,0.5224217378997231,0.11854569176200547,0.46049089158889134,0.06193084631083179
3324,0.5168418807603976,0.11039584107114343,0.4597846866330619,0.05705719412733572
3325,0.5464512302716057,0.09745620388628091,0.493196167760347,0.053255062511258645
3326,0.5320824660771314,0.09509504636080929,0.48148405929775284,0.050598406779378546
3327,0.5179771927893164,0.056967344718297425,0.48846940749147144,0.029507785297844993
3328,0.5219055408536494,0.06472604263549503,0.488124660564655,0.033780880288994404
3329,0.5209539905752232,0.07244429741183651,0.48321384474410867,0.03774014583111454
3330,0.5293269200956061,0.08052799617786986,0.4867012838973035,0.0426256361983026
3331,0.5176979216279481,0.07383971243643357,0.47947125596600115,0.03822666566194702
3332,0.5086402409700254,0.07227791785117947,0.47187678341738976,0.036763457552635624
3333,0.49586691978996267,0.06994557123920661,0.4611832248266279,0.03468369496333478
3334,0.5006407441103111,0.07046428209347572,0.46536345348983454,0.035277290620476555
3335,0.5056516928718743,0.06687684381398315,0.47183530358340575,0.033816389288468515
3336,0.4897760547908847,0.06943913277880952,0.455766430290379,0.03400962450050573
3337,0.5241971916034109,0.06220637743835569,0.4915887832504031,0.03260840835300784
3338,0.5200509630316502,0.0637170719437416,0.48691483840575045,0.03313612462589976
3339,0.5285569048548769,0.05717230076434013,0.4983380905194452,0.030218814335431735
3340,0.5296588366633914,0.05886224288500272,0.4984819295735229,0.03117690708986853
3341,0.5273093187919745,0.060152836447989445,0.49559016758118013,0.03171915121079437
3342,0.5167639681056978,0.05699925087613375,0.48730880904389473,0.02945515906180305
3343,0.5102610333790781,0.06314670605270276,0.4780397298941411,0.03222130348493699
3344,0.5000635207341669,0.055118507771386424,0.4725007656803939,0.027562755053773036
3345,0.5081463405447938,0.060995227027781665,0.47715183913992765,0.03099450140486615
3346,0.5070842576137388,0.056480783786061445,0.4784437412981417,0.02864051631559706
3347,0.5017671822506828,0.056401016959296245,0.4734670028949438,0.02830017935573905
3348,0.5154617835134603,0.056982841742312725,0.4860893062793025,0.02937247723415777
3349,0.5419574497394611,0.05565948233436902,0.511792378639708,0.030165071099753225
3350,0.5124162291389124,0.06798057858153654,0.4775818774074799,0.03483435173143247
3351,0.5006115306273101,0.06652046444091626,0.4673106191055035,0.03330091152180665
3352,0.5045001790134828,0.07456780868608208,0.4668807061827112,0.03761947283077154
3353,0.49187983673246993,0.06727447793362194,0.4587888775102178,0.033090959222252116
3354,0.4903393782572081,0.0761440337480479,0.4530029600911944,0.03733641816601368
3355,0.49552418731391584,0.07658746572924319,0.45757324560000023,0.03795094171391561
3356,0.47611191039643036,0.06700122003247613,0.4442118315278766,0.03190007886855379
3357,0.46720456963158213,0.06504670657570376,0.43681445107992867,0.03039011855165348
3358,0.47967365236198006,0.06187163709877502,0.44999545821719567,0.029678194144784398
3359,0.5078900740069883,0.06185002891197268,0.4764770582455521,0.03141301576143617
3360,0.5169869533110064,0.05879921588598362,0.48658852583303563,0.0303984274779708
3361,0.536641125057065,0.055534798658215506,0.5068388682253027,0.02980225683176235
3362,0.5082247365358278,0.05881512908620998,0.47833343305166803,0.02989130348415977
3363,0.5107377723284149,0.054800331891493685,0.4827491728952956,0.027988599433119276
3364,0.5102758436648551,0.05411568898433549,0.4826619148128684,0.0276139288519867
3365,0.5043586335516541,0.056799506950576666,0.4757113118396536,0.028647321712000528
3366,0.4973373917365473,0.06051797419109882,0.46723954029916653,0.030097851437380772
3367,0.5023348903547813,0.06408209208302446,0.4701442196545502,0.032190670700231086
3368,0.49472014439721906,0.06500059582851934,0.4625630402430287,0.03215710415419037
3369,0.4856736620141338,0.06385908000082115,0.45465898877728145,0.031014673236852343
3370,0.4776568843190854,0.05145076182224362,0.45308107373122913,0.024575810587856232
3371,0.47347115800868084,0.06460042626741581,0.44288471937599305,0.03058643863268777
3372,0.4765614543904932,0.07171146027808838,0.4423865365839013,0.034174917806591876
3373,0.5109339458124634,0.06130142297262586,0.47961296788914093,0.03132097792332252
3374,0.49228071703303944,0.06592077101479603,0.45982919261050487,0.03245152442253459
3375,0.49083033815509014,0.062191691661446946,0.46030476910646506,0.030525569048625103
3376,0.5018308001378818,0.06085303831692044,0.47129287122848046,0.030537928909401366
3377,0.49588320246463696,0.05679279568344544,0.4677206090642102,0.028162593400426737
3378,0.492327915190394,0.06101028730933394,0.4622908476342227,0.03003706755617133
3379,0.5048868369776065,0.06155631571503156,0.4738078634402493,0.031078973537357217
3380,0.501202481640131,0.05885600235725086,0.4717037071992595,0.029498774440871532
3381,0.5057993513412659,0.059652548865419756,0.4756271308192834,0.030172220521982478
3382,0.512941755738602,0.06072023337731198,0.4817958126211859,0.03114594311741607
3383,0.5125936492252418,0.06976417188984783,0.4768329777710476,0.035760671454194135
3384,0.5162190039601074,0.06832698677044005,0.48094731490587544,0.035271689054232
3385,0.5459808109535125,0.053689157900735335,0.5166675609834578,0.02931324997005466
3386,0.5392206993131314,0.06623312123810418,0.5035064293614295,0.03571426995170195
3387,0.5331804623204124,0.06643634072953487,0.4977579034553625,0.035422558865049844
3388,0.5570527324610852,0.06091704145711223,0.5231187280639557,0.033934004397129576
3389,0.5406238560056995,0.06654168668807567,0.5046498327632689,0.03597402324243059
3390,0.5481327860035924,0.06501343764333972,0.5124967893004777,0.03563599670311463
3391,0.5491797586888842,0.057716942179170894,0.5174827823106669,0.031696976378217355
3392,0.5389477838684186,0.06629480015723159,0.5032183482416789,0.03572943562673965
3393,0.5561536428248278,0.06456527845831558,0.5202454280102362,0.035908214814591596
3394,0.5723116438756849,0.06565123615924791,0.5347386769869149,0.037572966888769974
3395,0.565923760545351,0.05914249467664369,0.5324536175499114,0.0334701429954396
3396,0.5664283453752759,0.06176926020729916,0.5314404855210005,0.034987859854275334
3397,0.5742099933022977,0.055668972498896456,0.5422443129765606,0.03196568032573713
3398,0.5735703184825449,0.06158617644761989,0.5382463156433613,0.03532400283918355
3399,0.5711914096503561,0.059004092110911656,0.537488779102385,0.03370263054797108
3400,0.5907188303462514,0.06078116014228206,0.5548142545199143,0.035904575826337055
3401,0.5881456343602227,0.06388242454117515,0.5505734652539842,0.03757216910623852
3402,0.5841333169303392,0.06155513820817797,0.5481769098746907,0.035956407055648454
3403,0.6030926454206846,0.06770407079929383,0.5622608182565891,0.04083182716409545
3404,0.5844912502126541,0.06657591126100128,0.5455782126056647,0.03891303760698936
3405,0.5942951909805713,0.06720423548984099,0.5543560370154329,0.039939153965138335
3406,0.6007162762728446,0.07458460943687546,0.5559120874246604,0.044804188848184295
3407,0.5910662586967508,0.07916063518760576,0.5442770782203543,0.0467891804763965
3408,0.5946026959407054,0.08051975190436557,0.5467254343818928,0.047877261558812514
3409,0.6092110793274659,0.08033516475104928,0.5602700069015294,0.048941072425936524
3410,0.597997664664563,0.08029855564769492,0.5499793159113039,0.04801834875325901
3411,0.599545731696874,0.07590223509404599,0.554038870619986,0.04550686107688795
3412,0.5835504328286935,0.07912033160607371,0.5373797290744193,0.04617070375427407
3413,0.5691915117977479,0.07757170914394926,0.5250383533973682,0.04415315840037966
3414,0.5812657777911855,0.07978661825186836,0.5348885470756848,0.04637723071550066
3415,0.576753984132728,0.07186667085045277,0.535304595393374,0.041449388739354026
3416,0.5702501917703698,0.06838104167396586,0.5312558896423332,0.03899430212803668
3417,0.5628582583979969,0.0803885346033266,0.5176109078160014,0.04524735058199551
3418,0.5604237291947615,0.08089582050846277,0.5150877917891387,0.04533593740562277
3419,0.5613966900063317,0.07698350481258194,0.5181784052194618,0.04321828478687001
3420,0.5506990656479248,0.07957096025886504,0.5068794121806597,0.043819653467265136
3421,0.5757494474580914,0.07130742767707846,0.5346942353733557,0.04105521208473574
3422,0.5851940496077371,0.07566207915562578,0.5409170511049153,0.04427699850282181
3423,0.5850187076421108,0.0736940739844787,0.541906295718829,0.043112411923281836
3424,0.5906084640681898,0.07387511232857252,0.5469771974429466,0.043631266625243206
3425,0.5843428111359992,0.07291106052184829,0.5417377570677554,0.042605054068243796
3426,0.5799466932555455,0.07423614563560771,0.5368936860741377,0.04305300718140778
3427,0.5894404664630454,0.06988520337223418,0.5482472995884509,0.04119316687459451
3428,0.5677538150337123,0.07139213019572634,0.5272206607517052,0.040533154282007114
3429,0.5632670603139125,0.06875546863880876,0.5245393696132252,0.03872769070068721
3430,0.5561663364756639,0.0674476825859019,0.5186542059480894,0.037512130527574496
3431,0.5703875386598284,0.06794713810928,0.5316313377946967,0.03875620086513165
3432,0.5602621600593204,0.06988434978695067,0.5211086032933423,0.039153556765978086
3433,0.5788956679009192,0.06765256969755894,0.5397318883806373,0.03916377952028187
3434,0.5642577182442102,0.06750515233740392,0.5261674150165789,0.03809030322763135
3435,0.549433666836838,0.06645854862287508,0.5129191027743175,0.036514564062520544
3436,0.5370785250956164,0.06556898649224328,0.5018628305383479,0.03521569455726842
3437,0.5302811443377503,0.07177308145031087,0.4922212325736329,0.03805991176411741
3438,0.5282752998521464,0.07015519251772419,0.4912140444886606,0.0370612553634858
3439,0.5396698291923954,0.07054313357340986,0.5015998283461369,0.038070000846258424
3440,0.5505979642126203,0.07307934512758707,0.5103606255593794,0.04023733865324091
3441,0.5353282693319322,0.07566510220945705,0.49482260111731985,0.0405056682146124
3442,0.5450067686205111,0.07880855965522855,0.5020555701831783,0.042951198437332895
3443,0.5366587417643097,0.08368267454564046,0.49174970293517406,0.04490903882913564
3444,0.5383131919738583,0.07466443813550902,0.49812033995419774,0.04019285201966053
3445,0.5392332937290849,0.08157527037531441,0.49524519199776346,0.043988101731321436
3446,0.5470284070663408,0.0753582975661955,0.5058052775894736,0.04122312947686723
3447,0.5362988976900407,0.07627741468677172,0.4953914042748789,0.0409074934151618
3448,0.5434059038597079,0.06994126102537863,0.5053994096951242,0.03800649416458363
3449,0.5208141171864702,0.07419865354357011,0.482170410944751,0.03864370624171923
3450,0.5218048864090359,0.07411691592922695,0.4831303175115976,0.03867456889743833
3451,0.538383973162291,0.0741590441239856,0.498457932340902,0.03992604082138902
3452,0.5338642494743411,0.07703579285539335,0.4927375937389357,0.041126655735405374
3453,0.547781133578052,0.07003713928507951,0.5094161100279072,0.038365023550144775
3454,0.5628486945494351,0.07293412318622897,0.5217978185259584,0.04105087602347666
3455,0.5487815893916261,0.07705302313196305,0.5064963088898378,0.04228528050178842
3456,0.5352913654057551,0.08208921488771385,0.49134971748342426,0.04394164792233078
3457,0.5490491351362146,0.0767072010547231,0.5069331127383991,0.04211602239781544
3458,0.5389890357397525,0.07565446656045276,0.49821210775892877,0.04077692798082379
3459,0.545695765345549,0.0812842756962796,0.5013392803089091,0.04435648503663991
3460,0.5486103753021904,0.07584187149261314,0.5070027377190074,0.041607637583182984
3461,0.5635903278330247,0.08506724945465816,0.5156472488250202,0.04794307900800448
3462,0.55502604752245,0.08094791139255544,0.5100978482070424,0.04492819931540755
3463,0.5513969886547521,0.07850379327132824,0.5081102334469665,0.04328675520778558
3464,0.551545602433377,0.07966369955750296,0.5076074392688625,0.04393816316451452
3465,0.5586308705253923,0.0766300348797381,0.5158229674321331,0.04280790309325927
3466,0.5473897810406324,0.07627248247680803,0.505639003558227,0.04175077748240542
3467,0.5540108219324436,0.07357022130648684,0.513252123156685,0.040758698775758544
3468,0.5296609031604281,0.07927124400437531,0.48767402446642005,0.0419868786940081
3469,0.5920226164021287,0.07379079793896422,0.5483367951399023,0.04368582126222641
3470,0.5611151363559181,0.08084398327111139,0.5157523536591929,0.04536278269672523
3471,0.5362653156168635,0.08272494778821095,0.49190279538183,0.0443625202350335
3472,0.5242705483013731,0.09059910831390351,0.4767721041100274,0.04749844419134568
3473,0.5077762551530524,0.08621296156622893,0.4639993603832986,0.04377689476975376
3474,0.4714291729421511,0.09847890280800504,0.4250033452391228,0.0464258277030283
3475,0.48939665181616876,0.09811267306242222,0.4413806381186849,0.048016013697483845
3476,0.48066142328583966,0.10179889812919947,0.4317306200221285,0.048930803263711214
3477,0.4835179454446531,0.11085210162880844,0.42991896501686977,0.05359898042778334
3478,0.490962418482777,0.11246107432306982,0.4357482574479513,0.05521416103482569
3479,0.4809201775484706,0.10877175605315893,0.42860964531512646,0.05231053223334413
3480,0.4993611371020146,0.10513837539600092,0.44685911841120907,0.052502018690805494
3481,0.5019461368344551,0.09709248987172442,0.45321093662770456,0.04873520020675053
3482,0.512207435129033,0.08995225748973262,0.4661332200361507,0.046074215092882294
3483,0.5319913265575885,0.09144823361295437,0.48334165944648466,0.04864966711110385
3484,0.5320806672713952,0.09208447677897735,0.48308429742149966,0.04899636984989557
3485,0.5385810361170449,0.08984681003766383,0.4901912480751486,0.048389788041896295
3486,0.540978768002207,0.08938484337212364,0.49262346555668535,0.048355302445521685
3487,0.5541798404501002,0.08486235426245656,0.5071508345047121,0.04702900594538805
3488,0.5503609657233721,0.0807210313179158,0.5059352609730574,0.04442570475031471
3489,0.5467752971346374,0.08624511428951645,0.4996185991425762,0.04715669799206112
3490,0.5511158288210931,0.08607407289672392,0.503679044796608,0.04743678402448519
3491,0.5463645083524737,0.07759493213915047,0.5039693914036232,0.042395116948850516
3492,0.539484700967159,0.07267407508089023,0.50027814930408,0.039206551663078924
3493,0.5688695668610275,0.06882728601396608,0.5297158184780426,0.03915374838298494
3494,0.5588268227260617,0.06240951172561064,0.5239507135805538,0.034876109145507886
3495,0.5497320813959539,0.06733842309472537,0.5127139899101691,0.03701809148578475
3496,0.5565424374617051,0.06096757374306493,0.5226113953646134,0.03393104209709161
3497,0.5031271657839657,0.06897221611965305,0.4684253701698455,0.03470179561412019
3498,0.49226881795521493,0.07162711312907945,0.45700902364161855,0.035259794313596396
3499,0.5105909236989399,0.0688807289483349,0.4754210486801533,0.03516987501878662
3500,0.505193108614697,0.06598531829055068,0.4718577805445635,0.03333532807013352
3501,0.5142456137050718,0.06792473675289284,0.479315615767825,0.034929997937246826
3502,0.5524705694736557,0.06294809838643538,0.517693597710818,0.03477697176283766
3503,0.5326502398462701,0.05888684229739432,0.5012841491727735,0.03136609067349657
3504,0.509880965339812,0.05639811791664769,0.4811246385331231,0.02875632680668887
3505,0.529571950017824,0.05526284996620298,0.5003062947976794,0.02926565522014455
3506,0.5344099243117091,0.05280313108761684,0.5061914070237545,0.02821851728795457
3507,0.6373478999368682,0.04811903486879105,0.6066793341162553,0.030668565820612913
3508,0.6322755074341723,0.04185142791997031,0.6058138746092283,0.026461632824943914
3509,0.607737029807222,0.0473794717370929,0.578942770379886,0.02879425942733606
3510,0.6346131010720687,0.04745987178853771,0.604494444659862,0.030118656412206703
3511,0.6283369794669621,0.05048909787777605,0.5966128122104285,0.03172416725653361
3512,0.6190258716553375,0.05324435338404309,0.5860662393910554,0.03295963226428209
3513,0.6395255213922871,0.05247511074499768,0.6059663488329745,0.03355917255931265
3514,0.6431146660644603,0.05291698666688198,0.609082975855051,0.034031690209409306
3515,0.5801958870526219,0.054443611979175466,0.5486079273060155,0.03158795974660646
3516,0.6388497710494424,0.0551941534001536,0.6035889987864864,0.03526077226295593
3517,0.6133086552221931,0.054346648263716324,0.5799773854597398,0.033331269762453396
3518,0.6436678980198169,0.05083050103286832,0.6109499362646964,0.032717961755120484
3519,0.6544035711487906,0.052352409011735726,0.6201439677332685,0.034259603415521984
3520,0.6344848391187705,0.049173623043998506,0.603284920812812,0.03119991830595846
3521,0.6427549207046113,0.048231590743670553,0.611753828420706,0.03100109228390523
3522,0.6444100313812898,0.045869204775100626,0.6148514556927325,0.029558575688557402
3523,0.6334825896173432,0.04519193197545967,0.6048542875197181,0.028628302097625007
3524,0.609593292887351,0.0485445431029856,0.5800008650054901,0.029592427881860936
3525,0.6129789820220091,0.04550243198420285,0.5850869475848067,0.027892034437202368
3526,0.6286525398013488,0.044681639445216796,0.6005633136816252,0.02808922611972367
3527,0.6122489037036746,0.04916257032896203,0.5821491739165128,0.0300997297871618
3528,0.6056484715722623,0.04987652255851156,0.5754408319173603,0.03020763965490199
3529,0.609137633630387,0.052732593293841674,0.5770162265361827,0.03212140709420433
3530,0.6166649736073796,0.050771107562992926,0.5853562099020291,0.03130876370535046
3531,0.6020618879234073,0.05320146459427367,0.5700313137094886,0.032030574213918715
3532,0.6210922970417091,0.048505891167359344,0.5909656616765188,0.030126635365190363
3533,0.5822977425883729,0.0535531538506389,0.551113861992658,0.031183880595714857
3534,0.6127864301774594,0.05245238350762042,0.5806443213335256,0.032142108843933766
3535,0.6022715296802347,0.05038509655559817,0.5719260205046083,0.030345509175626433
3536,0.618367426869804,0.048859073201788436,0.5881545674947707,0.030212859375033308
3537,0.602627276845842,0.04791072716901755,0.5737549658002729,0.028872311045569147
3538,0.5876890565733874,0.04722846162653489,0.5599334065166767,0.027755650056710723
3539,0.5681402881468438,0.04542521411490201,0.5423323939104713,0.025807894236372506
3540,0.5888905859403174,0.043992747516161494,0.5629836710784006,0.025906914861916784
3541,0.6348708771251088,0.041499165932811694,0.6085242652493842,0.026346611875724596
3542,0.638236981509674,0.041369087038534764,0.6118337002703886,0.026403281239285408
3543,0.6391068306856152,0.04106604314517008,0.6128612420023068,0.026245588683308386
3544,0.6022891729310756,0.043675955460283494,0.575983617839927,0.026305555091148642
3545,0.5815895095630006,0.049282423623747816,0.5529273689775891,0.028662140585411527
3546,0.612666985382277,0.05334916317365132,0.5799817144080089,0.03268527097426815
3547,0.6207611822466691,0.053283032365136984,0.5876851440819991,0.03307603816466997
3548,0.5798370908431979,0.05363989742797717,0.5487346887654321,0.031102402077765816
3549,0.5947805602419248,0.05620669596338116,0.5613499101274775,0.03343065011444738
3550,0.6274003027972712,0.05471488722489998,0.5930721659848505,0.03432813681242079
3551,0.6298901768733125,0.05274735617330777,0.596665135363708,0.033225041509604446
3552,0.6322255751129173,0.05646687451821368,0.5965257728958108,0.03569980221710658
3553,0.6402917094975061,0.05070268280701908,0.6078272020468901,0.03246450745061606
3554,0.6431282148354657,0.04702186804035635,0.6128871247844424,0.03024109005102322
3555,0.617882220686754,0.056147319560345466,0.583189790191199,0.03469243049555508
3556,0.6599519740398272,0.05328353486766395,0.6247874000200924,0.03516457401973479
3557,0.6381417803861874,0.05243673549602902,0.6046797086391118,0.03346207174707555
3558,0.63636851470757,0.04974634477109458,0.6047115071734579,0.03165700753411215
3559,0.6154815922533381,0.052856618302419965,0.5829493166594377,0.03253227559390037
3560,0.6384954396290449,0.050390170834519556,0.6063215453490757,0.03217389427996924
3561,0.6508731562651503,0.047747463356142585,0.6197956140868832,0.03107754217826713
3562,0.6561172287581168,0.04675651073065145,0.6254394765111226,0.030677752246994185
3563,0.6572207249906777,0.05150716073312484,0.6233691514714421,0.03385157351923568
3564,0.659326588609461,0.04846614525525049,0.6273715703952661,0.03195501821419492
3565,0.6677618673892813,0.04629856798018462,0.6368454491773836,0.03091641821189767
3566,0.6586274956892922,0.04650293977749677,0.6279993809214496,0.03062811476784267
3567,0.6569282011148205,0.04849074955509855,0.6250732602388803,0.03185494087594017
3568,0.6584843802518153,0.0486721469319769,0.6264345317437873,0.032049848508028105
3569,0.6562146312652158,0.04865858227934922,0.6242841576368845,0.03193047362833132
3570,0.6511784389364215,0.042275730327165875,0.6236493948570805,0.027529044079341005
3571,0.5980483418546443,0.04427137059612398,0.5715719220779999,0.026476419776644403
3572,0.608580636908297,0.04216873468352388,0.582917561496981,0.025663075411315957
3573,0.6156458834952943,0.05159312426123349,0.5838827889272047,0.031763094568089595
3574,0.627288832878115,0.04864634225929258,0.5967735256184941,0.03051530725962097
3575,0.5906264847412114,0.04610648964740026,0.5633947708370103,0.02723171390420107
3576,0.5987649116510868,0.04618202191315597,0.5711127373803874,0.02765217427069939
3577,0.6262192669082584,0.0406483338996065,0.6007644970526047,0.02545476985565369
3578,0.6008555998795291,0.04199937628707806,0.5756200394459907,0.025235560433538355
3579,0.5780410492843618,0.051682492932340104,0.5481664468401204,0.029874602444241487
3580,0.5531929391326206,0.049492552195206485,0.5258140087185796,0.02737893041404091
3581,0.5395553497845856,0.04946690976683474,0.5128652139825786,0.02669013580200705
3582,0.5470473818341829,0.06239430316919505,0.5129147416441064,0.03413264019007641
3583,0.540446714887362,0.05634245605202668,0.5099966196053586,0.030450095282003386
3584,0.5176359096283218,0.05895223285362307,0.48712011695051605,0.030515792677805815
3585,0.5255010593719277,0.06620136395127435,0.4907121724836665,0.03478888688826122
3586,0.5257727517293629,0.05863967793255684,0.4949416069022389,0.030831144827124006
3587,0.5317386746330358,0.06322136629831257,0.4981214291090814,0.033617245523954405
3588,0.5254591303786583,0.0679515125478238,0.4897533876873643,0.035705742691293986
3589,0.5303971101002057,0.07043333091828115,0.493039474926418,0.03735763517378779
3590,0.527641098564821,0.07669691988836884,0.487172651498384,0.040468447066437
3591,0.5390558791076135,0.07533117396853045,0.49844816689979876,0.040607712207814756
3592,0.541216908039581,0.07804799155735653,0.4989760153702092,0.042240892669371824
3593,0.5409185293056459,0.07969296292513853,0.49781112900417057,0.04310740030147529
3594,0.5429826523386467,0.07521015452825758,0.502144843150094,0.04083780918855278
3595,0.5502463548987379,0.07036057587535685,0.5115307044947467,0.03871565040399118
3596,0.5291470300669259,0.06402254926253431,0.4952696882673424,0.03387734179958349
3597,0.5348979455038609,0.06488226099843736,0.5001925573961515,0.03470538810770943
3598,0.5394305302581397,0.06894684272761298,0.5022384983259589,0.03719203193218083
3599,0.5338369171169219,0.06797769442998594,0.4975479142897021,0.03628900282721985
3600,0.5314891911984827,0.06878140039410023,0.49493262033352337,0.03655657086495933
3601,0.5543527827358362,0.06862435355744059,0.5163106813778211,0.03804210135801507
3602,0.560589208826484,0.06268360100250944,0.5254494585340922,0.03513975029239177
3603,0.5519935556332848,0.06434101696929657,0.5164777289033412,0.03551582672994353
3604,0.5575828343613752,0.06028361665638868,0.5239697245205515,0.03361310984082381
3605,0.5469734779564656,0.05921027352341476,0.5145870287166098,0.0323864492398558
3606,0.5474577184210287,0.06541552891044632,0.511645482214411,0.03581223620661778
3607,0.5464758962987593,0.06659431079389329,0.5100837106192683,0.03639218567949097
3608,0.5277558839179377,0.06677209065545582,0.49251652019301895,0.03523936372491875
3609,0.5246199026239879,0.06687237945501176,0.4895373214260653,0.035082581197922645
3610,0.5316736332804306,0.06330690166965385,0.4980150228579988,0.03365861042243182
3611,0.5351904276559607,0.058517165412029434,0.5038726008738821,0.031317826782078624
3612,0.5329254334428394,0.06633274920217205,0.4975750243228167,0.0353504091200227
3613,0.5408739976520444,0.059481990720006594,0.5087017355430126,0.03217226210903177
3614,0.5383738565823721,0.05922627686252037,0.5064879774968817,0.031885879085490405
3615,0.5360517971070847,0.0553760297539021,0.5063673768408501,0.029684420266234617
3616,0.5373609357745621,0.05376291305598335,0.5084708465048324,0.02889008926972964
3617,0.5322754442673526,0.056046958318241885,0.5024430246286766,0.029832419638675993
3618,0.5220301523685144,0.055523499497153836,0.493045211465982,0.028984940902532348
3619,0.5361677189771882,0.058181938342612906,0.504972441810358,0.031195277166830165
3620,0.5128254674627778,0.05608245169110087,0.48406495795783033,0.028760509504947455
3621,0.5224824018142868,0.05868378926218845,0.4918211546530152,0.03066124716127168
3622,0.5248166722980265,0.05635539647072714,0.4952404206562236,0.029576251641802966
3623,0.52391973442794,0.052771639728562046,0.4962716309560249,0.027648103471915157
3624,0.5193813502448579,0.05600488092334704,0.4902934595705874,0.029087890674270468
3625,0.5397852659045453,0.057230402204998206,0.5088931380324964,0.030892127872049036
3626,0.5273761432496918,0.06766764539106901,0.4916898414005621,0.035686301849129756
3627,0.5289479770364042,0.06625243557089734,0.49390388526744333,0.03504409176896085
3628,0.5348614086773547,0.06400526023423043,0.5006274650257135,0.03423394365164116
3629,0.5396253292870169,0.06767704048993846,0.5031050840274631,0.036520245259553816
3630,0.5183066090544283,0.07064706851984431,0.4816897665302719,0.036616842524156354
3631,0.5318360761859532,0.06759054567741365,0.49588898558561006,0.035947090600343116
3632,0.528608789865331,0.07420206226284219,0.48938492752705803,0.039223862338272956
3633,0.528958171165261,0.06810956174688351,0.4929310619447621,0.03602710922049892
3634,0.5268061370426679,0.06910878956024798,0.490399202578739,0.03640693446392889
3635,0.5231402413017336,0.07305941104934953,0.4849199233760144,0.038220317925719255
3636,0.5347399874251777,0.07248172974572174,0.4959811081723953,0.038758879252782374
3637,0.5560781876213746,0.06895437180278015,0.5177341655207142,0.0383440221006604
3638,0.5384939281880984,0.06707471022178685,0.5023746039986899,0.03611932418940839
3639,0.527920528467304,0.06717356709130469,0.4924582234294285,0.03546230503787547
3640,0.5335256185911198,0.06401017678634882,0.4993745494250561,0.03415106916606369
3641,0.4944587474853742,0.06807798525016358,0.46079699216725056,0.03366175531812366
3642,0.5150210644844534,0.06399822109833653,0.4820606325292767,0.03296043195517668
3643,0.5201236959551007,0.06115602386076844,0.48831499879471946,0.031808697160381205
3644,0.5161398636207096,0.06311563800361193,0.48356336682919127,0.03257649679151834
3645,0.525745654274096,0.06134337692402051,0.4934946404377944,0.03225101383630165
3646,0.5243095126525225,0.06962176609401417,0.487806158401762,0.036503354250760484
3647,0.5067789033788503,0.06746649081293357,0.4725883091498526,0.034190594228997756
3648,0.5196600843754929,0.07143014405604539,0.48254068968837477,0.03711939468711816
3649,0.5393523734197032,0.06563408653365974,0.5039524730705397,0.03539990034916356
3650,0.5277440019286376,0.07384622971600821,0.4887720971309699,0.03897190479766765
3651,0.5320305403838451,0.07328638995065716,0.4930399427356158,0.038990597648229326
3652,0.5339587275016895,0.0699393553297872,0.4966139983275078,0.03734472917418168
3653,0.5261303945067632,0.06444253309931001,0.49222521914420814,0.03390517536255513
3654,0.52535356467479,0.07247057497418596,0.48728088977806977,0.03807267489672022
3655,0.5244077989919812,0.06049922399241813,0.49268153409739435,0.03172626489458685
3656,0.5315177165430883,0.062298002393483494,0.4984052245657081,0.0331124919773802
3657,0.5349454052804516,0.09119923540154874,0.48615879333730283,0.0487866119431488
3658,0.533191928893757,0.09124605170877417,0.4845402705792162,0.04865165831454079
3659,0.5215276015934529,0.08687238332414265,0.47622125587370573,0.04530634571974719
3660,0.5161210905321528,0.07893361957783072,0.47538178471599274,0.04073930581616008
3661,0.5607375623737733,0.07086002234781852,0.5210036861727064,0.03973387620106685
3662,0.5332458459639677,0.06834350913480708,0.4968019536192314,0.036443892344736356
3663,0.5449169983515129,0.07521124757903959,0.5039331110784702,0.040983887273042745
3664,0.5476349656270074,0.06416141540185039,0.5124979311088349,0.03513703451817248
3665,0.5239932270534031,0.05191625619497414,0.4967894604332674,0.02720376662013573
3666,0.5230402893949827,0.06370803469842824,0.4897184204895312,0.03332186890545151
3667,0.5248790867887854,0.06206639922925527,0.4923017318410657,0.032577354947719676
3668,0.514874674729567,0.05855038844522049,0.48472856252354435,0.030146112206022698
3669,0.5128233169977635,0.0530397159533481,0.48562331392994834,0.02720000306781517
3670,0.5174742383954534,0.05164126951879495,0.4907512117814406,0.026723026614012758
3671,0.5197103438075368,0.06194301581816479,0.48751791776020265,0.03219242604733411
3672,0.5315254116704285,0.06451849656382053,0.4972321912239867,0.034293220446441834
3673,0.5486503601071508,0.05131225287057188,0.5204978740918024,0.028152486015348446
3674,0.5510169117676205,0.057897394476726365,0.519114468263663,0.03190244350395745
3675,0.5407932089206224,0.055940549122506296,0.5105409398518805,0.03025226906874189
3676,0.5225159931690482,0.05352112207856525,0.4945503509106448,0.027965642258403395
3677,0.5254392425458032,0.0587971742484651,0.4945448998448561,0.03089434270094711
3678,0.5282760359598513,0.06002756932317459,0.49656490958949945,0.031711126370351846
3679,0.5379842099481018,0.06038315503914086,0.5054990259901959,0.032485183957905936
3680,0.5450830881389739,0.06968822918008806,0.5070972129705549,0.03798587516841895
3681,0.550457346995966,0.07211668708810733,0.5107601867473083,0.0396971602486578
3682,0.5573535171204628,0.07049669928690788,0.5180619338275211,0.03929158329294173
3683,0.5578503037714385,0.07809088544446911,0.5142872796044609,0.0435630241669777
3684,0.5559118374290904,0.07912667817074498,0.5119243803775313,0.043987457051559146
3685,0.5704925506781582,0.07366830486831406,0.5284653315296975,0.04202721914846067
3686,0.5648819452981574,0.08226484294083773,0.5184120207880896,0.04646992451006781
3687,0.5661214159601125,0.08164267320860094,0.5199017502004906,0.0462196657596219
3688,0.5607003555383213,0.0758195773143639,0.5181882915813922,0.04251206395692907
3689,0.5618850760428162,0.07781604403216821,0.5181614022244503,0.04372367381836598
3690,0.5436064673596457,0.07063251665711899,0.5052101744989479,0.03839629286069778
3691,0.564908161436634,0.0701783328614823,0.5252638484471659,0.03964431298946808
3692,0.5530742241995912,0.07315850604883484,0.5126121402230308,0.040462083976560426
3693,0.5528753391050247,0.07426982546435246,0.5118133841661499,0.041061954938874864
3694,0.5460642101522065,0.07293889013570526,0.5062348927208741,0.03982931743133246
3695,0.5350470589266504,0.06767350449088548,0.49883854938154265,0.036208509545107743
3696,0.5345932030728427,0.06680471368687169,0.49887985720261385,0.03571334587022891
3697,0.5444258514340442,0.03754655018110342,0.5239845388832859,0.020441312550758296
3698,0.6648736890426624,0.011260419610653955,0.6573869323159586,0.007486756726703836
3699,0.7248232766570488,0.012978573792593448,0.715416104274366,0.009407172382682884
3700,0.7226851899798672,0.01639326931562178,0.710838017030116,0.011847172949751253
3701,0.7117783417094143,0.01033107184678101,0.7044249085222317,0.007353433187182604
3702,0.7190403781817507,0.011842244311607592,0.7105253263534117,0.00851505182833901
3703,0.7204857297372695,0.01342420945830133,0.7108137783895594,0.00967195134771019
3704,0.7180497190370401,0.01531291644965361,0.7070542836827286,0.010995435354311444
3705,0.7135185082174699,0.02184599266257897,0.6979309881223368,0.015587520095133138
3706,0.7047826562596042,0.02316730402676646,0.688454742189246,0.01632791407035829
3707,0.6975470525249595,0.02383782629898289,0.6809190470515021,0.01662800547345748
3708,0.6879488839606518,0.028094600908239488,0.6686212346205085,0.01932764934014327
3709,0.6872649103943429,0.030676118708098388,0.6661822904191754,0.021082619975167464
3710,0.6765274107016241,0.03825934973686966,0.6506439118890118,0.025883498812612298
3711,0.6663041508551032,0.04031034359143884,0.6394452015977321,0.026858949257371107
3712,0.6591537667240894,0.031847657665796385,0.6381612632123405,0.02099250351174901
3713,0.6596640065544265,0.04183489379228439,0.6320670329016292,0.027596973652797226
3714,0.656280541877226,0.048679508954226944,0.6243331273624286,0.03194741451479733
3715,0.665378148267596,0.05086154248502076,0.6315359893108792,0.03384215895671678
3716,0.6569703478349741,0.044621987332858555,0.6276550252958182,0.02931532253915589
3717,0.6566768239768376,0.046292008648955045,0.6262779347617334,0.030398889215104096
3718,0.6384080339087065,0.041381342728569276,0.6119898522568582,0.02641818165184826
3719,0.6221368251138334,0.036126522423982475,0.5996611851505732,0.022475639963260165
3720,0.5559075996485325,0.0535668439123206,0.5261293840284867,0.02977821562004575
3721,0.4839794017883386,0.06282178661607567,0.45357495108261564,0.030404450705722955
3722,0.47430085548463174,0.0680960122580505,0.44200285861554645,0.03229799686908532
3723,0.4806951139622275,0.07334083729202225,0.44544053182205373,0.03525458214017382
3724,0.5010579680664312,0.07296310509858171,0.4644992228819184,0.03655874518451282
3725,0.4922480785586856,0.07302835939123382,0.45630000896805756,0.03594806959062799
3726,0.4845886574733121,0.08605305217689396,0.44288832444743015,0.04170033302588192
3727,0.4724499864796289,0.09028844259828105,0.4297932129948043,0.04265677348482463
3728,0.4679074211596761,0.09086426068123947,0.4253913592687368,0.042516061890939316
3729,0.48440897181297415,0.09255190550126709,0.4395759984297738,0.04483297338320034
3730,0.4886969321721999,0.09386359761628155,0.4428260799744773,0.045870852197722606
3731,0.4778471792640044,0.09834756708208243,0.43085207174635387,0.04699510751765054
3732,0.4547243569804442,0.09960987035103246,0.40942932273616556,0.04529503424427865
3733,0.48588228253645604,0.0883809103474816,0.4429395640841718,0.04294271845228425
3734,0.46108343487051157,0.08661364394810632,0.4211473184122672,0.03993611645824436
3735,0.46900285768079547,0.08463879219675219,0.42930702226986767,0.03969583541092779
3736,0.4698052227993273,0.0757706722753332,0.43420776522935955,0.035597457569967725
3737,0.46455184547472167,0.08695196514441296,0.4241581495992309,0.040393695875490715
3738,0.46279159969029166,0.09303016056603844,0.41973802286249007,0.043053576827801615
3739,0.4773106489557726,0.08325688368629579,0.4375712517734315,0.03973939718234112
3740,0.47600082492570067,0.09900561640409382,0.42887406984507453,0.04712675508062614
3741,0.48217711103420724,0.09370445584215895,0.4369949672252026,0.04518214380900464
3742,0.4732917245125072,0.089081152719605,0.4311303521202833,0.04216137239222387
3743,0.47204024105163395,0.09930002321515849,0.4251666341567177,0.04687360689491626
3744,0.47282548069293895,0.09524568709371597,0.42779089290892347,0.045034587784015506
3745,0.4836902055773146,0.08306046028107725,0.443514674468614,0.04017553110870063
3746,0.474959065368013,0.07047418740215762,0.44148671118691407,0.03347235418109898
3747,0.4750820306594484,0.06634000439723785,0.4435650866564519,0.03151694400299649
3748,0.47330479575901147,0.06335345950411195,0.443319299547791,0.029985496211220507
3749,0.4771305327860616,0.08165870010437135,0.43816867369864565,0.03896185908741592
3750,0.4720026084777168,0.08041809468933273,0.4340450580155437,0.03795755046217307
3751,0.48917958019447616,0.07956661415565693,0.45025721728431606,0.038922362910160116
3752,0.47038981254389095,0.07720844779354265,0.4340717452594816,0.03631806728440932
3753,0.46231842270073414,0.08494561478347996,0.42304650005869154,0.03927192264204262
3754,0.47861209960889967,0.07345794041943735,0.4434542405118073,0.03515785909709236
3755,0.4768757096647314,0.06460615626167801,0.4460666030487332,0.030809106615998234
3756,0.47902050285040887,0.05988553699429717,0.4503341028059339,0.028686400044474994
3757,0.5022126849388462,0.053665529980629643,0.47526117503860804,0.02695150990023816
3758,0.47156290461115047,0.05205250012753267,0.4470168764587389,0.024546028152411588
3759,0.47061402985783035,0.056655488426009225,0.4439511621361025,0.026662867721727868
3760,0.46328893915936825,0.05461757692017122,0.4379852198885669,0.025303719270801318
3761,0.4568478810253367,0.06569202383493279,0.42683661913608173,0.03001126188925496
3762,0.4624046669218775,0.07153186457098275,0.42932799891063134,0.033076668011246126
3763,0.4641587843450957,0.07395214646420079,0.42983324594256184,0.034325538402533905
3764,0.4529678980824112,0.07075785510072326,0.4209168611846168,0.032051036897794434
3765,0.4581703068445832,0.07099602970676301,0.42564203412908846,0.03252827271549475
3766,0.4728858020563211,0.0732802440932642,0.43823261505339484,0.034653187002926224
3767,0.46249649796282305,0.07070092133886856,0.42979756944085135,0.03269892852197173
3768,0.4435493398848416,0.07932069474787759,0.4083666980902134,0.03518264179462813
3769,0.4623418195796636,0.06250480787095367,0.4334432329761296,0.028898586603533997
3770,0.46950884029996814,0.05964651687868958,0.4415042733323221,0.02800456696764602
3771,0.479037766076756,0.06223591611106588,0.44922441185317064,0.02981335422358539
3772,0.47330546585470085,0.06193657454259926,0.44399054658737147,0.029314919267329348
3773,0.4793099672731962,0.0616485251307101,0.44976121471035474,0.02954875256284147
3774,0.4728621638561997,0.07243994575282516,0.4386080543578931,0.03425410949830663
3775,0.47693721976485504,0.06071265190658998,0.4479810963599746,0.028956123404880452
3776,0.4649946022018308,0.059325296815980394,0.4374086594083785,0.027585942793452344
3777,0.46258431085845797,0.05643447310355821,0.43647860900918833,0.026105701849269657
3778,0.4510379415649717,0.06135561679526397,0.42336423046218663,0.027673711102785065
3779,0.44627545977436445,0.06727738410649567,0.4162512142498216,0.030024245524542876
3780,0.42438268231354925,0.06661962868959947,0.3961104655955243,0.028272216718024906
3781,0.4659763180629715,0.0760547948296773,0.43053658479720375,0.03543973326576775
3782,0.46761624198587415,0.07316111924367212,0.43340491434566775,0.034211327640206374
3783,0.46881105209297275,0.07269036949556666,0.4347330034927292,0.03407804860024354
3784,0.4544151023982964,0.06901757646421651,0.4230524733220272,0.031362629076269195
3785,0.4744122358842085,0.06724082250778116,0.4425123669355988,0.03189986894860967
3786,0.46642798780007183,0.07213070831887634,0.4327842066603044,0.0336437811397674
3787,0.4753173440640541,0.06779134544696469,0.44309494179567405,0.032222402268380065
3788,0.4731436956471811,0.06767669003219162,0.44112289641618124,0.03202079923099989
3789,0.458861080515925,0.0636049288873244,0.42967525412054874,0.029185826395376244
3790,0.4548845166162274,0.06340600082593223,0.4260421085799551,0.0288424080362723
3791,0.452897385018998,0.07055325165847975,0.42094400183828523,0.031953383180712766
3792,0.4555045238455788,0.07485915399732009,0.4214058405485467,0.03409868329703215
3793,0.48616891885183083,0.059570040963175384,0.4572078164408046,0.028961102411026254
3794,0.46167060897247003,0.04955541242591056,0.438792331539918,0.022878277432552035
3795,0.4821542259435713,0.04990849466138191,0.45809063433210384,0.02406359161146746
3796,0.4777981721518917,0.049627865796542686,0.4540860685865042,0.023712103565387478
3797,0.4826300736873271,0.047167749247148526,0.4598654993925104,0.02276457429481666
3798,0.4837607402399287,0.0559121175766439,0.45671265285266954,0.02704808738725918
3799,0.47754044849209387,0.0599187885868108,0.44892680331724527,0.028613645174848587
3800,0.4631707027917651,0.06631430337383988,0.43245586029295735,0.030714842498807737
3801,0.4651696494988414,0.06827147933415012,0.43341182938620737,0.031757820112634005
3802,0.47669110988259406,0.07256145911646608,0.4421017074016654,0.03458940248092869
3803,0.4685780278566833,0.06976824087417705,0.4358861631408314,0.03269186471585192
3804,0.471976286685318,0.06611295297867309,0.44077254063664284,0.031203746048675155
3805,0.4818437914725475,0.059507228720621516,0.4531706027657792,0.028673188706768344
3806,0.5028487205101132,0.058242595631238986,0.47356150581775674,0.02928721469235643
3807,0.49940503726090807,0.05586318220161122,0.4715066826719995,0.027898354588908547
3808,0.5089156381542429,0.0752423226682539,0.470623643497321,0.03829199465692189
3809,0.4904798349111282,0.0670851692131096,0.4575759121904971,0.03290392272063109
3810,0.4964866359071933,0.06868538884884023,0.46238525826165516,0.03410137764553813
3811,0.5186133463321222,0.08253730559755744,0.47580839807893593,0.042804948253186266
3812,0.5153188524065128,0.07690589320896245,0.4756877957747724,0.03963105663174035
3813,0.5133037807249518,0.07610438677605273,0.47423911126304985,0.03906466946190189
3814,0.5204811176226096,0.06568348287933312,0.48629410504422876,0.034187012578380846
3815,0.5116173551972364,0.06521978489673813,0.47824978134183455,0.03336757385540182
3816,0.5125392396238563,0.07783208727974475,0.4726472407911583,0.03989199883269799
3817,0.5300132215179565,0.08198728878133073,0.4865588744674404,0.04345434705051611
3818,0.5430786574902168,0.07622883195561453,0.5016804057697143,0.041398251720502474
3819,0.5364604826995932,0.0720224496719937,0.49782328458334835,0.0386371981162449
3820,0.5298347500970308,0.0811208042728659,0.4868541290374468,0.04298062105958406
3821,0.514763748433671,0.08774208567987371,0.4695973035137109,0.045166444919960115
3822,0.5564070373628688,0.07823743290762662,0.5128751791078601,0.04353185825500874
3823,0.5697200649746154,0.07603794050270792,0.5263997245708767,0.04332034040373869
3824,0.5598945322055695,0.07645234424009868,0.5170892826912403,0.042805249514329215
3825,0.5600136791226162,0.07519541373697401,0.5179032188226261,0.04211046029999013
3826,0.5291520404743195,0.0674110948983209,0.493481322058265,0.035670718416054494
3827,0.500690514654419,0.04416651765667338,0.4785767581984058,0.02211375645601328
3828,0.5258192332963626,0.045795868103165445,0.5017388850422148,0.0240803482541478
3829,0.5367994333203822,0.04088852884451568,0.5148504942073421,0.021948939113040116
3830,0.5293422873631852,0.045470843730495224,0.505272646934551,0.02406964042863429
3831,0.5257584339747606,0.04290360330999069,0.5032015026866256,0.022556931288135063
3832,0.5152725219471752,0.04060405038818222,0.4943503705023864,0.02092215144478883
3833,0.49489087454311426,0.044659378017704796,0.4727893558993808,0.02210151864373346
3834,0.49439211889510887,0.05475016674603554,0.46732406794767584,0.027068050947433038
3835,0.4993400771872234,0.05901288497366647,0.46987257864943205,0.02946749853779135
3836,0.5249164233061863,0.054122794189394134,0.49650647976095263,0.028409943545233608
3837,0.537271035823615,0.05915968266139075,0.5054862518411333,0.03178478398248177
3838,0.5318443832906511,0.05660682041150535,0.5017383637988494,0.030106019491801705
3839,0.5167532948909519,0.05674261571120326,0.48743136126145653,0.029321933629495377
3840,0.5219885968939554,0.05531317332605617,0.49311575115973516,0.028872845734220217
3841,0.5678988445594069,0.04807704938098363,0.5405959437661207,0.02730290079328615
3842,0.5560538039452203,0.04386306724878942,0.531663578548826,0.024390225396394363
3843,0.5198521527969647,0.044571123453897354,0.4966817583168769,0.023170394480087824
3844,0.5336601750199658,0.058503418677886575,0.5024392303690585,0.031220944650907283
3845,0.5483774779720489,0.06332229747758474,0.5136529561818952,0.034724521790153756
3846,0.561626862454157,0.0739540616517647,0.5200922748429352,0.041534587611221904
3847,0.5679075612682273,0.07348187933754234,0.5261766463762375,0.04173091489198981
3848,0.5662587317085546,0.07353291449903875,0.5246200768054953,0.04163865490305926
3849,0.5509088107165924,0.06850588427867728,0.5131683154815377,0.0377404952350546
3850,0.5299126936325159,0.058833395624236284,0.4987361304817294,0.031176563150786523
3851,0.5493822454718804,0.06430752807815304,0.5140528312955587,0.03532941417632172
3852,0.5614391418910983,0.07432338200805792,0.51971108607405,0.04172805581704834
3853,0.5738276645466747,0.06992621283976913,0.5337020691422363,0.04012559540443841
3854,0.5624897934667829,0.071408091671472,0.5223234707306394,0.04016632273614338
3855,0.5807292467022597,0.07406387736790762,0.5377181869905462,0.04301105971171353
3856,0.5825029405481681,0.06862536394130944,0.5425284642561671,0.039974476292000974
3857,0.5546527162652585,0.06448912278865274,0.5188836491409684,0.03576906712429002
3858,0.5698124073701356,0.07350195129778166,0.5279300835547441,0.04188232381539143
3859,0.5680648822138569,0.07580355666381232,0.5250035437262369,0.04306133848761997
3860,0.5760939672029518,0.07964646572091949,0.5302101187920933,0.045883848410858415
3861,0.5579139154998292,0.0749887765344639,0.5160766335649447,0.041837281934884465
3862,0.5572026526010154,0.07640024922564542,0.5146322310731071,0.042570421527908305
3863,0.5540330554905586,0.06906205536846755,0.5157703939363084,0.03826266155425021
3864,0.5578455911554366,0.07431948268927381,0.5163867954002724,0.04145879575516419
3865,0.5655118755820577,0.07940321758780644,0.5206084130767271,0.04490346250533065
3866,0.549883028235247,0.08211753245784993,0.5047279908161183,0.045155037419128706
3867,0.5461557216290718,0.07382794541558663,0.5058341668242303,0.04032155480484143
3868,0.563691220909773,0.0729679578310643,0.5225598236726875,0.04113139723708546
3869,0.5392377862761205,0.07712492099340869,0.4976491146129141,0.04158867166320639
3870,0.5344556597954694,0.06551078602716681,0.49944304942560014,0.03501261036986925
3871,0.5460327555569424,0.07012690969043954,0.5077411658199789,0.038291589736963554
3872,0.536587060001968,0.06961534895566668,0.4992323645748357,0.03735469542713225
3873,0.5488146155239264,0.061385488657218684,0.5151253621677666,0.03368925335615982
3874,0.5397920151777241,0.062417402727816,0.5060995995771167,0.03369241560060737
3875,0.5216795530991895,0.06337253880182461,0.4886193953782926,0.033060157720896904
3876,0.5251236176740451,0.0631008790086182,0.4919878558106273,0.0331357618634178
3877,0.5417369308332646,0.06147134086888346,0.5084356352967502,0.03330129553651435
3878,0.5323660119719072,0.06844391019147496,0.4959288004595083,0.036437211512398905
3879,0.5334775703447354,0.0661268607809382,0.4982003733207959,0.035277197023939486
3880,0.5336787118184698,0.060925875231535274,0.5011638692084912,0.03251484260997856
3881,0.5349427043394185,0.057404116010369786,0.5042347912806175,0.030707913058800922
3882,0.524830463864868,0.06119177195009735,0.4927151578075852,0.03211530605728281
3883,0.5235349361636851,0.06774595539112127,0.48806756173264654,0.035467374431038534
3884,0.5281268823746924,0.06814995823034019,0.4921350574005373,0.035991824974155075
3885,0.5316011696096689,0.06050291912381824,0.49943774703864785,0.03216342257102098
3886,0.5210658991576677,0.059233026442687506,0.4902015889744788,0.03086431018318887
3887,0.5069358670268561,0.06103632330869767,0.47599436555022995,0.03094150147662616
3888,0.502332632500969,0.06198159695717606,0.47119725373485677,0.031135378766112304
3889,0.5403374695991509,0.056814828145535186,0.5096382891232818,0.030699180475869097
3890,0.533901985533586,0.055378465687888935,0.5043353127470186,0.02956667278656747
3891,0.5205862032864073,0.051647609931174905,0.49369917012351955,0.026887033162887684
3892,0.5485209265923793,0.05146692494234666,0.5202902412341428,0.02823068535823643
3893,0.5535857412453238,0.05638281239597941,0.5223730202515995,0.031212720993724293
3894,0.5477406877299085,0.055836046558704194,0.5171570131877247,0.030583674542183824
3895,0.5455443616267741,0.055381012458849015,0.5153315625386669,0.030212799088107208
3896,0.55189284836171,0.056095900025345126,0.5209339223153086,0.030958926046401443
3897,0.538560423886895,0.056064077063380235,0.5083665307788133,0.030193893108081606
3898,0.5480712321846044,0.054664080879697666,0.5181114220206297,0.029959810163974775
3899,0.5412879792124655,0.05466207168743485,0.511700056889207,0.029587922323258537
3900,0.5199889066192093,0.05806534783557727,0.48979556988572337,0.030193336733485895
3901,0.5526073050797068,0.0592711044208016,0.5198536597966297,0.03275364528307707
3902,0.540681846823983,0.05908710697529171,0.508734520701096,0.03194732612288697
3903,0.5287006823208718,0.059143108525295154,0.49743168048897085,0.031269001831900914
3904,0.5517347063862164,0.06072231129662511,0.5182320997918805,0.03350260659433588
3905,0.5470826068345259,0.05923164525113704,0.514678003943436,0.03240460289108992
3906,0.530964870771034,0.06274835819186232,0.4976476968725973,0.03331717389843673
3907,0.5590688709176351,0.05640545724278038,0.527534335623321,0.03153453529431417
3908,0.5458418949558435,0.05510225809598905,0.5157647739803828,0.03007712097546063
3909,0.5497239655612876,0.05275753774253761,0.5207218827002105,0.029002082861077073
3910,0.5616275588332114,0.05232349006440909,0.5322412448387035,0.029386313994507866
3911,0.558738394730293,0.04498463619569187,0.5336037513147859,0.025134643415507106
3912,0.5579420910067758,0.04578123720867741,0.5323988117896892,0.025543279217086684
3913,0.5519124084765699,0.04789675825204616,0.525477593271463,0.026434815205106817
3914,0.5520601807537989,0.049476245970765886,0.5247463154601585,0.02731386529364043
3915,0.5429960000375732,0.04760542549723453,0.5171464444124881,0.02584955562508505
3916,0.5246588267260242,0.04653392906447016,0.5002443901001072,0.024414436625916948
3917,0.5449032660306722,0.07740741903944591,0.5027237105810732,0.042179555449598914
3918,0.5565478352668137,0.07795603489343887,0.5131615728008861,0.0433862624659276
3919,0.5538425530545213,0.086371833898687,0.5060061560560715,0.04783639699844986
3920,0.5485173442478122,0.08326812104841999,0.5028433356298275,0.045674008617984686
3921,0.546355376574673,0.0851886593800297,0.4998120944992054,0.04654328207546768
3922,0.5297283640572488,0.08791633902884276,0.48315658560959746,0.04657177844765133
3923,0.5521041018179431,0.08529173497840355,0.5050141850851976,0.04708991673274553
3924,0.5559376499487654,0.07979910337441809,0.5115743239507728,0.044363325997992586
3925,0.5454508448072359,0.09822362187626762,0.49187468727479927,0.05357615753243668
3926,0.5443019424570419,0.11930103801332333,0.4793661557292486,0.06493578672779328
3927,0.5562157269085342,0.12129382432850491,0.48875019424013877,0.0674655326683954
3928,0.5568681194938936,0.11764911803070846,0.4913530763760178,0.06551504311787575
3929,0.5512935649150079,0.10304967466235501,0.4944829424070665,0.05681062250794146
3930,0.5522977906131984,0.09354232158828313,0.5006345730711603,0.051663217542038065
3931,0.5439528206077536,0.08877779622375181,0.49566188794450344,0.04829093266325018
3932,0.5435708906132806,0.08989021273948569,0.49470918761706106,0.048861702996219496
3933,0.5439921347965619,0.09242866502420656,0.4937116679936475,0.050280466802914446
3934,0.5498829074011635,0.08880618532799177,0.5010499040178008,0.04883300338336267
3935,0.561101698009743,0.08738314490659989,0.5120708670252183,0.04903083098452462
3936,0.5751062718329233,0.08692686599672757,0.5251140860074252,0.0499921858254981
3937,0.5835845498507529,0.08771128479229781,0.5323975991984086,0.051186950652344305
3938,0.6141131343733522,0.08443868909232811,0.5622582263524857,0.051854908020866605
3939,0.6447314343428817,0.08596429834108968,0.5893075489711516,0.05542388537173015
3940,0.6451556080370529,0.08163846907656426,0.5924860918807479,0.05266951615630495
3941,0.621950762224383,0.08237636273834915,0.5707167206299945,0.05123404159438851
3942,0.621905336849631,0.07922860075544819,0.5726326472086891,0.04927268964094193
3943,0.6305206715122361,0.07072997763864516,0.5859239585154721,0.044596712996763994
3944,0.6260607901885231,0.07050377238346177,0.5819211427388613,0.04413964744966185
3945,0.6495059844484254,0.05807597734755509,0.6117852896084972,0.03772069483992822
3946,0.646775820130227,0.05973641512751089,0.6081397512444915,0.03863606888573556
3947,0.6490488079560306,0.06791748105281553,0.6049670478393244,0.04408176011670622
3948,0.6472636373010117,0.07322785169999803,0.5998659116579319,0.04739772564307979
3949,0.6509620525905795,0.072666401237973,0.603658982886338,0.04730306970424152
3950,0.6410784784316271,0.07231484937898376,0.594718984823736,0.046359493607891204
3951,0.6421224304383181,0.06855911041096213,0.5980990878325421,0.044023342605776
3952,0.6421363364202034,0.06546835783468277,0.6000967249687933,0.042039611451410115
3953,0.6308163467028248,0.06546285773837283,0.5895213059395777,0.041295040763247096
3954,0.6278013736739222,0.060727125676126474,0.589676800755181,0.03812457291874111
3955,0.6311505430705983,0.05904529963021274,0.5938840701432233,0.03726647292737496
3956,0.624606968276515,0.05364932192224019,0.5910972279605737,0.033509740315941214
3957,0.6235550514560764,0.05241275612982601,0.5908728126105879,0.03268223884548844
3958,0.6265375672183786,0.04520844019400888,0.5982127810814867,0.028324786136891888
3959,0.6399901241063087,0.05322711791864062,0.6059252943037368,0.03406482980257194
3960,0.6467722126299641,0.04906512426061441,0.6150382536489624,0.03173395898100171
3961,0.6432862178474261,0.04754380763724972,0.6127019416503942,0.030584276197031943
3962,0.6319466664537997,0.04902794219555175,0.6009636218202312,0.03098304463356852
3963,0.6409967203384799,0.049444726956347926,0.6093028125214293,0.03169390781705065
3964,0.6248371958933835,0.04635600958103578,0.5958722368539623,0.028964959039421215
3965,0.6215172680846927,0.04070277446426254,0.5962197908961968,0.025297477188495846
3966,0.6190830642573707,0.038853506837025084,0.5950295161875605,0.024053548069810193
3967,0.6237368813358766,0.04171342437778186,0.597718680104639,0.026018201231237586
3968,0.6095351907767996,0.04777073376104347,0.5804172474602143,0.029117943316585335
3969,0.6066992504878137,0.047225161027402596,0.5780477806883222,0.028651469799491465
3970,0.6143256496913321,0.04840167296987203,0.5845912604979681,0.029734389193364023
3971,0.5834770001431814,0.051611038668198266,0.5533631461267873,0.03011385401639406
3972,0.5789713114251155,0.04463087390227566,0.553131315831866,0.0258399955932495
3973,0.5967718281294913,0.042006299102643196,0.5717036522210527,0.025068175908438586
3974,0.5911551034096317,0.048163729973508776,0.5626828686365486,0.02847223477308316
3975,0.5889042892887361,0.06032844496677452,0.5533766092816831,0.035527680007052975
3976,0.5823890883846211,0.05926508141671436,0.5478737516453005,0.034515336739320626
3977,0.5744019532940463,0.05608433804087717,0.5421869999741629,0.03221495331988343
3978,0.5482000859907038,0.055744729873778036,0.5176408202803702,0.030559265710333672
3979,0.5658845211296797,0.04969675802682874,0.5377618950119701,0.028122626117709548
3980,0.5548642577108363,0.05079449322683218,0.5266802089307319,0.02818404878010434
3981,0.5651489098594294,0.050080399151560186,0.5368460268736002,0.028302882985829336
3982,0.5406475826844751,0.04889429882475439,0.5142129982178193,0.026434584466655836
3983,0.5395628539021254,0.04485395122137994,0.5153613279723309,0.024201525929794486
3984,0.536337662703987,0.04451051682513793,0.512464996144246,0.023872666559740966
3985,0.5635648713098169,0.03882680028341421,0.5416834506047227,0.02188142070509429
3986,0.5392013021898315,0.03999160193551698,0.5176377783495434,0.021563523840288142
3987,0.55037323953432,0.04576008766111979,0.5251881118468951,0.025185127687424966
3988,0.57347598401615,0.04990516051497595,0.5448565729823402,0.028619411033809744
3989,0.5524240537296072,0.04934743219199499,0.5251633451969584,0.02726070853264879
3990,0.5472336107512255,0.0503488941798125,0.5196810035918753,0.027552607159350158
3991,0.5363135627667323,0.04616446976908534,0.511554931511637,0.02475863125509526
3992,0.5159399506123672,0.04231517609614757,0.49410786074716717,0.0218320898652
3993,0.5184235597057456,0.0477497576143615,0.4936689603882218,0.024754599317523822
3994,0.518744895874628,0.057851474174806274,0.4887347389276244,0.03001015694700361
3995,0.5038978870323086,0.05919520407760364,0.4740695487751579,0.029828338257150776
3996,0.5069478165895597,0.06694679380620362,0.4730092856418333,0.033938530947726385
3997,0.5346893232466632,0.07291370035557039,0.49570314614813327,0.03898617709852992
3998,0.527518355250715,0.0763180612269613,0.48725917711634503,0.040259178134369994
3999,0.5251959409933732,0.07806086088944686,0.4841986937037873,0.04099724728958585
4000,0.5313040894300988,0.08205901931975644,0.48770579689088867,0.043598292539210076
4001,0.5310394689459549,0.07953815153798252,0.48880157119228174,0.04223789775367312
4002,0.5177854976263239,0.08152079479648812,0.47557521232573086,0.04221028530059304
4003,0.5380203063764444,0.08611572807555595,0.4916882959734032,0.046332010403041184
4004,0.5347839710315863,0.07605887870410061,0.4941089018459976,0.04067506918558867
4005,0.5346624940899035,0.07493011577740134,0.4946001715059129,0.04006232258399063
4006,0.5259495650429612,0.07902495781146994,0.48438642285448025,0.04156314218848097
4007,0.5146213526225811,0.08263136098461157,0.47209748986363553,0.04252386275894558
4008,0.5143539186039795,0.08009655342955702,0.47315594248081383,0.04119797612316566
4009,0.5276908921827739,0.07630523029829668,0.48742531712845366,0.040265575054320206
4010,0.5178819792614695,0.05986910961221988,0.4868768462788712,0.031005132982598303
4011,0.5223372105114451,0.07329370896976728,0.48405317902013917,0.03828403149130592
4012,0.5133110632121373,0.07536165731832345,0.4746270907686399,0.038683972443497354
4013,0.5079729333124046,0.07686749393625435,0.468926326941232,0.03904660637117259
4014,0.48556019586040144,0.08218034434033405,0.4456566917666336,0.03990350409376784
4015,0.49948978081468226,0.0854575712786913,0.45680459726773365,0.042685183546948606
4016,0.4799860260769175,0.09401348116791705,0.43486086885347186,0.04512515722344562
4017,0.4833754775494832,0.08644889728566998,0.4415882005403962,0.04178727700908695
4018,0.4650209978131852,0.07969965289846775,0.4279589856969752,0.03706201211620999
4019,0.4495014669712279,0.0737502476866919,0.41635062244656845,0.03315084452465942
4020,0.4494923775243911,0.07253224517478024,0.41688968619359706,0.03260269133079401
4021,0.4879885718937045,0.06263333583134602,0.4574242197884271,0.030564352105277335
4022,0.4724864149631558,0.05942044789545983,0.44441106056152496,0.028075354401630812
4023,0.48743356290530027,0.05715617853223684,0.45957372316128065,0.02785983974401964
4024,0.4698553542842977,0.05732350693185664,0.4429215976260118,0.026933756658285894
4025,0.4717551132973122,0.054373044902844454,0.44610435133885096,0.025650761958461228
4026,0.46726946508115175,0.056515188006775664,0.44086164341226497,0.026407821668886788
4027,0.4647745518855261,0.05875326241234791,0.43746753067601435,0.027307021209511725
4028,0.45204610291513947,0.055113282113063246,0.42713235851706655,0.024913744398072903
4029,0.4489983713584934,0.058059507587785,0.4229297470097019,0.026068624348791553
4030,0.4625291726093326,0.06043301723654213,0.4345771391486292,0.027952033460703365
4031,0.4593956457305972,0.061085047466799415,0.4313334409051027,0.0280622048254945
4032,0.45738315328854795,0.0641984399689405,0.4280198683793484,0.029363284909199556
4033,0.4839331247631687,0.05771448397999254,0.45600317418663705,0.02792995057653163
4034,0.48585860833766653,0.05330192326151532,0.4599614100801056,0.025897198257560927
4035,0.48356171236510276,0.04575838034846165,0.461434711608747,0.022127000756355784
4036,0.5051434155327834,0.04594748915094866,0.4819333439279177,0.023210071604865715
4037,0.49439638903109623,0.04641556305275407,0.4714487022629694,0.02294768676812678
4038,0.48300294398807936,0.044232627106370125,0.4616384548753757,0.02136448911270369
4039,0.4738359086580406,0.04378736647435688,0.4530878820769211,0.020748026581119516
4040,0.45611939627695813,0.043423813307423814,0.43631295276713267,0.01980644350982549
4041,0.4590048671767604,0.05060899384981755,0.43577509267677544,0.02322977449998499
4042,0.454648836805901,0.04315701688456467,0.4350275492793211,0.019621287526579958
4043,0.442507358957031,0.046155991395484104,0.4220829931045719,0.02042436585245912
4044,0.4462306585210992,0.04295150512014851,0.427064380106863,0.019166278414236234
4045,0.48731986063500266,0.037907714029796674,0.4688466787170106,0.01847318191799205
4046,0.4670832154323461,0.03567180030319654,0.45042151624646853,0.01666169918587758
4047,0.4763191182095749,0.03631171424407857,0.45902315450015735,0.017295963709417567
4048,0.4661881195663975,0.033419845562334544,0.45060818460749336,0.015579934958904156
4049,0.4774695712782983,0.030931888163450046,0.46270053589806753,0.014769035380230763
4050,0.4748550428359654,0.03593319496127097,0.457791984003398,0.01706305883256742
4051,0.4822913747102397,0.03828344090102564,0.46382760136944584,0.01846377334079387
4052,0.48409572276656726,0.040827708083831855,0.46433120391282223,0.019764518853745004
4053,0.4771555494315682,0.05176930952604965,0.45245353610097305,0.024702013330595136
4054,0.47099155908018553,0.051723836494335935,0.44663006868810967,0.02436149039207588
4055,0.47437702684472066,0.050616138723733425,0.45036589344659606,0.024011133398124596
4056,0.47331890237925667,0.04844784356027847,0.4503876222426637,0.022931280136592944
4057,0.4779442326273946,0.05187423223524491,0.45315124250858524,0.024792990118809387
4058,0.47748701788099335,0.05052174697614007,0.45336353957921816,0.024123478301775216
4059,0.4721631900352389,0.048268509426878915,0.4493725766459977,0.022790613389241147
4060,0.47961259038021653,0.04965559011038229,0.4557971441805178,0.023815446199698713
4061,0.4693270360963263,0.044232757541290635,0.44856740710110493,0.02075962899522136
4062,0.458999243230621,0.03971509596590411,0.44077004423743954,0.018229198993181477
4063,0.4871228962211812,0.03956683438949853,0.4678489852590649,0.019273910962116357
4064,0.4798983358369855,0.04091551260915815,0.4602630494259333,0.01963528641105219
4065,0.4793881716472233,0.04243684303962697,0.45904445105197633,0.02034372059524697
4066,0.516138523342587,0.03913469017965509,0.4959396021417902,0.02019892120079682
4067,0.5145359261350383,0.037852606520046406,0.495059400182621,0.019476525952417265
4068,0.49168914476127645,0.03951119687612149,0.47226191816076185,0.019427226600514595
4069,0.5245666069862068,0.039192192974110716,0.504007691297429,0.020558915688777914
4070,0.47686611320050887,0.044052370530398635,0.45585903048840903,0.021007082712099837
4071,0.46201425442678623,0.04996965517431668,0.4389275614474607,0.023086692979325522
4072,0.5106726418899491,0.0458759536853026,0.48724504742225466,0.023427594467694428
4073,0.4883862510886136,0.04846148070149674,0.4647183302066064,0.023667920882007188
4074,0.4576378745726821,0.04896644425342798,0.43522897509916164,0.022408899473520504
4075,0.49848155752945655,0.04394956492260543,0.4765735099540942,0.021908047575362327
4076,0.45661714170691836,0.05096248002411225,0.4333467997440123,0.02327034196290606
4077,0.48627417557435987,0.044339323259802825,0.4647131077106742,0.021561067863685657
4078,0.504212340082362,0.04198989548105497,0.4830405166220455,0.021171823460316527
4079,0.4734724674060183,0.04208708687420584,0.4535453905377566,0.019927076868261687
4080,0.4551302868098515,0.04387902217904807,0.43515961486056554,0.019970671949285985
4081,0.46501782489925286,0.044623825169786045,0.4442669507801144,0.02075087411913844
4082,0.440026017085793,0.04492058312429978,0.42025979180843603,0.019766225277356917
4083,0.44211248765823397,0.04137568449924942,0.4238197808557086,0.018292706802525392
4084,0.47377175773032243,0.04686560932151144,0.4515681556249674,0.022203602105355057
4085,0.4637661602306262,0.04716264771038669,0.44189372019567047,0.02187244003495577
4086,0.4638968139701308,0.05822028210848719,0.43688861059156137,0.027008203378569413
4087,0.47415256482658197,0.06359645446778628,0.44399814282680417,0.030154421999777803
4088,0.4615140570971811,0.0659064024772207,0.4310973259012392,0.03041673119594183
4089,0.44935188764760375,0.07094250970085857,0.41747373699906454,0.03187815064853924
4090,0.449956601688563,0.06472651104343963,0.42083248074029966,0.029124120948263336
4091,0.4589483489208619,0.06413050005608134,0.4295157618046541,0.029432587116207772
4092,0.4780834966411032,0.06585349425225862,0.4466000278429486,0.03148346879815459
4093,0.5133135938751331,0.056272149489230046,0.4844283345857377,0.02888525928939541
4094,0.5091114462734961,0.05580844718258502,0.4806987270140923,0.02841271925940388
4095,0.5116870055937718,0.05296955794199712,0.48458317110280547,0.0271038344909663
4096,0.509911138555979,0.05325129237317757,0.4827577114323947,0.027153427123584296
4097,0.4990874011479003,0.05064880215711232,0.47380922210805293,0.025278179039847356
4098,0.47990712705871164,0.0525638815332197,0.4546813456850497,0.02522578137366193
4099,0.4753332888717109,0.0485288999039945,0.45226588727501915,0.02306740159669176
4100,0.4671572111717249,0.05221519575038585,0.4427645059441889,0.024392705227535953
4101,0.467784629702773,0.054071773137774656,0.4424906853281467,0.025293944374626266
4102,0.4754657070664152,0.053349215402024905,0.450099984643853,0.02536572242256226
4103,0.4860056016557641,0.050474882257569756,0.4614745261356701,0.024531075520094044
4104,0.4831189063675274,0.05327520011834297,0.4573806499498424,0.025738256417685023
4105,0.4865706423886717,0.04920255046959574,0.46263012579951945,0.02394051658915224
4106,0.4821735514165101,0.04937073702576647,0.45836828780874567,0.02380526360776441
4107,0.48054544000114097,0.04886485349941863,0.45706365747567157,0.023481782525469418
4108,0.4952272769786642,0.053427339243013024,0.46876860124913156,0.026458675729532664
4109,0.484621825171459,0.05363152903047222,0.45863081568597547,0.025991009485483538
4110,0.4812057033699922,0.048258900549377655,0.4579832451872664,0.023222458182725777
4111,0.4894137445909911,0.05527657397377216,0.46236062953432633,0.027053115056664755
4112,0.4959129593106669,0.05206994979499953,0.47009079641667084,0.02582216289399607
4113,0.4930017659312319,0.04913191877477082,0.46877964321168003,0.02422212271955186
4114,0.49264910380810906,0.044584364048370594,0.47068465681582483,0.02196444699228425
4115,0.4865258658573834,0.04957323640794184,0.4624072040906567,0.024118661766726664
4116,0.4970657094413905,0.04169931324533806,0.47633841071987776,0.020727298721512733
4117,0.5239467976194143,0.04596732836760103,0.49986236312608967,0.02408443449332462
4118,0.5229012708661673,0.04599464128164945,0.49885061448695933,0.02405065637920798
4119,0.5178324869046596,0.040764205477768316,0.49672345700541426,0.02110902989924531
4120,0.5160623606568759,0.04230759116474729,0.49422900528669045,0.021833355370185475
4121,0.5287946383241608,0.04362135626231915,0.5057278990162184,0.023066739307942424
4122,0.5340450995831624,0.04911186576709004,0.5078171483388618,0.026227951244300503
4123,0.534512839299192,0.05027867350970107,0.5076382427653247,0.026874596533867392
4124,0.527208504131602,0.049497657160893445,0.5011129183417885,0.02609558578981351
4125,0.5169784478232868,0.05599099976415967,0.48803230767313754,0.028946140150149288
4126,0.5112840682512374,0.056188015825872684,0.4825560309328203,0.028728037318417096
4127,0.5158037038942521,0.055358845755249686,0.4872494062103837,0.028554297683868385
4128,0.5168106178688842,0.0519875025038632,0.48994292457840244,0.026867693290481703
4129,0.5338994192188972,0.041017941386173665,0.5119999641352643,0.021899455083632884
4130,0.5341556855832151,0.040458832337414576,0.512544370258127,0.021611315325088035
4131,0.529588980597357,0.04267759501067721,0.5069873965613056,0.022601584036051392
4132,0.5384504370261208,0.045202522971255904,0.5141111187775649,0.024339318248556008
4133,0.5319730478218256,0.045739288039879276,0.5076409793580506,0.024332068463774954
4134,0.5425966563162973,0.046790480078615346,0.5172082982782062,0.025388358038091006
4135,0.5342557996140882,0.044869157705540334,0.5102841918861041,0.023971607727984078
4136,0.53229723664661,0.04613735847509985,0.5077384482241403,0.024558788422469703
4137,0.5284410102223199,0.04755652973756337,0.5033101896051342,0.025130820617185787
4138,0.5363095195524696,0.04441821340954552,0.5124876088594172,0.023821910693052423
4139,0.5418056918458384,0.043110502039634124,0.518448176462433,0.023357515383405393
4140,0.5553941728517711,0.03970520934271503,0.5333421309509674,0.022052041900803624
4141,0.5740162711106876,0.03881116374167719,0.5517380316222238,0.02227823948846386
4142,0.579486626373705,0.03666123672459884,0.5582419299854794,0.02124469638822556
4143,0.5458668291080165,0.04217408202438409,0.5228453966828246,0.023021432425191942
4144,0.546247236662432,0.04392089635874654,0.5222555683947296,0.02399166826770237
4145,0.5318878575375919,0.042661629593724486,0.5091966547739235,0.022691202763668445
4146,0.5255305879083325,0.04040076807585895,0.5042987485094782,0.021231839398854344
4147,0.536246235281843,0.03986260627873632,0.5148700627363483,0.02137617254549471
4148,0.5229376427060068,0.04326768790174659,0.5003113399893283,0.022626302716678575
4149,0.5276625359885364,0.04364161205016699,0.5046344922995174,0.023028043689018986
4150,0.5249259776129325,0.04341895469772748,0.5021342403712963,0.022791737241636224
4151,0.515850396942584,0.040809158944341006,0.49479897610225276,0.021051420840331313
4152,0.5074357473079506,0.04270924791977268,0.4857635481728202,0.021672199135130386
4153,0.5289094923783502,0.04312367742487042,0.5061009700420742,0.022808522336275935
4154,0.5248245380503791,0.04893196435462162,0.49914384246206717,0.025680695588311906
4155,0.5276126582291183,0.05202768246056912,0.500162194384597,0.02745046384452135
4156,0.5212368269926342,0.0512677792245177,0.4945141724226877,0.026722654569946498
4157,0.5157027356973916,0.05398291854577226,0.4878635969224073,0.027839138774984208
4158,0.5191618086808144,0.05226936589124795,0.4920255501461149,0.027136258534699555
4159,0.5304237472062396,0.05434848846592035,0.501596018299151,0.028827728907088568
4160,0.5079492554703764,0.06110746614701246,0.4769097635373202,0.031039491933056208
4161,0.5109943507101042,0.06640038510657262,0.4770641290356703,0.03393022167443395
4162,0.5020176333988297,0.06995148162702557,0.46690075613968857,0.03511687725914109
4163,0.5093396206651261,0.06320241430102087,0.4771481269399239,0.03219149372520211
4164,0.5057350251043712,0.0644478971024728,0.47314146624532816,0.03259355885904301
4165,0.5257096582083053,0.055754503311694854,0.4963989773287404,0.029310680879564927
4166,0.523137893494623,0.06345964589111293,0.4899397480212315,0.033198145473391526
4167,0.5185950764442248,0.062042278207079145,0.4864202564346507,0.03217482000957407
4168,0.5171334246050446,0.05892461259945001,0.4866615378979655,0.030471886707079145
4169,0.5095618758347944,0.06588278712070282,0.47599051924434466,0.03357135659044976
4170,0.5092364876905277,0.0673335351462508,0.47494779474886417,0.03428869294166346
4171,0.5075578741340223,0.059731290612633374,0.47724078725139263,0.030317086882629678
4172,0.5038859347805479,0.05112333390258741,0.47812560588794456,0.02576032889260333
4173,0.49000710005461,0.05074581634374241,0.465141289748109,0.02486581030650105
4174,0.495708034680518,0.05114183908358557,0.4703566141384465,0.025351420542071505
4175,0.49899480693519094,0.057281756953295855,0.47041150768337253,0.028583299251818396
4176,0.5063508393996982,0.06050422573685347,0.4757144739106136,0.030636365489084574
4177,0.5249873146592178,0.05408397072566186,0.49659391610184483,0.028393398557372964
4178,0.512569180713672,0.05242755969602717,0.4856964293934622,0.026872751320209776
4179,0.513913977840154,0.04751296988580661,0.4894963984871397,0.024417579353014324
4180,0.5204515179563064,0.040246362472840067,0.49950523751509707,0.020946280441209338
4181,0.49954617702208437,0.04489069799136545,0.4771212004566448,0.022424976565439573
4182,0.5012130733157251,0.04607565077795118,0.4781193547842861,0.02309371853143899
4183,0.5081966122944541,0.04765303340812537,0.48397950215089036,0.024217110143563758
4184,0.5066822433984959,0.05277205004483502,0.47994358269304116,0.026738660705454702
4185,0.5143438558919472,0.06004839180118098,0.4834583345128174,0.030885521379129813
4186,0.506496551685674,0.05609349925265804,0.47808538774221976,0.028411163943454228
4187,0.5035354033448579,0.04906786266406668,0.478827997327037,0.02470740601782091
4188,0.5010506946005987,0.05229332932320543,0.47484908562022876,0.026201608980369936
4189,0.5358041939306758,0.051210019403181546,0.5083656507631799,0.027438543167495957
4190,0.5353363021528024,0.05721156617702539,0.5047088738752232,0.030627428277579114
4191,0.526778742316472,0.057430549817184255,0.49652554951323224,0.030253192803239817
4192,0.5371469176206187,0.052196666909471515,0.509109638880126,0.02803727874049277
4193,0.5313889050679529,0.051281253303492515,0.5041386160244976,0.02725028904345523
4194,0.5293086422272811,0.050446046835809395,0.5026071136708851,0.0267015285563961
4195,0.5442613581658278,0.04743808179917046,0.5184426433370296,0.025818714828798148
4196,0.5264042764506569,0.05011675630101429,0.5000226016119675,0.026381674838689327
4197,0.5348909878721261,0.04954827120271869,0.5083880641411479,0.026502923730978213
4198,0.5335911937649382,0.05174460006124758,0.5059807308473678,0.027610462917570393
4199,0.5481022550560825,0.05461873564878576,0.518165602878671,0.029936652177411517
4200,0.5391288379986071,0.06051946592782551,0.5065010486566422,0.03262778934196486
4201,0.5539270165993783,0.06362697770804332,0.5186823146623267,0.035244701937051585
4202,0.5402691533219297,0.0621150520436915,0.5067103067457369,0.033558846576192805
4203,0.5318570773752062,0.06324185599865181,0.49822144867597956,0.0336356286992266
4204,0.5317735997601364,0.0632163541513101,0.49815681154938257,0.03361678821075382
4205,0.5295070975931685,0.06302724315113246,0.4961337250029134,0.03337337259025506
4206,0.5324587313558891,0.061412925573544996,0.4997588829161457,0.032699848439743405
4207,0.553024859963342,0.057485425376513216,0.5212339906445627,0.03179086931877937
4208,0.5474742795432321,0.06245497753708532,0.5132817857122276,0.03419249383100453
4209,0.5496124247724643,0.06354987341824637,0.5146846247490787,0.034927800023385566
4210,0.5421462037678977,0.06822657477005084,0.505157425260228,0.03698877850766969
4211,0.5480961570551932,0.05722890979926298,0.5167292115217589,0.031366945533434325
4212,0.5465712723844471,0.05701438786060991,0.5154088458672532,0.031162426517193934
4213,0.5623271183481651,0.057334205959474915,0.5300865395281933,0.03224057881997172
4214,0.5524678277630467,0.059889406333072596,0.5193808575401956,0.03308697022285107
4215,0.5553296000890577,0.06410368399518339,0.5197309268917772,0.03559867319728052
4216,0.5537838262152768,0.06176257262481752,0.5195807124302064,0.034203113785070356
4217,0.5462977853849774,0.06086129516847522,0.513049394618778,0.03324839076619944
4218,0.5515388960983687,0.06281225106826972,0.5168954964827216,0.03464339961564706
4219,0.5634306063400669,0.05863968342542678,0.5303912139520891,0.03303939238797778
4220,0.5556751738575714,0.05342328798535116,0.5259891790182682,0.02968599483930311
4221,0.5520771237221156,0.05702634437976596,0.5205941835405475,0.031482940181568025
4222,0.5588769651407482,0.053287206103880436,0.5290959731125819,0.029780992028166253
4223,0.5456235110742687,0.05279927265550581,0.5168149865458039,0.028808524528464705
4224,0.5351262775956803,0.052131213258729964,0.5072294954979896,0.02789678209769074
4225,0.5533008380706447,0.050105615493464775,0.5255773590260652,0.02772347904457954
4226,0.5323507807185729,0.04846871153636122,0.5065484242917677,0.025802356426805194
4227,0.5260935519084375,0.048682279562785966,0.500482118538252,0.025611433370185607
4228,0.5474871956918603,0.03884205905788378,0.5262216657033619,0.021265529988498413
4229,0.6971030712359285,0.029618260311934045,0.6764560910078141,0.020646980228114432
4230,0.6964199650206615,0.03308952504815273,0.6733757591440767,0.023044205876584827
4231,0.7106052219708895,0.034173656975791666,0.68632124287005,0.024283979100839473
4232,0.7102541535912102,0.02833812625925529,0.690126881710582,0.020127271880628215
4233,0.7067683541556615,0.026025049277867005,0.6883746729107235,0.01839368124493805
4234,0.7118303791286874,0.02690511591215534,0.6926785002684366,0.019151878860250816
4235,0.7050766532183091,0.023462429278797898,0.6885338421060431,0.01654281111226609
4236,0.7104767471483586,0.024497633540857343,0.6930717481574178,0.01740499899094085
4237,0.7155920803370135,0.02715160175246526,0.6961626091544848,0.019429471182528718
4238,0.7092872561697616,0.02777795726916329,0.6895847050763159,0.019702551093445715
4239,0.6942926272855445,0.03007433203792295,0.6734122402810772,0.02088038700446735
4240,0.6952639842046491,0.0304905623741433,0.6740649943277618,0.021198989876887234
4241,0.686456203958623,0.02614859541842263,0.6685063384088427,0.017949865549780238
4242,0.6931694889652531,0.04269948772584546,0.6635715068792507,0.029597982086002395
4243,0.6969872851198384,0.04135554370035899,0.6681629969914704,0.028824288128368045
4244,0.6991100999475973,0.03999291020620783,0.67115065249614,0.027959447451457238
4245,0.6958199521455254,0.03790623000532516,0.6694440409972028,0.026375911148322634
4246,0.7008652767725831,0.04218917593970029,0.6712963483007979,0.02956892847178525
4247,0.6978132919082428,0.037966019413213044,0.6713200989208563,0.02649319298738645
4248,0.6964054818456735,0.04040179821965008,0.6682694480890864,0.028136033756587086
4249,0.7096508159137854,0.040767561687219595,0.6807200824996344,0.028930733414150964
4250,0.7011754220398493,0.03927441849353597,0.6736371650772746,0.027538256962574743
4251,0.7053889130386652,0.040957220998455494,0.6764981434374804,0.028890769601184915
4252,0.7049528179735185,0.032481390895396284,0.6820549699301095,0.022897848043408997
4253,0.7130965398971251,0.03353071813526926,0.6891859008145987,0.023910639082526292
4254,0.6919218577955859,0.029599037658539426,0.6714416366699278,0.02048022112565811
4255,0.6161046059353108,0.041945108406638995,0.5902620314495246,0.02584257448578621
4256,0.5872135269190677,0.0327860139268103,0.5679611360474878,0.01925239087157995
4257,0.6032281163024442,0.0360003362815565,0.5815117012610663,0.021716415041377866
4258,0.6105440223094006,0.043032877671941826,0.5842705560840249,0.02627346622537576
4259,0.6252621760444639,0.043886906301227956,0.5978213535106986,0.027440822533765286
4260,0.6232721758304774,0.04104733852994675,0.5976885118328673,0.0255836639976101
4261,0.6612757071745604,0.036507295944545416,0.6371343192318002,0.02414138794276023
4262,0.660075209451389,0.03578367463248017,0.6364552929234143,0.0236199165279747
4263,0.6639076507315967,0.037388613795498446,0.6390850639825164,0.024822586749080344
4264,0.6602701665274306,0.037419476881256665,0.635563202295674,0.02470696423175668
4265,0.6662936770643043,0.03828833619853825,0.640782400749906,0.025511276314398357
4266,0.6413657582990951,0.04248239062565848,0.6141190076211114,0.027246750677983822
4267,0.6489421156239663,0.042195799540253855,0.6215594841998692,0.027382631424097123
4268,0.638566386324607,0.04300286606709534,0.6111062015385409,0.027460184786066138
4269,0.6235083773178881,0.050767592902819236,0.5918543578467161,0.031654019471171954
4270,0.61912503089744,0.053391507657719516,0.5860690120691935,0.0330560188282465
4271,0.6261431644227295,0.04920568296753022,0.5953333623818585,0.03080980204087098
4272,0.6392367085887644,0.047547777466809216,0.6088424238201702,0.030394284768594137
4273,0.6537421772482733,0.04450445101957489,0.6246477405414973,0.029094436706776028
4274,0.6275823940360763,0.048353239088616176,0.5972367524894437,0.030345641546632524
4275,0.6313415850529382,0.04319866121691446,0.6040684738080866,0.027273111244851666
4276,0.6472035202192281,0.03964406322468352,0.6215457429444193,0.02565777727480882
4277,0.6293334666659232,0.03728413748600268,0.6058693111702081,0.023464155495714963
4278,0.6421828192016161,0.03301376157706019,0.6209819487196097,0.021200870482006504
4279,0.641628743663013,0.03593283492931721,0.6185732039310649,0.023055539731948235
4280,0.6292958855310666,0.0349035203265806,0.6073312437989995,0.021964641732067126
4281,0.6320771460985407,0.03392535526861414,0.610633704359976,0.02144344173856472
4282,0.6227429217638791,0.03494446402588621,0.600981504136926,0.021761417626953144
4283,0.6258861107718774,0.03301930771455253,0.6052197846860362,0.02066632608584113
4284,0.6122329148301783,0.03314303328782824,0.5919416589540576,0.020291255876120712
4285,0.6002825784587623,0.0326061966078616,0.5807096466852618,0.01957293177350051
4286,0.5889990562596109,0.03289124687990707,0.5696261428881437,0.019372913371467137
4287,0.5017530486531225,0.03695052169446153,0.4832130117436031,0.018540036909519417
4288,0.5128917031037262,0.03761640607858475,0.49359856052543954,0.019293142578286692
4289,0.5186528405142711,0.03861658471418922,0.49862423916129683,0.02002860135297422
4290,0.5123536964163833,0.04199626999194761,0.4908367522503085,0.021516944166074792
4291,0.522514561462983,0.03898910832106594,0.5021421846267685,0.020372376836214512
4292,0.5246080653944775,0.04116624622642731,0.5030119206020788,0.021596144792398738
4293,0.5202413249427663,0.04809461222009276,0.4952205201587767,0.025020804783989617
4294,0.5350860951883922,0.04716464523469577,0.5098489493388131,0.02523714584957917
4295,0.5212764597913413,0.046123996974338215,0.4972331059371317,0.02404335385420956
4296,0.5066397287112336,0.044300758001748076,0.48419520469552596,0.022444524015707658
4297,0.5258479219795034,0.04362366828182681,0.5029085066643816,0.022939415315121798
4298,0.5092404550039841,0.03990042089529455,0.4889215465124138,0.02031890849157027
4299,0.5100858486799223,0.0417619438002713,0.4887836721340377,0.02130217654588461
4300,0.5092064120611115,0.03944158906469964,0.489122502007487,0.020083910053624476
4301,0.48576227971854624,0.0522790992634307,0.46036706527870996,0.02539521443983627
4302,0.4890120520216791,0.05346957431895482,0.4628647857632413,0.02614726625843777
4303,0.5340708016780071,0.05166680854432476,0.5064770678185955,0.027593733859411634
4304,0.5147678030113687,0.055220872156970975,0.4863418759707531,0.028425927040615608
4305,0.4927422459812676,0.056259144618245396,0.4650209887050884,0.02772125727617918
4306,0.5035592877238229,0.06113329342865819,0.47277505002867626,0.030784237695146578
4307,0.47474204371073686,0.05869954784734215,0.4468749004007935,0.027867143309943398
4308,0.45358470073635115,0.059644245278362915,0.4265309835911194,0.02705371714523177
4309,0.4815760842110434,0.05175735412697885,0.4566509802814487,0.024925103929594763
4310,0.4738759580003723,0.04973729404828735,0.4503066501348939,0.02356930786547838
4311,0.4721743538727963,0.04759775362128554,0.4496999153108693,0.022474438561927053
4312,0.46465320471253607,0.05081106295179565,0.4410436814771338,0.023609523235402264
4313,0.43704338482659616,0.050387512057297294,0.41502185600408403,0.022021528822512137
4314,0.44489172718241127,0.052807024357220955,0.42139831890876356,0.02349340827364769
4315,0.4619162917283653,0.05773477663642768,0.4352476578007012,0.026668633927664137
4316,0.4515888925059271,0.061356625117341065,0.4238809221212857,0.0277079703846414
4317,0.4401694160019382,0.05981197168007306,0.41384201535759596,0.026327400644342226
4318,0.4582541089681286,0.05774000816677829,0.4317945129738492,0.026459595994279453
4319,0.44093549758579714,0.05592730188379843,0.4162751649010334,0.02466033268476375
4320,0.44208579590361957,0.0635259731759511,0.41400186549157725,0.02808393041204233
4321,0.4580296562315742,0.061369681594738504,0.429920522067695,0.028109134163879244
4322,0.4542536784719407,0.052977902845938334,0.4301882712264441,0.024065407245496585
4323,0.45353445561703076,0.05049921492267614,0.4306313216679874,0.022903133949043357
4324,0.47607799609458135,0.053522704527832,0.4505970141774087,0.025480981917172633
4325,0.4801199401680832,0.05647134492947997,0.4530069214193301,0.02711301874875311
4326,0.4639096220360109,0.05875103542090797,0.4366544513996732,0.027255170636337703
4327,0.4826757547827383,0.06317520455063949,0.4521826152427045,0.0304931395400338
4328,0.48106858782619105,0.06107455414486991,0.45168753831160424,0.02938104951458681
4329,0.4683035300319619,0.05887906955996981,0.4407302539120306,0.027573276119931298
4330,0.466380575906047,0.05866678739631937,0.43901952581359394,0.027361050092453047
4331,0.4623235257504833,0.049923573369902996,0.4392426832920468,0.02308084245843649
4332,0.46387846063471844,0.05035354117099574,0.44052053746881004,0.02335792316590842
4333,0.5076778779061136,0.041781799196916124,0.48646618275472386,0.02121169515138974
4334,0.5020770005806476,0.045811138407957884,0.47907628161559523,0.0230007189650524
4335,0.4818440746909845,0.04584186070177074,0.45975544573902677,0.022088628951957727
4336,0.48780230628404353,0.045261615410985036,0.4657235859004236,0.022078720383619906
4337,0.5054519497078502,0.041758987424902555,0.48434478809610765,0.021107161611742597
4338,0.47074670663573864,0.05033998066495197,0.44704932652560575,0.0236973801101329
4339,0.49226036234516807,0.05291065569018169,0.4662145438031988,0.026045818541969266
4340,0.4961702379748807,0.05309468159309414,0.46982623717363464,0.026344000801246038
4341,0.5006797631100411,0.05617616695531191,0.4725534931464255,0.02812626996361569
4342,0.49203772628356807,0.05910478107095385,0.46295594419292785,0.029081782090640204
4343,0.4819574890586811,0.05662895813351377,0.4546647385886436,0.027292750470037472
4344,0.4794081680832893,0.06157244286883611,0.4498898360431276,0.02951833204016171
4345,0.479295088546578,0.06240334531307716,0.449385471629144,0.029909616917434
4346,0.48670930865100226,0.0616512788537807,0.4567030573426285,0.03000625130837376
4347,0.47670447206773164,0.06127842328513487,0.4474927736464484,0.029211698421283214
4348,0.46980332050826334,0.06126915290986132,0.44101886902648196,0.028784451481781374
4349,0.4688848922140128,0.05959998202353476,0.4409393610669506,0.0279455311470622
4350,0.4738758553824823,0.057948222959662,0.44641559165957767,0.02746026372290463
4351,0.47579423472825955,0.056351859914534126,0.4489823446647097,0.02681189006354985
4352,0.46859988494679944,0.05092728101155972,0.44473536692412924,0.02386451802267021
4353,0.45410523393042773,0.0494877442066743,0.4316325902707667,0.022472643659661003
4354,0.45825414782934143,0.056891138324283906,0.4321835477175055,0.026070600111835908
4355,0.4456657950057312,0.060602561534374794,0.4186573062401303,0.02700848876560089
4356,0.4478199132343481,0.06057904308752789,0.42069141141507155,0.027128501819276573
4357,0.4770589324761279,0.05804225005725659,0.4493693586253006,0.027689573850827303
4358,0.4771809222470295,0.06247595270251734,0.4473685895181805,0.02981233272884902
4359,0.48131983918569504,0.05892682399554609,0.45295718973643506,0.02836264944926
4360,0.4734413154597977,0.05848170242044497,0.4457536613355338,0.0276876541242639
4361,0.4571521855737607,0.06266830268983481,0.42850323403290475,0.02864895154085597
4362,0.4658427371546593,0.060967822157618375,0.4374413200023959,0.02840141715226343
4363,0.46533597123916615,0.054805755997962884,0.43983288154235733,0.025503089696808815
4364,0.45250865266415374,0.05174340456387271,0.4290943143806995,0.023414338283454263
4365,0.4524889092596899,0.05225578896849221,0.4288437443068323,0.023645164952857574
4366,0.4584935679446558,0.05474330341859609,0.4333941154391868,0.025099452505468994
4367,0.4651016435041162,0.05329238996940408,0.4403152653430841,0.024786378161032116
4368,0.4482558774898768,0.05066535341578295,0.42554483503615026,0.022711042453726512
4369,0.4547170023224349,0.049528060371967955,0.432195751179249,0.022521251143185848
4370,0.456263306547678,0.04883913738116564,0.43397980023721106,0.02228350631046694
4371,0.46753008338084023,0.04792310803071261,0.44512458868737215,0.022405494693468083
4372,0.49464554101767144,0.04398493482622504,0.47288858913392634,0.021756951883745105
4373,0.4912811155589404,0.049301676179891306,0.46706013308635774,0.024220982472582638
4374,0.4959288846877173,0.05578181445886974,0.4682650716572728,0.02766381303044445
4375,0.5142417019076336,0.05611362344667858,0.48538573668620955,0.028855965221424085
4376,0.5088906574206608,0.06075672278598816,0.4779721288193744,0.030918528601286355
4377,0.5159062605431858,0.06555369808406344,0.4820866972998596,0.033819563243326176
4378,0.5112006592504964,0.0653774177435058,0.4777796801999211,0.03342097905057527
4379,0.5259189146492682,0.05894832530678397,0.4949168753835324,0.031002039265735814
4380,0.5274233178127387,0.05837686667849336,0.49663399710565576,0.030789320707082877
4381,0.5473138443224645,0.05506199013795352,0.5171776548240156,0.03013618949844897
4382,0.5322241224842528,0.05156687750318524,0.504778986355867,0.02744513612838572
4383,0.5218419122969657,0.0511088359614337,0.49517117960357926,0.026670732693386497
4384,0.5206487049546636,0.050619869326297855,0.49429353554495237,0.02635516940971128
4385,0.5144577348593218,0.05309227162718671,0.4871440050594635,0.027313729799858313
4386,0.5105397407058857,0.05522600856449928,0.48234466861314523,0.028195072092740487
4387,0.5233370186092247,0.05390742785472423,0.4951252660348414,0.02821175257438325
4388,0.5017322496636173,0.05234757013752405,0.47546778553409336,0.026264464129523934
4389,0.48679808197375346,0.054612520985323626,0.4602128115063466,0.026585270467406903
4390,0.500218939648964,0.052956997277155714,0.4737288466239921,0.026490093024971906
4391,0.4969714056822932,0.05325987990943687,0.47050276829723026,0.026468637385062967
4392,0.4949099651139007,0.053662487642621284,0.46835186522676586,0.026558099887134826
4393,0.5008850640347015,0.054460319868817164,0.47360670322985865,0.02727836080484281
4394,0.5042110476000614,0.049437052085047124,0.479284339778001,0.024926707822060412
4395,0.5056887718469966,0.05333241722413187,0.4787191672812937,0.026969604565702854
4396,0.5294195382495984,0.047794934663267216,0.5041159660095018,0.025303572240096654
4397,0.5370537654719257,0.043462755077103274,0.5137119291999833,0.023341836271942373
4398,0.5099036345251831,0.04819841391837737,0.48532708808985325,0.02457654643532979
4399,0.5256890759915027,0.05129278224984957,0.49872502068554597,0.02696405530595677
4400,0.5217212452819434,0.052558570433898874,0.49430032246493094,0.027420922817012455
4401,0.5178208099776519,0.05276586145829554,0.4904975488581487,0.02732326111950316
4402,0.5189241121643802,0.05227581232248278,0.49179693266726404,0.02712717949711614
4403,0.5193179417571404,0.048323433791212254,0.4942227155820506,0.025095226175089795
4404,0.5187343694303554,0.04832132761089481,0.4936684360220803,0.025065933408275145
4405,0.5287874000763023,0.04648113646226931,0.5042087607738271,0.024578639302475207
4406,0.5316395709936954,0.046865252957679786,0.5067241480167635,0.024915422976931896
4407,0.5287284922895357,0.04755733600466456,0.5035835737264825,0.02514491856305314
4408,0.5187674905470933,0.04528593657990763,0.49527461887045976,0.023492871676633494
4409,0.5227104997846478,0.05587703942162097,0.4935029845820858,0.029207515202561964
4410,0.53074197543228,0.05420741326867513,0.5019718258309893,0.02877014960129062
4411,0.5439330413781092,0.05319747217542966,0.5149971785441003,0.028935862834008792
4412,0.5272630343935835,0.057758379760337736,0.49680917581949086,0.03045385857409261
4413,0.5179093675686258,0.06660377996602167,0.4834146460087436,0.034494721559882195
4414,0.5337835685654359,0.0723665882942024,0.4951554728208508,0.038628095744585055
4415,0.5153016363687812,0.06931437780613864,0.47958382406139405,0.03571781230738717
4416,0.5122657002311443,0.06663976196731639,0.4781284359037202,0.0341372643274241
4417,0.5369240551577568,0.06174751662165707,0.5037703281373357,0.0331537270204211
4418,0.5344860292260636,0.057860917318217464,0.503560177281272,0.030925851944791628
4419,0.5449765089207969,0.05732691446036928,0.5137346872109837,0.031241821709813197
4420,0.5428948494185463,0.054186484200414095,0.513477286238042,0.029417563180504248
4421,0.5527408553674652,0.05373283040000063,0.5230405247308539,0.029700330636611285
4422,0.5457796032075313,0.05149270958793973,0.5176759326005449,0.028103670606986385
4423,0.5401221353685991,0.051160061943903004,0.5124894534658684,0.027632681902730695
4424,0.5219660998949848,0.05165404347467172,0.4950044402787044,0.026961659616280387
4425,0.5385510886949334,0.04921282302169012,0.5120474692788511,0.026503619416082296
4426,0.5484162157484488,0.048940219845669375,0.5215766055827896,0.026839610165659132
4427,0.5522317046920118,0.053399399020386214,0.5227428635414549,0.029488841150556822
4428,0.5309611399211179,0.055740348138781495,0.5013651811337505,0.02959595878736739
4429,0.5516954408606677,0.05303577190932069,0.5224358472957692,0.029259593564898493
4430,0.5430895008962562,0.05759573066231688,0.5118098642771033,0.031279636619152874
4431,0.5496109210690628,0.06329190192145863,0.5148250005577972,0.03478592051126567
4432,0.5502228729241617,0.05036781787884789,0.5225093474679411,0.027713525456220644
4433,0.5472570660954617,0.06253658336950736,0.5130334789570308,0.034223587138430836
4434,0.5438374317781695,0.04995045550917375,0.5166725043379107,0.02716492744025877
4435,0.5432339831554519,0.05356814327992347,0.5141339473112572,0.029100035844194783
4436,0.5254451449394718,0.04758942455465329,0.5004395128567659,0.025005632082705856
4437,0.5225747674571396,0.05136242898490599,0.49573405807431853,0.026840709382821095
4438,0.534076422327883,0.049501669327213046,0.5076387478743472,0.026437674453535846
4439,0.5437057574113663,0.046426585491371936,0.5184633555827564,0.02524240182860993
4440,0.5474236948220188,0.050227411568860146,0.5199280195996472,0.027495675222371632
4441,0.5596738408527412,0.06594808962062361,0.522764420237866,0.03690942061487521
4442,0.5501215203656182,0.05988727199985818,0.5171762432425069,0.0329452771231113
4443,0.552247197651326,0.06521361676387384,0.5162331605447692,0.036014037106556866
4444,0.5416686638265097,0.06749563255319578,0.5051083947272951,0.03656026909921463
4445,0.5295181004342729,0.08169944749604251,0.4862567641896389,0.04326133624463405
4446,0.5366443630288311,0.09066698362414964,0.48798843735410385,0.04865592567472725
4447,0.5393202856815995,0.0864089669794361,0.49271817692479813,0.04660210875680138
4448,0.5294802061543759,0.08940562325807977,0.4821416983203273,0.04733850783404854
4449,0.5116247171417232,0.08720085225585332,0.46701060577180503,0.04461411136991815
4450,0.5063529919465632,0.10104675741565967,0.4551876640026454,0.05116532794391785
4451,0.5112875566522924,0.0996214125877016,0.4603523680200765,0.05093518863221588
4452,0.5135880888373098,0.09548009002310576,0.4645506518803286,0.04903743695698117
4453,0.5243909776384421,0.09833234983897288,0.47282638057289783,0.051564597065544296
4454,0.5226811316374896,0.10434802791363143,0.4681403863234524,0.054540745314037235
4455,0.5282950077784049,0.10020158268995558,0.4753590118718063,0.05293599590659856
4456,0.5267420745936039,0.09626376181501944,0.476035900986976,0.05070617360662789
4457,0.5187182635395019,0.0937104936197565,0.4701089190136322,0.048609344525869666
4458,0.5188127791269065,0.09083482068093725,0.4716865133679352,0.047126265758971254
4459,0.5283858362347578,0.0830166249746817,0.4845210274261233,0.04386480880863446
4460,0.4991425204001381,0.07094817747976796,0.4637292682750904,0.0354132521250477
4461,0.4934808539888359,0.06390787502380689,0.4619435412454759,0.03153731274336002
4462,0.4927461135393787,0.07014804509248594,0.45818093694767115,0.03456517659170753
4463,0.49307338636572223,0.07204911793469522,0.45754788380099876,0.03552550256472346
4464,0.4938225506574229,0.0739207435200272,0.4573188205458699,0.036503730111553
4465,0.5073011601718069,0.07245451609435481,0.47054490009745387,0.03675626007435305
4466,0.4886046517117376,0.07486500906265639,0.4520252600332823,0.03657939167845531
4467,0.48962431389904254,0.08461761503458935,0.44819347219395844,0.04143084170508412
4468,0.4966249367179847,0.08106234134461539,0.4563673565775034,0.04025758014048129
4469,0.4925016093712027,0.08125213289375043,0.4524848031561878,0.04001680621501492
4470,0.4901637045833725,0.09170669892495746,0.4452124093032034,0.04495129528016913
4471,0.4983278345422742,0.09804578716573313,0.4494688897379817,0.04885894480429249
4472,0.487785098053252,0.10695738653485469,0.4356128787748283,0.05217221927842367
4473,0.4922955574189075,0.10889505345818695,0.4386870063765476,0.05360855104235988
4474,0.5078317592874357,0.10974537524972303,0.4520995723007091,0.055732186986726655
4475,0.5035774700872476,0.09892288311358365,0.45376213487517264,0.049815335212074964
4476,0.503819729066203,0.09903646998507722,0.45392320159064825,0.049896527475554744
4477,0.5099999745944821,0.08958754633075165,0.4643103282418168,0.04568964635266533
4478,0.500997315341815,0.08656032395296674,0.4576308254262609,0.04336648991555414
4479,0.5172673791188112,0.08823456128521333,0.47162651885511075,0.04564086026370042
4480,0.531109792474212,0.0877176421277919,0.4845220937673932,0.04658769870681875
4481,0.5080646049182851,0.09205690739746798,0.4612937486313914,0.046770856286893724
4482,0.5106513467260305,0.09008257173118048,0.464650560154959,0.04600078657107156
4483,0.5211101853263758,0.08872891244715606,0.4748726453172305,0.04623754000914526
4484,0.5217344689372666,0.0877291106599062,0.47596316797678173,0.04577130096048485
4485,0.5428312460175584,0.0817323996870604,0.4984643456554263,0.044366900362132096
4486,0.5570517238911719,0.07915783695437635,0.5129567143562402,0.04409500953493166
4487,0.5304980997227796,0.08275984104302121,0.48659416131609756,0.04390393840668206
4488,0.522228429389193,0.08158641273869155,0.4796216852051677,0.04260674418402534
4489,0.5395480276554933,0.07617696159886521,0.49844689827203725,0.041101129383455975
4490,0.538260567819667,0.07491034987728232,0.49793928035915114,0.0403212874605159
4491,0.5242550124038885,0.07202092263033222,0.4864976827169842,0.03775732968690431
4492,0.5250711303147927,0.06449071289771013,0.49120891879878525,0.03386221151600744
4493,0.5060726021374267,0.06713515451544214,0.47209733979689866,0.033975262340528015
4494,0.5146147462164057,0.06882590305181834,0.47919592158427926,0.035418824632126436
4495,0.5329281875578088,0.07739839065909371,0.49168040350396675,0.04124778405384205
4496,0.5234644813053473,0.07985743935653518,0.4816619482342054,0.041802533071141915
4497,0.5260781706751101,0.07510635404554154,0.48656635733275444,0.03951181334235565
4498,0.5255579170562318,0.07339023921943529,0.4869870957998068,0.03857082125642498
4499,0.5124417670277843,0.07114644171246066,0.47598335871891173,0.036458408308872606
4500,0.4972890986992197,0.07352949762693263,0.46072368109651596,0.036565417602703744
4501,0.5265402887870823,0.07052846476446921,0.4894042105822891,0.03713607820479317
4502,0.5017049508760405,0.0687350468890692,0.4672202375530977,0.034484713322942805
4503,0.5155516380106674,0.06942379611817565,0.4797600862050233,0.03579155180564406
4504,0.5423629180052226,0.06775316602424532,0.5056161131762207,0.036746804829002
4505,0.529388886034286,0.07187394699809058,0.4913396172980795,0.03804926873620649
4506,0.5224836710492547,0.08041795956837501,0.4804666003156796,0.04201707073357512
4507,0.5421454997553908,0.07603053078349095,0.5009258896471075,0.04121961010828333
4508,0.533314162935139,0.0795151840211852,0.49090758912824706,0.042406573806891924
4509,0.5346745100983415,0.08093471462965264,0.49140078120378294,0.043273728894558605
4510,0.5415847739182604,0.07644664237220435,0.5001824363923,0.0414023375259604
4511,0.5408500984398933,0.07191243626881139,0.5019562502048541,0.03889384823503919
4512,0.5498185468137325,0.06870323655674251,0.5120442331287043,0.037774313685028274
4513,0.5619096981776178,0.062255187779369746,0.5269279044025212,0.034981793775096574
4514,0.5351771562915593,0.06083685916190561,0.5026186590075805,0.032558497283978735
4515,0.5382166179565884,0.05969057693116348,0.50609015751682,0.03212646043976836
4516,0.5408233746768246,0.060119807769845504,0.5083091773538148,0.03251419732300983
4517,0.5307457079303277,0.060480418345528655,0.4986459854796077,0.032099722450719986
4518,0.5139562187640511,0.060931037313578545,0.4826403332209929,0.031315885543058135
4519,0.5042899014247586,0.05770963091428561,0.4751875173397343,0.02910238408502429
4520,0.48574380138534895,0.06053949685681305,0.4563371160481642,0.029406685337184754
4521,0.48302505133399665,0.061038981934658995,0.4535416939516331,0.029483357382363556
4522,0.49138847633856225,0.06144721718355679,0.46119402191148956,0.030194454427072692
4523,0.4900327068180421,0.0630690088190429,0.45912682971011554,0.03090587710792656
4524,0.4813034948361942,0.06407153924790825,0.4504656390766416,0.03083785575955262
4525,0.5301568960190862,0.0554961597604433,0.5007352242195103,0.029421671799575937
4526,0.5172259018003967,0.048677374234281284,0.4920487030147952,0.025177198785601533
4527,0.5105571155714759,0.04362197873996824,0.48828560393047743,0.02227151164099843
4528,0.5237336698036141,0.04313640062840673,0.5011416844003798,0.022591985403234382
4529,0.5208856557348336,0.04825361305322486,0.4957510408580296,0.02513461487680396
4530,0.5263995381584966,0.056131885408053125,0.4968517396037318,0.02954779855476482
4531,0.5327916631728585,0.051061007825411564,0.5055867838902751,0.02720487928258337
4532,0.5208671847748575,0.04572269845764789,0.4970517315489127,0.023815453225944777
4533,0.515850175225486,0.041969136564990205,0.4942003887743735,0.02164978645111255
4534,0.5113113540272475,0.036411237678989135,0.4926938747877956,0.018617479239451867
4535,0.5071318140228988,0.04032100246854245,0.486683750897805,0.020448063125093712
4536,0.5108586693011942,0.03930164911267327,0.4907810811341514,0.020077588167042724
4537,0.5143570258528715,0.03809026186256064,0.4947650320472877,0.019591993805583748
4538,0.49959488668978036,0.039657813022345625,0.4797820460865171,0.019812840603263257
4539,0.5017798987151328,0.039778741570074605,0.4818197257990854,0.01996017291604748
4540,0.5277712362655869,0.03789279658039112,0.5077725081687935,0.01999872809679342
4541,0.5289778477770154,0.04155647489988182,0.5069953931232763,0.021982454653739044
4542,0.5218067566049017,0.0407151668348795,0.5005613074541658,0.021245449150735937
4543,0.5449539957874834,0.03605744631253175,0.5253043463415765,0.019649649445906834
4544,0.5404541287913721,0.03531837457274592,0.5213661674313314,0.019087961360040744
4545,0.5312615628589388,0.038662193972750655,0.5107218252654199,0.020539737593518955
4546,0.543229245470498,0.03505619597303542,0.524185694583,0.019043550887497943
4547,0.5274649818037646,0.03385804976499949,0.5096060462005582,0.01785893560320641
4548,0.5286379856526012,0.03231178124544622,0.511556750702161,0.017081234950440186
4549,0.5608837116749054,0.03123638369046437,0.5433637328512962,0.017519978823609134
4550,0.5485588666729915,0.0319986570423672,0.5310057196307728,0.01755314704221869
4551,0.5374684933758176,0.03222442860940463,0.5201488782812242,0.0173196150945933
4552,0.5335461007056019,0.030198456944575302,0.5174338317554977,0.016112268950104158
4553,0.5287702587249641,0.029407880055526307,0.5132202463794507,0.015550012345513356
4554,0.5313115938078699,0.0302783108717623,0.5152243762007837,0.01608721760708618
4555,0.5313410543371523,0.029525404262848397,0.5156529949063998,0.015688059430752518
4556,0.5236750655333287,0.03173852001199286,0.5070543939861174,0.01662067154721122
4557,0.5132572988109768,0.0322193105426264,0.49672050251231636,0.016536796298660457
4558,0.500823973427491,0.03032908987550941,0.48563443812559887,0.01518953530189211
4559,0.4901428286521357,0.03313472378458998,0.4739020814097496,0.016240747242386132
4560,0.4640854850715151,0.03289138498010935,0.4488210707183471,0.015264414353167994
4561,0.4858370579735514,0.038266604381004606,0.4672457234824463,0.01859133449110509
4562,0.4821836693843294,0.04547630729003906,0.460255736665169,0.021927932719160364
4563,0.48107287513744657,0.049576411692122214,0.4572230082257196,0.023849866911726955
4564,0.4758587275999528,0.05028584541270446,0.4519297691855753,0.023928958414377467
4565,0.4915842592153759,0.049712050974069194,0.4671465974632111,0.024437661752164812
4566,0.49016628816007324,0.05035822578760723,0.46548238354743493,0.024683904612638315
4567,0.524415526821726,0.051046808068816577,0.49764578807575,0.026769738745975977
4568,0.5153817519684815,0.046216161291146626,0.4915627857929924,0.023818966175489065
4569,0.5117830791861832,0.04812296758776739,0.48715455865453866,0.024628520531644486
4570,0.5210046665508917,0.04474987274298021,0.49768977402424047,0.02331489252665124
4571,0.5097507623209808,0.04599866255604701,0.4863029090172903,0.02344785330369052
4572,0.515214436664917,0.04679823308103215,0.4911033113711595,0.02411112529375746
4573,0.5272701635177685,0.04459019426665178,0.5037590844955019,0.023511079022266543
4574,0.49564075672632635,0.044606603394854075,0.47353190606470974,0.02210885066161659
4575,0.48897580873611945,0.04981401448830964,0.4646179607153055,0.024357848020813977
4576,0.48751720663470605,0.046248900522712404,0.4649700718419469,0.022547134792759146
4577,0.4972326248561358,0.054842580788587864,0.46996310445674155,0.027269520399394228
4578,0.5006349543100671,0.053143343800735716,0.4740295388145016,0.026605415495565513
4579,0.5010550611089241,0.045912904831246125,0.47805016777301584,0.02300489333590824
4580,0.48305964987077094,0.04926186292787343,0.4592632316128505,0.02379641825792045
4581,0.4773290788859414,0.05045349717863303,0.45324615755109005,0.024082921334851348
4582,0.47411297435883887,0.05835883698957008,0.4464442925735912,0.027668681785247697
4583,0.47348486161733083,0.0639932138789796,0.4431850435993939,0.030299818017936915
4584,0.4610360766708856,0.06633326063707327,0.43045405043398205,0.03058202623690355
4585,0.48541108339179356,0.06748950521145874,0.4526509295495233,0.03276015384227029
4586,0.4773283322822393,0.06896409617465367,0.4444098152678399,0.03291851701439939
4587,0.4725826374946349,0.06707907637590285,0.4408822306602067,0.03170040683442823
4588,0.47284034371893324,0.0614109657328829,0.44380276157368526,0.02903758214524798
4589,0.44504220629925045,0.056879946331065405,0.41972822948989014,0.025313976809360303
4590,0.4456186225245352,0.06618084290509191,0.4161272064716555,0.029491416052879717
4591,0.4609160283992358,0.06698446588599924,0.43004181441861694,0.03087421398061887
4592,0.4367864643274441,0.06500017706467147,0.40839526680670846,0.028391197520735677
4593,0.4206993998231271,0.07042845327833368,0.391070191798461,0.029629208024666124
4594,0.39844497332349843,0.06948029567189673,0.3707608987680008,0.027684074555497675
4595,0.39258644789206565,0.08285643186440514,0.36005813562140787,0.03252831227065778
4596,0.3883135527585821,0.08701685181619598,0.35452372987996794,0.03378982287861414
4597,0.4280722678671532,0.08664721542657014,0.3909809978551275,0.03709127001202566
4598,0.41255162158694736,0.09133640622288712,0.37487063908977114,0.03768098249717623
4599,0.41953789420911414,0.08921188297950147,0.3821101286854642,0.03742776552364996
4600,0.43544588477021967,0.08533567243969203,0.39828681738225635,0.037159067387963346
4601,0.42907051657202555,0.08537481722544119,0.39243869964286326,0.036631816929162314
4602,0.4325648849917397,0.08167298677007356,0.39723601886261095,0.03532886612912875
4603,0.4510874028675089,0.07423582713973342,0.4176005564033252,0.033486846464183685
4604,0.4358255445065201,0.07444088744654245,0.40338230420158216,0.03244324030493794
4605,0.4397706109595271,0.07161264837237954,0.4082774728323759,0.031493138127151134
4606,0.4396520206773074,0.06726627173861559,0.4100782683839962,0.0295737522933112
4607,0.4402970425570585,0.06517753583842692,0.4115995662862424,0.028697476270816064
4608,0.4517503970172531,0.06210894364449817,0.42369265706752884,0.02805773994972425
4609,0.47573373493292487,0.06046873637827111,0.44696671712901553,0.02876701780390934
4610,0.4672158568187927,0.05730170862712332,0.44044358992539046,0.026772266893402227
4611,0.42552569753697966,0.0372016875260825,0.4096954235028907,0.01583027403408901
4612,0.6076391331208165,0.01286855712356489,0.5998196942257379,0.007819438895078678
4613,0.727858507914741,0.011180048913103853,0.7197210141944355,0.008137493720305592
4614,0.7205151763875474,0.010230842008086091,0.7131436994534981,0.00737147693404928
4615,0.723076399823771,0.011023587858006997,0.7151055036022623,0.007970896221508735
4616,0.7181009996168451,0.012914181483167227,0.7088273129845494,0.009273686632295738
4617,0.6904148485887761,0.015442299417811323,0.6797532557743654,0.01066159281441075
4618,0.7160619486586253,0.015455739107013597,0.7049946819956978,0.011067266662927478
4619,0.7170367043724616,0.016235545359574183,0.7053952224341429,0.011641481938318684
4620,0.7169511024022547,0.01687857400340832,0.704849990163533,0.012101112238721632
4621,0.7061230197380763,0.02036769029807137,0.6917409247597123,0.014382094978364075
4622,0.6730430666531921,0.021697015987930567,0.658440040475452,0.014603026177740128
4623,0.6280928383214994,0.023621633956229873,0.6132562592041395,0.01483657911735993
4624,0.5853754307619708,0.026762348839044967,0.5697094092821128,0.01566602147985808
4625,0.5854128747549134,0.03132684873283832,0.5670737341812102,0.0183391405737032
4626,0.5090806158864627,0.03301708169701383,0.4922722596013732,0.016808356285089456
4627,0.450470809005844,0.037808168201463876,0.4334393328891016,0.01703147611674246
4628,0.4649058466615542,0.028380616782024196,0.4517115319877301,0.013194314673824073
4629,0.46946816154477916,0.03420365371159462,0.45341063511868257,0.016057526426096588
4630,0.46954159596516687,0.03444846625682547,0.4533666081403848,0.01617498782478203
4631,0.4558655599528529,0.034565318499078075,0.44010842168032194,0.015757138272530932
4632,0.4522245874343756,0.04035056945867038,0.4339770678081863,0.01824751962618933
4633,0.46416706542666014,0.04203089514818974,0.4446577081684693,0.019509357258190876
4634,0.4606936346130094,0.036517226947854385,0.4438703806044142,0.01682325400859517
4635,0.45146911088465264,0.03097601973923155,0.43748439479423634,0.013984716090416318
4636,0.45070183960987076,0.03845567965688358,0.4333697940450654,0.017332045564805314
4637,0.45298213282321736,0.038651808023078334,0.4354735543874498,0.017508578435767568
4638,0.45597660291913106,0.0408042422351254,0.43737082316006926,0.018605779759061813
4639,0.4614987356303171,0.04290588222945962,0.4416977252303182,0.019801010399998906
4640,0.4613563927329321,0.03804170086901143,0.44380561084657977,0.01755078188635236
4641,0.46871530734622596,0.04509303216819747,0.447579512914336,0.02113579443188993
4642,0.45423037232700364,0.04391258042684996,0.43428394456987607,0.019946427757127547
4643,0.43630659453490767,0.0451691941491208,0.4165989772578187,0.019707617277088973
4644,0.43383006338688507,0.04649569905031684,0.4136588313206686,0.020171232066216488
4645,0.4678861818587509,0.041110188058857786,0.44865129293239675,0.019234888926354183
4646,0.4589907922179944,0.04489524300178926,0.43838428906578375,0.02060650315221062
4647,0.4596905632142802,0.042507582795038766,0.4401502285383512,0.019540334675929017
4648,0.4569442973424171,0.044882745064329974,0.436435382936198,0.0205089144062191
4649,0.46222918980944416,0.04495892133381254,0.44144786402660946,0.020781325782834703
4650,0.5033693125164717,0.0455453078367468,0.48044320222233733,0.022926110294134303
4651,0.5070837844264267,0.044872754113153474,0.4843295384530923,0.022754245973334367
4652,0.4986562059785733,0.039282195862877484,0.4790678952270836,0.019588310751489695
4653,0.47585863036017706,0.042828345109021095,0.4554783927160053,0.020380237644171767
4654,0.4489393426508994,0.0468515682231654,0.4279058304106278,0.02103351224027164
4655,0.4540236953857839,0.04484710238298799,0.4336620482345151,0.020361647151268803
4656,0.4833795039354528,0.03906418340413591,0.46449667833991803,0.018882825595534763
4657,0.4977782073113797,0.03877947596902403,0.4784746292830442,0.01930357802833551
4658,0.46633090980144853,0.038500899975596053,0.44837675008765426,0.017954159713794274
4659,0.5163514146081031,0.037010539772133415,0.49724097004135254,0.01911044456675055
4660,0.4583591071074538,0.044036586722756246,0.4381745365371513,0.02018457057030251
4661,0.5091168348837644,0.03770809300047711,0.4899190099258588,0.019197824957905535
4662,0.4941408621574906,0.037959043043728755,0.47538374790118915,0.018757114256301423
4663,0.45488076520803583,0.042122559268485175,0.43572002321546643,0.01916074199256938
4664,0.4804358074019585,0.03668932135217438,0.46280894367509673,0.017626863726861813
4665,0.45382596727973595,0.04098488647019294,0.4352259615335505,0.018600005746185474
4666,0.46806146674697097,0.03918356518491761,0.4497211497541429,0.018340316992828086
4667,0.4607056767313248,0.03913108633569531,0.4426777631198064,0.0180279136115184
4668,0.46934773715210554,0.04686469623885568,0.44735189802007785,0.021995839132027704
4669,0.4843209268777316,0.047393064419687866,0.46136747399041234,0.02295345288731927
4670,0.46299821131344615,0.04165815764834564,0.4437105588356486,0.01928765247779759
4671,0.49085988542815107,0.03782394603851038,0.4722936276092473,0.018566257818903774
4672,0.4823058102628932,0.044629509078339284,0.4607807387252296,0.021525071537663577
4673,0.48338081810369804,0.03753925432871414,0.4652350626352814,0.018145755468416628
4674,0.47717314159032365,0.042147973511184364,0.4570612606583261,0.020111880931997585
4675,0.49798515888340233,0.04121078558077639,0.4774627992782496,0.020522359605152758
4676,0.48034162395648206,0.039933180435392665,0.4611600552163983,0.01918156874008373
4677,0.4567365749651781,0.049088117830344516,0.43431623615585946,0.022420338809318645
4678,0.46346015932086854,0.05288160655792294,0.43895164152039007,0.02450851780047845
4679,0.4734011530903225,0.049649237131379656,0.4498971469822725,0.023504006108049983
4680,0.4654153758001135,0.04727958718003833,0.44341072896504174,0.022004646835071768
4681,0.47001582619768373,0.04451694997500242,0.44909215517538204,0.020923671022301717
4682,0.4798468165383018,0.042946334646993614,0.4592391545759533,0.02060766196234846
4683,0.48039349083748645,0.0479115346921381,0.4573771014353489,0.02301638940213756
4684,0.478910922124006,0.04802775512866075,0.4559099056277931,0.023001016496212875
4685,0.4714153989842967,0.04602985384413523,0.4497162170691748,0.021699181915121872
4686,0.47944666384454687,0.05204885466906208,0.4544920141165354,0.024954649728011483
4687,0.49365013247759687,0.051705917346416344,0.46812549952966276,0.0255246329479341
4688,0.5010365803469009,0.04686986378741524,0.4775530640735293,0.023483516273371578
4689,0.4866448991400802,0.04240433057302468,0.466009047965268,0.020635851174812214
4690,0.4873064357341132,0.043781577449089386,0.46597139127658044,0.021335044457532776
4691,0.4845797439428582,0.043057922039331335,0.46371474710632743,0.02086499683653073
4692,0.4731979549215983,0.0446027357573862,0.45209203157729466,0.021105923344303595
4693,0.49708353381324116,0.04318087338004157,0.475619032680348,0.02146450113289318
4694,0.4806863445131898,0.045881810474997634,0.4586315847563162,0.022054759756873595
4695,0.4978204144919469,0.04859136305099332,0.47363064199717275,0.024189772494774168
4696,0.5162873805242546,0.053949239237576885,0.4884340691170097,0.027853311407244903
4697,0.49902077585389853,0.050656129498048,0.47374231481002704,0.025278461043871468
4698,0.5005461004023457,0.05078469720539631,0.4751260182560707,0.025420082146275027
4699,0.5152182036002448,0.052102812392814946,0.48837388619669814,0.026844317403546692
4700,0.5146996069610247,0.04736119767013159,0.49032281713500453,0.024376789826020127
4701,0.5256512877125031,0.04615537094768501,0.5013896575390042,0.02426163017349888
4702,0.5142090531107701,0.04384589341865437,0.49166309777316813,0.022545955337602012
4703,0.5199234823795655,0.04679666975506563,0.49559279487674535,0.024330687502820213
4704,0.542340310581422,0.045923097411610984,0.5174343636683479,0.024905946913073997
4705,0.4995399134273218,0.04826467167253939,0.47542978351842335,0.024110129908898437
4706,0.48741096346192714,0.04282432682821791,0.466537917062977,0.020873046398950143
4707,0.49070509020112185,0.045783118205057385,0.4682390810526205,0.022466009148501307
4708,0.49709051278394556,0.04703399961952172,0.4737103577947976,0.02338015498914795
4709,0.4919908090025686,0.04283313926171916,0.4709172981650757,0.02107351083749289
4710,0.48446981337879635,0.04642360761804149,0.46197897685971334,0.02249083651908303
4711,0.48749101209543033,0.04861597530751164,0.46379116108876506,0.023699851006665298
4712,0.5055396933819499,0.0457711826275886,0.48240054375066954,0.023139149631280373
4713,0.553949221358559,0.04029934286399104,0.5316254317577895,0.022323789600769434
4714,0.5519213754411914,0.04177548637164704,0.5288645915432272,0.02305678389796418
4715,0.5154248403790951,0.041245703113390556,0.4941657804355522,0.021259059943542873
4716,0.5020053374682182,0.044580492750446434,0.47962569216053086,0.022379645307687317
4717,0.5075496987063802,0.04326012939735816,0.48559303306475204,0.021956665641628157
4718,0.4981064956471389,0.04358173825375716,0.47639814873134906,0.02170834691578984
4719,0.49767496243730686,0.044404860747778586,0.4755757750326223,0.02209918740468455
4720,0.5037999507039964,0.03909562575717271,0.4841035763747909,0.019696374329205502
4721,0.529035677945821,0.05909171512982959,0.49777405237113026,0.03126162557469072
4722,0.5831059454764582,0.055426306684643906,0.5507865365128408,0.03231940896361742
4723,0.568804736382548,0.05143269912313374,0.539549573516371,0.029255162866176996
4724,0.5371325198882527,0.04334823313836521,0.5138487741899391,0.023283745698313565
4725,0.5335246559086653,0.04494433352598407,0.5095457458291703,0.02397891007949494
4726,0.5406355591293283,0.047050276949637634,0.5151985063434712,0.025437052785857086
4727,0.5485883156653513,0.04811226691287991,0.5221944881967726,0.0263938274685786
4728,0.5475075623503732,0.05238825924246219,0.5188245942367533,0.028682968113619884
4729,0.5479227660438906,0.04163650747030849,0.525109175702352,0.022813590341538542
4730,0.5535234033493214,0.048276867404765555,0.5268010274003916,0.02672237594892975
4731,0.5433962881383665,0.046429065327937585,0.5181669063774315,0.02522938176093501
4732,0.5475156624844155,0.04987689700460118,0.5202072801782743,0.027308382306141174
4733,0.5560555958114541,0.05083705879020155,0.5277873647965667,0.028268231014887443
4734,0.5472334952952562,0.055245238282064485,0.5170014504517427,0.030232044843513446
4735,0.5337587382455657,0.048492452953677045,0.5078754677425786,0.025883270502987117
4736,0.5396849594759714,0.0450970835908963,0.515346741745734,0.024338217730237362
4737,0.5275731275278386,0.05079178651385931,0.5007767458639956,0.026796381663843048
4738,0.5236161362341049,0.041719258493819626,0.5017712592950192,0.021844876939085694
4739,0.5132520145534742,0.04758496487015401,0.4888289354714114,0.024423079082062846
4740,0.5201606545298584,0.06498443834980264,0.4863583065435698,0.03380234798628857
4741,0.546526958804705,0.06553476735560691,0.5107104417058713,0.035816517098833704
4742,0.542089488516878,0.06803545956519123,0.5052081810401727,0.036881307476705254
4743,0.5324489506478808,0.06520445653329977,0.49773090618915994,0.03471804445872082
4744,0.5334338585065851,0.06759115561315344,0.4973784475669416,0.03605541093964347
4745,0.5249425483636954,0.06458376541730013,0.4910397819626147,0.03390276640108063
4746,0.5437542233290444,0.06535901930409833,0.5082149805497964,0.03553924277924801
4747,0.5606967782248933,0.06463838493915212,0.5244542440398502,0.036242534185043064
4748,0.5648067348856475,0.06403558540113181,0.5286390049787432,0.0361677299069043
4749,0.5413928023895893,0.06511456280250115,0.5061402467575703,0.035252555632019004
4750,0.5560616504404541,0.059962717698277504,0.5227186826722549,0.033342967768199214
4751,0.5670454852890269,0.05253244519459233,0.5372571994102401,0.029788285878786815
4752,0.5741707762665214,0.05506887790330063,0.542551835892657,0.03161894037386441
4753,0.5849965717574903,0.04643988125726109,0.5578294004291676,0.027167171328322665
4754,0.5735645479394197,0.04445055979503741,0.5480692827049249,0.025495265234494777
4755,0.5737232593010759,0.040193467596834384,0.5506633320688079,0.023059927232268008
4756,0.563454621094931,0.03774301233640565,0.5421881463799403,0.021266474714990755
4757,0.5617596916408842,0.041057889038718785,0.5386950245550679,0.023064667085816306
4758,0.5664083808609204,0.041950394740568525,0.5426473256994385,0.023761055161481887
4759,0.5640727049544804,0.04265838472221306,0.5400102744952328,0.0240624304592476
4760,0.5384879519754743,0.0489917539643221,0.5121064827195402,0.02638146925593413
4761,0.5353551247720568,0.04452906704546856,0.5115162605279467,0.023838864244110105
4762,0.5404349905982513,0.046623760561417774,0.5152378789975863,0.025197111600664932
4763,0.5519645119946022,0.04481823834495918,0.527226434938069,0.02473807705653316
4764,0.5411558183865521,0.05146001757683359,0.5133079304605744,0.02784788792597774
4765,0.5588826280348442,0.04877750540528048,0.5316217276249573,0.027260900409886976
4766,0.5598202167286229,0.052501402181988656,0.5304288703805454,0.029391346348077486
4767,0.541580392576749,0.048530692793934904,0.5152971209213881,0.026283271655360867
4768,0.5377728981133059,0.04972289651918499,0.5110332719495957,0.02673962616371012
4769,0.5211433504222093,0.05180780030472571,0.49414405979339976,0.02699929062880951
4770,0.5313274475345592,0.06424437789345584,0.4971926462099836,0.03413480132457555
4771,0.5404854352282623,0.0611489009148647,0.5074353449035618,0.033050090324700535
4772,0.5383265695126447,0.06427076730889,0.5037279078273045,0.03459866168534018
4773,0.5390914288766636,0.06514139236564559,0.5039742625872523,0.035117166289411264
4774,0.5485565672689092,0.05604909055964535,0.5178104705529659,0.030746096715943277
4775,0.5461774963125983,0.055823552949834,0.5156879279271842,0.030489568385414095
4776,0.5484735176476428,0.05593167020835551,0.5177964777405583,0.030677039907084615
4777,0.5539706704926844,0.046630911552953416,0.5281385131540097,0.02583215733867467
4778,0.545833759256852,0.04511245532336817,0.5212098581783912,0.02462390107846083
4779,0.5438306756522322,0.04198978077253402,0.5209953448042159,0.022835330848016283
4780,0.5419176966271332,0.04129252404002426,0.5195405471114427,0.02237714951569047
4781,0.5360620023391452,0.040812398106842215,0.514184026489729,0.021877975849416177
4782,0.5223875738625356,0.04036848521775025,0.5012995788091295,0.021087995053406187
4783,0.5309607468850572,0.05346775134228813,0.5025714696980914,0.028389277186965826
4784,0.5197453746753035,0.05141259685256253,0.49302391526113803,0.02672145941416544
4785,0.535273999474774,0.043458918968114935,0.5120115701058611,0.023262429368913002
4786,0.5501713014057233,0.03866777353549598,0.5288974021172377,0.021273899288485613
4787,0.5432901275456649,0.04242757328639791,0.5202396458434447,0.02305048170222016
4788,0.5435773647351937,0.042032052156465875,0.5207296925895698,0.022847672145623936
4789,0.5704817512512145,0.0388709214830502,0.5483065998908155,0.022175151360398934
4790,0.5379279848861749,0.03514879185453024,0.5190204661126838,0.018907518773491047
4791,0.5344793530778902,0.04166093393108646,0.5122124440617823,0.022266909016107818
4792,0.5479545164354395,0.04204647169960194,0.5249149623674677,0.02303955406797177
4793,0.5370182203002959,0.04338857531933288,0.5137177648009424,0.023300455499353483
4794,0.5426191612089517,0.04224382042625618,0.519696854802995,0.02292230640595671
4795,0.5437738360973778,0.04314358359513137,0.5203134841428654,0.023460351954512484
4796,0.5342854670272824,0.04065134165285308,0.5125660459670022,0.021719421060280224
4797,0.5366244373756885,0.043345974717677455,0.5133639280803141,0.023260509295374484
4798,0.5299036314232255,0.047754124215410684,0.5045985475860436,0.02530508383718191
4799,0.5408565338740812,0.054323942744086244,0.5114750744951406,0.029381459378940527
4800,0.5598815308745507,0.058769594442485015,0.5269775203692157,0.032904010505335
4801,0.5766076337595172,0.0674953467633643,0.5376893015725156,0.038918332187001574
4802,0.56769240781171,0.06715142342110746,0.5295710545617979,0.03812135324991215
4803,0.5684457593990895,0.06770448203149239,0.5299594336959758,0.0384863257031137
4804,0.5761459986369041,0.06613196724597456,0.5380443303261491,0.038101668310755045
4805,0.5676384367001253,0.06775815245915423,0.5291763049645222,0.038462131735603054
4806,0.5721469460656387,0.0654643122162104,0.5346917397548464,0.03745520631079226
4807,0.5812210885241385,0.05665667524388782,0.5482910340667274,0.03293005445741109
4808,0.5780001701510444,0.0630003330900086,0.541585966905447,0.036414203245597444
4809,0.5825628270649883,0.05927159718427755,0.5480333978446583,0.03452942922032993
4810,0.5740253210023615,0.05755064765415145,0.5409897920087934,0.03303552899356809
4811,0.5647168395321206,0.0571060311324159,0.5324681021127998,0.03224873741932079
4812,0.5596431073585083,0.05809395582753997,0.5271312254004359,0.03251188195807239
4813,0.5783384093861055,0.058065838520322155,0.5447567046965919,0.03358170468951357
4814,0.5344459149126418,0.05436627543818202,0.50539008109569,0.029055833816951874
4815,0.5320942155219378,0.06191498925112834,0.49914960788730944,0.032944607634628344
4816,0.535120808313698,0.05510988898416784,0.505630359974412,0.029490448339286057
4817,0.534949924544571,0.05656084295087283,0.5046927058758243,0.030257218668746755
4818,0.5540877763286216,0.06657392737575096,0.5171999769475286,0.036887799381092996
4819,0.5628807713578228,0.059049414698496956,0.5296429912641049,0.033237780093717924
4820,0.5672902159452087,0.06781460043923108,0.5288196566177992,0.03847055932740945
4821,0.5603207515782704,0.06123929829578299,0.5260071019310514,0.03431364964721902
4822,0.5667842814688331,0.05641401022843174,0.534809707216736,0.031974574252097085
4823,0.5717487289725586,0.05400500102761529,0.5408714382768578,0.03087729069570076
4824,0.5566072432182076,0.0505911305243537,0.5284478535257546,0.02815938969245303
4825,0.5820864193901418,0.04742497599650808,0.5544809849226711,0.02760543446747081
4826,0.5788902915215237,0.051874127237255825,0.5488608628827241,0.03002942863879964
4827,0.5668741534882835,0.04776216457634745,0.5397990168752985,0.027075136612985044
4828,0.5708445149475825,0.049576210933909216,0.542544206864076,0.02830030808350644
4829,0.563179680096245,0.052395453932588175,0.5336716251119924,0.02950805498425255
4830,0.5680689991603314,0.06117691385762106,0.5333162909335147,0.0347527082268166
4831,0.5759600769663252,0.05325573420725068,0.545286900193419,0.030673176772906263
4832,0.5549705290753432,0.05141407297382587,0.5264372337951407,0.028533295280202445
4833,0.5364065279825826,0.05116279237798278,0.5089624721612152,0.027444055821367486
4834,0.544197475449873,0.05753207047694684,0.5128886679389143,0.03130880751095864
4835,0.5414850006169495,0.052482868860279135,0.5130663143397619,0.028418686277187525
4836,0.5397352756384465,0.05911624953813062,0.5078281503992723,0.03190712523917411
4837,0.5497494831521154,0.0549779502243578,0.5195253834315119,0.030224099720603425
4838,0.5478265044777111,0.05346928133022191,0.5185346149896403,0.029291889488070808
4839,0.5349087823173732,0.05241738245701265,0.5068702640950284,0.028038518222344672
4840,0.5361913570905658,0.04153306923944911,0.5139216843309291,0.02226967275963665
4841,0.524287389692725,0.04720585766636495,0.49953795379862026,0.024749435894104794
4842,0.5222784521842089,0.04924418842847281,0.49655927367271857,0.025719178511490307
4843,0.5405164093497369,0.053488395790786965,0.5116050537150232,0.02891135563471375
4844,0.530784946565305,0.04833925031230489,0.5051272001712813,0.025657746394023653
4845,0.5380683591335054,0.05087398210412853,0.5106946790601496,0.027373680073355756
4846,0.5367309140627193,0.05009919667435072,0.5098411264378871,0.02688978762483221
4847,0.5190980790676287,0.045235952047869114,0.4956161832547845,0.02348189581284422
4848,0.5208883753257791,0.0571770018385705,0.49110553973208704,0.029782835593692075
4849,0.5368286109782027,0.05434773993548092,0.5076531892388338,0.029175421739368816
4850,0.539181719261358,0.05615437385596168,0.5089043074216556,0.03027741183970247
4851,0.5312950126478536,0.05447749070984962,0.5023513935321408,0.02894361911571288
4852,0.527495848189466,0.051681928246277764,0.5002338456131287,0.027262002576337412
4853,0.5246618634522241,0.04555531304844545,0.5007607280180773,0.02390113543414681
4854,0.5264782328083601,0.05027574259685948,0.5000091486928375,0.02646908411552257
4855,0.5224351150047906,0.04398118144302376,0.49945780141955787,0.022977313585232678
4856,0.5264759824145129,0.04291348043565003,0.5038830656433281,0.022592916771184825
4857,0.5225093049634896,0.0453696443595474,0.49880324362274175,0.023706061340747816
4858,0.5130474846075177,0.043910994017239836,0.490519059580357,0.022528425027160657
4859,0.49952514946272264,0.045711289802247805,0.476691210592121,0.022833938870601665
4860,0.5006489520668702,0.04650897606123753,0.4773642819401085,0.023284670126761723
4861,0.533381076044998,0.04451402613137445,0.5096381368879503,0.023742939157047664
4862,0.5196091663846824,0.04346401516024791,0.49702486569953475,0.02258430068514761
4863,0.5064767068777329,0.044730104062190836,0.4838219510740162,0.02265475580371672
4864,0.5084586021867693,0.042159807026195026,0.4870220856377662,0.021436516549003058
4865,0.5077347052300952,0.04621661369673166,0.484268926498052,0.02346577873204323
4866,0.5126539417896894,0.05473202455527354,0.48459535365929834,0.02805858813039105
4867,0.517883514279375,0.04707456741109374,0.4935043718753364,0.024379142404038563
4868,0.5297096604504585,0.04237593096629506,0.5072627204470304,0.022446940003428225
4869,0.5166493078371097,0.04175575928412283,0.4950762237047547,0.02157308413235503
4870,0.49824747666720043,0.046848939926560126,0.4749051105642586,0.023342366102941842
4871,0.50580886496518,0.05549377491508233,0.47773962166274897,0.02806924330243097
4872,0.49420632465114067,0.055988164878058154,0.46653661946279346,0.027669705188347198
4873,0.5496039602278082,0.04671910553662134,0.5239269548065802,0.02567700542122801
4874,0.6806007986141615,0.03342935080472148,0.657848755759315,0.0227520428548464
4875,0.6800484618545997,0.03165682665067016,0.6585202855836138,0.02152817627098594
4876,0.6697962133649518,0.0335824667719761,0.6473028042856278,0.022493409079323907
4877,0.6696756606782297,0.03505147941325966,0.6462025380444056,0.023473122633824027
4878,0.6693568690513476,0.03325345109228371,0.6470984431430644,0.02225842590828314
4879,0.6667227093642566,0.03364962141617397,0.6442877426045835,0.022434966759673023
4880,0.6325730948046155,0.026129380233315267,0.6160443518851008,0.016528742919514786
4881,0.6301786580553698,0.03116979320084436,0.6105361196041983,0.019642538451171487
4882,0.6231804956369628,0.03096026560691694,0.6038866619709923,0.01929383366597051
4883,0.6026867515899454,0.02932176347716353,0.585014913209005,0.017671838380940393
4884,0.5976932050182627,0.03182278048804259,0.578672945355772,0.01902025966249081
4885,0.6086151412413278,0.03301098288121608,0.5885241572325614,0.02009098400876638
4886,0.5975720927474252,0.03439676281184973,0.5770175472102114,0.020554545537213854
4887,0.6021640171857441,0.03371484824325367,0.5818621487287787,0.02030186845696536
4888,0.5938022694588807,0.03143892827852382,0.5751337624977383,0.018668506961142427
4889,0.5791314073042214,0.03249345058990107,0.5603134295359218,0.01881797776829959
4890,0.5806097323385669,0.0300464801739139,0.5631644535270748,0.01744527881149221
4891,0.5849516158400679,0.02872596099601855,0.5681483185388881,0.01680329730117982
4892,0.5795604220819304,0.035953262034139205,0.5587233343622025,0.02083708771972796
4893,0.5707805201586656,0.033108686837287515,0.5518827266639084,0.018897793494757335
4894,0.5580362085269807,0.03386994935542216,0.5391355504056801,0.018900658121300633
4895,0.5107766776937949,0.03406698730331659,0.4933760550999701,0.017400622593824737
4896,0.41596761934481086,0.040373634178603,0.3991734948512391,0.016794124493571778
4897,0.4624274625796777,0.03639459017433458,0.4455976045937329,0.01682985798594481
4898,0.45391545901446123,0.04816541359239201,0.43205243319504927,0.021863025819411987
4899,0.4638268485201917,0.046920049568099115,0.44206406979660906,0.021762778723582593
4900,0.4800204192911679,0.05748025023596123,0.4524287254719405,0.027591693819227363
4901,0.49314541362853404,0.06271371216779721,0.4622184341013649,0.030926979527169184
4902,0.4955550012196314,0.06382765783121537,0.46392488616523725,0.03163011505439415
4903,0.4912250481972028,0.07271818722286782,0.45550405317383635,0.03572099502336647
4904,0.4812607144527382,0.06375306497653868,0.45057886885357734,0.030681845599160845
4905,0.4562789019513947,0.06803579799871629,0.42523560274715355,0.031043299204241166
4906,0.4764322821479827,0.06521445143634666,0.4453620122211353,0.03107026992684743
4907,0.6604450621963163,0.04692165234596797,0.6294558885943295,0.030989173601986744
4908,0.6777527800347044,0.049856636863838656,0.643962305797057,0.033790474237647375
4909,0.6766116944266282,0.04492009868593989,0.6462182303409231,0.03039346408570514
4910,0.6588828201029187,0.04017932534312313,0.632409352911009,0.026473467191909638
4911,0.6692194422708689,0.0425529812716223,0.6407421598773111,0.028477282393557807
4912,0.6672972279826413,0.04667292520494162,0.6361525143715426,0.0311447136110987
4913,0.6530244606990782,0.046387657127765755,0.6227321859201251,0.03029227477895298
4914,0.6413354835059634,0.04344926040379525,0.6134699310769188,0.027865552429044534
4915,0.6336285256155239,0.04424544909239938,0.6055933469419101,0.028035178673613735
4916,0.6073563845748532,0.03591791924324289,0.5855414070018257,0.02181497757302755
4917,0.600217141901502,0.0430187315185108,0.5743965618212333,0.025820580080268614
4918,0.5940507228978071,0.03087212140969633,0.5757111168569882,0.018339606040818975
4919,0.5740852255618876,0.027383845357827924,0.5583645645228871,0.01572066103900049
4920,0.5773906976066245,0.025672588367928354,0.5625675838994987,0.014823113707125867
4921,0.5898836604655422,0.02808980360085749,0.5733139442957103,0.016569716169831984
4922,0.587042458906155,0.02781326686371489,0.5707148903362668,0.016327568569888273
4923,0.5895233298454192,0.030518890405272475,0.5715317319505155,0.017991597894903646
4924,0.5848564915715692,0.03435387703887268,0.564764403574733,0.020092087996836164
4925,0.5818611981037094,0.036340445697749184,0.5607161028303943,0.02114509527331513
4926,0.5794319151642014,0.03394222355792698,0.5597647075631004,0.01966720760110111
4927,0.5789434477620528,0.03085159934347136,0.56108211646917,0.017861331292882792
4928,0.5644130132021478,0.030171632445504023,0.5473837512203531,0.01702926198179461
4929,0.49238320766995763,0.03790193006074076,0.4737209337697677,0.018662273900189926
4930,0.42379111108271156,0.041976437830720255,0.40600186985513625,0.017789241227575303
4931,0.4426071022449945,0.038733653902385715,0.425463311931899,0.017143790313095465
4932,0.44615449262586837,0.03668085299261278,0.42978916526986516,0.01636532735600322
4933,0.4682608692681765,0.03815721321693135,0.45039333943836507,0.017867529829811428
4934,0.4624757311552597,0.04396494990293197,0.4421430088036969,0.020332722351562825
4935,0.473234882528827,0.04482424386709712,0.4520224867479378,0.021212395780889202
4936,0.49170854778315326,0.03494485936309923,0.4745258617332372,0.01718268604991605
4937,0.4696923936051609,0.03769508137114285,0.4519873006088075,0.017705092996353398
4938,0.46198678180467717,0.04186342815998854,0.44264643135373277,0.019340350450944403
4939,0.47185373047754237,0.04082021463916403,0.4525925599211588,0.019261170556383534
4940,0.456969141888267,0.036821553155383706,0.44014282833985807,0.0168263135484089
4941,0.4422102687151826,0.043687832455122595,0.422891060585619,0.01931920812956364
4942,0.45368136531412584,0.048993252447043986,0.4314540396527713,0.022227325661354554
4943,0.4622287403899274,0.05518830391346627,0.4367191201877494,0.025509620202178014
4944,0.45321452478410484,0.05063723543462397,0.4302649941902209,0.022949530593883938
4945,0.48003713074033966,0.041179115757392866,0.46026962616573647,0.01976750457460318
4946,0.468607386809001,0.04371449340960426,0.44812245228664704,0.020484934522353948
4947,0.47725422117363503,0.04183130657586061,0.4572900535330971,0.019964167640537912
4948,0.48565848150590996,0.036249272991904904,0.4680537146289682,0.01760476687694173
4949,0.4611035838021402,0.03938245955236579,0.4429441905636015,0.018159393238538695
4950,0.4716500720463291,0.0398422213726113,0.45285848546545115,0.01879158658087791
4951,0.49269217755902417,0.040290868116810666,0.47284118201080927,0.019850995548214907
4952,0.47044524121118697,0.04117449500666424,0.451074895976028,0.01937034523515897
4953,0.4772192440870111,0.04318846157317666,0.45660887910177883,0.020610364985232294
4954,0.4561112062763612,0.044269363297997875,0.4359194535814249,0.020191752694936282
4955,0.4535949809150363,0.037092912804102526,0.4367698218395763,0.01682515907545999
4956,0.46583758197189923,0.04026852846923747,0.44707898804022306,0.01875859393167617
4957,0.5116993831502789,0.03818359157680401,0.49216086289396604,0.019538520256312794
4958,0.5002821088105964,0.048396604918719235,0.4760701532425863,0.024211955568010143
4959,0.49053107012393704,0.04755916181671952,0.46720182358378415,0.023329246540152913
4960,0.48994104995860394,0.04237175765177356,0.4691813865261025,0.02075966343250145
4961,0.4838716938601149,0.04282549916100324,0.46314964704067535,0.02072204681943957
4962,0.47397057594543557,0.04475587025303585,0.452757610344665,0.02121296560077059
4963,0.47460093795312175,0.044220376284307465,0.45361390589194944,0.020987032061172303
4964,0.4644096045012765,0.04417119066056807,0.4438960793162516,0.020513525185024896
4965,0.4591890683712353,0.05207552269886377,0.43527655761819894,0.02391251075303637
4966,0.47667380710108387,0.043314582004764214,0.45602688039388084,0.020646926707203056
4967,0.4727751747662298,0.042696637835705764,0.45258926435152363,0.02018591041470621
4968,0.4712349309818199,0.043782571024866816,0.45060305414671015,0.020631876835109742
4969,0.5066891364061157,0.038039089763995414,0.4874151428639221,0.01927399354219355
4970,0.4897301742715266,0.041488090417588865,0.469412204521128,0.020317969750398648
4971,0.489279755813432,0.047968271704053676,0.4658098515472803,0.023469904266151743
4972,0.5226472673000571,0.054202259156457745,0.4943186046704449,0.028328662629612138
4973,0.5077762473461123,0.060196503029971746,0.47720989293419436,0.03056635441191793
4974,0.5042220637997077,0.06127835458514924,0.4733241653845335,0.030897898415174232
4975,0.5139077134646974,0.059278947659030246,0.48344380501665174,0.030463908448045713
4976,0.52651721737081,0.0593538657213607,0.49526638515099847,0.03125083221981154
4977,0.518771257135446,0.05712944036444227,0.48913414553813983,0.029637111597306212
4978,0.5198736112126746,0.055275036841972776,0.4911375781997246,0.02873603301295002
4979,0.5152784553951166,0.06146062396913142,0.4836091200086825,0.03166933538643412
4980,0.5013032191852844,0.06387162765543762,0.4692841666270097,0.03201905255827472
4981,0.5390515280396808,0.05881842206130447,0.5073453677506518,0.03170616028902905
4982,0.5474733945832033,0.05736263122215564,0.5160688801457853,0.03140451443741799
4983,0.5496533694840783,0.05799091090514227,0.5177784699056158,0.03187489957846243
4984,0.5565402647035396,0.055535188062444014,0.5256326964389061,0.030907568264633443
4985,0.5433439651585744,0.05504861160415403,0.5134336342530991,0.029910330905475364
4986,0.5300662407033153,0.05636919251465239,0.5001868347355921,0.029879405967723253
4987,0.5528617792308158,0.050255804722050074,0.5250772656155067,0.027784513615309037
4988,0.559783433723273,0.05528249138763863,0.5288372108695234,0.030946222853749622
4989,0.552350850221158,0.053015401010272384,0.5230677483983185,0.02928310182283959
4990,0.5446114341966803,0.05613768593005366,0.5140382085498311,0.030573225646849327
4991,0.5509387973468917,0.05860946362431571,0.5186485699445648,0.03229022740232689
4992,0.5458322105334295,0.058305582087419816,0.5140071457762148,0.03182506475721469
4993,0.5666048922987302,0.052452856889938726,0.5368848469698458,0.02972004532888444
4994,0.5584886791693884,0.057506393201207824,0.5263720095866503,0.03211666958273805
4995,0.5542320282830852,0.057605495971037944,0.5223052174108037,0.03192681087228145
4996,0.5503446969277025,0.05623584647481208,0.5193955970430493,0.030949099884653258
4997,0.5449662075766296,0.05415860314479534,0.5154515990131627,0.029514608563466844
4998,0.5518515714214242,0.05826384167578354,0.5196985788355939,0.03215299258583021
4999,0.5584857546896379,0.06049928471352521,0.5246977660082215,0.0337879886814164
5000,0.5482913339399699,0.058389082228449574,0.5162771061574026,0.032014227782567205
5001,0.548795246852586,0.06104115737138897,0.515296149824787,0.033499097027798956
5002,0.553617462143988,0.05816867988748347,0.5214142652084134,0.032203196935574635
5003,0.5371063190166812,0.05566756549078635,0.5072069178273049,0.029899401189376285
5004,0.5359464802711171,0.05721647579593176,0.50528151145477,0.030664968816347192
5005,0.5570376107651434,0.05616324467914359,0.5257525711362551,0.031285039628888296
5006,0.5507304101653339,0.053785581518426544,0.5211090547947098,0.02962135537062405
5007,0.5535143202347803,0.053953026107010985,0.5236505476645488,0.02986377257023154
5008,0.5667855575565595,0.047512244604582574,0.5398563035075875,0.02692925404897197
5009,0.5586233357005549,0.04870927377633836,0.5314131987040652,0.0272101369964897
5010,0.5561712439181924,0.050782843351230796,0.5279272867618356,0.028243957156356737
5011,0.5804076410204573,0.04180922015928239,0.5561412501749032,0.02426639084555404
5012,0.5680186446571062,0.04029830374252873,0.5451284567832946,0.022890187873811557
5013,0.5574426620535613,0.042779278543397824,0.5335956671415988,0.023846994911962478
5014,0.5457087781267466,0.04100875843486384,0.5233299386687621,0.022378839457984457
5015,0.5465152132633686,0.039806265187451555,0.5247604837552303,0.021754729508138292
5016,0.5438073059241054,0.042949598555856144,0.5204510004429235,0.02335630548118198
5017,0.565239267991015,0.041279906674991096,0.5419062437593056,0.02333302423170938
5018,0.5532044055324776,0.0388763253056463,0.5316978511024804,0.021506554429997278
5019,0.5471426814986018,0.03822783391068779,0.5262266019448248,0.0209160795537769
5020,0.5667894139247232,0.03642642748267893,0.5461433004404441,0.020646113484279017
5021,0.5453508576825109,0.03751292356996011,0.5248931526394547,0.020457705043056225
5022,0.553562776957618,0.03968679313537018,0.5315936455410599,0.021969131416558048
5023,0.5630763968814221,0.03916316038127633,0.5410245456434437,0.02205185123797834
5024,0.5477188494631923,0.043588355353300925,0.5238446856190895,0.02387416384410276
5025,0.5446495167105769,0.04486896267093509,0.5202116578765472,0.024437858834029713
5026,0.5432842548183685,0.05092993912835903,0.5156148207910731,0.027669434027295405
5027,0.5384446559869984,0.05010755987319132,0.51146450814873,0.026980147838268426
5028,0.5432302287112281,0.0475066920937496,0.5174231574998266,0.025807071211401487
5029,0.5565604653344602,0.04340681389980728,0.5324019487916972,0.024158516542763055
5030,0.5487179430524679,0.04402594941579623,0.5245601146481002,0.02415782840436771
5031,0.5505878528373283,0.04595119297325307,0.5252876841628711,0.025300168674457134
5032,0.5536964954415631,0.04030015957479926,0.531382438319261,0.0223140571223021
5033,0.5515984875128542,0.03942592807419625,0.529851205218337,0.02174728229451723
5034,0.5334620936065078,0.0350256619134628,0.5147772306721982,0.018684862934309585
5035,0.5465690857472771,0.03826773507768922,0.5256531247722456,0.020915960975031605
5036,0.5346936513274946,0.04360669051523879,0.5113774307535935,0.023316220573901057
5037,0.5341929091602163,0.03869738953974417,0.5135210380650743,0.020671871095142066
5038,0.530674238863731,0.03986442395213524,0.5095192160251906,0.021155022838540455
5039,0.5333017424404615,0.03872460364718314,0.5126498438401025,0.020651898600359014
5040,0.514854404530136,0.04284720430674268,0.4927943326710069,0.02206007185912908
5041,0.5472950179732277,0.03762565710886596,0.5267026832895764,0.020592334683651296
5042,0.5333879204761018,0.03837812253808132,0.5129174935037376,0.020470426972364213
5043,0.5306058655091036,0.04458479572896614,0.506948911382789,0.023656954126314664
5044,0.5362918490640821,0.043746358543781956,0.5128310335508169,0.02346081551326513
5045,0.5422012131157681,0.041461512449908165,0.5197207307678133,0.022480482347954727
5046,0.5271060469777824,0.037218132005592736,0.5074881445404171,0.019617902437365272
5047,0.5070321800320963,0.04175618723674156,0.4858604493876228,0.021171730644473464
5048,0.5103525242109241,0.03886396155103166,0.49051820333251883,0.01983432087840531
5049,0.5194902663404294,0.041105787889187326,0.49813620964174227,0.021354056698687122
5050,0.5168508047868486,0.04215016042369596,0.4950654604499666,0.021785344336882034
5051,0.511237195990259,0.046566771590412066,0.48743053025605787,0.023806665734201118
5052,0.5044417168295067,0.04931701060001256,0.47956415933353735,0.024877557495969316
5053,0.535203863226335,0.04965879786019055,0.5086262827683853,0.026577580457949636
5054,0.5345572652121273,0.048471176432200655,0.5086466456969156,0.0259106195152117
5055,0.5365947078539488,0.04771403711943403,0.5109916080453136,0.025603099808635173
5056,0.5421103496149287,0.04947243526696176,0.5152908304360541,0.026819519178874564
5057,0.5534082905384405,0.048932647839403126,0.526328557546117,0.0270797329923236
5058,0.548585508202958,0.047462514521633664,0.5225482605535173,0.02603724764944068
5059,0.5683593586054259,0.04765365769578685,0.541274956282246,0.027084402323179928
5060,0.5523291459735797,0.047750948401250694,0.5259549054236885,0.026374240549891268
5061,0.5448924823910962,0.04347683475163326,0.5212022819767713,0.023690200414324927
5062,0.5498315248974186,0.04346840924435913,0.5259312231577276,0.02390030173969103
5063,0.5443986482381115,0.041913430975567136,0.5215810330719913,0.022817615166120138
5064,0.53166083874658,0.045872419821116873,0.5072722695491497,0.024388569197430238
5065,0.5718953374952545,0.056697296771018264,0.5394704178233244,0.03242491967193009
5066,0.5593168694721868,0.05157348287730146,0.5304709504814772,0.028845918990709683
5067,0.5414632911647445,0.05557882177504916,0.5113693994073676,0.03009389175737688
5068,0.5282126049187514,0.05948665691619904,0.49679100291113787,0.031421602007613555
5069,0.5157735882759541,0.05910153305242791,0.48529057850089347,0.030483009775060643
5070,0.5273663043366082,0.07513793737061582,0.48774108798999105,0.03962521634661719
5071,0.5372825480241872,0.04962857269323444,0.5106179820327625,0.026664565991424596
5072,0.5252224439067816,0.058609916392232425,0.49443920038208117,0.030783243524700455
5073,0.5216918928354092,0.07184047450641073,0.4842132997079658,0.03747859312744337
5074,0.5119938785387353,0.0728955433333925,0.47467180657928326,0.03732207195945208
5075,0.5033275819062237,0.056240646330146096,0.47502011338402816,0.02830746852219557
5076,0.5165922824770817,0.0697608529945486,0.48055436420107966,0.036037918276002015
5077,0.5450829841331833,0.06167055086618423,0.5114674162339063,0.03361556789927698
5078,0.5524279784518683,0.07070923763257825,0.5133662172486303,0.03906176120323797
5079,0.5501224342113255,0.07118984678498515,0.5109593024068382,0.03916313180448733
5080,0.5546693951855132,0.07242444113210647,0.5144977742261189,0.0401716209593943
5081,0.533432033070509,0.05450622698377768,0.5043566655955498,0.029075367474959167
5082,0.5456241293839224,0.07007223167596092,0.5073910289817377,0.03823310040218469
5083,0.5423804063316752,0.06529184975211029,0.5069673863329789,0.03541301999869626
5084,0.5363586521828299,0.06831012842637586,0.4997199237696229,0.03663872841320697
5085,0.5373782677019819,0.060995238996078845,0.5046007518322007,0.032777515869781226
5086,0.5426457711641829,0.05924259816666749,0.5104980257962618,0.03214774536792109
5087,0.537731344200135,0.06866670805304435,0.5008071029769733,0.03692424122316178
5088,0.5222845901739801,0.07071562097486736,0.485350911054223,0.03693367911975711
5089,0.530302748916727,0.06499696969876605,0.49583467721421415,0.03446807170251284
5090,0.512628640711333,0.060587302669737324,0.4815698540993794,0.03105878661195356
5091,0.5274564981754771,0.06406204280408312,0.49366655741206794,0.03378994076340921
5092,0.5372691298893124,0.062416695688363215,0.5037345661062596,0.033534563783052904
5093,0.5278123515154696,0.06806871666339202,0.4918848421087244,0.03592750940674517
5094,0.5392531809547336,0.06622715524397176,0.5035399768238389,0.03571320413089474
5095,0.5408419991732888,0.06238903017480247,0.5070993913670659,0.033742607806222805
5096,0.5306397510987619,0.06255152091880868,0.4974474276075563,0.03319232349120564
5097,0.5414779358566482,0.05625207653083077,0.5110186775690837,0.030459258287564447
5098,0.5295479666642077,0.0486588852538211,0.5037807529178997,0.025767213746307964
5099,0.5220015729825346,0.054208753643534315,0.49370451831118695,0.028297054671347615
5100,0.5241493658548185,0.056290778083048006,0.4946445902191146,0.02950477563570393
5101,0.5541630138051905,0.047587235515907045,0.5277919279530381,0.02637108585215245
5102,0.52922805300655,0.05831428654079462,0.4983664966780992,0.030861556328450796
5103,0.5440332450153056,0.05773335850441439,0.5126243786425171,0.03140886637278855
5104,0.547920050790134,0.05840431171671,0.5159191573479514,0.03200089344218256
5105,0.5536875239662651,0.056100289672030394,0.5226254934839684,0.03106203048229674
5106,0.5416870933229597,0.0559060213683294,0.5114035231086981,0.03028357021426163
5107,0.5510892949401557,0.05101159650016655,0.5229773501911071,0.0281119447490485
5108,0.5239020514484485,0.057443432007315914,0.49380731957757623,0.030094731870872273
5109,0.537847297991949,0.05599800295384395,0.5077289234102789,0.030118374581670146
5110,0.5277896911779639,0.05112524704650069,0.5008063128278942,0.02698337835006971
5111,0.5254179606536827,0.0510352419740905,0.49860312789418887,0.02681483275949386
5112,0.5120532641969782,0.06259689530002174,0.48000031963000556,0.032052944566972615
5113,0.5588495468202446,0.05647561060941684,0.5272881774247754,0.0315613693954692
5114,0.534831545136477,0.055405031250350574,0.5051991866645172,0.02963235847195979
5115,0.5277834765066926,0.05386265015720163,0.49935565975286095,0.028427816753831627
5116,0.5316258444846879,0.05406979428662172,0.5028809444359492,0.02874490004873862
5117,0.540406792971641,0.04449207728081117,0.5163629721756714,0.024043820795969572
5118,0.5251892367402156,0.04190155963936754,0.5031829886149914,0.022006248125224063
5119,0.5448889208650359,0.05166850430785957,0.5167353253100159,0.02815359555502006
5120,0.5327564843202057,0.051711264937047405,0.5052069726125936,0.0275495117076121
5121,0.5252670187587849,0.04818405881778594,0.49995752183186853,0.02530949692691636
5122,0.5279209019860145,0.054629722685947325,0.49908072951040333,0.02884017247561115
5123,0.5352849551272629,0.05570817852575239,0.505465205284884,0.02981974984237892
5124,0.5213390920957282,0.05834345709261462,0.4909223671453384,0.030416724950389776
5125,0.5496696580573295,0.05493823397964187,0.5194717777714661,0.030197880285863305
5126,0.5345762751979435,0.058754950773635246,0.503167272463935,0.03140900273400846
5127,0.5271254002954741,0.057874842806075875,0.4966181006142837,0.030507299681190383
5128,0.5213995958812766,0.058992857131255405,0.49064074401315816,0.030758851868118456
5129,0.5428454101489288,0.054027561314541755,0.51351679646779,0.02932861368113882
5130,0.5361105709614573,0.05237742014016782,0.5080304823446238,0.028080088616833504
5131,0.5499481421923949,0.0553313504913557,0.5195187687846775,0.03042937340771732
5132,0.5321552907754995,0.05908360843564337,0.5007136359483639,0.031441654827135554
5133,0.5557655949651401,0.05248375302425961,0.526596930739609,0.029168664225531115
5134,0.5395673115781621,0.05042331024539793,0.5123605416281811,0.027206769949980957
5135,0.5525488147907464,0.048394068534764516,0.5258087295789601,0.026740085211786283
5136,0.547768386579792,0.0483219438663648,0.5212991533517141,0.026469233228077923
5137,0.5716862919284172,0.045726389928656096,0.5455451416268309,0.026141150301586327
5138,0.5589600895351517,0.04563074422030937,0.533454324660212,0.025505764874939732
5139,0.5739705807336921,0.04573812599179461,0.547718241996511,0.02625233873718113
5140,0.5756195562831442,0.04441198853489286,0.5500551471490371,0.025564409134107114
5141,0.5729586327573587,0.043352534276127175,0.5481194239919424,0.024839208765416353
5142,0.5679317724977498,0.046377580275988,0.5415924711274513,0.026339301370298548
5143,0.5710036891740411,0.04506164298025211,0.5452733247920736,0.025730364381967484
5144,0.5553668292176607,0.04479889410889412,0.5304870094439464,0.024879819773714267
5145,0.5571382597448988,0.04488136467910954,0.5321331343326036,0.02500512541229526
5146,0.5632495020719744,0.043688170848264,0.5386421615952544,0.024607340476720047
5147,0.5457466780449892,0.04565123799088574,0.5208326665628221,0.0249140114821671
5148,0.5451683310766812,0.04827280819433633,0.51885152479699,0.026316806279691077
5149,0.5710164612412532,0.04472056870555616,0.5454802803543102,0.025536180886943007
5150,0.5697720627519817,0.04441531215074169,0.5444654587300805,0.025306604021901248
5151,0.5687107944317511,0.04998372232107812,0.5402845120018747,0.028426282429876385
5152,0.5483442415728295,0.05051542894840744,0.5206443969983888,0.027699844574440628
5153,0.5690515468075646,0.04476703635718381,0.5435767955225187,0.02547475128504593
5154,0.5666060763513077,0.04288905446451004,0.5423048774827541,0.02430119886855357
5155,0.5631683096350071,0.046096668872381744,0.5372081265463432,0.025960183088663876
5156,0.5475875336084259,0.043217906729820024,0.5239219466545249,0.02366558695390114
5157,0.5366428138716898,0.04426492881486662,0.5128883579166497,0.023754455955040065
5158,0.540849307683608,0.043987778301270236,0.5170585482428259,0.02379075944078204
5159,0.5391569710011024,0.04479930876423312,0.5150031113848353,0.024153859616267065
5160,0.5435782085786716,0.04281138020304438,0.5203068752211203,0.02327133335755127
5161,0.5640415821541694,0.04256935224306271,0.5400306973637142,0.024010884790455232
5162,0.5618108648318915,0.04152834072394743,0.5384797918147372,0.023331073017154362
5163,0.552976190284528,0.042993705552730986,0.5292016947817642,0.02377449550276394
5164,0.5629089283883447,0.044581162483994595,0.5378137939881726,0.025095134400172074
5165,0.5476036710740149,0.04588571655167325,0.5224764842404569,0.025127186833557958
5166,0.548355616111025,0.04246548626200361,0.5250694282283698,0.023286187882655258
5167,0.5656861289132631,0.04233920458415011,0.5417354281707886,0.02395070074247456
5168,0.5517067019380009,0.044110930069996786,0.5273704061896651,0.024336295748335717
5169,0.5603040011811421,0.04862880546866105,0.5330570869043919,0.027246914276750193
5170,0.5461423578825463,0.04715442140015451,0.5203893309944787,0.025753026888067583
5171,0.5513565007358759,0.04529619423214225,0.5263821495873894,0.024974351148486517
5172,0.5623554517287888,0.0428434328476768,0.5382622136961215,0.024093238032667313
5173,0.5627373735693466,0.04222645899423926,0.5389749669397947,0.023762406629551914
5174,0.5595840279925477,0.04265070470230368,0.5357173748585119,0.023866653134035788
5175,0.5714964922037301,0.044781674504990876,0.5459039223091187,0.0255925698946115
5176,0.5793486511990583,0.042631771613309145,0.5546499918166614,0.024698659382396956
5177,0.5814331151276697,0.04023427553872666,0.5580395749662829,0.023393540161386842
5178,0.5730547318524409,0.04085752435790336,0.549641134187368,0.023413597665072883
5179,0.5747920534247909,0.041136337689047224,0.5511472134141279,0.02364484001066307
5180,0.5590492855603358,0.04217627565777516,0.5354706687862608,0.02357861677407499
5181,0.5645414888053726,0.04200102445340035,0.5408301679290991,0.023711320876273492
5182,0.572671768826309,0.04108640106545721,0.5491427468534464,0.023529021972862527
5183,0.5689325227197084,0.041300857268558235,0.5454351218034209,0.02349740091628744
5184,0.556247649312996,0.04426370320176839,0.5316260684571241,0.0246215808558718
5185,0.570331755644197,0.04340194603547909,0.5455782475634076,0.024753508080789487
5186,0.5497149089035991,0.048159815679093276,0.5232407402147522,0.026474168688846885
5187,0.5501961654689234,0.044224389377616836,0.525864076013154,0.024332089455769368
5188,0.5516247338381657,0.04230862525502804,0.5282862496928021,0.02333848414536354
5189,0.5490350158513777,0.04170244142713793,0.5261389152613879,0.022896100589989823
5190,0.5607600462744332,0.043616301546768016,0.5363017670007479,0.024458279273685265
5191,0.561635889965936,0.04265538589786493,0.5376790943453482,0.02395679562058781
5192,0.5581656651155972,0.04154894342753535,0.5349744714725165,0.02319119364308059
5193,0.551770403185971,0.04298889297733886,0.5280504043753462,0.023719998810624823
5194,0.5682145568688937,0.043818715550876956,0.543316124829588,0.02489843203930565
5195,0.5729470680768005,0.0423269282063106,0.5486959786602976,0.024251089416502888
5196,0.5776916467322062,0.04324848694758714,0.5527073570887783,0.024984289643427943
5197,0.5858340564826743,0.04280548485694612,0.5607571456492219,0.025076910833452433
5198,0.5660412540392344,0.03689159306814182,0.5451590904354383,0.020882163603796123
5199,0.5629556994193335,0.042760140087576025,0.5388836348490635,0.024072064570270044
5200,0.5612429216521532,0.04415212377376459,0.5364628547082181,0.024780066943935128
5201,0.5522389707846233,0.047778974290231306,0.5258535591974409,0.02638541158718231
5202,0.5486231611616631,0.05168958142351808,0.5202650596019694,0.028358101559693667
5203,0.562579865777618,0.05366908970061765,0.5323867164974375,0.030193149280180416
5204,0.5578758033195603,0.055836378998185686,0.526726038531492,0.031149764788068267
5205,0.552759691952468,0.060234865696937416,0.5194642861450306,0.03329540580743741
5206,0.5520284542167891,0.06076887551435185,0.518482305802109,0.03354614841468014
5207,0.5493465964679477,0.0655782293386378,0.5133214193783725,0.036025177089575186
5208,0.5454064224507955,0.06035826341495212,0.5124866379363038,0.03291978451449177
5209,0.5597224644706088,0.052175484504283345,0.5305186736989232,0.029203790771685535
5210,0.559354734345943,0.05231235565565262,0.5300935705451649,0.029261163800778058
5211,0.5479271854659209,0.052673377507162576,0.5190660099794373,0.028861175486483537
5212,0.5559128379318324,0.052354099053560595,0.5268085221496033,0.029104315782229134
5213,0.5553878180025534,0.050232729377460844,0.5274891720412926,0.027898645961260744
5214,0.5546357777208745,0.05279960145278174,0.5253512297057586,0.029284548015115812
5215,0.5659284890354642,0.052403170707683897,0.5362720418161971,0.029656447219267044
5216,0.5534957404113622,0.05327312569383646,0.5240092922614246,0.029486448149937575
5217,0.5416142419075077,0.05545122116177812,0.5115810707951257,0.030033171112382007
5218,0.5372139651833345,0.05812186933046424,0.5059900852964482,0.031223879886886335
5219,0.5387525425330145,0.054468009895646846,0.5094077637150214,0.029344778817993133
5220,0.5260628826913446,0.05691143963843262,0.4961238866970363,0.02993899599430832
5221,0.5587152598175749,0.06117293586909016,0.5245370070596723,0.03417825275790255
5222,0.5385412122217937,0.06278764025005815,0.5047274803289815,0.033813731892812206
5223,0.5858827973781305,0.049463942671808536,0.5569027242762199,0.028980073101910666
5224,0.5802330983987504,0.05831450492380423,0.5463970925252223,0.03383600587352811
5225,0.6043891760534353,0.05144986475938436,0.5732934346834504,0.031095741369984994
5226,0.5910765057393126,0.05772672494764182,0.5569555948694861,0.03412091086982653
5227,0.5998802188297931,0.05706803537490804,0.5656462332809069,0.03423398554888621
5228,0.5791495651191569,0.060056537994260355,0.5443678472572189,0.03478171786193801
5229,0.5935643527867365,0.0586403735787767,0.5587575173962774,0.034806835390459034
5230,0.5503755964495275,0.06277521796081087,0.5158256484220971,0.034549948027430374
5231,0.5824862565100304,0.05716403480378919,0.5491889918701621,0.033297264639868256
5232,0.5834721843888269,0.056041366619421586,0.5507736057912579,0.032698578597569
5233,0.6115762407453965,0.05450095451159651,0.5782447518681585,0.03333148887723805
5234,0.5904905301761425,0.05550153612533177,0.557717398683905,0.032773131492237484
5235,0.625003641156849,0.05249972381774545,0.5921911226110291,0.03281251854581986
5236,0.5814552497978773,0.055403349077516935,0.5492406816203708,0.032214568177506606
5237,0.6267587871877934,0.05309664292127854,0.5934799996667095,0.033278787521083875
5238,0.6176754621196386,0.05693773019260609,0.5825064233108774,0.035169038808761266
5239,0.5775553530857068,0.06546235779659308,0.5397472179146726,0.03780813517103419
5240,0.5979005971619368,0.06646360142966766,0.5581619701776055,0.03973862698433125
5241,0.591700417739856,0.06994871528620611,0.5503117336846416,0.04138868405521441
5242,0.5524545528421503,0.08331349873771414,0.5064276311512914,0.04602692169085892
5243,0.5888279367208937,0.07782774234933873,0.5430007877736873,0.04582714894720644
5244,0.6214886459340302,0.0678767374258998,0.579304024300788,0.04218462163324217
5245,0.6284627811064689,0.06036418441461422,0.5905261378900367,0.03793664321643222
5246,0.5772091524199054,0.061532987495860475,0.5416917488615551,0.035517403558350265
5247,0.591905863006164,0.058341588155326495,0.5573731349199352,0.034532728086228724
5248,0.6235646258006353,0.05712710028253836,0.5879421868898789,0.0356224389107564
5249,0.6256041126463424,0.05615788001786301,0.5904715119496675,0.035132600696674954
5250,0.6310050542365961,0.055257970568611106,0.5961369955209455,0.034868058715650685
5251,0.6145929288722889,0.0580143068749987,0.5789377460934877,0.03565518277880122
5252,0.6175358403745872,0.056088086658899,0.5828994366446814,0.03463640372990587
5253,0.590993413093132,0.05867598002755459,0.5563162953900631,0.03467711770306894
5254,0.5970766699688798,0.05934269478251408,0.5616445313811567,0.03543213858772312
5255,0.5978214719159564,0.05680412786005774,0.5638627445877544,0.033958727328201904
5256,0.5841040622440434,0.05999699282900287,0.5490595750101961,0.03504448723384732
5257,0.5885700074783408,0.05851692723028327,0.5541286991808034,0.034441308297537346
5258,0.592987209822075,0.057889015405638976,0.558659764097338,0.03432744572473697
5259,0.6072396252803115,0.060586238810256356,0.570449260328028,0.036790364952283536
5260,0.6081093738334696,0.06331455315066149,0.5696072005624749,0.03850217327099469
5261,0.6014489254165445,0.060623277068811404,0.5649871205682784,0.03646180484826606
5262,0.6021797585792401,0.06103284133406231,0.5654270169192894,0.03675274165995071
5263,0.6183274775430488,0.05704808668255397,0.5830530780059681,0.035274399537080794
5264,0.6171970414686669,0.05625705620522613,0.5824753528170649,0.03472168865160208
5265,0.6272792041452068,0.05557093768704458,0.5924207105792746,0.0348584935659322
5266,0.6178079575163059,0.05743580764535172,0.5823236585066317,0.035484299009674175
5267,0.6105956375467034,0.05723893420907151,0.5756457940208216,0.03494984352588183
5268,0.6065395142484137,0.056705689531438064,0.5721452728648939,0.0343942413835198
5269,0.6165716060738843,0.05250304486196419,0.5841997193795738,0.03237188669431046
5270,0.6123279337917298,0.060124443705070536,0.5755120574074267,0.03681587638430302
5271,0.6262811308362547,0.0563104076482662,0.591014985056448,0.03526614577980664
5272,0.6468073804661572,0.050224106747246554,0.6143220575447179,0.03248532292143919
5273,0.6472285820582433,0.052082649904711405,0.613519202410581,0.03370937964766226
5274,0.6496908960744469,0.056422504472165076,0.6130337085851615,0.03665718748928541
5275,0.6601545916324414,0.058942893432978254,0.6212431698885591,0.03891142174388227
5276,0.6560044463188472,0.05924259650745671,0.6171410395984822,0.038863406720365014
5277,0.652795767319421,0.059458881965444944,0.6139812608428334,0.03881450647658752
5278,0.6415300397390044,0.06133632893779108,0.6021809421980986,0.03934909754090576
5279,0.6354136353764102,0.060094516504783195,0.5972287601779181,0.03818487519849197
5280,0.631577414409539,0.05723128302645322,0.5954314286523511,0.03614598575718786
5281,0.6538110413991998,0.05420564130133429,0.6183707946102629,0.03544024678893685
5282,0.6524456992689962,0.054471517448886723,0.616905991976814,0.03553970729218223
5283,0.6499314298063903,0.05463095139529927,0.61442505745436,0.03550637235203027
5284,0.6498128988569152,0.05252214459196902,0.6156833318254258,0.03412956703148944
5285,0.6424515167300963,0.05457862090998261,0.607387398945441,0.03506411778465528
5286,0.6256799097070269,0.06006585084859471,0.5880979135716025,0.037581996135424484
5287,0.6450166937742594,0.05593189847698563,0.6089396855421166,0.036077008232142806
5288,0.6429086187963292,0.05415998306874811,0.6080886988875678,0.034819919908761425
5289,0.6266645415470278,0.05472692517997261,0.5923691180688417,0.034295423478186024
5290,0.6314960993168688,0.05492180234262231,0.5968131953700507,0.034682903946818056
5291,0.6249020233358308,0.055019155866153226,0.5905204415128422,0.034381581822988595
5292,0.634224335581101,0.054259392232383526,0.5998117085934832,0.034412626987617795
5293,0.6341960276164045,0.05513233596188301,0.5992313191561652,0.03496470846023925
5294,0.6529239046219095,0.05463354046511432,0.617252360058108,0.03567154456380154
5295,0.6522739173547859,0.054916167369200415,0.6164535337387664,0.03582038361601942
5296,0.641535578589497,0.0523650946844845,0.6079415072731924,0.033594071316304555
5297,0.6213633031691119,0.055390848574649994,0.5869454625334273,0.034417840635684614
5298,0.6366549556759555,0.05730715734533644,0.6001700699563454,0.03648488571961018
5299,0.6424631796913556,0.05588323161249399,0.6065602610181642,0.03590291867319137
5300,0.6270044674281192,0.059834482788350844,0.5894879794135723,0.037516488014546885
5301,0.6351746818558808,0.06435566470297722,0.5942975930025435,0.040877088853337296
5302,0.645955537216795,0.06388649383260567,0.6046877027722567,0.04126783444453826
5303,0.6309678973655606,0.0641836787134463,0.5904700565625507,0.040497840803009895
5304,0.6404226180034883,0.060577083747474024,0.6016276834389145,0.03879493456457388
5305,0.6503958212993111,0.057393888227972804,0.6130670762277178,0.037328745071593235
5306,0.6296364129802624,0.05949501318770572,0.592176186286542,0.037460226693720435
5307,0.6229011238528115,0.062248235732242516,0.5841266278573429,0.0387744959954686
5308,0.6082848049717003,0.05225179756219443,0.5765008304821602,0.03178397448954021
5309,0.6314901947546057,0.051906862728318806,0.5987115199011991,0.032778674853406624
5310,0.6247855267014505,0.05780316704506943,0.5886709445341849,0.03611458216726563
5311,0.6247655717289107,0.06224204987894867,0.5858788818507099,0.03888668987820074
5312,0.6150685025057043,0.06317879936194401,0.5762092129920451,0.03885928951365925
5313,0.6110100518718358,0.06290027254560424,0.5725773530809936,0.03843269879084225
5314,0.6126186502742169,0.06290565663541765,0.5740814718116141,0.0385371784626029
5315,0.5894462947775271,0.06221082059885614,0.5527763570804619,0.03666993769706521
5316,0.6000623650641539,0.06291047723601832,0.5623121553065942,0.03775020975755977
5317,0.6407597292224528,0.056547184409433536,0.6045265706519721,0.03623315857048074
5318,0.6294197777665197,0.054415767041853594,0.5951694177680416,0.0342503599984782
5319,0.6185550239097221,0.05545348553451061,0.5842539918390455,0.03430103207067664
5320,0.5967913241406987,0.05660017772076036,0.5630128291321272,0.03377849500857145
5321,0.6085315976142425,0.05287887970486149,0.5763531284673917,0.032178469146850706
5322,0.6093344600348567,0.05190259792298608,0.5777084185550477,0.031626041479809
5323,0.6241765246552855,0.049620372824028855,0.5932046527938836,0.030971871861401906
5324,0.6136563660971793,0.050917965889047755,0.5824102321806461,0.031246133916533178
5325,0.6293393190951753,0.05077890180183686,0.5973821596108064,0.03195715948436878
5326,0.624431710018635,0.04898986500527504,0.593840884839809,0.030590825178825977
5327,0.6003311185423712,0.05215339121748729,0.5690218148569992,0.03130930368537203
5328,0.600482216749558,0.05353108247582031,0.568337753679474,0.032144463070084
5329,0.6119104214992898,0.051799422010346055,0.5802138153435193,0.03169660615577044
5330,0.6031407349571076,0.05125966192851955,0.5722239447878875,0.03091679016922015
5331,0.5976704268827059,0.055740348442817375,0.5643560690342965,0.03331435784840943
5332,0.5972170122944996,0.0541020765973323,0.5649063317501126,0.03231068054438697
5333,0.5794972481493902,0.054798578888743094,0.5477416224808663,0.03175562566852389
5334,0.5772701840413466,0.05614525799611463,0.5448592006248806,0.03241098341646598
5335,0.5729351111408757,0.057026377442801764,0.5402626972427226,0.03267241389815315
5336,0.5674610362178898,0.058014810502004695,0.5345398917344377,0.0329211444834521
5337,0.5702328195938369,0.05911508242251375,0.5365234594635248,0.03370936013031208
5338,0.5585315969549897,0.056534247203852236,0.5269554335815739,0.03157616337341575
5339,0.5521494028021167,0.05590128191832158,0.5212835433750427,0.030865859427074024
5340,0.5505172357681245,0.05318333099823661,0.521238895398034,0.02927834037009043
5341,0.574513455134913,0.049036492777951524,0.5463413302413539,0.02817212489355914
5342,0.5597294190663114,0.04940570671897967,0.5320755915459363,0.027653827520375044
5343,0.5593305764638441,0.04799960589801566,0.5324829292268697,0.026847647236974432
5344,0.561478771306798,0.048435556130853596,0.5342832347628849,0.027195536543913126
5345,0.569022401331686,0.04965874109938512,0.5407654652242054,0.02825693610748061
5346,0.5853469311802675,0.05342923596952837,0.5540722918701977,0.031274639310069796
5347,0.5908136602063657,0.05527276185347466,0.5581577574659996,0.03265590274036615
5348,0.5936719704146867,0.06103271973541335,0.5574385554295965,0.036233414985090175
5349,0.5871538902243298,0.06362224480716921,0.5497978416809958,0.037356048543334075
5350,0.5922572943218127,0.06062750433783854,0.5563502126412005,0.03590708168061222
5351,0.5836108218522229,0.058960394238430545,0.5492008977140014,0.03440992413822152
5352,0.58647796873601,0.05777892708062014,0.5525919009460218,0.03388606778998814
5353,0.6036049419460114,0.053064748003884776,0.5715747978077469,0.0320301441382646
5354,0.5856759479902791,0.05241670008649814,0.5549767474765972,0.030699200513681944
5355,0.586421593607346,0.05720454550897348,0.5528756128683898,0.03354598073895618
5356,0.5733755988242252,0.06503171253846285,0.5360880017049192,0.03728759711930601
5357,0.5781423480617626,0.06205935175174075,0.5422632087208203,0.03587913934094226
5358,0.5680144685513748,0.06403683916757248,0.5316406173838962,0.03637385116747855
5359,0.5827986921600257,0.05983829364738362,0.547925012881243,0.034873679278782745
5360,0.5914903265635121,0.06009245070819548,0.5559462232701198,0.0355441032933923
5361,0.581563556691892,0.06056385881368007,0.5463418235532226,0.03522173313866937
5362,0.5701141005838497,0.05862458456693543,0.5366913982813695,0.03342270230248023
5363,0.5523221368160405,0.061660431206385445,0.5182657156951312,0.03405642112090927
5364,0.5537690770838637,0.06011677950738089,0.5204782635788072,0.033290813505056444
5365,0.5942860526969871,0.06080118316491516,0.5581527575546031,0.036133295142383934
5366,0.5756179987118563,0.060332008384091876,0.5408898087875383,0.0347281899243179
5367,0.5719477478260316,0.0655608119772521,0.5344503890699964,0.03749735875603526
5368,0.5729645044437297,0.06823907350668643,0.5338659375082718,0.03909856693545783
5369,0.5794231185643611,0.06720941568452495,0.5404804293315452,0.03894268923281593
5370,0.5785916951474481,0.0663051523479185,0.5402280846534562,0.038363610493991965
5371,0.5762518766183752,0.06116825232811584,0.5410035564248321,0.03524832019354305
5372,0.5484740380235704,0.06385449992442473,0.5134515026040454,0.035022535419525
5373,0.548286150045019,0.0629343559409163,0.5137801143206111,0.03450603572440787
5374,0.5506017552627187,0.06419089824549933,0.5152581340168562,0.0353436212458625
5375,0.5461170302605936,0.06297269181499048,0.5117265708190754,0.03439045944151818
5376,0.5262337210934754,0.06454750183838213,0.49226664901377565,0.033967072079699775
5377,0.559663648025041,0.05896119243967933,0.5266652119723436,0.0329984360526974
5378,0.5516148035838832,0.059054448109262705,0.5190394957893376,0.032575307794545566
5379,0.5444228207799088,0.055163523757022534,0.514390539571951,0.030032281207957718
5380,0.5341331901456325,0.046291238711791055,0.5094075031367106,0.024725687008921957
5381,0.5112192618875284,0.042457911390658375,0.48951395976511,0.02170530212241846
5382,0.5272432836158983,0.040697340297710216,0.5057858842829,0.021457399332998357
5383,0.5571491573657998,0.040305604764865145,0.5346929236339363,0.022456233731863583
5384,0.549575191827135,0.043285647314000496,0.5257864739011815,0.023788717925953533
5385,0.5360688550976518,0.049296639303174565,0.5096424621062371,0.026426392991414693
5386,0.5344793717278026,0.05155513703714193,0.5069242144748501,0.027555157252952385
5387,0.5351847887031476,0.05079295957291658,0.5080011693665087,0.027183619336638876
5388,0.543001489877831,0.04769692717624364,0.5171019873585363,0.025899502519294702
5389,0.5800969820565345,0.04222555642990164,0.5556020642058906,0.024494917850643835
5390,0.5624781991198524,0.04182931576258017,0.5389501209193006,0.02352807820055175
5391,0.5632288726665563,0.039473513632549494,0.5409962500831075,0.022232622583448793
5392,0.5465705752246989,0.036863440196814465,0.5264221035115647,0.020148471713134167
5393,0.554027594969698,0.03603898693513625,0.5340610017128801,0.0199665932568179
5394,0.5613630014985383,0.03494550811498335,0.5417458861742198,0.019617115324318583
5395,0.5773390404720767,0.03472087098545421,0.5572933261329799,0.020045714339096903
5396,0.5571969403497093,0.041634921485443614,0.5339980894863198,0.023198850863389558
5397,0.5564028362749291,0.03870508669408491,0.5348672162600733,0.021535620014855865
5398,0.5501517862241408,0.03735280113611563,0.5296020759586317,0.02054971026550913
5399,0.5484409145647506,0.034326747581896216,0.5296147217269022,0.018826192837848504
5400,0.5460242339348801,0.03382270054992948,0.527556219777496,0.018468014157384093
5401,0.5657320692858284,0.03537667522071456,0.5457183496087609,0.02001371967706754
5402,0.5761481639351046,0.032823801208368975,0.5572367911355319,0.01891137279957265
5403,0.5768061303286994,0.03515858743592087,0.5565264415619626,0.020279688766736748
5404,0.5705479793454542,0.035393240387137405,0.5503544375600851,0.020193541785369168
5405,0.5672950218107724,0.03460177228532209,0.5476656086474793,0.019629413163293172
5406,0.577358290130953,0.03372865674471033,0.5578847705444132,0.01947351958653979
5407,0.5816123101651961,0.03422601243241599,0.5617060400066359,0.01990627015856019
5408,0.5814288373582298,0.03351663223699258,0.5619413008445119,0.019487536513717964
5409,0.5658790664206522,0.0342434962461686,0.5465013887338912,0.019377677686760995
5410,0.551428077017783,0.034502224405450525,0.5324025817610494,0.019025495256733603
5411,0.5680364382349155,0.034186451960893816,0.5486172878271602,0.019419150407755163
5412,0.570672838080088,0.035036764260900216,0.550678308382177,0.01999452969791092
5413,0.591362397879811,0.032830208055621576,0.5719478473211456,0.019414550558665464
5414,0.5565565691509022,0.03240955914433566,0.5385188161058375,0.018037753045064706
5415,0.5225959258261195,0.02595159532972589,0.5090337278381165,0.0135621979880029
5416,0.505599207420985,0.012777309299542579,0.49913900996616345,0.006460197454821509
5417,0.5555993899819414,0.036042260516186905,0.5355743320255777,0.020025057956363654
5418,0.5552954203512463,0.04842833218787746,0.5284033892720691,0.02689203107917721
5419,0.5191566562738552,0.01713057969367386,0.5102632018000547,0.008893454473800525
5420,0.5324328243722393,0.03434927833509063,0.5141441410931388,0.018288683279100475
5421,0.5497413929936076,0.05107835286476995,0.5216615081379099,0.028079884855697658
5422,0.6295366648346473,0.033922841323175176,0.6081809924463406,0.021355672388306657
5423,0.6727202235713885,0.029970062242299894,0.6525587565993001,0.020161466972088413
5424,0.6868668388573234,0.03459444103267559,0.6631050645031734,0.02376177435414996
5425,0.7001407928207596,0.03178126058707864,0.6778894358364792,0.022251356984280397
5426,0.6898820387212069,0.029787965185696333,0.6693318565695424,0.02055018215166452
5427,0.6848535628587223,0.022318866348295455,0.6695684077211246,0.015285155137597784
5428,0.6767496035025156,0.021618997262709667,0.6621189556768549,0.014630647825660738
5429,0.6739840289860068,0.036580530197186704,0.6493293358612626,0.024654693124744182
5430,0.663563844454315,0.03835074224994167,0.6381156784892672,0.025448165965047825
5431,0.6911309064234376,0.034039185011790075,0.667605373632324,0.023525532791113565
5432,0.6670473614875622,0.031538364690322465,0.6460097785352501,0.021037582952312096
5433,0.6779164063855979,0.03181264893405737,0.6563500897426151,0.021566316642982794
5434,0.6779095810381254,0.03135347272732554,0.6566547614774538,0.021254819560671545
5435,0.658615628619922,0.03245077845895802,0.6372430387659695,0.021372589853952455
5436,0.6418639961734862,0.033178158928868766,0.6205681304977235,0.021295865675762738
5437,0.6613092869923993,0.03339555284190862,0.6392244977537997,0.022084789238599585
5438,0.657678805873708,0.031977538722931347,0.6366478563916302,0.021030949482077742
5439,0.6443653426347054,0.03658507894458288,0.6207911857052615,0.023574156929443892
5440,0.6674646456438645,0.033498983391590534,0.6451052585649668,0.022359387078897678
5441,0.6652977085063952,0.03223339050457758,0.643852907666308,0.021444800840087264
5442,0.6627751929199678,0.03276001973456085,0.6410626645203322,0.02171252839963552
5443,0.6711673014030475,0.03246492208145724,0.6493779072593756,0.02178939414367186
5444,0.6389759796907583,0.032958831435676524,0.6179160780846843,0.021059901606073968
5445,0.6462151544932788,0.031962000071408245,0.6255608256792196,0.020654328814059267
5446,0.6425826113882274,0.03148002383538393,0.6223540954655227,0.020228515922704648
5447,0.6465266684906269,0.031522505811255326,0.6261465278259996,0.020380140664627334
5448,0.6224391519041061,0.03405641199041915,0.6012411077078929,0.02119804419621333
5449,0.6461304532704686,0.031219747208827326,0.6259584238554395,0.020172029415029047
5450,0.6412784955325038,0.03462986697115348,0.6190711065407518,0.02220738899175205
5451,0.6456114405213427,0.0340730864358864,0.6236134661044619,0.02199797441688084
5452,0.6260705576247332,0.034324099784700614,0.6045812493325586,0.0214893082921745
5453,0.5364875249858168,0.04413501969604763,0.5128096375038839,0.023677887481932867
5454,0.5057436327762619,0.050687369648187,0.4801088183145146,0.02563481446174733
5455,0.5292519885643442,0.051207139063545355,0.5021505083862718,0.02710148017807229
5456,0.5076455594295589,0.05584117623890728,0.4792980342785542,0.02834752515100468
5457,0.5299740265150998,0.05604939443946062,0.5002693032602858,0.029704723254813995
5458,0.5194642925640701,0.05058021261930752,0.49318967819804127,0.026274614366028834
5459,0.5042295206418882,0.0520836729215659,0.47796739521137815,0.026262125430510066
5460,0.49570279015166596,0.05981001016978721,0.46605480123150295,0.029647988920163036
5461,0.5303208879082626,0.04986965740246418,0.5038739669149069,0.026446920993355664
5462,0.5204623787111015,0.04695310473662923,0.49602505413200393,0.024437324579097534
5463,0.5124048171274045,0.04709348885870352,0.48827388658086907,0.024130930546535437
5464,0.495989700577381,0.0465158237973435,0.4729183310600264,0.02307136951735462
5465,0.4904719821703423,0.04441427443158901,0.4686880249532233,0.021783957217119017
5466,0.4834516044100137,0.043574118833456764,0.46238562674922645,0.02106597766078727
5467,0.5089531837241502,0.04426983919492221,0.4864219081229384,0.02253127560121183
5468,0.4896327852097133,0.04675770070817234,0.4667386819819687,0.022894103227744607
5469,0.49069430083645654,0.04592427189405735,0.46815952234797875,0.022534778488477805
5470,0.4806850622666551,0.04921768813786643,0.45702685477948396,0.023658207487171137
5471,0.4879156785810075,0.0466299622835201,0.465164188891237,0.022751489689770494
5472,0.4823378278252801,0.0460029107709693,0.4601488837703706,0.022188944054909517
5473,0.5135370480173087,0.044683727981116,0.49059029825547795,0.02294674976183073
5474,0.4909888263250041,0.04492470960083314,0.4689312958850994,0.02205753043990471
5475,0.485134280264413,0.05064784503904696,0.46056327441445144,0.024571005849961566
5476,0.50201431293373,0.053701723611338674,0.47505527905162676,0.026959033882103252
5477,0.4930217824051107,0.06388022746541303,0.46152743879966884,0.03149434360544184
5478,0.4839473376445426,0.07175498495591387,0.4492217037124039,0.034725633932138726
5479,0.5051264685742529,0.07536005967876307,0.4670601077571744,0.03806636081707854
5480,0.4987485220039848,0.07793935443149451,0.45987638417533216,0.038872137828652606
5481,0.5041256406298688,0.07838547655646975,0.46460951204476086,0.039516128585107876
5482,0.494807074327932,0.08097818517792746,0.4547384954356562,0.04006857889227579
5483,0.4750390957853227,0.07788359216248682,0.43804134458794214,0.036997751197380586
5484,0.4821575450207705,0.07116196030019213,0.44784626894356433,0.034311276077206174
5485,0.5106929789688335,0.06624304365672609,0.4768631216678175,0.03382985730101593
5486,0.48867666023789325,0.06741336710775882,0.4557333211442826,0.03294333909361062
5487,0.47842912974236146,0.07123028746516787,0.444350485299103,0.0340786444432585
5488,0.48514547810553166,0.07224585434051947,0.45009572856035773,0.03504974954517392
5489,0.4894766075470851,0.07414527164926003,0.45318423151454823,0.03629237603253687
5490,0.4983526364969288,0.0737378017459127,0.46160520858736537,0.03674742790956343
5491,0.5205093932318767,0.07113647925677986,0.48348218757727823,0.03702720565459847
5492,0.5169399750491306,0.06724142863760194,0.4821801926069407,0.034759782442189836
5493,0.529190508477568,0.07486303044882422,0.48957370332818306,0.03961680514938495
5494,0.515986916383139,0.07928703538445206,0.4750758434859547,0.04091107289718424
5495,0.49731185549580714,0.07935482687745156,0.45784775929883315,0.03946409619697398
5496,0.4843061027129501,0.08614886833420186,0.4425836800368817,0.041722422676068384
5497,0.4972557834499055,0.07763021153623868,0.45865371179307124,0.03860207165683426
5498,0.49426698336107766,0.07631147071209364,0.45654874293636394,0.03771824042471375
5499,0.5059662209552961,0.0814490784179864,0.46475573854785596,0.041210482407440144
5500,0.5139251377742413,0.07918628945202096,0.4732293130577805,0.04069582471646082
5501,0.5172383772906298,0.07160464493958255,0.48020170693560843,0.03703667035502138
5502,0.5276629120228165,0.06956423284515191,0.49095644634711033,0.03670646567570611
5503,0.5130898651888983,0.07049438237614113,0.4769199120389494,0.0361699531499489
5504,0.4930807168222174,0.06901601169710322,0.45905025230239915,0.0340304645198182
5505,0.48324655131232874,0.07996679799618879,0.44460287196118087,0.038643679351147875
5506,0.48129360352986833,0.08124426156055234,0.44219126011726695,0.0391023434126014
5507,0.48652187711821365,0.07924623416858381,0.44796685051596474,0.03855502660224892
5508,0.48800595725529183,0.07492001989297097,0.451444541229837,0.036561416025454804
5509,0.5124026860929964,0.06719677589596995,0.4779708776271123,0.03443180846588412
5510,0.49985687267862544,0.06753981679011056,0.46609663107663346,0.03376024160199199
5511,0.5264359147692439,0.06068634624484886,0.4944884425698338,0.031947472199410076
5512,0.5157178864524994,0.058053241424111876,0.48577879148353975,0.029939094968959662
5513,0.508126748681711,0.06220714834584594,0.4765176326479755,0.031609116033735576
5514,0.5137917385941452,0.05976045426069469,0.48308731090036694,0.03070442769377822
5515,0.6285165990285407,0.051315835852032865,0.5962637444025142,0.032252854626026554
5516,0.6028787459322303,0.04727177368563713,0.5743795982946412,0.028499147637589123
5517,0.5682257714515616,0.050500783873942426,0.5395299245758821,0.028695846875679516
5518,0.5318179282598084,0.054416910026400325,0.5028780399072679,0.02893988835254062
5519,0.5552520402213053,0.05253261242774017,0.5260831999926474,0.029168840228657823
5520,0.5182570620490379,0.05208668337558101,0.4912627705509308,0.02699429149810708
5521,0.5637445537606351,0.04657138650906565,0.5374901882550679,0.02625436550556728
5522,0.5444614587142195,0.04932612278182076,0.5176052859517126,0.026856172762506826
5523,0.5764099953465364,0.045350099419076875,0.5502697447514213,0.02614025059511506
5524,0.5527483552345599,0.04316950573553445,0.5288864819429543,0.02386187329160557
5525,0.5381330902903583,0.040767299635525625,0.5161948573546998,0.0219382329356584
5526,0.5974433571730959,0.038374217106661175,0.5745169360760031,0.0229264210970929
5527,0.5636541061962138,0.0461070240276611,0.5376656927785352,0.02598841341767867
5528,0.5745991175655335,0.04977012945653695,0.546001245098685,0.028597872466848497
5529,0.6267063124931327,0.05311529593034946,0.5934186212436419,0.033287691249490804
5530,0.5461854255613968,0.06676571026004577,0.5097189676901048,0.03646645787129202
5531,0.5687301899069191,0.06388305294463974,0.5323979690738804,0.03633222083303873
5532,0.6172891262351647,0.04967661656046411,0.5866242910042365,0.030664835230928205
5533,0.6101884458555493,0.05710343285382642,0.5753445909094562,0.03484385494609306
5534,0.5542235886338935,0.06635520526150854,0.5174479686493216,0.03677561998457188
5535,0.6215765991810988,0.049759366294956434,0.5906473415020731,0.03092925767902561
5536,0.6417621464863479,0.041195517750986635,0.6153244225888582,0.026437723897489628
5537,0.6432099314650869,0.04746768496536227,0.6126782450717099,0.030531686393377
5538,0.6060954135999433,0.0465818119541842,0.5778623910173373,0.028233022582606057
5539,0.5627571041357313,0.05632933808278527,0.5310573689583805,0.03169973517735081
5540,0.6255865380098302,0.045067866202901194,0.597392687616467,0.02819385039336319
5541,0.6327183938432303,0.042752926332522916,0.6056678309620184,0.027050562881211843
5542,0.6314098812056027,0.04089562909830979,0.6055879768948106,0.025821904310792173
5543,0.6002476128223171,0.043717728396934795,0.5740061507140426,0.026241462108274535
5544,0.6029882501506205,0.04559544033396191,0.5754947353687978,0.027493514781822714
5545,0.6025788772871544,0.04462126464451623,0.5756910457345288,0.02688783155262559
5546,0.6300063261856034,0.04671432040482008,0.6005760088071055,0.029430317378497866
5547,0.6575770142181575,0.04221755370509925,0.6298157213051636,0.027761292912993875
5548,0.6529058221873175,0.042104180041929756,0.6254157578995185,0.02749006428779899
5549,0.6355974690374953,0.04457635430067407,0.6072648510650681,0.028332617972427105
5550,0.6013377331642235,0.0433162107743076,0.5752900611679376,0.026047671996285843
5551,0.6301723346941438,0.04523641780181607,0.6016655956747736,0.02850673901937016
5552,0.6098535814739372,0.04393586920663576,0.5830591342831,0.02679444719083729
5553,0.6585103741527312,0.040245921421876815,0.6320080173790896,0.02650235677364152
5554,0.6527484965575239,0.03985433806569981,0.626733637303843,0.026014859253680845
5555,0.6595160292149049,0.037560911743608906,0.6347440058480684,0.024772023366836437
5556,0.6575451654591636,0.03889727895946133,0.6319684477298534,0.025576717729310246
5557,0.6419664110830857,0.04525901696488371,0.6129116423929908,0.029054768690094886
5558,0.6251192066835102,0.045315071260719944,0.5967918852862022,0.02832732139730798
5559,0.6501369974681698,0.03994158238644122,0.6241694970213213,0.02596750044684843
5560,0.6274707740501831,0.040231758967670304,0.6022265211093386,0.025244252940844484
5561,0.6346795533122322,0.03945147287827842,0.6096405101283369,0.02503904318389539
5562,0.6334009460259835,0.04314550739230897,0.606072540826924,0.027328405199059567
5563,0.6470149395048611,0.04608662897113099,0.6171962020491218,0.0298187374557393
5564,0.6425093572214116,0.047149156358085684,0.6122155830762461,0.030293774145165462
5565,0.6177225933975399,0.053528578287837754,0.5846567811966935,0.03306581220084638
5566,0.5947934122869006,0.05474569774407586,0.5622310319176744,0.03256238036922616
5567,0.6352276907187299,0.05001116335025018,0.6034592149135932,0.0317684758051366
5568,0.673794312535347,0.04655399498720466,0.6424264954871695,0.03136781704817756
5569,0.6882690554208194,0.04335489204167844,0.6584292248274218,0.029839830593397617
5570,0.6764240462078807,0.040447144229907604,0.6490646252503328,0.027359420957547835
5571,0.6911297789278038,0.035679878528036654,0.6664703523685509,0.024659426559252868
5572,0.6884962219364862,0.03662430683790641,0.663280525047545,0.025215696888941184
5573,0.6796755770676364,0.03531624960145723,0.6556719847399013,0.024003592327735128
5574,0.6722606629262398,0.03503124623345955,0.6487105341102019,0.02355012881603786
5575,0.6766143545980854,0.03674201034160208,0.6517541829841661,0.02486017161391927
5576,0.6799013202046407,0.040726724339804024,0.6522111665583974,0.027690153646243228
5577,0.6621557640113881,0.038644569259139346,0.6365670397287116,0.025588724282676417
5578,0.6431621189882926,0.03895878906940786,0.6181053016571942,0.02505681733109829
5579,0.6585235271986186,0.030447533365441218,0.6384731101323107,0.020050417066307977
5580,0.6456509131910345,0.03606339433862946,0.62236654970353,0.023284363487504497
5581,0.6392352776633932,0.03366381617765751,0.6177161787818588,0.021519098881534325
5582,0.672928455394839,0.031231899040317226,0.6519116218145908,0.021016833580248227
5583,0.6665936301110766,0.03298786031145248,0.6446041325564684,0.02198949755460822
5584,0.6751520151409725,0.03507374445944414,0.6514719058906392,0.023680109250333228
5585,0.6745053169377007,0.03035597017671165,0.6540300536527064,0.02047526328499428
5586,0.6516306673034558,0.02847408945627246,0.6330760773902067,0.018554589913249115
5587,0.6281760029650162,0.03685771408759374,0.6050228714510442,0.023153131513972004
5588,0.5919443925107515,0.03575575803417614,0.5707789720424497,0.021165420468301818
5589,0.5791727769736067,0.03640621851039823,0.5580872862998314,0.021085490673775263
5590,0.5766173697944795,0.04233977804221965,0.5522035183420928,0.024413851452386753
5591,0.5717919930393239,0.039396537133740125,0.549265368552775,0.022526624486549
5592,0.5839247424689634,0.040819199172942404,0.5600894021041137,0.023835340364849716
5593,0.5904887357943391,0.044100573265885165,0.564447844038761,0.02604089175557816
5594,0.5870846414514892,0.05597994141540721,0.5542196776171495,0.03286496383433971
5595,0.5823191036775631,0.05450270642048437,0.5505811365267853,0.03173796715077782
5596,0.5849801183710599,0.05734961724361422,0.5514317324873554,0.03354838588370442
5597,0.5894984201549917,0.0716103745257434,0.5472842175053587,0.04221420264963299
5598,0.5777329862147564,0.06401754296941774,0.5407479399449032,0.036985046269853196
5599,0.5886187908782485,0.07319178828629216,0.5455367289549545,0.04308206192329405
5600,0.5866865375590402,0.07209338446310425,0.5443903194474689,0.04229621811157134
5601,0.5923838186237388,0.06717788899235953,0.5525887242153632,0.039795094408375566
5602,0.6009685893761982,0.07645455223026967,0.5550218049709842,0.04594678440521404
5603,0.6083589829597579,0.07965359680758954,0.5599010018168061,0.04845798114295179
5604,0.6044436645916592,0.07015963545168472,0.562036117432828,0.042407547158831195
5605,0.6239050789104129,0.07948627698219561,0.5743131869975412,0.049591891912871694
5606,0.606537843389751,0.08065160758892528,0.5576195912568478,0.04891825213290322
5607,0.6065108793464157,0.0848153082594334,0.5550694721519495,0.051441407194466264
5608,0.6167936145442463,0.08506134087362617,0.5643283226488222,0.05246529189542412
5609,0.610502236356622,0.07572379817513694,0.5642726882252834,0.046229548131338595
5610,0.6072708210321403,0.07233141972615077,0.5633460603886203,0.043924760643519925
5611,0.610851401838031,0.07158593981506513,0.5671230301501056,0.043728371687925455
5612,0.5848960940966975,0.07864669594923247,0.5388959488223809,0.04600014527431664
5613,0.5812717160100347,0.07142058478621953,0.5397569501329087,0.041514765877126
5614,0.5941407653687825,0.08062034693469576,0.5462409307367055,0.047899834632076914
5615,0.5882567616414537,0.08084667947840567,0.5406981557820222,0.04755860585943149
5616,0.5803339850564592,0.083574560846643,0.5318328271109833,0.04850115794547585
5617,0.5887235088351689,0.08091069781826003,0.5410894789133008,0.04763402992186809
5618,0.5991271643398552,0.08369264631482859,0.5489846264771535,0.05014253786270169
5619,0.6043399915502955,0.08301094363251828,0.5541731585768374,0.05016683297345815
5620,0.6038674588067814,0.08125088507770245,0.5548026933091074,0.04906476549767401
5621,0.5971305084492271,0.08415003582807137,0.5468819547691902,0.05024855368003694
5622,0.5901106510648261,0.07828112947406732,0.5439161227847943,0.04619452828003181
5623,0.5814885970556458,0.06341831142189808,0.5446115721192882,0.03687702493635755
5624,0.5720285879965141,0.0583246614273185,0.5386652142748704,0.03336337372164375
5625,0.5843035308640082,0.06193001496338211,0.5481176044544431,0.03618592640956503
5626,0.5907000282852726,0.06186420992132385,0.5541568377349005,0.036543190550372036
5627,0.5793009035198665,0.06425282197151529,0.5420791856980666,0.037221717821799935
5628,0.5796449898928092,0.05814892511868689,0.5459392567801102,0.033705733112698984
5629,0.5810791910560563,0.05777661384719055,0.5475064030197727,0.03357278803628363
5630,0.5757610108374929,0.061260234977654184,0.5404897560226164,0.03527125481487651
5631,0.5634512921289412,0.05292707444305616,0.5336294636453965,0.029821828483544654
5632,0.5738450165119072,0.04622899306605767,0.5473167392225865,0.02652827728932071
5633,0.5654870083093378,0.05212073213454416,0.5360134114236821,0.029473596885655744
5634,0.570043516824257,0.04957888855590359,0.5417813928316119,0.028262123992645192
5635,0.5691267612970323,0.041081162148038135,0.5457463725334012,0.02338038876363118
5636,0.556963837350069,0.031770101331805946,0.5392690397993058,0.01769479755076318
5637,0.5543756587183755,0.03695229269152425,0.5338902071163575,0.02048545160201797
5638,0.5465703908074256,0.04017213860693416,0.5246134893094636,0.021956901497962075
5639,0.5501248915758284,0.04061960064613757,0.5277790381745185,0.022345853401309883
5640,0.5616668770122336,0.04239449511317395,0.5378552933395068,0.02381158367272681
5641,0.5792000251028168,0.04524722581093764,0.5529928307772889,0.0262071943255279
5642,0.5725538920984118,0.05124812749665074,0.5432115772374487,0.029342314860963017
5643,0.5713993255529651,0.05254392541660921,0.5413757620080093,0.030023563544955806
5644,0.5827173807105942,0.05237413017034604,0.5521980647607344,0.03051931594985975
5645,0.580258629781839,0.047473706951751744,0.5527116016353509,0.02754702814648803
5646,0.5728814186503076,0.04413553936398659,0.5475969882465704,0.025284430403737134
5647,0.5791831818031017,0.04278402542490843,0.5544033938271584,0.024779787975943265
5648,0.5778389714982817,0.04213101994073461,0.553494026267554,0.02434494523072768
5649,0.5730610968506806,0.04435364887115113,0.5476437461792488,0.02541735067143182
5650,0.5674766965059528,0.0523291472505011,0.5377811248932649,0.029695571612687925
5651,0.5746504455074417,0.05088845599066448,0.5454073716012205,0.029243073906221186
5652,0.5701598977424367,0.049896273205359665,0.5417110437139402,0.02844885402849655
5653,0.5826461834122556,0.04298695032577724,0.5576000008684092,0.02504618254384633
5654,0.5805446019001013,0.043716837189674174,0.5551650280574904,0.025379573842610935
5655,0.5771008587976889,0.044910214269071956,0.5511831355742193,0.02591772322346965
5656,0.5890416523992813,0.04117965993047897,0.5647851174685915,0.024256534930689806
5657,0.5655322292290037,0.03954110266336893,0.5431704612936158,0.022361767935387928
5658,0.5733652757073696,0.04162580345749901,0.5494984854314199,0.023866790275949696
5659,0.5839414499279213,0.04202474781735921,0.5594014577545973,0.024539992173323984
5660,0.5660498918112163,0.04688721404412952,0.5395093893742074,0.02654050243700886
5661,0.5652135967769554,0.052475138648621626,0.5355539349199985,0.02965966185695685
5662,0.5712750210243325,0.05284792074301896,0.5410843239907721,0.03019069703356041
5663,0.5756474519546613,0.04729569023910399,0.5484218083800841,0.027225643574577154
5664,0.5950969279874024,0.058240851662469874,0.5604379760796966,0.03465895190770582
5665,0.6051774645650693,0.0612097981906782,0.568134674089495,0.0370427904755742
5666,0.6154044192628381,0.08009699669280725,0.5661123735284036,0.049292045734434506
5667,0.602110717210774,0.07402797792937325,0.5575376783260557,0.04457303888471828
5668,0.5976105015046729,0.07194565268103603,0.5546150239248779,0.04299547757979495
5669,0.5879579226450293,0.05919241019293781,0.5531552761116372,0.03480264653339218
5670,0.6007131475114956,0.06095706820421018,0.5640954352074716,0.03661771230402401
5671,0.6047778587040945,0.0627152982527013,0.5668490349188372,0.03792882378525733
5672,0.5906226868383545,0.0649766424375196,0.5522460077001716,0.03837667913818288
5673,0.5995577117066438,0.07204207813062528,0.5563643281960549,0.04319338351058895
5674,0.6084262583116362,0.07016972504178819,0.5657331550577047,0.04269310325393151
5675,0.6021522168223395,0.07256627174642172,0.5584562754236994,0.043695941398640144
5676,0.597899701185448,0.07640007075829494,0.5522201217085163,0.04567957947693163
5677,0.6174001672063361,0.07499117738104517,0.5711006017522787,0.0462995654540573
5678,0.6175069239890277,0.09460101160128924,0.5590901443088653,0.05841677968016245
5679,0.6085346459641087,0.09768071296600968,0.5490925478818163,0.059442098082292415
5680,0.60863265550417,0.08890294860829918,0.5545234178105501,0.05410923769361989
5681,0.596973010633033,0.08739237329979013,0.5448021224378914,0.0521708881951416
5682,0.5998903745311561,0.08772217001982023,0.5472666891032804,0.05262368542787572
5683,0.6131997119758189,0.09574966278315489,0.5544860463354065,0.05871366564041236
5684,0.6232041266373506,0.0977107574121854,0.5623103794012155,0.06089374723613503
5685,0.6039612767139749,0.08393510958045954,0.5532677207706332,0.050693555943341725
5686,0.5992226152854241,0.08114044657691374,0.5506014246821787,0.04862119060324549
5687,0.6035601798141903,0.07920050658524054,0.5557579078182275,0.04780227199596274
5688,0.6070644736305353,0.07459875916804153,0.561778217162697,0.045286256467838196
5689,0.6149183321099732,0.0657403729746831,0.5744933716080934,0.040424960501879686
5690,0.6240090093205677,0.06649653920806381,0.5825145697660975,0.041494439554470186
5691,0.6024282979812511,0.05030594530599055,0.5721225729722252,0.030305725009025793
5692,0.5944172624641122,0.045710542612963354,0.5672461268583654,0.027171135605746823
5693,0.5674171611279483,0.04136235927197326,0.5439474486522909,0.023469712475657337
5694,0.5997900396506228,0.04636565048920015,0.5719803843052785,0.027809655345344277
5695,0.603114687708768,0.04916654786479083,0.5734616205475764,0.029653067161191513
5696,0.5965237637364117,0.04862364562803613,0.56751860363979,0.029005160096621633
5697,0.5829653801325836,0.04590728373023619,0.556203023021932,0.02676235711065151
5698,0.5940555596441561,0.04033531745549359,0.5700941400597082,0.023961419584447946
5699,0.6082526707389313,0.038204558289550786,0.5850146461249108,0.02323802461402044
5700,0.6165390980621734,0.04193087482541058,0.5906870743163569,0.025852023745816535
5701,0.6229973057882022,0.040668888557874316,0.5976606977872458,0.025336608000956343
5702,0.6270136286988047,0.03648205841342324,0.6041388808706024,0.02287474782820226
5703,0.6300430801317874,0.03480541467725188,0.6081141694632676,0.021928910668519895
5704,0.6188542948901635,0.03412645034058563,0.5977349945275362,0.0211193003626273
5705,0.6121927136862341,0.03374936521115794,0.5915315982124275,0.020661115473806564
5706,0.6021112543282509,0.03812622695780097,0.5791550239918858,0.022956230336365114
5707,0.6066968466442222,0.040817896060682014,0.5819327578175548,0.024764088826667398
5708,0.5952812559145378,0.042962415014687935,0.5697065355474729,0.02557472036706503
5709,0.6069315334117715,0.051277181494806916,0.5758097950180947,0.031121738393676875
5710,0.6003356358113837,0.055860177610187745,0.5668007805692349,0.03353485524214888
5711,0.5973482519014847,0.06348632874020713,0.559424804408879,0.03792344749260571
5712,0.6012157705441245,0.06720648272221566,0.5608101732487272,0.04040559729539727
5713,0.6064132411564704,0.056137953968106544,0.5723704425387782,0.03404279861769223
5714,0.60514895865107,0.05548418505320432,0.5715727618445201,0.03357619680654986
5715,0.6016693810865265,0.05605352765975049,0.5679436897917679,0.03372569129475857
5716,0.5922946480144818,0.051621257035236456,0.5617196537487313,0.03057499426575047
5717,0.5876955697300009,0.04944480163255803,0.5586370788643679,0.02905849086563307
5718,0.5804210746824684,0.053911988452248163,0.5491294204067457,0.031291654275722704
5719,0.5923296593648983,0.05436911997709755,0.5601252170488948,0.03220444231600348
5720,0.6006468181005226,0.050060018780970224,0.5705784271056804,0.030068390994842164
5721,0.5878939001848472,0.04917473584988611,0.5589843729354981,0.028909527249349174
5722,0.5934945361891214,0.04739580153589486,0.5653653869392639,0.028129149249857568
5723,0.5981484030585562,0.04566757179058599,0.5708324179204552,0.02731598513810098
5724,0.590759393298496,0.05127945375959899,0.560465574306797,0.03029381899169898
5725,0.5795071273983309,0.045119360995688466,0.5533601361176712,0.02614699128065972
5726,0.5799203797905493,0.05067826801780209,0.5505310193545383,0.02938936043601104
5727,0.5844648652707845,0.0466911542605019,0.5571755260865828,0.02728933918420166
5728,0.5816162447762481,0.04915477240081146,0.553027030639657,0.028589214136591122
5729,0.5710854505634521,0.05077975697191606,0.5420858701736427,0.028999580389809276
5730,0.5749346854391899,0.05427983337483491,0.5437273265121375,0.031207358927052353
5731,0.5792257016949907,0.049235065406395113,0.5507074863869726,0.02851821530801797
5732,0.5715005530269798,0.04590039504681355,0.545268451873569,0.02623210115341079
5733,0.5676962815286294,0.043708557772787794,0.5428830958100385,0.024813185718590904
5734,0.5581730413728074,0.041177279339759586,0.5351889941282761,0.022984047244531274
5735,0.5589132174476609,0.040405454330360344,0.5363300749654446,0.022583142482216222
5736,0.5601201083608001,0.03718088590987937,0.5392943465160078,0.02082576184479218
5737,0.5744808239470366,0.035084772650431535,0.5543252948468222,0.020155529100214363
5738,0.5434093702278431,0.03602470888373621,0.5238332058606906,0.01957616436715248
5739,0.5258208791728171,0.03741444970181529,0.5061475803368414,0.01967329883597566
5740,0.5508430667393808,0.03878165949116018,0.5294804584920277,0.021362608247353084
5741,0.5302287428548387,0.041906778197913025,0.5080085645338627,0.022220178320975986
5742,0.5338089909983386,0.051359431685941495,0.506392864591818,0.027416126406520528
5743,0.5372083206789195,0.05020950828312312,0.5102353550520287,0.026972965626890874
5744,0.5280016299100476,0.05360950579840727,0.49969572346981644,0.028305906440231187
5745,0.5342187214196599,0.05642585219838788,0.5040749748032224,0.030143746616437476
5746,0.5308734709334116,0.05223263022967301,0.5031445532274037,0.027728917706007952
5747,0.5312307760172822,0.061131687371110716,0.49875574229588115,0.032475033721401037
5748,0.5309424426466236,0.05794721456856205,0.5001758069990232,0.03076663564760035
5749,0.5583233670399024,0.04761105378377434,0.5317410031830276,0.026582363856874774
5750,0.5310134407812465,0.053835875785350804,0.5024258671429955,0.02858757363825092
5751,0.5343773362354906,0.0571711274361497,0.5038263814465811,0.030550954788909446
5752,0.5240992267363956,0.05886575197444428,0.4932477316453329,0.030851495091062702
5753,0.5202926606916145,0.060562045107053694,0.48878267310594,0.03150998758567454
5754,0.5116028683790098,0.06435501906974726,0.47867865602834125,0.03292421235066857
5755,0.5382950621771633,0.05237769727129273,0.5101004063678161,0.028194655809347158
5756,0.528023150781278,0.04799202730699408,0.5026822493102578,0.02534090147102015
5757,0.5290564619286524,0.05806390310388671,0.498337378786742,0.0307190831419104
5758,0.5232412425479739,0.06482696016017908,0.48932110336315376,0.033920139184820106
5759,0.5140864763447189,0.06625633236686822,0.4800249919027111,0.034061484442007836
5760,0.5012803962899378,0.05770184545516017,0.4723555923335144,0.028924803956423436
5761,0.5092663685801609,0.043144248681063514,0.48729445372923635,0.021971914850924614
5762,0.5018564073350328,0.040333635201228006,0.4816147140781827,0.0202416932568501
5763,0.4916357230847851,0.04503423743153569,0.46949528320156014,0.022140439883224942
5764,0.5328949260028936,0.04947153677168302,0.5065317950756981,0.02636313092719545
5765,0.5322422371875303,0.048920032264801495,0.5062049297716261,0.026037307415904112
5766,0.5330207709275459,0.044115751916099025,0.5095061588311784,0.02351461209636746
5767,0.5323503704205003,0.04489450962814154,0.5084507615901124,0.023899608830387862
5768,0.5124590309480817,0.04396194707260673,0.48993033415266274,0.022528696795418898
5769,0.5179438874287929,0.04188320851183631,0.49625073559418176,0.021693151834611207
5770,0.5165245373208986,0.04499404168748529,0.4932840107560731,0.023240526564825566
5771,0.5164400091519267,0.041898283670602825,0.49480205914963055,0.021637950002296142
5772,0.5132520364996502,0.04082229072484705,0.4922999126505417,0.02095212384910853
5773,0.5284171200315217,0.03903019093744486,0.5077928989420767,0.020624221089445012
5774,0.5149663380080448,0.040734458255198884,0.49398946320962345,0.02097687479842134
5775,0.5181569594683435,0.0422759868474272,0.49625136266495695,0.021905596803386558
5776,0.5111924869456304,0.04618159796612851,0.48758480103020185,0.023607685915428497
5777,0.519059783511012,0.04456198417956259,0.4959294496499471,0.023130333861064903
5778,0.5312771156714603,0.04627168517436817,0.5066940282347641,0.024583087436696193
5779,0.5396114431694568,0.06139156411909165,0.5064838526567235,0.033127590512733285
5780,0.5814870408722583,0.059954262427678255,0.5466244142255089,0.034862626646749446
5781,0.5694053544690273,0.06573419886871336,0.53197594966145,0.03742940480757726
5782,0.5403174424557873,0.06556365088733339,0.5048922582902792,0.035425184165508085
5783,0.5400447911458801,0.06274898952172706,0.506157526205004,0.033887264940876106
5784,0.520237692894014,0.058053029703622215,0.4900363186554939,0.030201374238520085
5785,0.5259162578608184,0.0622724108097201,0.49316618459979883,0.03275007326101957
5786,0.5206189791629063,0.07592416110162521,0.48109141991637816,0.03952755924652816
5787,0.5376044005787833,0.07104934895199681,0.4994079579239323,0.03819644265485105
5788,0.5333713068739123,0.06429436447621369,0.4990785376686066,0.03429276920530574
5789,0.5243357359907327,0.0708076334973852,0.48720876336711916,0.03712697262361352
5790,0.5380511537652585,0.06760400022066422,0.5016767434473833,0.036374410317875173
5791,0.5413346879614214,0.0687825649087183,0.5041002996493741,0.037234388312047235
5792,0.5170689262684933,0.0696494533965589,0.4810553581855471,0.036013568082946174
5793,0.5108140845604002,0.06698846957002111,0.4765954308008877,0.03421865375951256
5794,0.5128158682227544,0.06910586823664994,0.4773772824036895,0.0354385858190649
5795,0.5025167320317355,0.06849699473757,0.4680958460822169,0.03442088594951866
5796,0.5056272238398418,0.0592469072854474,0.47567037458800454,0.02995684925183727
5797,0.5289835944656015,0.05774809946513829,0.49843579723697556,0.030547797228625932
5798,0.5247823582808459,0.06038265160768049,0.4930946079709166,0.03168775030992928
5799,0.5141740642269923,0.060058634443840915,0.4832934720630794,0.03088059216391291
5800,0.5205137398758768,0.059121224446629005,0.4897403302331208,0.03077340964275598
5801,0.5192433550323983,0.05906941848915609,0.48857195199627607,0.030671403036122185
5802,0.5189947538688169,0.05459285918227461,0.4906613463545173,0.028333407514299594
5803,0.5398740890182254,0.05418836312920703,0.5106191958384559,0.02925489317976944
5804,0.5360628059335099,0.05403113023963754,0.5070987266494908,0.028964079284019017
5805,0.5297935392555042,0.05367484617364854,0.5013569525321722,0.028436586723332016
5806,0.5289176634688034,0.052315418062195265,0.5012471147839535,0.027670548684849954
5807,0.5368614988409199,0.056003379218986384,0.5067954407332584,0.03006605810766146
5808,0.5412784170120355,0.051311512876294534,0.5135046025478621,0.02777381446417338
5809,0.5417919288177,0.05054492477768378,0.5144070965304531,0.027384832287246853
5810,0.5374438165056917,0.04752878609149827,0.5118997643147942,0.02554405219089747
5811,0.5486324447410764,0.05247884605390965,0.5198408471333293,0.028791597607747042
5812,0.5614142630814559,0.0439257222562757,0.5367537360906282,0.02466052699082773
5813,0.5778601324695748,0.043534365593758846,0.5527033582005864,0.025156774268988387
5814,0.585860830383647,0.05003782574027757,0.5565456282448558,0.029315202138791244
5815,0.5844011031286819,0.05021597436054557,0.5550548323176975,0.029346270810984437
5816,0.5977322948876598,0.05270861538700364,0.566226653252035,0.0315056416356247
5817,0.5954042037704737,0.05189469762211887,0.5645058826528665,0.030898321117607177
5818,0.5734824031425075,0.05801701087225837,0.5402106683243398,0.03327173481816772
5819,0.5637718638249031,0.057112680771943654,0.5315733413380677,0.03219852248683538
5820,0.5534173340978185,0.05600703180914354,0.5224220718632705,0.03099526223454794
5821,0.5603009802423099,0.0521899672304825,0.5310588904442565,0.029242089798053376
5822,0.5521910405965214,0.04861185708209633,0.5253480086490292,0.02684303194749215
5823,0.5564491456555285,0.04847413517608793,0.5294757545504037,0.02697339110512473
5824,0.5431570636302728,0.04697315956893552,0.5176432602093736,0.02551380342089927
5825,0.5352914574409041,0.044817620381428266,0.5113009681078962,0.023990489333007906
5826,0.534463087231509,0.04894722042648396,0.5083026046909692,0.026160482540539796
5827,0.5357087461946267,0.046908524348849505,0.5105794394298644,0.025129306764762285
5828,0.5315531543259203,0.04883673968037923,0.5055938313018209,0.025959323024099416
5829,0.529924906636075,0.0505532740645072,0.5031354675972932,0.026789439038781893
5830,0.5346610070413076,0.04787265125628459,0.5090653671108851,0.02559563993042244
5831,0.5294863411948586,0.048516508711102364,0.5037975125098685,0.025688828684990075
5832,0.5403607845919532,0.048720615771081804,0.5140340744280884,0.026326710163864855
5833,0.5615391464513229,0.05462812765114108,0.5308633142778671,0.03067583217345567
5834,0.5677000829879811,0.052815707598898025,0.5377166014010177,0.029983481586963356
5835,0.5651502497905769,0.048273487275189,0.5378684763987416,0.0272817733918353
5836,0.5774394713779729,0.050944312214290965,0.5480222146632383,0.029417256714734583
5837,0.5762946961232753,0.049578557072455766,0.547722836640974,0.02857185948230136
5838,0.5738560419931379,0.05036910571286615,0.5449514263500186,0.02890461564311932
5839,0.5774084925723343,0.0383979586060871,0.5552371851757386,0.022171307396595643
5840,0.5799625810725397,0.051411170827788955,0.550146025743294,0.02981655532924574
5841,0.5729324091589172,0.05142491666091658,0.5434694077655817,0.029463001393335474
5842,0.5662028949117803,0.043958088781990645,0.5413136977886281,0.02488919712315216
5843,0.5796621943068745,0.049209594014025186,0.5511372530597543,0.028524941247120274
5844,0.5711529825034274,0.056022604344422675,0.5391555049445009,0.03199747755892648
5845,0.5850303044178671,0.06268105231870756,0.5483599892986213,0.03667031511924574
5846,0.5849667410057611,0.061091526768365746,0.5492302296890039,0.035736511316757126
5847,0.592028216927448,0.05321921025497073,0.5605209427739107,0.031507274153537275
5848,0.597110050969978,0.056273798271143226,0.5635084004160215,0.03360165055395659
5849,0.6046781049201337,0.0680465307354689,0.5635318576686208,0.04114624725151297
5850,0.6047528734598357,0.08313436285296719,0.5544771286412512,0.05027574481858453
5851,0.6159966186053764,0.08340146939641711,0.5646215954704636,0.05137502313491272
5852,0.6046539566665944,0.08687418336140962,0.5521251379649388,0.052528818701655544
5853,0.6159112734834978,0.0971154087387858,0.5560967984123218,0.059814475071175974
5854,0.6188539746321331,0.09903613312388578,0.5575650700162194,0.06128890461591376
5855,0.6052895933032237,0.08113115433605286,0.5561817498909333,0.04910784341229051
5856,0.6020620785862326,0.07974026520765666,0.5540534887682934,0.048008589817939214
5857,0.6108149563527235,0.08333517090113092,0.5599125875761025,0.05090236877662104
5858,0.6053333564936909,0.08466396101635233,0.5540834367976114,0.05124991969607955
5859,0.6158718539009984,0.08879137897669427,0.5611877427201956,0.05468411118080284
5860,0.6161039051323237,0.0826630057913526,0.5651749044542955,0.05092900067802823
5861,0.6019341642152551,0.07507729269629658,0.5567425767845657,0.045191587430689364
5862,0.6030326971422941,0.08887051465346453,0.5494408709943917,0.05359182614790249
5863,0.6144406815702674,0.08337680573829703,0.5632105802252764,0.051230101344991015
5864,0.5972636508677387,0.07677762898788597,0.5514071638734652,0.0458564869942735
5865,0.6024380530131008,0.07406263242376412,0.5578199049347035,0.04461814807839741
5866,0.6082818174292228,0.08135471186872852,0.5587952254372819,0.04948659199194094
5867,0.6161356232551871,0.07407723456623698,0.570494000166698,0.04564162308848911
5868,0.6021754739570416,0.06578039588981206,0.5625641328850122,0.03961134107202941
5869,0.6042340269985333,0.05356725456979996,0.5718668690545675,0.032367157943965816
5870,0.605355054582461,0.05688669295798416,0.5709184074618647,0.0344366471205962
5871,0.6110454055132025,0.05020930808658042,0.5803652384929007,0.03068016702030185
5872,0.6171713688667069,0.043563255407959744,0.5902853748942863,0.026885993972420485
5873,0.6216980794190451,0.04072103911822122,0.5963818876072992,0.025316191811745936
5874,0.6274684627622032,0.030603868004268734,0.6082655007509874,0.01920296201121588
5875,0.6226222459877352,0.027948446070448187,0.6052209217234856,0.01740132426424954
5876,0.6172021673320298,0.030141312011335446,0.5985988842324026,0.01860328309962718
5877,0.6209726972353945,0.028865466327117104,0.6030480307532872,0.017924666482107363
5878,0.621383466413464,0.029924741940254903,0.6027887265351001,0.01859473987836396
5879,0.6149752881617221,0.03140724097390252,0.5956606110934317,0.019314677068290344
5880,0.6034655596137888,0.03500440142783826,0.5823416089171927,0.021123950696596124
5881,0.6172928900477167,0.03551475079402534,0.5953698868907483,0.021923003156968345
5882,0.6212306133796369,0.03234564596603099,0.6011365078959989,0.02009410548363801
5883,0.6146645518223488,0.03328807606001942,0.5942035514698887,0.020461000352460096
5884,0.6231019732602434,0.036253166263182465,0.6005125538247227,0.022589419435520678
5885,0.6287449379731186,0.03784771195917745,0.6049483806649211,0.023796557308197488
5886,0.6210048292128253,0.03529447290185136,0.5990867910962544,0.021918038116570893
5887,0.620003474039755,0.036702137217113566,0.5972480214604607,0.022755452579294195
5888,0.6150977803525891,0.04184077128500433,0.5893616148069426,0.025736165545646512
5889,0.594829366195215,0.049959223614136586,0.5651121528772131,0.02971721331800188
5890,0.5962461671636886,0.04821678288940032,0.5674970951729199,0.028749071990768663
5891,0.6098369160857119,0.05489237747140815,0.5763615178919356,0.03347539819377635
5892,0.6008222923504112,0.057723771832631283,0.5661405634348176,0.034681728915593624
5893,0.595877522239134,0.05648240033567763,0.5622209294769916,0.03365659276214242
5894,0.57315139079187,0.0585779913019519,0.5395773336073623,0.033574057184507795
5895,0.5921080146111998,0.056192569084609414,0.558835944094609,0.033272070516590764
5896,0.573955125334434,0.05174576271273278,0.5442553796111216,0.029699745723312427
5897,0.5763523522840611,0.052152860581436845,0.5462939284096073,0.030058423874453812
5898,0.5755833479553273,0.04843323484072973,0.5477059844933935,0.02787736346193382
5899,0.569448716296031,0.046544279156663454,0.5429441362793449,0.026504580016686118
5900,0.5647075664487045,0.04546823708745462,0.5390313089323352,0.02567625751636923
5901,0.5534565853106437,0.043071028753675855,0.5296186408108177,0.02383794449982599
5902,0.5479708842925043,0.04647979176413018,0.5225013116977825,0.025469572594721875
5903,0.5383729732704751,0.0448415322588355,0.5142315042222819,0.024141469048193188
5904,0.5282497424459243,0.04300257634024976,0.5055336425696761,0.022716099876248133
5905,0.5469669468438899,0.04155817653636339,0.5242359979073958,0.02273094893649407
5906,0.5553368398983042,0.04331751096867647,0.5312810302446993,0.024055809653604918
5907,0.5682369547197254,0.04449713520495584,0.5429520381171093,0.025284916602615986
5908,0.554716001316579,0.04140342312335887,0.531748860000771,0.022967141315808022
5909,0.564276326432844,0.035958405885091416,0.5439858492556234,0.02029047717722054
5910,0.571180704427156,0.03796647234414702,0.549494988009012,0.02168571641814403
5911,0.5938134030228595,0.04121455380754135,0.5693396485723345,0.024473754450524878
5912,0.5998705909643228,0.039794699445675985,0.5759989210905976,0.023871669873725264
5913,0.5963644370143902,0.03880464026482599,0.5732227295693113,0.02314170744507889
5914,0.5727793384849497,0.03863663074092454,0.5506490746878756,0.02213026379707403
5915,0.5744912949620345,0.05233095638340311,0.5444276160627315,0.030063678899303004
5916,0.559710083270863,0.04703390593836717,0.5333847318615456,0.026325351409317427
5917,0.5768923857397903,0.04381969369215734,0.5516131381033348,0.025279247636455487
5918,0.5909912341761583,0.057847943468543384,0.5568036066711312,0.03418762750502709
5919,0.5853146131374316,0.046295329046708064,0.5582172805263875,0.02709733261104403
5920,0.5858330850390981,0.05212569021650986,0.5552961311297678,0.030536953909330308
5921,0.5878051879297161,0.05926381135829151,0.5529696121568244,0.034835575772891786
5922,0.5828005133456566,0.058469668943108725,0.5487243602704622,0.03407615307519436
5923,0.5961045866573734,0.061059765789362494,0.5597065802101094,0.03639800644726396
5924,0.5732096152111492,0.06719285783853386,0.5346940230245858,0.038515592186563447
5925,0.5725059096038115,0.07212092004822518,0.5312162566701386,0.04128965293367293
5926,0.5851628087491435,0.07425643033212757,0.5417107074083106,0.04345210134083287
5927,0.5790787206077659,0.07441386130296168,0.5359872370089631,0.04309148359880279
5928,0.5770332918132272,0.07550470433685687,0.5334645637223462,0.043568728090880963
5929,0.5951490183203804,0.0782969268166238,0.5485506791879641,0.04659833913241632
5930,0.5798421270134938,0.07709960925282995,0.5351365255924236,0.04470560142107017
5931,0.5851427190635156,0.07091594947116875,0.543646767564985,0.04149595149853056
5932,0.5948256497447663,0.06631985666166129,0.5553768979150138,0.039448751829752444
5933,0.598109840504589,0.06340914573656975,0.5601842064615571,0.037925634043031974
5934,0.5752772886670067,0.05798485834611321,0.5419199165739143,0.03335737209309246
5935,0.5679761163510707,0.03783370814686773,0.5464874737306529,0.021488642620417796
5936,0.5591332675037343,0.04120463257778248,0.5360943866542279,0.023038880849506334
5937,0.5712367579098889,0.03854574716803713,0.5492180102664052,0.022018747643483813
5938,0.5976258990458306,0.04704685321889858,0.5695094810936091,0.028116417952221494
5939,0.5969016368111051,0.04829200741111177,0.5680760585425184,0.02882557826858663
5940,0.5980441781532732,0.04912597116506997,0.5686646771018775,0.029379501051395664
5941,0.6148545409087046,0.04458423351970547,0.5874417224761797,0.027412818432524987
5942,0.6158034338782182,0.05919870617679354,0.5793486673334011,0.03645476654481715
5943,0.6188847232197834,0.06064510480706783,0.5813523943166264,0.03753232890315693
5944,0.6070698429836846,0.05736523152280782,0.5722451408904109,0.03482470209327366
5945,0.5853337044021683,0.05280895703407182,0.5544228419558,0.030910862446368197
5946,0.616531292510003,0.05996082709091573,0.579563566283672,0.03696772622633108
5947,0.6070940379053769,0.05246087078780024,0.575245356026779,0.03184868187859788
5948,0.5981430200866337,0.05699131407101331,0.5640540633694919,0.03408895671714176
5949,0.5960453703229864,0.054338146352921356,0.5636573697573948,0.03238800056559164
5950,0.6066404730769462,0.04866688180824766,0.5771171728736111,0.029523300203335188
5951,0.59143869458466,0.04570212217346541,0.564408691106637,0.027030003478023028
5952,0.5951478908247466,0.046187955117562546,0.5676592267550212,0.02748866406972541
5953,0.6279896068059685,0.049581221883798966,0.5968531147702021,0.031136492035766395
5954,0.6266442961563173,0.04810884838583832,0.5964971607206827,0.030147135435634638
5955,0.6222541697553928,0.04309442440199444,0.5954384844780433,0.02681568527734959
5956,0.6190184190636022,0.04419390652888484,0.5916615769118473,0.0273568421517549
5957,0.6117122737268411,0.041843550886807614,0.5861160600730673,0.025596213653773865
5958,0.600449677423343,0.03891921703454231,0.577080646109383,0.023369031313960006
5959,0.6151009667985509,0.033359648095797396,0.5945814150027664,0.020519551795784415
5960,0.611630745504707,0.037830947064692734,0.5884921751483798,0.02313857035632712
5961,0.6265722956105894,0.048685601806917084,0.5960672463232463,0.030505049287343093
5962,0.6303612358400289,0.04274562867718003,0.6034160485203227,0.02694518731970618
5963,0.6254655756322419,0.03670568976647132,0.6025074302534774,0.022958145378764474
5964,0.6243753444317867,0.03842507618217875,0.6003836742557211,0.0239916701760655
5965,0.6375506939663281,0.033140356566521326,0.6164220366390509,0.02112865732727723
5966,0.6229390779859157,0.03368904684948682,0.6019528542032722,0.02098622378264364
5967,0.6184908669966831,0.037945478876006154,0.5950219348680578,0.023468932128625372
5968,0.610809227446612,0.03729709997810271,0.588027814622988,0.022781412823623965
5969,0.6054294272235575,0.03317870342429778,0.5853420638133646,0.02008736341019289
5970,0.6123052482117847,0.037420594698948983,0.5893924216864121,0.022912826525372552
5971,0.6281361431578406,0.04076733567475776,0.6025287061602772,0.02560743699756338
5972,0.6272449246520501,0.04088035210661228,0.6016029312751887,0.025641993376861297
5973,0.6395138095942805,0.04362772543782357,0.6116132766956046,0.02790053289867585
5974,0.6372774919201709,0.04222326853672029,0.610369553246418,0.02690793867375297
5975,0.6289457564130216,0.04487408579146759,0.6007223905815642,0.02822336583145741
5976,0.6255286497226931,0.04698944424213461,0.5961354061146908,0.02939324360800224
5977,0.6274016596434555,0.04254981997289582,0.6007058319749304,0.02669582766852509
5978,0.6065668455649075,0.05243556258519519,0.5747611717721843,0.03180567379272313
5979,0.5993397092374635,0.046450516166011833,0.5715000703845958,0.02783963885286763
5980,0.6002099479797144,0.052658781690185515,0.568603623360773,0.03160632461894138
5981,0.5880361387294666,0.0472162698405112,0.5602712657272438,0.027764873002222773
5982,0.5856939492326942,0.05738201434584616,0.5520856506355485,0.03360829859714575
5983,0.5711657830225987,0.059983592606836146,0.5369052073828066,0.03426057563979213
5984,0.5699168954560427,0.060400784119933305,0.5354934680872997,0.034423427368743036
5985,0.5641319419338867,0.054789163207057505,0.5332236248969567,0.03090831703693001
5986,0.5570845856440118,0.05336116070400738,0.5273579055437363,0.029726680100275474
5987,0.5741109235797748,0.05131159105635511,0.544652378648063,0.029458544931711746
5988,0.56961109553162,0.054562999406593045,0.5385314056641395,0.0310796898674806
5989,0.5852510930972149,0.05245130612031843,0.5545539088559219,0.030697184241293002
5990,0.5680881813325479,0.0613149418816014,0.5332558875105181,0.03483229382202981
5991,0.5750650292431737,0.06809165996897401,0.5359078968118994,0.03915713243127428
5992,0.5954200284379971,0.061948670658613446,0.5585345491927494,0.03688547924524774
5993,0.586925976671242,0.057314242886439055,0.553286758687946,0.03363921798329603
5994,0.5895124972823521,0.060038936324579795,0.5541187939954729,0.03539370328687916
5995,0.5865331021274838,0.06375128212103834,0.5491408648604268,0.03739223726705701
5996,0.5785840476424423,0.06368940623171375,0.5417343731929536,0.03684967444948873
5997,0.5779724105805158,0.05928700064350838,0.5437061599024987,0.034266250678017134
5998,0.5740954416369204,0.05605560654399004,0.541914173441823,0.03218126819509741
5999,0.5700847995763761,0.06268706953057611,0.5343478541070074,0.035736945469368835
6000,0.5705209099084279,0.059035991282212465,0.536839642444754,0.03368126746367387
6001,0.5875360258883018,0.0586635679206512,0.5530690663277739,0.03446695956052787
6002,0.5817026955343282,0.062843143300582,0.5451466696805296,0.03655602585379861
6003,0.5829124392768568,0.07089325677068489,0.5415878780443762,0.041324561232480475
6004,0.5672718028433328,0.0672815648489386,0.5291048682533548,0.03816693458997801
6005,0.5620092180136078,0.06950695067863003,0.5229456710162006,0.039063546997407265
6006,0.5716498488719356,0.06680784878291972,0.5334591522117205,0.038190696660215184
6007,0.5868697084109132,0.07118314507597295,0.5450944768164052,0.04177523159450798
6008,0.575537982260295,0.08385163790613533,0.527278179770577,0.048259802489717986
6009,0.5667638542631628,0.08768228944079087,0.5170687019490819,0.04969515231408085
6010,0.5594078636959006,0.09138921915029409,0.5082840158461981,0.0511238478497025
6011,0.5635675932428446,0.09327262984239963,0.5110021617271326,0.05256543151571188
6012,0.5508024120122185,0.09608416772955049,0.4978790206705955,0.05292339134162297
6013,0.5766180232353634,0.0820613052683151,0.5292999956074338,0.04731802762792956
6014,0.5584127028093138,0.07869082814605026,0.5144707447779746,0.04394195803133915
6015,0.5634456408585115,0.07724908737137487,0.519919979318812,0.04352566153969946
6016,0.5656877410463876,0.07856089345919369,0.5212468066908704,0.04444093435551721
6017,0.564859841942454,0.08240110716751772,0.5183147655719267,0.04654507637052727
6018,0.5616605626723605,0.08482203055115818,0.5140193732659849,0.047641189406375656
6019,0.5671246485287822,0.07594030752067818,0.5240570283169499,0.04306762021183225
6020,0.5540890099986403,0.0731819247752015,0.513539709750154,0.04054930024848637
6021,0.5496359721518495,0.06958415898682649,0.5113900152807562,0.03824595687109323
6022,0.5331768006052878,0.06652712719731976,0.4977060797727598,0.03547072083252798
6023,0.5409208331336607,0.0657378672721229,0.505361851200394,0.035558981933266724
6024,0.538138257357016,0.06498688461704741,0.5031663285181367,0.03497192883887937
6025,0.5633565067683852,0.060731822974121254,0.5291428391280083,0.034213667640376914
6026,0.5538837032621468,0.07372853852532102,0.513046667307636,0.040837035954510666
6027,0.5642757004029941,0.07854913900072369,0.5199523299773087,0.0443233704256855
6028,0.5585485034909194,0.0845742372378081,0.5113096898478557,0.04723881364306371
6029,0.5481681123206689,0.09469686106133698,0.4962583127499831,0.05190979957068575
6030,0.5585690434635018,0.08710655188524041,0.5099140200975592,0.04865502336594263
6031,0.5962471099818178,0.0822825375777434,0.5471863847491181,0.04906072523269983
6032,0.5792260364392321,0.08473338411263387,0.5301462542055881,0.04907978223364391
6033,0.5575670392734803,0.09164257359049247,0.5064701608452273,0.05109687842825292
6034,0.5466451701033561,0.08734979166457979,0.49889582838037916,0.047749341722976936
6035,0.5439688592721788,0.07940049029012565,0.5007774651434074,0.043191394128771356
6036,0.5315429316583603,0.09221078726899307,0.48252893946287434,0.04901399219548598
6037,0.4799965741203909,0.04718927546106435,0.4573458835638566,0.022650690556534316
6038,0.4674598882333755,0.014669340838986947,0.46060255980432535,0.006857328429050129
6039,0.5526256104458096,0.09449644155492992,0.5004044567465596,0.05222115369924992
6040,0.6453790555867013,0.0609921488074734,0.6060160001911306,0.03936305539557073
6041,0.6696132385540182,0.07178123136289247,0.6215475757537166,0.04806566280030169
6042,0.6638157857738338,0.07102188312008077,0.61667033862334,0.0471454471504938
6043,0.6631763192258933,0.06858267336207814,0.6176939143429585,0.0454824048829347
6044,0.6470941296351879,0.06437679334100724,0.6054362845794844,0.04165784505570344
6045,0.6204821364456375,0.066316511854612,0.5793339254884654,0.0411482109571721
6046,0.6190540556631746,0.07211906168490216,0.5744084580365133,0.04464559762666135
6047,0.6206186138154598,0.06580785307359587,0.5797770352627533,0.04084157855270651
6048,0.619689968405251,0.06316660426321055,0.5805462574051151,0.039143711000135945
6049,0.6209851774965354,0.05668796928577178,0.5857827888276922,0.035202388668843135
6050,0.609836178416619,0.05210976399223607,0.5780577590854018,0.03177841933121718
6051,0.6041887221108898,0.053843716304453206,0.571656955963201,0.032531766147688865
6052,0.6241387514697033,0.049735647958895214,0.5930968062491018,0.03104194522060156
6053,0.6182398893138005,0.04651736264232978,0.5894810001826366,0.028758889131163878
6054,0.6025810654857126,0.04430209269839324,0.5758854632642679,0.026695602221444605
6055,0.6023684417380095,0.04519386286206413,0.5751450849896667,0.027223356748342867
6056,0.603512554617214,0.0489614582512776,0.5739636998702013,0.029548854747012618
6057,0.594119718118583,0.04404772410887582,0.5679500966872526,0.026169621431330416
6058,0.580102819826088,0.04542066540464229,0.5537541637464778,0.026348656079610237
6059,0.5838035686967867,0.04588872526419918,0.5570135671246008,0.02679000157218588
6060,0.5720696325502174,0.04574246356729885,0.545901758225331,0.026167874324886358
6061,0.5130448048319666,0.04412438985377757,0.49040701585110563,0.02263778898086092
6062,0.48514641693344707,0.046043636441886686,0.46280851169107945,0.022337905242367614
6063,0.4883260889000651,0.04550584321345062,0.4661043984615412,0.022221690438523914
6064,0.5018458308396001,0.04201102090236505,0.4807627751504329,0.021083055689167192
6065,0.49485856317954935,0.0395623115617801,0.47528081452402515,0.019577748655524172
6066,0.5101569262718464,0.051273857942160314,0.4839992125059746,0.026157713765871806
6067,0.52328154084495,0.05435693047429521,0.494837562510759,0.02844397833419102
6068,0.5269468894928729,0.060053519151496745,0.4953018743728911,0.031645015119981884
6069,0.5352167659296775,0.06683219016718188,0.4994470572484012,0.035769708681276276
6070,0.5273748154626734,0.07011492098931674,0.49039797194475254,0.03697684351792084
6071,0.4908191419621033,0.07394883183748151,0.4545236397705308,0.03629550219157254
6072,0.4820334771291659,0.07518319916161056,0.44579265821560016,0.03624081891356573
6073,0.49722794260045644,0.05524087325560293,0.4697606368441204,0.027467305756336022
6074,0.5277978332959951,0.06471412122337838,0.49364186033064156,0.03415597296535348
6075,0.5257826461584647,0.06658204968975788,0.49077495988592945,0.03500768627253528
6076,0.5387908343596487,0.06376837911913918,0.5044330161682853,0.0343578181913634
6077,0.5145308113748791,0.0656438334701685,0.4807550364777159,0.03377577489716324
6078,0.5126494949566252,0.06377955657655508,0.4799529374890967,0.03269655746752846
6079,0.5223058531559568,0.07355535557281734,0.4838874604093067,0.03841839274665012
6080,0.5137376220999875,0.07074148814020498,0.47739505819902417,0.036342563900963375
6081,0.5139405943879124,0.06202933997351954,0.4820611985324319,0.031879395855480525
6082,0.49351502600645103,0.06705649306805546,0.46042163908606826,0.03309338692038279
6083,0.48208212043787124,0.07343179090598866,0.44668196697036183,0.0354001534675094
6084,0.48259488321100785,0.058540432175337595,0.4543435701822289,0.028251313028778972
6085,0.520983460733065,0.061638188956140594,0.4888709837373763,0.03211247699568871
6086,0.5192655741043023,0.06513409255975801,0.4854436821374968,0.03382189196680551
6087,0.5356553262530109,0.06319966986473669,0.5018020864725328,0.03385323978047811
6088,0.5248741731874487,0.06276613597155536,0.49192984946520757,0.032944323722241105
6089,0.4911941930014487,0.050313385542575015,0.4664805501926928,0.02471364280875589
6090,0.5045093012494679,0.056689173708940964,0.4759090858331604,0.028600215416307515
6091,0.5250647811039207,0.057509909128829105,0.49486835325588574,0.030196427848035026
6092,0.5154439030183848,0.05739938894327577,0.48585773795059245,0.029586165067792387
6093,0.5150125592569652,0.05406453484141219,0.48716864480325217,0.027843914453713054
6094,0.5163483263560986,0.054938617351497514,0.48798086323433476,0.028367463121763862
6095,0.5196785685205234,0.05414041021696557,0.49154295763985684,0.028135610880666587
6096,0.5040467084755395,0.04822447494436155,0.4797393206118729,0.02430738786366656
6097,0.5108138454078027,0.038858141568962765,0.49096456868756005,0.01984927672024266
6098,0.5121105170859374,0.04126306877461166,0.4909792655992184,0.02113125148671897
6099,0.5171685798633897,0.04612262329579213,0.4933154082739308,0.02385317158945891
6100,0.5310987139925326,0.043598509627016085,0.5079436015976333,0.023155112394899296
6101,0.52303621174344,0.04826310147910841,0.4977928619788179,0.025243349764622076
6102,0.5214386442871475,0.05624135041243655,0.49211223077520816,0.02932641351193932
6103,0.5282967089106463,0.05667268789858633,0.49835671440870294,0.02993999450194337
6104,0.5394889839412256,0.057903020622793115,0.5082509421783071,0.03123804176291849
6105,0.5184132468246558,0.059871443299267586,0.48737509751180424,0.031038149312851593
6106,0.5186164495040565,0.06277056601041037,0.48606260142637747,0.03255384807767903
6107,0.5295536994737892,0.061573062701575906,0.4969474563322381,0.032606243141551104
6108,0.5202926242592275,0.05892118590662298,0.48963636581940484,0.03065625843982268
6109,0.5344019860415575,0.04953990479529427,0.5079277625306426,0.026474223510914937
6110,0.5388388239672388,0.0485493500817916,0.5126785492647925,0.026160274702446355
6111,0.5443991948106601,0.04686451965622443,0.5188861880446232,0.025513006766036933
6112,0.5408390064261845,0.04500166275493672,0.5165003518542783,0.02433865457190621
6113,0.5450895202768982,0.04571462628058611,0.5201709565679759,0.024918563708922366
6114,0.5570338872884485,0.04747991929254331,0.5305859632767813,0.026447924011667203
6115,0.5736698416147984,0.045269748509268584,0.5476999521575445,0.025969889457253866
6116,0.5550389589001704,0.04662499643011892,0.5291602694228731,0.025878689477297368
6117,0.5650162462665755,0.04676412396316207,0.5385937564849649,0.026422489781610645
6118,0.543286722505381,0.04785055810784707,0.5172901496209155,0.025996572884465524
6119,0.548418722730393,0.04841005481135313,0.5218697423034424,0.026548980426950603
6120,0.545982481898919,0.046645606663683656,0.5205147978030003,0.025467684095918756
6121,0.5672492312447126,0.046094933235581954,0.5411019158025524,0.026147315442160216
6122,0.565019337641356,0.044394006166382054,0.5399358656819806,0.025083471959375464
6123,0.5607528239006863,0.04379425410647183,0.536195072239858,0.024557751660828304
6124,0.5701542613051931,0.03742254385415604,0.5488176384578656,0.02133662284732753
6125,0.5614211813315153,0.03722665281982886,0.5405213499283889,0.0208998314031265
6126,0.5411206133372781,0.04037382323015138,0.5192735053482077,0.02184710798907036
6127,0.5525175170282339,0.03870522909328527,0.531132199953603,0.021385317074630938
6128,0.5516918659760656,0.037722317965640316,0.530880769988659,0.020811095987406568
6129,0.5474225256026275,0.03420611035502641,0.5286973302810367,0.018725195321590747
6130,0.5356066789540918,0.03567671863846658,0.5164979901681631,0.019108688785928633
6131,0.5258298363353916,0.03534638793024792,0.507243650954982,0.018586185380409525
6132,0.5265654950544888,0.03529682369306624,0.5079794056126984,0.018586089441790434
6133,0.5341266168755805,0.03440227754457646,0.5157514447578812,0.018375172117699377
6134,0.5346076690725625,0.034022640777889274,0.516418904390602,0.0181887646819605
6135,0.5271730686908521,0.03061658167210499,0.5110328313779444,0.016140237312907688
6136,0.5555479051205378,0.033630981123620396,0.5368642840101621,0.01868362111037566
6137,0.5503038725297092,0.03232122906948848,0.5325173750078499,0.01778649752185932
6138,0.5499619416529201,0.038676332473258884,0.5286914307499128,0.021270510903007342
6139,0.5629736489624567,0.041030897393137984,0.5398743349368377,0.023099314025619044
6140,0.5667056710471784,0.044045874269409695,0.5417446243124729,0.02496104673470547
6141,0.5653170425496193,0.042417688413715064,0.5413376003837866,0.023979442165832653
6142,0.558081851194898,0.052894276043897286,0.5285625157027058,0.02951933549219214
6143,0.5601585579743675,0.05241442326599749,0.5307981702206283,0.02936038775373929
6144,0.5471810739480192,0.048778737066718515,0.5204902722140241,0.026690801733995087
6145,0.5742624775387741,0.046440449253580124,0.5475934700923994,0.026669007446374637
6146,0.5783791660372075,0.043082056537425535,0.5534614021059235,0.024917763931284004
6147,0.5668121130366978,0.045860362140569794,0.5408179042671732,0.02599420876952454
6148,0.5687371641934595,0.044162525216137144,0.5436202948384116,0.025116869355047988
6149,0.5626092458954176,0.04379404717731348,0.5379703100382809,0.02463893585713668
6150,0.5695441851108182,0.04132220865783219,0.546009361453814,0.02353482365700423
6151,0.5884145220310655,0.041971278954512,0.5637180119860138,0.024696510045051693
6152,0.5945439230405144,0.062111949598667004,0.5576156408584282,0.036928282182086186
6153,0.5746108496615844,0.04982504157775659,0.5459808401861659,0.028630009475418484
6154,0.5769278479843677,0.05609150642054507,0.5445670958949613,0.03236075208940641
6155,0.5786224491132127,0.06525885193190491,0.5408622123820573,0.03776023673115533
6156,0.5678592309310749,0.054757473752141565,0.5367646939984553,0.03109453693261963
6157,0.582337305992057,0.046320369000904936,0.555363227095512,0.02697407889654497
6158,0.5796735942609972,0.04451490605420989,0.5538694786703627,0.025804115590634474
6159,0.5780926511631228,0.041094671454760034,0.5543361235931631,0.02375652756995973
6160,0.5860792421967185,0.04030443300090493,0.5624576506463796,0.023621591550338772
6161,0.5779688295371055,0.040255014264201076,0.5547026860598258,0.02326614347727978
6162,0.5772102807829771,0.03801372813185499,0.5552683660943813,0.021941914688595774
6163,0.5800681715851287,0.0382671750965243,0.5578706012951599,0.022197570289968823
6164,0.5767858675024896,0.04030210607966471,0.5535401822851529,0.023245685217336772
6165,0.5812958267035179,0.036895627137609875,0.5598485526248161,0.021447274078701683
6166,0.5861736490941685,0.03323050820683977,0.5666948008373115,0.019478848256856984
6167,0.5727181823861864,0.031182053857968406,0.5548596531775826,0.017858529208603837
6168,0.5595122947911452,0.030667929924342256,0.5423532109426824,0.017159083848462767
6169,0.5513335796465719,0.03483974983612895,0.5321252556554279,0.01920832399114404
6170,0.5561282215195942,0.03767203041155605,0.5351777422457834,0.020950479273810732
6171,0.5507424521101616,0.03624490873547255,0.5307808421966784,0.01996160991348317
6172,0.5564527617434255,0.036836645928070025,0.5359549083833862,0.020497853360039276
6173,0.5380601253273002,0.04165182361113333,0.5156489398949832,0.022411185432317002
6174,0.5490596174279038,0.045194292293436515,0.5242452565913447,0.02481436083655911
6175,0.5514872500670245,0.048028574251888854,0.5250001037282104,0.02648714633881408
6176,0.5504974657333206,0.04923521002844257,0.5233936073878152,0.027103858345505407
6177,0.5556152745894157,0.0600017350683052,0.522277394083598,0.03333788050581777
6178,0.5694174750904623,0.06119090835287699,0.5345743025576751,0.03484317253278709
6179,0.5816536407131372,0.06947813177863983,0.5412414324141442,0.040412208298992974
6180,0.5727395009709252,0.07606355504190027,0.5291748984141528,0.043564602556772455
6181,0.603440030312551,0.06524319631030992,0.5640696739533698,0.03937035635918113
6182,0.5971056564434123,0.06579182819515235,0.5578209836803336,0.03928467276307864
6183,0.608671170696034,0.06665318471203237,0.5681012987267423,0.04056987196929174
6184,0.6210744548006399,0.06569364111921082,0.5802738124586572,0.04080064234198276
6185,0.6149405557792974,0.05919367797649163,0.5785399625458129,0.03640059323348452
6186,0.6082054155909142,0.0543692398015797,0.5751377495020323,0.033067666088881856
6187,0.6336407911858128,0.05753577362611318,0.5971837780638747,0.03645701312193818
6188,0.6012456190783284,0.06419515829838819,0.5626485613853827,0.0385970576929457
6189,0.5991252781831341,0.051452081701829244,0.5682990354204243,0.03082624276270979
6190,0.5939946665525294,0.048803253670703796,0.5650057941617213,0.028988872390808208
6191,0.5925793422233984,0.052764999187687775,0.5613118937123402,0.03126744851105817
6192,0.6003999854690986,0.053886895862477656,0.5680462939762921,0.03235369149280641
6193,0.5931375364433514,0.05389129396124137,0.5611725871074362,0.03196494933591517
6194,0.602197242048041,0.052287299093452144,0.5707099747398231,0.031487267308217916
6195,0.5815667800907034,0.04779201303480026,0.5537725329560017,0.027794247134701713
6196,0.5866229716313647,0.03980175959228703,0.5632743451431801,0.02334862648818459
6197,0.569480065150629,0.03967859563826055,0.5468838959214669,0.022596169229162084
6198,0.5560695499361366,0.042626396049756855,0.5323663090693488,0.023703240866787805
6199,0.5580375342321484,0.0483439354783046,0.5310598036827572,0.02697773054939118
6200,0.5437752795138531,0.051571739119682006,0.5157318426590325,0.028043436854820594
6201,0.5362964706858602,0.049969563028484154,0.5094979703919694,0.026798500293890696
6202,0.5474046453677834,0.04703488099369584,0.5216575330175135,0.02574711235026997
6203,0.5485171019724386,0.045455049317608624,0.5235842300507296,0.024932871921708958
6204,0.5520062438192629,0.04623915737837927,0.526481940237456,0.025524303581806896
6205,0.5787512100167252,0.04553321642996285,0.5523988059119308,0.026352404104794433
6206,0.5500742577576363,0.05188698359141558,0.5215325637713057,0.02854169398633058
6207,0.548606483542565,0.04956619123651858,0.5214141496657003,0.02719233387686476
6208,0.5551423155869738,0.05531652030170346,0.5244337744164723,0.030708541170501508
6209,0.5624780067221515,0.051872274208535095,0.5333009933211899,0.02917701340096169
6210,0.5531072158946113,0.04500635615958888,0.5282138755416198,0.024893340352991497
6211,0.5623806685789363,0.051501967596295245,0.5334169576090011,0.028963710969935233
6212,0.5455504822677896,0.055007103666814904,0.5155413303342045,0.030009151933585165
6213,0.5511292438331918,0.05163818972464864,0.5226699273773313,0.0284593164558605
6214,0.5616986366853668,0.057332915457820134,0.5294948162355119,0.03220382044985496
6215,0.5970986745234194,0.056130411446950024,0.5635832802479913,0.033515394275428025
6216,0.5968210152349445,0.05539248327677245,0.5637616171293165,0.03305939810562802
6217,0.5932973985479741,0.04869024892113491,0.5644096005284115,0.028887798019562646
6218,0.5812086814747466,0.04198418182648588,0.5568071105125787,0.024401570962167878
6219,0.5537766826916244,0.04540992237554163,0.5286297265172127,0.02514695617441161
6220,0.5476350427422266,0.046885003031485226,0.5219591721031098,0.025675870639116836
6221,0.5311431836243324,0.04744488624431592,0.5059431556978322,0.025200027926500255
6222,0.5290009191932876,0.043702906967459966,0.5058820412360826,0.023118877957205054
6223,0.5163002674402295,0.045860053607388804,0.4926227094979114,0.0236775579423181
6224,0.529653944054049,0.04607641453799646,0.5052493893661298,0.024404554687919147
6225,0.531759684756898,0.044835277011577856,0.5079180919872333,0.02384159276966484
6226,0.5440923916944383,0.051501564867132324,0.5160707820898741,0.028021609604564287
6227,0.5327316109754213,0.050239504770436004,0.5059674386644596,0.02676417231096174
6228,0.5443925001860619,0.0482991825470936,0.5180987874423066,0.02629371274375529
6229,0.5756910267376414,0.04631217758386358,0.5490295216739309,0.026661505063710404
6230,0.5607307798777273,0.050338623576403244,0.5325043642217594,0.028226415655967944
6231,0.5531517129374451,0.050755361441772846,0.5250762978151693,0.028075415122275807
6232,0.559537419432656,0.04719795654911881,0.5331283966226674,0.026409022809988567
6233,0.5602129406851816,0.052774300298081174,0.5306480947225907,0.02956484596259091
6234,0.5723126356173053,0.05354096504162249,0.5416704648008404,0.030642170816464975
6235,0.5736052543658741,0.048274866445736,0.545914537318789,0.027690717047085
6236,0.5569490942039766,0.04880312114936506,0.5297682400855108,0.027180854118465807
6237,0.554261458885764,0.05678128129500291,0.5227897830777927,0.03147167580797125
6238,0.564785568189265,0.05612021356085615,0.5330896814863939,0.03169588670287103
6239,0.5629734740869992,0.050878763599181316,0.5343300797863169,0.02864339430068226
6240,0.5517063653721401,0.05097938863978599,0.52358071215679,0.0281256532153501
6241,0.5641133184783479,0.06264711594908765,0.5287732460072102,0.035340072471137664
6242,0.5422967702357219,0.05189019936483431,0.5141568827132845,0.028139887522437353
6243,0.5515096253644738,0.061091820924679935,0.5178168980934701,0.03369272727100375
6244,0.5560983175561158,0.051204390633509234,0.5276236420733352,0.02847467548278062
6245,0.556096844213037,0.06530360548448312,0.5197817152873827,0.036315128925654236
6246,0.5557539201199833,0.06190468944133807,0.5213501462891494,0.03440377383083377
6247,0.569089453925541,0.06228864234613831,0.5336416444670138,0.03544780945852718
6248,0.5511587238798245,0.05793634681086799,0.5192266009052875,0.03193212297453694
6249,0.5493176328937727,0.05167625217526947,0.520930956372032,0.028386676521740695
6250,0.5552908120880101,0.0619196751345159,0.520907385398339,0.0343834266896711
6251,0.5546907952226601,0.05578008077343139,0.5237500978608612,0.03094069736179887
6252,0.5543424355042103,0.06505455164640465,0.5182799369039078,0.03606249860030239
6253,0.589038206068959,0.061693792244091286,0.5526982053599083,0.036340000709050586
6254,0.5845191835309711,0.06605029314488904,0.5459115201099393,0.03860766342103184
6255,0.575725279600458,0.0635948936399501,0.5391120916784364,0.036613187922021666
6256,0.5747833528503135,0.07093254573061737,0.5340125063890611,0.04077084646125244
6257,0.5710640577260387,0.06013230130106485,0.536724661744648,0.03433939598139085
6258,0.555711490007905,0.06976955622879442,0.5169397459588113,0.03877174404909366
6259,0.5666560016463165,0.06609369824446663,0.5292036108650888,0.037452390781227626
6260,0.565510715123788,0.059608056996100535,0.5318017201847837,0.03370899493900433
6261,0.5531334165926953,0.05204367188946963,0.5243463225484438,0.028787094044251553
6262,0.5562640619298505,0.05905019973048141,0.5234165579700039,0.03284750395984655
6263,0.551802345107783,0.055553886091629895,0.521147580482571,0.030654764625212026
6264,0.5643344143174157,0.048300643484227204,0.5370766989655901,0.02725771535182566
6265,0.5823383379827907,0.04677320799019671,0.5551005057796561,0.027237832203134534
6266,0.58541810653243,0.054908702265985,0.5532735580197241,0.03214454851270589
6267,0.5861748002708538,0.04828706016908916,0.5578701424205712,0.028304657850282536
6268,0.599161563712914,0.048785699661715844,0.5699310476167717,0.02923051609614224
6269,0.5955944922096092,0.06135129068804751,0.5590540013858575,0.036540490823751784
6270,0.6017453301223109,0.05791802422124062,0.5668934295172685,0.03485190060504244
6271,0.6222067744294297,0.0583303081676992,0.585913261532931,0.036293512896498736
6272,0.626144000199036,0.06762369914484657,0.5838018267082257,0.04234217349081037
6273,0.615990571956804,0.06419731191242846,0.5764456330737778,0.039544938883026154
6274,0.6192567522793712,0.06068563764734148,0.5816767613998758,0.03757999087949542
6275,0.6329480496451105,0.06864513209148129,0.5894992471701764,0.04344880247493407
6276,0.6145114821893066,0.07879030906800241,0.5660939325817749,0.04841754960753173
6277,0.6218146433665975,0.08049512692810086,0.5717615947230514,0.05005304864354604
6278,0.6142038125894808,0.06922403443067934,0.571686146719332,0.04251766587014874
6279,0.6204103145053496,0.07593412763370959,0.5732999984984304,0.04711031600691912
6280,0.6301144408554048,0.09030945647826809,0.5732091481826453,0.05690529267275941
6281,0.6289162519913873,0.08517814030352247,0.5753463352400995,0.05356991675128788
6282,0.6254952904075393,0.08871009920495519,0.5700075411432541,0.05548774926428507
6283,0.6358905647283408,0.0925787647668665,0.5770206017188859,0.058869963009454955
6284,0.6482227835586392,0.10000858838940303,0.5833949380130902,0.06482784554554903
6285,0.6487894007729784,0.09411345321142875,0.5877295898592598,0.0610598109137186
6286,0.6570798371334344,0.09897205856311303,0.5920472930120234,0.06503254412141105
6287,0.653919450303898,0.09414462976795158,0.5923564457569751,0.06156300454692289
6288,0.639694596206656,0.1010856392629921,0.5750306590160246,0.06466393719063143
6289,0.6233214457762392,0.08945465218588992,0.5675624426443197,0.05575900313191952
6290,0.6172544581298801,0.09550594035788959,0.5583029906660864,0.05895146746379379
6291,0.6259683112582954,0.10397388543626786,0.5608839537767913,0.06508435748150407
6292,0.6174521679329907,0.10241605532536845,0.5542151525411969,0.06323701539179387
6293,0.5895126561102106,0.09531708954817399,0.5333220254779718,0.05619063063223884
6294,0.59018116230662,0.09622589721351991,0.5333904504451474,0.056790711861472526
6295,0.6100642500168714,0.09414227929763269,0.5526314110022823,0.05743283901458912
6296,0.5974711367814373,0.10185301573051914,0.5366168996883064,0.06085423709313088
6297,0.6035618736599544,0.09791802772290707,0.5444622853824292,0.05909958827752515
6298,0.5898601979215724,0.1013474770305545,0.5300793550614775,0.059780842860094885
6299,0.5829686578330004,0.09880509599292382,0.5253683836349449,0.05760027419805557
6300,0.5643919313411806,0.08347999211228345,0.5172764973645825,0.047115433976598176
6301,0.5916341096678526,0.07523768257750253,0.5471209303226393,0.04451317934521321
6302,0.5979915644083353,0.07209690315762582,0.5548782245001105,0.04311333990822491
6303,0.589342828706819,0.07194906807276753,0.5469401614059947,0.042402667300824294
6304,0.5900597356763287,0.07316412646260978,0.5468885305548117,0.043171205121517016
6305,0.5839211449442351,0.07542413683038769,0.5398793966098044,0.04404174833443063
6306,0.5887012647810566,0.07298022144648914,0.5457377161115068,0.04296354866954974
6307,0.5991751951507402,0.07568715584629697,0.5538253287761308,0.04534986637460948
6308,0.5947678280768509,0.08350061711721529,0.545104347390968,0.04966348068588286
6309,0.5976457111513671,0.08329758031453492,0.5478632695270987,0.04978244162426834
6310,0.5901474256560295,0.07784586931401236,0.5442068862824094,0.045940539373620096
6311,0.6111176104272729,0.06690818795184963,0.5702288384881197,0.0408887719391532
6312,0.5950134014488415,0.06412215261580995,0.5568598613126867,0.03815354013615481
6313,0.6017474530028037,0.06238023426442716,0.5642103059164665,0.03753714708633727
6314,0.5781085721162404,0.06466365702878601,0.5407259576835146,0.03738261443272578
6315,0.5681794874868893,0.06625921471954355,0.5305323608262553,0.037647126660634
6316,0.5519890322922077,0.06729676955637576,0.5148419535883921,0.03714707870381556
6317,0.5457609485242321,0.06157075067188004,0.5121580372361978,0.03360291128803425
6318,0.5428210013170787,0.06015717168003603,0.5101664251493181,0.03265457616776057
6319,0.5720039466913375,0.06279374229197278,0.5360856782728103,0.03591826841852718
6320,0.5610800893538086,0.06771124696135779,0.5230886568584722,0.03799143249533643
6321,0.5593954739085206,0.07033810869859693,0.52004865425924,0.03934681964928066
6322,0.5547877971469897,0.0785250198502603,0.5112230743633401,0.04356472278364955
6323,0.5460824207941031,0.08118365538837052,0.5017494537307075,0.04433296706339561
6324,0.5398962635905711,0.08454640084002839,0.494249977677009,0.04564628591356205
6325,0.5612389439294433,0.07763752664342244,0.5176657404667948,0.043573203462648424
6326,0.5588017961050206,0.07766331593530178,0.5154033956689023,0.0433984004361183
6327,0.5434418981038792,0.06930341155047097,0.505779520585817,0.03766237751806225
6328,0.5279129038626558,0.06741251027749394,0.4923249698053928,0.03558793405726295
6329,0.5176398279315433,0.06771114776119458,0.4825898410553912,0.035049986876152066
6330,0.5208630981887055,0.06604496085326987,0.48646271525891954,0.034400382929785915
6331,0.5152270440056934,0.06717330833859944,0.4806175389143138,0.03460950509137959
6332,0.5134960346913658,0.07046428327751963,0.4773129046409904,0.036183130050375455
6333,0.5030730150260154,0.07031864551980478,0.46769760201182164,0.0353754130141938
6334,0.48922048708580274,0.07197034724206569,0.454011118752305,0.035209368333497734
6335,0.48552236611787564,0.07140600156357829,0.4508531552837104,0.03466921083416526
6336,0.4959167467175266,0.0746666857451057,0.4588882868346339,0.03702845988289274
6337,0.5268374654257342,0.07058342025458282,0.48965147519773033,0.03718599022800384
6338,0.5230222811263214,0.06853800049477472,0.4871753797637074,0.03584690136261402
6339,0.5102859344818717,0.06725934548621477,0.4759644365177995,0.03432149796407216
6340,0.5256956319995428,0.07715211008447428,0.48513710472858684,0.04055852727095601
6341,0.5264201932400732,0.07336342574566027,0.48780020448228895,0.03861998875778423
6342,0.5311441375456653,0.0714798022086885,0.49317805964959666,0.037966077896068595
6343,0.5417751251598917,0.07684981466130257,0.50013980720325,0.04163531795664168
6344,0.5347581643237445,0.07368652990612182,0.49535369085576003,0.039404473467984404
6345,0.5453768127222139,0.078287699029304,0.5026805169502562,0.042696295771957785
6346,0.5525742446836139,0.07692040756612573,0.5100700085720062,0.04250423611160767
6347,0.5396418920573521,0.07322113717211992,0.5001286990551984,0.03951319300215371
6348,0.528229187119693,0.06528850504911708,0.4937418931693379,0.03448729395035509
6349,0.5481698425988198,0.05842843103648379,0.5161411387542545,0.03202870384456532
6350,0.5299380270663018,0.07035276689972159,0.4926554205768079,0.03728260648949388
6351,0.5052555388928236,0.07016557555062763,0.4698039932062661,0.03545154568655749
6352,0.5035779708590813,0.07142627176398965,0.4676092738581421,0.0359686970009392
6353,0.4862132051940265,0.0745005860315277,0.4499900364708041,0.036223168723222406
6354,0.4906492734421606,0.0785411641424238,0.4521131083203789,0.038536165121781714
6355,0.5091471308423781,0.07912933988135389,0.46885865447633535,0.04028847636604269
6356,0.5122048335096263,0.08054200790860801,0.47095082775826674,0.04125400575135957
6357,0.5125067411539611,0.06781697981362793,0.4777500818347747,0.034756659319186416
6358,0.5211804052825613,0.06488115157976306,0.4873656204070211,0.033814784875540196
6359,0.5089354975351388,0.059600979162085704,0.47860244355170123,0.030333053983437528
6360,0.5104775455901428,0.05995492153197516,0.4798719044004505,0.030605641189692282
6361,0.5236351248809514,0.057347943056957396,0.4936057275566559,0.030029397324295576
6362,0.5280113226598644,0.05611640485119595,0.49838122551146796,0.029630097148396404
6363,0.512034019569241,0.05580021851813325,0.4834624093885592,0.028571610180681765
6364,0.5058829666187123,0.054895571450427366,0.47811223207914066,0.027770734539571684
6365,0.49164597385732933,0.06021421143707855,0.4620418992352957,0.029604074622033624
6366,0.4863773529617729,0.05295715154363944,0.4606201937735821,0.02575715918819082
6367,0.4829341723927646,0.06059767446520973,0.4536694846259824,0.029264687766782226
6368,0.4958680372233182,0.06419232800422449,0.4640371135310679,0.03183092369225024
6369,0.4937460640704427,0.0582210218186801,0.46499966370131,0.028746400369132667
6370,0.4730958972228789,0.06042889769631684,0.44450723364905037,0.028588663573828575
6371,0.4983223847776421,0.06086384250582493,0.46799256963340863,0.030329815144233503
6372,0.5081920827945688,0.05670871056435387,0.4793731650602755,0.028818917734293365
6373,0.507523024127034,0.05839259803791264,0.47788743618419827,0.029635587942835735
6374,0.49443232541716736,0.05605420871635753,0.46671731265211946,0.027715012765047904
6375,0.49759317918846374,0.055092663496912345,0.4701794456090749,0.027413733579388838
6376,0.4993351476250314,0.055854017519192806,0.4714452735416342,0.02788987408339723
6377,0.48825031300486266,0.055387039146296425,0.46120757380527083,0.02704273919959181
6378,0.5005996231353391,0.05358383748721963,0.4737755742830917,0.026824048852247404
6379,0.5114204860280839,0.04758970779243952,0.48708213453893995,0.02433835148914391
6380,0.5109653472337912,0.05651767787561864,0.4820867723332281,0.028878574900563038
6381,0.524085368637076,0.056469804930259236,0.4944903701033373,0.029594998533738683
6382,0.5312745382535677,0.05381023294880541,0.5026865315903742,0.02858800666319351
6383,0.5263733955787443,0.05397082599561814,0.4979645886372412,0.028408806941503082
6384,0.5106824867883535,0.049759185832063534,0.48527134202707145,0.02541114476128201
6385,0.5247470152222202,0.04355642247348407,0.5018909125355014,0.0228561026867188
6386,0.5111453815173751,0.04416214900185548,0.4885721030171945,0.022573278500180583
6387,0.5150210938038505,0.042333737306200825,0.4932183261116061,0.021802767692244422
6388,0.5387974568134232,0.042936826703944934,0.5156632037816989,0.023134253031724207
6389,0.5258330782106279,0.04561494177242186,0.5018472329660367,0.02398584524459114
6390,0.5206552621771167,0.054896207335528704,0.4920732629543076,0.028581999222809053
6391,0.5379287397305359,0.05820738614486261,0.5066173138586213,0.0313114258719146
6392,0.5146793736276996,0.06754824965324416,0.47991368280652036,0.034765690821179175
6393,0.5109209564520861,0.06195668184521093,0.47926598930513337,0.03165496714695277
6394,0.5103340346010357,0.06273986873268887,0.4783157442603432,0.03201829034069248
6395,0.5360504295046719,0.06003458621606685,0.503868863778414,0.03218156572625789
6396,0.5405225788274997,0.06097924697721444,0.5075619189964167,0.03296065983108296
6397,0.5552665377957605,0.05413925216209852,0.5252048226888604,0.03006171510690009
6398,0.562937152645295,0.051635436394172646,0.5338696471059622,0.029067505539332787
6399,0.5643925022019873,0.05012096626726571,0.5361046046376239,0.028287897564363496
6400,0.5778172883294415,0.048445765527309705,0.5498244874614074,0.02799280086803403
6401,0.5604987097362583,0.046098816490711965,0.5346603825728456,0.0258383271634126
6402,0.5504733909517617,0.053969849190452474,0.5207644250587382,0.029708965893023565
6403,0.5602824299985202,0.05702602491200412,0.5283317501876663,0.03195067981085382
6404,0.5487854129706415,0.05886921135616743,0.5164788485052912,0.032306564465350324
6405,0.5323130617478523,0.058588163170454836,0.5011258172284048,0.03118724451944757
6406,0.5446755444415664,0.0603759176548353,0.5117902586217598,0.0328852858198066
6407,0.5458350847017884,0.05667715752464516,0.5148987036236672,0.030936381078121297
6408,0.5521514593236189,0.05524912355313022,0.5216455751274071,0.030505884196211773
6409,0.5786953047791098,0.050101017719573766,0.5497020810601375,0.02899322371897232
6410,0.5612857030765345,0.051231081900619764,0.5325304292525735,0.028755273823960883
6411,0.5539436820743474,0.0484177432456408,0.5271229791031268,0.02682070297122063
6412,0.5610388942996497,0.05246908226684248,0.531601698399743,0.029437195899906662
6413,0.5607279020661297,0.05674840375353351,0.5289074886838091,0.03182041338232052
6414,0.5464988023813896,0.06414903192087365,0.5114414332627066,0.035057369118682985
6415,0.5503870374334574,0.06531392494447502,0.5144390997801166,0.0359479376533408
6416,0.5306870569051456,0.06863938250143631,0.49426102501767183,0.036426031887473787
6417,0.5445368887619768,0.05906678846127314,0.5123728435441133,0.03216404521786351
6418,0.5491398804052838,0.05133755018194395,0.5209483842380709,0.02819149616721296
6419,0.5408598778467448,0.05352119819482002,0.511912409128883,0.028947468717861777
6420,0.5464991949837313,0.05097397579431341,0.5186419582470189,0.027857236736712487
6421,0.5653110652093261,0.05024834484793561,0.536905119858334,0.028405945350992032
6422,0.5562654162604652,0.049767840496424375,0.5285812877503373,0.027684128510127942
6423,0.5547531273068294,0.04279657578510377,0.5310115930520193,0.023741534254810043
6424,0.5578099936773084,0.04536226242522926,0.5325064703607029,0.025303523316605542
6425,0.5471832892106362,0.04750151692148052,0.5211912529390458,0.025992036271590403
6426,0.5340669142555708,0.04570075349805387,0.5096596538557108,0.024407260399860117
6427,0.5460287352430374,0.051518740188121914,0.5178980226968025,0.02813071254623485
6428,0.5474754533600438,0.05348805045068931,0.5181920586902078,0.029283394669836024
6429,0.5621003267391093,0.0538915238216664,0.531807883590482,0.030292443148627172
6430,0.5690088632301655,0.0593809206646934,0.5352205930651877,0.03378827016497784
6431,0.5728270944048003,0.060579471617227945,0.5381255316977256,0.03470156270707475
6432,0.5745445706487466,0.05924029864707189,0.5405083786974612,0.03403619195128545
6433,0.5971664700777377,0.05414678500483729,0.5648318256103408,0.03233464446739687
6434,0.5930338661777885,0.054393578341619314,0.5607766321186136,0.032257234059174925
6435,0.5776394312279557,0.05353217722397677,0.5467171348239036,0.030922296404052065
6436,0.5854079854418347,0.05232796538147415,0.5547747766455958,0.030633208796238848
6437,0.5889877929269395,0.046825697916026636,0.5614080284591154,0.027579764467824116
6438,0.5890303871582467,0.046975251929944534,0.5613605363270954,0.027669850831151407
6439,0.5913163279987843,0.04351028058963019,0.5655879886503274,0.025728339348456905
6440,0.5813244479867427,0.04178183704504757,0.5570356446306584,0.024288803356084316
6441,0.5895853916359745,0.04367640635702643,0.563834420488715,0.025750971147259393
6442,0.5828801635649848,0.04211854341180256,0.5583301000919945,0.02455006347299039
6443,0.5811607675944752,0.060236110477046294,0.5461539033927294,0.035006864201745834
6444,0.5802939191460658,0.07206351541033133,0.5384758993611617,0.04181801978490408
6445,0.593806327679817,0.06463953005621004,0.5554229657141898,0.038383361965627236
6446,0.5612362347477512,0.06860393700374402,0.5227332194548979,0.038503015292853215
6447,0.5921536037582057,0.08266369821726517,0.5432039969588713,0.048949606799334335
6448,0.6081118707531357,0.09485224486140215,0.5504310946853339,0.05768077606780176
6449,0.5845606363008962,0.0791146820349076,0.5383133074298275,0.046247328871068666
6450,0.5844862654814189,0.07636237661010833,0.539853505153291,0.04463276032812787
6451,0.5877919359959212,0.09219287553930174,0.533601707197644,0.054190228798277174
6452,0.5816283118767717,0.0919295787094254,0.5281594662004657,0.05346884567630591
6453,0.6104018257487701,0.09545458794199756,0.5521361709928783,0.05826565475589185
6454,0.6129126014322067,0.09232377938402421,0.5563261936358913,0.056586407796315415
6455,0.611335748130004,0.08430418453883617,0.5597975864044646,0.05153816172553933
6456,0.6187098619881778,0.09465398841303628,0.5601465058805175,0.05856335610766026
6457,0.6321197684348322,0.09214043244071538,0.5738759796169219,0.0582437888179103
6458,0.6219171932495164,0.09400305740338383,0.5634550756323308,0.05846211761718565
6459,0.627007209659191,0.09327343290798376,0.5685240947562223,0.05848311490296866
6460,0.6191669832247858,0.08519894019995833,0.5664146124472287,0.05275237077755713
6461,0.6173999887743835,0.09088009154401852,0.5612906212752915,0.05610936749909198
6462,0.5923976222479654,0.09578499834681495,0.5356548169802869,0.05674280526767848
6463,0.5975659144217969,0.1007218313192332,0.5373779811872813,0.06018793323451556
6464,0.6010232010905877,0.09935073194758705,0.541311106144756,0.05971209494583169
6465,0.5826720210876263,0.09504829126579904,0.5272900411148578,0.0553819799727685
6466,0.599752191518416,0.10929622415947317,0.534201541554084,0.06555064996433208
6467,0.5908432117298718,0.10429007319394053,0.5292241299324205,0.06161908179745123
6468,0.5810565325401701,0.09348764203025596,0.5267349274267129,0.0543216051134572
6469,0.5857000376050241,0.09847219430763325,0.528024869695994,0.05767516790903003
6470,0.6010680351330013,0.09814104820891413,0.5420785881201762,0.05898944701282518
6471,0.5813970676228183,0.07724622198979879,0.536486340673008,0.04491072694981028
6472,0.5714922757621417,0.05541688458951317,0.5398219542724328,0.03167032148970884
6473,0.5484177132062981,0.04938145653956139,0.5213360477360756,0.027081665470222453
6474,0.5334262585371701,0.04359508264528743,0.5101714967110756,0.023254761826094386
6475,0.5523393083542136,0.046820990104022436,0.5264782350636984,0.025861073290515235
6476,0.5463712562377521,0.05521150143671726,0.5162052788390004,0.030165977398751664
6477,0.551738114202301,0.05364137007244016,0.5221421258353052,0.02959598836699588
6478,0.555210394793448,0.05835510358044876,0.5228110346963345,0.03239936009711351
6479,0.5497942542185457,0.05873354183824173,0.5175028903859757,0.032291363832569864
6480,0.5441792765183864,0.0525267994409756,0.5155952808007699,0.028583995717616485
6481,0.5532381140780839,0.051125950447051836,0.5249532896723074,0.028284824405776527
6482,0.5623276045470439,0.04782362335401082,0.5354350609856229,0.02689254356142097
6483,0.5569755529648018,0.05341804101269439,0.52722301003346,0.02975254293134192
6484,0.5664124642375525,0.05116192634260869,0.5374337114626954,0.02897875277485714
6485,0.5671680376800762,0.05235226945044306,0.5374755037477698,0.02969253393230639
6486,0.5715893358048029,0.05463696933611164,0.5403594267915874,0.031229909013215432
6487,0.5658153765361171,0.061436517195494096,0.531053650426081,0.034761726110036126
6488,0.5466690919556335,0.054791938456793476,0.5167160327129693,0.029953059242664247
6489,0.5560400125518664,0.06031132794143904,0.5225045010062889,0.0335355115455775
6490,0.553851905421751,0.07251258425771795,0.5136906724635586,0.04016123295819235
6491,0.5633929725517369,0.07978314191948709,0.5184437110662,0.04494926148553692
6492,0.5512145317909203,0.08350314526482315,0.5051863846707015,0.046028147120218695
6493,0.567790718699658,0.08137287200615573,0.5215879572206276,0.04620276147903044
6494,0.5755149552568373,0.08539235039759553,0.526370380538489,0.04914457471834836
6495,0.5717302882861612,0.08652818317546293,0.522259505174376,0.04947078311178519
6496,0.5699306443449452,0.0941506622328659,0.5162712967530647,0.05365934759188056
6497,0.577645710176367,0.09959968431745621,0.5201123797954681,0.05753333038089895
6498,0.5694155582264435,0.09074275488958303,0.5177452217959863,0.05167033643045726
6499,0.5645732517747694,0.07737842526138013,0.520887462607741,0.04368578916702834
6500,0.5734942434947939,0.0889413184271324,0.522486909367996,0.05100733412679787
6501,0.5688530363593779,0.1021838245669407,0.5107254574876597,0.058127578871718204
6502,0.5751810074099895,0.09664441535648938,0.5195929752246944,0.05558803218529502
6503,0.5695669096387199,0.09448788125330765,0.5157497391149631,0.05381717052375677
6504,0.5660860334330675,0.09824753326794015,0.5104694770308359,0.055616556402231586
6505,0.5867115124807892,0.09219062306727671,0.532622212584441,0.05408929989634826
6506,0.5830971140056188,0.08985029111562952,0.5307056685635305,0.052391445442088264
6507,0.5773267772438697,0.09274814433722275,0.5237807899783117,0.05354598726555808
6508,0.5765954085250853,0.09453479362419082,0.5220870805755103,0.054508327949574935
6509,0.5583837875514234,0.09486419116386888,0.5054131611863399,0.05297062636508337
6510,0.5516869482110274,0.09646035088911495,0.4984710316056467,0.053215916605380685
6511,0.5567422240843621,0.08966484547345231,0.5068220185932917,0.04992020549107049
6512,0.5498922099774642,0.08494619201905476,0.5031809607189361,0.046711249258528056
6513,0.560983075719069,0.0723346403905497,0.5204045666717456,0.040578509047323366
6514,0.5555455758765957,0.0724806834837745,0.5152792528306729,0.04026632304592276
6515,0.5460880000671966,0.07307672795564495,0.5061816758464439,0.03990632422075274
6516,0.5404914693857306,0.07833342076725297,0.4981529236932273,0.04233854569250326
6517,0.5693607832602627,0.07866930649446774,0.5245695652960309,0.04479121796423183
6518,0.5592237803862207,0.08160533296239598,0.5135881375873134,0.04563564279890735
6519,0.5587071216030137,0.08352797839772398,0.5120394452191026,0.046667676383911075
6520,0.5763764673147332,0.07850636676764391,0.5311272449754839,0.04524922233924937
6521,0.5733600426286963,0.08117918364265077,0.5268151424347833,0.04654490019391301
6522,0.5800923969538871,0.09004286789571901,0.5278592138876573,0.05223318306622986
6523,0.591000385991772,0.08940472663023973,0.5381621580438114,0.05283822794796053
6524,0.5806107592114176,0.08900316408488351,0.528934564539875,0.05167619467154259
6525,0.585824647558501,0.08179628573597103,0.5379063672956313,0.04791828026286968
6526,0.5983161238025417,0.08344012983615458,0.5483925487493929,0.049923575053148816
6527,0.6025773586638231,0.08186663067878612,0.5532463805866935,0.04933097807712965
6528,0.5905688915564089,0.07859395113423676,0.5441537489520242,0.04641514260438477
6529,0.6048835304088601,0.06734259019299342,0.5641491067060451,0.04073442370281494
6530,0.5915130268898996,0.07147537536510704,0.5492344112595934,0.04227861563030622
6531,0.5947820043523504,0.07182235252300709,0.5520633615614151,0.04271864279093525
6532,0.5957439307480807,0.07284662512804756,0.5523459959525657,0.043397934795514966
6533,0.5851658407911794,0.07094977206382222,0.5436484577675104,0.04151738302366906
6534,0.5862925058532759,0.07206001107476105,0.5440442613884394,0.042248244464836465
6535,0.5969134045588489,0.06740117713154536,0.5566807384459841,0.04023266611286477
6536,0.5791507158621233,0.0719995247330498,0.5374521395712448,0.04169857629087844
6537,0.6073416186151471,0.07742041449775258,0.5603209787602265,0.04702063985492066
6538,0.6021722603602772,0.06548208941848985,0.5627407625620313,0.03943149779824582
6539,0.5685789804942083,0.05887743550798311,0.5351025082389658,0.033476472255242536
6540,0.5907931925780946,0.06987843293149296,0.5495094900941436,0.04128370248395098
6541,0.61066939517441,0.06383839428414993,0.5716852415480026,0.03898415362640735
6542,0.6042324757595413,0.0799947974561369,0.5558970212447366,0.04833545451480466
6543,0.6041867599666186,0.08025962574691863,0.5556949567304544,0.048491803236164165
6544,0.594848710751785,0.07969507616213448,0.547442197443474,0.047406513308311006
6545,0.5924865743496442,0.07961104462140511,0.5453180992415112,0.04716847510813299
6546,0.5877789271181937,0.07354802737820584,0.5445489464941723,0.043229980624021364
6547,0.6117219723752348,0.07770174392967603,0.564190108321578,0.04753186405365686
6548,0.6261583630604031,0.0752367285340892,0.5790482562794779,0.04711010678092522
6549,0.6384837272238318,0.06906771538684961,0.5943851148728013,0.04409861235103054
6550,0.6358458930702807,0.08061389479774358,0.5845878791387358,0.05125801393154493
6551,0.6373465852481603,0.07842225430594651,0.5873644292588025,0.049982155989357846
6552,0.6244969527035501,0.07902038962509633,0.5751489601812302,0.04934799252231988
6553,0.6325040634984278,0.07090022526613879,0.5876593829146411,0.044844680583786684
6554,0.6434133358237727,0.07608303951744468,0.5944604935682417,0.048952842255530996
6555,0.6474899727245361,0.07561613030458612,0.5985292865760847,0.048960686148451435
6556,0.6434142670182356,0.07122523479186656,0.597586934781425,0.04582733223681055
6557,0.6414806115725905,0.06697986036895619,0.5985143297800658,0.042966281792524735
6558,0.6514442615158487,0.06414735402375794,0.609655835845646,0.041788425670202696
6559,0.6544465629268349,0.05740291654802813,0.616879421490002,0.03756714143683294
6560,0.6351406017866709,0.054942504543141,0.6002443863874733,0.034896215399197475
6561,0.6318492715801534,0.05686620939460045,0.5959183985966506,0.03593087298350277
6562,0.6410866527316001,0.05870796762168057,0.6034497582803418,0.037636894451258354
6563,0.6343563777415253,0.06127833735174491,0.5954840736250492,0.03887230411647612
6564,0.6421559041685158,0.06235008262529988,0.6021174304852847,0.04003847368323111
6565,0.6505827302875776,0.06393642872987217,0.6089867939196603,0.041595936367917356
6566,0.6411676864274527,0.06896794905214355,0.5969476660960434,0.04422002033140931
6567,0.6435453494454938,0.06852717300283202,0.5994450059488745,0.04410034349661934
6568,0.6432636738333275,0.059824370597086854,0.6047808294182789,0.03848284441504859
6569,0.6487944622724576,0.05644273721783006,0.6121747269300299,0.036619735342427684
6570,0.6494580897385291,0.05235810398685395,0.6154536955408957,0.03400439419763343
6571,0.667244846364055,0.04932684631536127,0.6343317623727385,0.03291308399131659
6572,0.6635973731800683,0.054480634920719494,0.6274441669574965,0.03615320622257175
6573,0.655033984769025,0.05206041267773914,0.6209326452040056,0.03410133956501934
6574,0.6637298156630307,0.045520294901661575,0.6335166387190241,0.03021317694400663
6575,0.6733284808354708,0.0451227767922497,0.6429460300868672,0.030382450748603528
6576,0.6681265913215573,0.042990860664151226,0.6394032541280379,0.02872333719351938
6577,0.683187007988594,0.04256581513681172,0.65410659610268,0.029080411885914006
6578,0.6658155589756322,0.03889764271410818,0.6399169032491038,0.02589865572652836
6579,0.6672598014251984,0.034021012247380696,0.6445589475487269,0.022700853876471486
6580,0.6579055105654977,0.035169371580043435,0.6347673871998616,0.02313812336563618
6581,0.6503835937227972,0.039809404498736045,0.6244922101609448,0.02589138356185244
6582,0.6634076078926613,0.050171865580071515,0.6301232105646739,0.033284397327987394
6583,0.6750331688778622,0.05053742164579196,0.6409187329973867,0.034114435880475615
6584,0.6670207163143569,0.04784710681762007,0.6351057048512984,0.03191501146305849
6585,0.6590628290573194,0.04614970326824131,0.6286472750611964,0.03041555399612294
6586,0.651236092841869,0.04292771563173072,0.6232800150392339,0.027956077802635138
6587,0.6555347553882626,0.03922125457152097,0.6298238598666998,0.025710895521562777
6588,0.6566400912828793,0.03815266548764648,0.6315875215343859,0.02505256974849334
6589,0.6654715921356164,0.038647156083040604,0.6397530076455217,0.0257185844900947
6590,0.6620023262377496,0.04367390842172491,0.6330900972666732,0.028912228971076332
6591,0.6505725679936876,0.04385608384439604,0.6220410029048924,0.028531565088795206
6592,0.6643778490265422,0.04048521905355975,0.6374803662743698,0.026897482752172408
6593,0.6574658441722437,0.042464325546892945,0.6295470005293508,0.027918843642892946
6594,0.6309546991261645,0.04110969072433741,0.6050163465840206,0.025938352542143987
6595,0.642073672627825,0.043272263282181804,0.6142896916193163,0.02778398100850865
6596,0.6480555567337288,0.04826881550643114,0.616774682627831,0.031280874105897874
6597,0.6379383195573017,0.0409993143980434,0.6117832858272124,0.026155033730089292
6598,0.6320813621931541,0.03859514139520389,0.6076860926460362,0.024395269547117866
6599,0.6272767819986779,0.03639091487798413,0.6044496060200282,0.022827175978649694
6600,0.6302220958699236,0.03968491933420021,0.605211782832695,0.025010313037228508
6601,0.6268728138798229,0.05181035543404896,0.5943943105807669,0.03247850329905604
6602,0.6128435904240631,0.050961730787165725,0.581612020354232,0.03123157006983116
6603,0.6117731840804798,0.052161933871696965,0.5798619117079963,0.03191127237248348
6604,0.6378630341114233,0.0598394829012899,0.5996936399883479,0.03816939412307541
6605,0.6220729160277698,0.0664257449772045,0.5807512591504832,0.041321656877286596
6606,0.6155559773855388,0.06519515818113651,0.5754247080705445,0.04013126931499429
6607,0.6023573235276797,0.0615902131212348,0.5652580075964733,0.03709931593120637
6608,0.5822922201324543,0.06112047702277891,0.5467022418713057,0.03558997826114859
6609,0.5739824584725471,0.06751213843506518,0.5352316752768495,0.03875078319569765
6610,0.5745931858524678,0.06871502845297084,0.5351099987377322,0.03948318711473549
6611,0.5629652345557047,0.06161667678481308,0.5282771876569994,0.03468804689870534
6612,0.5646695110856106,0.07906727455525864,0.5200226318196209,0.044646879265989634
6613,0.5853238814499399,0.07224746040940136,0.5430357174982082,0.04228816395173166
6614,0.5767972069094548,0.07748331006803696,0.5321050500801119,0.04469215682934296
6615,0.5617080798733326,0.06936576436574969,0.5227447695625013,0.0389633103108313
6616,0.5660257307195977,0.06734536168054414,0.5279065231637922,0.03811920755580559
6617,0.5566060766878735,0.06213036348569014,0.522023938824912,0.03458213786296151
6618,0.5508956222792433,0.06354532300624881,0.5158887820187803,0.03500684026046295
6619,0.5429017034782095,0.05706154051182522,0.5119228959312487,0.03097880754696078
6620,0.5530840079436317,0.062315510754626775,0.5186182954984082,0.03446571244522346
6621,0.5463030230610708,0.06378732020006311,0.5114558172028119,0.03484720585825899
6622,0.568266714862019,0.06177348285316266,0.533162900695467,0.035103814166552005
6623,0.5716840820439146,0.05949899723448308,0.5376694524273857,0.034014629616528874
6624,0.5619753218412085,0.05405936699129089,0.5315952916777458,0.030380030163462697
6625,0.5810758525482508,0.05201618164580218,0.5508505054521116,0.030225347096139176
6626,0.5824426754814982,0.05541917480041649,0.5501641830377668,0.032278492443731405
6627,0.5663895836575932,0.05536006122674719,0.535034221628117,0.03135536202947621
6628,0.5558510287391604,0.055906038968385856,0.5247755994658515,0.031075429273308867
6629,0.5263233734776787,0.05689570621544316,0.4963778334459717,0.029945540031706974
6630,0.53823443018431,0.06170429195455315,0.5050230557642248,0.033211374420085225
6631,0.5460030253412526,0.05237987420397331,0.5174034555588889,0.028599569782363662
6632,0.5387698800120361,0.0547031005256202,0.5092974971055614,0.02947238290647474
6633,0.5433620388320447,0.05616209579089421,0.5128456879580239,0.030516350874020874
6634,0.5589863055868844,0.05218746877598462,0.5298142252178659,0.029172080369018527
6635,0.5662302538995395,0.05029957144209688,0.537749114790843,0.028481139108696544
6636,0.5701080197582287,0.059332933738165484,0.536281838398317,0.03382618135991172
6637,0.5823467330456801,0.05638325147924164,0.5495121307482507,0.03283460229742938
6638,0.5747492111930208,0.05422034590031024,0.5435861101562047,0.03116310103681605
6639,0.5694670630389161,0.05420152614214837,0.5386010791345199,0.030865983904396266
6640,0.5580201517331057,0.05247400251251836,0.5287386008890268,0.029281550844078866
6641,0.5608444089362757,0.051184955646289186,0.5321376127404032,0.028706796195872547
6642,0.5524915830672691,0.05637261709076828,0.5213461866091456,0.031145396458123555
6643,0.5691900790507574,0.05413448453091672,0.5383772675212328,0.030812811529524486
6644,0.5666188858050882,0.05111551346136063,0.5376558705202571,0.02896301528483115
6645,0.5542562736896566,0.046189290648053785,0.5286555695706978,0.025600704118958793
6646,0.5506086244157994,0.04557509362220363,0.5255145848088566,0.025094039606942814
6647,0.5444345686633273,0.046435796759191454,0.519153315684199,0.02528125297912833
6648,0.5319794715456034,0.04436658143449018,0.5083773609997984,0.023602110545805067
6649,0.5385895193116134,0.04483023750010365,0.5144444232458071,0.02414509606580629
6650,0.5476597124993626,0.041982256538267274,0.5246677219535407,0.022991990545821944
6651,0.5361732547916486,0.044959922654340796,0.5120669467268899,0.02410630806475868
6652,0.5512763421112615,0.04346810268443358,0.5273134054648703,0.023962936646391254
6653,0.5310133528230551,0.039762537862888955,0.5098989142757288,0.02111443854732634
6654,0.540531150587466,0.03948441697208099,0.5191885932512719,0.021342557336194213
6655,0.5452049270624445,0.03732432384951776,0.5248555218004131,0.020349405262031387
6656,0.5440944630491267,0.03719368427786392,0.5238575853731435,0.020236877675983114
6657,0.5452824343634671,0.035385012974644976,0.5259876083486699,0.019294826014797282
6658,0.5321378564036772,0.03511125493865167,0.51345382846498,0.018684027938697126
6659,0.5230639810292717,0.036300078943318985,0.5040767172255024,0.018987263803769264
6660,0.5295466936125135,0.03826228798728236,0.5092850255187983,0.020261668093715168
6661,0.5469775998473354,0.037216620939838435,0.5266209418512345,0.02035665799610091
6662,0.5283422643143223,0.043456713550963616,0.5053822458771473,0.02296001843717501
6663,0.5195887763053493,0.03861851499179875,0.4995230293580308,0.020065746947318497
6664,0.5488813227040551,0.03865221803982101,0.5276658421409126,0.021215480563142496
6665,0.536190525738192,0.03400965923892429,0.5179548686706965,0.018235657067495574
6666,0.5304583887679282,0.0335056410753033,0.5126850403884863,0.017773348379441903
6667,0.547925868001412,0.03473572608988876,0.5288932651329503,0.01903260286846159
6668,0.558663393110058,0.03654404970232494,0.5382475703053745,0.020415822804683455
6669,0.5376056283502252,0.03572341281284909,0.518400520558159,0.01920510779206622
6670,0.5320914587179113,0.03542494696003118,0.5132421470149436,0.01884931170296763
6671,0.5182074244831425,0.039464792173346815,0.49775647617323,0.020450948309912533
6672,0.525795409898274,0.03627523995616897,0.5067220552363619,0.019073354661912113
6673,0.5566612662893158,0.03564260577227496,0.5368204082262703,0.019840858063045457
6674,0.5524568028890225,0.03136837233791285,0.5351271321953868,0.017329670693635786
6675,0.5396378524863282,0.03217026066656611,0.522277562106297,0.01736029038003113
6676,0.5402379636421655,0.03347677641066254,0.522152538124765,0.01808542551740041
6677,0.5351132517161722,0.03293165062024935,0.5174910890683897,0.01762216264778253
6678,0.5331518194379867,0.030630021626512807,0.5168213676783866,0.016330451759600184
6679,0.5430615128426148,0.03721409353752822,0.5228519709070582,0.02020954193555665
6680,0.5342094130315259,0.03674800514088159,0.5145782827751361,0.01963113025638985
6681,0.5337329390844328,0.045836458913155305,0.5092685111514915,0.024464427932941225
6682,0.5235027253361595,0.04867784327243618,0.4980197417195527,0.025482983616606777
6683,0.5155761773051606,0.04410838562019439,0.49283494445999887,0.02274123284516174
6684,0.5330443646281089,0.044183180693181424,0.509492769148263,0.02355159547984582
6685,0.5495858302576256,0.03523607899978214,0.5302205805255071,0.019365249732118558
6686,0.5565603373006431,0.0352597108738192,0.5369361807235872,0.019624156577055966
6687,0.5432056008513371,0.041146953238025925,0.5208543453944733,0.02235125545686374
6688,0.5415634496084322,0.04157965999628845,0.5190454255072965,0.022518024101135705
6689,0.5335426046710945,0.03437114319090928,0.5152041354074935,0.01833846926360089
6690,0.5257018694844281,0.03764091804664623,0.505913968498196,0.019787900986232072
6691,0.5261864354116483,0.037449010745703136,0.5064812739376743,0.019705161473974046
6692,0.5284233687930981,0.04117348540281497,0.5066663369315892,0.02175703186150894
6693,0.5078772077360328,0.04766637590386658,0.483668541839081,0.024208665896951878
6694,0.514264218597442,0.043716209583279785,0.4917825362360546,0.022481682361387385
6695,0.5170032758010751,0.04319672133090785,0.4946704293691295,0.022332846431945535
6696,0.5328181096160672,0.0399747815622993,0.5115188220717277,0.021299287544339532
6697,0.5619875268643401,0.03301739412489317,0.5434321631965862,0.018555363667753906
6698,0.5690723635795445,0.030753825431466132,0.5515712114521474,0.017501152127397137
6699,0.5571516228842179,0.03380978938306349,0.5383144438600705,0.018837179024147426
6700,0.5617910444856961,0.034109428982129215,0.542628672751015,0.019162371734681043
6701,0.5510479000283309,0.0339303117652199,0.5323506729827999,0.018697227045530996
6702,0.539413018077148,0.034288446832120234,0.5209173834862563,0.0184956345908918
6703,0.5384744107511777,0.04306497692059373,0.515285022679848,0.023189388071329777
6704,0.5357877952795695,0.03751917562623152,0.515685478890084,0.02010231638948555
6705,0.5349429557228887,0.03503580521912693,0.5162007985228376,0.018742157200051172
6706,0.5372290342258029,0.04461195857929544,0.5132621948033265,0.02396683942247641
6707,0.5276716969989906,0.03924848918327119,0.5069613801070074,0.020710316891983237
6708,0.5306872896387035,0.03447867978491281,0.5123898925133273,0.018297397125376133
6709,0.5508414947686257,0.03638796851988948,0.530797491797536,0.020044002971089613
6710,0.5441975880432975,0.036510455312543516,0.5243286863238488,0.01986890171944878
6711,0.5364405480250976,0.0328538019453201,0.518816436504842,0.01762411152025553
6712,0.5441430306305134,0.03921981269142756,0.522801842891839,0.021341187738674466
6713,0.5354395609058797,0.04123115163547112,0.5133627711785393,0.022076789727340403
6714,0.5465169025117124,0.03857218538255754,0.5254365512333294,0.021080351278382897
6715,0.5794501911241634,0.03965174369867001,0.5564739806595628,0.022976210464600678
6716,0.5833445239168892,0.050487581029208216,0.5538928699976904,0.029451653919198833
6717,0.575652560642756,0.04967128407118061,0.5470591587767671,0.02859340186598886
6718,0.568564744625733,0.04426980312391792,0.5433944953179511,0.02517024930778187
6719,0.549953880640322,0.04246595098262511,0.5265995661023456,0.023354314537976376
6720,0.5219060210672075,0.04257217479865417,0.49968734670986426,0.022218674357343243
6721,0.5343722295425027,0.040990695605400695,0.5124679401413467,0.02190428940115604
6722,0.543008403183495,0.041632063077428005,0.5204018430905862,0.02260656009290872
6723,0.5409955628121499,0.037853975360328945,0.5205167301074115,0.020478832704738412
6724,0.5425756853138791,0.048191264148029905,0.5164282771426196,0.0261474081712595
6725,0.5446000730170266,0.04514295417946535,0.5200152168746855,0.024584856142341117
6726,0.5388162049197718,0.03868159388909837,0.5179739353002,0.02084226961957182
6727,0.530825396143431,0.03873162881304612,0.5102656639354655,0.020559732207965534
6728,0.5367235446582675,0.037961453734924336,0.5163487386492781,0.02037480600898942
6729,0.5274325077088711,0.0392869099482651,0.506711314274725,0.020721193434146055
6730,0.5345836277741022,0.03741429292778657,0.5145825593301631,0.02000106844393908
6731,0.5535457567005947,0.0391782613477043,0.5318587963766661,0.02168696032392864
6732,0.5534257933511041,0.043813408224084686,0.5291783231452742,0.024247470205829857
6733,0.5752903126381516,0.040515289646133226,0.5519822589910023,0.02330805364714925
6734,0.5695481588433142,0.04168666514736401,0.5458055954603153,0.023742563382998925
6735,0.5616379897725837,0.04428638180004408,0.5367650753241058,0.024872914448477893
6736,0.5649570120629701,0.043808735166471525,0.5402069599410624,0.024750052121907715
6737,0.5702432873125712,0.04025445297412749,0.5472884557196355,0.02295483159293577
6738,0.5875875583720398,0.036935371391350114,0.5658847936786319,0.021702764693407903
6739,0.5926392305618379,0.03685211802909953,0.5707992196884983,0.02184001087333958
6740,0.587934429393762,0.037831984974431805,0.565691702894986,0.022242726498775938
6741,0.5786797932566269,0.03550517272592458,0.558133667244048,0.020546126012578863
6742,0.560354310317371,0.039335205110715324,0.5383126585863638,0.022041651731007215
6743,0.5631642218344423,0.03839964013141638,0.5415389183811106,0.021625303453331725
6744,0.5780636949621689,0.0362738604184451,0.5570950931781405,0.020968601784028342
6745,0.5866822361085487,0.04455521491997004,0.5605424829890038,0.026139753119544997
6746,0.5595034067633622,0.04620047328596466,0.5336540845657852,0.025849322197576935
6747,0.5308785268812891,0.04545075322600849,0.5067496979630207,0.024128828918268386
6748,0.5352520213770868,0.049205541584646066,0.5089146557809507,0.02633736559613611
6749,0.5329799910291111,0.04912640757085885,0.5067965987627023,0.026183392266408805
6750,0.5389422948955985,0.06374161685624956,0.5045892416267355,0.0343530532688631
6751,0.5422764476430486,0.06095356841852516,0.5092227630898832,0.03305368455316534
6752,0.5228206900595826,0.06100364200263608,0.49092672385161673,0.03189396620796594
6753,0.5208036660357974,0.06404743698975614,0.4874475260513357,0.033356139984461734
6754,0.5174491529621305,0.0642862179208476,0.4841843039518489,0.033264849010281525
6755,0.522172175354844,0.06236770844994632,0.4896054933616388,0.03256668199320515
6756,0.5322575703648044,0.06289862158566951,0.4987793028603207,0.0334782675044837
6757,0.5652411107758468,0.053749752296578496,0.5348595410838022,0.03038156969204465
6758,0.5675798704236148,0.05930601847222375,0.5339189681438096,0.03366090227980526
6759,0.5515559368269238,0.05823466964206372,0.519436259056689,0.032119677770234875
6760,0.5569112637675007,0.05462922043982347,0.5264876355737252,0.030423628193775466
6761,0.5458949492724327,0.05710544397097389,0.5147213758327182,0.031173573439714535
6762,0.5306886590627358,0.06634674909076352,0.4954791917545867,0.03520946730814908
6763,0.5423061100251036,0.05747612288469436,0.5111364574041802,0.031169652620923437
6764,0.5482735420102923,0.05856304316433888,0.5161649749036786,0.032108567106613715
6765,0.5325990724670961,0.0664658552730587,0.49719941959793285,0.035399652869163314
6766,0.5244870907860164,0.05837111620511379,0.49387219386166376,0.030614896924352628
6767,0.518160157798203,0.06398587688771136,0.4850052257332101,0.03315493206499291
6768,0.537243632943504,0.05921517316460957,0.5054306581871705,0.03181297475633353
6769,0.5722904261739606,0.0643529294801169,0.5354618607362417,0.03682856543771893
6770,0.5781250484030285,0.07651533290133612,0.5338896178658696,0.04423543053715878
6771,0.5589915737100443,0.0804439598673924,0.514024077988303,0.04496749572174132
6772,0.5668156606837534,0.08583648426478813,0.518162197144437,0.04865346353931649
6773,0.5729004843256296,0.08335006754516867,0.5251491902604285,0.04775129406520107
6774,0.5733315425265302,0.06897452552049,0.5337862714148321,0.039545271111698053
6775,0.5832292024872209,0.08560757398861224,0.5333003653829768,0.04992883710424407
6776,0.5543758937072716,0.07137576766839164,0.5148068887170644,0.0395690049902072
6777,0.5609111653868707,0.0770842383545751,0.5176737554184466,0.04323740996842404
6778,0.5657790022674518,0.07284076250690863,0.5245672283318926,0.04121177393555918
6779,0.5505330972150101,0.07184368200364283,0.5109807724462143,0.03955232476879577
6780,0.56271676394151,0.06742010773086467,0.5247783390946099,0.037938424846900146
6781,0.5644307662706124,0.05521283588317915,0.533266943005096,0.031163823265516373
6782,0.55628788420027,0.054559776657377684,0.525936941481098,0.030350942719171912
6783,0.5520396482411815,0.06526591507365721,0.5160102754417809,0.03602937279940055
6784,0.5886918787572408,0.08214960424750468,0.5403310738936135,0.048360804863627344
6785,0.5864849620194378,0.07468027567262615,0.5426861033779765,0.0437988586414613
6786,0.5741526558381544,0.08053097980089031,0.5279155799082245,0.04623707592992995
6787,0.5616296146607633,0.06835593062287788,0.5232388996852586,0.03839071497550478
6788,0.5468651693275753,0.06533430945783496,0.5111361111230163,0.03572905820455912
6789,0.5632561708469266,0.05996462244148567,0.5294807272242537,0.0337754436226729
6790,0.5444381555185709,0.06343490932877387,0.5099017704881255,0.03453638503044543
6791,0.6102870148062387,0.05481795472687766,0.576832328858189,0.033454685948049706
6792,0.5487764798360936,0.06415855151109517,0.5135677757864521,0.03520870404964149
6793,0.6580153360828437,0.05923797074731512,0.6190358428526834,0.03897949323016022
6794,0.6538430282542891,0.061240311933014456,0.6138014772487697,0.04004155100551945
6795,0.6519818157476427,0.06445063517644295,0.6099611735992165,0.042020642148426164
6796,0.6517087524047873,0.05031161326266818,0.6189202336939017,0.03278851871088563
6797,0.6634557835656564,0.055201624477771626,0.6268319465436593,0.03662383702199709
6798,0.6536935569266692,0.059073636321951596,0.6150775014787802,0.03861605544788902
6799,0.6321754159566816,0.048157249126988814,0.6017315869584979,0.030443828998183695
6800,0.5882719883841114,0.052129480983607854,0.5576056749524527,0.030666313431658716
6801,0.6253148145113786,0.044567022344900745,0.5974463952004525,0.027868419310926075
6802,0.605431842083609,0.05719631394183818,0.5708033723734095,0.0346284697101995
6803,0.5614980312881839,0.053018339439217646,0.5317283380708945,0.029769693217289384
6804,0.6029749660348837,0.0536896452358132,0.5706014540223943,0.03237351201248942
6805,0.6372093395886914,0.05555659064075837,0.6018081611566946,0.035401178431996916
6806,0.6077248401377392,0.06740910798435741,0.566758650764118,0.040966189373621203
6807,0.6311291415588072,0.06678722238931438,0.588977779225142,0.04215136233366513
6808,0.6500041080812603,0.06873359217934971,0.605326990801501,0.044677117279759294
6809,0.5871459866516897,0.06935774673149192,0.5464228640150899,0.04072312263659983
6810,0.6290314219664183,0.058908703296622504,0.591975996565546,0.03705542540087228
6811,0.6623668968070251,0.07867315106197882,0.6102564058760719,0.05211049093095322
6812,0.5848203502099494,0.0723466041271047,0.5425105838478355,0.042309766362113935
6813,0.637591243907006,0.0613247279671216,0.5984911343201901,0.03910010958681582
6814,0.6600208285621942,0.0559108869888029,0.6231184786061974,0.036902349955996894
6815,0.6528748360952016,0.05364195837036708,0.6178533513163226,0.035021484778879036
6816,0.5877368126667257,0.05895470366331782,0.553086963043936,0.034649849622789754
6817,0.6454920105593466,0.049717673363831004,0.6133996496193944,0.032092360939952144
6818,0.6749364400229476,0.05488829563369036,0.6378903291690176,0.03704611085393007
6819,0.680732569960509,0.06031376745860693,0.639675024034411,0.04105754592609801
6820,0.6771746834956851,0.06261757595160641,0.634771646319389,0.04240303717629609
6821,0.6726948630735438,0.05741641730331712,0.6340711340975154,0.03862372897602836
6822,0.6405273326641451,0.0602928999674566,0.601908082269404,0.038619250394741095
6823,0.6667257264863625,0.055250952825522386,0.6298884948247023,0.036837231661660155
6824,0.6502575754840753,0.0485827763797307,0.6186662571051066,0.03159131837896868
6825,0.6475870338081227,0.05430207659253414,0.612421713097942,0.03516532071018067
6826,0.6332815826832093,0.045199409027104495,0.6046576293981789,0.028623953285030476
6827,0.6217076738014169,0.05561314803639685,0.5871325529029348,0.03457512089848212
6828,0.616184278100815,0.058028370986699246,0.5804281082150095,0.03575616988580555
6829,0.6305779912806486,0.05716218908777637,0.594532772908474,0.036045218372174635
6830,0.6015613274843451,0.047590503245575504,0.5729327211762887,0.028628606308056432
6831,0.5854138546126361,0.0489044661631122,0.5567845025683154,0.028629352044320745
6832,0.5876789268084143,0.05604019736829322,0.554745283760884,0.032933643047530284
6833,0.5842766543451455,0.04837429211501877,0.5560126847918676,0.028263969553277923
6834,0.5951651311507362,0.0485989053573162,0.5662407572699669,0.028924373880769315
6835,0.6153728316026178,0.0534695722535881,0.5824691095203465,0.032903722082271276
6836,0.6227901274679424,0.05890832769071755,0.586102602556517,0.0366875249114253
6837,0.6092502750242728,0.0566770104400677,0.5747197908261079,0.034530484198164825
6838,0.6130858749924332,0.05487928687508649,0.57944015937966,0.03364571561277315
6839,0.6113927061768598,0.03809009462654164,0.5881047001446058,0.023288006032253963
6840,0.6127214715784189,0.037220447057107274,0.5899157044847816,0.0228057670936374
6841,0.6197041392158924,0.044005183979067504,0.5924339445571074,0.027270194658785007
6842,0.6010372883669703,0.04595627999881646,0.5734158504530484,0.02762143791392188
6843,0.6075686728843644,0.042166751845853875,0.5819494754255347,0.025619197458829766
6844,0.6172453870727242,0.03966220902002916,0.592764071513997,0.024481315558727196
6845,0.6186997000412628,0.03905253688286579,0.5945379071859834,0.02416179285527942
6846,0.621429951450215,0.03262115116606193,0.6011581910648389,0.020271760385375988
6847,0.6402100437864829,0.03410187209361108,0.6183776827602312,0.021832361026251794
6848,0.6399086990225272,0.05156257915143579,0.6069133560794858,0.032995342943041364
6849,0.6532274370639606,0.06238232585046394,0.6124775902305731,0.040749846833387414
6850,0.6410908155655335,0.060684513698295785,0.6021865311864952,0.038904284379038236
6851,0.6464992691670108,0.08449790390144286,0.5918714360485837,0.05462783311842712
6852,0.6241087859181421,0.05655908829306319,0.5888097619909214,0.035299023927220674
6853,0.6432726195457233,0.06724439910434317,0.6000161387840944,0.04325648076162892
6854,0.6419846153926866,0.07715101382377712,0.5924548514558732,0.0495297639368134
6855,0.6308757407752141,0.05388548917841644,0.5968806928727459,0.03399504790246826
6856,0.6408732073468266,0.07280346511695869,0.5942154171513585,0.046657790195468125
6857,0.6286993300894566,0.07310373641873083,0.5827390599759643,0.04596027011349228
6858,0.6323095540202835,0.06990215224088858,0.5881097553117893,0.04419979870849423
6859,0.6347512907640799,0.07743883414044819,0.5855968908381649,0.049154399925914985
6860,0.6245543684105818,0.07759165471036822,0.5760941615090158,0.048460206901565966
6861,0.6334374072986587,0.08318398669770276,0.5807455584360998,0.05269184886255895
6862,0.6230843061548633,0.0801110010591792,0.5731683986445332,0.0499159075103302
6863,0.6143749532936799,0.09671476706492611,0.5549558227953567,0.059419130498323106
6864,0.6092339230413194,0.08600860816233633,0.5568345612752557,0.0523993617660638
6865,0.6359242891480585,0.09924617165284959,0.572811237989054,0.06311305115900458
6866,0.6265923643909667,0.0931796665062871,0.5682066968416305,0.0583856675493362
6867,0.6125942465602497,0.08327758872211086,0.5615788748416739,0.05101537171857585
6868,0.639591320885517,0.10088457113379636,0.5750664247770833,0.0645248961084337
6869,0.6514666594534242,0.10480082390999393,0.5831924167928139,0.06827424266061029
6870,0.6265375943691812,0.08454955122332844,0.5735641219407231,0.05297347242845806
6871,0.6126019059491531,0.07953357090456505,0.5638794888260744,0.048722417123078655
6872,0.6233936788820376,0.09363889438513685,0.5650197840248405,0.05837389485719703
6873,0.630513228635804,0.09780496954699225,0.5688459015101034,0.06166732712570057
6874,0.6270144711543821,0.09481078423819161,0.5675667374155402,0.05944773373884195
6875,0.6251160626552561,0.09437998968813238,0.5661176151079671,0.05899844754728899
6876,0.6168610416977371,0.08812068449639411,0.5625028244641739,0.05435821723356331
6877,0.6340004307182521,0.08185755768812676,0.5821027038864356,0.05189772683181653
6878,0.6091012467838738,0.07266385648872623,0.5648416012004661,0.04425964558340762
6879,0.6253184157660895,0.07619339414456056,0.5776732832477717,0.04764513251831785
6880,0.6220691326978678,0.0641074425760569,0.5821898714951017,0.03987926120276608
6881,0.6120316329182663,0.06460932987460583,0.5724886792533564,0.03954295366490993
6882,0.6015459164111578,0.05584840090770339,0.5679505389070356,0.03359537750412218
6883,0.6011155772294378,0.06505115132985384,0.5620123168483532,0.0391032603810846
6884,0.5686523833398606,0.06948390725334332,0.529140193876481,0.039512189463379505
6885,0.5796734348259321,0.07232443645811033,0.5377488803224094,0.04192455450352269
6886,0.5581126788928743,0.07537600167022229,0.5160443766764727,0.04206830221640153
6887,0.5551419126621223,0.07073498552251888,0.5158739575070237,0.039267955155098656
6888,0.5460041903969424,0.06583925515656457,0.5100556811888446,0.03594850920809775
6889,0.5596238300283667,0.06937259628873553,0.5208012719942529,0.03882255803411384
6890,0.5500109380955481,0.0666681374438972,0.5133427332789473,0.03666820481660084
6891,0.5642723554761488,0.07378243383720198,0.5226389677420678,0.04163338773408107
6892,0.576305212331782,0.07249796411348265,0.5345242577297394,0.04178095460204253
6893,0.5660147977939789,0.08683106293050796,0.5168671312671311,0.049147666526847725
6894,0.5549835305798495,0.0856434394388248,0.507452832189089,0.04753069839076051
6895,0.5705838648996711,0.08133227075270634,0.5241769835125254,0.04640688138714566
6896,0.5492504844480425,0.08236458953948592,0.5040116937421156,0.04523879070592681
6897,0.5611117097164335,0.0798156597224217,0.5163262084274404,0.04478550128899312
6898,0.546004608935674,0.07431413773784773,0.5054287472217287,0.040575861713945366
6899,0.5503827883762082,0.06361509457417765,0.5153701352416562,0.03501265313455209
6900,0.5514230866482022,0.06562284420295854,0.5152371353431727,0.036185951305029475
6901,0.4906260740788149,0.037589652265839574,0.4721836105616382,0.0184424635171767
6902,0.5298772273977246,0.037555585083467485,0.5099773781003974,0.019899849297327094
6903,0.4684236450963212,0.05078593772122864,0.4446343110293085,0.023789334067012675
6904,0.49540172903986623,0.02393903581531254,0.4835422893054131,0.011859439734453116
6905,0.5534375853871059,0.0699574382248286,0.5147205096960891,0.03871707569101676
6906,0.5590896722492223,0.10064830067302949,0.5028182468134971,0.05627142543572524
6907,0.5774014344913039,0.10552790792939905,0.5164694690740026,0.060931965417301254
6908,0.5604519251732399,0.10755668130390145,0.5001715760712238,0.06028034910201619
6909,0.5584853792625643,0.10633166335999943,0.49910069992333567,0.059384679339228585
6910,0.5382357577110972,0.10752180307570457,0.480363678562182,0.057872079148915234
6911,0.5130169438579609,0.04993578423061593,0.4873990404428198,0.025617903415141145
6912,0.5466793281552229,0.056837523953174374,0.5156074287464951,0.031071899408727757
6913,0.5802013527781092,0.08368715264915369,0.5316459536009221,0.0485553991771871
6914,0.5753896757281337,0.08360240770659413,0.5272857134677453,0.048103962260388426
6915,0.5429617782290292,0.09777373099416661,0.4898743793843498,0.05308739884467946
6916,0.5530924470723606,0.09663585404859304,0.4996438860816968,0.05344856099066381
6917,0.4963798032236953,0.09693728115946947,0.4482620946767178,0.04811770854697748
6918,0.44242058169536835,0.014343795666463884,0.4360745912728919,0.006345990422476455
6919,0.5387939954764271,0.08733699678878407,0.4917373460236863,0.04705664945274086
6920,0.5384506154580734,0.11659466493420441,0.47567014636512317,0.06278046909295021
6921,0.5539021612972999,0.1180066477237713,0.48853802407565383,0.06536413722164601
6922,0.6620206262257382,0.0764820182365114,0.6113879526177946,0.050632673607943615
6923,0.6718823540508029,0.07661270426521744,0.6204076299588906,0.051474724091912276
6924,0.6677183558425157,0.0723920046985728,0.619380885489041,0.04833747035347471
6925,0.672818792869053,0.06620723544656239,0.6282733206366997,0.04454547223235328
6926,0.6637720954481406,0.06080849096636327,0.6234091159783584,0.040362979469782276
6927,0.6514620161457014,0.057673386428851316,0.6138899955448118,0.037572020600889613
6928,0.6441357083452822,0.05873161364709204,0.6063045787864512,0.03783112955883108
6929,0.6233872378962478,0.057638194522564,0.5874563230155,0.035930914880747816
6930,0.6252526802030245,0.049633394623308805,0.5942192671872263,0.031033413015798216
6931,0.6303504660794574,0.04788963127915432,0.6001632146822692,0.030187251397188287
6932,0.6374915392200239,0.051404049787482566,0.6047218923988589,0.032769646821165004
6933,0.6310871476811915,0.0460534206238309,0.6020234258187358,0.0290637218624556
6934,0.6165469922664855,0.04492654260975362,0.5888476675475097,0.027699324718975696
6935,0.603327998900916,0.0422102088515776,0.577861398061304,0.025466600839612046
6936,0.6216515343555994,0.03884981921597424,0.5975004846305514,0.024151049725048036
6937,0.6351087309080136,0.03633309084494155,0.6120332676915172,0.023075463216496395
6938,0.6340924200665935,0.050077804969505715,0.6023384635218567,0.03175395654473676
6939,0.6276648282102337,0.05749918725079574,0.5915746107222349,0.03609021748799877
6940,0.6182194635827745,0.05115611693298296,0.5865937564134881,0.031625707169286414
6941,0.5963551660128249,0.04835292102984542,0.5675196517648664,0.028835514247958476
6942,0.6034793261116783,0.046875738135697814,0.5751907872505599,0.028288538861118418
6943,0.5578139011375577,0.047517197196939455,0.5313081479980103,0.02650575313954742
6944,0.5248855819894367,0.05022464614063882,0.498523389369694,0.026362192619742722
6945,0.515199776792852,0.04739665462465171,0.49078103090950354,0.024418745883348456
6946,0.5277208772516853,0.046113767159597745,0.5033856795928424,0.024335197658842875
6947,0.4951524784256148,0.04788689144398925,0.4714411654430251,0.023711312982589643
6948,0.526586585850065,0.04977201917999529,0.5003773081992073,0.026209277650857673
6949,0.5358827681801747,0.04824529413150682,0.5100289464093161,0.025853821770858612
6950,0.5495872499930494,0.04558643924717525,0.5245335242102191,0.025053725782830265
6951,0.5371394718816419,0.04883564245607105,0.5109079206837872,0.026231551197854693
6952,0.5317922792521561,0.04416520631688903,0.508305563521256,0.023486715730900137
6953,0.5298586677856069,0.04487633332931619,0.5060805535926326,0.023778114192974303
6954,0.5379221232620821,0.04259116422947971,0.5150113937675563,0.022910729494525765
6955,0.5606330033314552,0.05053648817950496,0.5323005801855547,0.028332423145900447
6956,0.53793200910355,0.050489571733753284,0.5107720523420343,0.02715995676151571
6957,0.5279873439904121,0.04917867754291226,0.5020216246535689,0.025965719336843173
6958,0.5361913375732157,0.04913893391245131,0.5098434668717766,0.026347870701439118
6959,0.5346165445224976,0.0444327260063899,0.5108620740812465,0.023754470441251084
6960,0.5223383024421296,0.03981896369435376,0.5015393325410161,0.020798969901113535
6961,0.5471009466379089,0.04579467999817163,0.5220466338599291,0.025054312777979808
6962,0.5603235246033835,0.04925524606672883,0.532724651522067,0.027598873081316443
6963,0.5539218672284514,0.047863437364466487,0.5274092626315541,0.026512604596897305
6964,0.5457951177660463,0.0460361988646388,0.5206687851852196,0.02512633258082666
6965,0.5413018686262893,0.04501765388688172,0.5169337284561486,0.024368140170140606
6966,0.532583301320484,0.05237111424097559,0.5046913204041931,0.027891980916290995
6967,0.5463917598646912,0.048726485848077525,0.5197680095101382,0.02662375035455305
6968,0.5728208065217798,0.04974742487542253,0.5443244464822586,0.028496360039521187
6969,0.5698141954196432,0.04865028040451061,0.5420925750340069,0.027721620385636248
6970,0.5726551606022338,0.04279512760528615,0.5481483099304355,0.02450685067179823
6971,0.5907114075943759,0.04122606324600215,0.5663587017447552,0.024352705849620696
6972,0.5843946279658433,0.039080672220518725,0.5615560930628782,0.022838534902965106
6973,0.6021354197570583,0.041480035509491475,0.577158821164013,0.024976598593045334
6974,0.5579632164131199,0.043677469172981646,0.5335927952285782,0.02437042118454173
6975,0.534524814191079,0.05159179376095182,0.5069477202172218,0.027577093973857242
6976,0.5384072845118547,0.05042845170872416,0.5112562387652233,0.027151045746631377
6977,0.5397747381591161,0.047592875802833466,0.5140853060844024,0.025689432074713768
6978,0.5529118010716502,0.0441583607901001,0.5284961222748242,0.024415678796825983
6979,0.5588704586634057,0.03926824694069168,0.5369245954847535,0.021945863178652235
6980,0.5436103748198949,0.03901351752065959,0.5224022219374467,0.021208152882448296
6981,0.5586617907789804,0.038226960259688,0.5373058487042661,0.021355942074714213
6982,0.5716620339439981,0.034818257228454205,0.5517577581983946,0.019904275745603443
6983,0.5604002013327264,0.042462339039601005,0.5366042979858755,0.023795903346850892
6984,0.5475667305419631,0.039378154548829966,0.5260045632008842,0.021562167341078957
6985,0.5758115045644826,0.051619304541700696,0.5460885151517537,0.02972298941272891
6986,0.5697109925295591,0.04861699628179533,0.5420133553240516,0.027697637205507507
6987,0.5600899131117132,0.040922916139081354,0.5371694005670972,0.022920512544616002
6988,0.5560060923514405,0.04981303006200107,0.5283097441584824,0.027696348192958048
6989,0.5612343083419169,0.05237649003625915,0.5318388251830397,0.029395483158877207
6990,0.5755040443641382,0.053723271901954715,0.544586084108089,0.030917960256049204
6991,0.587118931874362,0.060072279973008104,0.5518493590213519,0.03526957285301015
6992,0.5718840811020853,0.05631800391516892,0.5396767111835553,0.03220736991853002
6993,0.5619717442675491,0.052603622616651045,0.5324099947108779,0.029561749556671284
6994,0.5634641233554102,0.058950985665909776,0.530247357896231,0.033216765459179204
6995,0.560152975578498,0.05588538835153324,0.5288486090020267,0.031304366576471274
6996,0.564551846879971,0.061347888301842846,0.5299177832369795,0.03463406364299154
6997,0.5752385798630288,0.062283879607485326,0.5394104894092591,0.03582809045376972
6998,0.5757822588995397,0.05645456129748958,0.5432767240704887,0.03250553482905108
6999,0.5718003819434051,0.05712713597584818,0.5391350637730823,0.03266531817032283
7000,0.5592724917020485,0.056831411834483515,0.5274882463984316,0.031784245303616884
7001,0.558954880571249,0.059455447183636996,0.5257219681914089,0.03323291237984002
7002,0.5797609706619383,0.05389469451706092,0.5485149302551985,0.031246040406739884
7003,0.584189809249848,0.05566044474910365,0.5516735446491075,0.032516264600740565
7004,0.5918343629720383,0.05884044277673695,0.5570105670042755,0.034823795967762784
7005,0.5896678393421614,0.050918076717891086,0.5596430870604642,0.030024752281697247
7006,0.5983845353244316,0.052016611104453804,0.5672585996595413,0.031125935664890258
7007,0.6090887800547623,0.05750612879440857,0.574062442221704,0.035026337833058356
7008,0.6103464032402823,0.061646765423901434,0.5727205216924067,0.03762588154787564
7009,0.6290542049596267,0.058730922942726665,0.5921092709213447,0.03694493403828202
7010,0.623687295209042,0.05862189435753858,0.5871255644771586,0.036561730731883436
7011,0.6221160717515557,0.054752601989780374,0.5880535980834971,0.03406247366805858
7012,0.625642238618872,0.05027338959831388,0.5941890826076243,0.03145315601124781
7013,0.6209860109307598,0.05000117467131987,0.5899359809297647,0.031050030000995068
7014,0.596033006211765,0.05864812978083599,0.5610767851097956,0.03495622110196942
7015,0.5895232807484405,0.05594353644035572,0.556543263609452,0.03298001713898844
7016,0.5977241888550405,0.053851266913750584,0.5655359840202027,0.03218820483483785
7017,0.6065601780043681,0.054566889957346876,0.573462075518695,0.03309810248567309
7018,0.6016039352476819,0.0560722449116198,0.5678706520506795,0.03373328319700228
7019,0.5973317312018821,0.05886188616475702,0.5621716588372797,0.035160072364602425
7020,0.5896268055446867,0.06289682772044736,0.5525411499369849,0.03708565560770188
7021,0.610113758161049,0.056494068055117114,0.5756459499861354,0.034467808174913565
7022,0.6076994182252993,0.054222906872221685,0.5747481892645656,0.0329512289607337
7023,0.6054642006357894,0.05595818592858926,0.5715835223235073,0.03388067831228218
7024,0.6217718983746031,0.052985816284544116,0.5888268067964342,0.03294509157816895
7025,0.603200389521064,0.0477565705081349,0.5743936075883669,0.02880678193269713
7026,0.5939606106848339,0.04584541643734809,0.566730239140606,0.02723037154422779
7027,0.602652564825888,0.046773306941005593,0.5744645114325025,0.02818805339338553
7028,0.5874425965064924,0.04698151871010764,0.5598436511676085,0.027598945338883987
7029,0.5925684789530337,0.04522188959465588,0.5657714126205464,0.026797066332487254
7030,0.5955650381861103,0.05021912328527641,0.5656562841090417,0.029908754077068625
7031,0.5861421759357358,0.04428990821887881,0.5601819927603282,0.025960183175407655
7032,0.5760140485983727,0.04138069987834519,0.5521781841276129,0.0238358644707598
7033,0.5914588135029413,0.04210421677993375,0.566555903402811,0.024902910100130245
7034,0.5746399989541893,0.04298840363505704,0.5499371427342978,0.024702856219891444
7035,0.575760396951772,0.041756485415052134,0.5517186663338907,0.024041730617881292
7036,0.5657618069614833,0.04294214611578568,0.5414667807802123,0.024295026181270947
7037,0.5799975189509757,0.041067949491397256,0.5561782101375613,0.023819308813414392
7038,0.5777840357958792,0.03719365734383896,0.556294134349747,0.021489901446132317
7039,0.5875504251820559,0.040817752040566334,0.5635679376156454,0.02398248756641048
7040,0.5724050115826678,0.03934813585567204,0.5498819414224454,0.022523070160222338
7041,0.5663446923642858,0.03269701803390466,0.5478269097446445,0.018517782619641238
7042,0.5522778601891479,0.0357982805326142,0.5325072624181449,0.019770597771003
7043,0.5622206691589121,0.03852574815151333,0.5405606972533206,0.021659971905591546
7044,0.5608691610132577,0.03549214074571252,0.5409627138106454,0.019906447202612237
7045,0.586411232670203,0.031661066185698666,0.5678448278205945,0.018566404849608437
7046,0.575786176508811,0.03556181331848101,0.5553101759884428,0.020476000520368295
7047,0.5688787569306475,0.03337662473064386,0.5498915041433381,0.018987252787309384
7048,0.5628507496830368,0.04188166569395558,0.5392776227492196,0.02357312693381722
7049,0.556646042669434,0.03530737663977404,0.5369923311858645,0.019653711483569435
7050,0.53589688651083,0.03390220497661499,0.5177288004180101,0.01816808609281994
7051,0.5469455909593264,0.038039928744668154,0.5261398196520232,0.02080577130730319
7052,0.5419501340294084,0.043018507905871715,0.518636247904076,0.02331388612533234
7053,0.5398434750569194,0.03928050969709439,0.518638148200033,0.021205326856886454
7054,0.5416163490873767,0.03844558708398167,0.5207935905724297,0.020822758514946957
7055,0.5375167288152761,0.037302705491625864,0.5174659005834578,0.02005082823181837
7056,0.5555637442742721,0.03539354675345166,0.5359003729167781,0.019663371357494113
7057,0.5738225087567081,0.03576317567271083,0.5533007935710863,0.020521715185621806
7058,0.5694635628407073,0.04234051860232753,0.5453521802649026,0.02411138257580468
7059,0.5535231454600676,0.04789436175505813,0.5270125076916055,0.02651063776846214
7060,0.5678255441581571,0.05432669736621055,0.5369774576638731,0.030848086494284027
7061,0.562469896872806,0.051336757104182174,0.5335945163986324,0.028875380474173637
7062,0.5520037508898108,0.045080221836177034,0.5271192993452963,0.024884451544514477
7063,0.5611143318073719,0.04084818858555588,0.5381938277636462,0.022920504043725705
7064,0.5653119345554748,0.03579297079435247,0.5450777409922318,0.020234193563243005
7065,0.5492045321915794,0.033529726803294115,0.5307898542680648,0.018414677923514606
7066,0.5354881245837965,0.03772551671018716,0.5152865583917037,0.020201566192092797
7067,0.5238110664195752,0.048594129149234125,0.4983569238081843,0.025454142611390892
7068,0.5392751533273314,0.04577548150731541,0.5145895735188415,0.024685579808489944
7069,0.5611604529539718,0.043162926155712836,0.5369391257616131,0.02422132719235865
7070,0.5419715873272353,0.04328479929823332,0.518512455944431,0.02345913138280431
7071,0.562756197403014,0.03573606957486744,0.542645502778932,0.020110694624081944
7072,0.5569652193519491,0.03234593514599313,0.5389496584882171,0.01801556086373198
7073,0.5339500585019473,0.04094974035413812,0.5120849422442157,0.021865116257731604
7074,0.5341046272409707,0.04196092508931723,0.5116931029874546,0.022411524253516075
7075,0.550631391708384,0.040173959434116994,0.52851034851474,0.022121043193644004
7076,0.542744534854655,0.0400401724896093,0.5210129500612819,0.021731584793373154
7077,0.5659278826964521,0.03553379703687073,0.5458183161752104,0.020109566521241715
7078,0.4814486185656324,0.02385325391600426,0.4699645024194769,0.011484116146155512
7079,0.5414371191788513,0.027029249199544587,0.5268024803586826,0.014634638820168694
7080,0.554447437720493,0.04839063045154734,0.5276173766569533,0.026830061063539683
7081,0.5743801997760017,0.04462731529840604,0.5487471534994367,0.02563304627656508
7082,0.5617757714218605,0.03757601206827664,0.5406664782552473,0.021109293166613252
7083,0.5466131008416772,0.036072542189975236,0.5268953766999727,0.01971772414170459
7084,0.5514883830275163,0.03447164203584671,0.5324776729008639,0.019010710126652466
7085,0.5239392870828349,0.03397450536316946,0.5061387089638639,0.01780057811897096
7086,0.6470793792893619,0.02570923859830657,0.6304434611351676,0.01663591815419432
7087,0.671425924595829,0.03284376989831051,0.6493737660246431,0.022052158571185792
7088,0.6719667925267079,0.03825001303070185,0.6462640539563623,0.025702738570345503
7089,0.6688375239000622,0.03243863865808769,0.6471413451412981,0.021696178758764204
7090,0.6711387701598648,0.02967965148248933,0.6512196053651335,0.019919164794731298
7091,0.6651156616804048,0.028701821993783662,0.6460256303535762,0.019090031326828617
7092,0.6456948954962863,0.028979970152792224,0.6269826766969937,0.018712218799292673
7093,0.647874489765461,0.027214008672872537,0.6302432277820509,0.017631261983410126
7094,0.6397551994005747,0.027726698543963636,0.6220168998448616,0.01773829955571308
7095,0.6407502102204246,0.02513445734445646,0.6246453013931877,0.01610490882723677
7096,0.6497011970716389,0.03274463101106138,0.6284269711060831,0.021274225965555685
7097,0.6391985947603638,0.034554418766082506,0.6171114588423227,0.02208713591804108
7098,0.6250551032913826,0.03305669331317476,0.6043928484380445,0.020662254853338006
7099,0.6353754925755875,0.029897380044044217,0.6163794300033834,0.018996062572204132
7100,0.6374274049471113,0.02677640469361031,0.6203593907894496,0.01706801415766167
7101,0.6374735361559895,0.025762065616182495,0.621050901088959,0.016422635067030483
7102,0.6255895295425216,0.026340401356567452,0.6091112502499053,0.01647827929261623
7103,0.6071027993739869,0.029804871855772117,0.5890081782353647,0.01809462113862221
7104,0.6199323790123314,0.029941243947242156,0.601370832421529,0.0185615465908024
7105,0.6230908887932435,0.030078316162604892,0.6043493640420818,0.018741524751161663
7106,0.5600355334369314,0.032234942200567426,0.541982820386328,0.01805271305060343
7107,0.5291382269613021,0.031136830861515967,0.5126625394860456,0.01647568747525651
7108,0.545144730783591,0.03672944217096418,0.5251218689194693,0.020022861864121746
7109,0.5349138475468349,0.036434218482255316,0.5154246795561297,0.019489167990705197
7110,0.522436204246418,0.03499257994430648,0.5041548136035252,0.018281390642892813
7111,0.5351288127693526,0.0355697805300893,0.5160943983438195,0.019034414425533122
7112,0.5384860076136777,0.03578842275825146,0.5192144427237964,0.019271564889881312
7113,0.5243199317947409,0.037738734648848596,0.5045327610176368,0.01978717077710412
7114,0.5364057530136649,0.03840786815901844,0.515803551572177,0.02060220144148785
7115,0.5543347080214407,0.037555273448517536,0.5335165164796913,0.020818191541749333
7116,0.559435179051539,0.037363252764548,0.5385328610512562,0.020902318000282822
7117,0.5750889118005192,0.035828190682964806,0.5544845166088715,0.020604395191647733
7118,0.5777394019581066,0.03472911815276713,0.5576750220059945,0.020064379952112105
7119,0.5716401236799457,0.040569394543116595,0.548449029965698,0.023191093714247685
7120,0.560296022401646,0.04338199637400443,0.5359892623894487,0.024306760012197313
7121,0.5470119668649647,0.04176470250166766,0.5241661748039973,0.022845792060967336
7122,0.5259501348628426,0.04312151155106214,0.5032703700470719,0.022679764815770758
7123,0.5361396194577914,0.04265484747032334,0.5132706657670222,0.022868953690769293
7124,0.4557848886725072,0.02877527878873156,0.44266955143326486,0.013115337239242372
7125,0.5047364416552574,0.027625452264930163,0.4907928691799394,0.013943572475318022
7126,0.5194042250997278,0.05314049558834359,0.4918028271672487,0.027601397932479108
7127,0.5189990309443065,0.0441855003998884,0.4960667990549752,0.02293223188933135
7128,0.5446050228772629,0.02248807290416365,0.5323579054188252,0.0122471174584376
7129,0.5250636914285743,0.04164936718865209,0.5031951209468365,0.021868570481737806
7130,0.5206075076451664,0.04744669052765543,0.49590640434355215,0.02470110330161422
7131,0.5245080368062263,0.05128587057472288,0.49760818551518016,0.026899851291046103
7132,0.472004841262577,0.024047070396440468,0.4606545076172751,0.011350333645301898
7133,0.5146838968820328,0.041964953457354244,0.49308521110412856,0.021598685777904216
7134,0.5388289125363563,0.04769007418091519,0.5131321217266757,0.025696790809680698
7135,0.5611306824024248,0.04519587002806444,0.5357698930118057,0.025360789390619098
7136,0.5616433232138087,0.04692297273271681,0.5352893488731347,0.026353974340674
7137,0.5522515862793149,0.041240773287314965,0.5294763038120096,0.022775282467305286
7138,0.5427533004002227,0.04356160884669606,0.5191100934279349,0.023643206972287827
7139,0.5265444068612258,0.04138728892463675,0.5047521613628088,0.02179224549841704
7140,0.5294591741710815,0.04520216307753508,0.5055264742373032,0.02393269993377827
7141,0.5428494416527814,0.04639697132145351,0.5176628716765502,0.02518656997623115
7142,0.5288616728753098,0.04238847758180144,0.5064440317107608,0.022417641164549078
7143,0.5335289364539061,0.042521130296472455,0.5108426830300111,0.022686253423894912
7144,0.5292511087221983,0.04502691755099758,0.5054205626859898,0.023830546036208478
7145,0.48331583643081255,0.032534374001731044,0.46759145824741305,0.015724378183399522
7146,0.4848750283527245,0.020869164717353162,0.4747560915187002,0.010118936834024293
7147,0.5495994904943864,0.043556107883434,0.5256610757937326,0.023938414700653856
7148,0.5358504807578927,0.055182566383929474,0.5062808760316098,0.029569604726282936
7149,0.5242600623664451,0.05261410601205232,0.49667658786721175,0.0275834744992333
7150,0.5188216800795125,0.05351487440496299,0.4910570030314855,0.027764677048026997
7151,0.5078393859739346,0.05169192910409219,0.4815881884379043,0.02625119753603034
7152,0.5220094182633555,0.053911945261148696,0.4938668750801374,0.028142543183218093
7153,0.5416487123237211,0.050954651399740716,0.5140491910061474,0.027599521317573653
7154,0.5188383817266372,0.04984981615600749,0.4929743837828839,0.0258639979437533
7155,0.5259812723228522,0.04683468417448582,0.5013471055519172,0.024634166770935002
7156,0.5389492894801831,0.0519904422345297,0.5109290775781228,0.028020211902060284
7157,0.5129150514928835,0.05679066658703903,0.4837862638160772,0.029128787676806305
7158,0.5190957490429927,0.05366822959146985,0.49123679920339736,0.02785894983959535
7159,0.48047659198455733,0.037664481338858434,0.46237969035199666,0.01809690163256066
7160,0.49408734688446215,0.025931469493210877,0.4812749359217462,0.012812410962715931
7161,0.5314696163371806,0.05455955796277345,0.5024728689991792,0.028996747338001373
7162,0.5254881299515014,0.06205348889019923,0.49287975811762436,0.03260837183387706
7163,0.5305493397064963,0.06504654376523054,0.49603893886166356,0.03451040084483278
7164,0.5314580164386483,0.05979578215278416,0.4996790686643321,0.031778947774316196
7165,0.5412613503470906,0.05602610279592582,0.5109365862930828,0.030324764054007716
7166,0.5341800928536772,0.0571063273626099,0.5036750296005857,0.030505063253091443
7167,0.480564296450469,0.044142357215183566,0.45935105561168904,0.021213240838779974
7168,0.47753101996382663,0.023723517371520893,0.4662023045162747,0.011328715447551931
7169,0.5373064784640985,0.05240005074319093,0.5091515917279346,0.028154886736163988
7170,0.5346744740996734,0.058795648648091635,0.5032379415794058,0.03143653252026757
7171,0.5592548005686417,0.05978893788896156,0.5258175500333396,0.0334372505353021
7172,0.53365845289573,0.058870153254632275,0.5022418979881285,0.031416554907601583
7173,0.5173596880312328,0.05830578238370395,0.48719462664678276,0.030165061384450024
7174,0.442045491881554,0.022925447292831466,0.43191140125638966,0.010134090625164327
7175,0.5286730071520398,0.045080074115122,0.5048403888069615,0.023832618345078375
7176,0.5365350165106304,0.06238376819456379,0.5030639404123648,0.03347107609826562
7177,0.556834804765042,0.06325260222267064,0.5216135543555003,0.03522125040954167
7178,0.5220410490352337,0.061357263969139084,0.4900100385868526,0.032031010448381116
7179,0.537910458652691,0.055460223145723284,0.5080778245833945,0.029832634069296603
7180,0.5370295416645552,0.052088440709858366,0.5090565102241186,0.027973031440436596
7181,0.5253300241481633,0.052615208664615026,0.49768967530982045,0.027640348838342862
7182,0.5331100903023831,0.050735293217821935,0.5060625935535121,0.027047496748870938
7183,0.5468263571250135,0.050685424968637656,0.5191102308300801,0.027716126294933332
7184,0.521431507095791,0.05516397501559087,0.4926672724660169,0.02876423462977411
7185,0.5334615202301315,0.05218552441961996,0.5056225510392344,0.027838969190897116
7186,0.5355943713998139,0.057980587866073484,0.5045402948882927,0.031054076511521304
7187,0.5166369507521343,0.0591212574251278,0.4860927245913843,0.030544226160750008
7188,0.5442306071493517,0.050698430015817954,0.5166389698003242,0.02759163734902752
7189,0.5395788336675249,0.04563099570441591,0.5149573142262484,0.024621519441276576
7190,0.5295235563577133,0.04777216770096611,0.5042270682217806,0.02529648813593266
7191,0.518745745529939,0.04741399409983761,0.4941499378120666,0.02459580771787239
7192,0.5373085788779527,0.04419536996376962,0.5135620274497343,0.02374655142821841
7193,0.6443333234241867,0.040022702285898555,0.618545362647897,0.02578796077628981
7194,0.6121925282280355,0.0395173569171033,0.5880002975880644,0.024192230639971116
7195,0.6300597150729464,0.037152890001322374,0.6066511757845767,0.023408539288369695
7196,0.6250705032613663,0.0387539032143232,0.600846581475847,0.02422392178551928
7197,0.6276836692191692,0.036125961350068014,0.6050079932448886,0.022675675974280583
7198,0.6102287402490555,0.0366719594274076,0.5878504566452041,0.022378283603851416
7199,0.5813377172692934,0.0418251190674536,0.5570231980261036,0.02431451924318987
7200,0.5899972388657241,0.040463151613009306,0.5661240911382435,0.02387314772748066
7201,0.599300116948101,0.04085648368420377,0.5748148214980695,0.0244852954500315
7202,0.5976698970517064,0.04614078761080053,0.5700929372704746,0.027576959781231803
7203,0.5988610758907468,0.043005812545658426,0.573106568720098,0.02575450717064878
7204,0.6047163206724742,0.03787964504659606,0.5818098810915173,0.022906439580956877
7205,0.6018984387033097,0.04147065407801369,0.5769373167617482,0.024961121941561484
7206,0.5946232542162251,0.04106589828646174,0.5702045161398167,0.024418738076408382
7207,0.5986548050838982,0.03657783251506883,0.5767573098891983,0.021897495194700006
7208,0.5953146523560288,0.043388589900285504,0.569484789043322,0.025829863312706765
7209,0.588360629943063,0.038602253760034434,0.5656485836035872,0.022712046339475832
7210,0.5922460794789135,0.04113843351284018,0.5678820035150299,0.024364075963883545
7211,0.5961095432836243,0.03784145197547683,0.5735518926293336,0.022557650654290697
7212,0.5466447558150698,0.03991942855881891,0.5248230095382571,0.021821746276812683
7213,0.5014959516303811,0.05036442920927342,0.47623839427575554,0.025257557354625534
7214,0.5043494739291005,0.04571929172681361,0.4812909731982709,0.02305850073082952
7215,0.5104398369419318,0.044558160714961624,0.48769557665215446,0.022744260289777406
7216,0.5158710194084999,0.04567734984825791,0.4923073983784004,0.023563621030099496
7217,0.4964422676788706,0.053695108042565144,0.4697857464789576,0.026656521199913005
7218,0.49960198666805583,0.05907949488163086,0.4700857536538478,0.029516233014208016
7219,0.5302467618797284,0.061289389542184124,0.4977482615374,0.03249850034232842
7220,0.527076067373729,0.0596670382330385,0.49562699951002115,0.031449067863707866
7221,0.5375489968069518,0.06555941744896439,0.5023075977260129,0.03524139908093898
7222,0.5413746375484078,0.06397777054461784,0.5067386952086601,0.034635942339747684
7223,0.5297470879620831,0.06501211123130117,0.4953071113550343,0.03443997660704883
7224,0.5123882654602728,0.06288320509940554,0.48016764907280585,0.03222061638746699
7225,0.5196766630199398,0.06391209423709789,0.4864630391601888,0.03321362385975095
7226,0.5108439130567912,0.07066098133577516,0.47474718085079093,0.03609673220600027
7227,0.4989612444661078,0.06590638029841689,0.46607651493415314,0.03288472953195466
7228,0.5237204657523848,0.06246025851903085,0.4910087500697836,0.0327117156826012
7229,0.5036066903362634,0.06621291262456414,0.47026142455188247,0.033345265784380934
7230,0.5154534622695264,0.06390199674866948,0.4825149567994887,0.032938505470037696
7231,0.5361225838471193,0.0626043564314195,0.5025589745170207,0.033563609330098644
7232,0.5277420135877453,0.060752296883782454,0.4956804741002174,0.03206153948752786
7233,0.5200530262324234,0.058960883363289876,0.4893902404100076,0.03066278582241585
7234,0.5049336216273685,0.05956115749871364,0.47485919066322496,0.03007443096414358
7235,0.5109838038810438,0.0609690758950719,0.4798295935610679,0.031154210319975898
7236,0.4982885540100519,0.06285228578531996,0.4669699794098583,0.03131857460019362
7237,0.5150857613775138,0.062418283840849687,0.482934992121472,0.03215076925604183
7238,0.5012731301973263,0.06610646916256582,0.4681357334739139,0.0331373967234124
7239,0.506068797468555,0.06393224915746351,0.4737146810179774,0.0323541164505776
7240,0.520576739887141,0.06638859711047612,0.4860163804376885,0.03456035944945253
7241,0.507772565159456,0.06387641226789806,0.47533787544900247,0.03243468971045354
7242,0.5047580706959797,0.06258433668652953,0.4731681216542994,0.03158994904168027
7243,0.5233946509154713,0.06235601219440327,0.49075784768050074,0.03263680323497057
7244,0.5152370198872035,0.059485464472711774,0.48458790644567734,0.030649113441526134
7245,0.5181556060919104,0.057800729114627664,0.4882058342649661,0.029949771826944225
7246,0.5118550160619777,0.05647096882017326,0.4829500674094925,0.028904948652485225
7247,0.502374732119251,0.05542042273449908,0.4745329120940714,0.027841820025179622
7248,0.5038689199883825,0.060029880049777246,0.473621729160669,0.03024719082771341
7249,0.5371014899905285,0.05225724047309741,0.5090340482696346,0.02806744172089397
7250,0.5221575365615173,0.054356575558432416,0.49377484097200625,0.02838269558951105
7251,0.5292885295545519,0.05510517492679444,0.5001219925467024,0.029166537007849387
7252,0.5248072323195805,0.058926844965810535,0.4938819979037484,0.03092523441583203
7253,0.5126615886874888,0.07015482483848608,0.47669590473169804,0.03596568395579077
7254,0.49810231346934297,0.07424493418851488,0.4611207399866646,0.03698157348267838
7255,0.5261292450649535,0.06786729195279802,0.4904222779852251,0.03570696707972842
7256,0.5137385150404441,0.08052516606215238,0.47236963580428876,0.04136887923615533
7257,0.5029252511629329,0.0803942869999373,0.46249293418142445,0.04043231698150837
7258,0.4942829108199787,0.08336422715486828,0.4530773979636125,0.04120551285636621
7259,0.48457733827764726,0.07793107202073096,0.4468137068287178,0.03776363144892944
7260,0.507857142685638,0.07235191532360358,0.47111270570155944,0.03674443698407854
7261,0.5030550288770178,0.06786021836551369,0.46891760476755356,0.03413742410946422
7262,0.517775545946328,0.06691540640992037,0.4831283848602111,0.034647161086116936
7263,0.5212932083668502,0.06876761593075156,0.4854451172265694,0.035848091140280806
7264,0.5264314367084193,0.07060239771791302,0.4892641150427191,0.03716732166570017
7265,0.5131820010474818,0.07438484876712294,0.4750090355095553,0.038172965537926457
7266,0.5117119047882022,0.0789246876361101,0.4713252025431144,0.040386702245087766
7267,0.5331078040833552,0.07105060162191833,0.49523017387389306,0.03787763020946216
7268,0.5203554529515291,0.07590604776794316,0.4808573270834806,0.03949812586804846
7269,0.5298861899384134,0.09626223550121955,0.4788781607337179,0.05100802920469551
7270,0.5102145087871642,0.10200174129086217,0.4581717404590116,0.052042768328152654
7271,0.5215572884372536,0.10476365261921192,0.466917041850395,0.054640246586858544
7272,0.5225789953489068,0.10197463126691816,0.46928919499036553,0.05328980035854132
7273,0.5426045899890285,0.09993320448235407,0.48838037454459104,0.05422421544443748
7274,0.5400257298077471,0.0975621468574631,0.487339660249435,0.052686069558312114
7275,0.5619031793826588,0.09194951737265067,0.5102364532282654,0.051666726154393425
7276,0.5389223575320459,0.0977152035747124,0.4862614496548381,0.052660907877207806
7277,0.5235467657597429,0.06171738148308893,0.49123483029311144,0.032311935466631456
7278,0.49757469643133373,0.06048790976488302,0.46747744309230616,0.030097253339027574
7279,0.5151541710777844,0.05877869748814029,0.48487407989624964,0.030280091181534758
7280,0.516165374705754,0.058980064351953854,0.48572190768935825,0.030443467016395744
7281,0.5084795619124962,0.05729218352690328,0.4793476575317261,0.029131904380770113
7282,0.5150322612846466,0.05645829275954261,0.4859544190964288,0.029077842188217823
7283,0.4976382048478841,0.058779575403349736,0.46838724246244035,0.029250962385443807
7284,0.5181445459131683,0.05676826384864614,0.4887303796190326,0.02941416629413568
7285,0.533342196529264,0.0546763555304744,0.5041809889724258,0.029161207556838188
7286,0.5153639656771495,0.05602151301463125,0.4864924965666951,0.028871469110454403
7287,0.5064830329280161,0.05769097395791709,0.4772635334652391,0.029219499462777042
7288,0.5226362811137581,0.06368757821996515,0.489350842079734,0.033285439034024165
7289,0.5216484138175606,0.06800350157122312,0.48617449508889204,0.03547391872866853
7290,0.5235558333471476,0.07168835523350092,0.4860229767815857,0.03753285656556193
7291,0.5435767679379971,0.0658719097758255,0.5077703281241506,0.035806439813846576
7292,0.5400605297635752,0.08049782759176621,0.496586830349549,0.04347369941402621
7293,0.5453186978603272,0.07964663213959848,0.5018859001330008,0.043432797727326326
7294,0.5476718803094132,0.0814314517117638,0.5030741640341063,0.04459771627530686
7295,0.5327207500471387,0.07084331266204742,0.4949810473899888,0.03773970265714986
7296,0.5152086636062222,0.06509979388639135,0.48166868579697397,0.0335399778092482
7297,0.5481383791556904,0.07724942472309095,0.5057950046972658,0.042343374458424586
7298,0.5522734272350882,0.07684780741916651,0.5098324252562031,0.042441001978885125
7299,0.5493477573599362,0.07335049200018307,0.5090528290783878,0.04029492828154851
7300,0.535881404828207,0.06842488201314581,0.4992137829297981,0.036667621898408886
7301,0.5329023416417792,0.06819661059542423,0.49656020816344504,0.03634213347833414
7302,0.53163750085342,0.07171115337492963,0.4935131624898561,0.03812433836356388
7303,0.5281055463544541,0.07095588526411285,0.4906333497999858,0.037472196554468276
7304,0.5302104315034151,0.07249395745025211,0.4917733790423267,0.03843705246108838
7305,0.5345162527536222,0.07148781585970404,0.49630485330275226,0.038211399450869966
7306,0.5439612386577444,0.07036685252248066,0.505684398399169,0.038276840258575404
7307,0.5390020991793167,0.0720068526687319,0.5001902544355744,0.03881184474374228
7308,0.5399292274408384,0.0728532130589084,0.5005936483973592,0.039335579043479216
7309,0.5616401934982782,0.07375566899893178,0.5202160452901232,0.041424148208155
7310,0.5641487073376887,0.07176808223339874,0.5236608365176119,0.04048787082007685
7311,0.5575726914980915,0.07183632559360585,0.5175187180895314,0.040053973408560054
7312,0.5674177064860841,0.06342966810259305,0.5314265896881373,0.03599111679794688
7313,0.5474898107565528,0.06581488131598957,0.5114568338398967,0.03603297691665611
7314,0.5408179224833667,0.06403952027344503,0.5061842021722507,0.03463372031111599
7315,0.5505802348252071,0.06127510457276455,0.5168433733605953,0.03373686146461183
7316,0.5505092685255509,0.06538011442614865,0.514516909556695,0.035992358968855914
7317,0.5408848000282765,0.058899540409934274,0.5090269338918918,0.031857866136384694
7318,0.5437409130166865,0.06257521296860864,0.5097162095849216,0.03402470343176486
7319,0.5429016171681499,0.05627303069320591,0.5123508978018555,0.030550719366294422
7320,0.5516624624374457,0.06112063670322255,0.5179445014880014,0.03371796094944427
7321,0.5662997720985563,0.06215203762931128,0.5311030873536164,0.03519668474493987
7322,0.5371382215568177,0.06490401813129328,0.5022757926858834,0.03486242887093432
7323,0.5353395303225217,0.059340816843021366,0.5035720453048238,0.03176748501769784
7324,0.5458213074476704,0.05727639169513556,0.5145586324467466,0.031262675000923786
7325,0.5520412400762619,0.06866133686154349,0.5141373505299215,0.03790388954634042
7326,0.540286679381926,0.07249669071229561,0.5011176830908013,0.03916899629112471
7327,0.554204252144495,0.07526785736438815,0.5124904855433458,0.041713766601149255
7328,0.548431738894598,0.07422353511635182,0.5077251964638329,0.04070654243076509
7329,0.5329509504264607,0.07587060513572072,0.49251563930994763,0.040435311116513065
7330,0.5116343102229384,0.07339979588492626,0.4740804562848496,0.037553853938088716
7331,0.5227610304644872,0.06885875129368066,0.48676435868170487,0.03599667178278234
7332,0.528875234571138,0.07902692446751719,0.4870798513559443,0.041795383215193764
7333,0.5490313860579636,0.07132457310720824,0.5098719568249206,0.0391594292330431
7334,0.5446429305157019,0.07605791076573477,0.5032185271073504,0.04142440340835154
7335,0.5409894695821684,0.07430272578967877,0.5007924773687008,0.04019699221346762
7336,0.5363668339427679,0.08026052481725456,0.4933177503559521,0.04304908358681577
7337,0.5422548336957438,0.08021309634299856,0.49875889447805044,0.04349593921769336
7338,0.5354439726944575,0.07816149977034827,0.4935928687456653,0.041851103948792205
7339,0.5439856441065871,0.07809266464830414,0.5015043556278796,0.042481288478707434
7340,0.5293179998858812,0.07299687916101352,0.4906794378104622,0.03863856207541904
7341,0.5435423868678757,0.07853869787641578,0.5008532755626337,0.04268911130524199
7342,0.5521023723204861,0.08052401880318252,0.5076448705104696,0.0444575018100165
7343,0.5336764511888566,0.08190535139745915,0.48996549392168437,0.04371095726717226
7344,0.5253251388252984,0.07127538027302475,0.48788238978854576,0.03744274903675267
7345,0.5455426643980027,0.06781577249245188,0.5085462671842618,0.03699639721374098
7346,0.5436920451283384,0.06929706730201528,0.5060157808855096,0.03767626424282879
7347,0.5371610047235138,0.06743276572561763,0.5009387525350557,0.03622225218845809
7348,0.5532736424214206,0.06861723933533705,0.5153095324814563,0.03796410993996431
7349,0.5395394412358283,0.06614990119890432,0.5038489605051663,0.03569048073066208
7350,0.5216477560394877,0.06321762670535823,0.48867042292649554,0.032977333112992106
7351,0.5136105404692842,0.06202922178999837,0.48175167834083404,0.03185886212845016
7352,0.5073770005176369,0.07268390306213593,0.47049885979605566,0.036878140721581215
7353,0.5052530384166627,0.07098579997449891,0.46938724729510967,0.03586579112155303
7354,0.5143450479249523,0.06982626790280674,0.4784302528140626,0.03591479511088969
7355,0.5155549582155358,0.06729251393937495,0.48086196900330297,0.03469298921223281
7356,0.5157372291007062,0.05655469884715981,0.4865698654246471,0.029167363676059103
7357,0.5408962391905872,0.06228307786445251,0.5072075566084903,0.03368868258209687
7358,0.5257203279533,0.0626352091838041,0.492791725239767,0.03292860271353304
7359,0.5176199346338302,0.06066160229983489,0.4862202800166062,0.03139965461722394
7360,0.5359990231463879,0.0557201148182816,0.5061330960341844,0.029865927112203514
7361,0.5487297159180946,0.05957596052777996,0.5160386160221383,0.03269109989595632
7362,0.5524439930882669,0.06631703129285886,0.5158075475110804,0.0366364455771865
7363,0.563214022131666,0.0674614191410465,0.5252188049185271,0.03799521721313896
7364,0.54948330570389,0.07184959976643515,0.5100031501107278,0.03948015559316223
7365,0.5510383056459591,0.0725823943353136,0.511042626051701,0.03999567959425807
7366,0.5475537867220696,0.06873644063360727,0.5099168883673412,0.037636898354728394
7367,0.5433791748052686,0.07203110754052686,0.5042389710295876,0.039140203775681046
7368,0.5271258788609003,0.07131127145551784,0.4895358622222223,0.03759001663867808
7369,0.5584886874100474,0.0694975481643058,0.5196750929575478,0.0388135944524997
7370,0.5407069116122867,0.06792216323463818,0.5039809284996599,0.036725983112626814
7371,0.5571202884290872,0.06457880595942118,0.5211421254265685,0.035978163002518784
7372,0.5554683289803963,0.06753236998433969,0.5179562362731093,0.03751209270728704
7373,0.5488537574395905,0.06898209574518177,0.51099267499379,0.0378610824458006
7374,0.5406009967647096,0.06937316551136258,0.5030977943405438,0.037503202424165785
7375,0.5510241958161941,0.06342554797350426,0.5160751842498925,0.034949011566301626
7376,0.5570595655287541,0.07173278470129782,0.5171001316488815,0.03995943387987262
7377,0.5539326953675857,0.07185903883894271,0.5141276242970062,0.03980507107057956
7378,0.5474051025942402,0.07409151003433193,0.5068470319425346,0.04055807065170565
7379,0.543657992296675,0.0753036021363191,0.5027185871465362,0.04093940515013885
7380,0.5398217009805995,0.07376945035499667,0.49999935080956126,0.03982235017103819
7381,0.5689076315057057,0.06894969791443692,0.5296816221721695,0.0392260093335362
7382,0.5561772137985208,0.07376958008339991,0.5151482542846486,0.04102895951387221
7383,0.5593969356279332,0.06928798293836733,0.52063745029637,0.038759485331563204
7384,0.5639624144037375,0.07023600622534774,0.5243519467548144,0.03961046764892305
7385,0.5633188147749798,0.0695029583780621,0.5241664906380951,0.03915232413688469
7386,0.5593092565779486,0.0670072069518158,0.5218315054723638,0.03747775110558485
7387,0.5581694287546616,0.06448338342499377,0.522176775464165,0.035992653290496585
7388,0.5482003941046052,0.05912540164892121,0.5157878256190735,0.03241256848553168
7389,0.5627618608175726,0.056049316281242566,0.5312194432895879,0.031542417527984735
7390,0.5563380321665583,0.05159597058321679,0.5276332314245679,0.02870480074199046
7391,0.540615883645243,0.05981184038481267,0.5082806527031594,0.03233523094208374
7392,0.5351577980294723,0.06041719278477686,0.5028250661756489,0.03233273185382331
7393,0.5583803660298217,0.056296474362965136,0.5269455200688408,0.031434845960980944
7394,0.5432920010377943,0.055782367966422046,0.5129858867226903,0.03030611431510399
7395,0.5520102288284501,0.05877405761727126,0.5195663478339636,0.03244388099448642
7396,0.5596554723371675,0.05563583337053109,0.528518573733311,0.031136898603856523
7397,0.5640996207682748,0.05455662140497559,0.5333242513233297,0.030775369444945074
7398,0.5723869032116861,0.0571245353845995,0.5396895673054888,0.03269733590619729
7399,0.5821029475497095,0.06212930805422668,0.5459372942021202,0.036165653347589255
7400,0.5776789870849312,0.06668079798294523,0.5391588912481284,0.038520095836802715
7401,0.5741336717887281,0.06660784861775339,0.5358918630918695,0.03824180869685851
7402,0.5704761952254537,0.06299195255410889,0.5345407858025634,0.035935409422890335
7403,0.5675892115141532,0.060214367586385,0.5334121860939736,0.03417702542017965
7404,0.5762756503122787,0.06889639224490539,0.536572337067176,0.039703313245102685
7405,0.5905379687872513,0.06593254298780805,0.551602298774253,0.038935670012998295
7406,0.5879566712792799,0.06098669376910002,0.552099137818471,0.035857533460808846
7407,0.5803353773808488,0.0663637292022074,0.5418221575498854,0.038513219830963494
7408,0.5763085320161877,0.07852909832664215,0.5310515426390057,0.045256989377182
7409,0.5647562374286752,0.0790782562374956,0.5200962989735665,0.04465993845510868
7410,0.5484982015440149,0.07625509724976613,0.5066724178439542,0.041825783700060674
7411,0.5465071613588671,0.06778331360006482,0.5094630950557978,0.03704406630306931
7412,0.545747713852449,0.06766558640315085,0.5088193747664441,0.03692833908600493
7413,0.5545655437121969,0.061596116379830285,0.5204064599414566,0.03415908377074034
7414,0.5953385435877522,0.055851877990738825,0.5620877678881049,0.03325077569964728
7415,0.5737098727409367,0.0609659332010176,0.5387331149626484,0.03497675777828825
7416,0.5743736752559533,0.06396788411715955,0.5376322065572334,0.03674146869871985
7417,0.5678173934524918,0.061913700158378625,0.5326617176095622,0.03515567584292968
7418,0.5595919089250615,0.06107212184719962,0.5254164436784831,0.03417546524657839
7419,0.5547114556823509,0.05322474727745496,0.5251870786417486,0.029524377040602283
7420,0.6377369456969845,0.038762498100860646,0.6130166685505565,0.024720277146428028
7421,0.6624119296661791,0.051193143062158594,0.6285009809846979,0.03391094868148124
7422,0.6593227629485949,0.05025173020751346,0.6261906533452298,0.03313210960336514
7423,0.6525679366066418,0.03887282892565854,0.6272007748445618,0.025367161762079975
7424,0.6446370212866235,0.021659847603838843,0.6306742816457626,0.013962739640860882
7425,0.6403229814971162,0.022590747808684548,0.6258576065060099,0.014465374991106334
7426,0.642559845570287,0.022495139526129002,0.6281053721902955,0.014454473379991511
7427,0.6413951677362919,0.022248409396432616,0.6271251454596013,0.01427002227669059
7428,0.6271916716922079,0.021799372776313955,0.61351928663879,0.013672385053417956
7429,0.6544240019109557,0.021428360660168237,0.6404007683733371,0.014023233537618586
7430,0.643550370609116,0.020889398008042275,0.630106990779239,0.013443379829876936
7431,0.6453417171609372,0.021224335829979374,0.6316447678308179,0.013696949330119296
7432,0.6291226761612363,0.021803259333508934,0.6154057513003017,0.013716924860934595
7433,0.6294783297303067,0.021780130346363998,0.6157682096585692,0.013710120071737577
7434,0.6221684133812602,0.021091969526385198,0.6090456561659432,0.013122757215316968
7435,0.6218233862720389,0.022040412931572564,0.6081181420680944,0.013705244203944488
7436,0.6223746103691531,0.02208882828504747,0.6086270844717355,0.013747525897417547
7437,0.6366256358450819,0.020747986076320196,0.6234169360167396,0.013208699828342252
7438,0.6455606169945068,0.020208250917657326,0.6325149660637241,0.013045650930782672
7439,0.6483169229382761,0.020037837842020303,0.6353260535662014,0.01299086937207475
7440,0.6301179626528145,0.020399145744804014,0.6172640944962408,0.012853868156573736
7441,0.6260115176404479,0.021430389504732875,0.6125958469829642,0.013415670657483754
7442,0.5969642901074863,0.022156306330063342,0.583737766427756,0.013226523679730267
7443,0.5269534745600789,0.024484127948391117,0.5140514782661006,0.012901996293978235
7444,0.5302564726722511,0.02637222196804774,0.5162724312749444,0.013984041397306647
7445,0.5324977890433442,0.026081365241385285,0.5186095197170746,0.013888269326269593
7446,0.5434965223093728,0.029105682970842043,0.5276776848352811,0.015818837474091785
7447,0.5458704102381708,0.030771946726312283,0.5290729150548517,0.016797495183319223
7448,0.5506848697683314,0.03187712798174162,0.5331306176971176,0.017554252071213815
7449,0.5620741086055258,0.0344279619010794,0.5427230426088716,0.019351065996654204
7450,0.5562919929060854,0.0380077462320615,0.5351485880087832,0.02114340489730225
7451,0.5508794312059991,0.0384567216140672,0.5296944142771943,0.02118501692880479
7452,0.5473450469270518,0.0438918847919098,0.5233210411859072,0.02402400574114462
7453,0.5634714368968684,0.042289957498451,0.5396422537789087,0.02382918311795968
7454,0.5572508228091525,0.04282847344410465,0.5333846207427653,0.023866202066387253
7455,0.5640690437598186,0.05196452171012513,0.534757465689352,0.029311578070466617
7456,0.5571252153889659,0.05538059716941934,0.5262712882625835,0.030853927126382304
7457,0.5547572682813304,0.05363101197946159,0.525005074580441,0.02975219370088942
7458,0.5598324921877026,0.05212115510279204,0.5306533760308048,0.02917911615689786
7459,0.5670172698799419,0.05091997755007208,0.5381447632271521,0.028872506652789807
7460,0.5621507116894007,0.05025594092500471,0.5338992987317888,0.028251412957611875
7461,0.5668535879262864,0.048049983714561206,0.5396162822578877,0.02723730566839865
7462,0.5652615382417484,0.04903327394865748,0.5375449143845012,0.027716623857247175
7463,0.5499904200691417,0.05135262924331343,0.5217469659399568,0.02824345412918484
7464,0.5571945403228441,0.056773634836485516,0.5255605809576716,0.031633959365172555
7465,0.5678631559135674,0.05237161276884659,0.5381232466063669,0.029739909307200506
7466,0.5624091594862619,0.051615151149858804,0.5333803257113134,0.029028833774948453
7467,0.5614627559764492,0.0505354651516451,0.5330889744378547,0.02837378153859447
7468,0.5664286654598187,0.05045341369165967,0.5378504056745598,0.028578259785258932
7469,0.5422230501680714,0.0545913296986746,0.5126223728661252,0.02960067730194616
7470,0.5430551536562084,0.05941193418710115,0.5107911966072196,0.03226395704898875
7471,0.553406788049452,0.06264325578316723,0.5187395850735291,0.03466720297592284
7472,0.5408746868313651,0.0656820921318674,0.5053489058191124,0.03552578101225265
7473,0.5405681210461214,0.06677039561108326,0.504474173749132,0.03609394729698947
7474,0.5301239116105434,0.06792694018284393,0.49411421637707875,0.036009695233464624
7475,0.5309085010204844,0.06926625397547077,0.49413445795106303,0.03677404306942136
7476,0.5184697060080412,0.06858587246979762,0.4829100088723202,0.035559697135720984
7477,0.5457616351012394,0.06222844231091471,0.5117997386758315,0.033961896425407964
7478,0.5397752764042621,0.060672764433010895,0.507025618212223,0.03274965819203914
7479,0.5463143258621616,0.05737482479252251,0.514969637134175,0.03134468872798657
7480,0.5505533047854331,0.058287932281636146,0.5184626910386687,0.03209061374676431
7481,0.524942142663043,0.06206573703374761,0.49236122167858654,0.032580920984456446
7482,0.534306317976311,0.06154335307342851,0.5014233155997313,0.03288300237657967
7483,0.5511573879388908,0.06345124768313035,0.5161857640043931,0.034971623934497716
7484,0.5607293288277995,0.06262333759933486,0.5256145867667678,0.03511474206103173
7485,0.5488096594181382,0.062367752868385966,0.5145816342077647,0.03422802521037351
7486,0.5319394668763178,0.06261403478827844,0.4986325905920657,0.03330687628425205
7487,0.5400397927091279,0.06285209100647127,0.506097162510658,0.033942630198469985
7488,0.5284712482360896,0.067050889743232,0.49303678083814334,0.035434467397946236
7489,0.5477110069581723,0.06063561786545541,0.5145002116395528,0.03321079531861953
7490,0.539975185682622,0.060825298947725474,0.507131033589123,0.03284415209349906
7491,0.5330404091118063,0.06288863236266283,0.4995182267887305,0.03352218232307578
7492,0.5444407342376201,0.06593658706589037,0.508542170362344,0.03589856387527612
7493,0.5360650247526217,0.07040873383879914,0.4983213651045251,0.03774365964809662
7494,0.5428898675498558,0.07174582471612785,0.5039397862724619,0.03895008127739382
7495,0.5486398022616304,0.073085916019741,0.5085419597484496,0.04009784251318083
7496,0.5507112475972112,0.06906010591755694,0.5126790705081579,0.038032177089053334
7497,0.5204513377027346,0.07075793400323051,0.48362527629767144,0.03682606140506312
7498,0.525984390588204,0.06769391096280826,0.4903784500838992,0.035605940504304844
7499,0.540034629632684,0.07208165465376722,0.5011080399584258,0.03892658967425821
7500,0.5433317619570622,0.0697194071679043,0.505450993617923,0.037880768339139274
7501,0.5535236080646387,0.06787572367678783,0.5159527925950647,0.037570815469574026
7502,0.5397032539991019,0.06503791134235823,0.5046020816143261,0.035101172384775836
7503,0.5306015612828113,0.06553710448373816,0.4958274713217851,0.034774089961026204
7504,0.5378700248619328,0.06592113298303215,0.5024130234254225,0.03545700143651028
7505,0.5423230102287375,0.06981053284393965,0.50446315191114,0.0378598583175975
7506,0.5463157100326361,0.0647133339150202,0.5109617990662728,0.03535391096636333
7507,0.5308822291057582,0.07390305491112861,0.491648410576813,0.03923381852894521
7508,0.5229673692784581,0.07993210366072051,0.4811654873061181,0.04180188197234001
7509,0.5311653067576174,0.07845653903312874,0.4894919151349446,0.04167339162267281
7510,0.5366842708920601,0.07925725074379769,0.4941481510637158,0.04253611982834425
7511,0.539465331341637,0.08017039057423843,0.496216185026717,0.04324914631491999
7512,0.5430434387354257,0.07810892892799462,0.5006268973744266,0.04241654136099917
7513,0.5485906279075127,0.0833853671942744,0.5028461969601071,0.045744430947405504
7514,0.547036794409034,0.08241037618503383,0.5019552863947304,0.0450815080143035
7515,0.5614501335422553,0.07574739828166034,0.5189217466615387,0.0425283868807166
7516,0.5694766331330301,0.074514930775402,0.5270421212369134,0.04243451189611674
7517,0.5317786365376387,0.07652599498263682,0.4910837472660859,0.040694889271552785
7518,0.5640938229876031,0.06868335818265328,0.5253499648947234,0.038743858092879765
7519,0.5777995956346467,0.07342827546526609,0.5353727677626665,0.0424268278719802
7520,0.5629810620857728,0.07841324537164071,0.5188358899248542,0.044145172160918594
7521,0.5490922716896254,0.08188623778910717,0.5041291713618876,0.044963100327737704
7522,0.5157890027321487,0.08604895705996274,0.471405896984049,0.044383105748099665
7523,0.5294017687865595,0.08233809466567982,0.48581183583203347,0.043589932954526074
7524,0.5689820089177101,0.07271426428323419,0.5276089007488622,0.041373108168847886
7525,0.5724364976659234,0.07022386603991518,0.5322377937374734,0.04019870392845002
7526,0.5582110544049373,0.07772437150179376,0.51482445103596,0.04338660336897736
7527,0.5409705552747401,0.07353137954411763,0.5011922440526412,0.03977831122209898
7528,0.5423801852217837,0.0683516929428174,0.5053075813432358,0.037072603878547786
7529,0.5680629198093544,0.06324017021014164,0.5321385240705409,0.03592439573881361
7530,0.5572070310799822,0.06418568117763705,0.5214423182331447,0.03576471284683744
7531,0.5547479212054712,0.06327420128858052,0.5196466895746946,0.035101231630776594
7532,0.545738341273919,0.06219326158515218,0.5117970938580231,0.033941247415895895
7533,0.529407107519155,0.06093024928639179,0.49715020048402525,0.032256907035129734
7534,0.5416506012562431,0.05779306871853055,0.5103469508364077,0.031303650419835446
7535,0.5455057650692458,0.05668778162310413,0.514582253384856,0.030923511684389747
7536,0.544879926229149,0.054264218880823875,0.5153124426484833,0.02956748358066571
7537,0.5601247018775939,0.051146836525537316,0.5314760953167452,0.02864860656084862
7538,0.5557658676008362,0.05323500559520339,0.5261796685294826,0.029586199071353583
7539,0.5495514992386644,0.05505267462319063,0.5192972193623916,0.030254279876272782
7540,0.5495357984412568,0.05566494504158254,0.518945918422642,0.03058988001861474
7541,0.5499061639286592,0.05690798968139567,0.5186121096260712,0.03129405430258801
7542,0.5562944154863332,0.057050618151867606,0.524557475208406,0.03173694027792718
7543,0.5655142825484253,0.05988019098200472,0.5316511793063742,0.033863103242051086
7544,0.5636411745204493,0.06377683611685458,0.5276939237043471,0.03594725081610212
7545,0.5703776353828611,0.06174233822742378,0.5351611865016943,0.03521644888116681
7546,0.564205895168814,0.06802074083880037,0.5258281921938127,0.03837770297500127
7547,0.5652791919885867,0.06821141457854643,0.5267206986712274,0.03855849331735923
7548,0.5728345965272332,0.06637008620774461,0.5348155149729421,0.03801908155429107
7549,0.5645065443344094,0.06623744508902998,0.5271150731016608,0.03739147123274851
7550,0.5527718413728374,0.06592724403077274,0.5163291172933108,0.03644272407952665
7551,0.5684443412250537,0.06356767573855465,0.5323096556666432,0.03613468555841053
7552,0.5632506967940365,0.06540767040300477,0.5264097808638694,0.03684091593016711
7553,0.5476225748854461,0.06306584102395424,0.5130862966365921,0.03453627824885402
7554,0.5488168449257793,0.06114512240688427,0.5152593717638325,0.0335574731619468
7555,0.5390014519839849,0.06253826981566762,0.5052932337487738,0.033708218235211064
7556,0.52951863043876,0.06745295182088512,0.49380103577151324,0.035717594667246756
7557,0.5195521118787446,0.06739216138926565,0.48453837210487843,0.03501373977386616
7558,0.5198766287684995,0.06581093849180975,0.4856630599292864,0.03421356883921313
7559,0.5128190313346397,0.06724613458305649,0.4783339337367578,0.03448509759788185
7560,0.5276383892963851,0.06845404916178578,0.49151940505584485,0.036118984240540206
7561,0.5546557658295377,0.06629707937110604,0.5178837084986952,0.03677205733084247
7562,0.5500184009230493,0.0678547090027735,0.512697062382245,0.03732133854080432
7563,0.5547910822206277,0.062215311299688436,0.5202745823339803,0.034516499886647393
7564,0.5585325382984747,0.06224567690361651,0.523766302379391,0.03476623591908367
7565,0.5454655498728095,0.06034840943339181,0.5125475715372749,0.032917978335534503
7566,0.5377147214898488,0.061023394103666015,0.5049015441250307,0.03281317736481805
7567,0.5487309148906019,0.05855173191098902,0.5166017694706556,0.032129145419946256
7568,0.5349122841637138,0.05919068854577359,0.5032504577524711,0.031661826411242724
7569,0.5320155616416502,0.05793527316694125,0.5011930947488775,0.030822466892772675
7570,0.5293757545875994,0.06104519789154973,0.49705990688981094,0.032315847697788475
7571,0.5283739763651212,0.05592030362001685,0.498827143181868,0.02954683318325318
7572,0.535109124880907,0.0545599651272808,0.505913589688115,0.02919553519279203
7573,0.541621918211448,0.05280526675890049,0.5130214283378252,0.028600489873622893
7574,0.5313836633149018,0.05499807759984599,0.5021585833646184,0.02922507995028341
7575,0.5289955757765281,0.05226707199951992,0.5013465259299889,0.027649049846539292
7576,0.5314315121373394,0.05065985202943522,0.5045092703686828,0.026922241768656624
7577,0.562106406523805,0.05052870057609679,0.5337039002166579,0.02840250630714708
7578,0.5650049229939531,0.05792511126215867,0.532276949965861,0.032727973028092126
7579,0.5777230167522861,0.06553259348861051,0.5398633291464449,0.03785968760584129
7580,0.5701183008043516,0.06685074416134974,0.5320054681355764,0.03811283266877514
7581,0.5685348340697274,0.07325464414609802,0.5268870171152886,0.04164781695443876
7582,0.5556072714349178,0.06867916027317818,0.5174486305910959,0.03815864084382194
7583,0.55797574004615,0.07208506001980361,0.517754025335329,0.04022171471082106
7584,0.560878747762177,0.06980873626107298,0.5217245111852064,0.039154236576970695
7585,0.569644087313384,0.06219476713245897,0.534215205954546,0.035428881358838045
7586,0.5582274678024859,0.0585315531909501,0.5255535470781553,0.03267392072433059
7587,0.5672073746824984,0.0611609333357451,0.5325164422519991,0.034690932430499276
7588,0.5732756674757498,0.06432919601844837,0.5363973046900954,0.03687836278565434
7589,0.5670461493126517,0.06539009690166572,0.529966946661381,0.03707920265127071
7590,0.570892814664181,0.06581999404605941,0.5333166530020464,0.03757616166213449
7591,0.5670835097713355,0.06661102004397279,0.5293094987353506,0.037774011035984864
7592,0.5637825132718537,0.0650645810145305,0.5271002402625016,0.03668227300935214
7593,0.5666138562273195,0.06601906495559248,0.5292065392483094,0.03740731697901015
7594,0.5707162032033553,0.06979966424046233,0.5308804038431696,0.039835799360185664
7595,0.5830108675291372,0.06992995030206942,0.5422409465372583,0.04076992099187894
7596,0.576100997178998,0.06851348402811884,0.5366303107101914,0.039470686468806616
7597,0.5793958792830164,0.06561840955375524,0.5413768431824653,0.0380190361005511
7598,0.5914398504455094,0.06236298079424145,0.5545558984112271,0.03688395203428234
7599,0.596880422492388,0.0669849913543583,0.5568983925521497,0.03998202994023834
7600,0.5995308343203434,0.06320624903724513,0.5616367391007844,0.03789409521955897
7601,0.5891937393987999,0.06482136016304552,0.5510013998114187,0.03819233958738119
7602,0.5930463583228271,0.05848184931001137,0.5583639105615406,0.03468244776128659
7603,0.5964549511112897,0.052687478652592566,0.5650292436073805,0.03142570750390922
7604,0.5794917927464125,0.05402456109956576,0.5481850029824871,0.03130678976392546
7605,0.5741043967176442,0.04974565042314515,0.5455452000921377,0.028559196625506572
7606,0.5667643065452241,0.05298290229125194,0.5367354886693694,0.03002881787585477
7607,0.5676994029167572,0.052901706586105136,0.5376671356745478,0.030032267242209372
7608,0.565692282690402,0.053360255254581095,0.5355067980904955,0.030185484599906495
7609,0.5745505037497128,0.051963243918746606,0.5446949957797278,0.029855507969985064
7610,0.5804457180694957,0.05079576533418768,0.5509615335852036,0.029484184484292165
7611,0.5741910564414869,0.05069594098519685,0.5450819005299015,0.029109155911585454
7612,0.5810532114678639,0.05000981455531582,0.5519948481155853,0.02905836335227858
7613,0.573317366944981,0.050208578288951554,0.5445319170423084,0.028785449902672646
7614,0.5676490168387966,0.05417518624153789,0.536896525631729,0.030752491207067686
7615,0.5776176794447867,0.05873777450560039,0.5436897024391106,0.03392797700567605
7616,0.5673727144832498,0.06105566589359373,0.5327313955906191,0.03464131889263065
7617,0.6655791780153436,0.054852680922772706,0.6290703757348266,0.03650880228051698
7618,0.6572781718387258,0.056988593042219066,0.619820813588275,0.03745735825045088
7619,0.6541209872425189,0.05572914614024644,0.6176673831510783,0.03645360409144061
7620,0.6528634231295121,0.05492214462233577,0.6170067637857598,0.035856659343752255
7621,0.6667382909757125,0.05201552234158427,0.6320575505054756,0.034680740470236886
7622,0.6609676740315585,0.05176951044955466,0.6267497011239639,0.03421797290759461
7623,0.6653472251514633,0.051648657201607245,0.6309829343995748,0.03436429075188852
7624,0.5973844624846398,0.06031674437237735,0.5613521765689238,0.03603228591571607
7625,0.6017177112501912,0.060214317437192556,0.5654856899773912,0.03623202127279999
7626,0.643883446767733,0.05425900948356458,0.6089469687232524,0.034936478044480676
7627,0.6233021731302616,0.05285226615943197,0.5903592407782287,0.03294293235203293
7628,0.6123834389670385,0.056256083841308924,0.5779331448814797,0.0344502940855588
7629,0.5850000361305187,0.05926175570056816,0.5503319069045283,0.03466812922599034
7630,0.6468223918240128,0.05454261796798896,0.6115430052136148,0.035279386610398
7631,0.6275714297092095,0.0555192201769848,0.5927291533263987,0.03484227638281075
7632,0.5974306213647833,0.057709139154200895,0.5629534145014623,0.03447720686332099
7633,0.6320739703220637,0.05751169097072702,0.5957223274702607,0.03635164285180301
7634,0.657462767023443,0.0629718466299662,0.6160611224935295,0.041401644529913455
7635,0.6288522488750679,0.05703120296510095,0.5929880486344137,0.03586420024065417
7636,0.6256755981075134,0.05431910601231749,0.5916894589645912,0.03398613914292217
7637,0.6485082532569361,0.0470044087720781,0.6180255062287807,0.03048274702815537
7638,0.5814610832302419,0.05128084714648766,0.5516432662994808,0.029817816930761177
7639,0.597209984053329,0.048031741627783085,0.568524948401747,0.028685035651581956
7640,0.5807466774308433,0.05091967230902598,0.5511752469215091,0.029571430509334154
7641,0.639031007688541,0.04338690312178824,0.6113054312661396,0.027725576422401442
7642,0.6005205600152529,0.04712198824834801,0.5722228372433228,0.028297722771930114
7643,0.560224823715407,0.04953356958693435,0.5324748884255719,0.027749935289835142
7644,0.6092241327047517,0.04644836001655567,0.5809266708581076,0.028297461846644195
7645,0.6223232938774237,0.04521197753377298,0.594186827095894,0.02813646678152968
7646,0.5558888295092641,0.05288949841374977,0.5264881481427126,0.02940068136655144
7647,0.5594630988378265,0.05122664649676963,0.5308036804456739,0.02865941839215263
7648,0.563396902391881,0.04676257023485214,0.5370510151736825,0.02634588721819847
7649,0.5659900508348799,0.05018885470959267,0.5375836584064531,0.02840639242842675
7650,0.5616076390786457,0.05861851776087599,0.5286870317126705,0.03292060736597523
7651,0.5764398915898185,0.06340072050409672,0.5398931871357205,0.03654670445409789
7652,0.582887346730544,0.06517804414594017,0.5448958895132306,0.037991457217313326
7653,0.5876331203682431,0.06272211368476599,0.5507755289875724,0.03685759138067072
7654,0.5967276201169276,0.05929843135728282,0.5613426082964292,0.03538501182049837
7655,0.5987534589567468,0.05830605053709588,0.5638425095195537,0.03491094943719304
7656,0.6005141100081102,0.05587902987814524,0.5669579641127191,0.033556145895390986
7657,0.6074345216357082,0.05533233086881955,0.5738237537034181,0.033610767932290134
7658,0.6004022214634787,0.055995068888134596,0.5667826577120422,0.03361956375143653
7659,0.6023212506069011,0.05431402560930254,0.5696067587764108,0.03271449183049036
7660,0.6100904021384392,0.05552077549094506,0.5762177098921306,0.03387269224630867
7661,0.5987134607932444,0.05631359180240177,0.5649977553555303,0.033715705437714044
7662,0.5910135347872142,0.0567106179831851,0.5574967919930046,0.03351674279420958
7663,0.5960252265959844,0.05904257224732664,0.5608343640934618,0.035190862502522645
7664,0.5877155748404448,0.060178877609559374,0.5523475111928898,0.03536806364755496
7665,0.5734344664486223,0.06085292561528573,0.5385393015165832,0.03489516493203907
7666,0.5639908574284974,0.06214125039847165,0.5289437603345845,0.03504709709391298
7667,0.5725391502534761,0.05935964906150111,0.5385534272204597,0.0339857230330164
7668,0.5744190334042769,0.05774832348421473,0.5412472972477568,0.03317173615652013
7669,0.5964657422108306,0.05387058771049342,0.5643337821287575,0.032131960082073106
7670,0.5819085988077869,0.05445264497418376,0.5502221364694817,0.03168646233830515
7671,0.5846980949163416,0.05194694912728669,0.554324812724901,0.03037328219144064
7672,0.5838248433891736,0.050625469553990644,0.5542684365553117,0.029556406833861966
7673,0.5727018670958514,0.05147531904748487,0.5432218557680021,0.029480011327849224
7674,0.571090711573622,0.04940806174855223,0.5428742264321679,0.02821648514145415
7675,0.5745063724186495,0.04899812223710899,0.5463566389568825,0.02814973346176705
7676,0.5721941903706833,0.04847990582078068,0.5444542699103148,0.02773992046036858
7677,0.5782417407313731,0.04540440262039319,0.5519870199232888,0.02625472080808428
7678,0.5876871980879317,0.04460014963381261,0.5614762611153339,0.026210936972597826
7679,0.5722184642292141,0.04590843987264458,0.5459488072701302,0.026269656959083895
7680,0.5613540956015369,0.04857911982983122,0.5340840077243434,0.027270087877193594
7681,0.5729217689068072,0.04667450788012401,0.5461809272892719,0.02674084161753536
7682,0.5684116269366374,0.048399777928565854,0.5409006304208893,0.027510996515748072
7683,0.5729107543552927,0.04665960313431321,0.5461789659256947,0.02673178842959796
7684,0.5757820635525503,0.045678561550704946,0.5494811671227733,0.02630089642977708
7685,0.5606172190865325,0.05240879169938981,0.5312359480283353,0.029381271058197263
7686,0.5537425019128877,0.05614136609854357,0.5226546413886728,0.03108786052421489
7687,0.5769197540958775,0.05759637867261971,0.5436912654752567,0.033228488620620805
7688,0.5773777202168886,0.05982637284827222,0.5428353054529076,0.034542414763980976
7689,0.5737848234425736,0.06231947181107762,0.53802685631242,0.03575796713015362
7690,0.5657222744385842,0.06173540127449761,0.5307971828161968,0.03492509162238746
7691,0.5555542027188615,0.06556223092575816,0.5191308297884321,0.03642337293042946
7692,0.5562119050643943,0.06489197098584894,0.5201182182589719,0.036093686805422444
7693,0.57655830560868,0.058454597351485636,0.5428558220046699,0.033702483604010194
7694,0.5678844427500832,0.057795184622967274,0.5350634565368313,0.03282098621325195
7695,0.5702204933896466,0.052709170389427795,0.5401646442440282,0.03005584914561847
7696,0.5748464607708381,0.0518280320495447,0.5450532999784398,0.029793160792398337
7697,0.5802136899120155,0.04929542833751029,0.5516118075405153,0.02860188237150018
7698,0.5869173831385872,0.049322533618538014,0.5579691307774299,0.028948252361157324
7699,0.5922500428021561,0.053867449791796154,0.5603470433573219,0.03190299944483427
7700,0.5945155392617553,0.05405396944396309,0.5623796144685391,0.032135924793216156
7701,0.5990900716592159,0.054729755376305644,0.5663020185889336,0.032788053070282305
7702,0.5751935860385753,0.05591787868878949,0.5430299808719005,0.03216360516667485
7703,0.5716485499705953,0.05618190051257282,0.5395322480079908,0.032116301962604496
7704,0.5648352421875472,0.057329441241345216,0.5324535533595153,0.03238168882803198
7705,0.5855068717012659,0.056297971912376815,0.5525440222837245,0.03296284941754148
7706,0.5801169914174235,0.059480013825031125,0.5456116247477797,0.03450536666964381
7707,0.5975364717617329,0.05321527847931913,0.5657384020153824,0.031798069746350424
7708,0.590301957528947,0.05436702648831655,0.5582089953678656,0.03209296216108137
7709,0.582229674571846,0.054292329948909854,0.550619068973945,0.031610605597901076
7710,0.5817069299318788,0.051962276994072534,0.551480113309387,0.03022681662249183
7711,0.5905068757400563,0.04966509390481191,0.5611792963049893,0.029327579435067
7712,0.5696624394343834,0.05231636678474513,0.5398597703094415,0.029802669124941863
7713,0.5724924143537176,0.04882511680178789,0.5445404053547598,0.02795200899895781
7714,0.5826191682768348,0.04706799524934993,0.5551964520322006,0.027422716244634267
7715,0.5798398938816585,0.04497781576600661,0.5537599619608684,0.026079931920790056
7716,0.5763166193988946,0.04459265517584343,0.5506171311179319,0.025699488280962704
7717,0.5787477630791964,0.04287210986051444,0.5539356253989381,0.024812137680258292
7718,0.5574048389035626,0.043261100129386325,0.5332908923551511,0.024113946548411477
7719,0.5858521356210026,0.038620833276305146,0.5632260379666165,0.02262609765438605
7720,0.5714686771171833,0.040397799301038886,0.5483826001921731,0.023086076925010163
7721,0.5567006281004586,0.051403912831019416,0.5280840375406088,0.028616590559849733
7722,0.5463606385390245,0.04597515755202202,0.5212416221019694,0.025119016437055004
7723,0.5648968265403452,0.0484362780718276,0.5375353267681441,0.027361499772201123
7724,0.5696605147634247,0.054425419695500715,0.5386565021634704,0.031004012599954372
7725,0.5845030413812181,0.05519435183942516,0.552241774864009,0.032261266517209036
7726,0.5779082272106245,0.05786075067805122,0.544470023361196,0.03343820384942852
7727,0.5642817591956955,0.06754181679813018,0.5261691439935732,0.03811261520212227
7728,0.5745641210483032,0.06705923209874388,0.5360342922993143,0.03852982874898894
7729,0.5900932850471013,0.0718946906479083,0.5476687108652321,0.04242457418186932
7730,0.5883837920933276,0.07472041924912477,0.5444195084687242,0.043964283624603306
7731,0.567528269672523,0.07094525141890498,0.5272648338932697,0.04026343577925325
7732,0.565873692730314,0.08175065736733339,0.5196131463627304,0.046260546367583595
7733,0.576874353963565,0.07212255221795275,0.53526870324663,0.04160565071693497
7734,0.573292453524571,0.06172601476899283,0.5379053950713613,0.03538705845320981
7735,0.5824633816551603,0.07564092267874693,0.5384053140401809,0.04405806761497945
7736,0.5673405914404281,0.07055343834870008,0.5273127619995208,0.040027829440907284
7737,0.563973313412539,0.0737859872535952,0.5223599856977136,0.04161332771482545
7738,0.5583687255352011,0.07643887742854051,0.5156876469640855,0.04268107857111562
7739,0.5576204534032629,0.0762745009864411,0.515088231580096,0.04253222182316691
7740,0.5645842872315345,0.08433725292901496,0.516968799399541,0.04761548783199356
7741,0.5861998103238332,0.08596922468808993,0.5358046671179879,0.05039514320584531
7742,0.5767886924003823,0.08525982067492402,0.5276117919190019,0.04917690048138051
7743,0.5721634243475335,0.07386913157915191,0.5298982090696275,0.04226521527790608
7744,0.6077630444399009,0.07920907331553619,0.5596226968943874,0.048140347545513586
7745,0.6077182957533654,0.07399369487748617,0.5627509736059251,0.04496732214744042
7746,0.5958238552512368,0.07644848183306475,0.550274026077356,0.045549829173880785
7747,0.584642997089817,0.07291253497148886,0.5420151941186697,0.04262780297114735
7748,0.5788486578908203,0.07626671288696406,0.5347017734944566,0.044146884396363675
7749,0.5803664126566873,0.08047538635210746,0.5336612013723537,0.046705211284333546
7750,0.5776080938235365,0.07738626631406399,0.5329091600497494,0.04469893377378706
7751,0.5710580472496221,0.08187348346740021,0.5243035356592043,0.04675451159041778
7752,0.5745515908227459,0.07424426298569864,0.5318944314148504,0.04265715940789546
7753,0.5933689706661798,0.08476914225063961,0.5430695919846628,0.050299378681516994
7754,0.5609285576879603,0.08463810334795499,0.5134526284515474,0.047475929236412924
7755,0.5461311269053042,0.09694419563874157,0.49318688409419,0.052944242811114206
7756,0.5513684790975141,0.09673018781094604,0.4980345025613759,0.053333976536138215
7757,0.5565600021226828,0.08716840271196417,0.5080455557242811,0.04851444639840165
7758,0.5695433062228538,0.09262701969538774,0.5167882071799732,0.052755099042880525
7759,0.5934786661546018,0.10053785394109255,0.5338115946995959,0.05966707145500578
7760,0.5732470565150346,0.10498625145663053,0.5130639968929739,0.06018305962206071
7761,0.5624118416038951,0.09417999282424423,0.5094438983973703,0.05296794320652483
7762,0.5791762877545565,0.11038672878694886,0.5152429119583625,0.06393337579619408
7763,0.5656031785268794,0.1004819438235638,0.5087702717157123,0.05683290681116702
7764,0.5501100700133602,0.08260261697187252,0.5046695386076766,0.04544053140568357
7765,0.5763408184842881,0.07416825514398971,0.5335946256090496,0.042746192875238544
7766,0.5555485155365074,0.07362084933246037,0.5146485619773222,0.04089995355918523
7767,0.5539826409606388,0.07423083912656019,0.5128600446605827,0.04112259630005613
7768,0.5749426506866565,0.06931421506652853,0.5350909521460416,0.0398516985406149
7769,0.5581589900083491,0.06867337783310282,0.5198283267965627,0.038330663211786416
7770,0.5621462590445031,0.06610909353428306,0.5249832794253827,0.037162979619120365
7771,0.5655098154173168,0.06490480988325671,0.5288055083605403,0.03670430705677654
7772,0.5473995044977468,0.06787645776021071,0.5102439651527452,0.037155539345001584
7773,0.543988108150361,0.07010306089861736,0.5058528766765726,0.0381352314737884
7774,0.5429303382934638,0.06889500787962559,0.5055251483586478,0.03740518993481598
7775,0.5361144874430595,0.06600413660403343,0.5007287135784664,0.03538577386459306
7776,0.5405835717612155,0.06641324202794471,0.5046816641735071,0.03590190758770843
7777,0.5561759611316145,0.06815699746000681,0.5182686775614502,0.0379072835701643
7778,0.5432242989932692,0.06639974354640038,0.507154344851943,0.036069954141326195
7779,0.5308768020679961,0.06704072084451468,0.4952864385777269,0.0355903634902692
7780,0.542004942738919,0.06371272929199404,0.5074723285472715,0.03453261419164747
7781,0.5642068707760916,0.06620981662015515,0.526850837326175,0.0373560334499166
7782,0.5830590248124513,0.06471332391115536,0.5453273372804408,0.03773168753201053
7783,0.5859583412337254,0.05961666254240747,0.5510254605404855,0.03493288069323985
7784,0.5730578043170776,0.05881236749240469,0.5393549181351911,0.03370288618188651
7785,0.5545399262792801,0.05909041776924931,0.5217719303657087,0.03276799591357137
7786,0.5420501783182835,0.06278551017996917,0.5080172813294268,0.03403289698885669
7787,0.5155534030730736,0.06540307822525097,0.48183462352259104,0.03371877955048258
7788,0.5521465177040416,0.06036696578111115,0.518815107763642,0.033331409940399556
7789,0.569740587251467,0.05504958956854419,0.5383766017627324,0.0313639854887346
7790,0.5649302428461614,0.055892107681021284,0.5333551008807382,0.03157514196542316
7791,0.5525808697397018,0.056710976447593875,0.5212434690505026,0.031337400689199164
7792,0.5519244231838512,0.05684117952901543,0.5205523879592096,0.03137203522464157
7793,0.5423887033740948,0.059449137296731104,0.5101441628790123,0.032244540495082526
7794,0.5518211191505215,0.057565140852093286,0.520055458701462,0.03176566044905952
7795,0.5738812083584062,0.06371257475211341,0.537317758972038,0.03656344938636812
7796,0.5616322819452104,0.06442462058752771,0.5254493352711829,0.03618294667402757
7797,0.5615651933526874,0.0700943435832851,0.5222026497454102,0.0393625436072772
7798,0.5605490514881479,0.07839716610921432,0.516603594386269,0.04394545710187887
7799,0.5401942927470788,0.07498007856372287,0.49969048223722806,0.04050381050985068
7800,0.5288009210892984,0.0744941485900091,0.4894083466991386,0.03939257439015987
7801,0.5397322549598454,0.07408523790544101,0.49974606244590514,0.0399861925139403
7802,0.5471570467020509,0.07218872354812306,0.5076584779202691,0.03949856878178181
7803,0.5384163076864448,0.0715540645366735,0.49989043245865145,0.03852587522779333
7804,0.5377083583132284,0.07113230843009871,0.4994599215242498,0.038248436788978595
7805,0.5229404977039908,0.0723944864338665,0.4850824889372398,0.03785800876675096
7806,0.5348957261642864,0.0686453586186444,0.49817761721815873,0.036718108946127655
7807,0.5565173031916347,0.0682230562969254,0.5185499918857788,0.037967311305856
7808,0.5374185208054495,0.07030102431787934,0.49963744830542683,0.03778107250002265
7809,0.5383258261184624,0.07194131371473617,0.49959795898092957,0.03872786713753281
7810,0.5381279192334868,0.06980754647793971,0.5005625295005182,0.03756538973296862
7811,0.5215927858130615,0.0720158735859843,0.48402982568658665,0.037562960126474816
7812,0.5186306662889005,0.0728107875167718,0.48086875904605764,0.03776190724284292
7813,0.5253305501624366,0.07389429785145128,0.4865116180182667,0.03881893214416986
7814,0.5011178605685722,0.07504759154322713,0.4635101720536062,0.03760768851496605
7815,0.515565296339065,0.06901054133366392,0.47998585614585526,0.03557944019320974
7816,0.5198022750375466,0.06847854696301367,0.48420697053490663,0.035595304502639986
7817,0.4945432871912688,0.07377701025430655,0.4580573620209601,0.03648592517030871
7818,0.47948320292639146,0.07479748757394626,0.44361906401358875,0.03586413891280272
7819,0.4967887144367718,0.06952501775586656,0.46224947024464114,0.03453924419213068
7820,0.49074585821565897,0.0670377767758803,0.4578473469189098,0.03289851129674915
7821,0.4999839594272117,0.06853333793321434,0.46571838977460006,0.03426556965261163
7822,0.5049252067868977,0.063633944449275,0.47279482422718155,0.03213038255971614
7823,0.4749180619308609,0.06598258744544733,0.4435817393800855,0.0313363225507754
7824,0.4430217221528821,0.0655193217552915,0.41399523939456406,0.029026482758318033
7825,0.4597810485122451,0.06081852273272756,0.43181784436122583,0.027963204151019293
7826,0.46464069053457774,0.05810371144643846,0.4376433419254827,0.026997348609095015
7827,0.47836864807647655,0.056000583165291,0.451579724816202,0.026788923260274548
7828,0.47349082056794306,0.05427250604847057,0.44779328714477407,0.025697533423168984
7829,0.4893042539913741,0.06063775287960741,0.4596339435549045,0.029670310436469602
7830,0.504114858464937,0.06850467044945566,0.4695806362171225,0.03453422224781449
7831,0.5112575787831146,0.07238585513054738,0.4742497617509257,0.037007817032188944
7832,0.49431467639168886,0.08001658721335077,0.454761302977354,0.03955337341433483
7833,0.4792140306492112,0.08094785557613347,0.44042268250616207,0.038791348143049145
7834,0.46996297451456126,0.08103561990894502,0.43187923354052205,0.0380837409740392
7835,0.4790493619850745,0.07790119690257195,0.44173084331102375,0.037318518674050755
7836,0.49094697774321744,0.06853698401515881,0.45729895257734,0.03364802516587742
7837,0.50853714755059,0.06886983590525414,0.47351427764705484,0.03502286990353515
7838,0.5261707928193161,0.06383814991435952,0.4925810228667592,0.0335897699525569
7839,0.5197848677297833,0.06781606018870835,0.4845351058546405,0.03524976187514279
7840,0.5211992932198809,0.06546415086828491,0.48707942405609117,0.03411986916378975
7841,0.5025297090744962,0.06244506212309913,0.4711492101726364,0.03138049890185985
7842,0.5028959708872224,0.06296257434889697,0.4712323459304749,0.03166362495674747
7843,0.5163669363663518,0.057212570603923846,0.48682425656196004,0.029542679804391753
7844,0.5132487230607966,0.06210016534630646,0.4813758924949405,0.031872830565856124
7845,0.5075371692615168,0.06276856031704986,0.47567979183958053,0.03185737742193626
7846,0.5069448400635421,0.06050054420455597,0.47627440135800625,0.030670438705535888
7847,0.5088481484584878,0.060769975352745996,0.4779254590183751,0.030922689440112738
7848,0.4922505520575313,0.06509086418236082,0.46020953822986244,0.032041013827668906
7849,0.5144884181289068,0.058694887917154014,0.4842905780921567,0.03019784003675005
7850,0.5263975076601279,0.06472861010503182,0.49232452862653503,0.03407297903359292
7851,0.5159061328563438,0.061400841132231425,0.48422906235368757,0.031677070502656245
7852,0.526941058923053,0.06215924780978428,0.49418679906030477,0.03275425986274819
7853,0.5172888096897681,0.06429556595078355,0.4840294329107573,0.03325937677901081
7854,0.5115134976518556,0.06430259633692263,0.47862185169146093,0.03289164596039469
7855,0.5219794601717592,0.06142164471206499,0.48991862322209395,0.03206083694966527
7856,0.5239968892022466,0.05813190285459884,0.49353595294302965,0.030460936259216993
7857,0.543885927709195,0.05574989542582725,0.5135643441158283,0.03032158359336666
7858,0.5336079376562831,0.052537019171430215,0.5055737672056076,0.028034170450675484
7859,0.5303321989500123,0.05045679537791127,0.5035733357052737,0.0267588632447385
7860,0.5221834307070877,0.050776571781629386,0.49566874625461177,0.026514684452475935
7861,0.5303829536890317,0.054893056030429446,0.501268612494595,0.02911434119443668
7862,0.5279894014660959,0.05434042887775559,0.49929823094751874,0.028691170518577124
7863,0.5313100772663892,0.05284435005264073,0.5032333415568285,0.028076735709560666
7864,0.5338243769158301,0.05073864681683651,0.5067388503932799,0.027085526522550116
7865,0.5469485420694169,0.050500318672386225,0.5193274663975143,0.027621075671902598
7866,0.5433377715660411,0.05522383263630211,0.5133325774040968,0.0300051941619444
7867,0.5359742499906678,0.060752929312207625,0.5034122442678213,0.03256200572284654
7868,0.5234581811047101,0.06575835213682145,0.48903643370272654,0.03442174740198358
7869,0.5408588658938241,0.06525094333547782,0.5055673146828954,0.035291551210928716
7870,0.5486773516482639,0.06377795896910873,0.5136838300275617,0.03499352162070222
7871,0.5323401986715384,0.06301150065204439,0.4987966438958373,0.033543554775701076
7872,0.5312354900211844,0.05997239598944767,0.49937602484998567,0.031859465171198746
7873,0.5463283494686106,0.06172891984746029,0.5126040905738675,0.03372425889474314
7874,0.55817045649495,0.06282118255635744,0.5231055283499154,0.03506492814503462
7875,0.5590681741916057,0.06353479152460223,0.523547894296302,0.03552027989530367
7876,0.5398952054032163,0.05684670609776625,0.5092039413380666,0.03069126406514978
7877,0.5440641153912209,0.05458224085271198,0.5143678768056196,0.029696238585601303
7878,0.550953435879987,0.04827260858040566,0.5243574763237228,0.026595959556264242
7879,0.5579271733322011,0.045989648954705385,0.5322682984883621,0.025658874843838993
7880,0.5340945714684406,0.06220471782073363,0.5008713693606607,0.03322320210778
7881,0.5373714378438329,0.06108384527955446,0.5045467240769285,0.032824713766904406
7882,0.5450487124469666,0.06881833825658053,0.5075393657874776,0.03750934665948904
7883,0.5488372489708607,0.06659309322067772,0.5122884788871639,0.036548770083696835
7884,0.5407978850174936,0.06849361400254744,0.5037566834277114,0.03704120158978224
7885,0.5579420440783917,0.071925241751086,0.5178119276749582,0.0401301164034334
7886,0.5498537721610507,0.06459574585865144,0.5143355576351146,0.035518214525936065
7887,0.553704688564936,0.07444336432879116,0.5124850487035366,0.04121963986139938
7888,0.5521097359131046,0.07409899849192056,0.5111989574243049,0.0409107784887998
7889,0.5379948429137345,0.07026121948599222,0.5001946691734407,0.037800173740293805
7890,0.5340982415977117,0.06397623513168837,0.4999286469098352,0.03416959468787651
7891,0.5302562545983918,0.06485740311901474,0.49586521093752495,0.03439104366086681
7892,0.5239311231053715,0.07597616177531513,0.48412484733719524,0.039806275768176254
7893,0.5249998976249926,0.07594006228506218,0.48513137269969936,0.039868524925293206
7894,0.5275216799662598,0.07178775304525392,0.4896520838788244,0.03786959608743533
7895,0.5274375709432259,0.07348413874144015,0.48867927530258565,0.03875829564064019
7896,0.5375648082894209,0.10732905051908347,0.4798684878232442,0.05769632046617667
7897,0.574523656636991,0.10054336870815579,0.5167591127961801,0.05776454384081088
7898,0.5755221783245346,0.10029964481288206,0.5177975082566476,0.057724670067886986
7899,0.5538284640432631,0.08630400002241377,0.50603085227006,0.047797611773203165
7900,0.5647312138436664,0.08852225631575278,0.5147399325822912,0.04999128126137523
7901,0.5453217440415989,0.06018876302085696,0.5124995028193587,0.032822241222240214
7902,0.5379800695808072,0.06018700447357866,0.5056006607262511,0.0323794088545562
7903,0.5387986583882438,0.060460634077696654,0.5062225498618783,0.03257610852636549
7904,0.548062113591858,0.07147883176149199,0.5088872739795779,0.039174839612280125
7905,0.5714148248445752,0.07066085182633135,0.5310381665748636,0.0403766582697116
7906,0.5376282918972506,0.06817360249565498,0.5009762344350295,0.036652057462221124
7907,0.5187338794147504,0.07447097961986394,0.4801032592527215,0.03863062016202883
7908,0.5065010272309289,0.069099039672553,0.4715022926561101,0.03499873457481881
7909,0.5496367189290392,0.0675724573621024,0.5124964151745608,0.03714030375447837
7910,0.5585924421640506,0.07821257103881467,0.5149034910995498,0.043688951064500776
7911,0.5550353059461675,0.08149187721803038,0.5098044369423305,0.045230869003837
7912,0.5501222993247498,0.08454743622881848,0.5036108693045395,0.04651143002021027
7913,0.5151227146609011,0.08474089887091234,0.47147075279171186,0.04365196186918925
7914,0.5300752532084206,0.08274165200999978,0.486215951068337,0.043859302140083656
7915,0.515650991905809,0.08455223760823036,0.47205154671526933,0.04359944519053963
7916,0.5159392892777994,0.08646974268369538,0.4713261516935394,0.04461313758425999
7917,0.5044827485451305,0.07844581904534276,0.46490818614126206,0.03957456240386846
7918,0.5069827116165692,0.09238101427935635,0.46014713449533207,0.04683557712123708
7919,0.523646737617563,0.07703142349490175,0.4833094840104208,0.04033725360714219
7920,0.5356845020024683,0.07506189883246514,0.49547500610703954,0.04020949589542874
7921,0.5346538426991484,0.06340445227316666,0.5007544086470651,0.03389943405208331
7922,0.5248728480027435,0.05208016972889706,0.49753738099267103,0.02733546701007247
7923,0.5227709475337153,0.05354182899869574,0.494780834855379,0.027990112678336326
7924,0.530718520781994,0.052720798252981836,0.5027386167187256,0.027979904063268453
7925,0.5469468082347709,0.04742936424548299,0.5210054688440996,0.025941339390671284
7926,0.5454094404403393,0.04827835482217916,0.5190779699513944,0.026331470488944894
7927,0.5308674413733637,0.03965152768445423,0.5098177363249724,0.021049705048391314
7928,0.5173524470943172,0.04829517936549983,0.4923668178667169,0.02498562922760031
7929,0.521995506816612,0.05448031467935857,0.49355702734403173,0.028438479472580283
7930,0.533323969579537,0.05734096818006252,0.5027426568102121,0.03058131276932486
7931,0.5144727106522282,0.05542745150392992,0.48595679943245645,0.02851591121977175
7932,0.5245493697829933,0.0534630766358975,0.4965053466269734,0.028044023156019907
7933,0.514989151708551,0.05651174109261973,0.48588621810168947,0.029102933606861496
7934,0.5065725054923662,0.06890776941141954,0.4716657240937332,0.034906781398633034
7935,0.5196071848098048,0.08049945844851632,0.4777790878266574,0.04182809698314743
7936,0.5316846948470731,0.07421768491739092,0.49222428768951393,0.03946040715755921
7937,0.5216674313500854,0.07163851596370051,0.48429595074156967,0.037371480608515736
7938,0.5211303796250006,0.07432103875226473,0.48239942848590855,0.0387309511390921
7939,0.5274117487082477,0.07273623670328684,0.48904980291411015,0.03836194579413754
7940,0.5163750378882945,0.06799368759534809,0.4812647948800818,0.03511024300821273
7941,0.5230126942039145,0.06615801958751835,0.48841121013625116,0.03460148406766332
7942,0.5257962017822285,0.06943366957473089,0.48928824204403276,0.03650795973819578
7943,0.513167057523261,0.06609563432300142,0.4792489553425929,0.03391810218066809
7944,0.5126128281879385,0.06303171662181291,0.4803019616648903,0.03231086652304821
7945,0.5273418958517332,0.05979834614666868,0.49580772262595074,0.03153417322578245
7946,0.5313738530272651,0.06720103979415144,0.4956649775844083,0.03570887544285683
7947,0.5384490427066242,0.06860223966377586,0.5015102324321337,0.036938810274490516
7948,0.543740562571821,0.06314341855788025,0.5094069246424513,0.03433363792936977
7949,0.5392059635402603,0.060461957303700825,0.5066045155947883,0.03260144794547208
7950,0.5219025761247856,0.061912904791052416,0.4895900716189668,0.03231250450581884
7951,0.5242471798744031,0.061489353564737836,0.4920115596757892,0.03223562019861388
7952,0.5132308369273756,0.06180071983832803,0.48151280176203626,0.03171803516533936
7953,0.5252304955510517,0.06103827445906172,0.49317133240933764,0.032059163141714093
7954,0.5361254725016893,0.05959194156523034,0.5041767146727372,0.03194875782895217
7955,0.5436059126331818,0.0527195561234834,0.5149472502130593,0.02865866242012244
7956,0.5566624969233023,0.050826278514940655,0.5283694138158562,0.028293083107446056
7957,0.6206725362637848,0.043808909418081764,0.5934815493443136,0.027190986919471218
7958,0.6164385721718397,0.048465082485749135,0.5865628259241341,0.029875746247705635
7959,0.6065528681928923,0.0506309016867129,0.5758425495556243,0.03071031863726806
7960,0.59321761665159,0.05326164942480452,0.561621867920875,0.031595748730715065
7961,0.5939557416697993,0.048269733354209005,0.5652856563951966,0.028670085274602658
7962,0.595126740262707,0.046388024846008215,0.5675199862488767,0.027606754013830326
7963,0.5903931108407505,0.046918481873210835,0.5626927623717002,0.02770034846905031
7964,0.5778275436126623,0.04065800687107261,0.5543342273741637,0.023493316238498634
7965,0.5800997426772873,0.038423794318823416,0.5578101094802528,0.022289633197034475
7966,0.5604159186981957,0.0408307631016831,0.5375337090834176,0.022882209614778125
7967,0.5569153765502737,0.039286839527259164,0.53503593152148,0.021879445028793715
7968,0.5793050588070912,0.039608278291720755,0.5563597828220582,0.022945275985032924
7969,0.6029544665716459,0.03892506794104874,0.5794844229949857,0.023470043576660115
7970,0.5702290172670472,0.04078809389477238,0.5469704625692351,0.0232585546978121
7971,0.5798428030077601,0.038192075572624114,0.5576974028550455,0.022145400152714573
7972,0.579032029467797,0.03863229631327013,0.5566626925305229,0.022369336937274095
7973,0.5513724369558987,0.04526921757655151,0.5264122381416286,0.024960198814270005
7974,0.5576604000409608,0.041243845316839854,0.5346603407623445,0.02300005927861642
7975,0.5618070093311657,0.04039860261351569,0.5391107912157083,0.022696218115457464
7976,0.5623806665838293,0.03988956994234073,0.5399475436499135,0.022433122933915865
7977,0.5666102135090825,0.039607751471284716,0.5441680569913232,0.02244215651775931
7978,0.5697587360450496,0.0394613344705165,0.5472752959944771,0.02248344005057243
7979,0.5780301646750277,0.037522111251553386,0.5563412525293375,0.02168891214569011
7980,0.5762608358628004,0.03876676953215598,0.5539210648484997,0.02233977101430075
7981,0.603267291267488,0.03937580319614748,0.5795131571318665,0.02375413413562159
7982,0.5893844152356507,0.039113281366557784,0.5663316567694745,0.023052758466176132
7983,0.5938144397845008,0.04285130751930016,0.5683687146158942,0.02544572516860659
7984,0.5826110672753546,0.04773727506028711,0.5547988025036635,0.02781226477169104
7985,0.5820893661630435,0.05408452004766687,0.5506073421692647,0.03148202399377883
7986,0.5908306006591129,0.06032846252485178,0.5551866989087139,0.03564390175039896
7987,0.5976754008577125,0.062278606682382755,0.5604530096439596,0.037222391213752926
7988,0.583266008479672,0.06500724679204435,0.5453494911210234,0.03791651735864867
7989,0.5820453024053837,0.07042764207255985,0.5410532241775624,0.040992078227821215
7990,0.5877366457716957,0.07431870677940075,0.5440568183310805,0.04367982744061518
7991,0.5741527287896722,0.07040857878068711,0.5337274511525381,0.04042527763713411
7992,0.5649393175465559,0.06765074145000682,0.5267207538402705,0.038218563706285354
7993,0.5883387566318603,0.06992685496984598,0.5471980777237248,0.0411406789081356
7994,0.5747434299804108,0.08183085105359347,0.5277116859676524,0.04703174401275843
7995,0.5948168097730365,0.07483709718085456,0.550302446375246,0.044514363397790614
7996,0.5566480938128219,0.07973291234048946,0.5122649201443435,0.04438317366847828
7997,0.550732141918129,0.08642472406283379,0.5031352685203213,0.047596873397807715
7998,0.573652429622871,0.09929689661959072,0.5166905236230317,0.05696190599983927
7999,0.5638463743886076,0.10498893437723665,0.5046487443890793,0.05919762999952834
8000,0.5600777898879649,0.08954408705196028,0.5099261355143674,0.05015165437359744
8001,0.5920128027314847,0.10328600919744525,0.5308661629435553,0.061146639787929474
8002,0.606026025256363,0.10357646941841155,0.5432559891846358,0.06277003607172718
8003,0.6016729060934559,0.09907097791235614,0.542064582903408,0.0596083231900479
8004,0.6125947063022761,0.09625117322469932,0.5536317471094419,0.05896295919283418
8005,0.6268333157074601,0.08392431626852226,0.5742267582723808,0.052606557435079346
8006,0.614188566242729,0.09352658995011882,0.5567456040556938,0.05744296218703511
8007,0.6129153095729735,0.090626458846653,0.5573689654934748,0.05554634407949867
8008,0.6124269727202114,0.08882517981860096,0.5580280367425772,0.0543989359776342
8009,0.6175607149337845,0.08868280486324344,0.5627936985601066,0.05476701637367792
8010,0.6166961445504877,0.08842536883881451,0.5621645605071359,0.05453158404335175
8011,0.5932542977330001,0.08627829022182613,0.5420693312578466,0.05118496647515343
8012,0.5871697125497712,0.09525923932278783,0.5312363723789001,0.0559333401708712
8013,0.6109339718529457,0.09004641363858715,0.5559215587176104,0.05501241313533531
8014,0.683517637018474,0.07797682606004368,0.6302191011277124,0.05329853589076162
8015,0.6754506455186093,0.07550105569125978,0.6244534087146114,0.0509972368039979
8016,0.6883703486466183,0.07070468036445003,0.6396993431731941,0.04867100547342417
8017,0.7015448948470265,0.07230099397934507,0.6508225016284515,0.050722393218575135
8018,0.6893161266470437,0.07170099703230376,0.6398914730960049,0.049424653551038804
8019,0.6841158032053084,0.07147685301585699,0.6352173584937776,0.04889844471153078
8020,0.672277892062282,0.07392457585295346,0.6225800340362602,0.04969785802602182
8021,0.6967532493643471,0.06813695827028209,0.6492786022877252,0.04747464707662197
8022,0.6891128202220839,0.06689837751668395,0.6430122906232801,0.04610052959880372
8023,0.6924451362567665,0.06567374661248555,0.6469696698351916,0.04547546642157492
8024,0.6657825961662903,0.05820926588014642,0.6270278800076726,0.038754716158617745
8025,0.6746923711350525,0.053099069951849,0.6388668337241735,0.03582553741087902
8026,0.681410243239437,0.06278216554272775,0.6386298325458682,0.04278041069356872
8027,0.6691800841029648,0.0684143095839141,0.6233985906617548,0.045781493441209915
8028,0.6598551569664898,0.06206713324424501,0.6188998390171484,0.040955317949341326
8029,0.6802535091404515,0.05950017475551851,0.6397783064685398,0.04047520267191157
8030,0.6895100460940062,0.06666783354953564,0.6435419051102784,0.045968140983727854
8031,0.6844025404904414,0.06343941745521962,0.6409844420168553,0.043418098473585964
8032,0.6880817836700709,0.06329313715661108,0.6445309289612755,0.04355085470879539
8033,0.6760086144649695,0.05866888511446824,0.6363479427265334,0.03966067173843615
8034,0.6880831838014008,0.06105968547576055,0.6460690410173273,0.04201414278407347
8035,0.6957785512483798,0.06438643402881825,0.6509798514597593,0.04479869978862054
8036,0.6966270313547032,0.06738887785167154,0.6496821174305685,0.04694491392413465
8037,0.6971562602656057,0.0657331223335302,0.6513300025239802,0.04582625774162548
8038,0.6796586583008339,0.06509314989783778,0.6354175353766944,0.044241122924139495
8039,0.6564651869396158,0.07290135577465959,0.6086079847928524,0.047857202146763346
8040,0.6647278776085478,0.07277988973055939,0.6163490559753689,0.04837882163317889
8041,0.6402608790237289,0.0769661330069681,0.5909824750496302,0.04927840397409863
8042,0.6150078053682735,0.0778648802565382,0.5671202962464366,0.047887509121836966
8043,0.6694355353359956,0.07251699827974824,0.6208900797716329,0.04854545556436274
8044,0.681953449348867,0.0701247762741938,0.6341316162838629,0.04782183306500406
8045,0.6498171866886334,0.08005057126784221,0.5977989496745463,0.05201823701408717
8046,0.6587961188288061,0.0824613197936519,0.6044709213952472,0.054325197433558875
8047,0.6283315679563364,0.08206209365843035,0.5767693639781551,0.05156220397818127
8048,0.635897667135442,0.07718100809772267,0.5868184441389386,0.04907922299650351
8049,0.6599739127558389,0.08566642454614193,0.6034363073563188,0.05653760539952014
8050,0.6424094419205352,0.09445780063029319,0.5817288589325873,0.060680582987947825
8051,0.6554600231074601,0.0958491283873517,0.5926347511998566,0.06282527190760345
8052,0.644488496246884,0.09811586598104931,0.5812539493227967,0.06323454692408727
8053,0.6436651221321591,0.09414575658472964,0.5830667822218246,0.060598339910334524
8054,0.6703072533199023,0.08968209691525753,0.6101926932646667,0.06011456005523555
8055,0.6735193846349715,0.09449091786180444,0.6098779197830954,0.06364146485187616
8056,0.6394244469342978,0.10597427251223118,0.5716619063438998,0.06776254059039798
8057,0.6140369350817667,0.12579887521242913,0.5367917793095931,0.07724515577217363
8058,0.611991370359727,0.12386287316675672,0.5361883608737105,0.0758030094860165
8059,0.6552940174614643,0.11158553888675554,0.5821726813937598,0.07312133606770449
8060,0.658589052234533,0.11637918701740801,0.5819429937569128,0.07664605847762021
8061,0.6582146289599131,0.11579396831983188,0.581997345066479,0.07621728389343407
8062,0.657618276065026,0.11584487102018294,0.581436571693758,0.07618170437126799
8063,0.6372607665919947,0.10685981566775667,0.5691631985416808,0.06809756805031386
8064,0.626965057560923,0.1002067934052235,0.5641388995656216,0.06282615799530147
8065,0.6335118812564887,0.08639667655689955,0.5787785601566189,0.05473332109986981
8066,0.6122839143601408,0.0921848347925097,0.5558406228687401,0.056443291491400746
8067,0.5773061368219917,0.08876339765768763,0.5260624826290379,0.051243654192953875
8068,0.6519860034770404,0.09675794073629919,0.5889011803917124,0.06308482308532803
8069,0.6457876345711059,0.10129409302088616,0.5803731618431223,0.06541447272798363
8070,0.6332766002940561,0.1091386118902359,0.5641616711953951,0.06911492909866103
8071,0.6164645237417916,0.11181382641742356,0.5475352664916272,0.06892925725016437
8072,0.5953258352772175,0.1139686550529378,0.5274773505124062,0.06784848476481127
8073,0.6106867510431127,0.1123037947994132,0.5421043114672466,0.06858243957586606
8074,0.6456571629935363,0.09983105545105901,0.5812005269523551,0.06445663604118117
8075,0.6309801689211704,0.09895948503653097,0.568538696336468,0.06244147258470235
8076,0.6429947963115069,0.09987474005269364,0.5787758581746605,0.06421893813684645
8077,0.6535391647112352,0.09994276765489238,0.5882226518191278,0.06531651289210742
8078,0.6315209264272191,0.1085904743560364,0.5629437694607239,0.06857715696649529
8079,0.5853265954025397,0.10179590547057094,0.5257427446275317,0.05958385077500806
8080,0.6214078951963833,0.08601523162703557,0.5679573511561977,0.05345054404018556
8081,0.5684863945221579,0.08179877481531318,0.5219849039510706,0.04650149057108728
8082,0.602307964235826,0.08360388450849784,0.5519526787553055,0.05035528548052045
8083,0.5998738601638494,0.1042834086654226,0.537316969256678,0.06255689090717127
8084,0.6341638303209084,0.10466505146830912,0.5677890403810305,0.06637478993987793
8085,0.6323357929723739,0.10244327946067218,0.5675572406199192,0.06477855235245464
8086,0.6221026764302947,0.09246850498588056,0.5645777719930704,0.05752490443722435
8087,0.6316950577966718,0.11226282012131855,0.5607791891517181,0.0709158686449537
8088,0.629953357745355,0.11102761451680619,0.560011139178036,0.06994221856731898
8089,0.6355083359015506,0.0975647639948414,0.5735051150925614,0.062003220808989186
8090,0.6269496012074834,0.11586032985144773,0.5543110136113508,0.07263858759613265
8091,0.6259121136941462,0.11595534857796944,0.5533342563715679,0.07257785732257836
8092,0.5705408608907538,0.12330202055856712,0.5001920199316995,0.07034884095905432
8093,0.5361880012340045,0.1268046568729417,0.46819686571813807,0.06799113551586639
8094,0.5440183171049648,0.13779209175485707,0.4690568952381146,0.07496142186685024
8095,0.5317430906720587,0.12264597241784624,0.4665269422401131,0.06521614843194562
8096,0.5577100644974274,0.12662879531709612,0.48708791089389825,0.0706221536035292
8097,0.5639987956986489,0.11380019017183708,0.49981562549145553,0.06418317020719333
8098,0.5320576932683864,0.11503949873300164,0.47085004293775407,0.06120765033063231
8099,0.5546915731408663,0.1143015983273326,0.4912894397521627,0.06340213338870353
8100,0.568017683796271,0.10814758735056312,0.5065879417212493,0.06142974207502177
8101,0.5724006494982751,0.09356217741877601,0.5188455983752949,0.053555051122980236
8102,0.5673567776560207,0.10062863747351627,0.5102644381591306,0.057092339496890084
8103,0.6442415133752356,0.09395917232124089,0.5837091140035149,0.06053239937172078
8104,0.6452205045275478,0.08036253969923789,0.5933689461176904,0.051851558409857355
8105,0.6274301000659019,0.08555819080331471,0.5737483158487207,0.05368178421718128
8106,0.6256027314251563,0.09198233138830039,0.5680583336657817,0.057544397759374616
8107,0.6356656715936226,0.09466601862257845,0.5754897332888069,0.06017593830481572
8108,0.6236704983172484,0.10203620418383622,0.5600335280075148,0.06363697030973364
8109,0.6201083246279128,0.10101376157415944,0.5574688501737973,0.06263947445411544
8110,0.6198582615714313,0.09970892488323706,0.5580528607301516,0.06180540084127975
8111,0.6186275195021943,0.1001748812936259,0.5566565811710917,0.06197093833110255
8112,0.6178529339052601,0.09967531050203314,0.5562682508736612,0.06158468303159896
8113,0.6264567215830379,0.10498961277486488,0.5606852729638234,0.06577144861921448
8114,0.6211710768739632,0.11280083232637345,0.5511024623855105,0.07006861448845275
8115,0.635165133274224,0.11199557499738505,0.5640294489548865,0.07113568431933742
8116,0.6355476805374253,0.11297053225113274,0.5637495207961395,0.07179815974128581
8117,0.6322991789439045,0.11620165913404053,0.5588249652815312,0.07347421366237329
8118,0.5784492224813704,0.12341285501431,0.5070611524541367,0.07138807002723371
8119,0.5835306271421966,0.10790781589604183,0.5205631116588346,0.06296751548336198
8120,0.6322026546308198,0.11067894696887907,0.5622311305453507,0.06997152408546908
8121,0.6376968934053643,0.10594951214542335,0.570133218652414,0.06756367475295039
8122,0.6439731884980281,0.10551110058107951,0.5760268686348942,0.06794631986313392
8123,0.6452567602174678,0.10224893240902155,0.5792799453555277,0.0659768148619401
8124,0.6455324194546403,0.10870989257100709,0.5753566594846241,0.07017575997001624
8125,0.6476326454217671,0.09836097440680694,0.583930867360424,0.06370177806134311
8126,0.6475554226403383,0.10927319944973116,0.5767949697874056,0.07076045285293264
8127,0.6474519275972082,0.10721299162793475,0.5780366695042385,0.0694152580929697
8128,0.6685422632579913,0.1004720197320873,0.6013724717922001,0.0671697914657912
8129,0.6669709660682932,0.10744405748623312,0.595308899248403,0.07166206681989014
8130,0.6481685998380531,0.11144405697821937,0.5759340614662084,0.07223453837184465
8131,0.649899977292977,0.10468925891840979,0.5818624302990839,0.06803754699389311
8132,0.6334886430319303,0.11178095071188048,0.562676680248642,0.07081196278328825
8133,0.620966763440478,0.11985722626304604,0.5465394095729612,0.07442735386751675
8134,0.6242512820917838,0.12254630328124756,0.5477515951528564,0.07649968693892736
8135,0.6089052450525069,0.13426080368112042,0.5271531374861077,0.08175210756639915
8136,0.6142141333642542,0.11892622560354778,0.5411679647708894,0.07304616859336488
8137,0.6246450074185222,0.11868493556450029,0.5505090549623681,0.07413595245615412
8138,0.6072625838429279,0.12116930522224238,0.5336809984712165,0.07358158537171128
8139,0.6076235174190556,0.12790626210049666,0.5299046645416282,0.07771885287742743
8140,0.6038024421761531,0.11928632938693945,0.5317770651740901,0.07202537700206306
8141,0.5974845669736972,0.11690984029647446,0.527632741669194,0.06985182530450314
8142,0.5936402758861311,0.11948976991235703,0.5227063359097892,0.07093393997634195
8143,0.6129131927645451,0.11863999514787626,0.5401971745488902,0.07271601821565499
8144,0.6150541702648912,0.11534601074575318,0.5441101253322967,0.07094404493259444
8145,0.6151517295179979,0.11242813666192987,0.5459913668039259,0.06916036271407199
8146,0.6107070684311593,0.1127328022153403,0.5418603492741991,0.06884671915696017
8147,0.5988741473974823,0.11530076519105192,0.5298234999494138,0.06905064744806853
8148,0.6004935832205821,0.11284189593434256,0.5327327487935647,0.0677608344270174
8149,0.6172941957150716,0.11088488741742042,0.5488455983197789,0.0684485973952928
8150,0.599308979126238,0.10811823290167807,0.5345127513410005,0.06479622778523753
8151,0.5911450734000039,0.10990211911277752,0.526176977130265,0.06496809626973883
8152,0.5881236575636922,0.11568396124194849,0.5200871831566211,0.06803647440707115
8153,0.5833911434064969,0.10705239780438196,0.5209377226469913,0.062453420759505544
8154,0.5806687976520355,0.09765531421644816,0.5239634037616389,0.05670539389039668
8155,0.5881806433685572,0.09623890969014998,0.5315747795499164,0.05660586381864089
8156,0.5802826977973831,0.10255686824222059,0.5207707216161366,0.05951197618124652
8157,0.5703402161118954,0.09440465068393306,0.516497447238853,0.053842768873042374
8158,0.5639645747575427,0.07945530524373796,0.5191545973235272,0.044809977434015436
8159,0.5659006170449987,0.0794523227588792,0.5209384985700906,0.044962118474908136
8160,0.5539273342550954,0.06889429378394267,0.5157649017539687,0.038162432501126754
8161,0.5777063773004506,0.06523216687661802,0.5400213384907011,0.037685038809749445
8162,0.5768720719082385,0.0844815485955167,0.5281370259319262,0.04873504597631225
8163,0.5687611413015238,0.07087333558009376,0.5284511420691438,0.04030999923238002
8164,0.5723800246035334,0.06855889053347436,0.5331382851531924,0.03924173945034101
8165,0.5710512224226122,0.07252888165216721,0.5296335158941972,0.04141770652841505
8166,0.5711292782045467,0.07646072094323735,0.5274603218412364,0.04366895636331041
8167,0.5784065479253242,0.07265821062232773,0.5363805631408325,0.0420259847844917
8168,0.5611834889787825,0.07629874377413917,0.5183658937429129,0.042817595235869574
8169,0.5583938820984224,0.07352303087606578,0.5173390714638939,0.041054810634528545
8170,0.5649553262843775,0.07355787749173656,0.5233984116052472,0.041556914679130294
8171,0.5717744678467654,0.06839641639581284,0.5326671432594238,0.03910732458734167
8172,0.5779556572340991,0.06673370988338714,0.5393865320787764,0.038569125155322716
8173,0.5943729186107913,0.06276781759283297,0.5570654276733095,0.0373074909374819
8174,0.5839930923160268,0.06962936723055667,0.5433300228310458,0.04066306948498101
8175,0.5933723787424958,0.06533661411820908,0.5546034366041935,0.03876894213830226
8176,0.6005451473657993,0.06547335730930909,0.5612254403519467,0.039319707013852664
8177,0.5932180880172827,0.06709703184582834,0.5534149150740657,0.039803172943217016
8178,0.584468298242565,0.06536607337203482,0.5462639005760132,0.03820439766655183
8179,0.588261343621325,0.06408253182673959,0.5505640673462708,0.037697276275054155
8180,0.5707999512855267,0.06342714261747635,0.5345957413692911,0.03620420991623566
8181,0.57114249865035,0.06837767485213947,0.5320891025833979,0.03905339606695214
8182,0.5844477833389345,0.06218736083030739,0.5481025181499629,0.03634526518897164
8183,0.5769703590283913,0.06160497404347956,0.5414261150365902,0.03554424399180113
8184,0.583711490956535,0.062240662003668054,0.5473809013402521,0.036330589616282834
8185,0.5967378708894718,0.06199890714659563,0.5597407750413383,0.036997095848133536
8186,0.5896021820219847,0.07041362164009739,0.5480861570589128,0.04151602496307186
8187,0.5738270504874662,0.06381294147652415,0.537209458497063,0.036617591990403146
8188,0.5692992282268619,0.06059357794659411,0.5348033510663617,0.034495877160500225
8189,0.5796102764205283,0.052285590888099615,0.5493050106330662,0.030305265787462076
8190,0.5798282463607918,0.05367087969182193,0.5487083543084417,0.03111989205235014
8191,0.5810064684551156,0.05590809253860807,0.5485235050511972,0.03248296340391847
8192,0.5461337683401053,0.056607730155821885,0.5152183753529265,0.03091539298717882
8193,0.5523723254651609,0.05188867822793628,0.5237104556070823,0.02866186985807863
8194,0.5552945621083012,0.05113742115027347,0.5268982302233123,0.028396331884988885
8195,0.5572695481886312,0.04530646155307093,0.5320216368289258,0.025247911359705427
8196,0.5578606680915889,0.05098834279113523,0.5294162771172432,0.02844439097434565
8197,0.5775760861499404,0.04581000130263281,0.551117324891042,0.02645876125889833
8198,0.5796171860829537,0.045893032920100225,0.5530167954809928,0.02660039060196085
8199,0.5731854397200634,0.04621323230462431,0.5466966878406518,0.026488751879411524
8200,0.5745502533204242,0.04642062615294761,0.5478792708049555,0.02667098251546876
8201,0.5574256359847047,0.05130681189956191,0.5288259037312438,0.028599732253460915
8202,0.5371080749709907,0.04982473180768838,0.5103468091838173,0.026761265787173392
8203,0.5396554860218661,0.05208164074980191,0.5115493428702155,0.028106143151650574
8204,0.5297907071578779,0.058237312723524136,0.49893712006710755,0.030853587090770334
8205,0.5444484794161205,0.05239790127776667,0.5159205217408445,0.02852795767527606
8206,0.5458973710719863,0.047369738840829255,0.5200383551704111,0.02585901590157525
8207,0.5420779411850756,0.050003953267350465,0.5149719011467955,0.02710604003828007
8208,0.5477536638184877,0.0594907978425373,0.5151673613367529,0.03258630248173479
8209,0.548226789976191,0.06063052796381091,0.5149875102560293,0.03323927972016174
8210,0.5568777620190625,0.06424140069755974,0.5211031545696355,0.035774607449426905
8211,0.5462999302116461,0.0620606798013968,0.5123961851672557,0.033903745044390386
8212,0.5518912875809023,0.06134044775196647,0.5180380288902805,0.03385325869062184
8213,0.5505907198926973,0.07405655880245961,0.5098158658688752,0.0407748540238221
8214,0.5419817998457732,0.08433329433589402,0.49627468919468204,0.0457071106510912
8215,0.5342122929249742,0.09250737057444965,0.48479371837793717,0.049418574547037034
8216,0.5317758060881441,0.08757816932444992,0.48520385449991077,0.04657195158823334
8217,0.5600418975677334,0.0791670580331887,0.5157050281619715,0.04433686940576187
8218,0.5628231893629677,0.07914857670841131,0.5182765349864001,0.04454665437656755
8219,0.5564563814745612,0.07654448730370395,0.5138627130477167,0.04259366842684459
8220,0.5417194823222063,0.07935964885961905,0.49872881442470146,0.04299066789750491
8221,0.571416177180083,0.08519141368309396,0.5227364252447224,0.04867975193536057
8222,0.5776059153402816,0.08877900444929605,0.5263266372123471,0.05127927812793458
8223,0.5693166758704823,0.09065128088855323,0.5177073899716098,0.05160928589887251
8224,0.5894810485856651,0.0875306291460621,0.5378834015332814,0.05159764705238367
8225,0.5719589437587871,0.0836754239407691,0.524100036663056,0.04785890709573102
8226,0.5524082719135104,0.08402977629449443,0.5059895284013899,0.046418743512120525
8227,0.5395995721098727,0.08460485756790397,0.493946827167815,0.04565274494205771
8228,0.5367574604347608,0.08849134357693397,0.48925907158594584,0.04749838884881496
8229,0.5345562575096517,0.09080055049451619,0.486018255057487,0.04853800245216473
8230,0.5390831433711665,0.08661356463568294,0.4923912306887808,0.046691912682385664
8231,0.5407515714731929,0.08997599868782509,0.4920969087878815,0.04865466268531136
8232,0.5404391893441088,0.09299549213202542,0.49018078096362055,0.05025840838048827
8233,0.5732379340188181,0.0878585720862818,0.5228740676702345,0.05036386634858357
8234,0.575431252541662,0.08845819891177888,0.5245296403442776,0.050901612197384406
8235,0.5785345407126775,0.09351318323625148,0.5244339341985124,0.0541006065141652
8236,0.5790789380744187,0.08797914386572789,0.5281320688719565,0.05094686920246221
8237,0.5621688191062008,0.08480478431329404,0.5144942136542402,0.04767460545196057
8238,0.5461557820027417,0.08638233346145748,0.49897757111987784,0.04717821088286391
8239,0.5431014375341368,0.08066509611053217,0.4992921078776774,0.043809329656459325
8240,0.5426789981083305,0.08073832965629617,0.4988640022615116,0.043814995846818916
8241,0.549132289717453,0.07298091609428897,0.5090561121569188,0.04007617756053422
8242,0.5379723957924365,0.07031249024485524,0.5001462169612794,0.03782617883115709
8243,0.5260174010198804,0.06772815828794004,0.49039121122139506,0.035626189798485294
8244,0.5131207514389252,0.06489327733821679,0.47982266420780484,0.03329808723112038
8245,0.5472465298491421,0.062407408572628414,0.5130942920708936,0.0341522377782485
8246,0.5577327310804852,0.0535728167759258,0.5278534176683737,0.029879313412111527
8247,0.5423560387031199,0.05418205684314784,0.512970072984883,0.029385965718236932
8248,0.5479284215647654,0.059443242946589196,0.5153577792843499,0.03257064228041549
8249,0.5511684077817758,0.06360206023133146,0.5161129615124322,0.03505544626934356
8250,0.5497200961815571,0.07193525508114353,0.5101758408395061,0.03954425534205107
8251,0.5651910065284228,0.08306930159220333,0.5182409843499123,0.04695002217851051
8252,0.5547103073682103,0.09511494178711455,0.5019490687741706,0.052761238594039736
8253,0.5496396048078082,0.0952758782634809,0.4972722087313517,0.052367396076456484
8254,0.5396027719143764,0.08809304958098814,0.4920675181740847,0.0475352537402918
8255,0.5318583414055474,0.08944718616086386,0.4842851093306372,0.04757323207491029
8256,0.5399046401770357,0.07553662349112503,0.49912206665087155,0.04078257352616408
8257,0.5719827132889892,0.08482603748306371,0.5234636862118729,0.04851902707711628
8258,0.5633803117767928,0.08062392880488467,0.517958377630027,0.045421934146765874
8259,0.5564738012734286,0.07618572424107313,0.5140784417022295,0.04239535957119916
8260,0.558439697820178,0.08440698281836743,0.511303487841176,0.047136209979002065
8261,0.5513303863478517,0.07723624947280137,0.5087476950859531,0.04258269126189864
8262,0.5527708360124438,0.0670465667973048,0.5157094492321335,0.037061386780310325
8263,0.5728364100794117,0.06031919521928715,0.538283378831116,0.03455303124829566
8264,0.5637642099008577,0.05487070463525105,0.532830070455462,0.030934139445395643
8265,0.5772074923174714,0.058007017332718465,0.5437254073060368,0.03348208501143452
8266,0.5828013492954507,0.053649029090937356,0.5515346227528615,0.03126672654258918
8267,0.572952268192838,0.04929985447730858,0.5447058047484872,0.028246463444350788
8268,0.5619393650703495,0.04897916749927939,0.5344160427841301,0.02752332228621936
8269,0.5691510807827905,0.041974154310842955,0.5452614454918306,0.023889635290959894
8270,0.5532156480466422,0.05346797864946518,0.5236363255883343,0.029579322458307914
8271,0.5534976394061625,0.04992397592373609,0.5258648365826044,0.027632802823558015
8272,0.5444245618142883,0.05608088575145535,0.513892750162895,0.030531811651393247
8273,0.5397036232673673,0.055132984806360696,0.5099481516058297,0.02975547166153758
8274,0.5244673317676725,0.06160489515976602,0.49215757677940275,0.032309754988269684
8275,0.5340536553822736,0.05891850367578977,0.5025880131245641,0.031465642257709446
8276,0.5432704059138894,0.07527687386886159,0.5023747080912243,0.04089569782266509
8277,0.53368674854281,0.0694059868034068,0.4966456931162946,0.037041055426515354
8278,0.5450892763533928,0.08129335216515912,0.5007771418493446,0.0443121345040481
8279,0.5539744523479423,0.08727190822622012,0.5056280447829621,0.04834640756498017
8280,0.5410430574597396,0.08623534680796463,0.4943860217616574,0.046657035698082175
8281,0.5608910853298023,0.07823776057786497,0.5170082228855104,0.0438828624442919
8282,0.5610472344537273,0.0713620780138926,0.5210097379391617,0.04003749651456558
8283,0.5716702537844548,0.06727253567607389,0.5332125462417898,0.03845770754266495
8284,0.5824938753895892,0.07556423223257482,0.5384781729155977,0.04401570247399141
8285,0.5670154029803397,0.06534174437520122,0.5299656274619966,0.03704977551834307
8286,0.5747535197565021,0.07002478338414769,0.5345065290362766,0.040246990720225514
8287,0.5655485292524337,0.042678040684258546,0.5414120261120757,0.02413650314035795
8288,0.5674060060515125,0.05884967117282893,0.5340143491738928,0.03339165687761969
8289,0.5719440403969358,0.06255528747863498,0.5361659165282134,0.03577812386872234
8290,0.5845674322422278,0.0659521338770858,0.5460139626908042,0.03855346955142369
8291,0.5676540445949461,0.06320691207045513,0.5317743853117951,0.03587965928315097
8292,0.5599296124305462,0.0711586428527394,0.5200857811169282,0.039843831313618024
8293,0.5871098692313528,0.06537998214704459,0.5487246364626532,0.038385232768699526
8294,0.5780237571723364,0.06283273316979356,0.5417049446721255,0.03631881250021096
8295,0.5885983029519333,0.06632261783138785,0.5495609226490488,0.03903738030288451
8296,0.5884677068102976,0.06354272063300645,0.5510748677149049,0.037392839095392684
8297,0.5877346279379188,0.04945038340526446,0.5586709252458382,0.02906370269208054
8298,0.6033732984971891,0.05727241441970783,0.568816652895872,0.03455664560131709
8299,0.6125057340760407,0.053555460010676,0.5797027077284216,0.03280302634761915
8300,0.5945598780839371,0.04131490361937288,0.5699956940249531,0.02456418405898395
8301,0.5874533175170603,0.03868069812322964,0.5647302130806932,0.022723104436367183
8302,0.6076770352076537,0.035729970400483924,0.5859647527266304,0.021712282481023294
8303,0.6019969752985695,0.03777660392778679,0.5792555739969898,0.02274140130157971
8304,0.5978645696948982,0.036925516186566566,0.5757881118492546,0.02207645784564362
8305,0.6124235970860685,0.03997532932590875,0.5879417621055953,0.024481834980473238
8306,0.5873502396247612,0.03574069035927872,0.5663579365778845,0.02099230304687675
8307,0.5810528187787783,0.040430161978652415,0.5575607591973998,0.023492059581378576
8308,0.5823702899668809,0.04714477600810479,0.5549145730926173,0.027455716874263635
8309,0.5886441977840149,0.0422814758762463,0.5637554523357177,0.024888745448297177
8310,0.5729930046326396,0.03666193428262487,0.551985972752394,0.021007031880245598
8311,0.5533658140184409,0.03865488267261458,0.5319755234025222,0.02139029061591869
8312,0.5474045025007801,0.04380799784602359,0.5234238072343224,0.02398069526645779
8313,0.5463666800697139,0.04695313421450861,0.5207130520100651,0.025653628059648763
8314,0.5444297656603082,0.04497939164710021,0.5199416460063342,0.02448811965397399
8315,0.5277180558235437,0.03747388845585494,0.5079424082634716,0.019775647560072107
8316,0.5183248725232861,0.042958917123206826,0.4960581972816615,0.022266675241624588
8317,0.5423055086304869,0.0537327843280502,0.5131659236953313,0.029139584935155515
8318,0.5235286102868895,0.06078551565497393,0.491705653750469,0.03182295653642046
8319,0.5352578143001069,0.04952042297389462,0.5087516209358832,0.02650619336422363
8320,0.5039409699780643,0.05592393121002598,0.47575860983909724,0.028182360138967032
8321,0.5198458950140353,0.056760849505082735,0.4903390004013086,0.029506894612726698
8322,0.515093496840711,0.0666588163033093,0.48075797405577686,0.03433552278493419
8323,0.5226546049562858,0.08131339617929474,0.48015578399854253,0.04249882095774325
8324,0.5322313161458091,0.0916282213884637,0.4834639072801275,0.048767408865681615
8325,0.5341751248639913,0.07469335744489639,0.49427579132435306,0.03989933353963826
8326,0.544846832263214,0.07973586130391286,0.501403000813998,0.0434438314492159
8327,0.5348109816563307,0.06044895664146632,0.5024822158148071,0.032328765841523575
8328,0.5439081716765636,0.07345567505768733,0.5039550297566691,0.03995314191989447
8329,0.5572215277002558,0.06722509848648144,0.5197622556218184,0.03745927207843734
8330,0.5615658506102976,0.06846117554766669,0.5231203923300912,0.03844545828020635
8331,0.5640381364310535,0.0684015970496528,0.5254570271022595,0.038581109328794015
8332,0.5858955246855528,0.06889213890605443,0.5455319288144801,0.04036359587107275
8333,0.5726948665259461,0.07023317243855522,0.532472689210554,0.04022217731539214
8334,0.5598175348712211,0.07302932536818954,0.5189344379702929,0.0408830969009282
8335,0.5772226173964207,0.07364210911503566,0.534714726422447,0.04250789097397369
8336,0.5622676158460526,0.07162996584628388,0.5219924057265284,0.04027521011952421
8337,0.5353754694843936,0.07435237087311668,0.495569034020921,0.039806435463472595
8338,0.5645531855099617,0.07375568652426943,0.5229141777332112,0.04163900777675046
8339,0.5700096818062217,0.06900797116100432,0.5306744701226447,0.039335211683576995
8340,0.55308686901368,0.05993909678384411,0.5199353416419957,0.033151527371684274
8341,0.5654780855840434,0.06073979748886406,0.5311310611812781,0.03434702440276534
8342,0.5678658570280881,0.06794755354339466,0.5292807613022064,0.03858509572588171
8343,0.5544696292078755,0.05852725629665601,0.5220180431105144,0.03245158609736115
8344,0.5534580321101263,0.03974405504663592,0.5314613656159387,0.02199666649418765
8345,0.5496962380859571,0.052534190132162234,0.5208183913994151,0.028877846686541992
8346,0.5295818774095618,0.06274921289243322,0.4963510314400147,0.03323084596954706
8347,0.5243111243519282,0.06185249045795997,0.4918811755359483,0.0324299488159799
8348,0.5138870425957531,0.05761750264171934,0.48427815456144696,0.029608888034306145
8349,0.5164430020725185,0.06583753298374835,0.48244166888934303,0.034001333183175456
8350,0.5255798884746481,0.06957841212805603,0.4890108743881413,0.03656901408650679
8351,0.5233635182263696,0.06496440521167857,0.489363518555302,0.03399999967106759
8352,0.5040881039945707,0.054465133548901735,0.47663287809009375,0.027455225904476962
8353,0.5159109002944137,0.056623222273315794,0.4866983627138166,0.029212537580597046
8354,0.4997036688529578,0.053046609755682816,0.473196083337832,0.026507585515125807
8355,0.49162581625132284,0.04893272729080174,0.46756922425557906,0.024056591995743788
8356,0.50417720165231,0.0439535090764517,0.48201684444334514,0.022160357208964823
8357,0.49801551348081036,0.046645945888654276,0.4747851087872741,0.023230404693536256
8358,0.4978130724985293,0.055238177587507764,0.47031478559447265,0.02749828690405664
8359,0.49734428318277907,0.05709065611546854,0.46895057174059684,0.028393711442182244
8360,0.49973769661566914,0.06632562550868332,0.4665922812973663,0.03314541531830287
8361,0.4941797667421766,0.06501995014992881,0.46204822294349684,0.032131543798679774
8362,0.4915714078643503,0.059780079781149985,0.46218522988408717,0.02938617798026308
8363,0.49586269155122037,0.05426890215855151,0.4689527676593512,0.026909923891869185
8364,0.4949858885602705,0.0709447273120832,0.4598692496730329,0.035116638887237595
8365,0.5303477585285484,0.06469395799365889,0.4960374629162714,0.03431029561227706
8366,0.5024186578675591,0.06041249821443337,0.4720662915962372,0.030352366271321925
8367,0.4864620440355611,0.06091369414711779,0.4568298438709972,0.029632200164563912
8368,0.4923243073431559,0.06252593596597836,0.4615412692277231,0.030783038115432815
8369,0.4897303708329288,0.05900080434517245,0.46083588504152645,0.028894485791402382
8370,0.49979516835918164,0.05113255543300427,0.4742393642079081,0.025555804151273554
8371,0.5068176003856742,0.04778976950766088,0.4825969040808171,0.024220696304857153
8372,0.5027401130489058,0.055477381755743224,0.4748494078733661,0.02789070517553965
8373,0.5024344601551877,0.059408504309003275,0.47258558036406645,0.0298488797911212
8374,0.48868854430904407,0.058161213625648314,0.4602658254870787,0.028422718821965415
8375,0.47808790253110406,0.06349763185705856,0.4477304529008707,0.03035744963023334
8376,0.4842150242610274,0.05323762344477326,0.4584365671331171,0.025778457127910326
8377,0.49699369692502104,0.063733166897104,0.46531871469208996,0.03167498223293109
8378,0.4943373421073088,0.0568142866291139,0.4662519186613498,0.028085423445958976
8379,0.48631832538184805,0.051422453893898,0.46131064371714225,0.025007681664705766
8380,0.48877687974920103,0.05380736931245138,0.46247708166914814,0.026299798080052898
8381,0.4812267952064938,0.06359935321902489,0.45062108227969666,0.030605712926797157
8382,0.4705546713503903,0.06216676271771084,0.4413018107508402,0.029252860599550123
8383,0.4812520096278155,0.061681833832772,0.451567503138265,0.029684506489550507
8384,0.47314585522029223,0.058596546587962414,0.4454211420719751,0.027724713148317173
8385,0.499289827383739,0.05692036811823533,0.47087006661136643,0.0284197607723726
8386,0.4815636403822895,0.05310792953578662,0.45598879250186997,0.02557484788041952
8387,0.4742092828534025,0.06814228862406656,0.44189557703299437,0.03231370582040817
8388,0.48154516335024894,0.07160057484795868,0.44706625283911694,0.034478910511131985
8389,0.494907075938868,0.06665755580813836,0.46191777990463034,0.03298929603423766
8390,0.4714589395034843,0.06775047651927807,0.4395173716928497,0.03194156781063455
8391,0.47332236640530984,0.07040962857109996,0.4399959143923179,0.03332645201299195
8392,0.4869418914482026,0.07603060680790288,0.4499194039612078,0.03702248748699482
8393,0.49521762300331645,0.09317189492813802,0.44907725866628917,0.04614036433702726
8394,0.49300267743485704,0.07419770648654031,0.456423009477467,0.03657966795739003
8395,0.5066959811841947,0.08495700926518365,0.4636486060160977,0.04304737516809695
8396,0.4898339842813167,0.06871719958598682,0.4561739646194583,0.03366001966185837
8397,0.4880913104443418,0.07632059822173638,0.45083988964439836,0.03725142079994341
8398,0.5010064052223707,0.08790769547494913,0.4569640867210836,0.04404231850128713
8399,0.507086699190874,0.1030669892714376,0.4548227998056795,0.05226389938519452
8400,0.5122186874452446,0.09892403638564584,0.46154794737100346,0.050670740074241126
8401,0.5181618148646049,0.08211856900341029,0.4756111081157135,0.042550706748891366
8402,0.509608176887991,0.08403282026885384,0.46678436455202416,0.04282381233596682
8403,0.5031200965129878,0.08863233648129247,0.45852738682834837,0.04459270968463948
8404,0.5177064310191377,0.09875727369844095,0.4665791553155377,0.051127275703600025
8405,0.497866874026027,0.10108606373700581,0.4475394714656882,0.0503274025603388
8406,0.5077613968112221,0.10266830153616331,0.4556303966149841,0.05213100019623802
8407,0.5188466910866735,0.10314388376903944,0.4653308282872789,0.053515862799394555
8408,0.5098658264686019,0.10004202622204313,0.45885781608730636,0.051008010381295564
8409,0.4881005788435938,0.07965425209911511,0.4492212922866622,0.03887928655693163
8410,0.4969252938172776,0.09390989606380651,0.45025909112342055,0.04666620269385705
8411,0.49748274559723,0.08758991935035422,0.4539082720321758,0.04357447356505416
8412,0.46981872620333637,0.07456381470966567,0.43478724975557964,0.03503147644775672
8413,0.4901565629680833,0.07059607877630611,0.45555343163606504,0.034603131332018255
8414,0.5032025191502227,0.06730493950170696,0.46933450404171045,0.03386801510851228
8415,0.4898536128370178,0.06412008177913274,0.45844415912210457,0.03140945371491321
8416,0.4920005318524765,0.059019869272362115,0.4629627247806107,0.029037807071865797
8417,0.49508387858298164,0.062193791017279794,0.46429273530236737,0.030791143280614285
8418,0.4963405149712767,0.06120348082712023,0.4659627477795092,0.030377767191767515
8419,0.5098120037756222,0.06983911518468967,0.4742071845213991,0.035604819254223125
8420,0.5050220800702035,0.08025493178702314,0.46449156748322884,0.040530512586974723
8421,0.5154190295868567,0.08117176397338552,0.47358155776984096,0.04183747181701574
8422,0.5207797966635062,0.0816286358491048,0.47826925228408995,0.04251054437941619
8423,0.5065700450050873,0.07480095485752501,0.46867812193648734,0.037891923068599946
8424,0.5046947286539966,0.06717692965525227,0.4707908863698304,0.03390384228416616
8425,0.5245452204810894,0.0691240091394693,0.48828655186648967,0.03625866861459976
8426,0.5272401139982297,0.07067146751050604,0.48997928141156827,0.037260832586661394
8427,0.5274820597454006,0.07776966719891133,0.48645995550560456,0.04102210423979607
8428,0.529110804477097,0.07842482767602256,0.48761538081445904,0.041495423662638
8429,0.5172058682379935,0.07669677088650613,0.47753784826058765,0.03966801997740587
8430,0.5142259064727636,0.07431696384810428,0.4760101983716685,0.03821570810109502
8431,0.5106080295720727,0.07259658842430436,0.47353962860308396,0.03706840096898879
8432,0.5150308645363242,0.06299861229673978,0.4825846347805456,0.03244622975577859
8433,0.5140911267654316,0.06497021797614093,0.48069051419988157,0.033400612565549985
8434,0.49773487211471595,0.053507596414583546,0.47110227545613736,0.026632596658578575
8435,0.5070090352305874,0.05108357238856793,0.4811092024777277,0.025899832752859696
8436,0.5155326732183599,0.054230939436994426,0.4875748520392632,0.027957821179096717
8437,0.5427151712181734,0.05073627614599775,0.5151798244226257,0.027535346795547696
8438,0.5333305622801954,0.052083240125642465,0.505552978538612,0.027777583741583328
8439,0.5411025103444107,0.04551728042513418,0.5164729956423201,0.02462951470209061
8440,0.5316348351303609,0.04749916087338347,0.5063826265706092,0.025252208559751712
8441,0.535763385406794,0.05539407055913878,0.506085270632567,0.029678114774227014
8442,0.535392971603107,0.049406888748710825,0.5089408706182705,0.0264521009848364
8443,0.5545902780067042,0.05251403564240248,0.5254665043805302,0.029123773626173965
8444,0.5509126646559301,0.07581256099145874,0.5091465646657354,0.04176609999019476
8445,0.5525990215693166,0.07301182895733506,0.512252756324507,0.04034626524480965
8446,0.5451534667495302,0.07127960042388633,0.5062951454699274,0.03885832127960292
8447,0.5328311044413025,0.07534709588704756,0.49268382812336226,0.04014727631794028
8448,0.520593772461781,0.0795219564493168,0.47919513716028966,0.041398635301491286
8449,0.5495644708165671,0.07821028784590954,0.5065828753641185,0.042981595452448666
8450,0.5563021637008658,0.08504484477406918,0.5089915325414469,0.047310631159418956
8451,0.5505040581737477,0.07295157057083555,0.5103439225243542,0.04016013564939352
8452,0.5373319652608849,0.07831156099252694,0.4952526602901227,0.042079304970762156
8453,0.5353159516286323,0.0737371861699175,0.4958432596436653,0.039472691984967015
8454,0.5370718633469101,0.0794587124884193,0.4943968245716084,0.04267503877530176
8455,0.552828225262623,0.07979035761946174,0.5087178634667859,0.04411036179583704
8456,0.5472449166750921,0.07884453652162138,0.5040976448560311,0.04314727181906095
8457,0.5555068519792005,0.08539642273472563,0.508068554015548,0.04743829796365246
8458,0.5581756754343873,0.08369831352061648,0.5114573127522981,0.04671836268208921
8459,0.5537701582583198,0.07034516910121488,0.5148151028324317,0.03895505542588803
8460,0.5466064828118354,0.08072090875435903,0.5024839107882402,0.044122572023595284
8461,0.5618565605870013,0.07475513748102243,0.5198548961557056,0.04200166443129569
8462,0.5671694210698568,0.075358185870982,0.5244285624165372,0.04274085865331952
8463,0.5603244950927782,0.04923259194966043,0.5327382678664759,0.027586227226302256
8464,0.5489488180381559,0.04310722118650449,0.5252851599189149,0.02366365811924099
8465,0.5426770911331026,0.048104979953821396,0.5165716205427466,0.026105470590356006
8466,0.5349117472197245,0.048329178177044914,0.509059902079348,0.025851845140376473
8467,0.5416973118268184,0.05808613620946922,0.5102322079877425,0.03146510383907589
8468,0.5428469657251098,0.06233807244129785,0.5090069322511992,0.033840033473910625
8469,0.5431630693357817,0.055185752844478485,0.513188206437169,0.029974862898612783
8470,0.5324045288986468,0.059943070500041516,0.5004905666883338,0.03191396221031297
8471,0.5322270283140909,0.0588889774011515,0.5008847228714204,0.03134230544267052
8472,0.5453827014103656,0.05001379103617304,0.5181060449472841,0.02727665646308158
8473,0.5616555488819596,0.049659873019788504,0.5337638056436218,0.027891743238337728
8474,0.5479256732616291,0.04829750303342665,0.5214622313951832,0.02646344186644587
8475,0.5393496784639908,0.0449904726662643,0.5150840814974982,0.02426559696649262
8476,0.5238250604463959,0.05231482046933383,0.49642124645180474,0.02740381399459114
8477,0.5393680569550989,0.051426540189773086,0.5116302238970177,0.027737833058081213
8478,0.5239819650218884,0.04994617879788511,0.497811068110038,0.026170896911850424
8479,0.542959325288459,0.046401482675533096,0.5177652075625675,0.02519411772589157
8480,0.5147120964170062,0.04690844453011935,0.49056775259324764,0.02414434382375858
8481,0.518066562562289,0.04358800736745432,0.4954850734164922,0.022581489145796788
8482,0.5149249510766477,0.04485731140992459,0.4918268021934623,0.02309814888318537
8483,0.5205402089592117,0.05294116442238315,0.4929822041682404,0.02755800479097131
8484,0.5239465040784677,0.06075276716879828,0.4921153041072827,0.03183119997118496
8485,0.550978075884007,0.06201780543514022,0.5168076247748048,0.03417045110920227
8486,0.5565028828191425,0.06822022540446598,0.5185381307149854,0.03796475210415702
8487,0.5582778371388971,0.07192678307100368,0.5181227082536586,0.040155128885238575
8488,0.5499473595900246,0.06981490124287593,0.5115528389914666,0.03839452059855794
8489,0.5427367090911843,0.07606209601253343,0.5014550174147643,0.04128169167642009
8490,0.5495792245454004,0.07948274875445276,0.5058971571201913,0.04368206742520904
8491,0.5681225191175238,0.08491464540044824,0.5198805968626499,0.048241922254873906
8492,0.5546918172378591,0.08161650739260105,0.50941980843565,0.04527200880220904
8493,0.5635912277129834,0.08495479484782596,0.5157114505845926,0.04787977712839087
8494,0.5691600919867391,0.08519087269118318,0.5206728470493948,0.0484872449373444
8495,0.563183917443084,0.08811777819208289,0.5135574019244861,0.049626515518598
8496,0.5671740845888799,0.0986869801806923,0.5112013869440548,0.055972697644825084
8497,0.5676354139396735,0.0933291467024095,0.5146584851186148,0.05297692882105873
8498,0.550054537600505,0.08643711315857322,0.5025094112905435,0.04754512630996152
8499,0.5361960183542507,0.0913879653756217,0.4871941551943462,0.04900186315990448
8500,0.5664889739851217,0.08993831460021794,0.5155399104252931,0.05094906355982855
8501,0.5578431641512562,0.08355195603011292,0.5112342766283914,0.04660888752286483
8502,0.544764570622432,0.08003123365736088,0.5011663899826962,0.04359818063973573
8503,0.5472060668257305,0.07891695980251283,0.5040222276463532,0.04318383917937732
8504,0.5347518594389433,0.08618449191606345,0.4886645421320278,0.04608731730691551
8505,0.5378874760620481,0.09403084941968821,0.48730945979572154,0.050578016266326596
8506,0.5368604320659311,0.08866648858241104,0.489258902695809,0.04760152937012214
8507,0.5328115241151424,0.07328986462709497,0.4937618396409875,0.03904968447415494
8508,0.5349239518958809,0.08248012568802386,0.49080335710997425,0.04412059478590669
8509,0.5694693283526934,0.0728561655899866,0.527979976667811,0.041489351684882284
8510,0.5615371290512647,0.07092681727189931,0.5217090877076588,0.039828041343606
8511,0.5676551586452941,0.07002441145024746,0.5279054402544606,0.03974971839083357
8512,0.5521007222803302,0.07107410905291715,0.5128606553367837,0.039240066943546516
8513,0.553731866605173,0.06671414904809503,0.5167901163237957,0.03694175028137739
8514,0.5656845873895742,0.05925183113860263,0.5321667397398571,0.03351784764971715
8515,0.5714593502526245,0.06142134775761352,0.5363595467714182,0.03509980348120632
8516,0.5701183303839801,0.05768533078808218,0.5372308659074311,0.032887464476549014
8517,0.5663979687449481,0.05339383377666149,0.5361558097503416,0.030242158994606465
8518,0.5633704301857702,0.05471306649864462,0.532546706375646,0.03082372381012407
8519,0.5669182535048428,0.05130029587056413,0.5378351793656209,0.029083074139221916
8520,0.5776932201776055,0.05098956624547243,0.5482368934577992,0.029456326719806303
8521,0.5806162298813003,0.047927158996229714,0.5527889435159878,0.027827286365312544
8522,0.5660003880042276,0.04782749558576386,0.5389300069454147,0.027070381058812827
8523,0.5630387121744941,0.048875185285837335,0.5355200907938664,0.027518621380627637
8524,0.5534805864467346,0.04710052558747004,0.5274113599226322,0.026069226524102346
8525,0.5479078712696733,0.04541762560392428,0.5230231967069041,0.024884674562769164
8526,0.5602159166907366,0.04942445703552545,0.5325275491856377,0.027688367505098812
8527,0.5670086623815388,0.05383997862018517,0.536480928121457,0.030527734260081842
8528,0.5577355296950129,0.06731357451127157,0.5201923575593042,0.03754317213570877
8529,0.5558808886367993,0.07089415076850193,0.5164721851084533,0.03940870352834608
8530,0.5267116838240402,0.06568128949967049,0.4921165812359345,0.0345951025881057
8531,0.5272301873871859,0.06432301246489361,0.4933171534720117,0.03391303391517415
8532,0.5154644811582298,0.06259643457507541,0.48319824248763354,0.032266238670596324
8533,0.5446314614267876,0.054185781755112745,0.5151201799209476,0.02951128150584002
8534,0.5473997130297905,0.05073805683976669,0.519625715276013,0.027773997753777487
8535,0.5415446280301032,0.047562142447834174,0.515787605289876,0.025757022740227137
8536,0.5337804849975955,0.05018596644714172,0.5069921954873671,0.02678828951022836
8537,0.5289900359718539,0.04891310309478884,0.5031154918062466,0.025874544165607347
8538,0.5337693837023024,0.043335536572923855,0.5106382010533643,0.023131182648938153
8539,0.5593174200349493,0.043179621858781166,0.5351663053388112,0.024151114696138183
8540,0.5510182053775902,0.04198257540424762,0.5278850420212122,0.023133163356377884
8541,0.547233958767265,0.04181266812271246,0.5243526468638512,0.022881311903413765
8542,0.5391001997136018,0.043630361694644834,0.5155790630104421,0.023521136703159713
8543,0.5378903996743608,0.043251789201949845,0.5146256774938928,0.023264722180468007
8544,0.542942392642652,0.04641108089586042,0.5177438493359219,0.02519854330673013
8545,0.5837965065387988,0.04443992432063736,0.5578526339695621,0.025943872569236692
8546,0.5691729846278033,0.04354709255113891,0.5443871559886084,0.02478582863919491
8547,0.5667714785208359,0.05618329680993899,0.5349283883196918,0.031843090201144085
8548,0.5593765293275136,0.061918490915041834,0.5247407787782603,0.03463575054925328
8549,0.5345538073448824,0.06744640182289295,0.4985000764587422,0.036053730886140244
8550,0.5473922522841399,0.06450743492257385,0.5120813821927996,0.035310870091340284
8551,0.5611857939344664,0.06357372925158944,0.5255091202110385,0.03567667372342803
8552,0.5478096114738108,0.06653185807339267,0.5113628201519949,0.03644679132181596
8553,0.6135863287366478,0.06759047582565357,0.5721137368172219,0.041472591919425913
8554,0.6100954797722613,0.05441212250309749,0.576898889788307,0.03319658998395432
8555,0.597751129304068,0.06357216591568304,0.559750795335663,0.038000333968405124
8556,0.5939853131443744,0.07353754528600503,0.5503050912797981,0.04368022186457631
8557,0.619307586735923,0.06844001196695394,0.5769221680884911,0.042385418647431936
8558,0.6045762995590662,0.0673130346475268,0.5638804341597733,0.040695865399292964
8559,0.6047262526616323,0.07455438449112703,0.5596412591088185,0.045084993552813764
8560,0.6007785050451736,0.07552558787292842,0.5554043552702178,0.045374149774955824
8561,0.5994311106364738,0.07976896644942438,0.5516151104833718,0.04781600015310208
8562,0.5852164665422002,0.06825625623874047,0.5452717814467655,0.0399446850954347
8563,0.5911160736536732,0.055584532682959646,0.5582591629382478,0.03285691071542538
8564,0.5885240356177838,0.07320599520724218,0.5454405478870015,0.043083487730782306
8565,0.599656173788998,0.0754055993245592,0.5544387406157666,0.04521743317323143
8566,0.5917245596610996,0.08062559539740317,0.5440164147271572,0.047708144933942376
8567,0.5982205737955778,0.06744117251152865,0.5578758768782845,0.04034469691729321
8568,0.5936607466371783,0.06700140119314393,0.5538846447791194,0.03977610185805895
8569,0.6116892418657319,0.06266034227608731,0.5733605846038248,0.03832865726190712
8570,0.6008347279385061,0.062108315870791304,0.5635178948695604,0.0373168330689457
8571,0.5900491170234197,0.06240714607998667,0.553225835582972,0.0368232814404477
8572,0.5980756016075207,0.06761673210363739,0.5576356838759032,0.040439917731617495
8573,0.6080021531450501,0.07914796120807821,0.5598800223134976,0.04812213083155245
8574,0.6077403836686763,0.07469451443990736,0.5623455108050215,0.04539487286365479
8575,0.6155144437704121,0.07250520265488924,0.570886444287827,0.04462799948258516
8576,0.602878224255146,0.0755239108078124,0.5573465030185281,0.04553172123661797
8577,0.5986436787196532,0.07037545192094893,0.5565138592901382,0.04212981942951495
8578,0.6004653850735092,0.07123847975870881,0.5576891438931447,0.04277624118036448
8579,0.5997813929440318,0.07444014714338236,0.5551335777994152,0.04464781514461656
8580,0.6025991623197717,0.07943299017430995,0.5547329089801779,0.04786625333959384
8581,0.6086645947369249,0.07606164694453522,0.5623685632244063,0.0462960315125186
8582,0.607589955557179,0.08002580206367092,0.5589670820378856,0.04862287351929342
8583,0.6098877730956462,0.08089871808402868,0.5605486340770856,0.04933913901856074
8584,0.6087428149850636,0.07683783234675079,0.5619683366249522,0.04677447836011145
8585,0.6020678372454602,0.07052215893588473,0.5596087135370514,0.04245912370840873
8586,0.6018239925902327,0.06860385426027314,0.5605365471122367,0.041287445477996024
8587,0.5967599425836961,0.06356013913321419,0.5588297976039475,0.03793014497974864
8588,0.5959393723748696,0.0653464432000572,0.5569968540272975,0.038942518347572154
8589,0.586387107403765,0.05918710091842164,0.5516805545005969,0.034706552903167986
8590,0.5798036492949421,0.05794523325407547,0.5462067915949825,0.03359685769995959
8591,0.5736591907799474,0.05588147975924922,0.5416022663216705,0.03205692445827692
8592,0.5802897197062579,0.05439778512228257,0.5487232442250073,0.0315664754812506
8593,0.5935394608787835,0.05567529499741662,0.5604939763017496,0.03304548457703389
8594,0.5861655916380651,0.05971605516871638,0.5511620948298032,0.03500349680826197
8595,0.5892532628929068,0.057257595791991085,0.5555140377470729,0.03373922514583392
8596,0.575841643950576,0.05411609767103398,0.5446793413034978,0.031162302647078144
8597,0.5666299035661225,0.058428123710743705,0.5335227814623543,0.033107122103768184
8598,0.5682083921620387,0.05991349803975841,0.5341650397720641,0.03404335238997458
8599,0.5558364565650556,0.05369323119526631,0.5259918011959506,0.029844655369105133
8600,0.5833761358653675,0.05697703479056014,0.5501370934761839,0.033239042389183585
8601,0.579885856113656,0.06039960705931854,0.5448609782651346,0.035024877848521346
8602,0.5830772831634262,0.060760751130214306,0.5476490694714518,0.035428213691974436
8603,0.5814236264859639,0.06585201765044987,0.5431357075722216,0.03828791891374227
8604,0.5767101714983072,0.06669805996043934,0.5382447218999178,0.03846544959838935
8605,0.5795385789575627,0.06354625630466165,0.542711071880686,0.036827507076876674
8606,0.5761080630669685,0.06520055709119431,0.5385454964102733,0.03756256665669525
8607,0.5481769338159737,0.06697115094269218,0.5114648936380819,0.03671204017789175
8608,0.5380769230865317,0.06517451594845688,0.5030080200813319,0.03506890300519976
8609,0.5464899136596564,0.06492256998056353,0.5110103839964152,0.035479529663241166
8610,0.5513276991990793,0.060349760191211105,0.5180552047656427,0.033272494433436606
8611,0.5616961231108953,0.07512422512548479,0.5194991371062004,0.042196986004694924
8612,0.5536897008013881,0.09506554182517729,0.5010528893916839,0.05263681140970426
8613,0.5817035876073469,0.1494532833050099,0.4947660765291254,0.08693751107822145
8614,0.6515264206254843,0.22727759700036368,0.503449061363476,0.14807735926200824
8615,0.6575973558077183,0.25451050397954533,0.4902319213654795,0.16736543444223878
8616,0.6220071965123039,0.22436749542773185,0.4824489996928132,0.13955819681949064
8617,0.6209094871306986,0.20534119031767936,0.4934111939637411,0.12749829316695746
8618,0.6250606842993517,0.21927416072706768,0.4880010273461247,0.13705965695322694
8619,0.6359657608281274,0.23074635098130364,0.48921898216798854,0.14674677866013888
8620,0.6451819814419999,0.25080828270287403,0.4833649966456944,0.16181698479630552
8621,0.6410250164192788,0.2298379819509028,0.49369312026542744,0.14733189615385137
8622,0.6496144938891631,0.2279157268232691,0.5015571343594845,0.14805735952967872
8623,0.67427331402266,0.2030163239225328,0.537384824490716,0.13688848953194402
8624,0.6554829392523687,0.20211429572228853,0.5230004666274005,0.13248247262496812
8625,0.6663330657660185,0.21974133133878349,0.5199121507795403,0.14642091498647808
8626,0.6619149924280037,0.22816603464166318,0.5108884733358395,0.1510265190921641
8627,0.652630889602778,0.23622687449676602,0.4984619343518698,0.1541689552509082
8628,0.6536462842564089,0.24583187036395338,0.4929591956412076,0.16068708861520134
8629,0.6809075267837585,0.2625619224650739,0.5021271375304761,0.17878038925328246
8630,0.6590321762348006,0.26885569387767666,0.481847623205478,0.1771845530293226
8631,0.6356016571138681,0.2704109235285384,0.46372802601743757,0.17187363109643047
8632,0.6387157519115608,0.291862350288796,0.45229867139217717,0.18641708051938366
8633,0.6313411523749708,0.28148524970037425,0.4536279304525801,0.1777132219223907
8634,0.6388222000598884,0.28313508017009553,0.4579492252314951,0.18087297482839332
8635,0.6422664030778147,0.2942120841973208,0.45330386601837425,0.1889625370594404
8636,0.6199844578083868,0.28569804339402927,0.44285611127782265,0.1771283465305642
8637,0.6205253620849089,0.28224428041961874,0.44538562778113044,0.1751397343037785
8638,0.6020637075476503,0.26692755516977357,0.44135631403550646,0.16070739351214383
8639,0.6079970887830263,0.27687784549329797,0.4396561647745846,0.16834092400844172
8640,0.6203852511049465,0.28459849344745464,0.4438245432834579,0.1765607078214886
8641,0.6055303938590302,0.26224516676369414,0.4467329747409834,0.15879741911804676
8642,0.6093678493633579,0.2829122645467182,0.4369702111580068,0.172397638205351
8643,0.6184642288497239,0.28825261364321036,0.4401902984389584,0.17827393041076547
8644,0.6176581633283423,0.2901819760807688,0.4384248969513057,0.17923326637703663
8645,0.6396687266963186,0.305261007501956,0.44440280671750704,0.19526591997881154
8646,0.6514479720677205,0.32674186508616565,0.4385926466677132,0.21285532540000734
8647,0.6608634219754729,0.31148167494958423,0.45501657638563875,0.20584684558983415
8648,0.6560156255967972,0.30381869805379,0.4567058123250357,0.19930981327176148
8649,0.6457519899911058,0.3069121021895223,0.4475628892498682,0.19818910074123766
8650,0.6342848404075748,0.3097770676370646,0.4377979424994728,0.19648689790810203
8651,0.6219588005968549,0.30752209052376156,0.43069273001765873,0.19126607057919617
8652,0.6356473225086554,0.29932575861415583,0.4453817054876952,0.19026561702096026
8653,0.6687814463025588,0.28046578234880964,0.48121113474494315,0.18757031155761558
8654,0.6705680863971865,0.2877558549585496,0.4776081933880455,0.19295989300914096
8655,0.5851046938005129,0.20983758460030172,0.46232773811511413,0.12277695568539876
8656,0.5810951482680734,0.22476968140292114,0.45048257692707533,0.13061257134099807
8657,0.6095030910680544,0.2547873641483256,0.45420940505456797,0.15529368601348645
8658,0.628518198757305,0.2801544272895681,0.4524360427433813,0.17608215601392369
8659,0.6308541915387681,0.27668723057930583,0.4563048923825594,0.1745492991562087
8660,0.6461101517565335,0.2841162018842321,0.4625397894406224,0.18357036231591112
8661,0.6484241122254477,0.2943840798488924,0.45753837659612434,0.19088573562932337
8662,0.6560543286756856,0.313525846726923,0.4503643397787782,0.20568998889690737
8663,0.6658751523852247,0.3143749550029168,0.4565406813165593,0.20933447106866537
8664,0.6622673440083993,0.312911271584798,0.4550364272656442,0.20723091674275507
8665,0.6449341958434247,0.2932341911482001,0.4558174385814632,0.18911675726196153
8666,0.6348280510276815,0.2917211306211403,0.4496352942318713,0.18519275679581018
8667,0.5819036405334042,0.22444681832015068,0.45129721984676896,0.13060642068663522
8668,0.6222054786508655,0.26524943569336623,0.4571658265534026,0.1650396520974629
8669,0.6343872142873671,0.2937099575284876,0.44806137252240896,0.18632584176495814
8670,0.6413757033865637,0.29642703417796235,0.45125460583788013,0.19012109754868356
8671,0.6531588206532657,0.3061244373594645,0.4532109441744133,0.19994787647885234
8672,0.6450241773335237,0.3199015216855311,0.4386799614805716,0.2063442158529521
8673,0.6470991600803943,0.31537371398635733,0.4430210946483879,0.20407806543200632
8674,0.6371068638717031,0.31707910299833586,0.4350935909611806,0.2020132729105225
8675,0.6551757762362096,0.346386870931727,0.4282314891954836,0.22694428704072597
8676,0.6635432301423144,0.35448850671452153,0.4283247813486353,0.23521844879367912
8677,0.6667784594172521,0.3395908478998168,0.44034659702241385,0.22643186239483823
8678,0.6712428922737702,0.33542660281968695,0.44609016925151834,0.22515272302225184
8679,0.4840173730099673,0.1279858043095058,0.42207002022551254,0.06194735278445475
8680,0.43785979957471066,0.08207704482724183,0.40192156117697003,0.03593823839774065
8681,0.47003695819655483,0.0830200129122652,0.431014483857835,0.03902247433871984
8682,0.5200920673518169,0.1618539254248552,0.43591312466859716,0.08417894268321974
8683,0.618309985833589,0.2739119747358497,0.44894747661501533,0.16936250921857363
8684,0.611639150543131,0.30451987246352735,0.42538287442603656,0.18625627611709444
8685,0.6148762794200755,0.2986526815339756,0.4312418297596359,0.1836344496604396
8686,0.5988235532211971,0.2957478235062423,0.42172279069175356,0.17710076252944348
8687,0.6029384665082022,0.29544760783694296,0.4248017389054791,0.17813672760272306
8688,0.6483681032422731,0.27363935546754126,0.47094907336534525,0.17741902987692787
8689,0.7012503155773362,0.2438140129639332,0.5302756620442013,0.1709746535331349
8690,0.6461572864174421,0.2063003134420182,0.5128548356966798,0.13330245072076224
8691,0.6270683923015504,0.17668139502207814,0.5162770739754607,0.11079131832608968
8692,0.5998569261301419,0.18405450159346617,0.48945055856386993,0.11040636756627191
8693,0.6097518885328067,0.2070252194855631,0.4835178699775658,0.1262340185552409
8694,0.6168498900910525,0.22328863750257538,0.479114318589008,0.1377355715020445
8695,0.640311400768959,0.20789711808994113,0.507192505868959,0.1331188948999999
8696,0.6367659073877786,0.21900504571002716,0.49731096073373127,0.13945494665404737
8697,0.6551967838445023,0.22469336679393748,0.5079784125699214,0.14721837127458093
8698,0.6671882293937365,0.23157062995985422,0.5126870308112292,0.15450119858250727
8699,0.6484440056966485,0.23060876550471102,0.4989071340440146,0.1495368716526339
8700,0.6621052051398206,0.20710635122164664,0.5249790119784525,0.1371261931613681
8701,0.6898127544701609,0.2020182681046989,0.550457976495567,0.13935477797459378
8702,0.67118472154889,0.2126699337527194,0.5284439112812501,0.14274081026763985
8703,0.6879559616457761,0.20188445365645682,0.5490683481892162,0.13888761345655987
8704,0.6922030190171453,0.19449052270907807,0.5575760920276989,0.1346269269894465
8705,0.6900731044713423,0.1977696910111762,0.5535975598249219,0.13647554464642048
8706,0.6922650796800315,0.1903629906656605,0.5604834287787389,0.13178165090129257
8707,0.6757875421334657,0.1771202562213135,0.5560918795196146,0.11969566261385114
8708,0.6790843679053304,0.2111452610518128,0.5356989217677541,0.14338544613757628
8709,0.6410561825914791,0.20210278698769643,0.5114969414740476,0.12955924111743153
8710,0.6243264096639853,0.19471146990777902,0.5027628967360646,0.1215635129279208
8711,0.6698696636594509,0.1860221344312033,0.5452590790348075,0.12461058462464332
8712,0.6592779187571594,0.19291139374378627,0.532095696585213,0.1271822221719463
8713,0.6518247685653782,0.17749715760169102,0.5361277248906435,0.11569704367473471
8714,0.663854852829617,0.16405827788160932,0.5549439689110408,0.10891088391857616
8715,0.6478769699435777,0.1557679487528909,0.5469585032912282,0.10091846665234945
8716,0.6766427192932132,0.16405855762614946,0.5656336907377331,0.11100902855548009
8717,0.6628071783871566,0.17049675829420252,0.5498007030980192,0.11300647528913742
8718,0.6712966692527786,0.2045827316807398,0.5339609628888631,0.13733570636391554
8719,0.6832594894418305,0.17485561518627082,0.5637877310836219,0.11947175835820859
8720,0.6956399947169292,0.1936878878444284,0.5609029534400978,0.13473704127683134
8721,0.6958103212440228,0.17785534260039293,0.5720567381742776,0.12375358306974513
8722,0.6780289164494029,0.1788792028875145,0.5567436443402485,0.12128527210915435
8723,0.6981814746619452,0.18762107419211715,0.5671879164048347,0.1309935582571106
8724,0.6966647057391216,0.18335410963079077,0.5689283689071282,0.1277363368319935
8725,0.7068784069417073,0.187943346665292,0.5740253134556527,0.13285309348605465
8726,0.689998314505927,0.19820598837143152,0.5532365166046579,0.1367617979012691
8727,0.7042510090188991,0.20829857955137093,0.5575565241926428,0.1466944848262564
8728,0.7023746971962057,0.20489462200315672,0.5584618991096075,0.14391279808659824
8729,0.6887690402281671,0.18664930375291916,0.5602107784230134,0.12855826180515376
8730,0.6723347539970311,0.20499680191330408,0.5345082796124717,0.13782647438455942
8731,0.6700994219924774,0.21220915982392918,0.5278981866529532,0.1422012353395242
8732,0.6628780457989053,0.2246211960924309,0.5139815862881421,0.1488964595107633
8733,0.6607867507109881,0.22438872674085214,0.5125136530717247,0.1482730976392635
8734,0.6592594017362369,0.21415980913378793,0.5180725340907492,0.1411868676454877
8735,0.6502788248472787,0.19170116264687473,0.5256196180794119,0.12465920676786674
8736,0.6535479959218433,0.20308769115772854,0.5208204423693156,0.13272755355252774
8737,0.6474646600225133,0.20142399124678964,0.517049744009533,0.13041491601298036
8738,0.6384812028931318,0.20273575933790766,0.5090382314016121,0.12944297149151976
8739,0.6364076078732306,0.19744839563148106,0.5107499467309925,0.1256576611422381
8740,0.6405719808146412,0.19046953679175108,0.518562532347102,0.12200944846753917
8741,0.6597191269343335,0.20883017088641134,0.5219498689196026,0.13776925801473097
8742,0.6512341410201075,0.22622024637967686,0.5039117931876815,0.14732234783242593
8743,0.6519832124092213,0.2102428075892833,0.5149084313312265,0.13707478107799473
8744,0.6487027611736923,0.22097123499048163,0.505358110895406,0.14334465027828625
8745,0.6227108637788914,0.2111360926451412,0.4912341251529355,0.1314767386259559
8746,0.6196656333056128,0.22796104845440365,0.47840600584610327,0.1412596274595095
8747,0.6156890955157924,0.2269739956626562,0.47594368142064625,0.13974541409514618
8748,0.627485985092217,0.23135695687337984,0.48231273710058664,0.1451732479916303
8749,0.626576073996096,0.19837426238632616,0.5022795074882004,0.12429656650789567
8750,0.6383986846642529,0.21484951613586079,0.5012390361623682,0.1371596485018847
8751,0.6369532714339075,0.23349682251081652,0.48822670646622046,0.14872656496768702
8752,0.6448929247149718,0.2525897583395656,0.48199957670632143,0.1628933480086504
8753,0.6647260452329694,0.24902460602797136,0.49919290370229774,0.16553314153067167
8754,0.6568138717737476,0.2371186156708849,0.5010710757453225,0.15574279602842514
8755,0.6596811653412643,0.2265055774760543,0.5102597020355648,0.14942146330569953
8756,0.6794734277179388,0.23710564624896946,0.5183664415298745,0.16110698618806432
8757,0.6737031857671396,0.23875437627745247,0.5128536018531735,0.16084958391396612
8758,0.6789373590600964,0.2526384571297354,0.5074116721794165,0.17152568688067996
8759,0.6266105922948751,0.2465403571804803,0.4721257930574243,0.15448479923745084
8760,0.628460266144097,0.25108991100986633,0.47066023384473876,0.15780003229935824
8761,0.6571548286046472,0.2327670182940485,0.504190858592807,0.15296397001184023
8762,0.6479271094089758,0.23468123951939873,0.49587077225465626,0.15205633715431952
8763,0.6573949339958123,0.24422866442312757,0.49684024726748494,0.16055468672832734
8764,0.6718019783932545,0.24638841533828942,0.5062777535158127,0.16552422487744173
8765,0.6468809255716063,0.19850912629253617,0.5184691582210796,0.12841176735052667
8766,0.6389113740521528,0.1846117311189902,0.5209608392567722,0.11795053479538062
8767,0.6323513440500197,0.18089833610211314,0.5179600380794362,0.11439130597058345
8768,0.6070616531565753,0.17247145377954387,0.5023608473028476,0.10470080585372778
8769,0.6293137744402886,0.1902956511351464,0.5095580999648572,0.11975567447543137
8770,0.642520863783638,0.19457712687356413,0.517501000152297,0.12501986363134096
8771,0.6379946770769785,0.19990659460764426,0.5104553338047161,0.12753934327226246
8772,0.6415416345196536,0.19500974438000823,0.5164347643628433,0.12510687015681032
8773,0.6474727313576212,0.20175139841462064,0.5168442023708871,0.13062852898673408
8774,0.6364524067844138,0.21133382496768896,0.5019484852487721,0.1345039215356417
8775,0.6370027974473035,0.22088904345603072,0.49629585884035293,0.14070693860695055
8776,0.6443834461480356,0.2210012095781634,0.5019739251171744,0.14240952103086119
8777,0.6299258276988646,0.2245826828222915,0.4884553953352011,0.14147043236366355
8778,0.6424260230805514,0.24546634297507883,0.4847320565629449,0.15769396651760653
8779,0.6499695832766977,0.24678362916001173,0.48956773067205384,0.16040185260464393
8780,0.6564243364317452,0.26360580849112275,0.4833870685134063,0.17303726791833896
8781,0.6629460569982571,0.2721221144367325,0.48254377421039685,0.18040228278786033
8782,0.6867690513813351,0.2725851427015938,0.49956601150751573,0.18720303987381942
8783,0.6711098668726159,0.2662630727090326,0.4924180915937634,0.17869177527885252
8784,0.6796280166682626,0.27251525498515017,0.4944190144108591,0.18520900225740344
8785,0.6854519959561632,0.25184716194062334,0.5128228561280679,0.17262913982809533
8786,0.6304906875709939,0.19583980879815993,0.50701551186807,0.12347517570292384
8787,0.6231690682718061,0.20141220647228614,0.4976552112259029,0.12551385704590318
8788,0.6136436897950989,0.20519214707442315,0.48772882354737124,0.12591486624772763
8789,0.605963028281131,0.2049753966027994,0.48175551623257284,0.12420751204855818
8790,0.6055525204620663,0.20946133258373956,0.4787126825766397,0.12683983788542663
8791,0.6221463445495805,0.2149789417305784,0.48839798179676386,0.13374836275281662
8792,0.6251469510738774,0.2370183496151795,0.4769756524633856,0.1481712986104918
8793,0.634193596708754,0.23806400924458054,0.4832149264390274,0.15097867026972658
8794,0.6235155600497284,0.2327401850840358,0.4783984332009784,0.14511712684875003
8795,0.6252143147309223,0.22781057290281215,0.48278388350503176,0.1424304312258905
8796,0.6583349177720609,0.2515958874884277,0.49270055987057815,0.16563435790148273
8797,0.6778997259039551,0.2567112534735493,0.5038752375377753,0.17402448836617979
8798,0.6507186633401895,0.22200138342560707,0.5062582198578055,0.14446044348238393
8799,0.64383562284076,0.21885493077227883,0.5029290221752185,0.14090660066554156
8800,0.647522228832314,0.22614337739810442,0.5010893650638263,0.14643286376848771
8801,0.6371997359247352,0.23821002999047863,0.485412367720179,0.15178736820455624
8802,0.6448329078222524,0.24562558581103738,0.48644544708817705,0.15838746073407542
8803,0.6531504732127107,0.2547727698557041,0.4867455180197445,0.16640495519296614
8804,0.6615691258992373,0.26838457345072325,0.4840141782366027,0.17755494766263463
8805,0.6698653854562922,0.2765873968996093,0.48458906221978293,0.18527632323650925
8806,0.6661290874237499,0.2791025677461719,0.48021074867336705,0.18591833875038283
8807,0.6661433010858178,0.2885254576883606,0.47394400025399686,0.19219930083182094
8808,0.6408678817125417,0.253065722285141,0.478686188337609,0.16218169337493268
8809,0.637270457173217,0.24126055958777176,0.48352223006685147,0.15374822710636546
8810,0.6326674290107792,0.2487062553036604,0.4753190818889139,0.1573483471218653
8811,0.6419801171205616,0.264251077253174,0.4723361795963344,0.16964393752422718
8812,0.6520038733026311,0.2592866510118456,0.4829479725472402,0.16905590075539093
8813,0.6529458318009987,0.2680745567657088,0.477907667348929,0.17503816445206977
8814,0.6659847393571796,0.2885805532220047,0.4737944948360721,0.1921902445211075
8815,0.6788900349507755,0.29870400329444036,0.47610286371427635,0.20278717123649917
8816,0.6691708744292509,0.29260920312547795,0.4733653181077285,0.19580555632152238
8817,0.6695117646409287,0.29473726479620077,0.4721816983817836,0.19733006625914504
8818,0.6532797712337001,0.28068360186925473,0.4699148520155024,0.18336491921819767
8819,0.6651801169052982,0.29270504135885206,0.47047854327544686,0.19470157362985135
8820,0.6583114895786274,0.28724870011080134,0.4692123699291613,0.18909911964946607
8821,0.6740178043243226,0.26233700331529386,0.49719799335672565,0.17681981096759689
8822,0.6392771029978472,0.2312379438383431,0.49145198015769237,0.14782512284015487
8823,0.6436281929635423,0.23937695350248736,0.4895584369436185,0.15406975601992384
8824,0.6653212319444977,0.25274190423095994,0.4971666768575571,0.16815455508694052
8825,0.6668505769803375,0.2586102046931035,0.49439621276773826,0.17245436421259921
8826,0.6792468851502712,0.2737186515699991,0.49332434366381694,0.18592254148645426
8827,0.6857956888593264,0.26692825709796647,0.502737440906807,0.1830582479525193
8828,0.6742454428128885,0.27187956128574,0.49093188762201084,0.1833135551908776
8829,0.6672050903024386,0.25816955127688057,0.4949530515294074,0.17225203877303116
8830,0.6612691217603794,0.2559241024838958,0.4920344152735403,0.1692347064868391
8831,0.6584106751908385,0.27079119166450694,0.4801188638512788,0.17829181133955976
8832,0.6722751224201762,0.27769275362169393,0.48558919248395604,0.1866859299362201
8833,0.6902719310138582,0.267347422904144,0.5057295091542362,0.18454242185962205
8834,0.6799162400478099,0.28018037262107615,0.4894170545600935,0.19049918548771644
8835,0.6587370790180085,0.2545867977530808,0.49103131550959556,0.16770576350841293
8836,0.6660748490545833,0.2520546924987923,0.4981875577949508,0.16788729125963248
8837,0.6691600992905652,0.26053420815987843,0.4948210026897122,0.17433909660085303
8838,0.6760861941970472,0.26570743463261276,0.49644506594642335,0.17964112825062387
8839,0.6837905495138984,0.2356726517269603,0.5226398174841226,0.16115073202977578
8840,0.6812633488092469,0.24928396794907168,0.5114353179998054,0.16982803080944153
8841,0.6802458703098235,0.2344897302284741,0.5207351996918395,0.1595106706179841
8842,0.680178118300882,0.23969151264655175,0.5171451962562584,0.16303292204462363
8843,0.6731228174953036,0.22245179941427295,0.523385435516668,0.14973738197863554
8844,0.6701679287590362,0.23256167714704062,0.5143125512766763,0.1558553774823599
8845,0.6872700650566403,0.2242146034259819,0.5331740799734169,0.1540959850832234
8846,0.6577668990384914,0.21016339285075653,0.519528375831641,0.13823852320685037
8847,0.6618140061016934,0.22229153393069234,0.5146983555085314,0.147115650593162
8848,0.6613179414191867,0.2311281815058769,0.50846872822176,0.15284921319742664
8849,0.6503623625757872,0.23729939246469925,0.4960317690546464,0.15433059352114076
8850,0.6475197144771486,0.23505040135459923,0.49531994570427934,0.15219976877286928
8851,0.6733394185319975,0.2415608445203072,0.5106869799425956,0.16265243858940193
8852,0.6633081372403937,0.24655839943662605,0.49976394458911233,0.16354419265128137
8853,0.6720481537670683,0.2506314875366832,0.5036117252921464,0.1684364284749219
8854,0.6745826772080186,0.2441645595231106,0.509873494965602,0.16470918224241657
8855,0.6759967491304748,0.23992340560917294,0.5138093068983616,0.16218744223211323
8856,0.6712179776389473,0.23355736082065215,0.5144500782462192,0.15676789939272803
8857,0.6661427069776784,0.20950858518174834,0.5265800909096451,0.13956261606803336
8858,0.6775955926744938,0.2257293028282652,0.5246424119405751,0.15295318073391864
8859,0.637591739040494,0.16827177741728214,0.5303030438455743,0.10728869519491985
8860,0.6292073315833315,0.17334255882097602,0.5201389226977585,0.10906840888557301
8861,0.6465905911954637,0.19621222987270645,0.5197216094822902,0.12686898171317348
8862,0.6484660978624046,0.1957678048756605,0.5215173133475964,0.1269487845148082
8863,0.6692545115661295,0.19158567352806907,0.5410349352060336,0.12821957636009582
8864,0.6545048112006532,0.18682988431182865,0.5322237530424999,0.12228105815815328
8865,0.6502937618657162,0.1917338063439364,0.5256104636614851,0.12468329820423113
8866,0.659838510141433,0.20140819603318738,0.526941626140621,0.13289688400081204
8867,0.6550326240193706,0.20165864940144104,0.5229396297457424,0.1320929942736282
8868,0.6756618711300894,0.2167924519867339,0.5291834773738526,0.14647839375623667
8869,0.6912541671641828,0.21286089956910484,0.5441131833107224,0.1471409838534603
8870,0.6731694892914097,0.20157010899298136,0.5374786419641907,0.13569084732721906
8871,0.6625751262016498,0.18531072300466983,0.5397928505203118,0.1227822756813381
8872,0.60764388112828,0.1282524068965017,0.5297120908376464,0.07793179029063368
8873,0.6255803969840268,0.13162639240892776,0.5432375061672745,0.08234289081675232
8874,0.6452220542918956,0.16861432666023837,0.5364283720611318,0.10879368223076374
8875,0.653470152401935,0.1694742249028744,0.5427238048264538,0.11074634757548113
8876,0.6451314058288833,0.16285934152326567,0.5400657298796127,0.10506567594927062
8877,0.6385452117345407,0.16891793213396478,0.5306834749942974,0.10786173674024331
8878,0.63096986566864,0.18162018749266517,0.5163730003636798,0.11459686530496015
8879,0.6470367137546686,0.20786548372630523,0.5125401142613756,0.1344965994932931
8880,0.6669551781801318,0.2101575887332299,0.5267894861406537,0.1401656920394782
8881,0.6925415877050772,0.20448715652237442,0.5509257276617754,0.14161586004330182
8882,0.6828139617714588,0.2108688970232535,0.5388297347806333,0.1439842269908255
8883,0.6713446532220231,0.1943191559293193,0.540889526870258,0.1304551263517651
8884,0.6731193632712974,0.19321462671235407,0.5430628567639763,0.13005650650732117
8885,0.6647362011945637,0.18604157382527214,0.5410676321456943,0.12366856904886937
8886,0.6680718906947948,0.1853853834064324,0.54422112709528,0.12385076359951473
8887,0.6657663009137681,0.18046579994956868,0.5456182528398996,0.12014804807386842
8888,0.6600764799007698,0.1949562695547941,0.5313904317584557,0.1286860481423141
8889,0.6612615213572454,0.2131877532958977,0.520288663278067,0.14097285807917842
8890,0.656386492723471,0.23596850598440913,0.5014999526871673,0.1548865400363037
8891,0.6766683549423235,0.2609115925735726,0.5001177368101823,0.17655061813214112
8892,0.666562353253815,0.24819595625869262,0.5011242725819399,0.16543808067187507
8893,0.6915891692081715,0.24721188706050165,0.5206201056176148,0.17096906359055666
8894,0.6915764546520846,0.2586281172435263,0.512715338255463,0.17886111639662158
8895,0.6907130005744742,0.2481400118200773,0.5193194684476431,0.1713935321268311
8896,0.7037083527782814,0.2535124434889388,0.5253095287618831,0.17839882401639828
8897,0.6985776420862815,0.2643693458680801,0.5138951278098655,0.184682514276416
8898,0.7026372412077783,0.26700572614159845,0.5150290744049659,0.1876081668028123
8899,0.7037659892482294,0.2580805015115387,0.5221377097962823,0.1816282794519472
8900,0.6623497166812178,0.24828219598536277,0.4979000745133222,0.16444964216789562
8901,0.6535428194868574,0.26472262743129377,0.48053524717344076,0.17300757231341665
8902,0.6720550655113443,0.2726452458503496,0.4888224469500311,0.18323261856131326
8903,0.6461752279801376,0.2652581717035862,0.47477196840597835,0.17140325957415928
8904,0.6518030429788303,0.27714518563759677,0.4711589676333119,0.18064407534551838
8905,0.688359018261006,0.25726229228381164,0.5112701993089455,0.17708881895206055
8906,0.6814730241359165,0.24160691409746587,0.5168244297337699,0.16464859440214666
8907,0.6785283210276157,0.23483763897968976,0.5191843321366375,0.15934398889097826
8908,0.6745005213079027,0.2415959156298135,0.5115439502697334,0.1629565710381693
8909,0.6674544410190105,0.255414776891231,0.49697671388107867,0.17047772713793186
8910,0.6698342761012668,0.2588661966214446,0.49643682468025324,0.17339745142101354
8911,0.6790036765871719,0.24720631497277598,0.5111496798450905,0.16785399674208132
8912,0.6876264774602856,0.26292100463019025,0.5068350331961085,0.18079144426417715
8913,0.6891359035222537,0.2616176502692949,0.5088457877265542,0.18029011579569953
8914,0.6957010747413986,0.25636437431246284,0.517348104006812,0.1783529707345866
8915,0.6875580517991597,0.26666091044443513,0.5042131957229937,0.18334485607616602
8916,0.6845919533378761,0.2598196576254737,0.5067215064084749,0.17787044692940127
8917,0.6762606356755082,0.23134496601208376,0.5198111418998476,0.15644949377566061
8918,0.6688521032739007,0.2494891929656247,0.5019807318147345,0.16687137145916614
8919,0.6799087526718194,0.25022762765906387,0.5097767984661168,0.17013195420570257
8920,0.6793270218287096,0.24411661812749155,0.5134920066572644,0.16583501517144522
8921,0.6838076586832949,0.2420597725317696,0.5182853323669345,0.1655223263163603
8922,0.6808113142278139,0.2504632313457809,0.5102931125295478,0.1705182016982661
8923,0.6872779544900445,0.2641438630099359,0.5057377006294772,0.18154025386056727
8924,0.6872751296788956,0.2723875573615617,0.5000699358703107,0.18720519380858494
8925,0.6812176474157915,0.24682142585259711,0.513078536364674,0.16813911105111742
8926,0.696448781130413,0.2598018518655237,0.5155100980632449,0.18093868306716807
8927,0.6828443175832798,0.261405873409211,0.5043448023429059,0.1784995152403739
8928,0.6759863237427043,0.2688048738418412,0.49427790527023663,0.18170841847246766
