# ad_to_eh:global_spatial:s101
# job: {"alpha": 0.015, "baseline_scope": {"batch_no_deferral_ablation": "Drain Immediately", "excluded_from_headline": "DQN/CFWS and algorithm-superiority tests", "headroom_only": "clairvoyant fluid QP lower bound", "primary": "Status Quo (local, no deferral)", "routing_sanity": "Round Robin"}, "batch": false, "completion_penalty": null, "config": "global_spatial", "domain_randomization": true, "enforce_batch_completion": false, "fold": "ad_to_eh", "gamma": 1.0, "job_fingerprint": "1b355b8b6a8b0b1fecec885cac4fe247e508021f8c26433add283bccb5d0c393", "protocol_sha256": "00de81a3c402f029d69dfe915976ac5928a2cacfc5d27f7f35c6e66519ee630e", "region": "global", "seed": 101, "test_scenario": "env/scenarios/global_model_eh.yaml", "timesteps": 501760, "train_scenario": "env/scenarios/global_model.yaml"}
# command: C:\Python314\python.exe train.py --scenario C:\Users\jagal\copilot-worktrees\dc-energy-joint-optimization\jagal-microsoft-literate-umbrella\env\scenarios\global_model.yaml --timesteps 501760 --peak-penalty-weight 0.015 --seed 101 --output-dir C:\Users\jagal\copilot-worktrees\dc-energy-joint-optimization\jagal-microsoft-literate-umbrella\models\oof\_tmp\ad_to_eh_global_spatial_s101_f8a4dad517fe429f9b97c1617d3c0b49 --domain-rand --gamma 1.0
# started: 2026-08-05T22:05:39.777623+00:00

=== Training PPO on scenario: global_model ===
Observation space: Box(-inf, inf, (42,), float32)
Action space: Box(-3.0, 3.0, (4,), float32)
Number of DCs: 4
Max steps per episode: 8917
Gamma: 1.0
Using cpu device
Wrapping the env with a `Monitor` wrapper
Wrapping the env in a DummyVecEnv.

Training for 501760 timesteps...
-----------------------------
| time/              |      |
|    fps             | 926  |
|    iterations      | 1    |
|    time_elapsed    | 2    |
|    total_timesteps | 2048 |
-----------------------------
------------------------------------------
| time/                   |              |
|    fps                  | 614          |
|    iterations           | 2            |
|    time_elapsed         | 6            |
|    total_timesteps      | 4096         |
| train/                  |              |
|    approx_kl            | 0.0006011896 |
|    clip_fraction        | 0            |
|    clip_range           | 0.2          |
|    entropy_loss         | -5.68        |
|    explained_variance   | -3.58e-06    |
|    learning_rate        | 0.0003       |
|    loss                 | 4.92e+08     |
|    n_updates            | 10           |
|    policy_gradient_loss | -0.00169     |
|    std                  | 1            |
|    value_loss           | 9.64e+08     |
------------------------------------------
-------------------------------------------
| time/                   |               |
|    fps                  | 558           |
|    iterations           | 3             |
|    time_elapsed         | 11            |
|    total_timesteps      | 6144          |
| train/                  |               |
|    approx_kl            | 0.00014052144 |
|    clip_fraction        | 0             |
|    clip_range           | 0.2           |
|    entropy_loss         | -5.68         |
|    explained_variance   | -4.77e-07     |
|    learning_rate        | 0.0003        |
|    loss                 | 4.79e+08      |
|    n_updates            | 20            |
|    policy_gradient_loss | -0.00046      |
|    std                  | 1             |
|    value_loss           | 1.01e+09      |
-------------------------------------------
------------------------------------------
| time/                   |              |
|    fps                  | 536          |
|    iterations           | 4            |
|    time_elapsed         | 15           |
|    total_timesteps      | 8192         |
| train/                  |              |
|    approx_kl            | 0.0001871094 |
|    clip_fraction        | 0            |
|    clip_range           | 0.2          |
|    entropy_loss         | -5.67        |
|    explained_variance   | 6.56e-07     |
|    learning_rate        | 0.0003       |
|    loss                 | 4.76e+08     |
|    n_updates            | 30           |
|    policy_gradient_loss | -0.000579    |
|    std                  | 1            |
|    value_loss           | 1e+09        |
------------------------------------------
-------------------------------------------
| rollout/                |               |
|    ep_len_mean          | 8.92e+03      |
|    ep_rew_mean          | -1.43e+07     |
| time/                   |               |
|    fps                  | 520           |
|    iterations           | 5             |
|    time_elapsed         | 19            |
|    total_timesteps      | 10240         |
| train/                  |               |
|    approx_kl            | 0.00015089245 |
|    clip_fraction        | 0             |
|    clip_range           | 0.2           |
|    entropy_loss         | -5.67         |
|    explained_variance   | 0             |
|    learning_rate        | 0.0003        |
|    loss                 | 5.22e+08      |
|    n_updates            | 40            |
|    policy_gradient_loss | -0.000432     |
|    std                  | 1             |
|    value_loss           | 1.04e+09      |
-------------------------------------------
-------------------------------------------
| rollout/                |               |
|    ep_len_mean          | 8.92e+03      |
|    ep_rew_mean          | -1.43e+07     |
| time/                   |               |
|    fps                  | 514           |
|    iterations           | 6             |
|    time_elapsed         | 23            |
|    total_timesteps      | 12288         |
| train/                  |               |
|    approx_kl            | 5.6095567e-05 |
|    clip_fraction        | 0             |
|    clip_range           | 0.2           |
|    entropy_loss         | -5.67         |
|    explained_variance   | 0             |
|    learning_rate        | 0.0003        |
|    loss                 | 5.06e+08      |
|    n_updates            | 50            |
|    policy_gradient_loss | -0.000207     |
|    std                  | 1             |
|    value_loss           | 1.02e+09      |
-------------------------------------------
------------------------------------------
| rollout/                |              |
|    ep_len_mean          | 8.92e+03     |
|    ep_rew_mean          | -1.43e+07    |
| time/                   |              |
|    fps                  | 491          |
|    iterations           | 7            |
|    time_elapsed         | 29           |
|    total_timesteps      | 14336        |
| train/                  |              |
|    approx_kl            | 6.675202e-05 |
|    clip_fraction        | 0            |
|    clip_range           | 0.2          |
|    entropy_loss         | -5.67        |
|    explained_variance   | 1.79e-07     |
|    learning_rate        | 0.0003       |
|    loss                 | 4.96e+08     |
|    n_updates            | 60           |
|    policy_gradient_loss | -0.000186    |
|    std                  | 1            |
|    value_loss           | 1.04e+09     |
------------------------------------------
-------------------------------------------
| rollout/                |               |
|    ep_len_mean          | 8.92e+03      |
|    ep_rew_mean          | -1.43e+07     |
| time/                   |               |
|    fps                  | 481           |
|    iterations           | 8             |
|    time_elapsed         | 34            |
|    total_timesteps      | 16384         |
| train/                  |               |
|    approx_kl            | 4.1257445e-05 |
|    clip_fraction        | 0             |
|    clip_range           | 0.2           |
|    entropy_loss         | -5.67         |
|    explained_variance   | -1.19e-07     |
|    learning_rate        | 0.0003        |
|    loss                 | 5.28e+08      |
|    n_updates            | 70            |
|    policy_gradient_loss | -0.000141     |
|    std                  | 1             |
|    value_loss           | 1.05e+09      |
-------------------------------------------
------------------------------------------
| rollout/                |              |
|    ep_len_mean          | 8.92e+03     |
|    ep_rew_mean          | -1.44e+07    |
| time/                   |              |
|    fps                  | 477          |
|    iterations           | 9            |
|    time_elapsed         | 38           |
|    total_timesteps      | 18432        |
| train/                  |              |
|    approx_kl            | 0.0002849358 |
|    clip_fraction        | 0            |
|    clip_range           | 0.2          |
|    entropy_loss         | -5.67        |
|    explained_variance   | 0            |
|    learning_rate        | 0.0003       |
|    loss                 | 5.43e+08     |
|    n_updates            | 80           |
|    policy_gradient_loss | -0.000786    |
|    std                  | 1            |
|    value_loss           | 1.08e+09     |
------------------------------------------
-------------------------------------------
| rollout/                |               |
|    ep_len_mean          | 8.92e+03      |
|    ep_rew_mean          | -1.44e+07     |
| time/                   |               |
|    fps                  | 475           |
|    iterations           | 10            |
|    time_elapsed         | 43            |
|    total_timesteps      | 20480         |
| train/                  |               |
|    approx_kl            | 8.7408785e-05 |
|    clip_fraction        | 0             |
|    clip_range           | 0.2           |
|    entropy_loss         | -5.67         |
|    explained_variance   | 0             |
|    learning_rate        | 0.0003        |
|    loss                 | 5.78e+08      |
|    n_updates            | 90            |
|    policy_gradient_loss | -0.000298     |
|    std                  | 1             |
|    value_loss           | 1.13e+09      |
-------------------------------------------
-------------------------------------------
| rollout/                |               |
|    ep_len_mean          | 8.92e+03      |
|    ep_rew_mean          | -1.44e+07     |
| time/                   |               |
|    fps                  | 475           |
|    iterations           | 11            |
|    time_elapsed         | 47            |
|    total_timesteps      | 22528         |
| train/                  |               |
|    approx_kl            | 0.00013612045 |
|    clip_fraction        | 0             |
|    clip_range           | 0.2           |
|    entropy_loss         | -5.67         |
|    explained_variance   | -3.58e-07     |
|    learning_rate        | 0.0003        |
|    loss                 | 5.01e+08      |
|    n_updates            | 100           |
|    policy_gradient_loss | -0.00047      |
|    std                  | 1             |
|    value_loss           | 1.04e+09      |
-------------------------------------------
------------------------------------------
| rollout/                |              |
|    ep_len_mean          | 8.92e+03     |
|    ep_rew_mean          | -1.44e+07    |
| time/                   |              |
|    fps                  | 476          |
|    iterations           | 12           |
|    time_elapsed         | 51           |
|    total_timesteps      | 24576        |
| train/                  |              |
|    approx_kl            | 7.140232e-05 |
|    clip_fraction        | 0            |
|    clip_range           | 0.2          |
|    entropy_loss         | -5.67        |
|    explained_variance   | 0            |
|    learning_rate        | 0.0003       |
|    loss                 | 5.46e+08     |
|    n_updates            | 110          |
|    policy_gradient_loss | -0.000229    |
|    std                  | 1            |
|    value_loss           | 1.09e+09     |
------------------------------------------
-------------------------------------------
| rollout/                |               |
|    ep_len_mean          | 8.92e+03      |
|    ep_rew_mean          | -1.44e+07     |
| time/                   |               |
|    fps                  | 474           |
|    iterations           | 13            |
|    time_elapsed         | 56            |
|    total_timesteps      | 26624         |
| train/                  |               |
|    approx_kl            | 7.1473216e-05 |
|    clip_fraction        | 0             |
|    clip_range           | 0.2           |
|    entropy_loss         | -5.67         |
|    explained_variance   | -2.38e-07     |
|    learning_rate        | 0.0003        |
|    loss                 | 5.6e+08       |
|    n_updates            | 120           |
|    policy_gradient_loss | -0.000266     |
|    std                  | 1             |
|    value_loss           | 1.08e+09      |
-------------------------------------------
------------------------------------------
| rollout/                |              |
|    ep_len_mean          | 8.92e+03     |
|    ep_rew_mean          | -1.45e+07    |
| time/                   |              |
|    fps                  | 472          |
|    iterations           | 14           |
|    time_elapsed         | 60           |
|    total_timesteps      | 28672        |
| train/                  |              |
|    approx_kl            | 5.185537e-05 |
|    clip_fraction        | 0            |
|    clip_range           | 0.2          |
|    entropy_loss         | -5.67        |
|    explained_variance   | 0            |
|    learning_rate        | 0.0003       |
|    loss                 | 5.68e+08     |
|    n_updates            | 130          |
|    policy_gradient_loss | -0.000176    |
|    std                  | 1            |
|    value_loss           | 1.1e+09      |
------------------------------------------
-------------------------------------------
| rollout/                |               |
|    ep_len_mean          | 8.92e+03      |
|    ep_rew_mean          | -1.45e+07     |
| time/                   |               |
|    fps                  | 468           |
|    iterations           | 15            |
|    time_elapsed         | 65            |
|    total_timesteps      | 30720         |
| train/                  |               |
|    approx_kl            | 0.00016382031 |
|    clip_fraction        | 0             |
|    clip_range           | 0.2           |
|    entropy_loss         | -5.67         |
|    explained_variance   | -1.19e-07     |
|    learning_rate        | 0.0003        |
|    loss                 | 4.51e+08      |
|    n_updates            | 140           |
|    policy_gradient_loss | -0.000491     |
|    std                  | 1             |
|    value_loss           | 9.15e+08      |
-------------------------------------------
------------------------------------------
| rollout/                |              |
|    ep_len_mean          | 8.92e+03     |
|    ep_rew_mean          | -1.45e+07    |
| time/                   |              |
|    fps                  | 463          |
|    iterations           | 16           |
|    time_elapsed         | 70           |
|    total_timesteps      | 32768        |
| train/                  |              |
|    approx_kl            | 0.0003509238 |
|    clip_fraction        | 0            |
|    clip_range           | 0.2          |
|    entropy_loss         | -5.67        |
|    explained_variance   | -3.58e-07    |
|    learning_rate        | 0.0003       |
|    loss                 | 5.01e+08     |
|    n_updates            | 150          |
|    policy_gradient_loss | -0.000997    |
|    std                  | 1            |
|    value_loss           | 9.71e+08     |
------------------------------------------
-------------------------------------------
| rollout/                |               |
|    ep_len_mean          | 8.92e+03      |
|    ep_rew_mean          | -1.45e+07     |
| time/                   |               |
|    fps                  | 460           |
|    iterations           | 17            |
|    time_elapsed         | 75            |
|    total_timesteps      | 34816         |
| train/                  |               |
|    approx_kl            | 0.00034399598 |
|    clip_fraction        | 0             |
|    clip_range           | 0.2           |
|    entropy_loss         | -5.67         |
|    explained_variance   | -3.58e-07     |
|    learning_rate        | 0.0003        |
|    loss                 | 4.82e+08      |
|    n_updates            | 160           |
|    policy_gradient_loss | -0.001        |
|    std                  | 1             |
|    value_loss           | 9.73e+08      |
-------------------------------------------
-------------------------------------------
| rollout/                |               |
|    ep_len_mean          | 8.92e+03      |
|    ep_rew_mean          | -1.44e+07     |
| time/                   |               |
|    fps                  | 456           |
|    iterations           | 18            |
|    time_elapsed         | 80            |
|    total_timesteps      | 36864         |
| train/                  |               |
|    approx_kl            | 0.00031779686 |
|    clip_fraction        | 0             |
|    clip_range           | 0.2           |
|    entropy_loss         | -5.67         |
|    explained_variance   | -4.77e-07     |
|    learning_rate        | 0.0003        |
|    loss                 | 4.98e+08      |
|    n_updates            | 170           |
|    policy_gradient_loss | -0.000965     |
|    std                  | 1             |
|    value_loss           | 1.01e+09      |
-------------------------------------------
------------------------------------------
| rollout/                |              |
|    ep_len_mean          | 8.92e+03     |
|    ep_rew_mean          | -1.44e+07    |
| time/                   |              |
|    fps                  | 455          |
|    iterations           | 19           |
|    time_elapsed         | 85           |
|    total_timesteps      | 38912        |
| train/                  |              |
|    approx_kl            | 6.174034e-05 |
|    clip_fraction        | 0            |
|    clip_range           | 0.2          |
|    entropy_loss         | -5.67        |
|    explained_variance   | 0            |
|    learning_rate        | 0.0003       |
|    loss                 | 4.92e+08     |
|    n_updates            | 180          |
|    policy_gradient_loss | -0.000218    |
|    std                  | 1            |
|    value_loss           | 1.01e+09     |
------------------------------------------
-------------------------------------------
| rollout/                |               |
|    ep_len_mean          | 8.92e+03      |
|    ep_rew_mean          | -1.44e+07     |
| time/                   |               |
|    fps                  | 457           |
|    iterations           | 20            |
|    time_elapsed         | 89            |
|    total_timesteps      | 40960         |
| train/                  |               |
|    approx_kl            | 0.00016956203 |
|    clip_fraction        | 0             |
|    clip_range           | 0.2           |
|    entropy_loss         | -5.67         |
|    explained_variance   | 4.17e-07      |
|    learning_rate        | 0.0003        |
|    loss                 | 5.03e+08      |
|    n_updates            | 190           |
|    policy_gradient_loss | -0.000564     |
|    std                  | 1             |
|    value_loss           | 9.9e+08       |
-------------------------------------------
-------------------------------------------
| rollout/                |               |
|    ep_len_mean          | 8.92e+03      |
|    ep_rew_mean          | -1.44e+07     |
| time/                   |               |
|    fps                  | 458           |
|    iterations           | 21            |
|    time_elapsed         | 93            |
|    total_timesteps      | 43008         |
| train/                  |               |
|    approx_kl            | 0.00019844773 |
|    clip_fraction        | 0             |
|    clip_range           | 0.2           |
|    entropy_loss         | -5.67         |
|    explained_variance   | 0             |
|    learning_rate        | 0.0003        |
|    loss                 | 5.04e+08      |
|    n_updates            | 200           |
|    policy_gradient_loss | -0.00068      |
|    std                  | 0.999         |
|    value_loss           | 1.01e+09      |
-------------------------------------------
------------------------------------------
| rollout/                |              |
|    ep_len_mean          | 8.92e+03     |
|    ep_rew_mean          | -1.44e+07    |
| time/                   |              |
|    fps                  | 456          |
|    iterations           | 22           |
|    time_elapsed         | 98           |
|    total_timesteps      | 45056        |
| train/                  |              |
|    approx_kl            | 6.349501e-05 |
|    clip_fraction        | 0            |
|    clip_range           | 0.2          |
|    entropy_loss         | -5.67        |
|    explained_variance   | 0            |
|    learning_rate        | 0.0003       |
|    loss                 | 5.27e+08     |
|    n_updates            | 210          |
|    policy_gradient_loss | -0.000216    |
|    std                  | 0.999        |
|    value_loss           | 1.02e+09     |
------------------------------------------
-------------------------------------------
| rollout/                |               |
|    ep_len_mean          | 8.92e+03      |
|    ep_rew_mean          | -1.44e+07     |
| time/                   |               |
|    fps                  | 456           |
|    iterations           | 23            |
|    time_elapsed         | 103           |
|    total_timesteps      | 47104         |
| train/                  |               |
|    approx_kl            | 0.00014865989 |
|    clip_fraction        | 0             |
|    clip_range           | 0.2           |
|    entropy_loss         | -5.67         |
|    explained_variance   | -3.58e-07     |
|    learning_rate        | 0.0003        |
|    loss                 | 5.5e+08       |
|    n_updates            | 220           |
|    policy_gradient_loss | -0.000437     |
|    std                  | 0.999         |
|    value_loss           | 1.07e+09      |
-------------------------------------------
-------------------------------------------
| rollout/                |               |
|    ep_len_mean          | 8.92e+03      |
|    ep_rew_mean          | -1.44e+07     |
| time/                   |               |
|    fps                  | 456           |
|    iterations           | 24            |
|    time_elapsed         | 107           |
|    total_timesteps      | 49152         |
| train/                  |               |
|    approx_kl            | 0.00012738263 |
|    clip_fraction        | 0             |
|    clip_range           | 0.2           |
|    entropy_loss         | -5.67         |
|    explained_variance   | 0             |
|    learning_rate        | 0.0003        |
|    loss                 | 5.03e+08      |
|    n_updates            | 230           |
|    policy_gradient_loss | -0.000444     |
|    std                  | 0.999         |
|    value_loss           | 1.02e+09      |
-------------------------------------------
-------------------------------------------
| rollout/                |               |
|    ep_len_mean          | 8.92e+03      |
|    ep_rew_mean          | -1.44e+07     |
| time/                   |               |
|    fps                  | 457           |
|    iterations           | 25            |
|    time_elapsed         | 111           |
|    total_timesteps      | 51200         |
| train/                  |               |
|    approx_kl            | 0.00035029746 |
|    clip_fraction        | 0             |
|    clip_range           | 0.2           |
|    entropy_loss         | -5.67         |
|    explained_variance   | 4.77e-07      |
|    learning_rate        | 0.0003        |
|    loss                 | 5.33e+08      |
|    n_updates            | 240           |
|    policy_gradient_loss | -0.001        |
|    std                  | 0.999         |
|    value_loss           | 1.06e+09      |
-------------------------------------------
-------------------------------------------
| rollout/                |               |
|    ep_len_mean          | 8.92e+03      |
|    ep_rew_mean          | -1.44e+07     |
| time/                   |               |
|    fps                  | 457           |
|    iterations           | 26            |
|    time_elapsed         | 116           |
|    total_timesteps      | 53248         |
| train/                  |               |
|    approx_kl            | 0.00019301902 |
|    clip_fraction        | 0             |
|    clip_range           | 0.2           |
|    entropy_loss         | -5.67         |
|    explained_variance   | -2.38e-07     |
|    learning_rate        | 0.0003        |
|    loss                 | 5.44e+08      |
|    n_updates            | 250           |
|    policy_gradient_loss | -0.000681     |
|    std                  | 0.999         |
|    value_loss           | 1.06e+09      |
-------------------------------------------
-----------------------------------------
| rollout/                |             |
|    ep_len_mean          | 8.92e+03    |
|    ep_rew_mean          | -1.44e+07   |
| time/                   |             |
|    fps                  | 458         |
|    iterations           | 27          |
|    time_elapsed         | 120         |
|    total_timesteps      | 55296       |
| train/                  |             |
|    approx_kl            | 8.13005e-05 |
|    clip_fraction        | 0           |
|    clip_range           | 0.2         |
|    entropy_loss         | -5.67       |
|    explained_variance   | 2.98e-07    |
|    learning_rate        | 0.0003      |
|    loss                 | 5.55e+08    |
|    n_updates            | 260         |
|    policy_gradient_loss | -0.000278   |
|    std                  | 0.999       |
|    value_loss           | 1.08e+09    |
-----------------------------------------
-------------------------------------------
| rollout/                |               |
|    ep_len_mean          | 8.92e+03      |
|    ep_rew_mean          | -1.44e+07     |
| time/                   |               |
|    fps                  | 458           |
|    iterations           | 28            |
|    time_elapsed         | 125           |
|    total_timesteps      | 57344         |
| train/                  |               |
|    approx_kl            | 5.2193267e-05 |
|    clip_fraction        | 0             |
|    clip_range           | 0.2           |
|    entropy_loss         | -5.67         |
|    explained_variance   | 0             |
|    learning_rate        | 0.0003        |
|    loss                 | 4.71e+08      |
|    n_updates            | 270           |
|    policy_gradient_loss | -0.000159     |
|    std                  | 0.999         |
|    value_loss           | 9.32e+08      |
-------------------------------------------
-------------------------------------------
| rollout/                |               |
|    ep_len_mean          | 8.92e+03      |
|    ep_rew_mean          | -1.44e+07     |
| time/                   |               |
|    fps                  | 458           |
|    iterations           | 29            |
|    time_elapsed         | 129           |
|    total_timesteps      | 59392         |
| train/                  |               |
|    approx_kl            | 6.3598272e-06 |
|    clip_fraction        | 0             |
|    clip_range           | 0.2           |
|    entropy_loss         | -5.67         |
|    explained_variance   | 0             |
|    learning_rate        | 0.0003        |
|    loss                 | 4.85e+08      |
|    n_updates            | 280           |
|    policy_gradient_loss | -3.24e-05     |
|    std                  | 0.999         |
|    value_loss           | 9.71e+08      |
-------------------------------------------
-------------------------------------------
| rollout/                |               |
|    ep_len_mean          | 8.92e+03      |
|    ep_rew_mean          | -1.44e+07     |
| time/                   |               |
|    fps                  | 458           |
|    iterations           | 30            |
|    time_elapsed         | 133           |
|    total_timesteps      | 61440         |
| train/                  |               |
|    approx_kl            | 0.00012972063 |
|    clip_fraction        | 0             |
|    clip_range           | 0.2           |
|    entropy_loss         | -5.67         |
|    explained_variance   | -3.58e-07     |
|    learning_rate        | 0.0003        |
|    loss                 | 4.91e+08      |
|    n_updates            | 290           |
|    policy_gradient_loss | -0.000428     |
|    std                  | 0.999         |
|    value_loss           | 9.66e+08      |
-------------------------------------------
-------------------------------------------
| rollout/                |               |
|    ep_len_mean          | 8.92e+03      |
|    ep_rew_mean          | -1.44e+07     |
| time/                   |               |
|    fps                  | 458           |
|    iterations           | 31            |
|    time_elapsed         | 138           |
|    total_timesteps      | 63488         |
| train/                  |               |
|    approx_kl            | 6.0512713e-05 |
|    clip_fraction        | 0             |
|    clip_range           | 0.2           |
|    entropy_loss         | -5.67         |
|    explained_variance   | 0             |
|    learning_rate        | 0.0003        |
|    loss                 | 5.07e+08      |
|    n_updates            | 300           |
|    policy_gradient_loss | -0.000178     |
|    std                  | 0.999         |
|    value_loss           | 1e+09         |
-------------------------------------------
-------------------------------------------
| rollout/                |               |
|    ep_len_mean          | 8.92e+03      |
|    ep_rew_mean          | -1.44e+07     |
| time/                   |               |
|    fps                  | 457           |
|    iterations           | 32            |
|    time_elapsed         | 143           |
|    total_timesteps      | 65536         |
| train/                  |               |
|    approx_kl            | 7.1603456e-05 |
|    clip_fraction        | 0             |
|    clip_range           | 0.2           |
|    entropy_loss         | -5.67         |
|    explained_variance   | 2.98e-07      |
|    learning_rate        | 0.0003        |
|    loss                 | 5.18e+08      |
|    n_updates            | 310           |
|    policy_gradient_loss | -0.00024      |
|    std                  | 0.998         |
|    value_loss           | 1.01e+09      |
-------------------------------------------
-------------------------------------------
| rollout/                |               |
|    ep_len_mean          | 8.92e+03      |
|    ep_rew_mean          | -1.44e+07     |
| time/                   |               |
|    fps                  | 457           |
|    iterations           | 33            |
|    time_elapsed         | 147           |
|    total_timesteps      | 67584         |
| train/                  |               |
|    approx_kl            | 5.1527022e-05 |
|    clip_fraction        | 0             |
|    clip_range           | 0.2           |
|    entropy_loss         | -5.67         |
|    explained_variance   | 0             |
|    learning_rate        | 0.0003        |
|    loss                 | 4.76e+08      |
|    n_updates            | 320           |
|    policy_gradient_loss | -0.000201     |
|    std                  | 0.998         |
|    value_loss           | 9.59e+08      |
-------------------------------------------
------------------------------------------
| rollout/                |              |
|    ep_len_mean          | 8.92e+03     |
|    ep_rew_mean          | -1.44e+07    |
| time/                   |              |
|    fps                  | 456          |
|    iterations           | 34           |
|    time_elapsed         | 152          |
|    total_timesteps      | 69632        |
| train/                  |              |
|    approx_kl            | 5.028787e-05 |
|    clip_fraction        | 0            |
|    clip_range           | 0.2          |
|    entropy_loss         | -5.67        |
|    explained_variance   | 1.79e-07     |
|    learning_rate        | 0.0003       |
|    loss                 | 4.86e+08     |
|    n_updates            | 330          |
|    policy_gradient_loss | -0.000179    |
|    std                  | 0.998        |
|    value_loss           | 9.82e+08     |
------------------------------------------
-------------------------------------------
| rollout/                |               |
|    ep_len_mean          | 8.92e+03      |
|    ep_rew_mean          | -1.43e+07     |
| time/                   |               |
|    fps                  | 455           |
|    iterations           | 35            |
|    time_elapsed         | 157           |
|    total_timesteps      | 71680         |
| train/                  |               |
|    approx_kl            | 0.00015336709 |
|    clip_fraction        | 0             |
|    clip_range           | 0.2           |
|    entropy_loss         | -5.67         |
|    explained_variance   | -1.19e-07     |
|    learning_rate        | 0.0003        |
|    loss                 | 4.98e+08      |
|    n_updates            | 340           |
|    policy_gradient_loss | -0.000468     |
|    std                  | 0.998         |
|    value_loss           | 9.98e+08      |
-------------------------------------------
-------------------------------------------
| rollout/                |               |
|    ep_len_mean          | 8.92e+03      |
|    ep_rew_mean          | -1.43e+07     |
| time/                   |               |
|    fps                  | 455           |
|    iterations           | 36            |
|    time_elapsed         | 161           |
|    total_timesteps      | 73728         |
| train/                  |               |
|    approx_kl            | 0.00013905615 |
|    clip_fraction        | 0             |
|    clip_range           | 0.2           |
|    entropy_loss         | -5.67         |
|    explained_variance   | 1.79e-07      |
|    learning_rate        | 0.0003        |
|    loss                 | 4.89e+08      |
|    n_updates            | 350           |
|    policy_gradient_loss | -0.000449     |
|    std                  | 0.998         |
|    value_loss           | 1.03e+09      |
-------------------------------------------
-------------------------------------------
| rollout/                |               |
|    ep_len_mean          | 8.92e+03      |
|    ep_rew_mean          | -1.43e+07     |
| time/                   |               |
|    fps                  | 456           |
|    iterations           | 37            |
|    time_elapsed         | 166           |
|    total_timesteps      | 75776         |
| train/                  |               |
|    approx_kl            | 0.00017356689 |
|    clip_fraction        | 0             |
|    clip_range           | 0.2           |
|    entropy_loss         | -5.67         |
|    explained_variance   | -3.58e-07     |
|    learning_rate        | 0.0003        |
|    loss                 | 4.93e+08      |
|    n_updates            | 360           |
|    policy_gradient_loss | -0.000541     |
|    std                  | 0.998         |
|    value_loss           | 1e+09         |
-------------------------------------------
-------------------------------------------
| rollout/                |               |
|    ep_len_mean          | 8.92e+03      |
|    ep_rew_mean          | -1.43e+07     |
| time/                   |               |
|    fps                  | 454           |
|    iterations           | 38            |
|    time_elapsed         | 171           |
|    total_timesteps      | 77824         |
| train/                  |               |
|    approx_kl            | 3.8437604e-05 |
|    clip_fraction        | 0             |
|    clip_range           | 0.2           |
|    entropy_loss         | -5.67         |
|    explained_variance   | 0             |
|    learning_rate        | 0.0003        |
|    loss                 | 5.32e+08      |
|    n_updates            | 370           |
|    policy_gradient_loss | -0.000144     |
|    std                  | 0.998         |
|    value_loss           | 1.05e+09      |
-------------------------------------------
-------------------------------------------
| rollout/                |               |
|    ep_len_mean          | 8.92e+03      |
|    ep_rew_mean          | -1.43e+07     |
| time/                   |               |
|    fps                  | 452           |
|    iterations           | 39            |
|    time_elapsed         | 176           |
|    total_timesteps      | 79872         |
| train/                  |               |
|    approx_kl            | 0.00020148867 |
|    clip_fraction        | 0             |
|    clip_range           | 0.2           |
|    entropy_loss         | -5.67         |
|    explained_variance   | 3.58e-07      |
|    learning_rate        | 0.0003        |
|    loss                 | 5.36e+08      |
|    n_updates            | 380           |
|    policy_gradient_loss | -0.000646     |
|    std                  | 0.998         |
|    value_loss           | 1.04e+09      |
-------------------------------------------
-------------------------------------------
| rollout/                |               |
|    ep_len_mean          | 8.92e+03      |
|    ep_rew_mean          | -1.43e+07     |
| time/                   |               |
|    fps                  | 452           |
|    iterations           | 40            |
|    time_elapsed         | 180           |
|    total_timesteps      | 81920         |
| train/                  |               |
|    approx_kl            | 5.3126074e-05 |
|    clip_fraction        | 0             |
|    clip_range           | 0.2           |
|    entropy_loss         | -5.67         |
|    explained_variance   | 1.19e-07      |
|    learning_rate        | 0.0003        |
|    loss                 | 5.38e+08      |
|    n_updates            | 390           |
|    policy_gradient_loss | -0.000137     |
|    std                  | 0.998         |
|    value_loss           | 1.07e+09      |
-------------------------------------------
-------------------------------------------
| rollout/                |               |
|    ep_len_mean          | 8.92e+03      |
|    ep_rew_mean          | -1.43e+07     |
| time/                   |               |
|    fps                  | 453           |
|    iterations           | 41            |
|    time_elapsed         | 185           |
|    total_timesteps      | 83968         |
| train/                  |               |
|    approx_kl            | 0.00026396147 |
|    clip_fraction        | 0             |
|    clip_range           | 0.2           |
|    entropy_loss         | -5.67         |
|    explained_variance   | 2.98e-07      |
|    learning_rate        | 0.0003        |
|    loss                 | 5.26e+08      |
|    n_updates            | 400           |
|    policy_gradient_loss | -0.000937     |
|    std                  | 0.998         |
|    value_loss           | 1.01e+09      |
-------------------------------------------
------------------------------------------
| rollout/                |              |
|    ep_len_mean          | 8.92e+03     |
|    ep_rew_mean          | -1.43e+07    |
| time/                   |              |
|    fps                  | 453          |
|    iterations           | 42           |
|    time_elapsed         | 189          |
|    total_timesteps      | 86016        |
| train/                  |              |
|    approx_kl            | 8.795704e-05 |
|    clip_fraction        | 0            |
|    clip_range           | 0.2          |
|    entropy_loss         | -5.67        |
|    explained_variance   | -2.38e-07    |
|    learning_rate        | 0.0003       |
|    loss                 | 5.33e+08     |
|    n_updates            | 410          |
|    policy_gradient_loss | -0.00029     |
|    std                  | 0.998        |
|    value_loss           | 1.05e+09     |
------------------------------------------
-------------------------------------------
| rollout/                |               |
|    ep_len_mean          | 8.92e+03      |
|    ep_rew_mean          | -1.43e+07     |
| time/                   |               |
|    fps                  | 452           |
|    iterations           | 43            |
|    time_elapsed         | 194           |
|    total_timesteps      | 88064         |
| train/                  |               |
|    approx_kl            | 0.00011547812 |
|    clip_fraction        | 0             |
|    clip_range           | 0.2           |
|    entropy_loss         | -5.67         |
|    explained_variance   | 0             |
|    learning_rate        | 0.0003        |
|    loss                 | 5.01e+08      |
|    n_updates            | 420           |
|    policy_gradient_loss | -0.000342     |
|    std                  | 0.998         |
|    value_loss           | 1.05e+09      |
-------------------------------------------
-------------------------------------------
| rollout/                |               |
|    ep_len_mean          | 8.92e+03      |
|    ep_rew_mean          | -1.44e+07     |
| time/                   |               |
|    fps                  | 453           |
|    iterations           | 44            |
|    time_elapsed         | 198           |
|    total_timesteps      | 90112         |
| train/                  |               |
|    approx_kl            | 0.00011885146 |
|    clip_fraction        | 0             |
|    clip_range           | 0.2           |
|    entropy_loss         | -5.67         |
|    explained_variance   | -4.77e-07     |
|    learning_rate        | 0.0003        |
|    loss                 | 5.25e+08      |
|    n_updates            | 430           |
|    policy_gradient_loss | -0.000383     |
|    std                  | 0.998         |
|    value_loss           | 1.08e+09      |
-------------------------------------------
-------------------------------------------
| rollout/                |               |
|    ep_len_mean          | 8.92e+03      |
|    ep_rew_mean          | -1.44e+07     |
| time/                   |               |
|    fps                  | 453           |
|    iterations           | 45            |
|    time_elapsed         | 203           |
|    total_timesteps      | 92160         |
| train/                  |               |
|    approx_kl            | 0.00012103681 |
|    clip_fraction        | 0             |
|    clip_range           | 0.2           |
|    entropy_loss         | -5.67         |
|    explained_variance   | 5.96e-08      |
|    learning_rate        | 0.0003        |
|    loss                 | 5.51e+08      |
|    n_updates            | 440           |
|    policy_gradient_loss | -0.000334     |
|    std                  | 0.998         |
|    value_loss           | 1.06e+09      |
-------------------------------------------
--------------------------------------------
| rollout/                |                |
|    ep_len_mean          | 8.92e+03       |
|    ep_rew_mean          | -1.44e+07      |
| time/                   |                |
|    fps                  | 454            |
|    iterations           | 46             |
|    time_elapsed         | 207            |
|    total_timesteps      | 94208          |
| train/                  |                |
|    approx_kl            | 0.000111298286 |
|    clip_fraction        | 0              |
|    clip_range           | 0.2            |
|    entropy_loss         | -5.67          |
|    explained_variance   | 2.98e-07       |
|    learning_rate        | 0.0003         |
|    loss                 | 4.65e+08       |
|    n_updates            | 450            |
|    policy_gradient_loss | -0.000315      |
|    std                  | 0.998          |
|    value_loss           | 9.3e+08        |
--------------------------------------------
-------------------------------------------
| rollout/                |               |
|    ep_len_mean          | 8.92e+03      |
|    ep_rew_mean          | -1.44e+07     |
| time/                   |               |
|    fps                  | 455           |
|    iterations           | 47            |
|    time_elapsed         | 211           |
|    total_timesteps      | 96256         |
| train/                  |               |
|    approx_kl            | 0.00022416943 |
|    clip_fraction        | 0             |
|    clip_range           | 0.2           |
|    entropy_loss         | -5.67         |
|    explained_variance   | -1.19e-07     |
|    learning_rate        | 0.0003        |
|    loss                 | 4.89e+08      |
|    n_updates            | 460           |
|    policy_gradient_loss | -0.000693     |
|    std                  | 0.997         |
|    value_loss           | 9.62e+08      |
-------------------------------------------
-------------------------------------------
| rollout/                |               |
|    ep_len_mean          | 8.92e+03      |
|    ep_rew_mean          | -1.43e+07     |
| time/                   |               |
|    fps                  | 455           |
|    iterations           | 48            |
|    time_elapsed         | 215           |
|    total_timesteps      | 98304         |
| train/                  |               |
|    approx_kl            | 5.6306162e-05 |
|    clip_fraction        | 0             |
|    clip_range           | 0.2           |
|    entropy_loss         | -5.66         |
|    explained_variance   | 3.58e-07      |
|    learning_rate        | 0.0003        |
|    loss                 | 4.85e+08      |
|    n_updates            | 470           |
|    policy_gradient_loss | -0.000188     |
|    std                  | 0.997         |
|    value_loss           | 9.63e+08      |
-------------------------------------------
-------------------------------------------
| rollout/                |               |
|    ep_len_mean          | 8.92e+03      |
|    ep_rew_mean          | -1.43e+07     |
| time/                   |               |
|    fps                  | 453           |
|    iterations           | 49            |
|    time_elapsed         | 221           |
|    total_timesteps      | 100352        |
| train/                  |               |
|    approx_kl            | 0.00023504559 |
|    clip_fraction        | 0             |
|    clip_range           | 0.2           |
|    entropy_loss         | -5.66         |
|    explained_variance   | 0             |
|    learning_rate        | 0.0003        |
|    loss                 | 4.97e+08      |
|    n_updates            | 480           |
|    policy_gradient_loss | -0.000614     |
|    std                  | 0.997         |
|    value_loss           | 9.91e+08      |
-------------------------------------------
------------------------------------------
| rollout/                |              |
|    ep_len_mean          | 8.92e+03     |
|    ep_rew_mean          | -1.43e+07    |
| time/                   |              |
|    fps                  | 453          |
|    iterations           | 50           |
|    time_elapsed         | 225          |
|    total_timesteps      | 102400       |
| train/                  |              |
|    approx_kl            | 9.757609e-05 |
|    clip_fraction        | 0            |
|    clip_range           | 0.2          |
|    entropy_loss         | -5.66        |
|    explained_variance   | 0            |
|    learning_rate        | 0.0003       |
|    loss                 | 4.81e+08     |
|    n_updates            | 490          |
|    policy_gradient_loss | -0.000314    |
|    std                  | 0.997        |
|    value_loss           | 9.61e+08     |
------------------------------------------
------------------------------------------
| rollout/                |              |
|    ep_len_mean          | 8.92e+03     |
|    ep_rew_mean          | -1.43e+07    |
| time/                   |              |
|    fps                  | 454          |
|    iterations           | 51           |
|    time_elapsed         | 229          |
|    total_timesteps      | 104448       |
| train/                  |              |
|    approx_kl            | 7.013968e-05 |
|    clip_fraction        | 0            |
|    clip_range           | 0.2          |
|    entropy_loss         | -5.66        |
|    explained_variance   | -3.58e-07    |
|    learning_rate        | 0.0003       |
|    loss                 | 5.26e+08     |
|    n_updates            | 500          |
|    policy_gradient_loss | -0.000249    |
|    std                  | 0.997        |
|    value_loss           | 1.01e+09     |
------------------------------------------
-------------------------------------------
| rollout/                |               |
|    ep_len_mean          | 8.92e+03      |
|    ep_rew_mean          | -1.43e+07     |
| time/                   |               |
|    fps                  | 454           |
|    iterations           | 52            |
|    time_elapsed         | 234           |
|    total_timesteps      | 106496        |
| train/                  |               |
|    approx_kl            | 5.6788762e-05 |
|    clip_fraction        | 0             |
|    clip_range           | 0.2           |
|    entropy_loss         | -5.66         |
|    explained_variance   | 0             |
|    learning_rate        | 0.0003        |
|    loss                 | 4.85e+08      |
|    n_updates            | 510           |
|    policy_gradient_loss | -0.000175     |
|    std                  | 0.997         |
|    value_loss           | 9.89e+08      |
-------------------------------------------
-------------------------------------------
| rollout/                |               |
|    ep_len_mean          | 8.92e+03      |
|    ep_rew_mean          | -1.43e+07     |
| time/                   |               |
|    fps                  | 454           |
|    iterations           | 53            |
|    time_elapsed         | 238           |
|    total_timesteps      | 108544        |
| train/                  |               |
|    approx_kl            | 8.9200126e-05 |
|    clip_fraction        | 0             |
|    clip_range           | 0.2           |
|    entropy_loss         | -5.66         |
|    explained_variance   | 2.38e-07      |
|    learning_rate        | 0.0003        |
|    loss                 | 5.09e+08      |
|    n_updates            | 520           |
|    policy_gradient_loss | -0.000251     |
|    std                  | 0.997         |
|    value_loss           | 1.03e+09      |
-------------------------------------------
------------------------------------------
| rollout/                |              |
|    ep_len_mean          | 8.92e+03     |
|    ep_rew_mean          | -1.43e+07    |
| time/                   |              |
|    fps                  | 454          |
|    iterations           | 54           |
|    time_elapsed         | 243          |
|    total_timesteps      | 110592       |
| train/                  |              |
|    approx_kl            | 6.431469e-05 |
|    clip_fraction        | 0            |
|    clip_range           | 0.2          |
|    entropy_loss         | -5.66        |
|    explained_variance   | 5.96e-08     |
|    learning_rate        | 0.0003       |
|    loss                 | 4.65e+08     |
|    n_updates            | 530          |
|    policy_gradient_loss | -0.000204    |
|    std                  | 0.997        |
|    value_loss           | 9.69e+08     |
------------------------------------------
-------------------------------------------
| rollout/                |               |
|    ep_len_mean          | 8.92e+03      |
|    ep_rew_mean          | -1.43e+07     |
| time/                   |               |
|    fps                  | 455           |
|    iterations           | 55            |
|    time_elapsed         | 247           |
|    total_timesteps      | 112640        |
| train/                  |               |
|    approx_kl            | 0.00010749101 |
|    clip_fraction        | 0             |
|    clip_range           | 0.2           |
|    entropy_loss         | -5.66         |
|    explained_variance   | 3.58e-07      |
|    learning_rate        | 0.0003        |
|    loss                 | 5.12e+08      |
|    n_updates            | 540           |
|    policy_gradient_loss | -0.000326     |
|    std                  | 0.996         |
|    value_loss           | 9.98e+08      |
-------------------------------------------
-------------------------------------------
| rollout/                |               |
|    ep_len_mean          | 8.92e+03      |
|    ep_rew_mean          | -1.43e+07     |
| time/                   |               |
|    fps                  | 455           |
|    iterations           | 56            |
|    time_elapsed         | 251           |
|    total_timesteps      | 114688        |
| train/                  |               |
|    approx_kl            | 0.00013584885 |
|    clip_fraction        | 0             |
|    clip_range           | 0.2           |
|    entropy_loss         | -5.66         |
|    explained_variance   | 0             |
|    learning_rate        | 0.0003        |
|    loss                 | 5.02e+08      |
|    n_updates            | 550           |
|    policy_gradient_loss | -0.00044      |
|    std                  | 0.996         |
|    value_loss           | 1e+09         |
-------------------------------------------
-------------------------------------------
| rollout/                |               |
|    ep_len_mean          | 8.92e+03      |
|    ep_rew_mean          | -1.43e+07     |
| time/                   |               |
|    fps                  | 455           |
|    iterations           | 57            |
|    time_elapsed         | 256           |
|    total_timesteps      | 116736        |
| train/                  |               |
|    approx_kl            | 0.00013450344 |
|    clip_fraction        | 0             |
|    clip_range           | 0.2           |
|    entropy_loss         | -5.66         |
|    explained_variance   | 0             |
|    learning_rate        | 0.0003        |
|    loss                 | 5.07e+08      |
|    n_updates            | 560           |
|    policy_gradient_loss | -0.000433     |
|    std                  | 0.996         |
|    value_loss           | 1.03e+09      |
-------------------------------------------
-------------------------------------------
| rollout/                |               |
|    ep_len_mean          | 8.92e+03      |
|    ep_rew_mean          | -1.43e+07     |
| time/                   |               |
|    fps                  | 454           |
|    iterations           | 58            |
|    time_elapsed         | 261           |
|    total_timesteps      | 118784        |
| train/                  |               |
|    approx_kl            | 0.00012822449 |
|    clip_fraction        | 0             |
|    clip_range           | 0.2           |
|    entropy_loss         | -5.66         |
|    explained_variance   | -2.38e-07     |
|    learning_rate        | 0.0003        |
|    loss                 | 5.47e+08      |
|    n_updates            | 570           |
|    policy_gradient_loss | -0.000403     |
|    std                  | 0.997         |
|    value_loss           | 1.06e+09      |
-------------------------------------------
-------------------------------------------
| rollout/                |               |
|    ep_len_mean          | 8.92e+03      |
|    ep_rew_mean          | -1.43e+07     |
| time/                   |               |
|    fps                  | 453           |
|    iterations           | 59            |
|    time_elapsed         | 266           |
|    total_timesteps      | 120832        |
| train/                  |               |
|    approx_kl            | 2.0499108e-05 |
|    clip_fraction        | 0             |
|    clip_range           | 0.2           |
|    entropy_loss         | -5.66         |
|    explained_variance   | 0             |
|    learning_rate        | 0.0003        |
|    loss                 | 4.67e+08      |
|    n_updates            | 580           |
|    policy_gradient_loss | -7e-05        |
|    std                  | 0.997         |
|    value_loss           | 9.65e+08      |
-------------------------------------------
------------------------------------------
| rollout/                |              |
|    ep_len_mean          | 8.92e+03     |
|    ep_rew_mean          | -1.43e+07    |
| time/                   |              |
|    fps                  | 452          |
|    iterations           | 60           |
|    time_elapsed         | 271          |
|    total_timesteps      | 122880       |
| train/                  |              |
|    approx_kl            | 0.0002095137 |
|    clip_fraction        | 0            |
|    clip_range           | 0.2          |
|    entropy_loss         | -5.66        |
|    explained_variance   | 2.98e-07     |
|    learning_rate        | 0.0003       |
|    loss                 | 4.88e+08     |
|    n_updates            | 590          |
|    policy_gradient_loss | -0.000648    |
|    std                  | 0.997        |
|    value_loss           | 9.99e+08     |
------------------------------------------
-------------------------------------------
| rollout/                |               |
|    ep_len_mean          | 8.92e+03      |
|    ep_rew_mean          | -1.43e+07     |
| time/                   |               |
|    fps                  | 451           |
|    iterations           | 61            |
|    time_elapsed         | 276           |
|    total_timesteps      | 124928        |
| train/                  |               |
|    approx_kl            | 5.4669916e-05 |
|    clip_fraction        | 0             |
|    clip_range           | 0.2           |
|    entropy_loss         | -5.66         |
|    explained_variance   | 0             |
|    learning_rate        | 0.0003        |
|    loss                 | 5.06e+08      |
|    n_updates            | 600           |
|    policy_gradient_loss | -0.000178     |
|    std                  | 0.997         |
|    value_loss           | 9.95e+08      |
-------------------------------------------
-------------------------------------------
| rollout/                |               |
|    ep_len_mean          | 8.92e+03      |
|    ep_rew_mean          | -1.43e+07     |
| time/                   |               |
|    fps                  | 451           |
|    iterations           | 62            |
|    time_elapsed         | 281           |
|    total_timesteps      | 126976        |
| train/                  |               |
|    approx_kl            | 4.4696964e-05 |
|    clip_fraction        | 0             |
|    clip_range           | 0.2           |
|    entropy_loss         | -5.66         |
|    explained_variance   | 2.38e-07      |
|    learning_rate        | 0.0003        |
|    loss                 | 5.1e+08       |
|    n_updates            | 610           |
|    policy_gradient_loss | -0.000132     |
|    std                  | 0.996         |
|    value_loss           | 1.01e+09      |
-------------------------------------------
-------------------------------------------
| rollout/                |               |
|    ep_len_mean          | 8.92e+03      |
|    ep_rew_mean          | -1.43e+07     |
| time/                   |               |
|    fps                  | 451           |
|    iterations           | 63            |
|    time_elapsed         | 285           |
|    total_timesteps      | 129024        |
| train/                  |               |
|    approx_kl            | 0.00013899384 |
|    clip_fraction        | 0             |
|    clip_range           | 0.2           |
|    entropy_loss         | -5.66         |
|    explained_variance   | 0             |
|    learning_rate        | 0.0003        |
|    loss                 | 4.75e+08      |
|    n_updates            | 620           |
|    policy_gradient_loss | -0.000394     |
|    std                  | 0.996         |
|    value_loss           | 9.48e+08      |
-------------------------------------------
-------------------------------------------
| rollout/                |               |
|    ep_len_mean          | 8.92e+03      |
|    ep_rew_mean          | -1.43e+07     |
| time/                   |               |
|    fps                  | 451           |
|    iterations           | 64            |
|    time_elapsed         | 290           |
|    total_timesteps      | 131072        |
| train/                  |               |
|    approx_kl            | 0.00011230781 |
|    clip_fraction        | 0             |
|    clip_range           | 0.2           |
|    entropy_loss         | -5.66         |
|    explained_variance   | 0             |
|    learning_rate        | 0.0003        |
|    loss                 | 5.15e+08      |
|    n_updates            | 630           |
|    policy_gradient_loss | -0.000358     |
|    std                  | 0.997         |
|    value_loss           | 9.86e+08      |
-------------------------------------------
-------------------------------------------
| rollout/                |               |
|    ep_len_mean          | 8.92e+03      |
|    ep_rew_mean          | -1.43e+07     |
| time/                   |               |
|    fps                  | 451           |
|    iterations           | 65            |
|    time_elapsed         | 294           |
|    total_timesteps      | 133120        |
| train/                  |               |
|    approx_kl            | 0.00031441325 |
|    clip_fraction        | 0             |
|    clip_range           | 0.2           |
|    entropy_loss         | -5.66         |
|    explained_variance   | -2.38e-07     |
|    learning_rate        | 0.0003        |
|    loss                 | 5.02e+08      |
|    n_updates            | 640           |
|    policy_gradient_loss | -0.000874     |
|    std                  | 0.997         |
|    value_loss           | 9.84e+08      |
-------------------------------------------
-------------------------------------------
| rollout/                |               |
|    ep_len_mean          | 8.92e+03      |
|    ep_rew_mean          | -1.43e+07     |
| time/                   |               |
|    fps                  | 451           |
|    iterations           | 66            |
|    time_elapsed         | 299           |
|    total_timesteps      | 135168        |
| train/                  |               |
|    approx_kl            | 0.00032311617 |
|    clip_fraction        | 0             |
|    clip_range           | 0.2           |
|    entropy_loss         | -5.66         |
|    explained_variance   | 0             |
|    learning_rate        | 0.0003        |
|    loss                 | 4.91e+08      |
|    n_updates            | 650           |
|    policy_gradient_loss | -0.000932     |
|    std                  | 0.996         |
|    value_loss           | 1.01e+09      |
-------------------------------------------
-------------------------------------------
| rollout/                |               |
|    ep_len_mean          | 8.92e+03      |
|    ep_rew_mean          | -1.43e+07     |
| time/                   |               |
|    fps                  | 451           |
|    iterations           | 67            |
|    time_elapsed         | 303           |
|    total_timesteps      | 137216        |
| train/                  |               |
|    approx_kl            | 0.00012632462 |
|    clip_fraction        | 0             |
|    clip_range           | 0.2           |
|    entropy_loss         | -5.66         |
|    explained_variance   | 2.38e-07      |
|    learning_rate        | 0.0003        |
|    loss                 | 4.84e+08      |
|    n_updates            | 660           |
|    policy_gradient_loss | -0.000416     |
|    std                  | 0.996         |
|    value_loss           | 9.66e+08      |
-------------------------------------------
------------------------------------------
| rollout/                |              |
|    ep_len_mean          | 8.92e+03     |
|    ep_rew_mean          | -1.43e+07    |
| time/                   |              |
|    fps                  | 451          |
|    iterations           | 68           |
|    time_elapsed         | 308          |
|    total_timesteps      | 139264       |
| train/                  |              |
|    approx_kl            | 9.627582e-05 |
|    clip_fraction        | 0            |
|    clip_range           | 0.2          |
|    entropy_loss         | -5.66        |
|    explained_variance   | 0            |
|    learning_rate        | 0.0003       |
|    loss                 | 4.85e+08     |
|    n_updates            | 670          |
|    policy_gradient_loss | -0.000304    |
|    std                  | 0.996        |
|    value_loss           | 9.86e+08     |
------------------------------------------
------------------------------------------
| rollout/                |              |
|    ep_len_mean          | 8.92e+03     |
|    ep_rew_mean          | -1.43e+07    |
| time/                   |              |
|    fps                  | 451          |
|    iterations           | 69           |
|    time_elapsed         | 313          |
|    total_timesteps      | 141312       |
| train/                  |              |
|    approx_kl            | 0.0004905348 |
|    clip_fraction        | 0            |
|    clip_range           | 0.2          |
|    entropy_loss         | -5.66        |
|    explained_variance   | 4.77e-07     |
|    learning_rate        | 0.0003       |
|    loss                 | 4.86e+08     |
|    n_updates            | 680          |
|    policy_gradient_loss | -0.0013      |
|    std                  | 0.996        |
|    value_loss           | 9.99e+08     |
------------------------------------------
-------------------------------------------
| rollout/                |               |
|    ep_len_mean          | 8.92e+03      |
|    ep_rew_mean          | -1.43e+07     |
| time/                   |               |
|    fps                  | 451           |
|    iterations           | 70            |
|    time_elapsed         | 317           |
|    total_timesteps      | 143360        |
| train/                  |               |
|    approx_kl            | 3.4755794e-05 |
|    clip_fraction        | 0             |
|    clip_range           | 0.2           |
|    entropy_loss         | -5.66         |
|    explained_variance   | 0             |
|    learning_rate        | 0.0003        |
|    loss                 | 5.25e+08      |
|    n_updates            | 690           |
|    policy_gradient_loss | -0.000153     |
|    std                  | 0.996         |
|    value_loss           | 1.03e+09      |
-------------------------------------------
-------------------------------------------
| rollout/                |               |
|    ep_len_mean          | 8.92e+03      |
|    ep_rew_mean          | -1.43e+07     |
| time/                   |               |
|    fps                  | 451           |
|    iterations           | 71            |
|    time_elapsed         | 321           |
|    total_timesteps      | 145408        |
| train/                  |               |
|    approx_kl            | 0.00019417328 |
|    clip_fraction        | 0             |
|    clip_range           | 0.2           |
|    entropy_loss         | -5.66         |
|    explained_variance   | 1.79e-07      |
|    learning_rate        | 0.0003        |
|    loss                 | 5.31e+08      |
|    n_updates            | 700           |
|    policy_gradient_loss | -0.000594     |
|    std                  | 0.996         |
|    value_loss           | 1.06e+09      |
-------------------------------------------
-------------------------------------------
| rollout/                |               |
|    ep_len_mean          | 8.92e+03      |
|    ep_rew_mean          | -1.43e+07     |
| time/                   |               |
|    fps                  | 451           |
|    iterations           | 72            |
|    time_elapsed         | 326           |
|    total_timesteps      | 147456        |
| train/                  |               |
|    approx_kl            | 0.00014098745 |
|    clip_fraction        | 0             |
|    clip_range           | 0.2           |
|    entropy_loss         | -5.66         |
|    explained_variance   | -3.58e-07     |
|    learning_rate        | 0.0003        |
|    loss                 | 4.8e+08       |
|    n_updates            | 710           |
|    policy_gradient_loss | -0.000439     |
|    std                  | 0.996         |
|    value_loss           | 9.52e+08      |
-------------------------------------------
------------------------------------------
| rollout/                |              |
|    ep_len_mean          | 8.92e+03     |
|    ep_rew_mean          | -1.43e+07    |
| time/                   |              |
|    fps                  | 452          |
|    iterations           | 73           |
|    time_elapsed         | 330          |
|    total_timesteps      | 149504       |
| train/                  |              |
|    approx_kl            | 7.497679e-05 |
|    clip_fraction        | 0            |
|    clip_range           | 0.2          |
|    entropy_loss         | -5.66        |
|    explained_variance   | 0            |
|    learning_rate        | 0.0003       |
|    loss                 | 5.09e+08     |
|    n_updates            | 720          |
|    policy_gradient_loss | -0.000206    |
|    std                  | 0.996        |
|    value_loss           | 9.96e+08     |
------------------------------------------
-------------------------------------------
| rollout/                |               |
|    ep_len_mean          | 8.92e+03      |
|    ep_rew_mean          | -1.43e+07     |
| time/                   |               |
|    fps                  | 452           |
|    iterations           | 74            |
|    time_elapsed         | 334           |
|    total_timesteps      | 151552        |
| train/                  |               |
|    approx_kl            | 0.00019538269 |
|    clip_fraction        | 0             |
|    clip_range           | 0.2           |
|    entropy_loss         | -5.66         |
|    explained_variance   | 1.79e-07      |
|    learning_rate        | 0.0003        |
|    loss                 | 5.2e+08       |
|    n_updates            | 730           |
|    policy_gradient_loss | -0.000566     |
|    std                  | 0.996         |
|    value_loss           | 9.89e+08      |
-------------------------------------------
-------------------------------------------
| rollout/                |               |
|    ep_len_mean          | 8.92e+03      |
|    ep_rew_mean          | -1.43e+07     |
| time/                   |               |
|    fps                  | 451           |
|    iterations           | 75            |
|    time_elapsed         | 339           |
|    total_timesteps      | 153600        |
| train/                  |               |
|    approx_kl            | 9.1446505e-05 |
|    clip_fraction        | 0             |
|    clip_range           | 0.2           |
|    entropy_loss         | -5.66         |
|    explained_variance   | -1.19e-07     |
|    learning_rate        | 0.0003        |
|    loss                 | 4.69e+08      |
|    n_updates            | 740           |
|    policy_gradient_loss | -0.000291     |
|    std                  | 0.996         |
|    value_loss           | 1.02e+09      |
-------------------------------------------
-------------------------------------------
| rollout/                |               |
|    ep_len_mean          | 8.92e+03      |
|    ep_rew_mean          | -1.43e+07     |
| time/                   |               |
|    fps                  | 451           |
|    iterations           | 76            |
|    time_elapsed         | 344           |
|    total_timesteps      | 155648        |
| train/                  |               |
|    approx_kl            | 0.00011445698 |
|    clip_fraction        | 0             |
|    clip_range           | 0.2           |
|    entropy_loss         | -5.66         |
|    explained_variance   | 1.79e-07      |
|    learning_rate        | 0.0003        |
|    loss                 | 4.7e+08       |
|    n_updates            | 750           |
|    policy_gradient_loss | -0.000332     |
|    std                  | 0.996         |
|    value_loss           | 9.3e+08       |
-------------------------------------------
------------------------------------------
| rollout/                |              |
|    ep_len_mean          | 8.92e+03     |
|    ep_rew_mean          | -1.43e+07    |
| time/                   |              |
|    fps                  | 451          |
|    iterations           | 77           |
|    time_elapsed         | 349          |
|    total_timesteps      | 157696       |
| train/                  |              |
|    approx_kl            | 6.493446e-05 |
|    clip_fraction        | 0            |
|    clip_range           | 0.2          |
|    entropy_loss         | -5.66        |
|    explained_variance   | 0            |
|    learning_rate        | 0.0003       |
|    loss                 | 4.79e+08     |
|    n_updates            | 760          |
|    policy_gradient_loss | -0.000182    |
|    std                  | 0.996        |
|    value_loss           | 9.77e+08     |
------------------------------------------
-------------------------------------------
| rollout/                |               |
|    ep_len_mean          | 8.92e+03      |
|    ep_rew_mean          | -1.43e+07     |
| time/                   |               |
|    fps                  | 451           |
|    iterations           | 78            |
|    time_elapsed         | 353           |
|    total_timesteps      | 159744        |
| train/                  |               |
|    approx_kl            | 0.00014441778 |
|    clip_fraction        | 0             |
|    clip_range           | 0.2           |
|    entropy_loss         | -5.66         |
|    explained_variance   | 1.19e-07      |
|    learning_rate        | 0.0003        |
|    loss                 | 4.83e+08      |
|    n_updates            | 770           |
|    policy_gradient_loss | -0.000424     |
|    std                  | 0.996         |
|    value_loss           | 9.76e+08      |
-------------------------------------------
-------------------------------------------
| rollout/                |               |
|    ep_len_mean          | 8.92e+03      |
|    ep_rew_mean          | -1.43e+07     |
| time/                   |               |
|    fps                  | 451           |
|    iterations           | 79            |
|    time_elapsed         | 358           |
|    total_timesteps      | 161792        |
| train/                  |               |
|    approx_kl            | 0.00012132482 |
|    clip_fraction        | 0             |
|    clip_range           | 0.2           |
|    entropy_loss         | -5.66         |
|    explained_variance   | -3.58e-07     |
|    learning_rate        | 0.0003        |
|    loss                 | 4.98e+08      |
|    n_updates            | 780           |
|    policy_gradient_loss | -0.00038      |
|    std                  | 0.996         |
|    value_loss           | 1e+09         |
-------------------------------------------
-------------------------------------------
| rollout/                |               |
|    ep_len_mean          | 8.92e+03      |
|    ep_rew_mean          | -1.43e+07     |
| time/                   |               |
|    fps                  | 451           |
|    iterations           | 80            |
|    time_elapsed         | 362           |
|    total_timesteps      | 163840        |
| train/                  |               |
|    approx_kl            | 0.00015802935 |
|    clip_fraction        | 0             |
|    clip_range           | 0.2           |
|    entropy_loss         | -5.66         |
|    explained_variance   | 0             |
|    learning_rate        | 0.0003        |
|    loss                 | 4.86e+08      |
|    n_updates            | 790           |
|    policy_gradient_loss | -0.00046      |
|    std                  | 0.996         |
|    value_loss           | 9.67e+08      |
-------------------------------------------
-------------------------------------------
| rollout/                |               |
|    ep_len_mean          | 8.92e+03      |
|    ep_rew_mean          | -1.43e+07     |
| time/                   |               |
|    fps                  | 452           |
|    iterations           | 81            |
|    time_elapsed         | 366           |
|    total_timesteps      | 165888        |
| train/                  |               |
|    approx_kl            | 4.7738402e-05 |
|    clip_fraction        | 0             |
|    clip_range           | 0.2           |
|    entropy_loss         | -5.66         |
|    explained_variance   | 2.38e-07      |
|    learning_rate        | 0.0003        |
|    loss                 | 4.77e+08      |
|    n_updates            | 800           |
|    policy_gradient_loss | -0.00016      |
|    std                  | 0.996         |
|    value_loss           | 9.45e+08      |
-------------------------------------------
-------------------------------------------
| rollout/                |               |
|    ep_len_mean          | 8.92e+03      |
|    ep_rew_mean          | -1.43e+07     |
| time/                   |               |
|    fps                  | 452           |
|    iterations           | 82            |
|    time_elapsed         | 371           |
|    total_timesteps      | 167936        |
| train/                  |               |
|    approx_kl            | 2.7606933e-05 |
|    clip_fraction        | 0             |
|    clip_range           | 0.2           |
|    entropy_loss         | -5.66         |
|    explained_variance   | 0             |
|    learning_rate        | 0.0003        |
|    loss                 | 4.75e+08      |
|    n_updates            | 810           |
|    policy_gradient_loss | -8.41e-05     |
|    std                  | 0.996         |
|    value_loss           | 9.62e+08      |
-------------------------------------------
-------------------------------------------
| rollout/                |               |
|    ep_len_mean          | 8.92e+03      |
|    ep_rew_mean          | -1.42e+07     |
| time/                   |               |
|    fps                  | 452           |
|    iterations           | 83            |
|    time_elapsed         | 375           |
|    total_timesteps      | 169984        |
| train/                  |               |
|    approx_kl            | 0.00029239955 |
|    clip_fraction        | 0             |
|    clip_range           | 0.2           |
|    entropy_loss         | -5.66         |
|    explained_variance   | 2.98e-07      |
|    learning_rate        | 0.0003        |
|    loss                 | 4.99e+08      |
|    n_updates            | 820           |
|    policy_gradient_loss | -0.000789     |
|    std                  | 0.997         |
|    value_loss           | 9.87e+08      |
-------------------------------------------
-------------------------------------------
| rollout/                |               |
|    ep_len_mean          | 8.92e+03      |
|    ep_rew_mean          | -1.42e+07     |
| time/                   |               |
|    fps                  | 453           |
|    iterations           | 84            |
|    time_elapsed         | 379           |
|    total_timesteps      | 172032        |
| train/                  |               |
|    approx_kl            | 0.00029656754 |
|    clip_fraction        | 0             |
|    clip_range           | 0.2           |
|    entropy_loss         | -5.66         |
|    explained_variance   | -2.38e-07     |
|    learning_rate        | 0.0003        |
|    loss                 | 4.88e+08      |
|    n_updates            | 830           |
|    policy_gradient_loss | -0.000908     |
|    std                  | 0.997         |
|    value_loss           | 1e+09         |
-------------------------------------------
------------------------------------------
| rollout/                |              |
|    ep_len_mean          | 8.92e+03     |
|    ep_rew_mean          | -1.42e+07    |
| time/                   |              |
|    fps                  | 453          |
|    iterations           | 85           |
|    time_elapsed         | 383          |
|    total_timesteps      | 174080       |
| train/                  |              |
|    approx_kl            | 7.531815e-05 |
|    clip_fraction        | 0            |
|    clip_range           | 0.2          |
|    entropy_loss         | -5.66        |
|    explained_variance   | -1.19e-07    |
|    learning_rate        | 0.0003       |
|    loss                 | 4.26e+08     |
|    n_updates            | 840          |
|    policy_gradient_loss | -0.000303    |
|    std                  | 0.996        |
|    value_loss           | 8.67e+08     |
------------------------------------------
------------------------------------------
| rollout/                |              |
|    ep_len_mean          | 8.92e+03     |
|    ep_rew_mean          | -1.42e+07    |
| time/                   |              |
|    fps                  | 453          |
|    iterations           | 86           |
|    time_elapsed         | 388          |
|    total_timesteps      | 176128       |
| train/                  |              |
|    approx_kl            | 0.0005241869 |
|    clip_fraction        | 0            |
|    clip_range           | 0.2          |
|    entropy_loss         | -5.66        |
|    explained_variance   | 1.19e-07     |
|    learning_rate        | 0.0003       |
|    loss                 | 4.51e+08     |
|    n_updates            | 850          |
|    policy_gradient_loss | -0.00151     |
|    std                  | 0.996        |
|    value_loss           | 9.07e+08     |
------------------------------------------
-------------------------------------------
| rollout/                |               |
|    ep_len_mean          | 8.92e+03      |
|    ep_rew_mean          | -1.42e+07     |
| time/                   |               |
|    fps                  | 453           |
|    iterations           | 87            |
|    time_elapsed         | 393           |
|    total_timesteps      | 178176        |
| train/                  |               |
|    approx_kl            | 0.00021814747 |
|    clip_fraction        | 0             |
|    clip_range           | 0.2           |
|    entropy_loss         | -5.66         |
|    explained_variance   | -2.38e-07     |
|    learning_rate        | 0.0003        |
|    loss                 | 4.35e+08      |
|    n_updates            | 860           |
|    policy_gradient_loss | -0.000635     |
|    std                  | 0.996         |
|    value_loss           | 8.99e+08      |
-------------------------------------------
------------------------------------------
| rollout/                |              |
|    ep_len_mean          | 8.92e+03     |
|    ep_rew_mean          | -1.42e+07    |
| time/                   |              |
|    fps                  | 453          |
|    iterations           | 88           |
|    time_elapsed         | 397          |
|    total_timesteps      | 180224       |
| train/                  |              |
|    approx_kl            | 6.536598e-05 |
|    clip_fraction        | 0            |
|    clip_range           | 0.2          |
|    entropy_loss         | -5.66        |
|    explained_variance   | 0            |
|    learning_rate        | 0.0003       |
|    loss                 | 4.36e+08     |
|    n_updates            | 870          |
|    policy_gradient_loss | -0.000187    |
|    std                  | 0.995        |
|    value_loss           | 9.18e+08     |
------------------------------------------
------------------------------------------
| rollout/                |              |
|    ep_len_mean          | 8.92e+03     |
|    ep_rew_mean          | -1.42e+07    |
| time/                   |              |
|    fps                  | 452          |
|    iterations           | 89           |
|    time_elapsed         | 402          |
|    total_timesteps      | 182272       |
| train/                  |              |
|    approx_kl            | 3.121642e-05 |
|    clip_fraction        | 0            |
|    clip_range           | 0.2          |
|    entropy_loss         | -5.66        |
|    explained_variance   | 1.79e-07     |
|    learning_rate        | 0.0003       |
|    loss                 | 4.57e+08     |
|    n_updates            | 880          |
|    policy_gradient_loss | -0.000119    |
|    std                  | 0.995        |
|    value_loss           | 9.21e+08     |
------------------------------------------
-------------------------------------------
| rollout/                |               |
|    ep_len_mean          | 8.92e+03      |
|    ep_rew_mean          | -1.42e+07     |
| time/                   |               |
|    fps                  | 453           |
|    iterations           | 90            |
|    time_elapsed         | 406           |
|    total_timesteps      | 184320        |
| train/                  |               |
|    approx_kl            | 0.00013670258 |
|    clip_fraction        | 0             |
|    clip_range           | 0.2           |
|    entropy_loss         | -5.66         |
|    explained_variance   | 0             |
|    learning_rate        | 0.0003        |
|    loss                 | 4.79e+08      |
|    n_updates            | 890           |
|    policy_gradient_loss | -0.000409     |
|    std                  | 0.996         |
|    value_loss           | 9.78e+08      |
-------------------------------------------
------------------------------------------
| rollout/                |              |
|    ep_len_mean          | 8.92e+03     |
|    ep_rew_mean          | -1.42e+07    |
| time/                   |              |
|    fps                  | 452          |
|    iterations           | 91           |
|    time_elapsed         | 411          |
|    total_timesteps      | 186368       |
| train/                  |              |
|    approx_kl            | 5.256987e-05 |
|    clip_fraction        | 0            |
|    clip_range           | 0.2          |
|    entropy_loss         | -5.66        |
|    explained_variance   | 1.19e-07     |
|    learning_rate        | 0.0003       |
|    loss                 | 4.91e+08     |
|    n_updates            | 900          |
|    policy_gradient_loss | -0.000181    |
|    std                  | 0.995        |
|    value_loss           | 9.76e+08     |
------------------------------------------
-------------------------------------------
| rollout/                |               |
|    ep_len_mean          | 8.92e+03      |
|    ep_rew_mean          | -1.42e+07     |
| time/                   |               |
|    fps                  | 452           |
|    iterations           | 92            |
|    time_elapsed         | 416           |
|    total_timesteps      | 188416        |
| train/                  |               |
|    approx_kl            | 1.2065546e-05 |
|    clip_fraction        | 0             |
|    clip_range           | 0.2           |
|    entropy_loss         | -5.66         |
|    explained_variance   | -2.38e-07     |
|    learning_rate        | 0.0003        |
|    loss                 | 5.04e+08      |
|    n_updates            | 910           |
|    policy_gradient_loss | -6.18e-05     |
|    std                  | 0.995         |
|    value_loss           | 1.01e+09      |
-------------------------------------------
-------------------------------------------
| rollout/                |               |
|    ep_len_mean          | 8.92e+03      |
|    ep_rew_mean          | -1.42e+07     |
| time/                   |               |
|    fps                  | 452           |
|    iterations           | 93            |
|    time_elapsed         | 421           |
|    total_timesteps      | 190464        |
| train/                  |               |
|    approx_kl            | 0.00011266803 |
|    clip_fraction        | 0             |
|    clip_range           | 0.2           |
|    entropy_loss         | -5.66         |
|    explained_variance   | 0             |
|    learning_rate        | 0.0003        |
|    loss                 | 4.74e+08      |
|    n_updates            | 920           |
|    policy_gradient_loss | -0.00035      |
|    std                  | 0.995         |
|    value_loss           | 9.87e+08      |
-------------------------------------------
-------------------------------------------
| rollout/                |               |
|    ep_len_mean          | 8.92e+03      |
|    ep_rew_mean          | -1.42e+07     |
| time/                   |               |
|    fps                  | 451           |
|    iterations           | 94            |
|    time_elapsed         | 426           |
|    total_timesteps      | 192512        |
| train/                  |               |
|    approx_kl            | 7.7188626e-05 |
|    clip_fraction        | 0             |
|    clip_range           | 0.2           |
|    entropy_loss         | -5.66         |
|    explained_variance   | 1.79e-07      |
|    learning_rate        | 0.0003        |
|    loss                 | 4.74e+08      |
|    n_updates            | 930           |
|    policy_gradient_loss | -0.000221     |
|    std                  | 0.995         |
|    value_loss           | 9.41e+08      |
-------------------------------------------
-------------------------------------------
| rollout/                |               |
|    ep_len_mean          | 8.92e+03      |
|    ep_rew_mean          | -1.42e+07     |
| time/                   |               |
|    fps                  | 451           |
|    iterations           | 95            |
|    time_elapsed         | 430           |
|    total_timesteps      | 194560        |
| train/                  |               |
|    approx_kl            | 0.00013952871 |
|    clip_fraction        | 0             |
|    clip_range           | 0.2           |
|    entropy_loss         | -5.66         |
|    explained_variance   | 0             |
|    learning_rate        | 0.0003        |
|    loss                 | 4.82e+08      |
|    n_updates            | 940           |
|    policy_gradient_loss | -0.000423     |
|    std                  | 0.995         |
|    value_loss           | 9.67e+08      |
-------------------------------------------
------------------------------------------
| rollout/                |              |
|    ep_len_mean          | 8.92e+03     |
|    ep_rew_mean          | -1.42e+07    |
| time/                   |              |
|    fps                  | 451          |
|    iterations           | 96           |
|    time_elapsed         | 435          |
|    total_timesteps      | 196608       |
| train/                  |              |
|    approx_kl            | 6.138862e-05 |
|    clip_fraction        | 0            |
|    clip_range           | 0.2          |
|    entropy_loss         | -5.65        |
|    explained_variance   | 1.19e-07     |
|    learning_rate        | 0.0003       |
|    loss                 | 4.84e+08     |
|    n_updates            | 950          |
|    policy_gradient_loss | -0.000185    |
|    std                  | 0.994        |
|    value_loss           | 9.8e+08      |
------------------------------------------
-------------------------------------------
| rollout/                |               |
|    ep_len_mean          | 8.92e+03      |
|    ep_rew_mean          | -1.42e+07     |
| time/                   |               |
|    fps                  | 451           |
|    iterations           | 97            |
|    time_elapsed         | 439           |
|    total_timesteps      | 198656        |
| train/                  |               |
|    approx_kl            | 6.0091144e-05 |
|    clip_fraction        | 0             |
|    clip_range           | 0.2           |
|    entropy_loss         | -5.65         |
|    explained_variance   | -3.58e-07     |
|    learning_rate        | 0.0003        |
|    loss                 | 5.05e+08      |
|    n_updates            | 960           |
|    policy_gradient_loss | -0.000207     |
|    std                  | 0.994         |
|    value_loss           | 1e+09         |
-------------------------------------------
-------------------------------------------
| rollout/                |               |
|    ep_len_mean          | 8.92e+03      |
|    ep_rew_mean          | -1.42e+07     |
| time/                   |               |
|    fps                  | 452           |
|    iterations           | 98            |
|    time_elapsed         | 443           |
|    total_timesteps      | 200704        |
| train/                  |               |
|    approx_kl            | 5.5091397e-05 |
|    clip_fraction        | 0             |
|    clip_range           | 0.2           |
|    entropy_loss         | -5.65         |
|    explained_variance   | 0             |
|    learning_rate        | 0.0003        |
|    loss                 | 4.47e+08      |
|    n_updates            | 970           |
|    policy_gradient_loss | -0.000167     |
|    std                  | 0.994         |
|    value_loss           | 8.84e+08      |
-------------------------------------------
-------------------------------------------
| rollout/                |               |
|    ep_len_mean          | 8.92e+03      |
|    ep_rew_mean          | -1.42e+07     |
| time/                   |               |
|    fps                  | 452           |
|    iterations           | 99            |
|    time_elapsed         | 448           |
|    total_timesteps      | 202752        |
| train/                  |               |
|    approx_kl            | 0.00040590335 |
|    clip_fraction        | 0             |
|    clip_range           | 0.2           |
|    entropy_loss         | -5.65         |
|    explained_variance   | 1.79e-07      |
|    learning_rate        | 0.0003        |
|    loss                 | 4.74e+08      |
|    n_updates            | 980           |
|    policy_gradient_loss | -0.00106      |
|    std                  | 0.994         |
|    value_loss           | 9.3e+08       |
-------------------------------------------
------------------------------------------
| rollout/                |              |
|    ep_len_mean          | 8.92e+03     |
|    ep_rew_mean          | -1.42e+07    |
| time/                   |              |
|    fps                  | 452          |
|    iterations           | 100          |
|    time_elapsed         | 452          |
|    total_timesteps      | 204800       |
| train/                  |              |
|    approx_kl            | 0.0004147034 |
|    clip_fraction        | 0            |
|    clip_range           | 0.2          |
|    entropy_loss         | -5.65        |
|    explained_variance   | -1.19e-07    |
|    learning_rate        | 0.0003       |
|    loss                 | 4.45e+08     |
|    n_updates            | 990          |
|    policy_gradient_loss | -0.00116     |
|    std                  | 0.994        |
|    value_loss           | 9.19e+08     |
------------------------------------------
-------------------------------------------
| rollout/                |               |
|    ep_len_mean          | 8.92e+03      |
|    ep_rew_mean          | -1.42e+07     |
| time/                   |               |
|    fps                  | 452           |
|    iterations           | 101           |
|    time_elapsed         | 456           |
|    total_timesteps      | 206848        |
| train/                  |               |
|    approx_kl            | 0.00011339178 |
|    clip_fraction        | 0             |
|    clip_range           | 0.2           |
|    entropy_loss         | -5.65         |
|    explained_variance   | 0             |
|    learning_rate        | 0.0003        |
|    loss                 | 4.82e+08      |
|    n_updates            | 1000          |
|    policy_gradient_loss | -0.000383     |
|    std                  | 0.994         |
|    value_loss           | 9.53e+08      |
-------------------------------------------
------------------------------------------
| rollout/                |              |
|    ep_len_mean          | 8.92e+03     |
|    ep_rew_mean          | -1.42e+07    |
| time/                   |              |
|    fps                  | 453          |
|    iterations           | 102          |
|    time_elapsed         | 461          |
|    total_timesteps      | 208896       |
| train/                  |              |
|    approx_kl            | 8.126095e-05 |
|    clip_fraction        | 0            |
|    clip_range           | 0.2          |
|    entropy_loss         | -5.65        |
|    explained_variance   | -2.38e-07    |
|    learning_rate        | 0.0003       |
|    loss                 | 4.83e+08     |
|    n_updates            | 1010         |
|    policy_gradient_loss | -0.000295    |
|    std                  | 0.995        |
|    value_loss           | 9.53e+08     |
------------------------------------------
-------------------------------------------
| rollout/                |               |
|    ep_len_mean          | 8.92e+03      |
|    ep_rew_mean          | -1.42e+07     |
| time/                   |               |
|    fps                  | 453           |
|    iterations           | 103           |
|    time_elapsed         | 465           |
|    total_timesteps      | 210944        |
| train/                  |               |
|    approx_kl            | 0.00035567657 |
|    clip_fraction        | 0             |
|    clip_range           | 0.2           |
|    entropy_loss         | -5.65         |
|    explained_variance   | 0             |
|    learning_rate        | 0.0003        |
|    loss                 | 5.23e+08      |
|    n_updates            | 1020          |
|    policy_gradient_loss | -0.001        |
|    std                  | 0.994         |
|    value_loss           | 1.01e+09      |
-------------------------------------------
-------------------------------------------
| rollout/                |               |
|    ep_len_mean          | 8.92e+03      |
|    ep_rew_mean          | -1.42e+07     |
| time/                   |               |
|    fps                  | 453           |
|    iterations           | 104           |
|    time_elapsed         | 469           |
|    total_timesteps      | 212992        |
| train/                  |               |
|    approx_kl            | 0.00020648874 |
|    clip_fraction        | 0             |
|    clip_range           | 0.2           |
|    entropy_loss         | -5.65         |
|    explained_variance   | 4.17e-07      |
|    learning_rate        | 0.0003        |
|    loss                 | 4.94e+08      |
|    n_updates            | 1030          |
|    policy_gradient_loss | -0.000632     |
|    std                  | 0.994         |
|    value_loss           | 1e+09         |
-------------------------------------------
-------------------------------------------
| rollout/                |               |
|    ep_len_mean          | 8.92e+03      |
|    ep_rew_mean          | -1.42e+07     |
| time/                   |               |
|    fps                  | 453           |
|    iterations           | 105           |
|    time_elapsed         | 474           |
|    total_timesteps      | 215040        |
| train/                  |               |
|    approx_kl            | 0.00020002382 |
|    clip_fraction        | 0             |
|    clip_range           | 0.2           |
|    entropy_loss         | -5.65         |
|    explained_variance   | -4.77e-07     |
|    learning_rate        | 0.0003        |
|    loss                 | 5.1e+08       |
|    n_updates            | 1040          |
|    policy_gradient_loss | -0.000552     |
|    std                  | 0.994         |
|    value_loss           | 1.04e+09      |
-------------------------------------------
-------------------------------------------
| rollout/                |               |
|    ep_len_mean          | 8.92e+03      |
|    ep_rew_mean          | -1.42e+07     |
| time/                   |               |
|    fps                  | 452           |
|    iterations           | 106           |
|    time_elapsed         | 479           |
|    total_timesteps      | 217088        |
| train/                  |               |
|    approx_kl            | 0.00019753739 |
|    clip_fraction        | 0             |
|    clip_range           | 0.2           |
|    entropy_loss         | -5.65         |
|    explained_variance   | 5.96e-08      |
|    learning_rate        | 0.0003        |
|    loss                 | 4.81e+08      |
|    n_updates            | 1050          |
|    policy_gradient_loss | -0.000536     |
|    std                  | 0.995         |
|    value_loss           | 9.87e+08      |
-------------------------------------------
-------------------------------------------
| rollout/                |               |
|    ep_len_mean          | 8.92e+03      |
|    ep_rew_mean          | -1.42e+07     |
| time/                   |               |
|    fps                  | 452           |
|    iterations           | 107           |
|    time_elapsed         | 484           |
|    total_timesteps      | 219136        |
| train/                  |               |
|    approx_kl            | 0.00019724065 |
|    clip_fraction        | 0             |
|    clip_range           | 0.2           |
|    entropy_loss         | -5.65         |
|    explained_variance   | 0             |
|    learning_rate        | 0.0003        |
|    loss                 | 4.45e+08      |
|    n_updates            | 1060          |
|    policy_gradient_loss | -0.000659     |
|    std                  | 0.995         |
|    value_loss           | 8.71e+08      |
-------------------------------------------
-------------------------------------------
| rollout/                |               |
|    ep_len_mean          | 8.92e+03      |
|    ep_rew_mean          | -1.42e+07     |
| time/                   |               |
|    fps                  | 452           |
|    iterations           | 108           |
|    time_elapsed         | 489           |
|    total_timesteps      | 221184        |
| train/                  |               |
|    approx_kl            | 0.00014194023 |
|    clip_fraction        | 0             |
|    clip_range           | 0.2           |
|    entropy_loss         | -5.66         |
|    explained_variance   | 0             |
|    learning_rate        | 0.0003        |
|    loss                 | 4.42e+08      |
|    n_updates            | 1070          |
|    policy_gradient_loss | -0.000442     |
|    std                  | 0.995         |
|    value_loss           | 8.89e+08      |
-------------------------------------------
-------------------------------------------
| rollout/                |               |
|    ep_len_mean          | 8.92e+03      |
|    ep_rew_mean          | -1.41e+07     |
| time/                   |               |
|    fps                  | 451           |
|    iterations           | 109           |
|    time_elapsed         | 494           |
|    total_timesteps      | 223232        |
| train/                  |               |
|    approx_kl            | 0.00023255259 |
|    clip_fraction        | 0             |
|    clip_range           | 0.2           |
|    entropy_loss         | -5.66         |
|    explained_variance   | 1.19e-07      |
|    learning_rate        | 0.0003        |
|    loss                 | 4.6e+08       |
|    n_updates            | 1080          |
|    policy_gradient_loss | -0.000574     |
|    std                  | 0.995         |
|    value_loss           | 9.01e+08      |
-------------------------------------------
-------------------------------------------
| rollout/                |               |
|    ep_len_mean          | 8.92e+03      |
|    ep_rew_mean          | -1.41e+07     |
| time/                   |               |
|    fps                  | 451           |
|    iterations           | 110           |
|    time_elapsed         | 499           |
|    total_timesteps      | 225280        |
| train/                  |               |
|    approx_kl            | 0.00014393643 |
|    clip_fraction        | 0             |
|    clip_range           | 0.2           |
|    entropy_loss         | -5.66         |
|    explained_variance   | 0             |
|    learning_rate        | 0.0003        |
|    loss                 | 4.67e+08      |
|    n_updates            | 1090          |
|    policy_gradient_loss | -0.000407     |
|    std                  | 0.996         |
|    value_loss           | 9.31e+08      |
-------------------------------------------
-------------------------------------------
| rollout/                |               |
|    ep_len_mean          | 8.92e+03      |
|    ep_rew_mean          | -1.41e+07     |
| time/                   |               |
|    fps                  | 451           |
|    iterations           | 111           |
|    time_elapsed         | 503           |
|    total_timesteps      | 227328        |
| train/                  |               |
|    approx_kl            | 0.00015108657 |
|    clip_fraction        | 0             |
|    clip_range           | 0.2           |
|    entropy_loss         | -5.66         |
|    explained_variance   | 1.19e-07      |
|    learning_rate        | 0.0003        |
|    loss                 | 4.47e+08      |
|    n_updates            | 1100          |
|    policy_gradient_loss | -0.000429     |
|    std                  | 0.996         |
|    value_loss           | 9.16e+08      |
-------------------------------------------
------------------------------------------
| rollout/                |              |
|    ep_len_mean          | 8.92e+03     |
|    ep_rew_mean          | -1.41e+07    |
| time/                   |              |
|    fps                  | 450          |
|    iterations           | 112          |
|    time_elapsed         | 508          |
|    total_timesteps      | 229376       |
| train/                  |              |
|    approx_kl            | 4.206103e-05 |
|    clip_fraction        | 0            |
|    clip_range           | 0.2          |
|    entropy_loss         | -5.66        |
|    explained_variance   | -3.58e-07    |
|    learning_rate        | 0.0003       |
|    loss                 | 4.82e+08     |
|    n_updates            | 1110         |
|    policy_gradient_loss | -0.000131    |
|    std                  | 0.996        |
|    value_loss           | 9.63e+08     |
------------------------------------------
-------------------------------------------
| rollout/                |               |
|    ep_len_mean          | 8.92e+03      |
|    ep_rew_mean          | -1.41e+07     |
| time/                   |               |
|    fps                  | 450           |
|    iterations           | 113           |
|    time_elapsed         | 513           |
|    total_timesteps      | 231424        |
| train/                  |               |
|    approx_kl            | 6.8552385e-05 |
|    clip_fraction        | 0             |
|    clip_range           | 0.2           |
|    entropy_loss         | -5.66         |
|    explained_variance   | -1.19e-07     |
|    learning_rate        | 0.0003        |
|    loss                 | 4.73e+08      |
|    n_updates            | 1120          |
|    policy_gradient_loss | -0.000227     |
|    std                  | 0.995         |
|    value_loss           | 9.53e+08      |
-------------------------------------------
------------------------------------------
| rollout/                |              |
|    ep_len_mean          | 8.92e+03     |
|    ep_rew_mean          | -1.41e+07    |
| time/                   |              |
|    fps                  | 449          |
|    iterations           | 114          |
|    time_elapsed         | 519          |
|    total_timesteps      | 233472       |
| train/                  |              |
|    approx_kl            | 8.015186e-05 |
|    clip_fraction        | 0            |
|    clip_range           | 0.2          |
|    entropy_loss         | -5.66        |
|    explained_variance   | 3.58e-07     |
|    learning_rate        | 0.0003       |
|    loss                 | 4.88e+08     |
|    n_updates            | 1130         |
|    policy_gradient_loss | -0.000222    |
|    std                  | 0.996        |
|    value_loss           | 9.9e+08      |
------------------------------------------
-------------------------------------------
| rollout/                |               |
|    ep_len_mean          | 8.92e+03      |
|    ep_rew_mean          | -1.41e+07     |
| time/                   |               |
|    fps                  | 449           |
|    iterations           | 115           |
|    time_elapsed         | 524           |
|    total_timesteps      | 235520        |
| train/                  |               |
|    approx_kl            | 0.00013994015 |
|    clip_fraction        | 0             |
|    clip_range           | 0.2           |
|    entropy_loss         | -5.66         |
|    explained_variance   | -2.38e-07     |
|    learning_rate        | 0.0003        |
|    loss                 | 4.84e+08      |
|    n_updates            | 1140          |
|    policy_gradient_loss | -0.000391     |
|    std                  | 0.996         |
|    value_loss           | 9.65e+08      |
-------------------------------------------
-------------------------------------------
| rollout/                |               |
|    ep_len_mean          | 8.92e+03      |
|    ep_rew_mean          | -1.41e+07     |
| time/                   |               |
|    fps                  | 449           |
|    iterations           | 116           |
|    time_elapsed         | 528           |
|    total_timesteps      | 237568        |
| train/                  |               |
|    approx_kl            | 7.3839066e-05 |
|    clip_fraction        | 0             |
|    clip_range           | 0.2           |
|    entropy_loss         | -5.66         |
|    explained_variance   | -1.19e-07     |
|    learning_rate        | 0.0003        |
|    loss                 | 5.18e+08      |
|    n_updates            | 1150          |
|    policy_gradient_loss | -0.00023      |
|    std                  | 0.996         |
|    value_loss           | 1.01e+09      |
-------------------------------------------
-------------------------------------------
| rollout/                |               |
|    ep_len_mean          | 8.92e+03      |
|    ep_rew_mean          | -1.41e+07     |
| time/                   |               |
|    fps                  | 449           |
|    iterations           | 117           |
|    time_elapsed         | 533           |
|    total_timesteps      | 239616        |
| train/                  |               |
|    approx_kl            | 0.00027531726 |
|    clip_fraction        | 0             |
|    clip_range           | 0.2           |
|    entropy_loss         | -5.66         |
|    explained_variance   | 3.58e-07      |
|    learning_rate        | 0.0003        |
|    loss                 | 5.12e+08      |
|    n_updates            | 1160          |
|    policy_gradient_loss | -0.000892     |
|    std                  | 0.996         |
|    value_loss           | 1.02e+09      |
-------------------------------------------
-------------------------------------------
| rollout/                |               |
|    ep_len_mean          | 8.92e+03      |
|    ep_rew_mean          | -1.41e+07     |
| time/                   |               |
|    fps                  | 449           |
|    iterations           | 118           |
|    time_elapsed         | 537           |
|    total_timesteps      | 241664        |
| train/                  |               |
|    approx_kl            | 0.00016431921 |
|    clip_fraction        | 0             |
|    clip_range           | 0.2           |
|    entropy_loss         | -5.66         |
|    explained_variance   | 0             |
|    learning_rate        | 0.0003        |
|    loss                 | 5.22e+08      |
|    n_updates            | 1170          |
|    policy_gradient_loss | -0.000523     |
|    std                  | 0.995         |
|    value_loss           | 1.05e+09      |
-------------------------------------------
-------------------------------------------
| rollout/                |               |
|    ep_len_mean          | 8.92e+03      |
|    ep_rew_mean          | -1.41e+07     |
| time/                   |               |
|    fps                  | 449           |
|    iterations           | 119           |
|    time_elapsed         | 541           |
|    total_timesteps      | 243712        |
| train/                  |               |
|    approx_kl            | 7.5455726e-05 |
|    clip_fraction        | 0             |
|    clip_range           | 0.2           |
|    entropy_loss         | -5.66         |
|    explained_variance   | 0             |
|    learning_rate        | 0.0003        |
|    loss                 | 5.28e+08      |
|    n_updates            | 1180          |
|    policy_gradient_loss | -0.000254     |
|    std                  | 0.995         |
|    value_loss           | 1.05e+09      |
-------------------------------------------
-------------------------------------------
| rollout/                |               |
|    ep_len_mean          | 8.92e+03      |
|    ep_rew_mean          | -1.41e+07     |
| time/                   |               |
|    fps                  | 450           |
|    iterations           | 120           |
|    time_elapsed         | 546           |
|    total_timesteps      | 245760        |
| train/                  |               |
|    approx_kl            | 0.00018618963 |
|    clip_fraction        | 0             |
|    clip_range           | 0.2           |
|    entropy_loss         | -5.66         |
|    explained_variance   | -3.58e-07     |
|    learning_rate        | 0.0003        |
|    loss                 | 4.66e+08      |
|    n_updates            | 1190          |
|    policy_gradient_loss | -0.000516     |
|    std                  | 0.995         |
|    value_loss           | 9.33e+08      |
-------------------------------------------
-------------------------------------------
| rollout/                |               |
|    ep_len_mean          | 8.92e+03      |
|    ep_rew_mean          | -1.41e+07     |
| time/                   |               |
|    fps                  | 450           |
|    iterations           | 121           |
|    time_elapsed         | 550           |
|    total_timesteps      | 247808        |
| train/                  |               |
|    approx_kl            | 0.00045458984 |
|    clip_fraction        | 0             |
|    clip_range           | 0.2           |
|    entropy_loss         | -5.66         |
|    explained_variance   | -1.19e-07     |
|    learning_rate        | 0.0003        |
|    loss                 | 4.89e+08      |
|    n_updates            | 1200          |
|    policy_gradient_loss | -0.00126      |
|    std                  | 0.995         |
|    value_loss           | 9.61e+08      |
-------------------------------------------
-------------------------------------------
| rollout/                |               |
|    ep_len_mean          | 8.92e+03      |
|    ep_rew_mean          | -1.41e+07     |
| time/                   |               |
|    fps                  | 450           |
|    iterations           | 122           |
|    time_elapsed         | 555           |
|    total_timesteps      | 249856        |
| train/                  |               |
|    approx_kl            | 0.00013104311 |
|    clip_fraction        | 0             |
|    clip_range           | 0.2           |
|    entropy_loss         | -5.66         |
|    explained_variance   | 3.58e-07      |
|    learning_rate        | 0.0003        |
|    loss                 | 4.74e+08      |
|    n_updates            | 1210          |
|    policy_gradient_loss | -0.000383     |
|    std                  | 0.995         |
|    value_loss           | 9.64e+08      |
-------------------------------------------
-------------------------------------------
| rollout/                |               |
|    ep_len_mean          | 8.92e+03      |
|    ep_rew_mean          | -1.41e+07     |
| time/                   |               |
|    fps                  | 450           |
|    iterations           | 123           |
|    time_elapsed         | 559           |
|    total_timesteps      | 251904        |
| train/                  |               |
|    approx_kl            | 0.00025884568 |
|    clip_fraction        | 0             |
|    clip_range           | 0.2           |
|    entropy_loss         | -5.66         |
|    explained_variance   | -1.19e-07     |
|    learning_rate        | 0.0003        |
|    loss                 | 4.96e+08      |
|    n_updates            | 1220          |
|    policy_gradient_loss | -0.000739     |
|    std                  | 0.995         |
|    value_loss           | 9.76e+08      |
-------------------------------------------
-------------------------------------------
| rollout/                |               |
|    ep_len_mean          | 8.92e+03      |
|    ep_rew_mean          | -1.41e+07     |
| time/                   |               |
|    fps                  | 450           |
|    iterations           | 124           |
|    time_elapsed         | 564           |
|    total_timesteps      | 253952        |
| train/                  |               |
|    approx_kl            | 0.00025160244 |
|    clip_fraction        | 0             |
|    clip_range           | 0.2           |
|    entropy_loss         | -5.66         |
|    explained_variance   | 5.96e-08      |
|    learning_rate        | 0.0003        |
|    loss                 | 4.35e+08      |
|    n_updates            | 1230          |
|    policy_gradient_loss | -0.000664     |
|    std                  | 0.995         |
|    value_loss           | 8.48e+08      |
-------------------------------------------
-------------------------------------------
| rollout/                |               |
|    ep_len_mean          | 8.92e+03      |
|    ep_rew_mean          | -1.41e+07     |
| time/                   |               |
|    fps                  | 450           |
|    iterations           | 125           |
|    time_elapsed         | 568           |
|    total_timesteps      | 256000        |
| train/                  |               |
|    approx_kl            | 0.00021461851 |
|    clip_fraction        | 0             |
|    clip_range           | 0.2           |
|    entropy_loss         | -5.65         |
|    explained_variance   | -1.19e-07     |
|    learning_rate        | 0.0003        |
|    loss                 | 4.58e+08      |
|    n_updates            | 1240          |
|    policy_gradient_loss | -0.000589     |
|    std                  | 0.995         |
|    value_loss           | 8.93e+08      |
-------------------------------------------
------------------------------------------
| rollout/                |              |
|    ep_len_mean          | 8.92e+03     |
|    ep_rew_mean          | -1.41e+07    |
| time/                   |              |
|    fps                  | 450          |
|    iterations           | 126          |
|    time_elapsed         | 572          |
|    total_timesteps      | 258048       |
| train/                  |              |
|    approx_kl            | 0.0003213198 |
|    clip_fraction        | 0            |
|    clip_range           | 0.2          |
|    entropy_loss         | -5.65        |
|    explained_variance   | 0            |
|    learning_rate        | 0.0003       |
|    loss                 | 4.45e+08     |
|    n_updates            | 1250         |
|    policy_gradient_loss | -0.000894    |
|    std                  | 0.994        |
|    value_loss           | 8.79e+08     |
------------------------------------------
-------------------------------------------
| rollout/                |               |
|    ep_len_mean          | 8.92e+03      |
|    ep_rew_mean          | -1.41e+07     |
| time/                   |               |
|    fps                  | 450           |
|    iterations           | 127           |
|    time_elapsed         | 577           |
|    total_timesteps      | 260096        |
| train/                  |               |
|    approx_kl            | 0.00013890653 |
|    clip_fraction        | 0             |
|    clip_range           | 0.2           |
|    entropy_loss         | -5.65         |
|    explained_variance   | 5.96e-08      |
|    learning_rate        | 0.0003        |
|    loss                 | 4.62e+08      |
|    n_updates            | 1260          |
|    policy_gradient_loss | -0.000381     |
|    std                  | 0.994         |
|    value_loss           | 9.09e+08      |
-------------------------------------------
-------------------------------------------
| rollout/                |               |
|    ep_len_mean          | 8.92e+03      |
|    ep_rew_mean          | -1.41e+07     |
| time/                   |               |
|    fps                  | 450           |
|    iterations           | 128           |
|    time_elapsed         | 581           |
|    total_timesteps      | 262144        |
| train/                  |               |
|    approx_kl            | 0.00037343902 |
|    clip_fraction        | 0             |
|    clip_range           | 0.2           |
|    entropy_loss         | -5.65         |
|    explained_variance   | -1.19e-07     |
|    learning_rate        | 0.0003        |
|    loss                 | 4.45e+08      |
|    n_updates            | 1270          |
|    policy_gradient_loss | -0.00107      |
|    std                  | 0.994         |
|    value_loss           | 9.01e+08      |
-------------------------------------------
-------------------------------------------
| rollout/                |               |
|    ep_len_mean          | 8.92e+03      |
|    ep_rew_mean          | -1.41e+07     |
| time/                   |               |
|    fps                  | 450           |
|    iterations           | 129           |
|    time_elapsed         | 585           |
|    total_timesteps      | 264192        |
| train/                  |               |
|    approx_kl            | 6.5682514e-05 |
|    clip_fraction        | 0             |
|    clip_range           | 0.2           |
|    entropy_loss         | -5.65         |
|    explained_variance   | 0             |
|    learning_rate        | 0.0003        |
|    loss                 | 4.66e+08      |
|    n_updates            | 1280          |
|    policy_gradient_loss | -0.000242     |
|    std                  | 0.994         |
|    value_loss           | 9.34e+08      |
-------------------------------------------
-------------------------------------------
| rollout/                |               |
|    ep_len_mean          | 8.92e+03      |
|    ep_rew_mean          | -1.41e+07     |
| time/                   |               |
|    fps                  | 450           |
|    iterations           | 130           |
|    time_elapsed         | 590           |
|    total_timesteps      | 266240        |
| train/                  |               |
|    approx_kl            | 8.2245795e-05 |
|    clip_fraction        | 0             |
|    clip_range           | 0.2           |
|    entropy_loss         | -5.65         |
|    explained_variance   | -2.38e-07     |
|    learning_rate        | 0.0003        |
|    loss                 | 4.81e+08      |
|    n_updates            | 1290          |
|    policy_gradient_loss | -0.000246     |
|    std                  | 0.994         |
|    value_loss           | 9.42e+08      |
-------------------------------------------
------------------------------------------
| rollout/                |              |
|    ep_len_mean          | 8.92e+03     |
|    ep_rew_mean          | -1.41e+07    |
| time/                   |              |
|    fps                  | 450          |
|    iterations           | 131          |
|    time_elapsed         | 595          |
|    total_timesteps      | 268288       |
| train/                  |              |
|    approx_kl            | 0.0001576769 |
|    clip_fraction        | 0            |
|    clip_range           | 0.2          |
|    entropy_loss         | -5.65        |
|    explained_variance   | -1.19e-07    |
|    learning_rate        | 0.0003       |
|    loss                 | 4.85e+08     |
|    n_updates            | 1300         |
|    policy_gradient_loss | -0.000501    |
|    std                  | 0.994        |
|    value_loss           | 9.75e+08     |
------------------------------------------
-------------------------------------------
| rollout/                |               |
|    ep_len_mean          | 8.92e+03      |
|    ep_rew_mean          | -1.41e+07     |
| time/                   |               |
|    fps                  | 450           |
|    iterations           | 132           |
|    time_elapsed         | 600           |
|    total_timesteps      | 270336        |
| train/                  |               |
|    approx_kl            | 4.1995983e-05 |
|    clip_fraction        | 0             |
|    clip_range           | 0.2           |
|    entropy_loss         | -5.65         |
|    explained_variance   | 3.58e-07      |
|    learning_rate        | 0.0003        |
|    loss                 | 5.12e+08      |
|    n_updates            | 1310          |
|    policy_gradient_loss | -0.000153     |
|    std                  | 0.994         |
|    value_loss           | 1.02e+09      |
-------------------------------------------
------------------------------------------
| rollout/                |              |
|    ep_len_mean          | 8.92e+03     |
|    ep_rew_mean          | -1.41e+07    |
| time/                   |              |
|    fps                  | 450          |
|    iterations           | 133          |
|    time_elapsed         | 604          |
|    total_timesteps      | 272384       |
| train/                  |              |
|    approx_kl            | 8.899535e-05 |
|    clip_fraction        | 0            |
|    clip_range           | 0.2          |
|    entropy_loss         | -5.65        |
|    explained_variance   | -3.58e-07    |
|    learning_rate        | 0.0003       |
|    loss                 | 4.59e+08     |
|    n_updates            | 1320         |
|    policy_gradient_loss | -0.000322    |
|    std                  | 0.994        |
|    value_loss           | 9.49e+08     |
------------------------------------------
------------------------------------------
| rollout/                |              |
|    ep_len_mean          | 8.92e+03     |
|    ep_rew_mean          | -1.41e+07    |
| time/                   |              |
|    fps                  | 450          |
|    iterations           | 134          |
|    time_elapsed         | 608          |
|    total_timesteps      | 274432       |
| train/                  |              |
|    approx_kl            | 9.604741e-05 |
|    clip_fraction        | 0            |
|    clip_range           | 0.2          |
|    entropy_loss         | -5.65        |
|    explained_variance   | 0            |
|    learning_rate        | 0.0003       |
|    loss                 | 4.92e+08     |
|    n_updates            | 1330         |
|    policy_gradient_loss | -0.000363    |
|    std                  | 0.994        |
|    value_loss           | 1e+09        |
------------------------------------------
------------------------------------------
| rollout/                |              |
|    ep_len_mean          | 8.92e+03     |
|    ep_rew_mean          | -1.41e+07    |
| time/                   |              |
|    fps                  | 450          |
|    iterations           | 135          |
|    time_elapsed         | 614          |
|    total_timesteps      | 276480       |
| train/                  |              |
|    approx_kl            | 6.921348e-05 |
|    clip_fraction        | 0            |
|    clip_range           | 0.2          |
|    entropy_loss         | -5.65        |
|    explained_variance   | 4.77e-07     |
|    learning_rate        | 0.0003       |
|    loss                 | 4.81e+08     |
|    n_updates            | 1340         |
|    policy_gradient_loss | -0.000234    |
|    std                  | 0.994        |
|    value_loss           | 9.89e+08     |
------------------------------------------
-------------------------------------------
| rollout/                |               |
|    ep_len_mean          | 8.92e+03      |
|    ep_rew_mean          | -1.41e+07     |
| time/                   |               |
|    fps                  | 450           |
|    iterations           | 136           |
|    time_elapsed         | 618           |
|    total_timesteps      | 278528        |
| train/                  |               |
|    approx_kl            | 0.00013699819 |
|    clip_fraction        | 0             |
|    clip_range           | 0.2           |
|    entropy_loss         | -5.65         |
|    explained_variance   | 5.96e-08      |
|    learning_rate        | 0.0003        |
|    loss                 | 4.96e+08      |
|    n_updates            | 1350          |
|    policy_gradient_loss | -0.000403     |
|    std                  | 0.994         |
|    value_loss           | 1.01e+09      |
-------------------------------------------
------------------------------------------
| rollout/                |              |
|    ep_len_mean          | 8.92e+03     |
|    ep_rew_mean          | -1.41e+07    |
| time/                   |              |
|    fps                  | 449          |
|    iterations           | 137          |
|    time_elapsed         | 623          |
|    total_timesteps      | 280576       |
| train/                  |              |
|    approx_kl            | 8.225755e-05 |
|    clip_fraction        | 0            |
|    clip_range           | 0.2          |
|    entropy_loss         | -5.65        |
|    explained_variance   | 1.19e-07     |
|    learning_rate        | 0.0003       |
|    loss                 | 4.75e+08     |
|    n_updates            | 1360         |
|    policy_gradient_loss | -0.000224    |
|    std                  | 0.994        |
|    value_loss           | 9.31e+08     |
------------------------------------------
-------------------------------------------
| rollout/                |               |
|    ep_len_mean          | 8.92e+03      |
|    ep_rew_mean          | -1.41e+07     |
| time/                   |               |
|    fps                  | 449           |
|    iterations           | 138           |
|    time_elapsed         | 629           |
|    total_timesteps      | 282624        |
| train/                  |               |
|    approx_kl            | 6.4495456e-05 |
|    clip_fraction        | 0             |
|    clip_range           | 0.2           |
|    entropy_loss         | -5.65         |
|    explained_variance   | -3.58e-07     |
|    learning_rate        | 0.0003        |
|    loss                 | 4.86e+08      |
|    n_updates            | 1370          |
|    policy_gradient_loss | -0.000201     |
|    std                  | 0.993         |
|    value_loss           | 9.8e+08       |
-------------------------------------------
------------------------------------------
| rollout/                |              |
|    ep_len_mean          | 8.92e+03     |
|    ep_rew_mean          | -1.41e+07    |
| time/                   |              |
|    fps                  | 449          |
|    iterations           | 139          |
|    time_elapsed         | 633          |
|    total_timesteps      | 284672       |
| train/                  |              |
|    approx_kl            | 0.0001939518 |
|    clip_fraction        | 0            |
|    clip_range           | 0.2          |
|    entropy_loss         | -5.65        |
|    explained_variance   | 0            |
|    learning_rate        | 0.0003       |
|    loss                 | 5.03e+08     |
|    n_updates            | 1380         |
|    policy_gradient_loss | -0.000553    |
|    std                  | 0.993        |
|    value_loss           | 9.71e+08     |
------------------------------------------
-------------------------------------------
| rollout/                |               |
|    ep_len_mean          | 8.92e+03      |
|    ep_rew_mean          | -1.41e+07     |
| time/                   |               |
|    fps                  | 448           |
|    iterations           | 140           |
|    time_elapsed         | 638           |
|    total_timesteps      | 286720        |
| train/                  |               |
|    approx_kl            | 0.00013077777 |
|    clip_fraction        | 0             |
|    clip_range           | 0.2           |
|    entropy_loss         | -5.65         |
|    explained_variance   | 3.58e-07      |
|    learning_rate        | 0.0003        |
|    loss                 | 5.08e+08      |
|    n_updates            | 1390          |
|    policy_gradient_loss | -0.000388     |
|    std                  | 0.993         |
|    value_loss           | 1.01e+09      |
-------------------------------------------
-------------------------------------------
| rollout/                |               |
|    ep_len_mean          | 8.92e+03      |
|    ep_rew_mean          | -1.41e+07     |
| time/                   |               |
|    fps                  | 448           |
|    iterations           | 141           |
|    time_elapsed         | 643           |
|    total_timesteps      | 288768        |
| train/                  |               |
|    approx_kl            | 5.5034878e-05 |
|    clip_fraction        | 0             |
|    clip_range           | 0.2           |
|    entropy_loss         | -5.65         |
|    explained_variance   | -1.19e-07     |
|    learning_rate        | 0.0003        |
|    loss                 | 4.8e+08       |
|    n_updates            | 1400          |
|    policy_gradient_loss | -0.000183     |
|    std                  | 0.993         |
|    value_loss           | 9.4e+08       |
-------------------------------------------
-------------------------------------------
| rollout/                |               |
|    ep_len_mean          | 8.92e+03      |
|    ep_rew_mean          | -1.41e+07     |
| time/                   |               |
|    fps                  | 449           |
|    iterations           | 142           |
|    time_elapsed         | 647           |
|    total_timesteps      | 290816        |
| train/                  |               |
|    approx_kl            | 0.00019497875 |
|    clip_fraction        | 0             |
|    clip_range           | 0.2           |
|    entropy_loss         | -5.65         |
|    explained_variance   | 0             |
|    learning_rate        | 0.0003        |
|    loss                 | 4.63e+08      |
|    n_updates            | 1410          |
|    policy_gradient_loss | -0.000616     |
|    std                  | 0.993         |
|    value_loss           | 9.27e+08      |
-------------------------------------------
-------------------------------------------
| rollout/                |               |
|    ep_len_mean          | 8.92e+03      |
|    ep_rew_mean          | -1.41e+07     |
| time/                   |               |
|    fps                  | 449           |
|    iterations           | 143           |
|    time_elapsed         | 652           |
|    total_timesteps      | 292864        |
| train/                  |               |
|    approx_kl            | 8.6734915e-05 |
|    clip_fraction        | 0             |
|    clip_range           | 0.2           |
|    entropy_loss         | -5.65         |
|    explained_variance   | -2.38e-07     |
|    learning_rate        | 0.0003        |
|    loss                 | 4.67e+08      |
|    n_updates            | 1420          |
|    policy_gradient_loss | -0.000256     |
|    std                  | 0.994         |
|    value_loss           | 9.43e+08      |
-------------------------------------------
-------------------------------------------
| rollout/                |               |
|    ep_len_mean          | 8.92e+03      |
|    ep_rew_mean          | -1.41e+07     |
| time/                   |               |
|    fps                  | 449           |
|    iterations           | 144           |
|    time_elapsed         | 656           |
|    total_timesteps      | 294912        |
| train/                  |               |
|    approx_kl            | 0.00019782755 |
|    clip_fraction        | 0             |
|    clip_range           | 0.2           |
|    entropy_loss         | -5.65         |
|    explained_variance   | 0             |
|    learning_rate        | 0.0003        |
|    loss                 | 4.78e+08      |
|    n_updates            | 1430          |
|    policy_gradient_loss | -0.000548     |
|    std                  | 0.993         |
|    value_loss           | 9.82e+08      |
-------------------------------------------
-------------------------------------------
| rollout/                |               |
|    ep_len_mean          | 8.92e+03      |
|    ep_rew_mean          | -1.41e+07     |
| time/                   |               |
|    fps                  | 449           |
|    iterations           | 145           |
|    time_elapsed         | 660           |
|    total_timesteps      | 296960        |
| train/                  |               |
|    approx_kl            | 4.1740714e-05 |
|    clip_fraction        | 0             |
|    clip_range           | 0.2           |
|    entropy_loss         | -5.65         |
|    explained_variance   | 1.79e-07      |
|    learning_rate        | 0.0003        |
|    loss                 | 5.09e+08      |
|    n_updates            | 1440          |
|    policy_gradient_loss | -0.000155     |
|    std                  | 0.994         |
|    value_loss           | 1.02e+09      |
-------------------------------------------
-------------------------------------------
| rollout/                |               |
|    ep_len_mean          | 8.92e+03      |
|    ep_rew_mean          | -1.41e+07     |
| time/                   |               |
|    fps                  | 449           |
|    iterations           | 146           |
|    time_elapsed         | 665           |
|    total_timesteps      | 299008        |
| train/                  |               |
|    approx_kl            | 7.7319506e-05 |
|    clip_fraction        | 0             |
|    clip_range           | 0.2           |
|    entropy_loss         | -5.65         |
|    explained_variance   | 0             |
|    learning_rate        | 0.0003        |
|    loss                 | 4.2e+08       |
|    n_updates            | 1450          |
|    policy_gradient_loss | -0.000208     |
|    std                  | 0.994         |
|    value_loss           | 8.97e+08      |
-------------------------------------------
-------------------------------------------
| rollout/                |               |
|    ep_len_mean          | 8.92e+03      |
|    ep_rew_mean          | -1.41e+07     |
| time/                   |               |
|    fps                  | 449           |
|    iterations           | 147           |
|    time_elapsed         | 669           |
|    total_timesteps      | 301056        |
| train/                  |               |
|    approx_kl            | 0.00023938483 |
|    clip_fraction        | 0             |
|    clip_range           | 0.2           |
|    entropy_loss         | -5.65         |
|    explained_variance   | -1.19e-07     |
|    learning_rate        | 0.0003        |
|    loss                 | 4.71e+08      |
|    n_updates            | 1460          |
|    policy_gradient_loss | -0.000692     |
|    std                  | 0.994         |
|    value_loss           | 9.4e+08       |
-------------------------------------------
-------------------------------------------
| rollout/                |               |
|    ep_len_mean          | 8.92e+03      |
|    ep_rew_mean          | -1.41e+07     |
| time/                   |               |
|    fps                  | 449           |
|    iterations           | 148           |
|    time_elapsed         | 673           |
|    total_timesteps      | 303104        |
| train/                  |               |
|    approx_kl            | 5.5614364e-05 |
|    clip_fraction        | 0             |
|    clip_range           | 0.2           |
|    entropy_loss         | -5.65         |
|    explained_variance   | -2.38e-07     |
|    learning_rate        | 0.0003        |
|    loss                 | 4.69e+08      |
|    n_updates            | 1470          |
|    policy_gradient_loss | -0.000169     |
|    std                  | 0.994         |
|    value_loss           | 9.36e+08      |
-------------------------------------------
------------------------------------------
| rollout/                |              |
|    ep_len_mean          | 8.92e+03     |
|    ep_rew_mean          | -1.41e+07    |
| time/                   |              |
|    fps                  | 450          |
|    iterations           | 149          |
|    time_elapsed         | 678          |
|    total_timesteps      | 305152       |
| train/                  |              |
|    approx_kl            | 9.987148e-05 |
|    clip_fraction        | 0            |
|    clip_range           | 0.2          |
|    entropy_loss         | -5.65        |
|    explained_variance   | 0            |
|    learning_rate        | 0.0003       |
|    loss                 | 4.92e+08     |
|    n_updates            | 1480         |
|    policy_gradient_loss | -0.00028     |
|    std                  | 0.994        |
|    value_loss           | 9.67e+08     |
------------------------------------------
-------------------------------------------
| rollout/                |               |
|    ep_len_mean          | 8.92e+03      |
|    ep_rew_mean          | -1.41e+07     |
| time/                   |               |
|    fps                  | 450           |
|    iterations           | 150           |
|    time_elapsed         | 682           |
|    total_timesteps      | 307200        |
| train/                  |               |
|    approx_kl            | 6.0503226e-05 |
|    clip_fraction        | 0             |
|    clip_range           | 0.2           |
|    entropy_loss         | -5.65         |
|    explained_variance   | 1.79e-07      |
|    learning_rate        | 0.0003        |
|    loss                 | 4.61e+08      |
|    n_updates            | 1490          |
|    policy_gradient_loss | -0.000304     |
|    std                  | 0.994         |
|    value_loss           | 9.24e+08      |
-------------------------------------------
------------------------------------------
| rollout/                |              |
|    ep_len_mean          | 8.92e+03     |
|    ep_rew_mean          | -1.41e+07    |
| time/                   |              |
|    fps                  | 450          |
|    iterations           | 151          |
|    time_elapsed         | 686          |
|    total_timesteps      | 309248       |
| train/                  |              |
|    approx_kl            | 0.0001418356 |
|    clip_fraction        | 0            |
|    clip_range           | 0.2          |
|    entropy_loss         | -5.65        |
|    explained_variance   | -2.38e-07    |
|    learning_rate        | 0.0003       |
|    loss                 | 4.9e+08      |
|    n_updates            | 1500         |
|    policy_gradient_loss | -0.000431    |
|    std                  | 0.994        |
|    value_loss           | 9.93e+08     |
------------------------------------------
-------------------------------------------
| rollout/                |               |
|    ep_len_mean          | 8.92e+03      |
|    ep_rew_mean          | -1.41e+07     |
| time/                   |               |
|    fps                  | 450           |
|    iterations           | 152           |
|    time_elapsed         | 691           |
|    total_timesteps      | 311296        |
| train/                  |               |
|    approx_kl            | 0.00016176669 |
|    clip_fraction        | 0             |
|    clip_range           | 0.2           |
|    entropy_loss         | -5.65         |
|    explained_variance   | 0             |
|    learning_rate        | 0.0003        |
|    loss                 | 4.88e+08      |
|    n_updates            | 1510          |
|    policy_gradient_loss | -0.0005       |
|    std                  | 0.993         |
|    value_loss           | 9.91e+08      |
-------------------------------------------
-------------------------------------------
| rollout/                |               |
|    ep_len_mean          | 8.92e+03      |
|    ep_rew_mean          | -1.41e+07     |
| time/                   |               |
|    fps                  | 450           |
|    iterations           | 153           |
|    time_elapsed         | 695           |
|    total_timesteps      | 313344        |
| train/                  |               |
|    approx_kl            | 0.00018550295 |
|    clip_fraction        | 0             |
|    clip_range           | 0.2           |
|    entropy_loss         | -5.65         |
|    explained_variance   | 4.17e-07      |
|    learning_rate        | 0.0003        |
|    loss                 | 4.84e+08      |
|    n_updates            | 1520          |
|    policy_gradient_loss | -0.000553     |
|    std                  | 0.993         |
|    value_loss           | 1.02e+09      |
-------------------------------------------
-------------------------------------------
| rollout/                |               |
|    ep_len_mean          | 8.92e+03      |
|    ep_rew_mean          | -1.41e+07     |
| time/                   |               |
|    fps                  | 450           |
|    iterations           | 154           |
|    time_elapsed         | 700           |
|    total_timesteps      | 315392        |
| train/                  |               |
|    approx_kl            | 0.00013358434 |
|    clip_fraction        | 0             |
|    clip_range           | 0.2           |
|    entropy_loss         | -5.65         |
|    explained_variance   | 0             |
|    learning_rate        | 0.0003        |
|    loss                 | 5.04e+08      |
|    n_updates            | 1530          |
|    policy_gradient_loss | -0.000416     |
|    std                  | 0.993         |
|    value_loss           | 9.9e+08       |
-------------------------------------------
-----------------------------------------
| rollout/                |             |
|    ep_len_mean          | 8.92e+03    |
|    ep_rew_mean          | -1.41e+07   |
| time/                   |             |
|    fps                  | 450         |
|    iterations           | 155         |
|    time_elapsed         | 704         |
|    total_timesteps      | 317440      |
| train/                  |             |
|    approx_kl            | 8.07842e-05 |
|    clip_fraction        | 0           |
|    clip_range           | 0.2         |
|    entropy_loss         | -5.65       |
|    explained_variance   | 1.19e-07    |
|    learning_rate        | 0.0003      |
|    loss                 | 4.81e+08    |
|    n_updates            | 1540        |
|    policy_gradient_loss | -0.000243   |
|    std                  | 0.993       |
|    value_loss           | 9.71e+08    |
-----------------------------------------
-------------------------------------------
| rollout/                |               |
|    ep_len_mean          | 8.92e+03      |
|    ep_rew_mean          | -1.41e+07     |
| time/                   |               |
|    fps                  | 450           |
|    iterations           | 156           |
|    time_elapsed         | 709           |
|    total_timesteps      | 319488        |
| train/                  |               |
|    approx_kl            | 2.2186432e-05 |
|    clip_fraction        | 0             |
|    clip_range           | 0.2           |
|    entropy_loss         | -5.65         |
|    explained_variance   | -2.38e-07     |
|    learning_rate        | 0.0003        |
|    loss                 | 5.01e+08      |
|    n_updates            | 1550          |
|    policy_gradient_loss | -0.000113     |
|    std                  | 0.993         |
|    value_loss           | 1e+09         |
-------------------------------------------
-------------------------------------------
| rollout/                |               |
|    ep_len_mean          | 8.92e+03      |
|    ep_rew_mean          | -1.41e+07     |
| time/                   |               |
|    fps                  | 450           |
|    iterations           | 157           |
|    time_elapsed         | 713           |
|    total_timesteps      | 321536        |
| train/                  |               |
|    approx_kl            | 0.00031871634 |
|    clip_fraction        | 0             |
|    clip_range           | 0.2           |
|    entropy_loss         | -5.65         |
|    explained_variance   | 0             |
|    learning_rate        | 0.0003        |
|    loss                 | 5.11e+08      |
|    n_updates            | 1560          |
|    policy_gradient_loss | -0.000801     |
|    std                  | 0.993         |
|    value_loss           | 1.03e+09      |
-------------------------------------------
-------------------------------------------
| rollout/                |               |
|    ep_len_mean          | 8.92e+03      |
|    ep_rew_mean          | -1.41e+07     |
| time/                   |               |
|    fps                  | 450           |
|    iterations           | 158           |
|    time_elapsed         | 718           |
|    total_timesteps      | 323584        |
| train/                  |               |
|    approx_kl            | 5.9833605e-05 |
|    clip_fraction        | 0             |
|    clip_range           | 0.2           |
|    entropy_loss         | -5.65         |
|    explained_variance   | -2.38e-07     |
|    learning_rate        | 0.0003        |
|    loss                 | 5.49e+08      |
|    n_updates            | 1570          |
|    policy_gradient_loss | -0.000199     |
|    std                  | 0.993         |
|    value_loss           | 1.07e+09      |
-------------------------------------------
-------------------------------------------
| rollout/                |               |
|    ep_len_mean          | 8.92e+03      |
|    ep_rew_mean          | -1.41e+07     |
| time/                   |               |
|    fps                  | 450           |
|    iterations           | 159           |
|    time_elapsed         | 722           |
|    total_timesteps      | 325632        |
| train/                  |               |
|    approx_kl            | 0.00012624596 |
|    clip_fraction        | 0             |
|    clip_range           | 0.2           |
|    entropy_loss         | -5.65         |
|    explained_variance   | -1.19e-07     |
|    learning_rate        | 0.0003        |
|    loss                 | 4.31e+08      |
|    n_updates            | 1580          |
|    policy_gradient_loss | -0.000349     |
|    std                  | 0.993         |
|    value_loss           | 8.97e+08      |
-------------------------------------------
------------------------------------------
| rollout/                |              |
|    ep_len_mean          | 8.92e+03     |
|    ep_rew_mean          | -1.41e+07    |
| time/                   |              |
|    fps                  | 450          |
|    iterations           | 160          |
|    time_elapsed         | 726          |
|    total_timesteps      | 327680       |
| train/                  |              |
|    approx_kl            | 0.0002598208 |
|    clip_fraction        | 0            |
|    clip_range           | 0.2          |
|    entropy_loss         | -5.65        |
|    explained_variance   | 1.79e-07     |
|    learning_rate        | 0.0003       |
|    loss                 | 4.65e+08     |
|    n_updates            | 1590         |
|    policy_gradient_loss | -0.000727    |
|    std                  | 0.993        |
|    value_loss           | 9.39e+08     |
------------------------------------------
-------------------------------------------
| rollout/                |               |
|    ep_len_mean          | 8.92e+03      |
|    ep_rew_mean          | -1.41e+07     |
| time/                   |               |
|    fps                  | 450           |
|    iterations           | 161           |
|    time_elapsed         | 731           |
|    total_timesteps      | 329728        |
| train/                  |               |
|    approx_kl            | 0.00034658104 |
|    clip_fraction        | 0             |
|    clip_range           | 0.2           |
|    entropy_loss         | -5.65         |
|    explained_variance   | -1.19e-07     |
|    learning_rate        | 0.0003        |
|    loss                 | 4.79e+08      |
|    n_updates            | 1600          |
|    policy_gradient_loss | -0.000954     |
|    std                  | 0.993         |
|    value_loss           | 9.28e+08      |
-------------------------------------------
------------------------------------------
| rollout/                |              |
|    ep_len_mean          | 8.92e+03     |
|    ep_rew_mean          | -1.41e+07    |
| time/                   |              |
|    fps                  | 450          |
|    iterations           | 162          |
|    time_elapsed         | 736          |
|    total_timesteps      | 331776       |
| train/                  |              |
|    approx_kl            | 5.165249e-05 |
|    clip_fraction        | 0            |
|    clip_range           | 0.2          |
|    entropy_loss         | -5.65        |
|    explained_variance   | 0            |
|    learning_rate        | 0.0003       |
|    loss                 | 4.74e+08     |
|    n_updates            | 1610         |
|    policy_gradient_loss | -0.000188    |
|    std                  | 0.992        |
|    value_loss           | 9.6e+08      |
------------------------------------------
-------------------------------------------
| rollout/                |               |
|    ep_len_mean          | 8.92e+03      |
|    ep_rew_mean          | -1.41e+07     |
| time/                   |               |
|    fps                  | 450           |
|    iterations           | 163           |
|    time_elapsed         | 740           |
|    total_timesteps      | 333824        |
| train/                  |               |
|    approx_kl            | 0.00014990769 |
|    clip_fraction        | 0             |
|    clip_range           | 0.2           |
|    entropy_loss         | -5.64         |
|    explained_variance   | 0             |
|    learning_rate        | 0.0003        |
|    loss                 | 4.34e+08      |
|    n_updates            | 1620          |
|    policy_gradient_loss | -0.000412     |
|    std                  | 0.992         |
|    value_loss           | 8.34e+08      |
-------------------------------------------
------------------------------------------
| rollout/                |              |
|    ep_len_mean          | 8.92e+03     |
|    ep_rew_mean          | -1.41e+07    |
| time/                   |              |
|    fps                  | 450          |
|    iterations           | 164          |
|    time_elapsed         | 744          |
|    total_timesteps      | 335872       |
| train/                  |              |
|    approx_kl            | 2.115537e-05 |
|    clip_fraction        | 0            |
|    clip_range           | 0.2          |
|    entropy_loss         | -5.64        |
|    explained_variance   | -1.19e-07    |
|    learning_rate        | 0.0003       |
|    loss                 | 4.34e+08     |
|    n_updates            | 1630         |
|    policy_gradient_loss | -9.77e-05    |
|    std                  | 0.992        |
|    value_loss           | 8.71e+08     |
------------------------------------------
------------------------------------------
| rollout/                |              |
|    ep_len_mean          | 8.92e+03     |
|    ep_rew_mean          | -1.41e+07    |
| time/                   |              |
|    fps                  | 451          |
|    iterations           | 165          |
|    time_elapsed         | 749          |
|    total_timesteps      | 337920       |
| train/                  |              |
|    approx_kl            | 0.0004156205 |
|    clip_fraction        | 0            |
|    clip_range           | 0.2          |
|    entropy_loss         | -5.64        |
|    explained_variance   | 0            |
|    learning_rate        | 0.0003       |
|    loss                 | 4.68e+08     |
|    n_updates            | 1640         |
|    policy_gradient_loss | -0.00115     |
|    std                  | 0.992        |
|    value_loss           | 8.85e+08     |
------------------------------------------
------------------------------------------
| rollout/                |              |
|    ep_len_mean          | 8.92e+03     |
|    ep_rew_mean          | -1.41e+07    |
| time/                   |              |
|    fps                  | 450          |
|    iterations           | 166          |
|    time_elapsed         | 754          |
|    total_timesteps      | 339968       |
| train/                  |              |
|    approx_kl            | 0.0002446886 |
|    clip_fraction        | 0            |
|    clip_range           | 0.2          |
|    entropy_loss         | -5.64        |
|    explained_variance   | -1.19e-07    |
|    learning_rate        | 0.0003       |
|    loss                 | 4.54e+08     |
|    n_updates            | 1650         |
|    policy_gradient_loss | -0.000633    |
|    std                  | 0.992        |
|    value_loss           | 9.01e+08     |
------------------------------------------
-------------------------------------------
| rollout/                |               |
|    ep_len_mean          | 8.92e+03      |
|    ep_rew_mean          | -1.41e+07     |
| time/                   |               |
|    fps                  | 450           |
|    iterations           | 167           |
|    time_elapsed         | 759           |
|    total_timesteps      | 342016        |
| train/                  |               |
|    approx_kl            | 9.6415635e-05 |
|    clip_fraction        | 0             |
|    clip_range           | 0.2           |
|    entropy_loss         | -5.64         |
|    explained_variance   | 0             |
|    learning_rate        | 0.0003        |
|    loss                 | 4.49e+08      |
|    n_updates            | 1660          |
|    policy_gradient_loss | -0.00029      |
|    std                  | 0.992         |
|    value_loss           | 9.7e+08       |
-------------------------------------------
-------------------------------------------
| rollout/                |               |
|    ep_len_mean          | 8.92e+03      |
|    ep_rew_mean          | -1.41e+07     |
| time/                   |               |
|    fps                  | 450           |
|    iterations           | 168           |
|    time_elapsed         | 764           |
|    total_timesteps      | 344064        |
| train/                  |               |
|    approx_kl            | 0.00012549979 |
|    clip_fraction        | 0             |
|    clip_range           | 0.2           |
|    entropy_loss         | -5.64         |
|    explained_variance   | -3.58e-07     |
|    learning_rate        | 0.0003        |
|    loss                 | 5.03e+08      |
|    n_updates            | 1670          |
|    policy_gradient_loss | -0.000354     |
|    std                  | 0.992         |
|    value_loss           | 1.01e+09      |
-------------------------------------------
-------------------------------------------
| rollout/                |               |
|    ep_len_mean          | 8.92e+03      |
|    ep_rew_mean          | -1.41e+07     |
| time/                   |               |
|    fps                  | 449           |
|    iterations           | 169           |
|    time_elapsed         | 769           |
|    total_timesteps      | 346112        |
| train/                  |               |
|    approx_kl            | 0.00017100654 |
|    clip_fraction        | 0             |
|    clip_range           | 0.2           |
|    entropy_loss         | -5.64         |
|    explained_variance   | 5.96e-08      |
|    learning_rate        | 0.0003        |
|    loss                 | 5.22e+08      |
|    n_updates            | 1680          |
|    policy_gradient_loss | -0.000515     |
|    std                  | 0.992         |
|    value_loss           | 1.04e+09      |
-------------------------------------------
------------------------------------------
| rollout/                |              |
|    ep_len_mean          | 8.92e+03     |
|    ep_rew_mean          | -1.41e+07    |
| time/                   |              |
|    fps                  | 449          |
|    iterations           | 170          |
|    time_elapsed         | 775          |
|    total_timesteps      | 348160       |
| train/                  |              |
|    approx_kl            | 6.175504e-05 |
|    clip_fraction        | 0            |
|    clip_range           | 0.2          |
|    entropy_loss         | -5.64        |
|    explained_variance   | -3.58e-07    |
|    learning_rate        | 0.0003       |
|    loss                 | 5.37e+08     |
|    n_updates            | 1690         |
|    policy_gradient_loss | -0.000197    |
|    std                  | 0.992        |
|    value_loss           | 1.06e+09     |
------------------------------------------
-------------------------------------------
| rollout/                |               |
|    ep_len_mean          | 8.92e+03      |
|    ep_rew_mean          | -1.41e+07     |
| time/                   |               |
|    fps                  | 448           |
|    iterations           | 171           |
|    time_elapsed         | 780           |
|    total_timesteps      | 350208        |
| train/                  |               |
|    approx_kl            | 7.5537886e-05 |
|    clip_fraction        | 0             |
|    clip_range           | 0.2           |
|    entropy_loss         | -5.64         |
|    explained_variance   | 0             |
|    learning_rate        | 0.0003        |
|    loss                 | 5.44e+08      |
|    n_updates            | 1700          |
|    policy_gradient_loss | -0.000253     |
|    std                  | 0.992         |
|    value_loss           | 1.07e+09      |
-------------------------------------------
-----------------------------------------
| rollout/                |             |
|    ep_len_mean          | 8.92e+03    |
|    ep_rew_mean          | -1.41e+07   |
| time/                   |             |
|    fps                  | 448         |
|    iterations           | 172         |
|    time_elapsed         | 784         |
|    total_timesteps      | 352256      |
| train/                  |             |
|    approx_kl            | 9.05706e-05 |
|    clip_fraction        | 0           |
|    clip_range           | 0.2         |
|    entropy_loss         | -5.64       |
|    explained_variance   | -1.19e-07   |
|    learning_rate        | 0.0003      |
|    loss                 | 4.48e+08    |
|    n_updates            | 1710        |
|    policy_gradient_loss | -0.000265   |
|    std                  | 0.992       |
|    value_loss           | 8.98e+08    |
-----------------------------------------
--------------------------------------------
| rollout/                |                |
|    ep_len_mean          | 8.92e+03       |
|    ep_rew_mean          | -1.41e+07      |
| time/                   |                |
|    fps                  | 449            |
|    iterations           | 173            |
|    time_elapsed         | 789            |
|    total_timesteps      | 354304         |
| train/                  |                |
|    approx_kl            | 0.000109831424 |
|    clip_fraction        | 0              |
|    clip_range           | 0.2            |
|    entropy_loss         | -5.64          |
|    explained_variance   | 0              |
|    learning_rate        | 0.0003         |
|    loss                 | 4.77e+08       |
|    n_updates            | 1720           |
|    policy_gradient_loss | -0.00036       |
|    std                  | 0.992          |
|    value_loss           | 9.41e+08       |
--------------------------------------------
------------------------------------------
| rollout/                |              |
|    ep_len_mean          | 8.92e+03     |
|    ep_rew_mean          | -1.41e+07    |
| time/                   |              |
|    fps                  | 449          |
|    iterations           | 174          |
|    time_elapsed         | 793          |
|    total_timesteps      | 356352       |
| train/                  |              |
|    approx_kl            | 0.0002468243 |
|    clip_fraction        | 0            |
|    clip_range           | 0.2          |
|    entropy_loss         | -5.64        |
|    explained_variance   | -2.38e-07    |
|    learning_rate        | 0.0003       |
|    loss                 | 4.56e+08     |
|    n_updates            | 1730         |
|    policy_gradient_loss | -0.000695    |
|    std                  | 0.992        |
|    value_loss           | 9.27e+08     |
------------------------------------------
-------------------------------------------
| rollout/                |               |
|    ep_len_mean          | 8.92e+03      |
|    ep_rew_mean          | -1.41e+07     |
| time/                   |               |
|    fps                  | 448           |
|    iterations           | 175           |
|    time_elapsed         | 798           |
|    total_timesteps      | 358400        |
| train/                  |               |
|    approx_kl            | 0.00013757995 |
|    clip_fraction        | 0             |
|    clip_range           | 0.2           |
|    entropy_loss         | -5.64         |
|    explained_variance   | 0             |
|    learning_rate        | 0.0003        |
|    loss                 | 4.74e+08      |
|    n_updates            | 1740          |
|    policy_gradient_loss | -0.000441     |
|    std                  | 0.992         |
|    value_loss           | 9.63e+08      |
-------------------------------------------
-------------------------------------------
| rollout/                |               |
|    ep_len_mean          | 8.92e+03      |
|    ep_rew_mean          | -1.41e+07     |
| time/                   |               |
|    fps                  | 449           |
|    iterations           | 176           |
|    time_elapsed         | 802           |
|    total_timesteps      | 360448        |
| train/                  |               |
|    approx_kl            | 0.00023026313 |
|    clip_fraction        | 0             |
|    clip_range           | 0.2           |
|    entropy_loss         | -5.64         |
|    explained_variance   | -1.19e-07     |
|    learning_rate        | 0.0003        |
|    loss                 | 4.12e+08      |
|    n_updates            | 1750          |
|    policy_gradient_loss | -0.000612     |
|    std                  | 0.992         |
|    value_loss           | 8.25e+08      |
-------------------------------------------
-------------------------------------------
| rollout/                |               |
|    ep_len_mean          | 8.92e+03      |
|    ep_rew_mean          | -1.41e+07     |
| time/                   |               |
|    fps                  | 449           |
|    iterations           | 177           |
|    time_elapsed         | 807           |
|    total_timesteps      | 362496        |
| train/                  |               |
|    approx_kl            | 6.3130574e-05 |
|    clip_fraction        | 0             |
|    clip_range           | 0.2           |
|    entropy_loss         | -5.65         |
|    explained_variance   | -1.19e-07     |
|    learning_rate        | 0.0003        |
|    loss                 | 4.31e+08      |
|    n_updates            | 1760          |
|    policy_gradient_loss | -0.000235     |
|    std                  | 0.992         |
|    value_loss           | 8.51e+08      |
-------------------------------------------
------------------------------------------
| rollout/                |              |
|    ep_len_mean          | 8.92e+03     |
|    ep_rew_mean          | -1.41e+07    |
| time/                   |              |
|    fps                  | 449          |
|    iterations           | 178          |
|    time_elapsed         | 811          |
|    total_timesteps      | 364544       |
| train/                  |              |
|    approx_kl            | 7.028473e-05 |
|    clip_fraction        | 0            |
|    clip_range           | 0.2          |
|    entropy_loss         | -5.64        |
|    explained_variance   | 0            |
|    learning_rate        | 0.0003       |
|    loss                 | 4.26e+08     |
|    n_updates            | 1770         |
|    policy_gradient_loss | -0.000252    |
|    std                  | 0.992        |
|    value_loss           | 8.48e+08     |
------------------------------------------
-------------------------------------------
| rollout/                |               |
|    ep_len_mean          | 8.92e+03      |
|    ep_rew_mean          | -1.4e+07      |
| time/                   |               |
|    fps                  | 449           |
|    iterations           | 179           |
|    time_elapsed         | 815           |
|    total_timesteps      | 366592        |
| train/                  |               |
|    approx_kl            | 4.3481996e-05 |
|    clip_fraction        | 0             |
|    clip_range           | 0.2           |
|    entropy_loss         | -5.64         |
|    explained_variance   | 0             |
|    learning_rate        | 0.0003        |
|    loss                 | 4.62e+08      |
|    n_updates            | 1780          |
|    policy_gradient_loss | -0.000215     |
|    std                  | 0.992         |
|    value_loss           | 9.14e+08      |
-------------------------------------------
-------------------------------------------
| rollout/                |               |
|    ep_len_mean          | 8.92e+03      |
|    ep_rew_mean          | -1.4e+07      |
| time/                   |               |
|    fps                  | 449           |
|    iterations           | 180           |
|    time_elapsed         | 820           |
|    total_timesteps      | 368640        |
| train/                  |               |
|    approx_kl            | 7.4697746e-05 |
|    clip_fraction        | 0             |
|    clip_range           | 0.2           |
|    entropy_loss         | -5.64         |
|    explained_variance   | 1.79e-07      |
|    learning_rate        | 0.0003        |
|    loss                 | 4.75e+08      |
|    n_updates            | 1790          |
|    policy_gradient_loss | -0.000224     |
|    std                  | 0.992         |
|    value_loss           | 9.66e+08      |
-------------------------------------------
-------------------------------------------
| rollout/                |               |
|    ep_len_mean          | 8.92e+03      |
|    ep_rew_mean          | -1.4e+07      |
| time/                   |               |
|    fps                  | 449           |
|    iterations           | 181           |
|    time_elapsed         | 825           |
|    total_timesteps      | 370688        |
| train/                  |               |
|    approx_kl            | 0.00029577056 |
|    clip_fraction        | 0             |
|    clip_range           | 0.2           |
|    entropy_loss         | -5.64         |
|    explained_variance   | -2.38e-07     |
|    learning_rate        | 0.0003        |
|    loss                 | 4.77e+08      |
|    n_updates            | 1800          |
|    policy_gradient_loss | -0.000769     |
|    std                  | 0.992         |
|    value_loss           | 9.71e+08      |
-------------------------------------------
-------------------------------------------
| rollout/                |               |
|    ep_len_mean          | 8.92e+03      |
|    ep_rew_mean          | -1.4e+07      |
| time/                   |               |
|    fps                  | 449           |
|    iterations           | 182           |
|    time_elapsed         | 829           |
|    total_timesteps      | 372736        |
| train/                  |               |
|    approx_kl            | 0.00014885273 |
|    clip_fraction        | 0             |
|    clip_range           | 0.2           |
|    entropy_loss         | -5.64         |
|    explained_variance   | 4.17e-07      |
|    learning_rate        | 0.0003        |
|    loss                 | 5.12e+08      |
|    n_updates            | 1810          |
|    policy_gradient_loss | -0.000429     |
|    std                  | 0.992         |
|    value_loss           | 1.04e+09      |
-------------------------------------------
------------------------------------------
| rollout/                |              |
|    ep_len_mean          | 8.92e+03     |
|    ep_rew_mean          | -1.4e+07     |
| time/                   |              |
|    fps                  | 449          |
|    iterations           | 183          |
|    time_elapsed         | 834          |
|    total_timesteps      | 374784       |
| train/                  |              |
|    approx_kl            | 5.925796e-05 |
|    clip_fraction        | 0            |
|    clip_range           | 0.2          |
|    entropy_loss         | -5.64        |
|    explained_variance   | -3.58e-07    |
|    learning_rate        | 0.0003       |
|    loss                 | 4.96e+08     |
|    n_updates            | 1820         |
|    policy_gradient_loss | -0.000176    |
|    std                  | 0.992        |
|    value_loss           | 1.02e+09     |
------------------------------------------
--------------------------------------------
| rollout/                |                |
|    ep_len_mean          | 8.92e+03       |
|    ep_rew_mean          | -1.4e+07       |
| time/                   |                |
|    fps                  | 448            |
|    iterations           | 184            |
|    time_elapsed         | 839            |
|    total_timesteps      | 376832         |
| train/                  |                |
|    approx_kl            | 0.000110466004 |
|    clip_fraction        | 0              |
|    clip_range           | 0.2            |
|    entropy_loss         | -5.64          |
|    explained_variance   | 5.96e-08       |
|    learning_rate        | 0.0003         |
|    loss                 | 5.2e+08        |
|    n_updates            | 1830           |
|    policy_gradient_loss | -0.000341      |
|    std                  | 0.992          |
|    value_loss           | 1.05e+09       |
--------------------------------------------
-------------------------------------------
| rollout/                |               |
|    ep_len_mean          | 8.92e+03      |
|    ep_rew_mean          | -1.4e+07      |
| time/                   |               |
|    fps                  | 448           |
|    iterations           | 185           |
|    time_elapsed         | 844           |
|    total_timesteps      | 378880        |
| train/                  |               |
|    approx_kl            | 0.00040700048 |
|    clip_fraction        | 0             |
|    clip_range           | 0.2           |
|    entropy_loss         | -5.64         |
|    explained_variance   | -2.38e-07     |
|    learning_rate        | 0.0003        |
|    loss                 | 4.7e+08       |
|    n_updates            | 1840          |
|    policy_gradient_loss | -0.00102      |
|    std                  | 0.992         |
|    value_loss           | 9.2e+08       |
-------------------------------------------
-------------------------------------------
| rollout/                |               |
|    ep_len_mean          | 8.92e+03      |
|    ep_rew_mean          | -1.4e+07      |
| time/                   |               |
|    fps                  | 449           |
|    iterations           | 186           |
|    time_elapsed         | 848           |
|    total_timesteps      | 380928        |
| train/                  |               |
|    approx_kl            | 4.6091474e-05 |
|    clip_fraction        | 0             |
|    clip_range           | 0.2           |
|    entropy_loss         | -5.64         |
|    explained_variance   | -1.19e-07     |
|    learning_rate        | 0.0003        |
|    loss                 | 4.84e+08      |
|    n_updates            | 1850          |
|    policy_gradient_loss | -0.00015      |
|    std                  | 0.992         |
|    value_loss           | 9.57e+08      |
-------------------------------------------
-------------------------------------------
| rollout/                |               |
|    ep_len_mean          | 8.92e+03      |
|    ep_rew_mean          | -1.4e+07      |
| time/                   |               |
|    fps                  | 449           |
|    iterations           | 187           |
|    time_elapsed         | 852           |
|    total_timesteps      | 382976        |
| train/                  |               |
|    approx_kl            | 0.00011182943 |
|    clip_fraction        | 0             |
|    clip_range           | 0.2           |
|    entropy_loss         | -5.64         |
|    explained_variance   | -3.58e-07     |
|    learning_rate        | 0.0003        |
|    loss                 | 4.74e+08      |
|    n_updates            | 1860          |
|    policy_gradient_loss | -0.000353     |
|    std                  | 0.991         |
|    value_loss           | 9.46e+08      |
-------------------------------------------
-------------------------------------------
| rollout/                |               |
|    ep_len_mean          | 8.92e+03      |
|    ep_rew_mean          | -1.4e+07      |
| time/                   |               |
|    fps                  | 449           |
|    iterations           | 188           |
|    time_elapsed         | 856           |
|    total_timesteps      | 385024        |
| train/                  |               |
|    approx_kl            | 0.00011197582 |
|    clip_fraction        | 0             |
|    clip_range           | 0.2           |
|    entropy_loss         | -5.64         |
|    explained_variance   | -1.19e-07     |
|    learning_rate        | 0.0003        |
|    loss                 | 4.96e+08      |
|    n_updates            | 1870          |
|    policy_gradient_loss | -0.000333     |
|    std                  | 0.992         |
|    value_loss           | 9.82e+08      |
-------------------------------------------
------------------------------------------
| rollout/                |              |
|    ep_len_mean          | 8.92e+03     |
|    ep_rew_mean          | -1.4e+07     |
| time/                   |              |
|    fps                  | 449          |
|    iterations           | 189          |
|    time_elapsed         | 861          |
|    total_timesteps      | 387072       |
| train/                  |              |
|    approx_kl            | 0.0002813223 |
|    clip_fraction        | 0            |
|    clip_range           | 0.2          |
|    entropy_loss         | -5.64        |
|    explained_variance   | 1.19e-07     |
|    learning_rate        | 0.0003       |
|    loss                 | 4.61e+08     |
|    n_updates            | 1880         |
|    policy_gradient_loss | -0.000786    |
|    std                  | 0.991        |
|    value_loss           | 9.19e+08     |
------------------------------------------
------------------------------------------
| rollout/                |              |
|    ep_len_mean          | 8.92e+03     |
|    ep_rew_mean          | -1.4e+07     |
| time/                   |              |
|    fps                  | 449          |
|    iterations           | 190          |
|    time_elapsed         | 865          |
|    total_timesteps      | 389120       |
| train/                  |              |
|    approx_kl            | 0.0002622044 |
|    clip_fraction        | 0            |
|    clip_range           | 0.2          |
|    entropy_loss         | -5.64        |
|    explained_variance   | 0            |
|    learning_rate        | 0.0003       |
|    loss                 | 4.79e+08     |
|    n_updates            | 1890         |
|    policy_gradient_loss | -0.000767    |
|    std                  | 0.991        |
|    value_loss           | 9.59e+08     |
------------------------------------------
------------------------------------------
| rollout/                |              |
|    ep_len_mean          | 8.92e+03     |
|    ep_rew_mean          | -1.4e+07     |
| time/                   |              |
|    fps                  | 449          |
|    iterations           | 191          |
|    time_elapsed         | 869          |
|    total_timesteps      | 391168       |
| train/                  |              |
|    approx_kl            | 8.568569e-05 |
|    clip_fraction        | 0            |
|    clip_range           | 0.2          |
|    entropy_loss         | -5.64        |
|    explained_variance   | 1.79e-07     |
|    learning_rate        | 0.0003       |
|    loss                 | 4.79e+08     |
|    n_updates            | 1900         |
|    policy_gradient_loss | -0.000267    |
|    std                  | 0.992        |
|    value_loss           | 9.6e+08      |
------------------------------------------
-------------------------------------------
| rollout/                |               |
|    ep_len_mean          | 8.92e+03      |
|    ep_rew_mean          | -1.4e+07      |
| time/                   |               |
|    fps                  | 449           |
|    iterations           | 192           |
|    time_elapsed         | 874           |
|    total_timesteps      | 393216        |
| train/                  |               |
|    approx_kl            | 7.6869415e-05 |
|    clip_fraction        | 0             |
|    clip_range           | 0.2           |
|    entropy_loss         | -5.64         |
|    explained_variance   | 0             |
|    learning_rate        | 0.0003        |
|    loss                 | 4.89e+08      |
|    n_updates            | 1910          |
|    policy_gradient_loss | -0.000249     |
|    std                  | 0.991         |
|    value_loss           | 9.99e+08      |
-------------------------------------------
-------------------------------------------
| rollout/                |               |
|    ep_len_mean          | 8.92e+03      |
|    ep_rew_mean          | -1.4e+07      |
| time/                   |               |
|    fps                  | 450           |
|    iterations           | 193           |
|    time_elapsed         | 878           |
|    total_timesteps      | 395264        |
| train/                  |               |
|    approx_kl            | 0.00017632183 |
|    clip_fraction        | 0             |
|    clip_range           | 0.2           |
|    entropy_loss         | -5.64         |
|    explained_variance   | 1.79e-07      |
|    learning_rate        | 0.0003        |
|    loss                 | 5.11e+08      |
|    n_updates            | 1920          |
|    policy_gradient_loss | -0.000481     |
|    std                  | 0.991         |
|    value_loss           | 1.03e+09      |
-------------------------------------------
------------------------------------------
| rollout/                |              |
|    ep_len_mean          | 8.92e+03     |
|    ep_rew_mean          | -1.4e+07     |
| time/                   |              |
|    fps                  | 450          |
|    iterations           | 194          |
|    time_elapsed         | 882          |
|    total_timesteps      | 397312       |
| train/                  |              |
|    approx_kl            | 0.0003610982 |
|    clip_fraction        | 0            |
|    clip_range           | 0.2          |
|    entropy_loss         | -5.64        |
|    explained_variance   | 0            |
|    learning_rate        | 0.0003       |
|    loss                 | 4.84e+08     |
|    n_updates            | 1930         |
|    policy_gradient_loss | -0.00098     |
|    std                  | 0.991        |
|    value_loss           | 9.56e+08     |
------------------------------------------
-------------------------------------------
| rollout/                |               |
|    ep_len_mean          | 8.92e+03      |
|    ep_rew_mean          | -1.4e+07      |
| time/                   |               |
|    fps                  | 450           |
|    iterations           | 195           |
|    time_elapsed         | 887           |
|    total_timesteps      | 399360        |
| train/                  |               |
|    approx_kl            | 5.4477918e-05 |
|    clip_fraction        | 0             |
|    clip_range           | 0.2           |
|    entropy_loss         | -5.64         |
|    explained_variance   | 0             |
|    learning_rate        | 0.0003        |
|    loss                 | 4.83e+08      |
|    n_updates            | 1940          |
|    policy_gradient_loss | -0.000192     |
|    std                  | 0.991         |
|    value_loss           | 9.96e+08      |
-------------------------------------------
------------------------------------------
| rollout/                |              |
|    ep_len_mean          | 8.92e+03     |
|    ep_rew_mean          | -1.4e+07     |
| time/                   |              |
|    fps                  | 450          |
|    iterations           | 196          |
|    time_elapsed         | 891          |
|    total_timesteps      | 401408       |
| train/                  |              |
|    approx_kl            | 7.908512e-05 |
|    clip_fraction        | 0            |
|    clip_range           | 0.2          |
|    entropy_loss         | -5.64        |
|    explained_variance   | 0            |
|    learning_rate        | 0.0003       |
|    loss                 | 4.81e+08     |
|    n_updates            | 1950         |
|    policy_gradient_loss | -0.000281    |
|    std                  | 0.991        |
|    value_loss           | 1e+09        |
------------------------------------------
-------------------------------------------
| rollout/                |               |
|    ep_len_mean          | 8.92e+03      |
|    ep_rew_mean          | -1.4e+07      |
| time/                   |               |
|    fps                  | 450           |
|    iterations           | 197           |
|    time_elapsed         | 895           |
|    total_timesteps      | 403456        |
| train/                  |               |
|    approx_kl            | 0.00013805073 |
|    clip_fraction        | 0             |
|    clip_range           | 0.2           |
|    entropy_loss         | -5.64         |
|    explained_variance   | 0             |
|    learning_rate        | 0.0003        |
|    loss                 | 5.05e+08      |
|    n_updates            | 1960          |
|    policy_gradient_loss | -0.000395     |
|    std                  | 0.991         |
|    value_loss           | 1.02e+09      |
-------------------------------------------
-------------------------------------------
| rollout/                |               |
|    ep_len_mean          | 8.92e+03      |
|    ep_rew_mean          | -1.4e+07      |
| time/                   |               |
|    fps                  | 450           |
|    iterations           | 198           |
|    time_elapsed         | 900           |
|    total_timesteps      | 405504        |
| train/                  |               |
|    approx_kl            | 0.00016957195 |
|    clip_fraction        | 0             |
|    clip_range           | 0.2           |
|    entropy_loss         | -5.64         |
|    explained_variance   | -1.19e-07     |
|    learning_rate        | 0.0003        |
|    loss                 | 4.38e+08      |
|    n_updates            | 1970          |
|    policy_gradient_loss | -0.000431     |
|    std                  | 0.991         |
|    value_loss           | 8.72e+08      |
-------------------------------------------
------------------------------------------
| rollout/                |              |
|    ep_len_mean          | 8.92e+03     |
|    ep_rew_mean          | -1.4e+07     |
| time/                   |              |
|    fps                  | 450          |
|    iterations           | 199          |
|    time_elapsed         | 904          |
|    total_timesteps      | 407552       |
| train/                  |              |
|    approx_kl            | 7.432731e-05 |
|    clip_fraction        | 0            |
|    clip_range           | 0.2          |
|    entropy_loss         | -5.64        |
|    explained_variance   | -1.19e-07    |
|    learning_rate        | 0.0003       |
|    loss                 | 4.5e+08      |
|    n_updates            | 1980         |
|    policy_gradient_loss | -0.000249    |
|    std                  | 0.991        |
|    value_loss           | 9.1e+08      |
------------------------------------------
-------------------------------------------
| rollout/                |               |
|    ep_len_mean          | 8.92e+03      |
|    ep_rew_mean          | -1.4e+07      |
| time/                   |               |
|    fps                  | 450           |
|    iterations           | 200           |
|    time_elapsed         | 909           |
|    total_timesteps      | 409600        |
| train/                  |               |
|    approx_kl            | 0.00013742707 |
|    clip_fraction        | 0             |
|    clip_range           | 0.2           |
|    entropy_loss         | -5.64         |
|    explained_variance   | 0             |
|    learning_rate        | 0.0003        |
|    loss                 | 4.5e+08       |
|    n_updates            | 1990          |
|    policy_gradient_loss | -0.000389     |
|    std                  | 0.992         |
|    value_loss           | 9.01e+08      |
-------------------------------------------
-------------------------------------------
| rollout/                |               |
|    ep_len_mean          | 8.92e+03      |
|    ep_rew_mean          | -1.4e+07      |
| time/                   |               |
|    fps                  | 450           |
|    iterations           | 201           |
|    time_elapsed         | 914           |
|    total_timesteps      | 411648        |
| train/                  |               |
|    approx_kl            | 0.00016931971 |
|    clip_fraction        | 0             |
|    clip_range           | 0.2           |
|    entropy_loss         | -5.64         |
|    explained_variance   | 0             |
|    learning_rate        | 0.0003        |
|    loss                 | 4.71e+08      |
|    n_updates            | 2000          |
|    policy_gradient_loss | -0.000499     |
|    std                  | 0.992         |
|    value_loss           | 9.34e+08      |
-------------------------------------------
-------------------------------------------
| rollout/                |               |
|    ep_len_mean          | 8.92e+03      |
|    ep_rew_mean          | -1.4e+07      |
| time/                   |               |
|    fps                  | 449           |
|    iterations           | 202           |
|    time_elapsed         | 919           |
|    total_timesteps      | 413696        |
| train/                  |               |
|    approx_kl            | 0.00015751508 |
|    clip_fraction        | 0             |
|    clip_range           | 0.2           |
|    entropy_loss         | -5.64         |
|    explained_variance   | -2.38e-07     |
|    learning_rate        | 0.0003        |
|    loss                 | 4.65e+08      |
|    n_updates            | 2010          |
|    policy_gradient_loss | -0.000489     |
|    std                  | 0.992         |
|    value_loss           | 9.45e+08      |
-------------------------------------------
-------------------------------------------
| rollout/                |               |
|    ep_len_mean          | 8.92e+03      |
|    ep_rew_mean          | -1.4e+07      |
| time/                   |               |
|    fps                  | 449           |
|    iterations           | 203           |
|    time_elapsed         | 924           |
|    total_timesteps      | 415744        |
| train/                  |               |
|    approx_kl            | 0.00010786147 |
|    clip_fraction        | 0             |
|    clip_range           | 0.2           |
|    entropy_loss         | -5.64         |
|    explained_variance   | 5.96e-08      |
|    learning_rate        | 0.0003        |
|    loss                 | 4.98e+08      |
|    n_updates            | 2020          |
|    policy_gradient_loss | -0.000315     |
|    std                  | 0.992         |
|    value_loss           | 1.01e+09      |
-------------------------------------------
-------------------------------------------
| rollout/                |               |
|    ep_len_mean          | 8.92e+03      |
|    ep_rew_mean          | -1.4e+07      |
| time/                   |               |
|    fps                  | 449           |
|    iterations           | 204           |
|    time_elapsed         | 928           |
|    total_timesteps      | 417792        |
| train/                  |               |
|    approx_kl            | 0.00018645261 |
|    clip_fraction        | 0             |
|    clip_range           | 0.2           |
|    entropy_loss         | -5.64         |
|    explained_variance   | -4.77e-07     |
|    learning_rate        | 0.0003        |
|    loss                 | 4.8e+08       |
|    n_updates            | 2030          |
|    policy_gradient_loss | -0.000627     |
|    std                  | 0.991         |
|    value_loss           | 1.02e+09      |
-------------------------------------------
-------------------------------------------
| rollout/                |               |
|    ep_len_mean          | 8.92e+03      |
|    ep_rew_mean          | -1.4e+07      |
| time/                   |               |
|    fps                  | 449           |
|    iterations           | 205           |
|    time_elapsed         | 933           |
|    total_timesteps      | 419840        |
| train/                  |               |
|    approx_kl            | 0.00040713578 |
|    clip_fraction        | 0             |
|    clip_range           | 0.2           |
|    entropy_loss         | -5.64         |
|    explained_variance   | 0             |
|    learning_rate        | 0.0003        |
|    loss                 | 5.21e+08      |
|    n_updates            | 2040          |
|    policy_gradient_loss | -0.00119      |
|    std                  | 0.991         |
|    value_loss           | 1.05e+09      |
-------------------------------------------
-------------------------------------------
| rollout/                |               |
|    ep_len_mean          | 8.92e+03      |
|    ep_rew_mean          | -1.4e+07      |
| time/                   |               |
|    fps                  | 450           |
|    iterations           | 206           |
|    time_elapsed         | 937           |
|    total_timesteps      | 421888        |
| train/                  |               |
|    approx_kl            | 4.9833645e-05 |
|    clip_fraction        | 0             |
|    clip_range           | 0.2           |
|    entropy_loss         | -5.64         |
|    explained_variance   | -2.38e-07     |
|    learning_rate        | 0.0003        |
|    loss                 | 4.96e+08      |
|    n_updates            | 2050          |
|    policy_gradient_loss | -0.000121     |
|    std                  | 0.991         |
|    value_loss           | 1.06e+09      |
-------------------------------------------
------------------------------------------
| rollout/                |              |
|    ep_len_mean          | 8.92e+03     |
|    ep_rew_mean          | -1.4e+07     |
| time/                   |              |
|    fps                  | 450          |
|    iterations           | 207          |
|    time_elapsed         | 941          |
|    total_timesteps      | 423936       |
| train/                  |              |
|    approx_kl            | 7.027804e-05 |
|    clip_fraction        | 0            |
|    clip_range           | 0.2          |
|    entropy_loss         | -5.64        |
|    explained_variance   | 0            |
|    learning_rate        | 0.0003       |
|    loss                 | 4.49e+08     |
|    n_updates            | 2060         |
|    policy_gradient_loss | -0.000254    |
|    std                  | 0.991        |
|    value_loss           | 8.91e+08     |
------------------------------------------
-------------------------------------------
| rollout/                |               |
|    ep_len_mean          | 8.92e+03      |
|    ep_rew_mean          | -1.4e+07      |
| time/                   |               |
|    fps                  | 450           |
|    iterations           | 208           |
|    time_elapsed         | 945           |
|    total_timesteps      | 425984        |
| train/                  |               |
|    approx_kl            | 0.00039901573 |
|    clip_fraction        | 0             |
|    clip_range           | 0.2           |
|    entropy_loss         | -5.64         |
|    explained_variance   | 1.19e-07      |
|    learning_rate        | 0.0003        |
|    loss                 | 4.68e+08      |
|    n_updates            | 2070          |
|    policy_gradient_loss | -0.00104      |
|    std                  | 0.991         |
|    value_loss           | 9.37e+08      |
-------------------------------------------
------------------------------------------
| rollout/                |              |
|    ep_len_mean          | 8.92e+03     |
|    ep_rew_mean          | -1.4e+07     |
| time/                   |              |
|    fps                  | 450          |
|    iterations           | 209          |
|    time_elapsed         | 949          |
|    total_timesteps      | 428032       |
| train/                  |              |
|    approx_kl            | 9.588775e-05 |
|    clip_fraction        | 0            |
|    clip_range           | 0.2          |
|    entropy_loss         | -5.64        |
|    explained_variance   | 0            |
|    learning_rate        | 0.0003       |
|    loss                 | 4.49e+08     |
|    n_updates            | 2080         |
|    policy_gradient_loss | -0.000281    |
|    std                  | 0.991        |
|    value_loss           | 9.37e+08     |
------------------------------------------
------------------------------------------
| rollout/                |              |
|    ep_len_mean          | 8.92e+03     |
|    ep_rew_mean          | -1.4e+07     |
| time/                   |              |
|    fps                  | 450          |
|    iterations           | 210          |
|    time_elapsed         | 954          |
|    total_timesteps      | 430080       |
| train/                  |              |
|    approx_kl            | 0.0002589981 |
|    clip_fraction        | 0            |
|    clip_range           | 0.2          |
|    entropy_loss         | -5.64        |
|    explained_variance   | 1.79e-07     |
|    learning_rate        | 0.0003       |
|    loss                 | 4.56e+08     |
|    n_updates            | 2090         |
|    policy_gradient_loss | -0.000685    |
|    std                  | 0.991        |
|    value_loss           | 9.48e+08     |
------------------------------------------
-------------------------------------------
| rollout/                |               |
|    ep_len_mean          | 8.92e+03      |
|    ep_rew_mean          | -1.4e+07      |
| time/                   |               |
|    fps                  | 450           |
|    iterations           | 211           |
|    time_elapsed         | 958           |
|    total_timesteps      | 432128        |
| train/                  |               |
|    approx_kl            | 0.00011067462 |
|    clip_fraction        | 0             |
|    clip_range           | 0.2           |
|    entropy_loss         | -5.64         |
|    explained_variance   | -1.19e-07     |
|    learning_rate        | 0.0003        |
|    loss                 | 4.52e+08      |
|    n_updates            | 2100          |
|    policy_gradient_loss | -0.000291     |
|    std                  | 0.991         |
|    value_loss           | 8.86e+08      |
-------------------------------------------
-------------------------------------------
| rollout/                |               |
|    ep_len_mean          | 8.92e+03      |
|    ep_rew_mean          | -1.4e+07      |
| time/                   |               |
|    fps                  | 450           |
|    iterations           | 212           |
|    time_elapsed         | 963           |
|    total_timesteps      | 434176        |
| train/                  |               |
|    approx_kl            | 0.00016061193 |
|    clip_fraction        | 0             |
|    clip_range           | 0.2           |
|    entropy_loss         | -5.64         |
|    explained_variance   | 2.98e-07      |
|    learning_rate        | 0.0003        |
|    loss                 | 4.83e+08      |
|    n_updates            | 2110          |
|    policy_gradient_loss | -0.000428     |
|    std                  | 0.991         |
|    value_loss           | 9.37e+08      |
-------------------------------------------
-------------------------------------------
| rollout/                |               |
|    ep_len_mean          | 8.92e+03      |
|    ep_rew_mean          | -1.4e+07      |
| time/                   |               |
|    fps                  | 450           |
|    iterations           | 213           |
|    time_elapsed         | 967           |
|    total_timesteps      | 436224        |
| train/                  |               |
|    approx_kl            | 0.00019656782 |
|    clip_fraction        | 0             |
|    clip_range           | 0.2           |
|    entropy_loss         | -5.64         |
|    explained_variance   | -1.19e-07     |
|    learning_rate        | 0.0003        |
|    loss                 | 4.53e+08      |
|    n_updates            | 2120          |
|    policy_gradient_loss | -0.000526     |
|    std                  | 0.991         |
|    value_loss           | 9.27e+08      |
-------------------------------------------
-------------------------------------------
| rollout/                |               |
|    ep_len_mean          | 8.92e+03      |
|    ep_rew_mean          | -1.4e+07      |
| time/                   |               |
|    fps                  | 450           |
|    iterations           | 214           |
|    time_elapsed         | 972           |
|    total_timesteps      | 438272        |
| train/                  |               |
|    approx_kl            | 0.00026932603 |
|    clip_fraction        | 0             |
|    clip_range           | 0.2           |
|    entropy_loss         | -5.64         |
|    explained_variance   | 2.38e-07      |
|    learning_rate        | 0.0003        |
|    loss                 | 4.82e+08      |
|    n_updates            | 2130          |
|    policy_gradient_loss | -0.000695     |
|    std                  | 0.991         |
|    value_loss           | 9.61e+08      |
-------------------------------------------
------------------------------------------
| rollout/                |              |
|    ep_len_mean          | 8.92e+03     |
|    ep_rew_mean          | -1.4e+07     |
| time/                   |              |
|    fps                  | 450          |
|    iterations           | 215          |
|    time_elapsed         | 976          |
|    total_timesteps      | 440320       |
| train/                  |              |
|    approx_kl            | 8.864296e-05 |
|    clip_fraction        | 0            |
|    clip_range           | 0.2          |
|    entropy_loss         | -5.64        |
|    explained_variance   | -1.19e-07    |
|    learning_rate        | 0.0003       |
|    loss                 | 4.75e+08     |
|    n_updates            | 2140         |
|    policy_gradient_loss | -0.000265    |
|    std                  | 0.99         |
|    value_loss           | 9.81e+08     |
------------------------------------------
------------------------------------------
| rollout/                |              |
|    ep_len_mean          | 8.92e+03     |
|    ep_rew_mean          | -1.4e+07     |
| time/                   |              |
|    fps                  | 450          |
|    iterations           | 216          |
|    time_elapsed         | 981          |
|    total_timesteps      | 442368       |
| train/                  |              |
|    approx_kl            | 4.871149e-05 |
|    clip_fraction        | 0            |
|    clip_range           | 0.2          |
|    entropy_loss         | -5.64        |
|    explained_variance   | 0            |
|    learning_rate        | 0.0003       |
|    loss                 | 5.05e+08     |
|    n_updates            | 2150         |
|    policy_gradient_loss | -0.000155    |
|    std                  | 0.99         |
|    value_loss           | 1.01e+09     |
------------------------------------------
-------------------------------------------
| rollout/                |               |
|    ep_len_mean          | 8.92e+03      |
|    ep_rew_mean          | -1.4e+07      |
| time/                   |               |
|    fps                  | 450           |
|    iterations           | 217           |
|    time_elapsed         | 985           |
|    total_timesteps      | 444416        |
| train/                  |               |
|    approx_kl            | 0.00011347566 |
|    clip_fraction        | 0             |
|    clip_range           | 0.2           |
|    entropy_loss         | -5.64         |
|    explained_variance   | -3.58e-07     |
|    learning_rate        | 0.0003        |
|    loss                 | 5.29e+08      |
|    n_updates            | 2160          |
|    policy_gradient_loss | -0.000348     |
|    std                  | 0.99          |
|    value_loss           | 1.03e+09      |
-------------------------------------------
-------------------------------------------
| rollout/                |               |
|    ep_len_mean          | 8.92e+03      |
|    ep_rew_mean          | -1.4e+07      |
| time/                   |               |
|    fps                  | 451           |
|    iterations           | 218           |
|    time_elapsed         | 989           |
|    total_timesteps      | 446464        |
| train/                  |               |
|    approx_kl            | 0.00016259885 |
|    clip_fraction        | 0             |
|    clip_range           | 0.2           |
|    entropy_loss         | -5.64         |
|    explained_variance   | 0             |
|    learning_rate        | 0.0003        |
|    loss                 | 5.29e+08      |
|    n_updates            | 2170          |
|    policy_gradient_loss | -0.000482     |
|    std                  | 0.99          |
|    value_loss           | 1.06e+09      |
-------------------------------------------
------------------------------------------
| rollout/                |              |
|    ep_len_mean          | 8.92e+03     |
|    ep_rew_mean          | -1.4e+07     |
| time/                   |              |
|    fps                  | 451          |
|    iterations           | 219          |
|    time_elapsed         | 994          |
|    total_timesteps      | 448512       |
| train/                  |              |
|    approx_kl            | 6.156988e-05 |
|    clip_fraction        | 0            |
|    clip_range           | 0.2          |
|    entropy_loss         | -5.64        |
|    explained_variance   | 2.98e-07     |
|    learning_rate        | 0.0003       |
|    loss                 | 5.17e+08     |
|    n_updates            | 2180         |
|    policy_gradient_loss | -0.000197    |
|    std                  | 0.99         |
|    value_loss           | 1.05e+09     |
------------------------------------------
-------------------------------------------
| rollout/                |               |
|    ep_len_mean          | 8.92e+03      |
|    ep_rew_mean          | -1.4e+07      |
| time/                   |               |
|    fps                  | 451           |
|    iterations           | 220           |
|    time_elapsed         | 998           |
|    total_timesteps      | 450560        |
| train/                  |               |
|    approx_kl            | 0.00011704894 |
|    clip_fraction        | 0             |
|    clip_range           | 0.2           |
|    entropy_loss         | -5.64         |
|    explained_variance   | 5.96e-08      |
|    learning_rate        | 0.0003        |
|    loss                 | 4.13e+08      |
|    n_updates            | 2190          |
|    policy_gradient_loss | -0.000302     |
|    std                  | 0.99          |
|    value_loss           | 8.26e+08      |
-------------------------------------------
-------------------------------------------
| rollout/                |               |
|    ep_len_mean          | 8.92e+03      |
|    ep_rew_mean          | -1.4e+07      |
| time/                   |               |
|    fps                  | 451           |
|    iterations           | 221           |
|    time_elapsed         | 1003          |
|    total_timesteps      | 452608        |
| train/                  |               |
|    approx_kl            | 0.00016131767 |
|    clip_fraction        | 0             |
|    clip_range           | 0.2           |
|    entropy_loss         | -5.64         |
|    explained_variance   | 1.19e-07      |
|    learning_rate        | 0.0003        |
|    loss                 | 4.3e+08       |
|    n_updates            | 2200          |
|    policy_gradient_loss | -0.000427     |
|    std                  | 0.99          |
|    value_loss           | 8.84e+08      |
-------------------------------------------
------------------------------------------
| rollout/                |              |
|    ep_len_mean          | 8.92e+03     |
|    ep_rew_mean          | -1.4e+07     |
| time/                   |              |
|    fps                  | 451          |
|    iterations           | 222          |
|    time_elapsed         | 1007         |
|    total_timesteps      | 454656       |
| train/                  |              |
|    approx_kl            | 8.586302e-05 |
|    clip_fraction        | 0            |
|    clip_range           | 0.2          |
|    entropy_loss         | -5.64        |
|    explained_variance   | 0            |
|    learning_rate        | 0.0003       |
|    loss                 | 4.47e+08     |
|    n_updates            | 2210         |
|    policy_gradient_loss | -0.000262    |
|    std                  | 0.99         |
|    value_loss           | 8.78e+08     |
------------------------------------------
-------------------------------------------
| rollout/                |               |
|    ep_len_mean          | 8.92e+03      |
|    ep_rew_mean          | -1.4e+07      |
| time/                   |               |
|    fps                  | 451           |
|    iterations           | 223           |
|    time_elapsed         | 1011          |
|    total_timesteps      | 456704        |
| train/                  |               |
|    approx_kl            | 0.00021710369 |
|    clip_fraction        | 0             |
|    clip_range           | 0.2           |
|    entropy_loss         | -5.64         |
|    explained_variance   | 0             |
|    learning_rate        | 0.0003        |
|    loss                 | 4.55e+08      |
|    n_updates            | 2220          |
|    policy_gradient_loss | -0.000541     |
|    std                  | 0.99          |
|    value_loss           | 9e+08         |
-------------------------------------------
-------------------------------------------
| rollout/                |               |
|    ep_len_mean          | 8.92e+03      |
|    ep_rew_mean          | -1.4e+07      |
| time/                   |               |
|    fps                  | 451           |
|    iterations           | 224           |
|    time_elapsed         | 1016          |
|    total_timesteps      | 458752        |
| train/                  |               |
|    approx_kl            | 7.1630406e-05 |
|    clip_fraction        | 0             |
|    clip_range           | 0.2           |
|    entropy_loss         | -5.63         |
|    explained_variance   | 0             |
|    learning_rate        | 0.0003        |
|    loss                 | 4.72e+08      |
|    n_updates            | 2230          |
|    policy_gradient_loss | -0.000222     |
|    std                  | 0.99          |
|    value_loss           | 9.37e+08      |
-------------------------------------------
-------------------------------------------
| rollout/                |               |
|    ep_len_mean          | 8.92e+03      |
|    ep_rew_mean          | -1.4e+07      |
| time/                   |               |
|    fps                  | 451           |
|    iterations           | 225           |
|    time_elapsed         | 1020          |
|    total_timesteps      | 460800        |
| train/                  |               |
|    approx_kl            | 0.00020050001 |
|    clip_fraction        | 0             |
|    clip_range           | 0.2           |
|    entropy_loss         | -5.63         |
|    explained_variance   | 4.17e-07      |
|    learning_rate        | 0.0003        |
|    loss                 | 4.97e+08      |
|    n_updates            | 2240          |
|    policy_gradient_loss | -0.000574     |
|    std                  | 0.99          |
|    value_loss           | 9.97e+08      |
-------------------------------------------
-------------------------------------------
| rollout/                |               |
|    ep_len_mean          | 8.92e+03      |
|    ep_rew_mean          | -1.4e+07      |
| time/                   |               |
|    fps                  | 451           |
|    iterations           | 226           |
|    time_elapsed         | 1024          |
|    total_timesteps      | 462848        |
| train/                  |               |
|    approx_kl            | 4.6351634e-05 |
|    clip_fraction        | 0             |
|    clip_range           | 0.2           |
|    entropy_loss         | -5.64         |
|    explained_variance   | 0             |
|    learning_rate        | 0.0003        |
|    loss                 | 4.94e+08      |
|    n_updates            | 2250          |
|    policy_gradient_loss | -0.000135     |
|    std                  | 0.99          |
|    value_loss           | 9.93e+08      |
-------------------------------------------
-------------------------------------------
| rollout/                |               |
|    ep_len_mean          | 8.92e+03      |
|    ep_rew_mean          | -1.4e+07      |
| time/                   |               |
|    fps                  | 451           |
|    iterations           | 227           |
|    time_elapsed         | 1029          |
|    total_timesteps      | 464896        |
| train/                  |               |
|    approx_kl            | 0.00015374727 |
|    clip_fraction        | 0             |
|    clip_range           | 0.2           |
|    entropy_loss         | -5.64         |
|    explained_variance   | 1.19e-07      |
|    learning_rate        | 0.0003        |
|    loss                 | 5.1e+08       |
|    n_updates            | 2260          |
|    policy_gradient_loss | -0.000488     |
|    std                  | 0.99          |
|    value_loss           | 1.03e+09      |
-------------------------------------------
------------------------------------------
| rollout/                |              |
|    ep_len_mean          | 8.92e+03     |
|    ep_rew_mean          | -1.4e+07     |
| time/                   |              |
|    fps                  | 451          |
|    iterations           | 228          |
|    time_elapsed         | 1033         |
|    total_timesteps      | 466944       |
| train/                  |              |
|    approx_kl            | 4.505829e-05 |
|    clip_fraction        | 0            |
|    clip_range           | 0.2          |
|    entropy_loss         | -5.64        |
|    explained_variance   | 0            |
|    learning_rate        | 0.0003       |
|    loss                 | 5.02e+08     |
|    n_updates            | 2270         |
|    policy_gradient_loss | -0.000171    |
|    std                  | 0.99         |
|    value_loss           | 1.01e+09     |
------------------------------------------
-------------------------------------------
| rollout/                |               |
|    ep_len_mean          | 8.92e+03      |
|    ep_rew_mean          | -1.4e+07      |
| time/                   |               |
|    fps                  | 451           |
|    iterations           | 229           |
|    time_elapsed         | 1038          |
|    total_timesteps      | 468992        |
| train/                  |               |
|    approx_kl            | 4.9553753e-05 |
|    clip_fraction        | 0             |
|    clip_range           | 0.2           |
|    entropy_loss         | -5.64         |
|    explained_variance   | 1.19e-07      |
|    learning_rate        | 0.0003        |
|    loss                 | 4.9e+08       |
|    n_updates            | 2280          |
|    policy_gradient_loss | -0.000147     |
|    std                  | 0.99          |
|    value_loss           | 9.69e+08      |
-------------------------------------------
-------------------------------------------
| rollout/                |               |
|    ep_len_mean          | 8.92e+03      |
|    ep_rew_mean          | -1.4e+07      |
| time/                   |               |
|    fps                  | 451           |
|    iterations           | 230           |
|    time_elapsed         | 1042          |
|    total_timesteps      | 471040        |
| train/                  |               |
|    approx_kl            | 0.00011622984 |
|    clip_fraction        | 0             |
|    clip_range           | 0.2           |
|    entropy_loss         | -5.64         |
|    explained_variance   | 0             |
|    learning_rate        | 0.0003        |
|    loss                 | 5.08e+08      |
|    n_updates            | 2290          |
|    policy_gradient_loss | -0.000327     |
|    std                  | 0.99          |
|    value_loss           | 9.93e+08      |
-------------------------------------------
-------------------------------------------
| rollout/                |               |
|    ep_len_mean          | 8.92e+03      |
|    ep_rew_mean          | -1.4e+07      |
| time/                   |               |
|    fps                  | 452           |
|    iterations           | 231           |
|    time_elapsed         | 1046          |
|    total_timesteps      | 473088        |
| train/                  |               |
|    approx_kl            | 8.8622706e-05 |
|    clip_fraction        | 0             |
|    clip_range           | 0.2           |
|    entropy_loss         | -5.64         |
|    explained_variance   | 1.19e-07      |
|    learning_rate        | 0.0003        |
|    loss                 | 5.02e+08      |
|    n_updates            | 2300          |
|    policy_gradient_loss | -0.000261     |
|    std                  | 0.99          |
|    value_loss           | 1.01e+09      |
-------------------------------------------
-------------------------------------------
| rollout/                |               |
|    ep_len_mean          | 8.92e+03      |
|    ep_rew_mean          | -1.4e+07      |
| time/                   |               |
|    fps                  | 452           |
|    iterations           | 232           |
|    time_elapsed         | 1050          |
|    total_timesteps      | 475136        |
| train/                  |               |
|    approx_kl            | 9.3003415e-05 |
|    clip_fraction        | 0             |
|    clip_range           | 0.2           |
|    entropy_loss         | -5.64         |
|    explained_variance   | -1.19e-07     |
|    learning_rate        | 0.0003        |
|    loss                 | 5.29e+08      |
|    n_updates            | 2310          |
|    policy_gradient_loss | -0.000266     |
|    std                  | 0.99          |
|    value_loss           | 1.03e+09      |
-------------------------------------------
-------------------------------------------
| rollout/                |               |
|    ep_len_mean          | 8.92e+03      |
|    ep_rew_mean          | -1.4e+07      |
| time/                   |               |
|    fps                  | 452           |
|    iterations           | 233           |
|    time_elapsed         | 1055          |
|    total_timesteps      | 477184        |
| train/                  |               |
|    approx_kl            | 0.00057780225 |
|    clip_fraction        | 0             |
|    clip_range           | 0.2           |
|    entropy_loss         | -5.64         |
|    explained_variance   | 0             |
|    learning_rate        | 0.0003        |
|    loss                 | 4.39e+08      |
|    n_updates            | 2320          |
|    policy_gradient_loss | -0.00146      |
|    std                  | 0.99          |
|    value_loss           | 8.98e+08      |
-------------------------------------------
-------------------------------------------
| rollout/                |               |
|    ep_len_mean          | 8.92e+03      |
|    ep_rew_mean          | -1.4e+07      |
| time/                   |               |
|    fps                  | 452           |
|    iterations           | 234           |
|    time_elapsed         | 1059          |
|    total_timesteps      | 479232        |
| train/                  |               |
|    approx_kl            | 0.00016471636 |
|    clip_fraction        | 0             |
|    clip_range           | 0.2           |
|    entropy_loss         | -5.64         |
|    explained_variance   | -2.38e-07     |
|    learning_rate        | 0.0003        |
|    loss                 | 4.83e+08      |
|    n_updates            | 2330          |
|    policy_gradient_loss | -0.000503     |
|    std                  | 0.99          |
|    value_loss           | 9.5e+08       |
-------------------------------------------
-------------------------------------------
| rollout/                |               |
|    ep_len_mean          | 8.92e+03      |
|    ep_rew_mean          | -1.4e+07      |
| time/                   |               |
|    fps                  | 452           |
|    iterations           | 235           |
|    time_elapsed         | 1064          |
|    total_timesteps      | 481280        |
| train/                  |               |
|    approx_kl            | 0.00028389157 |
|    clip_fraction        | 0             |
|    clip_range           | 0.2           |
|    entropy_loss         | -5.64         |
|    explained_variance   | 0             |
|    learning_rate        | 0.0003        |
|    loss                 | 4.82e+08      |
|    n_updates            | 2340          |
|    policy_gradient_loss | -0.000763     |
|    std                  | 0.99          |
|    value_loss           | 9.42e+08      |
-------------------------------------------
-------------------------------------------
| rollout/                |               |
|    ep_len_mean          | 8.92e+03      |
|    ep_rew_mean          | -1.4e+07      |
| time/                   |               |
|    fps                  | 451           |
|    iterations           | 236           |
|    time_elapsed         | 1069          |
|    total_timesteps      | 483328        |
| train/                  |               |
|    approx_kl            | 0.00028869472 |
|    clip_fraction        | 0             |
|    clip_range           | 0.2           |
|    entropy_loss         | -5.64         |
|    explained_variance   | -2.38e-07     |
|    learning_rate        | 0.0003        |
|    loss                 | 4.8e+08       |
|    n_updates            | 2350          |
|    policy_gradient_loss | -0.000775     |
|    std                  | 0.99          |
|    value_loss           | 9.76e+08      |
-------------------------------------------
-------------------------------------------
| rollout/                |               |
|    ep_len_mean          | 8.92e+03      |
|    ep_rew_mean          | -1.4e+07      |
| time/                   |               |
|    fps                  | 451           |
|    iterations           | 237           |
|    time_elapsed         | 1074          |
|    total_timesteps      | 485376        |
| train/                  |               |
|    approx_kl            | 2.5294401e-05 |
|    clip_fraction        | 0             |
|    clip_range           | 0.2           |
|    entropy_loss         | -5.64         |
|    explained_variance   | -1.19e-07     |
|    learning_rate        | 0.0003        |
|    loss                 | 4.77e+08      |
|    n_updates            | 2360          |
|    policy_gradient_loss | -9.09e-05     |
|    std                  | 0.99          |
|    value_loss           | 9.52e+08      |
-------------------------------------------
------------------------------------------
| rollout/                |              |
|    ep_len_mean          | 8.92e+03     |
|    ep_rew_mean          | -1.4e+07     |
| time/                   |              |
|    fps                  | 451          |
|    iterations           | 238          |
|    time_elapsed         | 1079         |
|    total_timesteps      | 487424       |
| train/                  |              |
|    approx_kl            | 7.639706e-05 |
|    clip_fraction        | 0            |
|    clip_range           | 0.2          |
|    entropy_loss         | -5.64        |
|    explained_variance   | -3.58e-07    |
|    learning_rate        | 0.0003       |
|    loss                 | 5.06e+08     |
|    n_updates            | 2370         |
|    policy_gradient_loss | -0.000244    |
|    std                  | 0.99         |
|    value_loss           | 1.01e+09     |
------------------------------------------
-------------------------------------------
| rollout/                |               |
|    ep_len_mean          | 8.92e+03      |
|    ep_rew_mean          | -1.4e+07      |
| time/                   |               |
|    fps                  | 451           |
|    iterations           | 239           |
|    time_elapsed         | 1083          |
|    total_timesteps      | 489472        |
| train/                  |               |
|    approx_kl            | 0.00011803114 |
|    clip_fraction        | 0             |
|    clip_range           | 0.2           |
|    entropy_loss         | -5.64         |
|    explained_variance   | 1.19e-07      |
|    learning_rate        | 0.0003        |
|    loss                 | 5.11e+08      |
|    n_updates            | 2380          |
|    policy_gradient_loss | -0.000324     |
|    std                  | 0.991         |
|    value_loss           | 1.01e+09      |
-------------------------------------------
------------------------------------------
| rollout/                |              |
|    ep_len_mean          | 8.92e+03     |
|    ep_rew_mean          | -1.4e+07     |
| time/                   |              |
|    fps                  | 451          |
|    iterations           | 240          |
|    time_elapsed         | 1088         |
|    total_timesteps      | 491520       |
| train/                  |              |
|    approx_kl            | 9.878297e-05 |
|    clip_fraction        | 0            |
|    clip_range           | 0.2          |
|    entropy_loss         | -5.64        |
|    explained_variance   | -4.77e-07    |
|    learning_rate        | 0.0003       |
|    loss                 | 5.3e+08      |
|    n_updates            | 2390         |
|    policy_gradient_loss | -0.000274    |
|    std                  | 0.991        |
|    value_loss           | 1.03e+09     |
------------------------------------------
------------------------------------------
| rollout/                |              |
|    ep_len_mean          | 8.92e+03     |
|    ep_rew_mean          | -1.4e+07     |
| time/                   |              |
|    fps                  | 451          |
|    iterations           | 241          |
|    time_elapsed         | 1092         |
|    total_timesteps      | 493568       |
| train/                  |              |
|    approx_kl            | 9.597812e-05 |
|    clip_fraction        | 0            |
|    clip_range           | 0.2          |
|    entropy_loss         | -5.64        |
|    explained_variance   | -1.19e-07    |
|    learning_rate        | 0.0003       |
|    loss                 | 4.99e+08     |
|    n_updates            | 2400         |
|    policy_gradient_loss | -0.000306    |
|    std                  | 0.991        |
|    value_loss           | 9.86e+08     |
------------------------------------------
------------------------------------------
| rollout/                |              |
|    ep_len_mean          | 8.92e+03     |
|    ep_rew_mean          | -1.4e+07     |
| time/                   |              |
|    fps                  | 451          |
|    iterations           | 242          |
|    time_elapsed         | 1097         |
|    total_timesteps      | 495616       |
| train/                  |              |
|    approx_kl            | 0.0001373844 |
|    clip_fraction        | 0            |
|    clip_range           | 0.2          |
|    entropy_loss         | -5.64        |
|    explained_variance   | 0            |
|    learning_rate        | 0.0003       |
|    loss                 | 4.41e+08     |
|    n_updates            | 2410         |
|    policy_gradient_loss | -0.000417    |
|    std                  | 0.99         |
|    value_loss           | 8.99e+08     |
------------------------------------------
-------------------------------------------
| rollout/                |               |
|    ep_len_mean          | 8.92e+03      |
|    ep_rew_mean          | -1.4e+07      |
| time/                   |               |
|    fps                  | 451           |
|    iterations           | 243           |
|    time_elapsed         | 1103          |
|    total_timesteps      | 497664        |
| train/                  |               |
|    approx_kl            | 3.9135484e-05 |
|    clip_fraction        | 0             |
|    clip_range           | 0.2           |
|    entropy_loss         | -5.64         |
|    explained_variance   | 0             |
|    learning_rate        | 0.0003        |
|    loss                 | 4.4e+08       |
|    n_updates            | 2420          |
|    policy_gradient_loss | -0.000101     |
|    std                  | 0.99          |
|    value_loss           | 9.26e+08      |
-------------------------------------------
-------------------------------------------
| rollout/                |               |
|    ep_len_mean          | 8.92e+03      |
|    ep_rew_mean          | -1.4e+07      |
| time/                   |               |
|    fps                  | 450           |
|    iterations           | 244           |
|    time_elapsed         | 1108          |
|    total_timesteps      | 499712        |
| train/                  |               |
|    approx_kl            | 0.00023778426 |
|    clip_fraction        | 0             |
|    clip_range           | 0.2           |
|    entropy_loss         | -5.64         |
|    explained_variance   | 1.19e-07      |
|    learning_rate        | 0.0003        |
|    loss                 | 4.3e+08       |
|    n_updates            | 2430          |
|    policy_gradient_loss | -0.000699     |
|    std                  | 0.99          |
|    value_loss           | 9.41e+08      |
-------------------------------------------
------------------------------------------
| rollout/                |              |
|    ep_len_mean          | 8.92e+03     |
|    ep_rew_mean          | -1.4e+07     |
| time/                   |              |
|    fps                  | 450          |
|    iterations           | 245          |
|    time_elapsed         | 1112         |
|    total_timesteps      | 501760       |
| train/                  |              |
|    approx_kl            | 9.561065e-05 |
|    clip_fraction        | 0            |
|    clip_range           | 0.2          |
|    entropy_loss         | -5.64        |
|    explained_variance   | 0            |
|    learning_rate        | 0.0003       |
|    loss                 | 4.95e+08     |
|    n_updates            | 2440         |
|    policy_gradient_loss | -0.000266    |
|    std                  | 0.99         |
|    value_loss           | 9.69e+08     |
------------------------------------------

Model saved to C:\Users\jagal\copilot-worktrees\dc-energy-joint-optimization\jagal-microsoft-literate-umbrella\models\oof\_tmp\ad_to_eh_global_spatial_s101_f8a4dad517fe429f9b97c1617d3c0b49\ppo_global_model
