# ad_to_eh:us_batch:s107
# job: {"alpha": 0.015, "baseline_scope": {"batch_no_deferral_ablation": "Drain Immediately", "excluded_from_headline": "DQN/CFWS and algorithm-superiority tests", "headroom_only": "clairvoyant fluid QP lower bound", "primary": "Status Quo (local, no deferral)", "routing_sanity": "Round Robin"}, "batch": true, "completion_penalty": 1000.0, "config": "us_batch", "domain_randomization": true, "enforce_batch_completion": true, "fold": "ad_to_eh", "gamma": 1.0, "job_fingerprint": "1a505863a247c497f2bcc2a557bf88daddf9e0075e92f7daa752a60bc489dcfc", "protocol_sha256": "00de81a3c402f029d69dfe915976ac5928a2cacfc5d27f7f35c6e66519ee630e", "region": "us", "seed": 107, "test_scenario": "env/scenarios/us_model_eh.yaml", "timesteps": 501760, "train_scenario": "env/scenarios/us_model.yaml"}
# command: C:\Python314\python.exe train.py --scenario C:\Users\jagal\copilot-worktrees\dc-energy-joint-optimization\jagal-microsoft-literate-umbrella\env\scenarios\us_model.yaml --timesteps 501760 --peak-penalty-weight 0.015 --seed 107 --output-dir C:\Users\jagal\copilot-worktrees\dc-energy-joint-optimization\jagal-microsoft-literate-umbrella\models\oof\_tmp\ad_to_eh_us_batch_s107_3177a77456f443a58a29a129a66c4b95 --domain-rand --batch-mode --enforce-batch-completion --completion-penalty 1000.0 --gamma 1.0
# started: 2026-08-05T22:05:39.746764+00:00

=== Training PPO on scenario: us_model_batch_completion_guard ===
Observation space: Box(-inf, inf, (51,), float32)
Action space: Box(-3.0, 3.0, (12,), float32)
Number of DCs: 4
Max steps per episode: 8917
Gamma: 1.0
Economic safety: backlog=$1,000.00/unit-step, expiry=$1,000.00/unit, reward_scale=0.0001, dense_completion=True
  US-West: batch_fraction=0.166, mean_dur=2552s
  US-Central: batch_fraction=0.157, mean_dur=1155s
  US-Southeast-1: batch_fraction=0.223, mean_dur=2082s
  US-Southeast-2: batch_fraction=0.264, mean_dur=3865s
Using cpu device
Wrapping the env with a `Monitor` wrapper
Wrapping the env in a DummyVecEnv.

Training for 501760 timesteps...
-----------------------------
| time/              |      |
|    fps             | 725  |
|    iterations      | 1    |
|    time_elapsed    | 2    |
|    total_timesteps | 2048 |
-----------------------------
-----------------------------------------
| time/                   |             |
|    fps                  | 521         |
|    iterations           | 2           |
|    time_elapsed         | 7           |
|    total_timesteps      | 4096        |
| train/                  |             |
|    approx_kl            | 0.012220528 |
|    clip_fraction        | 0.14        |
|    clip_range           | 0.2         |
|    entropy_loss         | -17         |
|    explained_variance   | -0.375      |
|    learning_rate        | 0.0003      |
|    loss                 | 0.0153      |
|    n_updates            | 10          |
|    policy_gradient_loss | -0.0162     |
|    std                  | 0.995       |
|    value_loss           | 0.134       |
-----------------------------------------
------------------------------------------
| time/                   |              |
|    fps                  | 479          |
|    iterations           | 3            |
|    time_elapsed         | 12           |
|    total_timesteps      | 6144         |
| train/                  |              |
|    approx_kl            | 0.0145057775 |
|    clip_fraction        | 0.146        |
|    clip_range           | 0.2          |
|    entropy_loss         | -16.9        |
|    explained_variance   | 0.428        |
|    learning_rate        | 0.0003       |
|    loss                 | 0.035        |
|    n_updates            | 20           |
|    policy_gradient_loss | -0.017       |
|    std                  | 0.985        |
|    value_loss           | 0.177        |
------------------------------------------
-----------------------------------------
| time/                   |             |
|    fps                  | 460         |
|    iterations           | 4           |
|    time_elapsed         | 17          |
|    total_timesteps      | 8192        |
| train/                  |             |
|    approx_kl            | 0.013549549 |
|    clip_fraction        | 0.159       |
|    clip_range           | 0.2         |
|    entropy_loss         | -16.8       |
|    explained_variance   | 0.551       |
|    learning_rate        | 0.0003      |
|    loss                 | 0.0188      |
|    n_updates            | 30          |
|    policy_gradient_loss | -0.0163     |
|    std                  | 0.978       |
|    value_loss           | 0.211       |
-----------------------------------------
-----------------------------------------
| rollout/                |             |
|    ep_len_mean          | 8.92e+03    |
|    ep_rew_mean          | -1.08e+03   |
| time/                   |             |
|    fps                  | 453         |
|    iterations           | 5           |
|    time_elapsed         | 22          |
|    total_timesteps      | 10240       |
| train/                  |             |
|    approx_kl            | 0.014327088 |
|    clip_fraction        | 0.154       |
|    clip_range           | 0.2         |
|    entropy_loss         | -16.7       |
|    explained_variance   | 0.633       |
|    learning_rate        | 0.0003      |
|    loss                 | 0.0666      |
|    n_updates            | 40          |
|    policy_gradient_loss | -0.0159     |
|    std                  | 0.974       |
|    value_loss           | 0.205       |
-----------------------------------------
-----------------------------------------
| rollout/                |             |
|    ep_len_mean          | 8.92e+03    |
|    ep_rew_mean          | -1.08e+03   |
| time/                   |             |
|    fps                  | 448         |
|    iterations           | 6           |
|    time_elapsed         | 27          |
|    total_timesteps      | 12288       |
| train/                  |             |
|    approx_kl            | 0.015317153 |
|    clip_fraction        | 0.163       |
|    clip_range           | 0.2         |
|    entropy_loss         | -16.7       |
|    explained_variance   | 0.341       |
|    learning_rate        | 0.0003      |
|    loss                 | 0.00851     |
|    n_updates            | 50          |
|    policy_gradient_loss | -0.0163     |
|    std                  | 0.967       |
|    value_loss           | 0.668       |
-----------------------------------------
-----------------------------------------
| rollout/                |             |
|    ep_len_mean          | 8.92e+03    |
|    ep_rew_mean          | -1.08e+03   |
| time/                   |             |
|    fps                  | 442         |
|    iterations           | 7           |
|    time_elapsed         | 32          |
|    total_timesteps      | 14336       |
| train/                  |             |
|    approx_kl            | 0.016705876 |
|    clip_fraction        | 0.169       |
|    clip_range           | 0.2         |
|    entropy_loss         | -16.6       |
|    explained_variance   | 0.722       |
|    learning_rate        | 0.0003      |
|    loss                 | 0.0348      |
|    n_updates            | 60          |
|    policy_gradient_loss | -0.0192     |
|    std                  | 0.96        |
|    value_loss           | 0.235       |
-----------------------------------------
-----------------------------------------
| rollout/                |             |
|    ep_len_mean          | 8.92e+03    |
|    ep_rew_mean          | -1.08e+03   |
| time/                   |             |
|    fps                  | 440         |
|    iterations           | 8           |
|    time_elapsed         | 37          |
|    total_timesteps      | 16384       |
| train/                  |             |
|    approx_kl            | 0.017170986 |
|    clip_fraction        | 0.185       |
|    clip_range           | 0.2         |
|    entropy_loss         | -16.5       |
|    explained_variance   | 0.671       |
|    learning_rate        | 0.0003      |
|    loss                 | 0.0265      |
|    n_updates            | 70          |
|    policy_gradient_loss | -0.021      |
|    std                  | 0.955       |
|    value_loss           | 0.244       |
-----------------------------------------
-----------------------------------------
| rollout/                |             |
|    ep_len_mean          | 8.92e+03    |
|    ep_rew_mean          | -1.09e+03   |
| time/                   |             |
|    fps                  | 437         |
|    iterations           | 9           |
|    time_elapsed         | 42          |
|    total_timesteps      | 18432       |
| train/                  |             |
|    approx_kl            | 0.015521313 |
|    clip_fraction        | 0.146       |
|    clip_range           | 0.2         |
|    entropy_loss         | -16.4       |
|    explained_variance   | 0.745       |
|    learning_rate        | 0.0003      |
|    loss                 | 0.0433      |
|    n_updates            | 80          |
|    policy_gradient_loss | -0.016      |
|    std                  | 0.947       |
|    value_loss           | 0.235       |
-----------------------------------------
-----------------------------------------
| rollout/                |             |
|    ep_len_mean          | 8.92e+03    |
|    ep_rew_mean          | -1.09e+03   |
| time/                   |             |
|    fps                  | 436         |
|    iterations           | 10          |
|    time_elapsed         | 46          |
|    total_timesteps      | 20480       |
| train/                  |             |
|    approx_kl            | 0.014937272 |
|    clip_fraction        | 0.148       |
|    clip_range           | 0.2         |
|    entropy_loss         | -16.4       |
|    explained_variance   | 0.21        |
|    learning_rate        | 0.0003      |
|    loss                 | 1.13        |
|    n_updates            | 90          |
|    policy_gradient_loss | -0.015      |
|    std                  | 0.946       |
|    value_loss           | 2.01        |
-----------------------------------------
-----------------------------------------
| rollout/                |             |
|    ep_len_mean          | 8.92e+03    |
|    ep_rew_mean          | -1.09e+03   |
| time/                   |             |
|    fps                  | 435         |
|    iterations           | 11          |
|    time_elapsed         | 51          |
|    total_timesteps      | 22528       |
| train/                  |             |
|    approx_kl            | 0.013291095 |
|    clip_fraction        | 0.154       |
|    clip_range           | 0.2         |
|    entropy_loss         | -16.4       |
|    explained_variance   | 0.819       |
|    learning_rate        | 0.0003      |
|    loss                 | 0.0485      |
|    n_updates            | 100         |
|    policy_gradient_loss | -0.0155     |
|    std                  | 0.946       |
|    value_loss           | 0.239       |
-----------------------------------------
-----------------------------------------
| rollout/                |             |
|    ep_len_mean          | 8.92e+03    |
|    ep_rew_mean          | -1.09e+03   |
| time/                   |             |
|    fps                  | 429         |
|    iterations           | 12          |
|    time_elapsed         | 57          |
|    total_timesteps      | 24576       |
| train/                  |             |
|    approx_kl            | 0.017380062 |
|    clip_fraction        | 0.19        |
|    clip_range           | 0.2         |
|    entropy_loss         | -16.3       |
|    explained_variance   | 0.78        |
|    learning_rate        | 0.0003      |
|    loss                 | 0.0259      |
|    n_updates            | 110         |
|    policy_gradient_loss | -0.0198     |
|    std                  | 0.943       |
|    value_loss           | 0.27        |
-----------------------------------------
-----------------------------------------
| rollout/                |             |
|    ep_len_mean          | 8.92e+03    |
|    ep_rew_mean          | -1.09e+03   |
| time/                   |             |
|    fps                  | 425         |
|    iterations           | 13          |
|    time_elapsed         | 62          |
|    total_timesteps      | 26624       |
| train/                  |             |
|    approx_kl            | 0.016054448 |
|    clip_fraction        | 0.177       |
|    clip_range           | 0.2         |
|    entropy_loss         | -16.3       |
|    explained_variance   | 0.621       |
|    learning_rate        | 0.0003      |
|    loss                 | 0.0311      |
|    n_updates            | 120         |
|    policy_gradient_loss | -0.018      |
|    std                  | 0.938       |
|    value_loss           | 0.246       |
-----------------------------------------
-----------------------------------------
| rollout/                |             |
|    ep_len_mean          | 8.92e+03    |
|    ep_rew_mean          | -1.08e+03   |
| time/                   |             |
|    fps                  | 421         |
|    iterations           | 14          |
|    time_elapsed         | 68          |
|    total_timesteps      | 28672       |
| train/                  |             |
|    approx_kl            | 0.017702986 |
|    clip_fraction        | 0.195       |
|    clip_range           | 0.2         |
|    entropy_loss         | -16.2       |
|    explained_variance   | 0.65        |
|    learning_rate        | 0.0003      |
|    loss                 | 0.0228      |
|    n_updates            | 130         |
|    policy_gradient_loss | -0.0176     |
|    std                  | 0.934       |
|    value_loss           | 0.266       |
-----------------------------------------
-----------------------------------------
| rollout/                |             |
|    ep_len_mean          | 8.92e+03    |
|    ep_rew_mean          | -1.08e+03   |
| time/                   |             |
|    fps                  | 414         |
|    iterations           | 15          |
|    time_elapsed         | 74          |
|    total_timesteps      | 30720       |
| train/                  |             |
|    approx_kl            | 0.012181155 |
|    clip_fraction        | 0.119       |
|    clip_range           | 0.2         |
|    entropy_loss         | -16.2       |
|    explained_variance   | 0.0828      |
|    learning_rate        | 0.0003      |
|    loss                 | 0.12        |
|    n_updates            | 140         |
|    policy_gradient_loss | -0.0117     |
|    std                  | 0.929       |
|    value_loss           | 2.85        |
-----------------------------------------
-----------------------------------------
| rollout/                |             |
|    ep_len_mean          | 8.92e+03    |
|    ep_rew_mean          | -1.08e+03   |
| time/                   |             |
|    fps                  | 410         |
|    iterations           | 16          |
|    time_elapsed         | 79          |
|    total_timesteps      | 32768       |
| train/                  |             |
|    approx_kl            | 0.017330451 |
|    clip_fraction        | 0.211       |
|    clip_range           | 0.2         |
|    entropy_loss         | -16.1       |
|    explained_variance   | 0.541       |
|    learning_rate        | 0.0003      |
|    loss                 | 0.0228      |
|    n_updates            | 150         |
|    policy_gradient_loss | -0.0181     |
|    std                  | 0.926       |
|    value_loss           | 0.327       |
-----------------------------------------
-----------------------------------------
| rollout/                |             |
|    ep_len_mean          | 8.92e+03    |
|    ep_rew_mean          | -1.08e+03   |
| time/                   |             |
|    fps                  | 408         |
|    iterations           | 17          |
|    time_elapsed         | 85          |
|    total_timesteps      | 34816       |
| train/                  |             |
|    approx_kl            | 0.019794567 |
|    clip_fraction        | 0.201       |
|    clip_range           | 0.2         |
|    entropy_loss         | -16.1       |
|    explained_variance   | 0.274       |
|    learning_rate        | 0.0003      |
|    loss                 | -0.0103     |
|    n_updates            | 160         |
|    policy_gradient_loss | -0.0184     |
|    std                  | 0.925       |
|    value_loss           | 0.321       |
-----------------------------------------
-----------------------------------------
| rollout/                |             |
|    ep_len_mean          | 8.92e+03    |
|    ep_rew_mean          | -1.08e+03   |
| time/                   |             |
|    fps                  | 410         |
|    iterations           | 18          |
|    time_elapsed         | 89          |
|    total_timesteps      | 36864       |
| train/                  |             |
|    approx_kl            | 0.018753946 |
|    clip_fraction        | 0.215       |
|    clip_range           | 0.2         |
|    entropy_loss         | -16.1       |
|    explained_variance   | 0.556       |
|    learning_rate        | 0.0003      |
|    loss                 | -0.00498    |
|    n_updates            | 170         |
|    policy_gradient_loss | -0.0189     |
|    std                  | 0.922       |
|    value_loss           | 0.281       |
-----------------------------------------
-----------------------------------------
| rollout/                |             |
|    ep_len_mean          | 8.92e+03    |
|    ep_rew_mean          | -1.08e+03   |
| time/                   |             |
|    fps                  | 411         |
|    iterations           | 19          |
|    time_elapsed         | 94          |
|    total_timesteps      | 38912       |
| train/                  |             |
|    approx_kl            | 0.011803448 |
|    clip_fraction        | 0.168       |
|    clip_range           | 0.2         |
|    entropy_loss         | -16         |
|    explained_variance   | 0.0684      |
|    learning_rate        | 0.0003      |
|    loss                 | 0.621       |
|    n_updates            | 180         |
|    policy_gradient_loss | -0.0184     |
|    std                  | 0.922       |
|    value_loss           | 7.8         |
-----------------------------------------
-----------------------------------------
| rollout/                |             |
|    ep_len_mean          | 8.92e+03    |
|    ep_rew_mean          | -1.08e+03   |
| time/                   |             |
|    fps                  | 409         |
|    iterations           | 20          |
|    time_elapsed         | 99          |
|    total_timesteps      | 40960       |
| train/                  |             |
|    approx_kl            | 0.016596101 |
|    clip_fraction        | 0.205       |
|    clip_range           | 0.2         |
|    entropy_loss         | -16         |
|    explained_variance   | 0.786       |
|    learning_rate        | 0.0003      |
|    loss                 | 0.00557     |
|    n_updates            | 190         |
|    policy_gradient_loss | -0.0138     |
|    std                  | 0.92        |
|    value_loss           | 0.3         |
-----------------------------------------
-----------------------------------------
| rollout/                |             |
|    ep_len_mean          | 8.92e+03    |
|    ep_rew_mean          | -1.08e+03   |
| time/                   |             |
|    fps                  | 409         |
|    iterations           | 21          |
|    time_elapsed         | 104         |
|    total_timesteps      | 43008       |
| train/                  |             |
|    approx_kl            | 0.016430452 |
|    clip_fraction        | 0.178       |
|    clip_range           | 0.2         |
|    entropy_loss         | -16         |
|    explained_variance   | 0.804       |
|    learning_rate        | 0.0003      |
|    loss                 | 0.00503     |
|    n_updates            | 200         |
|    policy_gradient_loss | -0.0131     |
|    std                  | 0.914       |
|    value_loss           | 0.265       |
-----------------------------------------
-----------------------------------------
| rollout/                |             |
|    ep_len_mean          | 8.92e+03    |
|    ep_rew_mean          | -1.07e+03   |
| time/                   |             |
|    fps                  | 410         |
|    iterations           | 22          |
|    time_elapsed         | 109         |
|    total_timesteps      | 45056       |
| train/                  |             |
|    approx_kl            | 0.016426278 |
|    clip_fraction        | 0.181       |
|    clip_range           | 0.2         |
|    entropy_loss         | -15.9       |
|    explained_variance   | 0.726       |
|    learning_rate        | 0.0003      |
|    loss                 | 0.00281     |
|    n_updates            | 210         |
|    policy_gradient_loss | -0.0146     |
|    std                  | 0.911       |
|    value_loss           | 0.249       |
-----------------------------------------
----------------------------------------
| rollout/                |            |
|    ep_len_mean          | 8.92e+03   |
|    ep_rew_mean          | -1.07e+03  |
| time/                   |            |
|    fps                  | 408        |
|    iterations           | 23         |
|    time_elapsed         | 115        |
|    total_timesteps      | 47104      |
| train/                  |            |
|    approx_kl            | 0.01393207 |
|    clip_fraction        | 0.177      |
|    clip_range           | 0.2        |
|    entropy_loss         | -15.9      |
|    explained_variance   | 0.092      |
|    learning_rate        | 0.0003     |
|    loss                 | 13.6       |
|    n_updates            | 220        |
|    policy_gradient_loss | -0.0138    |
|    std                  | 0.911      |
|    value_loss           | 10.2       |
----------------------------------------
-----------------------------------------
| rollout/                |             |
|    ep_len_mean          | 8.92e+03    |
|    ep_rew_mean          | -1.07e+03   |
| time/                   |             |
|    fps                  | 408         |
|    iterations           | 24          |
|    time_elapsed         | 120         |
|    total_timesteps      | 49152       |
| train/                  |             |
|    approx_kl            | 0.019268138 |
|    clip_fraction        | 0.212       |
|    clip_range           | 0.2         |
|    entropy_loss         | -15.9       |
|    explained_variance   | 0.655       |
|    learning_rate        | 0.0003      |
|    loss                 | 0.039       |
|    n_updates            | 230         |
|    policy_gradient_loss | -0.0139     |
|    std                  | 0.913       |
|    value_loss           | 0.502       |
-----------------------------------------
-----------------------------------------
| rollout/                |             |
|    ep_len_mean          | 8.92e+03    |
|    ep_rew_mean          | -1.07e+03   |
| time/                   |             |
|    fps                  | 408         |
|    iterations           | 25          |
|    time_elapsed         | 125         |
|    total_timesteps      | 51200       |
| train/                  |             |
|    approx_kl            | 0.018724462 |
|    clip_fraction        | 0.192       |
|    clip_range           | 0.2         |
|    entropy_loss         | -15.9       |
|    explained_variance   | 0.758       |
|    learning_rate        | 0.0003      |
|    loss                 | 0.0312      |
|    n_updates            | 240         |
|    policy_gradient_loss | -0.0149     |
|    std                  | 0.91        |
|    value_loss           | 0.362       |
-----------------------------------------
-----------------------------------------
| rollout/                |             |
|    ep_len_mean          | 8.92e+03    |
|    ep_rew_mean          | -1.07e+03   |
| time/                   |             |
|    fps                  | 407         |
|    iterations           | 26          |
|    time_elapsed         | 130         |
|    total_timesteps      | 53248       |
| train/                  |             |
|    approx_kl            | 0.017441455 |
|    clip_fraction        | 0.212       |
|    clip_range           | 0.2         |
|    entropy_loss         | -15.8       |
|    explained_variance   | 0.532       |
|    learning_rate        | 0.0003      |
|    loss                 | -0.00603    |
|    n_updates            | 250         |
|    policy_gradient_loss | -0.0168     |
|    std                  | 0.905       |
|    value_loss           | 0.267       |
-----------------------------------------
-----------------------------------------
| rollout/                |             |
|    ep_len_mean          | 8.92e+03    |
|    ep_rew_mean          | -1.07e+03   |
| time/                   |             |
|    fps                  | 406         |
|    iterations           | 27          |
|    time_elapsed         | 136         |
|    total_timesteps      | 55296       |
| train/                  |             |
|    approx_kl            | 0.019595219 |
|    clip_fraction        | 0.214       |
|    clip_range           | 0.2         |
|    entropy_loss         | -15.8       |
|    explained_variance   | 0.453       |
|    learning_rate        | 0.0003      |
|    loss                 | 0.0013      |
|    n_updates            | 260         |
|    policy_gradient_loss | -0.0152     |
|    std                  | 0.901       |
|    value_loss           | 0.303       |
-----------------------------------------
-----------------------------------------
| rollout/                |             |
|    ep_len_mean          | 8.92e+03    |
|    ep_rew_mean          | -1.07e+03   |
| time/                   |             |
|    fps                  | 406         |
|    iterations           | 28          |
|    time_elapsed         | 141         |
|    total_timesteps      | 57344       |
| train/                  |             |
|    approx_kl            | 0.013783855 |
|    clip_fraction        | 0.134       |
|    clip_range           | 0.2         |
|    entropy_loss         | -15.7       |
|    explained_variance   | -0.0321     |
|    learning_rate        | 0.0003      |
|    loss                 | 6.34        |
|    n_updates            | 270         |
|    policy_gradient_loss | -0.0129     |
|    std                  | 0.9         |
|    value_loss           | 13.9        |
-----------------------------------------
----------------------------------------
| rollout/                |            |
|    ep_len_mean          | 8.92e+03   |
|    ep_rew_mean          | -1.07e+03  |
| time/                   |            |
|    fps                  | 406        |
|    iterations           | 29         |
|    time_elapsed         | 146        |
|    total_timesteps      | 59392      |
| train/                  |            |
|    approx_kl            | 0.01882182 |
|    clip_fraction        | 0.228      |
|    clip_range           | 0.2        |
|    entropy_loss         | -15.7      |
|    explained_variance   | 0.42       |
|    learning_rate        | 0.0003     |
|    loss                 | -0.0272    |
|    n_updates            | 280        |
|    policy_gradient_loss | -0.0142    |
|    std                  | 0.894      |
|    value_loss           | 0.35       |
----------------------------------------
-----------------------------------------
| rollout/                |             |
|    ep_len_mean          | 8.92e+03    |
|    ep_rew_mean          | -1.07e+03   |
| time/                   |             |
|    fps                  | 407         |
|    iterations           | 30          |
|    time_elapsed         | 150         |
|    total_timesteps      | 61440       |
| train/                  |             |
|    approx_kl            | 0.021753415 |
|    clip_fraction        | 0.24        |
|    clip_range           | 0.2         |
|    entropy_loss         | -15.6       |
|    explained_variance   | 0.322       |
|    learning_rate        | 0.0003      |
|    loss                 | -0.00498    |
|    n_updates            | 290         |
|    policy_gradient_loss | -0.0181     |
|    std                  | 0.894       |
|    value_loss           | 0.293       |
-----------------------------------------
-----------------------------------------
| rollout/                |             |
|    ep_len_mean          | 8.92e+03    |
|    ep_rew_mean          | -1.07e+03   |
| time/                   |             |
|    fps                  | 407         |
|    iterations           | 31          |
|    time_elapsed         | 155         |
|    total_timesteps      | 63488       |
| train/                  |             |
|    approx_kl            | 0.022479087 |
|    clip_fraction        | 0.212       |
|    clip_range           | 0.2         |
|    entropy_loss         | -15.6       |
|    explained_variance   | 0.336       |
|    learning_rate        | 0.0003      |
|    loss                 | 0.0135      |
|    n_updates            | 300         |
|    policy_gradient_loss | -0.0159     |
|    std                  | 0.888       |
|    value_loss           | 0.29        |
-----------------------------------------
-----------------------------------------
| rollout/                |             |
|    ep_len_mean          | 8.92e+03    |
|    ep_rew_mean          | -1.07e+03   |
| time/                   |             |
|    fps                  | 406         |
|    iterations           | 32          |
|    time_elapsed         | 161         |
|    total_timesteps      | 65536       |
| train/                  |             |
|    approx_kl            | 0.006412849 |
|    clip_fraction        | 0.0651      |
|    clip_range           | 0.2         |
|    entropy_loss         | -15.6       |
|    explained_variance   | 0.00149     |
|    learning_rate        | 0.0003      |
|    loss                 | 0.847       |
|    n_updates            | 310         |
|    policy_gradient_loss | -0.00669    |
|    std                  | 0.888       |
|    value_loss           | 18.2        |
-----------------------------------------
-----------------------------------------
| rollout/                |             |
|    ep_len_mean          | 8.92e+03    |
|    ep_rew_mean          | -1.07e+03   |
| time/                   |             |
|    fps                  | 405         |
|    iterations           | 33          |
|    time_elapsed         | 166         |
|    total_timesteps      | 67584       |
| train/                  |             |
|    approx_kl            | 0.019889424 |
|    clip_fraction        | 0.187       |
|    clip_range           | 0.2         |
|    entropy_loss         | -15.6       |
|    explained_variance   | 0.544       |
|    learning_rate        | 0.0003      |
|    loss                 | 0.121       |
|    n_updates            | 320         |
|    policy_gradient_loss | -0.015      |
|    std                  | 0.888       |
|    value_loss           | 0.66        |
-----------------------------------------
-----------------------------------------
| rollout/                |             |
|    ep_len_mean          | 8.92e+03    |
|    ep_rew_mean          | -1.07e+03   |
| time/                   |             |
|    fps                  | 406         |
|    iterations           | 34          |
|    time_elapsed         | 171         |
|    total_timesteps      | 69632       |
| train/                  |             |
|    approx_kl            | 0.019738019 |
|    clip_fraction        | 0.206       |
|    clip_range           | 0.2         |
|    entropy_loss         | -15.6       |
|    explained_variance   | 0.611       |
|    learning_rate        | 0.0003      |
|    loss                 | 0.0391      |
|    n_updates            | 330         |
|    policy_gradient_loss | -0.0174     |
|    std                  | 0.889       |
|    value_loss           | 0.343       |
-----------------------------------------
-----------------------------------------
| rollout/                |             |
|    ep_len_mean          | 8.92e+03    |
|    ep_rew_mean          | -1.07e+03   |
| time/                   |             |
|    fps                  | 405         |
|    iterations           | 35          |
|    time_elapsed         | 176         |
|    total_timesteps      | 71680       |
| train/                  |             |
|    approx_kl            | 0.020891204 |
|    clip_fraction        | 0.24        |
|    clip_range           | 0.2         |
|    entropy_loss         | -15.6       |
|    explained_variance   | 0.668       |
|    learning_rate        | 0.0003      |
|    loss                 | 0.0293      |
|    n_updates            | 340         |
|    policy_gradient_loss | -0.0171     |
|    std                  | 0.891       |
|    value_loss           | 0.314       |
-----------------------------------------
-----------------------------------------
| rollout/                |             |
|    ep_len_mean          | 8.92e+03    |
|    ep_rew_mean          | -1.07e+03   |
| time/                   |             |
|    fps                  | 405         |
|    iterations           | 36          |
|    time_elapsed         | 181         |
|    total_timesteps      | 73728       |
| train/                  |             |
|    approx_kl            | 0.008997824 |
|    clip_fraction        | 0.091       |
|    clip_range           | 0.2         |
|    entropy_loss         | -15.6       |
|    explained_variance   | 0.0415      |
|    learning_rate        | 0.0003      |
|    loss                 | 6.02        |
|    n_updates            | 350         |
|    policy_gradient_loss | -0.00926    |
|    std                  | 0.891       |
|    value_loss           | 22.6        |
-----------------------------------------
----------------------------------------
| rollout/                |            |
|    ep_len_mean          | 8.92e+03   |
|    ep_rew_mean          | -1.07e+03  |
| time/                   |            |
|    fps                  | 406        |
|    iterations           | 37         |
|    time_elapsed         | 186        |
|    total_timesteps      | 75776      |
| train/                  |            |
|    approx_kl            | 0.01583099 |
|    clip_fraction        | 0.164      |
|    clip_range           | 0.2        |
|    entropy_loss         | -15.6      |
|    explained_variance   | 0.578      |
|    learning_rate        | 0.0003     |
|    loss                 | 0.736      |
|    n_updates            | 360        |
|    policy_gradient_loss | -0.0157    |
|    std                  | 0.891      |
|    value_loss           | 1.25       |
----------------------------------------
-----------------------------------------
| rollout/                |             |
|    ep_len_mean          | 8.92e+03    |
|    ep_rew_mean          | -1.07e+03   |
| time/                   |             |
|    fps                  | 406         |
|    iterations           | 38          |
|    time_elapsed         | 191         |
|    total_timesteps      | 77824       |
| train/                  |             |
|    approx_kl            | 0.019416993 |
|    clip_fraction        | 0.217       |
|    clip_range           | 0.2         |
|    entropy_loss         | -15.6       |
|    explained_variance   | 0.698       |
|    learning_rate        | 0.0003      |
|    loss                 | 0.219       |
|    n_updates            | 370         |
|    policy_gradient_loss | -0.0168     |
|    std                  | 0.892       |
|    value_loss           | 0.731       |
-----------------------------------------
-----------------------------------------
| rollout/                |             |
|    ep_len_mean          | 8.92e+03    |
|    ep_rew_mean          | -1.07e+03   |
| time/                   |             |
|    fps                  | 407         |
|    iterations           | 39          |
|    time_elapsed         | 196         |
|    total_timesteps      | 79872       |
| train/                  |             |
|    approx_kl            | 0.021523744 |
|    clip_fraction        | 0.244       |
|    clip_range           | 0.2         |
|    entropy_loss         | -15.6       |
|    explained_variance   | 0.669       |
|    learning_rate        | 0.0003      |
|    loss                 | 0.0461      |
|    n_updates            | 380         |
|    policy_gradient_loss | -0.0134     |
|    std                  | 0.889       |
|    value_loss           | 0.412       |
-----------------------------------------
-----------------------------------------
| rollout/                |             |
|    ep_len_mean          | 8.92e+03    |
|    ep_rew_mean          | -1.07e+03   |
| time/                   |             |
|    fps                  | 407         |
|    iterations           | 40          |
|    time_elapsed         | 201         |
|    total_timesteps      | 81920       |
| train/                  |             |
|    approx_kl            | 0.021910302 |
|    clip_fraction        | 0.222       |
|    clip_range           | 0.2         |
|    entropy_loss         | -15.5       |
|    explained_variance   | 0.589       |
|    learning_rate        | 0.0003      |
|    loss                 | 0.0506      |
|    n_updates            | 390         |
|    policy_gradient_loss | -0.013      |
|    std                  | 0.886       |
|    value_loss           | 0.39        |
-----------------------------------------
-----------------------------------------
| rollout/                |             |
|    ep_len_mean          | 8.92e+03    |
|    ep_rew_mean          | -1.07e+03   |
| time/                   |             |
|    fps                  | 407         |
|    iterations           | 41          |
|    time_elapsed         | 206         |
|    total_timesteps      | 83968       |
| train/                  |             |
|    approx_kl            | 0.009873289 |
|    clip_fraction        | 0.108       |
|    clip_range           | 0.2         |
|    entropy_loss         | -15.5       |
|    explained_variance   | -0.0256     |
|    learning_rate        | 0.0003      |
|    loss                 | 30.4        |
|    n_updates            | 400         |
|    policy_gradient_loss | -0.0113     |
|    std                  | 0.884       |
|    value_loss           | 34.1        |
-----------------------------------------
-----------------------------------------
| rollout/                |             |
|    ep_len_mean          | 8.92e+03    |
|    ep_rew_mean          | -1.07e+03   |
| time/                   |             |
|    fps                  | 407         |
|    iterations           | 42          |
|    time_elapsed         | 210         |
|    total_timesteps      | 86016       |
| train/                  |             |
|    approx_kl            | 0.025374241 |
|    clip_fraction        | 0.243       |
|    clip_range           | 0.2         |
|    entropy_loss         | -15.5       |
|    explained_variance   | 0.554       |
|    learning_rate        | 0.0003      |
|    loss                 | 0.032       |
|    n_updates            | 410         |
|    policy_gradient_loss | -0.014      |
|    std                  | 0.885       |
|    value_loss           | 0.363       |
-----------------------------------------
----------------------------------------
| rollout/                |            |
|    ep_len_mean          | 8.92e+03   |
|    ep_rew_mean          | -1.07e+03  |
| time/                   |            |
|    fps                  | 408        |
|    iterations           | 43         |
|    time_elapsed         | 215        |
|    total_timesteps      | 88064      |
| train/                  |            |
|    approx_kl            | 0.02199484 |
|    clip_fraction        | 0.219      |
|    clip_range           | 0.2        |
|    entropy_loss         | -15.5      |
|    explained_variance   | 0.623      |
|    learning_rate        | 0.0003     |
|    loss                 | 0.0182     |
|    n_updates            | 420        |
|    policy_gradient_loss | -0.015     |
|    std                  | 0.881      |
|    value_loss           | 0.274      |
----------------------------------------
-----------------------------------------
| rollout/                |             |
|    ep_len_mean          | 8.92e+03    |
|    ep_rew_mean          | -1.06e+03   |
| time/                   |             |
|    fps                  | 408         |
|    iterations           | 44          |
|    time_elapsed         | 220         |
|    total_timesteps      | 90112       |
| train/                  |             |
|    approx_kl            | 0.023531528 |
|    clip_fraction        | 0.265       |
|    clip_range           | 0.2         |
|    entropy_loss         | -15.4       |
|    explained_variance   | 0.451       |
|    learning_rate        | 0.0003      |
|    loss                 | 0.0346      |
|    n_updates            | 430         |
|    policy_gradient_loss | -0.0139     |
|    std                  | 0.879       |
|    value_loss           | 0.277       |
-----------------------------------------
------------------------------------------
| rollout/                |              |
|    ep_len_mean          | 8.92e+03     |
|    ep_rew_mean          | -1.06e+03    |
| time/                   |              |
|    fps                  | 408          |
|    iterations           | 45           |
|    time_elapsed         | 225          |
|    total_timesteps      | 92160        |
| train/                  |              |
|    approx_kl            | 0.0063259476 |
|    clip_fraction        | 0.0603       |
|    clip_range           | 0.2          |
|    entropy_loss         | -15.4        |
|    explained_variance   | 0.385        |
|    learning_rate        | 0.0003       |
|    loss                 | 10.6         |
|    n_updates            | 440          |
|    policy_gradient_loss | -0.00799     |
|    std                  | 0.879        |
|    value_loss           | 41.8         |
------------------------------------------
-----------------------------------------
| rollout/                |             |
|    ep_len_mean          | 8.92e+03    |
|    ep_rew_mean          | -1.06e+03   |
| time/                   |             |
|    fps                  | 409         |
|    iterations           | 46          |
|    time_elapsed         | 230         |
|    total_timesteps      | 94208       |
| train/                  |             |
|    approx_kl            | 0.016832931 |
|    clip_fraction        | 0.154       |
|    clip_range           | 0.2         |
|    entropy_loss         | -15.4       |
|    explained_variance   | 0.756       |
|    learning_rate        | 0.0003      |
|    loss                 | 0.956       |
|    n_updates            | 450         |
|    policy_gradient_loss | -0.0136     |
|    std                  | 0.88        |
|    value_loss           | 2.43        |
-----------------------------------------
-----------------------------------------
| rollout/                |             |
|    ep_len_mean          | 8.92e+03    |
|    ep_rew_mean          | -1.06e+03   |
| time/                   |             |
|    fps                  | 409         |
|    iterations           | 47          |
|    time_elapsed         | 235         |
|    total_timesteps      | 96256       |
| train/                  |             |
|    approx_kl            | 0.017846618 |
|    clip_fraction        | 0.187       |
|    clip_range           | 0.2         |
|    entropy_loss         | -15.4       |
|    explained_variance   | 0.755       |
|    learning_rate        | 0.0003      |
|    loss                 | 0.416       |
|    n_updates            | 460         |
|    policy_gradient_loss | -0.017      |
|    std                  | 0.88        |
|    value_loss           | 1.61        |
-----------------------------------------
-----------------------------------------
| rollout/                |             |
|    ep_len_mean          | 8.92e+03    |
|    ep_rew_mean          | -1.06e+03   |
| time/                   |             |
|    fps                  | 408         |
|    iterations           | 48          |
|    time_elapsed         | 240         |
|    total_timesteps      | 98304       |
| train/                  |             |
|    approx_kl            | 0.018349025 |
|    clip_fraction        | 0.179       |
|    clip_range           | 0.2         |
|    entropy_loss         | -15.4       |
|    explained_variance   | 0.75        |
|    learning_rate        | 0.0003      |
|    loss                 | 0.579       |
|    n_updates            | 470         |
|    policy_gradient_loss | -0.0169     |
|    std                  | 0.878       |
|    value_loss           | 1.51        |
-----------------------------------------
------------------------------------------
| rollout/                |              |
|    ep_len_mean          | 8.92e+03     |
|    ep_rew_mean          | -1.06e+03    |
| time/                   |              |
|    fps                  | 407          |
|    iterations           | 49           |
|    time_elapsed         | 246          |
|    total_timesteps      | 100352       |
| train/                  |              |
|    approx_kl            | 0.0077843415 |
|    clip_fraction        | 0.07         |
|    clip_range           | 0.2          |
|    entropy_loss         | -15.4        |
|    explained_variance   | 0.214        |
|    learning_rate        | 0.0003       |
|    loss                 | 3.96         |
|    n_updates            | 480          |
|    policy_gradient_loss | -0.00604     |
|    std                  | 0.878        |
|    value_loss           | 37.7         |
------------------------------------------
-----------------------------------------
| rollout/                |             |
|    ep_len_mean          | 8.92e+03    |
|    ep_rew_mean          | -1.06e+03   |
| time/                   |             |
|    fps                  | 405         |
|    iterations           | 50          |
|    time_elapsed         | 252         |
|    total_timesteps      | 102400      |
| train/                  |             |
|    approx_kl            | 0.025211522 |
|    clip_fraction        | 0.245       |
|    clip_range           | 0.2         |
|    entropy_loss         | -15.4       |
|    explained_variance   | 0.714       |
|    learning_rate        | 0.0003      |
|    loss                 | 0.204       |
|    n_updates            | 490         |
|    policy_gradient_loss | -0.0129     |
|    std                  | 0.874       |
|    value_loss           | 1.31        |
-----------------------------------------
-----------------------------------------
| rollout/                |             |
|    ep_len_mean          | 8.92e+03    |
|    ep_rew_mean          | -1.06e+03   |
| time/                   |             |
|    fps                  | 405         |
|    iterations           | 51          |
|    time_elapsed         | 257         |
|    total_timesteps      | 104448      |
| train/                  |             |
|    approx_kl            | 0.026846433 |
|    clip_fraction        | 0.212       |
|    clip_range           | 0.2         |
|    entropy_loss         | -15.4       |
|    explained_variance   | 0.768       |
|    learning_rate        | 0.0003      |
|    loss                 | 0.306       |
|    n_updates            | 500         |
|    policy_gradient_loss | -0.0123     |
|    std                  | 0.874       |
|    value_loss           | 1.11        |
-----------------------------------------
----------------------------------------
| rollout/                |            |
|    ep_len_mean          | 8.92e+03   |
|    ep_rew_mean          | -1.06e+03  |
| time/                   |            |
|    fps                  | 405        |
|    iterations           | 52         |
|    time_elapsed         | 262        |
|    total_timesteps      | 106496     |
| train/                  |            |
|    approx_kl            | 0.02264133 |
|    clip_fraction        | 0.214      |
|    clip_range           | 0.2        |
|    entropy_loss         | -15.3      |
|    explained_variance   | 0.751      |
|    learning_rate        | 0.0003     |
|    loss                 | 0.179      |
|    n_updates            | 510        |
|    policy_gradient_loss | -0.0162    |
|    std                  | 0.87       |
|    value_loss           | 0.748      |
----------------------------------------
-----------------------------------------
| rollout/                |             |
|    ep_len_mean          | 8.92e+03    |
|    ep_rew_mean          | -1.06e+03   |
| time/                   |             |
|    fps                  | 405         |
|    iterations           | 53          |
|    time_elapsed         | 267         |
|    total_timesteps      | 108544      |
| train/                  |             |
|    approx_kl            | 0.021454012 |
|    clip_fraction        | 0.227       |
|    clip_range           | 0.2         |
|    entropy_loss         | -15.3       |
|    explained_variance   | 0.722       |
|    learning_rate        | 0.0003      |
|    loss                 | 0.0501      |
|    n_updates            | 520         |
|    policy_gradient_loss | -0.0131     |
|    std                  | 0.867       |
|    value_loss           | 0.497       |
-----------------------------------------
-----------------------------------------
| rollout/                |             |
|    ep_len_mean          | 8.92e+03    |
|    ep_rew_mean          | -1.06e+03   |
| time/                   |             |
|    fps                  | 404         |
|    iterations           | 54          |
|    time_elapsed         | 273         |
|    total_timesteps      | 110592      |
| train/                  |             |
|    approx_kl            | 0.009667214 |
|    clip_fraction        | 0.095       |
|    clip_range           | 0.2         |
|    entropy_loss         | -15.3       |
|    explained_variance   | -0.0498     |
|    learning_rate        | 0.0003      |
|    loss                 | 0.546       |
|    n_updates            | 530         |
|    policy_gradient_loss | -0.00962    |
|    std                  | 0.867       |
|    value_loss           | 55.3        |
-----------------------------------------
-----------------------------------------
| rollout/                |             |
|    ep_len_mean          | 8.92e+03    |
|    ep_rew_mean          | -1.06e+03   |
| time/                   |             |
|    fps                  | 403         |
|    iterations           | 55          |
|    time_elapsed         | 279         |
|    total_timesteps      | 112640      |
| train/                  |             |
|    approx_kl            | 0.022409711 |
|    clip_fraction        | 0.241       |
|    clip_range           | 0.2         |
|    entropy_loss         | -15.2       |
|    explained_variance   | 0.516       |
|    learning_rate        | 0.0003      |
|    loss                 | 0.168       |
|    n_updates            | 540         |
|    policy_gradient_loss | -0.021      |
|    std                  | 0.862       |
|    value_loss           | 0.573       |
-----------------------------------------
-----------------------------------------
| rollout/                |             |
|    ep_len_mean          | 8.92e+03    |
|    ep_rew_mean          | -1.06e+03   |
| time/                   |             |
|    fps                  | 403         |
|    iterations           | 56          |
|    time_elapsed         | 284         |
|    total_timesteps      | 114688      |
| train/                  |             |
|    approx_kl            | 0.024115356 |
|    clip_fraction        | 0.247       |
|    clip_range           | 0.2         |
|    entropy_loss         | -15.2       |
|    explained_variance   | 0.729       |
|    learning_rate        | 0.0003      |
|    loss                 | 0.00285     |
|    n_updates            | 550         |
|    policy_gradient_loss | -0.0133     |
|    std                  | 0.861       |
|    value_loss           | 0.321       |
-----------------------------------------
----------------------------------------
| rollout/                |            |
|    ep_len_mean          | 8.92e+03   |
|    ep_rew_mean          | -1.05e+03  |
| time/                   |            |
|    fps                  | 403        |
|    iterations           | 57         |
|    time_elapsed         | 289        |
|    total_timesteps      | 116736     |
| train/                  |            |
|    approx_kl            | 0.02117065 |
|    clip_fraction        | 0.242      |
|    clip_range           | 0.2        |
|    entropy_loss         | -15.2      |
|    explained_variance   | 0.765      |
|    learning_rate        | 0.0003     |
|    loss                 | 0.0124     |
|    n_updates            | 560        |
|    policy_gradient_loss | -0.0162    |
|    std                  | 0.859      |
|    value_loss           | 0.289      |
----------------------------------------
-----------------------------------------
| rollout/                |             |
|    ep_len_mean          | 8.92e+03    |
|    ep_rew_mean          | -1.05e+03   |
| time/                   |             |
|    fps                  | 402         |
|    iterations           | 58          |
|    time_elapsed         | 295         |
|    total_timesteps      | 118784      |
| train/                  |             |
|    approx_kl            | 0.007729303 |
|    clip_fraction        | 0.0833      |
|    clip_range           | 0.2         |
|    entropy_loss         | -15.1       |
|    explained_variance   | 0.0362      |
|    learning_rate        | 0.0003      |
|    loss                 | 14.6        |
|    n_updates            | 570         |
|    policy_gradient_loss | -0.00349    |
|    std                  | 0.859       |
|    value_loss           | 51          |
-----------------------------------------
-----------------------------------------
| rollout/                |             |
|    ep_len_mean          | 8.92e+03    |
|    ep_rew_mean          | -1.05e+03   |
| time/                   |             |
|    fps                  | 402         |
|    iterations           | 59          |
|    time_elapsed         | 299         |
|    total_timesteps      | 120832      |
| train/                  |             |
|    approx_kl            | 0.019731626 |
|    clip_fraction        | 0.254       |
|    clip_range           | 0.2         |
|    entropy_loss         | -15.1       |
|    explained_variance   | 0.675       |
|    learning_rate        | 0.0003      |
|    loss                 | 0.0216      |
|    n_updates            | 580         |
|    policy_gradient_loss | -0.0113     |
|    std                  | 0.86        |
|    value_loss           | 0.279       |
-----------------------------------------
----------------------------------------
| rollout/                |            |
|    ep_len_mean          | 8.92e+03   |
|    ep_rew_mean          | -1.05e+03  |
| time/                   |            |
|    fps                  | 402        |
|    iterations           | 60         |
|    time_elapsed         | 304        |
|    total_timesteps      | 122880     |
| train/                  |            |
|    approx_kl            | 0.02068701 |
|    clip_fraction        | 0.242      |
|    clip_range           | 0.2        |
|    entropy_loss         | -15.1      |
|    explained_variance   | 0.738      |
|    learning_rate        | 0.0003     |
|    loss                 | -0.00306   |
|    n_updates            | 590        |
|    policy_gradient_loss | -0.0178    |
|    std                  | 0.854      |
|    value_loss           | 0.247      |
----------------------------------------
-----------------------------------------
| rollout/                |             |
|    ep_len_mean          | 8.92e+03    |
|    ep_rew_mean          | -1.05e+03   |
| time/                   |             |
|    fps                  | 402         |
|    iterations           | 61          |
|    time_elapsed         | 310         |
|    total_timesteps      | 124928      |
| train/                  |             |
|    approx_kl            | 0.019618489 |
|    clip_fraction        | 0.246       |
|    clip_range           | 0.2         |
|    entropy_loss         | -15         |
|    explained_variance   | 0.798       |
|    learning_rate        | 0.0003      |
|    loss                 | 0.000855    |
|    n_updates            | 600         |
|    policy_gradient_loss | -0.0124     |
|    std                  | 0.849       |
|    value_loss           | 0.263       |
-----------------------------------------
------------------------------------------
| rollout/                |              |
|    ep_len_mean          | 8.92e+03     |
|    ep_rew_mean          | -1.05e+03    |
| time/                   |              |
|    fps                  | 402          |
|    iterations           | 62           |
|    time_elapsed         | 315          |
|    total_timesteps      | 126976       |
| train/                  |              |
|    approx_kl            | 0.0070060794 |
|    clip_fraction        | 0.0944       |
|    clip_range           | 0.2          |
|    entropy_loss         | -15          |
|    explained_variance   | 0.0367       |
|    learning_rate        | 0.0003       |
|    loss                 | 1.61         |
|    n_updates            | 610          |
|    policy_gradient_loss | -0.00599     |
|    std                  | 0.849        |
|    value_loss           | 58.8         |
------------------------------------------
------------------------------------------
| rollout/                |              |
|    ep_len_mean          | 8.92e+03     |
|    ep_rew_mean          | -1.05e+03    |
| time/                   |              |
|    fps                  | 402          |
|    iterations           | 63           |
|    time_elapsed         | 320          |
|    total_timesteps      | 129024       |
| train/                  |              |
|    approx_kl            | 0.0088466015 |
|    clip_fraction        | 0.0857       |
|    clip_range           | 0.2          |
|    entropy_loss         | -15          |
|    explained_variance   | 0.564        |
|    learning_rate        | 0.0003       |
|    loss                 | 7.98         |
|    n_updates            | 620          |
|    policy_gradient_loss | -0.00868     |
|    std                  | 0.849        |
|    value_loss           | 19.2         |
------------------------------------------
-----------------------------------------
| rollout/                |             |
|    ep_len_mean          | 8.92e+03    |
|    ep_rew_mean          | -1.05e+03   |
| time/                   |             |
|    fps                  | 402         |
|    iterations           | 64          |
|    time_elapsed         | 325         |
|    total_timesteps      | 131072      |
| train/                  |             |
|    approx_kl            | 0.007825886 |
|    clip_fraction        | 0.0672      |
|    clip_range           | 0.2         |
|    entropy_loss         | -15         |
|    explained_variance   | 0.7         |
|    learning_rate        | 0.0003      |
|    loss                 | 2.29        |
|    n_updates            | 630         |
|    policy_gradient_loss | -0.0085     |
|    std                  | 0.847       |
|    value_loss           | 10.4        |
-----------------------------------------
-----------------------------------------
| rollout/                |             |
|    ep_len_mean          | 8.92e+03    |
|    ep_rew_mean          | -1.05e+03   |
| time/                   |             |
|    fps                  | 403         |
|    iterations           | 65          |
|    time_elapsed         | 330         |
|    total_timesteps      | 133120      |
| train/                  |             |
|    approx_kl            | 0.016627498 |
|    clip_fraction        | 0.153       |
|    clip_range           | 0.2         |
|    entropy_loss         | -15         |
|    explained_variance   | 0.806       |
|    learning_rate        | 0.0003      |
|    loss                 | 1.13        |
|    n_updates            | 640         |
|    policy_gradient_loss | -0.0086     |
|    std                  | 0.847       |
|    value_loss           | 3.5         |
-----------------------------------------
-----------------------------------------
| rollout/                |             |
|    ep_len_mean          | 8.92e+03    |
|    ep_rew_mean          | -1.05e+03   |
| time/                   |             |
|    fps                  | 403         |
|    iterations           | 66          |
|    time_elapsed         | 334         |
|    total_timesteps      | 135168      |
| train/                  |             |
|    approx_kl            | 0.018888785 |
|    clip_fraction        | 0.158       |
|    clip_range           | 0.2         |
|    entropy_loss         | -15         |
|    explained_variance   | 0.725       |
|    learning_rate        | 0.0003      |
|    loss                 | 1.3         |
|    n_updates            | 650         |
|    policy_gradient_loss | -0.0118     |
|    std                  | 0.844       |
|    value_loss           | 3.96        |
-----------------------------------------
----------------------------------------
| rollout/                |            |
|    ep_len_mean          | 8.92e+03   |
|    ep_rew_mean          | -1.05e+03  |
| time/                   |            |
|    fps                  | 403        |
|    iterations           | 67         |
|    time_elapsed         | 339        |
|    total_timesteps      | 137216     |
| train/                  |            |
|    approx_kl            | 0.00858203 |
|    clip_fraction        | 0.122      |
|    clip_range           | 0.2        |
|    entropy_loss         | -14.9      |
|    explained_variance   | 0.157      |
|    learning_rate        | 0.0003     |
|    loss                 | 9.82       |
|    n_updates            | 660        |
|    policy_gradient_loss | -0.00811   |
|    std                  | 0.845      |
|    value_loss           | 81.2       |
----------------------------------------
-----------------------------------------
| rollout/                |             |
|    ep_len_mean          | 8.92e+03    |
|    ep_rew_mean          | -1.05e+03   |
| time/                   |             |
|    fps                  | 403         |
|    iterations           | 68          |
|    time_elapsed         | 344         |
|    total_timesteps      | 139264      |
| train/                  |             |
|    approx_kl            | 0.024707904 |
|    clip_fraction        | 0.275       |
|    clip_range           | 0.2         |
|    entropy_loss         | -14.9       |
|    explained_variance   | 0.65        |
|    learning_rate        | 0.0003      |
|    loss                 | 0.398       |
|    n_updates            | 670         |
|    policy_gradient_loss | -0.0154     |
|    std                  | 0.844       |
|    value_loss           | 0.866       |
-----------------------------------------
----------------------------------------
| rollout/                |            |
|    ep_len_mean          | 8.92e+03   |
|    ep_rew_mean          | -1.05e+03  |
| time/                   |            |
|    fps                  | 403        |
|    iterations           | 69         |
|    time_elapsed         | 349        |
|    total_timesteps      | 141312     |
| train/                  |            |
|    approx_kl            | 0.02462664 |
|    clip_fraction        | 0.248      |
|    clip_range           | 0.2        |
|    entropy_loss         | -15        |
|    explained_variance   | 0.75       |
|    learning_rate        | 0.0003     |
|    loss                 | 0.27       |
|    n_updates            | 680        |
|    policy_gradient_loss | -0.0144    |
|    std                  | 0.847      |
|    value_loss           | 1.01       |
----------------------------------------
-----------------------------------------
| rollout/                |             |
|    ep_len_mean          | 8.92e+03    |
|    ep_rew_mean          | -1.05e+03   |
| time/                   |             |
|    fps                  | 403         |
|    iterations           | 70          |
|    time_elapsed         | 355         |
|    total_timesteps      | 143360      |
| train/                  |             |
|    approx_kl            | 0.026845854 |
|    clip_fraction        | 0.289       |
|    clip_range           | 0.2         |
|    entropy_loss         | -15         |
|    explained_variance   | 0.537       |
|    learning_rate        | 0.0003      |
|    loss                 | 0.0751      |
|    n_updates            | 690         |
|    policy_gradient_loss | -0.0128     |
|    std                  | 0.85        |
|    value_loss           | 0.413       |
-----------------------------------------
-----------------------------------------
| rollout/                |             |
|    ep_len_mean          | 8.92e+03    |
|    ep_rew_mean          | -1.05e+03   |
| time/                   |             |
|    fps                  | 403         |
|    iterations           | 71          |
|    time_elapsed         | 360         |
|    total_timesteps      | 145408      |
| train/                  |             |
|    approx_kl            | 0.008128399 |
|    clip_fraction        | 0.118       |
|    clip_range           | 0.2         |
|    entropy_loss         | -15         |
|    explained_variance   | -0.0187     |
|    learning_rate        | 0.0003      |
|    loss                 | 1.9         |
|    n_updates            | 700         |
|    policy_gradient_loss | -0.0117     |
|    std                  | 0.849       |
|    value_loss           | 82.5        |
-----------------------------------------
-----------------------------------------
| rollout/                |             |
|    ep_len_mean          | 8.92e+03    |
|    ep_rew_mean          | -1.05e+03   |
| time/                   |             |
|    fps                  | 403         |
|    iterations           | 72          |
|    time_elapsed         | 365         |
|    total_timesteps      | 147456      |
| train/                  |             |
|    approx_kl            | 0.022240344 |
|    clip_fraction        | 0.259       |
|    clip_range           | 0.2         |
|    entropy_loss         | -15         |
|    explained_variance   | 0.62        |
|    learning_rate        | 0.0003      |
|    loss                 | 0.368       |
|    n_updates            | 710         |
|    policy_gradient_loss | -0.0181     |
|    std                  | 0.851       |
|    value_loss           | 1.43        |
-----------------------------------------
-----------------------------------------
| rollout/                |             |
|    ep_len_mean          | 8.92e+03    |
|    ep_rew_mean          | -1.05e+03   |
| time/                   |             |
|    fps                  | 404         |
|    iterations           | 73          |
|    time_elapsed         | 369         |
|    total_timesteps      | 149504      |
| train/                  |             |
|    approx_kl            | 0.022062944 |
|    clip_fraction        | 0.229       |
|    clip_range           | 0.2         |
|    entropy_loss         | -15         |
|    explained_variance   | 0.674       |
|    learning_rate        | 0.0003      |
|    loss                 | 0.257       |
|    n_updates            | 720         |
|    policy_gradient_loss | -0.0135     |
|    std                  | 0.85        |
|    value_loss           | 0.77        |
-----------------------------------------
-----------------------------------------
| rollout/                |             |
|    ep_len_mean          | 8.92e+03    |
|    ep_rew_mean          | -1.05e+03   |
| time/                   |             |
|    fps                  | 404         |
|    iterations           | 74          |
|    time_elapsed         | 374         |
|    total_timesteps      | 151552      |
| train/                  |             |
|    approx_kl            | 0.020365166 |
|    clip_fraction        | 0.28        |
|    clip_range           | 0.2         |
|    entropy_loss         | -15         |
|    explained_variance   | 0.735       |
|    learning_rate        | 0.0003      |
|    loss                 | 0.0247      |
|    n_updates            | 730         |
|    policy_gradient_loss | -0.0107     |
|    std                  | 0.85        |
|    value_loss           | 0.372       |
-----------------------------------------
-----------------------------------------
| rollout/                |             |
|    ep_len_mean          | 8.92e+03    |
|    ep_rew_mean          | -1.05e+03   |
| time/                   |             |
|    fps                  | 404         |
|    iterations           | 75          |
|    time_elapsed         | 379         |
|    total_timesteps      | 153600      |
| train/                  |             |
|    approx_kl            | 0.022754056 |
|    clip_fraction        | 0.23        |
|    clip_range           | 0.2         |
|    entropy_loss         | -15         |
|    explained_variance   | 0.772       |
|    learning_rate        | 0.0003      |
|    loss                 | 0.0509      |
|    n_updates            | 740         |
|    policy_gradient_loss | -0.0145     |
|    std                  | 0.85        |
|    value_loss           | 0.393       |
-----------------------------------------
-----------------------------------------
| rollout/                |             |
|    ep_len_mean          | 8.92e+03    |
|    ep_rew_mean          | -1.05e+03   |
| time/                   |             |
|    fps                  | 404         |
|    iterations           | 76          |
|    time_elapsed         | 384         |
|    total_timesteps      | 155648      |
| train/                  |             |
|    approx_kl            | 0.016273415 |
|    clip_fraction        | 0.183       |
|    clip_range           | 0.2         |
|    entropy_loss         | -15         |
|    explained_variance   | 0.0192      |
|    learning_rate        | 0.0003      |
|    loss                 | 1.03        |
|    n_updates            | 750         |
|    policy_gradient_loss | -0.00417    |
|    std                  | 0.85        |
|    value_loss           | 48.7        |
-----------------------------------------
---------------------------------------
| rollout/                |           |
|    ep_len_mean          | 8.92e+03  |
|    ep_rew_mean          | -1.05e+03 |
| time/                   |           |
|    fps                  | 405       |
|    iterations           | 77        |
|    time_elapsed         | 389       |
|    total_timesteps      | 157696    |
| train/                  |           |
|    approx_kl            | 0.0265455 |
|    clip_fraction        | 0.266     |
|    clip_range           | 0.2       |
|    entropy_loss         | -15       |
|    explained_variance   | 0.793     |
|    learning_rate        | 0.0003    |
|    loss                 | 0.0983    |
|    n_updates            | 760       |
|    policy_gradient_loss | -0.0146   |
|    std                  | 0.852     |
|    value_loss           | 0.295     |
---------------------------------------
-----------------------------------------
| rollout/                |             |
|    ep_len_mean          | 8.92e+03    |
|    ep_rew_mean          | -1.05e+03   |
| time/                   |             |
|    fps                  | 404         |
|    iterations           | 78          |
|    time_elapsed         | 394         |
|    total_timesteps      | 159744      |
| train/                  |             |
|    approx_kl            | 0.023915973 |
|    clip_fraction        | 0.268       |
|    clip_range           | 0.2         |
|    entropy_loss         | -15         |
|    explained_variance   | 0.799       |
|    learning_rate        | 0.0003      |
|    loss                 | 0.0253      |
|    n_updates            | 770         |
|    policy_gradient_loss | -0.0159     |
|    std                  | 0.854       |
|    value_loss           | 0.254       |
-----------------------------------------
-----------------------------------------
| rollout/                |             |
|    ep_len_mean          | 8.92e+03    |
|    ep_rew_mean          | -1.05e+03   |
| time/                   |             |
|    fps                  | 404         |
|    iterations           | 79          |
|    time_elapsed         | 399         |
|    total_timesteps      | 161792      |
| train/                  |             |
|    approx_kl            | 0.019181542 |
|    clip_fraction        | 0.245       |
|    clip_range           | 0.2         |
|    entropy_loss         | -15         |
|    explained_variance   | 0.816       |
|    learning_rate        | 0.0003      |
|    loss                 | 0.0084      |
|    n_updates            | 780         |
|    policy_gradient_loss | -0.0132     |
|    std                  | 0.85        |
|    value_loss           | 0.25        |
-----------------------------------------
-----------------------------------------
| rollout/                |             |
|    ep_len_mean          | 8.92e+03    |
|    ep_rew_mean          | -1.05e+03   |
| time/                   |             |
|    fps                  | 404         |
|    iterations           | 80          |
|    time_elapsed         | 404         |
|    total_timesteps      | 163840      |
| train/                  |             |
|    approx_kl            | 0.008092212 |
|    clip_fraction        | 0.103       |
|    clip_range           | 0.2         |
|    entropy_loss         | -15         |
|    explained_variance   | 0.135       |
|    learning_rate        | 0.0003      |
|    loss                 | 161         |
|    n_updates            | 790         |
|    policy_gradient_loss | -0.00483    |
|    std                  | 0.849       |
|    value_loss           | 98          |
-----------------------------------------
----------------------------------------
| rollout/                |            |
|    ep_len_mean          | 8.92e+03   |
|    ep_rew_mean          | -1.05e+03  |
| time/                   |            |
|    fps                  | 405        |
|    iterations           | 81         |
|    time_elapsed         | 409        |
|    total_timesteps      | 165888     |
| train/                  |            |
|    approx_kl            | 0.01678992 |
|    clip_fraction        | 0.141      |
|    clip_range           | 0.2        |
|    entropy_loss         | -15        |
|    explained_variance   | 0.757      |
|    learning_rate        | 0.0003     |
|    loss                 | 0.386      |
|    n_updates            | 800        |
|    policy_gradient_loss | -0.0123    |
|    std                  | 0.849      |
|    value_loss           | 1.77       |
----------------------------------------
-----------------------------------------
| rollout/                |             |
|    ep_len_mean          | 8.92e+03    |
|    ep_rew_mean          | -1.05e+03   |
| time/                   |             |
|    fps                  | 405         |
|    iterations           | 82          |
|    time_elapsed         | 414         |
|    total_timesteps      | 167936      |
| train/                  |             |
|    approx_kl            | 0.016849995 |
|    clip_fraction        | 0.178       |
|    clip_range           | 0.2         |
|    entropy_loss         | -15         |
|    explained_variance   | 0.791       |
|    learning_rate        | 0.0003      |
|    loss                 | 0.229       |
|    n_updates            | 810         |
|    policy_gradient_loss | -0.0149     |
|    std                  | 0.852       |
|    value_loss           | 1.13        |
-----------------------------------------
-----------------------------------------
| rollout/                |             |
|    ep_len_mean          | 8.92e+03    |
|    ep_rew_mean          | -1.05e+03   |
| time/                   |             |
|    fps                  | 405         |
|    iterations           | 83          |
|    time_elapsed         | 419         |
|    total_timesteps      | 169984      |
| train/                  |             |
|    approx_kl            | 0.017408496 |
|    clip_fraction        | 0.197       |
|    clip_range           | 0.2         |
|    entropy_loss         | -15         |
|    explained_variance   | 0.787       |
|    learning_rate        | 0.0003      |
|    loss                 | 0.285       |
|    n_updates            | 820         |
|    policy_gradient_loss | -0.0136     |
|    std                  | 0.85        |
|    value_loss           | 1.03        |
-----------------------------------------
-----------------------------------------
| rollout/                |             |
|    ep_len_mean          | 8.92e+03    |
|    ep_rew_mean          | -1.05e+03   |
| time/                   |             |
|    fps                  | 405         |
|    iterations           | 84          |
|    time_elapsed         | 424         |
|    total_timesteps      | 172032      |
| train/                  |             |
|    approx_kl            | 0.009090984 |
|    clip_fraction        | 0.0906      |
|    clip_range           | 0.2         |
|    entropy_loss         | -15         |
|    explained_variance   | 0.176       |
|    learning_rate        | 0.0003      |
|    loss                 | 24.8        |
|    n_updates            | 830         |
|    policy_gradient_loss | -0.00789    |
|    std                  | 0.849       |
|    value_loss           | 120         |
-----------------------------------------
-----------------------------------------
| rollout/                |             |
|    ep_len_mean          | 8.92e+03    |
|    ep_rew_mean          | -1.05e+03   |
| time/                   |             |
|    fps                  | 405         |
|    iterations           | 85          |
|    time_elapsed         | 429         |
|    total_timesteps      | 174080      |
| train/                  |             |
|    approx_kl            | 0.022229407 |
|    clip_fraction        | 0.224       |
|    clip_range           | 0.2         |
|    entropy_loss         | -15         |
|    explained_variance   | 0.671       |
|    learning_rate        | 0.0003      |
|    loss                 | 0.419       |
|    n_updates            | 840         |
|    policy_gradient_loss | -0.0123     |
|    std                  | 0.852       |
|    value_loss           | 1.39        |
-----------------------------------------
-----------------------------------------
| rollout/                |             |
|    ep_len_mean          | 8.92e+03    |
|    ep_rew_mean          | -1.05e+03   |
| time/                   |             |
|    fps                  | 405         |
|    iterations           | 86          |
|    time_elapsed         | 434         |
|    total_timesteps      | 176128      |
| train/                  |             |
|    approx_kl            | 0.020603705 |
|    clip_fraction        | 0.235       |
|    clip_range           | 0.2         |
|    entropy_loss         | -15         |
|    explained_variance   | 0.733       |
|    learning_rate        | 0.0003      |
|    loss                 | 0.371       |
|    n_updates            | 850         |
|    policy_gradient_loss | -0.0184     |
|    std                  | 0.851       |
|    value_loss           | 1.12        |
-----------------------------------------
-----------------------------------------
| rollout/                |             |
|    ep_len_mean          | 8.92e+03    |
|    ep_rew_mean          | -1.05e+03   |
| time/                   |             |
|    fps                  | 405         |
|    iterations           | 87          |
|    time_elapsed         | 439         |
|    total_timesteps      | 178176      |
| train/                  |             |
|    approx_kl            | 0.026869629 |
|    clip_fraction        | 0.243       |
|    clip_range           | 0.2         |
|    entropy_loss         | -15         |
|    explained_variance   | 0.718       |
|    learning_rate        | 0.0003      |
|    loss                 | 0.256       |
|    n_updates            | 860         |
|    policy_gradient_loss | -0.0137     |
|    std                  | 0.853       |
|    value_loss           | 0.806       |
-----------------------------------------
-----------------------------------------
| rollout/                |             |
|    ep_len_mean          | 8.92e+03    |
|    ep_rew_mean          | -1.04e+03   |
| time/                   |             |
|    fps                  | 405         |
|    iterations           | 88          |
|    time_elapsed         | 444         |
|    total_timesteps      | 180224      |
| train/                  |             |
|    approx_kl            | 0.021173611 |
|    clip_fraction        | 0.23        |
|    clip_range           | 0.2         |
|    entropy_loss         | -15         |
|    explained_variance   | 0.689       |
|    learning_rate        | 0.0003      |
|    loss                 | 0.137       |
|    n_updates            | 870         |
|    policy_gradient_loss | -0.0111     |
|    std                  | 0.854       |
|    value_loss           | 0.565       |
-----------------------------------------
-----------------------------------------
| rollout/                |             |
|    ep_len_mean          | 8.92e+03    |
|    ep_rew_mean          | -1.04e+03   |
| time/                   |             |
|    fps                  | 405         |
|    iterations           | 89          |
|    time_elapsed         | 449         |
|    total_timesteps      | 182272      |
| train/                  |             |
|    approx_kl            | 0.012027774 |
|    clip_fraction        | 0.107       |
|    clip_range           | 0.2         |
|    entropy_loss         | -15         |
|    explained_variance   | -0.0427     |
|    learning_rate        | 0.0003      |
|    loss                 | 1.76        |
|    n_updates            | 880         |
|    policy_gradient_loss | -0.00882    |
|    std                  | 0.854       |
|    value_loss           | 108         |
-----------------------------------------
-----------------------------------------
| rollout/                |             |
|    ep_len_mean          | 8.92e+03    |
|    ep_rew_mean          | -1.04e+03   |
| time/                   |             |
|    fps                  | 405         |
|    iterations           | 90          |
|    time_elapsed         | 454         |
|    total_timesteps      | 184320      |
| train/                  |             |
|    approx_kl            | 0.024315497 |
|    clip_fraction        | 0.294       |
|    clip_range           | 0.2         |
|    entropy_loss         | -15         |
|    explained_variance   | 0.468       |
|    learning_rate        | 0.0003      |
|    loss                 | 0.0552      |
|    n_updates            | 890         |
|    policy_gradient_loss | -0.00916    |
|    std                  | 0.854       |
|    value_loss           | 0.41        |
-----------------------------------------
-----------------------------------------
| rollout/                |             |
|    ep_len_mean          | 8.92e+03    |
|    ep_rew_mean          | -1.04e+03   |
| time/                   |             |
|    fps                  | 405         |
|    iterations           | 91          |
|    time_elapsed         | 459         |
|    total_timesteps      | 186368      |
| train/                  |             |
|    approx_kl            | 0.023889855 |
|    clip_fraction        | 0.267       |
|    clip_range           | 0.2         |
|    entropy_loss         | -15         |
|    explained_variance   | 0.73        |
|    learning_rate        | 0.0003      |
|    loss                 | 0.027       |
|    n_updates            | 900         |
|    policy_gradient_loss | -0.0146     |
|    std                  | 0.853       |
|    value_loss           | 0.3         |
-----------------------------------------
-----------------------------------------
| rollout/                |             |
|    ep_len_mean          | 8.92e+03    |
|    ep_rew_mean          | -1.04e+03   |
| time/                   |             |
|    fps                  | 405         |
|    iterations           | 92          |
|    time_elapsed         | 464         |
|    total_timesteps      | 188416      |
| train/                  |             |
|    approx_kl            | 0.023082813 |
|    clip_fraction        | 0.268       |
|    clip_range           | 0.2         |
|    entropy_loss         | -15         |
|    explained_variance   | 0.712       |
|    learning_rate        | 0.0003      |
|    loss                 | -0.0207     |
|    n_updates            | 910         |
|    policy_gradient_loss | -0.0157     |
|    std                  | 0.856       |
|    value_loss           | 0.3         |
-----------------------------------------
----------------------------------------
| rollout/                |            |
|    ep_len_mean          | 8.92e+03   |
|    ep_rew_mean          | -1.04e+03  |
| time/                   |            |
|    fps                  | 404        |
|    iterations           | 93         |
|    time_elapsed         | 470        |
|    total_timesteps      | 190464     |
| train/                  |            |
|    approx_kl            | 0.00400356 |
|    clip_fraction        | 0.0206     |
|    clip_range           | 0.2        |
|    entropy_loss         | -15        |
|    explained_variance   | -0.00621   |
|    learning_rate        | 0.0003     |
|    loss                 | 5.65       |
|    n_updates            | 920        |
|    policy_gradient_loss | -0.00345   |
|    std                  | 0.856      |
|    value_loss           | 104        |
----------------------------------------
-----------------------------------------
| rollout/                |             |
|    ep_len_mean          | 8.92e+03    |
|    ep_rew_mean          | -1.04e+03   |
| time/                   |             |
|    fps                  | 404         |
|    iterations           | 94          |
|    time_elapsed         | 476         |
|    total_timesteps      | 192512      |
| train/                  |             |
|    approx_kl            | 0.022393825 |
|    clip_fraction        | 0.239       |
|    clip_range           | 0.2         |
|    entropy_loss         | -15         |
|    explained_variance   | 0.604       |
|    learning_rate        | 0.0003      |
|    loss                 | 0.139       |
|    n_updates            | 930         |
|    policy_gradient_loss | -0.0154     |
|    std                  | 0.855       |
|    value_loss           | 0.661       |
-----------------------------------------
-----------------------------------------
| rollout/                |             |
|    ep_len_mean          | 8.92e+03    |
|    ep_rew_mean          | -1.04e+03   |
| time/                   |             |
|    fps                  | 404         |
|    iterations           | 95          |
|    time_elapsed         | 480         |
|    total_timesteps      | 194560      |
| train/                  |             |
|    approx_kl            | 0.022395382 |
|    clip_fraction        | 0.249       |
|    clip_range           | 0.2         |
|    entropy_loss         | -15         |
|    explained_variance   | 0.702       |
|    learning_rate        | 0.0003      |
|    loss                 | 0.0831      |
|    n_updates            | 940         |
|    policy_gradient_loss | -0.0145     |
|    std                  | 0.854       |
|    value_loss           | 0.43        |
-----------------------------------------
----------------------------------------
| rollout/                |            |
|    ep_len_mean          | 8.92e+03   |
|    ep_rew_mean          | -1.04e+03  |
| time/                   |            |
|    fps                  | 404        |
|    iterations           | 96         |
|    time_elapsed         | 485        |
|    total_timesteps      | 196608     |
| train/                  |            |
|    approx_kl            | 0.01986817 |
|    clip_fraction        | 0.265      |
|    clip_range           | 0.2        |
|    entropy_loss         | -15        |
|    explained_variance   | 0.757      |
|    learning_rate        | 0.0003     |
|    loss                 | 0.0194     |
|    n_updates            | 950        |
|    policy_gradient_loss | -0.0159    |
|    std                  | 0.854      |
|    value_loss           | 0.383      |
----------------------------------------
------------------------------------------
| rollout/                |              |
|    ep_len_mean          | 8.92e+03     |
|    ep_rew_mean          | -1.04e+03    |
| time/                   |              |
|    fps                  | 405          |
|    iterations           | 97           |
|    time_elapsed         | 490          |
|    total_timesteps      | 198656       |
| train/                  |              |
|    approx_kl            | 0.0060494523 |
|    clip_fraction        | 0.067        |
|    clip_range           | 0.2          |
|    entropy_loss         | -15          |
|    explained_variance   | 0.0322       |
|    learning_rate        | 0.0003       |
|    loss                 | 39.7         |
|    n_updates            | 960          |
|    policy_gradient_loss | -0.00325     |
|    std                  | 0.854        |
|    value_loss           | 95.5         |
------------------------------------------
-----------------------------------------
| rollout/                |             |
|    ep_len_mean          | 8.92e+03    |
|    ep_rew_mean          | -1.04e+03   |
| time/                   |             |
|    fps                  | 405         |
|    iterations           | 98          |
|    time_elapsed         | 495         |
|    total_timesteps      | 200704      |
| train/                  |             |
|    approx_kl            | 0.018205734 |
|    clip_fraction        | 0.19        |
|    clip_range           | 0.2         |
|    entropy_loss         | -15         |
|    explained_variance   | 0.51        |
|    learning_rate        | 0.0003      |
|    loss                 | 0.507       |
|    n_updates            | 970         |
|    policy_gradient_loss | -0.0102     |
|    std                  | 0.854       |
|    value_loss           | 2.24        |
-----------------------------------------
-----------------------------------------
| rollout/                |             |
|    ep_len_mean          | 8.92e+03    |
|    ep_rew_mean          | -1.04e+03   |
| time/                   |             |
|    fps                  | 405         |
|    iterations           | 99          |
|    time_elapsed         | 500         |
|    total_timesteps      | 202752      |
| train/                  |             |
|    approx_kl            | 0.017461155 |
|    clip_fraction        | 0.172       |
|    clip_range           | 0.2         |
|    entropy_loss         | -15         |
|    explained_variance   | 0.711       |
|    learning_rate        | 0.0003      |
|    loss                 | 2.03        |
|    n_updates            | 980         |
|    policy_gradient_loss | -0.0132     |
|    std                  | 0.855       |
|    value_loss           | 3.55        |
-----------------------------------------
-----------------------------------------
| rollout/                |             |
|    ep_len_mean          | 8.92e+03    |
|    ep_rew_mean          | -1.04e+03   |
| time/                   |             |
|    fps                  | 405         |
|    iterations           | 100         |
|    time_elapsed         | 505         |
|    total_timesteps      | 204800      |
| train/                  |             |
|    approx_kl            | 0.023987865 |
|    clip_fraction        | 0.251       |
|    clip_range           | 0.2         |
|    entropy_loss         | -15         |
|    explained_variance   | 0.777       |
|    learning_rate        | 0.0003      |
|    loss                 | 0.371       |
|    n_updates            | 990         |
|    policy_gradient_loss | -0.00806    |
|    std                  | 0.853       |
|    value_loss           | 1.44        |
-----------------------------------------
-----------------------------------------
| rollout/                |             |
|    ep_len_mean          | 8.92e+03    |
|    ep_rew_mean          | -1.04e+03   |
| time/                   |             |
|    fps                  | 405         |
|    iterations           | 101         |
|    time_elapsed         | 510         |
|    total_timesteps      | 206848      |
| train/                  |             |
|    approx_kl            | 0.029124856 |
|    clip_fraction        | 0.296       |
|    clip_range           | 0.2         |
|    entropy_loss         | -15         |
|    explained_variance   | 0.624       |
|    learning_rate        | 0.0003      |
|    loss                 | 0.149       |
|    n_updates            | 1000        |
|    policy_gradient_loss | -0.00873    |
|    std                  | 0.853       |
|    value_loss           | 0.729       |
-----------------------------------------
-----------------------------------------
| rollout/                |             |
|    ep_len_mean          | 8.92e+03    |
|    ep_rew_mean          | -1.04e+03   |
| time/                   |             |
|    fps                  | 405         |
|    iterations           | 102         |
|    time_elapsed         | 515         |
|    total_timesteps      | 208896      |
| train/                  |             |
|    approx_kl            | 0.007769685 |
|    clip_fraction        | 0.121       |
|    clip_range           | 0.2         |
|    entropy_loss         | -15         |
|    explained_variance   | 0.0268      |
|    learning_rate        | 0.0003      |
|    loss                 | 6.83        |
|    n_updates            | 1010        |
|    policy_gradient_loss | -0.00625    |
|    std                  | 0.853       |
|    value_loss           | 161         |
-----------------------------------------
-----------------------------------------
| rollout/                |             |
|    ep_len_mean          | 8.92e+03    |
|    ep_rew_mean          | -1.04e+03   |
| time/                   |             |
|    fps                  | 405         |
|    iterations           | 103         |
|    time_elapsed         | 520         |
|    total_timesteps      | 210944      |
| train/                  |             |
|    approx_kl            | 0.025526471 |
|    clip_fraction        | 0.254       |
|    clip_range           | 0.2         |
|    entropy_loss         | -15         |
|    explained_variance   | 0.715       |
|    learning_rate        | 0.0003      |
|    loss                 | 0.274       |
|    n_updates            | 1020        |
|    policy_gradient_loss | -0.0103     |
|    std                  | 0.854       |
|    value_loss           | 1.6         |
-----------------------------------------
-----------------------------------------
| rollout/                |             |
|    ep_len_mean          | 8.92e+03    |
|    ep_rew_mean          | -1.04e+03   |
| time/                   |             |
|    fps                  | 405         |
|    iterations           | 104         |
|    time_elapsed         | 524         |
|    total_timesteps      | 212992      |
| train/                  |             |
|    approx_kl            | 0.021135457 |
|    clip_fraction        | 0.232       |
|    clip_range           | 0.2         |
|    entropy_loss         | -15         |
|    explained_variance   | 0.785       |
|    learning_rate        | 0.0003      |
|    loss                 | 0.243       |
|    n_updates            | 1030        |
|    policy_gradient_loss | -0.0146     |
|    std                  | 0.855       |
|    value_loss           | 1.39        |
-----------------------------------------
-----------------------------------------
| rollout/                |             |
|    ep_len_mean          | 8.92e+03    |
|    ep_rew_mean          | -1.04e+03   |
| time/                   |             |
|    fps                  | 405         |
|    iterations           | 105         |
|    time_elapsed         | 529         |
|    total_timesteps      | 215040      |
| train/                  |             |
|    approx_kl            | 0.023581808 |
|    clip_fraction        | 0.284       |
|    clip_range           | 0.2         |
|    entropy_loss         | -15         |
|    explained_variance   | 0.72        |
|    learning_rate        | 0.0003      |
|    loss                 | 0.0717      |
|    n_updates            | 1040        |
|    policy_gradient_loss | -0.0162     |
|    std                  | 0.857       |
|    value_loss           | 0.861       |
-----------------------------------------
------------------------------------------
| rollout/                |              |
|    ep_len_mean          | 8.92e+03     |
|    ep_rew_mean          | -1.04e+03    |
| time/                   |              |
|    fps                  | 405          |
|    iterations           | 106          |
|    time_elapsed         | 534          |
|    total_timesteps      | 217088       |
| train/                  |              |
|    approx_kl            | 0.0068914834 |
|    clip_fraction        | 0.0857       |
|    clip_range           | 0.2          |
|    entropy_loss         | -15.1        |
|    explained_variance   | -0.0132      |
|    learning_rate        | 0.0003       |
|    loss                 | 40.1         |
|    n_updates            | 1050         |
|    policy_gradient_loss | -0.00936     |
|    std                  | 0.857        |
|    value_loss           | 165          |
------------------------------------------
-----------------------------------------
| rollout/                |             |
|    ep_len_mean          | 8.92e+03    |
|    ep_rew_mean          | -1.04e+03   |
| time/                   |             |
|    fps                  | 405         |
|    iterations           | 107         |
|    time_elapsed         | 539         |
|    total_timesteps      | 219136      |
| train/                  |             |
|    approx_kl            | 0.024663005 |
|    clip_fraction        | 0.268       |
|    clip_range           | 0.2         |
|    entropy_loss         | -15         |
|    explained_variance   | 0.676       |
|    learning_rate        | 0.0003      |
|    loss                 | 0.257       |
|    n_updates            | 1060        |
|    policy_gradient_loss | -0.00986    |
|    std                  | 0.857       |
|    value_loss           | 1.41        |
-----------------------------------------
-----------------------------------------
| rollout/                |             |
|    ep_len_mean          | 8.92e+03    |
|    ep_rew_mean          | -1.04e+03   |
| time/                   |             |
|    fps                  | 406         |
|    iterations           | 108         |
|    time_elapsed         | 544         |
|    total_timesteps      | 221184      |
| train/                  |             |
|    approx_kl            | 0.024007086 |
|    clip_fraction        | 0.262       |
|    clip_range           | 0.2         |
|    entropy_loss         | -15.1       |
|    explained_variance   | 0.736       |
|    learning_rate        | 0.0003      |
|    loss                 | 0.509       |
|    n_updates            | 1070        |
|    policy_gradient_loss | -0.0123     |
|    std                  | 0.857       |
|    value_loss           | 1.43        |
-----------------------------------------
----------------------------------------
| rollout/                |            |
|    ep_len_mean          | 8.92e+03   |
|    ep_rew_mean          | -1.04e+03  |
| time/                   |            |
|    fps                  | 406        |
|    iterations           | 109        |
|    time_elapsed         | 549        |
|    total_timesteps      | 223232     |
| train/                  |            |
|    approx_kl            | 0.03390496 |
|    clip_fraction        | 0.337      |
|    clip_range           | 0.2        |
|    entropy_loss         | -15        |
|    explained_variance   | 0.661      |
|    learning_rate        | 0.0003     |
|    loss                 | 0.118      |
|    n_updates            | 1080       |
|    policy_gradient_loss | -0.0076    |
|    std                  | 0.853      |
|    value_loss           | 0.667      |
----------------------------------------
-----------------------------------------
| rollout/                |             |
|    ep_len_mean          | 8.92e+03    |
|    ep_rew_mean          | -1.04e+03   |
| time/                   |             |
|    fps                  | 406         |
|    iterations           | 110         |
|    time_elapsed         | 554         |
|    total_timesteps      | 225280      |
| train/                  |             |
|    approx_kl            | 0.009283579 |
|    clip_fraction        | 0.137       |
|    clip_range           | 0.2         |
|    entropy_loss         | -15         |
|    explained_variance   | 0.0274      |
|    learning_rate        | 0.0003      |
|    loss                 | 3.85        |
|    n_updates            | 1090        |
|    policy_gradient_loss | -0.00646    |
|    std                  | 0.854       |
|    value_loss           | 132         |
-----------------------------------------
------------------------------------------
| rollout/                |              |
|    ep_len_mean          | 8.92e+03     |
|    ep_rew_mean          | -1.04e+03    |
| time/                   |              |
|    fps                  | 406          |
|    iterations           | 111          |
|    time_elapsed         | 559          |
|    total_timesteps      | 227328       |
| train/                  |              |
|    approx_kl            | 0.0086522475 |
|    clip_fraction        | 0.0729       |
|    clip_range           | 0.2          |
|    entropy_loss         | -15          |
|    explained_variance   | 0.514        |
|    learning_rate        | 0.0003       |
|    loss                 | 7.05         |
|    n_updates            | 1100         |
|    policy_gradient_loss | -0.00634     |
|    std                  | 0.854        |
|    value_loss           | 17.4         |
------------------------------------------
-----------------------------------------
| rollout/                |             |
|    ep_len_mean          | 8.92e+03    |
|    ep_rew_mean          | -1.04e+03   |
| time/                   |             |
|    fps                  | 406         |
|    iterations           | 112         |
|    time_elapsed         | 564         |
|    total_timesteps      | 229376      |
| train/                  |             |
|    approx_kl            | 0.008355098 |
|    clip_fraction        | 0.0657      |
|    clip_range           | 0.2         |
|    entropy_loss         | -15         |
|    explained_variance   | 0.696       |
|    learning_rate        | 0.0003      |
|    loss                 | 10.4        |
|    n_updates            | 1110        |
|    policy_gradient_loss | -0.00907    |
|    std                  | 0.854       |
|    value_loss           | 18.9        |
-----------------------------------------
----------------------------------------
| rollout/                |            |
|    ep_len_mean          | 8.92e+03   |
|    ep_rew_mean          | -1.04e+03  |
| time/                   |            |
|    fps                  | 406        |
|    iterations           | 113        |
|    time_elapsed         | 569        |
|    total_timesteps      | 231424     |
| train/                  |            |
|    approx_kl            | 0.02147469 |
|    clip_fraction        | 0.19       |
|    clip_range           | 0.2        |
|    entropy_loss         | -15        |
|    explained_variance   | 0.698      |
|    learning_rate        | 0.0003     |
|    loss                 | 1.15       |
|    n_updates            | 1120       |
|    policy_gradient_loss | -0.00826   |
|    std                  | 0.853      |
|    value_loss           | 3.75       |
----------------------------------------
----------------------------------------
| rollout/                |            |
|    ep_len_mean          | 8.92e+03   |
|    ep_rew_mean          | -1.04e+03  |
| time/                   |            |
|    fps                  | 406        |
|    iterations           | 114        |
|    time_elapsed         | 574        |
|    total_timesteps      | 233472     |
| train/                  |            |
|    approx_kl            | 0.01982407 |
|    clip_fraction        | 0.23       |
|    clip_range           | 0.2        |
|    entropy_loss         | -15        |
|    explained_variance   | 0.635      |
|    learning_rate        | 0.0003     |
|    loss                 | 0.738      |
|    n_updates            | 1130       |
|    policy_gradient_loss | -0.0093    |
|    std                  | 0.853      |
|    value_loss           | 3.77       |
----------------------------------------
-----------------------------------------
| rollout/                |             |
|    ep_len_mean          | 8.92e+03    |
|    ep_rew_mean          | -1.04e+03   |
| time/                   |             |
|    fps                  | 406         |
|    iterations           | 115         |
|    time_elapsed         | 579         |
|    total_timesteps      | 235520      |
| train/                  |             |
|    approx_kl            | 0.009787582 |
|    clip_fraction        | 0.109       |
|    clip_range           | 0.2         |
|    entropy_loss         | -15         |
|    explained_variance   | 0.0757      |
|    learning_rate        | 0.0003      |
|    loss                 | 143         |
|    n_updates            | 1140        |
|    policy_gradient_loss | -0.00969    |
|    std                  | 0.853       |
|    value_loss           | 191         |
-----------------------------------------
----------------------------------------
| rollout/                |            |
|    ep_len_mean          | 8.92e+03   |
|    ep_rew_mean          | -1.04e+03  |
| time/                   |            |
|    fps                  | 406        |
|    iterations           | 116        |
|    time_elapsed         | 584        |
|    total_timesteps      | 237568     |
| train/                  |            |
|    approx_kl            | 0.03529145 |
|    clip_fraction        | 0.385      |
|    clip_range           | 0.2        |
|    entropy_loss         | -15        |
|    explained_variance   | 0.749      |
|    learning_rate        | 0.0003     |
|    loss                 | 0.294      |
|    n_updates            | 1150       |
|    policy_gradient_loss | -0.00552   |
|    std                  | 0.853      |
|    value_loss           | 0.922      |
----------------------------------------
-----------------------------------------
| rollout/                |             |
|    ep_len_mean          | 8.92e+03    |
|    ep_rew_mean          | -1.04e+03   |
| time/                   |             |
|    fps                  | 405         |
|    iterations           | 117         |
|    time_elapsed         | 590         |
|    total_timesteps      | 239616      |
| train/                  |             |
|    approx_kl            | 0.027648903 |
|    clip_fraction        | 0.301       |
|    clip_range           | 0.2         |
|    entropy_loss         | -15         |
|    explained_variance   | 0.738       |
|    learning_rate        | 0.0003      |
|    loss                 | 0.527       |
|    n_updates            | 1160        |
|    policy_gradient_loss | -0.0145     |
|    std                  | 0.851       |
|    value_loss           | 1.46        |
-----------------------------------------
-----------------------------------------
| rollout/                |             |
|    ep_len_mean          | 8.92e+03    |
|    ep_rew_mean          | -1.04e+03   |
| time/                   |             |
|    fps                  | 405         |
|    iterations           | 118         |
|    time_elapsed         | 595         |
|    total_timesteps      | 241664      |
| train/                  |             |
|    approx_kl            | 0.029311702 |
|    clip_fraction        | 0.36        |
|    clip_range           | 0.2         |
|    entropy_loss         | -15         |
|    explained_variance   | 0.652       |
|    learning_rate        | 0.0003      |
|    loss                 | 0.0475      |
|    n_updates            | 1170        |
|    policy_gradient_loss | -0.00945    |
|    std                  | 0.852       |
|    value_loss           | 0.49        |
-----------------------------------------
----------------------------------------
| rollout/                |            |
|    ep_len_mean          | 8.92e+03   |
|    ep_rew_mean          | -1.04e+03  |
| time/                   |            |
|    fps                  | 405        |
|    iterations           | 119        |
|    time_elapsed         | 600        |
|    total_timesteps      | 243712     |
| train/                  |            |
|    approx_kl            | 0.00946448 |
|    clip_fraction        | 0.148      |
|    clip_range           | 0.2        |
|    entropy_loss         | -15        |
|    explained_variance   | -0.0238    |
|    learning_rate        | 0.0003     |
|    loss                 | 352        |
|    n_updates            | 1180       |
|    policy_gradient_loss | -0.0104    |
|    std                  | 0.852      |
|    value_loss           | 232        |
----------------------------------------
----------------------------------------
| rollout/                |            |
|    ep_len_mean          | 8.92e+03   |
|    ep_rew_mean          | -1.04e+03  |
| time/                   |            |
|    fps                  | 405        |
|    iterations           | 120        |
|    time_elapsed         | 606        |
|    total_timesteps      | 245760     |
| train/                  |            |
|    approx_kl            | 0.02289198 |
|    clip_fraction        | 0.256      |
|    clip_range           | 0.2        |
|    entropy_loss         | -15        |
|    explained_variance   | 0.738      |
|    learning_rate        | 0.0003     |
|    loss                 | 0.182      |
|    n_updates            | 1190       |
|    policy_gradient_loss | -0.0109    |
|    std                  | 0.855      |
|    value_loss           | 1.14       |
----------------------------------------
-----------------------------------------
| rollout/                |             |
|    ep_len_mean          | 8.92e+03    |
|    ep_rew_mean          | -1.04e+03   |
| time/                   |             |
|    fps                  | 405         |
|    iterations           | 121         |
|    time_elapsed         | 611         |
|    total_timesteps      | 247808      |
| train/                  |             |
|    approx_kl            | 0.019531079 |
|    clip_fraction        | 0.261       |
|    clip_range           | 0.2         |
|    entropy_loss         | -15.1       |
|    explained_variance   | 0.66        |
|    learning_rate        | 0.0003      |
|    loss                 | 0.401       |
|    n_updates            | 1200        |
|    policy_gradient_loss | -0.012      |
|    std                  | 0.859       |
|    value_loss           | 1.4         |
-----------------------------------------
-----------------------------------------
| rollout/                |             |
|    ep_len_mean          | 8.92e+03    |
|    ep_rew_mean          | -1.04e+03   |
| time/                   |             |
|    fps                  | 405         |
|    iterations           | 122         |
|    time_elapsed         | 615         |
|    total_timesteps      | 249856      |
| train/                  |             |
|    approx_kl            | 0.026731545 |
|    clip_fraction        | 0.325       |
|    clip_range           | 0.2         |
|    entropy_loss         | -15.1       |
|    explained_variance   | 0.717       |
|    learning_rate        | 0.0003      |
|    loss                 | 0.134       |
|    n_updates            | 1210        |
|    policy_gradient_loss | -0.0108     |
|    std                  | 0.864       |
|    value_loss           | 0.481       |
-----------------------------------------
-----------------------------------------
| rollout/                |             |
|    ep_len_mean          | 8.92e+03    |
|    ep_rew_mean          | -1.04e+03   |
| time/                   |             |
|    fps                  | 405         |
|    iterations           | 123         |
|    time_elapsed         | 621         |
|    total_timesteps      | 251904      |
| train/                  |             |
|    approx_kl            | 0.009186214 |
|    clip_fraction        | 0.164       |
|    clip_range           | 0.2         |
|    entropy_loss         | -15.1       |
|    explained_variance   | 0.0189      |
|    learning_rate        | 0.0003      |
|    loss                 | 114         |
|    n_updates            | 1220        |
|    policy_gradient_loss | -0.00336    |
|    std                  | 0.863       |
|    value_loss           | 171         |
-----------------------------------------
-----------------------------------------
| rollout/                |             |
|    ep_len_mean          | 8.92e+03    |
|    ep_rew_mean          | -1.04e+03   |
| time/                   |             |
|    fps                  | 405         |
|    iterations           | 124         |
|    time_elapsed         | 626         |
|    total_timesteps      | 253952      |
| train/                  |             |
|    approx_kl            | 0.020376198 |
|    clip_fraction        | 0.193       |
|    clip_range           | 0.2         |
|    entropy_loss         | -15.1       |
|    explained_variance   | 0.577       |
|    learning_rate        | 0.0003      |
|    loss                 | 0.873       |
|    n_updates            | 1230        |
|    policy_gradient_loss | -0.0138     |
|    std                  | 0.861       |
|    value_loss           | 2.56        |
-----------------------------------------
-----------------------------------------
| rollout/                |             |
|    ep_len_mean          | 8.92e+03    |
|    ep_rew_mean          | -1.04e+03   |
| time/                   |             |
|    fps                  | 405         |
|    iterations           | 125         |
|    time_elapsed         | 631         |
|    total_timesteps      | 256000      |
| train/                  |             |
|    approx_kl            | 0.015490007 |
|    clip_fraction        | 0.139       |
|    clip_range           | 0.2         |
|    entropy_loss         | -15.1       |
|    explained_variance   | 0.781       |
|    learning_rate        | 0.0003      |
|    loss                 | 3.48        |
|    n_updates            | 1240        |
|    policy_gradient_loss | -0.0137     |
|    std                  | 0.86        |
|    value_loss           | 5.02        |
-----------------------------------------
-----------------------------------------
| rollout/                |             |
|    ep_len_mean          | 8.92e+03    |
|    ep_rew_mean          | -1.04e+03   |
| time/                   |             |
|    fps                  | 405         |
|    iterations           | 126         |
|    time_elapsed         | 636         |
|    total_timesteps      | 258048      |
| train/                  |             |
|    approx_kl            | 0.026527144 |
|    clip_fraction        | 0.233       |
|    clip_range           | 0.2         |
|    entropy_loss         | -15.1       |
|    explained_variance   | 0.633       |
|    learning_rate        | 0.0003      |
|    loss                 | 0.435       |
|    n_updates            | 1250        |
|    policy_gradient_loss | -0.0108     |
|    std                  | 0.86        |
|    value_loss           | 1.71        |
-----------------------------------------
----------------------------------------
| rollout/                |            |
|    ep_len_mean          | 8.92e+03   |
|    ep_rew_mean          | -1.04e+03  |
| time/                   |            |
|    fps                  | 405        |
|    iterations           | 127        |
|    time_elapsed         | 641        |
|    total_timesteps      | 260096     |
| train/                  |            |
|    approx_kl            | 0.03531955 |
|    clip_fraction        | 0.329      |
|    clip_range           | 0.2        |
|    entropy_loss         | -15.1      |
|    explained_variance   | 0.649      |
|    learning_rate        | 0.0003     |
|    loss                 | 0.251      |
|    n_updates            | 1260       |
|    policy_gradient_loss | -0.0107    |
|    std                  | 0.859      |
|    value_loss           | 1.18       |
----------------------------------------
------------------------------------------
| rollout/                |              |
|    ep_len_mean          | 8.92e+03     |
|    ep_rew_mean          | -1.04e+03    |
| time/                   |              |
|    fps                  | 405          |
|    iterations           | 128          |
|    time_elapsed         | 646          |
|    total_timesteps      | 262144       |
| train/                  |              |
|    approx_kl            | 0.0051263524 |
|    clip_fraction        | 0.0703       |
|    clip_range           | 0.2          |
|    entropy_loss         | -15.1        |
|    explained_variance   | 0.0488       |
|    learning_rate        | 0.0003       |
|    loss                 | 5.74         |
|    n_updates            | 1270         |
|    policy_gradient_loss | -0.00612     |
|    std                  | 0.859        |
|    value_loss           | 217          |
------------------------------------------
-----------------------------------------
| rollout/                |             |
|    ep_len_mean          | 8.92e+03    |
|    ep_rew_mean          | -1.04e+03   |
| time/                   |             |
|    fps                  | 404         |
|    iterations           | 129         |
|    time_elapsed         | 652         |
|    total_timesteps      | 264192      |
| train/                  |             |
|    approx_kl            | 0.034031335 |
|    clip_fraction        | 0.342       |
|    clip_range           | 0.2         |
|    entropy_loss         | -15.1       |
|    explained_variance   | 0.565       |
|    learning_rate        | 0.0003      |
|    loss                 | 0.171       |
|    n_updates            | 1280        |
|    policy_gradient_loss | -0.00524    |
|    std                  | 0.859       |
|    value_loss           | 0.585       |
-----------------------------------------
----------------------------------------
| rollout/                |            |
|    ep_len_mean          | 8.92e+03   |
|    ep_rew_mean          | -1.04e+03  |
| time/                   |            |
|    fps                  | 404        |
|    iterations           | 130        |
|    time_elapsed         | 657        |
|    total_timesteps      | 266240     |
| train/                  |            |
|    approx_kl            | 0.03450496 |
|    clip_fraction        | 0.367      |
|    clip_range           | 0.2        |
|    entropy_loss         | -15.1      |
|    explained_variance   | 0.607      |
|    learning_rate        | 0.0003     |
|    loss                 | 0.0982     |
|    n_updates            | 1290       |
|    policy_gradient_loss | -0.0094    |
|    std                  | 0.86       |
|    value_loss           | 0.419      |
----------------------------------------
-----------------------------------------
| rollout/                |             |
|    ep_len_mean          | 8.92e+03    |
|    ep_rew_mean          | -1.04e+03   |
| time/                   |             |
|    fps                  | 404         |
|    iterations           | 131         |
|    time_elapsed         | 663         |
|    total_timesteps      | 268288      |
| train/                  |             |
|    approx_kl            | 0.028348725 |
|    clip_fraction        | 0.331       |
|    clip_range           | 0.2         |
|    entropy_loss         | -15.1       |
|    explained_variance   | 0.496       |
|    learning_rate        | 0.0003      |
|    loss                 | 0.0575      |
|    n_updates            | 1300        |
|    policy_gradient_loss | -0.0106     |
|    std                  | 0.864       |
|    value_loss           | 0.4         |
-----------------------------------------
------------------------------------------
| rollout/                |              |
|    ep_len_mean          | 8.92e+03     |
|    ep_rew_mean          | -1.04e+03    |
| time/                   |              |
|    fps                  | 404          |
|    iterations           | 132          |
|    time_elapsed         | 668          |
|    total_timesteps      | 270336       |
| train/                  |              |
|    approx_kl            | 0.0071100164 |
|    clip_fraction        | 0.0842       |
|    clip_range           | 0.2          |
|    entropy_loss         | -15.1        |
|    explained_variance   | -0.000136    |
|    learning_rate        | 0.0003       |
|    loss                 | 51.7         |
|    n_updates            | 1310         |
|    policy_gradient_loss | 0.0017       |
|    std                  | 0.864        |
|    value_loss           | 206          |
------------------------------------------
-----------------------------------------
| rollout/                |             |
|    ep_len_mean          | 8.92e+03    |
|    ep_rew_mean          | -1.04e+03   |
| time/                   |             |
|    fps                  | 404         |
|    iterations           | 133         |
|    time_elapsed         | 672         |
|    total_timesteps      | 272384      |
| train/                  |             |
|    approx_kl            | 0.029555392 |
|    clip_fraction        | 0.246       |
|    clip_range           | 0.2         |
|    entropy_loss         | -15.1       |
|    explained_variance   | 0.78        |
|    learning_rate        | 0.0003      |
|    loss                 | 0.125       |
|    n_updates            | 1320        |
|    policy_gradient_loss | -0.0103     |
|    std                  | 0.862       |
|    value_loss           | 1.61        |
-----------------------------------------
----------------------------------------
| rollout/                |            |
|    ep_len_mean          | 8.92e+03   |
|    ep_rew_mean          | -1.04e+03  |
| time/                   |            |
|    fps                  | 405        |
|    iterations           | 134        |
|    time_elapsed         | 677        |
|    total_timesteps      | 274432     |
| train/                  |            |
|    approx_kl            | 0.02037694 |
|    clip_fraction        | 0.218      |
|    clip_range           | 0.2        |
|    entropy_loss         | -15.1      |
|    explained_variance   | 0.623      |
|    learning_rate        | 0.0003     |
|    loss                 | 0.599      |
|    n_updates            | 1330       |
|    policy_gradient_loss | -0.0101    |
|    std                  | 0.862      |
|    value_loss           | 1.74       |
----------------------------------------
----------------------------------------
| rollout/                |            |
|    ep_len_mean          | 8.92e+03   |
|    ep_rew_mean          | -1.04e+03  |
| time/                   |            |
|    fps                  | 404        |
|    iterations           | 135        |
|    time_elapsed         | 682        |
|    total_timesteps      | 276480     |
| train/                  |            |
|    approx_kl            | 0.04510899 |
|    clip_fraction        | 0.322      |
|    clip_range           | 0.2        |
|    entropy_loss         | -15.1      |
|    explained_variance   | 0.61       |
|    learning_rate        | 0.0003     |
|    loss                 | 0.268      |
|    n_updates            | 1340       |
|    policy_gradient_loss | -0.0117    |
|    std                  | 0.862      |
|    value_loss           | 0.756      |
----------------------------------------
------------------------------------------
| rollout/                |              |
|    ep_len_mean          | 8.92e+03     |
|    ep_rew_mean          | -1.04e+03    |
| time/                   |              |
|    fps                  | 405          |
|    iterations           | 136          |
|    time_elapsed         | 687          |
|    total_timesteps      | 278528       |
| train/                  |              |
|    approx_kl            | 0.0061092367 |
|    clip_fraction        | 0.117        |
|    clip_range           | 0.2          |
|    entropy_loss         | -15.1        |
|    explained_variance   | 0.0101       |
|    learning_rate        | 0.0003       |
|    loss                 | 10.3         |
|    n_updates            | 1350         |
|    policy_gradient_loss | -0.00354     |
|    std                  | 0.862        |
|    value_loss           | 219          |
------------------------------------------
-----------------------------------------
| rollout/                |             |
|    ep_len_mean          | 8.92e+03    |
|    ep_rew_mean          | -1.04e+03   |
| time/                   |             |
|    fps                  | 405         |
|    iterations           | 137         |
|    time_elapsed         | 692         |
|    total_timesteps      | 280576      |
| train/                  |             |
|    approx_kl            | 0.016784526 |
|    clip_fraction        | 0.186       |
|    clip_range           | 0.2         |
|    entropy_loss         | -15.1       |
|    explained_variance   | 0.625       |
|    learning_rate        | 0.0003      |
|    loss                 | 1.49        |
|    n_updates            | 1360        |
|    policy_gradient_loss | -0.011      |
|    std                  | 0.863       |
|    value_loss           | 3.79        |
-----------------------------------------
-----------------------------------------
| rollout/                |             |
|    ep_len_mean          | 8.92e+03    |
|    ep_rew_mean          | -1.04e+03   |
| time/                   |             |
|    fps                  | 404         |
|    iterations           | 138         |
|    time_elapsed         | 698         |
|    total_timesteps      | 282624      |
| train/                  |             |
|    approx_kl            | 0.011102073 |
|    clip_fraction        | 0.128       |
|    clip_range           | 0.2         |
|    entropy_loss         | -15.1       |
|    explained_variance   | 0.764       |
|    learning_rate        | 0.0003      |
|    loss                 | 1.39        |
|    n_updates            | 1370        |
|    policy_gradient_loss | -0.0121     |
|    std                  | 0.863       |
|    value_loss           | 6.87        |
-----------------------------------------
-----------------------------------------
| rollout/                |             |
|    ep_len_mean          | 8.92e+03    |
|    ep_rew_mean          | -1.04e+03   |
| time/                   |             |
|    fps                  | 404         |
|    iterations           | 139         |
|    time_elapsed         | 703         |
|    total_timesteps      | 284672      |
| train/                  |             |
|    approx_kl            | 0.012409866 |
|    clip_fraction        | 0.129       |
|    clip_range           | 0.2         |
|    entropy_loss         | -15.1       |
|    explained_variance   | 0.796       |
|    learning_rate        | 0.0003      |
|    loss                 | 2.41        |
|    n_updates            | 1380        |
|    policy_gradient_loss | -0.0146     |
|    std                  | 0.863       |
|    value_loss           | 6.43        |
-----------------------------------------
-----------------------------------------
| rollout/                |             |
|    ep_len_mean          | 8.92e+03    |
|    ep_rew_mean          | -1.04e+03   |
| time/                   |             |
|    fps                  | 404         |
|    iterations           | 140         |
|    time_elapsed         | 708         |
|    total_timesteps      | 286720      |
| train/                  |             |
|    approx_kl            | 0.018063158 |
|    clip_fraction        | 0.199       |
|    clip_range           | 0.2         |
|    entropy_loss         | -15.1       |
|    explained_variance   | 0.715       |
|    learning_rate        | 0.0003      |
|    loss                 | 0.877       |
|    n_updates            | 1390        |
|    policy_gradient_loss | -0.011      |
|    std                  | 0.861       |
|    value_loss           | 3.31        |
-----------------------------------------
-----------------------------------------
| rollout/                |             |
|    ep_len_mean          | 8.92e+03    |
|    ep_rew_mean          | -1.04e+03   |
| time/                   |             |
|    fps                  | 404         |
|    iterations           | 141         |
|    time_elapsed         | 713         |
|    total_timesteps      | 288768      |
| train/                  |             |
|    approx_kl            | 0.009539634 |
|    clip_fraction        | 0.0917      |
|    clip_range           | 0.2         |
|    entropy_loss         | -15.1       |
|    explained_variance   | 0.0249      |
|    learning_rate        | 0.0003      |
|    loss                 | 10.7        |
|    n_updates            | 1400        |
|    policy_gradient_loss | -0.00476    |
|    std                  | 0.861       |
|    value_loss           | 249         |
-----------------------------------------
-----------------------------------------
| rollout/                |             |
|    ep_len_mean          | 8.92e+03    |
|    ep_rew_mean          | -1.04e+03   |
| time/                   |             |
|    fps                  | 404         |
|    iterations           | 142         |
|    time_elapsed         | 719         |
|    total_timesteps      | 290816      |
| train/                  |             |
|    approx_kl            | 0.041062735 |
|    clip_fraction        | 0.354       |
|    clip_range           | 0.2         |
|    entropy_loss         | -15.1       |
|    explained_variance   | 0.529       |
|    learning_rate        | 0.0003      |
|    loss                 | 0.327       |
|    n_updates            | 1410        |
|    policy_gradient_loss | -0.00849    |
|    std                  | 0.86        |
|    value_loss           | 1.64        |
-----------------------------------------
-----------------------------------------
| rollout/                |             |
|    ep_len_mean          | 8.92e+03    |
|    ep_rew_mean          | -1.04e+03   |
| time/                   |             |
|    fps                  | 404         |
|    iterations           | 143         |
|    time_elapsed         | 724         |
|    total_timesteps      | 292864      |
| train/                  |             |
|    approx_kl            | 0.033941824 |
|    clip_fraction        | 0.302       |
|    clip_range           | 0.2         |
|    entropy_loss         | -15         |
|    explained_variance   | 0.724       |
|    learning_rate        | 0.0003      |
|    loss                 | 0.507       |
|    n_updates            | 1420        |
|    policy_gradient_loss | -0.00915    |
|    std                  | 0.853       |
|    value_loss           | 1.38        |
-----------------------------------------
----------------------------------------
| rollout/                |            |
|    ep_len_mean          | 8.92e+03   |
|    ep_rew_mean          | -1.04e+03  |
| time/                   |            |
|    fps                  | 404        |
|    iterations           | 144        |
|    time_elapsed         | 729        |
|    total_timesteps      | 294912     |
| train/                  |            |
|    approx_kl            | 0.03306107 |
|    clip_fraction        | 0.355      |
|    clip_range           | 0.2        |
|    entropy_loss         | -15        |
|    explained_variance   | 0.587      |
|    learning_rate        | 0.0003     |
|    loss                 | 0.0601     |
|    n_updates            | 1430       |
|    policy_gradient_loss | -0.00654   |
|    std                  | 0.853      |
|    value_loss           | 0.469      |
----------------------------------------
-----------------------------------------
| rollout/                |             |
|    ep_len_mean          | 8.92e+03    |
|    ep_rew_mean          | -1.04e+03   |
| time/                   |             |
|    fps                  | 404         |
|    iterations           | 145         |
|    time_elapsed         | 734         |
|    total_timesteps      | 296960      |
| train/                  |             |
|    approx_kl            | 0.010905427 |
|    clip_fraction        | 0.181       |
|    clip_range           | 0.2         |
|    entropy_loss         | -15         |
|    explained_variance   | -0.00698    |
|    learning_rate        | 0.0003      |
|    loss                 | 7.45        |
|    n_updates            | 1440        |
|    policy_gradient_loss | -0.00113    |
|    std                  | 0.853       |
|    value_loss           | 272         |
-----------------------------------------
-----------------------------------------
| rollout/                |             |
|    ep_len_mean          | 8.92e+03    |
|    ep_rew_mean          | -1.04e+03   |
| time/                   |             |
|    fps                  | 404         |
|    iterations           | 146         |
|    time_elapsed         | 739         |
|    total_timesteps      | 299008      |
| train/                  |             |
|    approx_kl            | 0.029395662 |
|    clip_fraction        | 0.274       |
|    clip_range           | 0.2         |
|    entropy_loss         | -14.9       |
|    explained_variance   | 0.569       |
|    learning_rate        | 0.0003      |
|    loss                 | 0.482       |
|    n_updates            | 1450        |
|    policy_gradient_loss | -0.00827    |
|    std                  | 0.85        |
|    value_loss           | 1.54        |
-----------------------------------------
-----------------------------------------
| rollout/                |             |
|    ep_len_mean          | 8.92e+03    |
|    ep_rew_mean          | -1.04e+03   |
| time/                   |             |
|    fps                  | 404         |
|    iterations           | 147         |
|    time_elapsed         | 744         |
|    total_timesteps      | 301056      |
| train/                  |             |
|    approx_kl            | 0.017358525 |
|    clip_fraction        | 0.228       |
|    clip_range           | 0.2         |
|    entropy_loss         | -14.9       |
|    explained_variance   | 0.702       |
|    learning_rate        | 0.0003      |
|    loss                 | 0.859       |
|    n_updates            | 1460        |
|    policy_gradient_loss | -0.0157     |
|    std                  | 0.853       |
|    value_loss           | 2.09        |
-----------------------------------------
----------------------------------------
| rollout/                |            |
|    ep_len_mean          | 8.92e+03   |
|    ep_rew_mean          | -1.04e+03  |
| time/                   |            |
|    fps                  | 404        |
|    iterations           | 148        |
|    time_elapsed         | 749        |
|    total_timesteps      | 303104     |
| train/                  |            |
|    approx_kl            | 0.02860903 |
|    clip_fraction        | 0.314      |
|    clip_range           | 0.2        |
|    entropy_loss         | -14.9      |
|    explained_variance   | 0.73       |
|    learning_rate        | 0.0003     |
|    loss                 | 0.196      |
|    n_updates            | 1470       |
|    policy_gradient_loss | -0.0128    |
|    std                  | 0.849      |
|    value_loss           | 0.818      |
----------------------------------------
-----------------------------------------
| rollout/                |             |
|    ep_len_mean          | 8.92e+03    |
|    ep_rew_mean          | -1.04e+03   |
| time/                   |             |
|    fps                  | 404         |
|    iterations           | 149         |
|    time_elapsed         | 753         |
|    total_timesteps      | 305152      |
| train/                  |             |
|    approx_kl            | 0.027077794 |
|    clip_fraction        | 0.289       |
|    clip_range           | 0.2         |
|    entropy_loss         | -14.9       |
|    explained_variance   | 0.76        |
|    learning_rate        | 0.0003      |
|    loss                 | 0.16        |
|    n_updates            | 1480        |
|    policy_gradient_loss | -0.0144     |
|    std                  | 0.853       |
|    value_loss           | 0.759       |
-----------------------------------------
-----------------------------------------
| rollout/                |             |
|    ep_len_mean          | 8.92e+03    |
|    ep_rew_mean          | -1.04e+03   |
| time/                   |             |
|    fps                  | 404         |
|    iterations           | 150         |
|    time_elapsed         | 758         |
|    total_timesteps      | 307200      |
| train/                  |             |
|    approx_kl            | 0.009789616 |
|    clip_fraction        | 0.0952      |
|    clip_range           | 0.2         |
|    entropy_loss         | -15         |
|    explained_variance   | -0.0066     |
|    learning_rate        | 0.0003      |
|    loss                 | 16          |
|    n_updates            | 1490        |
|    policy_gradient_loss | -0.00661    |
|    std                  | 0.853       |
|    value_loss           | 272         |
-----------------------------------------
---------------------------------------
| rollout/                |           |
|    ep_len_mean          | 8.92e+03  |
|    ep_rew_mean          | -1.04e+03 |
| time/                   |           |
|    fps                  | 404       |
|    iterations           | 151       |
|    time_elapsed         | 765       |
|    total_timesteps      | 309248    |
| train/                  |           |
|    approx_kl            | 0.0244107 |
|    clip_fraction        | 0.293     |
|    clip_range           | 0.2       |
|    entropy_loss         | -14.9     |
|    explained_variance   | 0.561     |
|    learning_rate        | 0.0003    |
|    loss                 | 0.0804    |
|    n_updates            | 1500      |
|    policy_gradient_loss | -0.00399  |
|    std                  | 0.848     |
|    value_loss           | 0.728     |
---------------------------------------
-----------------------------------------
| rollout/                |             |
|    ep_len_mean          | 8.92e+03    |
|    ep_rew_mean          | -1.04e+03   |
| time/                   |             |
|    fps                  | 403         |
|    iterations           | 152         |
|    time_elapsed         | 771         |
|    total_timesteps      | 311296      |
| train/                  |             |
|    approx_kl            | 0.022602417 |
|    clip_fraction        | 0.284       |
|    clip_range           | 0.2         |
|    entropy_loss         | -14.8       |
|    explained_variance   | 0.696       |
|    learning_rate        | 0.0003      |
|    loss                 | 0.0995      |
|    n_updates            | 1510        |
|    policy_gradient_loss | -0.0159     |
|    std                  | 0.842       |
|    value_loss           | 0.522       |
-----------------------------------------
-----------------------------------------
| rollout/                |             |
|    ep_len_mean          | 8.92e+03    |
|    ep_rew_mean          | -1.03e+03   |
| time/                   |             |
|    fps                  | 402         |
|    iterations           | 153         |
|    time_elapsed         | 777         |
|    total_timesteps      | 313344      |
| train/                  |             |
|    approx_kl            | 0.024956578 |
|    clip_fraction        | 0.265       |
|    clip_range           | 0.2         |
|    entropy_loss         | -14.8       |
|    explained_variance   | 0.824       |
|    learning_rate        | 0.0003      |
|    loss                 | 0.0566      |
|    n_updates            | 1520        |
|    policy_gradient_loss | -0.0127     |
|    std                  | 0.839       |
|    value_loss           | 0.374       |
-----------------------------------------
------------------------------------------
| rollout/                |              |
|    ep_len_mean          | 8.92e+03     |
|    ep_rew_mean          | -1.03e+03    |
| time/                   |              |
|    fps                  | 402          |
|    iterations           | 154          |
|    time_elapsed         | 782          |
|    total_timesteps      | 315392       |
| train/                  |              |
|    approx_kl            | 0.0077850567 |
|    clip_fraction        | 0.06         |
|    clip_range           | 0.2          |
|    entropy_loss         | -14.8        |
|    explained_variance   | 0.0369       |
|    learning_rate        | 0.0003       |
|    loss                 | 5.72         |
|    n_updates            | 1530         |
|    policy_gradient_loss | -0.00289     |
|    std                  | 0.839        |
|    value_loss           | 293          |
------------------------------------------
-----------------------------------------
| rollout/                |             |
|    ep_len_mean          | 8.92e+03    |
|    ep_rew_mean          | -1.03e+03   |
| time/                   |             |
|    fps                  | 402         |
|    iterations           | 155         |
|    time_elapsed         | 788         |
|    total_timesteps      | 317440      |
| train/                  |             |
|    approx_kl            | 0.019048803 |
|    clip_fraction        | 0.166       |
|    clip_range           | 0.2         |
|    entropy_loss         | -14.8       |
|    explained_variance   | 0.687       |
|    learning_rate        | 0.0003      |
|    loss                 | 0.24        |
|    n_updates            | 1540        |
|    policy_gradient_loss | -0.0104     |
|    std                  | 0.837       |
|    value_loss           | 1.77        |
-----------------------------------------
-----------------------------------------
| rollout/                |             |
|    ep_len_mean          | 8.92e+03    |
|    ep_rew_mean          | -1.03e+03   |
| time/                   |             |
|    fps                  | 402         |
|    iterations           | 156         |
|    time_elapsed         | 793         |
|    total_timesteps      | 319488      |
| train/                  |             |
|    approx_kl            | 0.020260133 |
|    clip_fraction        | 0.261       |
|    clip_range           | 0.2         |
|    entropy_loss         | -14.7       |
|    explained_variance   | 0.737       |
|    learning_rate        | 0.0003      |
|    loss                 | 0.343       |
|    n_updates            | 1550        |
|    policy_gradient_loss | -0.0118     |
|    std                  | 0.837       |
|    value_loss           | 0.855       |
-----------------------------------------
-----------------------------------------
| rollout/                |             |
|    ep_len_mean          | 8.92e+03    |
|    ep_rew_mean          | -1.03e+03   |
| time/                   |             |
|    fps                  | 402         |
|    iterations           | 157         |
|    time_elapsed         | 798         |
|    total_timesteps      | 321536      |
| train/                  |             |
|    approx_kl            | 0.025995914 |
|    clip_fraction        | 0.257       |
|    clip_range           | 0.2         |
|    entropy_loss         | -14.7       |
|    explained_variance   | 0.726       |
|    learning_rate        | 0.0003      |
|    loss                 | 0.276       |
|    n_updates            | 1560        |
|    policy_gradient_loss | -0.0131     |
|    std                  | 0.836       |
|    value_loss           | 0.896       |
-----------------------------------------
-----------------------------------------
| rollout/                |             |
|    ep_len_mean          | 8.92e+03    |
|    ep_rew_mean          | -1.03e+03   |
| time/                   |             |
|    fps                  | 402         |
|    iterations           | 158         |
|    time_elapsed         | 803         |
|    total_timesteps      | 323584      |
| train/                  |             |
|    approx_kl            | 0.008088186 |
|    clip_fraction        | 0.067       |
|    clip_range           | 0.2         |
|    entropy_loss         | -14.7       |
|    explained_variance   | 0.0907      |
|    learning_rate        | 0.0003      |
|    loss                 | 469         |
|    n_updates            | 1570        |
|    policy_gradient_loss | -0.00209    |
|    std                  | 0.836       |
|    value_loss           | 277         |
-----------------------------------------
-----------------------------------------
| rollout/                |             |
|    ep_len_mean          | 8.92e+03    |
|    ep_rew_mean          | -1.03e+03   |
| time/                   |             |
|    fps                  | 403         |
|    iterations           | 159         |
|    time_elapsed         | 807         |
|    total_timesteps      | 325632      |
| train/                  |             |
|    approx_kl            | 0.022995338 |
|    clip_fraction        | 0.241       |
|    clip_range           | 0.2         |
|    entropy_loss         | -14.7       |
|    explained_variance   | 0.196       |
|    learning_rate        | 0.0003      |
|    loss                 | 0.468       |
|    n_updates            | 1580        |
|    policy_gradient_loss | -0.00947    |
|    std                  | 0.836       |
|    value_loss           | 2.65        |
-----------------------------------------
-----------------------------------------
| rollout/                |             |
|    ep_len_mean          | 8.92e+03    |
|    ep_rew_mean          | -1.03e+03   |
| time/                   |             |
|    fps                  | 403         |
|    iterations           | 160         |
|    time_elapsed         | 812         |
|    total_timesteps      | 327680      |
| train/                  |             |
|    approx_kl            | 0.018256996 |
|    clip_fraction        | 0.161       |
|    clip_range           | 0.2         |
|    entropy_loss         | -14.7       |
|    explained_variance   | 0.686       |
|    learning_rate        | 0.0003      |
|    loss                 | 1.47        |
|    n_updates            | 1590        |
|    policy_gradient_loss | -0.014      |
|    std                  | 0.836       |
|    value_loss           | 3.8         |
-----------------------------------------
-----------------------------------------
| rollout/                |             |
|    ep_len_mean          | 8.92e+03    |
|    ep_rew_mean          | -1.03e+03   |
| time/                   |             |
|    fps                  | 403         |
|    iterations           | 161         |
|    time_elapsed         | 817         |
|    total_timesteps      | 329728      |
| train/                  |             |
|    approx_kl            | 0.027831256 |
|    clip_fraction        | 0.259       |
|    clip_range           | 0.2         |
|    entropy_loss         | -14.7       |
|    explained_variance   | 0.674       |
|    learning_rate        | 0.0003      |
|    loss                 | 0.704       |
|    n_updates            | 1600        |
|    policy_gradient_loss | -0.0142     |
|    std                  | 0.832       |
|    value_loss           | 1.93        |
-----------------------------------------
-----------------------------------------
| rollout/                |             |
|    ep_len_mean          | 8.92e+03    |
|    ep_rew_mean          | -1.03e+03   |
| time/                   |             |
|    fps                  | 403         |
|    iterations           | 162         |
|    time_elapsed         | 822         |
|    total_timesteps      | 331776      |
| train/                  |             |
|    approx_kl            | 0.029511549 |
|    clip_fraction        | 0.323       |
|    clip_range           | 0.2         |
|    entropy_loss         | -14.6       |
|    explained_variance   | 0.634       |
|    learning_rate        | 0.0003      |
|    loss                 | 0.149       |
|    n_updates            | 1610        |
|    policy_gradient_loss | -0.00467    |
|    std                  | 0.831       |
|    value_loss           | 0.89        |
-----------------------------------------
-----------------------------------------
| rollout/                |             |
|    ep_len_mean          | 8.92e+03    |
|    ep_rew_mean          | -1.03e+03   |
| time/                   |             |
|    fps                  | 403         |
|    iterations           | 163         |
|    time_elapsed         | 827         |
|    total_timesteps      | 333824      |
| train/                  |             |
|    approx_kl            | 0.009732619 |
|    clip_fraction        | 0.161       |
|    clip_range           | 0.2         |
|    entropy_loss         | -14.6       |
|    explained_variance   | 0.00741     |
|    learning_rate        | 0.0003      |
|    loss                 | 12.6        |
|    n_updates            | 1620        |
|    policy_gradient_loss | -0.00428    |
|    std                  | 0.831       |
|    value_loss           | 220         |
-----------------------------------------
----------------------------------------
| rollout/                |            |
|    ep_len_mean          | 8.92e+03   |
|    ep_rew_mean          | -1.03e+03  |
| time/                   |            |
|    fps                  | 403        |
|    iterations           | 164        |
|    time_elapsed         | 832        |
|    total_timesteps      | 335872     |
| train/                  |            |
|    approx_kl            | 0.02886635 |
|    clip_fraction        | 0.299      |
|    clip_range           | 0.2        |
|    entropy_loss         | -14.7      |
|    explained_variance   | 0.508      |
|    learning_rate        | 0.0003     |
|    loss                 | 0.335      |
|    n_updates            | 1630       |
|    policy_gradient_loss | -0.0148    |
|    std                  | 0.834      |
|    value_loss           | 1.07       |
----------------------------------------
-----------------------------------------
| rollout/                |             |
|    ep_len_mean          | 8.92e+03    |
|    ep_rew_mean          | -1.03e+03   |
| time/                   |             |
|    fps                  | 403         |
|    iterations           | 165         |
|    time_elapsed         | 837         |
|    total_timesteps      | 337920      |
| train/                  |             |
|    approx_kl            | 0.027703242 |
|    clip_fraction        | 0.3         |
|    clip_range           | 0.2         |
|    entropy_loss         | -14.7       |
|    explained_variance   | 0.794       |
|    learning_rate        | 0.0003      |
|    loss                 | 0.276       |
|    n_updates            | 1640        |
|    policy_gradient_loss | -0.0114     |
|    std                  | 0.836       |
|    value_loss           | 0.765       |
-----------------------------------------
-----------------------------------------
| rollout/                |             |
|    ep_len_mean          | 8.92e+03    |
|    ep_rew_mean          | -1.03e+03   |
| time/                   |             |
|    fps                  | 403         |
|    iterations           | 166         |
|    time_elapsed         | 842         |
|    total_timesteps      | 339968      |
| train/                  |             |
|    approx_kl            | 0.022768993 |
|    clip_fraction        | 0.269       |
|    clip_range           | 0.2         |
|    entropy_loss         | -14.7       |
|    explained_variance   | 0.549       |
|    learning_rate        | 0.0003      |
|    loss                 | 0.621       |
|    n_updates            | 1650        |
|    policy_gradient_loss | -0.00827    |
|    std                  | 0.839       |
|    value_loss           | 1.95        |
-----------------------------------------
------------------------------------------
| rollout/                |              |
|    ep_len_mean          | 8.92e+03     |
|    ep_rew_mean          | -1.03e+03    |
| time/                   |              |
|    fps                  | 403          |
|    iterations           | 167          |
|    time_elapsed         | 847          |
|    total_timesteps      | 342016       |
| train/                  |              |
|    approx_kl            | 0.0036235468 |
|    clip_fraction        | 0.0371       |
|    clip_range           | 0.2          |
|    entropy_loss         | -14.8        |
|    explained_variance   | 0.0322       |
|    learning_rate        | 0.0003       |
|    loss                 | 228          |
|    n_updates            | 1660         |
|    policy_gradient_loss | -0.00278     |
|    std                  | 0.839        |
|    value_loss           | 271          |
------------------------------------------
-----------------------------------------
| rollout/                |             |
|    ep_len_mean          | 8.92e+03    |
|    ep_rew_mean          | -1.03e+03   |
| time/                   |             |
|    fps                  | 403         |
|    iterations           | 168         |
|    time_elapsed         | 851         |
|    total_timesteps      | 344064      |
| train/                  |             |
|    approx_kl            | 0.029632883 |
|    clip_fraction        | 0.281       |
|    clip_range           | 0.2         |
|    entropy_loss         | -14.8       |
|    explained_variance   | 0.58        |
|    learning_rate        | 0.0003      |
|    loss                 | 0.121       |
|    n_updates            | 1670        |
|    policy_gradient_loss | -0.00979    |
|    std                  | 0.84        |
|    value_loss           | 1.44        |
-----------------------------------------
-----------------------------------------
| rollout/                |             |
|    ep_len_mean          | 8.92e+03    |
|    ep_rew_mean          | -1.03e+03   |
| time/                   |             |
|    fps                  | 404         |
|    iterations           | 169         |
|    time_elapsed         | 856         |
|    total_timesteps      | 346112      |
| train/                  |             |
|    approx_kl            | 0.024405109 |
|    clip_fraction        | 0.287       |
|    clip_range           | 0.2         |
|    entropy_loss         | -14.8       |
|    explained_variance   | 0.751       |
|    learning_rate        | 0.0003      |
|    loss                 | 0.407       |
|    n_updates            | 1680        |
|    policy_gradient_loss | -0.011      |
|    std                  | 0.839       |
|    value_loss           | 1.28        |
-----------------------------------------
----------------------------------------
| rollout/                |            |
|    ep_len_mean          | 8.92e+03   |
|    ep_rew_mean          | -1.03e+03  |
| time/                   |            |
|    fps                  | 403        |
|    iterations           | 170        |
|    time_elapsed         | 861        |
|    total_timesteps      | 348160     |
| train/                  |            |
|    approx_kl            | 0.02978583 |
|    clip_fraction        | 0.325      |
|    clip_range           | 0.2        |
|    entropy_loss         | -14.8      |
|    explained_variance   | 0.646      |
|    learning_rate        | 0.0003     |
|    loss                 | 0.1        |
|    n_updates            | 1690       |
|    policy_gradient_loss | -0.00738   |
|    std                  | 0.842      |
|    value_loss           | 0.45       |
----------------------------------------
-----------------------------------------
| rollout/                |             |
|    ep_len_mean          | 8.92e+03    |
|    ep_rew_mean          | -1.03e+03   |
| time/                   |             |
|    fps                  | 404         |
|    iterations           | 171         |
|    time_elapsed         | 866         |
|    total_timesteps      | 350208      |
| train/                  |             |
|    approx_kl            | 0.007813905 |
|    clip_fraction        | 0.263       |
|    clip_range           | 0.2         |
|    entropy_loss         | -14.8       |
|    explained_variance   | 0.0137      |
|    learning_rate        | 0.0003      |
|    loss                 | 32          |
|    n_updates            | 1700        |
|    policy_gradient_loss | 0.00178     |
|    std                  | 0.842       |
|    value_loss           | 241         |
-----------------------------------------
------------------------------------------
| rollout/                |              |
|    ep_len_mean          | 8.92e+03     |
|    ep_rew_mean          | -1.03e+03    |
| time/                   |              |
|    fps                  | 404          |
|    iterations           | 172          |
|    time_elapsed         | 871          |
|    total_timesteps      | 352256       |
| train/                  |              |
|    approx_kl            | 0.0122748595 |
|    clip_fraction        | 0.111        |
|    clip_range           | 0.2          |
|    entropy_loss         | -14.8        |
|    explained_variance   | 0.585        |
|    learning_rate        | 0.0003       |
|    loss                 | 1.13         |
|    n_updates            | 1710         |
|    policy_gradient_loss | -0.00746     |
|    std                  | 0.842        |
|    value_loss           | 8.14         |
------------------------------------------
-----------------------------------------
| rollout/                |             |
|    ep_len_mean          | 8.92e+03    |
|    ep_rew_mean          | -1.03e+03   |
| time/                   |             |
|    fps                  | 404         |
|    iterations           | 173         |
|    time_elapsed         | 876         |
|    total_timesteps      | 354304      |
| train/                  |             |
|    approx_kl            | 0.007235219 |
|    clip_fraction        | 0.0636      |
|    clip_range           | 0.2         |
|    entropy_loss         | -14.8       |
|    explained_variance   | 0.756       |
|    learning_rate        | 0.0003      |
|    loss                 | 5.38        |
|    n_updates            | 1720        |
|    policy_gradient_loss | -0.00836    |
|    std                  | 0.842       |
|    value_loss           | 19.7        |
-----------------------------------------
-----------------------------------------
| rollout/                |             |
|    ep_len_mean          | 8.92e+03    |
|    ep_rew_mean          | -1.03e+03   |
| time/                   |             |
|    fps                  | 404         |
|    iterations           | 174         |
|    time_elapsed         | 881         |
|    total_timesteps      | 356352      |
| train/                  |             |
|    approx_kl            | 0.010929022 |
|    clip_fraction        | 0.122       |
|    clip_range           | 0.2         |
|    entropy_loss         | -14.8       |
|    explained_variance   | 0.775       |
|    learning_rate        | 0.0003      |
|    loss                 | 1.57        |
|    n_updates            | 1730        |
|    policy_gradient_loss | -0.009      |
|    std                  | 0.843       |
|    value_loss           | 8.05        |
-----------------------------------------
-----------------------------------------
| rollout/                |             |
|    ep_len_mean          | 8.92e+03    |
|    ep_rew_mean          | -1.03e+03   |
| time/                   |             |
|    fps                  | 404         |
|    iterations           | 175         |
|    time_elapsed         | 885         |
|    total_timesteps      | 358400      |
| train/                  |             |
|    approx_kl            | 0.020069573 |
|    clip_fraction        | 0.221       |
|    clip_range           | 0.2         |
|    entropy_loss         | -14.8       |
|    explained_variance   | 0.533       |
|    learning_rate        | 0.0003      |
|    loss                 | 1.16        |
|    n_updates            | 1740        |
|    policy_gradient_loss | -0.0125     |
|    std                  | 0.844       |
|    value_loss           | 4.13        |
-----------------------------------------
----------------------------------------
| rollout/                |            |
|    ep_len_mean          | 8.92e+03   |
|    ep_rew_mean          | -1.03e+03  |
| time/                   |            |
|    fps                  | 404        |
|    iterations           | 176        |
|    time_elapsed         | 890        |
|    total_timesteps      | 360448     |
| train/                  |            |
|    approx_kl            | 0.01031178 |
|    clip_fraction        | 0.103      |
|    clip_range           | 0.2        |
|    entropy_loss         | -14.8      |
|    explained_variance   | 0.0538     |
|    learning_rate        | 0.0003     |
|    loss                 | 228        |
|    n_updates            | 1750       |
|    policy_gradient_loss | -0.00899   |
|    std                  | 0.844      |
|    value_loss           | 407        |
----------------------------------------
-----------------------------------------
| rollout/                |             |
|    ep_len_mean          | 8.92e+03    |
|    ep_rew_mean          | -1.03e+03   |
| time/                   |             |
|    fps                  | 404         |
|    iterations           | 177         |
|    time_elapsed         | 895         |
|    total_timesteps      | 362496      |
| train/                  |             |
|    approx_kl            | 0.037269175 |
|    clip_fraction        | 0.345       |
|    clip_range           | 0.2         |
|    entropy_loss         | -14.8       |
|    explained_variance   | 0.806       |
|    learning_rate        | 0.0003      |
|    loss                 | 0.223       |
|    n_updates            | 1760        |
|    policy_gradient_loss | -0.0086     |
|    std                  | 0.846       |
|    value_loss           | 1.48        |
-----------------------------------------
-----------------------------------------
| rollout/                |             |
|    ep_len_mean          | 8.92e+03    |
|    ep_rew_mean          | -1.03e+03   |
| time/                   |             |
|    fps                  | 405         |
|    iterations           | 178         |
|    time_elapsed         | 900         |
|    total_timesteps      | 364544      |
| train/                  |             |
|    approx_kl            | 0.030445378 |
|    clip_fraction        | 0.307       |
|    clip_range           | 0.2         |
|    entropy_loss         | -14.9       |
|    explained_variance   | 0.792       |
|    learning_rate        | 0.0003      |
|    loss                 | 0.194       |
|    n_updates            | 1770        |
|    policy_gradient_loss | -0.0105     |
|    std                  | 0.848       |
|    value_loss           | 1.34        |
-----------------------------------------
-----------------------------------------
| rollout/                |             |
|    ep_len_mean          | 8.92e+03    |
|    ep_rew_mean          | -1.03e+03   |
| time/                   |             |
|    fps                  | 405         |
|    iterations           | 179         |
|    time_elapsed         | 904         |
|    total_timesteps      | 366592      |
| train/                  |             |
|    approx_kl            | 0.036249004 |
|    clip_fraction        | 0.376       |
|    clip_range           | 0.2         |
|    entropy_loss         | -14.9       |
|    explained_variance   | 0.734       |
|    learning_rate        | 0.0003      |
|    loss                 | 0.188       |
|    n_updates            | 1780        |
|    policy_gradient_loss | -0.00315    |
|    std                  | 0.851       |
|    value_loss           | 0.676       |
-----------------------------------------
------------------------------------------
| rollout/                |              |
|    ep_len_mean          | 8.92e+03     |
|    ep_rew_mean          | -1.03e+03    |
| time/                   |              |
|    fps                  | 405          |
|    iterations           | 180          |
|    time_elapsed         | 909          |
|    total_timesteps      | 368640       |
| train/                  |              |
|    approx_kl            | 0.0054659224 |
|    clip_fraction        | 0.09         |
|    clip_range           | 0.2          |
|    entropy_loss         | -14.9        |
|    explained_variance   | -0.00734     |
|    learning_rate        | 0.0003       |
|    loss                 | 66.6         |
|    n_updates            | 1790         |
|    policy_gradient_loss | -0.00538     |
|    std                  | 0.85         |
|    value_loss           | 375          |
------------------------------------------
-----------------------------------------
| rollout/                |             |
|    ep_len_mean          | 8.92e+03    |
|    ep_rew_mean          | -1.03e+03   |
| time/                   |             |
|    fps                  | 405         |
|    iterations           | 181         |
|    time_elapsed         | 914         |
|    total_timesteps      | 370688      |
| train/                  |             |
|    approx_kl            | 0.016616467 |
|    clip_fraction        | 0.161       |
|    clip_range           | 0.2         |
|    entropy_loss         | -14.9       |
|    explained_variance   | 0.8         |
|    learning_rate        | 0.0003      |
|    loss                 | 0.785       |
|    n_updates            | 1800        |
|    policy_gradient_loss | -0.0147     |
|    std                  | 0.849       |
|    value_loss           | 4.84        |
-----------------------------------------
-----------------------------------------
| rollout/                |             |
|    ep_len_mean          | 8.92e+03    |
|    ep_rew_mean          | -1.03e+03   |
| time/                   |             |
|    fps                  | 405         |
|    iterations           | 182         |
|    time_elapsed         | 919         |
|    total_timesteps      | 372736      |
| train/                  |             |
|    approx_kl            | 0.012688488 |
|    clip_fraction        | 0.143       |
|    clip_range           | 0.2         |
|    entropy_loss         | -14.9       |
|    explained_variance   | 0.779       |
|    learning_rate        | 0.0003      |
|    loss                 | 2.11        |
|    n_updates            | 1810        |
|    policy_gradient_loss | -0.0145     |
|    std                  | 0.848       |
|    value_loss           | 6.37        |
-----------------------------------------
----------------------------------------
| rollout/                |            |
|    ep_len_mean          | 8.92e+03   |
|    ep_rew_mean          | -1.03e+03  |
| time/                   |            |
|    fps                  | 405        |
|    iterations           | 183        |
|    time_elapsed         | 924        |
|    total_timesteps      | 374784     |
| train/                  |            |
|    approx_kl            | 0.02443069 |
|    clip_fraction        | 0.267      |
|    clip_range           | 0.2        |
|    entropy_loss         | -14.9      |
|    explained_variance   | 0.731      |
|    learning_rate        | 0.0003     |
|    loss                 | 0.412      |
|    n_updates            | 1820       |
|    policy_gradient_loss | -0.017     |
|    std                  | 0.851      |
|    value_loss           | 2.39       |
----------------------------------------
-----------------------------------------
| rollout/                |             |
|    ep_len_mean          | 8.92e+03    |
|    ep_rew_mean          | -1.03e+03   |
| time/                   |             |
|    fps                  | 405         |
|    iterations           | 184         |
|    time_elapsed         | 929         |
|    total_timesteps      | 376832      |
| train/                  |             |
|    approx_kl            | 0.007479665 |
|    clip_fraction        | 0.143       |
|    clip_range           | 0.2         |
|    entropy_loss         | -14.9       |
|    explained_variance   | 0.048       |
|    learning_rate        | 0.0003      |
|    loss                 | 47.2        |
|    n_updates            | 1830        |
|    policy_gradient_loss | -0.00491    |
|    std                  | 0.851       |
|    value_loss           | 320         |
-----------------------------------------
-----------------------------------------
| rollout/                |             |
|    ep_len_mean          | 8.92e+03    |
|    ep_rew_mean          | -1.03e+03   |
| time/                   |             |
|    fps                  | 405         |
|    iterations           | 185         |
|    time_elapsed         | 934         |
|    total_timesteps      | 378880      |
| train/                  |             |
|    approx_kl            | 0.013301556 |
|    clip_fraction        | 0.105       |
|    clip_range           | 0.2         |
|    entropy_loss         | -14.9       |
|    explained_variance   | 0.589       |
|    learning_rate        | 0.0003      |
|    loss                 | 3.36        |
|    n_updates            | 1840        |
|    policy_gradient_loss | -0.01       |
|    std                  | 0.851       |
|    value_loss           | 26.7        |
-----------------------------------------
------------------------------------------
| rollout/                |              |
|    ep_len_mean          | 8.92e+03     |
|    ep_rew_mean          | -1.03e+03    |
| time/                   |              |
|    fps                  | 405          |
|    iterations           | 186          |
|    time_elapsed         | 939          |
|    total_timesteps      | 380928       |
| train/                  |              |
|    approx_kl            | 0.0070221564 |
|    clip_fraction        | 0.0647       |
|    clip_range           | 0.2          |
|    entropy_loss         | -14.9        |
|    explained_variance   | 0.7          |
|    learning_rate        | 0.0003       |
|    loss                 | 12.9         |
|    n_updates            | 1850         |
|    policy_gradient_loss | -0.00905     |
|    std                  | 0.852        |
|    value_loss           | 31.3         |
------------------------------------------
-----------------------------------------
| rollout/                |             |
|    ep_len_mean          | 8.92e+03    |
|    ep_rew_mean          | -1.03e+03   |
| time/                   |             |
|    fps                  | 405         |
|    iterations           | 187         |
|    time_elapsed         | 944         |
|    total_timesteps      | 382976      |
| train/                  |             |
|    approx_kl            | 0.021487786 |
|    clip_fraction        | 0.218       |
|    clip_range           | 0.2         |
|    entropy_loss         | -14.9       |
|    explained_variance   | 0.712       |
|    learning_rate        | 0.0003      |
|    loss                 | 2.07        |
|    n_updates            | 1860        |
|    policy_gradient_loss | -0.0101     |
|    std                  | 0.852       |
|    value_loss           | 6.47        |
-----------------------------------------
-----------------------------------------
| rollout/                |             |
|    ep_len_mean          | 8.92e+03    |
|    ep_rew_mean          | -1.03e+03   |
| time/                   |             |
|    fps                  | 405         |
|    iterations           | 188         |
|    time_elapsed         | 949         |
|    total_timesteps      | 385024      |
| train/                  |             |
|    approx_kl            | 0.022411207 |
|    clip_fraction        | 0.23        |
|    clip_range           | 0.2         |
|    entropy_loss         | -14.9       |
|    explained_variance   | 0.657       |
|    learning_rate        | 0.0003      |
|    loss                 | 1.38        |
|    n_updates            | 1870        |
|    policy_gradient_loss | -0.0123     |
|    std                  | 0.854       |
|    value_loss           | 6.69        |
-----------------------------------------
------------------------------------------
| rollout/                |              |
|    ep_len_mean          | 8.92e+03     |
|    ep_rew_mean          | -1.03e+03    |
| time/                   |              |
|    fps                  | 405          |
|    iterations           | 189          |
|    time_elapsed         | 954          |
|    total_timesteps      | 387072       |
| train/                  |              |
|    approx_kl            | 0.0085444525 |
|    clip_fraction        | 0.0938       |
|    clip_range           | 0.2          |
|    entropy_loss         | -15          |
|    explained_variance   | 0.0834       |
|    learning_rate        | 0.0003       |
|    loss                 | 5.59         |
|    n_updates            | 1880         |
|    policy_gradient_loss | -0.00776     |
|    std                  | 0.853        |
|    value_loss           | 489          |
------------------------------------------
-----------------------------------------
| rollout/                |             |
|    ep_len_mean          | 8.92e+03    |
|    ep_rew_mean          | -1.03e+03   |
| time/                   |             |
|    fps                  | 405         |
|    iterations           | 190         |
|    time_elapsed         | 959         |
|    total_timesteps      | 389120      |
| train/                  |             |
|    approx_kl            | 0.019795798 |
|    clip_fraction        | 0.23        |
|    clip_range           | 0.2         |
|    entropy_loss         | -15         |
|    explained_variance   | 0.796       |
|    learning_rate        | 0.0003      |
|    loss                 | 4.79        |
|    n_updates            | 1890        |
|    policy_gradient_loss | -0.0115     |
|    std                  | 0.856       |
|    value_loss           | 8.07        |
-----------------------------------------
-----------------------------------------
| rollout/                |             |
|    ep_len_mean          | 8.92e+03    |
|    ep_rew_mean          | -1.03e+03   |
| time/                   |             |
|    fps                  | 405         |
|    iterations           | 191         |
|    time_elapsed         | 964         |
|    total_timesteps      | 391168      |
| train/                  |             |
|    approx_kl            | 0.017546687 |
|    clip_fraction        | 0.187       |
|    clip_range           | 0.2         |
|    entropy_loss         | -15         |
|    explained_variance   | 0.795       |
|    learning_rate        | 0.0003      |
|    loss                 | 2.51        |
|    n_updates            | 1900        |
|    policy_gradient_loss | -0.0128     |
|    std                  | 0.858       |
|    value_loss           | 9.64        |
-----------------------------------------
-----------------------------------------
| rollout/                |             |
|    ep_len_mean          | 8.92e+03    |
|    ep_rew_mean          | -1.03e+03   |
| time/                   |             |
|    fps                  | 405         |
|    iterations           | 192         |
|    time_elapsed         | 970         |
|    total_timesteps      | 393216      |
| train/                  |             |
|    approx_kl            | 0.031626943 |
|    clip_fraction        | 0.32        |
|    clip_range           | 0.2         |
|    entropy_loss         | -15         |
|    explained_variance   | 0.775       |
|    learning_rate        | 0.0003      |
|    loss                 | 0.817       |
|    n_updates            | 1910        |
|    policy_gradient_loss | -0.00762    |
|    std                  | 0.86        |
|    value_loss           | 3.35        |
-----------------------------------------
-----------------------------------------
| rollout/                |             |
|    ep_len_mean          | 8.92e+03    |
|    ep_rew_mean          | -1.03e+03   |
| time/                   |             |
|    fps                  | 404         |
|    iterations           | 193         |
|    time_elapsed         | 976         |
|    total_timesteps      | 395264      |
| train/                  |             |
|    approx_kl            | 0.010646382 |
|    clip_fraction        | 0.127       |
|    clip_range           | 0.2         |
|    entropy_loss         | -15.1       |
|    explained_variance   | 0.0826      |
|    learning_rate        | 0.0003      |
|    loss                 | 504         |
|    n_updates            | 1920        |
|    policy_gradient_loss | -0.00423    |
|    std                  | 0.86        |
|    value_loss           | 281         |
-----------------------------------------
-----------------------------------------
| rollout/                |             |
|    ep_len_mean          | 8.92e+03    |
|    ep_rew_mean          | -1.03e+03   |
| time/                   |             |
|    fps                  | 404         |
|    iterations           | 194         |
|    time_elapsed         | 982         |
|    total_timesteps      | 397312      |
| train/                  |             |
|    approx_kl            | 0.026127359 |
|    clip_fraction        | 0.362       |
|    clip_range           | 0.2         |
|    entropy_loss         | -15.1       |
|    explained_variance   | 0.782       |
|    learning_rate        | 0.0003      |
|    loss                 | 0.801       |
|    n_updates            | 1930        |
|    policy_gradient_loss | -0.00666    |
|    std                  | 0.862       |
|    value_loss           | 2.13        |
-----------------------------------------
-----------------------------------------
| rollout/                |             |
|    ep_len_mean          | 8.92e+03    |
|    ep_rew_mean          | -1.03e+03   |
| time/                   |             |
|    fps                  | 404         |
|    iterations           | 195         |
|    time_elapsed         | 988         |
|    total_timesteps      | 399360      |
| train/                  |             |
|    approx_kl            | 0.024546394 |
|    clip_fraction        | 0.225       |
|    clip_range           | 0.2         |
|    entropy_loss         | -15.1       |
|    explained_variance   | 0.766       |
|    learning_rate        | 0.0003      |
|    loss                 | 0.667       |
|    n_updates            | 1940        |
|    policy_gradient_loss | -0.0112     |
|    std                  | 0.862       |
|    value_loss           | 4.06        |
-----------------------------------------
-----------------------------------------
| rollout/                |             |
|    ep_len_mean          | 8.92e+03    |
|    ep_rew_mean          | -1.03e+03   |
| time/                   |             |
|    fps                  | 403         |
|    iterations           | 196         |
|    time_elapsed         | 993         |
|    total_timesteps      | 401408      |
| train/                  |             |
|    approx_kl            | 0.037118398 |
|    clip_fraction        | 0.388       |
|    clip_range           | 0.2         |
|    entropy_loss         | -15.1       |
|    explained_variance   | 0.711       |
|    learning_rate        | 0.0003      |
|    loss                 | 0.392       |
|    n_updates            | 1950        |
|    policy_gradient_loss | -0.00555    |
|    std                  | 0.865       |
|    value_loss           | 1.06        |
-----------------------------------------
-----------------------------------------
| rollout/                |             |
|    ep_len_mean          | 8.92e+03    |
|    ep_rew_mean          | -1.03e+03   |
| time/                   |             |
|    fps                  | 403         |
|    iterations           | 197         |
|    time_elapsed         | 999         |
|    total_timesteps      | 403456      |
| train/                  |             |
|    approx_kl            | 0.010688024 |
|    clip_fraction        | 0.142       |
|    clip_range           | 0.2         |
|    entropy_loss         | -15.1       |
|    explained_variance   | 0.0211      |
|    learning_rate        | 0.0003      |
|    loss                 | 31.2        |
|    n_updates            | 1960        |
|    policy_gradient_loss | -0.00285    |
|    std                  | 0.865       |
|    value_loss           | 364         |
-----------------------------------------
-----------------------------------------
| rollout/                |             |
|    ep_len_mean          | 8.92e+03    |
|    ep_rew_mean          | -1.03e+03   |
| time/                   |             |
|    fps                  | 403         |
|    iterations           | 198         |
|    time_elapsed         | 1005        |
|    total_timesteps      | 405504      |
| train/                  |             |
|    approx_kl            | 0.018196404 |
|    clip_fraction        | 0.182       |
|    clip_range           | 0.2         |
|    entropy_loss         | -15.1       |
|    explained_variance   | 0.586       |
|    learning_rate        | 0.0003      |
|    loss                 | 0.816       |
|    n_updates            | 1970        |
|    policy_gradient_loss | -0.00758    |
|    std                  | 0.867       |
|    value_loss           | 6.99        |
-----------------------------------------
------------------------------------------
| rollout/                |              |
|    ep_len_mean          | 8.92e+03     |
|    ep_rew_mean          | -1.03e+03    |
| time/                   |              |
|    fps                  | 403          |
|    iterations           | 199          |
|    time_elapsed         | 1009         |
|    total_timesteps      | 407552       |
| train/                  |              |
|    approx_kl            | 0.0123665575 |
|    clip_fraction        | 0.107        |
|    clip_range           | 0.2          |
|    entropy_loss         | -15.1        |
|    explained_variance   | 0.79         |
|    learning_rate        | 0.0003       |
|    loss                 | 5.22         |
|    n_updates            | 1980         |
|    policy_gradient_loss | -0.011       |
|    std                  | 0.867        |
|    value_loss           | 14.5         |
------------------------------------------
-----------------------------------------
| rollout/                |             |
|    ep_len_mean          | 8.92e+03    |
|    ep_rew_mean          | -1.03e+03   |
| time/                   |             |
|    fps                  | 403         |
|    iterations           | 200         |
|    time_elapsed         | 1014        |
|    total_timesteps      | 409600      |
| train/                  |             |
|    approx_kl            | 0.015055358 |
|    clip_fraction        | 0.176       |
|    clip_range           | 0.2         |
|    entropy_loss         | -15.1       |
|    explained_variance   | 0.824       |
|    learning_rate        | 0.0003      |
|    loss                 | 1.19        |
|    n_updates            | 1990        |
|    policy_gradient_loss | -0.0102     |
|    std                  | 0.868       |
|    value_loss           | 6.88        |
-----------------------------------------
-----------------------------------------
| rollout/                |             |
|    ep_len_mean          | 8.92e+03    |
|    ep_rew_mean          | -1.03e+03   |
| time/                   |             |
|    fps                  | 403         |
|    iterations           | 201         |
|    time_elapsed         | 1020        |
|    total_timesteps      | 411648      |
| train/                  |             |
|    approx_kl            | 0.022214206 |
|    clip_fraction        | 0.237       |
|    clip_range           | 0.2         |
|    entropy_loss         | -15.1       |
|    explained_variance   | 0.638       |
|    learning_rate        | 0.0003      |
|    loss                 | 1.65        |
|    n_updates            | 2000        |
|    policy_gradient_loss | -0.0159     |
|    std                  | 0.869       |
|    value_loss           | 5.89        |
-----------------------------------------
------------------------------------------
| rollout/                |              |
|    ep_len_mean          | 8.92e+03     |
|    ep_rew_mean          | -1.03e+03    |
| time/                   |              |
|    fps                  | 403          |
|    iterations           | 202          |
|    time_elapsed         | 1024         |
|    total_timesteps      | 413696       |
| train/                  |              |
|    approx_kl            | 0.0067824665 |
|    clip_fraction        | 0.0809       |
|    clip_range           | 0.2          |
|    entropy_loss         | -15.2        |
|    explained_variance   | 0.0802       |
|    learning_rate        | 0.0003       |
|    loss                 | 493          |
|    n_updates            | 2010         |
|    policy_gradient_loss | -0.00916     |
|    std                  | 0.869        |
|    value_loss           | 543          |
------------------------------------------
----------------------------------------
| rollout/                |            |
|    ep_len_mean          | 8.92e+03   |
|    ep_rew_mean          | -1.03e+03  |
| time/                   |            |
|    fps                  | 403        |
|    iterations           | 203        |
|    time_elapsed         | 1029       |
|    total_timesteps      | 415744     |
| train/                  |            |
|    approx_kl            | 0.02331654 |
|    clip_fraction        | 0.157      |
|    clip_range           | 0.2        |
|    entropy_loss         | -15.2      |
|    explained_variance   | 0.804      |
|    learning_rate        | 0.0003     |
|    loss                 | 1.72       |
|    n_updates            | 2020       |
|    policy_gradient_loss | -0.00962   |
|    std                  | 0.869      |
|    value_loss           | 13.2       |
----------------------------------------
-----------------------------------------
| rollout/                |             |
|    ep_len_mean          | 8.92e+03    |
|    ep_rew_mean          | -1.03e+03   |
| time/                   |             |
|    fps                  | 403         |
|    iterations           | 204         |
|    time_elapsed         | 1034        |
|    total_timesteps      | 417792      |
| train/                  |             |
|    approx_kl            | 0.017981024 |
|    clip_fraction        | 0.191       |
|    clip_range           | 0.2         |
|    entropy_loss         | -15.2       |
|    explained_variance   | 0.813       |
|    learning_rate        | 0.0003      |
|    loss                 | 3.91        |
|    n_updates            | 2030        |
|    policy_gradient_loss | -0.0155     |
|    std                  | 0.87        |
|    value_loss           | 13.2        |
-----------------------------------------
-----------------------------------------
| rollout/                |             |
|    ep_len_mean          | 8.92e+03    |
|    ep_rew_mean          | -1.03e+03   |
| time/                   |             |
|    fps                  | 403         |
|    iterations           | 205         |
|    time_elapsed         | 1039        |
|    total_timesteps      | 419840      |
| train/                  |             |
|    approx_kl            | 0.024330698 |
|    clip_fraction        | 0.247       |
|    clip_range           | 0.2         |
|    entropy_loss         | -15.2       |
|    explained_variance   | 0.72        |
|    learning_rate        | 0.0003      |
|    loss                 | 2.65        |
|    n_updates            | 2040        |
|    policy_gradient_loss | -0.0139     |
|    std                  | 0.871       |
|    value_loss           | 7.15        |
-----------------------------------------
-----------------------------------------
| rollout/                |             |
|    ep_len_mean          | 8.92e+03    |
|    ep_rew_mean          | -1.03e+03   |
| time/                   |             |
|    fps                  | 403         |
|    iterations           | 206         |
|    time_elapsed         | 1044        |
|    total_timesteps      | 421888      |
| train/                  |             |
|    approx_kl            | 0.010024389 |
|    clip_fraction        | 0.142       |
|    clip_range           | 0.2         |
|    entropy_loss         | -15.2       |
|    explained_variance   | 0.065       |
|    learning_rate        | 0.0003      |
|    loss                 | 9.07        |
|    n_updates            | 2050        |
|    policy_gradient_loss | -0.00513    |
|    std                  | 0.872       |
|    value_loss           | 361         |
-----------------------------------------
----------------------------------------
| rollout/                |            |
|    ep_len_mean          | 8.92e+03   |
|    ep_rew_mean          | -1.03e+03  |
| time/                   |            |
|    fps                  | 403        |
|    iterations           | 207        |
|    time_elapsed         | 1049       |
|    total_timesteps      | 423936     |
| train/                  |            |
|    approx_kl            | 0.04273299 |
|    clip_fraction        | 0.362      |
|    clip_range           | 0.2        |
|    entropy_loss         | -15.2      |
|    explained_variance   | 0.789      |
|    learning_rate        | 0.0003     |
|    loss                 | 0.902      |
|    n_updates            | 2060       |
|    policy_gradient_loss | -0.00837   |
|    std                  | 0.87       |
|    value_loss           | 3.61       |
----------------------------------------
-----------------------------------------
| rollout/                |             |
|    ep_len_mean          | 8.92e+03    |
|    ep_rew_mean          | -1.03e+03   |
| time/                   |             |
|    fps                  | 404         |
|    iterations           | 208         |
|    time_elapsed         | 1054        |
|    total_timesteps      | 425984      |
| train/                  |             |
|    approx_kl            | 0.014312062 |
|    clip_fraction        | 0.206       |
|    clip_range           | 0.2         |
|    entropy_loss         | -15.2       |
|    explained_variance   | 0.704       |
|    learning_rate        | 0.0003      |
|    loss                 | 3.35        |
|    n_updates            | 2070        |
|    policy_gradient_loss | -0.0138     |
|    std                  | 0.871       |
|    value_loss           | 13.6        |
-----------------------------------------
----------------------------------------
| rollout/                |            |
|    ep_len_mean          | 8.92e+03   |
|    ep_rew_mean          | -1.03e+03  |
| time/                   |            |
|    fps                  | 403        |
|    iterations           | 209        |
|    time_elapsed         | 1060       |
|    total_timesteps      | 428032     |
| train/                  |            |
|    approx_kl            | 0.03621345 |
|    clip_fraction        | 0.372      |
|    clip_range           | 0.2        |
|    entropy_loss         | -15.2      |
|    explained_variance   | 0.64       |
|    learning_rate        | 0.0003     |
|    loss                 | 2.08       |
|    n_updates            | 2080       |
|    policy_gradient_loss | -0.00913   |
|    std                  | 0.868      |
|    value_loss           | 3.69       |
----------------------------------------
-----------------------------------------
| rollout/                |             |
|    ep_len_mean          | 8.92e+03    |
|    ep_rew_mean          | -1.03e+03   |
| time/                   |             |
|    fps                  | 403         |
|    iterations           | 210         |
|    time_elapsed         | 1065        |
|    total_timesteps      | 430080      |
| train/                  |             |
|    approx_kl            | 0.011023824 |
|    clip_fraction        | 0.132       |
|    clip_range           | 0.2         |
|    entropy_loss         | -15.1       |
|    explained_variance   | 0.0654      |
|    learning_rate        | 0.0003      |
|    loss                 | 221         |
|    n_updates            | 2090        |
|    policy_gradient_loss | -0.0077     |
|    std                  | 0.867       |
|    value_loss           | 321         |
-----------------------------------------
-----------------------------------------
| rollout/                |             |
|    ep_len_mean          | 8.92e+03    |
|    ep_rew_mean          | -1.03e+03   |
| time/                   |             |
|    fps                  | 403         |
|    iterations           | 211         |
|    time_elapsed         | 1070        |
|    total_timesteps      | 432128      |
| train/                  |             |
|    approx_kl            | 0.019266112 |
|    clip_fraction        | 0.194       |
|    clip_range           | 0.2         |
|    entropy_loss         | -15.2       |
|    explained_variance   | 0.524       |
|    learning_rate        | 0.0003      |
|    loss                 | 5.45        |
|    n_updates            | 2100        |
|    policy_gradient_loss | -0.00928    |
|    std                  | 0.869       |
|    value_loss           | 21.7        |
-----------------------------------------
-----------------------------------------
| rollout/                |             |
|    ep_len_mean          | 8.92e+03    |
|    ep_rew_mean          | -1.03e+03   |
| time/                   |             |
|    fps                  | 403         |
|    iterations           | 212         |
|    time_elapsed         | 1074        |
|    total_timesteps      | 434176      |
| train/                  |             |
|    approx_kl            | 0.014590513 |
|    clip_fraction        | 0.163       |
|    clip_range           | 0.2         |
|    entropy_loss         | -15.2       |
|    explained_variance   | 0.783       |
|    learning_rate        | 0.0003      |
|    loss                 | 9.96        |
|    n_updates            | 2110        |
|    policy_gradient_loss | -0.0135     |
|    std                  | 0.87        |
|    value_loss           | 27.6        |
-----------------------------------------
-----------------------------------------
| rollout/                |             |
|    ep_len_mean          | 8.92e+03    |
|    ep_rew_mean          | -1.03e+03   |
| time/                   |             |
|    fps                  | 403         |
|    iterations           | 213         |
|    time_elapsed         | 1080        |
|    total_timesteps      | 436224      |
| train/                  |             |
|    approx_kl            | 0.014320819 |
|    clip_fraction        | 0.132       |
|    clip_range           | 0.2         |
|    entropy_loss         | -15.2       |
|    explained_variance   | 0.836       |
|    learning_rate        | 0.0003      |
|    loss                 | 13.3        |
|    n_updates            | 2120        |
|    policy_gradient_loss | -0.0115     |
|    std                  | 0.872       |
|    value_loss           | 35.4        |
-----------------------------------------
-----------------------------------------
| rollout/                |             |
|    ep_len_mean          | 8.92e+03    |
|    ep_rew_mean          | -1.03e+03   |
| time/                   |             |
|    fps                  | 403         |
|    iterations           | 214         |
|    time_elapsed         | 1086        |
|    total_timesteps      | 438272      |
| train/                  |             |
|    approx_kl            | 0.020631105 |
|    clip_fraction        | 0.228       |
|    clip_range           | 0.2         |
|    entropy_loss         | -15.2       |
|    explained_variance   | 0.776       |
|    learning_rate        | 0.0003      |
|    loss                 | 5.72        |
|    n_updates            | 2130        |
|    policy_gradient_loss | -0.0116     |
|    std                  | 0.872       |
|    value_loss           | 11.9        |
-----------------------------------------
-----------------------------------------
| rollout/                |             |
|    ep_len_mean          | 8.92e+03    |
|    ep_rew_mean          | -1.03e+03   |
| time/                   |             |
|    fps                  | 403         |
|    iterations           | 215         |
|    time_elapsed         | 1090        |
|    total_timesteps      | 440320      |
| train/                  |             |
|    approx_kl            | 0.008452062 |
|    clip_fraction        | 0.119       |
|    clip_range           | 0.2         |
|    entropy_loss         | -15.2       |
|    explained_variance   | 0.107       |
|    learning_rate        | 0.0003      |
|    loss                 | 805         |
|    n_updates            | 2140        |
|    policy_gradient_loss | -0.0107     |
|    std                  | 0.873       |
|    value_loss           | 522         |
-----------------------------------------
-----------------------------------------
| rollout/                |             |
|    ep_len_mean          | 8.92e+03    |
|    ep_rew_mean          | -1.03e+03   |
| time/                   |             |
|    fps                  | 403         |
|    iterations           | 216         |
|    time_elapsed         | 1095        |
|    total_timesteps      | 442368      |
| train/                  |             |
|    approx_kl            | 0.024431271 |
|    clip_fraction        | 0.293       |
|    clip_range           | 0.2         |
|    entropy_loss         | -15.2       |
|    explained_variance   | 0.674       |
|    learning_rate        | 0.0003      |
|    loss                 | 3.35        |
|    n_updates            | 2150        |
|    policy_gradient_loss | -0.0047     |
|    std                  | 0.875       |
|    value_loss           | 15.1        |
-----------------------------------------
-----------------------------------------
| rollout/                |             |
|    ep_len_mean          | 8.92e+03    |
|    ep_rew_mean          | -1.03e+03   |
| time/                   |             |
|    fps                  | 403         |
|    iterations           | 217         |
|    time_elapsed         | 1100        |
|    total_timesteps      | 444416      |
| train/                  |             |
|    approx_kl            | 0.020196013 |
|    clip_fraction        | 0.246       |
|    clip_range           | 0.2         |
|    entropy_loss         | -15.3       |
|    explained_variance   | 0.811       |
|    learning_rate        | 0.0003      |
|    loss                 | 2.81        |
|    n_updates            | 2160        |
|    policy_gradient_loss | -0.0149     |
|    std                  | 0.877       |
|    value_loss           | 12.4        |
-----------------------------------------
----------------------------------------
| rollout/                |            |
|    ep_len_mean          | 8.92e+03   |
|    ep_rew_mean          | -1.03e+03  |
| time/                   |            |
|    fps                  | 403        |
|    iterations           | 218        |
|    time_elapsed         | 1105       |
|    total_timesteps      | 446464     |
| train/                  |            |
|    approx_kl            | 0.03485918 |
|    clip_fraction        | 0.343      |
|    clip_range           | 0.2        |
|    entropy_loss         | -15.3      |
|    explained_variance   | 0.653      |
|    learning_rate        | 0.0003     |
|    loss                 | 2.19       |
|    n_updates            | 2170       |
|    policy_gradient_loss | -0.0105    |
|    std                  | 0.878      |
|    value_loss           | 5.77       |
----------------------------------------
------------------------------------------
| rollout/                |              |
|    ep_len_mean          | 8.92e+03     |
|    ep_rew_mean          | -1.03e+03    |
| time/                   |              |
|    fps                  | 403          |
|    iterations           | 219          |
|    time_elapsed         | 1110         |
|    total_timesteps      | 448512       |
| train/                  |              |
|    approx_kl            | 0.0076655075 |
|    clip_fraction        | 0.0627       |
|    clip_range           | 0.2          |
|    entropy_loss         | -15.3        |
|    explained_variance   | 0.0752       |
|    learning_rate        | 0.0003       |
|    loss                 | 521          |
|    n_updates            | 2180         |
|    policy_gradient_loss | -0.0101      |
|    std                  | 0.877        |
|    value_loss           | 438          |
------------------------------------------
-----------------------------------------
| rollout/                |             |
|    ep_len_mean          | 8.92e+03    |
|    ep_rew_mean          | -1.03e+03   |
| time/                   |             |
|    fps                  | 403         |
|    iterations           | 220         |
|    time_elapsed         | 1115        |
|    total_timesteps      | 450560      |
| train/                  |             |
|    approx_kl            | 0.029949363 |
|    clip_fraction        | 0.4         |
|    clip_range           | 0.2         |
|    entropy_loss         | -15.3       |
|    explained_variance   | 0.667       |
|    learning_rate        | 0.0003      |
|    loss                 | 0.784       |
|    n_updates            | 2190        |
|    policy_gradient_loss | -0.0038     |
|    std                  | 0.877       |
|    value_loss           | 2.21        |
-----------------------------------------
-----------------------------------------
| rollout/                |             |
|    ep_len_mean          | 8.92e+03    |
|    ep_rew_mean          | -1.03e+03   |
| time/                   |             |
|    fps                  | 403         |
|    iterations           | 221         |
|    time_elapsed         | 1120        |
|    total_timesteps      | 452608      |
| train/                  |             |
|    approx_kl            | 0.014595835 |
|    clip_fraction        | 0.202       |
|    clip_range           | 0.2         |
|    entropy_loss         | -15.3       |
|    explained_variance   | 0.669       |
|    learning_rate        | 0.0003      |
|    loss                 | 2.81        |
|    n_updates            | 2200        |
|    policy_gradient_loss | -0.0127     |
|    std                  | 0.875       |
|    value_loss           | 8.14        |
-----------------------------------------
---------------------------------------
| rollout/                |           |
|    ep_len_mean          | 8.92e+03  |
|    ep_rew_mean          | -1.03e+03 |
| time/                   |           |
|    fps                  | 403       |
|    iterations           | 222       |
|    time_elapsed         | 1126      |
|    total_timesteps      | 454656    |
| train/                  |           |
|    approx_kl            | 0.0331377 |
|    clip_fraction        | 0.282     |
|    clip_range           | 0.2       |
|    entropy_loss         | -15.3     |
|    explained_variance   | 0.705     |
|    learning_rate        | 0.0003    |
|    loss                 | 1.05      |
|    n_updates            | 2210      |
|    policy_gradient_loss | -0.0104   |
|    std                  | 0.874     |
|    value_loss           | 3.35      |
---------------------------------------
-----------------------------------------
| rollout/                |             |
|    ep_len_mean          | 8.92e+03    |
|    ep_rew_mean          | -1.03e+03   |
| time/                   |             |
|    fps                  | 403         |
|    iterations           | 223         |
|    time_elapsed         | 1131        |
|    total_timesteps      | 456704      |
| train/                  |             |
|    approx_kl            | 0.024184654 |
|    clip_fraction        | 0.293       |
|    clip_range           | 0.2         |
|    entropy_loss         | -15.2       |
|    explained_variance   | 0.824       |
|    learning_rate        | 0.0003      |
|    loss                 | 1.73        |
|    n_updates            | 2220        |
|    policy_gradient_loss | -0.0142     |
|    std                  | 0.872       |
|    value_loss           | 3.2         |
-----------------------------------------
-----------------------------------------
| rollout/                |             |
|    ep_len_mean          | 8.92e+03    |
|    ep_rew_mean          | -1.03e+03   |
| time/                   |             |
|    fps                  | 403         |
|    iterations           | 224         |
|    time_elapsed         | 1136        |
|    total_timesteps      | 458752      |
| train/                  |             |
|    approx_kl            | 0.021416664 |
|    clip_fraction        | 0.145       |
|    clip_range           | 0.2         |
|    entropy_loss         | -15.2       |
|    explained_variance   | 0.0811      |
|    learning_rate        | 0.0003      |
|    loss                 | 23.7        |
|    n_updates            | 2230        |
|    policy_gradient_loss | -0.00569    |
|    std                  | 0.872       |
|    value_loss           | 287         |
-----------------------------------------
----------------------------------------
| rollout/                |            |
|    ep_len_mean          | 8.92e+03   |
|    ep_rew_mean          | -1.03e+03  |
| time/                   |            |
|    fps                  | 403        |
|    iterations           | 225        |
|    time_elapsed         | 1142       |
|    total_timesteps      | 460800     |
| train/                  |            |
|    approx_kl            | 0.04645689 |
|    clip_fraction        | 0.433      |
|    clip_range           | 0.2        |
|    entropy_loss         | -15.2      |
|    explained_variance   | 0.646      |
|    learning_rate        | 0.0003     |
|    loss                 | 0.373      |
|    n_updates            | 2240       |
|    policy_gradient_loss | 0.0024     |
|    std                  | 0.87       |
|    value_loss           | 1.93       |
----------------------------------------
-----------------------------------------
| rollout/                |             |
|    ep_len_mean          | 8.92e+03    |
|    ep_rew_mean          | -1.03e+03   |
| time/                   |             |
|    fps                  | 403         |
|    iterations           | 226         |
|    time_elapsed         | 1147        |
|    total_timesteps      | 462848      |
| train/                  |             |
|    approx_kl            | 0.022147909 |
|    clip_fraction        | 0.311       |
|    clip_range           | 0.2         |
|    entropy_loss         | -15.2       |
|    explained_variance   | 0.805       |
|    learning_rate        | 0.0003      |
|    loss                 | 0.621       |
|    n_updates            | 2250        |
|    policy_gradient_loss | -0.0103     |
|    std                  | 0.867       |
|    value_loss           | 1.25        |
-----------------------------------------
-----------------------------------------
| rollout/                |             |
|    ep_len_mean          | 8.92e+03    |
|    ep_rew_mean          | -1.03e+03   |
| time/                   |             |
|    fps                  | 403         |
|    iterations           | 227         |
|    time_elapsed         | 1152        |
|    total_timesteps      | 464896      |
| train/                  |             |
|    approx_kl            | 0.029291924 |
|    clip_fraction        | 0.349       |
|    clip_range           | 0.2         |
|    entropy_loss         | -15.2       |
|    explained_variance   | 0.782       |
|    learning_rate        | 0.0003      |
|    loss                 | 0.273       |
|    n_updates            | 2260        |
|    policy_gradient_loss | -0.00971    |
|    std                  | 0.868       |
|    value_loss           | 0.923       |
-----------------------------------------
------------------------------------------
| rollout/                |              |
|    ep_len_mean          | 8.92e+03     |
|    ep_rew_mean          | -1.03e+03    |
| time/                   |              |
|    fps                  | 403          |
|    iterations           | 228          |
|    time_elapsed         | 1157         |
|    total_timesteps      | 466944       |
| train/                  |              |
|    approx_kl            | 0.0059053535 |
|    clip_fraction        | 0.0947       |
|    clip_range           | 0.2          |
|    entropy_loss         | -15.2        |
|    explained_variance   | 0.0595       |
|    learning_rate        | 0.0003       |
|    loss                 | 18.9         |
|    n_updates            | 2270         |
|    policy_gradient_loss | -0.00339     |
|    std                  | 0.868        |
|    value_loss           | 410          |
------------------------------------------
-----------------------------------------
| rollout/                |             |
|    ep_len_mean          | 8.92e+03    |
|    ep_rew_mean          | -1.03e+03   |
| time/                   |             |
|    fps                  | 403         |
|    iterations           | 229         |
|    time_elapsed         | 1163        |
|    total_timesteps      | 468992      |
| train/                  |             |
|    approx_kl            | 0.016829256 |
|    clip_fraction        | 0.22        |
|    clip_range           | 0.2         |
|    entropy_loss         | -15.2       |
|    explained_variance   | 0.593       |
|    learning_rate        | 0.0003      |
|    loss                 | 0.666       |
|    n_updates            | 2280        |
|    policy_gradient_loss | -0.00763    |
|    std                  | 0.869       |
|    value_loss           | 10.4        |
-----------------------------------------
-----------------------------------------
| rollout/                |             |
|    ep_len_mean          | 8.92e+03    |
|    ep_rew_mean          | -1.03e+03   |
| time/                   |             |
|    fps                  | 403         |
|    iterations           | 230         |
|    time_elapsed         | 1168        |
|    total_timesteps      | 471040      |
| train/                  |             |
|    approx_kl            | 0.018907132 |
|    clip_fraction        | 0.193       |
|    clip_range           | 0.2         |
|    entropy_loss         | -15.2       |
|    explained_variance   | 0.787       |
|    learning_rate        | 0.0003      |
|    loss                 | 1.03        |
|    n_updates            | 2290        |
|    policy_gradient_loss | -0.0126     |
|    std                  | 0.868       |
|    value_loss           | 3.62        |
-----------------------------------------
-----------------------------------------
| rollout/                |             |
|    ep_len_mean          | 8.92e+03    |
|    ep_rew_mean          | -1.03e+03   |
| time/                   |             |
|    fps                  | 403         |
|    iterations           | 231         |
|    time_elapsed         | 1173        |
|    total_timesteps      | 473088      |
| train/                  |             |
|    approx_kl            | 0.037128218 |
|    clip_fraction        | 0.335       |
|    clip_range           | 0.2         |
|    entropy_loss         | -15.1       |
|    explained_variance   | 0.669       |
|    learning_rate        | 0.0003      |
|    loss                 | 0.333       |
|    n_updates            | 2300        |
|    policy_gradient_loss | -0.0115     |
|    std                  | 0.862       |
|    value_loss           | 1.39        |
-----------------------------------------
-----------------------------------------
| rollout/                |             |
|    ep_len_mean          | 8.92e+03    |
|    ep_rew_mean          | -1.03e+03   |
| time/                   |             |
|    fps                  | 402         |
|    iterations           | 232         |
|    time_elapsed         | 1179        |
|    total_timesteps      | 475136      |
| train/                  |             |
|    approx_kl            | 0.008328647 |
|    clip_fraction        | 0.133       |
|    clip_range           | 0.2         |
|    entropy_loss         | -15.1       |
|    explained_variance   | 0.0256      |
|    learning_rate        | 0.0003      |
|    loss                 | 39.4        |
|    n_updates            | 2310        |
|    policy_gradient_loss | -0.00637    |
|    std                  | 0.862       |
|    value_loss           | 455         |
-----------------------------------------
-----------------------------------------
| rollout/                |             |
|    ep_len_mean          | 8.92e+03    |
|    ep_rew_mean          | -1.03e+03   |
| time/                   |             |
|    fps                  | 402         |
|    iterations           | 233         |
|    time_elapsed         | 1184        |
|    total_timesteps      | 477184      |
| train/                  |             |
|    approx_kl            | 0.008161962 |
|    clip_fraction        | 0.0822      |
|    clip_range           | 0.2         |
|    entropy_loss         | -15.1       |
|    explained_variance   | 0.607       |
|    learning_rate        | 0.0003      |
|    loss                 | 10.8        |
|    n_updates            | 2320        |
|    policy_gradient_loss | -0.00514    |
|    std                  | 0.862       |
|    value_loss           | 63.6        |
-----------------------------------------
-----------------------------------------
| rollout/                |             |
|    ep_len_mean          | 8.92e+03    |
|    ep_rew_mean          | -1.03e+03   |
| time/                   |             |
|    fps                  | 402         |
|    iterations           | 234         |
|    time_elapsed         | 1189        |
|    total_timesteps      | 479232      |
| train/                  |             |
|    approx_kl            | 0.005942283 |
|    clip_fraction        | 0.0285      |
|    clip_range           | 0.2         |
|    entropy_loss         | -15.1       |
|    explained_variance   | 0.753       |
|    learning_rate        | 0.0003      |
|    loss                 | 32.3        |
|    n_updates            | 2330        |
|    policy_gradient_loss | -0.00579    |
|    std                  | 0.862       |
|    value_loss           | 127         |
-----------------------------------------
----------------------------------------
| rollout/                |            |
|    ep_len_mean          | 8.92e+03   |
|    ep_rew_mean          | -1.03e+03  |
| time/                   |            |
|    fps                  | 403        |
|    iterations           | 235        |
|    time_elapsed         | 1194       |
|    total_timesteps      | 481280     |
| train/                  |            |
|    approx_kl            | 0.00673839 |
|    clip_fraction        | 0.0528     |
|    clip_range           | 0.2        |
|    entropy_loss         | -15.1      |
|    explained_variance   | 0.668      |
|    learning_rate        | 0.0003     |
|    loss                 | 20.6       |
|    n_updates            | 2340       |
|    policy_gradient_loss | -0.00709   |
|    std                  | 0.862      |
|    value_loss           | 63         |
----------------------------------------
-----------------------------------------
| rollout/                |             |
|    ep_len_mean          | 8.92e+03    |
|    ep_rew_mean          | -1.03e+03   |
| time/                   |             |
|    fps                  | 403         |
|    iterations           | 236         |
|    time_elapsed         | 1199        |
|    total_timesteps      | 483328      |
| train/                  |             |
|    approx_kl            | 0.018340375 |
|    clip_fraction        | 0.191       |
|    clip_range           | 0.2         |
|    entropy_loss         | -15.1       |
|    explained_variance   | 0.63        |
|    learning_rate        | 0.0003      |
|    loss                 | 3.79        |
|    n_updates            | 2350        |
|    policy_gradient_loss | -0.0163     |
|    std                  | 0.86        |
|    value_loss           | 10.8        |
-----------------------------------------
-----------------------------------------
| rollout/                |             |
|    ep_len_mean          | 8.92e+03    |
|    ep_rew_mean          | -1.03e+03   |
| time/                   |             |
|    fps                  | 403         |
|    iterations           | 237         |
|    time_elapsed         | 1203        |
|    total_timesteps      | 485376      |
| train/                  |             |
|    approx_kl            | 0.007484122 |
|    clip_fraction        | 0.0623      |
|    clip_range           | 0.2         |
|    entropy_loss         | -15.1       |
|    explained_variance   | 0.254       |
|    learning_rate        | 0.0003      |
|    loss                 | 9.22        |
|    n_updates            | 2360        |
|    policy_gradient_loss | -0.00862    |
|    std                  | 0.86        |
|    value_loss           | 651         |
-----------------------------------------
-----------------------------------------
| rollout/                |             |
|    ep_len_mean          | 8.92e+03    |
|    ep_rew_mean          | -1.03e+03   |
| time/                   |             |
|    fps                  | 403         |
|    iterations           | 238         |
|    time_elapsed         | 1208        |
|    total_timesteps      | 487424      |
| train/                  |             |
|    approx_kl            | 0.013085591 |
|    clip_fraction        | 0.103       |
|    clip_range           | 0.2         |
|    entropy_loss         | -15.1       |
|    explained_variance   | 0.827       |
|    learning_rate        | 0.0003      |
|    loss                 | 4.18        |
|    n_updates            | 2370        |
|    policy_gradient_loss | -0.011      |
|    std                  | 0.862       |
|    value_loss           | 18.5        |
-----------------------------------------
-----------------------------------------
| rollout/                |             |
|    ep_len_mean          | 8.92e+03    |
|    ep_rew_mean          | -1.03e+03   |
| time/                   |             |
|    fps                  | 403         |
|    iterations           | 239         |
|    time_elapsed         | 1213        |
|    total_timesteps      | 489472      |
| train/                  |             |
|    approx_kl            | 0.014679094 |
|    clip_fraction        | 0.154       |
|    clip_range           | 0.2         |
|    entropy_loss         | -15.1       |
|    explained_variance   | 0.836       |
|    learning_rate        | 0.0003      |
|    loss                 | 6.52        |
|    n_updates            | 2380        |
|    policy_gradient_loss | -0.0142     |
|    std                  | 0.864       |
|    value_loss           | 24.1        |
-----------------------------------------
-----------------------------------------
| rollout/                |             |
|    ep_len_mean          | 8.92e+03    |
|    ep_rew_mean          | -1.03e+03   |
| time/                   |             |
|    fps                  | 403         |
|    iterations           | 240         |
|    time_elapsed         | 1218        |
|    total_timesteps      | 491520      |
| train/                  |             |
|    approx_kl            | 0.018295053 |
|    clip_fraction        | 0.237       |
|    clip_range           | 0.2         |
|    entropy_loss         | -15.1       |
|    explained_variance   | 0.784       |
|    learning_rate        | 0.0003      |
|    loss                 | 2.91        |
|    n_updates            | 2390        |
|    policy_gradient_loss | -0.0126     |
|    std                  | 0.863       |
|    value_loss           | 10.6        |
-----------------------------------------
------------------------------------------
| rollout/                |              |
|    ep_len_mean          | 8.92e+03     |
|    ep_rew_mean          | -1.03e+03    |
| time/                   |              |
|    fps                  | 403          |
|    iterations           | 241          |
|    time_elapsed         | 1223         |
|    total_timesteps      | 493568       |
| train/                  |              |
|    approx_kl            | 0.0071114395 |
|    clip_fraction        | 0.0747       |
|    clip_range           | 0.2          |
|    entropy_loss         | -15.1        |
|    explained_variance   | 0.127        |
|    learning_rate        | 0.0003       |
|    loss                 | 38.3         |
|    n_updates            | 2400         |
|    policy_gradient_loss | -0.00693     |
|    std                  | 0.863        |
|    value_loss           | 460          |
------------------------------------------
-----------------------------------------
| rollout/                |             |
|    ep_len_mean          | 8.92e+03    |
|    ep_rew_mean          | -1.03e+03   |
| time/                   |             |
|    fps                  | 403         |
|    iterations           | 242         |
|    time_elapsed         | 1228        |
|    total_timesteps      | 495616      |
| train/                  |             |
|    approx_kl            | 0.017429218 |
|    clip_fraction        | 0.128       |
|    clip_range           | 0.2         |
|    entropy_loss         | -15.1       |
|    explained_variance   | 0.766       |
|    learning_rate        | 0.0003      |
|    loss                 | 9.35        |
|    n_updates            | 2410        |
|    policy_gradient_loss | -0.00946    |
|    std                  | 0.862       |
|    value_loss           | 32.5        |
-----------------------------------------
-----------------------------------------
| rollout/                |             |
|    ep_len_mean          | 8.92e+03    |
|    ep_rew_mean          | -1.03e+03   |
| time/                   |             |
|    fps                  | 403         |
|    iterations           | 243         |
|    time_elapsed         | 1233        |
|    total_timesteps      | 497664      |
| train/                  |             |
|    approx_kl            | 0.013141954 |
|    clip_fraction        | 0.165       |
|    clip_range           | 0.2         |
|    entropy_loss         | -15.1       |
|    explained_variance   | 0.806       |
|    learning_rate        | 0.0003      |
|    loss                 | 7.36        |
|    n_updates            | 2420        |
|    policy_gradient_loss | -0.0153     |
|    std                  | 0.863       |
|    value_loss           | 27.3        |
-----------------------------------------
----------------------------------------
| rollout/                |            |
|    ep_len_mean          | 8.92e+03   |
|    ep_rew_mean          | -1.03e+03  |
| time/                   |            |
|    fps                  | 403        |
|    iterations           | 244        |
|    time_elapsed         | 1237       |
|    total_timesteps      | 499712     |
| train/                  |            |
|    approx_kl            | 0.02322375 |
|    clip_fraction        | 0.253      |
|    clip_range           | 0.2        |
|    entropy_loss         | -15.1      |
|    explained_variance   | 0.727      |
|    learning_rate        | 0.0003     |
|    loss                 | 2.51       |
|    n_updates            | 2430       |
|    policy_gradient_loss | -0.0118    |
|    std                  | 0.863      |
|    value_loss           | 11.3       |
----------------------------------------
-----------------------------------------
| rollout/                |             |
|    ep_len_mean          | 8.92e+03    |
|    ep_rew_mean          | -1.03e+03   |
| time/                   |             |
|    fps                  | 403         |
|    iterations           | 245         |
|    time_elapsed         | 1242        |
|    total_timesteps      | 501760      |
| train/                  |             |
|    approx_kl            | 0.014247103 |
|    clip_fraction        | 0.145       |
|    clip_range           | 0.2         |
|    entropy_loss         | -15.1       |
|    explained_variance   | 0.145       |
|    learning_rate        | 0.0003      |
|    loss                 | 27.2        |
|    n_updates            | 2440        |
|    policy_gradient_loss | -0.00752    |
|    std                  | 0.864       |
|    value_loss           | 432         |
-----------------------------------------

Model saved to C:\Users\jagal\copilot-worktrees\dc-energy-joint-optimization\jagal-microsoft-literate-umbrella\models\oof\_tmp\ad_to_eh_us_batch_s107_3177a77456f443a58a29a129a66c4b95\ppo_us_model_batch_completion_guard
