# ad_to_eh:us_batch:s108
# job: {"alpha": 0.015, "baseline_scope": {"batch_no_deferral_ablation": "Drain Immediately", "excluded_from_headline": "DQN/CFWS and algorithm-superiority tests", "headroom_only": "clairvoyant fluid QP lower bound", "primary": "Status Quo (local, no deferral)", "routing_sanity": "Round Robin"}, "batch": true, "completion_penalty": 1000.0, "config": "us_batch", "domain_randomization": true, "enforce_batch_completion": true, "fold": "ad_to_eh", "gamma": 1.0, "job_fingerprint": "340fce402a49e67d430df52e78d6343dcf529c6b80f713274bfc36a24dd29fef", "protocol_sha256": "00de81a3c402f029d69dfe915976ac5928a2cacfc5d27f7f35c6e66519ee630e", "region": "us", "seed": 108, "test_scenario": "env/scenarios/us_model_eh.yaml", "timesteps": 501760, "train_scenario": "env/scenarios/us_model.yaml"}
# command: C:\Python314\python.exe train.py --scenario C:\Users\jagal\copilot-worktrees\dc-energy-joint-optimization\jagal-microsoft-literate-umbrella\env\scenarios\us_model.yaml --timesteps 501760 --peak-penalty-weight 0.015 --seed 108 --output-dir C:\Users\jagal\copilot-worktrees\dc-energy-joint-optimization\jagal-microsoft-literate-umbrella\models\oof\_tmp\ad_to_eh_us_batch_s108_c6aa10c115814cf98e8800f4543781f1 --domain-rand --batch-mode --enforce-batch-completion --completion-penalty 1000.0 --gamma 1.0
# started: 2026-08-05T22:05:39.745471+00:00

=== Training PPO on scenario: us_model_batch_completion_guard ===
Observation space: Box(-inf, inf, (51,), float32)
Action space: Box(-3.0, 3.0, (12,), float32)
Number of DCs: 4
Max steps per episode: 8917
Gamma: 1.0
Economic safety: backlog=$1,000.00/unit-step, expiry=$1,000.00/unit, reward_scale=0.0001, dense_completion=True
  US-West: batch_fraction=0.166, mean_dur=2552s
  US-Central: batch_fraction=0.157, mean_dur=1155s
  US-Southeast-1: batch_fraction=0.223, mean_dur=2082s
  US-Southeast-2: batch_fraction=0.264, mean_dur=3865s
Using cpu device
Wrapping the env with a `Monitor` wrapper
Wrapping the env in a DummyVecEnv.

Training for 501760 timesteps...
-----------------------------
| time/              |      |
|    fps             | 748  |
|    iterations      | 1    |
|    time_elapsed    | 2    |
|    total_timesteps | 2048 |
-----------------------------
-----------------------------------------
| time/                   |             |
|    fps                  | 503         |
|    iterations           | 2           |
|    time_elapsed         | 8           |
|    total_timesteps      | 4096        |
| train/                  |             |
|    approx_kl            | 0.017205084 |
|    clip_fraction        | 0.147       |
|    clip_range           | 0.2         |
|    entropy_loss         | -17         |
|    explained_variance   | -0.156      |
|    learning_rate        | 0.0003      |
|    loss                 | -0.00669    |
|    n_updates            | 10          |
|    policy_gradient_loss | -0.0174     |
|    std                  | 0.997       |
|    value_loss           | 0.143       |
-----------------------------------------
-----------------------------------------
| time/                   |             |
|    fps                  | 457         |
|    iterations           | 3           |
|    time_elapsed         | 13          |
|    total_timesteps      | 6144        |
| train/                  |             |
|    approx_kl            | 0.014655351 |
|    clip_fraction        | 0.154       |
|    clip_range           | 0.2         |
|    entropy_loss         | -17         |
|    explained_variance   | 0.4         |
|    learning_rate        | 0.0003      |
|    loss                 | 0.0299      |
|    n_updates            | 20          |
|    policy_gradient_loss | -0.0202     |
|    std                  | 0.991       |
|    value_loss           | 0.21        |
-----------------------------------------
-----------------------------------------
| time/                   |             |
|    fps                  | 440         |
|    iterations           | 4           |
|    time_elapsed         | 18          |
|    total_timesteps      | 8192        |
| train/                  |             |
|    approx_kl            | 0.015211836 |
|    clip_fraction        | 0.158       |
|    clip_range           | 0.2         |
|    entropy_loss         | -16.9       |
|    explained_variance   | 0.588       |
|    learning_rate        | 0.0003      |
|    loss                 | 0.0153      |
|    n_updates            | 30          |
|    policy_gradient_loss | -0.0183     |
|    std                  | 0.988       |
|    value_loss           | 0.21        |
-----------------------------------------
-----------------------------------------
| rollout/                |             |
|    ep_len_mean          | 8.92e+03    |
|    ep_rew_mean          | -1.1e+03    |
| time/                   |             |
|    fps                  | 429         |
|    iterations           | 5           |
|    time_elapsed         | 23          |
|    total_timesteps      | 10240       |
| train/                  |             |
|    approx_kl            | 0.015788015 |
|    clip_fraction        | 0.157       |
|    clip_range           | 0.2         |
|    entropy_loss         | -16.9       |
|    explained_variance   | 0.647       |
|    learning_rate        | 0.0003      |
|    loss                 | -0.0253     |
|    n_updates            | 40          |
|    policy_gradient_loss | -0.0153     |
|    std                  | 0.986       |
|    value_loss           | 0.208       |
-----------------------------------------
-----------------------------------------
| rollout/                |             |
|    ep_len_mean          | 8.92e+03    |
|    ep_rew_mean          | -1.1e+03    |
| time/                   |             |
|    fps                  | 415         |
|    iterations           | 6           |
|    time_elapsed         | 29          |
|    total_timesteps      | 12288       |
| train/                  |             |
|    approx_kl            | 0.015592583 |
|    clip_fraction        | 0.145       |
|    clip_range           | 0.2         |
|    entropy_loss         | -16.8       |
|    explained_variance   | 0.318       |
|    learning_rate        | 0.0003      |
|    loss                 | 0.0514      |
|    n_updates            | 50          |
|    policy_gradient_loss | -0.0165     |
|    std                  | 0.98        |
|    value_loss           | 0.793       |
-----------------------------------------
-----------------------------------------
| rollout/                |             |
|    ep_len_mean          | 8.92e+03    |
|    ep_rew_mean          | -1.1e+03    |
| time/                   |             |
|    fps                  | 408         |
|    iterations           | 7           |
|    time_elapsed         | 35          |
|    total_timesteps      | 14336       |
| train/                  |             |
|    approx_kl            | 0.016263751 |
|    clip_fraction        | 0.158       |
|    clip_range           | 0.2         |
|    entropy_loss         | -16.7       |
|    explained_variance   | 0.741       |
|    learning_rate        | 0.0003      |
|    loss                 | -0.012      |
|    n_updates            | 60          |
|    policy_gradient_loss | -0.0167     |
|    std                  | 0.974       |
|    value_loss           | 0.232       |
-----------------------------------------
-----------------------------------------
| rollout/                |             |
|    ep_len_mean          | 8.92e+03    |
|    ep_rew_mean          | -1.1e+03    |
| time/                   |             |
|    fps                  | 409         |
|    iterations           | 8           |
|    time_elapsed         | 40          |
|    total_timesteps      | 16384       |
| train/                  |             |
|    approx_kl            | 0.017388478 |
|    clip_fraction        | 0.185       |
|    clip_range           | 0.2         |
|    entropy_loss         | -16.7       |
|    explained_variance   | 0.684       |
|    learning_rate        | 0.0003      |
|    loss                 | 0.00206     |
|    n_updates            | 70          |
|    policy_gradient_loss | -0.0206     |
|    std                  | 0.969       |
|    value_loss           | 0.255       |
-----------------------------------------
-----------------------------------------
| rollout/                |             |
|    ep_len_mean          | 8.92e+03    |
|    ep_rew_mean          | -1.09e+03   |
| time/                   |             |
|    fps                  | 408         |
|    iterations           | 9           |
|    time_elapsed         | 45          |
|    total_timesteps      | 18432       |
| train/                  |             |
|    approx_kl            | 0.017896475 |
|    clip_fraction        | 0.177       |
|    clip_range           | 0.2         |
|    entropy_loss         | -16.6       |
|    explained_variance   | 0.77        |
|    learning_rate        | 0.0003      |
|    loss                 | 0.0204      |
|    n_updates            | 80          |
|    policy_gradient_loss | -0.0169     |
|    std                  | 0.968       |
|    value_loss           | 0.244       |
-----------------------------------------
-----------------------------------------
| rollout/                |             |
|    ep_len_mean          | 8.92e+03    |
|    ep_rew_mean          | -1.09e+03   |
| time/                   |             |
|    fps                  | 405         |
|    iterations           | 10          |
|    time_elapsed         | 50          |
|    total_timesteps      | 20480       |
| train/                  |             |
|    approx_kl            | 0.014967201 |
|    clip_fraction        | 0.169       |
|    clip_range           | 0.2         |
|    entropy_loss         | -16.6       |
|    explained_variance   | 0.213       |
|    learning_rate        | 0.0003      |
|    loss                 | 0.301       |
|    n_updates            | 90          |
|    policy_gradient_loss | -0.012      |
|    std                  | 0.963       |
|    value_loss           | 2.22        |
-----------------------------------------
-----------------------------------------
| rollout/                |             |
|    ep_len_mean          | 8.92e+03    |
|    ep_rew_mean          | -1.09e+03   |
| time/                   |             |
|    fps                  | 397         |
|    iterations           | 11          |
|    time_elapsed         | 56          |
|    total_timesteps      | 22528       |
| train/                  |             |
|    approx_kl            | 0.018102985 |
|    clip_fraction        | 0.185       |
|    clip_range           | 0.2         |
|    entropy_loss         | -16.5       |
|    explained_variance   | 0.767       |
|    learning_rate        | 0.0003      |
|    loss                 | 0.0319      |
|    n_updates            | 100         |
|    policy_gradient_loss | -0.0163     |
|    std                  | 0.96        |
|    value_loss           | 0.301       |
-----------------------------------------
-----------------------------------------
| rollout/                |             |
|    ep_len_mean          | 8.92e+03    |
|    ep_rew_mean          | -1.09e+03   |
| time/                   |             |
|    fps                  | 392         |
|    iterations           | 12          |
|    time_elapsed         | 62          |
|    total_timesteps      | 24576       |
| train/                  |             |
|    approx_kl            | 0.018705267 |
|    clip_fraction        | 0.182       |
|    clip_range           | 0.2         |
|    entropy_loss         | -16.5       |
|    explained_variance   | 0.762       |
|    learning_rate        | 0.0003      |
|    loss                 | -0.00202    |
|    n_updates            | 110         |
|    policy_gradient_loss | -0.0165     |
|    std                  | 0.953       |
|    value_loss           | 0.25        |
-----------------------------------------
-----------------------------------------
| rollout/                |             |
|    ep_len_mean          | 8.92e+03    |
|    ep_rew_mean          | -1.09e+03   |
| time/                   |             |
|    fps                  | 394         |
|    iterations           | 13          |
|    time_elapsed         | 67          |
|    total_timesteps      | 26624       |
| train/                  |             |
|    approx_kl            | 0.016403614 |
|    clip_fraction        | 0.173       |
|    clip_range           | 0.2         |
|    entropy_loss         | -16.4       |
|    explained_variance   | 0.545       |
|    learning_rate        | 0.0003      |
|    loss                 | 0.0123      |
|    n_updates            | 120         |
|    policy_gradient_loss | -0.0155     |
|    std                  | 0.95        |
|    value_loss           | 0.268       |
-----------------------------------------
-----------------------------------------
| rollout/                |             |
|    ep_len_mean          | 8.92e+03    |
|    ep_rew_mean          | -1.09e+03   |
| time/                   |             |
|    fps                  | 397         |
|    iterations           | 14          |
|    time_elapsed         | 72          |
|    total_timesteps      | 28672       |
| train/                  |             |
|    approx_kl            | 0.017819148 |
|    clip_fraction        | 0.179       |
|    clip_range           | 0.2         |
|    entropy_loss         | -16.4       |
|    explained_variance   | 0.614       |
|    learning_rate        | 0.0003      |
|    loss                 | 0.0517      |
|    n_updates            | 130         |
|    policy_gradient_loss | -0.0174     |
|    std                  | 0.944       |
|    value_loss           | 0.33        |
-----------------------------------------
------------------------------------------
| rollout/                |              |
|    ep_len_mean          | 8.92e+03     |
|    ep_rew_mean          | -1.09e+03    |
| time/                   |              |
|    fps                  | 398          |
|    iterations           | 15           |
|    time_elapsed         | 77           |
|    total_timesteps      | 30720        |
| train/                  |              |
|    approx_kl            | 0.0153522175 |
|    clip_fraction        | 0.15         |
|    clip_range           | 0.2          |
|    entropy_loss         | -16.3        |
|    explained_variance   | 0.00532      |
|    learning_rate        | 0.0003       |
|    loss                 | 0.122        |
|    n_updates            | 140          |
|    policy_gradient_loss | -0.00979     |
|    std                  | 0.941        |
|    value_loss           | 4.65         |
------------------------------------------
-----------------------------------------
| rollout/                |             |
|    ep_len_mean          | 8.92e+03    |
|    ep_rew_mean          | -1.09e+03   |
| time/                   |             |
|    fps                  | 398         |
|    iterations           | 16          |
|    time_elapsed         | 82          |
|    total_timesteps      | 32768       |
| train/                  |             |
|    approx_kl            | 0.015821971 |
|    clip_fraction        | 0.164       |
|    clip_range           | 0.2         |
|    entropy_loss         | -16.3       |
|    explained_variance   | 0.608       |
|    learning_rate        | 0.0003      |
|    loss                 | 0.056       |
|    n_updates            | 150         |
|    policy_gradient_loss | -0.0149     |
|    std                  | 0.944       |
|    value_loss           | 0.338       |
-----------------------------------------
-----------------------------------------
| rollout/                |             |
|    ep_len_mean          | 8.92e+03    |
|    ep_rew_mean          | -1.09e+03   |
| time/                   |             |
|    fps                  | 396         |
|    iterations           | 17          |
|    time_elapsed         | 87          |
|    total_timesteps      | 34816       |
| train/                  |             |
|    approx_kl            | 0.022318969 |
|    clip_fraction        | 0.216       |
|    clip_range           | 0.2         |
|    entropy_loss         | -16.3       |
|    explained_variance   | 0.648       |
|    learning_rate        | 0.0003      |
|    loss                 | 0.0221      |
|    n_updates            | 160         |
|    policy_gradient_loss | -0.0178     |
|    std                  | 0.941       |
|    value_loss           | 0.252       |
-----------------------------------------
-----------------------------------------
| rollout/                |             |
|    ep_len_mean          | 8.92e+03    |
|    ep_rew_mean          | -1.08e+03   |
| time/                   |             |
|    fps                  | 394         |
|    iterations           | 18          |
|    time_elapsed         | 93          |
|    total_timesteps      | 36864       |
| train/                  |             |
|    approx_kl            | 0.017780066 |
|    clip_fraction        | 0.211       |
|    clip_range           | 0.2         |
|    entropy_loss         | -16.3       |
|    explained_variance   | 0.777       |
|    learning_rate        | 0.0003      |
|    loss                 | -0.0309     |
|    n_updates            | 170         |
|    policy_gradient_loss | -0.0174     |
|    std                  | 0.941       |
|    value_loss           | 0.238       |
-----------------------------------------
------------------------------------------
| rollout/                |              |
|    ep_len_mean          | 8.92e+03     |
|    ep_rew_mean          | -1.08e+03    |
| time/                   |              |
|    fps                  | 393          |
|    iterations           | 19           |
|    time_elapsed         | 98           |
|    total_timesteps      | 38912        |
| train/                  |              |
|    approx_kl            | 0.0146083925 |
|    clip_fraction        | 0.131        |
|    clip_range           | 0.2          |
|    entropy_loss         | -16.3        |
|    explained_variance   | 0.0836       |
|    learning_rate        | 0.0003       |
|    loss                 | 13.4         |
|    n_updates            | 180          |
|    policy_gradient_loss | -0.012       |
|    std                  | 0.939        |
|    value_loss           | 7.37         |
------------------------------------------
-----------------------------------------
| rollout/                |             |
|    ep_len_mean          | 8.92e+03    |
|    ep_rew_mean          | -1.08e+03   |
| time/                   |             |
|    fps                  | 391         |
|    iterations           | 20          |
|    time_elapsed         | 104         |
|    total_timesteps      | 40960       |
| train/                  |             |
|    approx_kl            | 0.020459954 |
|    clip_fraction        | 0.221       |
|    clip_range           | 0.2         |
|    entropy_loss         | -16.2       |
|    explained_variance   | 0.67        |
|    learning_rate        | 0.0003      |
|    loss                 | -0.0204     |
|    n_updates            | 190         |
|    policy_gradient_loss | -0.018      |
|    std                  | 0.938       |
|    value_loss           | 0.261       |
-----------------------------------------
-----------------------------------------
| rollout/                |             |
|    ep_len_mean          | 8.92e+03    |
|    ep_rew_mean          | -1.08e+03   |
| time/                   |             |
|    fps                  | 394         |
|    iterations           | 21          |
|    time_elapsed         | 109         |
|    total_timesteps      | 43008       |
| train/                  |             |
|    approx_kl            | 0.019891262 |
|    clip_fraction        | 0.215       |
|    clip_range           | 0.2         |
|    entropy_loss         | -16.2       |
|    explained_variance   | 0.613       |
|    learning_rate        | 0.0003      |
|    loss                 | -0.0201     |
|    n_updates            | 200         |
|    policy_gradient_loss | -0.0139     |
|    std                  | 0.936       |
|    value_loss           | 0.221       |
-----------------------------------------
-----------------------------------------
| rollout/                |             |
|    ep_len_mean          | 8.92e+03    |
|    ep_rew_mean          | -1.08e+03   |
| time/                   |             |
|    fps                  | 395         |
|    iterations           | 22          |
|    time_elapsed         | 114         |
|    total_timesteps      | 45056       |
| train/                  |             |
|    approx_kl            | 0.020759279 |
|    clip_fraction        | 0.217       |
|    clip_range           | 0.2         |
|    entropy_loss         | -16.2       |
|    explained_variance   | 0.4         |
|    learning_rate        | 0.0003      |
|    loss                 | 0.0592      |
|    n_updates            | 210         |
|    policy_gradient_loss | -0.0148     |
|    std                  | 0.936       |
|    value_loss           | 0.25        |
-----------------------------------------
-----------------------------------------
| rollout/                |             |
|    ep_len_mean          | 8.92e+03    |
|    ep_rew_mean          | -1.08e+03   |
| time/                   |             |
|    fps                  | 396         |
|    iterations           | 23          |
|    time_elapsed         | 118         |
|    total_timesteps      | 47104       |
| train/                  |             |
|    approx_kl            | 0.009199359 |
|    clip_fraction        | 0.134       |
|    clip_range           | 0.2         |
|    entropy_loss         | -16.2       |
|    explained_variance   | 0.0159      |
|    learning_rate        | 0.0003      |
|    loss                 | 3.07        |
|    n_updates            | 220         |
|    policy_gradient_loss | -0.00917    |
|    std                  | 0.934       |
|    value_loss           | 11.3        |
-----------------------------------------
-----------------------------------------
| rollout/                |             |
|    ep_len_mean          | 8.92e+03    |
|    ep_rew_mean          | -1.08e+03   |
| time/                   |             |
|    fps                  | 397         |
|    iterations           | 24          |
|    time_elapsed         | 123         |
|    total_timesteps      | 49152       |
| train/                  |             |
|    approx_kl            | 0.020359725 |
|    clip_fraction        | 0.211       |
|    clip_range           | 0.2         |
|    entropy_loss         | -16.2       |
|    explained_variance   | 0.665       |
|    learning_rate        | 0.0003      |
|    loss                 | 0.0471      |
|    n_updates            | 230         |
|    policy_gradient_loss | -0.014      |
|    std                  | 0.932       |
|    value_loss           | 0.475       |
-----------------------------------------
-----------------------------------------
| rollout/                |             |
|    ep_len_mean          | 8.92e+03    |
|    ep_rew_mean          | -1.08e+03   |
| time/                   |             |
|    fps                  | 397         |
|    iterations           | 25          |
|    time_elapsed         | 128         |
|    total_timesteps      | 51200       |
| train/                  |             |
|    approx_kl            | 0.017710585 |
|    clip_fraction        | 0.234       |
|    clip_range           | 0.2         |
|    entropy_loss         | -16.2       |
|    explained_variance   | 0.778       |
|    learning_rate        | 0.0003      |
|    loss                 | 0.124       |
|    n_updates            | 240         |
|    policy_gradient_loss | -0.0154     |
|    std                  | 0.934       |
|    value_loss           | 0.344       |
-----------------------------------------
----------------------------------------
| rollout/                |            |
|    ep_len_mean          | 8.92e+03   |
|    ep_rew_mean          | -1.08e+03  |
| time/                   |            |
|    fps                  | 397        |
|    iterations           | 26         |
|    time_elapsed         | 134        |
|    total_timesteps      | 53248      |
| train/                  |            |
|    approx_kl            | 0.02067132 |
|    clip_fraction        | 0.233      |
|    clip_range           | 0.2        |
|    entropy_loss         | -16.2      |
|    explained_variance   | 0.626      |
|    learning_rate        | 0.0003     |
|    loss                 | 0.0346     |
|    n_updates            | 250        |
|    policy_gradient_loss | -0.0164    |
|    std                  | 0.933      |
|    value_loss           | 0.305      |
----------------------------------------
----------------------------------------
| rollout/                |            |
|    ep_len_mean          | 8.92e+03   |
|    ep_rew_mean          | -1.07e+03  |
| time/                   |            |
|    fps                  | 397        |
|    iterations           | 27         |
|    time_elapsed         | 138        |
|    total_timesteps      | 55296      |
| train/                  |            |
|    approx_kl            | 0.01886636 |
|    clip_fraction        | 0.229      |
|    clip_range           | 0.2        |
|    entropy_loss         | -16.1      |
|    explained_variance   | 0.632      |
|    learning_rate        | 0.0003     |
|    loss                 | 0.0294     |
|    n_updates            | 260        |
|    policy_gradient_loss | -0.0154    |
|    std                  | 0.925      |
|    value_loss           | 0.283      |
----------------------------------------
-----------------------------------------
| rollout/                |             |
|    ep_len_mean          | 8.92e+03    |
|    ep_rew_mean          | -1.07e+03   |
| time/                   |             |
|    fps                  | 399         |
|    iterations           | 28          |
|    time_elapsed         | 143         |
|    total_timesteps      | 57344       |
| train/                  |             |
|    approx_kl            | 0.008721929 |
|    clip_fraction        | 0.137       |
|    clip_range           | 0.2         |
|    entropy_loss         | -16         |
|    explained_variance   | -0.00307    |
|    learning_rate        | 0.0003      |
|    loss                 | 1.87        |
|    n_updates            | 270         |
|    policy_gradient_loss | -0.00737    |
|    std                  | 0.925       |
|    value_loss           | 15.3        |
-----------------------------------------
-----------------------------------------
| rollout/                |             |
|    ep_len_mean          | 8.92e+03    |
|    ep_rew_mean          | -1.07e+03   |
| time/                   |             |
|    fps                  | 399         |
|    iterations           | 29          |
|    time_elapsed         | 148         |
|    total_timesteps      | 59392       |
| train/                  |             |
|    approx_kl            | 0.025669813 |
|    clip_fraction        | 0.219       |
|    clip_range           | 0.2         |
|    entropy_loss         | -16         |
|    explained_variance   | 0.412       |
|    learning_rate        | 0.0003      |
|    loss                 | 0.0444      |
|    n_updates            | 280         |
|    policy_gradient_loss | -0.0166     |
|    std                  | 0.922       |
|    value_loss           | 0.364       |
-----------------------------------------
-----------------------------------------
| rollout/                |             |
|    ep_len_mean          | 8.92e+03    |
|    ep_rew_mean          | -1.07e+03   |
| time/                   |             |
|    fps                  | 398         |
|    iterations           | 30          |
|    time_elapsed         | 154         |
|    total_timesteps      | 61440       |
| train/                  |             |
|    approx_kl            | 0.018238464 |
|    clip_fraction        | 0.215       |
|    clip_range           | 0.2         |
|    entropy_loss         | -16         |
|    explained_variance   | 0.691       |
|    learning_rate        | 0.0003      |
|    loss                 | 0.0423      |
|    n_updates            | 290         |
|    policy_gradient_loss | -0.0117     |
|    std                  | 0.921       |
|    value_loss           | 0.267       |
-----------------------------------------
-----------------------------------------
| rollout/                |             |
|    ep_len_mean          | 8.92e+03    |
|    ep_rew_mean          | -1.07e+03   |
| time/                   |             |
|    fps                  | 397         |
|    iterations           | 31          |
|    time_elapsed         | 159         |
|    total_timesteps      | 63488       |
| train/                  |             |
|    approx_kl            | 0.020189717 |
|    clip_fraction        | 0.214       |
|    clip_range           | 0.2         |
|    entropy_loss         | -16         |
|    explained_variance   | 0.734       |
|    learning_rate        | 0.0003      |
|    loss                 | 0.000893    |
|    n_updates            | 300         |
|    policy_gradient_loss | -0.0134     |
|    std                  | 0.921       |
|    value_loss           | 0.284       |
-----------------------------------------
-----------------------------------------
| rollout/                |             |
|    ep_len_mean          | 8.92e+03    |
|    ep_rew_mean          | -1.07e+03   |
| time/                   |             |
|    fps                  | 398         |
|    iterations           | 32          |
|    time_elapsed         | 164         |
|    total_timesteps      | 65536       |
| train/                  |             |
|    approx_kl            | 0.009494275 |
|    clip_fraction        | 0.131       |
|    clip_range           | 0.2         |
|    entropy_loss         | -16         |
|    explained_variance   | 0.0398      |
|    learning_rate        | 0.0003      |
|    loss                 | 21.2        |
|    n_updates            | 310         |
|    policy_gradient_loss | -0.00938    |
|    std                  | 0.921       |
|    value_loss           | 22.8        |
-----------------------------------------
-----------------------------------------
| rollout/                |             |
|    ep_len_mean          | 8.92e+03    |
|    ep_rew_mean          | -1.07e+03   |
| time/                   |             |
|    fps                  | 399         |
|    iterations           | 33          |
|    time_elapsed         | 169         |
|    total_timesteps      | 67584       |
| train/                  |             |
|    approx_kl            | 0.018880505 |
|    clip_fraction        | 0.206       |
|    clip_range           | 0.2         |
|    entropy_loss         | -16         |
|    explained_variance   | 0.743       |
|    learning_rate        | 0.0003      |
|    loss                 | -0.000832   |
|    n_updates            | 320         |
|    policy_gradient_loss | -0.0148     |
|    std                  | 0.92        |
|    value_loss           | 0.497       |
-----------------------------------------
-----------------------------------------
| rollout/                |             |
|    ep_len_mean          | 8.92e+03    |
|    ep_rew_mean          | -1.07e+03   |
| time/                   |             |
|    fps                  | 399         |
|    iterations           | 34          |
|    time_elapsed         | 174         |
|    total_timesteps      | 69632       |
| train/                  |             |
|    approx_kl            | 0.023904923 |
|    clip_fraction        | 0.239       |
|    clip_range           | 0.2         |
|    entropy_loss         | -15.9       |
|    explained_variance   | 0.698       |
|    learning_rate        | 0.0003      |
|    loss                 | 0.0355      |
|    n_updates            | 330         |
|    policy_gradient_loss | -0.0173     |
|    std                  | 0.911       |
|    value_loss           | 0.307       |
-----------------------------------------
-----------------------------------------
| rollout/                |             |
|    ep_len_mean          | 8.92e+03    |
|    ep_rew_mean          | -1.07e+03   |
| time/                   |             |
|    fps                  | 400         |
|    iterations           | 35          |
|    time_elapsed         | 179         |
|    total_timesteps      | 71680       |
| train/                  |             |
|    approx_kl            | 0.024219079 |
|    clip_fraction        | 0.231       |
|    clip_range           | 0.2         |
|    entropy_loss         | -15.8       |
|    explained_variance   | 0.669       |
|    learning_rate        | 0.0003      |
|    loss                 | 0.0347      |
|    n_updates            | 340         |
|    policy_gradient_loss | -0.0148     |
|    std                  | 0.911       |
|    value_loss           | 0.306       |
-----------------------------------------
-----------------------------------------
| rollout/                |             |
|    ep_len_mean          | 8.92e+03    |
|    ep_rew_mean          | -1.07e+03   |
| time/                   |             |
|    fps                  | 401         |
|    iterations           | 36          |
|    time_elapsed         | 183         |
|    total_timesteps      | 73728       |
| train/                  |             |
|    approx_kl            | 0.008330686 |
|    clip_fraction        | 0.106       |
|    clip_range           | 0.2         |
|    entropy_loss         | -15.8       |
|    explained_variance   | 0.0396      |
|    learning_rate        | 0.0003      |
|    loss                 | 11.1        |
|    n_updates            | 350         |
|    policy_gradient_loss | -0.0102     |
|    std                  | 0.911       |
|    value_loss           | 24.4        |
-----------------------------------------
-----------------------------------------
| rollout/                |             |
|    ep_len_mean          | 8.92e+03    |
|    ep_rew_mean          | -1.07e+03   |
| time/                   |             |
|    fps                  | 401         |
|    iterations           | 37          |
|    time_elapsed         | 188         |
|    total_timesteps      | 75776       |
| train/                  |             |
|    approx_kl            | 0.019954072 |
|    clip_fraction        | 0.198       |
|    clip_range           | 0.2         |
|    entropy_loss         | -15.9       |
|    explained_variance   | 0.662       |
|    learning_rate        | 0.0003      |
|    loss                 | 0.183       |
|    n_updates            | 360         |
|    policy_gradient_loss | -0.0152     |
|    std                  | 0.913       |
|    value_loss           | 0.988       |
-----------------------------------------
-----------------------------------------
| rollout/                |             |
|    ep_len_mean          | 8.92e+03    |
|    ep_rew_mean          | -1.07e+03   |
| time/                   |             |
|    fps                  | 401         |
|    iterations           | 38          |
|    time_elapsed         | 193         |
|    total_timesteps      | 77824       |
| train/                  |             |
|    approx_kl            | 0.017440576 |
|    clip_fraction        | 0.21        |
|    clip_range           | 0.2         |
|    entropy_loss         | -15.9       |
|    explained_variance   | 0.722       |
|    learning_rate        | 0.0003      |
|    loss                 | 0.324       |
|    n_updates            | 370         |
|    policy_gradient_loss | -0.015      |
|    std                  | 0.914       |
|    value_loss           | 0.91        |
-----------------------------------------
-----------------------------------------
| rollout/                |             |
|    ep_len_mean          | 8.92e+03    |
|    ep_rew_mean          | -1.07e+03   |
| time/                   |             |
|    fps                  | 402         |
|    iterations           | 39          |
|    time_elapsed         | 198         |
|    total_timesteps      | 79872       |
| train/                  |             |
|    approx_kl            | 0.021751616 |
|    clip_fraction        | 0.246       |
|    clip_range           | 0.2         |
|    entropy_loss         | -15.9       |
|    explained_variance   | 0.736       |
|    learning_rate        | 0.0003      |
|    loss                 | 0.0793      |
|    n_updates            | 380         |
|    policy_gradient_loss | -0.0103     |
|    std                  | 0.912       |
|    value_loss           | 0.46        |
-----------------------------------------
-----------------------------------------
| rollout/                |             |
|    ep_len_mean          | 8.92e+03    |
|    ep_rew_mean          | -1.07e+03   |
| time/                   |             |
|    fps                  | 403         |
|    iterations           | 40          |
|    time_elapsed         | 203         |
|    total_timesteps      | 81920       |
| train/                  |             |
|    approx_kl            | 0.025669312 |
|    clip_fraction        | 0.247       |
|    clip_range           | 0.2         |
|    entropy_loss         | -15.9       |
|    explained_variance   | 0.669       |
|    learning_rate        | 0.0003      |
|    loss                 | 0.0882      |
|    n_updates            | 390         |
|    policy_gradient_loss | -0.014      |
|    std                  | 0.913       |
|    value_loss           | 0.429       |
-----------------------------------------
----------------------------------------
| rollout/                |            |
|    ep_len_mean          | 8.92e+03   |
|    ep_rew_mean          | -1.07e+03  |
| time/                   |            |
|    fps                  | 403        |
|    iterations           | 41         |
|    time_elapsed         | 207        |
|    total_timesteps      | 83968      |
| train/                  |            |
|    approx_kl            | 0.01060796 |
|    clip_fraction        | 0.128      |
|    clip_range           | 0.2        |
|    entropy_loss         | -15.9      |
|    explained_variance   | -0.00919   |
|    learning_rate        | 0.0003     |
|    loss                 | 4.59       |
|    n_updates            | 400        |
|    policy_gradient_loss | -0.0104    |
|    std                  | 0.911      |
|    value_loss           | 34.3       |
----------------------------------------
----------------------------------------
| rollout/                |            |
|    ep_len_mean          | 8.92e+03   |
|    ep_rew_mean          | -1.07e+03  |
| time/                   |            |
|    fps                  | 404        |
|    iterations           | 42         |
|    time_elapsed         | 212        |
|    total_timesteps      | 86016      |
| train/                  |            |
|    approx_kl            | 0.02429825 |
|    clip_fraction        | 0.263      |
|    clip_range           | 0.2        |
|    entropy_loss         | -15.9      |
|    explained_variance   | 0.617      |
|    learning_rate        | 0.0003     |
|    loss                 | 0.283      |
|    n_updates            | 410        |
|    policy_gradient_loss | -0.0131    |
|    std                  | 0.91       |
|    value_loss           | 0.792      |
----------------------------------------
-----------------------------------------
| rollout/                |             |
|    ep_len_mean          | 8.92e+03    |
|    ep_rew_mean          | -1.07e+03   |
| time/                   |             |
|    fps                  | 405         |
|    iterations           | 43          |
|    time_elapsed         | 217         |
|    total_timesteps      | 88064       |
| train/                  |             |
|    approx_kl            | 0.020552497 |
|    clip_fraction        | 0.237       |
|    clip_range           | 0.2         |
|    entropy_loss         | -15.9       |
|    explained_variance   | 0.649       |
|    learning_rate        | 0.0003      |
|    loss                 | -0.000499   |
|    n_updates            | 420         |
|    policy_gradient_loss | -0.018      |
|    std                  | 0.911       |
|    value_loss           | 0.33        |
-----------------------------------------
-----------------------------------------
| rollout/                |             |
|    ep_len_mean          | 8.92e+03    |
|    ep_rew_mean          | -1.06e+03   |
| time/                   |             |
|    fps                  | 401         |
|    iterations           | 44          |
|    time_elapsed         | 224         |
|    total_timesteps      | 90112       |
| train/                  |             |
|    approx_kl            | 0.026456665 |
|    clip_fraction        | 0.3         |
|    clip_range           | 0.2         |
|    entropy_loss         | -15.8       |
|    explained_variance   | 0.592       |
|    learning_rate        | 0.0003      |
|    loss                 | -0.000861   |
|    n_updates            | 430         |
|    policy_gradient_loss | -0.0186     |
|    std                  | 0.905       |
|    value_loss           | 0.323       |
-----------------------------------------
-----------------------------------------
| rollout/                |             |
|    ep_len_mean          | 8.92e+03    |
|    ep_rew_mean          | -1.06e+03   |
| time/                   |             |
|    fps                  | 399         |
|    iterations           | 45          |
|    time_elapsed         | 230         |
|    total_timesteps      | 92160       |
| train/                  |             |
|    approx_kl            | 0.008816839 |
|    clip_fraction        | 0.155       |
|    clip_range           | 0.2         |
|    entropy_loss         | -15.8       |
|    explained_variance   | 0.0017      |
|    learning_rate        | 0.0003      |
|    loss                 | 17.8        |
|    n_updates            | 440         |
|    policy_gradient_loss | -0.00565    |
|    std                  | 0.905       |
|    value_loss           | 39.6        |
-----------------------------------------
-----------------------------------------
| rollout/                |             |
|    ep_len_mean          | 8.92e+03    |
|    ep_rew_mean          | -1.06e+03   |
| time/                   |             |
|    fps                  | 396         |
|    iterations           | 46          |
|    time_elapsed         | 237         |
|    total_timesteps      | 94208       |
| train/                  |             |
|    approx_kl            | 0.021151006 |
|    clip_fraction        | 0.23        |
|    clip_range           | 0.2         |
|    entropy_loss         | -15.8       |
|    explained_variance   | 0.64        |
|    learning_rate        | 0.0003      |
|    loss                 | 0.2         |
|    n_updates            | 450         |
|    policy_gradient_loss | -0.0115     |
|    std                  | 0.905       |
|    value_loss           | 0.753       |
-----------------------------------------
----------------------------------------
| rollout/                |            |
|    ep_len_mean          | 8.92e+03   |
|    ep_rew_mean          | -1.06e+03  |
| time/                   |            |
|    fps                  | 397        |
|    iterations           | 47         |
|    time_elapsed         | 242        |
|    total_timesteps      | 96256      |
| train/                  |            |
|    approx_kl            | 0.02381213 |
|    clip_fraction        | 0.251      |
|    clip_range           | 0.2        |
|    entropy_loss         | -15.8      |
|    explained_variance   | 0.646      |
|    learning_rate        | 0.0003     |
|    loss                 | 0.0904     |
|    n_updates            | 460        |
|    policy_gradient_loss | -0.0142    |
|    std                  | 0.905      |
|    value_loss           | 0.497      |
----------------------------------------
-----------------------------------------
| rollout/                |             |
|    ep_len_mean          | 8.92e+03    |
|    ep_rew_mean          | -1.06e+03   |
| time/                   |             |
|    fps                  | 397         |
|    iterations           | 48          |
|    time_elapsed         | 247         |
|    total_timesteps      | 98304       |
| train/                  |             |
|    approx_kl            | 0.025596527 |
|    clip_fraction        | 0.27        |
|    clip_range           | 0.2         |
|    entropy_loss         | -15.8       |
|    explained_variance   | 0.493       |
|    learning_rate        | 0.0003      |
|    loss                 | 0.0595      |
|    n_updates            | 470         |
|    policy_gradient_loss | -0.0179     |
|    std                  | 0.91        |
|    value_loss           | 0.29        |
-----------------------------------------
-----------------------------------------
| rollout/                |             |
|    ep_len_mean          | 8.92e+03    |
|    ep_rew_mean          | -1.06e+03   |
| time/                   |             |
|    fps                  | 398         |
|    iterations           | 49          |
|    time_elapsed         | 251         |
|    total_timesteps      | 100352      |
| train/                  |             |
|    approx_kl            | 0.007879852 |
|    clip_fraction        | 0.105       |
|    clip_range           | 0.2         |
|    entropy_loss         | -15.8       |
|    explained_variance   | 0.00234     |
|    learning_rate        | 0.0003      |
|    loss                 | 1.49        |
|    n_updates            | 480         |
|    policy_gradient_loss | -0.00791    |
|    std                  | 0.91        |
|    value_loss           | 40.7        |
-----------------------------------------
-----------------------------------------
| rollout/                |             |
|    ep_len_mean          | 8.92e+03    |
|    ep_rew_mean          | -1.06e+03   |
| time/                   |             |
|    fps                  | 397         |
|    iterations           | 50          |
|    time_elapsed         | 257         |
|    total_timesteps      | 102400      |
| train/                  |             |
|    approx_kl            | 0.010211125 |
|    clip_fraction        | 0.115       |
|    clip_range           | 0.2         |
|    entropy_loss         | -15.8       |
|    explained_variance   | 0.544       |
|    learning_rate        | 0.0003      |
|    loss                 | 1.59        |
|    n_updates            | 490         |
|    policy_gradient_loss | -0.00933    |
|    std                  | 0.909       |
|    value_loss           | 5.89        |
-----------------------------------------
-----------------------------------------
| rollout/                |             |
|    ep_len_mean          | 8.92e+03    |
|    ep_rew_mean          | -1.06e+03   |
| time/                   |             |
|    fps                  | 398         |
|    iterations           | 51          |
|    time_elapsed         | 262         |
|    total_timesteps      | 104448      |
| train/                  |             |
|    approx_kl            | 0.017261136 |
|    clip_fraction        | 0.162       |
|    clip_range           | 0.2         |
|    entropy_loss         | -15.8       |
|    explained_variance   | 0.69        |
|    learning_rate        | 0.0003      |
|    loss                 | 1.29        |
|    n_updates            | 500         |
|    policy_gradient_loss | -0.0128     |
|    std                  | 0.912       |
|    value_loss           | 3.83        |
-----------------------------------------
-----------------------------------------
| rollout/                |             |
|    ep_len_mean          | 8.92e+03    |
|    ep_rew_mean          | -1.06e+03   |
| time/                   |             |
|    fps                  | 398         |
|    iterations           | 52          |
|    time_elapsed         | 267         |
|    total_timesteps      | 106496      |
| train/                  |             |
|    approx_kl            | 0.030134946 |
|    clip_fraction        | 0.27        |
|    clip_range           | 0.2         |
|    entropy_loss         | -15.9       |
|    explained_variance   | 0.756       |
|    learning_rate        | 0.0003      |
|    loss                 | 0.398       |
|    n_updates            | 510         |
|    policy_gradient_loss | -0.0144     |
|    std                  | 0.913       |
|    value_loss           | 1.09        |
-----------------------------------------
-----------------------------------------
| rollout/                |             |
|    ep_len_mean          | 8.92e+03    |
|    ep_rew_mean          | -1.06e+03   |
| time/                   |             |
|    fps                  | 398         |
|    iterations           | 53          |
|    time_elapsed         | 272         |
|    total_timesteps      | 108544      |
| train/                  |             |
|    approx_kl            | 0.026095457 |
|    clip_fraction        | 0.277       |
|    clip_range           | 0.2         |
|    entropy_loss         | -15.9       |
|    explained_variance   | 0.666       |
|    learning_rate        | 0.0003      |
|    loss                 | 0.29        |
|    n_updates            | 520         |
|    policy_gradient_loss | -0.00764    |
|    std                  | 0.911       |
|    value_loss           | 0.813       |
-----------------------------------------
---------------------------------------
| rollout/                |           |
|    ep_len_mean          | 8.92e+03  |
|    ep_rew_mean          | -1.06e+03 |
| time/                   |           |
|    fps                  | 399       |
|    iterations           | 54        |
|    time_elapsed         | 276       |
|    total_timesteps      | 110592    |
| train/                  |           |
|    approx_kl            | 0.0114919 |
|    clip_fraction        | 0.155     |
|    clip_range           | 0.2       |
|    entropy_loss         | -15.8     |
|    explained_variance   | 0.00244   |
|    learning_rate        | 0.0003    |
|    loss                 | 57.7      |
|    n_updates            | 530       |
|    policy_gradient_loss | -0.0118   |
|    std                  | 0.91      |
|    value_loss           | 63.1      |
---------------------------------------
-----------------------------------------
| rollout/                |             |
|    ep_len_mean          | 8.92e+03    |
|    ep_rew_mean          | -1.06e+03   |
| time/                   |             |
|    fps                  | 398         |
|    iterations           | 55          |
|    time_elapsed         | 282         |
|    total_timesteps      | 112640      |
| train/                  |             |
|    approx_kl            | 0.027105395 |
|    clip_fraction        | 0.299       |
|    clip_range           | 0.2         |
|    entropy_loss         | -15.8       |
|    explained_variance   | 0.631       |
|    learning_rate        | 0.0003      |
|    loss                 | 0.217       |
|    n_updates            | 540         |
|    policy_gradient_loss | -0.0104     |
|    std                  | 0.909       |
|    value_loss           | 1.41        |
-----------------------------------------
-----------------------------------------
| rollout/                |             |
|    ep_len_mean          | 8.92e+03    |
|    ep_rew_mean          | -1.06e+03   |
| time/                   |             |
|    fps                  | 399         |
|    iterations           | 56          |
|    time_elapsed         | 287         |
|    total_timesteps      | 114688      |
| train/                  |             |
|    approx_kl            | 0.023463383 |
|    clip_fraction        | 0.249       |
|    clip_range           | 0.2         |
|    entropy_loss         | -15.8       |
|    explained_variance   | 0.701       |
|    learning_rate        | 0.0003      |
|    loss                 | 0.355       |
|    n_updates            | 550         |
|    policy_gradient_loss | -0.0162     |
|    std                  | 0.907       |
|    value_loss           | 1.36        |
-----------------------------------------
-----------------------------------------
| rollout/                |             |
|    ep_len_mean          | 8.92e+03    |
|    ep_rew_mean          | -1.06e+03   |
| time/                   |             |
|    fps                  | 399         |
|    iterations           | 57          |
|    time_elapsed         | 292         |
|    total_timesteps      | 116736      |
| train/                  |             |
|    approx_kl            | 0.028834496 |
|    clip_fraction        | 0.285       |
|    clip_range           | 0.2         |
|    entropy_loss         | -15.8       |
|    explained_variance   | 0.411       |
|    learning_rate        | 0.0003      |
|    loss                 | 0.0979      |
|    n_updates            | 560         |
|    policy_gradient_loss | -0.0114     |
|    std                  | 0.907       |
|    value_loss           | 0.603       |
-----------------------------------------
-----------------------------------------
| rollout/                |             |
|    ep_len_mean          | 8.92e+03    |
|    ep_rew_mean          | -1.06e+03   |
| time/                   |             |
|    fps                  | 399         |
|    iterations           | 58          |
|    time_elapsed         | 297         |
|    total_timesteps      | 118784      |
| train/                  |             |
|    approx_kl            | 0.008610452 |
|    clip_fraction        | 0.106       |
|    clip_range           | 0.2         |
|    entropy_loss         | -15.8       |
|    explained_variance   | -0.0209     |
|    learning_rate        | 0.0003      |
|    loss                 | 2.41        |
|    n_updates            | 570         |
|    policy_gradient_loss | -0.00797    |
|    std                  | 0.907       |
|    value_loss           | 41.1        |
-----------------------------------------
----------------------------------------
| rollout/                |            |
|    ep_len_mean          | 8.92e+03   |
|    ep_rew_mean          | -1.06e+03  |
| time/                   |            |
|    fps                  | 399        |
|    iterations           | 59         |
|    time_elapsed         | 302        |
|    total_timesteps      | 120832     |
| train/                  |            |
|    approx_kl            | 0.02651694 |
|    clip_fraction        | 0.244      |
|    clip_range           | 0.2        |
|    entropy_loss         | -15.8      |
|    explained_variance   | -0.397     |
|    learning_rate        | 0.0003     |
|    loss                 | 0.742      |
|    n_updates            | 580        |
|    policy_gradient_loss | -0.0137    |
|    std                  | 0.903      |
|    value_loss           | 1.86       |
----------------------------------------
-----------------------------------------
| rollout/                |             |
|    ep_len_mean          | 8.92e+03    |
|    ep_rew_mean          | -1.06e+03   |
| time/                   |             |
|    fps                  | 400         |
|    iterations           | 60          |
|    time_elapsed         | 307         |
|    total_timesteps      | 122880      |
| train/                  |             |
|    approx_kl            | 0.020973928 |
|    clip_fraction        | 0.275       |
|    clip_range           | 0.2         |
|    entropy_loss         | -15.7       |
|    explained_variance   | 0.452       |
|    learning_rate        | 0.0003      |
|    loss                 | 0.298       |
|    n_updates            | 590         |
|    policy_gradient_loss | -0.0109     |
|    std                  | 0.904       |
|    value_loss           | 0.783       |
-----------------------------------------
-----------------------------------------
| rollout/                |             |
|    ep_len_mean          | 8.92e+03    |
|    ep_rew_mean          | -1.06e+03   |
| time/                   |             |
|    fps                  | 399         |
|    iterations           | 61          |
|    time_elapsed         | 312         |
|    total_timesteps      | 124928      |
| train/                  |             |
|    approx_kl            | 0.029535238 |
|    clip_fraction        | 0.294       |
|    clip_range           | 0.2         |
|    entropy_loss         | -15.8       |
|    explained_variance   | 0.41        |
|    learning_rate        | 0.0003      |
|    loss                 | 0.0757      |
|    n_updates            | 600         |
|    policy_gradient_loss | -0.0152     |
|    std                  | 0.91        |
|    value_loss           | 0.391       |
-----------------------------------------
-----------------------------------------
| rollout/                |             |
|    ep_len_mean          | 8.92e+03    |
|    ep_rew_mean          | -1.06e+03   |
| time/                   |             |
|    fps                  | 399         |
|    iterations           | 62          |
|    time_elapsed         | 317         |
|    total_timesteps      | 126976      |
| train/                  |             |
|    approx_kl            | 0.010517061 |
|    clip_fraction        | 0.167       |
|    clip_range           | 0.2         |
|    entropy_loss         | -15.8       |
|    explained_variance   | 0.0691      |
|    learning_rate        | 0.0003      |
|    loss                 | 0.511       |
|    n_updates            | 610         |
|    policy_gradient_loss | -0.00384    |
|    std                  | 0.91        |
|    value_loss           | 29.5        |
-----------------------------------------
-----------------------------------------
| rollout/                |             |
|    ep_len_mean          | 8.92e+03    |
|    ep_rew_mean          | -1.06e+03   |
| time/                   |             |
|    fps                  | 400         |
|    iterations           | 63          |
|    time_elapsed         | 322         |
|    total_timesteps      | 129024      |
| train/                  |             |
|    approx_kl            | 0.018431643 |
|    clip_fraction        | 0.208       |
|    clip_range           | 0.2         |
|    entropy_loss         | -15.8       |
|    explained_variance   | 0.492       |
|    learning_rate        | 0.0003      |
|    loss                 | 0.804       |
|    n_updates            | 620         |
|    policy_gradient_loss | -0.0113     |
|    std                  | 0.909       |
|    value_loss           | 2.56        |
-----------------------------------------
----------------------------------------
| rollout/                |            |
|    ep_len_mean          | 8.92e+03   |
|    ep_rew_mean          | -1.06e+03  |
| time/                   |            |
|    fps                  | 400        |
|    iterations           | 64         |
|    time_elapsed         | 326        |
|    total_timesteps      | 131072     |
| train/                  |            |
|    approx_kl            | 0.02072395 |
|    clip_fraction        | 0.196      |
|    clip_range           | 0.2        |
|    entropy_loss         | -15.8      |
|    explained_variance   | 0.693      |
|    learning_rate        | 0.0003     |
|    loss                 | 1.3        |
|    n_updates            | 630        |
|    policy_gradient_loss | -0.00897   |
|    std                  | 0.912      |
|    value_loss           | 2.22       |
----------------------------------------
----------------------------------------
| rollout/                |            |
|    ep_len_mean          | 8.92e+03   |
|    ep_rew_mean          | -1.06e+03  |
| time/                   |            |
|    fps                  | 401        |
|    iterations           | 65         |
|    time_elapsed         | 331        |
|    total_timesteps      | 133120     |
| train/                  |            |
|    approx_kl            | 0.03166914 |
|    clip_fraction        | 0.272      |
|    clip_range           | 0.2        |
|    entropy_loss         | -15.8      |
|    explained_variance   | 0.81       |
|    learning_rate        | 0.0003     |
|    loss                 | 0.412      |
|    n_updates            | 640        |
|    policy_gradient_loss | -0.00865   |
|    std                  | 0.91       |
|    value_loss           | 1.19       |
----------------------------------------
----------------------------------------
| rollout/                |            |
|    ep_len_mean          | 8.92e+03   |
|    ep_rew_mean          | -1.06e+03  |
| time/                   |            |
|    fps                  | 401        |
|    iterations           | 66         |
|    time_elapsed         | 336        |
|    total_timesteps      | 135168     |
| train/                  |            |
|    approx_kl            | 0.03388714 |
|    clip_fraction        | 0.33       |
|    clip_range           | 0.2        |
|    entropy_loss         | -15.9      |
|    explained_variance   | 0.623      |
|    learning_rate        | 0.0003     |
|    loss                 | 0.104      |
|    n_updates            | 650        |
|    policy_gradient_loss | -0.0136    |
|    std                  | 0.916      |
|    value_loss           | 0.549      |
----------------------------------------
------------------------------------------
| rollout/                |              |
|    ep_len_mean          | 8.92e+03     |
|    ep_rew_mean          | -1.06e+03    |
| time/                   |              |
|    fps                  | 401          |
|    iterations           | 67           |
|    time_elapsed         | 341          |
|    total_timesteps      | 137216       |
| train/                  |              |
|    approx_kl            | 0.0088043185 |
|    clip_fraction        | 0.104        |
|    clip_range           | 0.2          |
|    entropy_loss         | -15.9        |
|    explained_variance   | -0.00594     |
|    learning_rate        | 0.0003       |
|    loss                 | 18.3         |
|    n_updates            | 660          |
|    policy_gradient_loss | -0.0108      |
|    std                  | 0.915        |
|    value_loss           | 85.2         |
------------------------------------------
---------------------------------------
| rollout/                |           |
|    ep_len_mean          | 8.92e+03  |
|    ep_rew_mean          | -1.06e+03 |
| time/                   |           |
|    fps                  | 401       |
|    iterations           | 68        |
|    time_elapsed         | 346       |
|    total_timesteps      | 139264    |
| train/                  |           |
|    approx_kl            | 0.0377976 |
|    clip_fraction        | 0.336     |
|    clip_range           | 0.2       |
|    entropy_loss         | -15.9     |
|    explained_variance   | 0.529     |
|    learning_rate        | 0.0003    |
|    loss                 | 0.0268    |
|    n_updates            | 670       |
|    policy_gradient_loss | -0.00575  |
|    std                  | 0.914     |
|    value_loss           | 0.558     |
---------------------------------------
-----------------------------------------
| rollout/                |             |
|    ep_len_mean          | 8.92e+03    |
|    ep_rew_mean          | -1.06e+03   |
| time/                   |             |
|    fps                  | 401         |
|    iterations           | 69          |
|    time_elapsed         | 351         |
|    total_timesteps      | 141312      |
| train/                  |             |
|    approx_kl            | 0.034351785 |
|    clip_fraction        | 0.323       |
|    clip_range           | 0.2         |
|    entropy_loss         | -15.9       |
|    explained_variance   | 0.374       |
|    learning_rate        | 0.0003      |
|    loss                 | 0.0672      |
|    n_updates            | 680         |
|    policy_gradient_loss | -0.00752    |
|    std                  | 0.916       |
|    value_loss           | 0.365       |
-----------------------------------------
-----------------------------------------
| rollout/                |             |
|    ep_len_mean          | 8.92e+03    |
|    ep_rew_mean          | -1.07e+03   |
| time/                   |             |
|    fps                  | 401         |
|    iterations           | 70          |
|    time_elapsed         | 356         |
|    total_timesteps      | 143360      |
| train/                  |             |
|    approx_kl            | 0.030160083 |
|    clip_fraction        | 0.321       |
|    clip_range           | 0.2         |
|    entropy_loss         | -15.9       |
|    explained_variance   | -0.192      |
|    learning_rate        | 0.0003      |
|    loss                 | 0.196       |
|    n_updates            | 690         |
|    policy_gradient_loss | -0.00549    |
|    std                  | 0.912       |
|    value_loss           | 0.585       |
-----------------------------------------
-----------------------------------------
| rollout/                |             |
|    ep_len_mean          | 8.92e+03    |
|    ep_rew_mean          | -1.07e+03   |
| time/                   |             |
|    fps                  | 402         |
|    iterations           | 71          |
|    time_elapsed         | 361         |
|    total_timesteps      | 145408      |
| train/                  |             |
|    approx_kl            | 0.006270241 |
|    clip_fraction        | 0.122       |
|    clip_range           | 0.2         |
|    entropy_loss         | -15.8       |
|    explained_variance   | 0.00513     |
|    learning_rate        | 0.0003      |
|    loss                 | 1.02        |
|    n_updates            | 700         |
|    policy_gradient_loss | -0.000634   |
|    std                  | 0.911       |
|    value_loss           | 38          |
-----------------------------------------
---------------------------------------
| rollout/                |           |
|    ep_len_mean          | 8.92e+03  |
|    ep_rew_mean          | -1.07e+03 |
| time/                   |           |
|    fps                  | 402       |
|    iterations           | 72        |
|    time_elapsed         | 366       |
|    total_timesteps      | 147456    |
| train/                  |           |
|    approx_kl            | 0.020305  |
|    clip_fraction        | 0.274     |
|    clip_range           | 0.2       |
|    entropy_loss         | -15.8     |
|    explained_variance   | 0.156     |
|    learning_rate        | 0.0003    |
|    loss                 | 0.0207    |
|    n_updates            | 710       |
|    policy_gradient_loss | -0.00704  |
|    std                  | 0.908     |
|    value_loss           | 0.312     |
---------------------------------------
-----------------------------------------
| rollout/                |             |
|    ep_len_mean          | 8.92e+03    |
|    ep_rew_mean          | -1.07e+03   |
| time/                   |             |
|    fps                  | 402         |
|    iterations           | 73          |
|    time_elapsed         | 371         |
|    total_timesteps      | 149504      |
| train/                  |             |
|    approx_kl            | 0.024070643 |
|    clip_fraction        | 0.265       |
|    clip_range           | 0.2         |
|    entropy_loss         | -15.8       |
|    explained_variance   | 0.429       |
|    learning_rate        | 0.0003      |
|    loss                 | 0.0351      |
|    n_updates            | 720         |
|    policy_gradient_loss | -0.019      |
|    std                  | 0.906       |
|    value_loss           | 0.341       |
-----------------------------------------
-----------------------------------------
| rollout/                |             |
|    ep_len_mean          | 8.92e+03    |
|    ep_rew_mean          | -1.07e+03   |
| time/                   |             |
|    fps                  | 403         |
|    iterations           | 74          |
|    time_elapsed         | 375         |
|    total_timesteps      | 151552      |
| train/                  |             |
|    approx_kl            | 0.023337625 |
|    clip_fraction        | 0.273       |
|    clip_range           | 0.2         |
|    entropy_loss         | -15.7       |
|    explained_variance   | 0.286       |
|    learning_rate        | 0.0003      |
|    loss                 | 0.0349      |
|    n_updates            | 730         |
|    policy_gradient_loss | -0.0141     |
|    std                  | 0.904       |
|    value_loss           | 0.264       |
-----------------------------------------
-----------------------------------------
| rollout/                |             |
|    ep_len_mean          | 8.92e+03    |
|    ep_rew_mean          | -1.06e+03   |
| time/                   |             |
|    fps                  | 403         |
|    iterations           | 75          |
|    time_elapsed         | 380         |
|    total_timesteps      | 153600      |
| train/                  |             |
|    approx_kl            | 0.020892499 |
|    clip_fraction        | 0.264       |
|    clip_range           | 0.2         |
|    entropy_loss         | -15.7       |
|    explained_variance   | 0.585       |
|    learning_rate        | 0.0003      |
|    loss                 | 0.00829     |
|    n_updates            | 740         |
|    policy_gradient_loss | -0.013      |
|    std                  | 0.897       |
|    value_loss           | 0.283       |
-----------------------------------------
-----------------------------------------
| rollout/                |             |
|    ep_len_mean          | 8.92e+03    |
|    ep_rew_mean          | -1.06e+03   |
| time/                   |             |
|    fps                  | 404         |
|    iterations           | 76          |
|    time_elapsed         | 385         |
|    total_timesteps      | 155648      |
| train/                  |             |
|    approx_kl            | 0.013526706 |
|    clip_fraction        | 0.135       |
|    clip_range           | 0.2         |
|    entropy_loss         | -15.6       |
|    explained_variance   | 0.000985    |
|    learning_rate        | 0.0003      |
|    loss                 | 26.7        |
|    n_updates            | 750         |
|    policy_gradient_loss | -0.00495    |
|    std                  | 0.897       |
|    value_loss           | 55.5        |
-----------------------------------------
-----------------------------------------
| rollout/                |             |
|    ep_len_mean          | 8.92e+03    |
|    ep_rew_mean          | -1.06e+03   |
| time/                   |             |
|    fps                  | 404         |
|    iterations           | 77          |
|    time_elapsed         | 389         |
|    total_timesteps      | 157696      |
| train/                  |             |
|    approx_kl            | 0.024644313 |
|    clip_fraction        | 0.258       |
|    clip_range           | 0.2         |
|    entropy_loss         | -15.6       |
|    explained_variance   | 0.299       |
|    learning_rate        | 0.0003      |
|    loss                 | 0.0153      |
|    n_updates            | 760         |
|    policy_gradient_loss | -0.0132     |
|    std                  | 0.893       |
|    value_loss           | 0.347       |
-----------------------------------------
-----------------------------------------
| rollout/                |             |
|    ep_len_mean          | 8.92e+03    |
|    ep_rew_mean          | -1.06e+03   |
| time/                   |             |
|    fps                  | 404         |
|    iterations           | 78          |
|    time_elapsed         | 395         |
|    total_timesteps      | 159744      |
| train/                  |             |
|    approx_kl            | 0.022879973 |
|    clip_fraction        | 0.257       |
|    clip_range           | 0.2         |
|    entropy_loss         | -15.5       |
|    explained_variance   | 0.439       |
|    learning_rate        | 0.0003      |
|    loss                 | 0.0184      |
|    n_updates            | 770         |
|    policy_gradient_loss | -0.0163     |
|    std                  | 0.89        |
|    value_loss           | 0.258       |
-----------------------------------------
-----------------------------------------
| rollout/                |             |
|    ep_len_mean          | 8.92e+03    |
|    ep_rew_mean          | -1.06e+03   |
| time/                   |             |
|    fps                  | 403         |
|    iterations           | 79          |
|    time_elapsed         | 400         |
|    total_timesteps      | 161792      |
| train/                  |             |
|    approx_kl            | 0.028795827 |
|    clip_fraction        | 0.278       |
|    clip_range           | 0.2         |
|    entropy_loss         | -15.5       |
|    explained_variance   | 0.469       |
|    learning_rate        | 0.0003      |
|    loss                 | -0.0397     |
|    n_updates            | 780         |
|    policy_gradient_loss | -0.0203     |
|    std                  | 0.889       |
|    value_loss           | 0.276       |
-----------------------------------------
-----------------------------------------
| rollout/                |             |
|    ep_len_mean          | 8.92e+03    |
|    ep_rew_mean          | -1.06e+03   |
| time/                   |             |
|    fps                  | 404         |
|    iterations           | 80          |
|    time_elapsed         | 405         |
|    total_timesteps      | 163840      |
| train/                  |             |
|    approx_kl            | 0.011027869 |
|    clip_fraction        | 0.161       |
|    clip_range           | 0.2         |
|    entropy_loss         | -15.5       |
|    explained_variance   | 0.0174      |
|    learning_rate        | 0.0003      |
|    loss                 | 3.81        |
|    n_updates            | 790         |
|    policy_gradient_loss | -0.00386    |
|    std                  | 0.888       |
|    value_loss           | 88.7        |
-----------------------------------------
-----------------------------------------
| rollout/                |             |
|    ep_len_mean          | 8.92e+03    |
|    ep_rew_mean          | -1.06e+03   |
| time/                   |             |
|    fps                  | 404         |
|    iterations           | 81          |
|    time_elapsed         | 410         |
|    total_timesteps      | 165888      |
| train/                  |             |
|    approx_kl            | 0.015785713 |
|    clip_fraction        | 0.199       |
|    clip_range           | 0.2         |
|    entropy_loss         | -15.5       |
|    explained_variance   | 0.748       |
|    learning_rate        | 0.0003      |
|    loss                 | 0.175       |
|    n_updates            | 800         |
|    policy_gradient_loss | -0.0135     |
|    std                  | 0.888       |
|    value_loss           | 0.838       |
-----------------------------------------
-----------------------------------------
| rollout/                |             |
|    ep_len_mean          | 8.92e+03    |
|    ep_rew_mean          | -1.06e+03   |
| time/                   |             |
|    fps                  | 404         |
|    iterations           | 82          |
|    time_elapsed         | 414         |
|    total_timesteps      | 167936      |
| train/                  |             |
|    approx_kl            | 0.021259416 |
|    clip_fraction        | 0.228       |
|    clip_range           | 0.2         |
|    entropy_loss         | -15.5       |
|    explained_variance   | 0.741       |
|    learning_rate        | 0.0003      |
|    loss                 | 0.218       |
|    n_updates            | 810         |
|    policy_gradient_loss | -0.0116     |
|    std                  | 0.888       |
|    value_loss           | 0.677       |
-----------------------------------------
-----------------------------------------
| rollout/                |             |
|    ep_len_mean          | 8.92e+03    |
|    ep_rew_mean          | -1.06e+03   |
| time/                   |             |
|    fps                  | 404         |
|    iterations           | 83          |
|    time_elapsed         | 419         |
|    total_timesteps      | 169984      |
| train/                  |             |
|    approx_kl            | 0.019516997 |
|    clip_fraction        | 0.26        |
|    clip_range           | 0.2         |
|    entropy_loss         | -15.5       |
|    explained_variance   | 0.761       |
|    learning_rate        | 0.0003      |
|    loss                 | 0.0834      |
|    n_updates            | 820         |
|    policy_gradient_loss | -0.0136     |
|    std                  | 0.885       |
|    value_loss           | 0.368       |
-----------------------------------------
-----------------------------------------
| rollout/                |             |
|    ep_len_mean          | 8.92e+03    |
|    ep_rew_mean          | -1.06e+03   |
| time/                   |             |
|    fps                  | 404         |
|    iterations           | 84          |
|    time_elapsed         | 424         |
|    total_timesteps      | 172032      |
| train/                  |             |
|    approx_kl            | 0.015366642 |
|    clip_fraction        | 0.131       |
|    clip_range           | 0.2         |
|    entropy_loss         | -15.4       |
|    explained_variance   | 0.0777      |
|    learning_rate        | 0.0003      |
|    loss                 | 7.89        |
|    n_updates            | 830         |
|    policy_gradient_loss | -0.00786    |
|    std                  | 0.885       |
|    value_loss           | 99.6        |
-----------------------------------------
-----------------------------------------
| rollout/                |             |
|    ep_len_mean          | 8.92e+03    |
|    ep_rew_mean          | -1.06e+03   |
| time/                   |             |
|    fps                  | 404         |
|    iterations           | 85          |
|    time_elapsed         | 430         |
|    total_timesteps      | 174080      |
| train/                  |             |
|    approx_kl            | 0.036402315 |
|    clip_fraction        | 0.273       |
|    clip_range           | 0.2         |
|    entropy_loss         | -15.4       |
|    explained_variance   | 0.35        |
|    learning_rate        | 0.0003      |
|    loss                 | 0.0536      |
|    n_updates            | 840         |
|    policy_gradient_loss | -0.0157     |
|    std                  | 0.883       |
|    value_loss           | 0.525       |
-----------------------------------------
-----------------------------------------
| rollout/                |             |
|    ep_len_mean          | 8.92e+03    |
|    ep_rew_mean          | -1.06e+03   |
| time/                   |             |
|    fps                  | 404         |
|    iterations           | 86          |
|    time_elapsed         | 435         |
|    total_timesteps      | 176128      |
| train/                  |             |
|    approx_kl            | 0.025059387 |
|    clip_fraction        | 0.248       |
|    clip_range           | 0.2         |
|    entropy_loss         | -15.4       |
|    explained_variance   | 0.699       |
|    learning_rate        | 0.0003      |
|    loss                 | 0.0948      |
|    n_updates            | 850         |
|    policy_gradient_loss | -0.0148     |
|    std                  | 0.882       |
|    value_loss           | 0.661       |
-----------------------------------------
-----------------------------------------
| rollout/                |             |
|    ep_len_mean          | 8.92e+03    |
|    ep_rew_mean          | -1.06e+03   |
| time/                   |             |
|    fps                  | 404         |
|    iterations           | 87          |
|    time_elapsed         | 440         |
|    total_timesteps      | 178176      |
| train/                  |             |
|    approx_kl            | 0.029954161 |
|    clip_fraction        | 0.299       |
|    clip_range           | 0.2         |
|    entropy_loss         | -15.4       |
|    explained_variance   | 0.594       |
|    learning_rate        | 0.0003      |
|    loss                 | 0.0299      |
|    n_updates            | 860         |
|    policy_gradient_loss | -0.0118     |
|    std                  | 0.88        |
|    value_loss           | 0.342       |
-----------------------------------------
-----------------------------------------
| rollout/                |             |
|    ep_len_mean          | 8.92e+03    |
|    ep_rew_mean          | -1.06e+03   |
| time/                   |             |
|    fps                  | 404         |
|    iterations           | 88          |
|    time_elapsed         | 445         |
|    total_timesteps      | 180224      |
| train/                  |             |
|    approx_kl            | 0.025899101 |
|    clip_fraction        | 0.28        |
|    clip_range           | 0.2         |
|    entropy_loss         | -15.4       |
|    explained_variance   | 0.444       |
|    learning_rate        | 0.0003      |
|    loss                 | 0.0104      |
|    n_updates            | 870         |
|    policy_gradient_loss | -0.0148     |
|    std                  | 0.88        |
|    value_loss           | 0.281       |
-----------------------------------------
----------------------------------------
| rollout/                |            |
|    ep_len_mean          | 8.92e+03   |
|    ep_rew_mean          | -1.06e+03  |
| time/                   |            |
|    fps                  | 404        |
|    iterations           | 89         |
|    time_elapsed         | 450        |
|    total_timesteps      | 182272     |
| train/                  |            |
|    approx_kl            | 0.01246827 |
|    clip_fraction        | 0.127      |
|    clip_range           | 0.2        |
|    entropy_loss         | -15.4      |
|    explained_variance   | 0.003      |
|    learning_rate        | 0.0003     |
|    loss                 | 0.704      |
|    n_updates            | 880        |
|    policy_gradient_loss | -0.00127   |
|    std                  | 0.879      |
|    value_loss           | 78.7       |
----------------------------------------
----------------------------------------
| rollout/                |            |
|    ep_len_mean          | 8.92e+03   |
|    ep_rew_mean          | -1.06e+03  |
| time/                   |            |
|    fps                  | 405        |
|    iterations           | 90         |
|    time_elapsed         | 454        |
|    total_timesteps      | 184320     |
| train/                  |            |
|    approx_kl            | 0.02832286 |
|    clip_fraction        | 0.283      |
|    clip_range           | 0.2        |
|    entropy_loss         | -15.4      |
|    explained_variance   | 0.232      |
|    learning_rate        | 0.0003     |
|    loss                 | 0.0439     |
|    n_updates            | 890        |
|    policy_gradient_loss | -0.0109    |
|    std                  | 0.883      |
|    value_loss           | 0.259      |
----------------------------------------
-----------------------------------------
| rollout/                |             |
|    ep_len_mean          | 8.92e+03    |
|    ep_rew_mean          | -1.06e+03   |
| time/                   |             |
|    fps                  | 405         |
|    iterations           | 91          |
|    time_elapsed         | 460         |
|    total_timesteps      | 186368      |
| train/                  |             |
|    approx_kl            | 0.022280518 |
|    clip_fraction        | 0.264       |
|    clip_range           | 0.2         |
|    entropy_loss         | -15.4       |
|    explained_variance   | 0.0204      |
|    learning_rate        | 0.0003      |
|    loss                 | -0.0374     |
|    n_updates            | 900         |
|    policy_gradient_loss | -0.0126     |
|    std                  | 0.88        |
|    value_loss           | 0.259       |
-----------------------------------------
-----------------------------------------
| rollout/                |             |
|    ep_len_mean          | 8.92e+03    |
|    ep_rew_mean          | -1.06e+03   |
| time/                   |             |
|    fps                  | 405         |
|    iterations           | 92          |
|    time_elapsed         | 464         |
|    total_timesteps      | 188416      |
| train/                  |             |
|    approx_kl            | 0.025812432 |
|    clip_fraction        | 0.277       |
|    clip_range           | 0.2         |
|    entropy_loss         | -15.4       |
|    explained_variance   | 0.381       |
|    learning_rate        | 0.0003      |
|    loss                 | -0.00834    |
|    n_updates            | 910         |
|    policy_gradient_loss | -0.0139     |
|    std                  | 0.882       |
|    value_loss           | 0.251       |
-----------------------------------------
------------------------------------------
| rollout/                |              |
|    ep_len_mean          | 8.92e+03     |
|    ep_rew_mean          | -1.06e+03    |
| time/                   |              |
|    fps                  | 405          |
|    iterations           | 93           |
|    time_elapsed         | 469          |
|    total_timesteps      | 190464       |
| train/                  |              |
|    approx_kl            | 0.0072239004 |
|    clip_fraction        | 0.159        |
|    clip_range           | 0.2          |
|    entropy_loss         | -15.4        |
|    explained_variance   | 0.000817     |
|    learning_rate        | 0.0003       |
|    loss                 | 49           |
|    n_updates            | 920          |
|    policy_gradient_loss | -0.00123     |
|    std                  | 0.882        |
|    value_loss           | 121          |
------------------------------------------
---------------------------------------
| rollout/                |           |
|    ep_len_mean          | 8.92e+03  |
|    ep_rew_mean          | -1.06e+03 |
| time/                   |           |
|    fps                  | 404       |
|    iterations           | 94        |
|    time_elapsed         | 475       |
|    total_timesteps      | 192512    |
| train/                  |           |
|    approx_kl            | 0.0210755 |
|    clip_fraction        | 0.142     |
|    clip_range           | 0.2       |
|    entropy_loss         | -15.4     |
|    explained_variance   | 0.209     |
|    learning_rate        | 0.0003    |
|    loss                 | 0.473     |
|    n_updates            | 930       |
|    policy_gradient_loss | -0.00668  |
|    std                  | 0.881     |
|    value_loss           | 3.26      |
---------------------------------------
-----------------------------------------
| rollout/                |             |
|    ep_len_mean          | 8.92e+03    |
|    ep_rew_mean          | -1.06e+03   |
| time/                   |             |
|    fps                  | 405         |
|    iterations           | 95          |
|    time_elapsed         | 480         |
|    total_timesteps      | 194560      |
| train/                  |             |
|    approx_kl            | 0.026723761 |
|    clip_fraction        | 0.286       |
|    clip_range           | 0.2         |
|    entropy_loss         | -15.3       |
|    explained_variance   | 0.661       |
|    learning_rate        | 0.0003      |
|    loss                 | 0.117       |
|    n_updates            | 940         |
|    policy_gradient_loss | -0.0135     |
|    std                  | 0.878       |
|    value_loss           | 0.713       |
-----------------------------------------
-----------------------------------------
| rollout/                |             |
|    ep_len_mean          | 8.92e+03    |
|    ep_rew_mean          | -1.05e+03   |
| time/                   |             |
|    fps                  | 405         |
|    iterations           | 96          |
|    time_elapsed         | 485         |
|    total_timesteps      | 196608      |
| train/                  |             |
|    approx_kl            | 0.024220988 |
|    clip_fraction        | 0.257       |
|    clip_range           | 0.2         |
|    entropy_loss         | -15.4       |
|    explained_variance   | 0.591       |
|    learning_rate        | 0.0003      |
|    loss                 | 0.034       |
|    n_updates            | 950         |
|    policy_gradient_loss | -0.0113     |
|    std                  | 0.882       |
|    value_loss           | 0.625       |
-----------------------------------------
-----------------------------------------
| rollout/                |             |
|    ep_len_mean          | 8.92e+03    |
|    ep_rew_mean          | -1.05e+03   |
| time/                   |             |
|    fps                  | 405         |
|    iterations           | 97          |
|    time_elapsed         | 489         |
|    total_timesteps      | 198656      |
| train/                  |             |
|    approx_kl            | 0.012250644 |
|    clip_fraction        | 0.0965      |
|    clip_range           | 0.2         |
|    entropy_loss         | -15.4       |
|    explained_variance   | 0.00381     |
|    learning_rate        | 0.0003      |
|    loss                 | 26.5        |
|    n_updates            | 960         |
|    policy_gradient_loss | -0.00892    |
|    std                  | 0.882       |
|    value_loss           | 122         |
-----------------------------------------
----------------------------------------
| rollout/                |            |
|    ep_len_mean          | 8.92e+03   |
|    ep_rew_mean          | -1.05e+03  |
| time/                   |            |
|    fps                  | 405        |
|    iterations           | 98         |
|    time_elapsed         | 494        |
|    total_timesteps      | 200704     |
| train/                  |            |
|    approx_kl            | 0.01048408 |
|    clip_fraction        | 0.115      |
|    clip_range           | 0.2        |
|    entropy_loss         | -15.4      |
|    explained_variance   | 0.317      |
|    learning_rate        | 0.0003     |
|    loss                 | 1.53       |
|    n_updates            | 970        |
|    policy_gradient_loss | -0.00692   |
|    std                  | 0.882      |
|    value_loss           | 7.58       |
----------------------------------------
-----------------------------------------
| rollout/                |             |
|    ep_len_mean          | 8.92e+03    |
|    ep_rew_mean          | -1.05e+03   |
| time/                   |             |
|    fps                  | 405         |
|    iterations           | 99          |
|    time_elapsed         | 500         |
|    total_timesteps      | 202752      |
| train/                  |             |
|    approx_kl            | 0.010318046 |
|    clip_fraction        | 0.103       |
|    clip_range           | 0.2         |
|    entropy_loss         | -15.4       |
|    explained_variance   | 0.695       |
|    learning_rate        | 0.0003      |
|    loss                 | 1.98        |
|    n_updates            | 980         |
|    policy_gradient_loss | -0.0111     |
|    std                  | 0.883       |
|    value_loss           | 8.67        |
-----------------------------------------
----------------------------------------
| rollout/                |            |
|    ep_len_mean          | 8.92e+03   |
|    ep_rew_mean          | -1.05e+03  |
| time/                   |            |
|    fps                  | 405        |
|    iterations           | 100        |
|    time_elapsed         | 504        |
|    total_timesteps      | 204800     |
| train/                  |            |
|    approx_kl            | 0.01968025 |
|    clip_fraction        | 0.19       |
|    clip_range           | 0.2        |
|    entropy_loss         | -15.4      |
|    explained_variance   | 0.749      |
|    learning_rate        | 0.0003     |
|    loss                 | 0.658      |
|    n_updates            | 990        |
|    policy_gradient_loss | -0.0128    |
|    std                  | 0.886      |
|    value_loss           | 2.46       |
----------------------------------------
-----------------------------------------
| rollout/                |             |
|    ep_len_mean          | 8.92e+03    |
|    ep_rew_mean          | -1.05e+03   |
| time/                   |             |
|    fps                  | 405         |
|    iterations           | 101         |
|    time_elapsed         | 509         |
|    total_timesteps      | 206848      |
| train/                  |             |
|    approx_kl            | 0.032538928 |
|    clip_fraction        | 0.335       |
|    clip_range           | 0.2         |
|    entropy_loss         | -15.5       |
|    explained_variance   | 0.519       |
|    learning_rate        | 0.0003      |
|    loss                 | 0.174       |
|    n_updates            | 1000        |
|    policy_gradient_loss | -0.0132     |
|    std                  | 0.891       |
|    value_loss           | 0.56        |
-----------------------------------------
-----------------------------------------
| rollout/                |             |
|    ep_len_mean          | 8.92e+03    |
|    ep_rew_mean          | -1.05e+03   |
| time/                   |             |
|    fps                  | 406         |
|    iterations           | 102         |
|    time_elapsed         | 514         |
|    total_timesteps      | 208896      |
| train/                  |             |
|    approx_kl            | 0.007148591 |
|    clip_fraction        | 0.117       |
|    clip_range           | 0.2         |
|    entropy_loss         | -15.5       |
|    explained_variance   | 0.00139     |
|    learning_rate        | 0.0003      |
|    loss                 | 7.11        |
|    n_updates            | 1010        |
|    policy_gradient_loss | -0.00902    |
|    std                  | 0.891       |
|    value_loss           | 129         |
-----------------------------------------
-----------------------------------------
| rollout/                |             |
|    ep_len_mean          | 8.92e+03    |
|    ep_rew_mean          | -1.05e+03   |
| time/                   |             |
|    fps                  | 406         |
|    iterations           | 103         |
|    time_elapsed         | 519         |
|    total_timesteps      | 210944      |
| train/                  |             |
|    approx_kl            | 0.011509186 |
|    clip_fraction        | 0.114       |
|    clip_range           | 0.2         |
|    entropy_loss         | -15.5       |
|    explained_variance   | -0.0675     |
|    learning_rate        | 0.0003      |
|    loss                 | 3.01        |
|    n_updates            | 1020        |
|    policy_gradient_loss | -0.00603    |
|    std                  | 0.891       |
|    value_loss           | 15.6        |
-----------------------------------------
-----------------------------------------
| rollout/                |             |
|    ep_len_mean          | 8.92e+03    |
|    ep_rew_mean          | -1.05e+03   |
| time/                   |             |
|    fps                  | 405         |
|    iterations           | 104         |
|    time_elapsed         | 525         |
|    total_timesteps      | 212992      |
| train/                  |             |
|    approx_kl            | 0.031200994 |
|    clip_fraction        | 0.294       |
|    clip_range           | 0.2         |
|    entropy_loss         | -15.5       |
|    explained_variance   | 0.658       |
|    learning_rate        | 0.0003      |
|    loss                 | 0.758       |
|    n_updates            | 1030        |
|    policy_gradient_loss | -0.0135     |
|    std                  | 0.89        |
|    value_loss           | 1.83        |
-----------------------------------------
-----------------------------------------
| rollout/                |             |
|    ep_len_mean          | 8.92e+03    |
|    ep_rew_mean          | -1.05e+03   |
| time/                   |             |
|    fps                  | 405         |
|    iterations           | 105         |
|    time_elapsed         | 530         |
|    total_timesteps      | 215040      |
| train/                  |             |
|    approx_kl            | 0.029232066 |
|    clip_fraction        | 0.293       |
|    clip_range           | 0.2         |
|    entropy_loss         | -15.5       |
|    explained_variance   | 0.448       |
|    learning_rate        | 0.0003      |
|    loss                 | 0.594       |
|    n_updates            | 1040        |
|    policy_gradient_loss | -0.00986    |
|    std                  | 0.89        |
|    value_loss           | 3.12        |
-----------------------------------------
-----------------------------------------
| rollout/                |             |
|    ep_len_mean          | 8.92e+03    |
|    ep_rew_mean          | -1.05e+03   |
| time/                   |             |
|    fps                  | 405         |
|    iterations           | 106         |
|    time_elapsed         | 535         |
|    total_timesteps      | 217088      |
| train/                  |             |
|    approx_kl            | 0.007895711 |
|    clip_fraction        | 0.0908      |
|    clip_range           | 0.2         |
|    entropy_loss         | -15.5       |
|    explained_variance   | 0.102       |
|    learning_rate        | 0.0003      |
|    loss                 | 10.4        |
|    n_updates            | 1050        |
|    policy_gradient_loss | -0.00642    |
|    std                  | 0.889       |
|    value_loss           | 78.1        |
-----------------------------------------
----------------------------------------
| rollout/                |            |
|    ep_len_mean          | 8.92e+03   |
|    ep_rew_mean          | -1.05e+03  |
| time/                   |            |
|    fps                  | 405        |
|    iterations           | 107        |
|    time_elapsed         | 539        |
|    total_timesteps      | 219136     |
| train/                  |            |
|    approx_kl            | 0.02094632 |
|    clip_fraction        | 0.213      |
|    clip_range           | 0.2        |
|    entropy_loss         | -15.5      |
|    explained_variance   | 0.595      |
|    learning_rate        | 0.0003     |
|    loss                 | 0.749      |
|    n_updates            | 1060       |
|    policy_gradient_loss | -0.00853   |
|    std                  | 0.891      |
|    value_loss           | 5.31       |
----------------------------------------
-----------------------------------------
| rollout/                |             |
|    ep_len_mean          | 8.92e+03    |
|    ep_rew_mean          | -1.05e+03   |
| time/                   |             |
|    fps                  | 405         |
|    iterations           | 108         |
|    time_elapsed         | 545         |
|    total_timesteps      | 221184      |
| train/                  |             |
|    approx_kl            | 0.022567127 |
|    clip_fraction        | 0.252       |
|    clip_range           | 0.2         |
|    entropy_loss         | -15.5       |
|    explained_variance   | 0.733       |
|    learning_rate        | 0.0003      |
|    loss                 | 0.638       |
|    n_updates            | 1070        |
|    policy_gradient_loss | -0.0148     |
|    std                  | 0.892       |
|    value_loss           | 3.65        |
-----------------------------------------
----------------------------------------
| rollout/                |            |
|    ep_len_mean          | 8.92e+03   |
|    ep_rew_mean          | -1.05e+03  |
| time/                   |            |
|    fps                  | 406        |
|    iterations           | 109        |
|    time_elapsed         | 549        |
|    total_timesteps      | 223232     |
| train/                  |            |
|    approx_kl            | 0.03159382 |
|    clip_fraction        | 0.361      |
|    clip_range           | 0.2        |
|    entropy_loss         | -15.5      |
|    explained_variance   | 0.61       |
|    learning_rate        | 0.0003     |
|    loss                 | 0.529      |
|    n_updates            | 1080       |
|    policy_gradient_loss | -0.0131    |
|    std                  | 0.893      |
|    value_loss           | 1.66       |
----------------------------------------
-----------------------------------------
| rollout/                |             |
|    ep_len_mean          | 8.92e+03    |
|    ep_rew_mean          | -1.05e+03   |
| time/                   |             |
|    fps                  | 405         |
|    iterations           | 110         |
|    time_elapsed         | 555         |
|    total_timesteps      | 225280      |
| train/                  |             |
|    approx_kl            | 0.009281861 |
|    clip_fraction        | 0.111       |
|    clip_range           | 0.2         |
|    entropy_loss         | -15.5       |
|    explained_variance   | -0.0126     |
|    learning_rate        | 0.0003      |
|    loss                 | 1.18        |
|    n_updates            | 1090        |
|    policy_gradient_loss | -0.00714    |
|    std                  | 0.893       |
|    value_loss           | 202         |
-----------------------------------------
-----------------------------------------
| rollout/                |             |
|    ep_len_mean          | 8.92e+03    |
|    ep_rew_mean          | -1.05e+03   |
| time/                   |             |
|    fps                  | 405         |
|    iterations           | 111         |
|    time_elapsed         | 560         |
|    total_timesteps      | 227328      |
| train/                  |             |
|    approx_kl            | 0.028290957 |
|    clip_fraction        | 0.28        |
|    clip_range           | 0.2         |
|    entropy_loss         | -15.5       |
|    explained_variance   | 0.385       |
|    learning_rate        | 0.0003      |
|    loss                 | 0.793       |
|    n_updates            | 1100        |
|    policy_gradient_loss | -0.0069     |
|    std                  | 0.893       |
|    value_loss           | 4           |
-----------------------------------------
-----------------------------------------
| rollout/                |             |
|    ep_len_mean          | 8.92e+03    |
|    ep_rew_mean          | -1.05e+03   |
| time/                   |             |
|    fps                  | 405         |
|    iterations           | 112         |
|    time_elapsed         | 565         |
|    total_timesteps      | 229376      |
| train/                  |             |
|    approx_kl            | 0.026328398 |
|    clip_fraction        | 0.26        |
|    clip_range           | 0.2         |
|    entropy_loss         | -15.5       |
|    explained_variance   | 0.707       |
|    learning_rate        | 0.0003      |
|    loss                 | 1.82        |
|    n_updates            | 1110        |
|    policy_gradient_loss | -0.0101     |
|    std                  | 0.889       |
|    value_loss           | 5.44        |
-----------------------------------------
-----------------------------------------
| rollout/                |             |
|    ep_len_mean          | 8.92e+03    |
|    ep_rew_mean          | -1.05e+03   |
| time/                   |             |
|    fps                  | 405         |
|    iterations           | 113         |
|    time_elapsed         | 570         |
|    total_timesteps      | 231424      |
| train/                  |             |
|    approx_kl            | 0.027841069 |
|    clip_fraction        | 0.378       |
|    clip_range           | 0.2         |
|    entropy_loss         | -15.5       |
|    explained_variance   | 0.636       |
|    learning_rate        | 0.0003      |
|    loss                 | 0.2         |
|    n_updates            | 1120        |
|    policy_gradient_loss | -0.000564   |
|    std                  | 0.898       |
|    value_loss           | 1.22        |
-----------------------------------------
-----------------------------------------
| rollout/                |             |
|    ep_len_mean          | 8.92e+03    |
|    ep_rew_mean          | -1.05e+03   |
| time/                   |             |
|    fps                  | 406         |
|    iterations           | 114         |
|    time_elapsed         | 574         |
|    total_timesteps      | 233472      |
| train/                  |             |
|    approx_kl            | 0.036989696 |
|    clip_fraction        | 0.387       |
|    clip_range           | 0.2         |
|    entropy_loss         | -15.6       |
|    explained_variance   | 0.627       |
|    learning_rate        | 0.0003      |
|    loss                 | 0.346       |
|    n_updates            | 1130        |
|    policy_gradient_loss | -0.00522    |
|    std                  | 0.901       |
|    value_loss           | 0.983       |
-----------------------------------------
-----------------------------------------
| rollout/                |             |
|    ep_len_mean          | 8.92e+03    |
|    ep_rew_mean          | -1.05e+03   |
| time/                   |             |
|    fps                  | 406         |
|    iterations           | 115         |
|    time_elapsed         | 580         |
|    total_timesteps      | 235520      |
| train/                  |             |
|    approx_kl            | 0.011638029 |
|    clip_fraction        | 0.158       |
|    clip_range           | 0.2         |
|    entropy_loss         | -15.6       |
|    explained_variance   | -0.0288     |
|    learning_rate        | 0.0003      |
|    loss                 | 5.46        |
|    n_updates            | 1140        |
|    policy_gradient_loss | -0.00174    |
|    std                  | 0.901       |
|    value_loss           | 147         |
-----------------------------------------
-----------------------------------------
| rollout/                |             |
|    ep_len_mean          | 8.92e+03    |
|    ep_rew_mean          | -1.05e+03   |
| time/                   |             |
|    fps                  | 406         |
|    iterations           | 116         |
|    time_elapsed         | 584         |
|    total_timesteps      | 237568      |
| train/                  |             |
|    approx_kl            | 0.027018677 |
|    clip_fraction        | 0.246       |
|    clip_range           | 0.2         |
|    entropy_loss         | -15.6       |
|    explained_variance   | 0.741       |
|    learning_rate        | 0.0003      |
|    loss                 | 1.48        |
|    n_updates            | 1150        |
|    policy_gradient_loss | -0.00871    |
|    std                  | 0.9         |
|    value_loss           | 2.85        |
-----------------------------------------
-----------------------------------------
| rollout/                |             |
|    ep_len_mean          | 8.92e+03    |
|    ep_rew_mean          | -1.05e+03   |
| time/                   |             |
|    fps                  | 406         |
|    iterations           | 117         |
|    time_elapsed         | 589         |
|    total_timesteps      | 239616      |
| train/                  |             |
|    approx_kl            | 0.019015294 |
|    clip_fraction        | 0.223       |
|    clip_range           | 0.2         |
|    entropy_loss         | -15.6       |
|    explained_variance   | 0.74        |
|    learning_rate        | 0.0003      |
|    loss                 | 1.09        |
|    n_updates            | 1160        |
|    policy_gradient_loss | -0.00904    |
|    std                  | 0.9         |
|    value_loss           | 3.73        |
-----------------------------------------
-----------------------------------------
| rollout/                |             |
|    ep_len_mean          | 8.92e+03    |
|    ep_rew_mean          | -1.05e+03   |
| time/                   |             |
|    fps                  | 406         |
|    iterations           | 118         |
|    time_elapsed         | 594         |
|    total_timesteps      | 241664      |
| train/                  |             |
|    approx_kl            | 0.029270368 |
|    clip_fraction        | 0.377       |
|    clip_range           | 0.2         |
|    entropy_loss         | -15.6       |
|    explained_variance   | 0.715       |
|    learning_rate        | 0.0003      |
|    loss                 | 0.161       |
|    n_updates            | 1170        |
|    policy_gradient_loss | -0.00368    |
|    std                  | 0.904       |
|    value_loss           | 0.791       |
-----------------------------------------
------------------------------------------
| rollout/                |              |
|    ep_len_mean          | 8.92e+03     |
|    ep_rew_mean          | -1.05e+03    |
| time/                   |              |
|    fps                  | 406          |
|    iterations           | 119          |
|    time_elapsed         | 599          |
|    total_timesteps      | 243712       |
| train/                  |              |
|    approx_kl            | 0.0074426495 |
|    clip_fraction        | 0.154        |
|    clip_range           | 0.2          |
|    entropy_loss         | -15.7        |
|    explained_variance   | 0.000411     |
|    learning_rate        | 0.0003       |
|    loss                 | 15.6         |
|    n_updates            | 1180         |
|    policy_gradient_loss | -0.00691     |
|    std                  | 0.904        |
|    value_loss           | 198          |
------------------------------------------
----------------------------------------
| rollout/                |            |
|    ep_len_mean          | 8.92e+03   |
|    ep_rew_mean          | -1.05e+03  |
| time/                   |            |
|    fps                  | 406        |
|    iterations           | 120        |
|    time_elapsed         | 604        |
|    total_timesteps      | 245760     |
| train/                  |            |
|    approx_kl            | 0.02466839 |
|    clip_fraction        | 0.272      |
|    clip_range           | 0.2        |
|    entropy_loss         | -15.7      |
|    explained_variance   | 0.574      |
|    learning_rate        | 0.0003     |
|    loss                 | 0.322      |
|    n_updates            | 1190       |
|    policy_gradient_loss | -0.00339   |
|    std                  | 0.903      |
|    value_loss           | 3.19       |
----------------------------------------
-----------------------------------------
| rollout/                |             |
|    ep_len_mean          | 8.92e+03    |
|    ep_rew_mean          | -1.05e+03   |
| time/                   |             |
|    fps                  | 406         |
|    iterations           | 121         |
|    time_elapsed         | 609         |
|    total_timesteps      | 247808      |
| train/                  |             |
|    approx_kl            | 0.037449352 |
|    clip_fraction        | 0.326       |
|    clip_range           | 0.2         |
|    entropy_loss         | -15.6       |
|    explained_variance   | 0.521       |
|    learning_rate        | 0.0003      |
|    loss                 | 0.703       |
|    n_updates            | 1200        |
|    policy_gradient_loss | -0.00376    |
|    std                  | 0.898       |
|    value_loss           | 1.39        |
-----------------------------------------
----------------------------------------
| rollout/                |            |
|    ep_len_mean          | 8.92e+03   |
|    ep_rew_mean          | -1.05e+03  |
| time/                   |            |
|    fps                  | 406        |
|    iterations           | 122        |
|    time_elapsed         | 615        |
|    total_timesteps      | 249856     |
| train/                  |            |
|    approx_kl            | 0.02955674 |
|    clip_fraction        | 0.349      |
|    clip_range           | 0.2        |
|    entropy_loss         | -15.6      |
|    explained_variance   | 0.737      |
|    learning_rate        | 0.0003     |
|    loss                 | 0.122      |
|    n_updates            | 1210       |
|    policy_gradient_loss | -0.0103    |
|    std                  | 0.897      |
|    value_loss           | 0.542      |
----------------------------------------
-----------------------------------------
| rollout/                |             |
|    ep_len_mean          | 8.92e+03    |
|    ep_rew_mean          | -1.05e+03   |
| time/                   |             |
|    fps                  | 405         |
|    iterations           | 123         |
|    time_elapsed         | 621         |
|    total_timesteps      | 251904      |
| train/                  |             |
|    approx_kl            | 0.011188392 |
|    clip_fraction        | 0.126       |
|    clip_range           | 0.2         |
|    entropy_loss         | -15.6       |
|    explained_variance   | 0.0406      |
|    learning_rate        | 0.0003      |
|    loss                 | 5.94        |
|    n_updates            | 1220        |
|    policy_gradient_loss | -0.00571    |
|    std                  | 0.897       |
|    value_loss           | 160         |
-----------------------------------------
-----------------------------------------
| rollout/                |             |
|    ep_len_mean          | 8.92e+03    |
|    ep_rew_mean          | -1.05e+03   |
| time/                   |             |
|    fps                  | 405         |
|    iterations           | 124         |
|    time_elapsed         | 626         |
|    total_timesteps      | 253952      |
| train/                  |             |
|    approx_kl            | 0.008607037 |
|    clip_fraction        | 0.0705      |
|    clip_range           | 0.2         |
|    entropy_loss         | -15.6       |
|    explained_variance   | 0.491       |
|    learning_rate        | 0.0003      |
|    loss                 | 3.12        |
|    n_updates            | 1230        |
|    policy_gradient_loss | -0.00868    |
|    std                  | 0.897       |
|    value_loss           | 12.1        |
-----------------------------------------
-----------------------------------------
| rollout/                |             |
|    ep_len_mean          | 8.92e+03    |
|    ep_rew_mean          | -1.05e+03   |
| time/                   |             |
|    fps                  | 405         |
|    iterations           | 125         |
|    time_elapsed         | 630         |
|    total_timesteps      | 256000      |
| train/                  |             |
|    approx_kl            | 0.008348742 |
|    clip_fraction        | 0.0807      |
|    clip_range           | 0.2         |
|    entropy_loss         | -15.6       |
|    explained_variance   | 0.74        |
|    learning_rate        | 0.0003      |
|    loss                 | 10          |
|    n_updates            | 1240        |
|    policy_gradient_loss | -0.0115     |
|    std                  | 0.895       |
|    value_loss           | 17.6        |
-----------------------------------------
----------------------------------------
| rollout/                |            |
|    ep_len_mean          | 8.92e+03   |
|    ep_rew_mean          | -1.05e+03  |
| time/                   |            |
|    fps                  | 405        |
|    iterations           | 126        |
|    time_elapsed         | 635        |
|    total_timesteps      | 258048     |
| train/                  |            |
|    approx_kl            | 0.02850566 |
|    clip_fraction        | 0.209      |
|    clip_range           | 0.2        |
|    entropy_loss         | -15.6      |
|    explained_variance   | 0.622      |
|    learning_rate        | 0.0003     |
|    loss                 | 0.849      |
|    n_updates            | 1250       |
|    policy_gradient_loss | -0.0176    |
|    std                  | 0.896      |
|    value_loss           | 4.42       |
----------------------------------------
---------------------------------------
| rollout/                |           |
|    ep_len_mean          | 8.92e+03  |
|    ep_rew_mean          | -1.05e+03 |
| time/                   |           |
|    fps                  | 405       |
|    iterations           | 127       |
|    time_elapsed         | 641       |
|    total_timesteps      | 260096    |
| train/                  |           |
|    approx_kl            | 0.0335591 |
|    clip_fraction        | 0.278     |
|    clip_range           | 0.2       |
|    entropy_loss         | -15.5     |
|    explained_variance   | 0.615     |
|    learning_rate        | 0.0003    |
|    loss                 | 0.604     |
|    n_updates            | 1260      |
|    policy_gradient_loss | -0.00887  |
|    std                  | 0.893     |
|    value_loss           | 3.64      |
---------------------------------------
-----------------------------------------
| rollout/                |             |
|    ep_len_mean          | 8.92e+03    |
|    ep_rew_mean          | -1.05e+03   |
| time/                   |             |
|    fps                  | 405         |
|    iterations           | 128         |
|    time_elapsed         | 645         |
|    total_timesteps      | 262144      |
| train/                  |             |
|    approx_kl            | 0.010977138 |
|    clip_fraction        | 0.135       |
|    clip_range           | 0.2         |
|    entropy_loss         | -15.5       |
|    explained_variance   | 0.0447      |
|    learning_rate        | 0.0003      |
|    loss                 | 26.5        |
|    n_updates            | 1270        |
|    policy_gradient_loss | -0.00658    |
|    std                  | 0.893       |
|    value_loss           | 213         |
-----------------------------------------
----------------------------------------
| rollout/                |            |
|    ep_len_mean          | 8.92e+03   |
|    ep_rew_mean          | -1.05e+03  |
| time/                   |            |
|    fps                  | 406        |
|    iterations           | 129        |
|    time_elapsed         | 650        |
|    total_timesteps      | 264192     |
| train/                  |            |
|    approx_kl            | 0.03149731 |
|    clip_fraction        | 0.331      |
|    clip_range           | 0.2        |
|    entropy_loss         | -15.5      |
|    explained_variance   | 0.684      |
|    learning_rate        | 0.0003     |
|    loss                 | 0.385      |
|    n_updates            | 1280       |
|    policy_gradient_loss | -0.0106    |
|    std                  | 0.892      |
|    value_loss           | 1.44       |
----------------------------------------
---------------------------------------
| rollout/                |           |
|    ep_len_mean          | 8.92e+03  |
|    ep_rew_mean          | -1.05e+03 |
| time/                   |           |
|    fps                  | 406       |
|    iterations           | 130       |
|    time_elapsed         | 655       |
|    total_timesteps      | 266240    |
| train/                  |           |
|    approx_kl            | 0.0334903 |
|    clip_fraction        | 0.296     |
|    clip_range           | 0.2       |
|    entropy_loss         | -15.5     |
|    explained_variance   | 0.679     |
|    learning_rate        | 0.0003    |
|    loss                 | 0.801     |
|    n_updates            | 1290      |
|    policy_gradient_loss | -0.0141   |
|    std                  | 0.892     |
|    value_loss           | 1.88      |
---------------------------------------
-----------------------------------------
| rollout/                |             |
|    ep_len_mean          | 8.92e+03    |
|    ep_rew_mean          | -1.05e+03   |
| time/                   |             |
|    fps                  | 406         |
|    iterations           | 131         |
|    time_elapsed         | 660         |
|    total_timesteps      | 268288      |
| train/                  |             |
|    approx_kl            | 0.038406976 |
|    clip_fraction        | 0.377       |
|    clip_range           | 0.2         |
|    entropy_loss         | -15.5       |
|    explained_variance   | 0.547       |
|    learning_rate        | 0.0003      |
|    loss                 | 0.0835      |
|    n_updates            | 1300        |
|    policy_gradient_loss | -0.00945    |
|    std                  | 0.897       |
|    value_loss           | 0.499       |
-----------------------------------------
-----------------------------------------
| rollout/                |             |
|    ep_len_mean          | 8.92e+03    |
|    ep_rew_mean          | -1.05e+03   |
| time/                   |             |
|    fps                  | 406         |
|    iterations           | 132         |
|    time_elapsed         | 665         |
|    total_timesteps      | 270336      |
| train/                  |             |
|    approx_kl            | 0.012226447 |
|    clip_fraction        | 0.124       |
|    clip_range           | 0.2         |
|    entropy_loss         | -15.6       |
|    explained_variance   | -0.0131     |
|    learning_rate        | 0.0003      |
|    loss                 | 6.87        |
|    n_updates            | 1310        |
|    policy_gradient_loss | -0.0047     |
|    std                  | 0.897       |
|    value_loss           | 228         |
-----------------------------------------
-----------------------------------------
| rollout/                |             |
|    ep_len_mean          | 8.92e+03    |
|    ep_rew_mean          | -1.05e+03   |
| time/                   |             |
|    fps                  | 406         |
|    iterations           | 133         |
|    time_elapsed         | 670         |
|    total_timesteps      | 272384      |
| train/                  |             |
|    approx_kl            | 0.022311682 |
|    clip_fraction        | 0.231       |
|    clip_range           | 0.2         |
|    entropy_loss         | -15.6       |
|    explained_variance   | 0.725       |
|    learning_rate        | 0.0003      |
|    loss                 | 0.344       |
|    n_updates            | 1320        |
|    policy_gradient_loss | -0.00911    |
|    std                  | 0.898       |
|    value_loss           | 6.07        |
-----------------------------------------
-----------------------------------------
| rollout/                |             |
|    ep_len_mean          | 8.92e+03    |
|    ep_rew_mean          | -1.05e+03   |
| time/                   |             |
|    fps                  | 406         |
|    iterations           | 134         |
|    time_elapsed         | 674         |
|    total_timesteps      | 274432      |
| train/                  |             |
|    approx_kl            | 0.020143915 |
|    clip_fraction        | 0.228       |
|    clip_range           | 0.2         |
|    entropy_loss         | -15.6       |
|    explained_variance   | 0.248       |
|    learning_rate        | 0.0003      |
|    loss                 | 0.979       |
|    n_updates            | 1330        |
|    policy_gradient_loss | -0.0131     |
|    std                  | 0.899       |
|    value_loss           | 3.22        |
-----------------------------------------
-----------------------------------------
| rollout/                |             |
|    ep_len_mean          | 8.92e+03    |
|    ep_rew_mean          | -1.05e+03   |
| time/                   |             |
|    fps                  | 406         |
|    iterations           | 135         |
|    time_elapsed         | 679         |
|    total_timesteps      | 276480      |
| train/                  |             |
|    approx_kl            | 0.034895226 |
|    clip_fraction        | 0.361       |
|    clip_range           | 0.2         |
|    entropy_loss         | -15.5       |
|    explained_variance   | 0.551       |
|    learning_rate        | 0.0003      |
|    loss                 | 0.143       |
|    n_updates            | 1340        |
|    policy_gradient_loss | -0.00856    |
|    std                  | 0.894       |
|    value_loss           | 0.814       |
-----------------------------------------
-----------------------------------------
| rollout/                |             |
|    ep_len_mean          | 8.92e+03    |
|    ep_rew_mean          | -1.05e+03   |
| time/                   |             |
|    fps                  | 406         |
|    iterations           | 136         |
|    time_elapsed         | 684         |
|    total_timesteps      | 278528      |
| train/                  |             |
|    approx_kl            | 0.015935313 |
|    clip_fraction        | 0.216       |
|    clip_range           | 0.2         |
|    entropy_loss         | -15.5       |
|    explained_variance   | 0.0272      |
|    learning_rate        | 0.0003      |
|    loss                 | 2.67        |
|    n_updates            | 1350        |
|    policy_gradient_loss | -0.00209    |
|    std                  | 0.894       |
|    value_loss           | 196         |
-----------------------------------------
------------------------------------------
| rollout/                |              |
|    ep_len_mean          | 8.92e+03     |
|    ep_rew_mean          | -1.05e+03    |
| time/                   |              |
|    fps                  | 406          |
|    iterations           | 137          |
|    time_elapsed         | 689          |
|    total_timesteps      | 280576       |
| train/                  |              |
|    approx_kl            | 0.0048434967 |
|    clip_fraction        | 0.0285       |
|    clip_range           | 0.2          |
|    entropy_loss         | -15.5        |
|    explained_variance   | 0.599        |
|    learning_rate        | 0.0003       |
|    loss                 | 15.1         |
|    n_updates            | 1360         |
|    policy_gradient_loss | -0.00884     |
|    std                  | 0.895        |
|    value_loss           | 46.7         |
------------------------------------------
------------------------------------------
| rollout/                |              |
|    ep_len_mean          | 8.92e+03     |
|    ep_rew_mean          | -1.05e+03    |
| time/                   |              |
|    fps                  | 407          |
|    iterations           | 138          |
|    time_elapsed         | 694          |
|    total_timesteps      | 282624       |
| train/                  |              |
|    approx_kl            | 0.0065061236 |
|    clip_fraction        | 0.0419       |
|    clip_range           | 0.2          |
|    entropy_loss         | -15.5        |
|    explained_variance   | 0.726        |
|    learning_rate        | 0.0003       |
|    loss                 | 28.3         |
|    n_updates            | 1370         |
|    policy_gradient_loss | -0.0101      |
|    std                  | 0.895        |
|    value_loss           | 53.6         |
------------------------------------------
-----------------------------------------
| rollout/                |             |
|    ep_len_mean          | 8.92e+03    |
|    ep_rew_mean          | -1.05e+03   |
| time/                   |             |
|    fps                  | 406         |
|    iterations           | 139         |
|    time_elapsed         | 699         |
|    total_timesteps      | 284672      |
| train/                  |             |
|    approx_kl            | 0.007095119 |
|    clip_fraction        | 0.0544      |
|    clip_range           | 0.2         |
|    entropy_loss         | -15.5       |
|    explained_variance   | 0.798       |
|    learning_rate        | 0.0003      |
|    loss                 | 14.4        |
|    n_updates            | 1380        |
|    policy_gradient_loss | -0.00755    |
|    std                  | 0.895       |
|    value_loss           | 27.4        |
-----------------------------------------
-----------------------------------------
| rollout/                |             |
|    ep_len_mean          | 8.92e+03    |
|    ep_rew_mean          | -1.05e+03   |
| time/                   |             |
|    fps                  | 406         |
|    iterations           | 140         |
|    time_elapsed         | 705         |
|    total_timesteps      | 286720      |
| train/                  |             |
|    approx_kl            | 0.017753856 |
|    clip_fraction        | 0.142       |
|    clip_range           | 0.2         |
|    entropy_loss         | -15.5       |
|    explained_variance   | 0.765       |
|    learning_rate        | 0.0003      |
|    loss                 | 2.02        |
|    n_updates            | 1390        |
|    policy_gradient_loss | -0.0145     |
|    std                  | 0.896       |
|    value_loss           | 15.1        |
-----------------------------------------
-----------------------------------------
| rollout/                |             |
|    ep_len_mean          | 8.92e+03    |
|    ep_rew_mean          | -1.05e+03   |
| time/                   |             |
|    fps                  | 406         |
|    iterations           | 141         |
|    time_elapsed         | 710         |
|    total_timesteps      | 288768      |
| train/                  |             |
|    approx_kl            | 0.007979582 |
|    clip_fraction        | 0.069       |
|    clip_range           | 0.2         |
|    entropy_loss         | -15.5       |
|    explained_variance   | 0.144       |
|    learning_rate        | 0.0003      |
|    loss                 | 65.2        |
|    n_updates            | 1400        |
|    policy_gradient_loss | -0.0103     |
|    std                  | 0.896       |
|    value_loss           | 243         |
-----------------------------------------
-----------------------------------------
| rollout/                |             |
|    ep_len_mean          | 8.92e+03    |
|    ep_rew_mean          | -1.05e+03   |
| time/                   |             |
|    fps                  | 406         |
|    iterations           | 142         |
|    time_elapsed         | 716         |
|    total_timesteps      | 290816      |
| train/                  |             |
|    approx_kl            | 0.013798136 |
|    clip_fraction        | 0.154       |
|    clip_range           | 0.2         |
|    entropy_loss         | -15.5       |
|    explained_variance   | 0.409       |
|    learning_rate        | 0.0003      |
|    loss                 | 9.37        |
|    n_updates            | 1410        |
|    policy_gradient_loss | -0.0158     |
|    std                  | 0.896       |
|    value_loss           | 21.5        |
-----------------------------------------
-----------------------------------------
| rollout/                |             |
|    ep_len_mean          | 8.92e+03    |
|    ep_rew_mean          | -1.05e+03   |
| time/                   |             |
|    fps                  | 405         |
|    iterations           | 143         |
|    time_elapsed         | 721         |
|    total_timesteps      | 292864      |
| train/                  |             |
|    approx_kl            | 0.015514733 |
|    clip_fraction        | 0.174       |
|    clip_range           | 0.2         |
|    entropy_loss         | -15.5       |
|    explained_variance   | 0.729       |
|    learning_rate        | 0.0003      |
|    loss                 | 7.64        |
|    n_updates            | 1420        |
|    policy_gradient_loss | -0.0133     |
|    std                  | 0.897       |
|    value_loss           | 13          |
-----------------------------------------
----------------------------------------
| rollout/                |            |
|    ep_len_mean          | 8.92e+03   |
|    ep_rew_mean          | -1.05e+03  |
| time/                   |            |
|    fps                  | 405        |
|    iterations           | 144        |
|    time_elapsed         | 726        |
|    total_timesteps      | 294912     |
| train/                  |            |
|    approx_kl            | 0.03664836 |
|    clip_fraction        | 0.368      |
|    clip_range           | 0.2        |
|    entropy_loss         | -15.5      |
|    explained_variance   | 0.659      |
|    learning_rate        | 0.0003     |
|    loss                 | 1.56       |
|    n_updates            | 1430       |
|    policy_gradient_loss | -0.013     |
|    std                  | 0.896      |
|    value_loss           | 3.18       |
----------------------------------------
-----------------------------------------
| rollout/                |             |
|    ep_len_mean          | 8.92e+03    |
|    ep_rew_mean          | -1.05e+03   |
| time/                   |             |
|    fps                  | 405         |
|    iterations           | 145         |
|    time_elapsed         | 731         |
|    total_timesteps      | 296960      |
| train/                  |             |
|    approx_kl            | 0.011103174 |
|    clip_fraction        | 0.1         |
|    clip_range           | 0.2         |
|    entropy_loss         | -15.5       |
|    explained_variance   | 0.0133      |
|    learning_rate        | 0.0003      |
|    loss                 | 596         |
|    n_updates            | 1440        |
|    policy_gradient_loss | -0.0065     |
|    std                  | 0.894       |
|    value_loss           | 319         |
-----------------------------------------
-----------------------------------------
| rollout/                |             |
|    ep_len_mean          | 8.92e+03    |
|    ep_rew_mean          | -1.05e+03   |
| time/                   |             |
|    fps                  | 405         |
|    iterations           | 146         |
|    time_elapsed         | 737         |
|    total_timesteps      | 299008      |
| train/                  |             |
|    approx_kl            | 0.045222465 |
|    clip_fraction        | 0.423       |
|    clip_range           | 0.2         |
|    entropy_loss         | -15.5       |
|    explained_variance   | 0.664       |
|    learning_rate        | 0.0003      |
|    loss                 | 0.587       |
|    n_updates            | 1450        |
|    policy_gradient_loss | -0.00208    |
|    std                  | 0.892       |
|    value_loss           | 0.885       |
-----------------------------------------
-----------------------------------------
| rollout/                |             |
|    ep_len_mean          | 8.92e+03    |
|    ep_rew_mean          | -1.05e+03   |
| time/                   |             |
|    fps                  | 405         |
|    iterations           | 147         |
|    time_elapsed         | 742         |
|    total_timesteps      | 301056      |
| train/                  |             |
|    approx_kl            | 0.032883577 |
|    clip_fraction        | 0.322       |
|    clip_range           | 0.2         |
|    entropy_loss         | -15.5       |
|    explained_variance   | 0.376       |
|    learning_rate        | 0.0003      |
|    loss                 | 0.501       |
|    n_updates            | 1460        |
|    policy_gradient_loss | -0.00953    |
|    std                  | 0.893       |
|    value_loss           | 1.85        |
-----------------------------------------
-----------------------------------------
| rollout/                |             |
|    ep_len_mean          | 8.92e+03    |
|    ep_rew_mean          | -1.05e+03   |
| time/                   |             |
|    fps                  | 405         |
|    iterations           | 148         |
|    time_elapsed         | 746         |
|    total_timesteps      | 303104      |
| train/                  |             |
|    approx_kl            | 0.030331803 |
|    clip_fraction        | 0.363       |
|    clip_range           | 0.2         |
|    entropy_loss         | -15.5       |
|    explained_variance   | 0.703       |
|    learning_rate        | 0.0003      |
|    loss                 | 0.134       |
|    n_updates            | 1470        |
|    policy_gradient_loss | -0.00932    |
|    std                  | 0.895       |
|    value_loss           | 0.483       |
-----------------------------------------
-----------------------------------------
| rollout/                |             |
|    ep_len_mean          | 8.92e+03    |
|    ep_rew_mean          | -1.05e+03   |
| time/                   |             |
|    fps                  | 405         |
|    iterations           | 149         |
|    time_elapsed         | 751         |
|    total_timesteps      | 305152      |
| train/                  |             |
|    approx_kl            | 0.031456113 |
|    clip_fraction        | 0.302       |
|    clip_range           | 0.2         |
|    entropy_loss         | -15.5       |
|    explained_variance   | 0.809       |
|    learning_rate        | 0.0003      |
|    loss                 | 0.0319      |
|    n_updates            | 1480        |
|    policy_gradient_loss | -0.0162     |
|    std                  | 0.891       |
|    value_loss           | 0.382       |
-----------------------------------------
------------------------------------------
| rollout/                |              |
|    ep_len_mean          | 8.92e+03     |
|    ep_rew_mean          | -1.05e+03    |
| time/                   |              |
|    fps                  | 406          |
|    iterations           | 150          |
|    time_elapsed         | 756          |
|    total_timesteps      | 307200       |
| train/                  |              |
|    approx_kl            | 0.0091293305 |
|    clip_fraction        | 0.232        |
|    clip_range           | 0.2          |
|    entropy_loss         | -15.5        |
|    explained_variance   | 0.0288       |
|    learning_rate        | 0.0003       |
|    loss                 | 64.9         |
|    n_updates            | 1490         |
|    policy_gradient_loss | 0.00244      |
|    std                  | 0.891        |
|    value_loss           | 226          |
------------------------------------------
----------------------------------------
| rollout/                |            |
|    ep_len_mean          | 8.92e+03   |
|    ep_rew_mean          | -1.05e+03  |
| time/                   |            |
|    fps                  | 406        |
|    iterations           | 151        |
|    time_elapsed         | 761        |
|    total_timesteps      | 309248     |
| train/                  |            |
|    approx_kl            | 0.01012616 |
|    clip_fraction        | 0.0552     |
|    clip_range           | 0.2        |
|    entropy_loss         | -15.5      |
|    explained_variance   | 0.573      |
|    learning_rate        | 0.0003     |
|    loss                 | 4.57       |
|    n_updates            | 1500       |
|    policy_gradient_loss | -0.00845   |
|    std                  | 0.89       |
|    value_loss           | 12         |
----------------------------------------
-----------------------------------------
| rollout/                |             |
|    ep_len_mean          | 8.92e+03    |
|    ep_rew_mean          | -1.05e+03   |
| time/                   |             |
|    fps                  | 406         |
|    iterations           | 152         |
|    time_elapsed         | 766         |
|    total_timesteps      | 311296      |
| train/                  |             |
|    approx_kl            | 0.019117031 |
|    clip_fraction        | 0.19        |
|    clip_range           | 0.2         |
|    entropy_loss         | -15.5       |
|    explained_variance   | 0.664       |
|    learning_rate        | 0.0003      |
|    loss                 | 1.12        |
|    n_updates            | 1510        |
|    policy_gradient_loss | -0.0151     |
|    std                  | 0.891       |
|    value_loss           | 3.29        |
-----------------------------------------
-----------------------------------------
| rollout/                |             |
|    ep_len_mean          | 8.92e+03    |
|    ep_rew_mean          | -1.05e+03   |
| time/                   |             |
|    fps                  | 406         |
|    iterations           | 153         |
|    time_elapsed         | 770         |
|    total_timesteps      | 313344      |
| train/                  |             |
|    approx_kl            | 0.027049199 |
|    clip_fraction        | 0.266       |
|    clip_range           | 0.2         |
|    entropy_loss         | -15.5       |
|    explained_variance   | 0.634       |
|    learning_rate        | 0.0003      |
|    loss                 | 0.272       |
|    n_updates            | 1520        |
|    policy_gradient_loss | -0.0124     |
|    std                  | 0.893       |
|    value_loss           | 1.55        |
-----------------------------------------
------------------------------------------
| rollout/                |              |
|    ep_len_mean          | 8.92e+03     |
|    ep_rew_mean          | -1.05e+03    |
| time/                   |              |
|    fps                  | 406          |
|    iterations           | 154          |
|    time_elapsed         | 775          |
|    total_timesteps      | 315392       |
| train/                  |              |
|    approx_kl            | 0.0064718938 |
|    clip_fraction        | 0.0626       |
|    clip_range           | 0.2          |
|    entropy_loss         | -15.5        |
|    explained_variance   | 0.0347       |
|    learning_rate        | 0.0003       |
|    loss                 | 1.6          |
|    n_updates            | 1530         |
|    policy_gradient_loss | -0.0071      |
|    std                  | 0.893        |
|    value_loss           | 289          |
------------------------------------------
----------------------------------------
| rollout/                |            |
|    ep_len_mean          | 8.92e+03   |
|    ep_rew_mean          | -1.05e+03  |
| time/                   |            |
|    fps                  | 406        |
|    iterations           | 155        |
|    time_elapsed         | 780        |
|    total_timesteps      | 317440     |
| train/                  |            |
|    approx_kl            | 0.02133777 |
|    clip_fraction        | 0.214      |
|    clip_range           | 0.2        |
|    entropy_loss         | -15.5      |
|    explained_variance   | 0.674      |
|    learning_rate        | 0.0003     |
|    loss                 | 0.954      |
|    n_updates            | 1540       |
|    policy_gradient_loss | -0.0141    |
|    std                  | 0.892      |
|    value_loss           | 3.54       |
----------------------------------------
-----------------------------------------
| rollout/                |             |
|    ep_len_mean          | 8.92e+03    |
|    ep_rew_mean          | -1.05e+03   |
| time/                   |             |
|    fps                  | 406         |
|    iterations           | 156         |
|    time_elapsed         | 786         |
|    total_timesteps      | 319488      |
| train/                  |             |
|    approx_kl            | 0.016881213 |
|    clip_fraction        | 0.155       |
|    clip_range           | 0.2         |
|    entropy_loss         | -15.5       |
|    explained_variance   | 0.785       |
|    learning_rate        | 0.0003      |
|    loss                 | 1.31        |
|    n_updates            | 1550        |
|    policy_gradient_loss | -0.0139     |
|    std                  | 0.892       |
|    value_loss           | 4.24        |
-----------------------------------------
-----------------------------------------
| rollout/                |             |
|    ep_len_mean          | 8.92e+03    |
|    ep_rew_mean          | -1.05e+03   |
| time/                   |             |
|    fps                  | 405         |
|    iterations           | 157         |
|    time_elapsed         | 791         |
|    total_timesteps      | 321536      |
| train/                  |             |
|    approx_kl            | 0.042919464 |
|    clip_fraction        | 0.344       |
|    clip_range           | 0.2         |
|    entropy_loss         | -15.5       |
|    explained_variance   | 0.544       |
|    learning_rate        | 0.0003      |
|    loss                 | 0.498       |
|    n_updates            | 1560        |
|    policy_gradient_loss | -0.0145     |
|    std                  | 0.895       |
|    value_loss           | 1.13        |
-----------------------------------------
------------------------------------------
| rollout/                |              |
|    ep_len_mean          | 8.92e+03     |
|    ep_rew_mean          | -1.05e+03    |
| time/                   |              |
|    fps                  | 405          |
|    iterations           | 158          |
|    time_elapsed         | 797          |
|    total_timesteps      | 323584       |
| train/                  |              |
|    approx_kl            | 0.0085474625 |
|    clip_fraction        | 0.132        |
|    clip_range           | 0.2          |
|    entropy_loss         | -15.5        |
|    explained_variance   | -0.0114      |
|    learning_rate        | 0.0003       |
|    loss                 | 43.8         |
|    n_updates            | 1570         |
|    policy_gradient_loss | -0.00877     |
|    std                  | 0.895        |
|    value_loss           | 322          |
------------------------------------------
----------------------------------------
| rollout/                |            |
|    ep_len_mean          | 8.92e+03   |
|    ep_rew_mean          | -1.05e+03  |
| time/                   |            |
|    fps                  | 405        |
|    iterations           | 159        |
|    time_elapsed         | 803        |
|    total_timesteps      | 325632     |
| train/                  |            |
|    approx_kl            | 0.04306077 |
|    clip_fraction        | 0.377      |
|    clip_range           | 0.2        |
|    entropy_loss         | -15.5      |
|    explained_variance   | -0.137     |
|    learning_rate        | 0.0003     |
|    loss                 | 0.454      |
|    n_updates            | 1580       |
|    policy_gradient_loss | -0.00754   |
|    std                  | 0.897      |
|    value_loss           | 1.57       |
----------------------------------------
-----------------------------------------
| rollout/                |             |
|    ep_len_mean          | 8.92e+03    |
|    ep_rew_mean          | -1.05e+03   |
| time/                   |             |
|    fps                  | 405         |
|    iterations           | 160         |
|    time_elapsed         | 807         |
|    total_timesteps      | 327680      |
| train/                  |             |
|    approx_kl            | 0.022398297 |
|    clip_fraction        | 0.275       |
|    clip_range           | 0.2         |
|    entropy_loss         | -15.5       |
|    explained_variance   | 0.687       |
|    learning_rate        | 0.0003      |
|    loss                 | 0.875       |
|    n_updates            | 1590        |
|    policy_gradient_loss | -0.0129     |
|    std                  | 0.891       |
|    value_loss           | 2.44        |
-----------------------------------------
-----------------------------------------
| rollout/                |             |
|    ep_len_mean          | 8.92e+03    |
|    ep_rew_mean          | -1.05e+03   |
| time/                   |             |
|    fps                  | 405         |
|    iterations           | 161         |
|    time_elapsed         | 812         |
|    total_timesteps      | 329728      |
| train/                  |             |
|    approx_kl            | 0.038742866 |
|    clip_fraction        | 0.369       |
|    clip_range           | 0.2         |
|    entropy_loss         | -15.5       |
|    explained_variance   | 0.649       |
|    learning_rate        | 0.0003      |
|    loss                 | 0.199       |
|    n_updates            | 1600        |
|    policy_gradient_loss | 0.000703    |
|    std                  | 0.892       |
|    value_loss           | 0.931       |
-----------------------------------------
----------------------------------------
| rollout/                |            |
|    ep_len_mean          | 8.92e+03   |
|    ep_rew_mean          | -1.05e+03  |
| time/                   |            |
|    fps                  | 406        |
|    iterations           | 162        |
|    time_elapsed         | 817        |
|    total_timesteps      | 331776     |
| train/                  |            |
|    approx_kl            | 0.03268271 |
|    clip_fraction        | 0.369      |
|    clip_range           | 0.2        |
|    entropy_loss         | -15.4      |
|    explained_variance   | 0.75       |
|    learning_rate        | 0.0003     |
|    loss                 | 0.0576     |
|    n_updates            | 1610       |
|    policy_gradient_loss | -0.00895   |
|    std                  | 0.885      |
|    value_loss           | 0.394      |
----------------------------------------
----------------------------------------
| rollout/                |            |
|    ep_len_mean          | 8.92e+03   |
|    ep_rew_mean          | -1.05e+03  |
| time/                   |            |
|    fps                  | 405        |
|    iterations           | 163        |
|    time_elapsed         | 822        |
|    total_timesteps      | 333824     |
| train/                  |            |
|    approx_kl            | 0.01993803 |
|    clip_fraction        | 0.216      |
|    clip_range           | 0.2        |
|    entropy_loss         | -15.4      |
|    explained_variance   | 0.0367     |
|    learning_rate        | 0.0003     |
|    loss                 | 65         |
|    n_updates            | 1620       |
|    policy_gradient_loss | -0.00311   |
|    std                  | 0.885      |
|    value_loss           | 191        |
----------------------------------------
-----------------------------------------
| rollout/                |             |
|    ep_len_mean          | 8.92e+03    |
|    ep_rew_mean          | -1.05e+03   |
| time/                   |             |
|    fps                  | 405         |
|    iterations           | 164         |
|    time_elapsed         | 827         |
|    total_timesteps      | 335872      |
| train/                  |             |
|    approx_kl            | 0.030597225 |
|    clip_fraction        | 0.329       |
|    clip_range           | 0.2         |
|    entropy_loss         | -15.4       |
|    explained_variance   | 0.582       |
|    learning_rate        | 0.0003      |
|    loss                 | 0.16        |
|    n_updates            | 1630        |
|    policy_gradient_loss | -0.0116     |
|    std                  | 0.884       |
|    value_loss           | 0.752       |
-----------------------------------------
-----------------------------------------
| rollout/                |             |
|    ep_len_mean          | 8.92e+03    |
|    ep_rew_mean          | -1.05e+03   |
| time/                   |             |
|    fps                  | 405         |
|    iterations           | 165         |
|    time_elapsed         | 832         |
|    total_timesteps      | 337920      |
| train/                  |             |
|    approx_kl            | 0.030559717 |
|    clip_fraction        | 0.326       |
|    clip_range           | 0.2         |
|    entropy_loss         | -15.3       |
|    explained_variance   | 0.806       |
|    learning_rate        | 0.0003      |
|    loss                 | 0.105       |
|    n_updates            | 1640        |
|    policy_gradient_loss | -0.01       |
|    std                  | 0.882       |
|    value_loss           | 0.503       |
-----------------------------------------
-----------------------------------------
| rollout/                |             |
|    ep_len_mean          | 8.92e+03    |
|    ep_rew_mean          | -1.05e+03   |
| time/                   |             |
|    fps                  | 406         |
|    iterations           | 166         |
|    time_elapsed         | 837         |
|    total_timesteps      | 339968      |
| train/                  |             |
|    approx_kl            | 0.029300313 |
|    clip_fraction        | 0.312       |
|    clip_range           | 0.2         |
|    entropy_loss         | -15.3       |
|    explained_variance   | -0.071      |
|    learning_rate        | 0.0003      |
|    loss                 | 0.302       |
|    n_updates            | 1650        |
|    policy_gradient_loss | -0.0014     |
|    std                  | 0.882       |
|    value_loss           | 1.68        |
-----------------------------------------
------------------------------------------
| rollout/                |              |
|    ep_len_mean          | 8.92e+03     |
|    ep_rew_mean          | -1.05e+03    |
| time/                   |              |
|    fps                  | 406          |
|    iterations           | 167          |
|    time_elapsed         | 842          |
|    total_timesteps      | 342016       |
| train/                  |              |
|    approx_kl            | 0.0048865173 |
|    clip_fraction        | 0.056        |
|    clip_range           | 0.2          |
|    entropy_loss         | -15.3        |
|    explained_variance   | 0.0127       |
|    learning_rate        | 0.0003       |
|    loss                 | 110          |
|    n_updates            | 1660         |
|    policy_gradient_loss | -0.00126     |
|    std                  | 0.882        |
|    value_loss           | 231          |
------------------------------------------
-----------------------------------------
| rollout/                |             |
|    ep_len_mean          | 8.92e+03    |
|    ep_rew_mean          | -1.05e+03   |
| time/                   |             |
|    fps                  | 406         |
|    iterations           | 168         |
|    time_elapsed         | 846         |
|    total_timesteps      | 344064      |
| train/                  |             |
|    approx_kl            | 0.037080675 |
|    clip_fraction        | 0.29        |
|    clip_range           | 0.2         |
|    entropy_loss         | -15.3       |
|    explained_variance   | 0.276       |
|    learning_rate        | 0.0003      |
|    loss                 | 1.64        |
|    n_updates            | 1670        |
|    policy_gradient_loss | -0.00614    |
|    std                  | 0.883       |
|    value_loss           | 6.05        |
-----------------------------------------
-----------------------------------------
| rollout/                |             |
|    ep_len_mean          | 8.92e+03    |
|    ep_rew_mean          | -1.05e+03   |
| time/                   |             |
|    fps                  | 406         |
|    iterations           | 169         |
|    time_elapsed         | 851         |
|    total_timesteps      | 346112      |
| train/                  |             |
|    approx_kl            | 0.036259472 |
|    clip_fraction        | 0.332       |
|    clip_range           | 0.2         |
|    entropy_loss         | -15.3       |
|    explained_variance   | 0.72        |
|    learning_rate        | 0.0003      |
|    loss                 | 0.209       |
|    n_updates            | 1680        |
|    policy_gradient_loss | -0.0135     |
|    std                  | 0.883       |
|    value_loss           | 0.898       |
-----------------------------------------
-----------------------------------------
| rollout/                |             |
|    ep_len_mean          | 8.92e+03    |
|    ep_rew_mean          | -1.05e+03   |
| time/                   |             |
|    fps                  | 406         |
|    iterations           | 170         |
|    time_elapsed         | 856         |
|    total_timesteps      | 348160      |
| train/                  |             |
|    approx_kl            | 0.033610858 |
|    clip_fraction        | 0.342       |
|    clip_range           | 0.2         |
|    entropy_loss         | -15.3       |
|    explained_variance   | 0.549       |
|    learning_rate        | 0.0003      |
|    loss                 | 0.0762      |
|    n_updates            | 1690        |
|    policy_gradient_loss | -0.000792   |
|    std                  | 0.88        |
|    value_loss           | 0.669       |
-----------------------------------------
-----------------------------------------
| rollout/                |             |
|    ep_len_mean          | 8.92e+03    |
|    ep_rew_mean          | -1.05e+03   |
| time/                   |             |
|    fps                  | 406         |
|    iterations           | 171         |
|    time_elapsed         | 861         |
|    total_timesteps      | 350208      |
| train/                  |             |
|    approx_kl            | 0.007155696 |
|    clip_fraction        | 0.156       |
|    clip_range           | 0.2         |
|    entropy_loss         | -15.3       |
|    explained_variance   | 0.0136      |
|    learning_rate        | 0.0003      |
|    loss                 | 2.89        |
|    n_updates            | 1700        |
|    policy_gradient_loss | 0.00108     |
|    std                  | 0.88        |
|    value_loss           | 276         |
-----------------------------------------
-----------------------------------------
| rollout/                |             |
|    ep_len_mean          | 8.92e+03    |
|    ep_rew_mean          | -1.05e+03   |
| time/                   |             |
|    fps                  | 406         |
|    iterations           | 172         |
|    time_elapsed         | 865         |
|    total_timesteps      | 352256      |
| train/                  |             |
|    approx_kl            | 0.042594694 |
|    clip_fraction        | 0.303       |
|    clip_range           | 0.2         |
|    entropy_loss         | -15.3       |
|    explained_variance   | 0.667       |
|    learning_rate        | 0.0003      |
|    loss                 | 0.454       |
|    n_updates            | 1710        |
|    policy_gradient_loss | -0.00689    |
|    std                  | 0.879       |
|    value_loss           | 0.915       |
-----------------------------------------
-----------------------------------------
| rollout/                |             |
|    ep_len_mean          | 8.92e+03    |
|    ep_rew_mean          | -1.05e+03   |
| time/                   |             |
|    fps                  | 406         |
|    iterations           | 173         |
|    time_elapsed         | 870         |
|    total_timesteps      | 354304      |
| train/                  |             |
|    approx_kl            | 0.021190697 |
|    clip_fraction        | 0.233       |
|    clip_range           | 0.2         |
|    entropy_loss         | -15.3       |
|    explained_variance   | 0.773       |
|    learning_rate        | 0.0003      |
|    loss                 | 0.592       |
|    n_updates            | 1720        |
|    policy_gradient_loss | -0.0195     |
|    std                  | 0.879       |
|    value_loss           | 2.27        |
-----------------------------------------
-----------------------------------------
| rollout/                |             |
|    ep_len_mean          | 8.92e+03    |
|    ep_rew_mean          | -1.05e+03   |
| time/                   |             |
|    fps                  | 407         |
|    iterations           | 174         |
|    time_elapsed         | 875         |
|    total_timesteps      | 356352      |
| train/                  |             |
|    approx_kl            | 0.035090655 |
|    clip_fraction        | 0.307       |
|    clip_range           | 0.2         |
|    entropy_loss         | -15.3       |
|    explained_variance   | 0.792       |
|    learning_rate        | 0.0003      |
|    loss                 | 0.203       |
|    n_updates            | 1730        |
|    policy_gradient_loss | -0.00494    |
|    std                  | 0.874       |
|    value_loss           | 0.896       |
-----------------------------------------
-----------------------------------------
| rollout/                |             |
|    ep_len_mean          | 8.92e+03    |
|    ep_rew_mean          | -1.05e+03   |
| time/                   |             |
|    fps                  | 407         |
|    iterations           | 175         |
|    time_elapsed         | 879         |
|    total_timesteps      | 358400      |
| train/                  |             |
|    approx_kl            | 0.037519507 |
|    clip_fraction        | 0.367       |
|    clip_range           | 0.2         |
|    entropy_loss         | -15.2       |
|    explained_variance   | 0.161       |
|    learning_rate        | 0.0003      |
|    loss                 | 0.0686      |
|    n_updates            | 1740        |
|    policy_gradient_loss | -0.0151     |
|    std                  | 0.872       |
|    value_loss           | 0.4         |
-----------------------------------------
-----------------------------------------
| rollout/                |             |
|    ep_len_mean          | 8.92e+03    |
|    ep_rew_mean          | -1.05e+03   |
| time/                   |             |
|    fps                  | 407         |
|    iterations           | 176         |
|    time_elapsed         | 884         |
|    total_timesteps      | 360448      |
| train/                  |             |
|    approx_kl            | 0.010796616 |
|    clip_fraction        | 0.123       |
|    clip_range           | 0.2         |
|    entropy_loss         | -15.2       |
|    explained_variance   | -0.00995    |
|    learning_rate        | 0.0003      |
|    loss                 | 5.43        |
|    n_updates            | 1750        |
|    policy_gradient_loss | -0.0046     |
|    std                  | 0.872       |
|    value_loss           | 182         |
-----------------------------------------
-----------------------------------------
| rollout/                |             |
|    ep_len_mean          | 8.92e+03    |
|    ep_rew_mean          | -1.05e+03   |
| time/                   |             |
|    fps                  | 407         |
|    iterations           | 177         |
|    time_elapsed         | 889         |
|    total_timesteps      | 362496      |
| train/                  |             |
|    approx_kl            | 0.041950487 |
|    clip_fraction        | 0.363       |
|    clip_range           | 0.2         |
|    entropy_loss         | -15.2       |
|    explained_variance   | 0.355       |
|    learning_rate        | 0.0003      |
|    loss                 | 0.0756      |
|    n_updates            | 1760        |
|    policy_gradient_loss | -0.0106     |
|    std                  | 0.871       |
|    value_loss           | 0.75        |
-----------------------------------------
-----------------------------------------
| rollout/                |             |
|    ep_len_mean          | 8.92e+03    |
|    ep_rew_mean          | -1.05e+03   |
| time/                   |             |
|    fps                  | 407         |
|    iterations           | 178         |
|    time_elapsed         | 894         |
|    total_timesteps      | 364544      |
| train/                  |             |
|    approx_kl            | 0.025311468 |
|    clip_fraction        | 0.294       |
|    clip_range           | 0.2         |
|    entropy_loss         | -15.2       |
|    explained_variance   | 0.61        |
|    learning_rate        | 0.0003      |
|    loss                 | 0.14        |
|    n_updates            | 1770        |
|    policy_gradient_loss | -0.0132     |
|    std                  | 0.873       |
|    value_loss           | 0.601       |
-----------------------------------------
-----------------------------------------
| rollout/                |             |
|    ep_len_mean          | 8.92e+03    |
|    ep_rew_mean          | -1.05e+03   |
| time/                   |             |
|    fps                  | 407         |
|    iterations           | 179         |
|    time_elapsed         | 898         |
|    total_timesteps      | 366592      |
| train/                  |             |
|    approx_kl            | 0.021672772 |
|    clip_fraction        | 0.282       |
|    clip_range           | 0.2         |
|    entropy_loss         | -15.2       |
|    explained_variance   | -2.15       |
|    learning_rate        | 0.0003      |
|    loss                 | 3.01        |
|    n_updates            | 1780        |
|    policy_gradient_loss | -0.00548    |
|    std                  | 0.872       |
|    value_loss           | 4.23        |
-----------------------------------------
-----------------------------------------
| rollout/                |             |
|    ep_len_mean          | 8.92e+03    |
|    ep_rew_mean          | -1.05e+03   |
| time/                   |             |
|    fps                  | 407         |
|    iterations           | 180         |
|    time_elapsed         | 903         |
|    total_timesteps      | 368640      |
| train/                  |             |
|    approx_kl            | 0.005430178 |
|    clip_fraction        | 0.0252      |
|    clip_range           | 0.2         |
|    entropy_loss         | -15.2       |
|    explained_variance   | 0.0265      |
|    learning_rate        | 0.0003      |
|    loss                 | 28.9        |
|    n_updates            | 1790        |
|    policy_gradient_loss | -0.0015     |
|    std                  | 0.872       |
|    value_loss           | 352         |
-----------------------------------------
-----------------------------------------
| rollout/                |             |
|    ep_len_mean          | 8.92e+03    |
|    ep_rew_mean          | -1.05e+03   |
| time/                   |             |
|    fps                  | 407         |
|    iterations           | 181         |
|    time_elapsed         | 908         |
|    total_timesteps      | 370688      |
| train/                  |             |
|    approx_kl            | 0.026221525 |
|    clip_fraction        | 0.154       |
|    clip_range           | 0.2         |
|    entropy_loss         | -15.2       |
|    explained_variance   | 0.588       |
|    learning_rate        | 0.0003      |
|    loss                 | 1.88        |
|    n_updates            | 1800        |
|    policy_gradient_loss | -0.00803    |
|    std                  | 0.87        |
|    value_loss           | 10.2        |
-----------------------------------------
------------------------------------------
| rollout/                |              |
|    ep_len_mean          | 8.92e+03     |
|    ep_rew_mean          | -1.05e+03    |
| time/                   |              |
|    fps                  | 408          |
|    iterations           | 182          |
|    time_elapsed         | 913          |
|    total_timesteps      | 372736       |
| train/                  |              |
|    approx_kl            | 0.0122074615 |
|    clip_fraction        | 0.159        |
|    clip_range           | 0.2          |
|    entropy_loss         | -15.2        |
|    explained_variance   | 0.75         |
|    learning_rate        | 0.0003       |
|    loss                 | 2.97         |
|    n_updates            | 1810         |
|    policy_gradient_loss | -0.0112      |
|    std                  | 0.87         |
|    value_loss           | 3.9          |
------------------------------------------
-----------------------------------------
| rollout/                |             |
|    ep_len_mean          | 8.92e+03    |
|    ep_rew_mean          | -1.05e+03   |
| time/                   |             |
|    fps                  | 407         |
|    iterations           | 183         |
|    time_elapsed         | 919         |
|    total_timesteps      | 374784      |
| train/                  |             |
|    approx_kl            | 0.028190095 |
|    clip_fraction        | 0.279       |
|    clip_range           | 0.2         |
|    entropy_loss         | -15.2       |
|    explained_variance   | 0.623       |
|    learning_rate        | 0.0003      |
|    loss                 | 0.515       |
|    n_updates            | 1820        |
|    policy_gradient_loss | -0.0133     |
|    std                  | 0.87        |
|    value_loss           | 1.56        |
-----------------------------------------
-----------------------------------------
| rollout/                |             |
|    ep_len_mean          | 8.92e+03    |
|    ep_rew_mean          | -1.05e+03   |
| time/                   |             |
|    fps                  | 407         |
|    iterations           | 184         |
|    time_elapsed         | 924         |
|    total_timesteps      | 376832      |
| train/                  |             |
|    approx_kl            | 0.010374976 |
|    clip_fraction        | 0.101       |
|    clip_range           | 0.2         |
|    entropy_loss         | -15.2       |
|    explained_variance   | 0.00954     |
|    learning_rate        | 0.0003      |
|    loss                 | 2.42        |
|    n_updates            | 1830        |
|    policy_gradient_loss | -0.00589    |
|    std                  | 0.871       |
|    value_loss           | 307         |
-----------------------------------------
----------------------------------------
| rollout/                |            |
|    ep_len_mean          | 8.92e+03   |
|    ep_rew_mean          | -1.05e+03  |
| time/                   |            |
|    fps                  | 407        |
|    iterations           | 185        |
|    time_elapsed         | 929        |
|    total_timesteps      | 378880     |
| train/                  |            |
|    approx_kl            | 0.03696616 |
|    clip_fraction        | 0.258      |
|    clip_range           | 0.2        |
|    entropy_loss         | -15.2      |
|    explained_variance   | 0.604      |
|    learning_rate        | 0.0003     |
|    loss                 | 0.804      |
|    n_updates            | 1840       |
|    policy_gradient_loss | -0.00726   |
|    std                  | 0.872      |
|    value_loss           | 3.03       |
----------------------------------------
-----------------------------------------
| rollout/                |             |
|    ep_len_mean          | 8.92e+03    |
|    ep_rew_mean          | -1.05e+03   |
| time/                   |             |
|    fps                  | 407         |
|    iterations           | 186         |
|    time_elapsed         | 934         |
|    total_timesteps      | 380928      |
| train/                  |             |
|    approx_kl            | 0.009598602 |
|    clip_fraction        | 0.112       |
|    clip_range           | 0.2         |
|    entropy_loss         | -15.2       |
|    explained_variance   | 0.763       |
|    learning_rate        | 0.0003      |
|    loss                 | 5.64        |
|    n_updates            | 1850        |
|    policy_gradient_loss | -0.00831    |
|    std                  | 0.871       |
|    value_loss           | 10.6        |
-----------------------------------------
-----------------------------------------
| rollout/                |             |
|    ep_len_mean          | 8.92e+03    |
|    ep_rew_mean          | -1.05e+03   |
| time/                   |             |
|    fps                  | 407         |
|    iterations           | 187         |
|    time_elapsed         | 939         |
|    total_timesteps      | 382976      |
| train/                  |             |
|    approx_kl            | 0.025486114 |
|    clip_fraction        | 0.255       |
|    clip_range           | 0.2         |
|    entropy_loss         | -15.2       |
|    explained_variance   | 0.676       |
|    learning_rate        | 0.0003      |
|    loss                 | 0.916       |
|    n_updates            | 1860        |
|    policy_gradient_loss | -0.0136     |
|    std                  | 0.87        |
|    value_loss           | 3.31        |
-----------------------------------------
----------------------------------------
| rollout/                |            |
|    ep_len_mean          | 8.92e+03   |
|    ep_rew_mean          | -1.05e+03  |
| time/                   |            |
|    fps                  | 407        |
|    iterations           | 188        |
|    time_elapsed         | 944        |
|    total_timesteps      | 385024     |
| train/                  |            |
|    approx_kl            | 0.03182269 |
|    clip_fraction        | 0.352      |
|    clip_range           | 0.2        |
|    entropy_loss         | -15.2      |
|    explained_variance   | 0.652      |
|    learning_rate        | 0.0003     |
|    loss                 | 0.592      |
|    n_updates            | 1870       |
|    policy_gradient_loss | -0.00926   |
|    std                  | 0.872      |
|    value_loss           | 2.15       |
----------------------------------------
-----------------------------------------
| rollout/                |             |
|    ep_len_mean          | 8.92e+03    |
|    ep_rew_mean          | -1.05e+03   |
| time/                   |             |
|    fps                  | 407         |
|    iterations           | 189         |
|    time_elapsed         | 949         |
|    total_timesteps      | 387072      |
| train/                  |             |
|    approx_kl            | 0.010245241 |
|    clip_fraction        | 0.0885      |
|    clip_range           | 0.2         |
|    entropy_loss         | -15.2       |
|    explained_variance   | 0.00511     |
|    learning_rate        | 0.0003      |
|    loss                 | 203         |
|    n_updates            | 1880        |
|    policy_gradient_loss | -0.00476    |
|    std                  | 0.872       |
|    value_loss           | 380         |
-----------------------------------------
-----------------------------------------
| rollout/                |             |
|    ep_len_mean          | 8.92e+03    |
|    ep_rew_mean          | -1.05e+03   |
| time/                   |             |
|    fps                  | 407         |
|    iterations           | 190         |
|    time_elapsed         | 954         |
|    total_timesteps      | 389120      |
| train/                  |             |
|    approx_kl            | 0.043781593 |
|    clip_fraction        | 0.467       |
|    clip_range           | 0.2         |
|    entropy_loss         | -15.2       |
|    explained_variance   | 0.449       |
|    learning_rate        | 0.0003      |
|    loss                 | 0.131       |
|    n_updates            | 1890        |
|    policy_gradient_loss | -0.000769   |
|    std                  | 0.874       |
|    value_loss           | 0.767       |
-----------------------------------------
-----------------------------------------
| rollout/                |             |
|    ep_len_mean          | 8.92e+03    |
|    ep_rew_mean          | -1.05e+03   |
| time/                   |             |
|    fps                  | 407         |
|    iterations           | 191         |
|    time_elapsed         | 960         |
|    total_timesteps      | 391168      |
| train/                  |             |
|    approx_kl            | 0.036335412 |
|    clip_fraction        | 0.374       |
|    clip_range           | 0.2         |
|    entropy_loss         | -15.2       |
|    explained_variance   | 0.559       |
|    learning_rate        | 0.0003      |
|    loss                 | 0.123       |
|    n_updates            | 1900        |
|    policy_gradient_loss | -0.0167     |
|    std                  | 0.875       |
|    value_loss           | 0.696       |
-----------------------------------------
-----------------------------------------
| rollout/                |             |
|    ep_len_mean          | 8.92e+03    |
|    ep_rew_mean          | -1.05e+03   |
| time/                   |             |
|    fps                  | 407         |
|    iterations           | 192         |
|    time_elapsed         | 966         |
|    total_timesteps      | 393216      |
| train/                  |             |
|    approx_kl            | 0.037339553 |
|    clip_fraction        | 0.362       |
|    clip_range           | 0.2         |
|    entropy_loss         | -15.2       |
|    explained_variance   | 0.451       |
|    learning_rate        | 0.0003      |
|    loss                 | 0.146       |
|    n_updates            | 1910        |
|    policy_gradient_loss | -0.00351    |
|    std                  | 0.875       |
|    value_loss           | 0.373       |
-----------------------------------------
-----------------------------------------
| rollout/                |             |
|    ep_len_mean          | 8.92e+03    |
|    ep_rew_mean          | -1.05e+03   |
| time/                   |             |
|    fps                  | 407         |
|    iterations           | 193         |
|    time_elapsed         | 970         |
|    total_timesteps      | 395264      |
| train/                  |             |
|    approx_kl            | 0.009599798 |
|    clip_fraction        | 0.242       |
|    clip_range           | 0.2         |
|    entropy_loss         | -15.2       |
|    explained_variance   | 0.0103      |
|    learning_rate        | 0.0003      |
|    loss                 | 702         |
|    n_updates            | 1920        |
|    policy_gradient_loss | -0.00118    |
|    std                  | 0.874       |
|    value_loss           | 586         |
-----------------------------------------
-----------------------------------------
| rollout/                |             |
|    ep_len_mean          | 8.92e+03    |
|    ep_rew_mean          | -1.05e+03   |
| time/                   |             |
|    fps                  | 407         |
|    iterations           | 194         |
|    time_elapsed         | 975         |
|    total_timesteps      | 397312      |
| train/                  |             |
|    approx_kl            | 0.022913147 |
|    clip_fraction        | 0.174       |
|    clip_range           | 0.2         |
|    entropy_loss         | -15.2       |
|    explained_variance   | 0.622       |
|    learning_rate        | 0.0003      |
|    loss                 | 0.257       |
|    n_updates            | 1930        |
|    policy_gradient_loss | -0.0107     |
|    std                  | 0.875       |
|    value_loss           | 3.13        |
-----------------------------------------
-----------------------------------------
| rollout/                |             |
|    ep_len_mean          | 8.92e+03    |
|    ep_rew_mean          | -1.05e+03   |
| time/                   |             |
|    fps                  | 407         |
|    iterations           | 195         |
|    time_elapsed         | 980         |
|    total_timesteps      | 399360      |
| train/                  |             |
|    approx_kl            | 0.017679071 |
|    clip_fraction        | 0.188       |
|    clip_range           | 0.2         |
|    entropy_loss         | -15.2       |
|    explained_variance   | 0.743       |
|    learning_rate        | 0.0003      |
|    loss                 | 1.13        |
|    n_updates            | 1940        |
|    policy_gradient_loss | -0.0163     |
|    std                  | 0.873       |
|    value_loss           | 2.6         |
-----------------------------------------
-----------------------------------------
| rollout/                |             |
|    ep_len_mean          | 8.92e+03    |
|    ep_rew_mean          | -1.05e+03   |
| time/                   |             |
|    fps                  | 407         |
|    iterations           | 196         |
|    time_elapsed         | 985         |
|    total_timesteps      | 401408      |
| train/                  |             |
|    approx_kl            | 0.020435033 |
|    clip_fraction        | 0.211       |
|    clip_range           | 0.2         |
|    entropy_loss         | -15.2       |
|    explained_variance   | 0.0874      |
|    learning_rate        | 0.0003      |
|    loss                 | 0.395       |
|    n_updates            | 1950        |
|    policy_gradient_loss | -0.0103     |
|    std                  | 0.875       |
|    value_loss           | 4.41        |
-----------------------------------------
------------------------------------------
| rollout/                |              |
|    ep_len_mean          | 8.92e+03     |
|    ep_rew_mean          | -1.05e+03    |
| time/                   |              |
|    fps                  | 407          |
|    iterations           | 197          |
|    time_elapsed         | 990          |
|    total_timesteps      | 403456       |
| train/                  |              |
|    approx_kl            | 0.0076424545 |
|    clip_fraction        | 0.0549       |
|    clip_range           | 0.2          |
|    entropy_loss         | -15.2        |
|    explained_variance   | 0.104        |
|    learning_rate        | 0.0003       |
|    loss                 | 2.13         |
|    n_updates            | 1960         |
|    policy_gradient_loss | -0.00224     |
|    std                  | 0.875        |
|    value_loss           | 329          |
------------------------------------------
-----------------------------------------
| rollout/                |             |
|    ep_len_mean          | 8.92e+03    |
|    ep_rew_mean          | -1.05e+03   |
| time/                   |             |
|    fps                  | 407         |
|    iterations           | 198         |
|    time_elapsed         | 994         |
|    total_timesteps      | 405504      |
| train/                  |             |
|    approx_kl            | 0.009014338 |
|    clip_fraction        | 0.0836      |
|    clip_range           | 0.2         |
|    entropy_loss         | -15.2       |
|    explained_variance   | 0.441       |
|    learning_rate        | 0.0003      |
|    loss                 | 8           |
|    n_updates            | 1970        |
|    policy_gradient_loss | -0.0114     |
|    std                  | 0.876       |
|    value_loss           | 22          |
-----------------------------------------
------------------------------------------
| rollout/                |              |
|    ep_len_mean          | 8.92e+03     |
|    ep_rew_mean          | -1.05e+03    |
| time/                   |              |
|    fps                  | 407          |
|    iterations           | 199          |
|    time_elapsed         | 999          |
|    total_timesteps      | 407552       |
| train/                  |              |
|    approx_kl            | 0.0054199537 |
|    clip_fraction        | 0.049        |
|    clip_range           | 0.2          |
|    entropy_loss         | -15.3        |
|    explained_variance   | 0.75         |
|    learning_rate        | 0.0003       |
|    loss                 | 8.92         |
|    n_updates            | 1980         |
|    policy_gradient_loss | -0.00685     |
|    std                  | 0.875        |
|    value_loss           | 35           |
------------------------------------------
-----------------------------------------
| rollout/                |             |
|    ep_len_mean          | 8.92e+03    |
|    ep_rew_mean          | -1.05e+03   |
| time/                   |             |
|    fps                  | 407         |
|    iterations           | 200         |
|    time_elapsed         | 1004        |
|    total_timesteps      | 409600      |
| train/                  |             |
|    approx_kl            | 0.010466112 |
|    clip_fraction        | 0.0981      |
|    clip_range           | 0.2         |
|    entropy_loss         | -15.3       |
|    explained_variance   | 0.812       |
|    learning_rate        | 0.0003      |
|    loss                 | 3.78        |
|    n_updates            | 1990        |
|    policy_gradient_loss | -0.0133     |
|    std                  | 0.876       |
|    value_loss           | 12.5        |
-----------------------------------------
----------------------------------------
| rollout/                |            |
|    ep_len_mean          | 8.92e+03   |
|    ep_rew_mean          | -1.05e+03  |
| time/                   |            |
|    fps                  | 407        |
|    iterations           | 201        |
|    time_elapsed         | 1009       |
|    total_timesteps      | 411648     |
| train/                  |            |
|    approx_kl            | 0.01361417 |
|    clip_fraction        | 0.118      |
|    clip_range           | 0.2        |
|    entropy_loss         | -15.3      |
|    explained_variance   | 0.673      |
|    learning_rate        | 0.0003     |
|    loss                 | 3.82       |
|    n_updates            | 2000       |
|    policy_gradient_loss | -0.00994   |
|    std                  | 0.876      |
|    value_loss           | 13         |
----------------------------------------
------------------------------------------
| rollout/                |              |
|    ep_len_mean          | 8.92e+03     |
|    ep_rew_mean          | -1.05e+03    |
| time/                   |              |
|    fps                  | 407          |
|    iterations           | 202          |
|    time_elapsed         | 1014         |
|    total_timesteps      | 413696       |
| train/                  |              |
|    approx_kl            | 0.0048514116 |
|    clip_fraction        | 0.0309       |
|    clip_range           | 0.2          |
|    entropy_loss         | -15.3        |
|    explained_variance   | 0.0719       |
|    learning_rate        | 0.0003       |
|    loss                 | 54.1         |
|    n_updates            | 2010         |
|    policy_gradient_loss | -0.00839     |
|    std                  | 0.875        |
|    value_loss           | 607          |
------------------------------------------
-----------------------------------------
| rollout/                |             |
|    ep_len_mean          | 8.92e+03    |
|    ep_rew_mean          | -1.05e+03   |
| time/                   |             |
|    fps                  | 407         |
|    iterations           | 203         |
|    time_elapsed         | 1019        |
|    total_timesteps      | 415744      |
| train/                  |             |
|    approx_kl            | 0.016852064 |
|    clip_fraction        | 0.157       |
|    clip_range           | 0.2         |
|    entropy_loss         | -15.2       |
|    explained_variance   | 0.789       |
|    learning_rate        | 0.0003      |
|    loss                 | 7.2         |
|    n_updates            | 2020        |
|    policy_gradient_loss | -0.0123     |
|    std                  | 0.874       |
|    value_loss           | 12.8        |
-----------------------------------------
-----------------------------------------
| rollout/                |             |
|    ep_len_mean          | 8.92e+03    |
|    ep_rew_mean          | -1.05e+03   |
| time/                   |             |
|    fps                  | 408         |
|    iterations           | 204         |
|    time_elapsed         | 1023        |
|    total_timesteps      | 417792      |
| train/                  |             |
|    approx_kl            | 0.013432428 |
|    clip_fraction        | 0.141       |
|    clip_range           | 0.2         |
|    entropy_loss         | -15.2       |
|    explained_variance   | 0.767       |
|    learning_rate        | 0.0003      |
|    loss                 | 9.03        |
|    n_updates            | 2030        |
|    policy_gradient_loss | -0.0109     |
|    std                  | 0.874       |
|    value_loss           | 15.3        |
-----------------------------------------
----------------------------------------
| rollout/                |            |
|    ep_len_mean          | 8.92e+03   |
|    ep_rew_mean          | -1.05e+03  |
| time/                   |            |
|    fps                  | 408        |
|    iterations           | 205        |
|    time_elapsed         | 1028       |
|    total_timesteps      | 419840     |
| train/                  |            |
|    approx_kl            | 0.03517116 |
|    clip_fraction        | 0.293      |
|    clip_range           | 0.2        |
|    entropy_loss         | -15.2      |
|    explained_variance   | 0.737      |
|    learning_rate        | 0.0003     |
|    loss                 | 3.25       |
|    n_updates            | 2040       |
|    policy_gradient_loss | -0.00937   |
|    std                  | 0.871      |
|    value_loss           | 4.65       |
----------------------------------------
-----------------------------------------
| rollout/                |             |
|    ep_len_mean          | 8.92e+03    |
|    ep_rew_mean          | -1.05e+03   |
| time/                   |             |
|    fps                  | 408         |
|    iterations           | 206         |
|    time_elapsed         | 1033        |
|    total_timesteps      | 421888      |
| train/                  |             |
|    approx_kl            | 0.007960389 |
|    clip_fraction        | 0.106       |
|    clip_range           | 0.2         |
|    entropy_loss         | -15.2       |
|    explained_variance   | -0.00217    |
|    learning_rate        | 0.0003      |
|    loss                 | 69.7        |
|    n_updates            | 2050        |
|    policy_gradient_loss | -0.00607    |
|    std                  | 0.87        |
|    value_loss           | 427         |
-----------------------------------------
----------------------------------------
| rollout/                |            |
|    ep_len_mean          | 8.92e+03   |
|    ep_rew_mean          | -1.05e+03  |
| time/                   |            |
|    fps                  | 408        |
|    iterations           | 207        |
|    time_elapsed         | 1038       |
|    total_timesteps      | 423936     |
| train/                  |            |
|    approx_kl            | 0.03081446 |
|    clip_fraction        | 0.348      |
|    clip_range           | 0.2        |
|    entropy_loss         | -15.2      |
|    explained_variance   | 0.792      |
|    learning_rate        | 0.0003     |
|    loss                 | 1.21       |
|    n_updates            | 2060       |
|    policy_gradient_loss | -0.00624   |
|    std                  | 0.869      |
|    value_loss           | 4.1        |
----------------------------------------
-----------------------------------------
| rollout/                |             |
|    ep_len_mean          | 8.92e+03    |
|    ep_rew_mean          | -1.05e+03   |
| time/                   |             |
|    fps                  | 408         |
|    iterations           | 208         |
|    time_elapsed         | 1042        |
|    total_timesteps      | 425984      |
| train/                  |             |
|    approx_kl            | 0.018467847 |
|    clip_fraction        | 0.204       |
|    clip_range           | 0.2         |
|    entropy_loss         | -15.2       |
|    explained_variance   | 0.646       |
|    learning_rate        | 0.0003      |
|    loss                 | 1.56        |
|    n_updates            | 2070        |
|    policy_gradient_loss | -0.0122     |
|    std                  | 0.87        |
|    value_loss           | 9.3         |
-----------------------------------------
-----------------------------------------
| rollout/                |             |
|    ep_len_mean          | 8.92e+03    |
|    ep_rew_mean          | -1.05e+03   |
| time/                   |             |
|    fps                  | 408         |
|    iterations           | 209         |
|    time_elapsed         | 1047        |
|    total_timesteps      | 428032      |
| train/                  |             |
|    approx_kl            | 0.047369152 |
|    clip_fraction        | 0.388       |
|    clip_range           | 0.2         |
|    entropy_loss         | -15.2       |
|    explained_variance   | 0.703       |
|    learning_rate        | 0.0003      |
|    loss                 | 0.364       |
|    n_updates            | 2080        |
|    policy_gradient_loss | -0.012      |
|    std                  | 0.871       |
|    value_loss           | 1.74        |
-----------------------------------------
-----------------------------------------
| rollout/                |             |
|    ep_len_mean          | 8.92e+03    |
|    ep_rew_mean          | -1.05e+03   |
| time/                   |             |
|    fps                  | 408         |
|    iterations           | 210         |
|    time_elapsed         | 1052        |
|    total_timesteps      | 430080      |
| train/                  |             |
|    approx_kl            | 0.007516198 |
|    clip_fraction        | 0.0678      |
|    clip_range           | 0.2         |
|    entropy_loss         | -15.2       |
|    explained_variance   | 0.0131      |
|    learning_rate        | 0.0003      |
|    loss                 | 4.58        |
|    n_updates            | 2090        |
|    policy_gradient_loss | -0.00488    |
|    std                  | 0.87        |
|    value_loss           | 405         |
-----------------------------------------
-----------------------------------------
| rollout/                |             |
|    ep_len_mean          | 8.92e+03    |
|    ep_rew_mean          | -1.05e+03   |
| time/                   |             |
|    fps                  | 408         |
|    iterations           | 211         |
|    time_elapsed         | 1057        |
|    total_timesteps      | 432128      |
| train/                  |             |
|    approx_kl            | 0.007437484 |
|    clip_fraction        | 0.0873      |
|    clip_range           | 0.2         |
|    entropy_loss         | -15.2       |
|    explained_variance   | 0.65        |
|    learning_rate        | 0.0003      |
|    loss                 | 23.3        |
|    n_updates            | 2100        |
|    policy_gradient_loss | -0.00808    |
|    std                  | 0.87        |
|    value_loss           | 83.7        |
-----------------------------------------
------------------------------------------
| rollout/                |              |
|    ep_len_mean          | 8.92e+03     |
|    ep_rew_mean          | -1.05e+03    |
| time/                   |              |
|    fps                  | 408          |
|    iterations           | 212          |
|    time_elapsed         | 1062         |
|    total_timesteps      | 434176       |
| train/                  |              |
|    approx_kl            | 0.0075705615 |
|    clip_fraction        | 0.0467       |
|    clip_range           | 0.2          |
|    entropy_loss         | -15.2        |
|    explained_variance   | 0.761        |
|    learning_rate        | 0.0003       |
|    loss                 | 21.8         |
|    n_updates            | 2110         |
|    policy_gradient_loss | -0.00925     |
|    std                  | 0.87         |
|    value_loss           | 154          |
------------------------------------------
-----------------------------------------
| rollout/                |             |
|    ep_len_mean          | 8.92e+03    |
|    ep_rew_mean          | -1.05e+03   |
| time/                   |             |
|    fps                  | 408         |
|    iterations           | 213         |
|    time_elapsed         | 1067        |
|    total_timesteps      | 436224      |
| train/                  |             |
|    approx_kl            | 0.008575866 |
|    clip_fraction        | 0.0762      |
|    clip_range           | 0.2         |
|    entropy_loss         | -15.2       |
|    explained_variance   | 0.802       |
|    learning_rate        | 0.0003      |
|    loss                 | 49.1        |
|    n_updates            | 2120        |
|    policy_gradient_loss | -0.0094     |
|    std                  | 0.87        |
|    value_loss           | 127         |
-----------------------------------------
----------------------------------------
| rollout/                |            |
|    ep_len_mean          | 8.92e+03   |
|    ep_rew_mean          | -1.05e+03  |
| time/                   |            |
|    fps                  | 408        |
|    iterations           | 214        |
|    time_elapsed         | 1073       |
|    total_timesteps      | 438272     |
| train/                  |            |
|    approx_kl            | 0.01093521 |
|    clip_fraction        | 0.108      |
|    clip_range           | 0.2        |
|    entropy_loss         | -15.2      |
|    explained_variance   | 0.758      |
|    learning_rate        | 0.0003     |
|    loss                 | 37.6       |
|    n_updates            | 2130       |
|    policy_gradient_loss | -0.0127    |
|    std                  | 0.869      |
|    value_loss           | 78.4       |
----------------------------------------
------------------------------------------
| rollout/                |              |
|    ep_len_mean          | 8.92e+03     |
|    ep_rew_mean          | -1.05e+03    |
| time/                   |              |
|    fps                  | 408          |
|    iterations           | 215          |
|    time_elapsed         | 1078         |
|    total_timesteps      | 440320       |
| train/                  |              |
|    approx_kl            | 0.0065942993 |
|    clip_fraction        | 0.0814       |
|    clip_range           | 0.2          |
|    entropy_loss         | -15.2        |
|    explained_variance   | 0.302        |
|    learning_rate        | 0.0003       |
|    loss                 | 50.4         |
|    n_updates            | 2140         |
|    policy_gradient_loss | -0.0103      |
|    std                  | 0.87         |
|    value_loss           | 668          |
------------------------------------------
-----------------------------------------
| rollout/                |             |
|    ep_len_mean          | 8.92e+03    |
|    ep_rew_mean          | -1.05e+03   |
| time/                   |             |
|    fps                  | 407         |
|    iterations           | 216         |
|    time_elapsed         | 1084        |
|    total_timesteps      | 442368      |
| train/                  |             |
|    approx_kl            | 0.019013053 |
|    clip_fraction        | 0.209       |
|    clip_range           | 0.2         |
|    entropy_loss         | -15.2       |
|    explained_variance   | 0.804       |
|    learning_rate        | 0.0003      |
|    loss                 | 13.8        |
|    n_updates            | 2150        |
|    policy_gradient_loss | -0.0137     |
|    std                  | 0.872       |
|    value_loss           | 23.3        |
-----------------------------------------
-----------------------------------------
| rollout/                |             |
|    ep_len_mean          | 8.92e+03    |
|    ep_rew_mean          | -1.05e+03   |
| time/                   |             |
|    fps                  | 408         |
|    iterations           | 217         |
|    time_elapsed         | 1089        |
|    total_timesteps      | 444416      |
| train/                  |             |
|    approx_kl            | 0.024228696 |
|    clip_fraction        | 0.168       |
|    clip_range           | 0.2         |
|    entropy_loss         | -15.2       |
|    explained_variance   | 0.779       |
|    learning_rate        | 0.0003      |
|    loss                 | 18.3        |
|    n_updates            | 2160        |
|    policy_gradient_loss | -0.0142     |
|    std                  | 0.872       |
|    value_loss           | 37.2        |
-----------------------------------------
----------------------------------------
| rollout/                |            |
|    ep_len_mean          | 8.92e+03   |
|    ep_rew_mean          | -1.05e+03  |
| time/                   |            |
|    fps                  | 408        |
|    iterations           | 218        |
|    time_elapsed         | 1093       |
|    total_timesteps      | 446464     |
| train/                  |            |
|    approx_kl            | 0.03152276 |
|    clip_fraction        | 0.312      |
|    clip_range           | 0.2        |
|    entropy_loss         | -15.2      |
|    explained_variance   | 0.715      |
|    learning_rate        | 0.0003     |
|    loss                 | 4.39       |
|    n_updates            | 2170       |
|    policy_gradient_loss | -0.0121    |
|    std                  | 0.869      |
|    value_loss           | 10.6       |
----------------------------------------
----------------------------------------
| rollout/                |            |
|    ep_len_mean          | 8.92e+03   |
|    ep_rew_mean          | -1.05e+03  |
| time/                   |            |
|    fps                  | 408        |
|    iterations           | 219        |
|    time_elapsed         | 1098       |
|    total_timesteps      | 448512     |
| train/                  |            |
|    approx_kl            | 0.01471948 |
|    clip_fraction        | 0.167      |
|    clip_range           | 0.2        |
|    entropy_loss         | -15.2      |
|    explained_variance   | 0.0409     |
|    learning_rate        | 0.0003     |
|    loss                 | 716        |
|    n_updates            | 2180       |
|    policy_gradient_loss | -0.00615   |
|    std                  | 0.868      |
|    value_loss           | 434        |
----------------------------------------
----------------------------------------
| rollout/                |            |
|    ep_len_mean          | 8.92e+03   |
|    ep_rew_mean          | -1.05e+03  |
| time/                   |            |
|    fps                  | 408        |
|    iterations           | 220        |
|    time_elapsed         | 1103       |
|    total_timesteps      | 450560     |
| train/                  |            |
|    approx_kl            | 0.04053849 |
|    clip_fraction        | 0.47       |
|    clip_range           | 0.2        |
|    entropy_loss         | -15.2      |
|    explained_variance   | 0.699      |
|    learning_rate        | 0.0003     |
|    loss                 | 1.97       |
|    n_updates            | 2190       |
|    policy_gradient_loss | 0.00664    |
|    std                  | 0.872      |
|    value_loss           | 4.38       |
----------------------------------------
-----------------------------------------
| rollout/                |             |
|    ep_len_mean          | 8.92e+03    |
|    ep_rew_mean          | -1.05e+03   |
| time/                   |             |
|    fps                  | 408         |
|    iterations           | 221         |
|    time_elapsed         | 1107        |
|    total_timesteps      | 452608      |
| train/                  |             |
|    approx_kl            | 0.029903874 |
|    clip_fraction        | 0.315       |
|    clip_range           | 0.2         |
|    entropy_loss         | -15.2       |
|    explained_variance   | 0.691       |
|    learning_rate        | 0.0003      |
|    loss                 | 1.59        |
|    n_updates            | 2200        |
|    policy_gradient_loss | -0.0125     |
|    std                  | 0.875       |
|    value_loss           | 5.58        |
-----------------------------------------
-----------------------------------------
| rollout/                |             |
|    ep_len_mean          | 8.92e+03    |
|    ep_rew_mean          | -1.05e+03   |
| time/                   |             |
|    fps                  | 408         |
|    iterations           | 222         |
|    time_elapsed         | 1112        |
|    total_timesteps      | 454656      |
| train/                  |             |
|    approx_kl            | 0.036886655 |
|    clip_fraction        | 0.368       |
|    clip_range           | 0.2         |
|    entropy_loss         | -15.3       |
|    explained_variance   | 0.753       |
|    learning_rate        | 0.0003      |
|    loss                 | 0.379       |
|    n_updates            | 2210        |
|    policy_gradient_loss | -0.00288    |
|    std                  | 0.874       |
|    value_loss           | 1.4         |
-----------------------------------------
-----------------------------------------
| rollout/                |             |
|    ep_len_mean          | 8.92e+03    |
|    ep_rew_mean          | -1.05e+03   |
| time/                   |             |
|    fps                  | 408         |
|    iterations           | 223         |
|    time_elapsed         | 1117        |
|    total_timesteps      | 456704      |
| train/                  |             |
|    approx_kl            | 0.031194912 |
|    clip_fraction        | 0.302       |
|    clip_range           | 0.2         |
|    entropy_loss         | -15.3       |
|    explained_variance   | 0.814       |
|    learning_rate        | 0.0003      |
|    loss                 | 0.216       |
|    n_updates            | 2220        |
|    policy_gradient_loss | -0.00657    |
|    std                  | 0.875       |
|    value_loss           | 1.16        |
-----------------------------------------
---------------------------------------
| rollout/                |           |
|    ep_len_mean          | 8.92e+03  |
|    ep_rew_mean          | -1.05e+03 |
| time/                   |           |
|    fps                  | 408       |
|    iterations           | 224       |
|    time_elapsed         | 1123      |
|    total_timesteps      | 458752    |
| train/                  |           |
|    approx_kl            | 0.014495  |
|    clip_fraction        | 0.19      |
|    clip_range           | 0.2       |
|    entropy_loss         | -15.3     |
|    explained_variance   | 0.0562    |
|    learning_rate        | 0.0003    |
|    loss                 | 2.21      |
|    n_updates            | 2230      |
|    policy_gradient_loss | 0.00267   |
|    std                  | 0.874     |
|    value_loss           | 247       |
---------------------------------------
-----------------------------------------
| rollout/                |             |
|    ep_len_mean          | 8.92e+03    |
|    ep_rew_mean          | -1.05e+03   |
| time/                   |             |
|    fps                  | 408         |
|    iterations           | 225         |
|    time_elapsed         | 1128        |
|    total_timesteps      | 460800      |
| train/                  |             |
|    approx_kl            | 0.031054819 |
|    clip_fraction        | 0.308       |
|    clip_range           | 0.2         |
|    entropy_loss         | -15.3       |
|    explained_variance   | 0.679       |
|    learning_rate        | 0.0003      |
|    loss                 | 0.579       |
|    n_updates            | 2240        |
|    policy_gradient_loss | -0.0107     |
|    std                  | 0.875       |
|    value_loss           | 1.96        |
-----------------------------------------
-----------------------------------------
| rollout/                |             |
|    ep_len_mean          | 8.92e+03    |
|    ep_rew_mean          | -1.05e+03   |
| time/                   |             |
|    fps                  | 408         |
|    iterations           | 226         |
|    time_elapsed         | 1134        |
|    total_timesteps      | 462848      |
| train/                  |             |
|    approx_kl            | 0.021041378 |
|    clip_fraction        | 0.26        |
|    clip_range           | 0.2         |
|    entropy_loss         | -15.3       |
|    explained_variance   | 0.726       |
|    learning_rate        | 0.0003      |
|    loss                 | 0.289       |
|    n_updates            | 2250        |
|    policy_gradient_loss | -0.0112     |
|    std                  | 0.877       |
|    value_loss           | 1.1         |
-----------------------------------------
----------------------------------------
| rollout/                |            |
|    ep_len_mean          | 8.92e+03   |
|    ep_rew_mean          | -1.05e+03  |
| time/                   |            |
|    fps                  | 408        |
|    iterations           | 227        |
|    time_elapsed         | 1139       |
|    total_timesteps      | 464896     |
| train/                  |            |
|    approx_kl            | 0.02866963 |
|    clip_fraction        | 0.311      |
|    clip_range           | 0.2        |
|    entropy_loss         | -15.3      |
|    explained_variance   | 0.798      |
|    learning_rate        | 0.0003     |
|    loss                 | 0.14       |
|    n_updates            | 2260       |
|    policy_gradient_loss | -0.0087    |
|    std                  | 0.873      |
|    value_loss           | 0.846      |
----------------------------------------
-----------------------------------------
| rollout/                |             |
|    ep_len_mean          | 8.92e+03    |
|    ep_rew_mean          | -1.05e+03   |
| time/                   |             |
|    fps                  | 408         |
|    iterations           | 228         |
|    time_elapsed         | 1143        |
|    total_timesteps      | 466944      |
| train/                  |             |
|    approx_kl            | 0.007206495 |
|    clip_fraction        | 0.167       |
|    clip_range           | 0.2         |
|    entropy_loss         | -15.2       |
|    explained_variance   | 0.0717      |
|    learning_rate        | 0.0003      |
|    loss                 | 28.1        |
|    n_updates            | 2270        |
|    policy_gradient_loss | 0.00369     |
|    std                  | 0.873       |
|    value_loss           | 497         |
-----------------------------------------
-----------------------------------------
| rollout/                |             |
|    ep_len_mean          | 8.92e+03    |
|    ep_rew_mean          | -1.05e+03   |
| time/                   |             |
|    fps                  | 408         |
|    iterations           | 229         |
|    time_elapsed         | 1148        |
|    total_timesteps      | 468992      |
| train/                  |             |
|    approx_kl            | 0.020724798 |
|    clip_fraction        | 0.167       |
|    clip_range           | 0.2         |
|    entropy_loss         | -15.2       |
|    explained_variance   | 0.643       |
|    learning_rate        | 0.0003      |
|    loss                 | 0.607       |
|    n_updates            | 2280        |
|    policy_gradient_loss | -0.00798    |
|    std                  | 0.873       |
|    value_loss           | 7.43        |
-----------------------------------------
-----------------------------------------
| rollout/                |             |
|    ep_len_mean          | 8.92e+03    |
|    ep_rew_mean          | -1.05e+03   |
| time/                   |             |
|    fps                  | 408         |
|    iterations           | 230         |
|    time_elapsed         | 1153        |
|    total_timesteps      | 471040      |
| train/                  |             |
|    approx_kl            | 0.011432173 |
|    clip_fraction        | 0.118       |
|    clip_range           | 0.2         |
|    entropy_loss         | -15.2       |
|    explained_variance   | 0.719       |
|    learning_rate        | 0.0003      |
|    loss                 | 1.39        |
|    n_updates            | 2290        |
|    policy_gradient_loss | -0.00946    |
|    std                  | 0.873       |
|    value_loss           | 4.73        |
-----------------------------------------
-----------------------------------------
| rollout/                |             |
|    ep_len_mean          | 8.92e+03    |
|    ep_rew_mean          | -1.05e+03   |
| time/                   |             |
|    fps                  | 408         |
|    iterations           | 231         |
|    time_elapsed         | 1158        |
|    total_timesteps      | 473088      |
| train/                  |             |
|    approx_kl            | 0.029514397 |
|    clip_fraction        | 0.276       |
|    clip_range           | 0.2         |
|    entropy_loss         | -15.2       |
|    explained_variance   | 0.649       |
|    learning_rate        | 0.0003      |
|    loss                 | 1.13        |
|    n_updates            | 2300        |
|    policy_gradient_loss | -0.0106     |
|    std                  | 0.873       |
|    value_loss           | 2.17        |
-----------------------------------------
-----------------------------------------
| rollout/                |             |
|    ep_len_mean          | 8.92e+03    |
|    ep_rew_mean          | -1.05e+03   |
| time/                   |             |
|    fps                  | 408         |
|    iterations           | 232         |
|    time_elapsed         | 1163        |
|    total_timesteps      | 475136      |
| train/                  |             |
|    approx_kl            | 0.005488708 |
|    clip_fraction        | 0.0412      |
|    clip_range           | 0.2         |
|    entropy_loss         | -15.2       |
|    explained_variance   | 0.0136      |
|    learning_rate        | 0.0003      |
|    loss                 | 11.4        |
|    n_updates            | 2310        |
|    policy_gradient_loss | 0.000162    |
|    std                  | 0.873       |
|    value_loss           | 475         |
-----------------------------------------
-----------------------------------------
| rollout/                |             |
|    ep_len_mean          | 8.92e+03    |
|    ep_rew_mean          | -1.05e+03   |
| time/                   |             |
|    fps                  | 408         |
|    iterations           | 233         |
|    time_elapsed         | 1168        |
|    total_timesteps      | 477184      |
| train/                  |             |
|    approx_kl            | 0.038199067 |
|    clip_fraction        | 0.324       |
|    clip_range           | 0.2         |
|    entropy_loss         | -15.2       |
|    explained_variance   | 0.645       |
|    learning_rate        | 0.0003      |
|    loss                 | 2.03        |
|    n_updates            | 2320        |
|    policy_gradient_loss | -0.00408    |
|    std                  | 0.87        |
|    value_loss           | 3.88        |
-----------------------------------------
-----------------------------------------
| rollout/                |             |
|    ep_len_mean          | 8.92e+03    |
|    ep_rew_mean          | -1.05e+03   |
| time/                   |             |
|    fps                  | 408         |
|    iterations           | 234         |
|    time_elapsed         | 1173        |
|    total_timesteps      | 479232      |
| train/                  |             |
|    approx_kl            | 0.008117884 |
|    clip_fraction        | 0.13        |
|    clip_range           | 0.2         |
|    entropy_loss         | -15.2       |
|    explained_variance   | 0.682       |
|    learning_rate        | 0.0003      |
|    loss                 | 3.67        |
|    n_updates            | 2330        |
|    policy_gradient_loss | -0.0109     |
|    std                  | 0.87        |
|    value_loss           | 21.2        |
-----------------------------------------
----------------------------------------
| rollout/                |            |
|    ep_len_mean          | 8.92e+03   |
|    ep_rew_mean          | -1.05e+03  |
| time/                   |            |
|    fps                  | 408        |
|    iterations           | 235        |
|    time_elapsed         | 1178       |
|    total_timesteps      | 481280     |
| train/                  |            |
|    approx_kl            | 0.02077288 |
|    clip_fraction        | 0.197      |
|    clip_range           | 0.2        |
|    entropy_loss         | -15.2      |
|    explained_variance   | 0.575      |
|    learning_rate        | 0.0003     |
|    loss                 | 1.93       |
|    n_updates            | 2340       |
|    policy_gradient_loss | -0.00816   |
|    std                  | 0.87       |
|    value_loss           | 8          |
----------------------------------------
-----------------------------------------
| rollout/                |             |
|    ep_len_mean          | 8.92e+03    |
|    ep_rew_mean          | -1.05e+03   |
| time/                   |             |
|    fps                  | 408         |
|    iterations           | 236         |
|    time_elapsed         | 1183        |
|    total_timesteps      | 483328      |
| train/                  |             |
|    approx_kl            | 0.042146564 |
|    clip_fraction        | 0.405       |
|    clip_range           | 0.2         |
|    entropy_loss         | -15.2       |
|    explained_variance   | 0.42        |
|    learning_rate        | 0.0003      |
|    loss                 | 0.136       |
|    n_updates            | 2350        |
|    policy_gradient_loss | -0.00861    |
|    std                  | 0.872       |
|    value_loss           | 0.996       |
-----------------------------------------
----------------------------------------
| rollout/                |            |
|    ep_len_mean          | 8.92e+03   |
|    ep_rew_mean          | -1.05e+03  |
| time/                   |            |
|    fps                  | 408        |
|    iterations           | 237        |
|    time_elapsed         | 1188       |
|    total_timesteps      | 485376     |
| train/                  |            |
|    approx_kl            | 0.01195473 |
|    clip_fraction        | 0.14       |
|    clip_range           | 0.2        |
|    entropy_loss         | -15.2      |
|    explained_variance   | -0.00853   |
|    learning_rate        | 0.0003     |
|    loss                 | 25.8       |
|    n_updates            | 2360       |
|    policy_gradient_loss | -0.00689   |
|    std                  | 0.871      |
|    value_loss           | 421        |
----------------------------------------
-----------------------------------------
| rollout/                |             |
|    ep_len_mean          | 8.92e+03    |
|    ep_rew_mean          | -1.05e+03   |
| time/                   |             |
|    fps                  | 408         |
|    iterations           | 238         |
|    time_elapsed         | 1192        |
|    total_timesteps      | 487424      |
| train/                  |             |
|    approx_kl            | 0.040448956 |
|    clip_fraction        | 0.305       |
|    clip_range           | 0.2         |
|    entropy_loss         | -15.2       |
|    explained_variance   | 0.744       |
|    learning_rate        | 0.0003      |
|    loss                 | 0.767       |
|    n_updates            | 2370        |
|    policy_gradient_loss | -0.014      |
|    std                  | 0.873       |
|    value_loss           | 2.18        |
-----------------------------------------
-----------------------------------------
| rollout/                |             |
|    ep_len_mean          | 8.92e+03    |
|    ep_rew_mean          | -1.05e+03   |
| time/                   |             |
|    fps                  | 408         |
|    iterations           | 239         |
|    time_elapsed         | 1197        |
|    total_timesteps      | 489472      |
| train/                  |             |
|    approx_kl            | 0.022997603 |
|    clip_fraction        | 0.253       |
|    clip_range           | 0.2         |
|    entropy_loss         | -15.2       |
|    explained_variance   | 0.811       |
|    learning_rate        | 0.0003      |
|    loss                 | 0.728       |
|    n_updates            | 2380        |
|    policy_gradient_loss | -0.0131     |
|    std                  | 0.872       |
|    value_loss           | 2.84        |
-----------------------------------------
-----------------------------------------
| rollout/                |             |
|    ep_len_mean          | 8.92e+03    |
|    ep_rew_mean          | -1.05e+03   |
| time/                   |             |
|    fps                  | 408         |
|    iterations           | 240         |
|    time_elapsed         | 1203        |
|    total_timesteps      | 491520      |
| train/                  |             |
|    approx_kl            | 0.046193056 |
|    clip_fraction        | 0.379       |
|    clip_range           | 0.2         |
|    entropy_loss         | -15.3       |
|    explained_variance   | 0.679       |
|    learning_rate        | 0.0003      |
|    loss                 | 0.231       |
|    n_updates            | 2390        |
|    policy_gradient_loss | -0.011      |
|    std                  | 0.875       |
|    value_loss           | 1.07        |
-----------------------------------------
------------------------------------------
| rollout/                |              |
|    ep_len_mean          | 8.92e+03     |
|    ep_rew_mean          | -1.05e+03    |
| time/                   |              |
|    fps                  | 408          |
|    iterations           | 241          |
|    time_elapsed         | 1208         |
|    total_timesteps      | 493568       |
| train/                  |              |
|    approx_kl            | 0.0060094213 |
|    clip_fraction        | 0.137        |
|    clip_range           | 0.2          |
|    entropy_loss         | -15.3        |
|    explained_variance   | -0.0128      |
|    learning_rate        | 0.0003       |
|    loss                 | 90.9         |
|    n_updates            | 2400         |
|    policy_gradient_loss | -0.00184     |
|    std                  | 0.875        |
|    value_loss           | 476          |
------------------------------------------
------------------------------------------
| rollout/                |              |
|    ep_len_mean          | 8.92e+03     |
|    ep_rew_mean          | -1.05e+03    |
| time/                   |              |
|    fps                  | 408          |
|    iterations           | 242          |
|    time_elapsed         | 1214         |
|    total_timesteps      | 495616       |
| train/                  |              |
|    approx_kl            | 0.0149712525 |
|    clip_fraction        | 0.129        |
|    clip_range           | 0.2          |
|    entropy_loss         | -15.3        |
|    explained_variance   | 0.492        |
|    learning_rate        | 0.0003       |
|    loss                 | 1.91         |
|    n_updates            | 2410         |
|    policy_gradient_loss | -0.00815     |
|    std                  | 0.874        |
|    value_loss           | 28.8         |
------------------------------------------
-----------------------------------------
| rollout/                |             |
|    ep_len_mean          | 8.92e+03    |
|    ep_rew_mean          | -1.05e+03   |
| time/                   |             |
|    fps                  | 408         |
|    iterations           | 243         |
|    time_elapsed         | 1219        |
|    total_timesteps      | 497664      |
| train/                  |             |
|    approx_kl            | 0.012171814 |
|    clip_fraction        | 0.124       |
|    clip_range           | 0.2         |
|    entropy_loss         | -15.2       |
|    explained_variance   | 0.643       |
|    learning_rate        | 0.0003      |
|    loss                 | 3.65        |
|    n_updates            | 2420        |
|    policy_gradient_loss | -0.014      |
|    std                  | 0.874       |
|    value_loss           | 11.8        |
-----------------------------------------
-----------------------------------------
| rollout/                |             |
|    ep_len_mean          | 8.92e+03    |
|    ep_rew_mean          | -1.05e+03   |
| time/                   |             |
|    fps                  | 408         |
|    iterations           | 244         |
|    time_elapsed         | 1224        |
|    total_timesteps      | 499712      |
| train/                  |             |
|    approx_kl            | 0.025722504 |
|    clip_fraction        | 0.223       |
|    clip_range           | 0.2         |
|    entropy_loss         | -15.3       |
|    explained_variance   | 0.543       |
|    learning_rate        | 0.0003      |
|    loss                 | 0.876       |
|    n_updates            | 2430        |
|    policy_gradient_loss | -0.0112     |
|    std                  | 0.875       |
|    value_loss           | 4.91        |
-----------------------------------------
-----------------------------------------
| rollout/                |             |
|    ep_len_mean          | 8.92e+03    |
|    ep_rew_mean          | -1.05e+03   |
| time/                   |             |
|    fps                  | 408         |
|    iterations           | 245         |
|    time_elapsed         | 1229        |
|    total_timesteps      | 501760      |
| train/                  |             |
|    approx_kl            | 0.013438813 |
|    clip_fraction        | 0.0753      |
|    clip_range           | 0.2         |
|    entropy_loss         | -15.3       |
|    explained_variance   | 0.0392      |
|    learning_rate        | 0.0003      |
|    loss                 | 1.42e+03    |
|    n_updates            | 2440        |
|    policy_gradient_loss | -0.00578    |
|    std                  | 0.875       |
|    value_loss           | 505         |
-----------------------------------------

Model saved to C:\Users\jagal\copilot-worktrees\dc-energy-joint-optimization\jagal-microsoft-literate-umbrella\models\oof\_tmp\ad_to_eh_us_batch_s108_c6aa10c115814cf98e8800f4543781f1\ppo_us_model_batch_completion_guard
