# ad_to_eh:us_batch:s103
# job: {"alpha": 0.015, "baseline_scope": {"batch_no_deferral_ablation": "Drain Immediately", "excluded_from_headline": "DQN/CFWS and algorithm-superiority tests", "headroom_only": "clairvoyant fluid QP lower bound", "primary": "Status Quo (local, no deferral)", "routing_sanity": "Round Robin"}, "batch": true, "completion_penalty": 1000.0, "config": "us_batch", "domain_randomization": true, "enforce_batch_completion": true, "fold": "ad_to_eh", "gamma": 1.0, "job_fingerprint": "edef384ec3d7ec987af1255de665b8439620519b1688b2188421bde2706e7661", "protocol_sha256": "00de81a3c402f029d69dfe915976ac5928a2cacfc5d27f7f35c6e66519ee630e", "region": "us", "seed": 103, "test_scenario": "env/scenarios/us_model_eh.yaml", "timesteps": 501760, "train_scenario": "env/scenarios/us_model.yaml"}
# command: C:\Python314\python.exe train.py --scenario C:\Users\jagal\copilot-worktrees\dc-energy-joint-optimization\jagal-microsoft-literate-umbrella\env\scenarios\us_model.yaml --timesteps 501760 --peak-penalty-weight 0.015 --seed 103 --output-dir C:\Users\jagal\copilot-worktrees\dc-energy-joint-optimization\jagal-microsoft-literate-umbrella\models\oof\_tmp\ad_to_eh_us_batch_s103_6433d36bdeed429d9b2648b0a9884fcf --domain-rand --batch-mode --enforce-batch-completion --completion-penalty 1000.0 --gamma 1.0
# started: 2026-08-05T21:45:07.605794+00:00

=== Training PPO on scenario: us_model_batch_completion_guard ===
Observation space: Box(-inf, inf, (51,), float32)
Action space: Box(-3.0, 3.0, (12,), float32)
Number of DCs: 4
Max steps per episode: 8917
Gamma: 1.0
Economic safety: backlog=$1,000.00/unit-step, expiry=$1,000.00/unit, reward_scale=0.0001, dense_completion=True
  US-West: batch_fraction=0.166, mean_dur=2552s
  US-Central: batch_fraction=0.157, mean_dur=1155s
  US-Southeast-1: batch_fraction=0.223, mean_dur=2082s
  US-Southeast-2: batch_fraction=0.264, mean_dur=3865s
Using cpu device
Wrapping the env with a `Monitor` wrapper
Wrapping the env in a DummyVecEnv.

Training for 501760 timesteps...
-----------------------------
| time/              |      |
|    fps             | 678  |
|    iterations      | 1    |
|    time_elapsed    | 3    |
|    total_timesteps | 2048 |
-----------------------------
-----------------------------------------
| time/                   |             |
|    fps                  | 479         |
|    iterations           | 2           |
|    time_elapsed         | 8           |
|    total_timesteps      | 4096        |
| train/                  |             |
|    approx_kl            | 0.013241983 |
|    clip_fraction        | 0.157       |
|    clip_range           | 0.2         |
|    entropy_loss         | -17         |
|    explained_variance   | -0.329      |
|    learning_rate        | 0.0003      |
|    loss                 | 0.017       |
|    n_updates            | 10          |
|    policy_gradient_loss | -0.018      |
|    std                  | 0.994       |
|    value_loss           | 0.135       |
-----------------------------------------
-----------------------------------------
| time/                   |             |
|    fps                  | 424         |
|    iterations           | 3           |
|    time_elapsed         | 14          |
|    total_timesteps      | 6144        |
| train/                  |             |
|    approx_kl            | 0.014401356 |
|    clip_fraction        | 0.137       |
|    clip_range           | 0.2         |
|    entropy_loss         | -16.9       |
|    explained_variance   | 0.377       |
|    learning_rate        | 0.0003      |
|    loss                 | 0.0222      |
|    n_updates            | 20          |
|    policy_gradient_loss | -0.0182     |
|    std                  | 0.988       |
|    value_loss           | 0.192       |
-----------------------------------------
-----------------------------------------
| time/                   |             |
|    fps                  | 401         |
|    iterations           | 4           |
|    time_elapsed         | 20          |
|    total_timesteps      | 8192        |
| train/                  |             |
|    approx_kl            | 0.012894385 |
|    clip_fraction        | 0.142       |
|    clip_range           | 0.2         |
|    entropy_loss         | -16.8       |
|    explained_variance   | 0.463       |
|    learning_rate        | 0.0003      |
|    loss                 | 0.015       |
|    n_updates            | 30          |
|    policy_gradient_loss | -0.0177     |
|    std                  | 0.983       |
|    value_loss           | 0.2         |
-----------------------------------------
-----------------------------------------
| rollout/                |             |
|    ep_len_mean          | 8.92e+03    |
|    ep_rew_mean          | -1.09e+03   |
| time/                   |             |
|    fps                  | 393         |
|    iterations           | 5           |
|    time_elapsed         | 26          |
|    total_timesteps      | 10240       |
| train/                  |             |
|    approx_kl            | 0.015501251 |
|    clip_fraction        | 0.169       |
|    clip_range           | 0.2         |
|    entropy_loss         | -16.8       |
|    explained_variance   | 0.575       |
|    learning_rate        | 0.0003      |
|    loss                 | 0.00112     |
|    n_updates            | 40          |
|    policy_gradient_loss | -0.0169     |
|    std                  | 0.978       |
|    value_loss           | 0.202       |
-----------------------------------------
-----------------------------------------
| rollout/                |             |
|    ep_len_mean          | 8.92e+03    |
|    ep_rew_mean          | -1.09e+03   |
| time/                   |             |
|    fps                  | 392         |
|    iterations           | 6           |
|    time_elapsed         | 31          |
|    total_timesteps      | 12288       |
| train/                  |             |
|    approx_kl            | 0.013982175 |
|    clip_fraction        | 0.124       |
|    clip_range           | 0.2         |
|    entropy_loss         | -16.7       |
|    explained_variance   | 0.234       |
|    learning_rate        | 0.0003      |
|    loss                 | 0.0279      |
|    n_updates            | 50          |
|    policy_gradient_loss | -0.0136     |
|    std                  | 0.973       |
|    value_loss           | 0.881       |
-----------------------------------------
-----------------------------------------
| rollout/                |             |
|    ep_len_mean          | 8.92e+03    |
|    ep_rew_mean          | -1.09e+03   |
| time/                   |             |
|    fps                  | 383         |
|    iterations           | 7           |
|    time_elapsed         | 37          |
|    total_timesteps      | 14336       |
| train/                  |             |
|    approx_kl            | 0.014250923 |
|    clip_fraction        | 0.142       |
|    clip_range           | 0.2         |
|    entropy_loss         | -16.7       |
|    explained_variance   | 0.798       |
|    learning_rate        | 0.0003      |
|    loss                 | -0.00378    |
|    n_updates            | 60          |
|    policy_gradient_loss | -0.0162     |
|    std                  | 0.969       |
|    value_loss           | 0.255       |
-----------------------------------------
------------------------------------------
| rollout/                |              |
|    ep_len_mean          | 8.92e+03     |
|    ep_rew_mean          | -1.09e+03    |
| time/                   |              |
|    fps                  | 376          |
|    iterations           | 8            |
|    time_elapsed         | 43           |
|    total_timesteps      | 16384        |
| train/                  |              |
|    approx_kl            | 0.0154394265 |
|    clip_fraction        | 0.157        |
|    clip_range           | 0.2          |
|    entropy_loss         | -16.6        |
|    explained_variance   | 0.649        |
|    learning_rate        | 0.0003       |
|    loss                 | 0.0438       |
|    n_updates            | 70           |
|    policy_gradient_loss | -0.0153      |
|    std                  | 0.966        |
|    value_loss           | 0.21         |
------------------------------------------
-----------------------------------------
| rollout/                |             |
|    ep_len_mean          | 8.92e+03    |
|    ep_rew_mean          | -1.08e+03   |
| time/                   |             |
|    fps                  | 367         |
|    iterations           | 9           |
|    time_elapsed         | 50          |
|    total_timesteps      | 18432       |
| train/                  |             |
|    approx_kl            | 0.016175425 |
|    clip_fraction        | 0.176       |
|    clip_range           | 0.2         |
|    entropy_loss         | -16.6       |
|    explained_variance   | 0.684       |
|    learning_rate        | 0.0003      |
|    loss                 | -0.038      |
|    n_updates            | 80          |
|    policy_gradient_loss | -0.0195     |
|    std                  | 0.959       |
|    value_loss           | 0.259       |
-----------------------------------------
-----------------------------------------
| rollout/                |             |
|    ep_len_mean          | 8.92e+03    |
|    ep_rew_mean          | -1.08e+03   |
| time/                   |             |
|    fps                  | 358         |
|    iterations           | 10          |
|    time_elapsed         | 57          |
|    total_timesteps      | 20480       |
| train/                  |             |
|    approx_kl            | 0.015869152 |
|    clip_fraction        | 0.188       |
|    clip_range           | 0.2         |
|    entropy_loss         | -16.5       |
|    explained_variance   | 0.166       |
|    learning_rate        | 0.0003      |
|    loss                 | 0.263       |
|    n_updates            | 90          |
|    policy_gradient_loss | -0.0136     |
|    std                  | 0.958       |
|    value_loss           | 2.24        |
-----------------------------------------
-----------------------------------------
| rollout/                |             |
|    ep_len_mean          | 8.92e+03    |
|    ep_rew_mean          | -1.08e+03   |
| time/                   |             |
|    fps                  | 356         |
|    iterations           | 11          |
|    time_elapsed         | 63          |
|    total_timesteps      | 22528       |
| train/                  |             |
|    approx_kl            | 0.015676465 |
|    clip_fraction        | 0.181       |
|    clip_range           | 0.2         |
|    entropy_loss         | -16.5       |
|    explained_variance   | 0.805       |
|    learning_rate        | 0.0003      |
|    loss                 | 0.018       |
|    n_updates            | 100         |
|    policy_gradient_loss | -0.012      |
|    std                  | 0.955       |
|    value_loss           | 0.241       |
-----------------------------------------
-----------------------------------------
| rollout/                |             |
|    ep_len_mean          | 8.92e+03    |
|    ep_rew_mean          | -1.08e+03   |
| time/                   |             |
|    fps                  | 349         |
|    iterations           | 12          |
|    time_elapsed         | 70          |
|    total_timesteps      | 24576       |
| train/                  |             |
|    approx_kl            | 0.017577246 |
|    clip_fraction        | 0.166       |
|    clip_range           | 0.2         |
|    entropy_loss         | -16.4       |
|    explained_variance   | 0.774       |
|    learning_rate        | 0.0003      |
|    loss                 | 0.0168      |
|    n_updates            | 110         |
|    policy_gradient_loss | -0.0152     |
|    std                  | 0.951       |
|    value_loss           | 0.25        |
-----------------------------------------
-----------------------------------------
| rollout/                |             |
|    ep_len_mean          | 8.92e+03    |
|    ep_rew_mean          | -1.08e+03   |
| time/                   |             |
|    fps                  | 346         |
|    iterations           | 13          |
|    time_elapsed         | 76          |
|    total_timesteps      | 26624       |
| train/                  |             |
|    approx_kl            | 0.015440882 |
|    clip_fraction        | 0.181       |
|    clip_range           | 0.2         |
|    entropy_loss         | -16.4       |
|    explained_variance   | 0.614       |
|    learning_rate        | 0.0003      |
|    loss                 | 0.00553     |
|    n_updates            | 120         |
|    policy_gradient_loss | -0.019      |
|    std                  | 0.947       |
|    value_loss           | 0.247       |
-----------------------------------------
-----------------------------------------
| rollout/                |             |
|    ep_len_mean          | 8.92e+03    |
|    ep_rew_mean          | -1.08e+03   |
| time/                   |             |
|    fps                  | 346         |
|    iterations           | 14          |
|    time_elapsed         | 82          |
|    total_timesteps      | 28672       |
| train/                  |             |
|    approx_kl            | 0.016594492 |
|    clip_fraction        | 0.184       |
|    clip_range           | 0.2         |
|    entropy_loss         | -16.3       |
|    explained_variance   | 0.664       |
|    learning_rate        | 0.0003      |
|    loss                 | 0.028       |
|    n_updates            | 130         |
|    policy_gradient_loss | -0.0184     |
|    std                  | 0.941       |
|    value_loss           | 0.239       |
-----------------------------------------
-----------------------------------------
| rollout/                |             |
|    ep_len_mean          | 8.92e+03    |
|    ep_rew_mean          | -1.08e+03   |
| time/                   |             |
|    fps                  | 344         |
|    iterations           | 15          |
|    time_elapsed         | 89          |
|    total_timesteps      | 30720       |
| train/                  |             |
|    approx_kl            | 0.010714382 |
|    clip_fraction        | 0.119       |
|    clip_range           | 0.2         |
|    entropy_loss         | -16.3       |
|    explained_variance   | 0.0537      |
|    learning_rate        | 0.0003      |
|    loss                 | 0.611       |
|    n_updates            | 140         |
|    policy_gradient_loss | -0.0117     |
|    std                  | 0.939       |
|    value_loss           | 3.45        |
-----------------------------------------
-----------------------------------------
| rollout/                |             |
|    ep_len_mean          | 8.92e+03    |
|    ep_rew_mean          | -1.08e+03   |
| time/                   |             |
|    fps                  | 344         |
|    iterations           | 16          |
|    time_elapsed         | 95          |
|    total_timesteps      | 32768       |
| train/                  |             |
|    approx_kl            | 0.017409727 |
|    clip_fraction        | 0.193       |
|    clip_range           | 0.2         |
|    entropy_loss         | -16.2       |
|    explained_variance   | 0.768       |
|    learning_rate        | 0.0003      |
|    loss                 | 0.0293      |
|    n_updates            | 150         |
|    policy_gradient_loss | -0.0124     |
|    std                  | 0.937       |
|    value_loss           | 0.252       |
-----------------------------------------
-----------------------------------------
| rollout/                |             |
|    ep_len_mean          | 8.92e+03    |
|    ep_rew_mean          | -1.08e+03   |
| time/                   |             |
|    fps                  | 346         |
|    iterations           | 17          |
|    time_elapsed         | 100         |
|    total_timesteps      | 34816       |
| train/                  |             |
|    approx_kl            | 0.017450199 |
|    clip_fraction        | 0.207       |
|    clip_range           | 0.2         |
|    entropy_loss         | -16.2       |
|    explained_variance   | 0.501       |
|    learning_rate        | 0.0003      |
|    loss                 | 0.0139      |
|    n_updates            | 160         |
|    policy_gradient_loss | -0.0178     |
|    std                  | 0.928       |
|    value_loss           | 0.259       |
-----------------------------------------
-----------------------------------------
| rollout/                |             |
|    ep_len_mean          | 8.92e+03    |
|    ep_rew_mean          | -1.08e+03   |
| time/                   |             |
|    fps                  | 345         |
|    iterations           | 18          |
|    time_elapsed         | 106         |
|    total_timesteps      | 36864       |
| train/                  |             |
|    approx_kl            | 0.020711292 |
|    clip_fraction        | 0.228       |
|    clip_range           | 0.2         |
|    entropy_loss         | -16.1       |
|    explained_variance   | 0.391       |
|    learning_rate        | 0.0003      |
|    loss                 | 0.00573     |
|    n_updates            | 170         |
|    policy_gradient_loss | -0.0211     |
|    std                  | 0.926       |
|    value_loss           | 0.255       |
-----------------------------------------
-----------------------------------------
| rollout/                |             |
|    ep_len_mean          | 8.92e+03    |
|    ep_rew_mean          | -1.08e+03   |
| time/                   |             |
|    fps                  | 345         |
|    iterations           | 19          |
|    time_elapsed         | 112         |
|    total_timesteps      | 38912       |
| train/                  |             |
|    approx_kl            | 0.008571681 |
|    clip_fraction        | 0.0889      |
|    clip_range           | 0.2         |
|    entropy_loss         | -16.1       |
|    explained_variance   | 0.469       |
|    learning_rate        | 0.0003      |
|    loss                 | 0.435       |
|    n_updates            | 180         |
|    policy_gradient_loss | -0.0127     |
|    std                  | 0.926       |
|    value_loss           | 8.03        |
-----------------------------------------
-----------------------------------------
| rollout/                |             |
|    ep_len_mean          | 8.92e+03    |
|    ep_rew_mean          | -1.08e+03   |
| time/                   |             |
|    fps                  | 346         |
|    iterations           | 20          |
|    time_elapsed         | 118         |
|    total_timesteps      | 40960       |
| train/                  |             |
|    approx_kl            | 0.015193024 |
|    clip_fraction        | 0.15        |
|    clip_range           | 0.2         |
|    entropy_loss         | -16.1       |
|    explained_variance   | 0.837       |
|    learning_rate        | 0.0003      |
|    loss                 | 0.2         |
|    n_updates            | 190         |
|    policy_gradient_loss | -0.0141     |
|    std                  | 0.926       |
|    value_loss           | 0.621       |
-----------------------------------------
-----------------------------------------
| rollout/                |             |
|    ep_len_mean          | 8.92e+03    |
|    ep_rew_mean          | -1.08e+03   |
| time/                   |             |
|    fps                  | 348         |
|    iterations           | 21          |
|    time_elapsed         | 123         |
|    total_timesteps      | 43008       |
| train/                  |             |
|    approx_kl            | 0.015008204 |
|    clip_fraction        | 0.174       |
|    clip_range           | 0.2         |
|    entropy_loss         | -16.1       |
|    explained_variance   | 0.805       |
|    learning_rate        | 0.0003      |
|    loss                 | 0.261       |
|    n_updates            | 200         |
|    policy_gradient_loss | -0.0156     |
|    std                  | 0.924       |
|    value_loss           | 0.585       |
-----------------------------------------
-----------------------------------------
| rollout/                |             |
|    ep_len_mean          | 8.92e+03    |
|    ep_rew_mean          | -1.07e+03   |
| time/                   |             |
|    fps                  | 346         |
|    iterations           | 22          |
|    time_elapsed         | 130         |
|    total_timesteps      | 45056       |
| train/                  |             |
|    approx_kl            | 0.018279117 |
|    clip_fraction        | 0.212       |
|    clip_range           | 0.2         |
|    entropy_loss         | -16         |
|    explained_variance   | 0.787       |
|    learning_rate        | 0.0003      |
|    loss                 | 0.0432      |
|    n_updates            | 210         |
|    policy_gradient_loss | -0.0184     |
|    std                  | 0.918       |
|    value_loss           | 0.416       |
-----------------------------------------
-----------------------------------------
| rollout/                |             |
|    ep_len_mean          | 8.92e+03    |
|    ep_rew_mean          | -1.07e+03   |
| time/                   |             |
|    fps                  | 346         |
|    iterations           | 23          |
|    time_elapsed         | 135         |
|    total_timesteps      | 47104       |
| train/                  |             |
|    approx_kl            | 0.012662839 |
|    clip_fraction        | 0.135       |
|    clip_range           | 0.2         |
|    entropy_loss         | -16         |
|    explained_variance   | 0.319       |
|    learning_rate        | 0.0003      |
|    loss                 | 2.67        |
|    n_updates            | 220         |
|    policy_gradient_loss | -0.00988    |
|    std                  | 0.916       |
|    value_loss           | 9.63        |
-----------------------------------------
-----------------------------------------
| rollout/                |             |
|    ep_len_mean          | 8.92e+03    |
|    ep_rew_mean          | -1.07e+03   |
| time/                   |             |
|    fps                  | 347         |
|    iterations           | 24          |
|    time_elapsed         | 141         |
|    total_timesteps      | 49152       |
| train/                  |             |
|    approx_kl            | 0.018521069 |
|    clip_fraction        | 0.22        |
|    clip_range           | 0.2         |
|    entropy_loss         | -15.9       |
|    explained_variance   | 0.805       |
|    learning_rate        | 0.0003      |
|    loss                 | 0.194       |
|    n_updates            | 230         |
|    policy_gradient_loss | -0.0177     |
|    std                  | 0.912       |
|    value_loss           | 0.693       |
-----------------------------------------
-----------------------------------------
| rollout/                |             |
|    ep_len_mean          | 8.92e+03    |
|    ep_rew_mean          | -1.07e+03   |
| time/                   |             |
|    fps                  | 345         |
|    iterations           | 25          |
|    time_elapsed         | 148         |
|    total_timesteps      | 51200       |
| train/                  |             |
|    approx_kl            | 0.015096562 |
|    clip_fraction        | 0.168       |
|    clip_range           | 0.2         |
|    entropy_loss         | -15.9       |
|    explained_variance   | 0.82        |
|    learning_rate        | 0.0003      |
|    loss                 | 0.229       |
|    n_updates            | 240         |
|    policy_gradient_loss | -0.0103     |
|    std                  | 0.911       |
|    value_loss           | 0.737       |
-----------------------------------------
---------------------------------------
| rollout/                |           |
|    ep_len_mean          | 8.92e+03  |
|    ep_rew_mean          | -1.07e+03 |
| time/                   |           |
|    fps                  | 345       |
|    iterations           | 26        |
|    time_elapsed         | 154       |
|    total_timesteps      | 53248     |
| train/                  |           |
|    approx_kl            | 0.0211287 |
|    clip_fraction        | 0.235     |
|    clip_range           | 0.2       |
|    entropy_loss         | -15.9     |
|    explained_variance   | 0.76      |
|    learning_rate        | 0.0003    |
|    loss                 | 0.194     |
|    n_updates            | 250       |
|    policy_gradient_loss | -0.0165   |
|    std                  | 0.909     |
|    value_loss           | 0.588     |
---------------------------------------
-----------------------------------------
| rollout/                |             |
|    ep_len_mean          | 8.92e+03    |
|    ep_rew_mean          | -1.07e+03   |
| time/                   |             |
|    fps                  | 345         |
|    iterations           | 27          |
|    time_elapsed         | 159         |
|    total_timesteps      | 55296       |
| train/                  |             |
|    approx_kl            | 0.019577216 |
|    clip_fraction        | 0.231       |
|    clip_range           | 0.2         |
|    entropy_loss         | -15.8       |
|    explained_variance   | 0.755       |
|    learning_rate        | 0.0003      |
|    loss                 | 0.043       |
|    n_updates            | 260         |
|    policy_gradient_loss | -0.017      |
|    std                  | 0.906       |
|    value_loss           | 0.371       |
-----------------------------------------
-----------------------------------------
| rollout/                |             |
|    ep_len_mean          | 8.92e+03    |
|    ep_rew_mean          | -1.07e+03   |
| time/                   |             |
|    fps                  | 345         |
|    iterations           | 28          |
|    time_elapsed         | 165         |
|    total_timesteps      | 57344       |
| train/                  |             |
|    approx_kl            | 0.009271988 |
|    clip_fraction        | 0.12        |
|    clip_range           | 0.2         |
|    entropy_loss         | -15.8       |
|    explained_variance   | 0.0651      |
|    learning_rate        | 0.0003      |
|    loss                 | 3.21        |
|    n_updates            | 270         |
|    policy_gradient_loss | -0.0101     |
|    std                  | 0.906       |
|    value_loss           | 14.5        |
-----------------------------------------
-----------------------------------------
| rollout/                |             |
|    ep_len_mean          | 8.92e+03    |
|    ep_rew_mean          | -1.07e+03   |
| time/                   |             |
|    fps                  | 344         |
|    iterations           | 29          |
|    time_elapsed         | 172         |
|    total_timesteps      | 59392       |
| train/                  |             |
|    approx_kl            | 0.021852678 |
|    clip_fraction        | 0.248       |
|    clip_range           | 0.2         |
|    entropy_loss         | -15.8       |
|    explained_variance   | 0.559       |
|    learning_rate        | 0.0003      |
|    loss                 | 0.0641      |
|    n_updates            | 280         |
|    policy_gradient_loss | -0.0137     |
|    std                  | 0.91        |
|    value_loss           | 0.283       |
-----------------------------------------
-----------------------------------------
| rollout/                |             |
|    ep_len_mean          | 8.92e+03    |
|    ep_rew_mean          | -1.07e+03   |
| time/                   |             |
|    fps                  | 344         |
|    iterations           | 30          |
|    time_elapsed         | 178         |
|    total_timesteps      | 61440       |
| train/                  |             |
|    approx_kl            | 0.016767722 |
|    clip_fraction        | 0.192       |
|    clip_range           | 0.2         |
|    entropy_loss         | -15.9       |
|    explained_variance   | 0.513       |
|    learning_rate        | 0.0003      |
|    loss                 | 0.01        |
|    n_updates            | 290         |
|    policy_gradient_loss | -0.0102     |
|    std                  | 0.912       |
|    value_loss           | 0.286       |
-----------------------------------------
-----------------------------------------
| rollout/                |             |
|    ep_len_mean          | 8.92e+03    |
|    ep_rew_mean          | -1.07e+03   |
| time/                   |             |
|    fps                  | 344         |
|    iterations           | 31          |
|    time_elapsed         | 184         |
|    total_timesteps      | 63488       |
| train/                  |             |
|    approx_kl            | 0.018542059 |
|    clip_fraction        | 0.215       |
|    clip_range           | 0.2         |
|    entropy_loss         | -15.9       |
|    explained_variance   | 0.379       |
|    learning_rate        | 0.0003      |
|    loss                 | -0.00878    |
|    n_updates            | 300         |
|    policy_gradient_loss | -0.0165     |
|    std                  | 0.909       |
|    value_loss           | 0.292       |
-----------------------------------------
----------------------------------------
| rollout/                |            |
|    ep_len_mean          | 8.92e+03   |
|    ep_rew_mean          | -1.07e+03  |
| time/                   |            |
|    fps                  | 342        |
|    iterations           | 32         |
|    time_elapsed         | 191        |
|    total_timesteps      | 65536      |
| train/                  |            |
|    approx_kl            | 0.01288289 |
|    clip_fraction        | 0.141      |
|    clip_range           | 0.2        |
|    entropy_loss         | -15.9      |
|    explained_variance   | -0.0252    |
|    learning_rate        | 0.0003     |
|    loss                 | 11.4       |
|    n_updates            | 310        |
|    policy_gradient_loss | -0.00832   |
|    std                  | 0.91       |
|    value_loss           | 23         |
----------------------------------------
----------------------------------------
| rollout/                |            |
|    ep_len_mean          | 8.92e+03   |
|    ep_rew_mean          | -1.07e+03  |
| time/                   |            |
|    fps                  | 340        |
|    iterations           | 33         |
|    time_elapsed         | 198        |
|    total_timesteps      | 67584      |
| train/                  |            |
|    approx_kl            | 0.02091783 |
|    clip_fraction        | 0.234      |
|    clip_range           | 0.2        |
|    entropy_loss         | -15.9      |
|    explained_variance   | 0.705      |
|    learning_rate        | 0.0003     |
|    loss                 | 0.0157     |
|    n_updates            | 320        |
|    policy_gradient_loss | -0.0164    |
|    std                  | 0.912      |
|    value_loss           | 0.37       |
----------------------------------------
-----------------------------------------
| rollout/                |             |
|    ep_len_mean          | 8.92e+03    |
|    ep_rew_mean          | -1.07e+03   |
| time/                   |             |
|    fps                  | 341         |
|    iterations           | 34          |
|    time_elapsed         | 204         |
|    total_timesteps      | 69632       |
| train/                  |             |
|    approx_kl            | 0.019441338 |
|    clip_fraction        | 0.205       |
|    clip_range           | 0.2         |
|    entropy_loss         | -15.8       |
|    explained_variance   | 0.661       |
|    learning_rate        | 0.0003      |
|    loss                 | -0.00425    |
|    n_updates            | 330         |
|    policy_gradient_loss | -0.0193     |
|    std                  | 0.902       |
|    value_loss           | 0.276       |
-----------------------------------------
-----------------------------------------
| rollout/                |             |
|    ep_len_mean          | 8.92e+03    |
|    ep_rew_mean          | -1.07e+03   |
| time/                   |             |
|    fps                  | 341         |
|    iterations           | 35          |
|    time_elapsed         | 209         |
|    total_timesteps      | 71680       |
| train/                  |             |
|    approx_kl            | 0.017957618 |
|    clip_fraction        | 0.205       |
|    clip_range           | 0.2         |
|    entropy_loss         | -15.7       |
|    explained_variance   | 0.733       |
|    learning_rate        | 0.0003      |
|    loss                 | 0.0486      |
|    n_updates            | 340         |
|    policy_gradient_loss | -0.0155     |
|    std                  | 0.897       |
|    value_loss           | 0.297       |
-----------------------------------------
-----------------------------------------
| rollout/                |             |
|    ep_len_mean          | 8.92e+03    |
|    ep_rew_mean          | -1.07e+03   |
| time/                   |             |
|    fps                  | 340         |
|    iterations           | 36          |
|    time_elapsed         | 216         |
|    total_timesteps      | 73728       |
| train/                  |             |
|    approx_kl            | 0.011113018 |
|    clip_fraction        | 0.101       |
|    clip_range           | 0.2         |
|    entropy_loss         | -15.7       |
|    explained_variance   | 0.0436      |
|    learning_rate        | 0.0003      |
|    loss                 | 2.53        |
|    n_updates            | 350         |
|    policy_gradient_loss | -0.00673    |
|    std                  | 0.897       |
|    value_loss           | 22.8        |
-----------------------------------------
-----------------------------------------
| rollout/                |             |
|    ep_len_mean          | 8.92e+03    |
|    ep_rew_mean          | -1.07e+03   |
| time/                   |             |
|    fps                  | 341         |
|    iterations           | 37          |
|    time_elapsed         | 221         |
|    total_timesteps      | 75776       |
| train/                  |             |
|    approx_kl            | 0.016558666 |
|    clip_fraction        | 0.213       |
|    clip_range           | 0.2         |
|    entropy_loss         | -15.7       |
|    explained_variance   | 0.612       |
|    learning_rate        | 0.0003      |
|    loss                 | 0.233       |
|    n_updates            | 360         |
|    policy_gradient_loss | -0.0147     |
|    std                  | 0.898       |
|    value_loss           | 0.614       |
-----------------------------------------
----------------------------------------
| rollout/                |            |
|    ep_len_mean          | 8.92e+03   |
|    ep_rew_mean          | -1.07e+03  |
| time/                   |            |
|    fps                  | 342        |
|    iterations           | 38         |
|    time_elapsed         | 227        |
|    total_timesteps      | 77824      |
| train/                  |            |
|    approx_kl            | 0.01917723 |
|    clip_fraction        | 0.207      |
|    clip_range           | 0.2        |
|    entropy_loss         | -15.7      |
|    explained_variance   | 0.706      |
|    learning_rate        | 0.0003     |
|    loss                 | 0.0599     |
|    n_updates            | 370        |
|    policy_gradient_loss | -0.011     |
|    std                  | 0.896      |
|    value_loss           | 0.487      |
----------------------------------------
-----------------------------------------
| rollout/                |             |
|    ep_len_mean          | 8.92e+03    |
|    ep_rew_mean          | -1.07e+03   |
| time/                   |             |
|    fps                  | 341         |
|    iterations           | 39          |
|    time_elapsed         | 233         |
|    total_timesteps      | 79872       |
| train/                  |             |
|    approx_kl            | 0.018798633 |
|    clip_fraction        | 0.226       |
|    clip_range           | 0.2         |
|    entropy_loss         | -15.7       |
|    explained_variance   | 0.631       |
|    learning_rate        | 0.0003      |
|    loss                 | 0.0734      |
|    n_updates            | 380         |
|    policy_gradient_loss | -0.0127     |
|    std                  | 0.896       |
|    value_loss           | 0.307       |
-----------------------------------------
-----------------------------------------
| rollout/                |             |
|    ep_len_mean          | 8.92e+03    |
|    ep_rew_mean          | -1.07e+03   |
| time/                   |             |
|    fps                  | 342         |
|    iterations           | 40          |
|    time_elapsed         | 239         |
|    total_timesteps      | 81920       |
| train/                  |             |
|    approx_kl            | 0.021142045 |
|    clip_fraction        | 0.217       |
|    clip_range           | 0.2         |
|    entropy_loss         | -15.7       |
|    explained_variance   | 0.564       |
|    learning_rate        | 0.0003      |
|    loss                 | 0.0379      |
|    n_updates            | 390         |
|    policy_gradient_loss | -0.0128     |
|    std                  | 0.896       |
|    value_loss           | 0.303       |
-----------------------------------------
------------------------------------------
| rollout/                |              |
|    ep_len_mean          | 8.92e+03     |
|    ep_rew_mean          | -1.07e+03    |
| time/                   |              |
|    fps                  | 343          |
|    iterations           | 41           |
|    time_elapsed         | 244          |
|    total_timesteps      | 83968        |
| train/                  |              |
|    approx_kl            | 0.0058291988 |
|    clip_fraction        | 0.0659       |
|    clip_range           | 0.2          |
|    entropy_loss         | -15.7        |
|    explained_variance   | -0.00874     |
|    learning_rate        | 0.0003       |
|    loss                 | 1.32         |
|    n_updates            | 400          |
|    policy_gradient_loss | -0.0106      |
|    std                  | 0.895        |
|    value_loss           | 27.3         |
------------------------------------------
-----------------------------------------
| rollout/                |             |
|    ep_len_mean          | 8.92e+03    |
|    ep_rew_mean          | -1.07e+03   |
| time/                   |             |
|    fps                  | 342         |
|    iterations           | 42          |
|    time_elapsed         | 251         |
|    total_timesteps      | 86016       |
| train/                  |             |
|    approx_kl            | 0.021359265 |
|    clip_fraction        | 0.213       |
|    clip_range           | 0.2         |
|    entropy_loss         | -15.6       |
|    explained_variance   | 0.781       |
|    learning_rate        | 0.0003      |
|    loss                 | 0.0588      |
|    n_updates            | 410         |
|    policy_gradient_loss | -0.0146     |
|    std                  | 0.893       |
|    value_loss           | 0.515       |
-----------------------------------------
-----------------------------------------
| rollout/                |             |
|    ep_len_mean          | 8.92e+03    |
|    ep_rew_mean          | -1.07e+03   |
| time/                   |             |
|    fps                  | 341         |
|    iterations           | 43          |
|    time_elapsed         | 258         |
|    total_timesteps      | 88064       |
| train/                  |             |
|    approx_kl            | 0.022566486 |
|    clip_fraction        | 0.248       |
|    clip_range           | 0.2         |
|    entropy_loss         | -15.6       |
|    explained_variance   | 0.693       |
|    learning_rate        | 0.0003      |
|    loss                 | 0.0211      |
|    n_updates            | 420         |
|    policy_gradient_loss | -0.0146     |
|    std                  | 0.891       |
|    value_loss           | 0.275       |
-----------------------------------------
----------------------------------------
| rollout/                |            |
|    ep_len_mean          | 8.92e+03   |
|    ep_rew_mean          | -1.06e+03  |
| time/                   |            |
|    fps                  | 340        |
|    iterations           | 44         |
|    time_elapsed         | 264        |
|    total_timesteps      | 90112      |
| train/                  |            |
|    approx_kl            | 0.02156099 |
|    clip_fraction        | 0.244      |
|    clip_range           | 0.2        |
|    entropy_loss         | -15.6      |
|    explained_variance   | 0.766      |
|    learning_rate        | 0.0003     |
|    loss                 | 0.0107     |
|    n_updates            | 430        |
|    policy_gradient_loss | -0.0162    |
|    std                  | 0.885      |
|    value_loss           | 0.264      |
----------------------------------------
-----------------------------------------
| rollout/                |             |
|    ep_len_mean          | 8.92e+03    |
|    ep_rew_mean          | -1.06e+03   |
| time/                   |             |
|    fps                  | 341         |
|    iterations           | 45          |
|    time_elapsed         | 269         |
|    total_timesteps      | 92160       |
| train/                  |             |
|    approx_kl            | 0.010803098 |
|    clip_fraction        | 0.0938      |
|    clip_range           | 0.2         |
|    entropy_loss         | -15.5       |
|    explained_variance   | 0.0589      |
|    learning_rate        | 0.0003      |
|    loss                 | 56.9        |
|    n_updates            | 440         |
|    policy_gradient_loss | -0.00714    |
|    std                  | 0.885       |
|    value_loss           | 33.7        |
-----------------------------------------
-----------------------------------------
| rollout/                |             |
|    ep_len_mean          | 8.92e+03    |
|    ep_rew_mean          | -1.06e+03   |
| time/                   |             |
|    fps                  | 341         |
|    iterations           | 46          |
|    time_elapsed         | 275         |
|    total_timesteps      | 94208       |
| train/                  |             |
|    approx_kl            | 0.020400697 |
|    clip_fraction        | 0.239       |
|    clip_range           | 0.2         |
|    entropy_loss         | -15.5       |
|    explained_variance   | 0.678       |
|    learning_rate        | 0.0003      |
|    loss                 | 0.0312      |
|    n_updates            | 450         |
|    policy_gradient_loss | -0.0111     |
|    std                  | 0.881       |
|    value_loss           | 0.324       |
-----------------------------------------
----------------------------------------
| rollout/                |            |
|    ep_len_mean          | 8.92e+03   |
|    ep_rew_mean          | -1.06e+03  |
| time/                   |            |
|    fps                  | 341        |
|    iterations           | 47         |
|    time_elapsed         | 281        |
|    total_timesteps      | 96256      |
| train/                  |            |
|    approx_kl            | 0.02327149 |
|    clip_fraction        | 0.283      |
|    clip_range           | 0.2        |
|    entropy_loss         | -15.4      |
|    explained_variance   | 0.687      |
|    learning_rate        | 0.0003     |
|    loss                 | 0.0121     |
|    n_updates            | 460        |
|    policy_gradient_loss | -0.0204    |
|    std                  | 0.875      |
|    value_loss           | 0.264      |
----------------------------------------
-----------------------------------------
| rollout/                |             |
|    ep_len_mean          | 8.92e+03    |
|    ep_rew_mean          | -1.06e+03   |
| time/                   |             |
|    fps                  | 341         |
|    iterations           | 48          |
|    time_elapsed         | 287         |
|    total_timesteps      | 98304       |
| train/                  |             |
|    approx_kl            | 0.022700626 |
|    clip_fraction        | 0.246       |
|    clip_range           | 0.2         |
|    entropy_loss         | -15.3       |
|    explained_variance   | 0.558       |
|    learning_rate        | 0.0003      |
|    loss                 | 0.0101      |
|    n_updates            | 470         |
|    policy_gradient_loss | -0.0161     |
|    std                  | 0.87        |
|    value_loss           | 0.258       |
-----------------------------------------
-----------------------------------------
| rollout/                |             |
|    ep_len_mean          | 8.92e+03    |
|    ep_rew_mean          | -1.06e+03   |
| time/                   |             |
|    fps                  | 342         |
|    iterations           | 49          |
|    time_elapsed         | 292         |
|    total_timesteps      | 100352      |
| train/                  |             |
|    approx_kl            | 0.005017151 |
|    clip_fraction        | 0.0466      |
|    clip_range           | 0.2         |
|    entropy_loss         | -15.3       |
|    explained_variance   | 0.0129      |
|    learning_rate        | 0.0003      |
|    loss                 | 10.9        |
|    n_updates            | 480         |
|    policy_gradient_loss | -0.00578    |
|    std                  | 0.869       |
|    value_loss           | 43.6        |
-----------------------------------------
------------------------------------------
| rollout/                |              |
|    ep_len_mean          | 8.92e+03     |
|    ep_rew_mean          | -1.06e+03    |
| time/                   |              |
|    fps                  | 343          |
|    iterations           | 50           |
|    time_elapsed         | 298          |
|    total_timesteps      | 102400       |
| train/                  |              |
|    approx_kl            | 0.0062210895 |
|    clip_fraction        | 0.0357       |
|    clip_range           | 0.2          |
|    entropy_loss         | -15.3        |
|    explained_variance   | 0.642        |
|    learning_rate        | 0.0003       |
|    loss                 | 6.11         |
|    n_updates            | 490          |
|    policy_gradient_loss | -0.00886     |
|    std                  | 0.869        |
|    value_loss           | 10.6         |
------------------------------------------
-----------------------------------------
| rollout/                |             |
|    ep_len_mean          | 8.92e+03    |
|    ep_rew_mean          | -1.06e+03   |
| time/                   |             |
|    fps                  | 343         |
|    iterations           | 51          |
|    time_elapsed         | 304         |
|    total_timesteps      | 104448      |
| train/                  |             |
|    approx_kl            | 0.010981986 |
|    clip_fraction        | 0.0889      |
|    clip_range           | 0.2         |
|    entropy_loss         | -15.3       |
|    explained_variance   | 0.721       |
|    learning_rate        | 0.0003      |
|    loss                 | 2.77        |
|    n_updates            | 500         |
|    policy_gradient_loss | -0.0119     |
|    std                  | 0.87        |
|    value_loss           | 6.58        |
-----------------------------------------
-----------------------------------------
| rollout/                |             |
|    ep_len_mean          | 8.92e+03    |
|    ep_rew_mean          | -1.06e+03   |
| time/                   |             |
|    fps                  | 343         |
|    iterations           | 52          |
|    time_elapsed         | 309         |
|    total_timesteps      | 106496      |
| train/                  |             |
|    approx_kl            | 0.018506832 |
|    clip_fraction        | 0.166       |
|    clip_range           | 0.2         |
|    entropy_loss         | -15.3       |
|    explained_variance   | 0.734       |
|    learning_rate        | 0.0003      |
|    loss                 | 0.495       |
|    n_updates            | 510         |
|    policy_gradient_loss | -0.014      |
|    std                  | 0.87        |
|    value_loss           | 1.94        |
-----------------------------------------
----------------------------------------
| rollout/                |            |
|    ep_len_mean          | 8.92e+03   |
|    ep_rew_mean          | -1.06e+03  |
| time/                   |            |
|    fps                  | 344        |
|    iterations           | 53         |
|    time_elapsed         | 315        |
|    total_timesteps      | 108544     |
| train/                  |            |
|    approx_kl            | 0.01775035 |
|    clip_fraction        | 0.189      |
|    clip_range           | 0.2        |
|    entropy_loss         | -15.3      |
|    explained_variance   | 0.689      |
|    learning_rate        | 0.0003     |
|    loss                 | 0.575      |
|    n_updates            | 520        |
|    policy_gradient_loss | -0.0132    |
|    std                  | 0.87       |
|    value_loss           | 1.28       |
----------------------------------------
-----------------------------------------
| rollout/                |             |
|    ep_len_mean          | 8.92e+03    |
|    ep_rew_mean          | -1.06e+03   |
| time/                   |             |
|    fps                  | 344         |
|    iterations           | 54          |
|    time_elapsed         | 321         |
|    total_timesteps      | 110592      |
| train/                  |             |
|    approx_kl            | 0.008008487 |
|    clip_fraction        | 0.109       |
|    clip_range           | 0.2         |
|    entropy_loss         | -15.3       |
|    explained_variance   | 0.00739     |
|    learning_rate        | 0.0003      |
|    loss                 | 1.36        |
|    n_updates            | 530         |
|    policy_gradient_loss | -0.0133     |
|    std                  | 0.87        |
|    value_loss           | 57.9        |
-----------------------------------------
-----------------------------------------
| rollout/                |             |
|    ep_len_mean          | 8.92e+03    |
|    ep_rew_mean          | -1.06e+03   |
| time/                   |             |
|    fps                  | 344         |
|    iterations           | 55          |
|    time_elapsed         | 326         |
|    total_timesteps      | 112640      |
| train/                  |             |
|    approx_kl            | 0.021591961 |
|    clip_fraction        | 0.172       |
|    clip_range           | 0.2         |
|    entropy_loss         | -15.3       |
|    explained_variance   | 0.646       |
|    learning_rate        | 0.0003      |
|    loss                 | 0.338       |
|    n_updates            | 540         |
|    policy_gradient_loss | -0.0132     |
|    std                  | 0.869       |
|    value_loss           | 1.67        |
-----------------------------------------
----------------------------------------
| rollout/                |            |
|    ep_len_mean          | 8.92e+03   |
|    ep_rew_mean          | -1.06e+03  |
| time/                   |            |
|    fps                  | 345        |
|    iterations           | 56         |
|    time_elapsed         | 332        |
|    total_timesteps      | 114688     |
| train/                  |            |
|    approx_kl            | 0.02279833 |
|    clip_fraction        | 0.235      |
|    clip_range           | 0.2        |
|    entropy_loss         | -15.3      |
|    explained_variance   | 0.71       |
|    learning_rate        | 0.0003     |
|    loss                 | 0.216      |
|    n_updates            | 550        |
|    policy_gradient_loss | -0.0117    |
|    std                  | 0.869      |
|    value_loss           | 0.872      |
----------------------------------------
-----------------------------------------
| rollout/                |             |
|    ep_len_mean          | 8.92e+03    |
|    ep_rew_mean          | -1.06e+03   |
| time/                   |             |
|    fps                  | 345         |
|    iterations           | 57          |
|    time_elapsed         | 337         |
|    total_timesteps      | 116736      |
| train/                  |             |
|    approx_kl            | 0.031998314 |
|    clip_fraction        | 0.307       |
|    clip_range           | 0.2         |
|    entropy_loss         | -15.3       |
|    explained_variance   | 0.625       |
|    learning_rate        | 0.0003      |
|    loss                 | 0.0603      |
|    n_updates            | 560         |
|    policy_gradient_loss | -0.0129     |
|    std                  | 0.871       |
|    value_loss           | 0.412       |
-----------------------------------------
-----------------------------------------
| rollout/                |             |
|    ep_len_mean          | 8.92e+03    |
|    ep_rew_mean          | -1.06e+03   |
| time/                   |             |
|    fps                  | 346         |
|    iterations           | 58          |
|    time_elapsed         | 343         |
|    total_timesteps      | 118784      |
| train/                  |             |
|    approx_kl            | 0.008181049 |
|    clip_fraction        | 0.153       |
|    clip_range           | 0.2         |
|    entropy_loss         | -15.3       |
|    explained_variance   | 0.018       |
|    learning_rate        | 0.0003      |
|    loss                 | 1.2         |
|    n_updates            | 570         |
|    policy_gradient_loss | -0.00505    |
|    std                  | 0.872       |
|    value_loss           | 60.8        |
-----------------------------------------
-----------------------------------------
| rollout/                |             |
|    ep_len_mean          | 8.92e+03    |
|    ep_rew_mean          | -1.06e+03   |
| time/                   |             |
|    fps                  | 346         |
|    iterations           | 59          |
|    time_elapsed         | 349         |
|    total_timesteps      | 120832      |
| train/                  |             |
|    approx_kl            | 0.023015846 |
|    clip_fraction        | 0.27        |
|    clip_range           | 0.2         |
|    entropy_loss         | -15.3       |
|    explained_variance   | 0.551       |
|    learning_rate        | 0.0003      |
|    loss                 | 0.213       |
|    n_updates            | 580         |
|    policy_gradient_loss | -0.0145     |
|    std                  | 0.872       |
|    value_loss           | 1.05        |
-----------------------------------------
-----------------------------------------
| rollout/                |             |
|    ep_len_mean          | 8.92e+03    |
|    ep_rew_mean          | -1.06e+03   |
| time/                   |             |
|    fps                  | 346         |
|    iterations           | 60          |
|    time_elapsed         | 354         |
|    total_timesteps      | 122880      |
| train/                  |             |
|    approx_kl            | 0.020767983 |
|    clip_fraction        | 0.272       |
|    clip_range           | 0.2         |
|    entropy_loss         | -15.3       |
|    explained_variance   | 0.668       |
|    learning_rate        | 0.0003      |
|    loss                 | 0.128       |
|    n_updates            | 590         |
|    policy_gradient_loss | -0.0136     |
|    std                  | 0.867       |
|    value_loss           | 0.358       |
-----------------------------------------
----------------------------------------
| rollout/                |            |
|    ep_len_mean          | 8.92e+03   |
|    ep_rew_mean          | -1.06e+03  |
| time/                   |            |
|    fps                  | 345        |
|    iterations           | 61         |
|    time_elapsed         | 361        |
|    total_timesteps      | 124928     |
| train/                  |            |
|    approx_kl            | 0.02432815 |
|    clip_fraction        | 0.24       |
|    clip_range           | 0.2        |
|    entropy_loss         | -15.3      |
|    explained_variance   | 0.791      |
|    learning_rate        | 0.0003     |
|    loss                 | 0.0564     |
|    n_updates            | 600        |
|    policy_gradient_loss | -0.0139    |
|    std                  | 0.87       |
|    value_loss           | 0.257      |
----------------------------------------
------------------------------------------
| rollout/                |              |
|    ep_len_mean          | 8.92e+03     |
|    ep_rew_mean          | -1.06e+03    |
| time/                   |              |
|    fps                  | 345          |
|    iterations           | 62           |
|    time_elapsed         | 367          |
|    total_timesteps      | 126976       |
| train/                  |              |
|    approx_kl            | 0.0061314562 |
|    clip_fraction        | 0.0969       |
|    clip_range           | 0.2          |
|    entropy_loss         | -15.3        |
|    explained_variance   | 0.0521       |
|    learning_rate        | 0.0003       |
|    loss                 | 12.7         |
|    n_updates            | 610          |
|    policy_gradient_loss | -0.00922     |
|    std                  | 0.871        |
|    value_loss           | 73.7         |
------------------------------------------
-----------------------------------------
| rollout/                |             |
|    ep_len_mean          | 8.92e+03    |
|    ep_rew_mean          | -1.06e+03   |
| time/                   |             |
|    fps                  | 345         |
|    iterations           | 63          |
|    time_elapsed         | 373         |
|    total_timesteps      | 129024      |
| train/                  |             |
|    approx_kl            | 0.014673818 |
|    clip_fraction        | 0.127       |
|    clip_range           | 0.2         |
|    entropy_loss         | -15.3       |
|    explained_variance   | 0.615       |
|    learning_rate        | 0.0003      |
|    loss                 | 0.655       |
|    n_updates            | 620         |
|    policy_gradient_loss | -0.0114     |
|    std                  | 0.87        |
|    value_loss           | 3.29        |
-----------------------------------------
-----------------------------------------
| rollout/                |             |
|    ep_len_mean          | 8.92e+03    |
|    ep_rew_mean          | -1.06e+03   |
| time/                   |             |
|    fps                  | 346         |
|    iterations           | 64          |
|    time_elapsed         | 378         |
|    total_timesteps      | 131072      |
| train/                  |             |
|    approx_kl            | 0.017050643 |
|    clip_fraction        | 0.19        |
|    clip_range           | 0.2         |
|    entropy_loss         | -15.3       |
|    explained_variance   | 0.72        |
|    learning_rate        | 0.0003      |
|    loss                 | 0.814       |
|    n_updates            | 630         |
|    policy_gradient_loss | -0.0144     |
|    std                  | 0.871       |
|    value_loss           | 2.15        |
-----------------------------------------
-----------------------------------------
| rollout/                |             |
|    ep_len_mean          | 8.92e+03    |
|    ep_rew_mean          | -1.06e+03   |
| time/                   |             |
|    fps                  | 346         |
|    iterations           | 65          |
|    time_elapsed         | 384         |
|    total_timesteps      | 133120      |
| train/                  |             |
|    approx_kl            | 0.029075028 |
|    clip_fraction        | 0.29        |
|    clip_range           | 0.2         |
|    entropy_loss         | -15.3       |
|    explained_variance   | 0.779       |
|    learning_rate        | 0.0003      |
|    loss                 | 0.257       |
|    n_updates            | 640         |
|    policy_gradient_loss | -0.0155     |
|    std                  | 0.868       |
|    value_loss           | 0.756       |
-----------------------------------------
-----------------------------------------
| rollout/                |             |
|    ep_len_mean          | 8.92e+03    |
|    ep_rew_mean          | -1.06e+03   |
| time/                   |             |
|    fps                  | 347         |
|    iterations           | 66          |
|    time_elapsed         | 389         |
|    total_timesteps      | 135168      |
| train/                  |             |
|    approx_kl            | 0.022337342 |
|    clip_fraction        | 0.256       |
|    clip_range           | 0.2         |
|    entropy_loss         | -15.2       |
|    explained_variance   | 0.684       |
|    learning_rate        | 0.0003      |
|    loss                 | 0.373       |
|    n_updates            | 650         |
|    policy_gradient_loss | -0.0131     |
|    std                  | 0.867       |
|    value_loss           | 0.77        |
-----------------------------------------
-----------------------------------------
| rollout/                |             |
|    ep_len_mean          | 8.92e+03    |
|    ep_rew_mean          | -1.06e+03   |
| time/                   |             |
|    fps                  | 347         |
|    iterations           | 67          |
|    time_elapsed         | 394         |
|    total_timesteps      | 137216      |
| train/                  |             |
|    approx_kl            | 0.009969847 |
|    clip_fraction        | 0.132       |
|    clip_range           | 0.2         |
|    entropy_loss         | -15.2       |
|    explained_variance   | 0.00665     |
|    learning_rate        | 0.0003      |
|    loss                 | 2.89        |
|    n_updates            | 660         |
|    policy_gradient_loss | -0.0109     |
|    std                  | 0.867       |
|    value_loss           | 80.1        |
-----------------------------------------
----------------------------------------
| rollout/                |            |
|    ep_len_mean          | 8.92e+03   |
|    ep_rew_mean          | -1.06e+03  |
| time/                   |            |
|    fps                  | 347        |
|    iterations           | 68         |
|    time_elapsed         | 400        |
|    total_timesteps      | 139264     |
| train/                  |            |
|    approx_kl            | 0.02717679 |
|    clip_fraction        | 0.249      |
|    clip_range           | 0.2        |
|    entropy_loss         | -15.2      |
|    explained_variance   | 0.599      |
|    learning_rate        | 0.0003     |
|    loss                 | 0.223      |
|    n_updates            | 670        |
|    policy_gradient_loss | -0.0129    |
|    std                  | 0.866      |
|    value_loss           | 1.46       |
----------------------------------------
-----------------------------------------
| rollout/                |             |
|    ep_len_mean          | 8.92e+03    |
|    ep_rew_mean          | -1.06e+03   |
| time/                   |             |
|    fps                  | 347         |
|    iterations           | 69          |
|    time_elapsed         | 407         |
|    total_timesteps      | 141312      |
| train/                  |             |
|    approx_kl            | 0.021007862 |
|    clip_fraction        | 0.275       |
|    clip_range           | 0.2         |
|    entropy_loss         | -15.2       |
|    explained_variance   | 0.678       |
|    learning_rate        | 0.0003      |
|    loss                 | 0.244       |
|    n_updates            | 680         |
|    policy_gradient_loss | -0.0178     |
|    std                  | 0.866       |
|    value_loss           | 0.722       |
-----------------------------------------
-----------------------------------------
| rollout/                |             |
|    ep_len_mean          | 8.92e+03    |
|    ep_rew_mean          | -1.06e+03   |
| time/                   |             |
|    fps                  | 347         |
|    iterations           | 70          |
|    time_elapsed         | 412         |
|    total_timesteps      | 143360      |
| train/                  |             |
|    approx_kl            | 0.031720452 |
|    clip_fraction        | 0.309       |
|    clip_range           | 0.2         |
|    entropy_loss         | -15.2       |
|    explained_variance   | 0.592       |
|    learning_rate        | 0.0003      |
|    loss                 | 0.0752      |
|    n_updates            | 690         |
|    policy_gradient_loss | -0.013      |
|    std                  | 0.864       |
|    value_loss           | 0.433       |
-----------------------------------------
-----------------------------------------
| rollout/                |             |
|    ep_len_mean          | 8.92e+03    |
|    ep_rew_mean          | -1.06e+03   |
| time/                   |             |
|    fps                  | 346         |
|    iterations           | 71          |
|    time_elapsed         | 419         |
|    total_timesteps      | 145408      |
| train/                  |             |
|    approx_kl            | 0.013646506 |
|    clip_fraction        | 0.147       |
|    clip_range           | 0.2         |
|    entropy_loss         | -15.2       |
|    explained_variance   | -0.0125     |
|    learning_rate        | 0.0003      |
|    loss                 | 135         |
|    n_updates            | 700         |
|    policy_gradient_loss | -0.00422    |
|    std                  | 0.864       |
|    value_loss           | 78.3        |
-----------------------------------------
----------------------------------------
| rollout/                |            |
|    ep_len_mean          | 8.92e+03   |
|    ep_rew_mean          | -1.06e+03  |
| time/                   |            |
|    fps                  | 344        |
|    iterations           | 72         |
|    time_elapsed         | 427        |
|    total_timesteps      | 147456     |
| train/                  |            |
|    approx_kl            | 0.02571412 |
|    clip_fraction        | 0.313      |
|    clip_range           | 0.2        |
|    entropy_loss         | -15.2      |
|    explained_variance   | 0.598      |
|    learning_rate        | 0.0003     |
|    loss                 | 0.026      |
|    n_updates            | 710        |
|    policy_gradient_loss | -0.0114    |
|    std                  | 0.864      |
|    value_loss           | 0.407      |
----------------------------------------
----------------------------------------
| rollout/                |            |
|    ep_len_mean          | 8.92e+03   |
|    ep_rew_mean          | -1.06e+03  |
| time/                   |            |
|    fps                  | 344        |
|    iterations           | 73         |
|    time_elapsed         | 434        |
|    total_timesteps      | 149504     |
| train/                  |            |
|    approx_kl            | 0.02409876 |
|    clip_fraction        | 0.282      |
|    clip_range           | 0.2        |
|    entropy_loss         | -15.2      |
|    explained_variance   | 0.566      |
|    learning_rate        | 0.0003     |
|    loss                 | 0.0883     |
|    n_updates            | 720        |
|    policy_gradient_loss | -0.0134    |
|    std                  | 0.863      |
|    value_loss           | 0.304      |
----------------------------------------
----------------------------------------
| rollout/                |            |
|    ep_len_mean          | 8.92e+03   |
|    ep_rew_mean          | -1.06e+03  |
| time/                   |            |
|    fps                  | 344        |
|    iterations           | 74         |
|    time_elapsed         | 440        |
|    total_timesteps      | 151552     |
| train/                  |            |
|    approx_kl            | 0.02434332 |
|    clip_fraction        | 0.27       |
|    clip_range           | 0.2        |
|    entropy_loss         | -15.1      |
|    explained_variance   | 0.744      |
|    learning_rate        | 0.0003     |
|    loss                 | -0.0159    |
|    n_updates            | 730        |
|    policy_gradient_loss | -0.0143    |
|    std                  | 0.855      |
|    value_loss           | 0.253      |
----------------------------------------
-----------------------------------------
| rollout/                |             |
|    ep_len_mean          | 8.92e+03    |
|    ep_rew_mean          | -1.06e+03   |
| time/                   |             |
|    fps                  | 344         |
|    iterations           | 75          |
|    time_elapsed         | 446         |
|    total_timesteps      | 153600      |
| train/                  |             |
|    approx_kl            | 0.020881124 |
|    clip_fraction        | 0.233       |
|    clip_range           | 0.2         |
|    entropy_loss         | -15         |
|    explained_variance   | 0.799       |
|    learning_rate        | 0.0003      |
|    loss                 | 0.000913    |
|    n_updates            | 740         |
|    policy_gradient_loss | -0.0113     |
|    std                  | 0.851       |
|    value_loss           | 0.238       |
-----------------------------------------
-----------------------------------------
| rollout/                |             |
|    ep_len_mean          | 8.92e+03    |
|    ep_rew_mean          | -1.06e+03   |
| time/                   |             |
|    fps                  | 344         |
|    iterations           | 76          |
|    time_elapsed         | 452         |
|    total_timesteps      | 155648      |
| train/                  |             |
|    approx_kl            | 0.009833407 |
|    clip_fraction        | 0.127       |
|    clip_range           | 0.2         |
|    entropy_loss         | -15         |
|    explained_variance   | 0.0126      |
|    learning_rate        | 0.0003      |
|    loss                 | 3.98        |
|    n_updates            | 750         |
|    policy_gradient_loss | -0.00579    |
|    std                  | 0.85        |
|    value_loss           | 60.9        |
-----------------------------------------
-----------------------------------------
| rollout/                |             |
|    ep_len_mean          | 8.92e+03    |
|    ep_rew_mean          | -1.06e+03   |
| time/                   |             |
|    fps                  | 343         |
|    iterations           | 77          |
|    time_elapsed         | 459         |
|    total_timesteps      | 157696      |
| train/                  |             |
|    approx_kl            | 0.019794147 |
|    clip_fraction        | 0.222       |
|    clip_range           | 0.2         |
|    entropy_loss         | -15         |
|    explained_variance   | 0.805       |
|    learning_rate        | 0.0003      |
|    loss                 | 0.229       |
|    n_updates            | 760         |
|    policy_gradient_loss | -0.0126     |
|    std                  | 0.848       |
|    value_loss           | 0.722       |
-----------------------------------------
-----------------------------------------
| rollout/                |             |
|    ep_len_mean          | 8.92e+03    |
|    ep_rew_mean          | -1.06e+03   |
| time/                   |             |
|    fps                  | 343         |
|    iterations           | 78          |
|    time_elapsed         | 465         |
|    total_timesteps      | 159744      |
| train/                  |             |
|    approx_kl            | 0.024376318 |
|    clip_fraction        | 0.27        |
|    clip_range           | 0.2         |
|    entropy_loss         | -14.9       |
|    explained_variance   | 0.661       |
|    learning_rate        | 0.0003      |
|    loss                 | 0.111       |
|    n_updates            | 770         |
|    policy_gradient_loss | -0.0127     |
|    std                  | 0.849       |
|    value_loss           | 0.422       |
-----------------------------------------
-----------------------------------------
| rollout/                |             |
|    ep_len_mean          | 8.92e+03    |
|    ep_rew_mean          | -1.06e+03   |
| time/                   |             |
|    fps                  | 343         |
|    iterations           | 79          |
|    time_elapsed         | 471         |
|    total_timesteps      | 161792      |
| train/                  |             |
|    approx_kl            | 0.025770005 |
|    clip_fraction        | 0.3         |
|    clip_range           | 0.2         |
|    entropy_loss         | -14.9       |
|    explained_variance   | 0.755       |
|    learning_rate        | 0.0003      |
|    loss                 | 0.0187      |
|    n_updates            | 780         |
|    policy_gradient_loss | -0.0164     |
|    std                  | 0.848       |
|    value_loss           | 0.319       |
-----------------------------------------
------------------------------------------
| rollout/                |              |
|    ep_len_mean          | 8.92e+03     |
|    ep_rew_mean          | -1.06e+03    |
| time/                   |              |
|    fps                  | 343          |
|    iterations           | 80           |
|    time_elapsed         | 477          |
|    total_timesteps      | 163840       |
| train/                  |              |
|    approx_kl            | 0.0064457105 |
|    clip_fraction        | 0.0845       |
|    clip_range           | 0.2          |
|    entropy_loss         | -14.9        |
|    explained_variance   | 0.205        |
|    learning_rate        | 0.0003       |
|    loss                 | 4.26         |
|    n_updates            | 790          |
|    policy_gradient_loss | -0.00247     |
|    std                  | 0.848        |
|    value_loss           | 115          |
------------------------------------------
----------------------------------------
| rollout/                |            |
|    ep_len_mean          | 8.92e+03   |
|    ep_rew_mean          | -1.06e+03  |
| time/                   |            |
|    fps                  | 343        |
|    iterations           | 81         |
|    time_elapsed         | 482        |
|    total_timesteps      | 165888     |
| train/                  |            |
|    approx_kl            | 0.01751785 |
|    clip_fraction        | 0.176      |
|    clip_range           | 0.2        |
|    entropy_loss         | -14.9      |
|    explained_variance   | 0.777      |
|    learning_rate        | 0.0003     |
|    loss                 | 0.674      |
|    n_updates            | 800        |
|    policy_gradient_loss | -0.0179    |
|    std                  | 0.845      |
|    value_loss           | 1.45       |
----------------------------------------
-----------------------------------------
| rollout/                |             |
|    ep_len_mean          | 8.92e+03    |
|    ep_rew_mean          | -1.06e+03   |
| time/                   |             |
|    fps                  | 343         |
|    iterations           | 82          |
|    time_elapsed         | 488         |
|    total_timesteps      | 167936      |
| train/                  |             |
|    approx_kl            | 0.021309596 |
|    clip_fraction        | 0.191       |
|    clip_range           | 0.2         |
|    entropy_loss         | -14.9       |
|    explained_variance   | 0.808       |
|    learning_rate        | 0.0003      |
|    loss                 | 0.172       |
|    n_updates            | 810         |
|    policy_gradient_loss | -0.0166     |
|    std                  | 0.846       |
|    value_loss           | 0.834       |
-----------------------------------------
-----------------------------------------
| rollout/                |             |
|    ep_len_mean          | 8.92e+03    |
|    ep_rew_mean          | -1.06e+03   |
| time/                   |             |
|    fps                  | 343         |
|    iterations           | 83          |
|    time_elapsed         | 495         |
|    total_timesteps      | 169984      |
| train/                  |             |
|    approx_kl            | 0.021868771 |
|    clip_fraction        | 0.23        |
|    clip_range           | 0.2         |
|    entropy_loss         | -14.9       |
|    explained_variance   | 0.811       |
|    learning_rate        | 0.0003      |
|    loss                 | 0.328       |
|    n_updates            | 820         |
|    policy_gradient_loss | -0.0157     |
|    std                  | 0.847       |
|    value_loss           | 0.862       |
-----------------------------------------
------------------------------------------
| rollout/                |              |
|    ep_len_mean          | 8.92e+03     |
|    ep_rew_mean          | -1.06e+03    |
| time/                   |              |
|    fps                  | 343          |
|    iterations           | 84           |
|    time_elapsed         | 500          |
|    total_timesteps      | 172032       |
| train/                  |              |
|    approx_kl            | 0.0070270854 |
|    clip_fraction        | 0.0934       |
|    clip_range           | 0.2          |
|    entropy_loss         | -14.9        |
|    explained_variance   | 0.173        |
|    learning_rate        | 0.0003       |
|    loss                 | 16.6         |
|    n_updates            | 830          |
|    policy_gradient_loss | -0.00845     |
|    std                  | 0.847        |
|    value_loss           | 106          |
------------------------------------------
----------------------------------------
| rollout/                |            |
|    ep_len_mean          | 8.92e+03   |
|    ep_rew_mean          | -1.06e+03  |
| time/                   |            |
|    fps                  | 343        |
|    iterations           | 85         |
|    time_elapsed         | 507        |
|    total_timesteps      | 174080     |
| train/                  |            |
|    approx_kl            | 0.03200811 |
|    clip_fraction        | 0.262      |
|    clip_range           | 0.2        |
|    entropy_loss         | -14.9      |
|    explained_variance   | 0.724      |
|    learning_rate        | 0.0003     |
|    loss                 | 0.198      |
|    n_updates            | 840        |
|    policy_gradient_loss | -0.00925   |
|    std                  | 0.844      |
|    value_loss           | 0.954      |
----------------------------------------
-----------------------------------------
| rollout/                |             |
|    ep_len_mean          | 8.92e+03    |
|    ep_rew_mean          | -1.06e+03   |
| time/                   |             |
|    fps                  | 343         |
|    iterations           | 86          |
|    time_elapsed         | 513         |
|    total_timesteps      | 176128      |
| train/                  |             |
|    approx_kl            | 0.020100828 |
|    clip_fraction        | 0.225       |
|    clip_range           | 0.2         |
|    entropy_loss         | -14.9       |
|    explained_variance   | 0.763       |
|    learning_rate        | 0.0003      |
|    loss                 | 0.162       |
|    n_updates            | 850         |
|    policy_gradient_loss | -0.012      |
|    std                  | 0.842       |
|    value_loss           | 0.946       |
-----------------------------------------
----------------------------------------
| rollout/                |            |
|    ep_len_mean          | 8.92e+03   |
|    ep_rew_mean          | -1.06e+03  |
| time/                   |            |
|    fps                  | 343        |
|    iterations           | 87         |
|    time_elapsed         | 518        |
|    total_timesteps      | 178176     |
| train/                  |            |
|    approx_kl            | 0.02061699 |
|    clip_fraction        | 0.223      |
|    clip_range           | 0.2        |
|    entropy_loss         | -14.8      |
|    explained_variance   | 0.736      |
|    learning_rate        | 0.0003     |
|    loss                 | 0.0869     |
|    n_updates            | 860        |
|    policy_gradient_loss | -0.0159    |
|    std                  | 0.844      |
|    value_loss           | 0.592      |
----------------------------------------
----------------------------------------
| rollout/                |            |
|    ep_len_mean          | 8.92e+03   |
|    ep_rew_mean          | -1.05e+03  |
| time/                   |            |
|    fps                  | 343        |
|    iterations           | 88         |
|    time_elapsed         | 524        |
|    total_timesteps      | 180224     |
| train/                  |            |
|    approx_kl            | 0.02193096 |
|    clip_fraction        | 0.25       |
|    clip_range           | 0.2        |
|    entropy_loss         | -14.9      |
|    explained_variance   | 0.723      |
|    learning_rate        | 0.0003     |
|    loss                 | 0.00159    |
|    n_updates            | 870        |
|    policy_gradient_loss | -0.0124    |
|    std                  | 0.844      |
|    value_loss           | 0.354      |
----------------------------------------
----------------------------------------
| rollout/                |            |
|    ep_len_mean          | 8.92e+03   |
|    ep_rew_mean          | -1.05e+03  |
| time/                   |            |
|    fps                  | 344        |
|    iterations           | 89         |
|    time_elapsed         | 528        |
|    total_timesteps      | 182272     |
| train/                  |            |
|    approx_kl            | 0.01001235 |
|    clip_fraction        | 0.0822     |
|    clip_range           | 0.2        |
|    entropy_loss         | -14.9      |
|    explained_variance   | 0.00279    |
|    learning_rate        | 0.0003     |
|    loss                 | 14.3       |
|    n_updates            | 880        |
|    policy_gradient_loss | -0.00647   |
|    std                  | 0.845      |
|    value_loss           | 65.6       |
----------------------------------------
-----------------------------------------
| rollout/                |             |
|    ep_len_mean          | 8.92e+03    |
|    ep_rew_mean          | -1.05e+03   |
| time/                   |             |
|    fps                  | 345         |
|    iterations           | 90          |
|    time_elapsed         | 533         |
|    total_timesteps      | 184320      |
| train/                  |             |
|    approx_kl            | 0.024296338 |
|    clip_fraction        | 0.276       |
|    clip_range           | 0.2         |
|    entropy_loss         | -14.8       |
|    explained_variance   | 0.686       |
|    learning_rate        | 0.0003      |
|    loss                 | 0.0531      |
|    n_updates            | 890         |
|    policy_gradient_loss | -0.0159     |
|    std                  | 0.842       |
|    value_loss           | 0.383       |
-----------------------------------------
-----------------------------------------
| rollout/                |             |
|    ep_len_mean          | 8.92e+03    |
|    ep_rew_mean          | -1.05e+03   |
| time/                   |             |
|    fps                  | 345         |
|    iterations           | 91          |
|    time_elapsed         | 539         |
|    total_timesteps      | 186368      |
| train/                  |             |
|    approx_kl            | 0.024936166 |
|    clip_fraction        | 0.261       |
|    clip_range           | 0.2         |
|    entropy_loss         | -14.8       |
|    explained_variance   | 0.686       |
|    learning_rate        | 0.0003      |
|    loss                 | 0.00821     |
|    n_updates            | 900         |
|    policy_gradient_loss | -0.0163     |
|    std                  | 0.84        |
|    value_loss           | 0.297       |
-----------------------------------------
----------------------------------------
| rollout/                |            |
|    ep_len_mean          | 8.92e+03   |
|    ep_rew_mean          | -1.05e+03  |
| time/                   |            |
|    fps                  | 346        |
|    iterations           | 92         |
|    time_elapsed         | 544        |
|    total_timesteps      | 188416     |
| train/                  |            |
|    approx_kl            | 0.02417923 |
|    clip_fraction        | 0.257      |
|    clip_range           | 0.2        |
|    entropy_loss         | -14.8      |
|    explained_variance   | 0.685      |
|    learning_rate        | 0.0003     |
|    loss                 | 0.0365     |
|    n_updates            | 910        |
|    policy_gradient_loss | -0.00959   |
|    std                  | 0.84       |
|    value_loss           | 0.29       |
----------------------------------------
------------------------------------------
| rollout/                |              |
|    ep_len_mean          | 8.92e+03     |
|    ep_rew_mean          | -1.05e+03    |
| time/                   |              |
|    fps                  | 345          |
|    iterations           | 93           |
|    time_elapsed         | 550          |
|    total_timesteps      | 190464       |
| train/                  |              |
|    approx_kl            | 0.0051515345 |
|    clip_fraction        | 0.0465       |
|    clip_range           | 0.2          |
|    entropy_loss         | -14.8        |
|    explained_variance   | -0.0134      |
|    learning_rate        | 0.0003       |
|    loss                 | 242          |
|    n_updates            | 920          |
|    policy_gradient_loss | -0.00543     |
|    std                  | 0.839        |
|    value_loss           | 125          |
------------------------------------------
-----------------------------------------
| rollout/                |             |
|    ep_len_mean          | 8.92e+03    |
|    ep_rew_mean          | -1.05e+03   |
| time/                   |             |
|    fps                  | 345         |
|    iterations           | 94          |
|    time_elapsed         | 557         |
|    total_timesteps      | 192512      |
| train/                  |             |
|    approx_kl            | 0.023562923 |
|    clip_fraction        | 0.237       |
|    clip_range           | 0.2         |
|    entropy_loss         | -14.8       |
|    explained_variance   | 0.117       |
|    learning_rate        | 0.0003      |
|    loss                 | 0.0204      |
|    n_updates            | 930         |
|    policy_gradient_loss | -0.0128     |
|    std                  | 0.841       |
|    value_loss           | 0.606       |
-----------------------------------------
-----------------------------------------
| rollout/                |             |
|    ep_len_mean          | 8.92e+03    |
|    ep_rew_mean          | -1.05e+03   |
| time/                   |             |
|    fps                  | 346         |
|    iterations           | 95          |
|    time_elapsed         | 562         |
|    total_timesteps      | 194560      |
| train/                  |             |
|    approx_kl            | 0.021804614 |
|    clip_fraction        | 0.252       |
|    clip_range           | 0.2         |
|    entropy_loss         | -14.7       |
|    explained_variance   | 0.633       |
|    learning_rate        | 0.0003      |
|    loss                 | -0.00322    |
|    n_updates            | 940         |
|    policy_gradient_loss | -0.012      |
|    std                  | 0.834       |
|    value_loss           | 0.286       |
-----------------------------------------
-----------------------------------------
| rollout/                |             |
|    ep_len_mean          | 8.92e+03    |
|    ep_rew_mean          | -1.05e+03   |
| time/                   |             |
|    fps                  | 346         |
|    iterations           | 96          |
|    time_elapsed         | 566         |
|    total_timesteps      | 196608      |
| train/                  |             |
|    approx_kl            | 0.021129638 |
|    clip_fraction        | 0.234       |
|    clip_range           | 0.2         |
|    entropy_loss         | -14.7       |
|    explained_variance   | 0.706       |
|    learning_rate        | 0.0003      |
|    loss                 | 0.074       |
|    n_updates            | 950         |
|    policy_gradient_loss | -0.0131     |
|    std                  | 0.834       |
|    value_loss           | 0.287       |
-----------------------------------------
------------------------------------------
| rollout/                |              |
|    ep_len_mean          | 8.92e+03     |
|    ep_rew_mean          | -1.05e+03    |
| time/                   |              |
|    fps                  | 347          |
|    iterations           | 97           |
|    time_elapsed         | 572          |
|    total_timesteps      | 198656       |
| train/                  |              |
|    approx_kl            | 0.0068572164 |
|    clip_fraction        | 0.137        |
|    clip_range           | 0.2          |
|    entropy_loss         | -14.7        |
|    explained_variance   | 0.00507      |
|    learning_rate        | 0.0003       |
|    loss                 | 6.06         |
|    n_updates            | 960          |
|    policy_gradient_loss | -0.0045      |
|    std                  | 0.834        |
|    value_loss           | 122          |
------------------------------------------
------------------------------------------
| rollout/                |              |
|    ep_len_mean          | 8.92e+03     |
|    ep_rew_mean          | -1.05e+03    |
| time/                   |              |
|    fps                  | 347          |
|    iterations           | 98           |
|    time_elapsed         | 577          |
|    total_timesteps      | 200704       |
| train/                  |              |
|    approx_kl            | 0.0104342215 |
|    clip_fraction        | 0.0986       |
|    clip_range           | 0.2          |
|    entropy_loss         | -14.7        |
|    explained_variance   | 0.452        |
|    learning_rate        | 0.0003       |
|    loss                 | 1.35         |
|    n_updates            | 970          |
|    policy_gradient_loss | -0.0113      |
|    std                  | 0.833        |
|    value_loss           | 6.43         |
------------------------------------------
-----------------------------------------
| rollout/                |             |
|    ep_len_mean          | 8.92e+03    |
|    ep_rew_mean          | -1.05e+03   |
| time/                   |             |
|    fps                  | 347         |
|    iterations           | 99          |
|    time_elapsed         | 583         |
|    total_timesteps      | 202752      |
| train/                  |             |
|    approx_kl            | 0.009348379 |
|    clip_fraction        | 0.075       |
|    clip_range           | 0.2         |
|    entropy_loss         | -14.7       |
|    explained_variance   | 0.669       |
|    learning_rate        | 0.0003      |
|    loss                 | 1.75        |
|    n_updates            | 980         |
|    policy_gradient_loss | -0.0126     |
|    std                  | 0.834       |
|    value_loss           | 6.06        |
-----------------------------------------
-----------------------------------------
| rollout/                |             |
|    ep_len_mean          | 8.92e+03    |
|    ep_rew_mean          | -1.05e+03   |
| time/                   |             |
|    fps                  | 348         |
|    iterations           | 100         |
|    time_elapsed         | 588         |
|    total_timesteps      | 204800      |
| train/                  |             |
|    approx_kl            | 0.029930495 |
|    clip_fraction        | 0.231       |
|    clip_range           | 0.2         |
|    entropy_loss         | -14.7       |
|    explained_variance   | 0.768       |
|    learning_rate        | 0.0003      |
|    loss                 | 0.303       |
|    n_updates            | 990         |
|    policy_gradient_loss | -0.0087     |
|    std                  | 0.832       |
|    value_loss           | 1.22        |
-----------------------------------------
-----------------------------------------
| rollout/                |             |
|    ep_len_mean          | 8.92e+03    |
|    ep_rew_mean          | -1.05e+03   |
| time/                   |             |
|    fps                  | 348         |
|    iterations           | 101         |
|    time_elapsed         | 593         |
|    total_timesteps      | 206848      |
| train/                  |             |
|    approx_kl            | 0.030952213 |
|    clip_fraction        | 0.308       |
|    clip_range           | 0.2         |
|    entropy_loss         | -14.7       |
|    explained_variance   | 0.683       |
|    learning_rate        | 0.0003      |
|    loss                 | 0.115       |
|    n_updates            | 1000        |
|    policy_gradient_loss | -0.0116     |
|    std                  | 0.831       |
|    value_loss           | 0.551       |
-----------------------------------------
------------------------------------------
| rollout/                |              |
|    ep_len_mean          | 8.92e+03     |
|    ep_rew_mean          | -1.05e+03    |
| time/                   |              |
|    fps                  | 349          |
|    iterations           | 102          |
|    time_elapsed         | 598          |
|    total_timesteps      | 208896       |
| train/                  |              |
|    approx_kl            | 0.0146202855 |
|    clip_fraction        | 0.0878       |
|    clip_range           | 0.2          |
|    entropy_loss         | -14.6        |
|    explained_variance   | 0.0622       |
|    learning_rate        | 0.0003       |
|    loss                 | 2.17         |
|    n_updates            | 1010         |
|    policy_gradient_loss | -0.00606     |
|    std                  | 0.831        |
|    value_loss           | 124          |
------------------------------------------
-----------------------------------------
| rollout/                |             |
|    ep_len_mean          | 8.92e+03    |
|    ep_rew_mean          | -1.05e+03   |
| time/                   |             |
|    fps                  | 349         |
|    iterations           | 103         |
|    time_elapsed         | 603         |
|    total_timesteps      | 210944      |
| train/                  |             |
|    approx_kl            | 0.028035717 |
|    clip_fraction        | 0.309       |
|    clip_range           | 0.2         |
|    entropy_loss         | -14.7       |
|    explained_variance   | 0.72        |
|    learning_rate        | 0.0003      |
|    loss                 | 0.0514      |
|    n_updates            | 1020        |
|    policy_gradient_loss | -0.0137     |
|    std                  | 0.832       |
|    value_loss           | 0.565       |
-----------------------------------------
----------------------------------------
| rollout/                |            |
|    ep_len_mean          | 8.92e+03   |
|    ep_rew_mean          | -1.05e+03  |
| time/                   |            |
|    fps                  | 350        |
|    iterations           | 104        |
|    time_elapsed         | 608        |
|    total_timesteps      | 212992     |
| train/                  |            |
|    approx_kl            | 0.02250493 |
|    clip_fraction        | 0.277      |
|    clip_range           | 0.2        |
|    entropy_loss         | -14.7      |
|    explained_variance   | 0.693      |
|    learning_rate        | 0.0003     |
|    loss                 | 0.138      |
|    n_updates            | 1030       |
|    policy_gradient_loss | -0.0139    |
|    std                  | 0.832      |
|    value_loss           | 0.471      |
----------------------------------------
-----------------------------------------
| rollout/                |             |
|    ep_len_mean          | 8.92e+03    |
|    ep_rew_mean          | -1.05e+03   |
| time/                   |             |
|    fps                  | 350         |
|    iterations           | 105         |
|    time_elapsed         | 613         |
|    total_timesteps      | 215040      |
| train/                  |             |
|    approx_kl            | 0.024274781 |
|    clip_fraction        | 0.307       |
|    clip_range           | 0.2         |
|    entropy_loss         | -14.6       |
|    explained_variance   | 0.632       |
|    learning_rate        | 0.0003      |
|    loss                 | 0.0296      |
|    n_updates            | 1040        |
|    policy_gradient_loss | -0.0111     |
|    std                  | 0.832       |
|    value_loss           | 0.388       |
-----------------------------------------
-----------------------------------------
| rollout/                |             |
|    ep_len_mean          | 8.92e+03    |
|    ep_rew_mean          | -1.05e+03   |
| time/                   |             |
|    fps                  | 350         |
|    iterations           | 106         |
|    time_elapsed         | 618         |
|    total_timesteps      | 217088      |
| train/                  |             |
|    approx_kl            | 0.004696374 |
|    clip_fraction        | 0.0881      |
|    clip_range           | 0.2         |
|    entropy_loss         | -14.6       |
|    explained_variance   | -0.00433    |
|    learning_rate        | 0.0003      |
|    loss                 | 5.99        |
|    n_updates            | 1050        |
|    policy_gradient_loss | -0.000727   |
|    std                  | 0.832       |
|    value_loss           | 182         |
-----------------------------------------
-----------------------------------------
| rollout/                |             |
|    ep_len_mean          | 8.92e+03    |
|    ep_rew_mean          | -1.05e+03   |
| time/                   |             |
|    fps                  | 351         |
|    iterations           | 107         |
|    time_elapsed         | 623         |
|    total_timesteps      | 219136      |
| train/                  |             |
|    approx_kl            | 0.035735443 |
|    clip_fraction        | 0.297       |
|    clip_range           | 0.2         |
|    entropy_loss         | -14.6       |
|    explained_variance   | 0.575       |
|    learning_rate        | 0.0003      |
|    loss                 | 0.0484      |
|    n_updates            | 1060        |
|    policy_gradient_loss | -0.0143     |
|    std                  | 0.831       |
|    value_loss           | 0.448       |
-----------------------------------------
-----------------------------------------
| rollout/                |             |
|    ep_len_mean          | 8.92e+03    |
|    ep_rew_mean          | -1.05e+03   |
| time/                   |             |
|    fps                  | 351         |
|    iterations           | 108         |
|    time_elapsed         | 628         |
|    total_timesteps      | 221184      |
| train/                  |             |
|    approx_kl            | 0.028720092 |
|    clip_fraction        | 0.299       |
|    clip_range           | 0.2         |
|    entropy_loss         | -14.6       |
|    explained_variance   | 0.627       |
|    learning_rate        | 0.0003      |
|    loss                 | 0.0369      |
|    n_updates            | 1070        |
|    policy_gradient_loss | -0.0172     |
|    std                  | 0.829       |
|    value_loss           | 0.319       |
-----------------------------------------
-----------------------------------------
| rollout/                |             |
|    ep_len_mean          | 8.92e+03    |
|    ep_rew_mean          | -1.05e+03   |
| time/                   |             |
|    fps                  | 351         |
|    iterations           | 109         |
|    time_elapsed         | 634         |
|    total_timesteps      | 223232      |
| train/                  |             |
|    approx_kl            | 0.021700136 |
|    clip_fraction        | 0.261       |
|    clip_range           | 0.2         |
|    entropy_loss         | -14.6       |
|    explained_variance   | 0.378       |
|    learning_rate        | 0.0003      |
|    loss                 | 0.00672     |
|    n_updates            | 1080        |
|    policy_gradient_loss | -0.0108     |
|    std                  | 0.83        |
|    value_loss           | 0.282       |
-----------------------------------------
----------------------------------------
| rollout/                |            |
|    ep_len_mean          | 8.92e+03   |
|    ep_rew_mean          | -1.05e+03  |
| time/                   |            |
|    fps                  | 352        |
|    iterations           | 110        |
|    time_elapsed         | 639        |
|    total_timesteps      | 225280     |
| train/                  |            |
|    approx_kl            | 0.00831791 |
|    clip_fraction        | 0.117      |
|    clip_range           | 0.2        |
|    entropy_loss         | -14.6      |
|    explained_variance   | -0.00177   |
|    learning_rate        | 0.0003     |
|    loss                 | 263        |
|    n_updates            | 1090       |
|    policy_gradient_loss | -0.0102    |
|    std                  | 0.83       |
|    value_loss           | 184        |
----------------------------------------
-----------------------------------------
| rollout/                |             |
|    ep_len_mean          | 8.92e+03    |
|    ep_rew_mean          | -1.05e+03   |
| time/                   |             |
|    fps                  | 352         |
|    iterations           | 111         |
|    time_elapsed         | 644         |
|    total_timesteps      | 227328      |
| train/                  |             |
|    approx_kl            | 0.008282047 |
|    clip_fraction        | 0.0515      |
|    clip_range           | 0.2         |
|    entropy_loss         | -14.6       |
|    explained_variance   | 0.537       |
|    learning_rate        | 0.0003      |
|    loss                 | 3.03        |
|    n_updates            | 1100        |
|    policy_gradient_loss | -0.00619    |
|    std                  | 0.83        |
|    value_loss           | 20.4        |
-----------------------------------------
------------------------------------------
| rollout/                |              |
|    ep_len_mean          | 8.92e+03     |
|    ep_rew_mean          | -1.05e+03    |
| time/                   |              |
|    fps                  | 353          |
|    iterations           | 112          |
|    time_elapsed         | 649          |
|    total_timesteps      | 229376       |
| train/                  |              |
|    approx_kl            | 0.0065547233 |
|    clip_fraction        | 0.0644       |
|    clip_range           | 0.2          |
|    entropy_loss         | -14.6        |
|    explained_variance   | 0.665        |
|    learning_rate        | 0.0003       |
|    loss                 | 6.24         |
|    n_updates            | 1110         |
|    policy_gradient_loss | -0.0116      |
|    std                  | 0.829        |
|    value_loss           | 18           |
------------------------------------------
------------------------------------------
| rollout/                |              |
|    ep_len_mean          | 8.92e+03     |
|    ep_rew_mean          | -1.05e+03    |
| time/                   |              |
|    fps                  | 353          |
|    iterations           | 113          |
|    time_elapsed         | 654          |
|    total_timesteps      | 231424       |
| train/                  |              |
|    approx_kl            | 0.0101104025 |
|    clip_fraction        | 0.119        |
|    clip_range           | 0.2          |
|    entropy_loss         | -14.6        |
|    explained_variance   | 0.693        |
|    learning_rate        | 0.0003       |
|    loss                 | 1.27         |
|    n_updates            | 1120         |
|    policy_gradient_loss | -0.00751     |
|    std                  | 0.83         |
|    value_loss           | 4.34         |
------------------------------------------
----------------------------------------
| rollout/                |            |
|    ep_len_mean          | 8.92e+03   |
|    ep_rew_mean          | -1.05e+03  |
| time/                   |            |
|    fps                  | 354        |
|    iterations           | 114        |
|    time_elapsed         | 658        |
|    total_timesteps      | 233472     |
| train/                  |            |
|    approx_kl            | 0.01720847 |
|    clip_fraction        | 0.158      |
|    clip_range           | 0.2        |
|    entropy_loss         | -14.6      |
|    explained_variance   | 0.665      |
|    learning_rate        | 0.0003     |
|    loss                 | 0.76       |
|    n_updates            | 1130       |
|    policy_gradient_loss | -0.015     |
|    std                  | 0.828      |
|    value_loss           | 3.36       |
----------------------------------------
------------------------------------------
| rollout/                |              |
|    ep_len_mean          | 8.92e+03     |
|    ep_rew_mean          | -1.05e+03    |
| time/                   |              |
|    fps                  | 354          |
|    iterations           | 115          |
|    time_elapsed         | 663          |
|    total_timesteps      | 235520       |
| train/                  |              |
|    approx_kl            | 0.0074417144 |
|    clip_fraction        | 0.0591       |
|    clip_range           | 0.2          |
|    entropy_loss         | -14.6        |
|    explained_variance   | 0.0452       |
|    learning_rate        | 0.0003       |
|    loss                 | 8.6          |
|    n_updates            | 1140         |
|    policy_gradient_loss | -0.0092      |
|    std                  | 0.828        |
|    value_loss           | 268          |
------------------------------------------
-----------------------------------------
| rollout/                |             |
|    ep_len_mean          | 8.92e+03    |
|    ep_rew_mean          | -1.05e+03   |
| time/                   |             |
|    fps                  | 355         |
|    iterations           | 116         |
|    time_elapsed         | 668         |
|    total_timesteps      | 237568      |
| train/                  |             |
|    approx_kl            | 0.011357642 |
|    clip_fraction        | 0.121       |
|    clip_range           | 0.2         |
|    entropy_loss         | -14.6       |
|    explained_variance   | 0.763       |
|    learning_rate        | 0.0003      |
|    loss                 | 1.45        |
|    n_updates            | 1150        |
|    policy_gradient_loss | -0.0115     |
|    std                  | 0.827       |
|    value_loss           | 5.83        |
-----------------------------------------
-----------------------------------------
| rollout/                |             |
|    ep_len_mean          | 8.92e+03    |
|    ep_rew_mean          | -1.05e+03   |
| time/                   |             |
|    fps                  | 355         |
|    iterations           | 117         |
|    time_elapsed         | 673         |
|    total_timesteps      | 239616      |
| train/                  |             |
|    approx_kl            | 0.014638556 |
|    clip_fraction        | 0.124       |
|    clip_range           | 0.2         |
|    entropy_loss         | -14.6       |
|    explained_variance   | 0.727       |
|    learning_rate        | 0.0003      |
|    loss                 | 3.15        |
|    n_updates            | 1160        |
|    policy_gradient_loss | -0.012      |
|    std                  | 0.828       |
|    value_loss           | 6.92        |
-----------------------------------------
-----------------------------------------
| rollout/                |             |
|    ep_len_mean          | 8.92e+03    |
|    ep_rew_mean          | -1.04e+03   |
| time/                   |             |
|    fps                  | 355         |
|    iterations           | 118         |
|    time_elapsed         | 678         |
|    total_timesteps      | 241664      |
| train/                  |             |
|    approx_kl            | 0.020931154 |
|    clip_fraction        | 0.236       |
|    clip_range           | 0.2         |
|    entropy_loss         | -14.6       |
|    explained_variance   | 0.708       |
|    learning_rate        | 0.0003      |
|    loss                 | 0.354       |
|    n_updates            | 1170        |
|    policy_gradient_loss | -0.0131     |
|    std                  | 0.828       |
|    value_loss           | 2.13        |
-----------------------------------------
-----------------------------------------
| rollout/                |             |
|    ep_len_mean          | 8.92e+03    |
|    ep_rew_mean          | -1.04e+03   |
| time/                   |             |
|    fps                  | 355         |
|    iterations           | 119         |
|    time_elapsed         | 684         |
|    total_timesteps      | 243712      |
| train/                  |             |
|    approx_kl            | 0.010370877 |
|    clip_fraction        | 0.115       |
|    clip_range           | 0.2         |
|    entropy_loss         | -14.6       |
|    explained_variance   | -0.0211     |
|    learning_rate        | 0.0003      |
|    loss                 | 19.3        |
|    n_updates            | 1180        |
|    policy_gradient_loss | -0.0108     |
|    std                  | 0.828       |
|    value_loss           | 206         |
-----------------------------------------
----------------------------------------
| rollout/                |            |
|    ep_len_mean          | 8.92e+03   |
|    ep_rew_mean          | -1.04e+03  |
| time/                   |            |
|    fps                  | 355        |
|    iterations           | 120        |
|    time_elapsed         | 690        |
|    total_timesteps      | 245760     |
| train/                  |            |
|    approx_kl            | 0.03494364 |
|    clip_fraction        | 0.338      |
|    clip_range           | 0.2        |
|    entropy_loss         | -14.6      |
|    explained_variance   | 0.651      |
|    learning_rate        | 0.0003     |
|    loss                 | 0.0849     |
|    n_updates            | 1190       |
|    policy_gradient_loss | -0.00861   |
|    std                  | 0.832      |
|    value_loss           | 0.824      |
----------------------------------------
----------------------------------------
| rollout/                |            |
|    ep_len_mean          | 8.92e+03   |
|    ep_rew_mean          | -1.04e+03  |
| time/                   |            |
|    fps                  | 355        |
|    iterations           | 121        |
|    time_elapsed         | 696        |
|    total_timesteps      | 247808     |
| train/                  |            |
|    approx_kl            | 0.03152124 |
|    clip_fraction        | 0.313      |
|    clip_range           | 0.2        |
|    entropy_loss         | -14.7      |
|    explained_variance   | 0.717      |
|    learning_rate        | 0.0003     |
|    loss                 | 0.328      |
|    n_updates            | 1200       |
|    policy_gradient_loss | -0.0135    |
|    std                  | 0.836      |
|    value_loss           | 0.683      |
----------------------------------------
-----------------------------------------
| rollout/                |             |
|    ep_len_mean          | 8.92e+03    |
|    ep_rew_mean          | -1.04e+03   |
| time/                   |             |
|    fps                  | 355         |
|    iterations           | 122         |
|    time_elapsed         | 701         |
|    total_timesteps      | 249856      |
| train/                  |             |
|    approx_kl            | 0.025823927 |
|    clip_fraction        | 0.274       |
|    clip_range           | 0.2         |
|    entropy_loss         | -14.7       |
|    explained_variance   | 0.765       |
|    learning_rate        | 0.0003      |
|    loss                 | 0.0741      |
|    n_updates            | 1210        |
|    policy_gradient_loss | -0.0142     |
|    std                  | 0.837       |
|    value_loss           | 0.43        |
-----------------------------------------
------------------------------------------
| rollout/                |              |
|    ep_len_mean          | 8.92e+03     |
|    ep_rew_mean          | -1.04e+03    |
| time/                   |              |
|    fps                  | 356          |
|    iterations           | 123          |
|    time_elapsed         | 707          |
|    total_timesteps      | 251904       |
| train/                  |              |
|    approx_kl            | 0.0052473717 |
|    clip_fraction        | 0.129        |
|    clip_range           | 0.2          |
|    entropy_loss         | -14.7        |
|    explained_variance   | 0.0434       |
|    learning_rate        | 0.0003       |
|    loss                 | 163          |
|    n_updates            | 1220         |
|    policy_gradient_loss | -0.00273     |
|    std                  | 0.837        |
|    value_loss           | 190          |
------------------------------------------
-----------------------------------------
| rollout/                |             |
|    ep_len_mean          | 8.92e+03    |
|    ep_rew_mean          | -1.04e+03   |
| time/                   |             |
|    fps                  | 355         |
|    iterations           | 124         |
|    time_elapsed         | 714         |
|    total_timesteps      | 253952      |
| train/                  |             |
|    approx_kl            | 0.012309216 |
|    clip_fraction        | 0.113       |
|    clip_range           | 0.2         |
|    entropy_loss         | -14.7       |
|    explained_variance   | 0.694       |
|    learning_rate        | 0.0003      |
|    loss                 | 3.55        |
|    n_updates            | 1230        |
|    policy_gradient_loss | -0.00994    |
|    std                  | 0.837       |
|    value_loss           | 12.3        |
-----------------------------------------
------------------------------------------
| rollout/                |              |
|    ep_len_mean          | 8.92e+03     |
|    ep_rew_mean          | -1.04e+03    |
| time/                   |              |
|    fps                  | 355          |
|    iterations           | 125          |
|    time_elapsed         | 720          |
|    total_timesteps      | 256000       |
| train/                  |              |
|    approx_kl            | 0.0063824966 |
|    clip_fraction        | 0.0708       |
|    clip_range           | 0.2          |
|    entropy_loss         | -14.7        |
|    explained_variance   | 0.769        |
|    learning_rate        | 0.0003       |
|    loss                 | 7.08         |
|    n_updates            | 1240         |
|    policy_gradient_loss | -0.00863     |
|    std                  | 0.835        |
|    value_loss           | 19.4         |
------------------------------------------
-----------------------------------------
| rollout/                |             |
|    ep_len_mean          | 8.92e+03    |
|    ep_rew_mean          | -1.04e+03   |
| time/                   |             |
|    fps                  | 355         |
|    iterations           | 126         |
|    time_elapsed         | 725         |
|    total_timesteps      | 258048      |
| train/                  |             |
|    approx_kl            | 0.010689249 |
|    clip_fraction        | 0.114       |
|    clip_range           | 0.2         |
|    entropy_loss         | -14.7       |
|    explained_variance   | 0.706       |
|    learning_rate        | 0.0003      |
|    loss                 | 1.08        |
|    n_updates            | 1250        |
|    policy_gradient_loss | -0.00943    |
|    std                  | 0.834       |
|    value_loss           | 7.49        |
-----------------------------------------
-----------------------------------------
| rollout/                |             |
|    ep_len_mean          | 8.92e+03    |
|    ep_rew_mean          | -1.04e+03   |
| time/                   |             |
|    fps                  | 355         |
|    iterations           | 127         |
|    time_elapsed         | 732         |
|    total_timesteps      | 260096      |
| train/                  |             |
|    approx_kl            | 0.015998647 |
|    clip_fraction        | 0.195       |
|    clip_range           | 0.2         |
|    entropy_loss         | -14.7       |
|    explained_variance   | 0.708       |
|    learning_rate        | 0.0003      |
|    loss                 | 1.43        |
|    n_updates            | 1260        |
|    policy_gradient_loss | -0.0107     |
|    std                  | 0.835       |
|    value_loss           | 3.76        |
-----------------------------------------
-----------------------------------------
| rollout/                |             |
|    ep_len_mean          | 8.92e+03    |
|    ep_rew_mean          | -1.04e+03   |
| time/                   |             |
|    fps                  | 355         |
|    iterations           | 128         |
|    time_elapsed         | 737         |
|    total_timesteps      | 262144      |
| train/                  |             |
|    approx_kl            | 0.008329213 |
|    clip_fraction        | 0.0954      |
|    clip_range           | 0.2         |
|    entropy_loss         | -14.7       |
|    explained_variance   | 0.109       |
|    learning_rate        | 0.0003      |
|    loss                 | 187         |
|    n_updates            | 1270        |
|    policy_gradient_loss | -0.00687    |
|    std                  | 0.834       |
|    value_loss           | 273         |
-----------------------------------------
-----------------------------------------
| rollout/                |             |
|    ep_len_mean          | 8.92e+03    |
|    ep_rew_mean          | -1.04e+03   |
| time/                   |             |
|    fps                  | 356         |
|    iterations           | 129         |
|    time_elapsed         | 741         |
|    total_timesteps      | 264192      |
| train/                  |             |
|    approx_kl            | 0.018833578 |
|    clip_fraction        | 0.248       |
|    clip_range           | 0.2         |
|    entropy_loss         | -14.7       |
|    explained_variance   | 0.763       |
|    learning_rate        | 0.0003      |
|    loss                 | 1.15        |
|    n_updates            | 1280        |
|    policy_gradient_loss | -0.00948    |
|    std                  | 0.834       |
|    value_loss           | 3.4         |
-----------------------------------------
-----------------------------------------
| rollout/                |             |
|    ep_len_mean          | 8.92e+03    |
|    ep_rew_mean          | -1.04e+03   |
| time/                   |             |
|    fps                  | 356         |
|    iterations           | 130         |
|    time_elapsed         | 747         |
|    total_timesteps      | 266240      |
| train/                  |             |
|    approx_kl            | 0.021548036 |
|    clip_fraction        | 0.198       |
|    clip_range           | 0.2         |
|    entropy_loss         | -14.7       |
|    explained_variance   | 0.755       |
|    learning_rate        | 0.0003      |
|    loss                 | 1.52        |
|    n_updates            | 1290        |
|    policy_gradient_loss | -0.0121     |
|    std                  | 0.835       |
|    value_loss           | 4.29        |
-----------------------------------------
----------------------------------------
| rollout/                |            |
|    ep_len_mean          | 8.92e+03   |
|    ep_rew_mean          | -1.04e+03  |
| time/                   |            |
|    fps                  | 356        |
|    iterations           | 131        |
|    time_elapsed         | 752        |
|    total_timesteps      | 268288     |
| train/                  |            |
|    approx_kl            | 0.03281896 |
|    clip_fraction        | 0.347      |
|    clip_range           | 0.2        |
|    entropy_loss         | -14.7      |
|    explained_variance   | 0.651      |
|    learning_rate        | 0.0003     |
|    loss                 | 0.178      |
|    n_updates            | 1300       |
|    policy_gradient_loss | -0.00336   |
|    std                  | 0.835      |
|    value_loss           | 1.33       |
----------------------------------------
-----------------------------------------
| rollout/                |             |
|    ep_len_mean          | 8.92e+03    |
|    ep_rew_mean          | -1.04e+03   |
| time/                   |             |
|    fps                  | 356         |
|    iterations           | 132         |
|    time_elapsed         | 757         |
|    total_timesteps      | 270336      |
| train/                  |             |
|    approx_kl            | 0.009161511 |
|    clip_fraction        | 0.117       |
|    clip_range           | 0.2         |
|    entropy_loss         | -14.7       |
|    explained_variance   | 0.00792     |
|    learning_rate        | 0.0003      |
|    loss                 | 3.26        |
|    n_updates            | 1310        |
|    policy_gradient_loss | -0.00578    |
|    std                  | 0.835       |
|    value_loss           | 202         |
-----------------------------------------
----------------------------------------
| rollout/                |            |
|    ep_len_mean          | 8.92e+03   |
|    ep_rew_mean          | -1.04e+03  |
| time/                   |            |
|    fps                  | 356        |
|    iterations           | 133        |
|    time_elapsed         | 763        |
|    total_timesteps      | 272384     |
| train/                  |            |
|    approx_kl            | 0.03748654 |
|    clip_fraction        | 0.388      |
|    clip_range           | 0.2        |
|    entropy_loss         | -14.7      |
|    explained_variance   | 0.759      |
|    learning_rate        | 0.0003     |
|    loss                 | 0.107      |
|    n_updates            | 1320       |
|    policy_gradient_loss | -0.00638   |
|    std                  | 0.836      |
|    value_loss           | 0.505      |
----------------------------------------
-----------------------------------------
| rollout/                |             |
|    ep_len_mean          | 8.92e+03    |
|    ep_rew_mean          | -1.04e+03   |
| time/                   |             |
|    fps                  | 356         |
|    iterations           | 134         |
|    time_elapsed         | 768         |
|    total_timesteps      | 274432      |
| train/                  |             |
|    approx_kl            | 0.026248816 |
|    clip_fraction        | 0.292       |
|    clip_range           | 0.2         |
|    entropy_loss         | -14.7       |
|    explained_variance   | 0.734       |
|    learning_rate        | 0.0003      |
|    loss                 | 0.123       |
|    n_updates            | 1330        |
|    policy_gradient_loss | -0.015      |
|    std                  | 0.836       |
|    value_loss           | 0.615       |
-----------------------------------------
-----------------------------------------
| rollout/                |             |
|    ep_len_mean          | 8.92e+03    |
|    ep_rew_mean          | -1.04e+03   |
| time/                   |             |
|    fps                  | 356         |
|    iterations           | 135         |
|    time_elapsed         | 775         |
|    total_timesteps      | 276480      |
| train/                  |             |
|    approx_kl            | 0.026812404 |
|    clip_fraction        | 0.273       |
|    clip_range           | 0.2         |
|    entropy_loss         | -14.7       |
|    explained_variance   | 0.779       |
|    learning_rate        | 0.0003      |
|    loss                 | 0.0666      |
|    n_updates            | 1340        |
|    policy_gradient_loss | -0.0109     |
|    std                  | 0.835       |
|    value_loss           | 0.462       |
-----------------------------------------
------------------------------------------
| rollout/                |              |
|    ep_len_mean          | 8.92e+03     |
|    ep_rew_mean          | -1.04e+03    |
| time/                   |              |
|    fps                  | 356          |
|    iterations           | 136          |
|    time_elapsed         | 781          |
|    total_timesteps      | 278528       |
| train/                  |              |
|    approx_kl            | 0.0055033104 |
|    clip_fraction        | 0.0595       |
|    clip_range           | 0.2          |
|    entropy_loss         | -14.7        |
|    explained_variance   | 0.0288       |
|    learning_rate        | 0.0003       |
|    loss                 | 17.1         |
|    n_updates            | 1350         |
|    policy_gradient_loss | 0.00264      |
|    std                  | 0.835        |
|    value_loss           | 207          |
------------------------------------------
-----------------------------------------
| rollout/                |             |
|    ep_len_mean          | 8.92e+03    |
|    ep_rew_mean          | -1.04e+03   |
| time/                   |             |
|    fps                  | 356         |
|    iterations           | 137         |
|    time_elapsed         | 787         |
|    total_timesteps      | 280576      |
| train/                  |             |
|    approx_kl            | 0.003699337 |
|    clip_fraction        | 0.0201      |
|    clip_range           | 0.2         |
|    entropy_loss         | -14.7       |
|    explained_variance   | 0.342       |
|    learning_rate        | 0.0003      |
|    loss                 | 16.7        |
|    n_updates            | 1360        |
|    policy_gradient_loss | -0.00421    |
|    std                  | 0.835       |
|    value_loss           | 56.7        |
-----------------------------------------
------------------------------------------
| rollout/                |              |
|    ep_len_mean          | 8.92e+03     |
|    ep_rew_mean          | -1.04e+03    |
| time/                   |              |
|    fps                  | 356          |
|    iterations           | 138          |
|    time_elapsed         | 793          |
|    total_timesteps      | 282624       |
| train/                  |              |
|    approx_kl            | 0.0063112797 |
|    clip_fraction        | 0.0383       |
|    clip_range           | 0.2          |
|    entropy_loss         | -14.7        |
|    explained_variance   | 0.708        |
|    learning_rate        | 0.0003       |
|    loss                 | 4.72         |
|    n_updates            | 1370         |
|    policy_gradient_loss | -0.00858     |
|    std                  | 0.834        |
|    value_loss           | 40.9         |
------------------------------------------
-----------------------------------------
| rollout/                |             |
|    ep_len_mean          | 8.92e+03    |
|    ep_rew_mean          | -1.04e+03   |
| time/                   |             |
|    fps                  | 356         |
|    iterations           | 139         |
|    time_elapsed         | 799         |
|    total_timesteps      | 284672      |
| train/                  |             |
|    approx_kl            | 0.008960591 |
|    clip_fraction        | 0.0557      |
|    clip_range           | 0.2         |
|    entropy_loss         | -14.7       |
|    explained_variance   | 0.774       |
|    learning_rate        | 0.0003      |
|    loss                 | 6.37        |
|    n_updates            | 1380        |
|    policy_gradient_loss | -0.00837    |
|    std                  | 0.835       |
|    value_loss           | 25.9        |
-----------------------------------------
-----------------------------------------
| rollout/                |             |
|    ep_len_mean          | 8.92e+03    |
|    ep_rew_mean          | -1.04e+03   |
| time/                   |             |
|    fps                  | 355         |
|    iterations           | 140         |
|    time_elapsed         | 805         |
|    total_timesteps      | 286720      |
| train/                  |             |
|    approx_kl            | 0.009086217 |
|    clip_fraction        | 0.0883      |
|    clip_range           | 0.2         |
|    entropy_loss         | -14.7       |
|    explained_variance   | 0.784       |
|    learning_rate        | 0.0003      |
|    loss                 | 1.45        |
|    n_updates            | 1390        |
|    policy_gradient_loss | -0.0106     |
|    std                  | 0.835       |
|    value_loss           | 12.7        |
-----------------------------------------
-----------------------------------------
| rollout/                |             |
|    ep_len_mean          | 8.92e+03    |
|    ep_rew_mean          | -1.04e+03   |
| time/                   |             |
|    fps                  | 355         |
|    iterations           | 141         |
|    time_elapsed         | 812         |
|    total_timesteps      | 288768      |
| train/                  |             |
|    approx_kl            | 0.005484613 |
|    clip_fraction        | 0.0374      |
|    clip_range           | 0.2         |
|    entropy_loss         | -14.7       |
|    explained_variance   | 0.193       |
|    learning_rate        | 0.0003      |
|    loss                 | 74.9        |
|    n_updates            | 1400        |
|    policy_gradient_loss | -0.00873    |
|    std                  | 0.835       |
|    value_loss           | 349         |
-----------------------------------------
------------------------------------------
| rollout/                |              |
|    ep_len_mean          | 8.92e+03     |
|    ep_rew_mean          | -1.04e+03    |
| time/                   |              |
|    fps                  | 355          |
|    iterations           | 142          |
|    time_elapsed         | 818          |
|    total_timesteps      | 290816       |
| train/                  |              |
|    approx_kl            | 0.0155109735 |
|    clip_fraction        | 0.148        |
|    clip_range           | 0.2          |
|    entropy_loss         | -14.7        |
|    explained_variance   | 0.763        |
|    learning_rate        | 0.0003       |
|    loss                 | 1.63         |
|    n_updates            | 1410         |
|    policy_gradient_loss | -0.0118      |
|    std                  | 0.837        |
|    value_loss           | 7.27         |
------------------------------------------
----------------------------------------
| rollout/                |            |
|    ep_len_mean          | 8.92e+03   |
|    ep_rew_mean          | -1.04e+03  |
| time/                   |            |
|    fps                  | 355        |
|    iterations           | 143        |
|    time_elapsed         | 824        |
|    total_timesteps      | 292864     |
| train/                  |            |
|    approx_kl            | 0.01310909 |
|    clip_fraction        | 0.136      |
|    clip_range           | 0.2        |
|    entropy_loss         | -14.7      |
|    explained_variance   | 0.802      |
|    learning_rate        | 0.0003     |
|    loss                 | 3.35       |
|    n_updates            | 1420       |
|    policy_gradient_loss | -0.00942   |
|    std                  | 0.836      |
|    value_loss           | 8.64       |
----------------------------------------
-----------------------------------------
| rollout/                |             |
|    ep_len_mean          | 8.92e+03    |
|    ep_rew_mean          | -1.04e+03   |
| time/                   |             |
|    fps                  | 355         |
|    iterations           | 144         |
|    time_elapsed         | 829         |
|    total_timesteps      | 294912      |
| train/                  |             |
|    approx_kl            | 0.028362006 |
|    clip_fraction        | 0.306       |
|    clip_range           | 0.2         |
|    entropy_loss         | -14.7       |
|    explained_variance   | 0.688       |
|    learning_rate        | 0.0003      |
|    loss                 | 1.06        |
|    n_updates            | 1430        |
|    policy_gradient_loss | -0.0149     |
|    std                  | 0.835       |
|    value_loss           | 2.49        |
-----------------------------------------
-----------------------------------------
| rollout/                |             |
|    ep_len_mean          | 8.92e+03    |
|    ep_rew_mean          | -1.04e+03   |
| time/                   |             |
|    fps                  | 355         |
|    iterations           | 145         |
|    time_elapsed         | 834         |
|    total_timesteps      | 296960      |
| train/                  |             |
|    approx_kl            | 0.008894302 |
|    clip_fraction        | 0.116       |
|    clip_range           | 0.2         |
|    entropy_loss         | -14.7       |
|    explained_variance   | -0.00699    |
|    learning_rate        | 0.0003      |
|    loss                 | 446         |
|    n_updates            | 1440        |
|    policy_gradient_loss | -0.00767    |
|    std                  | 0.835       |
|    value_loss           | 297         |
-----------------------------------------
-----------------------------------------
| rollout/                |             |
|    ep_len_mean          | 8.92e+03    |
|    ep_rew_mean          | -1.04e+03   |
| time/                   |             |
|    fps                  | 355         |
|    iterations           | 146         |
|    time_elapsed         | 840         |
|    total_timesteps      | 299008      |
| train/                  |             |
|    approx_kl            | 0.026586492 |
|    clip_fraction        | 0.336       |
|    clip_range           | 0.2         |
|    entropy_loss         | -14.7       |
|    explained_variance   | 0.752       |
|    learning_rate        | 0.0003      |
|    loss                 | 0.106       |
|    n_updates            | 1450        |
|    policy_gradient_loss | -0.0026     |
|    std                  | 0.835       |
|    value_loss           | 0.813       |
-----------------------------------------
----------------------------------------
| rollout/                |            |
|    ep_len_mean          | 8.92e+03   |
|    ep_rew_mean          | -1.04e+03  |
| time/                   |            |
|    fps                  | 356        |
|    iterations           | 147        |
|    time_elapsed         | 845        |
|    total_timesteps      | 301056     |
| train/                  |            |
|    approx_kl            | 0.02149681 |
|    clip_fraction        | 0.265      |
|    clip_range           | 0.2        |
|    entropy_loss         | -14.7      |
|    explained_variance   | 0.663      |
|    learning_rate        | 0.0003     |
|    loss                 | 0.565      |
|    n_updates            | 1460       |
|    policy_gradient_loss | -0.0156    |
|    std                  | 0.837      |
|    value_loss           | 1.46       |
----------------------------------------
-----------------------------------------
| rollout/                |             |
|    ep_len_mean          | 8.92e+03    |
|    ep_rew_mean          | -1.04e+03   |
| time/                   |             |
|    fps                  | 356         |
|    iterations           | 148         |
|    time_elapsed         | 850         |
|    total_timesteps      | 303104      |
| train/                  |             |
|    approx_kl            | 0.026630612 |
|    clip_fraction        | 0.319       |
|    clip_range           | 0.2         |
|    entropy_loss         | -14.7       |
|    explained_variance   | 0.789       |
|    learning_rate        | 0.0003      |
|    loss                 | 0.145       |
|    n_updates            | 1470        |
|    policy_gradient_loss | -0.0104     |
|    std                  | 0.835       |
|    value_loss           | 0.507       |
-----------------------------------------
----------------------------------------
| rollout/                |            |
|    ep_len_mean          | 8.92e+03   |
|    ep_rew_mean          | -1.04e+03  |
| time/                   |            |
|    fps                  | 356        |
|    iterations           | 149        |
|    time_elapsed         | 855        |
|    total_timesteps      | 305152     |
| train/                  |            |
|    approx_kl            | 0.02603468 |
|    clip_fraction        | 0.284      |
|    clip_range           | 0.2        |
|    entropy_loss         | -14.7      |
|    explained_variance   | 0.794      |
|    learning_rate        | 0.0003     |
|    loss                 | 0.17       |
|    n_updates            | 1480       |
|    policy_gradient_loss | -0.0157    |
|    std                  | 0.833      |
|    value_loss           | 0.419      |
----------------------------------------
-----------------------------------------
| rollout/                |             |
|    ep_len_mean          | 8.92e+03    |
|    ep_rew_mean          | -1.04e+03   |
| time/                   |             |
|    fps                  | 357         |
|    iterations           | 150         |
|    time_elapsed         | 860         |
|    total_timesteps      | 307200      |
| train/                  |             |
|    approx_kl            | 0.012878509 |
|    clip_fraction        | 0.151       |
|    clip_range           | 0.2         |
|    entropy_loss         | -14.7       |
|    explained_variance   | 0.052       |
|    learning_rate        | 0.0003      |
|    loss                 | 21.4        |
|    n_updates            | 1490        |
|    policy_gradient_loss | -0.00183    |
|    std                  | 0.833       |
|    value_loss           | 147         |
-----------------------------------------
-----------------------------------------
| rollout/                |             |
|    ep_len_mean          | 8.92e+03    |
|    ep_rew_mean          | -1.04e+03   |
| time/                   |             |
|    fps                  | 357         |
|    iterations           | 151         |
|    time_elapsed         | 865         |
|    total_timesteps      | 309248      |
| train/                  |             |
|    approx_kl            | 0.028838046 |
|    clip_fraction        | 0.309       |
|    clip_range           | 0.2         |
|    entropy_loss         | -14.7       |
|    explained_variance   | 0.795       |
|    learning_rate        | 0.0003      |
|    loss                 | 0.161       |
|    n_updates            | 1500        |
|    policy_gradient_loss | -0.0096     |
|    std                  | 0.835       |
|    value_loss           | 0.613       |
-----------------------------------------
-----------------------------------------
| rollout/                |             |
|    ep_len_mean          | 8.92e+03    |
|    ep_rew_mean          | -1.04e+03   |
| time/                   |             |
|    fps                  | 357         |
|    iterations           | 152         |
|    time_elapsed         | 869         |
|    total_timesteps      | 311296      |
| train/                  |             |
|    approx_kl            | 0.022997178 |
|    clip_fraction        | 0.274       |
|    clip_range           | 0.2         |
|    entropy_loss         | -14.7       |
|    explained_variance   | 0.723       |
|    learning_rate        | 0.0003      |
|    loss                 | 0.14        |
|    n_updates            | 1510        |
|    policy_gradient_loss | -0.00998    |
|    std                  | 0.832       |
|    value_loss           | 0.707       |
-----------------------------------------
-----------------------------------------
| rollout/                |             |
|    ep_len_mean          | 8.92e+03    |
|    ep_rew_mean          | -1.04e+03   |
| time/                   |             |
|    fps                  | 358         |
|    iterations           | 153         |
|    time_elapsed         | 875         |
|    total_timesteps      | 313344      |
| train/                  |             |
|    approx_kl            | 0.023867022 |
|    clip_fraction        | 0.274       |
|    clip_range           | 0.2         |
|    entropy_loss         | -14.7       |
|    explained_variance   | 0.768       |
|    learning_rate        | 0.0003      |
|    loss                 | 0.11        |
|    n_updates            | 1520        |
|    policy_gradient_loss | -0.0112     |
|    std                  | 0.835       |
|    value_loss           | 0.417       |
-----------------------------------------
-----------------------------------------
| rollout/                |             |
|    ep_len_mean          | 8.92e+03    |
|    ep_rew_mean          | -1.04e+03   |
| time/                   |             |
|    fps                  | 357         |
|    iterations           | 154         |
|    time_elapsed         | 881         |
|    total_timesteps      | 315392      |
| train/                  |             |
|    approx_kl            | 0.007173949 |
|    clip_fraction        | 0.112       |
|    clip_range           | 0.2         |
|    entropy_loss         | -14.7       |
|    explained_variance   | 0.00522     |
|    learning_rate        | 0.0003      |
|    loss                 | 118         |
|    n_updates            | 1530        |
|    policy_gradient_loss | -0.00442    |
|    std                  | 0.835       |
|    value_loss           | 393         |
-----------------------------------------
-----------------------------------------
| rollout/                |             |
|    ep_len_mean          | 8.92e+03    |
|    ep_rew_mean          | -1.04e+03   |
| time/                   |             |
|    fps                  | 358         |
|    iterations           | 155         |
|    time_elapsed         | 886         |
|    total_timesteps      | 317440      |
| train/                  |             |
|    approx_kl            | 0.017072095 |
|    clip_fraction        | 0.204       |
|    clip_range           | 0.2         |
|    entropy_loss         | -14.7       |
|    explained_variance   | 0.739       |
|    learning_rate        | 0.0003      |
|    loss                 | 0.401       |
|    n_updates            | 1540        |
|    policy_gradient_loss | -0.0118     |
|    std                  | 0.836       |
|    value_loss           | 1.7         |
-----------------------------------------
-----------------------------------------
| rollout/                |             |
|    ep_len_mean          | 8.92e+03    |
|    ep_rew_mean          | -1.04e+03   |
| time/                   |             |
|    fps                  | 357         |
|    iterations           | 156         |
|    time_elapsed         | 892         |
|    total_timesteps      | 319488      |
| train/                  |             |
|    approx_kl            | 0.016352812 |
|    clip_fraction        | 0.163       |
|    clip_range           | 0.2         |
|    entropy_loss         | -14.7       |
|    explained_variance   | 0.742       |
|    learning_rate        | 0.0003      |
|    loss                 | 0.742       |
|    n_updates            | 1550        |
|    policy_gradient_loss | -0.0146     |
|    std                  | 0.835       |
|    value_loss           | 2.48        |
-----------------------------------------
-----------------------------------------
| rollout/                |             |
|    ep_len_mean          | 8.92e+03    |
|    ep_rew_mean          | -1.04e+03   |
| time/                   |             |
|    fps                  | 358         |
|    iterations           | 157         |
|    time_elapsed         | 897         |
|    total_timesteps      | 321536      |
| train/                  |             |
|    approx_kl            | 0.028525775 |
|    clip_fraction        | 0.276       |
|    clip_range           | 0.2         |
|    entropy_loss         | -14.7       |
|    explained_variance   | 0.626       |
|    learning_rate        | 0.0003      |
|    loss                 | 0.296       |
|    n_updates            | 1560        |
|    policy_gradient_loss | -0.00907    |
|    std                  | 0.836       |
|    value_loss           | 1.16        |
-----------------------------------------
------------------------------------------
| rollout/                |              |
|    ep_len_mean          | 8.92e+03     |
|    ep_rew_mean          | -1.04e+03    |
| time/                   |              |
|    fps                  | 358          |
|    iterations           | 158          |
|    time_elapsed         | 902          |
|    total_timesteps      | 323584       |
| train/                  |              |
|    approx_kl            | 0.0051805032 |
|    clip_fraction        | 0.0614       |
|    clip_range           | 0.2          |
|    entropy_loss         | -14.7        |
|    explained_variance   | 0.0295       |
|    learning_rate        | 0.0003       |
|    loss                 | 925          |
|    n_updates            | 1570         |
|    policy_gradient_loss | -0.00403     |
|    std                  | 0.836        |
|    value_loss           | 339          |
------------------------------------------
-----------------------------------------
| rollout/                |             |
|    ep_len_mean          | 8.92e+03    |
|    ep_rew_mean          | -1.04e+03   |
| time/                   |             |
|    fps                  | 358         |
|    iterations           | 159         |
|    time_elapsed         | 909         |
|    total_timesteps      | 325632      |
| train/                  |             |
|    approx_kl            | 0.041943192 |
|    clip_fraction        | 0.347       |
|    clip_range           | 0.2         |
|    entropy_loss         | -14.7       |
|    explained_variance   | 0.166       |
|    learning_rate        | 0.0003      |
|    loss                 | 0.0532      |
|    n_updates            | 1580        |
|    policy_gradient_loss | -0.007      |
|    std                  | 0.835       |
|    value_loss           | 0.858       |
-----------------------------------------
-----------------------------------------
| rollout/                |             |
|    ep_len_mean          | 8.92e+03    |
|    ep_rew_mean          | -1.04e+03   |
| time/                   |             |
|    fps                  | 357         |
|    iterations           | 160         |
|    time_elapsed         | 915         |
|    total_timesteps      | 327680      |
| train/                  |             |
|    approx_kl            | 0.015685573 |
|    clip_fraction        | 0.22        |
|    clip_range           | 0.2         |
|    entropy_loss         | -14.7       |
|    explained_variance   | 0.652       |
|    learning_rate        | 0.0003      |
|    loss                 | 0.768       |
|    n_updates            | 1590        |
|    policy_gradient_loss | -0.0175     |
|    std                  | 0.837       |
|    value_loss           | 3.36        |
-----------------------------------------
-----------------------------------------
| rollout/                |             |
|    ep_len_mean          | 8.92e+03    |
|    ep_rew_mean          | -1.04e+03   |
| time/                   |             |
|    fps                  | 358         |
|    iterations           | 161         |
|    time_elapsed         | 920         |
|    total_timesteps      | 329728      |
| train/                  |             |
|    approx_kl            | 0.026112482 |
|    clip_fraction        | 0.26        |
|    clip_range           | 0.2         |
|    entropy_loss         | -14.7       |
|    explained_variance   | 0.551       |
|    learning_rate        | 0.0003      |
|    loss                 | 0.717       |
|    n_updates            | 1600        |
|    policy_gradient_loss | -0.00905    |
|    std                  | 0.837       |
|    value_loss           | 1.47        |
-----------------------------------------
-----------------------------------------
| rollout/                |             |
|    ep_len_mean          | 8.92e+03    |
|    ep_rew_mean          | -1.04e+03   |
| time/                   |             |
|    fps                  | 358         |
|    iterations           | 162         |
|    time_elapsed         | 925         |
|    total_timesteps      | 331776      |
| train/                  |             |
|    approx_kl            | 0.038782023 |
|    clip_fraction        | 0.372       |
|    clip_range           | 0.2         |
|    entropy_loss         | -14.7       |
|    explained_variance   | 0.569       |
|    learning_rate        | 0.0003      |
|    loss                 | 0.0644      |
|    n_updates            | 1610        |
|    policy_gradient_loss | -0.0102     |
|    std                  | 0.836       |
|    value_loss           | 0.372       |
-----------------------------------------
-----------------------------------------
| rollout/                |             |
|    ep_len_mean          | 8.92e+03    |
|    ep_rew_mean          | -1.04e+03   |
| time/                   |             |
|    fps                  | 358         |
|    iterations           | 163         |
|    time_elapsed         | 931         |
|    total_timesteps      | 333824      |
| train/                  |             |
|    approx_kl            | 0.009830525 |
|    clip_fraction        | 0.0948      |
|    clip_range           | 0.2         |
|    entropy_loss         | -14.7       |
|    explained_variance   | -0.000808   |
|    learning_rate        | 0.0003      |
|    loss                 | 8.95        |
|    n_updates            | 1620        |
|    policy_gradient_loss | -0.00496    |
|    std                  | 0.836       |
|    value_loss           | 297         |
-----------------------------------------
-----------------------------------------
| rollout/                |             |
|    ep_len_mean          | 8.92e+03    |
|    ep_rew_mean          | -1.04e+03   |
| time/                   |             |
|    fps                  | 358         |
|    iterations           | 164         |
|    time_elapsed         | 937         |
|    total_timesteps      | 335872      |
| train/                  |             |
|    approx_kl            | 0.030856393 |
|    clip_fraction        | 0.302       |
|    clip_range           | 0.2         |
|    entropy_loss         | -14.7       |
|    explained_variance   | 0.56        |
|    learning_rate        | 0.0003      |
|    loss                 | 0.216       |
|    n_updates            | 1630        |
|    policy_gradient_loss | -0.0145     |
|    std                  | 0.834       |
|    value_loss           | 1.03        |
-----------------------------------------
-----------------------------------------
| rollout/                |             |
|    ep_len_mean          | 8.92e+03    |
|    ep_rew_mean          | -1.04e+03   |
| time/                   |             |
|    fps                  | 358         |
|    iterations           | 165         |
|    time_elapsed         | 943         |
|    total_timesteps      | 337920      |
| train/                  |             |
|    approx_kl            | 0.027874857 |
|    clip_fraction        | 0.281       |
|    clip_range           | 0.2         |
|    entropy_loss         | -14.7       |
|    explained_variance   | 0.647       |
|    learning_rate        | 0.0003      |
|    loss                 | 0.263       |
|    n_updates            | 1640        |
|    policy_gradient_loss | -0.0138     |
|    std                  | 0.835       |
|    value_loss           | 0.897       |
-----------------------------------------
----------------------------------------
| rollout/                |            |
|    ep_len_mean          | 8.92e+03   |
|    ep_rew_mean          | -1.04e+03  |
| time/                   |            |
|    fps                  | 357        |
|    iterations           | 166        |
|    time_elapsed         | 949        |
|    total_timesteps      | 339968     |
| train/                  |            |
|    approx_kl            | 0.03270273 |
|    clip_fraction        | 0.326      |
|    clip_range           | 0.2        |
|    entropy_loss         | -14.7      |
|    explained_variance   | 0.573      |
|    learning_rate        | 0.0003     |
|    loss                 | 0.0933     |
|    n_updates            | 1650       |
|    policy_gradient_loss | -0.0115    |
|    std                  | 0.831      |
|    value_loss           | 0.677      |
----------------------------------------
-----------------------------------------
| rollout/                |             |
|    ep_len_mean          | 8.92e+03    |
|    ep_rew_mean          | -1.04e+03   |
| time/                   |             |
|    fps                  | 357         |
|    iterations           | 167         |
|    time_elapsed         | 956         |
|    total_timesteps      | 342016      |
| train/                  |             |
|    approx_kl            | 0.004623941 |
|    clip_fraction        | 0.0811      |
|    clip_range           | 0.2         |
|    entropy_loss         | -14.6       |
|    explained_variance   | 0.00702     |
|    learning_rate        | 0.0003      |
|    loss                 | 6.71        |
|    n_updates            | 1660        |
|    policy_gradient_loss | -0.00172    |
|    std                  | 0.831       |
|    value_loss           | 326         |
-----------------------------------------
-----------------------------------------
| rollout/                |             |
|    ep_len_mean          | 8.92e+03    |
|    ep_rew_mean          | -1.04e+03   |
| time/                   |             |
|    fps                  | 357         |
|    iterations           | 168         |
|    time_elapsed         | 962         |
|    total_timesteps      | 344064      |
| train/                  |             |
|    approx_kl            | 0.021248486 |
|    clip_fraction        | 0.198       |
|    clip_range           | 0.2         |
|    entropy_loss         | -14.6       |
|    explained_variance   | 0.614       |
|    learning_rate        | 0.0003      |
|    loss                 | 0.577       |
|    n_updates            | 1670        |
|    policy_gradient_loss | -0.00943    |
|    std                  | 0.831       |
|    value_loss           | 4.1         |
-----------------------------------------
-----------------------------------------
| rollout/                |             |
|    ep_len_mean          | 8.92e+03    |
|    ep_rew_mean          | -1.04e+03   |
| time/                   |             |
|    fps                  | 357         |
|    iterations           | 169         |
|    time_elapsed         | 969         |
|    total_timesteps      | 346112      |
| train/                  |             |
|    approx_kl            | 0.016514482 |
|    clip_fraction        | 0.164       |
|    clip_range           | 0.2         |
|    entropy_loss         | -14.7       |
|    explained_variance   | 0.791       |
|    learning_rate        | 0.0003      |
|    loss                 | 0.747       |
|    n_updates            | 1680        |
|    policy_gradient_loss | -0.0115     |
|    std                  | 0.833       |
|    value_loss           | 3.03        |
-----------------------------------------
-----------------------------------------
| rollout/                |             |
|    ep_len_mean          | 8.92e+03    |
|    ep_rew_mean          | -1.04e+03   |
| time/                   |             |
|    fps                  | 356         |
|    iterations           | 170         |
|    time_elapsed         | 975         |
|    total_timesteps      | 348160      |
| train/                  |             |
|    approx_kl            | 0.030235242 |
|    clip_fraction        | 0.268       |
|    clip_range           | 0.2         |
|    entropy_loss         | -14.7       |
|    explained_variance   | 0.622       |
|    learning_rate        | 0.0003      |
|    loss                 | 0.835       |
|    n_updates            | 1690        |
|    policy_gradient_loss | -0.018      |
|    std                  | 0.834       |
|    value_loss           | 1.59        |
-----------------------------------------
------------------------------------------
| rollout/                |              |
|    ep_len_mean          | 8.92e+03     |
|    ep_rew_mean          | -1.04e+03    |
| time/                   |              |
|    fps                  | 356          |
|    iterations           | 171          |
|    time_elapsed         | 982          |
|    total_timesteps      | 350208       |
| train/                  |              |
|    approx_kl            | 0.0064312746 |
|    clip_fraction        | 0.0895       |
|    clip_range           | 0.2          |
|    entropy_loss         | -14.7        |
|    explained_variance   | -0.000651    |
|    learning_rate        | 0.0003       |
|    loss                 | 7.92         |
|    n_updates            | 1700         |
|    policy_gradient_loss | -0.00609     |
|    std                  | 0.834        |
|    value_loss           | 345          |
------------------------------------------
-----------------------------------------
| rollout/                |             |
|    ep_len_mean          | 8.92e+03    |
|    ep_rew_mean          | -1.04e+03   |
| time/                   |             |
|    fps                  | 356         |
|    iterations           | 172         |
|    time_elapsed         | 987         |
|    total_timesteps      | 352256      |
| train/                  |             |
|    approx_kl            | 0.008358472 |
|    clip_fraction        | 0.0784      |
|    clip_range           | 0.2         |
|    entropy_loss         | -14.7       |
|    explained_variance   | 0.571       |
|    learning_rate        | 0.0003      |
|    loss                 | 4.43        |
|    n_updates            | 1710        |
|    policy_gradient_loss | -0.0107     |
|    std                  | 0.833       |
|    value_loss           | 21.3        |
-----------------------------------------
-----------------------------------------
| rollout/                |             |
|    ep_len_mean          | 8.92e+03    |
|    ep_rew_mean          | -1.04e+03   |
| time/                   |             |
|    fps                  | 356         |
|    iterations           | 173         |
|    time_elapsed         | 994         |
|    total_timesteps      | 354304      |
| train/                  |             |
|    approx_kl            | 0.008231167 |
|    clip_fraction        | 0.0448      |
|    clip_range           | 0.2         |
|    entropy_loss         | -14.7       |
|    explained_variance   | 0.717       |
|    learning_rate        | 0.0003      |
|    loss                 | 17.8        |
|    n_updates            | 1720        |
|    policy_gradient_loss | -0.00751    |
|    std                  | 0.833       |
|    value_loss           | 50.7        |
-----------------------------------------
-----------------------------------------
| rollout/                |             |
|    ep_len_mean          | 8.92e+03    |
|    ep_rew_mean          | -1.04e+03   |
| time/                   |             |
|    fps                  | 356         |
|    iterations           | 174         |
|    time_elapsed         | 1000        |
|    total_timesteps      | 356352      |
| train/                  |             |
|    approx_kl            | 0.009516014 |
|    clip_fraction        | 0.077       |
|    clip_range           | 0.2         |
|    entropy_loss         | -14.7       |
|    explained_variance   | 0.712       |
|    learning_rate        | 0.0003      |
|    loss                 | 2.6         |
|    n_updates            | 1730        |
|    policy_gradient_loss | -0.00804    |
|    std                  | 0.832       |
|    value_loss           | 21.1        |
-----------------------------------------
----------------------------------------
| rollout/                |            |
|    ep_len_mean          | 8.92e+03   |
|    ep_rew_mean          | -1.04e+03  |
| time/                   |            |
|    fps                  | 356        |
|    iterations           | 175        |
|    time_elapsed         | 1005       |
|    total_timesteps      | 358400     |
| train/                  |            |
|    approx_kl            | 0.02203774 |
|    clip_fraction        | 0.171      |
|    clip_range           | 0.2        |
|    entropy_loss         | -14.7      |
|    explained_variance   | 0.414      |
|    learning_rate        | 0.0003     |
|    loss                 | 4.12       |
|    n_updates            | 1740       |
|    policy_gradient_loss | -0.0126    |
|    std                  | 0.831      |
|    value_loss           | 8.97       |
----------------------------------------
-----------------------------------------
| rollout/                |             |
|    ep_len_mean          | 8.92e+03    |
|    ep_rew_mean          | -1.04e+03   |
| time/                   |             |
|    fps                  | 356         |
|    iterations           | 176         |
|    time_elapsed         | 1009        |
|    total_timesteps      | 360448      |
| train/                  |             |
|    approx_kl            | 0.005873305 |
|    clip_fraction        | 0.0626      |
|    clip_range           | 0.2         |
|    entropy_loss         | -14.6       |
|    explained_variance   | 0.0871      |
|    learning_rate        | 0.0003      |
|    loss                 | 329         |
|    n_updates            | 1750        |
|    policy_gradient_loss | -0.0111     |
|    std                  | 0.831       |
|    value_loss           | 474         |
-----------------------------------------
-----------------------------------------
| rollout/                |             |
|    ep_len_mean          | 8.92e+03    |
|    ep_rew_mean          | -1.04e+03   |
| time/                   |             |
|    fps                  | 356         |
|    iterations           | 177         |
|    time_elapsed         | 1016        |
|    total_timesteps      | 362496      |
| train/                  |             |
|    approx_kl            | 0.011874989 |
|    clip_fraction        | 0.127       |
|    clip_range           | 0.2         |
|    entropy_loss         | -14.6       |
|    explained_variance   | 0.828       |
|    learning_rate        | 0.0003      |
|    loss                 | 2.33        |
|    n_updates            | 1760        |
|    policy_gradient_loss | -0.0113     |
|    std                  | 0.829       |
|    value_loss           | 11.3        |
-----------------------------------------
-----------------------------------------
| rollout/                |             |
|    ep_len_mean          | 8.92e+03    |
|    ep_rew_mean          | -1.04e+03   |
| time/                   |             |
|    fps                  | 356         |
|    iterations           | 178         |
|    time_elapsed         | 1022        |
|    total_timesteps      | 364544      |
| train/                  |             |
|    approx_kl            | 0.008815557 |
|    clip_fraction        | 0.105       |
|    clip_range           | 0.2         |
|    entropy_loss         | -14.6       |
|    explained_variance   | 0.812       |
|    learning_rate        | 0.0003      |
|    loss                 | 6.64        |
|    n_updates            | 1770        |
|    policy_gradient_loss | -0.00858    |
|    std                  | 0.829       |
|    value_loss           | 19.6        |
-----------------------------------------
----------------------------------------
| rollout/                |            |
|    ep_len_mean          | 8.92e+03   |
|    ep_rew_mean          | -1.04e+03  |
| time/                   |            |
|    fps                  | 356        |
|    iterations           | 179        |
|    time_elapsed         | 1029       |
|    total_timesteps      | 366592     |
| train/                  |            |
|    approx_kl            | 0.01752093 |
|    clip_fraction        | 0.217      |
|    clip_range           | 0.2        |
|    entropy_loss         | -14.6      |
|    explained_variance   | 0.719      |
|    learning_rate        | 0.0003     |
|    loss                 | 2.57       |
|    n_updates            | 1780       |
|    policy_gradient_loss | -0.0133    |
|    std                  | 0.828      |
|    value_loss           | 7.18       |
----------------------------------------
-----------------------------------------
| rollout/                |             |
|    ep_len_mean          | 8.92e+03    |
|    ep_rew_mean          | -1.04e+03   |
| time/                   |             |
|    fps                  | 356         |
|    iterations           | 180         |
|    time_elapsed         | 1035        |
|    total_timesteps      | 368640      |
| train/                  |             |
|    approx_kl            | 0.006781117 |
|    clip_fraction        | 0.0536      |
|    clip_range           | 0.2         |
|    entropy_loss         | -14.6       |
|    explained_variance   | 0.0388      |
|    learning_rate        | 0.0003      |
|    loss                 | 25.6        |
|    n_updates            | 1790        |
|    policy_gradient_loss | -0.00891    |
|    std                  | 0.827       |
|    value_loss           | 371         |
-----------------------------------------
----------------------------------------
| rollout/                |            |
|    ep_len_mean          | 8.92e+03   |
|    ep_rew_mean          | -1.04e+03  |
| time/                   |            |
|    fps                  | 355        |
|    iterations           | 181        |
|    time_elapsed         | 1041       |
|    total_timesteps      | 370688     |
| train/                  |            |
|    approx_kl            | 0.02348201 |
|    clip_fraction        | 0.248      |
|    clip_range           | 0.2        |
|    entropy_loss         | -14.6      |
|    explained_variance   | 0.76       |
|    learning_rate        | 0.0003     |
|    loss                 | 1.86       |
|    n_updates            | 1800       |
|    policy_gradient_loss | -0.0115    |
|    std                  | 0.827      |
|    value_loss           | 6.24       |
----------------------------------------
----------------------------------------
| rollout/                |            |
|    ep_len_mean          | 8.92e+03   |
|    ep_rew_mean          | -1.04e+03  |
| time/                   |            |
|    fps                  | 355        |
|    iterations           | 182        |
|    time_elapsed         | 1047       |
|    total_timesteps      | 372736     |
| train/                  |            |
|    approx_kl            | 0.01531006 |
|    clip_fraction        | 0.177      |
|    clip_range           | 0.2        |
|    entropy_loss         | -14.6      |
|    explained_variance   | 0.791      |
|    learning_rate        | 0.0003     |
|    loss                 | 2.83       |
|    n_updates            | 1810       |
|    policy_gradient_loss | -0.0144    |
|    std                  | 0.828      |
|    value_loss           | 10.8       |
----------------------------------------
-----------------------------------------
| rollout/                |             |
|    ep_len_mean          | 8.92e+03    |
|    ep_rew_mean          | -1.04e+03   |
| time/                   |             |
|    fps                  | 356         |
|    iterations           | 183         |
|    time_elapsed         | 1052        |
|    total_timesteps      | 374784      |
| train/                  |             |
|    approx_kl            | 0.035937876 |
|    clip_fraction        | 0.347       |
|    clip_range           | 0.2         |
|    entropy_loss         | -14.6       |
|    explained_variance   | 0.723       |
|    learning_rate        | 0.0003      |
|    loss                 | 2.14        |
|    n_updates            | 1820        |
|    policy_gradient_loss | -0.0155     |
|    std                  | 0.829       |
|    value_loss           | 3.28        |
-----------------------------------------
-----------------------------------------
| rollout/                |             |
|    ep_len_mean          | 8.92e+03    |
|    ep_rew_mean          | -1.04e+03   |
| time/                   |             |
|    fps                  | 356         |
|    iterations           | 184         |
|    time_elapsed         | 1057        |
|    total_timesteps      | 376832      |
| train/                  |             |
|    approx_kl            | 0.008759722 |
|    clip_fraction        | 0.125       |
|    clip_range           | 0.2         |
|    entropy_loss         | -14.6       |
|    explained_variance   | 0.0846      |
|    learning_rate        | 0.0003      |
|    loss                 | 31.7        |
|    n_updates            | 1830        |
|    policy_gradient_loss | -0.00628    |
|    std                  | 0.828       |
|    value_loss           | 296         |
-----------------------------------------
-----------------------------------------
| rollout/                |             |
|    ep_len_mean          | 8.92e+03    |
|    ep_rew_mean          | -1.04e+03   |
| time/                   |             |
|    fps                  | 356         |
|    iterations           | 185         |
|    time_elapsed         | 1063        |
|    total_timesteps      | 378880      |
| train/                  |             |
|    approx_kl            | 0.027866356 |
|    clip_fraction        | 0.392       |
|    clip_range           | 0.2         |
|    entropy_loss         | -14.6       |
|    explained_variance   | 0.757       |
|    learning_rate        | 0.0003      |
|    loss                 | 0.223       |
|    n_updates            | 1840        |
|    policy_gradient_loss | -0.00327    |
|    std                  | 0.827       |
|    value_loss           | 1.43        |
-----------------------------------------
-----------------------------------------
| rollout/                |             |
|    ep_len_mean          | 8.92e+03    |
|    ep_rew_mean          | -1.04e+03   |
| time/                   |             |
|    fps                  | 356         |
|    iterations           | 186         |
|    time_elapsed         | 1068        |
|    total_timesteps      | 380928      |
| train/                  |             |
|    approx_kl            | 0.022538763 |
|    clip_fraction        | 0.242       |
|    clip_range           | 0.2         |
|    entropy_loss         | -14.6       |
|    explained_variance   | 0.794       |
|    learning_rate        | 0.0003      |
|    loss                 | 1.12        |
|    n_updates            | 1850        |
|    policy_gradient_loss | -0.0155     |
|    std                  | 0.828       |
|    value_loss           | 3.22        |
-----------------------------------------
-----------------------------------------
| rollout/                |             |
|    ep_len_mean          | 8.92e+03    |
|    ep_rew_mean          | -1.04e+03   |
| time/                   |             |
|    fps                  | 356         |
|    iterations           | 187         |
|    time_elapsed         | 1073        |
|    total_timesteps      | 382976      |
| train/                  |             |
|    approx_kl            | 0.015987443 |
|    clip_fraction        | 0.213       |
|    clip_range           | 0.2         |
|    entropy_loss         | -14.6       |
|    explained_variance   | 0.772       |
|    learning_rate        | 0.0003      |
|    loss                 | 0.314       |
|    n_updates            | 1860        |
|    policy_gradient_loss | -0.0145     |
|    std                  | 0.827       |
|    value_loss           | 2.3         |
-----------------------------------------
-----------------------------------------
| rollout/                |             |
|    ep_len_mean          | 8.92e+03    |
|    ep_rew_mean          | -1.04e+03   |
| time/                   |             |
|    fps                  | 357         |
|    iterations           | 188         |
|    time_elapsed         | 1077        |
|    total_timesteps      | 385024      |
| train/                  |             |
|    approx_kl            | 0.025715806 |
|    clip_fraction        | 0.306       |
|    clip_range           | 0.2         |
|    entropy_loss         | -14.6       |
|    explained_variance   | 0.762       |
|    learning_rate        | 0.0003      |
|    loss                 | 0.397       |
|    n_updates            | 1870        |
|    policy_gradient_loss | -0.0103     |
|    std                  | 0.826       |
|    value_loss           | 1.18        |
-----------------------------------------
------------------------------------------
| rollout/                |              |
|    ep_len_mean          | 8.92e+03     |
|    ep_rew_mean          | -1.04e+03    |
| time/                   |              |
|    fps                  | 357          |
|    iterations           | 189          |
|    time_elapsed         | 1083         |
|    total_timesteps      | 387072       |
| train/                  |              |
|    approx_kl            | 0.0067587155 |
|    clip_fraction        | 0.109        |
|    clip_range           | 0.2          |
|    entropy_loss         | -14.6        |
|    explained_variance   | 0.0478       |
|    learning_rate        | 0.0003       |
|    loss                 | 6.46         |
|    n_updates            | 1880         |
|    policy_gradient_loss | -0.00873     |
|    std                  | 0.826        |
|    value_loss           | 327          |
------------------------------------------
-----------------------------------------
| rollout/                |             |
|    ep_len_mean          | 8.92e+03    |
|    ep_rew_mean          | -1.04e+03   |
| time/                   |             |
|    fps                  | 357         |
|    iterations           | 190         |
|    time_elapsed         | 1088        |
|    total_timesteps      | 389120      |
| train/                  |             |
|    approx_kl            | 0.017044526 |
|    clip_fraction        | 0.129       |
|    clip_range           | 0.2         |
|    entropy_loss         | -14.6       |
|    explained_variance   | 0.711       |
|    learning_rate        | 0.0003      |
|    loss                 | 0.805       |
|    n_updates            | 1890        |
|    policy_gradient_loss | -0.00958    |
|    std                  | 0.826       |
|    value_loss           | 12.4        |
-----------------------------------------
-----------------------------------------
| rollout/                |             |
|    ep_len_mean          | 8.92e+03    |
|    ep_rew_mean          | -1.04e+03   |
| time/                   |             |
|    fps                  | 357         |
|    iterations           | 191         |
|    time_elapsed         | 1093        |
|    total_timesteps      | 391168      |
| train/                  |             |
|    approx_kl            | 0.014071026 |
|    clip_fraction        | 0.138       |
|    clip_range           | 0.2         |
|    entropy_loss         | -14.6       |
|    explained_variance   | 0.812       |
|    learning_rate        | 0.0003      |
|    loss                 | 4.68        |
|    n_updates            | 1900        |
|    policy_gradient_loss | -0.0166     |
|    std                  | 0.825       |
|    value_loss           | 8.05        |
-----------------------------------------
-----------------------------------------
| rollout/                |             |
|    ep_len_mean          | 8.92e+03    |
|    ep_rew_mean          | -1.04e+03   |
| time/                   |             |
|    fps                  | 358         |
|    iterations           | 192         |
|    time_elapsed         | 1098        |
|    total_timesteps      | 393216      |
| train/                  |             |
|    approx_kl            | 0.019882604 |
|    clip_fraction        | 0.193       |
|    clip_range           | 0.2         |
|    entropy_loss         | -14.5       |
|    explained_variance   | 0.69        |
|    learning_rate        | 0.0003      |
|    loss                 | 1.01        |
|    n_updates            | 1910        |
|    policy_gradient_loss | -0.0107     |
|    std                  | 0.824       |
|    value_loss           | 6.16        |
-----------------------------------------
-----------------------------------------
| rollout/                |             |
|    ep_len_mean          | 8.92e+03    |
|    ep_rew_mean          | -1.04e+03   |
| time/                   |             |
|    fps                  | 357         |
|    iterations           | 193         |
|    time_elapsed         | 1104        |
|    total_timesteps      | 395264      |
| train/                  |             |
|    approx_kl            | 0.009718217 |
|    clip_fraction        | 0.0956      |
|    clip_range           | 0.2         |
|    entropy_loss         | -14.5       |
|    explained_variance   | 0.0685      |
|    learning_rate        | 0.0003      |
|    loss                 | 69.1        |
|    n_updates            | 1920        |
|    policy_gradient_loss | -0.00845    |
|    std                  | 0.823       |
|    value_loss           | 363         |
-----------------------------------------
-----------------------------------------
| rollout/                |             |
|    ep_len_mean          | 8.92e+03    |
|    ep_rew_mean          | -1.04e+03   |
| time/                   |             |
|    fps                  | 357         |
|    iterations           | 194         |
|    time_elapsed         | 1110        |
|    total_timesteps      | 397312      |
| train/                  |             |
|    approx_kl            | 0.034213703 |
|    clip_fraction        | 0.315       |
|    clip_range           | 0.2         |
|    entropy_loss         | -14.5       |
|    explained_variance   | 0.425       |
|    learning_rate        | 0.0003      |
|    loss                 | 1.22        |
|    n_updates            | 1930        |
|    policy_gradient_loss | -0.0093     |
|    std                  | 0.821       |
|    value_loss           | 5           |
-----------------------------------------
-----------------------------------------
| rollout/                |             |
|    ep_len_mean          | 8.92e+03    |
|    ep_rew_mean          | -1.04e+03   |
| time/                   |             |
|    fps                  | 357         |
|    iterations           | 195         |
|    time_elapsed         | 1116        |
|    total_timesteps      | 399360      |
| train/                  |             |
|    approx_kl            | 0.018435787 |
|    clip_fraction        | 0.216       |
|    clip_range           | 0.2         |
|    entropy_loss         | -14.5       |
|    explained_variance   | 0.789       |
|    learning_rate        | 0.0003      |
|    loss                 | 4.12        |
|    n_updates            | 1940        |
|    policy_gradient_loss | -0.0188     |
|    std                  | 0.821       |
|    value_loss           | 7.91        |
-----------------------------------------
-----------------------------------------
| rollout/                |             |
|    ep_len_mean          | 8.92e+03    |
|    ep_rew_mean          | -1.04e+03   |
| time/                   |             |
|    fps                  | 357         |
|    iterations           | 196         |
|    time_elapsed         | 1121        |
|    total_timesteps      | 401408      |
| train/                  |             |
|    approx_kl            | 0.032558925 |
|    clip_fraction        | 0.355       |
|    clip_range           | 0.2         |
|    entropy_loss         | -14.5       |
|    explained_variance   | 0.625       |
|    learning_rate        | 0.0003      |
|    loss                 | 0.535       |
|    n_updates            | 1950        |
|    policy_gradient_loss | -0.0111     |
|    std                  | 0.82        |
|    value_loss           | 1.9         |
-----------------------------------------
-----------------------------------------
| rollout/                |             |
|    ep_len_mean          | 8.92e+03    |
|    ep_rew_mean          | -1.04e+03   |
| time/                   |             |
|    fps                  | 358         |
|    iterations           | 197         |
|    time_elapsed         | 1126        |
|    total_timesteps      | 403456      |
| train/                  |             |
|    approx_kl            | 0.008211931 |
|    clip_fraction        | 0.143       |
|    clip_range           | 0.2         |
|    entropy_loss         | -14.5       |
|    explained_variance   | 0.00474     |
|    learning_rate        | 0.0003      |
|    loss                 | 6.86        |
|    n_updates            | 1960        |
|    policy_gradient_loss | -0.00487    |
|    std                  | 0.821       |
|    value_loss           | 361         |
-----------------------------------------
-----------------------------------------
| rollout/                |             |
|    ep_len_mean          | 8.92e+03    |
|    ep_rew_mean          | -1.04e+03   |
| time/                   |             |
|    fps                  | 358         |
|    iterations           | 198         |
|    time_elapsed         | 1131        |
|    total_timesteps      | 405504      |
| train/                  |             |
|    approx_kl            | 0.008266348 |
|    clip_fraction        | 0.122       |
|    clip_range           | 0.2         |
|    entropy_loss         | -14.5       |
|    explained_variance   | 0.653       |
|    learning_rate        | 0.0003      |
|    loss                 | 15.7        |
|    n_updates            | 1970        |
|    policy_gradient_loss | -0.0101     |
|    std                  | 0.82        |
|    value_loss           | 38.5        |
-----------------------------------------
-----------------------------------------
| rollout/                |             |
|    ep_len_mean          | 8.92e+03    |
|    ep_rew_mean          | -1.04e+03   |
| time/                   |             |
|    fps                  | 358         |
|    iterations           | 199         |
|    time_elapsed         | 1136        |
|    total_timesteps      | 407552      |
| train/                  |             |
|    approx_kl            | 0.009226014 |
|    clip_fraction        | 0.103       |
|    clip_range           | 0.2         |
|    entropy_loss         | -14.5       |
|    explained_variance   | 0.781       |
|    learning_rate        | 0.0003      |
|    loss                 | 20.3        |
|    n_updates            | 1980        |
|    policy_gradient_loss | -0.011      |
|    std                  | 0.82        |
|    value_loss           | 84.3        |
-----------------------------------------
-----------------------------------------
| rollout/                |             |
|    ep_len_mean          | 8.92e+03    |
|    ep_rew_mean          | -1.04e+03   |
| time/                   |             |
|    fps                  | 358         |
|    iterations           | 200         |
|    time_elapsed         | 1141        |
|    total_timesteps      | 409600      |
| train/                  |             |
|    approx_kl            | 0.011181151 |
|    clip_fraction        | 0.108       |
|    clip_range           | 0.2         |
|    entropy_loss         | -14.5       |
|    explained_variance   | 0.828       |
|    learning_rate        | 0.0003      |
|    loss                 | 10.2        |
|    n_updates            | 1990        |
|    policy_gradient_loss | -0.0119     |
|    std                  | 0.82        |
|    value_loss           | 53.5        |
-----------------------------------------
-----------------------------------------
| rollout/                |             |
|    ep_len_mean          | 8.92e+03    |
|    ep_rew_mean          | -1.04e+03   |
| time/                   |             |
|    fps                  | 359         |
|    iterations           | 201         |
|    time_elapsed         | 1146        |
|    total_timesteps      | 411648      |
| train/                  |             |
|    approx_kl            | 0.010496917 |
|    clip_fraction        | 0.112       |
|    clip_range           | 0.2         |
|    entropy_loss         | -14.5       |
|    explained_variance   | 0.65        |
|    learning_rate        | 0.0003      |
|    loss                 | 21.1        |
|    n_updates            | 2000        |
|    policy_gradient_loss | -0.0106     |
|    std                  | 0.82        |
|    value_loss           | 47.2        |
-----------------------------------------
-----------------------------------------
| rollout/                |             |
|    ep_len_mean          | 8.92e+03    |
|    ep_rew_mean          | -1.04e+03   |
| time/                   |             |
|    fps                  | 359         |
|    iterations           | 202         |
|    time_elapsed         | 1151        |
|    total_timesteps      | 413696      |
| train/                  |             |
|    approx_kl            | 0.008033372 |
|    clip_fraction        | 0.0678      |
|    clip_range           | 0.2         |
|    entropy_loss         | -14.5       |
|    explained_variance   | 0.322       |
|    learning_rate        | 0.0003      |
|    loss                 | 56.7        |
|    n_updates            | 2010        |
|    policy_gradient_loss | -0.00819    |
|    std                  | 0.82        |
|    value_loss           | 543         |
-----------------------------------------
-----------------------------------------
| rollout/                |             |
|    ep_len_mean          | 8.92e+03    |
|    ep_rew_mean          | -1.04e+03   |
| time/                   |             |
|    fps                  | 359         |
|    iterations           | 203         |
|    time_elapsed         | 1157        |
|    total_timesteps      | 415744      |
| train/                  |             |
|    approx_kl            | 0.009468075 |
|    clip_fraction        | 0.106       |
|    clip_range           | 0.2         |
|    entropy_loss         | -14.5       |
|    explained_variance   | 0.771       |
|    learning_rate        | 0.0003      |
|    loss                 | 21          |
|    n_updates            | 2020        |
|    policy_gradient_loss | -0.00875    |
|    std                  | 0.82        |
|    value_loss           | 50.1        |
-----------------------------------------
-----------------------------------------
| rollout/                |             |
|    ep_len_mean          | 8.92e+03    |
|    ep_rew_mean          | -1.04e+03   |
| time/                   |             |
|    fps                  | 359         |
|    iterations           | 204         |
|    time_elapsed         | 1162        |
|    total_timesteps      | 417792      |
| train/                  |             |
|    approx_kl            | 0.011486433 |
|    clip_fraction        | 0.119       |
|    clip_range           | 0.2         |
|    entropy_loss         | -14.5       |
|    explained_variance   | 0.815       |
|    learning_rate        | 0.0003      |
|    loss                 | 20.1        |
|    n_updates            | 2030        |
|    policy_gradient_loss | -0.0112     |
|    std                  | 0.82        |
|    value_loss           | 63.1        |
-----------------------------------------
-----------------------------------------
| rollout/                |             |
|    ep_len_mean          | 8.92e+03    |
|    ep_rew_mean          | -1.04e+03   |
| time/                   |             |
|    fps                  | 359         |
|    iterations           | 205         |
|    time_elapsed         | 1167        |
|    total_timesteps      | 419840      |
| train/                  |             |
|    approx_kl            | 0.016055487 |
|    clip_fraction        | 0.162       |
|    clip_range           | 0.2         |
|    entropy_loss         | -14.5       |
|    explained_variance   | 0.718       |
|    learning_rate        | 0.0003      |
|    loss                 | 8.55        |
|    n_updates            | 2040        |
|    policy_gradient_loss | -0.00789    |
|    std                  | 0.821       |
|    value_loss           | 27.2        |
-----------------------------------------
-----------------------------------------
| rollout/                |             |
|    ep_len_mean          | 8.92e+03    |
|    ep_rew_mean          | -1.04e+03   |
| time/                   |             |
|    fps                  | 359         |
|    iterations           | 206         |
|    time_elapsed         | 1172        |
|    total_timesteps      | 421888      |
| train/                  |             |
|    approx_kl            | 0.013225187 |
|    clip_fraction        | 0.14        |
|    clip_range           | 0.2         |
|    entropy_loss         | -14.5       |
|    explained_variance   | 0.102       |
|    learning_rate        | 0.0003      |
|    loss                 | 68.5        |
|    n_updates            | 2050        |
|    policy_gradient_loss | -0.0124     |
|    std                  | 0.819       |
|    value_loss           | 395         |
-----------------------------------------
----------------------------------------
| rollout/                |            |
|    ep_len_mean          | 8.92e+03   |
|    ep_rew_mean          | -1.04e+03  |
| time/                   |            |
|    fps                  | 359        |
|    iterations           | 207        |
|    time_elapsed         | 1177       |
|    total_timesteps      | 423936     |
| train/                  |            |
|    approx_kl            | 0.03581427 |
|    clip_fraction        | 0.434      |
|    clip_range           | 0.2        |
|    entropy_loss         | -14.5      |
|    explained_variance   | 0.79       |
|    learning_rate        | 0.0003     |
|    loss                 | 2.33       |
|    n_updates            | 2060       |
|    policy_gradient_loss | 0.00219    |
|    std                  | 0.818      |
|    value_loss           | 3.81       |
----------------------------------------
-----------------------------------------
| rollout/                |             |
|    ep_len_mean          | 8.92e+03    |
|    ep_rew_mean          | -1.04e+03   |
| time/                   |             |
|    fps                  | 359         |
|    iterations           | 208         |
|    time_elapsed         | 1183        |
|    total_timesteps      | 425984      |
| train/                  |             |
|    approx_kl            | 0.016714793 |
|    clip_fraction        | 0.191       |
|    clip_range           | 0.2         |
|    entropy_loss         | -14.5       |
|    explained_variance   | 0.638       |
|    learning_rate        | 0.0003      |
|    loss                 | 2.9         |
|    n_updates            | 2070        |
|    policy_gradient_loss | -0.0106     |
|    std                  | 0.817       |
|    value_loss           | 11.2        |
-----------------------------------------
-----------------------------------------
| rollout/                |             |
|    ep_len_mean          | 8.92e+03    |
|    ep_rew_mean          | -1.04e+03   |
| time/                   |             |
|    fps                  | 359         |
|    iterations           | 209         |
|    time_elapsed         | 1189        |
|    total_timesteps      | 428032      |
| train/                  |             |
|    approx_kl            | 0.033295564 |
|    clip_fraction        | 0.333       |
|    clip_range           | 0.2         |
|    entropy_loss         | -14.5       |
|    explained_variance   | 0.726       |
|    learning_rate        | 0.0003      |
|    loss                 | 0.942       |
|    n_updates            | 2080        |
|    policy_gradient_loss | -0.00554    |
|    std                  | 0.819       |
|    value_loss           | 3.09        |
-----------------------------------------
-----------------------------------------
| rollout/                |             |
|    ep_len_mean          | 8.92e+03    |
|    ep_rew_mean          | -1.04e+03   |
| time/                   |             |
|    fps                  | 360         |
|    iterations           | 210         |
|    time_elapsed         | 1193        |
|    total_timesteps      | 430080      |
| train/                  |             |
|    approx_kl            | 0.014463859 |
|    clip_fraction        | 0.245       |
|    clip_range           | 0.2         |
|    entropy_loss         | -14.5       |
|    explained_variance   | 0.11        |
|    learning_rate        | 0.0003      |
|    loss                 | 250         |
|    n_updates            | 2090        |
|    policy_gradient_loss | -0.000483   |
|    std                  | 0.819       |
|    value_loss           | 353         |
-----------------------------------------
-----------------------------------------
| rollout/                |             |
|    ep_len_mean          | 8.92e+03    |
|    ep_rew_mean          | -1.04e+03   |
| time/                   |             |
|    fps                  | 360         |
|    iterations           | 211         |
|    time_elapsed         | 1198        |
|    total_timesteps      | 432128      |
| train/                  |             |
|    approx_kl            | 0.028862752 |
|    clip_fraction        | 0.222       |
|    clip_range           | 0.2         |
|    entropy_loss         | -14.5       |
|    explained_variance   | 0.477       |
|    learning_rate        | 0.0003      |
|    loss                 | 1.27        |
|    n_updates            | 2100        |
|    policy_gradient_loss | -0.0109     |
|    std                  | 0.818       |
|    value_loss           | 13.3        |
-----------------------------------------
----------------------------------------
| rollout/                |            |
|    ep_len_mean          | 8.92e+03   |
|    ep_rew_mean          | -1.04e+03  |
| time/                   |            |
|    fps                  | 360        |
|    iterations           | 212        |
|    time_elapsed         | 1203       |
|    total_timesteps      | 434176     |
| train/                  |            |
|    approx_kl            | 0.01879177 |
|    clip_fraction        | 0.19       |
|    clip_range           | 0.2        |
|    entropy_loss         | -14.5      |
|    explained_variance   | 0.789      |
|    learning_rate        | 0.0003     |
|    loss                 | 6.87       |
|    n_updates            | 2110       |
|    policy_gradient_loss | -0.0165    |
|    std                  | 0.816      |
|    value_loss           | 13.3       |
----------------------------------------
-----------------------------------------
| rollout/                |             |
|    ep_len_mean          | 8.92e+03    |
|    ep_rew_mean          | -1.04e+03   |
| time/                   |             |
|    fps                  | 360         |
|    iterations           | 213         |
|    time_elapsed         | 1208        |
|    total_timesteps      | 436224      |
| train/                  |             |
|    approx_kl            | 0.015786305 |
|    clip_fraction        | 0.172       |
|    clip_range           | 0.2         |
|    entropy_loss         | -14.4       |
|    explained_variance   | 0.827       |
|    learning_rate        | 0.0003      |
|    loss                 | 4.53        |
|    n_updates            | 2120        |
|    policy_gradient_loss | -0.0167     |
|    std                  | 0.815       |
|    value_loss           | 15.7        |
-----------------------------------------
-----------------------------------------
| rollout/                |             |
|    ep_len_mean          | 8.92e+03    |
|    ep_rew_mean          | -1.04e+03   |
| time/                   |             |
|    fps                  | 361         |
|    iterations           | 214         |
|    time_elapsed         | 1213        |
|    total_timesteps      | 438272      |
| train/                  |             |
|    approx_kl            | 0.021146607 |
|    clip_fraction        | 0.243       |
|    clip_range           | 0.2         |
|    entropy_loss         | -14.4       |
|    explained_variance   | 0.728       |
|    learning_rate        | 0.0003      |
|    loss                 | 2.69        |
|    n_updates            | 2130        |
|    policy_gradient_loss | -0.00564    |
|    std                  | 0.811       |
|    value_loss           | 8.9         |
-----------------------------------------
-----------------------------------------
| rollout/                |             |
|    ep_len_mean          | 8.92e+03    |
|    ep_rew_mean          | -1.04e+03   |
| time/                   |             |
|    fps                  | 361         |
|    iterations           | 215         |
|    time_elapsed         | 1219        |
|    total_timesteps      | 440320      |
| train/                  |             |
|    approx_kl            | 0.008992323 |
|    clip_fraction        | 0.135       |
|    clip_range           | 0.2         |
|    entropy_loss         | -14.4       |
|    explained_variance   | 0.127       |
|    learning_rate        | 0.0003      |
|    loss                 | 9.66        |
|    n_updates            | 2140        |
|    policy_gradient_loss | -0.0128     |
|    std                  | 0.811       |
|    value_loss           | 528         |
-----------------------------------------
----------------------------------------
| rollout/                |            |
|    ep_len_mean          | 8.92e+03   |
|    ep_rew_mean          | -1.04e+03  |
| time/                   |            |
|    fps                  | 361        |
|    iterations           | 216        |
|    time_elapsed         | 1224       |
|    total_timesteps      | 442368     |
| train/                  |            |
|    approx_kl            | 0.01826237 |
|    clip_fraction        | 0.159      |
|    clip_range           | 0.2        |
|    entropy_loss         | -14.4      |
|    explained_variance   | 0.657      |
|    learning_rate        | 0.0003     |
|    loss                 | 7.83       |
|    n_updates            | 2150       |
|    policy_gradient_loss | -0.00941   |
|    std                  | 0.811      |
|    value_loss           | 32.6       |
----------------------------------------
-----------------------------------------
| rollout/                |             |
|    ep_len_mean          | 8.92e+03    |
|    ep_rew_mean          | -1.04e+03   |
| time/                   |             |
|    fps                  | 361         |
|    iterations           | 217         |
|    time_elapsed         | 1229        |
|    total_timesteps      | 444416      |
| train/                  |             |
|    approx_kl            | 0.012105363 |
|    clip_fraction        | 0.134       |
|    clip_range           | 0.2         |
|    entropy_loss         | -14.4       |
|    explained_variance   | 0.82        |
|    learning_rate        | 0.0003      |
|    loss                 | 5.94        |
|    n_updates            | 2160        |
|    policy_gradient_loss | -0.0106     |
|    std                  | 0.81        |
|    value_loss           | 30.9        |
-----------------------------------------
-----------------------------------------
| rollout/                |             |
|    ep_len_mean          | 8.92e+03    |
|    ep_rew_mean          | -1.04e+03   |
| time/                   |             |
|    fps                  | 361         |
|    iterations           | 218         |
|    time_elapsed         | 1234        |
|    total_timesteps      | 446464      |
| train/                  |             |
|    approx_kl            | 0.018280512 |
|    clip_fraction        | 0.23        |
|    clip_range           | 0.2         |
|    entropy_loss         | -14.4       |
|    explained_variance   | 0.687       |
|    learning_rate        | 0.0003      |
|    loss                 | 8.94        |
|    n_updates            | 2170        |
|    policy_gradient_loss | -0.011      |
|    std                  | 0.814       |
|    value_loss           | 18          |
-----------------------------------------
-----------------------------------------
| rollout/                |             |
|    ep_len_mean          | 8.92e+03    |
|    ep_rew_mean          | -1.04e+03   |
| time/                   |             |
|    fps                  | 361         |
|    iterations           | 219         |
|    time_elapsed         | 1239        |
|    total_timesteps      | 448512      |
| train/                  |             |
|    approx_kl            | 0.012191629 |
|    clip_fraction        | 0.14        |
|    clip_range           | 0.2         |
|    entropy_loss         | -14.4       |
|    explained_variance   | 0.0887      |
|    learning_rate        | 0.0003      |
|    loss                 | 18.5        |
|    n_updates            | 2180        |
|    policy_gradient_loss | -0.013      |
|    std                  | 0.814       |
|    value_loss           | 423         |
-----------------------------------------
-----------------------------------------
| rollout/                |             |
|    ep_len_mean          | 8.92e+03    |
|    ep_rew_mean          | -1.04e+03   |
| time/                   |             |
|    fps                  | 362         |
|    iterations           | 220         |
|    time_elapsed         | 1244        |
|    total_timesteps      | 450560      |
| train/                  |             |
|    approx_kl            | 0.034289107 |
|    clip_fraction        | 0.413       |
|    clip_range           | 0.2         |
|    entropy_loss         | -14.4       |
|    explained_variance   | 0.572       |
|    learning_rate        | 0.0003      |
|    loss                 | 2.55        |
|    n_updates            | 2190        |
|    policy_gradient_loss | -0.00473    |
|    std                  | 0.81        |
|    value_loss           | 5.38        |
-----------------------------------------
-----------------------------------------
| rollout/                |             |
|    ep_len_mean          | 8.92e+03    |
|    ep_rew_mean          | -1.04e+03   |
| time/                   |             |
|    fps                  | 362         |
|    iterations           | 221         |
|    time_elapsed         | 1249        |
|    total_timesteps      | 452608      |
| train/                  |             |
|    approx_kl            | 0.018900678 |
|    clip_fraction        | 0.187       |
|    clip_range           | 0.2         |
|    entropy_loss         | -14.3       |
|    explained_variance   | 0.637       |
|    learning_rate        | 0.0003      |
|    loss                 | 3.85        |
|    n_updates            | 2200        |
|    policy_gradient_loss | -0.0146     |
|    std                  | 0.806       |
|    value_loss           | 13.2        |
-----------------------------------------
-----------------------------------------
| rollout/                |             |
|    ep_len_mean          | 8.92e+03    |
|    ep_rew_mean          | -1.04e+03   |
| time/                   |             |
|    fps                  | 362         |
|    iterations           | 222         |
|    time_elapsed         | 1254        |
|    total_timesteps      | 454656      |
| train/                  |             |
|    approx_kl            | 0.046052113 |
|    clip_fraction        | 0.373       |
|    clip_range           | 0.2         |
|    entropy_loss         | -14.3       |
|    explained_variance   | 0.675       |
|    learning_rate        | 0.0003      |
|    loss                 | 1.34        |
|    n_updates            | 2210        |
|    policy_gradient_loss | -0.00366    |
|    std                  | 0.809       |
|    value_loss           | 3.89        |
-----------------------------------------
-----------------------------------------
| rollout/                |             |
|    ep_len_mean          | 8.92e+03    |
|    ep_rew_mean          | -1.04e+03   |
| time/                   |             |
|    fps                  | 362         |
|    iterations           | 223         |
|    time_elapsed         | 1259        |
|    total_timesteps      | 456704      |
| train/                  |             |
|    approx_kl            | 0.028679203 |
|    clip_fraction        | 0.284       |
|    clip_range           | 0.2         |
|    entropy_loss         | -14.3       |
|    explained_variance   | 0.831       |
|    learning_rate        | 0.0003      |
|    loss                 | 3.45        |
|    n_updates            | 2220        |
|    policy_gradient_loss | -0.00694    |
|    std                  | 0.807       |
|    value_loss           | 3.89        |
-----------------------------------------
---------------------------------------
| rollout/                |           |
|    ep_len_mean          | 8.92e+03  |
|    ep_rew_mean          | -1.04e+03 |
| time/                   |           |
|    fps                  | 362       |
|    iterations           | 224       |
|    time_elapsed         | 1264      |
|    total_timesteps      | 458752    |
| train/                  |           |
|    approx_kl            | 0.031096  |
|    clip_fraction        | 0.302     |
|    clip_range           | 0.2       |
|    entropy_loss         | -14.3     |
|    explained_variance   | 0.0616    |
|    learning_rate        | 0.0003    |
|    loss                 | 0.521     |
|    n_updates            | 2230      |
|    policy_gradient_loss | 0.00337   |
|    std                  | 0.805     |
|    value_loss           | 195       |
---------------------------------------
-----------------------------------------
| rollout/                |             |
|    ep_len_mean          | 8.92e+03    |
|    ep_rew_mean          | -1.04e+03   |
| time/                   |             |
|    fps                  | 362         |
|    iterations           | 225         |
|    time_elapsed         | 1270        |
|    total_timesteps      | 460800      |
| train/                  |             |
|    approx_kl            | 0.047803685 |
|    clip_fraction        | 0.436       |
|    clip_range           | 0.2         |
|    entropy_loss         | -14.3       |
|    explained_variance   | 0.759       |
|    learning_rate        | 0.0003      |
|    loss                 | 0.176       |
|    n_updates            | 2240        |
|    policy_gradient_loss | -0.00193    |
|    std                  | 0.81        |
|    value_loss           | 0.563       |
-----------------------------------------
-----------------------------------------
| rollout/                |             |
|    ep_len_mean          | 8.92e+03    |
|    ep_rew_mean          | -1.04e+03   |
| time/                   |             |
|    fps                  | 362         |
|    iterations           | 226         |
|    time_elapsed         | 1276        |
|    total_timesteps      | 462848      |
| train/                  |             |
|    approx_kl            | 0.028377019 |
|    clip_fraction        | 0.325       |
|    clip_range           | 0.2         |
|    entropy_loss         | -14.4       |
|    explained_variance   | 0.776       |
|    learning_rate        | 0.0003      |
|    loss                 | 0.0976      |
|    n_updates            | 2250        |
|    policy_gradient_loss | -0.0069     |
|    std                  | 0.81        |
|    value_loss           | 0.43        |
-----------------------------------------
----------------------------------------
| rollout/                |            |
|    ep_len_mean          | 8.92e+03   |
|    ep_rew_mean          | -1.04e+03  |
| time/                   |            |
|    fps                  | 362        |
|    iterations           | 227        |
|    time_elapsed         | 1281       |
|    total_timesteps      | 464896     |
| train/                  |            |
|    approx_kl            | 0.02444674 |
|    clip_fraction        | 0.294      |
|    clip_range           | 0.2        |
|    entropy_loss         | -14.3      |
|    explained_variance   | 0.815      |
|    learning_rate        | 0.0003     |
|    loss                 | 0.1        |
|    n_updates            | 2260       |
|    policy_gradient_loss | -0.0146    |
|    std                  | 0.81       |
|    value_loss           | 0.501      |
----------------------------------------
-----------------------------------------
| rollout/                |             |
|    ep_len_mean          | 8.92e+03    |
|    ep_rew_mean          | -1.04e+03   |
| time/                   |             |
|    fps                  | 363         |
|    iterations           | 228         |
|    time_elapsed         | 1286        |
|    total_timesteps      | 466944      |
| train/                  |             |
|    approx_kl            | 0.005936656 |
|    clip_fraction        | 0.113       |
|    clip_range           | 0.2         |
|    entropy_loss         | -14.4       |
|    explained_variance   | 0.0259      |
|    learning_rate        | 0.0003      |
|    loss                 | 43.4        |
|    n_updates            | 2270        |
|    policy_gradient_loss | -0.00147    |
|    std                  | 0.81        |
|    value_loss           | 473         |
-----------------------------------------
-----------------------------------------
| rollout/                |             |
|    ep_len_mean          | 8.92e+03    |
|    ep_rew_mean          | -1.04e+03   |
| time/                   |             |
|    fps                  | 363         |
|    iterations           | 229         |
|    time_elapsed         | 1291        |
|    total_timesteps      | 468992      |
| train/                  |             |
|    approx_kl            | 0.014780641 |
|    clip_fraction        | 0.141       |
|    clip_range           | 0.2         |
|    entropy_loss         | -14.4       |
|    explained_variance   | 0.537       |
|    learning_rate        | 0.0003      |
|    loss                 | 1.18        |
|    n_updates            | 2280        |
|    policy_gradient_loss | -0.00311    |
|    std                  | 0.81        |
|    value_loss           | 8.72        |
-----------------------------------------
-----------------------------------------
| rollout/                |             |
|    ep_len_mean          | 8.92e+03    |
|    ep_rew_mean          | -1.04e+03   |
| time/                   |             |
|    fps                  | 363         |
|    iterations           | 230         |
|    time_elapsed         | 1296        |
|    total_timesteps      | 471040      |
| train/                  |             |
|    approx_kl            | 0.015328801 |
|    clip_fraction        | 0.141       |
|    clip_range           | 0.2         |
|    entropy_loss         | -14.3       |
|    explained_variance   | 0.752       |
|    learning_rate        | 0.0003      |
|    loss                 | 1.11        |
|    n_updates            | 2290        |
|    policy_gradient_loss | -0.0152     |
|    std                  | 0.81        |
|    value_loss           | 4.09        |
-----------------------------------------
-----------------------------------------
| rollout/                |             |
|    ep_len_mean          | 8.92e+03    |
|    ep_rew_mean          | -1.03e+03   |
| time/                   |             |
|    fps                  | 363         |
|    iterations           | 231         |
|    time_elapsed         | 1301        |
|    total_timesteps      | 473088      |
| train/                  |             |
|    approx_kl            | 0.019026492 |
|    clip_fraction        | 0.169       |
|    clip_range           | 0.2         |
|    entropy_loss         | -14.3       |
|    explained_variance   | 0.649       |
|    learning_rate        | 0.0003      |
|    loss                 | 2.39        |
|    n_updates            | 2300        |
|    policy_gradient_loss | -0.0123     |
|    std                  | 0.809       |
|    value_loss           | 3.89        |
-----------------------------------------
------------------------------------------
| rollout/                |              |
|    ep_len_mean          | 8.92e+03     |
|    ep_rew_mean          | -1.03e+03    |
| time/                   |              |
|    fps                  | 363          |
|    iterations           | 232          |
|    time_elapsed         | 1305         |
|    total_timesteps      | 475136       |
| train/                  |              |
|    approx_kl            | 0.0070278374 |
|    clip_fraction        | 0.0838       |
|    clip_range           | 0.2          |
|    entropy_loss         | -14.3        |
|    explained_variance   | 0.035        |
|    learning_rate        | 0.0003       |
|    loss                 | 235          |
|    n_updates            | 2310         |
|    policy_gradient_loss | -0.00249     |
|    std                  | 0.809        |
|    value_loss           | 470          |
------------------------------------------
-----------------------------------------
| rollout/                |             |
|    ep_len_mean          | 8.92e+03    |
|    ep_rew_mean          | -1.03e+03   |
| time/                   |             |
|    fps                  | 364         |
|    iterations           | 233         |
|    time_elapsed         | 1310        |
|    total_timesteps      | 477184      |
| train/                  |             |
|    approx_kl            | 0.015577388 |
|    clip_fraction        | 0.179       |
|    clip_range           | 0.2         |
|    entropy_loss         | -14.3       |
|    explained_variance   | 0.701       |
|    learning_rate        | 0.0003      |
|    loss                 | 5.8         |
|    n_updates            | 2320        |
|    policy_gradient_loss | -0.00855    |
|    std                  | 0.808       |
|    value_loss           | 9.2         |
-----------------------------------------
-----------------------------------------
| rollout/                |             |
|    ep_len_mean          | 8.92e+03    |
|    ep_rew_mean          | -1.03e+03   |
| time/                   |             |
|    fps                  | 364         |
|    iterations           | 234         |
|    time_elapsed         | 1315        |
|    total_timesteps      | 479232      |
| train/                  |             |
|    approx_kl            | 0.008166743 |
|    clip_fraction        | 0.0688      |
|    clip_range           | 0.2         |
|    entropy_loss         | -14.3       |
|    explained_variance   | 0.798       |
|    learning_rate        | 0.0003      |
|    loss                 | 8.16        |
|    n_updates            | 2330        |
|    policy_gradient_loss | -0.00924    |
|    std                  | 0.808       |
|    value_loss           | 22.9        |
-----------------------------------------
-----------------------------------------
| rollout/                |             |
|    ep_len_mean          | 8.92e+03    |
|    ep_rew_mean          | -1.03e+03   |
| time/                   |             |
|    fps                  | 364         |
|    iterations           | 235         |
|    time_elapsed         | 1320        |
|    total_timesteps      | 481280      |
| train/                  |             |
|    approx_kl            | 0.011692109 |
|    clip_fraction        | 0.0892      |
|    clip_range           | 0.2         |
|    entropy_loss         | -14.3       |
|    explained_variance   | 0.688       |
|    learning_rate        | 0.0003      |
|    loss                 | 2.36        |
|    n_updates            | 2340        |
|    policy_gradient_loss | -0.0092     |
|    std                  | 0.809       |
|    value_loss           | 14.8        |
-----------------------------------------
-----------------------------------------
| rollout/                |             |
|    ep_len_mean          | 8.92e+03    |
|    ep_rew_mean          | -1.03e+03   |
| time/                   |             |
|    fps                  | 364         |
|    iterations           | 236         |
|    time_elapsed         | 1324        |
|    total_timesteps      | 483328      |
| train/                  |             |
|    approx_kl            | 0.024726313 |
|    clip_fraction        | 0.301       |
|    clip_range           | 0.2         |
|    entropy_loss         | -14.3       |
|    explained_variance   | 0.61        |
|    learning_rate        | 0.0003      |
|    loss                 | 1.4         |
|    n_updates            | 2350        |
|    policy_gradient_loss | -0.0196     |
|    std                  | 0.807       |
|    value_loss           | 2.59        |
-----------------------------------------
-----------------------------------------
| rollout/                |             |
|    ep_len_mean          | 8.92e+03    |
|    ep_rew_mean          | -1.03e+03   |
| time/                   |             |
|    fps                  | 364         |
|    iterations           | 237         |
|    time_elapsed         | 1329        |
|    total_timesteps      | 485376      |
| train/                  |             |
|    approx_kl            | 0.022571925 |
|    clip_fraction        | 0.137       |
|    clip_range           | 0.2         |
|    entropy_loss         | -14.3       |
|    explained_variance   | -0.000141   |
|    learning_rate        | 0.0003      |
|    loss                 | 11.6        |
|    n_updates            | 2360        |
|    policy_gradient_loss | -0.00333    |
|    std                  | 0.807       |
|    value_loss           | 420         |
-----------------------------------------
-----------------------------------------
| rollout/                |             |
|    ep_len_mean          | 8.92e+03    |
|    ep_rew_mean          | -1.03e+03   |
| time/                   |             |
|    fps                  | 365         |
|    iterations           | 238         |
|    time_elapsed         | 1334        |
|    total_timesteps      | 487424      |
| train/                  |             |
|    approx_kl            | 0.048439004 |
|    clip_fraction        | 0.419       |
|    clip_range           | 0.2         |
|    entropy_loss         | -14.3       |
|    explained_variance   | 0.69        |
|    learning_rate        | 0.0003      |
|    loss                 | 0.455       |
|    n_updates            | 2370        |
|    policy_gradient_loss | -0.00783    |
|    std                  | 0.808       |
|    value_loss           | 1.12        |
-----------------------------------------
----------------------------------------
| rollout/                |            |
|    ep_len_mean          | 8.92e+03   |
|    ep_rew_mean          | -1.03e+03  |
| time/                   |            |
|    fps                  | 365        |
|    iterations           | 239        |
|    time_elapsed         | 1339       |
|    total_timesteps      | 489472     |
| train/                  |            |
|    approx_kl            | 0.03648594 |
|    clip_fraction        | 0.377      |
|    clip_range           | 0.2        |
|    entropy_loss         | -14.3      |
|    explained_variance   | 0.726      |
|    learning_rate        | 0.0003     |
|    loss                 | 0.138      |
|    n_updates            | 2380       |
|    policy_gradient_loss | -0.0083    |
|    std                  | 0.805      |
|    value_loss           | 0.907      |
----------------------------------------
-----------------------------------------
| rollout/                |             |
|    ep_len_mean          | 8.92e+03    |
|    ep_rew_mean          | -1.03e+03   |
| time/                   |             |
|    fps                  | 365         |
|    iterations           | 240         |
|    time_elapsed         | 1345        |
|    total_timesteps      | 491520      |
| train/                  |             |
|    approx_kl            | 0.033492297 |
|    clip_fraction        | 0.345       |
|    clip_range           | 0.2         |
|    entropy_loss         | -14.3       |
|    explained_variance   | 0.758       |
|    learning_rate        | 0.0003      |
|    loss                 | 0.0593      |
|    n_updates            | 2390        |
|    policy_gradient_loss | -0.011      |
|    std                  | 0.806       |
|    value_loss           | 0.43        |
-----------------------------------------
-----------------------------------------
| rollout/                |             |
|    ep_len_mean          | 8.92e+03    |
|    ep_rew_mean          | -1.03e+03   |
| time/                   |             |
|    fps                  | 365         |
|    iterations           | 241         |
|    time_elapsed         | 1350        |
|    total_timesteps      | 493568      |
| train/                  |             |
|    approx_kl            | 0.010029745 |
|    clip_fraction        | 0.172       |
|    clip_range           | 0.2         |
|    entropy_loss         | -14.3       |
|    explained_variance   | -0.00449    |
|    learning_rate        | 0.0003      |
|    loss                 | 39.6        |
|    n_updates            | 2400        |
|    policy_gradient_loss | -0.000406   |
|    std                  | 0.806       |
|    value_loss           | 545         |
-----------------------------------------
-----------------------------------------
| rollout/                |             |
|    ep_len_mean          | 8.92e+03    |
|    ep_rew_mean          | -1.03e+03   |
| time/                   |             |
|    fps                  | 365         |
|    iterations           | 242         |
|    time_elapsed         | 1355        |
|    total_timesteps      | 495616      |
| train/                  |             |
|    approx_kl            | 0.008984217 |
|    clip_fraction        | 0.107       |
|    clip_range           | 0.2         |
|    entropy_loss         | -14.3       |
|    explained_variance   | 0.666       |
|    learning_rate        | 0.0003      |
|    loss                 | 1.31        |
|    n_updates            | 2410        |
|    policy_gradient_loss | -0.00512    |
|    std                  | 0.806       |
|    value_loss           | 25.3        |
-----------------------------------------
-----------------------------------------
| rollout/                |             |
|    ep_len_mean          | 8.92e+03    |
|    ep_rew_mean          | -1.03e+03   |
| time/                   |             |
|    fps                  | 365         |
|    iterations           | 243         |
|    time_elapsed         | 1360        |
|    total_timesteps      | 497664      |
| train/                  |             |
|    approx_kl            | 0.008360753 |
|    clip_fraction        | 0.0839      |
|    clip_range           | 0.2         |
|    entropy_loss         | -14.3       |
|    explained_variance   | 0.772       |
|    learning_rate        | 0.0003      |
|    loss                 | 3.03        |
|    n_updates            | 2420        |
|    policy_gradient_loss | -0.0116     |
|    std                  | 0.806       |
|    value_loss           | 10.8        |
-----------------------------------------
-----------------------------------------
| rollout/                |             |
|    ep_len_mean          | 8.92e+03    |
|    ep_rew_mean          | -1.03e+03   |
| time/                   |             |
|    fps                  | 365         |
|    iterations           | 244         |
|    time_elapsed         | 1366        |
|    total_timesteps      | 499712      |
| train/                  |             |
|    approx_kl            | 0.010205455 |
|    clip_fraction        | 0.103       |
|    clip_range           | 0.2         |
|    entropy_loss         | -14.3       |
|    explained_variance   | 0.647       |
|    learning_rate        | 0.0003      |
|    loss                 | 4.15        |
|    n_updates            | 2430        |
|    policy_gradient_loss | -0.00923    |
|    std                  | 0.806       |
|    value_loss           | 8.28        |
-----------------------------------------
-----------------------------------------
| rollout/                |             |
|    ep_len_mean          | 8.92e+03    |
|    ep_rew_mean          | -1.03e+03   |
| time/                   |             |
|    fps                  | 365         |
|    iterations           | 245         |
|    time_elapsed         | 1371        |
|    total_timesteps      | 501760      |
| train/                  |             |
|    approx_kl            | 0.005209971 |
|    clip_fraction        | 0.0349      |
|    clip_range           | 0.2         |
|    entropy_loss         | -14.3       |
|    explained_variance   | 0.0702      |
|    learning_rate        | 0.0003      |
|    loss                 | 74.2        |
|    n_updates            | 2440        |
|    policy_gradient_loss | -0.00625    |
|    std                  | 0.806       |
|    value_loss           | 409         |
-----------------------------------------

Model saved to C:\Users\jagal\copilot-worktrees\dc-energy-joint-optimization\jagal-microsoft-literate-umbrella\models\oof\_tmp\ad_to_eh_us_batch_s103_6433d36bdeed429d9b2648b0a9884fcf\ppo_us_model_batch_completion_guard
