timestep,net_demand_normalized,net_demand_mw
0,0.747516,14278.0
1,0.7468005,14264.333
2,0.746085,14250.667
3,0.74536943,14237.0
4,0.74465394,14223.333
5,0.74393845,14209.667
6,0.7432229,14196.0
7,0.7425074,14182.333
8,0.7417919,14168.667
9,0.7410764,14155.0
10,0.74036086,14141.333
11,0.73964536,14127.667
12,0.73892987,14114.0
13,0.7357013,14052.333
14,0.73247284,13990.667
15,0.7292443,13929.0
16,0.7260158,13867.333
17,0.72278726,13805.667
18,0.7195587,13744.0
19,0.71633023,13682.333
20,0.7131017,13620.667
21,0.7098732,13559.0
22,0.70664465,13497.333
23,0.7034161,13435.667
24,0.7001876,13374.0
25,0.69447225,13264.833
26,0.6887569,13155.667
27,0.6830416,13046.5
28,0.6773262,12937.333
29,0.67161083,12828.167
30,0.66589546,12719.0
31,0.66018015,12609.833
32,0.6544648,12500.667
33,0.6487494,12391.5
34,0.64303404,12282.333
35,0.63731873,12173.167
36,0.63160336,12064.0
37,0.6262763,11962.25
38,0.62094927,11860.5
39,0.61562216,11758.75
40,0.6102951,11657.0
41,0.6049681,11555.25
42,0.599641,11453.5
43,0.5943139,11351.75
44,0.5889869,11250.0
45,0.5836598,11148.25
46,0.5783328,11046.5
47,0.57300574,10944.75
48,0.56767863,10843.0
49,0.5637346,10767.667
50,0.5597906,10692.333
51,0.5558466,10617.0
52,0.55190253,10541.667
53,0.5479585,10466.333
54,0.54401445,10391.0
55,0.5400704,10315.667
56,0.53612643,10240.333
57,0.5321824,10165.0
58,0.52823836,10089.667
59,0.5242943,10014.333
60,0.5203503,9939.0
61,0.51764965,9887.417
62,0.5149491,9835.833
63,0.51224846,9784.25
64,0.5095478,9732.667
65,0.5068472,9681.083
66,0.5041466,9629.5
67,0.501446,9577.917
68,0.49874538,9526.333
69,0.49604475,9474.75
70,0.49334413,9423.167
71,0.49064353,9371.583
72,0.4879429,9320.0
73,0.48635048,9289.583
74,0.48475802,9259.167
75,0.48316556,9228.75
76,0.48157313,9198.333
77,0.47998068,9167.917
78,0.47838825,9137.5
79,0.4767958,9107.083
80,0.47520334,9076.667
81,0.4736109,9046.25
82,0.47201845,9015.833
83,0.47042602,8985.417
84,0.46883357,8955.0
85,0.468009,8939.25
86,0.4671844,8923.5
87,0.46635982,8907.75
88,0.46553522,8892.0
89,0.46471065,8876.25
90,0.46388608,8860.5
91,0.46306148,8844.75
92,0.4622369,8829.0
93,0.46141234,8813.25
94,0.46058774,8797.5
95,0.45976317,8781.75
96,0.45893857,8766.0
97,0.459196,8770.917
98,0.4594534,8775.833
99,0.4597108,8780.75
100,0.4599682,8785.667
101,0.46022564,8790.583
102,0.46048304,8795.5
103,0.46074045,8800.417
104,0.46099785,8805.333
105,0.46125525,8810.25
106,0.46151268,8815.167
107,0.4617701,8820.083
108,0.4620275,8825.0
109,0.46414784,8865.5
110,0.4662682,8906.0
111,0.46838856,8946.5
112,0.4705089,8987.0
113,0.47262925,9027.5
114,0.4747496,9068.0
115,0.47686997,9108.5
116,0.47899032,9149.0
117,0.48111066,9189.5
118,0.483231,9230.0
119,0.48535138,9270.5
120,0.48747173,9311.0
121,0.49155974,9389.083
122,0.49564773,9467.167
123,0.49973574,9545.25
124,0.50382376,9623.333
125,0.50791174,9701.417
126,0.5119998,9779.5
127,0.5160878,9857.583
128,0.52017576,9935.667
129,0.5242638,10013.75
130,0.5283518,10091.833
131,0.53243977,10169.917
132,0.5365278,10248.0
133,0.53887063,10292.75
134,0.5412135,10337.5
135,0.5435564,10382.25
136,0.5458992,10427.0
137,0.5482421,10471.75
138,0.550585,10516.5
139,0.5529278,10561.25
140,0.5552707,10606.0
141,0.5576135,10650.75
142,0.5599564,10695.5
143,0.56229925,10740.25
144,0.5646421,10785.0
145,0.5657154,10805.5
146,0.5667886,10826.0
147,0.5678619,10846.5
148,0.56893516,10867.0
149,0.5700084,10887.5
150,0.5710817,10908.0
151,0.57215494,10928.5
152,0.57322824,10949.0
153,0.5743015,10969.5
154,0.5753747,10990.0
155,0.576448,11010.5
156,0.57752126,11031.0
157,0.5788476,11056.333
158,0.5801739,11081.667
159,0.58150023,11107.0
160,0.5828265,11132.333
161,0.5841528,11157.667
162,0.58547914,11183.0
163,0.58680546,11208.333
164,0.5881318,11233.667
165,0.58945805,11259.0
166,0.5907844,11284.333
167,0.5921107,11309.667
168,0.593437,11335.0
169,0.5951429,11367.583
170,0.5968488,11400.167
171,0.5985547,11432.75
172,0.60026056,11465.333
173,0.60196644,11497.917
174,0.60367227,11530.5
175,0.60537815,11563.083
176,0.60708404,11595.667
177,0.6087899,11628.25
178,0.6104958,11660.833
179,0.6122017,11693.417
180,0.6139076,11726.0
181,0.6155742,11757.833
182,0.6172408,11789.667
183,0.6189074,11821.5
184,0.62057406,11853.333
185,0.62224066,11885.167
186,0.62390727,11917.0
187,0.6255739,11948.833
188,0.6272405,11980.667
189,0.6289071,12012.5
190,0.63057375,12044.333
191,0.63224036,12076.167
192,0.63390696,12108.0
193,0.6359313,12146.667
194,0.63795567,12185.333
195,0.6399801,12224.0
196,0.64200443,12262.667
197,0.6440288,12301.333
198,0.6460532,12340.0
199,0.64807755,12378.667
200,0.6501019,12417.333
201,0.65212625,12456.0
202,0.65415066,12494.667
203,0.656175,12533.333
204,0.65819937,12572.0
205,0.6607822,12621.333
206,0.663365,12670.667
207,0.66594785,12720.0
208,0.66853064,12769.333
209,0.6711135,12818.667
210,0.6736963,12868.0
211,0.6762791,12917.333
212,0.6788619,12966.667
213,0.68144476,13016.0
214,0.68402755,13065.333
215,0.6866104,13114.667
216,0.6891932,13164.0
217,0.69160587,13210.083
218,0.69401854,13256.167
219,0.69643116,13302.25
220,0.69884384,13348.333
221,0.7012565,13394.417
222,0.7036692,13440.5
223,0.70608187,13486.583
224,0.7084945,13532.667
225,0.71090716,13578.75
226,0.71331984,13624.833
227,0.7157325,13670.917
228,0.7181452,13717.0
229,0.720488,13761.75
230,0.7228309,13806.5
231,0.7251738,13851.25
232,0.7275166,13896.0
233,0.7298595,13940.75
234,0.73220235,13985.5
235,0.7345452,14030.25
236,0.73688805,14075.0
237,0.7392309,14119.75
238,0.74157375,14164.5
239,0.74391663,14209.25
240,0.74625945,14254.0
241,0.7481006,14289.167
242,0.7499417,14324.333
243,0.75178283,14359.5
244,0.753624,14394.667
245,0.75546515,14429.833
246,0.7573063,14465.0
247,0.7591474,14500.167
248,0.76098853,14535.333
249,0.76282966,14570.5
250,0.7646708,14605.667
251,0.7665119,14640.833
252,0.76835304,14676.0
253,0.76893765,14687.167
254,0.76952225,14698.333
255,0.7701069,14709.5
256,0.7706915,14720.667
257,0.7712762,14731.833
258,0.7718608,14743.0
259,0.7724454,14754.167
260,0.77303004,14765.333
261,0.77361465,14776.5
262,0.77419925,14787.667
263,0.7747839,14798.833
264,0.7753685,14810.0
265,0.77465737,14796.417
266,0.7739462,14782.833
267,0.7732351,14769.25
268,0.77252394,14755.667
269,0.7718128,14742.083
270,0.77110165,14728.5
271,0.7703905,14714.917
272,0.76967937,14701.333
273,0.76896816,14687.75
274,0.768257,14674.167
275,0.7675459,14660.583
276,0.76683474,14647.0
277,0.7648322,14608.75
278,0.76282966,14570.5
279,0.76082706,14532.25
280,0.7588245,14494.0
281,0.756822,14455.75
282,0.7548194,14417.5
283,0.75281686,14379.25
284,0.7508143,14341.0
285,0.7488118,14302.75
286,0.7468092,14264.5
287,0.74480665,14226.25
288,0.7428041,14188.0
289,0.74207115,14174.0
290,0.74133813,14160.0
291,0.7406052,14146.0
292,0.7398722,14132.0
293,0.73913926,14118.0
294,0.7384063,14104.0
295,0.73767334,14090.0
296,0.7369404,14076.0
297,0.7362074,14062.0
298,0.73547447,14048.0
299,0.7347415,14034.0
300,0.73400855,14020.0
301,0.7309851,13962.25
302,0.7279616,13904.5
303,0.72493815,13846.75
304,0.7219147,13789.0
305,0.7188912,13731.25
306,0.71586776,13673.5
307,0.7128443,13615.75
308,0.7098208,13558.0
309,0.70679736,13500.25
310,0.7037739,13442.5
311,0.7007504,13384.75
312,0.69772696,13327.0
313,0.69222105,13221.833
314,0.68671507,13116.667
315,0.68120915,13011.5
316,0.6757032,12906.333
317,0.67019725,12801.167
318,0.6646913,12696.0
319,0.6591854,12590.833
320,0.6536795,12485.667
321,0.6481735,12380.5
322,0.6426676,12275.333
323,0.6371617,12170.167
324,0.6316557,12065.0
325,0.62634176,11963.5
326,0.62102777,11862.0
327,0.6157138,11760.5
328,0.61039984,11659.0
329,0.60508585,11557.5
330,0.5997719,11456.0
331,0.5944579,11354.5
332,0.58914393,11253.0
333,0.58383,11151.5
334,0.578516,11050.0
335,0.573202,10948.5
336,0.5678881,10847.0
337,0.56388295,10770.5
338,0.5598779,10694.0
339,0.55587274,10617.5
340,0.5518676,10541.0
341,0.5478625,10464.5
342,0.5438574,10388.0
343,0.5398523,10311.5
344,0.5358472,10235.0
345,0.53184205,10158.5
346,0.527837,10082.0
347,0.52383184,10005.5
348,0.5198267,9929.0
349,0.5173137,9881.0
350,0.5148007,9833.0
351,0.51228774,9785.0
352,0.5097747,9737.0
353,0.5072617,9689.0
354,0.5047487,9641.0
355,0.50223565,9593.0
356,0.49972266,9545.0
357,0.49720964,9497.0
358,0.49469662,9449.0
359,0.49218363,9401.0
360,0.4896706,9353.0
361,0.48811743,9323.333
362,0.48656425,9293.667
363,0.48501107,9264.0
364,0.4834579,9234.333
365,0.48190472,9204.667
366,0.48035154,9175.0
367,0.47879836,9145.333
368,0.47724518,9115.667
369,0.47569197,9086.0
370,0.4741388,9056.333
371,0.47258562,9026.667
372,0.47103244,8997.0
373,0.47012496,8979.667
374,0.4692175,8962.333
375,0.46831003,8945.0
376,0.46740255,8927.667
377,0.46649507,8910.333
378,0.4655876,8893.0
379,0.4646801,8875.667
380,0.46377262,8858.333
381,0.46286517,8841.0
382,0.4619577,8823.667
383,0.4610502,8806.333
384,0.46014273,8789.0
385,0.46033034,8792.583
386,0.46051794,8796.167
387,0.46070555,8799.75
388,0.46089315,8803.333
389,0.46108076,8806.917
390,0.46126837,8810.5
391,0.46145597,8814.083
392,0.46164355,8817.667
393,0.46183115,8821.25
394,0.46201876,8824.833
395,0.46220636,8828.417
396,0.46239397,8832.0
397,0.46461904,8874.5
398,0.46684408,8917.0
399,0.46906915,8959.5
400,0.47129422,9002.0
401,0.47351927,9044.5
402,0.47574434,9087.0
403,0.4779694,9129.5
404,0.48019448,9172.0
405,0.48241952,9214.5
406,0.4846446,9257.0
407,0.48686966,9299.5
408,0.4890947,9342.0
409,0.4936059,9428.167
410,0.49811712,9514.333
411,0.5026283,9600.5
412,0.5071395,9686.667
413,0.51165074,9772.833
414,0.5161619,9859.0
415,0.52067316,9945.167
416,0.52518433,10031.333
417,0.5296956,10117.5
418,0.53420675,10203.667
419,0.5387179,10289.833
420,0.54322916,10376.0
421,0.5455589,10420.5
422,0.5478887,10465.0
423,0.55021846,10509.5
424,0.5525482,10554.0
425,0.554878,10598.5
426,0.55720776,10643.0
427,0.55953753,10687.5
428,0.5618673,10732.0
429,0.56419706,10776.5
430,0.56652683,10821.0
431,0.5688566,10865.5
432,0.5711864,10910.0
433,0.57218987,10929.167
434,0.5731933,10948.333
435,0.57419676,10967.5
436,0.57520026,10986.667
437,0.5762037,11005.833
438,0.57720715,11025.0
439,0.5782106,11044.167
440,0.5792141,11063.333
441,0.58021754,11082.5
442,0.581221,11101.667
443,0.5822244,11120.833
444,0.58322793,11140.0
445,0.58464146,11167.0
446,0.58605504,11194.0
447,0.5874686,11221.0
448,0.5888822,11248.0
449,0.59029573,11275.0
450,0.5917093,11302.0
451,0.5931229,11329.0
452,0.5945364,11356.0
453,0.59595,11383.0
454,0.5973636,11410.0
455,0.5987772,11437.0
456,0.6001907,11464.0
457,0.6025161,11508.417
458,0.60484153,11552.833
459,0.60716695,11597.25
460,0.60949236,11641.667
461,0.6118178,11686.083
462,0.6141432,11730.5
463,0.6164686,11774.917
464,0.61879396,11819.333
465,0.6211194,11863.75
466,0.6234448,11908.167
467,0.6257702,11952.583
468,0.6280956,11997.0
469,0.6306828,12046.417
470,0.63326997,12095.833
471,0.63585716,12145.25
472,0.63844436,12194.667
473,0.6410315,12244.083
474,0.6436187,12293.5
475,0.6462059,12342.917
476,0.64879304,12392.333
477,0.65138024,12441.75
478,0.65396744,12491.167
479,0.6565546,12540.583
480,0.6591418,12590.0
481,0.6616417,12637.75
482,0.6641416,12685.5
483,0.66664153,12733.25
484,0.6691415,12781.0
485,0.6716414,12828.75
486,0.6741413,12876.5
487,0.6766412,12924.25
488,0.67914116,12972.0
489,0.68164104,13019.75
490,0.684141,13067.5
491,0.6866409,13115.25
492,0.68914086,13163.0
493,0.6918589,13214.917
494,0.694577,13266.833
495,0.697295,13318.75
496,0.7000131,13370.667
497,0.7027312,13422.583
498,0.7054492,13474.5
499,0.7081673,13526.417
500,0.71088535,13578.333
501,0.71360344,13630.25
502,0.71632147,13682.167
503,0.71903956,13734.083
504,0.72175765,13786.0
505,0.7238649,13826.25
506,0.7259722,13866.5
507,0.72807944,13906.75
508,0.7301867,13947.0
509,0.73229396,13987.25
510,0.7344012,14027.5
511,0.7365085,14067.75
512,0.73861575,14108.0
513,0.740723,14148.25
514,0.7428303,14188.5
515,0.74493754,14228.75
516,0.7470448,14269.0
517,0.7489034,14304.5
518,0.7507619,14340.0
519,0.7526205,14375.5
520,0.7544791,14411.0
521,0.7563377,14446.5
522,0.7581963,14482.0
523,0.7600549,14517.5
524,0.7619134,14553.0
525,0.763772,14588.5
526,0.7656306,14624.0
527,0.7674892,14659.5
528,0.7693478,14695.0
529,0.7705606,14718.167
530,0.7717735,14741.333
531,0.7729864,14764.5
532,0.77419925,14787.667
533,0.77541214,14810.833
534,0.77662504,14834.0
535,0.7778379,14857.167
536,0.77905077,14880.333
537,0.78026366,14903.5
538,0.78147656,14926.667
539,0.7826894,14949.833
540,0.7839023,14973.0
541,0.78442144,14982.917
542,0.78494066,14992.833
543,0.7854598,15002.75
544,0.78597903,15012.667
545,0.7864982,15022.583
546,0.78701735,15032.5
547,0.78753656,15042.417
548,0.7880557,15052.333
549,0.78857493,15062.25
550,0.7890941,15072.167
551,0.78961325,15082.083
552,0.79013246,15092.0
553,0.7899536,15088.583
554,0.7897747,15085.167
555,0.78959584,15081.75
556,0.78941697,15078.333
557,0.7892381,15074.917
558,0.78905916,15071.5
559,0.7888803,15068.083
560,0.7887014,15064.667
561,0.78852254,15061.25
562,0.78834367,15057.833
563,0.7881648,15054.417
564,0.7879859,15051.0
565,0.7855776,15005.0
566,0.7831693,14959.0
567,0.780761,14913.0
568,0.77835274,14867.0
569,0.7759444,14821.0
570,0.7735361,14775.0
571,0.7711278,14729.0
572,0.7687195,14683.0
573,0.7663112,14637.0
574,0.7639029,14591.0
575,0.7614946,14545.0
576,0.7590863,14499.0
577,0.75740224,14466.833
578,0.7557182,14434.667
579,0.7540341,14402.5
580,0.75235003,14370.333
581,0.75066596,14338.167
582,0.7489819,14306.0
583,0.7472978,14273.833
584,0.74561375,14241.667
585,0.7439297,14209.5
586,0.7422456,14177.333
587,0.74056154,14145.167
588,0.73887753,14113.0
589,0.73549193,14048.333
590,0.7321063,13983.667
591,0.7287208,13919.0
592,0.7253352,13854.333
593,0.7219496,13789.667
594,0.718564,13725.0
595,0.71517843,13660.333
596,0.7117928,13595.667
597,0.7084072,13531.0
598,0.7050217,13466.333
599,0.7016361,13401.667
600,0.6982505,13337.0
601,0.69245225,13226.25
602,0.68665403,13115.5
603,0.68085575,13004.75
604,0.67505753,12894.0
605,0.66925925,12783.25
606,0.663461,12672.5
607,0.65766275,12561.75
608,0.6518645,12451.0
609,0.64606625,12340.25
610,0.640268,12229.5
611,0.63446975,12118.75
612,0.6286715,12008.0
613,0.6230085,11899.833
614,0.6173455,11791.667
615,0.61168253,11683.5
616,0.6060195,11575.333
617,0.6003565,11467.167
618,0.59469354,11359.0
619,0.5890305,11250.833
620,0.5833675,11142.667
621,0.5777045,11034.5
622,0.5720415,10926.333
623,0.56637853,10818.167
624,0.5607155,10710.0
625,0.5564181,10627.917
626,0.5521207,10545.833
627,0.54782325,10463.75
628,0.5435258,10381.667
629,0.5392284,10299.583
630,0.534931,10217.5
631,0.53063357,10135.417
632,0.52633613,10053.333
633,0.5220387,9971.25
634,0.51774126,9889.167
635,0.5134439,9807.083
636,0.50914645,9725.0
637,0.50650257,9674.5
638,0.5038586,9624.0
639,0.50121474,9573.5
640,0.49857086,9523.0
641,0.49592695,9472.5
642,0.49328306,9422.0
643,0.49063918,9371.5
644,0.48799527,9321.0
645,0.48535138,9270.5
646,0.48270747,9220.0
647,0.4800636,9169.5
648,0.47741967,9119.0
649,0.47594503,9090.833
650,0.47447038,9062.667
651,0.47299573,9034.5
652,0.47152108,9006.333
653,0.47004643,8978.167
654,0.46857178,8950.0
655,0.46709713,8921.833
656,0.46562248,8893.667
657,0.46414784,8865.5
658,0.4626732,8837.333
659,0.46119854,8809.167
660,0.4597239,8781.0
661,0.4589822,8766.833
662,0.45824054,8752.667
663,0.45749885,8738.5
664,0.45675716,8724.333
665,0.45601547,8710.167
666,0.45527378,8696.0
667,0.4545321,8681.833
668,0.4537904,8667.667
669,0.4530487,8653.5
670,0.45230702,8639.333
671,0.45156533,8625.167
672,0.45082366,8611.0
673,0.45110723,8616.417
674,0.45139083,8621.833
675,0.4516744,8627.25
676,0.451958,8632.667
677,0.45224157,8638.083
678,0.45252517,8643.5
679,0.45280877,8648.917
680,0.45309234,8654.333
681,0.45337594,8659.75
682,0.4536595,8665.167
683,0.4539431,8670.583
684,0.4542267,8676.0
685,0.45647356,8718.917
686,0.45872045,8761.833
687,0.4609673,8804.75
688,0.4632142,8847.667
689,0.46546108,8890.583
690,0.46770793,8933.5
691,0.46995482,8976.417
692,0.4722017,9019.333
693,0.47444856,9062.25
694,0.47669545,9105.167
695,0.47894233,9148.083
696,0.4811892,9191.0
697,0.4857222,9277.583
698,0.49025524,9364.167
699,0.49478826,9450.75
700,0.49932128,9537.333
701,0.5038543,9623.917
702,0.5083873,9710.5
703,0.5129203,9797.083
704,0.5174533,9883.667
705,0.52198637,9970.25
706,0.52651936,10056.833
707,0.5310524,10143.417
708,0.5355854,10230.0
709,0.5379283,10274.75
710,0.5402711,10319.5
711,0.542614,10364.25
712,0.54495686,10409.0
713,0.5472997,10453.75
714,0.54964256,10498.5
715,0.55198544,10543.25
716,0.55432826,10588.0
717,0.55667114,10632.75
718,0.559014,10677.5
719,0.56135684,10722.25
720,0.5636997,10767.0
721,0.56467265,10785.583
722,0.5656456,10804.167
723,0.5666185,10822.75
724,0.56759137,10841.333
725,0.5685643,10859.917
726,0.5695372,10878.5
727,0.57051015,10897.083
728,0.5714831,10915.667
729,0.572456,10934.25
730,0.5734289,10952.833
731,0.57440186,10971.417
732,0.5753747,10990.0
733,0.5762953,11007.583
734,0.57721585,11025.167
735,0.57813644,11042.75
736,0.579057,11060.333
737,0.5799776,11077.917
738,0.5808981,11095.5
739,0.5818187,11113.083
740,0.58273923,11130.667
741,0.5836598,11148.25
742,0.5845804,11165.833
743,0.58550096,11183.417
744,0.58642155,11201.0
745,0.58773476,11226.083
746,0.58904797,11251.167
747,0.5903612,11276.25
748,0.5916744,11301.333
749,0.59298766,11326.417
750,0.59430087,11351.5
751,0.5956141,11376.583
752,0.5969273,11401.667
753,0.59824055,11426.75
754,0.59955376,11451.833
755,0.600867,11476.917
756,0.6021802,11502.0
757,0.6036287,11529.667
758,0.60507715,11557.333
759,0.6065256,11585.0
760,0.60797405,11612.667
761,0.60942256,11640.333
762,0.610871,11668.0
763,0.61231947,11695.667
764,0.613768,11723.333
765,0.61521643,11751.0
766,0.6166649,11778.667
767,0.6181134,11806.333
768,0.61956185,11834.0
769,0.62202686,11881.083
770,0.6244919,11928.167
771,0.6269569,11975.25
772,0.62942195,12022.333
773,0.63188696,12069.417
774,0.63435197,12116.5
775,0.636817,12163.583
776,0.639282,12210.667
777,0.641747,12257.75
778,0.64421207,12304.833
779,0.6466771,12351.917
780,0.6491421,12399.0
781,0.6518689,12451.083
782,0.6545957,12503.167
783,0.65732247,12555.25
784,0.66004926,12607.333
785,0.66277605,12659.417
786,0.66550285,12711.5
787,0.66822964,12763.583
788,0.67095643,12815.667
789,0.6736832,12867.75
790,0.67641,12919.833
791,0.6791368,12971.917
792,0.68186355,13024.0
793,0.684237,13069.333
794,0.6866104,13114.667
795,0.6889838,13160.0
796,0.6913572,13205.333
797,0.6937306,13250.667
798,0.696104,13296.0
799,0.6984774,13341.333
800,0.7008508,13386.667
801,0.7032242,13432.0
802,0.7055976,13477.333
803,0.707971,13522.667
804,0.7103444,13568.0
805,0.7127003,13613.0
806,0.71505624,13658.0
807,0.71741223,13703.0
808,0.71976817,13748.0
809,0.7221241,13793.0
810,0.72448003,13838.0
811,0.726836,13883.0
812,0.72919196,13928.0
813,0.7315479,13973.0
814,0.7339038,14018.0
815,0.73625976,14063.0
816,0.73861575,14108.0
817,0.73951447,14125.167
818,0.74041325,14142.333
819,0.74131197,14159.5
820,0.74221075,14176.667
821,0.74310946,14193.833
822,0.74400824,14211.0
823,0.74490696,14228.167
824,0.74580574,14245.333
825,0.74670446,14262.5
826,0.74760324,14279.667
827,0.748502,14296.833
828,0.74940073,14314.0
829,0.75094956,14343.583
830,0.7524984,14373.167
831,0.7540472,14402.75
832,0.755596,14432.333
833,0.7571448,14461.917
834,0.75869364,14491.5
835,0.76024246,14521.083
836,0.7617913,14550.667
837,0.7633401,14580.25
838,0.7648889,14609.833
839,0.7664377,14639.417
840,0.76798654,14669.0
841,0.76661223,14642.75
842,0.7652379,14616.5
843,0.7638636,14590.25
844,0.7624893,14564.0
845,0.761115,14537.75
846,0.7597407,14511.5
847,0.7583664,14485.25
848,0.7569921,14459.0
849,0.7556178,14432.75
850,0.7542435,14406.5
851,0.7528692,14380.25
852,0.7514949,14354.0
853,0.7490255,14306.833
854,0.74655616,14259.667
855,0.74408674,14212.5
856,0.7416174,14165.333
857,0.739148,14118.167
858,0.7366786,14071.0
859,0.73420924,14023.833
860,0.7317399,13976.667
861,0.72927046,13929.5
862,0.7268011,13882.333
863,0.72433174,13835.167
864,0.7218623,13788.0
865,0.7206669,13765.167
866,0.71947145,13742.333
867,0.7182761,13719.5
868,0.71708065,13696.667
869,0.7158852,13673.833
870,0.7146898,13651.0
871,0.71349436,13628.167
872,0.7122989,13605.333
873,0.7111035,13582.5
874,0.70990807,13559.667
875,0.70871264,13536.833
876,0.7075172,13514.0
877,0.7050871,13467.583
878,0.702657,13421.167
879,0.7002269,13374.75
880,0.69779676,13328.333
881,0.6953666,13281.917
882,0.69293654,13235.5
883,0.6905064,13189.083
884,0.6880763,13142.667
885,0.6856462,13096.25
886,0.68321604,13049.833
887,0.68078595,13003.417
888,0.6783558,12957.0
889,0.674102,12875.75
890,0.66984826,12794.5
891,0.66559446,12713.25
892,0.66134065,12632.0
893,0.65708685,12550.75
894,0.65283304,12469.5
895,0.6485793,12388.25
896,0.6443255,12307.0
897,0.6400717,12225.75
898,0.6358179,12144.5
899,0.6315641,12063.25
900,0.6273103,11982.0
901,0.62272054,11894.333
902,0.6181308,11806.667
903,0.6135411,11719.0
904,0.6089514,11631.333
905,0.60436165,11543.667
906,0.5997719,11456.0
907,0.5951822,11368.333
908,0.59059244,11280.667
909,0.5860027,11193.0
910,0.581413,11105.333
911,0.57682323,11017.667
912,0.5722335,10930.0
913,0.56825894,10854.083
914,0.5642843,10778.167
915,0.56030977,10702.25
916,0.5563352,10626.333
917,0.55236065,10550.417
918,0.54838604,10474.5
919,0.5444115,10398.583
920,0.5404369,10322.667
921,0.53646237,10246.75
922,0.53248775,10170.833
923,0.5285132,10094.917
924,0.52453864,10019.0
925,0.52175075,9965.75
926,0.5189629,9912.5
927,0.51617503,9859.25
928,0.51338714,9806.0
929,0.51059926,9752.75
930,0.5078114,9699.5
931,0.50502354,9646.25
932,0.50223565,9593.0
933,0.4994478,9539.75
934,0.49665993,9486.5
935,0.49387205,9433.25
936,0.4910842,9380.0
937,0.489531,9350.333
938,0.48797783,9320.667
939,0.48642462,9291.0
940,0.48487145,9261.333
941,0.48331827,9231.667
942,0.4817651,9202.0
943,0.4802119,9172.333
944,0.47865874,9142.667
945,0.47710556,9113.0
946,0.47555238,9083.333
947,0.4739992,9053.667
948,0.47244602,9024.0
949,0.47160834,9008.0
950,0.4707707,8992.0
951,0.469933,8976.0
952,0.46909535,8960.0
953,0.46825767,8944.0
954,0.46741998,8928.0
955,0.46658233,8912.0
956,0.46574464,8896.0
957,0.464907,8880.0
958,0.4640693,8864.0
959,0.46323165,8848.0
960,0.46239397,8832.0
961,0.4621671,8827.667
962,0.46194023,8823.333
963,0.46171337,8819.0
964,0.4614865,8814.667
965,0.46125963,8810.333
966,0.46103275,8806.0
967,0.4608059,8801.667
968,0.460579,8797.333
969,0.46035215,8793.0
970,0.46012527,8788.667
971,0.4598984,8784.333
972,0.45967156,8780.0
973,0.46014708,8789.083
974,0.46062264,8798.167
975,0.4610982,8807.25
976,0.46157375,8816.333
977,0.4620493,8825.417
978,0.46252486,8834.5
979,0.46300042,8843.583
980,0.46347597,8852.667
981,0.46395153,8861.75
982,0.46442705,8870.833
983,0.4649026,8879.917
984,0.46537817,8889.0
985,0.46645144,8909.5
986,0.4675247,8930.0
987,0.46859798,8950.5
988,0.46967122,8971.0
989,0.4707445,8991.5
990,0.47181776,9012.0
991,0.47289103,9032.5
992,0.4739643,9053.0
993,0.47503754,9073.5
994,0.47611082,9094.0
995,0.4771841,9114.5
996,0.47825736,9135.0
997,0.4798498,9165.417
998,0.48144224,9195.833
999,0.4830347,9226.25
1000,0.48462713,9256.667
1001,0.48621958,9287.083
1002,0.48781204,9317.5
1003,0.48940447,9347.917
1004,0.49099693,9378.333
1005,0.49258935,9408.75
1006,0.4941818,9439.167
1007,0.49577427,9469.583
1008,0.4973667,9500.0
1009,0.5001066,9552.333
1010,0.5028465,9604.667
1011,0.5055863,9657.0
1012,0.50832623,9709.333
1013,0.5110661,9761.667
1014,0.513806,9814.0
1015,0.5165459,9866.333
1016,0.51928574,9918.667
1017,0.52202564,9971.0
1018,0.5247655,10023.333
1019,0.5275054,10075.667
1020,0.53024524,10128.0
1021,0.5326666,10174.25
1022,0.53508806,10220.5
1023,0.53750944,10266.75
1024,0.5399308,10313.0
1025,0.5423522,10359.25
1026,0.5447736,10405.5
1027,0.547195,10451.75
1028,0.5496164,10498.0
1029,0.5520378,10544.25
1030,0.55445915,10590.5
1031,0.55688053,10636.75
1032,0.559302,10683.0
1033,0.5621989,10738.333
1034,0.56509584,10793.667
1035,0.5679928,10849.0
1036,0.5708897,10904.333
1037,0.5737867,10959.667
1038,0.5766836,11015.0
1039,0.57958055,11070.333
1040,0.5824775,11125.667
1041,0.5853744,11181.0
1042,0.5882714,11236.333
1043,0.59116834,11291.667
1044,0.59406525,11347.0
1045,0.59700584,11403.167
1046,0.5999464,11459.333
1047,0.602887,11515.5
1048,0.60582757,11571.667
1049,0.6087681,11627.833
1050,0.6117087,11684.0
1051,0.61464924,11740.167
1052,0.61758983,11796.333
1053,0.6205304,11852.5
1054,0.62347096,11908.667
1055,0.62641156,11964.833
1056,0.6293521,12021.0
1057,0.63261557,12083.333
1058,0.635879,12145.667
1059,0.6391424,12208.0
1060,0.6424058,12270.333
1061,0.6456692,12332.667
1062,0.64893264,12395.0
1063,0.6521961,12457.333
1064,0.6554595,12519.667
1065,0.65872294,12582.0
1066,0.66198635,12644.333
1067,0.66524976,12706.667
1068,0.6685132,12769.0
1069,0.67124,12821.083
1070,0.67396677,12873.167
1071,0.67669356,12925.25
1072,0.67942035,12977.333
1073,0.68214715,13029.417
1074,0.68487394,13081.5
1075,0.68760073,13133.583
1076,0.6903275,13185.667
1077,0.6930543,13237.75
1078,0.6957811,13289.833
1079,0.6985079,13341.917
1080,0.7012347,13394.0
1081,0.7033376,13434.167
1082,0.7054405,13474.333
1083,0.70754343,13514.5
1084,0.7096463,13554.667
1085,0.7117492,13594.833
1086,0.7138521,13635.0
1087,0.715955,13675.167
1088,0.71805793,13715.333
1089,0.7201608,13755.5
1090,0.7222637,13795.667
1091,0.7243666,13835.833
1092,0.7264695,13876.0
1093,0.7263299,13873.333
1094,0.72619027,13870.667
1095,0.7260507,13868.0
1096,0.7259111,13865.333
1097,0.7257715,13862.667
1098,0.72563183,13860.0
1099,0.72549224,13857.333
1100,0.72535264,13854.667
1101,0.725213,13852.0
1102,0.7250734,13849.333
1103,0.7249338,13846.667
1104,0.72479415,13844.0
1105,0.7230272,13810.25
1106,0.72126025,13776.5
1107,0.71949327,13742.75
1108,0.71772635,13709.0
1109,0.71595937,13675.25
1110,0.7141924,13641.5
1111,0.7124255,13607.75
1112,0.7106585,13574.0
1113,0.7088915,13540.25
1114,0.7071246,13506.5
1115,0.7053576,13472.75
1116,0.70359063,13439.0
1117,0.70151395,13399.333
1118,0.6994372,13359.667
1119,0.69736046,13320.0
1120,0.6952838,13280.333
1121,0.693207,13240.667
1122,0.6911303,13201.0
1123,0.6890536,13161.333
1124,0.68697685,13121.667
1125,0.6849001,13082.0
1126,0.6828234,13042.333
1127,0.6807467,13002.667
1128,0.6786699,12963.0
1129,0.67516655,12896.083
1130,0.6716632,12829.167
1131,0.66815984,12762.25
1132,0.66465646,12695.333
1133,0.6611531,12628.417
1134,0.6576497,12561.5
1135,0.6541463,12494.583
1136,0.65064293,12427.667
1137,0.64713955,12360.75
1138,0.64363617,12293.833
1139,0.6401328,12226.917
1140,0.6366294,12160.0
1141,0.6345177,12119.667
1142,0.6324061,12079.333
1143,0.6302945,12039.0
1144,0.6281829,11998.667
1145,0.6260713,11958.333
1146,0.6239596,11918.0
1147,0.621848,11877.667
1148,0.6197364,11837.333
1149,0.61762476,11797.0
1150,0.6155131,11756.667
1151,0.6134015,11716.333
1152,0.61128986,11676.0
1153,0.611953,11688.667
1154,0.6126162,11701.333
1155,0.61327934,11714.0
1156,0.6139425,11726.667
1157,0.61460567,11739.333
1158,0.61526877,11752.0
1159,0.6159319,11764.667
1160,0.6165951,11777.333
1161,0.61725825,11790.0
1162,0.6179214,11802.667
1163,0.6185846,11815.333
1164,0.61924773,11828.0
1165,0.6174328,11793.333
1166,0.6156178,11758.667
1167,0.61380285,11724.0
1168,0.6119879,11689.333
1169,0.610173,11654.667
1170,0.608358,11620.0
1171,0.60654306,11585.333
1172,0.6047281,11550.667
1173,0.60291314,11516.0
1174,0.6010982,11481.333
1175,0.5992833,11446.667
1176,0.5974683,11412.0
1177,0.5942049,11349.667
1178,0.5909414,11287.333
1179,0.587678,11225.0
1180,0.5844146,11162.667
1181,0.5811512,11100.333
1182,0.5778878,11038.0
1183,0.57462436,10975.667
1184,0.5713609,10913.333
1185,0.5680975,10851.0
1186,0.56483406,10788.667
1187,0.56157064,10726.333
1188,0.55830723,10664.0
1189,0.5547733,10596.5
1190,0.5512394,10529.0
1191,0.5477055,10461.5
1192,0.5441715,10394.0
1193,0.5406376,10326.5
1194,0.5371037,10259.0
1195,0.53356975,10191.5
1196,0.53003585,10124.0
1197,0.5265019,10056.5
1198,0.522968,9989.0
1199,0.5194341,9921.5
1200,0.51590014,9854.0
1201,0.5128374,9795.5
1202,0.5097747,9737.0
1203,0.50671196,9678.5
1204,0.50364923,9620.0
1205,0.5005865,9561.5
1206,0.49752375,9503.0
1207,0.49446103,9444.5
1208,0.4913983,9386.0
1209,0.48833558,9327.5
1210,0.48527285,9269.0
1211,0.4822101,9210.5
1212,0.47914737,9152.0
1213,0.47711864,9113.25
1214,0.4750899,9074.5
1215,0.47306117,9035.75
1216,0.47103244,8997.0
1217,0.4690037,8958.25
1218,0.46697497,8919.5
1219,0.46494624,8880.75
1220,0.4629175,8842.0
1221,0.46088877,8803.25
1222,0.45886004,8764.5
1223,0.4568313,8725.75
1224,0.45480257,8687.0
1225,0.45348063,8661.75
1226,0.4521587,8636.5
1227,0.45083675,8611.25
1228,0.4495148,8586.0
1229,0.44819283,8560.75
1230,0.4468709,8535.5
1231,0.44554895,8510.25
1232,0.444227,8485.0
1233,0.44290504,8459.75
1234,0.4415831,8434.5
1235,0.44026116,8409.25
1236,0.4389392,8384.0
1237,0.4381539,8369.0
1238,0.43736857,8354.0
1239,0.43658325,8339.0
1240,0.43579793,8324.0
1241,0.43501264,8309.0
1242,0.43422732,8294.0
1243,0.433442,8279.0
1244,0.43265668,8264.0
1245,0.43187135,8249.0
1246,0.43108603,8234.0
1247,0.43030074,8219.0
1248,0.42951542,8204.0
1249,0.42907476,8195.583
1250,0.4286341,8187.1665
1251,0.42819348,8178.75
1252,0.42775282,8170.3335
1253,0.42731217,8161.9165
1254,0.4268715,8153.5
1255,0.42643088,8145.0835
1256,0.42599022,8136.6665
1257,0.42554957,8128.25
1258,0.4251089,8119.8335
1259,0.42466828,8111.4165
1260,0.42422763,8103.0
1261,0.42459846,8110.0835
1262,0.42496932,8117.1665
1263,0.42534015,8124.25
1264,0.425711,8131.3335
1265,0.42608184,8138.4165
1266,0.4264527,8145.5
1267,0.42682353,8152.5835
1268,0.42719436,8159.6665
1269,0.42756522,8166.75
1270,0.42793605,8173.8335
1271,0.4283069,8180.9165
1272,0.42867774,8188.0
1273,0.4295285,8204.25
1274,0.43037927,8220.5
1275,0.43123,8236.75
1276,0.43208078,8253.0
1277,0.43293154,8269.25
1278,0.4337823,8285.5
1279,0.43463305,8301.75
1280,0.4354838,8318.0
1281,0.43633458,8334.25
1282,0.43718535,8350.5
1283,0.43803608,8366.75
1284,0.43888685,8383.0
1285,0.4402306,8408.667
1286,0.44157436,8434.333
1287,0.44291815,8460.0
1288,0.4442619,8485.667
1289,0.44560567,8511.333
1290,0.44694942,8537.0
1291,0.44829318,8562.667
1292,0.44963697,8588.333
1293,0.45098072,8614.0
1294,0.45232448,8639.667
1295,0.45366824,8665.333
1296,0.455012,8691.0
1297,0.45765153,8741.417
1298,0.46029106,8791.833
1299,0.46293062,8842.25
1300,0.46557015,8892.667
1301,0.46820968,8943.083
1302,0.47084922,8993.5
1303,0.47348875,9043.917
1304,0.47612828,9094.333
1305,0.4787678,9144.75
1306,0.48140734,9195.167
1307,0.48404688,9245.583
1308,0.4866864,9296.0
1309,0.48888966,9338.083
1310,0.4910929,9380.167
1311,0.49329615,9422.25
1312,0.4954994,9464.333
1313,0.49770266,9506.417
1314,0.49990588,9548.5
1315,0.50210917,9590.583
1316,0.5043124,9632.667
1317,0.5065156,9674.75
1318,0.5087189,9716.833
1319,0.51092213,9758.917
1320,0.51312536,9801.0
1321,0.5145128,9827.5
1322,0.51590014,9854.0
1323,0.51728755,9880.5
1324,0.51867497,9907.0
1325,0.5200623,9933.5
1326,0.52144974,9960.0
1327,0.5228371,9986.5
1328,0.5242245,10013.0
1329,0.5256119,10039.5
1330,0.5269993,10066.0
1331,0.52838665,10092.5
1332,0.52977407,10119.0
1333,0.53077316,10138.083
1334,0.53177226,10157.167
1335,0.53277135,10176.25
1336,0.53377044,10195.333
1337,0.53476954,10214.417
1338,0.5357686,10233.5
1339,0.5367677,10252.583
1340,0.5377668,10271.667
1341,0.53876597,10290.75
1342,0.53976506,10309.833
1343,0.54076415,10328.917
1344,0.54176325,10348.0
1345,0.5427667,10367.167
1346,0.54377013,10386.333
1347,0.5447736,10405.5
1348,0.5457771,10424.667
1349,0.5467805,10443.833
1350,0.547784,10463.0
1351,0.5487874,10482.167
1352,0.5497909,10501.333
1353,0.55079436,10520.5
1354,0.5517978,10539.667
1355,0.55280125,10558.833
1356,0.55380476,10578.0
1357,0.5547733,10596.5
1358,0.55574185,10615.0
1359,0.5567104,10633.5
1360,0.55767894,10652.0
1361,0.5586475,10670.5
1362,0.5596161,10689.0
1363,0.5605846,10707.5
1364,0.5615532,10726.0
1365,0.56252176,10744.5
1366,0.5634903,10763.0
1367,0.56445885,10781.5
1368,0.5654274,10800.0
1369,0.56660104,10822.417
1370,0.56777465,10844.833
1371,0.56894827,10867.25
1372,0.5701219,10889.667
1373,0.57129544,10912.083
1374,0.57246906,10934.5
1375,0.5736427,10956.917
1376,0.5748163,10979.333
1377,0.5759899,11001.75
1378,0.5771635,11024.167
1379,0.57833713,11046.583
1380,0.57951075,11069.0
1381,0.5810639,11098.667
1382,0.5826171,11128.333
1383,0.5841703,11158.0
1384,0.58572346,11187.667
1385,0.58727664,11217.333
1386,0.5888298,11247.0
1387,0.590383,11276.667
1388,0.5919362,11306.333
1389,0.59348935,11336.0
1390,0.5950425,11365.667
1391,0.5965957,11395.333
1392,0.5981489,11425.0
1393,0.5995668,11452.083
1394,0.60098475,11479.167
1395,0.6024027,11506.25
1396,0.6038206,11533.333
1397,0.60523856,11560.417
1398,0.6066565,11587.5
1399,0.6080744,11614.583
1400,0.60949236,11641.667
1401,0.6109103,11668.75
1402,0.61232823,11695.833
1403,0.61374617,11722.917
1404,0.6151641,11750.0
1405,0.6162068,11769.917
1406,0.61724955,11789.833
1407,0.6182923,11809.75
1408,0.619335,11829.667
1409,0.6203777,11849.583
1410,0.62142044,11869.5
1411,0.62246317,11889.417
1412,0.6235059,11909.333
1413,0.6245486,11929.25
1414,0.62559134,11949.167
1415,0.62663406,11969.083
1416,0.6276768,11989.0
1417,0.6279429,11994.083
1418,0.62820905,11999.167
1419,0.6284752,12004.25
1420,0.6287413,12009.333
1421,0.62900746,12014.417
1422,0.6292736,12019.5
1423,0.6295397,12024.583
1424,0.62980586,12029.667
1425,0.630072,12034.75
1426,0.63033813,12039.833
1427,0.63060427,12044.917
1428,0.6308704,12050.0
1429,0.6303338,12039.75
1430,0.62979716,12029.5
1431,0.6292605,12019.25
1432,0.62872386,12009.0
1433,0.62818724,11998.75
1434,0.6276506,11988.5
1435,0.627114,11978.25
1436,0.6265773,11968.0
1437,0.6260407,11957.75
1438,0.6255041,11947.5
1439,0.62496746,11937.25
1440,0.62443084,11927.0
1441,0.6245879,11930.0
1442,0.62474495,11933.0
1443,0.624902,11936.0
1444,0.62505907,11939.0
1445,0.6252161,11942.0
1446,0.6253732,11945.0
1447,0.62553024,11948.0
1448,0.6256873,11951.0
1449,0.62584436,11954.0
1450,0.6260014,11957.0
1451,0.6261585,11960.0
1452,0.6263156,11963.0
1453,0.62474495,11933.0
1454,0.6231743,11903.0
1455,0.62160367,11873.0
1456,0.620033,11843.0
1457,0.6184624,11813.0
1458,0.6168918,11783.0
1459,0.61532116,11753.0
1460,0.6137505,11723.0
1461,0.6121799,11693.0
1462,0.61060923,11663.0
1463,0.6090386,11633.0
1464,0.607468,11603.0
1465,0.6035545,11528.25
1466,0.599641,11453.5
1467,0.5957275,11378.75
1468,0.59181404,11304.0
1469,0.5879005,11229.25
1470,0.58398706,11154.5
1471,0.58007354,11079.75
1472,0.5761601,11005.0
1473,0.57224655,10930.25
1474,0.5683331,10855.5
1475,0.56441957,10780.75
1476,0.5605061,10706.0
1477,0.55608654,10621.583
1478,0.5516669,10537.167
1479,0.54724735,10452.75
1480,0.5428278,10368.333
1481,0.53840816,10283.917
1482,0.5339886,10199.5
1483,0.52956903,10115.083
1484,0.5251494,10030.667
1485,0.52072984,9946.25
1486,0.5163103,9861.833
1487,0.5118907,9777.417
1488,0.5074711,9693.0
1489,0.5042208,9630.917
1490,0.5009704,9568.833
1491,0.4977201,9506.75
1492,0.49446976,9444.667
1493,0.49121943,9382.583
1494,0.4879691,9320.5
1495,0.48471877,9258.417
1496,0.4814684,9196.333
1497,0.47821808,9134.25
1498,0.47496775,9072.167
1499,0.47171742,9010.083
1500,0.4684671,8948.0
1501,0.4662202,8905.083
1502,0.46397334,8862.167
1503,0.46172646,8819.25
1504,0.45947957,8776.333
1505,0.4572327,8733.417
1506,0.45498583,8690.5
1507,0.45273894,8647.583
1508,0.45049208,8604.667
1509,0.4482452,8561.75
1510,0.4459983,8518.833
1511,0.44375145,8475.917
1512,0.44150457,8433.0
1513,0.44036585,8411.25
1514,0.43922716,8389.5
1515,0.43808845,8367.75
1516,0.43694973,8346.0
1517,0.43581104,8324.25
1518,0.43467233,8302.5
1519,0.4335336,8280.75
1520,0.43239492,8259.0
1521,0.4312562,8237.25
1522,0.4301175,8215.5
1523,0.42897877,8193.75
1524,0.42784008,8172.0
1525,0.42724237,8160.5835
1526,0.42664465,8149.1665
1527,0.42604694,8137.75
1528,0.42544922,8126.3335
1529,0.4248515,8114.9165
1530,0.4242538,8103.5
1531,0.42365608,8092.0835
1532,0.42305836,8080.6665
1533,0.42246068,8069.25
1534,0.42186296,8057.8335
1535,0.42126524,8046.4165
1536,0.42066753,8035.0
1537,0.4212914,8046.9165
1538,0.4219153,8058.8335
1539,0.4225392,8070.75
1540,0.4231631,8082.6665
1541,0.42378697,8094.5835
1542,0.42441085,8106.5
1543,0.42503476,8118.4165
1544,0.42565864,8130.3335
1545,0.42628253,8142.25
1546,0.42690644,8154.1665
1547,0.42753032,8166.0835
1548,0.4281542,8178.0
1549,0.4309159,8230.75
1550,0.43367758,8283.5
1551,0.43643928,8336.25
1552,0.43920097,8389.0
1553,0.44196266,8441.75
1554,0.44472435,8494.5
1555,0.44748607,8547.25
1556,0.45024776,8600.0
1557,0.45300946,8652.75
1558,0.45577115,8705.5
1559,0.45853284,8758.25
1560,0.46129453,8811.0
1561,0.46576646,8896.417
1562,0.47023842,8981.833
1563,0.47471035,9067.25
1564,0.47918227,9152.667
1565,0.48365423,9238.083
1566,0.48812616,9323.5
1567,0.4925981,9408.917
1568,0.49707004,9494.333
1569,0.501542,9579.75
1570,0.50601393,9665.167
1571,0.5104858,9750.583
1572,0.5149578,9836.0
1573,0.5171872,9878.583
1574,0.51941663,9921.167
1575,0.5216461,9963.75
1576,0.5238755,10006.333
1577,0.5261049,10048.917
1578,0.5283343,10091.5
1579,0.5305638,10134.083
1580,0.53279316,10176.667
1581,0.5350226,10219.25
1582,0.537252,10261.833
1583,0.53948146,10304.417
1584,0.54171085,10347.0
1585,0.54236966,10359.583
1586,0.5430285,10372.167
1587,0.5436872,10384.75
1588,0.54434603,10397.333
1589,0.54500484,10409.917
1590,0.54566365,10422.5
1591,0.5463224,10435.083
1592,0.5469812,10447.667
1593,0.54764,10460.25
1594,0.5482988,10472.833
1595,0.5489576,10485.417
1596,0.5496164,10498.0
1597,0.5504366,10513.667
1598,0.55125684,10529.333
1599,0.55207705,10545.0
1600,0.5528973,10560.667
1601,0.5537175,10576.333
1602,0.5545377,10592.0
1603,0.55535793,10607.667
1604,0.55617815,10623.333
1605,0.5569984,10639.0
1606,0.5578186,10654.667
1607,0.5586388,10670.333
1608,0.55945903,10686.0
1609,0.56107765,10716.917
1610,0.5626963,10747.833
1611,0.5643149,10778.75
1612,0.5659335,10809.667
1613,0.56755215,10840.583
1614,0.5691708,10871.5
1615,0.5707894,10902.417
1616,0.572408,10933.333
1617,0.57402664,10964.25
1618,0.57564527,10995.167
1619,0.5772639,11026.083
1620,0.5788825,11057.0
1621,0.5803964,11085.917
1622,0.5819103,11114.833
1623,0.5834242,11143.75
1624,0.58493817,11172.667
1625,0.58645207,11201.583
1626,0.58796597,11230.5
1627,0.58947986,11259.417
1628,0.5909938,11288.333
1629,0.5925077,11317.25
1630,0.5940216,11346.167
1631,0.5955356,11375.083
1632,0.5970495,11404.0
1633,0.59886444,11438.667
1634,0.6006794,11473.333
1635,0.6024943,11508.0
1636,0.60430926,11542.667
1637,0.6061242,11577.333
1638,0.6079392,11612.0
1639,0.60975415,11646.667
1640,0.6115691,11681.333
1641,0.613384,11716.0
1642,0.61519897,11750.667
1643,0.61701393,11785.333
1644,0.6188289,11820.0
1645,0.6211019,11863.417
1646,0.623375,11906.833
1647,0.625648,11950.25
1648,0.6279211,11993.667
1649,0.6301941,12037.083
1650,0.6324672,12080.5
1651,0.63474023,12123.917
1652,0.6370133,12167.333
1653,0.63928634,12210.75
1654,0.6415594,12254.167
1655,0.64383245,12297.583
1656,0.6461055,12341.0
1657,0.6478463,12374.25
1658,0.6495871,12407.5
1659,0.65132785,12440.75
1660,0.65306866,12474.0
1661,0.6548094,12507.25
1662,0.6565502,12540.5
1663,0.658291,12573.75
1664,0.6600318,12607.0
1665,0.66177255,12640.25
1666,0.66351336,12673.5
1667,0.6652541,12706.75
1668,0.6669949,12740.0
1669,0.6687226,12773.0
1670,0.6704503,12806.0
1671,0.67217803,12839.0
1672,0.67390573,12872.0
1673,0.67563343,12905.0
1674,0.6773611,12938.0
1675,0.6790888,12971.0
1676,0.6808165,13004.0
1677,0.6825442,13037.0
1678,0.6842719,13070.0
1679,0.6859996,13103.0
1680,0.6877273,13136.0
1681,0.6894986,13169.833
1682,0.69126993,13203.667
1683,0.69304127,13237.5
1684,0.69481254,13271.333
1685,0.69658387,13305.167
1686,0.6983552,13339.0
1687,0.7001265,13372.833
1688,0.70189786,13406.667
1689,0.7036692,13440.5
1690,0.7054405,13474.333
1691,0.70721185,13508.167
1692,0.7089831,13542.0
1693,0.70997787,13561.0
1694,0.7109726,13580.0
1695,0.71196735,13599.0
1696,0.7129621,13618.0
1697,0.71395683,13637.0
1698,0.7149516,13656.0
1699,0.71594626,13675.0
1700,0.716941,13694.0
1701,0.71793574,13713.0
1702,0.7189305,13732.0
1703,0.7199252,13751.0
1704,0.72091997,13770.0
1705,0.72105956,13772.667
1706,0.72119915,13775.333
1707,0.7213388,13778.0
1708,0.7214784,13780.667
1709,0.721618,13783.333
1710,0.72175765,13786.0
1711,0.72189724,13788.667
1712,0.72203684,13791.333
1713,0.72217643,13794.0
1714,0.7223161,13796.667
1715,0.7224557,13799.333
1716,0.7225953,13802.0
1717,0.7214435,13780.0
1718,0.7202917,13758.0
1719,0.7191399,13736.0
1720,0.71798813,13714.0
1721,0.71683633,13692.0
1722,0.71568453,13670.0
1723,0.71453273,13648.0
1724,0.71338093,13626.0
1725,0.71222913,13604.0
1726,0.71107733,13582.0
1727,0.70992553,13560.0
1728,0.70877373,13538.0
1729,0.70748234,13513.333
1730,0.70619094,13488.667
1731,0.7048995,13464.0
1732,0.7036081,13439.333
1733,0.7023167,13414.667
1734,0.7010253,13390.0
1735,0.69973385,13365.333
1736,0.69844246,13340.667
1737,0.69715106,13316.0
1738,0.6958597,13291.333
1739,0.6945682,13266.667
1740,0.6932768,13242.0
1741,0.69056314,13190.167
1742,0.6878494,13138.333
1743,0.6851357,13086.5
1744,0.68242204,13034.667
1745,0.6797083,12982.833
1746,0.6769946,12931.0
1747,0.67428094,12879.167
1748,0.6715672,12827.333
1749,0.6688535,12775.5
1750,0.6661398,12723.667
1751,0.6634261,12671.833
1752,0.6607124,12620.0
1753,0.6552632,12515.917
1754,0.64981395,12411.833
1755,0.6443647,12307.75
1756,0.63891554,12203.667
1757,0.6334663,12099.583
1758,0.62801707,11995.5
1759,0.6225679,11891.417
1760,0.61711866,11787.333
1761,0.6116694,11683.25
1762,0.6062202,11579.167
1763,0.600771,11475.083
1764,0.5953218,11371.0
1765,0.5901125,11271.5
1766,0.58490324,11172.0
1767,0.579694,11072.5
1768,0.5744847,10973.0
1769,0.56927544,10873.5
1770,0.5640662,10774.0
1771,0.55885696,10674.5
1772,0.5536477,10575.0
1773,0.54843843,10475.5
1774,0.54322916,10376.0
1775,0.5380199,10276.5
1776,0.5328106,10177.0
1777,0.529028,10104.75
1778,0.5252454,10032.5
1779,0.5214628,9960.25
1780,0.5176802,9888.0
1781,0.5138976,9815.75
1782,0.510115,9743.5
1783,0.5063324,9671.25
1784,0.50254977,9599.0
1785,0.4987672,9526.75
1786,0.49498457,9454.5
1787,0.49120197,9382.25
1788,0.48741937,9310.0
1789,0.48526412,9268.833
1790,0.48310885,9227.667
1791,0.4809536,9186.5
1792,0.47879836,9145.333
1793,0.4766431,9104.167
1794,0.47448784,9063.0
1795,0.47233257,9021.833
1796,0.47017732,8980.667
1797,0.46802208,8939.5
1798,0.4658668,8898.333
1799,0.46371156,8857.167
1800,0.46155632,8816.0
1801,0.46021253,8790.333
1802,0.45886877,8764.667
1803,0.457525,8739.0
1804,0.45618126,8713.333
1805,0.4548375,8687.667
1806,0.4534937,8662.0
1807,0.45214996,8636.333
1808,0.4508062,8610.667
1809,0.44946244,8585.0
1810,0.4481187,8559.333
1811,0.4467749,8533.667
1812,0.44543114,8508.0
1813,0.44470257,8494.083
1814,0.44397396,8480.167
1815,0.44324535,8466.25
1816,0.44251674,8452.333
1817,0.44178817,8438.417
1818,0.44105956,8424.5
1819,0.44033095,8410.583
1820,0.43960238,8396.667
1821,0.43887377,8382.75
1822,0.43814516,8368.833
1823,0.43741655,8354.917
1824,0.43668798,8341.0
1825,0.4372813,8352.333
1826,0.43787467,8363.667
1827,0.438468,8375.0
1828,0.43906137,8386.333
1829,0.4396547,8397.667
1830,0.44024807,8409.0
1831,0.4408414,8420.333
1832,0.44143477,8431.667
1833,0.4420281,8443.0
1834,0.44262147,8454.333
1835,0.4432148,8465.667
1836,0.44380817,8477.0
1837,0.446199,8522.667
1838,0.44858986,8568.333
1839,0.45098072,8614.0
1840,0.45337155,8659.667
1841,0.45576242,8705.333
1842,0.45815328,8751.0
1843,0.4605441,8796.667
1844,0.46293497,8842.333
1845,0.46532583,8888.0
1846,0.46771666,8933.667
1847,0.47010753,8979.333
1848,0.47249836,9025.0
1849,0.47676525,9106.5
1850,0.48103213,9188.0
1851,0.48529902,9269.5
1852,0.4895659,9351.0
1853,0.4938328,9432.5
1854,0.49809965,9514.0
1855,0.50236654,9595.5
1856,0.50663346,9677.0
1857,0.5109003,9758.5
1858,0.5151672,9840.0
1859,0.5194341,9921.5
1860,0.52370095,10003.0
1861,0.52594346,10045.833
1862,0.52818596,10088.667
1863,0.5304285,10131.5
1864,0.53267103,10174.333
1865,0.53491354,10217.167
1866,0.53715605,10260.0
1867,0.53939855,10302.833
1868,0.54164106,10345.667
1869,0.54388356,10388.5
1870,0.54612607,10431.333
1871,0.54836863,10474.167
1872,0.55061114,10517.0
1873,0.5514619,10533.25
1874,0.5523126,10549.5
1875,0.5531634,10565.75
1876,0.55401415,10582.0
1877,0.55486494,10598.25
1878,0.5557157,10614.5
1879,0.5565664,10630.75
1880,0.5574172,10647.0
1881,0.55826795,10663.25
1882,0.5591187,10679.5
1883,0.5599695,10695.75
1884,0.5608202,10712.0
1885,0.56153136,10725.583
1886,0.5622425,10739.167
1887,0.56295365,10752.75
1888,0.5636648,10766.333
1889,0.56437594,10779.917
1890,0.5650871,10793.5
1891,0.5657983,10807.083
1892,0.5665094,10820.667
1893,0.56722057,10834.25
1894,0.5679317,10847.833
1895,0.56864285,10861.417
1896,0.569354,10875.0
1897,0.5708897,10904.333
1898,0.5724254,10933.667
1899,0.5739612,10963.0
1900,0.5754969,10992.333
1901,0.5770326,11021.667
1902,0.57856834,11051.0
1903,0.5801041,11080.333
1904,0.5816398,11109.667
1905,0.58317554,11139.0
1906,0.58471125,11168.333
1907,0.586247,11197.667
1908,0.58778274,11227.0
1909,0.5894145,11258.167
1910,0.59104615,11289.333
1911,0.5926779,11320.5
1912,0.59430957,11351.667
1913,0.5959413,11382.833
1914,0.597573,11414.0
1915,0.5992047,11445.167
1916,0.60083646,11476.333
1917,0.60246813,11507.5
1918,0.60409987,11538.667
1919,0.60573155,11569.833
1920,0.6073633,11601.0
1921,0.6094051,11640.0
1922,0.6114469,11679.0
1923,0.61348873,11718.0
1924,0.61553055,11757.0
1925,0.61757237,11796.0
1926,0.6196142,11835.0
1927,0.621656,11874.0
1928,0.6236979,11913.0
1929,0.6257397,11952.0
1930,0.6277815,11991.0
1931,0.6298233,12030.0
1932,0.63186514,12069.0
1933,0.63426036,12114.75
1934,0.63665557,12160.5
1935,0.6390508,12206.25
1936,0.641446,12252.0
1937,0.6438412,12297.75
1938,0.6462364,12343.5
1939,0.64863163,12389.25
1940,0.65102684,12435.0
1941,0.65342206,12480.75
1942,0.6558173,12526.5
1943,0.6582125,12572.25
1944,0.6606077,12618.0
1945,0.6624357,12652.917
1946,0.6642638,12687.833
1947,0.6660918,12722.75
1948,0.6679199,12757.667
1949,0.6697479,12792.583
1950,0.67157596,12827.5
1951,0.673404,12862.417
1952,0.675232,12897.333
1953,0.67706007,12932.25
1954,0.6788881,12967.167
1955,0.68071616,13002.083
1956,0.6825442,13037.0
1957,0.68465143,13077.25
1958,0.6867587,13117.5
1959,0.68886596,13157.75
1960,0.6909732,13198.0
1961,0.6930805,13238.25
1962,0.69518775,13278.5
1963,0.697295,13318.75
1964,0.6994023,13359.0
1965,0.70150954,13399.25
1966,0.7036168,13439.5
1967,0.70572406,13479.75
1968,0.7078313,13520.0
1969,0.7095765,13553.333
1970,0.71132165,13586.667
1971,0.7130668,13620.0
1972,0.7148119,13653.333
1973,0.7165571,13686.667
1974,0.71830225,13720.0
1975,0.72004735,13753.333
1976,0.7217925,13786.667
1977,0.7235377,13820.0
1978,0.7252828,13853.333
1979,0.72702795,13886.667
1980,0.7287731,13920.0
1981,0.7294188,13932.333
1982,0.7300645,13944.667
1983,0.7307102,13957.0
1984,0.7313559,13969.333
1985,0.7320016,13981.667
1986,0.73264736,13994.0
1987,0.73329306,14006.333
1988,0.73393875,14018.667
1989,0.73458445,14031.0
1990,0.73523015,14043.333
1991,0.73587584,14055.667
1992,0.73652154,14068.0
1993,0.73599803,14058.0
1994,0.73547447,14048.0
1995,0.7349509,14038.0
1996,0.7344274,14028.0
1997,0.7339038,14018.0
1998,0.7333803,14008.0
1999,0.73285675,13998.0
2000,0.7323332,13988.0
2001,0.7318097,13978.0
2002,0.7312861,13968.0
2003,0.7307626,13958.0
2004,0.73023903,13948.0
2005,0.7288604,13921.667
2006,0.7274817,13895.333
2007,0.726103,13869.0
2008,0.72472435,13842.667
2009,0.7233457,13816.333
2010,0.72196704,13790.0
2011,0.7205884,13763.667
2012,0.71920973,13737.333
2013,0.717831,13711.0
2014,0.71645236,13684.667
2015,0.7150737,13658.333
2016,0.71369505,13632.0
2017,0.7134071,13626.5
2018,0.71311915,13621.0
2019,0.7128312,13615.5
2020,0.71254325,13610.0
2021,0.7122553,13604.5
2022,0.71196735,13599.0
2023,0.7116794,13593.5
2024,0.71139145,13588.0
2025,0.7111035,13582.5
2026,0.71081555,13577.0
2027,0.7105276,13571.5
2028,0.71023965,13566.0
2029,0.70783573,13520.083
2030,0.70543176,13474.167
2031,0.70302784,13428.25
2032,0.70062387,13382.333
2033,0.69821995,13336.417
2034,0.69581604,13290.5
2035,0.69341207,13244.583
2036,0.69100815,13198.667
2037,0.6886042,13152.75
2038,0.68620026,13106.833
2039,0.68379635,13060.917
2040,0.6813924,13015.0
2041,0.6762311,12916.417
2042,0.67106986,12817.833
2043,0.6659086,12719.25
2044,0.6607473,12620.667
2045,0.65558606,12522.083
2046,0.6504248,12423.5
2047,0.6452635,12324.917
2048,0.6401022,12226.333
2049,0.634941,12127.75
2050,0.6297797,12029.167
2051,0.6246184,11930.583
2052,0.6194571,11832.0
2053,0.6143264,11734.0
2054,0.6091957,11636.0
2055,0.60406494,11538.0
2056,0.59893423,11440.0
2057,0.59380347,11342.0
2058,0.58867276,11244.0
2059,0.58354205,11146.0
2060,0.5784113,11048.0
2061,0.5732806,10950.0
2062,0.56814986,10852.0
2063,0.5630191,10754.0
2064,0.5578884,10656.0
2065,0.5539487,10580.75
2066,0.5500091,10505.5
2067,0.5460694,10430.25
2068,0.5421297,10355.0
2069,0.53819007,10279.75
2070,0.5342504,10204.5
2071,0.5303107,10129.25
2072,0.52637106,10054.0
2073,0.5224314,9978.75
2074,0.5184917,9903.5
2075,0.51455206,9828.25
2076,0.51061237,9753.0
2077,0.50832623,9709.333
2078,0.5060401,9665.667
2079,0.50375396,9622.0
2080,0.5014678,9578.333
2081,0.49918166,9534.667
2082,0.49689552,9491.0
2083,0.4946094,9447.333
2084,0.49232322,9403.667
2085,0.49003708,9360.0
2086,0.48775095,9316.333
2087,0.4854648,9272.667
2088,0.48317868,9229.0
2089,0.48174766,9201.667
2090,0.48031664,9174.333
2091,0.4788856,9147.0
2092,0.47745457,9119.667
2093,0.47602355,9092.333
2094,0.47459254,9065.0
2095,0.47316152,9037.667
2096,0.4717305,9010.333
2097,0.47029948,8983.0
2098,0.46886846,8955.667
2099,0.46743745,8928.333
2100,0.46600643,8901.0
2101,0.46522546,8886.083
2102,0.46444452,8871.167
2103,0.46366358,8856.25
2104,0.4628826,8841.333
2105,0.46210167,8826.417
2106,0.4613207,8811.5
2107,0.46053976,8796.583
2108,0.4597588,8781.667
2109,0.45897785,8766.75
2110,0.4581969,8751.833
2111,0.45741594,8736.917
2112,0.456635,8722.0
2113,0.45686185,8726.333
2114,0.45708874,8730.667
2115,0.4573156,8735.0
2116,0.45754248,8739.333
2117,0.45776933,8743.667
2118,0.4579962,8748.0
2119,0.45822307,8752.333
2120,0.45844993,8756.667
2121,0.45867682,8761.0
2122,0.45890367,8765.333
2123,0.45913056,8769.667
2124,0.4593574,8774.0
2125,0.4617919,8820.5
2126,0.46422637,8867.0
2127,0.46666086,8913.5
2128,0.46909535,8960.0
2129,0.4715298,9006.5
2130,0.4739643,9053.0
2131,0.47639877,9099.5
2132,0.47883326,9146.0
2133,0.48126772,9192.5
2134,0.4837022,9239.0
2135,0.48613667,9285.5
2136,0.48857117,9332.0
2137,0.49292967,9415.25
2138,0.49728817,9498.5
2139,0.5016467,9581.75
2140,0.50600517,9665.0
2141,0.5103637,9748.25
2142,0.51472217,9831.5
2143,0.5190807,9914.75
2144,0.52343917,9998.0
2145,0.5277977,10081.25
2146,0.53215617,10164.5
2147,0.5365147,10247.75
2148,0.5408732,10331.0
2149,0.5432728,10376.833
2150,0.54567236,10422.667
2151,0.5480719,10468.5
2152,0.5504715,10514.333
2153,0.5528711,10560.167
2154,0.5552707,10606.0
2155,0.55767024,10651.833
2156,0.5600698,10697.667
2157,0.56246936,10743.5
2158,0.564869,10789.333
2159,0.56726855,10835.167
2160,0.5696681,10881.0
2161,0.57064104,10899.583
2162,0.57161397,10918.167
2163,0.5725869,10936.75
2164,0.5735598,10955.333
2165,0.5745327,10973.917
2166,0.5755056,10992.5
2167,0.57647854,11011.083
2168,0.57745147,11029.667
2169,0.5784244,11048.25
2170,0.5793973,11066.833
2171,0.58037025,11085.417
2172,0.5813432,11104.0
2173,0.5828483,11132.75
2174,0.5843535,11161.5
2175,0.5858587,11190.25
2176,0.5873639,11219.0
2177,0.5888691,11247.75
2178,0.5903743,11276.5
2179,0.5918795,11305.25
2180,0.5933847,11334.0
2181,0.5948898,11362.75
2182,0.596395,11391.5
2183,0.5979002,11420.25
2184,0.5994054,11449.0
2185,0.6015083,11489.167
2186,0.60361123,11529.333
2187,0.60571414,11569.5
2188,0.607817,11609.667
2189,0.6099199,11649.833
2190,0.6120228,11690.0
2191,0.6141257,11730.167
2192,0.61622864,11770.333
2193,0.61833155,11810.5
2194,0.6204344,11850.667
2195,0.6225373,11890.833
2196,0.6246402,11931.0
2197,0.6268086,11972.417
2198,0.62897694,12013.833
2199,0.63114524,12055.25
2200,0.6333136,12096.667
2201,0.63548195,12138.083
2202,0.6376503,12179.5
2203,0.6398186,12220.917
2204,0.64198697,12262.333
2205,0.6441553,12303.75
2206,0.6463237,12345.167
2207,0.64849204,12386.583
2208,0.65066034,12428.0
2209,0.6528811,12470.417
2210,0.6551018,12512.833
2211,0.65732247,12555.25
2212,0.65954316,12597.667
2213,0.66176385,12640.083
2214,0.66398454,12682.5
2215,0.6662052,12724.917
2216,0.668426,12767.333
2217,0.67064667,12809.75
2218,0.67286736,12852.167
2219,0.67508805,12894.583
2220,0.67730874,12937.0
2221,0.6808296,13004.25
2222,0.68435043,13071.5
2223,0.6878712,13138.75
2224,0.69139206,13206.0
2225,0.6949129,13273.25
2226,0.69843376,13340.5
2227,0.70195454,13407.75
2228,0.7054754,13475.0
2229,0.70899624,13542.25
2230,0.7125171,13609.5
2231,0.7160379,13676.75
2232,0.7195587,13744.0
2233,0.72152203,13781.5
2234,0.7234853,13819.0
2235,0.7254486,13856.5
2236,0.72741187,13894.0
2237,0.7293752,13931.5
2238,0.7313385,13969.0
2239,0.73330176,14006.5
2240,0.7352651,14044.0
2241,0.73722833,14081.5
2242,0.73919165,14119.0
2243,0.7411549,14156.5
2244,0.7431182,14194.0
2245,0.7443747,14218.0
2246,0.7456312,14242.0
2247,0.74688774,14266.0
2248,0.7481442,14290.0
2249,0.74940073,14314.0
2250,0.75065726,14338.0
2251,0.7519137,14362.0
2252,0.75317025,14386.0
2253,0.7544268,14410.0
2254,0.75568324,14434.0
2255,0.75693977,14458.0
2256,0.7581963,14482.0
2257,0.7598934,14514.417
2258,0.7615906,14546.833
2259,0.7632877,14579.25
2260,0.7649849,14611.667
2261,0.766682,14644.083
2262,0.7683792,14676.5
2263,0.77007633,14708.917
2264,0.7717735,14741.333
2265,0.77347064,14773.75
2266,0.7751678,14806.167
2267,0.776865,14838.583
2268,0.7785621,14871.0
2269,0.77922094,14883.583
2270,0.77987975,14896.167
2271,0.7805385,14908.75
2272,0.7811973,14921.333
2273,0.7818561,14933.917
2274,0.78251487,14946.5
2275,0.7831737,14959.083
2276,0.7838325,14971.667
2277,0.78449124,14984.25
2278,0.78515005,14996.833
2279,0.78580886,15009.417
2280,0.7864677,15022.0
2281,0.7858045,15009.333
2282,0.78514135,14996.667
2283,0.7844782,14984.0
2284,0.783815,14971.333
2285,0.78315187,14958.667
2286,0.7824887,14946.0
2287,0.78182554,14933.333
2288,0.7811624,14920.667
2289,0.7804992,14908.0
2290,0.7798361,14895.333
2291,0.77917296,14882.667
2292,0.7785098,14870.0
2293,0.77671665,14835.75
2294,0.7749235,14801.5
2295,0.77313036,14767.25
2296,0.7713372,14733.0
2297,0.76954406,14698.75
2298,0.767751,14664.5
2299,0.76595783,14630.25
2300,0.7641647,14596.0
2301,0.76237154,14561.75
2302,0.7605784,14527.5
2303,0.75878525,14493.25
2304,0.7569921,14459.0
2305,0.75555676,14431.583
2306,0.75412136,14404.167
2307,0.75268596,14376.75
2308,0.75125057,14349.333
2309,0.7498152,14321.917
2310,0.7483798,14294.5
2311,0.7469444,14267.083
2312,0.7455091,14239.667
2313,0.7440737,14212.25
2314,0.7426383,14184.833
2315,0.7412029,14157.417
2316,0.73976755,14130.0
2317,0.73734176,14083.667
2318,0.73491603,14037.333
2319,0.73249024,13991.0
2320,0.7300645,13944.667
2321,0.7276388,13898.333
2322,0.725213,13852.0
2323,0.72278726,13805.667
2324,0.72036153,13759.333
2325,0.71793574,13713.0
2326,0.71551,13666.667
2327,0.7130842,13620.333
2328,0.7106585,13574.0
2329,0.70500857,13466.083
2330,0.69935864,13358.167
2331,0.6937088,13250.25
2332,0.68805885,13142.333
2333,0.6824089,13034.417
2334,0.676759,12926.5
2335,0.67110914,12818.583
2336,0.6654592,12710.667
2337,0.6598093,12602.75
2338,0.65415937,12494.833
2339,0.64850944,12386.917
2340,0.6428596,12279.0
2341,0.6374234,12175.167
2342,0.6319873,12071.333
2343,0.62655115,11967.5
2344,0.621115,11863.667
2345,0.6156789,11759.833
2346,0.6102428,11656.0
2347,0.60480666,11552.167
2348,0.5993705,11448.333
2349,0.59393436,11344.5
2350,0.58849823,11240.667
2351,0.5830621,11136.833
2352,0.577626,11033.0
2353,0.5737692,10959.333
2354,0.56991243,10885.667
2355,0.56605566,10812.0
2356,0.5621989,10738.333
2357,0.5583421,10664.667
2358,0.5544853,10591.0
2359,0.55062854,10517.333
2360,0.5467718,10443.667
2361,0.54291505,10370.0
2362,0.53905827,10296.333
2363,0.5352015,10222.667
2364,0.5313447,10149.0
2365,0.52869207,10098.333
2366,0.5260395,10047.667
2367,0.52338684,9997.0
2368,0.5207342,9946.333
2369,0.5180816,9895.667
2370,0.51542896,9845.0
2371,0.5127764,9794.333
2372,0.5101237,9743.667
2373,0.5074711,9693.0
2374,0.5048185,9642.333
2375,0.50216585,9591.667
2376,0.49951324,9541.0
2377,0.49762848,9505.0
2378,0.49574372,9469.0
2379,0.49385896,9433.0
2380,0.4919742,9397.0
2381,0.49008945,9361.0
2382,0.4882047,9325.0
2383,0.48631993,9289.0
2384,0.48443517,9253.0
2385,0.4825504,9217.0
2386,0.48066565,9181.0
2387,0.4787809,9145.0
2388,0.47689614,9109.0
2389,0.4758185,9088.417
2390,0.4747409,9067.833
2391,0.47366324,9047.25
2392,0.47258562,9026.667
2393,0.471508,9006.083
2394,0.47043037,8985.5
2395,0.46935275,8964.917
2396,0.46827513,8944.333
2397,0.46719748,8923.75
2398,0.46611986,8903.167
2399,0.46504223,8882.583
2400,0.4639646,8862.0
2401,0.46407804,8864.167
2402,0.46419147,8866.333
2403,0.4643049,8868.5
2404,0.46441835,8870.667
2405,0.46453178,8872.833
2406,0.4646452,8875.0
2407,0.46475863,8877.167
2408,0.4648721,8879.333
2409,0.46498552,8881.5
2410,0.46509895,8883.667
2411,0.46521237,8885.833
2412,0.46532583,8888.0
2413,0.4674287,8928.167
2414,0.46953163,8968.333
2415,0.47163454,9008.5
2416,0.47373742,9048.667
2417,0.47584033,9088.833
2418,0.4779432,9129.0
2419,0.48004612,9169.167
2420,0.48214903,9209.333
2421,0.48425192,9249.5
2422,0.48635483,9289.667
2423,0.48845774,9329.833
2424,0.49056062,9370.0
2425,0.49464864,9448.083
2426,0.49873665,9526.167
2427,0.50282466,9604.25
2428,0.50691265,9682.333
2429,0.51100063,9760.417
2430,0.5150887,9838.5
2431,0.51917666,9916.583
2432,0.5232647,9994.667
2433,0.5273527,10072.75
2434,0.5314407,10150.833
2435,0.5355287,10228.917
2436,0.5396167,10307.0
2437,0.5419988,10352.5
2438,0.54438096,10398.0
2439,0.54676306,10443.5
2440,0.5491452,10489.0
2441,0.5515273,10534.5
2442,0.5539094,10580.0
2443,0.5562916,10625.5
2444,0.5586737,10671.0
2445,0.56105584,10716.5
2446,0.56343794,10762.0
2447,0.5658201,10807.5
2448,0.5682022,10853.0
2449,0.5694325,10876.5
2450,0.57066286,10900.0
2451,0.57189316,10923.5
2452,0.5731235,10947.0
2453,0.5743538,10970.5
2454,0.5755842,10994.0
2455,0.5768145,11017.5
2456,0.57804483,11041.0
2457,0.57927513,11064.5
2458,0.5805055,11088.0
2459,0.5817358,11111.5
2460,0.58296615,11135.0
2461,0.58449316,11164.167
2462,0.5860201,11193.333
2463,0.5875471,11222.5
2464,0.58907413,11251.667
2465,0.59060115,11280.833
2466,0.59212816,11310.0
2467,0.59365517,11339.167
2468,0.5951822,11368.333
2469,0.59670913,11397.5
2470,0.59823614,11426.667
2471,0.59976315,11455.833
2472,0.60129017,11485.0
2473,0.603537,11527.917
2474,0.60578394,11570.833
2475,0.6080308,11613.75
2476,0.61027765,11656.667
2477,0.61252457,11699.583
2478,0.6147714,11742.5
2479,0.6170183,11785.417
2480,0.6192652,11828.333
2481,0.62151206,11871.25
2482,0.6237589,11914.167
2483,0.6260058,11957.083
2484,0.6282527,12000.0
2485,0.6302334,12037.833
2486,0.6322142,12075.667
2487,0.6341949,12113.5
2488,0.63617563,12151.333
2489,0.6381564,12189.167
2490,0.64013714,12227.0
2491,0.64211786,12264.833
2492,0.6440986,12302.667
2493,0.64607936,12340.5
2494,0.6480601,12378.333
2495,0.6500408,12416.167
2496,0.6520216,12454.0
2497,0.6539238,12490.333
2498,0.655826,12526.667
2499,0.6577282,12563.0
2500,0.6596304,12599.333
2501,0.66153264,12635.667
2502,0.6634348,12672.0
2503,0.665337,12708.333
2504,0.66723925,12744.667
2505,0.6691415,12781.0
2506,0.6710437,12817.333
2507,0.67294586,12853.667
2508,0.6748481,12890.0
2509,0.67645365,12920.667
2510,0.67805916,12951.333
2511,0.6796647,12982.0
2512,0.68127024,13012.667
2513,0.68287575,13043.333
2514,0.6844813,13074.0
2515,0.68608683,13104.667
2516,0.68769234,13135.333
2517,0.6892979,13166.0
2518,0.6909034,13196.667
2519,0.692509,13227.333
2520,0.6941145,13258.0
2521,0.6955237,13284.917
2522,0.6969329,13311.833
2523,0.69834214,13338.75
2524,0.6997513,13365.667
2525,0.70116055,13392.583
2526,0.7025697,13419.5
2527,0.70397896,13446.417
2528,0.7053881,13473.333
2529,0.70679736,13500.25
2530,0.70820653,13527.167
2531,0.70961577,13554.083
2532,0.711025,13581.0
2533,0.711915,13598.0
2534,0.71280503,13615.0
2535,0.71369505,13632.0
2536,0.71458507,13649.0
2537,0.7154751,13666.0
2538,0.7163651,13683.0
2539,0.7172551,13700.0
2540,0.7181452,13717.0
2541,0.7190352,13734.0
2542,0.7199252,13751.0
2543,0.72081524,13768.0
2544,0.72170526,13785.0
2545,0.72238153,13797.917
2546,0.72305775,13810.833
2547,0.723734,13823.75
2548,0.72441024,13836.667
2549,0.7250865,13849.583
2550,0.7257627,13862.5
2551,0.726439,13875.417
2552,0.7271152,13888.333
2553,0.7277915,13901.25
2554,0.7284677,13914.167
2555,0.729144,13927.083
2556,0.7298202,13940.0
2557,0.7289215,13922.833
2558,0.7280227,13905.667
2559,0.7271239,13888.5
2560,0.7262252,13871.333
2561,0.7253264,13854.167
2562,0.7244277,13837.0
2563,0.7235289,13819.833
2564,0.7226302,13802.667
2565,0.7217314,13785.5
2566,0.7208327,13768.333
2567,0.7199339,13751.167
2568,0.7190352,13734.0
2569,0.7180623,13715.417
2570,0.71708935,13696.833
2571,0.7161164,13678.25
2572,0.7151435,13659.667
2573,0.7141706,13641.083
2574,0.71319765,13622.5
2575,0.7122248,13603.917
2576,0.71125185,13585.333
2577,0.7102789,13566.75
2578,0.709306,13548.167
2579,0.7083331,13529.583
2580,0.70736015,13511.0
2581,0.7058812,13482.75
2582,0.70440215,13454.5
2583,0.7029231,13426.25
2584,0.7014441,13398.0
2585,0.6999651,13369.75
2586,0.6984861,13341.5
2587,0.69700706,13313.25
2588,0.6955281,13285.0
2589,0.69404906,13256.75
2590,0.69257003,13228.5
2591,0.69109106,13200.25
2592,0.68961203,13172.0
2593,0.68963385,13172.417
2594,0.68965566,13172.833
2595,0.6896775,13173.25
2596,0.6896993,13173.667
2597,0.6897211,13174.083
2598,0.6897429,13174.5
2599,0.68976474,13174.917
2600,0.68978655,13175.333
2601,0.68980837,13175.75
2602,0.6898302,13176.167
2603,0.689852,13176.583
2604,0.6898738,13177.0
2605,0.6879018,13139.333
2606,0.6859298,13101.667
2607,0.68395776,13064.0
2608,0.68198574,13026.333
2609,0.6800137,12988.667
2610,0.6780417,12951.0
2611,0.6760697,12913.333
2612,0.67409766,12875.667
2613,0.67212564,12838.0
2614,0.6701536,12800.333
2615,0.66818166,12762.667
2616,0.66620964,12725.0
2617,0.6615806,12636.583
2618,0.6569516,12548.167
2619,0.6523226,12459.75
2620,0.64769363,12371.333
2621,0.6430646,12282.917
2622,0.6384356,12194.5
2623,0.6338066,12106.083
2624,0.62917763,12017.667
2625,0.6245486,11929.25
2626,0.6199196,11840.833
2627,0.6152906,11752.417
2628,0.6106616,11664.0
2629,0.605893,11572.917
2630,0.6011244,11481.833
2631,0.5963558,11390.75
2632,0.5915871,11299.667
2633,0.5868185,11208.583
2634,0.5820499,11117.5
2635,0.5772813,11026.417
2636,0.5725127,10935.333
2637,0.5677441,10844.25
2638,0.56297547,10753.167
2639,0.55820686,10662.083
2640,0.55343825,10571.0
2641,0.5499218,10503.833
2642,0.5464053,10436.667
2643,0.5428888,10369.5
2644,0.5393724,10302.333
2645,0.5358559,10235.167
2646,0.53233945,10168.0
2647,0.52882296,10100.833
2648,0.5253065,10033.667
2649,0.52179,9966.5
2650,0.51827353,9899.333
2651,0.5147571,9832.167
2652,0.5112406,9765.0
2653,0.50907665,9723.667
2654,0.50691265,9682.333
2655,0.5047487,9641.0
2656,0.5025847,9599.667
2657,0.5004207,9558.333
2658,0.49825674,9517.0
2659,0.49609274,9475.667
2660,0.49392876,9434.333
2661,0.49176478,9393.0
2662,0.4896008,9351.667
2663,0.48743683,9310.333
2664,0.48527285,9269.0
2665,0.48386362,9242.083
2666,0.48245442,9215.167
2667,0.48104522,9188.25
2668,0.479636,9161.333
2669,0.4782268,9134.417
2670,0.4768176,9107.5
2671,0.4754084,9080.583
2672,0.4739992,9053.667
2673,0.47259,9026.75
2674,0.4711808,8999.833
2675,0.46977156,8972.917
2676,0.46836236,8946.0
2677,0.46769923,8933.333
2678,0.46703607,8920.667
2679,0.4663729,8908.0
2680,0.46570975,8895.333
2681,0.46504658,8882.667
2682,0.46438345,8870.0
2683,0.4637203,8857.333
2684,0.46305713,8844.667
2685,0.46239397,8832.0
2686,0.4617308,8819.333
2687,0.46106765,8806.667
2688,0.46040452,8794.0
2689,0.46074918,8800.583
2690,0.46109384,8807.167
2691,0.4614385,8813.75
2692,0.46178317,8820.333
2693,0.46212783,8826.917
2694,0.4624725,8833.5
2695,0.46281716,8840.083
2696,0.46316183,8846.667
2697,0.4635065,8853.25
2698,0.46385118,8859.833
2699,0.46419585,8866.417
2700,0.4645405,8873.0
2701,0.46674812,8915.167
2702,0.46895573,8957.333
2703,0.47116333,8999.5
2704,0.47337094,9041.667
2705,0.47557855,9083.833
2706,0.47778615,9126.0
2707,0.47999376,9168.167
2708,0.4822014,9210.333
2709,0.484409,9252.5
2710,0.4866166,9294.667
2711,0.48882422,9336.833
2712,0.49103183,9379.0
2713,0.4954165,9462.75
2714,0.4998012,9546.5
2715,0.50418586,9630.25
2716,0.50857055,9714.0
2717,0.51295525,9797.75
2718,0.5173399,9881.5
2719,0.5217246,9965.25
2720,0.5261093,10049.0
2721,0.530494,10132.75
2722,0.5348786,10216.5
2723,0.5392633,10300.25
2724,0.543648,10384.0
2725,0.54585123,10426.083
2726,0.54805446,10468.167
2727,0.55025774,10510.25
2728,0.55246097,10552.333
2729,0.5546642,10594.417
2730,0.5568675,10636.5
2731,0.5590707,10678.583
2732,0.561274,10720.667
2733,0.5634772,10762.75
2734,0.56568044,10804.833
2735,0.56788373,10846.917
2736,0.57008696,10889.0
2737,0.5709115,10904.75
2738,0.5717361,10920.5
2739,0.57256067,10936.25
2740,0.5733853,10952.0
2741,0.57420987,10967.75
2742,0.57503444,10983.5
2743,0.575859,10999.25
2744,0.5766836,11015.0
2745,0.5775082,11030.75
2746,0.5783328,11046.5
2747,0.57915735,11062.25
2748,0.5799819,11078.0
2749,0.5808763,11095.083
2750,0.5817707,11112.167
2751,0.5826651,11129.25
2752,0.58355945,11146.333
2753,0.5844539,11163.417
2754,0.58534825,11180.5
2755,0.5862426,11197.583
2756,0.58713704,11214.667
2757,0.5880314,11231.75
2758,0.5889258,11248.833
2759,0.5898202,11265.917
2760,0.5907146,11283.0
2761,0.5919405,11306.417
2762,0.59316653,11329.833
2763,0.5943925,11353.25
2764,0.5956184,11376.667
2765,0.59684443,11400.083
2766,0.5980704,11423.5
2767,0.59929633,11446.917
2768,0.6005223,11470.333
2769,0.6017483,11493.75
2770,0.60297424,11517.167
2771,0.6042002,11540.583
2772,0.6054262,11564.0
2773,0.6060413,11575.75
2774,0.6066565,11587.5
2775,0.6072717,11599.25
2776,0.60788685,11611.0
2777,0.608502,11622.75
2778,0.60911715,11634.5
2779,0.60973233,11646.25
2780,0.61034745,11658.0
2781,0.6109626,11669.75
2782,0.6115778,11681.5
2783,0.612193,11693.25
2784,0.6128081,11705.0
2785,0.61329675,11714.333
2786,0.61378545,11723.667
2787,0.6142741,11733.0
2788,0.6147627,11742.333
2789,0.61525136,11751.667
2790,0.61574,11761.0
2791,0.61622864,11770.333
2792,0.6167173,11779.667
2793,0.6172059,11789.0
2794,0.61769456,11798.333
2795,0.6181832,11807.667
2796,0.61867183,11817.0
2797,0.61983234,11839.167
2798,0.6209929,11861.333
2799,0.6221534,11883.5
2800,0.6233139,11905.667
2801,0.62447447,11927.833
2802,0.62563497,11950.0
2803,0.6267955,11972.167
2804,0.62795603,11994.333
2805,0.62911654,12016.5
2806,0.63027704,12038.667
2807,0.6314376,12060.833
2808,0.6325981,12083.0
2809,0.6336408,12102.917
2810,0.63468355,12122.833
2811,0.6357263,12142.75
2812,0.636769,12162.667
2813,0.6378117,12182.583
2814,0.63885444,12202.5
2815,0.63989717,12222.417
2816,0.6409399,12242.333
2817,0.6419826,12262.25
2818,0.64302534,12282.167
2819,0.64406806,12302.083
2820,0.6451108,12322.0
2821,0.64632803,12345.25
2822,0.6475453,12368.5
2823,0.6487625,12391.75
2824,0.64997977,12415.0
2825,0.651197,12438.25
2826,0.6524142,12461.5
2827,0.65363145,12484.75
2828,0.6548487,12508.0
2829,0.65606594,12531.25
2830,0.6572832,12554.5
2831,0.65850043,12577.75
2832,0.6597177,12601.0
2833,0.66142356,12633.583
2834,0.66312945,12666.167
2835,0.66483533,12698.75
2836,0.6665412,12731.333
2837,0.66824704,12763.917
2838,0.6699529,12796.5
2839,0.6716588,12829.083
2840,0.6733647,12861.667
2841,0.6750706,12894.25
2842,0.67677647,12926.833
2843,0.67848235,12959.417
2844,0.68018824,12992.0
2845,0.68138367,13014.833
2846,0.6825791,13037.667
2847,0.68377453,13060.5
2848,0.68496996,13083.333
2849,0.68616533,13106.167
2850,0.68736076,13129.0
2851,0.6885562,13151.833
2852,0.6897516,13174.667
2853,0.69094706,13197.5
2854,0.6921425,13220.333
2855,0.6933379,13243.167
2856,0.69453335,13266.0
2857,0.6945682,13266.667
2858,0.69460315,13267.333
2859,0.6946381,13268.0
2860,0.69467294,13268.667
2861,0.6947079,13269.333
2862,0.69474274,13270.0
2863,0.69477767,13270.667
2864,0.69481254,13271.333
2865,0.69484746,13272.0
2866,0.6948824,13272.667
2867,0.69491726,13273.333
2868,0.6949522,13274.0
2869,0.69336843,13243.75
2870,0.69178474,13213.5
2871,0.690201,13183.25
2872,0.6886173,13153.0
2873,0.6870336,13122.75
2874,0.68544984,13092.5
2875,0.68386614,13062.25
2876,0.6822824,13032.0
2877,0.6806987,13001.75
2878,0.679115,12971.5
2879,0.67753124,12941.25
2880,0.67594755,12911.0
2881,0.67530185,12898.667
2882,0.6746561,12886.333
2883,0.6740104,12874.0
2884,0.6733647,12861.667
2885,0.672719,12849.333
2886,0.6720733,12837.0
2887,0.6714276,12824.667
2888,0.6707819,12812.333
2889,0.6701362,12800.0
2890,0.6694905,12787.667
2891,0.66884476,12775.333
2892,0.66819906,12763.0
2893,0.66665024,12733.417
2894,0.66510147,12703.833
2895,0.66355264,12674.25
2896,0.6620038,12644.667
2897,0.660455,12615.083
2898,0.65890616,12585.5
2899,0.65735734,12555.917
2900,0.65580857,12526.333
2901,0.65425974,12496.75
2902,0.6527109,12467.167
2903,0.6511621,12437.583
2904,0.64961326,12408.0
2905,0.6458307,12335.75
2906,0.64204806,12263.5
2907,0.63826543,12191.25
2908,0.63448286,12119.0
2909,0.63070023,12046.75
2910,0.62691766,11974.5
2911,0.62313503,11902.25
2912,0.61935246,11830.0
2913,0.61556983,11757.75
2914,0.6117872,11685.5
2915,0.6080046,11613.25
2916,0.604222,11541.0
2917,0.59981114,11456.75
2918,0.5954003,11372.5
2919,0.5909895,11288.25
2920,0.5865786,11204.0
2921,0.58216774,11119.75
2922,0.5777569,11035.5
2923,0.573346,10951.25
2924,0.56893516,10867.0
2925,0.5645243,10782.75
2926,0.56011343,10698.5
2927,0.55570257,10614.25
2928,0.5512917,10530.0
2929,0.54760075,10459.5
2930,0.5439097,10389.0
2931,0.5402188,10318.5
2932,0.5365278,10248.0
2933,0.5328368,10177.5
2934,0.52914584,10107.0
2935,0.5254548,10036.5
2936,0.52176386,9966.0
2937,0.51807284,9895.5
2938,0.5143819,9825.0
2939,0.51069087,9754.5
2940,0.5069999,9684.0
2941,0.50453055,9636.833
2942,0.5020611,9589.667
2943,0.49959177,9542.5
2944,0.49712238,9495.333
2945,0.49465302,9448.167
2946,0.49218363,9401.0
2947,0.48971424,9353.833
2948,0.48724484,9306.667
2949,0.48477548,9259.5
2950,0.4823061,9212.333
2951,0.4798367,9165.167
2952,0.47736734,9118.0
2953,0.475644,9085.083
2954,0.47392067,9052.167
2955,0.47219732,9019.25
2956,0.470474,8986.333
2957,0.46875066,8953.417
2958,0.46702734,8920.5
2959,0.46530402,8887.583
2960,0.46358067,8854.667
2961,0.46185735,8821.75
2962,0.460134,8788.833
2963,0.45841068,8755.917
2964,0.45668733,8723.0
2965,0.45581913,8706.417
2966,0.45495093,8689.833
2967,0.45408273,8673.25
2968,0.4532145,8656.667
2969,0.4523463,8640.083
2970,0.4514781,8623.5
2971,0.45060986,8606.917
2972,0.44974166,8590.333
2973,0.44887346,8573.75
2974,0.44800523,8557.167
2975,0.44713703,8540.583
2976,0.44626883,8524.0
2977,0.44601142,8519.083
2978,0.445754,8514.167
2979,0.4454966,8509.25
2980,0.4452392,8504.333
2981,0.44498178,8499.417
2982,0.44472435,8494.5
2983,0.44446695,8489.583
2984,0.44420955,8484.667
2985,0.44395214,8479.75
2986,0.44369474,8474.833
2987,0.4434373,8469.917
2988,0.4431799,8465.0
2989,0.44362056,8473.417
2990,0.44406122,8481.833
2991,0.44450185,8490.25
2992,0.4449425,8498.667
2993,0.44538316,8507.083
2994,0.44582382,8515.5
2995,0.44626445,8523.917
2996,0.4467051,8532.333
2997,0.44714576,8540.75
2998,0.44758642,8549.167
2999,0.44802704,8557.583
3000,0.4484677,8566.0
3001,0.4493621,8583.083
3002,0.45025647,8600.167
3003,0.45115086,8617.25
3004,0.45204526,8634.333
3005,0.45293963,8651.417
3006,0.45383403,8668.5
3007,0.45472842,8685.583
3008,0.4556228,8702.667
3009,0.4565172,8719.75
3010,0.4574116,8736.833
3011,0.45830595,8753.917
3012,0.45920035,8771.0
3013,0.4606401,8798.5
3014,0.46207985,8826.0
3015,0.4635196,8853.5
3016,0.46495932,8881.0
3017,0.46639907,8908.5
3018,0.46783882,8936.0
3019,0.46927857,8963.5
3020,0.47071832,8991.0
3021,0.47215807,9018.5
3022,0.47359782,9046.0
3023,0.47503754,9073.5
3024,0.4764773,9101.0
3025,0.4793219,9155.333
3026,0.48216647,9209.667
3027,0.48501107,9264.0
3028,0.48785564,9318.333
3029,0.49070024,9372.667
3030,0.49354485,9427.0
3031,0.49638942,9481.333
3032,0.49923402,9535.667
3033,0.5020786,9590.0
3034,0.50492316,9644.333
3035,0.5077678,9698.667
3036,0.51061237,9753.0
3037,0.513073,9800.0
3038,0.5155337,9847.0
3039,0.51799434,9894.0
3040,0.520455,9941.0
3041,0.52291566,9988.0
3042,0.5253763,10035.0
3043,0.527837,10082.0
3044,0.53029764,10129.0
3045,0.5327583,10176.0
3046,0.53521895,10223.0
3047,0.5376796,10270.0
3048,0.5401403,10317.0
3049,0.5422344,10357.0
3050,0.5443286,10397.0
3051,0.5464228,10437.0
3052,0.5485169,10477.0
3053,0.55061114,10517.0
3054,0.5527053,10557.0
3055,0.5547995,10597.0
3056,0.55689365,10637.0
3057,0.5589878,10677.0
3058,0.561082,10717.0
3059,0.56317616,10757.0
3060,0.56527036,10797.0
3061,0.56618655,10814.5
3062,0.56710273,10832.0
3063,0.568019,10849.5
3064,0.56893516,10867.0
3065,0.56985134,10884.5
3066,0.5707676,10902.0
3067,0.57168376,10919.5
3068,0.57259995,10937.0
3069,0.5735162,10954.5
3070,0.5744324,10972.0
3071,0.57534856,10989.5
3072,0.5762648,11007.0
3073,0.5769541,11020.167
3074,0.57764345,11033.333
3075,0.5783328,11046.5
3076,0.5790221,11059.667
3077,0.57971144,11072.833
3078,0.58040076,11086.0
3079,0.5810901,11099.167
3080,0.5817794,11112.333
3081,0.58246875,11125.5
3082,0.5831581,11138.667
3083,0.5838474,11151.833
3084,0.5845368,11165.0
3085,0.58486396,11171.25
3086,0.5851912,11177.5
3087,0.5855184,11183.75
3088,0.58584565,11190.0
3089,0.5861728,11196.25
3090,0.58650005,11202.5
3091,0.5868273,11208.75
3092,0.5871545,11215.0
3093,0.5874817,11221.25
3094,0.5878089,11227.5
3095,0.58813614,11233.75
3096,0.58846337,11240.0
3097,0.58838046,11238.417
3098,0.58829755,11236.833
3099,0.58821464,11235.25
3100,0.5881318,11233.667
3101,0.5880489,11232.083
3102,0.58796597,11230.5
3103,0.58788306,11228.917
3104,0.5878002,11227.333
3105,0.5877173,11225.75
3106,0.5876344,11224.167
3107,0.58755153,11222.583
3108,0.5874686,11221.0
3109,0.5875559,11222.667
3110,0.58764315,11224.333
3111,0.5877304,11226.0
3112,0.58781767,11227.667
3113,0.5879049,11229.333
3114,0.58799213,11231.0
3115,0.5880794,11232.667
3116,0.58816665,11234.333
3117,0.5882539,11236.0
3118,0.5883412,11237.667
3119,0.58842844,11239.333
3120,0.5885157,11241.0
3121,0.5887164,11244.833
3122,0.5889171,11248.667
3123,0.58911777,11252.5
3124,0.58931845,11256.333
3125,0.58951914,11260.167
3126,0.58971983,11264.0
3127,0.5899205,11267.833
3128,0.5901212,11271.667
3129,0.5903219,11275.5
3130,0.5905226,11279.333
3131,0.59072334,11283.167
3132,0.590924,11287.0
3133,0.5910898,11290.167
3134,0.5912556,11293.333
3135,0.59142137,11296.5
3136,0.5915871,11299.667
3137,0.59175295,11302.833
3138,0.5919187,11306.0
3139,0.5920845,11309.167
3140,0.5922503,11312.333
3141,0.5924161,11315.5
3142,0.59258187,11318.667
3143,0.5927477,11321.833
3144,0.59291345,11325.0
3145,0.5924859,11316.833
3146,0.59205836,11308.667
3147,0.59163076,11300.5
3148,0.5912032,11292.333
3149,0.59077567,11284.167
3150,0.5903481,11276.0
3151,0.5899205,11267.833
3152,0.589493,11259.667
3153,0.58906543,11251.5
3154,0.5886378,11243.333
3155,0.5882103,11235.167
3156,0.58778274,11227.0
3157,0.58745116,11220.667
3158,0.5871196,11214.333
3159,0.586788,11208.0
3160,0.5864564,11201.667
3161,0.58612484,11195.333
3162,0.58579326,11189.0
3163,0.5854617,11182.667
3164,0.5851301,11176.333
3165,0.5847985,11170.0
3166,0.58446693,11163.667
3167,0.58413535,11157.333
3168,0.58380383,11151.0
3169,0.5840612,11155.917
3170,0.58431864,11160.833
3171,0.584576,11165.75
3172,0.58483344,11170.667
3173,0.5850909,11175.583
3174,0.58534825,11180.5
3175,0.5856057,11185.417
3176,0.58586305,11190.333
3177,0.5861205,11195.25
3178,0.5863779,11200.167
3179,0.5866353,11205.083
3180,0.5868927,11210.0
3181,0.58584124,11189.917
3182,0.5847898,11169.833
3183,0.5837384,11149.75
3184,0.5826869,11129.667
3185,0.5816355,11109.583
3186,0.580584,11089.5
3187,0.57953256,11069.417
3188,0.5784811,11049.333
3189,0.57742965,11029.25
3190,0.5763782,11009.167
3191,0.57532674,10989.083
3192,0.5742753,10969.0
3193,0.5717187,10920.167
3194,0.569162,10871.333
3195,0.5666054,10822.5
3196,0.56404877,10773.667
3197,0.5614921,10724.833
3198,0.55893546,10676.0
3199,0.55637884,10627.167
3200,0.55382216,10578.333
3201,0.55126554,10529.5
3202,0.5487089,10480.667
3203,0.5461523,10431.833
3204,0.5435956,10383.0
3205,0.54048926,10323.667
3206,0.5373829,10264.333
3207,0.53427655,10205.0
3208,0.5311702,10145.667
3209,0.52806383,10086.333
3210,0.5249575,10027.0
3211,0.5218511,9967.667
3212,0.51874477,9908.333
3213,0.5156384,9849.0
3214,0.51253206,9789.667
3215,0.50942564,9730.333
3216,0.5063193,9671.0
3217,0.50337875,9614.833
3218,0.50043815,9558.667
3219,0.4974976,9502.5
3220,0.49455702,9446.333
3221,0.49161646,9390.167
3222,0.48867586,9334.0
3223,0.4857353,9277.833
3224,0.48279473,9221.667
3225,0.47985417,9165.5
3226,0.4769136,9109.333
3227,0.473973,9053.167
3228,0.47103244,8997.0
3229,0.46896008,8957.417
3230,0.4668877,8917.833
3231,0.46481535,8878.25
3232,0.462743,8838.667
3233,0.46067065,8799.083
3234,0.4585983,8759.5
3235,0.45652592,8719.917
3236,0.45445356,8680.333
3237,0.4523812,8640.75
3238,0.45030883,8601.167
3239,0.44823647,8561.583
3240,0.4461641,8522.0
3241,0.4448029,8496.0
3242,0.4434417,8470.0
3243,0.44208047,8444.0
3244,0.44071925,8418.0
3245,0.43935806,8392.0
3246,0.43799683,8366.0
3247,0.4366356,8340.0
3248,0.4352744,8314.0
3249,0.43391317,8288.0
3250,0.43255198,8262.0
3251,0.43119076,8236.0
3252,0.42982954,8210.0
3253,0.42909658,8196.0
3254,0.42836362,8182.0
3255,0.42763066,8168.0
3256,0.4268977,8154.0
3257,0.42616475,8140.0
3258,0.4254318,8126.0
3259,0.4246988,8112.0
3260,0.42396584,8098.0
3261,0.42323288,8084.0
3262,0.42249992,8070.0
3263,0.42176697,8056.0
3264,0.421034,8042.0
3265,0.42074606,8036.5
3266,0.4204581,8031.0
3267,0.42017016,8025.5
3268,0.4198822,8020.0
3269,0.41959426,8014.5
3270,0.4193063,8009.0
3271,0.41901836,8003.5
3272,0.4187304,7998.0
3273,0.41844246,7992.5
3274,0.4181545,7987.0
3275,0.41786656,7981.5
3276,0.4175786,7976.0
3277,0.41801926,7984.4165
3278,0.41845992,7992.8335
3279,0.41890055,8001.25
3280,0.4193412,8009.6665
3281,0.41978186,8018.0835
3282,0.42022252,8026.5
3283,0.42066315,8034.9165
3284,0.4211038,8043.3335
3285,0.42154446,8051.75
3286,0.42198512,8060.1665
3287,0.42242575,8068.5835
3288,0.4228664,8077.0
3289,0.42368227,8092.5835
3290,0.4244981,8108.1665
3291,0.42531398,8123.75
3292,0.42612982,8139.3335
3293,0.4269457,8154.9165
3294,0.42776155,8170.5
3295,0.4285774,8186.0835
3296,0.42939326,8201.667
3297,0.4302091,8217.25
3298,0.43102497,8232.833
3299,0.43184084,8248.417
3300,0.43265668,8264.0
3301,0.43416187,8292.75
3302,0.43566707,8321.5
3303,0.43717223,8350.25
3304,0.43867743,8379.0
3305,0.44018263,8407.75
3306,0.44168782,8436.5
3307,0.443193,8465.25
3308,0.44469818,8494.0
3309,0.44620338,8522.75
3310,0.44770858,8551.5
3311,0.44921374,8580.25
3312,0.45071894,8609.0
3313,0.45373368,8666.583
3314,0.45674843,8724.167
3315,0.45976317,8781.75
3316,0.4627779,8839.333
3317,0.46579266,8896.917
3318,0.4688074,8954.5
3319,0.4718221,9012.083
3320,0.47483686,9069.667
3321,0.4778516,9127.25
3322,0.48086634,9184.833
3323,0.4838811,9242.417
3324,0.48689583,9300.0
3325,0.48918197,9343.667
3326,0.4914681,9387.333
3327,0.49375424,9431.0
3328,0.4960404,9474.667
3329,0.49832654,9518.333
3330,0.5006127,9562.0
3331,0.5028988,9605.667
3332,0.50518495,9649.333
3333,0.5074711,9693.0
3334,0.5097572,9736.667
3335,0.51204336,9780.333
3336,0.51432955,9824.0
3337,0.5153417,9843.333
3338,0.5163539,9862.667
3339,0.5173661,9882.0
3340,0.51837826,9901.333
3341,0.51939046,9920.667
3342,0.5204026,9940.0
3343,0.5214148,9959.333
3344,0.522427,9978.667
3345,0.52343917,9998.0
3346,0.5244514,10017.333
3347,0.5254636,10036.667
3348,0.5264757,10056.0
3349,0.5272087,10070.0
3350,0.52794164,10084.0
3351,0.5286746,10098.0
3352,0.5294076,10112.0
3353,0.5301406,10126.0
3354,0.53087354,10140.0
3355,0.5316065,10154.0
3356,0.53233945,10168.0
3357,0.5330724,10182.0
3358,0.5338054,10196.0
3359,0.5345383,10210.0
3360,0.5352713,10224.0
3361,0.5359606,10237.167
3362,0.53664994,10250.333
3363,0.53733927,10263.5
3364,0.5380286,10276.667
3365,0.5387179,10289.833
3366,0.53940725,10303.0
3367,0.54009664,10316.167
3368,0.54078597,10329.333
3369,0.5414753,10342.5
3370,0.5421646,10355.667
3371,0.54285395,10368.833
3372,0.5435433,10382.0
3373,0.5439403,10389.583
3374,0.54433733,10397.167
3375,0.54473436,10404.75
3376,0.5451314,10412.333
3377,0.54552835,10419.917
3378,0.5459254,10427.5
3379,0.5463224,10435.083
3380,0.54671943,10442.667
3381,0.54711646,10450.25
3382,0.5475135,10457.833
3383,0.5479105,10465.417
3384,0.54830754,10473.0
3385,0.5487787,10482.0
3386,0.5492499,10491.0
3387,0.5497211,10500.0
3388,0.5501923,10509.0
3389,0.5506635,10518.0
3390,0.55113465,10527.0
3391,0.5516059,10536.0
3392,0.55207705,10545.0
3393,0.5525482,10554.0
3394,0.5530194,10563.0
3395,0.55349064,10572.0
3396,0.5539618,10581.0
3397,0.55482566,10597.5
3398,0.5556895,10614.0
3399,0.55655336,10630.5
3400,0.5574172,10647.0
3401,0.55828106,10663.5
3402,0.5591449,10680.0
3403,0.5600087,10696.5
3404,0.56087255,10713.0
3405,0.5617364,10729.5
3406,0.56260026,10746.0
3407,0.5634641,10762.5
3408,0.56432796,10779.0
3409,0.56501293,10792.083
3410,0.5656979,10805.167
3411,0.5663829,10818.25
3412,0.56706786,10831.333
3413,0.56775284,10844.417
3414,0.5684378,10857.5
3415,0.56912273,10870.583
3416,0.5698077,10883.667
3417,0.5704927,10896.75
3418,0.57117766,10909.833
3419,0.57186264,10922.917
3420,0.5725476,10936.0
3421,0.57337654,10951.833
3422,0.5742055,10967.667
3423,0.57503444,10983.5
3424,0.57586336,10999.333
3425,0.57669234,11015.167
3426,0.57752126,11031.0
3427,0.57835025,11046.833
3428,0.57917917,11062.667
3429,0.5800081,11078.5
3430,0.5808371,11094.333
3431,0.581666,11110.167
3432,0.5824949,11126.0
3433,0.583433,11143.917
3434,0.584371,11161.833
3435,0.58530897,11179.75
3436,0.586247,11197.667
3437,0.587185,11215.583
3438,0.588123,11233.5
3439,0.5890611,11251.417
3440,0.5899991,11269.333
3441,0.5909371,11287.25
3442,0.5918751,11305.167
3443,0.59281313,11323.083
3444,0.59375113,11341.0
3445,0.59393877,11344.583
3446,0.59412634,11348.167
3447,0.5943139,11351.75
3448,0.59450155,11355.333
3449,0.59468913,11358.917
3450,0.59487677,11362.5
3451,0.59506434,11366.083
3452,0.595252,11369.667
3453,0.59543955,11373.25
3454,0.5956272,11376.833
3455,0.59581476,11380.417
3456,0.5960024,11384.0
3457,0.59684,11400.0
3458,0.5976777,11416.0
3459,0.5985154,11432.0
3460,0.5993531,11448.0
3461,0.6001907,11464.0
3462,0.6010284,11480.0
3463,0.60186607,11496.0
3464,0.60270375,11512.0
3465,0.60354143,11528.0
3466,0.60437906,11544.0
3467,0.60521674,11560.0
3468,0.6060544,11576.0
3469,0.60509896,11557.75
3470,0.6041435,11539.5
3471,0.60318804,11521.25
3472,0.6022326,11503.0
3473,0.60127705,11484.75
3474,0.6003216,11466.5
3475,0.5993661,11448.25
3476,0.59841067,11430.0
3477,0.5974552,11411.75
3478,0.59649974,11393.5
3479,0.5955443,11375.25
3480,0.5945888,11357.0
3481,0.5912207,11292.667
3482,0.58785254,11228.333
3483,0.5844844,11164.0
3484,0.58111626,11099.667
3485,0.5777481,11035.333
3486,0.57438004,10971.0
3487,0.5710119,10906.667
3488,0.56764376,10842.333
3489,0.5642756,10778.0
3490,0.5609075,10713.667
3491,0.55753934,10649.333
3492,0.5541712,10585.0
3493,0.5504148,10513.25
3494,0.54665834,10441.5
3495,0.54290193,10369.75
3496,0.5391455,10298.0
3497,0.53538907,10226.25
3498,0.53163266,10154.5
3499,0.5278762,10082.75
3500,0.5241198,10011.0
3501,0.5203634,9939.25
3502,0.5166069,9867.5
3503,0.5128505,9795.75
3504,0.50909406,9724.0
3505,0.5059354,9663.667
3506,0.5027767,9603.333
3507,0.49961793,9543.0
3508,0.49645922,9482.667
3509,0.49330053,9422.333
3510,0.4901418,9362.0
3511,0.4869831,9301.667
3512,0.48382437,9241.333
3513,0.48066565,9181.0
3514,0.47750694,9120.667
3515,0.47434822,9060.333
3516,0.4711895,9000.0
3517,0.46932656,8964.417
3518,0.4674636,8928.833
3519,0.46560067,8893.25
3520,0.46373773,8857.667
3521,0.46187478,8822.083
3522,0.46001184,8786.5
3523,0.4581489,8750.917
3524,0.45628595,8715.333
3525,0.454423,8679.75
3526,0.45256007,8644.167
3527,0.45069712,8608.583
3528,0.44883418,8573.0
3529,0.44767365,8550.833
3530,0.44651315,8528.667
3531,0.4453526,8506.5
3532,0.44419208,8484.333
3533,0.44303158,8462.167
3534,0.44187105,8440.0
3535,0.4407105,8417.833
3536,0.43955,8395.667
3537,0.43838948,8373.5
3538,0.43722895,8351.333
3539,0.43606845,8329.167
3540,0.4349079,8307.0
3541,0.43451527,8299.5
3542,0.4341226,8292.0
3543,0.43372995,8284.5
3544,0.43333727,8277.0
3545,0.43294463,8269.5
3546,0.43255198,8262.0
3547,0.4321593,8254.5
3548,0.43176666,8247.0
3549,0.43137398,8239.5
3550,0.43098134,8232.0
3551,0.4305887,8224.5
3552,0.43019602,8217.0
3553,0.43092898,8231.0
3554,0.43166193,8245.0
3555,0.43239492,8259.0
3556,0.43312788,8273.0
3557,0.43386084,8287.0
3558,0.4345938,8301.0
3559,0.43532676,8315.0
3560,0.4360597,8329.0
3561,0.43679267,8343.0
3562,0.43752563,8357.0
3563,0.4382586,8371.0
3564,0.43899155,8385.0
3565,0.44159618,8434.75
3566,0.4442008,8484.5
3567,0.44680545,8534.25
3568,0.44941008,8584.0
3569,0.4520147,8633.75
3570,0.45461935,8683.5
3571,0.45722398,8733.25
3572,0.45982862,8783.0
3573,0.46243325,8832.75
3574,0.46503788,8882.5
3575,0.4676425,8932.25
3576,0.47024712,8982.0
3577,0.47488922,9070.667
3578,0.47953132,9159.333
3579,0.4841734,9248.0
3580,0.4888155,9336.667
3581,0.4934576,9425.333
3582,0.49809965,9514.0
3583,0.50274175,9602.667
3584,0.5073838,9691.333
3585,0.51202595,9780.0
3586,0.516668,9868.667
3587,0.5213101,9957.333
3588,0.5259522,10046.0
3589,0.52844775,10093.667
3590,0.53094333,10141.333
3591,0.53343886,10189.0
3592,0.53593445,10236.667
3593,0.53843,10284.333
3594,0.54092556,10332.0
3595,0.5434211,10379.667
3596,0.5459167,10427.333
3597,0.54841226,10475.0
3598,0.5509078,10522.667
3599,0.5534034,10570.333
3600,0.5558989,10618.0
3601,0.5566886,10633.083
3602,0.55747825,10648.167
3603,0.55826795,10663.25
3604,0.55905765,10678.333
3605,0.5598473,10693.417
3606,0.560637,10708.5
3607,0.56142664,10723.583
3608,0.56221634,10738.667
3609,0.56300604,10753.75
3610,0.5637957,10768.833
3611,0.5645854,10783.917
3612,0.56537503,10799.0
3613,0.5665225,10820.917
3614,0.5676699,10842.833
3615,0.5688174,10864.75
3616,0.56996477,10886.667
3617,0.5711122,10908.583
3618,0.57225966,10930.5
3619,0.5734071,10952.417
3620,0.5745545,10974.333
3621,0.57570195,10996.25
3622,0.5768494,11018.167
3623,0.57799685,11040.083
3624,0.57914424,11062.0
3625,0.5806538,11090.833
3626,0.5821634,11119.667
3627,0.58367294,11148.5
3628,0.5851825,11177.333
3629,0.58669204,11206.167
3630,0.5882016,11235.0
3631,0.5897111,11263.833
3632,0.5912207,11292.667
3633,0.5927302,11321.5
3634,0.5942398,11350.333
3635,0.5957493,11379.167
3636,0.59725887,11408.0
3637,0.59824055,11426.75
3638,0.5992222,11445.5
3639,0.6002038,11464.25
3640,0.60118544,11483.0
3641,0.6021671,11501.75
3642,0.60314876,11520.5
3643,0.6041304,11539.25
3644,0.605112,11558.0
3645,0.6060937,11576.75
3646,0.60707533,11595.5
3647,0.60805696,11614.25
3648,0.6090386,11633.0
3649,0.6098152,11647.833
3650,0.6105918,11662.667
3651,0.6113684,11677.5
3652,0.612145,11692.333
3653,0.6129216,11707.167
3654,0.6136982,11722.0
3655,0.6144748,11736.833
3656,0.61525136,11751.667
3657,0.61602795,11766.5
3658,0.61680454,11781.333
3659,0.6175811,11796.167
3660,0.6183577,11811.0
3661,0.6194135,11831.167
3662,0.62046933,11851.333
3663,0.62152517,11871.5
3664,0.62258095,11891.667
3665,0.6236368,11911.833
3666,0.62469256,11932.0
3667,0.6257484,11952.167
3668,0.62680423,11972.333
3669,0.62786,11992.5
3670,0.62891585,12012.667
3671,0.6299716,12032.833
3672,0.63102746,12053.0
3673,0.63199604,12071.5
3674,0.63296455,12090.0
3675,0.6339331,12108.5
3676,0.6349017,12127.0
3677,0.6358702,12145.5
3678,0.6368388,12164.0
3679,0.63780737,12182.5
3680,0.6387759,12201.0
3681,0.63974446,12219.5
3682,0.64071304,12238.0
3683,0.64168155,12256.5
3684,0.6426501,12275.0
3685,0.6436972,12295.0
3686,0.64474434,12315.0
3687,0.6457914,12335.0
3688,0.6468385,12355.0
3689,0.64788556,12375.0
3690,0.64893264,12395.0
3691,0.64997977,12415.0
3692,0.65102684,12435.0
3693,0.6520739,12455.0
3694,0.653121,12475.0
3695,0.6541681,12495.0
3696,0.6552152,12515.0
3697,0.6562448,12534.667
3698,0.6572745,12554.333
3699,0.6583041,12574.0
3700,0.65933377,12593.667
3701,0.6603634,12613.333
3702,0.661393,12633.0
3703,0.66242266,12652.667
3704,0.66345227,12672.333
3705,0.66448194,12692.0
3706,0.66551155,12711.667
3707,0.6665412,12731.333
3708,0.6675708,12751.0
3709,0.66795474,12758.333
3710,0.6683387,12765.667
3711,0.6687226,12773.0
3712,0.66910654,12780.333
3713,0.6694905,12787.667
3714,0.6698744,12795.0
3715,0.67025834,12802.333
3716,0.67064226,12809.667
3717,0.67102623,12817.0
3718,0.67141014,12824.333
3719,0.67179406,12831.667
3720,0.67217803,12839.0
3721,0.67197293,12835.083
3722,0.6717679,12831.167
3723,0.67156285,12827.25
3724,0.6713578,12823.333
3725,0.6711527,12819.417
3726,0.6709477,12815.5
3727,0.67074263,12811.583
3728,0.6705376,12807.667
3729,0.6703325,12803.75
3730,0.67012745,12799.833
3731,0.6699224,12795.917
3732,0.6697174,12792.0
3733,0.6680726,12760.583
3734,0.66642773,12729.167
3735,0.66478294,12697.75
3736,0.66313815,12666.333
3737,0.66149336,12634.917
3738,0.6598486,12603.5
3739,0.6582038,12572.083
3740,0.65655893,12540.667
3741,0.65491414,12509.25
3742,0.65326935,12477.833
3743,0.65162456,12446.417
3744,0.64997977,12415.0
3745,0.64888906,12394.167
3746,0.6477983,12373.333
3747,0.6467076,12352.5
3748,0.6456169,12331.667
3749,0.6445262,12310.833
3750,0.6434355,12290.0
3751,0.6423447,12269.167
3752,0.641254,12248.333
3753,0.6401633,12227.5
3754,0.6390726,12206.667
3755,0.6379819,12185.833
3756,0.6368911,12165.0
3757,0.6348013,12125.083
3758,0.6327115,12085.167
3759,0.63062173,12045.25
3760,0.62853193,12005.333
3761,0.6264421,11965.417
3762,0.6243523,11925.5
3763,0.6222625,11885.583
3764,0.6201727,11845.667
3765,0.6180828,11805.75
3766,0.615993,11765.833
3767,0.6139032,11725.917
3768,0.6118134,11686.0
3769,0.6068703,11591.583
3770,0.60192716,11497.167
3771,0.596984,11402.75
3772,0.5920409,11308.333
3773,0.58709776,11213.917
3774,0.58215463,11119.5
3775,0.5772115,11025.083
3776,0.57226837,10930.667
3777,0.56732523,10836.25
3778,0.5623821,10741.833
3779,0.557439,10647.417
3780,0.5524959,10553.0
3781,0.5478887,10465.0
3782,0.5432815,10377.0
3783,0.5386743,10289.0
3784,0.53406715,10201.0
3785,0.52945995,10113.0
3786,0.52485275,10025.0
3787,0.52024555,9937.0
3788,0.5156384,9849.0
3789,0.5110312,9761.0
3790,0.506424,9673.0
3791,0.5018168,9585.0
3792,0.49720964,9497.0
3793,0.4940073,9435.833
3794,0.49080494,9374.667
3795,0.48760262,9313.5
3796,0.48440027,9252.333
3797,0.48119792,9191.167
3798,0.47799557,9130.0
3799,0.47479323,9068.833
3800,0.4715909,9007.667
3801,0.46838856,8946.5
3802,0.4651862,8885.333
3803,0.46198386,8824.167
3804,0.4587815,8763.0
3805,0.45720217,8732.833
3806,0.4556228,8702.667
3807,0.45404345,8672.5
3808,0.4524641,8642.333
3809,0.45088473,8612.167
3810,0.4493054,8582.0
3811,0.447726,8551.833
3812,0.44614667,8521.667
3813,0.4445673,8491.5
3814,0.44298795,8461.333
3815,0.44140857,8431.167
3816,0.43982923,8401.0
3817,0.4382455,8370.75
3818,0.43666178,8340.5
3819,0.43507805,8310.25
3820,0.43349436,8280.0
3821,0.43191063,8249.75
3822,0.4303269,8219.5
3823,0.42874318,8189.25
3824,0.42715946,8159.0
3825,0.42557573,8128.75
3826,0.42399204,8098.5
3827,0.4224083,8068.25
3828,0.4208246,8038.0
3829,0.4206937,8035.5
3830,0.4205628,8033.0
3831,0.42043194,8030.5
3832,0.42030105,8028.0
3833,0.42017016,8025.5
3834,0.42003927,8023.0
3835,0.41990837,8020.5
3836,0.4197775,8018.0
3837,0.41964662,8015.5
3838,0.41951573,8013.0
3839,0.41938484,8010.5
3840,0.41925395,8008.0
3841,0.41982985,8019.0
3842,0.42040575,8030.0
3843,0.42098165,8041.0
3844,0.42155755,8052.0
3845,0.42213345,8063.0
3846,0.42270935,8074.0
3847,0.42328525,8085.0
3848,0.42386115,8096.0
3849,0.42443705,8107.0
3850,0.42501295,8118.0
3851,0.42558885,8129.0
3852,0.42616475,8140.0
3853,0.42865157,8187.5
3854,0.4311384,8235.0
3855,0.43362522,8282.5
3856,0.43611208,8330.0
3857,0.4385989,8377.5
3858,0.44108573,8425.0
3859,0.44357258,8472.5
3860,0.4460594,8520.0
3861,0.44854623,8567.5
3862,0.45103306,8615.0
3863,0.4535199,8662.5
3864,0.45600674,8710.0
3865,0.46028236,8791.667
3866,0.46455795,8873.333
3867,0.46883357,8955.0
3868,0.4731092,9036.667
3869,0.47738478,9118.333
3870,0.4816604,9200.0
3871,0.485936,9281.667
3872,0.4902116,9363.333
3873,0.49448723,9445.0
3874,0.49876282,9526.667
3875,0.5030384,9608.333
3876,0.507314,9690.0
3877,0.5092904,9727.75
3878,0.51126677,9765.5
3879,0.5132432,9803.25
3880,0.51521957,9841.0
3881,0.51719594,9878.75
3882,0.5191723,9916.5
3883,0.5211487,9954.25
3884,0.52312505,9992.0
3885,0.5251014,10029.75
3886,0.5270778,10067.5
3887,0.5290542,10105.25
3888,0.5310306,10143.0
3889,0.53089094,10140.333
3890,0.53075135,10137.667
3891,0.53061175,10135.0
3892,0.53047216,10132.333
3893,0.5303325,10129.667
3894,0.5301929,10127.0
3895,0.5300533,10124.333
3896,0.52991366,10121.667
3897,0.52977407,10119.0
3898,0.5296345,10116.333
3899,0.5294948,10113.667
3900,0.5293552,10111.0
3901,0.5291415,10106.917
3902,0.5289277,10102.833
3903,0.5287139,10098.75
3904,0.52850014,10094.667
3905,0.52828634,10090.583
3906,0.52807254,10086.5
3907,0.5278588,10082.417
3908,0.527645,10078.333
3909,0.5274312,10074.25
3910,0.52721745,10070.167
3911,0.52700365,10066.083
3912,0.52678984,10062.0
3913,0.52703416,10066.667
3914,0.52727854,10071.333
3915,0.52752286,10076.0
3916,0.5277672,10080.667
3917,0.5280115,10085.333
3918,0.5282558,10090.0
3919,0.52850014,10094.667
3920,0.52874446,10099.333
3921,0.5289888,10104.0
3922,0.5292331,10108.667
3923,0.5294774,10113.333
3924,0.52972174,10118.0
3925,0.5299966,10123.25
3926,0.5302714,10128.5
3927,0.5305463,10133.75
3928,0.53082114,10139.0
3929,0.53109604,10144.25
3930,0.5313709,10149.5
3931,0.5316457,10154.75
3932,0.5319206,10160.0
3933,0.53219545,10165.25
3934,0.53247035,10170.5
3935,0.5327452,10175.75
3936,0.53302,10181.0
3937,0.5331204,10182.917
3938,0.5332207,10184.833
3939,0.5333211,10186.75
3940,0.53342146,10188.667
3941,0.5335218,10190.583
3942,0.53362215,10192.5
3943,0.53372246,10194.417
3944,0.53382283,10196.333
3945,0.53392315,10198.25
3946,0.5340235,10200.167
3947,0.53412384,10202.083
3948,0.5342242,10204.0
3949,0.534931,10217.5
3950,0.53563774,10231.0
3951,0.5363445,10244.5
3952,0.5370513,10258.0
3953,0.5377581,10271.5
3954,0.5384649,10285.0
3955,0.5391717,10298.5
3956,0.5398785,10312.0
3957,0.5405853,10325.5
3958,0.541292,10339.0
3959,0.5419988,10352.5
3960,0.5427056,10366.0
3961,0.5433033,10377.417
3962,0.543901,10388.833
3963,0.54449874,10400.25
3964,0.54509646,10411.667
3965,0.5456942,10423.083
3966,0.5462919,10434.5
3967,0.5468896,10445.917
3968,0.5474873,10457.333
3969,0.54808503,10468.75
3970,0.54868275,10480.167
3971,0.54928046,10491.583
3972,0.5498782,10503.0
3973,0.55043226,10513.583
3974,0.55098635,10524.167
3975,0.55154043,10534.75
3976,0.5520945,10545.333
3977,0.5526486,10555.917
3978,0.5532027,10566.5
3979,0.5537568,10577.083
3980,0.55431086,10587.667
3981,0.55486494,10598.25
3982,0.55541897,10608.833
3983,0.55597305,10619.417
3984,0.55652714,10630.0
3985,0.5577924,10654.167
3986,0.55905765,10678.333
3987,0.5603229,10702.5
3988,0.5615881,10726.667
3989,0.56285334,10750.833
3990,0.56411856,10775.0
3991,0.5653838,10799.167
3992,0.566649,10823.333
3993,0.56791425,10847.5
3994,0.5691795,10871.667
3995,0.5704447,10895.833
3996,0.57170993,10920.0
3997,0.5727614,10940.083
3998,0.57381284,10960.167
3999,0.57486427,10980.25
4000,0.57591575,11000.333
4001,0.5769672,11020.417
4002,0.57801867,11040.5
4003,0.5790701,11060.583
4004,0.5801215,11080.667
4005,0.581173,11100.75
4006,0.5822244,11120.833
4007,0.5832759,11140.917
4008,0.58432734,11161.0
4009,0.5851694,11177.083
4010,0.5860114,11193.167
4011,0.58685344,11209.25
4012,0.5876955,11225.333
4013,0.5885375,11241.417
4014,0.58937955,11257.5
4015,0.5902216,11273.583
4016,0.5910636,11289.667
4017,0.59190565,11305.75
4018,0.5927477,11321.833
4019,0.5935897,11337.917
4020,0.59443176,11354.0
4021,0.59437066,11352.833
4022,0.59430957,11351.667
4023,0.59424853,11350.5
4024,0.59418744,11349.333
4025,0.59412634,11348.167
4026,0.59406525,11347.0
4027,0.59400415,11345.833
4028,0.5939431,11344.667
4029,0.593882,11343.5
4030,0.5938209,11342.333
4031,0.59375983,11341.167
4032,0.5936988,11340.0
4033,0.5938995,11343.833
4034,0.5941002,11347.667
4035,0.59430087,11351.5
4036,0.59450155,11355.333
4037,0.59470224,11359.167
4038,0.59490293,11363.0
4039,0.5951036,11366.833
4040,0.5953043,11370.667
4041,0.595505,11374.5
4042,0.5957057,11378.333
4043,0.5959064,11382.167
4044,0.59610707,11386.0
4045,0.5948986,11362.917
4046,0.59369004,11339.833
4047,0.59248155,11316.75
4048,0.591273,11293.667
4049,0.5900645,11270.583
4050,0.588856,11247.5
4051,0.5876475,11224.417
4052,0.58643895,11201.333
4053,0.58523047,11178.25
4054,0.5840219,11155.167
4055,0.58281344,11132.083
4056,0.5816049,11109.0
4057,0.5774733,11030.083
4058,0.57334167,10951.167
4059,0.56921,10872.25
4060,0.5650784,10793.333
4061,0.56094676,10714.417
4062,0.5568151,10635.5
4063,0.5526835,10556.583
4064,0.54855186,10477.667
4065,0.54442024,10398.75
4066,0.54028857,10319.833
4067,0.53615695,10240.917
4068,0.53202534,10162.0
4069,0.52795476,10084.25
4070,0.5238842,10006.5
4071,0.51981366,9928.75
4072,0.5157431,9851.0
4073,0.51167256,9773.25
4074,0.507602,9695.5
4075,0.50353146,9617.75
4076,0.49946088,9540.0
4077,0.49539033,9462.25
4078,0.49131978,9384.5
4079,0.48724923,9306.75
4080,0.48317868,9229.0
4081,0.4804737,9177.333
4082,0.47776872,9125.667
4083,0.47506374,9074.0
4084,0.47235876,9022.333
4085,0.4696538,8970.667
4086,0.4669488,8919.0
4087,0.46424383,8867.333
4088,0.46153885,8815.667
4089,0.45883387,8764.0
4090,0.4561289,8712.333
4091,0.45342392,8660.667
4092,0.45071894,8609.0
4093,0.44924867,8580.917
4094,0.44777837,8552.833
4095,0.44630808,8524.75
4096,0.4448378,8496.667
4097,0.4433675,8468.583
4098,0.44189724,8440.5
4099,0.44042695,8412.417
4100,0.43895665,8384.333
4101,0.43748638,8356.25
4102,0.43601608,8328.167
4103,0.4345458,8300.083
4104,0.43307552,8272.0
4105,0.43224657,8256.167
4106,0.4314176,8240.333
4107,0.4305887,8224.5
4108,0.42975974,8208.667
4109,0.4289308,8192.833
4110,0.42810184,8177.0
4111,0.42727292,8161.1665
4112,0.42644396,8145.3335
4113,0.425615,8129.5
4114,0.42478606,8113.6665
4115,0.42395714,8097.8335
4116,0.4231282,8082.0
4117,0.4230322,8080.1665
4118,0.4229362,8078.3335
4119,0.42284024,8076.5
4120,0.42274424,8074.6665
4121,0.42264825,8072.8335
4122,0.4225523,8071.0
4123,0.4224563,8069.1665
4124,0.4223603,8067.3335
4125,0.42226434,8065.5
4126,0.42216834,8063.6665
4127,0.42207238,8061.8335
4128,0.4219764,8060.0
4129,0.42280534,8075.8335
4130,0.42363426,8091.6665
4131,0.4244632,8107.5
4132,0.42529216,8123.3335
4133,0.42612112,8139.1665
4134,0.42695004,8155.0
4135,0.427779,8170.8335
4136,0.42860794,8186.6665
4137,0.4294369,8202.5
4138,0.4302658,8218.333
4139,0.43109477,8234.167
4140,0.43192372,8250.0
4141,0.4346505,8302.083
4142,0.4373773,8354.167
4143,0.4401041,8406.25
4144,0.4428309,8458.333
4145,0.44555768,8510.417
4146,0.44828448,8562.5
4147,0.45101127,8614.583
4148,0.45373803,8666.667
4149,0.45646483,8718.75
4150,0.45919162,8770.833
4151,0.4619184,8822.917
4152,0.4646452,8875.0
4153,0.46909535,8960.0
4154,0.47354546,9045.0
4155,0.47799557,9130.0
4156,0.48244572,9215.0
4157,0.48689583,9300.0
4158,0.49134594,9385.0
4159,0.49579608,9470.0
4160,0.50024617,9555.0
4161,0.5046963,9640.0
4162,0.50914645,9725.0
4163,0.5135966,9810.0
4164,0.5180467,9895.0
4165,0.52000123,9932.333
4166,0.5219558,9969.667
4167,0.5239104,10007.0
4168,0.52586496,10044.333
4169,0.5278195,10081.667
4170,0.52977407,10119.0
4171,0.5317286,10156.333
4172,0.5336832,10193.667
4173,0.53563774,10231.0
4174,0.53759235,10268.333
4175,0.5395469,10305.667
4176,0.54150146,10343.0
4177,0.5411917,10337.083
4178,0.54088193,10331.167
4179,0.54057217,10325.25
4180,0.5402624,10319.333
4181,0.53995264,10313.417
4182,0.5396429,10307.5
4183,0.5393331,10301.583
4184,0.53902334,10295.667
4185,0.5387136,10289.75
4186,0.5384038,10283.833
4187,0.53809404,10277.917
4188,0.5377843,10272.0
4189,0.53738725,10264.417
4190,0.5369902,10256.833
4191,0.53659326,10249.25
4192,0.53619623,10241.667
4193,0.5357992,10234.083
4194,0.5354022,10226.5
4195,0.53500515,10218.917
4196,0.5346081,10211.333
4197,0.5342111,10203.75
4198,0.5338141,10196.167
4199,0.53341705,10188.583
4200,0.53302,10181.0
4201,0.532575,10172.5
4202,0.53213,10164.0
4203,0.531685,10155.5
4204,0.53124,10147.0
4205,0.530795,10138.5
4206,0.53034997,10130.0
4207,0.52990496,10121.5
4208,0.52945995,10113.0
4209,0.52901495,10104.5
4210,0.52856994,10096.0
4211,0.5281249,10087.5
4212,0.5276799,10079.0
4213,0.5281816,10088.583
4214,0.52868336,10098.167
4215,0.52918506,10107.75
4216,0.5296868,10117.333
4217,0.53018856,10126.917
4218,0.53069025,10136.5
4219,0.531192,10146.083
4220,0.53169376,10155.667
4221,0.53219545,10165.25
4222,0.5326972,10174.833
4223,0.5331989,10184.417
4224,0.53370064,10194.0
4225,0.5341413,10202.417
4226,0.53458196,10210.833
4227,0.5350226,10219.25
4228,0.5354633,10227.667
4229,0.5359039,10236.083
4230,0.5363445,10244.5
4231,0.5367852,10252.917
4232,0.53722584,10261.333
4233,0.5376665,10269.75
4234,0.53810716,10278.167
4235,0.5385478,10286.583
4236,0.5389885,10295.0
4237,0.53978246,10310.167
4238,0.5405765,10325.333
4239,0.5413706,10340.5
4240,0.5421646,10355.667
4241,0.5429587,10370.833
4242,0.5437527,10386.0
4243,0.5445467,10401.167
4244,0.5453408,10416.333
4245,0.5461348,10431.5
4246,0.5469289,10446.667
4247,0.5477229,10461.833
4248,0.5485169,10477.0
4249,0.5491016,10488.167
4250,0.5496862,10499.333
4251,0.5502708,10510.5
4252,0.55085546,10521.667
4253,0.55144006,10532.833
4254,0.55202466,10544.0
4255,0.5526093,10555.167
4256,0.5531939,10566.333
4257,0.5537786,10577.5
4258,0.5543632,10588.667
4259,0.5549478,10599.833
4260,0.55553246,10611.0
4261,0.55661005,10631.583
4262,0.5576877,10652.167
4263,0.5587653,10672.75
4264,0.55984294,10693.333
4265,0.5609206,10713.917
4266,0.5619982,10734.5
4267,0.56307584,10755.083
4268,0.56415343,10775.667
4269,0.5652311,10796.25
4270,0.56630874,10816.833
4271,0.5673863,10837.417
4272,0.568464,10858.0
4273,0.5698121,10883.75
4274,0.5711602,10909.5
4275,0.57250834,10935.25
4276,0.5738565,10961.0
4277,0.5752046,10986.75
4278,0.57655275,11012.5
4279,0.5779008,11038.25
4280,0.57924896,11064.0
4281,0.5805971,11089.75
4282,0.58194524,11115.5
4283,0.5832933,11141.25
4284,0.58464146,11167.0
4285,0.58491635,11172.25
4286,0.5851912,11177.5
4287,0.585466,11182.75
4288,0.5857409,11188.0
4289,0.58601576,11193.25
4290,0.58629066,11198.5
4291,0.5865655,11203.75
4292,0.58684033,11209.0
4293,0.5871152,11214.25
4294,0.58739007,11219.5
4295,0.58766496,11224.75
4296,0.5879398,11230.0
4297,0.58825827,11236.083
4298,0.5885768,11242.167
4299,0.58889526,11248.25
4300,0.5892137,11254.333
4301,0.58953226,11260.417
4302,0.5898507,11266.5
4303,0.59016925,11272.583
4304,0.5904877,11278.667
4305,0.5908062,11284.75
4306,0.5911247,11290.833
4307,0.5914432,11296.917
4308,0.59176165,11303.0
4309,0.591718,11302.167
4310,0.5916744,11301.333
4311,0.59163076,11300.5
4312,0.5915871,11299.667
4313,0.59154356,11298.833
4314,0.5914999,11298.0
4315,0.5914563,11297.167
4316,0.59141266,11296.333
4317,0.59136903,11295.5
4318,0.5913254,11294.667
4319,0.5912818,11293.833
4320,0.59123814,11293.0
4321,0.59200597,11307.667
4322,0.59277385,11322.333
4323,0.59354174,11337.0
4324,0.59430957,11351.667
4325,0.59507746,11366.333
4326,0.59584534,11381.0
4327,0.59661317,11395.667
4328,0.59738106,11410.333
4329,0.5981489,11425.0
4330,0.59891677,11439.667
4331,0.59968466,11454.333
4332,0.6004525,11469.0
4333,0.59944904,11449.833
4334,0.5984456,11430.667
4335,0.59744215,11411.5
4336,0.59643865,11392.333
4337,0.5954352,11373.167
4338,0.59443176,11354.0
4339,0.5934283,11334.833
4340,0.5924248,11315.667
4341,0.59142137,11296.5
4342,0.5904179,11277.333
4343,0.5894145,11258.167
4344,0.588411,11239.0
4345,0.5842619,11159.75
4346,0.5801128,11080.5
4347,0.57596374,11001.25
4348,0.57181466,10922.0
4349,0.5676656,10842.75
4350,0.5635165,10763.5
4351,0.5593674,10684.25
4352,0.5552183,10605.0
4353,0.5510692,10525.75
4354,0.5469201,10446.5
4355,0.54277104,10367.25
4356,0.53862196,10288.0
4357,0.5346081,10211.333
4358,0.5305943,10134.667
4359,0.52658045,10058.0
4360,0.5225666,9981.333
4361,0.5185528,9904.667
4362,0.51453894,9828.0
4363,0.5105251,9751.333
4364,0.5065113,9674.667
4365,0.50249743,9598.0
4366,0.4984836,9521.333
4367,0.49446976,9444.667
4368,0.49045593,9368.0
4369,0.48751536,9311.833
4370,0.4845748,9255.667
4371,0.4816342,9199.5
4372,0.47869363,9143.333
4373,0.47575307,9087.167
4374,0.4728125,9031.0
4375,0.46987194,8974.833
4376,0.46693134,8918.667
4377,0.46399078,8862.5
4378,0.4610502,8806.333
4379,0.45810965,8750.167
4380,0.45516905,8694.0
4381,0.4536028,8664.083
4382,0.45203653,8634.167
4383,0.45047027,8604.25
4384,0.44890398,8574.333
4385,0.44733772,8544.417
4386,0.44577146,8514.5
4387,0.4442052,8484.583
4388,0.4426389,8454.667
4389,0.44107264,8424.75
4390,0.43950638,8394.833
4391,0.43794012,8364.917
4392,0.43637383,8335.0
4393,0.43541402,8316.667
4394,0.43445417,8298.333
4395,0.43349436,8280.0
4396,0.43253452,8261.667
4397,0.4315747,8243.333
4398,0.43061486,8225.0
4399,0.42965502,8206.667
4400,0.4286952,8188.3335
4401,0.42773536,8170.0
4402,0.42677554,8151.6665
4403,0.4258157,8133.3335
4404,0.4248559,8115.0
4405,0.42460284,8110.1665
4406,0.42434978,8105.3335
4407,0.42409673,8100.5
4408,0.42384368,8095.6665
4409,0.42359063,8090.8335
4410,0.4233376,8086.0
4411,0.42308456,8081.1665
4412,0.4228315,8076.3335
4413,0.42257845,8071.5
4414,0.4223254,8066.6665
4415,0.42207238,8061.8335
4416,0.42181933,8057.0
4417,0.4225741,8071.4165
4418,0.42332888,8085.8335
4419,0.42408365,8100.25
4420,0.42483842,8114.6665
4421,0.4255932,8129.0835
4422,0.42634797,8143.5
4423,0.42710274,8157.9165
4424,0.42785752,8172.3335
4425,0.4286123,8186.75
4426,0.42936707,8201.167
4427,0.43012187,8215.583
4428,0.43087664,8230.0
4429,0.43331984,8276.667
4430,0.43576303,8323.333
4431,0.43820626,8370.0
4432,0.44064945,8416.667
4433,0.44309264,8463.333
4434,0.44553587,8510.0
4435,0.44797906,8556.667
4436,0.45042226,8603.333
4437,0.45286548,8650.0
4438,0.45530868,8696.667
4439,0.45775187,8743.333
4440,0.4601951,8790.0
4441,0.46437034,8869.75
4442,0.46854562,8949.5
4443,0.47272086,9029.25
4444,0.47689614,9109.0
4445,0.4810714,9188.75
4446,0.48524666,9268.5
4447,0.48942193,9348.25
4448,0.49359718,9428.0
4449,0.49777246,9507.75
4450,0.5019477,9587.5
4451,0.506123,9667.25
4452,0.51029825,9747.0
4453,0.51253206,9789.667
4454,0.5147658,9832.333
4455,0.5169996,9875.0
4456,0.5192334,9917.667
4457,0.52146715,9960.333
4458,0.52370095,10003.0
4459,0.52593476,10045.667
4460,0.52816856,10088.333
4461,0.5304023,10131.0
4462,0.5326361,10173.667
4463,0.5348699,10216.333
4464,0.5371037,10259.0
4465,0.5372695,10262.167
4466,0.5374353,10265.333
4467,0.53760105,10268.5
4468,0.5377668,10271.667
4469,0.53793263,10274.833
4470,0.5380984,10278.0
4471,0.5382642,10281.167
4472,0.53843,10284.333
4473,0.5385958,10287.5
4474,0.53876156,10290.667
4475,0.5389274,10293.833
4476,0.53909314,10297.0
4477,0.53931564,10301.25
4478,0.53953815,10305.5
4479,0.53976065,10309.75
4480,0.53998315,10314.0
4481,0.54020566,10318.25
4482,0.54042816,10322.5
4483,0.5406507,10326.75
4484,0.5408732,10331.0
4485,0.54109573,10335.25
4486,0.54131824,10339.5
4487,0.54154074,10343.75
4488,0.54176325,10348.0
4489,0.5425267,10362.583
4490,0.54329026,10377.167
4491,0.54405373,10391.75
4492,0.5448172,10406.333
4493,0.54558074,10420.917
4494,0.5463442,10435.5
4495,0.54710776,10450.083
4496,0.54787123,10464.667
4497,0.54863477,10479.25
4498,0.54939824,10493.833
4499,0.5501617,10508.417
4500,0.55092525,10523.0
4501,0.55195487,10542.667
4502,0.55298454,10562.333
4503,0.55401415,10582.0
4504,0.5550438,10601.667
4505,0.5560734,10621.333
4506,0.55710304,10641.0
4507,0.5581327,10660.667
4508,0.5591623,10680.333
4509,0.560192,10700.0
4510,0.5612216,10719.667
4511,0.56225127,10739.333
4512,0.5632809,10759.0
4513,0.5644545,10781.417
4514,0.5656281,10803.833
4515,0.5668017,10826.25
4516,0.56797534,10848.667
4517,0.56914896,10871.083
4518,0.5703226,10893.5
4519,0.5714961,10915.917
4520,0.57266974,10938.333
4521,0.57384336,10960.75
4522,0.575017,10983.167
4523,0.5761906,11005.583
4524,0.5773642,11028.0
4525,0.5794148,11067.167
4526,0.5814653,11106.333
4527,0.5835159,11145.5
4528,0.5855664,11184.667
4529,0.5876169,11223.833
4530,0.5896675,11263.0
4531,0.591718,11302.167
4532,0.5937686,11341.333
4533,0.5958191,11380.5
4534,0.5978697,11419.667
4535,0.5999202,11458.833
4536,0.6019708,11498.0
4537,0.6038686,11534.25
4538,0.6057665,11570.5
4539,0.6076643,11606.75
4540,0.60956216,11643.0
4541,0.61146003,11679.25
4542,0.61335784,11715.5
4543,0.6152557,11751.75
4544,0.6171535,11788.0
4545,0.6190514,11824.25
4546,0.62094927,11860.5
4547,0.6228471,11896.75
4548,0.62474495,11933.0
4549,0.6269002,11974.167
4550,0.62905544,12015.333
4551,0.6312107,12056.5
4552,0.6333659,12097.667
4553,0.63552123,12138.833
4554,0.6376765,12180.0
4555,0.6398317,12221.167
4556,0.64198697,12262.333
4557,0.6441422,12303.5
4558,0.6462975,12344.667
4559,0.64845276,12385.833
4560,0.650608,12427.0
4561,0.65300757,12472.833
4562,0.65540713,12518.667
4563,0.65780675,12564.5
4564,0.6602063,12610.333
4565,0.6626059,12656.167
4566,0.66500545,12702.0
4567,0.667405,12747.833
4568,0.66980463,12793.667
4569,0.6722042,12839.5
4570,0.67460376,12885.333
4571,0.6770033,12931.167
4572,0.67940295,12977.0
4573,0.6808165,13004.0
4574,0.68223006,13031.0
4575,0.68364364,13058.0
4576,0.6850572,13085.0
4577,0.68647075,13112.0
4578,0.68788433,13139.0
4579,0.6892979,13166.0
4580,0.69071144,13193.0
4581,0.692125,13220.0
4582,0.6935386,13247.0
4583,0.6949522,13274.0
4584,0.6963657,13301.0
4585,0.6970027,13313.167
4586,0.6976397,13325.333
4587,0.6982767,13337.5
4588,0.69891363,13349.667
4589,0.6995506,13361.833
4590,0.7001876,13374.0
4591,0.7008246,13386.167
4592,0.70146155,13398.333
4593,0.70209855,13410.5
4594,0.70273554,13422.667
4595,0.7033725,13434.833
4596,0.7040095,13447.0
4597,0.70303655,13428.417
4598,0.7020636,13409.833
4599,0.70109075,13391.25
4600,0.7001178,13372.667
4601,0.6991449,13354.083
4602,0.698172,13335.5
4603,0.69719905,13316.917
4604,0.6962261,13298.333
4605,0.6952532,13279.75
4606,0.69428027,13261.167
4607,0.6933074,13242.583
4608,0.6923345,13224.0
4609,0.6911783,13201.917
4610,0.6900221,13179.833
4611,0.68886596,13157.75
4612,0.6877098,13135.667
4613,0.68655366,13113.583
4614,0.6853975,13091.5
4615,0.68424135,13069.417
4616,0.6830852,13047.333
4617,0.681929,13025.25
4618,0.68077284,13003.167
4619,0.6796167,12981.083
4620,0.67846054,12959.0
4621,0.67620057,12915.833
4622,0.6739406,12872.667
4623,0.6716806,12829.5
4624,0.66942066,12786.333
4625,0.6671607,12743.167
4626,0.6649008,12700.0
4627,0.6626408,12656.833
4628,0.66038084,12613.667
4629,0.6581209,12570.5
4630,0.6558609,12527.333
4631,0.65360093,12484.167
4632,0.65134096,12441.0
4633,0.6462931,12344.583
4634,0.6412453,12248.167
4635,0.63619745,12151.75
4636,0.63114965,12055.333
4637,0.6261018,11958.917
4638,0.62105393,11862.5
4639,0.61600614,11766.083
4640,0.6109583,11669.667
4641,0.6059104,11573.25
4642,0.6008626,11476.833
4643,0.59581476,11380.417
4644,0.59076697,11284.0
4645,0.5855882,11185.083
4646,0.58040947,11086.167
4647,0.5752308,10987.25
4648,0.570052,10888.333
4649,0.56487334,10789.417
4650,0.5596946,10690.5
4651,0.5545159,10591.583
4652,0.54933715,10492.667
4653,0.54415846,10393.75
4654,0.5389797,10294.833
4655,0.533801,10195.917
4656,0.52862227,10097.0
4657,0.5250186,10028.167
4658,0.5214148,9959.333
4659,0.5178111,9890.5
4660,0.51420736,9821.667
4661,0.51060367,9752.833
4662,0.5069999,9684.0
4663,0.5033962,9615.167
4664,0.49979246,9546.333
4665,0.49618873,9477.5
4666,0.492585,9408.667
4667,0.48898128,9339.833
4668,0.48537755,9271.0
4669,0.48303905,9226.333
4670,0.48070055,9181.667
4671,0.47836205,9137.0
4672,0.47602355,9092.333
4673,0.47368506,9047.667
4674,0.4713466,9003.0
4675,0.4690081,8958.333
4676,0.4666696,8913.667
4677,0.4643311,8869.0
4678,0.4619926,8824.333
4679,0.4596541,8779.667
4680,0.4573156,8735.0
4681,0.4560591,8711.0
4682,0.45480257,8687.0
4683,0.45354608,8663.0
4684,0.45228958,8639.0
4685,0.45103306,8615.0
4686,0.44977656,8591.0
4687,0.44852006,8567.0
4688,0.44726357,8543.0
4689,0.44600704,8519.0
4690,0.44475055,8495.0
4691,0.44349405,8471.0
4692,0.44223753,8447.0
4693,0.44162238,8435.25
4694,0.4410072,8423.5
4695,0.44039205,8411.75
4696,0.43977687,8400.0
4697,0.43916172,8388.25
4698,0.43854654,8376.5
4699,0.4379314,8364.75
4700,0.4373162,8353.0
4701,0.43670106,8341.25
4702,0.43608588,8329.5
4703,0.43547073,8317.75
4704,0.43485555,8306.0
4705,0.43521768,8312.917
4706,0.4355798,8319.833
4707,0.4359419,8326.75
4708,0.43630403,8333.667
4709,0.43666616,8340.583
4710,0.43702826,8347.5
4711,0.4373904,8354.417
4712,0.43775252,8361.333
4713,0.4381146,8368.25
4714,0.43847674,8375.167
4715,0.43883887,8382.083
4716,0.43920097,8389.0
4717,0.44133878,8429.833
4718,0.4434766,8470.667
4719,0.4456144,8511.5
4720,0.4477522,8552.333
4721,0.44989,8593.167
4722,0.4520278,8634.0
4723,0.4541656,8674.833
4724,0.45630342,8715.667
4725,0.45844123,8756.5
4726,0.460579,8797.333
4727,0.46271682,8838.167
4728,0.46485463,8879.0
4729,0.46877247,8953.833
4730,0.47269034,9028.667
4731,0.4766082,9103.5
4732,0.48052603,9178.333
4733,0.4844439,9253.167
4734,0.48836175,9328.0
4735,0.4922796,9402.833
4736,0.49619746,9477.667
4737,0.50011533,9552.5
4738,0.50403315,9627.333
4739,0.507951,9702.167
4740,0.5118689,9777.0
4741,0.51404595,9818.583
4742,0.516223,9860.167
4743,0.5184001,9901.75
4744,0.52057713,9943.333
4745,0.5227542,9984.917
4746,0.5249313,10026.5
4747,0.5271084,10068.083
4748,0.52928543,10109.667
4749,0.5314625,10151.25
4750,0.53363955,10192.833
4751,0.53581667,10234.417
4752,0.5379937,10276.0
4753,0.5390888,10296.917
4754,0.54018384,10317.833
4755,0.54127896,10338.75
4756,0.542374,10359.667
4757,0.54346913,10380.583
4758,0.5445642,10401.5
4759,0.54565924,10422.417
4760,0.54675436,10443.333
4761,0.5478494,10464.25
4762,0.54894453,10485.167
4763,0.5500396,10506.083
4764,0.55113465,10527.0
4765,0.55257875,10554.583
4766,0.5540229,10582.167
4767,0.555467,10609.75
4768,0.5569111,10637.333
4769,0.5583552,10664.917
4770,0.5597993,10692.5
4771,0.5612434,10720.083
4772,0.5626875,10747.667
4773,0.5641316,10775.25
4774,0.5655758,10802.833
4775,0.5670199,10830.417
4776,0.568464,10858.0
4777,0.56992555,10885.917
4778,0.5713871,10913.833
4779,0.5728486,10941.75
4780,0.5743102,10969.667
4781,0.57577175,10997.583
4782,0.5772333,11025.5
4783,0.5786949,11053.417
4784,0.58015645,11081.333
4785,0.581618,11109.25
4786,0.5830796,11137.167
4787,0.58454114,11165.083
4788,0.5860027,11193.0
4789,0.5879703,11230.583
4790,0.589938,11268.167
4791,0.59190565,11305.75
4792,0.5938733,11343.333
4793,0.59584093,11380.917
4794,0.5978086,11418.5
4795,0.59977627,11456.083
4796,0.60174394,11493.667
4797,0.60371155,11531.25
4798,0.6056792,11568.833
4799,0.6076469,11606.417
4800,0.6096145,11644.0
4801,0.6116781,11683.417
4802,0.6137418,11722.833
4803,0.61580545,11762.25
4804,0.6178691,11801.667
4805,0.6199327,11841.083
4806,0.62199634,11880.5
4807,0.62406,11919.917
4808,0.6261236,11959.333
4809,0.62818724,11998.75
4810,0.6302509,12038.167
4811,0.6323145,12077.583
4812,0.63437814,12117.0
4813,0.6379601,12185.417
4814,0.64154196,12253.833
4815,0.6451239,12322.25
4816,0.6487058,12390.667
4817,0.6522877,12459.083
4818,0.6558696,12527.5
4819,0.65945154,12595.917
4820,0.6630334,12664.333
4821,0.66661537,12732.75
4822,0.67019725,12801.167
4823,0.6737792,12869.583
4824,0.6773611,12938.0
4825,0.6805198,12998.333
4826,0.6836785,13058.667
4827,0.68683726,13119.0
4828,0.68999594,13179.333
4829,0.6931547,13239.667
4830,0.6963134,13300.0
4831,0.6994721,13360.333
4832,0.7026308,13420.667
4833,0.7057895,13481.0
4834,0.70894825,13541.333
4835,0.71210694,13601.667
4836,0.7152657,13662.0
4837,0.71837205,13721.333
4838,0.7214784,13780.667
4839,0.72458476,13840.0
4840,0.7276911,13899.333
4841,0.73079747,13958.667
4842,0.7339038,14018.0
4843,0.7370102,14077.333
4844,0.74011654,14136.667
4845,0.7432229,14196.0
4846,0.7463293,14255.333
4847,0.74943566,14314.667
4848,0.752542,14374.0
4849,0.7557836,14435.917
4850,0.7590252,14497.833
4851,0.7622668,14559.75
4852,0.7655084,14621.667
4853,0.7687501,14683.583
4854,0.77199167,14745.5
4855,0.77523327,14807.417
4856,0.77847487,14869.333
4857,0.78171647,14931.25
4858,0.7849581,14993.167
4859,0.7881997,15055.083
4860,0.7914413,15117.0
4861,0.79303813,15147.5
4862,0.79463494,15178.0
4863,0.79623175,15208.5
4864,0.79782856,15239.0
4865,0.79942536,15269.5
4866,0.8010222,15300.0
4867,0.802619,15330.5
4868,0.8042158,15361.0
4869,0.8058126,15391.5
4870,0.8074094,15422.0
4871,0.8090062,15452.5
4872,0.810603,15483.0
4873,0.8104765,15480.583
4874,0.81035,15478.167
4875,0.81022346,15475.75
4876,0.8100969,15473.333
4877,0.8099704,15470.917
4878,0.8098439,15468.5
4879,0.80971736,15466.083
4880,0.8095908,15463.667
4881,0.80946434,15461.25
4882,0.8093378,15458.833
4883,0.80921125,15456.417
4884,0.8090847,15454.0
4885,0.80664593,15407.417
4886,0.8042071,15360.833
4887,0.80176824,15314.25
4888,0.7993294,15267.667
4889,0.79689056,15221.083
4890,0.7944517,15174.5
4891,0.7920129,15127.917
4892,0.789574,15081.333
4893,0.7871352,15034.75
4894,0.78469634,14988.167
4895,0.7822575,14941.583
4896,0.77981865,14895.0
4897,0.7774714,14850.167
4898,0.7751242,14805.333
4899,0.77277696,14760.5
4900,0.77042973,14715.667
4901,0.76808256,14670.833
4902,0.7657353,14626.0
4903,0.7633881,14581.167
4904,0.76104087,14536.333
4905,0.75869364,14491.5
4906,0.7563464,14446.667
4907,0.7539992,14401.833
4908,0.751652,14357.0
4909,0.74879867,14302.5
4910,0.74594533,14248.0
4911,0.74309206,14193.5
4912,0.7402387,14139.0
4913,0.7373854,14084.5
4914,0.7345321,14030.0
4915,0.7316788,13975.5
4916,0.72882545,13921.0
4917,0.7259722,13866.5
4918,0.72311884,13812.0
4919,0.7202655,13757.5
4920,0.71741223,13703.0
4921,0.71240366,13607.333
4922,0.7073951,13511.667
4923,0.7023865,13416.0
4924,0.6973779,13320.333
4925,0.69236934,13224.667
4926,0.68736076,13129.0
4927,0.68235224,13033.333
4928,0.67734367,12937.667
4929,0.6723351,12842.0
4930,0.6673265,12746.333
4931,0.66231793,12650.667
4932,0.65730935,12555.0
4933,0.65213937,12456.25
4934,0.6469694,12357.5
4935,0.6417994,12258.75
4936,0.6366294,12160.0
4937,0.6314594,12061.25
4938,0.62628937,11962.5
4939,0.6211194,11863.75
4940,0.6159494,11765.0
4941,0.6107794,11666.25
4942,0.6056094,11567.5
4943,0.6004394,11468.75
4944,0.59526944,11370.0
4945,0.59058803,11280.583
4946,0.5859067,11191.167
4947,0.58122534,11101.75
4948,0.576544,11012.333
4949,0.57186264,10922.917
4950,0.5671813,10833.5
4951,0.56249994,10744.083
4952,0.5578186,10654.667
4953,0.55313724,10565.25
4954,0.54845583,10475.833
4955,0.5437745,10386.417
4956,0.53909314,10297.0
4957,0.5359257,10236.5
4958,0.5327583,10176.0
4959,0.52959085,10115.5
4960,0.5264234,10055.0
4961,0.52325594,9994.5
4962,0.5200885,9934.0
4963,0.51692104,9873.5
4964,0.51375365,9813.0
4965,0.5105862,9752.5
4966,0.50741875,9692.0
4967,0.5042513,9631.5
4968,0.50108385,9571.0
4969,0.4988239,9527.833
4970,0.49656394,9484.667
4971,0.49430397,9441.5
4972,0.492044,9398.333
4973,0.48978403,9355.167
4974,0.4875241,9312.0
4975,0.48526412,9268.833
4976,0.48300415,9225.667
4977,0.48074418,9182.5
4978,0.4784842,9139.333
4979,0.47622424,9096.167
4980,0.4739643,9053.0
4981,0.47241983,9023.5
4982,0.47087538,8994.0
4983,0.46933094,8964.5
4984,0.46778646,8935.0
4985,0.46624202,8905.5
4986,0.46469757,8876.0
4987,0.46315312,8846.5
4988,0.46160865,8817.0
4989,0.4600642,8787.5
4990,0.45851976,8758.0
4991,0.45697528,8728.5
4992,0.45543084,8699.0
4993,0.4548942,8688.75
4994,0.45435756,8678.5
4995,0.45382094,8668.25
4996,0.45328432,8658.0
4997,0.45274767,8647.75
4998,0.45221105,8637.5
4999,0.4516744,8627.25
5000,0.45113778,8617.0
5001,0.45060116,8606.75
5002,0.4500645,8596.5
5003,0.4495279,8586.25
5004,0.44899124,8576.0
5005,0.44911778,8578.417
5006,0.4492443,8580.833
5007,0.44937083,8583.25
5008,0.44949734,8585.667
5009,0.44962385,8588.083
5010,0.4497504,8590.5
5011,0.4498769,8592.917
5012,0.45000345,8595.333
5013,0.45012996,8597.75
5014,0.45025647,8600.167
5015,0.450383,8602.583
5016,0.45050952,8605.0
5017,0.45091528,8612.75
5018,0.451321,8620.5
5019,0.45172676,8628.25
5020,0.45213252,8636.0
5021,0.45253825,8643.75
5022,0.452944,8651.5
5023,0.45334974,8659.25
5024,0.4537555,8667.0
5025,0.45416126,8674.75
5026,0.454567,8682.5
5027,0.45497274,8690.25
5028,0.45537847,8698.0
5029,0.45731124,8734.917
5030,0.45924398,8771.833
5031,0.46117672,8808.75
5032,0.4631095,8845.667
5033,0.46504223,8882.583
5034,0.46697497,8919.5
5035,0.46890774,8956.417
5036,0.47084048,8993.333
5037,0.47277322,9030.25
5038,0.474706,9067.167
5039,0.47663873,9104.083
5040,0.47857147,9141.0
5041,0.4820705,9207.833
5042,0.4855695,9274.667
5043,0.48906854,9341.5
5044,0.49256754,9408.333
5045,0.49606657,9475.167
5046,0.4995656,9542.0
5047,0.50306463,9608.833
5048,0.5065636,9675.667
5049,0.51006263,9742.5
5050,0.51356167,9809.333
5051,0.5170607,9876.167
5052,0.5205597,9943.0
5053,0.524351,10015.417
5054,0.52814233,10087.833
5055,0.53193367,10160.25
5056,0.535725,10232.667
5057,0.5395163,10305.083
5058,0.54330766,10377.5
5059,0.547099,10449.917
5060,0.5508903,10522.333
5061,0.55468166,10594.75
5062,0.558473,10667.167
5063,0.5622643,10739.583
5064,0.56605566,10812.0
5065,0.5706803,10900.333
5066,0.5753049,10988.667
5067,0.5799296,11077.0
5068,0.5845542,11165.333
5069,0.58917886,11253.667
5070,0.59380347,11342.0
5071,0.59842813,11430.333
5072,0.6030528,11518.667
5073,0.6076774,11607.0
5074,0.61230206,11695.333
5075,0.61692667,11783.667
5076,0.62155133,11872.0
5077,0.62582254,11953.583
5078,0.6300938,12035.167
5079,0.6343651,12116.75
5080,0.6386363,12198.333
5081,0.64290756,12279.917
5082,0.64717877,12361.5
5083,0.65145004,12443.083
5084,0.6557213,12524.667
5085,0.6599925,12606.25
5086,0.6642638,12687.833
5087,0.668535,12769.417
5088,0.67280626,12851.0
5089,0.67676336,12926.583
5090,0.6807205,13002.167
5091,0.6846776,13077.75
5092,0.68863475,13153.333
5093,0.69259185,13228.917
5094,0.696549,13304.5
5095,0.7005061,13380.083
5096,0.70446324,13455.667
5097,0.70842034,13531.25
5098,0.7123775,13606.833
5099,0.7163346,13682.417
5100,0.7202917,13758.0
5101,0.72369474,13823.0
5102,0.72709775,13888.0
5103,0.7305008,13953.0
5104,0.7339038,14018.0
5105,0.7373069,14083.0
5106,0.7407099,14148.0
5107,0.74411297,14213.0
5108,0.747516,14278.0
5109,0.75091904,14343.0
5110,0.75432205,14408.0
5111,0.75772506,14473.0
5112,0.7611281,14538.0
5113,0.763868,14590.333
5114,0.7666079,14642.667
5115,0.7693478,14695.0
5116,0.77208763,14747.333
5117,0.77482754,14799.667
5118,0.7775674,14852.0
5119,0.7803073,14904.333
5120,0.78304714,14956.667
5121,0.78578705,15009.0
5122,0.7885269,15061.333
5123,0.7912668,15113.667
5124,0.7940067,15166.0
5125,0.7960529,15205.083
5126,0.79809904,15244.167
5127,0.8001452,15283.25
5128,0.80219144,15322.333
5129,0.8042376,15361.417
5130,0.8062838,15400.5
5131,0.80832994,15439.583
5132,0.81037617,15478.667
5133,0.81242234,15517.75
5134,0.8144685,15556.833
5135,0.81651473,15595.917
5136,0.8185609,15635.0
5137,0.82031476,15668.5
5138,0.82206863,15702.0
5139,0.8238225,15735.5
5140,0.82557636,15769.0
5141,0.82733023,15802.5
5142,0.8290841,15836.0
5143,0.83083797,15869.5
5144,0.8325919,15903.0
5145,0.83434576,15936.5
5146,0.8360996,15970.0
5147,0.8378535,16003.5
5148,0.83960736,16037.0
5149,0.84058464,16055.667
5150,0.8415619,16074.333
5151,0.8425392,16093.0
5152,0.84351647,16111.667
5153,0.84449375,16130.333
5154,0.845471,16149.0
5155,0.8464483,16167.667
5156,0.8474256,16186.333
5157,0.8484029,16205.0
5158,0.8493802,16223.667
5159,0.8503575,16242.333
5160,0.85133475,16261.0
5161,0.85048836,16244.833
5162,0.8496419,16228.667
5163,0.84879553,16212.5
5164,0.84794915,16196.333
5165,0.84710276,16180.167
5166,0.8462564,16164.0
5167,0.84541,16147.833
5168,0.84456354,16131.667
5169,0.84371716,16115.5
5170,0.8428708,16099.333
5171,0.8420244,16083.167
5172,0.841178,16067.0
5173,0.8384294,16014.5
5174,0.8356808,15962.0
5175,0.8329322,15909.5
5176,0.83018357,15857.0
5177,0.82743496,15804.5
5178,0.82468635,15752.0
5179,0.82193774,15699.5
5180,0.81918913,15647.0
5181,0.8164405,15594.5
5182,0.8136919,15542.0
5183,0.8109433,15489.5
5184,0.8081947,15437.0
5185,0.805228,15380.333
5186,0.80226123,15323.667
5187,0.7992945,15267.0
5188,0.7963277,15210.333
5189,0.79336095,15153.667
5190,0.79039425,15097.0
5191,0.7874275,15040.333
5192,0.7844607,14983.667
5193,0.78149396,14927.0
5194,0.77852726,14870.333
5195,0.7755605,14813.667
5196,0.77259374,14757.0
5197,0.7690729,14689.75
5198,0.76555204,14622.5
5199,0.76203126,14555.25
5200,0.7585104,14488.0
5201,0.75498956,14420.75
5202,0.7514687,14353.5
5203,0.74794793,14286.25
5204,0.7444271,14219.0
5205,0.74090624,14151.75
5206,0.7373854,14084.5
5207,0.73386455,14017.25
5208,0.73034376,13950.0
5209,0.7251868,13851.5
5210,0.72002995,13753.0
5211,0.714873,13654.5
5212,0.7097161,13556.0
5213,0.7045592,13457.5
5214,0.6994023,13359.0
5215,0.6942454,13260.5
5216,0.68908846,13162.0
5217,0.6839316,13063.5
5218,0.67877465,12965.0
5219,0.6736178,12866.5
5220,0.66846085,12768.0
5221,0.6632123,12667.75
5222,0.6579638,12567.5
5223,0.65271527,12467.25
5224,0.6474667,12367.0
5225,0.64221823,12266.75
5226,0.6369697,12166.5
5227,0.63172114,12066.25
5228,0.62647265,11966.0
5229,0.6212241,11865.75
5230,0.61597556,11765.5
5231,0.6107271,11665.25
5232,0.6054785,11565.0
5233,0.60090625,11477.667
5234,0.596334,11390.333
5235,0.59176165,11303.0
5236,0.5871894,11215.667
5237,0.5826171,11128.333
5238,0.57804483,11041.0
5239,0.57347256,10953.667
5240,0.5689002,10866.333
5241,0.56432796,10779.0
5242,0.5597557,10691.667
5243,0.5551834,10604.333
5244,0.55061114,10517.0
5245,0.547243,10452.667
5246,0.54387486,10388.333
5247,0.5405067,10324.0
5248,0.5371386,10259.667
5249,0.53377044,10195.333
5250,0.5304023,10131.0
5251,0.52703416,10066.667
5252,0.5236661,10002.333
5253,0.52029794,9938.0
5254,0.5169298,9873.667
5255,0.51356167,9809.333
5256,0.5101935,9745.0
5257,0.50801647,9703.417
5258,0.5058394,9661.833
5259,0.50366235,9620.25
5260,0.5014852,9578.667
5261,0.49930817,9537.083
5262,0.4971311,9495.5
5263,0.49495405,9453.917
5264,0.49277696,9412.333
5265,0.4905999,9370.75
5266,0.48842284,9329.167
5267,0.48624575,9287.583
5268,0.4840687,9246.0
5269,0.48247188,9215.5
5270,0.48087507,9185.0
5271,0.47927827,9154.5
5272,0.47768146,9124.0
5273,0.47608465,9093.5
5274,0.47448784,9063.0
5275,0.47289103,9032.5
5276,0.47129422,9002.0
5277,0.46969742,8971.5
5278,0.4681006,8941.0
5279,0.4665038,8910.5
5280,0.464907,8880.0
5281,0.46422637,8867.0
5282,0.46354577,8854.0
5283,0.46286517,8841.0
5284,0.46218455,8828.0
5285,0.46150395,8815.0
5286,0.46082333,8802.0
5287,0.46014273,8789.0
5288,0.45946214,8776.0
5289,0.4587815,8763.0
5290,0.45810091,8750.0
5291,0.45742032,8737.0
5292,0.4567397,8724.0
5293,0.4565521,8720.417
5294,0.45636448,8716.833
5295,0.45617688,8713.25
5296,0.45598927,8709.667
5297,0.4558017,8706.083
5298,0.4556141,8702.5
5299,0.45542648,8698.917
5300,0.45523888,8695.333
5301,0.45505127,8691.75
5302,0.45486367,8688.167
5303,0.45467606,8684.583
5304,0.45448846,8681.0
5305,0.4544492,8680.25
5306,0.45440993,8679.5
5307,0.45437065,8678.75
5308,0.4543314,8678.0
5309,0.45429212,8677.25
5310,0.45425287,8676.5
5311,0.4542136,8675.75
5312,0.45417434,8675.0
5313,0.45413506,8674.25
5314,0.4540958,8673.5
5315,0.45405653,8672.75
5316,0.45401728,8672.0
5317,0.4562467,8714.583
5318,0.45847613,8757.167
5319,0.46070555,8799.75
5320,0.46293497,8842.333
5321,0.4651644,8884.917
5322,0.46739382,8927.5
5323,0.46962324,8970.083
5324,0.47185266,9012.667
5325,0.47408208,9055.25
5326,0.4763115,9097.833
5327,0.47854093,9140.417
5328,0.48077035,9183.0
5329,0.4845748,9255.667
5330,0.4883792,9328.333
5331,0.49218363,9401.0
5332,0.49598804,9473.667
5333,0.49979246,9546.333
5334,0.5035969,9619.0
5335,0.5074013,9691.667
5336,0.51120573,9764.333
5337,0.5150101,9837.0
5338,0.51881456,9909.667
5339,0.52261895,9982.333
5340,0.5264234,10055.0
5341,0.5304852,10132.583
5342,0.53454703,10210.167
5343,0.53860885,10287.75
5344,0.5426707,10365.333
5345,0.54673254,10442.917
5346,0.55079436,10520.5
5347,0.5548562,10598.083
5348,0.558918,10675.667
5349,0.5629798,10753.25
5350,0.5670417,10830.833
5351,0.5711035,10908.417
5352,0.57516533,10986.0
5353,0.5788999,11057.333
5354,0.58263457,11128.667
5355,0.58636916,11200.0
5356,0.5901038,11271.333
5357,0.5938384,11342.667
5358,0.597573,11414.0
5359,0.60130763,11485.333
5360,0.6050422,11556.667
5361,0.60877687,11628.0
5362,0.61251146,11699.333
5363,0.61624604,11770.667
5364,0.6199807,11842.0
5365,0.6239858,11918.5
5366,0.6279909,11995.0
5367,0.63199604,12071.5
5368,0.6360011,12148.0
5369,0.64000624,12224.5
5370,0.6440114,12301.0
5371,0.64801645,12377.5
5372,0.6520216,12454.0
5373,0.65602666,12530.5
5374,0.6600318,12607.0
5375,0.6640369,12683.5
5376,0.668042,12760.0
5377,0.6720035,12835.667
5378,0.67596495,12911.333
5379,0.67992646,12987.0
5380,0.68388796,13062.667
5381,0.6878494,13138.333
5382,0.6918109,13214.0
5383,0.6957724,13289.667
5384,0.69973385,13365.333
5385,0.70369536,13441.0
5386,0.70765686,13516.667
5387,0.7116183,13592.333
5388,0.7155798,13668.0
5389,0.71888685,13731.167
5390,0.7221939,13794.333
5391,0.72550094,13857.5
5392,0.728808,13920.667
5393,0.7321151,13983.833
5394,0.73542213,14047.0
5395,0.7387292,14110.167
5396,0.7420362,14173.333
5397,0.74534327,14236.5
5398,0.7486503,14299.667
5399,0.75195736,14362.833
5400,0.7552644,14426.0
5401,0.7576422,14471.417
5402,0.76001996,14516.833
5403,0.7623977,14562.25
5404,0.76477545,14607.667
5405,0.76715326,14653.083
5406,0.769531,14698.5
5407,0.77190876,14743.917
5408,0.7742865,14789.333
5409,0.7766643,14834.75
5410,0.77904207,14880.167
5411,0.7814198,14925.583
5412,0.78379756,14971.0
5413,0.78542054,15002.0
5414,0.7870436,15033.0
5415,0.78866655,15064.0
5416,0.7902895,15095.0
5417,0.7919125,15126.0
5418,0.7935355,15157.0
5419,0.79515845,15188.0
5420,0.7967815,15219.0
5421,0.79840446,15250.0
5422,0.80002743,15281.0
5423,0.8016504,15312.0
5424,0.8032734,15343.0
5425,0.80451685,15366.75
5426,0.80576026,15390.5
5427,0.8070037,15414.25
5428,0.8082471,15438.0
5429,0.8094905,15461.75
5430,0.8107339,15485.5
5431,0.8119773,15509.25
5432,0.81322074,15533.0
5433,0.81446415,15556.75
5434,0.81570756,15580.5
5435,0.816951,15604.25
5436,0.8181944,15628.0
5437,0.81889683,15641.417
5438,0.8195993,15654.833
5439,0.82030165,15668.25
5440,0.8210041,15681.667
5441,0.82170653,15695.083
5442,0.8224089,15708.5
5443,0.82311136,15721.917
5444,0.8238138,15735.333
5445,0.8245162,15748.75
5446,0.8252186,15762.167
5447,0.82592106,15775.583
5448,0.82662344,15789.0
5449,0.82629186,15782.667
5450,0.8259603,15776.333
5451,0.82562876,15770.0
5452,0.8252972,15763.667
5453,0.8249656,15757.333
5454,0.824634,15751.0
5455,0.82430243,15744.667
5456,0.82397085,15738.333
5457,0.8236393,15732.0
5458,0.8233077,15725.667
5459,0.8229761,15719.333
5460,0.82264453,15713.0
5461,0.82061577,15674.25
5462,0.81858706,15635.5
5463,0.81655836,15596.75
5464,0.8145296,15558.0
5465,0.8125009,15519.25
5466,0.81047213,15480.5
5467,0.8084434,15441.75
5468,0.80641466,15403.0
5469,0.80438596,15364.25
5470,0.8023572,15325.5
5471,0.8003285,15286.75
5472,0.79829973,15248.0
5473,0.795682,15198.0
5474,0.7930643,15148.0
5475,0.7904466,15098.0
5476,0.78782886,15048.0
5477,0.78521115,14998.0
5478,0.7825934,14948.0
5479,0.7799757,14898.0
5480,0.777358,14848.0
5481,0.7747403,14798.0
5482,0.77212256,14748.0
5483,0.76950485,14698.0
5484,0.7668871,14648.0
5485,0.76373714,14587.833
5486,0.76058716,14527.667
5487,0.7574371,14467.5
5488,0.7542871,14407.333
5489,0.75113714,14347.167
5490,0.74798715,14287.0
5491,0.74483716,14226.833
5492,0.7416872,14166.667
5493,0.7385372,14106.5
5494,0.7353872,14046.333
5495,0.7322372,13986.167
5496,0.72908723,13926.0
5497,0.7233806,13817.0
5498,0.71767396,13708.0
5499,0.71196735,13599.0
5500,0.70626074,13490.0
5501,0.7005541,13381.0
5502,0.69484746,13272.0
5503,0.68914086,13163.0
5504,0.6834342,13054.0
5505,0.6777276,12945.0
5506,0.672021,12836.0
5507,0.6663143,12727.0
5508,0.6606077,12618.0
5509,0.65540713,12518.667
5510,0.6502066,12419.333
5511,0.64500606,12320.0
5512,0.63980556,12220.667
5513,0.634605,12121.333
5514,0.6294045,12022.0
5515,0.6242039,11922.667
5516,0.6190034,11823.333
5517,0.61380285,11724.0
5518,0.60860234,11624.667
5519,0.6034018,11525.333
5520,0.5982013,11426.0
5521,0.5938995,11343.833
5522,0.5895977,11261.667
5523,0.5852959,11179.5
5524,0.5809941,11097.333
5525,0.57669234,11015.167
5526,0.57239056,10933.0
5527,0.56808877,10850.833
5528,0.563787,10768.667
5529,0.5594852,10686.5
5530,0.5551834,10604.333
5531,0.5508816,10522.167
5532,0.54657984,10440.0
5533,0.5438705,10388.25
5534,0.5411612,10336.5
5535,0.5384518,10284.75
5536,0.53574246,10233.0
5537,0.53303313,10181.25
5538,0.5303238,10129.5
5539,0.5276145,10077.75
5540,0.5249051,10026.0
5541,0.52219576,9974.25
5542,0.5194864,9922.5
5543,0.5167771,9870.75
5544,0.51406777,9819.0
5545,0.51240116,9787.167
5546,0.5107345,9755.333
5547,0.5090679,9723.5
5548,0.5074013,9691.667
5549,0.5057347,9659.833
5550,0.5040681,9628.0
5551,0.5024015,9596.167
5552,0.50073487,9564.333
5553,0.49906823,9532.5
5554,0.4974016,9500.667
5555,0.495735,9468.833
5556,0.49406838,9437.0
5557,0.49327433,9421.833
5558,0.4924803,9406.667
5559,0.49168625,9391.5
5560,0.4908922,9376.333
5561,0.49009818,9361.167
5562,0.48930413,9346.0
5563,0.4885101,9330.833
5564,0.48771605,9315.667
5565,0.486922,9300.5
5566,0.48612797,9285.333
5567,0.48533392,9270.167
5568,0.48453987,9255.0
5569,0.48483655,9260.667
5570,0.48513323,9266.333
5571,0.4854299,9272.0
5572,0.48572657,9277.667
5573,0.48602325,9283.333
5574,0.48631993,9289.0
5575,0.4866166,9294.667
5576,0.48691326,9300.333
5577,0.48720995,9306.0
5578,0.48750663,9311.667
5579,0.4878033,9317.333
5580,0.4881,9323.0
5581,0.49062607,9371.25
5582,0.49315217,9419.5
5583,0.49567828,9467.75
5584,0.49820438,9516.0
5585,0.50073045,9564.25
5586,0.50325656,9612.5
5587,0.50578266,9660.75
5588,0.50830877,9709.0
5589,0.5108349,9757.25
5590,0.513361,9805.5
5591,0.5158871,9853.75
5592,0.5184132,9902.0
5593,0.52286327,9987.0
5594,0.5273134,10072.0
5595,0.53176355,10157.0
5596,0.53621364,10242.0
5597,0.5406638,10327.0
5598,0.5451139,10412.0
5599,0.549564,10497.0
5600,0.55401415,10582.0
5601,0.5584643,10667.0
5602,0.56291443,10752.0
5603,0.5673645,10837.0
5604,0.57181466,10922.0
5605,0.5747945,10978.917
5606,0.57777435,11035.833
5607,0.58075416,11092.75
5608,0.583734,11149.667
5609,0.58671385,11206.583
5610,0.58969367,11263.5
5611,0.5926735,11320.417
5612,0.59565336,11377.333
5613,0.59863317,11434.25
5614,0.60161304,11491.167
5615,0.60459286,11548.083
5616,0.6075727,11605.0
5617,0.6091826,11635.75
5618,0.6107925,11666.5
5619,0.6124024,11697.25
5620,0.6140123,11728.0
5621,0.61562216,11758.75
5622,0.6172321,11789.5
5623,0.618842,11820.25
5624,0.62045187,11851.0
5625,0.6220618,11881.75
5626,0.62367165,11912.5
5627,0.6252816,11943.25
5628,0.6268915,11974.0
5629,0.62897694,12013.833
5630,0.6310624,12053.667
5631,0.63314784,12093.5
5632,0.6352333,12133.333
5633,0.63731873,12173.167
5634,0.6394042,12213.0
5635,0.6414896,12252.833
5636,0.6435751,12292.667
5637,0.6456605,12332.5
5638,0.64774597,12372.333
5639,0.6498314,12412.167
5640,0.65191686,12452.0
5641,0.65564275,12523.167
5642,0.65936863,12594.333
5643,0.6630945,12665.5
5644,0.6668204,12736.667
5645,0.6705463,12807.833
5646,0.6742722,12879.0
5647,0.67799807,12950.167
5648,0.68172395,13021.333
5649,0.68544984,13092.5
5650,0.6891757,13163.667
5651,0.6929016,13234.833
5652,0.6966275,13306.0
5653,0.70037085,13377.5
5654,0.7041142,13449.0
5655,0.70785755,13520.5
5656,0.71160084,13592.0
5657,0.7153442,13663.5
5658,0.71908754,13735.0
5659,0.7228309,13806.5
5660,0.72657424,13878.0
5661,0.7303176,13949.5
5662,0.7340609,14021.0
5663,0.73780423,14092.5
5664,0.7415476,14164.0
5665,0.74526477,14235.0
5666,0.7489819,14306.0
5667,0.7526991,14377.0
5668,0.7564162,14448.0
5669,0.7601334,14519.0
5670,0.76385057,14590.0
5671,0.7675677,14661.0
5672,0.7712849,14732.0
5673,0.77500206,14803.0
5674,0.7787192,14874.0
5675,0.7824364,14945.0
5676,0.7861535,15016.0
5677,0.7896787,15083.333
5678,0.7932039,15150.667
5679,0.7967291,15218.0
5680,0.8002543,15285.333
5681,0.8037795,15352.667
5682,0.8073047,15420.0
5683,0.8108299,15487.333
5684,0.8143551,15554.667
5685,0.8178803,15622.0
5686,0.8214055,15689.333
5687,0.82493067,15756.667
5688,0.82845587,15824.0
5689,0.83058494,15864.667
5690,0.832714,15905.333
5691,0.8348431,15946.0
5692,0.8369722,15986.667
5693,0.83910125,16027.333
5694,0.84123033,16068.0
5695,0.8433594,16108.667
5696,0.8454885,16149.333
5697,0.84761757,16190.0
5698,0.84974664,16230.667
5699,0.8518757,16271.333
5700,0.8540048,16312.0
5701,0.854969,16330.417
5702,0.8559332,16348.833
5703,0.8568974,16367.25
5704,0.8578616,16385.666
5705,0.8588258,16404.084
5706,0.85978997,16422.5
5707,0.8607542,16440.916
5708,0.86171836,16459.334
5709,0.8626825,16477.75
5710,0.86364675,16496.166
5711,0.8646109,16514.584
5712,0.86557513,16533.0
5713,0.866391,16548.584
5714,0.8672069,16564.166
5715,0.8680227,16579.75
5716,0.86883855,16595.334
5717,0.8696544,16610.916
5718,0.8704703,16626.5
5719,0.8712861,16642.084
5720,0.87210196,16657.666
5721,0.87291783,16673.25
5722,0.8737337,16688.834
5723,0.87454957,16704.416
5724,0.8753654,16720.0
5725,0.8755705,16723.916
5726,0.8757755,16727.834
5727,0.87598056,16731.75
5728,0.8761856,16735.666
5729,0.8763907,16739.584
5730,0.87659574,16743.5
5731,0.8768008,16747.416
5732,0.8770058,16751.334
5733,0.8772109,16755.25
5734,0.87741596,16759.166
5735,0.877621,16763.084
5736,0.87782604,16767.0
5737,0.8766524,16744.584
5738,0.87547886,16722.166
5739,0.87430525,16699.75
5740,0.87313163,16677.334
5741,0.871958,16654.916
5742,0.8707844,16632.5
5743,0.8696108,16610.084
5744,0.8684372,16587.666
5745,0.86726356,16565.25
5746,0.86608994,16542.834
5747,0.8649163,16520.416
5748,0.8637427,16498.0
5749,0.86126024,16450.584
5750,0.85877776,16403.166
5751,0.8562953,16355.75
5752,0.8538129,16308.333
5753,0.8513304,16260.917
5754,0.8488479,16213.5
5755,0.84636545,16166.083
5756,0.843883,16118.667
5757,0.8414005,16071.25
5758,0.83891803,16023.833
5759,0.83643556,15976.417
5760,0.8339531,15929.0
5761,0.831427,15880.75
5762,0.8289009,15832.5
5763,0.82637477,15784.25
5764,0.82384866,15736.0
5765,0.82132256,15687.75
5766,0.81879646,15639.5
5767,0.8162704,15591.25
5768,0.8137443,15543.0
5769,0.8112182,15494.75
5770,0.8086921,15446.5
5771,0.806166,15398.25
5772,0.8036399,15350.0
5773,0.80018884,15284.083
5774,0.79673785,15218.167
5775,0.7932868,15152.25
5776,0.78983575,15086.333
5777,0.78638476,15020.417
5778,0.7829337,14954.5
5779,0.7794827,14888.583
5780,0.7760317,14822.667
5781,0.7725806,14756.75
5782,0.76912963,14690.833
5783,0.7656786,14624.917
5784,0.76222754,14559.0
5785,0.7558229,14436.667
5786,0.7494182,14314.333
5787,0.7430135,14192.0
5788,0.7366088,14069.667
5789,0.7302041,13947.333
5790,0.72379947,13825.0
5791,0.71739477,13702.667
5792,0.7109901,13580.333
5793,0.7045854,13458.0
5794,0.6981807,13335.667
5795,0.691776,13213.333
5796,0.68537134,13091.0
5797,0.67916733,12972.5
5798,0.6729633,12854.0
5799,0.6667593,12735.5
5800,0.66055536,12617.0
5801,0.65435135,12498.5
5802,0.64814734,12380.0
5803,0.64194334,12261.5
5804,0.6357394,12143.0
5805,0.6295354,12024.5
5806,0.62333137,11906.0
5807,0.61712736,11787.5
5808,0.61092335,11669.0
5809,0.60630745,11580.833
5810,0.60169154,11492.667
5811,0.59707564,11404.5
5812,0.59245974,11316.333
5813,0.58784384,11228.167
5814,0.58322793,11140.0
5815,0.57861197,11051.833
5816,0.57399607,10963.667
5817,0.56938016,10875.5
5818,0.56476426,10787.333
5819,0.56014836,10699.167
5820,0.55553246,10611.0
5821,0.5523301,10549.833
5822,0.54912776,10488.667
5823,0.5459254,10427.5
5824,0.54272306,10366.333
5825,0.53952074,10305.167
5826,0.53631836,10244.0
5827,0.53311604,10182.833
5828,0.52991366,10121.667
5829,0.52671134,10060.5
5830,0.523509,9999.333
5831,0.52030665,9938.167
5832,0.5171043,9877.0
5833,0.51497084,9836.25
5834,0.5128374,9795.5
5835,0.510704,9754.75
5836,0.50857055,9714.0
5837,0.5064371,9673.25
5838,0.50430363,9632.5
5839,0.5021702,9591.75
5840,0.5000368,9551.0
5841,0.49790335,9510.25
5842,0.4957699,9469.5
5843,0.49363646,9428.75
5844,0.491503,9388.0
5845,0.4902596,9364.25
5846,0.48901618,9340.5
5847,0.48777276,9316.75
5848,0.48652935,9293.0
5849,0.48528594,9269.25
5850,0.48404253,9245.5
5851,0.48279908,9221.75
5852,0.48155567,9198.0
5853,0.48031226,9174.25
5854,0.47906885,9150.5
5855,0.47782543,9126.75
5856,0.47658202,9103.0
5857,0.4764991,9101.417
5858,0.47641623,9099.833
5859,0.47633332,9098.25
5860,0.47625044,9096.667
5861,0.47616753,9095.083
5862,0.47608465,9093.5
5863,0.47600174,9091.917
5864,0.47591886,9090.333
5865,0.47583595,9088.75
5866,0.47575307,9087.167
5867,0.47567016,9085.583
5868,0.47558728,9084.0
5869,0.4774284,9119.167
5870,0.47926953,9154.333
5871,0.48111066,9189.5
5872,0.4829518,9224.667
5873,0.48479292,9259.833
5874,0.48663405,9295.0
5875,0.48847517,9330.167
5876,0.4903163,9365.333
5877,0.49215743,9400.5
5878,0.4939986,9435.667
5879,0.49583972,9470.833
5880,0.49768084,9506.0
5881,0.50141543,9577.333
5882,0.5051501,9648.667
5883,0.50888467,9720.0
5884,0.51261926,9791.333
5885,0.5163539,9862.667
5886,0.5200885,9934.0
5887,0.52382314,10005.333
5888,0.52755773,10076.667
5889,0.5312924,10148.0
5890,0.53502697,10219.333
5891,0.53876156,10290.667
5892,0.5424962,10362.0
5893,0.54522735,10414.167
5894,0.5479585,10466.333
5895,0.55068964,10518.5
5896,0.5534208,10570.667
5897,0.556152,10622.833
5898,0.55888313,10675.0
5899,0.5616143,10727.167
5900,0.5643454,10779.333
5901,0.56707656,10831.5
5902,0.5698077,10883.667
5903,0.5725389,10935.833
5904,0.57527006,10988.0
5905,0.57671416,11015.583
5906,0.57815826,11043.167
5907,0.57960236,11070.75
5908,0.58104646,11098.333
5909,0.58249056,11125.917
5910,0.58393466,11153.5
5911,0.5853788,11181.083
5912,0.5868229,11208.667
5913,0.588267,11236.25
5914,0.5897111,11263.833
5915,0.59115523,11291.417
5916,0.59259933,11319.0
5917,0.59458447,11356.917
5918,0.59656954,11394.833
5919,0.5985547,11432.75
5920,0.60053974,11470.667
5921,0.6025249,11508.583
5922,0.60450995,11546.5
5923,0.6064951,11584.417
5924,0.60848016,11622.333
5925,0.6104653,11660.25
5926,0.61245036,11698.167
5927,0.6144355,11736.083
5928,0.61642057,11774.0
5929,0.61929137,11828.833
5930,0.6221621,11883.667
5931,0.6250329,11938.5
5932,0.62790364,11993.333
5933,0.63077444,12048.167
5934,0.6336452,12103.0
5935,0.636516,12157.833
5936,0.6393867,12212.667
5937,0.64225745,12267.5
5938,0.64512825,12322.333
5939,0.647999,12377.167
5940,0.6508698,12432.0
5941,0.6541114,12493.917
5942,0.657353,12555.833
5943,0.6605946,12617.75
5944,0.66383624,12679.667
5945,0.66707784,12741.583
5946,0.67031944,12803.5
5947,0.67356104,12865.417
5948,0.67680264,12927.333
5949,0.68004423,12989.25
5950,0.6832859,13051.167
5951,0.6865275,13113.083
5952,0.6897691,13175.0
5953,0.6929758,13236.25
5954,0.6961825,13297.5
5955,0.6993892,13358.75
5956,0.7025959,13420.0
5957,0.7058026,13481.25
5958,0.70900935,13542.5
5959,0.712216,13603.75
5960,0.71542275,13665.0
5961,0.7186294,13726.25
5962,0.72183615,13787.5
5963,0.7250429,13848.75
5964,0.72824955,13910.0
5965,0.73201907,13982.0
5966,0.7357886,14054.0
5967,0.7395581,14126.0
5968,0.7433276,14198.0
5969,0.74709713,14270.0
5970,0.75086665,14342.0
5971,0.75463617,14414.0
5972,0.7584057,14486.0
5973,0.7621752,14558.0
5974,0.7659447,14630.0
5975,0.76971424,14702.0
5976,0.77348375,14774.0
5977,0.776529,14832.167
5978,0.77957433,14890.333
5979,0.7826196,14948.5
5980,0.78566486,15006.667
5981,0.7887102,15064.833
5982,0.79175544,15123.0
5983,0.7948007,15181.167
5984,0.797846,15239.333
5985,0.8008913,15297.5
5986,0.80393654,15355.667
5987,0.80698186,15413.833
5988,0.8100271,15472.0
5989,0.8131771,15532.167
5990,0.8163271,15592.333
5991,0.8194771,15652.5
5992,0.82262707,15712.667
5993,0.82577705,15772.833
5994,0.82892704,15833.0
5995,0.832077,15893.167
5996,0.835227,15953.333
5997,0.838377,16013.5
5998,0.841527,16073.667
5999,0.84467703,16133.833
6000,0.847827,16194.0
6001,0.8502702,16240.667
6002,0.8527134,16287.333
6003,0.8551566,16334.0
6004,0.8575998,16380.667
6005,0.860043,16427.334
6006,0.86248624,16474.0
6007,0.86492944,16520.666
6008,0.86737263,16567.334
6009,0.8698158,16614.0
6010,0.872259,16660.666
6011,0.8747023,16707.334
6012,0.87714547,16754.0
6013,0.8782667,16775.416
6014,0.879388,16796.834
6015,0.8805092,16818.25
6016,0.8816305,16839.666
6017,0.8827517,16861.084
6018,0.883873,16882.5
6019,0.88499427,16903.916
6020,0.8861155,16925.334
6021,0.8872368,16946.75
6022,0.888358,16968.166
6023,0.8894793,16989.584
6024,0.8906005,17011.0
6025,0.8902646,17004.584
6026,0.88992864,16998.166
6027,0.8895927,16991.75
6028,0.8892568,16985.334
6029,0.88892084,16978.916
6030,0.8885849,16972.5
6031,0.8882489,16966.084
6032,0.887913,16959.666
6033,0.88757706,16953.25
6034,0.8872411,16946.834
6035,0.8869052,16940.416
6036,0.88656926,16934.0
6037,0.884126,16887.334
6038,0.8816828,16840.666
6039,0.8792396,16794.0
6040,0.8767964,16747.334
6041,0.87435323,16700.666
6042,0.87191004,16654.0
6043,0.8694668,16607.334
6044,0.8670236,16560.666
6045,0.8645804,16514.0
6046,0.8621372,16467.334
6047,0.859694,16420.666
6048,0.8572508,16374.0
6049,0.85373867,16306.917
6050,0.8502266,16239.833
6051,0.84671444,16172.75
6052,0.84320235,16105.667
6053,0.83969027,16038.583
6054,0.8361781,15971.5
6055,0.83266604,15904.417
6056,0.82915395,15837.333
6057,0.8256418,15770.25
6058,0.8221297,15703.167
6059,0.8186176,15636.083
6060,0.8151055,15569.0
6061,0.8114014,15498.25
6062,0.80769736,15427.5
6063,0.8039933,15356.75
6064,0.8002892,15286.0
6065,0.79658514,15215.25
6066,0.7928811,15144.5
6067,0.789177,15073.75
6068,0.7854729,15003.0
6069,0.78176886,14932.25
6070,0.7780648,14861.5
6071,0.7743607,14790.75
6072,0.77065665,14720.0
6073,0.76384616,14589.917
6074,0.75703573,14459.833
6075,0.7502253,14329.75
6076,0.7434149,14199.667
6077,0.73660445,14069.583
6078,0.729794,13939.5
6079,0.7229836,13809.417
6080,0.7161732,13679.333
6081,0.70936275,13549.25
6082,0.70255226,13419.167
6083,0.69574183,13289.083
6084,0.6889314,13159.0
6085,0.68258345,13037.75
6086,0.6762355,12916.5
6087,0.6698875,12795.25
6088,0.6635395,12674.0
6089,0.6571916,12552.75
6090,0.6508436,12431.5
6091,0.6444956,12310.25
6092,0.63814765,12189.0
6093,0.6317997,12067.75
6094,0.62545174,11946.5
6095,0.6191037,11825.25
6096,0.6127558,11704.0
6097,0.60808754,11614.833
6098,0.60341924,11525.667
6099,0.598751,11436.5
6100,0.5940827,11347.333
6101,0.5894145,11258.167
6102,0.5847462,11169.0
6103,0.5800779,11079.833
6104,0.57540965,10990.667
6105,0.57074136,10901.5
6106,0.5660731,10812.333
6107,0.5614048,10723.167
6108,0.5567366,10634.0
6109,0.5538004,10577.917
6110,0.55086416,10521.833
6111,0.547928,10465.75
6112,0.54499173,10409.667
6113,0.54205555,10353.583
6114,0.5391193,10297.5
6115,0.5361831,10241.417
6116,0.53324693,10185.333
6117,0.5303107,10129.25
6118,0.5273745,10073.167
6119,0.52443826,10017.083
6120,0.5215021,9961.0
6121,0.51944715,9921.75
6122,0.5173923,9882.5
6123,0.51533735,9843.25
6124,0.5132824,9804.0
6125,0.51122755,9764.75
6126,0.5091726,9725.5
6127,0.5071177,9686.25
6128,0.5050628,9647.0
6129,0.5030079,9607.75
6130,0.50095296,9568.5
6131,0.49889806,9529.25
6132,0.49684316,9490.0
6133,0.495639,9467.0
6134,0.49443486,9444.0
6135,0.4932307,9421.0
6136,0.49202657,9398.0
6137,0.4908224,9375.0
6138,0.48961824,9352.0
6139,0.4884141,9329.0
6140,0.48720995,9306.0
6141,0.4860058,9283.0
6142,0.48480165,9260.0
6143,0.4835975,9237.0
6144,0.48239335,9214.0
6145,0.48253295,9216.667
6146,0.48267257,9219.333
6147,0.4828122,9222.0
6148,0.4829518,9224.667
6149,0.4830914,9227.333
6150,0.483231,9230.0
6151,0.48337063,9232.667
6152,0.48351026,9235.333
6153,0.48364985,9238.0
6154,0.48378947,9240.667
6155,0.48392907,9243.333
6156,0.4840687,9246.0
6157,0.48616722,9286.083
6158,0.48826575,9326.167
6159,0.4903643,9366.25
6160,0.49246284,9406.333
6161,0.49456137,9446.417
6162,0.49665993,9486.5
6163,0.49875847,9526.583
6164,0.500857,9566.667
6165,0.50295556,9606.75
6166,0.50505406,9646.833
6167,0.5071526,9686.917
6168,0.5092512,9727.0
6169,0.51323444,9803.083
6170,0.51721776,9879.167
6171,0.521201,9955.25
6172,0.52518433,10031.333
6173,0.52916765,10107.417
6174,0.5331509,10183.5
6175,0.53713423,10259.583
6176,0.54111755,10335.667
6177,0.5451008,10411.75
6178,0.5490841,10487.833
6179,0.5530674,10563.917
6180,0.5570507,10640.0
6181,0.5595463,10687.667
6182,0.5620418,10735.333
6183,0.5645374,10783.0
6184,0.56703293,10830.667
6185,0.5695285,10878.333
6186,0.57202405,10926.0
6187,0.57451963,10973.667
6188,0.57701516,11021.333
6189,0.57951075,11069.0
6190,0.5820063,11116.667
6191,0.58450186,11164.333
6192,0.58699745,11212.0
6193,0.58809686,11233.0
6194,0.5891963,11254.0
6195,0.59029573,11275.0
6196,0.5913952,11296.0
6197,0.5924946,11317.0
6198,0.5935941,11338.0
6199,0.59469354,11359.0
6200,0.59579295,11380.0
6201,0.5968924,11401.0
6202,0.5979918,11422.0
6203,0.5990913,11443.0
6204,0.6001907,11464.0
6205,0.60107636,11480.917
6206,0.60196203,11497.833
6207,0.6028477,11514.75
6208,0.60373336,11531.667
6209,0.604619,11548.583
6210,0.6055047,11565.5
6211,0.60639036,11582.417
6212,0.607276,11599.333
6213,0.6081617,11616.25
6214,0.60904735,11633.167
6215,0.609933,11650.083
6216,0.6108187,11667.0
6217,0.61208826,11691.25
6218,0.61335784,11715.5
6219,0.6146274,11739.75
6220,0.61589706,11764.0
6221,0.61716664,11788.25
6222,0.6184362,11812.5
6223,0.6197058,11836.75
6224,0.62097543,11861.0
6225,0.622245,11885.25
6226,0.6235146,11909.5
6227,0.62478423,11933.75
6228,0.6260538,11958.0
6229,0.6271707,11979.333
6230,0.62828755,12000.667
6231,0.6294045,12022.0
6232,0.63052136,12043.333
6233,0.6316383,12064.667
6234,0.63275516,12086.0
6235,0.63387203,12107.333
6236,0.63498896,12128.667
6237,0.63610584,12150.0
6238,0.6372227,12171.333
6239,0.63833964,12192.667
6240,0.6394565,12214.0
6241,0.6403422,12230.917
6242,0.64122784,12247.833
6243,0.6421135,12264.75
6244,0.6429992,12281.667
6245,0.64388484,12298.583
6246,0.6447705,12315.5
6247,0.64565617,12332.417
6248,0.64654183,12349.333
6249,0.6474275,12366.25
6250,0.64831316,12383.167
6251,0.6491988,12400.083
6252,0.65008444,12417.0
6253,0.65181655,12450.083
6254,0.6535486,12483.167
6255,0.65528065,12516.25
6256,0.6570127,12549.333
6257,0.65874475,12582.417
6258,0.6604768,12615.5
6259,0.66220886,12648.583
6260,0.6639409,12681.667
6261,0.66567296,12714.75
6262,0.667405,12747.833
6263,0.6691371,12780.917
6264,0.6708692,12814.0
6265,0.6720253,12836.083
6266,0.6731815,12858.167
6267,0.6743376,12880.25
6268,0.6754938,12902.333
6269,0.6766499,12924.417
6270,0.67780614,12946.5
6271,0.6789623,12968.583
6272,0.68011844,12990.667
6273,0.6812746,13012.75
6274,0.68243074,13034.833
6275,0.6835869,13056.917
6276,0.68474305,13079.0
6277,0.68599087,13102.833
6278,0.68723863,13126.667
6279,0.6884864,13150.5
6280,0.68973416,13174.333
6281,0.690982,13198.167
6282,0.69222975,13222.0
6283,0.6934775,13245.833
6284,0.6947253,13269.667
6285,0.6959731,13293.5
6286,0.69722086,13317.333
6287,0.6984686,13341.167
6288,0.69971645,13365.0
6289,0.7021989,13412.417
6290,0.70468134,13459.833
6291,0.7071638,13507.25
6292,0.7096463,13554.667
6293,0.71212876,13602.083
6294,0.71461123,13649.5
6295,0.7170937,13696.917
6296,0.7195762,13744.333
6297,0.72205865,13791.75
6298,0.7245411,13839.167
6299,0.7270236,13886.583
6300,0.7295061,13934.0
6301,0.7311858,13966.083
6302,0.73286545,13998.167
6303,0.7345452,14030.25
6304,0.7362249,14062.333
6305,0.7379046,14094.417
6306,0.73958427,14126.5
6307,0.741264,14158.583
6308,0.7429437,14190.667
6309,0.7446234,14222.75
6310,0.7463031,14254.833
6311,0.7479828,14286.917
6312,0.7496625,14319.0
6313,0.7500857,14327.083
6314,0.7505089,14335.167
6315,0.7509321,14343.25
6316,0.7513553,14351.333
6317,0.7517785,14359.417
6318,0.7522017,14367.5
6319,0.75262487,14375.583
6320,0.7530481,14383.667
6321,0.7534713,14391.75
6322,0.7538945,14399.833
6323,0.7543177,14407.917
6324,0.7547409,14416.0
6325,0.75377667,14397.583
6326,0.7528125,14379.167
6327,0.7518483,14360.75
6328,0.7508841,14342.333
6329,0.7499199,14323.917
6330,0.7489557,14305.5
6331,0.74799156,14287.083
6332,0.74702734,14268.667
6333,0.7460632,14250.25
6334,0.74509895,14231.833
6335,0.7441348,14213.417
6336,0.74317056,14195.0
6337,0.74223256,14177.083
6338,0.74129456,14159.167
6339,0.7403565,14141.25
6340,0.7394185,14123.333
6341,0.7384805,14105.417
6342,0.73754245,14087.5
6343,0.73660445,14069.583
6344,0.73566645,14051.667
6345,0.7347284,14033.75
6346,0.7337904,14015.833
6347,0.7328524,13997.917
6348,0.7319144,13980.0
6349,0.7303743,13950.583
6350,0.7288342,13921.167
6351,0.7272941,13891.75
6352,0.725754,13862.333
6353,0.7242139,13832.917
6354,0.72267383,13803.5
6355,0.7211337,13774.083
6356,0.71959364,13744.667
6357,0.7180535,13715.25
6358,0.71651345,13685.833
6359,0.7149734,13656.417
6360,0.71343327,13627.0
6361,0.7085469,13533.667
6362,0.7036604,13440.333
6363,0.69877404,13347.0
6364,0.69388765,13253.667
6365,0.6890012,13160.333
6366,0.6841148,13067.0
6367,0.6792284,12973.667
6368,0.674342,12880.333
6369,0.6694556,12787.0
6370,0.6645692,12693.667
6371,0.65968275,12600.333
6372,0.65479636,12507.0
6373,0.6498183,12411.917
6374,0.6448403,12316.833
6375,0.63986224,12221.75
6376,0.63488424,12126.667
6377,0.6299062,12031.583
6378,0.6249282,11936.5
6379,0.6199502,11841.417
6380,0.6149721,11746.333
6381,0.6099941,11651.25
6382,0.60501605,11556.167
6383,0.60003805,11461.083
6384,0.59506,11366.0
6385,0.5913123,11294.417
6386,0.5875646,11222.833
6387,0.5838169,11151.25
6388,0.5800692,11079.667
6389,0.5763215,11008.083
6390,0.5725738,10936.5
6391,0.5688261,10864.917
6392,0.5650784,10793.333
6393,0.5613307,10721.75
6394,0.557583,10650.167
6395,0.5538353,10578.583
6396,0.5500876,10507.0
6397,0.5475833,10459.167
6398,0.545079,10411.333
6399,0.5425747,10363.5
6400,0.5400704,10315.667
6401,0.5375661,10267.833
6402,0.53506184,10220.0
6403,0.5325576,10172.167
6404,0.5300533,10124.333
6405,0.527549,10076.5
6406,0.52504474,10028.667
6407,0.52254045,9980.833
6408,0.52003616,9933.0
6409,0.51857895,9905.167
6410,0.51712173,9877.333
6411,0.5156646,9849.5
6412,0.51420736,9821.667
6413,0.51275015,9793.833
6414,0.511293,9766.0
6415,0.5098358,9738.167
6416,0.50837857,9710.333
6417,0.5069214,9682.5
6418,0.5054642,9654.667
6419,0.504007,9626.833
6420,0.50254977,9599.0
6421,0.5018997,9586.583
6422,0.5012497,9574.167
6423,0.50059956,9561.75
6424,0.4999495,9549.333
6425,0.49929947,9536.917
6426,0.4986494,9524.5
6427,0.4979993,9512.083
6428,0.49734926,9499.667
6429,0.49669918,9487.25
6430,0.4960491,9474.833
6431,0.49539906,9462.417
6432,0.49474898,9450.0
6433,0.49509364,9456.583
6434,0.4954383,9463.167
6435,0.49578297,9469.75
6436,0.49612767,9476.333
6437,0.49647233,9482.917
6438,0.496817,9489.5
6439,0.49716166,9496.083
6440,0.49750632,9502.667
6441,0.49785098,9509.25
6442,0.49819565,9515.833
6443,0.4985403,9522.417
6444,0.49888498,9529.0
6445,0.50138056,9576.667
6446,0.5038761,9624.333
6447,0.5063717,9672.0
6448,0.5088672,9719.667
6449,0.5113628,9767.333
6450,0.5138583,9815.0
6451,0.5163539,9862.667
6452,0.51884943,9910.333
6453,0.521345,9958.0
6454,0.52384055,10005.667
6455,0.52633613,10053.333
6456,0.5288317,10101.0
6457,0.533164,10183.75
6458,0.5374963,10266.5
6459,0.5418287,10349.25
6460,0.546161,10432.0
6461,0.5504933,10514.75
6462,0.55482566,10597.5
6463,0.55915797,10680.25
6464,0.5634903,10763.0
6465,0.56782264,10845.75
6466,0.57215494,10928.5
6467,0.5764873,11011.25
6468,0.5808196,11094.0
6469,0.5834984,11145.167
6470,0.58617723,11196.333
6471,0.588856,11247.5
6472,0.5915348,11298.667
6473,0.5942136,11349.833
6474,0.5968924,11401.0
6475,0.5995712,11452.167
6476,0.60225,11503.333
6477,0.6049288,11554.5
6478,0.6076076,11605.667
6479,0.6102864,11656.833
6480,0.6129652,11708.0
6481,0.6141257,11730.167
6482,0.61528623,11752.333
6483,0.6164468,11774.5
6484,0.6176073,11796.667
6485,0.6187678,11818.833
6486,0.61992836,11841.0
6487,0.62108886,11863.167
6488,0.62224936,11885.333
6489,0.6234099,11907.5
6490,0.6245704,11929.667
6491,0.62573093,11951.833
6492,0.6268915,11974.0
6493,0.6286061,12006.75
6494,0.63032067,12039.5
6495,0.63203526,12072.25
6496,0.6337499,12105.0
6497,0.6354645,12137.75
6498,0.6371791,12170.5
6499,0.6388937,12203.25
6500,0.6406083,12236.0
6501,0.6423229,12268.75
6502,0.64403754,12301.5
6503,0.64575213,12334.25
6504,0.6474667,12367.0
6505,0.64951295,12406.083
6506,0.6515591,12445.167
6507,0.6536053,12484.25
6508,0.65565145,12523.333
6509,0.6576977,12562.417
6510,0.65974385,12601.5
6511,0.66179,12640.583
6512,0.66383624,12679.667
6513,0.6658824,12718.75
6514,0.6679286,12757.833
6515,0.66997474,12796.917
6516,0.672021,12836.0
6517,0.6743376,12880.25
6518,0.67665434,12924.5
6519,0.678971,12968.75
6520,0.6812877,13013.0
6521,0.68360436,13057.25
6522,0.685921,13101.5
6523,0.6882377,13145.75
6524,0.6905544,13190.0
6525,0.6928711,13234.25
6526,0.69518775,13278.5
6527,0.69750446,13322.75
6528,0.6998211,13367.0
6529,0.7022861,13414.083
6530,0.7047512,13461.167
6531,0.7072162,13508.25
6532,0.7096812,13555.333
6533,0.7121462,13602.417
6534,0.71461123,13649.5
6535,0.71707624,13696.583
6536,0.7195413,13743.667
6537,0.7220063,13790.75
6538,0.72447133,13837.833
6539,0.72693634,13884.917
6540,0.72940135,13932.0
6541,0.73240304,13989.333
6542,0.7354047,14046.667
6543,0.7384063,14104.0
6544,0.741408,14161.333
6545,0.7444096,14218.667
6546,0.74741125,14276.0
6547,0.75041294,14333.333
6548,0.7534146,14390.667
6549,0.7564162,14448.0
6550,0.7594179,14505.333
6551,0.7624195,14562.667
6552,0.76542115,14620.0
6553,0.76837045,14676.333
6554,0.77131975,14732.667
6555,0.77426904,14789.0
6556,0.77721834,14845.333
6557,0.78016764,14901.667
6558,0.78311694,14958.0
6559,0.78606623,15014.333
6560,0.78901553,15070.667
6561,0.7919648,15127.0
6562,0.7949141,15183.333
6563,0.7978634,15239.667
6564,0.8008127,15296.0
6565,0.80421144,15360.917
6566,0.8076101,15425.833
6567,0.81100875,15490.75
6568,0.81440747,15555.667
6569,0.8178061,15620.583
6570,0.8212048,15685.5
6571,0.82460344,15750.417
6572,0.82800215,15815.333
6573,0.8314008,15880.25
6574,0.83479947,15945.167
6575,0.8381981,16010.083
6576,0.84159684,16075.0
6577,0.84384805,16118.0
6578,0.8460993,16161.0
6579,0.8483505,16204.0
6580,0.8506018,16247.0
6581,0.852853,16290.0
6582,0.85510427,16333.0
6583,0.8573555,16376.0
6584,0.85960674,16419.0
6585,0.86185795,16462.0
6586,0.8641092,16505.0
6587,0.8663604,16548.0
6588,0.8686117,16591.0
6589,0.8690349,16599.084
6590,0.8694581,16607.166
6591,0.8698813,16615.25
6592,0.87030447,16623.334
6593,0.87072766,16631.416
6594,0.87115085,16639.5
6595,0.87157404,16647.584
6596,0.8719973,16655.666
6597,0.8724205,16663.75
6598,0.8728437,16671.834
6599,0.8732669,16679.916
6600,0.87369007,16688.0
6601,0.8732189,16679.0
6602,0.87274766,16670.0
6603,0.8722765,16661.0
6604,0.8718053,16652.0
6605,0.87133414,16643.0
6606,0.8708629,16634.0
6607,0.8703917,16625.0
6608,0.86992055,16616.0
6609,0.8694494,16607.0
6610,0.86897814,16598.0
6611,0.86850697,16589.0
6612,0.8680358,16580.0
6613,0.8663386,16547.584
6614,0.8646415,16515.166
6615,0.8629443,16482.75
6616,0.8612472,16450.334
6617,0.85955,16417.916
6618,0.8578529,16385.5
6619,0.8561557,16353.083
6620,0.8544586,16320.667
6621,0.8527614,16288.25
6622,0.85106426,16255.833
6623,0.8493671,16223.417
6624,0.8476699,16191.0
6625,0.84578514,16155.0
6626,0.84390044,16119.0
6627,0.8420157,16083.0
6628,0.8401309,16047.0
6629,0.83824617,16011.0
6630,0.8363614,15975.0
6631,0.83447665,15939.0
6632,0.8325919,15903.0
6633,0.83070713,15867.0
6634,0.8288224,15831.0
6635,0.8269376,15795.0
6636,0.82505286,15759.0
6637,0.8223479,15707.333
6638,0.8196429,15655.667
6639,0.8169379,15604.0
6640,0.81423295,15552.333
6641,0.81152797,15500.667
6642,0.808823,15449.0
6643,0.806118,15397.333
6644,0.80341303,15345.667
6645,0.80070806,15294.0
6646,0.7980031,15242.333
6647,0.7952981,15190.667
6648,0.7925931,15139.0
6649,0.7866814,15026.083
6650,0.78076977,14913.167
6651,0.77485806,14800.25
6652,0.76894635,14687.333
6653,0.7630347,14574.417
6654,0.757123,14461.5
6655,0.75121135,14348.583
6656,0.74529964,14235.667
6657,0.739388,14122.75
6658,0.7334763,14009.833
6659,0.7275646,13896.917
6660,0.7216529,13784.0
6661,0.71565396,13669.417
6662,0.70965505,13554.833
6663,0.7036561,13440.25
6664,0.69765717,13325.667
6665,0.6916582,13211.083
6666,0.6856593,13096.5
6667,0.6796603,12981.917
6668,0.6736614,12867.333
6669,0.66766244,12752.75
6670,0.66166353,12638.167
6671,0.65566456,12523.583
6672,0.64966565,12409.0
6673,0.6450715,12321.25
6674,0.6404774,12233.5
6675,0.63588333,12145.75
6676,0.63128924,12058.0
6677,0.62669516,11970.25
6678,0.62210107,11882.5
6679,0.6175069,11794.75
6680,0.61291283,11707.0
6681,0.60831875,11619.25
6682,0.60372466,11531.5
6683,0.5991306,11443.75
6684,0.5945364,11356.0
6685,0.59126866,11293.583
6686,0.5880009,11231.167
6687,0.58473307,11168.75
6688,0.5814653,11106.333
6689,0.57819754,11043.917
6690,0.5749297,10981.5
6691,0.57166195,10919.083
6692,0.5683942,10856.667
6693,0.56512636,10794.25
6694,0.5618586,10731.833
6695,0.5585908,10669.417
6696,0.555323,10607.0
6697,0.5531285,10565.083
6698,0.55093396,10523.167
6699,0.54873943,10481.25
6700,0.5465449,10439.333
6701,0.5443504,10397.417
6702,0.54215586,10355.5
6703,0.53996134,10313.583
6704,0.5377668,10271.667
6705,0.53557235,10229.75
6706,0.5333778,10187.833
6707,0.5311833,10145.917
6708,0.5289888,10104.0
6709,0.5276145,10077.75
6710,0.52624017,10051.5
6711,0.52486587,10025.25
6712,0.52349156,9999.0
6713,0.52211726,9972.75
6714,0.52074295,9946.5
6715,0.51936865,9920.25
6716,0.51799434,9894.0
6717,0.51662004,9867.75
6718,0.51524574,9841.5
6719,0.51387143,9815.25
6720,0.5124971,9789.0
6721,0.5125015,9789.083
6722,0.5125058,9789.167
6723,0.51251024,9789.25
6724,0.5125146,9789.333
6725,0.51251894,9789.417
6726,0.5125233,9789.5
6727,0.51252764,9789.583
6728,0.51253206,9789.667
6729,0.5125364,9789.75
6730,0.51254076,9789.833
6731,0.5125451,9789.917
6732,0.51254946,9790.0
6733,0.5143121,9823.667
6734,0.51607466,9857.333
6735,0.5178373,9891.0
6736,0.51959985,9924.667
6737,0.5213625,9958.333
6738,0.52312505,9992.0
6739,0.5248877,10025.667
6740,0.52665025,10059.333
6741,0.5284129,10093.0
6742,0.53017545,10126.667
6743,0.5319381,10160.333
6744,0.53370064,10194.0
6745,0.5371822,10260.5
6746,0.5406638,10327.0
6747,0.54414535,10393.5
6748,0.5476269,10460.0
6749,0.5511085,10526.5
6750,0.55459005,10593.0
6751,0.5580716,10659.5
6752,0.5615532,10726.0
6753,0.56503475,10792.5
6754,0.5685163,10859.0
6755,0.5719979,10925.5
6756,0.57547945,10992.0
6757,0.5786251,11052.083
6758,0.5817707,11112.167
6759,0.58491635,11172.25
6760,0.588062,11232.333
6761,0.59120756,11292.417
6762,0.5943532,11352.5
6763,0.59749883,11412.583
6764,0.60064447,11472.667
6765,0.6037901,11532.75
6766,0.60693574,11592.833
6767,0.6100813,11652.917
6768,0.61322695,11713.0
6769,0.6160934,11767.75
6770,0.6189598,11822.5
6771,0.6218262,11877.25
6772,0.62469256,11932.0
6773,0.627559,11986.75
6774,0.6304254,12041.5
6775,0.6332918,12096.25
6776,0.63615817,12151.0
6777,0.6390246,12205.75
6778,0.641891,12260.5
6779,0.6447574,12315.25
6780,0.6476238,12370.0
6781,0.6514151,12442.417
6782,0.65520644,12514.833
6783,0.6589978,12587.25
6784,0.6627891,12659.667
6785,0.66658044,12732.083
6786,0.6703718,12804.5
6787,0.6741631,12876.917
6788,0.67795444,12949.333
6789,0.68174577,13021.75
6790,0.6855371,13094.167
6791,0.68932843,13166.583
6792,0.69311976,13239.0
6793,0.69798434,13331.917
6794,0.702849,13424.833
6795,0.70771354,13517.75
6796,0.7125782,13610.667
6797,0.71744275,13703.583
6798,0.7223073,13796.5
6799,0.72717196,13889.417
6800,0.73203653,13982.333
6801,0.7369011,14075.25
6802,0.74176574,14168.167
6803,0.7466303,14261.083
6804,0.7514949,14354.0
6805,0.7558796,14437.75
6806,0.7602643,14521.5
6807,0.764649,14605.25
6808,0.7690336,14689.0
6809,0.7734183,14772.75
6810,0.777803,14856.5
6811,0.7821877,14940.25
6812,0.78657234,15024.0
6813,0.79095703,15107.75
6814,0.79534173,15191.5
6815,0.79972637,15275.25
6816,0.80411106,15359.0
6817,0.8079155,15431.667
6818,0.8117199,15504.333
6819,0.81552434,15577.0
6820,0.8193287,15649.667
6821,0.8231332,15722.333
6822,0.8269376,15795.0
6823,0.830742,15867.667
6824,0.83454645,15940.333
6825,0.83835083,16013.0
6826,0.8421553,16085.667
6827,0.84595966,16158.333
6828,0.8497641,16231.0
6829,0.8533286,16299.083
6830,0.856893,16367.167
6831,0.8604575,16435.25
6832,0.86402196,16503.334
6833,0.86758643,16571.416
6834,0.87115085,16639.5
6835,0.8747153,16707.584
6836,0.8782798,16775.666
6837,0.8818443,16843.75
6838,0.8854087,16911.834
6839,0.8889732,16979.916
6840,0.89253765,17048.0
6841,0.89405155,17076.916
6842,0.89556545,17105.834
6843,0.8970794,17134.75
6844,0.8985933,17163.666
6845,0.9001072,17192.584
6846,0.9016211,17221.5
6847,0.90313506,17250.416
6848,0.90464896,17279.334
6849,0.90616286,17308.25
6850,0.90767676,17337.166
6851,0.9091907,17366.084
6852,0.9107046,17395.0
6853,0.91301256,17439.084
6854,0.9153205,17483.166
6855,0.91762847,17527.25
6856,0.9199364,17571.334
6857,0.92224437,17615.416
6858,0.9245523,17659.5
6859,0.92686033,17703.584
6860,0.9291683,17747.666
6861,0.93147624,17791.75
6862,0.9337842,17835.834
6863,0.93609214,17879.916
6864,0.9384001,17924.0
6865,0.9399882,17954.334
6866,0.94157624,17984.666
6867,0.94316435,18015.0
6868,0.9447524,18045.334
6869,0.9463405,18075.666
6870,0.9479286,18106.0
6871,0.94951665,18136.334
6872,0.95110476,18166.666
6873,0.9526928,18197.0
6874,0.9542809,18227.334
6875,0.955869,18257.666
6876,0.95745707,18288.0
6877,0.95762724,18291.25
6878,0.9577974,18294.5
6879,0.9579675,18297.75
6880,0.9581377,18301.0
6881,0.95830786,18304.25
6882,0.958478,18307.5
6883,0.95864815,18310.75
6884,0.9588183,18314.0
6885,0.9589884,18317.25
6886,0.9591586,18320.5
6887,0.9593288,18323.75
6888,0.9594989,18327.0
6889,0.95856524,18309.166
6890,0.9576316,18291.334
6891,0.95669794,18273.5
6892,0.9557643,18255.666
6893,0.95483065,18237.834
6894,0.953897,18220.0
6895,0.95296335,18202.166
6896,0.9520297,18184.334
6897,0.951096,18166.5
6898,0.95016235,18148.666
6899,0.9492287,18130.834
6900,0.94829506,18113.0
6901,0.945228,18054.416
6902,0.9421609,17995.834
6903,0.93909377,17937.25
6904,0.9360267,17878.666
6905,0.9329596,17820.084
6906,0.9298925,17761.5
6907,0.9268254,17702.916
6908,0.9237583,17644.334
6909,0.9206912,17585.75
6910,0.9176241,17527.166
6911,0.91455704,17468.584
6912,0.9114899,17410.0
6913,0.90782076,17339.916
6914,0.9041516,17269.834
6915,0.9004824,17199.75
6916,0.8968133,17129.666
6917,0.8931441,17059.584
6918,0.8894749,16989.5
6919,0.8858057,16919.416
6920,0.8821366,16849.334
6921,0.8784674,16779.25
6922,0.87479824,16709.166
6923,0.87112904,16639.084
6924,0.8674599,16569.0
6925,0.8639129,16501.25
6926,0.86036587,16433.5
6927,0.85681885,16365.75
6928,0.85327184,16298.0
6929,0.8497248,16230.25
6930,0.8461778,16162.5
6931,0.8426308,16094.75
6932,0.8390838,16027.0
6933,0.8355368,15959.25
6934,0.83198977,15891.5
6935,0.82844275,15823.75
6936,0.82489574,15756.0
6937,0.8189928,15643.25
6938,0.81308985,15530.5
6939,0.8071869,15417.75
6940,0.80128396,15305.0
6941,0.795381,15192.25
6942,0.789478,15079.5
6943,0.78357506,14966.75
6944,0.7776721,14854.0
6945,0.77176917,14741.25
6946,0.7658662,14628.5
6947,0.7599632,14515.75
6948,0.75406027,14403.0
6949,0.7476076,14279.75
6950,0.7411549,14156.5
6951,0.7347022,14033.25
6952,0.72824955,13910.0
6953,0.7217969,13786.75
6954,0.7153442,13663.5
6955,0.7088915,13540.25
6956,0.70243883,13417.0
6957,0.69598615,13293.75
6958,0.6895335,13170.5
6959,0.6830808,13047.25
6960,0.6766281,12924.0
6961,0.67111784,12818.75
6962,0.6656075,12713.5
6963,0.66009724,12608.25
6964,0.6545869,12503.0
6965,0.64907664,12397.75
6966,0.6435663,12292.5
6967,0.63805604,12187.25
6968,0.63254577,12082.0
6969,0.62703544,11976.75
6970,0.62152517,11871.5
6971,0.61601484,11766.25
6972,0.61050457,11661.0
6973,0.6066696,11587.75
6974,0.60283464,11514.5
6975,0.5989997,11441.25
6976,0.5951647,11368.0
6977,0.59132975,11294.75
6978,0.5874948,11221.5
6979,0.5836598,11148.25
6980,0.57982486,11075.0
6981,0.5759899,11001.75
6982,0.57215494,10928.5
6983,0.56832,10855.25
6984,0.564485,10782.0
6985,0.5616448,10727.75
6986,0.5588046,10673.5
6987,0.55596435,10619.25
6988,0.5531241,10565.0
6989,0.5502839,10510.75
6990,0.5474437,10456.5
6991,0.54460347,10402.25
6992,0.54176325,10348.0
6993,0.538923,10293.75
6994,0.5360828,10239.5
6995,0.5332425,10185.25
6996,0.5304023,10131.0
6997,0.5284129,10093.0
6998,0.5264234,10055.0
6999,0.5244339,10017.0
7000,0.5224445,9979.0
7001,0.520455,9941.0
7002,0.5184655,9903.0
7003,0.51647604,9865.0
7004,0.5144866,9827.0
7005,0.5124971,9789.0
7006,0.51050764,9751.0
7007,0.5085182,9713.0
7008,0.50652874,9675.0
7009,0.5054511,9654.417
7010,0.5043735,9633.833
7011,0.50329584,9613.25
7012,0.5022182,9592.667
7013,0.5011406,9572.083
7014,0.50006294,9551.5
7015,0.49898532,9530.917
7016,0.4979077,9510.333
7017,0.49683008,9489.75
7018,0.49575245,9469.167
7019,0.49467483,9448.583
7020,0.49359718,9428.0
7021,0.49350122,9426.167
7022,0.49340522,9424.333
7023,0.49330923,9422.5
7024,0.49321327,9420.667
7025,0.49311727,9418.833
7026,0.49302128,9417.0
7027,0.49292532,9415.167
7028,0.49282932,9413.333
7029,0.49273333,9411.5
7030,0.49263737,9409.667
7031,0.49254137,9407.833
7032,0.49244538,9406.0
7033,0.4924803,9406.667
7034,0.4925152,9407.333
7035,0.4925501,9408.0
7036,0.492585,9408.667
7037,0.4926199,9409.333
7038,0.4926548,9410.0
7039,0.4926897,9410.667
7040,0.49272463,9411.333
7041,0.49275953,9412.0
7042,0.49279442,9412.667
7043,0.49282932,9413.333
7044,0.49286422,9414.0
7045,0.49449158,9445.083
7046,0.49611893,9476.167
7047,0.4977463,9507.25
7048,0.4993736,9538.333
7049,0.501001,9569.417
7050,0.5026283,9600.5
7051,0.50425565,9631.583
7052,0.50588304,9662.667
7053,0.50751036,9693.75
7054,0.5091377,9724.833
7055,0.5107651,9755.917
7056,0.5123924,9787.0
7057,0.5163059,9861.75
7058,0.5202194,9936.5
7059,0.5241329,10011.25
7060,0.52804637,10086.0
7061,0.5319599,10160.75
7062,0.53587335,10235.5
7063,0.5397869,10310.25
7064,0.54370034,10385.0
7065,0.54761386,10459.75
7066,0.5515273,10534.5
7067,0.5554408,10609.25
7068,0.5593543,10684.0
7069,0.5637739,10768.417
7070,0.5681935,10852.833
7071,0.57261306,10937.25
7072,0.5770326,11021.667
7073,0.5814522,11106.083
7074,0.5858718,11190.5
7075,0.5902914,11274.917
7076,0.59471095,11359.333
7077,0.5991306,11443.75
7078,0.60355014,11528.167
7079,0.6079697,11612.583
7080,0.6123893,11697.0
7081,0.6183751,11811.333
7082,0.624361,11925.667
7083,0.63034683,12040.0
7084,0.6363327,12154.333
7085,0.64231855,12268.667
7086,0.6483044,12383.0
7087,0.65429026,12497.333
7088,0.6602761,12611.667
7089,0.666262,12726.0
7090,0.6722478,12840.333
7091,0.6782337,12954.667
7092,0.68421954,13069.0
7093,0.6888311,13157.083
7094,0.69344264,13245.167
7095,0.6980542,13333.25
7096,0.70266575,13421.333
7097,0.7072773,13509.417
7098,0.7118888,13597.5
7099,0.71650034,13685.583
7100,0.7211119,13773.667
7101,0.72572345,13861.75
7102,0.730335,13949.833
7103,0.73494655,14037.917
7104,0.7395581,14126.0
7105,0.74410856,14212.917
7106,0.7486591,14299.833
7107,0.75320953,14386.75
7108,0.75776,14473.667
7109,0.76231045,14560.583
7110,0.7668609,14647.5
7111,0.7714114,14734.417
7112,0.7759619,14821.333
7113,0.78051233,14908.25
7114,0.7850628,14995.167
7115,0.78961325,15082.083
7116,0.79416376,15169.0
7117,0.7977718,15237.917
7118,0.8013799,15306.833
7119,0.804988,15375.75
7120,0.8085961,15444.667
7121,0.8122042,15513.583
7122,0.8158123,15582.5
7123,0.8194204,15651.417
7124,0.82302845,15720.333
7125,0.82663655,15789.25
7126,0.83024466,15858.167
7127,0.8338527,15927.083
7128,0.8374608,15996.0
7129,0.84016144,16047.583
7130,0.84286207,16099.167
7131,0.84556264,16150.75
7132,0.84826326,16202.333
7133,0.8509639,16253.917
7134,0.8536645,16305.5
7135,0.85636514,16357.083
7136,0.8590657,16408.666
7137,0.86176634,16460.25
7138,0.86446697,16511.834
7139,0.8671676,16563.416
7140,0.8698682,16615.0
7141,0.87191874,16654.166
7142,0.87396926,16693.334
7143,0.87601984,16732.5
7144,0.87807035,16771.666
7145,0.88012093,16810.834
7146,0.88217145,16850.0
7147,0.88422203,16889.166
7148,0.88627255,16928.334
7149,0.8883231,16967.5
7150,0.89037365,17006.666
7151,0.8924242,17045.834
7152,0.89447474,17085.0
7153,0.89597994,17113.75
7154,0.89748514,17142.5
7155,0.89899033,17171.25
7156,0.9004955,17200.0
7157,0.9020007,17228.75
7158,0.90350586,17257.5
7159,0.90501106,17286.25
7160,0.90651625,17315.0
7161,0.90802145,17343.75
7162,0.90952665,17372.5
7163,0.91103184,17401.25
7164,0.91253704,17430.0
7165,0.91341394,17446.75
7166,0.9142909,17463.5
7167,0.9151678,17480.25
7168,0.9160448,17497.0
7169,0.9169217,17513.75
7170,0.91779864,17530.5
7171,0.91867554,17547.25
7172,0.9195525,17564.0
7173,0.92042947,17580.75
7174,0.9213064,17597.5
7175,0.92218333,17614.25
7176,0.92306024,17631.0
7177,0.9224713,17619.75
7178,0.9218823,17608.5
7179,0.9212933,17597.25
7180,0.9207043,17586.0
7181,0.9201153,17574.75
7182,0.91952634,17563.5
7183,0.9189373,17552.25
7184,0.9183484,17541.0
7185,0.91775936,17529.75
7186,0.9171704,17518.5
7187,0.9165814,17507.25
7188,0.9159924,17496.0
7189,0.9134401,17447.25
7190,0.91088784,17398.5
7191,0.90833557,17349.75
7192,0.9057833,17301.0
7193,0.903231,17252.25
7194,0.90067875,17203.5
7195,0.8981265,17154.75
7196,0.8955742,17106.0
7197,0.89302194,17057.25
7198,0.8904697,17008.5
7199,0.88791734,16959.75
7200,0.88536507,16911.0
7201,0.88183117,16843.5
7202,0.87829727,16776.0
7203,0.8747633,16708.5
7204,0.8712294,16641.0
7205,0.8676955,16573.5
7206,0.86416155,16506.0
7207,0.86062765,16438.5
7208,0.8570937,16371.0
7209,0.8535598,16303.5
7210,0.8500259,16236.0
7211,0.84649193,16168.5
7212,0.84295803,16101.0
7213,0.83971643,16039.083
7214,0.83647484,15977.167
7215,0.8332332,15915.25
7216,0.8299916,15853.333
7217,0.82675,15791.417
7218,0.8235084,15729.5
7219,0.8202668,15667.583
7220,0.8170252,15605.667
7221,0.8137835,15543.75
7222,0.8105419,15481.833
7223,0.8073003,15419.917
7224,0.80405873,15358.0
7225,0.7990022,15261.417
7226,0.7939456,15164.833
7227,0.78888905,15068.25
7228,0.7838325,14971.667
7229,0.77877593,14875.083
7230,0.7737194,14778.5
7231,0.7686628,14681.917
7232,0.76360625,14585.333
7233,0.7585497,14488.75
7234,0.75349313,14392.167
7235,0.74843657,14295.583
7236,0.74338,14199.0
7237,0.7380006,14096.25
7238,0.73262113,13993.5
7239,0.72724175,13890.75
7240,0.7218623,13788.0
7241,0.71648294,13685.25
7242,0.7111035,13582.5
7243,0.70572406,13479.75
7244,0.7003447,13377.0
7245,0.69496524,13274.25
7246,0.68958586,13171.5
7247,0.6842064,13068.75
7248,0.67882705,12966.0
7249,0.6738926,12871.75
7250,0.66895825,12777.5
7251,0.6640238,12683.25
7252,0.6590894,12589.0
7253,0.654155,12494.75
7254,0.6492206,12400.5
7255,0.6442862,12306.25
7256,0.6393518,12212.0
7257,0.6344174,12117.75
7258,0.629483,12023.5
7259,0.6245486,11929.25
7260,0.6196142,11835.0
7261,0.6159145,11764.333
7262,0.6122148,11693.667
7263,0.6085151,11623.0
7264,0.60481536,11552.333
7265,0.60111564,11481.667
7266,0.5974159,11411.0
7267,0.59371626,11340.333
7268,0.59001654,11269.667
7269,0.5863168,11199.0
7270,0.5826171,11128.333
7271,0.5789174,11057.667
7272,0.57521766,10987.0
7273,0.57233816,10932.0
7274,0.5694587,10877.0
7275,0.5665792,10822.0
7276,0.5636997,10767.0
7277,0.5608202,10712.0
7278,0.5579407,10657.0
7279,0.5550612,10602.0
7280,0.5521818,10547.0
7281,0.5493023,10492.0
7282,0.5464228,10437.0
7283,0.5435433,10382.0
7284,0.5406638,10327.0
7285,0.5385129,10285.917
7286,0.536362,10244.833
7287,0.5342111,10203.75
7288,0.5320602,10162.667
7289,0.5299093,10121.583
7290,0.5277584,10080.5
7291,0.5256075,10039.417
7292,0.52345663,9998.333
7293,0.52130574,9957.25
7294,0.51915485,9916.167
7295,0.51700395,9875.083
7296,0.51485306,9834.0
7297,0.51338714,9806.0
7298,0.5119212,9778.0
7299,0.5104553,9750.0
7300,0.5089894,9722.0
7301,0.5075235,9694.0
7302,0.50605756,9666.0
7303,0.5045916,9638.0
7304,0.50312567,9610.0
7305,0.50165975,9582.0
7306,0.50019383,9554.0
7307,0.49872792,9526.0
7308,0.497262,9498.0
7309,0.49649414,9483.333
7310,0.49572626,9468.667
7311,0.4949584,9454.0
7312,0.49419054,9439.333
7313,0.4934227,9424.667
7314,0.4926548,9410.0
7315,0.49188694,9395.333
7316,0.4911191,9380.667
7317,0.49035123,9366.0
7318,0.48958334,9351.333
7319,0.4888155,9336.667
7320,0.48804763,9322.0
7321,0.48756772,9312.833
7322,0.4870878,9303.667
7323,0.48660788,9294.5
7324,0.48612797,9285.333
7325,0.48564804,9276.167
7326,0.48516813,9267.0
7327,0.48468822,9257.833
7328,0.48420832,9248.667
7329,0.48372838,9239.5
7330,0.48324847,9230.333
7331,0.48276857,9221.167
7332,0.48228863,9212.0
7333,0.48453116,9254.833
7334,0.48677367,9297.667
7335,0.48901618,9340.5
7336,0.49125868,9383.333
7337,0.49350122,9426.167
7338,0.49574372,9469.0
7339,0.49798623,9511.833
7340,0.50022876,9554.667
7341,0.50247127,9597.5
7342,0.5047138,9640.333
7343,0.5069563,9683.167
7344,0.5091988,9726.0
7345,0.5140023,9817.75
7346,0.5188058,9909.5
7347,0.52360934,10001.25
7348,0.5284129,10093.0
7349,0.53321636,10184.75
7350,0.5380199,10276.5
7351,0.54282343,10368.25
7352,0.5476269,10460.0
7353,0.55243045,10551.75
7354,0.5572339,10643.5
7355,0.56203747,10735.25
7356,0.566841,10827.0
7357,0.572312,10931.5
7358,0.57778305,11036.0
7359,0.5832541,11140.5
7360,0.5887251,11245.0
7361,0.59419614,11349.5
7362,0.5996672,11454.0
7363,0.60513824,11558.5
7364,0.61060923,11663.0
7365,0.6160803,11767.5
7366,0.62155133,11872.0
7367,0.6270223,11976.5
7368,0.6324934,12081.0
7369,0.6375325,12177.25
7370,0.6425716,12273.5
7371,0.6476107,12369.75
7372,0.6526498,12466.0
7373,0.6576889,12562.25
7374,0.6627281,12658.5
7375,0.66776717,12754.75
7376,0.67280626,12851.0
7377,0.67784536,12947.25
7378,0.6828845,13043.5
7379,0.6879236,13139.75
7380,0.6929627,13236.0
7381,0.6973474,13319.75
7382,0.70173204,13403.5
7383,0.70611674,13487.25
7384,0.71050143,13571.0
7385,0.7148861,13654.75
7386,0.71927077,13738.5
7387,0.72365546,13822.25
7388,0.72804016,13906.0
7389,0.73242486,13989.75
7390,0.7368095,14073.5
7391,0.7411942,14157.25
7392,0.7455789,14241.0
7393,0.74923056,14310.75
7394,0.7528823,14380.5
7395,0.75653404,14450.25
7396,0.7601857,14520.0
7397,0.76383746,14589.75
7398,0.7674892,14659.5
7399,0.7711409,14729.25
7400,0.7747926,14799.0
7401,0.77844435,14868.75
7402,0.782096,14938.5
7403,0.78574777,15008.25
7404,0.7893995,15078.0
7405,0.7924622,15136.5
7406,0.79552495,15195.0
7407,0.7985877,15253.5
7408,0.8016504,15312.0
7409,0.80471313,15370.5
7410,0.80777586,15429.0
7411,0.81083864,15487.5
7412,0.81390136,15546.0
7413,0.8169641,15604.5
7414,0.8200268,15663.0
7415,0.82308954,15721.5
7416,0.82615227,15780.0
7417,0.82822025,15819.5
7418,0.8302883,15859.0
7419,0.8323563,15898.5
7420,0.83442426,15938.0
7421,0.83649224,15977.5
7422,0.8385603,16017.0
7423,0.84062827,16056.5
7424,0.84269625,16096.0
7425,0.84476423,16135.5
7426,0.8468323,16175.0
7427,0.84890026,16214.5
7428,0.85096824,16254.0
7429,0.85269594,16287.0
7430,0.85442364,16320.0
7431,0.85615134,16353.0
7432,0.85787904,16386.0
7433,0.85960674,16419.0
7434,0.86133444,16452.0
7435,0.86306214,16485.0
7436,0.86478984,16518.0
7437,0.8665175,16551.0
7438,0.8682452,16584.0
7439,0.8699729,16617.0
7440,0.8717006,16650.0
7441,0.8731796,16678.25
7442,0.87465864,16706.5
7443,0.8761376,16734.75
7444,0.87761664,16763.0
7445,0.8790957,16791.25
7446,0.88057464,16819.5
7447,0.8820537,16847.75
7448,0.8835327,16876.0
7449,0.8850117,16904.25
7450,0.8864907,16932.5
7451,0.88796973,16960.75
7452,0.8894487,16989.0
7453,0.8905613,17010.25
7454,0.8916738,17031.5
7455,0.8927863,17052.75
7456,0.89389884,17074.0
7457,0.89501137,17095.25
7458,0.89612395,17116.5
7459,0.89723647,17137.75
7460,0.898349,17159.0
7461,0.8994615,17180.25
7462,0.900574,17201.5
7463,0.90168655,17222.75
7464,0.9027991,17244.0
7465,0.90231043,17234.666
7466,0.9018218,17225.334
7467,0.90133315,17216.0
7468,0.9008445,17206.666
7469,0.9003559,17197.334
7470,0.89986724,17188.0
7471,0.8993786,17178.666
7472,0.89888996,17169.334
7473,0.8984013,17160.0
7474,0.8979127,17150.666
7475,0.89742404,17141.334
7476,0.8969354,17132.0
7477,0.8939992,17075.916
7478,0.891063,17019.834
7479,0.8881268,16963.75
7480,0.88519055,16907.666
7481,0.88225436,16851.584
7482,0.8793182,16795.5
7483,0.87638193,16739.416
7484,0.87344575,16683.334
7485,0.8705095,16627.25
7486,0.8675733,16571.166
7487,0.86463714,16515.084
7488,0.8617009,16459.0
7489,0.85762596,16381.167
7490,0.8535511,16303.333
7491,0.84947616,16225.5
7492,0.8454012,16147.667
7493,0.8413263,16069.833
7494,0.8372514,15992.0
7495,0.8331765,15914.167
7496,0.82910156,15836.333
7497,0.82502663,15758.5
7498,0.82095176,15680.667
7499,0.8168768,15602.833
7500,0.8128019,15525.0
7501,0.8094556,15461.083
7502,0.80610925,15397.167
7503,0.8027629,15333.25
7504,0.79941666,15269.333
7505,0.79607034,15205.417
7506,0.792724,15141.5
7507,0.7893777,15077.583
7508,0.78603137,15013.667
7509,0.78268504,14949.75
7510,0.7793387,14885.833
7511,0.7759924,14821.917
7512,0.77264607,14758.0
7513,0.76716197,14653.25
7514,0.76167786,14548.5
7515,0.7561937,14443.75
7516,0.7507096,14339.0
7517,0.7452255,14234.25
7518,0.7397413,14129.5
7519,0.7342572,14024.75
7520,0.7287731,13920.0
7521,0.723289,13815.25
7522,0.71780485,13710.5
7523,0.71232074,13605.75
7524,0.70683664,13501.0
7525,0.70111257,13391.667
7526,0.69538844,13282.333
7527,0.68966436,13173.0
7528,0.6839403,13063.667
7529,0.6782162,12954.333
7530,0.67249215,12845.0
7531,0.6667681,12735.667
7532,0.661044,12626.333
7533,0.6553199,12517.0
7534,0.6495958,12407.667
7535,0.6438717,12298.333
7536,0.63814765,12189.0
7537,0.63330925,12096.583
7538,0.62847084,12004.167
7539,0.62363243,11911.75
7540,0.61879396,11819.333
7541,0.61395556,11726.917
7542,0.60911715,11634.5
7543,0.60427874,11542.083
7544,0.59944034,11449.667
7545,0.59460187,11357.25
7546,0.58976346,11264.833
7547,0.58492506,11172.417
7548,0.58008665,11080.0
7549,0.57656145,11012.667
7550,0.57303625,10945.333
7551,0.56951106,10878.0
7552,0.56598586,10810.667
7553,0.56246066,10743.333
7554,0.55893546,10676.0
7555,0.55541027,10608.667
7556,0.55188507,10541.333
7557,0.5483599,10474.0
7558,0.5448347,10406.667
7559,0.5413095,10339.333
7560,0.5377843,10272.0
7561,0.5354109,10226.667
7562,0.5330375,10181.333
7563,0.5306641,10136.0
7564,0.5282907,10090.667
7565,0.5259173,10045.333
7566,0.5235439,10000.0
7567,0.5211705,9954.667
7568,0.5187971,9909.333
7569,0.5164237,9864.0
7570,0.5140503,9818.667
7571,0.5116769,9773.333
7572,0.5093035,9728.0
7573,0.5076456,9696.333
7574,0.5059877,9664.667
7575,0.50432986,9633.0
7576,0.50267196,9601.333
7577,0.50101405,9569.667
7578,0.49935618,9538.0
7579,0.49769828,9506.333
7580,0.4960404,9474.667
7581,0.4943825,9443.0
7582,0.49272463,9411.333
7583,0.49106672,9379.667
7584,0.48940885,9348.0
7585,0.48858425,9332.25
7586,0.48775968,9316.5
7587,0.48693508,9300.75
7588,0.4861105,9285.0
7589,0.48528594,9269.25
7590,0.48446134,9253.5
7591,0.48363677,9237.75
7592,0.4828122,9222.0
7593,0.4819876,9206.25
7594,0.48116302,9190.5
7595,0.48033845,9174.75
7596,0.47951385,9159.0
7597,0.47955748,9159.833
7598,0.47960111,9160.667
7599,0.47964475,9161.5
7600,0.47968838,9162.333
7601,0.479732,9163.167
7602,0.47977564,9164.0
7603,0.47981927,9164.833
7604,0.4798629,9165.667
7605,0.47990653,9166.5
7606,0.47995013,9167.333
7607,0.47999376,9168.167
7608,0.4800374,9169.0
7609,0.47986725,9165.75
7610,0.4796971,9162.5
7611,0.47952694,9159.25
7612,0.4793568,9156.0
7613,0.47918665,9152.75
7614,0.47901648,9149.5
7615,0.47884634,9146.25
7616,0.4786762,9143.0
7617,0.47850603,9139.75
7618,0.4783359,9136.5
7619,0.47816575,9133.25
7620,0.47799557,9130.0
7621,0.47978437,9164.167
7622,0.48157313,9198.333
7623,0.4833619,9232.5
7624,0.4851507,9266.667
7625,0.48693946,9300.833
7626,0.48872823,9335.0
7627,0.49051702,9369.167
7628,0.4923058,9403.333
7629,0.49409455,9437.5
7630,0.49588332,9471.667
7631,0.4976721,9505.833
7632,0.49946088,9540.0
7633,0.50336564,9614.583
7634,0.5072704,9689.167
7635,0.51117516,9763.75
7636,0.5150799,9838.333
7637,0.51898474,9912.917
7638,0.5228895,9987.5
7639,0.52679425,10062.083
7640,0.530699,10136.667
7641,0.5346038,10211.25
7642,0.53850853,10285.833
7643,0.5424133,10360.417
7644,0.54631805,10435.0
7645,0.551776,10539.25
7646,0.5572339,10643.5
7647,0.56269187,10747.75
7648,0.56814986,10852.0
7649,0.5736078,10956.25
7650,0.57906574,11060.5
7651,0.5845237,11164.75
7652,0.5899816,11269.0
7653,0.59543955,11373.25
7654,0.6008975,11477.5
7655,0.6063554,11581.75
7656,0.6118134,11686.0
7657,0.6175069,11794.75
7658,0.6232005,11903.5
7659,0.62889403,12012.25
7660,0.6345876,12121.0
7661,0.6402811,12229.75
7662,0.64597464,12338.5
7663,0.6516682,12447.25
7664,0.65736175,12556.0
7665,0.66305524,12664.75
7666,0.6687488,12773.5
7667,0.67444235,12882.25
7668,0.6801359,12991.0
7669,0.6852884,13089.417
7670,0.69044095,13187.833
7671,0.69559354,13286.25
7672,0.70074606,13384.667
7673,0.7058986,13483.083
7674,0.71105117,13581.5
7675,0.7162037,13679.917
7676,0.7213562,13778.333
7677,0.7265088,13876.75
7678,0.7316613,13975.167
7679,0.73681384,14073.583
7680,0.7419664,14172.0
7681,0.7461635,14252.167
7682,0.75036055,14332.333
7683,0.75455767,14412.5
7684,0.75875473,14492.667
7685,0.7629518,14572.833
7686,0.76714885,14653.0
7687,0.771346,14733.167
7688,0.77554303,14813.333
7689,0.7797401,14893.5
7690,0.78393716,14973.667
7691,0.7881343,15053.833
7692,0.79233134,15134.0
7693,0.7955555,15195.583
7694,0.79877967,15257.167
7695,0.8020038,15318.75
7696,0.805228,15380.333
7697,0.8084521,15441.917
7698,0.81167626,15503.5
7699,0.81490046,15565.083
7700,0.8181246,15626.667
7701,0.8213488,15688.25
7702,0.8245729,15749.833
7703,0.82779706,15811.417
7704,0.83102125,15873.0
7705,0.83334666,15917.417
7706,0.835672,15961.833
7707,0.83799744,16006.25
7708,0.84032285,16050.667
7709,0.84264827,16095.083
7710,0.8449737,16139.5
7711,0.8472991,16183.917
7712,0.8496245,16228.333
7713,0.8519499,16272.75
7714,0.8542753,16317.167
7715,0.8566007,16361.583
7716,0.8589261,16406.0
7717,0.86090684,16443.834
7718,0.8628876,16481.666
7719,0.86486834,16519.5
7720,0.86684906,16557.334
7721,0.86882985,16595.166
7722,0.87081057,16633.0
7723,0.8727913,16670.834
7724,0.8747721,16708.666
7725,0.8767528,16746.5
7726,0.8787335,16784.334
7727,0.8807143,16822.166
7728,0.882695,16860.0
7729,0.8840344,16885.584
7730,0.88537383,16911.166
7731,0.8867132,16936.75
7732,0.88805264,16962.334
7733,0.889392,16987.916
7734,0.8907314,17013.5
7735,0.89207083,17039.084
7736,0.8934102,17064.666
7737,0.89474964,17090.25
7738,0.896089,17115.834
7739,0.8974284,17141.416
7740,0.8987678,17167.0
7741,0.89939606,17179.0
7742,0.9000243,17191.0
7743,0.9006526,17203.0
7744,0.9012808,17215.0
7745,0.90190905,17227.0
7746,0.90253735,17239.0
7747,0.9031656,17251.0
7748,0.9037938,17263.0
7749,0.9044221,17275.0
7750,0.90505034,17287.0
7751,0.9056786,17299.0
7752,0.90630686,17311.0
7753,0.9051158,17288.25
7754,0.9039247,17265.5
7755,0.9027337,17242.75
7756,0.9015426,17220.0
7757,0.9003515,17197.25
7758,0.89916044,17174.5
7759,0.8979694,17151.75
7760,0.89677835,17129.0
7761,0.89558727,17106.25
7762,0.89439625,17083.5
7763,0.89320517,17060.75
7764,0.8920141,17038.0
7765,0.8893266,16986.666
7766,0.88663906,16935.334
7767,0.88395154,16884.0
7768,0.881264,16832.666
7769,0.87857646,16781.334
7770,0.87588894,16730.0
7771,0.87320143,16678.666
7772,0.8705139,16627.334
7773,0.86782634,16576.0
7774,0.8651388,16524.666
7775,0.8624513,16473.334
7776,0.8597638,16422.0
7777,0.85718536,16372.75
7778,0.85460687,16323.5
7779,0.8520284,16274.25
7780,0.84945,16225.0
7781,0.8468715,16175.75
7782,0.84429306,16126.5
7783,0.8417146,16077.25
7784,0.8391362,16028.0
7785,0.8365577,15978.75
7786,0.83397925,15929.5
7787,0.8314008,15880.25
7788,0.8288224,15831.0
7789,0.82554585,15768.417
7790,0.8222693,15705.833
7791,0.8189928,15643.25
7792,0.8157163,15580.667
7793,0.8124398,15518.083
7794,0.8091633,15455.5
7795,0.80588675,15392.917
7796,0.8026103,15330.333
7797,0.79933375,15267.75
7798,0.7960572,15205.167
7799,0.7927807,15142.583
7800,0.78950423,15080.0
7801,0.7833613,14962.667
7802,0.77721834,14845.333
7803,0.7710754,14728.0
7804,0.7649325,14610.667
7805,0.7587896,14493.333
7806,0.7526467,14376.0
7807,0.7465038,14258.667
7808,0.74036086,14141.333
7809,0.73421794,14024.0
7810,0.728075,13906.667
7811,0.7219321,13789.333
7812,0.7157892,13672.0
7813,0.70964193,13554.583
7814,0.70349467,13437.167
7815,0.6973474,13319.75
7816,0.69120014,13202.333
7817,0.6850528,13084.917
7818,0.67890555,12967.5
7819,0.6727583,12850.083
7820,0.666611,12732.667
7821,0.6604637,12615.25
7822,0.6543164,12497.833
7823,0.64816916,12380.417
7824,0.6420219,12263.0
7825,0.63729256,12172.667
7826,0.6325632,12082.333
7827,0.62783384,11992.0
7828,0.6231045,11901.667
7829,0.6183751,11811.333
7830,0.6136458,11721.0
7831,0.60891646,11630.667
7832,0.60418713,11540.333
7833,0.59945774,11450.0
7834,0.5947284,11359.667
7835,0.5899991,11269.333
7836,0.58526975,11179.0
7837,0.5819191,11115.0
7838,0.57856834,11051.0
7839,0.57521766,10987.0
7840,0.571867,10923.0
7841,0.5685163,10859.0
7842,0.56516564,10795.0
7843,0.56181496,10731.0
7844,0.5584643,10667.0
7845,0.5551136,10603.0
7846,0.55176294,10539.0
7847,0.54841226,10475.0
7848,0.5450615,10411.0
7849,0.54294556,10370.583
7850,0.5408296,10330.167
7851,0.5387136,10289.75
7852,0.5365976,10249.333
7853,0.5344816,10208.917
7854,0.5323656,10168.5
7855,0.5302496,10128.083
7856,0.52813363,10087.667
7857,0.52601767,10047.25
7858,0.52390164,10006.833
7859,0.5217857,9966.417
7860,0.51966965,9926.0
7861,0.5182343,9898.583
7862,0.5167989,9871.167
7863,0.5153635,9843.75
7864,0.5139281,9816.333
7865,0.5124928,9788.917
7866,0.5110574,9761.5
7867,0.509622,9734.083
7868,0.50818664,9706.667
7869,0.50675124,9679.25
7870,0.50531584,9651.833
7871,0.50388044,9624.417
7872,0.5024451,9597.0
7873,0.5023491,9595.167
7874,0.5022531,9593.333
7875,0.50215715,9591.5
7876,0.5020611,9589.667
7877,0.50196517,9587.833
7878,0.5018692,9586.0
7879,0.5017732,9584.167
7880,0.5016772,9582.333
7881,0.50158125,9580.5
7882,0.5014852,9578.667
7883,0.50138927,9576.833
7884,0.5012933,9575.0
7885,0.50331765,9613.667
7886,0.505342,9652.333
7887,0.5073664,9691.0
7888,0.5093908,9729.667
7889,0.5114151,9768.333
7890,0.5134395,9807.0
7891,0.5154639,9845.667
7892,0.51748824,9884.333
7893,0.5195126,9923.0
7894,0.521537,9961.667
7895,0.52356136,10000.333
7896,0.5255857,10039.0
7897,0.52910656,10106.25
7898,0.5326274,10173.5
7899,0.5361482,10240.75
7900,0.53966904,10308.0
7901,0.5431899,10375.25
7902,0.5467107,10442.5
7903,0.5502316,10509.75
7904,0.55375236,10577.0
7905,0.5572732,10644.25
7906,0.56079406,10711.5
7907,0.5643149,10778.75
7908,0.5678357,10846.0
7909,0.57150054,10916.0
7910,0.57516533,10986.0
7911,0.5788301,11056.0
7912,0.5824949,11126.0
7913,0.58615977,11196.0
7914,0.58982456,11266.0
7915,0.59348935,11336.0
7916,0.5971542,11406.0
7917,0.600819,11476.0
7918,0.6044838,11546.0
7919,0.6081486,11616.0
7920,0.6118134,11686.0
7921,0.61521643,11751.0
7922,0.6186195,11816.0
7923,0.6220225,11881.0
7924,0.6254255,11946.0
7925,0.6288286,12011.0
7926,0.6322316,12076.0
7927,0.63563466,12141.0
7928,0.63903767,12206.0
7929,0.64244074,12271.0
7930,0.64584374,12336.0
7931,0.6492468,12401.0
7932,0.6526498,12466.0
7933,0.6571305,12551.583
7934,0.66161114,12637.167
7935,0.6660918,12722.75
7936,0.67057246,12808.333
7937,0.6750531,12893.917
7938,0.6795338,12979.5
7939,0.68401444,13065.083
7940,0.68849516,13150.667
7941,0.6929758,13236.25
7942,0.6974565,13321.833
7943,0.70193714,13407.417
7944,0.7064178,13493.0
7945,0.7119106,13597.917
7946,0.7174035,13702.833
7947,0.72289634,13807.75
7948,0.7283892,13912.667
7949,0.733882,14017.583
7950,0.7393749,14122.5
7951,0.74486774,14227.417
7952,0.75036055,14332.333
7953,0.7558534,14437.25
7954,0.7613463,14542.167
7955,0.7668391,14647.083
7956,0.77233195,14752.0
7957,0.7774496,14849.75
7958,0.78256726,14947.5
7959,0.78768486,15045.25
7960,0.7928025,15143.0
7961,0.79792017,15240.75
7962,0.8030378,15338.5
7963,0.8081555,15436.25
7964,0.8132731,15534.0
7965,0.8183907,15631.75
7966,0.8235084,15729.5
7967,0.82862604,15827.25
7968,0.83374363,15925.0
7969,0.8380978,16008.167
7970,0.84245193,16091.333
7971,0.8468061,16174.5
7972,0.8511602,16257.667
7973,0.85551435,16340.833
7974,0.8598685,16424.0
7975,0.86422265,16507.166
7976,0.86857677,16590.334
7977,0.87293094,16673.5
7978,0.87728506,16756.666
7979,0.8816392,16839.834
7980,0.88599336,16923.0
7981,0.8896058,16992.0
7982,0.8932182,17061.0
7983,0.8968307,17130.0
7984,0.90044314,17199.0
7985,0.9040556,17268.0
7986,0.90766805,17337.0
7987,0.9112805,17406.0
7988,0.914893,17475.0
7989,0.91850543,17544.0
7990,0.9221179,17613.0
7991,0.92573035,17682.0
7992,0.9293428,17751.0
7993,0.9322092,17805.75
7994,0.9350756,17860.5
7995,0.93794197,17915.25
7996,0.9408084,17970.0
7997,0.9436748,18024.75
7998,0.9465412,18079.5
7999,0.9494076,18134.25
8000,0.952274,18189.0
8001,0.9551404,18243.75
8002,0.9580068,18298.5
8003,0.9608732,18353.25
8004,0.96373963,18408.0
8005,0.9656942,18445.334
8006,0.96764874,18482.666
8007,0.9696033,18520.0
8008,0.97155786,18557.334
8009,0.9735124,18594.666
8010,0.97546697,18632.0
8011,0.9774216,18669.334
8012,0.97937614,18706.666
8013,0.9813307,18744.0
8014,0.98328525,18781.334
8015,0.9852398,18818.666
8016,0.98719436,18856.0
8017,0.98817605,18874.75
8018,0.9891577,18893.5
8019,0.9901393,18912.25
8020,0.99112093,18931.0
8021,0.9921026,18949.75
8022,0.99308425,18968.5
8023,0.9940659,18987.25
8024,0.9950475,19006.0
8025,0.9960292,19024.75
8026,0.9970108,19043.5
8027,0.99799246,19062.25
8028,0.99897414,19081.0
8029,0.9991617,19084.584
8030,0.9993493,19088.166
8031,0.99953693,19091.75
8032,0.9997245,19095.334
8033,0.99991214,19098.916
8034,1.0,19102.5
8035,1.0,19106.084
8036,1.0,19109.666
8037,1.0,19113.25
8038,1.0,19116.834
8039,1.0,19120.416
8040,1.0,19124.0
8041,1.0,19115.834
8042,1.0,19107.666
8043,0.99994266,19099.5
8044,0.9995151,19091.334
8045,0.9990876,19083.166
8046,0.99865997,19075.0
8047,0.9982324,19066.834
8048,0.9978049,19058.666
8049,0.99737734,19050.5
8050,0.99694973,19042.334
8051,0.9965222,19034.166
8052,0.99609464,19026.0
8053,0.9932544,18971.75
8054,0.9904142,18917.5
8055,0.9875739,18863.25
8056,0.9847337,18809.0
8057,0.9818935,18754.75
8058,0.97905326,18700.5
8059,0.97621304,18646.25
8060,0.9733728,18592.0
8061,0.9705326,18537.75
8062,0.9676924,18483.5
8063,0.96485215,18429.25
8064,0.96201193,18375.0
8065,0.95791084,18296.666
8066,0.95380974,18218.334
8067,0.94970864,18140.0
8068,0.94560754,18061.666
8069,0.94150645,17983.334
8070,0.93740535,17905.0
8071,0.93330425,17826.666
8072,0.92920315,17748.334
8073,0.92510206,17670.0
8074,0.92100096,17591.666
8075,0.91689986,17513.334
8076,0.91279876,17435.0
8077,0.9087806,17358.25
8078,0.9047624,17281.5
8079,0.9007442,17204.75
8080,0.896726,17128.0
8081,0.89270777,17051.25
8082,0.8886896,16974.5
8083,0.8846714,16897.75
8084,0.8806532,16821.0
8085,0.876635,16744.25
8086,0.87261677,16667.5
8087,0.8685986,16590.75
8088,0.8645804,16514.0
8089,0.85738605,16376.583
8090,0.85019165,16239.167
8091,0.8429973,16101.75
8092,0.8358029,15964.333
8093,0.8286086,15826.917
8094,0.8214142,15689.5
8095,0.81421983,15552.083
8096,0.8070255,15414.667
8097,0.7998311,15277.25
8098,0.79263675,15139.833
8099,0.78544235,15002.417
8100,0.778248,14865.0
8101,0.77153355,14736.75
8102,0.7648191,14608.5
8103,0.7581047,14480.25
8104,0.7513902,14352.0
8105,0.74467576,14223.75
8106,0.7379613,14095.5
8107,0.7312468,13967.25
8108,0.7245324,13839.0
8109,0.71781796,13710.75
8110,0.7111035,13582.5
8111,0.70438904,13454.25
8112,0.6976746,13326.0
8113,0.69186765,13215.083
8114,0.68606067,13104.167
8115,0.6802537,12993.25
8116,0.6744467,12882.333
8117,0.6686397,12771.417
8118,0.66283274,12660.5
8119,0.65702575,12549.583
8120,0.65121883,12438.667
8121,0.64541185,12327.75
8122,0.63960487,12216.833
8123,0.6337979,12105.917
8124,0.6279909,11995.0
8125,0.624313,11924.75
8126,0.6206351,11854.5
8127,0.61695725,11784.25
8128,0.61327934,11714.0
8129,0.60960144,11643.75
8130,0.60592353,11573.5
8131,0.6022456,11503.25
8132,0.5985677,11433.0
8133,0.5948898,11362.75
8134,0.591212,11292.5
8135,0.58753407,11222.25
8136,0.58385617,11152.0
8137,0.581221,11101.667
8138,0.5785858,11051.333
8139,0.5759506,11001.0
8140,0.5733155,10950.667
8141,0.5706803,10900.333
8142,0.56804514,10850.0
8143,0.56540996,10799.667
8144,0.5627748,10749.333
8145,0.5601396,10699.0
8146,0.5575045,10648.667
8147,0.5548693,10598.333
8148,0.5522341,10548.0
8149,0.55062854,10517.333
8150,0.54902303,10486.667
8151,0.5474175,10456.0
8152,0.54581195,10425.333
8153,0.54420644,10394.667
8154,0.54260087,10364.0
8155,0.54099536,10333.333
8156,0.53938985,10302.667
8157,0.5377843,10272.0
8158,0.53617877,10241.333
8159,0.5345732,10210.667
8160,0.5329677,10180.0
8161,0.53267974,10174.5
8162,0.5323918,10169.0
8163,0.53210384,10163.5
8164,0.5318159,10158.0
8165,0.53152794,10152.5
8166,0.53124,10147.0
8167,0.53095204,10141.5
8168,0.5306641,10136.0
8169,0.53037614,10130.5
8170,0.5300882,10125.0
8171,0.52980024,10119.5
8172,0.5295123,10114.0
8173,0.5312138,10146.5
8174,0.53291535,10179.0
8175,0.5346168,10211.5
8176,0.53631836,10244.0
8177,0.5380199,10276.5
8178,0.5397214,10309.0
8179,0.5414229,10341.5
8180,0.54312444,10374.0
8181,0.544826,10406.5
8182,0.5465275,10439.0
8183,0.548229,10471.5
8184,0.5499305,10504.0
8185,0.553495,10572.083
8186,0.5570594,10640.167
8187,0.5606239,10708.25
8188,0.56418836,10776.333
8189,0.56775284,10844.417
8190,0.57131726,10912.5
8191,0.57488173,10980.583
8192,0.5784462,11048.667
8193,0.5820107,11116.75
8194,0.5855751,11184.833
8195,0.5891396,11252.917
8196,0.59270406,11321.0
8197,0.59613323,11386.5
8198,0.59956247,11452.0
8199,0.6029917,11517.5
8200,0.6064209,11583.0
8201,0.6098501,11648.5
8202,0.61327934,11714.0
8203,0.6167085,11779.5
8204,0.62013775,11845.0
8205,0.623567,11910.5
8206,0.62699616,11976.0
8207,0.6304254,12041.5
8208,0.6338546,12107.0
8209,0.63673407,12162.0
8210,0.63961357,12217.0
8211,0.64249307,12272.0
8212,0.64537257,12327.0
8213,0.64825207,12382.0
8214,0.6511316,12437.0
8215,0.654011,12492.0
8216,0.6568905,12547.0
8217,0.65977,12602.0
8218,0.6626495,12657.0
8219,0.665529,12712.0
8220,0.6684085,12767.0
8221,0.6726623,12848.25
8222,0.67691606,12929.5
8223,0.68116987,13010.75
8224,0.6854237,13092.0
8225,0.6896775,13173.25
8226,0.6939313,13254.5
8227,0.6981851,13335.75
8228,0.70243883,13417.0
8229,0.70669264,13498.25
8230,0.71094644,13579.5
8231,0.71520025,13660.75
8232,0.71945405,13742.0
8233,0.72479856,13844.083
8234,0.7301431,13946.167
8235,0.7354876,14048.25
8236,0.7408321,14150.333
8237,0.7461766,14252.417
8238,0.7515211,14354.5
8239,0.7568656,14456.583
8240,0.76221013,14558.667
8241,0.76755464,14660.75
8242,0.77289915,14762.833
8243,0.77824366,14864.917
8244,0.7835882,14967.0
8245,0.7888018,15066.583
8246,0.7940154,15166.167
8247,0.799229,15265.75
8248,0.80444264,15365.333
8249,0.80965626,15464.917
8250,0.8148699,15564.5
8251,0.8200835,15664.083
8252,0.8252972,15763.667
8253,0.8305108,15863.25
8254,0.8357244,15962.833
8255,0.84093803,16062.417
8256,0.84615165,16162.0
8257,0.8502702,16240.667
8258,0.8543887,16319.333
8259,0.8585073,16398.0
8260,0.86262584,16476.666
8261,0.8667444,16555.334
8262,0.8708629,16634.0
8263,0.87498146,16712.666
8264,0.8791,16791.334
8265,0.8832186,16870.0
8266,0.8873371,16948.666
8267,0.89145565,17027.334
8268,0.8955742,17106.0
8269,0.8995706,17182.334
8270,0.90356696,17258.666
8271,0.9075633,17335.0
8272,0.91155976,17411.334
8273,0.91555613,17487.666
8274,0.9195525,17564.0
8275,0.9235489,17640.334
8276,0.92754525,17716.666
8277,0.9315417,17793.0
8278,0.93553805,17869.334
8279,0.9395344,17945.666
8280,0.9435308,18022.0
8281,0.94619215,18072.834
8282,0.9488535,18123.666
8283,0.95151484,18174.5
8284,0.9541762,18225.334
8285,0.95683753,18276.166
8286,0.9594989,18327.0
8287,0.9621602,18377.834
8288,0.9648216,18428.666
8289,0.9674829,18479.5
8290,0.9701443,18530.334
8291,0.9728056,18581.166
8292,0.97546697,18632.0
8293,0.9774172,18669.25
8294,0.9793674,18706.5
8295,0.9813176,18743.75
8296,0.9832678,18781.0
8297,0.985218,18818.25
8298,0.9871682,18855.5
8299,0.9891184,18892.75
8300,0.9910686,18930.0
8301,0.9930188,18967.25
8302,0.994969,19004.5
8303,0.9969192,19041.75
8304,0.9988694,19079.0
8305,1.0,19102.834
8306,1.0,19126.666
8307,1.0,19150.5
8308,1.0,19174.334
8309,1.0,19198.166
8310,1.0,19222.0
8311,1.0,19245.834
8312,1.0,19269.666
8313,1.0,19293.5
8314,1.0,19317.334
8315,1.0,19341.166
8316,1.0,19365.0
8317,1.0,19367.916
8318,1.0,19370.834
8319,1.0,19373.75
8320,1.0,19376.666
8321,1.0,19379.584
8322,1.0,19382.5
8323,1.0,19385.416
8324,1.0,19388.334
8325,1.0,19391.25
8326,1.0,19394.166
8327,1.0,19397.084
8328,1.0,19400.0
8329,1.0,19379.25
8330,1.0,19358.5
8331,1.0,19337.75
8332,1.0,19317.0
8333,1.0,19296.25
8334,1.0,19275.5
8335,1.0,19254.75
8336,1.0,19234.0
8337,1.0,19213.25
8338,1.0,19192.5
8339,1.0,19171.75
8340,1.0,19151.0
8341,0.999057,19082.584
8342,0.9954751,19014.166
8343,0.9918932,18945.75
8344,0.9883113,18877.334
8345,0.98472935,18808.916
8346,0.98114747,18740.5
8347,0.9775655,18672.084
8348,0.97398365,18603.666
8349,0.9704017,18535.25
8350,0.9668198,18466.834
8351,0.9632379,18398.416
8352,0.95965594,18330.0
8353,0.95548505,18250.334
8354,0.95131415,18170.666
8355,0.94714326,18091.0
8356,0.94297236,18011.334
8357,0.93880147,17931.666
8358,0.9346306,17852.0
8359,0.9304597,17772.334
8360,0.9262888,17692.666
8361,0.9221179,17613.0
8362,0.917947,17533.334
8363,0.9137761,17453.666
8364,0.90960515,17374.0
8365,0.9051245,17288.416
8366,0.9006438,17202.834
8367,0.89616317,17117.25
8368,0.8916825,17031.666
8369,0.88720185,16946.084
8370,0.8827212,16860.5
8371,0.8782405,16774.916
8372,0.87375987,16689.334
8373,0.8692792,16603.75
8374,0.86479855,16518.166
8375,0.8603179,16432.584
8376,0.8558372,16347.0
8377,0.84853375,16207.5
8378,0.84123033,16068.0
8379,0.8339269,15928.5
8380,0.82662344,15789.0
8381,0.81932,15649.5
8382,0.8120166,15510.0
8383,0.80471313,15370.5
8384,0.7974097,15231.0
8385,0.7901063,15091.5
8386,0.7828028,14952.0
8387,0.7754994,14812.5
8388,0.768196,14673.0
8389,0.76132447,14541.75
8390,0.75445294,14410.5
8391,0.7475814,14279.25
8392,0.7407099,14148.0
8393,0.7338384,14016.75
8394,0.72696686,13885.5
8395,0.7200954,13754.25
8396,0.7132239,13623.0
8397,0.70635235,13491.75
8398,0.69948083,13360.5
8399,0.6926093,13229.25
8400,0.6857378,13098.0
8401,0.6805285,12998.5
8402,0.67531925,12899.0
8403,0.67011,12799.5
8404,0.6649008,12700.0
8405,0.6596915,12600.5
8406,0.65448225,12501.0
8407,0.649273,12401.5
8408,0.6440637,12302.0
8409,0.63885444,12202.5
8410,0.6336452,12103.0
8411,0.6284359,12003.5
8412,0.62322664,11904.0
8413,0.6194571,11832.0
8414,0.6156876,11760.0
8415,0.6119181,11688.0
8416,0.6081486,11616.0
8417,0.60437906,11544.0
8418,0.60060954,11472.0
8419,0.59684,11400.0
8420,0.5930705,11328.0
8421,0.589301,11256.0
8422,0.5855315,11184.0
8423,0.58176196,11112.0
8424,0.57799244,11040.0
8425,0.57541835,10990.833
8426,0.57284427,10941.667
8427,0.5702702,10892.5
8428,0.5676961,10843.333
8429,0.565122,10794.167
8430,0.5625479,10745.0
8431,0.55997384,10695.833
8432,0.55739975,10646.667
8433,0.55482566,10597.5
8434,0.5522516,10548.333
8435,0.5496775,10499.167
8436,0.5471034,10450.0
8437,0.54542804,10418.0
8438,0.5437527,10386.0
8439,0.54207736,10354.0
8440,0.540402,10322.0
8441,0.5387267,10290.0
8442,0.5370513,10258.0
8443,0.535376,10226.0
8444,0.53370064,10194.0
8445,0.53202534,10162.0
8446,0.53034997,10130.0
8447,0.5286746,10098.0
8448,0.5269993,10066.0
8449,0.52664155,10059.167
8450,0.5262838,10052.333
8451,0.52592605,10045.5
8452,0.52556825,10038.667
8453,0.5252105,10031.833
8454,0.52485275,10025.0
8455,0.524495,10018.167
8456,0.52413726,10011.333
8457,0.5237795,10004.5
8458,0.52342176,9997.667
8459,0.52306396,9990.833
8460,0.5227062,9984.0
8461,0.5247655,10023.333
8462,0.5268248,10062.667
8463,0.52888405,10102.0
8464,0.53094333,10141.333
8465,0.5330026,10180.667
8466,0.53506184,10220.0
8467,0.5371211,10259.333
8468,0.5391804,10298.667
8469,0.5412397,10338.0
8470,0.54329896,10377.333
8471,0.54535824,10416.667
8472,0.5474175,10456.0
8473,0.5508205,10521.0
8474,0.5542236,10586.0
8475,0.5576266,10651.0
8476,0.5610297,10716.0
8477,0.5644327,10781.0
8478,0.5678357,10846.0
8479,0.57123876,10911.0
8480,0.57464176,10976.0
8481,0.57804483,11041.0
8482,0.58144784,11106.0
8483,0.5848509,11171.0
8484,0.5882539,11236.0
8485,0.5912207,11292.667
8486,0.59418744,11349.333
8487,0.5971542,11406.0
8488,0.6001209,11462.667
8489,0.60308766,11519.333
8490,0.6060544,11576.0
8491,0.6090212,11632.667
8492,0.6119879,11689.333
8493,0.61495465,11746.0
8494,0.6179214,11802.667
8495,0.6208882,11859.333
8496,0.62385494,11916.0
8497,0.62667334,11969.833
8498,0.62949175,12023.667
8499,0.63231015,12077.5
8500,0.63512856,12131.333
8501,0.63794696,12185.167
8502,0.64076537,12239.0
8503,0.6435838,12292.833
8504,0.6464022,12346.667
8505,0.6492206,12400.5
8506,0.65203905,12454.333
8507,0.65485746,12508.167
8508,0.65767586,12562.0
8509,0.6619951,12644.5
8510,0.6663143,12727.0
8511,0.67063355,12809.5
8512,0.6749528,12892.0
8513,0.67927206,12974.5
8514,0.68359125,13057.0
8515,0.6879105,13139.5
8516,0.69222975,13222.0
8517,0.696549,13304.5
8518,0.7008682,13387.0
8519,0.70518744,13469.5
8520,0.7095067,13552.0
8521,0.71490353,13655.083
8522,0.72030044,13758.167
8523,0.7256973,13861.25
8524,0.7310942,13964.333
8525,0.736491,14067.417
8526,0.74188787,14170.5
8527,0.74728477,14273.583
8528,0.7526816,14376.667
8529,0.75807846,14479.75
8530,0.76347536,14582.833
8531,0.7688722,14685.917
8532,0.77426904,14789.0
8533,0.77926457,14884.417
8534,0.78426003,14979.833
8535,0.7892555,15075.25
8536,0.794251,15170.667
8537,0.7992465,15266.083
8538,0.80424196,15361.5
8539,0.8092374,15456.917
8540,0.81423295,15552.333
8541,0.8192284,15647.75
8542,0.8242239,15743.167
8543,0.82921934,15838.583
8544,0.83421487,15934.0
8545,0.8382156,16010.417
8546,0.8422164,16086.833
8547,0.8462171,16163.25
8548,0.8502178,16239.667
8549,0.8542186,16316.083
8550,0.8582193,16392.5
8551,0.8622201,16468.916
8552,0.86622083,16545.334
8553,0.87022156,16621.75
8554,0.87422234,16698.166
8555,0.87822306,16774.584
8556,0.88222384,16851.0
8557,0.8866827,16936.166
8558,0.89114153,17021.334
8559,0.8956004,17106.5
8560,0.9000592,17191.666
8561,0.90451807,17276.834
8562,0.9089769,17362.0
8563,0.91343576,17447.166
8564,0.9178946,17532.334
8565,0.92235345,17617.5
8566,0.9268123,17702.666
8567,0.93127114,17787.834
8568,0.93573004,17873.0
8569,0.9383085,17922.25
8570,0.9408869,17971.5
8571,0.94346535,18020.75
8572,0.94604385,18070.0
8573,0.9486223,18119.25
8574,0.9512007,18168.5
8575,0.95377916,18217.75
8576,0.95635766,18267.0
8577,0.9589361,18316.25
8578,0.96151453,18365.5
8579,0.964093,18414.75
8580,0.96667147,18464.0
8581,0.9682813,18494.75
8582,0.96989125,18525.5
8583,0.9715012,18556.25
8584,0.97311103,18587.0
8585,0.97472095,18617.75
8586,0.9763308,18648.5
8587,0.97794074,18679.25
8588,0.97955066,18710.0
8589,0.9811605,18740.75
8590,0.98277044,18771.5
8591,0.9843803,18802.25
8592,0.9859902,18833.0
8593,0.9869152,18850.666
8594,0.98784006,18868.334
8595,0.988765,18886.0
8596,0.98968995,18903.666
8597,0.9906149,18921.334
8598,0.9915398,18939.0
8599,0.9924647,18956.666
8600,0.99338967,18974.334
8601,0.99431455,18992.0
8602,0.9952395,19009.666
8603,0.99616444,19027.334
8604,0.9970894,19045.0
8605,0.9969192,19041.75
8606,0.99674904,19038.5
8607,0.99657893,19035.25
8608,0.99640876,19032.0
8609,0.9962386,19028.75
8610,0.9960684,19025.5
8611,0.9958983,19022.25
8612,0.99572814,19019.0
8613,0.99555796,19015.75
8614,0.99538785,19012.5
8615,0.9952177,19009.25
8616,0.9950475,19006.0
8617,0.99351615,18976.75
8618,0.9919848,18947.5
8619,0.9904534,18918.25
8620,0.98892206,18889.0
8621,0.9873907,18859.75
8622,0.98585933,18830.5
8623,0.984328,18801.25
8624,0.9827966,18772.0
8625,0.98126525,18742.75
8626,0.9797339,18713.5
8627,0.9782025,18684.25
8628,0.97667116,18655.0
8629,0.97378296,18599.834
8630,0.9708947,18544.666
8631,0.9680065,18489.5
8632,0.9651183,18434.334
8633,0.9622301,18379.166
8634,0.9593418,18324.0
8635,0.9564536,18268.834
8636,0.9535654,18213.666
8637,0.9506772,18158.5
8638,0.94778895,18103.334
8639,0.94490075,18048.166
8640,0.94201255,17993.0
8641,0.93857896,17927.416
8642,0.9351454,17861.834
8643,0.9317118,17796.25
8644,0.92827827,17730.666
8645,0.9248447,17665.084
8646,0.9214111,17599.5
8647,0.9179775,17533.916
8648,0.9145439,17468.334
8649,0.91111034,17402.75
8650,0.90767676,17337.166
8651,0.90424323,17271.584
8652,0.90080965,17206.0
8653,0.8974066,17141.0
8654,0.89400357,17076.0
8655,0.8906005,17011.0
8656,0.8871975,16946.0
8657,0.8837945,16881.0
8658,0.8803914,16816.0
8659,0.8769884,16751.0
8660,0.87358534,16686.0
8661,0.87018234,16621.0
8662,0.86677927,16556.0
8663,0.86337626,16491.0
8664,0.8599732,16426.0
8665,0.85319334,16296.5
8666,0.84641343,16167.0
8667,0.8396335,16037.5
8668,0.8328536,15908.0
8669,0.82607377,15778.5
8670,0.81929386,15649.0
8671,0.81251395,15519.5
8672,0.80573404,15390.0
8673,0.7989542,15260.5
8674,0.7921743,15131.0
8675,0.7853944,15001.5
8676,0.77861446,14872.0
8677,0.77178663,14741.583
8678,0.76495874,14611.167
8679,0.75813085,14480.75
8680,0.75130296,14350.333
8681,0.74447507,14219.917
8682,0.7376472,14089.5
8683,0.7308193,13959.083
8684,0.7239914,13828.667
8685,0.7171635,13698.25
8686,0.7103356,13567.833
8687,0.7035078,13437.417
8688,0.6966799,13307.0
8689,0.691379,13205.75
8690,0.68607813,13104.5
8691,0.6807772,13003.25
8692,0.6754763,12902.0
8693,0.67017543,12800.75
8694,0.66487455,12699.5
8695,0.6595737,12598.25
8696,0.6542728,12497.0
8697,0.6489719,12395.75
8698,0.64367104,12294.5
8699,0.63837016,12193.25
8700,0.6330693,12092.0
8701,0.6291907,12017.917
8702,0.6253121,11943.833
8703,0.6214335,11869.75
8704,0.61755496,11795.667
8705,0.61367637,11721.583
8706,0.6097978,11647.5
8707,0.6059192,11573.417
8708,0.6020406,11499.333
8709,0.598162,11425.25
8710,0.5942834,11351.167
8711,0.5904048,11277.083
8712,0.5865262,11203.0
8713,0.58397394,11154.25
8714,0.5814217,11105.5
8715,0.5788694,11056.75
8716,0.57631713,11008.0
8717,0.57376486,10959.25
8718,0.5712126,10910.5
8719,0.5686603,10861.75
8720,0.56610805,10813.0
8721,0.5635557,10764.25
8722,0.56100345,10715.5
8723,0.5584512,10666.75
8724,0.5558989,10618.0
8725,0.55415374,10584.667
8726,0.55240864,10551.333
8727,0.5506635,10518.0
8728,0.5489183,10484.667
8729,0.5471732,10451.333
8730,0.54542804,10418.0
8731,0.5436829,10384.667
8732,0.54193777,10351.333
8733,0.5401926,10318.0
8734,0.53844744,10284.667
8735,0.5367023,10251.333
8736,0.5349572,10218.0
8737,0.5347783,10214.583
8738,0.5345994,10211.167
8739,0.53442055,10207.75
8740,0.5342417,10204.333
8741,0.53406274,10200.917
8742,0.53388387,10197.5
8743,0.533705,10194.083
8744,0.5335261,10190.667
8745,0.53334725,10187.25
8746,0.5331684,10183.833
8747,0.5329895,10180.417
8748,0.5328106,10177.0
8749,0.5346823,10212.75
8750,0.536554,10248.5
8751,0.5384256,10284.25
8752,0.5402973,10320.0
8753,0.542169,10355.75
8754,0.5440406,10391.5
8755,0.5459123,10427.25
8756,0.547784,10463.0
8757,0.5496557,10498.75
8758,0.5515273,10534.5
8759,0.55339897,10570.25
8760,0.5552707,10606.0
8761,0.55847734,10667.25
8762,0.5616841,10728.5
8763,0.5648908,10789.75
8764,0.5680975,10851.0
8765,0.5713042,10912.25
8766,0.5745109,10973.5
8767,0.5777176,11034.75
8768,0.58092433,11096.0
8769,0.584131,11157.25
8770,0.58733773,11218.5
8771,0.5905444,11279.75
8772,0.59375113,11341.0
8773,0.59658265,11395.083
8774,0.5994141,11449.167
8775,0.6022456,11503.25
8776,0.60507715,11557.333
8777,0.60790867,11611.417
8778,0.6107401,11665.5
8779,0.61357164,11719.583
8780,0.61640316,11773.667
8781,0.6192346,11827.75
8782,0.62206614,11881.833
8783,0.62489766,11935.917
8784,0.6277291,11990.0
8785,0.6301941,12037.083
8786,0.6326592,12084.167
8787,0.6351242,12131.25
8788,0.6375892,12178.333
8789,0.6400542,12225.417
8790,0.64251924,12272.5
8791,0.64498425,12319.583
8792,0.6474493,12366.667
8793,0.6499143,12413.75
8794,0.65237933,12460.833
8795,0.65484434,12507.917
8796,0.65730935,12555.0
8797,0.66088694,12623.333
8798,0.6644645,12691.667
8799,0.668042,12760.0
8800,0.6716196,12828.333
8801,0.6751971,12896.667
8802,0.67877465,12965.0
8803,0.68235224,13033.333
8804,0.6859298,13101.667
8805,0.6895073,13170.0
8806,0.6930849,13238.333
8807,0.6966624,13306.667
8808,0.70023996,13375.0
8809,0.70483845,13462.833
8810,0.7094369,13550.667
8811,0.71403533,13638.5
8812,0.71863383,13726.333
8813,0.72323227,13814.167
8814,0.7278307,13902.0
8815,0.7324292,13989.833
8816,0.73702765,14077.667
8817,0.7416261,14165.5
8818,0.7462246,14253.333
8819,0.750823,14341.167
8820,0.7554215,14429.0
8821,0.75942224,14505.417
8822,0.76342297,14581.833
8823,0.76742375,14658.25
8824,0.7714245,14734.667
8825,0.77542526,14811.083
8826,0.779426,14887.5
8827,0.7834267,14963.917
8828,0.7874275,15040.333
8829,0.7914282,15116.75
8830,0.795429,15193.167
8831,0.7994297,15269.583
8832,0.8034305,15346.0
8833,0.806864,15411.583
8834,0.8102976,15477.167
8835,0.8137312,15542.75
8836,0.8171648,15608.333
8837,0.82059836,15673.917
8838,0.82403195,15739.5
8839,0.8274655,15805.083
8840,0.83089906,15870.667
8841,0.83433264,15936.25
8842,0.83776623,16001.833
8843,0.8411998,16067.417
8844,0.8446334,16133.0
8845,0.84750414,16187.833
8846,0.8503749,16242.667
8847,0.8532457,16297.5
8848,0.8561164,16352.333
8849,0.8589872,16407.166
8850,0.86185795,16462.0
8851,0.86472875,16516.834
8852,0.8675995,16571.666
8853,0.8704703,16626.5
8854,0.873341,16681.334
8855,0.8762118,16736.166
8856,0.87908256,16791.0
8857,0.88020384,16812.416
8858,0.88132507,16833.834
8859,0.88244635,16855.25
8860,0.8835676,16876.666
8861,0.88468885,16898.084
8862,0.8858101,16919.5
8863,0.88693136,16940.916
8864,0.88805264,16962.334
8865,0.88917387,16983.75
8866,0.89029515,17005.166
8867,0.8914164,17026.584
8868,0.89253765,17048.0
8869,0.8923195,17043.834
8870,0.89210135,17039.666
8871,0.8918832,17035.5
8872,0.89166504,17031.334
8873,0.89144695,17027.166
8874,0.8912288,17023.0
8875,0.89101064,17018.834
8876,0.8907925,17014.666
8877,0.89057434,17010.5
8878,0.8903562,17006.334
8879,0.8901381,17002.166
8880,0.88991994,16998.0
8881,0.8889863,16980.166
8882,0.88805264,16962.334
8883,0.88711894,16944.5
8884,0.8861853,16926.666
8885,0.88525164,16908.834
8886,0.884318,16891.0
8887,0.88338435,16873.166
8888,0.8824507,16855.334
8889,0.88151705,16837.5
8890,0.8805834,16819.666
8891,0.87964976,16801.834
8892,0.8787161,16784.0
8893,0.8766612,16744.75
8894,0.87460625,16705.5
8895,0.8725514,16666.25
8896,0.87049645,16627.0
8897,0.8684415,16587.75
8898,0.86638665,16548.5
8899,0.8643317,16509.25
8900,0.8622768,16470.0
8901,0.8602219,16430.75
8902,0.858167,16391.5
8903,0.85611206,16352.25
8904,0.8540572,16313.0
8905,0.85049707,16245.0
8906,0.84693694,16177.0
8907,0.8433769,16109.0
8908,0.83981675,16041.0
8909,0.8362567,15973.0
8910,0.83269656,15905.0
8911,0.8291365,15837.0
8912,0.82557636,15769.0
8913,0.8220163,15701.0
8914,0.8184562,15633.0
8915,0.8148961,15565.0
8916,0.811336,15497.0
8917,0.811336,15497.0
8918,0.811336,15497.0
8919,0.811336,15497.0
8920,0.811336,15497.0
8921,0.811336,15497.0
8922,0.811336,15497.0
8923,0.811336,15497.0
8924,0.811336,15497.0
8925,0.811336,15497.0
8926,0.811336,15497.0
8927,0.811336,15497.0
