# round2:us:R3_P1:s205
# job: {"algorithm": "PPO", "batch_completion_weight": 1000.0, "batch_size": 64, "candidate": "R3", "deadline_bucket_edges": [1, 3, 6, 12, 24], "evaluation_objective": {"batch_completion_weight": 1000.0, "full_dollar_cost_unchanged": true, "service_backlog_weight": 1000.0}, "gae_lambda": 0.99, "gamma": 1.0, "job_fingerprint": "cde3d91798b4f460d38f8ab7841339617389bf94e3abd0aaf9921f56800db679", "learning_rate": 0.0003, "learning_rate_schedule": "linear", "n_epochs": 10, "n_steps": 2048, "net_arch": [128, 128], "normalize_observations": false, "protocol_sha256": "afcdacc992bdf9ba219fab251a2576812e0180aa189da49994056d935b549dda", "region": "us", "seed": 205, "service_backlog_weight": 700.0, "stage": "round2", "subtract_idle_cost": false, "target_kl": 0.02, "timesteps": 301056, "train_scenario": "env/scenarios/us_model_v2_2025.yaml", "urgency_potential_weight": 0.0, "variant": "P1"}
# command: C:\Python314\python.exe train_v3.py --scenario C:\Users\jagal\copilot-worktrees\dc-energy-joint-optimization\jagal-microsoft-literate-umbrella\env\scenarios\us_model_v2_2025.yaml --model-path C:\Users\jagal\copilot-worktrees\dc-energy-joint-optimization\jagal-microsoft-literate-umbrella\models\ppo_v3_reward_sweep\_tmp\round2_us_R3_P1_s205_e4070c317b8f4b28a3dfd5092e647838\model.zip --diagnostics-path C:\Users\jagal\copilot-worktrees\dc-energy-joint-optimization\jagal-microsoft-literate-umbrella\models\ppo_v3_reward_sweep\_tmp\round2_us_R3_P1_s205_e4070c317b8f4b28a3dfd5092e647838\training.json --timesteps 301056 --seed 205 --lr 0.0003 --lr-schedule linear --n-steps 2048 --batch-size 64 --n-epochs 10 --gamma 1.0 --gae-lambda 0.99 --net-arch 128 128 --peak-penalty-weight 0.015 --service-backlog-weight 700.0 --batch-completion-weight 1000.0 --reward-scale 0.0001 --urgency-potential-weight 0.0 --deadline-bucket-edges 1 3 6 12 24 --target-kl 0.02
# started: 2026-08-06T14:19:46.225220+00:00

Using cpu device
-----------------------------
| time/              |      |
|    fps             | 654  |
|    iterations      | 1    |
|    time_elapsed    | 3    |
|    total_timesteps | 2048 |
-----------------------------
------------------------------------------
| time/                   |              |
|    fps                  | 436          |
|    iterations           | 2            |
|    time_elapsed         | 9            |
|    total_timesteps      | 4096         |
| train/                  |              |
|    approx_kl            | 0.0128609175 |
|    clip_fraction        | 0.144        |
|    clip_range           | 0.2          |
|    entropy_loss         | -17          |
|    explained_variance   | 0.0204       |
|    learning_rate        | 0.000298     |
|    loss                 | 0.764        |
|    n_updates            | 10           |
|    policy_gradient_loss | -0.0147      |
|    std                  | 1            |
|    value_loss           | 4.31         |
------------------------------------------
-----------------------------------------
| time/                   |             |
|    fps                  | 400         |
|    iterations           | 3           |
|    time_elapsed         | 15          |
|    total_timesteps      | 6144        |
| train/                  |             |
|    approx_kl            | 0.009174741 |
|    clip_fraction        | 0.0667      |
|    clip_range           | 0.2         |
|    entropy_loss         | -17         |
|    explained_variance   | 0.292       |
|    learning_rate        | 0.000296    |
|    loss                 | 1.31        |
|    n_updates            | 20          |
|    policy_gradient_loss | -0.00928    |
|    std                  | 0.999       |
|    value_loss           | 10.7        |
-----------------------------------------
-----------------------------------------
| time/                   |             |
|    fps                  | 385         |
|    iterations           | 4           |
|    time_elapsed         | 21          |
|    total_timesteps      | 8192        |
| train/                  |             |
|    approx_kl            | 0.013646558 |
|    clip_fraction        | 0.123       |
|    clip_range           | 0.2         |
|    entropy_loss         | -17         |
|    explained_variance   | 0.584       |
|    learning_rate        | 0.000294    |
|    loss                 | 1.88        |
|    n_updates            | 30          |
|    policy_gradient_loss | -0.0159     |
|    std                  | 0.996       |
|    value_loss           | 5.69        |
-----------------------------------------
-----------------------------------------
| rollout/                |             |
|    ep_len_mean          | 8.93e+03    |
|    ep_rew_mean          | -702        |
| time/                   |             |
|    fps                  | 381         |
|    iterations           | 5           |
|    time_elapsed         | 26          |
|    total_timesteps      | 10240       |
| train/                  |             |
|    approx_kl            | 0.011395369 |
|    clip_fraction        | 0.11        |
|    clip_range           | 0.2         |
|    entropy_loss         | -17         |
|    explained_variance   | 0.632       |
|    learning_rate        | 0.000292    |
|    loss                 | 2.09        |
|    n_updates            | 40          |
|    policy_gradient_loss | -0.0135     |
|    std                  | 0.993       |
|    value_loss           | 6.4         |
-----------------------------------------
-----------------------------------------
| rollout/                |             |
|    ep_len_mean          | 8.93e+03    |
|    ep_rew_mean          | -702        |
| time/                   |             |
|    fps                  | 380         |
|    iterations           | 6           |
|    time_elapsed         | 32          |
|    total_timesteps      | 12288       |
| train/                  |             |
|    approx_kl            | 0.008899463 |
|    clip_fraction        | 0.0699      |
|    clip_range           | 0.2         |
|    entropy_loss         | -16.9       |
|    explained_variance   | 0.167       |
|    learning_rate        | 0.00029     |
|    loss                 | 10.7        |
|    n_updates            | 50          |
|    policy_gradient_loss | -0.0119     |
|    std                  | 0.993       |
|    value_loss           | 29.2        |
-----------------------------------------
----------------------------------------
| rollout/                |            |
|    ep_len_mean          | 8.93e+03   |
|    ep_rew_mean          | -702       |
| time/                   |            |
|    fps                  | 375        |
|    iterations           | 7          |
|    time_elapsed         | 38         |
|    total_timesteps      | 14336      |
| train/                  |            |
|    approx_kl            | 0.01395526 |
|    clip_fraction        | 0.129      |
|    clip_range           | 0.2        |
|    entropy_loss         | -16.9      |
|    explained_variance   | 0.501      |
|    learning_rate        | 0.000288   |
|    loss                 | 1.14       |
|    n_updates            | 60         |
|    policy_gradient_loss | -0.0109    |
|    std                  | 0.992      |
|    value_loss           | 11.7       |
----------------------------------------
-----------------------------------------
| rollout/                |             |
|    ep_len_mean          | 8.93e+03    |
|    ep_rew_mean          | -702        |
| time/                   |             |
|    fps                  | 374         |
|    iterations           | 8           |
|    time_elapsed         | 43          |
|    total_timesteps      | 16384       |
| train/                  |             |
|    approx_kl            | 0.009206522 |
|    clip_fraction        | 0.0892      |
|    clip_range           | 0.2         |
|    entropy_loss         | -16.9       |
|    explained_variance   | 0.582       |
|    learning_rate        | 0.000286    |
|    loss                 | 3.54        |
|    n_updates            | 70          |
|    policy_gradient_loss | -0.0126     |
|    std                  | 0.995       |
|    value_loss           | 10.1        |
-----------------------------------------
-----------------------------------------
| rollout/                |             |
|    ep_len_mean          | 8.93e+03    |
|    ep_rew_mean          | -702        |
| time/                   |             |
|    fps                  | 374         |
|    iterations           | 9           |
|    time_elapsed         | 49          |
|    total_timesteps      | 18432       |
| train/                  |             |
|    approx_kl            | 0.014643697 |
|    clip_fraction        | 0.118       |
|    clip_range           | 0.2         |
|    entropy_loss         | -17         |
|    explained_variance   | 0.788       |
|    learning_rate        | 0.000284    |
|    loss                 | 1.79        |
|    n_updates            | 80          |
|    policy_gradient_loss | -0.0155     |
|    std                  | 0.992       |
|    value_loss           | 6.41        |
-----------------------------------------
------------------------------------------
| rollout/                |              |
|    ep_len_mean          | 8.93e+03     |
|    ep_rew_mean          | -702         |
| time/                   |              |
|    fps                  | 372          |
|    iterations           | 10           |
|    time_elapsed         | 54           |
|    total_timesteps      | 20480        |
| train/                  |              |
|    approx_kl            | 0.0082807075 |
|    clip_fraction        | 0.0723       |
|    clip_range           | 0.2          |
|    entropy_loss         | -16.9        |
|    explained_variance   | 0.138        |
|    learning_rate        | 0.000282     |
|    loss                 | 35.2         |
|    n_updates            | 90           |
|    policy_gradient_loss | -0.0137      |
|    std                  | 0.991        |
|    value_loss           | 72.9         |
------------------------------------------
Early stopping at step 4 due to reaching max kl: 0.03
-----------------------------------------
| rollout/                |             |
|    ep_len_mean          | 8.93e+03    |
|    ep_rew_mean          | -702        |
| time/                   |             |
|    fps                  | 379         |
|    iterations           | 11          |
|    time_elapsed         | 59          |
|    total_timesteps      | 22528       |
| train/                  |             |
|    approx_kl            | 0.018368395 |
|    clip_fraction        | 0.0579      |
|    clip_range           | 0.2         |
|    entropy_loss         | -16.9       |
|    explained_variance   | 0.0941      |
|    learning_rate        | 0.00028     |
|    loss                 | 2.53        |
|    n_updates            | 95          |
|    policy_gradient_loss | -0.00236    |
|    std                  | 0.992       |
|    value_loss           | 29.3        |
-----------------------------------------
Early stopping at step 6 due to reaching max kl: 0.04
-----------------------------------------
| rollout/                |             |
|    ep_len_mean          | 8.93e+03    |
|    ep_rew_mean          | -702        |
| time/                   |             |
|    fps                  | 382         |
|    iterations           | 12          |
|    time_elapsed         | 64          |
|    total_timesteps      | 24576       |
| train/                  |             |
|    approx_kl            | 0.017130565 |
|    clip_fraction        | 0.156       |
|    clip_range           | 0.2         |
|    entropy_loss         | -16.9       |
|    explained_variance   | 0.253       |
|    learning_rate        | 0.000278    |
|    loss                 | 0.902       |
|    n_updates            | 102         |
|    policy_gradient_loss | -0.00538    |
|    std                  | 0.995       |
|    value_loss           | 16.5        |
-----------------------------------------
-----------------------------------------
| rollout/                |             |
|    ep_len_mean          | 8.93e+03    |
|    ep_rew_mean          | -702        |
| time/                   |             |
|    fps                  | 379         |
|    iterations           | 13          |
|    time_elapsed         | 70          |
|    total_timesteps      | 26624       |
| train/                  |             |
|    approx_kl            | 0.011777322 |
|    clip_fraction        | 0.119       |
|    clip_range           | 0.2         |
|    entropy_loss         | -16.9       |
|    explained_variance   | 0.661       |
|    learning_rate        | 0.000276    |
|    loss                 | 3.21        |
|    n_updates            | 112         |
|    policy_gradient_loss | -0.0141     |
|    std                  | 0.993       |
|    value_loss           | 9.17        |
-----------------------------------------
-----------------------------------------
| rollout/                |             |
|    ep_len_mean          | 8.93e+03    |
|    ep_rew_mean          | -710        |
| time/                   |             |
|    fps                  | 374         |
|    iterations           | 14          |
|    time_elapsed         | 76          |
|    total_timesteps      | 28672       |
| train/                  |             |
|    approx_kl            | 0.012537243 |
|    clip_fraction        | 0.126       |
|    clip_range           | 0.2         |
|    entropy_loss         | -16.9       |
|    explained_variance   | 0.62        |
|    learning_rate        | 0.000273    |
|    loss                 | 4.04        |
|    n_updates            | 122         |
|    policy_gradient_loss | -0.0137     |
|    std                  | 0.993       |
|    value_loss           | 14.1        |
-----------------------------------------
-----------------------------------------
| rollout/                |             |
|    ep_len_mean          | 8.93e+03    |
|    ep_rew_mean          | -710        |
| time/                   |             |
|    fps                  | 368         |
|    iterations           | 15          |
|    time_elapsed         | 83          |
|    total_timesteps      | 30720       |
| train/                  |             |
|    approx_kl            | 0.017419264 |
|    clip_fraction        | 0.117       |
|    clip_range           | 0.2         |
|    entropy_loss         | -16.9       |
|    explained_variance   | 0.0996      |
|    learning_rate        | 0.000271    |
|    loss                 | 3.4         |
|    n_updates            | 132         |
|    policy_gradient_loss | -0.0137     |
|    std                  | 0.993       |
|    value_loss           | 27          |
-----------------------------------------
Early stopping at step 8 due to reaching max kl: 0.03
-----------------------------------------
| rollout/                |             |
|    ep_len_mean          | 8.93e+03    |
|    ep_rew_mean          | -710        |
| time/                   |             |
|    fps                  | 366         |
|    iterations           | 16          |
|    time_elapsed         | 89          |
|    total_timesteps      | 32768       |
| train/                  |             |
|    approx_kl            | 0.020780293 |
|    clip_fraction        | 0.109       |
|    clip_range           | 0.2         |
|    entropy_loss         | -16.9       |
|    explained_variance   | 0.536       |
|    learning_rate        | 0.000269    |
|    loss                 | 1.09        |
|    n_updates            | 141         |
|    policy_gradient_loss | -0.00769    |
|    std                  | 0.992       |
|    value_loss           | 17.7        |
-----------------------------------------
-----------------------------------------
| rollout/                |             |
|    ep_len_mean          | 8.93e+03    |
|    ep_rew_mean          | -710        |
| time/                   |             |
|    fps                  | 365         |
|    iterations           | 17          |
|    time_elapsed         | 95          |
|    total_timesteps      | 34816       |
| train/                  |             |
|    approx_kl            | 0.010399234 |
|    clip_fraction        | 0.0927      |
|    clip_range           | 0.2         |
|    entropy_loss         | -16.9       |
|    explained_variance   | 0.57        |
|    learning_rate        | 0.000267    |
|    loss                 | 7.87        |
|    n_updates            | 151         |
|    policy_gradient_loss | -0.0124     |
|    std                  | 0.993       |
|    value_loss           | 16          |
-----------------------------------------
-----------------------------------------
| rollout/                |             |
|    ep_len_mean          | 8.93e+03    |
|    ep_rew_mean          | -710        |
| time/                   |             |
|    fps                  | 363         |
|    iterations           | 18          |
|    time_elapsed         | 101         |
|    total_timesteps      | 36864       |
| train/                  |             |
|    approx_kl            | 0.007973915 |
|    clip_fraction        | 0.0623      |
|    clip_range           | 0.2         |
|    entropy_loss         | -16.9       |
|    explained_variance   | -0.0656     |
|    learning_rate        | 0.000265    |
|    loss                 | 20.5        |
|    n_updates            | 161         |
|    policy_gradient_loss | -0.00966    |
|    std                  | 0.992       |
|    value_loss           | 41.6        |
-----------------------------------------
------------------------------------------
| rollout/                |              |
|    ep_len_mean          | 8.93e+03     |
|    ep_rew_mean          | -710         |
| time/                   |              |
|    fps                  | 362          |
|    iterations           | 19           |
|    time_elapsed         | 107          |
|    total_timesteps      | 38912        |
| train/                  |              |
|    approx_kl            | 0.0043053143 |
|    clip_fraction        | 0.0208       |
|    clip_range           | 0.2          |
|    entropy_loss         | -16.9        |
|    explained_variance   | 0.374        |
|    learning_rate        | 0.000263     |
|    loss                 | 82.9         |
|    n_updates            | 171          |
|    policy_gradient_loss | -0.0079      |
|    std                  | 0.993        |
|    value_loss           | 182          |
------------------------------------------
Early stopping at step 4 due to reaching max kl: 0.03
-----------------------------------------
| rollout/                |             |
|    ep_len_mean          | 8.93e+03    |
|    ep_rew_mean          | -710        |
| time/                   |             |
|    fps                  | 365         |
|    iterations           | 20          |
|    time_elapsed         | 111         |
|    total_timesteps      | 40960       |
| train/                  |             |
|    approx_kl            | 0.022186957 |
|    clip_fraction        | 0.0536      |
|    clip_range           | 0.2         |
|    entropy_loss         | -16.9       |
|    explained_variance   | 0.257       |
|    learning_rate        | 0.000261    |
|    loss                 | 3.44        |
|    n_updates            | 176         |
|    policy_gradient_loss | -0.00323    |
|    std                  | 0.992       |
|    value_loss           | 34.8        |
-----------------------------------------
Early stopping at step 0 due to reaching max kl: 0.03
-----------------------------------------
| rollout/                |             |
|    ep_len_mean          | 8.93e+03    |
|    ep_rew_mean          | -710        |
| time/                   |             |
|    fps                  | 370         |
|    iterations           | 21          |
|    time_elapsed         | 116         |
|    total_timesteps      | 43008       |
| train/                  |             |
|    approx_kl            | 0.013895966 |
|    clip_fraction        | 0.199       |
|    clip_range           | 0.2         |
|    entropy_loss         | -16.9       |
|    explained_variance   | 0.512       |
|    learning_rate        | 0.000259    |
|    loss                 | 21.6        |
|    n_updates            | 177         |
|    policy_gradient_loss | 0.0046      |
|    std                  | 0.992       |
|    value_loss           | 47          |
-----------------------------------------
Early stopping at step 7 due to reaching max kl: 0.03
-----------------------------------------
| rollout/                |             |
|    ep_len_mean          | 8.93e+03    |
|    ep_rew_mean          | -714        |
| time/                   |             |
|    fps                  | 369         |
|    iterations           | 22          |
|    time_elapsed         | 122         |
|    total_timesteps      | 45056       |
| train/                  |             |
|    approx_kl            | 0.020290367 |
|    clip_fraction        | 0.151       |
|    clip_range           | 0.2         |
|    entropy_loss         | -16.9       |
|    explained_variance   | 0.642       |
|    learning_rate        | 0.000257    |
|    loss                 | 1.27        |
|    n_updates            | 185         |
|    policy_gradient_loss | -0.0101     |
|    std                  | 0.994       |
|    value_loss           | 9.87        |
-----------------------------------------
-----------------------------------------
| rollout/                |             |
|    ep_len_mean          | 8.93e+03    |
|    ep_rew_mean          | -714        |
| time/                   |             |
|    fps                  | 368         |
|    iterations           | 23          |
|    time_elapsed         | 127         |
|    total_timesteps      | 47104       |
| train/                  |             |
|    approx_kl            | 0.005220814 |
|    clip_fraction        | 0.0887      |
|    clip_range           | 0.2         |
|    entropy_loss         | -17         |
|    explained_variance   | 0.0586      |
|    learning_rate        | 0.000255    |
|    loss                 | 93.7        |
|    n_updates            | 195         |
|    policy_gradient_loss | -0.00406    |
|    std                  | 0.994       |
|    value_loss           | 291         |
-----------------------------------------
Early stopping at step 4 due to reaching max kl: 0.03
-----------------------------------------
| rollout/                |             |
|    ep_len_mean          | 8.93e+03    |
|    ep_rew_mean          | -714        |
| time/                   |             |
|    fps                  | 371         |
|    iterations           | 24          |
|    time_elapsed         | 132         |
|    total_timesteps      | 49152       |
| train/                  |             |
|    approx_kl            | 0.014332816 |
|    clip_fraction        | 0.0687      |
|    clip_range           | 0.2         |
|    entropy_loss         | -17         |
|    explained_variance   | 0.138       |
|    learning_rate        | 0.000253    |
|    loss                 | 2.29        |
|    n_updates            | 200         |
|    policy_gradient_loss | -0.00552    |
|    std                  | 0.995       |
|    value_loss           | 24.7        |
-----------------------------------------
Early stopping at step 6 due to reaching max kl: 0.03
----------------------------------------
| rollout/                |            |
|    ep_len_mean          | 8.93e+03   |
|    ep_rew_mean          | -714       |
| time/                   |            |
|    fps                  | 373        |
|    iterations           | 25         |
|    time_elapsed         | 137        |
|    total_timesteps      | 51200      |
| train/                  |            |
|    approx_kl            | 0.02035885 |
|    clip_fraction        | 0.172      |
|    clip_range           | 0.2        |
|    entropy_loss         | -17        |
|    explained_variance   | 0.42       |
|    learning_rate        | 0.000251   |
|    loss                 | 1.86       |
|    n_updates            | 207        |
|    policy_gradient_loss | -0.00148   |
|    std                  | 0.995      |
|    value_loss           | 17.9       |
----------------------------------------
-----------------------------------------
| rollout/                |             |
|    ep_len_mean          | 8.93e+03    |
|    ep_rew_mean          | -714        |
| time/                   |             |
|    fps                  | 371         |
|    iterations           | 26          |
|    time_elapsed         | 143         |
|    total_timesteps      | 53248       |
| train/                  |             |
|    approx_kl            | 0.012749604 |
|    clip_fraction        | 0.15        |
|    clip_range           | 0.2         |
|    entropy_loss         | -17         |
|    explained_variance   | 0.538       |
|    learning_rate        | 0.000249    |
|    loss                 | 3.13        |
|    n_updates            | 217         |
|    policy_gradient_loss | -0.0141     |
|    std                  | 0.999       |
|    value_loss           | 11          |
-----------------------------------------
----------------------------------------
| rollout/                |            |
|    ep_len_mean          | 8.93e+03   |
|    ep_rew_mean          | -713       |
| time/                   |            |
|    fps                  | 371        |
|    iterations           | 27         |
|    time_elapsed         | 148        |
|    total_timesteps      | 55296      |
| train/                  |            |
|    approx_kl            | 0.01427181 |
|    clip_fraction        | 0.153      |
|    clip_range           | 0.2        |
|    entropy_loss         | -17        |
|    explained_variance   | -0.278     |
|    learning_rate        | 0.000247   |
|    loss                 | 4.5        |
|    n_updates            | 227        |
|    policy_gradient_loss | -0.0162    |
|    std                  | 0.997      |
|    value_loss           | 12.8       |
----------------------------------------
------------------------------------------
| rollout/                |              |
|    ep_len_mean          | 8.93e+03     |
|    ep_rew_mean          | -713         |
| time/                   |              |
|    fps                  | 370          |
|    iterations           | 28           |
|    time_elapsed         | 154          |
|    total_timesteps      | 57344        |
| train/                  |              |
|    approx_kl            | 0.0030453552 |
|    clip_fraction        | 0.00474      |
|    clip_range           | 0.2          |
|    entropy_loss         | -17          |
|    explained_variance   | 0.109        |
|    learning_rate        | 0.000245     |
|    loss                 | 78.5         |
|    n_updates            | 237          |
|    policy_gradient_loss | -0.00466     |
|    std                  | 0.997        |
|    value_loss           | 132          |
------------------------------------------
Early stopping at step 4 due to reaching max kl: 0.03
----------------------------------------
| rollout/                |            |
|    ep_len_mean          | 8.93e+03   |
|    ep_rew_mean          | -713       |
| time/                   |            |
|    fps                  | 371        |
|    iterations           | 29         |
|    time_elapsed         | 159        |
|    total_timesteps      | 59392      |
| train/                  |            |
|    approx_kl            | 0.01523514 |
|    clip_fraction        | 0.0746     |
|    clip_range           | 0.2        |
|    entropy_loss         | -17        |
|    explained_variance   | 0.215      |
|    learning_rate        | 0.000243   |
|    loss                 | 4.87       |
|    n_updates            | 242        |
|    policy_gradient_loss | -0.00576   |
|    std                  | 0.996      |
|    value_loss           | 32.6       |
----------------------------------------
Early stopping at step 4 due to reaching max kl: 0.04
-----------------------------------------
| rollout/                |             |
|    ep_len_mean          | 8.93e+03    |
|    ep_rew_mean          | -713        |
| time/                   |             |
|    fps                  | 374         |
|    iterations           | 30          |
|    time_elapsed         | 164         |
|    total_timesteps      | 61440       |
| train/                  |             |
|    approx_kl            | 0.013524497 |
|    clip_fraction        | 0.149       |
|    clip_range           | 0.2         |
|    entropy_loss         | -17         |
|    explained_variance   | 0.322       |
|    learning_rate        | 0.000241    |
|    loss                 | 2.11        |
|    n_updates            | 247         |
|    policy_gradient_loss | -0.00142    |
|    std                  | 0.996       |
|    value_loss           | 16          |
-----------------------------------------
Early stopping at step 5 due to reaching max kl: 0.03
----------------------------------------
| rollout/                |            |
|    ep_len_mean          | 8.93e+03   |
|    ep_rew_mean          | -711       |
| time/                   |            |
|    fps                  | 375        |
|    iterations           | 31         |
|    time_elapsed         | 169        |
|    total_timesteps      | 63488      |
| train/                  |            |
|    approx_kl            | 0.01962692 |
|    clip_fraction        | 0.135      |
|    clip_range           | 0.2        |
|    entropy_loss         | -17        |
|    explained_variance   | 0.477      |
|    learning_rate        | 0.000239   |
|    loss                 | 1.73       |
|    n_updates            | 253        |
|    policy_gradient_loss | -0.00501   |
|    std                  | 0.997      |
|    value_loss           | 13         |
----------------------------------------
------------------------------------------
| rollout/                |              |
|    ep_len_mean          | 8.93e+03     |
|    ep_rew_mean          | -711         |
| time/                   |              |
|    fps                  | 374          |
|    iterations           | 32           |
|    time_elapsed         | 174          |
|    total_timesteps      | 65536        |
| train/                  |              |
|    approx_kl            | 0.0038388208 |
|    clip_fraction        | 0.0434       |
|    clip_range           | 0.2          |
|    entropy_loss         | -17          |
|    explained_variance   | -0.00884     |
|    learning_rate        | 0.000237     |
|    loss                 | 195          |
|    n_updates            | 263          |
|    policy_gradient_loss | -0.00352     |
|    std                  | 0.997        |
|    value_loss           | 485          |
------------------------------------------
Early stopping at step 7 due to reaching max kl: 0.03
-----------------------------------------
| rollout/                |             |
|    ep_len_mean          | 8.93e+03    |
|    ep_rew_mean          | -711        |
| time/                   |             |
|    fps                  | 375         |
|    iterations           | 33          |
|    time_elapsed         | 180         |
|    total_timesteps      | 67584       |
| train/                  |             |
|    approx_kl            | 0.017892709 |
|    clip_fraction        | 0.104       |
|    clip_range           | 0.2         |
|    entropy_loss         | -17         |
|    explained_variance   | 0.111       |
|    learning_rate        | 0.000235    |
|    loss                 | 2.64        |
|    n_updates            | 271         |
|    policy_gradient_loss | -0.00682    |
|    std                  | 0.996       |
|    value_loss           | 32.8        |
-----------------------------------------
-----------------------------------------
| rollout/                |             |
|    ep_len_mean          | 8.93e+03    |
|    ep_rew_mean          | -711        |
| time/                   |             |
|    fps                  | 374         |
|    iterations           | 34          |
|    time_elapsed         | 186         |
|    total_timesteps      | 69632       |
| train/                  |             |
|    approx_kl            | 0.017886441 |
|    clip_fraction        | 0.144       |
|    clip_range           | 0.2         |
|    entropy_loss         | -17         |
|    explained_variance   | 0.639       |
|    learning_rate        | 0.000233    |
|    loss                 | 0.968       |
|    n_updates            | 281         |
|    policy_gradient_loss | -0.00998    |
|    std                  | 0.997       |
|    value_loss           | 11.3        |
-----------------------------------------
------------------------------------------
| rollout/                |              |
|    ep_len_mean          | 8.93e+03     |
|    ep_rew_mean          | -714         |
| time/                   |              |
|    fps                  | 372          |
|    iterations           | 35           |
|    time_elapsed         | 192          |
|    total_timesteps      | 71680        |
| train/                  |              |
|    approx_kl            | 0.0042627566 |
|    clip_fraction        | 0.0431       |
|    clip_range           | 0.2          |
|    entropy_loss         | -17          |
|    explained_variance   | 0.122        |
|    learning_rate        | 0.000231     |
|    loss                 | 23           |
|    n_updates            | 291          |
|    policy_gradient_loss | -0.00354     |
|    std                  | 0.997        |
|    value_loss           | 89.5         |
------------------------------------------
------------------------------------------
| rollout/                |              |
|    ep_len_mean          | 8.93e+03     |
|    ep_rew_mean          | -714         |
| time/                   |              |
|    fps                  | 372          |
|    iterations           | 36           |
|    time_elapsed         | 197          |
|    total_timesteps      | 73728        |
| train/                  |              |
|    approx_kl            | 0.0023078746 |
|    clip_fraction        | 0.000781     |
|    clip_range           | 0.2          |
|    entropy_loss         | -17          |
|    explained_variance   | 0.636        |
|    learning_rate        | 0.000229     |
|    loss                 | 73.4         |
|    n_updates            | 301          |
|    policy_gradient_loss | -0.00309     |
|    std                  | 0.997        |
|    value_loss           | 209          |
------------------------------------------
Early stopping at step 6 due to reaching max kl: 0.03
-----------------------------------------
| rollout/                |             |
|    ep_len_mean          | 8.93e+03    |
|    ep_rew_mean          | -714        |
| time/                   |             |
|    fps                  | 373         |
|    iterations           | 37          |
|    time_elapsed         | 202         |
|    total_timesteps      | 75776       |
| train/                  |             |
|    approx_kl            | 0.030381307 |
|    clip_fraction        | 0.12        |
|    clip_range           | 0.2         |
|    entropy_loss         | -17         |
|    explained_variance   | 0.35        |
|    learning_rate        | 0.000227    |
|    loss                 | 1.9         |
|    n_updates            | 308         |
|    policy_gradient_loss | -0.0051     |
|    std                  | 0.995       |
|    value_loss           | 16.9        |
-----------------------------------------
----------------------------------------
| rollout/                |            |
|    ep_len_mean          | 8.93e+03   |
|    ep_rew_mean          | -714       |
| time/                   |            |
|    fps                  | 373        |
|    iterations           | 38         |
|    time_elapsed         | 208        |
|    total_timesteps      | 77824      |
| train/                  |            |
|    approx_kl            | 0.01641525 |
|    clip_fraction        | 0.152      |
|    clip_range           | 0.2        |
|    entropy_loss         | -17        |
|    explained_variance   | 0.476      |
|    learning_rate        | 0.000224   |
|    loss                 | 0.856      |
|    n_updates            | 318        |
|    policy_gradient_loss | -0.0112    |
|    std                  | 0.999      |
|    value_loss           | 12.7       |
----------------------------------------
-----------------------------------------
| rollout/                |             |
|    ep_len_mean          | 8.93e+03    |
|    ep_rew_mean          | -714        |
| time/                   |             |
|    fps                  | 372         |
|    iterations           | 39          |
|    time_elapsed         | 214         |
|    total_timesteps      | 79872       |
| train/                  |             |
|    approx_kl            | 0.007859977 |
|    clip_fraction        | 0.0751      |
|    clip_range           | 0.2         |
|    entropy_loss         | -17         |
|    explained_variance   | 0.72        |
|    learning_rate        | 0.000222    |
|    loss                 | 3.01        |
|    n_updates            | 328         |
|    policy_gradient_loss | -0.0111     |
|    std                  | 0.998       |
|    value_loss           | 11.2        |
-----------------------------------------
---------------------------------------
| rollout/                |           |
|    ep_len_mean          | 8.93e+03  |
|    ep_rew_mean          | -714      |
| time/                   |           |
|    fps                  | 369       |
|    iterations           | 40        |
|    time_elapsed         | 221       |
|    total_timesteps      | 81920     |
| train/                  |           |
|    approx_kl            | 0.0054927 |
|    clip_fraction        | 0.0107    |
|    clip_range           | 0.2       |
|    entropy_loss         | -17       |
|    explained_variance   | 0.622     |
|    learning_rate        | 0.00022   |
|    loss                 | 9.19      |
|    n_updates            | 338       |
|    policy_gradient_loss | -0.00522  |
|    std                  | 0.998     |
|    value_loss           | 40.6      |
---------------------------------------
------------------------------------------
| rollout/                |              |
|    ep_len_mean          | 8.93e+03     |
|    ep_rew_mean          | -714         |
| time/                   |              |
|    fps                  | 368          |
|    iterations           | 41           |
|    time_elapsed         | 227          |
|    total_timesteps      | 83968        |
| train/                  |              |
|    approx_kl            | 0.0044277012 |
|    clip_fraction        | 0.0118       |
|    clip_range           | 0.2          |
|    entropy_loss         | -17          |
|    explained_variance   | 0.986        |
|    learning_rate        | 0.000218     |
|    loss                 | 8.58         |
|    n_updates            | 348          |
|    policy_gradient_loss | -0.0066      |
|    std                  | 0.999        |
|    value_loss           | 31.4         |
------------------------------------------
Early stopping at step 6 due to reaching max kl: 0.03
-----------------------------------------
| rollout/                |             |
|    ep_len_mean          | 8.93e+03    |
|    ep_rew_mean          | -714        |
| time/                   |             |
|    fps                  | 369         |
|    iterations           | 42          |
|    time_elapsed         | 232         |
|    total_timesteps      | 86016       |
| train/                  |             |
|    approx_kl            | 0.019325884 |
|    clip_fraction        | 0.119       |
|    clip_range           | 0.2         |
|    entropy_loss         | -17         |
|    explained_variance   | 0.199       |
|    learning_rate        | 0.000216    |
|    loss                 | 1.32        |
|    n_updates            | 355         |
|    policy_gradient_loss | -0.0077     |
|    std                  | 1           |
|    value_loss           | 28.6        |
-----------------------------------------
-----------------------------------------
| rollout/                |             |
|    ep_len_mean          | 8.93e+03    |
|    ep_rew_mean          | -714        |
| time/                   |             |
|    fps                  | 369         |
|    iterations           | 43          |
|    time_elapsed         | 238         |
|    total_timesteps      | 88064       |
| train/                  |             |
|    approx_kl            | 0.011165693 |
|    clip_fraction        | 0.153       |
|    clip_range           | 0.2         |
|    entropy_loss         | -17         |
|    explained_variance   | 0.758       |
|    learning_rate        | 0.000214    |
|    loss                 | 2.18        |
|    n_updates            | 365         |
|    policy_gradient_loss | -0.0133     |
|    std                  | 0.998       |
|    value_loss           | 9.62        |
-----------------------------------------
------------------------------------------
| rollout/                |              |
|    ep_len_mean          | 8.93e+03     |
|    ep_rew_mean          | -715         |
| time/                   |              |
|    fps                  | 367          |
|    iterations           | 44           |
|    time_elapsed         | 245          |
|    total_timesteps      | 90112        |
| train/                  |              |
|    approx_kl            | 0.0065679825 |
|    clip_fraction        | 0.0463       |
|    clip_range           | 0.2          |
|    entropy_loss         | -17          |
|    explained_variance   | 0.94         |
|    learning_rate        | 0.000212     |
|    loss                 | 5.04         |
|    n_updates            | 375          |
|    policy_gradient_loss | -0.00789     |
|    std                  | 0.997        |
|    value_loss           | 21.5         |
------------------------------------------
------------------------------------------
| rollout/                |              |
|    ep_len_mean          | 8.93e+03     |
|    ep_rew_mean          | -715         |
| time/                   |              |
|    fps                  | 367          |
|    iterations           | 45           |
|    time_elapsed         | 250          |
|    total_timesteps      | 92160        |
| train/                  |              |
|    approx_kl            | 0.0058880816 |
|    clip_fraction        | 0.0278       |
|    clip_range           | 0.2          |
|    entropy_loss         | -17          |
|    explained_variance   | 0.995        |
|    learning_rate        | 0.00021      |
|    loss                 | 6.02         |
|    n_updates            | 385          |
|    policy_gradient_loss | -0.00914     |
|    std                  | 0.996        |
|    value_loss           | 18           |
------------------------------------------
Early stopping at step 4 due to reaching max kl: 0.04
-----------------------------------------
| rollout/                |             |
|    ep_len_mean          | 8.93e+03    |
|    ep_rew_mean          | -715        |
| time/                   |             |
|    fps                  | 369         |
|    iterations           | 46          |
|    time_elapsed         | 255         |
|    total_timesteps      | 94208       |
| train/                  |             |
|    approx_kl            | 0.018115701 |
|    clip_fraction        | 0.0936      |
|    clip_range           | 0.2         |
|    entropy_loss         | -17         |
|    explained_variance   | 0.0526      |
|    learning_rate        | 0.000208    |
|    loss                 | 3.17        |
|    n_updates            | 390         |
|    policy_gradient_loss | -0.00836    |
|    std                  | 0.994       |
|    value_loss           | 32.2        |
-----------------------------------------
Early stopping at step 0 due to reaching max kl: 0.04
-----------------------------------------
| rollout/                |             |
|    ep_len_mean          | 8.93e+03    |
|    ep_rew_mean          | -715        |
| time/                   |             |
|    fps                  | 371         |
|    iterations           | 47          |
|    time_elapsed         | 259         |
|    total_timesteps      | 96256       |
| train/                  |             |
|    approx_kl            | 0.014280166 |
|    clip_fraction        | 0.178       |
|    clip_range           | 0.2         |
|    entropy_loss         | -17         |
|    explained_variance   | 0.753       |
|    learning_rate        | 0.000206    |
|    loss                 | 18.6        |
|    n_updates            | 391         |
|    policy_gradient_loss | 0.016       |
|    std                  | 0.994       |
|    value_loss           | 48.8        |
-----------------------------------------
-----------------------------------------
| rollout/                |             |
|    ep_len_mean          | 8.93e+03    |
|    ep_rew_mean          | -715        |
| time/                   |             |
|    fps                  | 370         |
|    iterations           | 48          |
|    time_elapsed         | 265         |
|    total_timesteps      | 98304       |
| train/                  |             |
|    approx_kl            | 0.007573261 |
|    clip_fraction        | 0.0753      |
|    clip_range           | 0.2         |
|    entropy_loss         | -16.9       |
|    explained_variance   | 0.965       |
|    learning_rate        | 0.000204    |
|    loss                 | 2.08        |
|    n_updates            | 401         |
|    policy_gradient_loss | -0.0111     |
|    std                  | 0.993       |
|    value_loss           | 7.86        |
-----------------------------------------
-----------------------------------------
| rollout/                |             |
|    ep_len_mean          | 8.93e+03    |
|    ep_rew_mean          | -715        |
| time/                   |             |
|    fps                  | 368         |
|    iterations           | 49          |
|    time_elapsed         | 271         |
|    total_timesteps      | 100352      |
| train/                  |             |
|    approx_kl            | 0.006498983 |
|    clip_fraction        | 0.0167      |
|    clip_range           | 0.2         |
|    entropy_loss         | -16.9       |
|    explained_variance   | 0.991       |
|    learning_rate        | 0.000202    |
|    loss                 | 2.21        |
|    n_updates            | 411         |
|    policy_gradient_loss | -0.00436    |
|    std                  | 0.993       |
|    value_loss           | 9.75        |
-----------------------------------------
Early stopping at step 3 due to reaching max kl: 0.03
-----------------------------------------
| rollout/                |             |
|    ep_len_mean          | 8.93e+03    |
|    ep_rew_mean          | -715        |
| time/                   |             |
|    fps                  | 370         |
|    iterations           | 50          |
|    time_elapsed         | 276         |
|    total_timesteps      | 102400      |
| train/                  |             |
|    approx_kl            | 0.010046661 |
|    clip_fraction        | 0.0616      |
|    clip_range           | 0.2         |
|    entropy_loss         | -16.9       |
|    explained_variance   | 0.101       |
|    learning_rate        | 0.0002      |
|    loss                 | 1.93        |
|    n_updates            | 415         |
|    policy_gradient_loss | -0.00642    |
|    std                  | 0.994       |
|    value_loss           | 22          |
-----------------------------------------
Early stopping at step 0 due to reaching max kl: 0.03
-----------------------------------------
| rollout/                |             |
|    ep_len_mean          | 8.93e+03    |
|    ep_rew_mean          | -715        |
| time/                   |             |
|    fps                  | 373         |
|    iterations           | 51          |
|    time_elapsed         | 280         |
|    total_timesteps      | 104448      |
| train/                  |             |
|    approx_kl            | 0.010829464 |
|    clip_fraction        | 0.162       |
|    clip_range           | 0.2         |
|    entropy_loss         | -17         |
|    explained_variance   | 0.134       |
|    learning_rate        | 0.000198    |
|    loss                 | 36.4        |
|    n_updates            | 416         |
|    policy_gradient_loss | 0.0066      |
|    std                  | 0.994       |
|    value_loss           | 85.6        |
-----------------------------------------
-----------------------------------------
| rollout/                |             |
|    ep_len_mean          | 8.93e+03    |
|    ep_rew_mean          | -715        |
| time/                   |             |
|    fps                  | 373         |
|    iterations           | 52          |
|    time_elapsed         | 285         |
|    total_timesteps      | 106496      |
| train/                  |             |
|    approx_kl            | 0.008520117 |
|    clip_fraction        | 0.111       |
|    clip_range           | 0.2         |
|    entropy_loss         | -16.9       |
|    explained_variance   | 0.881       |
|    learning_rate        | 0.000196    |
|    loss                 | 3.74        |
|    n_updates            | 426         |
|    policy_gradient_loss | -0.0108     |
|    std                  | 0.993       |
|    value_loss           | 17.3        |
-----------------------------------------
-----------------------------------------
| rollout/                |             |
|    ep_len_mean          | 8.93e+03    |
|    ep_rew_mean          | -716        |
| time/                   |             |
|    fps                  | 370         |
|    iterations           | 53          |
|    time_elapsed         | 293         |
|    total_timesteps      | 108544      |
| train/                  |             |
|    approx_kl            | 0.005722138 |
|    clip_fraction        | 0.0245      |
|    clip_range           | 0.2         |
|    entropy_loss         | -16.9       |
|    explained_variance   | 0.982       |
|    learning_rate        | 0.000194    |
|    loss                 | 4.67        |
|    n_updates            | 436         |
|    policy_gradient_loss | -0.00603    |
|    std                  | 0.994       |
|    value_loss           | 16.1        |
-----------------------------------------
Early stopping at step 8 due to reaching max kl: 0.03
-----------------------------------------
| rollout/                |             |
|    ep_len_mean          | 8.93e+03    |
|    ep_rew_mean          | -716        |
| time/                   |             |
|    fps                  | 370         |
|    iterations           | 54          |
|    time_elapsed         | 298         |
|    total_timesteps      | 110592      |
| train/                  |             |
|    approx_kl            | 0.017806532 |
|    clip_fraction        | 0.129       |
|    clip_range           | 0.2         |
|    entropy_loss         | -16.9       |
|    explained_variance   | 0.999       |
|    learning_rate        | 0.000192    |
|    loss                 | 1.31        |
|    n_updates            | 445         |
|    policy_gradient_loss | -0.0104     |
|    std                  | 0.994       |
|    value_loss           | 13          |
-----------------------------------------
Early stopping at step 5 due to reaching max kl: 0.04
-----------------------------------------
| rollout/                |             |
|    ep_len_mean          | 8.93e+03    |
|    ep_rew_mean          | -716        |
| time/                   |             |
|    fps                  | 370         |
|    iterations           | 55          |
|    time_elapsed         | 304         |
|    total_timesteps      | 112640      |
| train/                  |             |
|    approx_kl            | 0.015978154 |
|    clip_fraction        | 0.0873      |
|    clip_range           | 0.2         |
|    entropy_loss         | -16.9       |
|    explained_variance   | 0.0254      |
|    learning_rate        | 0.00019     |
|    loss                 | 3.48        |
|    n_updates            | 451         |
|    policy_gradient_loss | -0.00601    |
|    std                  | 0.992       |
|    value_loss           | 32.1        |
-----------------------------------------
Early stopping at step 0 due to reaching max kl: 0.03
-----------------------------------------
| rollout/                |             |
|    ep_len_mean          | 8.93e+03    |
|    ep_rew_mean          | -716        |
| time/                   |             |
|    fps                  | 373         |
|    iterations           | 56          |
|    time_elapsed         | 307         |
|    total_timesteps      | 114688      |
| train/                  |             |
|    approx_kl            | 0.015654957 |
|    clip_fraction        | 0.227       |
|    clip_range           | 0.2         |
|    entropy_loss         | -16.9       |
|    explained_variance   | 0.881       |
|    learning_rate        | 0.000188    |
|    loss                 | 14.9        |
|    n_updates            | 452         |
|    policy_gradient_loss | 0.0109      |
|    std                  | 0.992       |
|    value_loss           | 31.2        |
-----------------------------------------
-----------------------------------------
| rollout/                |             |
|    ep_len_mean          | 8.93e+03    |
|    ep_rew_mean          | -716        |
| time/                   |             |
|    fps                  | 372         |
|    iterations           | 57          |
|    time_elapsed         | 313         |
|    total_timesteps      | 116736      |
| train/                  |             |
|    approx_kl            | 0.007005716 |
|    clip_fraction        | 0.0317      |
|    clip_range           | 0.2         |
|    entropy_loss         | -16.9       |
|    explained_variance   | 0.985       |
|    learning_rate        | 0.000186    |
|    loss                 | 3.38        |
|    n_updates            | 462         |
|    policy_gradient_loss | -0.0059     |
|    std                  | 0.992       |
|    value_loss           | 17.5        |
-----------------------------------------
----------------------------------------
| rollout/                |            |
|    ep_len_mean          | 8.93e+03   |
|    ep_rew_mean          | -716       |
| time/                   |            |
|    fps                  | 372        |
|    iterations           | 58         |
|    time_elapsed         | 318        |
|    total_timesteps      | 118784     |
| train/                  |            |
|    approx_kl            | 0.01160739 |
|    clip_fraction        | 0.0975     |
|    clip_range           | 0.2        |
|    entropy_loss         | -16.9      |
|    explained_variance   | 0.999      |
|    learning_rate        | 0.000184   |
|    loss                 | 1.83       |
|    n_updates            | 472        |
|    policy_gradient_loss | -0.0121    |
|    std                  | 0.994      |
|    value_loss           | 8.37       |
----------------------------------------
Early stopping at step 7 due to reaching max kl: 0.03
----------------------------------------
| rollout/                |            |
|    ep_len_mean          | 8.93e+03   |
|    ep_rew_mean          | -716       |
| time/                   |            |
|    fps                  | 373        |
|    iterations           | 59         |
|    time_elapsed         | 323        |
|    total_timesteps      | 120832     |
| train/                  |            |
|    approx_kl            | 0.01857594 |
|    clip_fraction        | 0.129      |
|    clip_range           | 0.2        |
|    entropy_loss         | -16.9      |
|    explained_variance   | 0.0245     |
|    learning_rate        | 0.000182   |
|    loss                 | 1.65       |
|    n_updates            | 480        |
|    policy_gradient_loss | -0.00669   |
|    std                  | 0.993      |
|    value_loss           | 24.2       |
----------------------------------------
----------------------------------------
| rollout/                |            |
|    ep_len_mean          | 8.93e+03   |
|    ep_rew_mean          | -716       |
| time/                   |            |
|    fps                  | 373        |
|    iterations           | 60         |
|    time_elapsed         | 329        |
|    total_timesteps      | 122880     |
| train/                  |            |
|    approx_kl            | 0.01683578 |
|    clip_fraction        | 0.149      |
|    clip_range           | 0.2        |
|    entropy_loss         | -16.9      |
|    explained_variance   | 0.696      |
|    learning_rate        | 0.00018    |
|    loss                 | 0.855      |
|    n_updates            | 490        |
|    policy_gradient_loss | -0.0111    |
|    std                  | 0.993      |
|    value_loss           | 9.1        |
----------------------------------------
-----------------------------------------
| rollout/                |             |
|    ep_len_mean          | 8.93e+03    |
|    ep_rew_mean          | -716        |
| time/                   |             |
|    fps                  | 373         |
|    iterations           | 61          |
|    time_elapsed         | 334         |
|    total_timesteps      | 124928      |
| train/                  |             |
|    approx_kl            | 0.007034479 |
|    clip_fraction        | 0.0705      |
|    clip_range           | 0.2         |
|    entropy_loss         | -16.9       |
|    explained_variance   | 0.992       |
|    learning_rate        | 0.000178    |
|    loss                 | 2.85        |
|    n_updates            | 500         |
|    policy_gradient_loss | -0.00543    |
|    std                  | 0.992       |
|    value_loss           | 8.04        |
-----------------------------------------
-----------------------------------------
| rollout/                |             |
|    ep_len_mean          | 8.93e+03    |
|    ep_rew_mean          | -715        |
| time/                   |             |
|    fps                  | 373         |
|    iterations           | 62          |
|    time_elapsed         | 340         |
|    total_timesteps      | 126976      |
| train/                  |             |
|    approx_kl            | 0.008489577 |
|    clip_fraction        | 0.0729      |
|    clip_range           | 0.2         |
|    entropy_loss         | -16.9       |
|    explained_variance   | 0.946       |
|    learning_rate        | 0.000176    |
|    loss                 | 0.486       |
|    n_updates            | 510         |
|    policy_gradient_loss | -0.00959    |
|    std                  | 0.992       |
|    value_loss           | 3.65        |
-----------------------------------------
Early stopping at step 6 due to reaching max kl: 0.03
-----------------------------------------
| rollout/                |             |
|    ep_len_mean          | 8.93e+03    |
|    ep_rew_mean          | -715        |
| time/                   |             |
|    fps                  | 373         |
|    iterations           | 63          |
|    time_elapsed         | 345         |
|    total_timesteps      | 129024      |
| train/                  |             |
|    approx_kl            | 0.021670941 |
|    clip_fraction        | 0.119       |
|    clip_range           | 0.2         |
|    entropy_loss         | -16.9       |
|    explained_variance   | 0.999       |
|    learning_rate        | 0.000173    |
|    loss                 | 1.05        |
|    n_updates            | 517         |
|    policy_gradient_loss | -0.00938    |
|    std                  | 0.989       |
|    value_loss           | 13.4        |
-----------------------------------------
-----------------------------------------
| rollout/                |             |
|    ep_len_mean          | 8.93e+03    |
|    ep_rew_mean          | -715        |
| time/                   |             |
|    fps                  | 371         |
|    iterations           | 64          |
|    time_elapsed         | 352         |
|    total_timesteps      | 131072      |
| train/                  |             |
|    approx_kl            | 0.016902182 |
|    clip_fraction        | 0.168       |
|    clip_range           | 0.2         |
|    entropy_loss         | -16.9       |
|    explained_variance   | 0.444       |
|    learning_rate        | 0.000171    |
|    loss                 | 1.72        |
|    n_updates            | 527         |
|    policy_gradient_loss | -0.0138     |
|    std                  | 0.988       |
|    value_loss           | 21.4        |
-----------------------------------------
------------------------------------------
| rollout/                |              |
|    ep_len_mean          | 8.93e+03     |
|    ep_rew_mean          | -715         |
| time/                   |              |
|    fps                  | 371          |
|    iterations           | 65           |
|    time_elapsed         | 358          |
|    total_timesteps      | 133120       |
| train/                  |              |
|    approx_kl            | 0.0068538683 |
|    clip_fraction        | 0.0821       |
|    clip_range           | 0.2          |
|    entropy_loss         | -16.9        |
|    explained_variance   | 0.982        |
|    learning_rate        | 0.000169     |
|    loss                 | 2.34         |
|    n_updates            | 537          |
|    policy_gradient_loss | -0.00435     |
|    std                  | 0.988        |
|    value_loss           | 6.67         |
------------------------------------------
------------------------------------------
| rollout/                |              |
|    ep_len_mean          | 8.93e+03     |
|    ep_rew_mean          | -716         |
| time/                   |              |
|    fps                  | 371          |
|    iterations           | 66           |
|    time_elapsed         | 364          |
|    total_timesteps      | 135168       |
| train/                  |              |
|    approx_kl            | 0.0075463504 |
|    clip_fraction        | 0.0515       |
|    clip_range           | 0.2          |
|    entropy_loss         | -16.9        |
|    explained_variance   | 0.983        |
|    learning_rate        | 0.000167     |
|    loss                 | 0.483        |
|    n_updates            | 547          |
|    policy_gradient_loss | -0.0103      |
|    std                  | 0.987        |
|    value_loss           | 2.37         |
------------------------------------------
-----------------------------------------
| rollout/                |             |
|    ep_len_mean          | 8.93e+03    |
|    ep_rew_mean          | -716        |
| time/                   |             |
|    fps                  | 370         |
|    iterations           | 67          |
|    time_elapsed         | 369         |
|    total_timesteps      | 137216      |
| train/                  |             |
|    approx_kl            | 0.014616946 |
|    clip_fraction        | 0.12        |
|    clip_range           | 0.2         |
|    entropy_loss         | -16.8       |
|    explained_variance   | 1           |
|    learning_rate        | 0.000165    |
|    loss                 | 0.649       |
|    n_updates            | 557         |
|    policy_gradient_loss | -0.0133     |
|    std                  | 0.983       |
|    value_loss           | 7.21        |
-----------------------------------------
-----------------------------------------
| rollout/                |             |
|    ep_len_mean          | 8.93e+03    |
|    ep_rew_mean          | -716        |
| time/                   |             |
|    fps                  | 370         |
|    iterations           | 68          |
|    time_elapsed         | 375         |
|    total_timesteps      | 139264      |
| train/                  |             |
|    approx_kl            | 0.014716307 |
|    clip_fraction        | 0.129       |
|    clip_range           | 0.2         |
|    entropy_loss         | -16.8       |
|    explained_variance   | 0.396       |
|    learning_rate        | 0.000163    |
|    loss                 | 1.27        |
|    n_updates            | 567         |
|    policy_gradient_loss | -0.0117     |
|    std                  | 0.982       |
|    value_loss           | 24.5        |
-----------------------------------------
-----------------------------------------
| rollout/                |             |
|    ep_len_mean          | 8.93e+03    |
|    ep_rew_mean          | -716        |
| time/                   |             |
|    fps                  | 369         |
|    iterations           | 69          |
|    time_elapsed         | 382         |
|    total_timesteps      | 141312      |
| train/                  |             |
|    approx_kl            | 0.006482674 |
|    clip_fraction        | 0.0599      |
|    clip_range           | 0.2         |
|    entropy_loss         | -16.8       |
|    explained_variance   | 0.973       |
|    learning_rate        | 0.000161    |
|    loss                 | 0.951       |
|    n_updates            | 577         |
|    policy_gradient_loss | -0.0101     |
|    std                  | 0.981       |
|    value_loss           | 3.39        |
-----------------------------------------
------------------------------------------
| rollout/                |              |
|    ep_len_mean          | 8.93e+03     |
|    ep_rew_mean          | -716         |
| time/                   |              |
|    fps                  | 370          |
|    iterations           | 70           |
|    time_elapsed         | 387          |
|    total_timesteps      | 143360       |
| train/                  |              |
|    approx_kl            | 0.0058952593 |
|    clip_fraction        | 0.0413       |
|    clip_range           | 0.2          |
|    entropy_loss         | -16.8        |
|    explained_variance   | 0.997        |
|    learning_rate        | 0.000159     |
|    loss                 | 1.06         |
|    n_updates            | 587          |
|    policy_gradient_loss | -0.00889     |
|    std                  | 0.982        |
|    value_loss           | 2.09         |
------------------------------------------
-----------------------------------------
| rollout/                |             |
|    ep_len_mean          | 8.93e+03    |
|    ep_rew_mean          | -716        |
| time/                   |             |
|    fps                  | 369         |
|    iterations           | 71          |
|    time_elapsed         | 393         |
|    total_timesteps      | 145408      |
| train/                  |             |
|    approx_kl            | 0.013701441 |
|    clip_fraction        | 0.146       |
|    clip_range           | 0.2         |
|    entropy_loss         | -16.8       |
|    explained_variance   | 1           |
|    learning_rate        | 0.000157    |
|    loss                 | 1.02        |
|    n_updates            | 597         |
|    policy_gradient_loss | -0.0137     |
|    std                  | 0.981       |
|    value_loss           | 6.4         |
-----------------------------------------
Early stopping at step 8 due to reaching max kl: 0.03
-----------------------------------------
| rollout/                |             |
|    ep_len_mean          | 8.93e+03    |
|    ep_rew_mean          | -716        |
| time/                   |             |
|    fps                  | 369         |
|    iterations           | 72          |
|    time_elapsed         | 398         |
|    total_timesteps      | 147456      |
| train/                  |             |
|    approx_kl            | 0.023495583 |
|    clip_fraction        | 0.124       |
|    clip_range           | 0.2         |
|    entropy_loss         | -16.8       |
|    explained_variance   | 0.076       |
|    learning_rate        | 0.000155    |
|    loss                 | 1.72        |
|    n_updates            | 606         |
|    policy_gradient_loss | -0.011      |
|    std                  | 0.982       |
|    value_loss           | 21.8        |
-----------------------------------------
-----------------------------------------
| rollout/                |             |
|    ep_len_mean          | 8.93e+03    |
|    ep_rew_mean          | -716        |
| time/                   |             |
|    fps                  | 369         |
|    iterations           | 73          |
|    time_elapsed         | 404         |
|    total_timesteps      | 149504      |
| train/                  |             |
|    approx_kl            | 0.013254757 |
|    clip_fraction        | 0.137       |
|    clip_range           | 0.2         |
|    entropy_loss         | -16.8       |
|    explained_variance   | 0.731       |
|    learning_rate        | 0.000153    |
|    loss                 | 1.2         |
|    n_updates            | 616         |
|    policy_gradient_loss | -0.0133     |
|    std                  | 0.982       |
|    value_loss           | 11.1        |
-----------------------------------------
------------------------------------------
| rollout/                |              |
|    ep_len_mean          | 8.93e+03     |
|    ep_rew_mean          | -716         |
| time/                   |              |
|    fps                  | 368          |
|    iterations           | 74           |
|    time_elapsed         | 411          |
|    total_timesteps      | 151552       |
| train/                  |              |
|    approx_kl            | 0.0034705766 |
|    clip_fraction        | 0.00684      |
|    clip_range           | 0.2          |
|    entropy_loss         | -16.8        |
|    explained_variance   | 0.993        |
|    learning_rate        | 0.000151     |
|    loss                 | 1.98         |
|    n_updates            | 626          |
|    policy_gradient_loss | -0.00344     |
|    std                  | 0.982        |
|    value_loss           | 7.89         |
------------------------------------------
------------------------------------------
| rollout/                |              |
|    ep_len_mean          | 8.93e+03     |
|    ep_rew_mean          | -716         |
| time/                   |              |
|    fps                  | 367          |
|    iterations           | 75           |
|    time_elapsed         | 417          |
|    total_timesteps      | 153600       |
| train/                  |              |
|    approx_kl            | 0.0076066996 |
|    clip_fraction        | 0.05         |
|    clip_range           | 0.2          |
|    entropy_loss         | -16.8        |
|    explained_variance   | 0.948        |
|    learning_rate        | 0.000149     |
|    loss                 | 0.785        |
|    n_updates            | 636          |
|    policy_gradient_loss | -0.00826     |
|    std                  | 0.982        |
|    value_loss           | 3.44         |
------------------------------------------
-----------------------------------------
| rollout/                |             |
|    ep_len_mean          | 8.93e+03    |
|    ep_rew_mean          | -716        |
| time/                   |             |
|    fps                  | 367         |
|    iterations           | 76          |
|    time_elapsed         | 423         |
|    total_timesteps      | 155648      |
| train/                  |             |
|    approx_kl            | 0.011717149 |
|    clip_fraction        | 0.0891      |
|    clip_range           | 0.2         |
|    entropy_loss         | -16.8       |
|    explained_variance   | 0.998       |
|    learning_rate        | 0.000147    |
|    loss                 | 0.855       |
|    n_updates            | 646         |
|    policy_gradient_loss | -0.009      |
|    std                  | 0.979       |
|    value_loss           | 10.7        |
-----------------------------------------
-----------------------------------------
| rollout/                |             |
|    ep_len_mean          | 8.93e+03    |
|    ep_rew_mean          | -716        |
| time/                   |             |
|    fps                  | 367         |
|    iterations           | 77          |
|    time_elapsed         | 429         |
|    total_timesteps      | 157696      |
| train/                  |             |
|    approx_kl            | 0.011231145 |
|    clip_fraction        | 0.0914      |
|    clip_range           | 0.2         |
|    entropy_loss         | -16.8       |
|    explained_variance   | 0.626       |
|    learning_rate        | 0.000145    |
|    loss                 | 1.91        |
|    n_updates            | 656         |
|    policy_gradient_loss | -0.0112     |
|    std                  | 0.977       |
|    value_loss           | 26          |
-----------------------------------------
-----------------------------------------
| rollout/                |             |
|    ep_len_mean          | 8.93e+03    |
|    ep_rew_mean          | -716        |
| time/                   |             |
|    fps                  | 366         |
|    iterations           | 78          |
|    time_elapsed         | 435         |
|    total_timesteps      | 159744      |
| train/                  |             |
|    approx_kl            | 0.005291002 |
|    clip_fraction        | 0.0416      |
|    clip_range           | 0.2         |
|    entropy_loss         | -16.7       |
|    explained_variance   | 0.992       |
|    learning_rate        | 0.000143    |
|    loss                 | 1.47        |
|    n_updates            | 666         |
|    policy_gradient_loss | -0.00556    |
|    std                  | 0.976       |
|    value_loss           | 4.7         |
-----------------------------------------
-----------------------------------------
| rollout/                |             |
|    ep_len_mean          | 8.93e+03    |
|    ep_rew_mean          | -716        |
| time/                   |             |
|    fps                  | 365         |
|    iterations           | 79          |
|    time_elapsed         | 442         |
|    total_timesteps      | 161792      |
| train/                  |             |
|    approx_kl            | 0.010076914 |
|    clip_fraction        | 0.0655      |
|    clip_range           | 0.2         |
|    entropy_loss         | -16.7       |
|    explained_variance   | 0.987       |
|    learning_rate        | 0.000141    |
|    loss                 | 0.467       |
|    n_updates            | 676         |
|    policy_gradient_loss | -0.0107     |
|    std                  | 0.975       |
|    value_loss           | 2.64        |
-----------------------------------------
-----------------------------------------
| rollout/                |             |
|    ep_len_mean          | 8.93e+03    |
|    ep_rew_mean          | -716        |
| time/                   |             |
|    fps                  | 366         |
|    iterations           | 80          |
|    time_elapsed         | 447         |
|    total_timesteps      | 163840      |
| train/                  |             |
|    approx_kl            | 0.013137521 |
|    clip_fraction        | 0.101       |
|    clip_range           | 0.2         |
|    entropy_loss         | -16.7       |
|    explained_variance   | 1           |
|    learning_rate        | 0.000139    |
|    loss                 | 2.23        |
|    n_updates            | 686         |
|    policy_gradient_loss | -0.0124     |
|    std                  | 0.973       |
|    value_loss           | 9.81        |
-----------------------------------------
-----------------------------------------
| rollout/                |             |
|    ep_len_mean          | 8.93e+03    |
|    ep_rew_mean          | -716        |
| time/                   |             |
|    fps                  | 366         |
|    iterations           | 81          |
|    time_elapsed         | 452         |
|    total_timesteps      | 165888      |
| train/                  |             |
|    approx_kl            | 0.013811284 |
|    clip_fraction        | 0.0938      |
|    clip_range           | 0.2         |
|    entropy_loss         | -16.7       |
|    explained_variance   | 0.3         |
|    learning_rate        | 0.000137    |
|    loss                 | 1.96        |
|    n_updates            | 696         |
|    policy_gradient_loss | -0.0101     |
|    std                  | 0.973       |
|    value_loss           | 29.3        |
-----------------------------------------
Early stopping at step 0 due to reaching max kl: 0.03
-----------------------------------------
| rollout/                |             |
|    ep_len_mean          | 8.93e+03    |
|    ep_rew_mean          | -716        |
| time/                   |             |
|    fps                  | 367         |
|    iterations           | 82          |
|    time_elapsed         | 456         |
|    total_timesteps      | 167936      |
| train/                  |             |
|    approx_kl            | 0.014677552 |
|    clip_fraction        | 0.219       |
|    clip_range           | 0.2         |
|    entropy_loss         | -16.7       |
|    explained_variance   | 0.986       |
|    learning_rate        | 0.000135    |
|    loss                 | 6.05        |
|    n_updates            | 697         |
|    policy_gradient_loss | 0.00887     |
|    std                  | 0.973       |
|    value_loss           | 19.7        |
-----------------------------------------
-----------------------------------------
| rollout/                |             |
|    ep_len_mean          | 8.93e+03    |
|    ep_rew_mean          | -717        |
| time/                   |             |
|    fps                  | 366         |
|    iterations           | 83          |
|    time_elapsed         | 463         |
|    total_timesteps      | 169984      |
| train/                  |             |
|    approx_kl            | 0.008697266 |
|    clip_fraction        | 0.0689      |
|    clip_range           | 0.2         |
|    entropy_loss         | -16.7       |
|    explained_variance   | 0.992       |
|    learning_rate        | 0.000133    |
|    loss                 | 0.439       |
|    n_updates            | 707         |
|    policy_gradient_loss | -0.0108     |
|    std                  | 0.973       |
|    value_loss           | 1.84        |
-----------------------------------------
-----------------------------------------
| rollout/                |             |
|    ep_len_mean          | 8.93e+03    |
|    ep_rew_mean          | -717        |
| time/                   |             |
|    fps                  | 366         |
|    iterations           | 84          |
|    time_elapsed         | 469         |
|    total_timesteps      | 172032      |
| train/                  |             |
|    approx_kl            | 0.012250582 |
|    clip_fraction        | 0.133       |
|    clip_range           | 0.2         |
|    entropy_loss         | -16.7       |
|    explained_variance   | 1           |
|    learning_rate        | 0.000131    |
|    loss                 | 1.53        |
|    n_updates            | 717         |
|    policy_gradient_loss | -0.0171     |
|    std                  | 0.971       |
|    value_loss           | 5.71        |
-----------------------------------------
--------------------------------------
| rollout/                |          |
|    ep_len_mean          | 8.93e+03 |
|    ep_rew_mean          | -717     |
| time/                   |          |
|    fps                  | 364      |
|    iterations           | 85       |
|    time_elapsed         | 477      |
|    total_timesteps      | 174080   |
| train/                  |          |
|    approx_kl            | 0.015276 |
|    clip_fraction        | 0.107    |
|    clip_range           | 0.2      |
|    entropy_loss         | -16.7    |
|    explained_variance   | 0.15     |
|    learning_rate        | 0.000129 |
|    loss                 | 1.06     |
|    n_updates            | 727      |
|    policy_gradient_loss | -0.00926 |
|    std                  | 0.97     |
|    value_loss           | 19       |
--------------------------------------
-----------------------------------------
| rollout/                |             |
|    ep_len_mean          | 8.93e+03    |
|    ep_rew_mean          | -717        |
| time/                   |             |
|    fps                  | 363         |
|    iterations           | 86          |
|    time_elapsed         | 484         |
|    total_timesteps      | 176128      |
| train/                  |             |
|    approx_kl            | 0.008686587 |
|    clip_fraction        | 0.0826      |
|    clip_range           | 0.2         |
|    entropy_loss         | -16.6       |
|    explained_variance   | 0.914       |
|    learning_rate        | 0.000127    |
|    loss                 | 4.59        |
|    n_updates            | 737         |
|    policy_gradient_loss | -0.00953    |
|    std                  | 0.969       |
|    value_loss           | 20.1        |
-----------------------------------------
------------------------------------------
| rollout/                |              |
|    ep_len_mean          | 8.93e+03     |
|    ep_rew_mean          | -717         |
| time/                   |              |
|    fps                  | 362          |
|    iterations           | 87           |
|    time_elapsed         | 491          |
|    total_timesteps      | 178176       |
| train/                  |              |
|    approx_kl            | 0.0045977626 |
|    clip_fraction        | 0.0292       |
|    clip_range           | 0.2          |
|    entropy_loss         | -16.6        |
|    explained_variance   | 0.996        |
|    learning_rate        | 0.000124     |
|    loss                 | 0.986        |
|    n_updates            | 747          |
|    policy_gradient_loss | -0.00528     |
|    std                  | 0.969        |
|    value_loss           | 4.23         |
------------------------------------------
-----------------------------------------
| rollout/                |             |
|    ep_len_mean          | 8.93e+03    |
|    ep_rew_mean          | -716        |
| time/                   |             |
|    fps                  | 362         |
|    iterations           | 88          |
|    time_elapsed         | 497         |
|    total_timesteps      | 180224      |
| train/                  |             |
|    approx_kl            | 0.013973709 |
|    clip_fraction        | 0.119       |
|    clip_range           | 0.2         |
|    entropy_loss         | -16.6       |
|    explained_variance   | 0.975       |
|    learning_rate        | 0.000122    |
|    loss                 | 0.351       |
|    n_updates            | 757         |
|    policy_gradient_loss | -0.0122     |
|    std                  | 0.968       |
|    value_loss           | 1.87        |
-----------------------------------------
------------------------------------------
| rollout/                |              |
|    ep_len_mean          | 8.93e+03     |
|    ep_rew_mean          | -716         |
| time/                   |              |
|    fps                  | 361          |
|    iterations           | 89           |
|    time_elapsed         | 504          |
|    total_timesteps      | 182272       |
| train/                  |              |
|    approx_kl            | 0.0098546855 |
|    clip_fraction        | 0.0753       |
|    clip_range           | 0.2          |
|    entropy_loss         | -16.6        |
|    explained_variance   | 1            |
|    learning_rate        | 0.00012      |
|    loss                 | 1.65         |
|    n_updates            | 767          |
|    policy_gradient_loss | -0.0136      |
|    std                  | 0.969        |
|    value_loss           | 13.1         |
------------------------------------------
-----------------------------------------
| rollout/                |             |
|    ep_len_mean          | 8.93e+03    |
|    ep_rew_mean          | -716        |
| time/                   |             |
|    fps                  | 360         |
|    iterations           | 90          |
|    time_elapsed         | 511         |
|    total_timesteps      | 184320      |
| train/                  |             |
|    approx_kl            | 0.007843537 |
|    clip_fraction        | 0.0578      |
|    clip_range           | 0.2         |
|    entropy_loss         | -16.6       |
|    explained_variance   | 0.551       |
|    learning_rate        | 0.000118    |
|    loss                 | 3.58        |
|    n_updates            | 777         |
|    policy_gradient_loss | -0.00917    |
|    std                  | 0.969       |
|    value_loss           | 35.4        |
-----------------------------------------
------------------------------------------
| rollout/                |              |
|    ep_len_mean          | 8.93e+03     |
|    ep_rew_mean          | -716         |
| time/                   |              |
|    fps                  | 359          |
|    iterations           | 91           |
|    time_elapsed         | 518          |
|    total_timesteps      | 186368       |
| train/                  |              |
|    approx_kl            | 0.0057312213 |
|    clip_fraction        | 0.0273       |
|    clip_range           | 0.2          |
|    entropy_loss         | -16.6        |
|    explained_variance   | 0.993        |
|    learning_rate        | 0.000116     |
|    loss                 | 1.24         |
|    n_updates            | 787          |
|    policy_gradient_loss | -0.00379     |
|    std                  | 0.969        |
|    value_loss           | 5.04         |
------------------------------------------
-----------------------------------------
| rollout/                |             |
|    ep_len_mean          | 8.93e+03    |
|    ep_rew_mean          | -716        |
| time/                   |             |
|    fps                  | 359         |
|    iterations           | 92          |
|    time_elapsed         | 523         |
|    total_timesteps      | 188416      |
| train/                  |             |
|    approx_kl            | 0.009156697 |
|    clip_fraction        | 0.0746      |
|    clip_range           | 0.2         |
|    entropy_loss         | -16.6       |
|    explained_variance   | 0.99        |
|    learning_rate        | 0.000114    |
|    loss                 | 0.714       |
|    n_updates            | 797         |
|    policy_gradient_loss | -0.0111     |
|    std                  | 0.969       |
|    value_loss           | 1.62        |
-----------------------------------------
-----------------------------------------
| rollout/                |             |
|    ep_len_mean          | 8.93e+03    |
|    ep_rew_mean          | -716        |
| time/                   |             |
|    fps                  | 358         |
|    iterations           | 93          |
|    time_elapsed         | 530         |
|    total_timesteps      | 190464      |
| train/                  |             |
|    approx_kl            | 0.010286516 |
|    clip_fraction        | 0.075       |
|    clip_range           | 0.2         |
|    entropy_loss         | -16.6       |
|    explained_variance   | 1           |
|    learning_rate        | 0.000112    |
|    loss                 | 1.33        |
|    n_updates            | 807         |
|    policy_gradient_loss | -0.0124     |
|    std                  | 0.967       |
|    value_loss           | 10          |
-----------------------------------------
-----------------------------------------
| rollout/                |             |
|    ep_len_mean          | 8.93e+03    |
|    ep_rew_mean          | -716        |
| time/                   |             |
|    fps                  | 358         |
|    iterations           | 94          |
|    time_elapsed         | 537         |
|    total_timesteps      | 192512      |
| train/                  |             |
|    approx_kl            | 0.009884454 |
|    clip_fraction        | 0.0963      |
|    clip_range           | 0.2         |
|    entropy_loss         | -16.6       |
|    explained_variance   | 0.0496      |
|    learning_rate        | 0.00011     |
|    loss                 | 1.84        |
|    n_updates            | 817         |
|    policy_gradient_loss | -0.0148     |
|    std                  | 0.969       |
|    value_loss           | 35.8        |
-----------------------------------------
------------------------------------------
| rollout/                |              |
|    ep_len_mean          | 8.93e+03     |
|    ep_rew_mean          | -716         |
| time/                   |              |
|    fps                  | 357          |
|    iterations           | 95           |
|    time_elapsed         | 543          |
|    total_timesteps      | 194560       |
| train/                  |              |
|    approx_kl            | 0.0072085042 |
|    clip_fraction        | 0.0661       |
|    clip_range           | 0.2          |
|    entropy_loss         | -16.6        |
|    explained_variance   | 0.951        |
|    learning_rate        | 0.000108     |
|    loss                 | 4.96         |
|    n_updates            | 827          |
|    policy_gradient_loss | -0.0106      |
|    std                  | 0.969        |
|    value_loss           | 20           |
------------------------------------------
---------------------------------------
| rollout/                |           |
|    ep_len_mean          | 8.93e+03  |
|    ep_rew_mean          | -716      |
| time/                   |           |
|    fps                  | 357       |
|    iterations           | 96        |
|    time_elapsed         | 550       |
|    total_timesteps      | 196608    |
| train/                  |           |
|    approx_kl            | 0.0096504 |
|    clip_fraction        | 0.0692    |
|    clip_range           | 0.2       |
|    entropy_loss         | -16.6     |
|    explained_variance   | 0.996     |
|    learning_rate        | 0.000106  |
|    loss                 | 0.411     |
|    n_updates            | 837       |
|    policy_gradient_loss | -0.00854  |
|    std                  | 0.968     |
|    value_loss           | 2.51      |
---------------------------------------
----------------------------------------
| rollout/                |            |
|    ep_len_mean          | 8.93e+03   |
|    ep_rew_mean          | -716       |
| time/                   |            |
|    fps                  | 357        |
|    iterations           | 97         |
|    time_elapsed         | 556        |
|    total_timesteps      | 198656     |
| train/                  |            |
|    approx_kl            | 0.01024664 |
|    clip_fraction        | 0.0916     |
|    clip_range           | 0.2        |
|    entropy_loss         | -16.6      |
|    explained_variance   | 0.999      |
|    learning_rate        | 0.000104   |
|    loss                 | 0.864      |
|    n_updates            | 847        |
|    policy_gradient_loss | -0.00967   |
|    std                  | 0.969      |
|    value_loss           | 2.84       |
----------------------------------------
-----------------------------------------
| rollout/                |             |
|    ep_len_mean          | 8.93e+03    |
|    ep_rew_mean          | -716        |
| time/                   |             |
|    fps                  | 356         |
|    iterations           | 98          |
|    time_elapsed         | 562         |
|    total_timesteps      | 200704      |
| train/                  |             |
|    approx_kl            | 0.018632224 |
|    clip_fraction        | 0.105       |
|    clip_range           | 0.2         |
|    entropy_loss         | -16.6       |
|    explained_variance   | 0.0446      |
|    learning_rate        | 0.000102    |
|    loss                 | 1.56        |
|    n_updates            | 857         |
|    policy_gradient_loss | -0.00992    |
|    std                  | 0.97        |
|    value_loss           | 18.7        |
-----------------------------------------
-----------------------------------------
| rollout/                |             |
|    ep_len_mean          | 8.93e+03    |
|    ep_rew_mean          | -716        |
| time/                   |             |
|    fps                  | 356         |
|    iterations           | 99          |
|    time_elapsed         | 568         |
|    total_timesteps      | 202752      |
| train/                  |             |
|    approx_kl            | 0.007835247 |
|    clip_fraction        | 0.0856      |
|    clip_range           | 0.2         |
|    entropy_loss         | -16.7       |
|    explained_variance   | 0.708       |
|    learning_rate        | 0.0001      |
|    loss                 | 6.95        |
|    n_updates            | 867         |
|    policy_gradient_loss | -0.00877    |
|    std                  | 0.97        |
|    value_loss           | 31.8        |
-----------------------------------------
------------------------------------------
| rollout/                |              |
|    ep_len_mean          | 8.93e+03     |
|    ep_rew_mean          | -716         |
| time/                   |              |
|    fps                  | 356          |
|    iterations           | 100          |
|    time_elapsed         | 574          |
|    total_timesteps      | 204800       |
| train/                  |              |
|    approx_kl            | 0.0054658605 |
|    clip_fraction        | 0.0275       |
|    clip_range           | 0.2          |
|    entropy_loss         | -16.7        |
|    explained_variance   | 0.997        |
|    learning_rate        | 9.8e-05      |
|    loss                 | 1.36         |
|    n_updates            | 877          |
|    policy_gradient_loss | -0.00745     |
|    std                  | 0.97         |
|    value_loss           | 5.15         |
------------------------------------------
-----------------------------------------
| rollout/                |             |
|    ep_len_mean          | 8.93e+03    |
|    ep_rew_mean          | -715        |
| time/                   |             |
|    fps                  | 355         |
|    iterations           | 101         |
|    time_elapsed         | 581         |
|    total_timesteps      | 206848      |
| train/                  |             |
|    approx_kl            | 0.009731841 |
|    clip_fraction        | 0.0897      |
|    clip_range           | 0.2         |
|    entropy_loss         | -16.7       |
|    explained_variance   | 0.991       |
|    learning_rate        | 9.59e-05    |
|    loss                 | 0.37        |
|    n_updates            | 887         |
|    policy_gradient_loss | -0.0115     |
|    std                  | 0.972       |
|    value_loss           | 1.38        |
-----------------------------------------
-----------------------------------------
| rollout/                |             |
|    ep_len_mean          | 8.93e+03    |
|    ep_rew_mean          | -715        |
| time/                   |             |
|    fps                  | 355         |
|    iterations           | 102         |
|    time_elapsed         | 588         |
|    total_timesteps      | 208896      |
| train/                  |             |
|    approx_kl            | 0.009708078 |
|    clip_fraction        | 0.0921      |
|    clip_range           | 0.2         |
|    entropy_loss         | -16.7       |
|    explained_variance   | 1           |
|    learning_rate        | 9.39e-05    |
|    loss                 | 2.34        |
|    n_updates            | 897         |
|    policy_gradient_loss | -0.0153     |
|    std                  | 0.971       |
|    value_loss           | 15.1        |
-----------------------------------------
------------------------------------------
| rollout/                |              |
|    ep_len_mean          | 8.93e+03     |
|    ep_rew_mean          | -715         |
| time/                   |              |
|    fps                  | 355          |
|    iterations           | 103          |
|    time_elapsed         | 594          |
|    total_timesteps      | 210944       |
| train/                  |              |
|    approx_kl            | 0.0077675898 |
|    clip_fraction        | 0.0627       |
|    clip_range           | 0.2          |
|    entropy_loss         | -16.7        |
|    explained_variance   | 0.0942       |
|    learning_rate        | 9.18e-05     |
|    loss                 | 6.38         |
|    n_updates            | 907          |
|    policy_gradient_loss | -0.0124      |
|    std                  | 0.97         |
|    value_loss           | 44.5         |
------------------------------------------
-----------------------------------------
| rollout/                |             |
|    ep_len_mean          | 8.93e+03    |
|    ep_rew_mean          | -715        |
| time/                   |             |
|    fps                  | 354         |
|    iterations           | 104         |
|    time_elapsed         | 600         |
|    total_timesteps      | 212992      |
| train/                  |             |
|    approx_kl            | 0.004817643 |
|    clip_fraction        | 0.0229      |
|    clip_range           | 0.2         |
|    entropy_loss         | -16.7       |
|    explained_variance   | 0.975       |
|    learning_rate        | 8.98e-05    |
|    loss                 | 6.57        |
|    n_updates            | 917         |
|    policy_gradient_loss | -0.00429    |
|    std                  | 0.97        |
|    value_loss           | 20          |
-----------------------------------------
------------------------------------------
| rollout/                |              |
|    ep_len_mean          | 8.93e+03     |
|    ep_rew_mean          | -715         |
| time/                   |              |
|    fps                  | 354          |
|    iterations           | 105          |
|    time_elapsed         | 607          |
|    total_timesteps      | 215040       |
| train/                  |              |
|    approx_kl            | 0.0067750625 |
|    clip_fraction        | 0.073        |
|    clip_range           | 0.2          |
|    entropy_loss         | -16.6        |
|    explained_variance   | 0.993        |
|    learning_rate        | 8.78e-05     |
|    loss                 | 0.848        |
|    n_updates            | 927          |
|    policy_gradient_loss | -0.00799     |
|    std                  | 0.969        |
|    value_loss           | 2.96         |
------------------------------------------
-----------------------------------------
| rollout/                |             |
|    ep_len_mean          | 8.93e+03    |
|    ep_rew_mean          | -715        |
| time/                   |             |
|    fps                  | 353         |
|    iterations           | 106         |
|    time_elapsed         | 614         |
|    total_timesteps      | 217088      |
| train/                  |             |
|    approx_kl            | 0.006451363 |
|    clip_fraction        | 0.0407      |
|    clip_range           | 0.2         |
|    entropy_loss         | -16.6       |
|    explained_variance   | 0.999       |
|    learning_rate        | 8.57e-05    |
|    loss                 | 5.51        |
|    n_updates            | 937         |
|    policy_gradient_loss | -0.00891    |
|    std                  | 0.967       |
|    value_loss           | 19.9        |
-----------------------------------------
-----------------------------------------
| rollout/                |             |
|    ep_len_mean          | 8.93e+03    |
|    ep_rew_mean          | -715        |
| time/                   |             |
|    fps                  | 352         |
|    iterations           | 107         |
|    time_elapsed         | 620         |
|    total_timesteps      | 219136      |
| train/                  |             |
|    approx_kl            | 0.008132441 |
|    clip_fraction        | 0.0809      |
|    clip_range           | 0.2         |
|    entropy_loss         | -16.6       |
|    explained_variance   | 0.00981     |
|    learning_rate        | 8.37e-05    |
|    loss                 | 7.46        |
|    n_updates            | 947         |
|    policy_gradient_loss | -0.0121     |
|    std                  | 0.967       |
|    value_loss           | 44.1        |
-----------------------------------------
-----------------------------------------
| rollout/                |             |
|    ep_len_mean          | 8.93e+03    |
|    ep_rew_mean          | -715        |
| time/                   |             |
|    fps                  | 352         |
|    iterations           | 108         |
|    time_elapsed         | 627         |
|    total_timesteps      | 221184      |
| train/                  |             |
|    approx_kl            | 0.009461194 |
|    clip_fraction        | 0.0788      |
|    clip_range           | 0.2         |
|    entropy_loss         | -16.6       |
|    explained_variance   | 0.856       |
|    learning_rate        | 8.16e-05    |
|    loss                 | 4.52        |
|    n_updates            | 957         |
|    policy_gradient_loss | -0.0135     |
|    std                  | 0.967       |
|    value_loss           | 26.9        |
-----------------------------------------
-----------------------------------------
| rollout/                |             |
|    ep_len_mean          | 8.93e+03    |
|    ep_rew_mean          | -715        |
| time/                   |             |
|    fps                  | 352         |
|    iterations           | 109         |
|    time_elapsed         | 634         |
|    total_timesteps      | 223232      |
| train/                  |             |
|    approx_kl            | 0.006480152 |
|    clip_fraction        | 0.0482      |
|    clip_range           | 0.2         |
|    entropy_loss         | -16.6       |
|    explained_variance   | 0.997       |
|    learning_rate        | 7.96e-05    |
|    loss                 | 0.654       |
|    n_updates            | 967         |
|    policy_gradient_loss | -0.00674    |
|    std                  | 0.967       |
|    value_loss           | 5.52        |
-----------------------------------------
------------------------------------------
| rollout/                |              |
|    ep_len_mean          | 8.93e+03     |
|    ep_rew_mean          | -715         |
| time/                   |              |
|    fps                  | 351          |
|    iterations           | 110          |
|    time_elapsed         | 640          |
|    total_timesteps      | 225280       |
| train/                  |              |
|    approx_kl            | 0.0062936125 |
|    clip_fraction        | 0.0384       |
|    clip_range           | 0.2          |
|    entropy_loss         | -16.6        |
|    explained_variance   | 0.994        |
|    learning_rate        | 7.76e-05     |
|    loss                 | 0.928        |
|    n_updates            | 977          |
|    policy_gradient_loss | -0.00969     |
|    std                  | 0.966        |
|    value_loss           | 4.38         |
------------------------------------------
-----------------------------------------
| rollout/                |             |
|    ep_len_mean          | 8.93e+03    |
|    ep_rew_mean          | -715        |
| time/                   |             |
|    fps                  | 351         |
|    iterations           | 111         |
|    time_elapsed         | 646         |
|    total_timesteps      | 227328      |
| train/                  |             |
|    approx_kl            | 0.011447027 |
|    clip_fraction        | 0.0967      |
|    clip_range           | 0.2         |
|    entropy_loss         | -16.6       |
|    explained_variance   | 0.00305     |
|    learning_rate        | 7.55e-05    |
|    loss                 | 3.64        |
|    n_updates            | 987         |
|    policy_gradient_loss | -0.0144     |
|    std                  | 0.964       |
|    value_loss           | 25.3        |
-----------------------------------------
------------------------------------------
| rollout/                |              |
|    ep_len_mean          | 8.93e+03     |
|    ep_rew_mean          | -715         |
| time/                   |              |
|    fps                  | 351          |
|    iterations           | 112          |
|    time_elapsed         | 653          |
|    total_timesteps      | 229376       |
| train/                  |              |
|    approx_kl            | 0.0075187786 |
|    clip_fraction        | 0.0574       |
|    clip_range           | 0.2          |
|    entropy_loss         | -16.6        |
|    explained_variance   | 0.184        |
|    learning_rate        | 7.35e-05     |
|    loss                 | 12.7         |
|    n_updates            | 997          |
|    policy_gradient_loss | -0.0121      |
|    std                  | 0.965        |
|    value_loss           | 49.8         |
------------------------------------------
-----------------------------------------
| rollout/                |             |
|    ep_len_mean          | 8.93e+03    |
|    ep_rew_mean          | -715        |
| time/                   |             |
|    fps                  | 351         |
|    iterations           | 113         |
|    time_elapsed         | 659         |
|    total_timesteps      | 231424      |
| train/                  |             |
|    approx_kl            | 0.006453288 |
|    clip_fraction        | 0.0339      |
|    clip_range           | 0.2         |
|    entropy_loss         | -16.6       |
|    explained_variance   | 0.983       |
|    learning_rate        | 7.14e-05    |
|    loss                 | 8.17        |
|    n_updates            | 1007        |
|    policy_gradient_loss | -0.00848    |
|    std                  | 0.965       |
|    value_loss           | 17          |
-----------------------------------------
-----------------------------------------
| rollout/                |             |
|    ep_len_mean          | 8.93e+03    |
|    ep_rew_mean          | -715        |
| time/                   |             |
|    fps                  | 350         |
|    iterations           | 114         |
|    time_elapsed         | 666         |
|    total_timesteps      | 233472      |
| train/                  |             |
|    approx_kl            | 0.009028826 |
|    clip_fraction        | 0.076       |
|    clip_range           | 0.2         |
|    entropy_loss         | -16.6       |
|    explained_variance   | 0.979       |
|    learning_rate        | 6.94e-05    |
|    loss                 | 0.579       |
|    n_updates            | 1017        |
|    policy_gradient_loss | -0.0115     |
|    std                  | 0.966       |
|    value_loss           | 3.63        |
-----------------------------------------
------------------------------------------
| rollout/                |              |
|    ep_len_mean          | 8.93e+03     |
|    ep_rew_mean          | -715         |
| time/                   |              |
|    fps                  | 349          |
|    iterations           | 115          |
|    time_elapsed         | 674          |
|    total_timesteps      | 235520       |
| train/                  |              |
|    approx_kl            | 0.0072649894 |
|    clip_fraction        | 0.0512       |
|    clip_range           | 0.2          |
|    entropy_loss         | -16.6        |
|    explained_variance   | 0.998        |
|    learning_rate        | 6.73e-05     |
|    loss                 | 10.3         |
|    n_updates            | 1027         |
|    policy_gradient_loss | -0.0109      |
|    std                  | 0.966        |
|    value_loss           | 29.2         |
------------------------------------------
-----------------------------------------
| rollout/                |             |
|    ep_len_mean          | 8.93e+03    |
|    ep_rew_mean          | -715        |
| time/                   |             |
|    fps                  | 349         |
|    iterations           | 116         |
|    time_elapsed         | 679         |
|    total_timesteps      | 237568      |
| train/                  |             |
|    approx_kl            | 0.007922769 |
|    clip_fraction        | 0.0678      |
|    clip_range           | 0.2         |
|    entropy_loss         | -16.6       |
|    explained_variance   | 0.00174     |
|    learning_rate        | 6.53e-05    |
|    loss                 | 14.4        |
|    n_updates            | 1037        |
|    policy_gradient_loss | -0.0112     |
|    std                  | 0.965       |
|    value_loss           | 55.9        |
-----------------------------------------
-----------------------------------------
| rollout/                |             |
|    ep_len_mean          | 8.93e+03    |
|    ep_rew_mean          | -715        |
| time/                   |             |
|    fps                  | 349         |
|    iterations           | 117         |
|    time_elapsed         | 685         |
|    total_timesteps      | 239616      |
| train/                  |             |
|    approx_kl            | 0.008602953 |
|    clip_fraction        | 0.0935      |
|    clip_range           | 0.2         |
|    entropy_loss         | -16.6       |
|    explained_variance   | 0.918       |
|    learning_rate        | 6.33e-05    |
|    loss                 | 10.5        |
|    n_updates            | 1047        |
|    policy_gradient_loss | -0.0161     |
|    std                  | 0.964       |
|    value_loss           | 25.7        |
-----------------------------------------
-----------------------------------------
| rollout/                |             |
|    ep_len_mean          | 8.93e+03    |
|    ep_rew_mean          | -716        |
| time/                   |             |
|    fps                  | 349         |
|    iterations           | 118         |
|    time_elapsed         | 691         |
|    total_timesteps      | 241664      |
| train/                  |             |
|    approx_kl            | 0.007636912 |
|    clip_fraction        | 0.0495      |
|    clip_range           | 0.2         |
|    entropy_loss         | -16.6       |
|    explained_variance   | 0.996       |
|    learning_rate        | 6.12e-05    |
|    loss                 | 1.35        |
|    n_updates            | 1057        |
|    policy_gradient_loss | -0.0081     |
|    std                  | 0.965       |
|    value_loss           | 4.59        |
-----------------------------------------
------------------------------------------
| rollout/                |              |
|    ep_len_mean          | 8.93e+03     |
|    ep_rew_mean          | -716         |
| time/                   |              |
|    fps                  | 349          |
|    iterations           | 119          |
|    time_elapsed         | 697          |
|    total_timesteps      | 243712       |
| train/                  |              |
|    approx_kl            | 0.0072734505 |
|    clip_fraction        | 0.0402       |
|    clip_range           | 0.2          |
|    entropy_loss         | -16.6        |
|    explained_variance   | 0.999        |
|    learning_rate        | 5.92e-05     |
|    loss                 | 5.29         |
|    n_updates            | 1067         |
|    policy_gradient_loss | -0.00983     |
|    std                  | 0.965        |
|    value_loss           | 14.1         |
------------------------------------------
-----------------------------------------
| rollout/                |             |
|    ep_len_mean          | 8.93e+03    |
|    ep_rew_mean          | -716        |
| time/                   |             |
|    fps                  | 349         |
|    iterations           | 120         |
|    time_elapsed         | 703         |
|    total_timesteps      | 245760      |
| train/                  |             |
|    approx_kl            | 0.007923683 |
|    clip_fraction        | 0.0689      |
|    clip_range           | 0.2         |
|    entropy_loss         | -16.6       |
|    explained_variance   | 0.000673    |
|    learning_rate        | 5.71e-05    |
|    loss                 | 12.1        |
|    n_updates            | 1077        |
|    policy_gradient_loss | -0.0111     |
|    std                  | 0.965       |
|    value_loss           | 45          |
-----------------------------------------
-----------------------------------------
| rollout/                |             |
|    ep_len_mean          | 8.93e+03    |
|    ep_rew_mean          | -716        |
| time/                   |             |
|    fps                  | 349         |
|    iterations           | 121         |
|    time_elapsed         | 709         |
|    total_timesteps      | 247808      |
| train/                  |             |
|    approx_kl            | 0.009303825 |
|    clip_fraction        | 0.0789      |
|    clip_range           | 0.2         |
|    entropy_loss         | -16.6       |
|    explained_variance   | 0.33        |
|    learning_rate        | 5.51e-05    |
|    loss                 | 9.14        |
|    n_updates            | 1087        |
|    policy_gradient_loss | -0.016      |
|    std                  | 0.963       |
|    value_loss           | 37.6        |
-----------------------------------------
-----------------------------------------
| rollout/                |             |
|    ep_len_mean          | 8.93e+03    |
|    ep_rew_mean          | -716        |
| time/                   |             |
|    fps                  | 349         |
|    iterations           | 122         |
|    time_elapsed         | 715         |
|    total_timesteps      | 249856      |
| train/                  |             |
|    approx_kl            | 0.007605538 |
|    clip_fraction        | 0.0288      |
|    clip_range           | 0.2         |
|    entropy_loss         | -16.6       |
|    explained_variance   | 0.991       |
|    learning_rate        | 5.31e-05    |
|    loss                 | 1.69        |
|    n_updates            | 1097        |
|    policy_gradient_loss | -0.00731    |
|    std                  | 0.963       |
|    value_loss           | 5.43        |
-----------------------------------------
------------------------------------------
| rollout/                |              |
|    ep_len_mean          | 8.93e+03     |
|    ep_rew_mean          | -715         |
| time/                   |              |
|    fps                  | 349          |
|    iterations           | 123          |
|    time_elapsed         | 721          |
|    total_timesteps      | 251904       |
| train/                  |              |
|    approx_kl            | 0.0067303246 |
|    clip_fraction        | 0.0633       |
|    clip_range           | 0.2          |
|    entropy_loss         | -16.6        |
|    explained_variance   | 0.987        |
|    learning_rate        | 5.1e-05      |
|    loss                 | 0.864        |
|    n_updates            | 1107         |
|    policy_gradient_loss | -0.00959     |
|    std                  | 0.963        |
|    value_loss           | 4.08         |
------------------------------------------
-----------------------------------------
| rollout/                |             |
|    ep_len_mean          | 8.93e+03    |
|    ep_rew_mean          | -715        |
| time/                   |             |
|    fps                  | 349         |
|    iterations           | 124         |
|    time_elapsed         | 727         |
|    total_timesteps      | 253952      |
| train/                  |             |
|    approx_kl            | 0.005731404 |
|    clip_fraction        | 0.0302      |
|    clip_range           | 0.2         |
|    entropy_loss         | -16.6       |
|    explained_variance   | 0.996       |
|    learning_rate        | 4.9e-05     |
|    loss                 | 10.8        |
|    n_updates            | 1117        |
|    policy_gradient_loss | -0.0111     |
|    std                  | 0.961       |
|    value_loss           | 32.6        |
-----------------------------------------
------------------------------------------
| rollout/                |              |
|    ep_len_mean          | 8.93e+03     |
|    ep_rew_mean          | -715         |
| time/                   |              |
|    fps                  | 348          |
|    iterations           | 125          |
|    time_elapsed         | 734          |
|    total_timesteps      | 256000       |
| train/                  |              |
|    approx_kl            | 0.0064820778 |
|    clip_fraction        | 0.041        |
|    clip_range           | 0.2          |
|    entropy_loss         | -16.5        |
|    explained_variance   | 0.00373      |
|    learning_rate        | 4.69e-05     |
|    loss                 | 22.9         |
|    n_updates            | 1127         |
|    policy_gradient_loss | -0.0113      |
|    std                  | 0.96         |
|    value_loss           | 62.9         |
------------------------------------------
------------------------------------------
| rollout/                |              |
|    ep_len_mean          | 8.93e+03     |
|    ep_rew_mean          | -715         |
| time/                   |              |
|    fps                  | 348          |
|    iterations           | 126          |
|    time_elapsed         | 739          |
|    total_timesteps      | 258048       |
| train/                  |              |
|    approx_kl            | 0.0053729042 |
|    clip_fraction        | 0.0374       |
|    clip_range           | 0.2          |
|    entropy_loss         | -16.5        |
|    explained_variance   | 0.971        |
|    learning_rate        | 4.49e-05     |
|    loss                 | 7.65         |
|    n_updates            | 1137         |
|    policy_gradient_loss | -0.00877     |
|    std                  | 0.96         |
|    value_loss           | 20.6         |
------------------------------------------
------------------------------------------
| rollout/                |              |
|    ep_len_mean          | 8.93e+03     |
|    ep_rew_mean          | -715         |
| time/                   |              |
|    fps                  | 348          |
|    iterations           | 127          |
|    time_elapsed         | 745          |
|    total_timesteps      | 260096       |
| train/                  |              |
|    approx_kl            | 0.0064930078 |
|    clip_fraction        | 0.0424       |
|    clip_range           | 0.2          |
|    entropy_loss         | -16.5        |
|    explained_variance   | 0.991        |
|    learning_rate        | 4.29e-05     |
|    loss                 | 0.489        |
|    n_updates            | 1147         |
|    policy_gradient_loss | -0.00909     |
|    std                  | 0.96         |
|    value_loss           | 3.52         |
------------------------------------------
-----------------------------------------
| rollout/                |             |
|    ep_len_mean          | 8.93e+03    |
|    ep_rew_mean          | -715        |
| time/                   |             |
|    fps                  | 349         |
|    iterations           | 128         |
|    time_elapsed         | 750         |
|    total_timesteps      | 262144      |
| train/                  |             |
|    approx_kl            | 0.005769508 |
|    clip_fraction        | 0.0234      |
|    clip_range           | 0.2         |
|    entropy_loss         | -16.5       |
|    explained_variance   | 0.999       |
|    learning_rate        | 4.08e-05    |
|    loss                 | 8.16        |
|    n_updates            | 1157        |
|    policy_gradient_loss | -0.00877    |
|    std                  | 0.959       |
|    value_loss           | 21.9        |
-----------------------------------------
-----------------------------------------
| rollout/                |             |
|    ep_len_mean          | 8.93e+03    |
|    ep_rew_mean          | -715        |
| time/                   |             |
|    fps                  | 349         |
|    iterations           | 129         |
|    time_elapsed         | 756         |
|    total_timesteps      | 264192      |
| train/                  |             |
|    approx_kl            | 0.005916849 |
|    clip_fraction        | 0.0305      |
|    clip_range           | 0.2         |
|    entropy_loss         | -16.5       |
|    explained_variance   | 0.000271    |
|    learning_rate        | 3.88e-05    |
|    loss                 | 20.7        |
|    n_updates            | 1167        |
|    policy_gradient_loss | -0.00854    |
|    std                  | 0.959       |
|    value_loss           | 68          |
-----------------------------------------
-----------------------------------------
| rollout/                |             |
|    ep_len_mean          | 8.93e+03    |
|    ep_rew_mean          | -715        |
| time/                   |             |
|    fps                  | 349         |
|    iterations           | 130         |
|    time_elapsed         | 762         |
|    total_timesteps      | 266240      |
| train/                  |             |
|    approx_kl            | 0.006196579 |
|    clip_fraction        | 0.0413      |
|    clip_range           | 0.2         |
|    entropy_loss         | -16.5       |
|    explained_variance   | 0.825       |
|    learning_rate        | 3.67e-05    |
|    loss                 | 10.6        |
|    n_updates            | 1177        |
|    policy_gradient_loss | -0.0104     |
|    std                  | 0.958       |
|    value_loss           | 32.6        |
-----------------------------------------
------------------------------------------
| rollout/                |              |
|    ep_len_mean          | 8.93e+03     |
|    ep_rew_mean          | -715         |
| time/                   |              |
|    fps                  | 349          |
|    iterations           | 131          |
|    time_elapsed         | 768          |
|    total_timesteps      | 268288       |
| train/                  |              |
|    approx_kl            | 0.0051561333 |
|    clip_fraction        | 0.0346       |
|    clip_range           | 0.2          |
|    entropy_loss         | -16.5        |
|    explained_variance   | 0.998        |
|    learning_rate        | 3.47e-05     |
|    loss                 | 1.07         |
|    n_updates            | 1187         |
|    policy_gradient_loss | -0.00769     |
|    std                  | 0.958        |
|    value_loss           | 3.41         |
------------------------------------------
-----------------------------------------
| rollout/                |             |
|    ep_len_mean          | 8.93e+03    |
|    ep_rew_mean          | -715        |
| time/                   |             |
|    fps                  | 348         |
|    iterations           | 132         |
|    time_elapsed         | 774         |
|    total_timesteps      | 270336      |
| train/                  |             |
|    approx_kl            | 0.007138571 |
|    clip_fraction        | 0.0447      |
|    clip_range           | 0.2         |
|    entropy_loss         | -16.5       |
|    explained_variance   | 0.999       |
|    learning_rate        | 3.27e-05    |
|    loss                 | 5.51        |
|    n_updates            | 1197        |
|    policy_gradient_loss | -0.00939    |
|    std                  | 0.958       |
|    value_loss           | 9.69        |
-----------------------------------------
-----------------------------------------
| rollout/                |             |
|    ep_len_mean          | 8.93e+03    |
|    ep_rew_mean          | -715        |
| time/                   |             |
|    fps                  | 348         |
|    iterations           | 133         |
|    time_elapsed         | 780         |
|    total_timesteps      | 272384      |
| train/                  |             |
|    approx_kl            | 0.003954577 |
|    clip_fraction        | 0.0107      |
|    clip_range           | 0.2         |
|    entropy_loss         | -16.5       |
|    explained_variance   | 6.74e-05    |
|    learning_rate        | 3.06e-05    |
|    loss                 | 17.7        |
|    n_updates            | 1207        |
|    policy_gradient_loss | -0.00684    |
|    std                  | 0.958       |
|    value_loss           | 50.2        |
-----------------------------------------
------------------------------------------
| rollout/                |              |
|    ep_len_mean          | 8.93e+03     |
|    ep_rew_mean          | -715         |
| time/                   |              |
|    fps                  | 348          |
|    iterations           | 134          |
|    time_elapsed         | 786          |
|    total_timesteps      | 274432       |
| train/                  |              |
|    approx_kl            | 0.0065845354 |
|    clip_fraction        | 0.0372       |
|    clip_range           | 0.2          |
|    entropy_loss         | -16.5        |
|    explained_variance   | 0.0725       |
|    learning_rate        | 2.86e-05     |
|    loss                 | 23.3         |
|    n_updates            | 1217         |
|    policy_gradient_loss | -0.00973     |
|    std                  | 0.958        |
|    value_loss           | 53.7         |
------------------------------------------
------------------------------------------
| rollout/                |              |
|    ep_len_mean          | 8.93e+03     |
|    ep_rew_mean          | -715         |
| time/                   |              |
|    fps                  | 348          |
|    iterations           | 135          |
|    time_elapsed         | 792          |
|    total_timesteps      | 276480       |
| train/                  |              |
|    approx_kl            | 0.0052693193 |
|    clip_fraction        | 0.0306       |
|    clip_range           | 0.2          |
|    entropy_loss         | -16.5        |
|    explained_variance   | 0.992        |
|    learning_rate        | 2.65e-05     |
|    loss                 | 2.21         |
|    n_updates            | 1227         |
|    policy_gradient_loss | -0.00683     |
|    std                  | 0.959        |
|    value_loss           | 6.53         |
------------------------------------------
------------------------------------------
| rollout/                |              |
|    ep_len_mean          | 8.93e+03     |
|    ep_rew_mean          | -715         |
| time/                   |              |
|    fps                  | 348          |
|    iterations           | 136          |
|    time_elapsed         | 798          |
|    total_timesteps      | 278528       |
| train/                  |              |
|    approx_kl            | 0.0049718563 |
|    clip_fraction        | 0.0143       |
|    clip_range           | 0.2          |
|    entropy_loss         | -16.5        |
|    explained_variance   | 0.995        |
|    learning_rate        | 2.45e-05     |
|    loss                 | 0.996        |
|    n_updates            | 1237         |
|    policy_gradient_loss | -0.00597     |
|    std                  | 0.958        |
|    value_loss           | 3.01         |
------------------------------------------
-----------------------------------------
| rollout/                |             |
|    ep_len_mean          | 8.93e+03    |
|    ep_rew_mean          | -715        |
| time/                   |             |
|    fps                  | 349         |
|    iterations           | 137         |
|    time_elapsed         | 803         |
|    total_timesteps      | 280576      |
| train/                  |             |
|    approx_kl            | 0.007182262 |
|    clip_fraction        | 0.0433      |
|    clip_range           | 0.2         |
|    entropy_loss         | -16.5       |
|    explained_variance   | 0.999       |
|    learning_rate        | 2.24e-05    |
|    loss                 | 14.9        |
|    n_updates            | 1247        |
|    policy_gradient_loss | -0.011      |
|    std                  | 0.958       |
|    value_loss           | 33.2        |
-----------------------------------------
-----------------------------------------
| rollout/                |             |
|    ep_len_mean          | 8.93e+03    |
|    ep_rew_mean          | -715        |
| time/                   |             |
|    fps                  | 349         |
|    iterations           | 138         |
|    time_elapsed         | 809         |
|    total_timesteps      | 282624      |
| train/                  |             |
|    approx_kl            | 0.006382784 |
|    clip_fraction        | 0.0553      |
|    clip_range           | 0.2         |
|    entropy_loss         | -16.5       |
|    explained_variance   | 0.00169     |
|    learning_rate        | 2.04e-05    |
|    loss                 | 30.2        |
|    n_updates            | 1257        |
|    policy_gradient_loss | -0.00828    |
|    std                  | 0.958       |
|    value_loss           | 75.3        |
-----------------------------------------
-----------------------------------------
| rollout/                |             |
|    ep_len_mean          | 8.93e+03    |
|    ep_rew_mean          | -715        |
| time/                   |             |
|    fps                  | 348         |
|    iterations           | 139         |
|    time_elapsed         | 815         |
|    total_timesteps      | 284672      |
| train/                  |             |
|    approx_kl            | 0.004077176 |
|    clip_fraction        | 0.00884     |
|    clip_range           | 0.2         |
|    entropy_loss         | -16.5       |
|    explained_variance   | 0.953       |
|    learning_rate        | 1.84e-05    |
|    loss                 | 14          |
|    n_updates            | 1267        |
|    policy_gradient_loss | -0.005      |
|    std                  | 0.959       |
|    value_loss           | 25.4        |
-----------------------------------------
------------------------------------------
| rollout/                |              |
|    ep_len_mean          | 8.93e+03     |
|    ep_rew_mean          | -715         |
| time/                   |              |
|    fps                  | 348          |
|    iterations           | 140          |
|    time_elapsed         | 822          |
|    total_timesteps      | 286720       |
| train/                  |              |
|    approx_kl            | 0.0065672495 |
|    clip_fraction        | 0.034        |
|    clip_range           | 0.2          |
|    entropy_loss         | -16.5        |
|    explained_variance   | 0.993        |
|    learning_rate        | 1.63e-05     |
|    loss                 | 0.563        |
|    n_updates            | 1277         |
|    policy_gradient_loss | -0.00773     |
|    std                  | 0.959        |
|    value_loss           | 4.38         |
------------------------------------------
-----------------------------------------
| rollout/                |             |
|    ep_len_mean          | 8.93e+03    |
|    ep_rew_mean          | -715        |
| time/                   |             |
|    fps                  | 348         |
|    iterations           | 141         |
|    time_elapsed         | 827         |
|    total_timesteps      | 288768      |
| train/                  |             |
|    approx_kl            | 0.004632158 |
|    clip_fraction        | 0.015       |
|    clip_range           | 0.2         |
|    entropy_loss         | -16.5       |
|    explained_variance   | 0.999       |
|    learning_rate        | 1.43e-05    |
|    loss                 | 7.91        |
|    n_updates            | 1287        |
|    policy_gradient_loss | -0.00623    |
|    std                  | 0.959       |
|    value_loss           | 17.7        |
-----------------------------------------
------------------------------------------
| rollout/                |              |
|    ep_len_mean          | 8.93e+03     |
|    ep_rew_mean          | -715         |
| time/                   |              |
|    fps                  | 348          |
|    iterations           | 142          |
|    time_elapsed         | 833          |
|    total_timesteps      | 290816       |
| train/                  |              |
|    approx_kl            | 0.0021366146 |
|    clip_fraction        | 0.000928     |
|    clip_range           | 0.2          |
|    entropy_loss         | -16.5        |
|    explained_variance   | 0.000148     |
|    learning_rate        | 1.22e-05     |
|    loss                 | 31.5         |
|    n_updates            | 1297         |
|    policy_gradient_loss | -0.00243     |
|    std                  | 0.959        |
|    value_loss           | 76           |
------------------------------------------
----------------------------------------
| rollout/                |            |
|    ep_len_mean          | 8.93e+03   |
|    ep_rew_mean          | -715       |
| time/                   |            |
|    fps                  | 348        |
|    iterations           | 143        |
|    time_elapsed         | 839        |
|    total_timesteps      | 292864     |
| train/                  |            |
|    approx_kl            | 0.00422585 |
|    clip_fraction        | 0.0123     |
|    clip_range           | 0.2        |
|    entropy_loss         | -16.5      |
|    explained_variance   | 0.701      |
|    learning_rate        | 1.02e-05   |
|    loss                 | 18.1       |
|    n_updates            | 1307       |
|    policy_gradient_loss | -0.00549   |
|    std                  | 0.959      |
|    value_loss           | 41.2       |
----------------------------------------
-----------------------------------------
| rollout/                |             |
|    ep_len_mean          | 8.93e+03    |
|    ep_rew_mean          | -714        |
| time/                   |             |
|    fps                  | 348         |
|    iterations           | 144         |
|    time_elapsed         | 845         |
|    total_timesteps      | 294912      |
| train/                  |             |
|    approx_kl            | 0.004457449 |
|    clip_fraction        | 0.0061      |
|    clip_range           | 0.2         |
|    entropy_loss         | -16.5       |
|    explained_variance   | 0.998       |
|    learning_rate        | 8.16e-06    |
|    loss                 | 0.949       |
|    n_updates            | 1317        |
|    policy_gradient_loss | -0.00362    |
|    std                  | 0.958       |
|    value_loss           | 5.01        |
-----------------------------------------
------------------------------------------
| rollout/                |              |
|    ep_len_mean          | 8.93e+03     |
|    ep_rew_mean          | -714         |
| time/                   |              |
|    fps                  | 348          |
|    iterations           | 145          |
|    time_elapsed         | 852          |
|    total_timesteps      | 296960       |
| train/                  |              |
|    approx_kl            | 0.0037206206 |
|    clip_fraction        | 0.00444      |
|    clip_range           | 0.2          |
|    entropy_loss         | -16.5        |
|    explained_variance   | 0.999        |
|    learning_rate        | 6.12e-06     |
|    loss                 | 2.45         |
|    n_updates            | 1327         |
|    policy_gradient_loss | -0.00368     |
|    std                  | 0.958        |
|    value_loss           | 7.21         |
------------------------------------------
-----------------------------------------
| rollout/                |             |
|    ep_len_mean          | 8.93e+03    |
|    ep_rew_mean          | -714        |
| time/                   |             |
|    fps                  | 347         |
|    iterations           | 146         |
|    time_elapsed         | 859         |
|    total_timesteps      | 299008      |
| train/                  |             |
|    approx_kl            | 0.001230204 |
|    clip_fraction        | 0           |
|    clip_range           | 0.2         |
|    entropy_loss         | -16.5       |
|    explained_variance   | 5.93e-05    |
|    learning_rate        | 4.08e-06    |
|    loss                 | 26.9        |
|    n_updates            | 1337        |
|    policy_gradient_loss | -0.00201    |
|    std                  | 0.958       |
|    value_loss           | 54          |
-----------------------------------------
-------------------------------------------
| rollout/                |               |
|    ep_len_mean          | 8.93e+03      |
|    ep_rew_mean          | -714          |
| time/                   |               |
|    fps                  | 348           |
|    iterations           | 147           |
|    time_elapsed         | 865           |
|    total_timesteps      | 301056        |
| train/                  |               |
|    approx_kl            | 0.00034582484 |
|    clip_fraction        | 0             |
|    clip_range           | 0.2           |
|    entropy_loss         | -16.5         |
|    explained_variance   | 0.0256        |
|    learning_rate        | 2.04e-06      |
|    loss                 | 38.1          |
|    n_updates            | 1347          |
|    policy_gradient_loss | -0.00141      |
|    std                  | 0.958         |
|    value_loss           | 70.1          |
-------------------------------------------
