# ad_to_eh:global_batch:s109
# job: {"alpha": 0.015, "baseline_scope": {"batch_no_deferral_ablation": "Drain Immediately", "excluded_from_headline": "DQN/CFWS and algorithm-superiority tests", "headroom_only": "clairvoyant fluid QP lower bound", "primary": "Status Quo (local, no deferral)", "routing_sanity": "Round Robin"}, "batch": true, "completion_penalty": 1000.0, "config": "global_batch", "domain_randomization": true, "enforce_batch_completion": true, "fold": "ad_to_eh", "gamma": 1.0, "job_fingerprint": "5d33061121974b40b57f5aebb27a2cf7b3e75f77e3291823f4f9b1ffd0d7237f", "protocol_sha256": "db21076d691ed2d29ceeac798ebc075fb6b60ff4851959d58d8a5a70deaf3317", "region": "global", "seed": 109, "test_scenario": "env/scenarios/global_model_eh_v2_2025.yaml", "timesteps": 501760, "train_scenario": "env/scenarios/global_model_v2_2025.yaml"}
# command: C:\Python314\python.exe train.py --scenario C:\Users\jagal\copilot-worktrees\dc-energy-joint-optimization\jagal-microsoft-literate-umbrella\env\scenarios\global_model_v2_2025.yaml --timesteps 501760 --lr 0.0003 --n-steps 2048 --batch-size 64 --net-arch 128 128 --peak-penalty-weight 0.015 --seed 109 --output-dir C:\Users\jagal\copilot-worktrees\dc-energy-joint-optimization\jagal-microsoft-literate-umbrella\models\oof_v2_2025\_tmp\ad_to_eh_global_batch_s109_1ccd680feb3a4b5b81f350b304819454 --domain-rand --batch-mode --enforce-batch-completion --completion-penalty 1000.0 --gamma 1.0
# started: 2026-08-06T04:18:25.212154+00:00

=== Training PPO on scenario: global_model_v2_2025_batch_completion_guard ===
Observation space: Box(-inf, inf, (55,), float32)
Action space: Box(-3.0, 3.0, (12,), float32)
Number of DCs: 4
Max steps per episode: 8928
Gamma: 1.0
Economic safety: backlog=$1,000.00/unit-step, expiry=$1,000.00/unit, reward_scale=0.0001, dense_completion=True
  Global-Pacific: batch_fraction=0.166, mean_dur=2552s
  Global-Central: batch_fraction=0.157, mean_dur=1155s
  Global-Amsterdam: batch_fraction=0.223, mean_dur=2082s
  Global-Singapore: batch_fraction=0.264, mean_dur=3865s
Using cpu device
Wrapping the env with a `Monitor` wrapper
Wrapping the env in a DummyVecEnv.

Training for 501760 timesteps...
-----------------------------
| time/              |      |
|    fps             | 742  |
|    iterations      | 1    |
|    time_elapsed    | 2    |
|    total_timesteps | 2048 |
-----------------------------
-----------------------------------------
| time/                   |             |
|    fps                  | 494         |
|    iterations           | 2           |
|    time_elapsed         | 8           |
|    total_timesteps      | 4096        |
| train/                  |             |
|    approx_kl            | 0.012468666 |
|    clip_fraction        | 0.134       |
|    clip_range           | 0.2         |
|    entropy_loss         | -17         |
|    explained_variance   | 0.0289      |
|    learning_rate        | 0.0003      |
|    loss                 | 0.00147     |
|    n_updates            | 10          |
|    policy_gradient_loss | -0.0151     |
|    std                  | 0.996       |
|    value_loss           | 0.0756      |
-----------------------------------------
-----------------------------------------
| time/                   |             |
|    fps                  | 432         |
|    iterations           | 3           |
|    time_elapsed         | 14          |
|    total_timesteps      | 6144        |
| train/                  |             |
|    approx_kl            | 0.011878586 |
|    clip_fraction        | 0.132       |
|    clip_range           | 0.2         |
|    entropy_loss         | -17         |
|    explained_variance   | 0.558       |
|    learning_rate        | 0.0003      |
|    loss                 | -0.0126     |
|    n_updates            | 20          |
|    policy_gradient_loss | -0.0174     |
|    std                  | 0.993       |
|    value_loss           | 0.146       |
-----------------------------------------
-----------------------------------------
| time/                   |             |
|    fps                  | 405         |
|    iterations           | 4           |
|    time_elapsed         | 20          |
|    total_timesteps      | 8192        |
| train/                  |             |
|    approx_kl            | 0.012928192 |
|    clip_fraction        | 0.137       |
|    clip_range           | 0.2         |
|    entropy_loss         | -16.9       |
|    explained_variance   | 0.778       |
|    learning_rate        | 0.0003      |
|    loss                 | -0.0106     |
|    n_updates            | 30          |
|    policy_gradient_loss | -0.0156     |
|    std                  | 0.992       |
|    value_loss           | 0.114       |
-----------------------------------------
-----------------------------------------
| rollout/                |             |
|    ep_len_mean          | 8.93e+03    |
|    ep_rew_mean          | -718        |
| time/                   |             |
|    fps                  | 375         |
|    iterations           | 5           |
|    time_elapsed         | 27          |
|    total_timesteps      | 10240       |
| train/                  |             |
|    approx_kl            | 0.012177717 |
|    clip_fraction        | 0.137       |
|    clip_range           | 0.2         |
|    entropy_loss         | -16.9       |
|    explained_variance   | 0.896       |
|    learning_rate        | 0.0003      |
|    loss                 | 0.00987     |
|    n_updates            | 40          |
|    policy_gradient_loss | -0.0158     |
|    std                  | 0.987       |
|    value_loss           | 0.113       |
-----------------------------------------
-----------------------------------------
| rollout/                |             |
|    ep_len_mean          | 8.93e+03    |
|    ep_rew_mean          | -718        |
| time/                   |             |
|    fps                  | 375         |
|    iterations           | 6           |
|    time_elapsed         | 32          |
|    total_timesteps      | 12288       |
| train/                  |             |
|    approx_kl            | 0.013892181 |
|    clip_fraction        | 0.132       |
|    clip_range           | 0.2         |
|    entropy_loss         | -16.9       |
|    explained_variance   | 0.796       |
|    learning_rate        | 0.0003      |
|    loss                 | 0.197       |
|    n_updates            | 50          |
|    policy_gradient_loss | -0.0151     |
|    std                  | 0.988       |
|    value_loss           | 0.432       |
-----------------------------------------
------------------------------------------
| rollout/                |              |
|    ep_len_mean          | 8.93e+03     |
|    ep_rew_mean          | -718         |
| time/                   |              |
|    fps                  | 380          |
|    iterations           | 7            |
|    time_elapsed         | 37           |
|    total_timesteps      | 14336        |
| train/                  |              |
|    approx_kl            | 0.0135549735 |
|    clip_fraction        | 0.147        |
|    clip_range           | 0.2          |
|    entropy_loss         | -16.9        |
|    explained_variance   | 0.883        |
|    learning_rate        | 0.0003       |
|    loss                 | -0.00241     |
|    n_updates            | 60           |
|    policy_gradient_loss | -0.0144      |
|    std                  | 0.988        |
|    value_loss           | 0.167        |
------------------------------------------
-----------------------------------------
| rollout/                |             |
|    ep_len_mean          | 8.93e+03    |
|    ep_rew_mean          | -718        |
| time/                   |             |
|    fps                  | 383         |
|    iterations           | 8           |
|    time_elapsed         | 42          |
|    total_timesteps      | 16384       |
| train/                  |             |
|    approx_kl            | 0.014884066 |
|    clip_fraction        | 0.16        |
|    clip_range           | 0.2         |
|    entropy_loss         | -16.9       |
|    explained_variance   | 0.929       |
|    learning_rate        | 0.0003      |
|    loss                 | 0.00858     |
|    n_updates            | 70          |
|    policy_gradient_loss | -0.0194     |
|    std                  | 0.988       |
|    value_loss           | 0.143       |
-----------------------------------------
-----------------------------------------
| rollout/                |             |
|    ep_len_mean          | 8.93e+03    |
|    ep_rew_mean          | -718        |
| time/                   |             |
|    fps                  | 386         |
|    iterations           | 9           |
|    time_elapsed         | 47          |
|    total_timesteps      | 18432       |
| train/                  |             |
|    approx_kl            | 0.014783517 |
|    clip_fraction        | 0.178       |
|    clip_range           | 0.2         |
|    entropy_loss         | -16.9       |
|    explained_variance   | 0.968       |
|    learning_rate        | 0.0003      |
|    loss                 | -0.00132    |
|    n_updates            | 80          |
|    policy_gradient_loss | -0.0177     |
|    std                  | 0.987       |
|    value_loss           | 0.144       |
-----------------------------------------
-----------------------------------------
| rollout/                |             |
|    ep_len_mean          | 8.93e+03    |
|    ep_rew_mean          | -718        |
| time/                   |             |
|    fps                  | 387         |
|    iterations           | 10          |
|    time_elapsed         | 52          |
|    total_timesteps      | 20480       |
| train/                  |             |
|    approx_kl            | 0.012069399 |
|    clip_fraction        | 0.12        |
|    clip_range           | 0.2         |
|    entropy_loss         | -16.9       |
|    explained_variance   | 0.828       |
|    learning_rate        | 0.0003      |
|    loss                 | 1.01        |
|    n_updates            | 90          |
|    policy_gradient_loss | -0.0135     |
|    std                  | 0.986       |
|    value_loss           | 1.25        |
-----------------------------------------
-----------------------------------------
| rollout/                |             |
|    ep_len_mean          | 8.93e+03    |
|    ep_rew_mean          | -718        |
| time/                   |             |
|    fps                  | 381         |
|    iterations           | 11          |
|    time_elapsed         | 59          |
|    total_timesteps      | 22528       |
| train/                  |             |
|    approx_kl            | 0.012001685 |
|    clip_fraction        | 0.144       |
|    clip_range           | 0.2         |
|    entropy_loss         | -16.9       |
|    explained_variance   | 0.97        |
|    learning_rate        | 0.0003      |
|    loss                 | 0.0996      |
|    n_updates            | 100         |
|    policy_gradient_loss | -0.0142     |
|    std                  | 0.986       |
|    value_loss           | 0.333       |
-----------------------------------------
-----------------------------------------
| rollout/                |             |
|    ep_len_mean          | 8.93e+03    |
|    ep_rew_mean          | -718        |
| time/                   |             |
|    fps                  | 377         |
|    iterations           | 12          |
|    time_elapsed         | 65          |
|    total_timesteps      | 24576       |
| train/                  |             |
|    approx_kl            | 0.014812941 |
|    clip_fraction        | 0.149       |
|    clip_range           | 0.2         |
|    entropy_loss         | -16.9       |
|    explained_variance   | 0.953       |
|    learning_rate        | 0.0003      |
|    loss                 | 0.0626      |
|    n_updates            | 110         |
|    policy_gradient_loss | -0.0153     |
|    std                  | 0.985       |
|    value_loss           | 0.272       |
-----------------------------------------
-----------------------------------------
| rollout/                |             |
|    ep_len_mean          | 8.93e+03    |
|    ep_rew_mean          | -718        |
| time/                   |             |
|    fps                  | 379         |
|    iterations           | 13          |
|    time_elapsed         | 70          |
|    total_timesteps      | 26624       |
| train/                  |             |
|    approx_kl            | 0.011322321 |
|    clip_fraction        | 0.125       |
|    clip_range           | 0.2         |
|    entropy_loss         | -16.8       |
|    explained_variance   | 0.976       |
|    learning_rate        | 0.0003      |
|    loss                 | 0.0548      |
|    n_updates            | 120         |
|    policy_gradient_loss | -0.0156     |
|    std                  | 0.985       |
|    value_loss           | 0.267       |
-----------------------------------------
-----------------------------------------
| rollout/                |             |
|    ep_len_mean          | 8.93e+03    |
|    ep_rew_mean          | -719        |
| time/                   |             |
|    fps                  | 380         |
|    iterations           | 14          |
|    time_elapsed         | 75          |
|    total_timesteps      | 28672       |
| train/                  |             |
|    approx_kl            | 0.016731184 |
|    clip_fraction        | 0.167       |
|    clip_range           | 0.2         |
|    entropy_loss         | -16.8       |
|    explained_variance   | 0.982       |
|    learning_rate        | 0.0003      |
|    loss                 | 0.132       |
|    n_updates            | 130         |
|    policy_gradient_loss | -0.0151     |
|    std                  | 0.983       |
|    value_loss           | 0.348       |
-----------------------------------------
------------------------------------------
| rollout/                |              |
|    ep_len_mean          | 8.93e+03     |
|    ep_rew_mean          | -719         |
| time/                   |              |
|    fps                  | 382          |
|    iterations           | 15           |
|    time_elapsed         | 80           |
|    total_timesteps      | 30720        |
| train/                  |              |
|    approx_kl            | 0.0104730185 |
|    clip_fraction        | 0.103        |
|    clip_range           | 0.2          |
|    entropy_loss         | -16.8        |
|    explained_variance   | 0.794        |
|    learning_rate        | 0.0003       |
|    loss                 | 0.543        |
|    n_updates            | 140          |
|    policy_gradient_loss | -0.012       |
|    std                  | 0.981        |
|    value_loss           | 1.66         |
------------------------------------------
-----------------------------------------
| rollout/                |             |
|    ep_len_mean          | 8.93e+03    |
|    ep_rew_mean          | -719        |
| time/                   |             |
|    fps                  | 383         |
|    iterations           | 16          |
|    time_elapsed         | 85          |
|    total_timesteps      | 32768       |
| train/                  |             |
|    approx_kl            | 0.013737287 |
|    clip_fraction        | 0.156       |
|    clip_range           | 0.2         |
|    entropy_loss         | -16.8       |
|    explained_variance   | 0.966       |
|    learning_rate        | 0.0003      |
|    loss                 | 0.187       |
|    n_updates            | 150         |
|    policy_gradient_loss | -0.0162     |
|    std                  | 0.979       |
|    value_loss           | 0.438       |
-----------------------------------------
-----------------------------------------
| rollout/                |             |
|    ep_len_mean          | 8.93e+03    |
|    ep_rew_mean          | -719        |
| time/                   |             |
|    fps                  | 382         |
|    iterations           | 17          |
|    time_elapsed         | 90          |
|    total_timesteps      | 34816       |
| train/                  |             |
|    approx_kl            | 0.011858849 |
|    clip_fraction        | 0.126       |
|    clip_range           | 0.2         |
|    entropy_loss         | -16.8       |
|    explained_variance   | 0.978       |
|    learning_rate        | 0.0003      |
|    loss                 | 0.137       |
|    n_updates            | 160         |
|    policy_gradient_loss | -0.0144     |
|    std                  | 0.98        |
|    value_loss           | 0.48        |
-----------------------------------------
-----------------------------------------
| rollout/                |             |
|    ep_len_mean          | 8.93e+03    |
|    ep_rew_mean          | -721        |
| time/                   |             |
|    fps                  | 379         |
|    iterations           | 18          |
|    time_elapsed         | 97          |
|    total_timesteps      | 36864       |
| train/                  |             |
|    approx_kl            | 0.012947634 |
|    clip_fraction        | 0.128       |
|    clip_range           | 0.2         |
|    entropy_loss         | -16.8       |
|    explained_variance   | 0.976       |
|    learning_rate        | 0.0003      |
|    loss                 | 0.158       |
|    n_updates            | 170         |
|    policy_gradient_loss | -0.0146     |
|    std                  | 0.98        |
|    value_loss           | 0.537       |
-----------------------------------------
-----------------------------------------
| rollout/                |             |
|    ep_len_mean          | 8.93e+03    |
|    ep_rew_mean          | -721        |
| time/                   |             |
|    fps                  | 376         |
|    iterations           | 19          |
|    time_elapsed         | 103         |
|    total_timesteps      | 38912       |
| train/                  |             |
|    approx_kl            | 0.010801053 |
|    clip_fraction        | 0.104       |
|    clip_range           | 0.2         |
|    entropy_loss         | -16.8       |
|    explained_variance   | 0.938       |
|    learning_rate        | 0.0003      |
|    loss                 | 2.41        |
|    n_updates            | 180         |
|    policy_gradient_loss | -0.0117     |
|    std                  | 0.978       |
|    value_loss           | 3.99        |
-----------------------------------------
-----------------------------------------
| rollout/                |             |
|    ep_len_mean          | 8.93e+03    |
|    ep_rew_mean          | -721        |
| time/                   |             |
|    fps                  | 378         |
|    iterations           | 20          |
|    time_elapsed         | 108         |
|    total_timesteps      | 40960       |
| train/                  |             |
|    approx_kl            | 0.012459036 |
|    clip_fraction        | 0.138       |
|    clip_range           | 0.2         |
|    entropy_loss         | -16.7       |
|    explained_variance   | 0.942       |
|    learning_rate        | 0.0003      |
|    loss                 | 0.21        |
|    n_updates            | 190         |
|    policy_gradient_loss | -0.0109     |
|    std                  | 0.976       |
|    value_loss           | 0.749       |
-----------------------------------------
-----------------------------------------
| rollout/                |             |
|    ep_len_mean          | 8.93e+03    |
|    ep_rew_mean          | -721        |
| time/                   |             |
|    fps                  | 379         |
|    iterations           | 21          |
|    time_elapsed         | 113         |
|    total_timesteps      | 43008       |
| train/                  |             |
|    approx_kl            | 0.012392957 |
|    clip_fraction        | 0.133       |
|    clip_range           | 0.2         |
|    entropy_loss         | -16.7       |
|    explained_variance   | 0.961       |
|    learning_rate        | 0.0003      |
|    loss                 | 0.337       |
|    n_updates            | 200         |
|    policy_gradient_loss | -0.0129     |
|    std                  | 0.973       |
|    value_loss           | 0.908       |
-----------------------------------------
----------------------------------------
| rollout/                |            |
|    ep_len_mean          | 8.93e+03   |
|    ep_rew_mean          | -721       |
| time/                   |            |
|    fps                  | 379        |
|    iterations           | 22         |
|    time_elapsed         | 118        |
|    total_timesteps      | 45056      |
| train/                  |            |
|    approx_kl            | 0.01813669 |
|    clip_fraction        | 0.166      |
|    clip_range           | 0.2        |
|    entropy_loss         | -16.7      |
|    explained_variance   | 0.974      |
|    learning_rate        | 0.0003     |
|    loss                 | 0.231      |
|    n_updates            | 210        |
|    policy_gradient_loss | -0.0134    |
|    std                  | 0.972      |
|    value_loss           | 0.657      |
----------------------------------------
-----------------------------------------
| rollout/                |             |
|    ep_len_mean          | 8.93e+03    |
|    ep_rew_mean          | -721        |
| time/                   |             |
|    fps                  | 379         |
|    iterations           | 23          |
|    time_elapsed         | 124         |
|    total_timesteps      | 47104       |
| train/                  |             |
|    approx_kl            | 0.011889617 |
|    clip_fraction        | 0.133       |
|    clip_range           | 0.2         |
|    entropy_loss         | -16.7       |
|    explained_variance   | 0.826       |
|    learning_rate        | 0.0003      |
|    loss                 | 1.47        |
|    n_updates            | 220         |
|    policy_gradient_loss | -0.0122     |
|    std                  | 0.969       |
|    value_loss           | 4.25        |
-----------------------------------------
-----------------------------------------
| rollout/                |             |
|    ep_len_mean          | 8.93e+03    |
|    ep_rew_mean          | -721        |
| time/                   |             |
|    fps                  | 376         |
|    iterations           | 24          |
|    time_elapsed         | 130         |
|    total_timesteps      | 49152       |
| train/                  |             |
|    approx_kl            | 0.013579978 |
|    clip_fraction        | 0.136       |
|    clip_range           | 0.2         |
|    entropy_loss         | -16.7       |
|    explained_variance   | 0.979       |
|    learning_rate        | 0.0003      |
|    loss                 | 0.413       |
|    n_updates            | 230         |
|    policy_gradient_loss | -0.0134     |
|    std                  | 0.971       |
|    value_loss           | 1.07        |
-----------------------------------------
-----------------------------------------
| rollout/                |             |
|    ep_len_mean          | 8.93e+03    |
|    ep_rew_mean          | -721        |
| time/                   |             |
|    fps                  | 374         |
|    iterations           | 25          |
|    time_elapsed         | 136         |
|    total_timesteps      | 51200       |
| train/                  |             |
|    approx_kl            | 0.012145495 |
|    clip_fraction        | 0.169       |
|    clip_range           | 0.2         |
|    entropy_loss         | -16.6       |
|    explained_variance   | 0.95        |
|    learning_rate        | 0.0003      |
|    loss                 | 0.524       |
|    n_updates            | 240         |
|    policy_gradient_loss | -0.0142     |
|    std                  | 0.967       |
|    value_loss           | 0.938       |
-----------------------------------------
-----------------------------------------
| rollout/                |             |
|    ep_len_mean          | 8.93e+03    |
|    ep_rew_mean          | -721        |
| time/                   |             |
|    fps                  | 372         |
|    iterations           | 26          |
|    time_elapsed         | 142         |
|    total_timesteps      | 53248       |
| train/                  |             |
|    approx_kl            | 0.013996827 |
|    clip_fraction        | 0.154       |
|    clip_range           | 0.2         |
|    entropy_loss         | -16.6       |
|    explained_variance   | 0.97        |
|    learning_rate        | 0.0003      |
|    loss                 | 0.231       |
|    n_updates            | 250         |
|    policy_gradient_loss | -0.013      |
|    std                  | 0.968       |
|    value_loss           | 1.03        |
-----------------------------------------
-----------------------------------------
| rollout/                |             |
|    ep_len_mean          | 8.93e+03    |
|    ep_rew_mean          | -720        |
| time/                   |             |
|    fps                  | 372         |
|    iterations           | 27          |
|    time_elapsed         | 148         |
|    total_timesteps      | 55296       |
| train/                  |             |
|    approx_kl            | 0.015337102 |
|    clip_fraction        | 0.182       |
|    clip_range           | 0.2         |
|    entropy_loss         | -16.6       |
|    explained_variance   | 0.984       |
|    learning_rate        | 0.0003      |
|    loss                 | 0.304       |
|    n_updates            | 260         |
|    policy_gradient_loss | -0.0156     |
|    std                  | 0.97        |
|    value_loss           | 0.947       |
-----------------------------------------
-----------------------------------------
| rollout/                |             |
|    ep_len_mean          | 8.93e+03    |
|    ep_rew_mean          | -720        |
| time/                   |             |
|    fps                  | 368         |
|    iterations           | 28          |
|    time_elapsed         | 155         |
|    total_timesteps      | 57344       |
| train/                  |             |
|    approx_kl            | 0.015677325 |
|    clip_fraction        | 0.147       |
|    clip_range           | 0.2         |
|    entropy_loss         | -16.7       |
|    explained_variance   | 0.893       |
|    learning_rate        | 0.0003      |
|    loss                 | 3.66        |
|    n_updates            | 270         |
|    policy_gradient_loss | -0.0108     |
|    std                  | 0.969       |
|    value_loss           | 5.51        |
-----------------------------------------
----------------------------------------
| rollout/                |            |
|    ep_len_mean          | 8.93e+03   |
|    ep_rew_mean          | -720       |
| time/                   |            |
|    fps                  | 368        |
|    iterations           | 29         |
|    time_elapsed         | 161        |
|    total_timesteps      | 59392      |
| train/                  |            |
|    approx_kl            | 0.01830919 |
|    clip_fraction        | 0.19       |
|    clip_range           | 0.2        |
|    entropy_loss         | -16.6      |
|    explained_variance   | 0.968      |
|    learning_rate        | 0.0003     |
|    loss                 | 0.462      |
|    n_updates            | 280        |
|    policy_gradient_loss | -0.0143    |
|    std                  | 0.969      |
|    value_loss           | 1.4        |
----------------------------------------
-----------------------------------------
| rollout/                |             |
|    ep_len_mean          | 8.93e+03    |
|    ep_rew_mean          | -720        |
| time/                   |             |
|    fps                  | 369         |
|    iterations           | 30          |
|    time_elapsed         | 166         |
|    total_timesteps      | 61440       |
| train/                  |             |
|    approx_kl            | 0.012960391 |
|    clip_fraction        | 0.187       |
|    clip_range           | 0.2         |
|    entropy_loss         | -16.7       |
|    explained_variance   | 0.976       |
|    learning_rate        | 0.0003      |
|    loss                 | 0.471       |
|    n_updates            | 290         |
|    policy_gradient_loss | -0.0137     |
|    std                  | 0.97        |
|    value_loss           | 1.22        |
-----------------------------------------
-----------------------------------------
| rollout/                |             |
|    ep_len_mean          | 8.93e+03    |
|    ep_rew_mean          | -719        |
| time/                   |             |
|    fps                  | 370         |
|    iterations           | 31          |
|    time_elapsed         | 171         |
|    total_timesteps      | 63488       |
| train/                  |             |
|    approx_kl            | 0.014596842 |
|    clip_fraction        | 0.205       |
|    clip_range           | 0.2         |
|    entropy_loss         | -16.6       |
|    explained_variance   | 0.976       |
|    learning_rate        | 0.0003      |
|    loss                 | 0.309       |
|    n_updates            | 300         |
|    policy_gradient_loss | -0.0158     |
|    std                  | 0.969       |
|    value_loss           | 1.2         |
-----------------------------------------
-----------------------------------------
| rollout/                |             |
|    ep_len_mean          | 8.93e+03    |
|    ep_rew_mean          | -719        |
| time/                   |             |
|    fps                  | 371         |
|    iterations           | 32          |
|    time_elapsed         | 176         |
|    total_timesteps      | 65536       |
| train/                  |             |
|    approx_kl            | 0.013779014 |
|    clip_fraction        | 0.17        |
|    clip_range           | 0.2         |
|    entropy_loss         | -16.6       |
|    explained_variance   | 0.919       |
|    learning_rate        | 0.0003      |
|    loss                 | 8.35        |
|    n_updates            | 310         |
|    policy_gradient_loss | -0.013      |
|    std                  | 0.969       |
|    value_loss           | 7.31        |
-----------------------------------------
-----------------------------------------
| rollout/                |             |
|    ep_len_mean          | 8.93e+03    |
|    ep_rew_mean          | -719        |
| time/                   |             |
|    fps                  | 372         |
|    iterations           | 33          |
|    time_elapsed         | 181         |
|    total_timesteps      | 67584       |
| train/                  |             |
|    approx_kl            | 0.014694547 |
|    clip_fraction        | 0.162       |
|    clip_range           | 0.2         |
|    entropy_loss         | -16.6       |
|    explained_variance   | 0.939       |
|    learning_rate        | 0.0003      |
|    loss                 | 0.453       |
|    n_updates            | 320         |
|    policy_gradient_loss | -0.011      |
|    std                  | 0.97        |
|    value_loss           | 1.68        |
-----------------------------------------
-----------------------------------------
| rollout/                |             |
|    ep_len_mean          | 8.93e+03    |
|    ep_rew_mean          | -719        |
| time/                   |             |
|    fps                  | 373         |
|    iterations           | 34          |
|    time_elapsed         | 186         |
|    total_timesteps      | 69632       |
| train/                  |             |
|    approx_kl            | 0.016355274 |
|    clip_fraction        | 0.175       |
|    clip_range           | 0.2         |
|    entropy_loss         | -16.7       |
|    explained_variance   | 0.96        |
|    learning_rate        | 0.0003      |
|    loss                 | 0.445       |
|    n_updates            | 330         |
|    policy_gradient_loss | -0.0126     |
|    std                  | 0.971       |
|    value_loss           | 1.31        |
-----------------------------------------
-----------------------------------------
| rollout/                |             |
|    ep_len_mean          | 8.93e+03    |
|    ep_rew_mean          | -719        |
| time/                   |             |
|    fps                  | 372         |
|    iterations           | 35          |
|    time_elapsed         | 192         |
|    total_timesteps      | 71680       |
| train/                  |             |
|    approx_kl            | 0.018798195 |
|    clip_fraction        | 0.209       |
|    clip_range           | 0.2         |
|    entropy_loss         | -16.6       |
|    explained_variance   | 0.971       |
|    learning_rate        | 0.0003      |
|    loss                 | 0.437       |
|    n_updates            | 340         |
|    policy_gradient_loss | -0.0167     |
|    std                  | 0.969       |
|    value_loss           | 1.02        |
-----------------------------------------
-----------------------------------------
| rollout/                |             |
|    ep_len_mean          | 8.93e+03    |
|    ep_rew_mean          | -719        |
| time/                   |             |
|    fps                  | 373         |
|    iterations           | 36          |
|    time_elapsed         | 197         |
|    total_timesteps      | 73728       |
| train/                  |             |
|    approx_kl            | 0.014897335 |
|    clip_fraction        | 0.148       |
|    clip_range           | 0.2         |
|    entropy_loss         | -16.6       |
|    explained_variance   | 0.83        |
|    learning_rate        | 0.0003      |
|    loss                 | 0.662       |
|    n_updates            | 350         |
|    policy_gradient_loss | -0.0102     |
|    std                  | 0.969       |
|    value_loss           | 9.36        |
-----------------------------------------
-----------------------------------------
| rollout/                |             |
|    ep_len_mean          | 8.93e+03    |
|    ep_rew_mean          | -719        |
| time/                   |             |
|    fps                  | 374         |
|    iterations           | 37          |
|    time_elapsed         | 202         |
|    total_timesteps      | 75776       |
| train/                  |             |
|    approx_kl            | 0.017156506 |
|    clip_fraction        | 0.227       |
|    clip_range           | 0.2         |
|    entropy_loss         | -16.6       |
|    explained_variance   | 0.969       |
|    learning_rate        | 0.0003      |
|    loss                 | 0.468       |
|    n_updates            | 360         |
|    policy_gradient_loss | -0.0122     |
|    std                  | 0.966       |
|    value_loss           | 1.25        |
-----------------------------------------
-----------------------------------------
| rollout/                |             |
|    ep_len_mean          | 8.93e+03    |
|    ep_rew_mean          | -719        |
| time/                   |             |
|    fps                  | 374         |
|    iterations           | 38          |
|    time_elapsed         | 207         |
|    total_timesteps      | 77824       |
| train/                  |             |
|    approx_kl            | 0.021566499 |
|    clip_fraction        | 0.241       |
|    clip_range           | 0.2         |
|    entropy_loss         | -16.6       |
|    explained_variance   | 0.952       |
|    learning_rate        | 0.0003      |
|    loss                 | 0.436       |
|    n_updates            | 370         |
|    policy_gradient_loss | -0.0177     |
|    std                  | 0.967       |
|    value_loss           | 1.18        |
-----------------------------------------
-----------------------------------------
| rollout/                |             |
|    ep_len_mean          | 8.93e+03    |
|    ep_rew_mean          | -719        |
| time/                   |             |
|    fps                  | 374         |
|    iterations           | 39          |
|    time_elapsed         | 213         |
|    total_timesteps      | 79872       |
| train/                  |             |
|    approx_kl            | 0.020087592 |
|    clip_fraction        | 0.211       |
|    clip_range           | 0.2         |
|    entropy_loss         | -16.6       |
|    explained_variance   | 0.976       |
|    learning_rate        | 0.0003      |
|    loss                 | 0.443       |
|    n_updates            | 380         |
|    policy_gradient_loss | -0.0127     |
|    std                  | 0.963       |
|    value_loss           | 0.922       |
-----------------------------------------
-----------------------------------------
| rollout/                |             |
|    ep_len_mean          | 8.93e+03    |
|    ep_rew_mean          | -720        |
| time/                   |             |
|    fps                  | 372         |
|    iterations           | 40          |
|    time_elapsed         | 219         |
|    total_timesteps      | 81920       |
| train/                  |             |
|    approx_kl            | 0.019707726 |
|    clip_fraction        | 0.238       |
|    clip_range           | 0.2         |
|    entropy_loss         | -16.6       |
|    explained_variance   | 0.983       |
|    learning_rate        | 0.0003      |
|    loss                 | 0.317       |
|    n_updates            | 390         |
|    policy_gradient_loss | -0.01       |
|    std                  | 0.962       |
|    value_loss           | 1.02        |
-----------------------------------------
-----------------------------------------
| rollout/                |             |
|    ep_len_mean          | 8.93e+03    |
|    ep_rew_mean          | -720        |
| time/                   |             |
|    fps                  | 373         |
|    iterations           | 41          |
|    time_elapsed         | 225         |
|    total_timesteps      | 83968       |
| train/                  |             |
|    approx_kl            | 0.012992106 |
|    clip_fraction        | 0.127       |
|    clip_range           | 0.2         |
|    entropy_loss         | -16.6       |
|    explained_variance   | 0.851       |
|    learning_rate        | 0.0003      |
|    loss                 | 14.3        |
|    n_updates            | 400         |
|    policy_gradient_loss | -0.0145     |
|    std                  | 0.962       |
|    value_loss           | 10.1        |
-----------------------------------------
-----------------------------------------
| rollout/                |             |
|    ep_len_mean          | 8.93e+03    |
|    ep_rew_mean          | -720        |
| time/                   |             |
|    fps                  | 371         |
|    iterations           | 42          |
|    time_elapsed         | 231         |
|    total_timesteps      | 86016       |
| train/                  |             |
|    approx_kl            | 0.019620853 |
|    clip_fraction        | 0.197       |
|    clip_range           | 0.2         |
|    entropy_loss         | -16.5       |
|    explained_variance   | 0.963       |
|    learning_rate        | 0.0003      |
|    loss                 | 0.56        |
|    n_updates            | 410         |
|    policy_gradient_loss | -0.0099     |
|    std                  | 0.955       |
|    value_loss           | 1.76        |
-----------------------------------------
-----------------------------------------
| rollout/                |             |
|    ep_len_mean          | 8.93e+03    |
|    ep_rew_mean          | -720        |
| time/                   |             |
|    fps                  | 372         |
|    iterations           | 43          |
|    time_elapsed         | 236         |
|    total_timesteps      | 88064       |
| train/                  |             |
|    approx_kl            | 0.017209817 |
|    clip_fraction        | 0.23        |
|    clip_range           | 0.2         |
|    entropy_loss         | -16.5       |
|    explained_variance   | 0.974       |
|    learning_rate        | 0.0003      |
|    loss                 | 0.477       |
|    n_updates            | 420         |
|    policy_gradient_loss | -0.0156     |
|    std                  | 0.954       |
|    value_loss           | 1.14        |
-----------------------------------------
----------------------------------------
| rollout/                |            |
|    ep_len_mean          | 8.93e+03   |
|    ep_rew_mean          | -720       |
| time/                   |            |
|    fps                  | 373        |
|    iterations           | 44         |
|    time_elapsed         | 241        |
|    total_timesteps      | 90112      |
| train/                  |            |
|    approx_kl            | 0.02273507 |
|    clip_fraction        | 0.248      |
|    clip_range           | 0.2        |
|    entropy_loss         | -16.4      |
|    explained_variance   | 0.979      |
|    learning_rate        | 0.0003     |
|    loss                 | 0.259      |
|    n_updates            | 430        |
|    policy_gradient_loss | -0.0164    |
|    std                  | 0.95       |
|    value_loss           | 1.13       |
----------------------------------------
-----------------------------------------
| rollout/                |             |
|    ep_len_mean          | 8.93e+03    |
|    ep_rew_mean          | -720        |
| time/                   |             |
|    fps                  | 374         |
|    iterations           | 45          |
|    time_elapsed         | 246         |
|    total_timesteps      | 92160       |
| train/                  |             |
|    approx_kl            | 0.012316709 |
|    clip_fraction        | 0.146       |
|    clip_range           | 0.2         |
|    entropy_loss         | -16.4       |
|    explained_variance   | 0.888       |
|    learning_rate        | 0.0003      |
|    loss                 | 3.59        |
|    n_updates            | 440         |
|    policy_gradient_loss | -0.015      |
|    std                  | 0.95        |
|    value_loss           | 14.3        |
-----------------------------------------
-----------------------------------------
| rollout/                |             |
|    ep_len_mean          | 8.93e+03    |
|    ep_rew_mean          | -720        |
| time/                   |             |
|    fps                  | 374         |
|    iterations           | 46          |
|    time_elapsed         | 251         |
|    total_timesteps      | 94208       |
| train/                  |             |
|    approx_kl            | 0.015896007 |
|    clip_fraction        | 0.205       |
|    clip_range           | 0.2         |
|    entropy_loss         | -16.4       |
|    explained_variance   | 0.96        |
|    learning_rate        | 0.0003      |
|    loss                 | 0.786       |
|    n_updates            | 450         |
|    policy_gradient_loss | -0.0164     |
|    std                  | 0.953       |
|    value_loss           | 2.31        |
-----------------------------------------
-----------------------------------------
| rollout/                |             |
|    ep_len_mean          | 8.93e+03    |
|    ep_rew_mean          | -720        |
| time/                   |             |
|    fps                  | 374         |
|    iterations           | 47          |
|    time_elapsed         | 256         |
|    total_timesteps      | 96256       |
| train/                  |             |
|    approx_kl            | 0.018428084 |
|    clip_fraction        | 0.228       |
|    clip_range           | 0.2         |
|    entropy_loss         | -16.5       |
|    explained_variance   | 0.959       |
|    learning_rate        | 0.0003      |
|    loss                 | 0.688       |
|    n_updates            | 460         |
|    policy_gradient_loss | -0.015      |
|    std                  | 0.955       |
|    value_loss           | 1.23        |
-----------------------------------------
-----------------------------------------
| rollout/                |             |
|    ep_len_mean          | 8.93e+03    |
|    ep_rew_mean          | -721        |
| time/                   |             |
|    fps                  | 375         |
|    iterations           | 48          |
|    time_elapsed         | 261         |
|    total_timesteps      | 98304       |
| train/                  |             |
|    approx_kl            | 0.021027405 |
|    clip_fraction        | 0.213       |
|    clip_range           | 0.2         |
|    entropy_loss         | -16.4       |
|    explained_variance   | 0.971       |
|    learning_rate        | 0.0003      |
|    loss                 | 0.361       |
|    n_updates            | 470         |
|    policy_gradient_loss | -0.0162     |
|    std                  | 0.951       |
|    value_loss           | 1.21        |
-----------------------------------------
------------------------------------------
| rollout/                |              |
|    ep_len_mean          | 8.93e+03     |
|    ep_rew_mean          | -721         |
| time/                   |              |
|    fps                  | 375          |
|    iterations           | 49           |
|    time_elapsed         | 267          |
|    total_timesteps      | 100352       |
| train/                  |              |
|    approx_kl            | 0.0094022695 |
|    clip_fraction        | 0.124        |
|    clip_range           | 0.2          |
|    entropy_loss         | -16.4        |
|    explained_variance   | 0.865        |
|    learning_rate        | 0.0003       |
|    loss                 | 1.4          |
|    n_updates            | 480          |
|    policy_gradient_loss | -0.00875     |
|    std                  | 0.949        |
|    value_loss           | 15.1         |
------------------------------------------
-----------------------------------------
| rollout/                |             |
|    ep_len_mean          | 8.93e+03    |
|    ep_rew_mean          | -721        |
| time/                   |             |
|    fps                  | 375         |
|    iterations           | 50          |
|    time_elapsed         | 273         |
|    total_timesteps      | 102400      |
| train/                  |             |
|    approx_kl            | 0.022011667 |
|    clip_fraction        | 0.22        |
|    clip_range           | 0.2         |
|    entropy_loss         | -16.4       |
|    explained_variance   | 0.96        |
|    learning_rate        | 0.0003      |
|    loss                 | 0.538       |
|    n_updates            | 490         |
|    policy_gradient_loss | -0.0191     |
|    std                  | 0.948       |
|    value_loss           | 1.74        |
-----------------------------------------
----------------------------------------
| rollout/                |            |
|    ep_len_mean          | 8.93e+03   |
|    ep_rew_mean          | -721       |
| time/                   |            |
|    fps                  | 375        |
|    iterations           | 51         |
|    time_elapsed         | 278        |
|    total_timesteps      | 104448     |
| train/                  |            |
|    approx_kl            | 0.01768418 |
|    clip_fraction        | 0.217      |
|    clip_range           | 0.2        |
|    entropy_loss         | -16.4      |
|    explained_variance   | 0.957      |
|    learning_rate        | 0.0003     |
|    loss                 | 0.732      |
|    n_updates            | 500        |
|    policy_gradient_loss | -0.0135    |
|    std                  | 0.948      |
|    value_loss           | 1.69       |
----------------------------------------
-----------------------------------------
| rollout/                |             |
|    ep_len_mean          | 8.93e+03    |
|    ep_rew_mean          | -721        |
| time/                   |             |
|    fps                  | 376         |
|    iterations           | 52          |
|    time_elapsed         | 283         |
|    total_timesteps      | 106496      |
| train/                  |             |
|    approx_kl            | 0.019377895 |
|    clip_fraction        | 0.248       |
|    clip_range           | 0.2         |
|    entropy_loss         | -16.4       |
|    explained_variance   | 0.978       |
|    learning_rate        | 0.0003      |
|    loss                 | 0.627       |
|    n_updates            | 510         |
|    policy_gradient_loss | -0.0129     |
|    std                  | 0.947       |
|    value_loss           | 1.06        |
-----------------------------------------
-----------------------------------------
| rollout/                |             |
|    ep_len_mean          | 8.93e+03    |
|    ep_rew_mean          | -721        |
| time/                   |             |
|    fps                  | 376         |
|    iterations           | 53          |
|    time_elapsed         | 288         |
|    total_timesteps      | 108544      |
| train/                  |             |
|    approx_kl            | 0.022577595 |
|    clip_fraction        | 0.209       |
|    clip_range           | 0.2         |
|    entropy_loss         | -16.4       |
|    explained_variance   | 0.978       |
|    learning_rate        | 0.0003      |
|    loss                 | 0.545       |
|    n_updates            | 520         |
|    policy_gradient_loss | -0.0118     |
|    std                  | 0.946       |
|    value_loss           | 1.52        |
-----------------------------------------
-----------------------------------------
| rollout/                |             |
|    ep_len_mean          | 8.93e+03    |
|    ep_rew_mean          | -721        |
| time/                   |             |
|    fps                  | 376         |
|    iterations           | 54          |
|    time_elapsed         | 293         |
|    total_timesteps      | 110592      |
| train/                  |             |
|    approx_kl            | 0.013728245 |
|    clip_fraction        | 0.164       |
|    clip_range           | 0.2         |
|    entropy_loss         | -16.3       |
|    explained_variance   | 0.819       |
|    learning_rate        | 0.0003      |
|    loss                 | 2.24        |
|    n_updates            | 530         |
|    policy_gradient_loss | -0.0115     |
|    std                  | 0.944       |
|    value_loss           | 15.8        |
-----------------------------------------
-----------------------------------------
| rollout/                |             |
|    ep_len_mean          | 8.93e+03    |
|    ep_rew_mean          | -721        |
| time/                   |             |
|    fps                  | 376         |
|    iterations           | 55          |
|    time_elapsed         | 298         |
|    total_timesteps      | 112640      |
| train/                  |             |
|    approx_kl            | 0.023817262 |
|    clip_fraction        | 0.24        |
|    clip_range           | 0.2         |
|    entropy_loss         | -16.3       |
|    explained_variance   | 0.949       |
|    learning_rate        | 0.0003      |
|    loss                 | 0.917       |
|    n_updates            | 540         |
|    policy_gradient_loss | -0.0125     |
|    std                  | 0.947       |
|    value_loss           | 1.64        |
-----------------------------------------
-----------------------------------------
| rollout/                |             |
|    ep_len_mean          | 8.93e+03    |
|    ep_rew_mean          | -721        |
| time/                   |             |
|    fps                  | 376         |
|    iterations           | 56          |
|    time_elapsed         | 304         |
|    total_timesteps      | 114688      |
| train/                  |             |
|    approx_kl            | 0.019547252 |
|    clip_fraction        | 0.257       |
|    clip_range           | 0.2         |
|    entropy_loss         | -16.4       |
|    explained_variance   | 0.964       |
|    learning_rate        | 0.0003      |
|    loss                 | 0.539       |
|    n_updates            | 550         |
|    policy_gradient_loss | -0.0171     |
|    std                  | 0.953       |
|    value_loss           | 1.43        |
-----------------------------------------
-----------------------------------------
| rollout/                |             |
|    ep_len_mean          | 8.93e+03    |
|    ep_rew_mean          | -721        |
| time/                   |             |
|    fps                  | 377         |
|    iterations           | 57          |
|    time_elapsed         | 309         |
|    total_timesteps      | 116736      |
| train/                  |             |
|    approx_kl            | 0.020691305 |
|    clip_fraction        | 0.265       |
|    clip_range           | 0.2         |
|    entropy_loss         | -16.4       |
|    explained_variance   | 0.974       |
|    learning_rate        | 0.0003      |
|    loss                 | 0.499       |
|    n_updates            | 560         |
|    policy_gradient_loss | -0.0165     |
|    std                  | 0.951       |
|    value_loss           | 1.26        |
-----------------------------------------
-----------------------------------------
| rollout/                |             |
|    ep_len_mean          | 8.93e+03    |
|    ep_rew_mean          | -721        |
| time/                   |             |
|    fps                  | 377         |
|    iterations           | 58          |
|    time_elapsed         | 314         |
|    total_timesteps      | 118784      |
| train/                  |             |
|    approx_kl            | 0.013339649 |
|    clip_fraction        | 0.154       |
|    clip_range           | 0.2         |
|    entropy_loss         | -16.4       |
|    explained_variance   | 0.809       |
|    learning_rate        | 0.0003      |
|    loss                 | 19.9        |
|    n_updates            | 570         |
|    policy_gradient_loss | -0.0156     |
|    std                  | 0.952       |
|    value_loss           | 21.8        |
-----------------------------------------
-----------------------------------------
| rollout/                |             |
|    ep_len_mean          | 8.93e+03    |
|    ep_rew_mean          | -721        |
| time/                   |             |
|    fps                  | 377         |
|    iterations           | 59          |
|    time_elapsed         | 319         |
|    total_timesteps      | 120832      |
| train/                  |             |
|    approx_kl            | 0.020627191 |
|    clip_fraction        | 0.204       |
|    clip_range           | 0.2         |
|    entropy_loss         | -16.4       |
|    explained_variance   | 0.976       |
|    learning_rate        | 0.0003      |
|    loss                 | 0.794       |
|    n_updates            | 580         |
|    policy_gradient_loss | -0.0121     |
|    std                  | 0.955       |
|    value_loss           | 2.13        |
-----------------------------------------
-----------------------------------------
| rollout/                |             |
|    ep_len_mean          | 8.93e+03    |
|    ep_rew_mean          | -721        |
| time/                   |             |
|    fps                  | 378         |
|    iterations           | 60          |
|    time_elapsed         | 324         |
|    total_timesteps      | 122880      |
| train/                  |             |
|    approx_kl            | 0.017383546 |
|    clip_fraction        | 0.217       |
|    clip_range           | 0.2         |
|    entropy_loss         | -16.5       |
|    explained_variance   | 0.926       |
|    learning_rate        | 0.0003      |
|    loss                 | 0.807       |
|    n_updates            | 590         |
|    policy_gradient_loss | -0.0106     |
|    std                  | 0.955       |
|    value_loss           | 2.06        |
-----------------------------------------
-----------------------------------------
| rollout/                |             |
|    ep_len_mean          | 8.93e+03    |
|    ep_rew_mean          | -721        |
| time/                   |             |
|    fps                  | 378         |
|    iterations           | 61          |
|    time_elapsed         | 329         |
|    total_timesteps      | 124928      |
| train/                  |             |
|    approx_kl            | 0.020414967 |
|    clip_fraction        | 0.234       |
|    clip_range           | 0.2         |
|    entropy_loss         | -16.4       |
|    explained_variance   | 0.974       |
|    learning_rate        | 0.0003      |
|    loss                 | 0.515       |
|    n_updates            | 600         |
|    policy_gradient_loss | -0.00993    |
|    std                  | 0.954       |
|    value_loss           | 1.49        |
-----------------------------------------
-----------------------------------------
| rollout/                |             |
|    ep_len_mean          | 8.93e+03    |
|    ep_rew_mean          | -721        |
| time/                   |             |
|    fps                  | 378         |
|    iterations           | 62          |
|    time_elapsed         | 335         |
|    total_timesteps      | 126976      |
| train/                  |             |
|    approx_kl            | 0.014602475 |
|    clip_fraction        | 0.201       |
|    clip_range           | 0.2         |
|    entropy_loss         | -16.4       |
|    explained_variance   | 0.982       |
|    learning_rate        | 0.0003      |
|    loss                 | 1.15        |
|    n_updates            | 610         |
|    policy_gradient_loss | -0.0128     |
|    std                  | 0.952       |
|    value_loss           | 2.28        |
-----------------------------------------
-----------------------------------------
| rollout/                |             |
|    ep_len_mean          | 8.93e+03    |
|    ep_rew_mean          | -721        |
| time/                   |             |
|    fps                  | 378         |
|    iterations           | 63          |
|    time_elapsed         | 340         |
|    total_timesteps      | 129024      |
| train/                  |             |
|    approx_kl            | 0.009405232 |
|    clip_fraction        | 0.13        |
|    clip_range           | 0.2         |
|    entropy_loss         | -16.4       |
|    explained_variance   | 0.728       |
|    learning_rate        | 0.0003      |
|    loss                 | 3.4         |
|    n_updates            | 620         |
|    policy_gradient_loss | -0.00668    |
|    std                  | 0.949       |
|    value_loss           | 15.8        |
-----------------------------------------
-----------------------------------------
| rollout/                |             |
|    ep_len_mean          | 8.93e+03    |
|    ep_rew_mean          | -721        |
| time/                   |             |
|    fps                  | 379         |
|    iterations           | 64          |
|    time_elapsed         | 345         |
|    total_timesteps      | 131072      |
| train/                  |             |
|    approx_kl            | 0.021189522 |
|    clip_fraction        | 0.257       |
|    clip_range           | 0.2         |
|    entropy_loss         | -16.4       |
|    explained_variance   | 0.965       |
|    learning_rate        | 0.0003      |
|    loss                 | 1           |
|    n_updates            | 630         |
|    policy_gradient_loss | -0.0111     |
|    std                  | 0.955       |
|    value_loss           | 2.13        |
-----------------------------------------
-----------------------------------------
| rollout/                |             |
|    ep_len_mean          | 8.93e+03    |
|    ep_rew_mean          | -721        |
| time/                   |             |
|    fps                  | 379         |
|    iterations           | 65          |
|    time_elapsed         | 350         |
|    total_timesteps      | 133120      |
| train/                  |             |
|    approx_kl            | 0.024785046 |
|    clip_fraction        | 0.23        |
|    clip_range           | 0.2         |
|    entropy_loss         | -16.4       |
|    explained_variance   | 0.983       |
|    learning_rate        | 0.0003      |
|    loss                 | 0.425       |
|    n_updates            | 640         |
|    policy_gradient_loss | -0.0133     |
|    std                  | 0.952       |
|    value_loss           | 1.25        |
-----------------------------------------
----------------------------------------
| rollout/                |            |
|    ep_len_mean          | 8.93e+03   |
|    ep_rew_mean          | -722       |
| time/                   |            |
|    fps                  | 379        |
|    iterations           | 66         |
|    time_elapsed         | 355        |
|    total_timesteps      | 135168     |
| train/                  |            |
|    approx_kl            | 0.01791299 |
|    clip_fraction        | 0.227      |
|    clip_range           | 0.2        |
|    entropy_loss         | -16.4      |
|    explained_variance   | 0.977      |
|    learning_rate        | 0.0003     |
|    loss                 | 0.693      |
|    n_updates            | 650        |
|    policy_gradient_loss | -0.0151    |
|    std                  | 0.956      |
|    value_loss           | 1.72       |
----------------------------------------
-----------------------------------------
| rollout/                |             |
|    ep_len_mean          | 8.93e+03    |
|    ep_rew_mean          | -722        |
| time/                   |             |
|    fps                  | 380         |
|    iterations           | 67          |
|    time_elapsed         | 360         |
|    total_timesteps      | 137216      |
| train/                  |             |
|    approx_kl            | 0.009831974 |
|    clip_fraction        | 0.0903      |
|    clip_range           | 0.2         |
|    entropy_loss         | -16.5       |
|    explained_variance   | 0.824       |
|    learning_rate        | 0.0003      |
|    loss                 | 2.64        |
|    n_updates            | 660         |
|    policy_gradient_loss | -0.0104     |
|    std                  | 0.958       |
|    value_loss           | 26.1        |
-----------------------------------------
-----------------------------------------
| rollout/                |             |
|    ep_len_mean          | 8.93e+03    |
|    ep_rew_mean          | -722        |
| time/                   |             |
|    fps                  | 380         |
|    iterations           | 68          |
|    time_elapsed         | 365         |
|    total_timesteps      | 139264      |
| train/                  |             |
|    approx_kl            | 0.016826283 |
|    clip_fraction        | 0.18        |
|    clip_range           | 0.2         |
|    entropy_loss         | -16.5       |
|    explained_variance   | 0.936       |
|    learning_rate        | 0.0003      |
|    loss                 | 0.994       |
|    n_updates            | 670         |
|    policy_gradient_loss | -0.0127     |
|    std                  | 0.958       |
|    value_loss           | 2.88        |
-----------------------------------------
-----------------------------------------
| rollout/                |             |
|    ep_len_mean          | 8.93e+03    |
|    ep_rew_mean          | -722        |
| time/                   |             |
|    fps                  | 381         |
|    iterations           | 69          |
|    time_elapsed         | 370         |
|    total_timesteps      | 141312      |
| train/                  |             |
|    approx_kl            | 0.018300127 |
|    clip_fraction        | 0.221       |
|    clip_range           | 0.2         |
|    entropy_loss         | -16.5       |
|    explained_variance   | 0.96        |
|    learning_rate        | 0.0003      |
|    loss                 | 0.982       |
|    n_updates            | 680         |
|    policy_gradient_loss | -0.0158     |
|    std                  | 0.955       |
|    value_loss           | 2.28        |
-----------------------------------------
----------------------------------------
| rollout/                |            |
|    ep_len_mean          | 8.93e+03   |
|    ep_rew_mean          | -722       |
| time/                   |            |
|    fps                  | 381        |
|    iterations           | 70         |
|    time_elapsed         | 375        |
|    total_timesteps      | 143360     |
| train/                  |            |
|    approx_kl            | 0.01949133 |
|    clip_fraction        | 0.212      |
|    clip_range           | 0.2        |
|    entropy_loss         | -16.4      |
|    explained_variance   | 0.973      |
|    learning_rate        | 0.0003     |
|    loss                 | 0.682      |
|    n_updates            | 690        |
|    policy_gradient_loss | -0.0139    |
|    std                  | 0.951      |
|    value_loss           | 2          |
----------------------------------------
-----------------------------------------
| rollout/                |             |
|    ep_len_mean          | 8.93e+03    |
|    ep_rew_mean          | -722        |
| time/                   |             |
|    fps                  | 381         |
|    iterations           | 71          |
|    time_elapsed         | 380         |
|    total_timesteps      | 145408      |
| train/                  |             |
|    approx_kl            | 0.011300044 |
|    clip_fraction        | 0.121       |
|    clip_range           | 0.2         |
|    entropy_loss         | -16.4       |
|    explained_variance   | 0.795       |
|    learning_rate        | 0.0003      |
|    loss                 | 1.74        |
|    n_updates            | 700         |
|    policy_gradient_loss | -0.0107     |
|    std                  | 0.951       |
|    value_loss           | 26.8        |
-----------------------------------------
----------------------------------------
| rollout/                |            |
|    ep_len_mean          | 8.93e+03   |
|    ep_rew_mean          | -722       |
| time/                   |            |
|    fps                  | 382        |
|    iterations           | 72         |
|    time_elapsed         | 385        |
|    total_timesteps      | 147456     |
| train/                  |            |
|    approx_kl            | 0.03171572 |
|    clip_fraction        | 0.264      |
|    clip_range           | 0.2        |
|    entropy_loss         | -16.4      |
|    explained_variance   | 0.972      |
|    learning_rate        | 0.0003     |
|    loss                 | 0.706      |
|    n_updates            | 710        |
|    policy_gradient_loss | -0.0114    |
|    std                  | 0.947      |
|    value_loss           | 2.08       |
----------------------------------------
-----------------------------------------
| rollout/                |             |
|    ep_len_mean          | 8.93e+03    |
|    ep_rew_mean          | -722        |
| time/                   |             |
|    fps                  | 382         |
|    iterations           | 73          |
|    time_elapsed         | 391         |
|    total_timesteps      | 149504      |
| train/                  |             |
|    approx_kl            | 0.027888374 |
|    clip_fraction        | 0.276       |
|    clip_range           | 0.2         |
|    entropy_loss         | -16.4       |
|    explained_variance   | 0.933       |
|    learning_rate        | 0.0003      |
|    loss                 | 0.873       |
|    n_updates            | 720         |
|    policy_gradient_loss | -0.0157     |
|    std                  | 0.949       |
|    value_loss           | 2.05        |
-----------------------------------------
----------------------------------------
| rollout/                |            |
|    ep_len_mean          | 8.93e+03   |
|    ep_rew_mean          | -722       |
| time/                   |            |
|    fps                  | 381        |
|    iterations           | 74         |
|    time_elapsed         | 397        |
|    total_timesteps      | 151552     |
| train/                  |            |
|    approx_kl            | 0.01931389 |
|    clip_fraction        | 0.244      |
|    clip_range           | 0.2        |
|    entropy_loss         | -16.4      |
|    explained_variance   | 0.967      |
|    learning_rate        | 0.0003     |
|    loss                 | 0.554      |
|    n_updates            | 730        |
|    policy_gradient_loss | -0.0132    |
|    std                  | 0.948      |
|    value_loss           | 1.35       |
----------------------------------------
-----------------------------------------
| rollout/                |             |
|    ep_len_mean          | 8.93e+03    |
|    ep_rew_mean          | -722        |
| time/                   |             |
|    fps                  | 380         |
|    iterations           | 75          |
|    time_elapsed         | 403         |
|    total_timesteps      | 153600      |
| train/                  |             |
|    approx_kl            | 0.022567805 |
|    clip_fraction        | 0.274       |
|    clip_range           | 0.2         |
|    entropy_loss         | -16.3       |
|    explained_variance   | 0.984       |
|    learning_rate        | 0.0003      |
|    loss                 | 0.565       |
|    n_updates            | 740         |
|    policy_gradient_loss | -0.0137     |
|    std                  | 0.945       |
|    value_loss           | 1.72        |
-----------------------------------------
-----------------------------------------
| rollout/                |             |
|    ep_len_mean          | 8.93e+03    |
|    ep_rew_mean          | -722        |
| time/                   |             |
|    fps                  | 381         |
|    iterations           | 76          |
|    time_elapsed         | 408         |
|    total_timesteps      | 155648      |
| train/                  |             |
|    approx_kl            | 0.018444724 |
|    clip_fraction        | 0.172       |
|    clip_range           | 0.2         |
|    entropy_loss         | -16.3       |
|    explained_variance   | 0.704       |
|    learning_rate        | 0.0003      |
|    loss                 | 2.17        |
|    n_updates            | 750         |
|    policy_gradient_loss | -0.01       |
|    std                  | 0.946       |
|    value_loss           | 20          |
-----------------------------------------
-----------------------------------------
| rollout/                |             |
|    ep_len_mean          | 8.93e+03    |
|    ep_rew_mean          | -722        |
| time/                   |             |
|    fps                  | 381         |
|    iterations           | 77          |
|    time_elapsed         | 413         |
|    total_timesteps      | 157696      |
| train/                  |             |
|    approx_kl            | 0.018697308 |
|    clip_fraction        | 0.223       |
|    clip_range           | 0.2         |
|    entropy_loss         | -16.3       |
|    explained_variance   | 0.943       |
|    learning_rate        | 0.0003      |
|    loss                 | 0.703       |
|    n_updates            | 760         |
|    policy_gradient_loss | -0.0189     |
|    std                  | 0.946       |
|    value_loss           | 2.07        |
-----------------------------------------
-----------------------------------------
| rollout/                |             |
|    ep_len_mean          | 8.93e+03    |
|    ep_rew_mean          | -722        |
| time/                   |             |
|    fps                  | 381         |
|    iterations           | 78          |
|    time_elapsed         | 418         |
|    total_timesteps      | 159744      |
| train/                  |             |
|    approx_kl            | 0.024813868 |
|    clip_fraction        | 0.257       |
|    clip_range           | 0.2         |
|    entropy_loss         | -16.3       |
|    explained_variance   | 0.976       |
|    learning_rate        | 0.0003      |
|    loss                 | 0.621       |
|    n_updates            | 770         |
|    policy_gradient_loss | -0.0098     |
|    std                  | 0.94        |
|    value_loss           | 1.64        |
-----------------------------------------
-----------------------------------------
| rollout/                |             |
|    ep_len_mean          | 8.93e+03    |
|    ep_rew_mean          | -721        |
| time/                   |             |
|    fps                  | 382         |
|    iterations           | 79          |
|    time_elapsed         | 422         |
|    total_timesteps      | 161792      |
| train/                  |             |
|    approx_kl            | 0.019187264 |
|    clip_fraction        | 0.237       |
|    clip_range           | 0.2         |
|    entropy_loss         | -16.2       |
|    explained_variance   | 0.964       |
|    learning_rate        | 0.0003      |
|    loss                 | 0.785       |
|    n_updates            | 780         |
|    policy_gradient_loss | -0.0107     |
|    std                  | 0.936       |
|    value_loss           | 1.69        |
-----------------------------------------
-----------------------------------------
| rollout/                |             |
|    ep_len_mean          | 8.93e+03    |
|    ep_rew_mean          | -721        |
| time/                   |             |
|    fps                  | 382         |
|    iterations           | 80          |
|    time_elapsed         | 428         |
|    total_timesteps      | 163840      |
| train/                  |             |
|    approx_kl            | 0.014952052 |
|    clip_fraction        | 0.156       |
|    clip_range           | 0.2         |
|    entropy_loss         | -16.2       |
|    explained_variance   | 0.853       |
|    learning_rate        | 0.0003      |
|    loss                 | 2.72        |
|    n_updates            | 790         |
|    policy_gradient_loss | -0.0154     |
|    std                  | 0.935       |
|    value_loss           | 31.4        |
-----------------------------------------
-----------------------------------------
| rollout/                |             |
|    ep_len_mean          | 8.93e+03    |
|    ep_rew_mean          | -721        |
| time/                   |             |
|    fps                  | 382         |
|    iterations           | 81          |
|    time_elapsed         | 433         |
|    total_timesteps      | 165888      |
| train/                  |             |
|    approx_kl            | 0.023885699 |
|    clip_fraction        | 0.253       |
|    clip_range           | 0.2         |
|    entropy_loss         | -16.2       |
|    explained_variance   | 0.908       |
|    learning_rate        | 0.0003      |
|    loss                 | 0.872       |
|    n_updates            | 800         |
|    policy_gradient_loss | -0.0113     |
|    std                  | 0.935       |
|    value_loss           | 2.32        |
-----------------------------------------
----------------------------------------
| rollout/                |            |
|    ep_len_mean          | 8.93e+03   |
|    ep_rew_mean          | -721       |
| time/                   |            |
|    fps                  | 382        |
|    iterations           | 82         |
|    time_elapsed         | 439        |
|    total_timesteps      | 167936     |
| train/                  |            |
|    approx_kl            | 0.02469137 |
|    clip_fraction        | 0.271      |
|    clip_range           | 0.2        |
|    entropy_loss         | -16.2      |
|    explained_variance   | 0.933      |
|    learning_rate        | 0.0003     |
|    loss                 | 0.651      |
|    n_updates            | 810        |
|    policy_gradient_loss | -0.0101    |
|    std                  | 0.933      |
|    value_loss           | 1.59       |
----------------------------------------
-----------------------------------------
| rollout/                |             |
|    ep_len_mean          | 8.93e+03    |
|    ep_rew_mean          | -721        |
| time/                   |             |
|    fps                  | 381         |
|    iterations           | 83          |
|    time_elapsed         | 445         |
|    total_timesteps      | 169984      |
| train/                  |             |
|    approx_kl            | 0.017409755 |
|    clip_fraction        | 0.23        |
|    clip_range           | 0.2         |
|    entropy_loss         | -16.1       |
|    explained_variance   | 0.961       |
|    learning_rate        | 0.0003      |
|    loss                 | 0.243       |
|    n_updates            | 820         |
|    policy_gradient_loss | -0.00934    |
|    std                  | 0.929       |
|    value_loss           | 1.19        |
-----------------------------------------
-----------------------------------------
| rollout/                |             |
|    ep_len_mean          | 8.93e+03    |
|    ep_rew_mean          | -721        |
| time/                   |             |
|    fps                  | 381         |
|    iterations           | 84          |
|    time_elapsed         | 451         |
|    total_timesteps      | 172032      |
| train/                  |             |
|    approx_kl            | 0.012703198 |
|    clip_fraction        | 0.13        |
|    clip_range           | 0.2         |
|    entropy_loss         | -16.1       |
|    explained_variance   | 0.691       |
|    learning_rate        | 0.0003      |
|    loss                 | 27.7        |
|    n_updates            | 830         |
|    policy_gradient_loss | -0.0122     |
|    std                  | 0.928       |
|    value_loss           | 26.9        |
-----------------------------------------
-----------------------------------------
| rollout/                |             |
|    ep_len_mean          | 8.93e+03    |
|    ep_rew_mean          | -721        |
| time/                   |             |
|    fps                  | 380         |
|    iterations           | 85          |
|    time_elapsed         | 457         |
|    total_timesteps      | 174080      |
| train/                  |             |
|    approx_kl            | 0.026279362 |
|    clip_fraction        | 0.218       |
|    clip_range           | 0.2         |
|    entropy_loss         | -16.1       |
|    explained_variance   | 0.964       |
|    learning_rate        | 0.0003      |
|    loss                 | 1.36        |
|    n_updates            | 840         |
|    policy_gradient_loss | -0.00975    |
|    std                  | 0.924       |
|    value_loss           | 2.29        |
-----------------------------------------
----------------------------------------
| rollout/                |            |
|    ep_len_mean          | 8.93e+03   |
|    ep_rew_mean          | -721       |
| time/                   |            |
|    fps                  | 379        |
|    iterations           | 86         |
|    time_elapsed         | 463        |
|    total_timesteps      | 176128     |
| train/                  |            |
|    approx_kl            | 0.02055602 |
|    clip_fraction        | 0.253      |
|    clip_range           | 0.2        |
|    entropy_loss         | -16.1      |
|    explained_variance   | 0.945      |
|    learning_rate        | 0.0003     |
|    loss                 | 0.662      |
|    n_updates            | 850        |
|    policy_gradient_loss | -0.0169    |
|    std                  | 0.929      |
|    value_loss           | 2.11       |
----------------------------------------
-----------------------------------------
| rollout/                |             |
|    ep_len_mean          | 8.93e+03    |
|    ep_rew_mean          | -721        |
| time/                   |             |
|    fps                  | 378         |
|    iterations           | 87          |
|    time_elapsed         | 470         |
|    total_timesteps      | 178176      |
| train/                  |             |
|    approx_kl            | 0.022563152 |
|    clip_fraction        | 0.226       |
|    clip_range           | 0.2         |
|    entropy_loss         | -16.1       |
|    explained_variance   | 0.973       |
|    learning_rate        | 0.0003      |
|    loss                 | 0.491       |
|    n_updates            | 860         |
|    policy_gradient_loss | -0.0104     |
|    std                  | 0.929       |
|    value_loss           | 1.63        |
-----------------------------------------
-----------------------------------------
| rollout/                |             |
|    ep_len_mean          | 8.93e+03    |
|    ep_rew_mean          | -721        |
| time/                   |             |
|    fps                  | 378         |
|    iterations           | 88          |
|    time_elapsed         | 476         |
|    total_timesteps      | 180224      |
| train/                  |             |
|    approx_kl            | 0.024196213 |
|    clip_fraction        | 0.249       |
|    clip_range           | 0.2         |
|    entropy_loss         | -16.1       |
|    explained_variance   | 0.982       |
|    learning_rate        | 0.0003      |
|    loss                 | 0.68        |
|    n_updates            | 870         |
|    policy_gradient_loss | -0.0141     |
|    std                  | 0.932       |
|    value_loss           | 1.76        |
-----------------------------------------
-----------------------------------------
| rollout/                |             |
|    ep_len_mean          | 8.93e+03    |
|    ep_rew_mean          | -721        |
| time/                   |             |
|    fps                  | 377         |
|    iterations           | 89          |
|    time_elapsed         | 482         |
|    total_timesteps      | 182272      |
| train/                  |             |
|    approx_kl            | 0.013810449 |
|    clip_fraction        | 0.128       |
|    clip_range           | 0.2         |
|    entropy_loss         | -16.2       |
|    explained_variance   | 0.718       |
|    learning_rate        | 0.0003      |
|    loss                 | 2.89        |
|    n_updates            | 880         |
|    policy_gradient_loss | -0.0114     |
|    std                  | 0.932       |
|    value_loss           | 32.6        |
-----------------------------------------
-----------------------------------------
| rollout/                |             |
|    ep_len_mean          | 8.93e+03    |
|    ep_rew_mean          | -721        |
| time/                   |             |
|    fps                  | 376         |
|    iterations           | 90          |
|    time_elapsed         | 489         |
|    total_timesteps      | 184320      |
| train/                  |             |
|    approx_kl            | 0.019611478 |
|    clip_fraction        | 0.207       |
|    clip_range           | 0.2         |
|    entropy_loss         | -16.2       |
|    explained_variance   | 0.969       |
|    learning_rate        | 0.0003      |
|    loss                 | 0.928       |
|    n_updates            | 890         |
|    policy_gradient_loss | -0.0137     |
|    std                  | 0.931       |
|    value_loss           | 3.02        |
-----------------------------------------
-----------------------------------------
| rollout/                |             |
|    ep_len_mean          | 8.93e+03    |
|    ep_rew_mean          | -721        |
| time/                   |             |
|    fps                  | 376         |
|    iterations           | 91          |
|    time_elapsed         | 495         |
|    total_timesteps      | 186368      |
| train/                  |             |
|    approx_kl            | 0.025194801 |
|    clip_fraction        | 0.269       |
|    clip_range           | 0.2         |
|    entropy_loss         | -16.1       |
|    explained_variance   | 0.959       |
|    learning_rate        | 0.0003      |
|    loss                 | 0.6         |
|    n_updates            | 900         |
|    policy_gradient_loss | -0.0113     |
|    std                  | 0.93        |
|    value_loss           | 2.18        |
-----------------------------------------
-----------------------------------------
| rollout/                |             |
|    ep_len_mean          | 8.93e+03    |
|    ep_rew_mean          | -722        |
| time/                   |             |
|    fps                  | 375         |
|    iterations           | 92          |
|    time_elapsed         | 501         |
|    total_timesteps      | 188416      |
| train/                  |             |
|    approx_kl            | 0.019685809 |
|    clip_fraction        | 0.223       |
|    clip_range           | 0.2         |
|    entropy_loss         | -16.1       |
|    explained_variance   | 0.967       |
|    learning_rate        | 0.0003      |
|    loss                 | 0.699       |
|    n_updates            | 910         |
|    policy_gradient_loss | -0.0135     |
|    std                  | 0.928       |
|    value_loss           | 2.03        |
-----------------------------------------
-----------------------------------------
| rollout/                |             |
|    ep_len_mean          | 8.93e+03    |
|    ep_rew_mean          | -722        |
| time/                   |             |
|    fps                  | 374         |
|    iterations           | 93          |
|    time_elapsed         | 508         |
|    total_timesteps      | 190464      |
| train/                  |             |
|    approx_kl            | 0.012741391 |
|    clip_fraction        | 0.124       |
|    clip_range           | 0.2         |
|    entropy_loss         | -16.1       |
|    explained_variance   | 0.832       |
|    learning_rate        | 0.0003      |
|    loss                 | 1.95        |
|    n_updates            | 920         |
|    policy_gradient_loss | -0.0138     |
|    std                  | 0.928       |
|    value_loss           | 29.6        |
-----------------------------------------
-----------------------------------------
| rollout/                |             |
|    ep_len_mean          | 8.93e+03    |
|    ep_rew_mean          | -722        |
| time/                   |             |
|    fps                  | 374         |
|    iterations           | 94          |
|    time_elapsed         | 514         |
|    total_timesteps      | 192512      |
| train/                  |             |
|    approx_kl            | 0.025381258 |
|    clip_fraction        | 0.243       |
|    clip_range           | 0.2         |
|    entropy_loss         | -16.1       |
|    explained_variance   | 0.949       |
|    learning_rate        | 0.0003      |
|    loss                 | 0.869       |
|    n_updates            | 930         |
|    policy_gradient_loss | -0.0148     |
|    std                  | 0.932       |
|    value_loss           | 2.65        |
-----------------------------------------
-----------------------------------------
| rollout/                |             |
|    ep_len_mean          | 8.93e+03    |
|    ep_rew_mean          | -722        |
| time/                   |             |
|    fps                  | 374         |
|    iterations           | 95          |
|    time_elapsed         | 519         |
|    total_timesteps      | 194560      |
| train/                  |             |
|    approx_kl            | 0.023645535 |
|    clip_fraction        | 0.281       |
|    clip_range           | 0.2         |
|    entropy_loss         | -16.2       |
|    explained_variance   | 0.942       |
|    learning_rate        | 0.0003      |
|    loss                 | 0.508       |
|    n_updates            | 940         |
|    policy_gradient_loss | -0.0138     |
|    std                  | 0.935       |
|    value_loss           | 1.43        |
-----------------------------------------
---------------------------------------
| rollout/                |           |
|    ep_len_mean          | 8.93e+03  |
|    ep_rew_mean          | -722      |
| time/                   |           |
|    fps                  | 375       |
|    iterations           | 96        |
|    time_elapsed         | 524       |
|    total_timesteps      | 196608    |
| train/                  |           |
|    approx_kl            | 0.0192452 |
|    clip_fraction        | 0.286     |
|    clip_range           | 0.2       |
|    entropy_loss         | -16.2     |
|    explained_variance   | 0.966     |
|    learning_rate        | 0.0003    |
|    loss                 | 0.305     |
|    n_updates            | 950       |
|    policy_gradient_loss | -0.014    |
|    std                  | 0.934     |
|    value_loss           | 1.17      |
---------------------------------------
-----------------------------------------
| rollout/                |             |
|    ep_len_mean          | 8.93e+03    |
|    ep_rew_mean          | -722        |
| time/                   |             |
|    fps                  | 375         |
|    iterations           | 97          |
|    time_elapsed         | 529         |
|    total_timesteps      | 198656      |
| train/                  |             |
|    approx_kl            | 0.009908605 |
|    clip_fraction        | 0.127       |
|    clip_range           | 0.2         |
|    entropy_loss         | -16.2       |
|    explained_variance   | 0.751       |
|    learning_rate        | 0.0003      |
|    loss                 | 1.87        |
|    n_updates            | 960         |
|    policy_gradient_loss | -0.0107     |
|    std                  | 0.933       |
|    value_loss           | 27.8        |
-----------------------------------------
-----------------------------------------
| rollout/                |             |
|    ep_len_mean          | 8.93e+03    |
|    ep_rew_mean          | -722        |
| time/                   |             |
|    fps                  | 375         |
|    iterations           | 98          |
|    time_elapsed         | 534         |
|    total_timesteps      | 200704      |
| train/                  |             |
|    approx_kl            | 0.021740574 |
|    clip_fraction        | 0.236       |
|    clip_range           | 0.2         |
|    entropy_loss         | -16.2       |
|    explained_variance   | 0.932       |
|    learning_rate        | 0.0003      |
|    loss                 | 1.01        |
|    n_updates            | 970         |
|    policy_gradient_loss | -0.0124     |
|    std                  | 0.931       |
|    value_loss           | 3.54        |
-----------------------------------------
-----------------------------------------
| rollout/                |             |
|    ep_len_mean          | 8.93e+03    |
|    ep_rew_mean          | -722        |
| time/                   |             |
|    fps                  | 375         |
|    iterations           | 99          |
|    time_elapsed         | 539         |
|    total_timesteps      | 202752      |
| train/                  |             |
|    approx_kl            | 0.028997514 |
|    clip_fraction        | 0.254       |
|    clip_range           | 0.2         |
|    entropy_loss         | -16.2       |
|    explained_variance   | 0.944       |
|    learning_rate        | 0.0003      |
|    loss                 | 0.886       |
|    n_updates            | 980         |
|    policy_gradient_loss | -0.0101     |
|    std                  | 0.933       |
|    value_loss           | 2.21        |
-----------------------------------------
-----------------------------------------
| rollout/                |             |
|    ep_len_mean          | 8.93e+03    |
|    ep_rew_mean          | -722        |
| time/                   |             |
|    fps                  | 375         |
|    iterations           | 100         |
|    time_elapsed         | 545         |
|    total_timesteps      | 204800      |
| train/                  |             |
|    approx_kl            | 0.025657218 |
|    clip_fraction        | 0.271       |
|    clip_range           | 0.2         |
|    entropy_loss         | -16.2       |
|    explained_variance   | 0.973       |
|    learning_rate        | 0.0003      |
|    loss                 | 0.638       |
|    n_updates            | 990         |
|    policy_gradient_loss | -0.0133     |
|    std                  | 0.936       |
|    value_loss           | 1.64        |
-----------------------------------------
-----------------------------------------
| rollout/                |             |
|    ep_len_mean          | 8.93e+03    |
|    ep_rew_mean          | -722        |
| time/                   |             |
|    fps                  | 375         |
|    iterations           | 101         |
|    time_elapsed         | 550         |
|    total_timesteps      | 206848      |
| train/                  |             |
|    approx_kl            | 0.023495335 |
|    clip_fraction        | 0.258       |
|    clip_range           | 0.2         |
|    entropy_loss         | -16.2       |
|    explained_variance   | 0.977       |
|    learning_rate        | 0.0003      |
|    loss                 | 0.848       |
|    n_updates            | 1000        |
|    policy_gradient_loss | -0.0182     |
|    std                  | 0.936       |
|    value_loss           | 2.3         |
-----------------------------------------
-----------------------------------------
| rollout/                |             |
|    ep_len_mean          | 8.93e+03    |
|    ep_rew_mean          | -722        |
| time/                   |             |
|    fps                  | 375         |
|    iterations           | 102         |
|    time_elapsed         | 556         |
|    total_timesteps      | 208896      |
| train/                  |             |
|    approx_kl            | 0.014399126 |
|    clip_fraction        | 0.146       |
|    clip_range           | 0.2         |
|    entropy_loss         | -16.2       |
|    explained_variance   | 0.758       |
|    learning_rate        | 0.0003      |
|    loss                 | 1.27        |
|    n_updates            | 1010        |
|    policy_gradient_loss | -0.0112     |
|    std                  | 0.933       |
|    value_loss           | 31.3        |
-----------------------------------------
-----------------------------------------
| rollout/                |             |
|    ep_len_mean          | 8.93e+03    |
|    ep_rew_mean          | -722        |
| time/                   |             |
|    fps                  | 375         |
|    iterations           | 103         |
|    time_elapsed         | 561         |
|    total_timesteps      | 210944      |
| train/                  |             |
|    approx_kl            | 0.019202692 |
|    clip_fraction        | 0.212       |
|    clip_range           | 0.2         |
|    entropy_loss         | -16.2       |
|    explained_variance   | 0.954       |
|    learning_rate        | 0.0003      |
|    loss                 | 0.57        |
|    n_updates            | 1020        |
|    policy_gradient_loss | -0.0117     |
|    std                  | 0.932       |
|    value_loss           | 2.89        |
-----------------------------------------
-----------------------------------------
| rollout/                |             |
|    ep_len_mean          | 8.93e+03    |
|    ep_rew_mean          | -722        |
| time/                   |             |
|    fps                  | 375         |
|    iterations           | 104         |
|    time_elapsed         | 567         |
|    total_timesteps      | 212992      |
| train/                  |             |
|    approx_kl            | 0.025181606 |
|    clip_fraction        | 0.276       |
|    clip_range           | 0.2         |
|    entropy_loss         | -16.2       |
|    explained_variance   | 0.953       |
|    learning_rate        | 0.0003      |
|    loss                 | 0.353       |
|    n_updates            | 1030        |
|    policy_gradient_loss | -0.0111     |
|    std                  | 0.933       |
|    value_loss           | 1.74        |
-----------------------------------------
-----------------------------------------
| rollout/                |             |
|    ep_len_mean          | 8.93e+03    |
|    ep_rew_mean          | -722        |
| time/                   |             |
|    fps                  | 374         |
|    iterations           | 105         |
|    time_elapsed         | 574         |
|    total_timesteps      | 215040      |
| train/                  |             |
|    approx_kl            | 0.021028325 |
|    clip_fraction        | 0.27        |
|    clip_range           | 0.2         |
|    entropy_loss         | -16.2       |
|    explained_variance   | 0.965       |
|    learning_rate        | 0.0003      |
|    loss                 | 1.12        |
|    n_updates            | 1040        |
|    policy_gradient_loss | -0.0135     |
|    std                  | 0.934       |
|    value_loss           | 1.93        |
-----------------------------------------
-----------------------------------------
| rollout/                |             |
|    ep_len_mean          | 8.93e+03    |
|    ep_rew_mean          | -722        |
| time/                   |             |
|    fps                  | 374         |
|    iterations           | 106         |
|    time_elapsed         | 579         |
|    total_timesteps      | 217088      |
| train/                  |             |
|    approx_kl            | 0.016922785 |
|    clip_fraction        | 0.145       |
|    clip_range           | 0.2         |
|    entropy_loss         | -16.2       |
|    explained_variance   | 0.792       |
|    learning_rate        | 0.0003      |
|    loss                 | 2.36        |
|    n_updates            | 1050        |
|    policy_gradient_loss | -0.0121     |
|    std                  | 0.933       |
|    value_loss           | 29.4        |
-----------------------------------------
----------------------------------------
| rollout/                |            |
|    ep_len_mean          | 8.93e+03   |
|    ep_rew_mean          | -722       |
| time/                   |            |
|    fps                  | 373        |
|    iterations           | 107        |
|    time_elapsed         | 586        |
|    total_timesteps      | 219136     |
| train/                  |            |
|    approx_kl            | 0.02083209 |
|    clip_fraction        | 0.207      |
|    clip_range           | 0.2        |
|    entropy_loss         | -16.1      |
|    explained_variance   | 0.962      |
|    learning_rate        | 0.0003     |
|    loss                 | 0.673      |
|    n_updates            | 1060       |
|    policy_gradient_loss | -0.00906   |
|    std                  | 0.932      |
|    value_loss           | 3.41       |
----------------------------------------
-----------------------------------------
| rollout/                |             |
|    ep_len_mean          | 8.93e+03    |
|    ep_rew_mean          | -722        |
| time/                   |             |
|    fps                  | 373         |
|    iterations           | 108         |
|    time_elapsed         | 592         |
|    total_timesteps      | 221184      |
| train/                  |             |
|    approx_kl            | 0.025425566 |
|    clip_fraction        | 0.266       |
|    clip_range           | 0.2         |
|    entropy_loss         | -16.1       |
|    explained_variance   | 0.927       |
|    learning_rate        | 0.0003      |
|    loss                 | 0.988       |
|    n_updates            | 1070        |
|    policy_gradient_loss | -0.0139     |
|    std                  | 0.93        |
|    value_loss           | 2.22        |
-----------------------------------------
-----------------------------------------
| rollout/                |             |
|    ep_len_mean          | 8.93e+03    |
|    ep_rew_mean          | -722        |
| time/                   |             |
|    fps                  | 373         |
|    iterations           | 109         |
|    time_elapsed         | 597         |
|    total_timesteps      | 223232      |
| train/                  |             |
|    approx_kl            | 0.024427222 |
|    clip_fraction        | 0.266       |
|    clip_range           | 0.2         |
|    entropy_loss         | -16.1       |
|    explained_variance   | 0.962       |
|    learning_rate        | 0.0003      |
|    loss                 | 0.679       |
|    n_updates            | 1080        |
|    policy_gradient_loss | -0.0137     |
|    std                  | 0.927       |
|    value_loss           | 1.68        |
-----------------------------------------
-----------------------------------------
| rollout/                |             |
|    ep_len_mean          | 8.93e+03    |
|    ep_rew_mean          | -722        |
| time/                   |             |
|    fps                  | 374         |
|    iterations           | 110         |
|    time_elapsed         | 602         |
|    total_timesteps      | 225280      |
| train/                  |             |
|    approx_kl            | 0.012258805 |
|    clip_fraction        | 0.143       |
|    clip_range           | 0.2         |
|    entropy_loss         | -16.1       |
|    explained_variance   | 0.765       |
|    learning_rate        | 0.0003      |
|    loss                 | 25          |
|    n_updates            | 1090        |
|    policy_gradient_loss | -0.0123     |
|    std                  | 0.925       |
|    value_loss           | 34.3        |
-----------------------------------------
-----------------------------------------
| rollout/                |             |
|    ep_len_mean          | 8.93e+03    |
|    ep_rew_mean          | -722        |
| time/                   |             |
|    fps                  | 374         |
|    iterations           | 111         |
|    time_elapsed         | 607         |
|    total_timesteps      | 227328      |
| train/                  |             |
|    approx_kl            | 0.023622569 |
|    clip_fraction        | 0.231       |
|    clip_range           | 0.2         |
|    entropy_loss         | -16         |
|    explained_variance   | 0.927       |
|    learning_rate        | 0.0003      |
|    loss                 | 1.44        |
|    n_updates            | 1100        |
|    policy_gradient_loss | -0.00797    |
|    std                  | 0.922       |
|    value_loss           | 3.76        |
-----------------------------------------
-----------------------------------------
| rollout/                |             |
|    ep_len_mean          | 8.93e+03    |
|    ep_rew_mean          | -722        |
| time/                   |             |
|    fps                  | 374         |
|    iterations           | 112         |
|    time_elapsed         | 612         |
|    total_timesteps      | 229376      |
| train/                  |             |
|    approx_kl            | 0.026371693 |
|    clip_fraction        | 0.26        |
|    clip_range           | 0.2         |
|    entropy_loss         | -16         |
|    explained_variance   | 0.965       |
|    learning_rate        | 0.0003      |
|    loss                 | 1.15        |
|    n_updates            | 1110        |
|    policy_gradient_loss | -0.0183     |
|    std                  | 0.926       |
|    value_loss           | 2.54        |
-----------------------------------------
-----------------------------------------
| rollout/                |             |
|    ep_len_mean          | 8.93e+03    |
|    ep_rew_mean          | -722        |
| time/                   |             |
|    fps                  | 374         |
|    iterations           | 113         |
|    time_elapsed         | 617         |
|    total_timesteps      | 231424      |
| train/                  |             |
|    approx_kl            | 0.022358678 |
|    clip_fraction        | 0.263       |
|    clip_range           | 0.2         |
|    entropy_loss         | -16         |
|    explained_variance   | 0.979       |
|    learning_rate        | 0.0003      |
|    loss                 | 0.713       |
|    n_updates            | 1120        |
|    policy_gradient_loss | -0.0169     |
|    std                  | 0.923       |
|    value_loss           | 1.82        |
-----------------------------------------
-----------------------------------------
| rollout/                |             |
|    ep_len_mean          | 8.93e+03    |
|    ep_rew_mean          | -723        |
| time/                   |             |
|    fps                  | 375         |
|    iterations           | 114         |
|    time_elapsed         | 622         |
|    total_timesteps      | 233472      |
| train/                  |             |
|    approx_kl            | 0.021273406 |
|    clip_fraction        | 0.206       |
|    clip_range           | 0.2         |
|    entropy_loss         | -16         |
|    explained_variance   | 0.972       |
|    learning_rate        | 0.0003      |
|    loss                 | 1.25        |
|    n_updates            | 1130        |
|    policy_gradient_loss | -0.0133     |
|    std                  | 0.922       |
|    value_loss           | 2.97        |
-----------------------------------------
-----------------------------------------
| rollout/                |             |
|    ep_len_mean          | 8.93e+03    |
|    ep_rew_mean          | -723        |
| time/                   |             |
|    fps                  | 375         |
|    iterations           | 115         |
|    time_elapsed         | 627         |
|    total_timesteps      | 235520      |
| train/                  |             |
|    approx_kl            | 0.015552856 |
|    clip_fraction        | 0.167       |
|    clip_range           | 0.2         |
|    entropy_loss         | -16         |
|    explained_variance   | 0.788       |
|    learning_rate        | 0.0003      |
|    loss                 | 3.5         |
|    n_updates            | 1140        |
|    policy_gradient_loss | -0.0122     |
|    std                  | 0.92        |
|    value_loss           | 32.5        |
-----------------------------------------
-----------------------------------------
| rollout/                |             |
|    ep_len_mean          | 8.93e+03    |
|    ep_rew_mean          | -723        |
| time/                   |             |
|    fps                  | 375         |
|    iterations           | 116         |
|    time_elapsed         | 632         |
|    total_timesteps      | 237568      |
| train/                  |             |
|    approx_kl            | 0.021753192 |
|    clip_fraction        | 0.257       |
|    clip_range           | 0.2         |
|    entropy_loss         | -15.9       |
|    explained_variance   | 0.952       |
|    learning_rate        | 0.0003      |
|    loss                 | 1.35        |
|    n_updates            | 1150        |
|    policy_gradient_loss | -0.014      |
|    std                  | 0.915       |
|    value_loss           | 3.05        |
-----------------------------------------
-----------------------------------------
| rollout/                |             |
|    ep_len_mean          | 8.93e+03    |
|    ep_rew_mean          | -723        |
| time/                   |             |
|    fps                  | 375         |
|    iterations           | 117         |
|    time_elapsed         | 637         |
|    total_timesteps      | 239616      |
| train/                  |             |
|    approx_kl            | 0.027800232 |
|    clip_fraction        | 0.295       |
|    clip_range           | 0.2         |
|    entropy_loss         | -15.9       |
|    explained_variance   | 0.955       |
|    learning_rate        | 0.0003      |
|    loss                 | 0.611       |
|    n_updates            | 1160        |
|    policy_gradient_loss | -0.0135     |
|    std                  | 0.916       |
|    value_loss           | 1.94        |
-----------------------------------------
-----------------------------------------
| rollout/                |             |
|    ep_len_mean          | 8.93e+03    |
|    ep_rew_mean          | -723        |
| time/                   |             |
|    fps                  | 376         |
|    iterations           | 118         |
|    time_elapsed         | 642         |
|    total_timesteps      | 241664      |
| train/                  |             |
|    approx_kl            | 0.018062513 |
|    clip_fraction        | 0.265       |
|    clip_range           | 0.2         |
|    entropy_loss         | -15.9       |
|    explained_variance   | 0.968       |
|    learning_rate        | 0.0003      |
|    loss                 | 0.492       |
|    n_updates            | 1170        |
|    policy_gradient_loss | -0.0119     |
|    std                  | 0.912       |
|    value_loss           | 1.85        |
-----------------------------------------
-----------------------------------------
| rollout/                |             |
|    ep_len_mean          | 8.93e+03    |
|    ep_rew_mean          | -723        |
| time/                   |             |
|    fps                  | 376         |
|    iterations           | 119         |
|    time_elapsed         | 647         |
|    total_timesteps      | 243712      |
| train/                  |             |
|    approx_kl            | 0.013598969 |
|    clip_fraction        | 0.182       |
|    clip_range           | 0.2         |
|    entropy_loss         | -15.9       |
|    explained_variance   | 0.705       |
|    learning_rate        | 0.0003      |
|    loss                 | 1.54        |
|    n_updates            | 1180        |
|    policy_gradient_loss | -0.0125     |
|    std                  | 0.911       |
|    value_loss           | 29.6        |
-----------------------------------------
-----------------------------------------
| rollout/                |             |
|    ep_len_mean          | 8.93e+03    |
|    ep_rew_mean          | -723        |
| time/                   |             |
|    fps                  | 376         |
|    iterations           | 120         |
|    time_elapsed         | 652         |
|    total_timesteps      | 245760      |
| train/                  |             |
|    approx_kl            | 0.024199111 |
|    clip_fraction        | 0.286       |
|    clip_range           | 0.2         |
|    entropy_loss         | -15.9       |
|    explained_variance   | 0.976       |
|    learning_rate        | 0.0003      |
|    loss                 | 0.685       |
|    n_updates            | 1190        |
|    policy_gradient_loss | -0.00987    |
|    std                  | 0.914       |
|    value_loss           | 2.34        |
-----------------------------------------
----------------------------------------
| rollout/                |            |
|    ep_len_mean          | 8.93e+03   |
|    ep_rew_mean          | -723       |
| time/                   |            |
|    fps                  | 376        |
|    iterations           | 121        |
|    time_elapsed         | 657        |
|    total_timesteps      | 247808     |
| train/                  |            |
|    approx_kl            | 0.02191416 |
|    clip_fraction        | 0.258      |
|    clip_range           | 0.2        |
|    entropy_loss         | -15.9      |
|    explained_variance   | 0.942      |
|    learning_rate        | 0.0003     |
|    loss                 | 0.588      |
|    n_updates            | 1200       |
|    policy_gradient_loss | -0.019     |
|    std                  | 0.914      |
|    value_loss           | 2.08       |
----------------------------------------
-----------------------------------------
| rollout/                |             |
|    ep_len_mean          | 8.93e+03    |
|    ep_rew_mean          | -723        |
| time/                   |             |
|    fps                  | 376         |
|    iterations           | 122         |
|    time_elapsed         | 662         |
|    total_timesteps      | 249856      |
| train/                  |             |
|    approx_kl            | 0.018648738 |
|    clip_fraction        | 0.232       |
|    clip_range           | 0.2         |
|    entropy_loss         | -15.9       |
|    explained_variance   | 0.978       |
|    learning_rate        | 0.0003      |
|    loss                 | 0.36        |
|    n_updates            | 1210        |
|    policy_gradient_loss | -0.0124     |
|    std                  | 0.916       |
|    value_loss           | 1.69        |
-----------------------------------------
-----------------------------------------
| rollout/                |             |
|    ep_len_mean          | 8.93e+03    |
|    ep_rew_mean          | -723        |
| time/                   |             |
|    fps                  | 377         |
|    iterations           | 123         |
|    time_elapsed         | 668         |
|    total_timesteps      | 251904      |
| train/                  |             |
|    approx_kl            | 0.022237392 |
|    clip_fraction        | 0.255       |
|    clip_range           | 0.2         |
|    entropy_loss         | -15.9       |
|    explained_variance   | 0.984       |
|    learning_rate        | 0.0003      |
|    loss                 | 1           |
|    n_updates            | 1220        |
|    policy_gradient_loss | -0.0157     |
|    std                  | 0.911       |
|    value_loss           | 2.38        |
-----------------------------------------
------------------------------------------
| rollout/                |              |
|    ep_len_mean          | 8.93e+03     |
|    ep_rew_mean          | -723         |
| time/                   |              |
|    fps                  | 377          |
|    iterations           | 124          |
|    time_elapsed         | 672          |
|    total_timesteps      | 253952       |
| train/                  |              |
|    approx_kl            | 0.0106329955 |
|    clip_fraction        | 0.0913       |
|    clip_range           | 0.2          |
|    entropy_loss         | -15.9        |
|    explained_variance   | 0.585        |
|    learning_rate        | 0.0003       |
|    loss                 | 1.24         |
|    n_updates            | 1230         |
|    policy_gradient_loss | -0.0108      |
|    std                  | 0.912        |
|    value_loss           | 38.9         |
------------------------------------------
---------------------------------------
| rollout/                |           |
|    ep_len_mean          | 8.93e+03  |
|    ep_rew_mean          | -723      |
| time/                   |           |
|    fps                  | 377       |
|    iterations           | 125       |
|    time_elapsed         | 677       |
|    total_timesteps      | 256000    |
| train/                  |           |
|    approx_kl            | 0.0178664 |
|    clip_fraction        | 0.23      |
|    clip_range           | 0.2       |
|    entropy_loss         | -15.8     |
|    explained_variance   | 0.967     |
|    learning_rate        | 0.0003    |
|    loss                 | 1.06      |
|    n_updates            | 1240      |
|    policy_gradient_loss | -0.0149   |
|    std                  | 0.908     |
|    value_loss           | 2.96      |
---------------------------------------
-----------------------------------------
| rollout/                |             |
|    ep_len_mean          | 8.93e+03    |
|    ep_rew_mean          | -723        |
| time/                   |             |
|    fps                  | 377         |
|    iterations           | 126         |
|    time_elapsed         | 683         |
|    total_timesteps      | 258048      |
| train/                  |             |
|    approx_kl            | 0.019023217 |
|    clip_fraction        | 0.268       |
|    clip_range           | 0.2         |
|    entropy_loss         | -15.8       |
|    explained_variance   | 0.979       |
|    learning_rate        | 0.0003      |
|    loss                 | 0.871       |
|    n_updates            | 1250        |
|    policy_gradient_loss | -0.0129     |
|    std                  | 0.909       |
|    value_loss           | 2.04        |
-----------------------------------------
-----------------------------------------
| rollout/                |             |
|    ep_len_mean          | 8.93e+03    |
|    ep_rew_mean          | -723        |
| time/                   |             |
|    fps                  | 377         |
|    iterations           | 127         |
|    time_elapsed         | 689         |
|    total_timesteps      | 260096      |
| train/                  |             |
|    approx_kl            | 0.018172976 |
|    clip_fraction        | 0.206       |
|    clip_range           | 0.2         |
|    entropy_loss         | -15.8       |
|    explained_variance   | 0.973       |
|    learning_rate        | 0.0003      |
|    loss                 | 0.99        |
|    n_updates            | 1260        |
|    policy_gradient_loss | -0.0137     |
|    std                  | 0.91        |
|    value_loss           | 3.32        |
-----------------------------------------
-----------------------------------------
| rollout/                |             |
|    ep_len_mean          | 8.93e+03    |
|    ep_rew_mean          | -723        |
| time/                   |             |
|    fps                  | 376         |
|    iterations           | 128         |
|    time_elapsed         | 695         |
|    total_timesteps      | 262144      |
| train/                  |             |
|    approx_kl            | 0.021982566 |
|    clip_fraction        | 0.161       |
|    clip_range           | 0.2         |
|    entropy_loss         | -15.8       |
|    explained_variance   | 0.763       |
|    learning_rate        | 0.0003      |
|    loss                 | 27.3        |
|    n_updates            | 1270        |
|    policy_gradient_loss | -0.00819    |
|    std                  | 0.909       |
|    value_loss           | 37.2        |
-----------------------------------------
-----------------------------------------
| rollout/                |             |
|    ep_len_mean          | 8.93e+03    |
|    ep_rew_mean          | -723        |
| time/                   |             |
|    fps                  | 376         |
|    iterations           | 129         |
|    time_elapsed         | 701         |
|    total_timesteps      | 264192      |
| train/                  |             |
|    approx_kl            | 0.024158418 |
|    clip_fraction        | 0.264       |
|    clip_range           | 0.2         |
|    entropy_loss         | -15.8       |
|    explained_variance   | 0.95        |
|    learning_rate        | 0.0003      |
|    loss                 | 1.07        |
|    n_updates            | 1280        |
|    policy_gradient_loss | -0.0078     |
|    std                  | 0.909       |
|    value_loss           | 2.7         |
-----------------------------------------
----------------------------------------
| rollout/                |            |
|    ep_len_mean          | 8.93e+03   |
|    ep_rew_mean          | -723       |
| time/                   |            |
|    fps                  | 376        |
|    iterations           | 130        |
|    time_elapsed         | 707        |
|    total_timesteps      | 266240     |
| train/                  |            |
|    approx_kl            | 0.01942297 |
|    clip_fraction        | 0.244      |
|    clip_range           | 0.2        |
|    entropy_loss         | -15.8      |
|    explained_variance   | 0.96       |
|    learning_rate        | 0.0003     |
|    loss                 | 1.17       |
|    n_updates            | 1290       |
|    policy_gradient_loss | -0.0126    |
|    std                  | 0.91       |
|    value_loss           | 2.63       |
----------------------------------------
-----------------------------------------
| rollout/                |             |
|    ep_len_mean          | 8.93e+03    |
|    ep_rew_mean          | -723        |
| time/                   |             |
|    fps                  | 376         |
|    iterations           | 131         |
|    time_elapsed         | 712         |
|    total_timesteps      | 268288      |
| train/                  |             |
|    approx_kl            | 0.024477098 |
|    clip_fraction        | 0.246       |
|    clip_range           | 0.2         |
|    entropy_loss         | -15.8       |
|    explained_variance   | 0.965       |
|    learning_rate        | 0.0003      |
|    loss                 | 0.692       |
|    n_updates            | 1300        |
|    policy_gradient_loss | -0.0132     |
|    std                  | 0.912       |
|    value_loss           | 2.34        |
-----------------------------------------
-----------------------------------------
| rollout/                |             |
|    ep_len_mean          | 8.93e+03    |
|    ep_rew_mean          | -723        |
| time/                   |             |
|    fps                  | 376         |
|    iterations           | 132         |
|    time_elapsed         | 717         |
|    total_timesteps      | 270336      |
| train/                  |             |
|    approx_kl            | 0.013901613 |
|    clip_fraction        | 0.177       |
|    clip_range           | 0.2         |
|    entropy_loss         | -15.9       |
|    explained_variance   | 0.589       |
|    learning_rate        | 0.0003      |
|    loss                 | 62.5        |
|    n_updates            | 1310        |
|    policy_gradient_loss | -0.0115     |
|    std                  | 0.913       |
|    value_loss           | 39.7        |
-----------------------------------------
-----------------------------------------
| rollout/                |             |
|    ep_len_mean          | 8.93e+03    |
|    ep_rew_mean          | -723        |
| time/                   |             |
|    fps                  | 376         |
|    iterations           | 133         |
|    time_elapsed         | 723         |
|    total_timesteps      | 272384      |
| train/                  |             |
|    approx_kl            | 0.021394175 |
|    clip_fraction        | 0.238       |
|    clip_range           | 0.2         |
|    entropy_loss         | -15.9       |
|    explained_variance   | 0.946       |
|    learning_rate        | 0.0003      |
|    loss                 | 0.776       |
|    n_updates            | 1320        |
|    policy_gradient_loss | -0.0154     |
|    std                  | 0.914       |
|    value_loss           | 4.63        |
-----------------------------------------
----------------------------------------
| rollout/                |            |
|    ep_len_mean          | 8.93e+03   |
|    ep_rew_mean          | -723       |
| time/                   |            |
|    fps                  | 376        |
|    iterations           | 134        |
|    time_elapsed         | 728        |
|    total_timesteps      | 274432     |
| train/                  |            |
|    approx_kl            | 0.02097811 |
|    clip_fraction        | 0.209      |
|    clip_range           | 0.2        |
|    entropy_loss         | -15.9      |
|    explained_variance   | 0.916      |
|    learning_rate        | 0.0003     |
|    loss                 | 1.46       |
|    n_updates            | 1330       |
|    policy_gradient_loss | -0.0154    |
|    std                  | 0.911      |
|    value_loss           | 4.27       |
----------------------------------------
-----------------------------------------
| rollout/                |             |
|    ep_len_mean          | 8.93e+03    |
|    ep_rew_mean          | -723        |
| time/                   |             |
|    fps                  | 376         |
|    iterations           | 135         |
|    time_elapsed         | 734         |
|    total_timesteps      | 276480      |
| train/                  |             |
|    approx_kl            | 0.021049127 |
|    clip_fraction        | 0.265       |
|    clip_range           | 0.2         |
|    entropy_loss         | -15.8       |
|    explained_variance   | 0.969       |
|    learning_rate        | 0.0003      |
|    loss                 | 0.761       |
|    n_updates            | 1340        |
|    policy_gradient_loss | -0.014      |
|    std                  | 0.909       |
|    value_loss           | 3.03        |
-----------------------------------------
-----------------------------------------
| rollout/                |             |
|    ep_len_mean          | 8.93e+03    |
|    ep_rew_mean          | -723        |
| time/                   |             |
|    fps                  | 375         |
|    iterations           | 136         |
|    time_elapsed         | 740         |
|    total_timesteps      | 278528      |
| train/                  |             |
|    approx_kl            | 0.025448209 |
|    clip_fraction        | 0.287       |
|    clip_range           | 0.2         |
|    entropy_loss         | -15.8       |
|    explained_variance   | 0.982       |
|    learning_rate        | 0.0003      |
|    loss                 | 0.864       |
|    n_updates            | 1350        |
|    policy_gradient_loss | -0.0153     |
|    std                  | 0.912       |
|    value_loss           | 2.62        |
-----------------------------------------
-----------------------------------------
| rollout/                |             |
|    ep_len_mean          | 8.93e+03    |
|    ep_rew_mean          | -723        |
| time/                   |             |
|    fps                  | 375         |
|    iterations           | 137         |
|    time_elapsed         | 747         |
|    total_timesteps      | 280576      |
| train/                  |             |
|    approx_kl            | 0.015073335 |
|    clip_fraction        | 0.169       |
|    clip_range           | 0.2         |
|    entropy_loss         | -15.9       |
|    explained_variance   | 0.619       |
|    learning_rate        | 0.0003      |
|    loss                 | 55.5        |
|    n_updates            | 1360        |
|    policy_gradient_loss | -0.00683    |
|    std                  | 0.913       |
|    value_loss           | 38.7        |
-----------------------------------------
-----------------------------------------
| rollout/                |             |
|    ep_len_mean          | 8.93e+03    |
|    ep_rew_mean          | -723        |
| time/                   |             |
|    fps                  | 375         |
|    iterations           | 138         |
|    time_elapsed         | 753         |
|    total_timesteps      | 282624      |
| train/                  |             |
|    approx_kl            | 0.026849946 |
|    clip_fraction        | 0.315       |
|    clip_range           | 0.2         |
|    entropy_loss         | -15.9       |
|    explained_variance   | 0.971       |
|    learning_rate        | 0.0003      |
|    loss                 | 0.848       |
|    n_updates            | 1370        |
|    policy_gradient_loss | -0.0107     |
|    std                  | 0.917       |
|    value_loss           | 3.48        |
-----------------------------------------
-----------------------------------------
| rollout/                |             |
|    ep_len_mean          | 8.93e+03    |
|    ep_rew_mean          | -723        |
| time/                   |             |
|    fps                  | 374         |
|    iterations           | 139         |
|    time_elapsed         | 759         |
|    total_timesteps      | 284672      |
| train/                  |             |
|    approx_kl            | 0.028529081 |
|    clip_fraction        | 0.295       |
|    clip_range           | 0.2         |
|    entropy_loss         | -15.9       |
|    explained_variance   | 0.983       |
|    learning_rate        | 0.0003      |
|    loss                 | 1.13        |
|    n_updates            | 1380        |
|    policy_gradient_loss | -0.00831    |
|    std                  | 0.915       |
|    value_loss           | 2.31        |
-----------------------------------------
-----------------------------------------
| rollout/                |             |
|    ep_len_mean          | 8.93e+03    |
|    ep_rew_mean          | -723        |
| time/                   |             |
|    fps                  | 374         |
|    iterations           | 140         |
|    time_elapsed         | 765         |
|    total_timesteps      | 286720      |
| train/                  |             |
|    approx_kl            | 0.025400124 |
|    clip_fraction        | 0.275       |
|    clip_range           | 0.2         |
|    entropy_loss         | -15.9       |
|    explained_variance   | 0.974       |
|    learning_rate        | 0.0003      |
|    loss                 | 1.25        |
|    n_updates            | 1390        |
|    policy_gradient_loss | -0.0155     |
|    std                  | 0.913       |
|    value_loss           | 3.45        |
-----------------------------------------
-----------------------------------------
| rollout/                |             |
|    ep_len_mean          | 8.93e+03    |
|    ep_rew_mean          | -723        |
| time/                   |             |
|    fps                  | 374         |
|    iterations           | 141         |
|    time_elapsed         | 771         |
|    total_timesteps      | 288768      |
| train/                  |             |
|    approx_kl            | 0.014615178 |
|    clip_fraction        | 0.147       |
|    clip_range           | 0.2         |
|    entropy_loss         | -15.9       |
|    explained_variance   | 0.782       |
|    learning_rate        | 0.0003      |
|    loss                 | 54.3        |
|    n_updates            | 1400        |
|    policy_gradient_loss | -0.00671    |
|    std                  | 0.913       |
|    value_loss           | 41.9        |
-----------------------------------------
-----------------------------------------
| rollout/                |             |
|    ep_len_mean          | 8.93e+03    |
|    ep_rew_mean          | -723        |
| time/                   |             |
|    fps                  | 374         |
|    iterations           | 142         |
|    time_elapsed         | 777         |
|    total_timesteps      | 290816      |
| train/                  |             |
|    approx_kl            | 0.018953072 |
|    clip_fraction        | 0.25        |
|    clip_range           | 0.2         |
|    entropy_loss         | -15.9       |
|    explained_variance   | 0.943       |
|    learning_rate        | 0.0003      |
|    loss                 | 1.16        |
|    n_updates            | 1410        |
|    policy_gradient_loss | -0.0157     |
|    std                  | 0.916       |
|    value_loss           | 3.96        |
-----------------------------------------
-----------------------------------------
| rollout/                |             |
|    ep_len_mean          | 8.93e+03    |
|    ep_rew_mean          | -723        |
| time/                   |             |
|    fps                  | 374         |
|    iterations           | 143         |
|    time_elapsed         | 782         |
|    total_timesteps      | 292864      |
| train/                  |             |
|    approx_kl            | 0.024798581 |
|    clip_fraction        | 0.239       |
|    clip_range           | 0.2         |
|    entropy_loss         | -15.9       |
|    explained_variance   | 0.953       |
|    learning_rate        | 0.0003      |
|    loss                 | 1.07        |
|    n_updates            | 1420        |
|    policy_gradient_loss | -0.0105     |
|    std                  | 0.913       |
|    value_loss           | 2.85        |
-----------------------------------------
----------------------------------------
| rollout/                |            |
|    ep_len_mean          | 8.93e+03   |
|    ep_rew_mean          | -722       |
| time/                   |            |
|    fps                  | 374        |
|    iterations           | 144        |
|    time_elapsed         | 788        |
|    total_timesteps      | 294912     |
| train/                  |            |
|    approx_kl            | 0.03361722 |
|    clip_fraction        | 0.286      |
|    clip_range           | 0.2        |
|    entropy_loss         | -15.9      |
|    explained_variance   | 0.971      |
|    learning_rate        | 0.0003     |
|    loss                 | 0.805      |
|    n_updates            | 1430       |
|    policy_gradient_loss | -0.00613   |
|    std                  | 0.915      |
|    value_loss           | 2.59       |
----------------------------------------
-----------------------------------------
| rollout/                |             |
|    ep_len_mean          | 8.93e+03    |
|    ep_rew_mean          | -722        |
| time/                   |             |
|    fps                  | 374         |
|    iterations           | 145         |
|    time_elapsed         | 793         |
|    total_timesteps      | 296960      |
| train/                  |             |
|    approx_kl            | 0.015838189 |
|    clip_fraction        | 0.157       |
|    clip_range           | 0.2         |
|    entropy_loss         | -15.9       |
|    explained_variance   | 0.685       |
|    learning_rate        | 0.0003      |
|    loss                 | 2.27        |
|    n_updates            | 1440        |
|    policy_gradient_loss | -0.00931    |
|    std                  | 0.913       |
|    value_loss           | 41.6        |
-----------------------------------------
-----------------------------------------
| rollout/                |             |
|    ep_len_mean          | 8.93e+03    |
|    ep_rew_mean          | -722        |
| time/                   |             |
|    fps                  | 374         |
|    iterations           | 146         |
|    time_elapsed         | 798         |
|    total_timesteps      | 299008      |
| train/                  |             |
|    approx_kl            | 0.017581109 |
|    clip_fraction        | 0.255       |
|    clip_range           | 0.2         |
|    entropy_loss         | -15.9       |
|    explained_variance   | 0.971       |
|    learning_rate        | 0.0003      |
|    loss                 | 1.25        |
|    n_updates            | 1450        |
|    policy_gradient_loss | -0.01       |
|    std                  | 0.916       |
|    value_loss           | 3.68        |
-----------------------------------------
----------------------------------------
| rollout/                |            |
|    ep_len_mean          | 8.93e+03   |
|    ep_rew_mean          | -722       |
| time/                   |            |
|    fps                  | 374        |
|    iterations           | 147        |
|    time_elapsed         | 804        |
|    total_timesteps      | 301056     |
| train/                  |            |
|    approx_kl            | 0.02216541 |
|    clip_fraction        | 0.267      |
|    clip_range           | 0.2        |
|    entropy_loss         | -15.9      |
|    explained_variance   | 0.971      |
|    learning_rate        | 0.0003     |
|    loss                 | 1.26       |
|    n_updates            | 1460       |
|    policy_gradient_loss | -0.0212    |
|    std                  | 0.913      |
|    value_loss           | 3.43       |
----------------------------------------
-----------------------------------------
| rollout/                |             |
|    ep_len_mean          | 8.93e+03    |
|    ep_rew_mean          | -722        |
| time/                   |             |
|    fps                  | 374         |
|    iterations           | 148         |
|    time_elapsed         | 809         |
|    total_timesteps      | 303104      |
| train/                  |             |
|    approx_kl            | 0.023198405 |
|    clip_fraction        | 0.247       |
|    clip_range           | 0.2         |
|    entropy_loss         | -15.9       |
|    explained_variance   | 0.979       |
|    learning_rate        | 0.0003      |
|    loss                 | 0.623       |
|    n_updates            | 1470        |
|    policy_gradient_loss | -0.014      |
|    std                  | 0.91        |
|    value_loss           | 2.67        |
-----------------------------------------
-----------------------------------------
| rollout/                |             |
|    ep_len_mean          | 8.93e+03    |
|    ep_rew_mean          | -722        |
| time/                   |             |
|    fps                  | 374         |
|    iterations           | 149         |
|    time_elapsed         | 813         |
|    total_timesteps      | 305152      |
| train/                  |             |
|    approx_kl            | 0.024780994 |
|    clip_fraction        | 0.29        |
|    clip_range           | 0.2         |
|    entropy_loss         | -15.8       |
|    explained_variance   | 0.985       |
|    learning_rate        | 0.0003      |
|    loss                 | 0.903       |
|    n_updates            | 1480        |
|    policy_gradient_loss | -0.0119     |
|    std                  | 0.907       |
|    value_loss           | 3.07        |
-----------------------------------------
-----------------------------------------
| rollout/                |             |
|    ep_len_mean          | 8.93e+03    |
|    ep_rew_mean          | -722        |
| time/                   |             |
|    fps                  | 375         |
|    iterations           | 150         |
|    time_elapsed         | 818         |
|    total_timesteps      | 307200      |
| train/                  |             |
|    approx_kl            | 0.014091544 |
|    clip_fraction        | 0.188       |
|    clip_range           | 0.2         |
|    entropy_loss         | -15.8       |
|    explained_variance   | 0.676       |
|    learning_rate        | 0.0003      |
|    loss                 | 1.69        |
|    n_updates            | 1490        |
|    policy_gradient_loss | -0.00835    |
|    std                  | 0.907       |
|    value_loss           | 38.6        |
-----------------------------------------
-----------------------------------------
| rollout/                |             |
|    ep_len_mean          | 8.93e+03    |
|    ep_rew_mean          | -722        |
| time/                   |             |
|    fps                  | 375         |
|    iterations           | 151         |
|    time_elapsed         | 823         |
|    total_timesteps      | 309248      |
| train/                  |             |
|    approx_kl            | 0.023939455 |
|    clip_fraction        | 0.272       |
|    clip_range           | 0.2         |
|    entropy_loss         | -15.8       |
|    explained_variance   | 0.967       |
|    learning_rate        | 0.0003      |
|    loss                 | 1.52        |
|    n_updates            | 1500        |
|    policy_gradient_loss | -0.0115     |
|    std                  | 0.908       |
|    value_loss           | 3.7         |
-----------------------------------------
-----------------------------------------
| rollout/                |             |
|    ep_len_mean          | 8.93e+03    |
|    ep_rew_mean          | -722        |
| time/                   |             |
|    fps                  | 375         |
|    iterations           | 152         |
|    time_elapsed         | 828         |
|    total_timesteps      | 311296      |
| train/                  |             |
|    approx_kl            | 0.023246642 |
|    clip_fraction        | 0.269       |
|    clip_range           | 0.2         |
|    entropy_loss         | -15.8       |
|    explained_variance   | 0.973       |
|    learning_rate        | 0.0003      |
|    loss                 | 0.98        |
|    n_updates            | 1510        |
|    policy_gradient_loss | -0.0106     |
|    std                  | 0.907       |
|    value_loss           | 3.22        |
-----------------------------------------
-----------------------------------------
| rollout/                |             |
|    ep_len_mean          | 8.93e+03    |
|    ep_rew_mean          | -723        |
| time/                   |             |
|    fps                  | 375         |
|    iterations           | 153         |
|    time_elapsed         | 833         |
|    total_timesteps      | 313344      |
| train/                  |             |
|    approx_kl            | 0.018547885 |
|    clip_fraction        | 0.241       |
|    clip_range           | 0.2         |
|    entropy_loss         | -15.8       |
|    explained_variance   | 0.976       |
|    learning_rate        | 0.0003      |
|    loss                 | 1.74        |
|    n_updates            | 1520        |
|    policy_gradient_loss | -0.00991    |
|    std                  | 0.908       |
|    value_loss           | 3.76        |
-----------------------------------------
-----------------------------------------
| rollout/                |             |
|    ep_len_mean          | 8.93e+03    |
|    ep_rew_mean          | -723        |
| time/                   |             |
|    fps                  | 375         |
|    iterations           | 154         |
|    time_elapsed         | 838         |
|    total_timesteps      | 315392      |
| train/                  |             |
|    approx_kl            | 0.015173414 |
|    clip_fraction        | 0.148       |
|    clip_range           | 0.2         |
|    entropy_loss         | -15.8       |
|    explained_variance   | 0.738       |
|    learning_rate        | 0.0003      |
|    loss                 | 9.18        |
|    n_updates            | 1530        |
|    policy_gradient_loss | -0.0113     |
|    std                  | 0.908       |
|    value_loss           | 53.5        |
-----------------------------------------
-----------------------------------------
| rollout/                |             |
|    ep_len_mean          | 8.93e+03    |
|    ep_rew_mean          | -723        |
| time/                   |             |
|    fps                  | 375         |
|    iterations           | 155         |
|    time_elapsed         | 844         |
|    total_timesteps      | 317440      |
| train/                  |             |
|    approx_kl            | 0.028961115 |
|    clip_fraction        | 0.274       |
|    clip_range           | 0.2         |
|    entropy_loss         | -15.8       |
|    explained_variance   | 0.964       |
|    learning_rate        | 0.0003      |
|    loss                 | 1.64        |
|    n_updates            | 1540        |
|    policy_gradient_loss | -0.00997    |
|    std                  | 0.906       |
|    value_loss           | 5.15        |
-----------------------------------------
-----------------------------------------
| rollout/                |             |
|    ep_len_mean          | 8.93e+03    |
|    ep_rew_mean          | -723        |
| time/                   |             |
|    fps                  | 375         |
|    iterations           | 156         |
|    time_elapsed         | 849         |
|    total_timesteps      | 319488      |
| train/                  |             |
|    approx_kl            | 0.033136044 |
|    clip_fraction        | 0.259       |
|    clip_range           | 0.2         |
|    entropy_loss         | -15.8       |
|    explained_variance   | 0.958       |
|    learning_rate        | 0.0003      |
|    loss                 | 1.46        |
|    n_updates            | 1550        |
|    policy_gradient_loss | -0.00663    |
|    std                  | 0.904       |
|    value_loss           | 4.1         |
-----------------------------------------
-----------------------------------------
| rollout/                |             |
|    ep_len_mean          | 8.93e+03    |
|    ep_rew_mean          | -723        |
| time/                   |             |
|    fps                  | 376         |
|    iterations           | 157         |
|    time_elapsed         | 854         |
|    total_timesteps      | 321536      |
| train/                  |             |
|    approx_kl            | 0.023687951 |
|    clip_fraction        | 0.231       |
|    clip_range           | 0.2         |
|    entropy_loss         | -15.8       |
|    explained_variance   | 0.968       |
|    learning_rate        | 0.0003      |
|    loss                 | 1.3         |
|    n_updates            | 1560        |
|    policy_gradient_loss | -0.0149     |
|    std                  | 0.904       |
|    value_loss           | 3.48        |
-----------------------------------------
-----------------------------------------
| rollout/                |             |
|    ep_len_mean          | 8.93e+03    |
|    ep_rew_mean          | -723        |
| time/                   |             |
|    fps                  | 376         |
|    iterations           | 158         |
|    time_elapsed         | 859         |
|    total_timesteps      | 323584      |
| train/                  |             |
|    approx_kl            | 0.016168362 |
|    clip_fraction        | 0.175       |
|    clip_range           | 0.2         |
|    entropy_loss         | -15.8       |
|    explained_variance   | 0.72        |
|    learning_rate        | 0.0003      |
|    loss                 | 6.9         |
|    n_updates            | 1570        |
|    policy_gradient_loss | -0.0108     |
|    std                  | 0.903       |
|    value_loss           | 48.9        |
-----------------------------------------
-----------------------------------------
| rollout/                |             |
|    ep_len_mean          | 8.93e+03    |
|    ep_rew_mean          | -723        |
| time/                   |             |
|    fps                  | 376         |
|    iterations           | 159         |
|    time_elapsed         | 864         |
|    total_timesteps      | 325632      |
| train/                  |             |
|    approx_kl            | 0.019553032 |
|    clip_fraction        | 0.234       |
|    clip_range           | 0.2         |
|    entropy_loss         | -15.7       |
|    explained_variance   | 0.923       |
|    learning_rate        | 0.0003      |
|    loss                 | 1.7         |
|    n_updates            | 1580        |
|    policy_gradient_loss | -0.0109     |
|    std                  | 0.904       |
|    value_loss           | 5.8         |
-----------------------------------------
-----------------------------------------
| rollout/                |             |
|    ep_len_mean          | 8.93e+03    |
|    ep_rew_mean          | -723        |
| time/                   |             |
|    fps                  | 376         |
|    iterations           | 160         |
|    time_elapsed         | 869         |
|    total_timesteps      | 327680      |
| train/                  |             |
|    approx_kl            | 0.025489625 |
|    clip_fraction        | 0.315       |
|    clip_range           | 0.2         |
|    entropy_loss         | -15.7       |
|    explained_variance   | 0.968       |
|    learning_rate        | 0.0003      |
|    loss                 | 1.59        |
|    n_updates            | 1590        |
|    policy_gradient_loss | -0.0142     |
|    std                  | 0.9         |
|    value_loss           | 3.69        |
-----------------------------------------
----------------------------------------
| rollout/                |            |
|    ep_len_mean          | 8.93e+03   |
|    ep_rew_mean          | -723       |
| time/                   |            |
|    fps                  | 376        |
|    iterations           | 161        |
|    time_elapsed         | 874        |
|    total_timesteps      | 329728     |
| train/                  |            |
|    approx_kl            | 0.02032039 |
|    clip_fraction        | 0.254      |
|    clip_range           | 0.2        |
|    entropy_loss         | -15.7      |
|    explained_variance   | 0.978      |
|    learning_rate        | 0.0003     |
|    loss                 | 1.31       |
|    n_updates            | 1600       |
|    policy_gradient_loss | -0.0121    |
|    std                  | 0.9        |
|    value_loss           | 3          |
----------------------------------------
-----------------------------------------
| rollout/                |             |
|    ep_len_mean          | 8.93e+03    |
|    ep_rew_mean          | -723        |
| time/                   |             |
|    fps                  | 376         |
|    iterations           | 162         |
|    time_elapsed         | 880         |
|    total_timesteps      | 331776      |
| train/                  |             |
|    approx_kl            | 0.023389267 |
|    clip_fraction        | 0.258       |
|    clip_range           | 0.2         |
|    entropy_loss         | -15.7       |
|    explained_variance   | 0.98        |
|    learning_rate        | 0.0003      |
|    loss                 | 1.43        |
|    n_updates            | 1610        |
|    policy_gradient_loss | -0.0117     |
|    std                  | 0.904       |
|    value_loss           | 3.87        |
-----------------------------------------
-----------------------------------------
| rollout/                |             |
|    ep_len_mean          | 8.93e+03    |
|    ep_rew_mean          | -723        |
| time/                   |             |
|    fps                  | 377         |
|    iterations           | 163         |
|    time_elapsed         | 885         |
|    total_timesteps      | 333824      |
| train/                  |             |
|    approx_kl            | 0.013892031 |
|    clip_fraction        | 0.124       |
|    clip_range           | 0.2         |
|    entropy_loss         | -15.8       |
|    explained_variance   | 0.726       |
|    learning_rate        | 0.0003      |
|    loss                 | 69.4        |
|    n_updates            | 1620        |
|    policy_gradient_loss | -0.00811    |
|    std                  | 0.903       |
|    value_loss           | 48.4        |
-----------------------------------------
-----------------------------------------
| rollout/                |             |
|    ep_len_mean          | 8.93e+03    |
|    ep_rew_mean          | -723        |
| time/                   |             |
|    fps                  | 377         |
|    iterations           | 164         |
|    time_elapsed         | 889         |
|    total_timesteps      | 335872      |
| train/                  |             |
|    approx_kl            | 0.025542537 |
|    clip_fraction        | 0.263       |
|    clip_range           | 0.2         |
|    entropy_loss         | -15.8       |
|    explained_variance   | 0.963       |
|    learning_rate        | 0.0003      |
|    loss                 | 0.918       |
|    n_updates            | 1630        |
|    policy_gradient_loss | -0.0118     |
|    std                  | 0.906       |
|    value_loss           | 3.98        |
-----------------------------------------
----------------------------------------
| rollout/                |            |
|    ep_len_mean          | 8.93e+03   |
|    ep_rew_mean          | -723       |
| time/                   |            |
|    fps                  | 377        |
|    iterations           | 165        |
|    time_elapsed         | 895        |
|    total_timesteps      | 337920     |
| train/                  |            |
|    approx_kl            | 0.02437856 |
|    clip_fraction        | 0.298      |
|    clip_range           | 0.2        |
|    entropy_loss         | -15.8      |
|    explained_variance   | 0.97       |
|    learning_rate        | 0.0003     |
|    loss                 | 1.14       |
|    n_updates            | 1640       |
|    policy_gradient_loss | -0.0141    |
|    std                  | 0.905      |
|    value_loss           | 3.38       |
----------------------------------------
-----------------------------------------
| rollout/                |             |
|    ep_len_mean          | 8.93e+03    |
|    ep_rew_mean          | -723        |
| time/                   |             |
|    fps                  | 377         |
|    iterations           | 166         |
|    time_elapsed         | 900         |
|    total_timesteps      | 339968      |
| train/                  |             |
|    approx_kl            | 0.019440487 |
|    clip_fraction        | 0.289       |
|    clip_range           | 0.2         |
|    entropy_loss         | -15.8       |
|    explained_variance   | 0.978       |
|    learning_rate        | 0.0003      |
|    loss                 | 0.954       |
|    n_updates            | 1650        |
|    policy_gradient_loss | -0.0106     |
|    std                  | 0.903       |
|    value_loss           | 3.76        |
-----------------------------------------
------------------------------------------
| rollout/                |              |
|    ep_len_mean          | 8.93e+03     |
|    ep_rew_mean          | -723         |
| time/                   |              |
|    fps                  | 377          |
|    iterations           | 167          |
|    time_elapsed         | 905          |
|    total_timesteps      | 342016       |
| train/                  |              |
|    approx_kl            | 0.0124116335 |
|    clip_fraction        | 0.172        |
|    clip_range           | 0.2          |
|    entropy_loss         | -15.7        |
|    explained_variance   | 0.702        |
|    learning_rate        | 0.0003       |
|    loss                 | 2.84         |
|    n_updates            | 1660         |
|    policy_gradient_loss | -0.0128      |
|    std                  | 0.902        |
|    value_loss           | 44.8         |
------------------------------------------
----------------------------------------
| rollout/                |            |
|    ep_len_mean          | 8.93e+03   |
|    ep_rew_mean          | -723       |
| time/                   |            |
|    fps                  | 377        |
|    iterations           | 168        |
|    time_elapsed         | 910        |
|    total_timesteps      | 344064     |
| train/                  |            |
|    approx_kl            | 0.02907871 |
|    clip_fraction        | 0.35       |
|    clip_range           | 0.2        |
|    entropy_loss         | -15.8      |
|    explained_variance   | 0.981      |
|    learning_rate        | 0.0003     |
|    loss                 | 1.02       |
|    n_updates            | 1670       |
|    policy_gradient_loss | -0.00509   |
|    std                  | 0.906      |
|    value_loss           | 3.17       |
----------------------------------------
----------------------------------------
| rollout/                |            |
|    ep_len_mean          | 8.93e+03   |
|    ep_rew_mean          | -723       |
| time/                   |            |
|    fps                  | 378        |
|    iterations           | 169        |
|    time_elapsed         | 915        |
|    total_timesteps      | 346112     |
| train/                  |            |
|    approx_kl            | 0.03037111 |
|    clip_fraction        | 0.283      |
|    clip_range           | 0.2        |
|    entropy_loss         | -15.8      |
|    explained_variance   | 0.92       |
|    learning_rate        | 0.0003     |
|    loss                 | 1.27       |
|    n_updates            | 1680       |
|    policy_gradient_loss | -0.0167    |
|    std                  | 0.908      |
|    value_loss           | 3.61       |
----------------------------------------
----------------------------------------
| rollout/                |            |
|    ep_len_mean          | 8.93e+03   |
|    ep_rew_mean          | -723       |
| time/                   |            |
|    fps                  | 378        |
|    iterations           | 170        |
|    time_elapsed         | 920        |
|    total_timesteps      | 348160     |
| train/                  |            |
|    approx_kl            | 0.02079775 |
|    clip_fraction        | 0.269      |
|    clip_range           | 0.2        |
|    entropy_loss         | -15.8      |
|    explained_variance   | 0.97       |
|    learning_rate        | 0.0003     |
|    loss                 | 1.14       |
|    n_updates            | 1690       |
|    policy_gradient_loss | -0.00944   |
|    std                  | 0.908      |
|    value_loss           | 2.91       |
----------------------------------------
-----------------------------------------
| rollout/                |             |
|    ep_len_mean          | 8.93e+03    |
|    ep_rew_mean          | -724        |
| time/                   |             |
|    fps                  | 377         |
|    iterations           | 171         |
|    time_elapsed         | 926         |
|    total_timesteps      | 350208      |
| train/                  |             |
|    approx_kl            | 0.025065167 |
|    clip_fraction        | 0.272       |
|    clip_range           | 0.2         |
|    entropy_loss         | -15.8       |
|    explained_variance   | 0.98        |
|    learning_rate        | 0.0003      |
|    loss                 | 1.23        |
|    n_updates            | 1700        |
|    policy_gradient_loss | -0.0119     |
|    std                  | 0.909       |
|    value_loss           | 3.41        |
-----------------------------------------
-----------------------------------------
| rollout/                |             |
|    ep_len_mean          | 8.93e+03    |
|    ep_rew_mean          | -724        |
| time/                   |             |
|    fps                  | 378         |
|    iterations           | 172         |
|    time_elapsed         | 931         |
|    total_timesteps      | 352256      |
| train/                  |             |
|    approx_kl            | 0.013111723 |
|    clip_fraction        | 0.184       |
|    clip_range           | 0.2         |
|    entropy_loss         | -15.8       |
|    explained_variance   | 0.613       |
|    learning_rate        | 0.0003      |
|    loss                 | 38.2        |
|    n_updates            | 1710        |
|    policy_gradient_loss | -0.00944    |
|    std                  | 0.909       |
|    value_loss           | 48.4        |
-----------------------------------------
-----------------------------------------
| rollout/                |             |
|    ep_len_mean          | 8.93e+03    |
|    ep_rew_mean          | -724        |
| time/                   |             |
|    fps                  | 378         |
|    iterations           | 173         |
|    time_elapsed         | 936         |
|    total_timesteps      | 354304      |
| train/                  |             |
|    approx_kl            | 0.027062334 |
|    clip_fraction        | 0.294       |
|    clip_range           | 0.2         |
|    entropy_loss         | -15.8       |
|    explained_variance   | 0.964       |
|    learning_rate        | 0.0003      |
|    loss                 | 1.34        |
|    n_updates            | 1720        |
|    policy_gradient_loss | -0.0123     |
|    std                  | 0.911       |
|    value_loss           | 3.83        |
-----------------------------------------
-----------------------------------------
| rollout/                |             |
|    ep_len_mean          | 8.93e+03    |
|    ep_rew_mean          | -724        |
| time/                   |             |
|    fps                  | 378         |
|    iterations           | 174         |
|    time_elapsed         | 941         |
|    total_timesteps      | 356352      |
| train/                  |             |
|    approx_kl            | 0.024524154 |
|    clip_fraction        | 0.289       |
|    clip_range           | 0.2         |
|    entropy_loss         | -15.9       |
|    explained_variance   | 0.978       |
|    learning_rate        | 0.0003      |
|    loss                 | 0.899       |
|    n_updates            | 1730        |
|    policy_gradient_loss | -0.016      |
|    std                  | 0.913       |
|    value_loss           | 2.96        |
-----------------------------------------
-----------------------------------------
| rollout/                |             |
|    ep_len_mean          | 8.93e+03    |
|    ep_rew_mean          | -724        |
| time/                   |             |
|    fps                  | 378         |
|    iterations           | 175         |
|    time_elapsed         | 946         |
|    total_timesteps      | 358400      |
| train/                  |             |
|    approx_kl            | 0.021817062 |
|    clip_fraction        | 0.24        |
|    clip_range           | 0.2         |
|    entropy_loss         | -15.9       |
|    explained_variance   | 0.974       |
|    learning_rate        | 0.0003      |
|    loss                 | 1.37        |
|    n_updates            | 1740        |
|    policy_gradient_loss | -0.0122     |
|    std                  | 0.915       |
|    value_loss           | 4.36        |
-----------------------------------------
-----------------------------------------
| rollout/                |             |
|    ep_len_mean          | 8.93e+03    |
|    ep_rew_mean          | -724        |
| time/                   |             |
|    fps                  | 378         |
|    iterations           | 176         |
|    time_elapsed         | 951         |
|    total_timesteps      | 360448      |
| train/                  |             |
|    approx_kl            | 0.015067929 |
|    clip_fraction        | 0.151       |
|    clip_range           | 0.2         |
|    entropy_loss         | -15.9       |
|    explained_variance   | 0.736       |
|    learning_rate        | 0.0003      |
|    loss                 | 6.1         |
|    n_updates            | 1750        |
|    policy_gradient_loss | -0.0117     |
|    std                  | 0.915       |
|    value_loss           | 58.5        |
-----------------------------------------
-----------------------------------------
| rollout/                |             |
|    ep_len_mean          | 8.93e+03    |
|    ep_rew_mean          | -724        |
| time/                   |             |
|    fps                  | 378         |
|    iterations           | 177         |
|    time_elapsed         | 957         |
|    total_timesteps      | 362496      |
| train/                  |             |
|    approx_kl            | 0.025769021 |
|    clip_fraction        | 0.238       |
|    clip_range           | 0.2         |
|    entropy_loss         | -15.9       |
|    explained_variance   | 0.946       |
|    learning_rate        | 0.0003      |
|    loss                 | 1.36        |
|    n_updates            | 1760        |
|    policy_gradient_loss | -0.0108     |
|    std                  | 0.915       |
|    value_loss           | 5.24        |
-----------------------------------------
----------------------------------------
| rollout/                |            |
|    ep_len_mean          | 8.93e+03   |
|    ep_rew_mean          | -724       |
| time/                   |            |
|    fps                  | 378        |
|    iterations           | 178        |
|    time_elapsed         | 964        |
|    total_timesteps      | 364544     |
| train/                  |            |
|    approx_kl            | 0.02172633 |
|    clip_fraction        | 0.247      |
|    clip_range           | 0.2        |
|    entropy_loss         | -15.9      |
|    explained_variance   | 0.945      |
|    learning_rate        | 0.0003     |
|    loss                 | 1.64       |
|    n_updates            | 1770       |
|    policy_gradient_loss | -0.0102    |
|    std                  | 0.914      |
|    value_loss           | 4.4        |
----------------------------------------
-----------------------------------------
| rollout/                |             |
|    ep_len_mean          | 8.93e+03    |
|    ep_rew_mean          | -724        |
| time/                   |             |
|    fps                  | 377         |
|    iterations           | 179         |
|    time_elapsed         | 970         |
|    total_timesteps      | 366592      |
| train/                  |             |
|    approx_kl            | 0.024710437 |
|    clip_fraction        | 0.251       |
|    clip_range           | 0.2         |
|    entropy_loss         | -15.9       |
|    explained_variance   | 0.964       |
|    learning_rate        | 0.0003      |
|    loss                 | 1.39        |
|    n_updates            | 1780        |
|    policy_gradient_loss | -0.00934    |
|    std                  | 0.913       |
|    value_loss           | 4.01        |
-----------------------------------------
-----------------------------------------
| rollout/                |             |
|    ep_len_mean          | 8.93e+03    |
|    ep_rew_mean          | -724        |
| time/                   |             |
|    fps                  | 377         |
|    iterations           | 180         |
|    time_elapsed         | 975         |
|    total_timesteps      | 368640      |
| train/                  |             |
|    approx_kl            | 0.017208468 |
|    clip_fraction        | 0.163       |
|    clip_range           | 0.2         |
|    entropy_loss         | -15.9       |
|    explained_variance   | 0.752       |
|    learning_rate        | 0.0003      |
|    loss                 | 99          |
|    n_updates            | 1790        |
|    policy_gradient_loss | -0.0102     |
|    std                  | 0.912       |
|    value_loss           | 56.3        |
-----------------------------------------
-----------------------------------------
| rollout/                |             |
|    ep_len_mean          | 8.93e+03    |
|    ep_rew_mean          | -724        |
| time/                   |             |
|    fps                  | 378         |
|    iterations           | 181         |
|    time_elapsed         | 980         |
|    total_timesteps      | 370688      |
| train/                  |             |
|    approx_kl            | 0.024914086 |
|    clip_fraction        | 0.292       |
|    clip_range           | 0.2         |
|    entropy_loss         | -15.8       |
|    explained_variance   | 0.969       |
|    learning_rate        | 0.0003      |
|    loss                 | 1.06        |
|    n_updates            | 1800        |
|    policy_gradient_loss | -0.0111     |
|    std                  | 0.91        |
|    value_loss           | 4.66        |
-----------------------------------------
-----------------------------------------
| rollout/                |             |
|    ep_len_mean          | 8.93e+03    |
|    ep_rew_mean          | -724        |
| time/                   |             |
|    fps                  | 378         |
|    iterations           | 182         |
|    time_elapsed         | 985         |
|    total_timesteps      | 372736      |
| train/                  |             |
|    approx_kl            | 0.021733278 |
|    clip_fraction        | 0.272       |
|    clip_range           | 0.2         |
|    entropy_loss         | -15.8       |
|    explained_variance   | 0.928       |
|    learning_rate        | 0.0003      |
|    loss                 | 2.18        |
|    n_updates            | 1810        |
|    policy_gradient_loss | -0.0143     |
|    std                  | 0.909       |
|    value_loss           | 4.34        |
-----------------------------------------
-----------------------------------------
| rollout/                |             |
|    ep_len_mean          | 8.93e+03    |
|    ep_rew_mean          | -724        |
| time/                   |             |
|    fps                  | 378         |
|    iterations           | 183         |
|    time_elapsed         | 990         |
|    total_timesteps      | 374784      |
| train/                  |             |
|    approx_kl            | 0.027143532 |
|    clip_fraction        | 0.265       |
|    clip_range           | 0.2         |
|    entropy_loss         | -15.8       |
|    explained_variance   | 0.967       |
|    learning_rate        | 0.0003      |
|    loss                 | 1.64        |
|    n_updates            | 1820        |
|    policy_gradient_loss | -0.0129     |
|    std                  | 0.908       |
|    value_loss           | 3.33        |
-----------------------------------------
----------------------------------------
| rollout/                |            |
|    ep_len_mean          | 8.93e+03   |
|    ep_rew_mean          | -724       |
| time/                   |            |
|    fps                  | 378        |
|    iterations           | 184        |
|    time_elapsed         | 995        |
|    total_timesteps      | 376832     |
| train/                  |            |
|    approx_kl            | 0.02377347 |
|    clip_fraction        | 0.269      |
|    clip_range           | 0.2        |
|    entropy_loss         | -15.8      |
|    explained_variance   | 0.982      |
|    learning_rate        | 0.0003     |
|    loss                 | 1.45       |
|    n_updates            | 1830       |
|    policy_gradient_loss | -0.0114    |
|    std                  | 0.907      |
|    value_loss           | 3.76       |
----------------------------------------
-----------------------------------------
| rollout/                |             |
|    ep_len_mean          | 8.93e+03    |
|    ep_rew_mean          | -724        |
| time/                   |             |
|    fps                  | 378         |
|    iterations           | 185         |
|    time_elapsed         | 1000        |
|    total_timesteps      | 378880      |
| train/                  |             |
|    approx_kl            | 0.015781922 |
|    clip_fraction        | 0.201       |
|    clip_range           | 0.2         |
|    entropy_loss         | -15.8       |
|    explained_variance   | 0.583       |
|    learning_rate        | 0.0003      |
|    loss                 | 11.6        |
|    n_updates            | 1840        |
|    policy_gradient_loss | -0.0107     |
|    std                  | 0.907       |
|    value_loss           | 43.6        |
-----------------------------------------
-----------------------------------------
| rollout/                |             |
|    ep_len_mean          | 8.93e+03    |
|    ep_rew_mean          | -724        |
| time/                   |             |
|    fps                  | 378         |
|    iterations           | 186         |
|    time_elapsed         | 1005        |
|    total_timesteps      | 380928      |
| train/                  |             |
|    approx_kl            | 0.027775351 |
|    clip_fraction        | 0.294       |
|    clip_range           | 0.2         |
|    entropy_loss         | -15.8       |
|    explained_variance   | 0.974       |
|    learning_rate        | 0.0003      |
|    loss                 | 1.46        |
|    n_updates            | 1850        |
|    policy_gradient_loss | -0.00759    |
|    std                  | 0.907       |
|    value_loss           | 4.17        |
-----------------------------------------
-----------------------------------------
| rollout/                |             |
|    ep_len_mean          | 8.93e+03    |
|    ep_rew_mean          | -724        |
| time/                   |             |
|    fps                  | 378         |
|    iterations           | 187         |
|    time_elapsed         | 1011        |
|    total_timesteps      | 382976      |
| train/                  |             |
|    approx_kl            | 0.023768263 |
|    clip_fraction        | 0.266       |
|    clip_range           | 0.2         |
|    entropy_loss         | -15.8       |
|    explained_variance   | 0.983       |
|    learning_rate        | 0.0003      |
|    loss                 | 1.36        |
|    n_updates            | 1860        |
|    policy_gradient_loss | -0.00843    |
|    std                  | 0.907       |
|    value_loss           | 3.31        |
-----------------------------------------
-----------------------------------------
| rollout/                |             |
|    ep_len_mean          | 8.93e+03    |
|    ep_rew_mean          | -723        |
| time/                   |             |
|    fps                  | 378         |
|    iterations           | 188         |
|    time_elapsed         | 1017        |
|    total_timesteps      | 385024      |
| train/                  |             |
|    approx_kl            | 0.015827013 |
|    clip_fraction        | 0.194       |
|    clip_range           | 0.2         |
|    entropy_loss         | -15.8       |
|    explained_variance   | 0.975       |
|    learning_rate        | 0.0003      |
|    loss                 | 1.84        |
|    n_updates            | 1870        |
|    policy_gradient_loss | -0.0126     |
|    std                  | 0.904       |
|    value_loss           | 5.16        |
-----------------------------------------
-----------------------------------------
| rollout/                |             |
|    ep_len_mean          | 8.93e+03    |
|    ep_rew_mean          | -723        |
| time/                   |             |
|    fps                  | 378         |
|    iterations           | 189         |
|    time_elapsed         | 1022        |
|    total_timesteps      | 387072      |
| train/                  |             |
|    approx_kl            | 0.015264114 |
|    clip_fraction        | 0.179       |
|    clip_range           | 0.2         |
|    entropy_loss         | -15.7       |
|    explained_variance   | 0.764       |
|    learning_rate        | 0.0003      |
|    loss                 | 2.94        |
|    n_updates            | 1880        |
|    policy_gradient_loss | -0.0133     |
|    std                  | 0.902       |
|    value_loss           | 52.6        |
-----------------------------------------
-----------------------------------------
| rollout/                |             |
|    ep_len_mean          | 8.93e+03    |
|    ep_rew_mean          | -723        |
| time/                   |             |
|    fps                  | 378         |
|    iterations           | 190         |
|    time_elapsed         | 1027        |
|    total_timesteps      | 389120      |
| train/                  |             |
|    approx_kl            | 0.019125499 |
|    clip_fraction        | 0.265       |
|    clip_range           | 0.2         |
|    entropy_loss         | -15.7       |
|    explained_variance   | 0.931       |
|    learning_rate        | 0.0003      |
|    loss                 | 1.97        |
|    n_updates            | 1890        |
|    policy_gradient_loss | -0.0156     |
|    std                  | 0.903       |
|    value_loss           | 4.92        |
-----------------------------------------
----------------------------------------
| rollout/                |            |
|    ep_len_mean          | 8.93e+03   |
|    ep_rew_mean          | -723       |
| time/                   |            |
|    fps                  | 378        |
|    iterations           | 191        |
|    time_elapsed         | 1033       |
|    total_timesteps      | 391168     |
| train/                  |            |
|    approx_kl            | 0.02616804 |
|    clip_fraction        | 0.29       |
|    clip_range           | 0.2        |
|    entropy_loss         | -15.7      |
|    explained_variance   | 0.938      |
|    learning_rate        | 0.0003     |
|    loss                 | 1.87       |
|    n_updates            | 1900       |
|    policy_gradient_loss | -0.014     |
|    std                  | 0.902      |
|    value_loss           | 4.31       |
----------------------------------------
-----------------------------------------
| rollout/                |             |
|    ep_len_mean          | 8.93e+03    |
|    ep_rew_mean          | -723        |
| time/                   |             |
|    fps                  | 378         |
|    iterations           | 192         |
|    time_elapsed         | 1038        |
|    total_timesteps      | 393216      |
| train/                  |             |
|    approx_kl            | 0.025186565 |
|    clip_fraction        | 0.267       |
|    clip_range           | 0.2         |
|    entropy_loss         | -15.7       |
|    explained_variance   | 0.964       |
|    learning_rate        | 0.0003      |
|    loss                 | 1.38        |
|    n_updates            | 1910        |
|    policy_gradient_loss | -0.0144     |
|    std                  | 0.902       |
|    value_loss           | 3.53        |
-----------------------------------------
-----------------------------------------
| rollout/                |             |
|    ep_len_mean          | 8.93e+03    |
|    ep_rew_mean          | -723        |
| time/                   |             |
|    fps                  | 378         |
|    iterations           | 193         |
|    time_elapsed         | 1043        |
|    total_timesteps      | 395264      |
| train/                  |             |
|    approx_kl            | 0.016273491 |
|    clip_fraction        | 0.156       |
|    clip_range           | 0.2         |
|    entropy_loss         | -15.7       |
|    explained_variance   | 0.599       |
|    learning_rate        | 0.0003      |
|    loss                 | 3.81        |
|    n_updates            | 1920        |
|    policy_gradient_loss | -0.011      |
|    std                  | 0.902       |
|    value_loss           | 50.1        |
-----------------------------------------
-----------------------------------------
| rollout/                |             |
|    ep_len_mean          | 8.93e+03    |
|    ep_rew_mean          | -723        |
| time/                   |             |
|    fps                  | 379         |
|    iterations           | 194         |
|    time_elapsed         | 1048        |
|    total_timesteps      | 397312      |
| train/                  |             |
|    approx_kl            | 0.026943805 |
|    clip_fraction        | 0.299       |
|    clip_range           | 0.2         |
|    entropy_loss         | -15.7       |
|    explained_variance   | 0.971       |
|    learning_rate        | 0.0003      |
|    loss                 | 1.2         |
|    n_updates            | 1930        |
|    policy_gradient_loss | -0.00837    |
|    std                  | 0.9         |
|    value_loss           | 4.61        |
-----------------------------------------
-----------------------------------------
| rollout/                |             |
|    ep_len_mean          | 8.93e+03    |
|    ep_rew_mean          | -723        |
| time/                   |             |
|    fps                  | 379         |
|    iterations           | 195         |
|    time_elapsed         | 1053        |
|    total_timesteps      | 399360      |
| train/                  |             |
|    approx_kl            | 0.030347165 |
|    clip_fraction        | 0.278       |
|    clip_range           | 0.2         |
|    entropy_loss         | -15.7       |
|    explained_variance   | 0.946       |
|    learning_rate        | 0.0003      |
|    loss                 | 1.55        |
|    n_updates            | 1940        |
|    policy_gradient_loss | -0.00725    |
|    std                  | 0.896       |
|    value_loss           | 4.98        |
-----------------------------------------
-----------------------------------------
| rollout/                |             |
|    ep_len_mean          | 8.93e+03    |
|    ep_rew_mean          | -723        |
| time/                   |             |
|    fps                  | 379         |
|    iterations           | 196         |
|    time_elapsed         | 1058        |
|    total_timesteps      | 401408      |
| train/                  |             |
|    approx_kl            | 0.019569578 |
|    clip_fraction        | 0.27        |
|    clip_range           | 0.2         |
|    entropy_loss         | -15.7       |
|    explained_variance   | 0.976       |
|    learning_rate        | 0.0003      |
|    loss                 | 2.7         |
|    n_updates            | 1950        |
|    policy_gradient_loss | -0.0104     |
|    std                  | 0.897       |
|    value_loss           | 4.13        |
-----------------------------------------
-----------------------------------------
| rollout/                |             |
|    ep_len_mean          | 8.93e+03    |
|    ep_rew_mean          | -723        |
| time/                   |             |
|    fps                  | 379         |
|    iterations           | 197         |
|    time_elapsed         | 1062        |
|    total_timesteps      | 403456      |
| train/                  |             |
|    approx_kl            | 0.020889822 |
|    clip_fraction        | 0.278       |
|    clip_range           | 0.2         |
|    entropy_loss         | -15.6       |
|    explained_variance   | 0.987       |
|    learning_rate        | 0.0003      |
|    loss                 | 1.05        |
|    n_updates            | 1960        |
|    policy_gradient_loss | -0.00992    |
|    std                  | 0.895       |
|    value_loss           | 3.72        |
-----------------------------------------
-----------------------------------------
| rollout/                |             |
|    ep_len_mean          | 8.93e+03    |
|    ep_rew_mean          | -723        |
| time/                   |             |
|    fps                  | 379         |
|    iterations           | 198         |
|    time_elapsed         | 1067        |
|    total_timesteps      | 405504      |
| train/                  |             |
|    approx_kl            | 0.014863691 |
|    clip_fraction        | 0.174       |
|    clip_range           | 0.2         |
|    entropy_loss         | -15.6       |
|    explained_variance   | 0.572       |
|    learning_rate        | 0.0003      |
|    loss                 | 2.69        |
|    n_updates            | 1970        |
|    policy_gradient_loss | -0.00587    |
|    std                  | 0.894       |
|    value_loss           | 58.4        |
-----------------------------------------
-----------------------------------------
| rollout/                |             |
|    ep_len_mean          | 8.93e+03    |
|    ep_rew_mean          | -723        |
| time/                   |             |
|    fps                  | 379         |
|    iterations           | 199         |
|    time_elapsed         | 1072        |
|    total_timesteps      | 407552      |
| train/                  |             |
|    approx_kl            | 0.027674811 |
|    clip_fraction        | 0.279       |
|    clip_range           | 0.2         |
|    entropy_loss         | -15.6       |
|    explained_variance   | 0.971       |
|    learning_rate        | 0.0003      |
|    loss                 | 1.15        |
|    n_updates            | 1980        |
|    policy_gradient_loss | -0.0147     |
|    std                  | 0.894       |
|    value_loss           | 4.32        |
-----------------------------------------
-----------------------------------------
| rollout/                |             |
|    ep_len_mean          | 8.93e+03    |
|    ep_rew_mean          | -723        |
| time/                   |             |
|    fps                  | 380         |
|    iterations           | 200         |
|    time_elapsed         | 1077        |
|    total_timesteps      | 409600      |
| train/                  |             |
|    approx_kl            | 0.020701822 |
|    clip_fraction        | 0.262       |
|    clip_range           | 0.2         |
|    entropy_loss         | -15.7       |
|    explained_variance   | 0.98        |
|    learning_rate        | 0.0003      |
|    loss                 | 1.67        |
|    n_updates            | 1990        |
|    policy_gradient_loss | -0.0143     |
|    std                  | 0.899       |
|    value_loss           | 3.35        |
-----------------------------------------
----------------------------------------
| rollout/                |            |
|    ep_len_mean          | 8.93e+03   |
|    ep_rew_mean          | -723       |
| time/                   |            |
|    fps                  | 380        |
|    iterations           | 201        |
|    time_elapsed         | 1082       |
|    total_timesteps      | 411648     |
| train/                  |            |
|    approx_kl            | 0.01826742 |
|    clip_fraction        | 0.232      |
|    clip_range           | 0.2        |
|    entropy_loss         | -15.7      |
|    explained_variance   | 0.974      |
|    learning_rate        | 0.0003     |
|    loss                 | 2.56       |
|    n_updates            | 2000       |
|    policy_gradient_loss | -0.0133    |
|    std                  | 0.897      |
|    value_loss           | 4.82       |
----------------------------------------
-----------------------------------------
| rollout/                |             |
|    ep_len_mean          | 8.93e+03    |
|    ep_rew_mean          | -723        |
| time/                   |             |
|    fps                  | 380         |
|    iterations           | 202         |
|    time_elapsed         | 1087        |
|    total_timesteps      | 413696      |
| train/                  |             |
|    approx_kl            | 0.012563037 |
|    clip_fraction        | 0.151       |
|    clip_range           | 0.2         |
|    entropy_loss         | -15.7       |
|    explained_variance   | 0.723       |
|    learning_rate        | 0.0003      |
|    loss                 | 11          |
|    n_updates            | 2010        |
|    policy_gradient_loss | -0.00929    |
|    std                  | 0.898       |
|    value_loss           | 55.9        |
-----------------------------------------
-----------------------------------------
| rollout/                |             |
|    ep_len_mean          | 8.93e+03    |
|    ep_rew_mean          | -723        |
| time/                   |             |
|    fps                  | 380         |
|    iterations           | 203         |
|    time_elapsed         | 1092        |
|    total_timesteps      | 415744      |
| train/                  |             |
|    approx_kl            | 0.022664998 |
|    clip_fraction        | 0.267       |
|    clip_range           | 0.2         |
|    entropy_loss         | -15.7       |
|    explained_variance   | 0.952       |
|    learning_rate        | 0.0003      |
|    loss                 | 1.35        |
|    n_updates            | 2020        |
|    policy_gradient_loss | -0.0133     |
|    std                  | 0.906       |
|    value_loss           | 4.63        |
-----------------------------------------
-----------------------------------------
| rollout/                |             |
|    ep_len_mean          | 8.93e+03    |
|    ep_rew_mean          | -723        |
| time/                   |             |
|    fps                  | 380         |
|    iterations           | 204         |
|    time_elapsed         | 1097        |
|    total_timesteps      | 417792      |
| train/                  |             |
|    approx_kl            | 0.020678204 |
|    clip_fraction        | 0.237       |
|    clip_range           | 0.2         |
|    entropy_loss         | -15.8       |
|    explained_variance   | 0.959       |
|    learning_rate        | 0.0003      |
|    loss                 | 1.44        |
|    n_updates            | 2030        |
|    policy_gradient_loss | -0.0118     |
|    std                  | 0.905       |
|    value_loss           | 4.38        |
-----------------------------------------
-----------------------------------------
| rollout/                |             |
|    ep_len_mean          | 8.93e+03    |
|    ep_rew_mean          | -723        |
| time/                   |             |
|    fps                  | 380         |
|    iterations           | 205         |
|    time_elapsed         | 1102        |
|    total_timesteps      | 419840      |
| train/                  |             |
|    approx_kl            | 0.019850116 |
|    clip_fraction        | 0.275       |
|    clip_range           | 0.2         |
|    entropy_loss         | -15.8       |
|    explained_variance   | 0.972       |
|    learning_rate        | 0.0003      |
|    loss                 | 1.12        |
|    n_updates            | 2040        |
|    policy_gradient_loss | -0.00639    |
|    std                  | 0.903       |
|    value_loss           | 3.61        |
-----------------------------------------
----------------------------------------
| rollout/                |            |
|    ep_len_mean          | 8.93e+03   |
|    ep_rew_mean          | -723       |
| time/                   |            |
|    fps                  | 380        |
|    iterations           | 206        |
|    time_elapsed         | 1109       |
|    total_timesteps      | 421888     |
| train/                  |            |
|    approx_kl            | 0.01697421 |
|    clip_fraction        | 0.171      |
|    clip_range           | 0.2        |
|    entropy_loss         | -15.7      |
|    explained_variance   | 0.656      |
|    learning_rate        | 0.0003     |
|    loss                 | 53.2       |
|    n_updates            | 2050       |
|    policy_gradient_loss | -0.00927   |
|    std                  | 0.904      |
|    value_loss           | 53.6       |
----------------------------------------
-----------------------------------------
| rollout/                |             |
|    ep_len_mean          | 8.93e+03    |
|    ep_rew_mean          | -723        |
| time/                   |             |
|    fps                  | 380         |
|    iterations           | 207         |
|    time_elapsed         | 1114        |
|    total_timesteps      | 423936      |
| train/                  |             |
|    approx_kl            | 0.026435291 |
|    clip_fraction        | 0.229       |
|    clip_range           | 0.2         |
|    entropy_loss         | -15.8       |
|    explained_variance   | 0.812       |
|    learning_rate        | 0.0003      |
|    loss                 | 6.12        |
|    n_updates            | 2060        |
|    policy_gradient_loss | -0.0126     |
|    std                  | 0.905       |
|    value_loss           | 21.6        |
-----------------------------------------
-----------------------------------------
| rollout/                |             |
|    ep_len_mean          | 8.93e+03    |
|    ep_rew_mean          | -723        |
| time/                   |             |
|    fps                  | 380         |
|    iterations           | 208         |
|    time_elapsed         | 1120        |
|    total_timesteps      | 425984      |
| train/                  |             |
|    approx_kl            | 0.022784142 |
|    clip_fraction        | 0.278       |
|    clip_range           | 0.2         |
|    entropy_loss         | -15.8       |
|    explained_variance   | 0.925       |
|    learning_rate        | 0.0003      |
|    loss                 | 2.29        |
|    n_updates            | 2070        |
|    policy_gradient_loss | -0.0162     |
|    std                  | 0.907       |
|    value_loss           | 6.28        |
-----------------------------------------
-----------------------------------------
| rollout/                |             |
|    ep_len_mean          | 8.93e+03    |
|    ep_rew_mean          | -723        |
| time/                   |             |
|    fps                  | 380         |
|    iterations           | 209         |
|    time_elapsed         | 1125        |
|    total_timesteps      | 428032      |
| train/                  |             |
|    approx_kl            | 0.023499854 |
|    clip_fraction        | 0.259       |
|    clip_range           | 0.2         |
|    entropy_loss         | -15.8       |
|    explained_variance   | 0.956       |
|    learning_rate        | 0.0003      |
|    loss                 | 1.93        |
|    n_updates            | 2080        |
|    policy_gradient_loss | -0.0152     |
|    std                  | 0.909       |
|    value_loss           | 5.55        |
-----------------------------------------
-----------------------------------------
| rollout/                |             |
|    ep_len_mean          | 8.93e+03    |
|    ep_rew_mean          | -723        |
| time/                   |             |
|    fps                  | 380         |
|    iterations           | 210         |
|    time_elapsed         | 1130        |
|    total_timesteps      | 430080      |
| train/                  |             |
|    approx_kl            | 0.020624684 |
|    clip_fraction        | 0.249       |
|    clip_range           | 0.2         |
|    entropy_loss         | -15.8       |
|    explained_variance   | 0.975       |
|    learning_rate        | 0.0003      |
|    loss                 | 1.91        |
|    n_updates            | 2090        |
|    policy_gradient_loss | -0.0134     |
|    std                  | 0.906       |
|    value_loss           | 5.64        |
-----------------------------------------
------------------------------------------
| rollout/                |              |
|    ep_len_mean          | 8.93e+03     |
|    ep_rew_mean          | -723         |
| time/                   |              |
|    fps                  | 380          |
|    iterations           | 211          |
|    time_elapsed         | 1135         |
|    total_timesteps      | 432128       |
| train/                  |              |
|    approx_kl            | 0.0136185335 |
|    clip_fraction        | 0.178        |
|    clip_range           | 0.2          |
|    entropy_loss         | -15.8        |
|    explained_variance   | 0.692        |
|    learning_rate        | 0.0003       |
|    loss                 | 61.5         |
|    n_updates            | 2100         |
|    policy_gradient_loss | -0.01        |
|    std                  | 0.905        |
|    value_loss           | 63.1         |
------------------------------------------
-----------------------------------------
| rollout/                |             |
|    ep_len_mean          | 8.93e+03    |
|    ep_rew_mean          | -723        |
| time/                   |             |
|    fps                  | 380         |
|    iterations           | 212         |
|    time_elapsed         | 1140        |
|    total_timesteps      | 434176      |
| train/                  |             |
|    approx_kl            | 0.028605849 |
|    clip_fraction        | 0.289       |
|    clip_range           | 0.2         |
|    entropy_loss         | -15.7       |
|    explained_variance   | 0.966       |
|    learning_rate        | 0.0003      |
|    loss                 | 2.03        |
|    n_updates            | 2110        |
|    policy_gradient_loss | -0.0126     |
|    std                  | 0.901       |
|    value_loss           | 5.01        |
-----------------------------------------
----------------------------------------
| rollout/                |            |
|    ep_len_mean          | 8.93e+03   |
|    ep_rew_mean          | -723       |
| time/                   |            |
|    fps                  | 381        |
|    iterations           | 213        |
|    time_elapsed         | 1144       |
|    total_timesteps      | 436224     |
| train/                  |            |
|    approx_kl            | 0.02456959 |
|    clip_fraction        | 0.269      |
|    clip_range           | 0.2        |
|    entropy_loss         | -15.7      |
|    explained_variance   | 0.974      |
|    learning_rate        | 0.0003     |
|    loss                 | 2.07       |
|    n_updates            | 2120       |
|    policy_gradient_loss | -0.016     |
|    std                  | 0.9        |
|    value_loss           | 6.01       |
----------------------------------------
-----------------------------------------
| rollout/                |             |
|    ep_len_mean          | 8.93e+03    |
|    ep_rew_mean          | -723        |
| time/                   |             |
|    fps                  | 381         |
|    iterations           | 214         |
|    time_elapsed         | 1149        |
|    total_timesteps      | 438272      |
| train/                  |             |
|    approx_kl            | 0.019496787 |
|    clip_fraction        | 0.231       |
|    clip_range           | 0.2         |
|    entropy_loss         | -15.7       |
|    explained_variance   | 0.978       |
|    learning_rate        | 0.0003      |
|    loss                 | 2.48        |
|    n_updates            | 2130        |
|    policy_gradient_loss | -0.0118     |
|    std                  | 0.898       |
|    value_loss           | 5.59        |
-----------------------------------------
-----------------------------------------
| rollout/                |             |
|    ep_len_mean          | 8.93e+03    |
|    ep_rew_mean          | -723        |
| time/                   |             |
|    fps                  | 381         |
|    iterations           | 215         |
|    time_elapsed         | 1154        |
|    total_timesteps      | 440320      |
| train/                  |             |
|    approx_kl            | 0.024479132 |
|    clip_fraction        | 0.213       |
|    clip_range           | 0.2         |
|    entropy_loss         | -15.7       |
|    explained_variance   | 0.715       |
|    learning_rate        | 0.0003      |
|    loss                 | 3.94        |
|    n_updates            | 2140        |
|    policy_gradient_loss | -0.00776    |
|    std                  | 0.899       |
|    value_loss           | 52.8        |
-----------------------------------------
-----------------------------------------
| rollout/                |             |
|    ep_len_mean          | 8.93e+03    |
|    ep_rew_mean          | -723        |
| time/                   |             |
|    fps                  | 381         |
|    iterations           | 216         |
|    time_elapsed         | 1159        |
|    total_timesteps      | 442368      |
| train/                  |             |
|    approx_kl            | 0.028699208 |
|    clip_fraction        | 0.323       |
|    clip_range           | 0.2         |
|    entropy_loss         | -15.7       |
|    explained_variance   | 0.953       |
|    learning_rate        | 0.0003      |
|    loss                 | 1.6         |
|    n_updates            | 2150        |
|    policy_gradient_loss | -0.0142     |
|    std                  | 0.898       |
|    value_loss           | 5.93        |
-----------------------------------------
-----------------------------------------
| rollout/                |             |
|    ep_len_mean          | 8.93e+03    |
|    ep_rew_mean          | -723        |
| time/                   |             |
|    fps                  | 381         |
|    iterations           | 217         |
|    time_elapsed         | 1164        |
|    total_timesteps      | 444416      |
| train/                  |             |
|    approx_kl            | 0.026094096 |
|    clip_fraction        | 0.235       |
|    clip_range           | 0.2         |
|    entropy_loss         | -15.7       |
|    explained_variance   | 0.937       |
|    learning_rate        | 0.0003      |
|    loss                 | 2.58        |
|    n_updates            | 2160        |
|    policy_gradient_loss | -0.0126     |
|    std                  | 0.9         |
|    value_loss           | 6.12        |
-----------------------------------------
-----------------------------------------
| rollout/                |             |
|    ep_len_mean          | 8.93e+03    |
|    ep_rew_mean          | -723        |
| time/                   |             |
|    fps                  | 381         |
|    iterations           | 218         |
|    time_elapsed         | 1171        |
|    total_timesteps      | 446464      |
| train/                  |             |
|    approx_kl            | 0.019445319 |
|    clip_fraction        | 0.249       |
|    clip_range           | 0.2         |
|    entropy_loss         | -15.7       |
|    explained_variance   | 0.964       |
|    learning_rate        | 0.0003      |
|    loss                 | 1.13        |
|    n_updates            | 2170        |
|    policy_gradient_loss | -0.0144     |
|    std                  | 0.898       |
|    value_loss           | 4.63        |
-----------------------------------------
----------------------------------------
| rollout/                |            |
|    ep_len_mean          | 8.93e+03   |
|    ep_rew_mean          | -723       |
| time/                   |            |
|    fps                  | 381        |
|    iterations           | 219        |
|    time_elapsed         | 1176       |
|    total_timesteps      | 448512     |
| train/                  |            |
|    approx_kl            | 0.01950698 |
|    clip_fraction        | 0.181      |
|    clip_range           | 0.2        |
|    entropy_loss         | -15.7      |
|    explained_variance   | 0.717      |
|    learning_rate        | 0.0003     |
|    loss                 | 5.97       |
|    n_updates            | 2180       |
|    policy_gradient_loss | -0.00982   |
|    std                  | 0.897      |
|    value_loss           | 54.2       |
----------------------------------------
----------------------------------------
| rollout/                |            |
|    ep_len_mean          | 8.93e+03   |
|    ep_rew_mean          | -723       |
| time/                   |            |
|    fps                  | 381        |
|    iterations           | 220        |
|    time_elapsed         | 1181       |
|    total_timesteps      | 450560     |
| train/                  |            |
|    approx_kl            | 0.02415596 |
|    clip_fraction        | 0.224      |
|    clip_range           | 0.2        |
|    entropy_loss         | -15.7      |
|    explained_variance   | 0.848      |
|    learning_rate        | 0.0003     |
|    loss                 | 2.73       |
|    n_updates            | 2190       |
|    policy_gradient_loss | -0.0114    |
|    std                  | 0.895      |
|    value_loss           | 14.6       |
----------------------------------------
----------------------------------------
| rollout/                |            |
|    ep_len_mean          | 8.93e+03   |
|    ep_rew_mean          | -723       |
| time/                   |            |
|    fps                  | 381        |
|    iterations           | 221        |
|    time_elapsed         | 1187       |
|    total_timesteps      | 452608     |
| train/                  |            |
|    approx_kl            | 0.02585425 |
|    clip_fraction        | 0.311      |
|    clip_range           | 0.2        |
|    entropy_loss         | -15.6      |
|    explained_variance   | 0.95       |
|    learning_rate        | 0.0003     |
|    loss                 | 1.9        |
|    n_updates            | 2200       |
|    policy_gradient_loss | -0.00983   |
|    std                  | 0.891      |
|    value_loss           | 5.42       |
----------------------------------------
-----------------------------------------
| rollout/                |             |
|    ep_len_mean          | 8.93e+03    |
|    ep_rew_mean          | -723        |
| time/                   |             |
|    fps                  | 381         |
|    iterations           | 222         |
|    time_elapsed         | 1192        |
|    total_timesteps      | 454656      |
| train/                  |             |
|    approx_kl            | 0.025314543 |
|    clip_fraction        | 0.264       |
|    clip_range           | 0.2         |
|    entropy_loss         | -15.6       |
|    explained_variance   | 0.975       |
|    learning_rate        | 0.0003      |
|    loss                 | 1.8         |
|    n_updates            | 2210        |
|    policy_gradient_loss | -0.0129     |
|    std                  | 0.889       |
|    value_loss           | 4.54        |
-----------------------------------------
-----------------------------------------
| rollout/                |             |
|    ep_len_mean          | 8.93e+03    |
|    ep_rew_mean          | -723        |
| time/                   |             |
|    fps                  | 381         |
|    iterations           | 223         |
|    time_elapsed         | 1197        |
|    total_timesteps      | 456704      |
| train/                  |             |
|    approx_kl            | 0.020187745 |
|    clip_fraction        | 0.224       |
|    clip_range           | 0.2         |
|    entropy_loss         | -15.6       |
|    explained_variance   | 0.975       |
|    learning_rate        | 0.0003      |
|    loss                 | 1.71        |
|    n_updates            | 2220        |
|    policy_gradient_loss | -0.0134     |
|    std                  | 0.889       |
|    value_loss           | 6.65        |
-----------------------------------------
-----------------------------------------
| rollout/                |             |
|    ep_len_mean          | 8.93e+03    |
|    ep_rew_mean          | -723        |
| time/                   |             |
|    fps                  | 381         |
|    iterations           | 224         |
|    time_elapsed         | 1202        |
|    total_timesteps      | 458752      |
| train/                  |             |
|    approx_kl            | 0.017423268 |
|    clip_fraction        | 0.219       |
|    clip_range           | 0.2         |
|    entropy_loss         | -15.6       |
|    explained_variance   | 0.677       |
|    learning_rate        | 0.0003      |
|    loss                 | 28.7        |
|    n_updates            | 2230        |
|    policy_gradient_loss | -0.00638    |
|    std                  | 0.888       |
|    value_loss           | 57          |
-----------------------------------------
-----------------------------------------
| rollout/                |             |
|    ep_len_mean          | 8.93e+03    |
|    ep_rew_mean          | -723        |
| time/                   |             |
|    fps                  | 381         |
|    iterations           | 225         |
|    time_elapsed         | 1208        |
|    total_timesteps      | 460800      |
| train/                  |             |
|    approx_kl            | 0.024878357 |
|    clip_fraction        | 0.299       |
|    clip_range           | 0.2         |
|    entropy_loss         | -15.5       |
|    explained_variance   | 0.965       |
|    learning_rate        | 0.0003      |
|    loss                 | 1.54        |
|    n_updates            | 2240        |
|    policy_gradient_loss | -0.0132     |
|    std                  | 0.886       |
|    value_loss           | 3.74        |
-----------------------------------------
-----------------------------------------
| rollout/                |             |
|    ep_len_mean          | 8.93e+03    |
|    ep_rew_mean          | -723        |
| time/                   |             |
|    fps                  | 381         |
|    iterations           | 226         |
|    time_elapsed         | 1214        |
|    total_timesteps      | 462848      |
| train/                  |             |
|    approx_kl            | 0.021804996 |
|    clip_fraction        | 0.236       |
|    clip_range           | 0.2         |
|    entropy_loss         | -15.5       |
|    explained_variance   | 0.97        |
|    learning_rate        | 0.0003      |
|    loss                 | 1.61        |
|    n_updates            | 2250        |
|    policy_gradient_loss | -0.0146     |
|    std                  | 0.884       |
|    value_loss           | 5.34        |
-----------------------------------------
-----------------------------------------
| rollout/                |             |
|    ep_len_mean          | 8.93e+03    |
|    ep_rew_mean          | -723        |
| time/                   |             |
|    fps                  | 381         |
|    iterations           | 227         |
|    time_elapsed         | 1219        |
|    total_timesteps      | 464896      |
| train/                  |             |
|    approx_kl            | 0.018668246 |
|    clip_fraction        | 0.217       |
|    clip_range           | 0.2         |
|    entropy_loss         | -15.5       |
|    explained_variance   | 0.973       |
|    learning_rate        | 0.0003      |
|    loss                 | 2.49        |
|    n_updates            | 2260        |
|    policy_gradient_loss | -0.0118     |
|    std                  | 0.88        |
|    value_loss           | 5.61        |
-----------------------------------------
----------------------------------------
| rollout/                |            |
|    ep_len_mean          | 8.93e+03   |
|    ep_rew_mean          | -723       |
| time/                   |            |
|    fps                  | 381        |
|    iterations           | 228        |
|    time_elapsed         | 1225       |
|    total_timesteps      | 466944     |
| train/                  |            |
|    approx_kl            | 0.01720837 |
|    clip_fraction        | 0.189      |
|    clip_range           | 0.2        |
|    entropy_loss         | -15.4      |
|    explained_variance   | 0.674      |
|    learning_rate        | 0.0003     |
|    loss                 | 2.53       |
|    n_updates            | 2270       |
|    policy_gradient_loss | -0.00853   |
|    std                  | 0.878      |
|    value_loss           | 53.7       |
----------------------------------------
-----------------------------------------
| rollout/                |             |
|    ep_len_mean          | 8.93e+03    |
|    ep_rew_mean          | -723        |
| time/                   |             |
|    fps                  | 381         |
|    iterations           | 229         |
|    time_elapsed         | 1230        |
|    total_timesteps      | 468992      |
| train/                  |             |
|    approx_kl            | 0.029811576 |
|    clip_fraction        | 0.32        |
|    clip_range           | 0.2         |
|    entropy_loss         | -15.4       |
|    explained_variance   | 0.971       |
|    learning_rate        | 0.0003      |
|    loss                 | 1.43        |
|    n_updates            | 2280        |
|    policy_gradient_loss | -0.00867    |
|    std                  | 0.876       |
|    value_loss           | 5.33        |
-----------------------------------------
-----------------------------------------
| rollout/                |             |
|    ep_len_mean          | 8.93e+03    |
|    ep_rew_mean          | -723        |
| time/                   |             |
|    fps                  | 381         |
|    iterations           | 230         |
|    time_elapsed         | 1235        |
|    total_timesteps      | 471040      |
| train/                  |             |
|    approx_kl            | 0.019204063 |
|    clip_fraction        | 0.242       |
|    clip_range           | 0.2         |
|    entropy_loss         | -15.4       |
|    explained_variance   | 0.928       |
|    learning_rate        | 0.0003      |
|    loss                 | 2.08        |
|    n_updates            | 2290        |
|    policy_gradient_loss | -0.0156     |
|    std                  | 0.876       |
|    value_loss           | 7.12        |
-----------------------------------------
-----------------------------------------
| rollout/                |             |
|    ep_len_mean          | 8.93e+03    |
|    ep_rew_mean          | -723        |
| time/                   |             |
|    fps                  | 381         |
|    iterations           | 231         |
|    time_elapsed         | 1240        |
|    total_timesteps      | 473088      |
| train/                  |             |
|    approx_kl            | 0.018827103 |
|    clip_fraction        | 0.262       |
|    clip_range           | 0.2         |
|    entropy_loss         | -15.4       |
|    explained_variance   | 0.975       |
|    learning_rate        | 0.0003      |
|    loss                 | 1.5         |
|    n_updates            | 2300        |
|    policy_gradient_loss | -0.0111     |
|    std                  | 0.876       |
|    value_loss           | 4.78        |
-----------------------------------------
-----------------------------------------
| rollout/                |             |
|    ep_len_mean          | 8.93e+03    |
|    ep_rew_mean          | -722        |
| time/                   |             |
|    fps                  | 381         |
|    iterations           | 232         |
|    time_elapsed         | 1245        |
|    total_timesteps      | 475136      |
| train/                  |             |
|    approx_kl            | 0.020952739 |
|    clip_fraction        | 0.252       |
|    clip_range           | 0.2         |
|    entropy_loss         | -15.4       |
|    explained_variance   | 0.98        |
|    learning_rate        | 0.0003      |
|    loss                 | 1.76        |
|    n_updates            | 2310        |
|    policy_gradient_loss | -0.014      |
|    std                  | 0.877       |
|    value_loss           | 5.76        |
-----------------------------------------
-----------------------------------------
| rollout/                |             |
|    ep_len_mean          | 8.93e+03    |
|    ep_rew_mean          | -722        |
| time/                   |             |
|    fps                  | 381         |
|    iterations           | 233         |
|    time_elapsed         | 1249        |
|    total_timesteps      | 477184      |
| train/                  |             |
|    approx_kl            | 0.020915294 |
|    clip_fraction        | 0.189       |
|    clip_range           | 0.2         |
|    entropy_loss         | -15.4       |
|    explained_variance   | 0.57        |
|    learning_rate        | 0.0003      |
|    loss                 | 34.8        |
|    n_updates            | 2320        |
|    policy_gradient_loss | -0.00655    |
|    std                  | 0.875       |
|    value_loss           | 49.2        |
-----------------------------------------
-----------------------------------------
| rollout/                |             |
|    ep_len_mean          | 8.93e+03    |
|    ep_rew_mean          | -722        |
| time/                   |             |
|    fps                  | 381         |
|    iterations           | 234         |
|    time_elapsed         | 1255        |
|    total_timesteps      | 479232      |
| train/                  |             |
|    approx_kl            | 0.023604313 |
|    clip_fraction        | 0.293       |
|    clip_range           | 0.2         |
|    entropy_loss         | -15.4       |
|    explained_variance   | 0.971       |
|    learning_rate        | 0.0003      |
|    loss                 | 1.9         |
|    n_updates            | 2330        |
|    policy_gradient_loss | -0.0151     |
|    std                  | 0.875       |
|    value_loss           | 5.75        |
-----------------------------------------
-----------------------------------------
| rollout/                |             |
|    ep_len_mean          | 8.93e+03    |
|    ep_rew_mean          | -722        |
| time/                   |             |
|    fps                  | 381         |
|    iterations           | 235         |
|    time_elapsed         | 1261        |
|    total_timesteps      | 481280      |
| train/                  |             |
|    approx_kl            | 0.022832207 |
|    clip_fraction        | 0.291       |
|    clip_range           | 0.2         |
|    entropy_loss         | -15.4       |
|    explained_variance   | 0.98        |
|    learning_rate        | 0.0003      |
|    loss                 | 1.38        |
|    n_updates            | 2340        |
|    policy_gradient_loss | -0.0162     |
|    std                  | 0.875       |
|    value_loss           | 4.18        |
-----------------------------------------
-----------------------------------------
| rollout/                |             |
|    ep_len_mean          | 8.93e+03    |
|    ep_rew_mean          | -722        |
| time/                   |             |
|    fps                  | 381         |
|    iterations           | 236         |
|    time_elapsed         | 1268        |
|    total_timesteps      | 483328      |
| train/                  |             |
|    approx_kl            | 0.020469323 |
|    clip_fraction        | 0.235       |
|    clip_range           | 0.2         |
|    entropy_loss         | -15.4       |
|    explained_variance   | 0.973       |
|    learning_rate        | 0.0003      |
|    loss                 | 3.23        |
|    n_updates            | 2350        |
|    policy_gradient_loss | -0.0116     |
|    std                  | 0.874       |
|    value_loss           | 6.8         |
-----------------------------------------
-----------------------------------------
| rollout/                |             |
|    ep_len_mean          | 8.93e+03    |
|    ep_rew_mean          | -722        |
| time/                   |             |
|    fps                  | 380         |
|    iterations           | 237         |
|    time_elapsed         | 1274        |
|    total_timesteps      | 485376      |
| train/                  |             |
|    approx_kl            | 0.013031217 |
|    clip_fraction        | 0.135       |
|    clip_range           | 0.2         |
|    entropy_loss         | -15.4       |
|    explained_variance   | 0.737       |
|    learning_rate        | 0.0003      |
|    loss                 | 1.62        |
|    n_updates            | 2360        |
|    policy_gradient_loss | -0.00625    |
|    std                  | 0.873       |
|    value_loss           | 64.3        |
-----------------------------------------
----------------------------------------
| rollout/                |            |
|    ep_len_mean          | 8.93e+03   |
|    ep_rew_mean          | -722       |
| time/                   |            |
|    fps                  | 380        |
|    iterations           | 238        |
|    time_elapsed         | 1280       |
|    total_timesteps      | 487424     |
| train/                  |            |
|    approx_kl            | 0.02493972 |
|    clip_fraction        | 0.267      |
|    clip_range           | 0.2        |
|    entropy_loss         | -15.4      |
|    explained_variance   | 0.952      |
|    learning_rate        | 0.0003     |
|    loss                 | 1.49       |
|    n_updates            | 2370       |
|    policy_gradient_loss | -0.0125    |
|    std                  | 0.875      |
|    value_loss           | 6.09       |
----------------------------------------
-----------------------------------------
| rollout/                |             |
|    ep_len_mean          | 8.93e+03    |
|    ep_rew_mean          | -722        |
| time/                   |             |
|    fps                  | 380         |
|    iterations           | 239         |
|    time_elapsed         | 1287        |
|    total_timesteps      | 489472      |
| train/                  |             |
|    approx_kl            | 0.025982114 |
|    clip_fraction        | 0.266       |
|    clip_range           | 0.2         |
|    entropy_loss         | -15.4       |
|    explained_variance   | 0.959       |
|    learning_rate        | 0.0003      |
|    loss                 | 1.76        |
|    n_updates            | 2380        |
|    policy_gradient_loss | -0.0157     |
|    std                  | 0.875       |
|    value_loss           | 5.48        |
-----------------------------------------
-----------------------------------------
| rollout/                |             |
|    ep_len_mean          | 8.93e+03    |
|    ep_rew_mean          | -723        |
| time/                   |             |
|    fps                  | 380         |
|    iterations           | 240         |
|    time_elapsed         | 1293        |
|    total_timesteps      | 491520      |
| train/                  |             |
|    approx_kl            | 0.022329336 |
|    clip_fraction        | 0.256       |
|    clip_range           | 0.2         |
|    entropy_loss         | -15.4       |
|    explained_variance   | 0.972       |
|    learning_rate        | 0.0003      |
|    loss                 | 1.74        |
|    n_updates            | 2390        |
|    policy_gradient_loss | -0.0111     |
|    std                  | 0.875       |
|    value_loss           | 5.19        |
-----------------------------------------
-----------------------------------------
| rollout/                |             |
|    ep_len_mean          | 8.93e+03    |
|    ep_rew_mean          | -723        |
| time/                   |             |
|    fps                  | 379         |
|    iterations           | 241         |
|    time_elapsed         | 1298        |
|    total_timesteps      | 493568      |
| train/                  |             |
|    approx_kl            | 0.016899131 |
|    clip_fraction        | 0.177       |
|    clip_range           | 0.2         |
|    entropy_loss         | -15.4       |
|    explained_variance   | 0.611       |
|    learning_rate        | 0.0003      |
|    loss                 | 3.34        |
|    n_updates            | 2400        |
|    policy_gradient_loss | -0.00909    |
|    std                  | 0.874       |
|    value_loss           | 57          |
-----------------------------------------
----------------------------------------
| rollout/                |            |
|    ep_len_mean          | 8.93e+03   |
|    ep_rew_mean          | -723       |
| time/                   |            |
|    fps                  | 379        |
|    iterations           | 242        |
|    time_elapsed         | 1304       |
|    total_timesteps      | 495616     |
| train/                  |            |
|    approx_kl            | 0.03039916 |
|    clip_fraction        | 0.284      |
|    clip_range           | 0.2        |
|    entropy_loss         | -15.4      |
|    explained_variance   | 0.944      |
|    learning_rate        | 0.0003     |
|    loss                 | 1          |
|    n_updates            | 2410       |
|    policy_gradient_loss | -0.0103    |
|    std                  | 0.874      |
|    value_loss           | 7.38       |
----------------------------------------
-----------------------------------------
| rollout/                |             |
|    ep_len_mean          | 8.93e+03    |
|    ep_rew_mean          | -723        |
| time/                   |             |
|    fps                  | 379         |
|    iterations           | 243         |
|    time_elapsed         | 1311        |
|    total_timesteps      | 497664      |
| train/                  |             |
|    approx_kl            | 0.022473108 |
|    clip_fraction        | 0.223       |
|    clip_range           | 0.2         |
|    entropy_loss         | -15.4       |
|    explained_variance   | 0.926       |
|    learning_rate        | 0.0003      |
|    loss                 | 2.52        |
|    n_updates            | 2420        |
|    policy_gradient_loss | -0.0157     |
|    std                  | 0.875       |
|    value_loss           | 8.23        |
-----------------------------------------
-----------------------------------------
| rollout/                |             |
|    ep_len_mean          | 8.93e+03    |
|    ep_rew_mean          | -723        |
| time/                   |             |
|    fps                  | 379         |
|    iterations           | 244         |
|    time_elapsed         | 1316        |
|    total_timesteps      | 499712      |
| train/                  |             |
|    approx_kl            | 0.021709751 |
|    clip_fraction        | 0.223       |
|    clip_range           | 0.2         |
|    entropy_loss         | -15.3       |
|    explained_variance   | 0.974       |
|    learning_rate        | 0.0003      |
|    loss                 | 2.09        |
|    n_updates            | 2430        |
|    policy_gradient_loss | -0.013      |
|    std                  | 0.87        |
|    value_loss           | 6.45        |
-----------------------------------------
-----------------------------------------
| rollout/                |             |
|    ep_len_mean          | 8.93e+03    |
|    ep_rew_mean          | -722        |
| time/                   |             |
|    fps                  | 379         |
|    iterations           | 245         |
|    time_elapsed         | 1321        |
|    total_timesteps      | 501760      |
| train/                  |             |
|    approx_kl            | 0.027838307 |
|    clip_fraction        | 0.312       |
|    clip_range           | 0.2         |
|    entropy_loss         | -15.3       |
|    explained_variance   | 0.984       |
|    learning_rate        | 0.0003      |
|    loss                 | 2.28        |
|    n_updates            | 2440        |
|    policy_gradient_loss | -0.0172     |
|    std                  | 0.869       |
|    value_loss           | 4.87        |
-----------------------------------------

Model saved to C:\Users\jagal\copilot-worktrees\dc-energy-joint-optimization\jagal-microsoft-literate-umbrella\models\oof_v2_2025\_tmp\ad_to_eh_global_batch_s109_1ccd680feb3a4b5b81f350b304819454\ppo_global_model_v2_2025_batch_completion_guard
