# ad_to_eh:global_batch:s105
# job: {"alpha": 0.015, "baseline_scope": {"batch_no_deferral_ablation": "Drain Immediately", "excluded_from_headline": "DQN/CFWS and algorithm-superiority tests", "headroom_only": "clairvoyant fluid QP lower bound", "primary": "Status Quo (local, no deferral)", "routing_sanity": "Round Robin"}, "batch": true, "completion_penalty": 1000.0, "config": "global_batch", "domain_randomization": true, "enforce_batch_completion": true, "fold": "ad_to_eh", "gamma": 1.0, "job_fingerprint": "c2be86d23d1844dcab762b75ef610e59401b4ba5c42adb0904361f07d1298cdc", "protocol_sha256": "db21076d691ed2d29ceeac798ebc075fb6b60ff4851959d58d8a5a70deaf3317", "region": "global", "seed": 105, "test_scenario": "env/scenarios/global_model_eh_v2_2025.yaml", "timesteps": 501760, "train_scenario": "env/scenarios/global_model_v2_2025.yaml"}
# command: C:\Python314\python.exe train.py --scenario C:\Users\jagal\copilot-worktrees\dc-energy-joint-optimization\jagal-microsoft-literate-umbrella\env\scenarios\global_model_v2_2025.yaml --timesteps 501760 --lr 0.0003 --n-steps 2048 --batch-size 64 --net-arch 128 128 --peak-penalty-weight 0.015 --seed 105 --output-dir C:\Users\jagal\copilot-worktrees\dc-energy-joint-optimization\jagal-microsoft-literate-umbrella\models\oof_v2_2025\_tmp\ad_to_eh_global_batch_s105_12f3ce3354b84a58914155353f64a96b --domain-rand --batch-mode --enforce-batch-completion --completion-penalty 1000.0 --gamma 1.0
# started: 2026-08-06T04:16:46.380169+00:00

=== Training PPO on scenario: global_model_v2_2025_batch_completion_guard ===
Observation space: Box(-inf, inf, (55,), float32)
Action space: Box(-3.0, 3.0, (12,), float32)
Number of DCs: 4
Max steps per episode: 8928
Gamma: 1.0
Economic safety: backlog=$1,000.00/unit-step, expiry=$1,000.00/unit, reward_scale=0.0001, dense_completion=True
  Global-Pacific: batch_fraction=0.166, mean_dur=2552s
  Global-Central: batch_fraction=0.157, mean_dur=1155s
  Global-Amsterdam: batch_fraction=0.223, mean_dur=2082s
  Global-Singapore: batch_fraction=0.264, mean_dur=3865s
Using cpu device
Wrapping the env with a `Monitor` wrapper
Wrapping the env in a DummyVecEnv.

Training for 501760 timesteps...
-----------------------------
| time/              |      |
|    fps             | 738  |
|    iterations      | 1    |
|    time_elapsed    | 2    |
|    total_timesteps | 2048 |
-----------------------------
-----------------------------------------
| time/                   |             |
|    fps                  | 498         |
|    iterations           | 2           |
|    time_elapsed         | 8           |
|    total_timesteps      | 4096        |
| train/                  |             |
|    approx_kl            | 0.012196803 |
|    clip_fraction        | 0.12        |
|    clip_range           | 0.2         |
|    entropy_loss         | -17         |
|    explained_variance   | 0.0922      |
|    learning_rate        | 0.0003      |
|    loss                 | -0.0239     |
|    n_updates            | 10          |
|    policy_gradient_loss | -0.0142     |
|    std                  | 1           |
|    value_loss           | 0.0739      |
-----------------------------------------
-----------------------------------------
| time/                   |             |
|    fps                  | 456         |
|    iterations           | 3           |
|    time_elapsed         | 13          |
|    total_timesteps      | 6144        |
| train/                  |             |
|    approx_kl            | 0.012167584 |
|    clip_fraction        | 0.126       |
|    clip_range           | 0.2         |
|    entropy_loss         | -17         |
|    explained_variance   | 0.568       |
|    learning_rate        | 0.0003      |
|    loss                 | 0.0193      |
|    n_updates            | 20          |
|    policy_gradient_loss | -0.0158     |
|    std                  | 1           |
|    value_loss           | 0.143       |
-----------------------------------------
-----------------------------------------
| time/                   |             |
|    fps                  | 421         |
|    iterations           | 4           |
|    time_elapsed         | 19          |
|    total_timesteps      | 8192        |
| train/                  |             |
|    approx_kl            | 0.013998894 |
|    clip_fraction        | 0.148       |
|    clip_range           | 0.2         |
|    entropy_loss         | -17         |
|    explained_variance   | 0.778       |
|    learning_rate        | 0.0003      |
|    loss                 | 0.0419      |
|    n_updates            | 30          |
|    policy_gradient_loss | -0.0156     |
|    std                  | 0.996       |
|    value_loss           | 0.112       |
-----------------------------------------
-----------------------------------------
| rollout/                |             |
|    ep_len_mean          | 8.93e+03    |
|    ep_rew_mean          | -725        |
| time/                   |             |
|    fps                  | 415         |
|    iterations           | 5           |
|    time_elapsed         | 24          |
|    total_timesteps      | 10240       |
| train/                  |             |
|    approx_kl            | 0.015742654 |
|    clip_fraction        | 0.162       |
|    clip_range           | 0.2         |
|    entropy_loss         | -17         |
|    explained_variance   | 0.895       |
|    learning_rate        | 0.0003      |
|    loss                 | 0.00121     |
|    n_updates            | 40          |
|    policy_gradient_loss | -0.0197     |
|    std                  | 0.994       |
|    value_loss           | 0.12        |
-----------------------------------------
-----------------------------------------
| rollout/                |             |
|    ep_len_mean          | 8.93e+03    |
|    ep_rew_mean          | -725        |
| time/                   |             |
|    fps                  | 411         |
|    iterations           | 6           |
|    time_elapsed         | 29          |
|    total_timesteps      | 12288       |
| train/                  |             |
|    approx_kl            | 0.011423817 |
|    clip_fraction        | 0.129       |
|    clip_range           | 0.2         |
|    entropy_loss         | -16.9       |
|    explained_variance   | 0.868       |
|    learning_rate        | 0.0003      |
|    loss                 | 0.0398      |
|    n_updates            | 50          |
|    policy_gradient_loss | -0.015      |
|    std                  | 0.992       |
|    value_loss           | 0.439       |
-----------------------------------------
------------------------------------------
| rollout/                |              |
|    ep_len_mean          | 8.93e+03     |
|    ep_rew_mean          | -725         |
| time/                   |              |
|    fps                  | 411          |
|    iterations           | 7            |
|    time_elapsed         | 34           |
|    total_timesteps      | 14336        |
| train/                  |              |
|    approx_kl            | 0.0138013605 |
|    clip_fraction        | 0.154        |
|    clip_range           | 0.2          |
|    entropy_loss         | -16.9        |
|    explained_variance   | 0.907        |
|    learning_rate        | 0.0003       |
|    loss                 | 0.0287       |
|    n_updates            | 60           |
|    policy_gradient_loss | -0.0208      |
|    std                  | 0.99         |
|    value_loss           | 0.226        |
------------------------------------------
-----------------------------------------
| rollout/                |             |
|    ep_len_mean          | 8.93e+03    |
|    ep_rew_mean          | -725        |
| time/                   |             |
|    fps                  | 408         |
|    iterations           | 8           |
|    time_elapsed         | 40          |
|    total_timesteps      | 16384       |
| train/                  |             |
|    approx_kl            | 0.013932293 |
|    clip_fraction        | 0.147       |
|    clip_range           | 0.2         |
|    entropy_loss         | -16.9       |
|    explained_variance   | 0.938       |
|    learning_rate        | 0.0003      |
|    loss                 | 0.0363      |
|    n_updates            | 70          |
|    policy_gradient_loss | -0.0168     |
|    std                  | 0.987       |
|    value_loss           | 0.157       |
-----------------------------------------
-----------------------------------------
| rollout/                |             |
|    ep_len_mean          | 8.93e+03    |
|    ep_rew_mean          | -727        |
| time/                   |             |
|    fps                  | 408         |
|    iterations           | 9           |
|    time_elapsed         | 45          |
|    total_timesteps      | 18432       |
| train/                  |             |
|    approx_kl            | 0.015066074 |
|    clip_fraction        | 0.172       |
|    clip_range           | 0.2         |
|    entropy_loss         | -16.8       |
|    explained_variance   | 0.965       |
|    learning_rate        | 0.0003      |
|    loss                 | 0.0377      |
|    n_updates            | 80          |
|    policy_gradient_loss | -0.0175     |
|    std                  | 0.982       |
|    value_loss           | 0.15        |
-----------------------------------------
----------------------------------------
| rollout/                |            |
|    ep_len_mean          | 8.93e+03   |
|    ep_rew_mean          | -727       |
| time/                   |            |
|    fps                  | 409        |
|    iterations           | 10         |
|    time_elapsed         | 50         |
|    total_timesteps      | 20480      |
| train/                  |            |
|    approx_kl            | 0.01692241 |
|    clip_fraction        | 0.155      |
|    clip_range           | 0.2        |
|    entropy_loss         | -16.8      |
|    explained_variance   | 0.733      |
|    learning_rate        | 0.0003     |
|    loss                 | 1.94       |
|    n_updates            | 90         |
|    policy_gradient_loss | -0.0164    |
|    std                  | 0.979      |
|    value_loss           | 1.04       |
----------------------------------------
-----------------------------------------
| rollout/                |             |
|    ep_len_mean          | 8.93e+03    |
|    ep_rew_mean          | -727        |
| time/                   |             |
|    fps                  | 410         |
|    iterations           | 11          |
|    time_elapsed         | 54          |
|    total_timesteps      | 22528       |
| train/                  |             |
|    approx_kl            | 0.017302236 |
|    clip_fraction        | 0.187       |
|    clip_range           | 0.2         |
|    entropy_loss         | -16.8       |
|    explained_variance   | 0.968       |
|    learning_rate        | 0.0003      |
|    loss                 | 0.0458      |
|    n_updates            | 100         |
|    policy_gradient_loss | -0.0136     |
|    std                  | 0.981       |
|    value_loss           | 0.243       |
-----------------------------------------
-----------------------------------------
| rollout/                |             |
|    ep_len_mean          | 8.93e+03    |
|    ep_rew_mean          | -727        |
| time/                   |             |
|    fps                  | 409         |
|    iterations           | 12          |
|    time_elapsed         | 60          |
|    total_timesteps      | 24576       |
| train/                  |             |
|    approx_kl            | 0.014972229 |
|    clip_fraction        | 0.171       |
|    clip_range           | 0.2         |
|    entropy_loss         | -16.8       |
|    explained_variance   | 0.943       |
|    learning_rate        | 0.0003      |
|    loss                 | 0.0655      |
|    n_updates            | 110         |
|    policy_gradient_loss | -0.0132     |
|    std                  | 0.981       |
|    value_loss           | 0.221       |
-----------------------------------------
-----------------------------------------
| rollout/                |             |
|    ep_len_mean          | 8.93e+03    |
|    ep_rew_mean          | -727        |
| time/                   |             |
|    fps                  | 404         |
|    iterations           | 13          |
|    time_elapsed         | 65          |
|    total_timesteps      | 26624       |
| train/                  |             |
|    approx_kl            | 0.016278245 |
|    clip_fraction        | 0.187       |
|    clip_range           | 0.2         |
|    entropy_loss         | -16.8       |
|    explained_variance   | 0.974       |
|    learning_rate        | 0.0003      |
|    loss                 | 0.0423      |
|    n_updates            | 120         |
|    policy_gradient_loss | -0.0151     |
|    std                  | 0.98        |
|    value_loss           | 0.239       |
-----------------------------------------
------------------------------------------
| rollout/                |              |
|    ep_len_mean          | 8.93e+03     |
|    ep_rew_mean          | -730         |
| time/                   |              |
|    fps                  | 395          |
|    iterations           | 14           |
|    time_elapsed         | 72           |
|    total_timesteps      | 28672        |
| train/                  |              |
|    approx_kl            | 0.0146768335 |
|    clip_fraction        | 0.195        |
|    clip_range           | 0.2          |
|    entropy_loss         | -16.8        |
|    explained_variance   | 0.978        |
|    learning_rate        | 0.0003       |
|    loss                 | 0.0488       |
|    n_updates            | 130          |
|    policy_gradient_loss | -0.0188      |
|    std                  | 0.978        |
|    value_loss           | 0.306        |
------------------------------------------
------------------------------------------
| rollout/                |              |
|    ep_len_mean          | 8.93e+03     |
|    ep_rew_mean          | -730         |
| time/                   |              |
|    fps                  | 389          |
|    iterations           | 15           |
|    time_elapsed         | 78           |
|    total_timesteps      | 30720        |
| train/                  |              |
|    approx_kl            | 0.0111300945 |
|    clip_fraction        | 0.132        |
|    clip_range           | 0.2          |
|    entropy_loss         | -16.8        |
|    explained_variance   | 0.754        |
|    learning_rate        | 0.0003       |
|    loss                 | 0.45         |
|    n_updates            | 140          |
|    policy_gradient_loss | -0.0129      |
|    std                  | 0.978        |
|    value_loss           | 2.22         |
------------------------------------------
-----------------------------------------
| rollout/                |             |
|    ep_len_mean          | 8.93e+03    |
|    ep_rew_mean          | -730        |
| time/                   |             |
|    fps                  | 383         |
|    iterations           | 16          |
|    time_elapsed         | 85          |
|    total_timesteps      | 32768       |
| train/                  |             |
|    approx_kl            | 0.017087005 |
|    clip_fraction        | 0.184       |
|    clip_range           | 0.2         |
|    entropy_loss         | -16.8       |
|    explained_variance   | 0.956       |
|    learning_rate        | 0.0003      |
|    loss                 | 0.182       |
|    n_updates            | 150         |
|    policy_gradient_loss | -0.0193     |
|    std                  | 0.978       |
|    value_loss           | 0.509       |
-----------------------------------------
-----------------------------------------
| rollout/                |             |
|    ep_len_mean          | 8.93e+03    |
|    ep_rew_mean          | -730        |
| time/                   |             |
|    fps                  | 382         |
|    iterations           | 17          |
|    time_elapsed         | 91          |
|    total_timesteps      | 34816       |
| train/                  |             |
|    approx_kl            | 0.015331086 |
|    clip_fraction        | 0.168       |
|    clip_range           | 0.2         |
|    entropy_loss         | -16.7       |
|    explained_variance   | 0.973       |
|    learning_rate        | 0.0003      |
|    loss                 | 0.177       |
|    n_updates            | 160         |
|    policy_gradient_loss | -0.0165     |
|    std                  | 0.975       |
|    value_loss           | 0.493       |
-----------------------------------------
----------------------------------------
| rollout/                |            |
|    ep_len_mean          | 8.93e+03   |
|    ep_rew_mean          | -725       |
| time/                   |            |
|    fps                  | 381        |
|    iterations           | 18         |
|    time_elapsed         | 96         |
|    total_timesteps      | 36864      |
| train/                  |            |
|    approx_kl            | 0.01620542 |
|    clip_fraction        | 0.158      |
|    clip_range           | 0.2        |
|    entropy_loss         | -16.7      |
|    explained_variance   | 0.968      |
|    learning_rate        | 0.0003     |
|    loss                 | 0.145      |
|    n_updates            | 170        |
|    policy_gradient_loss | -0.0146    |
|    std                  | 0.975      |
|    value_loss           | 0.563      |
----------------------------------------
----------------------------------------
| rollout/                |            |
|    ep_len_mean          | 8.93e+03   |
|    ep_rew_mean          | -725       |
| time/                   |            |
|    fps                  | 382        |
|    iterations           | 19         |
|    time_elapsed         | 101        |
|    total_timesteps      | 38912      |
| train/                  |            |
|    approx_kl            | 0.01280237 |
|    clip_fraction        | 0.134      |
|    clip_range           | 0.2        |
|    entropy_loss         | -16.7      |
|    explained_variance   | 0.898      |
|    learning_rate        | 0.0003     |
|    loss                 | 0.315      |
|    n_updates            | 180        |
|    policy_gradient_loss | -0.0136    |
|    std                  | 0.972      |
|    value_loss           | 4.3        |
----------------------------------------
----------------------------------------
| rollout/                |            |
|    ep_len_mean          | 8.93e+03   |
|    ep_rew_mean          | -725       |
| time/                   |            |
|    fps                  | 382        |
|    iterations           | 20         |
|    time_elapsed         | 107        |
|    total_timesteps      | 40960      |
| train/                  |            |
|    approx_kl            | 0.01996538 |
|    clip_fraction        | 0.197      |
|    clip_range           | 0.2        |
|    entropy_loss         | -16.7      |
|    explained_variance   | 0.94       |
|    learning_rate        | 0.0003     |
|    loss                 | 0.177      |
|    n_updates            | 190        |
|    policy_gradient_loss | -0.0142    |
|    std                  | 0.973      |
|    value_loss           | 0.576      |
----------------------------------------
-----------------------------------------
| rollout/                |             |
|    ep_len_mean          | 8.93e+03    |
|    ep_rew_mean          | -725        |
| time/                   |             |
|    fps                  | 384         |
|    iterations           | 21          |
|    time_elapsed         | 111         |
|    total_timesteps      | 43008       |
| train/                  |             |
|    approx_kl            | 0.013590319 |
|    clip_fraction        | 0.161       |
|    clip_range           | 0.2         |
|    entropy_loss         | -16.7       |
|    explained_variance   | 0.961       |
|    learning_rate        | 0.0003      |
|    loss                 | 0.225       |
|    n_updates            | 200         |
|    policy_gradient_loss | -0.0143     |
|    std                  | 0.973       |
|    value_loss           | 0.729       |
-----------------------------------------
-----------------------------------------
| rollout/                |             |
|    ep_len_mean          | 8.93e+03    |
|    ep_rew_mean          | -723        |
| time/                   |             |
|    fps                  | 385         |
|    iterations           | 22          |
|    time_elapsed         | 117         |
|    total_timesteps      | 45056       |
| train/                  |             |
|    approx_kl            | 0.017965216 |
|    clip_fraction        | 0.193       |
|    clip_range           | 0.2         |
|    entropy_loss         | -16.7       |
|    explained_variance   | 0.975       |
|    learning_rate        | 0.0003      |
|    loss                 | 0.265       |
|    n_updates            | 210         |
|    policy_gradient_loss | -0.0168     |
|    std                  | 0.969       |
|    value_loss           | 0.64        |
-----------------------------------------
-----------------------------------------
| rollout/                |             |
|    ep_len_mean          | 8.93e+03    |
|    ep_rew_mean          | -723        |
| time/                   |             |
|    fps                  | 384         |
|    iterations           | 23          |
|    time_elapsed         | 122         |
|    total_timesteps      | 47104       |
| train/                  |             |
|    approx_kl            | 0.014936086 |
|    clip_fraction        | 0.15        |
|    clip_range           | 0.2         |
|    entropy_loss         | -16.6       |
|    explained_variance   | 0.752       |
|    learning_rate        | 0.0003      |
|    loss                 | 0.346       |
|    n_updates            | 220         |
|    policy_gradient_loss | -0.01       |
|    std                  | 0.968       |
|    value_loss           | 5.63        |
-----------------------------------------
-----------------------------------------
| rollout/                |             |
|    ep_len_mean          | 8.93e+03    |
|    ep_rew_mean          | -723        |
| time/                   |             |
|    fps                  | 380         |
|    iterations           | 24          |
|    time_elapsed         | 129         |
|    total_timesteps      | 49152       |
| train/                  |             |
|    approx_kl            | 0.016846534 |
|    clip_fraction        | 0.161       |
|    clip_range           | 0.2         |
|    entropy_loss         | -16.6       |
|    explained_variance   | 0.971       |
|    learning_rate        | 0.0003      |
|    loss                 | 0.305       |
|    n_updates            | 230         |
|    policy_gradient_loss | -0.0141     |
|    std                  | 0.968       |
|    value_loss           | 1.13        |
-----------------------------------------
-----------------------------------------
| rollout/                |             |
|    ep_len_mean          | 8.93e+03    |
|    ep_rew_mean          | -723        |
| time/                   |             |
|    fps                  | 376         |
|    iterations           | 25          |
|    time_elapsed         | 136         |
|    total_timesteps      | 51200       |
| train/                  |             |
|    approx_kl            | 0.015444685 |
|    clip_fraction        | 0.176       |
|    clip_range           | 0.2         |
|    entropy_loss         | -16.6       |
|    explained_variance   | 0.949       |
|    learning_rate        | 0.0003      |
|    loss                 | 0.356       |
|    n_updates            | 240         |
|    policy_gradient_loss | -0.0141     |
|    std                  | 0.968       |
|    value_loss           | 0.792       |
-----------------------------------------
-----------------------------------------
| rollout/                |             |
|    ep_len_mean          | 8.93e+03    |
|    ep_rew_mean          | -723        |
| time/                   |             |
|    fps                  | 377         |
|    iterations           | 26          |
|    time_elapsed         | 140         |
|    total_timesteps      | 53248       |
| train/                  |             |
|    approx_kl            | 0.019142425 |
|    clip_fraction        | 0.196       |
|    clip_range           | 0.2         |
|    entropy_loss         | -16.6       |
|    explained_variance   | 0.971       |
|    learning_rate        | 0.0003      |
|    loss                 | 0.187       |
|    n_updates            | 250         |
|    policy_gradient_loss | -0.0101     |
|    std                  | 0.962       |
|    value_loss           | 0.958       |
-----------------------------------------
-----------------------------------------
| rollout/                |             |
|    ep_len_mean          | 8.93e+03    |
|    ep_rew_mean          | -723        |
| time/                   |             |
|    fps                  | 379         |
|    iterations           | 27          |
|    time_elapsed         | 145         |
|    total_timesteps      | 55296       |
| train/                  |             |
|    approx_kl            | 0.016384255 |
|    clip_fraction        | 0.21        |
|    clip_range           | 0.2         |
|    entropy_loss         | -16.6       |
|    explained_variance   | 0.984       |
|    learning_rate        | 0.0003      |
|    loss                 | 0.271       |
|    n_updates            | 260         |
|    policy_gradient_loss | -0.00745    |
|    std                  | 0.963       |
|    value_loss           | 0.879       |
-----------------------------------------
-----------------------------------------
| rollout/                |             |
|    ep_len_mean          | 8.93e+03    |
|    ep_rew_mean          | -723        |
| time/                   |             |
|    fps                  | 381         |
|    iterations           | 28          |
|    time_elapsed         | 150         |
|    total_timesteps      | 57344       |
| train/                  |             |
|    approx_kl            | 0.010740676 |
|    clip_fraction        | 0.118       |
|    clip_range           | 0.2         |
|    entropy_loss         | -16.6       |
|    explained_variance   | 0.844       |
|    learning_rate        | 0.0003      |
|    loss                 | 2.38        |
|    n_updates            | 270         |
|    policy_gradient_loss | -0.00963    |
|    std                  | 0.964       |
|    value_loss           | 6.21        |
-----------------------------------------
-----------------------------------------
| rollout/                |             |
|    ep_len_mean          | 8.93e+03    |
|    ep_rew_mean          | -723        |
| time/                   |             |
|    fps                  | 382         |
|    iterations           | 29          |
|    time_elapsed         | 155         |
|    total_timesteps      | 59392       |
| train/                  |             |
|    approx_kl            | 0.017992238 |
|    clip_fraction        | 0.208       |
|    clip_range           | 0.2         |
|    entropy_loss         | -16.6       |
|    explained_variance   | 0.961       |
|    learning_rate        | 0.0003      |
|    loss                 | 0.548       |
|    n_updates            | 280         |
|    policy_gradient_loss | -0.0124     |
|    std                  | 0.963       |
|    value_loss           | 1.31        |
-----------------------------------------
-----------------------------------------
| rollout/                |             |
|    ep_len_mean          | 8.93e+03    |
|    ep_rew_mean          | -723        |
| time/                   |             |
|    fps                  | 381         |
|    iterations           | 30          |
|    time_elapsed         | 161         |
|    total_timesteps      | 61440       |
| train/                  |             |
|    approx_kl            | 0.019418173 |
|    clip_fraction        | 0.211       |
|    clip_range           | 0.2         |
|    entropy_loss         | -16.5       |
|    explained_variance   | 0.972       |
|    learning_rate        | 0.0003      |
|    loss                 | 0.524       |
|    n_updates            | 290         |
|    policy_gradient_loss | -0.0196     |
|    std                  | 0.96        |
|    value_loss           | 1.24        |
-----------------------------------------
-----------------------------------------
| rollout/                |             |
|    ep_len_mean          | 8.93e+03    |
|    ep_rew_mean          | -720        |
| time/                   |             |
|    fps                  | 382         |
|    iterations           | 31          |
|    time_elapsed         | 165         |
|    total_timesteps      | 63488       |
| train/                  |             |
|    approx_kl            | 0.019894207 |
|    clip_fraction        | 0.185       |
|    clip_range           | 0.2         |
|    entropy_loss         | -16.5       |
|    explained_variance   | 0.972       |
|    learning_rate        | 0.0003      |
|    loss                 | 0.463       |
|    n_updates            | 300         |
|    policy_gradient_loss | -0.0129     |
|    std                  | 0.959       |
|    value_loss           | 1.32        |
-----------------------------------------
----------------------------------------
| rollout/                |            |
|    ep_len_mean          | 8.93e+03   |
|    ep_rew_mean          | -720       |
| time/                   |            |
|    fps                  | 382        |
|    iterations           | 32         |
|    time_elapsed         | 171        |
|    total_timesteps      | 65536      |
| train/                  |            |
|    approx_kl            | 0.01542577 |
|    clip_fraction        | 0.156      |
|    clip_range           | 0.2        |
|    entropy_loss         | -16.5      |
|    explained_variance   | 0.895      |
|    learning_rate        | 0.0003     |
|    loss                 | 6.31       |
|    n_updates            | 310        |
|    policy_gradient_loss | -0.0108    |
|    std                  | 0.957      |
|    value_loss           | 10.6       |
----------------------------------------
-----------------------------------------
| rollout/                |             |
|    ep_len_mean          | 8.93e+03    |
|    ep_rew_mean          | -720        |
| time/                   |             |
|    fps                  | 379         |
|    iterations           | 33          |
|    time_elapsed         | 177         |
|    total_timesteps      | 67584       |
| train/                  |             |
|    approx_kl            | 0.020844936 |
|    clip_fraction        | 0.258       |
|    clip_range           | 0.2         |
|    entropy_loss         | -16.5       |
|    explained_variance   | 0.934       |
|    learning_rate        | 0.0003      |
|    loss                 | 0.577       |
|    n_updates            | 320         |
|    policy_gradient_loss | -0.0149     |
|    std                  | 0.955       |
|    value_loss           | 1.55        |
-----------------------------------------
-----------------------------------------
| rollout/                |             |
|    ep_len_mean          | 8.93e+03    |
|    ep_rew_mean          | -720        |
| time/                   |             |
|    fps                  | 379         |
|    iterations           | 34          |
|    time_elapsed         | 183         |
|    total_timesteps      | 69632       |
| train/                  |             |
|    approx_kl            | 0.015440866 |
|    clip_fraction        | 0.204       |
|    clip_range           | 0.2         |
|    entropy_loss         | -16.4       |
|    explained_variance   | 0.955       |
|    learning_rate        | 0.0003      |
|    loss                 | 0.605       |
|    n_updates            | 330         |
|    policy_gradient_loss | -0.0127     |
|    std                  | 0.954       |
|    value_loss           | 1.46        |
-----------------------------------------
-----------------------------------------
| rollout/                |             |
|    ep_len_mean          | 8.93e+03    |
|    ep_rew_mean          | -722        |
| time/                   |             |
|    fps                  | 380         |
|    iterations           | 35          |
|    time_elapsed         | 188         |
|    total_timesteps      | 71680       |
| train/                  |             |
|    approx_kl            | 0.025432194 |
|    clip_fraction        | 0.268       |
|    clip_range           | 0.2         |
|    entropy_loss         | -16.4       |
|    explained_variance   | 0.966       |
|    learning_rate        | 0.0003      |
|    loss                 | 0.388       |
|    n_updates            | 340         |
|    policy_gradient_loss | -0.014      |
|    std                  | 0.951       |
|    value_loss           | 1.07        |
-----------------------------------------
-----------------------------------------
| rollout/                |             |
|    ep_len_mean          | 8.93e+03    |
|    ep_rew_mean          | -722        |
| time/                   |             |
|    fps                  | 380         |
|    iterations           | 36          |
|    time_elapsed         | 193         |
|    total_timesteps      | 73728       |
| train/                  |             |
|    approx_kl            | 0.018568253 |
|    clip_fraction        | 0.203       |
|    clip_range           | 0.2         |
|    entropy_loss         | -16.4       |
|    explained_variance   | 0.785       |
|    learning_rate        | 0.0003      |
|    loss                 | 1.72        |
|    n_updates            | 350         |
|    policy_gradient_loss | -0.00721    |
|    std                  | 0.95        |
|    value_loss           | 11.1        |
-----------------------------------------
-----------------------------------------
| rollout/                |             |
|    ep_len_mean          | 8.93e+03    |
|    ep_rew_mean          | -722        |
| time/                   |             |
|    fps                  | 380         |
|    iterations           | 37          |
|    time_elapsed         | 199         |
|    total_timesteps      | 75776       |
| train/                  |             |
|    approx_kl            | 0.027701275 |
|    clip_fraction        | 0.248       |
|    clip_range           | 0.2         |
|    entropy_loss         | -16.4       |
|    explained_variance   | 0.961       |
|    learning_rate        | 0.0003      |
|    loss                 | 0.624       |
|    n_updates            | 360         |
|    policy_gradient_loss | -0.00915    |
|    std                  | 0.951       |
|    value_loss           | 1.35        |
-----------------------------------------
-----------------------------------------
| rollout/                |             |
|    ep_len_mean          | 8.93e+03    |
|    ep_rew_mean          | -722        |
| time/                   |             |
|    fps                  | 380         |
|    iterations           | 38          |
|    time_elapsed         | 204         |
|    total_timesteps      | 77824       |
| train/                  |             |
|    approx_kl            | 0.024948232 |
|    clip_fraction        | 0.283       |
|    clip_range           | 0.2         |
|    entropy_loss         | -16.4       |
|    explained_variance   | 0.952       |
|    learning_rate        | 0.0003      |
|    loss                 | 0.538       |
|    n_updates            | 370         |
|    policy_gradient_loss | -0.00886    |
|    std                  | 0.955       |
|    value_loss           | 1.11        |
-----------------------------------------
-----------------------------------------
| rollout/                |             |
|    ep_len_mean          | 8.93e+03    |
|    ep_rew_mean          | -722        |
| time/                   |             |
|    fps                  | 381         |
|    iterations           | 39          |
|    time_elapsed         | 209         |
|    total_timesteps      | 79872       |
| train/                  |             |
|    approx_kl            | 0.019844268 |
|    clip_fraction        | 0.239       |
|    clip_range           | 0.2         |
|    entropy_loss         | -16.4       |
|    explained_variance   | 0.975       |
|    learning_rate        | 0.0003      |
|    loss                 | 0.413       |
|    n_updates            | 380         |
|    policy_gradient_loss | -0.0107     |
|    std                  | 0.952       |
|    value_loss           | 0.898       |
-----------------------------------------
----------------------------------------
| rollout/                |            |
|    ep_len_mean          | 8.93e+03   |
|    ep_rew_mean          | -721       |
| time/                   |            |
|    fps                  | 381        |
|    iterations           | 40         |
|    time_elapsed         | 214        |
|    total_timesteps      | 81920      |
| train/                  |            |
|    approx_kl            | 0.02200064 |
|    clip_fraction        | 0.244      |
|    clip_range           | 0.2        |
|    entropy_loss         | -16.4      |
|    explained_variance   | 0.981      |
|    learning_rate        | 0.0003     |
|    loss                 | 0.408      |
|    n_updates            | 390        |
|    policy_gradient_loss | -0.00776   |
|    std                  | 0.955      |
|    value_loss           | 1.07       |
----------------------------------------
-----------------------------------------
| rollout/                |             |
|    ep_len_mean          | 8.93e+03    |
|    ep_rew_mean          | -721        |
| time/                   |             |
|    fps                  | 382         |
|    iterations           | 41          |
|    time_elapsed         | 219         |
|    total_timesteps      | 83968       |
| train/                  |             |
|    approx_kl            | 0.009027287 |
|    clip_fraction        | 0.117       |
|    clip_range           | 0.2         |
|    entropy_loss         | -16.5       |
|    explained_variance   | 0.828       |
|    learning_rate        | 0.0003      |
|    loss                 | 15.7        |
|    n_updates            | 400         |
|    policy_gradient_loss | -0.00789    |
|    std                  | 0.955       |
|    value_loss           | 13.2        |
-----------------------------------------
-----------------------------------------
| rollout/                |             |
|    ep_len_mean          | 8.93e+03    |
|    ep_rew_mean          | -721        |
| time/                   |             |
|    fps                  | 383         |
|    iterations           | 42          |
|    time_elapsed         | 224         |
|    total_timesteps      | 86016       |
| train/                  |             |
|    approx_kl            | 0.022653691 |
|    clip_fraction        | 0.225       |
|    clip_range           | 0.2         |
|    entropy_loss         | -16.5       |
|    explained_variance   | 0.95        |
|    learning_rate        | 0.0003      |
|    loss                 | 0.508       |
|    n_updates            | 410         |
|    policy_gradient_loss | -0.0125     |
|    std                  | 0.956       |
|    value_loss           | 1.6         |
-----------------------------------------
-----------------------------------------
| rollout/                |             |
|    ep_len_mean          | 8.93e+03    |
|    ep_rew_mean          | -721        |
| time/                   |             |
|    fps                  | 384         |
|    iterations           | 43          |
|    time_elapsed         | 229         |
|    total_timesteps      | 88064       |
| train/                  |             |
|    approx_kl            | 0.022276793 |
|    clip_fraction        | 0.219       |
|    clip_range           | 0.2         |
|    entropy_loss         | -16.5       |
|    explained_variance   | 0.971       |
|    learning_rate        | 0.0003      |
|    loss                 | 0.462       |
|    n_updates            | 420         |
|    policy_gradient_loss | -0.0144     |
|    std                  | 0.955       |
|    value_loss           | 1.29        |
-----------------------------------------
-----------------------------------------
| rollout/                |             |
|    ep_len_mean          | 8.93e+03    |
|    ep_rew_mean          | -722        |
| time/                   |             |
|    fps                  | 384         |
|    iterations           | 44          |
|    time_elapsed         | 234         |
|    total_timesteps      | 90112       |
| train/                  |             |
|    approx_kl            | 0.021973278 |
|    clip_fraction        | 0.268       |
|    clip_range           | 0.2         |
|    entropy_loss         | -16.5       |
|    explained_variance   | 0.977       |
|    learning_rate        | 0.0003      |
|    loss                 | 0.58        |
|    n_updates            | 430         |
|    policy_gradient_loss | -0.0128     |
|    std                  | 0.957       |
|    value_loss           | 1.27        |
-----------------------------------------
-----------------------------------------
| rollout/                |             |
|    ep_len_mean          | 8.93e+03    |
|    ep_rew_mean          | -722        |
| time/                   |             |
|    fps                  | 385         |
|    iterations           | 45          |
|    time_elapsed         | 239         |
|    total_timesteps      | 92160       |
| train/                  |             |
|    approx_kl            | 0.014765309 |
|    clip_fraction        | 0.141       |
|    clip_range           | 0.2         |
|    entropy_loss         | -16.5       |
|    explained_variance   | 0.859       |
|    learning_rate        | 0.0003      |
|    loss                 | 1.23        |
|    n_updates            | 440         |
|    policy_gradient_loss | -0.00964    |
|    std                  | 0.956       |
|    value_loss           | 15.5        |
-----------------------------------------
----------------------------------------
| rollout/                |            |
|    ep_len_mean          | 8.93e+03   |
|    ep_rew_mean          | -722       |
| time/                   |            |
|    fps                  | 383        |
|    iterations           | 46         |
|    time_elapsed         | 245        |
|    total_timesteps      | 94208      |
| train/                  |            |
|    approx_kl            | 0.01759892 |
|    clip_fraction        | 0.267      |
|    clip_range           | 0.2        |
|    entropy_loss         | -16.4      |
|    explained_variance   | 0.964      |
|    learning_rate        | 0.0003     |
|    loss                 | 1.1        |
|    n_updates            | 450        |
|    policy_gradient_loss | -0.00895   |
|    std                  | 0.955      |
|    value_loss           | 2          |
----------------------------------------
-----------------------------------------
| rollout/                |             |
|    ep_len_mean          | 8.93e+03    |
|    ep_rew_mean          | -722        |
| time/                   |             |
|    fps                  | 382         |
|    iterations           | 47          |
|    time_elapsed         | 251         |
|    total_timesteps      | 96256       |
| train/                  |             |
|    approx_kl            | 0.018712737 |
|    clip_fraction        | 0.238       |
|    clip_range           | 0.2         |
|    entropy_loss         | -16.5       |
|    explained_variance   | 0.966       |
|    learning_rate        | 0.0003      |
|    loss                 | 0.481       |
|    n_updates            | 460         |
|    policy_gradient_loss | -0.0107     |
|    std                  | 0.957       |
|    value_loss           | 1.28        |
-----------------------------------------
-----------------------------------------
| rollout/                |             |
|    ep_len_mean          | 8.93e+03    |
|    ep_rew_mean          | -720        |
| time/                   |             |
|    fps                  | 383         |
|    iterations           | 48          |
|    time_elapsed         | 256         |
|    total_timesteps      | 98304       |
| train/                  |             |
|    approx_kl            | 0.018926118 |
|    clip_fraction        | 0.251       |
|    clip_range           | 0.2         |
|    entropy_loss         | -16.5       |
|    explained_variance   | 0.974       |
|    learning_rate        | 0.0003      |
|    loss                 | 0.423       |
|    n_updates            | 470         |
|    policy_gradient_loss | -0.0125     |
|    std                  | 0.955       |
|    value_loss           | 1.16        |
-----------------------------------------
-----------------------------------------
| rollout/                |             |
|    ep_len_mean          | 8.93e+03    |
|    ep_rew_mean          | -720        |
| time/                   |             |
|    fps                  | 384         |
|    iterations           | 49          |
|    time_elapsed         | 261         |
|    total_timesteps      | 100352      |
| train/                  |             |
|    approx_kl            | 0.011894265 |
|    clip_fraction        | 0.141       |
|    clip_range           | 0.2         |
|    entropy_loss         | -16.4       |
|    explained_variance   | 0.813       |
|    learning_rate        | 0.0003      |
|    loss                 | 2.37        |
|    n_updates            | 480         |
|    policy_gradient_loss | -0.00969    |
|    std                  | 0.955       |
|    value_loss           | 15.3        |
-----------------------------------------
----------------------------------------
| rollout/                |            |
|    ep_len_mean          | 8.93e+03   |
|    ep_rew_mean          | -720       |
| time/                   |            |
|    fps                  | 384        |
|    iterations           | 50         |
|    time_elapsed         | 266        |
|    total_timesteps      | 102400     |
| train/                  |            |
|    approx_kl            | 0.01730368 |
|    clip_fraction        | 0.187      |
|    clip_range           | 0.2        |
|    entropy_loss         | -16.4      |
|    explained_variance   | 0.928      |
|    learning_rate        | 0.0003     |
|    loss                 | 0.815      |
|    n_updates            | 490        |
|    policy_gradient_loss | -0.0122    |
|    std                  | 0.954      |
|    value_loss           | 2.44       |
----------------------------------------
-----------------------------------------
| rollout/                |             |
|    ep_len_mean          | 8.93e+03    |
|    ep_rew_mean          | -720        |
| time/                   |             |
|    fps                  | 384         |
|    iterations           | 51          |
|    time_elapsed         | 271         |
|    total_timesteps      | 104448      |
| train/                  |             |
|    approx_kl            | 0.028812582 |
|    clip_fraction        | 0.308       |
|    clip_range           | 0.2         |
|    entropy_loss         | -16.4       |
|    explained_variance   | 0.946       |
|    learning_rate        | 0.0003      |
|    loss                 | 0.295       |
|    n_updates            | 500         |
|    policy_gradient_loss | -0.00933    |
|    std                  | 0.956       |
|    value_loss           | 1.46        |
-----------------------------------------
-----------------------------------------
| rollout/                |             |
|    ep_len_mean          | 8.93e+03    |
|    ep_rew_mean          | -720        |
| time/                   |             |
|    fps                  | 384         |
|    iterations           | 52          |
|    time_elapsed         | 276         |
|    total_timesteps      | 106496      |
| train/                  |             |
|    approx_kl            | 0.024303325 |
|    clip_fraction        | 0.287       |
|    clip_range           | 0.2         |
|    entropy_loss         | -16.4       |
|    explained_variance   | 0.973       |
|    learning_rate        | 0.0003      |
|    loss                 | 0.325       |
|    n_updates            | 510         |
|    policy_gradient_loss | -0.0112     |
|    std                  | 0.955       |
|    value_loss           | 1.01        |
-----------------------------------------
-----------------------------------------
| rollout/                |             |
|    ep_len_mean          | 8.93e+03    |
|    ep_rew_mean          | -720        |
| time/                   |             |
|    fps                  | 385         |
|    iterations           | 53          |
|    time_elapsed         | 281         |
|    total_timesteps      | 108544      |
| train/                  |             |
|    approx_kl            | 0.022263488 |
|    clip_fraction        | 0.252       |
|    clip_range           | 0.2         |
|    entropy_loss         | -16.4       |
|    explained_variance   | 0.97        |
|    learning_rate        | 0.0003      |
|    loss                 | 0.465       |
|    n_updates            | 520         |
|    policy_gradient_loss | -0.0109     |
|    std                  | 0.956       |
|    value_loss           | 1.55        |
-----------------------------------------
-----------------------------------------
| rollout/                |             |
|    ep_len_mean          | 8.93e+03    |
|    ep_rew_mean          | -720        |
| time/                   |             |
|    fps                  | 385         |
|    iterations           | 54          |
|    time_elapsed         | 287         |
|    total_timesteps      | 110592      |
| train/                  |             |
|    approx_kl            | 0.011977291 |
|    clip_fraction        | 0.137       |
|    clip_range           | 0.2         |
|    entropy_loss         | -16.4       |
|    explained_variance   | 0.789       |
|    learning_rate        | 0.0003      |
|    loss                 | 1.94        |
|    n_updates            | 530         |
|    policy_gradient_loss | -0.014      |
|    std                  | 0.954       |
|    value_loss           | 19.3        |
-----------------------------------------
-----------------------------------------
| rollout/                |             |
|    ep_len_mean          | 8.93e+03    |
|    ep_rew_mean          | -720        |
| time/                   |             |
|    fps                  | 384         |
|    iterations           | 55          |
|    time_elapsed         | 292         |
|    total_timesteps      | 112640      |
| train/                  |             |
|    approx_kl            | 0.025213955 |
|    clip_fraction        | 0.277       |
|    clip_range           | 0.2         |
|    entropy_loss         | -16.4       |
|    explained_variance   | 0.94        |
|    learning_rate        | 0.0003      |
|    loss                 | 0.526       |
|    n_updates            | 540         |
|    policy_gradient_loss | -0.0172     |
|    std                  | 0.954       |
|    value_loss           | 1.77        |
-----------------------------------------
-----------------------------------------
| rollout/                |             |
|    ep_len_mean          | 8.93e+03    |
|    ep_rew_mean          | -720        |
| time/                   |             |
|    fps                  | 383         |
|    iterations           | 56          |
|    time_elapsed         | 298         |
|    total_timesteps      | 114688      |
| train/                  |             |
|    approx_kl            | 0.024209764 |
|    clip_fraction        | 0.242       |
|    clip_range           | 0.2         |
|    entropy_loss         | -16.4       |
|    explained_variance   | 0.956       |
|    learning_rate        | 0.0003      |
|    loss                 | 0.49        |
|    n_updates            | 550         |
|    policy_gradient_loss | -0.0115     |
|    std                  | 0.954       |
|    value_loss           | 1.57        |
-----------------------------------------
-----------------------------------------
| rollout/                |             |
|    ep_len_mean          | 8.93e+03    |
|    ep_rew_mean          | -720        |
| time/                   |             |
|    fps                  | 383         |
|    iterations           | 57          |
|    time_elapsed         | 304         |
|    total_timesteps      | 116736      |
| train/                  |             |
|    approx_kl            | 0.016841833 |
|    clip_fraction        | 0.202       |
|    clip_range           | 0.2         |
|    entropy_loss         | -16.4       |
|    explained_variance   | 0.963       |
|    learning_rate        | 0.0003      |
|    loss                 | 0.787       |
|    n_updates            | 560         |
|    policy_gradient_loss | -0.0167     |
|    std                  | 0.953       |
|    value_loss           | 1.64        |
-----------------------------------------
-----------------------------------------
| rollout/                |             |
|    ep_len_mean          | 8.93e+03    |
|    ep_rew_mean          | -720        |
| time/                   |             |
|    fps                  | 383         |
|    iterations           | 58          |
|    time_elapsed         | 309         |
|    total_timesteps      | 118784      |
| train/                  |             |
|    approx_kl            | 0.011831403 |
|    clip_fraction        | 0.102       |
|    clip_range           | 0.2         |
|    entropy_loss         | -16.4       |
|    explained_variance   | 0.691       |
|    learning_rate        | 0.0003      |
|    loss                 | 37.2        |
|    n_updates            | 570         |
|    policy_gradient_loss | -0.0124     |
|    std                  | 0.952       |
|    value_loss           | 22.3        |
-----------------------------------------
-----------------------------------------
| rollout/                |             |
|    ep_len_mean          | 8.93e+03    |
|    ep_rew_mean          | -720        |
| time/                   |             |
|    fps                  | 383         |
|    iterations           | 59          |
|    time_elapsed         | 315         |
|    total_timesteps      | 120832      |
| train/                  |             |
|    approx_kl            | 0.031191546 |
|    clip_fraction        | 0.274       |
|    clip_range           | 0.2         |
|    entropy_loss         | -16.4       |
|    explained_variance   | 0.971       |
|    learning_rate        | 0.0003      |
|    loss                 | 0.871       |
|    n_updates            | 580         |
|    policy_gradient_loss | -0.00986    |
|    std                  | 0.95        |
|    value_loss           | 1.57        |
-----------------------------------------
-----------------------------------------
| rollout/                |             |
|    ep_len_mean          | 8.93e+03    |
|    ep_rew_mean          | -720        |
| time/                   |             |
|    fps                  | 383         |
|    iterations           | 60          |
|    time_elapsed         | 320         |
|    total_timesteps      | 122880      |
| train/                  |             |
|    approx_kl            | 0.022756565 |
|    clip_fraction        | 0.238       |
|    clip_range           | 0.2         |
|    entropy_loss         | -16.4       |
|    explained_variance   | 0.944       |
|    learning_rate        | 0.0003      |
|    loss                 | 0.565       |
|    n_updates            | 590         |
|    policy_gradient_loss | -0.0127     |
|    std                  | 0.951       |
|    value_loss           | 1.69        |
-----------------------------------------
-----------------------------------------
| rollout/                |             |
|    ep_len_mean          | 8.93e+03    |
|    ep_rew_mean          | -720        |
| time/                   |             |
|    fps                  | 384         |
|    iterations           | 61          |
|    time_elapsed         | 325         |
|    total_timesteps      | 124928      |
| train/                  |             |
|    approx_kl            | 0.024726612 |
|    clip_fraction        | 0.269       |
|    clip_range           | 0.2         |
|    entropy_loss         | -16.4       |
|    explained_variance   | 0.98        |
|    learning_rate        | 0.0003      |
|    loss                 | 0.452       |
|    n_updates            | 600         |
|    policy_gradient_loss | -0.0133     |
|    std                  | 0.954       |
|    value_loss           | 1.17        |
-----------------------------------------
-----------------------------------------
| rollout/                |             |
|    ep_len_mean          | 8.93e+03    |
|    ep_rew_mean          | -720        |
| time/                   |             |
|    fps                  | 384         |
|    iterations           | 62          |
|    time_elapsed         | 330         |
|    total_timesteps      | 126976      |
| train/                  |             |
|    approx_kl            | 0.021918671 |
|    clip_fraction        | 0.252       |
|    clip_range           | 0.2         |
|    entropy_loss         | -16.4       |
|    explained_variance   | 0.984       |
|    learning_rate        | 0.0003      |
|    loss                 | 0.958       |
|    n_updates            | 610         |
|    policy_gradient_loss | -0.0129     |
|    std                  | 0.954       |
|    value_loss           | 1.72        |
-----------------------------------------
----------------------------------------
| rollout/                |            |
|    ep_len_mean          | 8.93e+03   |
|    ep_rew_mean          | -720       |
| time/                   |            |
|    fps                  | 384        |
|    iterations           | 63         |
|    time_elapsed         | 335        |
|    total_timesteps      | 129024     |
| train/                  |            |
|    approx_kl            | 0.01189142 |
|    clip_fraction        | 0.118      |
|    clip_range           | 0.2        |
|    entropy_loss         | -16.4      |
|    explained_variance   | 0.629      |
|    learning_rate        | 0.0003     |
|    loss                 | 2.72       |
|    n_updates            | 620        |
|    policy_gradient_loss | -0.00921   |
|    std                  | 0.954      |
|    value_loss           | 23.4       |
----------------------------------------
-----------------------------------------
| rollout/                |             |
|    ep_len_mean          | 8.93e+03    |
|    ep_rew_mean          | -720        |
| time/                   |             |
|    fps                  | 383         |
|    iterations           | 64          |
|    time_elapsed         | 341         |
|    total_timesteps      | 131072      |
| train/                  |             |
|    approx_kl            | 0.021469235 |
|    clip_fraction        | 0.258       |
|    clip_range           | 0.2         |
|    entropy_loss         | -16.4       |
|    explained_variance   | 0.953       |
|    learning_rate        | 0.0003      |
|    loss                 | 0.954       |
|    n_updates            | 630         |
|    policy_gradient_loss | -0.0121     |
|    std                  | 0.957       |
|    value_loss           | 2.21        |
-----------------------------------------
----------------------------------------
| rollout/                |            |
|    ep_len_mean          | 8.93e+03   |
|    ep_rew_mean          | -720       |
| time/                   |            |
|    fps                  | 383        |
|    iterations           | 65         |
|    time_elapsed         | 347        |
|    total_timesteps      | 133120     |
| train/                  |            |
|    approx_kl            | 0.02116391 |
|    clip_fraction        | 0.248      |
|    clip_range           | 0.2        |
|    entropy_loss         | -16.5      |
|    explained_variance   | 0.981      |
|    learning_rate        | 0.0003     |
|    loss                 | 0.67       |
|    n_updates            | 640        |
|    policy_gradient_loss | -0.0111    |
|    std                  | 0.957      |
|    value_loss           | 1.42       |
----------------------------------------
----------------------------------------
| rollout/                |            |
|    ep_len_mean          | 8.93e+03   |
|    ep_rew_mean          | -720       |
| time/                   |            |
|    fps                  | 383        |
|    iterations           | 66         |
|    time_elapsed         | 352        |
|    total_timesteps      | 135168     |
| train/                  |            |
|    approx_kl            | 0.01856381 |
|    clip_fraction        | 0.252      |
|    clip_range           | 0.2        |
|    entropy_loss         | -16.4      |
|    explained_variance   | 0.973      |
|    learning_rate        | 0.0003     |
|    loss                 | 0.665      |
|    n_updates            | 650        |
|    policy_gradient_loss | -0.0149    |
|    std                  | 0.955      |
|    value_loss           | 1.81       |
----------------------------------------
-----------------------------------------
| rollout/                |             |
|    ep_len_mean          | 8.93e+03    |
|    ep_rew_mean          | -720        |
| time/                   |             |
|    fps                  | 384         |
|    iterations           | 67          |
|    time_elapsed         | 357         |
|    total_timesteps      | 137216      |
| train/                  |             |
|    approx_kl            | 0.017957062 |
|    clip_fraction        | 0.151       |
|    clip_range           | 0.2         |
|    entropy_loss         | -16.4       |
|    explained_variance   | 0.813       |
|    learning_rate        | 0.0003      |
|    loss                 | 1.2         |
|    n_updates            | 660         |
|    policy_gradient_loss | -0.0121     |
|    std                  | 0.954       |
|    value_loss           | 24.5        |
-----------------------------------------
-----------------------------------------
| rollout/                |             |
|    ep_len_mean          | 8.93e+03    |
|    ep_rew_mean          | -720        |
| time/                   |             |
|    fps                  | 383         |
|    iterations           | 68          |
|    time_elapsed         | 363         |
|    total_timesteps      | 139264      |
| train/                  |             |
|    approx_kl            | 0.020618748 |
|    clip_fraction        | 0.287       |
|    clip_range           | 0.2         |
|    entropy_loss         | -16.4       |
|    explained_variance   | 0.932       |
|    learning_rate        | 0.0003      |
|    loss                 | 0.587       |
|    n_updates            | 670         |
|    policy_gradient_loss | -0.00793    |
|    std                  | 0.953       |
|    value_loss           | 2.57        |
-----------------------------------------
-----------------------------------------
| rollout/                |             |
|    ep_len_mean          | 8.93e+03    |
|    ep_rew_mean          | -720        |
| time/                   |             |
|    fps                  | 382         |
|    iterations           | 69          |
|    time_elapsed         | 369         |
|    total_timesteps      | 141312      |
| train/                  |             |
|    approx_kl            | 0.019526549 |
|    clip_fraction        | 0.248       |
|    clip_range           | 0.2         |
|    entropy_loss         | -16.4       |
|    explained_variance   | 0.954       |
|    learning_rate        | 0.0003      |
|    loss                 | 0.674       |
|    n_updates            | 680         |
|    policy_gradient_loss | -0.0106     |
|    std                  | 0.948       |
|    value_loss           | 2.01        |
-----------------------------------------
-----------------------------------------
| rollout/                |             |
|    ep_len_mean          | 8.93e+03    |
|    ep_rew_mean          | -719        |
| time/                   |             |
|    fps                  | 381         |
|    iterations           | 70          |
|    time_elapsed         | 375         |
|    total_timesteps      | 143360      |
| train/                  |             |
|    approx_kl            | 0.017502563 |
|    clip_fraction        | 0.235       |
|    clip_range           | 0.2         |
|    entropy_loss         | -16.3       |
|    explained_variance   | 0.965       |
|    learning_rate        | 0.0003      |
|    loss                 | 0.584       |
|    n_updates            | 690         |
|    policy_gradient_loss | -0.0119     |
|    std                  | 0.946       |
|    value_loss           | 1.78        |
-----------------------------------------
-----------------------------------------
| rollout/                |             |
|    ep_len_mean          | 8.93e+03    |
|    ep_rew_mean          | -719        |
| time/                   |             |
|    fps                  | 381         |
|    iterations           | 71          |
|    time_elapsed         | 381         |
|    total_timesteps      | 145408      |
| train/                  |             |
|    approx_kl            | 0.015267099 |
|    clip_fraction        | 0.122       |
|    clip_range           | 0.2         |
|    entropy_loss         | -16.3       |
|    explained_variance   | 0.586       |
|    learning_rate        | 0.0003      |
|    loss                 | 47.8        |
|    n_updates            | 700         |
|    policy_gradient_loss | -0.00898    |
|    std                  | 0.944       |
|    value_loss           | 22.9        |
-----------------------------------------
-----------------------------------------
| rollout/                |             |
|    ep_len_mean          | 8.93e+03    |
|    ep_rew_mean          | -719        |
| time/                   |             |
|    fps                  | 380         |
|    iterations           | 72          |
|    time_elapsed         | 387         |
|    total_timesteps      | 147456      |
| train/                  |             |
|    approx_kl            | 0.020060077 |
|    clip_fraction        | 0.244       |
|    clip_range           | 0.2         |
|    entropy_loss         | -16.3       |
|    explained_variance   | 0.97        |
|    learning_rate        | 0.0003      |
|    loss                 | 0.5         |
|    n_updates            | 710         |
|    policy_gradient_loss | -0.0121     |
|    std                  | 0.947       |
|    value_loss           | 2.24        |
-----------------------------------------
-----------------------------------------
| rollout/                |             |
|    ep_len_mean          | 8.93e+03    |
|    ep_rew_mean          | -719        |
| time/                   |             |
|    fps                  | 378         |
|    iterations           | 73          |
|    time_elapsed         | 394         |
|    total_timesteps      | 149504      |
| train/                  |             |
|    approx_kl            | 0.015588905 |
|    clip_fraction        | 0.212       |
|    clip_range           | 0.2         |
|    entropy_loss         | -16.3       |
|    explained_variance   | 0.929       |
|    learning_rate        | 0.0003      |
|    loss                 | 0.75        |
|    n_updates            | 720         |
|    policy_gradient_loss | -0.0131     |
|    std                  | 0.947       |
|    value_loss           | 2.35        |
-----------------------------------------
-----------------------------------------
| rollout/                |             |
|    ep_len_mean          | 8.93e+03    |
|    ep_rew_mean          | -719        |
| time/                   |             |
|    fps                  | 378         |
|    iterations           | 74          |
|    time_elapsed         | 400         |
|    total_timesteps      | 151552      |
| train/                  |             |
|    approx_kl            | 0.018456433 |
|    clip_fraction        | 0.243       |
|    clip_range           | 0.2         |
|    entropy_loss         | -16.3       |
|    explained_variance   | 0.973       |
|    learning_rate        | 0.0003      |
|    loss                 | 0.413       |
|    n_updates            | 730         |
|    policy_gradient_loss | -0.0173     |
|    std                  | 0.95        |
|    value_loss           | 1.79        |
-----------------------------------------
-----------------------------------------
| rollout/                |             |
|    ep_len_mean          | 8.93e+03    |
|    ep_rew_mean          | -719        |
| time/                   |             |
|    fps                  | 378         |
|    iterations           | 75          |
|    time_elapsed         | 406         |
|    total_timesteps      | 153600      |
| train/                  |             |
|    approx_kl            | 0.024986532 |
|    clip_fraction        | 0.282       |
|    clip_range           | 0.2         |
|    entropy_loss         | -16.3       |
|    explained_variance   | 0.981       |
|    learning_rate        | 0.0003      |
|    loss                 | 0.505       |
|    n_updates            | 740         |
|    policy_gradient_loss | -0.0103     |
|    std                  | 0.946       |
|    value_loss           | 1.98        |
-----------------------------------------
-----------------------------------------
| rollout/                |             |
|    ep_len_mean          | 8.93e+03    |
|    ep_rew_mean          | -719        |
| time/                   |             |
|    fps                  | 378         |
|    iterations           | 76          |
|    time_elapsed         | 411         |
|    total_timesteps      | 155648      |
| train/                  |             |
|    approx_kl            | 0.016417969 |
|    clip_fraction        | 0.147       |
|    clip_range           | 0.2         |
|    entropy_loss         | -16.3       |
|    explained_variance   | 0.625       |
|    learning_rate        | 0.0003      |
|    loss                 | 1.7         |
|    n_updates            | 750         |
|    policy_gradient_loss | -0.0104     |
|    std                  | 0.945       |
|    value_loss           | 27.7        |
-----------------------------------------
----------------------------------------
| rollout/                |            |
|    ep_len_mean          | 8.93e+03   |
|    ep_rew_mean          | -719       |
| time/                   |            |
|    fps                  | 378        |
|    iterations           | 77         |
|    time_elapsed         | 416        |
|    total_timesteps      | 157696     |
| train/                  |            |
|    approx_kl            | 0.02795107 |
|    clip_fraction        | 0.271      |
|    clip_range           | 0.2        |
|    entropy_loss         | -16.3      |
|    explained_variance   | 0.951      |
|    learning_rate        | 0.0003     |
|    loss                 | 0.721      |
|    n_updates            | 760        |
|    policy_gradient_loss | -0.00901   |
|    std                  | 0.946      |
|    value_loss           | 2.29       |
----------------------------------------
-----------------------------------------
| rollout/                |             |
|    ep_len_mean          | 8.93e+03    |
|    ep_rew_mean          | -719        |
| time/                   |             |
|    fps                  | 378         |
|    iterations           | 78          |
|    time_elapsed         | 421         |
|    total_timesteps      | 159744      |
| train/                  |             |
|    approx_kl            | 0.022639617 |
|    clip_fraction        | 0.286       |
|    clip_range           | 0.2         |
|    entropy_loss         | -16.3       |
|    explained_variance   | 0.982       |
|    learning_rate        | 0.0003      |
|    loss                 | 0.6         |
|    n_updates            | 770         |
|    policy_gradient_loss | -0.0104     |
|    std                  | 0.941       |
|    value_loss           | 1.7         |
-----------------------------------------
-----------------------------------------
| rollout/                |             |
|    ep_len_mean          | 8.93e+03    |
|    ep_rew_mean          | -719        |
| time/                   |             |
|    fps                  | 379         |
|    iterations           | 79          |
|    time_elapsed         | 426         |
|    total_timesteps      | 161792      |
| train/                  |             |
|    approx_kl            | 0.020425685 |
|    clip_fraction        | 0.246       |
|    clip_range           | 0.2         |
|    entropy_loss         | -16.2       |
|    explained_variance   | 0.973       |
|    learning_rate        | 0.0003      |
|    loss                 | 0.926       |
|    n_updates            | 780         |
|    policy_gradient_loss | -0.0126     |
|    std                  | 0.94        |
|    value_loss           | 2.14        |
-----------------------------------------
---------------------------------------
| rollout/                |           |
|    ep_len_mean          | 8.93e+03  |
|    ep_rew_mean          | -719      |
| time/                   |           |
|    fps                  | 379       |
|    iterations           | 80        |
|    time_elapsed         | 431       |
|    total_timesteps      | 163840    |
| train/                  |           |
|    approx_kl            | 0.0205251 |
|    clip_fraction        | 0.153     |
|    clip_range           | 0.2       |
|    entropy_loss         | -16.2     |
|    explained_variance   | 0.752     |
|    learning_rate        | 0.0003    |
|    loss                 | 1.49      |
|    n_updates            | 790       |
|    policy_gradient_loss | -0.0113   |
|    std                  | 0.94      |
|    value_loss           | 26        |
---------------------------------------
----------------------------------------
| rollout/                |            |
|    ep_len_mean          | 8.93e+03   |
|    ep_rew_mean          | -719       |
| time/                   |            |
|    fps                  | 379        |
|    iterations           | 81         |
|    time_elapsed         | 436        |
|    total_timesteps      | 165888     |
| train/                  |            |
|    approx_kl            | 0.02161536 |
|    clip_fraction        | 0.278      |
|    clip_range           | 0.2        |
|    entropy_loss         | -16.2      |
|    explained_variance   | 0.921      |
|    learning_rate        | 0.0003     |
|    loss                 | 0.463      |
|    n_updates            | 800        |
|    policy_gradient_loss | -0.0098    |
|    std                  | 0.94       |
|    value_loss           | 1.86       |
----------------------------------------
-----------------------------------------
| rollout/                |             |
|    ep_len_mean          | 8.93e+03    |
|    ep_rew_mean          | -719        |
| time/                   |             |
|    fps                  | 380         |
|    iterations           | 82          |
|    time_elapsed         | 441         |
|    total_timesteps      | 167936      |
| train/                  |             |
|    approx_kl            | 0.024036301 |
|    clip_fraction        | 0.243       |
|    clip_range           | 0.2         |
|    entropy_loss         | -16.2       |
|    explained_variance   | 0.953       |
|    learning_rate        | 0.0003      |
|    loss                 | 0.82        |
|    n_updates            | 810         |
|    policy_gradient_loss | -0.0151     |
|    std                  | 0.941       |
|    value_loss           | 2.32        |
-----------------------------------------
-----------------------------------------
| rollout/                |             |
|    ep_len_mean          | 8.93e+03    |
|    ep_rew_mean          | -718        |
| time/                   |             |
|    fps                  | 379         |
|    iterations           | 83          |
|    time_elapsed         | 447         |
|    total_timesteps      | 169984      |
| train/                  |             |
|    approx_kl            | 0.026484715 |
|    clip_fraction        | 0.268       |
|    clip_range           | 0.2         |
|    entropy_loss         | -16.3       |
|    explained_variance   | 0.973       |
|    learning_rate        | 0.0003      |
|    loss                 | 0.773       |
|    n_updates            | 820         |
|    policy_gradient_loss | -0.0157     |
|    std                  | 0.944       |
|    value_loss           | 1.46        |
-----------------------------------------
-----------------------------------------
| rollout/                |             |
|    ep_len_mean          | 8.93e+03    |
|    ep_rew_mean          | -718        |
| time/                   |             |
|    fps                  | 380         |
|    iterations           | 84          |
|    time_elapsed         | 452         |
|    total_timesteps      | 172032      |
| train/                  |             |
|    approx_kl            | 0.016254084 |
|    clip_fraction        | 0.184       |
|    clip_range           | 0.2         |
|    entropy_loss         | -16.3       |
|    explained_variance   | 0.544       |
|    learning_rate        | 0.0003      |
|    loss                 | 72.1        |
|    n_updates            | 830         |
|    policy_gradient_loss | -0.0101     |
|    std                  | 0.944       |
|    value_loss           | 25.6        |
-----------------------------------------
-----------------------------------------
| rollout/                |             |
|    ep_len_mean          | 8.93e+03    |
|    ep_rew_mean          | -718        |
| time/                   |             |
|    fps                  | 380         |
|    iterations           | 85          |
|    time_elapsed         | 457         |
|    total_timesteps      | 174080      |
| train/                  |             |
|    approx_kl            | 0.024042718 |
|    clip_fraction        | 0.303       |
|    clip_range           | 0.2         |
|    entropy_loss         | -16.3       |
|    explained_variance   | 0.976       |
|    learning_rate        | 0.0003      |
|    loss                 | 0.596       |
|    n_updates            | 840         |
|    policy_gradient_loss | -0.0102     |
|    std                  | 0.944       |
|    value_loss           | 1.79        |
-----------------------------------------
-----------------------------------------
| rollout/                |             |
|    ep_len_mean          | 8.93e+03    |
|    ep_rew_mean          | -718        |
| time/                   |             |
|    fps                  | 380         |
|    iterations           | 86          |
|    time_elapsed         | 462         |
|    total_timesteps      | 176128      |
| train/                  |             |
|    approx_kl            | 0.024703147 |
|    clip_fraction        | 0.248       |
|    clip_range           | 0.2         |
|    entropy_loss         | -16.3       |
|    explained_variance   | 0.946       |
|    learning_rate        | 0.0003      |
|    loss                 | 0.976       |
|    n_updates            | 850         |
|    policy_gradient_loss | -0.0133     |
|    std                  | 0.945       |
|    value_loss           | 2.36        |
-----------------------------------------
-----------------------------------------
| rollout/                |             |
|    ep_len_mean          | 8.93e+03    |
|    ep_rew_mean          | -718        |
| time/                   |             |
|    fps                  | 380         |
|    iterations           | 87          |
|    time_elapsed         | 468         |
|    total_timesteps      | 178176      |
| train/                  |             |
|    approx_kl            | 0.021005407 |
|    clip_fraction        | 0.255       |
|    clip_range           | 0.2         |
|    entropy_loss         | -16.3       |
|    explained_variance   | 0.974       |
|    learning_rate        | 0.0003      |
|    loss                 | 0.617       |
|    n_updates            | 860         |
|    policy_gradient_loss | -0.0117     |
|    std                  | 0.946       |
|    value_loss           | 1.49        |
-----------------------------------------
-----------------------------------------
| rollout/                |             |
|    ep_len_mean          | 8.93e+03    |
|    ep_rew_mean          | -718        |
| time/                   |             |
|    fps                  | 380         |
|    iterations           | 88          |
|    time_elapsed         | 473         |
|    total_timesteps      | 180224      |
| train/                  |             |
|    approx_kl            | 0.022572747 |
|    clip_fraction        | 0.251       |
|    clip_range           | 0.2         |
|    entropy_loss         | -16.3       |
|    explained_variance   | 0.983       |
|    learning_rate        | 0.0003      |
|    loss                 | 0.37        |
|    n_updates            | 870         |
|    policy_gradient_loss | -0.0103     |
|    std                  | 0.946       |
|    value_loss           | 1.73        |
-----------------------------------------
-----------------------------------------
| rollout/                |             |
|    ep_len_mean          | 8.93e+03    |
|    ep_rew_mean          | -718        |
| time/                   |             |
|    fps                  | 381         |
|    iterations           | 89          |
|    time_elapsed         | 478         |
|    total_timesteps      | 182272      |
| train/                  |             |
|    approx_kl            | 0.014522518 |
|    clip_fraction        | 0.152       |
|    clip_range           | 0.2         |
|    entropy_loss         | -16.3       |
|    explained_variance   | 0.606       |
|    learning_rate        | 0.0003      |
|    loss                 | 2.85        |
|    n_updates            | 880         |
|    policy_gradient_loss | -0.00812    |
|    std                  | 0.945       |
|    value_loss           | 32.4        |
-----------------------------------------
----------------------------------------
| rollout/                |            |
|    ep_len_mean          | 8.93e+03   |
|    ep_rew_mean          | -718       |
| time/                   |            |
|    fps                  | 381        |
|    iterations           | 90         |
|    time_elapsed         | 483        |
|    total_timesteps      | 184320     |
| train/                  |            |
|    approx_kl            | 0.02744829 |
|    clip_fraction        | 0.257      |
|    clip_range           | 0.2        |
|    entropy_loss         | -16.3      |
|    explained_variance   | 0.955      |
|    learning_rate        | 0.0003     |
|    loss                 | 0.757      |
|    n_updates            | 890        |
|    policy_gradient_loss | -0.0156    |
|    std                  | 0.949      |
|    value_loss           | 1.91       |
----------------------------------------
----------------------------------------
| rollout/                |            |
|    ep_len_mean          | 8.93e+03   |
|    ep_rew_mean          | -718       |
| time/                   |            |
|    fps                  | 381        |
|    iterations           | 91         |
|    time_elapsed         | 488        |
|    total_timesteps      | 186368     |
| train/                  |            |
|    approx_kl            | 0.02256317 |
|    clip_fraction        | 0.255      |
|    clip_range           | 0.2        |
|    entropy_loss         | -16.3      |
|    explained_variance   | 0.978      |
|    learning_rate        | 0.0003     |
|    loss                 | 0.629      |
|    n_updates            | 900        |
|    policy_gradient_loss | -0.0164    |
|    std                  | 0.949      |
|    value_loss           | 1.81       |
----------------------------------------
-----------------------------------------
| rollout/                |             |
|    ep_len_mean          | 8.93e+03    |
|    ep_rew_mean          | -717        |
| time/                   |             |
|    fps                  | 380         |
|    iterations           | 92          |
|    time_elapsed         | 495         |
|    total_timesteps      | 188416      |
| train/                  |             |
|    approx_kl            | 0.017131718 |
|    clip_fraction        | 0.224       |
|    clip_range           | 0.2         |
|    entropy_loss         | -16.3       |
|    explained_variance   | 0.976       |
|    learning_rate        | 0.0003      |
|    loss                 | 0.678       |
|    n_updates            | 910         |
|    policy_gradient_loss | -0.0118     |
|    std                  | 0.946       |
|    value_loss           | 1.86        |
-----------------------------------------
-----------------------------------------
| rollout/                |             |
|    ep_len_mean          | 8.93e+03    |
|    ep_rew_mean          | -717        |
| time/                   |             |
|    fps                  | 380         |
|    iterations           | 93          |
|    time_elapsed         | 500         |
|    total_timesteps      | 190464      |
| train/                  |             |
|    approx_kl            | 0.017712276 |
|    clip_fraction        | 0.155       |
|    clip_range           | 0.2         |
|    entropy_loss         | -16.3       |
|    explained_variance   | 0.752       |
|    learning_rate        | 0.0003      |
|    loss                 | 2.26        |
|    n_updates            | 920         |
|    policy_gradient_loss | -0.0113     |
|    std                  | 0.944       |
|    value_loss           | 32.3        |
-----------------------------------------
-----------------------------------------
| rollout/                |             |
|    ep_len_mean          | 8.93e+03    |
|    ep_rew_mean          | -717        |
| time/                   |             |
|    fps                  | 379         |
|    iterations           | 94          |
|    time_elapsed         | 507         |
|    total_timesteps      | 192512      |
| train/                  |             |
|    approx_kl            | 0.023141766 |
|    clip_fraction        | 0.259       |
|    clip_range           | 0.2         |
|    entropy_loss         | -16.3       |
|    explained_variance   | 0.948       |
|    learning_rate        | 0.0003      |
|    loss                 | 0.929       |
|    n_updates            | 930         |
|    policy_gradient_loss | -0.00909    |
|    std                  | 0.945       |
|    value_loss           | 2.48        |
-----------------------------------------
-----------------------------------------
| rollout/                |             |
|    ep_len_mean          | 8.93e+03    |
|    ep_rew_mean          | -717        |
| time/                   |             |
|    fps                  | 379         |
|    iterations           | 95          |
|    time_elapsed         | 512         |
|    total_timesteps      | 194560      |
| train/                  |             |
|    approx_kl            | 0.025240269 |
|    clip_fraction        | 0.266       |
|    clip_range           | 0.2         |
|    entropy_loss         | -16.3       |
|    explained_variance   | 0.937       |
|    learning_rate        | 0.0003      |
|    loss                 | 0.816       |
|    n_updates            | 940         |
|    policy_gradient_loss | -0.013      |
|    std                  | 0.942       |
|    value_loss           | 2.01        |
-----------------------------------------
-----------------------------------------
| rollout/                |             |
|    ep_len_mean          | 8.93e+03    |
|    ep_rew_mean          | -716        |
| time/                   |             |
|    fps                  | 379         |
|    iterations           | 96          |
|    time_elapsed         | 517         |
|    total_timesteps      | 196608      |
| train/                  |             |
|    approx_kl            | 0.030796938 |
|    clip_fraction        | 0.267       |
|    clip_range           | 0.2         |
|    entropy_loss         | -16.2       |
|    explained_variance   | 0.956       |
|    learning_rate        | 0.0003      |
|    loss                 | 0.528       |
|    n_updates            | 950         |
|    policy_gradient_loss | -0.00871    |
|    std                  | 0.934       |
|    value_loss           | 1.56        |
-----------------------------------------
-----------------------------------------
| rollout/                |             |
|    ep_len_mean          | 8.93e+03    |
|    ep_rew_mean          | -716        |
| time/                   |             |
|    fps                  | 379         |
|    iterations           | 97          |
|    time_elapsed         | 522         |
|    total_timesteps      | 198656      |
| train/                  |             |
|    approx_kl            | 0.013627741 |
|    clip_fraction        | 0.156       |
|    clip_range           | 0.2         |
|    entropy_loss         | -16.1       |
|    explained_variance   | 0.649       |
|    learning_rate        | 0.0003      |
|    loss                 | 2.8         |
|    n_updates            | 960         |
|    policy_gradient_loss | -0.0104     |
|    std                  | 0.934       |
|    value_loss           | 27.7        |
-----------------------------------------
-----------------------------------------
| rollout/                |             |
|    ep_len_mean          | 8.93e+03    |
|    ep_rew_mean          | -716        |
| time/                   |             |
|    fps                  | 380         |
|    iterations           | 98          |
|    time_elapsed         | 527         |
|    total_timesteps      | 200704      |
| train/                  |             |
|    approx_kl            | 0.028780643 |
|    clip_fraction        | 0.261       |
|    clip_range           | 0.2         |
|    entropy_loss         | -16.2       |
|    explained_variance   | 0.952       |
|    learning_rate        | 0.0003      |
|    loss                 | 0.83        |
|    n_updates            | 970         |
|    policy_gradient_loss | -0.0166     |
|    std                  | 0.934       |
|    value_loss           | 2.69        |
-----------------------------------------
-----------------------------------------
| rollout/                |             |
|    ep_len_mean          | 8.93e+03    |
|    ep_rew_mean          | -716        |
| time/                   |             |
|    fps                  | 380         |
|    iterations           | 99          |
|    time_elapsed         | 533         |
|    total_timesteps      | 202752      |
| train/                  |             |
|    approx_kl            | 0.024862248 |
|    clip_fraction        | 0.284       |
|    clip_range           | 0.2         |
|    entropy_loss         | -16.2       |
|    explained_variance   | 0.954       |
|    learning_rate        | 0.0003      |
|    loss                 | 0.952       |
|    n_updates            | 980         |
|    policy_gradient_loss | -0.00683    |
|    std                  | 0.935       |
|    value_loss           | 2.38        |
-----------------------------------------
-----------------------------------------
| rollout/                |             |
|    ep_len_mean          | 8.93e+03    |
|    ep_rew_mean          | -716        |
| time/                   |             |
|    fps                  | 380         |
|    iterations           | 100         |
|    time_elapsed         | 537         |
|    total_timesteps      | 204800      |
| train/                  |             |
|    approx_kl            | 0.027364079 |
|    clip_fraction        | 0.298       |
|    clip_range           | 0.2         |
|    entropy_loss         | -16.1       |
|    explained_variance   | 0.982       |
|    learning_rate        | 0.0003      |
|    loss                 | 0.404       |
|    n_updates            | 990         |
|    policy_gradient_loss | -0.0124     |
|    std                  | 0.934       |
|    value_loss           | 1.39        |
-----------------------------------------
-----------------------------------------
| rollout/                |             |
|    ep_len_mean          | 8.93e+03    |
|    ep_rew_mean          | -716        |
| time/                   |             |
|    fps                  | 380         |
|    iterations           | 101         |
|    time_elapsed         | 543         |
|    total_timesteps      | 206848      |
| train/                  |             |
|    approx_kl            | 0.018544286 |
|    clip_fraction        | 0.25        |
|    clip_range           | 0.2         |
|    entropy_loss         | -16.2       |
|    explained_variance   | 0.979       |
|    learning_rate        | 0.0003      |
|    loss                 | 0.409       |
|    n_updates            | 1000        |
|    policy_gradient_loss | -0.0143     |
|    std                  | 0.935       |
|    value_loss           | 1.67        |
-----------------------------------------
-----------------------------------------
| rollout/                |             |
|    ep_len_mean          | 8.93e+03    |
|    ep_rew_mean          | -716        |
| time/                   |             |
|    fps                  | 380         |
|    iterations           | 102         |
|    time_elapsed         | 548         |
|    total_timesteps      | 208896      |
| train/                  |             |
|    approx_kl            | 0.018508762 |
|    clip_fraction        | 0.172       |
|    clip_range           | 0.2         |
|    entropy_loss         | -16.2       |
|    explained_variance   | 0.655       |
|    learning_rate        | 0.0003      |
|    loss                 | 1.22        |
|    n_updates            | 1010        |
|    policy_gradient_loss | -0.0128     |
|    std                  | 0.935       |
|    value_loss           | 24.8        |
-----------------------------------------
-----------------------------------------
| rollout/                |             |
|    ep_len_mean          | 8.93e+03    |
|    ep_rew_mean          | -716        |
| time/                   |             |
|    fps                  | 380         |
|    iterations           | 103         |
|    time_elapsed         | 554         |
|    total_timesteps      | 210944      |
| train/                  |             |
|    approx_kl            | 0.027909856 |
|    clip_fraction        | 0.294       |
|    clip_range           | 0.2         |
|    entropy_loss         | -16.2       |
|    explained_variance   | 0.955       |
|    learning_rate        | 0.0003      |
|    loss                 | 0.571       |
|    n_updates            | 1020        |
|    policy_gradient_loss | -0.0103     |
|    std                  | 0.942       |
|    value_loss           | 2.3         |
-----------------------------------------
----------------------------------------
| rollout/                |            |
|    ep_len_mean          | 8.93e+03   |
|    ep_rew_mean          | -716       |
| time/                   |            |
|    fps                  | 380        |
|    iterations           | 104        |
|    time_elapsed         | 559        |
|    total_timesteps      | 212992     |
| train/                  |            |
|    approx_kl            | 0.02392908 |
|    clip_fraction        | 0.269      |
|    clip_range           | 0.2        |
|    entropy_loss         | -16.3      |
|    explained_variance   | 0.965      |
|    learning_rate        | 0.0003     |
|    loss                 | 0.772      |
|    n_updates            | 1030       |
|    policy_gradient_loss | -0.0102    |
|    std                  | 0.943      |
|    value_loss           | 1.85       |
----------------------------------------
-----------------------------------------
| rollout/                |             |
|    ep_len_mean          | 8.93e+03    |
|    ep_rew_mean          | -716        |
| time/                   |             |
|    fps                  | 380         |
|    iterations           | 105         |
|    time_elapsed         | 564         |
|    total_timesteps      | 215040      |
| train/                  |             |
|    approx_kl            | 0.021981955 |
|    clip_fraction        | 0.277       |
|    clip_range           | 0.2         |
|    entropy_loss         | -16.2       |
|    explained_variance   | 0.971       |
|    learning_rate        | 0.0003      |
|    loss                 | 0.645       |
|    n_updates            | 1040        |
|    policy_gradient_loss | -0.00885    |
|    std                  | 0.939       |
|    value_loss           | 1.85        |
-----------------------------------------
-----------------------------------------
| rollout/                |             |
|    ep_len_mean          | 8.93e+03    |
|    ep_rew_mean          | -716        |
| time/                   |             |
|    fps                  | 381         |
|    iterations           | 106         |
|    time_elapsed         | 569         |
|    total_timesteps      | 217088      |
| train/                  |             |
|    approx_kl            | 0.012642486 |
|    clip_fraction        | 0.106       |
|    clip_range           | 0.2         |
|    entropy_loss         | -16.2       |
|    explained_variance   | 0.669       |
|    learning_rate        | 0.0003      |
|    loss                 | 1.83        |
|    n_updates            | 1050        |
|    policy_gradient_loss | -0.00782    |
|    std                  | 0.938       |
|    value_loss           | 33.4        |
-----------------------------------------
-----------------------------------------
| rollout/                |             |
|    ep_len_mean          | 8.93e+03    |
|    ep_rew_mean          | -716        |
| time/                   |             |
|    fps                  | 381         |
|    iterations           | 107         |
|    time_elapsed         | 574         |
|    total_timesteps      | 219136      |
| train/                  |             |
|    approx_kl            | 0.023001745 |
|    clip_fraction        | 0.227       |
|    clip_range           | 0.2         |
|    entropy_loss         | -16.2       |
|    explained_variance   | 0.95        |
|    learning_rate        | 0.0003      |
|    loss                 | 1           |
|    n_updates            | 1060        |
|    policy_gradient_loss | -0.0169     |
|    std                  | 0.94        |
|    value_loss           | 3.3         |
-----------------------------------------
-----------------------------------------
| rollout/                |             |
|    ep_len_mean          | 8.93e+03    |
|    ep_rew_mean          | -716        |
| time/                   |             |
|    fps                  | 381         |
|    iterations           | 108         |
|    time_elapsed         | 580         |
|    total_timesteps      | 221184      |
| train/                  |             |
|    approx_kl            | 0.018308686 |
|    clip_fraction        | 0.218       |
|    clip_range           | 0.2         |
|    entropy_loss         | -16.2       |
|    explained_variance   | 0.926       |
|    learning_rate        | 0.0003      |
|    loss                 | 1.09        |
|    n_updates            | 1070        |
|    policy_gradient_loss | -0.0127     |
|    std                  | 0.939       |
|    value_loss           | 3.08        |
-----------------------------------------
-----------------------------------------
| rollout/                |             |
|    ep_len_mean          | 8.93e+03    |
|    ep_rew_mean          | -716        |
| time/                   |             |
|    fps                  | 381         |
|    iterations           | 109         |
|    time_elapsed         | 585         |
|    total_timesteps      | 223232      |
| train/                  |             |
|    approx_kl            | 0.026810048 |
|    clip_fraction        | 0.235       |
|    clip_range           | 0.2         |
|    entropy_loss         | -16.2       |
|    explained_variance   | 0.965       |
|    learning_rate        | 0.0003      |
|    loss                 | 0.407       |
|    n_updates            | 1080        |
|    policy_gradient_loss | -0.0123     |
|    std                  | 0.933       |
|    value_loss           | 1.91        |
-----------------------------------------
-----------------------------------------
| rollout/                |             |
|    ep_len_mean          | 8.93e+03    |
|    ep_rew_mean          | -716        |
| time/                   |             |
|    fps                  | 381         |
|    iterations           | 110         |
|    time_elapsed         | 590         |
|    total_timesteps      | 225280      |
| train/                  |             |
|    approx_kl            | 0.015965754 |
|    clip_fraction        | 0.208       |
|    clip_range           | 0.2         |
|    entropy_loss         | -16.1       |
|    explained_variance   | 0.641       |
|    learning_rate        | 0.0003      |
|    loss                 | 1.35        |
|    n_updates            | 1090        |
|    policy_gradient_loss | -0.0101     |
|    std                  | 0.933       |
|    value_loss           | 31.7        |
-----------------------------------------
-----------------------------------------
| rollout/                |             |
|    ep_len_mean          | 8.93e+03    |
|    ep_rew_mean          | -716        |
| time/                   |             |
|    fps                  | 381         |
|    iterations           | 111         |
|    time_elapsed         | 595         |
|    total_timesteps      | 227328      |
| train/                  |             |
|    approx_kl            | 0.020085558 |
|    clip_fraction        | 0.264       |
|    clip_range           | 0.2         |
|    entropy_loss         | -16.1       |
|    explained_variance   | 0.896       |
|    learning_rate        | 0.0003      |
|    loss                 | 0.981       |
|    n_updates            | 1100        |
|    policy_gradient_loss | -0.0147     |
|    std                  | 0.933       |
|    value_loss           | 4.13        |
-----------------------------------------
-----------------------------------------
| rollout/                |             |
|    ep_len_mean          | 8.93e+03    |
|    ep_rew_mean          | -716        |
| time/                   |             |
|    fps                  | 381         |
|    iterations           | 112         |
|    time_elapsed         | 601         |
|    total_timesteps      | 229376      |
| train/                  |             |
|    approx_kl            | 0.026112901 |
|    clip_fraction        | 0.301       |
|    clip_range           | 0.2         |
|    entropy_loss         | -16.1       |
|    explained_variance   | 0.954       |
|    learning_rate        | 0.0003      |
|    loss                 | 0.959       |
|    n_updates            | 1110        |
|    policy_gradient_loss | -0.011      |
|    std                  | 0.931       |
|    value_loss           | 2.3         |
-----------------------------------------
-----------------------------------------
| rollout/                |             |
|    ep_len_mean          | 8.93e+03    |
|    ep_rew_mean          | -716        |
| time/                   |             |
|    fps                  | 381         |
|    iterations           | 113         |
|    time_elapsed         | 606         |
|    total_timesteps      | 231424      |
| train/                  |             |
|    approx_kl            | 0.021776896 |
|    clip_fraction        | 0.247       |
|    clip_range           | 0.2         |
|    entropy_loss         | -16.1       |
|    explained_variance   | 0.974       |
|    learning_rate        | 0.0003      |
|    loss                 | 0.568       |
|    n_updates            | 1120        |
|    policy_gradient_loss | -0.011      |
|    std                  | 0.931       |
|    value_loss           | 1.99        |
-----------------------------------------
-----------------------------------------
| rollout/                |             |
|    ep_len_mean          | 8.93e+03    |
|    ep_rew_mean          | -715        |
| time/                   |             |
|    fps                  | 382         |
|    iterations           | 114         |
|    time_elapsed         | 611         |
|    total_timesteps      | 233472      |
| train/                  |             |
|    approx_kl            | 0.031490996 |
|    clip_fraction        | 0.249       |
|    clip_range           | 0.2         |
|    entropy_loss         | -16         |
|    explained_variance   | 0.97        |
|    learning_rate        | 0.0003      |
|    loss                 | 0.976       |
|    n_updates            | 1130        |
|    policy_gradient_loss | -0.0156     |
|    std                  | 0.926       |
|    value_loss           | 2.48        |
-----------------------------------------
------------------------------------------
| rollout/                |              |
|    ep_len_mean          | 8.93e+03     |
|    ep_rew_mean          | -715         |
| time/                   |              |
|    fps                  | 381          |
|    iterations           | 115          |
|    time_elapsed         | 616          |
|    total_timesteps      | 235520       |
| train/                  |              |
|    approx_kl            | 0.0121884495 |
|    clip_fraction        | 0.103        |
|    clip_range           | 0.2          |
|    entropy_loss         | -16          |
|    explained_variance   | 0.621        |
|    learning_rate        | 0.0003       |
|    loss                 | 1.49         |
|    n_updates            | 1140         |
|    policy_gradient_loss | -0.00787     |
|    std                  | 0.925        |
|    value_loss           | 40.2         |
------------------------------------------
-----------------------------------------
| rollout/                |             |
|    ep_len_mean          | 8.93e+03    |
|    ep_rew_mean          | -715        |
| time/                   |             |
|    fps                  | 381         |
|    iterations           | 116         |
|    time_elapsed         | 622         |
|    total_timesteps      | 237568      |
| train/                  |             |
|    approx_kl            | 0.029743973 |
|    clip_fraction        | 0.299       |
|    clip_range           | 0.2         |
|    entropy_loss         | -16         |
|    explained_variance   | 0.954       |
|    learning_rate        | 0.0003      |
|    loss                 | 0.672       |
|    n_updates            | 1150        |
|    policy_gradient_loss | -0.0119     |
|    std                  | 0.927       |
|    value_loss           | 2.18        |
-----------------------------------------
----------------------------------------
| rollout/                |            |
|    ep_len_mean          | 8.93e+03   |
|    ep_rew_mean          | -715       |
| time/                   |            |
|    fps                  | 381        |
|    iterations           | 117        |
|    time_elapsed         | 628        |
|    total_timesteps      | 239616     |
| train/                  |            |
|    approx_kl            | 0.02415146 |
|    clip_fraction        | 0.283      |
|    clip_range           | 0.2        |
|    entropy_loss         | -16        |
|    explained_variance   | 0.967      |
|    learning_rate        | 0.0003     |
|    loss                 | 0.822      |
|    n_updates            | 1160       |
|    policy_gradient_loss | -0.0151    |
|    std                  | 0.928      |
|    value_loss           | 2.1        |
----------------------------------------
-----------------------------------------
| rollout/                |             |
|    ep_len_mean          | 8.93e+03    |
|    ep_rew_mean          | -715        |
| time/                   |             |
|    fps                  | 380         |
|    iterations           | 118         |
|    time_elapsed         | 634         |
|    total_timesteps      | 241664      |
| train/                  |             |
|    approx_kl            | 0.018005356 |
|    clip_fraction        | 0.244       |
|    clip_range           | 0.2         |
|    entropy_loss         | -16         |
|    explained_variance   | 0.973       |
|    learning_rate        | 0.0003      |
|    loss                 | 0.591       |
|    n_updates            | 1170        |
|    policy_gradient_loss | -0.0151     |
|    std                  | 0.927       |
|    value_loss           | 1.9         |
-----------------------------------------
-----------------------------------------
| rollout/                |             |
|    ep_len_mean          | 8.93e+03    |
|    ep_rew_mean          | -715        |
| time/                   |             |
|    fps                  | 380         |
|    iterations           | 119         |
|    time_elapsed         | 640         |
|    total_timesteps      | 243712      |
| train/                  |             |
|    approx_kl            | 0.017417707 |
|    clip_fraction        | 0.157       |
|    clip_range           | 0.2         |
|    entropy_loss         | -16         |
|    explained_variance   | 0.478       |
|    learning_rate        | 0.0003      |
|    loss                 | 6.56        |
|    n_updates            | 1180        |
|    policy_gradient_loss | -0.0108     |
|    std                  | 0.927       |
|    value_loss           | 33.8        |
-----------------------------------------
-----------------------------------------
| rollout/                |             |
|    ep_len_mean          | 8.93e+03    |
|    ep_rew_mean          | -715        |
| time/                   |             |
|    fps                  | 380         |
|    iterations           | 120         |
|    time_elapsed         | 646         |
|    total_timesteps      | 245760      |
| train/                  |             |
|    approx_kl            | 0.029180534 |
|    clip_fraction        | 0.288       |
|    clip_range           | 0.2         |
|    entropy_loss         | -16         |
|    explained_variance   | 0.979       |
|    learning_rate        | 0.0003      |
|    loss                 | 0.512       |
|    n_updates            | 1190        |
|    policy_gradient_loss | -0.0145     |
|    std                  | 0.927       |
|    value_loss           | 1.79        |
-----------------------------------------
-----------------------------------------
| rollout/                |             |
|    ep_len_mean          | 8.93e+03    |
|    ep_rew_mean          | -715        |
| time/                   |             |
|    fps                  | 379         |
|    iterations           | 121         |
|    time_elapsed         | 652         |
|    total_timesteps      | 247808      |
| train/                  |             |
|    approx_kl            | 0.023516918 |
|    clip_fraction        | 0.254       |
|    clip_range           | 0.2         |
|    entropy_loss         | -16         |
|    explained_variance   | 0.936       |
|    learning_rate        | 0.0003      |
|    loss                 | 0.803       |
|    n_updates            | 1200        |
|    policy_gradient_loss | -0.0156     |
|    std                  | 0.923       |
|    value_loss           | 2.59        |
-----------------------------------------
-----------------------------------------
| rollout/                |             |
|    ep_len_mean          | 8.93e+03    |
|    ep_rew_mean          | -715        |
| time/                   |             |
|    fps                  | 379         |
|    iterations           | 122         |
|    time_elapsed         | 659         |
|    total_timesteps      | 249856      |
| train/                  |             |
|    approx_kl            | 0.023639327 |
|    clip_fraction        | 0.294       |
|    clip_range           | 0.2         |
|    entropy_loss         | -16         |
|    explained_variance   | 0.977       |
|    learning_rate        | 0.0003      |
|    loss                 | 0.425       |
|    n_updates            | 1210        |
|    policy_gradient_loss | -0.017      |
|    std                  | 0.922       |
|    value_loss           | 1.66        |
-----------------------------------------
-----------------------------------------
| rollout/                |             |
|    ep_len_mean          | 8.93e+03    |
|    ep_rew_mean          | -715        |
| time/                   |             |
|    fps                  | 379         |
|    iterations           | 123         |
|    time_elapsed         | 664         |
|    total_timesteps      | 251904      |
| train/                  |             |
|    approx_kl            | 0.019276902 |
|    clip_fraction        | 0.259       |
|    clip_range           | 0.2         |
|    entropy_loss         | -16         |
|    explained_variance   | 0.985       |
|    learning_rate        | 0.0003      |
|    loss                 | 0.636       |
|    n_updates            | 1220        |
|    policy_gradient_loss | -0.0146     |
|    std                  | 0.925       |
|    value_loss           | 1.9         |
-----------------------------------------
------------------------------------------
| rollout/                |              |
|    ep_len_mean          | 8.93e+03     |
|    ep_rew_mean          | -715         |
| time/                   |              |
|    fps                  | 379          |
|    iterations           | 124          |
|    time_elapsed         | 670          |
|    total_timesteps      | 253952       |
| train/                  |              |
|    approx_kl            | 0.0141171105 |
|    clip_fraction        | 0.165        |
|    clip_range           | 0.2          |
|    entropy_loss         | -16          |
|    explained_variance   | 0.414        |
|    learning_rate        | 0.0003       |
|    loss                 | 6.75         |
|    n_updates            | 1230         |
|    policy_gradient_loss | -0.0114      |
|    std                  | 0.924        |
|    value_loss           | 41.9         |
------------------------------------------
---------------------------------------
| rollout/                |           |
|    ep_len_mean          | 8.93e+03  |
|    ep_rew_mean          | -715      |
| time/                   |           |
|    fps                  | 378       |
|    iterations           | 125       |
|    time_elapsed         | 676       |
|    total_timesteps      | 256000    |
| train/                  |           |
|    approx_kl            | 0.0267495 |
|    clip_fraction        | 0.256     |
|    clip_range           | 0.2       |
|    entropy_loss         | -16       |
|    explained_variance   | 0.963     |
|    learning_rate        | 0.0003    |
|    loss                 | 1.08      |
|    n_updates            | 1240      |
|    policy_gradient_loss | -0.0117   |
|    std                  | 0.927     |
|    value_loss           | 2.74      |
---------------------------------------
-----------------------------------------
| rollout/                |             |
|    ep_len_mean          | 8.93e+03    |
|    ep_rew_mean          | -715        |
| time/                   |             |
|    fps                  | 377         |
|    iterations           | 126         |
|    time_elapsed         | 682         |
|    total_timesteps      | 258048      |
| train/                  |             |
|    approx_kl            | 0.027442109 |
|    clip_fraction        | 0.305       |
|    clip_range           | 0.2         |
|    entropy_loss         | -16         |
|    explained_variance   | 0.981       |
|    learning_rate        | 0.0003      |
|    loss                 | 0.504       |
|    n_updates            | 1250        |
|    policy_gradient_loss | -0.0121     |
|    std                  | 0.923       |
|    value_loss           | 1.63        |
-----------------------------------------
-----------------------------------------
| rollout/                |             |
|    ep_len_mean          | 8.93e+03    |
|    ep_rew_mean          | -714        |
| time/                   |             |
|    fps                  | 377         |
|    iterations           | 127         |
|    time_elapsed         | 688         |
|    total_timesteps      | 260096      |
| train/                  |             |
|    approx_kl            | 0.021309115 |
|    clip_fraction        | 0.227       |
|    clip_range           | 0.2         |
|    entropy_loss         | -16         |
|    explained_variance   | 0.974       |
|    learning_rate        | 0.0003      |
|    loss                 | 0.794       |
|    n_updates            | 1260        |
|    policy_gradient_loss | -0.0156     |
|    std                  | 0.926       |
|    value_loss           | 2.4         |
-----------------------------------------
-----------------------------------------
| rollout/                |             |
|    ep_len_mean          | 8.93e+03    |
|    ep_rew_mean          | -714        |
| time/                   |             |
|    fps                  | 377         |
|    iterations           | 128         |
|    time_elapsed         | 694         |
|    total_timesteps      | 262144      |
| train/                  |             |
|    approx_kl            | 0.016981864 |
|    clip_fraction        | 0.163       |
|    clip_range           | 0.2         |
|    entropy_loss         | -16         |
|    explained_variance   | 0.61        |
|    learning_rate        | 0.0003      |
|    loss                 | 2.02        |
|    n_updates            | 1270        |
|    policy_gradient_loss | -0.0084     |
|    std                  | 0.926       |
|    value_loss           | 38.5        |
-----------------------------------------
-----------------------------------------
| rollout/                |             |
|    ep_len_mean          | 8.93e+03    |
|    ep_rew_mean          | -714        |
| time/                   |             |
|    fps                  | 377         |
|    iterations           | 129         |
|    time_elapsed         | 700         |
|    total_timesteps      | 264192      |
| train/                  |             |
|    approx_kl            | 0.023969669 |
|    clip_fraction        | 0.283       |
|    clip_range           | 0.2         |
|    entropy_loss         | -16         |
|    explained_variance   | 0.942       |
|    learning_rate        | 0.0003      |
|    loss                 | 0.569       |
|    n_updates            | 1280        |
|    policy_gradient_loss | -0.00923    |
|    std                  | 0.922       |
|    value_loss           | 2.04        |
-----------------------------------------
----------------------------------------
| rollout/                |            |
|    ep_len_mean          | 8.93e+03   |
|    ep_rew_mean          | -714       |
| time/                   |            |
|    fps                  | 377        |
|    iterations           | 130        |
|    time_elapsed         | 705        |
|    total_timesteps      | 266240     |
| train/                  |            |
|    approx_kl            | 0.02027259 |
|    clip_fraction        | 0.258      |
|    clip_range           | 0.2        |
|    entropy_loss         | -16        |
|    explained_variance   | 0.953      |
|    learning_rate        | 0.0003     |
|    loss                 | 1.04       |
|    n_updates            | 1290       |
|    policy_gradient_loss | -0.0127    |
|    std                  | 0.928      |
|    value_loss           | 2.44       |
----------------------------------------
-----------------------------------------
| rollout/                |             |
|    ep_len_mean          | 8.93e+03    |
|    ep_rew_mean          | -714        |
| time/                   |             |
|    fps                  | 376         |
|    iterations           | 131         |
|    time_elapsed         | 712         |
|    total_timesteps      | 268288      |
| train/                  |             |
|    approx_kl            | 0.023020454 |
|    clip_fraction        | 0.246       |
|    clip_range           | 0.2         |
|    entropy_loss         | -16         |
|    explained_variance   | 0.974       |
|    learning_rate        | 0.0003      |
|    loss                 | 0.81        |
|    n_updates            | 1300        |
|    policy_gradient_loss | -0.00946    |
|    std                  | 0.925       |
|    value_loss           | 1.61        |
-----------------------------------------
-----------------------------------------
| rollout/                |             |
|    ep_len_mean          | 8.93e+03    |
|    ep_rew_mean          | -714        |
| time/                   |             |
|    fps                  | 375         |
|    iterations           | 132         |
|    time_elapsed         | 719         |
|    total_timesteps      | 270336      |
| train/                  |             |
|    approx_kl            | 0.011891888 |
|    clip_fraction        | 0.144       |
|    clip_range           | 0.2         |
|    entropy_loss         | -16         |
|    explained_variance   | 0.446       |
|    learning_rate        | 0.0003      |
|    loss                 | 0.772       |
|    n_updates            | 1310        |
|    policy_gradient_loss | -0.00648    |
|    std                  | 0.924       |
|    value_loss           | 38          |
-----------------------------------------
----------------------------------------
| rollout/                |            |
|    ep_len_mean          | 8.93e+03   |
|    ep_rew_mean          | -714       |
| time/                   |            |
|    fps                  | 375        |
|    iterations           | 133        |
|    time_elapsed         | 726        |
|    total_timesteps      | 272384     |
| train/                  |            |
|    approx_kl            | 0.02611507 |
|    clip_fraction        | 0.28       |
|    clip_range           | 0.2        |
|    entropy_loss         | -16        |
|    explained_variance   | 0.905      |
|    learning_rate        | 0.0003     |
|    loss                 | 0.89       |
|    n_updates            | 1320       |
|    policy_gradient_loss | -0.0128    |
|    std                  | 0.922      |
|    value_loss           | 4.89       |
----------------------------------------
-----------------------------------------
| rollout/                |             |
|    ep_len_mean          | 8.93e+03    |
|    ep_rew_mean          | -714        |
| time/                   |             |
|    fps                  | 374         |
|    iterations           | 134         |
|    time_elapsed         | 732         |
|    total_timesteps      | 274432      |
| train/                  |             |
|    approx_kl            | 0.029790564 |
|    clip_fraction        | 0.263       |
|    clip_range           | 0.2         |
|    entropy_loss         | -16         |
|    explained_variance   | 0.899       |
|    learning_rate        | 0.0003      |
|    loss                 | 0.89        |
|    n_updates            | 1330        |
|    policy_gradient_loss | -0.012      |
|    std                  | 0.923       |
|    value_loss           | 2.77        |
-----------------------------------------
----------------------------------------
| rollout/                |            |
|    ep_len_mean          | 8.93e+03   |
|    ep_rew_mean          | -714       |
| time/                   |            |
|    fps                  | 375        |
|    iterations           | 135        |
|    time_elapsed         | 736        |
|    total_timesteps      | 276480     |
| train/                  |            |
|    approx_kl            | 0.01798837 |
|    clip_fraction        | 0.231      |
|    clip_range           | 0.2        |
|    entropy_loss         | -16        |
|    explained_variance   | 0.961      |
|    learning_rate        | 0.0003     |
|    loss                 | 1.47       |
|    n_updates            | 1340       |
|    policy_gradient_loss | -0.0123    |
|    std                  | 0.921      |
|    value_loss           | 2.57       |
----------------------------------------
-----------------------------------------
| rollout/                |             |
|    ep_len_mean          | 8.93e+03    |
|    ep_rew_mean          | -714        |
| time/                   |             |
|    fps                  | 375         |
|    iterations           | 136         |
|    time_elapsed         | 741         |
|    total_timesteps      | 278528      |
| train/                  |             |
|    approx_kl            | 0.022353847 |
|    clip_fraction        | 0.243       |
|    clip_range           | 0.2         |
|    entropy_loss         | -15.9       |
|    explained_variance   | 0.977       |
|    learning_rate        | 0.0003      |
|    loss                 | 0.584       |
|    n_updates            | 1350        |
|    policy_gradient_loss | -0.0114     |
|    std                  | 0.915       |
|    value_loss           | 2.4         |
-----------------------------------------
-----------------------------------------
| rollout/                |             |
|    ep_len_mean          | 8.93e+03    |
|    ep_rew_mean          | -714        |
| time/                   |             |
|    fps                  | 375         |
|    iterations           | 137         |
|    time_elapsed         | 746         |
|    total_timesteps      | 280576      |
| train/                  |             |
|    approx_kl            | 0.015043333 |
|    clip_fraction        | 0.143       |
|    clip_range           | 0.2         |
|    entropy_loss         | -15.9       |
|    explained_variance   | 0.476       |
|    learning_rate        | 0.0003      |
|    loss                 | 2.27        |
|    n_updates            | 1360        |
|    policy_gradient_loss | -0.0108     |
|    std                  | 0.913       |
|    value_loss           | 37.8        |
-----------------------------------------
----------------------------------------
| rollout/                |            |
|    ep_len_mean          | 8.93e+03   |
|    ep_rew_mean          | -714       |
| time/                   |            |
|    fps                  | 375        |
|    iterations           | 138        |
|    time_elapsed         | 752        |
|    total_timesteps      | 282624     |
| train/                  |            |
|    approx_kl            | 0.02206242 |
|    clip_fraction        | 0.259      |
|    clip_range           | 0.2        |
|    entropy_loss         | -15.9      |
|    explained_variance   | 0.963      |
|    learning_rate        | 0.0003     |
|    loss                 | 0.864      |
|    n_updates            | 1370       |
|    policy_gradient_loss | -0.0122    |
|    std                  | 0.916      |
|    value_loss           | 2.74       |
----------------------------------------
-----------------------------------------
| rollout/                |             |
|    ep_len_mean          | 8.93e+03    |
|    ep_rew_mean          | -714        |
| time/                   |             |
|    fps                  | 375         |
|    iterations           | 139         |
|    time_elapsed         | 757         |
|    total_timesteps      | 284672      |
| train/                  |             |
|    approx_kl            | 0.027179541 |
|    clip_fraction        | 0.275       |
|    clip_range           | 0.2         |
|    entropy_loss         | -15.9       |
|    explained_variance   | 0.98        |
|    learning_rate        | 0.0003      |
|    loss                 | 0.789       |
|    n_updates            | 1380        |
|    policy_gradient_loss | -0.0134     |
|    std                  | 0.913       |
|    value_loss           | 2.22        |
-----------------------------------------
----------------------------------------
| rollout/                |            |
|    ep_len_mean          | 8.93e+03   |
|    ep_rew_mean          | -713       |
| time/                   |            |
|    fps                  | 375        |
|    iterations           | 140        |
|    time_elapsed         | 764        |
|    total_timesteps      | 286720     |
| train/                  |            |
|    approx_kl            | 0.02045705 |
|    clip_fraction        | 0.258      |
|    clip_range           | 0.2        |
|    entropy_loss         | -15.8      |
|    explained_variance   | 0.973      |
|    learning_rate        | 0.0003     |
|    loss                 | 0.728      |
|    n_updates            | 1390       |
|    policy_gradient_loss | -0.0148    |
|    std                  | 0.911      |
|    value_loss           | 2.53       |
----------------------------------------
----------------------------------------
| rollout/                |            |
|    ep_len_mean          | 8.93e+03   |
|    ep_rew_mean          | -713       |
| time/                   |            |
|    fps                  | 375        |
|    iterations           | 141        |
|    time_elapsed         | 768        |
|    total_timesteps      | 288768     |
| train/                  |            |
|    approx_kl            | 0.01741632 |
|    clip_fraction        | 0.179      |
|    clip_range           | 0.2        |
|    entropy_loss         | -15.8      |
|    explained_variance   | 0.591      |
|    learning_rate        | 0.0003     |
|    loss                 | 3.08       |
|    n_updates            | 1400       |
|    policy_gradient_loss | -0.00855   |
|    std                  | 0.911      |
|    value_loss           | 40.6       |
----------------------------------------
-----------------------------------------
| rollout/                |             |
|    ep_len_mean          | 8.93e+03    |
|    ep_rew_mean          | -713        |
| time/                   |             |
|    fps                  | 375         |
|    iterations           | 142         |
|    time_elapsed         | 774         |
|    total_timesteps      | 290816      |
| train/                  |             |
|    approx_kl            | 0.029294934 |
|    clip_fraction        | 0.296       |
|    clip_range           | 0.2         |
|    entropy_loss         | -15.8       |
|    explained_variance   | 0.93        |
|    learning_rate        | 0.0003      |
|    loss                 | 0.751       |
|    n_updates            | 1410        |
|    policy_gradient_loss | -0.0071     |
|    std                  | 0.911       |
|    value_loss           | 2.3         |
-----------------------------------------
-----------------------------------------
| rollout/                |             |
|    ep_len_mean          | 8.93e+03    |
|    ep_rew_mean          | -713        |
| time/                   |             |
|    fps                  | 375         |
|    iterations           | 143         |
|    time_elapsed         | 779         |
|    total_timesteps      | 292864      |
| train/                  |             |
|    approx_kl            | 0.021229371 |
|    clip_fraction        | 0.243       |
|    clip_range           | 0.2         |
|    entropy_loss         | -15.8       |
|    explained_variance   | 0.959       |
|    learning_rate        | 0.0003      |
|    loss                 | 1.58        |
|    n_updates            | 1420        |
|    policy_gradient_loss | -0.0121     |
|    std                  | 0.911       |
|    value_loss           | 2.65        |
-----------------------------------------
-----------------------------------------
| rollout/                |             |
|    ep_len_mean          | 8.93e+03    |
|    ep_rew_mean          | -713        |
| time/                   |             |
|    fps                  | 376         |
|    iterations           | 144         |
|    time_elapsed         | 783         |
|    total_timesteps      | 294912      |
| train/                  |             |
|    approx_kl            | 0.032253135 |
|    clip_fraction        | 0.293       |
|    clip_range           | 0.2         |
|    entropy_loss         | -15.8       |
|    explained_variance   | 0.977       |
|    learning_rate        | 0.0003      |
|    loss                 | 0.64        |
|    n_updates            | 1430        |
|    policy_gradient_loss | -0.0107     |
|    std                  | 0.91        |
|    value_loss           | 1.85        |
-----------------------------------------
-----------------------------------------
| rollout/                |             |
|    ep_len_mean          | 8.93e+03    |
|    ep_rew_mean          | -713        |
| time/                   |             |
|    fps                  | 376         |
|    iterations           | 145         |
|    time_elapsed         | 789         |
|    total_timesteps      | 296960      |
| train/                  |             |
|    approx_kl            | 0.018935878 |
|    clip_fraction        | 0.167       |
|    clip_range           | 0.2         |
|    entropy_loss         | -15.8       |
|    explained_variance   | 0.431       |
|    learning_rate        | 0.0003      |
|    loss                 | 1.35        |
|    n_updates            | 1440        |
|    policy_gradient_loss | -0.00945    |
|    std                  | 0.908       |
|    value_loss           | 42          |
-----------------------------------------
-----------------------------------------
| rollout/                |             |
|    ep_len_mean          | 8.93e+03    |
|    ep_rew_mean          | -713        |
| time/                   |             |
|    fps                  | 376         |
|    iterations           | 146         |
|    time_elapsed         | 795         |
|    total_timesteps      | 299008      |
| train/                  |             |
|    approx_kl            | 0.031123145 |
|    clip_fraction        | 0.273       |
|    clip_range           | 0.2         |
|    entropy_loss         | -15.8       |
|    explained_variance   | 0.911       |
|    learning_rate        | 0.0003      |
|    loss                 | 1.03        |
|    n_updates            | 1450        |
|    policy_gradient_loss | -0.0128     |
|    std                  | 0.906       |
|    value_loss           | 3.98        |
-----------------------------------------
-----------------------------------------
| rollout/                |             |
|    ep_len_mean          | 8.93e+03    |
|    ep_rew_mean          | -713        |
| time/                   |             |
|    fps                  | 375         |
|    iterations           | 147         |
|    time_elapsed         | 801         |
|    total_timesteps      | 301056      |
| train/                  |             |
|    approx_kl            | 0.029617019 |
|    clip_fraction        | 0.295       |
|    clip_range           | 0.2         |
|    entropy_loss         | -15.8       |
|    explained_variance   | 0.946       |
|    learning_rate        | 0.0003      |
|    loss                 | 0.782       |
|    n_updates            | 1460        |
|    policy_gradient_loss | -0.0171     |
|    std                  | 0.908       |
|    value_loss           | 2.61        |
-----------------------------------------
-----------------------------------------
| rollout/                |             |
|    ep_len_mean          | 8.93e+03    |
|    ep_rew_mean          | -713        |
| time/                   |             |
|    fps                  | 375         |
|    iterations           | 148         |
|    time_elapsed         | 807         |
|    total_timesteps      | 303104      |
| train/                  |             |
|    approx_kl            | 0.027860261 |
|    clip_fraction        | 0.281       |
|    clip_range           | 0.2         |
|    entropy_loss         | -15.8       |
|    explained_variance   | 0.963       |
|    learning_rate        | 0.0003      |
|    loss                 | 0.892       |
|    n_updates            | 1470        |
|    policy_gradient_loss | -0.0157     |
|    std                  | 0.911       |
|    value_loss           | 2.51        |
-----------------------------------------
-----------------------------------------
| rollout/                |             |
|    ep_len_mean          | 8.93e+03    |
|    ep_rew_mean          | -713        |
| time/                   |             |
|    fps                  | 375         |
|    iterations           | 149         |
|    time_elapsed         | 812         |
|    total_timesteps      | 305152      |
| train/                  |             |
|    approx_kl            | 0.023537334 |
|    clip_fraction        | 0.273       |
|    clip_range           | 0.2         |
|    entropy_loss         | -15.8       |
|    explained_variance   | 0.979       |
|    learning_rate        | 0.0003      |
|    loss                 | 0.903       |
|    n_updates            | 1480        |
|    policy_gradient_loss | -0.0183     |
|    std                  | 0.912       |
|    value_loss           | 2.65        |
-----------------------------------------
-----------------------------------------
| rollout/                |             |
|    ep_len_mean          | 8.93e+03    |
|    ep_rew_mean          | -713        |
| time/                   |             |
|    fps                  | 375         |
|    iterations           | 150         |
|    time_elapsed         | 817         |
|    total_timesteps      | 307200      |
| train/                  |             |
|    approx_kl            | 0.026243834 |
|    clip_fraction        | 0.215       |
|    clip_range           | 0.2         |
|    entropy_loss         | -15.8       |
|    explained_variance   | 0.483       |
|    learning_rate        | 0.0003      |
|    loss                 | 24          |
|    n_updates            | 1490        |
|    policy_gradient_loss | -0.0141     |
|    std                  | 0.911       |
|    value_loss           | 46.2        |
-----------------------------------------
----------------------------------------
| rollout/                |            |
|    ep_len_mean          | 8.93e+03   |
|    ep_rew_mean          | -713       |
| time/                   |            |
|    fps                  | 376        |
|    iterations           | 151        |
|    time_elapsed         | 822        |
|    total_timesteps      | 309248     |
| train/                  |            |
|    approx_kl            | 0.02685737 |
|    clip_fraction        | 0.276      |
|    clip_range           | 0.2        |
|    entropy_loss         | -15.8      |
|    explained_variance   | 0.967      |
|    learning_rate        | 0.0003     |
|    loss                 | 1.03       |
|    n_updates            | 1500       |
|    policy_gradient_loss | -0.0103    |
|    std                  | 0.915      |
|    value_loss           | 3.13       |
----------------------------------------
-----------------------------------------
| rollout/                |             |
|    ep_len_mean          | 8.93e+03    |
|    ep_rew_mean          | -713        |
| time/                   |             |
|    fps                  | 376         |
|    iterations           | 152         |
|    time_elapsed         | 827         |
|    total_timesteps      | 311296      |
| train/                  |             |
|    approx_kl            | 0.021656465 |
|    clip_fraction        | 0.265       |
|    clip_range           | 0.2         |
|    entropy_loss         | -15.9       |
|    explained_variance   | 0.977       |
|    learning_rate        | 0.0003      |
|    loss                 | 1.06        |
|    n_updates            | 1510        |
|    policy_gradient_loss | -0.008      |
|    std                  | 0.915       |
|    value_loss           | 2.39        |
-----------------------------------------
-----------------------------------------
| rollout/                |             |
|    ep_len_mean          | 8.93e+03    |
|    ep_rew_mean          | -712        |
| time/                   |             |
|    fps                  | 375         |
|    iterations           | 153         |
|    time_elapsed         | 834         |
|    total_timesteps      | 313344      |
| train/                  |             |
|    approx_kl            | 0.023388145 |
|    clip_fraction        | 0.279       |
|    clip_range           | 0.2         |
|    entropy_loss         | -15.8       |
|    explained_variance   | 0.977       |
|    learning_rate        | 0.0003      |
|    loss                 | 0.672       |
|    n_updates            | 1520        |
|    policy_gradient_loss | -0.0131     |
|    std                  | 0.914       |
|    value_loss           | 2.73        |
-----------------------------------------
-----------------------------------------
| rollout/                |             |
|    ep_len_mean          | 8.93e+03    |
|    ep_rew_mean          | -712        |
| time/                   |             |
|    fps                  | 375         |
|    iterations           | 154         |
|    time_elapsed         | 839         |
|    total_timesteps      | 315392      |
| train/                  |             |
|    approx_kl            | 0.012229852 |
|    clip_fraction        | 0.128       |
|    clip_range           | 0.2         |
|    entropy_loss         | -15.8       |
|    explained_variance   | 0.609       |
|    learning_rate        | 0.0003      |
|    loss                 | 1.77        |
|    n_updates            | 1530        |
|    policy_gradient_loss | -0.0101     |
|    std                  | 0.913       |
|    value_loss           | 46          |
-----------------------------------------
-----------------------------------------
| rollout/                |             |
|    ep_len_mean          | 8.93e+03    |
|    ep_rew_mean          | -712        |
| time/                   |             |
|    fps                  | 376         |
|    iterations           | 155         |
|    time_elapsed         | 844         |
|    total_timesteps      | 317440      |
| train/                  |             |
|    approx_kl            | 0.025701437 |
|    clip_fraction        | 0.273       |
|    clip_range           | 0.2         |
|    entropy_loss         | -15.8       |
|    explained_variance   | 0.959       |
|    learning_rate        | 0.0003      |
|    loss                 | 1.14        |
|    n_updates            | 1540        |
|    policy_gradient_loss | -0.0089     |
|    std                  | 0.913       |
|    value_loss           | 3.02        |
-----------------------------------------
-----------------------------------------
| rollout/                |             |
|    ep_len_mean          | 8.93e+03    |
|    ep_rew_mean          | -712        |
| time/                   |             |
|    fps                  | 376         |
|    iterations           | 156         |
|    time_elapsed         | 849         |
|    total_timesteps      | 319488      |
| train/                  |             |
|    approx_kl            | 0.018739596 |
|    clip_fraction        | 0.266       |
|    clip_range           | 0.2         |
|    entropy_loss         | -15.8       |
|    explained_variance   | 0.948       |
|    learning_rate        | 0.0003      |
|    loss                 | 1.1         |
|    n_updates            | 1550        |
|    policy_gradient_loss | -0.00981    |
|    std                  | 0.913       |
|    value_loss           | 3.04        |
-----------------------------------------
----------------------------------------
| rollout/                |            |
|    ep_len_mean          | 8.93e+03   |
|    ep_rew_mean          | -712       |
| time/                   |            |
|    fps                  | 376        |
|    iterations           | 157        |
|    time_elapsed         | 854        |
|    total_timesteps      | 321536     |
| train/                  |            |
|    approx_kl            | 0.02501356 |
|    clip_fraction        | 0.273      |
|    clip_range           | 0.2        |
|    entropy_loss         | -15.8      |
|    explained_variance   | 0.976      |
|    learning_rate        | 0.0003     |
|    loss                 | 0.812      |
|    n_updates            | 1560       |
|    policy_gradient_loss | -0.0147    |
|    std                  | 0.912      |
|    value_loss           | 2.19       |
----------------------------------------
-----------------------------------------
| rollout/                |             |
|    ep_len_mean          | 8.93e+03    |
|    ep_rew_mean          | -712        |
| time/                   |             |
|    fps                  | 376         |
|    iterations           | 158         |
|    time_elapsed         | 859         |
|    total_timesteps      | 323584      |
| train/                  |             |
|    approx_kl            | 0.021909188 |
|    clip_fraction        | 0.185       |
|    clip_range           | 0.2         |
|    entropy_loss         | -15.8       |
|    explained_variance   | 0.521       |
|    learning_rate        | 0.0003      |
|    loss                 | 3.09        |
|    n_updates            | 1570        |
|    policy_gradient_loss | -0.00269    |
|    std                  | 0.912       |
|    value_loss           | 42.8        |
-----------------------------------------
-----------------------------------------
| rollout/                |             |
|    ep_len_mean          | 8.93e+03    |
|    ep_rew_mean          | -712        |
| time/                   |             |
|    fps                  | 376         |
|    iterations           | 159         |
|    time_elapsed         | 864         |
|    total_timesteps      | 325632      |
| train/                  |             |
|    approx_kl            | 0.025179062 |
|    clip_fraction        | 0.269       |
|    clip_range           | 0.2         |
|    entropy_loss         | -15.8       |
|    explained_variance   | 0.838       |
|    learning_rate        | 0.0003      |
|    loss                 | 2.01        |
|    n_updates            | 1580        |
|    policy_gradient_loss | -0.0141     |
|    std                  | 0.907       |
|    value_loss           | 6.87        |
-----------------------------------------
----------------------------------------
| rollout/                |            |
|    ep_len_mean          | 8.93e+03   |
|    ep_rew_mean          | -712       |
| time/                   |            |
|    fps                  | 376        |
|    iterations           | 160        |
|    time_elapsed         | 870        |
|    total_timesteps      | 327680     |
| train/                  |            |
|    approx_kl            | 0.05046392 |
|    clip_fraction        | 0.364      |
|    clip_range           | 0.2        |
|    entropy_loss         | -15.7      |
|    explained_variance   | 0.949      |
|    learning_rate        | 0.0003     |
|    loss                 | 0.853      |
|    n_updates            | 1590       |
|    policy_gradient_loss | -0.0148    |
|    std                  | 0.906      |
|    value_loss           | 2.47       |
----------------------------------------
----------------------------------------
| rollout/                |            |
|    ep_len_mean          | 8.93e+03   |
|    ep_rew_mean          | -712       |
| time/                   |            |
|    fps                  | 376        |
|    iterations           | 161        |
|    time_elapsed         | 875        |
|    total_timesteps      | 329728     |
| train/                  |            |
|    approx_kl            | 0.03064061 |
|    clip_fraction        | 0.316      |
|    clip_range           | 0.2        |
|    entropy_loss         | -15.7      |
|    explained_variance   | 0.968      |
|    learning_rate        | 0.0003     |
|    loss                 | 0.776      |
|    n_updates            | 1600       |
|    policy_gradient_loss | -0.0168    |
|    std                  | 0.902      |
|    value_loss           | 2.23       |
----------------------------------------
-----------------------------------------
| rollout/                |             |
|    ep_len_mean          | 8.93e+03    |
|    ep_rew_mean          | -712        |
| time/                   |             |
|    fps                  | 376         |
|    iterations           | 162         |
|    time_elapsed         | 881         |
|    total_timesteps      | 331776      |
| train/                  |             |
|    approx_kl            | 0.022052068 |
|    clip_fraction        | 0.237       |
|    clip_range           | 0.2         |
|    entropy_loss         | -15.7       |
|    explained_variance   | 0.975       |
|    learning_rate        | 0.0003      |
|    loss                 | 0.854       |
|    n_updates            | 1610        |
|    policy_gradient_loss | -0.0164     |
|    std                  | 0.901       |
|    value_loss           | 3.15        |
-----------------------------------------
-----------------------------------------
| rollout/                |             |
|    ep_len_mean          | 8.93e+03    |
|    ep_rew_mean          | -712        |
| time/                   |             |
|    fps                  | 376         |
|    iterations           | 163         |
|    time_elapsed         | 887         |
|    total_timesteps      | 333824      |
| train/                  |             |
|    approx_kl            | 0.016756458 |
|    clip_fraction        | 0.161       |
|    clip_range           | 0.2         |
|    entropy_loss         | -15.7       |
|    explained_variance   | 0.551       |
|    learning_rate        | 0.0003      |
|    loss                 | 6.66        |
|    n_updates            | 1620        |
|    policy_gradient_loss | -0.00756    |
|    std                  | 0.902       |
|    value_loss           | 48.9        |
-----------------------------------------
----------------------------------------
| rollout/                |            |
|    ep_len_mean          | 8.93e+03   |
|    ep_rew_mean          | -712       |
| time/                   |            |
|    fps                  | 376        |
|    iterations           | 164        |
|    time_elapsed         | 892        |
|    total_timesteps      | 335872     |
| train/                  |            |
|    approx_kl            | 0.02705055 |
|    clip_fraction        | 0.326      |
|    clip_range           | 0.2        |
|    entropy_loss         | -15.7      |
|    explained_variance   | 0.966      |
|    learning_rate        | 0.0003     |
|    loss                 | 2.2        |
|    n_updates            | 1630       |
|    policy_gradient_loss | -0.00569   |
|    std                  | 0.9        |
|    value_loss           | 2.76       |
----------------------------------------
-----------------------------------------
| rollout/                |             |
|    ep_len_mean          | 8.93e+03    |
|    ep_rew_mean          | -712        |
| time/                   |             |
|    fps                  | 376         |
|    iterations           | 165         |
|    time_elapsed         | 897         |
|    total_timesteps      | 337920      |
| train/                  |             |
|    approx_kl            | 0.021480344 |
|    clip_fraction        | 0.267       |
|    clip_range           | 0.2         |
|    entropy_loss         | -15.6       |
|    explained_variance   | 0.967       |
|    learning_rate        | 0.0003      |
|    loss                 | 0.976       |
|    n_updates            | 1640        |
|    policy_gradient_loss | -0.0105     |
|    std                  | 0.897       |
|    value_loss           | 2.58        |
-----------------------------------------
-----------------------------------------
| rollout/                |             |
|    ep_len_mean          | 8.93e+03    |
|    ep_rew_mean          | -712        |
| time/                   |             |
|    fps                  | 376         |
|    iterations           | 166         |
|    time_elapsed         | 902         |
|    total_timesteps      | 339968      |
| train/                  |             |
|    approx_kl            | 0.025887016 |
|    clip_fraction        | 0.292       |
|    clip_range           | 0.2         |
|    entropy_loss         | -15.6       |
|    explained_variance   | 0.971       |
|    learning_rate        | 0.0003      |
|    loss                 | 1.43        |
|    n_updates            | 1650        |
|    policy_gradient_loss | -0.0178     |
|    std                  | 0.898       |
|    value_loss           | 2.66        |
-----------------------------------------
-----------------------------------------
| rollout/                |             |
|    ep_len_mean          | 8.93e+03    |
|    ep_rew_mean          | -712        |
| time/                   |             |
|    fps                  | 376         |
|    iterations           | 167         |
|    time_elapsed         | 907         |
|    total_timesteps      | 342016      |
| train/                  |             |
|    approx_kl            | 0.020841014 |
|    clip_fraction        | 0.169       |
|    clip_range           | 0.2         |
|    entropy_loss         | -15.6       |
|    explained_variance   | 0.557       |
|    learning_rate        | 0.0003      |
|    loss                 | 2.56        |
|    n_updates            | 1660        |
|    policy_gradient_loss | -0.00638    |
|    std                  | 0.898       |
|    value_loss           | 46.6        |
-----------------------------------------
-----------------------------------------
| rollout/                |             |
|    ep_len_mean          | 8.93e+03    |
|    ep_rew_mean          | -712        |
| time/                   |             |
|    fps                  | 376         |
|    iterations           | 168         |
|    time_elapsed         | 913         |
|    total_timesteps      | 344064      |
| train/                  |             |
|    approx_kl            | 0.030650519 |
|    clip_fraction        | 0.292       |
|    clip_range           | 0.2         |
|    entropy_loss         | -15.6       |
|    explained_variance   | 0.959       |
|    learning_rate        | 0.0003      |
|    loss                 | 1.49        |
|    n_updates            | 1670        |
|    policy_gradient_loss | -0.00758    |
|    std                  | 0.898       |
|    value_loss           | 3.12        |
-----------------------------------------
-----------------------------------------
| rollout/                |             |
|    ep_len_mean          | 8.93e+03    |
|    ep_rew_mean          | -712        |
| time/                   |             |
|    fps                  | 376         |
|    iterations           | 169         |
|    time_elapsed         | 918         |
|    total_timesteps      | 346112      |
| train/                  |             |
|    approx_kl            | 0.029032528 |
|    clip_fraction        | 0.279       |
|    clip_range           | 0.2         |
|    entropy_loss         | -15.6       |
|    explained_variance   | 0.93        |
|    learning_rate        | 0.0003      |
|    loss                 | 1.31        |
|    n_updates            | 1680        |
|    policy_gradient_loss | -0.015      |
|    std                  | 0.897       |
|    value_loss           | 3.71        |
-----------------------------------------
-----------------------------------------
| rollout/                |             |
|    ep_len_mean          | 8.93e+03    |
|    ep_rew_mean          | -712        |
| time/                   |             |
|    fps                  | 377         |
|    iterations           | 170         |
|    time_elapsed         | 922         |
|    total_timesteps      | 348160      |
| train/                  |             |
|    approx_kl            | 0.030576881 |
|    clip_fraction        | 0.274       |
|    clip_range           | 0.2         |
|    entropy_loss         | -15.6       |
|    explained_variance   | 0.977       |
|    learning_rate        | 0.0003      |
|    loss                 | 0.828       |
|    n_updates            | 1690        |
|    policy_gradient_loss | -0.0139     |
|    std                  | 0.896       |
|    value_loss           | 2.47        |
-----------------------------------------
-----------------------------------------
| rollout/                |             |
|    ep_len_mean          | 8.93e+03    |
|    ep_rew_mean          | -712        |
| time/                   |             |
|    fps                  | 377         |
|    iterations           | 171         |
|    time_elapsed         | 927         |
|    total_timesteps      | 350208      |
| train/                  |             |
|    approx_kl            | 0.027171377 |
|    clip_fraction        | 0.292       |
|    clip_range           | 0.2         |
|    entropy_loss         | -15.6       |
|    explained_variance   | 0.977       |
|    learning_rate        | 0.0003      |
|    loss                 | 1.02        |
|    n_updates            | 1700        |
|    policy_gradient_loss | -0.00985    |
|    std                  | 0.898       |
|    value_loss           | 3.19        |
-----------------------------------------
----------------------------------------
| rollout/                |            |
|    ep_len_mean          | 8.93e+03   |
|    ep_rew_mean          | -712       |
| time/                   |            |
|    fps                  | 377        |
|    iterations           | 172        |
|    time_elapsed         | 932        |
|    total_timesteps      | 352256     |
| train/                  |            |
|    approx_kl            | 0.01781581 |
|    clip_fraction        | 0.223      |
|    clip_range           | 0.2        |
|    entropy_loss         | -15.6      |
|    explained_variance   | 0.582      |
|    learning_rate        | 0.0003     |
|    loss                 | 4.66       |
|    n_updates            | 1710       |
|    policy_gradient_loss | -0.00847   |
|    std                  | 0.897      |
|    value_loss           | 44.9       |
----------------------------------------
-----------------------------------------
| rollout/                |             |
|    ep_len_mean          | 8.93e+03    |
|    ep_rew_mean          | -712        |
| time/                   |             |
|    fps                  | 377         |
|    iterations           | 173         |
|    time_elapsed         | 937         |
|    total_timesteps      | 354304      |
| train/                  |             |
|    approx_kl            | 0.027785713 |
|    clip_fraction        | 0.292       |
|    clip_range           | 0.2         |
|    entropy_loss         | -15.6       |
|    explained_variance   | 0.959       |
|    learning_rate        | 0.0003      |
|    loss                 | 1.07        |
|    n_updates            | 1720        |
|    policy_gradient_loss | -0.0138     |
|    std                  | 0.897       |
|    value_loss           | 3.02        |
-----------------------------------------
-----------------------------------------
| rollout/                |             |
|    ep_len_mean          | 8.93e+03    |
|    ep_rew_mean          | -712        |
| time/                   |             |
|    fps                  | 377         |
|    iterations           | 174         |
|    time_elapsed         | 943         |
|    total_timesteps      | 356352      |
| train/                  |             |
|    approx_kl            | 0.029313907 |
|    clip_fraction        | 0.317       |
|    clip_range           | 0.2         |
|    entropy_loss         | -15.6       |
|    explained_variance   | 0.977       |
|    learning_rate        | 0.0003      |
|    loss                 | 0.843       |
|    n_updates            | 1730        |
|    policy_gradient_loss | -0.0117     |
|    std                  | 0.898       |
|    value_loss           | 2.14        |
-----------------------------------------
-----------------------------------------
| rollout/                |             |
|    ep_len_mean          | 8.93e+03    |
|    ep_rew_mean          | -712        |
| time/                   |             |
|    fps                  | 377         |
|    iterations           | 175         |
|    time_elapsed         | 949         |
|    total_timesteps      | 358400      |
| train/                  |             |
|    approx_kl            | 0.024565216 |
|    clip_fraction        | 0.257       |
|    clip_range           | 0.2         |
|    entropy_loss         | -15.6       |
|    explained_variance   | 0.972       |
|    learning_rate        | 0.0003      |
|    loss                 | 0.838       |
|    n_updates            | 1740        |
|    policy_gradient_loss | -0.0131     |
|    std                  | 0.896       |
|    value_loss           | 2.88        |
-----------------------------------------
-----------------------------------------
| rollout/                |             |
|    ep_len_mean          | 8.93e+03    |
|    ep_rew_mean          | -712        |
| time/                   |             |
|    fps                  | 377         |
|    iterations           | 176         |
|    time_elapsed         | 954         |
|    total_timesteps      | 360448      |
| train/                  |             |
|    approx_kl            | 0.019885663 |
|    clip_fraction        | 0.177       |
|    clip_range           | 0.2         |
|    entropy_loss         | -15.6       |
|    explained_variance   | 0.689       |
|    learning_rate        | 0.0003      |
|    loss                 | 85.1        |
|    n_updates            | 1750        |
|    policy_gradient_loss | -0.00737    |
|    std                  | 0.896       |
|    value_loss           | 45          |
-----------------------------------------
-----------------------------------------
| rollout/                |             |
|    ep_len_mean          | 8.93e+03    |
|    ep_rew_mean          | -712        |
| time/                   |             |
|    fps                  | 377         |
|    iterations           | 177         |
|    time_elapsed         | 959         |
|    total_timesteps      | 362496      |
| train/                  |             |
|    approx_kl            | 0.027669372 |
|    clip_fraction        | 0.308       |
|    clip_range           | 0.2         |
|    entropy_loss         | -15.6       |
|    explained_variance   | 0.954       |
|    learning_rate        | 0.0003      |
|    loss                 | 0.832       |
|    n_updates            | 1760        |
|    policy_gradient_loss | -0.0124     |
|    std                  | 0.897       |
|    value_loss           | 2.72        |
-----------------------------------------
----------------------------------------
| rollout/                |            |
|    ep_len_mean          | 8.93e+03   |
|    ep_rew_mean          | -712       |
| time/                   |            |
|    fps                  | 377        |
|    iterations           | 178        |
|    time_elapsed         | 965        |
|    total_timesteps      | 364544     |
| train/                  |            |
|    approx_kl            | 0.03195373 |
|    clip_fraction        | 0.3        |
|    clip_range           | 0.2        |
|    entropy_loss         | -15.6      |
|    explained_variance   | 0.958      |
|    learning_rate        | 0.0003     |
|    loss                 | 1.1        |
|    n_updates            | 1770       |
|    policy_gradient_loss | -0.0121    |
|    std                  | 0.898      |
|    value_loss           | 2.74       |
----------------------------------------
-----------------------------------------
| rollout/                |             |
|    ep_len_mean          | 8.93e+03    |
|    ep_rew_mean          | -713        |
| time/                   |             |
|    fps                  | 377         |
|    iterations           | 179         |
|    time_elapsed         | 970         |
|    total_timesteps      | 366592      |
| train/                  |             |
|    approx_kl            | 0.021089096 |
|    clip_fraction        | 0.258       |
|    clip_range           | 0.2         |
|    entropy_loss         | -15.6       |
|    explained_variance   | 0.973       |
|    learning_rate        | 0.0003      |
|    loss                 | 0.546       |
|    n_updates            | 1780        |
|    policy_gradient_loss | -0.00823    |
|    std                  | 0.896       |
|    value_loss           | 2.4         |
-----------------------------------------
----------------------------------------
| rollout/                |            |
|    ep_len_mean          | 8.93e+03   |
|    ep_rew_mean          | -713       |
| time/                   |            |
|    fps                  | 378        |
|    iterations           | 180        |
|    time_elapsed         | 975        |
|    total_timesteps      | 368640     |
| train/                  |            |
|    approx_kl            | 0.01699442 |
|    clip_fraction        | 0.222      |
|    clip_range           | 0.2        |
|    entropy_loss         | -15.6      |
|    explained_variance   | 0.478      |
|    learning_rate        | 0.0003     |
|    loss                 | 1.72       |
|    n_updates            | 1790       |
|    policy_gradient_loss | -0.00435   |
|    std                  | 0.897      |
|    value_loss           | 48.5       |
----------------------------------------
-----------------------------------------
| rollout/                |             |
|    ep_len_mean          | 8.93e+03    |
|    ep_rew_mean          | -713        |
| time/                   |             |
|    fps                  | 377         |
|    iterations           | 181         |
|    time_elapsed         | 981         |
|    total_timesteps      | 370688      |
| train/                  |             |
|    approx_kl            | 0.027223825 |
|    clip_fraction        | 0.284       |
|    clip_range           | 0.2         |
|    entropy_loss         | -15.6       |
|    explained_variance   | 0.962       |
|    learning_rate        | 0.0003      |
|    loss                 | 0.978       |
|    n_updates            | 1800        |
|    policy_gradient_loss | -0.00986    |
|    std                  | 0.895       |
|    value_loss           | 2.78        |
-----------------------------------------
-----------------------------------------
| rollout/                |             |
|    ep_len_mean          | 8.93e+03    |
|    ep_rew_mean          | -713        |
| time/                   |             |
|    fps                  | 377         |
|    iterations           | 182         |
|    time_elapsed         | 986         |
|    total_timesteps      | 372736      |
| train/                  |             |
|    approx_kl            | 0.025355995 |
|    clip_fraction        | 0.274       |
|    clip_range           | 0.2         |
|    entropy_loss         | -15.6       |
|    explained_variance   | 0.931       |
|    learning_rate        | 0.0003      |
|    loss                 | 0.928       |
|    n_updates            | 1810        |
|    policy_gradient_loss | -0.014      |
|    std                  | 0.897       |
|    value_loss           | 3.25        |
-----------------------------------------
-----------------------------------------
| rollout/                |             |
|    ep_len_mean          | 8.93e+03    |
|    ep_rew_mean          | -713        |
| time/                   |             |
|    fps                  | 377         |
|    iterations           | 183         |
|    time_elapsed         | 991         |
|    total_timesteps      | 374784      |
| train/                  |             |
|    approx_kl            | 0.019307174 |
|    clip_fraction        | 0.23        |
|    clip_range           | 0.2         |
|    entropy_loss         | -15.6       |
|    explained_variance   | 0.968       |
|    learning_rate        | 0.0003      |
|    loss                 | 0.942       |
|    n_updates            | 1820        |
|    policy_gradient_loss | -0.0162     |
|    std                  | 0.898       |
|    value_loss           | 2.76        |
-----------------------------------------
----------------------------------------
| rollout/                |            |
|    ep_len_mean          | 8.93e+03   |
|    ep_rew_mean          | -713       |
| time/                   |            |
|    fps                  | 377        |
|    iterations           | 184        |
|    time_elapsed         | 997        |
|    total_timesteps      | 376832     |
| train/                  |            |
|    approx_kl            | 0.02489293 |
|    clip_fraction        | 0.281      |
|    clip_range           | 0.2        |
|    entropy_loss         | -15.6      |
|    explained_variance   | 0.981      |
|    learning_rate        | 0.0003     |
|    loss                 | 0.757      |
|    n_updates            | 1830       |
|    policy_gradient_loss | -0.0158    |
|    std                  | 0.892      |
|    value_loss           | 2.55       |
----------------------------------------
-----------------------------------------
| rollout/                |             |
|    ep_len_mean          | 8.93e+03    |
|    ep_rew_mean          | -713        |
| time/                   |             |
|    fps                  | 378         |
|    iterations           | 185         |
|    time_elapsed         | 1002        |
|    total_timesteps      | 378880      |
| train/                  |             |
|    approx_kl            | 0.015363622 |
|    clip_fraction        | 0.195       |
|    clip_range           | 0.2         |
|    entropy_loss         | -15.6       |
|    explained_variance   | 0.537       |
|    learning_rate        | 0.0003      |
|    loss                 | 4.92        |
|    n_updates            | 1840        |
|    policy_gradient_loss | -0.00937    |
|    std                  | 0.894       |
|    value_loss           | 48.3        |
-----------------------------------------
-----------------------------------------
| rollout/                |             |
|    ep_len_mean          | 8.93e+03    |
|    ep_rew_mean          | -713        |
| time/                   |             |
|    fps                  | 378         |
|    iterations           | 186         |
|    time_elapsed         | 1007        |
|    total_timesteps      | 380928      |
| train/                  |             |
|    approx_kl            | 0.025297701 |
|    clip_fraction        | 0.282       |
|    clip_range           | 0.2         |
|    entropy_loss         | -15.6       |
|    explained_variance   | 0.964       |
|    learning_rate        | 0.0003      |
|    loss                 | 0.978       |
|    n_updates            | 1850        |
|    policy_gradient_loss | -0.0141     |
|    std                  | 0.893       |
|    value_loss           | 3.38        |
-----------------------------------------
-----------------------------------------
| rollout/                |             |
|    ep_len_mean          | 8.93e+03    |
|    ep_rew_mean          | -713        |
| time/                   |             |
|    fps                  | 378         |
|    iterations           | 187         |
|    time_elapsed         | 1012        |
|    total_timesteps      | 382976      |
| train/                  |             |
|    approx_kl            | 0.024175115 |
|    clip_fraction        | 0.248       |
|    clip_range           | 0.2         |
|    entropy_loss         | -15.6       |
|    explained_variance   | 0.98        |
|    learning_rate        | 0.0003      |
|    loss                 | 1.21        |
|    n_updates            | 1860        |
|    policy_gradient_loss | -0.0113     |
|    std                  | 0.894       |
|    value_loss           | 2.41        |
-----------------------------------------
-----------------------------------------
| rollout/                |             |
|    ep_len_mean          | 8.93e+03    |
|    ep_rew_mean          | -713        |
| time/                   |             |
|    fps                  | 378         |
|    iterations           | 188         |
|    time_elapsed         | 1017        |
|    total_timesteps      | 385024      |
| train/                  |             |
|    approx_kl            | 0.019824395 |
|    clip_fraction        | 0.239       |
|    clip_range           | 0.2         |
|    entropy_loss         | -15.6       |
|    explained_variance   | 0.971       |
|    learning_rate        | 0.0003      |
|    loss                 | 1.29        |
|    n_updates            | 1870        |
|    policy_gradient_loss | -0.0145     |
|    std                  | 0.895       |
|    value_loss           | 3.54        |
-----------------------------------------
-----------------------------------------
| rollout/                |             |
|    ep_len_mean          | 8.93e+03    |
|    ep_rew_mean          | -713        |
| time/                   |             |
|    fps                  | 378         |
|    iterations           | 189         |
|    time_elapsed         | 1022        |
|    total_timesteps      | 387072      |
| train/                  |             |
|    approx_kl            | 0.022269262 |
|    clip_fraction        | 0.198       |
|    clip_range           | 0.2         |
|    entropy_loss         | -15.6       |
|    explained_variance   | 0.682       |
|    learning_rate        | 0.0003      |
|    loss                 | 5.51        |
|    n_updates            | 1880        |
|    policy_gradient_loss | -0.00899    |
|    std                  | 0.895       |
|    value_loss           | 47.4        |
-----------------------------------------
----------------------------------------
| rollout/                |            |
|    ep_len_mean          | 8.93e+03   |
|    ep_rew_mean          | -713       |
| time/                   |            |
|    fps                  | 378        |
|    iterations           | 190        |
|    time_elapsed         | 1027       |
|    total_timesteps      | 389120     |
| train/                  |            |
|    approx_kl            | 0.02783711 |
|    clip_fraction        | 0.324      |
|    clip_range           | 0.2        |
|    entropy_loss         | -15.6      |
|    explained_variance   | 0.928      |
|    learning_rate        | 0.0003     |
|    loss                 | 1.01       |
|    n_updates            | 1890       |
|    policy_gradient_loss | -0.00722   |
|    std                  | 0.894      |
|    value_loss           | 2.98       |
----------------------------------------
-----------------------------------------
| rollout/                |             |
|    ep_len_mean          | 8.93e+03    |
|    ep_rew_mean          | -713        |
| time/                   |             |
|    fps                  | 378         |
|    iterations           | 191         |
|    time_elapsed         | 1033        |
|    total_timesteps      | 391168      |
| train/                  |             |
|    approx_kl            | 0.027079817 |
|    clip_fraction        | 0.288       |
|    clip_range           | 0.2         |
|    entropy_loss         | -15.6       |
|    explained_variance   | 0.949       |
|    learning_rate        | 0.0003      |
|    loss                 | 1.87        |
|    n_updates            | 1900        |
|    policy_gradient_loss | -0.0086     |
|    std                  | 0.895       |
|    value_loss           | 3.41        |
-----------------------------------------
-----------------------------------------
| rollout/                |             |
|    ep_len_mean          | 8.93e+03    |
|    ep_rew_mean          | -713        |
| time/                   |             |
|    fps                  | 378         |
|    iterations           | 192         |
|    time_elapsed         | 1038        |
|    total_timesteps      | 393216      |
| train/                  |             |
|    approx_kl            | 0.031441696 |
|    clip_fraction        | 0.323       |
|    clip_range           | 0.2         |
|    entropy_loss         | -15.6       |
|    explained_variance   | 0.975       |
|    learning_rate        | 0.0003      |
|    loss                 | 0.715       |
|    n_updates            | 1910        |
|    policy_gradient_loss | -0.00588    |
|    std                  | 0.893       |
|    value_loss           | 2.39        |
-----------------------------------------
-----------------------------------------
| rollout/                |             |
|    ep_len_mean          | 8.93e+03    |
|    ep_rew_mean          | -713        |
| time/                   |             |
|    fps                  | 378         |
|    iterations           | 193         |
|    time_elapsed         | 1043        |
|    total_timesteps      | 395264      |
| train/                  |             |
|    approx_kl            | 0.020900313 |
|    clip_fraction        | 0.224       |
|    clip_range           | 0.2         |
|    entropy_loss         | -15.6       |
|    explained_variance   | 0.382       |
|    learning_rate        | 0.0003      |
|    loss                 | 3.33        |
|    n_updates            | 1920        |
|    policy_gradient_loss | -0.0088     |
|    std                  | 0.894       |
|    value_loss           | 55.9        |
-----------------------------------------
-----------------------------------------
| rollout/                |             |
|    ep_len_mean          | 8.93e+03    |
|    ep_rew_mean          | -713        |
| time/                   |             |
|    fps                  | 379         |
|    iterations           | 194         |
|    time_elapsed         | 1048        |
|    total_timesteps      | 397312      |
| train/                  |             |
|    approx_kl            | 0.019330764 |
|    clip_fraction        | 0.214       |
|    clip_range           | 0.2         |
|    entropy_loss         | -15.6       |
|    explained_variance   | 0.794       |
|    learning_rate        | 0.0003      |
|    loss                 | 8.8         |
|    n_updates            | 1930        |
|    policy_gradient_loss | -0.009      |
|    std                  | 0.892       |
|    value_loss           | 10.8        |
-----------------------------------------
---------------------------------------
| rollout/                |           |
|    ep_len_mean          | 8.93e+03  |
|    ep_rew_mean          | -713      |
| time/                   |           |
|    fps                  | 379       |
|    iterations           | 195       |
|    time_elapsed         | 1052      |
|    total_timesteps      | 399360    |
| train/                  |           |
|    approx_kl            | 0.0386656 |
|    clip_fraction        | 0.287     |
|    clip_range           | 0.2       |
|    entropy_loss         | -15.6     |
|    explained_variance   | 0.897     |
|    learning_rate        | 0.0003    |
|    loss                 | 1.39      |
|    n_updates            | 1940      |
|    policy_gradient_loss | -0.00978  |
|    std                  | 0.889     |
|    value_loss           | 4.01      |
---------------------------------------
-----------------------------------------
| rollout/                |             |
|    ep_len_mean          | 8.93e+03    |
|    ep_rew_mean          | -713        |
| time/                   |             |
|    fps                  | 379         |
|    iterations           | 196         |
|    time_elapsed         | 1057        |
|    total_timesteps      | 401408      |
| train/                  |             |
|    approx_kl            | 0.021715838 |
|    clip_fraction        | 0.269       |
|    clip_range           | 0.2         |
|    entropy_loss         | -15.5       |
|    explained_variance   | 0.952       |
|    learning_rate        | 0.0003      |
|    loss                 | 1.04        |
|    n_updates            | 1950        |
|    policy_gradient_loss | -0.0125     |
|    std                  | 0.889       |
|    value_loss           | 4.39        |
-----------------------------------------
-----------------------------------------
| rollout/                |             |
|    ep_len_mean          | 8.93e+03    |
|    ep_rew_mean          | -713        |
| time/                   |             |
|    fps                  | 379         |
|    iterations           | 197         |
|    time_elapsed         | 1062        |
|    total_timesteps      | 403456      |
| train/                  |             |
|    approx_kl            | 0.032208774 |
|    clip_fraction        | 0.277       |
|    clip_range           | 0.2         |
|    entropy_loss         | -15.5       |
|    explained_variance   | 0.979       |
|    learning_rate        | 0.0003      |
|    loss                 | 1           |
|    n_updates            | 1960        |
|    policy_gradient_loss | -0.0122     |
|    std                  | 0.891       |
|    value_loss           | 3.66        |
-----------------------------------------
----------------------------------------
| rollout/                |            |
|    ep_len_mean          | 8.93e+03   |
|    ep_rew_mean          | -713       |
| time/                   |            |
|    fps                  | 379        |
|    iterations           | 198        |
|    time_elapsed         | 1067       |
|    total_timesteps      | 405504     |
| train/                  |            |
|    approx_kl            | 0.02390043 |
|    clip_fraction        | 0.19       |
|    clip_range           | 0.2        |
|    entropy_loss         | -15.5      |
|    explained_variance   | 0.49       |
|    learning_rate        | 0.0003     |
|    loss                 | 2.16       |
|    n_updates            | 1970       |
|    policy_gradient_loss | -0.00658   |
|    std                  | 0.89       |
|    value_loss           | 55.7       |
----------------------------------------
----------------------------------------
| rollout/                |            |
|    ep_len_mean          | 8.93e+03   |
|    ep_rew_mean          | -713       |
| time/                   |            |
|    fps                  | 379        |
|    iterations           | 199        |
|    time_elapsed         | 1072       |
|    total_timesteps      | 407552     |
| train/                  |            |
|    approx_kl            | 0.02799756 |
|    clip_fraction        | 0.276      |
|    clip_range           | 0.2        |
|    entropy_loss         | -15.5      |
|    explained_variance   | 0.964      |
|    learning_rate        | 0.0003     |
|    loss                 | 1.28       |
|    n_updates            | 1980       |
|    policy_gradient_loss | -0.00971   |
|    std                  | 0.891      |
|    value_loss           | 3.85       |
----------------------------------------
----------------------------------------
| rollout/                |            |
|    ep_len_mean          | 8.93e+03   |
|    ep_rew_mean          | -713       |
| time/                   |            |
|    fps                  | 379        |
|    iterations           | 200        |
|    time_elapsed         | 1078       |
|    total_timesteps      | 409600     |
| train/                  |            |
|    approx_kl            | 0.03172293 |
|    clip_fraction        | 0.287      |
|    clip_range           | 0.2        |
|    entropy_loss         | -15.6      |
|    explained_variance   | 0.976      |
|    learning_rate        | 0.0003     |
|    loss                 | 0.984      |
|    n_updates            | 1990       |
|    policy_gradient_loss | -0.00664   |
|    std                  | 0.89       |
|    value_loss           | 3.02       |
----------------------------------------
-----------------------------------------
| rollout/                |             |
|    ep_len_mean          | 8.93e+03    |
|    ep_rew_mean          | -713        |
| time/                   |             |
|    fps                  | 379         |
|    iterations           | 201         |
|    time_elapsed         | 1083        |
|    total_timesteps      | 411648      |
| train/                  |             |
|    approx_kl            | 0.023107734 |
|    clip_fraction        | 0.275       |
|    clip_range           | 0.2         |
|    entropy_loss         | -15.5       |
|    explained_variance   | 0.971       |
|    learning_rate        | 0.0003      |
|    loss                 | 1.55        |
|    n_updates            | 2000        |
|    policy_gradient_loss | -0.0111     |
|    std                  | 0.892       |
|    value_loss           | 3.76        |
-----------------------------------------
-----------------------------------------
| rollout/                |             |
|    ep_len_mean          | 8.93e+03    |
|    ep_rew_mean          | -713        |
| time/                   |             |
|    fps                  | 379         |
|    iterations           | 202         |
|    time_elapsed         | 1088        |
|    total_timesteps      | 413696      |
| train/                  |             |
|    approx_kl            | 0.015901502 |
|    clip_fraction        | 0.174       |
|    clip_range           | 0.2         |
|    entropy_loss         | -15.6       |
|    explained_variance   | 0.663       |
|    learning_rate        | 0.0003      |
|    loss                 | 5.58        |
|    n_updates            | 2010        |
|    policy_gradient_loss | -0.0135     |
|    std                  | 0.892       |
|    value_loss           | 55.5        |
-----------------------------------------
-----------------------------------------
| rollout/                |             |
|    ep_len_mean          | 8.93e+03    |
|    ep_rew_mean          | -713        |
| time/                   |             |
|    fps                  | 379         |
|    iterations           | 203         |
|    time_elapsed         | 1094        |
|    total_timesteps      | 415744      |
| train/                  |             |
|    approx_kl            | 0.025937524 |
|    clip_fraction        | 0.294       |
|    clip_range           | 0.2         |
|    entropy_loss         | -15.6       |
|    explained_variance   | 0.936       |
|    learning_rate        | 0.0003      |
|    loss                 | 1.22        |
|    n_updates            | 2020        |
|    policy_gradient_loss | -0.0158     |
|    std                  | 0.892       |
|    value_loss           | 4.46        |
-----------------------------------------
-----------------------------------------
| rollout/                |             |
|    ep_len_mean          | 8.93e+03    |
|    ep_rew_mean          | -713        |
| time/                   |             |
|    fps                  | 379         |
|    iterations           | 204         |
|    time_elapsed         | 1099        |
|    total_timesteps      | 417792      |
| train/                  |             |
|    approx_kl            | 0.023093767 |
|    clip_fraction        | 0.275       |
|    clip_range           | 0.2         |
|    entropy_loss         | -15.6       |
|    explained_variance   | 0.924       |
|    learning_rate        | 0.0003      |
|    loss                 | 2.12        |
|    n_updates            | 2030        |
|    policy_gradient_loss | -0.00648    |
|    std                  | 0.891       |
|    value_loss           | 4.22        |
-----------------------------------------
-----------------------------------------
| rollout/                |             |
|    ep_len_mean          | 8.93e+03    |
|    ep_rew_mean          | -714        |
| time/                   |             |
|    fps                  | 379         |
|    iterations           | 205         |
|    time_elapsed         | 1106        |
|    total_timesteps      | 419840      |
| train/                  |             |
|    approx_kl            | 0.024557106 |
|    clip_fraction        | 0.31        |
|    clip_range           | 0.2         |
|    entropy_loss         | -15.5       |
|    explained_variance   | 0.964       |
|    learning_rate        | 0.0003      |
|    loss                 | 0.809       |
|    n_updates            | 2040        |
|    policy_gradient_loss | -0.0134     |
|    std                  | 0.887       |
|    value_loss           | 3           |
-----------------------------------------
-----------------------------------------
| rollout/                |             |
|    ep_len_mean          | 8.93e+03    |
|    ep_rew_mean          | -714        |
| time/                   |             |
|    fps                  | 379         |
|    iterations           | 206         |
|    time_elapsed         | 1112        |
|    total_timesteps      | 421888      |
| train/                  |             |
|    approx_kl            | 0.014771096 |
|    clip_fraction        | 0.205       |
|    clip_range           | 0.2         |
|    entropy_loss         | -15.5       |
|    explained_variance   | 0.645       |
|    learning_rate        | 0.0003      |
|    loss                 | 1.82        |
|    n_updates            | 2050        |
|    policy_gradient_loss | -0.00718    |
|    std                  | 0.886       |
|    value_loss           | 51.8        |
-----------------------------------------
-----------------------------------------
| rollout/                |             |
|    ep_len_mean          | 8.93e+03    |
|    ep_rew_mean          | -714        |
| time/                   |             |
|    fps                  | 379         |
|    iterations           | 207         |
|    time_elapsed         | 1118        |
|    total_timesteps      | 423936      |
| train/                  |             |
|    approx_kl            | 0.020486081 |
|    clip_fraction        | 0.268       |
|    clip_range           | 0.2         |
|    entropy_loss         | -15.5       |
|    explained_variance   | 0.944       |
|    learning_rate        | 0.0003      |
|    loss                 | 1.03        |
|    n_updates            | 2060        |
|    policy_gradient_loss | -0.0127     |
|    std                  | 0.89        |
|    value_loss           | 3.52        |
-----------------------------------------
-----------------------------------------
| rollout/                |             |
|    ep_len_mean          | 8.93e+03    |
|    ep_rew_mean          | -714        |
| time/                   |             |
|    fps                  | 378         |
|    iterations           | 208         |
|    time_elapsed         | 1124        |
|    total_timesteps      | 425984      |
| train/                  |             |
|    approx_kl            | 0.039892502 |
|    clip_fraction        | 0.34        |
|    clip_range           | 0.2         |
|    entropy_loss         | -15.5       |
|    explained_variance   | 0.945       |
|    learning_rate        | 0.0003      |
|    loss                 | 1.36        |
|    n_updates            | 2070        |
|    policy_gradient_loss | -0.00684    |
|    std                  | 0.886       |
|    value_loss           | 3.28        |
-----------------------------------------
-----------------------------------------
| rollout/                |             |
|    ep_len_mean          | 8.93e+03    |
|    ep_rew_mean          | -714        |
| time/                   |             |
|    fps                  | 378         |
|    iterations           | 209         |
|    time_elapsed         | 1129        |
|    total_timesteps      | 428032      |
| train/                  |             |
|    approx_kl            | 0.025324114 |
|    clip_fraction        | 0.291       |
|    clip_range           | 0.2         |
|    entropy_loss         | -15.5       |
|    explained_variance   | 0.975       |
|    learning_rate        | 0.0003      |
|    loss                 | 0.751       |
|    n_updates            | 2080        |
|    policy_gradient_loss | -0.0105     |
|    std                  | 0.888       |
|    value_loss           | 2.52        |
-----------------------------------------
-----------------------------------------
| rollout/                |             |
|    ep_len_mean          | 8.93e+03    |
|    ep_rew_mean          | -714        |
| time/                   |             |
|    fps                  | 378         |
|    iterations           | 210         |
|    time_elapsed         | 1135        |
|    total_timesteps      | 430080      |
| train/                  |             |
|    approx_kl            | 0.023330158 |
|    clip_fraction        | 0.287       |
|    clip_range           | 0.2         |
|    entropy_loss         | -15.5       |
|    explained_variance   | 0.983       |
|    learning_rate        | 0.0003      |
|    loss                 | 1.51        |
|    n_updates            | 2090        |
|    policy_gradient_loss | -0.0124     |
|    std                  | 0.885       |
|    value_loss           | 3.14        |
-----------------------------------------
-----------------------------------------
| rollout/                |             |
|    ep_len_mean          | 8.93e+03    |
|    ep_rew_mean          | -714        |
| time/                   |             |
|    fps                  | 378         |
|    iterations           | 211         |
|    time_elapsed         | 1140        |
|    total_timesteps      | 432128      |
| train/                  |             |
|    approx_kl            | 0.020254426 |
|    clip_fraction        | 0.186       |
|    clip_range           | 0.2         |
|    entropy_loss         | -15.5       |
|    explained_variance   | 0.625       |
|    learning_rate        | 0.0003      |
|    loss                 | 56.6        |
|    n_updates            | 2100        |
|    policy_gradient_loss | -0.0108     |
|    std                  | 0.884       |
|    value_loss           | 54.9        |
-----------------------------------------
-----------------------------------------
| rollout/                |             |
|    ep_len_mean          | 8.93e+03    |
|    ep_rew_mean          | -714        |
| time/                   |             |
|    fps                  | 379         |
|    iterations           | 212         |
|    time_elapsed         | 1145        |
|    total_timesteps      | 434176      |
| train/                  |             |
|    approx_kl            | 0.027400512 |
|    clip_fraction        | 0.282       |
|    clip_range           | 0.2         |
|    entropy_loss         | -15.4       |
|    explained_variance   | 0.96        |
|    learning_rate        | 0.0003      |
|    loss                 | 1.32        |
|    n_updates            | 2110        |
|    policy_gradient_loss | -0.0191     |
|    std                  | 0.88        |
|    value_loss           | 3.36        |
-----------------------------------------
-----------------------------------------
| rollout/                |             |
|    ep_len_mean          | 8.93e+03    |
|    ep_rew_mean          | -714        |
| time/                   |             |
|    fps                  | 379         |
|    iterations           | 213         |
|    time_elapsed         | 1150        |
|    total_timesteps      | 436224      |
| train/                  |             |
|    approx_kl            | 0.028882824 |
|    clip_fraction        | 0.307       |
|    clip_range           | 0.2         |
|    entropy_loss         | -15.4       |
|    explained_variance   | 0.968       |
|    learning_rate        | 0.0003      |
|    loss                 | 1.47        |
|    n_updates            | 2120        |
|    policy_gradient_loss | -0.0134     |
|    std                  | 0.879       |
|    value_loss           | 2.97        |
-----------------------------------------
-----------------------------------------
| rollout/                |             |
|    ep_len_mean          | 8.93e+03    |
|    ep_rew_mean          | -714        |
| time/                   |             |
|    fps                  | 379         |
|    iterations           | 214         |
|    time_elapsed         | 1156        |
|    total_timesteps      | 438272      |
| train/                  |             |
|    approx_kl            | 0.019567316 |
|    clip_fraction        | 0.243       |
|    clip_range           | 0.2         |
|    entropy_loss         | -15.4       |
|    explained_variance   | 0.975       |
|    learning_rate        | 0.0003      |
|    loss                 | 0.935       |
|    n_updates            | 2130        |
|    policy_gradient_loss | -0.00913    |
|    std                  | 0.875       |
|    value_loss           | 3.28        |
-----------------------------------------
-----------------------------------------
| rollout/                |             |
|    ep_len_mean          | 8.93e+03    |
|    ep_rew_mean          | -714        |
| time/                   |             |
|    fps                  | 378         |
|    iterations           | 215         |
|    time_elapsed         | 1161        |
|    total_timesteps      | 440320      |
| train/                  |             |
|    approx_kl            | 0.012992256 |
|    clip_fraction        | 0.143       |
|    clip_range           | 0.2         |
|    entropy_loss         | -15.3       |
|    explained_variance   | 0.706       |
|    learning_rate        | 0.0003      |
|    loss                 | 77.3        |
|    n_updates            | 2140        |
|    policy_gradient_loss | -0.0067     |
|    std                  | 0.874       |
|    value_loss           | 58.2        |
-----------------------------------------
-----------------------------------------
| rollout/                |             |
|    ep_len_mean          | 8.93e+03    |
|    ep_rew_mean          | -714        |
| time/                   |             |
|    fps                  | 378         |
|    iterations           | 216         |
|    time_elapsed         | 1168        |
|    total_timesteps      | 442368      |
| train/                  |             |
|    approx_kl            | 0.025079537 |
|    clip_fraction        | 0.312       |
|    clip_range           | 0.2         |
|    entropy_loss         | -15.3       |
|    explained_variance   | 0.967       |
|    learning_rate        | 0.0003      |
|    loss                 | 0.925       |
|    n_updates            | 2150        |
|    policy_gradient_loss | -0.00875    |
|    std                  | 0.871       |
|    value_loss           | 3.91        |
-----------------------------------------
-----------------------------------------
| rollout/                |             |
|    ep_len_mean          | 8.93e+03    |
|    ep_rew_mean          | -714        |
| time/                   |             |
|    fps                  | 378         |
|    iterations           | 217         |
|    time_elapsed         | 1174        |
|    total_timesteps      | 444416      |
| train/                  |             |
|    approx_kl            | 0.022560613 |
|    clip_fraction        | 0.278       |
|    clip_range           | 0.2         |
|    entropy_loss         | -15.3       |
|    explained_variance   | 0.944       |
|    learning_rate        | 0.0003      |
|    loss                 | 1.8         |
|    n_updates            | 2160        |
|    policy_gradient_loss | -0.0139     |
|    std                  | 0.87        |
|    value_loss           | 3.92        |
-----------------------------------------
-----------------------------------------
| rollout/                |             |
|    ep_len_mean          | 8.93e+03    |
|    ep_rew_mean          | -714        |
| time/                   |             |
|    fps                  | 377         |
|    iterations           | 218         |
|    time_elapsed         | 1181        |
|    total_timesteps      | 446464      |
| train/                  |             |
|    approx_kl            | 0.028413432 |
|    clip_fraction        | 0.272       |
|    clip_range           | 0.2         |
|    entropy_loss         | -15.3       |
|    explained_variance   | 0.962       |
|    learning_rate        | 0.0003      |
|    loss                 | 1.06        |
|    n_updates            | 2170        |
|    policy_gradient_loss | -0.0134     |
|    std                  | 0.869       |
|    value_loss           | 2.9         |
-----------------------------------------
-----------------------------------------
| rollout/                |             |
|    ep_len_mean          | 8.93e+03    |
|    ep_rew_mean          | -714        |
| time/                   |             |
|    fps                  | 378         |
|    iterations           | 219         |
|    time_elapsed         | 1186        |
|    total_timesteps      | 448512      |
| train/                  |             |
|    approx_kl            | 0.020718653 |
|    clip_fraction        | 0.184       |
|    clip_range           | 0.2         |
|    entropy_loss         | -15.3       |
|    explained_variance   | 0.584       |
|    learning_rate        | 0.0003      |
|    loss                 | 2.32        |
|    n_updates            | 2180        |
|    policy_gradient_loss | -0.00903    |
|    std                  | 0.869       |
|    value_loss           | 59.1        |
-----------------------------------------
-----------------------------------------
| rollout/                |             |
|    ep_len_mean          | 8.93e+03    |
|    ep_rew_mean          | -714        |
| time/                   |             |
|    fps                  | 378         |
|    iterations           | 220         |
|    time_elapsed         | 1191        |
|    total_timesteps      | 450560      |
| train/                  |             |
|    approx_kl            | 0.034181193 |
|    clip_fraction        | 0.335       |
|    clip_range           | 0.2         |
|    entropy_loss         | -15.2       |
|    explained_variance   | 0.907       |
|    learning_rate        | 0.0003      |
|    loss                 | 1.18        |
|    n_updates            | 2190        |
|    policy_gradient_loss | -0.0102     |
|    std                  | 0.868       |
|    value_loss           | 4.54        |
-----------------------------------------
----------------------------------------
| rollout/                |            |
|    ep_len_mean          | 8.93e+03   |
|    ep_rew_mean          | -714       |
| time/                   |            |
|    fps                  | 377        |
|    iterations           | 221        |
|    time_elapsed         | 1197       |
|    total_timesteps      | 452608     |
| train/                  |            |
|    approx_kl            | 0.03937471 |
|    clip_fraction        | 0.366      |
|    clip_range           | 0.2        |
|    entropy_loss         | -15.2      |
|    explained_variance   | 0.955      |
|    learning_rate        | 0.0003     |
|    loss                 | 0.759      |
|    n_updates            | 2200       |
|    policy_gradient_loss | -0.0151    |
|    std                  | 0.869      |
|    value_loss           | 2.86       |
----------------------------------------
-----------------------------------------
| rollout/                |             |
|    ep_len_mean          | 8.93e+03    |
|    ep_rew_mean          | -714        |
| time/                   |             |
|    fps                  | 377         |
|    iterations           | 222         |
|    time_elapsed         | 1203        |
|    total_timesteps      | 454656      |
| train/                  |             |
|    approx_kl            | 0.044725012 |
|    clip_fraction        | 0.364       |
|    clip_range           | 0.2         |
|    entropy_loss         | -15.2       |
|    explained_variance   | 0.975       |
|    learning_rate        | 0.0003      |
|    loss                 | 0.901       |
|    n_updates            | 2210        |
|    policy_gradient_loss | -0.00788    |
|    std                  | 0.867       |
|    value_loss           | 2.46        |
-----------------------------------------
-----------------------------------------
| rollout/                |             |
|    ep_len_mean          | 8.93e+03    |
|    ep_rew_mean          | -715        |
| time/                   |             |
|    fps                  | 377         |
|    iterations           | 223         |
|    time_elapsed         | 1208        |
|    total_timesteps      | 456704      |
| train/                  |             |
|    approx_kl            | 0.022138808 |
|    clip_fraction        | 0.28        |
|    clip_range           | 0.2         |
|    entropy_loss         | -15.2       |
|    explained_variance   | 0.976       |
|    learning_rate        | 0.0003      |
|    loss                 | 1.13        |
|    n_updates            | 2220        |
|    policy_gradient_loss | -0.0108     |
|    std                  | 0.865       |
|    value_loss           | 3.29        |
-----------------------------------------
----------------------------------------
| rollout/                |            |
|    ep_len_mean          | 8.93e+03   |
|    ep_rew_mean          | -715       |
| time/                   |            |
|    fps                  | 377        |
|    iterations           | 224        |
|    time_elapsed         | 1213       |
|    total_timesteps      | 458752     |
| train/                  |            |
|    approx_kl            | 0.01628176 |
|    clip_fraction        | 0.162      |
|    clip_range           | 0.2        |
|    entropy_loss         | -15.2      |
|    explained_variance   | 0.406      |
|    learning_rate        | 0.0003     |
|    loss                 | 4.96       |
|    n_updates            | 2230       |
|    policy_gradient_loss | -0.00521   |
|    std                  | 0.866      |
|    value_loss           | 70.3       |
----------------------------------------
-----------------------------------------
| rollout/                |             |
|    ep_len_mean          | 8.93e+03    |
|    ep_rew_mean          | -715        |
| time/                   |             |
|    fps                  | 378         |
|    iterations           | 225         |
|    time_elapsed         | 1218        |
|    total_timesteps      | 460800      |
| train/                  |             |
|    approx_kl            | 0.024775594 |
|    clip_fraction        | 0.303       |
|    clip_range           | 0.2         |
|    entropy_loss         | -15.2       |
|    explained_variance   | 0.955       |
|    learning_rate        | 0.0003      |
|    loss                 | 0.818       |
|    n_updates            | 2240        |
|    policy_gradient_loss | -0.0147     |
|    std                  | 0.868       |
|    value_loss           | 3.39        |
-----------------------------------------
-----------------------------------------
| rollout/                |             |
|    ep_len_mean          | 8.93e+03    |
|    ep_rew_mean          | -715        |
| time/                   |             |
|    fps                  | 378         |
|    iterations           | 226         |
|    time_elapsed         | 1223        |
|    total_timesteps      | 462848      |
| train/                  |             |
|    approx_kl            | 0.023326982 |
|    clip_fraction        | 0.263       |
|    clip_range           | 0.2         |
|    entropy_loss         | -15.3       |
|    explained_variance   | 0.963       |
|    learning_rate        | 0.0003      |
|    loss                 | 1.32        |
|    n_updates            | 2250        |
|    policy_gradient_loss | -0.00895    |
|    std                  | 0.871       |
|    value_loss           | 2.81        |
-----------------------------------------
----------------------------------------
| rollout/                |            |
|    ep_len_mean          | 8.93e+03   |
|    ep_rew_mean          | -715       |
| time/                   |            |
|    fps                  | 377        |
|    iterations           | 227        |
|    time_elapsed         | 1229       |
|    total_timesteps      | 464896     |
| train/                  |            |
|    approx_kl            | 0.02519338 |
|    clip_fraction        | 0.29       |
|    clip_range           | 0.2        |
|    entropy_loss         | -15.3      |
|    explained_variance   | 0.974      |
|    learning_rate        | 0.0003     |
|    loss                 | 0.741      |
|    n_updates            | 2260       |
|    policy_gradient_loss | -0.0146    |
|    std                  | 0.872      |
|    value_loss           | 2.71       |
----------------------------------------
-----------------------------------------
| rollout/                |             |
|    ep_len_mean          | 8.93e+03    |
|    ep_rew_mean          | -715        |
| time/                   |             |
|    fps                  | 377         |
|    iterations           | 228         |
|    time_elapsed         | 1236        |
|    total_timesteps      | 466944      |
| train/                  |             |
|    approx_kl            | 0.014841371 |
|    clip_fraction        | 0.17        |
|    clip_range           | 0.2         |
|    entropy_loss         | -15.3       |
|    explained_variance   | 0.496       |
|    learning_rate        | 0.0003      |
|    loss                 | 2.47        |
|    n_updates            | 2270        |
|    policy_gradient_loss | -0.00975    |
|    std                  | 0.872       |
|    value_loss           | 56.7        |
-----------------------------------------
----------------------------------------
| rollout/                |            |
|    ep_len_mean          | 8.93e+03   |
|    ep_rew_mean          | -715       |
| time/                   |            |
|    fps                  | 377        |
|    iterations           | 229        |
|    time_elapsed         | 1242       |
|    total_timesteps      | 468992     |
| train/                  |            |
|    approx_kl            | 0.02078918 |
|    clip_fraction        | 0.332      |
|    clip_range           | 0.2        |
|    entropy_loss         | -15.3      |
|    explained_variance   | 0.969      |
|    learning_rate        | 0.0003     |
|    loss                 | 0.646      |
|    n_updates            | 2280       |
|    policy_gradient_loss | -0.00374   |
|    std                  | 0.872      |
|    value_loss           | 2.68       |
----------------------------------------
-----------------------------------------
| rollout/                |             |
|    ep_len_mean          | 8.93e+03    |
|    ep_rew_mean          | -715        |
| time/                   |             |
|    fps                  | 377         |
|    iterations           | 230         |
|    time_elapsed         | 1248        |
|    total_timesteps      | 471040      |
| train/                  |             |
|    approx_kl            | 0.025993858 |
|    clip_fraction        | 0.261       |
|    clip_range           | 0.2         |
|    entropy_loss         | -15.3       |
|    explained_variance   | 0.934       |
|    learning_rate        | 0.0003      |
|    loss                 | 1.38        |
|    n_updates            | 2290        |
|    policy_gradient_loss | -0.0126     |
|    std                  | 0.872       |
|    value_loss           | 3.35        |
-----------------------------------------
-----------------------------------------
| rollout/                |             |
|    ep_len_mean          | 8.93e+03    |
|    ep_rew_mean          | -715        |
| time/                   |             |
|    fps                  | 377         |
|    iterations           | 231         |
|    time_elapsed         | 1253        |
|    total_timesteps      | 473088      |
| train/                  |             |
|    approx_kl            | 0.026900416 |
|    clip_fraction        | 0.282       |
|    clip_range           | 0.2         |
|    entropy_loss         | -15.3       |
|    explained_variance   | 0.979       |
|    learning_rate        | 0.0003      |
|    loss                 | 1.01        |
|    n_updates            | 2300        |
|    policy_gradient_loss | -0.0118     |
|    std                  | 0.874       |
|    value_loss           | 2.34        |
-----------------------------------------
---------------------------------------
| rollout/                |           |
|    ep_len_mean          | 8.93e+03  |
|    ep_rew_mean          | -714      |
| time/                   |           |
|    fps                  | 377       |
|    iterations           | 232       |
|    time_elapsed         | 1258      |
|    total_timesteps      | 475136    |
| train/                  |           |
|    approx_kl            | 0.0265458 |
|    clip_fraction        | 0.288     |
|    clip_range           | 0.2       |
|    entropy_loss         | -15.3     |
|    explained_variance   | 0.983     |
|    learning_rate        | 0.0003    |
|    loss                 | 0.575     |
|    n_updates            | 2310      |
|    policy_gradient_loss | -0.0136   |
|    std                  | 0.874     |
|    value_loss           | 2.66      |
---------------------------------------
-----------------------------------------
| rollout/                |             |
|    ep_len_mean          | 8.93e+03    |
|    ep_rew_mean          | -714        |
| time/                   |             |
|    fps                  | 377         |
|    iterations           | 233         |
|    time_elapsed         | 1263        |
|    total_timesteps      | 477184      |
| train/                  |             |
|    approx_kl            | 0.015558066 |
|    clip_fraction        | 0.169       |
|    clip_range           | 0.2         |
|    entropy_loss         | -15.3       |
|    explained_variance   | 0.254       |
|    learning_rate        | 0.0003      |
|    loss                 | 3.07        |
|    n_updates            | 2320        |
|    policy_gradient_loss | -0.00695    |
|    std                  | 0.874       |
|    value_loss           | 70.6        |
-----------------------------------------
-----------------------------------------
| rollout/                |             |
|    ep_len_mean          | 8.93e+03    |
|    ep_rew_mean          | -714        |
| time/                   |             |
|    fps                  | 377         |
|    iterations           | 234         |
|    time_elapsed         | 1268        |
|    total_timesteps      | 479232      |
| train/                  |             |
|    approx_kl            | 0.033156473 |
|    clip_fraction        | 0.309       |
|    clip_range           | 0.2         |
|    entropy_loss         | -15.4       |
|    explained_variance   | 0.962       |
|    learning_rate        | 0.0003      |
|    loss                 | 0.591       |
|    n_updates            | 2330        |
|    policy_gradient_loss | -0.0101     |
|    std                  | 0.878       |
|    value_loss           | 2.76        |
-----------------------------------------
----------------------------------------
| rollout/                |            |
|    ep_len_mean          | 8.93e+03   |
|    ep_rew_mean          | -714       |
| time/                   |            |
|    fps                  | 377        |
|    iterations           | 235        |
|    time_elapsed         | 1273       |
|    total_timesteps      | 481280     |
| train/                  |            |
|    approx_kl            | 0.03128279 |
|    clip_fraction        | 0.325      |
|    clip_range           | 0.2        |
|    entropy_loss         | -15.4      |
|    explained_variance   | 0.975      |
|    learning_rate        | 0.0003     |
|    loss                 | 1.3        |
|    n_updates            | 2340       |
|    policy_gradient_loss | -0.0138    |
|    std                  | 0.878      |
|    value_loss           | 2.5        |
----------------------------------------
-----------------------------------------
| rollout/                |             |
|    ep_len_mean          | 8.93e+03    |
|    ep_rew_mean          | -714        |
| time/                   |             |
|    fps                  | 377         |
|    iterations           | 236         |
|    time_elapsed         | 1279        |
|    total_timesteps      | 483328      |
| train/                  |             |
|    approx_kl            | 0.020911133 |
|    clip_fraction        | 0.223       |
|    clip_range           | 0.2         |
|    entropy_loss         | -15.4       |
|    explained_variance   | 0.971       |
|    learning_rate        | 0.0003      |
|    loss                 | 1.39        |
|    n_updates            | 2350        |
|    policy_gradient_loss | -0.014      |
|    std                  | 0.88        |
|    value_loss           | 3.43        |
-----------------------------------------
-----------------------------------------
| rollout/                |             |
|    ep_len_mean          | 8.93e+03    |
|    ep_rew_mean          | -714        |
| time/                   |             |
|    fps                  | 377         |
|    iterations           | 237         |
|    time_elapsed         | 1284        |
|    total_timesteps      | 485376      |
| train/                  |             |
|    approx_kl            | 0.013325056 |
|    clip_fraction        | 0.19        |
|    clip_range           | 0.2         |
|    entropy_loss         | -15.4       |
|    explained_variance   | 0.476       |
|    learning_rate        | 0.0003      |
|    loss                 | 5.09        |
|    n_updates            | 2360        |
|    policy_gradient_loss | -0.00623    |
|    std                  | 0.879       |
|    value_loss           | 69.4        |
-----------------------------------------
-----------------------------------------
| rollout/                |             |
|    ep_len_mean          | 8.93e+03    |
|    ep_rew_mean          | -714        |
| time/                   |             |
|    fps                  | 377         |
|    iterations           | 238         |
|    time_elapsed         | 1289        |
|    total_timesteps      | 487424      |
| train/                  |             |
|    approx_kl            | 0.023835726 |
|    clip_fraction        | 0.308       |
|    clip_range           | 0.2         |
|    entropy_loss         | -15.4       |
|    explained_variance   | 0.937       |
|    learning_rate        | 0.0003      |
|    loss                 | 0.923       |
|    n_updates            | 2370        |
|    policy_gradient_loss | -0.00926    |
|    std                  | 0.878       |
|    value_loss           | 2.85        |
-----------------------------------------
-----------------------------------------
| rollout/                |             |
|    ep_len_mean          | 8.93e+03    |
|    ep_rew_mean          | -714        |
| time/                   |             |
|    fps                  | 377         |
|    iterations           | 239         |
|    time_elapsed         | 1295        |
|    total_timesteps      | 489472      |
| train/                  |             |
|    approx_kl            | 0.022716697 |
|    clip_fraction        | 0.266       |
|    clip_range           | 0.2         |
|    entropy_loss         | -15.4       |
|    explained_variance   | 0.944       |
|    learning_rate        | 0.0003      |
|    loss                 | 1.38        |
|    n_updates            | 2380        |
|    policy_gradient_loss | -0.0165     |
|    std                  | 0.875       |
|    value_loss           | 3.1         |
-----------------------------------------
-----------------------------------------
| rollout/                |             |
|    ep_len_mean          | 8.93e+03    |
|    ep_rew_mean          | -714        |
| time/                   |             |
|    fps                  | 377         |
|    iterations           | 240         |
|    time_elapsed         | 1300        |
|    total_timesteps      | 491520      |
| train/                  |             |
|    approx_kl            | 0.027098859 |
|    clip_fraction        | 0.252       |
|    clip_range           | 0.2         |
|    entropy_loss         | -15.3       |
|    explained_variance   | 0.961       |
|    learning_rate        | 0.0003      |
|    loss                 | 1.09        |
|    n_updates            | 2390        |
|    policy_gradient_loss | -0.0147     |
|    std                  | 0.874       |
|    value_loss           | 3.17        |
-----------------------------------------
-----------------------------------------
| rollout/                |             |
|    ep_len_mean          | 8.93e+03    |
|    ep_rew_mean          | -714        |
| time/                   |             |
|    fps                  | 377         |
|    iterations           | 241         |
|    time_elapsed         | 1306        |
|    total_timesteps      | 493568      |
| train/                  |             |
|    approx_kl            | 0.012282833 |
|    clip_fraction        | 0.154       |
|    clip_range           | 0.2         |
|    entropy_loss         | -15.3       |
|    explained_variance   | 0.737       |
|    learning_rate        | 0.0003      |
|    loss                 | 28.3        |
|    n_updates            | 2400        |
|    policy_gradient_loss | -0.0112     |
|    std                  | 0.874       |
|    value_loss           | 82.9        |
-----------------------------------------
-----------------------------------------
| rollout/                |             |
|    ep_len_mean          | 8.93e+03    |
|    ep_rew_mean          | -714        |
| time/                   |             |
|    fps                  | 377         |
|    iterations           | 242         |
|    time_elapsed         | 1311        |
|    total_timesteps      | 495616      |
| train/                  |             |
|    approx_kl            | 0.024273355 |
|    clip_fraction        | 0.249       |
|    clip_range           | 0.2         |
|    entropy_loss         | -15.3       |
|    explained_variance   | 0.872       |
|    learning_rate        | 0.0003      |
|    loss                 | 3.77        |
|    n_updates            | 2410        |
|    policy_gradient_loss | -0.00776    |
|    std                  | 0.875       |
|    value_loss           | 6.41        |
-----------------------------------------
----------------------------------------
| rollout/                |            |
|    ep_len_mean          | 8.93e+03   |
|    ep_rew_mean          | -714       |
| time/                   |            |
|    fps                  | 377        |
|    iterations           | 243        |
|    time_elapsed         | 1317       |
|    total_timesteps      | 497664     |
| train/                  |            |
|    approx_kl            | 0.02163555 |
|    clip_fraction        | 0.269      |
|    clip_range           | 0.2        |
|    entropy_loss         | -15.3      |
|    explained_variance   | 0.915      |
|    learning_rate        | 0.0003     |
|    loss                 | 1.38       |
|    n_updates            | 2420       |
|    policy_gradient_loss | -0.0109    |
|    std                  | 0.874      |
|    value_loss           | 4.32       |
----------------------------------------
-----------------------------------------
| rollout/                |             |
|    ep_len_mean          | 8.93e+03    |
|    ep_rew_mean          | -714        |
| time/                   |             |
|    fps                  | 377         |
|    iterations           | 244         |
|    time_elapsed         | 1322        |
|    total_timesteps      | 499712      |
| train/                  |             |
|    approx_kl            | 0.027318418 |
|    clip_fraction        | 0.301       |
|    clip_range           | 0.2         |
|    entropy_loss         | -15.3       |
|    explained_variance   | 0.968       |
|    learning_rate        | 0.0003      |
|    loss                 | 1.56        |
|    n_updates            | 2430        |
|    policy_gradient_loss | -0.0141     |
|    std                  | 0.874       |
|    value_loss           | 3.69        |
-----------------------------------------
-----------------------------------------
| rollout/                |             |
|    ep_len_mean          | 8.93e+03    |
|    ep_rew_mean          | -714        |
| time/                   |             |
|    fps                  | 377         |
|    iterations           | 245         |
|    time_elapsed         | 1328        |
|    total_timesteps      | 501760      |
| train/                  |             |
|    approx_kl            | 0.024455931 |
|    clip_fraction        | 0.3         |
|    clip_range           | 0.2         |
|    entropy_loss         | -15.3       |
|    explained_variance   | 0.982       |
|    learning_rate        | 0.0003      |
|    loss                 | 0.962       |
|    n_updates            | 2440        |
|    policy_gradient_loss | -0.0133     |
|    std                  | 0.872       |
|    value_loss           | 3           |
-----------------------------------------

Model saved to C:\Users\jagal\copilot-worktrees\dc-energy-joint-optimization\jagal-microsoft-literate-umbrella\models\oof_v2_2025\_tmp\ad_to_eh_global_batch_s105_12f3ce3354b84a58914155353f64a96b\ppo_global_model_v2_2025_batch_completion_guard
