# eh_to_ad:global_batch:s109
# job: {"alpha": 0.015, "baseline_scope": {"batch_no_deferral_ablation": "Drain Immediately", "excluded_from_headline": "DQN/CFWS and algorithm-superiority tests", "headroom_only": "clairvoyant fluid QP lower bound", "primary": "Status Quo (local, no deferral)", "routing_sanity": "Round Robin"}, "batch": true, "completion_penalty": 1000.0, "config": "global_batch", "domain_randomization": true, "enforce_batch_completion": true, "fold": "eh_to_ad", "gamma": 1.0, "job_fingerprint": "a5e3caff2279b549ffe1a9c98b0e409a017fbb343438f377568f9fcb8b3ff75a", "protocol_sha256": "db21076d691ed2d29ceeac798ebc075fb6b60ff4851959d58d8a5a70deaf3317", "region": "global", "seed": 109, "test_scenario": "env/scenarios/global_model_v2_2025.yaml", "timesteps": 501760, "train_scenario": "env/scenarios/global_model_eh_v2_2025.yaml"}
# command: C:\Python314\python.exe train.py --scenario C:\Users\jagal\copilot-worktrees\dc-energy-joint-optimization\jagal-microsoft-literate-umbrella\env\scenarios\global_model_eh_v2_2025.yaml --timesteps 501760 --lr 0.0003 --n-steps 2048 --batch-size 64 --net-arch 128 128 --peak-penalty-weight 0.015 --seed 109 --output-dir C:\Users\jagal\copilot-worktrees\dc-energy-joint-optimization\jagal-microsoft-literate-umbrella\models\oof_v2_2025\_tmp\eh_to_ad_global_batch_s109_e387dd63e2fd40e38496d8ae3a430142 --domain-rand --batch-mode --enforce-batch-completion --completion-penalty 1000.0 --gamma 1.0
# started: 2026-08-06T05:01:58.407600+00:00

=== Training PPO on scenario: global_model_eh_v2_2025_batch_completion_guard ===
Observation space: Box(-inf, inf, (55,), float32)
Action space: Box(-3.0, 3.0, (12,), float32)
Number of DCs: 4
Max steps per episode: 8928
Gamma: 1.0
Economic safety: backlog=$1,000.00/unit-step, expiry=$1,000.00/unit, reward_scale=0.0001, dense_completion=True
  Global-Pacific: batch_fraction=0.235, mean_dur=5407s
  Global-Central: batch_fraction=0.084, mean_dur=4959s
  Global-Amsterdam: batch_fraction=0.377, mean_dur=5246s
  Global-Singapore: batch_fraction=0.291, mean_dur=8094s
Using cpu device
Wrapping the env with a `Monitor` wrapper
Wrapping the env in a DummyVecEnv.

Training for 501760 timesteps...
-----------------------------
| time/              |      |
|    fps             | 639  |
|    iterations      | 1    |
|    time_elapsed    | 3    |
|    total_timesteps | 2048 |
-----------------------------
------------------------------------------
| time/                   |              |
|    fps                  | 481          |
|    iterations           | 2            |
|    time_elapsed         | 8            |
|    total_timesteps      | 4096         |
| train/                  |              |
|    approx_kl            | 0.0116989855 |
|    clip_fraction        | 0.13         |
|    clip_range           | 0.2          |
|    entropy_loss         | -17          |
|    explained_variance   | 0.148        |
|    learning_rate        | 0.0003       |
|    loss                 | -0.00789     |
|    n_updates            | 10           |
|    policy_gradient_loss | -0.0159      |
|    std                  | 0.998        |
|    value_loss           | 0.0541       |
------------------------------------------
-----------------------------------------
| time/                   |             |
|    fps                  | 437         |
|    iterations           | 3           |
|    time_elapsed         | 14          |
|    total_timesteps      | 6144        |
| train/                  |             |
|    approx_kl            | 0.013273723 |
|    clip_fraction        | 0.136       |
|    clip_range           | 0.2         |
|    entropy_loss         | -17         |
|    explained_variance   | 0.516       |
|    learning_rate        | 0.0003      |
|    loss                 | -0.0169     |
|    n_updates            | 20          |
|    policy_gradient_loss | -0.0177     |
|    std                  | 0.995       |
|    value_loss           | 0.117       |
-----------------------------------------
-----------------------------------------
| time/                   |             |
|    fps                  | 416         |
|    iterations           | 4           |
|    time_elapsed         | 19          |
|    total_timesteps      | 8192        |
| train/                  |             |
|    approx_kl            | 0.012107864 |
|    clip_fraction        | 0.136       |
|    clip_range           | 0.2         |
|    entropy_loss         | -17         |
|    explained_variance   | 0.739       |
|    learning_rate        | 0.0003      |
|    loss                 | -0.0256     |
|    n_updates            | 30          |
|    policy_gradient_loss | -0.0157     |
|    std                  | 0.993       |
|    value_loss           | 0.0868      |
-----------------------------------------
------------------------------------------
| rollout/                |              |
|    ep_len_mean          | 8.93e+03     |
|    ep_rew_mean          | -675         |
| time/                   |              |
|    fps                  | 419          |
|    iterations           | 5            |
|    time_elapsed         | 24           |
|    total_timesteps      | 10240        |
| train/                  |              |
|    approx_kl            | 0.0120290425 |
|    clip_fraction        | 0.133        |
|    clip_range           | 0.2          |
|    entropy_loss         | -16.9        |
|    explained_variance   | 0.895        |
|    learning_rate        | 0.0003       |
|    loss                 | -0.00346     |
|    n_updates            | 40           |
|    policy_gradient_loss | -0.0152      |
|    std                  | 0.987        |
|    value_loss           | 0.0848       |
------------------------------------------
-----------------------------------------
| rollout/                |             |
|    ep_len_mean          | 8.93e+03    |
|    ep_rew_mean          | -675        |
| time/                   |             |
|    fps                  | 416         |
|    iterations           | 6           |
|    time_elapsed         | 29          |
|    total_timesteps      | 12288       |
| train/                  |             |
|    approx_kl            | 0.012157975 |
|    clip_fraction        | 0.113       |
|    clip_range           | 0.2         |
|    entropy_loss         | -16.9       |
|    explained_variance   | 0.84        |
|    learning_rate        | 0.0003      |
|    loss                 | 0.24        |
|    n_updates            | 50          |
|    policy_gradient_loss | -0.014      |
|    std                  | 0.987       |
|    value_loss           | 0.392       |
-----------------------------------------
-----------------------------------------
| rollout/                |             |
|    ep_len_mean          | 8.93e+03    |
|    ep_rew_mean          | -675        |
| time/                   |             |
|    fps                  | 400         |
|    iterations           | 7           |
|    time_elapsed         | 35          |
|    total_timesteps      | 14336       |
| train/                  |             |
|    approx_kl            | 0.014539346 |
|    clip_fraction        | 0.151       |
|    clip_range           | 0.2         |
|    entropy_loss         | -16.9       |
|    explained_variance   | 0.896       |
|    learning_rate        | 0.0003      |
|    loss                 | -0.00387    |
|    n_updates            | 60          |
|    policy_gradient_loss | -0.0162     |
|    std                  | 0.99        |
|    value_loss           | 0.139       |
-----------------------------------------
-----------------------------------------
| rollout/                |             |
|    ep_len_mean          | 8.93e+03    |
|    ep_rew_mean          | -675        |
| time/                   |             |
|    fps                  | 396         |
|    iterations           | 8           |
|    time_elapsed         | 41          |
|    total_timesteps      | 16384       |
| train/                  |             |
|    approx_kl            | 0.013974024 |
|    clip_fraction        | 0.155       |
|    clip_range           | 0.2         |
|    entropy_loss         | -16.9       |
|    explained_variance   | 0.939       |
|    learning_rate        | 0.0003      |
|    loss                 | 0.0227      |
|    n_updates            | 70          |
|    policy_gradient_loss | -0.0189     |
|    std                  | 0.99        |
|    value_loss           | 0.113       |
-----------------------------------------
-----------------------------------------
| rollout/                |             |
|    ep_len_mean          | 8.93e+03    |
|    ep_rew_mean          | -687        |
| time/                   |             |
|    fps                  | 386         |
|    iterations           | 9           |
|    time_elapsed         | 47          |
|    total_timesteps      | 18432       |
| train/                  |             |
|    approx_kl            | 0.015041534 |
|    clip_fraction        | 0.168       |
|    clip_range           | 0.2         |
|    entropy_loss         | -16.9       |
|    explained_variance   | 0.97        |
|    learning_rate        | 0.0003      |
|    loss                 | -0.0034     |
|    n_updates            | 80          |
|    policy_gradient_loss | -0.0169     |
|    std                  | 0.99        |
|    value_loss           | 0.137       |
-----------------------------------------
-----------------------------------------
| rollout/                |             |
|    ep_len_mean          | 8.93e+03    |
|    ep_rew_mean          | -687        |
| time/                   |             |
|    fps                  | 382         |
|    iterations           | 10          |
|    time_elapsed         | 53          |
|    total_timesteps      | 20480       |
| train/                  |             |
|    approx_kl            | 0.012791362 |
|    clip_fraction        | 0.109       |
|    clip_range           | 0.2         |
|    entropy_loss         | -16.9       |
|    explained_variance   | 0.723       |
|    learning_rate        | 0.0003      |
|    loss                 | 0.638       |
|    n_updates            | 90          |
|    policy_gradient_loss | -0.0142     |
|    std                  | 0.988       |
|    value_loss           | 0.966       |
-----------------------------------------
-----------------------------------------
| rollout/                |             |
|    ep_len_mean          | 8.93e+03    |
|    ep_rew_mean          | -687        |
| time/                   |             |
|    fps                  | 384         |
|    iterations           | 11          |
|    time_elapsed         | 58          |
|    total_timesteps      | 22528       |
| train/                  |             |
|    approx_kl            | 0.012834126 |
|    clip_fraction        | 0.133       |
|    clip_range           | 0.2         |
|    entropy_loss         | -16.9       |
|    explained_variance   | 0.971       |
|    learning_rate        | 0.0003      |
|    loss                 | 0.0638      |
|    n_updates            | 100         |
|    policy_gradient_loss | -0.0137     |
|    std                  | 0.989       |
|    value_loss           | 0.215       |
-----------------------------------------
-----------------------------------------
| rollout/                |             |
|    ep_len_mean          | 8.93e+03    |
|    ep_rew_mean          | -687        |
| time/                   |             |
|    fps                  | 387         |
|    iterations           | 12          |
|    time_elapsed         | 63          |
|    total_timesteps      | 24576       |
| train/                  |             |
|    approx_kl            | 0.015536279 |
|    clip_fraction        | 0.165       |
|    clip_range           | 0.2         |
|    entropy_loss         | -16.9       |
|    explained_variance   | 0.952       |
|    learning_rate        | 0.0003      |
|    loss                 | 0.0469      |
|    n_updates            | 110         |
|    policy_gradient_loss | -0.016      |
|    std                  | 0.988       |
|    value_loss           | 0.186       |
-----------------------------------------
-----------------------------------------
| rollout/                |             |
|    ep_len_mean          | 8.93e+03    |
|    ep_rew_mean          | -687        |
| time/                   |             |
|    fps                  | 388         |
|    iterations           | 13          |
|    time_elapsed         | 68          |
|    total_timesteps      | 26624       |
| train/                  |             |
|    approx_kl            | 0.014081793 |
|    clip_fraction        | 0.15        |
|    clip_range           | 0.2         |
|    entropy_loss         | -16.9       |
|    explained_variance   | 0.981       |
|    learning_rate        | 0.0003      |
|    loss                 | 0.032       |
|    n_updates            | 120         |
|    policy_gradient_loss | -0.0175     |
|    std                  | 0.989       |
|    value_loss           | 0.215       |
-----------------------------------------
------------------------------------------
| rollout/                |              |
|    ep_len_mean          | 8.93e+03     |
|    ep_rew_mean          | -680         |
| time/                   |              |
|    fps                  | 389          |
|    iterations           | 14           |
|    time_elapsed         | 73           |
|    total_timesteps      | 28672        |
| train/                  |              |
|    approx_kl            | 0.0155754145 |
|    clip_fraction        | 0.184        |
|    clip_range           | 0.2          |
|    entropy_loss         | -16.9        |
|    explained_variance   | 0.984        |
|    learning_rate        | 0.0003       |
|    loss                 | 0.0766       |
|    n_updates            | 130          |
|    policy_gradient_loss | -0.0177      |
|    std                  | 0.986        |
|    value_loss           | 0.286        |
------------------------------------------
-----------------------------------------
| rollout/                |             |
|    ep_len_mean          | 8.93e+03    |
|    ep_rew_mean          | -680        |
| time/                   |             |
|    fps                  | 389         |
|    iterations           | 15          |
|    time_elapsed         | 78          |
|    total_timesteps      | 30720       |
| train/                  |             |
|    approx_kl            | 0.011288694 |
|    clip_fraction        | 0.0979      |
|    clip_range           | 0.2         |
|    entropy_loss         | -16.8       |
|    explained_variance   | 0.825       |
|    learning_rate        | 0.0003      |
|    loss                 | 0.656       |
|    n_updates            | 140         |
|    policy_gradient_loss | -0.0106     |
|    std                  | 0.985       |
|    value_loss           | 1.74        |
-----------------------------------------
-----------------------------------------
| rollout/                |             |
|    ep_len_mean          | 8.93e+03    |
|    ep_rew_mean          | -680        |
| time/                   |             |
|    fps                  | 391         |
|    iterations           | 16          |
|    time_elapsed         | 83          |
|    total_timesteps      | 32768       |
| train/                  |             |
|    approx_kl            | 0.015202813 |
|    clip_fraction        | 0.161       |
|    clip_range           | 0.2         |
|    entropy_loss         | -16.8       |
|    explained_variance   | 0.963       |
|    learning_rate        | 0.0003      |
|    loss                 | 0.188       |
|    n_updates            | 150         |
|    policy_gradient_loss | -0.0158     |
|    std                  | 0.986       |
|    value_loss           | 0.407       |
-----------------------------------------
-----------------------------------------
| rollout/                |             |
|    ep_len_mean          | 8.93e+03    |
|    ep_rew_mean          | -680        |
| time/                   |             |
|    fps                  | 393         |
|    iterations           | 17          |
|    time_elapsed         | 88          |
|    total_timesteps      | 34816       |
| train/                  |             |
|    approx_kl            | 0.014276472 |
|    clip_fraction        | 0.125       |
|    clip_range           | 0.2         |
|    entropy_loss         | -16.9       |
|    explained_variance   | 0.979       |
|    learning_rate        | 0.0003      |
|    loss                 | 0.0918      |
|    n_updates            | 160         |
|    policy_gradient_loss | -0.0126     |
|    std                  | 0.988       |
|    value_loss           | 0.404       |
-----------------------------------------
-----------------------------------------
| rollout/                |             |
|    ep_len_mean          | 8.93e+03    |
|    ep_rew_mean          | -683        |
| time/                   |             |
|    fps                  | 396         |
|    iterations           | 18          |
|    time_elapsed         | 92          |
|    total_timesteps      | 36864       |
| train/                  |             |
|    approx_kl            | 0.012514408 |
|    clip_fraction        | 0.147       |
|    clip_range           | 0.2         |
|    entropy_loss         | -16.9       |
|    explained_variance   | 0.979       |
|    learning_rate        | 0.0003      |
|    loss                 | 0.178       |
|    n_updates            | 170         |
|    policy_gradient_loss | -0.0137     |
|    std                  | 0.988       |
|    value_loss           | 0.399       |
-----------------------------------------
----------------------------------------
| rollout/                |            |
|    ep_len_mean          | 8.93e+03   |
|    ep_rew_mean          | -683       |
| time/                   |            |
|    fps                  | 397        |
|    iterations           | 19         |
|    time_elapsed         | 97         |
|    total_timesteps      | 38912      |
| train/                  |            |
|    approx_kl            | 0.01092277 |
|    clip_fraction        | 0.107      |
|    clip_range           | 0.2        |
|    entropy_loss         | -16.9      |
|    explained_variance   | 0.914      |
|    learning_rate        | 0.0003     |
|    loss                 | 1.93       |
|    n_updates            | 180        |
|    policy_gradient_loss | -0.0119    |
|    std                  | 0.985      |
|    value_loss           | 2.95       |
----------------------------------------
-----------------------------------------
| rollout/                |             |
|    ep_len_mean          | 8.93e+03    |
|    ep_rew_mean          | -683        |
| time/                   |             |
|    fps                  | 399         |
|    iterations           | 20          |
|    time_elapsed         | 102         |
|    total_timesteps      | 40960       |
| train/                  |             |
|    approx_kl            | 0.014026829 |
|    clip_fraction        | 0.183       |
|    clip_range           | 0.2         |
|    entropy_loss         | -16.8       |
|    explained_variance   | 0.944       |
|    learning_rate        | 0.0003      |
|    loss                 | 0.139       |
|    n_updates            | 190         |
|    policy_gradient_loss | -0.0157     |
|    std                  | 0.979       |
|    value_loss           | 0.589       |
-----------------------------------------
-----------------------------------------
| rollout/                |             |
|    ep_len_mean          | 8.93e+03    |
|    ep_rew_mean          | -683        |
| time/                   |             |
|    fps                  | 399         |
|    iterations           | 21          |
|    time_elapsed         | 107         |
|    total_timesteps      | 43008       |
| train/                  |             |
|    approx_kl            | 0.015224399 |
|    clip_fraction        | 0.167       |
|    clip_range           | 0.2         |
|    entropy_loss         | -16.8       |
|    explained_variance   | 0.96        |
|    learning_rate        | 0.0003      |
|    loss                 | 0.177       |
|    n_updates            | 200         |
|    policy_gradient_loss | -0.0154     |
|    std                  | 0.977       |
|    value_loss           | 0.63        |
-----------------------------------------
-----------------------------------------
| rollout/                |             |
|    ep_len_mean          | 8.93e+03    |
|    ep_rew_mean          | -682        |
| time/                   |             |
|    fps                  | 398         |
|    iterations           | 22          |
|    time_elapsed         | 113         |
|    total_timesteps      | 45056       |
| train/                  |             |
|    approx_kl            | 0.016468171 |
|    clip_fraction        | 0.205       |
|    clip_range           | 0.2         |
|    entropy_loss         | -16.8       |
|    explained_variance   | 0.981       |
|    learning_rate        | 0.0003      |
|    loss                 | 0.136       |
|    n_updates            | 210         |
|    policy_gradient_loss | -0.0169     |
|    std                  | 0.978       |
|    value_loss           | 0.426       |
-----------------------------------------
-----------------------------------------
| rollout/                |             |
|    ep_len_mean          | 8.93e+03    |
|    ep_rew_mean          | -682        |
| time/                   |             |
|    fps                  | 398         |
|    iterations           | 23          |
|    time_elapsed         | 118         |
|    total_timesteps      | 47104       |
| train/                  |             |
|    approx_kl            | 0.014058789 |
|    clip_fraction        | 0.138       |
|    clip_range           | 0.2         |
|    entropy_loss         | -16.7       |
|    explained_variance   | 0.736       |
|    learning_rate        | 0.0003      |
|    loss                 | 1.09        |
|    n_updates            | 220         |
|    policy_gradient_loss | -0.0138     |
|    std                  | 0.974       |
|    value_loss           | 3.71        |
-----------------------------------------
-----------------------------------------
| rollout/                |             |
|    ep_len_mean          | 8.93e+03    |
|    ep_rew_mean          | -682        |
| time/                   |             |
|    fps                  | 398         |
|    iterations           | 24          |
|    time_elapsed         | 123         |
|    total_timesteps      | 49152       |
| train/                  |             |
|    approx_kl            | 0.014302852 |
|    clip_fraction        | 0.162       |
|    clip_range           | 0.2         |
|    entropy_loss         | -16.7       |
|    explained_variance   | 0.972       |
|    learning_rate        | 0.0003      |
|    loss                 | 0.315       |
|    n_updates            | 230         |
|    policy_gradient_loss | -0.0143     |
|    std                  | 0.973       |
|    value_loss           | 0.861       |
-----------------------------------------
-----------------------------------------
| rollout/                |             |
|    ep_len_mean          | 8.93e+03    |
|    ep_rew_mean          | -682        |
| time/                   |             |
|    fps                  | 396         |
|    iterations           | 25          |
|    time_elapsed         | 129         |
|    total_timesteps      | 51200       |
| train/                  |             |
|    approx_kl            | 0.019195322 |
|    clip_fraction        | 0.215       |
|    clip_range           | 0.2         |
|    entropy_loss         | -16.7       |
|    explained_variance   | 0.94        |
|    learning_rate        | 0.0003      |
|    loss                 | 0.255       |
|    n_updates            | 240         |
|    policy_gradient_loss | -0.0167     |
|    std                  | 0.968       |
|    value_loss           | 0.585       |
-----------------------------------------
-----------------------------------------
| rollout/                |             |
|    ep_len_mean          | 8.93e+03    |
|    ep_rew_mean          | -682        |
| time/                   |             |
|    fps                  | 396         |
|    iterations           | 26          |
|    time_elapsed         | 134         |
|    total_timesteps      | 53248       |
| train/                  |             |
|    approx_kl            | 0.015741171 |
|    clip_fraction        | 0.168       |
|    clip_range           | 0.2         |
|    entropy_loss         | -16.6       |
|    explained_variance   | 0.974       |
|    learning_rate        | 0.0003      |
|    loss                 | 0.166       |
|    n_updates            | 250         |
|    policy_gradient_loss | -0.0117     |
|    std                  | 0.968       |
|    value_loss           | 0.666       |
-----------------------------------------
-----------------------------------------
| rollout/                |             |
|    ep_len_mean          | 8.93e+03    |
|    ep_rew_mean          | -680        |
| time/                   |             |
|    fps                  | 394         |
|    iterations           | 27          |
|    time_elapsed         | 140         |
|    total_timesteps      | 55296       |
| train/                  |             |
|    approx_kl            | 0.019737137 |
|    clip_fraction        | 0.224       |
|    clip_range           | 0.2         |
|    entropy_loss         | -16.6       |
|    explained_variance   | 0.986       |
|    learning_rate        | 0.0003      |
|    loss                 | 0.137       |
|    n_updates            | 260         |
|    policy_gradient_loss | -0.0172     |
|    std                  | 0.97        |
|    value_loss           | 0.539       |
-----------------------------------------
-----------------------------------------
| rollout/                |             |
|    ep_len_mean          | 8.93e+03    |
|    ep_rew_mean          | -680        |
| time/                   |             |
|    fps                  | 394         |
|    iterations           | 28          |
|    time_elapsed         | 145         |
|    total_timesteps      | 57344       |
| train/                  |             |
|    approx_kl            | 0.012941912 |
|    clip_fraction        | 0.133       |
|    clip_range           | 0.2         |
|    entropy_loss         | -16.6       |
|    explained_variance   | 0.818       |
|    learning_rate        | 0.0003      |
|    loss                 | 4.87        |
|    n_updates            | 270         |
|    policy_gradient_loss | -0.012      |
|    std                  | 0.968       |
|    value_loss           | 6.4         |
-----------------------------------------
-----------------------------------------
| rollout/                |             |
|    ep_len_mean          | 8.93e+03    |
|    ep_rew_mean          | -680        |
| time/                   |             |
|    fps                  | 393         |
|    iterations           | 29          |
|    time_elapsed         | 150         |
|    total_timesteps      | 59392       |
| train/                  |             |
|    approx_kl            | 0.019150948 |
|    clip_fraction        | 0.202       |
|    clip_range           | 0.2         |
|    entropy_loss         | -16.6       |
|    explained_variance   | 0.962       |
|    learning_rate        | 0.0003      |
|    loss                 | 0.281       |
|    n_updates            | 280         |
|    policy_gradient_loss | -0.0176     |
|    std                  | 0.968       |
|    value_loss           | 0.847       |
-----------------------------------------
-----------------------------------------
| rollout/                |             |
|    ep_len_mean          | 8.93e+03    |
|    ep_rew_mean          | -680        |
| time/                   |             |
|    fps                  | 390         |
|    iterations           | 30          |
|    time_elapsed         | 157         |
|    total_timesteps      | 61440       |
| train/                  |             |
|    approx_kl            | 0.017564727 |
|    clip_fraction        | 0.203       |
|    clip_range           | 0.2         |
|    entropy_loss         | -16.6       |
|    explained_variance   | 0.971       |
|    learning_rate        | 0.0003      |
|    loss                 | 0.275       |
|    n_updates            | 290         |
|    policy_gradient_loss | -0.0125     |
|    std                  | 0.969       |
|    value_loss           | 0.655       |
-----------------------------------------
-----------------------------------------
| rollout/                |             |
|    ep_len_mean          | 8.93e+03    |
|    ep_rew_mean          | -679        |
| time/                   |             |
|    fps                  | 390         |
|    iterations           | 31          |
|    time_elapsed         | 162         |
|    total_timesteps      | 63488       |
| train/                  |             |
|    approx_kl            | 0.017586183 |
|    clip_fraction        | 0.194       |
|    clip_range           | 0.2         |
|    entropy_loss         | -16.6       |
|    explained_variance   | 0.972       |
|    learning_rate        | 0.0003      |
|    loss                 | 0.3         |
|    n_updates            | 300         |
|    policy_gradient_loss | -0.0152     |
|    std                  | 0.967       |
|    value_loss           | 0.816       |
-----------------------------------------
-----------------------------------------
| rollout/                |             |
|    ep_len_mean          | 8.93e+03    |
|    ep_rew_mean          | -679        |
| time/                   |             |
|    fps                  | 390         |
|    iterations           | 32          |
|    time_elapsed         | 167         |
|    total_timesteps      | 65536       |
| train/                  |             |
|    approx_kl            | 0.011966474 |
|    clip_fraction        | 0.131       |
|    clip_range           | 0.2         |
|    entropy_loss         | -16.6       |
|    explained_variance   | 0.856       |
|    learning_rate        | 0.0003      |
|    loss                 | 10.6        |
|    n_updates            | 310         |
|    policy_gradient_loss | -0.0135     |
|    std                  | 0.967       |
|    value_loss           | 8.16        |
-----------------------------------------
-----------------------------------------
| rollout/                |             |
|    ep_len_mean          | 8.93e+03    |
|    ep_rew_mean          | -679        |
| time/                   |             |
|    fps                  | 391         |
|    iterations           | 33          |
|    time_elapsed         | 172         |
|    total_timesteps      | 67584       |
| train/                  |             |
|    approx_kl            | 0.019886477 |
|    clip_fraction        | 0.233       |
|    clip_range           | 0.2         |
|    entropy_loss         | -16.6       |
|    explained_variance   | 0.929       |
|    learning_rate        | 0.0003      |
|    loss                 | 0.361       |
|    n_updates            | 320         |
|    policy_gradient_loss | -0.0112     |
|    std                  | 0.97        |
|    value_loss           | 0.972       |
-----------------------------------------
-----------------------------------------
| rollout/                |             |
|    ep_len_mean          | 8.93e+03    |
|    ep_rew_mean          | -679        |
| time/                   |             |
|    fps                  | 391         |
|    iterations           | 34          |
|    time_elapsed         | 177         |
|    total_timesteps      | 69632       |
| train/                  |             |
|    approx_kl            | 0.020252794 |
|    clip_fraction        | 0.208       |
|    clip_range           | 0.2         |
|    entropy_loss         | -16.7       |
|    explained_variance   | 0.956       |
|    learning_rate        | 0.0003      |
|    loss                 | 0.258       |
|    n_updates            | 330         |
|    policy_gradient_loss | -0.0172     |
|    std                  | 0.969       |
|    value_loss           | 0.671       |
-----------------------------------------
-----------------------------------------
| rollout/                |             |
|    ep_len_mean          | 8.93e+03    |
|    ep_rew_mean          | -677        |
| time/                   |             |
|    fps                  | 392         |
|    iterations           | 35          |
|    time_elapsed         | 182         |
|    total_timesteps      | 71680       |
| train/                  |             |
|    approx_kl            | 0.020817628 |
|    clip_fraction        | 0.238       |
|    clip_range           | 0.2         |
|    entropy_loss         | -16.6       |
|    explained_variance   | 0.975       |
|    learning_rate        | 0.0003      |
|    loss                 | 0.245       |
|    n_updates            | 340         |
|    policy_gradient_loss | -0.0147     |
|    std                  | 0.967       |
|    value_loss           | 0.556       |
-----------------------------------------
-----------------------------------------
| rollout/                |             |
|    ep_len_mean          | 8.93e+03    |
|    ep_rew_mean          | -677        |
| time/                   |             |
|    fps                  | 391         |
|    iterations           | 36          |
|    time_elapsed         | 188         |
|    total_timesteps      | 73728       |
| train/                  |             |
|    approx_kl            | 0.015228726 |
|    clip_fraction        | 0.18        |
|    clip_range           | 0.2         |
|    entropy_loss         | -16.6       |
|    explained_variance   | 0.735       |
|    learning_rate        | 0.0003      |
|    loss                 | 0.394       |
|    n_updates            | 350         |
|    policy_gradient_loss | -0.00905    |
|    std                  | 0.967       |
|    value_loss           | 8.76        |
-----------------------------------------
-----------------------------------------
| rollout/                |             |
|    ep_len_mean          | 8.93e+03    |
|    ep_rew_mean          | -677        |
| time/                   |             |
|    fps                  | 392         |
|    iterations           | 37          |
|    time_elapsed         | 193         |
|    total_timesteps      | 75776       |
| train/                  |             |
|    approx_kl            | 0.016995244 |
|    clip_fraction        | 0.219       |
|    clip_range           | 0.2         |
|    entropy_loss         | -16.6       |
|    explained_variance   | 0.968       |
|    learning_rate        | 0.0003      |
|    loss                 | 0.365       |
|    n_updates            | 360         |
|    policy_gradient_loss | -0.0161     |
|    std                  | 0.966       |
|    value_loss           | 0.927       |
-----------------------------------------
-----------------------------------------
| rollout/                |             |
|    ep_len_mean          | 8.93e+03    |
|    ep_rew_mean          | -677        |
| time/                   |             |
|    fps                  | 393         |
|    iterations           | 38          |
|    time_elapsed         | 197         |
|    total_timesteps      | 77824       |
| train/                  |             |
|    approx_kl            | 0.018231016 |
|    clip_fraction        | 0.235       |
|    clip_range           | 0.2         |
|    entropy_loss         | -16.6       |
|    explained_variance   | 0.973       |
|    learning_rate        | 0.0003      |
|    loss                 | 0.208       |
|    n_updates            | 370         |
|    policy_gradient_loss | -0.0123     |
|    std                  | 0.966       |
|    value_loss           | 0.605       |
-----------------------------------------
-----------------------------------------
| rollout/                |             |
|    ep_len_mean          | 8.93e+03    |
|    ep_rew_mean          | -677        |
| time/                   |             |
|    fps                  | 391         |
|    iterations           | 39          |
|    time_elapsed         | 203         |
|    total_timesteps      | 79872       |
| train/                  |             |
|    approx_kl            | 0.017213076 |
|    clip_fraction        | 0.227       |
|    clip_range           | 0.2         |
|    entropy_loss         | -16.6       |
|    explained_variance   | 0.981       |
|    learning_rate        | 0.0003      |
|    loss                 | 0.286       |
|    n_updates            | 380         |
|    policy_gradient_loss | -0.0119     |
|    std                  | 0.964       |
|    value_loss           | 0.651       |
-----------------------------------------
-----------------------------------------
| rollout/                |             |
|    ep_len_mean          | 8.93e+03    |
|    ep_rew_mean          | -680        |
| time/                   |             |
|    fps                  | 387         |
|    iterations           | 40          |
|    time_elapsed         | 211         |
|    total_timesteps      | 81920       |
| train/                  |             |
|    approx_kl            | 0.017029025 |
|    clip_fraction        | 0.205       |
|    clip_range           | 0.2         |
|    entropy_loss         | -16.6       |
|    explained_variance   | 0.988       |
|    learning_rate        | 0.0003      |
|    loss                 | 0.175       |
|    n_updates            | 390         |
|    policy_gradient_loss | -0.0125     |
|    std                  | 0.96        |
|    value_loss           | 0.62        |
-----------------------------------------
-----------------------------------------
| rollout/                |             |
|    ep_len_mean          | 8.93e+03    |
|    ep_rew_mean          | -680        |
| time/                   |             |
|    fps                  | 387         |
|    iterations           | 41          |
|    time_elapsed         | 216         |
|    total_timesteps      | 83968       |
| train/                  |             |
|    approx_kl            | 0.010600844 |
|    clip_fraction        | 0.105       |
|    clip_range           | 0.2         |
|    entropy_loss         | -16.5       |
|    explained_variance   | 0.821       |
|    learning_rate        | 0.0003      |
|    loss                 | 16.6        |
|    n_updates            | 400         |
|    policy_gradient_loss | -0.0125     |
|    std                  | 0.959       |
|    value_loss           | 10.4        |
-----------------------------------------
-----------------------------------------
| rollout/                |             |
|    ep_len_mean          | 8.93e+03    |
|    ep_rew_mean          | -680        |
| time/                   |             |
|    fps                  | 388         |
|    iterations           | 42          |
|    time_elapsed         | 221         |
|    total_timesteps      | 86016       |
| train/                  |             |
|    approx_kl            | 0.014189382 |
|    clip_fraction        | 0.185       |
|    clip_range           | 0.2         |
|    entropy_loss         | -16.5       |
|    explained_variance   | 0.953       |
|    learning_rate        | 0.0003      |
|    loss                 | 0.779       |
|    n_updates            | 410         |
|    policy_gradient_loss | -0.0139     |
|    std                  | 0.955       |
|    value_loss           | 1.85        |
-----------------------------------------
-----------------------------------------
| rollout/                |             |
|    ep_len_mean          | 8.93e+03    |
|    ep_rew_mean          | -680        |
| time/                   |             |
|    fps                  | 388         |
|    iterations           | 43          |
|    time_elapsed         | 226         |
|    total_timesteps      | 88064       |
| train/                  |             |
|    approx_kl            | 0.017433085 |
|    clip_fraction        | 0.248       |
|    clip_range           | 0.2         |
|    entropy_loss         | -16.5       |
|    explained_variance   | 0.951       |
|    learning_rate        | 0.0003      |
|    loss                 | 0.286       |
|    n_updates            | 420         |
|    policy_gradient_loss | -0.015      |
|    std                  | 0.956       |
|    value_loss           | 0.996       |
-----------------------------------------
-----------------------------------------
| rollout/                |             |
|    ep_len_mean          | 8.93e+03    |
|    ep_rew_mean          | -678        |
| time/                   |             |
|    fps                  | 388         |
|    iterations           | 44          |
|    time_elapsed         | 231         |
|    total_timesteps      | 90112       |
| train/                  |             |
|    approx_kl            | 0.020456498 |
|    clip_fraction        | 0.215       |
|    clip_range           | 0.2         |
|    entropy_loss         | -16.4       |
|    explained_variance   | 0.971       |
|    learning_rate        | 0.0003      |
|    loss                 | 0.347       |
|    n_updates            | 430         |
|    policy_gradient_loss | -0.0161     |
|    std                  | 0.951       |
|    value_loss           | 0.96        |
-----------------------------------------
-----------------------------------------
| rollout/                |             |
|    ep_len_mean          | 8.93e+03    |
|    ep_rew_mean          | -678        |
| time/                   |             |
|    fps                  | 389         |
|    iterations           | 45          |
|    time_elapsed         | 236         |
|    total_timesteps      | 92160       |
| train/                  |             |
|    approx_kl            | 0.011677723 |
|    clip_fraction        | 0.126       |
|    clip_range           | 0.2         |
|    entropy_loss         | -16.4       |
|    explained_variance   | 0.827       |
|    learning_rate        | 0.0003      |
|    loss                 | 1.31        |
|    n_updates            | 440         |
|    policy_gradient_loss | -0.0134     |
|    std                  | 0.952       |
|    value_loss           | 12.4        |
-----------------------------------------
-----------------------------------------
| rollout/                |             |
|    ep_len_mean          | 8.93e+03    |
|    ep_rew_mean          | -678        |
| time/                   |             |
|    fps                  | 389         |
|    iterations           | 46          |
|    time_elapsed         | 241         |
|    total_timesteps      | 94208       |
| train/                  |             |
|    approx_kl            | 0.015801463 |
|    clip_fraction        | 0.188       |
|    clip_range           | 0.2         |
|    entropy_loss         | -16.4       |
|    explained_variance   | 0.942       |
|    learning_rate        | 0.0003      |
|    loss                 | 1.06        |
|    n_updates            | 450         |
|    policy_gradient_loss | -0.0159     |
|    std                  | 0.951       |
|    value_loss           | 2.27        |
-----------------------------------------
-----------------------------------------
| rollout/                |             |
|    ep_len_mean          | 8.93e+03    |
|    ep_rew_mean          | -678        |
| time/                   |             |
|    fps                  | 390         |
|    iterations           | 47          |
|    time_elapsed         | 246         |
|    total_timesteps      | 96256       |
| train/                  |             |
|    approx_kl            | 0.019209962 |
|    clip_fraction        | 0.243       |
|    clip_range           | 0.2         |
|    entropy_loss         | -16.4       |
|    explained_variance   | 0.927       |
|    learning_rate        | 0.0003      |
|    loss                 | 0.407       |
|    n_updates            | 460         |
|    policy_gradient_loss | -0.0139     |
|    std                  | 0.95        |
|    value_loss           | 0.982       |
-----------------------------------------
-----------------------------------------
| rollout/                |             |
|    ep_len_mean          | 8.93e+03    |
|    ep_rew_mean          | -678        |
| time/                   |             |
|    fps                  | 390         |
|    iterations           | 48          |
|    time_elapsed         | 251         |
|    total_timesteps      | 98304       |
| train/                  |             |
|    approx_kl            | 0.022000218 |
|    clip_fraction        | 0.238       |
|    clip_range           | 0.2         |
|    entropy_loss         | -16.4       |
|    explained_variance   | 0.975       |
|    learning_rate        | 0.0003      |
|    loss                 | 0.285       |
|    n_updates            | 470         |
|    policy_gradient_loss | -0.0133     |
|    std                  | 0.946       |
|    value_loss           | 0.793       |
-----------------------------------------
-----------------------------------------
| rollout/                |             |
|    ep_len_mean          | 8.93e+03    |
|    ep_rew_mean          | -678        |
| time/                   |             |
|    fps                  | 391         |
|    iterations           | 49          |
|    time_elapsed         | 256         |
|    total_timesteps      | 100352      |
| train/                  |             |
|    approx_kl            | 0.010561546 |
|    clip_fraction        | 0.124       |
|    clip_range           | 0.2         |
|    entropy_loss         | -16.3       |
|    explained_variance   | 0.794       |
|    learning_rate        | 0.0003      |
|    loss                 | 1.01        |
|    n_updates            | 480         |
|    policy_gradient_loss | -0.00868    |
|    std                  | 0.944       |
|    value_loss           | 13.2        |
-----------------------------------------
-----------------------------------------
| rollout/                |             |
|    ep_len_mean          | 8.93e+03    |
|    ep_rew_mean          | -678        |
| time/                   |             |
|    fps                  | 391         |
|    iterations           | 50          |
|    time_elapsed         | 261         |
|    total_timesteps      | 102400      |
| train/                  |             |
|    approx_kl            | 0.019362109 |
|    clip_fraction        | 0.244       |
|    clip_range           | 0.2         |
|    entropy_loss         | -16.3       |
|    explained_variance   | 0.952       |
|    learning_rate        | 0.0003      |
|    loss                 | 0.398       |
|    n_updates            | 490         |
|    policy_gradient_loss | -0.0197     |
|    std                  | 0.943       |
|    value_loss           | 1.21        |
-----------------------------------------
----------------------------------------
| rollout/                |            |
|    ep_len_mean          | 8.93e+03   |
|    ep_rew_mean          | -678       |
| time/                   |            |
|    fps                  | 390        |
|    iterations           | 51         |
|    time_elapsed         | 267        |
|    total_timesteps      | 104448     |
| train/                  |            |
|    approx_kl            | 0.02260739 |
|    clip_fraction        | 0.254      |
|    clip_range           | 0.2        |
|    entropy_loss         | -16.3      |
|    explained_variance   | 0.971      |
|    learning_rate        | 0.0003     |
|    loss                 | 0.37       |
|    n_updates            | 500        |
|    policy_gradient_loss | -0.0137    |
|    std                  | 0.942      |
|    value_loss           | 0.932      |
----------------------------------------
-----------------------------------------
| rollout/                |             |
|    ep_len_mean          | 8.93e+03    |
|    ep_rew_mean          | -678        |
| time/                   |             |
|    fps                  | 388         |
|    iterations           | 52          |
|    time_elapsed         | 274         |
|    total_timesteps      | 106496      |
| train/                  |             |
|    approx_kl            | 0.019652475 |
|    clip_fraction        | 0.235       |
|    clip_range           | 0.2         |
|    entropy_loss         | -16.3       |
|    explained_variance   | 0.977       |
|    learning_rate        | 0.0003      |
|    loss                 | 0.236       |
|    n_updates            | 510         |
|    policy_gradient_loss | -0.0135     |
|    std                  | 0.943       |
|    value_loss           | 0.727       |
-----------------------------------------
----------------------------------------
| rollout/                |            |
|    ep_len_mean          | 8.93e+03   |
|    ep_rew_mean          | -677       |
| time/                   |            |
|    fps                  | 386        |
|    iterations           | 53         |
|    time_elapsed         | 280        |
|    total_timesteps      | 108544     |
| train/                  |            |
|    approx_kl            | 0.01619901 |
|    clip_fraction        | 0.23       |
|    clip_range           | 0.2        |
|    entropy_loss         | -16.3      |
|    explained_variance   | 0.981      |
|    learning_rate        | 0.0003     |
|    loss                 | 0.248      |
|    n_updates            | 520        |
|    policy_gradient_loss | -0.0159    |
|    std                  | 0.94       |
|    value_loss           | 0.862      |
----------------------------------------
----------------------------------------
| rollout/                |            |
|    ep_len_mean          | 8.93e+03   |
|    ep_rew_mean          | -677       |
| time/                   |            |
|    fps                  | 386        |
|    iterations           | 54         |
|    time_elapsed         | 286        |
|    total_timesteps      | 110592     |
| train/                  |            |
|    approx_kl            | 0.01101913 |
|    clip_fraction        | 0.124      |
|    clip_range           | 0.2        |
|    entropy_loss         | -16.3      |
|    explained_variance   | 0.826      |
|    learning_rate        | 0.0003     |
|    loss                 | 2.88       |
|    n_updates            | 530        |
|    policy_gradient_loss | -0.00917   |
|    std                  | 0.94       |
|    value_loss           | 14.1       |
----------------------------------------
-----------------------------------------
| rollout/                |             |
|    ep_len_mean          | 8.93e+03    |
|    ep_rew_mean          | -677        |
| time/                   |             |
|    fps                  | 385         |
|    iterations           | 55          |
|    time_elapsed         | 291         |
|    total_timesteps      | 112640      |
| train/                  |             |
|    approx_kl            | 0.016261145 |
|    clip_fraction        | 0.185       |
|    clip_range           | 0.2         |
|    entropy_loss         | -16.2       |
|    explained_variance   | 0.953       |
|    learning_rate        | 0.0003      |
|    loss                 | 0.891       |
|    n_updates            | 540         |
|    policy_gradient_loss | -0.0163     |
|    std                  | 0.936       |
|    value_loss           | 1.83        |
-----------------------------------------
-----------------------------------------
| rollout/                |             |
|    ep_len_mean          | 8.93e+03    |
|    ep_rew_mean          | -677        |
| time/                   |             |
|    fps                  | 384         |
|    iterations           | 56          |
|    time_elapsed         | 298         |
|    total_timesteps      | 114688      |
| train/                  |             |
|    approx_kl            | 0.017430548 |
|    clip_fraction        | 0.227       |
|    clip_range           | 0.2         |
|    entropy_loss         | -16.2       |
|    explained_variance   | 0.959       |
|    learning_rate        | 0.0003      |
|    loss                 | 0.502       |
|    n_updates            | 550         |
|    policy_gradient_loss | -0.0121     |
|    std                  | 0.939       |
|    value_loss           | 0.919       |
-----------------------------------------
-----------------------------------------
| rollout/                |             |
|    ep_len_mean          | 8.93e+03    |
|    ep_rew_mean          | -678        |
| time/                   |             |
|    fps                  | 383         |
|    iterations           | 57          |
|    time_elapsed         | 304         |
|    total_timesteps      | 116736      |
| train/                  |             |
|    approx_kl            | 0.017914172 |
|    clip_fraction        | 0.234       |
|    clip_range           | 0.2         |
|    entropy_loss         | -16.3       |
|    explained_variance   | 0.969       |
|    learning_rate        | 0.0003      |
|    loss                 | 0.315       |
|    n_updates            | 560         |
|    policy_gradient_loss | -0.018      |
|    std                  | 0.939       |
|    value_loss           | 0.869       |
-----------------------------------------
-----------------------------------------
| rollout/                |             |
|    ep_len_mean          | 8.93e+03    |
|    ep_rew_mean          | -678        |
| time/                   |             |
|    fps                  | 384         |
|    iterations           | 58          |
|    time_elapsed         | 309         |
|    total_timesteps      | 118784      |
| train/                  |             |
|    approx_kl            | 0.010351326 |
|    clip_fraction        | 0.103       |
|    clip_range           | 0.2         |
|    entropy_loss         | -16.3       |
|    explained_variance   | 0.773       |
|    learning_rate        | 0.0003      |
|    loss                 | 14.6        |
|    n_updates            | 570         |
|    policy_gradient_loss | -0.0125     |
|    std                  | 0.939       |
|    value_loss           | 14.3        |
-----------------------------------------
-----------------------------------------
| rollout/                |             |
|    ep_len_mean          | 8.93e+03    |
|    ep_rew_mean          | -678        |
| time/                   |             |
|    fps                  | 384         |
|    iterations           | 59          |
|    time_elapsed         | 314         |
|    total_timesteps      | 120832      |
| train/                  |             |
|    approx_kl            | 0.017781707 |
|    clip_fraction        | 0.195       |
|    clip_range           | 0.2         |
|    entropy_loss         | -16.2       |
|    explained_variance   | 0.951       |
|    learning_rate        | 0.0003      |
|    loss                 | 0.603       |
|    n_updates            | 580         |
|    policy_gradient_loss | -0.0156     |
|    std                  | 0.937       |
|    value_loss           | 1.82        |
-----------------------------------------
-----------------------------------------
| rollout/                |             |
|    ep_len_mean          | 8.93e+03    |
|    ep_rew_mean          | -678        |
| time/                   |             |
|    fps                  | 383         |
|    iterations           | 60          |
|    time_elapsed         | 320         |
|    total_timesteps      | 122880      |
| train/                  |             |
|    approx_kl            | 0.016227242 |
|    clip_fraction        | 0.212       |
|    clip_range           | 0.2         |
|    entropy_loss         | -16.2       |
|    explained_variance   | 0.917       |
|    learning_rate        | 0.0003      |
|    loss                 | 0.472       |
|    n_updates            | 590         |
|    policy_gradient_loss | -0.013      |
|    std                  | 0.938       |
|    value_loss           | 1.18        |
-----------------------------------------
----------------------------------------
| rollout/                |            |
|    ep_len_mean          | 8.93e+03   |
|    ep_rew_mean          | -678       |
| time/                   |            |
|    fps                  | 384        |
|    iterations           | 61         |
|    time_elapsed         | 325        |
|    total_timesteps      | 124928     |
| train/                  |            |
|    approx_kl            | 0.02200073 |
|    clip_fraction        | 0.226      |
|    clip_range           | 0.2        |
|    entropy_loss         | -16.2      |
|    explained_variance   | 0.979      |
|    learning_rate        | 0.0003     |
|    loss                 | 0.255      |
|    n_updates            | 600        |
|    policy_gradient_loss | -0.00993   |
|    std                  | 0.937      |
|    value_loss           | 0.696      |
----------------------------------------
----------------------------------------
| rollout/                |            |
|    ep_len_mean          | 8.93e+03   |
|    ep_rew_mean          | -677       |
| time/                   |            |
|    fps                  | 384        |
|    iterations           | 62         |
|    time_elapsed         | 330        |
|    total_timesteps      | 126976     |
| train/                  |            |
|    approx_kl            | 0.01865787 |
|    clip_fraction        | 0.234      |
|    clip_range           | 0.2        |
|    entropy_loss         | -16.2      |
|    explained_variance   | 0.982      |
|    learning_rate        | 0.0003     |
|    loss                 | 0.432      |
|    n_updates            | 610        |
|    policy_gradient_loss | -0.0131    |
|    std                  | 0.934      |
|    value_loss           | 1.14       |
----------------------------------------
-----------------------------------------
| rollout/                |             |
|    ep_len_mean          | 8.93e+03    |
|    ep_rew_mean          | -677        |
| time/                   |             |
|    fps                  | 384         |
|    iterations           | 63          |
|    time_elapsed         | 335         |
|    total_timesteps      | 129024      |
| train/                  |             |
|    approx_kl            | 0.011250518 |
|    clip_fraction        | 0.0945      |
|    clip_range           | 0.2         |
|    entropy_loss         | -16.2       |
|    explained_variance   | 0.654       |
|    learning_rate        | 0.0003      |
|    loss                 | 2.45        |
|    n_updates            | 620         |
|    policy_gradient_loss | -0.00582    |
|    std                  | 0.932       |
|    value_loss           | 14          |
-----------------------------------------
-----------------------------------------
| rollout/                |             |
|    ep_len_mean          | 8.93e+03    |
|    ep_rew_mean          | -677        |
| time/                   |             |
|    fps                  | 384         |
|    iterations           | 64          |
|    time_elapsed         | 340         |
|    total_timesteps      | 131072      |
| train/                  |             |
|    approx_kl            | 0.018908104 |
|    clip_fraction        | 0.215       |
|    clip_range           | 0.2         |
|    entropy_loss         | -16.2       |
|    explained_variance   | 0.952       |
|    learning_rate        | 0.0003      |
|    loss                 | 0.686       |
|    n_updates            | 630         |
|    policy_gradient_loss | -0.015      |
|    std                  | 0.937       |
|    value_loss           | 1.54        |
-----------------------------------------
-----------------------------------------
| rollout/                |             |
|    ep_len_mean          | 8.93e+03    |
|    ep_rew_mean          | -677        |
| time/                   |             |
|    fps                  | 384         |
|    iterations           | 65          |
|    time_elapsed         | 345         |
|    total_timesteps      | 133120      |
| train/                  |             |
|    approx_kl            | 0.024440816 |
|    clip_fraction        | 0.235       |
|    clip_range           | 0.2         |
|    entropy_loss         | -16.2       |
|    explained_variance   | 0.979       |
|    learning_rate        | 0.0003      |
|    loss                 | 0.194       |
|    n_updates            | 640         |
|    policy_gradient_loss | -0.0166     |
|    std                  | 0.935       |
|    value_loss           | 0.715       |
-----------------------------------------
-----------------------------------------
| rollout/                |             |
|    ep_len_mean          | 8.93e+03    |
|    ep_rew_mean          | -679        |
| time/                   |             |
|    fps                  | 384         |
|    iterations           | 66          |
|    time_elapsed         | 351         |
|    total_timesteps      | 135168      |
| train/                  |             |
|    approx_kl            | 0.017896932 |
|    clip_fraction        | 0.248       |
|    clip_range           | 0.2         |
|    entropy_loss         | -16.2       |
|    explained_variance   | 0.977       |
|    learning_rate        | 0.0003      |
|    loss                 | 0.373       |
|    n_updates            | 650         |
|    policy_gradient_loss | -0.0174     |
|    std                  | 0.94        |
|    value_loss           | 0.859       |
-----------------------------------------
-----------------------------------------
| rollout/                |             |
|    ep_len_mean          | 8.93e+03    |
|    ep_rew_mean          | -679        |
| time/                   |             |
|    fps                  | 385         |
|    iterations           | 67          |
|    time_elapsed         | 356         |
|    total_timesteps      | 137216      |
| train/                  |             |
|    approx_kl            | 0.010292418 |
|    clip_fraction        | 0.0894      |
|    clip_range           | 0.2         |
|    entropy_loss         | -16.3       |
|    explained_variance   | 0.801       |
|    learning_rate        | 0.0003      |
|    loss                 | 1.33        |
|    n_updates            | 660         |
|    policy_gradient_loss | -0.00918    |
|    std                  | 0.942       |
|    value_loss           | 15.9        |
-----------------------------------------
-----------------------------------------
| rollout/                |             |
|    ep_len_mean          | 8.93e+03    |
|    ep_rew_mean          | -679        |
| time/                   |             |
|    fps                  | 385         |
|    iterations           | 68          |
|    time_elapsed         | 361         |
|    total_timesteps      | 139264      |
| train/                  |             |
|    approx_kl            | 0.022413205 |
|    clip_fraction        | 0.212       |
|    clip_range           | 0.2         |
|    entropy_loss         | -16.3       |
|    explained_variance   | 0.943       |
|    learning_rate        | 0.0003      |
|    loss                 | 0.543       |
|    n_updates            | 670         |
|    policy_gradient_loss | -0.0127     |
|    std                  | 0.942       |
|    value_loss           | 1.62        |
-----------------------------------------
-----------------------------------------
| rollout/                |             |
|    ep_len_mean          | 8.93e+03    |
|    ep_rew_mean          | -679        |
| time/                   |             |
|    fps                  | 386         |
|    iterations           | 69          |
|    time_elapsed         | 366         |
|    total_timesteps      | 141312      |
| train/                  |             |
|    approx_kl            | 0.019866848 |
|    clip_fraction        | 0.213       |
|    clip_range           | 0.2         |
|    entropy_loss         | -16.3       |
|    explained_variance   | 0.95        |
|    learning_rate        | 0.0003      |
|    loss                 | 0.472       |
|    n_updates            | 680         |
|    policy_gradient_loss | -0.0157     |
|    std                  | 0.939       |
|    value_loss           | 1.23        |
-----------------------------------------
----------------------------------------
| rollout/                |            |
|    ep_len_mean          | 8.93e+03   |
|    ep_rew_mean          | -680       |
| time/                   |            |
|    fps                  | 386        |
|    iterations           | 70         |
|    time_elapsed         | 371        |
|    total_timesteps      | 143360     |
| train/                  |            |
|    approx_kl            | 0.02219829 |
|    clip_fraction        | 0.246      |
|    clip_range           | 0.2        |
|    entropy_loss         | -16.2      |
|    explained_variance   | 0.973      |
|    learning_rate        | 0.0003     |
|    loss                 | 0.323      |
|    n_updates            | 690        |
|    policy_gradient_loss | -0.0157    |
|    std                  | 0.938      |
|    value_loss           | 1.04       |
----------------------------------------
-----------------------------------------
| rollout/                |             |
|    ep_len_mean          | 8.93e+03    |
|    ep_rew_mean          | -680        |
| time/                   |             |
|    fps                  | 386         |
|    iterations           | 71          |
|    time_elapsed         | 376         |
|    total_timesteps      | 145408      |
| train/                  |             |
|    approx_kl            | 0.012871769 |
|    clip_fraction        | 0.0981      |
|    clip_range           | 0.2         |
|    entropy_loss         | -16.2       |
|    explained_variance   | 0.707       |
|    learning_rate        | 0.0003      |
|    loss                 | 1.37        |
|    n_updates            | 700         |
|    policy_gradient_loss | -0.00983    |
|    std                  | 0.938       |
|    value_loss           | 14.7        |
-----------------------------------------
-----------------------------------------
| rollout/                |             |
|    ep_len_mean          | 8.93e+03    |
|    ep_rew_mean          | -680        |
| time/                   |             |
|    fps                  | 386         |
|    iterations           | 72          |
|    time_elapsed         | 381         |
|    total_timesteps      | 147456      |
| train/                  |             |
|    approx_kl            | 0.019530648 |
|    clip_fraction        | 0.219       |
|    clip_range           | 0.2         |
|    entropy_loss         | -16.2       |
|    explained_variance   | 0.962       |
|    learning_rate        | 0.0003      |
|    loss                 | 0.664       |
|    n_updates            | 710         |
|    policy_gradient_loss | -0.0122     |
|    std                  | 0.938       |
|    value_loss           | 1.56        |
-----------------------------------------
----------------------------------------
| rollout/                |            |
|    ep_len_mean          | 8.93e+03   |
|    ep_rew_mean          | -680       |
| time/                   |            |
|    fps                  | 386        |
|    iterations           | 73         |
|    time_elapsed         | 386        |
|    total_timesteps      | 149504     |
| train/                  |            |
|    approx_kl            | 0.01989656 |
|    clip_fraction        | 0.267      |
|    clip_range           | 0.2        |
|    entropy_loss         | -16.2      |
|    explained_variance   | 0.933      |
|    learning_rate        | 0.0003     |
|    loss                 | 0.576      |
|    n_updates            | 720        |
|    policy_gradient_loss | -0.0114    |
|    std                  | 0.939      |
|    value_loss           | 1.2        |
----------------------------------------
-----------------------------------------
| rollout/                |             |
|    ep_len_mean          | 8.93e+03    |
|    ep_rew_mean          | -680        |
| time/                   |             |
|    fps                  | 386         |
|    iterations           | 74          |
|    time_elapsed         | 392         |
|    total_timesteps      | 151552      |
| train/                  |             |
|    approx_kl            | 0.018619526 |
|    clip_fraction        | 0.239       |
|    clip_range           | 0.2         |
|    entropy_loss         | -16.2       |
|    explained_variance   | 0.965       |
|    learning_rate        | 0.0003      |
|    loss                 | 0.461       |
|    n_updates            | 730         |
|    policy_gradient_loss | -0.0132     |
|    std                  | 0.938       |
|    value_loss           | 1.03        |
-----------------------------------------
-----------------------------------------
| rollout/                |             |
|    ep_len_mean          | 8.93e+03    |
|    ep_rew_mean          | -680        |
| time/                   |             |
|    fps                  | 385         |
|    iterations           | 75          |
|    time_elapsed         | 398         |
|    total_timesteps      | 153600      |
| train/                  |             |
|    approx_kl            | 0.025373166 |
|    clip_fraction        | 0.268       |
|    clip_range           | 0.2         |
|    entropy_loss         | -16.2       |
|    explained_variance   | 0.978       |
|    learning_rate        | 0.0003      |
|    loss                 | 0.336       |
|    n_updates            | 740         |
|    policy_gradient_loss | -0.0168     |
|    std                  | 0.935       |
|    value_loss           | 1.09        |
-----------------------------------------
-----------------------------------------
| rollout/                |             |
|    ep_len_mean          | 8.93e+03    |
|    ep_rew_mean          | -680        |
| time/                   |             |
|    fps                  | 385         |
|    iterations           | 76          |
|    time_elapsed         | 403         |
|    total_timesteps      | 155648      |
| train/                  |             |
|    approx_kl            | 0.012530207 |
|    clip_fraction        | 0.152       |
|    clip_range           | 0.2         |
|    entropy_loss         | -16.2       |
|    explained_variance   | 0.605       |
|    learning_rate        | 0.0003      |
|    loss                 | 1.26        |
|    n_updates            | 750         |
|    policy_gradient_loss | -0.00974    |
|    std                  | 0.935       |
|    value_loss           | 15.7        |
-----------------------------------------
----------------------------------------
| rollout/                |            |
|    ep_len_mean          | 8.93e+03   |
|    ep_rew_mean          | -680       |
| time/                   |            |
|    fps                  | 386        |
|    iterations           | 77         |
|    time_elapsed         | 408        |
|    total_timesteps      | 157696     |
| train/                  |            |
|    approx_kl            | 0.01943691 |
|    clip_fraction        | 0.241      |
|    clip_range           | 0.2        |
|    entropy_loss         | -16.2      |
|    explained_variance   | 0.956      |
|    learning_rate        | 0.0003     |
|    loss                 | 0.667      |
|    n_updates            | 760        |
|    policy_gradient_loss | -0.014     |
|    std                  | 0.935      |
|    value_loss           | 1.26       |
----------------------------------------
-----------------------------------------
| rollout/                |             |
|    ep_len_mean          | 8.93e+03    |
|    ep_rew_mean          | -680        |
| time/                   |             |
|    fps                  | 386         |
|    iterations           | 78          |
|    time_elapsed         | 413         |
|    total_timesteps      | 159744      |
| train/                  |             |
|    approx_kl            | 0.023000654 |
|    clip_fraction        | 0.219       |
|    clip_range           | 0.2         |
|    entropy_loss         | -16.2       |
|    explained_variance   | 0.979       |
|    learning_rate        | 0.0003      |
|    loss                 | 0.295       |
|    n_updates            | 770         |
|    policy_gradient_loss | -0.0111     |
|    std                  | 0.93        |
|    value_loss           | 0.949       |
-----------------------------------------
-----------------------------------------
| rollout/                |             |
|    ep_len_mean          | 8.93e+03    |
|    ep_rew_mean          | -680        |
| time/                   |             |
|    fps                  | 385         |
|    iterations           | 79          |
|    time_elapsed         | 419         |
|    total_timesteps      | 161792      |
| train/                  |             |
|    approx_kl            | 0.018269923 |
|    clip_fraction        | 0.209       |
|    clip_range           | 0.2         |
|    entropy_loss         | -16.1       |
|    explained_variance   | 0.967       |
|    learning_rate        | 0.0003      |
|    loss                 | 0.297       |
|    n_updates            | 780         |
|    policy_gradient_loss | -0.0115     |
|    std                  | 0.929       |
|    value_loss           | 0.989       |
-----------------------------------------
-----------------------------------------
| rollout/                |             |
|    ep_len_mean          | 8.93e+03    |
|    ep_rew_mean          | -680        |
| time/                   |             |
|    fps                  | 385         |
|    iterations           | 80          |
|    time_elapsed         | 424         |
|    total_timesteps      | 163840      |
| train/                  |             |
|    approx_kl            | 0.014136361 |
|    clip_fraction        | 0.15        |
|    clip_range           | 0.2         |
|    entropy_loss         | -16.1       |
|    explained_variance   | 0.816       |
|    learning_rate        | 0.0003      |
|    loss                 | 1.42        |
|    n_updates            | 790         |
|    policy_gradient_loss | -0.0124     |
|    std                  | 0.929       |
|    value_loss           | 18.8        |
-----------------------------------------
----------------------------------------
| rollout/                |            |
|    ep_len_mean          | 8.93e+03   |
|    ep_rew_mean          | -680       |
| time/                   |            |
|    fps                  | 384        |
|    iterations           | 81         |
|    time_elapsed         | 431        |
|    total_timesteps      | 165888     |
| train/                  |            |
|    approx_kl            | 0.01575253 |
|    clip_fraction        | 0.192      |
|    clip_range           | 0.2        |
|    entropy_loss         | -16.1      |
|    explained_variance   | 0.913      |
|    learning_rate        | 0.0003     |
|    loss                 | 0.534      |
|    n_updates            | 800        |
|    policy_gradient_loss | -0.0134    |
|    std                  | 0.931      |
|    value_loss           | 1.86       |
----------------------------------------
-----------------------------------------
| rollout/                |             |
|    ep_len_mean          | 8.93e+03    |
|    ep_rew_mean          | -680        |
| time/                   |             |
|    fps                  | 384         |
|    iterations           | 82          |
|    time_elapsed         | 436         |
|    total_timesteps      | 167936      |
| train/                  |             |
|    approx_kl            | 0.018389598 |
|    clip_fraction        | 0.242       |
|    clip_range           | 0.2         |
|    entropy_loss         | -16.1       |
|    explained_variance   | 0.912       |
|    learning_rate        | 0.0003      |
|    loss                 | 0.416       |
|    n_updates            | 810         |
|    policy_gradient_loss | -0.0117     |
|    std                  | 0.931       |
|    value_loss           | 1.35        |
-----------------------------------------
-----------------------------------------
| rollout/                |             |
|    ep_len_mean          | 8.93e+03    |
|    ep_rew_mean          | -679        |
| time/                   |             |
|    fps                  | 384         |
|    iterations           | 83          |
|    time_elapsed         | 442         |
|    total_timesteps      | 169984      |
| train/                  |             |
|    approx_kl            | 0.020428173 |
|    clip_fraction        | 0.242       |
|    clip_range           | 0.2         |
|    entropy_loss         | -16.1       |
|    explained_variance   | 0.966       |
|    learning_rate        | 0.0003      |
|    loss                 | 0.239       |
|    n_updates            | 820         |
|    policy_gradient_loss | -0.00975    |
|    std                  | 0.927       |
|    value_loss           | 0.947       |
-----------------------------------------
-----------------------------------------
| rollout/                |             |
|    ep_len_mean          | 8.93e+03    |
|    ep_rew_mean          | -679        |
| time/                   |             |
|    fps                  | 383         |
|    iterations           | 84          |
|    time_elapsed         | 448         |
|    total_timesteps      | 172032      |
| train/                  |             |
|    approx_kl            | 0.012567079 |
|    clip_fraction        | 0.143       |
|    clip_range           | 0.2         |
|    entropy_loss         | -16.1       |
|    explained_variance   | 0.604       |
|    learning_rate        | 0.0003      |
|    loss                 | 15.7        |
|    n_updates            | 830         |
|    policy_gradient_loss | -0.0114     |
|    std                  | 0.928       |
|    value_loss           | 17.2        |
-----------------------------------------
----------------------------------------
| rollout/                |            |
|    ep_len_mean          | 8.93e+03   |
|    ep_rew_mean          | -679       |
| time/                   |            |
|    fps                  | 383        |
|    iterations           | 85         |
|    time_elapsed         | 454        |
|    total_timesteps      | 174080     |
| train/                  |            |
|    approx_kl            | 0.02094143 |
|    clip_fraction        | 0.242      |
|    clip_range           | 0.2        |
|    entropy_loss         | -16.1      |
|    explained_variance   | 0.967      |
|    learning_rate        | 0.0003     |
|    loss                 | 0.729      |
|    n_updates            | 840        |
|    policy_gradient_loss | -0.0126    |
|    std                  | 0.929      |
|    value_loss           | 1.54       |
----------------------------------------
-----------------------------------------
| rollout/                |             |
|    ep_len_mean          | 8.93e+03    |
|    ep_rew_mean          | -679        |
| time/                   |             |
|    fps                  | 383         |
|    iterations           | 86          |
|    time_elapsed         | 459         |
|    total_timesteps      | 176128      |
| train/                  |             |
|    approx_kl            | 0.023174986 |
|    clip_fraction        | 0.27        |
|    clip_range           | 0.2         |
|    entropy_loss         | -16.1       |
|    explained_variance   | 0.963       |
|    learning_rate        | 0.0003      |
|    loss                 | 0.283       |
|    n_updates            | 850         |
|    policy_gradient_loss | -0.0189     |
|    std                  | 0.932       |
|    value_loss           | 1.22        |
-----------------------------------------
-----------------------------------------
| rollout/                |             |
|    ep_len_mean          | 8.93e+03    |
|    ep_rew_mean          | -679        |
| time/                   |             |
|    fps                  | 382         |
|    iterations           | 87          |
|    time_elapsed         | 465         |
|    total_timesteps      | 178176      |
| train/                  |             |
|    approx_kl            | 0.023821691 |
|    clip_fraction        | 0.23        |
|    clip_range           | 0.2         |
|    entropy_loss         | -16.1       |
|    explained_variance   | 0.975       |
|    learning_rate        | 0.0003      |
|    loss                 | 0.518       |
|    n_updates            | 860         |
|    policy_gradient_loss | -0.015      |
|    std                  | 0.929       |
|    value_loss           | 1.22        |
-----------------------------------------
-----------------------------------------
| rollout/                |             |
|    ep_len_mean          | 8.93e+03    |
|    ep_rew_mean          | -679        |
| time/                   |             |
|    fps                  | 382         |
|    iterations           | 88          |
|    time_elapsed         | 471         |
|    total_timesteps      | 180224      |
| train/                  |             |
|    approx_kl            | 0.023888538 |
|    clip_fraction        | 0.252       |
|    clip_range           | 0.2         |
|    entropy_loss         | -16.1       |
|    explained_variance   | 0.984       |
|    learning_rate        | 0.0003      |
|    loss                 | 0.448       |
|    n_updates            | 870         |
|    policy_gradient_loss | -0.0111     |
|    std                  | 0.93        |
|    value_loss           | 1.17        |
-----------------------------------------
-----------------------------------------
| rollout/                |             |
|    ep_len_mean          | 8.93e+03    |
|    ep_rew_mean          | -679        |
| time/                   |             |
|    fps                  | 381         |
|    iterations           | 89          |
|    time_elapsed         | 478         |
|    total_timesteps      | 182272      |
| train/                  |             |
|    approx_kl            | 0.010790557 |
|    clip_fraction        | 0.107       |
|    clip_range           | 0.2         |
|    entropy_loss         | -16.1       |
|    explained_variance   | 0.673       |
|    learning_rate        | 0.0003      |
|    loss                 | 2.76        |
|    n_updates            | 880         |
|    policy_gradient_loss | -0.01       |
|    std                  | 0.929       |
|    value_loss           | 19.9        |
-----------------------------------------
-----------------------------------------
| rollout/                |             |
|    ep_len_mean          | 8.93e+03    |
|    ep_rew_mean          | -679        |
| time/                   |             |
|    fps                  | 381         |
|    iterations           | 90          |
|    time_elapsed         | 483         |
|    total_timesteps      | 184320      |
| train/                  |             |
|    approx_kl            | 0.019768301 |
|    clip_fraction        | 0.243       |
|    clip_range           | 0.2         |
|    entropy_loss         | -16.1       |
|    explained_variance   | 0.966       |
|    learning_rate        | 0.0003      |
|    loss                 | 0.82        |
|    n_updates            | 890         |
|    policy_gradient_loss | -0.0142     |
|    std                  | 0.928       |
|    value_loss           | 2.16        |
-----------------------------------------
-----------------------------------------
| rollout/                |             |
|    ep_len_mean          | 8.93e+03    |
|    ep_rew_mean          | -679        |
| time/                   |             |
|    fps                  | 381         |
|    iterations           | 91          |
|    time_elapsed         | 488         |
|    total_timesteps      | 186368      |
| train/                  |             |
|    approx_kl            | 0.024669992 |
|    clip_fraction        | 0.271       |
|    clip_range           | 0.2         |
|    entropy_loss         | -16.1       |
|    explained_variance   | 0.972       |
|    learning_rate        | 0.0003      |
|    loss                 | 0.504       |
|    n_updates            | 900         |
|    policy_gradient_loss | -0.0101     |
|    std                  | 0.925       |
|    value_loss           | 1.18        |
-----------------------------------------
-----------------------------------------
| rollout/                |             |
|    ep_len_mean          | 8.93e+03    |
|    ep_rew_mean          | -680        |
| time/                   |             |
|    fps                  | 380         |
|    iterations           | 92          |
|    time_elapsed         | 494         |
|    total_timesteps      | 188416      |
| train/                  |             |
|    approx_kl            | 0.017354535 |
|    clip_fraction        | 0.218       |
|    clip_range           | 0.2         |
|    entropy_loss         | -16.1       |
|    explained_variance   | 0.971       |
|    learning_rate        | 0.0003      |
|    loss                 | 0.617       |
|    n_updates            | 910         |
|    policy_gradient_loss | -0.0121     |
|    std                  | 0.923       |
|    value_loss           | 1.4         |
-----------------------------------------
-----------------------------------------
| rollout/                |             |
|    ep_len_mean          | 8.93e+03    |
|    ep_rew_mean          | -680        |
| time/                   |             |
|    fps                  | 380         |
|    iterations           | 93          |
|    time_elapsed         | 500         |
|    total_timesteps      | 190464      |
| train/                  |             |
|    approx_kl            | 0.011832338 |
|    clip_fraction        | 0.143       |
|    clip_range           | 0.2         |
|    entropy_loss         | -16         |
|    explained_variance   | 0.781       |
|    learning_rate        | 0.0003      |
|    loss                 | 1.12        |
|    n_updates            | 920         |
|    policy_gradient_loss | -0.013      |
|    std                  | 0.922       |
|    value_loss           | 20.7        |
-----------------------------------------
-----------------------------------------
| rollout/                |             |
|    ep_len_mean          | 8.93e+03    |
|    ep_rew_mean          | -680        |
| time/                   |             |
|    fps                  | 381         |
|    iterations           | 94          |
|    time_elapsed         | 504         |
|    total_timesteps      | 192512      |
| train/                  |             |
|    approx_kl            | 0.022546407 |
|    clip_fraction        | 0.241       |
|    clip_range           | 0.2         |
|    entropy_loss         | -16.1       |
|    explained_variance   | 0.948       |
|    learning_rate        | 0.0003      |
|    loss                 | 0.651       |
|    n_updates            | 930         |
|    policy_gradient_loss | -0.0145     |
|    std                  | 0.926       |
|    value_loss           | 1.93        |
-----------------------------------------
-----------------------------------------
| rollout/                |             |
|    ep_len_mean          | 8.93e+03    |
|    ep_rew_mean          | -680        |
| time/                   |             |
|    fps                  | 381         |
|    iterations           | 95          |
|    time_elapsed         | 510         |
|    total_timesteps      | 194560      |
| train/                  |             |
|    approx_kl            | 0.026066855 |
|    clip_fraction        | 0.259       |
|    clip_range           | 0.2         |
|    entropy_loss         | -16.1       |
|    explained_variance   | 0.91        |
|    learning_rate        | 0.0003      |
|    loss                 | 0.416       |
|    n_updates            | 940         |
|    policy_gradient_loss | -0.0104     |
|    std                  | 0.928       |
|    value_loss           | 1.36        |
-----------------------------------------
-----------------------------------------
| rollout/                |             |
|    ep_len_mean          | 8.93e+03    |
|    ep_rew_mean          | -680        |
| time/                   |             |
|    fps                  | 381         |
|    iterations           | 96          |
|    time_elapsed         | 514         |
|    total_timesteps      | 196608      |
| train/                  |             |
|    approx_kl            | 0.036345445 |
|    clip_fraction        | 0.31        |
|    clip_range           | 0.2         |
|    entropy_loss         | -16.1       |
|    explained_variance   | 0.951       |
|    learning_rate        | 0.0003      |
|    loss                 | 0.295       |
|    n_updates            | 950         |
|    policy_gradient_loss | -0.011      |
|    std                  | 0.93        |
|    value_loss           | 0.991       |
-----------------------------------------
-----------------------------------------
| rollout/                |             |
|    ep_len_mean          | 8.93e+03    |
|    ep_rew_mean          | -680        |
| time/                   |             |
|    fps                  | 381         |
|    iterations           | 97          |
|    time_elapsed         | 520         |
|    total_timesteps      | 198656      |
| train/                  |             |
|    approx_kl            | 0.011440774 |
|    clip_fraction        | 0.149       |
|    clip_range           | 0.2         |
|    entropy_loss         | -16.1       |
|    explained_variance   | 0.683       |
|    learning_rate        | 0.0003      |
|    loss                 | 0.924       |
|    n_updates            | 960         |
|    policy_gradient_loss | -0.00642    |
|    std                  | 0.929       |
|    value_loss           | 19          |
-----------------------------------------
-----------------------------------------
| rollout/                |             |
|    ep_len_mean          | 8.93e+03    |
|    ep_rew_mean          | -680        |
| time/                   |             |
|    fps                  | 381         |
|    iterations           | 98          |
|    time_elapsed         | 525         |
|    total_timesteps      | 200704      |
| train/                  |             |
|    approx_kl            | 0.021077696 |
|    clip_fraction        | 0.19        |
|    clip_range           | 0.2         |
|    entropy_loss         | -16.1       |
|    explained_variance   | 0.869       |
|    learning_rate        | 0.0003      |
|    loss                 | 1.59        |
|    n_updates            | 970         |
|    policy_gradient_loss | -0.013      |
|    std                  | 0.93        |
|    value_loss           | 5.21        |
-----------------------------------------
-----------------------------------------
| rollout/                |             |
|    ep_len_mean          | 8.93e+03    |
|    ep_rew_mean          | -680        |
| time/                   |             |
|    fps                  | 381         |
|    iterations           | 99          |
|    time_elapsed         | 531         |
|    total_timesteps      | 202752      |
| train/                  |             |
|    approx_kl            | 0.019603137 |
|    clip_fraction        | 0.295       |
|    clip_range           | 0.2         |
|    entropy_loss         | -16.1       |
|    explained_variance   | 0.957       |
|    learning_rate        | 0.0003      |
|    loss                 | 0.465       |
|    n_updates            | 980         |
|    policy_gradient_loss | -0.0128     |
|    std                  | 0.932       |
|    value_loss           | 1.46        |
-----------------------------------------
-----------------------------------------
| rollout/                |             |
|    ep_len_mean          | 8.93e+03    |
|    ep_rew_mean          | -680        |
| time/                   |             |
|    fps                  | 381         |
|    iterations           | 100         |
|    time_elapsed         | 537         |
|    total_timesteps      | 204800      |
| train/                  |             |
|    approx_kl            | 0.022294411 |
|    clip_fraction        | 0.242       |
|    clip_range           | 0.2         |
|    entropy_loss         | -16.2       |
|    explained_variance   | 0.969       |
|    learning_rate        | 0.0003      |
|    loss                 | 0.665       |
|    n_updates            | 990         |
|    policy_gradient_loss | -0.0135     |
|    std                  | 0.935       |
|    value_loss           | 1.41        |
-----------------------------------------
-----------------------------------------
| rollout/                |             |
|    ep_len_mean          | 8.93e+03    |
|    ep_rew_mean          | -680        |
| time/                   |             |
|    fps                  | 380         |
|    iterations           | 101         |
|    time_elapsed         | 543         |
|    total_timesteps      | 206848      |
| train/                  |             |
|    approx_kl            | 0.026833838 |
|    clip_fraction        | 0.27        |
|    clip_range           | 0.2         |
|    entropy_loss         | -16.2       |
|    explained_variance   | 0.978       |
|    learning_rate        | 0.0003      |
|    loss                 | 0.49        |
|    n_updates            | 1000        |
|    policy_gradient_loss | -0.0157     |
|    std                  | 0.935       |
|    value_loss           | 1.57        |
-----------------------------------------
-----------------------------------------
| rollout/                |             |
|    ep_len_mean          | 8.93e+03    |
|    ep_rew_mean          | -680        |
| time/                   |             |
|    fps                  | 380         |
|    iterations           | 102         |
|    time_elapsed         | 548         |
|    total_timesteps      | 208896      |
| train/                  |             |
|    approx_kl            | 0.016616294 |
|    clip_fraction        | 0.162       |
|    clip_range           | 0.2         |
|    entropy_loss         | -16.2       |
|    explained_variance   | 0.73        |
|    learning_rate        | 0.0003      |
|    loss                 | 0.678       |
|    n_updates            | 1010        |
|    policy_gradient_loss | -0.00793    |
|    std                  | 0.933       |
|    value_loss           | 22.9        |
-----------------------------------------
-----------------------------------------
| rollout/                |             |
|    ep_len_mean          | 8.93e+03    |
|    ep_rew_mean          | -680        |
| time/                   |             |
|    fps                  | 380         |
|    iterations           | 103         |
|    time_elapsed         | 554         |
|    total_timesteps      | 210944      |
| train/                  |             |
|    approx_kl            | 0.020667657 |
|    clip_fraction        | 0.222       |
|    clip_range           | 0.2         |
|    entropy_loss         | -16.2       |
|    explained_variance   | 0.957       |
|    learning_rate        | 0.0003      |
|    loss                 | 0.749       |
|    n_updates            | 1020        |
|    policy_gradient_loss | -0.0135     |
|    std                  | 0.935       |
|    value_loss           | 2.47        |
-----------------------------------------
-----------------------------------------
| rollout/                |             |
|    ep_len_mean          | 8.93e+03    |
|    ep_rew_mean          | -680        |
| time/                   |             |
|    fps                  | 380         |
|    iterations           | 104         |
|    time_elapsed         | 559         |
|    total_timesteps      | 212992      |
| train/                  |             |
|    approx_kl            | 0.023296207 |
|    clip_fraction        | 0.28        |
|    clip_range           | 0.2         |
|    entropy_loss         | -16.2       |
|    explained_variance   | 0.952       |
|    learning_rate        | 0.0003      |
|    loss                 | 0.642       |
|    n_updates            | 1030        |
|    policy_gradient_loss | -0.00915    |
|    std                  | 0.938       |
|    value_loss           | 1.68        |
-----------------------------------------
-----------------------------------------
| rollout/                |             |
|    ep_len_mean          | 8.93e+03    |
|    ep_rew_mean          | -681        |
| time/                   |             |
|    fps                  | 380         |
|    iterations           | 105         |
|    time_elapsed         | 565         |
|    total_timesteps      | 215040      |
| train/                  |             |
|    approx_kl            | 0.017521895 |
|    clip_fraction        | 0.223       |
|    clip_range           | 0.2         |
|    entropy_loss         | -16.3       |
|    explained_variance   | 0.969       |
|    learning_rate        | 0.0003      |
|    loss                 | 0.598       |
|    n_updates            | 1040        |
|    policy_gradient_loss | -0.0139     |
|    std                  | 0.942       |
|    value_loss           | 1.64        |
-----------------------------------------
-----------------------------------------
| rollout/                |             |
|    ep_len_mean          | 8.93e+03    |
|    ep_rew_mean          | -681        |
| time/                   |             |
|    fps                  | 380         |
|    iterations           | 106         |
|    time_elapsed         | 570         |
|    total_timesteps      | 217088      |
| train/                  |             |
|    approx_kl            | 0.013238448 |
|    clip_fraction        | 0.149       |
|    clip_range           | 0.2         |
|    entropy_loss         | -16.3       |
|    explained_variance   | 0.713       |
|    learning_rate        | 0.0003      |
|    loss                 | 0.794       |
|    n_updates            | 1050        |
|    policy_gradient_loss | -0.00916    |
|    std                  | 0.941       |
|    value_loss           | 15.1        |
-----------------------------------------
----------------------------------------
| rollout/                |            |
|    ep_len_mean          | 8.93e+03   |
|    ep_rew_mean          | -681       |
| time/                   |            |
|    fps                  | 380        |
|    iterations           | 107        |
|    time_elapsed         | 576        |
|    total_timesteps      | 219136     |
| train/                  |            |
|    approx_kl            | 0.02479554 |
|    clip_fraction        | 0.262      |
|    clip_range           | 0.2        |
|    entropy_loss         | -16.3      |
|    explained_variance   | 0.947      |
|    learning_rate        | 0.0003     |
|    loss                 | 0.672      |
|    n_updates            | 1060       |
|    policy_gradient_loss | -0.0104    |
|    std                  | 0.941      |
|    value_loss           | 2.43       |
----------------------------------------
-----------------------------------------
| rollout/                |             |
|    ep_len_mean          | 8.93e+03    |
|    ep_rew_mean          | -681        |
| time/                   |             |
|    fps                  | 380         |
|    iterations           | 108         |
|    time_elapsed         | 581         |
|    total_timesteps      | 221184      |
| train/                  |             |
|    approx_kl            | 0.021770142 |
|    clip_fraction        | 0.242       |
|    clip_range           | 0.2         |
|    entropy_loss         | -16.3       |
|    explained_variance   | 0.922       |
|    learning_rate        | 0.0003      |
|    loss                 | 0.761       |
|    n_updates            | 1070        |
|    policy_gradient_loss | -0.0116     |
|    std                  | 0.942       |
|    value_loss           | 1.96        |
-----------------------------------------
-----------------------------------------
| rollout/                |             |
|    ep_len_mean          | 8.93e+03    |
|    ep_rew_mean          | -681        |
| time/                   |             |
|    fps                  | 380         |
|    iterations           | 109         |
|    time_elapsed         | 586         |
|    total_timesteps      | 223232      |
| train/                  |             |
|    approx_kl            | 0.027435474 |
|    clip_fraction        | 0.298       |
|    clip_range           | 0.2         |
|    entropy_loss         | -16.2       |
|    explained_variance   | 0.974       |
|    learning_rate        | 0.0003      |
|    loss                 | 0.448       |
|    n_updates            | 1080        |
|    policy_gradient_loss | -0.018      |
|    std                  | 0.937       |
|    value_loss           | 1.26        |
-----------------------------------------
-----------------------------------------
| rollout/                |             |
|    ep_len_mean          | 8.93e+03    |
|    ep_rew_mean          | -681        |
| time/                   |             |
|    fps                  | 380         |
|    iterations           | 110         |
|    time_elapsed         | 591         |
|    total_timesteps      | 225280      |
| train/                  |             |
|    approx_kl            | 0.018506628 |
|    clip_fraction        | 0.205       |
|    clip_range           | 0.2         |
|    entropy_loss         | -16.2       |
|    explained_variance   | 0.699       |
|    learning_rate        | 0.0003      |
|    loss                 | 14.3        |
|    n_updates            | 1090        |
|    policy_gradient_loss | -0.011      |
|    std                  | 0.934       |
|    value_loss           | 20.6        |
-----------------------------------------
-----------------------------------------
| rollout/                |             |
|    ep_len_mean          | 8.93e+03    |
|    ep_rew_mean          | -681        |
| time/                   |             |
|    fps                  | 381         |
|    iterations           | 111         |
|    time_elapsed         | 596         |
|    total_timesteps      | 227328      |
| train/                  |             |
|    approx_kl            | 0.017182948 |
|    clip_fraction        | 0.202       |
|    clip_range           | 0.2         |
|    entropy_loss         | -16.2       |
|    explained_variance   | 0.866       |
|    learning_rate        | 0.0003      |
|    loss                 | 1.72        |
|    n_updates            | 1100        |
|    policy_gradient_loss | -0.0104     |
|    std                  | 0.933       |
|    value_loss           | 4.88        |
-----------------------------------------
-----------------------------------------
| rollout/                |             |
|    ep_len_mean          | 8.93e+03    |
|    ep_rew_mean          | -681        |
| time/                   |             |
|    fps                  | 381         |
|    iterations           | 112         |
|    time_elapsed         | 601         |
|    total_timesteps      | 229376      |
| train/                  |             |
|    approx_kl            | 0.019043755 |
|    clip_fraction        | 0.245       |
|    clip_range           | 0.2         |
|    entropy_loss         | -16.2       |
|    explained_variance   | 0.957       |
|    learning_rate        | 0.0003      |
|    loss                 | 0.979       |
|    n_updates            | 1110        |
|    policy_gradient_loss | -0.0159     |
|    std                  | 0.935       |
|    value_loss           | 2.88        |
-----------------------------------------
-----------------------------------------
| rollout/                |             |
|    ep_len_mean          | 8.93e+03    |
|    ep_rew_mean          | -681        |
| time/                   |             |
|    fps                  | 381         |
|    iterations           | 113         |
|    time_elapsed         | 606         |
|    total_timesteps      | 231424      |
| train/                  |             |
|    approx_kl            | 0.024579454 |
|    clip_fraction        | 0.255       |
|    clip_range           | 0.2         |
|    entropy_loss         | -16.2       |
|    explained_variance   | 0.959       |
|    learning_rate        | 0.0003      |
|    loss                 | 0.692       |
|    n_updates            | 1120        |
|    policy_gradient_loss | -0.015      |
|    std                  | 0.935       |
|    value_loss           | 2.16        |
-----------------------------------------
-----------------------------------------
| rollout/                |             |
|    ep_len_mean          | 8.93e+03    |
|    ep_rew_mean          | -680        |
| time/                   |             |
|    fps                  | 381         |
|    iterations           | 114         |
|    time_elapsed         | 611         |
|    total_timesteps      | 233472      |
| train/                  |             |
|    approx_kl            | 0.020937324 |
|    clip_fraction        | 0.239       |
|    clip_range           | 0.2         |
|    entropy_loss         | -16.2       |
|    explained_variance   | 0.965       |
|    learning_rate        | 0.0003      |
|    loss                 | 0.772       |
|    n_updates            | 1130        |
|    policy_gradient_loss | -0.0152     |
|    std                  | 0.934       |
|    value_loss           | 2.3         |
-----------------------------------------
-----------------------------------------
| rollout/                |             |
|    ep_len_mean          | 8.93e+03    |
|    ep_rew_mean          | -680        |
| time/                   |             |
|    fps                  | 382         |
|    iterations           | 115         |
|    time_elapsed         | 616         |
|    total_timesteps      | 235520      |
| train/                  |             |
|    approx_kl            | 0.015315173 |
|    clip_fraction        | 0.155       |
|    clip_range           | 0.2         |
|    entropy_loss         | -16.1       |
|    explained_variance   | 0.72        |
|    learning_rate        | 0.0003      |
|    loss                 | 1.79        |
|    n_updates            | 1140        |
|    policy_gradient_loss | -0.0127     |
|    std                  | 0.931       |
|    value_loss           | 20.5        |
-----------------------------------------
----------------------------------------
| rollout/                |            |
|    ep_len_mean          | 8.93e+03   |
|    ep_rew_mean          | -680       |
| time/                   |            |
|    fps                  | 382        |
|    iterations           | 116        |
|    time_elapsed         | 621        |
|    total_timesteps      | 237568     |
| train/                  |            |
|    approx_kl            | 0.03424015 |
|    clip_fraction        | 0.289      |
|    clip_range           | 0.2        |
|    entropy_loss         | -16.1      |
|    explained_variance   | 0.945      |
|    learning_rate        | 0.0003     |
|    loss                 | 0.674      |
|    n_updates            | 1150       |
|    policy_gradient_loss | -0.0164    |
|    std                  | 0.931      |
|    value_loss           | 2.44       |
----------------------------------------
-----------------------------------------
| rollout/                |             |
|    ep_len_mean          | 8.93e+03    |
|    ep_rew_mean          | -680        |
| time/                   |             |
|    fps                  | 381         |
|    iterations           | 117         |
|    time_elapsed         | 628         |
|    total_timesteps      | 239616      |
| train/                  |             |
|    approx_kl            | 0.021959988 |
|    clip_fraction        | 0.282       |
|    clip_range           | 0.2         |
|    entropy_loss         | -16.1       |
|    explained_variance   | 0.957       |
|    learning_rate        | 0.0003      |
|    loss                 | 0.628       |
|    n_updates            | 1160        |
|    policy_gradient_loss | -0.0188     |
|    std                  | 0.93        |
|    value_loss           | 2.09        |
-----------------------------------------
-----------------------------------------
| rollout/                |             |
|    ep_len_mean          | 8.93e+03    |
|    ep_rew_mean          | -679        |
| time/                   |             |
|    fps                  | 380         |
|    iterations           | 118         |
|    time_elapsed         | 635         |
|    total_timesteps      | 241664      |
| train/                  |             |
|    approx_kl            | 0.021694016 |
|    clip_fraction        | 0.241       |
|    clip_range           | 0.2         |
|    entropy_loss         | -16.1       |
|    explained_variance   | 0.972       |
|    learning_rate        | 0.0003      |
|    loss                 | 0.61        |
|    n_updates            | 1170        |
|    policy_gradient_loss | -0.0169     |
|    std                  | 0.931       |
|    value_loss           | 1.79        |
-----------------------------------------
-----------------------------------------
| rollout/                |             |
|    ep_len_mean          | 8.93e+03    |
|    ep_rew_mean          | -679        |
| time/                   |             |
|    fps                  | 379         |
|    iterations           | 119         |
|    time_elapsed         | 641         |
|    total_timesteps      | 243712      |
| train/                  |             |
|    approx_kl            | 0.018401856 |
|    clip_fraction        | 0.181       |
|    clip_range           | 0.2         |
|    entropy_loss         | -16.1       |
|    explained_variance   | 0.69        |
|    learning_rate        | 0.0003      |
|    loss                 | 1.16        |
|    n_updates            | 1180        |
|    policy_gradient_loss | -0.0117     |
|    std                  | 0.931       |
|    value_loss           | 17.8        |
-----------------------------------------
-----------------------------------------
| rollout/                |             |
|    ep_len_mean          | 8.93e+03    |
|    ep_rew_mean          | -679        |
| time/                   |             |
|    fps                  | 379         |
|    iterations           | 120         |
|    time_elapsed         | 647         |
|    total_timesteps      | 245760      |
| train/                  |             |
|    approx_kl            | 0.026051048 |
|    clip_fraction        | 0.318       |
|    clip_range           | 0.2         |
|    entropy_loss         | -16.1       |
|    explained_variance   | 0.937       |
|    learning_rate        | 0.0003      |
|    loss                 | 1           |
|    n_updates            | 1190        |
|    policy_gradient_loss | -0.00982    |
|    std                  | 0.933       |
|    value_loss           | 2.61        |
-----------------------------------------
----------------------------------------
| rollout/                |            |
|    ep_len_mean          | 8.93e+03   |
|    ep_rew_mean          | -679       |
| time/                   |            |
|    fps                  | 378        |
|    iterations           | 121        |
|    time_elapsed         | 654        |
|    total_timesteps      | 247808     |
| train/                  |            |
|    approx_kl            | 0.02868117 |
|    clip_fraction        | 0.288      |
|    clip_range           | 0.2        |
|    entropy_loss         | -16.2      |
|    explained_variance   | 0.913      |
|    learning_rate        | 0.0003     |
|    loss                 | 0.709      |
|    n_updates            | 1200       |
|    policy_gradient_loss | -0.0171    |
|    std                  | 0.936      |
|    value_loss           | 2.12       |
----------------------------------------
-----------------------------------------
| rollout/                |             |
|    ep_len_mean          | 8.93e+03    |
|    ep_rew_mean          | -679        |
| time/                   |             |
|    fps                  | 378         |
|    iterations           | 122         |
|    time_elapsed         | 659         |
|    total_timesteps      | 249856      |
| train/                  |             |
|    approx_kl            | 0.026481094 |
|    clip_fraction        | 0.296       |
|    clip_range           | 0.2         |
|    entropy_loss         | -16.2       |
|    explained_variance   | 0.968       |
|    learning_rate        | 0.0003      |
|    loss                 | 0.403       |
|    n_updates            | 1210        |
|    policy_gradient_loss | -0.00956    |
|    std                  | 0.937       |
|    value_loss           | 1.36        |
-----------------------------------------
-----------------------------------------
| rollout/                |             |
|    ep_len_mean          | 8.93e+03    |
|    ep_rew_mean          | -680        |
| time/                   |             |
|    fps                  | 378         |
|    iterations           | 123         |
|    time_elapsed         | 664         |
|    total_timesteps      | 251904      |
| train/                  |             |
|    approx_kl            | 0.023529261 |
|    clip_fraction        | 0.269       |
|    clip_range           | 0.2         |
|    entropy_loss         | -16.2       |
|    explained_variance   | 0.983       |
|    learning_rate        | 0.0003      |
|    loss                 | 0.418       |
|    n_updates            | 1220        |
|    policy_gradient_loss | -0.0181     |
|    std                  | 0.931       |
|    value_loss           | 1.59        |
-----------------------------------------
-----------------------------------------
| rollout/                |             |
|    ep_len_mean          | 8.93e+03    |
|    ep_rew_mean          | -680        |
| time/                   |             |
|    fps                  | 379         |
|    iterations           | 124         |
|    time_elapsed         | 669         |
|    total_timesteps      | 253952      |
| train/                  |             |
|    approx_kl            | 0.010410706 |
|    clip_fraction        | 0.146       |
|    clip_range           | 0.2         |
|    entropy_loss         | -16.1       |
|    explained_variance   | 0.51        |
|    learning_rate        | 0.0003      |
|    loss                 | 1.15        |
|    n_updates            | 1230        |
|    policy_gradient_loss | -0.00834    |
|    std                  | 0.931       |
|    value_loss           | 22.8        |
-----------------------------------------
-----------------------------------------
| rollout/                |             |
|    ep_len_mean          | 8.93e+03    |
|    ep_rew_mean          | -680        |
| time/                   |             |
|    fps                  | 379         |
|    iterations           | 125         |
|    time_elapsed         | 674         |
|    total_timesteps      | 256000      |
| train/                  |             |
|    approx_kl            | 0.020632602 |
|    clip_fraction        | 0.248       |
|    clip_range           | 0.2         |
|    entropy_loss         | -16.1       |
|    explained_variance   | 0.964       |
|    learning_rate        | 0.0003      |
|    loss                 | 0.947       |
|    n_updates            | 1240        |
|    policy_gradient_loss | -0.0125     |
|    std                  | 0.928       |
|    value_loss           | 2.76        |
-----------------------------------------
-----------------------------------------
| rollout/                |             |
|    ep_len_mean          | 8.93e+03    |
|    ep_rew_mean          | -680        |
| time/                   |             |
|    fps                  | 379         |
|    iterations           | 126         |
|    time_elapsed         | 680         |
|    total_timesteps      | 258048      |
| train/                  |             |
|    approx_kl            | 0.027179126 |
|    clip_fraction        | 0.28        |
|    clip_range           | 0.2         |
|    entropy_loss         | -16.1       |
|    explained_variance   | 0.964       |
|    learning_rate        | 0.0003      |
|    loss                 | 0.768       |
|    n_updates            | 1250        |
|    policy_gradient_loss | -0.0114     |
|    std                  | 0.927       |
|    value_loss           | 1.83        |
-----------------------------------------
----------------------------------------
| rollout/                |            |
|    ep_len_mean          | 8.93e+03   |
|    ep_rew_mean          | -681       |
| time/                   |            |
|    fps                  | 379        |
|    iterations           | 127        |
|    time_elapsed         | 685        |
|    total_timesteps      | 260096     |
| train/                  |            |
|    approx_kl            | 0.01956488 |
|    clip_fraction        | 0.255      |
|    clip_range           | 0.2        |
|    entropy_loss         | -16.1      |
|    explained_variance   | 0.964      |
|    learning_rate        | 0.0003     |
|    loss                 | 0.56       |
|    n_updates            | 1260       |
|    policy_gradient_loss | -0.0116    |
|    std                  | 0.929      |
|    value_loss           | 1.88       |
----------------------------------------
-----------------------------------------
| rollout/                |             |
|    ep_len_mean          | 8.93e+03    |
|    ep_rew_mean          | -681        |
| time/                   |             |
|    fps                  | 379         |
|    iterations           | 128         |
|    time_elapsed         | 690         |
|    total_timesteps      | 262144      |
| train/                  |             |
|    approx_kl            | 0.014350545 |
|    clip_fraction        | 0.153       |
|    clip_range           | 0.2         |
|    entropy_loss         | -16.1       |
|    explained_variance   | 0.719       |
|    learning_rate        | 0.0003      |
|    loss                 | 15.3        |
|    n_updates            | 1270        |
|    policy_gradient_loss | -0.00933    |
|    std                  | 0.928       |
|    value_loss           | 17.8        |
-----------------------------------------
----------------------------------------
| rollout/                |            |
|    ep_len_mean          | 8.93e+03   |
|    ep_rew_mean          | -681       |
| time/                   |            |
|    fps                  | 380        |
|    iterations           | 129        |
|    time_elapsed         | 695        |
|    total_timesteps      | 264192     |
| train/                  |            |
|    approx_kl            | 0.02600149 |
|    clip_fraction        | 0.247      |
|    clip_range           | 0.2        |
|    entropy_loss         | -16.1      |
|    explained_variance   | 0.933      |
|    learning_rate        | 0.0003     |
|    loss                 | 0.822      |
|    n_updates            | 1280       |
|    policy_gradient_loss | -0.00571   |
|    std                  | 0.93       |
|    value_loss           | 1.9        |
----------------------------------------
-----------------------------------------
| rollout/                |             |
|    ep_len_mean          | 8.93e+03    |
|    ep_rew_mean          | -681        |
| time/                   |             |
|    fps                  | 379         |
|    iterations           | 130         |
|    time_elapsed         | 701         |
|    total_timesteps      | 266240      |
| train/                  |             |
|    approx_kl            | 0.018147476 |
|    clip_fraction        | 0.227       |
|    clip_range           | 0.2         |
|    entropy_loss         | -16.1       |
|    explained_variance   | 0.95        |
|    learning_rate        | 0.0003      |
|    loss                 | 0.875       |
|    n_updates            | 1290        |
|    policy_gradient_loss | -0.0106     |
|    std                  | 0.931       |
|    value_loss           | 1.78        |
-----------------------------------------
-----------------------------------------
| rollout/                |             |
|    ep_len_mean          | 8.93e+03    |
|    ep_rew_mean          | -680        |
| time/                   |             |
|    fps                  | 379         |
|    iterations           | 131         |
|    time_elapsed         | 707         |
|    total_timesteps      | 268288      |
| train/                  |             |
|    approx_kl            | 0.018264977 |
|    clip_fraction        | 0.259       |
|    clip_range           | 0.2         |
|    entropy_loss         | -16.1       |
|    explained_variance   | 0.97        |
|    learning_rate        | 0.0003      |
|    loss                 | 0.257       |
|    n_updates            | 1300        |
|    policy_gradient_loss | -0.0162     |
|    std                  | 0.934       |
|    value_loss           | 1.31        |
-----------------------------------------
-----------------------------------------
| rollout/                |             |
|    ep_len_mean          | 8.93e+03    |
|    ep_rew_mean          | -680        |
| time/                   |             |
|    fps                  | 379         |
|    iterations           | 132         |
|    time_elapsed         | 712         |
|    total_timesteps      | 270336      |
| train/                  |             |
|    approx_kl            | 0.017215073 |
|    clip_fraction        | 0.172       |
|    clip_range           | 0.2         |
|    entropy_loss         | -16.2       |
|    explained_variance   | 0.607       |
|    learning_rate        | 0.0003      |
|    loss                 | 40.3        |
|    n_updates            | 1310        |
|    policy_gradient_loss | -0.0103     |
|    std                  | 0.933       |
|    value_loss           | 20.7        |
-----------------------------------------
-----------------------------------------
| rollout/                |             |
|    ep_len_mean          | 8.93e+03    |
|    ep_rew_mean          | -680        |
| time/                   |             |
|    fps                  | 379         |
|    iterations           | 133         |
|    time_elapsed         | 718         |
|    total_timesteps      | 272384      |
| train/                  |             |
|    approx_kl            | 0.016723976 |
|    clip_fraction        | 0.213       |
|    clip_range           | 0.2         |
|    entropy_loss         | -16.1       |
|    explained_variance   | 0.89        |
|    learning_rate        | 0.0003      |
|    loss                 | 0.335       |
|    n_updates            | 1320        |
|    policy_gradient_loss | -0.0132     |
|    std                  | 0.931       |
|    value_loss           | 3.47        |
-----------------------------------------
----------------------------------------
| rollout/                |            |
|    ep_len_mean          | 8.93e+03   |
|    ep_rew_mean          | -680       |
| time/                   |            |
|    fps                  | 379        |
|    iterations           | 134        |
|    time_elapsed         | 723        |
|    total_timesteps      | 274432     |
| train/                  |            |
|    approx_kl            | 0.02799737 |
|    clip_fraction        | 0.273      |
|    clip_range           | 0.2        |
|    entropy_loss         | -16.1      |
|    explained_variance   | 0.895      |
|    learning_rate        | 0.0003     |
|    loss                 | 0.901      |
|    n_updates            | 1330       |
|    policy_gradient_loss | -0.0101    |
|    std                  | 0.93       |
|    value_loss           | 1.89       |
----------------------------------------
-----------------------------------------
| rollout/                |             |
|    ep_len_mean          | 8.93e+03    |
|    ep_rew_mean          | -680        |
| time/                   |             |
|    fps                  | 379         |
|    iterations           | 135         |
|    time_elapsed         | 728         |
|    total_timesteps      | 276480      |
| train/                  |             |
|    approx_kl            | 0.027492072 |
|    clip_fraction        | 0.269       |
|    clip_range           | 0.2         |
|    entropy_loss         | -16.1       |
|    explained_variance   | 0.946       |
|    learning_rate        | 0.0003      |
|    loss                 | 0.465       |
|    n_updates            | 1340        |
|    policy_gradient_loss | -0.0139     |
|    std                  | 0.928       |
|    value_loss           | 1.49        |
-----------------------------------------
-----------------------------------------
| rollout/                |             |
|    ep_len_mean          | 8.93e+03    |
|    ep_rew_mean          | -681        |
| time/                   |             |
|    fps                  | 379         |
|    iterations           | 136         |
|    time_elapsed         | 733         |
|    total_timesteps      | 278528      |
| train/                  |             |
|    approx_kl            | 0.017553635 |
|    clip_fraction        | 0.234       |
|    clip_range           | 0.2         |
|    entropy_loss         | -16.1       |
|    explained_variance   | 0.969       |
|    learning_rate        | 0.0003      |
|    loss                 | 0.532       |
|    n_updates            | 1350        |
|    policy_gradient_loss | -0.0171     |
|    std                  | 0.928       |
|    value_loss           | 1.75        |
-----------------------------------------
-----------------------------------------
| rollout/                |             |
|    ep_len_mean          | 8.93e+03    |
|    ep_rew_mean          | -681        |
| time/                   |             |
|    fps                  | 379         |
|    iterations           | 137         |
|    time_elapsed         | 738         |
|    total_timesteps      | 280576      |
| train/                  |             |
|    approx_kl            | 0.013062131 |
|    clip_fraction        | 0.158       |
|    clip_range           | 0.2         |
|    entropy_loss         | -16.1       |
|    explained_variance   | 0.435       |
|    learning_rate        | 0.0003      |
|    loss                 | 40.3        |
|    n_updates            | 1360        |
|    policy_gradient_loss | -0.00628    |
|    std                  | 0.93        |
|    value_loss           | 29          |
-----------------------------------------
-----------------------------------------
| rollout/                |             |
|    ep_len_mean          | 8.93e+03    |
|    ep_rew_mean          | -681        |
| time/                   |             |
|    fps                  | 379         |
|    iterations           | 138         |
|    time_elapsed         | 744         |
|    total_timesteps      | 282624      |
| train/                  |             |
|    approx_kl            | 0.027585875 |
|    clip_fraction        | 0.274       |
|    clip_range           | 0.2         |
|    entropy_loss         | -16.1       |
|    explained_variance   | 0.96        |
|    learning_rate        | 0.0003      |
|    loss                 | 0.507       |
|    n_updates            | 1370        |
|    policy_gradient_loss | -0.0154     |
|    std                  | 0.931       |
|    value_loss           | 2.01        |
-----------------------------------------
-----------------------------------------
| rollout/                |             |
|    ep_len_mean          | 8.93e+03    |
|    ep_rew_mean          | -681        |
| time/                   |             |
|    fps                  | 380         |
|    iterations           | 139         |
|    time_elapsed         | 748         |
|    total_timesteps      | 284672      |
| train/                  |             |
|    approx_kl            | 0.022977922 |
|    clip_fraction        | 0.276       |
|    clip_range           | 0.2         |
|    entropy_loss         | -16.1       |
|    explained_variance   | 0.977       |
|    learning_rate        | 0.0003      |
|    loss                 | 0.56        |
|    n_updates            | 1380        |
|    policy_gradient_loss | -0.00826    |
|    std                  | 0.93        |
|    value_loss           | 1.2         |
-----------------------------------------
-----------------------------------------
| rollout/                |             |
|    ep_len_mean          | 8.93e+03    |
|    ep_rew_mean          | -681        |
| time/                   |             |
|    fps                  | 380         |
|    iterations           | 140         |
|    time_elapsed         | 753         |
|    total_timesteps      | 286720      |
| train/                  |             |
|    approx_kl            | 0.024178408 |
|    clip_fraction        | 0.272       |
|    clip_range           | 0.2         |
|    entropy_loss         | -16.1       |
|    explained_variance   | 0.967       |
|    learning_rate        | 0.0003      |
|    loss                 | 0.554       |
|    n_updates            | 1390        |
|    policy_gradient_loss | -0.014      |
|    std                  | 0.929       |
|    value_loss           | 1.4         |
-----------------------------------------
------------------------------------------
| rollout/                |              |
|    ep_len_mean          | 8.93e+03     |
|    ep_rew_mean          | -681         |
| time/                   |              |
|    fps                  | 380          |
|    iterations           | 141          |
|    time_elapsed         | 758          |
|    total_timesteps      | 288768       |
| train/                  |              |
|    approx_kl            | 0.0153982565 |
|    clip_fraction        | 0.149        |
|    clip_range           | 0.2          |
|    entropy_loss         | -16.1        |
|    explained_variance   | 0.658        |
|    learning_rate        | 0.0003       |
|    loss                 | 32.3         |
|    n_updates            | 1400         |
|    policy_gradient_loss | -0.00731     |
|    std                  | 0.93         |
|    value_loss           | 21.7         |
------------------------------------------
-----------------------------------------
| rollout/                |             |
|    ep_len_mean          | 8.93e+03    |
|    ep_rew_mean          | -681        |
| time/                   |             |
|    fps                  | 380         |
|    iterations           | 142         |
|    time_elapsed         | 764         |
|    total_timesteps      | 290816      |
| train/                  |             |
|    approx_kl            | 0.028065983 |
|    clip_fraction        | 0.25        |
|    clip_range           | 0.2         |
|    entropy_loss         | -16.1       |
|    explained_variance   | 0.94        |
|    learning_rate        | 0.0003      |
|    loss                 | 1.22        |
|    n_updates            | 1410        |
|    policy_gradient_loss | -0.0146     |
|    std                  | 0.931       |
|    value_loss           | 2.26        |
-----------------------------------------
-----------------------------------------
| rollout/                |             |
|    ep_len_mean          | 8.93e+03    |
|    ep_rew_mean          | -681        |
| time/                   |             |
|    fps                  | 380         |
|    iterations           | 143         |
|    time_elapsed         | 769         |
|    total_timesteps      | 292864      |
| train/                  |             |
|    approx_kl            | 0.022266045 |
|    clip_fraction        | 0.272       |
|    clip_range           | 0.2         |
|    entropy_loss         | -16.1       |
|    explained_variance   | 0.933       |
|    learning_rate        | 0.0003      |
|    loss                 | 0.725       |
|    n_updates            | 1420        |
|    policy_gradient_loss | -0.012      |
|    std                  | 0.93        |
|    value_loss           | 1.62        |
-----------------------------------------
-----------------------------------------
| rollout/                |             |
|    ep_len_mean          | 8.93e+03    |
|    ep_rew_mean          | -681        |
| time/                   |             |
|    fps                  | 380         |
|    iterations           | 144         |
|    time_elapsed         | 774         |
|    total_timesteps      | 294912      |
| train/                  |             |
|    approx_kl            | 0.024431814 |
|    clip_fraction        | 0.263       |
|    clip_range           | 0.2         |
|    entropy_loss         | -16.1       |
|    explained_variance   | 0.958       |
|    learning_rate        | 0.0003      |
|    loss                 | 0.229       |
|    n_updates            | 1430        |
|    policy_gradient_loss | -0.0132     |
|    std                  | 0.929       |
|    value_loss           | 1.21        |
-----------------------------------------
-----------------------------------------
| rollout/                |             |
|    ep_len_mean          | 8.93e+03    |
|    ep_rew_mean          | -681        |
| time/                   |             |
|    fps                  | 381         |
|    iterations           | 145         |
|    time_elapsed         | 778         |
|    total_timesteps      | 296960      |
| train/                  |             |
|    approx_kl            | 0.017453708 |
|    clip_fraction        | 0.2         |
|    clip_range           | 0.2         |
|    entropy_loss         | -16.1       |
|    explained_variance   | 0.488       |
|    learning_rate        | 0.0003      |
|    loss                 | 1.25        |
|    n_updates            | 1440        |
|    policy_gradient_loss | -0.00996    |
|    std                  | 0.928       |
|    value_loss           | 21.6        |
-----------------------------------------
-----------------------------------------
| rollout/                |             |
|    ep_len_mean          | 8.93e+03    |
|    ep_rew_mean          | -681        |
| time/                   |             |
|    fps                  | 381         |
|    iterations           | 146         |
|    time_elapsed         | 783         |
|    total_timesteps      | 299008      |
| train/                  |             |
|    approx_kl            | 0.033347294 |
|    clip_fraction        | 0.313       |
|    clip_range           | 0.2         |
|    entropy_loss         | -16.1       |
|    explained_variance   | 0.964       |
|    learning_rate        | 0.0003      |
|    loss                 | 0.391       |
|    n_updates            | 1450        |
|    policy_gradient_loss | -0.0077     |
|    std                  | 0.933       |
|    value_loss           | 1.32        |
-----------------------------------------
-----------------------------------------
| rollout/                |             |
|    ep_len_mean          | 8.93e+03    |
|    ep_rew_mean          | -681        |
| time/                   |             |
|    fps                  | 381         |
|    iterations           | 147         |
|    time_elapsed         | 789         |
|    total_timesteps      | 301056      |
| train/                  |             |
|    approx_kl            | 0.024057921 |
|    clip_fraction        | 0.299       |
|    clip_range           | 0.2         |
|    entropy_loss         | -16.1       |
|    explained_variance   | 0.964       |
|    learning_rate        | 0.0003      |
|    loss                 | 0.765       |
|    n_updates            | 1460        |
|    policy_gradient_loss | -0.0156     |
|    std                  | 0.931       |
|    value_loss           | 1.44        |
-----------------------------------------
-----------------------------------------
| rollout/                |             |
|    ep_len_mean          | 8.93e+03    |
|    ep_rew_mean          | -681        |
| time/                   |             |
|    fps                  | 381         |
|    iterations           | 148         |
|    time_elapsed         | 794         |
|    total_timesteps      | 303104      |
| train/                  |             |
|    approx_kl            | 0.019685432 |
|    clip_fraction        | 0.253       |
|    clip_range           | 0.2         |
|    entropy_loss         | -16.1       |
|    explained_variance   | 0.977       |
|    learning_rate        | 0.0003      |
|    loss                 | 0.298       |
|    n_updates            | 1470        |
|    policy_gradient_loss | -0.0137     |
|    std                  | 0.927       |
|    value_loss           | 1.18        |
-----------------------------------------
-----------------------------------------
| rollout/                |             |
|    ep_len_mean          | 8.93e+03    |
|    ep_rew_mean          | -681        |
| time/                   |             |
|    fps                  | 381         |
|    iterations           | 149         |
|    time_elapsed         | 799         |
|    total_timesteps      | 305152      |
| train/                  |             |
|    approx_kl            | 0.021880418 |
|    clip_fraction        | 0.267       |
|    clip_range           | 0.2         |
|    entropy_loss         | -16.1       |
|    explained_variance   | 0.985       |
|    learning_rate        | 0.0003      |
|    loss                 | 0.331       |
|    n_updates            | 1480        |
|    policy_gradient_loss | -0.00982    |
|    std                  | 0.927       |
|    value_loss           | 1.2         |
-----------------------------------------
-----------------------------------------
| rollout/                |             |
|    ep_len_mean          | 8.93e+03    |
|    ep_rew_mean          | -681        |
| time/                   |             |
|    fps                  | 381         |
|    iterations           | 150         |
|    time_elapsed         | 805         |
|    total_timesteps      | 307200      |
| train/                  |             |
|    approx_kl            | 0.011596138 |
|    clip_fraction        | 0.174       |
|    clip_range           | 0.2         |
|    entropy_loss         | -16.1       |
|    explained_variance   | 0.554       |
|    learning_rate        | 0.0003      |
|    loss                 | 0.672       |
|    n_updates            | 1490        |
|    policy_gradient_loss | -0.00596    |
|    std                  | 0.927       |
|    value_loss           | 24          |
-----------------------------------------
-----------------------------------------
| rollout/                |             |
|    ep_len_mean          | 8.93e+03    |
|    ep_rew_mean          | -681        |
| time/                   |             |
|    fps                  | 380         |
|    iterations           | 151         |
|    time_elapsed         | 811         |
|    total_timesteps      | 309248      |
| train/                  |             |
|    approx_kl            | 0.024638105 |
|    clip_fraction        | 0.262       |
|    clip_range           | 0.2         |
|    entropy_loss         | -16.1       |
|    explained_variance   | 0.959       |
|    learning_rate        | 0.0003      |
|    loss                 | 0.755       |
|    n_updates            | 1500        |
|    policy_gradient_loss | -0.0123     |
|    std                  | 0.928       |
|    value_loss           | 1.88        |
-----------------------------------------
-----------------------------------------
| rollout/                |             |
|    ep_len_mean          | 8.93e+03    |
|    ep_rew_mean          | -681        |
| time/                   |             |
|    fps                  | 381         |
|    iterations           | 152         |
|    time_elapsed         | 816         |
|    total_timesteps      | 311296      |
| train/                  |             |
|    approx_kl            | 0.026043616 |
|    clip_fraction        | 0.268       |
|    clip_range           | 0.2         |
|    entropy_loss         | -16.1       |
|    explained_variance   | 0.966       |
|    learning_rate        | 0.0003      |
|    loss                 | 0.388       |
|    n_updates            | 1510        |
|    policy_gradient_loss | -0.0103     |
|    std                  | 0.929       |
|    value_loss           | 1.34        |
-----------------------------------------
-----------------------------------------
| rollout/                |             |
|    ep_len_mean          | 8.93e+03    |
|    ep_rew_mean          | -681        |
| time/                   |             |
|    fps                  | 381         |
|    iterations           | 153         |
|    time_elapsed         | 821         |
|    total_timesteps      | 313344      |
| train/                  |             |
|    approx_kl            | 0.021509612 |
|    clip_fraction        | 0.25        |
|    clip_range           | 0.2         |
|    entropy_loss         | -16.1       |
|    explained_variance   | 0.976       |
|    learning_rate        | 0.0003      |
|    loss                 | 0.469       |
|    n_updates            | 1520        |
|    policy_gradient_loss | -0.0154     |
|    std                  | 0.927       |
|    value_loss           | 1.37        |
-----------------------------------------
-----------------------------------------
| rollout/                |             |
|    ep_len_mean          | 8.93e+03    |
|    ep_rew_mean          | -681        |
| time/                   |             |
|    fps                  | 381         |
|    iterations           | 154         |
|    time_elapsed         | 826         |
|    total_timesteps      | 315392      |
| train/                  |             |
|    approx_kl            | 0.012377821 |
|    clip_fraction        | 0.111       |
|    clip_range           | 0.2         |
|    entropy_loss         | -16.1       |
|    explained_variance   | 0.589       |
|    learning_rate        | 0.0003      |
|    loss                 | 2.84        |
|    n_updates            | 1530        |
|    policy_gradient_loss | -0.00736    |
|    std                  | 0.928       |
|    value_loss           | 31.7        |
-----------------------------------------
-----------------------------------------
| rollout/                |             |
|    ep_len_mean          | 8.93e+03    |
|    ep_rew_mean          | -681        |
| time/                   |             |
|    fps                  | 381         |
|    iterations           | 155         |
|    time_elapsed         | 832         |
|    total_timesteps      | 317440      |
| train/                  |             |
|    approx_kl            | 0.019760434 |
|    clip_fraction        | 0.225       |
|    clip_range           | 0.2         |
|    entropy_loss         | -16.1       |
|    explained_variance   | 0.95        |
|    learning_rate        | 0.0003      |
|    loss                 | 0.428       |
|    n_updates            | 1540        |
|    policy_gradient_loss | -0.0103     |
|    std                  | 0.928       |
|    value_loss           | 1.97        |
-----------------------------------------
-----------------------------------------
| rollout/                |             |
|    ep_len_mean          | 8.93e+03    |
|    ep_rew_mean          | -681        |
| time/                   |             |
|    fps                  | 380         |
|    iterations           | 156         |
|    time_elapsed         | 839         |
|    total_timesteps      | 319488      |
| train/                  |             |
|    approx_kl            | 0.024628788 |
|    clip_fraction        | 0.285       |
|    clip_range           | 0.2         |
|    entropy_loss         | -16.1       |
|    explained_variance   | 0.913       |
|    learning_rate        | 0.0003      |
|    loss                 | 0.895       |
|    n_updates            | 1550        |
|    policy_gradient_loss | -0.0117     |
|    std                  | 0.923       |
|    value_loss           | 2           |
-----------------------------------------
-----------------------------------------
| rollout/                |             |
|    ep_len_mean          | 8.93e+03    |
|    ep_rew_mean          | -681        |
| time/                   |             |
|    fps                  | 380         |
|    iterations           | 157         |
|    time_elapsed         | 846         |
|    total_timesteps      | 321536      |
| train/                  |             |
|    approx_kl            | 0.022643385 |
|    clip_fraction        | 0.266       |
|    clip_range           | 0.2         |
|    entropy_loss         | -16         |
|    explained_variance   | 0.95        |
|    learning_rate        | 0.0003      |
|    loss                 | 0.519       |
|    n_updates            | 1560        |
|    policy_gradient_loss | -0.0107     |
|    std                  | 0.921       |
|    value_loss           | 1.3         |
-----------------------------------------
-----------------------------------------
| rollout/                |             |
|    ep_len_mean          | 8.93e+03    |
|    ep_rew_mean          | -681        |
| time/                   |             |
|    fps                  | 380         |
|    iterations           | 158         |
|    time_elapsed         | 851         |
|    total_timesteps      | 323584      |
| train/                  |             |
|    approx_kl            | 0.019025892 |
|    clip_fraction        | 0.193       |
|    clip_range           | 0.2         |
|    entropy_loss         | -16         |
|    explained_variance   | 0.547       |
|    learning_rate        | 0.0003      |
|    loss                 | 1.31        |
|    n_updates            | 1570        |
|    policy_gradient_loss | -0.0122     |
|    std                  | 0.921       |
|    value_loss           | 27.4        |
-----------------------------------------
-----------------------------------------
| rollout/                |             |
|    ep_len_mean          | 8.93e+03    |
|    ep_rew_mean          | -681        |
| time/                   |             |
|    fps                  | 380         |
|    iterations           | 159         |
|    time_elapsed         | 856         |
|    total_timesteps      | 325632      |
| train/                  |             |
|    approx_kl            | 0.028155548 |
|    clip_fraction        | 0.337       |
|    clip_range           | 0.2         |
|    entropy_loss         | -16         |
|    explained_variance   | 0.964       |
|    learning_rate        | 0.0003      |
|    loss                 | 0.548       |
|    n_updates            | 1580        |
|    policy_gradient_loss | -0.00629    |
|    std                  | 0.923       |
|    value_loss           | 1.51        |
-----------------------------------------
-----------------------------------------
| rollout/                |             |
|    ep_len_mean          | 8.93e+03    |
|    ep_rew_mean          | -681        |
| time/                   |             |
|    fps                  | 380         |
|    iterations           | 160         |
|    time_elapsed         | 861         |
|    total_timesteps      | 327680      |
| train/                  |             |
|    approx_kl            | 0.025201527 |
|    clip_fraction        | 0.263       |
|    clip_range           | 0.2         |
|    entropy_loss         | -16         |
|    explained_variance   | 0.973       |
|    learning_rate        | 0.0003      |
|    loss                 | 0.823       |
|    n_updates            | 1590        |
|    policy_gradient_loss | -0.0146     |
|    std                  | 0.917       |
|    value_loss           | 1.78        |
-----------------------------------------
----------------------------------------
| rollout/                |            |
|    ep_len_mean          | 8.93e+03   |
|    ep_rew_mean          | -681       |
| time/                   |            |
|    fps                  | 380        |
|    iterations           | 161        |
|    time_elapsed         | 866        |
|    total_timesteps      | 329728     |
| train/                  |            |
|    approx_kl            | 0.03061508 |
|    clip_fraction        | 0.285      |
|    clip_range           | 0.2        |
|    entropy_loss         | -16        |
|    explained_variance   | 0.976      |
|    learning_rate        | 0.0003     |
|    loss                 | 0.312      |
|    n_updates            | 1600       |
|    policy_gradient_loss | -0.00815   |
|    std                  | 0.918      |
|    value_loss           | 1.27       |
----------------------------------------
-----------------------------------------
| rollout/                |             |
|    ep_len_mean          | 8.93e+03    |
|    ep_rew_mean          | -682        |
| time/                   |             |
|    fps                  | 380         |
|    iterations           | 162         |
|    time_elapsed         | 872         |
|    total_timesteps      | 331776      |
| train/                  |             |
|    approx_kl            | 0.021641564 |
|    clip_fraction        | 0.289       |
|    clip_range           | 0.2         |
|    entropy_loss         | -16         |
|    explained_variance   | 0.977       |
|    learning_rate        | 0.0003      |
|    loss                 | 0.361       |
|    n_updates            | 1610        |
|    policy_gradient_loss | -0.0116     |
|    std                  | 0.919       |
|    value_loss           | 1.41        |
-----------------------------------------
-----------------------------------------
| rollout/                |             |
|    ep_len_mean          | 8.93e+03    |
|    ep_rew_mean          | -682        |
| time/                   |             |
|    fps                  | 379         |
|    iterations           | 163         |
|    time_elapsed         | 878         |
|    total_timesteps      | 333824      |
| train/                  |             |
|    approx_kl            | 0.014957312 |
|    clip_fraction        | 0.146       |
|    clip_range           | 0.2         |
|    entropy_loss         | -16         |
|    explained_variance   | 0.566       |
|    learning_rate        | 0.0003      |
|    loss                 | 41.2        |
|    n_updates            | 1620        |
|    policy_gradient_loss | -0.00851    |
|    std                  | 0.919       |
|    value_loss           | 27.4        |
-----------------------------------------
-----------------------------------------
| rollout/                |             |
|    ep_len_mean          | 8.93e+03    |
|    ep_rew_mean          | -682        |
| time/                   |             |
|    fps                  | 379         |
|    iterations           | 164         |
|    time_elapsed         | 884         |
|    total_timesteps      | 335872      |
| train/                  |             |
|    approx_kl            | 0.023648392 |
|    clip_fraction        | 0.27        |
|    clip_range           | 0.2         |
|    entropy_loss         | -16         |
|    explained_variance   | 0.954       |
|    learning_rate        | 0.0003      |
|    loss                 | 0.3         |
|    n_updates            | 1630        |
|    policy_gradient_loss | -0.0103     |
|    std                  | 0.925       |
|    value_loss           | 1.57        |
-----------------------------------------
-----------------------------------------
| rollout/                |             |
|    ep_len_mean          | 8.93e+03    |
|    ep_rew_mean          | -682        |
| time/                   |             |
|    fps                  | 379         |
|    iterations           | 165         |
|    time_elapsed         | 890         |
|    total_timesteps      | 337920      |
| train/                  |             |
|    approx_kl            | 0.030128494 |
|    clip_fraction        | 0.289       |
|    clip_range           | 0.2         |
|    entropy_loss         | -16         |
|    explained_variance   | 0.962       |
|    learning_rate        | 0.0003      |
|    loss                 | 0.671       |
|    n_updates            | 1640        |
|    policy_gradient_loss | -0.0124     |
|    std                  | 0.924       |
|    value_loss           | 1.3         |
-----------------------------------------
-----------------------------------------
| rollout/                |             |
|    ep_len_mean          | 8.93e+03    |
|    ep_rew_mean          | -682        |
| time/                   |             |
|    fps                  | 379         |
|    iterations           | 166         |
|    time_elapsed         | 895         |
|    total_timesteps      | 339968      |
| train/                  |             |
|    approx_kl            | 0.023059279 |
|    clip_fraction        | 0.276       |
|    clip_range           | 0.2         |
|    entropy_loss         | -16         |
|    explained_variance   | 0.974       |
|    learning_rate        | 0.0003      |
|    loss                 | 0.423       |
|    n_updates            | 1650        |
|    policy_gradient_loss | -0.0186     |
|    std                  | 0.923       |
|    value_loss           | 1.26        |
-----------------------------------------
-----------------------------------------
| rollout/                |             |
|    ep_len_mean          | 8.93e+03    |
|    ep_rew_mean          | -682        |
| time/                   |             |
|    fps                  | 379         |
|    iterations           | 167         |
|    time_elapsed         | 901         |
|    total_timesteps      | 342016      |
| train/                  |             |
|    approx_kl            | 0.018072322 |
|    clip_fraction        | 0.21        |
|    clip_range           | 0.2         |
|    entropy_loss         | -16         |
|    explained_variance   | 0.657       |
|    learning_rate        | 0.0003      |
|    loss                 | 0.467       |
|    n_updates            | 1660        |
|    policy_gradient_loss | -0.0105     |
|    std                  | 0.922       |
|    value_loss           | 25.8        |
-----------------------------------------
-----------------------------------------
| rollout/                |             |
|    ep_len_mean          | 8.93e+03    |
|    ep_rew_mean          | -682        |
| time/                   |             |
|    fps                  | 379         |
|    iterations           | 168         |
|    time_elapsed         | 907         |
|    total_timesteps      | 344064      |
| train/                  |             |
|    approx_kl            | 0.022234311 |
|    clip_fraction        | 0.241       |
|    clip_range           | 0.2         |
|    entropy_loss         | -16         |
|    explained_variance   | 0.932       |
|    learning_rate        | 0.0003      |
|    loss                 | 0.856       |
|    n_updates            | 1670        |
|    policy_gradient_loss | -0.0139     |
|    std                  | 0.925       |
|    value_loss           | 2.42        |
-----------------------------------------
-----------------------------------------
| rollout/                |             |
|    ep_len_mean          | 8.93e+03    |
|    ep_rew_mean          | -682        |
| time/                   |             |
|    fps                  | 379         |
|    iterations           | 169         |
|    time_elapsed         | 912         |
|    total_timesteps      | 346112      |
| train/                  |             |
|    approx_kl            | 0.021273747 |
|    clip_fraction        | 0.251       |
|    clip_range           | 0.2         |
|    entropy_loss         | -16         |
|    explained_variance   | 0.866       |
|    learning_rate        | 0.0003      |
|    loss                 | 0.873       |
|    n_updates            | 1680        |
|    policy_gradient_loss | -0.0091     |
|    std                  | 0.927       |
|    value_loss           | 2.25        |
-----------------------------------------
-----------------------------------------
| rollout/                |             |
|    ep_len_mean          | 8.93e+03    |
|    ep_rew_mean          | -682        |
| time/                   |             |
|    fps                  | 379         |
|    iterations           | 170         |
|    time_elapsed         | 917         |
|    total_timesteps      | 348160      |
| train/                  |             |
|    approx_kl            | 0.027237091 |
|    clip_fraction        | 0.299       |
|    clip_range           | 0.2         |
|    entropy_loss         | -16.1       |
|    explained_variance   | 0.947       |
|    learning_rate        | 0.0003      |
|    loss                 | 0.563       |
|    n_updates            | 1690        |
|    policy_gradient_loss | -0.011      |
|    std                  | 0.927       |
|    value_loss           | 1.37        |
-----------------------------------------
-----------------------------------------
| rollout/                |             |
|    ep_len_mean          | 8.93e+03    |
|    ep_rew_mean          | -683        |
| time/                   |             |
|    fps                  | 379         |
|    iterations           | 171         |
|    time_elapsed         | 922         |
|    total_timesteps      | 350208      |
| train/                  |             |
|    approx_kl            | 0.023699638 |
|    clip_fraction        | 0.284       |
|    clip_range           | 0.2         |
|    entropy_loss         | -16.1       |
|    explained_variance   | 0.958       |
|    learning_rate        | 0.0003      |
|    loss                 | 0.659       |
|    n_updates            | 1700        |
|    policy_gradient_loss | -0.0112     |
|    std                  | 0.927       |
|    value_loss           | 2.07        |
-----------------------------------------
-----------------------------------------
| rollout/                |             |
|    ep_len_mean          | 8.93e+03    |
|    ep_rew_mean          | -683        |
| time/                   |             |
|    fps                  | 379         |
|    iterations           | 172         |
|    time_elapsed         | 927         |
|    total_timesteps      | 352256      |
| train/                  |             |
|    approx_kl            | 0.015948374 |
|    clip_fraction        | 0.205       |
|    clip_range           | 0.2         |
|    entropy_loss         | -16.1       |
|    explained_variance   | 0.291       |
|    learning_rate        | 0.0003      |
|    loss                 | 21.7        |
|    n_updates            | 1710        |
|    policy_gradient_loss | -0.00659    |
|    std                  | 0.927       |
|    value_loss           | 38.4        |
-----------------------------------------
-----------------------------------------
| rollout/                |             |
|    ep_len_mean          | 8.93e+03    |
|    ep_rew_mean          | -683        |
| time/                   |             |
|    fps                  | 379         |
|    iterations           | 173         |
|    time_elapsed         | 932         |
|    total_timesteps      | 354304      |
| train/                  |             |
|    approx_kl            | 0.024187049 |
|    clip_fraction        | 0.29        |
|    clip_range           | 0.2         |
|    entropy_loss         | -16.1       |
|    explained_variance   | 0.962       |
|    learning_rate        | 0.0003      |
|    loss                 | 0.967       |
|    n_updates            | 1720        |
|    policy_gradient_loss | -0.0107     |
|    std                  | 0.928       |
|    value_loss           | 2.06        |
-----------------------------------------
-----------------------------------------
| rollout/                |             |
|    ep_len_mean          | 8.93e+03    |
|    ep_rew_mean          | -683        |
| time/                   |             |
|    fps                  | 380         |
|    iterations           | 174         |
|    time_elapsed         | 937         |
|    total_timesteps      | 356352      |
| train/                  |             |
|    approx_kl            | 0.018272702 |
|    clip_fraction        | 0.278       |
|    clip_range           | 0.2         |
|    entropy_loss         | -16.1       |
|    explained_variance   | 0.97        |
|    learning_rate        | 0.0003      |
|    loss                 | 0.422       |
|    n_updates            | 1730        |
|    policy_gradient_loss | -0.00591    |
|    std                  | 0.929       |
|    value_loss           | 1.37        |
-----------------------------------------
-----------------------------------------
| rollout/                |             |
|    ep_len_mean          | 8.93e+03    |
|    ep_rew_mean          | -683        |
| time/                   |             |
|    fps                  | 380         |
|    iterations           | 175         |
|    time_elapsed         | 942         |
|    total_timesteps      | 358400      |
| train/                  |             |
|    approx_kl            | 0.023474682 |
|    clip_fraction        | 0.262       |
|    clip_range           | 0.2         |
|    entropy_loss         | -16.1       |
|    explained_variance   | 0.965       |
|    learning_rate        | 0.0003      |
|    loss                 | 0.6         |
|    n_updates            | 1740        |
|    policy_gradient_loss | -0.0115     |
|    std                  | 0.931       |
|    value_loss           | 1.64        |
-----------------------------------------
-----------------------------------------
| rollout/                |             |
|    ep_len_mean          | 8.93e+03    |
|    ep_rew_mean          | -683        |
| time/                   |             |
|    fps                  | 380         |
|    iterations           | 176         |
|    time_elapsed         | 948         |
|    total_timesteps      | 360448      |
| train/                  |             |
|    approx_kl            | 0.021025073 |
|    clip_fraction        | 0.187       |
|    clip_range           | 0.2         |
|    entropy_loss         | -16.1       |
|    explained_variance   | 0.609       |
|    learning_rate        | 0.0003      |
|    loss                 | 3.02        |
|    n_updates            | 1750        |
|    policy_gradient_loss | -0.00989    |
|    std                  | 0.932       |
|    value_loss           | 29.4        |
-----------------------------------------
-----------------------------------------
| rollout/                |             |
|    ep_len_mean          | 8.93e+03    |
|    ep_rew_mean          | -683        |
| time/                   |             |
|    fps                  | 380         |
|    iterations           | 177         |
|    time_elapsed         | 953         |
|    total_timesteps      | 362496      |
| train/                  |             |
|    approx_kl            | 0.022861417 |
|    clip_fraction        | 0.262       |
|    clip_range           | 0.2         |
|    entropy_loss         | -16.1       |
|    explained_variance   | 0.939       |
|    learning_rate        | 0.0003      |
|    loss                 | 0.591       |
|    n_updates            | 1760        |
|    policy_gradient_loss | -0.00757    |
|    std                  | 0.93        |
|    value_loss           | 2.19        |
-----------------------------------------
---------------------------------------
| rollout/                |           |
|    ep_len_mean          | 8.93e+03  |
|    ep_rew_mean          | -683      |
| time/                   |           |
|    fps                  | 380       |
|    iterations           | 178       |
|    time_elapsed         | 958       |
|    total_timesteps      | 364544    |
| train/                  |           |
|    approx_kl            | 0.0243315 |
|    clip_fraction        | 0.291     |
|    clip_range           | 0.2       |
|    entropy_loss         | -16.1     |
|    explained_variance   | 0.942     |
|    learning_rate        | 0.0003    |
|    loss                 | 0.66      |
|    n_updates            | 1770      |
|    policy_gradient_loss | -0.0115   |
|    std                  | 0.927     |
|    value_loss           | 2.14      |
---------------------------------------
-----------------------------------------
| rollout/                |             |
|    ep_len_mean          | 8.93e+03    |
|    ep_rew_mean          | -682        |
| time/                   |             |
|    fps                  | 380         |
|    iterations           | 179         |
|    time_elapsed         | 962         |
|    total_timesteps      | 366592      |
| train/                  |             |
|    approx_kl            | 0.027718298 |
|    clip_fraction        | 0.326       |
|    clip_range           | 0.2         |
|    entropy_loss         | -16.1       |
|    explained_variance   | 0.972       |
|    learning_rate        | 0.0003      |
|    loss                 | 0.414       |
|    n_updates            | 1780        |
|    policy_gradient_loss | -0.0125     |
|    std                  | 0.925       |
|    value_loss           | 1.42        |
-----------------------------------------
-----------------------------------------
| rollout/                |             |
|    ep_len_mean          | 8.93e+03    |
|    ep_rew_mean          | -682        |
| time/                   |             |
|    fps                  | 380         |
|    iterations           | 180         |
|    time_elapsed         | 968         |
|    total_timesteps      | 368640      |
| train/                  |             |
|    approx_kl            | 0.022246784 |
|    clip_fraction        | 0.207       |
|    clip_range           | 0.2         |
|    entropy_loss         | -16         |
|    explained_variance   | 0.62        |
|    learning_rate        | 0.0003      |
|    loss                 | 59.1        |
|    n_updates            | 1790        |
|    policy_gradient_loss | -0.00558    |
|    std                  | 0.925       |
|    value_loss           | 32.2        |
-----------------------------------------
-----------------------------------------
| rollout/                |             |
|    ep_len_mean          | 8.93e+03    |
|    ep_rew_mean          | -682        |
| time/                   |             |
|    fps                  | 380         |
|    iterations           | 181         |
|    time_elapsed         | 972         |
|    total_timesteps      | 370688      |
| train/                  |             |
|    approx_kl            | 0.030412456 |
|    clip_fraction        | 0.253       |
|    clip_range           | 0.2         |
|    entropy_loss         | -16         |
|    explained_variance   | 0.835       |
|    learning_rate        | 0.0003      |
|    loss                 | 1.05        |
|    n_updates            | 1800        |
|    policy_gradient_loss | -0.00806    |
|    std                  | 0.925       |
|    value_loss           | 4.59        |
-----------------------------------------
-----------------------------------------
| rollout/                |             |
|    ep_len_mean          | 8.93e+03    |
|    ep_rew_mean          | -682        |
| time/                   |             |
|    fps                  | 381         |
|    iterations           | 182         |
|    time_elapsed         | 977         |
|    total_timesteps      | 372736      |
| train/                  |             |
|    approx_kl            | 0.026306394 |
|    clip_fraction        | 0.293       |
|    clip_range           | 0.2         |
|    entropy_loss         | -16         |
|    explained_variance   | 0.889       |
|    learning_rate        | 0.0003      |
|    loss                 | 0.952       |
|    n_updates            | 1810        |
|    policy_gradient_loss | -0.0109     |
|    std                  | 0.925       |
|    value_loss           | 2.03        |
-----------------------------------------
-----------------------------------------
| rollout/                |             |
|    ep_len_mean          | 8.93e+03    |
|    ep_rew_mean          | -682        |
| time/                   |             |
|    fps                  | 381         |
|    iterations           | 183         |
|    time_elapsed         | 983         |
|    total_timesteps      | 374784      |
| train/                  |             |
|    approx_kl            | 0.025342517 |
|    clip_fraction        | 0.293       |
|    clip_range           | 0.2         |
|    entropy_loss         | -16         |
|    explained_variance   | 0.952       |
|    learning_rate        | 0.0003      |
|    loss                 | 0.353       |
|    n_updates            | 1820        |
|    policy_gradient_loss | -0.013      |
|    std                  | 0.923       |
|    value_loss           | 1.4         |
-----------------------------------------
-----------------------------------------
| rollout/                |             |
|    ep_len_mean          | 8.93e+03    |
|    ep_rew_mean          | -681        |
| time/                   |             |
|    fps                  | 381         |
|    iterations           | 184         |
|    time_elapsed         | 988         |
|    total_timesteps      | 376832      |
| train/                  |             |
|    approx_kl            | 0.024432186 |
|    clip_fraction        | 0.298       |
|    clip_range           | 0.2         |
|    entropy_loss         | -16         |
|    explained_variance   | 0.974       |
|    learning_rate        | 0.0003      |
|    loss                 | 0.637       |
|    n_updates            | 1830        |
|    policy_gradient_loss | -0.0126     |
|    std                  | 0.923       |
|    value_loss           | 1.53        |
-----------------------------------------
-----------------------------------------
| rollout/                |             |
|    ep_len_mean          | 8.93e+03    |
|    ep_rew_mean          | -681        |
| time/                   |             |
|    fps                  | 380         |
|    iterations           | 185         |
|    time_elapsed         | 995         |
|    total_timesteps      | 378880      |
| train/                  |             |
|    approx_kl            | 0.019154282 |
|    clip_fraction        | 0.189       |
|    clip_range           | 0.2         |
|    entropy_loss         | -16         |
|    explained_variance   | 0.294       |
|    learning_rate        | 0.0003      |
|    loss                 | 6.06        |
|    n_updates            | 1840        |
|    policy_gradient_loss | -0.0051     |
|    std                  | 0.922       |
|    value_loss           | 36.9        |
-----------------------------------------
-----------------------------------------
| rollout/                |             |
|    ep_len_mean          | 8.93e+03    |
|    ep_rew_mean          | -681        |
| time/                   |             |
|    fps                  | 379         |
|    iterations           | 186         |
|    time_elapsed         | 1002        |
|    total_timesteps      | 380928      |
| train/                  |             |
|    approx_kl            | 0.031662498 |
|    clip_fraction        | 0.309       |
|    clip_range           | 0.2         |
|    entropy_loss         | -16         |
|    explained_variance   | 0.969       |
|    learning_rate        | 0.0003      |
|    loss                 | 0.648       |
|    n_updates            | 1850        |
|    policy_gradient_loss | -0.013      |
|    std                  | 0.917       |
|    value_loss           | 1.96        |
-----------------------------------------
-----------------------------------------
| rollout/                |             |
|    ep_len_mean          | 8.93e+03    |
|    ep_rew_mean          | -681        |
| time/                   |             |
|    fps                  | 379         |
|    iterations           | 187         |
|    time_elapsed         | 1008        |
|    total_timesteps      | 382976      |
| train/                  |             |
|    approx_kl            | 0.026843544 |
|    clip_fraction        | 0.316       |
|    clip_range           | 0.2         |
|    entropy_loss         | -15.9       |
|    explained_variance   | 0.979       |
|    learning_rate        | 0.0003      |
|    loss                 | 0.487       |
|    n_updates            | 1860        |
|    policy_gradient_loss | -0.0081     |
|    std                  | 0.916       |
|    value_loss           | 1.24        |
-----------------------------------------
----------------------------------------
| rollout/                |            |
|    ep_len_mean          | 8.93e+03   |
|    ep_rew_mean          | -681       |
| time/                   |            |
|    fps                  | 379        |
|    iterations           | 188        |
|    time_elapsed         | 1014       |
|    total_timesteps      | 385024     |
| train/                  |            |
|    approx_kl            | 0.02257281 |
|    clip_fraction        | 0.267      |
|    clip_range           | 0.2        |
|    entropy_loss         | -15.9      |
|    explained_variance   | 0.968      |
|    learning_rate        | 0.0003     |
|    loss                 | 0.446      |
|    n_updates            | 1870       |
|    policy_gradient_loss | -0.0107    |
|    std                  | 0.914      |
|    value_loss           | 1.45       |
----------------------------------------
-----------------------------------------
| rollout/                |             |
|    ep_len_mean          | 8.93e+03    |
|    ep_rew_mean          | -681        |
| time/                   |             |
|    fps                  | 379         |
|    iterations           | 189         |
|    time_elapsed         | 1018        |
|    total_timesteps      | 387072      |
| train/                  |             |
|    approx_kl            | 0.020160142 |
|    clip_fraction        | 0.187       |
|    clip_range           | 0.2         |
|    entropy_loss         | -15.9       |
|    explained_variance   | 0.691       |
|    learning_rate        | 0.0003      |
|    loss                 | 1.6         |
|    n_updates            | 1880        |
|    policy_gradient_loss | -0.00855    |
|    std                  | 0.911       |
|    value_loss           | 32.4        |
-----------------------------------------
-----------------------------------------
| rollout/                |             |
|    ep_len_mean          | 8.93e+03    |
|    ep_rew_mean          | -681        |
| time/                   |             |
|    fps                  | 380         |
|    iterations           | 190         |
|    time_elapsed         | 1023        |
|    total_timesteps      | 389120      |
| train/                  |             |
|    approx_kl            | 0.019002222 |
|    clip_fraction        | 0.257       |
|    clip_range           | 0.2         |
|    entropy_loss         | -15.9       |
|    explained_variance   | 0.913       |
|    learning_rate        | 0.0003      |
|    loss                 | 0.711       |
|    n_updates            | 1890        |
|    policy_gradient_loss | -0.0114     |
|    std                  | 0.914       |
|    value_loss           | 2.4         |
-----------------------------------------
----------------------------------------
| rollout/                |            |
|    ep_len_mean          | 8.93e+03   |
|    ep_rew_mean          | -681       |
| time/                   |            |
|    fps                  | 380        |
|    iterations           | 191        |
|    time_elapsed         | 1028       |
|    total_timesteps      | 391168     |
| train/                  |            |
|    approx_kl            | 0.02270834 |
|    clip_fraction        | 0.295      |
|    clip_range           | 0.2        |
|    entropy_loss         | -15.9      |
|    explained_variance   | 0.91       |
|    learning_rate        | 0.0003     |
|    loss                 | 0.712      |
|    n_updates            | 1900       |
|    policy_gradient_loss | -0.0117    |
|    std                  | 0.914      |
|    value_loss           | 2.05       |
----------------------------------------
-----------------------------------------
| rollout/                |             |
|    ep_len_mean          | 8.93e+03    |
|    ep_rew_mean          | -681        |
| time/                   |             |
|    fps                  | 380         |
|    iterations           | 192         |
|    time_elapsed         | 1033        |
|    total_timesteps      | 393216      |
| train/                  |             |
|    approx_kl            | 0.030836929 |
|    clip_fraction        | 0.307       |
|    clip_range           | 0.2         |
|    entropy_loss         | -15.9       |
|    explained_variance   | 0.948       |
|    learning_rate        | 0.0003      |
|    loss                 | 0.4         |
|    n_updates            | 1910        |
|    policy_gradient_loss | -0.00918    |
|    std                  | 0.911       |
|    value_loss           | 1.34        |
-----------------------------------------
-----------------------------------------
| rollout/                |             |
|    ep_len_mean          | 8.93e+03    |
|    ep_rew_mean          | -681        |
| time/                   |             |
|    fps                  | 380         |
|    iterations           | 193         |
|    time_elapsed         | 1038        |
|    total_timesteps      | 395264      |
| train/                  |             |
|    approx_kl            | 0.017972004 |
|    clip_fraction        | 0.222       |
|    clip_range           | 0.2         |
|    entropy_loss         | -15.9       |
|    explained_variance   | 0.463       |
|    learning_rate        | 0.0003      |
|    loss                 | 1.63        |
|    n_updates            | 1920        |
|    policy_gradient_loss | -0.00402    |
|    std                  | 0.911       |
|    value_loss           | 31.3        |
-----------------------------------------
----------------------------------------
| rollout/                |            |
|    ep_len_mean          | 8.93e+03   |
|    ep_rew_mean          | -681       |
| time/                   |            |
|    fps                  | 381        |
|    iterations           | 194        |
|    time_elapsed         | 1042       |
|    total_timesteps      | 397312     |
| train/                  |            |
|    approx_kl            | 0.02455524 |
|    clip_fraction        | 0.32       |
|    clip_range           | 0.2        |
|    entropy_loss         | -15.8      |
|    explained_variance   | 0.959      |
|    learning_rate        | 0.0003     |
|    loss                 | 0.54       |
|    n_updates            | 1930       |
|    policy_gradient_loss | -0.0128    |
|    std                  | 0.905      |
|    value_loss           | 1.87       |
----------------------------------------
---------------------------------------
| rollout/                |           |
|    ep_len_mean          | 8.93e+03  |
|    ep_rew_mean          | -681      |
| time/                   |           |
|    fps                  | 381       |
|    iterations           | 195       |
|    time_elapsed         | 1047      |
|    total_timesteps      | 399360    |
| train/                  |           |
|    approx_kl            | 0.0229205 |
|    clip_fraction        | 0.269     |
|    clip_range           | 0.2       |
|    entropy_loss         | -15.8     |
|    explained_variance   | 0.931     |
|    learning_rate        | 0.0003    |
|    loss                 | 0.687     |
|    n_updates            | 1940      |
|    policy_gradient_loss | -0.00995  |
|    std                  | 0.903     |
|    value_loss           | 1.94      |
---------------------------------------
-----------------------------------------
| rollout/                |             |
|    ep_len_mean          | 8.93e+03    |
|    ep_rew_mean          | -681        |
| time/                   |             |
|    fps                  | 381         |
|    iterations           | 196         |
|    time_elapsed         | 1052        |
|    total_timesteps      | 401408      |
| train/                  |             |
|    approx_kl            | 0.028695472 |
|    clip_fraction        | 0.315       |
|    clip_range           | 0.2         |
|    entropy_loss         | -15.8       |
|    explained_variance   | 0.968       |
|    learning_rate        | 0.0003      |
|    loss                 | 0.728       |
|    n_updates            | 1950        |
|    policy_gradient_loss | -0.0115     |
|    std                  | 0.905       |
|    value_loss           | 1.51        |
-----------------------------------------
-----------------------------------------
| rollout/                |             |
|    ep_len_mean          | 8.93e+03    |
|    ep_rew_mean          | -681        |
| time/                   |             |
|    fps                  | 381         |
|    iterations           | 197         |
|    time_elapsed         | 1057        |
|    total_timesteps      | 403456      |
| train/                  |             |
|    approx_kl            | 0.025399685 |
|    clip_fraction        | 0.275       |
|    clip_range           | 0.2         |
|    entropy_loss         | -15.8       |
|    explained_variance   | 0.983       |
|    learning_rate        | 0.0003      |
|    loss                 | 0.36        |
|    n_updates            | 1960        |
|    policy_gradient_loss | -0.0121     |
|    std                  | 0.905       |
|    value_loss           | 1.36        |
-----------------------------------------
-----------------------------------------
| rollout/                |             |
|    ep_len_mean          | 8.93e+03    |
|    ep_rew_mean          | -681        |
| time/                   |             |
|    fps                  | 381         |
|    iterations           | 198         |
|    time_elapsed         | 1061        |
|    total_timesteps      | 405504      |
| train/                  |             |
|    approx_kl            | 0.011329947 |
|    clip_fraction        | 0.16        |
|    clip_range           | 0.2         |
|    entropy_loss         | -15.8       |
|    explained_variance   | 0.401       |
|    learning_rate        | 0.0003      |
|    loss                 | 1.27        |
|    n_updates            | 1970        |
|    policy_gradient_loss | -0.00446    |
|    std                  | 0.905       |
|    value_loss           | 34.5        |
-----------------------------------------
-----------------------------------------
| rollout/                |             |
|    ep_len_mean          | 8.93e+03    |
|    ep_rew_mean          | -681        |
| time/                   |             |
|    fps                  | 381         |
|    iterations           | 199         |
|    time_elapsed         | 1067        |
|    total_timesteps      | 407552      |
| train/                  |             |
|    approx_kl            | 0.031706788 |
|    clip_fraction        | 0.309       |
|    clip_range           | 0.2         |
|    entropy_loss         | -15.8       |
|    explained_variance   | 0.962       |
|    learning_rate        | 0.0003      |
|    loss                 | 0.429       |
|    n_updates            | 1980        |
|    policy_gradient_loss | -0.0112     |
|    std                  | 0.904       |
|    value_loss           | 1.73        |
-----------------------------------------
----------------------------------------
| rollout/                |            |
|    ep_len_mean          | 8.93e+03   |
|    ep_rew_mean          | -681       |
| time/                   |            |
|    fps                  | 382        |
|    iterations           | 200        |
|    time_elapsed         | 1072       |
|    total_timesteps      | 409600     |
| train/                  |            |
|    approx_kl            | 0.02984766 |
|    clip_fraction        | 0.311      |
|    clip_range           | 0.2        |
|    entropy_loss         | -15.8      |
|    explained_variance   | 0.97       |
|    learning_rate        | 0.0003     |
|    loss                 | 0.536      |
|    n_updates            | 1990       |
|    policy_gradient_loss | -0.0137    |
|    std                  | 0.909      |
|    value_loss           | 1.2        |
----------------------------------------
-----------------------------------------
| rollout/                |             |
|    ep_len_mean          | 8.93e+03    |
|    ep_rew_mean          | -681        |
| time/                   |             |
|    fps                  | 382         |
|    iterations           | 201         |
|    time_elapsed         | 1077        |
|    total_timesteps      | 411648      |
| train/                  |             |
|    approx_kl            | 0.024421578 |
|    clip_fraction        | 0.223       |
|    clip_range           | 0.2         |
|    entropy_loss         | -15.8       |
|    explained_variance   | 0.965       |
|    learning_rate        | 0.0003      |
|    loss                 | 0.948       |
|    n_updates            | 2000        |
|    policy_gradient_loss | -0.0134     |
|    std                  | 0.91        |
|    value_loss           | 1.44        |
-----------------------------------------
-----------------------------------------
| rollout/                |             |
|    ep_len_mean          | 8.93e+03    |
|    ep_rew_mean          | -681        |
| time/                   |             |
|    fps                  | 382         |
|    iterations           | 202         |
|    time_elapsed         | 1082        |
|    total_timesteps      | 413696      |
| train/                  |             |
|    approx_kl            | 0.012898175 |
|    clip_fraction        | 0.137       |
|    clip_range           | 0.2         |
|    entropy_loss         | -15.8       |
|    explained_variance   | 0.565       |
|    learning_rate        | 0.0003      |
|    loss                 | 6.25        |
|    n_updates            | 2010        |
|    policy_gradient_loss | -0.00653    |
|    std                  | 0.909       |
|    value_loss           | 35.2        |
-----------------------------------------
-----------------------------------------
| rollout/                |             |
|    ep_len_mean          | 8.93e+03    |
|    ep_rew_mean          | -681        |
| time/                   |             |
|    fps                  | 382         |
|    iterations           | 203         |
|    time_elapsed         | 1087        |
|    total_timesteps      | 415744      |
| train/                  |             |
|    approx_kl            | 0.030247884 |
|    clip_fraction        | 0.253       |
|    clip_range           | 0.2         |
|    entropy_loss         | -15.9       |
|    explained_variance   | 0.938       |
|    learning_rate        | 0.0003      |
|    loss                 | 0.965       |
|    n_updates            | 2020        |
|    policy_gradient_loss | -0.011      |
|    std                  | 0.913       |
|    value_loss           | 2.12        |
-----------------------------------------
-----------------------------------------
| rollout/                |             |
|    ep_len_mean          | 8.93e+03    |
|    ep_rew_mean          | -681        |
| time/                   |             |
|    fps                  | 382         |
|    iterations           | 204         |
|    time_elapsed         | 1092        |
|    total_timesteps      | 417792      |
| train/                  |             |
|    approx_kl            | 0.027634937 |
|    clip_fraction        | 0.278       |
|    clip_range           | 0.2         |
|    entropy_loss         | -15.9       |
|    explained_variance   | 0.907       |
|    learning_rate        | 0.0003      |
|    loss                 | 0.666       |
|    n_updates            | 2030        |
|    policy_gradient_loss | -0.00871    |
|    std                  | 0.911       |
|    value_loss           | 1.91        |
-----------------------------------------
-----------------------------------------
| rollout/                |             |
|    ep_len_mean          | 8.93e+03    |
|    ep_rew_mean          | -681        |
| time/                   |             |
|    fps                  | 382         |
|    iterations           | 205         |
|    time_elapsed         | 1097        |
|    total_timesteps      | 419840      |
| train/                  |             |
|    approx_kl            | 0.021356767 |
|    clip_fraction        | 0.278       |
|    clip_range           | 0.2         |
|    entropy_loss         | -15.8       |
|    explained_variance   | 0.948       |
|    learning_rate        | 0.0003      |
|    loss                 | 0.399       |
|    n_updates            | 2040        |
|    policy_gradient_loss | -0.00693    |
|    std                  | 0.908       |
|    value_loss           | 1.48        |
-----------------------------------------
-----------------------------------------
| rollout/                |             |
|    ep_len_mean          | 8.93e+03    |
|    ep_rew_mean          | -681        |
| time/                   |             |
|    fps                  | 382         |
|    iterations           | 206         |
|    time_elapsed         | 1102        |
|    total_timesteps      | 421888      |
| train/                  |             |
|    approx_kl            | 0.016044077 |
|    clip_fraction        | 0.179       |
|    clip_range           | 0.2         |
|    entropy_loss         | -15.8       |
|    explained_variance   | 0.63        |
|    learning_rate        | 0.0003      |
|    loss                 | 39.4        |
|    n_updates            | 2050        |
|    policy_gradient_loss | -0.00759    |
|    std                  | 0.909       |
|    value_loss           | 36          |
-----------------------------------------
-----------------------------------------
| rollout/                |             |
|    ep_len_mean          | 8.93e+03    |
|    ep_rew_mean          | -681        |
| time/                   |             |
|    fps                  | 382         |
|    iterations           | 207         |
|    time_elapsed         | 1107        |
|    total_timesteps      | 423936      |
| train/                  |             |
|    approx_kl            | 0.029175691 |
|    clip_fraction        | 0.304       |
|    clip_range           | 0.2         |
|    entropy_loss         | -15.9       |
|    explained_variance   | 0.948       |
|    learning_rate        | 0.0003      |
|    loss                 | 0.42        |
|    n_updates            | 2060        |
|    policy_gradient_loss | -0.00756    |
|    std                  | 0.912       |
|    value_loss           | 1.75        |
-----------------------------------------
---------------------------------------
| rollout/                |           |
|    ep_len_mean          | 8.93e+03  |
|    ep_rew_mean          | -681      |
| time/                   |           |
|    fps                  | 383       |
|    iterations           | 208       |
|    time_elapsed         | 1111      |
|    total_timesteps      | 425984    |
| train/                  |           |
|    approx_kl            | 0.0302793 |
|    clip_fraction        | 0.306     |
|    clip_range           | 0.2       |
|    entropy_loss         | -15.9     |
|    explained_variance   | 0.965     |
|    learning_rate        | 0.0003    |
|    loss                 | 0.983     |
|    n_updates            | 2070      |
|    policy_gradient_loss | -0.012    |
|    std                  | 0.912     |
|    value_loss           | 1.76      |
---------------------------------------
-----------------------------------------
| rollout/                |             |
|    ep_len_mean          | 8.93e+03    |
|    ep_rew_mean          | -681        |
| time/                   |             |
|    fps                  | 383         |
|    iterations           | 209         |
|    time_elapsed         | 1116        |
|    total_timesteps      | 428032      |
| train/                  |             |
|    approx_kl            | 0.031189365 |
|    clip_fraction        | 0.294       |
|    clip_range           | 0.2         |
|    entropy_loss         | -15.9       |
|    explained_variance   | 0.967       |
|    learning_rate        | 0.0003      |
|    loss                 | 0.368       |
|    n_updates            | 2080        |
|    policy_gradient_loss | -0.0142     |
|    std                  | 0.914       |
|    value_loss           | 1.3         |
-----------------------------------------
-----------------------------------------
| rollout/                |             |
|    ep_len_mean          | 8.93e+03    |
|    ep_rew_mean          | -680        |
| time/                   |             |
|    fps                  | 383         |
|    iterations           | 210         |
|    time_elapsed         | 1120        |
|    total_timesteps      | 430080      |
| train/                  |             |
|    approx_kl            | 0.021617267 |
|    clip_fraction        | 0.264       |
|    clip_range           | 0.2         |
|    entropy_loss         | -15.9       |
|    explained_variance   | 0.976       |
|    learning_rate        | 0.0003      |
|    loss                 | 0.404       |
|    n_updates            | 2090        |
|    policy_gradient_loss | -0.008      |
|    std                  | 0.914       |
|    value_loss           | 1.61        |
-----------------------------------------
-----------------------------------------
| rollout/                |             |
|    ep_len_mean          | 8.93e+03    |
|    ep_rew_mean          | -680        |
| time/                   |             |
|    fps                  | 384         |
|    iterations           | 211         |
|    time_elapsed         | 1125        |
|    total_timesteps      | 432128      |
| train/                  |             |
|    approx_kl            | 0.013887856 |
|    clip_fraction        | 0.198       |
|    clip_range           | 0.2         |
|    entropy_loss         | -15.9       |
|    explained_variance   | 0.359       |
|    learning_rate        | 0.0003      |
|    loss                 | 43.1        |
|    n_updates            | 2100        |
|    policy_gradient_loss | -0.00583    |
|    std                  | 0.913       |
|    value_loss           | 35.3        |
-----------------------------------------
-----------------------------------------
| rollout/                |             |
|    ep_len_mean          | 8.93e+03    |
|    ep_rew_mean          | -680        |
| time/                   |             |
|    fps                  | 384         |
|    iterations           | 212         |
|    time_elapsed         | 1129        |
|    total_timesteps      | 434176      |
| train/                  |             |
|    approx_kl            | 0.026338551 |
|    clip_fraction        | 0.282       |
|    clip_range           | 0.2         |
|    entropy_loss         | -15.9       |
|    explained_variance   | 0.961       |
|    learning_rate        | 0.0003      |
|    loss                 | 0.508       |
|    n_updates            | 2110        |
|    policy_gradient_loss | -0.0134     |
|    std                  | 0.912       |
|    value_loss           | 1.54        |
-----------------------------------------
-----------------------------------------
| rollout/                |             |
|    ep_len_mean          | 8.93e+03    |
|    ep_rew_mean          | -680        |
| time/                   |             |
|    fps                  | 384         |
|    iterations           | 213         |
|    time_elapsed         | 1133        |
|    total_timesteps      | 436224      |
| train/                  |             |
|    approx_kl            | 0.030157838 |
|    clip_fraction        | 0.304       |
|    clip_range           | 0.2         |
|    entropy_loss         | -15.9       |
|    explained_variance   | 0.967       |
|    learning_rate        | 0.0003      |
|    loss                 | 0.465       |
|    n_updates            | 2120        |
|    policy_gradient_loss | -0.0151     |
|    std                  | 0.912       |
|    value_loss           | 1.3         |
-----------------------------------------
-----------------------------------------
| rollout/                |             |
|    ep_len_mean          | 8.93e+03    |
|    ep_rew_mean          | -681        |
| time/                   |             |
|    fps                  | 385         |
|    iterations           | 214         |
|    time_elapsed         | 1138        |
|    total_timesteps      | 438272      |
| train/                  |             |
|    approx_kl            | 0.025797812 |
|    clip_fraction        | 0.267       |
|    clip_range           | 0.2         |
|    entropy_loss         | -15.9       |
|    explained_variance   | 0.974       |
|    learning_rate        | 0.0003      |
|    loss                 | 0.612       |
|    n_updates            | 2130        |
|    policy_gradient_loss | -0.0144     |
|    std                  | 0.911       |
|    value_loss           | 1.6         |
-----------------------------------------
-----------------------------------------
| rollout/                |             |
|    ep_len_mean          | 8.93e+03    |
|    ep_rew_mean          | -681        |
| time/                   |             |
|    fps                  | 385         |
|    iterations           | 215         |
|    time_elapsed         | 1142        |
|    total_timesteps      | 440320      |
| train/                  |             |
|    approx_kl            | 0.016332455 |
|    clip_fraction        | 0.134       |
|    clip_range           | 0.2         |
|    entropy_loss         | -15.9       |
|    explained_variance   | 0.746       |
|    learning_rate        | 0.0003      |
|    loss                 | 10.4        |
|    n_updates            | 2140        |
|    policy_gradient_loss | -0.00549    |
|    std                  | 0.91        |
|    value_loss           | 44.5        |
-----------------------------------------
----------------------------------------
| rollout/                |            |
|    ep_len_mean          | 8.93e+03   |
|    ep_rew_mean          | -681       |
| time/                   |            |
|    fps                  | 385        |
|    iterations           | 216        |
|    time_elapsed         | 1147       |
|    total_timesteps      | 442368     |
| train/                  |            |
|    approx_kl            | 0.02887442 |
|    clip_fraction        | 0.258      |
|    clip_range           | 0.2        |
|    entropy_loss         | -15.8      |
|    explained_variance   | 0.828      |
|    learning_rate        | 0.0003     |
|    loss                 | 0.853      |
|    n_updates            | 2150       |
|    policy_gradient_loss | -0.0087    |
|    std                  | 0.909      |
|    value_loss           | 3.63       |
----------------------------------------
----------------------------------------
| rollout/                |            |
|    ep_len_mean          | 8.93e+03   |
|    ep_rew_mean          | -681       |
| time/                   |            |
|    fps                  | 385        |
|    iterations           | 217        |
|    time_elapsed         | 1151       |
|    total_timesteps      | 444416     |
| train/                  |            |
|    approx_kl            | 0.02372923 |
|    clip_fraction        | 0.236      |
|    clip_range           | 0.2        |
|    entropy_loss         | -15.8      |
|    explained_variance   | 0.89       |
|    learning_rate        | 0.0003     |
|    loss                 | 0.785      |
|    n_updates            | 2160       |
|    policy_gradient_loss | -0.0116    |
|    std                  | 0.909      |
|    value_loss           | 2.51       |
----------------------------------------
----------------------------------------
| rollout/                |            |
|    ep_len_mean          | 8.93e+03   |
|    ep_rew_mean          | -681       |
| time/                   |            |
|    fps                  | 386        |
|    iterations           | 218        |
|    time_elapsed         | 1156       |
|    total_timesteps      | 446464     |
| train/                  |            |
|    approx_kl            | 0.02103273 |
|    clip_fraction        | 0.24       |
|    clip_range           | 0.2        |
|    entropy_loss         | -15.8      |
|    explained_variance   | 0.936      |
|    learning_rate        | 0.0003     |
|    loss                 | 0.587      |
|    n_updates            | 2170       |
|    policy_gradient_loss | -0.0116    |
|    std                  | 0.911      |
|    value_loss           | 2.05       |
----------------------------------------
-----------------------------------------
| rollout/                |             |
|    ep_len_mean          | 8.93e+03    |
|    ep_rew_mean          | -681        |
| time/                   |             |
|    fps                  | 386         |
|    iterations           | 219         |
|    time_elapsed         | 1160        |
|    total_timesteps      | 448512      |
| train/                  |             |
|    approx_kl            | 0.012170086 |
|    clip_fraction        | 0.177       |
|    clip_range           | 0.2         |
|    entropy_loss         | -15.8       |
|    explained_variance   | 0.445       |
|    learning_rate        | 0.0003      |
|    loss                 | 4.44        |
|    n_updates            | 2180        |
|    policy_gradient_loss | -0.00702    |
|    std                  | 0.909       |
|    value_loss           | 40.5        |
-----------------------------------------
-----------------------------------------
| rollout/                |             |
|    ep_len_mean          | 8.93e+03    |
|    ep_rew_mean          | -681        |
| time/                   |             |
|    fps                  | 386         |
|    iterations           | 220         |
|    time_elapsed         | 1164        |
|    total_timesteps      | 450560      |
| train/                  |             |
|    approx_kl            | 0.020820137 |
|    clip_fraction        | 0.268       |
|    clip_range           | 0.2         |
|    entropy_loss         | -15.8       |
|    explained_variance   | 0.857       |
|    learning_rate        | 0.0003      |
|    loss                 | 0.704       |
|    n_updates            | 2190        |
|    policy_gradient_loss | -0.00988    |
|    std                  | 0.908       |
|    value_loss           | 2.83        |
-----------------------------------------
-----------------------------------------
| rollout/                |             |
|    ep_len_mean          | 8.93e+03    |
|    ep_rew_mean          | -681        |
| time/                   |             |
|    fps                  | 387         |
|    iterations           | 221         |
|    time_elapsed         | 1169        |
|    total_timesteps      | 452608      |
| train/                  |             |
|    approx_kl            | 0.026348155 |
|    clip_fraction        | 0.303       |
|    clip_range           | 0.2         |
|    entropy_loss         | -15.8       |
|    explained_variance   | 0.968       |
|    learning_rate        | 0.0003      |
|    loss                 | 0.936       |
|    n_updates            | 2200        |
|    policy_gradient_loss | -0.0126     |
|    std                  | 0.905       |
|    value_loss           | 2.05        |
-----------------------------------------
-----------------------------------------
| rollout/                |             |
|    ep_len_mean          | 8.93e+03    |
|    ep_rew_mean          | -681        |
| time/                   |             |
|    fps                  | 387         |
|    iterations           | 222         |
|    time_elapsed         | 1173        |
|    total_timesteps      | 454656      |
| train/                  |             |
|    approx_kl            | 0.026794342 |
|    clip_fraction        | 0.308       |
|    clip_range           | 0.2         |
|    entropy_loss         | -15.7       |
|    explained_variance   | 0.962       |
|    learning_rate        | 0.0003      |
|    loss                 | 0.503       |
|    n_updates            | 2210        |
|    policy_gradient_loss | -0.0109     |
|    std                  | 0.9         |
|    value_loss           | 1.9         |
-----------------------------------------
-----------------------------------------
| rollout/                |             |
|    ep_len_mean          | 8.93e+03    |
|    ep_rew_mean          | -681        |
| time/                   |             |
|    fps                  | 387         |
|    iterations           | 223         |
|    time_elapsed         | 1177        |
|    total_timesteps      | 456704      |
| train/                  |             |
|    approx_kl            | 0.037485443 |
|    clip_fraction        | 0.259       |
|    clip_range           | 0.2         |
|    entropy_loss         | -15.7       |
|    explained_variance   | 0.964       |
|    learning_rate        | 0.0003      |
|    loss                 | 0.502       |
|    n_updates            | 2220        |
|    policy_gradient_loss | -0.0101     |
|    std                  | 0.9         |
|    value_loss           | 2.15        |
-----------------------------------------
-----------------------------------------
| rollout/                |             |
|    ep_len_mean          | 8.93e+03    |
|    ep_rew_mean          | -681        |
| time/                   |             |
|    fps                  | 388         |
|    iterations           | 224         |
|    time_elapsed         | 1181        |
|    total_timesteps      | 458752      |
| train/                  |             |
|    approx_kl            | 0.018028606 |
|    clip_fraction        | 0.225       |
|    clip_range           | 0.2         |
|    entropy_loss         | -15.7       |
|    explained_variance   | 0.401       |
|    learning_rate        | 0.0003      |
|    loss                 | 18.3        |
|    n_updates            | 2230        |
|    policy_gradient_loss | -0.00473    |
|    std                  | 0.899       |
|    value_loss           | 42.1        |
-----------------------------------------
-----------------------------------------
| rollout/                |             |
|    ep_len_mean          | 8.93e+03    |
|    ep_rew_mean          | -681        |
| time/                   |             |
|    fps                  | 388         |
|    iterations           | 225         |
|    time_elapsed         | 1186        |
|    total_timesteps      | 460800      |
| train/                  |             |
|    approx_kl            | 0.031839415 |
|    clip_fraction        | 0.309       |
|    clip_range           | 0.2         |
|    entropy_loss         | -15.7       |
|    explained_variance   | 0.939       |
|    learning_rate        | 0.0003      |
|    loss                 | 0.716       |
|    n_updates            | 2240        |
|    policy_gradient_loss | -0.0117     |
|    std                  | 0.9         |
|    value_loss           | 1.75        |
-----------------------------------------
----------------------------------------
| rollout/                |            |
|    ep_len_mean          | 8.93e+03   |
|    ep_rew_mean          | -681       |
| time/                   |            |
|    fps                  | 388        |
|    iterations           | 226        |
|    time_elapsed         | 1190       |
|    total_timesteps      | 462848     |
| train/                  |            |
|    approx_kl            | 0.02858804 |
|    clip_fraction        | 0.293      |
|    clip_range           | 0.2        |
|    entropy_loss         | -15.7      |
|    explained_variance   | 0.956      |
|    learning_rate        | 0.0003     |
|    loss                 | 0.511      |
|    n_updates            | 2250       |
|    policy_gradient_loss | -0.00914   |
|    std                  | 0.899      |
|    value_loss           | 1.76       |
----------------------------------------
-----------------------------------------
| rollout/                |             |
|    ep_len_mean          | 8.93e+03    |
|    ep_rew_mean          | -680        |
| time/                   |             |
|    fps                  | 388         |
|    iterations           | 227         |
|    time_elapsed         | 1195        |
|    total_timesteps      | 464896      |
| train/                  |             |
|    approx_kl            | 0.026348058 |
|    clip_fraction        | 0.263       |
|    clip_range           | 0.2         |
|    entropy_loss         | -15.7       |
|    explained_variance   | 0.971       |
|    learning_rate        | 0.0003      |
|    loss                 | 0.809       |
|    n_updates            | 2260        |
|    policy_gradient_loss | -0.0103     |
|    std                  | 0.895       |
|    value_loss           | 1.86        |
-----------------------------------------
-----------------------------------------
| rollout/                |             |
|    ep_len_mean          | 8.93e+03    |
|    ep_rew_mean          | -680        |
| time/                   |             |
|    fps                  | 389         |
|    iterations           | 228         |
|    time_elapsed         | 1199        |
|    total_timesteps      | 466944      |
| train/                  |             |
|    approx_kl            | 0.015217218 |
|    clip_fraction        | 0.221       |
|    clip_range           | 0.2         |
|    entropy_loss         | -15.6       |
|    explained_variance   | 0.379       |
|    learning_rate        | 0.0003      |
|    loss                 | 0.983       |
|    n_updates            | 2270        |
|    policy_gradient_loss | -0.00395    |
|    std                  | 0.893       |
|    value_loss           | 37.8        |
-----------------------------------------
-----------------------------------------
| rollout/                |             |
|    ep_len_mean          | 8.93e+03    |
|    ep_rew_mean          | -680        |
| time/                   |             |
|    fps                  | 389         |
|    iterations           | 229         |
|    time_elapsed         | 1204        |
|    total_timesteps      | 468992      |
| train/                  |             |
|    approx_kl            | 0.025185283 |
|    clip_fraction        | 0.289       |
|    clip_range           | 0.2         |
|    entropy_loss         | -15.6       |
|    explained_variance   | 0.832       |
|    learning_rate        | 0.0003      |
|    loss                 | 0.526       |
|    n_updates            | 2280        |
|    policy_gradient_loss | -0.00886    |
|    std                  | 0.892       |
|    value_loss           | 4.73        |
-----------------------------------------
-----------------------------------------
| rollout/                |             |
|    ep_len_mean          | 8.93e+03    |
|    ep_rew_mean          | -680        |
| time/                   |             |
|    fps                  | 389         |
|    iterations           | 230         |
|    time_elapsed         | 1208        |
|    total_timesteps      | 471040      |
| train/                  |             |
|    approx_kl            | 0.021053627 |
|    clip_fraction        | 0.265       |
|    clip_range           | 0.2         |
|    entropy_loss         | -15.6       |
|    explained_variance   | 0.87        |
|    learning_rate        | 0.0003      |
|    loss                 | 0.593       |
|    n_updates            | 2290        |
|    policy_gradient_loss | -0.0124     |
|    std                  | 0.895       |
|    value_loss           | 2.83        |
-----------------------------------------
-----------------------------------------
| rollout/                |             |
|    ep_len_mean          | 8.93e+03    |
|    ep_rew_mean          | -680        |
| time/                   |             |
|    fps                  | 390         |
|    iterations           | 231         |
|    time_elapsed         | 1212        |
|    total_timesteps      | 473088      |
| train/                  |             |
|    approx_kl            | 0.022255544 |
|    clip_fraction        | 0.272       |
|    clip_range           | 0.2         |
|    entropy_loss         | -15.6       |
|    explained_variance   | 0.955       |
|    learning_rate        | 0.0003      |
|    loss                 | 0.727       |
|    n_updates            | 2300        |
|    policy_gradient_loss | -0.0103     |
|    std                  | 0.893       |
|    value_loss           | 2.19        |
-----------------------------------------
-----------------------------------------
| rollout/                |             |
|    ep_len_mean          | 8.93e+03    |
|    ep_rew_mean          | -680        |
| time/                   |             |
|    fps                  | 390         |
|    iterations           | 232         |
|    time_elapsed         | 1216        |
|    total_timesteps      | 475136      |
| train/                  |             |
|    approx_kl            | 0.027672678 |
|    clip_fraction        | 0.321       |
|    clip_range           | 0.2         |
|    entropy_loss         | -15.6       |
|    explained_variance   | 0.98        |
|    learning_rate        | 0.0003      |
|    loss                 | 0.575       |
|    n_updates            | 2310        |
|    policy_gradient_loss | -0.0108     |
|    std                  | 0.895       |
|    value_loss           | 1.68        |
-----------------------------------------
-----------------------------------------
| rollout/                |             |
|    ep_len_mean          | 8.93e+03    |
|    ep_rew_mean          | -680        |
| time/                   |             |
|    fps                  | 390         |
|    iterations           | 233         |
|    time_elapsed         | 1221        |
|    total_timesteps      | 477184      |
| train/                  |             |
|    approx_kl            | 0.015575147 |
|    clip_fraction        | 0.172       |
|    clip_range           | 0.2         |
|    entropy_loss         | -15.6       |
|    explained_variance   | 0.268       |
|    learning_rate        | 0.0003      |
|    loss                 | 28.9        |
|    n_updates            | 2320        |
|    policy_gradient_loss | -0.00573    |
|    std                  | 0.894       |
|    value_loss           | 48.8        |
-----------------------------------------
-----------------------------------------
| rollout/                |             |
|    ep_len_mean          | 8.93e+03    |
|    ep_rew_mean          | -680        |
| time/                   |             |
|    fps                  | 391         |
|    iterations           | 234         |
|    time_elapsed         | 1225        |
|    total_timesteps      | 479232      |
| train/                  |             |
|    approx_kl            | 0.023520097 |
|    clip_fraction        | 0.275       |
|    clip_range           | 0.2         |
|    entropy_loss         | -15.6       |
|    explained_variance   | 0.956       |
|    learning_rate        | 0.0003      |
|    loss                 | 1.04        |
|    n_updates            | 2330        |
|    policy_gradient_loss | -0.00913    |
|    std                  | 0.893       |
|    value_loss           | 2.89        |
-----------------------------------------
-----------------------------------------
| rollout/                |             |
|    ep_len_mean          | 8.93e+03    |
|    ep_rew_mean          | -680        |
| time/                   |             |
|    fps                  | 391         |
|    iterations           | 235         |
|    time_elapsed         | 1229        |
|    total_timesteps      | 481280      |
| train/                  |             |
|    approx_kl            | 0.024425415 |
|    clip_fraction        | 0.27        |
|    clip_range           | 0.2         |
|    entropy_loss         | -15.6       |
|    explained_variance   | 0.958       |
|    learning_rate        | 0.0003      |
|    loss                 | 0.857       |
|    n_updates            | 2340        |
|    policy_gradient_loss | -0.0164     |
|    std                  | 0.892       |
|    value_loss           | 2.12        |
-----------------------------------------
----------------------------------------
| rollout/                |            |
|    ep_len_mean          | 8.93e+03   |
|    ep_rew_mean          | -680       |
| time/                   |            |
|    fps                  | 391        |
|    iterations           | 236        |
|    time_elapsed         | 1234       |
|    total_timesteps      | 483328     |
| train/                  |            |
|    approx_kl            | 0.03417494 |
|    clip_fraction        | 0.283      |
|    clip_range           | 0.2        |
|    entropy_loss         | -15.6      |
|    explained_variance   | 0.954      |
|    learning_rate        | 0.0003     |
|    loss                 | 1.27       |
|    n_updates            | 2350       |
|    policy_gradient_loss | -0.0126    |
|    std                  | 0.892      |
|    value_loss           | 2.49       |
----------------------------------------
-----------------------------------------
| rollout/                |             |
|    ep_len_mean          | 8.93e+03    |
|    ep_rew_mean          | -680        |
| time/                   |             |
|    fps                  | 391         |
|    iterations           | 237         |
|    time_elapsed         | 1238        |
|    total_timesteps      | 485376      |
| train/                  |             |
|    approx_kl            | 0.016675381 |
|    clip_fraction        | 0.176       |
|    clip_range           | 0.2         |
|    entropy_loss         | -15.6       |
|    explained_variance   | 0.495       |
|    learning_rate        | 0.0003      |
|    loss                 | 1.38        |
|    n_updates            | 2360        |
|    policy_gradient_loss | -0.00561    |
|    std                  | 0.892       |
|    value_loss           | 43.2        |
-----------------------------------------
-----------------------------------------
| rollout/                |             |
|    ep_len_mean          | 8.93e+03    |
|    ep_rew_mean          | -680        |
| time/                   |             |
|    fps                  | 392         |
|    iterations           | 238         |
|    time_elapsed         | 1242        |
|    total_timesteps      | 487424      |
| train/                  |             |
|    approx_kl            | 0.025342165 |
|    clip_fraction        | 0.262       |
|    clip_range           | 0.2         |
|    entropy_loss         | -15.6       |
|    explained_variance   | 0.948       |
|    learning_rate        | 0.0003      |
|    loss                 | 0.822       |
|    n_updates            | 2370        |
|    policy_gradient_loss | -0.0105     |
|    std                  | 0.893       |
|    value_loss           | 2.87        |
-----------------------------------------
-----------------------------------------
| rollout/                |             |
|    ep_len_mean          | 8.93e+03    |
|    ep_rew_mean          | -680        |
| time/                   |             |
|    fps                  | 392         |
|    iterations           | 239         |
|    time_elapsed         | 1246        |
|    total_timesteps      | 489472      |
| train/                  |             |
|    approx_kl            | 0.025633238 |
|    clip_fraction        | 0.278       |
|    clip_range           | 0.2         |
|    entropy_loss         | -15.6       |
|    explained_variance   | 0.923       |
|    learning_rate        | 0.0003      |
|    loss                 | 0.847       |
|    n_updates            | 2380        |
|    policy_gradient_loss | -0.0113     |
|    std                  | 0.893       |
|    value_loss           | 2.71        |
-----------------------------------------
-----------------------------------------
| rollout/                |             |
|    ep_len_mean          | 8.93e+03    |
|    ep_rew_mean          | -681        |
| time/                   |             |
|    fps                  | 393         |
|    iterations           | 240         |
|    time_elapsed         | 1249        |
|    total_timesteps      | 491520      |
| train/                  |             |
|    approx_kl            | 0.019606497 |
|    clip_fraction        | 0.255       |
|    clip_range           | 0.2         |
|    entropy_loss         | -15.6       |
|    explained_variance   | 0.962       |
|    learning_rate        | 0.0003      |
|    loss                 | 0.585       |
|    n_updates            | 2390        |
|    policy_gradient_loss | -0.0116     |
|    std                  | 0.895       |
|    value_loss           | 2.19        |
-----------------------------------------
-----------------------------------------
| rollout/                |             |
|    ep_len_mean          | 8.93e+03    |
|    ep_rew_mean          | -681        |
| time/                   |             |
|    fps                  | 394         |
|    iterations           | 241         |
|    time_elapsed         | 1252        |
|    total_timesteps      | 493568      |
| train/                  |             |
|    approx_kl            | 0.018417913 |
|    clip_fraction        | 0.211       |
|    clip_range           | 0.2         |
|    entropy_loss         | -15.6       |
|    explained_variance   | 0.616       |
|    learning_rate        | 0.0003      |
|    loss                 | 1.25        |
|    n_updates            | 2400        |
|    policy_gradient_loss | -0.00597    |
|    std                  | 0.895       |
|    value_loss           | 45.3        |
-----------------------------------------
-----------------------------------------
| rollout/                |             |
|    ep_len_mean          | 8.93e+03    |
|    ep_rew_mean          | -681        |
| time/                   |             |
|    fps                  | 394         |
|    iterations           | 242         |
|    time_elapsed         | 1255        |
|    total_timesteps      | 495616      |
| train/                  |             |
|    approx_kl            | 0.023352612 |
|    clip_fraction        | 0.344       |
|    clip_range           | 0.2         |
|    entropy_loss         | -15.7       |
|    explained_variance   | 0.951       |
|    learning_rate        | 0.0003      |
|    loss                 | 0.356       |
|    n_updates            | 2410        |
|    policy_gradient_loss | -0.00612    |
|    std                  | 0.898       |
|    value_loss           | 2.21        |
-----------------------------------------
-----------------------------------------
| rollout/                |             |
|    ep_len_mean          | 8.93e+03    |
|    ep_rew_mean          | -681        |
| time/                   |             |
|    fps                  | 395         |
|    iterations           | 243         |
|    time_elapsed         | 1258        |
|    total_timesteps      | 497664      |
| train/                  |             |
|    approx_kl            | 0.023454774 |
|    clip_fraction        | 0.311       |
|    clip_range           | 0.2         |
|    entropy_loss         | -15.7       |
|    explained_variance   | 0.929       |
|    learning_rate        | 0.0003      |
|    loss                 | 0.729       |
|    n_updates            | 2420        |
|    policy_gradient_loss | -0.01       |
|    std                  | 0.898       |
|    value_loss           | 2.61        |
-----------------------------------------
-----------------------------------------
| rollout/                |             |
|    ep_len_mean          | 8.93e+03    |
|    ep_rew_mean          | -681        |
| time/                   |             |
|    fps                  | 396         |
|    iterations           | 244         |
|    time_elapsed         | 1260        |
|    total_timesteps      | 499712      |
| train/                  |             |
|    approx_kl            | 0.027006485 |
|    clip_fraction        | 0.271       |
|    clip_range           | 0.2         |
|    entropy_loss         | -15.7       |
|    explained_variance   | 0.967       |
|    learning_rate        | 0.0003      |
|    loss                 | 0.629       |
|    n_updates            | 2430        |
|    policy_gradient_loss | -0.0116     |
|    std                  | 0.895       |
|    value_loss           | 2.33        |
-----------------------------------------
-----------------------------------------
| rollout/                |             |
|    ep_len_mean          | 8.93e+03    |
|    ep_rew_mean          | -681        |
| time/                   |             |
|    fps                  | 397         |
|    iterations           | 245         |
|    time_elapsed         | 1263        |
|    total_timesteps      | 501760      |
| train/                  |             |
|    approx_kl            | 0.046627726 |
|    clip_fraction        | 0.319       |
|    clip_range           | 0.2         |
|    entropy_loss         | -15.6       |
|    explained_variance   | 0.983       |
|    learning_rate        | 0.0003      |
|    loss                 | 0.491       |
|    n_updates            | 2440        |
|    policy_gradient_loss | -0.0131     |
|    std                  | 0.894       |
|    value_loss           | 1.68        |
-----------------------------------------

Model saved to C:\Users\jagal\copilot-worktrees\dc-energy-joint-optimization\jagal-microsoft-literate-umbrella\models\oof_v2_2025\_tmp\eh_to_ad_global_batch_s109_e387dd63e2fd40e38496d8ae3a430142\ppo_global_model_eh_v2_2025_batch_completion_guard
