# eh_to_ad:global_spatial:s101
# job: {"alpha": 0.015, "baseline_scope": {"batch_no_deferral_ablation": "Drain Immediately", "excluded_from_headline": "DQN/CFWS and algorithm-superiority tests", "headroom_only": "clairvoyant fluid QP lower bound", "primary": "Status Quo (local, no deferral)", "routing_sanity": "Round Robin"}, "batch": false, "completion_penalty": null, "config": "global_spatial", "domain_randomization": true, "enforce_batch_completion": false, "fold": "eh_to_ad", "gamma": 1.0, "job_fingerprint": "d95e92180d15cdd61b66748a6df4fc949b33835ad868b8fedbca744af9691c93", "protocol_sha256": "db21076d691ed2d29ceeac798ebc075fb6b60ff4851959d58d8a5a70deaf3317", "region": "global", "seed": 101, "test_scenario": "env/scenarios/global_model_v2_2025.yaml", "timesteps": 501760, "train_scenario": "env/scenarios/global_model_eh_v2_2025.yaml"}
# command: C:\Python314\python.exe train.py --scenario C:\Users\jagal\copilot-worktrees\dc-energy-joint-optimization\jagal-microsoft-literate-umbrella\env\scenarios\global_model_eh_v2_2025.yaml --timesteps 501760 --lr 0.0003 --n-steps 2048 --batch-size 64 --net-arch 128 128 --peak-penalty-weight 0.015 --seed 101 --output-dir C:\Users\jagal\copilot-worktrees\dc-energy-joint-optimization\jagal-microsoft-literate-umbrella\models\oof_v2_2025\_tmp\eh_to_ad_global_spatial_s101_3421d76ade904f8994335ed0eb3fb7ec --domain-rand --gamma 1.0
# started: 2026-08-06T04:40:58.056863+00:00

=== Training PPO on scenario: global_model_eh_v2_2025 ===
Observation space: Box(-inf, inf, (42,), float32)
Action space: Box(-3.0, 3.0, (4,), float32)
Number of DCs: 4
Max steps per episode: 8928
Gamma: 1.0
Using cpu device
Wrapping the env with a `Monitor` wrapper
Wrapping the env in a DummyVecEnv.

Training for 501760 timesteps...
-----------------------------
| time/              |      |
|    fps             | 664  |
|    iterations      | 1    |
|    time_elapsed    | 3    |
|    total_timesteps | 2048 |
-----------------------------
------------------------------------------
| time/                   |              |
|    fps                  | 486          |
|    iterations           | 2            |
|    time_elapsed         | 8            |
|    total_timesteps      | 4096         |
| train/                  |              |
|    approx_kl            | 0.0011077531 |
|    clip_fraction        | 0            |
|    clip_range           | 0.2          |
|    entropy_loss         | -5.67        |
|    explained_variance   | 3.64e-06     |
|    learning_rate        | 0.0003       |
|    loss                 | 8.33e+07     |
|    n_updates            | 10           |
|    policy_gradient_loss | -0.00146     |
|    std                  | 1            |
|    value_loss           | 1.64e+08     |
------------------------------------------
-------------------------------------------
| time/                   |               |
|    fps                  | 471           |
|    iterations           | 3             |
|    time_elapsed         | 13            |
|    total_timesteps      | 6144          |
| train/                  |               |
|    approx_kl            | 0.00040209014 |
|    clip_fraction        | 0             |
|    clip_range           | 0.2           |
|    entropy_loss         | -5.67         |
|    explained_variance   | 2.38e-07      |
|    learning_rate        | 0.0003        |
|    loss                 | 1.4e+08       |
|    n_updates            | 20            |
|    policy_gradient_loss | -0.000742     |
|    std                  | 0.999         |
|    value_loss           | 2.65e+08      |
-------------------------------------------
------------------------------------------
| time/                   |              |
|    fps                  | 471          |
|    iterations           | 4            |
|    time_elapsed         | 17           |
|    total_timesteps      | 8192         |
| train/                  |              |
|    approx_kl            | 0.0025370116 |
|    clip_fraction        | 0.00122      |
|    clip_range           | 0.2          |
|    entropy_loss         | -5.67        |
|    explained_variance   | 6.56e-07     |
|    learning_rate        | 0.0003       |
|    loss                 | 7.22e+07     |
|    n_updates            | 30           |
|    policy_gradient_loss | -0.003       |
|    std                  | 0.998        |
|    value_loss           | 1.59e+08     |
------------------------------------------
-------------------------------------------
| rollout/                |               |
|    ep_len_mean          | 8.93e+03      |
|    ep_rew_mean          | -6.34e+06     |
| time/                   |               |
|    fps                  | 465           |
|    iterations           | 5             |
|    time_elapsed         | 21            |
|    total_timesteps      | 10240         |
| train/                  |               |
|    approx_kl            | 0.00051446434 |
|    clip_fraction        | 0             |
|    clip_range           | 0.2           |
|    entropy_loss         | -5.67         |
|    explained_variance   | 1.79e-07      |
|    learning_rate        | 0.0003        |
|    loss                 | 8.99e+07      |
|    n_updates            | 40            |
|    policy_gradient_loss | -0.000611     |
|    std                  | 0.999         |
|    value_loss           | 1.88e+08      |
-------------------------------------------
-------------------------------------------
| rollout/                |               |
|    ep_len_mean          | 8.93e+03      |
|    ep_rew_mean          | -6.34e+06     |
| time/                   |               |
|    fps                  | 454           |
|    iterations           | 6             |
|    time_elapsed         | 27            |
|    total_timesteps      | 12288         |
| train/                  |               |
|    approx_kl            | 0.00035091102 |
|    clip_fraction        | 0             |
|    clip_range           | 0.2           |
|    entropy_loss         | -5.67         |
|    explained_variance   | 4.77e-07      |
|    learning_rate        | 0.0003        |
|    loss                 | 1.17e+08      |
|    n_updates            | 50            |
|    policy_gradient_loss | -0.000589     |
|    std                  | 0.998         |
|    value_loss           | 2.57e+08      |
-------------------------------------------
-------------------------------------------
| rollout/                |               |
|    ep_len_mean          | 8.93e+03      |
|    ep_rew_mean          | -6.34e+06     |
| time/                   |               |
|    fps                  | 445           |
|    iterations           | 7             |
|    time_elapsed         | 32            |
|    total_timesteps      | 14336         |
| train/                  |               |
|    approx_kl            | 0.00034354828 |
|    clip_fraction        | 0             |
|    clip_range           | 0.2           |
|    entropy_loss         | -5.67         |
|    explained_variance   | 1.79e-07      |
|    learning_rate        | 0.0003        |
|    loss                 | 1.35e+08      |
|    n_updates            | 60            |
|    policy_gradient_loss | -0.000552     |
|    std                  | 0.998         |
|    value_loss           | 2.72e+08      |
-------------------------------------------
-------------------------------------------
| rollout/                |               |
|    ep_len_mean          | 8.93e+03      |
|    ep_rew_mean          | -6.34e+06     |
| time/                   |               |
|    fps                  | 447           |
|    iterations           | 8             |
|    time_elapsed         | 36            |
|    total_timesteps      | 16384         |
| train/                  |               |
|    approx_kl            | 0.00082304014 |
|    clip_fraction        | 0             |
|    clip_range           | 0.2           |
|    entropy_loss         | -5.67         |
|    explained_variance   | 0             |
|    learning_rate        | 0.0003        |
|    loss                 | 6.82e+07      |
|    n_updates            | 70            |
|    policy_gradient_loss | -0.00107      |
|    std                  | 0.997         |
|    value_loss           | 1.25e+08      |
-------------------------------------------
-------------------------------------------
| rollout/                |               |
|    ep_len_mean          | 8.93e+03      |
|    ep_rew_mean          | -6.25e+06     |
| time/                   |               |
|    fps                  | 447           |
|    iterations           | 9             |
|    time_elapsed         | 41            |
|    total_timesteps      | 18432         |
| train/                  |               |
|    approx_kl            | 0.00033411582 |
|    clip_fraction        | 0             |
|    clip_range           | 0.2           |
|    entropy_loss         | -5.66         |
|    explained_variance   | 0             |
|    learning_rate        | 0.0003        |
|    loss                 | 7.91e+07      |
|    n_updates            | 80            |
|    policy_gradient_loss | -0.000545     |
|    std                  | 0.997         |
|    value_loss           | 1.59e+08      |
-------------------------------------------
-------------------------------------------
| rollout/                |               |
|    ep_len_mean          | 8.93e+03      |
|    ep_rew_mean          | -6.25e+06     |
| time/                   |               |
|    fps                  | 447           |
|    iterations           | 10            |
|    time_elapsed         | 45            |
|    total_timesteps      | 20480         |
| train/                  |               |
|    approx_kl            | 0.00029546508 |
|    clip_fraction        | 0             |
|    clip_range           | 0.2           |
|    entropy_loss         | -5.66         |
|    explained_variance   | 1.79e-07      |
|    learning_rate        | 0.0003        |
|    loss                 | 1.56e+08      |
|    n_updates            | 90            |
|    policy_gradient_loss | -0.00056      |
|    std                  | 0.997         |
|    value_loss           | 3.03e+08      |
-------------------------------------------
-----------------------------------------
| rollout/                |             |
|    ep_len_mean          | 8.93e+03    |
|    ep_rew_mean          | -6.25e+06   |
| time/                   |             |
|    fps                  | 447         |
|    iterations           | 11          |
|    time_elapsed         | 50          |
|    total_timesteps      | 22528       |
| train/                  |             |
|    approx_kl            | 0.000569613 |
|    clip_fraction        | 0           |
|    clip_range           | 0.2         |
|    entropy_loss         | -5.66       |
|    explained_variance   | 0           |
|    learning_rate        | 0.0003      |
|    loss                 | 1.14e+08    |
|    n_updates            | 100         |
|    policy_gradient_loss | -0.000956   |
|    std                  | 0.997       |
|    value_loss           | 2.4e+08     |
-----------------------------------------
------------------------------------------
| rollout/                |              |
|    ep_len_mean          | 8.93e+03     |
|    ep_rew_mean          | -6.25e+06    |
| time/                   |              |
|    fps                  | 446          |
|    iterations           | 12           |
|    time_elapsed         | 55           |
|    total_timesteps      | 24576        |
| train/                  |              |
|    approx_kl            | 0.0017238968 |
|    clip_fraction        | 0.000244     |
|    clip_range           | 0.2          |
|    entropy_loss         | -5.66        |
|    explained_variance   | 0            |
|    learning_rate        | 0.0003       |
|    loss                 | 9.4e+07      |
|    n_updates            | 110          |
|    policy_gradient_loss | -0.00242     |
|    std                  | 0.997        |
|    value_loss           | 2.04e+08     |
------------------------------------------
-------------------------------------------
| rollout/                |               |
|    ep_len_mean          | 8.93e+03      |
|    ep_rew_mean          | -6.25e+06     |
| time/                   |               |
|    fps                  | 447           |
|    iterations           | 13            |
|    time_elapsed         | 59            |
|    total_timesteps      | 26624         |
| train/                  |               |
|    approx_kl            | 0.00027773014 |
|    clip_fraction        | 0             |
|    clip_range           | 0.2           |
|    entropy_loss         | -5.66         |
|    explained_variance   | -1.19e-07     |
|    learning_rate        | 0.0003        |
|    loss                 | 8.29e+07      |
|    n_updates            | 120           |
|    policy_gradient_loss | -0.000484     |
|    std                  | 0.997         |
|    value_loss           | 1.5e+08       |
-------------------------------------------
-------------------------------------------
| rollout/                |               |
|    ep_len_mean          | 8.93e+03      |
|    ep_rew_mean          | -6.29e+06     |
| time/                   |               |
|    fps                  | 447           |
|    iterations           | 14            |
|    time_elapsed         | 64            |
|    total_timesteps      | 28672         |
| train/                  |               |
|    approx_kl            | 6.3021056e-05 |
|    clip_fraction        | 0             |
|    clip_range           | 0.2           |
|    entropy_loss         | -5.66         |
|    explained_variance   | 0             |
|    learning_rate        | 0.0003        |
|    loss                 | 1.66e+08      |
|    n_updates            | 130           |
|    policy_gradient_loss | -0.000187     |
|    std                  | 0.996         |
|    value_loss           | 2.92e+08      |
-------------------------------------------
-----------------------------------------
| rollout/                |             |
|    ep_len_mean          | 8.93e+03    |
|    ep_rew_mean          | -6.29e+06   |
| time/                   |             |
|    fps                  | 448         |
|    iterations           | 15          |
|    time_elapsed         | 68          |
|    total_timesteps      | 30720       |
| train/                  |             |
|    approx_kl            | 0.001102562 |
|    clip_fraction        | 0           |
|    clip_range           | 0.2         |
|    entropy_loss         | -5.66       |
|    explained_variance   | 0           |
|    learning_rate        | 0.0003      |
|    loss                 | 8.94e+07    |
|    n_updates            | 140         |
|    policy_gradient_loss | -0.0015     |
|    std                  | 0.997       |
|    value_loss           | 1.66e+08    |
-----------------------------------------
-------------------------------------------
| rollout/                |               |
|    ep_len_mean          | 8.93e+03      |
|    ep_rew_mean          | -6.29e+06     |
| time/                   |               |
|    fps                  | 446           |
|    iterations           | 16            |
|    time_elapsed         | 73            |
|    total_timesteps      | 32768         |
| train/                  |               |
|    approx_kl            | 0.00079111033 |
|    clip_fraction        | 0             |
|    clip_range           | 0.2           |
|    entropy_loss         | -5.66         |
|    explained_variance   | -1.19e-07     |
|    learning_rate        | 0.0003        |
|    loss                 | 1.33e+08      |
|    n_updates            | 150           |
|    policy_gradient_loss | -0.00128      |
|    std                  | 0.997         |
|    value_loss           | 2.55e+08      |
-------------------------------------------
------------------------------------------
| rollout/                |              |
|    ep_len_mean          | 8.93e+03     |
|    ep_rew_mean          | -6.29e+06    |
| time/                   |              |
|    fps                  | 442          |
|    iterations           | 17           |
|    time_elapsed         | 78           |
|    total_timesteps      | 34816        |
| train/                  |              |
|    approx_kl            | 0.0018845916 |
|    clip_fraction        | 9.77e-05     |
|    clip_range           | 0.2          |
|    entropy_loss         | -5.67        |
|    explained_variance   | -1.19e-07    |
|    learning_rate        | 0.0003       |
|    loss                 | 6.78e+07     |
|    n_updates            | 160          |
|    policy_gradient_loss | -0.00216     |
|    std                  | 0.998        |
|    value_loss           | 1.47e+08     |
------------------------------------------
-----------------------------------------
| rollout/                |             |
|    ep_len_mean          | 8.93e+03    |
|    ep_rew_mean          | -6.26e+06   |
| time/                   |             |
|    fps                  | 436         |
|    iterations           | 18          |
|    time_elapsed         | 84          |
|    total_timesteps      | 36864       |
| train/                  |             |
|    approx_kl            | 0.000663397 |
|    clip_fraction        | 0           |
|    clip_range           | 0.2         |
|    entropy_loss         | -5.67       |
|    explained_variance   | -1.19e-07   |
|    learning_rate        | 0.0003      |
|    loss                 | 9.04e+07    |
|    n_updates            | 170         |
|    policy_gradient_loss | -0.000873   |
|    std                  | 0.997       |
|    value_loss           | 1.73e+08    |
-----------------------------------------
-----------------------------------------
| rollout/                |             |
|    ep_len_mean          | 8.93e+03    |
|    ep_rew_mean          | -6.26e+06   |
| time/                   |             |
|    fps                  | 434         |
|    iterations           | 19          |
|    time_elapsed         | 89          |
|    total_timesteps      | 38912       |
| train/                  |             |
|    approx_kl            | 0.000321348 |
|    clip_fraction        | 0           |
|    clip_range           | 0.2         |
|    entropy_loss         | -5.67       |
|    explained_variance   | 0           |
|    learning_rate        | 0.0003      |
|    loss                 | 1.13e+08    |
|    n_updates            | 180         |
|    policy_gradient_loss | -0.000636   |
|    std                  | 0.997       |
|    value_loss           | 2.72e+08    |
-----------------------------------------
------------------------------------------
| rollout/                |              |
|    ep_len_mean          | 8.93e+03     |
|    ep_rew_mean          | -6.26e+06    |
| time/                   |              |
|    fps                  | 427          |
|    iterations           | 20           |
|    time_elapsed         | 95           |
|    total_timesteps      | 40960        |
| train/                  |              |
|    approx_kl            | 0.0005533482 |
|    clip_fraction        | 0            |
|    clip_range           | 0.2          |
|    entropy_loss         | -5.67        |
|    explained_variance   | 0            |
|    learning_rate        | 0.0003       |
|    loss                 | 1.72e+08     |
|    n_updates            | 190          |
|    policy_gradient_loss | -0.00108     |
|    std                  | 0.998        |
|    value_loss           | 3.22e+08     |
------------------------------------------
-------------------------------------------
| rollout/                |               |
|    ep_len_mean          | 8.93e+03      |
|    ep_rew_mean          | -6.26e+06     |
| time/                   |               |
|    fps                  | 425           |
|    iterations           | 21            |
|    time_elapsed         | 101           |
|    total_timesteps      | 43008         |
| train/                  |               |
|    approx_kl            | 0.00060977833 |
|    clip_fraction        | 0             |
|    clip_range           | 0.2           |
|    entropy_loss         | -5.67         |
|    explained_variance   | -1.19e-07     |
|    learning_rate        | 0.0003        |
|    loss                 | 7.83e+07      |
|    n_updates            | 200           |
|    policy_gradient_loss | -0.000913     |
|    std                  | 0.997         |
|    value_loss           | 1.65e+08      |
-------------------------------------------
-------------------------------------------
| rollout/                |               |
|    ep_len_mean          | 8.93e+03      |
|    ep_rew_mean          | -6.38e+06     |
| time/                   |               |
|    fps                  | 421           |
|    iterations           | 22            |
|    time_elapsed         | 106           |
|    total_timesteps      | 45056         |
| train/                  |               |
|    approx_kl            | 0.00037681957 |
|    clip_fraction        | 0             |
|    clip_range           | 0.2           |
|    entropy_loss         | -5.66         |
|    explained_variance   | -1.19e-07     |
|    learning_rate        | 0.0003        |
|    loss                 | 1.04e+08      |
|    n_updates            | 210           |
|    policy_gradient_loss | -0.000517     |
|    std                  | 0.997         |
|    value_loss           | 1.88e+08      |
-------------------------------------------
-------------------------------------------
| rollout/                |               |
|    ep_len_mean          | 8.93e+03      |
|    ep_rew_mean          | -6.38e+06     |
| time/                   |               |
|    fps                  | 420           |
|    iterations           | 23            |
|    time_elapsed         | 111           |
|    total_timesteps      | 47104         |
| train/                  |               |
|    approx_kl            | 0.00018648742 |
|    clip_fraction        | 0             |
|    clip_range           | 0.2           |
|    entropy_loss         | -5.67         |
|    explained_variance   | -1.19e-07     |
|    learning_rate        | 0.0003        |
|    loss                 | 1.9e+08       |
|    n_updates            | 220           |
|    policy_gradient_loss | -0.000375     |
|    std                  | 0.998         |
|    value_loss           | 3.74e+08      |
-------------------------------------------
-------------------------------------------
| rollout/                |               |
|    ep_len_mean          | 8.93e+03      |
|    ep_rew_mean          | -6.38e+06     |
| time/                   |               |
|    fps                  | 419           |
|    iterations           | 24            |
|    time_elapsed         | 117           |
|    total_timesteps      | 49152         |
| train/                  |               |
|    approx_kl            | 0.00046929086 |
|    clip_fraction        | 0             |
|    clip_range           | 0.2           |
|    entropy_loss         | -5.67         |
|    explained_variance   | 2.38e-07      |
|    learning_rate        | 0.0003        |
|    loss                 | 1.18e+08      |
|    n_updates            | 230           |
|    policy_gradient_loss | -0.000816     |
|    std                  | 0.997         |
|    value_loss           | 2.31e+08      |
-------------------------------------------
-------------------------------------------
| rollout/                |               |
|    ep_len_mean          | 8.93e+03      |
|    ep_rew_mean          | -6.38e+06     |
| time/                   |               |
|    fps                  | 417           |
|    iterations           | 25            |
|    time_elapsed         | 122           |
|    total_timesteps      | 51200         |
| train/                  |               |
|    approx_kl            | 0.00044353787 |
|    clip_fraction        | 0             |
|    clip_range           | 0.2           |
|    entropy_loss         | -5.66         |
|    explained_variance   | 1.79e-07      |
|    learning_rate        | 0.0003        |
|    loss                 | 1.29e+08      |
|    n_updates            | 240           |
|    policy_gradient_loss | -0.000654     |
|    std                  | 0.997         |
|    value_loss           | 2.49e+08      |
-------------------------------------------
-------------------------------------------
| rollout/                |               |
|    ep_len_mean          | 8.93e+03      |
|    ep_rew_mean          | -6.38e+06     |
| time/                   |               |
|    fps                  | 414           |
|    iterations           | 26            |
|    time_elapsed         | 128           |
|    total_timesteps      | 53248         |
| train/                  |               |
|    approx_kl            | 0.00040678438 |
|    clip_fraction        | 0             |
|    clip_range           | 0.2           |
|    entropy_loss         | -5.66         |
|    explained_variance   | 1.19e-07      |
|    learning_rate        | 0.0003        |
|    loss                 | 8.44e+07      |
|    n_updates            | 250           |
|    policy_gradient_loss | -0.000493     |
|    std                  | 0.997         |
|    value_loss           | 1.61e+08      |
-------------------------------------------
------------------------------------------
| rollout/                |              |
|    ep_len_mean          | 8.93e+03     |
|    ep_rew_mean          | -6.42e+06    |
| time/                   |              |
|    fps                  | 415          |
|    iterations           | 27           |
|    time_elapsed         | 132          |
|    total_timesteps      | 55296        |
| train/                  |              |
|    approx_kl            | 0.0006601619 |
|    clip_fraction        | 0            |
|    clip_range           | 0.2          |
|    entropy_loss         | -5.66        |
|    explained_variance   | 0            |
|    learning_rate        | 0.0003       |
|    loss                 | 1.44e+08     |
|    n_updates            | 260          |
|    policy_gradient_loss | -0.00113     |
|    std                  | 0.997        |
|    value_loss           | 2.83e+08     |
------------------------------------------
-----------------------------------------
| rollout/                |             |
|    ep_len_mean          | 8.93e+03    |
|    ep_rew_mean          | -6.42e+06   |
| time/                   |             |
|    fps                  | 417         |
|    iterations           | 28          |
|    time_elapsed         | 137         |
|    total_timesteps      | 57344       |
| train/                  |             |
|    approx_kl            | 0.000663967 |
|    clip_fraction        | 0           |
|    clip_range           | 0.2         |
|    entropy_loss         | -5.67       |
|    explained_variance   | 0           |
|    learning_rate        | 0.0003      |
|    loss                 | 1.05e+08    |
|    n_updates            | 270         |
|    policy_gradient_loss | -0.00101    |
|    std                  | 0.997       |
|    value_loss           | 2.07e+08    |
-----------------------------------------
-------------------------------------------
| rollout/                |               |
|    ep_len_mean          | 8.93e+03      |
|    ep_rew_mean          | -6.42e+06     |
| time/                   |               |
|    fps                  | 419           |
|    iterations           | 29            |
|    time_elapsed         | 141           |
|    total_timesteps      | 59392         |
| train/                  |               |
|    approx_kl            | 0.00040528525 |
|    clip_fraction        | 0             |
|    clip_range           | 0.2           |
|    entropy_loss         | -5.66         |
|    explained_variance   | -2.38e-07     |
|    learning_rate        | 0.0003        |
|    loss                 | 1.48e+08      |
|    n_updates            | 280           |
|    policy_gradient_loss | -0.000715     |
|    std                  | 0.997         |
|    value_loss           | 2.89e+08      |
-------------------------------------------
-------------------------------------------
| rollout/                |               |
|    ep_len_mean          | 8.93e+03      |
|    ep_rew_mean          | -6.42e+06     |
| time/                   |               |
|    fps                  | 420           |
|    iterations           | 30            |
|    time_elapsed         | 146           |
|    total_timesteps      | 61440         |
| train/                  |               |
|    approx_kl            | 0.00053565914 |
|    clip_fraction        | 0             |
|    clip_range           | 0.2           |
|    entropy_loss         | -5.66         |
|    explained_variance   | -1.19e-07     |
|    learning_rate        | 0.0003        |
|    loss                 | 7.51e+07      |
|    n_updates            | 290           |
|    policy_gradient_loss | -0.000693     |
|    std                  | 0.997         |
|    value_loss           | 1.5e+08       |
-------------------------------------------
-------------------------------------------
| rollout/                |               |
|    ep_len_mean          | 8.93e+03      |
|    ep_rew_mean          | -6.43e+06     |
| time/                   |               |
|    fps                  | 419           |
|    iterations           | 31            |
|    time_elapsed         | 151           |
|    total_timesteps      | 63488         |
| train/                  |               |
|    approx_kl            | 0.00029753236 |
|    clip_fraction        | 0             |
|    clip_range           | 0.2           |
|    entropy_loss         | -5.66         |
|    explained_variance   | 1.79e-07      |
|    learning_rate        | 0.0003        |
|    loss                 | 1.03e+08      |
|    n_updates            | 300           |
|    policy_gradient_loss | -0.000508     |
|    std                  | 0.997         |
|    value_loss           | 1.91e+08      |
-------------------------------------------
-------------------------------------------
| rollout/                |               |
|    ep_len_mean          | 8.93e+03      |
|    ep_rew_mean          | -6.43e+06     |
| time/                   |               |
|    fps                  | 417           |
|    iterations           | 32            |
|    time_elapsed         | 157           |
|    total_timesteps      | 65536         |
| train/                  |               |
|    approx_kl            | 0.00035734347 |
|    clip_fraction        | 0             |
|    clip_range           | 0.2           |
|    entropy_loss         | -5.66         |
|    explained_variance   | 0             |
|    learning_rate        | 0.0003        |
|    loss                 | 1.44e+08      |
|    n_updates            | 310           |
|    policy_gradient_loss | -0.000647     |
|    std                  | 0.996         |
|    value_loss           | 2.94e+08      |
-------------------------------------------
-------------------------------------------
| rollout/                |               |
|    ep_len_mean          | 8.93e+03      |
|    ep_rew_mean          | -6.43e+06     |
| time/                   |               |
|    fps                  | 414           |
|    iterations           | 33            |
|    time_elapsed         | 162           |
|    total_timesteps      | 67584         |
| train/                  |               |
|    approx_kl            | 0.00039996044 |
|    clip_fraction        | 0             |
|    clip_range           | 0.2           |
|    entropy_loss         | -5.66         |
|    explained_variance   | 0             |
|    learning_rate        | 0.0003        |
|    loss                 | 1.36e+08      |
|    n_updates            | 320           |
|    policy_gradient_loss | -0.000655     |
|    std                  | 0.996         |
|    value_loss           | 2.69e+08      |
-------------------------------------------
------------------------------------------
| rollout/                |              |
|    ep_len_mean          | 8.93e+03     |
|    ep_rew_mean          | -6.43e+06    |
| time/                   |              |
|    fps                  | 412          |
|    iterations           | 34           |
|    time_elapsed         | 168          |
|    total_timesteps      | 69632        |
| train/                  |              |
|    approx_kl            | 0.0013723322 |
|    clip_fraction        | 4.88e-05     |
|    clip_range           | 0.2          |
|    entropy_loss         | -5.66        |
|    explained_variance   | -1.19e-07    |
|    learning_rate        | 0.0003       |
|    loss                 | 7.78e+07     |
|    n_updates            | 330          |
|    policy_gradient_loss | -0.00162     |
|    std                  | 0.995        |
|    value_loss           | 1.55e+08     |
------------------------------------------
------------------------------------------
| rollout/                |              |
|    ep_len_mean          | 8.93e+03     |
|    ep_rew_mean          | -6.41e+06    |
| time/                   |              |
|    fps                  | 412          |
|    iterations           | 35           |
|    time_elapsed         | 173          |
|    total_timesteps      | 71680        |
| train/                  |              |
|    approx_kl            | 0.0015192932 |
|    clip_fraction        | 0            |
|    clip_range           | 0.2          |
|    entropy_loss         | -5.66        |
|    explained_variance   | 0            |
|    learning_rate        | 0.0003       |
|    loss                 | 8.72e+07     |
|    n_updates            | 340          |
|    policy_gradient_loss | -0.00189     |
|    std                  | 0.995        |
|    value_loss           | 1.59e+08     |
------------------------------------------
-------------------------------------------
| rollout/                |               |
|    ep_len_mean          | 8.93e+03      |
|    ep_rew_mean          | -6.41e+06     |
| time/                   |               |
|    fps                  | 411           |
|    iterations           | 36            |
|    time_elapsed         | 179           |
|    total_timesteps      | 73728         |
| train/                  |               |
|    approx_kl            | 0.00042311783 |
|    clip_fraction        | 0             |
|    clip_range           | 0.2           |
|    entropy_loss         | -5.65         |
|    explained_variance   | -1.19e-07     |
|    learning_rate        | 0.0003        |
|    loss                 | 1.38e+08      |
|    n_updates            | 350           |
|    policy_gradient_loss | -0.000787     |
|    std                  | 0.995         |
|    value_loss           | 3.24e+08      |
-------------------------------------------
-------------------------------------------
| rollout/                |               |
|    ep_len_mean          | 8.93e+03      |
|    ep_rew_mean          | -6.41e+06     |
| time/                   |               |
|    fps                  | 410           |
|    iterations           | 37            |
|    time_elapsed         | 184           |
|    total_timesteps      | 75776         |
| train/                  |               |
|    approx_kl            | 0.00038651947 |
|    clip_fraction        | 0             |
|    clip_range           | 0.2           |
|    entropy_loss         | -5.65         |
|    explained_variance   | -2.38e-07     |
|    learning_rate        | 0.0003        |
|    loss                 | 9.42e+07      |
|    n_updates            | 360           |
|    policy_gradient_loss | -0.000615     |
|    std                  | 0.995         |
|    value_loss           | 2e+08         |
-------------------------------------------
------------------------------------------
| rollout/                |              |
|    ep_len_mean          | 8.93e+03     |
|    ep_rew_mean          | -6.41e+06    |
| time/                   |              |
|    fps                  | 407          |
|    iterations           | 38           |
|    time_elapsed         | 190          |
|    total_timesteps      | 77824        |
| train/                  |              |
|    approx_kl            | 0.0003193722 |
|    clip_fraction        | 0            |
|    clip_range           | 0.2          |
|    entropy_loss         | -5.65        |
|    explained_variance   | 1.19e-07     |
|    learning_rate        | 0.0003       |
|    loss                 | 1.27e+08     |
|    n_updates            | 370          |
|    policy_gradient_loss | -0.000503    |
|    std                  | 0.995        |
|    value_loss           | 2.64e+08     |
------------------------------------------
------------------------------------------
| rollout/                |              |
|    ep_len_mean          | 8.93e+03     |
|    ep_rew_mean          | -6.41e+06    |
| time/                   |              |
|    fps                  | 406          |
|    iterations           | 39           |
|    time_elapsed         | 196          |
|    total_timesteps      | 79872        |
| train/                  |              |
|    approx_kl            | 0.0007756569 |
|    clip_fraction        | 0            |
|    clip_range           | 0.2          |
|    entropy_loss         | -5.66        |
|    explained_variance   | 0            |
|    learning_rate        | 0.0003       |
|    loss                 | 9.06e+07     |
|    n_updates            | 380          |
|    policy_gradient_loss | -0.00096     |
|    std                  | 0.995        |
|    value_loss           | 1.66e+08     |
------------------------------------------
-------------------------------------------
| rollout/                |               |
|    ep_len_mean          | 8.93e+03      |
|    ep_rew_mean          | -6.43e+06     |
| time/                   |               |
|    fps                  | 405           |
|    iterations           | 40            |
|    time_elapsed         | 202           |
|    total_timesteps      | 81920         |
| train/                  |               |
|    approx_kl            | 0.00070445216 |
|    clip_fraction        | 0             |
|    clip_range           | 0.2           |
|    entropy_loss         | -5.66         |
|    explained_variance   | 1.19e-07      |
|    learning_rate        | 0.0003        |
|    loss                 | 1.16e+08      |
|    n_updates            | 390           |
|    policy_gradient_loss | -0.00101      |
|    std                  | 0.995         |
|    value_loss           | 2.39e+08      |
-------------------------------------------
------------------------------------------
| rollout/                |              |
|    ep_len_mean          | 8.93e+03     |
|    ep_rew_mean          | -6.43e+06    |
| time/                   |              |
|    fps                  | 403          |
|    iterations           | 41           |
|    time_elapsed         | 207          |
|    total_timesteps      | 83968        |
| train/                  |              |
|    approx_kl            | 0.0005211099 |
|    clip_fraction        | 0            |
|    clip_range           | 0.2          |
|    entropy_loss         | -5.66        |
|    explained_variance   | 0            |
|    learning_rate        | 0.0003       |
|    loss                 | 1.2e+08      |
|    n_updates            | 400          |
|    policy_gradient_loss | -0.000865    |
|    std                  | 0.995        |
|    value_loss           | 2.37e+08     |
------------------------------------------
------------------------------------------
| rollout/                |              |
|    ep_len_mean          | 8.93e+03     |
|    ep_rew_mean          | -6.43e+06    |
| time/                   |              |
|    fps                  | 405          |
|    iterations           | 42           |
|    time_elapsed         | 212          |
|    total_timesteps      | 86016        |
| train/                  |              |
|    approx_kl            | 2.014346e-05 |
|    clip_fraction        | 0            |
|    clip_range           | 0.2          |
|    entropy_loss         | -5.66        |
|    explained_variance   | 0            |
|    learning_rate        | 0.0003       |
|    loss                 | 1.41e+08     |
|    n_updates            | 410          |
|    policy_gradient_loss | -9.63e-05    |
|    std                  | 0.996        |
|    value_loss           | 2.82e+08     |
------------------------------------------
-------------------------------------------
| rollout/                |               |
|    ep_len_mean          | 8.93e+03      |
|    ep_rew_mean          | -6.43e+06     |
| time/                   |               |
|    fps                  | 406           |
|    iterations           | 43            |
|    time_elapsed         | 216           |
|    total_timesteps      | 88064         |
| train/                  |               |
|    approx_kl            | 0.00039115717 |
|    clip_fraction        | 0             |
|    clip_range           | 0.2           |
|    entropy_loss         | -5.66         |
|    explained_variance   | 5.96e-08      |
|    learning_rate        | 0.0003        |
|    loss                 | 6.06e+07      |
|    n_updates            | 420           |
|    policy_gradient_loss | -0.000476     |
|    std                  | 0.996         |
|    value_loss           | 1.33e+08      |
-------------------------------------------
------------------------------------------
| rollout/                |              |
|    ep_len_mean          | 8.93e+03     |
|    ep_rew_mean          | -6.42e+06    |
| time/                   |              |
|    fps                  | 407          |
|    iterations           | 44           |
|    time_elapsed         | 220          |
|    total_timesteps      | 90112        |
| train/                  |              |
|    approx_kl            | 0.0007168151 |
|    clip_fraction        | 0            |
|    clip_range           | 0.2          |
|    entropy_loss         | -5.66        |
|    explained_variance   | 0            |
|    learning_rate        | 0.0003       |
|    loss                 | 8.92e+07     |
|    n_updates            | 430          |
|    policy_gradient_loss | -0.00104     |
|    std                  | 0.995        |
|    value_loss           | 1.8e+08      |
------------------------------------------
-------------------------------------------
| rollout/                |               |
|    ep_len_mean          | 8.93e+03      |
|    ep_rew_mean          | -6.42e+06     |
| time/                   |               |
|    fps                  | 409           |
|    iterations           | 45            |
|    time_elapsed         | 225           |
|    total_timesteps      | 92160         |
| train/                  |               |
|    approx_kl            | 4.5408582e-05 |
|    clip_fraction        | 0             |
|    clip_range           | 0.2           |
|    entropy_loss         | -5.65         |
|    explained_variance   | 1.19e-07      |
|    learning_rate        | 0.0003        |
|    loss                 | 1.59e+08      |
|    n_updates            | 440           |
|    policy_gradient_loss | -9.44e-05     |
|    std                  | 0.994         |
|    value_loss           | 3.04e+08      |
-------------------------------------------
-------------------------------------------
| rollout/                |               |
|    ep_len_mean          | 8.93e+03      |
|    ep_rew_mean          | -6.42e+06     |
| time/                   |               |
|    fps                  | 410           |
|    iterations           | 46            |
|    time_elapsed         | 229           |
|    total_timesteps      | 94208         |
| train/                  |               |
|    approx_kl            | 0.00048053727 |
|    clip_fraction        | 0             |
|    clip_range           | 0.2           |
|    entropy_loss         | -5.65         |
|    explained_variance   | 0             |
|    learning_rate        | 0.0003        |
|    loss                 | 1.42e+08      |
|    n_updates            | 450           |
|    policy_gradient_loss | -0.000822     |
|    std                  | 0.994         |
|    value_loss           | 2.83e+08      |
-------------------------------------------
-------------------------------------------
| rollout/                |               |
|    ep_len_mean          | 8.93e+03      |
|    ep_rew_mean          | -6.42e+06     |
| time/                   |               |
|    fps                  | 411           |
|    iterations           | 47            |
|    time_elapsed         | 233           |
|    total_timesteps      | 96256         |
| train/                  |               |
|    approx_kl            | 0.00033249933 |
|    clip_fraction        | 0             |
|    clip_range           | 0.2           |
|    entropy_loss         | -5.65         |
|    explained_variance   | 0             |
|    learning_rate        | 0.0003        |
|    loss                 | 9.07e+07      |
|    n_updates            | 460           |
|    policy_gradient_loss | -0.000501     |
|    std                  | 0.994         |
|    value_loss           | 1.76e+08      |
-------------------------------------------
------------------------------------------
| rollout/                |              |
|    ep_len_mean          | 8.93e+03     |
|    ep_rew_mean          | -6.43e+06    |
| time/                   |              |
|    fps                  | 412          |
|    iterations           | 48           |
|    time_elapsed         | 238          |
|    total_timesteps      | 98304        |
| train/                  |              |
|    approx_kl            | 0.0012011486 |
|    clip_fraction        | 4.88e-05     |
|    clip_range           | 0.2          |
|    entropy_loss         | -5.65        |
|    explained_variance   | 0            |
|    learning_rate        | 0.0003       |
|    loss                 | 8.56e+07     |
|    n_updates            | 470          |
|    policy_gradient_loss | -0.00151     |
|    std                  | 0.993        |
|    value_loss           | 1.62e+08     |
------------------------------------------
-------------------------------------------
| rollout/                |               |
|    ep_len_mean          | 8.93e+03      |
|    ep_rew_mean          | -6.43e+06     |
| time/                   |               |
|    fps                  | 413           |
|    iterations           | 49            |
|    time_elapsed         | 242           |
|    total_timesteps      | 100352        |
| train/                  |               |
|    approx_kl            | 0.00012319596 |
|    clip_fraction        | 0             |
|    clip_range           | 0.2           |
|    entropy_loss         | -5.65         |
|    explained_variance   | 0             |
|    learning_rate        | 0.0003        |
|    loss                 | 1.63e+08      |
|    n_updates            | 480           |
|    policy_gradient_loss | -0.000294     |
|    std                  | 0.993         |
|    value_loss           | 3.34e+08      |
-------------------------------------------
-------------------------------------------
| rollout/                |               |
|    ep_len_mean          | 8.93e+03      |
|    ep_rew_mean          | -6.43e+06     |
| time/                   |               |
|    fps                  | 413           |
|    iterations           | 50            |
|    time_elapsed         | 247           |
|    total_timesteps      | 102400        |
| train/                  |               |
|    approx_kl            | 0.00053332554 |
|    clip_fraction        | 0             |
|    clip_range           | 0.2           |
|    entropy_loss         | -5.65         |
|    explained_variance   | -1.19e-07     |
|    learning_rate        | 0.0003        |
|    loss                 | 7.93e+07      |
|    n_updates            | 490           |
|    policy_gradient_loss | -0.000804     |
|    std                  | 0.993         |
|    value_loss           | 1.74e+08      |
-------------------------------------------
------------------------------------------
| rollout/                |              |
|    ep_len_mean          | 8.93e+03     |
|    ep_rew_mean          | -6.43e+06    |
| time/                   |              |
|    fps                  | 414          |
|    iterations           | 51           |
|    time_elapsed         | 251          |
|    total_timesteps      | 104448       |
| train/                  |              |
|    approx_kl            | 0.0005113574 |
|    clip_fraction        | 0            |
|    clip_range           | 0.2          |
|    entropy_loss         | -5.65        |
|    explained_variance   | -2.38e-07    |
|    learning_rate        | 0.0003       |
|    loss                 | 1.2e+08      |
|    n_updates            | 500          |
|    policy_gradient_loss | -0.000881    |
|    std                  | 0.993        |
|    value_loss           | 2.58e+08     |
------------------------------------------
-------------------------------------------
| rollout/                |               |
|    ep_len_mean          | 8.93e+03      |
|    ep_rew_mean          | -6.43e+06     |
| time/                   |               |
|    fps                  | 414           |
|    iterations           | 52            |
|    time_elapsed         | 256           |
|    total_timesteps      | 106496        |
| train/                  |               |
|    approx_kl            | 0.00021400378 |
|    clip_fraction        | 0             |
|    clip_range           | 0.2           |
|    entropy_loss         | -5.65         |
|    explained_variance   | 1.19e-07      |
|    learning_rate        | 0.0003        |
|    loss                 | 7.88e+07      |
|    n_updates            | 510           |
|    policy_gradient_loss | -0.000326     |
|    std                  | 0.993         |
|    value_loss           | 1.59e+08      |
-------------------------------------------
------------------------------------------
| rollout/                |              |
|    ep_len_mean          | 8.93e+03     |
|    ep_rew_mean          | -6.43e+06    |
| time/                   |              |
|    fps                  | 413          |
|    iterations           | 53           |
|    time_elapsed         | 262          |
|    total_timesteps      | 108544       |
| train/                  |              |
|    approx_kl            | 5.653812e-05 |
|    clip_fraction        | 0            |
|    clip_range           | 0.2          |
|    entropy_loss         | -5.65        |
|    explained_variance   | -1.19e-07    |
|    learning_rate        | 0.0003       |
|    loss                 | 1.02e+08     |
|    n_updates            | 520          |
|    policy_gradient_loss | -9.31e-05    |
|    std                  | 0.992        |
|    value_loss           | 2.01e+08     |
------------------------------------------
------------------------------------------
| rollout/                |              |
|    ep_len_mean          | 8.93e+03     |
|    ep_rew_mean          | -6.43e+06    |
| time/                   |              |
|    fps                  | 413          |
|    iterations           | 54           |
|    time_elapsed         | 267          |
|    total_timesteps      | 110592       |
| train/                  |              |
|    approx_kl            | 9.750336e-05 |
|    clip_fraction        | 0            |
|    clip_range           | 0.2          |
|    entropy_loss         | -5.64        |
|    explained_variance   | 0            |
|    learning_rate        | 0.0003       |
|    loss                 | 1.22e+08     |
|    n_updates            | 530          |
|    policy_gradient_loss | -0.000172    |
|    std                  | 0.992        |
|    value_loss           | 2.55e+08     |
------------------------------------------
-------------------------------------------
| rollout/                |               |
|    ep_len_mean          | 8.93e+03      |
|    ep_rew_mean          | -6.43e+06     |
| time/                   |               |
|    fps                  | 413           |
|    iterations           | 55            |
|    time_elapsed         | 272           |
|    total_timesteps      | 112640        |
| train/                  |               |
|    approx_kl            | 0.00019843239 |
|    clip_fraction        | 0             |
|    clip_range           | 0.2           |
|    entropy_loss         | -5.64         |
|    explained_variance   | 0             |
|    learning_rate        | 0.0003        |
|    loss                 | 1.4e+08       |
|    n_updates            | 540           |
|    policy_gradient_loss | -0.00035      |
|    std                  | 0.992         |
|    value_loss           | 2.88e+08      |
-------------------------------------------
------------------------------------------
| rollout/                |              |
|    ep_len_mean          | 8.93e+03     |
|    ep_rew_mean          | -6.43e+06    |
| time/                   |              |
|    fps                  | 412          |
|    iterations           | 56           |
|    time_elapsed         | 277          |
|    total_timesteps      | 114688       |
| train/                  |              |
|    approx_kl            | 0.0020675012 |
|    clip_fraction        | 0.000439     |
|    clip_range           | 0.2          |
|    entropy_loss         | -5.64        |
|    explained_variance   | 0            |
|    learning_rate        | 0.0003       |
|    loss                 | 6.39e+07     |
|    n_updates            | 550          |
|    policy_gradient_loss | -0.00218     |
|    std                  | 0.992        |
|    value_loss           | 1.31e+08     |
------------------------------------------
------------------------------------------
| rollout/                |              |
|    ep_len_mean          | 8.93e+03     |
|    ep_rew_mean          | -6.42e+06    |
| time/                   |              |
|    fps                  | 411          |
|    iterations           | 57           |
|    time_elapsed         | 283          |
|    total_timesteps      | 116736       |
| train/                  |              |
|    approx_kl            | 0.0011509649 |
|    clip_fraction        | 0            |
|    clip_range           | 0.2          |
|    entropy_loss         | -5.64        |
|    explained_variance   | -1.19e-07    |
|    learning_rate        | 0.0003       |
|    loss                 | 8.96e+07     |
|    n_updates            | 560          |
|    policy_gradient_loss | -0.00164     |
|    std                  | 0.992        |
|    value_loss           | 1.77e+08     |
------------------------------------------
-------------------------------------------
| rollout/                |               |
|    ep_len_mean          | 8.93e+03      |
|    ep_rew_mean          | -6.42e+06     |
| time/                   |               |
|    fps                  | 410           |
|    iterations           | 58            |
|    time_elapsed         | 289           |
|    total_timesteps      | 118784        |
| train/                  |               |
|    approx_kl            | 0.00013920636 |
|    clip_fraction        | 0             |
|    clip_range           | 0.2           |
|    entropy_loss         | -5.64         |
|    explained_variance   | -2.38e-07     |
|    learning_rate        | 0.0003        |
|    loss                 | 1.86e+08      |
|    n_updates            | 570           |
|    policy_gradient_loss | -0.000249     |
|    std                  | 0.992         |
|    value_loss           | 3.19e+08      |
-------------------------------------------
------------------------------------------
| rollout/                |              |
|    ep_len_mean          | 8.93e+03     |
|    ep_rew_mean          | -6.42e+06    |
| time/                   |              |
|    fps                  | 408          |
|    iterations           | 59           |
|    time_elapsed         | 295          |
|    total_timesteps      | 120832       |
| train/                  |              |
|    approx_kl            | 0.0003030179 |
|    clip_fraction        | 0            |
|    clip_range           | 0.2          |
|    entropy_loss         | -5.64        |
|    explained_variance   | 2.38e-07     |
|    learning_rate        | 0.0003       |
|    loss                 | 1.21e+08     |
|    n_updates            | 580          |
|    policy_gradient_loss | -0.000607    |
|    std                  | 0.992        |
|    value_loss           | 2.6e+08      |
------------------------------------------
------------------------------------------
| rollout/                |              |
|    ep_len_mean          | 8.93e+03     |
|    ep_rew_mean          | -6.42e+06    |
| time/                   |              |
|    fps                  | 408          |
|    iterations           | 60           |
|    time_elapsed         | 300          |
|    total_timesteps      | 122880       |
| train/                  |              |
|    approx_kl            | 0.0018803613 |
|    clip_fraction        | 0.000586     |
|    clip_range           | 0.2          |
|    entropy_loss         | -5.65        |
|    explained_variance   | 5.96e-08     |
|    learning_rate        | 0.0003       |
|    loss                 | 1.08e+08     |
|    n_updates            | 590          |
|    policy_gradient_loss | -0.00261     |
|    std                  | 0.993        |
|    value_loss           | 1.95e+08     |
------------------------------------------
------------------------------------------
| rollout/                |              |
|    ep_len_mean          | 8.93e+03     |
|    ep_rew_mean          | -6.42e+06    |
| time/                   |              |
|    fps                  | 407          |
|    iterations           | 61           |
|    time_elapsed         | 306          |
|    total_timesteps      | 124928       |
| train/                  |              |
|    approx_kl            | 0.0008433362 |
|    clip_fraction        | 0            |
|    clip_range           | 0.2          |
|    entropy_loss         | -5.64        |
|    explained_variance   | 2.38e-07     |
|    learning_rate        | 0.0003       |
|    loss                 | 8.14e+07     |
|    n_updates            | 600          |
|    policy_gradient_loss | -0.00107     |
|    std                  | 0.992        |
|    value_loss           | 1.56e+08     |
------------------------------------------
-------------------------------------------
| rollout/                |               |
|    ep_len_mean          | 8.93e+03      |
|    ep_rew_mean          | -6.43e+06     |
| time/                   |               |
|    fps                  | 407           |
|    iterations           | 62            |
|    time_elapsed         | 311           |
|    total_timesteps      | 126976        |
| train/                  |               |
|    approx_kl            | 0.00014605731 |
|    clip_fraction        | 0             |
|    clip_range           | 0.2           |
|    entropy_loss         | -5.64         |
|    explained_variance   | 0             |
|    learning_rate        | 0.0003        |
|    loss                 | 1.68e+08      |
|    n_updates            | 610           |
|    policy_gradient_loss | -0.000305     |
|    std                  | 0.992         |
|    value_loss           | 3.23e+08      |
-------------------------------------------
-------------------------------------------
| rollout/                |               |
|    ep_len_mean          | 8.93e+03      |
|    ep_rew_mean          | -6.43e+06     |
| time/                   |               |
|    fps                  | 408           |
|    iterations           | 63            |
|    time_elapsed         | 315           |
|    total_timesteps      | 129024        |
| train/                  |               |
|    approx_kl            | 0.00039940042 |
|    clip_fraction        | 0             |
|    clip_range           | 0.2           |
|    entropy_loss         | -5.64         |
|    explained_variance   | 0             |
|    learning_rate        | 0.0003        |
|    loss                 | 8.82e+07      |
|    n_updates            | 620           |
|    policy_gradient_loss | -0.000572     |
|    std                  | 0.991         |
|    value_loss           | 1.75e+08      |
-------------------------------------------
------------------------------------------
| rollout/                |              |
|    ep_len_mean          | 8.93e+03     |
|    ep_rew_mean          | -6.43e+06    |
| time/                   |              |
|    fps                  | 408          |
|    iterations           | 64           |
|    time_elapsed         | 320          |
|    total_timesteps      | 131072       |
| train/                  |              |
|    approx_kl            | 9.550442e-05 |
|    clip_fraction        | 0            |
|    clip_range           | 0.2          |
|    entropy_loss         | -5.64        |
|    explained_variance   | -2.38e-07    |
|    learning_rate        | 0.0003       |
|    loss                 | 1.53e+08     |
|    n_updates            | 630          |
|    policy_gradient_loss | -0.000179    |
|    std                  | 0.991        |
|    value_loss           | 2.83e+08     |
------------------------------------------
-------------------------------------------
| rollout/                |               |
|    ep_len_mean          | 8.93e+03      |
|    ep_rew_mean          | -6.43e+06     |
| time/                   |               |
|    fps                  | 409           |
|    iterations           | 65            |
|    time_elapsed         | 325           |
|    total_timesteps      | 133120        |
| train/                  |               |
|    approx_kl            | 0.00094110705 |
|    clip_fraction        | 0             |
|    clip_range           | 0.2           |
|    entropy_loss         | -5.64         |
|    explained_variance   | -2.38e-07     |
|    learning_rate        | 0.0003        |
|    loss                 | 9.02e+07      |
|    n_updates            | 640           |
|    policy_gradient_loss | -0.00115      |
|    std                  | 0.991         |
|    value_loss           | 1.7e+08       |
-------------------------------------------
------------------------------------------
| rollout/                |              |
|    ep_len_mean          | 8.93e+03     |
|    ep_rew_mean          | -6.44e+06    |
| time/                   |              |
|    fps                  | 409          |
|    iterations           | 66           |
|    time_elapsed         | 329          |
|    total_timesteps      | 135168       |
| train/                  |              |
|    approx_kl            | 0.0012680071 |
|    clip_fraction        | 0            |
|    clip_range           | 0.2          |
|    entropy_loss         | -5.64        |
|    explained_variance   | 2.98e-07     |
|    learning_rate        | 0.0003       |
|    loss                 | 9.52e+07     |
|    n_updates            | 650          |
|    policy_gradient_loss | -0.00173     |
|    std                  | 0.991        |
|    value_loss           | 1.97e+08     |
------------------------------------------
------------------------------------------
| rollout/                |              |
|    ep_len_mean          | 8.93e+03     |
|    ep_rew_mean          | -6.44e+06    |
| time/                   |              |
|    fps                  | 410          |
|    iterations           | 67           |
|    time_elapsed         | 334          |
|    total_timesteps      | 137216       |
| train/                  |              |
|    approx_kl            | 0.0007829115 |
|    clip_fraction        | 0            |
|    clip_range           | 0.2          |
|    entropy_loss         | -5.64        |
|    explained_variance   | 0            |
|    learning_rate        | 0.0003       |
|    loss                 | 1.29e+08     |
|    n_updates            | 660          |
|    policy_gradient_loss | -0.00131     |
|    std                  | 0.991        |
|    value_loss           | 2.73e+08     |
------------------------------------------
-------------------------------------------
| rollout/                |               |
|    ep_len_mean          | 8.93e+03      |
|    ep_rew_mean          | -6.44e+06     |
| time/                   |               |
|    fps                  | 411           |
|    iterations           | 68            |
|    time_elapsed         | 338           |
|    total_timesteps      | 139264        |
| train/                  |               |
|    approx_kl            | 0.00044852428 |
|    clip_fraction        | 0             |
|    clip_range           | 0.2           |
|    entropy_loss         | -5.64         |
|    explained_variance   | 0             |
|    learning_rate        | 0.0003        |
|    loss                 | 1.31e+08      |
|    n_updates            | 670           |
|    policy_gradient_loss | -0.00083      |
|    std                  | 0.991         |
|    value_loss           | 2.68e+08      |
-------------------------------------------
------------------------------------------
| rollout/                |              |
|    ep_len_mean          | 8.93e+03     |
|    ep_rew_mean          | -6.44e+06    |
| time/                   |              |
|    fps                  | 411          |
|    iterations           | 69           |
|    time_elapsed         | 343          |
|    total_timesteps      | 141312       |
| train/                  |              |
|    approx_kl            | 0.0021788157 |
|    clip_fraction        | 0.000195     |
|    clip_range           | 0.2          |
|    entropy_loss         | -5.64        |
|    explained_variance   | 0            |
|    learning_rate        | 0.0003       |
|    loss                 | 5.69e+07     |
|    n_updates            | 680          |
|    policy_gradient_loss | -0.0022      |
|    std                  | 0.991        |
|    value_loss           | 1.29e+08     |
------------------------------------------
-----------------------------------------
| rollout/                |             |
|    ep_len_mean          | 8.93e+03    |
|    ep_rew_mean          | -6.42e+06   |
| time/                   |             |
|    fps                  | 412         |
|    iterations           | 70          |
|    time_elapsed         | 347         |
|    total_timesteps      | 143360      |
| train/                  |             |
|    approx_kl            | 0.000653376 |
|    clip_fraction        | 0           |
|    clip_range           | 0.2         |
|    entropy_loss         | -5.64       |
|    explained_variance   | -1.19e-07   |
|    learning_rate        | 0.0003      |
|    loss                 | 8.2e+07     |
|    n_updates            | 690         |
|    policy_gradient_loss | -0.000958   |
|    std                  | 0.991       |
|    value_loss           | 1.56e+08    |
-----------------------------------------
------------------------------------------
| rollout/                |              |
|    ep_len_mean          | 8.93e+03     |
|    ep_rew_mean          | -6.42e+06    |
| time/                   |              |
|    fps                  | 412          |
|    iterations           | 71           |
|    time_elapsed         | 352          |
|    total_timesteps      | 145408       |
| train/                  |              |
|    approx_kl            | 0.0004220221 |
|    clip_fraction        | 0            |
|    clip_range           | 0.2          |
|    entropy_loss         | -5.64        |
|    explained_variance   | -2.38e-07    |
|    learning_rate        | 0.0003       |
|    loss                 | 1.55e+08     |
|    n_updates            | 700          |
|    policy_gradient_loss | -0.000698    |
|    std                  | 0.991        |
|    value_loss           | 3.06e+08     |
------------------------------------------
-------------------------------------------
| rollout/                |               |
|    ep_len_mean          | 8.93e+03      |
|    ep_rew_mean          | -6.42e+06     |
| time/                   |               |
|    fps                  | 413           |
|    iterations           | 72            |
|    time_elapsed         | 356           |
|    total_timesteps      | 147456        |
| train/                  |               |
|    approx_kl            | 0.00081125216 |
|    clip_fraction        | 0             |
|    clip_range           | 0.2           |
|    entropy_loss         | -5.64         |
|    explained_variance   | -1.19e-07     |
|    learning_rate        | 0.0003        |
|    loss                 | 1.22e+08      |
|    n_updates            | 710           |
|    policy_gradient_loss | -0.00144      |
|    std                  | 0.991         |
|    value_loss           | 2.34e+08      |
-------------------------------------------
-------------------------------------------
| rollout/                |               |
|    ep_len_mean          | 8.93e+03      |
|    ep_rew_mean          | -6.42e+06     |
| time/                   |               |
|    fps                  | 414           |
|    iterations           | 73            |
|    time_elapsed         | 360           |
|    total_timesteps      | 149504        |
| train/                  |               |
|    approx_kl            | 0.00019229262 |
|    clip_fraction        | 0             |
|    clip_range           | 0.2           |
|    entropy_loss         | -5.64         |
|    explained_variance   | 2.38e-07      |
|    learning_rate        | 0.0003        |
|    loss                 | 1.12e+08      |
|    n_updates            | 720           |
|    policy_gradient_loss | -0.000281     |
|    std                  | 0.991         |
|    value_loss           | 2.13e+08      |
-------------------------------------------
-------------------------------------------
| rollout/                |               |
|    ep_len_mean          | 8.93e+03      |
|    ep_rew_mean          | -6.42e+06     |
| time/                   |               |
|    fps                  | 414           |
|    iterations           | 74            |
|    time_elapsed         | 365           |
|    total_timesteps      | 151552        |
| train/                  |               |
|    approx_kl            | 0.00062722573 |
|    clip_fraction        | 0             |
|    clip_range           | 0.2           |
|    entropy_loss         | -5.64         |
|    explained_variance   | 0             |
|    learning_rate        | 0.0003        |
|    loss                 | 8.58e+07      |
|    n_updates            | 730           |
|    policy_gradient_loss | -0.000835     |
|    std                  | 0.99          |
|    value_loss           | 1.49e+08      |
-------------------------------------------
-------------------------------------------
| rollout/                |               |
|    ep_len_mean          | 8.93e+03      |
|    ep_rew_mean          | -6.42e+06     |
| time/                   |               |
|    fps                  | 414           |
|    iterations           | 75            |
|    time_elapsed         | 370           |
|    total_timesteps      | 153600        |
| train/                  |               |
|    approx_kl            | 0.00034324362 |
|    clip_fraction        | 0             |
|    clip_range           | 0.2           |
|    entropy_loss         | -5.64         |
|    explained_variance   | 0             |
|    learning_rate        | 0.0003        |
|    loss                 | 1.28e+08      |
|    n_updates            | 740           |
|    policy_gradient_loss | -0.000532     |
|    std                  | 0.99          |
|    value_loss           | 2.83e+08      |
-------------------------------------------
-------------------------------------------
| rollout/                |               |
|    ep_len_mean          | 8.93e+03      |
|    ep_rew_mean          | -6.42e+06     |
| time/                   |               |
|    fps                  | 414           |
|    iterations           | 76            |
|    time_elapsed         | 375           |
|    total_timesteps      | 155648        |
| train/                  |               |
|    approx_kl            | 0.00042514448 |
|    clip_fraction        | 0             |
|    clip_range           | 0.2           |
|    entropy_loss         | -5.64         |
|    explained_variance   | 0             |
|    learning_rate        | 0.0003        |
|    loss                 | 9.14e+07      |
|    n_updates            | 750           |
|    policy_gradient_loss | -0.000642     |
|    std                  | 0.99          |
|    value_loss           | 1.95e+08      |
-------------------------------------------
------------------------------------------
| rollout/                |              |
|    ep_len_mean          | 8.93e+03     |
|    ep_rew_mean          | -6.42e+06    |
| time/                   |              |
|    fps                  | 414          |
|    iterations           | 77           |
|    time_elapsed         | 380          |
|    total_timesteps      | 157696       |
| train/                  |              |
|    approx_kl            | 0.0002878967 |
|    clip_fraction        | 0            |
|    clip_range           | 0.2          |
|    entropy_loss         | -5.64        |
|    explained_variance   | 0            |
|    learning_rate        | 0.0003       |
|    loss                 | 1.51e+08     |
|    n_updates            | 760          |
|    policy_gradient_loss | -0.000528    |
|    std                  | 0.99         |
|    value_loss           | 2.97e+08     |
------------------------------------------
-------------------------------------------
| rollout/                |               |
|    ep_len_mean          | 8.93e+03      |
|    ep_rew_mean          | -6.42e+06     |
| time/                   |               |
|    fps                  | 415           |
|    iterations           | 78            |
|    time_elapsed         | 384           |
|    total_timesteps      | 159744        |
| train/                  |               |
|    approx_kl            | 0.00073865673 |
|    clip_fraction        | 0             |
|    clip_range           | 0.2           |
|    entropy_loss         | -5.63         |
|    explained_variance   | 0             |
|    learning_rate        | 0.0003        |
|    loss                 | 8.87e+07      |
|    n_updates            | 770           |
|    policy_gradient_loss | -0.000962     |
|    std                  | 0.989         |
|    value_loss           | 1.69e+08      |
-------------------------------------------
------------------------------------------
| rollout/                |              |
|    ep_len_mean          | 8.93e+03     |
|    ep_rew_mean          | -6.43e+06    |
| time/                   |              |
|    fps                  | 414          |
|    iterations           | 79           |
|    time_elapsed         | 390          |
|    total_timesteps      | 161792       |
| train/                  |              |
|    approx_kl            | 0.0009982551 |
|    clip_fraction        | 0            |
|    clip_range           | 0.2          |
|    entropy_loss         | -5.63        |
|    explained_variance   | -2.38e-07    |
|    learning_rate        | 0.0003       |
|    loss                 | 1.13e+08     |
|    n_updates            | 780          |
|    policy_gradient_loss | -0.00136     |
|    std                  | 0.99         |
|    value_loss           | 1.99e+08     |
------------------------------------------
-------------------------------------------
| rollout/                |               |
|    ep_len_mean          | 8.93e+03      |
|    ep_rew_mean          | -6.43e+06     |
| time/                   |               |
|    fps                  | 414           |
|    iterations           | 80            |
|    time_elapsed         | 395           |
|    total_timesteps      | 163840        |
| train/                  |               |
|    approx_kl            | 0.00062773825 |
|    clip_fraction        | 0             |
|    clip_range           | 0.2           |
|    entropy_loss         | -5.63         |
|    explained_variance   | 1.19e-07      |
|    learning_rate        | 0.0003        |
|    loss                 | 1.6e+08       |
|    n_updates            | 790           |
|    policy_gradient_loss | -0.00101      |
|    std                  | 0.99          |
|    value_loss           | 2.98e+08      |
-------------------------------------------
-------------------------------------------
| rollout/                |               |
|    ep_len_mean          | 8.93e+03      |
|    ep_rew_mean          | -6.43e+06     |
| time/                   |               |
|    fps                  | 415           |
|    iterations           | 81            |
|    time_elapsed         | 399           |
|    total_timesteps      | 165888        |
| train/                  |               |
|    approx_kl            | 0.00028649814 |
|    clip_fraction        | 0             |
|    clip_range           | 0.2           |
|    entropy_loss         | -5.63         |
|    explained_variance   | 1.79e-07      |
|    learning_rate        | 0.0003        |
|    loss                 | 1.53e+08      |
|    n_updates            | 800           |
|    policy_gradient_loss | -0.000511     |
|    std                  | 0.989         |
|    value_loss           | 2.91e+08      |
-------------------------------------------
------------------------------------------
| rollout/                |              |
|    ep_len_mean          | 8.93e+03     |
|    ep_rew_mean          | -6.43e+06    |
| time/                   |              |
|    fps                  | 414          |
|    iterations           | 82           |
|    time_elapsed         | 404          |
|    total_timesteps      | 167936       |
| train/                  |              |
|    approx_kl            | 8.844005e-05 |
|    clip_fraction        | 0            |
|    clip_range           | 0.2          |
|    entropy_loss         | -5.63        |
|    explained_variance   | 0            |
|    learning_rate        | 0.0003       |
|    loss                 | 7.79e+07     |
|    n_updates            | 810          |
|    policy_gradient_loss | -0.000203    |
|    std                  | 0.989        |
|    value_loss           | 1.51e+08     |
------------------------------------------
-------------------------------------------
| rollout/                |               |
|    ep_len_mean          | 8.93e+03      |
|    ep_rew_mean          | -6.43e+06     |
| time/                   |               |
|    fps                  | 415           |
|    iterations           | 83            |
|    time_elapsed         | 409           |
|    total_timesteps      | 169984        |
| train/                  |               |
|    approx_kl            | 0.00012996505 |
|    clip_fraction        | 0             |
|    clip_range           | 0.2           |
|    entropy_loss         | -5.63         |
|    explained_variance   | 0             |
|    learning_rate        | 0.0003        |
|    loss                 | 8.49e+07      |
|    n_updates            | 820           |
|    policy_gradient_loss | -0.000182     |
|    std                  | 0.99          |
|    value_loss           | 1.68e+08      |
-------------------------------------------
-------------------------------------------
| rollout/                |               |
|    ep_len_mean          | 8.93e+03      |
|    ep_rew_mean          | -6.43e+06     |
| time/                   |               |
|    fps                  | 415           |
|    iterations           | 84            |
|    time_elapsed         | 413           |
|    total_timesteps      | 172032        |
| train/                  |               |
|    approx_kl            | 0.00021862079 |
|    clip_fraction        | 0             |
|    clip_range           | 0.2           |
|    entropy_loss         | -5.63         |
|    explained_variance   | 5.96e-08      |
|    learning_rate        | 0.0003        |
|    loss                 | 1.61e+08      |
|    n_updates            | 830           |
|    policy_gradient_loss | -0.000489     |
|    std                  | 0.989         |
|    value_loss           | 3.38e+08      |
-------------------------------------------
-------------------------------------------
| rollout/                |               |
|    ep_len_mean          | 8.93e+03      |
|    ep_rew_mean          | -6.43e+06     |
| time/                   |               |
|    fps                  | 416           |
|    iterations           | 85            |
|    time_elapsed         | 418           |
|    total_timesteps      | 174080        |
| train/                  |               |
|    approx_kl            | 0.00013642712 |
|    clip_fraction        | 0             |
|    clip_range           | 0.2           |
|    entropy_loss         | -5.63         |
|    explained_variance   | 0             |
|    learning_rate        | 0.0003        |
|    loss                 | 8.86e+07      |
|    n_updates            | 840           |
|    policy_gradient_loss | -0.000223     |
|    std                  | 0.99          |
|    value_loss           | 1.94e+08      |
-------------------------------------------
-------------------------------------------
| rollout/                |               |
|    ep_len_mean          | 8.93e+03      |
|    ep_rew_mean          | -6.43e+06     |
| time/                   |               |
|    fps                  | 416           |
|    iterations           | 86            |
|    time_elapsed         | 422           |
|    total_timesteps      | 176128        |
| train/                  |               |
|    approx_kl            | 0.00022494115 |
|    clip_fraction        | 0             |
|    clip_range           | 0.2           |
|    entropy_loss         | -5.64         |
|    explained_variance   | 0             |
|    learning_rate        | 0.0003        |
|    loss                 | 1.02e+08      |
|    n_updates            | 850           |
|    policy_gradient_loss | -0.00042      |
|    std                  | 0.99          |
|    value_loss           | 2.3e+08       |
-------------------------------------------
------------------------------------------
| rollout/                |              |
|    ep_len_mean          | 8.93e+03     |
|    ep_rew_mean          | -6.43e+06    |
| time/                   |              |
|    fps                  | 416          |
|    iterations           | 87           |
|    time_elapsed         | 428          |
|    total_timesteps      | 178176       |
| train/                  |              |
|    approx_kl            | 0.0006462763 |
|    clip_fraction        | 0            |
|    clip_range           | 0.2          |
|    entropy_loss         | -5.64        |
|    explained_variance   | 0            |
|    learning_rate        | 0.0003       |
|    loss                 | 6.19e+07     |
|    n_updates            | 860          |
|    policy_gradient_loss | -0.000673    |
|    std                  | 0.99         |
|    value_loss           | 1.44e+08     |
------------------------------------------
-------------------------------------------
| rollout/                |               |
|    ep_len_mean          | 8.93e+03      |
|    ep_rew_mean          | -6.42e+06     |
| time/                   |               |
|    fps                  | 415           |
|    iterations           | 88            |
|    time_elapsed         | 433           |
|    total_timesteps      | 180224        |
| train/                  |               |
|    approx_kl            | 0.00022687155 |
|    clip_fraction        | 0             |
|    clip_range           | 0.2           |
|    entropy_loss         | -5.64         |
|    explained_variance   | -1.19e-07     |
|    learning_rate        | 0.0003        |
|    loss                 | 1.05e+08      |
|    n_updates            | 870           |
|    policy_gradient_loss | -0.000374     |
|    std                  | 0.99          |
|    value_loss           | 2.39e+08      |
-------------------------------------------
-------------------------------------------
| rollout/                |               |
|    ep_len_mean          | 8.93e+03      |
|    ep_rew_mean          | -6.42e+06     |
| time/                   |               |
|    fps                  | 416           |
|    iterations           | 89            |
|    time_elapsed         | 438           |
|    total_timesteps      | 182272        |
| train/                  |               |
|    approx_kl            | 0.00033301947 |
|    clip_fraction        | 0             |
|    clip_range           | 0.2           |
|    entropy_loss         | -5.64         |
|    explained_variance   | 2.38e-07      |
|    learning_rate        | 0.0003        |
|    loss                 | 1.04e+08      |
|    n_updates            | 880           |
|    policy_gradient_loss | -0.000571     |
|    std                  | 0.99          |
|    value_loss           | 2.09e+08      |
-------------------------------------------
-------------------------------------------
| rollout/                |               |
|    ep_len_mean          | 8.93e+03      |
|    ep_rew_mean          | -6.42e+06     |
| time/                   |               |
|    fps                  | 416           |
|    iterations           | 90            |
|    time_elapsed         | 442           |
|    total_timesteps      | 184320        |
| train/                  |               |
|    approx_kl            | 0.00037054054 |
|    clip_fraction        | 0             |
|    clip_range           | 0.2           |
|    entropy_loss         | -5.64         |
|    explained_variance   | 0             |
|    learning_rate        | 0.0003        |
|    loss                 | 1.37e+08      |
|    n_updates            | 890           |
|    policy_gradient_loss | -0.000682     |
|    std                  | 0.991         |
|    value_loss           | 2.85e+08      |
-------------------------------------------
------------------------------------------
| rollout/                |              |
|    ep_len_mean          | 8.93e+03     |
|    ep_rew_mean          | -6.42e+06    |
| time/                   |              |
|    fps                  | 416          |
|    iterations           | 91           |
|    time_elapsed         | 447          |
|    total_timesteps      | 186368       |
| train/                  |              |
|    approx_kl            | 0.0008502011 |
|    clip_fraction        | 0            |
|    clip_range           | 0.2          |
|    entropy_loss         | -5.64        |
|    explained_variance   | 0            |
|    learning_rate        | 0.0003       |
|    loss                 | 7.7e+07      |
|    n_updates            | 900          |
|    policy_gradient_loss | -0.0011      |
|    std                  | 0.99         |
|    value_loss           | 1.4e+08      |
------------------------------------------
-------------------------------------------
| rollout/                |               |
|    ep_len_mean          | 8.93e+03      |
|    ep_rew_mean          | -6.43e+06     |
| time/                   |               |
|    fps                  | 417           |
|    iterations           | 92            |
|    time_elapsed         | 451           |
|    total_timesteps      | 188416        |
| train/                  |               |
|    approx_kl            | 0.00012748232 |
|    clip_fraction        | 0             |
|    clip_range           | 0.2           |
|    entropy_loss         | -5.64         |
|    explained_variance   | -2.38e-07     |
|    learning_rate        | 0.0003        |
|    loss                 | 9.23e+07      |
|    n_updates            | 910           |
|    policy_gradient_loss | -0.000267     |
|    std                  | 0.99          |
|    value_loss           | 1.89e+08      |
-------------------------------------------
-------------------------------------------
| rollout/                |               |
|    ep_len_mean          | 8.93e+03      |
|    ep_rew_mean          | -6.43e+06     |
| time/                   |               |
|    fps                  | 417           |
|    iterations           | 93            |
|    time_elapsed         | 456           |
|    total_timesteps      | 190464        |
| train/                  |               |
|    approx_kl            | 0.00019833952 |
|    clip_fraction        | 0             |
|    clip_range           | 0.2           |
|    entropy_loss         | -5.63         |
|    explained_variance   | 1.19e-07      |
|    learning_rate        | 0.0003        |
|    loss                 | 1.51e+08      |
|    n_updates            | 920           |
|    policy_gradient_loss | -0.000319     |
|    std                  | 0.99          |
|    value_loss           | 2.97e+08      |
-------------------------------------------
-------------------------------------------
| rollout/                |               |
|    ep_len_mean          | 8.93e+03      |
|    ep_rew_mean          | -6.43e+06     |
| time/                   |               |
|    fps                  | 417           |
|    iterations           | 94            |
|    time_elapsed         | 460           |
|    total_timesteps      | 192512        |
| train/                  |               |
|    approx_kl            | 0.00015583032 |
|    clip_fraction        | 0             |
|    clip_range           | 0.2           |
|    entropy_loss         | -5.63         |
|    explained_variance   | 0             |
|    learning_rate        | 0.0003        |
|    loss                 | 1.48e+08      |
|    n_updates            | 930           |
|    policy_gradient_loss | -0.000293     |
|    std                  | 0.99          |
|    value_loss           | 2.83e+08      |
-------------------------------------------
-------------------------------------------
| rollout/                |               |
|    ep_len_mean          | 8.93e+03      |
|    ep_rew_mean          | -6.43e+06     |
| time/                   |               |
|    fps                  | 418           |
|    iterations           | 95            |
|    time_elapsed         | 465           |
|    total_timesteps      | 194560        |
| train/                  |               |
|    approx_kl            | 0.00020268906 |
|    clip_fraction        | 0             |
|    clip_range           | 0.2           |
|    entropy_loss         | -5.63         |
|    explained_variance   | 0             |
|    learning_rate        | 0.0003        |
|    loss                 | 8.33e+07      |
|    n_updates            | 940           |
|    policy_gradient_loss | -0.000326     |
|    std                  | 0.989         |
|    value_loss           | 1.66e+08      |
-------------------------------------------
------------------------------------------
| rollout/                |              |
|    ep_len_mean          | 8.93e+03     |
|    ep_rew_mean          | -6.43e+06    |
| time/                   |              |
|    fps                  | 418          |
|    iterations           | 96           |
|    time_elapsed         | 470          |
|    total_timesteps      | 196608       |
| train/                  |              |
|    approx_kl            | 0.0014949458 |
|    clip_fraction        | 0            |
|    clip_range           | 0.2          |
|    entropy_loss         | -5.63        |
|    explained_variance   | -1.19e-07    |
|    learning_rate        | 0.0003       |
|    loss                 | 7.41e+07     |
|    n_updates            | 950          |
|    policy_gradient_loss | -0.00181     |
|    std                  | 0.989        |
|    value_loss           | 1.62e+08     |
------------------------------------------
------------------------------------------
| rollout/                |              |
|    ep_len_mean          | 8.93e+03     |
|    ep_rew_mean          | -6.43e+06    |
| time/                   |              |
|    fps                  | 418          |
|    iterations           | 97           |
|    time_elapsed         | 474          |
|    total_timesteps      | 198656       |
| train/                  |              |
|    approx_kl            | 0.0004781399 |
|    clip_fraction        | 0            |
|    clip_range           | 0.2          |
|    entropy_loss         | -5.63        |
|    explained_variance   | -1.19e-07    |
|    learning_rate        | 0.0003       |
|    loss                 | 1.57e+08     |
|    n_updates            | 960          |
|    policy_gradient_loss | -0.000889    |
|    std                  | 0.989        |
|    value_loss           | 3.3e+08      |
------------------------------------------
------------------------------------------
| rollout/                |              |
|    ep_len_mean          | 8.93e+03     |
|    ep_rew_mean          | -6.43e+06    |
| time/                   |              |
|    fps                  | 418          |
|    iterations           | 98           |
|    time_elapsed         | 479          |
|    total_timesteps      | 200704       |
| train/                  |              |
|    approx_kl            | 0.0005771854 |
|    clip_fraction        | 0            |
|    clip_range           | 0.2          |
|    entropy_loss         | -5.63        |
|    explained_variance   | 1.19e-07     |
|    learning_rate        | 0.0003       |
|    loss                 | 8.55e+07     |
|    n_updates            | 970          |
|    policy_gradient_loss | -0.000931    |
|    std                  | 0.989        |
|    value_loss           | 1.82e+08     |
------------------------------------------
-------------------------------------------
| rollout/                |               |
|    ep_len_mean          | 8.93e+03      |
|    ep_rew_mean          | -6.43e+06     |
| time/                   |               |
|    fps                  | 418           |
|    iterations           | 99            |
|    time_elapsed         | 484           |
|    total_timesteps      | 202752        |
| train/                  |               |
|    approx_kl            | 0.00017853442 |
|    clip_fraction        | 0             |
|    clip_range           | 0.2           |
|    entropy_loss         | -5.63         |
|    explained_variance   | 5.96e-08      |
|    learning_rate        | 0.0003        |
|    loss                 | 1.39e+08      |
|    n_updates            | 980           |
|    policy_gradient_loss | -0.000284     |
|    std                  | 0.989         |
|    value_loss           | 2.56e+08      |
-------------------------------------------
------------------------------------------
| rollout/                |              |
|    ep_len_mean          | 8.93e+03     |
|    ep_rew_mean          | -6.43e+06    |
| time/                   |              |
|    fps                  | 419          |
|    iterations           | 100          |
|    time_elapsed         | 488          |
|    total_timesteps      | 204800       |
| train/                  |              |
|    approx_kl            | 0.0014886588 |
|    clip_fraction        | 0            |
|    clip_range           | 0.2          |
|    entropy_loss         | -5.63        |
|    explained_variance   | 0            |
|    learning_rate        | 0.0003       |
|    loss                 | 7.92e+07     |
|    n_updates            | 990          |
|    policy_gradient_loss | -0.00182     |
|    std                  | 0.989        |
|    value_loss           | 1.59e+08     |
------------------------------------------
-------------------------------------------
| rollout/                |               |
|    ep_len_mean          | 8.93e+03      |
|    ep_rew_mean          | -6.42e+06     |
| time/                   |               |
|    fps                  | 419           |
|    iterations           | 101           |
|    time_elapsed         | 493           |
|    total_timesteps      | 206848        |
| train/                  |               |
|    approx_kl            | 0.00011204646 |
|    clip_fraction        | 0             |
|    clip_range           | 0.2           |
|    entropy_loss         | -5.63         |
|    explained_variance   | -2.38e-07     |
|    learning_rate        | 0.0003        |
|    loss                 | 1.12e+08      |
|    n_updates            | 1000          |
|    policy_gradient_loss | -0.00021      |
|    std                  | 0.989         |
|    value_loss           | 2.14e+08      |
-------------------------------------------
-------------------------------------------
| rollout/                |               |
|    ep_len_mean          | 8.93e+03      |
|    ep_rew_mean          | -6.42e+06     |
| time/                   |               |
|    fps                  | 419           |
|    iterations           | 102           |
|    time_elapsed         | 497           |
|    total_timesteps      | 208896        |
| train/                  |               |
|    approx_kl            | 0.00059960526 |
|    clip_fraction        | 0             |
|    clip_range           | 0.2           |
|    entropy_loss         | -5.63         |
|    explained_variance   | 1.19e-07      |
|    learning_rate        | 0.0003        |
|    loss                 | 1.33e+08      |
|    n_updates            | 1010          |
|    policy_gradient_loss | -0.000931     |
|    std                  | 0.989         |
|    value_loss           | 2.43e+08      |
-------------------------------------------
-------------------------------------------
| rollout/                |               |
|    ep_len_mean          | 8.93e+03      |
|    ep_rew_mean          | -6.42e+06     |
| time/                   |               |
|    fps                  | 420           |
|    iterations           | 103           |
|    time_elapsed         | 501           |
|    total_timesteps      | 210944        |
| train/                  |               |
|    approx_kl            | 0.00014746384 |
|    clip_fraction        | 0             |
|    clip_range           | 0.2           |
|    entropy_loss         | -5.63         |
|    explained_variance   | 0             |
|    learning_rate        | 0.0003        |
|    loss                 | 1.45e+08      |
|    n_updates            | 1020          |
|    policy_gradient_loss | -0.000312     |
|    std                  | 0.989         |
|    value_loss           | 2.82e+08      |
-------------------------------------------
------------------------------------------
| rollout/                |              |
|    ep_len_mean          | 8.93e+03     |
|    ep_rew_mean          | -6.42e+06    |
| time/                   |              |
|    fps                  | 420          |
|    iterations           | 104          |
|    time_elapsed         | 506          |
|    total_timesteps      | 212992       |
| train/                  |              |
|    approx_kl            | 0.0015905392 |
|    clip_fraction        | 4.88e-05     |
|    clip_range           | 0.2          |
|    entropy_loss         | -5.63        |
|    explained_variance   | 0            |
|    learning_rate        | 0.0003       |
|    loss                 | 6.3e+07      |
|    n_updates            | 1030         |
|    policy_gradient_loss | -0.00188     |
|    std                  | 0.989        |
|    value_loss           | 1.27e+08     |
------------------------------------------
------------------------------------------
| rollout/                |              |
|    ep_len_mean          | 8.93e+03     |
|    ep_rew_mean          | -6.42e+06    |
| time/                   |              |
|    fps                  | 420          |
|    iterations           | 105          |
|    time_elapsed         | 511          |
|    total_timesteps      | 215040       |
| train/                  |              |
|    approx_kl            | 0.0009441293 |
|    clip_fraction        | 0            |
|    clip_range           | 0.2          |
|    entropy_loss         | -5.63        |
|    explained_variance   | 0            |
|    learning_rate        | 0.0003       |
|    loss                 | 8.54e+07     |
|    n_updates            | 1040         |
|    policy_gradient_loss | -0.00126     |
|    std                  | 0.989        |
|    value_loss           | 1.79e+08     |
------------------------------------------
------------------------------------------
| rollout/                |              |
|    ep_len_mean          | 8.93e+03     |
|    ep_rew_mean          | -6.42e+06    |
| time/                   |              |
|    fps                  | 421          |
|    iterations           | 106          |
|    time_elapsed         | 515          |
|    total_timesteps      | 217088       |
| train/                  |              |
|    approx_kl            | 0.0004922102 |
|    clip_fraction        | 0            |
|    clip_range           | 0.2          |
|    entropy_loss         | -5.63        |
|    explained_variance   | 1.19e-07     |
|    learning_rate        | 0.0003       |
|    loss                 | 1.53e+08     |
|    n_updates            | 1050         |
|    policy_gradient_loss | -0.000927    |
|    std                  | 0.989        |
|    value_loss           | 3.04e+08     |
------------------------------------------
-------------------------------------------
| rollout/                |               |
|    ep_len_mean          | 8.93e+03      |
|    ep_rew_mean          | -6.42e+06     |
| time/                   |               |
|    fps                  | 421           |
|    iterations           | 107           |
|    time_elapsed         | 520           |
|    total_timesteps      | 219136        |
| train/                  |               |
|    approx_kl            | 0.00033203926 |
|    clip_fraction        | 0             |
|    clip_range           | 0.2           |
|    entropy_loss         | -5.63         |
|    explained_variance   | 1.19e-07      |
|    learning_rate        | 0.0003        |
|    loss                 | 1.35e+08      |
|    n_updates            | 1060          |
|    policy_gradient_loss | -0.000675     |
|    std                  | 0.99          |
|    value_loss           | 2.65e+08      |
-------------------------------------------
-------------------------------------------
| rollout/                |               |
|    ep_len_mean          | 8.93e+03      |
|    ep_rew_mean          | -6.42e+06     |
| time/                   |               |
|    fps                  | 421           |
|    iterations           | 108           |
|    time_elapsed         | 524           |
|    total_timesteps      | 221184        |
| train/                  |               |
|    approx_kl            | 0.00080533297 |
|    clip_fraction        | 0             |
|    clip_range           | 0.2           |
|    entropy_loss         | -5.64         |
|    explained_variance   | 0             |
|    learning_rate        | 0.0003        |
|    loss                 | 9.17e+07      |
|    n_updates            | 1070          |
|    policy_gradient_loss | -0.00121      |
|    std                  | 0.99          |
|    value_loss           | 1.77e+08      |
-------------------------------------------
------------------------------------------
| rollout/                |              |
|    ep_len_mean          | 8.93e+03     |
|    ep_rew_mean          | -6.42e+06    |
| time/                   |              |
|    fps                  | 421          |
|    iterations           | 109          |
|    time_elapsed         | 529          |
|    total_timesteps      | 223232       |
| train/                  |              |
|    approx_kl            | 0.0014009357 |
|    clip_fraction        | 0            |
|    clip_range           | 0.2          |
|    entropy_loss         | -5.63        |
|    explained_variance   | 0            |
|    learning_rate        | 0.0003       |
|    loss                 | 8.88e+07     |
|    n_updates            | 1080         |
|    policy_gradient_loss | -0.00157     |
|    std                  | 0.989        |
|    value_loss           | 1.54e+08     |
------------------------------------------
-------------------------------------------
| rollout/                |               |
|    ep_len_mean          | 8.93e+03      |
|    ep_rew_mean          | -6.42e+06     |
| time/                   |               |
|    fps                  | 421           |
|    iterations           | 110           |
|    time_elapsed         | 535           |
|    total_timesteps      | 225280        |
| train/                  |               |
|    approx_kl            | 0.00026323445 |
|    clip_fraction        | 0             |
|    clip_range           | 0.2           |
|    entropy_loss         | -5.63         |
|    explained_variance   | -1.19e-07     |
|    learning_rate        | 0.0003        |
|    loss                 | 1.58e+08      |
|    n_updates            | 1090          |
|    policy_gradient_loss | -0.000431     |
|    std                  | 0.989         |
|    value_loss           | 3.2e+08       |
-------------------------------------------
----------------------------------------
| rollout/                |            |
|    ep_len_mean          | 8.93e+03   |
|    ep_rew_mean          | -6.42e+06  |
| time/                   |            |
|    fps                  | 421        |
|    iterations           | 111        |
|    time_elapsed         | 539        |
|    total_timesteps      | 227328     |
| train/                  |            |
|    approx_kl            | 0.00084308 |
|    clip_fraction        | 0          |
|    clip_range           | 0.2        |
|    entropy_loss         | -5.63      |
|    explained_variance   | 0          |
|    learning_rate        | 0.0003     |
|    loss                 | 8.7e+07    |
|    n_updates            | 1100       |
|    policy_gradient_loss | -0.00124   |
|    std                  | 0.99       |
|    value_loss           | 1.77e+08   |
----------------------------------------
-------------------------------------------
| rollout/                |               |
|    ep_len_mean          | 8.93e+03      |
|    ep_rew_mean          | -6.42e+06     |
| time/                   |               |
|    fps                  | 421           |
|    iterations           | 112           |
|    time_elapsed         | 543           |
|    total_timesteps      | 229376        |
| train/                  |               |
|    approx_kl            | 2.7548522e-05 |
|    clip_fraction        | 0             |
|    clip_range           | 0.2           |
|    entropy_loss         | -5.63         |
|    explained_variance   | 0             |
|    learning_rate        | 0.0003        |
|    loss                 | 1.23e+08      |
|    n_updates            | 1110          |
|    policy_gradient_loss | -0.000131     |
|    std                  | 0.99          |
|    value_loss           | 2.75e+08      |
-------------------------------------------
------------------------------------------
| rollout/                |              |
|    ep_len_mean          | 8.93e+03     |
|    ep_rew_mean          | -6.42e+06    |
| time/                   |              |
|    fps                  | 422          |
|    iterations           | 113          |
|    time_elapsed         | 548          |
|    total_timesteps      | 231424       |
| train/                  |              |
|    approx_kl            | 0.0005639298 |
|    clip_fraction        | 0            |
|    clip_range           | 0.2          |
|    entropy_loss         | -5.63        |
|    explained_variance   | 0            |
|    learning_rate        | 0.0003       |
|    loss                 | 8.5e+07      |
|    n_updates            | 1120         |
|    policy_gradient_loss | -0.000709    |
|    std                  | 0.99         |
|    value_loss           | 1.64e+08     |
------------------------------------------
------------------------------------------
| rollout/                |              |
|    ep_len_mean          | 8.93e+03     |
|    ep_rew_mean          | -6.42e+06    |
| time/                   |              |
|    fps                  | 421          |
|    iterations           | 114          |
|    time_elapsed         | 553          |
|    total_timesteps      | 233472       |
| train/                  |              |
|    approx_kl            | 0.0006538066 |
|    clip_fraction        | 0            |
|    clip_range           | 0.2          |
|    entropy_loss         | -5.63        |
|    explained_variance   | 0            |
|    learning_rate        | 0.0003       |
|    loss                 | 9.85e+07     |
|    n_updates            | 1130         |
|    policy_gradient_loss | -0.000893    |
|    std                  | 0.99         |
|    value_loss           | 2.03e+08     |
------------------------------------------
-------------------------------------------
| rollout/                |               |
|    ep_len_mean          | 8.93e+03      |
|    ep_rew_mean          | -6.42e+06     |
| time/                   |               |
|    fps                  | 421           |
|    iterations           | 115           |
|    time_elapsed         | 559           |
|    total_timesteps      | 235520        |
| train/                  |               |
|    approx_kl            | 0.00027758512 |
|    clip_fraction        | 0             |
|    clip_range           | 0.2           |
|    entropy_loss         | -5.63         |
|    explained_variance   | -1.19e-07     |
|    learning_rate        | 0.0003        |
|    loss                 | 1.36e+08      |
|    n_updates            | 1140          |
|    policy_gradient_loss | -0.000528     |
|    std                  | 0.99          |
|    value_loss           | 2.61e+08      |
-------------------------------------------
------------------------------------------
| rollout/                |              |
|    ep_len_mean          | 8.93e+03     |
|    ep_rew_mean          | -6.42e+06    |
| time/                   |              |
|    fps                  | 420          |
|    iterations           | 116          |
|    time_elapsed         | 564          |
|    total_timesteps      | 237568       |
| train/                  |              |
|    approx_kl            | 0.0004057549 |
|    clip_fraction        | 0            |
|    clip_range           | 0.2          |
|    entropy_loss         | -5.64        |
|    explained_variance   | 2.98e-07     |
|    learning_rate        | 0.0003       |
|    loss                 | 1.38e+08     |
|    n_updates            | 1150         |
|    policy_gradient_loss | -0.000708    |
|    std                  | 0.99         |
|    value_loss           | 2.64e+08     |
------------------------------------------
-------------------------------------------
| rollout/                |               |
|    ep_len_mean          | 8.93e+03      |
|    ep_rew_mean          | -6.42e+06     |
| time/                   |               |
|    fps                  | 420           |
|    iterations           | 117           |
|    time_elapsed         | 569           |
|    total_timesteps      | 239616        |
| train/                  |               |
|    approx_kl            | 0.00074966345 |
|    clip_fraction        | 0             |
|    clip_range           | 0.2           |
|    entropy_loss         | -5.64         |
|    explained_variance   | 5.96e-08      |
|    learning_rate        | 0.0003        |
|    loss                 | 6.32e+07      |
|    n_updates            | 1160          |
|    policy_gradient_loss | -0.000878     |
|    std                  | 0.99          |
|    value_loss           | 1.21e+08      |
-------------------------------------------
------------------------------------------
| rollout/                |              |
|    ep_len_mean          | 8.93e+03     |
|    ep_rew_mean          | -6.41e+06    |
| time/                   |              |
|    fps                  | 420          |
|    iterations           | 118          |
|    time_elapsed         | 574          |
|    total_timesteps      | 241664       |
| train/                  |              |
|    approx_kl            | 0.0015923077 |
|    clip_fraction        | 9.77e-05     |
|    clip_range           | 0.2          |
|    entropy_loss         | -5.64        |
|    explained_variance   | 0            |
|    learning_rate        | 0.0003       |
|    loss                 | 7.89e+07     |
|    n_updates            | 1170         |
|    policy_gradient_loss | -0.00206     |
|    std                  | 0.99         |
|    value_loss           | 1.56e+08     |
------------------------------------------
------------------------------------------
| rollout/                |              |
|    ep_len_mean          | 8.93e+03     |
|    ep_rew_mean          | -6.41e+06    |
| time/                   |              |
|    fps                  | 420          |
|    iterations           | 119          |
|    time_elapsed         | 579          |
|    total_timesteps      | 243712       |
| train/                  |              |
|    approx_kl            | 0.0003841093 |
|    clip_fraction        | 0            |
|    clip_range           | 0.2          |
|    entropy_loss         | -5.63        |
|    explained_variance   | 0            |
|    learning_rate        | 0.0003       |
|    loss                 | 1.59e+08     |
|    n_updates            | 1180         |
|    policy_gradient_loss | -0.000736    |
|    std                  | 0.989        |
|    value_loss           | 2.99e+08     |
------------------------------------------
-------------------------------------------
| rollout/                |               |
|    ep_len_mean          | 8.93e+03      |
|    ep_rew_mean          | -6.41e+06     |
| time/                   |               |
|    fps                  | 420           |
|    iterations           | 120           |
|    time_elapsed         | 583           |
|    total_timesteps      | 245760        |
| train/                  |               |
|    approx_kl            | 0.00011872177 |
|    clip_fraction        | 0             |
|    clip_range           | 0.2           |
|    entropy_loss         | -5.63         |
|    explained_variance   | -2.38e-07     |
|    learning_rate        | 0.0003        |
|    loss                 | 1.35e+08      |
|    n_updates            | 1190          |
|    policy_gradient_loss | -0.000197     |
|    std                  | 0.99          |
|    value_loss           | 2.62e+08      |
-------------------------------------------
------------------------------------------
| rollout/                |              |
|    ep_len_mean          | 8.93e+03     |
|    ep_rew_mean          | -6.41e+06    |
| time/                   |              |
|    fps                  | 421          |
|    iterations           | 121          |
|    time_elapsed         | 588          |
|    total_timesteps      | 247808       |
| train/                  |              |
|    approx_kl            | 0.0004705473 |
|    clip_fraction        | 0            |
|    clip_range           | 0.2          |
|    entropy_loss         | -5.64        |
|    explained_variance   | 2.38e-07     |
|    learning_rate        | 0.0003       |
|    loss                 | 9.87e+07     |
|    n_updates            | 1200         |
|    policy_gradient_loss | -0.000771    |
|    std                  | 0.991        |
|    value_loss           | 2.11e+08     |
------------------------------------------
------------------------------------------
| rollout/                |              |
|    ep_len_mean          | 8.93e+03     |
|    ep_rew_mean          | -6.41e+06    |
| time/                   |              |
|    fps                  | 421          |
|    iterations           | 122          |
|    time_elapsed         | 593          |
|    total_timesteps      | 249856       |
| train/                  |              |
|    approx_kl            | 0.0014770426 |
|    clip_fraction        | 0.000146     |
|    clip_range           | 0.2          |
|    entropy_loss         | -5.64        |
|    explained_variance   | 0            |
|    learning_rate        | 0.0003       |
|    loss                 | 8.67e+07     |
|    n_updates            | 1210         |
|    policy_gradient_loss | -0.00171     |
|    std                  | 0.991        |
|    value_loss           | 1.61e+08     |
------------------------------------------
-------------------------------------------
| rollout/                |               |
|    ep_len_mean          | 8.93e+03      |
|    ep_rew_mean          | -6.42e+06     |
| time/                   |               |
|    fps                  | 421           |
|    iterations           | 123           |
|    time_elapsed         | 598           |
|    total_timesteps      | 251904        |
| train/                  |               |
|    approx_kl            | 0.00021364287 |
|    clip_fraction        | 0             |
|    clip_range           | 0.2           |
|    entropy_loss         | -5.64         |
|    explained_variance   | 0             |
|    learning_rate        | 0.0003        |
|    loss                 | 1.4e+08       |
|    n_updates            | 1220          |
|    policy_gradient_loss | -0.000391     |
|    std                  | 0.99          |
|    value_loss           | 3.19e+08      |
-------------------------------------------
-------------------------------------------
| rollout/                |               |
|    ep_len_mean          | 8.93e+03      |
|    ep_rew_mean          | -6.42e+06     |
| time/                   |               |
|    fps                  | 421           |
|    iterations           | 124           |
|    time_elapsed         | 603           |
|    total_timesteps      | 253952        |
| train/                  |               |
|    approx_kl            | 0.00060854654 |
|    clip_fraction        | 0             |
|    clip_range           | 0.2           |
|    entropy_loss         | -5.64         |
|    explained_variance   | 0             |
|    learning_rate        | 0.0003        |
|    loss                 | 9.33e+07      |
|    n_updates            | 1230          |
|    policy_gradient_loss | -0.000922     |
|    std                  | 0.99          |
|    value_loss           | 1.74e+08      |
-------------------------------------------
-------------------------------------------
| rollout/                |               |
|    ep_len_mean          | 8.93e+03      |
|    ep_rew_mean          | -6.42e+06     |
| time/                   |               |
|    fps                  | 421           |
|    iterations           | 125           |
|    time_elapsed         | 607           |
|    total_timesteps      | 256000        |
| train/                  |               |
|    approx_kl            | 0.00022231549 |
|    clip_fraction        | 0             |
|    clip_range           | 0.2           |
|    entropy_loss         | -5.64         |
|    explained_variance   | 2.38e-07      |
|    learning_rate        | 0.0003        |
|    loss                 | 1.39e+08      |
|    n_updates            | 1240          |
|    policy_gradient_loss | -0.00041      |
|    std                  | 0.99          |
|    value_loss           | 2.71e+08      |
-------------------------------------------
-------------------------------------------
| rollout/                |               |
|    ep_len_mean          | 8.93e+03      |
|    ep_rew_mean          | -6.42e+06     |
| time/                   |               |
|    fps                  | 421           |
|    iterations           | 126           |
|    time_elapsed         | 611           |
|    total_timesteps      | 258048        |
| train/                  |               |
|    approx_kl            | 0.00044891358 |
|    clip_fraction        | 0             |
|    clip_range           | 0.2           |
|    entropy_loss         | -5.63         |
|    explained_variance   | 1.19e-07      |
|    learning_rate        | 0.0003        |
|    loss                 | 8.33e+07      |
|    n_updates            | 1250          |
|    policy_gradient_loss | -0.000606     |
|    std                  | 0.989         |
|    value_loss           | 1.6e+08       |
-------------------------------------------
------------------------------------------
| rollout/                |              |
|    ep_len_mean          | 8.93e+03     |
|    ep_rew_mean          | -6.42e+06    |
| time/                   |              |
|    fps                  | 421          |
|    iterations           | 127          |
|    time_elapsed         | 616          |
|    total_timesteps      | 260096       |
| train/                  |              |
|    approx_kl            | 0.0002135064 |
|    clip_fraction        | 0            |
|    clip_range           | 0.2          |
|    entropy_loss         | -5.63        |
|    explained_variance   | 0            |
|    learning_rate        | 0.0003       |
|    loss                 | 9.38e+07     |
|    n_updates            | 1260         |
|    policy_gradient_loss | -0.000309    |
|    std                  | 0.989        |
|    value_loss           | 1.84e+08     |
------------------------------------------
-------------------------------------------
| rollout/                |               |
|    ep_len_mean          | 8.93e+03      |
|    ep_rew_mean          | -6.42e+06     |
| time/                   |               |
|    fps                  | 422           |
|    iterations           | 128           |
|    time_elapsed         | 620           |
|    total_timesteps      | 262144        |
| train/                  |               |
|    approx_kl            | 6.8307796e-05 |
|    clip_fraction        | 0             |
|    clip_range           | 0.2           |
|    entropy_loss         | -5.63         |
|    explained_variance   | 0             |
|    learning_rate        | 0.0003        |
|    loss                 | 1.36e+08      |
|    n_updates            | 1270          |
|    policy_gradient_loss | -0.00015      |
|    std                  | 0.989         |
|    value_loss           | 2.8e+08       |
-------------------------------------------
------------------------------------------
| rollout/                |              |
|    ep_len_mean          | 8.93e+03     |
|    ep_rew_mean          | -6.42e+06    |
| time/                   |              |
|    fps                  | 422          |
|    iterations           | 129          |
|    time_elapsed         | 625          |
|    total_timesteps      | 264192       |
| train/                  |              |
|    approx_kl            | 0.0004856593 |
|    clip_fraction        | 0            |
|    clip_range           | 0.2          |
|    entropy_loss         | -5.63        |
|    explained_variance   | -2.38e-07    |
|    learning_rate        | 0.0003       |
|    loss                 | 1.54e+08     |
|    n_updates            | 1280         |
|    policy_gradient_loss | -0.00094     |
|    std                  | 0.99         |
|    value_loss           | 3.14e+08     |
------------------------------------------
-------------------------------------------
| rollout/                |               |
|    ep_len_mean          | 8.93e+03      |
|    ep_rew_mean          | -6.42e+06     |
| time/                   |               |
|    fps                  | 422           |
|    iterations           | 130           |
|    time_elapsed         | 629           |
|    total_timesteps      | 266240        |
| train/                  |               |
|    approx_kl            | 0.00044708172 |
|    clip_fraction        | 0             |
|    clip_range           | 0.2           |
|    entropy_loss         | -5.63         |
|    explained_variance   | 0             |
|    learning_rate        | 0.0003        |
|    loss                 | 8.51e+07      |
|    n_updates            | 1290          |
|    policy_gradient_loss | -0.000611     |
|    std                  | 0.989         |
|    value_loss           | 1.55e+08      |
-------------------------------------------
------------------------------------------
| rollout/                |              |
|    ep_len_mean          | 8.93e+03     |
|    ep_rew_mean          | -6.43e+06    |
| time/                   |              |
|    fps                  | 423          |
|    iterations           | 131          |
|    time_elapsed         | 634          |
|    total_timesteps      | 268288       |
| train/                  |              |
|    approx_kl            | 0.0004337871 |
|    clip_fraction        | 0            |
|    clip_range           | 0.2          |
|    entropy_loss         | -5.63        |
|    explained_variance   | 0            |
|    learning_rate        | 0.0003       |
|    loss                 | 8.7e+07      |
|    n_updates            | 1300         |
|    policy_gradient_loss | -0.000661    |
|    std                  | 0.99         |
|    value_loss           | 1.83e+08     |
------------------------------------------
------------------------------------------
| rollout/                |              |
|    ep_len_mean          | 8.93e+03     |
|    ep_rew_mean          | -6.43e+06    |
| time/                   |              |
|    fps                  | 423          |
|    iterations           | 132          |
|    time_elapsed         | 638          |
|    total_timesteps      | 270336       |
| train/                  |              |
|    approx_kl            | 0.0002525955 |
|    clip_fraction        | 0            |
|    clip_range           | 0.2          |
|    entropy_loss         | -5.64        |
|    explained_variance   | 0            |
|    learning_rate        | 0.0003       |
|    loss                 | 1.81e+08     |
|    n_updates            | 1310         |
|    policy_gradient_loss | -0.000536    |
|    std                  | 0.991        |
|    value_loss           | 3.62e+08     |
------------------------------------------
-------------------------------------------
| rollout/                |               |
|    ep_len_mean          | 8.93e+03      |
|    ep_rew_mean          | -6.43e+06     |
| time/                   |               |
|    fps                  | 423           |
|    iterations           | 133           |
|    time_elapsed         | 643           |
|    total_timesteps      | 272384        |
| train/                  |               |
|    approx_kl            | 0.00023859128 |
|    clip_fraction        | 0             |
|    clip_range           | 0.2           |
|    entropy_loss         | -5.64         |
|    explained_variance   | -2.38e-07     |
|    learning_rate        | 0.0003        |
|    loss                 | 1.05e+08      |
|    n_updates            | 1320          |
|    policy_gradient_loss | -0.000474     |
|    std                  | 0.99          |
|    value_loss           | 2.32e+08      |
-------------------------------------------
-------------------------------------------
| rollout/                |               |
|    ep_len_mean          | 8.93e+03      |
|    ep_rew_mean          | -6.43e+06     |
| time/                   |               |
|    fps                  | 423           |
|    iterations           | 134           |
|    time_elapsed         | 647           |
|    total_timesteps      | 274432        |
| train/                  |               |
|    approx_kl            | 0.00031442838 |
|    clip_fraction        | 0             |
|    clip_range           | 0.2           |
|    entropy_loss         | -5.64         |
|    explained_variance   | 1.79e-07      |
|    learning_rate        | 0.0003        |
|    loss                 | 1.17e+08      |
|    n_updates            | 1330          |
|    policy_gradient_loss | -0.000503     |
|    std                  | 0.991         |
|    value_loss           | 2.4e+08       |
-------------------------------------------
------------------------------------------
| rollout/                |              |
|    ep_len_mean          | 8.93e+03     |
|    ep_rew_mean          | -6.43e+06    |
| time/                   |              |
|    fps                  | 422          |
|    iterations           | 135          |
|    time_elapsed         | 654          |
|    total_timesteps      | 276480       |
| train/                  |              |
|    approx_kl            | 0.0006824094 |
|    clip_fraction        | 0            |
|    clip_range           | 0.2          |
|    entropy_loss         | -5.64        |
|    explained_variance   | 1.19e-07     |
|    learning_rate        | 0.0003       |
|    loss                 | 7.68e+07     |
|    n_updates            | 1340         |
|    policy_gradient_loss | -0.000896    |
|    std                  | 0.99         |
|    value_loss           | 1.59e+08     |
------------------------------------------
-------------------------------------------
| rollout/                |               |
|    ep_len_mean          | 8.93e+03      |
|    ep_rew_mean          | -6.43e+06     |
| time/                   |               |
|    fps                  | 422           |
|    iterations           | 136           |
|    time_elapsed         | 659           |
|    total_timesteps      | 278528        |
| train/                  |               |
|    approx_kl            | 0.00054130517 |
|    clip_fraction        | 0             |
|    clip_range           | 0.2           |
|    entropy_loss         | -5.64         |
|    explained_variance   | 0             |
|    learning_rate        | 0.0003        |
|    loss                 | 1.15e+08      |
|    n_updates            | 1350          |
|    policy_gradient_loss | -0.000873     |
|    std                  | 0.99          |
|    value_loss           | 2.86e+08      |
-------------------------------------------
------------------------------------------
| rollout/                |              |
|    ep_len_mean          | 8.93e+03     |
|    ep_rew_mean          | -6.43e+06    |
| time/                   |              |
|    fps                  | 422          |
|    iterations           | 137          |
|    time_elapsed         | 663          |
|    total_timesteps      | 280576       |
| train/                  |              |
|    approx_kl            | 0.0004782294 |
|    clip_fraction        | 0            |
|    clip_range           | 0.2          |
|    entropy_loss         | -5.64        |
|    explained_variance   | 0            |
|    learning_rate        | 0.0003       |
|    loss                 | 1.01e+08     |
|    n_updates            | 1360         |
|    policy_gradient_loss | -0.000667    |
|    std                  | 0.99         |
|    value_loss           | 2.04e+08     |
------------------------------------------
------------------------------------------
| rollout/                |              |
|    ep_len_mean          | 8.93e+03     |
|    ep_rew_mean          | -6.43e+06    |
| time/                   |              |
|    fps                  | 422          |
|    iterations           | 138          |
|    time_elapsed         | 668          |
|    total_timesteps      | 282624       |
| train/                  |              |
|    approx_kl            | 8.768955e-05 |
|    clip_fraction        | 0            |
|    clip_range           | 0.2          |
|    entropy_loss         | -5.64        |
|    explained_variance   | -2.38e-07    |
|    learning_rate        | 0.0003       |
|    loss                 | 1.53e+08     |
|    n_updates            | 1370         |
|    policy_gradient_loss | -0.000253    |
|    std                  | 0.99         |
|    value_loss           | 2.9e+08      |
------------------------------------------
------------------------------------------
| rollout/                |              |
|    ep_len_mean          | 8.93e+03     |
|    ep_rew_mean          | -6.43e+06    |
| time/                   |              |
|    fps                  | 422          |
|    iterations           | 139          |
|    time_elapsed         | 673          |
|    total_timesteps      | 284672       |
| train/                  |              |
|    approx_kl            | 0.0005578784 |
|    clip_fraction        | 0            |
|    clip_range           | 0.2          |
|    entropy_loss         | -5.64        |
|    explained_variance   | 1.19e-07     |
|    learning_rate        | 0.0003       |
|    loss                 | 8.28e+07     |
|    n_updates            | 1380         |
|    policy_gradient_loss | -0.000819    |
|    std                  | 0.99         |
|    value_loss           | 1.54e+08     |
------------------------------------------
-------------------------------------------
| rollout/                |               |
|    ep_len_mean          | 8.93e+03      |
|    ep_rew_mean          | -6.43e+06     |
| time/                   |               |
|    fps                  | 422           |
|    iterations           | 140           |
|    time_elapsed         | 678           |
|    total_timesteps      | 286720        |
| train/                  |               |
|    approx_kl            | 0.00094398996 |
|    clip_fraction        | 0             |
|    clip_range           | 0.2           |
|    entropy_loss         | -5.63         |
|    explained_variance   | 0             |
|    learning_rate        | 0.0003        |
|    loss                 | 1.01e+08      |
|    n_updates            | 1390          |
|    policy_gradient_loss | -0.00137      |
|    std                  | 0.989         |
|    value_loss           | 1.93e+08      |
-------------------------------------------
-------------------------------------------
| rollout/                |               |
|    ep_len_mean          | 8.93e+03      |
|    ep_rew_mean          | -6.43e+06     |
| time/                   |               |
|    fps                  | 422           |
|    iterations           | 141           |
|    time_elapsed         | 682           |
|    total_timesteps      | 288768        |
| train/                  |               |
|    approx_kl            | 0.00041059995 |
|    clip_fraction        | 0             |
|    clip_range           | 0.2           |
|    entropy_loss         | -5.63         |
|    explained_variance   | 0             |
|    learning_rate        | 0.0003        |
|    loss                 | 1.44e+08      |
|    n_updates            | 1400          |
|    policy_gradient_loss | -0.000787     |
|    std                  | 0.989         |
|    value_loss           | 2.95e+08      |
-------------------------------------------
-------------------------------------------
| rollout/                |               |
|    ep_len_mean          | 8.93e+03      |
|    ep_rew_mean          | -6.43e+06     |
| time/                   |               |
|    fps                  | 422           |
|    iterations           | 142           |
|    time_elapsed         | 687           |
|    total_timesteps      | 290816        |
| train/                  |               |
|    approx_kl            | 0.00039815984 |
|    clip_fraction        | 0             |
|    clip_range           | 0.2           |
|    entropy_loss         | -5.63         |
|    explained_variance   | -3.58e-07     |
|    learning_rate        | 0.0003        |
|    loss                 | 1.39e+08      |
|    n_updates            | 1410          |
|    policy_gradient_loss | -0.000746     |
|    std                  | 0.989         |
|    value_loss           | 2.89e+08      |
-------------------------------------------
-------------------------------------------
| rollout/                |               |
|    ep_len_mean          | 8.93e+03      |
|    ep_rew_mean          | -6.43e+06     |
| time/                   |               |
|    fps                  | 423           |
|    iterations           | 143           |
|    time_elapsed         | 692           |
|    total_timesteps      | 292864        |
| train/                  |               |
|    approx_kl            | 0.00032395544 |
|    clip_fraction        | 0             |
|    clip_range           | 0.2           |
|    entropy_loss         | -5.63         |
|    explained_variance   | 0             |
|    learning_rate        | 0.0003        |
|    loss                 | 8.09e+07      |
|    n_updates            | 1420          |
|    policy_gradient_loss | -0.000419     |
|    std                  | 0.989         |
|    value_loss           | 1.6e+08       |
-------------------------------------------
-------------------------------------------
| rollout/                |               |
|    ep_len_mean          | 8.93e+03      |
|    ep_rew_mean          | -6.43e+06     |
| time/                   |               |
|    fps                  | 423           |
|    iterations           | 144           |
|    time_elapsed         | 697           |
|    total_timesteps      | 294912        |
| train/                  |               |
|    approx_kl            | 0.00097031554 |
|    clip_fraction        | 0             |
|    clip_range           | 0.2           |
|    entropy_loss         | -5.63         |
|    explained_variance   | 1.19e-07      |
|    learning_rate        | 0.0003        |
|    loss                 | 8.09e+07      |
|    n_updates            | 1430          |
|    policy_gradient_loss | -0.00131      |
|    std                  | 0.989         |
|    value_loss           | 1.67e+08      |
-------------------------------------------
-------------------------------------------
| rollout/                |               |
|    ep_len_mean          | 8.93e+03      |
|    ep_rew_mean          | -6.43e+06     |
| time/                   |               |
|    fps                  | 422           |
|    iterations           | 145           |
|    time_elapsed         | 702           |
|    total_timesteps      | 296960        |
| train/                  |               |
|    approx_kl            | 0.00022780668 |
|    clip_fraction        | 0             |
|    clip_range           | 0.2           |
|    entropy_loss         | -5.63         |
|    explained_variance   | 0             |
|    learning_rate        | 0.0003        |
|    loss                 | 1.83e+08      |
|    n_updates            | 1440          |
|    policy_gradient_loss | -0.000461     |
|    std                  | 0.989         |
|    value_loss           | 3.37e+08      |
-------------------------------------------
-----------------------------------------
| rollout/                |             |
|    ep_len_mean          | 8.93e+03    |
|    ep_rew_mean          | -6.43e+06   |
| time/                   |             |
|    fps                  | 421         |
|    iterations           | 146         |
|    time_elapsed         | 708         |
|    total_timesteps      | 299008      |
| train/                  |             |
|    approx_kl            | 0.000668474 |
|    clip_fraction        | 0           |
|    clip_range           | 0.2         |
|    entropy_loss         | -5.63       |
|    explained_variance   | 0           |
|    learning_rate        | 0.0003      |
|    loss                 | 8.11e+07    |
|    n_updates            | 1450        |
|    policy_gradient_loss | -0.000919   |
|    std                  | 0.989       |
|    value_loss           | 1.93e+08    |
-----------------------------------------
-------------------------------------------
| rollout/                |               |
|    ep_len_mean          | 8.93e+03      |
|    ep_rew_mean          | -6.43e+06     |
| time/                   |               |
|    fps                  | 421           |
|    iterations           | 147           |
|    time_elapsed         | 713           |
|    total_timesteps      | 301056        |
| train/                  |               |
|    approx_kl            | 0.00079582667 |
|    clip_fraction        | 0             |
|    clip_range           | 0.2           |
|    entropy_loss         | -5.63         |
|    explained_variance   | -2.38e-07     |
|    learning_rate        | 0.0003        |
|    loss                 | 1.28e+08      |
|    n_updates            | 1460          |
|    policy_gradient_loss | -0.00119      |
|    std                  | 0.988         |
|    value_loss           | 2.47e+08      |
-------------------------------------------
-------------------------------------------
| rollout/                |               |
|    ep_len_mean          | 8.93e+03      |
|    ep_rew_mean          | -6.43e+06     |
| time/                   |               |
|    fps                  | 421           |
|    iterations           | 148           |
|    time_elapsed         | 718           |
|    total_timesteps      | 303104        |
| train/                  |               |
|    approx_kl            | 0.00017328313 |
|    clip_fraction        | 0             |
|    clip_range           | 0.2           |
|    entropy_loss         | -5.63         |
|    explained_variance   | 1.19e-07      |
|    learning_rate        | 0.0003        |
|    loss                 | 7.19e+07      |
|    n_updates            | 1470          |
|    policy_gradient_loss | -0.000245     |
|    std                  | 0.989         |
|    value_loss           | 1.5e+08       |
-------------------------------------------
-------------------------------------------
| rollout/                |               |
|    ep_len_mean          | 8.93e+03      |
|    ep_rew_mean          | -6.43e+06     |
| time/                   |               |
|    fps                  | 421           |
|    iterations           | 149           |
|    time_elapsed         | 723           |
|    total_timesteps      | 305152        |
| train/                  |               |
|    approx_kl            | 0.00026713285 |
|    clip_fraction        | 0             |
|    clip_range           | 0.2           |
|    entropy_loss         | -5.63         |
|    explained_variance   | 0             |
|    learning_rate        | 0.0003        |
|    loss                 | 1.05e+08      |
|    n_updates            | 1480          |
|    policy_gradient_loss | -0.000444     |
|    std                  | 0.989         |
|    value_loss           | 2.31e+08      |
-------------------------------------------
------------------------------------------
| rollout/                |              |
|    ep_len_mean          | 8.93e+03     |
|    ep_rew_mean          | -6.43e+06    |
| time/                   |              |
|    fps                  | 422          |
|    iterations           | 150          |
|    time_elapsed         | 727          |
|    total_timesteps      | 307200       |
| train/                  |              |
|    approx_kl            | 0.0019229354 |
|    clip_fraction        | 4.88e-05     |
|    clip_range           | 0.2          |
|    entropy_loss         | -5.63        |
|    explained_variance   | 0            |
|    learning_rate        | 0.0003       |
|    loss                 | 1.3e+08      |
|    n_updates            | 1490         |
|    policy_gradient_loss | -0.00283     |
|    std                  | 0.989        |
|    value_loss           | 2.3e+08      |
------------------------------------------
-------------------------------------------
| rollout/                |               |
|    ep_len_mean          | 8.93e+03      |
|    ep_rew_mean          | -6.43e+06     |
| time/                   |               |
|    fps                  | 422           |
|    iterations           | 151           |
|    time_elapsed         | 731           |
|    total_timesteps      | 309248        |
| train/                  |               |
|    approx_kl            | 0.00026798368 |
|    clip_fraction        | 0             |
|    clip_range           | 0.2           |
|    entropy_loss         | -5.63         |
|    explained_variance   | 0             |
|    learning_rate        | 0.0003        |
|    loss                 | 1.34e+08      |
|    n_updates            | 1500          |
|    policy_gradient_loss | -0.000478     |
|    std                  | 0.989         |
|    value_loss           | 2.91e+08      |
-------------------------------------------
-------------------------------------------
| rollout/                |               |
|    ep_len_mean          | 8.93e+03      |
|    ep_rew_mean          | -6.43e+06     |
| time/                   |               |
|    fps                  | 422           |
|    iterations           | 152           |
|    time_elapsed         | 736           |
|    total_timesteps      | 311296        |
| train/                  |               |
|    approx_kl            | 0.00057402963 |
|    clip_fraction        | 0             |
|    clip_range           | 0.2           |
|    entropy_loss         | -5.63         |
|    explained_variance   | 1.19e-07      |
|    learning_rate        | 0.0003        |
|    loss                 | 6.43e+07      |
|    n_updates            | 1510          |
|    policy_gradient_loss | -0.000711     |
|    std                  | 0.989         |
|    value_loss           | 1.37e+08      |
-------------------------------------------
-------------------------------------------
| rollout/                |               |
|    ep_len_mean          | 8.93e+03      |
|    ep_rew_mean          | -6.43e+06     |
| time/                   |               |
|    fps                  | 422           |
|    iterations           | 153           |
|    time_elapsed         | 740           |
|    total_timesteps      | 313344        |
| train/                  |               |
|    approx_kl            | 0.00082834886 |
|    clip_fraction        | 0             |
|    clip_range           | 0.2           |
|    entropy_loss         | -5.63         |
|    explained_variance   | 1.79e-07      |
|    learning_rate        | 0.0003        |
|    loss                 | 8.54e+07      |
|    n_updates            | 1520          |
|    policy_gradient_loss | -0.00111      |
|    std                  | 0.988         |
|    value_loss           | 1.89e+08      |
-------------------------------------------
-------------------------------------------
| rollout/                |               |
|    ep_len_mean          | 8.93e+03      |
|    ep_rew_mean          | -6.43e+06     |
| time/                   |               |
|    fps                  | 422           |
|    iterations           | 154           |
|    time_elapsed         | 745           |
|    total_timesteps      | 315392        |
| train/                  |               |
|    approx_kl            | 0.00019719705 |
|    clip_fraction        | 0             |
|    clip_range           | 0.2           |
|    entropy_loss         | -5.63         |
|    explained_variance   | 0             |
|    learning_rate        | 0.0003        |
|    loss                 | 1.64e+08      |
|    n_updates            | 1530          |
|    policy_gradient_loss | -0.000382     |
|    std                  | 0.988         |
|    value_loss           | 3.01e+08      |
-------------------------------------------
-------------------------------------------
| rollout/                |               |
|    ep_len_mean          | 8.93e+03      |
|    ep_rew_mean          | -6.43e+06     |
| time/                   |               |
|    fps                  | 423           |
|    iterations           | 155           |
|    time_elapsed         | 750           |
|    total_timesteps      | 317440        |
| train/                  |               |
|    approx_kl            | 0.00026107713 |
|    clip_fraction        | 0             |
|    clip_range           | 0.2           |
|    entropy_loss         | -5.63         |
|    explained_variance   | 5.96e-08      |
|    learning_rate        | 0.0003        |
|    loss                 | 1.26e+08      |
|    n_updates            | 1540          |
|    policy_gradient_loss | -0.000403     |
|    std                  | 0.988         |
|    value_loss           | 2.51e+08      |
-------------------------------------------
-------------------------------------------
| rollout/                |               |
|    ep_len_mean          | 8.93e+03      |
|    ep_rew_mean          | -6.43e+06     |
| time/                   |               |
|    fps                  | 423           |
|    iterations           | 156           |
|    time_elapsed         | 754           |
|    total_timesteps      | 319488        |
| train/                  |               |
|    approx_kl            | 0.00063111994 |
|    clip_fraction        | 0             |
|    clip_range           | 0.2           |
|    entropy_loss         | -5.63         |
|    explained_variance   | 0             |
|    learning_rate        | 0.0003        |
|    loss                 | 7.17e+07      |
|    n_updates            | 1550          |
|    policy_gradient_loss | -0.000755     |
|    std                  | 0.988         |
|    value_loss           | 1.53e+08      |
-------------------------------------------
------------------------------------------
| rollout/                |              |
|    ep_len_mean          | 8.93e+03     |
|    ep_rew_mean          | -6.42e+06    |
| time/                   |              |
|    fps                  | 423          |
|    iterations           | 157          |
|    time_elapsed         | 759          |
|    total_timesteps      | 321536       |
| train/                  |              |
|    approx_kl            | 0.0011301767 |
|    clip_fraction        | 0            |
|    clip_range           | 0.2          |
|    entropy_loss         | -5.63        |
|    explained_variance   | -1.19e-07    |
|    learning_rate        | 0.0003       |
|    loss                 | 7.42e+07     |
|    n_updates            | 1560         |
|    policy_gradient_loss | -0.00134     |
|    std                  | 0.988        |
|    value_loss           | 1.44e+08     |
------------------------------------------
-------------------------------------------
| rollout/                |               |
|    ep_len_mean          | 8.93e+03      |
|    ep_rew_mean          | -6.42e+06     |
| time/                   |               |
|    fps                  | 423           |
|    iterations           | 158           |
|    time_elapsed         | 763           |
|    total_timesteps      | 323584        |
| train/                  |               |
|    approx_kl            | 0.00023949918 |
|    clip_fraction        | 0             |
|    clip_range           | 0.2           |
|    entropy_loss         | -5.63         |
|    explained_variance   | 0             |
|    learning_rate        | 0.0003        |
|    loss                 | 1.66e+08      |
|    n_updates            | 1570          |
|    policy_gradient_loss | -0.000408     |
|    std                  | 0.989         |
|    value_loss           | 2.95e+08      |
-------------------------------------------
------------------------------------------
| rollout/                |              |
|    ep_len_mean          | 8.93e+03     |
|    ep_rew_mean          | -6.42e+06    |
| time/                   |              |
|    fps                  | 423          |
|    iterations           | 159          |
|    time_elapsed         | 769          |
|    total_timesteps      | 325632       |
| train/                  |              |
|    approx_kl            | 0.0008518266 |
|    clip_fraction        | 0            |
|    clip_range           | 0.2          |
|    entropy_loss         | -5.63        |
|    explained_variance   | 0            |
|    learning_rate        | 0.0003       |
|    loss                 | 8.94e+07     |
|    n_updates            | 1580         |
|    policy_gradient_loss | -0.00128     |
|    std                  | 0.988        |
|    value_loss           | 1.94e+08     |
------------------------------------------
------------------------------------------
| rollout/                |              |
|    ep_len_mean          | 8.93e+03     |
|    ep_rew_mean          | -6.42e+06    |
| time/                   |              |
|    fps                  | 422          |
|    iterations           | 160          |
|    time_elapsed         | 774          |
|    total_timesteps      | 327680       |
| train/                  |              |
|    approx_kl            | 8.100679e-05 |
|    clip_fraction        | 0            |
|    clip_range           | 0.2          |
|    entropy_loss         | -5.63        |
|    explained_variance   | 0            |
|    learning_rate        | 0.0003       |
|    loss                 | 1.54e+08     |
|    n_updates            | 1590         |
|    policy_gradient_loss | -0.000208    |
|    std                  | 0.988        |
|    value_loss           | 2.8e+08      |
------------------------------------------
-------------------------------------------
| rollout/                |               |
|    ep_len_mean          | 8.93e+03      |
|    ep_rew_mean          | -6.42e+06     |
| time/                   |               |
|    fps                  | 422           |
|    iterations           | 161           |
|    time_elapsed         | 780           |
|    total_timesteps      | 329728        |
| train/                  |               |
|    approx_kl            | 0.00030522517 |
|    clip_fraction        | 0             |
|    clip_range           | 0.2           |
|    entropy_loss         | -5.63         |
|    explained_variance   | -1.19e-07     |
|    learning_rate        | 0.0003        |
|    loss                 | 8.96e+07      |
|    n_updates            | 1600          |
|    policy_gradient_loss | -0.000426     |
|    std                  | 0.988         |
|    value_loss           | 1.74e+08      |
-------------------------------------------
------------------------------------------
| rollout/                |              |
|    ep_len_mean          | 8.93e+03     |
|    ep_rew_mean          | -6.43e+06    |
| time/                   |              |
|    fps                  | 422          |
|    iterations           | 162          |
|    time_elapsed         | 784          |
|    total_timesteps      | 331776       |
| train/                  |              |
|    approx_kl            | 0.0013200999 |
|    clip_fraction        | 0            |
|    clip_range           | 0.2          |
|    entropy_loss         | -5.63        |
|    explained_variance   | 2.98e-07     |
|    learning_rate        | 0.0003       |
|    loss                 | 9.91e+07     |
|    n_updates            | 1610         |
|    policy_gradient_loss | -0.00189     |
|    std                  | 0.988        |
|    value_loss           | 2.25e+08     |
------------------------------------------
--------------------------------------------
| rollout/                |                |
|    ep_len_mean          | 8.93e+03       |
|    ep_rew_mean          | -6.43e+06      |
| time/                   |                |
|    fps                  | 422            |
|    iterations           | 163            |
|    time_elapsed         | 790            |
|    total_timesteps      | 333824         |
| train/                  |                |
|    approx_kl            | 0.000103975326 |
|    clip_fraction        | 0              |
|    clip_range           | 0.2            |
|    entropy_loss         | -5.63          |
|    explained_variance   | 1.19e-07       |
|    learning_rate        | 0.0003         |
|    loss                 | 1.41e+08       |
|    n_updates            | 1620           |
|    policy_gradient_loss | -0.000193      |
|    std                  | 0.988          |
|    value_loss           | 2.6e+08        |
--------------------------------------------
-------------------------------------------
| rollout/                |               |
|    ep_len_mean          | 8.93e+03      |
|    ep_rew_mean          | -6.43e+06     |
| time/                   |               |
|    fps                  | 422           |
|    iterations           | 164           |
|    time_elapsed         | 794           |
|    total_timesteps      | 335872        |
| train/                  |               |
|    approx_kl            | 0.00017989182 |
|    clip_fraction        | 0             |
|    clip_range           | 0.2           |
|    entropy_loss         | -5.63         |
|    explained_variance   | 0             |
|    learning_rate        | 0.0003        |
|    loss                 | 1.38e+08      |
|    n_updates            | 1630          |
|    policy_gradient_loss | -0.000309     |
|    std                  | 0.988         |
|    value_loss           | 2.73e+08      |
-------------------------------------------
------------------------------------------
| rollout/                |              |
|    ep_len_mean          | 8.93e+03     |
|    ep_rew_mean          | -6.43e+06    |
| time/                   |              |
|    fps                  | 422          |
|    iterations           | 165          |
|    time_elapsed         | 799          |
|    total_timesteps      | 337920       |
| train/                  |              |
|    approx_kl            | 0.0010399115 |
|    clip_fraction        | 0            |
|    clip_range           | 0.2          |
|    entropy_loss         | -5.63        |
|    explained_variance   | 5.96e-08     |
|    learning_rate        | 0.0003       |
|    loss                 | 6.31e+07     |
|    n_updates            | 1640         |
|    policy_gradient_loss | -0.00116     |
|    std                  | 0.988        |
|    value_loss           | 1.23e+08     |
------------------------------------------
-------------------------------------------
| rollout/                |               |
|    ep_len_mean          | 8.93e+03      |
|    ep_rew_mean          | -6.43e+06     |
| time/                   |               |
|    fps                  | 422           |
|    iterations           | 166           |
|    time_elapsed         | 803           |
|    total_timesteps      | 339968        |
| train/                  |               |
|    approx_kl            | 0.00030646048 |
|    clip_fraction        | 0             |
|    clip_range           | 0.2           |
|    entropy_loss         | -5.63         |
|    explained_variance   | 2.38e-07      |
|    learning_rate        | 0.0003        |
|    loss                 | 8.31e+07      |
|    n_updates            | 1650          |
|    policy_gradient_loss | -0.000441     |
|    std                  | 0.988         |
|    value_loss           | 1.67e+08      |
-------------------------------------------
-------------------------------------------
| rollout/                |               |
|    ep_len_mean          | 8.93e+03      |
|    ep_rew_mean          | -6.43e+06     |
| time/                   |               |
|    fps                  | 422           |
|    iterations           | 167           |
|    time_elapsed         | 809           |
|    total_timesteps      | 342016        |
| train/                  |               |
|    approx_kl            | 0.00027529846 |
|    clip_fraction        | 0             |
|    clip_range           | 0.2           |
|    entropy_loss         | -5.63         |
|    explained_variance   | 0             |
|    learning_rate        | 0.0003        |
|    loss                 | 1.45e+08      |
|    n_updates            | 1660          |
|    policy_gradient_loss | -0.000449     |
|    std                  | 0.988         |
|    value_loss           | 3.06e+08      |
-------------------------------------------
------------------------------------------
| rollout/                |              |
|    ep_len_mean          | 8.93e+03     |
|    ep_rew_mean          | -6.43e+06    |
| time/                   |              |
|    fps                  | 422          |
|    iterations           | 168          |
|    time_elapsed         | 814          |
|    total_timesteps      | 344064       |
| train/                  |              |
|    approx_kl            | 0.0004956792 |
|    clip_fraction        | 0            |
|    clip_range           | 0.2          |
|    entropy_loss         | -5.63        |
|    explained_variance   | -1.19e-07    |
|    learning_rate        | 0.0003       |
|    loss                 | 1.32e+08     |
|    n_updates            | 1670         |
|    policy_gradient_loss | -0.000841    |
|    std                  | 0.988        |
|    value_loss           | 2.78e+08     |
------------------------------------------
-------------------------------------------
| rollout/                |               |
|    ep_len_mean          | 8.93e+03      |
|    ep_rew_mean          | -6.43e+06     |
| time/                   |               |
|    fps                  | 421           |
|    iterations           | 169           |
|    time_elapsed         | 820           |
|    total_timesteps      | 346112        |
| train/                  |               |
|    approx_kl            | 0.00028499274 |
|    clip_fraction        | 0             |
|    clip_range           | 0.2           |
|    entropy_loss         | -5.63         |
|    explained_variance   | -1.19e-07     |
|    learning_rate        | 0.0003        |
|    loss                 | 9.84e+07      |
|    n_updates            | 1680          |
|    policy_gradient_loss | -0.000432     |
|    std                  | 0.988         |
|    value_loss           | 2.02e+08      |
-------------------------------------------
------------------------------------------
| rollout/                |              |
|    ep_len_mean          | 8.93e+03     |
|    ep_rew_mean          | -6.43e+06    |
| time/                   |              |
|    fps                  | 421          |
|    iterations           | 170          |
|    time_elapsed         | 826          |
|    total_timesteps      | 348160       |
| train/                  |              |
|    approx_kl            | 0.0004862104 |
|    clip_fraction        | 0            |
|    clip_range           | 0.2          |
|    entropy_loss         | -5.63        |
|    explained_variance   | -2.38e-07    |
|    learning_rate        | 0.0003       |
|    loss                 | 8.6e+07      |
|    n_updates            | 1690         |
|    policy_gradient_loss | -0.000724    |
|    std                  | 0.989        |
|    value_loss           | 1.64e+08     |
------------------------------------------
-----------------------------------------
| rollout/                |             |
|    ep_len_mean          | 8.93e+03    |
|    ep_rew_mean          | -6.43e+06   |
| time/                   |             |
|    fps                  | 421         |
|    iterations           | 171         |
|    time_elapsed         | 830         |
|    total_timesteps      | 350208      |
| train/                  |             |
|    approx_kl            | 0.000283612 |
|    clip_fraction        | 0           |
|    clip_range           | 0.2         |
|    entropy_loss         | -5.63       |
|    explained_variance   | 1.19e-07    |
|    learning_rate        | 0.0003      |
|    loss                 | 1.82e+08    |
|    n_updates            | 1700        |
|    policy_gradient_loss | -0.000495   |
|    std                  | 0.989       |
|    value_loss           | 3.44e+08    |
-----------------------------------------
-------------------------------------------
| rollout/                |               |
|    ep_len_mean          | 8.93e+03      |
|    ep_rew_mean          | -6.43e+06     |
| time/                   |               |
|    fps                  | 421           |
|    iterations           | 172           |
|    time_elapsed         | 835           |
|    total_timesteps      | 352256        |
| train/                  |               |
|    approx_kl            | 0.00010061244 |
|    clip_fraction        | 0             |
|    clip_range           | 0.2           |
|    entropy_loss         | -5.63         |
|    explained_variance   | 0             |
|    learning_rate        | 0.0003        |
|    loss                 | 7.93e+07      |
|    n_updates            | 1710          |
|    policy_gradient_loss | -0.000191     |
|    std                  | 0.989         |
|    value_loss           | 1.59e+08      |
-------------------------------------------
-----------------------------------------
| rollout/                |             |
|    ep_len_mean          | 8.93e+03    |
|    ep_rew_mean          | -6.43e+06   |
| time/                   |             |
|    fps                  | 421         |
|    iterations           | 173         |
|    time_elapsed         | 839         |
|    total_timesteps      | 354304      |
| train/                  |             |
|    approx_kl            | 0.000336048 |
|    clip_fraction        | 0           |
|    clip_range           | 0.2         |
|    entropy_loss         | -5.63       |
|    explained_variance   | 1.19e-07    |
|    learning_rate        | 0.0003      |
|    loss                 | 1.32e+08    |
|    n_updates            | 1720        |
|    policy_gradient_loss | -0.000551   |
|    std                  | 0.989       |
|    value_loss           | 2.61e+08    |
-----------------------------------------
-------------------------------------------
| rollout/                |               |
|    ep_len_mean          | 8.93e+03      |
|    ep_rew_mean          | -6.43e+06     |
| time/                   |               |
|    fps                  | 422           |
|    iterations           | 174           |
|    time_elapsed         | 844           |
|    total_timesteps      | 356352        |
| train/                  |               |
|    approx_kl            | 0.00017467211 |
|    clip_fraction        | 0             |
|    clip_range           | 0.2           |
|    entropy_loss         | -5.63         |
|    explained_variance   | 1.19e-07      |
|    learning_rate        | 0.0003        |
|    loss                 | 7.47e+07      |
|    n_updates            | 1730          |
|    policy_gradient_loss | -0.000348     |
|    std                  | 0.988         |
|    value_loss           | 1.52e+08      |
-------------------------------------------
-------------------------------------------
| rollout/                |               |
|    ep_len_mean          | 8.93e+03      |
|    ep_rew_mean          | -6.43e+06     |
| time/                   |               |
|    fps                  | 422           |
|    iterations           | 175           |
|    time_elapsed         | 848           |
|    total_timesteps      | 358400        |
| train/                  |               |
|    approx_kl            | 0.00050767174 |
|    clip_fraction        | 0             |
|    clip_range           | 0.2           |
|    entropy_loss         | -5.63         |
|    explained_variance   | 1.19e-07      |
|    learning_rate        | 0.0003        |
|    loss                 | 9.28e+07      |
|    n_updates            | 1740          |
|    policy_gradient_loss | -0.00073      |
|    std                  | 0.988         |
|    value_loss           | 1.79e+08      |
-------------------------------------------
-------------------------------------------
| rollout/                |               |
|    ep_len_mean          | 8.93e+03      |
|    ep_rew_mean          | -6.43e+06     |
| time/                   |               |
|    fps                  | 422           |
|    iterations           | 176           |
|    time_elapsed         | 853           |
|    total_timesteps      | 360448        |
| train/                  |               |
|    approx_kl            | 0.00013423298 |
|    clip_fraction        | 0             |
|    clip_range           | 0.2           |
|    entropy_loss         | -5.63         |
|    explained_variance   | -1.19e-07     |
|    learning_rate        | 0.0003        |
|    loss                 | 1.37e+08      |
|    n_updates            | 1750          |
|    policy_gradient_loss | -0.000233     |
|    std                  | 0.989         |
|    value_loss           | 2.64e+08      |
-------------------------------------------
-------------------------------------------
| rollout/                |               |
|    ep_len_mean          | 8.93e+03      |
|    ep_rew_mean          | -6.43e+06     |
| time/                   |               |
|    fps                  | 422           |
|    iterations           | 177           |
|    time_elapsed         | 858           |
|    total_timesteps      | 362496        |
| train/                  |               |
|    approx_kl            | 0.00033387696 |
|    clip_fraction        | 0             |
|    clip_range           | 0.2           |
|    entropy_loss         | -5.63         |
|    explained_variance   | 0             |
|    learning_rate        | 0.0003        |
|    loss                 | 1.75e+08      |
|    n_updates            | 1760          |
|    policy_gradient_loss | -0.000585     |
|    std                  | 0.989         |
|    value_loss           | 3.02e+08      |
-------------------------------------------
------------------------------------------
| rollout/                |              |
|    ep_len_mean          | 8.93e+03     |
|    ep_rew_mean          | -6.43e+06    |
| time/                   |              |
|    fps                  | 422          |
|    iterations           | 178          |
|    time_elapsed         | 862          |
|    total_timesteps      | 364544       |
| train/                  |              |
|    approx_kl            | 0.0007190198 |
|    clip_fraction        | 0            |
|    clip_range           | 0.2          |
|    entropy_loss         | -5.63        |
|    explained_variance   | 0            |
|    learning_rate        | 0.0003       |
|    loss                 | 7.89e+07     |
|    n_updates            | 1770         |
|    policy_gradient_loss | -0.000933    |
|    std                  | 0.989        |
|    value_loss           | 1.41e+08     |
------------------------------------------
-------------------------------------------
| rollout/                |               |
|    ep_len_mean          | 8.93e+03      |
|    ep_rew_mean          | -6.43e+06     |
| time/                   |               |
|    fps                  | 422           |
|    iterations           | 179           |
|    time_elapsed         | 867           |
|    total_timesteps      | 366592        |
| train/                  |               |
|    approx_kl            | 0.00038049623 |
|    clip_fraction        | 0             |
|    clip_range           | 0.2           |
|    entropy_loss         | -5.63         |
|    explained_variance   | 0             |
|    learning_rate        | 0.0003        |
|    loss                 | 9.05e+07      |
|    n_updates            | 1780          |
|    policy_gradient_loss | -0.000507     |
|    std                  | 0.988         |
|    value_loss           | 1.76e+08      |
-------------------------------------------
------------------------------------------
| rollout/                |              |
|    ep_len_mean          | 8.93e+03     |
|    ep_rew_mean          | -6.43e+06    |
| time/                   |              |
|    fps                  | 422          |
|    iterations           | 180          |
|    time_elapsed         | 871          |
|    total_timesteps      | 368640       |
| train/                  |              |
|    approx_kl            | 4.418983e-05 |
|    clip_fraction        | 0            |
|    clip_range           | 0.2          |
|    entropy_loss         | -5.63        |
|    explained_variance   | 5.96e-08     |
|    learning_rate        | 0.0003       |
|    loss                 | 1.78e+08     |
|    n_updates            | 1790         |
|    policy_gradient_loss | -0.000112    |
|    std                  | 0.988        |
|    value_loss           | 3.31e+08     |
------------------------------------------
------------------------------------------
| rollout/                |              |
|    ep_len_mean          | 8.93e+03     |
|    ep_rew_mean          | -6.43e+06    |
| time/                   |              |
|    fps                  | 422          |
|    iterations           | 181          |
|    time_elapsed         | 876          |
|    total_timesteps      | 370688       |
| train/                  |              |
|    approx_kl            | 0.0013598688 |
|    clip_fraction        | 0            |
|    clip_range           | 0.2          |
|    entropy_loss         | -5.63        |
|    explained_variance   | 0            |
|    learning_rate        | 0.0003       |
|    loss                 | 9.17e+07     |
|    n_updates            | 1800         |
|    policy_gradient_loss | -0.00193     |
|    std                  | 0.988        |
|    value_loss           | 2.09e+08     |
------------------------------------------
-------------------------------------------
| rollout/                |               |
|    ep_len_mean          | 8.93e+03      |
|    ep_rew_mean          | -6.43e+06     |
| time/                   |               |
|    fps                  | 422           |
|    iterations           | 182           |
|    time_elapsed         | 882           |
|    total_timesteps      | 372736        |
| train/                  |               |
|    approx_kl            | 0.00057712954 |
|    clip_fraction        | 0             |
|    clip_range           | 0.2           |
|    entropy_loss         | -5.63         |
|    explained_variance   | -1.19e-07     |
|    learning_rate        | 0.0003        |
|    loss                 | 8.92e+07      |
|    n_updates            | 1810          |
|    policy_gradient_loss | -0.000766     |
|    std                  | 0.988         |
|    value_loss           | 1.86e+08      |
-------------------------------------------
------------------------------------------
| rollout/                |              |
|    ep_len_mean          | 8.93e+03     |
|    ep_rew_mean          | -6.43e+06    |
| time/                   |              |
|    fps                  | 422          |
|    iterations           | 183          |
|    time_elapsed         | 887          |
|    total_timesteps      | 374784       |
| train/                  |              |
|    approx_kl            | 0.0004526171 |
|    clip_fraction        | 0            |
|    clip_range           | 0.2          |
|    entropy_loss         | -5.63        |
|    explained_variance   | -1.19e-07    |
|    learning_rate        | 0.0003       |
|    loss                 | 6.19e+07     |
|    n_updates            | 1820         |
|    policy_gradient_loss | -0.000527    |
|    std                  | 0.987        |
|    value_loss           | 1.31e+08     |
------------------------------------------
-------------------------------------------
| rollout/                |               |
|    ep_len_mean          | 8.93e+03      |
|    ep_rew_mean          | -6.42e+06     |
| time/                   |               |
|    fps                  | 421           |
|    iterations           | 184           |
|    time_elapsed         | 893           |
|    total_timesteps      | 376832        |
| train/                  |               |
|    approx_kl            | 0.00095755444 |
|    clip_fraction        | 0             |
|    clip_range           | 0.2           |
|    entropy_loss         | -5.63         |
|    explained_variance   | 0             |
|    learning_rate        | 0.0003        |
|    loss                 | 1.17e+08      |
|    n_updates            | 1830          |
|    policy_gradient_loss | -0.00155      |
|    std                  | 0.988         |
|    value_loss           | 2.55e+08      |
-------------------------------------------
-------------------------------------------
| rollout/                |               |
|    ep_len_mean          | 8.93e+03      |
|    ep_rew_mean          | -6.42e+06     |
| time/                   |               |
|    fps                  | 421           |
|    iterations           | 185           |
|    time_elapsed         | 898           |
|    total_timesteps      | 378880        |
| train/                  |               |
|    approx_kl            | 0.00092163996 |
|    clip_fraction        | 0             |
|    clip_range           | 0.2           |
|    entropy_loss         | -5.63         |
|    explained_variance   | 0             |
|    learning_rate        | 0.0003        |
|    loss                 | 9.49e+07      |
|    n_updates            | 1840          |
|    policy_gradient_loss | -0.00138      |
|    std                  | 0.989         |
|    value_loss           | 1.9e+08       |
-------------------------------------------
-------------------------------------------
| rollout/                |               |
|    ep_len_mean          | 8.93e+03      |
|    ep_rew_mean          | -6.42e+06     |
| time/                   |               |
|    fps                  | 421           |
|    iterations           | 186           |
|    time_elapsed         | 903           |
|    total_timesteps      | 380928        |
| train/                  |               |
|    approx_kl            | 0.00035694463 |
|    clip_fraction        | 0             |
|    clip_range           | 0.2           |
|    entropy_loss         | -5.63         |
|    explained_variance   | -2.38e-07     |
|    learning_rate        | 0.0003        |
|    loss                 | 1.46e+08      |
|    n_updates            | 1850          |
|    policy_gradient_loss | -0.000658     |
|    std                  | 0.989         |
|    value_loss           | 2.97e+08      |
-------------------------------------------
-------------------------------------------
| rollout/                |               |
|    ep_len_mean          | 8.93e+03      |
|    ep_rew_mean          | -6.42e+06     |
| time/                   |               |
|    fps                  | 421           |
|    iterations           | 187           |
|    time_elapsed         | 907           |
|    total_timesteps      | 382976        |
| train/                  |               |
|    approx_kl            | 0.00039063225 |
|    clip_fraction        | 0             |
|    clip_range           | 0.2           |
|    entropy_loss         | -5.63         |
|    explained_variance   | -1.19e-07     |
|    learning_rate        | 0.0003        |
|    loss                 | 8.19e+07      |
|    n_updates            | 1860          |
|    policy_gradient_loss | -0.000579     |
|    std                  | 0.988         |
|    value_loss           | 1.68e+08      |
-------------------------------------------
-------------------------------------------
| rollout/                |               |
|    ep_len_mean          | 8.93e+03      |
|    ep_rew_mean          | -6.42e+06     |
| time/                   |               |
|    fps                  | 421           |
|    iterations           | 188           |
|    time_elapsed         | 912           |
|    total_timesteps      | 385024        |
| train/                  |               |
|    approx_kl            | 0.00030335938 |
|    clip_fraction        | 0             |
|    clip_range           | 0.2           |
|    entropy_loss         | -5.63         |
|    explained_variance   | 1.79e-07      |
|    learning_rate        | 0.0003        |
|    loss                 | 1.08e+08      |
|    n_updates            | 1870          |
|    policy_gradient_loss | -0.000432     |
|    std                  | 0.988         |
|    value_loss           | 2.02e+08      |
-------------------------------------------
-------------------------------------------
| rollout/                |               |
|    ep_len_mean          | 8.93e+03      |
|    ep_rew_mean          | -6.42e+06     |
| time/                   |               |
|    fps                  | 422           |
|    iterations           | 189           |
|    time_elapsed         | 917           |
|    total_timesteps      | 387072        |
| train/                  |               |
|    approx_kl            | 0.00024754766 |
|    clip_fraction        | 0             |
|    clip_range           | 0.2           |
|    entropy_loss         | -5.63         |
|    explained_variance   | 0             |
|    learning_rate        | 0.0003        |
|    loss                 | 1.62e+08      |
|    n_updates            | 1880          |
|    policy_gradient_loss | -0.000488     |
|    std                  | 0.988         |
|    value_loss           | 3e+08         |
-------------------------------------------
------------------------------------------
| rollout/                |              |
|    ep_len_mean          | 8.93e+03     |
|    ep_rew_mean          | -6.42e+06    |
| time/                   |              |
|    fps                  | 422          |
|    iterations           | 190          |
|    time_elapsed         | 921          |
|    total_timesteps      | 389120       |
| train/                  |              |
|    approx_kl            | 0.0006154488 |
|    clip_fraction        | 0            |
|    clip_range           | 0.2          |
|    entropy_loss         | -5.63        |
|    explained_variance   | 2.38e-07     |
|    learning_rate        | 0.0003       |
|    loss                 | 1.4e+08      |
|    n_updates            | 1890         |
|    policy_gradient_loss | -0.00106     |
|    std                  | 0.988        |
|    value_loss           | 3e+08        |
------------------------------------------
------------------------------------------
| rollout/                |              |
|    ep_len_mean          | 8.93e+03     |
|    ep_rew_mean          | -6.42e+06    |
| time/                   |              |
|    fps                  | 422          |
|    iterations           | 191          |
|    time_elapsed         | 926          |
|    total_timesteps      | 391168       |
| train/                  |              |
|    approx_kl            | 0.0003394554 |
|    clip_fraction        | 0            |
|    clip_range           | 0.2          |
|    entropy_loss         | -5.63        |
|    explained_variance   | 0            |
|    learning_rate        | 0.0003       |
|    loss                 | 7.06e+07     |
|    n_updates            | 1900         |
|    policy_gradient_loss | -0.000468    |
|    std                  | 0.988        |
|    value_loss           | 1.53e+08     |
------------------------------------------
-------------------------------------------
| rollout/                |               |
|    ep_len_mean          | 8.93e+03      |
|    ep_rew_mean          | -6.43e+06     |
| time/                   |               |
|    fps                  | 422           |
|    iterations           | 192           |
|    time_elapsed         | 930           |
|    total_timesteps      | 393216        |
| train/                  |               |
|    approx_kl            | 0.00020734349 |
|    clip_fraction        | 0             |
|    clip_range           | 0.2           |
|    entropy_loss         | -5.63         |
|    explained_variance   | 0             |
|    learning_rate        | 0.0003        |
|    loss                 | 8.46e+07      |
|    n_updates            | 1910          |
|    policy_gradient_loss | -0.000398     |
|    std                  | 0.988         |
|    value_loss           | 1.73e+08      |
-------------------------------------------
-------------------------------------------
| rollout/                |               |
|    ep_len_mean          | 8.93e+03      |
|    ep_rew_mean          | -6.43e+06     |
| time/                   |               |
|    fps                  | 422           |
|    iterations           | 193           |
|    time_elapsed         | 934           |
|    total_timesteps      | 395264        |
| train/                  |               |
|    approx_kl            | 0.00039779305 |
|    clip_fraction        | 0             |
|    clip_range           | 0.2           |
|    entropy_loss         | -5.62         |
|    explained_variance   | 5.96e-08      |
|    learning_rate        | 0.0003        |
|    loss                 | 1.63e+08      |
|    n_updates            | 1920          |
|    policy_gradient_loss | -0.000818     |
|    std                  | 0.987         |
|    value_loss           | 3.43e+08      |
-------------------------------------------
------------------------------------------
| rollout/                |              |
|    ep_len_mean          | 8.93e+03     |
|    ep_rew_mean          | -6.43e+06    |
| time/                   |              |
|    fps                  | 423          |
|    iterations           | 194          |
|    time_elapsed         | 939          |
|    total_timesteps      | 397312       |
| train/                  |              |
|    approx_kl            | 0.0011545527 |
|    clip_fraction        | 0            |
|    clip_range           | 0.2          |
|    entropy_loss         | -5.62        |
|    explained_variance   | 0            |
|    learning_rate        | 0.0003       |
|    loss                 | 9.12e+07     |
|    n_updates            | 1930         |
|    policy_gradient_loss | -0.00151     |
|    std                  | 0.987        |
|    value_loss           | 1.8e+08      |
------------------------------------------
-------------------------------------------
| rollout/                |               |
|    ep_len_mean          | 8.93e+03      |
|    ep_rew_mean          | -6.43e+06     |
| time/                   |               |
|    fps                  | 423           |
|    iterations           | 195           |
|    time_elapsed         | 943           |
|    total_timesteps      | 399360        |
| train/                  |               |
|    approx_kl            | 0.00014455637 |
|    clip_fraction        | 0             |
|    clip_range           | 0.2           |
|    entropy_loss         | -5.62         |
|    explained_variance   | 1.19e-07      |
|    learning_rate        | 0.0003        |
|    loss                 | 1.02e+08      |
|    n_updates            | 1940          |
|    policy_gradient_loss | -0.000233     |
|    std                  | 0.987         |
|    value_loss           | 2.01e+08      |
-------------------------------------------
-------------------------------------------
| rollout/                |               |
|    ep_len_mean          | 8.93e+03      |
|    ep_rew_mean          | -6.43e+06     |
| time/                   |               |
|    fps                  | 423           |
|    iterations           | 196           |
|    time_elapsed         | 948           |
|    total_timesteps      | 401408        |
| train/                  |               |
|    approx_kl            | 0.00040374545 |
|    clip_fraction        | 0             |
|    clip_range           | 0.2           |
|    entropy_loss         | -5.62         |
|    explained_variance   | -1.19e-07     |
|    learning_rate        | 0.0003        |
|    loss                 | 5.91e+07      |
|    n_updates            | 1950          |
|    policy_gradient_loss | -0.000541     |
|    std                  | 0.987         |
|    value_loss           | 1.27e+08      |
-------------------------------------------
------------------------------------------
| rollout/                |              |
|    ep_len_mean          | 8.93e+03     |
|    ep_rew_mean          | -6.41e+06    |
| time/                   |              |
|    fps                  | 423          |
|    iterations           | 197          |
|    time_elapsed         | 952          |
|    total_timesteps      | 403456       |
| train/                  |              |
|    approx_kl            | 0.0002664017 |
|    clip_fraction        | 0            |
|    clip_range           | 0.2          |
|    entropy_loss         | -5.62        |
|    explained_variance   | 0            |
|    learning_rate        | 0.0003       |
|    loss                 | 1.1e+08      |
|    n_updates            | 1960         |
|    policy_gradient_loss | -0.000472    |
|    std                  | 0.987        |
|    value_loss           | 2.16e+08     |
------------------------------------------
----------------------------------------
| rollout/                |            |
|    ep_len_mean          | 8.93e+03   |
|    ep_rew_mean          | -6.41e+06  |
| time/                   |            |
|    fps                  | 423        |
|    iterations           | 198        |
|    time_elapsed         | 957        |
|    total_timesteps      | 405504     |
| train/                  |            |
|    approx_kl            | 0.00167985 |
|    clip_fraction        | 4.88e-05   |
|    clip_range           | 0.2        |
|    entropy_loss         | -5.62      |
|    explained_variance   | -1.19e-07  |
|    learning_rate        | 0.0003     |
|    loss                 | 1.05e+08   |
|    n_updates            | 1970       |
|    policy_gradient_loss | -0.00223   |
|    std                  | 0.987      |
|    value_loss           | 2.02e+08   |
----------------------------------------
------------------------------------------
| rollout/                |              |
|    ep_len_mean          | 8.93e+03     |
|    ep_rew_mean          | -6.41e+06    |
| time/                   |              |
|    fps                  | 423          |
|    iterations           | 199          |
|    time_elapsed         | 962          |
|    total_timesteps      | 407552       |
| train/                  |              |
|    approx_kl            | 0.0010516865 |
|    clip_fraction        | 0            |
|    clip_range           | 0.2          |
|    entropy_loss         | -5.62        |
|    explained_variance   | 0            |
|    learning_rate        | 0.0003       |
|    loss                 | 1.54e+08     |
|    n_updates            | 1980         |
|    policy_gradient_loss | -0.0017      |
|    std                  | 0.988        |
|    value_loss           | 3.05e+08     |
------------------------------------------
-------------------------------------------
| rollout/                |               |
|    ep_len_mean          | 8.93e+03      |
|    ep_rew_mean          | -6.41e+06     |
| time/                   |               |
|    fps                  | 423           |
|    iterations           | 200           |
|    time_elapsed         | 967           |
|    total_timesteps      | 409600        |
| train/                  |               |
|    approx_kl            | 0.00026563107 |
|    clip_fraction        | 0             |
|    clip_range           | 0.2           |
|    entropy_loss         | -5.63         |
|    explained_variance   | -1.19e-07     |
|    learning_rate        | 0.0003        |
|    loss                 | 6.98e+07      |
|    n_updates            | 1990          |
|    policy_gradient_loss | -0.000374     |
|    std                  | 0.988         |
|    value_loss           | 1.51e+08      |
-------------------------------------------
-------------------------------------------
| rollout/                |               |
|    ep_len_mean          | 8.93e+03      |
|    ep_rew_mean          | -6.42e+06     |
| time/                   |               |
|    fps                  | 423           |
|    iterations           | 201           |
|    time_elapsed         | 972           |
|    total_timesteps      | 411648        |
| train/                  |               |
|    approx_kl            | 0.00077928754 |
|    clip_fraction        | 0             |
|    clip_range           | 0.2           |
|    entropy_loss         | -5.63         |
|    explained_variance   | -2.38e-07     |
|    learning_rate        | 0.0003        |
|    loss                 | 1.03e+08      |
|    n_updates            | 2000          |
|    policy_gradient_loss | -0.00107      |
|    std                  | 0.988         |
|    value_loss           | 2e+08         |
-------------------------------------------
-------------------------------------------
| rollout/                |               |
|    ep_len_mean          | 8.93e+03      |
|    ep_rew_mean          | -6.42e+06     |
| time/                   |               |
|    fps                  | 423           |
|    iterations           | 202           |
|    time_elapsed         | 977           |
|    total_timesteps      | 413696        |
| train/                  |               |
|    approx_kl            | 0.00068091543 |
|    clip_fraction        | 0             |
|    clip_range           | 0.2           |
|    entropy_loss         | -5.63         |
|    explained_variance   | -1.19e-07     |
|    learning_rate        | 0.0003        |
|    loss                 | 1.7e+08       |
|    n_updates            | 2010          |
|    policy_gradient_loss | -0.00109      |
|    std                  | 0.988         |
|    value_loss           | 3.11e+08      |
-------------------------------------------
------------------------------------------
| rollout/                |              |
|    ep_len_mean          | 8.93e+03     |
|    ep_rew_mean          | -6.42e+06    |
| time/                   |              |
|    fps                  | 422          |
|    iterations           | 203          |
|    time_elapsed         | 983          |
|    total_timesteps      | 415744       |
| train/                  |              |
|    approx_kl            | 0.0006894992 |
|    clip_fraction        | 0            |
|    clip_range           | 0.2          |
|    entropy_loss         | -5.63        |
|    explained_variance   | 2.38e-07     |
|    learning_rate        | 0.0003       |
|    loss                 | 1.54e+08     |
|    n_updates            | 2020         |
|    policy_gradient_loss | -0.00121     |
|    std                  | 0.988        |
|    value_loss           | 2.95e+08     |
------------------------------------------
-------------------------------------------
| rollout/                |               |
|    ep_len_mean          | 8.93e+03      |
|    ep_rew_mean          | -6.42e+06     |
| time/                   |               |
|    fps                  | 422           |
|    iterations           | 204           |
|    time_elapsed         | 988           |
|    total_timesteps      | 417792        |
| train/                  |               |
|    approx_kl            | 0.00015578372 |
|    clip_fraction        | 0             |
|    clip_range           | 0.2           |
|    entropy_loss         | -5.63         |
|    explained_variance   | 0             |
|    learning_rate        | 0.0003        |
|    loss                 | 8.52e+07      |
|    n_updates            | 2030          |
|    policy_gradient_loss | -0.00028      |
|    std                  | 0.989         |
|    value_loss           | 1.71e+08      |
-------------------------------------------
-------------------------------------------
| rollout/                |               |
|    ep_len_mean          | 8.93e+03      |
|    ep_rew_mean          | -6.42e+06     |
| time/                   |               |
|    fps                  | 422           |
|    iterations           | 205           |
|    time_elapsed         | 993           |
|    total_timesteps      | 419840        |
| train/                  |               |
|    approx_kl            | 0.00012199939 |
|    clip_fraction        | 0             |
|    clip_range           | 0.2           |
|    entropy_loss         | -5.63         |
|    explained_variance   | 1.79e-07      |
|    learning_rate        | 0.0003        |
|    loss                 | 8.11e+07      |
|    n_updates            | 2040          |
|    policy_gradient_loss | -0.000273     |
|    std                  | 0.988         |
|    value_loss           | 1.7e+08       |
-------------------------------------------
-------------------------------------------
| rollout/                |               |
|    ep_len_mean          | 8.93e+03      |
|    ep_rew_mean          | -6.42e+06     |
| time/                   |               |
|    fps                  | 422           |
|    iterations           | 206           |
|    time_elapsed         | 997           |
|    total_timesteps      | 421888        |
| train/                  |               |
|    approx_kl            | 0.00051135395 |
|    clip_fraction        | 0             |
|    clip_range           | 0.2           |
|    entropy_loss         | -5.63         |
|    explained_variance   | 0             |
|    learning_rate        | 0.0003        |
|    loss                 | 1.71e+08      |
|    n_updates            | 2050          |
|    policy_gradient_loss | -0.000923     |
|    std                  | 0.988         |
|    value_loss           | 3.47e+08      |
-------------------------------------------
-------------------------------------------
| rollout/                |               |
|    ep_len_mean          | 8.93e+03      |
|    ep_rew_mean          | -6.42e+06     |
| time/                   |               |
|    fps                  | 423           |
|    iterations           | 207           |
|    time_elapsed         | 1002          |
|    total_timesteps      | 423936        |
| train/                  |               |
|    approx_kl            | 0.00051400356 |
|    clip_fraction        | 0             |
|    clip_range           | 0.2           |
|    entropy_loss         | -5.63         |
|    explained_variance   | -1.19e-07     |
|    learning_rate        | 0.0003        |
|    loss                 | 1.03e+08      |
|    n_updates            | 2060          |
|    policy_gradient_loss | -0.000733     |
|    std                  | 0.987         |
|    value_loss           | 1.84e+08      |
-------------------------------------------
-------------------------------------------
| rollout/                |               |
|    ep_len_mean          | 8.93e+03      |
|    ep_rew_mean          | -6.42e+06     |
| time/                   |               |
|    fps                  | 422           |
|    iterations           | 208           |
|    time_elapsed         | 1007          |
|    total_timesteps      | 425984        |
| train/                  |               |
|    approx_kl            | 0.00043182322 |
|    clip_fraction        | 0             |
|    clip_range           | 0.2           |
|    entropy_loss         | -5.62         |
|    explained_variance   | 0             |
|    learning_rate        | 0.0003        |
|    loss                 | 1.24e+08      |
|    n_updates            | 2070          |
|    policy_gradient_loss | -0.000735     |
|    std                  | 0.987         |
|    value_loss           | 2.48e+08      |
-------------------------------------------
------------------------------------------
| rollout/                |              |
|    ep_len_mean          | 8.93e+03     |
|    ep_rew_mean          | -6.42e+06    |
| time/                   |              |
|    fps                  | 421          |
|    iterations           | 209          |
|    time_elapsed         | 1014         |
|    total_timesteps      | 428032       |
| train/                  |              |
|    approx_kl            | 0.0025746562 |
|    clip_fraction        | 0.00103      |
|    clip_range           | 0.2          |
|    entropy_loss         | -5.62        |
|    explained_variance   | 0            |
|    learning_rate        | 0.0003       |
|    loss                 | 7.54e+07     |
|    n_updates            | 2080         |
|    policy_gradient_loss | -0.00317     |
|    std                  | 0.987        |
|    value_loss           | 1.54e+08     |
------------------------------------------
------------------------------------------
| rollout/                |              |
|    ep_len_mean          | 8.93e+03     |
|    ep_rew_mean          | -6.42e+06    |
| time/                   |              |
|    fps                  | 421          |
|    iterations           | 210          |
|    time_elapsed         | 1021         |
|    total_timesteps      | 430080       |
| train/                  |              |
|    approx_kl            | 0.0006672652 |
|    clip_fraction        | 0            |
|    clip_range           | 0.2          |
|    entropy_loss         | -5.62        |
|    explained_variance   | 0            |
|    learning_rate        | 0.0003       |
|    loss                 | 1.13e+08     |
|    n_updates            | 2090         |
|    policy_gradient_loss | -0.000964    |
|    std                  | 0.987        |
|    value_loss           | 2.19e+08     |
------------------------------------------
------------------------------------------
| rollout/                |              |
|    ep_len_mean          | 8.93e+03     |
|    ep_rew_mean          | -6.42e+06    |
| time/                   |              |
|    fps                  | 421          |
|    iterations           | 211          |
|    time_elapsed         | 1025         |
|    total_timesteps      | 432128       |
| train/                  |              |
|    approx_kl            | 0.0003708155 |
|    clip_fraction        | 0            |
|    clip_range           | 0.2          |
|    entropy_loss         | -5.62        |
|    explained_variance   | 0            |
|    learning_rate        | 0.0003       |
|    loss                 | 1.37e+08     |
|    n_updates            | 2100         |
|    policy_gradient_loss | -0.000634    |
|    std                  | 0.987        |
|    value_loss           | 2.29e+08     |
------------------------------------------
-------------------------------------------
| rollout/                |               |
|    ep_len_mean          | 8.93e+03      |
|    ep_rew_mean          | -6.42e+06     |
| time/                   |               |
|    fps                  | 421           |
|    iterations           | 212           |
|    time_elapsed         | 1030          |
|    total_timesteps      | 434176        |
| train/                  |               |
|    approx_kl            | 0.00037579823 |
|    clip_fraction        | 0             |
|    clip_range           | 0.2           |
|    entropy_loss         | -5.62         |
|    explained_variance   | 0             |
|    learning_rate        | 0.0003        |
|    loss                 | 1.32e+08      |
|    n_updates            | 2110          |
|    policy_gradient_loss | -0.000677     |
|    std                  | 0.987         |
|    value_loss           | 2.74e+08      |
-------------------------------------------
------------------------------------------
| rollout/                |              |
|    ep_len_mean          | 8.93e+03     |
|    ep_rew_mean          | -6.42e+06    |
| time/                   |              |
|    fps                  | 421          |
|    iterations           | 213          |
|    time_elapsed         | 1034         |
|    total_timesteps      | 436224       |
| train/                  |              |
|    approx_kl            | 0.0011309665 |
|    clip_fraction        | 0            |
|    clip_range           | 0.2          |
|    entropy_loss         | -5.62        |
|    explained_variance   | 0            |
|    learning_rate        | 0.0003       |
|    loss                 | 6.12e+07     |
|    n_updates            | 2120         |
|    policy_gradient_loss | -0.00119     |
|    std                  | 0.987        |
|    value_loss           | 1.25e+08     |
------------------------------------------
-----------------------------------------
| rollout/                |             |
|    ep_len_mean          | 8.93e+03    |
|    ep_rew_mean          | -6.42e+06   |
| time/                   |             |
|    fps                  | 421         |
|    iterations           | 214         |
|    time_elapsed         | 1039        |
|    total_timesteps      | 438272      |
| train/                  |             |
|    approx_kl            | 0.000878721 |
|    clip_fraction        | 0           |
|    clip_range           | 0.2         |
|    entropy_loss         | -5.62       |
|    explained_variance   | 0           |
|    learning_rate        | 0.0003      |
|    loss                 | 8.54e+07    |
|    n_updates            | 2130        |
|    policy_gradient_loss | -0.00108    |
|    std                  | 0.987       |
|    value_loss           | 1.74e+08    |
-----------------------------------------
------------------------------------------
| rollout/                |              |
|    ep_len_mean          | 8.93e+03     |
|    ep_rew_mean          | -6.42e+06    |
| time/                   |              |
|    fps                  | 421          |
|    iterations           | 215          |
|    time_elapsed         | 1043         |
|    total_timesteps      | 440320       |
| train/                  |              |
|    approx_kl            | 0.0014542786 |
|    clip_fraction        | 9.77e-05     |
|    clip_range           | 0.2          |
|    entropy_loss         | -5.62        |
|    explained_variance   | 0            |
|    learning_rate        | 0.0003       |
|    loss                 | 1.48e+08     |
|    n_updates            | 2140         |
|    policy_gradient_loss | -0.00237     |
|    std                  | 0.987        |
|    value_loss           | 2.96e+08     |
------------------------------------------
-------------------------------------------
| rollout/                |               |
|    ep_len_mean          | 8.93e+03      |
|    ep_rew_mean          | -6.42e+06     |
| time/                   |               |
|    fps                  | 421           |
|    iterations           | 216           |
|    time_elapsed         | 1048          |
|    total_timesteps      | 442368        |
| train/                  |               |
|    approx_kl            | 0.00047946925 |
|    clip_fraction        | 0             |
|    clip_range           | 0.2           |
|    entropy_loss         | -5.62         |
|    explained_variance   | -2.38e-07     |
|    learning_rate        | 0.0003        |
|    loss                 | 1.27e+08      |
|    n_updates            | 2150          |
|    policy_gradient_loss | -0.000764     |
|    std                  | 0.986         |
|    value_loss           | 2.75e+08      |
-------------------------------------------
------------------------------------------
| rollout/                |              |
|    ep_len_mean          | 8.93e+03     |
|    ep_rew_mean          | -6.42e+06    |
| time/                   |              |
|    fps                  | 421          |
|    iterations           | 217          |
|    time_elapsed         | 1053         |
|    total_timesteps      | 444416       |
| train/                  |              |
|    approx_kl            | 0.0005905417 |
|    clip_fraction        | 0            |
|    clip_range           | 0.2          |
|    entropy_loss         | -5.62        |
|    explained_variance   | -1.19e-07    |
|    learning_rate        | 0.0003       |
|    loss                 | 8.82e+07     |
|    n_updates            | 2160         |
|    policy_gradient_loss | -0.000823    |
|    std                  | 0.986        |
|    value_loss           | 1.75e+08     |
------------------------------------------
-------------------------------------------
| rollout/                |               |
|    ep_len_mean          | 8.93e+03      |
|    ep_rew_mean          | -6.42e+06     |
| time/                   |               |
|    fps                  | 421           |
|    iterations           | 218           |
|    time_elapsed         | 1058          |
|    total_timesteps      | 446464        |
| train/                  |               |
|    approx_kl            | 0.00081770506 |
|    clip_fraction        | 0             |
|    clip_range           | 0.2           |
|    entropy_loss         | -5.62         |
|    explained_variance   | 1.19e-07      |
|    learning_rate        | 0.0003        |
|    loss                 | 7.76e+07      |
|    n_updates            | 2170          |
|    policy_gradient_loss | -0.000935     |
|    std                  | 0.986         |
|    value_loss           | 1.57e+08      |
-------------------------------------------
------------------------------------------
| rollout/                |              |
|    ep_len_mean          | 8.93e+03     |
|    ep_rew_mean          | -6.42e+06    |
| time/                   |              |
|    fps                  | 421          |
|    iterations           | 219          |
|    time_elapsed         | 1062         |
|    total_timesteps      | 448512       |
| train/                  |              |
|    approx_kl            | 0.0002520623 |
|    clip_fraction        | 0            |
|    clip_range           | 0.2          |
|    entropy_loss         | -5.62        |
|    explained_variance   | 0            |
|    learning_rate        | 0.0003       |
|    loss                 | 1.57e+08     |
|    n_updates            | 2180         |
|    policy_gradient_loss | -0.000473    |
|    std                  | 0.986        |
|    value_loss           | 3.24e+08     |
------------------------------------------
-------------------------------------------
| rollout/                |               |
|    ep_len_mean          | 8.93e+03      |
|    ep_rew_mean          | -6.42e+06     |
| time/                   |               |
|    fps                  | 422           |
|    iterations           | 220           |
|    time_elapsed         | 1067          |
|    total_timesteps      | 450560        |
| train/                  |               |
|    approx_kl            | 0.00059416157 |
|    clip_fraction        | 0             |
|    clip_range           | 0.2           |
|    entropy_loss         | -5.62         |
|    explained_variance   | 1.19e-07      |
|    learning_rate        | 0.0003        |
|    loss                 | 8.78e+07      |
|    n_updates            | 2190          |
|    policy_gradient_loss | -0.000918     |
|    std                  | 0.986         |
|    value_loss           | 1.76e+08      |
-------------------------------------------
------------------------------------------
| rollout/                |              |
|    ep_len_mean          | 8.93e+03     |
|    ep_rew_mean          | -6.42e+06    |
| time/                   |              |
|    fps                  | 422          |
|    iterations           | 221          |
|    time_elapsed         | 1072         |
|    total_timesteps      | 452608       |
| train/                  |              |
|    approx_kl            | 0.0006644374 |
|    clip_fraction        | 0            |
|    clip_range           | 0.2          |
|    entropy_loss         | -5.62        |
|    explained_variance   | 1.19e-07     |
|    learning_rate        | 0.0003       |
|    loss                 | 1.45e+08     |
|    n_updates            | 2200         |
|    policy_gradient_loss | -0.00108     |
|    std                  | 0.986        |
|    value_loss           | 2.71e+08     |
------------------------------------------
------------------------------------------
| rollout/                |              |
|    ep_len_mean          | 8.93e+03     |
|    ep_rew_mean          | -6.42e+06    |
| time/                   |              |
|    fps                  | 421          |
|    iterations           | 222          |
|    time_elapsed         | 1077         |
|    total_timesteps      | 454656       |
| train/                  |              |
|    approx_kl            | 0.0003999109 |
|    clip_fraction        | 0            |
|    clip_range           | 0.2          |
|    entropy_loss         | -5.62        |
|    explained_variance   | 5.96e-08     |
|    learning_rate        | 0.0003       |
|    loss                 | 8.11e+07     |
|    n_updates            | 2210         |
|    policy_gradient_loss | -0.000489    |
|    std                  | 0.986        |
|    value_loss           | 1.67e+08     |
------------------------------------------
-------------------------------------------
| rollout/                |               |
|    ep_len_mean          | 8.93e+03      |
|    ep_rew_mean          | -6.42e+06     |
| time/                   |               |
|    fps                  | 421           |
|    iterations           | 223           |
|    time_elapsed         | 1082          |
|    total_timesteps      | 456704        |
| train/                  |               |
|    approx_kl            | 0.00020281243 |
|    clip_fraction        | 0             |
|    clip_range           | 0.2           |
|    entropy_loss         | -5.62         |
|    explained_variance   | 5.96e-08      |
|    learning_rate        | 0.0003        |
|    loss                 | 1.08e+08      |
|    n_updates            | 2220          |
|    policy_gradient_loss | -0.000315     |
|    std                  | 0.986         |
|    value_loss           | 2.04e+08      |
-------------------------------------------
------------------------------------------
| rollout/                |              |
|    ep_len_mean          | 8.93e+03     |
|    ep_rew_mean          | -6.42e+06    |
| time/                   |              |
|    fps                  | 421          |
|    iterations           | 224          |
|    time_elapsed         | 1088         |
|    total_timesteps      | 458752       |
| train/                  |              |
|    approx_kl            | 0.0010900386 |
|    clip_fraction        | 0            |
|    clip_range           | 0.2          |
|    entropy_loss         | -5.62        |
|    explained_variance   | 0            |
|    learning_rate        | 0.0003       |
|    loss                 | 1.49e+08     |
|    n_updates            | 2230         |
|    policy_gradient_loss | -0.00166     |
|    std                  | 0.985        |
|    value_loss           | 2.65e+08     |
------------------------------------------
------------------------------------------
| rollout/                |              |
|    ep_len_mean          | 8.93e+03     |
|    ep_rew_mean          | -6.42e+06    |
| time/                   |              |
|    fps                  | 421          |
|    iterations           | 225          |
|    time_elapsed         | 1094         |
|    total_timesteps      | 460800       |
| train/                  |              |
|    approx_kl            | 0.0014029578 |
|    clip_fraction        | 4.88e-05     |
|    clip_range           | 0.2          |
|    entropy_loss         | -5.62        |
|    explained_variance   | 0            |
|    learning_rate        | 0.0003       |
|    loss                 | 1.28e+08     |
|    n_updates            | 2240         |
|    policy_gradient_loss | -0.00228     |
|    std                  | 0.986        |
|    value_loss           | 2.76e+08     |
------------------------------------------
-----------------------------------------
| rollout/                |             |
|    ep_len_mean          | 8.93e+03    |
|    ep_rew_mean          | -6.42e+06   |
| time/                   |             |
|    fps                  | 420         |
|    iterations           | 226         |
|    time_elapsed         | 1100        |
|    total_timesteps      | 462848      |
| train/                  |             |
|    approx_kl            | 0.001646501 |
|    clip_fraction        | 9.77e-05    |
|    clip_range           | 0.2         |
|    entropy_loss         | -5.62       |
|    explained_variance   | 0           |
|    learning_rate        | 0.0003      |
|    loss                 | 6.78e+07    |
|    n_updates            | 2250        |
|    policy_gradient_loss | -0.00166    |
|    std                  | 0.986       |
|    value_loss           | 1.26e+08    |
-----------------------------------------
------------------------------------------
| rollout/                |              |
|    ep_len_mean          | 8.93e+03     |
|    ep_rew_mean          | -6.41e+06    |
| time/                   |              |
|    fps                  | 420          |
|    iterations           | 227          |
|    time_elapsed         | 1106         |
|    total_timesteps      | 464896       |
| train/                  |              |
|    approx_kl            | 0.0007007831 |
|    clip_fraction        | 0            |
|    clip_range           | 0.2          |
|    entropy_loss         | -5.62        |
|    explained_variance   | 0            |
|    learning_rate        | 0.0003       |
|    loss                 | 8.65e+07     |
|    n_updates            | 2260         |
|    policy_gradient_loss | -0.000897    |
|    std                  | 0.986        |
|    value_loss           | 1.65e+08     |
------------------------------------------
-------------------------------------------
| rollout/                |               |
|    ep_len_mean          | 8.93e+03      |
|    ep_rew_mean          | -6.41e+06     |
| time/                   |               |
|    fps                  | 420           |
|    iterations           | 228           |
|    time_elapsed         | 1110          |
|    total_timesteps      | 466944        |
| train/                  |               |
|    approx_kl            | 8.8604575e-05 |
|    clip_fraction        | 0             |
|    clip_range           | 0.2           |
|    entropy_loss         | -5.62         |
|    explained_variance   | 0             |
|    learning_rate        | 0.0003        |
|    loss                 | 1.56e+08      |
|    n_updates            | 2270          |
|    policy_gradient_loss | -0.000197     |
|    std                  | 0.986         |
|    value_loss           | 3.12e+08      |
-------------------------------------------
-------------------------------------------
| rollout/                |               |
|    ep_len_mean          | 8.93e+03      |
|    ep_rew_mean          | -6.41e+06     |
| time/                   |               |
|    fps                  | 420           |
|    iterations           | 229           |
|    time_elapsed         | 1114          |
|    total_timesteps      | 468992        |
| train/                  |               |
|    approx_kl            | 0.00028875927 |
|    clip_fraction        | 0             |
|    clip_range           | 0.2           |
|    entropy_loss         | -5.62         |
|    explained_variance   | 0             |
|    learning_rate        | 0.0003        |
|    loss                 | 1.2e+08       |
|    n_updates            | 2280          |
|    policy_gradient_loss | -0.000432     |
|    std                  | 0.986         |
|    value_loss           | 2.66e+08      |
-------------------------------------------
------------------------------------------
| rollout/                |              |
|    ep_len_mean          | 8.93e+03     |
|    ep_rew_mean          | -6.41e+06    |
| time/                   |              |
|    fps                  | 420          |
|    iterations           | 230          |
|    time_elapsed         | 1119         |
|    total_timesteps      | 471040       |
| train/                  |              |
|    approx_kl            | 0.0012227998 |
|    clip_fraction        | 4.88e-05     |
|    clip_range           | 0.2          |
|    entropy_loss         | -5.62        |
|    explained_variance   | -1.19e-07    |
|    learning_rate        | 0.0003       |
|    loss                 | 1.06e+08     |
|    n_updates            | 2290         |
|    policy_gradient_loss | -0.00176     |
|    std                  | 0.985        |
|    value_loss           | 2.08e+08     |
------------------------------------------
------------------------------------------
| rollout/                |              |
|    ep_len_mean          | 8.93e+03     |
|    ep_rew_mean          | -6.41e+06    |
| time/                   |              |
|    fps                  | 420          |
|    iterations           | 231          |
|    time_elapsed         | 1124         |
|    total_timesteps      | 473088       |
| train/                  |              |
|    approx_kl            | 0.0021190147 |
|    clip_fraction        | 0.000195     |
|    clip_range           | 0.2          |
|    entropy_loss         | -5.62        |
|    explained_variance   | 0            |
|    learning_rate        | 0.0003       |
|    loss                 | 7.63e+07     |
|    n_updates            | 2300         |
|    policy_gradient_loss | -0.0026      |
|    std                  | 0.985        |
|    value_loss           | 1.59e+08     |
------------------------------------------
------------------------------------------
| rollout/                |              |
|    ep_len_mean          | 8.93e+03     |
|    ep_rew_mean          | -6.42e+06    |
| time/                   |              |
|    fps                  | 420          |
|    iterations           | 232          |
|    time_elapsed         | 1128         |
|    total_timesteps      | 475136       |
| train/                  |              |
|    approx_kl            | 0.0011519128 |
|    clip_fraction        | 0            |
|    clip_range           | 0.2          |
|    entropy_loss         | -5.62        |
|    explained_variance   | 0            |
|    learning_rate        | 0.0003       |
|    loss                 | 1.57e+08     |
|    n_updates            | 2310         |
|    policy_gradient_loss | -0.00181     |
|    std                  | 0.985        |
|    value_loss           | 3.22e+08     |
------------------------------------------
------------------------------------------
| rollout/                |              |
|    ep_len_mean          | 8.93e+03     |
|    ep_rew_mean          | -6.42e+06    |
| time/                   |              |
|    fps                  | 421          |
|    iterations           | 233          |
|    time_elapsed         | 1133         |
|    total_timesteps      | 477184       |
| train/                  |              |
|    approx_kl            | 0.0005052552 |
|    clip_fraction        | 0            |
|    clip_range           | 0.2          |
|    entropy_loss         | -5.62        |
|    explained_variance   | -1.19e-07    |
|    learning_rate        | 0.0003       |
|    loss                 | 8.09e+07     |
|    n_updates            | 2320         |
|    policy_gradient_loss | -0.000652    |
|    std                  | 0.985        |
|    value_loss           | 1.67e+08     |
------------------------------------------
-------------------------------------------
| rollout/                |               |
|    ep_len_mean          | 8.93e+03      |
|    ep_rew_mean          | -6.42e+06     |
| time/                   |               |
|    fps                  | 420           |
|    iterations           | 234           |
|    time_elapsed         | 1138          |
|    total_timesteps      | 479232        |
| train/                  |               |
|    approx_kl            | 0.00038504106 |
|    clip_fraction        | 0             |
|    clip_range           | 0.2           |
|    entropy_loss         | -5.62         |
|    explained_variance   | -2.38e-07     |
|    learning_rate        | 0.0003        |
|    loss                 | 1.31e+08      |
|    n_updates            | 2330          |
|    policy_gradient_loss | -0.000633     |
|    std                  | 0.986         |
|    value_loss           | 2.63e+08      |
-------------------------------------------
------------------------------------------
| rollout/                |              |
|    ep_len_mean          | 8.93e+03     |
|    ep_rew_mean          | -6.42e+06    |
| time/                   |              |
|    fps                  | 421          |
|    iterations           | 235          |
|    time_elapsed         | 1143         |
|    total_timesteps      | 481280       |
| train/                  |              |
|    approx_kl            | 0.0014257898 |
|    clip_fraction        | 0.000146     |
|    clip_range           | 0.2          |
|    entropy_loss         | -5.62        |
|    explained_variance   | 0            |
|    learning_rate        | 0.0003       |
|    loss                 | 7.86e+07     |
|    n_updates            | 2340         |
|    policy_gradient_loss | -0.00174     |
|    std                  | 0.986        |
|    value_loss           | 1.55e+08     |
------------------------------------------
-------------------------------------------
| rollout/                |               |
|    ep_len_mean          | 8.93e+03      |
|    ep_rew_mean          | -6.42e+06     |
| time/                   |               |
|    fps                  | 421           |
|    iterations           | 236           |
|    time_elapsed         | 1147          |
|    total_timesteps      | 483328        |
| train/                  |               |
|    approx_kl            | 0.00073339103 |
|    clip_fraction        | 0             |
|    clip_range           | 0.2           |
|    entropy_loss         | -5.62         |
|    explained_variance   | -1.19e-07     |
|    learning_rate        | 0.0003        |
|    loss                 | 9.21e+07      |
|    n_updates            | 2350          |
|    policy_gradient_loss | -0.000909     |
|    std                  | 0.986         |
|    value_loss           | 1.8e+08       |
-------------------------------------------
------------------------------------------
| rollout/                |              |
|    ep_len_mean          | 8.93e+03     |
|    ep_rew_mean          | -6.42e+06    |
| time/                   |              |
|    fps                  | 421          |
|    iterations           | 237          |
|    time_elapsed         | 1152         |
|    total_timesteps      | 485376       |
| train/                  |              |
|    approx_kl            | 0.0005494951 |
|    clip_fraction        | 0            |
|    clip_range           | 0.2          |
|    entropy_loss         | -5.62        |
|    explained_variance   | 1.19e-07     |
|    learning_rate        | 0.0003       |
|    loss                 | 1.38e+08     |
|    n_updates            | 2360         |
|    policy_gradient_loss | -0.000803    |
|    std                  | 0.986        |
|    value_loss           | 2.72e+08     |
------------------------------------------
-------------------------------------------
| rollout/                |               |
|    ep_len_mean          | 8.93e+03      |
|    ep_rew_mean          | -6.42e+06     |
| time/                   |               |
|    fps                  | 421           |
|    iterations           | 238           |
|    time_elapsed         | 1157          |
|    total_timesteps      | 487424        |
| train/                  |               |
|    approx_kl            | 0.00036524984 |
|    clip_fraction        | 0             |
|    clip_range           | 0.2           |
|    entropy_loss         | -5.62         |
|    explained_variance   | 3.58e-07      |
|    learning_rate        | 0.0003        |
|    loss                 | 1.58e+08      |
|    n_updates            | 2370          |
|    policy_gradient_loss | -0.000651     |
|    std                  | 0.986         |
|    value_loss           | 3.09e+08      |
-------------------------------------------
------------------------------------------
| rollout/                |              |
|    ep_len_mean          | 8.93e+03     |
|    ep_rew_mean          | -6.42e+06    |
| time/                   |              |
|    fps                  | 420          |
|    iterations           | 239          |
|    time_elapsed         | 1163         |
|    total_timesteps      | 489472       |
| train/                  |              |
|    approx_kl            | 0.0005643686 |
|    clip_fraction        | 0            |
|    clip_range           | 0.2          |
|    entropy_loss         | -5.62        |
|    explained_variance   | 0            |
|    learning_rate        | 0.0003       |
|    loss                 | 7.57e+07     |
|    n_updates            | 2380         |
|    policy_gradient_loss | -0.000792    |
|    std                  | 0.987        |
|    value_loss           | 1.49e+08     |
------------------------------------------
-------------------------------------------
| rollout/                |               |
|    ep_len_mean          | 8.93e+03      |
|    ep_rew_mean          | -6.42e+06     |
| time/                   |               |
|    fps                  | 420           |
|    iterations           | 240           |
|    time_elapsed         | 1169          |
|    total_timesteps      | 491520        |
| train/                  |               |
|    approx_kl            | 0.00036220197 |
|    clip_fraction        | 0             |
|    clip_range           | 0.2           |
|    entropy_loss         | -5.62         |
|    explained_variance   | -1.19e-07     |
|    learning_rate        | 0.0003        |
|    loss                 | 8.68e+07      |
|    n_updates            | 2390          |
|    policy_gradient_loss | -0.000504     |
|    std                  | 0.987         |
|    value_loss           | 1.76e+08      |
-------------------------------------------
-------------------------------------------
| rollout/                |               |
|    ep_len_mean          | 8.93e+03      |
|    ep_rew_mean          | -6.42e+06     |
| time/                   |               |
|    fps                  | 420           |
|    iterations           | 241           |
|    time_elapsed         | 1174          |
|    total_timesteps      | 493568        |
| train/                  |               |
|    approx_kl            | 0.00010730553 |
|    clip_fraction        | 0             |
|    clip_range           | 0.2           |
|    entropy_loss         | -5.62         |
|    explained_variance   | 0             |
|    learning_rate        | 0.0003        |
|    loss                 | 1.49e+08      |
|    n_updates            | 2400          |
|    policy_gradient_loss | -0.000227     |
|    std                  | 0.987         |
|    value_loss           | 3.48e+08      |
-------------------------------------------
------------------------------------------
| rollout/                |              |
|    ep_len_mean          | 8.93e+03     |
|    ep_rew_mean          | -6.42e+06    |
| time/                   |              |
|    fps                  | 420          |
|    iterations           | 242          |
|    time_elapsed         | 1179         |
|    total_timesteps      | 495616       |
| train/                  |              |
|    approx_kl            | 0.0006361699 |
|    clip_fraction        | 0            |
|    clip_range           | 0.2          |
|    entropy_loss         | -5.62        |
|    explained_variance   | -1.19e-07    |
|    learning_rate        | 0.0003       |
|    loss                 | 1.04e+08     |
|    n_updates            | 2410         |
|    policy_gradient_loss | -0.00101     |
|    std                  | 0.986        |
|    value_loss           | 2.09e+08     |
------------------------------------------
-------------------------------------------
| rollout/                |               |
|    ep_len_mean          | 8.93e+03      |
|    ep_rew_mean          | -6.42e+06     |
| time/                   |               |
|    fps                  | 420           |
|    iterations           | 243           |
|    time_elapsed         | 1184          |
|    total_timesteps      | 497664        |
| train/                  |               |
|    approx_kl            | 0.00095681613 |
|    clip_fraction        | 0             |
|    clip_range           | 0.2           |
|    entropy_loss         | -5.62         |
|    explained_variance   | 0             |
|    learning_rate        | 0.0003        |
|    loss                 | 9.92e+07      |
|    n_updates            | 2420          |
|    policy_gradient_loss | -0.00131      |
|    std                  | 0.986         |
|    value_loss           | 2.01e+08      |
-------------------------------------------
-------------------------------------------
| rollout/                |               |
|    ep_len_mean          | 8.93e+03      |
|    ep_rew_mean          | -6.42e+06     |
| time/                   |               |
|    fps                  | 420           |
|    iterations           | 244           |
|    time_elapsed         | 1188          |
|    total_timesteps      | 499712        |
| train/                  |               |
|    approx_kl            | 0.00012361191 |
|    clip_fraction        | 0             |
|    clip_range           | 0.2           |
|    entropy_loss         | -5.62         |
|    explained_variance   | 0             |
|    learning_rate        | 0.0003        |
|    loss                 | 5.72e+07      |
|    n_updates            | 2430          |
|    policy_gradient_loss | -0.000211     |
|    std                  | 0.987         |
|    value_loss           | 1.35e+08      |
-------------------------------------------
-------------------------------------------
| rollout/                |               |
|    ep_len_mean          | 8.93e+03      |
|    ep_rew_mean          | -6.41e+06     |
| time/                   |               |
|    fps                  | 420           |
|    iterations           | 245           |
|    time_elapsed         | 1193          |
|    total_timesteps      | 501760        |
| train/                  |               |
|    approx_kl            | 0.00034794066 |
|    clip_fraction        | 0             |
|    clip_range           | 0.2           |
|    entropy_loss         | -5.62         |
|    explained_variance   | 0             |
|    learning_rate        | 0.0003        |
|    loss                 | 1.32e+08      |
|    n_updates            | 2440          |
|    policy_gradient_loss | -0.00055      |
|    std                  | 0.987         |
|    value_loss           | 2.53e+08      |
-------------------------------------------

Model saved to C:\Users\jagal\copilot-worktrees\dc-energy-joint-optimization\jagal-microsoft-literate-umbrella\models\oof_v2_2025\_tmp\eh_to_ad_global_spatial_s101_3421d76ade904f8994335ed0eb3fb7ec\ppo_global_model_eh_v2_2025
