# eh_to_ad:us_batch:s110
# job: {"alpha": 0.015, "baseline_scope": {"batch_no_deferral_ablation": "Drain Immediately", "excluded_from_headline": "DQN/CFWS and algorithm-superiority tests", "headroom_only": "clairvoyant fluid QP lower bound", "primary": "Status Quo (local, no deferral)", "routing_sanity": "Round Robin"}, "batch": true, "completion_penalty": 1000.0, "config": "us_batch", "domain_randomization": true, "enforce_batch_completion": true, "fold": "eh_to_ad", "gamma": 1.0, "job_fingerprint": "96b6a393074c20268192dae00cfa5d460bce5c8afe94675c33db5a6a592775bb", "protocol_sha256": "db21076d691ed2d29ceeac798ebc075fb6b60ff4851959d58d8a5a70deaf3317", "region": "us", "seed": 110, "test_scenario": "env/scenarios/us_model_v2_2025.yaml", "timesteps": 501760, "train_scenario": "env/scenarios/us_model_eh_v2_2025.yaml"}
# command: C:\Python314\python.exe train.py --scenario C:\Users\jagal\copilot-worktrees\dc-energy-joint-optimization\jagal-microsoft-literate-umbrella\env\scenarios\us_model_eh_v2_2025.yaml --timesteps 501760 --lr 0.0003 --n-steps 2048 --batch-size 64 --net-arch 128 128 --peak-penalty-weight 0.015 --seed 110 --output-dir C:\Users\jagal\copilot-worktrees\dc-energy-joint-optimization\jagal-microsoft-literate-umbrella\models\oof_v2_2025\_tmp\eh_to_ad_us_batch_s110_e0e9df21c1d445a1931a96602e6f233c --domain-rand --batch-mode --enforce-batch-completion --completion-penalty 1000.0 --gamma 1.0
# started: 2026-08-06T04:39:25.698878+00:00

=== Training PPO on scenario: us_model_eh_v2_2025_batch_completion_guard ===
Observation space: Box(-inf, inf, (55,), float32)
Action space: Box(-3.0, 3.0, (12,), float32)
Number of DCs: 4
Max steps per episode: 8928
Gamma: 1.0
Economic safety: backlog=$1,000.00/unit-step, expiry=$1,000.00/unit, reward_scale=0.0001, dense_completion=True
  US-Pacific: batch_fraction=0.235, mean_dur=5407s
  US-Mountain: batch_fraction=0.084, mean_dur=4959s
  US-Central: batch_fraction=0.377, mean_dur=5246s
  US-Eastern: batch_fraction=0.291, mean_dur=8094s
Using cpu device
Wrapping the env with a `Monitor` wrapper
Wrapping the env in a DummyVecEnv.

Training for 501760 timesteps...
-----------------------------
| time/              |      |
|    fps             | 713  |
|    iterations      | 1    |
|    time_elapsed    | 2    |
|    total_timesteps | 2048 |
-----------------------------
-----------------------------------------
| time/                   |             |
|    fps                  | 467         |
|    iterations           | 2           |
|    time_elapsed         | 8           |
|    total_timesteps      | 4096        |
| train/                  |             |
|    approx_kl            | 0.012412634 |
|    clip_fraction        | 0.141       |
|    clip_range           | 0.2         |
|    entropy_loss         | -17         |
|    explained_variance   | 0.169       |
|    learning_rate        | 0.0003      |
|    loss                 | -0.0122     |
|    n_updates            | 10          |
|    policy_gradient_loss | -0.0171     |
|    std                  | 0.997       |
|    value_loss           | 0.0957      |
-----------------------------------------
------------------------------------------
| time/                   |              |
|    fps                  | 451          |
|    iterations           | 3            |
|    time_elapsed         | 13           |
|    total_timesteps      | 6144         |
| train/                  |              |
|    approx_kl            | 0.0121509265 |
|    clip_fraction        | 0.122        |
|    clip_range           | 0.2          |
|    entropy_loss         | -17          |
|    explained_variance   | 0.697        |
|    learning_rate        | 0.0003       |
|    loss                 | 0.0299       |
|    n_updates            | 20           |
|    policy_gradient_loss | -0.0137      |
|    std                  | 0.996        |
|    value_loss           | 0.183        |
------------------------------------------
-----------------------------------------
| time/                   |             |
|    fps                  | 443         |
|    iterations           | 4           |
|    time_elapsed         | 18          |
|    total_timesteps      | 8192        |
| train/                  |             |
|    approx_kl            | 0.014503285 |
|    clip_fraction        | 0.146       |
|    clip_range           | 0.2         |
|    entropy_loss         | -17         |
|    explained_variance   | 0.833       |
|    learning_rate        | 0.0003      |
|    loss                 | 0.0318      |
|    n_updates            | 30          |
|    policy_gradient_loss | -0.0177     |
|    std                  | 0.993       |
|    value_loss           | 0.192       |
-----------------------------------------
-----------------------------------------
| rollout/                |             |
|    ep_len_mean          | 8.93e+03    |
|    ep_rew_mean          | -701        |
| time/                   |             |
|    fps                  | 410         |
|    iterations           | 5           |
|    time_elapsed         | 24          |
|    total_timesteps      | 10240       |
| train/                  |             |
|    approx_kl            | 0.013137682 |
|    clip_fraction        | 0.131       |
|    clip_range           | 0.2         |
|    entropy_loss         | -16.9       |
|    explained_variance   | 0.905       |
|    learning_rate        | 0.0003      |
|    loss                 | 0.0785      |
|    n_updates            | 40          |
|    policy_gradient_loss | -0.0165     |
|    std                  | 0.991       |
|    value_loss           | 0.258       |
-----------------------------------------
-----------------------------------------
| rollout/                |             |
|    ep_len_mean          | 8.93e+03    |
|    ep_rew_mean          | -701        |
| time/                   |             |
|    fps                  | 392         |
|    iterations           | 6           |
|    time_elapsed         | 31          |
|    total_timesteps      | 12288       |
| train/                  |             |
|    approx_kl            | 0.014286451 |
|    clip_fraction        | 0.151       |
|    clip_range           | 0.2         |
|    entropy_loss         | -16.9       |
|    explained_variance   | 0.827       |
|    learning_rate        | 0.0003      |
|    loss                 | 0.283       |
|    n_updates            | 50          |
|    policy_gradient_loss | -0.0158     |
|    std                  | 0.987       |
|    value_loss           | 0.599       |
-----------------------------------------
-----------------------------------------
| rollout/                |             |
|    ep_len_mean          | 8.93e+03    |
|    ep_rew_mean          | -701        |
| time/                   |             |
|    fps                  | 383         |
|    iterations           | 7           |
|    time_elapsed         | 37          |
|    total_timesteps      | 14336       |
| train/                  |             |
|    approx_kl            | 0.012937885 |
|    clip_fraction        | 0.149       |
|    clip_range           | 0.2         |
|    entropy_loss         | -16.9       |
|    explained_variance   | 0.922       |
|    learning_rate        | 0.0003      |
|    loss                 | 0.0631      |
|    n_updates            | 60          |
|    policy_gradient_loss | -0.0152     |
|    std                  | 0.985       |
|    value_loss           | 0.307       |
-----------------------------------------
-----------------------------------------
| rollout/                |             |
|    ep_len_mean          | 8.93e+03    |
|    ep_rew_mean          | -701        |
| time/                   |             |
|    fps                  | 380         |
|    iterations           | 8           |
|    time_elapsed         | 43          |
|    total_timesteps      | 16384       |
| train/                  |             |
|    approx_kl            | 0.013319209 |
|    clip_fraction        | 0.149       |
|    clip_range           | 0.2         |
|    entropy_loss         | -16.8       |
|    explained_variance   | 0.926       |
|    learning_rate        | 0.0003      |
|    loss                 | 0.153       |
|    n_updates            | 70          |
|    policy_gradient_loss | -0.0144     |
|    std                  | 0.985       |
|    value_loss           | 0.355       |
-----------------------------------------
-----------------------------------------
| rollout/                |             |
|    ep_len_mean          | 8.93e+03    |
|    ep_rew_mean          | -685        |
| time/                   |             |
|    fps                  | 372         |
|    iterations           | 9           |
|    time_elapsed         | 49          |
|    total_timesteps      | 18432       |
| train/                  |             |
|    approx_kl            | 0.017977923 |
|    clip_fraction        | 0.172       |
|    clip_range           | 0.2         |
|    entropy_loss         | -16.8       |
|    explained_variance   | 0.931       |
|    learning_rate        | 0.0003      |
|    loss                 | 0.114       |
|    n_updates            | 80          |
|    policy_gradient_loss | -0.0199     |
|    std                  | 0.982       |
|    value_loss           | 0.365       |
-----------------------------------------
-----------------------------------------
| rollout/                |             |
|    ep_len_mean          | 8.93e+03    |
|    ep_rew_mean          | -685        |
| time/                   |             |
|    fps                  | 369         |
|    iterations           | 10          |
|    time_elapsed         | 55          |
|    total_timesteps      | 20480       |
| train/                  |             |
|    approx_kl            | 0.015321439 |
|    clip_fraction        | 0.149       |
|    clip_range           | 0.2         |
|    entropy_loss         | -16.8       |
|    explained_variance   | 0.796       |
|    learning_rate        | 0.0003      |
|    loss                 | 0.172       |
|    n_updates            | 90          |
|    policy_gradient_loss | -0.0139     |
|    std                  | 0.979       |
|    value_loss           | 0.936       |
-----------------------------------------
-----------------------------------------
| rollout/                |             |
|    ep_len_mean          | 8.93e+03    |
|    ep_rew_mean          | -685        |
| time/                   |             |
|    fps                  | 363         |
|    iterations           | 11          |
|    time_elapsed         | 62          |
|    total_timesteps      | 22528       |
| train/                  |             |
|    approx_kl            | 0.014741993 |
|    clip_fraction        | 0.165       |
|    clip_range           | 0.2         |
|    entropy_loss         | -16.8       |
|    explained_variance   | 0.915       |
|    learning_rate        | 0.0003      |
|    loss                 | 0.38        |
|    n_updates            | 100         |
|    policy_gradient_loss | -0.0173     |
|    std                  | 0.978       |
|    value_loss           | 0.654       |
-----------------------------------------
----------------------------------------
| rollout/                |            |
|    ep_len_mean          | 8.93e+03   |
|    ep_rew_mean          | -685       |
| time/                   |            |
|    fps                  | 363        |
|    iterations           | 12         |
|    time_elapsed         | 67         |
|    total_timesteps      | 24576      |
| train/                  |            |
|    approx_kl            | 0.01950721 |
|    clip_fraction        | 0.172      |
|    clip_range           | 0.2        |
|    entropy_loss         | -16.7      |
|    explained_variance   | 0.875      |
|    learning_rate        | 0.0003     |
|    loss                 | 0.304      |
|    n_updates            | 110        |
|    policy_gradient_loss | -0.0176    |
|    std                  | 0.976      |
|    value_loss           | 0.646      |
----------------------------------------
-----------------------------------------
| rollout/                |             |
|    ep_len_mean          | 8.93e+03    |
|    ep_rew_mean          | -685        |
| time/                   |             |
|    fps                  | 361         |
|    iterations           | 13          |
|    time_elapsed         | 73          |
|    total_timesteps      | 26624       |
| train/                  |             |
|    approx_kl            | 0.016842157 |
|    clip_fraction        | 0.166       |
|    clip_range           | 0.2         |
|    entropy_loss         | -16.7       |
|    explained_variance   | 0.935       |
|    learning_rate        | 0.0003      |
|    loss                 | 0.314       |
|    n_updates            | 120         |
|    policy_gradient_loss | -0.0165     |
|    std                  | 0.973       |
|    value_loss           | 0.69        |
-----------------------------------------
-----------------------------------------
| rollout/                |             |
|    ep_len_mean          | 8.93e+03    |
|    ep_rew_mean          | -679        |
| time/                   |             |
|    fps                  | 364         |
|    iterations           | 14          |
|    time_elapsed         | 78          |
|    total_timesteps      | 28672       |
| train/                  |             |
|    approx_kl            | 0.015453682 |
|    clip_fraction        | 0.175       |
|    clip_range           | 0.2         |
|    entropy_loss         | -16.7       |
|    explained_variance   | 0.952       |
|    learning_rate        | 0.0003      |
|    loss                 | 0.25        |
|    n_updates            | 130         |
|    policy_gradient_loss | -0.0167     |
|    std                  | 0.974       |
|    value_loss           | 0.599       |
-----------------------------------------
-----------------------------------------
| rollout/                |             |
|    ep_len_mean          | 8.93e+03    |
|    ep_rew_mean          | -679        |
| time/                   |             |
|    fps                  | 367         |
|    iterations           | 15          |
|    time_elapsed         | 83          |
|    total_timesteps      | 30720       |
| train/                  |             |
|    approx_kl            | 0.012783223 |
|    clip_fraction        | 0.167       |
|    clip_range           | 0.2         |
|    entropy_loss         | -16.7       |
|    explained_variance   | 0.73        |
|    learning_rate        | 0.0003      |
|    loss                 | 0.675       |
|    n_updates            | 140         |
|    policy_gradient_loss | -0.0122     |
|    std                  | 0.973       |
|    value_loss           | 1.53        |
-----------------------------------------
---------------------------------------
| rollout/                |           |
|    ep_len_mean          | 8.93e+03  |
|    ep_rew_mean          | -679      |
| time/                   |           |
|    fps                  | 366       |
|    iterations           | 16        |
|    time_elapsed         | 89        |
|    total_timesteps      | 32768     |
| train/                  |           |
|    approx_kl            | 0.0159648 |
|    clip_fraction        | 0.182     |
|    clip_range           | 0.2       |
|    entropy_loss         | -16.7     |
|    explained_variance   | 0.904     |
|    learning_rate        | 0.0003    |
|    loss                 | 0.236     |
|    n_updates            | 150       |
|    policy_gradient_loss | -0.014    |
|    std                  | 0.973     |
|    value_loss           | 0.735     |
---------------------------------------
-----------------------------------------
| rollout/                |             |
|    ep_len_mean          | 8.93e+03    |
|    ep_rew_mean          | -679        |
| time/                   |             |
|    fps                  | 368         |
|    iterations           | 17          |
|    time_elapsed         | 94          |
|    total_timesteps      | 34816       |
| train/                  |             |
|    approx_kl            | 0.013975931 |
|    clip_fraction        | 0.167       |
|    clip_range           | 0.2         |
|    entropy_loss         | -16.7       |
|    explained_variance   | 0.939       |
|    learning_rate        | 0.0003      |
|    loss                 | 0.322       |
|    n_updates            | 160         |
|    policy_gradient_loss | -0.0129     |
|    std                  | 0.975       |
|    value_loss           | 0.752       |
-----------------------------------------
-----------------------------------------
| rollout/                |             |
|    ep_len_mean          | 8.93e+03    |
|    ep_rew_mean          | -676        |
| time/                   |             |
|    fps                  | 370         |
|    iterations           | 18          |
|    time_elapsed         | 99          |
|    total_timesteps      | 36864       |
| train/                  |             |
|    approx_kl            | 0.016086426 |
|    clip_fraction        | 0.171       |
|    clip_range           | 0.2         |
|    entropy_loss         | -16.7       |
|    explained_variance   | 0.927       |
|    learning_rate        | 0.0003      |
|    loss                 | 0.141       |
|    n_updates            | 170         |
|    policy_gradient_loss | -0.014      |
|    std                  | 0.976       |
|    value_loss           | 0.704       |
-----------------------------------------
----------------------------------------
| rollout/                |            |
|    ep_len_mean          | 8.93e+03   |
|    ep_rew_mean          | -676       |
| time/                   |            |
|    fps                  | 371        |
|    iterations           | 19         |
|    time_elapsed         | 104        |
|    total_timesteps      | 38912      |
| train/                  |            |
|    approx_kl            | 0.01300882 |
|    clip_fraction        | 0.143      |
|    clip_range           | 0.2        |
|    entropy_loss         | -16.7      |
|    explained_variance   | 0.848      |
|    learning_rate        | 0.0003     |
|    loss                 | 0.274      |
|    n_updates            | 180        |
|    policy_gradient_loss | -0.0119    |
|    std                  | 0.975      |
|    value_loss           | 3.31       |
----------------------------------------
-----------------------------------------
| rollout/                |             |
|    ep_len_mean          | 8.93e+03    |
|    ep_rew_mean          | -676        |
| time/                   |             |
|    fps                  | 373         |
|    iterations           | 20          |
|    time_elapsed         | 109         |
|    total_timesteps      | 40960       |
| train/                  |             |
|    approx_kl            | 0.014834019 |
|    clip_fraction        | 0.198       |
|    clip_range           | 0.2         |
|    entropy_loss         | -16.7       |
|    explained_variance   | 0.833       |
|    learning_rate        | 0.0003      |
|    loss                 | 0.287       |
|    n_updates            | 190         |
|    policy_gradient_loss | -0.014      |
|    std                  | 0.972       |
|    value_loss           | 1.01        |
-----------------------------------------
-----------------------------------------
| rollout/                |             |
|    ep_len_mean          | 8.93e+03    |
|    ep_rew_mean          | -676        |
| time/                   |             |
|    fps                  | 372         |
|    iterations           | 21          |
|    time_elapsed         | 115         |
|    total_timesteps      | 43008       |
| train/                  |             |
|    approx_kl            | 0.016068779 |
|    clip_fraction        | 0.188       |
|    clip_range           | 0.2         |
|    entropy_loss         | -16.7       |
|    explained_variance   | 0.926       |
|    learning_rate        | 0.0003      |
|    loss                 | 0.27        |
|    n_updates            | 200         |
|    policy_gradient_loss | -0.00924    |
|    std                  | 0.97        |
|    value_loss           | 0.573       |
-----------------------------------------
-----------------------------------------
| rollout/                |             |
|    ep_len_mean          | 8.93e+03    |
|    ep_rew_mean          | -675        |
| time/                   |             |
|    fps                  | 373         |
|    iterations           | 22          |
|    time_elapsed         | 120         |
|    total_timesteps      | 45056       |
| train/                  |             |
|    approx_kl            | 0.021956962 |
|    clip_fraction        | 0.219       |
|    clip_range           | 0.2         |
|    entropy_loss         | -16.6       |
|    explained_variance   | 0.93        |
|    learning_rate        | 0.0003      |
|    loss                 | 0.243       |
|    n_updates            | 210         |
|    policy_gradient_loss | -0.0217     |
|    std                  | 0.968       |
|    value_loss           | 0.546       |
-----------------------------------------
-----------------------------------------
| rollout/                |             |
|    ep_len_mean          | 8.93e+03    |
|    ep_rew_mean          | -675        |
| time/                   |             |
|    fps                  | 374         |
|    iterations           | 23          |
|    time_elapsed         | 125         |
|    total_timesteps      | 47104       |
| train/                  |             |
|    approx_kl            | 0.014788149 |
|    clip_fraction        | 0.139       |
|    clip_range           | 0.2         |
|    entropy_loss         | -16.6       |
|    explained_variance   | 0.652       |
|    learning_rate        | 0.0003      |
|    loss                 | 9.93        |
|    n_updates            | 220         |
|    policy_gradient_loss | -0.0105     |
|    std                  | 0.965       |
|    value_loss           | 4.24        |
-----------------------------------------
-----------------------------------------
| rollout/                |             |
|    ep_len_mean          | 8.93e+03    |
|    ep_rew_mean          | -675        |
| time/                   |             |
|    fps                  | 375         |
|    iterations           | 24          |
|    time_elapsed         | 130         |
|    total_timesteps      | 49152       |
| train/                  |             |
|    approx_kl            | 0.021935962 |
|    clip_fraction        | 0.222       |
|    clip_range           | 0.2         |
|    entropy_loss         | -16.6       |
|    explained_variance   | 0.853       |
|    learning_rate        | 0.0003      |
|    loss                 | 0.336       |
|    n_updates            | 230         |
|    policy_gradient_loss | -0.0127     |
|    std                  | 0.961       |
|    value_loss           | 0.974       |
-----------------------------------------
----------------------------------------
| rollout/                |            |
|    ep_len_mean          | 8.93e+03   |
|    ep_rew_mean          | -675       |
| time/                   |            |
|    fps                  | 375        |
|    iterations           | 25         |
|    time_elapsed         | 136        |
|    total_timesteps      | 51200      |
| train/                  |            |
|    approx_kl            | 0.01976946 |
|    clip_fraction        | 0.207      |
|    clip_range           | 0.2        |
|    entropy_loss         | -16.5      |
|    explained_variance   | 0.883      |
|    learning_rate        | 0.0003     |
|    loss                 | 0.206      |
|    n_updates            | 240        |
|    policy_gradient_loss | -0.0122    |
|    std                  | 0.958      |
|    value_loss           | 0.708      |
----------------------------------------
-----------------------------------------
| rollout/                |             |
|    ep_len_mean          | 8.93e+03    |
|    ep_rew_mean          | -675        |
| time/                   |             |
|    fps                  | 373         |
|    iterations           | 26          |
|    time_elapsed         | 142         |
|    total_timesteps      | 53248       |
| train/                  |             |
|    approx_kl            | 0.019888796 |
|    clip_fraction        | 0.216       |
|    clip_range           | 0.2         |
|    entropy_loss         | -16.5       |
|    explained_variance   | 0.95        |
|    learning_rate        | 0.0003      |
|    loss                 | 0.127       |
|    n_updates            | 250         |
|    policy_gradient_loss | -0.0131     |
|    std                  | 0.959       |
|    value_loss           | 0.522       |
-----------------------------------------
----------------------------------------
| rollout/                |            |
|    ep_len_mean          | 8.93e+03   |
|    ep_rew_mean          | -675       |
| time/                   |            |
|    fps                  | 370        |
|    iterations           | 27         |
|    time_elapsed         | 149        |
|    total_timesteps      | 55296      |
| train/                  |            |
|    approx_kl            | 0.01881217 |
|    clip_fraction        | 0.189      |
|    clip_range           | 0.2        |
|    entropy_loss         | -16.5      |
|    explained_variance   | 0.956      |
|    learning_rate        | 0.0003     |
|    loss                 | 0.178      |
|    n_updates            | 260        |
|    policy_gradient_loss | -0.016     |
|    std                  | 0.961      |
|    value_loss           | 0.687      |
----------------------------------------
-----------------------------------------
| rollout/                |             |
|    ep_len_mean          | 8.93e+03    |
|    ep_rew_mean          | -675        |
| time/                   |             |
|    fps                  | 371         |
|    iterations           | 28          |
|    time_elapsed         | 154         |
|    total_timesteps      | 57344       |
| train/                  |             |
|    approx_kl            | 0.013530377 |
|    clip_fraction        | 0.142       |
|    clip_range           | 0.2         |
|    entropy_loss         | -16.5       |
|    explained_variance   | 0.56        |
|    learning_rate        | 0.0003      |
|    loss                 | 0.553       |
|    n_updates            | 270         |
|    policy_gradient_loss | -0.0128     |
|    std                  | 0.96        |
|    value_loss           | 6.53        |
-----------------------------------------
-----------------------------------------
| rollout/                |             |
|    ep_len_mean          | 8.93e+03    |
|    ep_rew_mean          | -675        |
| time/                   |             |
|    fps                  | 371         |
|    iterations           | 29          |
|    time_elapsed         | 160         |
|    total_timesteps      | 59392       |
| train/                  |             |
|    approx_kl            | 0.020931391 |
|    clip_fraction        | 0.211       |
|    clip_range           | 0.2         |
|    entropy_loss         | -16.5       |
|    explained_variance   | 0.818       |
|    learning_rate        | 0.0003      |
|    loss                 | 0.641       |
|    n_updates            | 280         |
|    policy_gradient_loss | -0.0158     |
|    std                  | 0.958       |
|    value_loss           | 0.969       |
-----------------------------------------
-----------------------------------------
| rollout/                |             |
|    ep_len_mean          | 8.93e+03    |
|    ep_rew_mean          | -675        |
| time/                   |             |
|    fps                  | 372         |
|    iterations           | 30          |
|    time_elapsed         | 164         |
|    total_timesteps      | 61440       |
| train/                  |             |
|    approx_kl            | 0.018172234 |
|    clip_fraction        | 0.222       |
|    clip_range           | 0.2         |
|    entropy_loss         | -16.5       |
|    explained_variance   | 0.925       |
|    learning_rate        | 0.0003      |
|    loss                 | 0.258       |
|    n_updates            | 290         |
|    policy_gradient_loss | -0.0132     |
|    std                  | 0.957       |
|    value_loss           | 0.61        |
-----------------------------------------
-----------------------------------------
| rollout/                |             |
|    ep_len_mean          | 8.93e+03    |
|    ep_rew_mean          | -673        |
| time/                   |             |
|    fps                  | 373         |
|    iterations           | 31          |
|    time_elapsed         | 170         |
|    total_timesteps      | 63488       |
| train/                  |             |
|    approx_kl            | 0.018370917 |
|    clip_fraction        | 0.213       |
|    clip_range           | 0.2         |
|    entropy_loss         | -16.5       |
|    explained_variance   | 0.944       |
|    learning_rate        | 0.0003      |
|    loss                 | 0.135       |
|    n_updates            | 300         |
|    policy_gradient_loss | -0.015      |
|    std                  | 0.956       |
|    value_loss           | 0.447       |
-----------------------------------------
-----------------------------------------
| rollout/                |             |
|    ep_len_mean          | 8.93e+03    |
|    ep_rew_mean          | -673        |
| time/                   |             |
|    fps                  | 373         |
|    iterations           | 32          |
|    time_elapsed         | 175         |
|    total_timesteps      | 65536       |
| train/                  |             |
|    approx_kl            | 0.011738516 |
|    clip_fraction        | 0.12        |
|    clip_range           | 0.2         |
|    entropy_loss         | -16.5       |
|    explained_variance   | 0.72        |
|    learning_rate        | 0.0003      |
|    loss                 | 1.66        |
|    n_updates            | 310         |
|    policy_gradient_loss | -0.0108     |
|    std                  | 0.955       |
|    value_loss           | 8           |
-----------------------------------------
-----------------------------------------
| rollout/                |             |
|    ep_len_mean          | 8.93e+03    |
|    ep_rew_mean          | -673        |
| time/                   |             |
|    fps                  | 374         |
|    iterations           | 33          |
|    time_elapsed         | 180         |
|    total_timesteps      | 67584       |
| train/                  |             |
|    approx_kl            | 0.018680317 |
|    clip_fraction        | 0.199       |
|    clip_range           | 0.2         |
|    entropy_loss         | -16.5       |
|    explained_variance   | 0.848       |
|    learning_rate        | 0.0003      |
|    loss                 | 0.311       |
|    n_updates            | 320         |
|    policy_gradient_loss | -0.0113     |
|    std                  | 0.956       |
|    value_loss           | 0.935       |
-----------------------------------------
-----------------------------------------
| rollout/                |             |
|    ep_len_mean          | 8.93e+03    |
|    ep_rew_mean          | -673        |
| time/                   |             |
|    fps                  | 374         |
|    iterations           | 34          |
|    time_elapsed         | 185         |
|    total_timesteps      | 69632       |
| train/                  |             |
|    approx_kl            | 0.019235905 |
|    clip_fraction        | 0.234       |
|    clip_range           | 0.2         |
|    entropy_loss         | -16.5       |
|    explained_variance   | 0.942       |
|    learning_rate        | 0.0003      |
|    loss                 | 0.0828      |
|    n_updates            | 330         |
|    policy_gradient_loss | -0.0108     |
|    std                  | 0.954       |
|    value_loss           | 0.429       |
-----------------------------------------
-----------------------------------------
| rollout/                |             |
|    ep_len_mean          | 8.93e+03    |
|    ep_rew_mean          | -678        |
| time/                   |             |
|    fps                  | 375         |
|    iterations           | 35          |
|    time_elapsed         | 190         |
|    total_timesteps      | 71680       |
| train/                  |             |
|    approx_kl            | 0.021714842 |
|    clip_fraction        | 0.226       |
|    clip_range           | 0.2         |
|    entropy_loss         | -16.4       |
|    explained_variance   | 0.933       |
|    learning_rate        | 0.0003      |
|    loss                 | 0.114       |
|    n_updates            | 340         |
|    policy_gradient_loss | -0.015      |
|    std                  | 0.954       |
|    value_loss           | 0.479       |
-----------------------------------------
----------------------------------------
| rollout/                |            |
|    ep_len_mean          | 8.93e+03   |
|    ep_rew_mean          | -678       |
| time/                   |            |
|    fps                  | 377        |
|    iterations           | 36         |
|    time_elapsed         | 195        |
|    total_timesteps      | 73728      |
| train/                  |            |
|    approx_kl            | 0.01365694 |
|    clip_fraction        | 0.133      |
|    clip_range           | 0.2        |
|    entropy_loss         | -16.4      |
|    explained_variance   | 0.567      |
|    learning_rate        | 0.0003     |
|    loss                 | 2.79       |
|    n_updates            | 350        |
|    policy_gradient_loss | -0.00985   |
|    std                  | 0.953      |
|    value_loss           | 8.62       |
----------------------------------------
-----------------------------------------
| rollout/                |             |
|    ep_len_mean          | 8.93e+03    |
|    ep_rew_mean          | -678        |
| time/                   |             |
|    fps                  | 378         |
|    iterations           | 37          |
|    time_elapsed         | 200         |
|    total_timesteps      | 75776       |
| train/                  |             |
|    approx_kl            | 0.015986914 |
|    clip_fraction        | 0.178       |
|    clip_range           | 0.2         |
|    entropy_loss         | -16.5       |
|    explained_variance   | 0.833       |
|    learning_rate        | 0.0003      |
|    loss                 | 0.358       |
|    n_updates            | 360         |
|    policy_gradient_loss | -0.0142     |
|    std                  | 0.958       |
|    value_loss           | 0.939       |
-----------------------------------------
-----------------------------------------
| rollout/                |             |
|    ep_len_mean          | 8.93e+03    |
|    ep_rew_mean          | -678        |
| time/                   |             |
|    fps                  | 378         |
|    iterations           | 38          |
|    time_elapsed         | 205         |
|    total_timesteps      | 77824       |
| train/                  |             |
|    approx_kl            | 0.018766047 |
|    clip_fraction        | 0.213       |
|    clip_range           | 0.2         |
|    entropy_loss         | -16.5       |
|    explained_variance   | 0.92        |
|    learning_rate        | 0.0003      |
|    loss                 | 0.287       |
|    n_updates            | 370         |
|    policy_gradient_loss | -0.0128     |
|    std                  | 0.958       |
|    value_loss           | 0.648       |
-----------------------------------------
-----------------------------------------
| rollout/                |             |
|    ep_len_mean          | 8.93e+03    |
|    ep_rew_mean          | -678        |
| time/                   |             |
|    fps                  | 379         |
|    iterations           | 39          |
|    time_elapsed         | 210         |
|    total_timesteps      | 79872       |
| train/                  |             |
|    approx_kl            | 0.018241443 |
|    clip_fraction        | 0.238       |
|    clip_range           | 0.2         |
|    entropy_loss         | -16.4       |
|    explained_variance   | 0.959       |
|    learning_rate        | 0.0003      |
|    loss                 | 0.131       |
|    n_updates            | 380         |
|    policy_gradient_loss | -0.0143     |
|    std                  | 0.952       |
|    value_loss           | 0.45        |
-----------------------------------------
-----------------------------------------
| rollout/                |             |
|    ep_len_mean          | 8.93e+03    |
|    ep_rew_mean          | -680        |
| time/                   |             |
|    fps                  | 379         |
|    iterations           | 40          |
|    time_elapsed         | 215         |
|    total_timesteps      | 81920       |
| train/                  |             |
|    approx_kl            | 0.021101322 |
|    clip_fraction        | 0.233       |
|    clip_range           | 0.2         |
|    entropy_loss         | -16.4       |
|    explained_variance   | 0.952       |
|    learning_rate        | 0.0003      |
|    loss                 | 0.152       |
|    n_updates            | 390         |
|    policy_gradient_loss | -0.0193     |
|    std                  | 0.952       |
|    value_loss           | 0.528       |
-----------------------------------------
-----------------------------------------
| rollout/                |             |
|    ep_len_mean          | 8.93e+03    |
|    ep_rew_mean          | -680        |
| time/                   |             |
|    fps                  | 379         |
|    iterations           | 41          |
|    time_elapsed         | 220         |
|    total_timesteps      | 83968       |
| train/                  |             |
|    approx_kl            | 0.008758033 |
|    clip_fraction        | 0.1         |
|    clip_range           | 0.2         |
|    entropy_loss         | -16.4       |
|    explained_variance   | 0.619       |
|    learning_rate        | 0.0003      |
|    loss                 | 3.88        |
|    n_updates            | 400         |
|    policy_gradient_loss | -0.0113     |
|    std                  | 0.952       |
|    value_loss           | 11          |
-----------------------------------------
----------------------------------------
| rollout/                |            |
|    ep_len_mean          | 8.93e+03   |
|    ep_rew_mean          | -680       |
| time/                   |            |
|    fps                  | 380        |
|    iterations           | 42         |
|    time_elapsed         | 226        |
|    total_timesteps      | 86016      |
| train/                  |            |
|    approx_kl            | 0.01850712 |
|    clip_fraction        | 0.217      |
|    clip_range           | 0.2        |
|    entropy_loss         | -16.4      |
|    explained_variance   | 0.817      |
|    learning_rate        | 0.0003     |
|    loss                 | 0.242      |
|    n_updates            | 410        |
|    policy_gradient_loss | -0.0133    |
|    std                  | 0.955      |
|    value_loss           | 0.974      |
----------------------------------------
-----------------------------------------
| rollout/                |             |
|    ep_len_mean          | 8.93e+03    |
|    ep_rew_mean          | -680        |
| time/                   |             |
|    fps                  | 379         |
|    iterations           | 43          |
|    time_elapsed         | 232         |
|    total_timesteps      | 88064       |
| train/                  |             |
|    approx_kl            | 0.028950002 |
|    clip_fraction        | 0.234       |
|    clip_range           | 0.2         |
|    entropy_loss         | -16.4       |
|    explained_variance   | 0.941       |
|    learning_rate        | 0.0003      |
|    loss                 | 0.133       |
|    n_updates            | 420         |
|    policy_gradient_loss | -0.0171     |
|    std                  | 0.952       |
|    value_loss           | 0.689       |
-----------------------------------------
-----------------------------------------
| rollout/                |             |
|    ep_len_mean          | 8.93e+03    |
|    ep_rew_mean          | -681        |
| time/                   |             |
|    fps                  | 379         |
|    iterations           | 44          |
|    time_elapsed         | 237         |
|    total_timesteps      | 90112       |
| train/                  |             |
|    approx_kl            | 0.024148896 |
|    clip_fraction        | 0.237       |
|    clip_range           | 0.2         |
|    entropy_loss         | -16.4       |
|    explained_variance   | 0.949       |
|    learning_rate        | 0.0003      |
|    loss                 | 0.226       |
|    n_updates            | 430         |
|    policy_gradient_loss | -0.0166     |
|    std                  | 0.947       |
|    value_loss           | 0.535       |
-----------------------------------------
-----------------------------------------
| rollout/                |             |
|    ep_len_mean          | 8.93e+03    |
|    ep_rew_mean          | -681        |
| time/                   |             |
|    fps                  | 380         |
|    iterations           | 45          |
|    time_elapsed         | 241         |
|    total_timesteps      | 92160       |
| train/                  |             |
|    approx_kl            | 0.010184681 |
|    clip_fraction        | 0.0985      |
|    clip_range           | 0.2         |
|    entropy_loss         | -16.3       |
|    explained_variance   | 0.437       |
|    learning_rate        | 0.0003      |
|    loss                 | 1.79        |
|    n_updates            | 440         |
|    policy_gradient_loss | -0.0113     |
|    std                  | 0.946       |
|    value_loss           | 10.7        |
-----------------------------------------
---------------------------------------
| rollout/                |           |
|    ep_len_mean          | 8.93e+03  |
|    ep_rew_mean          | -681      |
| time/                   |           |
|    fps                  | 381       |
|    iterations           | 46        |
|    time_elapsed         | 246       |
|    total_timesteps      | 94208     |
| train/                  |           |
|    approx_kl            | 0.0238199 |
|    clip_fraction        | 0.214     |
|    clip_range           | 0.2       |
|    entropy_loss         | -16.3     |
|    explained_variance   | 0.896     |
|    learning_rate        | 0.0003    |
|    loss                 | 0.348     |
|    n_updates            | 450       |
|    policy_gradient_loss | -0.0129   |
|    std                  | 0.947     |
|    value_loss           | 1.31      |
---------------------------------------
-----------------------------------------
| rollout/                |             |
|    ep_len_mean          | 8.93e+03    |
|    ep_rew_mean          | -681        |
| time/                   |             |
|    fps                  | 382         |
|    iterations           | 47          |
|    time_elapsed         | 251         |
|    total_timesteps      | 96256       |
| train/                  |             |
|    approx_kl            | 0.021847714 |
|    clip_fraction        | 0.221       |
|    clip_range           | 0.2         |
|    entropy_loss         | -16.3       |
|    explained_variance   | 0.901       |
|    learning_rate        | 0.0003      |
|    loss                 | 0.317       |
|    n_updates            | 460         |
|    policy_gradient_loss | -0.00869    |
|    std                  | 0.947       |
|    value_loss           | 0.78        |
-----------------------------------------
-----------------------------------------
| rollout/                |             |
|    ep_len_mean          | 8.93e+03    |
|    ep_rew_mean          | -682        |
| time/                   |             |
|    fps                  | 381         |
|    iterations           | 48          |
|    time_elapsed         | 257         |
|    total_timesteps      | 98304       |
| train/                  |             |
|    approx_kl            | 0.017475195 |
|    clip_fraction        | 0.214       |
|    clip_range           | 0.2         |
|    entropy_loss         | -16.4       |
|    explained_variance   | 0.954       |
|    learning_rate        | 0.0003      |
|    loss                 | 0.296       |
|    n_updates            | 470         |
|    policy_gradient_loss | -0.0137     |
|    std                  | 0.947       |
|    value_loss           | 0.827       |
-----------------------------------------
-----------------------------------------
| rollout/                |             |
|    ep_len_mean          | 8.93e+03    |
|    ep_rew_mean          | -682        |
| time/                   |             |
|    fps                  | 380         |
|    iterations           | 49          |
|    time_elapsed         | 263         |
|    total_timesteps      | 100352      |
| train/                  |             |
|    approx_kl            | 0.009888385 |
|    clip_fraction        | 0.124       |
|    clip_range           | 0.2         |
|    entropy_loss         | -16.3       |
|    explained_variance   | 0.474       |
|    learning_rate        | 0.0003      |
|    loss                 | 1.01        |
|    n_updates            | 480         |
|    policy_gradient_loss | -0.0108     |
|    std                  | 0.947       |
|    value_loss           | 15.5        |
-----------------------------------------
-----------------------------------------
| rollout/                |             |
|    ep_len_mean          | 8.93e+03    |
|    ep_rew_mean          | -682        |
| time/                   |             |
|    fps                  | 381         |
|    iterations           | 50          |
|    time_elapsed         | 268         |
|    total_timesteps      | 102400      |
| train/                  |             |
|    approx_kl            | 0.017049003 |
|    clip_fraction        | 0.167       |
|    clip_range           | 0.2         |
|    entropy_loss         | -16.3       |
|    explained_variance   | 0.707       |
|    learning_rate        | 0.0003      |
|    loss                 | 1.01        |
|    n_updates            | 490         |
|    policy_gradient_loss | -0.014      |
|    std                  | 0.945       |
|    value_loss           | 2.16        |
-----------------------------------------
----------------------------------------
| rollout/                |            |
|    ep_len_mean          | 8.93e+03   |
|    ep_rew_mean          | -682       |
| time/                   |            |
|    fps                  | 381        |
|    iterations           | 51         |
|    time_elapsed         | 274        |
|    total_timesteps      | 104448     |
| train/                  |            |
|    approx_kl            | 0.02587972 |
|    clip_fraction        | 0.246      |
|    clip_range           | 0.2        |
|    entropy_loss         | -16.3      |
|    explained_variance   | 0.878      |
|    learning_rate        | 0.0003     |
|    loss                 | 0.367      |
|    n_updates            | 500        |
|    policy_gradient_loss | -0.0114    |
|    std                  | 0.941      |
|    value_loss           | 0.881      |
----------------------------------------
-----------------------------------------
| rollout/                |             |
|    ep_len_mean          | 8.93e+03    |
|    ep_rew_mean          | -682        |
| time/                   |             |
|    fps                  | 381         |
|    iterations           | 52          |
|    time_elapsed         | 279         |
|    total_timesteps      | 106496      |
| train/                  |             |
|    approx_kl            | 0.016665991 |
|    clip_fraction        | 0.214       |
|    clip_range           | 0.2         |
|    entropy_loss         | -16.3       |
|    explained_variance   | 0.959       |
|    learning_rate        | 0.0003      |
|    loss                 | 0.198       |
|    n_updates            | 510         |
|    policy_gradient_loss | -0.013      |
|    std                  | 0.94        |
|    value_loss           | 0.655       |
-----------------------------------------
-----------------------------------------
| rollout/                |             |
|    ep_len_mean          | 8.93e+03    |
|    ep_rew_mean          | -679        |
| time/                   |             |
|    fps                  | 381         |
|    iterations           | 53          |
|    time_elapsed         | 284         |
|    total_timesteps      | 108544      |
| train/                  |             |
|    approx_kl            | 0.018118955 |
|    clip_fraction        | 0.229       |
|    clip_range           | 0.2         |
|    entropy_loss         | -16.3       |
|    explained_variance   | 0.946       |
|    learning_rate        | 0.0003      |
|    loss                 | 0.252       |
|    n_updates            | 520         |
|    policy_gradient_loss | -0.0116     |
|    std                  | 0.938       |
|    value_loss           | 0.655       |
-----------------------------------------
-----------------------------------------
| rollout/                |             |
|    ep_len_mean          | 8.93e+03    |
|    ep_rew_mean          | -679        |
| time/                   |             |
|    fps                  | 381         |
|    iterations           | 54          |
|    time_elapsed         | 289         |
|    total_timesteps      | 110592      |
| train/                  |             |
|    approx_kl            | 0.006991842 |
|    clip_fraction        | 0.0836      |
|    clip_range           | 0.2         |
|    entropy_loss         | -16.2       |
|    explained_variance   | 0.436       |
|    learning_rate        | 0.0003      |
|    loss                 | 2.94        |
|    n_updates            | 530         |
|    policy_gradient_loss | -0.00789    |
|    std                  | 0.937       |
|    value_loss           | 15.2        |
-----------------------------------------
-----------------------------------------
| rollout/                |             |
|    ep_len_mean          | 8.93e+03    |
|    ep_rew_mean          | -679        |
| time/                   |             |
|    fps                  | 382         |
|    iterations           | 55          |
|    time_elapsed         | 294         |
|    total_timesteps      | 112640      |
| train/                  |             |
|    approx_kl            | 0.021601468 |
|    clip_fraction        | 0.236       |
|    clip_range           | 0.2         |
|    entropy_loss         | -16.2       |
|    explained_variance   | 0.746       |
|    learning_rate        | 0.0003      |
|    loss                 | 0.442       |
|    n_updates            | 540         |
|    policy_gradient_loss | -0.016      |
|    std                  | 0.938       |
|    value_loss           | 1.2         |
-----------------------------------------
-----------------------------------------
| rollout/                |             |
|    ep_len_mean          | 8.93e+03    |
|    ep_rew_mean          | -679        |
| time/                   |             |
|    fps                  | 382         |
|    iterations           | 56          |
|    time_elapsed         | 299         |
|    total_timesteps      | 114688      |
| train/                  |             |
|    approx_kl            | 0.018756932 |
|    clip_fraction        | 0.212       |
|    clip_range           | 0.2         |
|    entropy_loss         | -16.2       |
|    explained_variance   | 0.922       |
|    learning_rate        | 0.0003      |
|    loss                 | 0.572       |
|    n_updates            | 550         |
|    policy_gradient_loss | -0.0165     |
|    std                  | 0.936       |
|    value_loss           | 1.15        |
-----------------------------------------
-----------------------------------------
| rollout/                |             |
|    ep_len_mean          | 8.93e+03    |
|    ep_rew_mean          | -677        |
| time/                   |             |
|    fps                  | 383         |
|    iterations           | 57          |
|    time_elapsed         | 304         |
|    total_timesteps      | 116736      |
| train/                  |             |
|    approx_kl            | 0.020922482 |
|    clip_fraction        | 0.251       |
|    clip_range           | 0.2         |
|    entropy_loss         | -16.2       |
|    explained_variance   | 0.932       |
|    learning_rate        | 0.0003      |
|    loss                 | 0.19        |
|    n_updates            | 560         |
|    policy_gradient_loss | -0.0143     |
|    std                  | 0.934       |
|    value_loss           | 0.682       |
-----------------------------------------
-----------------------------------------
| rollout/                |             |
|    ep_len_mean          | 8.93e+03    |
|    ep_rew_mean          | -677        |
| time/                   |             |
|    fps                  | 384         |
|    iterations           | 58          |
|    time_elapsed         | 309         |
|    total_timesteps      | 118784      |
| train/                  |             |
|    approx_kl            | 0.011346791 |
|    clip_fraction        | 0.175       |
|    clip_range           | 0.2         |
|    entropy_loss         | -16.2       |
|    explained_variance   | 0.194       |
|    learning_rate        | 0.0003      |
|    loss                 | 24.1        |
|    n_updates            | 570         |
|    policy_gradient_loss | -0.00668    |
|    std                  | 0.934       |
|    value_loss           | 26.3        |
-----------------------------------------
-----------------------------------------
| rollout/                |             |
|    ep_len_mean          | 8.93e+03    |
|    ep_rew_mean          | -677        |
| time/                   |             |
|    fps                  | 384         |
|    iterations           | 59          |
|    time_elapsed         | 314         |
|    total_timesteps      | 120832      |
| train/                  |             |
|    approx_kl            | 0.021594653 |
|    clip_fraction        | 0.238       |
|    clip_range           | 0.2         |
|    entropy_loss         | -16.2       |
|    explained_variance   | 0.877       |
|    learning_rate        | 0.0003      |
|    loss                 | 0.643       |
|    n_updates            | 580         |
|    policy_gradient_loss | -0.0156     |
|    std                  | 0.937       |
|    value_loss           | 1.45        |
-----------------------------------------
-----------------------------------------
| rollout/                |             |
|    ep_len_mean          | 8.93e+03    |
|    ep_rew_mean          | -677        |
| time/                   |             |
|    fps                  | 385         |
|    iterations           | 60          |
|    time_elapsed         | 318         |
|    total_timesteps      | 122880      |
| train/                  |             |
|    approx_kl            | 0.018660586 |
|    clip_fraction        | 0.258       |
|    clip_range           | 0.2         |
|    entropy_loss         | -16.2       |
|    explained_variance   | 0.901       |
|    learning_rate        | 0.0003      |
|    loss                 | 0.237       |
|    n_updates            | 590         |
|    policy_gradient_loss | -0.0118     |
|    std                  | 0.939       |
|    value_loss           | 0.767       |
-----------------------------------------
----------------------------------------
| rollout/                |            |
|    ep_len_mean          | 8.93e+03   |
|    ep_rew_mean          | -677       |
| time/                   |            |
|    fps                  | 385        |
|    iterations           | 61         |
|    time_elapsed         | 323        |
|    total_timesteps      | 124928     |
| train/                  |            |
|    approx_kl            | 0.01867786 |
|    clip_fraction        | 0.232      |
|    clip_range           | 0.2        |
|    entropy_loss         | -16.2      |
|    explained_variance   | 0.959      |
|    learning_rate        | 0.0003     |
|    loss                 | 0.681      |
|    n_updates            | 600        |
|    policy_gradient_loss | -0.00931   |
|    std                  | 0.939      |
|    value_loss           | 0.819      |
----------------------------------------
-----------------------------------------
| rollout/                |             |
|    ep_len_mean          | 8.93e+03    |
|    ep_rew_mean          | -678        |
| time/                   |             |
|    fps                  | 386         |
|    iterations           | 62          |
|    time_elapsed         | 328         |
|    total_timesteps      | 126976      |
| train/                  |             |
|    approx_kl            | 0.022561617 |
|    clip_fraction        | 0.261       |
|    clip_range           | 0.2         |
|    entropy_loss         | -16.2       |
|    explained_variance   | 0.964       |
|    learning_rate        | 0.0003      |
|    loss                 | 0.236       |
|    n_updates            | 610         |
|    policy_gradient_loss | -0.0131     |
|    std                  | 0.94        |
|    value_loss           | 0.723       |
-----------------------------------------
----------------------------------------
| rollout/                |            |
|    ep_len_mean          | 8.93e+03   |
|    ep_rew_mean          | -678       |
| time/                   |            |
|    fps                  | 384        |
|    iterations           | 63         |
|    time_elapsed         | 335        |
|    total_timesteps      | 129024     |
| train/                  |            |
|    approx_kl            | 0.01113556 |
|    clip_fraction        | 0.13       |
|    clip_range           | 0.2        |
|    entropy_loss         | -16.2      |
|    explained_variance   | 0.128      |
|    learning_rate        | 0.0003     |
|    loss                 | 1.18       |
|    n_updates            | 620        |
|    policy_gradient_loss | -0.0124    |
|    std                  | 0.94       |
|    value_loss           | 27.8       |
----------------------------------------
-----------------------------------------
| rollout/                |             |
|    ep_len_mean          | 8.93e+03    |
|    ep_rew_mean          | -678        |
| time/                   |             |
|    fps                  | 384         |
|    iterations           | 64          |
|    time_elapsed         | 341         |
|    total_timesteps      | 131072      |
| train/                  |             |
|    approx_kl            | 0.026779104 |
|    clip_fraction        | 0.254       |
|    clip_range           | 0.2         |
|    entropy_loss         | -16.3       |
|    explained_variance   | 0.81        |
|    learning_rate        | 0.0003      |
|    loss                 | 0.463       |
|    n_updates            | 630         |
|    policy_gradient_loss | -0.0125     |
|    std                  | 0.943       |
|    value_loss           | 1.39        |
-----------------------------------------
-----------------------------------------
| rollout/                |             |
|    ep_len_mean          | 8.93e+03    |
|    ep_rew_mean          | -678        |
| time/                   |             |
|    fps                  | 385         |
|    iterations           | 65          |
|    time_elapsed         | 345         |
|    total_timesteps      | 133120      |
| train/                  |             |
|    approx_kl            | 0.019724121 |
|    clip_fraction        | 0.24        |
|    clip_range           | 0.2         |
|    entropy_loss         | -16.3       |
|    explained_variance   | 0.906       |
|    learning_rate        | 0.0003      |
|    loss                 | 0.307       |
|    n_updates            | 640         |
|    policy_gradient_loss | -0.0123     |
|    std                  | 0.94        |
|    value_loss           | 0.929       |
-----------------------------------------
-----------------------------------------
| rollout/                |             |
|    ep_len_mean          | 8.93e+03    |
|    ep_rew_mean          | -677        |
| time/                   |             |
|    fps                  | 385         |
|    iterations           | 66          |
|    time_elapsed         | 350         |
|    total_timesteps      | 135168      |
| train/                  |             |
|    approx_kl            | 0.023996066 |
|    clip_fraction        | 0.272       |
|    clip_range           | 0.2         |
|    entropy_loss         | -16.2       |
|    explained_variance   | 0.91        |
|    learning_rate        | 0.0003      |
|    loss                 | 0.246       |
|    n_updates            | 650         |
|    policy_gradient_loss | -0.0129     |
|    std                  | 0.939       |
|    value_loss           | 0.687       |
-----------------------------------------
----------------------------------------
| rollout/                |            |
|    ep_len_mean          | 8.93e+03   |
|    ep_rew_mean          | -677       |
| time/                   |            |
|    fps                  | 383        |
|    iterations           | 67         |
|    time_elapsed         | 357        |
|    total_timesteps      | 137216     |
| train/                  |            |
|    approx_kl            | 0.00913091 |
|    clip_fraction        | 0.115      |
|    clip_range           | 0.2        |
|    entropy_loss         | -16.2      |
|    explained_variance   | 0.429      |
|    learning_rate        | 0.0003     |
|    loss                 | 4.26       |
|    n_updates            | 660        |
|    policy_gradient_loss | -0.0097    |
|    std                  | 0.938      |
|    value_loss           | 31.1       |
----------------------------------------
----------------------------------------
| rollout/                |            |
|    ep_len_mean          | 8.93e+03   |
|    ep_rew_mean          | -677       |
| time/                   |            |
|    fps                  | 384        |
|    iterations           | 68         |
|    time_elapsed         | 362        |
|    total_timesteps      | 139264     |
| train/                  |            |
|    approx_kl            | 0.02164711 |
|    clip_fraction        | 0.212      |
|    clip_range           | 0.2        |
|    entropy_loss         | -16.2      |
|    explained_variance   | 0.624      |
|    learning_rate        | 0.0003     |
|    loss                 | 0.689      |
|    n_updates            | 670        |
|    policy_gradient_loss | -0.014     |
|    std                  | 0.937      |
|    value_loss           | 2.32       |
----------------------------------------
----------------------------------------
| rollout/                |            |
|    ep_len_mean          | 8.93e+03   |
|    ep_rew_mean          | -677       |
| time/                   |            |
|    fps                  | 384        |
|    iterations           | 69         |
|    time_elapsed         | 367        |
|    total_timesteps      | 141312     |
| train/                  |            |
|    approx_kl            | 0.02101266 |
|    clip_fraction        | 0.215      |
|    clip_range           | 0.2        |
|    entropy_loss         | -16.2      |
|    explained_variance   | 0.863      |
|    learning_rate        | 0.0003     |
|    loss                 | 0.438      |
|    n_updates            | 680        |
|    policy_gradient_loss | -0.015     |
|    std                  | 0.938      |
|    value_loss           | 1.57       |
----------------------------------------
-----------------------------------------
| rollout/                |             |
|    ep_len_mean          | 8.93e+03    |
|    ep_rew_mean          | -678        |
| time/                   |             |
|    fps                  | 385         |
|    iterations           | 70          |
|    time_elapsed         | 372         |
|    total_timesteps      | 143360      |
| train/                  |             |
|    approx_kl            | 0.021905161 |
|    clip_fraction        | 0.241       |
|    clip_range           | 0.2         |
|    entropy_loss         | -16.2       |
|    explained_variance   | 0.819       |
|    learning_rate        | 0.0003      |
|    loss                 | 0.72        |
|    n_updates            | 690         |
|    policy_gradient_loss | -0.00926    |
|    std                  | 0.939       |
|    value_loss           | 1.15        |
-----------------------------------------
-----------------------------------------
| rollout/                |             |
|    ep_len_mean          | 8.93e+03    |
|    ep_rew_mean          | -678        |
| time/                   |             |
|    fps                  | 385         |
|    iterations           | 71          |
|    time_elapsed         | 377         |
|    total_timesteps      | 145408      |
| train/                  |             |
|    approx_kl            | 0.009851377 |
|    clip_fraction        | 0.128       |
|    clip_range           | 0.2         |
|    entropy_loss         | -16.2       |
|    explained_variance   | 0.292       |
|    learning_rate        | 0.0003      |
|    loss                 | 25.5        |
|    n_updates            | 700         |
|    policy_gradient_loss | -0.0134     |
|    std                  | 0.938       |
|    value_loss           | 25.7        |
-----------------------------------------
-----------------------------------------
| rollout/                |             |
|    ep_len_mean          | 8.93e+03    |
|    ep_rew_mean          | -678        |
| time/                   |             |
|    fps                  | 385         |
|    iterations           | 72          |
|    time_elapsed         | 382         |
|    total_timesteps      | 147456      |
| train/                  |             |
|    approx_kl            | 0.021035645 |
|    clip_fraction        | 0.255       |
|    clip_range           | 0.2         |
|    entropy_loss         | -16.2       |
|    explained_variance   | 0.831       |
|    learning_rate        | 0.0003      |
|    loss                 | 0.534       |
|    n_updates            | 710         |
|    policy_gradient_loss | -0.00893    |
|    std                  | 0.935       |
|    value_loss           | 1.97        |
-----------------------------------------
-----------------------------------------
| rollout/                |             |
|    ep_len_mean          | 8.93e+03    |
|    ep_rew_mean          | -678        |
| time/                   |             |
|    fps                  | 384         |
|    iterations           | 73          |
|    time_elapsed         | 388         |
|    total_timesteps      | 149504      |
| train/                  |             |
|    approx_kl            | 0.018606428 |
|    clip_fraction        | 0.277       |
|    clip_range           | 0.2         |
|    entropy_loss         | -16.2       |
|    explained_variance   | 0.834       |
|    learning_rate        | 0.0003      |
|    loss                 | 0.636       |
|    n_updates            | 720         |
|    policy_gradient_loss | -0.0093     |
|    std                  | 0.932       |
|    value_loss           | 1.21        |
-----------------------------------------
-----------------------------------------
| rollout/                |             |
|    ep_len_mean          | 8.93e+03    |
|    ep_rew_mean          | -678        |
| time/                   |             |
|    fps                  | 384         |
|    iterations           | 74          |
|    time_elapsed         | 394         |
|    total_timesteps      | 151552      |
| train/                  |             |
|    approx_kl            | 0.032712996 |
|    clip_fraction        | 0.28        |
|    clip_range           | 0.2         |
|    entropy_loss         | -16.1       |
|    explained_variance   | 0.938       |
|    learning_rate        | 0.0003      |
|    loss                 | 0.267       |
|    n_updates            | 730         |
|    policy_gradient_loss | -0.0127     |
|    std                  | 0.927       |
|    value_loss           | 0.903       |
-----------------------------------------
----------------------------------------
| rollout/                |            |
|    ep_len_mean          | 8.93e+03   |
|    ep_rew_mean          | -679       |
| time/                   |            |
|    fps                  | 384        |
|    iterations           | 75         |
|    time_elapsed         | 399        |
|    total_timesteps      | 153600     |
| train/                  |            |
|    approx_kl            | 0.02047708 |
|    clip_fraction        | 0.266      |
|    clip_range           | 0.2        |
|    entropy_loss         | -16.1      |
|    explained_variance   | 0.968      |
|    learning_rate        | 0.0003     |
|    loss                 | 0.353      |
|    n_updates            | 740        |
|    policy_gradient_loss | -0.0103    |
|    std                  | 0.925      |
|    value_loss           | 0.793      |
----------------------------------------
-----------------------------------------
| rollout/                |             |
|    ep_len_mean          | 8.93e+03    |
|    ep_rew_mean          | -679        |
| time/                   |             |
|    fps                  | 384         |
|    iterations           | 76          |
|    time_elapsed         | 405         |
|    total_timesteps      | 155648      |
| train/                  |             |
|    approx_kl            | 0.013222452 |
|    clip_fraction        | 0.128       |
|    clip_range           | 0.2         |
|    entropy_loss         | -16         |
|    explained_variance   | 0.246       |
|    learning_rate        | 0.0003      |
|    loss                 | 35.5        |
|    n_updates            | 750         |
|    policy_gradient_loss | -0.0103     |
|    std                  | 0.925       |
|    value_loss           | 20          |
-----------------------------------------
----------------------------------------
| rollout/                |            |
|    ep_len_mean          | 8.93e+03   |
|    ep_rew_mean          | -679       |
| time/                   |            |
|    fps                  | 384        |
|    iterations           | 77         |
|    time_elapsed         | 410        |
|    total_timesteps      | 157696     |
| train/                  |            |
|    approx_kl            | 0.02194338 |
|    clip_fraction        | 0.195      |
|    clip_range           | 0.2        |
|    entropy_loss         | -16        |
|    explained_variance   | 0.875      |
|    learning_rate        | 0.0003     |
|    loss                 | 1.16       |
|    n_updates            | 760        |
|    policy_gradient_loss | -0.0133    |
|    std                  | 0.922      |
|    value_loss           | 2.18       |
----------------------------------------
-----------------------------------------
| rollout/                |             |
|    ep_len_mean          | 8.93e+03    |
|    ep_rew_mean          | -679        |
| time/                   |             |
|    fps                  | 385         |
|    iterations           | 78          |
|    time_elapsed         | 414         |
|    total_timesteps      | 159744      |
| train/                  |             |
|    approx_kl            | 0.019862376 |
|    clip_fraction        | 0.238       |
|    clip_range           | 0.2         |
|    entropy_loss         | -16         |
|    explained_variance   | 0.92        |
|    learning_rate        | 0.0003      |
|    loss                 | 0.363       |
|    n_updates            | 770         |
|    policy_gradient_loss | -0.0141     |
|    std                  | 0.922       |
|    value_loss           | 1.34        |
-----------------------------------------
-----------------------------------------
| rollout/                |             |
|    ep_len_mean          | 8.93e+03    |
|    ep_rew_mean          | -679        |
| time/                   |             |
|    fps                  | 385         |
|    iterations           | 79          |
|    time_elapsed         | 419         |
|    total_timesteps      | 161792      |
| train/                  |             |
|    approx_kl            | 0.027492337 |
|    clip_fraction        | 0.266       |
|    clip_range           | 0.2         |
|    entropy_loss         | -16         |
|    explained_variance   | 0.93        |
|    learning_rate        | 0.0003      |
|    loss                 | 0.258       |
|    n_updates            | 780         |
|    policy_gradient_loss | -0.0109     |
|    std                  | 0.92        |
|    value_loss           | 0.875       |
-----------------------------------------
-----------------------------------------
| rollout/                |             |
|    ep_len_mean          | 8.93e+03    |
|    ep_rew_mean          | -679        |
| time/                   |             |
|    fps                  | 385         |
|    iterations           | 80          |
|    time_elapsed         | 424         |
|    total_timesteps      | 163840      |
| train/                  |             |
|    approx_kl            | 0.012920197 |
|    clip_fraction        | 0.165       |
|    clip_range           | 0.2         |
|    entropy_loss         | -16         |
|    explained_variance   | 0.474       |
|    learning_rate        | 0.0003      |
|    loss                 | 1.73        |
|    n_updates            | 790         |
|    policy_gradient_loss | -0.0103     |
|    std                  | 0.918       |
|    value_loss           | 40.5        |
-----------------------------------------
-----------------------------------------
| rollout/                |             |
|    ep_len_mean          | 8.93e+03    |
|    ep_rew_mean          | -679        |
| time/                   |             |
|    fps                  | 386         |
|    iterations           | 81          |
|    time_elapsed         | 429         |
|    total_timesteps      | 165888      |
| train/                  |             |
|    approx_kl            | 0.022713648 |
|    clip_fraction        | 0.242       |
|    clip_range           | 0.2         |
|    entropy_loss         | -15.9       |
|    explained_variance   | 0.738       |
|    learning_rate        | 0.0003      |
|    loss                 | 0.716       |
|    n_updates            | 800         |
|    policy_gradient_loss | -0.0103     |
|    std                  | 0.913       |
|    value_loss           | 2.42        |
-----------------------------------------
-----------------------------------------
| rollout/                |             |
|    ep_len_mean          | 8.93e+03    |
|    ep_rew_mean          | -679        |
| time/                   |             |
|    fps                  | 386         |
|    iterations           | 82          |
|    time_elapsed         | 435         |
|    total_timesteps      | 167936      |
| train/                  |             |
|    approx_kl            | 0.023045981 |
|    clip_fraction        | 0.278       |
|    clip_range           | 0.2         |
|    entropy_loss         | -15.9       |
|    explained_variance   | 0.877       |
|    learning_rate        | 0.0003      |
|    loss                 | 0.482       |
|    n_updates            | 810         |
|    policy_gradient_loss | -0.013      |
|    std                  | 0.912       |
|    value_loss           | 1.11        |
-----------------------------------------
-----------------------------------------
| rollout/                |             |
|    ep_len_mean          | 8.93e+03    |
|    ep_rew_mean          | -677        |
| time/                   |             |
|    fps                  | 386         |
|    iterations           | 83          |
|    time_elapsed         | 439         |
|    total_timesteps      | 169984      |
| train/                  |             |
|    approx_kl            | 0.022623474 |
|    clip_fraction        | 0.301       |
|    clip_range           | 0.2         |
|    entropy_loss         | -15.9       |
|    explained_variance   | 0.863       |
|    learning_rate        | 0.0003      |
|    loss                 | 0.221       |
|    n_updates            | 820         |
|    policy_gradient_loss | -0.0131     |
|    std                  | 0.913       |
|    value_loss           | 0.916       |
-----------------------------------------
-----------------------------------------
| rollout/                |             |
|    ep_len_mean          | 8.93e+03    |
|    ep_rew_mean          | -677        |
| time/                   |             |
|    fps                  | 387         |
|    iterations           | 84          |
|    time_elapsed         | 444         |
|    total_timesteps      | 172032      |
| train/                  |             |
|    approx_kl            | 0.009334609 |
|    clip_fraction        | 0.115       |
|    clip_range           | 0.2         |
|    entropy_loss         | -15.9       |
|    explained_variance   | 0.207       |
|    learning_rate        | 0.0003      |
|    loss                 | 4.36        |
|    n_updates            | 830         |
|    policy_gradient_loss | -0.00915    |
|    std                  | 0.913       |
|    value_loss           | 30          |
-----------------------------------------
-----------------------------------------
| rollout/                |             |
|    ep_len_mean          | 8.93e+03    |
|    ep_rew_mean          | -677        |
| time/                   |             |
|    fps                  | 386         |
|    iterations           | 85          |
|    time_elapsed         | 450         |
|    total_timesteps      | 174080      |
| train/                  |             |
|    approx_kl            | 0.019603396 |
|    clip_fraction        | 0.228       |
|    clip_range           | 0.2         |
|    entropy_loss         | -15.9       |
|    explained_variance   | 0.61        |
|    learning_rate        | 0.0003      |
|    loss                 | 0.665       |
|    n_updates            | 840         |
|    policy_gradient_loss | -0.0103     |
|    std                  | 0.915       |
|    value_loss           | 2.49        |
-----------------------------------------
-----------------------------------------
| rollout/                |             |
|    ep_len_mean          | 8.93e+03    |
|    ep_rew_mean          | -677        |
| time/                   |             |
|    fps                  | 386         |
|    iterations           | 86          |
|    time_elapsed         | 456         |
|    total_timesteps      | 176128      |
| train/                  |             |
|    approx_kl            | 0.025299082 |
|    clip_fraction        | 0.3         |
|    clip_range           | 0.2         |
|    entropy_loss         | -15.9       |
|    explained_variance   | 0.78        |
|    learning_rate        | 0.0003      |
|    loss                 | 0.696       |
|    n_updates            | 850         |
|    policy_gradient_loss | -0.0135     |
|    std                  | 0.917       |
|    value_loss           | 1.43        |
-----------------------------------------
-----------------------------------------
| rollout/                |             |
|    ep_len_mean          | 8.93e+03    |
|    ep_rew_mean          | -677        |
| time/                   |             |
|    fps                  | 385         |
|    iterations           | 87          |
|    time_elapsed         | 461         |
|    total_timesteps      | 178176      |
| train/                  |             |
|    approx_kl            | 0.021111902 |
|    clip_fraction        | 0.284       |
|    clip_range           | 0.2         |
|    entropy_loss         | -15.9       |
|    explained_variance   | 0.89        |
|    learning_rate        | 0.0003      |
|    loss                 | 0.585       |
|    n_updates            | 860         |
|    policy_gradient_loss | -0.00928    |
|    std                  | 0.915       |
|    value_loss           | 1.09        |
-----------------------------------------
-----------------------------------------
| rollout/                |             |
|    ep_len_mean          | 8.93e+03    |
|    ep_rew_mean          | -676        |
| time/                   |             |
|    fps                  | 386         |
|    iterations           | 88          |
|    time_elapsed         | 466         |
|    total_timesteps      | 180224      |
| train/                  |             |
|    approx_kl            | 0.025871519 |
|    clip_fraction        | 0.27        |
|    clip_range           | 0.2         |
|    entropy_loss         | -15.9       |
|    explained_variance   | 0.927       |
|    learning_rate        | 0.0003      |
|    loss                 | 0.346       |
|    n_updates            | 870         |
|    policy_gradient_loss | -0.0113     |
|    std                  | 0.912       |
|    value_loss           | 0.922       |
-----------------------------------------
-----------------------------------------
| rollout/                |             |
|    ep_len_mean          | 8.93e+03    |
|    ep_rew_mean          | -676        |
| time/                   |             |
|    fps                  | 386         |
|    iterations           | 89          |
|    time_elapsed         | 471         |
|    total_timesteps      | 182272      |
| train/                  |             |
|    approx_kl            | 0.010474764 |
|    clip_fraction        | 0.131       |
|    clip_range           | 0.2         |
|    entropy_loss         | -15.8       |
|    explained_variance   | 0.233       |
|    learning_rate        | 0.0003      |
|    loss                 | 1.49        |
|    n_updates            | 880         |
|    policy_gradient_loss | -0.00986    |
|    std                  | 0.91        |
|    value_loss           | 40.1        |
-----------------------------------------
----------------------------------------
| rollout/                |            |
|    ep_len_mean          | 8.93e+03   |
|    ep_rew_mean          | -676       |
| time/                   |            |
|    fps                  | 387        |
|    iterations           | 90         |
|    time_elapsed         | 476        |
|    total_timesteps      | 184320     |
| train/                  |            |
|    approx_kl            | 0.03612133 |
|    clip_fraction        | 0.271      |
|    clip_range           | 0.2        |
|    entropy_loss         | -15.8      |
|    explained_variance   | 0.832      |
|    learning_rate        | 0.0003     |
|    loss                 | 0.45       |
|    n_updates            | 890        |
|    policy_gradient_loss | -0.012     |
|    std                  | 0.907      |
|    value_loss           | 1.86       |
----------------------------------------
-----------------------------------------
| rollout/                |             |
|    ep_len_mean          | 8.93e+03    |
|    ep_rew_mean          | -676        |
| time/                   |             |
|    fps                  | 387         |
|    iterations           | 91          |
|    time_elapsed         | 480         |
|    total_timesteps      | 186368      |
| train/                  |             |
|    approx_kl            | 0.023433011 |
|    clip_fraction        | 0.27        |
|    clip_range           | 0.2         |
|    entropy_loss         | -15.8       |
|    explained_variance   | 0.886       |
|    learning_rate        | 0.0003      |
|    loss                 | 0.76        |
|    n_updates            | 900         |
|    policy_gradient_loss | -0.00588    |
|    std                  | 0.909       |
|    value_loss           | 1.3         |
-----------------------------------------
-----------------------------------------
| rollout/                |             |
|    ep_len_mean          | 8.93e+03    |
|    ep_rew_mean          | -676        |
| time/                   |             |
|    fps                  | 388         |
|    iterations           | 92          |
|    time_elapsed         | 485         |
|    total_timesteps      | 188416      |
| train/                  |             |
|    approx_kl            | 0.025155496 |
|    clip_fraction        | 0.258       |
|    clip_range           | 0.2         |
|    entropy_loss         | -15.8       |
|    explained_variance   | 0.907       |
|    learning_rate        | 0.0003      |
|    loss                 | 0.414       |
|    n_updates            | 910         |
|    policy_gradient_loss | -0.00881    |
|    std                  | 0.909       |
|    value_loss           | 1.04        |
-----------------------------------------
-----------------------------------------
| rollout/                |             |
|    ep_len_mean          | 8.93e+03    |
|    ep_rew_mean          | -676        |
| time/                   |             |
|    fps                  | 387         |
|    iterations           | 93          |
|    time_elapsed         | 491         |
|    total_timesteps      | 190464      |
| train/                  |             |
|    approx_kl            | 0.011012454 |
|    clip_fraction        | 0.163       |
|    clip_range           | 0.2         |
|    entropy_loss         | -15.8       |
|    explained_variance   | 0.331       |
|    learning_rate        | 0.0003      |
|    loss                 | 6.44        |
|    n_updates            | 920         |
|    policy_gradient_loss | -0.00751    |
|    std                  | 0.908       |
|    value_loss           | 50.7        |
-----------------------------------------
----------------------------------------
| rollout/                |            |
|    ep_len_mean          | 8.93e+03   |
|    ep_rew_mean          | -676       |
| time/                   |            |
|    fps                  | 386        |
|    iterations           | 94         |
|    time_elapsed         | 497        |
|    total_timesteps      | 192512     |
| train/                  |            |
|    approx_kl            | 0.02311974 |
|    clip_fraction        | 0.235      |
|    clip_range           | 0.2        |
|    entropy_loss         | -15.8      |
|    explained_variance   | 0.734      |
|    learning_rate        | 0.0003     |
|    loss                 | 1          |
|    n_updates            | 930        |
|    policy_gradient_loss | -0.0138    |
|    std                  | 0.907      |
|    value_loss           | 3.15       |
----------------------------------------
-----------------------------------------
| rollout/                |             |
|    ep_len_mean          | 8.93e+03    |
|    ep_rew_mean          | -676        |
| time/                   |             |
|    fps                  | 385         |
|    iterations           | 95          |
|    time_elapsed         | 504         |
|    total_timesteps      | 194560      |
| train/                  |             |
|    approx_kl            | 0.021316607 |
|    clip_fraction        | 0.273       |
|    clip_range           | 0.2         |
|    entropy_loss         | -15.8       |
|    explained_variance   | 0.87        |
|    learning_rate        | 0.0003      |
|    loss                 | 0.666       |
|    n_updates            | 940         |
|    policy_gradient_loss | -0.011      |
|    std                  | 0.904       |
|    value_loss           | 1.52        |
-----------------------------------------
-----------------------------------------
| rollout/                |             |
|    ep_len_mean          | 8.93e+03    |
|    ep_rew_mean          | -676        |
| time/                   |             |
|    fps                  | 385         |
|    iterations           | 96          |
|    time_elapsed         | 510         |
|    total_timesteps      | 196608      |
| train/                  |             |
|    approx_kl            | 0.023486763 |
|    clip_fraction        | 0.28        |
|    clip_range           | 0.2         |
|    entropy_loss         | -15.7       |
|    explained_variance   | 0.856       |
|    learning_rate        | 0.0003      |
|    loss                 | 0.554       |
|    n_updates            | 950         |
|    policy_gradient_loss | -0.00482    |
|    std                  | 0.905       |
|    value_loss           | 1.14        |
-----------------------------------------
-----------------------------------------
| rollout/                |             |
|    ep_len_mean          | 8.93e+03    |
|    ep_rew_mean          | -676        |
| time/                   |             |
|    fps                  | 385         |
|    iterations           | 97          |
|    time_elapsed         | 515         |
|    total_timesteps      | 198656      |
| train/                  |             |
|    approx_kl            | 0.012137801 |
|    clip_fraction        | 0.154       |
|    clip_range           | 0.2         |
|    entropy_loss         | -15.7       |
|    explained_variance   | 0.296       |
|    learning_rate        | 0.0003      |
|    loss                 | 1.76        |
|    n_updates            | 960         |
|    policy_gradient_loss | -0.00734    |
|    std                  | 0.904       |
|    value_loss           | 29          |
-----------------------------------------
-----------------------------------------
| rollout/                |             |
|    ep_len_mean          | 8.93e+03    |
|    ep_rew_mean          | -676        |
| time/                   |             |
|    fps                  | 385         |
|    iterations           | 98          |
|    time_elapsed         | 520         |
|    total_timesteps      | 200704      |
| train/                  |             |
|    approx_kl            | 0.021701235 |
|    clip_fraction        | 0.214       |
|    clip_range           | 0.2         |
|    entropy_loss         | -15.7       |
|    explained_variance   | 0.431       |
|    learning_rate        | 0.0003      |
|    loss                 | 2.43        |
|    n_updates            | 970         |
|    policy_gradient_loss | -0.0117     |
|    std                  | 0.905       |
|    value_loss           | 5.1         |
-----------------------------------------
-----------------------------------------
| rollout/                |             |
|    ep_len_mean          | 8.93e+03    |
|    ep_rew_mean          | -676        |
| time/                   |             |
|    fps                  | 385         |
|    iterations           | 99          |
|    time_elapsed         | 526         |
|    total_timesteps      | 202752      |
| train/                  |             |
|    approx_kl            | 0.022088345 |
|    clip_fraction        | 0.291       |
|    clip_range           | 0.2         |
|    entropy_loss         | -15.7       |
|    explained_variance   | 0.766       |
|    learning_rate        | 0.0003      |
|    loss                 | 0.879       |
|    n_updates            | 980         |
|    policy_gradient_loss | -0.01       |
|    std                  | 0.902       |
|    value_loss           | 2.36        |
-----------------------------------------
-----------------------------------------
| rollout/                |             |
|    ep_len_mean          | 8.93e+03    |
|    ep_rew_mean          | -676        |
| time/                   |             |
|    fps                  | 385         |
|    iterations           | 100         |
|    time_elapsed         | 531         |
|    total_timesteps      | 204800      |
| train/                  |             |
|    approx_kl            | 0.019911533 |
|    clip_fraction        | 0.254       |
|    clip_range           | 0.2         |
|    entropy_loss         | -15.7       |
|    explained_variance   | 0.895       |
|    learning_rate        | 0.0003      |
|    loss                 | 0.79        |
|    n_updates            | 990         |
|    policy_gradient_loss | -0.0113     |
|    std                  | 0.904       |
|    value_loss           | 1.33        |
-----------------------------------------
-----------------------------------------
| rollout/                |             |
|    ep_len_mean          | 8.93e+03    |
|    ep_rew_mean          | -676        |
| time/                   |             |
|    fps                  | 385         |
|    iterations           | 101         |
|    time_elapsed         | 536         |
|    total_timesteps      | 206848      |
| train/                  |             |
|    approx_kl            | 0.034393527 |
|    clip_fraction        | 0.313       |
|    clip_range           | 0.2         |
|    entropy_loss         | -15.8       |
|    explained_variance   | 0.898       |
|    learning_rate        | 0.0003      |
|    loss                 | 0.288       |
|    n_updates            | 1000        |
|    policy_gradient_loss | -0.00936    |
|    std                  | 0.905       |
|    value_loss           | 0.927       |
-----------------------------------------
-----------------------------------------
| rollout/                |             |
|    ep_len_mean          | 8.93e+03    |
|    ep_rew_mean          | -676        |
| time/                   |             |
|    fps                  | 385         |
|    iterations           | 102         |
|    time_elapsed         | 541         |
|    total_timesteps      | 208896      |
| train/                  |             |
|    approx_kl            | 0.010364342 |
|    clip_fraction        | 0.133       |
|    clip_range           | 0.2         |
|    entropy_loss         | -15.7       |
|    explained_variance   | 0.305       |
|    learning_rate        | 0.0003      |
|    loss                 | 4.09        |
|    n_updates            | 1010        |
|    policy_gradient_loss | -0.00641    |
|    std                  | 0.904       |
|    value_loss           | 38.6        |
-----------------------------------------
----------------------------------------
| rollout/                |            |
|    ep_len_mean          | 8.93e+03   |
|    ep_rew_mean          | -676       |
| time/                   |            |
|    fps                  | 385        |
|    iterations           | 103        |
|    time_elapsed         | 546        |
|    total_timesteps      | 210944     |
| train/                  |            |
|    approx_kl            | 0.02484045 |
|    clip_fraction        | 0.29       |
|    clip_range           | 0.2        |
|    entropy_loss         | -15.8      |
|    explained_variance   | 0.867      |
|    learning_rate        | 0.0003     |
|    loss                 | 0.302      |
|    n_updates            | 1020       |
|    policy_gradient_loss | -0.00784   |
|    std                  | 0.906      |
|    value_loss           | 1.28       |
----------------------------------------
-----------------------------------------
| rollout/                |             |
|    ep_len_mean          | 8.93e+03    |
|    ep_rew_mean          | -676        |
| time/                   |             |
|    fps                  | 385         |
|    iterations           | 104         |
|    time_elapsed         | 552         |
|    total_timesteps      | 212992      |
| train/                  |             |
|    approx_kl            | 0.021819595 |
|    clip_fraction        | 0.256       |
|    clip_range           | 0.2         |
|    entropy_loss         | -15.8       |
|    explained_variance   | 0.916       |
|    learning_rate        | 0.0003      |
|    loss                 | 0.389       |
|    n_updates            | 1030        |
|    policy_gradient_loss | -0.00954    |
|    std                  | 0.905       |
|    value_loss           | 1.24        |
-----------------------------------------
----------------------------------------
| rollout/                |            |
|    ep_len_mean          | 8.93e+03   |
|    ep_rew_mean          | -677       |
| time/                   |            |
|    fps                  | 385        |
|    iterations           | 105        |
|    time_elapsed         | 558        |
|    total_timesteps      | 215040     |
| train/                  |            |
|    approx_kl            | 0.01998412 |
|    clip_fraction        | 0.292      |
|    clip_range           | 0.2        |
|    entropy_loss         | -15.8      |
|    explained_variance   | 0.92       |
|    learning_rate        | 0.0003     |
|    loss                 | 0.28       |
|    n_updates            | 1040       |
|    policy_gradient_loss | -0.0126    |
|    std                  | 0.906      |
|    value_loss           | 0.917      |
----------------------------------------
----------------------------------------
| rollout/                |            |
|    ep_len_mean          | 8.93e+03   |
|    ep_rew_mean          | -677       |
| time/                   |            |
|    fps                  | 384        |
|    iterations           | 106        |
|    time_elapsed         | 564        |
|    total_timesteps      | 217088     |
| train/                  |            |
|    approx_kl            | 0.00839977 |
|    clip_fraction        | 0.0961     |
|    clip_range           | 0.2        |
|    entropy_loss         | -15.8      |
|    explained_variance   | 0.201      |
|    learning_rate        | 0.0003     |
|    loss                 | 67.2       |
|    n_updates            | 1050       |
|    policy_gradient_loss | -0.00665   |
|    std                  | 0.906      |
|    value_loss           | 42.9       |
----------------------------------------
-----------------------------------------
| rollout/                |             |
|    ep_len_mean          | 8.93e+03    |
|    ep_rew_mean          | -677        |
| time/                   |             |
|    fps                  | 384         |
|    iterations           | 107         |
|    time_elapsed         | 569         |
|    total_timesteps      | 219136      |
| train/                  |             |
|    approx_kl            | 0.033444148 |
|    clip_fraction        | 0.297       |
|    clip_range           | 0.2         |
|    entropy_loss         | -15.8       |
|    explained_variance   | 0.874       |
|    learning_rate        | 0.0003      |
|    loss                 | 0.306       |
|    n_updates            | 1060        |
|    policy_gradient_loss | -0.0089     |
|    std                  | 0.909       |
|    value_loss           | 1.73        |
-----------------------------------------
-----------------------------------------
| rollout/                |             |
|    ep_len_mean          | 8.93e+03    |
|    ep_rew_mean          | -677        |
| time/                   |             |
|    fps                  | 384         |
|    iterations           | 108         |
|    time_elapsed         | 574         |
|    total_timesteps      | 221184      |
| train/                  |             |
|    approx_kl            | 0.021817157 |
|    clip_fraction        | 0.283       |
|    clip_range           | 0.2         |
|    entropy_loss         | -15.8       |
|    explained_variance   | 0.868       |
|    learning_rate        | 0.0003      |
|    loss                 | 0.41        |
|    n_updates            | 1070        |
|    policy_gradient_loss | -0.00434    |
|    std                  | 0.904       |
|    value_loss           | 1.03        |
-----------------------------------------
-----------------------------------------
| rollout/                |             |
|    ep_len_mean          | 8.93e+03    |
|    ep_rew_mean          | -675        |
| time/                   |             |
|    fps                  | 385         |
|    iterations           | 109         |
|    time_elapsed         | 579         |
|    total_timesteps      | 223232      |
| train/                  |             |
|    approx_kl            | 0.019021843 |
|    clip_fraction        | 0.216       |
|    clip_range           | 0.2         |
|    entropy_loss         | -15.7       |
|    explained_variance   | 0.941       |
|    learning_rate        | 0.0003      |
|    loss                 | 0.388       |
|    n_updates            | 1080        |
|    policy_gradient_loss | -0.0152     |
|    std                  | 0.901       |
|    value_loss           | 1.29        |
-----------------------------------------
-----------------------------------------
| rollout/                |             |
|    ep_len_mean          | 8.93e+03    |
|    ep_rew_mean          | -675        |
| time/                   |             |
|    fps                  | 385         |
|    iterations           | 110         |
|    time_elapsed         | 584         |
|    total_timesteps      | 225280      |
| train/                  |             |
|    approx_kl            | 0.009524826 |
|    clip_fraction        | 0.112       |
|    clip_range           | 0.2         |
|    entropy_loss         | -15.7       |
|    explained_variance   | 0.382       |
|    learning_rate        | 0.0003      |
|    loss                 | 4.43        |
|    n_updates            | 1090        |
|    policy_gradient_loss | -0.00676    |
|    std                  | 0.901       |
|    value_loss           | 32.2        |
-----------------------------------------
------------------------------------------
| rollout/                |              |
|    ep_len_mean          | 8.93e+03     |
|    ep_rew_mean          | -675         |
| time/                   |              |
|    fps                  | 385          |
|    iterations           | 111          |
|    time_elapsed         | 589          |
|    total_timesteps      | 227328       |
| train/                  |              |
|    approx_kl            | 0.0071246014 |
|    clip_fraction        | 0.0394       |
|    clip_range           | 0.2          |
|    entropy_loss         | -15.7        |
|    explained_variance   | 0.392        |
|    learning_rate        | 0.0003       |
|    loss                 | 10.6         |
|    n_updates            | 1100         |
|    policy_gradient_loss | -0.00659     |
|    std                  | 0.901        |
|    value_loss           | 39.4         |
------------------------------------------
-----------------------------------------
| rollout/                |             |
|    ep_len_mean          | 8.93e+03    |
|    ep_rew_mean          | -675        |
| time/                   |             |
|    fps                  | 385         |
|    iterations           | 112         |
|    time_elapsed         | 594         |
|    total_timesteps      | 229376      |
| train/                  |             |
|    approx_kl            | 0.012120005 |
|    clip_fraction        | 0.117       |
|    clip_range           | 0.2         |
|    entropy_loss         | -15.7       |
|    explained_variance   | 0.655       |
|    learning_rate        | 0.0003      |
|    loss                 | 6.34        |
|    n_updates            | 1110        |
|    policy_gradient_loss | -0.0067     |
|    std                  | 0.899       |
|    value_loss           | 12.4        |
-----------------------------------------
-----------------------------------------
| rollout/                |             |
|    ep_len_mean          | 8.93e+03    |
|    ep_rew_mean          | -675        |
| time/                   |             |
|    fps                  | 385         |
|    iterations           | 113         |
|    time_elapsed         | 599         |
|    total_timesteps      | 231424      |
| train/                  |             |
|    approx_kl            | 0.016862174 |
|    clip_fraction        | 0.195       |
|    clip_range           | 0.2         |
|    entropy_loss         | -15.6       |
|    explained_variance   | 0.755       |
|    learning_rate        | 0.0003      |
|    loss                 | 2.64        |
|    n_updates            | 1120        |
|    policy_gradient_loss | -0.0111     |
|    std                  | 0.895       |
|    value_loss           | 7.76        |
-----------------------------------------
-----------------------------------------
| rollout/                |             |
|    ep_len_mean          | 8.93e+03    |
|    ep_rew_mean          | -675        |
| time/                   |             |
|    fps                  | 386         |
|    iterations           | 114         |
|    time_elapsed         | 604         |
|    total_timesteps      | 233472      |
| train/                  |             |
|    approx_kl            | 0.019362096 |
|    clip_fraction        | 0.222       |
|    clip_range           | 0.2         |
|    entropy_loss         | -15.6       |
|    explained_variance   | 0.694       |
|    learning_rate        | 0.0003      |
|    loss                 | 1.32        |
|    n_updates            | 1130        |
|    policy_gradient_loss | -0.0136     |
|    std                  | 0.893       |
|    value_loss           | 4.71        |
-----------------------------------------
-----------------------------------------
| rollout/                |             |
|    ep_len_mean          | 8.93e+03    |
|    ep_rew_mean          | -675        |
| time/                   |             |
|    fps                  | 386         |
|    iterations           | 115         |
|    time_elapsed         | 609         |
|    total_timesteps      | 235520      |
| train/                  |             |
|    approx_kl            | 0.009596081 |
|    clip_fraction        | 0.114       |
|    clip_range           | 0.2         |
|    entropy_loss         | -15.6       |
|    explained_variance   | 0.517       |
|    learning_rate        | 0.0003      |
|    loss                 | 3.53        |
|    n_updates            | 1140        |
|    policy_gradient_loss | -0.0121     |
|    std                  | 0.892       |
|    value_loss           | 47          |
-----------------------------------------
-----------------------------------------
| rollout/                |             |
|    ep_len_mean          | 8.93e+03    |
|    ep_rew_mean          | -675        |
| time/                   |             |
|    fps                  | 386         |
|    iterations           | 116         |
|    time_elapsed         | 614         |
|    total_timesteps      | 237568      |
| train/                  |             |
|    approx_kl            | 0.026012957 |
|    clip_fraction        | 0.289       |
|    clip_range           | 0.2         |
|    entropy_loss         | -15.6       |
|    explained_variance   | 0.745       |
|    learning_rate        | 0.0003      |
|    loss                 | 1.78        |
|    n_updates            | 1150        |
|    policy_gradient_loss | -0.00967    |
|    std                  | 0.893       |
|    value_loss           | 4.37        |
-----------------------------------------
-----------------------------------------
| rollout/                |             |
|    ep_len_mean          | 8.93e+03    |
|    ep_rew_mean          | -675        |
| time/                   |             |
|    fps                  | 386         |
|    iterations           | 117         |
|    time_elapsed         | 620         |
|    total_timesteps      | 239616      |
| train/                  |             |
|    approx_kl            | 0.020714179 |
|    clip_fraction        | 0.278       |
|    clip_range           | 0.2         |
|    entropy_loss         | -15.6       |
|    explained_variance   | 0.821       |
|    learning_rate        | 0.0003      |
|    loss                 | 1.09        |
|    n_updates            | 1160        |
|    policy_gradient_loss | -0.00839    |
|    std                  | 0.892       |
|    value_loss           | 2.75        |
-----------------------------------------
----------------------------------------
| rollout/                |            |
|    ep_len_mean          | 8.93e+03   |
|    ep_rew_mean          | -676       |
| time/                   |            |
|    fps                  | 385        |
|    iterations           | 118        |
|    time_elapsed         | 626        |
|    total_timesteps      | 241664     |
| train/                  |            |
|    approx_kl            | 0.02722265 |
|    clip_fraction        | 0.33       |
|    clip_range           | 0.2        |
|    entropy_loss         | -15.6      |
|    explained_variance   | 0.848      |
|    learning_rate        | 0.0003     |
|    loss                 | 0.377      |
|    n_updates            | 1170       |
|    policy_gradient_loss | -0.0105    |
|    std                  | 0.893      |
|    value_loss           | 1.76       |
----------------------------------------
-----------------------------------------
| rollout/                |             |
|    ep_len_mean          | 8.93e+03    |
|    ep_rew_mean          | -676        |
| time/                   |             |
|    fps                  | 385         |
|    iterations           | 119         |
|    time_elapsed         | 632         |
|    total_timesteps      | 243712      |
| train/                  |             |
|    approx_kl            | 0.011163097 |
|    clip_fraction        | 0.176       |
|    clip_range           | 0.2         |
|    entropy_loss         | -15.6       |
|    explained_variance   | 0.182       |
|    learning_rate        | 0.0003      |
|    loss                 | 8.09        |
|    n_updates            | 1180        |
|    policy_gradient_loss | -0.00561    |
|    std                  | 0.893       |
|    value_loss           | 51.5        |
-----------------------------------------
----------------------------------------
| rollout/                |            |
|    ep_len_mean          | 8.93e+03   |
|    ep_rew_mean          | -676       |
| time/                   |            |
|    fps                  | 385        |
|    iterations           | 120        |
|    time_elapsed         | 638        |
|    total_timesteps      | 245760     |
| train/                  |            |
|    approx_kl            | 0.02871652 |
|    clip_fraction        | 0.292      |
|    clip_range           | 0.2        |
|    entropy_loss         | -15.6      |
|    explained_variance   | 0.853      |
|    learning_rate        | 0.0003     |
|    loss                 | 1.04       |
|    n_updates            | 1190       |
|    policy_gradient_loss | -0.0116    |
|    std                  | 0.889      |
|    value_loss           | 2.77       |
----------------------------------------
-----------------------------------------
| rollout/                |             |
|    ep_len_mean          | 8.93e+03    |
|    ep_rew_mean          | -676        |
| time/                   |             |
|    fps                  | 385         |
|    iterations           | 121         |
|    time_elapsed         | 643         |
|    total_timesteps      | 247808      |
| train/                  |             |
|    approx_kl            | 0.033255033 |
|    clip_fraction        | 0.342       |
|    clip_range           | 0.2         |
|    entropy_loss         | -15.5       |
|    explained_variance   | 0.856       |
|    learning_rate        | 0.0003      |
|    loss                 | 0.394       |
|    n_updates            | 1200        |
|    policy_gradient_loss | -0.00982    |
|    std                  | 0.887       |
|    value_loss           | 1.51        |
-----------------------------------------
----------------------------------------
| rollout/                |            |
|    ep_len_mean          | 8.93e+03   |
|    ep_rew_mean          | -676       |
| time/                   |            |
|    fps                  | 384        |
|    iterations           | 122        |
|    time_elapsed         | 649        |
|    total_timesteps      | 249856     |
| train/                  |            |
|    approx_kl            | 0.02251834 |
|    clip_fraction        | 0.278      |
|    clip_range           | 0.2        |
|    entropy_loss         | -15.5      |
|    explained_variance   | 0.91       |
|    learning_rate        | 0.0003     |
|    loss                 | 0.309      |
|    n_updates            | 1210       |
|    policy_gradient_loss | -0.0126    |
|    std                  | 0.887      |
|    value_loss           | 1.42       |
----------------------------------------
-----------------------------------------
| rollout/                |             |
|    ep_len_mean          | 8.93e+03    |
|    ep_rew_mean          | -676        |
| time/                   |             |
|    fps                  | 384         |
|    iterations           | 123         |
|    time_elapsed         | 655         |
|    total_timesteps      | 251904      |
| train/                  |             |
|    approx_kl            | 0.025546813 |
|    clip_fraction        | 0.336       |
|    clip_range           | 0.2         |
|    entropy_loss         | -15.5       |
|    explained_variance   | 0.922       |
|    learning_rate        | 0.0003      |
|    loss                 | 0.126       |
|    n_updates            | 1220        |
|    policy_gradient_loss | -0.00962    |
|    std                  | 0.885       |
|    value_loss           | 0.939       |
-----------------------------------------
------------------------------------------
| rollout/                |              |
|    ep_len_mean          | 8.93e+03     |
|    ep_rew_mean          | -676         |
| time/                   |              |
|    fps                  | 384          |
|    iterations           | 124          |
|    time_elapsed         | 660          |
|    total_timesteps      | 253952       |
| train/                  |              |
|    approx_kl            | 0.0072709597 |
|    clip_fraction        | 0.0955       |
|    clip_range           | 0.2          |
|    entropy_loss         | -15.5        |
|    explained_variance   | 0.195        |
|    learning_rate        | 0.0003       |
|    loss                 | 28.1         |
|    n_updates            | 1230         |
|    policy_gradient_loss | -0.0104      |
|    std                  | 0.885        |
|    value_loss           | 40.2         |
------------------------------------------
-----------------------------------------
| rollout/                |             |
|    ep_len_mean          | 8.93e+03    |
|    ep_rew_mean          | -676        |
| time/                   |             |
|    fps                  | 384         |
|    iterations           | 125         |
|    time_elapsed         | 665         |
|    total_timesteps      | 256000      |
| train/                  |             |
|    approx_kl            | 0.026270125 |
|    clip_fraction        | 0.257       |
|    clip_range           | 0.2         |
|    entropy_loss         | -15.5       |
|    explained_variance   | 0.845       |
|    learning_rate        | 0.0003      |
|    loss                 | 0.712       |
|    n_updates            | 1240        |
|    policy_gradient_loss | -0.00974    |
|    std                  | 0.889       |
|    value_loss           | 1.96        |
-----------------------------------------
---------------------------------------
| rollout/                |           |
|    ep_len_mean          | 8.93e+03  |
|    ep_rew_mean          | -676      |
| time/                   |           |
|    fps                  | 384       |
|    iterations           | 126       |
|    time_elapsed         | 670       |
|    total_timesteps      | 258048    |
| train/                  |           |
|    approx_kl            | 0.0212587 |
|    clip_fraction        | 0.278     |
|    clip_range           | 0.2       |
|    entropy_loss         | -15.5     |
|    explained_variance   | 0.885     |
|    learning_rate        | 0.0003    |
|    loss                 | 0.68      |
|    n_updates            | 1250      |
|    policy_gradient_loss | -0.0155   |
|    std                  | 0.891     |
|    value_loss           | 1.68      |
---------------------------------------
-----------------------------------------
| rollout/                |             |
|    ep_len_mean          | 8.93e+03    |
|    ep_rew_mean          | -676        |
| time/                   |             |
|    fps                  | 384         |
|    iterations           | 127         |
|    time_elapsed         | 676         |
|    total_timesteps      | 260096      |
| train/                  |             |
|    approx_kl            | 0.026981946 |
|    clip_fraction        | 0.254       |
|    clip_range           | 0.2         |
|    entropy_loss         | -15.6       |
|    explained_variance   | 0.836       |
|    learning_rate        | 0.0003      |
|    loss                 | 0.431       |
|    n_updates            | 1260        |
|    policy_gradient_loss | -0.0073     |
|    std                  | 0.894       |
|    value_loss           | 1.41        |
-----------------------------------------
-----------------------------------------
| rollout/                |             |
|    ep_len_mean          | 8.93e+03    |
|    ep_rew_mean          | -676        |
| time/                   |             |
|    fps                  | 383         |
|    iterations           | 128         |
|    time_elapsed         | 683         |
|    total_timesteps      | 262144      |
| train/                  |             |
|    approx_kl            | 0.011030885 |
|    clip_fraction        | 0.142       |
|    clip_range           | 0.2         |
|    entropy_loss         | -15.6       |
|    explained_variance   | 0.369       |
|    learning_rate        | 0.0003      |
|    loss                 | 61.7        |
|    n_updates            | 1270        |
|    policy_gradient_loss | -0.00904    |
|    std                  | 0.894       |
|    value_loss           | 55          |
-----------------------------------------
-----------------------------------------
| rollout/                |             |
|    ep_len_mean          | 8.93e+03    |
|    ep_rew_mean          | -676        |
| time/                   |             |
|    fps                  | 383         |
|    iterations           | 129         |
|    time_elapsed         | 688         |
|    total_timesteps      | 264192      |
| train/                  |             |
|    approx_kl            | 0.019788297 |
|    clip_fraction        | 0.247       |
|    clip_range           | 0.2         |
|    entropy_loss         | -15.6       |
|    explained_variance   | 0.579       |
|    learning_rate        | 0.0003      |
|    loss                 | 1.1         |
|    n_updates            | 1280        |
|    policy_gradient_loss | -0.01       |
|    std                  | 0.895       |
|    value_loss           | 3.48        |
-----------------------------------------
-----------------------------------------
| rollout/                |             |
|    ep_len_mean          | 8.93e+03    |
|    ep_rew_mean          | -676        |
| time/                   |             |
|    fps                  | 383         |
|    iterations           | 130         |
|    time_elapsed         | 693         |
|    total_timesteps      | 266240      |
| train/                  |             |
|    approx_kl            | 0.021368977 |
|    clip_fraction        | 0.248       |
|    clip_range           | 0.2         |
|    entropy_loss         | -15.6       |
|    explained_variance   | 0.81        |
|    learning_rate        | 0.0003      |
|    loss                 | 0.561       |
|    n_updates            | 1290        |
|    policy_gradient_loss | -0.0144     |
|    std                  | 0.894       |
|    value_loss           | 2.06        |
-----------------------------------------
-----------------------------------------
| rollout/                |             |
|    ep_len_mean          | 8.93e+03    |
|    ep_rew_mean          | -676        |
| time/                   |             |
|    fps                  | 383         |
|    iterations           | 131         |
|    time_elapsed         | 700         |
|    total_timesteps      | 268288      |
| train/                  |             |
|    approx_kl            | 0.026615089 |
|    clip_fraction        | 0.284       |
|    clip_range           | 0.2         |
|    entropy_loss         | -15.6       |
|    explained_variance   | 0.792       |
|    learning_rate        | 0.0003      |
|    loss                 | 0.314       |
|    n_updates            | 1300        |
|    policy_gradient_loss | -0.0055     |
|    std                  | 0.893       |
|    value_loss           | 1.5         |
-----------------------------------------
-----------------------------------------
| rollout/                |             |
|    ep_len_mean          | 8.93e+03    |
|    ep_rew_mean          | -676        |
| time/                   |             |
|    fps                  | 383         |
|    iterations           | 132         |
|    time_elapsed         | 705         |
|    total_timesteps      | 270336      |
| train/                  |             |
|    approx_kl            | 0.012812292 |
|    clip_fraction        | 0.126       |
|    clip_range           | 0.2         |
|    entropy_loss         | -15.6       |
|    explained_variance   | 0.112       |
|    learning_rate        | 0.0003      |
|    loss                 | 1.33        |
|    n_updates            | 1310        |
|    policy_gradient_loss | -0.00645    |
|    std                  | 0.893       |
|    value_loss           | 44.7        |
-----------------------------------------
-----------------------------------------
| rollout/                |             |
|    ep_len_mean          | 8.93e+03    |
|    ep_rew_mean          | -676        |
| time/                   |             |
|    fps                  | 383         |
|    iterations           | 133         |
|    time_elapsed         | 711         |
|    total_timesteps      | 272384      |
| train/                  |             |
|    approx_kl            | 0.033938225 |
|    clip_fraction        | 0.339       |
|    clip_range           | 0.2         |
|    entropy_loss         | -15.6       |
|    explained_variance   | 0.844       |
|    learning_rate        | 0.0003      |
|    loss                 | 0.29        |
|    n_updates            | 1320        |
|    policy_gradient_loss | -0.00533    |
|    std                  | 0.892       |
|    value_loss           | 1.1         |
-----------------------------------------
-----------------------------------------
| rollout/                |             |
|    ep_len_mean          | 8.93e+03    |
|    ep_rew_mean          | -676        |
| time/                   |             |
|    fps                  | 382         |
|    iterations           | 134         |
|    time_elapsed         | 717         |
|    total_timesteps      | 274432      |
| train/                  |             |
|    approx_kl            | 0.035317317 |
|    clip_fraction        | 0.324       |
|    clip_range           | 0.2         |
|    entropy_loss         | -15.6       |
|    explained_variance   | 0.865       |
|    learning_rate        | 0.0003      |
|    loss                 | 0.33        |
|    n_updates            | 1330        |
|    policy_gradient_loss | -0.00729    |
|    std                  | 0.895       |
|    value_loss           | 0.969       |
-----------------------------------------
-----------------------------------------
| rollout/                |             |
|    ep_len_mean          | 8.93e+03    |
|    ep_rew_mean          | -676        |
| time/                   |             |
|    fps                  | 382         |
|    iterations           | 135         |
|    time_elapsed         | 723         |
|    total_timesteps      | 276480      |
| train/                  |             |
|    approx_kl            | 0.020199984 |
|    clip_fraction        | 0.284       |
|    clip_range           | 0.2         |
|    entropy_loss         | -15.6       |
|    explained_variance   | 0.935       |
|    learning_rate        | 0.0003      |
|    loss                 | 0.244       |
|    n_updates            | 1340        |
|    policy_gradient_loss | -0.00889    |
|    std                  | 0.891       |
|    value_loss           | 0.897       |
-----------------------------------------
-----------------------------------------
| rollout/                |             |
|    ep_len_mean          | 8.93e+03    |
|    ep_rew_mean          | -675        |
| time/                   |             |
|    fps                  | 382         |
|    iterations           | 136         |
|    time_elapsed         | 728         |
|    total_timesteps      | 278528      |
| train/                  |             |
|    approx_kl            | 0.024298813 |
|    clip_fraction        | 0.268       |
|    clip_range           | 0.2         |
|    entropy_loss         | -15.5       |
|    explained_variance   | 0.957       |
|    learning_rate        | 0.0003      |
|    loss                 | 0.2         |
|    n_updates            | 1350        |
|    policy_gradient_loss | -0.00991    |
|    std                  | 0.891       |
|    value_loss           | 0.696       |
-----------------------------------------
----------------------------------------
| rollout/                |            |
|    ep_len_mean          | 8.93e+03   |
|    ep_rew_mean          | -675       |
| time/                   |            |
|    fps                  | 382        |
|    iterations           | 137        |
|    time_elapsed         | 733        |
|    total_timesteps      | 280576     |
| train/                  |            |
|    approx_kl            | 0.00788101 |
|    clip_fraction        | 0.117      |
|    clip_range           | 0.2        |
|    entropy_loss         | -15.6      |
|    explained_variance   | 0.113      |
|    learning_rate        | 0.0003     |
|    loss                 | 76.4       |
|    n_updates            | 1360       |
|    policy_gradient_loss | -0.00584   |
|    std                  | 0.891      |
|    value_loss           | 56.1       |
----------------------------------------
-----------------------------------------
| rollout/                |             |
|    ep_len_mean          | 8.93e+03    |
|    ep_rew_mean          | -675        |
| time/                   |             |
|    fps                  | 382         |
|    iterations           | 138         |
|    time_elapsed         | 738         |
|    total_timesteps      | 282624      |
| train/                  |             |
|    approx_kl            | 0.020223852 |
|    clip_fraction        | 0.242       |
|    clip_range           | 0.2         |
|    entropy_loss         | -15.6       |
|    explained_variance   | 0.74        |
|    learning_rate        | 0.0003      |
|    loss                 | 0.906       |
|    n_updates            | 1370        |
|    policy_gradient_loss | -0.0117     |
|    std                  | 0.89        |
|    value_loss           | 2.78        |
-----------------------------------------
----------------------------------------
| rollout/                |            |
|    ep_len_mean          | 8.93e+03   |
|    ep_rew_mean          | -675       |
| time/                   |            |
|    fps                  | 382        |
|    iterations           | 139        |
|    time_elapsed         | 743        |
|    total_timesteps      | 284672     |
| train/                  |            |
|    approx_kl            | 0.02413446 |
|    clip_fraction        | 0.248      |
|    clip_range           | 0.2        |
|    entropy_loss         | -15.6      |
|    explained_variance   | 0.852      |
|    learning_rate        | 0.0003     |
|    loss                 | 0.434      |
|    n_updates            | 1380       |
|    policy_gradient_loss | -0.0138    |
|    std                  | 0.892      |
|    value_loss           | 1.47       |
----------------------------------------
-----------------------------------------
| rollout/                |             |
|    ep_len_mean          | 8.93e+03    |
|    ep_rew_mean          | -675        |
| time/                   |             |
|    fps                  | 382         |
|    iterations           | 140         |
|    time_elapsed         | 748         |
|    total_timesteps      | 286720      |
| train/                  |             |
|    approx_kl            | 0.027495263 |
|    clip_fraction        | 0.28        |
|    clip_range           | 0.2         |
|    entropy_loss         | -15.5       |
|    explained_variance   | 0.861       |
|    learning_rate        | 0.0003      |
|    loss                 | 0.285       |
|    n_updates            | 1390        |
|    policy_gradient_loss | -0.0111     |
|    std                  | 0.888       |
|    value_loss           | 1.05        |
-----------------------------------------
-----------------------------------------
| rollout/                |             |
|    ep_len_mean          | 8.93e+03    |
|    ep_rew_mean          | -675        |
| time/                   |             |
|    fps                  | 382         |
|    iterations           | 141         |
|    time_elapsed         | 754         |
|    total_timesteps      | 288768      |
| train/                  |             |
|    approx_kl            | 0.013364878 |
|    clip_fraction        | 0.148       |
|    clip_range           | 0.2         |
|    entropy_loss         | -15.5       |
|    explained_variance   | 0.262       |
|    learning_rate        | 0.0003      |
|    loss                 | 5.18        |
|    n_updates            | 1400        |
|    policy_gradient_loss | -0.0101     |
|    std                  | 0.887       |
|    value_loss           | 70.2        |
-----------------------------------------
----------------------------------------
| rollout/                |            |
|    ep_len_mean          | 8.93e+03   |
|    ep_rew_mean          | -675       |
| time/                   |            |
|    fps                  | 383        |
|    iterations           | 142        |
|    time_elapsed         | 759        |
|    total_timesteps      | 290816     |
| train/                  |            |
|    approx_kl            | 0.01581114 |
|    clip_fraction        | 0.192      |
|    clip_range           | 0.2        |
|    entropy_loss         | -15.5      |
|    explained_variance   | 0.635      |
|    learning_rate        | 0.0003     |
|    loss                 | 0.849      |
|    n_updates            | 1410       |
|    policy_gradient_loss | -0.0133    |
|    std                  | 0.887      |
|    value_loss           | 3.98       |
----------------------------------------
----------------------------------------
| rollout/                |            |
|    ep_len_mean          | 8.93e+03   |
|    ep_rew_mean          | -675       |
| time/                   |            |
|    fps                  | 382        |
|    iterations           | 143        |
|    time_elapsed         | 764        |
|    total_timesteps      | 292864     |
| train/                  |            |
|    approx_kl            | 0.01939147 |
|    clip_fraction        | 0.208      |
|    clip_range           | 0.2        |
|    entropy_loss         | -15.5      |
|    explained_variance   | 0.81       |
|    learning_rate        | 0.0003     |
|    loss                 | 1.23       |
|    n_updates            | 1420       |
|    policy_gradient_loss | -0.0132    |
|    std                  | 0.885      |
|    value_loss           | 2.57       |
----------------------------------------
-----------------------------------------
| rollout/                |             |
|    ep_len_mean          | 8.93e+03    |
|    ep_rew_mean          | -675        |
| time/                   |             |
|    fps                  | 383         |
|    iterations           | 144         |
|    time_elapsed         | 769         |
|    total_timesteps      | 294912      |
| train/                  |             |
|    approx_kl            | 0.021073591 |
|    clip_fraction        | 0.231       |
|    clip_range           | 0.2         |
|    entropy_loss         | -15.5       |
|    explained_variance   | 0.775       |
|    learning_rate        | 0.0003      |
|    loss                 | 0.518       |
|    n_updates            | 1430        |
|    policy_gradient_loss | -0.0128     |
|    std                  | 0.885       |
|    value_loss           | 2           |
-----------------------------------------
-----------------------------------------
| rollout/                |             |
|    ep_len_mean          | 8.93e+03    |
|    ep_rew_mean          | -675        |
| time/                   |             |
|    fps                  | 383         |
|    iterations           | 145         |
|    time_elapsed         | 774         |
|    total_timesteps      | 296960      |
| train/                  |             |
|    approx_kl            | 0.010145458 |
|    clip_fraction        | 0.126       |
|    clip_range           | 0.2         |
|    entropy_loss         | -15.5       |
|    explained_variance   | 0.148       |
|    learning_rate        | 0.0003      |
|    loss                 | 106         |
|    n_updates            | 1440        |
|    policy_gradient_loss | -0.0069     |
|    std                  | 0.885       |
|    value_loss           | 50.5        |
-----------------------------------------
-----------------------------------------
| rollout/                |             |
|    ep_len_mean          | 8.93e+03    |
|    ep_rew_mean          | -675        |
| time/                   |             |
|    fps                  | 383         |
|    iterations           | 146         |
|    time_elapsed         | 779         |
|    total_timesteps      | 299008      |
| train/                  |             |
|    approx_kl            | 0.021824483 |
|    clip_fraction        | 0.264       |
|    clip_range           | 0.2         |
|    entropy_loss         | -15.5       |
|    explained_variance   | 0.673       |
|    learning_rate        | 0.0003      |
|    loss                 | 1.65        |
|    n_updates            | 1450        |
|    policy_gradient_loss | -0.0116     |
|    std                  | 0.882       |
|    value_loss           | 3.08        |
-----------------------------------------
-----------------------------------------
| rollout/                |             |
|    ep_len_mean          | 8.93e+03    |
|    ep_rew_mean          | -675        |
| time/                   |             |
|    fps                  | 383         |
|    iterations           | 147         |
|    time_elapsed         | 785         |
|    total_timesteps      | 301056      |
| train/                  |             |
|    approx_kl            | 0.029317886 |
|    clip_fraction        | 0.383       |
|    clip_range           | 0.2         |
|    entropy_loss         | -15.4       |
|    explained_variance   | 0.88        |
|    learning_rate        | 0.0003      |
|    loss                 | 0.282       |
|    n_updates            | 1460        |
|    policy_gradient_loss | -0.00831    |
|    std                  | 0.881       |
|    value_loss           | 1.06        |
-----------------------------------------
----------------------------------------
| rollout/                |            |
|    ep_len_mean          | 8.93e+03   |
|    ep_rew_mean          | -675       |
| time/                   |            |
|    fps                  | 383        |
|    iterations           | 148        |
|    time_elapsed         | 790        |
|    total_timesteps      | 303104     |
| train/                  |            |
|    approx_kl            | 0.02807346 |
|    clip_fraction        | 0.313      |
|    clip_range           | 0.2        |
|    entropy_loss         | -15.4      |
|    explained_variance   | 0.952      |
|    learning_rate        | 0.0003     |
|    loss                 | 0.253      |
|    n_updates            | 1470       |
|    policy_gradient_loss | -0.00887   |
|    std                  | 0.879      |
|    value_loss           | 0.951      |
----------------------------------------
-----------------------------------------
| rollout/                |             |
|    ep_len_mean          | 8.93e+03    |
|    ep_rew_mean          | -676        |
| time/                   |             |
|    fps                  | 383         |
|    iterations           | 149         |
|    time_elapsed         | 795         |
|    total_timesteps      | 305152      |
| train/                  |             |
|    approx_kl            | 0.024620323 |
|    clip_fraction        | 0.284       |
|    clip_range           | 0.2         |
|    entropy_loss         | -15.4       |
|    explained_variance   | 0.953       |
|    learning_rate        | 0.0003      |
|    loss                 | 0.242       |
|    n_updates            | 1480        |
|    policy_gradient_loss | -0.0109     |
|    std                  | 0.881       |
|    value_loss           | 0.889       |
-----------------------------------------
-----------------------------------------
| rollout/                |             |
|    ep_len_mean          | 8.93e+03    |
|    ep_rew_mean          | -676        |
| time/                   |             |
|    fps                  | 383         |
|    iterations           | 150         |
|    time_elapsed         | 800         |
|    total_timesteps      | 307200      |
| train/                  |             |
|    approx_kl            | 0.009483808 |
|    clip_fraction        | 0.114       |
|    clip_range           | 0.2         |
|    entropy_loss         | -15.4       |
|    explained_variance   | 0.17        |
|    learning_rate        | 0.0003      |
|    loss                 | 27.2        |
|    n_updates            | 1490        |
|    policy_gradient_loss | -0.00877    |
|    std                  | 0.882       |
|    value_loss           | 54.6        |
-----------------------------------------
-----------------------------------------
| rollout/                |             |
|    ep_len_mean          | 8.93e+03    |
|    ep_rew_mean          | -676        |
| time/                   |             |
|    fps                  | 383         |
|    iterations           | 151         |
|    time_elapsed         | 806         |
|    total_timesteps      | 309248      |
| train/                  |             |
|    approx_kl            | 0.025853377 |
|    clip_fraction        | 0.286       |
|    clip_range           | 0.2         |
|    entropy_loss         | -15.4       |
|    explained_variance   | 0.823       |
|    learning_rate        | 0.0003      |
|    loss                 | 0.483       |
|    n_updates            | 1500        |
|    policy_gradient_loss | -0.0148     |
|    std                  | 0.883       |
|    value_loss           | 2.04        |
-----------------------------------------
-----------------------------------------
| rollout/                |             |
|    ep_len_mean          | 8.93e+03    |
|    ep_rew_mean          | -676        |
| time/                   |             |
|    fps                  | 383         |
|    iterations           | 152         |
|    time_elapsed         | 810         |
|    total_timesteps      | 311296      |
| train/                  |             |
|    approx_kl            | 0.016046936 |
|    clip_fraction        | 0.213       |
|    clip_range           | 0.2         |
|    entropy_loss         | -15.5       |
|    explained_variance   | 0.895       |
|    learning_rate        | 0.0003      |
|    loss                 | 0.565       |
|    n_updates            | 1510        |
|    policy_gradient_loss | -0.0113     |
|    std                  | 0.887       |
|    value_loss           | 1.75        |
-----------------------------------------
-----------------------------------------
| rollout/                |             |
|    ep_len_mean          | 8.93e+03    |
|    ep_rew_mean          | -676        |
| time/                   |             |
|    fps                  | 384         |
|    iterations           | 153         |
|    time_elapsed         | 815         |
|    total_timesteps      | 313344      |
| train/                  |             |
|    approx_kl            | 0.020599473 |
|    clip_fraction        | 0.268       |
|    clip_range           | 0.2         |
|    entropy_loss         | -15.5       |
|    explained_variance   | 0.887       |
|    learning_rate        | 0.0003      |
|    loss                 | 0.604       |
|    n_updates            | 1520        |
|    policy_gradient_loss | -0.00811    |
|    std                  | 0.886       |
|    value_loss           | 1.66        |
-----------------------------------------
------------------------------------------
| rollout/                |              |
|    ep_len_mean          | 8.93e+03     |
|    ep_rew_mean          | -676         |
| time/                   |              |
|    fps                  | 384          |
|    iterations           | 154          |
|    time_elapsed         | 820          |
|    total_timesteps      | 315392       |
| train/                  |              |
|    approx_kl            | 0.0072942367 |
|    clip_fraction        | 0.0774       |
|    clip_range           | 0.2          |
|    entropy_loss         | -15.5        |
|    explained_variance   | 0.148        |
|    learning_rate        | 0.0003       |
|    loss                 | 4.5          |
|    n_updates            | 1530         |
|    policy_gradient_loss | -0.0051      |
|    std                  | 0.886        |
|    value_loss           | 73.2         |
------------------------------------------
-----------------------------------------
| rollout/                |             |
|    ep_len_mean          | 8.93e+03    |
|    ep_rew_mean          | -676        |
| time/                   |             |
|    fps                  | 384         |
|    iterations           | 155         |
|    time_elapsed         | 825         |
|    total_timesteps      | 317440      |
| train/                  |             |
|    approx_kl            | 0.025704587 |
|    clip_fraction        | 0.292       |
|    clip_range           | 0.2         |
|    entropy_loss         | -15.5       |
|    explained_variance   | 0.87        |
|    learning_rate        | 0.0003      |
|    loss                 | 1.02        |
|    n_updates            | 1540        |
|    policy_gradient_loss | -0.014      |
|    std                  | 0.886       |
|    value_loss           | 2.05        |
-----------------------------------------
-----------------------------------------
| rollout/                |             |
|    ep_len_mean          | 8.93e+03    |
|    ep_rew_mean          | -676        |
| time/                   |             |
|    fps                  | 384         |
|    iterations           | 156         |
|    time_elapsed         | 831         |
|    total_timesteps      | 319488      |
| train/                  |             |
|    approx_kl            | 0.023609545 |
|    clip_fraction        | 0.265       |
|    clip_range           | 0.2         |
|    entropy_loss         | -15.5       |
|    explained_variance   | 0.902       |
|    learning_rate        | 0.0003      |
|    loss                 | 0.584       |
|    n_updates            | 1550        |
|    policy_gradient_loss | -0.0104     |
|    std                  | 0.884       |
|    value_loss           | 1.44        |
-----------------------------------------
-----------------------------------------
| rollout/                |             |
|    ep_len_mean          | 8.93e+03    |
|    ep_rew_mean          | -676        |
| time/                   |             |
|    fps                  | 384         |
|    iterations           | 157         |
|    time_elapsed         | 836         |
|    total_timesteps      | 321536      |
| train/                  |             |
|    approx_kl            | 0.023196705 |
|    clip_fraction        | 0.236       |
|    clip_range           | 0.2         |
|    entropy_loss         | -15.4       |
|    explained_variance   | 0.877       |
|    learning_rate        | 0.0003      |
|    loss                 | 0.693       |
|    n_updates            | 1560        |
|    policy_gradient_loss | -0.0121     |
|    std                  | 0.883       |
|    value_loss           | 2.44        |
-----------------------------------------
-----------------------------------------
| rollout/                |             |
|    ep_len_mean          | 8.93e+03    |
|    ep_rew_mean          | -676        |
| time/                   |             |
|    fps                  | 384         |
|    iterations           | 158         |
|    time_elapsed         | 841         |
|    total_timesteps      | 323584      |
| train/                  |             |
|    approx_kl            | 0.011062688 |
|    clip_fraction        | 0.17        |
|    clip_range           | 0.2         |
|    entropy_loss         | -15.4       |
|    explained_variance   | 0.216       |
|    learning_rate        | 0.0003      |
|    loss                 | 2.21        |
|    n_updates            | 1570        |
|    policy_gradient_loss | -0.00305    |
|    std                  | 0.882       |
|    value_loss           | 78.7        |
-----------------------------------------
-----------------------------------------
| rollout/                |             |
|    ep_len_mean          | 8.93e+03    |
|    ep_rew_mean          | -676        |
| time/                   |             |
|    fps                  | 384         |
|    iterations           | 159         |
|    time_elapsed         | 847         |
|    total_timesteps      | 325632      |
| train/                  |             |
|    approx_kl            | 0.032208864 |
|    clip_fraction        | 0.305       |
|    clip_range           | 0.2         |
|    entropy_loss         | -15.4       |
|    explained_variance   | 0.854       |
|    learning_rate        | 0.0003      |
|    loss                 | 0.581       |
|    n_updates            | 1580        |
|    policy_gradient_loss | -0.00671    |
|    std                  | 0.883       |
|    value_loss           | 1.75        |
-----------------------------------------
-----------------------------------------
| rollout/                |             |
|    ep_len_mean          | 8.93e+03    |
|    ep_rew_mean          | -676        |
| time/                   |             |
|    fps                  | 384         |
|    iterations           | 160         |
|    time_elapsed         | 852         |
|    total_timesteps      | 327680      |
| train/                  |             |
|    approx_kl            | 0.022306923 |
|    clip_fraction        | 0.291       |
|    clip_range           | 0.2         |
|    entropy_loss         | -15.5       |
|    explained_variance   | 0.91        |
|    learning_rate        | 0.0003      |
|    loss                 | 0.46        |
|    n_updates            | 1590        |
|    policy_gradient_loss | -0.0098     |
|    std                  | 0.884       |
|    value_loss           | 1.7         |
-----------------------------------------
-----------------------------------------
| rollout/                |             |
|    ep_len_mean          | 8.93e+03    |
|    ep_rew_mean          | -676        |
| time/                   |             |
|    fps                  | 384         |
|    iterations           | 161         |
|    time_elapsed         | 858         |
|    total_timesteps      | 329728      |
| train/                  |             |
|    approx_kl            | 0.021297928 |
|    clip_fraction        | 0.26        |
|    clip_range           | 0.2         |
|    entropy_loss         | -15.4       |
|    explained_variance   | 0.934       |
|    learning_rate        | 0.0003      |
|    loss                 | 0.477       |
|    n_updates            | 1600        |
|    policy_gradient_loss | -0.0121     |
|    std                  | 0.882       |
|    value_loss           | 1.39        |
-----------------------------------------
----------------------------------------
| rollout/                |            |
|    ep_len_mean          | 8.93e+03   |
|    ep_rew_mean          | -676       |
| time/                   |            |
|    fps                  | 384        |
|    iterations           | 162        |
|    time_elapsed         | 863        |
|    total_timesteps      | 331776     |
| train/                  |            |
|    approx_kl            | 0.03472659 |
|    clip_fraction        | 0.302      |
|    clip_range           | 0.2        |
|    entropy_loss         | -15.4      |
|    explained_variance   | 0.937      |
|    learning_rate        | 0.0003     |
|    loss                 | 0.328      |
|    n_updates            | 1610       |
|    policy_gradient_loss | -0.0109    |
|    std                  | 0.883      |
|    value_loss           | 1.14       |
----------------------------------------
-----------------------------------------
| rollout/                |             |
|    ep_len_mean          | 8.93e+03    |
|    ep_rew_mean          | -676        |
| time/                   |             |
|    fps                  | 384         |
|    iterations           | 163         |
|    time_elapsed         | 868         |
|    total_timesteps      | 333824      |
| train/                  |             |
|    approx_kl            | 0.010237163 |
|    clip_fraction        | 0.144       |
|    clip_range           | 0.2         |
|    entropy_loss         | -15.4       |
|    explained_variance   | 0.19        |
|    learning_rate        | 0.0003      |
|    loss                 | 60.7        |
|    n_updates            | 1620        |
|    policy_gradient_loss | -0.00601    |
|    std                  | 0.883       |
|    value_loss           | 65          |
-----------------------------------------
-----------------------------------------
| rollout/                |             |
|    ep_len_mean          | 8.93e+03    |
|    ep_rew_mean          | -676        |
| time/                   |             |
|    fps                  | 384         |
|    iterations           | 164         |
|    time_elapsed         | 873         |
|    total_timesteps      | 335872      |
| train/                  |             |
|    approx_kl            | 0.015653778 |
|    clip_fraction        | 0.201       |
|    clip_range           | 0.2         |
|    entropy_loss         | -15.4       |
|    explained_variance   | 0.36        |
|    learning_rate        | 0.0003      |
|    loss                 | 1.89        |
|    n_updates            | 1630        |
|    policy_gradient_loss | -0.00837    |
|    std                  | 0.884       |
|    value_loss           | 4.65        |
-----------------------------------------
----------------------------------------
| rollout/                |            |
|    ep_len_mean          | 8.93e+03   |
|    ep_rew_mean          | -676       |
| time/                   |            |
|    fps                  | 384        |
|    iterations           | 165        |
|    time_elapsed         | 878        |
|    total_timesteps      | 337920     |
| train/                  |            |
|    approx_kl            | 0.02203293 |
|    clip_fraction        | 0.263      |
|    clip_range           | 0.2        |
|    entropy_loss         | -15.5      |
|    explained_variance   | 0.781      |
|    learning_rate        | 0.0003     |
|    loss                 | 0.902      |
|    n_updates            | 1640       |
|    policy_gradient_loss | -0.0152    |
|    std                  | 0.884      |
|    value_loss           | 2.09       |
----------------------------------------
-----------------------------------------
| rollout/                |             |
|    ep_len_mean          | 8.93e+03    |
|    ep_rew_mean          | -676        |
| time/                   |             |
|    fps                  | 384         |
|    iterations           | 166         |
|    time_elapsed         | 883         |
|    total_timesteps      | 339968      |
| train/                  |             |
|    approx_kl            | 0.029145654 |
|    clip_fraction        | 0.306       |
|    clip_range           | 0.2         |
|    entropy_loss         | -15.4       |
|    explained_variance   | 0.786       |
|    learning_rate        | 0.0003      |
|    loss                 | 0.48        |
|    n_updates            | 1650        |
|    policy_gradient_loss | -0.0137     |
|    std                  | 0.882       |
|    value_loss           | 1.11        |
-----------------------------------------
-----------------------------------------
| rollout/                |             |
|    ep_len_mean          | 8.93e+03    |
|    ep_rew_mean          | -676        |
| time/                   |             |
|    fps                  | 384         |
|    iterations           | 167         |
|    time_elapsed         | 888         |
|    total_timesteps      | 342016      |
| train/                  |             |
|    approx_kl            | 0.009428781 |
|    clip_fraction        | 0.115       |
|    clip_range           | 0.2         |
|    entropy_loss         | -15.4       |
|    explained_variance   | 0.106       |
|    learning_rate        | 0.0003      |
|    loss                 | 136         |
|    n_updates            | 1660        |
|    policy_gradient_loss | -0.00722    |
|    std                  | 0.882       |
|    value_loss           | 103         |
-----------------------------------------
-----------------------------------------
| rollout/                |             |
|    ep_len_mean          | 8.93e+03    |
|    ep_rew_mean          | -676        |
| time/                   |             |
|    fps                  | 384         |
|    iterations           | 168         |
|    time_elapsed         | 893         |
|    total_timesteps      | 344064      |
| train/                  |             |
|    approx_kl            | 0.017797325 |
|    clip_fraction        | 0.237       |
|    clip_range           | 0.2         |
|    entropy_loss         | -15.4       |
|    explained_variance   | 0.704       |
|    learning_rate        | 0.0003      |
|    loss                 | 2.17        |
|    n_updates            | 1670        |
|    policy_gradient_loss | -0.00909    |
|    std                  | 0.881       |
|    value_loss           | 3.79        |
-----------------------------------------
-----------------------------------------
| rollout/                |             |
|    ep_len_mean          | 8.93e+03    |
|    ep_rew_mean          | -676        |
| time/                   |             |
|    fps                  | 385         |
|    iterations           | 169         |
|    time_elapsed         | 898         |
|    total_timesteps      | 346112      |
| train/                  |             |
|    approx_kl            | 0.027399862 |
|    clip_fraction        | 0.312       |
|    clip_range           | 0.2         |
|    entropy_loss         | -15.4       |
|    explained_variance   | 0.537       |
|    learning_rate        | 0.0003      |
|    loss                 | 0.516       |
|    n_updates            | 1680        |
|    policy_gradient_loss | -0.00743    |
|    std                  | 0.879       |
|    value_loss           | 1.79        |
-----------------------------------------
-----------------------------------------
| rollout/                |             |
|    ep_len_mean          | 8.93e+03    |
|    ep_rew_mean          | -676        |
| time/                   |             |
|    fps                  | 385         |
|    iterations           | 170         |
|    time_elapsed         | 903         |
|    total_timesteps      | 348160      |
| train/                  |             |
|    approx_kl            | 0.026238024 |
|    clip_fraction        | 0.298       |
|    clip_range           | 0.2         |
|    entropy_loss         | -15.4       |
|    explained_variance   | 0.854       |
|    learning_rate        | 0.0003      |
|    loss                 | 0.375       |
|    n_updates            | 1690        |
|    policy_gradient_loss | -0.00897    |
|    std                  | 0.876       |
|    value_loss           | 1.28        |
-----------------------------------------
----------------------------------------
| rollout/                |            |
|    ep_len_mean          | 8.93e+03   |
|    ep_rew_mean          | -677       |
| time/                   |            |
|    fps                  | 385        |
|    iterations           | 171        |
|    time_elapsed         | 908        |
|    total_timesteps      | 350208     |
| train/                  |            |
|    approx_kl            | 0.03049983 |
|    clip_fraction        | 0.327      |
|    clip_range           | 0.2        |
|    entropy_loss         | -15.3      |
|    explained_variance   | 0.915      |
|    learning_rate        | 0.0003     |
|    loss                 | 0.331      |
|    n_updates            | 1700       |
|    policy_gradient_loss | -0.00907   |
|    std                  | 0.874      |
|    value_loss           | 0.934      |
----------------------------------------
-----------------------------------------
| rollout/                |             |
|    ep_len_mean          | 8.93e+03    |
|    ep_rew_mean          | -677        |
| time/                   |             |
|    fps                  | 385         |
|    iterations           | 172         |
|    time_elapsed         | 913         |
|    total_timesteps      | 352256      |
| train/                  |             |
|    approx_kl            | 0.015963543 |
|    clip_fraction        | 0.23        |
|    clip_range           | 0.2         |
|    entropy_loss         | -15.3       |
|    explained_variance   | 0.11        |
|    learning_rate        | 0.0003      |
|    loss                 | 26.3        |
|    n_updates            | 1710        |
|    policy_gradient_loss | -0.00315    |
|    std                  | 0.873       |
|    value_loss           | 43.9        |
-----------------------------------------
-----------------------------------------
| rollout/                |             |
|    ep_len_mean          | 8.93e+03    |
|    ep_rew_mean          | -677        |
| time/                   |             |
|    fps                  | 385         |
|    iterations           | 173         |
|    time_elapsed         | 918         |
|    total_timesteps      | 354304      |
| train/                  |             |
|    approx_kl            | 0.025904233 |
|    clip_fraction        | 0.328       |
|    clip_range           | 0.2         |
|    entropy_loss         | -15.3       |
|    explained_variance   | 0.836       |
|    learning_rate        | 0.0003      |
|    loss                 | 0.557       |
|    n_updates            | 1720        |
|    policy_gradient_loss | -0.0123     |
|    std                  | 0.878       |
|    value_loss           | 1.38        |
-----------------------------------------
-----------------------------------------
| rollout/                |             |
|    ep_len_mean          | 8.93e+03    |
|    ep_rew_mean          | -677        |
| time/                   |             |
|    fps                  | 385         |
|    iterations           | 174         |
|    time_elapsed         | 923         |
|    total_timesteps      | 356352      |
| train/                  |             |
|    approx_kl            | 0.026792627 |
|    clip_fraction        | 0.297       |
|    clip_range           | 0.2         |
|    entropy_loss         | -15.4       |
|    explained_variance   | 0.919       |
|    learning_rate        | 0.0003      |
|    loss                 | 0.499       |
|    n_updates            | 1730        |
|    policy_gradient_loss | -0.0107     |
|    std                  | 0.878       |
|    value_loss           | 1.11        |
-----------------------------------------
-----------------------------------------
| rollout/                |             |
|    ep_len_mean          | 8.93e+03    |
|    ep_rew_mean          | -677        |
| time/                   |             |
|    fps                  | 386         |
|    iterations           | 175         |
|    time_elapsed         | 928         |
|    total_timesteps      | 358400      |
| train/                  |             |
|    approx_kl            | 0.023869663 |
|    clip_fraction        | 0.214       |
|    clip_range           | 0.2         |
|    entropy_loss         | -15.4       |
|    explained_variance   | 0.857       |
|    learning_rate        | 0.0003      |
|    loss                 | 0.545       |
|    n_updates            | 1740        |
|    policy_gradient_loss | -0.0104     |
|    std                  | 0.878       |
|    value_loss           | 2.1         |
-----------------------------------------
-----------------------------------------
| rollout/                |             |
|    ep_len_mean          | 8.93e+03    |
|    ep_rew_mean          | -677        |
| time/                   |             |
|    fps                  | 385         |
|    iterations           | 176         |
|    time_elapsed         | 934         |
|    total_timesteps      | 360448      |
| train/                  |             |
|    approx_kl            | 0.009958457 |
|    clip_fraction        | 0.0898      |
|    clip_range           | 0.2         |
|    entropy_loss         | -15.4       |
|    explained_variance   | 0.0967      |
|    learning_rate        | 0.0003      |
|    loss                 | 18.9        |
|    n_updates            | 1750        |
|    policy_gradient_loss | -0.00504    |
|    std                  | 0.878       |
|    value_loss           | 101         |
-----------------------------------------
-----------------------------------------
| rollout/                |             |
|    ep_len_mean          | 8.93e+03    |
|    ep_rew_mean          | -677        |
| time/                   |             |
|    fps                  | 385         |
|    iterations           | 177         |
|    time_elapsed         | 940         |
|    total_timesteps      | 362496      |
| train/                  |             |
|    approx_kl            | 0.024636311 |
|    clip_fraction        | 0.259       |
|    clip_range           | 0.2         |
|    entropy_loss         | -15.3       |
|    explained_variance   | 0.584       |
|    learning_rate        | 0.0003      |
|    loss                 | 0.633       |
|    n_updates            | 1760        |
|    policy_gradient_loss | -0.0131     |
|    std                  | 0.876       |
|    value_loss           | 3.52        |
-----------------------------------------
-----------------------------------------
| rollout/                |             |
|    ep_len_mean          | 8.93e+03    |
|    ep_rew_mean          | -677        |
| time/                   |             |
|    fps                  | 385         |
|    iterations           | 178         |
|    time_elapsed         | 946         |
|    total_timesteps      | 364544      |
| train/                  |             |
|    approx_kl            | 0.028109822 |
|    clip_fraction        | 0.289       |
|    clip_range           | 0.2         |
|    entropy_loss         | -15.4       |
|    explained_variance   | 0.857       |
|    learning_rate        | 0.0003      |
|    loss                 | 0.733       |
|    n_updates            | 1770        |
|    policy_gradient_loss | -0.0122     |
|    std                  | 0.878       |
|    value_loss           | 1.73        |
-----------------------------------------
----------------------------------------
| rollout/                |            |
|    ep_len_mean          | 8.93e+03   |
|    ep_rew_mean          | -677       |
| time/                   |            |
|    fps                  | 384        |
|    iterations           | 179        |
|    time_elapsed         | 952        |
|    total_timesteps      | 366592     |
| train/                  |            |
|    approx_kl            | 0.03182381 |
|    clip_fraction        | 0.319      |
|    clip_range           | 0.2        |
|    entropy_loss         | -15.4      |
|    explained_variance   | 0.832      |
|    learning_rate        | 0.0003     |
|    loss                 | 0.418      |
|    n_updates            | 1780       |
|    policy_gradient_loss | -0.00903   |
|    std                  | 0.88       |
|    value_loss           | 1.37       |
----------------------------------------
------------------------------------------
| rollout/                |              |
|    ep_len_mean          | 8.93e+03     |
|    ep_rew_mean          | -677         |
| time/                   |              |
|    fps                  | 385          |
|    iterations           | 180          |
|    time_elapsed         | 957          |
|    total_timesteps      | 368640       |
| train/                  |              |
|    approx_kl            | 0.0091844695 |
|    clip_fraction        | 0.101        |
|    clip_range           | 0.2          |
|    entropy_loss         | -15.4        |
|    explained_variance   | 0.064        |
|    learning_rate        | 0.0003       |
|    loss                 | 6.66         |
|    n_updates            | 1790         |
|    policy_gradient_loss | -0.00457     |
|    std                  | 0.88         |
|    value_loss           | 103          |
------------------------------------------
-----------------------------------------
| rollout/                |             |
|    ep_len_mean          | 8.93e+03    |
|    ep_rew_mean          | -677        |
| time/                   |             |
|    fps                  | 385         |
|    iterations           | 181         |
|    time_elapsed         | 962         |
|    total_timesteps      | 370688      |
| train/                  |             |
|    approx_kl            | 0.022634555 |
|    clip_fraction        | 0.305       |
|    clip_range           | 0.2         |
|    entropy_loss         | -15.4       |
|    explained_variance   | 0.7         |
|    learning_rate        | 0.0003      |
|    loss                 | 0.666       |
|    n_updates            | 1800        |
|    policy_gradient_loss | -0.00813    |
|    std                  | 0.878       |
|    value_loss           | 2.29        |
-----------------------------------------
-----------------------------------------
| rollout/                |             |
|    ep_len_mean          | 8.93e+03    |
|    ep_rew_mean          | -677        |
| time/                   |             |
|    fps                  | 384         |
|    iterations           | 182         |
|    time_elapsed         | 969         |
|    total_timesteps      | 372736      |
| train/                  |             |
|    approx_kl            | 0.018556315 |
|    clip_fraction        | 0.296       |
|    clip_range           | 0.2         |
|    entropy_loss         | -15.4       |
|    explained_variance   | 0.544       |
|    learning_rate        | 0.0003      |
|    loss                 | 0.793       |
|    n_updates            | 1810        |
|    policy_gradient_loss | -0.00952    |
|    std                  | 0.88        |
|    value_loss           | 1.93        |
-----------------------------------------
-----------------------------------------
| rollout/                |             |
|    ep_len_mean          | 8.93e+03    |
|    ep_rew_mean          | -677        |
| time/                   |             |
|    fps                  | 384         |
|    iterations           | 183         |
|    time_elapsed         | 975         |
|    total_timesteps      | 374784      |
| train/                  |             |
|    approx_kl            | 0.021914743 |
|    clip_fraction        | 0.29        |
|    clip_range           | 0.2         |
|    entropy_loss         | -15.4       |
|    explained_variance   | 0.884       |
|    learning_rate        | 0.0003      |
|    loss                 | 0.632       |
|    n_updates            | 1820        |
|    policy_gradient_loss | -0.0117     |
|    std                  | 0.878       |
|    value_loss           | 1.06        |
-----------------------------------------
-----------------------------------------
| rollout/                |             |
|    ep_len_mean          | 8.93e+03    |
|    ep_rew_mean          | -677        |
| time/                   |             |
|    fps                  | 383         |
|    iterations           | 184         |
|    time_elapsed         | 982         |
|    total_timesteps      | 376832      |
| train/                  |             |
|    approx_kl            | 0.031349346 |
|    clip_fraction        | 0.346       |
|    clip_range           | 0.2         |
|    entropy_loss         | -15.4       |
|    explained_variance   | 0.906       |
|    learning_rate        | 0.0003      |
|    loss                 | 0.214       |
|    n_updates            | 1830        |
|    policy_gradient_loss | -0.0111     |
|    std                  | 0.877       |
|    value_loss           | 0.745       |
-----------------------------------------
-----------------------------------------
| rollout/                |             |
|    ep_len_mean          | 8.93e+03    |
|    ep_rew_mean          | -677        |
| time/                   |             |
|    fps                  | 383         |
|    iterations           | 185         |
|    time_elapsed         | 987         |
|    total_timesteps      | 378880      |
| train/                  |             |
|    approx_kl            | 0.012504077 |
|    clip_fraction        | 0.192       |
|    clip_range           | 0.2         |
|    entropy_loss         | -15.4       |
|    explained_variance   | 0.0833      |
|    learning_rate        | 0.0003      |
|    loss                 | 8.8         |
|    n_updates            | 1840        |
|    policy_gradient_loss | -0.00179    |
|    std                  | 0.877       |
|    value_loss           | 68.8        |
-----------------------------------------
-----------------------------------------
| rollout/                |             |
|    ep_len_mean          | 8.93e+03    |
|    ep_rew_mean          | -677        |
| time/                   |             |
|    fps                  | 383         |
|    iterations           | 186         |
|    time_elapsed         | 992         |
|    total_timesteps      | 380928      |
| train/                  |             |
|    approx_kl            | 0.033884253 |
|    clip_fraction        | 0.33        |
|    clip_range           | 0.2         |
|    entropy_loss         | -15.4       |
|    explained_variance   | 0.85        |
|    learning_rate        | 0.0003      |
|    loss                 | 0.217       |
|    n_updates            | 1850        |
|    policy_gradient_loss | -0.00575    |
|    std                  | 0.879       |
|    value_loss           | 0.749       |
-----------------------------------------
-----------------------------------------
| rollout/                |             |
|    ep_len_mean          | 8.93e+03    |
|    ep_rew_mean          | -677        |
| time/                   |             |
|    fps                  | 383         |
|    iterations           | 187         |
|    time_elapsed         | 998         |
|    total_timesteps      | 382976      |
| train/                  |             |
|    approx_kl            | 0.022458714 |
|    clip_fraction        | 0.274       |
|    clip_range           | 0.2         |
|    entropy_loss         | -15.4       |
|    explained_variance   | 0.928       |
|    learning_rate        | 0.0003      |
|    loss                 | 0.285       |
|    n_updates            | 1860        |
|    policy_gradient_loss | -0.0128     |
|    std                  | 0.878       |
|    value_loss           | 0.784       |
-----------------------------------------
-----------------------------------------
| rollout/                |             |
|    ep_len_mean          | 8.93e+03    |
|    ep_rew_mean          | -676        |
| time/                   |             |
|    fps                  | 383         |
|    iterations           | 188         |
|    time_elapsed         | 1004        |
|    total_timesteps      | 385024      |
| train/                  |             |
|    approx_kl            | 0.022726376 |
|    clip_fraction        | 0.241       |
|    clip_range           | 0.2         |
|    entropy_loss         | -15.3       |
|    explained_variance   | 0.905       |
|    learning_rate        | 0.0003      |
|    loss                 | 0.258       |
|    n_updates            | 1870        |
|    policy_gradient_loss | -0.00963    |
|    std                  | 0.875       |
|    value_loss           | 0.906       |
-----------------------------------------
-----------------------------------------
| rollout/                |             |
|    ep_len_mean          | 8.93e+03    |
|    ep_rew_mean          | -676        |
| time/                   |             |
|    fps                  | 383         |
|    iterations           | 189         |
|    time_elapsed         | 1009        |
|    total_timesteps      | 387072      |
| train/                  |             |
|    approx_kl            | 0.008776721 |
|    clip_fraction        | 0.149       |
|    clip_range           | 0.2         |
|    entropy_loss         | -15.3       |
|    explained_variance   | 0.129       |
|    learning_rate        | 0.0003      |
|    loss                 | 5.65        |
|    n_updates            | 1880        |
|    policy_gradient_loss | -0.00722    |
|    std                  | 0.875       |
|    value_loss           | 84.6        |
-----------------------------------------
------------------------------------------
| rollout/                |              |
|    ep_len_mean          | 8.93e+03     |
|    ep_rew_mean          | -676         |
| time/                   |              |
|    fps                  | 383          |
|    iterations           | 190          |
|    time_elapsed         | 1014         |
|    total_timesteps      | 389120       |
| train/                  |              |
|    approx_kl            | 0.0069546383 |
|    clip_fraction        | 0.0517       |
|    clip_range           | 0.2          |
|    entropy_loss         | -15.3        |
|    explained_variance   | 0.34         |
|    learning_rate        | 0.0003       |
|    loss                 | 7.17         |
|    n_updates            | 1890         |
|    policy_gradient_loss | -0.00784     |
|    std                  | 0.875        |
|    value_loss           | 22.1         |
------------------------------------------
-----------------------------------------
| rollout/                |             |
|    ep_len_mean          | 8.93e+03    |
|    ep_rew_mean          | -676        |
| time/                   |             |
|    fps                  | 383         |
|    iterations           | 191         |
|    time_elapsed         | 1018        |
|    total_timesteps      | 391168      |
| train/                  |             |
|    approx_kl            | 0.010821808 |
|    clip_fraction        | 0.0954      |
|    clip_range           | 0.2         |
|    entropy_loss         | -15.3       |
|    explained_variance   | 0.594       |
|    learning_rate        | 0.0003      |
|    loss                 | 2.51        |
|    n_updates            | 1900        |
|    policy_gradient_loss | -0.00966    |
|    std                  | 0.875       |
|    value_loss           | 9.83        |
-----------------------------------------
-----------------------------------------
| rollout/                |             |
|    ep_len_mean          | 8.93e+03    |
|    ep_rew_mean          | -676        |
| time/                   |             |
|    fps                  | 384         |
|    iterations           | 192         |
|    time_elapsed         | 1023        |
|    total_timesteps      | 393216      |
| train/                  |             |
|    approx_kl            | 0.015355854 |
|    clip_fraction        | 0.218       |
|    clip_range           | 0.2         |
|    entropy_loss         | -15.3       |
|    explained_variance   | 0.569       |
|    learning_rate        | 0.0003      |
|    loss                 | 1.6         |
|    n_updates            | 1910        |
|    policy_gradient_loss | -0.011      |
|    std                  | 0.875       |
|    value_loss           | 3.87        |
-----------------------------------------
-----------------------------------------
| rollout/                |             |
|    ep_len_mean          | 8.93e+03    |
|    ep_rew_mean          | -676        |
| time/                   |             |
|    fps                  | 384         |
|    iterations           | 193         |
|    time_elapsed         | 1028        |
|    total_timesteps      | 395264      |
| train/                  |             |
|    approx_kl            | 0.007860092 |
|    clip_fraction        | 0.108       |
|    clip_range           | 0.2         |
|    entropy_loss         | -15.3       |
|    explained_variance   | 0.0891      |
|    learning_rate        | 0.0003      |
|    loss                 | 1.99        |
|    n_updates            | 1920        |
|    policy_gradient_loss | -0.00663    |
|    std                  | 0.875       |
|    value_loss           | 110         |
-----------------------------------------
-----------------------------------------
| rollout/                |             |
|    ep_len_mean          | 8.93e+03    |
|    ep_rew_mean          | -676        |
| time/                   |             |
|    fps                  | 384         |
|    iterations           | 194         |
|    time_elapsed         | 1033        |
|    total_timesteps      | 397312      |
| train/                  |             |
|    approx_kl            | 0.035600446 |
|    clip_fraction        | 0.349       |
|    clip_range           | 0.2         |
|    entropy_loss         | -15.3       |
|    explained_variance   | 0.758       |
|    learning_rate        | 0.0003      |
|    loss                 | 0.43        |
|    n_updates            | 1930        |
|    policy_gradient_loss | -0.00512    |
|    std                  | 0.877       |
|    value_loss           | 1.31        |
-----------------------------------------
-----------------------------------------
| rollout/                |             |
|    ep_len_mean          | 8.93e+03    |
|    ep_rew_mean          | -676        |
| time/                   |             |
|    fps                  | 384         |
|    iterations           | 195         |
|    time_elapsed         | 1039        |
|    total_timesteps      | 399360      |
| train/                  |             |
|    approx_kl            | 0.033191007 |
|    clip_fraction        | 0.334       |
|    clip_range           | 0.2         |
|    entropy_loss         | -15.4       |
|    explained_variance   | 0.832       |
|    learning_rate        | 0.0003      |
|    loss                 | 0.325       |
|    n_updates            | 1940        |
|    policy_gradient_loss | -0.0124     |
|    std                  | 0.879       |
|    value_loss           | 1.04        |
-----------------------------------------
----------------------------------------
| rollout/                |            |
|    ep_len_mean          | 8.93e+03   |
|    ep_rew_mean          | -676       |
| time/                   |            |
|    fps                  | 384        |
|    iterations           | 196        |
|    time_elapsed         | 1044       |
|    total_timesteps      | 401408     |
| train/                  |            |
|    approx_kl            | 0.02558482 |
|    clip_fraction        | 0.295      |
|    clip_range           | 0.2        |
|    entropy_loss         | -15.4      |
|    explained_variance   | 0.912      |
|    learning_rate        | 0.0003     |
|    loss                 | 0.168      |
|    n_updates            | 1950       |
|    policy_gradient_loss | -0.00811   |
|    std                  | 0.881      |
|    value_loss           | 0.802      |
----------------------------------------
-----------------------------------------
| rollout/                |             |
|    ep_len_mean          | 8.93e+03    |
|    ep_rew_mean          | -676        |
| time/                   |             |
|    fps                  | 384         |
|    iterations           | 197         |
|    time_elapsed         | 1049        |
|    total_timesteps      | 403456      |
| train/                  |             |
|    approx_kl            | 0.023227729 |
|    clip_fraction        | 0.295       |
|    clip_range           | 0.2         |
|    entropy_loss         | -15.4       |
|    explained_variance   | 0.939       |
|    learning_rate        | 0.0003      |
|    loss                 | 0.247       |
|    n_updates            | 1960        |
|    policy_gradient_loss | -0.0109     |
|    std                  | 0.885       |
|    value_loss           | 0.681       |
-----------------------------------------
------------------------------------------
| rollout/                |              |
|    ep_len_mean          | 8.93e+03     |
|    ep_rew_mean          | -676         |
| time/                   |              |
|    fps                  | 384          |
|    iterations           | 198          |
|    time_elapsed         | 1054         |
|    total_timesteps      | 405504       |
| train/                  |              |
|    approx_kl            | 0.0062258737 |
|    clip_fraction        | 0.108        |
|    clip_range           | 0.2          |
|    entropy_loss         | -15.5        |
|    explained_variance   | 0.118        |
|    learning_rate        | 0.0003       |
|    loss                 | 1.5          |
|    n_updates            | 1970         |
|    policy_gradient_loss | -0.00154     |
|    std                  | 0.885        |
|    value_loss           | 80.3         |
------------------------------------------
----------------------------------------
| rollout/                |            |
|    ep_len_mean          | 8.93e+03   |
|    ep_rew_mean          | -676       |
| time/                   |            |
|    fps                  | 384        |
|    iterations           | 199        |
|    time_elapsed         | 1059       |
|    total_timesteps      | 407552     |
| train/                  |            |
|    approx_kl            | 0.02018347 |
|    clip_fraction        | 0.247      |
|    clip_range           | 0.2        |
|    entropy_loss         | -15.5      |
|    explained_variance   | 0.839      |
|    learning_rate        | 0.0003     |
|    loss                 | 0.313      |
|    n_updates            | 1980       |
|    policy_gradient_loss | -0.00949   |
|    std                  | 0.886      |
|    value_loss           | 1.34       |
----------------------------------------
-----------------------------------------
| rollout/                |             |
|    ep_len_mean          | 8.93e+03    |
|    ep_rew_mean          | -676        |
| time/                   |             |
|    fps                  | 384         |
|    iterations           | 200         |
|    time_elapsed         | 1064        |
|    total_timesteps      | 409600      |
| train/                  |             |
|    approx_kl            | 0.023944233 |
|    clip_fraction        | 0.276       |
|    clip_range           | 0.2         |
|    entropy_loss         | -15.5       |
|    explained_variance   | 0.935       |
|    learning_rate        | 0.0003      |
|    loss                 | 0.65        |
|    n_updates            | 1990        |
|    policy_gradient_loss | -0.0112     |
|    std                  | 0.887       |
|    value_loss           | 0.885       |
-----------------------------------------
----------------------------------------
| rollout/                |            |
|    ep_len_mean          | 8.93e+03   |
|    ep_rew_mean          | -676       |
| time/                   |            |
|    fps                  | 384        |
|    iterations           | 201        |
|    time_elapsed         | 1069       |
|    total_timesteps      | 411648     |
| train/                  |            |
|    approx_kl            | 0.02240754 |
|    clip_fraction        | 0.257      |
|    clip_range           | 0.2        |
|    entropy_loss         | -15.5      |
|    explained_variance   | 0.929      |
|    learning_rate        | 0.0003     |
|    loss                 | 0.216      |
|    n_updates            | 2000       |
|    policy_gradient_loss | -0.014     |
|    std                  | 0.887      |
|    value_loss           | 0.747      |
----------------------------------------
-----------------------------------------
| rollout/                |             |
|    ep_len_mean          | 8.93e+03    |
|    ep_rew_mean          | -676        |
| time/                   |             |
|    fps                  | 384         |
|    iterations           | 202         |
|    time_elapsed         | 1074        |
|    total_timesteps      | 413696      |
| train/                  |             |
|    approx_kl            | 0.005572039 |
|    clip_fraction        | 0.0897      |
|    clip_range           | 0.2         |
|    entropy_loss         | -15.5       |
|    explained_variance   | 0.163       |
|    learning_rate        | 0.0003      |
|    loss                 | 118         |
|    n_updates            | 2010        |
|    policy_gradient_loss | -0.00471    |
|    std                  | 0.887       |
|    value_loss           | 108         |
-----------------------------------------
-----------------------------------------
| rollout/                |             |
|    ep_len_mean          | 8.93e+03    |
|    ep_rew_mean          | -676        |
| time/                   |             |
|    fps                  | 384         |
|    iterations           | 203         |
|    time_elapsed         | 1080        |
|    total_timesteps      | 415744      |
| train/                  |             |
|    approx_kl            | 0.016651144 |
|    clip_fraction        | 0.162       |
|    clip_range           | 0.2         |
|    entropy_loss         | -15.5       |
|    explained_variance   | 0.515       |
|    learning_rate        | 0.0003      |
|    loss                 | 1.81        |
|    n_updates            | 2020        |
|    policy_gradient_loss | -0.011      |
|    std                  | 0.888       |
|    value_loss           | 6.71        |
-----------------------------------------
-----------------------------------------
| rollout/                |             |
|    ep_len_mean          | 8.93e+03    |
|    ep_rew_mean          | -676        |
| time/                   |             |
|    fps                  | 384         |
|    iterations           | 204         |
|    time_elapsed         | 1085        |
|    total_timesteps      | 417792      |
| train/                  |             |
|    approx_kl            | 0.014408824 |
|    clip_fraction        | 0.181       |
|    clip_range           | 0.2         |
|    entropy_loss         | -15.5       |
|    explained_variance   | 0.785       |
|    learning_rate        | 0.0003      |
|    loss                 | 1.82        |
|    n_updates            | 2030        |
|    policy_gradient_loss | -0.01       |
|    std                  | 0.889       |
|    value_loss           | 3.77        |
-----------------------------------------
-----------------------------------------
| rollout/                |             |
|    ep_len_mean          | 8.93e+03    |
|    ep_rew_mean          | -676        |
| time/                   |             |
|    fps                  | 384         |
|    iterations           | 205         |
|    time_elapsed         | 1091        |
|    total_timesteps      | 419840      |
| train/                  |             |
|    approx_kl            | 0.021616966 |
|    clip_fraction        | 0.225       |
|    clip_range           | 0.2         |
|    entropy_loss         | -15.5       |
|    explained_variance   | 0.775       |
|    learning_rate        | 0.0003      |
|    loss                 | 1.39        |
|    n_updates            | 2040        |
|    policy_gradient_loss | -0.013      |
|    std                  | 0.887       |
|    value_loss           | 2.01        |
-----------------------------------------
----------------------------------------
| rollout/                |            |
|    ep_len_mean          | 8.93e+03   |
|    ep_rew_mean          | -676       |
| time/                   |            |
|    fps                  | 383        |
|    iterations           | 206        |
|    time_elapsed         | 1099       |
|    total_timesteps      | 421888     |
| train/                  |            |
|    approx_kl            | 0.00906115 |
|    clip_fraction        | 0.0738     |
|    clip_range           | 0.2        |
|    entropy_loss         | -15.5      |
|    explained_variance   | 0.198      |
|    learning_rate        | 0.0003     |
|    loss                 | 20.1       |
|    n_updates            | 2050       |
|    policy_gradient_loss | -0.0062    |
|    std                  | 0.887      |
|    value_loss           | 80         |
----------------------------------------
-----------------------------------------
| rollout/                |             |
|    ep_len_mean          | 8.93e+03    |
|    ep_rew_mean          | -676        |
| time/                   |             |
|    fps                  | 382         |
|    iterations           | 207         |
|    time_elapsed         | 1106        |
|    total_timesteps      | 423936      |
| train/                  |             |
|    approx_kl            | 0.019808017 |
|    clip_fraction        | 0.215       |
|    clip_range           | 0.2         |
|    entropy_loss         | -15.5       |
|    explained_variance   | 0.397       |
|    learning_rate        | 0.0003      |
|    loss                 | 1.33        |
|    n_updates            | 2060        |
|    policy_gradient_loss | -0.0112     |
|    std                  | 0.888       |
|    value_loss           | 5.95        |
-----------------------------------------
---------------------------------------
| rollout/                |           |
|    ep_len_mean          | 8.93e+03  |
|    ep_rew_mean          | -676      |
| time/                   |           |
|    fps                  | 383       |
|    iterations           | 208       |
|    time_elapsed         | 1112      |
|    total_timesteps      | 425984    |
| train/                  |           |
|    approx_kl            | 0.0323132 |
|    clip_fraction        | 0.275     |
|    clip_range           | 0.2       |
|    entropy_loss         | -15.5     |
|    explained_variance   | 0.782     |
|    learning_rate        | 0.0003    |
|    loss                 | 1.14      |
|    n_updates            | 2070      |
|    policy_gradient_loss | -0.0095   |
|    std                  | 0.89      |
|    value_loss           | 2.09      |
---------------------------------------
-----------------------------------------
| rollout/                |             |
|    ep_len_mean          | 8.93e+03    |
|    ep_rew_mean          | -676        |
| time/                   |             |
|    fps                  | 382         |
|    iterations           | 209         |
|    time_elapsed         | 1117        |
|    total_timesteps      | 428032      |
| train/                  |             |
|    approx_kl            | 0.026340352 |
|    clip_fraction        | 0.281       |
|    clip_range           | 0.2         |
|    entropy_loss         | -15.5       |
|    explained_variance   | 0.857       |
|    learning_rate        | 0.0003      |
|    loss                 | 0.43        |
|    n_updates            | 2080        |
|    policy_gradient_loss | -0.00946    |
|    std                  | 0.889       |
|    value_loss           | 1.31        |
-----------------------------------------
-----------------------------------------
| rollout/                |             |
|    ep_len_mean          | 8.93e+03    |
|    ep_rew_mean          | -676        |
| time/                   |             |
|    fps                  | 383         |
|    iterations           | 210         |
|    time_elapsed         | 1122        |
|    total_timesteps      | 430080      |
| train/                  |             |
|    approx_kl            | 0.025159677 |
|    clip_fraction        | 0.319       |
|    clip_range           | 0.2         |
|    entropy_loss         | -15.5       |
|    explained_variance   | 0.869       |
|    learning_rate        | 0.0003      |
|    loss                 | 0.196       |
|    n_updates            | 2090        |
|    policy_gradient_loss | -0.00556    |
|    std                  | 0.889       |
|    value_loss           | 0.954       |
-----------------------------------------
-----------------------------------------
| rollout/                |             |
|    ep_len_mean          | 8.93e+03    |
|    ep_rew_mean          | -676        |
| time/                   |             |
|    fps                  | 383         |
|    iterations           | 211         |
|    time_elapsed         | 1128        |
|    total_timesteps      | 432128      |
| train/                  |             |
|    approx_kl            | 0.010710024 |
|    clip_fraction        | 0.115       |
|    clip_range           | 0.2         |
|    entropy_loss         | -15.5       |
|    explained_variance   | 0.0482      |
|    learning_rate        | 0.0003      |
|    loss                 | 5.68        |
|    n_updates            | 2100        |
|    policy_gradient_loss | -0.00522    |
|    std                  | 0.889       |
|    value_loss           | 112         |
-----------------------------------------
-----------------------------------------
| rollout/                |             |
|    ep_len_mean          | 8.93e+03    |
|    ep_rew_mean          | -676        |
| time/                   |             |
|    fps                  | 382         |
|    iterations           | 212         |
|    time_elapsed         | 1134        |
|    total_timesteps      | 434176      |
| train/                  |             |
|    approx_kl            | 0.033042096 |
|    clip_fraction        | 0.326       |
|    clip_range           | 0.2         |
|    entropy_loss         | -15.5       |
|    explained_variance   | 0.776       |
|    learning_rate        | 0.0003      |
|    loss                 | 0.578       |
|    n_updates            | 2110        |
|    policy_gradient_loss | -0.0119     |
|    std                  | 0.887       |
|    value_loss           | 1.47        |
-----------------------------------------
-----------------------------------------
| rollout/                |             |
|    ep_len_mean          | 8.93e+03    |
|    ep_rew_mean          | -676        |
| time/                   |             |
|    fps                  | 382         |
|    iterations           | 213         |
|    time_elapsed         | 1140        |
|    total_timesteps      | 436224      |
| train/                  |             |
|    approx_kl            | 0.025196267 |
|    clip_fraction        | 0.295       |
|    clip_range           | 0.2         |
|    entropy_loss         | -15.4       |
|    explained_variance   | 0.916       |
|    learning_rate        | 0.0003      |
|    loss                 | 0.346       |
|    n_updates            | 2120        |
|    policy_gradient_loss | -0.00938    |
|    std                  | 0.883       |
|    value_loss           | 1.13        |
-----------------------------------------
----------------------------------------
| rollout/                |            |
|    ep_len_mean          | 8.93e+03   |
|    ep_rew_mean          | -676       |
| time/                   |            |
|    fps                  | 382        |
|    iterations           | 214        |
|    time_elapsed         | 1145       |
|    total_timesteps      | 438272     |
| train/                  |            |
|    approx_kl            | 0.02834956 |
|    clip_fraction        | 0.288      |
|    clip_range           | 0.2        |
|    entropy_loss         | -15.4      |
|    explained_variance   | 0.937      |
|    learning_rate        | 0.0003     |
|    loss                 | 0.198      |
|    n_updates            | 2130       |
|    policy_gradient_loss | -0.0124    |
|    std                  | 0.881      |
|    value_loss           | 0.724      |
----------------------------------------
-----------------------------------------
| rollout/                |             |
|    ep_len_mean          | 8.93e+03    |
|    ep_rew_mean          | -676        |
| time/                   |             |
|    fps                  | 382         |
|    iterations           | 215         |
|    time_elapsed         | 1150        |
|    total_timesteps      | 440320      |
| train/                  |             |
|    approx_kl            | 0.008122021 |
|    clip_fraction        | 0.179       |
|    clip_range           | 0.2         |
|    entropy_loss         | -15.4       |
|    explained_variance   | 0.0866      |
|    learning_rate        | 0.0003      |
|    loss                 | 43.2        |
|    n_updates            | 2140        |
|    policy_gradient_loss | -0.00519    |
|    std                  | 0.882       |
|    value_loss           | 111         |
-----------------------------------------
----------------------------------------
| rollout/                |            |
|    ep_len_mean          | 8.93e+03   |
|    ep_rew_mean          | -676       |
| time/                   |            |
|    fps                  | 382        |
|    iterations           | 216        |
|    time_elapsed         | 1156       |
|    total_timesteps      | 442368     |
| train/                  |            |
|    approx_kl            | 0.02319527 |
|    clip_fraction        | 0.305      |
|    clip_range           | 0.2        |
|    entropy_loss         | -15.4      |
|    explained_variance   | 0.928      |
|    learning_rate        | 0.0003     |
|    loss                 | 0.543      |
|    n_updates            | 2150       |
|    policy_gradient_loss | -0.00481   |
|    std                  | 0.883      |
|    value_loss           | 1.2        |
----------------------------------------
-----------------------------------------
| rollout/                |             |
|    ep_len_mean          | 8.93e+03    |
|    ep_rew_mean          | -676        |
| time/                   |             |
|    fps                  | 382         |
|    iterations           | 217         |
|    time_elapsed         | 1161        |
|    total_timesteps      | 444416      |
| train/                  |             |
|    approx_kl            | 0.024486404 |
|    clip_fraction        | 0.24        |
|    clip_range           | 0.2         |
|    entropy_loss         | -15.4       |
|    explained_variance   | 0.857       |
|    learning_rate        | 0.0003      |
|    loss                 | 0.42        |
|    n_updates            | 2160        |
|    policy_gradient_loss | -0.0106     |
|    std                  | 0.883       |
|    value_loss           | 1.44        |
-----------------------------------------
-----------------------------------------
| rollout/                |             |
|    ep_len_mean          | 8.93e+03    |
|    ep_rew_mean          | -675        |
| time/                   |             |
|    fps                  | 382         |
|    iterations           | 218         |
|    time_elapsed         | 1167        |
|    total_timesteps      | 446464      |
| train/                  |             |
|    approx_kl            | 0.019639622 |
|    clip_fraction        | 0.236       |
|    clip_range           | 0.2         |
|    entropy_loss         | -15.4       |
|    explained_variance   | 0.909       |
|    learning_rate        | 0.0003      |
|    loss                 | 0.392       |
|    n_updates            | 2170        |
|    policy_gradient_loss | -0.0121     |
|    std                  | 0.882       |
|    value_loss           | 1.57        |
-----------------------------------------
-----------------------------------------
| rollout/                |             |
|    ep_len_mean          | 8.93e+03    |
|    ep_rew_mean          | -675        |
| time/                   |             |
|    fps                  | 382         |
|    iterations           | 219         |
|    time_elapsed         | 1173        |
|    total_timesteps      | 448512      |
| train/                  |             |
|    approx_kl            | 0.013369273 |
|    clip_fraction        | 0.177       |
|    clip_range           | 0.2         |
|    entropy_loss         | -15.4       |
|    explained_variance   | 0.136       |
|    learning_rate        | 0.0003      |
|    loss                 | 5.6         |
|    n_updates            | 2180        |
|    policy_gradient_loss | -0.00624    |
|    std                  | 0.881       |
|    value_loss           | 79.3        |
-----------------------------------------
-----------------------------------------
| rollout/                |             |
|    ep_len_mean          | 8.93e+03    |
|    ep_rew_mean          | -675        |
| time/                   |             |
|    fps                  | 381         |
|    iterations           | 220         |
|    time_elapsed         | 1180        |
|    total_timesteps      | 450560      |
| train/                  |             |
|    approx_kl            | 0.015386873 |
|    clip_fraction        | 0.181       |
|    clip_range           | 0.2         |
|    entropy_loss         | -15.4       |
|    explained_variance   | 0.419       |
|    learning_rate        | 0.0003      |
|    loss                 | 1.31        |
|    n_updates            | 2190        |
|    policy_gradient_loss | -0.00912    |
|    std                  | 0.883       |
|    value_loss           | 5.42        |
-----------------------------------------
-----------------------------------------
| rollout/                |             |
|    ep_len_mean          | 8.93e+03    |
|    ep_rew_mean          | -675        |
| time/                   |             |
|    fps                  | 381         |
|    iterations           | 221         |
|    time_elapsed         | 1186        |
|    total_timesteps      | 452608      |
| train/                  |             |
|    approx_kl            | 0.033845812 |
|    clip_fraction        | 0.291       |
|    clip_range           | 0.2         |
|    entropy_loss         | -15.4       |
|    explained_variance   | 0.844       |
|    learning_rate        | 0.0003      |
|    loss                 | 0.382       |
|    n_updates            | 2200        |
|    policy_gradient_loss | -0.012      |
|    std                  | 0.877       |
|    value_loss           | 1.62        |
-----------------------------------------
----------------------------------------
| rollout/                |            |
|    ep_len_mean          | 8.93e+03   |
|    ep_rew_mean          | -675       |
| time/                   |            |
|    fps                  | 381        |
|    iterations           | 222        |
|    time_elapsed         | 1192       |
|    total_timesteps      | 454656     |
| train/                  |            |
|    approx_kl            | 0.02152042 |
|    clip_fraction        | 0.25       |
|    clip_range           | 0.2        |
|    entropy_loss         | -15.3      |
|    explained_variance   | 0.918      |
|    learning_rate        | 0.0003     |
|    loss                 | 0.734      |
|    n_updates            | 2210       |
|    policy_gradient_loss | -0.0132    |
|    std                  | 0.874      |
|    value_loss           | 1.51       |
----------------------------------------
-----------------------------------------
| rollout/                |             |
|    ep_len_mean          | 8.93e+03    |
|    ep_rew_mean          | -675        |
| time/                   |             |
|    fps                  | 380         |
|    iterations           | 223         |
|    time_elapsed         | 1199        |
|    total_timesteps      | 456704      |
| train/                  |             |
|    approx_kl            | 0.029296445 |
|    clip_fraction        | 0.31        |
|    clip_range           | 0.2         |
|    entropy_loss         | -15.3       |
|    explained_variance   | 0.91        |
|    learning_rate        | 0.0003      |
|    loss                 | 0.269       |
|    n_updates            | 2220        |
|    policy_gradient_loss | -0.00805    |
|    std                  | 0.874       |
|    value_loss           | 0.94        |
-----------------------------------------
-----------------------------------------
| rollout/                |             |
|    ep_len_mean          | 8.93e+03    |
|    ep_rew_mean          | -675        |
| time/                   |             |
|    fps                  | 380         |
|    iterations           | 224         |
|    time_elapsed         | 1204        |
|    total_timesteps      | 458752      |
| train/                  |             |
|    approx_kl            | 0.011656696 |
|    clip_fraction        | 0.116       |
|    clip_range           | 0.2         |
|    entropy_loss         | -15.3       |
|    explained_variance   | 0.0741      |
|    learning_rate        | 0.0003      |
|    loss                 | 27          |
|    n_updates            | 2230        |
|    policy_gradient_loss | -0.00549    |
|    std                  | 0.874       |
|    value_loss           | 122         |
-----------------------------------------
-----------------------------------------
| rollout/                |             |
|    ep_len_mean          | 8.93e+03    |
|    ep_rew_mean          | -675        |
| time/                   |             |
|    fps                  | 380         |
|    iterations           | 225         |
|    time_elapsed         | 1210        |
|    total_timesteps      | 460800      |
| train/                  |             |
|    approx_kl            | 0.032194372 |
|    clip_fraction        | 0.301       |
|    clip_range           | 0.2         |
|    entropy_loss         | -15.3       |
|    explained_variance   | 0.81        |
|    learning_rate        | 0.0003      |
|    loss                 | 0.357       |
|    n_updates            | 2240        |
|    policy_gradient_loss | -0.00736    |
|    std                  | 0.875       |
|    value_loss           | 1.42        |
-----------------------------------------
-----------------------------------------
| rollout/                |             |
|    ep_len_mean          | 8.93e+03    |
|    ep_rew_mean          | -675        |
| time/                   |             |
|    fps                  | 379         |
|    iterations           | 226         |
|    time_elapsed         | 1218        |
|    total_timesteps      | 462848      |
| train/                  |             |
|    approx_kl            | 0.022713527 |
|    clip_fraction        | 0.267       |
|    clip_range           | 0.2         |
|    entropy_loss         | -15.3       |
|    explained_variance   | 0.898       |
|    learning_rate        | 0.0003      |
|    loss                 | 0.445       |
|    n_updates            | 2250        |
|    policy_gradient_loss | -0.0159     |
|    std                  | 0.873       |
|    value_loss           | 1.83        |
-----------------------------------------
-----------------------------------------
| rollout/                |             |
|    ep_len_mean          | 8.93e+03    |
|    ep_rew_mean          | -674        |
| time/                   |             |
|    fps                  | 379         |
|    iterations           | 227         |
|    time_elapsed         | 1223        |
|    total_timesteps      | 464896      |
| train/                  |             |
|    approx_kl            | 0.023819767 |
|    clip_fraction        | 0.295       |
|    clip_range           | 0.2         |
|    entropy_loss         | -15.3       |
|    explained_variance   | 0.935       |
|    learning_rate        | 0.0003      |
|    loss                 | 0.313       |
|    n_updates            | 2260        |
|    policy_gradient_loss | -0.00964    |
|    std                  | 0.874       |
|    value_loss           | 0.851       |
-----------------------------------------
----------------------------------------
| rollout/                |            |
|    ep_len_mean          | 8.93e+03   |
|    ep_rew_mean          | -674       |
| time/                   |            |
|    fps                  | 379        |
|    iterations           | 228        |
|    time_elapsed         | 1229       |
|    total_timesteps      | 466944     |
| train/                  |            |
|    approx_kl            | 0.01661322 |
|    clip_fraction        | 0.111      |
|    clip_range           | 0.2        |
|    entropy_loss         | -15.3      |
|    explained_variance   | 0.12       |
|    learning_rate        | 0.0003     |
|    loss                 | 3.76       |
|    n_updates            | 2270       |
|    policy_gradient_loss | -0.00377   |
|    std                  | 0.874      |
|    value_loss           | 103        |
----------------------------------------
-----------------------------------------
| rollout/                |             |
|    ep_len_mean          | 8.93e+03    |
|    ep_rew_mean          | -674        |
| time/                   |             |
|    fps                  | 379         |
|    iterations           | 229         |
|    time_elapsed         | 1235        |
|    total_timesteps      | 468992      |
| train/                  |             |
|    approx_kl            | 0.018844575 |
|    clip_fraction        | 0.204       |
|    clip_range           | 0.2         |
|    entropy_loss         | -15.3       |
|    explained_variance   | 0.558       |
|    learning_rate        | 0.0003      |
|    loss                 | 1.88        |
|    n_updates            | 2280        |
|    policy_gradient_loss | -0.0131     |
|    std                  | 0.872       |
|    value_loss           | 5.52        |
-----------------------------------------
-----------------------------------------
| rollout/                |             |
|    ep_len_mean          | 8.93e+03    |
|    ep_rew_mean          | -674        |
| time/                   |             |
|    fps                  | 379         |
|    iterations           | 230         |
|    time_elapsed         | 1241        |
|    total_timesteps      | 471040      |
| train/                  |             |
|    approx_kl            | 0.019129062 |
|    clip_fraction        | 0.192       |
|    clip_range           | 0.2         |
|    entropy_loss         | -15.3       |
|    explained_variance   | 0.553       |
|    learning_rate        | 0.0003      |
|    loss                 | 1.42        |
|    n_updates            | 2290        |
|    policy_gradient_loss | -0.0113     |
|    std                  | 0.873       |
|    value_loss           | 5.72        |
-----------------------------------------
-----------------------------------------
| rollout/                |             |
|    ep_len_mean          | 8.93e+03    |
|    ep_rew_mean          | -674        |
| time/                   |             |
|    fps                  | 379         |
|    iterations           | 231         |
|    time_elapsed         | 1247        |
|    total_timesteps      | 473088      |
| train/                  |             |
|    approx_kl            | 0.028657662 |
|    clip_fraction        | 0.279       |
|    clip_range           | 0.2         |
|    entropy_loss         | -15.3       |
|    explained_variance   | 0.793       |
|    learning_rate        | 0.0003      |
|    loss                 | 1           |
|    n_updates            | 2300        |
|    policy_gradient_loss | -0.0129     |
|    std                  | 0.872       |
|    value_loss           | 2.6         |
-----------------------------------------
-----------------------------------------
| rollout/                |             |
|    ep_len_mean          | 8.93e+03    |
|    ep_rew_mean          | -675        |
| time/                   |             |
|    fps                  | 379         |
|    iterations           | 232         |
|    time_elapsed         | 1252        |
|    total_timesteps      | 475136      |
| train/                  |             |
|    approx_kl            | 0.031522997 |
|    clip_fraction        | 0.34        |
|    clip_range           | 0.2         |
|    entropy_loss         | -15.3       |
|    explained_variance   | 0.857       |
|    learning_rate        | 0.0003      |
|    loss                 | 0.346       |
|    n_updates            | 2310        |
|    policy_gradient_loss | -0.00457    |
|    std                  | 0.874       |
|    value_loss           | 1.32        |
-----------------------------------------
----------------------------------------
| rollout/                |            |
|    ep_len_mean          | 8.93e+03   |
|    ep_rew_mean          | -675       |
| time/                   |            |
|    fps                  | 378        |
|    iterations           | 233        |
|    time_elapsed         | 1259       |
|    total_timesteps      | 477184     |
| train/                  |            |
|    approx_kl            | 0.01087624 |
|    clip_fraction        | 0.138      |
|    clip_range           | 0.2        |
|    entropy_loss         | -15.3      |
|    explained_variance   | 0.0885     |
|    learning_rate        | 0.0003     |
|    loss                 | 13.5       |
|    n_updates            | 2320       |
|    policy_gradient_loss | -0.0049    |
|    std                  | 0.875      |
|    value_loss           | 91.3       |
----------------------------------------
-----------------------------------------
| rollout/                |             |
|    ep_len_mean          | 8.93e+03    |
|    ep_rew_mean          | -675        |
| time/                   |             |
|    fps                  | 379         |
|    iterations           | 234         |
|    time_elapsed         | 1264        |
|    total_timesteps      | 479232      |
| train/                  |             |
|    approx_kl            | 0.034997135 |
|    clip_fraction        | 0.329       |
|    clip_range           | 0.2         |
|    entropy_loss         | -15.3       |
|    explained_variance   | 0.825       |
|    learning_rate        | 0.0003      |
|    loss                 | 0.602       |
|    n_updates            | 2330        |
|    policy_gradient_loss | -0.0125     |
|    std                  | 0.877       |
|    value_loss           | 1.67        |
-----------------------------------------
-----------------------------------------
| rollout/                |             |
|    ep_len_mean          | 8.93e+03    |
|    ep_rew_mean          | -675        |
| time/                   |             |
|    fps                  | 378         |
|    iterations           | 235         |
|    time_elapsed         | 1269        |
|    total_timesteps      | 481280      |
| train/                  |             |
|    approx_kl            | 0.022897353 |
|    clip_fraction        | 0.315       |
|    clip_range           | 0.2         |
|    entropy_loss         | -15.3       |
|    explained_variance   | 0.876       |
|    learning_rate        | 0.0003      |
|    loss                 | 0.542       |
|    n_updates            | 2340        |
|    policy_gradient_loss | -0.00851    |
|    std                  | 0.876       |
|    value_loss           | 1.3         |
-----------------------------------------
-----------------------------------------
| rollout/                |             |
|    ep_len_mean          | 8.93e+03    |
|    ep_rew_mean          | -675        |
| time/                   |             |
|    fps                  | 378         |
|    iterations           | 236         |
|    time_elapsed         | 1275        |
|    total_timesteps      | 483328      |
| train/                  |             |
|    approx_kl            | 0.029041357 |
|    clip_fraction        | 0.314       |
|    clip_range           | 0.2         |
|    entropy_loss         | -15.3       |
|    explained_variance   | 0.892       |
|    learning_rate        | 0.0003      |
|    loss                 | 0.277       |
|    n_updates            | 2350        |
|    policy_gradient_loss | -0.00366    |
|    std                  | 0.876       |
|    value_loss           | 0.796       |
-----------------------------------------
------------------------------------------
| rollout/                |              |
|    ep_len_mean          | 8.93e+03     |
|    ep_rew_mean          | -675         |
| time/                   |              |
|    fps                  | 378          |
|    iterations           | 237          |
|    time_elapsed         | 1281         |
|    total_timesteps      | 485376       |
| train/                  |              |
|    approx_kl            | 0.0072326623 |
|    clip_fraction        | 0.117        |
|    clip_range           | 0.2          |
|    entropy_loss         | -15.3        |
|    explained_variance   | 0.161        |
|    learning_rate        | 0.0003       |
|    loss                 | 21.9         |
|    n_updates            | 2360         |
|    policy_gradient_loss | -0.00632     |
|    std                  | 0.876        |
|    value_loss           | 139          |
------------------------------------------
-----------------------------------------
| rollout/                |             |
|    ep_len_mean          | 8.93e+03    |
|    ep_rew_mean          | -675        |
| time/                   |             |
|    fps                  | 378         |
|    iterations           | 238         |
|    time_elapsed         | 1286        |
|    total_timesteps      | 487424      |
| train/                  |             |
|    approx_kl            | 0.021660466 |
|    clip_fraction        | 0.202       |
|    clip_range           | 0.2         |
|    entropy_loss         | -15.3       |
|    explained_variance   | 0.383       |
|    learning_rate        | 0.0003      |
|    loss                 | 0.656       |
|    n_updates            | 2370        |
|    policy_gradient_loss | -0.0128     |
|    std                  | 0.876       |
|    value_loss           | 4.82        |
-----------------------------------------
-----------------------------------------
| rollout/                |             |
|    ep_len_mean          | 8.93e+03    |
|    ep_rew_mean          | -675        |
| time/                   |             |
|    fps                  | 378         |
|    iterations           | 239         |
|    time_elapsed         | 1292        |
|    total_timesteps      | 489472      |
| train/                  |             |
|    approx_kl            | 0.019980734 |
|    clip_fraction        | 0.218       |
|    clip_range           | 0.2         |
|    entropy_loss         | -15.3       |
|    explained_variance   | 0.764       |
|    learning_rate        | 0.0003      |
|    loss                 | 0.874       |
|    n_updates            | 2380        |
|    policy_gradient_loss | -0.0149     |
|    std                  | 0.874       |
|    value_loss           | 2.45        |
-----------------------------------------
-----------------------------------------
| rollout/                |             |
|    ep_len_mean          | 8.93e+03    |
|    ep_rew_mean          | -674        |
| time/                   |             |
|    fps                  | 379         |
|    iterations           | 240         |
|    time_elapsed         | 1296        |
|    total_timesteps      | 491520      |
| train/                  |             |
|    approx_kl            | 0.037640467 |
|    clip_fraction        | 0.299       |
|    clip_range           | 0.2         |
|    entropy_loss         | -15.3       |
|    explained_variance   | 0.827       |
|    learning_rate        | 0.0003      |
|    loss                 | 0.232       |
|    n_updates            | 2390        |
|    policy_gradient_loss | -0.00982    |
|    std                  | 0.869       |
|    value_loss           | 1.1         |
-----------------------------------------
-----------------------------------------
| rollout/                |             |
|    ep_len_mean          | 8.93e+03    |
|    ep_rew_mean          | -674        |
| time/                   |             |
|    fps                  | 378         |
|    iterations           | 241         |
|    time_elapsed         | 1302        |
|    total_timesteps      | 493568      |
| train/                  |             |
|    approx_kl            | 0.011900639 |
|    clip_fraction        | 0.174       |
|    clip_range           | 0.2         |
|    entropy_loss         | -15.2       |
|    explained_variance   | -0.0272     |
|    learning_rate        | 0.0003      |
|    loss                 | 3.62        |
|    n_updates            | 2400        |
|    policy_gradient_loss | -0.00342    |
|    std                  | 0.868       |
|    value_loss           | 126         |
-----------------------------------------
-----------------------------------------
| rollout/                |             |
|    ep_len_mean          | 8.93e+03    |
|    ep_rew_mean          | -674        |
| time/                   |             |
|    fps                  | 378         |
|    iterations           | 242         |
|    time_elapsed         | 1308        |
|    total_timesteps      | 495616      |
| train/                  |             |
|    approx_kl            | 0.021356665 |
|    clip_fraction        | 0.233       |
|    clip_range           | 0.2         |
|    entropy_loss         | -15.2       |
|    explained_variance   | 0.677       |
|    learning_rate        | 0.0003      |
|    loss                 | 1.09        |
|    n_updates            | 2410        |
|    policy_gradient_loss | -0.0116     |
|    std                  | 0.867       |
|    value_loss           | 4           |
-----------------------------------------
-----------------------------------------
| rollout/                |             |
|    ep_len_mean          | 8.93e+03    |
|    ep_rew_mean          | -674        |
| time/                   |             |
|    fps                  | 378         |
|    iterations           | 243         |
|    time_elapsed         | 1313        |
|    total_timesteps      | 497664      |
| train/                  |             |
|    approx_kl            | 0.032424033 |
|    clip_fraction        | 0.383       |
|    clip_range           | 0.2         |
|    entropy_loss         | -15.2       |
|    explained_variance   | 0.884       |
|    learning_rate        | 0.0003      |
|    loss                 | 0.318       |
|    n_updates            | 2420        |
|    policy_gradient_loss | -0.00525    |
|    std                  | 0.866       |
|    value_loss           | 0.94        |
-----------------------------------------
-----------------------------------------
| rollout/                |             |
|    ep_len_mean          | 8.93e+03    |
|    ep_rew_mean          | -674        |
| time/                   |             |
|    fps                  | 378         |
|    iterations           | 244         |
|    time_elapsed         | 1318        |
|    total_timesteps      | 499712      |
| train/                  |             |
|    approx_kl            | 0.023218807 |
|    clip_fraction        | 0.29        |
|    clip_range           | 0.2         |
|    entropy_loss         | -15.2       |
|    explained_variance   | 0.914       |
|    learning_rate        | 0.0003      |
|    loss                 | 0.871       |
|    n_updates            | 2430        |
|    policy_gradient_loss | -0.0125     |
|    std                  | 0.863       |
|    value_loss           | 1.37        |
-----------------------------------------
-----------------------------------------
| rollout/                |             |
|    ep_len_mean          | 8.93e+03    |
|    ep_rew_mean          | -673        |
| time/                   |             |
|    fps                  | 379         |
|    iterations           | 245         |
|    time_elapsed         | 1323        |
|    total_timesteps      | 501760      |
| train/                  |             |
|    approx_kl            | 0.028967496 |
|    clip_fraction        | 0.308       |
|    clip_range           | 0.2         |
|    entropy_loss         | -15.2       |
|    explained_variance   | 0.963       |
|    learning_rate        | 0.0003      |
|    loss                 | 0.267       |
|    n_updates            | 2440        |
|    policy_gradient_loss | -0.0142     |
|    std                  | 0.863       |
|    value_loss           | 0.942       |
-----------------------------------------

Model saved to C:\Users\jagal\copilot-worktrees\dc-energy-joint-optimization\jagal-microsoft-literate-umbrella\models\oof_v2_2025\_tmp\eh_to_ad_us_batch_s110_e0e9df21c1d445a1931a96602e6f233c\ppo_us_model_eh_v2_2025_batch_completion_guard
