# round2:global:R0_P3:s205
# job: {"algorithm": "PPO", "batch_completion_weight": 1500.0, "batch_size": 64, "candidate": "R0", "deadline_bucket_edges": [1, 3, 6, 12, 24], "evaluation_objective": {"batch_completion_weight": 1000.0, "full_dollar_cost_unchanged": true, "service_backlog_weight": 1000.0}, "gae_lambda": 0.95, "gamma": 1.0, "job_fingerprint": "7732d2fc387dea04f4468f871f395141eb9a04cbf9c06ada3e65b9a48db028ca", "learning_rate": 0.0003, "learning_rate_schedule": "fixed", "n_epochs": 10, "n_steps": 2048, "net_arch": [128, 128], "normalize_observations": false, "protocol_sha256": "afcdacc992bdf9ba219fab251a2576812e0180aa189da49994056d935b549dda", "region": "global", "seed": 205, "service_backlog_weight": 700.0, "stage": "round2", "subtract_idle_cost": false, "target_kl": null, "timesteps": 301056, "train_scenario": "env/scenarios/global_model_v2_2025.yaml", "urgency_potential_weight": 250.0, "variant": "P3"}
# command: C:\Python314\python.exe train_v3.py --scenario C:\Users\jagal\copilot-worktrees\dc-energy-joint-optimization\jagal-microsoft-literate-umbrella\env\scenarios\global_model_v2_2025.yaml --model-path C:\Users\jagal\copilot-worktrees\dc-energy-joint-optimization\jagal-microsoft-literate-umbrella\models\ppo_v3_reward_sweep\_tmp\round2_global_R0_P3_s205_bf784ef9170c4e67a7fdcf9246b12942\model.zip --diagnostics-path C:\Users\jagal\copilot-worktrees\dc-energy-joint-optimization\jagal-microsoft-literate-umbrella\models\ppo_v3_reward_sweep\_tmp\round2_global_R0_P3_s205_bf784ef9170c4e67a7fdcf9246b12942\training.json --timesteps 301056 --seed 205 --lr 0.0003 --lr-schedule fixed --n-steps 2048 --batch-size 64 --n-epochs 10 --gamma 1.0 --gae-lambda 0.95 --net-arch 128 128 --peak-penalty-weight 0.015 --service-backlog-weight 700.0 --batch-completion-weight 1500.0 --reward-scale 0.0001 --urgency-potential-weight 250.0 --deadline-bucket-edges 1 3 6 12 24
# started: 2026-08-06T14:49:23.697961+00:00

Using cpu device
-----------------------------
| time/              |      |
|    fps             | 706  |
|    iterations      | 1    |
|    time_elapsed    | 2    |
|    total_timesteps | 2048 |
-----------------------------
-----------------------------------------
| time/                   |             |
|    fps                  | 525         |
|    iterations           | 2           |
|    time_elapsed         | 7           |
|    total_timesteps      | 4096        |
| train/                  |             |
|    approx_kl            | 0.013496326 |
|    clip_fraction        | 0.133       |
|    clip_range           | 0.2         |
|    entropy_loss         | -17         |
|    explained_variance   | -0.105      |
|    learning_rate        | 0.0003      |
|    loss                 | 0.027       |
|    n_updates            | 10          |
|    policy_gradient_loss | -0.0156     |
|    std                  | 1           |
|    value_loss           | 0.0729      |
-----------------------------------------
-----------------------------------------
| time/                   |             |
|    fps                  | 494         |
|    iterations           | 3           |
|    time_elapsed         | 12          |
|    total_timesteps      | 6144        |
| train/                  |             |
|    approx_kl            | 0.011811428 |
|    clip_fraction        | 0.141       |
|    clip_range           | 0.2         |
|    entropy_loss         | -17         |
|    explained_variance   | 0.439       |
|    learning_rate        | 0.0003      |
|    loss                 | 0.0143      |
|    n_updates            | 20          |
|    policy_gradient_loss | -0.0173     |
|    std                  | 0.999       |
|    value_loss           | 0.119       |
-----------------------------------------
-----------------------------------------
| time/                   |             |
|    fps                  | 478         |
|    iterations           | 4           |
|    time_elapsed         | 17          |
|    total_timesteps      | 8192        |
| train/                  |             |
|    approx_kl            | 0.015730927 |
|    clip_fraction        | 0.157       |
|    clip_range           | 0.2         |
|    entropy_loss         | -17         |
|    explained_variance   | 0.683       |
|    learning_rate        | 0.0003      |
|    loss                 | -0.0102     |
|    n_updates            | 30          |
|    policy_gradient_loss | -0.0193     |
|    std                  | 0.995       |
|    value_loss           | 0.105       |
-----------------------------------------
-----------------------------------------
| rollout/                |             |
|    ep_len_mean          | 8.93e+03    |
|    ep_rew_mean          | -707        |
| time/                   |             |
|    fps                  | 475         |
|    iterations           | 5           |
|    time_elapsed         | 21          |
|    total_timesteps      | 10240       |
| train/                  |             |
|    approx_kl            | 0.013928937 |
|    clip_fraction        | 0.156       |
|    clip_range           | 0.2         |
|    entropy_loss         | -17         |
|    explained_variance   | 0.859       |
|    learning_rate        | 0.0003      |
|    loss                 | 0.0204      |
|    n_updates            | 40          |
|    policy_gradient_loss | -0.0187     |
|    std                  | 0.994       |
|    value_loss           | 0.103       |
-----------------------------------------
------------------------------------------
| rollout/                |              |
|    ep_len_mean          | 8.93e+03     |
|    ep_rew_mean          | -707         |
| time/                   |              |
|    fps                  | 466          |
|    iterations           | 6            |
|    time_elapsed         | 26           |
|    total_timesteps      | 12288        |
| train/                  |              |
|    approx_kl            | 0.0151857445 |
|    clip_fraction        | 0.163        |
|    clip_range           | 0.2          |
|    entropy_loss         | -17          |
|    explained_variance   | 0.757        |
|    learning_rate        | 0.0003       |
|    loss                 | 0.0727       |
|    n_updates            | 50           |
|    policy_gradient_loss | -0.0215      |
|    std                  | 0.997        |
|    value_loss           | 0.317        |
------------------------------------------
-----------------------------------------
| rollout/                |             |
|    ep_len_mean          | 8.93e+03    |
|    ep_rew_mean          | -707        |
| time/                   |             |
|    fps                  | 458         |
|    iterations           | 7           |
|    time_elapsed         | 31          |
|    total_timesteps      | 14336       |
| train/                  |             |
|    approx_kl            | 0.014954485 |
|    clip_fraction        | 0.172       |
|    clip_range           | 0.2         |
|    entropy_loss         | -17         |
|    explained_variance   | 0.897       |
|    learning_rate        | 0.0003      |
|    loss                 | 0.0215      |
|    n_updates            | 60          |
|    policy_gradient_loss | -0.0195     |
|    std                  | 0.998       |
|    value_loss           | 0.162       |
-----------------------------------------
-----------------------------------------
| rollout/                |             |
|    ep_len_mean          | 8.93e+03    |
|    ep_rew_mean          | -707        |
| time/                   |             |
|    fps                  | 460         |
|    iterations           | 8           |
|    time_elapsed         | 35          |
|    total_timesteps      | 16384       |
| train/                  |             |
|    approx_kl            | 0.014373371 |
|    clip_fraction        | 0.157       |
|    clip_range           | 0.2         |
|    entropy_loss         | -17         |
|    explained_variance   | 0.939       |
|    learning_rate        | 0.0003      |
|    loss                 | 0.0596      |
|    n_updates            | 70          |
|    policy_gradient_loss | -0.0182     |
|    std                  | 0.999       |
|    value_loss           | 0.146       |
-----------------------------------------
-----------------------------------------
| rollout/                |             |
|    ep_len_mean          | 8.93e+03    |
|    ep_rew_mean          | -704        |
| time/                   |             |
|    fps                  | 455         |
|    iterations           | 9           |
|    time_elapsed         | 40          |
|    total_timesteps      | 18432       |
| train/                  |             |
|    approx_kl            | 0.013804938 |
|    clip_fraction        | 0.14        |
|    clip_range           | 0.2         |
|    entropy_loss         | -17         |
|    explained_variance   | 0.973       |
|    learning_rate        | 0.0003      |
|    loss                 | 0.00835     |
|    n_updates            | 80          |
|    policy_gradient_loss | -0.0158     |
|    std                  | 0.995       |
|    value_loss           | 0.154       |
-----------------------------------------
-----------------------------------------
| rollout/                |             |
|    ep_len_mean          | 8.93e+03    |
|    ep_rew_mean          | -704        |
| time/                   |             |
|    fps                  | 451         |
|    iterations           | 10          |
|    time_elapsed         | 45          |
|    total_timesteps      | 20480       |
| train/                  |             |
|    approx_kl            | 0.013536956 |
|    clip_fraction        | 0.155       |
|    clip_range           | 0.2         |
|    entropy_loss         | -16.9       |
|    explained_variance   | 0.706       |
|    learning_rate        | 0.0003      |
|    loss                 | 0.546       |
|    n_updates            | 90          |
|    policy_gradient_loss | -0.0179     |
|    std                  | 0.992       |
|    value_loss           | 0.725       |
-----------------------------------------
-----------------------------------------
| rollout/                |             |
|    ep_len_mean          | 8.93e+03    |
|    ep_rew_mean          | -704        |
| time/                   |             |
|    fps                  | 451         |
|    iterations           | 11          |
|    time_elapsed         | 49          |
|    total_timesteps      | 22528       |
| train/                  |             |
|    approx_kl            | 0.016173678 |
|    clip_fraction        | 0.166       |
|    clip_range           | 0.2         |
|    entropy_loss         | -16.9       |
|    explained_variance   | 0.959       |
|    learning_rate        | 0.0003      |
|    loss                 | 0.0385      |
|    n_updates            | 100         |
|    policy_gradient_loss | -0.0129     |
|    std                  | 0.992       |
|    value_loss           | 0.211       |
-----------------------------------------
-----------------------------------------
| rollout/                |             |
|    ep_len_mean          | 8.93e+03    |
|    ep_rew_mean          | -704        |
| time/                   |             |
|    fps                  | 450         |
|    iterations           | 12          |
|    time_elapsed         | 54          |
|    total_timesteps      | 24576       |
| train/                  |             |
|    approx_kl            | 0.018021382 |
|    clip_fraction        | 0.182       |
|    clip_range           | 0.2         |
|    entropy_loss         | -16.9       |
|    explained_variance   | 0.941       |
|    learning_rate        | 0.0003      |
|    loss                 | 0.0326      |
|    n_updates            | 110         |
|    policy_gradient_loss | -0.0187     |
|    std                  | 0.991       |
|    value_loss           | 0.183       |
-----------------------------------------
-----------------------------------------
| rollout/                |             |
|    ep_len_mean          | 8.93e+03    |
|    ep_rew_mean          | -704        |
| time/                   |             |
|    fps                  | 450         |
|    iterations           | 13          |
|    time_elapsed         | 59          |
|    total_timesteps      | 26624       |
| train/                  |             |
|    approx_kl            | 0.014991334 |
|    clip_fraction        | 0.161       |
|    clip_range           | 0.2         |
|    entropy_loss         | -16.9       |
|    explained_variance   | 0.972       |
|    learning_rate        | 0.0003      |
|    loss                 | 0.0776      |
|    n_updates            | 120         |
|    policy_gradient_loss | -0.0152     |
|    std                  | 0.992       |
|    value_loss           | 0.24        |
-----------------------------------------
-----------------------------------------
| rollout/                |             |
|    ep_len_mean          | 8.93e+03    |
|    ep_rew_mean          | -711        |
| time/                   |             |
|    fps                  | 446         |
|    iterations           | 14          |
|    time_elapsed         | 64          |
|    total_timesteps      | 28672       |
| train/                  |             |
|    approx_kl            | 0.017163975 |
|    clip_fraction        | 0.175       |
|    clip_range           | 0.2         |
|    entropy_loss         | -16.9       |
|    explained_variance   | 0.977       |
|    learning_rate        | 0.0003      |
|    loss                 | 0.0761      |
|    n_updates            | 130         |
|    policy_gradient_loss | -0.0139     |
|    std                  | 0.993       |
|    value_loss           | 0.325       |
-----------------------------------------
----------------------------------------
| rollout/                |            |
|    ep_len_mean          | 8.93e+03   |
|    ep_rew_mean          | -711       |
| time/                   |            |
|    fps                  | 443        |
|    iterations           | 15         |
|    time_elapsed         | 69         |
|    total_timesteps      | 30720      |
| train/                  |            |
|    approx_kl            | 0.01212961 |
|    clip_fraction        | 0.145      |
|    clip_range           | 0.2        |
|    entropy_loss         | -16.9      |
|    explained_variance   | 0.732      |
|    learning_rate        | 0.0003     |
|    loss                 | 0.145      |
|    n_updates            | 140        |
|    policy_gradient_loss | -0.0156    |
|    std                  | 0.994      |
|    value_loss           | 1.23       |
----------------------------------------
-----------------------------------------
| rollout/                |             |
|    ep_len_mean          | 8.93e+03    |
|    ep_rew_mean          | -711        |
| time/                   |             |
|    fps                  | 442         |
|    iterations           | 16          |
|    time_elapsed         | 73          |
|    total_timesteps      | 32768       |
| train/                  |             |
|    approx_kl            | 0.016034104 |
|    clip_fraction        | 0.183       |
|    clip_range           | 0.2         |
|    entropy_loss         | -16.9       |
|    explained_variance   | 0.965       |
|    learning_rate        | 0.0003      |
|    loss                 | 0.122       |
|    n_updates            | 150         |
|    policy_gradient_loss | -0.014      |
|    std                  | 0.993       |
|    value_loss           | 0.301       |
-----------------------------------------
-----------------------------------------
| rollout/                |             |
|    ep_len_mean          | 8.93e+03    |
|    ep_rew_mean          | -711        |
| time/                   |             |
|    fps                  | 437         |
|    iterations           | 17          |
|    time_elapsed         | 79          |
|    total_timesteps      | 34816       |
| train/                  |             |
|    approx_kl            | 0.011499416 |
|    clip_fraction        | 0.15        |
|    clip_range           | 0.2         |
|    entropy_loss         | -16.9       |
|    explained_variance   | 0.974       |
|    learning_rate        | 0.0003      |
|    loss                 | 0.0851      |
|    n_updates            | 160         |
|    policy_gradient_loss | -0.0132     |
|    std                  | 0.992       |
|    value_loss           | 0.435       |
-----------------------------------------
-----------------------------------------
| rollout/                |             |
|    ep_len_mean          | 8.93e+03    |
|    ep_rew_mean          | -708        |
| time/                   |             |
|    fps                  | 435         |
|    iterations           | 18          |
|    time_elapsed         | 84          |
|    total_timesteps      | 36864       |
| train/                  |             |
|    approx_kl            | 0.013568126 |
|    clip_fraction        | 0.126       |
|    clip_range           | 0.2         |
|    entropy_loss         | -16.9       |
|    explained_variance   | 0.964       |
|    learning_rate        | 0.0003      |
|    loss                 | 0.298       |
|    n_updates            | 170         |
|    policy_gradient_loss | -0.0138     |
|    std                  | 0.993       |
|    value_loss           | 0.61        |
-----------------------------------------
-----------------------------------------
| rollout/                |             |
|    ep_len_mean          | 8.93e+03    |
|    ep_rew_mean          | -708        |
| time/                   |             |
|    fps                  | 433         |
|    iterations           | 19          |
|    time_elapsed         | 89          |
|    total_timesteps      | 38912       |
| train/                  |             |
|    approx_kl            | 0.012130539 |
|    clip_fraction        | 0.122       |
|    clip_range           | 0.2         |
|    entropy_loss         | -16.9       |
|    explained_variance   | 0.876       |
|    learning_rate        | 0.0003      |
|    loss                 | 0.264       |
|    n_updates            | 180         |
|    policy_gradient_loss | -0.0143     |
|    std                  | 0.992       |
|    value_loss           | 2.82        |
-----------------------------------------
-----------------------------------------
| rollout/                |             |
|    ep_len_mean          | 8.93e+03    |
|    ep_rew_mean          | -708        |
| time/                   |             |
|    fps                  | 433         |
|    iterations           | 20          |
|    time_elapsed         | 94          |
|    total_timesteps      | 40960       |
| train/                  |             |
|    approx_kl            | 0.014993675 |
|    clip_fraction        | 0.209       |
|    clip_range           | 0.2         |
|    entropy_loss         | -16.9       |
|    explained_variance   | 0.948       |
|    learning_rate        | 0.0003      |
|    loss                 | 0.0909      |
|    n_updates            | 190         |
|    policy_gradient_loss | -0.0161     |
|    std                  | 0.991       |
|    value_loss           | 0.377       |
-----------------------------------------
----------------------------------------
| rollout/                |            |
|    ep_len_mean          | 8.93e+03   |
|    ep_rew_mean          | -708       |
| time/                   |            |
|    fps                  | 434        |
|    iterations           | 21         |
|    time_elapsed         | 99         |
|    total_timesteps      | 43008      |
| train/                  |            |
|    approx_kl            | 0.01508097 |
|    clip_fraction        | 0.131      |
|    clip_range           | 0.2        |
|    entropy_loss         | -16.9      |
|    explained_variance   | 0.965      |
|    learning_rate        | 0.0003     |
|    loss                 | 0.201      |
|    n_updates            | 200        |
|    policy_gradient_loss | -0.011     |
|    std                  | 0.992      |
|    value_loss           | 0.701      |
----------------------------------------
-----------------------------------------
| rollout/                |             |
|    ep_len_mean          | 8.93e+03    |
|    ep_rew_mean          | -711        |
| time/                   |             |
|    fps                  | 434         |
|    iterations           | 22          |
|    time_elapsed         | 103         |
|    total_timesteps      | 45056       |
| train/                  |             |
|    approx_kl            | 0.016670555 |
|    clip_fraction        | 0.162       |
|    clip_range           | 0.2         |
|    entropy_loss         | -16.9       |
|    explained_variance   | 0.973       |
|    learning_rate        | 0.0003      |
|    loss                 | 0.258       |
|    n_updates            | 210         |
|    policy_gradient_loss | -0.0174     |
|    std                  | 0.99        |
|    value_loss           | 0.732       |
-----------------------------------------
-----------------------------------------
| rollout/                |             |
|    ep_len_mean          | 8.93e+03    |
|    ep_rew_mean          | -711        |
| time/                   |             |
|    fps                  | 435         |
|    iterations           | 23          |
|    time_elapsed         | 108         |
|    total_timesteps      | 47104       |
| train/                  |             |
|    approx_kl            | 0.015582638 |
|    clip_fraction        | 0.138       |
|    clip_range           | 0.2         |
|    entropy_loss         | -16.9       |
|    explained_variance   | 0.791       |
|    learning_rate        | 0.0003      |
|    loss                 | 3.92        |
|    n_updates            | 220         |
|    policy_gradient_loss | -0.0173     |
|    std                  | 0.991       |
|    value_loss           | 3.55        |
-----------------------------------------
-----------------------------------------
| rollout/                |             |
|    ep_len_mean          | 8.93e+03    |
|    ep_rew_mean          | -711        |
| time/                   |             |
|    fps                  | 436         |
|    iterations           | 24          |
|    time_elapsed         | 112         |
|    total_timesteps      | 49152       |
| train/                  |             |
|    approx_kl            | 0.019145638 |
|    clip_fraction        | 0.19        |
|    clip_range           | 0.2         |
|    entropy_loss         | -16.9       |
|    explained_variance   | 0.973       |
|    learning_rate        | 0.0003      |
|    loss                 | 0.217       |
|    n_updates            | 230         |
|    policy_gradient_loss | -0.0143     |
|    std                  | 0.991       |
|    value_loss           | 0.813       |
-----------------------------------------
------------------------------------------
| rollout/                |              |
|    ep_len_mean          | 8.93e+03     |
|    ep_rew_mean          | -711         |
| time/                   |              |
|    fps                  | 435          |
|    iterations           | 25           |
|    time_elapsed         | 117          |
|    total_timesteps      | 51200        |
| train/                  |              |
|    approx_kl            | 0.0142039675 |
|    clip_fraction        | 0.171        |
|    clip_range           | 0.2          |
|    entropy_loss         | -16.9        |
|    explained_variance   | 0.957        |
|    learning_rate        | 0.0003       |
|    loss                 | 0.245        |
|    n_updates            | 240          |
|    policy_gradient_loss | -0.0157      |
|    std                  | 0.99         |
|    value_loss           | 0.735        |
------------------------------------------
-----------------------------------------
| rollout/                |             |
|    ep_len_mean          | 8.93e+03    |
|    ep_rew_mean          | -711        |
| time/                   |             |
|    fps                  | 435         |
|    iterations           | 26          |
|    time_elapsed         | 122         |
|    total_timesteps      | 53248       |
| train/                  |             |
|    approx_kl            | 0.016949944 |
|    clip_fraction        | 0.157       |
|    clip_range           | 0.2         |
|    entropy_loss         | -16.9       |
|    explained_variance   | 0.967       |
|    learning_rate        | 0.0003      |
|    loss                 | 0.531       |
|    n_updates            | 250         |
|    policy_gradient_loss | -0.0143     |
|    std                  | 0.99        |
|    value_loss           | 1.08        |
-----------------------------------------
-----------------------------------------
| rollout/                |             |
|    ep_len_mean          | 8.93e+03    |
|    ep_rew_mean          | -711        |
| time/                   |             |
|    fps                  | 436         |
|    iterations           | 27          |
|    time_elapsed         | 126         |
|    total_timesteps      | 55296       |
| train/                  |             |
|    approx_kl            | 0.013921934 |
|    clip_fraction        | 0.165       |
|    clip_range           | 0.2         |
|    entropy_loss         | -16.9       |
|    explained_variance   | 0.981       |
|    learning_rate        | 0.0003      |
|    loss                 | 0.379       |
|    n_updates            | 260         |
|    policy_gradient_loss | -0.0154     |
|    std                  | 0.988       |
|    value_loss           | 1.16        |
-----------------------------------------
-----------------------------------------
| rollout/                |             |
|    ep_len_mean          | 8.93e+03    |
|    ep_rew_mean          | -711        |
| time/                   |             |
|    fps                  | 436         |
|    iterations           | 28          |
|    time_elapsed         | 131         |
|    total_timesteps      | 57344       |
| train/                  |             |
|    approx_kl            | 0.012502861 |
|    clip_fraction        | 0.119       |
|    clip_range           | 0.2         |
|    entropy_loss         | -16.9       |
|    explained_variance   | 0.844       |
|    learning_rate        | 0.0003      |
|    loss                 | 0.571       |
|    n_updates            | 270         |
|    policy_gradient_loss | -0.0125     |
|    std                  | 0.986       |
|    value_loss           | 3.9         |
-----------------------------------------
-----------------------------------------
| rollout/                |             |
|    ep_len_mean          | 8.93e+03    |
|    ep_rew_mean          | -711        |
| time/                   |             |
|    fps                  | 437         |
|    iterations           | 29          |
|    time_elapsed         | 135         |
|    total_timesteps      | 59392       |
| train/                  |             |
|    approx_kl            | 0.019104179 |
|    clip_fraction        | 0.243       |
|    clip_range           | 0.2         |
|    entropy_loss         | -16.8       |
|    explained_variance   | 0.97        |
|    learning_rate        | 0.0003      |
|    loss                 | 0.14        |
|    n_updates            | 280         |
|    policy_gradient_loss | -0.0138     |
|    std                  | 0.985       |
|    value_loss           | 0.721       |
-----------------------------------------
-----------------------------------------
| rollout/                |             |
|    ep_len_mean          | 8.93e+03    |
|    ep_rew_mean          | -711        |
| time/                   |             |
|    fps                  | 437         |
|    iterations           | 30          |
|    time_elapsed         | 140         |
|    total_timesteps      | 61440       |
| train/                  |             |
|    approx_kl            | 0.016555626 |
|    clip_fraction        | 0.193       |
|    clip_range           | 0.2         |
|    entropy_loss         | -16.8       |
|    explained_variance   | 0.978       |
|    learning_rate        | 0.0003      |
|    loss                 | 0.295       |
|    n_updates            | 290         |
|    policy_gradient_loss | -0.016      |
|    std                  | 0.981       |
|    value_loss           | 1.02        |
-----------------------------------------
-----------------------------------------
| rollout/                |             |
|    ep_len_mean          | 8.93e+03    |
|    ep_rew_mean          | -708        |
| time/                   |             |
|    fps                  | 436         |
|    iterations           | 31          |
|    time_elapsed         | 145         |
|    total_timesteps      | 63488       |
| train/                  |             |
|    approx_kl            | 0.011154259 |
|    clip_fraction        | 0.154       |
|    clip_range           | 0.2         |
|    entropy_loss         | -16.8       |
|    explained_variance   | 0.972       |
|    learning_rate        | 0.0003      |
|    loss                 | 0.375       |
|    n_updates            | 300         |
|    policy_gradient_loss | -0.0112     |
|    std                  | 0.982       |
|    value_loss           | 1.37        |
-----------------------------------------
----------------------------------------
| rollout/                |            |
|    ep_len_mean          | 8.93e+03   |
|    ep_rew_mean          | -708       |
| time/                   |            |
|    fps                  | 437        |
|    iterations           | 32         |
|    time_elapsed         | 149        |
|    total_timesteps      | 65536      |
| train/                  |            |
|    approx_kl            | 0.01634485 |
|    clip_fraction        | 0.147      |
|    clip_range           | 0.2        |
|    entropy_loss         | -16.8      |
|    explained_variance   | 0.91       |
|    learning_rate        | 0.0003     |
|    loss                 | 0.774      |
|    n_updates            | 310        |
|    policy_gradient_loss | -0.0117    |
|    std                  | 0.984      |
|    value_loss           | 5.83       |
----------------------------------------
----------------------------------------
| rollout/                |            |
|    ep_len_mean          | 8.93e+03   |
|    ep_rew_mean          | -708       |
| time/                   |            |
|    fps                  | 437        |
|    iterations           | 33         |
|    time_elapsed         | 154        |
|    total_timesteps      | 67584      |
| train/                  |            |
|    approx_kl            | 0.01921653 |
|    clip_fraction        | 0.243      |
|    clip_range           | 0.2        |
|    entropy_loss         | -16.8      |
|    explained_variance   | 0.945      |
|    learning_rate        | 0.0003     |
|    loss                 | 0.653      |
|    n_updates            | 320        |
|    policy_gradient_loss | -0.0131    |
|    std                  | 0.983      |
|    value_loss           | 1.49       |
----------------------------------------
-----------------------------------------
| rollout/                |             |
|    ep_len_mean          | 8.93e+03    |
|    ep_rew_mean          | -708        |
| time/                   |             |
|    fps                  | 437         |
|    iterations           | 34          |
|    time_elapsed         | 159         |
|    total_timesteps      | 69632       |
| train/                  |             |
|    approx_kl            | 0.019195426 |
|    clip_fraction        | 0.19        |
|    clip_range           | 0.2         |
|    entropy_loss         | -16.8       |
|    explained_variance   | 0.969       |
|    learning_rate        | 0.0003      |
|    loss                 | 0.501       |
|    n_updates            | 330         |
|    policy_gradient_loss | -0.0144     |
|    std                  | 0.981       |
|    value_loss           | 1.41        |
-----------------------------------------
-----------------------------------------
| rollout/                |             |
|    ep_len_mean          | 8.93e+03    |
|    ep_rew_mean          | -710        |
| time/                   |             |
|    fps                  | 437         |
|    iterations           | 35          |
|    time_elapsed         | 163         |
|    total_timesteps      | 71680       |
| train/                  |             |
|    approx_kl            | 0.016099228 |
|    clip_fraction        | 0.188       |
|    clip_range           | 0.2         |
|    entropy_loss         | -16.8       |
|    explained_variance   | 0.979       |
|    learning_rate        | 0.0003      |
|    loss                 | 0.624       |
|    n_updates            | 340         |
|    policy_gradient_loss | -0.0148     |
|    std                  | 0.978       |
|    value_loss           | 1.36        |
-----------------------------------------
-----------------------------------------
| rollout/                |             |
|    ep_len_mean          | 8.93e+03    |
|    ep_rew_mean          | -710        |
| time/                   |             |
|    fps                  | 438         |
|    iterations           | 36          |
|    time_elapsed         | 168         |
|    total_timesteps      | 73728       |
| train/                  |             |
|    approx_kl            | 0.015677024 |
|    clip_fraction        | 0.127       |
|    clip_range           | 0.2         |
|    entropy_loss         | -16.7       |
|    explained_variance   | 0.918       |
|    learning_rate        | 0.0003      |
|    loss                 | 1.35        |
|    n_updates            | 350         |
|    policy_gradient_loss | -0.0135     |
|    std                  | 0.978       |
|    value_loss           | 5.45        |
-----------------------------------------
----------------------------------------
| rollout/                |            |
|    ep_len_mean          | 8.93e+03   |
|    ep_rew_mean          | -710       |
| time/                   |            |
|    fps                  | 437        |
|    iterations           | 37         |
|    time_elapsed         | 173        |
|    total_timesteps      | 75776      |
| train/                  |            |
|    approx_kl            | 0.03072634 |
|    clip_fraction        | 0.273      |
|    clip_range           | 0.2        |
|    entropy_loss         | -16.7      |
|    explained_variance   | 0.962      |
|    learning_rate        | 0.0003     |
|    loss                 | 0.209      |
|    n_updates            | 360        |
|    policy_gradient_loss | -0.0116    |
|    std                  | 0.976      |
|    value_loss           | 0.828      |
----------------------------------------
-----------------------------------------
| rollout/                |             |
|    ep_len_mean          | 8.93e+03    |
|    ep_rew_mean          | -710        |
| time/                   |             |
|    fps                  | 436         |
|    iterations           | 38          |
|    time_elapsed         | 178         |
|    total_timesteps      | 77824       |
| train/                  |             |
|    approx_kl            | 0.021920439 |
|    clip_fraction        | 0.298       |
|    clip_range           | 0.2         |
|    entropy_loss         | -16.7       |
|    explained_variance   | 0.961       |
|    learning_rate        | 0.0003      |
|    loss                 | 0.25        |
|    n_updates            | 370         |
|    policy_gradient_loss | -0.015      |
|    std                  | 0.976       |
|    value_loss           | 0.756       |
-----------------------------------------
-----------------------------------------
| rollout/                |             |
|    ep_len_mean          | 8.93e+03    |
|    ep_rew_mean          | -710        |
| time/                   |             |
|    fps                  | 436         |
|    iterations           | 39          |
|    time_elapsed         | 182         |
|    total_timesteps      | 79872       |
| train/                  |             |
|    approx_kl            | 0.018998034 |
|    clip_fraction        | 0.233       |
|    clip_range           | 0.2         |
|    entropy_loss         | -16.7       |
|    explained_variance   | 0.978       |
|    learning_rate        | 0.0003      |
|    loss                 | 0.249       |
|    n_updates            | 380         |
|    policy_gradient_loss | -0.0166     |
|    std                  | 0.972       |
|    value_loss           | 0.844       |
-----------------------------------------
-----------------------------------------
| rollout/                |             |
|    ep_len_mean          | 8.93e+03    |
|    ep_rew_mean          | -710        |
| time/                   |             |
|    fps                  | 435         |
|    iterations           | 40          |
|    time_elapsed         | 187         |
|    total_timesteps      | 81920       |
| train/                  |             |
|    approx_kl            | 0.018328886 |
|    clip_fraction        | 0.217       |
|    clip_range           | 0.2         |
|    entropy_loss         | -16.7       |
|    explained_variance   | 0.977       |
|    learning_rate        | 0.0003      |
|    loss                 | 0.361       |
|    n_updates            | 390         |
|    policy_gradient_loss | -0.0167     |
|    std                  | 0.973       |
|    value_loss           | 1.32        |
-----------------------------------------
-----------------------------------------
| rollout/                |             |
|    ep_len_mean          | 8.93e+03    |
|    ep_rew_mean          | -710        |
| time/                   |             |
|    fps                  | 435         |
|    iterations           | 41          |
|    time_elapsed         | 192         |
|    total_timesteps      | 83968       |
| train/                  |             |
|    approx_kl            | 0.012175941 |
|    clip_fraction        | 0.134       |
|    clip_range           | 0.2         |
|    entropy_loss         | -16.7       |
|    explained_variance   | 0.861       |
|    learning_rate        | 0.0003      |
|    loss                 | 0.758       |
|    n_updates            | 400         |
|    policy_gradient_loss | -0.0143     |
|    std                  | 0.972       |
|    value_loss           | 5.3         |
-----------------------------------------
-----------------------------------------
| rollout/                |             |
|    ep_len_mean          | 8.93e+03    |
|    ep_rew_mean          | -710        |
| time/                   |             |
|    fps                  | 435         |
|    iterations           | 42          |
|    time_elapsed         | 197         |
|    total_timesteps      | 86016       |
| train/                  |             |
|    approx_kl            | 0.026220817 |
|    clip_fraction        | 0.251       |
|    clip_range           | 0.2         |
|    entropy_loss         | -16.7       |
|    explained_variance   | 0.971       |
|    learning_rate        | 0.0003      |
|    loss                 | 0.392       |
|    n_updates            | 410         |
|    policy_gradient_loss | -0.0143     |
|    std                  | 0.973       |
|    value_loss           | 1.17        |
-----------------------------------------
-----------------------------------------
| rollout/                |             |
|    ep_len_mean          | 8.93e+03    |
|    ep_rew_mean          | -710        |
| time/                   |             |
|    fps                  | 435         |
|    iterations           | 43          |
|    time_elapsed         | 202         |
|    total_timesteps      | 88064       |
| train/                  |             |
|    approx_kl            | 0.015887402 |
|    clip_fraction        | 0.234       |
|    clip_range           | 0.2         |
|    entropy_loss         | -16.7       |
|    explained_variance   | 0.974       |
|    learning_rate        | 0.0003      |
|    loss                 | 0.553       |
|    n_updates            | 420         |
|    policy_gradient_loss | -0.0171     |
|    std                  | 0.974       |
|    value_loss           | 1.21        |
-----------------------------------------
-----------------------------------------
| rollout/                |             |
|    ep_len_mean          | 8.93e+03    |
|    ep_rew_mean          | -709        |
| time/                   |             |
|    fps                  | 435         |
|    iterations           | 44          |
|    time_elapsed         | 207         |
|    total_timesteps      | 90112       |
| train/                  |             |
|    approx_kl            | 0.017450139 |
|    clip_fraction        | 0.206       |
|    clip_range           | 0.2         |
|    entropy_loss         | -16.7       |
|    explained_variance   | 0.974       |
|    learning_rate        | 0.0003      |
|    loss                 | 0.64        |
|    n_updates            | 430         |
|    policy_gradient_loss | -0.0134     |
|    std                  | 0.974       |
|    value_loss           | 1.52        |
-----------------------------------------
-----------------------------------------
| rollout/                |             |
|    ep_len_mean          | 8.93e+03    |
|    ep_rew_mean          | -709        |
| time/                   |             |
|    fps                  | 435         |
|    iterations           | 45          |
|    time_elapsed         | 211         |
|    total_timesteps      | 92160       |
| train/                  |             |
|    approx_kl            | 0.010602472 |
|    clip_fraction        | 0.124       |
|    clip_range           | 0.2         |
|    entropy_loss         | -16.7       |
|    explained_variance   | 0.848       |
|    learning_rate        | 0.0003      |
|    loss                 | 1.74        |
|    n_updates            | 440         |
|    policy_gradient_loss | -0.0109     |
|    std                  | 0.974       |
|    value_loss           | 6.39        |
-----------------------------------------
----------------------------------------
| rollout/                |            |
|    ep_len_mean          | 8.93e+03   |
|    ep_rew_mean          | -709       |
| time/                   |            |
|    fps                  | 435        |
|    iterations           | 46         |
|    time_elapsed         | 216        |
|    total_timesteps      | 94208      |
| train/                  |            |
|    approx_kl            | 0.01988981 |
|    clip_fraction        | 0.282      |
|    clip_range           | 0.2        |
|    entropy_loss         | -16.7      |
|    explained_variance   | 0.97       |
|    learning_rate        | 0.0003     |
|    loss                 | 0.499      |
|    n_updates            | 450        |
|    policy_gradient_loss | -0.0208    |
|    std                  | 0.971      |
|    value_loss           | 1.41       |
----------------------------------------
----------------------------------------
| rollout/                |            |
|    ep_len_mean          | 8.93e+03   |
|    ep_rew_mean          | -709       |
| time/                   |            |
|    fps                  | 435        |
|    iterations           | 47         |
|    time_elapsed         | 220        |
|    total_timesteps      | 96256      |
| train/                  |            |
|    approx_kl            | 0.01689908 |
|    clip_fraction        | 0.195      |
|    clip_range           | 0.2        |
|    entropy_loss         | -16.6      |
|    explained_variance   | 0.963      |
|    learning_rate        | 0.0003     |
|    loss                 | 0.806      |
|    n_updates            | 460        |
|    policy_gradient_loss | -0.0135    |
|    std                  | 0.97       |
|    value_loss           | 1.82       |
----------------------------------------
-----------------------------------------
| rollout/                |             |
|    ep_len_mean          | 8.93e+03    |
|    ep_rew_mean          | -709        |
| time/                   |             |
|    fps                  | 435         |
|    iterations           | 48          |
|    time_elapsed         | 225         |
|    total_timesteps      | 98304       |
| train/                  |             |
|    approx_kl            | 0.016257927 |
|    clip_fraction        | 0.176       |
|    clip_range           | 0.2         |
|    entropy_loss         | -16.6       |
|    explained_variance   | 0.974       |
|    learning_rate        | 0.0003      |
|    loss                 | 1.04        |
|    n_updates            | 470         |
|    policy_gradient_loss | -0.0146     |
|    std                  | 0.967       |
|    value_loss           | 2.48        |
-----------------------------------------
-----------------------------------------
| rollout/                |             |
|    ep_len_mean          | 8.93e+03    |
|    ep_rew_mean          | -709        |
| time/                   |             |
|    fps                  | 436         |
|    iterations           | 49          |
|    time_elapsed         | 229         |
|    total_timesteps      | 100352      |
| train/                  |             |
|    approx_kl            | 0.014064377 |
|    clip_fraction        | 0.131       |
|    clip_range           | 0.2         |
|    entropy_loss         | -16.6       |
|    explained_variance   | 0.942       |
|    learning_rate        | 0.0003      |
|    loss                 | 3.48        |
|    n_updates            | 480         |
|    policy_gradient_loss | -0.0133     |
|    std                  | 0.967       |
|    value_loss           | 7.2         |
-----------------------------------------
-----------------------------------------
| rollout/                |             |
|    ep_len_mean          | 8.93e+03    |
|    ep_rew_mean          | -709        |
| time/                   |             |
|    fps                  | 436         |
|    iterations           | 50          |
|    time_elapsed         | 234         |
|    total_timesteps      | 102400      |
| train/                  |             |
|    approx_kl            | 0.020522363 |
|    clip_fraction        | 0.272       |
|    clip_range           | 0.2         |
|    entropy_loss         | -16.6       |
|    explained_variance   | 0.945       |
|    learning_rate        | 0.0003      |
|    loss                 | 0.64        |
|    n_updates            | 490         |
|    policy_gradient_loss | -0.00908    |
|    std                  | 0.963       |
|    value_loss           | 1.35        |
-----------------------------------------
-----------------------------------------
| rollout/                |             |
|    ep_len_mean          | 8.93e+03    |
|    ep_rew_mean          | -709        |
| time/                   |             |
|    fps                  | 437         |
|    iterations           | 51          |
|    time_elapsed         | 238         |
|    total_timesteps      | 104448      |
| train/                  |             |
|    approx_kl            | 0.028204583 |
|    clip_fraction        | 0.262       |
|    clip_range           | 0.2         |
|    entropy_loss         | -16.6       |
|    explained_variance   | 0.951       |
|    learning_rate        | 0.0003      |
|    loss                 | 0.61        |
|    n_updates            | 500         |
|    policy_gradient_loss | -0.0112     |
|    std                  | 0.967       |
|    value_loss           | 1.42        |
-----------------------------------------
----------------------------------------
| rollout/                |            |
|    ep_len_mean          | 8.93e+03   |
|    ep_rew_mean          | -709       |
| time/                   |            |
|    fps                  | 437        |
|    iterations           | 52         |
|    time_elapsed         | 243        |
|    total_timesteps      | 106496     |
| train/                  |            |
|    approx_kl            | 0.02309069 |
|    clip_fraction        | 0.259      |
|    clip_range           | 0.2        |
|    entropy_loss         | -16.6      |
|    explained_variance   | 0.978      |
|    learning_rate        | 0.0003     |
|    loss                 | 0.449      |
|    n_updates            | 510        |
|    policy_gradient_loss | -0.0174    |
|    std                  | 0.967      |
|    value_loss           | 1.19       |
----------------------------------------
-----------------------------------------
| rollout/                |             |
|    ep_len_mean          | 8.93e+03    |
|    ep_rew_mean          | -709        |
| time/                   |             |
|    fps                  | 438         |
|    iterations           | 53          |
|    time_elapsed         | 247         |
|    total_timesteps      | 108544      |
| train/                  |             |
|    approx_kl            | 0.021176767 |
|    clip_fraction        | 0.187       |
|    clip_range           | 0.2         |
|    entropy_loss         | -16.6       |
|    explained_variance   | 0.97        |
|    learning_rate        | 0.0003      |
|    loss                 | 0.947       |
|    n_updates            | 520         |
|    policy_gradient_loss | -0.0186     |
|    std                  | 0.965       |
|    value_loss           | 2.26        |
-----------------------------------------
----------------------------------------
| rollout/                |            |
|    ep_len_mean          | 8.93e+03   |
|    ep_rew_mean          | -709       |
| time/                   |            |
|    fps                  | 438        |
|    iterations           | 54         |
|    time_elapsed         | 252        |
|    total_timesteps      | 110592     |
| train/                  |            |
|    approx_kl            | 0.01182499 |
|    clip_fraction        | 0.136      |
|    clip_range           | 0.2        |
|    entropy_loss         | -16.6      |
|    explained_variance   | 0.862      |
|    learning_rate        | 0.0003     |
|    loss                 | 3.07       |
|    n_updates            | 530        |
|    policy_gradient_loss | -0.0115    |
|    std                  | 0.965      |
|    value_loss           | 5.89       |
----------------------------------------
-----------------------------------------
| rollout/                |             |
|    ep_len_mean          | 8.93e+03    |
|    ep_rew_mean          | -709        |
| time/                   |             |
|    fps                  | 438         |
|    iterations           | 55          |
|    time_elapsed         | 256         |
|    total_timesteps      | 112640      |
| train/                  |             |
|    approx_kl            | 0.022255551 |
|    clip_fraction        | 0.288       |
|    clip_range           | 0.2         |
|    entropy_loss         | -16.6       |
|    explained_variance   | 0.964       |
|    learning_rate        | 0.0003      |
|    loss                 | 0.3         |
|    n_updates            | 540         |
|    policy_gradient_loss | -0.0127     |
|    std                  | 0.966       |
|    value_loss           | 1.27        |
-----------------------------------------
-----------------------------------------
| rollout/                |             |
|    ep_len_mean          | 8.93e+03    |
|    ep_rew_mean          | -709        |
| time/                   |             |
|    fps                  | 438         |
|    iterations           | 56          |
|    time_elapsed         | 261         |
|    total_timesteps      | 114688      |
| train/                  |             |
|    approx_kl            | 0.021545827 |
|    clip_fraction        | 0.193       |
|    clip_range           | 0.2         |
|    entropy_loss         | -16.6       |
|    explained_variance   | 0.973       |
|    learning_rate        | 0.0003      |
|    loss                 | 0.723       |
|    n_updates            | 550         |
|    policy_gradient_loss | -0.0164     |
|    std                  | 0.966       |
|    value_loss           | 1.78        |
-----------------------------------------
-----------------------------------------
| rollout/                |             |
|    ep_len_mean          | 8.93e+03    |
|    ep_rew_mean          | -708        |
| time/                   |             |
|    fps                  | 438         |
|    iterations           | 57          |
|    time_elapsed         | 266         |
|    total_timesteps      | 116736      |
| train/                  |             |
|    approx_kl            | 0.015195314 |
|    clip_fraction        | 0.181       |
|    clip_range           | 0.2         |
|    entropy_loss         | -16.6       |
|    explained_variance   | 0.973       |
|    learning_rate        | 0.0003      |
|    loss                 | 0.849       |
|    n_updates            | 560         |
|    policy_gradient_loss | -0.0148     |
|    std                  | 0.966       |
|    value_loss           | 2.81        |
-----------------------------------------
-----------------------------------------
| rollout/                |             |
|    ep_len_mean          | 8.93e+03    |
|    ep_rew_mean          | -708        |
| time/                   |             |
|    fps                  | 438         |
|    iterations           | 58          |
|    time_elapsed         | 270         |
|    total_timesteps      | 118784      |
| train/                  |             |
|    approx_kl            | 0.012270393 |
|    clip_fraction        | 0.13        |
|    clip_range           | 0.2         |
|    entropy_loss         | -16.6       |
|    explained_variance   | 0.81        |
|    learning_rate        | 0.0003      |
|    loss                 | 1.78        |
|    n_updates            | 570         |
|    policy_gradient_loss | -0.0092     |
|    std                  | 0.966       |
|    value_loss           | 7.26        |
-----------------------------------------
-----------------------------------------
| rollout/                |             |
|    ep_len_mean          | 8.93e+03    |
|    ep_rew_mean          | -708        |
| time/                   |             |
|    fps                  | 438         |
|    iterations           | 59          |
|    time_elapsed         | 275         |
|    total_timesteps      | 120832      |
| train/                  |             |
|    approx_kl            | 0.023649773 |
|    clip_fraction        | 0.305       |
|    clip_range           | 0.2         |
|    entropy_loss         | -16.6       |
|    explained_variance   | 0.986       |
|    learning_rate        | 0.0003      |
|    loss                 | 0.299       |
|    n_updates            | 580         |
|    policy_gradient_loss | -0.00534    |
|    std                  | 0.969       |
|    value_loss           | 1.27        |
-----------------------------------------
-----------------------------------------
| rollout/                |             |
|    ep_len_mean          | 8.93e+03    |
|    ep_rew_mean          | -708        |
| time/                   |             |
|    fps                  | 439         |
|    iterations           | 60          |
|    time_elapsed         | 279         |
|    total_timesteps      | 122880      |
| train/                  |             |
|    approx_kl            | 0.016592048 |
|    clip_fraction        | 0.201       |
|    clip_range           | 0.2         |
|    entropy_loss         | -16.6       |
|    explained_variance   | 0.953       |
|    learning_rate        | 0.0003      |
|    loss                 | 0.904       |
|    n_updates            | 590         |
|    policy_gradient_loss | -0.015      |
|    std                  | 0.971       |
|    value_loss           | 1.99        |
-----------------------------------------
-----------------------------------------
| rollout/                |             |
|    ep_len_mean          | 8.93e+03    |
|    ep_rew_mean          | -708        |
| time/                   |             |
|    fps                  | 438         |
|    iterations           | 61          |
|    time_elapsed         | 284         |
|    total_timesteps      | 124928      |
| train/                  |             |
|    approx_kl            | 0.018130736 |
|    clip_fraction        | 0.207       |
|    clip_range           | 0.2         |
|    entropy_loss         | -16.7       |
|    explained_variance   | 0.979       |
|    learning_rate        | 0.0003      |
|    loss                 | 0.754       |
|    n_updates            | 600         |
|    policy_gradient_loss | -0.016      |
|    std                  | 0.975       |
|    value_loss           | 2.09        |
-----------------------------------------
-----------------------------------------
| rollout/                |             |
|    ep_len_mean          | 8.93e+03    |
|    ep_rew_mean          | -707        |
| time/                   |             |
|    fps                  | 439         |
|    iterations           | 62          |
|    time_elapsed         | 289         |
|    total_timesteps      | 126976      |
| train/                  |             |
|    approx_kl            | 0.012595108 |
|    clip_fraction        | 0.134       |
|    clip_range           | 0.2         |
|    entropy_loss         | -16.7       |
|    explained_variance   | 0.978       |
|    learning_rate        | 0.0003      |
|    loss                 | 1.33        |
|    n_updates            | 610         |
|    policy_gradient_loss | -0.0121     |
|    std                  | 0.975       |
|    value_loss           | 4.25        |
-----------------------------------------
-----------------------------------------
| rollout/                |             |
|    ep_len_mean          | 8.93e+03    |
|    ep_rew_mean          | -707        |
| time/                   |             |
|    fps                  | 439         |
|    iterations           | 63          |
|    time_elapsed         | 293         |
|    total_timesteps      | 129024      |
| train/                  |             |
|    approx_kl            | 0.019295208 |
|    clip_fraction        | 0.198       |
|    clip_range           | 0.2         |
|    entropy_loss         | -16.7       |
|    explained_variance   | 0.799       |
|    learning_rate        | 0.0003      |
|    loss                 | 0.606       |
|    n_updates            | 620         |
|    policy_gradient_loss | -0.00789    |
|    std                  | 0.977       |
|    value_loss           | 3.71        |
-----------------------------------------
-----------------------------------------
| rollout/                |             |
|    ep_len_mean          | 8.93e+03    |
|    ep_rew_mean          | -707        |
| time/                   |             |
|    fps                  | 439         |
|    iterations           | 64          |
|    time_elapsed         | 298         |
|    total_timesteps      | 131072      |
| train/                  |             |
|    approx_kl            | 0.030022949 |
|    clip_fraction        | 0.262       |
|    clip_range           | 0.2         |
|    entropy_loss         | -16.7       |
|    explained_variance   | 0.954       |
|    learning_rate        | 0.0003      |
|    loss                 | 0.489       |
|    n_updates            | 630         |
|    policy_gradient_loss | -0.0106     |
|    std                  | 0.977       |
|    value_loss           | 1.51        |
-----------------------------------------
-----------------------------------------
| rollout/                |             |
|    ep_len_mean          | 8.93e+03    |
|    ep_rew_mean          | -707        |
| time/                   |             |
|    fps                  | 439         |
|    iterations           | 65          |
|    time_elapsed         | 302         |
|    total_timesteps      | 133120      |
| train/                  |             |
|    approx_kl            | 0.018771406 |
|    clip_fraction        | 0.238       |
|    clip_range           | 0.2         |
|    entropy_loss         | -16.7       |
|    explained_variance   | 0.973       |
|    learning_rate        | 0.0003      |
|    loss                 | 0.623       |
|    n_updates            | 640         |
|    policy_gradient_loss | -0.0119     |
|    std                  | 0.975       |
|    value_loss           | 1.41        |
-----------------------------------------
-----------------------------------------
| rollout/                |             |
|    ep_len_mean          | 8.93e+03    |
|    ep_rew_mean          | -707        |
| time/                   |             |
|    fps                  | 439         |
|    iterations           | 66          |
|    time_elapsed         | 307         |
|    total_timesteps      | 135168      |
| train/                  |             |
|    approx_kl            | 0.017087745 |
|    clip_fraction        | 0.185       |
|    clip_range           | 0.2         |
|    entropy_loss         | -16.7       |
|    explained_variance   | 0.959       |
|    learning_rate        | 0.0003      |
|    loss                 | 0.665       |
|    n_updates            | 650         |
|    policy_gradient_loss | -0.0151     |
|    std                  | 0.973       |
|    value_loss           | 2.45        |
-----------------------------------------
-----------------------------------------
| rollout/                |             |
|    ep_len_mean          | 8.93e+03    |
|    ep_rew_mean          | -707        |
| time/                   |             |
|    fps                  | 439         |
|    iterations           | 67          |
|    time_elapsed         | 311         |
|    total_timesteps      | 137216      |
| train/                  |             |
|    approx_kl            | 0.014663219 |
|    clip_fraction        | 0.143       |
|    clip_range           | 0.2         |
|    entropy_loss         | -16.7       |
|    explained_variance   | 0.86        |
|    learning_rate        | 0.0003      |
|    loss                 | 0.941       |
|    n_updates            | 660         |
|    policy_gradient_loss | -0.013      |
|    std                  | 0.97        |
|    value_loss           | 6.63        |
-----------------------------------------
-----------------------------------------
| rollout/                |             |
|    ep_len_mean          | 8.93e+03    |
|    ep_rew_mean          | -707        |
| time/                   |             |
|    fps                  | 440         |
|    iterations           | 68          |
|    time_elapsed         | 316         |
|    total_timesteps      | 139264      |
| train/                  |             |
|    approx_kl            | 0.027230302 |
|    clip_fraction        | 0.249       |
|    clip_range           | 0.2         |
|    entropy_loss         | -16.6       |
|    explained_variance   | 0.945       |
|    learning_rate        | 0.0003      |
|    loss                 | 0.451       |
|    n_updates            | 670         |
|    policy_gradient_loss | -0.0145     |
|    std                  | 0.967       |
|    value_loss           | 1.98        |
-----------------------------------------
-----------------------------------------
| rollout/                |             |
|    ep_len_mean          | 8.93e+03    |
|    ep_rew_mean          | -707        |
| time/                   |             |
|    fps                  | 440         |
|    iterations           | 69          |
|    time_elapsed         | 320         |
|    total_timesteps      | 141312      |
| train/                  |             |
|    approx_kl            | 0.015556913 |
|    clip_fraction        | 0.203       |
|    clip_range           | 0.2         |
|    entropy_loss         | -16.6       |
|    explained_variance   | 0.968       |
|    learning_rate        | 0.0003      |
|    loss                 | 1.03        |
|    n_updates            | 680         |
|    policy_gradient_loss | -0.0157     |
|    std                  | 0.964       |
|    value_loss           | 2.78        |
-----------------------------------------
-----------------------------------------
| rollout/                |             |
|    ep_len_mean          | 8.93e+03    |
|    ep_rew_mean          | -707        |
| time/                   |             |
|    fps                  | 440         |
|    iterations           | 70          |
|    time_elapsed         | 325         |
|    total_timesteps      | 143360      |
| train/                  |             |
|    approx_kl            | 0.014689227 |
|    clip_fraction        | 0.164       |
|    clip_range           | 0.2         |
|    entropy_loss         | -16.6       |
|    explained_variance   | 0.974       |
|    learning_rate        | 0.0003      |
|    loss                 | 1.72        |
|    n_updates            | 690         |
|    policy_gradient_loss | -0.0137     |
|    std                  | 0.964       |
|    value_loss           | 4.08        |
-----------------------------------------
-----------------------------------------
| rollout/                |             |
|    ep_len_mean          | 8.93e+03    |
|    ep_rew_mean          | -707        |
| time/                   |             |
|    fps                  | 441         |
|    iterations           | 71          |
|    time_elapsed         | 329         |
|    total_timesteps      | 145408      |
| train/                  |             |
|    approx_kl            | 0.012915621 |
|    clip_fraction        | 0.122       |
|    clip_range           | 0.2         |
|    entropy_loss         | -16.6       |
|    explained_variance   | 0.723       |
|    learning_rate        | 0.0003      |
|    loss                 | 2.74        |
|    n_updates            | 700         |
|    policy_gradient_loss | -0.0133     |
|    std                  | 0.965       |
|    value_loss           | 7.75        |
-----------------------------------------
-----------------------------------------
| rollout/                |             |
|    ep_len_mean          | 8.93e+03    |
|    ep_rew_mean          | -707        |
| time/                   |             |
|    fps                  | 441         |
|    iterations           | 72          |
|    time_elapsed         | 334         |
|    total_timesteps      | 147456      |
| train/                  |             |
|    approx_kl            | 0.028714268 |
|    clip_fraction        | 0.319       |
|    clip_range           | 0.2         |
|    entropy_loss         | -16.6       |
|    explained_variance   | 0.983       |
|    learning_rate        | 0.0003      |
|    loss                 | 0.365       |
|    n_updates            | 710         |
|    policy_gradient_loss | -0.00463    |
|    std                  | 0.966       |
|    value_loss           | 1.52        |
-----------------------------------------
-----------------------------------------
| rollout/                |             |
|    ep_len_mean          | 8.93e+03    |
|    ep_rew_mean          | -707        |
| time/                   |             |
|    fps                  | 441         |
|    iterations           | 73          |
|    time_elapsed         | 338         |
|    total_timesteps      | 149504      |
| train/                  |             |
|    approx_kl            | 0.019645303 |
|    clip_fraction        | 0.266       |
|    clip_range           | 0.2         |
|    entropy_loss         | -16.6       |
|    explained_variance   | 0.935       |
|    learning_rate        | 0.0003      |
|    loss                 | 0.799       |
|    n_updates            | 720         |
|    policy_gradient_loss | -0.0155     |
|    std                  | 0.966       |
|    value_loss           | 1.9         |
-----------------------------------------
-----------------------------------------
| rollout/                |             |
|    ep_len_mean          | 8.93e+03    |
|    ep_rew_mean          | -707        |
| time/                   |             |
|    fps                  | 441         |
|    iterations           | 74          |
|    time_elapsed         | 343         |
|    total_timesteps      | 151552      |
| train/                  |             |
|    approx_kl            | 0.015935078 |
|    clip_fraction        | 0.181       |
|    clip_range           | 0.2         |
|    entropy_loss         | -16.6       |
|    explained_variance   | 0.964       |
|    learning_rate        | 0.0003      |
|    loss                 | 0.916       |
|    n_updates            | 730         |
|    policy_gradient_loss | -0.0144     |
|    std                  | 0.966       |
|    value_loss           | 2.44        |
-----------------------------------------
----------------------------------------
| rollout/                |            |
|    ep_len_mean          | 8.93e+03   |
|    ep_rew_mean          | -707       |
| time/                   |            |
|    fps                  | 441        |
|    iterations           | 75         |
|    time_elapsed         | 347        |
|    total_timesteps      | 153600     |
| train/                  |            |
|    approx_kl            | 0.01779075 |
|    clip_fraction        | 0.217      |
|    clip_range           | 0.2        |
|    entropy_loss         | -16.6      |
|    explained_variance   | 0.977      |
|    learning_rate        | 0.0003     |
|    loss                 | 1.12       |
|    n_updates            | 740        |
|    policy_gradient_loss | -0.0127    |
|    std                  | 0.967      |
|    value_loss           | 2.81       |
----------------------------------------
------------------------------------------
| rollout/                |              |
|    ep_len_mean          | 8.93e+03     |
|    ep_rew_mean          | -707         |
| time/                   |              |
|    fps                  | 442          |
|    iterations           | 76           |
|    time_elapsed         | 352          |
|    total_timesteps      | 155648       |
| train/                  |              |
|    approx_kl            | 0.0129840225 |
|    clip_fraction        | 0.173        |
|    clip_range           | 0.2          |
|    entropy_loss         | -16.6        |
|    explained_variance   | 0.707        |
|    learning_rate        | 0.0003       |
|    loss                 | 1.04         |
|    n_updates            | 750          |
|    policy_gradient_loss | -0.011       |
|    std                  | 0.964        |
|    value_loss           | 6.43         |
------------------------------------------
-----------------------------------------
| rollout/                |             |
|    ep_len_mean          | 8.93e+03    |
|    ep_rew_mean          | -707        |
| time/                   |             |
|    fps                  | 442         |
|    iterations           | 77          |
|    time_elapsed         | 356         |
|    total_timesteps      | 157696      |
| train/                  |             |
|    approx_kl            | 0.017265249 |
|    clip_fraction        | 0.272       |
|    clip_range           | 0.2         |
|    entropy_loss         | -16.5       |
|    explained_variance   | 0.966       |
|    learning_rate        | 0.0003      |
|    loss                 | 0.414       |
|    n_updates            | 760         |
|    policy_gradient_loss | -0.00846    |
|    std                  | 0.964       |
|    value_loss           | 1.95        |
-----------------------------------------
-----------------------------------------
| rollout/                |             |
|    ep_len_mean          | 8.93e+03    |
|    ep_rew_mean          | -707        |
| time/                   |             |
|    fps                  | 442         |
|    iterations           | 78          |
|    time_elapsed         | 360         |
|    total_timesteps      | 159744      |
| train/                  |             |
|    approx_kl            | 0.019636318 |
|    clip_fraction        | 0.248       |
|    clip_range           | 0.2         |
|    entropy_loss         | -16.5       |
|    explained_variance   | 0.981       |
|    learning_rate        | 0.0003      |
|    loss                 | 0.855       |
|    n_updates            | 770         |
|    policy_gradient_loss | -0.0122     |
|    std                  | 0.96        |
|    value_loss           | 1.69        |
-----------------------------------------
-----------------------------------------
| rollout/                |             |
|    ep_len_mean          | 8.93e+03    |
|    ep_rew_mean          | -708        |
| time/                   |             |
|    fps                  | 443         |
|    iterations           | 79          |
|    time_elapsed         | 365         |
|    total_timesteps      | 161792      |
| train/                  |             |
|    approx_kl            | 0.016631728 |
|    clip_fraction        | 0.176       |
|    clip_range           | 0.2         |
|    entropy_loss         | -16.5       |
|    explained_variance   | 0.965       |
|    learning_rate        | 0.0003      |
|    loss                 | 0.861       |
|    n_updates            | 780         |
|    policy_gradient_loss | -0.0118     |
|    std                  | 0.959       |
|    value_loss           | 2.9         |
-----------------------------------------
-----------------------------------------
| rollout/                |             |
|    ep_len_mean          | 8.93e+03    |
|    ep_rew_mean          | -708        |
| time/                   |             |
|    fps                  | 443         |
|    iterations           | 80          |
|    time_elapsed         | 369         |
|    total_timesteps      | 163840      |
| train/                  |             |
|    approx_kl            | 0.015590143 |
|    clip_fraction        | 0.168       |
|    clip_range           | 0.2         |
|    entropy_loss         | -16.5       |
|    explained_variance   | 0.783       |
|    learning_rate        | 0.0003      |
|    loss                 | 2.43        |
|    n_updates            | 790         |
|    policy_gradient_loss | -0.0145     |
|    std                  | 0.962       |
|    value_loss           | 8.72        |
-----------------------------------------
-----------------------------------------
| rollout/                |             |
|    ep_len_mean          | 8.93e+03    |
|    ep_rew_mean          | -708        |
| time/                   |             |
|    fps                  | 443         |
|    iterations           | 81          |
|    time_elapsed         | 374         |
|    total_timesteps      | 165888      |
| train/                  |             |
|    approx_kl            | 0.029306449 |
|    clip_fraction        | 0.35        |
|    clip_range           | 0.2         |
|    entropy_loss         | -16.5       |
|    explained_variance   | 0.925       |
|    learning_rate        | 0.0003      |
|    loss                 | 0.304       |
|    n_updates            | 800         |
|    policy_gradient_loss | -0.00713    |
|    std                  | 0.958       |
|    value_loss           | 1.16        |
-----------------------------------------
-----------------------------------------
| rollout/                |             |
|    ep_len_mean          | 8.93e+03    |
|    ep_rew_mean          | -708        |
| time/                   |             |
|    fps                  | 443         |
|    iterations           | 82          |
|    time_elapsed         | 378         |
|    total_timesteps      | 167936      |
| train/                  |             |
|    approx_kl            | 0.016471492 |
|    clip_fraction        | 0.215       |
|    clip_range           | 0.2         |
|    entropy_loss         | -16.5       |
|    explained_variance   | 0.958       |
|    learning_rate        | 0.0003      |
|    loss                 | 0.807       |
|    n_updates            | 810         |
|    policy_gradient_loss | -0.0134     |
|    std                  | 0.957       |
|    value_loss           | 2.29        |
-----------------------------------------
-----------------------------------------
| rollout/                |             |
|    ep_len_mean          | 8.93e+03    |
|    ep_rew_mean          | -709        |
| time/                   |             |
|    fps                  | 443         |
|    iterations           | 83          |
|    time_elapsed         | 383         |
|    total_timesteps      | 169984      |
| train/                  |             |
|    approx_kl            | 0.020539476 |
|    clip_fraction        | 0.209       |
|    clip_range           | 0.2         |
|    entropy_loss         | -16.5       |
|    explained_variance   | 0.969       |
|    learning_rate        | 0.0003      |
|    loss                 | 0.554       |
|    n_updates            | 820         |
|    policy_gradient_loss | -0.013      |
|    std                  | 0.959       |
|    value_loss           | 2.44        |
-----------------------------------------
------------------------------------------
| rollout/                |              |
|    ep_len_mean          | 8.93e+03     |
|    ep_rew_mean          | -709         |
| time/                   |              |
|    fps                  | 444          |
|    iterations           | 84           |
|    time_elapsed         | 387          |
|    total_timesteps      | 172032       |
| train/                  |              |
|    approx_kl            | 0.0132572185 |
|    clip_fraction        | 0.116        |
|    clip_range           | 0.2          |
|    entropy_loss         | -16.5        |
|    explained_variance   | 0.642        |
|    learning_rate        | 0.0003       |
|    loss                 | 3.06         |
|    n_updates            | 830          |
|    policy_gradient_loss | -0.0103      |
|    std                  | 0.957        |
|    value_loss           | 9.59         |
------------------------------------------
-----------------------------------------
| rollout/                |             |
|    ep_len_mean          | 8.93e+03    |
|    ep_rew_mean          | -709        |
| time/                   |             |
|    fps                  | 444         |
|    iterations           | 85          |
|    time_elapsed         | 391         |
|    total_timesteps      | 174080      |
| train/                  |             |
|    approx_kl            | 0.027748115 |
|    clip_fraction        | 0.323       |
|    clip_range           | 0.2         |
|    entropy_loss         | -16.4       |
|    explained_variance   | 0.977       |
|    learning_rate        | 0.0003      |
|    loss                 | 0.384       |
|    n_updates            | 840         |
|    policy_gradient_loss | -0.00717    |
|    std                  | 0.953       |
|    value_loss           | 1.2         |
-----------------------------------------
---------------------------------------
| rollout/                |           |
|    ep_len_mean          | 8.93e+03  |
|    ep_rew_mean          | -709      |
| time/                   |           |
|    fps                  | 444       |
|    iterations           | 86        |
|    time_elapsed         | 396       |
|    total_timesteps      | 176128    |
| train/                  |           |
|    approx_kl            | 0.0259027 |
|    clip_fraction        | 0.267     |
|    clip_range           | 0.2       |
|    entropy_loss         | -16.4     |
|    explained_variance   | 0.934     |
|    learning_rate        | 0.0003    |
|    loss                 | 0.3       |
|    n_updates            | 850       |
|    policy_gradient_loss | -0.0131   |
|    std                  | 0.954     |
|    value_loss           | 1.31      |
---------------------------------------
-----------------------------------------
| rollout/                |             |
|    ep_len_mean          | 8.93e+03    |
|    ep_rew_mean          | -709        |
| time/                   |             |
|    fps                  | 444         |
|    iterations           | 87          |
|    time_elapsed         | 400         |
|    total_timesteps      | 178176      |
| train/                  |             |
|    approx_kl            | 0.021080656 |
|    clip_fraction        | 0.254       |
|    clip_range           | 0.2         |
|    entropy_loss         | -16.4       |
|    explained_variance   | 0.973       |
|    learning_rate        | 0.0003      |
|    loss                 | 0.445       |
|    n_updates            | 860         |
|    policy_gradient_loss | -0.0139     |
|    std                  | 0.952       |
|    value_loss           | 1.23        |
-----------------------------------------
-----------------------------------------
| rollout/                |             |
|    ep_len_mean          | 8.93e+03    |
|    ep_rew_mean          | -709        |
| time/                   |             |
|    fps                  | 444         |
|    iterations           | 88          |
|    time_elapsed         | 405         |
|    total_timesteps      | 180224      |
| train/                  |             |
|    approx_kl            | 0.024521893 |
|    clip_fraction        | 0.26        |
|    clip_range           | 0.2         |
|    entropy_loss         | -16.4       |
|    explained_variance   | 0.975       |
|    learning_rate        | 0.0003      |
|    loss                 | 0.676       |
|    n_updates            | 870         |
|    policy_gradient_loss | -0.0154     |
|    std                  | 0.953       |
|    value_loss           | 1.62        |
-----------------------------------------
-----------------------------------------
| rollout/                |             |
|    ep_len_mean          | 8.93e+03    |
|    ep_rew_mean          | -709        |
| time/                   |             |
|    fps                  | 444         |
|    iterations           | 89          |
|    time_elapsed         | 409         |
|    total_timesteps      | 182272      |
| train/                  |             |
|    approx_kl            | 0.018119717 |
|    clip_fraction        | 0.234       |
|    clip_range           | 0.2         |
|    entropy_loss         | -16.4       |
|    explained_variance   | 0.586       |
|    learning_rate        | 0.0003      |
|    loss                 | 1.74        |
|    n_updates            | 880         |
|    policy_gradient_loss | -0.00762    |
|    std                  | 0.952       |
|    value_loss           | 9.07        |
-----------------------------------------
----------------------------------------
| rollout/                |            |
|    ep_len_mean          | 8.93e+03   |
|    ep_rew_mean          | -709       |
| time/                   |            |
|    fps                  | 444        |
|    iterations           | 90         |
|    time_elapsed         | 414        |
|    total_timesteps      | 184320     |
| train/                  |            |
|    approx_kl            | 0.01872536 |
|    clip_fraction        | 0.281      |
|    clip_range           | 0.2        |
|    entropy_loss         | -16.4      |
|    explained_variance   | 0.962      |
|    learning_rate        | 0.0003     |
|    loss                 | 0.482      |
|    n_updates            | 890        |
|    policy_gradient_loss | -0.00424   |
|    std                  | 0.953      |
|    value_loss           | 1.49       |
----------------------------------------
-----------------------------------------
| rollout/                |             |
|    ep_len_mean          | 8.93e+03    |
|    ep_rew_mean          | -709        |
| time/                   |             |
|    fps                  | 445         |
|    iterations           | 91          |
|    time_elapsed         | 418         |
|    total_timesteps      | 186368      |
| train/                  |             |
|    approx_kl            | 0.020066073 |
|    clip_fraction        | 0.266       |
|    clip_range           | 0.2         |
|    entropy_loss         | -16.4       |
|    explained_variance   | 0.98        |
|    learning_rate        | 0.0003      |
|    loss                 | 0.511       |
|    n_updates            | 900         |
|    policy_gradient_loss | -0.00848    |
|    std                  | 0.956       |
|    value_loss           | 1.21        |
-----------------------------------------
----------------------------------------
| rollout/                |            |
|    ep_len_mean          | 8.93e+03   |
|    ep_rew_mean          | -710       |
| time/                   |            |
|    fps                  | 445        |
|    iterations           | 92         |
|    time_elapsed         | 423        |
|    total_timesteps      | 188416     |
| train/                  |            |
|    approx_kl            | 0.01685606 |
|    clip_fraction        | 0.192      |
|    clip_range           | 0.2        |
|    entropy_loss         | -16.4      |
|    explained_variance   | 0.931      |
|    learning_rate        | 0.0003     |
|    loss                 | 0.57       |
|    n_updates            | 910        |
|    policy_gradient_loss | -0.0118    |
|    std                  | 0.953      |
|    value_loss           | 2.3        |
----------------------------------------
-----------------------------------------
| rollout/                |             |
|    ep_len_mean          | 8.93e+03    |
|    ep_rew_mean          | -710        |
| time/                   |             |
|    fps                  | 445         |
|    iterations           | 93          |
|    time_elapsed         | 427         |
|    total_timesteps      | 190464      |
| train/                  |             |
|    approx_kl            | 0.020116635 |
|    clip_fraction        | 0.196       |
|    clip_range           | 0.2         |
|    entropy_loss         | -16.4       |
|    explained_variance   | 0.768       |
|    learning_rate        | 0.0003      |
|    loss                 | 1.47        |
|    n_updates            | 920         |
|    policy_gradient_loss | -0.0121     |
|    std                  | 0.954       |
|    value_loss           | 10.3        |
-----------------------------------------
----------------------------------------
| rollout/                |            |
|    ep_len_mean          | 8.93e+03   |
|    ep_rew_mean          | -710       |
| time/                   |            |
|    fps                  | 444        |
|    iterations           | 94         |
|    time_elapsed         | 432        |
|    total_timesteps      | 192512     |
| train/                  |            |
|    approx_kl            | 0.01950914 |
|    clip_fraction        | 0.224      |
|    clip_range           | 0.2        |
|    entropy_loss         | -16.4      |
|    explained_variance   | 0.963      |
|    learning_rate        | 0.0003     |
|    loss                 | 0.714      |
|    n_updates            | 930        |
|    policy_gradient_loss | -0.00832   |
|    std                  | 0.954      |
|    value_loss           | 1.7        |
----------------------------------------
-----------------------------------------
| rollout/                |             |
|    ep_len_mean          | 8.93e+03    |
|    ep_rew_mean          | -710        |
| time/                   |             |
|    fps                  | 444         |
|    iterations           | 95          |
|    time_elapsed         | 437         |
|    total_timesteps      | 194560      |
| train/                  |             |
|    approx_kl            | 0.019608796 |
|    clip_fraction        | 0.239       |
|    clip_range           | 0.2         |
|    entropy_loss         | -16.4       |
|    explained_variance   | 0.96        |
|    learning_rate        | 0.0003      |
|    loss                 | 0.527       |
|    n_updates            | 940         |
|    policy_gradient_loss | -0.017      |
|    std                  | 0.954       |
|    value_loss           | 1.39        |
-----------------------------------------
-----------------------------------------
| rollout/                |             |
|    ep_len_mean          | 8.93e+03    |
|    ep_rew_mean          | -710        |
| time/                   |             |
|    fps                  | 443         |
|    iterations           | 96          |
|    time_elapsed         | 442         |
|    total_timesteps      | 196608      |
| train/                  |             |
|    approx_kl            | 0.020258386 |
|    clip_fraction        | 0.231       |
|    clip_range           | 0.2         |
|    entropy_loss         | -16.4       |
|    explained_variance   | 0.967       |
|    learning_rate        | 0.0003      |
|    loss                 | 0.418       |
|    n_updates            | 950         |
|    policy_gradient_loss | -0.013      |
|    std                  | 0.955       |
|    value_loss           | 1.29        |
-----------------------------------------
------------------------------------------
| rollout/                |              |
|    ep_len_mean          | 8.93e+03     |
|    ep_rew_mean          | -710         |
| time/                   |              |
|    fps                  | 443          |
|    iterations           | 97           |
|    time_elapsed         | 447          |
|    total_timesteps      | 198656       |
| train/                  |              |
|    approx_kl            | 0.0154595245 |
|    clip_fraction        | 0.206        |
|    clip_range           | 0.2          |
|    entropy_loss         | -16.4        |
|    explained_variance   | 0.62         |
|    learning_rate        | 0.0003       |
|    loss                 | 1.48         |
|    n_updates            | 960          |
|    policy_gradient_loss | -0.0117      |
|    std                  | 0.953        |
|    value_loss           | 9.13         |
------------------------------------------
-----------------------------------------
| rollout/                |             |
|    ep_len_mean          | 8.93e+03    |
|    ep_rew_mean          | -710        |
| time/                   |             |
|    fps                  | 443         |
|    iterations           | 98          |
|    time_elapsed         | 452         |
|    total_timesteps      | 200704      |
| train/                  |             |
|    approx_kl            | 0.029858151 |
|    clip_fraction        | 0.319       |
|    clip_range           | 0.2         |
|    entropy_loss         | -16.4       |
|    explained_variance   | 0.976       |
|    learning_rate        | 0.0003      |
|    loss                 | 0.357       |
|    n_updates            | 970         |
|    policy_gradient_loss | -0.0104     |
|    std                  | 0.956       |
|    value_loss           | 1.01        |
-----------------------------------------
---------------------------------------
| rollout/                |           |
|    ep_len_mean          | 8.93e+03  |
|    ep_rew_mean          | -710      |
| time/                   |           |
|    fps                  | 443       |
|    iterations           | 99        |
|    time_elapsed         | 456       |
|    total_timesteps      | 202752    |
| train/                  |           |
|    approx_kl            | 0.0248251 |
|    clip_fraction        | 0.275     |
|    clip_range           | 0.2       |
|    entropy_loss         | -16.4     |
|    explained_variance   | 0.96      |
|    learning_rate        | 0.0003    |
|    loss                 | 0.291     |
|    n_updates            | 980       |
|    policy_gradient_loss | -0.0119   |
|    std                  | 0.953     |
|    value_loss           | 1.05      |
---------------------------------------
---------------------------------------
| rollout/                |           |
|    ep_len_mean          | 8.93e+03  |
|    ep_rew_mean          | -710      |
| time/                   |           |
|    fps                  | 443       |
|    iterations           | 100       |
|    time_elapsed         | 461       |
|    total_timesteps      | 204800    |
| train/                  |           |
|    approx_kl            | 0.0268992 |
|    clip_fraction        | 0.274     |
|    clip_range           | 0.2       |
|    entropy_loss         | -16.4     |
|    explained_variance   | 0.982     |
|    learning_rate        | 0.0003    |
|    loss                 | 0.276     |
|    n_updates            | 990       |
|    policy_gradient_loss | -0.0139   |
|    std                  | 0.953     |
|    value_loss           | 0.81      |
---------------------------------------
-----------------------------------------
| rollout/                |             |
|    ep_len_mean          | 8.93e+03    |
|    ep_rew_mean          | -710        |
| time/                   |             |
|    fps                  | 443         |
|    iterations           | 101         |
|    time_elapsed         | 466         |
|    total_timesteps      | 206848      |
| train/                  |             |
|    approx_kl            | 0.018701332 |
|    clip_fraction        | 0.239       |
|    clip_range           | 0.2         |
|    entropy_loss         | -16.4       |
|    explained_variance   | 0.974       |
|    learning_rate        | 0.0003      |
|    loss                 | 0.282       |
|    n_updates            | 1000        |
|    policy_gradient_loss | -0.0109     |
|    std                  | 0.949       |
|    value_loss           | 1.17        |
-----------------------------------------
-----------------------------------------
| rollout/                |             |
|    ep_len_mean          | 8.93e+03    |
|    ep_rew_mean          | -710        |
| time/                   |             |
|    fps                  | 442         |
|    iterations           | 102         |
|    time_elapsed         | 472         |
|    total_timesteps      | 208896      |
| train/                  |             |
|    approx_kl            | 0.012692947 |
|    clip_fraction        | 0.153       |
|    clip_range           | 0.2         |
|    entropy_loss         | -16.3       |
|    explained_variance   | 0.703       |
|    learning_rate        | 0.0003      |
|    loss                 | 0.49        |
|    n_updates            | 1010        |
|    policy_gradient_loss | -0.00731    |
|    std                  | 0.946       |
|    value_loss           | 10.6        |
-----------------------------------------
-----------------------------------------
| rollout/                |             |
|    ep_len_mean          | 8.93e+03    |
|    ep_rew_mean          | -710        |
| time/                   |             |
|    fps                  | 441         |
|    iterations           | 103         |
|    time_elapsed         | 478         |
|    total_timesteps      | 210944      |
| train/                  |             |
|    approx_kl            | 0.019347502 |
|    clip_fraction        | 0.198       |
|    clip_range           | 0.2         |
|    entropy_loss         | -16.3       |
|    explained_variance   | 0.951       |
|    learning_rate        | 0.0003      |
|    loss                 | 0.671       |
|    n_updates            | 1020        |
|    policy_gradient_loss | -0.012      |
|    std                  | 0.946       |
|    value_loss           | 1.64        |
-----------------------------------------
-----------------------------------------
| rollout/                |             |
|    ep_len_mean          | 8.93e+03    |
|    ep_rew_mean          | -710        |
| time/                   |             |
|    fps                  | 440         |
|    iterations           | 104         |
|    time_elapsed         | 483         |
|    total_timesteps      | 212992      |
| train/                  |             |
|    approx_kl            | 0.016877707 |
|    clip_fraction        | 0.24        |
|    clip_range           | 0.2         |
|    entropy_loss         | -16.3       |
|    explained_variance   | 0.972       |
|    learning_rate        | 0.0003      |
|    loss                 | 0.423       |
|    n_updates            | 1030        |
|    policy_gradient_loss | -0.0145     |
|    std                  | 0.943       |
|    value_loss           | 1.22        |
-----------------------------------------
-----------------------------------------
| rollout/                |             |
|    ep_len_mean          | 8.93e+03    |
|    ep_rew_mean          | -710        |
| time/                   |             |
|    fps                  | 439         |
|    iterations           | 105         |
|    time_elapsed         | 489         |
|    total_timesteps      | 215040      |
| train/                  |             |
|    approx_kl            | 0.020355474 |
|    clip_fraction        | 0.226       |
|    clip_range           | 0.2         |
|    entropy_loss         | -16.2       |
|    explained_variance   | 0.968       |
|    learning_rate        | 0.0003      |
|    loss                 | 0.437       |
|    n_updates            | 1040        |
|    policy_gradient_loss | -0.0104     |
|    std                  | 0.939       |
|    value_loss           | 1.46        |
-----------------------------------------
-----------------------------------------
| rollout/                |             |
|    ep_len_mean          | 8.93e+03    |
|    ep_rew_mean          | -710        |
| time/                   |             |
|    fps                  | 438         |
|    iterations           | 106         |
|    time_elapsed         | 494         |
|    total_timesteps      | 217088      |
| train/                  |             |
|    approx_kl            | 0.013483008 |
|    clip_fraction        | 0.153       |
|    clip_range           | 0.2         |
|    entropy_loss         | -16.2       |
|    explained_variance   | 0.768       |
|    learning_rate        | 0.0003      |
|    loss                 | 11.9        |
|    n_updates            | 1050        |
|    policy_gradient_loss | -0.00953    |
|    std                  | 0.936       |
|    value_loss           | 9.46        |
-----------------------------------------
-----------------------------------------
| rollout/                |             |
|    ep_len_mean          | 8.93e+03    |
|    ep_rew_mean          | -710        |
| time/                   |             |
|    fps                  | 438         |
|    iterations           | 107         |
|    time_elapsed         | 500         |
|    total_timesteps      | 219136      |
| train/                  |             |
|    approx_kl            | 0.018935207 |
|    clip_fraction        | 0.256       |
|    clip_range           | 0.2         |
|    entropy_loss         | -16.2       |
|    explained_variance   | 0.977       |
|    learning_rate        | 0.0003      |
|    loss                 | 0.299       |
|    n_updates            | 1060        |
|    policy_gradient_loss | -0.0107     |
|    std                  | 0.935       |
|    value_loss           | 1.26        |
-----------------------------------------
-----------------------------------------
| rollout/                |             |
|    ep_len_mean          | 8.93e+03    |
|    ep_rew_mean          | -710        |
| time/                   |             |
|    fps                  | 437         |
|    iterations           | 108         |
|    time_elapsed         | 505         |
|    total_timesteps      | 221184      |
| train/                  |             |
|    approx_kl            | 0.019216469 |
|    clip_fraction        | 0.224       |
|    clip_range           | 0.2         |
|    entropy_loss         | -16.2       |
|    explained_variance   | 0.946       |
|    learning_rate        | 0.0003      |
|    loss                 | 0.435       |
|    n_updates            | 1070        |
|    policy_gradient_loss | -0.0114     |
|    std                  | 0.933       |
|    value_loss           | 1.3         |
-----------------------------------------
-----------------------------------------
| rollout/                |             |
|    ep_len_mean          | 8.93e+03    |
|    ep_rew_mean          | -711        |
| time/                   |             |
|    fps                  | 437         |
|    iterations           | 109         |
|    time_elapsed         | 509         |
|    total_timesteps      | 223232      |
| train/                  |             |
|    approx_kl            | 0.018451566 |
|    clip_fraction        | 0.209       |
|    clip_range           | 0.2         |
|    entropy_loss         | -16.2       |
|    explained_variance   | 0.961       |
|    learning_rate        | 0.0003      |
|    loss                 | 0.55        |
|    n_updates            | 1080        |
|    policy_gradient_loss | -0.0156     |
|    std                  | 0.935       |
|    value_loss           | 1.95        |
-----------------------------------------
-----------------------------------------
| rollout/                |             |
|    ep_len_mean          | 8.93e+03    |
|    ep_rew_mean          | -711        |
| time/                   |             |
|    fps                  | 437         |
|    iterations           | 110         |
|    time_elapsed         | 515         |
|    total_timesteps      | 225280      |
| train/                  |             |
|    approx_kl            | 0.009670675 |
|    clip_fraction        | 0.0946      |
|    clip_range           | 0.2         |
|    entropy_loss         | -16.2       |
|    explained_variance   | 0.869       |
|    learning_rate        | 0.0003      |
|    loss                 | 1.6         |
|    n_updates            | 1090        |
|    policy_gradient_loss | -0.00858    |
|    std                  | 0.935       |
|    value_loss           | 9.82        |
-----------------------------------------
-----------------------------------------
| rollout/                |             |
|    ep_len_mean          | 8.93e+03    |
|    ep_rew_mean          | -711        |
| time/                   |             |
|    fps                  | 436         |
|    iterations           | 111         |
|    time_elapsed         | 520         |
|    total_timesteps      | 227328      |
| train/                  |             |
|    approx_kl            | 0.026101153 |
|    clip_fraction        | 0.272       |
|    clip_range           | 0.2         |
|    entropy_loss         | -16.2       |
|    explained_variance   | 0.97        |
|    learning_rate        | 0.0003      |
|    loss                 | 0.773       |
|    n_updates            | 1100        |
|    policy_gradient_loss | -0.012      |
|    std                  | 0.935       |
|    value_loss           | 1.37        |
-----------------------------------------
-----------------------------------------
| rollout/                |             |
|    ep_len_mean          | 8.93e+03    |
|    ep_rew_mean          | -711        |
| time/                   |             |
|    fps                  | 436         |
|    iterations           | 112         |
|    time_elapsed         | 525         |
|    total_timesteps      | 229376      |
| train/                  |             |
|    approx_kl            | 0.019520797 |
|    clip_fraction        | 0.266       |
|    clip_range           | 0.2         |
|    entropy_loss         | -16.2       |
|    explained_variance   | 0.965       |
|    learning_rate        | 0.0003      |
|    loss                 | 0.566       |
|    n_updates            | 1110        |
|    policy_gradient_loss | -0.00896    |
|    std                  | 0.937       |
|    value_loss           | 1.4         |
-----------------------------------------
-----------------------------------------
| rollout/                |             |
|    ep_len_mean          | 8.93e+03    |
|    ep_rew_mean          | -711        |
| time/                   |             |
|    fps                  | 436         |
|    iterations           | 113         |
|    time_elapsed         | 530         |
|    total_timesteps      | 231424      |
| train/                  |             |
|    approx_kl            | 0.022563543 |
|    clip_fraction        | 0.26        |
|    clip_range           | 0.2         |
|    entropy_loss         | -16.2       |
|    explained_variance   | 0.984       |
|    learning_rate        | 0.0003      |
|    loss                 | 0.557       |
|    n_updates            | 1120        |
|    policy_gradient_loss | -0.00943    |
|    std                  | 0.936       |
|    value_loss           | 1.13        |
-----------------------------------------
---------------------------------------
| rollout/                |           |
|    ep_len_mean          | 8.93e+03  |
|    ep_rew_mean          | -711      |
| time/                   |           |
|    fps                  | 436       |
|    iterations           | 114       |
|    time_elapsed         | 535       |
|    total_timesteps      | 233472    |
| train/                  |           |
|    approx_kl            | 0.0245298 |
|    clip_fraction        | 0.234     |
|    clip_range           | 0.2       |
|    entropy_loss         | -16.2     |
|    explained_variance   | 0.97      |
|    learning_rate        | 0.0003    |
|    loss                 | 0.496     |
|    n_updates            | 1130      |
|    policy_gradient_loss | -0.0116   |
|    std                  | 0.939     |
|    value_loss           | 1.56      |
---------------------------------------
-----------------------------------------
| rollout/                |             |
|    ep_len_mean          | 8.93e+03    |
|    ep_rew_mean          | -711        |
| time/                   |             |
|    fps                  | 436         |
|    iterations           | 115         |
|    time_elapsed         | 540         |
|    total_timesteps      | 235520      |
| train/                  |             |
|    approx_kl            | 0.017418556 |
|    clip_fraction        | 0.208       |
|    clip_range           | 0.2         |
|    entropy_loss         | -16.2       |
|    explained_variance   | 0.772       |
|    learning_rate        | 0.0003      |
|    loss                 | 4.27        |
|    n_updates            | 1140        |
|    policy_gradient_loss | -0.00919    |
|    std                  | 0.94        |
|    value_loss           | 9.76        |
-----------------------------------------
-----------------------------------------
| rollout/                |             |
|    ep_len_mean          | 8.93e+03    |
|    ep_rew_mean          | -711        |
| time/                   |             |
|    fps                  | 435         |
|    iterations           | 116         |
|    time_elapsed         | 544         |
|    total_timesteps      | 237568      |
| train/                  |             |
|    approx_kl            | 0.028385215 |
|    clip_fraction        | 0.298       |
|    clip_range           | 0.2         |
|    entropy_loss         | -16.2       |
|    explained_variance   | 0.956       |
|    learning_rate        | 0.0003      |
|    loss                 | 0.434       |
|    n_updates            | 1150        |
|    policy_gradient_loss | -0.0133     |
|    std                  | 0.94        |
|    value_loss           | 1.4         |
-----------------------------------------
-----------------------------------------
| rollout/                |             |
|    ep_len_mean          | 8.93e+03    |
|    ep_rew_mean          | -711        |
| time/                   |             |
|    fps                  | 435         |
|    iterations           | 117         |
|    time_elapsed         | 550         |
|    total_timesteps      | 239616      |
| train/                  |             |
|    approx_kl            | 0.019971399 |
|    clip_fraction        | 0.247       |
|    clip_range           | 0.2         |
|    entropy_loss         | -16.2       |
|    explained_variance   | 0.975       |
|    learning_rate        | 0.0003      |
|    loss                 | 0.445       |
|    n_updates            | 1160        |
|    policy_gradient_loss | -0.0127     |
|    std                  | 0.942       |
|    value_loss           | 1.27        |
-----------------------------------------
-----------------------------------------
| rollout/                |             |
|    ep_len_mean          | 8.93e+03    |
|    ep_rew_mean          | -711        |
| time/                   |             |
|    fps                  | 435         |
|    iterations           | 118         |
|    time_elapsed         | 554         |
|    total_timesteps      | 241664      |
| train/                  |             |
|    approx_kl            | 0.027744718 |
|    clip_fraction        | 0.277       |
|    clip_range           | 0.2         |
|    entropy_loss         | -16.2       |
|    explained_variance   | 0.976       |
|    learning_rate        | 0.0003      |
|    loss                 | 0.651       |
|    n_updates            | 1170        |
|    policy_gradient_loss | -0.0134     |
|    std                  | 0.94        |
|    value_loss           | 1.35        |
-----------------------------------------
-----------------------------------------
| rollout/                |             |
|    ep_len_mean          | 8.93e+03    |
|    ep_rew_mean          | -711        |
| time/                   |             |
|    fps                  | 434         |
|    iterations           | 119         |
|    time_elapsed         | 560         |
|    total_timesteps      | 243712      |
| train/                  |             |
|    approx_kl            | 0.024164472 |
|    clip_fraction        | 0.227       |
|    clip_range           | 0.2         |
|    entropy_loss         | -16.2       |
|    explained_variance   | 0.7         |
|    learning_rate        | 0.0003      |
|    loss                 | 0.649       |
|    n_updates            | 1180        |
|    policy_gradient_loss | -0.00211    |
|    std                  | 0.941       |
|    value_loss           | 10.6        |
-----------------------------------------
----------------------------------------
| rollout/                |            |
|    ep_len_mean          | 8.93e+03   |
|    ep_rew_mean          | -711       |
| time/                   |            |
|    fps                  | 434        |
|    iterations           | 120        |
|    time_elapsed         | 565        |
|    total_timesteps      | 245760     |
| train/                  |            |
|    approx_kl            | 0.02398716 |
|    clip_fraction        | 0.284      |
|    clip_range           | 0.2        |
|    entropy_loss         | -16.2      |
|    explained_variance   | 0.985      |
|    learning_rate        | 0.0003     |
|    loss                 | 0.512      |
|    n_updates            | 1190       |
|    policy_gradient_loss | -0.0128    |
|    std                  | 0.94       |
|    value_loss           | 1.12       |
----------------------------------------
-----------------------------------------
| rollout/                |             |
|    ep_len_mean          | 8.93e+03    |
|    ep_rew_mean          | -711        |
| time/                   |             |
|    fps                  | 434         |
|    iterations           | 121         |
|    time_elapsed         | 570         |
|    total_timesteps      | 247808      |
| train/                  |             |
|    approx_kl            | 0.021926422 |
|    clip_fraction        | 0.246       |
|    clip_range           | 0.2         |
|    entropy_loss         | -16.2       |
|    explained_variance   | 0.943       |
|    learning_rate        | 0.0003      |
|    loss                 | 0.521       |
|    n_updates            | 1200        |
|    policy_gradient_loss | -0.0133     |
|    std                  | 0.945       |
|    value_loss           | 1.39        |
-----------------------------------------
-----------------------------------------
| rollout/                |             |
|    ep_len_mean          | 8.93e+03    |
|    ep_rew_mean          | -711        |
| time/                   |             |
|    fps                  | 433         |
|    iterations           | 122         |
|    time_elapsed         | 576         |
|    total_timesteps      | 249856      |
| train/                  |             |
|    approx_kl            | 0.023702186 |
|    clip_fraction        | 0.264       |
|    clip_range           | 0.2         |
|    entropy_loss         | -16.3       |
|    explained_variance   | 0.976       |
|    learning_rate        | 0.0003      |
|    loss                 | 0.458       |
|    n_updates            | 1210        |
|    policy_gradient_loss | -0.0143     |
|    std                  | 0.943       |
|    value_loss           | 1.31        |
-----------------------------------------
-----------------------------------------
| rollout/                |             |
|    ep_len_mean          | 8.93e+03    |
|    ep_rew_mean          | -710        |
| time/                   |             |
|    fps                  | 433         |
|    iterations           | 123         |
|    time_elapsed         | 581         |
|    total_timesteps      | 251904      |
| train/                  |             |
|    approx_kl            | 0.024380866 |
|    clip_fraction        | 0.277       |
|    clip_range           | 0.2         |
|    entropy_loss         | -16.2       |
|    explained_variance   | 0.979       |
|    learning_rate        | 0.0003      |
|    loss                 | 0.181       |
|    n_updates            | 1220        |
|    policy_gradient_loss | -0.0149     |
|    std                  | 0.941       |
|    value_loss           | 1.26        |
-----------------------------------------
-----------------------------------------
| rollout/                |             |
|    ep_len_mean          | 8.93e+03    |
|    ep_rew_mean          | -710        |
| time/                   |             |
|    fps                  | 432         |
|    iterations           | 124         |
|    time_elapsed         | 586         |
|    total_timesteps      | 253952      |
| train/                  |             |
|    approx_kl            | 0.013564989 |
|    clip_fraction        | 0.173       |
|    clip_range           | 0.2         |
|    entropy_loss         | -16.2       |
|    explained_variance   | 0.425       |
|    learning_rate        | 0.0003      |
|    loss                 | 0.608       |
|    n_updates            | 1230        |
|    policy_gradient_loss | -0.00662    |
|    std                  | 0.939       |
|    value_loss           | 8.48        |
-----------------------------------------
-----------------------------------------
| rollout/                |             |
|    ep_len_mean          | 8.93e+03    |
|    ep_rew_mean          | -710        |
| time/                   |             |
|    fps                  | 432         |
|    iterations           | 125         |
|    time_elapsed         | 591         |
|    total_timesteps      | 256000      |
| train/                  |             |
|    approx_kl            | 0.023145694 |
|    clip_fraction        | 0.241       |
|    clip_range           | 0.2         |
|    entropy_loss         | -16.2       |
|    explained_variance   | 0.963       |
|    learning_rate        | 0.0003      |
|    loss                 | 0.358       |
|    n_updates            | 1240        |
|    policy_gradient_loss | -0.0095     |
|    std                  | 0.935       |
|    value_loss           | 1.59        |
-----------------------------------------
-----------------------------------------
| rollout/                |             |
|    ep_len_mean          | 8.93e+03    |
|    ep_rew_mean          | -710        |
| time/                   |             |
|    fps                  | 432         |
|    iterations           | 126         |
|    time_elapsed         | 597         |
|    total_timesteps      | 258048      |
| train/                  |             |
|    approx_kl            | 0.022148447 |
|    clip_fraction        | 0.281       |
|    clip_range           | 0.2         |
|    entropy_loss         | -16.2       |
|    explained_variance   | 0.983       |
|    learning_rate        | 0.0003      |
|    loss                 | 0.374       |
|    n_updates            | 1250        |
|    policy_gradient_loss | -0.0123     |
|    std                  | 0.938       |
|    value_loss           | 1.07        |
-----------------------------------------
-----------------------------------------
| rollout/                |             |
|    ep_len_mean          | 8.93e+03    |
|    ep_rew_mean          | -710        |
| time/                   |             |
|    fps                  | 432         |
|    iterations           | 127         |
|    time_elapsed         | 601         |
|    total_timesteps      | 260096      |
| train/                  |             |
|    approx_kl            | 0.029525558 |
|    clip_fraction        | 0.254       |
|    clip_range           | 0.2         |
|    entropy_loss         | -16.2       |
|    explained_variance   | 0.967       |
|    learning_rate        | 0.0003      |
|    loss                 | 0.45        |
|    n_updates            | 1260        |
|    policy_gradient_loss | -0.012      |
|    std                  | 0.937       |
|    value_loss           | 1.43        |
-----------------------------------------
-----------------------------------------
| rollout/                |             |
|    ep_len_mean          | 8.93e+03    |
|    ep_rew_mean          | -710        |
| time/                   |             |
|    fps                  | 432         |
|    iterations           | 128         |
|    time_elapsed         | 606         |
|    total_timesteps      | 262144      |
| train/                  |             |
|    approx_kl            | 0.012554046 |
|    clip_fraction        | 0.18        |
|    clip_range           | 0.2         |
|    entropy_loss         | -16.1       |
|    explained_variance   | 0.8         |
|    learning_rate        | 0.0003      |
|    loss                 | 5.19        |
|    n_updates            | 1270        |
|    policy_gradient_loss | -0.00761    |
|    std                  | 0.935       |
|    value_loss           | 9.12        |
-----------------------------------------
-----------------------------------------
| rollout/                |             |
|    ep_len_mean          | 8.93e+03    |
|    ep_rew_mean          | -710        |
| time/                   |             |
|    fps                  | 432         |
|    iterations           | 129         |
|    time_elapsed         | 611         |
|    total_timesteps      | 264192      |
| train/                  |             |
|    approx_kl            | 0.022619247 |
|    clip_fraction        | 0.26        |
|    clip_range           | 0.2         |
|    entropy_loss         | -16.1       |
|    explained_variance   | 0.95        |
|    learning_rate        | 0.0003      |
|    loss                 | 0.419       |
|    n_updates            | 1280        |
|    policy_gradient_loss | -0.0137     |
|    std                  | 0.934       |
|    value_loss           | 1.49        |
-----------------------------------------
----------------------------------------
| rollout/                |            |
|    ep_len_mean          | 8.93e+03   |
|    ep_rew_mean          | -710       |
| time/                   |            |
|    fps                  | 432        |
|    iterations           | 130        |
|    time_elapsed         | 616        |
|    total_timesteps      | 266240     |
| train/                  |            |
|    approx_kl            | 0.02778387 |
|    clip_fraction        | 0.232      |
|    clip_range           | 0.2        |
|    entropy_loss         | -16.1      |
|    explained_variance   | 0.956      |
|    learning_rate        | 0.0003     |
|    loss                 | 0.821      |
|    n_updates            | 1290       |
|    policy_gradient_loss | -0.0159    |
|    std                  | 0.934      |
|    value_loss           | 1.51       |
----------------------------------------
-----------------------------------------
| rollout/                |             |
|    ep_len_mean          | 8.93e+03    |
|    ep_rew_mean          | -710        |
| time/                   |             |
|    fps                  | 431         |
|    iterations           | 131         |
|    time_elapsed         | 621         |
|    total_timesteps      | 268288      |
| train/                  |             |
|    approx_kl            | 0.021200517 |
|    clip_fraction        | 0.228       |
|    clip_range           | 0.2         |
|    entropy_loss         | -16.1       |
|    explained_variance   | 0.969       |
|    learning_rate        | 0.0003      |
|    loss                 | 0.626       |
|    n_updates            | 1300        |
|    policy_gradient_loss | -0.0164     |
|    std                  | 0.934       |
|    value_loss           | 1.53        |
-----------------------------------------
-----------------------------------------
| rollout/                |             |
|    ep_len_mean          | 8.93e+03    |
|    ep_rew_mean          | -710        |
| time/                   |             |
|    fps                  | 431         |
|    iterations           | 132         |
|    time_elapsed         | 625         |
|    total_timesteps      | 270336      |
| train/                  |             |
|    approx_kl            | 0.015290891 |
|    clip_fraction        | 0.211       |
|    clip_range           | 0.2         |
|    entropy_loss         | -16.1       |
|    explained_variance   | 0.678       |
|    learning_rate        | 0.0003      |
|    loss                 | 0.809       |
|    n_updates            | 1310        |
|    policy_gradient_loss | -0.007      |
|    std                  | 0.934       |
|    value_loss           | 10.6        |
-----------------------------------------
-----------------------------------------
| rollout/                |             |
|    ep_len_mean          | 8.93e+03    |
|    ep_rew_mean          | -710        |
| time/                   |             |
|    fps                  | 431         |
|    iterations           | 133         |
|    time_elapsed         | 630         |
|    total_timesteps      | 272384      |
| train/                  |             |
|    approx_kl            | 0.021185026 |
|    clip_fraction        | 0.225       |
|    clip_range           | 0.2         |
|    entropy_loss         | -16.1       |
|    explained_variance   | 0.981       |
|    learning_rate        | 0.0003      |
|    loss                 | 0.356       |
|    n_updates            | 1320        |
|    policy_gradient_loss | -0.0145     |
|    std                  | 0.935       |
|    value_loss           | 1.44        |
-----------------------------------------
-----------------------------------------
| rollout/                |             |
|    ep_len_mean          | 8.93e+03    |
|    ep_rew_mean          | -710        |
| time/                   |             |
|    fps                  | 431         |
|    iterations           | 134         |
|    time_elapsed         | 635         |
|    total_timesteps      | 274432      |
| train/                  |             |
|    approx_kl            | 0.024929347 |
|    clip_fraction        | 0.277       |
|    clip_range           | 0.2         |
|    entropy_loss         | -16.1       |
|    explained_variance   | 0.942       |
|    learning_rate        | 0.0003      |
|    loss                 | 0.421       |
|    n_updates            | 1330        |
|    policy_gradient_loss | -0.0155     |
|    std                  | 0.933       |
|    value_loss           | 1.55        |
-----------------------------------------
-----------------------------------------
| rollout/                |             |
|    ep_len_mean          | 8.93e+03    |
|    ep_rew_mean          | -710        |
| time/                   |             |
|    fps                  | 431         |
|    iterations           | 135         |
|    time_elapsed         | 640         |
|    total_timesteps      | 276480      |
| train/                  |             |
|    approx_kl            | 0.021997672 |
|    clip_fraction        | 0.244       |
|    clip_range           | 0.2         |
|    entropy_loss         | -16.1       |
|    explained_variance   | 0.98        |
|    learning_rate        | 0.0003      |
|    loss                 | 0.428       |
|    n_updates            | 1340        |
|    policy_gradient_loss | -0.0123     |
|    std                  | 0.937       |
|    value_loss           | 1.32        |
-----------------------------------------
-----------------------------------------
| rollout/                |             |
|    ep_len_mean          | 8.93e+03    |
|    ep_rew_mean          | -710        |
| time/                   |             |
|    fps                  | 431         |
|    iterations           | 136         |
|    time_elapsed         | 645         |
|    total_timesteps      | 278528      |
| train/                  |             |
|    approx_kl            | 0.026912427 |
|    clip_fraction        | 0.291       |
|    clip_range           | 0.2         |
|    entropy_loss         | -16.2       |
|    explained_variance   | 0.975       |
|    learning_rate        | 0.0003      |
|    loss                 | 0.479       |
|    n_updates            | 1350        |
|    policy_gradient_loss | -0.0117     |
|    std                  | 0.938       |
|    value_loss           | 1.44        |
-----------------------------------------
-----------------------------------------
| rollout/                |             |
|    ep_len_mean          | 8.93e+03    |
|    ep_rew_mean          | -710        |
| time/                   |             |
|    fps                  | 431         |
|    iterations           | 137         |
|    time_elapsed         | 650         |
|    total_timesteps      | 280576      |
| train/                  |             |
|    approx_kl            | 0.014406246 |
|    clip_fraction        | 0.185       |
|    clip_range           | 0.2         |
|    entropy_loss         | -16.2       |
|    explained_variance   | 0.628       |
|    learning_rate        | 0.0003      |
|    loss                 | 1.5         |
|    n_updates            | 1360        |
|    policy_gradient_loss | -0.00911    |
|    std                  | 0.937       |
|    value_loss           | 9.53        |
-----------------------------------------
-----------------------------------------
| rollout/                |             |
|    ep_len_mean          | 8.93e+03    |
|    ep_rew_mean          | -710        |
| time/                   |             |
|    fps                  | 430         |
|    iterations           | 138         |
|    time_elapsed         | 656         |
|    total_timesteps      | 282624      |
| train/                  |             |
|    approx_kl            | 0.029171478 |
|    clip_fraction        | 0.293       |
|    clip_range           | 0.2         |
|    entropy_loss         | -16.1       |
|    explained_variance   | 0.962       |
|    learning_rate        | 0.0003      |
|    loss                 | 0.346       |
|    n_updates            | 1370        |
|    policy_gradient_loss | -0.0124     |
|    std                  | 0.935       |
|    value_loss           | 1.48        |
-----------------------------------------
-----------------------------------------
| rollout/                |             |
|    ep_len_mean          | 8.93e+03    |
|    ep_rew_mean          | -710        |
| time/                   |             |
|    fps                  | 430         |
|    iterations           | 139         |
|    time_elapsed         | 661         |
|    total_timesteps      | 284672      |
| train/                  |             |
|    approx_kl            | 0.023667898 |
|    clip_fraction        | 0.263       |
|    clip_range           | 0.2         |
|    entropy_loss         | -16.1       |
|    explained_variance   | 0.985       |
|    learning_rate        | 0.0003      |
|    loss                 | 0.565       |
|    n_updates            | 1380        |
|    policy_gradient_loss | -0.012      |
|    std                  | 0.933       |
|    value_loss           | 1.22        |
-----------------------------------------
-----------------------------------------
| rollout/                |             |
|    ep_len_mean          | 8.93e+03    |
|    ep_rew_mean          | -710        |
| time/                   |             |
|    fps                  | 429         |
|    iterations           | 140         |
|    time_elapsed         | 667         |
|    total_timesteps      | 286720      |
| train/                  |             |
|    approx_kl            | 0.022186795 |
|    clip_fraction        | 0.246       |
|    clip_range           | 0.2         |
|    entropy_loss         | -16.1       |
|    explained_variance   | 0.96        |
|    learning_rate        | 0.0003      |
|    loss                 | 0.722       |
|    n_updates            | 1390        |
|    policy_gradient_loss | -0.0161     |
|    std                  | 0.934       |
|    value_loss           | 1.64        |
-----------------------------------------
-----------------------------------------
| rollout/                |             |
|    ep_len_mean          | 8.93e+03    |
|    ep_rew_mean          | -710        |
| time/                   |             |
|    fps                  | 429         |
|    iterations           | 141         |
|    time_elapsed         | 671         |
|    total_timesteps      | 288768      |
| train/                  |             |
|    approx_kl            | 0.024639815 |
|    clip_fraction        | 0.225       |
|    clip_range           | 0.2         |
|    entropy_loss         | -16.1       |
|    explained_variance   | 0.832       |
|    learning_rate        | 0.0003      |
|    loss                 | 2.44        |
|    n_updates            | 1400        |
|    policy_gradient_loss | -0.0064     |
|    std                  | 0.931       |
|    value_loss           | 10.1        |
-----------------------------------------
-----------------------------------------
| rollout/                |             |
|    ep_len_mean          | 8.93e+03    |
|    ep_rew_mean          | -710        |
| time/                   |             |
|    fps                  | 429         |
|    iterations           | 142         |
|    time_elapsed         | 676         |
|    total_timesteps      | 290816      |
| train/                  |             |
|    approx_kl            | 0.030079968 |
|    clip_fraction        | 0.313       |
|    clip_range           | 0.2         |
|    entropy_loss         | -16.1       |
|    explained_variance   | 0.958       |
|    learning_rate        | 0.0003      |
|    loss                 | 0.382       |
|    n_updates            | 1410        |
|    policy_gradient_loss | -0.00638    |
|    std                  | 0.93        |
|    value_loss           | 1.4         |
-----------------------------------------
-----------------------------------------
| rollout/                |             |
|    ep_len_mean          | 8.93e+03    |
|    ep_rew_mean          | -710        |
| time/                   |             |
|    fps                  | 429         |
|    iterations           | 143         |
|    time_elapsed         | 681         |
|    total_timesteps      | 292864      |
| train/                  |             |
|    approx_kl            | 0.021382965 |
|    clip_fraction        | 0.249       |
|    clip_range           | 0.2         |
|    entropy_loss         | -16.1       |
|    explained_variance   | 0.954       |
|    learning_rate        | 0.0003      |
|    loss                 | 0.55        |
|    n_updates            | 1420        |
|    policy_gradient_loss | -0.0115     |
|    std                  | 0.932       |
|    value_loss           | 1.33        |
-----------------------------------------
-----------------------------------------
| rollout/                |             |
|    ep_len_mean          | 8.93e+03    |
|    ep_rew_mean          | -709        |
| time/                   |             |
|    fps                  | 429         |
|    iterations           | 144         |
|    time_elapsed         | 686         |
|    total_timesteps      | 294912      |
| train/                  |             |
|    approx_kl            | 0.021157859 |
|    clip_fraction        | 0.226       |
|    clip_range           | 0.2         |
|    entropy_loss         | -16.1       |
|    explained_variance   | 0.967       |
|    learning_rate        | 0.0003      |
|    loss                 | 1.02        |
|    n_updates            | 1430        |
|    policy_gradient_loss | -0.0141     |
|    std                  | 0.933       |
|    value_loss           | 1.38        |
-----------------------------------------
-----------------------------------------
| rollout/                |             |
|    ep_len_mean          | 8.93e+03    |
|    ep_rew_mean          | -709        |
| time/                   |             |
|    fps                  | 429         |
|    iterations           | 145         |
|    time_elapsed         | 691         |
|    total_timesteps      | 296960      |
| train/                  |             |
|    approx_kl            | 0.012714338 |
|    clip_fraction        | 0.147       |
|    clip_range           | 0.2         |
|    entropy_loss         | -16.1       |
|    explained_variance   | 0.856       |
|    learning_rate        | 0.0003      |
|    loss                 | 3.7         |
|    n_updates            | 1440        |
|    policy_gradient_loss | -0.00691    |
|    std                  | 0.934       |
|    value_loss           | 8.49        |
-----------------------------------------
-----------------------------------------
| rollout/                |             |
|    ep_len_mean          | 8.93e+03    |
|    ep_rew_mean          | -709        |
| time/                   |             |
|    fps                  | 429         |
|    iterations           | 146         |
|    time_elapsed         | 696         |
|    total_timesteps      | 299008      |
| train/                  |             |
|    approx_kl            | 0.024958737 |
|    clip_fraction        | 0.297       |
|    clip_range           | 0.2         |
|    entropy_loss         | -16.1       |
|    explained_variance   | 0.979       |
|    learning_rate        | 0.0003      |
|    loss                 | 0.32        |
|    n_updates            | 1450        |
|    policy_gradient_loss | -0.0106     |
|    std                  | 0.934       |
|    value_loss           | 1.17        |
-----------------------------------------
-----------------------------------------
| rollout/                |             |
|    ep_len_mean          | 8.93e+03    |
|    ep_rew_mean          | -709        |
| time/                   |             |
|    fps                  | 429         |
|    iterations           | 147         |
|    time_elapsed         | 700         |
|    total_timesteps      | 301056      |
| train/                  |             |
|    approx_kl            | 0.022740003 |
|    clip_fraction        | 0.263       |
|    clip_range           | 0.2         |
|    entropy_loss         | -16.1       |
|    explained_variance   | 0.965       |
|    learning_rate        | 0.0003      |
|    loss                 | 0.587       |
|    n_updates            | 1460        |
|    policy_gradient_loss | -0.0167     |
|    std                  | 0.937       |
|    value_loss           | 1.59        |
-----------------------------------------
