# budget_1003520:global:R0_P3:s208
# job: {"algorithm": "PPO", "batch_completion_weight": 1500.0, "batch_size": 64, "candidate": "R0", "deadline_bucket_edges": [1, 3, 6, 12, 24], "evaluation_objective": {"batch_completion_weight": 1000.0, "full_dollar_cost_unchanged": true, "service_backlog_weight": 1000.0}, "gae_lambda": 0.95, "gamma": 1.0, "job_fingerprint": "951a1c3d2a3f204d2d0c782f36ca490b48bb44d2b1383f0a10038e1e004fab2d", "learning_rate": 0.0003, "learning_rate_schedule": "fixed", "n_epochs": 10, "n_steps": 2048, "net_arch": [128, 128], "normalize_observations": false, "protocol_sha256": "afcdacc992bdf9ba219fab251a2576812e0180aa189da49994056d935b549dda", "region": "global", "seed": 208, "service_backlog_weight": 700.0, "stage": "budget_1003520", "subtract_idle_cost": false, "target_kl": null, "timesteps": 1003520, "train_scenario": "env/scenarios/global_model_v2_2025.yaml", "urgency_potential_weight": 250.0, "variant": "P3"}
# command: C:\Python314\python.exe train_v3.py --scenario C:\Users\jagal\copilot-worktrees\dc-energy-joint-optimization\jagal-microsoft-literate-umbrella\env\scenarios\global_model_v2_2025.yaml --model-path C:\Users\jagal\copilot-worktrees\dc-energy-joint-optimization\jagal-microsoft-literate-umbrella\models\ppo_v3_reward_sweep\_tmp\budget_1003520_global_R0_P3_s208_69a81f532f3a4ec58e731925b88dfdcb\model.zip --diagnostics-path C:\Users\jagal\copilot-worktrees\dc-energy-joint-optimization\jagal-microsoft-literate-umbrella\models\ppo_v3_reward_sweep\_tmp\budget_1003520_global_R0_P3_s208_69a81f532f3a4ec58e731925b88dfdcb\training.json --timesteps 1003520 --seed 208 --lr 0.0003 --lr-schedule fixed --n-steps 2048 --batch-size 64 --n-epochs 10 --gamma 1.0 --gae-lambda 0.95 --net-arch 128 128 --peak-penalty-weight 0.015 --service-backlog-weight 700.0 --batch-completion-weight 1500.0 --reward-scale 0.0001 --urgency-potential-weight 250.0 --deadline-bucket-edges 1 3 6 12 24
# started: 2026-08-06T16:54:21.341010+00:00

Using cpu device
-----------------------------
| time/              |      |
|    fps             | 695  |
|    iterations      | 1    |
|    time_elapsed    | 2    |
|    total_timesteps | 2048 |
-----------------------------
-----------------------------------------
| time/                   |             |
|    fps                  | 507         |
|    iterations           | 2           |
|    time_elapsed         | 8           |
|    total_timesteps      | 4096        |
| train/                  |             |
|    approx_kl            | 0.012236036 |
|    clip_fraction        | 0.127       |
|    clip_range           | 0.2         |
|    entropy_loss         | -17         |
|    explained_variance   | 0.00523     |
|    learning_rate        | 0.0003      |
|    loss                 | -0.0122     |
|    n_updates            | 10          |
|    policy_gradient_loss | -0.0148     |
|    std                  | 0.998       |
|    value_loss           | 0.0669      |
-----------------------------------------
-----------------------------------------
| time/                   |             |
|    fps                  | 444         |
|    iterations           | 3           |
|    time_elapsed         | 13          |
|    total_timesteps      | 6144        |
| train/                  |             |
|    approx_kl            | 0.011745816 |
|    clip_fraction        | 0.126       |
|    clip_range           | 0.2         |
|    entropy_loss         | -17         |
|    explained_variance   | 0.448       |
|    learning_rate        | 0.0003      |
|    loss                 | 0.0072      |
|    n_updates            | 20          |
|    policy_gradient_loss | -0.016      |
|    std                  | 0.994       |
|    value_loss           | 0.111       |
-----------------------------------------
-----------------------------------------
| time/                   |             |
|    fps                  | 424         |
|    iterations           | 4           |
|    time_elapsed         | 19          |
|    total_timesteps      | 8192        |
| train/                  |             |
|    approx_kl            | 0.013376465 |
|    clip_fraction        | 0.127       |
|    clip_range           | 0.2         |
|    entropy_loss         | -16.9       |
|    explained_variance   | 0.687       |
|    learning_rate        | 0.0003      |
|    loss                 | -0.00455    |
|    n_updates            | 30          |
|    policy_gradient_loss | -0.0175     |
|    std                  | 0.99        |
|    value_loss           | 0.106       |
-----------------------------------------
-----------------------------------------
| rollout/                |             |
|    ep_len_mean          | 8.93e+03    |
|    ep_rew_mean          | -692        |
| time/                   |             |
|    fps                  | 410         |
|    iterations           | 5           |
|    time_elapsed         | 24          |
|    total_timesteps      | 10240       |
| train/                  |             |
|    approx_kl            | 0.014149511 |
|    clip_fraction        | 0.159       |
|    clip_range           | 0.2         |
|    entropy_loss         | -16.9       |
|    explained_variance   | 0.869       |
|    learning_rate        | 0.0003      |
|    loss                 | -0.0365     |
|    n_updates            | 40          |
|    policy_gradient_loss | -0.0196     |
|    std                  | 0.989       |
|    value_loss           | 0.0981      |
-----------------------------------------
-----------------------------------------
| rollout/                |             |
|    ep_len_mean          | 8.93e+03    |
|    ep_rew_mean          | -692        |
| time/                   |             |
|    fps                  | 404         |
|    iterations           | 6           |
|    time_elapsed         | 30          |
|    total_timesteps      | 12288       |
| train/                  |             |
|    approx_kl            | 0.013460152 |
|    clip_fraction        | 0.144       |
|    clip_range           | 0.2         |
|    entropy_loss         | -16.9       |
|    explained_variance   | 0.829       |
|    learning_rate        | 0.0003      |
|    loss                 | 0.00455     |
|    n_updates            | 50          |
|    policy_gradient_loss | -0.0194     |
|    std                  | 0.99        |
|    value_loss           | 0.33        |
-----------------------------------------
-----------------------------------------
| rollout/                |             |
|    ep_len_mean          | 8.93e+03    |
|    ep_rew_mean          | -692        |
| time/                   |             |
|    fps                  | 399         |
|    iterations           | 7           |
|    time_elapsed         | 35          |
|    total_timesteps      | 14336       |
| train/                  |             |
|    approx_kl            | 0.014411258 |
|    clip_fraction        | 0.137       |
|    clip_range           | 0.2         |
|    entropy_loss         | -16.9       |
|    explained_variance   | 0.891       |
|    learning_rate        | 0.0003      |
|    loss                 | 0.0396      |
|    n_updates            | 60          |
|    policy_gradient_loss | -0.0186     |
|    std                  | 0.988       |
|    value_loss           | 0.147       |
-----------------------------------------
-----------------------------------------
| rollout/                |             |
|    ep_len_mean          | 8.93e+03    |
|    ep_rew_mean          | -692        |
| time/                   |             |
|    fps                  | 395         |
|    iterations           | 8           |
|    time_elapsed         | 41          |
|    total_timesteps      | 16384       |
| train/                  |             |
|    approx_kl            | 0.013648411 |
|    clip_fraction        | 0.137       |
|    clip_range           | 0.2         |
|    entropy_loss         | -16.9       |
|    explained_variance   | 0.933       |
|    learning_rate        | 0.0003      |
|    loss                 | 0.0159      |
|    n_updates            | 70          |
|    policy_gradient_loss | -0.0151     |
|    std                  | 0.986       |
|    value_loss           | 0.146       |
-----------------------------------------
-----------------------------------------
| rollout/                |             |
|    ep_len_mean          | 8.93e+03    |
|    ep_rew_mean          | -693        |
| time/                   |             |
|    fps                  | 393         |
|    iterations           | 9           |
|    time_elapsed         | 46          |
|    total_timesteps      | 18432       |
| train/                  |             |
|    approx_kl            | 0.017662786 |
|    clip_fraction        | 0.15        |
|    clip_range           | 0.2         |
|    entropy_loss         | -16.8       |
|    explained_variance   | 0.972       |
|    learning_rate        | 0.0003      |
|    loss                 | -0.000267   |
|    n_updates            | 80          |
|    policy_gradient_loss | -0.0167     |
|    std                  | 0.984       |
|    value_loss           | 0.148       |
-----------------------------------------
-----------------------------------------
| rollout/                |             |
|    ep_len_mean          | 8.93e+03    |
|    ep_rew_mean          | -693        |
| time/                   |             |
|    fps                  | 389         |
|    iterations           | 10          |
|    time_elapsed         | 52          |
|    total_timesteps      | 20480       |
| train/                  |             |
|    approx_kl            | 0.012410272 |
|    clip_fraction        | 0.124       |
|    clip_range           | 0.2         |
|    entropy_loss         | -16.8       |
|    explained_variance   | 0.723       |
|    learning_rate        | 0.0003      |
|    loss                 | 0.0764      |
|    n_updates            | 90          |
|    policy_gradient_loss | -0.0154     |
|    std                  | 0.982       |
|    value_loss           | 0.683       |
-----------------------------------------
-----------------------------------------
| rollout/                |             |
|    ep_len_mean          | 8.93e+03    |
|    ep_rew_mean          | -693        |
| time/                   |             |
|    fps                  | 388         |
|    iterations           | 11          |
|    time_elapsed         | 58          |
|    total_timesteps      | 22528       |
| train/                  |             |
|    approx_kl            | 0.015170907 |
|    clip_fraction        | 0.169       |
|    clip_range           | 0.2         |
|    entropy_loss         | -16.8       |
|    explained_variance   | 0.961       |
|    learning_rate        | 0.0003      |
|    loss                 | 0.0285      |
|    n_updates            | 100         |
|    policy_gradient_loss | -0.0148     |
|    std                  | 0.979       |
|    value_loss           | 0.237       |
-----------------------------------------
-----------------------------------------
| rollout/                |             |
|    ep_len_mean          | 8.93e+03    |
|    ep_rew_mean          | -693        |
| time/                   |             |
|    fps                  | 386         |
|    iterations           | 12          |
|    time_elapsed         | 63          |
|    total_timesteps      | 24576       |
| train/                  |             |
|    approx_kl            | 0.014346221 |
|    clip_fraction        | 0.153       |
|    clip_range           | 0.2         |
|    entropy_loss         | -16.7       |
|    explained_variance   | 0.948       |
|    learning_rate        | 0.0003      |
|    loss                 | 0.0107      |
|    n_updates            | 110         |
|    policy_gradient_loss | -0.0166     |
|    std                  | 0.976       |
|    value_loss           | 0.198       |
-----------------------------------------
-----------------------------------------
| rollout/                |             |
|    ep_len_mean          | 8.93e+03    |
|    ep_rew_mean          | -693        |
| time/                   |             |
|    fps                  | 384         |
|    iterations           | 13          |
|    time_elapsed         | 69          |
|    total_timesteps      | 26624       |
| train/                  |             |
|    approx_kl            | 0.014651064 |
|    clip_fraction        | 0.152       |
|    clip_range           | 0.2         |
|    entropy_loss         | -16.7       |
|    explained_variance   | 0.972       |
|    learning_rate        | 0.0003      |
|    loss                 | 0.0471      |
|    n_updates            | 120         |
|    policy_gradient_loss | -0.018      |
|    std                  | 0.974       |
|    value_loss           | 0.248       |
-----------------------------------------
-----------------------------------------
| rollout/                |             |
|    ep_len_mean          | 8.93e+03    |
|    ep_rew_mean          | -696        |
| time/                   |             |
|    fps                  | 382         |
|    iterations           | 14          |
|    time_elapsed         | 74          |
|    total_timesteps      | 28672       |
| train/                  |             |
|    approx_kl            | 0.015879665 |
|    clip_fraction        | 0.134       |
|    clip_range           | 0.2         |
|    entropy_loss         | -16.7       |
|    explained_variance   | 0.978       |
|    learning_rate        | 0.0003      |
|    loss                 | 0.091       |
|    n_updates            | 130         |
|    policy_gradient_loss | -0.015      |
|    std                  | 0.972       |
|    value_loss           | 0.33        |
-----------------------------------------
-----------------------------------------
| rollout/                |             |
|    ep_len_mean          | 8.93e+03    |
|    ep_rew_mean          | -696        |
| time/                   |             |
|    fps                  | 379         |
|    iterations           | 15          |
|    time_elapsed         | 80          |
|    total_timesteps      | 30720       |
| train/                  |             |
|    approx_kl            | 0.014505882 |
|    clip_fraction        | 0.172       |
|    clip_range           | 0.2         |
|    entropy_loss         | -16.7       |
|    explained_variance   | 0.76        |
|    learning_rate        | 0.0003      |
|    loss                 | 0.136       |
|    n_updates            | 140         |
|    policy_gradient_loss | -0.0152     |
|    std                  | 0.974       |
|    value_loss           | 1.15        |
-----------------------------------------
-----------------------------------------
| rollout/                |             |
|    ep_len_mean          | 8.93e+03    |
|    ep_rew_mean          | -696        |
| time/                   |             |
|    fps                  | 377         |
|    iterations           | 16          |
|    time_elapsed         | 86          |
|    total_timesteps      | 32768       |
| train/                  |             |
|    approx_kl            | 0.018394174 |
|    clip_fraction        | 0.184       |
|    clip_range           | 0.2         |
|    entropy_loss         | -16.7       |
|    explained_variance   | 0.962       |
|    learning_rate        | 0.0003      |
|    loss                 | 0.0663      |
|    n_updates            | 150         |
|    policy_gradient_loss | -0.0139     |
|    std                  | 0.973       |
|    value_loss           | 0.335       |
-----------------------------------------
----------------------------------------
| rollout/                |            |
|    ep_len_mean          | 8.93e+03   |
|    ep_rew_mean          | -696       |
| time/                   |            |
|    fps                  | 377        |
|    iterations           | 17         |
|    time_elapsed         | 92         |
|    total_timesteps      | 34816      |
| train/                  |            |
|    approx_kl            | 0.01252114 |
|    clip_fraction        | 0.137      |
|    clip_range           | 0.2        |
|    entropy_loss         | -16.7      |
|    explained_variance   | 0.974      |
|    learning_rate        | 0.0003     |
|    loss                 | 0.0805     |
|    n_updates            | 160        |
|    policy_gradient_loss | -0.0142    |
|    std                  | 0.972      |
|    value_loss           | 0.443      |
----------------------------------------
-----------------------------------------
| rollout/                |             |
|    ep_len_mean          | 8.93e+03    |
|    ep_rew_mean          | -694        |
| time/                   |             |
|    fps                  | 377         |
|    iterations           | 18          |
|    time_elapsed         | 97          |
|    total_timesteps      | 36864       |
| train/                  |             |
|    approx_kl            | 0.012331158 |
|    clip_fraction        | 0.159       |
|    clip_range           | 0.2         |
|    entropy_loss         | -16.7       |
|    explained_variance   | 0.966       |
|    learning_rate        | 0.0003      |
|    loss                 | 0.101       |
|    n_updates            | 170         |
|    policy_gradient_loss | -0.0106     |
|    std                  | 0.971       |
|    value_loss           | 0.498       |
-----------------------------------------
-----------------------------------------
| rollout/                |             |
|    ep_len_mean          | 8.93e+03    |
|    ep_rew_mean          | -694        |
| time/                   |             |
|    fps                  | 376         |
|    iterations           | 19          |
|    time_elapsed         | 103         |
|    total_timesteps      | 38912       |
| train/                  |             |
|    approx_kl            | 0.012218153 |
|    clip_fraction        | 0.113       |
|    clip_range           | 0.2         |
|    entropy_loss         | -16.7       |
|    explained_variance   | 0.911       |
|    learning_rate        | 0.0003      |
|    loss                 | 2.6         |
|    n_updates            | 180         |
|    policy_gradient_loss | -0.0135     |
|    std                  | 0.969       |
|    value_loss           | 2.66        |
-----------------------------------------
-----------------------------------------
| rollout/                |             |
|    ep_len_mean          | 8.93e+03    |
|    ep_rew_mean          | -694        |
| time/                   |             |
|    fps                  | 376         |
|    iterations           | 20          |
|    time_elapsed         | 108         |
|    total_timesteps      | 40960       |
| train/                  |             |
|    approx_kl            | 0.016207108 |
|    clip_fraction        | 0.196       |
|    clip_range           | 0.2         |
|    entropy_loss         | -16.6       |
|    explained_variance   | 0.956       |
|    learning_rate        | 0.0003      |
|    loss                 | 0.11        |
|    n_updates            | 190         |
|    policy_gradient_loss | -0.0121     |
|    std                  | 0.966       |
|    value_loss           | 0.475       |
-----------------------------------------
-----------------------------------------
| rollout/                |             |
|    ep_len_mean          | 8.93e+03    |
|    ep_rew_mean          | -694        |
| time/                   |             |
|    fps                  | 375         |
|    iterations           | 21          |
|    time_elapsed         | 114         |
|    total_timesteps      | 43008       |
| train/                  |             |
|    approx_kl            | 0.012456499 |
|    clip_fraction        | 0.146       |
|    clip_range           | 0.2         |
|    entropy_loss         | -16.6       |
|    explained_variance   | 0.962       |
|    learning_rate        | 0.0003      |
|    loss                 | 0.322       |
|    n_updates            | 200         |
|    policy_gradient_loss | -0.0124     |
|    std                  | 0.966       |
|    value_loss           | 0.761       |
-----------------------------------------
-----------------------------------------
| rollout/                |             |
|    ep_len_mean          | 8.93e+03    |
|    ep_rew_mean          | -694        |
| time/                   |             |
|    fps                  | 375         |
|    iterations           | 22          |
|    time_elapsed         | 120         |
|    total_timesteps      | 45056       |
| train/                  |             |
|    approx_kl            | 0.013318094 |
|    clip_fraction        | 0.141       |
|    clip_range           | 0.2         |
|    entropy_loss         | -16.6       |
|    explained_variance   | 0.975       |
|    learning_rate        | 0.0003      |
|    loss                 | 0.212       |
|    n_updates            | 210         |
|    policy_gradient_loss | -0.0157     |
|    std                  | 0.963       |
|    value_loss           | 0.673       |
-----------------------------------------
-----------------------------------------
| rollout/                |             |
|    ep_len_mean          | 8.93e+03    |
|    ep_rew_mean          | -694        |
| time/                   |             |
|    fps                  | 375         |
|    iterations           | 23          |
|    time_elapsed         | 125         |
|    total_timesteps      | 47104       |
| train/                  |             |
|    approx_kl            | 0.014224019 |
|    clip_fraction        | 0.137       |
|    clip_range           | 0.2         |
|    entropy_loss         | -16.5       |
|    explained_variance   | 0.875       |
|    learning_rate        | 0.0003      |
|    loss                 | 0.472       |
|    n_updates            | 220         |
|    policy_gradient_loss | -0.00991    |
|    std                  | 0.96        |
|    value_loss           | 2.37        |
-----------------------------------------
-----------------------------------------
| rollout/                |             |
|    ep_len_mean          | 8.93e+03    |
|    ep_rew_mean          | -694        |
| time/                   |             |
|    fps                  | 374         |
|    iterations           | 24          |
|    time_elapsed         | 131         |
|    total_timesteps      | 49152       |
| train/                  |             |
|    approx_kl            | 0.018043756 |
|    clip_fraction        | 0.225       |
|    clip_range           | 0.2         |
|    entropy_loss         | -16.5       |
|    explained_variance   | 0.972       |
|    learning_rate        | 0.0003      |
|    loss                 | 0.179       |
|    n_updates            | 230         |
|    policy_gradient_loss | -0.0113     |
|    std                  | 0.963       |
|    value_loss           | 0.529       |
-----------------------------------------
-----------------------------------------
| rollout/                |             |
|    ep_len_mean          | 8.93e+03    |
|    ep_rew_mean          | -694        |
| time/                   |             |
|    fps                  | 374         |
|    iterations           | 25          |
|    time_elapsed         | 136         |
|    total_timesteps      | 51200       |
| train/                  |             |
|    approx_kl            | 0.019895833 |
|    clip_fraction        | 0.194       |
|    clip_range           | 0.2         |
|    entropy_loss         | -16.6       |
|    explained_variance   | 0.954       |
|    learning_rate        | 0.0003      |
|    loss                 | 0.0953      |
|    n_updates            | 240         |
|    policy_gradient_loss | -0.0174     |
|    std                  | 0.962       |
|    value_loss           | 0.505       |
-----------------------------------------
-----------------------------------------
| rollout/                |             |
|    ep_len_mean          | 8.93e+03    |
|    ep_rew_mean          | -694        |
| time/                   |             |
|    fps                  | 374         |
|    iterations           | 26          |
|    time_elapsed         | 142         |
|    total_timesteps      | 53248       |
| train/                  |             |
|    approx_kl            | 0.018615061 |
|    clip_fraction        | 0.172       |
|    clip_range           | 0.2         |
|    entropy_loss         | -16.5       |
|    explained_variance   | 0.964       |
|    learning_rate        | 0.0003      |
|    loss                 | 0.316       |
|    n_updates            | 250         |
|    policy_gradient_loss | -0.0155     |
|    std                  | 0.959       |
|    value_loss           | 0.857       |
-----------------------------------------
-----------------------------------------
| rollout/                |             |
|    ep_len_mean          | 8.93e+03    |
|    ep_rew_mean          | -694        |
| time/                   |             |
|    fps                  | 374         |
|    iterations           | 27          |
|    time_elapsed         | 147         |
|    total_timesteps      | 55296       |
| train/                  |             |
|    approx_kl            | 0.013946833 |
|    clip_fraction        | 0.141       |
|    clip_range           | 0.2         |
|    entropy_loss         | -16.5       |
|    explained_variance   | 0.978       |
|    learning_rate        | 0.0003      |
|    loss                 | 0.476       |
|    n_updates            | 260         |
|    policy_gradient_loss | -0.0123     |
|    std                  | 0.959       |
|    value_loss           | 0.974       |
-----------------------------------------
----------------------------------------
| rollout/                |            |
|    ep_len_mean          | 8.93e+03   |
|    ep_rew_mean          | -694       |
| time/                   |            |
|    fps                  | 373        |
|    iterations           | 28         |
|    time_elapsed         | 153        |
|    total_timesteps      | 57344      |
| train/                  |            |
|    approx_kl            | 0.01404446 |
|    clip_fraction        | 0.14       |
|    clip_range           | 0.2        |
|    entropy_loss         | -16.5      |
|    explained_variance   | 0.843      |
|    learning_rate        | 0.0003     |
|    loss                 | 0.619      |
|    n_updates            | 270        |
|    policy_gradient_loss | -0.0167    |
|    std                  | 0.96       |
|    value_loss           | 3.71       |
----------------------------------------
-----------------------------------------
| rollout/                |             |
|    ep_len_mean          | 8.93e+03    |
|    ep_rew_mean          | -694        |
| time/                   |             |
|    fps                  | 372         |
|    iterations           | 29          |
|    time_elapsed         | 159         |
|    total_timesteps      | 59392       |
| train/                  |             |
|    approx_kl            | 0.016163237 |
|    clip_fraction        | 0.203       |
|    clip_range           | 0.2         |
|    entropy_loss         | -16.5       |
|    explained_variance   | 0.968       |
|    learning_rate        | 0.0003      |
|    loss                 | 0.264       |
|    n_updates            | 280         |
|    policy_gradient_loss | -0.0171     |
|    std                  | 0.959       |
|    value_loss           | 0.887       |
-----------------------------------------
-----------------------------------------
| rollout/                |             |
|    ep_len_mean          | 8.93e+03    |
|    ep_rew_mean          | -694        |
| time/                   |             |
|    fps                  | 371         |
|    iterations           | 30          |
|    time_elapsed         | 165         |
|    total_timesteps      | 61440       |
| train/                  |             |
|    approx_kl            | 0.015957486 |
|    clip_fraction        | 0.183       |
|    clip_range           | 0.2         |
|    entropy_loss         | -16.5       |
|    explained_variance   | 0.975       |
|    learning_rate        | 0.0003      |
|    loss                 | 0.379       |
|    n_updates            | 290         |
|    policy_gradient_loss | -0.0181     |
|    std                  | 0.962       |
|    value_loss           | 0.891       |
-----------------------------------------
-----------------------------------------
| rollout/                |             |
|    ep_len_mean          | 8.93e+03    |
|    ep_rew_mean          | -695        |
| time/                   |             |
|    fps                  | 370         |
|    iterations           | 31          |
|    time_elapsed         | 171         |
|    total_timesteps      | 63488       |
| train/                  |             |
|    approx_kl            | 0.016550831 |
|    clip_fraction        | 0.17        |
|    clip_range           | 0.2         |
|    entropy_loss         | -16.6       |
|    explained_variance   | 0.972       |
|    learning_rate        | 0.0003      |
|    loss                 | 0.506       |
|    n_updates            | 300         |
|    policy_gradient_loss | -0.0123     |
|    std                  | 0.963       |
|    value_loss           | 1.18        |
-----------------------------------------
-----------------------------------------
| rollout/                |             |
|    ep_len_mean          | 8.93e+03    |
|    ep_rew_mean          | -695        |
| time/                   |             |
|    fps                  | 369         |
|    iterations           | 32          |
|    time_elapsed         | 177         |
|    total_timesteps      | 65536       |
| train/                  |             |
|    approx_kl            | 0.012899052 |
|    clip_fraction        | 0.115       |
|    clip_range           | 0.2         |
|    entropy_loss         | -16.6       |
|    explained_variance   | 0.915       |
|    learning_rate        | 0.0003      |
|    loss                 | 0.661       |
|    n_updates            | 310         |
|    policy_gradient_loss | -0.0103     |
|    std                  | 0.961       |
|    value_loss           | 4.22        |
-----------------------------------------
-----------------------------------------
| rollout/                |             |
|    ep_len_mean          | 8.93e+03    |
|    ep_rew_mean          | -695        |
| time/                   |             |
|    fps                  | 368         |
|    iterations           | 33          |
|    time_elapsed         | 183         |
|    total_timesteps      | 67584       |
| train/                  |             |
|    approx_kl            | 0.016042154 |
|    clip_fraction        | 0.205       |
|    clip_range           | 0.2         |
|    entropy_loss         | -16.5       |
|    explained_variance   | 0.924       |
|    learning_rate        | 0.0003      |
|    loss                 | 0.433       |
|    n_updates            | 320         |
|    policy_gradient_loss | -0.0127     |
|    std                  | 0.959       |
|    value_loss           | 1.32        |
-----------------------------------------
-----------------------------------------
| rollout/                |             |
|    ep_len_mean          | 8.93e+03    |
|    ep_rew_mean          | -695        |
| time/                   |             |
|    fps                  | 367         |
|    iterations           | 34          |
|    time_elapsed         | 189         |
|    total_timesteps      | 69632       |
| train/                  |             |
|    approx_kl            | 0.013266107 |
|    clip_fraction        | 0.149       |
|    clip_range           | 0.2         |
|    entropy_loss         | -16.5       |
|    explained_variance   | 0.966       |
|    learning_rate        | 0.0003      |
|    loss                 | 0.664       |
|    n_updates            | 330         |
|    policy_gradient_loss | -0.011      |
|    std                  | 0.958       |
|    value_loss           | 1.51        |
-----------------------------------------
-----------------------------------------
| rollout/                |             |
|    ep_len_mean          | 8.93e+03    |
|    ep_rew_mean          | -697        |
| time/                   |             |
|    fps                  | 366         |
|    iterations           | 35          |
|    time_elapsed         | 195         |
|    total_timesteps      | 71680       |
| train/                  |             |
|    approx_kl            | 0.013923645 |
|    clip_fraction        | 0.163       |
|    clip_range           | 0.2         |
|    entropy_loss         | -16.5       |
|    explained_variance   | 0.979       |
|    learning_rate        | 0.0003      |
|    loss                 | 0.435       |
|    n_updates            | 340         |
|    policy_gradient_loss | -0.0117     |
|    std                  | 0.956       |
|    value_loss           | 1.51        |
-----------------------------------------
-----------------------------------------
| rollout/                |             |
|    ep_len_mean          | 8.93e+03    |
|    ep_rew_mean          | -697        |
| time/                   |             |
|    fps                  | 366         |
|    iterations           | 36          |
|    time_elapsed         | 201         |
|    total_timesteps      | 73728       |
| train/                  |             |
|    approx_kl            | 0.013973545 |
|    clip_fraction        | 0.145       |
|    clip_range           | 0.2         |
|    entropy_loss         | -16.5       |
|    explained_variance   | 0.937       |
|    learning_rate        | 0.0003      |
|    loss                 | 1.27        |
|    n_updates            | 350         |
|    policy_gradient_loss | -0.0135     |
|    std                  | 0.955       |
|    value_loss           | 4.31        |
-----------------------------------------
-----------------------------------------
| rollout/                |             |
|    ep_len_mean          | 8.93e+03    |
|    ep_rew_mean          | -697        |
| time/                   |             |
|    fps                  | 366         |
|    iterations           | 37          |
|    time_elapsed         | 206         |
|    total_timesteps      | 75776       |
| train/                  |             |
|    approx_kl            | 0.017852325 |
|    clip_fraction        | 0.241       |
|    clip_range           | 0.2         |
|    entropy_loss         | -16.5       |
|    explained_variance   | 0.952       |
|    learning_rate        | 0.0003      |
|    loss                 | 0.439       |
|    n_updates            | 360         |
|    policy_gradient_loss | -0.0124     |
|    std                  | 0.961       |
|    value_loss           | 0.879       |
-----------------------------------------
-----------------------------------------
| rollout/                |             |
|    ep_len_mean          | 8.93e+03    |
|    ep_rew_mean          | -697        |
| time/                   |             |
|    fps                  | 365         |
|    iterations           | 38          |
|    time_elapsed         | 212         |
|    total_timesteps      | 77824       |
| train/                  |             |
|    approx_kl            | 0.026073536 |
|    clip_fraction        | 0.248       |
|    clip_range           | 0.2         |
|    entropy_loss         | -16.5       |
|    explained_variance   | 0.955       |
|    learning_rate        | 0.0003      |
|    loss                 | 0.277       |
|    n_updates            | 370         |
|    policy_gradient_loss | -0.0153     |
|    std                  | 0.962       |
|    value_loss           | 0.799       |
-----------------------------------------
-----------------------------------------
| rollout/                |             |
|    ep_len_mean          | 8.93e+03    |
|    ep_rew_mean          | -697        |
| time/                   |             |
|    fps                  | 365         |
|    iterations           | 39          |
|    time_elapsed         | 218         |
|    total_timesteps      | 79872       |
| train/                  |             |
|    approx_kl            | 0.019257199 |
|    clip_fraction        | 0.197       |
|    clip_range           | 0.2         |
|    entropy_loss         | -16.5       |
|    explained_variance   | 0.974       |
|    learning_rate        | 0.0003      |
|    loss                 | 0.489       |
|    n_updates            | 380         |
|    policy_gradient_loss | -0.0147     |
|    std                  | 0.957       |
|    value_loss           | 0.937       |
-----------------------------------------
-----------------------------------------
| rollout/                |             |
|    ep_len_mean          | 8.93e+03    |
|    ep_rew_mean          | -696        |
| time/                   |             |
|    fps                  | 365         |
|    iterations           | 40          |
|    time_elapsed         | 224         |
|    total_timesteps      | 81920       |
| train/                  |             |
|    approx_kl            | 0.014707131 |
|    clip_fraction        | 0.179       |
|    clip_range           | 0.2         |
|    entropy_loss         | -16.5       |
|    explained_variance   | 0.976       |
|    learning_rate        | 0.0003      |
|    loss                 | 0.625       |
|    n_updates            | 390         |
|    policy_gradient_loss | -0.0118     |
|    std                  | 0.958       |
|    value_loss           | 1.45        |
-----------------------------------------
-----------------------------------------
| rollout/                |             |
|    ep_len_mean          | 8.93e+03    |
|    ep_rew_mean          | -696        |
| time/                   |             |
|    fps                  | 364         |
|    iterations           | 41          |
|    time_elapsed         | 230         |
|    total_timesteps      | 83968       |
| train/                  |             |
|    approx_kl            | 0.014831983 |
|    clip_fraction        | 0.163       |
|    clip_range           | 0.2         |
|    entropy_loss         | -16.5       |
|    explained_variance   | 0.867       |
|    learning_rate        | 0.0003      |
|    loss                 | 0.764       |
|    n_updates            | 400         |
|    policy_gradient_loss | -0.0137     |
|    std                  | 0.956       |
|    value_loss           | 4.56        |
-----------------------------------------
-----------------------------------------
| rollout/                |             |
|    ep_len_mean          | 8.93e+03    |
|    ep_rew_mean          | -696        |
| time/                   |             |
|    fps                  | 364         |
|    iterations           | 42          |
|    time_elapsed         | 235         |
|    total_timesteps      | 86016       |
| train/                  |             |
|    approx_kl            | 0.023947751 |
|    clip_fraction        | 0.249       |
|    clip_range           | 0.2         |
|    entropy_loss         | -16.5       |
|    explained_variance   | 0.97        |
|    learning_rate        | 0.0003      |
|    loss                 | 0.387       |
|    n_updates            | 410         |
|    policy_gradient_loss | -0.0118     |
|    std                  | 0.956       |
|    value_loss           | 1.1         |
-----------------------------------------
-----------------------------------------
| rollout/                |             |
|    ep_len_mean          | 8.93e+03    |
|    ep_rew_mean          | -696        |
| time/                   |             |
|    fps                  | 364         |
|    iterations           | 43          |
|    time_elapsed         | 241         |
|    total_timesteps      | 88064       |
| train/                  |             |
|    approx_kl            | 0.013816737 |
|    clip_fraction        | 0.175       |
|    clip_range           | 0.2         |
|    entropy_loss         | -16.4       |
|    explained_variance   | 0.977       |
|    learning_rate        | 0.0003      |
|    loss                 | 0.629       |
|    n_updates            | 420         |
|    policy_gradient_loss | -0.0106     |
|    std                  | 0.953       |
|    value_loss           | 1.34        |
-----------------------------------------
-----------------------------------------
| rollout/                |             |
|    ep_len_mean          | 8.93e+03    |
|    ep_rew_mean          | -696        |
| time/                   |             |
|    fps                  | 364         |
|    iterations           | 44          |
|    time_elapsed         | 247         |
|    total_timesteps      | 90112       |
| train/                  |             |
|    approx_kl            | 0.013552845 |
|    clip_fraction        | 0.144       |
|    clip_range           | 0.2         |
|    entropy_loss         | -16.4       |
|    explained_variance   | 0.976       |
|    learning_rate        | 0.0003      |
|    loss                 | 1.23        |
|    n_updates            | 430         |
|    policy_gradient_loss | -0.0158     |
|    std                  | 0.952       |
|    value_loss           | 2.1         |
-----------------------------------------
-----------------------------------------
| rollout/                |             |
|    ep_len_mean          | 8.93e+03    |
|    ep_rew_mean          | -696        |
| time/                   |             |
|    fps                  | 363         |
|    iterations           | 45          |
|    time_elapsed         | 253         |
|    total_timesteps      | 92160       |
| train/                  |             |
|    approx_kl            | 0.011846449 |
|    clip_fraction        | 0.118       |
|    clip_range           | 0.2         |
|    entropy_loss         | -16.4       |
|    explained_variance   | 0.889       |
|    learning_rate        | 0.0003      |
|    loss                 | 1.5         |
|    n_updates            | 440         |
|    policy_gradient_loss | -0.0116     |
|    std                  | 0.952       |
|    value_loss           | 4.79        |
-----------------------------------------
-----------------------------------------
| rollout/                |             |
|    ep_len_mean          | 8.93e+03    |
|    ep_rew_mean          | -696        |
| time/                   |             |
|    fps                  | 363         |
|    iterations           | 46          |
|    time_elapsed         | 259         |
|    total_timesteps      | 94208       |
| train/                  |             |
|    approx_kl            | 0.024308305 |
|    clip_fraction        | 0.255       |
|    clip_range           | 0.2         |
|    entropy_loss         | -16.4       |
|    explained_variance   | 0.971       |
|    learning_rate        | 0.0003      |
|    loss                 | 0.361       |
|    n_updates            | 450         |
|    policy_gradient_loss | -0.0135     |
|    std                  | 0.95        |
|    value_loss           | 1.32        |
-----------------------------------------
------------------------------------------
| rollout/                |              |
|    ep_len_mean          | 8.93e+03     |
|    ep_rew_mean          | -696         |
| time/                   |              |
|    fps                  | 362          |
|    iterations           | 47           |
|    time_elapsed         | 265          |
|    total_timesteps      | 96256        |
| train/                  |              |
|    approx_kl            | 0.0134731345 |
|    clip_fraction        | 0.154        |
|    clip_range           | 0.2          |
|    entropy_loss         | -16.4        |
|    explained_variance   | 0.971        |
|    learning_rate        | 0.0003       |
|    loss                 | 0.414        |
|    n_updates            | 460          |
|    policy_gradient_loss | -0.0138      |
|    std                  | 0.952        |
|    value_loss           | 1.74         |
------------------------------------------
-----------------------------------------
| rollout/                |             |
|    ep_len_mean          | 8.93e+03    |
|    ep_rew_mean          | -696        |
| time/                   |             |
|    fps                  | 362         |
|    iterations           | 48          |
|    time_elapsed         | 271         |
|    total_timesteps      | 98304       |
| train/                  |             |
|    approx_kl            | 0.012329308 |
|    clip_fraction        | 0.161       |
|    clip_range           | 0.2         |
|    entropy_loss         | -16.4       |
|    explained_variance   | 0.979       |
|    learning_rate        | 0.0003      |
|    loss                 | 1.12        |
|    n_updates            | 470         |
|    policy_gradient_loss | -0.0118     |
|    std                  | 0.95        |
|    value_loss           | 2.23        |
-----------------------------------------
----------------------------------------
| rollout/                |            |
|    ep_len_mean          | 8.93e+03   |
|    ep_rew_mean          | -696       |
| time/                   |            |
|    fps                  | 362        |
|    iterations           | 49         |
|    time_elapsed         | 276        |
|    total_timesteps      | 100352     |
| train/                  |            |
|    approx_kl            | 0.01121522 |
|    clip_fraction        | 0.141      |
|    clip_range           | 0.2        |
|    entropy_loss         | -16.4      |
|    explained_variance   | 0.963      |
|    learning_rate        | 0.0003     |
|    loss                 | 1.52       |
|    n_updates            | 480        |
|    policy_gradient_loss | -0.014     |
|    std                  | 0.95       |
|    value_loss           | 5.91       |
----------------------------------------
-----------------------------------------
| rollout/                |             |
|    ep_len_mean          | 8.93e+03    |
|    ep_rew_mean          | -696        |
| time/                   |             |
|    fps                  | 362         |
|    iterations           | 50          |
|    time_elapsed         | 282         |
|    total_timesteps      | 102400      |
| train/                  |             |
|    approx_kl            | 0.018793045 |
|    clip_fraction        | 0.273       |
|    clip_range           | 0.2         |
|    entropy_loss         | -16.4       |
|    explained_variance   | 0.949       |
|    learning_rate        | 0.0003      |
|    loss                 | 0.478       |
|    n_updates            | 490         |
|    policy_gradient_loss | -0.0108     |
|    std                  | 0.951       |
|    value_loss           | 1.1         |
-----------------------------------------
-----------------------------------------
| rollout/                |             |
|    ep_len_mean          | 8.93e+03    |
|    ep_rew_mean          | -696        |
| time/                   |             |
|    fps                  | 362         |
|    iterations           | 51          |
|    time_elapsed         | 288         |
|    total_timesteps      | 104448      |
| train/                  |             |
|    approx_kl            | 0.023159038 |
|    clip_fraction        | 0.233       |
|    clip_range           | 0.2         |
|    entropy_loss         | -16.4       |
|    explained_variance   | 0.961       |
|    learning_rate        | 0.0003      |
|    loss                 | 0.269       |
|    n_updates            | 500         |
|    policy_gradient_loss | -0.0123     |
|    std                  | 0.955       |
|    value_loss           | 1.03        |
-----------------------------------------
-----------------------------------------
| rollout/                |             |
|    ep_len_mean          | 8.93e+03    |
|    ep_rew_mean          | -696        |
| time/                   |             |
|    fps                  | 361         |
|    iterations           | 52          |
|    time_elapsed         | 294         |
|    total_timesteps      | 106496      |
| train/                  |             |
|    approx_kl            | 0.021119747 |
|    clip_fraction        | 0.205       |
|    clip_range           | 0.2         |
|    entropy_loss         | -16.5       |
|    explained_variance   | 0.98        |
|    learning_rate        | 0.0003      |
|    loss                 | 0.33        |
|    n_updates            | 510         |
|    policy_gradient_loss | -0.0102     |
|    std                  | 0.959       |
|    value_loss           | 1.07        |
-----------------------------------------
-----------------------------------------
| rollout/                |             |
|    ep_len_mean          | 8.93e+03    |
|    ep_rew_mean          | -695        |
| time/                   |             |
|    fps                  | 361         |
|    iterations           | 53          |
|    time_elapsed         | 300         |
|    total_timesteps      | 108544      |
| train/                  |             |
|    approx_kl            | 0.016271377 |
|    clip_fraction        | 0.161       |
|    clip_range           | 0.2         |
|    entropy_loss         | -16.5       |
|    explained_variance   | 0.973       |
|    learning_rate        | 0.0003      |
|    loss                 | 1.25        |
|    n_updates            | 520         |
|    policy_gradient_loss | -0.0134     |
|    std                  | 0.957       |
|    value_loss           | 2.19        |
-----------------------------------------
-----------------------------------------
| rollout/                |             |
|    ep_len_mean          | 8.93e+03    |
|    ep_rew_mean          | -695        |
| time/                   |             |
|    fps                  | 361         |
|    iterations           | 54          |
|    time_elapsed         | 306         |
|    total_timesteps      | 110592      |
| train/                  |             |
|    approx_kl            | 0.011253541 |
|    clip_fraction        | 0.124       |
|    clip_range           | 0.2         |
|    entropy_loss         | -16.5       |
|    explained_variance   | 0.861       |
|    learning_rate        | 0.0003      |
|    loss                 | 1.38        |
|    n_updates            | 530         |
|    policy_gradient_loss | -0.0101     |
|    std                  | 0.958       |
|    value_loss           | 4.13        |
-----------------------------------------
-----------------------------------------
| rollout/                |             |
|    ep_len_mean          | 8.93e+03    |
|    ep_rew_mean          | -695        |
| time/                   |             |
|    fps                  | 361         |
|    iterations           | 55          |
|    time_elapsed         | 311         |
|    total_timesteps      | 112640      |
| train/                  |             |
|    approx_kl            | 0.020868681 |
|    clip_fraction        | 0.265       |
|    clip_range           | 0.2         |
|    entropy_loss         | -16.5       |
|    explained_variance   | 0.966       |
|    learning_rate        | 0.0003      |
|    loss                 | 0.333       |
|    n_updates            | 540         |
|    policy_gradient_loss | -0.00956    |
|    std                  | 0.96        |
|    value_loss           | 1.03        |
-----------------------------------------
-----------------------------------------
| rollout/                |             |
|    ep_len_mean          | 8.93e+03    |
|    ep_rew_mean          | -695        |
| time/                   |             |
|    fps                  | 360         |
|    iterations           | 56          |
|    time_elapsed         | 317         |
|    total_timesteps      | 114688      |
| train/                  |             |
|    approx_kl            | 0.015925722 |
|    clip_fraction        | 0.198       |
|    clip_range           | 0.2         |
|    entropy_loss         | -16.5       |
|    explained_variance   | 0.979       |
|    learning_rate        | 0.0003      |
|    loss                 | 0.814       |
|    n_updates            | 550         |
|    policy_gradient_loss | -0.0122     |
|    std                  | 0.957       |
|    value_loss           | 1.77        |
-----------------------------------------
-----------------------------------------
| rollout/                |             |
|    ep_len_mean          | 8.93e+03    |
|    ep_rew_mean          | -694        |
| time/                   |             |
|    fps                  | 360         |
|    iterations           | 57          |
|    time_elapsed         | 324         |
|    total_timesteps      | 116736      |
| train/                  |             |
|    approx_kl            | 0.015193136 |
|    clip_fraction        | 0.157       |
|    clip_range           | 0.2         |
|    entropy_loss         | -16.5       |
|    explained_variance   | 0.979       |
|    learning_rate        | 0.0003      |
|    loss                 | 1.2         |
|    n_updates            | 560         |
|    policy_gradient_loss | -0.0162     |
|    std                  | 0.954       |
|    value_loss           | 2.65        |
-----------------------------------------
-----------------------------------------
| rollout/                |             |
|    ep_len_mean          | 8.93e+03    |
|    ep_rew_mean          | -694        |
| time/                   |             |
|    fps                  | 359         |
|    iterations           | 58          |
|    time_elapsed         | 330         |
|    total_timesteps      | 118784      |
| train/                  |             |
|    approx_kl            | 0.013446041 |
|    clip_fraction        | 0.146       |
|    clip_range           | 0.2         |
|    entropy_loss         | -16.5       |
|    explained_variance   | 0.808       |
|    learning_rate        | 0.0003      |
|    loss                 | 0.951       |
|    n_updates            | 570         |
|    policy_gradient_loss | -0.0106     |
|    std                  | 0.955       |
|    value_loss           | 5.46        |
-----------------------------------------
-----------------------------------------
| rollout/                |             |
|    ep_len_mean          | 8.93e+03    |
|    ep_rew_mean          | -694        |
| time/                   |             |
|    fps                  | 359         |
|    iterations           | 59          |
|    time_elapsed         | 335         |
|    total_timesteps      | 120832      |
| train/                  |             |
|    approx_kl            | 0.025134154 |
|    clip_fraction        | 0.299       |
|    clip_range           | 0.2         |
|    entropy_loss         | -16.5       |
|    explained_variance   | 0.984       |
|    learning_rate        | 0.0003      |
|    loss                 | 0.307       |
|    n_updates            | 580         |
|    policy_gradient_loss | -0.0111     |
|    std                  | 0.956       |
|    value_loss           | 1.06        |
-----------------------------------------
-----------------------------------------
| rollout/                |             |
|    ep_len_mean          | 8.93e+03    |
|    ep_rew_mean          | -694        |
| time/                   |             |
|    fps                  | 359         |
|    iterations           | 60          |
|    time_elapsed         | 341         |
|    total_timesteps      | 122880      |
| train/                  |             |
|    approx_kl            | 0.015000117 |
|    clip_fraction        | 0.195       |
|    clip_range           | 0.2         |
|    entropy_loss         | -16.4       |
|    explained_variance   | 0.959       |
|    learning_rate        | 0.0003      |
|    loss                 | 0.764       |
|    n_updates            | 590         |
|    policy_gradient_loss | -0.0139     |
|    std                  | 0.955       |
|    value_loss           | 1.86        |
-----------------------------------------
-----------------------------------------
| rollout/                |             |
|    ep_len_mean          | 8.93e+03    |
|    ep_rew_mean          | -694        |
| time/                   |             |
|    fps                  | 359         |
|    iterations           | 61          |
|    time_elapsed         | 347         |
|    total_timesteps      | 124928      |
| train/                  |             |
|    approx_kl            | 0.013241455 |
|    clip_fraction        | 0.148       |
|    clip_range           | 0.2         |
|    entropy_loss         | -16.5       |
|    explained_variance   | 0.978       |
|    learning_rate        | 0.0003      |
|    loss                 | 0.833       |
|    n_updates            | 600         |
|    policy_gradient_loss | -0.0154     |
|    std                  | 0.956       |
|    value_loss           | 2.22        |
-----------------------------------------
-----------------------------------------
| rollout/                |             |
|    ep_len_mean          | 8.93e+03    |
|    ep_rew_mean          | -694        |
| time/                   |             |
|    fps                  | 359         |
|    iterations           | 62          |
|    time_elapsed         | 352         |
|    total_timesteps      | 126976      |
| train/                  |             |
|    approx_kl            | 0.013588585 |
|    clip_fraction        | 0.179       |
|    clip_range           | 0.2         |
|    entropy_loss         | -16.5       |
|    explained_variance   | 0.977       |
|    learning_rate        | 0.0003      |
|    loss                 | 1.96        |
|    n_updates            | 610         |
|    policy_gradient_loss | -0.0155     |
|    std                  | 0.955       |
|    value_loss           | 3.93        |
-----------------------------------------
-----------------------------------------
| rollout/                |             |
|    ep_len_mean          | 8.93e+03    |
|    ep_rew_mean          | -694        |
| time/                   |             |
|    fps                  | 359         |
|    iterations           | 63          |
|    time_elapsed         | 358         |
|    total_timesteps      | 129024      |
| train/                  |             |
|    approx_kl            | 0.031255722 |
|    clip_fraction        | 0.296       |
|    clip_range           | 0.2         |
|    entropy_loss         | -16.5       |
|    explained_variance   | 0.821       |
|    learning_rate        | 0.0003      |
|    loss                 | 0.32        |
|    n_updates            | 620         |
|    policy_gradient_loss | -0.0112     |
|    std                  | 0.959       |
|    value_loss           | 2.83        |
-----------------------------------------
-----------------------------------------
| rollout/                |             |
|    ep_len_mean          | 8.93e+03    |
|    ep_rew_mean          | -694        |
| time/                   |             |
|    fps                  | 359         |
|    iterations           | 64          |
|    time_elapsed         | 364         |
|    total_timesteps      | 131072      |
| train/                  |             |
|    approx_kl            | 0.025070012 |
|    clip_fraction        | 0.323       |
|    clip_range           | 0.2         |
|    entropy_loss         | -16.5       |
|    explained_variance   | 0.946       |
|    learning_rate        | 0.0003      |
|    loss                 | 0.471       |
|    n_updates            | 630         |
|    policy_gradient_loss | -0.00993    |
|    std                  | 0.957       |
|    value_loss           | 0.924       |
-----------------------------------------
-----------------------------------------
| rollout/                |             |
|    ep_len_mean          | 8.93e+03    |
|    ep_rew_mean          | -694        |
| time/                   |             |
|    fps                  | 359         |
|    iterations           | 65          |
|    time_elapsed         | 370         |
|    total_timesteps      | 133120      |
| train/                  |             |
|    approx_kl            | 0.019458506 |
|    clip_fraction        | 0.227       |
|    clip_range           | 0.2         |
|    entropy_loss         | -16.5       |
|    explained_variance   | 0.973       |
|    learning_rate        | 0.0003      |
|    loss                 | 0.54        |
|    n_updates            | 640         |
|    policy_gradient_loss | -0.0123     |
|    std                  | 0.958       |
|    value_loss           | 1.1         |
-----------------------------------------
-----------------------------------------
| rollout/                |             |
|    ep_len_mean          | 8.93e+03    |
|    ep_rew_mean          | -694        |
| time/                   |             |
|    fps                  | 359         |
|    iterations           | 66          |
|    time_elapsed         | 375         |
|    total_timesteps      | 135168      |
| train/                  |             |
|    approx_kl            | 0.017608508 |
|    clip_fraction        | 0.19        |
|    clip_range           | 0.2         |
|    entropy_loss         | -16.5       |
|    explained_variance   | 0.958       |
|    learning_rate        | 0.0003      |
|    loss                 | 0.855       |
|    n_updates            | 650         |
|    policy_gradient_loss | -0.0203     |
|    std                  | 0.958       |
|    value_loss           | 2.42        |
-----------------------------------------
------------------------------------------
| rollout/                |              |
|    ep_len_mean          | 8.93e+03     |
|    ep_rew_mean          | -694         |
| time/                   |              |
|    fps                  | 359          |
|    iterations           | 67           |
|    time_elapsed         | 381          |
|    total_timesteps      | 137216       |
| train/                  |              |
|    approx_kl            | 0.0139482245 |
|    clip_fraction        | 0.166        |
|    clip_range           | 0.2          |
|    entropy_loss         | -16.5        |
|    explained_variance   | 0.821        |
|    learning_rate        | 0.0003       |
|    loss                 | 1.35         |
|    n_updates            | 660          |
|    policy_gradient_loss | -0.0114      |
|    std                  | 0.956        |
|    value_loss           | 6.26         |
------------------------------------------
-----------------------------------------
| rollout/                |             |
|    ep_len_mean          | 8.93e+03    |
|    ep_rew_mean          | -694        |
| time/                   |             |
|    fps                  | 359         |
|    iterations           | 68          |
|    time_elapsed         | 387         |
|    total_timesteps      | 139264      |
| train/                  |             |
|    approx_kl            | 0.024916261 |
|    clip_fraction        | 0.289       |
|    clip_range           | 0.2         |
|    entropy_loss         | -16.5       |
|    explained_variance   | 0.939       |
|    learning_rate        | 0.0003      |
|    loss                 | 0.304       |
|    n_updates            | 670         |
|    policy_gradient_loss | -0.0127     |
|    std                  | 0.956       |
|    value_loss           | 1.26        |
-----------------------------------------
-----------------------------------------
| rollout/                |             |
|    ep_len_mean          | 8.93e+03    |
|    ep_rew_mean          | -694        |
| time/                   |             |
|    fps                  | 359         |
|    iterations           | 69          |
|    time_elapsed         | 393         |
|    total_timesteps      | 141312      |
| train/                  |             |
|    approx_kl            | 0.013288219 |
|    clip_fraction        | 0.16        |
|    clip_range           | 0.2         |
|    entropy_loss         | -16.4       |
|    explained_variance   | 0.965       |
|    learning_rate        | 0.0003      |
|    loss                 | 0.861       |
|    n_updates            | 680         |
|    policy_gradient_loss | -0.0138     |
|    std                  | 0.955       |
|    value_loss           | 2.28        |
-----------------------------------------
-----------------------------------------
| rollout/                |             |
|    ep_len_mean          | 8.93e+03    |
|    ep_rew_mean          | -695        |
| time/                   |             |
|    fps                  | 358         |
|    iterations           | 70          |
|    time_elapsed         | 399         |
|    total_timesteps      | 143360      |
| train/                  |             |
|    approx_kl            | 0.011227446 |
|    clip_fraction        | 0.142       |
|    clip_range           | 0.2         |
|    entropy_loss         | -16.4       |
|    explained_variance   | 0.966       |
|    learning_rate        | 0.0003      |
|    loss                 | 1.57        |
|    n_updates            | 690         |
|    policy_gradient_loss | -0.015      |
|    std                  | 0.955       |
|    value_loss           | 3.92        |
-----------------------------------------
---------------------------------------
| rollout/                |           |
|    ep_len_mean          | 8.93e+03  |
|    ep_rew_mean          | -695      |
| time/                   |           |
|    fps                  | 358       |
|    iterations           | 71        |
|    time_elapsed         | 405       |
|    total_timesteps      | 145408    |
| train/                  |           |
|    approx_kl            | 0.0182136 |
|    clip_fraction        | 0.164     |
|    clip_range           | 0.2       |
|    entropy_loss         | -16.4     |
|    explained_variance   | 0.769     |
|    learning_rate        | 0.0003    |
|    loss                 | 5.96      |
|    n_updates            | 700       |
|    policy_gradient_loss | -0.016    |
|    std                  | 0.957     |
|    value_loss           | 6.91      |
---------------------------------------
-----------------------------------------
| rollout/                |             |
|    ep_len_mean          | 8.93e+03    |
|    ep_rew_mean          | -695        |
| time/                   |             |
|    fps                  | 358         |
|    iterations           | 72          |
|    time_elapsed         | 410         |
|    total_timesteps      | 147456      |
| train/                  |             |
|    approx_kl            | 0.028849654 |
|    clip_fraction        | 0.32        |
|    clip_range           | 0.2         |
|    entropy_loss         | -16.5       |
|    explained_variance   | 0.98        |
|    learning_rate        | 0.0003      |
|    loss                 | 0.227       |
|    n_updates            | 710         |
|    policy_gradient_loss | -0.00906    |
|    std                  | 0.956       |
|    value_loss           | 1.03        |
-----------------------------------------
-----------------------------------------
| rollout/                |             |
|    ep_len_mean          | 8.93e+03    |
|    ep_rew_mean          | -695        |
| time/                   |             |
|    fps                  | 358         |
|    iterations           | 73          |
|    time_elapsed         | 416         |
|    total_timesteps      | 149504      |
| train/                  |             |
|    approx_kl            | 0.021673787 |
|    clip_fraction        | 0.209       |
|    clip_range           | 0.2         |
|    entropy_loss         | -16.5       |
|    explained_variance   | 0.939       |
|    learning_rate        | 0.0003      |
|    loss                 | 0.472       |
|    n_updates            | 720         |
|    policy_gradient_loss | -0.00976    |
|    std                  | 0.956       |
|    value_loss           | 1.32        |
-----------------------------------------
----------------------------------------
| rollout/                |            |
|    ep_len_mean          | 8.93e+03   |
|    ep_rew_mean          | -695       |
| time/                   |            |
|    fps                  | 359        |
|    iterations           | 74         |
|    time_elapsed         | 421        |
|    total_timesteps      | 151552     |
| train/                  |            |
|    approx_kl            | 0.01713565 |
|    clip_fraction        | 0.17       |
|    clip_range           | 0.2        |
|    entropy_loss         | -16.5      |
|    explained_variance   | 0.966      |
|    learning_rate        | 0.0003     |
|    loss                 | 0.395      |
|    n_updates            | 730        |
|    policy_gradient_loss | -0.0184    |
|    std                  | 0.957      |
|    value_loss           | 2.16       |
----------------------------------------
-----------------------------------------
| rollout/                |             |
|    ep_len_mean          | 8.93e+03    |
|    ep_rew_mean          | -696        |
| time/                   |             |
|    fps                  | 359         |
|    iterations           | 75          |
|    time_elapsed         | 427         |
|    total_timesteps      | 153600      |
| train/                  |             |
|    approx_kl            | 0.015000565 |
|    clip_fraction        | 0.118       |
|    clip_range           | 0.2         |
|    entropy_loss         | -16.5       |
|    explained_variance   | 0.977       |
|    learning_rate        | 0.0003      |
|    loss                 | 0.673       |
|    n_updates            | 740         |
|    policy_gradient_loss | -0.0146     |
|    std                  | 0.96        |
|    value_loss           | 2.95        |
-----------------------------------------
-----------------------------------------
| rollout/                |             |
|    ep_len_mean          | 8.93e+03    |
|    ep_rew_mean          | -696        |
| time/                   |             |
|    fps                  | 360         |
|    iterations           | 76          |
|    time_elapsed         | 431         |
|    total_timesteps      | 155648      |
| train/                  |             |
|    approx_kl            | 0.020109009 |
|    clip_fraction        | 0.223       |
|    clip_range           | 0.2         |
|    entropy_loss         | -16.5       |
|    explained_variance   | 0.796       |
|    learning_rate        | 0.0003      |
|    loss                 | 0.771       |
|    n_updates            | 750         |
|    policy_gradient_loss | -0.0165     |
|    std                  | 0.961       |
|    value_loss           | 3.5         |
-----------------------------------------
----------------------------------------
| rollout/                |            |
|    ep_len_mean          | 8.93e+03   |
|    ep_rew_mean          | -696       |
| time/                   |            |
|    fps                  | 361        |
|    iterations           | 77         |
|    time_elapsed         | 436        |
|    total_timesteps      | 157696     |
| train/                  |            |
|    approx_kl            | 0.01470154 |
|    clip_fraction        | 0.227      |
|    clip_range           | 0.2        |
|    entropy_loss         | -16.5      |
|    explained_variance   | 0.97       |
|    learning_rate        | 0.0003     |
|    loss                 | 0.361      |
|    n_updates            | 760        |
|    policy_gradient_loss | -0.0118    |
|    std                  | 0.962      |
|    value_loss           | 1.34       |
----------------------------------------
----------------------------------------
| rollout/                |            |
|    ep_len_mean          | 8.93e+03   |
|    ep_rew_mean          | -696       |
| time/                   |            |
|    fps                  | 362        |
|    iterations           | 78         |
|    time_elapsed         | 441        |
|    total_timesteps      | 159744     |
| train/                  |            |
|    approx_kl            | 0.02021361 |
|    clip_fraction        | 0.223      |
|    clip_range           | 0.2        |
|    entropy_loss         | -16.5      |
|    explained_variance   | 0.978      |
|    learning_rate        | 0.0003     |
|    loss                 | 0.394      |
|    n_updates            | 770        |
|    policy_gradient_loss | -0.0218    |
|    std                  | 0.961      |
|    value_loss           | 1.54       |
----------------------------------------
-----------------------------------------
| rollout/                |             |
|    ep_len_mean          | 8.93e+03    |
|    ep_rew_mean          | -696        |
| time/                   |             |
|    fps                  | 362         |
|    iterations           | 79          |
|    time_elapsed         | 446         |
|    total_timesteps      | 161792      |
| train/                  |             |
|    approx_kl            | 0.016196763 |
|    clip_fraction        | 0.159       |
|    clip_range           | 0.2         |
|    entropy_loss         | -16.5       |
|    explained_variance   | 0.966       |
|    learning_rate        | 0.0003      |
|    loss                 | 0.923       |
|    n_updates            | 780         |
|    policy_gradient_loss | -0.0157     |
|    std                  | 0.959       |
|    value_loss           | 3.39        |
-----------------------------------------
-----------------------------------------
| rollout/                |             |
|    ep_len_mean          | 8.93e+03    |
|    ep_rew_mean          | -696        |
| time/                   |             |
|    fps                  | 362         |
|    iterations           | 80          |
|    time_elapsed         | 451         |
|    total_timesteps      | 163840      |
| train/                  |             |
|    approx_kl            | 0.014450615 |
|    clip_fraction        | 0.148       |
|    clip_range           | 0.2         |
|    entropy_loss         | -16.5       |
|    explained_variance   | 0.853       |
|    learning_rate        | 0.0003      |
|    loss                 | 2.59        |
|    n_updates            | 790         |
|    policy_gradient_loss | -0.0108     |
|    std                  | 0.96        |
|    value_loss           | 6.65        |
-----------------------------------------
-----------------------------------------
| rollout/                |             |
|    ep_len_mean          | 8.93e+03    |
|    ep_rew_mean          | -696        |
| time/                   |             |
|    fps                  | 363         |
|    iterations           | 81          |
|    time_elapsed         | 456         |
|    total_timesteps      | 165888      |
| train/                  |             |
|    approx_kl            | 0.017199125 |
|    clip_fraction        | 0.204       |
|    clip_range           | 0.2         |
|    entropy_loss         | -16.5       |
|    explained_variance   | 0.921       |
|    learning_rate        | 0.0003      |
|    loss                 | 0.82        |
|    n_updates            | 800         |
|    policy_gradient_loss | -0.00944    |
|    std                  | 0.957       |
|    value_loss           | 1.9         |
-----------------------------------------
-----------------------------------------
| rollout/                |             |
|    ep_len_mean          | 8.93e+03    |
|    ep_rew_mean          | -696        |
| time/                   |             |
|    fps                  | 364         |
|    iterations           | 82          |
|    time_elapsed         | 461         |
|    total_timesteps      | 167936      |
| train/                  |             |
|    approx_kl            | 0.017611312 |
|    clip_fraction        | 0.172       |
|    clip_range           | 0.2         |
|    entropy_loss         | -16.5       |
|    explained_variance   | 0.94        |
|    learning_rate        | 0.0003      |
|    loss                 | 1.71        |
|    n_updates            | 810         |
|    policy_gradient_loss | -0.0142     |
|    std                  | 0.957       |
|    value_loss           | 3.63        |
-----------------------------------------
-----------------------------------------
| rollout/                |             |
|    ep_len_mean          | 8.93e+03    |
|    ep_rew_mean          | -696        |
| time/                   |             |
|    fps                  | 364         |
|    iterations           | 83          |
|    time_elapsed         | 466         |
|    total_timesteps      | 169984      |
| train/                  |             |
|    approx_kl            | 0.020069866 |
|    clip_fraction        | 0.168       |
|    clip_range           | 0.2         |
|    entropy_loss         | -16.5       |
|    explained_variance   | 0.961       |
|    learning_rate        | 0.0003      |
|    loss                 | 1.2         |
|    n_updates            | 820         |
|    policy_gradient_loss | -0.014      |
|    std                  | 0.955       |
|    value_loss           | 3.99        |
-----------------------------------------
-----------------------------------------
| rollout/                |             |
|    ep_len_mean          | 8.93e+03    |
|    ep_rew_mean          | -696        |
| time/                   |             |
|    fps                  | 365         |
|    iterations           | 84          |
|    time_elapsed         | 470         |
|    total_timesteps      | 172032      |
| train/                  |             |
|    approx_kl            | 0.015737414 |
|    clip_fraction        | 0.195       |
|    clip_range           | 0.2         |
|    entropy_loss         | -16.5       |
|    explained_variance   | 0.92        |
|    learning_rate        | 0.0003      |
|    loss                 | 2           |
|    n_updates            | 830         |
|    policy_gradient_loss | -0.017      |
|    std                  | 0.956       |
|    value_loss           | 5.45        |
-----------------------------------------
-----------------------------------------
| rollout/                |             |
|    ep_len_mean          | 8.93e+03    |
|    ep_rew_mean          | -696        |
| time/                   |             |
|    fps                  | 366         |
|    iterations           | 85          |
|    time_elapsed         | 475         |
|    total_timesteps      | 174080      |
| train/                  |             |
|    approx_kl            | 0.028823406 |
|    clip_fraction        | 0.341       |
|    clip_range           | 0.2         |
|    entropy_loss         | -16.5       |
|    explained_variance   | 0.943       |
|    learning_rate        | 0.0003      |
|    loss                 | 0.236       |
|    n_updates            | 840         |
|    policy_gradient_loss | -0.00793    |
|    std                  | 0.959       |
|    value_loss           | 1.12        |
-----------------------------------------
-----------------------------------------
| rollout/                |             |
|    ep_len_mean          | 8.93e+03    |
|    ep_rew_mean          | -696        |
| time/                   |             |
|    fps                  | 366         |
|    iterations           | 86          |
|    time_elapsed         | 480         |
|    total_timesteps      | 176128      |
| train/                  |             |
|    approx_kl            | 0.023873467 |
|    clip_fraction        | 0.299       |
|    clip_range           | 0.2         |
|    entropy_loss         | -16.5       |
|    explained_variance   | 0.889       |
|    learning_rate        | 0.0003      |
|    loss                 | 0.29        |
|    n_updates            | 850         |
|    policy_gradient_loss | -0.00689    |
|    std                  | 0.956       |
|    value_loss           | 1.11        |
-----------------------------------------
-----------------------------------------
| rollout/                |             |
|    ep_len_mean          | 8.93e+03    |
|    ep_rew_mean          | -696        |
| time/                   |             |
|    fps                  | 367         |
|    iterations           | 87          |
|    time_elapsed         | 485         |
|    total_timesteps      | 178176      |
| train/                  |             |
|    approx_kl            | 0.022036824 |
|    clip_fraction        | 0.238       |
|    clip_range           | 0.2         |
|    entropy_loss         | -16.5       |
|    explained_variance   | 0.948       |
|    learning_rate        | 0.0003      |
|    loss                 | 0.464       |
|    n_updates            | 860         |
|    policy_gradient_loss | -0.0145     |
|    std                  | 0.958       |
|    value_loss           | 1.42        |
-----------------------------------------
-----------------------------------------
| rollout/                |             |
|    ep_len_mean          | 8.93e+03    |
|    ep_rew_mean          | -696        |
| time/                   |             |
|    fps                  | 367         |
|    iterations           | 88          |
|    time_elapsed         | 489         |
|    total_timesteps      | 180224      |
| train/                  |             |
|    approx_kl            | 0.016833916 |
|    clip_fraction        | 0.189       |
|    clip_range           | 0.2         |
|    entropy_loss         | -16.5       |
|    explained_variance   | 0.959       |
|    learning_rate        | 0.0003      |
|    loss                 | 0.872       |
|    n_updates            | 870         |
|    policy_gradient_loss | -0.0165     |
|    std                  | 0.958       |
|    value_loss           | 2.36        |
-----------------------------------------
-----------------------------------------
| rollout/                |             |
|    ep_len_mean          | 8.93e+03    |
|    ep_rew_mean          | -696        |
| time/                   |             |
|    fps                  | 368         |
|    iterations           | 89          |
|    time_elapsed         | 494         |
|    total_timesteps      | 182272      |
| train/                  |             |
|    approx_kl            | 0.015479973 |
|    clip_fraction        | 0.171       |
|    clip_range           | 0.2         |
|    entropy_loss         | -16.5       |
|    explained_variance   | 0.749       |
|    learning_rate        | 0.0003      |
|    loss                 | 3.96        |
|    n_updates            | 880         |
|    policy_gradient_loss | -0.0136     |
|    std                  | 0.959       |
|    value_loss           | 6.86        |
-----------------------------------------
-----------------------------------------
| rollout/                |             |
|    ep_len_mean          | 8.93e+03    |
|    ep_rew_mean          | -696        |
| time/                   |             |
|    fps                  | 369         |
|    iterations           | 90          |
|    time_elapsed         | 499         |
|    total_timesteps      | 184320      |
| train/                  |             |
|    approx_kl            | 0.027219485 |
|    clip_fraction        | 0.243       |
|    clip_range           | 0.2         |
|    entropy_loss         | -16.5       |
|    explained_variance   | 0.952       |
|    learning_rate        | 0.0003      |
|    loss                 | 0.519       |
|    n_updates            | 890         |
|    policy_gradient_loss | -0.0107     |
|    std                  | 0.955       |
|    value_loss           | 1.89        |
-----------------------------------------
-----------------------------------------
| rollout/                |             |
|    ep_len_mean          | 8.93e+03    |
|    ep_rew_mean          | -696        |
| time/                   |             |
|    fps                  | 370         |
|    iterations           | 91          |
|    time_elapsed         | 503         |
|    total_timesteps      | 186368      |
| train/                  |             |
|    approx_kl            | 0.017862163 |
|    clip_fraction        | 0.217       |
|    clip_range           | 0.2         |
|    entropy_loss         | -16.4       |
|    explained_variance   | 0.964       |
|    learning_rate        | 0.0003      |
|    loss                 | 0.75        |
|    n_updates            | 900         |
|    policy_gradient_loss | -0.0162     |
|    std                  | 0.954       |
|    value_loss           | 1.72        |
-----------------------------------------
-----------------------------------------
| rollout/                |             |
|    ep_len_mean          | 8.93e+03    |
|    ep_rew_mean          | -696        |
| time/                   |             |
|    fps                  | 370         |
|    iterations           | 92          |
|    time_elapsed         | 508         |
|    total_timesteps      | 188416      |
| train/                  |             |
|    approx_kl            | 0.014443125 |
|    clip_fraction        | 0.167       |
|    clip_range           | 0.2         |
|    entropy_loss         | -16.4       |
|    explained_variance   | 0.964       |
|    learning_rate        | 0.0003      |
|    loss                 | 0.756       |
|    n_updates            | 910         |
|    policy_gradient_loss | -0.0145     |
|    std                  | 0.953       |
|    value_loss           | 2.44        |
-----------------------------------------
----------------------------------------
| rollout/                |            |
|    ep_len_mean          | 8.93e+03   |
|    ep_rew_mean          | -696       |
| time/                   |            |
|    fps                  | 371        |
|    iterations           | 93         |
|    time_elapsed         | 513        |
|    total_timesteps      | 190464     |
| train/                  |            |
|    approx_kl            | 0.01585762 |
|    clip_fraction        | 0.147      |
|    clip_range           | 0.2        |
|    entropy_loss         | -16.4      |
|    explained_variance   | 0.779      |
|    learning_rate        | 0.0003     |
|    loss                 | 4.55       |
|    n_updates            | 920        |
|    policy_gradient_loss | -0.0129    |
|    std                  | 0.95       |
|    value_loss           | 5.46       |
----------------------------------------
-----------------------------------------
| rollout/                |             |
|    ep_len_mean          | 8.93e+03    |
|    ep_rew_mean          | -696        |
| time/                   |             |
|    fps                  | 371         |
|    iterations           | 94          |
|    time_elapsed         | 518         |
|    total_timesteps      | 192512      |
| train/                  |             |
|    approx_kl            | 0.026724383 |
|    clip_fraction        | 0.332       |
|    clip_range           | 0.2         |
|    entropy_loss         | -16.4       |
|    explained_variance   | 0.971       |
|    learning_rate        | 0.0003      |
|    loss                 | 0.426       |
|    n_updates            | 930         |
|    policy_gradient_loss | -0.0115     |
|    std                  | 0.949       |
|    value_loss           | 0.884       |
-----------------------------------------
-----------------------------------------
| rollout/                |             |
|    ep_len_mean          | 8.93e+03    |
|    ep_rew_mean          | -696        |
| time/                   |             |
|    fps                  | 372         |
|    iterations           | 95          |
|    time_elapsed         | 522         |
|    total_timesteps      | 194560      |
| train/                  |             |
|    approx_kl            | 0.018362487 |
|    clip_fraction        | 0.232       |
|    clip_range           | 0.2         |
|    entropy_loss         | -16.4       |
|    explained_variance   | 0.973       |
|    learning_rate        | 0.0003      |
|    loss                 | 0.527       |
|    n_updates            | 940         |
|    policy_gradient_loss | -0.0155     |
|    std                  | 0.951       |
|    value_loss           | 1.44        |
-----------------------------------------
-----------------------------------------
| rollout/                |             |
|    ep_len_mean          | 8.93e+03    |
|    ep_rew_mean          | -695        |
| time/                   |             |
|    fps                  | 372         |
|    iterations           | 96          |
|    time_elapsed         | 527         |
|    total_timesteps      | 196608      |
| train/                  |             |
|    approx_kl            | 0.015921405 |
|    clip_fraction        | 0.193       |
|    clip_range           | 0.2         |
|    entropy_loss         | -16.4       |
|    explained_variance   | 0.975       |
|    learning_rate        | 0.0003      |
|    loss                 | 0.669       |
|    n_updates            | 950         |
|    policy_gradient_loss | -0.0166     |
|    std                  | 0.952       |
|    value_loss           | 1.64        |
-----------------------------------------
-----------------------------------------
| rollout/                |             |
|    ep_len_mean          | 8.93e+03    |
|    ep_rew_mean          | -695        |
| time/                   |             |
|    fps                  | 373         |
|    iterations           | 97          |
|    time_elapsed         | 532         |
|    total_timesteps      | 198656      |
| train/                  |             |
|    approx_kl            | 0.011907465 |
|    clip_fraction        | 0.0968      |
|    clip_range           | 0.2         |
|    entropy_loss         | -16.4       |
|    explained_variance   | 0.855       |
|    learning_rate        | 0.0003      |
|    loss                 | 1.18        |
|    n_updates            | 960         |
|    policy_gradient_loss | -0.00884    |
|    std                  | 0.952       |
|    value_loss           | 6.31        |
-----------------------------------------
-----------------------------------------
| rollout/                |             |
|    ep_len_mean          | 8.93e+03    |
|    ep_rew_mean          | -695        |
| time/                   |             |
|    fps                  | 373         |
|    iterations           | 98          |
|    time_elapsed         | 536         |
|    total_timesteps      | 200704      |
| train/                  |             |
|    approx_kl            | 0.028349709 |
|    clip_fraction        | 0.331       |
|    clip_range           | 0.2         |
|    entropy_loss         | -16.4       |
|    explained_variance   | 0.975       |
|    learning_rate        | 0.0003      |
|    loss                 | 0.197       |
|    n_updates            | 970         |
|    policy_gradient_loss | -0.0105     |
|    std                  | 0.956       |
|    value_loss           | 0.636       |
-----------------------------------------
-----------------------------------------
| rollout/                |             |
|    ep_len_mean          | 8.93e+03    |
|    ep_rew_mean          | -695        |
| time/                   |             |
|    fps                  | 374         |
|    iterations           | 99          |
|    time_elapsed         | 541         |
|    total_timesteps      | 202752      |
| train/                  |             |
|    approx_kl            | 0.023103235 |
|    clip_fraction        | 0.314       |
|    clip_range           | 0.2         |
|    entropy_loss         | -16.5       |
|    explained_variance   | 0.959       |
|    learning_rate        | 0.0003      |
|    loss                 | 0.185       |
|    n_updates            | 980         |
|    policy_gradient_loss | -0.0134     |
|    std                  | 0.956       |
|    value_loss           | 0.671       |
-----------------------------------------
-----------------------------------------
| rollout/                |             |
|    ep_len_mean          | 8.93e+03    |
|    ep_rew_mean          | -695        |
| time/                   |             |
|    fps                  | 375         |
|    iterations           | 100         |
|    time_elapsed         | 546         |
|    total_timesteps      | 204800      |
| train/                  |             |
|    approx_kl            | 0.024545599 |
|    clip_fraction        | 0.249       |
|    clip_range           | 0.2         |
|    entropy_loss         | -16.4       |
|    explained_variance   | 0.977       |
|    learning_rate        | 0.0003      |
|    loss                 | 0.209       |
|    n_updates            | 990         |
|    policy_gradient_loss | -0.0159     |
|    std                  | 0.954       |
|    value_loss           | 0.74        |
-----------------------------------------
-----------------------------------------
| rollout/                |             |
|    ep_len_mean          | 8.93e+03    |
|    ep_rew_mean          | -696        |
| time/                   |             |
|    fps                  | 375         |
|    iterations           | 101         |
|    time_elapsed         | 550         |
|    total_timesteps      | 206848      |
| train/                  |             |
|    approx_kl            | 0.021370744 |
|    clip_fraction        | 0.204       |
|    clip_range           | 0.2         |
|    entropy_loss         | -16.4       |
|    explained_variance   | 0.968       |
|    learning_rate        | 0.0003      |
|    loss                 | 0.532       |
|    n_updates            | 1000        |
|    policy_gradient_loss | -0.0135     |
|    std                  | 0.952       |
|    value_loss           | 1.52        |
-----------------------------------------
-----------------------------------------
| rollout/                |             |
|    ep_len_mean          | 8.93e+03    |
|    ep_rew_mean          | -696        |
| time/                   |             |
|    fps                  | 376         |
|    iterations           | 102         |
|    time_elapsed         | 555         |
|    total_timesteps      | 208896      |
| train/                  |             |
|    approx_kl            | 0.010901192 |
|    clip_fraction        | 0.133       |
|    clip_range           | 0.2         |
|    entropy_loss         | -16.4       |
|    explained_variance   | 0.741       |
|    learning_rate        | 0.0003      |
|    loss                 | 3.29        |
|    n_updates            | 1010        |
|    policy_gradient_loss | -0.011      |
|    std                  | 0.953       |
|    value_loss           | 6.86        |
-----------------------------------------
-----------------------------------------
| rollout/                |             |
|    ep_len_mean          | 8.93e+03    |
|    ep_rew_mean          | -696        |
| time/                   |             |
|    fps                  | 376         |
|    iterations           | 103         |
|    time_elapsed         | 560         |
|    total_timesteps      | 210944      |
| train/                  |             |
|    approx_kl            | 0.021563794 |
|    clip_fraction        | 0.263       |
|    clip_range           | 0.2         |
|    entropy_loss         | -16.4       |
|    explained_variance   | 0.958       |
|    learning_rate        | 0.0003      |
|    loss                 | 0.206       |
|    n_updates            | 1020        |
|    policy_gradient_loss | -0.0162     |
|    std                  | 0.955       |
|    value_loss           | 0.998       |
-----------------------------------------
-----------------------------------------
| rollout/                |             |
|    ep_len_mean          | 8.93e+03    |
|    ep_rew_mean          | -696        |
| time/                   |             |
|    fps                  | 376         |
|    iterations           | 104         |
|    time_elapsed         | 565         |
|    total_timesteps      | 212992      |
| train/                  |             |
|    approx_kl            | 0.017862765 |
|    clip_fraction        | 0.227       |
|    clip_range           | 0.2         |
|    entropy_loss         | -16.5       |
|    explained_variance   | 0.975       |
|    learning_rate        | 0.0003      |
|    loss                 | 0.45        |
|    n_updates            | 1030        |
|    policy_gradient_loss | -0.0129     |
|    std                  | 0.957       |
|    value_loss           | 1.18        |
-----------------------------------------
-----------------------------------------
| rollout/                |             |
|    ep_len_mean          | 8.93e+03    |
|    ep_rew_mean          | -696        |
| time/                   |             |
|    fps                  | 377         |
|    iterations           | 105         |
|    time_elapsed         | 569         |
|    total_timesteps      | 215040      |
| train/                  |             |
|    approx_kl            | 0.014739049 |
|    clip_fraction        | 0.154       |
|    clip_range           | 0.2         |
|    entropy_loss         | -16.5       |
|    explained_variance   | 0.968       |
|    learning_rate        | 0.0003      |
|    loss                 | 0.759       |
|    n_updates            | 1040        |
|    policy_gradient_loss | -0.0135     |
|    std                  | 0.956       |
|    value_loss           | 2.27        |
-----------------------------------------
-----------------------------------------
| rollout/                |             |
|    ep_len_mean          | 8.93e+03    |
|    ep_rew_mean          | -696        |
| time/                   |             |
|    fps                  | 377         |
|    iterations           | 106         |
|    time_elapsed         | 574         |
|    total_timesteps      | 217088      |
| train/                  |             |
|    approx_kl            | 0.009891879 |
|    clip_fraction        | 0.108       |
|    clip_range           | 0.2         |
|    entropy_loss         | -16.4       |
|    explained_variance   | 0.718       |
|    learning_rate        | 0.0003      |
|    loss                 | 1.03        |
|    n_updates            | 1050        |
|    policy_gradient_loss | -0.00914    |
|    std                  | 0.953       |
|    value_loss           | 8.57        |
-----------------------------------------
-----------------------------------------
| rollout/                |             |
|    ep_len_mean          | 8.93e+03    |
|    ep_rew_mean          | -696        |
| time/                   |             |
|    fps                  | 378         |
|    iterations           | 107         |
|    time_elapsed         | 579         |
|    total_timesteps      | 219136      |
| train/                  |             |
|    approx_kl            | 0.026581679 |
|    clip_fraction        | 0.305       |
|    clip_range           | 0.2         |
|    entropy_loss         | -16.4       |
|    explained_variance   | 0.97        |
|    learning_rate        | 0.0003      |
|    loss                 | 0.413       |
|    n_updates            | 1060        |
|    policy_gradient_loss | -0.00926    |
|    std                  | 0.95        |
|    value_loss           | 0.933       |
-----------------------------------------
-----------------------------------------
| rollout/                |             |
|    ep_len_mean          | 8.93e+03    |
|    ep_rew_mean          | -696        |
| time/                   |             |
|    fps                  | 378         |
|    iterations           | 108         |
|    time_elapsed         | 584         |
|    total_timesteps      | 221184      |
| train/                  |             |
|    approx_kl            | 0.018465739 |
|    clip_fraction        | 0.227       |
|    clip_range           | 0.2         |
|    entropy_loss         | -16.4       |
|    explained_variance   | 0.948       |
|    learning_rate        | 0.0003      |
|    loss                 | 0.542       |
|    n_updates            | 1070        |
|    policy_gradient_loss | -0.0193     |
|    std                  | 0.951       |
|    value_loss           | 1.45        |
-----------------------------------------
----------------------------------------
| rollout/                |            |
|    ep_len_mean          | 8.93e+03   |
|    ep_rew_mean          | -695       |
| time/                   |            |
|    fps                  | 378        |
|    iterations           | 109        |
|    time_elapsed         | 589        |
|    total_timesteps      | 223232     |
| train/                  |            |
|    approx_kl            | 0.01620801 |
|    clip_fraction        | 0.178      |
|    clip_range           | 0.2        |
|    entropy_loss         | -16.4      |
|    explained_variance   | 0.959      |
|    learning_rate        | 0.0003     |
|    loss                 | 0.896      |
|    n_updates            | 1080       |
|    policy_gradient_loss | -0.0152    |
|    std                  | 0.948      |
|    value_loss           | 2.06       |
----------------------------------------
-----------------------------------------
| rollout/                |             |
|    ep_len_mean          | 8.93e+03    |
|    ep_rew_mean          | -695        |
| time/                   |             |
|    fps                  | 379         |
|    iterations           | 110         |
|    time_elapsed         | 593         |
|    total_timesteps      | 225280      |
| train/                  |             |
|    approx_kl            | 0.009609978 |
|    clip_fraction        | 0.113       |
|    clip_range           | 0.2         |
|    entropy_loss         | -16.4       |
|    explained_variance   | 0.893       |
|    learning_rate        | 0.0003      |
|    loss                 | 3.56        |
|    n_updates            | 1090        |
|    policy_gradient_loss | -0.0113     |
|    std                  | 0.947       |
|    value_loss           | 7.15        |
-----------------------------------------
----------------------------------------
| rollout/                |            |
|    ep_len_mean          | 8.93e+03   |
|    ep_rew_mean          | -695       |
| time/                   |            |
|    fps                  | 379        |
|    iterations           | 111        |
|    time_elapsed         | 598        |
|    total_timesteps      | 227328     |
| train/                  |            |
|    approx_kl            | 0.03985427 |
|    clip_fraction        | 0.338      |
|    clip_range           | 0.2        |
|    entropy_loss         | -16.3      |
|    explained_variance   | 0.973      |
|    learning_rate        | 0.0003     |
|    loss                 | 0.359      |
|    n_updates            | 1100       |
|    policy_gradient_loss | -0.0073    |
|    std                  | 0.943      |
|    value_loss           | 0.868      |
----------------------------------------
-----------------------------------------
| rollout/                |             |
|    ep_len_mean          | 8.93e+03    |
|    ep_rew_mean          | -695        |
| time/                   |             |
|    fps                  | 379         |
|    iterations           | 112         |
|    time_elapsed         | 603         |
|    total_timesteps      | 229376      |
| train/                  |             |
|    approx_kl            | 0.031256337 |
|    clip_fraction        | 0.298       |
|    clip_range           | 0.2         |
|    entropy_loss         | -16.3       |
|    explained_variance   | 0.955       |
|    learning_rate        | 0.0003      |
|    loss                 | 0.364       |
|    n_updates            | 1110        |
|    policy_gradient_loss | -0.00752    |
|    std                  | 0.943       |
|    value_loss           | 0.951       |
-----------------------------------------
-----------------------------------------
| rollout/                |             |
|    ep_len_mean          | 8.93e+03    |
|    ep_rew_mean          | -695        |
| time/                   |             |
|    fps                  | 380         |
|    iterations           | 113         |
|    time_elapsed         | 608         |
|    total_timesteps      | 231424      |
| train/                  |             |
|    approx_kl            | 0.022430845 |
|    clip_fraction        | 0.253       |
|    clip_range           | 0.2         |
|    entropy_loss         | -16.3       |
|    explained_variance   | 0.978       |
|    learning_rate        | 0.0003      |
|    loss                 | 0.23        |
|    n_updates            | 1120        |
|    policy_gradient_loss | -0.0127     |
|    std                  | 0.943       |
|    value_loss           | 0.899       |
-----------------------------------------
-----------------------------------------
| rollout/                |             |
|    ep_len_mean          | 8.93e+03    |
|    ep_rew_mean          | -696        |
| time/                   |             |
|    fps                  | 380         |
|    iterations           | 114         |
|    time_elapsed         | 613         |
|    total_timesteps      | 233472      |
| train/                  |             |
|    approx_kl            | 0.018487347 |
|    clip_fraction        | 0.184       |
|    clip_range           | 0.2         |
|    entropy_loss         | -16.3       |
|    explained_variance   | 0.964       |
|    learning_rate        | 0.0003      |
|    loss                 | 0.696       |
|    n_updates            | 1130        |
|    policy_gradient_loss | -0.0149     |
|    std                  | 0.941       |
|    value_loss           | 2.05        |
-----------------------------------------
-----------------------------------------
| rollout/                |             |
|    ep_len_mean          | 8.93e+03    |
|    ep_rew_mean          | -696        |
| time/                   |             |
|    fps                  | 380         |
|    iterations           | 115         |
|    time_elapsed         | 618         |
|    total_timesteps      | 235520      |
| train/                  |             |
|    approx_kl            | 0.017043266 |
|    clip_fraction        | 0.177       |
|    clip_range           | 0.2         |
|    entropy_loss         | -16.3       |
|    explained_variance   | 0.74        |
|    learning_rate        | 0.0003      |
|    loss                 | 11.8        |
|    n_updates            | 1140        |
|    policy_gradient_loss | -0.00736    |
|    std                  | 0.941       |
|    value_loss           | 9.42        |
-----------------------------------------
----------------------------------------
| rollout/                |            |
|    ep_len_mean          | 8.93e+03   |
|    ep_rew_mean          | -696       |
| time/                   |            |
|    fps                  | 381        |
|    iterations           | 116        |
|    time_elapsed         | 623        |
|    total_timesteps      | 237568     |
| train/                  |            |
|    approx_kl            | 0.05482405 |
|    clip_fraction        | 0.348      |
|    clip_range           | 0.2        |
|    entropy_loss         | -16.3      |
|    explained_variance   | 0.961      |
|    learning_rate        | 0.0003     |
|    loss                 | 0.28       |
|    n_updates            | 1150       |
|    policy_gradient_loss | -0.00948   |
|    std                  | 0.942      |
|    value_loss           | 1.01       |
----------------------------------------
----------------------------------------
| rollout/                |            |
|    ep_len_mean          | 8.93e+03   |
|    ep_rew_mean          | -696       |
| time/                   |            |
|    fps                  | 381        |
|    iterations           | 117        |
|    time_elapsed         | 628        |
|    total_timesteps      | 239616     |
| train/                  |            |
|    approx_kl            | 0.02574784 |
|    clip_fraction        | 0.255      |
|    clip_range           | 0.2        |
|    entropy_loss         | -16.3      |
|    explained_variance   | 0.972      |
|    learning_rate        | 0.0003     |
|    loss                 | 0.398      |
|    n_updates            | 1160       |
|    policy_gradient_loss | -0.0155    |
|    std                  | 0.946      |
|    value_loss           | 1.11       |
----------------------------------------
-----------------------------------------
| rollout/                |             |
|    ep_len_mean          | 8.93e+03    |
|    ep_rew_mean          | -696        |
| time/                   |             |
|    fps                  | 381         |
|    iterations           | 118         |
|    time_elapsed         | 632         |
|    total_timesteps      | 241664      |
| train/                  |             |
|    approx_kl            | 0.014092572 |
|    clip_fraction        | 0.19        |
|    clip_range           | 0.2         |
|    entropy_loss         | -16.3       |
|    explained_variance   | 0.968       |
|    learning_rate        | 0.0003      |
|    loss                 | 1.11        |
|    n_updates            | 1170        |
|    policy_gradient_loss | -0.0119     |
|    std                  | 0.945       |
|    value_loss           | 1.93        |
-----------------------------------------
-----------------------------------------
| rollout/                |             |
|    ep_len_mean          | 8.93e+03    |
|    ep_rew_mean          | -696        |
| time/                   |             |
|    fps                  | 382         |
|    iterations           | 119         |
|    time_elapsed         | 637         |
|    total_timesteps      | 243712      |
| train/                  |             |
|    approx_kl            | 0.017145637 |
|    clip_fraction        | 0.159       |
|    clip_range           | 0.2         |
|    entropy_loss         | -16.3       |
|    explained_variance   | 0.765       |
|    learning_rate        | 0.0003      |
|    loss                 | 0.402       |
|    n_updates            | 1180        |
|    policy_gradient_loss | -0.0117     |
|    std                  | 0.946       |
|    value_loss           | 6.5         |
-----------------------------------------
-----------------------------------------
| rollout/                |             |
|    ep_len_mean          | 8.93e+03    |
|    ep_rew_mean          | -696        |
| time/                   |             |
|    fps                  | 382         |
|    iterations           | 120         |
|    time_elapsed         | 641         |
|    total_timesteps      | 245760      |
| train/                  |             |
|    approx_kl            | 0.029217869 |
|    clip_fraction        | 0.315       |
|    clip_range           | 0.2         |
|    entropy_loss         | -16.3       |
|    explained_variance   | 0.983       |
|    learning_rate        | 0.0003      |
|    loss                 | 0.372       |
|    n_updates            | 1190        |
|    policy_gradient_loss | -0.00952    |
|    std                  | 0.944       |
|    value_loss           | 0.961       |
-----------------------------------------
----------------------------------------
| rollout/                |            |
|    ep_len_mean          | 8.93e+03   |
|    ep_rew_mean          | -696       |
| time/                   |            |
|    fps                  | 383        |
|    iterations           | 121        |
|    time_elapsed         | 646        |
|    total_timesteps      | 247808     |
| train/                  |            |
|    approx_kl            | 0.02264045 |
|    clip_fraction        | 0.226      |
|    clip_range           | 0.2        |
|    entropy_loss         | -16.3      |
|    explained_variance   | 0.954      |
|    learning_rate        | 0.0003     |
|    loss                 | 0.344      |
|    n_updates            | 1200       |
|    policy_gradient_loss | -0.0151    |
|    std                  | 0.943      |
|    value_loss           | 1.41       |
----------------------------------------
-----------------------------------------
| rollout/                |             |
|    ep_len_mean          | 8.93e+03    |
|    ep_rew_mean          | -696        |
| time/                   |             |
|    fps                  | 383         |
|    iterations           | 122         |
|    time_elapsed         | 650         |
|    total_timesteps      | 249856      |
| train/                  |             |
|    approx_kl            | 0.020683564 |
|    clip_fraction        | 0.217       |
|    clip_range           | 0.2         |
|    entropy_loss         | -16.3       |
|    explained_variance   | 0.977       |
|    learning_rate        | 0.0003      |
|    loss                 | 0.585       |
|    n_updates            | 1210        |
|    policy_gradient_loss | -0.0116     |
|    std                  | 0.938       |
|    value_loss           | 1.62        |
-----------------------------------------
-----------------------------------------
| rollout/                |             |
|    ep_len_mean          | 8.93e+03    |
|    ep_rew_mean          | -695        |
| time/                   |             |
|    fps                  | 384         |
|    iterations           | 123         |
|    time_elapsed         | 655         |
|    total_timesteps      | 251904      |
| train/                  |             |
|    approx_kl            | 0.016126739 |
|    clip_fraction        | 0.194       |
|    clip_range           | 0.2         |
|    entropy_loss         | -16.2       |
|    explained_variance   | 0.973       |
|    learning_rate        | 0.0003      |
|    loss                 | 0.746       |
|    n_updates            | 1220        |
|    policy_gradient_loss | -0.0153     |
|    std                  | 0.938       |
|    value_loss           | 2.48        |
-----------------------------------------
-----------------------------------------
| rollout/                |             |
|    ep_len_mean          | 8.93e+03    |
|    ep_rew_mean          | -695        |
| time/                   |             |
|    fps                  | 384         |
|    iterations           | 124         |
|    time_elapsed         | 659         |
|    total_timesteps      | 253952      |
| train/                  |             |
|    approx_kl            | 0.020913282 |
|    clip_fraction        | 0.174       |
|    clip_range           | 0.2         |
|    entropy_loss         | -16.2       |
|    explained_variance   | 0.704       |
|    learning_rate        | 0.0003      |
|    loss                 | 1.88        |
|    n_updates            | 1230        |
|    policy_gradient_loss | -0.00715    |
|    std                  | 0.938       |
|    value_loss           | 5.37        |
-----------------------------------------
-----------------------------------------
| rollout/                |             |
|    ep_len_mean          | 8.93e+03    |
|    ep_rew_mean          | -695        |
| time/                   |             |
|    fps                  | 385         |
|    iterations           | 125         |
|    time_elapsed         | 664         |
|    total_timesteps      | 256000      |
| train/                  |             |
|    approx_kl            | 0.034944605 |
|    clip_fraction        | 0.302       |
|    clip_range           | 0.2         |
|    entropy_loss         | -16.2       |
|    explained_variance   | 0.965       |
|    learning_rate        | 0.0003      |
|    loss                 | 0.329       |
|    n_updates            | 1240        |
|    policy_gradient_loss | -0.0133     |
|    std                  | 0.939       |
|    value_loss           | 1.41        |
-----------------------------------------
-----------------------------------------
| rollout/                |             |
|    ep_len_mean          | 8.93e+03    |
|    ep_rew_mean          | -695        |
| time/                   |             |
|    fps                  | 385         |
|    iterations           | 126         |
|    time_elapsed         | 668         |
|    total_timesteps      | 258048      |
| train/                  |             |
|    approx_kl            | 0.022358388 |
|    clip_fraction        | 0.277       |
|    clip_range           | 0.2         |
|    entropy_loss         | -16.2       |
|    explained_variance   | 0.981       |
|    learning_rate        | 0.0003      |
|    loss                 | 0.492       |
|    n_updates            | 1250        |
|    policy_gradient_loss | -0.0136     |
|    std                  | 0.94        |
|    value_loss           | 1.28        |
-----------------------------------------
-----------------------------------------
| rollout/                |             |
|    ep_len_mean          | 8.93e+03    |
|    ep_rew_mean          | -695        |
| time/                   |             |
|    fps                  | 386         |
|    iterations           | 127         |
|    time_elapsed         | 673         |
|    total_timesteps      | 260096      |
| train/                  |             |
|    approx_kl            | 0.017369628 |
|    clip_fraction        | 0.224       |
|    clip_range           | 0.2         |
|    entropy_loss         | -16.2       |
|    explained_variance   | 0.958       |
|    learning_rate        | 0.0003      |
|    loss                 | 1.6         |
|    n_updates            | 1260        |
|    policy_gradient_loss | -0.015      |
|    std                  | 0.939       |
|    value_loss           | 2.54        |
-----------------------------------------
-----------------------------------------
| rollout/                |             |
|    ep_len_mean          | 8.93e+03    |
|    ep_rew_mean          | -695        |
| time/                   |             |
|    fps                  | 386         |
|    iterations           | 128         |
|    time_elapsed         | 677         |
|    total_timesteps      | 262144      |
| train/                  |             |
|    approx_kl            | 0.025651235 |
|    clip_fraction        | 0.186       |
|    clip_range           | 0.2         |
|    entropy_loss         | -16.2       |
|    explained_variance   | 0.791       |
|    learning_rate        | 0.0003      |
|    loss                 | 0.886       |
|    n_updates            | 1270        |
|    policy_gradient_loss | -0.011      |
|    std                  | 0.94        |
|    value_loss           | 7.77        |
-----------------------------------------
-----------------------------------------
| rollout/                |             |
|    ep_len_mean          | 8.93e+03    |
|    ep_rew_mean          | -695        |
| time/                   |             |
|    fps                  | 387         |
|    iterations           | 129         |
|    time_elapsed         | 682         |
|    total_timesteps      | 264192      |
| train/                  |             |
|    approx_kl            | 0.019355256 |
|    clip_fraction        | 0.277       |
|    clip_range           | 0.2         |
|    entropy_loss         | -16.2       |
|    explained_variance   | 0.946       |
|    learning_rate        | 0.0003      |
|    loss                 | 0.458       |
|    n_updates            | 1280        |
|    policy_gradient_loss | -0.00533    |
|    std                  | 0.94        |
|    value_loss           | 1.65        |
-----------------------------------------
-----------------------------------------
| rollout/                |             |
|    ep_len_mean          | 8.93e+03    |
|    ep_rew_mean          | -695        |
| time/                   |             |
|    fps                  | 387         |
|    iterations           | 130         |
|    time_elapsed         | 687         |
|    total_timesteps      | 266240      |
| train/                  |             |
|    approx_kl            | 0.020827014 |
|    clip_fraction        | 0.204       |
|    clip_range           | 0.2         |
|    entropy_loss         | -16.2       |
|    explained_variance   | 0.964       |
|    learning_rate        | 0.0003      |
|    loss                 | 1.12        |
|    n_updates            | 1290        |
|    policy_gradient_loss | -0.0129     |
|    std                  | 0.939       |
|    value_loss           | 2.64        |
-----------------------------------------
-----------------------------------------
| rollout/                |             |
|    ep_len_mean          | 8.93e+03    |
|    ep_rew_mean          | -695        |
| time/                   |             |
|    fps                  | 387         |
|    iterations           | 131         |
|    time_elapsed         | 691         |
|    total_timesteps      | 268288      |
| train/                  |             |
|    approx_kl            | 0.019215161 |
|    clip_fraction        | 0.214       |
|    clip_range           | 0.2         |
|    entropy_loss         | -16.2       |
|    explained_variance   | 0.979       |
|    learning_rate        | 0.0003      |
|    loss                 | 1.17        |
|    n_updates            | 1300        |
|    policy_gradient_loss | -0.0165     |
|    std                  | 0.938       |
|    value_loss           | 2.47        |
-----------------------------------------
----------------------------------------
| rollout/                |            |
|    ep_len_mean          | 8.93e+03   |
|    ep_rew_mean          | -695       |
| time/                   |            |
|    fps                  | 388        |
|    iterations           | 132        |
|    time_elapsed         | 696        |
|    total_timesteps      | 270336     |
| train/                  |            |
|    approx_kl            | 0.01443046 |
|    clip_fraction        | 0.173      |
|    clip_range           | 0.2        |
|    entropy_loss         | -16.2      |
|    explained_variance   | 0.622      |
|    learning_rate        | 0.0003     |
|    loss                 | 4.62       |
|    n_updates            | 1310       |
|    policy_gradient_loss | -0.0128    |
|    std                  | 0.939      |
|    value_loss           | 8.66       |
----------------------------------------
----------------------------------------
| rollout/                |            |
|    ep_len_mean          | 8.93e+03   |
|    ep_rew_mean          | -695       |
| time/                   |            |
|    fps                  | 388        |
|    iterations           | 133        |
|    time_elapsed         | 700        |
|    total_timesteps      | 272384     |
| train/                  |            |
|    approx_kl            | 0.03186372 |
|    clip_fraction        | 0.355      |
|    clip_range           | 0.2        |
|    entropy_loss         | -16.2      |
|    explained_variance   | 0.979      |
|    learning_rate        | 0.0003     |
|    loss                 | 0.275      |
|    n_updates            | 1320       |
|    policy_gradient_loss | -0.00555   |
|    std                  | 0.938      |
|    value_loss           | 1.08       |
----------------------------------------
----------------------------------------
| rollout/                |            |
|    ep_len_mean          | 8.93e+03   |
|    ep_rew_mean          | -695       |
| time/                   |            |
|    fps                  | 389        |
|    iterations           | 134        |
|    time_elapsed         | 704        |
|    total_timesteps      | 274432     |
| train/                  |            |
|    approx_kl            | 0.02361893 |
|    clip_fraction        | 0.265      |
|    clip_range           | 0.2        |
|    entropy_loss         | -16.2      |
|    explained_variance   | 0.938      |
|    learning_rate        | 0.0003     |
|    loss                 | 0.541      |
|    n_updates            | 1330       |
|    policy_gradient_loss | -0.013     |
|    std                  | 0.94       |
|    value_loss           | 1.62       |
----------------------------------------
-----------------------------------------
| rollout/                |             |
|    ep_len_mean          | 8.93e+03    |
|    ep_rew_mean          | -695        |
| time/                   |             |
|    fps                  | 389         |
|    iterations           | 135         |
|    time_elapsed         | 709         |
|    total_timesteps      | 276480      |
| train/                  |             |
|    approx_kl            | 0.016565323 |
|    clip_fraction        | 0.194       |
|    clip_range           | 0.2         |
|    entropy_loss         | -16.2       |
|    explained_variance   | 0.979       |
|    learning_rate        | 0.0003      |
|    loss                 | 0.729       |
|    n_updates            | 1340        |
|    policy_gradient_loss | -0.0116     |
|    std                  | 0.938       |
|    value_loss           | 1.8         |
-----------------------------------------
-----------------------------------------
| rollout/                |             |
|    ep_len_mean          | 8.93e+03    |
|    ep_rew_mean          | -695        |
| time/                   |             |
|    fps                  | 390         |
|    iterations           | 136         |
|    time_elapsed         | 713         |
|    total_timesteps      | 278528      |
| train/                  |             |
|    approx_kl            | 0.017458795 |
|    clip_fraction        | 0.184       |
|    clip_range           | 0.2         |
|    entropy_loss         | -16.2       |
|    explained_variance   | 0.968       |
|    learning_rate        | 0.0003      |
|    loss                 | 0.648       |
|    n_updates            | 1350        |
|    policy_gradient_loss | -0.016      |
|    std                  | 0.936       |
|    value_loss           | 3.09        |
-----------------------------------------
-----------------------------------------
| rollout/                |             |
|    ep_len_mean          | 8.93e+03    |
|    ep_rew_mean          | -695        |
| time/                   |             |
|    fps                  | 390         |
|    iterations           | 137         |
|    time_elapsed         | 718         |
|    total_timesteps      | 280576      |
| train/                  |             |
|    approx_kl            | 0.022091363 |
|    clip_fraction        | 0.198       |
|    clip_range           | 0.2         |
|    entropy_loss         | -16.2       |
|    explained_variance   | 0.57        |
|    learning_rate        | 0.0003      |
|    loss                 | 2.29        |
|    n_updates            | 1360        |
|    policy_gradient_loss | -0.00875    |
|    std                  | 0.935       |
|    value_loss           | 6.69        |
-----------------------------------------
-----------------------------------------
| rollout/                |             |
|    ep_len_mean          | 8.93e+03    |
|    ep_rew_mean          | -695        |
| time/                   |             |
|    fps                  | 391         |
|    iterations           | 138         |
|    time_elapsed         | 722         |
|    total_timesteps      | 282624      |
| train/                  |             |
|    approx_kl            | 0.036648743 |
|    clip_fraction        | 0.325       |
|    clip_range           | 0.2         |
|    entropy_loss         | -16.2       |
|    explained_variance   | 0.97        |
|    learning_rate        | 0.0003      |
|    loss                 | 0.644       |
|    n_updates            | 1370        |
|    policy_gradient_loss | -0.00671    |
|    std                  | 0.936       |
|    value_loss           | 1.58        |
-----------------------------------------
-----------------------------------------
| rollout/                |             |
|    ep_len_mean          | 8.93e+03    |
|    ep_rew_mean          | -695        |
| time/                   |             |
|    fps                  | 391         |
|    iterations           | 139         |
|    time_elapsed         | 727         |
|    total_timesteps      | 284672      |
| train/                  |             |
|    approx_kl            | 0.024018187 |
|    clip_fraction        | 0.275       |
|    clip_range           | 0.2         |
|    entropy_loss         | -16.2       |
|    explained_variance   | 0.983       |
|    learning_rate        | 0.0003      |
|    loss                 | 0.399       |
|    n_updates            | 1380        |
|    policy_gradient_loss | -0.0136     |
|    std                  | 0.938       |
|    value_loss           | 1.4         |
-----------------------------------------
-----------------------------------------
| rollout/                |             |
|    ep_len_mean          | 8.93e+03    |
|    ep_rew_mean          | -695        |
| time/                   |             |
|    fps                  | 391         |
|    iterations           | 140         |
|    time_elapsed         | 731         |
|    total_timesteps      | 286720      |
| train/                  |             |
|    approx_kl            | 0.017313048 |
|    clip_fraction        | 0.198       |
|    clip_range           | 0.2         |
|    entropy_loss         | -16.2       |
|    explained_variance   | 0.963       |
|    learning_rate        | 0.0003      |
|    loss                 | 0.887       |
|    n_updates            | 1390        |
|    policy_gradient_loss | -0.0122     |
|    std                  | 0.937       |
|    value_loss           | 2.93        |
-----------------------------------------
----------------------------------------
| rollout/                |            |
|    ep_len_mean          | 8.93e+03   |
|    ep_rew_mean          | -695       |
| time/                   |            |
|    fps                  | 392        |
|    iterations           | 141        |
|    time_elapsed         | 736        |
|    total_timesteps      | 288768     |
| train/                  |            |
|    approx_kl            | 0.01776571 |
|    clip_fraction        | 0.142      |
|    clip_range           | 0.2        |
|    entropy_loss         | -16.2      |
|    explained_variance   | 0.75       |
|    learning_rate        | 0.0003     |
|    loss                 | 1.65       |
|    n_updates            | 1400       |
|    policy_gradient_loss | -0.00815   |
|    std                  | 0.936      |
|    value_loss           | 8.85       |
----------------------------------------
-----------------------------------------
| rollout/                |             |
|    ep_len_mean          | 8.93e+03    |
|    ep_rew_mean          | -695        |
| time/                   |             |
|    fps                  | 392         |
|    iterations           | 142         |
|    time_elapsed         | 740         |
|    total_timesteps      | 290816      |
| train/                  |             |
|    approx_kl            | 0.035038494 |
|    clip_fraction        | 0.265       |
|    clip_range           | 0.2         |
|    entropy_loss         | -16.2       |
|    explained_variance   | 0.961       |
|    learning_rate        | 0.0003      |
|    loss                 | 0.491       |
|    n_updates            | 1410        |
|    policy_gradient_loss | -0.00654    |
|    std                  | 0.939       |
|    value_loss           | 1.58        |
-----------------------------------------
----------------------------------------
| rollout/                |            |
|    ep_len_mean          | 8.93e+03   |
|    ep_rew_mean          | -695       |
| time/                   |            |
|    fps                  | 393        |
|    iterations           | 143        |
|    time_elapsed         | 744        |
|    total_timesteps      | 292864     |
| train/                  |            |
|    approx_kl            | 0.01806727 |
|    clip_fraction        | 0.214      |
|    clip_range           | 0.2        |
|    entropy_loss         | -16.2      |
|    explained_variance   | 0.959      |
|    learning_rate        | 0.0003     |
|    loss                 | 1.14       |
|    n_updates            | 1420       |
|    policy_gradient_loss | -0.0155    |
|    std                  | 0.94       |
|    value_loss           | 2.34       |
----------------------------------------
-----------------------------------------
| rollout/                |             |
|    ep_len_mean          | 8.93e+03    |
|    ep_rew_mean          | -695        |
| time/                   |             |
|    fps                  | 393         |
|    iterations           | 144         |
|    time_elapsed         | 749         |
|    total_timesteps      | 294912      |
| train/                  |             |
|    approx_kl            | 0.022332393 |
|    clip_fraction        | 0.24        |
|    clip_range           | 0.2         |
|    entropy_loss         | -16.2       |
|    explained_variance   | 0.97        |
|    learning_rate        | 0.0003      |
|    loss                 | 1.13        |
|    n_updates            | 1430        |
|    policy_gradient_loss | -0.0161     |
|    std                  | 0.937       |
|    value_loss           | 2.6         |
-----------------------------------------
-----------------------------------------
| rollout/                |             |
|    ep_len_mean          | 8.93e+03    |
|    ep_rew_mean          | -695        |
| time/                   |             |
|    fps                  | 394         |
|    iterations           | 145         |
|    time_elapsed         | 753         |
|    total_timesteps      | 296960      |
| train/                  |             |
|    approx_kl            | 0.013681668 |
|    clip_fraction        | 0.151       |
|    clip_range           | 0.2         |
|    entropy_loss         | -16.2       |
|    explained_variance   | 0.723       |
|    learning_rate        | 0.0003      |
|    loss                 | 1.96        |
|    n_updates            | 1440        |
|    policy_gradient_loss | -0.0111     |
|    std                  | 0.936       |
|    value_loss           | 9.18        |
-----------------------------------------
-----------------------------------------
| rollout/                |             |
|    ep_len_mean          | 8.93e+03    |
|    ep_rew_mean          | -695        |
| time/                   |             |
|    fps                  | 394         |
|    iterations           | 146         |
|    time_elapsed         | 757         |
|    total_timesteps      | 299008      |
| train/                  |             |
|    approx_kl            | 0.030426145 |
|    clip_fraction        | 0.374       |
|    clip_range           | 0.2         |
|    entropy_loss         | -16.2       |
|    explained_variance   | 0.962       |
|    learning_rate        | 0.0003      |
|    loss                 | 0.41        |
|    n_updates            | 1450        |
|    policy_gradient_loss | -0.00808    |
|    std                  | 0.938       |
|    value_loss           | 1.15        |
-----------------------------------------
-----------------------------------------
| rollout/                |             |
|    ep_len_mean          | 8.93e+03    |
|    ep_rew_mean          | -695        |
| time/                   |             |
|    fps                  | 395         |
|    iterations           | 147         |
|    time_elapsed         | 761         |
|    total_timesteps      | 301056      |
| train/                  |             |
|    approx_kl            | 0.025452476 |
|    clip_fraction        | 0.271       |
|    clip_range           | 0.2         |
|    entropy_loss         | -16.2       |
|    explained_variance   | 0.955       |
|    learning_rate        | 0.0003      |
|    loss                 | 0.62        |
|    n_updates            | 1460        |
|    policy_gradient_loss | -0.0129     |
|    std                  | 0.94        |
|    value_loss           | 1.51        |
-----------------------------------------
-----------------------------------------
| rollout/                |             |
|    ep_len_mean          | 8.93e+03    |
|    ep_rew_mean          | -695        |
| time/                   |             |
|    fps                  | 395         |
|    iterations           | 148         |
|    time_elapsed         | 766         |
|    total_timesteps      | 303104      |
| train/                  |             |
|    approx_kl            | 0.027971456 |
|    clip_fraction        | 0.279       |
|    clip_range           | 0.2         |
|    entropy_loss         | -16.2       |
|    explained_variance   | 0.981       |
|    learning_rate        | 0.0003      |
|    loss                 | 0.466       |
|    n_updates            | 1470        |
|    policy_gradient_loss | -0.016      |
|    std                  | 0.937       |
|    value_loss           | 1.38        |
-----------------------------------------
-----------------------------------------
| rollout/                |             |
|    ep_len_mean          | 8.93e+03    |
|    ep_rew_mean          | -694        |
| time/                   |             |
|    fps                  | 396         |
|    iterations           | 149         |
|    time_elapsed         | 770         |
|    total_timesteps      | 305152      |
| train/                  |             |
|    approx_kl            | 0.019263925 |
|    clip_fraction        | 0.187       |
|    clip_range           | 0.2         |
|    entropy_loss         | -16.2       |
|    explained_variance   | 0.969       |
|    learning_rate        | 0.0003      |
|    loss                 | 1.12        |
|    n_updates            | 1480        |
|    policy_gradient_loss | -0.0118     |
|    std                  | 0.936       |
|    value_loss           | 2.63        |
-----------------------------------------
-----------------------------------------
| rollout/                |             |
|    ep_len_mean          | 8.93e+03    |
|    ep_rew_mean          | -694        |
| time/                   |             |
|    fps                  | 396         |
|    iterations           | 150         |
|    time_elapsed         | 774         |
|    total_timesteps      | 307200      |
| train/                  |             |
|    approx_kl            | 0.015216603 |
|    clip_fraction        | 0.167       |
|    clip_range           | 0.2         |
|    entropy_loss         | -16.2       |
|    explained_variance   | 0.641       |
|    learning_rate        | 0.0003      |
|    loss                 | 9.08        |
|    n_updates            | 1490        |
|    policy_gradient_loss | -0.0076     |
|    std                  | 0.935       |
|    value_loss           | 8.29        |
-----------------------------------------
----------------------------------------
| rollout/                |            |
|    ep_len_mean          | 8.93e+03   |
|    ep_rew_mean          | -694       |
| time/                   |            |
|    fps                  | 397        |
|    iterations           | 151        |
|    time_elapsed         | 778        |
|    total_timesteps      | 309248     |
| train/                  |            |
|    approx_kl            | 0.03463657 |
|    clip_fraction        | 0.32       |
|    clip_range           | 0.2        |
|    entropy_loss         | -16.2      |
|    explained_variance   | 0.966      |
|    learning_rate        | 0.0003     |
|    loss                 | 0.381      |
|    n_updates            | 1500       |
|    policy_gradient_loss | -0.00871   |
|    std                  | 0.937      |
|    value_loss           | 1.43       |
----------------------------------------
-----------------------------------------
| rollout/                |             |
|    ep_len_mean          | 8.93e+03    |
|    ep_rew_mean          | -694        |
| time/                   |             |
|    fps                  | 397         |
|    iterations           | 152         |
|    time_elapsed         | 782         |
|    total_timesteps      | 311296      |
| train/                  |             |
|    approx_kl            | 0.031942025 |
|    clip_fraction        | 0.31        |
|    clip_range           | 0.2         |
|    entropy_loss         | -16.2       |
|    explained_variance   | 0.982       |
|    learning_rate        | 0.0003      |
|    loss                 | 0.566       |
|    n_updates            | 1510        |
|    policy_gradient_loss | -0.0121     |
|    std                  | 0.934       |
|    value_loss           | 1.31        |
-----------------------------------------
-----------------------------------------
| rollout/                |             |
|    ep_len_mean          | 8.93e+03    |
|    ep_rew_mean          | -694        |
| time/                   |             |
|    fps                  | 397         |
|    iterations           | 153         |
|    time_elapsed         | 787         |
|    total_timesteps      | 313344      |
| train/                  |             |
|    approx_kl            | 0.025858644 |
|    clip_fraction        | 0.255       |
|    clip_range           | 0.2         |
|    entropy_loss         | -16.1       |
|    explained_variance   | 0.973       |
|    learning_rate        | 0.0003      |
|    loss                 | 0.908       |
|    n_updates            | 1520        |
|    policy_gradient_loss | -0.0128     |
|    std                  | 0.93        |
|    value_loss           | 2.03        |
-----------------------------------------
-----------------------------------------
| rollout/                |             |
|    ep_len_mean          | 8.93e+03    |
|    ep_rew_mean          | -694        |
| time/                   |             |
|    fps                  | 398         |
|    iterations           | 154         |
|    time_elapsed         | 791         |
|    total_timesteps      | 315392      |
| train/                  |             |
|    approx_kl            | 0.015412971 |
|    clip_fraction        | 0.173       |
|    clip_range           | 0.2         |
|    entropy_loss         | -16.1       |
|    explained_variance   | 0.761       |
|    learning_rate        | 0.0003      |
|    loss                 | 1.8         |
|    n_updates            | 1530        |
|    policy_gradient_loss | -0.00897    |
|    std                  | 0.928       |
|    value_loss           | 11.4        |
-----------------------------------------
-----------------------------------------
| rollout/                |             |
|    ep_len_mean          | 8.93e+03    |
|    ep_rew_mean          | -694        |
| time/                   |             |
|    fps                  | 398         |
|    iterations           | 155         |
|    time_elapsed         | 796         |
|    total_timesteps      | 317440      |
| train/                  |             |
|    approx_kl            | 0.019953154 |
|    clip_fraction        | 0.291       |
|    clip_range           | 0.2         |
|    entropy_loss         | -16.1       |
|    explained_variance   | 0.966       |
|    learning_rate        | 0.0003      |
|    loss                 | 0.635       |
|    n_updates            | 1540        |
|    policy_gradient_loss | -0.0121     |
|    std                  | 0.926       |
|    value_loss           | 1.77        |
-----------------------------------------
----------------------------------------
| rollout/                |            |
|    ep_len_mean          | 8.93e+03   |
|    ep_rew_mean          | -694       |
| time/                   |            |
|    fps                  | 399        |
|    iterations           | 156        |
|    time_elapsed         | 800        |
|    total_timesteps      | 319488     |
| train/                  |            |
|    approx_kl            | 0.02591995 |
|    clip_fraction        | 0.288      |
|    clip_range           | 0.2        |
|    entropy_loss         | -16.1      |
|    explained_variance   | 0.946      |
|    learning_rate        | 0.0003     |
|    loss                 | 0.554      |
|    n_updates            | 1550       |
|    policy_gradient_loss | -0.0172    |
|    std                  | 0.923      |
|    value_loss           | 1.68       |
----------------------------------------
-----------------------------------------
| rollout/                |             |
|    ep_len_mean          | 8.93e+03    |
|    ep_rew_mean          | -693        |
| time/                   |             |
|    fps                  | 399         |
|    iterations           | 157         |
|    time_elapsed         | 804         |
|    total_timesteps      | 321536      |
| train/                  |             |
|    approx_kl            | 0.017667107 |
|    clip_fraction        | 0.233       |
|    clip_range           | 0.2         |
|    entropy_loss         | -16         |
|    explained_variance   | 0.976       |
|    learning_rate        | 0.0003      |
|    loss                 | 0.781       |
|    n_updates            | 1560        |
|    policy_gradient_loss | -0.0142     |
|    std                  | 0.923       |
|    value_loss           | 1.88        |
-----------------------------------------
-----------------------------------------
| rollout/                |             |
|    ep_len_mean          | 8.93e+03    |
|    ep_rew_mean          | -693        |
| time/                   |             |
|    fps                  | 399         |
|    iterations           | 158         |
|    time_elapsed         | 808         |
|    total_timesteps      | 323584      |
| train/                  |             |
|    approx_kl            | 0.015723502 |
|    clip_fraction        | 0.147       |
|    clip_range           | 0.2         |
|    entropy_loss         | -16         |
|    explained_variance   | 0.8         |
|    learning_rate        | 0.0003      |
|    loss                 | 4.86        |
|    n_updates            | 1570        |
|    policy_gradient_loss | -0.00969    |
|    std                  | 0.921       |
|    value_loss           | 8.54        |
-----------------------------------------
-----------------------------------------
| rollout/                |             |
|    ep_len_mean          | 8.93e+03    |
|    ep_rew_mean          | -693        |
| time/                   |             |
|    fps                  | 400         |
|    iterations           | 159         |
|    time_elapsed         | 813         |
|    total_timesteps      | 325632      |
| train/                  |             |
|    approx_kl            | 0.030015204 |
|    clip_fraction        | 0.349       |
|    clip_range           | 0.2         |
|    entropy_loss         | -16         |
|    explained_variance   | 0.96        |
|    learning_rate        | 0.0003      |
|    loss                 | 0.303       |
|    n_updates            | 1580        |
|    policy_gradient_loss | -0.00821    |
|    std                  | 0.923       |
|    value_loss           | 0.856       |
-----------------------------------------
-----------------------------------------
| rollout/                |             |
|    ep_len_mean          | 8.93e+03    |
|    ep_rew_mean          | -693        |
| time/                   |             |
|    fps                  | 400         |
|    iterations           | 160         |
|    time_elapsed         | 817         |
|    total_timesteps      | 327680      |
| train/                  |             |
|    approx_kl            | 0.035392813 |
|    clip_fraction        | 0.293       |
|    clip_range           | 0.2         |
|    entropy_loss         | -16         |
|    explained_variance   | 0.97        |
|    learning_rate        | 0.0003      |
|    loss                 | 0.369       |
|    n_updates            | 1590        |
|    policy_gradient_loss | -0.0128     |
|    std                  | 0.924       |
|    value_loss           | 1.3         |
-----------------------------------------
-----------------------------------------
| rollout/                |             |
|    ep_len_mean          | 8.93e+03    |
|    ep_rew_mean          | -693        |
| time/                   |             |
|    fps                  | 401         |
|    iterations           | 161         |
|    time_elapsed         | 821         |
|    total_timesteps      | 329728      |
| train/                  |             |
|    approx_kl            | 0.026147794 |
|    clip_fraction        | 0.277       |
|    clip_range           | 0.2         |
|    entropy_loss         | -16         |
|    explained_variance   | 0.986       |
|    learning_rate        | 0.0003      |
|    loss                 | 0.393       |
|    n_updates            | 1600        |
|    policy_gradient_loss | -0.0123     |
|    std                  | 0.925       |
|    value_loss           | 0.984       |
-----------------------------------------
-----------------------------------------
| rollout/                |             |
|    ep_len_mean          | 8.93e+03    |
|    ep_rew_mean          | -693        |
| time/                   |             |
|    fps                  | 401         |
|    iterations           | 162         |
|    time_elapsed         | 826         |
|    total_timesteps      | 331776      |
| train/                  |             |
|    approx_kl            | 0.020656453 |
|    clip_fraction        | 0.226       |
|    clip_range           | 0.2         |
|    entropy_loss         | -16         |
|    explained_variance   | 0.975       |
|    learning_rate        | 0.0003      |
|    loss                 | 0.55        |
|    n_updates            | 1610        |
|    policy_gradient_loss | -0.0162     |
|    std                  | 0.925       |
|    value_loss           | 1.86        |
-----------------------------------------
-----------------------------------------
| rollout/                |             |
|    ep_len_mean          | 8.93e+03    |
|    ep_rew_mean          | -693        |
| time/                   |             |
|    fps                  | 401         |
|    iterations           | 163         |
|    time_elapsed         | 830         |
|    total_timesteps      | 333824      |
| train/                  |             |
|    approx_kl            | 0.013693348 |
|    clip_fraction        | 0.178       |
|    clip_range           | 0.2         |
|    entropy_loss         | -16.1       |
|    explained_variance   | 0.811       |
|    learning_rate        | 0.0003      |
|    loss                 | 3.39        |
|    n_updates            | 1620        |
|    policy_gradient_loss | -0.00671    |
|    std                  | 0.926       |
|    value_loss           | 7.28        |
-----------------------------------------
-----------------------------------------
| rollout/                |             |
|    ep_len_mean          | 8.93e+03    |
|    ep_rew_mean          | -693        |
| time/                   |             |
|    fps                  | 402         |
|    iterations           | 164         |
|    time_elapsed         | 835         |
|    total_timesteps      | 335872      |
| train/                  |             |
|    approx_kl            | 0.023110798 |
|    clip_fraction        | 0.292       |
|    clip_range           | 0.2         |
|    entropy_loss         | -16         |
|    explained_variance   | 0.954       |
|    learning_rate        | 0.0003      |
|    loss                 | 0.476       |
|    n_updates            | 1630        |
|    policy_gradient_loss | -0.0156     |
|    std                  | 0.924       |
|    value_loss           | 1.18        |
-----------------------------------------
-----------------------------------------
| rollout/                |             |
|    ep_len_mean          | 8.93e+03    |
|    ep_rew_mean          | -693        |
| time/                   |             |
|    fps                  | 402         |
|    iterations           | 165         |
|    time_elapsed         | 839         |
|    total_timesteps      | 337920      |
| train/                  |             |
|    approx_kl            | 0.025277345 |
|    clip_fraction        | 0.289       |
|    clip_range           | 0.2         |
|    entropy_loss         | -16.1       |
|    explained_variance   | 0.974       |
|    learning_rate        | 0.0003      |
|    loss                 | 0.37        |
|    n_updates            | 1640        |
|    policy_gradient_loss | -0.0188     |
|    std                  | 0.927       |
|    value_loss           | 1.11        |
-----------------------------------------
-----------------------------------------
| rollout/                |             |
|    ep_len_mean          | 8.93e+03    |
|    ep_rew_mean          | -692        |
| time/                   |             |
|    fps                  | 402         |
|    iterations           | 166         |
|    time_elapsed         | 843         |
|    total_timesteps      | 339968      |
| train/                  |             |
|    approx_kl            | 0.019419864 |
|    clip_fraction        | 0.203       |
|    clip_range           | 0.2         |
|    entropy_loss         | -16.1       |
|    explained_variance   | 0.973       |
|    learning_rate        | 0.0003      |
|    loss                 | 1.01        |
|    n_updates            | 1650        |
|    policy_gradient_loss | -0.00916    |
|    std                  | 0.928       |
|    value_loss           | 1.77        |
-----------------------------------------
----------------------------------------
| rollout/                |            |
|    ep_len_mean          | 8.93e+03   |
|    ep_rew_mean          | -692       |
| time/                   |            |
|    fps                  | 403        |
|    iterations           | 167        |
|    time_elapsed         | 848        |
|    total_timesteps      | 342016     |
| train/                  |            |
|    approx_kl            | 0.01545476 |
|    clip_fraction        | 0.158      |
|    clip_range           | 0.2        |
|    entropy_loss         | -16.1      |
|    explained_variance   | 0.852      |
|    learning_rate        | 0.0003     |
|    loss                 | 0.541      |
|    n_updates            | 1660       |
|    policy_gradient_loss | -0.00544   |
|    std                  | 0.927      |
|    value_loss           | 8.68       |
----------------------------------------
-----------------------------------------
| rollout/                |             |
|    ep_len_mean          | 8.93e+03    |
|    ep_rew_mean          | -692        |
| time/                   |             |
|    fps                  | 403         |
|    iterations           | 168         |
|    time_elapsed         | 852         |
|    total_timesteps      | 344064      |
| train/                  |             |
|    approx_kl            | 0.028441008 |
|    clip_fraction        | 0.295       |
|    clip_range           | 0.2         |
|    entropy_loss         | -16.1       |
|    explained_variance   | 0.979       |
|    learning_rate        | 0.0003      |
|    loss                 | 0.545       |
|    n_updates            | 1670        |
|    policy_gradient_loss | -0.00837    |
|    std                  | 0.932       |
|    value_loss           | 1.44        |
-----------------------------------------
-----------------------------------------
| rollout/                |             |
|    ep_len_mean          | 8.93e+03    |
|    ep_rew_mean          | -692        |
| time/                   |             |
|    fps                  | 403         |
|    iterations           | 169         |
|    time_elapsed         | 857         |
|    total_timesteps      | 346112      |
| train/                  |             |
|    approx_kl            | 0.035659105 |
|    clip_fraction        | 0.28        |
|    clip_range           | 0.2         |
|    entropy_loss         | -16.1       |
|    explained_variance   | 0.946       |
|    learning_rate        | 0.0003      |
|    loss                 | 0.489       |
|    n_updates            | 1680        |
|    policy_gradient_loss | -0.00887    |
|    std                  | 0.931       |
|    value_loss           | 1.52        |
-----------------------------------------
-----------------------------------------
| rollout/                |             |
|    ep_len_mean          | 8.93e+03    |
|    ep_rew_mean          | -692        |
| time/                   |             |
|    fps                  | 404         |
|    iterations           | 170         |
|    time_elapsed         | 861         |
|    total_timesteps      | 348160      |
| train/                  |             |
|    approx_kl            | 0.025659408 |
|    clip_fraction        | 0.254       |
|    clip_range           | 0.2         |
|    entropy_loss         | -16.1       |
|    explained_variance   | 0.984       |
|    learning_rate        | 0.0003      |
|    loss                 | 0.668       |
|    n_updates            | 1690        |
|    policy_gradient_loss | -0.0118     |
|    std                  | 0.928       |
|    value_loss           | 1.58        |
-----------------------------------------
-----------------------------------------
| rollout/                |             |
|    ep_len_mean          | 8.93e+03    |
|    ep_rew_mean          | -692        |
| time/                   |             |
|    fps                  | 404         |
|    iterations           | 171         |
|    time_elapsed         | 865         |
|    total_timesteps      | 350208      |
| train/                  |             |
|    approx_kl            | 0.015365757 |
|    clip_fraction        | 0.173       |
|    clip_range           | 0.2         |
|    entropy_loss         | -16.1       |
|    explained_variance   | 0.954       |
|    learning_rate        | 0.0003      |
|    loss                 | 1.17        |
|    n_updates            | 1700        |
|    policy_gradient_loss | -0.0114     |
|    std                  | 0.928       |
|    value_loss           | 3.03        |
-----------------------------------------
-----------------------------------------
| rollout/                |             |
|    ep_len_mean          | 8.93e+03    |
|    ep_rew_mean          | -692        |
| time/                   |             |
|    fps                  | 404         |
|    iterations           | 172         |
|    time_elapsed         | 870         |
|    total_timesteps      | 352256      |
| train/                  |             |
|    approx_kl            | 0.035285436 |
|    clip_fraction        | 0.337       |
|    clip_range           | 0.2         |
|    entropy_loss         | -16.1       |
|    explained_variance   | 0.848       |
|    learning_rate        | 0.0003      |
|    loss                 | 0.27        |
|    n_updates            | 1710        |
|    policy_gradient_loss | -0.00343    |
|    std                  | 0.926       |
|    value_loss           | 3.69        |
-----------------------------------------
----------------------------------------
| rollout/                |            |
|    ep_len_mean          | 8.93e+03   |
|    ep_rew_mean          | -692       |
| time/                   |            |
|    fps                  | 404        |
|    iterations           | 173        |
|    time_elapsed         | 875        |
|    total_timesteps      | 354304     |
| train/                  |            |
|    approx_kl            | 0.02818584 |
|    clip_fraction        | 0.324      |
|    clip_range           | 0.2        |
|    entropy_loss         | -16        |
|    explained_variance   | 0.955      |
|    learning_rate        | 0.0003     |
|    loss                 | 0.411      |
|    n_updates            | 1720       |
|    policy_gradient_loss | -0.008     |
|    std                  | 0.922      |
|    value_loss           | 1.57       |
----------------------------------------
-----------------------------------------
| rollout/                |             |
|    ep_len_mean          | 8.93e+03    |
|    ep_rew_mean          | -692        |
| time/                   |             |
|    fps                  | 405         |
|    iterations           | 174         |
|    time_elapsed         | 879         |
|    total_timesteps      | 356352      |
| train/                  |             |
|    approx_kl            | 0.028539171 |
|    clip_fraction        | 0.279       |
|    clip_range           | 0.2         |
|    entropy_loss         | -16         |
|    explained_variance   | 0.977       |
|    learning_rate        | 0.0003      |
|    loss                 | 0.539       |
|    n_updates            | 1730        |
|    policy_gradient_loss | -0.0114     |
|    std                  | 0.918       |
|    value_loss           | 1.42        |
-----------------------------------------
-----------------------------------------
| rollout/                |             |
|    ep_len_mean          | 8.93e+03    |
|    ep_rew_mean          | -692        |
| time/                   |             |
|    fps                  | 405         |
|    iterations           | 175         |
|    time_elapsed         | 883         |
|    total_timesteps      | 358400      |
| train/                  |             |
|    approx_kl            | 0.019017976 |
|    clip_fraction        | 0.21        |
|    clip_range           | 0.2         |
|    entropy_loss         | -16         |
|    explained_variance   | 0.952       |
|    learning_rate        | 0.0003      |
|    loss                 | 0.755       |
|    n_updates            | 1740        |
|    policy_gradient_loss | -0.0138     |
|    std                  | 0.918       |
|    value_loss           | 2.48        |
-----------------------------------------
-----------------------------------------
| rollout/                |             |
|    ep_len_mean          | 8.93e+03    |
|    ep_rew_mean          | -692        |
| time/                   |             |
|    fps                  | 405         |
|    iterations           | 176         |
|    time_elapsed         | 888         |
|    total_timesteps      | 360448      |
| train/                  |             |
|    approx_kl            | 0.012042528 |
|    clip_fraction        | 0.137       |
|    clip_range           | 0.2         |
|    entropy_loss         | -16         |
|    explained_variance   | 0.89        |
|    learning_rate        | 0.0003      |
|    loss                 | 1.84        |
|    n_updates            | 1750        |
|    policy_gradient_loss | -0.00724    |
|    std                  | 0.917       |
|    value_loss           | 7.98        |
-----------------------------------------
----------------------------------------
| rollout/                |            |
|    ep_len_mean          | 8.93e+03   |
|    ep_rew_mean          | -692       |
| time/                   |            |
|    fps                  | 405        |
|    iterations           | 177        |
|    time_elapsed         | 893        |
|    total_timesteps      | 362496     |
| train/                  |            |
|    approx_kl            | 0.02793898 |
|    clip_fraction        | 0.276      |
|    clip_range           | 0.2        |
|    entropy_loss         | -16        |
|    explained_variance   | 0.937      |
|    learning_rate        | 0.0003     |
|    loss                 | 0.502      |
|    n_updates            | 1760       |
|    policy_gradient_loss | -0.00711   |
|    std                  | 0.917      |
|    value_loss           | 1.48       |
----------------------------------------
-----------------------------------------
| rollout/                |             |
|    ep_len_mean          | 8.93e+03    |
|    ep_rew_mean          | -692        |
| time/                   |             |
|    fps                  | 406         |
|    iterations           | 178         |
|    time_elapsed         | 897         |
|    total_timesteps      | 364544      |
| train/                  |             |
|    approx_kl            | 0.026156139 |
|    clip_fraction        | 0.287       |
|    clip_range           | 0.2         |
|    entropy_loss         | -15.9       |
|    explained_variance   | 0.949       |
|    learning_rate        | 0.0003      |
|    loss                 | 0.65        |
|    n_updates            | 1770        |
|    policy_gradient_loss | -0.0112     |
|    std                  | 0.914       |
|    value_loss           | 1.49        |
-----------------------------------------
-----------------------------------------
| rollout/                |             |
|    ep_len_mean          | 8.93e+03    |
|    ep_rew_mean          | -691        |
| time/                   |             |
|    fps                  | 406         |
|    iterations           | 179         |
|    time_elapsed         | 901         |
|    total_timesteps      | 366592      |
| train/                  |             |
|    approx_kl            | 0.020687927 |
|    clip_fraction        | 0.223       |
|    clip_range           | 0.2         |
|    entropy_loss         | -15.9       |
|    explained_variance   | 0.953       |
|    learning_rate        | 0.0003      |
|    loss                 | 0.927       |
|    n_updates            | 1780        |
|    policy_gradient_loss | -0.0161     |
|    std                  | 0.911       |
|    value_loss           | 2.37        |
-----------------------------------------
-----------------------------------------
| rollout/                |             |
|    ep_len_mean          | 8.93e+03    |
|    ep_rew_mean          | -691        |
| time/                   |             |
|    fps                  | 406         |
|    iterations           | 180         |
|    time_elapsed         | 906         |
|    total_timesteps      | 368640      |
| train/                  |             |
|    approx_kl            | 0.009586372 |
|    clip_fraction        | 0.101       |
|    clip_range           | 0.2         |
|    entropy_loss         | -15.9       |
|    explained_variance   | 0.903       |
|    learning_rate        | 0.0003      |
|    loss                 | 8.73        |
|    n_updates            | 1790        |
|    policy_gradient_loss | -0.00757    |
|    std                  | 0.911       |
|    value_loss           | 8.19        |
-----------------------------------------
-----------------------------------------
| rollout/                |             |
|    ep_len_mean          | 8.93e+03    |
|    ep_rew_mean          | -691        |
| time/                   |             |
|    fps                  | 407         |
|    iterations           | 181         |
|    time_elapsed         | 909         |
|    total_timesteps      | 370688      |
| train/                  |             |
|    approx_kl            | 0.032938533 |
|    clip_fraction        | 0.336       |
|    clip_range           | 0.2         |
|    entropy_loss         | -15.9       |
|    explained_variance   | 0.977       |
|    learning_rate        | 0.0003      |
|    loss                 | 0.305       |
|    n_updates            | 1800        |
|    policy_gradient_loss | -0.00616    |
|    std                  | 0.911       |
|    value_loss           | 0.983       |
-----------------------------------------
----------------------------------------
| rollout/                |            |
|    ep_len_mean          | 8.93e+03   |
|    ep_rew_mean          | -691       |
| time/                   |            |
|    fps                  | 407        |
|    iterations           | 182        |
|    time_elapsed         | 914        |
|    total_timesteps      | 372736     |
| train/                  |            |
|    approx_kl            | 0.02016967 |
|    clip_fraction        | 0.252      |
|    clip_range           | 0.2        |
|    entropy_loss         | -15.9      |
|    explained_variance   | 0.956      |
|    learning_rate        | 0.0003     |
|    loss                 | 0.473      |
|    n_updates            | 1810       |
|    policy_gradient_loss | -0.0113    |
|    std                  | 0.91       |
|    value_loss           | 1.34       |
----------------------------------------
-----------------------------------------
| rollout/                |             |
|    ep_len_mean          | 8.93e+03    |
|    ep_rew_mean          | -691        |
| time/                   |             |
|    fps                  | 407         |
|    iterations           | 183         |
|    time_elapsed         | 918         |
|    total_timesteps      | 374784      |
| train/                  |             |
|    approx_kl            | 0.020880796 |
|    clip_fraction        | 0.208       |
|    clip_range           | 0.2         |
|    entropy_loss         | -15.9       |
|    explained_variance   | 0.976       |
|    learning_rate        | 0.0003      |
|    loss                 | 0.511       |
|    n_updates            | 1820        |
|    policy_gradient_loss | -0.0147     |
|    std                  | 0.912       |
|    value_loss           | 1.77        |
-----------------------------------------
-----------------------------------------
| rollout/                |             |
|    ep_len_mean          | 8.93e+03    |
|    ep_rew_mean          | -691        |
| time/                   |             |
|    fps                  | 408         |
|    iterations           | 184         |
|    time_elapsed         | 923         |
|    total_timesteps      | 376832      |
| train/                  |             |
|    approx_kl            | 0.015444811 |
|    clip_fraction        | 0.203       |
|    clip_range           | 0.2         |
|    entropy_loss         | -15.9       |
|    explained_variance   | 0.98        |
|    learning_rate        | 0.0003      |
|    loss                 | 0.64        |
|    n_updates            | 1830        |
|    policy_gradient_loss | -0.0131     |
|    std                  | 0.913       |
|    value_loss           | 2.07        |
-----------------------------------------
-----------------------------------------
| rollout/                |             |
|    ep_len_mean          | 8.93e+03    |
|    ep_rew_mean          | -691        |
| time/                   |             |
|    fps                  | 408         |
|    iterations           | 185         |
|    time_elapsed         | 928         |
|    total_timesteps      | 378880      |
| train/                  |             |
|    approx_kl            | 0.020057779 |
|    clip_fraction        | 0.158       |
|    clip_range           | 0.2         |
|    entropy_loss         | -15.9       |
|    explained_variance   | 0.846       |
|    learning_rate        | 0.0003      |
|    loss                 | 1.53        |
|    n_updates            | 1840        |
|    policy_gradient_loss | -0.0105     |
|    std                  | 0.912       |
|    value_loss           | 5.2         |
-----------------------------------------
-----------------------------------------
| rollout/                |             |
|    ep_len_mean          | 8.93e+03    |
|    ep_rew_mean          | -691        |
| time/                   |             |
|    fps                  | 408         |
|    iterations           | 186         |
|    time_elapsed         | 932         |
|    total_timesteps      | 380928      |
| train/                  |             |
|    approx_kl            | 0.024753185 |
|    clip_fraction        | 0.306       |
|    clip_range           | 0.2         |
|    entropy_loss         | -15.9       |
|    explained_variance   | 0.976       |
|    learning_rate        | 0.0003      |
|    loss                 | 0.606       |
|    n_updates            | 1850        |
|    policy_gradient_loss | -0.0112     |
|    std                  | 0.91        |
|    value_loss           | 1.45        |
-----------------------------------------
-----------------------------------------
| rollout/                |             |
|    ep_len_mean          | 8.93e+03    |
|    ep_rew_mean          | -691        |
| time/                   |             |
|    fps                  | 408         |
|    iterations           | 187         |
|    time_elapsed         | 937         |
|    total_timesteps      | 382976      |
| train/                  |             |
|    approx_kl            | 0.021556582 |
|    clip_fraction        | 0.323       |
|    clip_range           | 0.2         |
|    entropy_loss         | -15.9       |
|    explained_variance   | 0.986       |
|    learning_rate        | 0.0003      |
|    loss                 | 0.482       |
|    n_updates            | 1860        |
|    policy_gradient_loss | -0.00992    |
|    std                  | 0.912       |
|    value_loss           | 1.2         |
-----------------------------------------
----------------------------------------
| rollout/                |            |
|    ep_len_mean          | 8.93e+03   |
|    ep_rew_mean          | -691       |
| time/                   |            |
|    fps                  | 408        |
|    iterations           | 188        |
|    time_elapsed         | 942        |
|    total_timesteps      | 385024     |
| train/                  |            |
|    approx_kl            | 0.02235242 |
|    clip_fraction        | 0.23       |
|    clip_range           | 0.2        |
|    entropy_loss         | -15.9      |
|    explained_variance   | 0.966      |
|    learning_rate        | 0.0003     |
|    loss                 | 0.905      |
|    n_updates            | 1870       |
|    policy_gradient_loss | -0.0152    |
|    std                  | 0.908      |
|    value_loss           | 2.41       |
----------------------------------------
-----------------------------------------
| rollout/                |             |
|    ep_len_mean          | 8.93e+03    |
|    ep_rew_mean          | -691        |
| time/                   |             |
|    fps                  | 408         |
|    iterations           | 189         |
|    time_elapsed         | 946         |
|    total_timesteps      | 387072      |
| train/                  |             |
|    approx_kl            | 0.021777872 |
|    clip_fraction        | 0.187       |
|    clip_range           | 0.2         |
|    entropy_loss         | -15.8       |
|    explained_variance   | 0.879       |
|    learning_rate        | 0.0003      |
|    loss                 | 1.39        |
|    n_updates            | 1880        |
|    policy_gradient_loss | -0.00649    |
|    std                  | 0.907       |
|    value_loss           | 7.07        |
-----------------------------------------
-----------------------------------------
| rollout/                |             |
|    ep_len_mean          | 8.93e+03    |
|    ep_rew_mean          | -691        |
| time/                   |             |
|    fps                  | 408         |
|    iterations           | 190         |
|    time_elapsed         | 951         |
|    total_timesteps      | 389120      |
| train/                  |             |
|    approx_kl            | 0.022882916 |
|    clip_fraction        | 0.321       |
|    clip_range           | 0.2         |
|    entropy_loss         | -15.8       |
|    explained_variance   | 0.963       |
|    learning_rate        | 0.0003      |
|    loss                 | 0.473       |
|    n_updates            | 1890        |
|    policy_gradient_loss | -0.00954    |
|    std                  | 0.903       |
|    value_loss           | 1.59        |
-----------------------------------------
----------------------------------------
| rollout/                |            |
|    ep_len_mean          | 8.93e+03   |
|    ep_rew_mean          | -691       |
| time/                   |            |
|    fps                  | 408        |
|    iterations           | 191        |
|    time_elapsed         | 956        |
|    total_timesteps      | 391168     |
| train/                  |            |
|    approx_kl            | 0.02614094 |
|    clip_fraction        | 0.279      |
|    clip_range           | 0.2        |
|    entropy_loss         | -15.8      |
|    explained_variance   | 0.968      |
|    learning_rate        | 0.0003     |
|    loss                 | 0.311      |
|    n_updates            | 1900       |
|    policy_gradient_loss | -0.0141    |
|    std                  | 0.905      |
|    value_loss           | 1.33       |
----------------------------------------
-----------------------------------------
| rollout/                |             |
|    ep_len_mean          | 8.93e+03    |
|    ep_rew_mean          | -691        |
| time/                   |             |
|    fps                  | 409         |
|    iterations           | 192         |
|    time_elapsed         | 961         |
|    total_timesteps      | 393216      |
| train/                  |             |
|    approx_kl            | 0.020072157 |
|    clip_fraction        | 0.261       |
|    clip_range           | 0.2         |
|    entropy_loss         | -15.8       |
|    explained_variance   | 0.98        |
|    learning_rate        | 0.0003      |
|    loss                 | 0.761       |
|    n_updates            | 1910        |
|    policy_gradient_loss | -0.011      |
|    std                  | 0.906       |
|    value_loss           | 1.84        |
-----------------------------------------
-----------------------------------------
| rollout/                |             |
|    ep_len_mean          | 8.93e+03    |
|    ep_rew_mean          | -691        |
| time/                   |             |
|    fps                  | 409         |
|    iterations           | 193         |
|    time_elapsed         | 966         |
|    total_timesteps      | 395264      |
| train/                  |             |
|    approx_kl            | 0.021345917 |
|    clip_fraction        | 0.177       |
|    clip_range           | 0.2         |
|    entropy_loss         | -15.8       |
|    explained_variance   | 0.849       |
|    learning_rate        | 0.0003      |
|    loss                 | 5.19        |
|    n_updates            | 1920        |
|    policy_gradient_loss | -0.00946    |
|    std                  | 0.905       |
|    value_loss           | 7.36        |
-----------------------------------------
-----------------------------------------
| rollout/                |             |
|    ep_len_mean          | 8.93e+03    |
|    ep_rew_mean          | -691        |
| time/                   |             |
|    fps                  | 409         |
|    iterations           | 194         |
|    time_elapsed         | 970         |
|    total_timesteps      | 397312      |
| train/                  |             |
|    approx_kl            | 0.038153984 |
|    clip_fraction        | 0.356       |
|    clip_range           | 0.2         |
|    entropy_loss         | -15.8       |
|    explained_variance   | 0.981       |
|    learning_rate        | 0.0003      |
|    loss                 | 0.204       |
|    n_updates            | 1930        |
|    policy_gradient_loss | -0.00546    |
|    std                  | 0.904       |
|    value_loss           | 0.93        |
-----------------------------------------
-----------------------------------------
| rollout/                |             |
|    ep_len_mean          | 8.93e+03    |
|    ep_rew_mean          | -691        |
| time/                   |             |
|    fps                  | 409         |
|    iterations           | 195         |
|    time_elapsed         | 974         |
|    total_timesteps      | 399360      |
| train/                  |             |
|    approx_kl            | 0.019218951 |
|    clip_fraction        | 0.263       |
|    clip_range           | 0.2         |
|    entropy_loss         | -15.8       |
|    explained_variance   | 0.955       |
|    learning_rate        | 0.0003      |
|    loss                 | 0.643       |
|    n_updates            | 1940        |
|    policy_gradient_loss | -0.0129     |
|    std                  | 0.903       |
|    value_loss           | 1.5         |
-----------------------------------------
-----------------------------------------
| rollout/                |             |
|    ep_len_mean          | 8.93e+03    |
|    ep_rew_mean          | -691        |
| time/                   |             |
|    fps                  | 409         |
|    iterations           | 196         |
|    time_elapsed         | 979         |
|    total_timesteps      | 401408      |
| train/                  |             |
|    approx_kl            | 0.020731142 |
|    clip_fraction        | 0.209       |
|    clip_range           | 0.2         |
|    entropy_loss         | -15.7       |
|    explained_variance   | 0.983       |
|    learning_rate        | 0.0003      |
|    loss                 | 0.56        |
|    n_updates            | 1950        |
|    policy_gradient_loss | -0.0144     |
|    std                  | 0.901       |
|    value_loss           | 1.67        |
-----------------------------------------
-----------------------------------------
| rollout/                |             |
|    ep_len_mean          | 8.93e+03    |
|    ep_rew_mean          | -691        |
| time/                   |             |
|    fps                  | 410         |
|    iterations           | 197         |
|    time_elapsed         | 983         |
|    total_timesteps      | 403456      |
| train/                  |             |
|    approx_kl            | 0.017758314 |
|    clip_fraction        | 0.199       |
|    clip_range           | 0.2         |
|    entropy_loss         | -15.7       |
|    explained_variance   | 0.978       |
|    learning_rate        | 0.0003      |
|    loss                 | 0.528       |
|    n_updates            | 1960        |
|    policy_gradient_loss | -0.011      |
|    std                  | 0.902       |
|    value_loss           | 2.28        |
-----------------------------------------
-----------------------------------------
| rollout/                |             |
|    ep_len_mean          | 8.93e+03    |
|    ep_rew_mean          | -691        |
| time/                   |             |
|    fps                  | 410         |
|    iterations           | 198         |
|    time_elapsed         | 988         |
|    total_timesteps      | 405504      |
| train/                  |             |
|    approx_kl            | 0.021605331 |
|    clip_fraction        | 0.139       |
|    clip_range           | 0.2         |
|    entropy_loss         | -15.7       |
|    explained_variance   | 0.849       |
|    learning_rate        | 0.0003      |
|    loss                 | 1.9         |
|    n_updates            | 1970        |
|    policy_gradient_loss | -0.00697    |
|    std                  | 0.902       |
|    value_loss           | 6.63        |
-----------------------------------------
-----------------------------------------
| rollout/                |             |
|    ep_len_mean          | 8.93e+03    |
|    ep_rew_mean          | -691        |
| time/                   |             |
|    fps                  | 410         |
|    iterations           | 199         |
|    time_elapsed         | 992         |
|    total_timesteps      | 407552      |
| train/                  |             |
|    approx_kl            | 0.025655814 |
|    clip_fraction        | 0.331       |
|    clip_range           | 0.2         |
|    entropy_loss         | -15.7       |
|    explained_variance   | 0.973       |
|    learning_rate        | 0.0003      |
|    loss                 | 0.594       |
|    n_updates            | 1980        |
|    policy_gradient_loss | -0.0115     |
|    std                  | 0.901       |
|    value_loss           | 1.62        |
-----------------------------------------
-----------------------------------------
| rollout/                |             |
|    ep_len_mean          | 8.93e+03    |
|    ep_rew_mean          | -691        |
| time/                   |             |
|    fps                  | 410         |
|    iterations           | 200         |
|    time_elapsed         | 997         |
|    total_timesteps      | 409600      |
| train/                  |             |
|    approx_kl            | 0.027302288 |
|    clip_fraction        | 0.286       |
|    clip_range           | 0.2         |
|    entropy_loss         | -15.7       |
|    explained_variance   | 0.984       |
|    learning_rate        | 0.0003      |
|    loss                 | 0.615       |
|    n_updates            | 1990        |
|    policy_gradient_loss | -0.0155     |
|    std                  | 0.898       |
|    value_loss           | 1.4         |
-----------------------------------------
-----------------------------------------
| rollout/                |             |
|    ep_len_mean          | 8.93e+03    |
|    ep_rew_mean          | -690        |
| time/                   |             |
|    fps                  | 411         |
|    iterations           | 201         |
|    time_elapsed         | 1001        |
|    total_timesteps      | 411648      |
| train/                  |             |
|    approx_kl            | 0.019025233 |
|    clip_fraction        | 0.223       |
|    clip_range           | 0.2         |
|    entropy_loss         | -15.7       |
|    explained_variance   | 0.978       |
|    learning_rate        | 0.0003      |
|    loss                 | 0.74        |
|    n_updates            | 2000        |
|    policy_gradient_loss | -0.0153     |
|    std                  | 0.9         |
|    value_loss           | 2.32        |
-----------------------------------------
----------------------------------------
| rollout/                |            |
|    ep_len_mean          | 8.93e+03   |
|    ep_rew_mean          | -690       |
| time/                   |            |
|    fps                  | 411        |
|    iterations           | 202        |
|    time_elapsed         | 1005       |
|    total_timesteps      | 413696     |
| train/                  |            |
|    approx_kl            | 0.01684672 |
|    clip_fraction        | 0.174      |
|    clip_range           | 0.2        |
|    entropy_loss         | -15.7      |
|    explained_variance   | 0.903      |
|    learning_rate        | 0.0003     |
|    loss                 | 1.77       |
|    n_updates            | 2010       |
|    policy_gradient_loss | -0.0084    |
|    std                  | 0.899      |
|    value_loss           | 6.47       |
----------------------------------------
-----------------------------------------
| rollout/                |             |
|    ep_len_mean          | 8.93e+03    |
|    ep_rew_mean          | -690        |
| time/                   |             |
|    fps                  | 411         |
|    iterations           | 203         |
|    time_elapsed         | 1010        |
|    total_timesteps      | 415744      |
| train/                  |             |
|    approx_kl            | 0.027207948 |
|    clip_fraction        | 0.326       |
|    clip_range           | 0.2         |
|    entropy_loss         | -15.7       |
|    explained_variance   | 0.971       |
|    learning_rate        | 0.0003      |
|    loss                 | 0.573       |
|    n_updates            | 2020        |
|    policy_gradient_loss | -0.00714    |
|    std                  | 0.901       |
|    value_loss           | 1.74        |
-----------------------------------------
-----------------------------------------
| rollout/                |             |
|    ep_len_mean          | 8.93e+03    |
|    ep_rew_mean          | -690        |
| time/                   |             |
|    fps                  | 411         |
|    iterations           | 204         |
|    time_elapsed         | 1014        |
|    total_timesteps      | 417792      |
| train/                  |             |
|    approx_kl            | 0.030529197 |
|    clip_fraction        | 0.294       |
|    clip_range           | 0.2         |
|    entropy_loss         | -15.7       |
|    explained_variance   | 0.965       |
|    learning_rate        | 0.0003      |
|    loss                 | 0.597       |
|    n_updates            | 2030        |
|    policy_gradient_loss | -0.0124     |
|    std                  | 0.902       |
|    value_loss           | 1.55        |
-----------------------------------------
-----------------------------------------
| rollout/                |             |
|    ep_len_mean          | 8.93e+03    |
|    ep_rew_mean          | -690        |
| time/                   |             |
|    fps                  | 412         |
|    iterations           | 205         |
|    time_elapsed         | 1018        |
|    total_timesteps      | 419840      |
| train/                  |             |
|    approx_kl            | 0.015687274 |
|    clip_fraction        | 0.236       |
|    clip_range           | 0.2         |
|    entropy_loss         | -15.7       |
|    explained_variance   | 0.979       |
|    learning_rate        | 0.0003      |
|    loss                 | 0.533       |
|    n_updates            | 2040        |
|    policy_gradient_loss | -0.0135     |
|    std                  | 0.899       |
|    value_loss           | 1.88        |
-----------------------------------------
-----------------------------------------
| rollout/                |             |
|    ep_len_mean          | 8.93e+03    |
|    ep_rew_mean          | -690        |
| time/                   |             |
|    fps                  | 412         |
|    iterations           | 206         |
|    time_elapsed         | 1023        |
|    total_timesteps      | 421888      |
| train/                  |             |
|    approx_kl            | 0.011372293 |
|    clip_fraction        | 0.122       |
|    clip_range           | 0.2         |
|    entropy_loss         | -15.7       |
|    explained_variance   | 0.92        |
|    learning_rate        | 0.0003      |
|    loss                 | 1.84        |
|    n_updates            | 2050        |
|    policy_gradient_loss | -0.00989    |
|    std                  | 0.899       |
|    value_loss           | 8.49        |
-----------------------------------------
-----------------------------------------
| rollout/                |             |
|    ep_len_mean          | 8.93e+03    |
|    ep_rew_mean          | -690        |
| time/                   |             |
|    fps                  | 412         |
|    iterations           | 207         |
|    time_elapsed         | 1027        |
|    total_timesteps      | 423936      |
| train/                  |             |
|    approx_kl            | 0.033232223 |
|    clip_fraction        | 0.377       |
|    clip_range           | 0.2         |
|    entropy_loss         | -15.7       |
|    explained_variance   | 0.97        |
|    learning_rate        | 0.0003      |
|    loss                 | 0.309       |
|    n_updates            | 2060        |
|    policy_gradient_loss | -0.00389    |
|    std                  | 0.897       |
|    value_loss           | 0.908       |
-----------------------------------------
----------------------------------------
| rollout/                |            |
|    ep_len_mean          | 8.93e+03   |
|    ep_rew_mean          | -690       |
| time/                   |            |
|    fps                  | 412        |
|    iterations           | 208        |
|    time_elapsed         | 1032       |
|    total_timesteps      | 425984     |
| train/                  |            |
|    approx_kl            | 0.02849695 |
|    clip_fraction        | 0.325      |
|    clip_range           | 0.2        |
|    entropy_loss         | -15.7      |
|    explained_variance   | 0.966      |
|    learning_rate        | 0.0003     |
|    loss                 | 0.501      |
|    n_updates            | 2070       |
|    policy_gradient_loss | -0.0159    |
|    std                  | 0.898      |
|    value_loss           | 1.23       |
----------------------------------------
-----------------------------------------
| rollout/                |             |
|    ep_len_mean          | 8.93e+03    |
|    ep_rew_mean          | -690        |
| time/                   |             |
|    fps                  | 412         |
|    iterations           | 209         |
|    time_elapsed         | 1036        |
|    total_timesteps      | 428032      |
| train/                  |             |
|    approx_kl            | 0.025555708 |
|    clip_fraction        | 0.26        |
|    clip_range           | 0.2         |
|    entropy_loss         | -15.7       |
|    explained_variance   | 0.984       |
|    learning_rate        | 0.0003      |
|    loss                 | 0.283       |
|    n_updates            | 2080        |
|    policy_gradient_loss | -0.0157     |
|    std                  | 0.898       |
|    value_loss           | 1.25        |
-----------------------------------------
-----------------------------------------
| rollout/                |             |
|    ep_len_mean          | 8.93e+03    |
|    ep_rew_mean          | -690        |
| time/                   |             |
|    fps                  | 413         |
|    iterations           | 210         |
|    time_elapsed         | 1040        |
|    total_timesteps      | 430080      |
| train/                  |             |
|    approx_kl            | 0.018437918 |
|    clip_fraction        | 0.17        |
|    clip_range           | 0.2         |
|    entropy_loss         | -15.7       |
|    explained_variance   | 0.932       |
|    learning_rate        | 0.0003      |
|    loss                 | 2.02        |
|    n_updates            | 2090        |
|    policy_gradient_loss | -0.0102     |
|    std                  | 0.898       |
|    value_loss           | 3.79        |
-----------------------------------------
------------------------------------------
| rollout/                |              |
|    ep_len_mean          | 8.93e+03     |
|    ep_rew_mean          | -690         |
| time/                   |              |
|    fps                  | 413          |
|    iterations           | 211          |
|    time_elapsed         | 1045         |
|    total_timesteps      | 432128       |
| train/                  |              |
|    approx_kl            | 0.0118850265 |
|    clip_fraction        | 0.119        |
|    clip_range           | 0.2          |
|    entropy_loss         | -15.7        |
|    explained_variance   | 0.938        |
|    learning_rate        | 0.0003       |
|    loss                 | 1            |
|    n_updates            | 2100         |
|    policy_gradient_loss | -0.0116      |
|    std                  | 0.897        |
|    value_loss           | 7.07         |
------------------------------------------
-----------------------------------------
| rollout/                |             |
|    ep_len_mean          | 8.93e+03    |
|    ep_rew_mean          | -690        |
| time/                   |             |
|    fps                  | 413         |
|    iterations           | 212         |
|    time_elapsed         | 1049        |
|    total_timesteps      | 434176      |
| train/                  |             |
|    approx_kl            | 0.042537205 |
|    clip_fraction        | 0.348       |
|    clip_range           | 0.2         |
|    entropy_loss         | -15.7       |
|    explained_variance   | 0.966       |
|    learning_rate        | 0.0003      |
|    loss                 | 0.499       |
|    n_updates            | 2110        |
|    policy_gradient_loss | -0.00506    |
|    std                  | 0.902       |
|    value_loss           | 1.32        |
-----------------------------------------
-----------------------------------------
| rollout/                |             |
|    ep_len_mean          | 8.93e+03    |
|    ep_rew_mean          | -690        |
| time/                   |             |
|    fps                  | 413         |
|    iterations           | 213         |
|    time_elapsed         | 1053        |
|    total_timesteps      | 436224      |
| train/                  |             |
|    approx_kl            | 0.030022731 |
|    clip_fraction        | 0.331       |
|    clip_range           | 0.2         |
|    entropy_loss         | -15.7       |
|    explained_variance   | 0.98        |
|    learning_rate        | 0.0003      |
|    loss                 | 0.353       |
|    n_updates            | 2120        |
|    policy_gradient_loss | -0.0163     |
|    std                  | 0.897       |
|    value_loss           | 1.16        |
-----------------------------------------
-----------------------------------------
| rollout/                |             |
|    ep_len_mean          | 8.93e+03    |
|    ep_rew_mean          | -690        |
| time/                   |             |
|    fps                  | 414         |
|    iterations           | 214         |
|    time_elapsed         | 1058        |
|    total_timesteps      | 438272      |
| train/                  |             |
|    approx_kl            | 0.024239277 |
|    clip_fraction        | 0.184       |
|    clip_range           | 0.2         |
|    entropy_loss         | -15.7       |
|    explained_variance   | 0.977       |
|    learning_rate        | 0.0003      |
|    loss                 | 0.737       |
|    n_updates            | 2130        |
|    policy_gradient_loss | -0.0125     |
|    std                  | 0.897       |
|    value_loss           | 1.99        |
-----------------------------------------
-----------------------------------------
| rollout/                |             |
|    ep_len_mean          | 8.93e+03    |
|    ep_rew_mean          | -690        |
| time/                   |             |
|    fps                  | 414         |
|    iterations           | 215         |
|    time_elapsed         | 1062        |
|    total_timesteps      | 440320      |
| train/                  |             |
|    approx_kl            | 0.010950754 |
|    clip_fraction        | 0.127       |
|    clip_range           | 0.2         |
|    entropy_loss         | -15.7       |
|    explained_variance   | 0.929       |
|    learning_rate        | 0.0003      |
|    loss                 | 4.83        |
|    n_updates            | 2140        |
|    policy_gradient_loss | -0.00934    |
|    std                  | 0.895       |
|    value_loss           | 8.11        |
-----------------------------------------
-----------------------------------------
| rollout/                |             |
|    ep_len_mean          | 8.93e+03    |
|    ep_rew_mean          | -690        |
| time/                   |             |
|    fps                  | 414         |
|    iterations           | 216         |
|    time_elapsed         | 1066        |
|    total_timesteps      | 442368      |
| train/                  |             |
|    approx_kl            | 0.026979415 |
|    clip_fraction        | 0.286       |
|    clip_range           | 0.2         |
|    entropy_loss         | -15.7       |
|    explained_variance   | 0.971       |
|    learning_rate        | 0.0003      |
|    loss                 | 0.503       |
|    n_updates            | 2150        |
|    policy_gradient_loss | -0.00813    |
|    std                  | 0.898       |
|    value_loss           | 1.66        |
-----------------------------------------
-----------------------------------------
| rollout/                |             |
|    ep_len_mean          | 8.93e+03    |
|    ep_rew_mean          | -690        |
| time/                   |             |
|    fps                  | 414         |
|    iterations           | 217         |
|    time_elapsed         | 1071        |
|    total_timesteps      | 444416      |
| train/                  |             |
|    approx_kl            | 0.019304583 |
|    clip_fraction        | 0.254       |
|    clip_range           | 0.2         |
|    entropy_loss         | -15.7       |
|    explained_variance   | 0.965       |
|    learning_rate        | 0.0003      |
|    loss                 | 0.534       |
|    n_updates            | 2160        |
|    policy_gradient_loss | -0.0101     |
|    std                  | 0.895       |
|    value_loss           | 1.44        |
-----------------------------------------
-----------------------------------------
| rollout/                |             |
|    ep_len_mean          | 8.93e+03    |
|    ep_rew_mean          | -690        |
| time/                   |             |
|    fps                  | 415         |
|    iterations           | 218         |
|    time_elapsed         | 1075        |
|    total_timesteps      | 446464      |
| train/                  |             |
|    approx_kl            | 0.023560226 |
|    clip_fraction        | 0.227       |
|    clip_range           | 0.2         |
|    entropy_loss         | -15.6       |
|    explained_variance   | 0.985       |
|    learning_rate        | 0.0003      |
|    loss                 | 0.566       |
|    n_updates            | 2170        |
|    policy_gradient_loss | -0.0142     |
|    std                  | 0.894       |
|    value_loss           | 1.61        |
-----------------------------------------
-----------------------------------------
| rollout/                |             |
|    ep_len_mean          | 8.93e+03    |
|    ep_rew_mean          | -690        |
| time/                   |             |
|    fps                  | 415         |
|    iterations           | 219         |
|    time_elapsed         | 1079        |
|    total_timesteps      | 448512      |
| train/                  |             |
|    approx_kl            | 0.011057176 |
|    clip_fraction        | 0.116       |
|    clip_range           | 0.2         |
|    entropy_loss         | -15.6       |
|    explained_variance   | 0.962       |
|    learning_rate        | 0.0003      |
|    loss                 | 5.03        |
|    n_updates            | 2180        |
|    policy_gradient_loss | -0.00801    |
|    std                  | 0.894       |
|    value_loss           | 10.7        |
-----------------------------------------
----------------------------------------
| rollout/                |            |
|    ep_len_mean          | 8.93e+03   |
|    ep_rew_mean          | -690       |
| time/                   |            |
|    fps                  | 415        |
|    iterations           | 220        |
|    time_elapsed         | 1084       |
|    total_timesteps      | 450560     |
| train/                  |            |
|    approx_kl            | 0.03274977 |
|    clip_fraction        | 0.358      |
|    clip_range           | 0.2        |
|    entropy_loss         | -15.6      |
|    explained_variance   | 0.961      |
|    learning_rate        | 0.0003     |
|    loss                 | 0.315      |
|    n_updates            | 2190       |
|    policy_gradient_loss | -0.0129    |
|    std                  | 0.896      |
|    value_loss           | 0.898      |
----------------------------------------
-----------------------------------------
| rollout/                |             |
|    ep_len_mean          | 8.93e+03    |
|    ep_rew_mean          | -690        |
| time/                   |             |
|    fps                  | 415         |
|    iterations           | 221         |
|    time_elapsed         | 1088        |
|    total_timesteps      | 452608      |
| train/                  |             |
|    approx_kl            | 0.026131809 |
|    clip_fraction        | 0.289       |
|    clip_range           | 0.2         |
|    entropy_loss         | -15.6       |
|    explained_variance   | 0.978       |
|    learning_rate        | 0.0003      |
|    loss                 | 0.604       |
|    n_updates            | 2200        |
|    policy_gradient_loss | -0.0152     |
|    std                  | 0.895       |
|    value_loss           | 1.49        |
-----------------------------------------
----------------------------------------
| rollout/                |            |
|    ep_len_mean          | 8.93e+03   |
|    ep_rew_mean          | -690       |
| time/                   |            |
|    fps                  | 416        |
|    iterations           | 222        |
|    time_elapsed         | 1092       |
|    total_timesteps      | 454656     |
| train/                  |            |
|    approx_kl            | 0.02446321 |
|    clip_fraction        | 0.266      |
|    clip_range           | 0.2        |
|    entropy_loss         | -15.6      |
|    explained_variance   | 0.986      |
|    learning_rate        | 0.0003     |
|    loss                 | 0.358      |
|    n_updates            | 2210       |
|    policy_gradient_loss | -0.0144    |
|    std                  | 0.895      |
|    value_loss           | 1.29       |
----------------------------------------
-----------------------------------------
| rollout/                |             |
|    ep_len_mean          | 8.93e+03    |
|    ep_rew_mean          | -690        |
| time/                   |             |
|    fps                  | 416         |
|    iterations           | 223         |
|    time_elapsed         | 1096        |
|    total_timesteps      | 456704      |
| train/                  |             |
|    approx_kl            | 0.024314161 |
|    clip_fraction        | 0.252       |
|    clip_range           | 0.2         |
|    entropy_loss         | -15.6       |
|    explained_variance   | 0.974       |
|    learning_rate        | 0.0003      |
|    loss                 | 0.621       |
|    n_updates            | 2220        |
|    policy_gradient_loss | -0.0137     |
|    std                  | 0.895       |
|    value_loss           | 2.02        |
-----------------------------------------
------------------------------------------
| rollout/                |              |
|    ep_len_mean          | 8.93e+03     |
|    ep_rew_mean          | -690         |
| time/                   |              |
|    fps                  | 416          |
|    iterations           | 224          |
|    time_elapsed         | 1101         |
|    total_timesteps      | 458752       |
| train/                  |              |
|    approx_kl            | 0.0118553275 |
|    clip_fraction        | 0.109        |
|    clip_range           | 0.2          |
|    entropy_loss         | -15.6        |
|    explained_variance   | 0.947        |
|    learning_rate        | 0.0003       |
|    loss                 | 1.42         |
|    n_updates            | 2230         |
|    policy_gradient_loss | -0.0112      |
|    std                  | 0.895        |
|    value_loss           | 8.97         |
------------------------------------------
-----------------------------------------
| rollout/                |             |
|    ep_len_mean          | 8.93e+03    |
|    ep_rew_mean          | -690        |
| time/                   |             |
|    fps                  | 416         |
|    iterations           | 225         |
|    time_elapsed         | 1105        |
|    total_timesteps      | 460800      |
| train/                  |             |
|    approx_kl            | 0.035923608 |
|    clip_fraction        | 0.312       |
|    clip_range           | 0.2         |
|    entropy_loss         | -15.6       |
|    explained_variance   | 0.952       |
|    learning_rate        | 0.0003      |
|    loss                 | 0.413       |
|    n_updates            | 2240        |
|    policy_gradient_loss | -0.0108     |
|    std                  | 0.896       |
|    value_loss           | 1.45        |
-----------------------------------------
----------------------------------------
| rollout/                |            |
|    ep_len_mean          | 8.93e+03   |
|    ep_rew_mean          | -690       |
| time/                   |            |
|    fps                  | 416        |
|    iterations           | 226        |
|    time_elapsed         | 1109       |
|    total_timesteps      | 462848     |
| train/                  |            |
|    approx_kl            | 0.03282612 |
|    clip_fraction        | 0.322      |
|    clip_range           | 0.2        |
|    entropy_loss         | -15.6      |
|    explained_variance   | 0.968      |
|    learning_rate        | 0.0003     |
|    loss                 | 0.42       |
|    n_updates            | 2250       |
|    policy_gradient_loss | -0.0126    |
|    std                  | 0.893      |
|    value_loss           | 1.09       |
----------------------------------------
----------------------------------------
| rollout/                |            |
|    ep_len_mean          | 8.93e+03   |
|    ep_rew_mean          | -690       |
| time/                   |            |
|    fps                  | 417        |
|    iterations           | 227        |
|    time_elapsed         | 1114       |
|    total_timesteps      | 464896     |
| train/                  |            |
|    approx_kl            | 0.01887127 |
|    clip_fraction        | 0.227      |
|    clip_range           | 0.2        |
|    entropy_loss         | -15.6      |
|    explained_variance   | 0.976      |
|    learning_rate        | 0.0003     |
|    loss                 | 0.748      |
|    n_updates            | 2260       |
|    policy_gradient_loss | -0.0196    |
|    std                  | 0.89       |
|    value_loss           | 2.14       |
----------------------------------------
-----------------------------------------
| rollout/                |             |
|    ep_len_mean          | 8.93e+03    |
|    ep_rew_mean          | -690        |
| time/                   |             |
|    fps                  | 417         |
|    iterations           | 228         |
|    time_elapsed         | 1118        |
|    total_timesteps      | 466944      |
| train/                  |             |
|    approx_kl            | 0.010807613 |
|    clip_fraction        | 0.114       |
|    clip_range           | 0.2         |
|    entropy_loss         | -15.6       |
|    explained_variance   | 0.957       |
|    learning_rate        | 0.0003      |
|    loss                 | 2.98        |
|    n_updates            | 2270        |
|    policy_gradient_loss | -0.0107     |
|    std                  | 0.889       |
|    value_loss           | 9.43        |
-----------------------------------------
-----------------------------------------
| rollout/                |             |
|    ep_len_mean          | 8.93e+03    |
|    ep_rew_mean          | -690        |
| time/                   |             |
|    fps                  | 417         |
|    iterations           | 229         |
|    time_elapsed         | 1123        |
|    total_timesteps      | 468992      |
| train/                  |             |
|    approx_kl            | 0.036744796 |
|    clip_fraction        | 0.336       |
|    clip_range           | 0.2         |
|    entropy_loss         | -15.6       |
|    explained_variance   | 0.985       |
|    learning_rate        | 0.0003      |
|    loss                 | 0.337       |
|    n_updates            | 2280        |
|    policy_gradient_loss | -0.00871    |
|    std                  | 0.892       |
|    value_loss           | 1.04        |
-----------------------------------------
----------------------------------------
| rollout/                |            |
|    ep_len_mean          | 8.93e+03   |
|    ep_rew_mean          | -690       |
| time/                   |            |
|    fps                  | 417        |
|    iterations           | 230        |
|    time_elapsed         | 1127       |
|    total_timesteps      | 471040     |
| train/                  |            |
|    approx_kl            | 0.02481677 |
|    clip_fraction        | 0.264      |
|    clip_range           | 0.2        |
|    entropy_loss         | -15.6      |
|    explained_variance   | 0.945      |
|    learning_rate        | 0.0003     |
|    loss                 | 0.592      |
|    n_updates            | 2290       |
|    policy_gradient_loss | -0.0158    |
|    std                  | 0.893      |
|    value_loss           | 1.58       |
----------------------------------------
-----------------------------------------
| rollout/                |             |
|    ep_len_mean          | 8.93e+03    |
|    ep_rew_mean          | -690        |
| time/                   |             |
|    fps                  | 418         |
|    iterations           | 231         |
|    time_elapsed         | 1131        |
|    total_timesteps      | 473088      |
| train/                  |             |
|    approx_kl            | 0.027354265 |
|    clip_fraction        | 0.266       |
|    clip_range           | 0.2         |
|    entropy_loss         | -15.6       |
|    explained_variance   | 0.985       |
|    learning_rate        | 0.0003      |
|    loss                 | 0.497       |
|    n_updates            | 2300        |
|    policy_gradient_loss | -0.0157     |
|    std                  | 0.892       |
|    value_loss           | 1.48        |
-----------------------------------------
-----------------------------------------
| rollout/                |             |
|    ep_len_mean          | 8.93e+03    |
|    ep_rew_mean          | -690        |
| time/                   |             |
|    fps                  | 418         |
|    iterations           | 232         |
|    time_elapsed         | 1135        |
|    total_timesteps      | 475136      |
| train/                  |             |
|    approx_kl            | 0.011008278 |
|    clip_fraction        | 0.128       |
|    clip_range           | 0.2         |
|    entropy_loss         | -15.6       |
|    explained_variance   | 0.94        |
|    learning_rate        | 0.0003      |
|    loss                 | 1.4         |
|    n_updates            | 2310        |
|    policy_gradient_loss | -0.012      |
|    std                  | 0.893       |
|    value_loss           | 6.27        |
-----------------------------------------
----------------------------------------
| rollout/                |            |
|    ep_len_mean          | 8.93e+03   |
|    ep_rew_mean          | -690       |
| time/                   |            |
|    fps                  | 418        |
|    iterations           | 233        |
|    time_elapsed         | 1140       |
|    total_timesteps      | 477184     |
| train/                  |            |
|    approx_kl            | 0.02503774 |
|    clip_fraction        | 0.199      |
|    clip_range           | 0.2        |
|    entropy_loss         | -15.6      |
|    explained_variance   | 0.979      |
|    learning_rate        | 0.0003     |
|    loss                 | 0.897      |
|    n_updates            | 2320       |
|    policy_gradient_loss | -0.011     |
|    std                  | 0.895      |
|    value_loss           | 3.35       |
----------------------------------------
-----------------------------------------
| rollout/                |             |
|    ep_len_mean          | 8.93e+03    |
|    ep_rew_mean          | -690        |
| time/                   |             |
|    fps                  | 418         |
|    iterations           | 234         |
|    time_elapsed         | 1144        |
|    total_timesteps      | 479232      |
| train/                  |             |
|    approx_kl            | 0.027498089 |
|    clip_fraction        | 0.297       |
|    clip_range           | 0.2         |
|    entropy_loss         | -15.6       |
|    explained_variance   | 0.977       |
|    learning_rate        | 0.0003      |
|    loss                 | 0.391       |
|    n_updates            | 2330        |
|    policy_gradient_loss | -0.0112     |
|    std                  | 0.893       |
|    value_loss           | 1.75        |
-----------------------------------------
-----------------------------------------
| rollout/                |             |
|    ep_len_mean          | 8.93e+03    |
|    ep_rew_mean          | -690        |
| time/                   |             |
|    fps                  | 418         |
|    iterations           | 235         |
|    time_elapsed         | 1148        |
|    total_timesteps      | 481280      |
| train/                  |             |
|    approx_kl            | 0.027174072 |
|    clip_fraction        | 0.277       |
|    clip_range           | 0.2         |
|    entropy_loss         | -15.6       |
|    explained_variance   | 0.984       |
|    learning_rate        | 0.0003      |
|    loss                 | 0.558       |
|    n_updates            | 2340        |
|    policy_gradient_loss | -0.0145     |
|    std                  | 0.895       |
|    value_loss           | 1.55        |
-----------------------------------------
----------------------------------------
| rollout/                |            |
|    ep_len_mean          | 8.93e+03   |
|    ep_rew_mean          | -690       |
| time/                   |            |
|    fps                  | 419        |
|    iterations           | 236        |
|    time_elapsed         | 1152       |
|    total_timesteps      | 483328     |
| train/                  |            |
|    approx_kl            | 0.01830898 |
|    clip_fraction        | 0.194      |
|    clip_range           | 0.2        |
|    entropy_loss         | -15.6      |
|    explained_variance   | 0.956      |
|    learning_rate        | 0.0003     |
|    loss                 | 1.3        |
|    n_updates            | 2350       |
|    policy_gradient_loss | -0.0163    |
|    std                  | 0.893      |
|    value_loss           | 3.06       |
----------------------------------------
-----------------------------------------
| rollout/                |             |
|    ep_len_mean          | 8.93e+03    |
|    ep_rew_mean          | -690        |
| time/                   |             |
|    fps                  | 419         |
|    iterations           | 237         |
|    time_elapsed         | 1157        |
|    total_timesteps      | 485376      |
| train/                  |             |
|    approx_kl            | 0.012576556 |
|    clip_fraction        | 0.106       |
|    clip_range           | 0.2         |
|    entropy_loss         | -15.6       |
|    explained_variance   | 0.971       |
|    learning_rate        | 0.0003      |
|    loss                 | 4.32        |
|    n_updates            | 2360        |
|    policy_gradient_loss | -0.0121     |
|    std                  | 0.892       |
|    value_loss           | 8.95        |
-----------------------------------------
----------------------------------------
| rollout/                |            |
|    ep_len_mean          | 8.93e+03   |
|    ep_rew_mean          | -690       |
| time/                   |            |
|    fps                  | 419        |
|    iterations           | 238        |
|    time_elapsed         | 1161       |
|    total_timesteps      | 487424     |
| train/                  |            |
|    approx_kl            | 0.02974002 |
|    clip_fraction        | 0.321      |
|    clip_range           | 0.2        |
|    entropy_loss         | -15.6      |
|    explained_variance   | 0.955      |
|    learning_rate        | 0.0003     |
|    loss                 | 0.628      |
|    n_updates            | 2370       |
|    policy_gradient_loss | -0.00485   |
|    std                  | 0.892      |
|    value_loss           | 1.9        |
----------------------------------------
-----------------------------------------
| rollout/                |             |
|    ep_len_mean          | 8.93e+03    |
|    ep_rew_mean          | -690        |
| time/                   |             |
|    fps                  | 419         |
|    iterations           | 239         |
|    time_elapsed         | 1165        |
|    total_timesteps      | 489472      |
| train/                  |             |
|    approx_kl            | 0.039717976 |
|    clip_fraction        | 0.325       |
|    clip_range           | 0.2         |
|    entropy_loss         | -15.6       |
|    explained_variance   | 0.969       |
|    learning_rate        | 0.0003      |
|    loss                 | 0.695       |
|    n_updates            | 2380        |
|    policy_gradient_loss | -0.00881    |
|    std                  | 0.889       |
|    value_loss           | 1.55        |
-----------------------------------------
-----------------------------------------
| rollout/                |             |
|    ep_len_mean          | 8.93e+03    |
|    ep_rew_mean          | -690        |
| time/                   |             |
|    fps                  | 419         |
|    iterations           | 240         |
|    time_elapsed         | 1170        |
|    total_timesteps      | 491520      |
| train/                  |             |
|    approx_kl            | 0.022372209 |
|    clip_fraction        | 0.234       |
|    clip_range           | 0.2         |
|    entropy_loss         | -15.5       |
|    explained_variance   | 0.979       |
|    learning_rate        | 0.0003      |
|    loss                 | 1.41        |
|    n_updates            | 2390        |
|    policy_gradient_loss | -0.0121     |
|    std                  | 0.889       |
|    value_loss           | 2.34        |
-----------------------------------------
-----------------------------------------
| rollout/                |             |
|    ep_len_mean          | 8.93e+03    |
|    ep_rew_mean          | -690        |
| time/                   |             |
|    fps                  | 420         |
|    iterations           | 241         |
|    time_elapsed         | 1174        |
|    total_timesteps      | 493568      |
| train/                  |             |
|    approx_kl            | 0.010051126 |
|    clip_fraction        | 0.0842      |
|    clip_range           | 0.2         |
|    entropy_loss         | -15.5       |
|    explained_variance   | 0.97        |
|    learning_rate        | 0.0003      |
|    loss                 | 2.23        |
|    n_updates            | 2400        |
|    policy_gradient_loss | -0.0111     |
|    std                  | 0.888       |
|    value_loss           | 8.62        |
-----------------------------------------
-----------------------------------------
| rollout/                |             |
|    ep_len_mean          | 8.93e+03    |
|    ep_rew_mean          | -690        |
| time/                   |             |
|    fps                  | 420         |
|    iterations           | 242         |
|    time_elapsed         | 1178        |
|    total_timesteps      | 495616      |
| train/                  |             |
|    approx_kl            | 0.024207575 |
|    clip_fraction        | 0.335       |
|    clip_range           | 0.2         |
|    entropy_loss         | -15.5       |
|    explained_variance   | 0.977       |
|    learning_rate        | 0.0003      |
|    loss                 | 0.476       |
|    n_updates            | 2410        |
|    policy_gradient_loss | -0.00575    |
|    std                  | 0.887       |
|    value_loss           | 1.27        |
-----------------------------------------
-----------------------------------------
| rollout/                |             |
|    ep_len_mean          | 8.93e+03    |
|    ep_rew_mean          | -690        |
| time/                   |             |
|    fps                  | 420         |
|    iterations           | 243         |
|    time_elapsed         | 1182        |
|    total_timesteps      | 497664      |
| train/                  |             |
|    approx_kl            | 0.025025042 |
|    clip_fraction        | 0.299       |
|    clip_range           | 0.2         |
|    entropy_loss         | -15.5       |
|    explained_variance   | 0.951       |
|    learning_rate        | 0.0003      |
|    loss                 | 0.535       |
|    n_updates            | 2420        |
|    policy_gradient_loss | -0.0191     |
|    std                  | 0.885       |
|    value_loss           | 1.94        |
-----------------------------------------
----------------------------------------
| rollout/                |            |
|    ep_len_mean          | 8.93e+03   |
|    ep_rew_mean          | -690       |
| time/                   |            |
|    fps                  | 420        |
|    iterations           | 244        |
|    time_elapsed         | 1187       |
|    total_timesteps      | 499712     |
| train/                  |            |
|    approx_kl            | 0.02047971 |
|    clip_fraction        | 0.219      |
|    clip_range           | 0.2        |
|    entropy_loss         | -15.5      |
|    explained_variance   | 0.982      |
|    learning_rate        | 0.0003     |
|    loss                 | 0.695      |
|    n_updates            | 2430       |
|    policy_gradient_loss | -0.0125    |
|    std                  | 0.885      |
|    value_loss           | 1.78       |
----------------------------------------
------------------------------------------
| rollout/                |              |
|    ep_len_mean          | 8.93e+03     |
|    ep_rew_mean          | -690         |
| time/                   |              |
|    fps                  | 421          |
|    iterations           | 245          |
|    time_elapsed         | 1191         |
|    total_timesteps      | 501760       |
| train/                  |              |
|    approx_kl            | 0.0126849115 |
|    clip_fraction        | 0.135        |
|    clip_range           | 0.2          |
|    entropy_loss         | -15.5        |
|    explained_variance   | 0.955        |
|    learning_rate        | 0.0003       |
|    loss                 | 3.01         |
|    n_updates            | 2440         |
|    policy_gradient_loss | -0.0162      |
|    std                  | 0.884        |
|    value_loss           | 4.77         |
------------------------------------------
----------------------------------------
| rollout/                |            |
|    ep_len_mean          | 8.93e+03   |
|    ep_rew_mean          | -690       |
| time/                   |            |
|    fps                  | 421        |
|    iterations           | 246        |
|    time_elapsed         | 1195       |
|    total_timesteps      | 503808     |
| train/                  |            |
|    approx_kl            | 0.01113593 |
|    clip_fraction        | 0.146      |
|    clip_range           | 0.2        |
|    entropy_loss         | -15.5      |
|    explained_variance   | 0.973      |
|    learning_rate        | 0.0003     |
|    loss                 | 1.37       |
|    n_updates            | 2450       |
|    policy_gradient_loss | -0.0118    |
|    std                  | 0.883      |
|    value_loss           | 4.99       |
----------------------------------------
-----------------------------------------
| rollout/                |             |
|    ep_len_mean          | 8.93e+03    |
|    ep_rew_mean          | -690        |
| time/                   |             |
|    fps                  | 421         |
|    iterations           | 247         |
|    time_elapsed         | 1200        |
|    total_timesteps      | 505856      |
| train/                  |             |
|    approx_kl            | 0.026309352 |
|    clip_fraction        | 0.315       |
|    clip_range           | 0.2         |
|    entropy_loss         | -15.4       |
|    explained_variance   | 0.975       |
|    learning_rate        | 0.0003      |
|    loss                 | 0.41        |
|    n_updates            | 2460        |
|    policy_gradient_loss | -0.0114     |
|    std                  | 0.88        |
|    value_loss           | 1.77        |
-----------------------------------------
-----------------------------------------
| rollout/                |             |
|    ep_len_mean          | 8.93e+03    |
|    ep_rew_mean          | -690        |
| time/                   |             |
|    fps                  | 421         |
|    iterations           | 248         |
|    time_elapsed         | 1204        |
|    total_timesteps      | 507904      |
| train/                  |             |
|    approx_kl            | 0.023757115 |
|    clip_fraction        | 0.285       |
|    clip_range           | 0.2         |
|    entropy_loss         | -15.4       |
|    explained_variance   | 0.976       |
|    learning_rate        | 0.0003      |
|    loss                 | 0.404       |
|    n_updates            | 2470        |
|    policy_gradient_loss | -0.0158     |
|    std                  | 0.881       |
|    value_loss           | 1.72        |
-----------------------------------------
-----------------------------------------
| rollout/                |             |
|    ep_len_mean          | 8.93e+03    |
|    ep_rew_mean          | -690        |
| time/                   |             |
|    fps                  | 421         |
|    iterations           | 249         |
|    time_elapsed         | 1208        |
|    total_timesteps      | 509952      |
| train/                  |             |
|    approx_kl            | 0.015441819 |
|    clip_fraction        | 0.175       |
|    clip_range           | 0.2         |
|    entropy_loss         | -15.4       |
|    explained_variance   | 0.928       |
|    learning_rate        | 0.0003      |
|    loss                 | 1.73        |
|    n_updates            | 2480        |
|    policy_gradient_loss | -0.0173     |
|    std                  | 0.878       |
|    value_loss           | 5.72        |
-----------------------------------------
-----------------------------------------
| rollout/                |             |
|    ep_len_mean          | 8.93e+03    |
|    ep_rew_mean          | -690        |
| time/                   |             |
|    fps                  | 422         |
|    iterations           | 250         |
|    time_elapsed         | 1213        |
|    total_timesteps      | 512000      |
| train/                  |             |
|    approx_kl            | 0.013417675 |
|    clip_fraction        | 0.11        |
|    clip_range           | 0.2         |
|    entropy_loss         | -15.4       |
|    explained_variance   | 0.972       |
|    learning_rate        | 0.0003      |
|    loss                 | 3.21        |
|    n_updates            | 2490        |
|    policy_gradient_loss | -0.0114     |
|    std                  | 0.879       |
|    value_loss           | 17.3        |
-----------------------------------------
-----------------------------------------
| rollout/                |             |
|    ep_len_mean          | 8.93e+03    |
|    ep_rew_mean          | -690        |
| time/                   |             |
|    fps                  | 422         |
|    iterations           | 251         |
|    time_elapsed         | 1217        |
|    total_timesteps      | 514048      |
| train/                  |             |
|    approx_kl            | 0.027716082 |
|    clip_fraction        | 0.303       |
|    clip_range           | 0.2         |
|    entropy_loss         | -15.4       |
|    explained_variance   | 0.946       |
|    learning_rate        | 0.0003      |
|    loss                 | 0.621       |
|    n_updates            | 2500        |
|    policy_gradient_loss | -0.0115     |
|    std                  | 0.877       |
|    value_loss           | 2.39        |
-----------------------------------------
-----------------------------------------
| rollout/                |             |
|    ep_len_mean          | 8.93e+03    |
|    ep_rew_mean          | -690        |
| time/                   |             |
|    fps                  | 422         |
|    iterations           | 252         |
|    time_elapsed         | 1221        |
|    total_timesteps      | 516096      |
| train/                  |             |
|    approx_kl            | 0.024835683 |
|    clip_fraction        | 0.319       |
|    clip_range           | 0.2         |
|    entropy_loss         | -15.4       |
|    explained_variance   | 0.95        |
|    learning_rate        | 0.0003      |
|    loss                 | 0.609       |
|    n_updates            | 2510        |
|    policy_gradient_loss | -0.0135     |
|    std                  | 0.881       |
|    value_loss           | 2.41        |
-----------------------------------------
----------------------------------------
| rollout/                |            |
|    ep_len_mean          | 8.93e+03   |
|    ep_rew_mean          | -690       |
| time/                   |            |
|    fps                  | 422        |
|    iterations           | 253        |
|    time_elapsed         | 1226       |
|    total_timesteps      | 518144     |
| train/                  |            |
|    approx_kl            | 0.02303522 |
|    clip_fraction        | 0.265      |
|    clip_range           | 0.2        |
|    entropy_loss         | -15.4      |
|    explained_variance   | 0.958      |
|    learning_rate        | 0.0003     |
|    loss                 | 1.25       |
|    n_updates            | 2520       |
|    policy_gradient_loss | -0.0122    |
|    std                  | 0.878      |
|    value_loss           | 2.91       |
----------------------------------------
-----------------------------------------
| rollout/                |             |
|    ep_len_mean          | 8.93e+03    |
|    ep_rew_mean          | -690        |
| time/                   |             |
|    fps                  | 422         |
|    iterations           | 254         |
|    time_elapsed         | 1230        |
|    total_timesteps      | 520192      |
| train/                  |             |
|    approx_kl            | 0.008806966 |
|    clip_fraction        | 0.0856      |
|    clip_range           | 0.2         |
|    entropy_loss         | -15.4       |
|    explained_variance   | 0.973       |
|    learning_rate        | 0.0003      |
|    loss                 | 5.74        |
|    n_updates            | 2530        |
|    policy_gradient_loss | -0.013      |
|    std                  | 0.878       |
|    value_loss           | 23.6        |
-----------------------------------------
----------------------------------------
| rollout/                |            |
|    ep_len_mean          | 8.93e+03   |
|    ep_rew_mean          | -690       |
| time/                   |            |
|    fps                  | 422        |
|    iterations           | 255        |
|    time_elapsed         | 1235       |
|    total_timesteps      | 522240     |
| train/                  |            |
|    approx_kl            | 0.04208505 |
|    clip_fraction        | 0.381      |
|    clip_range           | 0.2        |
|    entropy_loss         | -15.4      |
|    explained_variance   | 0.939      |
|    learning_rate        | 0.0003     |
|    loss                 | 0.487      |
|    n_updates            | 2540       |
|    policy_gradient_loss | -0.000237  |
|    std                  | 0.872      |
|    value_loss           | 1.4        |
----------------------------------------
-----------------------------------------
| rollout/                |             |
|    ep_len_mean          | 8.93e+03    |
|    ep_rew_mean          | -690        |
| time/                   |             |
|    fps                  | 422         |
|    iterations           | 256         |
|    time_elapsed         | 1239        |
|    total_timesteps      | 524288      |
| train/                  |             |
|    approx_kl            | 0.031631112 |
|    clip_fraction        | 0.301       |
|    clip_range           | 0.2         |
|    entropy_loss         | -15.3       |
|    explained_variance   | 0.932       |
|    learning_rate        | 0.0003      |
|    loss                 | 0.421       |
|    n_updates            | 2550        |
|    policy_gradient_loss | -0.0136     |
|    std                  | 0.87        |
|    value_loss           | 1.48        |
-----------------------------------------
-----------------------------------------
| rollout/                |             |
|    ep_len_mean          | 8.93e+03    |
|    ep_rew_mean          | -690        |
| time/                   |             |
|    fps                  | 423         |
|    iterations           | 257         |
|    time_elapsed         | 1243        |
|    total_timesteps      | 526336      |
| train/                  |             |
|    approx_kl            | 0.018013302 |
|    clip_fraction        | 0.264       |
|    clip_range           | 0.2         |
|    entropy_loss         | -15.3       |
|    explained_variance   | 0.97        |
|    learning_rate        | 0.0003      |
|    loss                 | 0.31        |
|    n_updates            | 2560        |
|    policy_gradient_loss | -0.0172     |
|    std                  | 0.868       |
|    value_loss           | 1.71        |
-----------------------------------------
-----------------------------------------
| rollout/                |             |
|    ep_len_mean          | 8.93e+03    |
|    ep_rew_mean          | -690        |
| time/                   |             |
|    fps                  | 423         |
|    iterations           | 258         |
|    time_elapsed         | 1248        |
|    total_timesteps      | 528384      |
| train/                  |             |
|    approx_kl            | 0.018206483 |
|    clip_fraction        | 0.173       |
|    clip_range           | 0.2         |
|    entropy_loss         | -15.2       |
|    explained_variance   | 0.912       |
|    learning_rate        | 0.0003      |
|    loss                 | 1.41        |
|    n_updates            | 2570        |
|    policy_gradient_loss | -0.0171     |
|    std                  | 0.867       |
|    value_loss           | 5.29        |
-----------------------------------------
------------------------------------------
| rollout/                |              |
|    ep_len_mean          | 8.93e+03     |
|    ep_rew_mean          | -690         |
| time/                   |              |
|    fps                  | 423          |
|    iterations           | 259          |
|    time_elapsed         | 1253         |
|    total_timesteps      | 530432       |
| train/                  |              |
|    approx_kl            | 0.0134345805 |
|    clip_fraction        | 0.103        |
|    clip_range           | 0.2          |
|    entropy_loss         | -15.2        |
|    explained_variance   | 0.978        |
|    learning_rate        | 0.0003       |
|    loss                 | 4.42         |
|    n_updates            | 2580         |
|    policy_gradient_loss | -0.00948     |
|    std                  | 0.867        |
|    value_loss           | 9.06         |
------------------------------------------
-----------------------------------------
| rollout/                |             |
|    ep_len_mean          | 8.93e+03    |
|    ep_rew_mean          | -690        |
| time/                   |             |
|    fps                  | 423         |
|    iterations           | 260         |
|    time_elapsed         | 1257        |
|    total_timesteps      | 532480      |
| train/                  |             |
|    approx_kl            | 0.044451416 |
|    clip_fraction        | 0.391       |
|    clip_range           | 0.2         |
|    entropy_loss         | -15.2       |
|    explained_variance   | 0.967       |
|    learning_rate        | 0.0003      |
|    loss                 | 0.219       |
|    n_updates            | 2590        |
|    policy_gradient_loss | -0.01       |
|    std                  | 0.866       |
|    value_loss           | 1.15        |
-----------------------------------------
-----------------------------------------
| rollout/                |             |
|    ep_len_mean          | 8.93e+03    |
|    ep_rew_mean          | -690        |
| time/                   |             |
|    fps                  | 423         |
|    iterations           | 261         |
|    time_elapsed         | 1261        |
|    total_timesteps      | 534528      |
| train/                  |             |
|    approx_kl            | 0.029125433 |
|    clip_fraction        | 0.341       |
|    clip_range           | 0.2         |
|    entropy_loss         | -15.2       |
|    explained_variance   | 0.98        |
|    learning_rate        | 0.0003      |
|    loss                 | 0.229       |
|    n_updates            | 2600        |
|    policy_gradient_loss | -0.00793    |
|    std                  | 0.866       |
|    value_loss           | 0.938       |
-----------------------------------------
-----------------------------------------
| rollout/                |             |
|    ep_len_mean          | 8.93e+03    |
|    ep_rew_mean          | -689        |
| time/                   |             |
|    fps                  | 423         |
|    iterations           | 262         |
|    time_elapsed         | 1265        |
|    total_timesteps      | 536576      |
| train/                  |             |
|    approx_kl            | 0.019449119 |
|    clip_fraction        | 0.232       |
|    clip_range           | 0.2         |
|    entropy_loss         | -15.2       |
|    explained_variance   | 0.957       |
|    learning_rate        | 0.0003      |
|    loss                 | 0.521       |
|    n_updates            | 2610        |
|    policy_gradient_loss | -0.0167     |
|    std                  | 0.864       |
|    value_loss           | 2.86        |
-----------------------------------------
-----------------------------------------
| rollout/                |             |
|    ep_len_mean          | 8.93e+03    |
|    ep_rew_mean          | -689        |
| time/                   |             |
|    fps                  | 424         |
|    iterations           | 263         |
|    time_elapsed         | 1270        |
|    total_timesteps      | 538624      |
| train/                  |             |
|    approx_kl            | 0.010149257 |
|    clip_fraction        | 0.104       |
|    clip_range           | 0.2         |
|    entropy_loss         | -15.2       |
|    explained_variance   | 0.963       |
|    learning_rate        | 0.0003      |
|    loss                 | 3.27        |
|    n_updates            | 2620        |
|    policy_gradient_loss | -0.0114     |
|    std                  | 0.863       |
|    value_loss           | 14.5        |
-----------------------------------------
-----------------------------------------
| rollout/                |             |
|    ep_len_mean          | 8.93e+03    |
|    ep_rew_mean          | -689        |
| time/                   |             |
|    fps                  | 424         |
|    iterations           | 264         |
|    time_elapsed         | 1274        |
|    total_timesteps      | 540672      |
| train/                  |             |
|    approx_kl            | 0.035206147 |
|    clip_fraction        | 0.344       |
|    clip_range           | 0.2         |
|    entropy_loss         | -15.2       |
|    explained_variance   | 0.971       |
|    learning_rate        | 0.0003      |
|    loss                 | 0.544       |
|    n_updates            | 2630        |
|    policy_gradient_loss | -0.00765    |
|    std                  | 0.861       |
|    value_loss           | 1.18        |
-----------------------------------------
-----------------------------------------
| rollout/                |             |
|    ep_len_mean          | 8.93e+03    |
|    ep_rew_mean          | -689        |
| time/                   |             |
|    fps                  | 424         |
|    iterations           | 265         |
|    time_elapsed         | 1279        |
|    total_timesteps      | 542720      |
| train/                  |             |
|    approx_kl            | 0.031011231 |
|    clip_fraction        | 0.343       |
|    clip_range           | 0.2         |
|    entropy_loss         | -15.2       |
|    explained_variance   | 0.967       |
|    learning_rate        | 0.0003      |
|    loss                 | 0.319       |
|    n_updates            | 2640        |
|    policy_gradient_loss | -0.016      |
|    std                  | 0.863       |
|    value_loss           | 1.03        |
-----------------------------------------
-----------------------------------------
| rollout/                |             |
|    ep_len_mean          | 8.93e+03    |
|    ep_rew_mean          | -690        |
| time/                   |             |
|    fps                  | 424         |
|    iterations           | 266         |
|    time_elapsed         | 1284        |
|    total_timesteps      | 544768      |
| train/                  |             |
|    approx_kl            | 0.017693568 |
|    clip_fraction        | 0.248       |
|    clip_range           | 0.2         |
|    entropy_loss         | -15.2       |
|    explained_variance   | 0.983       |
|    learning_rate        | 0.0003      |
|    loss                 | 0.55        |
|    n_updates            | 2650        |
|    policy_gradient_loss | -0.0103     |
|    std                  | 0.863       |
|    value_loss           | 1.27        |
-----------------------------------------
-----------------------------------------
| rollout/                |             |
|    ep_len_mean          | 8.93e+03    |
|    ep_rew_mean          | -690        |
| time/                   |             |
|    fps                  | 424         |
|    iterations           | 267         |
|    time_elapsed         | 1288        |
|    total_timesteps      | 546816      |
| train/                  |             |
|    approx_kl            | 0.010363568 |
|    clip_fraction        | 0.133       |
|    clip_range           | 0.2         |
|    entropy_loss         | -15.2       |
|    explained_variance   | 0.977       |
|    learning_rate        | 0.0003      |
|    loss                 | 3.68        |
|    n_updates            | 2660        |
|    policy_gradient_loss | -0.00919    |
|    std                  | 0.863       |
|    value_loss           | 10.9        |
-----------------------------------------
-----------------------------------------
| rollout/                |             |
|    ep_len_mean          | 8.93e+03    |
|    ep_rew_mean          | -690        |
| time/                   |             |
|    fps                  | 424         |
|    iterations           | 268         |
|    time_elapsed         | 1293        |
|    total_timesteps      | 548864      |
| train/                  |             |
|    approx_kl            | 0.033798162 |
|    clip_fraction        | 0.367       |
|    clip_range           | 0.2         |
|    entropy_loss         | -15.2       |
|    explained_variance   | 0.972       |
|    learning_rate        | 0.0003      |
|    loss                 | 0.26        |
|    n_updates            | 2670        |
|    policy_gradient_loss | -0.0113     |
|    std                  | 0.865       |
|    value_loss           | 0.835       |
-----------------------------------------
-----------------------------------------
| rollout/                |             |
|    ep_len_mean          | 8.93e+03    |
|    ep_rew_mean          | -690        |
| time/                   |             |
|    fps                  | 424         |
|    iterations           | 269         |
|    time_elapsed         | 1297        |
|    total_timesteps      | 550912      |
| train/                  |             |
|    approx_kl            | 0.031605188 |
|    clip_fraction        | 0.361       |
|    clip_range           | 0.2         |
|    entropy_loss         | -15.2       |
|    explained_variance   | 0.977       |
|    learning_rate        | 0.0003      |
|    loss                 | 0.26        |
|    n_updates            | 2680        |
|    policy_gradient_loss | -0.00889    |
|    std                  | 0.863       |
|    value_loss           | 0.928       |
-----------------------------------------
-----------------------------------------
| rollout/                |             |
|    ep_len_mean          | 8.93e+03    |
|    ep_rew_mean          | -690        |
| time/                   |             |
|    fps                  | 424         |
|    iterations           | 270         |
|    time_elapsed         | 1301        |
|    total_timesteps      | 552960      |
| train/                  |             |
|    approx_kl            | 0.021254178 |
|    clip_fraction        | 0.267       |
|    clip_range           | 0.2         |
|    entropy_loss         | -15.2       |
|    explained_variance   | 0.981       |
|    learning_rate        | 0.0003      |
|    loss                 | 0.301       |
|    n_updates            | 2690        |
|    policy_gradient_loss | -0.0158     |
|    std                  | 0.86        |
|    value_loss           | 1.08        |
-----------------------------------------
-----------------------------------------
| rollout/                |             |
|    ep_len_mean          | 8.93e+03    |
|    ep_rew_mean          | -689        |
| time/                   |             |
|    fps                  | 424         |
|    iterations           | 271         |
|    time_elapsed         | 1306        |
|    total_timesteps      | 555008      |
| train/                  |             |
|    approx_kl            | 0.023038188 |
|    clip_fraction        | 0.218       |
|    clip_range           | 0.2         |
|    entropy_loss         | -15.1       |
|    explained_variance   | 0.965       |
|    learning_rate        | 0.0003      |
|    loss                 | 0.8         |
|    n_updates            | 2700        |
|    policy_gradient_loss | -0.0184     |
|    std                  | 0.859       |
|    value_loss           | 2.02        |
-----------------------------------------
-----------------------------------------
| rollout/                |             |
|    ep_len_mean          | 8.93e+03    |
|    ep_rew_mean          | -689        |
| time/                   |             |
|    fps                  | 425         |
|    iterations           | 272         |
|    time_elapsed         | 1310        |
|    total_timesteps      | 557056      |
| train/                  |             |
|    approx_kl            | 0.008912745 |
|    clip_fraction        | 0.0975      |
|    clip_range           | 0.2         |
|    entropy_loss         | -15.1       |
|    explained_variance   | 0.973       |
|    learning_rate        | 0.0003      |
|    loss                 | 2.66        |
|    n_updates            | 2710        |
|    policy_gradient_loss | -0.00847    |
|    std                  | 0.859       |
|    value_loss           | 7.92        |
-----------------------------------------
-----------------------------------------
| rollout/                |             |
|    ep_len_mean          | 8.93e+03    |
|    ep_rew_mean          | -689        |
| time/                   |             |
|    fps                  | 425         |
|    iterations           | 273         |
|    time_elapsed         | 1315        |
|    total_timesteps      | 559104      |
| train/                  |             |
|    approx_kl            | 0.050946355 |
|    clip_fraction        | 0.363       |
|    clip_range           | 0.2         |
|    entropy_loss         | -15.1       |
|    explained_variance   | 0.976       |
|    learning_rate        | 0.0003      |
|    loss                 | 0.406       |
|    n_updates            | 2720        |
|    policy_gradient_loss | -0.00807    |
|    std                  | 0.859       |
|    value_loss           | 0.969       |
-----------------------------------------
----------------------------------------
| rollout/                |            |
|    ep_len_mean          | 8.93e+03   |
|    ep_rew_mean          | -689       |
| time/                   |            |
|    fps                  | 425        |
|    iterations           | 274        |
|    time_elapsed         | 1319       |
|    total_timesteps      | 561152     |
| train/                  |            |
|    approx_kl            | 0.03173832 |
|    clip_fraction        | 0.31       |
|    clip_range           | 0.2        |
|    entropy_loss         | -15.1      |
|    explained_variance   | 0.973      |
|    learning_rate        | 0.0003     |
|    loss                 | 0.402      |
|    n_updates            | 2730       |
|    policy_gradient_loss | -0.0169    |
|    std                  | 0.856      |
|    value_loss           | 1.09       |
----------------------------------------
-----------------------------------------
| rollout/                |             |
|    ep_len_mean          | 8.93e+03    |
|    ep_rew_mean          | -689        |
| time/                   |             |
|    fps                  | 425         |
|    iterations           | 275         |
|    time_elapsed         | 1323        |
|    total_timesteps      | 563200      |
| train/                  |             |
|    approx_kl            | 0.026528478 |
|    clip_fraction        | 0.265       |
|    clip_range           | 0.2         |
|    entropy_loss         | -15.1       |
|    explained_variance   | 0.984       |
|    learning_rate        | 0.0003      |
|    loss                 | 0.411       |
|    n_updates            | 2740        |
|    policy_gradient_loss | -0.0142     |
|    std                  | 0.857       |
|    value_loss           | 1.55        |
-----------------------------------------
-----------------------------------------
| rollout/                |             |
|    ep_len_mean          | 8.93e+03    |
|    ep_rew_mean          | -689        |
| time/                   |             |
|    fps                  | 425         |
|    iterations           | 276         |
|    time_elapsed         | 1328        |
|    total_timesteps      | 565248      |
| train/                  |             |
|    approx_kl            | 0.010976072 |
|    clip_fraction        | 0.0854      |
|    clip_range           | 0.2         |
|    entropy_loss         | -15.1       |
|    explained_variance   | 0.976       |
|    learning_rate        | 0.0003      |
|    loss                 | 1.76        |
|    n_updates            | 2750        |
|    policy_gradient_loss | -0.01       |
|    std                  | 0.858       |
|    value_loss           | 8.65        |
-----------------------------------------
----------------------------------------
| rollout/                |            |
|    ep_len_mean          | 8.93e+03   |
|    ep_rew_mean          | -689       |
| time/                   |            |
|    fps                  | 425        |
|    iterations           | 277        |
|    time_elapsed         | 1333       |
|    total_timesteps      | 567296     |
| train/                  |            |
|    approx_kl            | 0.04095896 |
|    clip_fraction        | 0.384      |
|    clip_range           | 0.2        |
|    entropy_loss         | -15.1      |
|    explained_variance   | 0.982      |
|    learning_rate        | 0.0003     |
|    loss                 | 0.463      |
|    n_updates            | 2760       |
|    policy_gradient_loss | -0.00515   |
|    std                  | 0.856      |
|    value_loss           | 1.08       |
----------------------------------------
-----------------------------------------
| rollout/                |             |
|    ep_len_mean          | 8.93e+03    |
|    ep_rew_mean          | -689        |
| time/                   |             |
|    fps                  | 425         |
|    iterations           | 278         |
|    time_elapsed         | 1337        |
|    total_timesteps      | 569344      |
| train/                  |             |
|    approx_kl            | 0.022791833 |
|    clip_fraction        | 0.293       |
|    clip_range           | 0.2         |
|    entropy_loss         | -15.1       |
|    explained_variance   | 0.962       |
|    learning_rate        | 0.0003      |
|    loss                 | 0.518       |
|    n_updates            | 2770        |
|    policy_gradient_loss | -0.013      |
|    std                  | 0.858       |
|    value_loss           | 1.32        |
-----------------------------------------
-----------------------------------------
| rollout/                |             |
|    ep_len_mean          | 8.93e+03    |
|    ep_rew_mean          | -689        |
| time/                   |             |
|    fps                  | 425         |
|    iterations           | 279         |
|    time_elapsed         | 1341        |
|    total_timesteps      | 571392      |
| train/                  |             |
|    approx_kl            | 0.027616013 |
|    clip_fraction        | 0.258       |
|    clip_range           | 0.2         |
|    entropy_loss         | -15.1       |
|    explained_variance   | 0.986       |
|    learning_rate        | 0.0003      |
|    loss                 | 0.317       |
|    n_updates            | 2780        |
|    policy_gradient_loss | -0.0159     |
|    std                  | 0.856       |
|    value_loss           | 1.33        |
-----------------------------------------
-----------------------------------------
| rollout/                |             |
|    ep_len_mean          | 8.93e+03    |
|    ep_rew_mean          | -689        |
| time/                   |             |
|    fps                  | 425         |
|    iterations           | 280         |
|    time_elapsed         | 1346        |
|    total_timesteps      | 573440      |
| train/                  |             |
|    approx_kl            | 0.009019168 |
|    clip_fraction        | 0.135       |
|    clip_range           | 0.2         |
|    entropy_loss         | -15.1       |
|    explained_variance   | 0.975       |
|    learning_rate        | 0.0003      |
|    loss                 | 3.8         |
|    n_updates            | 2790        |
|    policy_gradient_loss | -0.00764    |
|    std                  | 0.856       |
|    value_loss           | 9.32        |
-----------------------------------------
----------------------------------------
| rollout/                |            |
|    ep_len_mean          | 8.93e+03   |
|    ep_rew_mean          | -689       |
| time/                   |            |
|    fps                  | 426        |
|    iterations           | 281        |
|    time_elapsed         | 1350       |
|    total_timesteps      | 575488     |
| train/                  |            |
|    approx_kl            | 0.03936909 |
|    clip_fraction        | 0.367      |
|    clip_range           | 0.2        |
|    entropy_loss         | -15.1      |
|    explained_variance   | 0.957      |
|    learning_rate        | 0.0003     |
|    loss                 | 0.292      |
|    n_updates            | 2800       |
|    policy_gradient_loss | -0.0105    |
|    std                  | 0.854      |
|    value_loss           | 1.1        |
----------------------------------------
-----------------------------------------
| rollout/                |             |
|    ep_len_mean          | 8.93e+03    |
|    ep_rew_mean          | -689        |
| time/                   |             |
|    fps                  | 426         |
|    iterations           | 282         |
|    time_elapsed         | 1355        |
|    total_timesteps      | 577536      |
| train/                  |             |
|    approx_kl            | 0.025781559 |
|    clip_fraction        | 0.305       |
|    clip_range           | 0.2         |
|    entropy_loss         | -15.1       |
|    explained_variance   | 0.978       |
|    learning_rate        | 0.0003      |
|    loss                 | 0.681       |
|    n_updates            | 2810        |
|    policy_gradient_loss | -0.0141     |
|    std                  | 0.857       |
|    value_loss           | 1.31        |
-----------------------------------------
-----------------------------------------
| rollout/                |             |
|    ep_len_mean          | 8.93e+03    |
|    ep_rew_mean          | -689        |
| time/                   |             |
|    fps                  | 426         |
|    iterations           | 283         |
|    time_elapsed         | 1359        |
|    total_timesteps      | 579584      |
| train/                  |             |
|    approx_kl            | 0.027256489 |
|    clip_fraction        | 0.275       |
|    clip_range           | 0.2         |
|    entropy_loss         | -15.1       |
|    explained_variance   | 0.984       |
|    learning_rate        | 0.0003      |
|    loss                 | 0.474       |
|    n_updates            | 2820        |
|    policy_gradient_loss | -0.0167     |
|    std                  | 0.861       |
|    value_loss           | 1.18        |
-----------------------------------------
-----------------------------------------
| rollout/                |             |
|    ep_len_mean          | 8.93e+03    |
|    ep_rew_mean          | -689        |
| time/                   |             |
|    fps                  | 426         |
|    iterations           | 284         |
|    time_elapsed         | 1364        |
|    total_timesteps      | 581632      |
| train/                  |             |
|    approx_kl            | 0.017273929 |
|    clip_fraction        | 0.207       |
|    clip_range           | 0.2         |
|    entropy_loss         | -15.1       |
|    explained_variance   | 0.959       |
|    learning_rate        | 0.0003      |
|    loss                 | 0.627       |
|    n_updates            | 2830        |
|    policy_gradient_loss | -0.0147     |
|    std                  | 0.862       |
|    value_loss           | 2.28        |
-----------------------------------------
-----------------------------------------
| rollout/                |             |
|    ep_len_mean          | 8.93e+03    |
|    ep_rew_mean          | -689        |
| time/                   |             |
|    fps                  | 426         |
|    iterations           | 285         |
|    time_elapsed         | 1368        |
|    total_timesteps      | 583680      |
| train/                  |             |
|    approx_kl            | 0.009585041 |
|    clip_fraction        | 0.0774      |
|    clip_range           | 0.2         |
|    entropy_loss         | -15.1       |
|    explained_variance   | 0.972       |
|    learning_rate        | 0.0003      |
|    loss                 | 1.44        |
|    n_updates            | 2840        |
|    policy_gradient_loss | -0.00998    |
|    std                  | 0.861       |
|    value_loss           | 9.1         |
-----------------------------------------
-----------------------------------------
| rollout/                |             |
|    ep_len_mean          | 8.93e+03    |
|    ep_rew_mean          | -689        |
| time/                   |             |
|    fps                  | 426         |
|    iterations           | 286         |
|    time_elapsed         | 1373        |
|    total_timesteps      | 585728      |
| train/                  |             |
|    approx_kl            | 0.030691985 |
|    clip_fraction        | 0.345       |
|    clip_range           | 0.2         |
|    entropy_loss         | -15.1       |
|    explained_variance   | 0.96        |
|    learning_rate        | 0.0003      |
|    loss                 | 0.337       |
|    n_updates            | 2850        |
|    policy_gradient_loss | -0.0119     |
|    std                  | 0.861       |
|    value_loss           | 1.38        |
-----------------------------------------
----------------------------------------
| rollout/                |            |
|    ep_len_mean          | 8.93e+03   |
|    ep_rew_mean          | -689       |
| time/                   |            |
|    fps                  | 426        |
|    iterations           | 287        |
|    time_elapsed         | 1378       |
|    total_timesteps      | 587776     |
| train/                  |            |
|    approx_kl            | 0.02206334 |
|    clip_fraction        | 0.318      |
|    clip_range           | 0.2        |
|    entropy_loss         | -15.2      |
|    explained_variance   | 0.963      |
|    learning_rate        | 0.0003     |
|    loss                 | 0.511      |
|    n_updates            | 2860       |
|    policy_gradient_loss | -0.00986   |
|    std                  | 0.862      |
|    value_loss           | 1.15       |
----------------------------------------
-----------------------------------------
| rollout/                |             |
|    ep_len_mean          | 8.93e+03    |
|    ep_rew_mean          | -689        |
| time/                   |             |
|    fps                  | 426         |
|    iterations           | 288         |
|    time_elapsed         | 1382        |
|    total_timesteps      | 589824      |
| train/                  |             |
|    approx_kl            | 0.023916952 |
|    clip_fraction        | 0.258       |
|    clip_range           | 0.2         |
|    entropy_loss         | -15.2       |
|    explained_variance   | 0.977       |
|    learning_rate        | 0.0003      |
|    loss                 | 0.5         |
|    n_updates            | 2870        |
|    policy_gradient_loss | -0.015      |
|    std                  | 0.86        |
|    value_loss           | 1.56        |
-----------------------------------------
-----------------------------------------
| rollout/                |             |
|    ep_len_mean          | 8.93e+03    |
|    ep_rew_mean          | -689        |
| time/                   |             |
|    fps                  | 426         |
|    iterations           | 289         |
|    time_elapsed         | 1387        |
|    total_timesteps      | 591872      |
| train/                  |             |
|    approx_kl            | 0.007599599 |
|    clip_fraction        | 0.0676      |
|    clip_range           | 0.2         |
|    entropy_loss         | -15.1       |
|    explained_variance   | 0.982       |
|    learning_rate        | 0.0003      |
|    loss                 | 8.9         |
|    n_updates            | 2880        |
|    policy_gradient_loss | -0.0117     |
|    std                  | 0.861       |
|    value_loss           | 15.6        |
-----------------------------------------
-----------------------------------------
| rollout/                |             |
|    ep_len_mean          | 8.93e+03    |
|    ep_rew_mean          | -689        |
| time/                   |             |
|    fps                  | 426         |
|    iterations           | 290         |
|    time_elapsed         | 1391        |
|    total_timesteps      | 593920      |
| train/                  |             |
|    approx_kl            | 0.039129473 |
|    clip_fraction        | 0.382       |
|    clip_range           | 0.2         |
|    entropy_loss         | -15.1       |
|    explained_variance   | 0.989       |
|    learning_rate        | 0.0003      |
|    loss                 | 0.313       |
|    n_updates            | 2890        |
|    policy_gradient_loss | -0.0104     |
|    std                  | 0.862       |
|    value_loss           | 0.806       |
-----------------------------------------
-----------------------------------------
| rollout/                |             |
|    ep_len_mean          | 8.93e+03    |
|    ep_rew_mean          | -689        |
| time/                   |             |
|    fps                  | 426         |
|    iterations           | 291         |
|    time_elapsed         | 1395        |
|    total_timesteps      | 595968      |
| train/                  |             |
|    approx_kl            | 0.021127338 |
|    clip_fraction        | 0.257       |
|    clip_range           | 0.2         |
|    entropy_loss         | -15.2       |
|    explained_variance   | 0.948       |
|    learning_rate        | 0.0003      |
|    loss                 | 0.419       |
|    n_updates            | 2900        |
|    policy_gradient_loss | -0.0114     |
|    std                  | 0.862       |
|    value_loss           | 1.49        |
-----------------------------------------
-----------------------------------------
| rollout/                |             |
|    ep_len_mean          | 8.93e+03    |
|    ep_rew_mean          | -689        |
| time/                   |             |
|    fps                  | 427         |
|    iterations           | 292         |
|    time_elapsed         | 1400        |
|    total_timesteps      | 598016      |
| train/                  |             |
|    approx_kl            | 0.028121086 |
|    clip_fraction        | 0.287       |
|    clip_range           | 0.2         |
|    entropy_loss         | -15.2       |
|    explained_variance   | 0.981       |
|    learning_rate        | 0.0003      |
|    loss                 | 0.3         |
|    n_updates            | 2910        |
|    policy_gradient_loss | -0.0103     |
|    std                  | 0.862       |
|    value_loss           | 1.14        |
-----------------------------------------
-----------------------------------------
| rollout/                |             |
|    ep_len_mean          | 8.93e+03    |
|    ep_rew_mean          | -689        |
| time/                   |             |
|    fps                  | 427         |
|    iterations           | 293         |
|    time_elapsed         | 1404        |
|    total_timesteps      | 600064      |
| train/                  |             |
|    approx_kl            | 0.009564329 |
|    clip_fraction        | 0.1         |
|    clip_range           | 0.2         |
|    entropy_loss         | -15.2       |
|    explained_variance   | 0.939       |
|    learning_rate        | 0.0003      |
|    loss                 | 2.71        |
|    n_updates            | 2920        |
|    policy_gradient_loss | -0.0132     |
|    std                  | 0.862       |
|    value_loss           | 11.2        |
-----------------------------------------
-----------------------------------------
| rollout/                |             |
|    ep_len_mean          | 8.93e+03    |
|    ep_rew_mean          | -689        |
| time/                   |             |
|    fps                  | 427         |
|    iterations           | 294         |
|    time_elapsed         | 1409        |
|    total_timesteps      | 602112      |
| train/                  |             |
|    approx_kl            | 0.019617984 |
|    clip_fraction        | 0.203       |
|    clip_range           | 0.2         |
|    entropy_loss         | -15.2       |
|    explained_variance   | 0.987       |
|    learning_rate        | 0.0003      |
|    loss                 | 1.4         |
|    n_updates            | 2930        |
|    policy_gradient_loss | -0.00857    |
|    std                  | 0.863       |
|    value_loss           | 4.14        |
-----------------------------------------
-----------------------------------------
| rollout/                |             |
|    ep_len_mean          | 8.93e+03    |
|    ep_rew_mean          | -689        |
| time/                   |             |
|    fps                  | 427         |
|    iterations           | 295         |
|    time_elapsed         | 1413        |
|    total_timesteps      | 604160      |
| train/                  |             |
|    approx_kl            | 0.031997427 |
|    clip_fraction        | 0.339       |
|    clip_range           | 0.2         |
|    entropy_loss         | -15.1       |
|    explained_variance   | 0.969       |
|    learning_rate        | 0.0003      |
|    loss                 | 0.379       |
|    n_updates            | 2940        |
|    policy_gradient_loss | -0.00903    |
|    std                  | 0.858       |
|    value_loss           | 1.44        |
-----------------------------------------
-----------------------------------------
| rollout/                |             |
|    ep_len_mean          | 8.93e+03    |
|    ep_rew_mean          | -689        |
| time/                   |             |
|    fps                  | 427         |
|    iterations           | 296         |
|    time_elapsed         | 1418        |
|    total_timesteps      | 606208      |
| train/                  |             |
|    approx_kl            | 0.028324962 |
|    clip_fraction        | 0.308       |
|    clip_range           | 0.2         |
|    entropy_loss         | -15.1       |
|    explained_variance   | 0.98        |
|    learning_rate        | 0.0003      |
|    loss                 | 0.379       |
|    n_updates            | 2950        |
|    policy_gradient_loss | -0.00726    |
|    std                  | 0.857       |
|    value_loss           | 1.18        |
-----------------------------------------
-----------------------------------------
| rollout/                |             |
|    ep_len_mean          | 8.93e+03    |
|    ep_rew_mean          | -689        |
| time/                   |             |
|    fps                  | 427         |
|    iterations           | 297         |
|    time_elapsed         | 1422        |
|    total_timesteps      | 608256      |
| train/                  |             |
|    approx_kl            | 0.018341755 |
|    clip_fraction        | 0.208       |
|    clip_range           | 0.2         |
|    entropy_loss         | -15.1       |
|    explained_variance   | 0.937       |
|    learning_rate        | 0.0003      |
|    loss                 | 1.87        |
|    n_updates            | 2960        |
|    policy_gradient_loss | -0.0146     |
|    std                  | 0.857       |
|    value_loss           | 2.84        |
-----------------------------------------
-----------------------------------------
| rollout/                |             |
|    ep_len_mean          | 8.93e+03    |
|    ep_rew_mean          | -689        |
| time/                   |             |
|    fps                  | 427         |
|    iterations           | 298         |
|    time_elapsed         | 1426        |
|    total_timesteps      | 610304      |
| train/                  |             |
|    approx_kl            | 0.009341902 |
|    clip_fraction        | 0.0625      |
|    clip_range           | 0.2         |
|    entropy_loss         | -15.1       |
|    explained_variance   | 0.984       |
|    learning_rate        | 0.0003      |
|    loss                 | 3.81        |
|    n_updates            | 2970        |
|    policy_gradient_loss | -0.0105     |
|    std                  | 0.857       |
|    value_loss           | 11.7        |
-----------------------------------------
----------------------------------------
| rollout/                |            |
|    ep_len_mean          | 8.93e+03   |
|    ep_rew_mean          | -689       |
| time/                   |            |
|    fps                  | 427        |
|    iterations           | 299        |
|    time_elapsed         | 1431       |
|    total_timesteps      | 612352     |
| train/                  |            |
|    approx_kl            | 0.03960559 |
|    clip_fraction        | 0.393      |
|    clip_range           | 0.2        |
|    entropy_loss         | -15.1      |
|    explained_variance   | 0.954      |
|    learning_rate        | 0.0003     |
|    loss                 | 0.371      |
|    n_updates            | 2980       |
|    policy_gradient_loss | -0.00615   |
|    std                  | 0.857      |
|    value_loss           | 1.06       |
----------------------------------------
-----------------------------------------
| rollout/                |             |
|    ep_len_mean          | 8.93e+03    |
|    ep_rew_mean          | -689        |
| time/                   |             |
|    fps                  | 427         |
|    iterations           | 300         |
|    time_elapsed         | 1435        |
|    total_timesteps      | 614400      |
| train/                  |             |
|    approx_kl            | 0.030075848 |
|    clip_fraction        | 0.324       |
|    clip_range           | 0.2         |
|    entropy_loss         | -15         |
|    explained_variance   | 0.96        |
|    learning_rate        | 0.0003      |
|    loss                 | 0.716       |
|    n_updates            | 2990        |
|    policy_gradient_loss | -0.0143     |
|    std                  | 0.855       |
|    value_loss           | 1.21        |
-----------------------------------------
-----------------------------------------
| rollout/                |             |
|    ep_len_mean          | 8.93e+03    |
|    ep_rew_mean          | -689        |
| time/                   |             |
|    fps                  | 428         |
|    iterations           | 301         |
|    time_elapsed         | 1439        |
|    total_timesteps      | 616448      |
| train/                  |             |
|    approx_kl            | 0.024637662 |
|    clip_fraction        | 0.265       |
|    clip_range           | 0.2         |
|    entropy_loss         | -15         |
|    explained_variance   | 0.977       |
|    learning_rate        | 0.0003      |
|    loss                 | 0.708       |
|    n_updates            | 3000        |
|    policy_gradient_loss | -0.0167     |
|    std                  | 0.854       |
|    value_loss           | 1.56        |
-----------------------------------------
-----------------------------------------
| rollout/                |             |
|    ep_len_mean          | 8.93e+03    |
|    ep_rew_mean          | -689        |
| time/                   |             |
|    fps                  | 428         |
|    iterations           | 302         |
|    time_elapsed         | 1444        |
|    total_timesteps      | 618496      |
| train/                  |             |
|    approx_kl            | 0.010343593 |
|    clip_fraction        | 0.0745      |
|    clip_range           | 0.2         |
|    entropy_loss         | -15         |
|    explained_variance   | 0.984       |
|    learning_rate        | 0.0003      |
|    loss                 | 4.07        |
|    n_updates            | 3010        |
|    policy_gradient_loss | -0.0125     |
|    std                  | 0.854       |
|    value_loss           | 12          |
-----------------------------------------
----------------------------------------
| rollout/                |            |
|    ep_len_mean          | 8.93e+03   |
|    ep_rew_mean          | -689       |
| time/                   |            |
|    fps                  | 428        |
|    iterations           | 303        |
|    time_elapsed         | 1448       |
|    total_timesteps      | 620544     |
| train/                  |            |
|    approx_kl            | 0.03333427 |
|    clip_fraction        | 0.393      |
|    clip_range           | 0.2        |
|    entropy_loss         | -15        |
|    explained_variance   | 0.977      |
|    learning_rate        | 0.0003     |
|    loss                 | 0.221      |
|    n_updates            | 3020       |
|    policy_gradient_loss | -0.00815   |
|    std                  | 0.853      |
|    value_loss           | 0.842      |
----------------------------------------
-----------------------------------------
| rollout/                |             |
|    ep_len_mean          | 8.93e+03    |
|    ep_rew_mean          | -689        |
| time/                   |             |
|    fps                  | 428         |
|    iterations           | 304         |
|    time_elapsed         | 1453        |
|    total_timesteps      | 622592      |
| train/                  |             |
|    approx_kl            | 0.023924967 |
|    clip_fraction        | 0.33        |
|    clip_range           | 0.2         |
|    entropy_loss         | -15         |
|    explained_variance   | 0.944       |
|    learning_rate        | 0.0003      |
|    loss                 | 0.395       |
|    n_updates            | 3030        |
|    policy_gradient_loss | -0.00777    |
|    std                  | 0.856       |
|    value_loss           | 1.21        |
-----------------------------------------
-----------------------------------------
| rollout/                |             |
|    ep_len_mean          | 8.93e+03    |
|    ep_rew_mean          | -689        |
| time/                   |             |
|    fps                  | 428         |
|    iterations           | 305         |
|    time_elapsed         | 1457        |
|    total_timesteps      | 624640      |
| train/                  |             |
|    approx_kl            | 0.031018868 |
|    clip_fraction        | 0.283       |
|    clip_range           | 0.2         |
|    entropy_loss         | -15         |
|    explained_variance   | 0.976       |
|    learning_rate        | 0.0003      |
|    loss                 | 0.404       |
|    n_updates            | 3040        |
|    policy_gradient_loss | -0.0114     |
|    std                  | 0.855       |
|    value_loss           | 1.09        |
-----------------------------------------
-----------------------------------------
| rollout/                |             |
|    ep_len_mean          | 8.93e+03    |
|    ep_rew_mean          | -689        |
| time/                   |             |
|    fps                  | 428         |
|    iterations           | 306         |
|    time_elapsed         | 1461        |
|    total_timesteps      | 626688      |
| train/                  |             |
|    approx_kl            | 0.014609935 |
|    clip_fraction        | 0.144       |
|    clip_range           | 0.2         |
|    entropy_loss         | -15         |
|    explained_variance   | 0.899       |
|    learning_rate        | 0.0003      |
|    loss                 | 0.999       |
|    n_updates            | 3050        |
|    policy_gradient_loss | -0.0169     |
|    std                  | 0.855       |
|    value_loss           | 3.24        |
-----------------------------------------
-----------------------------------------
| rollout/                |             |
|    ep_len_mean          | 8.93e+03    |
|    ep_rew_mean          | -689        |
| time/                   |             |
|    fps                  | 428         |
|    iterations           | 307         |
|    time_elapsed         | 1466        |
|    total_timesteps      | 628736      |
| train/                  |             |
|    approx_kl            | 0.016912006 |
|    clip_fraction        | 0.0989      |
|    clip_range           | 0.2         |
|    entropy_loss         | -15         |
|    explained_variance   | 0.981       |
|    learning_rate        | 0.0003      |
|    loss                 | 0.987       |
|    n_updates            | 3060        |
|    policy_gradient_loss | -0.0106     |
|    std                  | 0.855       |
|    value_loss           | 8.51        |
-----------------------------------------
-----------------------------------------
| rollout/                |             |
|    ep_len_mean          | 8.93e+03    |
|    ep_rew_mean          | -689        |
| time/                   |             |
|    fps                  | 428         |
|    iterations           | 308         |
|    time_elapsed         | 1470        |
|    total_timesteps      | 630784      |
| train/                  |             |
|    approx_kl            | 0.032354027 |
|    clip_fraction        | 0.384       |
|    clip_range           | 0.2         |
|    entropy_loss         | -15         |
|    explained_variance   | 0.978       |
|    learning_rate        | 0.0003      |
|    loss                 | 0.282       |
|    n_updates            | 3070        |
|    policy_gradient_loss | -0.005      |
|    std                  | 0.85        |
|    value_loss           | 0.979       |
-----------------------------------------
----------------------------------------
| rollout/                |            |
|    ep_len_mean          | 8.93e+03   |
|    ep_rew_mean          | -689       |
| time/                   |            |
|    fps                  | 428        |
|    iterations           | 309        |
|    time_elapsed         | 1475       |
|    total_timesteps      | 632832     |
| train/                  |            |
|    approx_kl            | 0.03850402 |
|    clip_fraction        | 0.333      |
|    clip_range           | 0.2        |
|    entropy_loss         | -15        |
|    explained_variance   | 0.983      |
|    learning_rate        | 0.0003     |
|    loss                 | 0.317      |
|    n_updates            | 3080       |
|    policy_gradient_loss | -0.0144    |
|    std                  | 0.849      |
|    value_loss           | 0.96       |
----------------------------------------
-----------------------------------------
| rollout/                |             |
|    ep_len_mean          | 8.93e+03    |
|    ep_rew_mean          | -688        |
| time/                   |             |
|    fps                  | 429         |
|    iterations           | 310         |
|    time_elapsed         | 1479        |
|    total_timesteps      | 634880      |
| train/                  |             |
|    approx_kl            | 0.024041636 |
|    clip_fraction        | 0.234       |
|    clip_range           | 0.2         |
|    entropy_loss         | -15         |
|    explained_variance   | 0.967       |
|    learning_rate        | 0.0003      |
|    loss                 | 0.638       |
|    n_updates            | 3090        |
|    policy_gradient_loss | -0.0116     |
|    std                  | 0.849       |
|    value_loss           | 1.71        |
-----------------------------------------
------------------------------------------
| rollout/                |              |
|    ep_len_mean          | 8.93e+03     |
|    ep_rew_mean          | -688         |
| time/                   |              |
|    fps                  | 429          |
|    iterations           | 311          |
|    time_elapsed         | 1484         |
|    total_timesteps      | 636928       |
| train/                  |              |
|    approx_kl            | 0.0063412646 |
|    clip_fraction        | 0.0525       |
|    clip_range           | 0.2          |
|    entropy_loss         | -15          |
|    explained_variance   | 0.985        |
|    learning_rate        | 0.0003       |
|    loss                 | 4.12         |
|    n_updates            | 3100         |
|    policy_gradient_loss | -0.0081      |
|    std                  | 0.849        |
|    value_loss           | 16.5         |
------------------------------------------
-----------------------------------------
| rollout/                |             |
|    ep_len_mean          | 8.93e+03    |
|    ep_rew_mean          | -688        |
| time/                   |             |
|    fps                  | 429         |
|    iterations           | 312         |
|    time_elapsed         | 1489        |
|    total_timesteps      | 638976      |
| train/                  |             |
|    approx_kl            | 0.034466777 |
|    clip_fraction        | 0.372       |
|    clip_range           | 0.2         |
|    entropy_loss         | -14.9       |
|    explained_variance   | 0.958       |
|    learning_rate        | 0.0003      |
|    loss                 | 0.26        |
|    n_updates            | 3110        |
|    policy_gradient_loss | -0.00894    |
|    std                  | 0.848       |
|    value_loss           | 0.936       |
-----------------------------------------
-----------------------------------------
| rollout/                |             |
|    ep_len_mean          | 8.93e+03    |
|    ep_rew_mean          | -688        |
| time/                   |             |
|    fps                  | 429         |
|    iterations           | 313         |
|    time_elapsed         | 1493        |
|    total_timesteps      | 641024      |
| train/                  |             |
|    approx_kl            | 0.025120046 |
|    clip_fraction        | 0.311       |
|    clip_range           | 0.2         |
|    entropy_loss         | -15         |
|    explained_variance   | 0.97        |
|    learning_rate        | 0.0003      |
|    loss                 | 0.315       |
|    n_updates            | 3120        |
|    policy_gradient_loss | -0.0105     |
|    std                  | 0.85        |
|    value_loss           | 0.991       |
-----------------------------------------
-----------------------------------------
| rollout/                |             |
|    ep_len_mean          | 8.93e+03    |
|    ep_rew_mean          | -688        |
| time/                   |             |
|    fps                  | 429         |
|    iterations           | 314         |
|    time_elapsed         | 1498        |
|    total_timesteps      | 643072      |
| train/                  |             |
|    approx_kl            | 0.022928748 |
|    clip_fraction        | 0.263       |
|    clip_range           | 0.2         |
|    entropy_loss         | -15         |
|    explained_variance   | 0.978       |
|    learning_rate        | 0.0003      |
|    loss                 | 0.47        |
|    n_updates            | 3130        |
|    policy_gradient_loss | -0.0149     |
|    std                  | 0.85        |
|    value_loss           | 1.16        |
-----------------------------------------
-----------------------------------------
| rollout/                |             |
|    ep_len_mean          | 8.93e+03    |
|    ep_rew_mean          | -688        |
| time/                   |             |
|    fps                  | 429         |
|    iterations           | 315         |
|    time_elapsed         | 1503        |
|    total_timesteps      | 645120      |
| train/                  |             |
|    approx_kl            | 0.006722777 |
|    clip_fraction        | 0.0801      |
|    clip_range           | 0.2         |
|    entropy_loss         | -15         |
|    explained_variance   | 0.989       |
|    learning_rate        | 0.0003      |
|    loss                 | 5.05        |
|    n_updates            | 3140        |
|    policy_gradient_loss | -0.00868    |
|    std                  | 0.851       |
|    value_loss           | 16.7        |
-----------------------------------------
-----------------------------------------
| rollout/                |             |
|    ep_len_mean          | 8.93e+03    |
|    ep_rew_mean          | -688        |
| time/                   |             |
|    fps                  | 429         |
|    iterations           | 316         |
|    time_elapsed         | 1507        |
|    total_timesteps      | 647168      |
| train/                  |             |
|    approx_kl            | 0.041933782 |
|    clip_fraction        | 0.387       |
|    clip_range           | 0.2         |
|    entropy_loss         | -15         |
|    explained_variance   | 0.977       |
|    learning_rate        | 0.0003      |
|    loss                 | 0.222       |
|    n_updates            | 3150        |
|    policy_gradient_loss | -0.00676    |
|    std                  | 0.85        |
|    value_loss           | 0.788       |
-----------------------------------------
-----------------------------------------
| rollout/                |             |
|    ep_len_mean          | 8.93e+03    |
|    ep_rew_mean          | -688        |
| time/                   |             |
|    fps                  | 429         |
|    iterations           | 317         |
|    time_elapsed         | 1512        |
|    total_timesteps      | 649216      |
| train/                  |             |
|    approx_kl            | 0.027980063 |
|    clip_fraction        | 0.304       |
|    clip_range           | 0.2         |
|    entropy_loss         | -15         |
|    explained_variance   | 0.974       |
|    learning_rate        | 0.0003      |
|    loss                 | 0.247       |
|    n_updates            | 3160        |
|    policy_gradient_loss | -0.0133     |
|    std                  | 0.852       |
|    value_loss           | 0.946       |
-----------------------------------------
----------------------------------------
| rollout/                |            |
|    ep_len_mean          | 8.93e+03   |
|    ep_rew_mean          | -688       |
| time/                   |            |
|    fps                  | 429        |
|    iterations           | 318        |
|    time_elapsed         | 1516       |
|    total_timesteps      | 651264     |
| train/                  |            |
|    approx_kl            | 0.02400208 |
|    clip_fraction        | 0.268      |
|    clip_range           | 0.2        |
|    entropy_loss         | -15        |
|    explained_variance   | 0.979      |
|    learning_rate        | 0.0003     |
|    loss                 | 0.227      |
|    n_updates            | 3170       |
|    policy_gradient_loss | -0.018     |
|    std                  | 0.851      |
|    value_loss           | 0.866      |
----------------------------------------
----------------------------------------
| rollout/                |            |
|    ep_len_mean          | 8.93e+03   |
|    ep_rew_mean          | -688       |
| time/                   |            |
|    fps                  | 429        |
|    iterations           | 319        |
|    time_elapsed         | 1520       |
|    total_timesteps      | 653312     |
| train/                  |            |
|    approx_kl            | 0.01458335 |
|    clip_fraction        | 0.169      |
|    clip_range           | 0.2        |
|    entropy_loss         | -15        |
|    explained_variance   | 0.877      |
|    learning_rate        | 0.0003     |
|    loss                 | 0.704      |
|    n_updates            | 3180       |
|    policy_gradient_loss | -0.0124    |
|    std                  | 0.85       |
|    value_loss           | 3.27       |
----------------------------------------
------------------------------------------
| rollout/                |              |
|    ep_len_mean          | 8.93e+03     |
|    ep_rew_mean          | -688         |
| time/                   |              |
|    fps                  | 429          |
|    iterations           | 320          |
|    time_elapsed         | 1525         |
|    total_timesteps      | 655360       |
| train/                  |              |
|    approx_kl            | 0.0068109278 |
|    clip_fraction        | 0.0565       |
|    clip_range           | 0.2          |
|    entropy_loss         | -15          |
|    explained_variance   | 0.989        |
|    learning_rate        | 0.0003       |
|    loss                 | 3.95         |
|    n_updates            | 3190         |
|    policy_gradient_loss | -0.0111      |
|    std                  | 0.85         |
|    value_loss           | 8.84         |
------------------------------------------
-----------------------------------------
| rollout/                |             |
|    ep_len_mean          | 8.93e+03    |
|    ep_rew_mean          | -688        |
| time/                   |             |
|    fps                  | 429         |
|    iterations           | 321         |
|    time_elapsed         | 1529        |
|    total_timesteps      | 657408      |
| train/                  |             |
|    approx_kl            | 0.030042466 |
|    clip_fraction        | 0.322       |
|    clip_range           | 0.2         |
|    entropy_loss         | -15         |
|    explained_variance   | 0.977       |
|    learning_rate        | 0.0003      |
|    loss                 | 0.336       |
|    n_updates            | 3200        |
|    policy_gradient_loss | -0.00946    |
|    std                  | 0.852       |
|    value_loss           | 0.849       |
-----------------------------------------
-----------------------------------------
| rollout/                |             |
|    ep_len_mean          | 8.93e+03    |
|    ep_rew_mean          | -688        |
| time/                   |             |
|    fps                  | 429         |
|    iterations           | 322         |
|    time_elapsed         | 1534        |
|    total_timesteps      | 659456      |
| train/                  |             |
|    approx_kl            | 0.026032522 |
|    clip_fraction        | 0.305       |
|    clip_range           | 0.2         |
|    entropy_loss         | -15         |
|    explained_variance   | 0.974       |
|    learning_rate        | 0.0003      |
|    loss                 | 0.318       |
|    n_updates            | 3210        |
|    policy_gradient_loss | -0.0141     |
|    std                  | 0.854       |
|    value_loss           | 0.944       |
-----------------------------------------
-----------------------------------------
| rollout/                |             |
|    ep_len_mean          | 8.93e+03    |
|    ep_rew_mean          | -688        |
| time/                   |             |
|    fps                  | 429         |
|    iterations           | 323         |
|    time_elapsed         | 1538        |
|    total_timesteps      | 661504      |
| train/                  |             |
|    approx_kl            | 0.024496762 |
|    clip_fraction        | 0.262       |
|    clip_range           | 0.2         |
|    entropy_loss         | -15         |
|    explained_variance   | 0.969       |
|    learning_rate        | 0.0003      |
|    loss                 | 0.421       |
|    n_updates            | 3220        |
|    policy_gradient_loss | -0.0108     |
|    std                  | 0.854       |
|    value_loss           | 1.23        |
-----------------------------------------
-----------------------------------------
| rollout/                |             |
|    ep_len_mean          | 8.93e+03    |
|    ep_rew_mean          | -688        |
| time/                   |             |
|    fps                  | 430         |
|    iterations           | 324         |
|    time_elapsed         | 1542        |
|    total_timesteps      | 663552      |
| train/                  |             |
|    approx_kl            | 0.008370923 |
|    clip_fraction        | 0.106       |
|    clip_range           | 0.2         |
|    entropy_loss         | -15         |
|    explained_variance   | 0.99        |
|    learning_rate        | 0.0003      |
|    loss                 | 3.25        |
|    n_updates            | 3230        |
|    policy_gradient_loss | -0.00873    |
|    std                  | 0.854       |
|    value_loss           | 10.3        |
-----------------------------------------
-----------------------------------------
| rollout/                |             |
|    ep_len_mean          | 8.93e+03    |
|    ep_rew_mean          | -688        |
| time/                   |             |
|    fps                  | 430         |
|    iterations           | 325         |
|    time_elapsed         | 1547        |
|    total_timesteps      | 665600      |
| train/                  |             |
|    approx_kl            | 0.029770337 |
|    clip_fraction        | 0.34        |
|    clip_range           | 0.2         |
|    entropy_loss         | -15         |
|    explained_variance   | 0.975       |
|    learning_rate        | 0.0003      |
|    loss                 | 0.35        |
|    n_updates            | 3240        |
|    policy_gradient_loss | -0.00693    |
|    std                  | 0.854       |
|    value_loss           | 0.788       |
-----------------------------------------
-----------------------------------------
| rollout/                |             |
|    ep_len_mean          | 8.93e+03    |
|    ep_rew_mean          | -688        |
| time/                   |             |
|    fps                  | 430         |
|    iterations           | 326         |
|    time_elapsed         | 1551        |
|    total_timesteps      | 667648      |
| train/                  |             |
|    approx_kl            | 0.027759388 |
|    clip_fraction        | 0.301       |
|    clip_range           | 0.2         |
|    entropy_loss         | -15         |
|    explained_variance   | 0.968       |
|    learning_rate        | 0.0003      |
|    loss                 | 0.32        |
|    n_updates            | 3250        |
|    policy_gradient_loss | -0.0106     |
|    std                  | 0.852       |
|    value_loss           | 1.02        |
-----------------------------------------
----------------------------------------
| rollout/                |            |
|    ep_len_mean          | 8.93e+03   |
|    ep_rew_mean          | -688       |
| time/                   |            |
|    fps                  | 430        |
|    iterations           | 327        |
|    time_elapsed         | 1555       |
|    total_timesteps      | 669696     |
| train/                  |            |
|    approx_kl            | 0.03190144 |
|    clip_fraction        | 0.306      |
|    clip_range           | 0.2        |
|    entropy_loss         | -15        |
|    explained_variance   | 0.983      |
|    learning_rate        | 0.0003     |
|    loss                 | 0.323      |
|    n_updates            | 3260       |
|    policy_gradient_loss | -0.0154    |
|    std                  | 0.85       |
|    value_loss           | 0.749      |
----------------------------------------
-----------------------------------------
| rollout/                |             |
|    ep_len_mean          | 8.93e+03    |
|    ep_rew_mean          | -688        |
| time/                   |             |
|    fps                  | 430         |
|    iterations           | 328         |
|    time_elapsed         | 1560        |
|    total_timesteps      | 671744      |
| train/                  |             |
|    approx_kl            | 0.012067679 |
|    clip_fraction        | 0.127       |
|    clip_range           | 0.2         |
|    entropy_loss         | -15         |
|    explained_variance   | 0.985       |
|    learning_rate        | 0.0003      |
|    loss                 | 4.27        |
|    n_updates            | 3270        |
|    policy_gradient_loss | -0.0065     |
|    std                  | 0.85        |
|    value_loss           | 9.62        |
-----------------------------------------
----------------------------------------
| rollout/                |            |
|    ep_len_mean          | 8.93e+03   |
|    ep_rew_mean          | -688       |
| time/                   |            |
|    fps                  | 430        |
|    iterations           | 329        |
|    time_elapsed         | 1564       |
|    total_timesteps      | 673792     |
| train/                  |            |
|    approx_kl            | 0.03449816 |
|    clip_fraction        | 0.372      |
|    clip_range           | 0.2        |
|    entropy_loss         | -15        |
|    explained_variance   | 0.95       |
|    learning_rate        | 0.0003     |
|    loss                 | 0.327      |
|    n_updates            | 3280       |
|    policy_gradient_loss | -0.0097    |
|    std                  | 0.852      |
|    value_loss           | 0.881      |
----------------------------------------
----------------------------------------
| rollout/                |            |
|    ep_len_mean          | 8.93e+03   |
|    ep_rew_mean          | -688       |
| time/                   |            |
|    fps                  | 430        |
|    iterations           | 330        |
|    time_elapsed         | 1569       |
|    total_timesteps      | 675840     |
| train/                  |            |
|    approx_kl            | 0.03504557 |
|    clip_fraction        | 0.369      |
|    clip_range           | 0.2        |
|    entropy_loss         | -15        |
|    explained_variance   | 0.97       |
|    learning_rate        | 0.0003     |
|    loss                 | 0.206      |
|    n_updates            | 3290       |
|    policy_gradient_loss | -0.00816   |
|    std                  | 0.854      |
|    value_loss           | 0.571      |
----------------------------------------
-----------------------------------------
| rollout/                |             |
|    ep_len_mean          | 8.93e+03    |
|    ep_rew_mean          | -688        |
| time/                   |             |
|    fps                  | 430         |
|    iterations           | 331         |
|    time_elapsed         | 1573        |
|    total_timesteps      | 677888      |
| train/                  |             |
|    approx_kl            | 0.026719395 |
|    clip_fraction        | 0.285       |
|    clip_range           | 0.2         |
|    entropy_loss         | -15         |
|    explained_variance   | 0.968       |
|    learning_rate        | 0.0003      |
|    loss                 | 0.364       |
|    n_updates            | 3300        |
|    policy_gradient_loss | -0.0167     |
|    std                  | 0.856       |
|    value_loss           | 0.918       |
-----------------------------------------
-----------------------------------------
| rollout/                |             |
|    ep_len_mean          | 8.93e+03    |
|    ep_rew_mean          | -687        |
| time/                   |             |
|    fps                  | 430         |
|    iterations           | 332         |
|    time_elapsed         | 1578        |
|    total_timesteps      | 679936      |
| train/                  |             |
|    approx_kl            | 0.018884193 |
|    clip_fraction        | 0.226       |
|    clip_range           | 0.2         |
|    entropy_loss         | -15         |
|    explained_variance   | 0.875       |
|    learning_rate        | 0.0003      |
|    loss                 | 0.501       |
|    n_updates            | 3310        |
|    policy_gradient_loss | -0.0174     |
|    std                  | 0.857       |
|    value_loss           | 1.36        |
-----------------------------------------
-----------------------------------------
| rollout/                |             |
|    ep_len_mean          | 8.93e+03    |
|    ep_rew_mean          | -687        |
| time/                   |             |
|    fps                  | 430         |
|    iterations           | 333         |
|    time_elapsed         | 1582        |
|    total_timesteps      | 681984      |
| train/                  |             |
|    approx_kl            | 0.011426997 |
|    clip_fraction        | 0.105       |
|    clip_range           | 0.2         |
|    entropy_loss         | -15         |
|    explained_variance   | 0.984       |
|    learning_rate        | 0.0003      |
|    loss                 | 1.15        |
|    n_updates            | 3320        |
|    policy_gradient_loss | -0.0107     |
|    std                  | 0.856       |
|    value_loss           | 7.55        |
-----------------------------------------
-----------------------------------------
| rollout/                |             |
|    ep_len_mean          | 8.93e+03    |
|    ep_rew_mean          | -687        |
| time/                   |             |
|    fps                  | 430         |
|    iterations           | 334         |
|    time_elapsed         | 1587        |
|    total_timesteps      | 684032      |
| train/                  |             |
|    approx_kl            | 0.033889998 |
|    clip_fraction        | 0.336       |
|    clip_range           | 0.2         |
|    entropy_loss         | -15         |
|    explained_variance   | 0.957       |
|    learning_rate        | 0.0003      |
|    loss                 | 0.305       |
|    n_updates            | 3330        |
|    policy_gradient_loss | -0.00571    |
|    std                  | 0.856       |
|    value_loss           | 0.662       |
-----------------------------------------
-----------------------------------------
| rollout/                |             |
|    ep_len_mean          | 8.93e+03    |
|    ep_rew_mean          | -687        |
| time/                   |             |
|    fps                  | 431         |
|    iterations           | 335         |
|    time_elapsed         | 1591        |
|    total_timesteps      | 686080      |
| train/                  |             |
|    approx_kl            | 0.028343366 |
|    clip_fraction        | 0.31        |
|    clip_range           | 0.2         |
|    entropy_loss         | -15         |
|    explained_variance   | 0.978       |
|    learning_rate        | 0.0003      |
|    loss                 | 0.216       |
|    n_updates            | 3340        |
|    policy_gradient_loss | -0.0119     |
|    std                  | 0.858       |
|    value_loss           | 0.66        |
-----------------------------------------
----------------------------------------
| rollout/                |            |
|    ep_len_mean          | 8.93e+03   |
|    ep_rew_mean          | -687       |
| time/                   |            |
|    fps                  | 431        |
|    iterations           | 336        |
|    time_elapsed         | 1595       |
|    total_timesteps      | 688128     |
| train/                  |            |
|    approx_kl            | 0.02559305 |
|    clip_fraction        | 0.282      |
|    clip_range           | 0.2        |
|    entropy_loss         | -15        |
|    explained_variance   | 0.976      |
|    learning_rate        | 0.0003     |
|    loss                 | 0.333      |
|    n_updates            | 3350       |
|    policy_gradient_loss | -0.0167    |
|    std                  | 0.857      |
|    value_loss           | 0.943      |
----------------------------------------
------------------------------------------
| rollout/                |              |
|    ep_len_mean          | 8.93e+03     |
|    ep_rew_mean          | -687         |
| time/                   |              |
|    fps                  | 431          |
|    iterations           | 337          |
|    time_elapsed         | 1600         |
|    total_timesteps      | 690176       |
| train/                  |              |
|    approx_kl            | 0.0062898407 |
|    clip_fraction        | 0.0852       |
|    clip_range           | 0.2          |
|    entropy_loss         | -15          |
|    explained_variance   | 0.99         |
|    learning_rate        | 0.0003       |
|    loss                 | 2.6          |
|    n_updates            | 3360         |
|    policy_gradient_loss | -0.00471     |
|    std                  | 0.857        |
|    value_loss           | 10.8         |
------------------------------------------
-----------------------------------------
| rollout/                |             |
|    ep_len_mean          | 8.93e+03    |
|    ep_rew_mean          | -687        |
| time/                   |             |
|    fps                  | 431         |
|    iterations           | 338         |
|    time_elapsed         | 1605        |
|    total_timesteps      | 692224      |
| train/                  |             |
|    approx_kl            | 0.027872987 |
|    clip_fraction        | 0.351       |
|    clip_range           | 0.2         |
|    entropy_loss         | -15         |
|    explained_variance   | 0.987       |
|    learning_rate        | 0.0003      |
|    loss                 | 0.206       |
|    n_updates            | 3370        |
|    policy_gradient_loss | -0.00753    |
|    std                  | 0.857       |
|    value_loss           | 0.639       |
-----------------------------------------
-----------------------------------------
| rollout/                |             |
|    ep_len_mean          | 8.93e+03    |
|    ep_rew_mean          | -687        |
| time/                   |             |
|    fps                  | 431         |
|    iterations           | 339         |
|    time_elapsed         | 1609        |
|    total_timesteps      | 694272      |
| train/                  |             |
|    approx_kl            | 0.025174577 |
|    clip_fraction        | 0.296       |
|    clip_range           | 0.2         |
|    entropy_loss         | -15         |
|    explained_variance   | 0.945       |
|    learning_rate        | 0.0003      |
|    loss                 | 0.271       |
|    n_updates            | 3380        |
|    policy_gradient_loss | -0.016      |
|    std                  | 0.859       |
|    value_loss           | 0.741       |
-----------------------------------------
-----------------------------------------
| rollout/                |             |
|    ep_len_mean          | 8.93e+03    |
|    ep_rew_mean          | -687        |
| time/                   |             |
|    fps                  | 431         |
|    iterations           | 340         |
|    time_elapsed         | 1613        |
|    total_timesteps      | 696320      |
| train/                  |             |
|    approx_kl            | 0.026754633 |
|    clip_fraction        | 0.289       |
|    clip_range           | 0.2         |
|    entropy_loss         | -15         |
|    explained_variance   | 0.969       |
|    learning_rate        | 0.0003      |
|    loss                 | 0.234       |
|    n_updates            | 3390        |
|    policy_gradient_loss | -0.018      |
|    std                  | 0.855       |
|    value_loss           | 0.905       |
-----------------------------------------
------------------------------------------
| rollout/                |              |
|    ep_len_mean          | 8.93e+03     |
|    ep_rew_mean          | -687         |
| time/                   |              |
|    fps                  | 431          |
|    iterations           | 341          |
|    time_elapsed         | 1617         |
|    total_timesteps      | 698368       |
| train/                  |              |
|    approx_kl            | 0.0071849995 |
|    clip_fraction        | 0.0891       |
|    clip_range           | 0.2          |
|    entropy_loss         | -15          |
|    explained_variance   | 0.984        |
|    learning_rate        | 0.0003       |
|    loss                 | 2.22         |
|    n_updates            | 3400         |
|    policy_gradient_loss | -0.00361     |
|    std                  | 0.855        |
|    value_loss           | 7.94         |
------------------------------------------
----------------------------------------
| rollout/                |            |
|    ep_len_mean          | 8.93e+03   |
|    ep_rew_mean          | -687       |
| time/                   |            |
|    fps                  | 431        |
|    iterations           | 342        |
|    time_elapsed         | 1621       |
|    total_timesteps      | 700416     |
| train/                  |            |
|    approx_kl            | 0.02850672 |
|    clip_fraction        | 0.332      |
|    clip_range           | 0.2        |
|    entropy_loss         | -15        |
|    explained_variance   | 0.998      |
|    learning_rate        | 0.0003     |
|    loss                 | 0.172      |
|    n_updates            | 3410       |
|    policy_gradient_loss | -0.00844   |
|    std                  | 0.855      |
|    value_loss           | 1.18       |
----------------------------------------
-----------------------------------------
| rollout/                |             |
|    ep_len_mean          | 8.93e+03    |
|    ep_rew_mean          | -687        |
| time/                   |             |
|    fps                  | 432         |
|    iterations           | 343         |
|    time_elapsed         | 1625        |
|    total_timesteps      | 702464      |
| train/                  |             |
|    approx_kl            | 0.029394241 |
|    clip_fraction        | 0.338       |
|    clip_range           | 0.2         |
|    entropy_loss         | -15         |
|    explained_variance   | 0.977       |
|    learning_rate        | 0.0003      |
|    loss                 | 0.131       |
|    n_updates            | 3420        |
|    policy_gradient_loss | -0.0176     |
|    std                  | 0.853       |
|    value_loss           | 0.635       |
-----------------------------------------
----------------------------------------
| rollout/                |            |
|    ep_len_mean          | 8.93e+03   |
|    ep_rew_mean          | -687       |
| time/                   |            |
|    fps                  | 432        |
|    iterations           | 344        |
|    time_elapsed         | 1629       |
|    total_timesteps      | 704512     |
| train/                  |            |
|    approx_kl            | 0.03940323 |
|    clip_fraction        | 0.33       |
|    clip_range           | 0.2        |
|    entropy_loss         | -15        |
|    explained_variance   | 0.979      |
|    learning_rate        | 0.0003     |
|    loss                 | 0.213      |
|    n_updates            | 3430       |
|    policy_gradient_loss | -0.0119    |
|    std                  | 0.855      |
|    value_loss           | 0.598      |
----------------------------------------
-----------------------------------------
| rollout/                |             |
|    ep_len_mean          | 8.93e+03    |
|    ep_rew_mean          | -686        |
| time/                   |             |
|    fps                  | 432         |
|    iterations           | 345         |
|    time_elapsed         | 1633        |
|    total_timesteps      | 706560      |
| train/                  |             |
|    approx_kl            | 0.018023262 |
|    clip_fraction        | 0.222       |
|    clip_range           | 0.2         |
|    entropy_loss         | -15         |
|    explained_variance   | 0.897       |
|    learning_rate        | 0.0003      |
|    loss                 | 0.251       |
|    n_updates            | 3440        |
|    policy_gradient_loss | -0.0154     |
|    std                  | 0.855       |
|    value_loss           | 1.56        |
-----------------------------------------
----------------------------------------
| rollout/                |            |
|    ep_len_mean          | 8.93e+03   |
|    ep_rew_mean          | -686       |
| time/                   |            |
|    fps                  | 432        |
|    iterations           | 346        |
|    time_elapsed         | 1637       |
|    total_timesteps      | 708608     |
| train/                  |            |
|    approx_kl            | 0.00870075 |
|    clip_fraction        | 0.0786     |
|    clip_range           | 0.2        |
|    entropy_loss         | -15        |
|    explained_variance   | 0.991      |
|    learning_rate        | 0.0003     |
|    loss                 | 4.84       |
|    n_updates            | 3450       |
|    policy_gradient_loss | -0.00691   |
|    std                  | 0.856      |
|    value_loss           | 8.82       |
----------------------------------------
-----------------------------------------
| rollout/                |             |
|    ep_len_mean          | 8.93e+03    |
|    ep_rew_mean          | -686        |
| time/                   |             |
|    fps                  | 433         |
|    iterations           | 347         |
|    time_elapsed         | 1641        |
|    total_timesteps      | 710656      |
| train/                  |             |
|    approx_kl            | 0.033327594 |
|    clip_fraction        | 0.35        |
|    clip_range           | 0.2         |
|    entropy_loss         | -15         |
|    explained_variance   | 0.962       |
|    learning_rate        | 0.0003      |
|    loss                 | 0.181       |
|    n_updates            | 3460        |
|    policy_gradient_loss | -0.00529    |
|    std                  | 0.854       |
|    value_loss           | 0.566       |
-----------------------------------------
----------------------------------------
| rollout/                |            |
|    ep_len_mean          | 8.93e+03   |
|    ep_rew_mean          | -686       |
| time/                   |            |
|    fps                  | 433        |
|    iterations           | 348        |
|    time_elapsed         | 1645       |
|    total_timesteps      | 712704     |
| train/                  |            |
|    approx_kl            | 0.03064473 |
|    clip_fraction        | 0.313      |
|    clip_range           | 0.2        |
|    entropy_loss         | -15        |
|    explained_variance   | 0.967      |
|    learning_rate        | 0.0003     |
|    loss                 | 0.306      |
|    n_updates            | 3470       |
|    policy_gradient_loss | -0.00952   |
|    std                  | 0.855      |
|    value_loss           | 0.709      |
----------------------------------------
-----------------------------------------
| rollout/                |             |
|    ep_len_mean          | 8.93e+03    |
|    ep_rew_mean          | -686        |
| time/                   |             |
|    fps                  | 433         |
|    iterations           | 349         |
|    time_elapsed         | 1649        |
|    total_timesteps      | 714752      |
| train/                  |             |
|    approx_kl            | 0.020855505 |
|    clip_fraction        | 0.244       |
|    clip_range           | 0.2         |
|    entropy_loss         | -15         |
|    explained_variance   | 0.972       |
|    learning_rate        | 0.0003      |
|    loss                 | 0.263       |
|    n_updates            | 3480        |
|    policy_gradient_loss | -0.0154     |
|    std                  | 0.855       |
|    value_loss           | 1.07        |
-----------------------------------------
-----------------------------------------
| rollout/                |             |
|    ep_len_mean          | 8.93e+03    |
|    ep_rew_mean          | -686        |
| time/                   |             |
|    fps                  | 433         |
|    iterations           | 350         |
|    time_elapsed         | 1652        |
|    total_timesteps      | 716800      |
| train/                  |             |
|    approx_kl            | 0.005996924 |
|    clip_fraction        | 0.0543      |
|    clip_range           | 0.2         |
|    entropy_loss         | -15         |
|    explained_variance   | 0.992       |
|    learning_rate        | 0.0003      |
|    loss                 | 1.33        |
|    n_updates            | 3490        |
|    policy_gradient_loss | -0.00904    |
|    std                  | 0.855       |
|    value_loss           | 12.1        |
-----------------------------------------
-----------------------------------------
| rollout/                |             |
|    ep_len_mean          | 8.93e+03    |
|    ep_rew_mean          | -686        |
| time/                   |             |
|    fps                  | 433         |
|    iterations           | 351         |
|    time_elapsed         | 1656        |
|    total_timesteps      | 718848      |
| train/                  |             |
|    approx_kl            | 0.032371413 |
|    clip_fraction        | 0.363       |
|    clip_range           | 0.2         |
|    entropy_loss         | -15         |
|    explained_variance   | 0.981       |
|    learning_rate        | 0.0003      |
|    loss                 | 0.114       |
|    n_updates            | 3500        |
|    policy_gradient_loss | -0.0101     |
|    std                  | 0.86        |
|    value_loss           | 0.694       |
-----------------------------------------
-----------------------------------------
| rollout/                |             |
|    ep_len_mean          | 8.93e+03    |
|    ep_rew_mean          | -686        |
| time/                   |             |
|    fps                  | 434         |
|    iterations           | 352         |
|    time_elapsed         | 1660        |
|    total_timesteps      | 720896      |
| train/                  |             |
|    approx_kl            | 0.025512505 |
|    clip_fraction        | 0.285       |
|    clip_range           | 0.2         |
|    entropy_loss         | -15         |
|    explained_variance   | 0.951       |
|    learning_rate        | 0.0003      |
|    loss                 | 0.301       |
|    n_updates            | 3510        |
|    policy_gradient_loss | -0.0143     |
|    std                  | 0.855       |
|    value_loss           | 0.827       |
-----------------------------------------
-----------------------------------------
| rollout/                |             |
|    ep_len_mean          | 8.93e+03    |
|    ep_rew_mean          | -686        |
| time/                   |             |
|    fps                  | 434         |
|    iterations           | 353         |
|    time_elapsed         | 1664        |
|    total_timesteps      | 722944      |
| train/                  |             |
|    approx_kl            | 0.024858354 |
|    clip_fraction        | 0.272       |
|    clip_range           | 0.2         |
|    entropy_loss         | -15         |
|    explained_variance   | 0.964       |
|    learning_rate        | 0.0003      |
|    loss                 | 0.166       |
|    n_updates            | 3520        |
|    policy_gradient_loss | -0.0158     |
|    std                  | 0.853       |
|    value_loss           | 0.769       |
-----------------------------------------
-----------------------------------------
| rollout/                |             |
|    ep_len_mean          | 8.93e+03    |
|    ep_rew_mean          | -686        |
| time/                   |             |
|    fps                  | 434         |
|    iterations           | 354         |
|    time_elapsed         | 1668        |
|    total_timesteps      | 724992      |
| train/                  |             |
|    approx_kl            | 0.009433249 |
|    clip_fraction        | 0.116       |
|    clip_range           | 0.2         |
|    entropy_loss         | -15         |
|    explained_variance   | 0.947       |
|    learning_rate        | 0.0003      |
|    loss                 | 1.72        |
|    n_updates            | 3530        |
|    policy_gradient_loss | -0.00456    |
|    std                  | 0.853       |
|    value_loss           | 9.01        |
-----------------------------------------
-----------------------------------------
| rollout/                |             |
|    ep_len_mean          | 8.93e+03    |
|    ep_rew_mean          | -686        |
| time/                   |             |
|    fps                  | 434         |
|    iterations           | 355         |
|    time_elapsed         | 1672        |
|    total_timesteps      | 727040      |
| train/                  |             |
|    approx_kl            | 0.015035657 |
|    clip_fraction        | 0.141       |
|    clip_range           | 0.2         |
|    entropy_loss         | -15         |
|    explained_variance   | 0.997       |
|    learning_rate        | 0.0003      |
|    loss                 | 1.82        |
|    n_updates            | 3540        |
|    policy_gradient_loss | -0.0102     |
|    std                  | 0.852       |
|    value_loss           | 3.24        |
-----------------------------------------
-----------------------------------------
| rollout/                |             |
|    ep_len_mean          | 8.93e+03    |
|    ep_rew_mean          | -686        |
| time/                   |             |
|    fps                  | 434         |
|    iterations           | 356         |
|    time_elapsed         | 1676        |
|    total_timesteps      | 729088      |
| train/                  |             |
|    approx_kl            | 0.034303315 |
|    clip_fraction        | 0.392       |
|    clip_range           | 0.2         |
|    entropy_loss         | -15         |
|    explained_variance   | 0.975       |
|    learning_rate        | 0.0003      |
|    loss                 | 0.163       |
|    n_updates            | 3550        |
|    policy_gradient_loss | -0.00738    |
|    std                  | 0.851       |
|    value_loss           | 0.563       |
-----------------------------------------
-----------------------------------------
| rollout/                |             |
|    ep_len_mean          | 8.93e+03    |
|    ep_rew_mean          | -686        |
| time/                   |             |
|    fps                  | 435         |
|    iterations           | 357         |
|    time_elapsed         | 1680        |
|    total_timesteps      | 731136      |
| train/                  |             |
|    approx_kl            | 0.022728499 |
|    clip_fraction        | 0.296       |
|    clip_range           | 0.2         |
|    entropy_loss         | -14.9       |
|    explained_variance   | 0.971       |
|    learning_rate        | 0.0003      |
|    loss                 | 0.302       |
|    n_updates            | 3560        |
|    policy_gradient_loss | -0.0139     |
|    std                  | 0.848       |
|    value_loss           | 0.676       |
-----------------------------------------
-----------------------------------------
| rollout/                |             |
|    ep_len_mean          | 8.93e+03    |
|    ep_rew_mean          | -686        |
| time/                   |             |
|    fps                  | 435         |
|    iterations           | 358         |
|    time_elapsed         | 1684        |
|    total_timesteps      | 733184      |
| train/                  |             |
|    approx_kl            | 0.022587474 |
|    clip_fraction        | 0.243       |
|    clip_range           | 0.2         |
|    entropy_loss         | -14.9       |
|    explained_variance   | 0.945       |
|    learning_rate        | 0.0003      |
|    loss                 | 0.362       |
|    n_updates            | 3570        |
|    policy_gradient_loss | -0.0162     |
|    std                  | 0.846       |
|    value_loss           | 1.08        |
-----------------------------------------
------------------------------------------
| rollout/                |              |
|    ep_len_mean          | 8.93e+03     |
|    ep_rew_mean          | -686         |
| time/                   |              |
|    fps                  | 435          |
|    iterations           | 359          |
|    time_elapsed         | 1688         |
|    total_timesteps      | 735232       |
| train/                  |              |
|    approx_kl            | 0.0051318714 |
|    clip_fraction        | 0.0417       |
|    clip_range           | 0.2          |
|    entropy_loss         | -14.9        |
|    explained_variance   | 0.992        |
|    learning_rate        | 0.0003       |
|    loss                 | 4.64         |
|    n_updates            | 3580         |
|    policy_gradient_loss | -0.00683     |
|    std                  | 0.846        |
|    value_loss           | 10.3         |
------------------------------------------
----------------------------------------
| rollout/                |            |
|    ep_len_mean          | 8.93e+03   |
|    ep_rew_mean          | -686       |
| time/                   |            |
|    fps                  | 435        |
|    iterations           | 360        |
|    time_elapsed         | 1692       |
|    total_timesteps      | 737280     |
| train/                  |            |
|    approx_kl            | 0.03816788 |
|    clip_fraction        | 0.377      |
|    clip_range           | 0.2        |
|    entropy_loss         | -14.8      |
|    explained_variance   | 0.958      |
|    learning_rate        | 0.0003     |
|    loss                 | 0.119      |
|    n_updates            | 3590       |
|    policy_gradient_loss | -0.00919   |
|    std                  | 0.844      |
|    value_loss           | 0.458      |
----------------------------------------
-----------------------------------------
| rollout/                |             |
|    ep_len_mean          | 8.93e+03    |
|    ep_rew_mean          | -686        |
| time/                   |             |
|    fps                  | 435         |
|    iterations           | 361         |
|    time_elapsed         | 1696        |
|    total_timesteps      | 739328      |
| train/                  |             |
|    approx_kl            | 0.026535917 |
|    clip_fraction        | 0.275       |
|    clip_range           | 0.2         |
|    entropy_loss         | -14.8       |
|    explained_variance   | 0.962       |
|    learning_rate        | 0.0003      |
|    loss                 | 0.341       |
|    n_updates            | 3600        |
|    policy_gradient_loss | -0.0136     |
|    std                  | 0.845       |
|    value_loss           | 0.684       |
-----------------------------------------
-----------------------------------------
| rollout/                |             |
|    ep_len_mean          | 8.93e+03    |
|    ep_rew_mean          | -686        |
| time/                   |             |
|    fps                  | 435         |
|    iterations           | 362         |
|    time_elapsed         | 1700        |
|    total_timesteps      | 741376      |
| train/                  |             |
|    approx_kl            | 0.023925176 |
|    clip_fraction        | 0.27        |
|    clip_range           | 0.2         |
|    entropy_loss         | -14.8       |
|    explained_variance   | 0.978       |
|    learning_rate        | 0.0003      |
|    loss                 | 0.168       |
|    n_updates            | 3610        |
|    policy_gradient_loss | -0.0158     |
|    std                  | 0.842       |
|    value_loss           | 0.764       |
-----------------------------------------
------------------------------------------
| rollout/                |              |
|    ep_len_mean          | 8.93e+03     |
|    ep_rew_mean          | -686         |
| time/                   |              |
|    fps                  | 436          |
|    iterations           | 363          |
|    time_elapsed         | 1704         |
|    total_timesteps      | 743424       |
| train/                  |              |
|    approx_kl            | 0.0055202735 |
|    clip_fraction        | 0.121        |
|    clip_range           | 0.2          |
|    entropy_loss         | -14.8        |
|    explained_variance   | 0.99         |
|    learning_rate        | 0.0003       |
|    loss                 | 2.55         |
|    n_updates            | 3620         |
|    policy_gradient_loss | 0.000745     |
|    std                  | 0.842        |
|    value_loss           | 9.91         |
------------------------------------------
-----------------------------------------
| rollout/                |             |
|    ep_len_mean          | 8.93e+03    |
|    ep_rew_mean          | -686        |
| time/                   |             |
|    fps                  | 436         |
|    iterations           | 364         |
|    time_elapsed         | 1708        |
|    total_timesteps      | 745472      |
| train/                  |             |
|    approx_kl            | 0.046179537 |
|    clip_fraction        | 0.357       |
|    clip_range           | 0.2         |
|    entropy_loss         | -14.7       |
|    explained_variance   | 0.958       |
|    learning_rate        | 0.0003      |
|    loss                 | 0.167       |
|    n_updates            | 3630        |
|    policy_gradient_loss | -0.00496    |
|    std                  | 0.834       |
|    value_loss           | 0.501       |
-----------------------------------------
----------------------------------------
| rollout/                |            |
|    ep_len_mean          | 8.93e+03   |
|    ep_rew_mean          | -686       |
| time/                   |            |
|    fps                  | 436        |
|    iterations           | 365        |
|    time_elapsed         | 1712       |
|    total_timesteps      | 747520     |
| train/                  |            |
|    approx_kl            | 0.03004497 |
|    clip_fraction        | 0.299      |
|    clip_range           | 0.2        |
|    entropy_loss         | -14.7      |
|    explained_variance   | 0.968      |
|    learning_rate        | 0.0003     |
|    loss                 | 0.136      |
|    n_updates            | 3640       |
|    policy_gradient_loss | -0.0165    |
|    std                  | 0.836      |
|    value_loss           | 0.546      |
----------------------------------------
-----------------------------------------
| rollout/                |             |
|    ep_len_mean          | 8.93e+03    |
|    ep_rew_mean          | -686        |
| time/                   |             |
|    fps                  | 436         |
|    iterations           | 366         |
|    time_elapsed         | 1716        |
|    total_timesteps      | 749568      |
| train/                  |             |
|    approx_kl            | 0.028664589 |
|    clip_fraction        | 0.265       |
|    clip_range           | 0.2         |
|    entropy_loss         | -14.7       |
|    explained_variance   | 0.967       |
|    learning_rate        | 0.0003      |
|    loss                 | 0.323       |
|    n_updates            | 3650        |
|    policy_gradient_loss | -0.0124     |
|    std                  | 0.834       |
|    value_loss           | 0.756       |
-----------------------------------------
-----------------------------------------
| rollout/                |             |
|    ep_len_mean          | 8.93e+03    |
|    ep_rew_mean          | -686        |
| time/                   |             |
|    fps                  | 436         |
|    iterations           | 367         |
|    time_elapsed         | 1720        |
|    total_timesteps      | 751616      |
| train/                  |             |
|    approx_kl            | 0.015047882 |
|    clip_fraction        | 0.147       |
|    clip_range           | 0.2         |
|    entropy_loss         | -14.7       |
|    explained_variance   | 0.918       |
|    learning_rate        | 0.0003      |
|    loss                 | 0.518       |
|    n_updates            | 3660        |
|    policy_gradient_loss | -0.0152     |
|    std                  | 0.834       |
|    value_loss           | 2.3         |
-----------------------------------------
-----------------------------------------
| rollout/                |             |
|    ep_len_mean          | 8.93e+03    |
|    ep_rew_mean          | -686        |
| time/                   |             |
|    fps                  | 437         |
|    iterations           | 368         |
|    time_elapsed         | 1723        |
|    total_timesteps      | 753664      |
| train/                  |             |
|    approx_kl            | 0.005440237 |
|    clip_fraction        | 0.0296      |
|    clip_range           | 0.2         |
|    entropy_loss         | -14.7       |
|    explained_variance   | 0.991       |
|    learning_rate        | 0.0003      |
|    loss                 | 1.99        |
|    n_updates            | 3670        |
|    policy_gradient_loss | -0.00814    |
|    std                  | 0.833       |
|    value_loss           | 6.67        |
-----------------------------------------
----------------------------------------
| rollout/                |            |
|    ep_len_mean          | 8.93e+03   |
|    ep_rew_mean          | -686       |
| time/                   |            |
|    fps                  | 437        |
|    iterations           | 369        |
|    time_elapsed         | 1727       |
|    total_timesteps      | 755712     |
| train/                  |            |
|    approx_kl            | 0.03411196 |
|    clip_fraction        | 0.35       |
|    clip_range           | 0.2        |
|    entropy_loss         | -14.7      |
|    explained_variance   | 0.971      |
|    learning_rate        | 0.0003     |
|    loss                 | 0.134      |
|    n_updates            | 3680       |
|    policy_gradient_loss | -0.00734   |
|    std                  | 0.832      |
|    value_loss           | 0.56       |
----------------------------------------
-----------------------------------------
| rollout/                |             |
|    ep_len_mean          | 8.93e+03    |
|    ep_rew_mean          | -686        |
| time/                   |             |
|    fps                  | 437         |
|    iterations           | 370         |
|    time_elapsed         | 1731        |
|    total_timesteps      | 757760      |
| train/                  |             |
|    approx_kl            | 0.037190884 |
|    clip_fraction        | 0.319       |
|    clip_range           | 0.2         |
|    entropy_loss         | -14.7       |
|    explained_variance   | 0.979       |
|    learning_rate        | 0.0003      |
|    loss                 | 0.257       |
|    n_updates            | 3690        |
|    policy_gradient_loss | -0.0147     |
|    std                  | 0.831       |
|    value_loss           | 0.615       |
-----------------------------------------
-----------------------------------------
| rollout/                |             |
|    ep_len_mean          | 8.93e+03    |
|    ep_rew_mean          | -685        |
| time/                   |             |
|    fps                  | 437         |
|    iterations           | 371         |
|    time_elapsed         | 1735        |
|    total_timesteps      | 759808      |
| train/                  |             |
|    approx_kl            | 0.020607552 |
|    clip_fraction        | 0.245       |
|    clip_range           | 0.2         |
|    entropy_loss         | -14.7       |
|    explained_variance   | 0.972       |
|    learning_rate        | 0.0003      |
|    loss                 | 0.33        |
|    n_updates            | 3700        |
|    policy_gradient_loss | -0.0133     |
|    std                  | 0.83        |
|    value_loss           | 1.04        |
-----------------------------------------
-----------------------------------------
| rollout/                |             |
|    ep_len_mean          | 8.93e+03    |
|    ep_rew_mean          | -685        |
| time/                   |             |
|    fps                  | 437         |
|    iterations           | 372         |
|    time_elapsed         | 1739        |
|    total_timesteps      | 761856      |
| train/                  |             |
|    approx_kl            | 0.006377055 |
|    clip_fraction        | 0.045       |
|    clip_range           | 0.2         |
|    entropy_loss         | -14.6       |
|    explained_variance   | 0.992       |
|    learning_rate        | 0.0003      |
|    loss                 | 2.32        |
|    n_updates            | 3710        |
|    policy_gradient_loss | -0.00848    |
|    std                  | 0.83        |
|    value_loss           | 6.63        |
-----------------------------------------
----------------------------------------
| rollout/                |            |
|    ep_len_mean          | 8.93e+03   |
|    ep_rew_mean          | -685       |
| time/                   |            |
|    fps                  | 438        |
|    iterations           | 373        |
|    time_elapsed         | 1743       |
|    total_timesteps      | 763904     |
| train/                  |            |
|    approx_kl            | 0.03420531 |
|    clip_fraction        | 0.377      |
|    clip_range           | 0.2        |
|    entropy_loss         | -14.7      |
|    explained_variance   | 0.966      |
|    learning_rate        | 0.0003     |
|    loss                 | 0.123      |
|    n_updates            | 3720       |
|    policy_gradient_loss | -0.00727   |
|    std                  | 0.834      |
|    value_loss           | 0.405      |
----------------------------------------
----------------------------------------
| rollout/                |            |
|    ep_len_mean          | 8.93e+03   |
|    ep_rew_mean          | -685       |
| time/                   |            |
|    fps                  | 438        |
|    iterations           | 374        |
|    time_elapsed         | 1747       |
|    total_timesteps      | 765952     |
| train/                  |            |
|    approx_kl            | 0.02829563 |
|    clip_fraction        | 0.302      |
|    clip_range           | 0.2        |
|    entropy_loss         | -14.7      |
|    explained_variance   | 0.955      |
|    learning_rate        | 0.0003     |
|    loss                 | 0.215      |
|    n_updates            | 3730       |
|    policy_gradient_loss | -0.0109    |
|    std                  | 0.832      |
|    value_loss           | 0.703      |
----------------------------------------
-----------------------------------------
| rollout/                |             |
|    ep_len_mean          | 8.93e+03    |
|    ep_rew_mean          | -685        |
| time/                   |             |
|    fps                  | 438         |
|    iterations           | 375         |
|    time_elapsed         | 1751        |
|    total_timesteps      | 768000      |
| train/                  |             |
|    approx_kl            | 0.025925148 |
|    clip_fraction        | 0.25        |
|    clip_range           | 0.2         |
|    entropy_loss         | -14.6       |
|    explained_variance   | 0.982       |
|    learning_rate        | 0.0003      |
|    loss                 | 0.176       |
|    n_updates            | 3740        |
|    policy_gradient_loss | -0.0137     |
|    std                  | 0.83        |
|    value_loss           | 0.661       |
-----------------------------------------
------------------------------------------
| rollout/                |              |
|    ep_len_mean          | 8.93e+03     |
|    ep_rew_mean          | -685         |
| time/                   |              |
|    fps                  | 438          |
|    iterations           | 376          |
|    time_elapsed         | 1755         |
|    total_timesteps      | 770048       |
| train/                  |              |
|    approx_kl            | 0.0061236816 |
|    clip_fraction        | 0.146        |
|    clip_range           | 0.2          |
|    entropy_loss         | -14.6        |
|    explained_variance   | 0.989        |
|    learning_rate        | 0.0003       |
|    loss                 | 1.02         |
|    n_updates            | 3750         |
|    policy_gradient_loss | 0.00143      |
|    std                  | 0.83         |
|    value_loss           | 8.79         |
------------------------------------------
-----------------------------------------
| rollout/                |             |
|    ep_len_mean          | 8.93e+03    |
|    ep_rew_mean          | -685        |
| time/                   |             |
|    fps                  | 438         |
|    iterations           | 377         |
|    time_elapsed         | 1759        |
|    total_timesteps      | 772096      |
| train/                  |             |
|    approx_kl            | 0.042750962 |
|    clip_fraction        | 0.366       |
|    clip_range           | 0.2         |
|    entropy_loss         | -14.7       |
|    explained_variance   | 0.947       |
|    learning_rate        | 0.0003      |
|    loss                 | 0.0663      |
|    n_updates            | 3760        |
|    policy_gradient_loss | -0.00985    |
|    std                  | 0.835       |
|    value_loss           | 0.39        |
-----------------------------------------
----------------------------------------
| rollout/                |            |
|    ep_len_mean          | 8.93e+03   |
|    ep_rew_mean          | -685       |
| time/                   |            |
|    fps                  | 439        |
|    iterations           | 378        |
|    time_elapsed         | 1763       |
|    total_timesteps      | 774144     |
| train/                  |            |
|    approx_kl            | 0.03563662 |
|    clip_fraction        | 0.344      |
|    clip_range           | 0.2        |
|    entropy_loss         | -14.7      |
|    explained_variance   | 0.974      |
|    learning_rate        | 0.0003     |
|    loss                 | 0.0944     |
|    n_updates            | 3770       |
|    policy_gradient_loss | -0.0146    |
|    std                  | 0.836      |
|    value_loss           | 0.352      |
----------------------------------------
-----------------------------------------
| rollout/                |             |
|    ep_len_mean          | 8.93e+03    |
|    ep_rew_mean          | -685        |
| time/                   |             |
|    fps                  | 439         |
|    iterations           | 379         |
|    time_elapsed         | 1767        |
|    total_timesteps      | 776192      |
| train/                  |             |
|    approx_kl            | 0.026824329 |
|    clip_fraction        | 0.294       |
|    clip_range           | 0.2         |
|    entropy_loss         | -14.7       |
|    explained_variance   | 0.972       |
|    learning_rate        | 0.0003      |
|    loss                 | 0.295       |
|    n_updates            | 3780        |
|    policy_gradient_loss | -0.0177     |
|    std                  | 0.837       |
|    value_loss           | 0.51        |
-----------------------------------------
-----------------------------------------
| rollout/                |             |
|    ep_len_mean          | 8.93e+03    |
|    ep_rew_mean          | -685        |
| time/                   |             |
|    fps                  | 439         |
|    iterations           | 380         |
|    time_elapsed         | 1771        |
|    total_timesteps      | 778240      |
| train/                  |             |
|    approx_kl            | 0.017255913 |
|    clip_fraction        | 0.214       |
|    clip_range           | 0.2         |
|    entropy_loss         | -14.7       |
|    explained_variance   | 0.899       |
|    learning_rate        | 0.0003      |
|    loss                 | 0.306       |
|    n_updates            | 3790        |
|    policy_gradient_loss | -0.0201     |
|    std                  | 0.838       |
|    value_loss           | 0.983       |
-----------------------------------------
------------------------------------------
| rollout/                |              |
|    ep_len_mean          | 8.93e+03     |
|    ep_rew_mean          | -685         |
| time/                   |              |
|    fps                  | 439          |
|    iterations           | 381          |
|    time_elapsed         | 1775         |
|    total_timesteps      | 780288       |
| train/                  |              |
|    approx_kl            | 0.0032611904 |
|    clip_fraction        | 0.0126       |
|    clip_range           | 0.2          |
|    entropy_loss         | -14.7        |
|    explained_variance   | 0.989        |
|    learning_rate        | 0.0003       |
|    loss                 | 1.96         |
|    n_updates            | 3800         |
|    policy_gradient_loss | -0.0063      |
|    std                  | 0.838        |
|    value_loss           | 6.53         |
------------------------------------------
-----------------------------------------
| rollout/                |             |
|    ep_len_mean          | 8.93e+03    |
|    ep_rew_mean          | -685        |
| time/                   |             |
|    fps                  | 439         |
|    iterations           | 382         |
|    time_elapsed         | 1779        |
|    total_timesteps      | 782336      |
| train/                  |             |
|    approx_kl            | 0.031047512 |
|    clip_fraction        | 0.32        |
|    clip_range           | 0.2         |
|    entropy_loss         | -14.7       |
|    explained_variance   | 0.973       |
|    learning_rate        | 0.0003      |
|    loss                 | 0.0979      |
|    n_updates            | 3810        |
|    policy_gradient_loss | -0.00997    |
|    std                  | 0.836       |
|    value_loss           | 0.367       |
-----------------------------------------
-----------------------------------------
| rollout/                |             |
|    ep_len_mean          | 8.93e+03    |
|    ep_rew_mean          | -685        |
| time/                   |             |
|    fps                  | 439         |
|    iterations           | 383         |
|    time_elapsed         | 1783        |
|    total_timesteps      | 784384      |
| train/                  |             |
|    approx_kl            | 0.031698957 |
|    clip_fraction        | 0.278       |
|    clip_range           | 0.2         |
|    entropy_loss         | -14.7       |
|    explained_variance   | 0.969       |
|    learning_rate        | 0.0003      |
|    loss                 | 0.14        |
|    n_updates            | 3820        |
|    policy_gradient_loss | -0.0113     |
|    std                  | 0.838       |
|    value_loss           | 0.421       |
-----------------------------------------
-----------------------------------------
| rollout/                |             |
|    ep_len_mean          | 8.93e+03    |
|    ep_rew_mean          | -685        |
| time/                   |             |
|    fps                  | 439         |
|    iterations           | 384         |
|    time_elapsed         | 1787        |
|    total_timesteps      | 786432      |
| train/                  |             |
|    approx_kl            | 0.026908617 |
|    clip_fraction        | 0.268       |
|    clip_range           | 0.2         |
|    entropy_loss         | -14.7       |
|    explained_variance   | 0.962       |
|    learning_rate        | 0.0003      |
|    loss                 | 0.285       |
|    n_updates            | 3830        |
|    policy_gradient_loss | -0.0165     |
|    std                  | 0.836       |
|    value_loss           | 0.777       |
-----------------------------------------
-----------------------------------------
| rollout/                |             |
|    ep_len_mean          | 8.93e+03    |
|    ep_rew_mean          | -685        |
| time/                   |             |
|    fps                  | 440         |
|    iterations           | 385         |
|    time_elapsed         | 1791        |
|    total_timesteps      | 788480      |
| train/                  |             |
|    approx_kl            | 0.005629832 |
|    clip_fraction        | 0.0461      |
|    clip_range           | 0.2         |
|    entropy_loss         | -14.7       |
|    explained_variance   | 0.991       |
|    learning_rate        | 0.0003      |
|    loss                 | 1.52        |
|    n_updates            | 3840        |
|    policy_gradient_loss | -0.0086     |
|    std                  | 0.836       |
|    value_loss           | 6.21        |
-----------------------------------------
-----------------------------------------
| rollout/                |             |
|    ep_len_mean          | 8.93e+03    |
|    ep_rew_mean          | -685        |
| time/                   |             |
|    fps                  | 440         |
|    iterations           | 386         |
|    time_elapsed         | 1795        |
|    total_timesteps      | 790528      |
| train/                  |             |
|    approx_kl            | 0.040380627 |
|    clip_fraction        | 0.393       |
|    clip_range           | 0.2         |
|    entropy_loss         | -14.7       |
|    explained_variance   | 0.987       |
|    learning_rate        | 0.0003      |
|    loss                 | 0.117       |
|    n_updates            | 3850        |
|    policy_gradient_loss | -0.0188     |
|    std                  | 0.834       |
|    value_loss           | 0.323       |
-----------------------------------------
-----------------------------------------
| rollout/                |             |
|    ep_len_mean          | 8.93e+03    |
|    ep_rew_mean          | -685        |
| time/                   |             |
|    fps                  | 440         |
|    iterations           | 387         |
|    time_elapsed         | 1799        |
|    total_timesteps      | 792576      |
| train/                  |             |
|    approx_kl            | 0.030408233 |
|    clip_fraction        | 0.327       |
|    clip_range           | 0.2         |
|    entropy_loss         | -14.6       |
|    explained_variance   | 0.967       |
|    learning_rate        | 0.0003      |
|    loss                 | 0.0757      |
|    n_updates            | 3860        |
|    policy_gradient_loss | -0.0131     |
|    std                  | 0.829       |
|    value_loss           | 0.345       |
-----------------------------------------
-----------------------------------------
| rollout/                |             |
|    ep_len_mean          | 8.93e+03    |
|    ep_rew_mean          | -685        |
| time/                   |             |
|    fps                  | 440         |
|    iterations           | 388         |
|    time_elapsed         | 1803        |
|    total_timesteps      | 794624      |
| train/                  |             |
|    approx_kl            | 0.024947595 |
|    clip_fraction        | 0.272       |
|    clip_range           | 0.2         |
|    entropy_loss         | -14.6       |
|    explained_variance   | 0.978       |
|    learning_rate        | 0.0003      |
|    loss                 | 0.153       |
|    n_updates            | 3870        |
|    policy_gradient_loss | -0.0147     |
|    std                  | 0.828       |
|    value_loss           | 0.523       |
-----------------------------------------
------------------------------------------
| rollout/                |              |
|    ep_len_mean          | 8.93e+03     |
|    ep_rew_mean          | -685         |
| time/                   |              |
|    fps                  | 440          |
|    iterations           | 389          |
|    time_elapsed         | 1808         |
|    total_timesteps      | 796672       |
| train/                  |              |
|    approx_kl            | 0.0054661175 |
|    clip_fraction        | 0.0748       |
|    clip_range           | 0.2          |
|    entropy_loss         | -14.6        |
|    explained_variance   | 0.992        |
|    learning_rate        | 0.0003       |
|    loss                 | 1.2          |
|    n_updates            | 3880         |
|    policy_gradient_loss | -0.0052      |
|    std                  | 0.828        |
|    value_loss           | 8.18         |
------------------------------------------
-----------------------------------------
| rollout/                |             |
|    ep_len_mean          | 8.93e+03    |
|    ep_rew_mean          | -685        |
| time/                   |             |
|    fps                  | 440         |
|    iterations           | 390         |
|    time_elapsed         | 1811        |
|    total_timesteps      | 798720      |
| train/                  |             |
|    approx_kl            | 0.028660832 |
|    clip_fraction        | 0.358       |
|    clip_range           | 0.2         |
|    entropy_loss         | -14.5       |
|    explained_variance   | 0.959       |
|    learning_rate        | 0.0003      |
|    loss                 | 0.0722      |
|    n_updates            | 3890        |
|    policy_gradient_loss | -0.0105     |
|    std                  | 0.828       |
|    value_loss           | 0.357       |
-----------------------------------------
-----------------------------------------
| rollout/                |             |
|    ep_len_mean          | 8.93e+03    |
|    ep_rew_mean          | -685        |
| time/                   |             |
|    fps                  | 440         |
|    iterations           | 391         |
|    time_elapsed         | 1815        |
|    total_timesteps      | 800768      |
| train/                  |             |
|    approx_kl            | 0.028673347 |
|    clip_fraction        | 0.304       |
|    clip_range           | 0.2         |
|    entropy_loss         | -14.5       |
|    explained_variance   | 0.976       |
|    learning_rate        | 0.0003      |
|    loss                 | 0.0674      |
|    n_updates            | 3900        |
|    policy_gradient_loss | -0.0106     |
|    std                  | 0.824       |
|    value_loss           | 0.331       |
-----------------------------------------
-----------------------------------------
| rollout/                |             |
|    ep_len_mean          | 8.93e+03    |
|    ep_rew_mean          | -685        |
| time/                   |             |
|    fps                  | 441         |
|    iterations           | 392         |
|    time_elapsed         | 1820        |
|    total_timesteps      | 802816      |
| train/                  |             |
|    approx_kl            | 0.022746949 |
|    clip_fraction        | 0.306       |
|    clip_range           | 0.2         |
|    entropy_loss         | -14.5       |
|    explained_variance   | 0.983       |
|    learning_rate        | 0.0003      |
|    loss                 | 0.0941      |
|    n_updates            | 3910        |
|    policy_gradient_loss | -0.0129     |
|    std                  | 0.827       |
|    value_loss           | 0.388       |
-----------------------------------------
-----------------------------------------
| rollout/                |             |
|    ep_len_mean          | 8.93e+03    |
|    ep_rew_mean          | -684        |
| time/                   |             |
|    fps                  | 441         |
|    iterations           | 393         |
|    time_elapsed         | 1823        |
|    total_timesteps      | 804864      |
| train/                  |             |
|    approx_kl            | 0.023519486 |
|    clip_fraction        | 0.244       |
|    clip_range           | 0.2         |
|    entropy_loss         | -14.5       |
|    explained_variance   | 0.884       |
|    learning_rate        | 0.0003      |
|    loss                 | 0.241       |
|    n_updates            | 3920        |
|    policy_gradient_loss | -0.0195     |
|    std                  | 0.826       |
|    value_loss           | 0.791       |
-----------------------------------------
-----------------------------------------
| rollout/                |             |
|    ep_len_mean          | 8.93e+03    |
|    ep_rew_mean          | -684        |
| time/                   |             |
|    fps                  | 441         |
|    iterations           | 394         |
|    time_elapsed         | 1827        |
|    total_timesteps      | 806912      |
| train/                  |             |
|    approx_kl            | 0.008095164 |
|    clip_fraction        | 0.0724      |
|    clip_range           | 0.2         |
|    entropy_loss         | -14.5       |
|    explained_variance   | 0.991       |
|    learning_rate        | 0.0003      |
|    loss                 | 1.24        |
|    n_updates            | 3930        |
|    policy_gradient_loss | -0.00841    |
|    std                  | 0.825       |
|    value_loss           | 7.58        |
-----------------------------------------
-----------------------------------------
| rollout/                |             |
|    ep_len_mean          | 8.93e+03    |
|    ep_rew_mean          | -684        |
| time/                   |             |
|    fps                  | 441         |
|    iterations           | 395         |
|    time_elapsed         | 1832        |
|    total_timesteps      | 808960      |
| train/                  |             |
|    approx_kl            | 0.036276802 |
|    clip_fraction        | 0.342       |
|    clip_range           | 0.2         |
|    entropy_loss         | -14.5       |
|    explained_variance   | 0.967       |
|    learning_rate        | 0.0003      |
|    loss                 | 0.0787      |
|    n_updates            | 3940        |
|    policy_gradient_loss | -0.00918    |
|    std                  | 0.828       |
|    value_loss           | 0.313       |
-----------------------------------------
----------------------------------------
| rollout/                |            |
|    ep_len_mean          | 8.93e+03   |
|    ep_rew_mean          | -684       |
| time/                   |            |
|    fps                  | 441        |
|    iterations           | 396        |
|    time_elapsed         | 1836       |
|    total_timesteps      | 811008     |
| train/                  |            |
|    approx_kl            | 0.02598412 |
|    clip_fraction        | 0.307      |
|    clip_range           | 0.2        |
|    entropy_loss         | -14.5      |
|    explained_variance   | 0.969      |
|    learning_rate        | 0.0003     |
|    loss                 | 0.124      |
|    n_updates            | 3950       |
|    policy_gradient_loss | -0.0123    |
|    std                  | 0.828      |
|    value_loss           | 0.417      |
----------------------------------------
-----------------------------------------
| rollout/                |             |
|    ep_len_mean          | 8.93e+03    |
|    ep_rew_mean          | -684        |
| time/                   |             |
|    fps                  | 441         |
|    iterations           | 397         |
|    time_elapsed         | 1840        |
|    total_timesteps      | 813056      |
| train/                  |             |
|    approx_kl            | 0.024893902 |
|    clip_fraction        | 0.253       |
|    clip_range           | 0.2         |
|    entropy_loss         | -14.5       |
|    explained_variance   | 0.975       |
|    learning_rate        | 0.0003      |
|    loss                 | 0.179       |
|    n_updates            | 3960        |
|    policy_gradient_loss | -0.011      |
|    std                  | 0.826       |
|    value_loss           | 0.603       |
-----------------------------------------
------------------------------------------
| rollout/                |              |
|    ep_len_mean          | 8.93e+03     |
|    ep_rew_mean          | -684         |
| time/                   |              |
|    fps                  | 441          |
|    iterations           | 398          |
|    time_elapsed         | 1844         |
|    total_timesteps      | 815104       |
| train/                  |              |
|    approx_kl            | 0.0043483917 |
|    clip_fraction        | 0.0482       |
|    clip_range           | 0.2          |
|    entropy_loss         | -14.5        |
|    explained_variance   | 0.99         |
|    learning_rate        | 0.0003       |
|    loss                 | 1.16         |
|    n_updates            | 3970         |
|    policy_gradient_loss | -0.00492     |
|    std                  | 0.825        |
|    value_loss           | 8.37         |
------------------------------------------
-----------------------------------------
| rollout/                |             |
|    ep_len_mean          | 8.93e+03    |
|    ep_rew_mean          | -684        |
| time/                   |             |
|    fps                  | 442         |
|    iterations           | 399         |
|    time_elapsed         | 1847        |
|    total_timesteps      | 817152      |
| train/                  |             |
|    approx_kl            | 0.030003073 |
|    clip_fraction        | 0.342       |
|    clip_range           | 0.2         |
|    entropy_loss         | -14.5       |
|    explained_variance   | 0.979       |
|    learning_rate        | 0.0003      |
|    loss                 | 0.106       |
|    n_updates            | 3980        |
|    policy_gradient_loss | -0.00921    |
|    std                  | 0.825       |
|    value_loss           | 0.396       |
-----------------------------------------
-----------------------------------------
| rollout/                |             |
|    ep_len_mean          | 8.93e+03    |
|    ep_rew_mean          | -684        |
| time/                   |             |
|    fps                  | 442         |
|    iterations           | 400         |
|    time_elapsed         | 1851        |
|    total_timesteps      | 819200      |
| train/                  |             |
|    approx_kl            | 0.028919546 |
|    clip_fraction        | 0.303       |
|    clip_range           | 0.2         |
|    entropy_loss         | -14.5       |
|    explained_variance   | 0.951       |
|    learning_rate        | 0.0003      |
|    loss                 | 0.179       |
|    n_updates            | 3990        |
|    policy_gradient_loss | -0.0106     |
|    std                  | 0.824       |
|    value_loss           | 0.441       |
-----------------------------------------
-----------------------------------------
| rollout/                |             |
|    ep_len_mean          | 8.93e+03    |
|    ep_rew_mean          | -684        |
| time/                   |             |
|    fps                  | 442         |
|    iterations           | 401         |
|    time_elapsed         | 1855        |
|    total_timesteps      | 821248      |
| train/                  |             |
|    approx_kl            | 0.022784855 |
|    clip_fraction        | 0.259       |
|    clip_range           | 0.2         |
|    entropy_loss         | -14.5       |
|    explained_variance   | 0.981       |
|    learning_rate        | 0.0003      |
|    loss                 | 0.127       |
|    n_updates            | 4000        |
|    policy_gradient_loss | -0.0104     |
|    std                  | 0.82        |
|    value_loss           | 0.508       |
-----------------------------------------
-----------------------------------------
| rollout/                |             |
|    ep_len_mean          | 8.93e+03    |
|    ep_rew_mean          | -684        |
| time/                   |             |
|    fps                  | 442         |
|    iterations           | 402         |
|    time_elapsed         | 1859        |
|    total_timesteps      | 823296      |
| train/                  |             |
|    approx_kl            | 0.007081481 |
|    clip_fraction        | 0.144       |
|    clip_range           | 0.2         |
|    entropy_loss         | -14.4       |
|    explained_variance   | 0.978       |
|    learning_rate        | 0.0003      |
|    loss                 | 0.641       |
|    n_updates            | 4010        |
|    policy_gradient_loss | -0.00431    |
|    std                  | 0.82        |
|    value_loss           | 5.31        |
-----------------------------------------
-----------------------------------------
| rollout/                |             |
|    ep_len_mean          | 8.93e+03    |
|    ep_rew_mean          | -684        |
| time/                   |             |
|    fps                  | 442         |
|    iterations           | 403         |
|    time_elapsed         | 1863        |
|    total_timesteps      | 825344      |
| train/                  |             |
|    approx_kl            | 0.012943122 |
|    clip_fraction        | 0.1         |
|    clip_range           | 0.2         |
|    entropy_loss         | -14.4       |
|    explained_variance   | 0.994       |
|    learning_rate        | 0.0003      |
|    loss                 | 0.391       |
|    n_updates            | 4020        |
|    policy_gradient_loss | -0.00958    |
|    std                  | 0.82        |
|    value_loss           | 3.11        |
-----------------------------------------
----------------------------------------
| rollout/                |            |
|    ep_len_mean          | 8.93e+03   |
|    ep_rew_mean          | -684       |
| time/                   |            |
|    fps                  | 443        |
|    iterations           | 404        |
|    time_elapsed         | 1867       |
|    total_timesteps      | 827392     |
| train/                  |            |
|    approx_kl            | 0.03932772 |
|    clip_fraction        | 0.388      |
|    clip_range           | 0.2        |
|    entropy_loss         | -14.4      |
|    explained_variance   | 0.974      |
|    learning_rate        | 0.0003     |
|    loss                 | 0.112      |
|    n_updates            | 4030       |
|    policy_gradient_loss | -0.0111    |
|    std                  | 0.819      |
|    value_loss           | 0.362      |
----------------------------------------
-----------------------------------------
| rollout/                |             |
|    ep_len_mean          | 8.93e+03    |
|    ep_rew_mean          | -684        |
| time/                   |             |
|    fps                  | 443         |
|    iterations           | 405         |
|    time_elapsed         | 1871        |
|    total_timesteps      | 829440      |
| train/                  |             |
|    approx_kl            | 0.026520764 |
|    clip_fraction        | 0.305       |
|    clip_range           | 0.2         |
|    entropy_loss         | -14.4       |
|    explained_variance   | 0.982       |
|    learning_rate        | 0.0003      |
|    loss                 | 0.154       |
|    n_updates            | 4040        |
|    policy_gradient_loss | -0.0133     |
|    std                  | 0.818       |
|    value_loss           | 0.425       |
-----------------------------------------
----------------------------------------
| rollout/                |            |
|    ep_len_mean          | 8.93e+03   |
|    ep_rew_mean          | -684       |
| time/                   |            |
|    fps                  | 443        |
|    iterations           | 406        |
|    time_elapsed         | 1876       |
|    total_timesteps      | 831488     |
| train/                  |            |
|    approx_kl            | 0.02332261 |
|    clip_fraction        | 0.275      |
|    clip_range           | 0.2        |
|    entropy_loss         | -14.4      |
|    explained_variance   | 0.953      |
|    learning_rate        | 0.0003     |
|    loss                 | 0.136      |
|    n_updates            | 4050       |
|    policy_gradient_loss | -0.0153    |
|    std                  | 0.817      |
|    value_loss           | 0.54       |
----------------------------------------
-----------------------------------------
| rollout/                |             |
|    ep_len_mean          | 8.93e+03    |
|    ep_rew_mean          | -684        |
| time/                   |             |
|    fps                  | 443         |
|    iterations           | 407         |
|    time_elapsed         | 1880        |
|    total_timesteps      | 833536      |
| train/                  |             |
|    approx_kl            | 0.005024587 |
|    clip_fraction        | 0.0366      |
|    clip_range           | 0.2         |
|    entropy_loss         | -14.4       |
|    explained_variance   | 0.992       |
|    learning_rate        | 0.0003      |
|    loss                 | 1.36        |
|    n_updates            | 4060        |
|    policy_gradient_loss | -0.00697    |
|    std                  | 0.817       |
|    value_loss           | 6.1         |
-----------------------------------------
-----------------------------------------
| rollout/                |             |
|    ep_len_mean          | 8.93e+03    |
|    ep_rew_mean          | -684        |
| time/                   |             |
|    fps                  | 443         |
|    iterations           | 408         |
|    time_elapsed         | 1884        |
|    total_timesteps      | 835584      |
| train/                  |             |
|    approx_kl            | 0.042831264 |
|    clip_fraction        | 0.394       |
|    clip_range           | 0.2         |
|    entropy_loss         | -14.4       |
|    explained_variance   | 0.969       |
|    learning_rate        | 0.0003      |
|    loss                 | 0.0827      |
|    n_updates            | 4070        |
|    policy_gradient_loss | -0.00805    |
|    std                  | 0.818       |
|    value_loss           | 0.298       |
-----------------------------------------
-----------------------------------------
| rollout/                |             |
|    ep_len_mean          | 8.93e+03    |
|    ep_rew_mean          | -684        |
| time/                   |             |
|    fps                  | 443         |
|    iterations           | 409         |
|    time_elapsed         | 1888        |
|    total_timesteps      | 837632      |
| train/                  |             |
|    approx_kl            | 0.030453853 |
|    clip_fraction        | 0.304       |
|    clip_range           | 0.2         |
|    entropy_loss         | -14.4       |
|    explained_variance   | 0.952       |
|    learning_rate        | 0.0003      |
|    loss                 | 0.217       |
|    n_updates            | 4080        |
|    policy_gradient_loss | -0.0126     |
|    std                  | 0.818       |
|    value_loss           | 0.463       |
-----------------------------------------
-----------------------------------------
| rollout/                |             |
|    ep_len_mean          | 8.93e+03    |
|    ep_rew_mean          | -684        |
| time/                   |             |
|    fps                  | 443         |
|    iterations           | 410         |
|    time_elapsed         | 1892        |
|    total_timesteps      | 839680      |
| train/                  |             |
|    approx_kl            | 0.027626581 |
|    clip_fraction        | 0.254       |
|    clip_range           | 0.2         |
|    entropy_loss         | -14.4       |
|    explained_variance   | 0.975       |
|    learning_rate        | 0.0003      |
|    loss                 | 0.28        |
|    n_updates            | 4090        |
|    policy_gradient_loss | -0.0132     |
|    std                  | 0.818       |
|    value_loss           | 0.576       |
-----------------------------------------
------------------------------------------
| rollout/                |              |
|    ep_len_mean          | 8.93e+03     |
|    ep_rew_mean          | -684         |
| time/                   |              |
|    fps                  | 443          |
|    iterations           | 411          |
|    time_elapsed         | 1896         |
|    total_timesteps      | 841728       |
| train/                  |              |
|    approx_kl            | 0.0058691325 |
|    clip_fraction        | 0.0523       |
|    clip_range           | 0.2          |
|    entropy_loss         | -14.4        |
|    explained_variance   | 0.994        |
|    learning_rate        | 0.0003       |
|    loss                 | 1.81         |
|    n_updates            | 4100         |
|    policy_gradient_loss | -0.00786     |
|    std                  | 0.819        |
|    value_loss           | 11.5         |
------------------------------------------
----------------------------------------
| rollout/                |            |
|    ep_len_mean          | 8.93e+03   |
|    ep_rew_mean          | -684       |
| time/                   |            |
|    fps                  | 443        |
|    iterations           | 412        |
|    time_elapsed         | 1900       |
|    total_timesteps      | 843776     |
| train/                  |            |
|    approx_kl            | 0.03195598 |
|    clip_fraction        | 0.367      |
|    clip_range           | 0.2        |
|    entropy_loss         | -14.4      |
|    explained_variance   | 0.981      |
|    learning_rate        | 0.0003     |
|    loss                 | 0.106      |
|    n_updates            | 4110       |
|    policy_gradient_loss | -0.00399   |
|    std                  | 0.818      |
|    value_loss           | 0.349      |
----------------------------------------
-----------------------------------------
| rollout/                |             |
|    ep_len_mean          | 8.93e+03    |
|    ep_rew_mean          | -684        |
| time/                   |             |
|    fps                  | 444         |
|    iterations           | 413         |
|    time_elapsed         | 1904        |
|    total_timesteps      | 845824      |
| train/                  |             |
|    approx_kl            | 0.030901346 |
|    clip_fraction        | 0.311       |
|    clip_range           | 0.2         |
|    entropy_loss         | -14.4       |
|    explained_variance   | 0.963       |
|    learning_rate        | 0.0003      |
|    loss                 | 0.0554      |
|    n_updates            | 4120        |
|    policy_gradient_loss | -0.0121     |
|    std                  | 0.82        |
|    value_loss           | 0.38        |
-----------------------------------------
-----------------------------------------
| rollout/                |             |
|    ep_len_mean          | 8.93e+03    |
|    ep_rew_mean          | -684        |
| time/                   |             |
|    fps                  | 444         |
|    iterations           | 414         |
|    time_elapsed         | 1909        |
|    total_timesteps      | 847872      |
| train/                  |             |
|    approx_kl            | 0.025970632 |
|    clip_fraction        | 0.31        |
|    clip_range           | 0.2         |
|    entropy_loss         | -14.4       |
|    explained_variance   | 0.982       |
|    learning_rate        | 0.0003      |
|    loss                 | 0.0846      |
|    n_updates            | 4130        |
|    policy_gradient_loss | -0.0157     |
|    std                  | 0.816       |
|    value_loss           | 0.366       |
-----------------------------------------
-----------------------------------------
| rollout/                |             |
|    ep_len_mean          | 8.93e+03    |
|    ep_rew_mean          | -684        |
| time/                   |             |
|    fps                  | 444         |
|    iterations           | 415         |
|    time_elapsed         | 1913        |
|    total_timesteps      | 849920      |
| train/                  |             |
|    approx_kl            | 0.008948641 |
|    clip_fraction        | 0.101       |
|    clip_range           | 0.2         |
|    entropy_loss         | -14.4       |
|    explained_variance   | 0.968       |
|    learning_rate        | 0.0003      |
|    loss                 | 3.88        |
|    n_updates            | 4140        |
|    policy_gradient_loss | -0.00959    |
|    std                  | 0.817       |
|    value_loss           | 5.33        |
-----------------------------------------
-----------------------------------------
| rollout/                |             |
|    ep_len_mean          | 8.93e+03    |
|    ep_rew_mean          | -684        |
| time/                   |             |
|    fps                  | 444         |
|    iterations           | 416         |
|    time_elapsed         | 1916        |
|    total_timesteps      | 851968      |
| train/                  |             |
|    approx_kl            | 0.013779126 |
|    clip_fraction        | 0.0725      |
|    clip_range           | 0.2         |
|    entropy_loss         | -14.4       |
|    explained_variance   | 0.995       |
|    learning_rate        | 0.0003      |
|    loss                 | 0.537       |
|    n_updates            | 4150        |
|    policy_gradient_loss | -0.00921    |
|    std                  | 0.817       |
|    value_loss           | 3.1         |
-----------------------------------------
-----------------------------------------
| rollout/                |             |
|    ep_len_mean          | 8.93e+03    |
|    ep_rew_mean          | -684        |
| time/                   |             |
|    fps                  | 444         |
|    iterations           | 417         |
|    time_elapsed         | 1921        |
|    total_timesteps      | 854016      |
| train/                  |             |
|    approx_kl            | 0.038650867 |
|    clip_fraction        | 0.384       |
|    clip_range           | 0.2         |
|    entropy_loss         | -14.4       |
|    explained_variance   | 0.981       |
|    learning_rate        | 0.0003      |
|    loss                 | 0.14        |
|    n_updates            | 4160        |
|    policy_gradient_loss | -0.0101     |
|    std                  | 0.817       |
|    value_loss           | 0.301       |
-----------------------------------------
----------------------------------------
| rollout/                |            |
|    ep_len_mean          | 8.93e+03   |
|    ep_rew_mean          | -684       |
| time/                   |            |
|    fps                  | 444        |
|    iterations           | 418        |
|    time_elapsed         | 1924       |
|    total_timesteps      | 856064     |
| train/                  |            |
|    approx_kl            | 0.02677359 |
|    clip_fraction        | 0.306      |
|    clip_range           | 0.2        |
|    entropy_loss         | -14.4      |
|    explained_variance   | 0.984      |
|    learning_rate        | 0.0003     |
|    loss                 | 0.143      |
|    n_updates            | 4170       |
|    policy_gradient_loss | -0.0157    |
|    std                  | 0.816      |
|    value_loss           | 0.365      |
----------------------------------------
-----------------------------------------
| rollout/                |             |
|    ep_len_mean          | 8.93e+03    |
|    ep_rew_mean          | -684        |
| time/                   |             |
|    fps                  | 444         |
|    iterations           | 419         |
|    time_elapsed         | 1929        |
|    total_timesteps      | 858112      |
| train/                  |             |
|    approx_kl            | 0.023445647 |
|    clip_fraction        | 0.255       |
|    clip_range           | 0.2         |
|    entropy_loss         | -14.4       |
|    explained_variance   | 0.972       |
|    learning_rate        | 0.0003      |
|    loss                 | 0.192       |
|    n_updates            | 4180        |
|    policy_gradient_loss | -0.0183     |
|    std                  | 0.818       |
|    value_loss           | 0.541       |
-----------------------------------------
-----------------------------------------
| rollout/                |             |
|    ep_len_mean          | 8.93e+03    |
|    ep_rew_mean          | -684        |
| time/                   |             |
|    fps                  | 444         |
|    iterations           | 420         |
|    time_elapsed         | 1933        |
|    total_timesteps      | 860160      |
| train/                  |             |
|    approx_kl            | 0.005317564 |
|    clip_fraction        | 0.02        |
|    clip_range           | 0.2         |
|    entropy_loss         | -14.4       |
|    explained_variance   | 0.996       |
|    learning_rate        | 0.0003      |
|    loss                 | 1.25        |
|    n_updates            | 4190        |
|    policy_gradient_loss | -0.00689    |
|    std                  | 0.817       |
|    value_loss           | 7.54        |
-----------------------------------------
-----------------------------------------
| rollout/                |             |
|    ep_len_mean          | 8.93e+03    |
|    ep_rew_mean          | -684        |
| time/                   |             |
|    fps                  | 445         |
|    iterations           | 421         |
|    time_elapsed         | 1937        |
|    total_timesteps      | 862208      |
| train/                  |             |
|    approx_kl            | 0.042485803 |
|    clip_fraction        | 0.397       |
|    clip_range           | 0.2         |
|    entropy_loss         | -14.4       |
|    explained_variance   | 0.948       |
|    learning_rate        | 0.0003      |
|    loss                 | 0.0543      |
|    n_updates            | 4200        |
|    policy_gradient_loss | -0.0121     |
|    std                  | 0.818       |
|    value_loss           | 0.229       |
-----------------------------------------
----------------------------------------
| rollout/                |            |
|    ep_len_mean          | 8.93e+03   |
|    ep_rew_mean          | -684       |
| time/                   |            |
|    fps                  | 445        |
|    iterations           | 422        |
|    time_elapsed         | 1941       |
|    total_timesteps      | 864256     |
| train/                  |            |
|    approx_kl            | 0.02525667 |
|    clip_fraction        | 0.311      |
|    clip_range           | 0.2        |
|    entropy_loss         | -14.4      |
|    explained_variance   | 0.969      |
|    learning_rate        | 0.0003     |
|    loss                 | 0.0862     |
|    n_updates            | 4210       |
|    policy_gradient_loss | -0.0184    |
|    std                  | 0.817      |
|    value_loss           | 0.341      |
----------------------------------------
-----------------------------------------
| rollout/                |             |
|    ep_len_mean          | 8.93e+03    |
|    ep_rew_mean          | -684        |
| time/                   |             |
|    fps                  | 445         |
|    iterations           | 423         |
|    time_elapsed         | 1945        |
|    total_timesteps      | 866304      |
| train/                  |             |
|    approx_kl            | 0.021878973 |
|    clip_fraction        | 0.261       |
|    clip_range           | 0.2         |
|    entropy_loss         | -14.4       |
|    explained_variance   | 0.975       |
|    learning_rate        | 0.0003      |
|    loss                 | 0.0952      |
|    n_updates            | 4220        |
|    policy_gradient_loss | -0.0147     |
|    std                  | 0.82        |
|    value_loss           | 0.392       |
-----------------------------------------
-----------------------------------------
| rollout/                |             |
|    ep_len_mean          | 8.93e+03    |
|    ep_rew_mean          | -684        |
| time/                   |             |
|    fps                  | 445         |
|    iterations           | 424         |
|    time_elapsed         | 1949        |
|    total_timesteps      | 868352      |
| train/                  |             |
|    approx_kl            | 0.004286914 |
|    clip_fraction        | 0.0524      |
|    clip_range           | 0.2         |
|    entropy_loss         | -14.4       |
|    explained_variance   | 0.996       |
|    learning_rate        | 0.0003      |
|    loss                 | 2.6         |
|    n_updates            | 4230        |
|    policy_gradient_loss | -0.00236    |
|    std                  | 0.82        |
|    value_loss           | 10.1        |
-----------------------------------------
-----------------------------------------
| rollout/                |             |
|    ep_len_mean          | 8.93e+03    |
|    ep_rew_mean          | -684        |
| time/                   |             |
|    fps                  | 445         |
|    iterations           | 425         |
|    time_elapsed         | 1953        |
|    total_timesteps      | 870400      |
| train/                  |             |
|    approx_kl            | 0.030916784 |
|    clip_fraction        | 0.352       |
|    clip_range           | 0.2         |
|    entropy_loss         | -14.4       |
|    explained_variance   | 0.953       |
|    learning_rate        | 0.0003      |
|    loss                 | 0.0162      |
|    n_updates            | 4240        |
|    policy_gradient_loss | -0.00885    |
|    std                  | 0.821       |
|    value_loss           | 0.197       |
-----------------------------------------
-----------------------------------------
| rollout/                |             |
|    ep_len_mean          | 8.93e+03    |
|    ep_rew_mean          | -684        |
| time/                   |             |
|    fps                  | 445         |
|    iterations           | 426         |
|    time_elapsed         | 1957        |
|    total_timesteps      | 872448      |
| train/                  |             |
|    approx_kl            | 0.031578228 |
|    clip_fraction        | 0.337       |
|    clip_range           | 0.2         |
|    entropy_loss         | -14.4       |
|    explained_variance   | 0.974       |
|    learning_rate        | 0.0003      |
|    loss                 | 0.0397      |
|    n_updates            | 4250        |
|    policy_gradient_loss | -0.0175     |
|    std                  | 0.817       |
|    value_loss           | 0.219       |
-----------------------------------------
-----------------------------------------
| rollout/                |             |
|    ep_len_mean          | 8.93e+03    |
|    ep_rew_mean          | -684        |
| time/                   |             |
|    fps                  | 445         |
|    iterations           | 427         |
|    time_elapsed         | 1961        |
|    total_timesteps      | 874496      |
| train/                  |             |
|    approx_kl            | 0.022226438 |
|    clip_fraction        | 0.269       |
|    clip_range           | 0.2         |
|    entropy_loss         | -14.3       |
|    explained_variance   | 0.98        |
|    learning_rate        | 0.0003      |
|    loss                 | 0.117       |
|    n_updates            | 4260        |
|    policy_gradient_loss | -0.0121     |
|    std                  | 0.816       |
|    value_loss           | 0.348       |
-----------------------------------------
-----------------------------------------
| rollout/                |             |
|    ep_len_mean          | 8.93e+03    |
|    ep_rew_mean          | -684        |
| time/                   |             |
|    fps                  | 446         |
|    iterations           | 428         |
|    time_elapsed         | 1965        |
|    total_timesteps      | 876544      |
| train/                  |             |
|    approx_kl            | 0.013202123 |
|    clip_fraction        | 0.156       |
|    clip_range           | 0.2         |
|    entropy_loss         | -14.3       |
|    explained_variance   | 0.978       |
|    learning_rate        | 0.0003      |
|    loss                 | 0.236       |
|    n_updates            | 4270        |
|    policy_gradient_loss | -0.0103     |
|    std                  | 0.816       |
|    value_loss           | 1.07        |
-----------------------------------------
------------------------------------------
| rollout/                |              |
|    ep_len_mean          | 8.93e+03     |
|    ep_rew_mean          | -684         |
| time/                   |              |
|    fps                  | 446          |
|    iterations           | 429          |
|    time_elapsed         | 1969         |
|    total_timesteps      | 878592       |
| train/                  |              |
|    approx_kl            | 0.0057034865 |
|    clip_fraction        | 0.0328       |
|    clip_range           | 0.2          |
|    entropy_loss         | -14.3        |
|    explained_variance   | 0.995        |
|    learning_rate        | 0.0003       |
|    loss                 | 0.835        |
|    n_updates            | 4280         |
|    policy_gradient_loss | -0.00502     |
|    std                  | 0.815        |
|    value_loss           | 6.8          |
------------------------------------------
----------------------------------------
| rollout/                |            |
|    ep_len_mean          | 8.93e+03   |
|    ep_rew_mean          | -684       |
| time/                   |            |
|    fps                  | 446        |
|    iterations           | 430        |
|    time_elapsed         | 1973       |
|    total_timesteps      | 880640     |
| train/                  |            |
|    approx_kl            | 0.03301285 |
|    clip_fraction        | 0.38       |
|    clip_range           | 0.2        |
|    entropy_loss         | -14.3      |
|    explained_variance   | 0.971      |
|    learning_rate        | 0.0003     |
|    loss                 | 0.0544     |
|    n_updates            | 4290       |
|    policy_gradient_loss | -0.0116    |
|    std                  | 0.816      |
|    value_loss           | 0.265      |
----------------------------------------
----------------------------------------
| rollout/                |            |
|    ep_len_mean          | 8.93e+03   |
|    ep_rew_mean          | -684       |
| time/                   |            |
|    fps                  | 446        |
|    iterations           | 431        |
|    time_elapsed         | 1977       |
|    total_timesteps      | 882688     |
| train/                  |            |
|    approx_kl            | 0.02172836 |
|    clip_fraction        | 0.293      |
|    clip_range           | 0.2        |
|    entropy_loss         | -14.3      |
|    explained_variance   | 0.976      |
|    learning_rate        | 0.0003     |
|    loss                 | 0.137      |
|    n_updates            | 4300       |
|    policy_gradient_loss | -0.0175    |
|    std                  | 0.816      |
|    value_loss           | 0.362      |
----------------------------------------
-----------------------------------------
| rollout/                |             |
|    ep_len_mean          | 8.93e+03    |
|    ep_rew_mean          | -684        |
| time/                   |             |
|    fps                  | 446         |
|    iterations           | 432         |
|    time_elapsed         | 1981        |
|    total_timesteps      | 884736      |
| train/                  |             |
|    approx_kl            | 0.027263006 |
|    clip_fraction        | 0.255       |
|    clip_range           | 0.2         |
|    entropy_loss         | -14.3       |
|    explained_variance   | 0.977       |
|    learning_rate        | 0.0003      |
|    loss                 | 0.0983      |
|    n_updates            | 4310        |
|    policy_gradient_loss | -0.0113     |
|    std                  | 0.813       |
|    value_loss           | 0.409       |
-----------------------------------------
----------------------------------------
| rollout/                |            |
|    ep_len_mean          | 8.93e+03   |
|    ep_rew_mean          | -684       |
| time/                   |            |
|    fps                  | 446        |
|    iterations           | 433        |
|    time_elapsed         | 1984       |
|    total_timesteps      | 886784     |
| train/                  |            |
|    approx_kl            | 0.00524545 |
|    clip_fraction        | 0.124      |
|    clip_range           | 0.2        |
|    entropy_loss         | -14.3      |
|    explained_variance   | 0.996      |
|    learning_rate        | 0.0003     |
|    loss                 | 1.46       |
|    n_updates            | 4320       |
|    policy_gradient_loss | 0.000754   |
|    std                  | 0.813      |
|    value_loss           | 8.43       |
----------------------------------------
----------------------------------------
| rollout/                |            |
|    ep_len_mean          | 8.93e+03   |
|    ep_rew_mean          | -684       |
| time/                   |            |
|    fps                  | 446        |
|    iterations           | 434        |
|    time_elapsed         | 1988       |
|    total_timesteps      | 888832     |
| train/                  |            |
|    approx_kl            | 0.04155513 |
|    clip_fraction        | 0.38       |
|    clip_range           | 0.2        |
|    entropy_loss         | -14.3      |
|    explained_variance   | 0.978      |
|    learning_rate        | 0.0003     |
|    loss                 | 0.0362     |
|    n_updates            | 4330       |
|    policy_gradient_loss | -0.009     |
|    std                  | 0.811      |
|    value_loss           | 0.202      |
----------------------------------------
-----------------------------------------
| rollout/                |             |
|    ep_len_mean          | 8.93e+03    |
|    ep_rew_mean          | -684        |
| time/                   |             |
|    fps                  | 447         |
|    iterations           | 435         |
|    time_elapsed         | 1992        |
|    total_timesteps      | 890880      |
| train/                  |             |
|    approx_kl            | 0.025259387 |
|    clip_fraction        | 0.275       |
|    clip_range           | 0.2         |
|    entropy_loss         | -14.3       |
|    explained_variance   | 0.971       |
|    learning_rate        | 0.0003      |
|    loss                 | 0.137       |
|    n_updates            | 4340        |
|    policy_gradient_loss | -0.0157     |
|    std                  | 0.81        |
|    value_loss           | 0.297       |
-----------------------------------------
-----------------------------------------
| rollout/                |             |
|    ep_len_mean          | 8.93e+03    |
|    ep_rew_mean          | -684        |
| time/                   |             |
|    fps                  | 447         |
|    iterations           | 436         |
|    time_elapsed         | 1996        |
|    total_timesteps      | 892928      |
| train/                  |             |
|    approx_kl            | 0.025527246 |
|    clip_fraction        | 0.239       |
|    clip_range           | 0.2         |
|    entropy_loss         | -14.3       |
|    explained_variance   | 0.986       |
|    learning_rate        | 0.0003      |
|    loss                 | 0.102       |
|    n_updates            | 4350        |
|    policy_gradient_loss | -0.0125     |
|    std                  | 0.81        |
|    value_loss           | 0.34        |
-----------------------------------------
------------------------------------------
| rollout/                |              |
|    ep_len_mean          | 8.93e+03     |
|    ep_rew_mean          | -684         |
| time/                   |              |
|    fps                  | 447          |
|    iterations           | 437          |
|    time_elapsed         | 2000         |
|    total_timesteps      | 894976       |
| train/                  |              |
|    approx_kl            | 0.0055439174 |
|    clip_fraction        | 0.0787       |
|    clip_range           | 0.2          |
|    entropy_loss         | -14.3        |
|    explained_variance   | 0.996        |
|    learning_rate        | 0.0003       |
|    loss                 | 0.784        |
|    n_updates            | 4360         |
|    policy_gradient_loss | -0.00566     |
|    std                  | 0.81         |
|    value_loss           | 5.29         |
------------------------------------------
-----------------------------------------
| rollout/                |             |
|    ep_len_mean          | 8.93e+03    |
|    ep_rew_mean          | -684        |
| time/                   |             |
|    fps                  | 447         |
|    iterations           | 438         |
|    time_elapsed         | 2004        |
|    total_timesteps      | 897024      |
| train/                  |             |
|    approx_kl            | 0.036128946 |
|    clip_fraction        | 0.367       |
|    clip_range           | 0.2         |
|    entropy_loss         | -14.2       |
|    explained_variance   | 0.951       |
|    learning_rate        | 0.0003      |
|    loss                 | 0.0225      |
|    n_updates            | 4370        |
|    policy_gradient_loss | -0.006      |
|    std                  | 0.808       |
|    value_loss           | 0.224       |
-----------------------------------------
-----------------------------------------
| rollout/                |             |
|    ep_len_mean          | 8.93e+03    |
|    ep_rew_mean          | -684        |
| time/                   |             |
|    fps                  | 447         |
|    iterations           | 439         |
|    time_elapsed         | 2008        |
|    total_timesteps      | 899072      |
| train/                  |             |
|    approx_kl            | 0.032647826 |
|    clip_fraction        | 0.362       |
|    clip_range           | 0.2         |
|    entropy_loss         | -14.2       |
|    explained_variance   | 0.978       |
|    learning_rate        | 0.0003      |
|    loss                 | 0.0681      |
|    n_updates            | 4380        |
|    policy_gradient_loss | -0.013      |
|    std                  | 0.806       |
|    value_loss           | 0.244       |
-----------------------------------------
-----------------------------------------
| rollout/                |             |
|    ep_len_mean          | 8.93e+03    |
|    ep_rew_mean          | -684        |
| time/                   |             |
|    fps                  | 447         |
|    iterations           | 440         |
|    time_elapsed         | 2012        |
|    total_timesteps      | 901120      |
| train/                  |             |
|    approx_kl            | 0.025197562 |
|    clip_fraction        | 0.259       |
|    clip_range           | 0.2         |
|    entropy_loss         | -14.2       |
|    explained_variance   | 0.983       |
|    learning_rate        | 0.0003      |
|    loss                 | 0.0835      |
|    n_updates            | 4390        |
|    policy_gradient_loss | -0.0188     |
|    std                  | 0.805       |
|    value_loss           | 0.375       |
-----------------------------------------
-----------------------------------------
| rollout/                |             |
|    ep_len_mean          | 8.93e+03    |
|    ep_rew_mean          | -684        |
| time/                   |             |
|    fps                  | 447         |
|    iterations           | 441         |
|    time_elapsed         | 2016        |
|    total_timesteps      | 903168      |
| train/                  |             |
|    approx_kl            | 0.012695875 |
|    clip_fraction        | 0.154       |
|    clip_range           | 0.2         |
|    entropy_loss         | -14.2       |
|    explained_variance   | 0.971       |
|    learning_rate        | 0.0003      |
|    loss                 | 0.25        |
|    n_updates            | 4400        |
|    policy_gradient_loss | -0.0152     |
|    std                  | 0.805       |
|    value_loss           | 0.829       |
-----------------------------------------
------------------------------------------
| rollout/                |              |
|    ep_len_mean          | 8.93e+03     |
|    ep_rew_mean          | -684         |
| time/                   |              |
|    fps                  | 448          |
|    iterations           | 442          |
|    time_elapsed         | 2020         |
|    total_timesteps      | 905216       |
| train/                  |              |
|    approx_kl            | 0.0072985683 |
|    clip_fraction        | 0.0496       |
|    clip_range           | 0.2          |
|    entropy_loss         | -14.2        |
|    explained_variance   | 0.997        |
|    learning_rate        | 0.0003       |
|    loss                 | 1.39         |
|    n_updates            | 4410         |
|    policy_gradient_loss | -0.00996     |
|    std                  | 0.804        |
|    value_loss           | 6.54         |
------------------------------------------
-----------------------------------------
| rollout/                |             |
|    ep_len_mean          | 8.93e+03    |
|    ep_rew_mean          | -684        |
| time/                   |             |
|    fps                  | 448         |
|    iterations           | 443         |
|    time_elapsed         | 2024        |
|    total_timesteps      | 907264      |
| train/                  |             |
|    approx_kl            | 0.034167625 |
|    clip_fraction        | 0.36        |
|    clip_range           | 0.2         |
|    entropy_loss         | -14.2       |
|    explained_variance   | 0.979       |
|    learning_rate        | 0.0003      |
|    loss                 | 0.0437      |
|    n_updates            | 4420        |
|    policy_gradient_loss | -0.0114     |
|    std                  | 0.804       |
|    value_loss           | 0.232       |
-----------------------------------------
----------------------------------------
| rollout/                |            |
|    ep_len_mean          | 8.93e+03   |
|    ep_rew_mean          | -684       |
| time/                   |            |
|    fps                  | 448        |
|    iterations           | 444        |
|    time_elapsed         | 2028       |
|    total_timesteps      | 909312     |
| train/                  |            |
|    approx_kl            | 0.02445566 |
|    clip_fraction        | 0.298      |
|    clip_range           | 0.2        |
|    entropy_loss         | -14.2      |
|    explained_variance   | 0.98       |
|    learning_rate        | 0.0003     |
|    loss                 | 0.112      |
|    n_updates            | 4430       |
|    policy_gradient_loss | -0.019     |
|    std                  | 0.804      |
|    value_loss           | 0.329      |
----------------------------------------
-----------------------------------------
| rollout/                |             |
|    ep_len_mean          | 8.93e+03    |
|    ep_rew_mean          | -684        |
| time/                   |             |
|    fps                  | 448         |
|    iterations           | 445         |
|    time_elapsed         | 2032        |
|    total_timesteps      | 911360      |
| train/                  |             |
|    approx_kl            | 0.019040095 |
|    clip_fraction        | 0.24        |
|    clip_range           | 0.2         |
|    entropy_loss         | -14.1       |
|    explained_variance   | 0.985       |
|    learning_rate        | 0.0003      |
|    loss                 | 0.105       |
|    n_updates            | 4440        |
|    policy_gradient_loss | -0.0158     |
|    std                  | 0.802       |
|    value_loss           | 0.391       |
-----------------------------------------
-----------------------------------------
| rollout/                |             |
|    ep_len_mean          | 8.93e+03    |
|    ep_rew_mean          | -684        |
| time/                   |             |
|    fps                  | 448         |
|    iterations           | 446         |
|    time_elapsed         | 2036        |
|    total_timesteps      | 913408      |
| train/                  |             |
|    approx_kl            | 0.005321071 |
|    clip_fraction        | 0.117       |
|    clip_range           | 0.2         |
|    entropy_loss         | -14.1       |
|    explained_variance   | 0.997       |
|    learning_rate        | 0.0003      |
|    loss                 | 3.37        |
|    n_updates            | 4450        |
|    policy_gradient_loss | -0.00262    |
|    std                  | 0.802       |
|    value_loss           | 7.43        |
-----------------------------------------
-----------------------------------------
| rollout/                |             |
|    ep_len_mean          | 8.93e+03    |
|    ep_rew_mean          | -684        |
| time/                   |             |
|    fps                  | 448         |
|    iterations           | 447         |
|    time_elapsed         | 2040        |
|    total_timesteps      | 915456      |
| train/                  |             |
|    approx_kl            | 0.038251698 |
|    clip_fraction        | 0.418       |
|    clip_range           | 0.2         |
|    entropy_loss         | -14.1       |
|    explained_variance   | 0.981       |
|    learning_rate        | 0.0003      |
|    loss                 | 0.0352      |
|    n_updates            | 4460        |
|    policy_gradient_loss | -0.0139     |
|    std                  | 0.799       |
|    value_loss           | 0.199       |
-----------------------------------------
-----------------------------------------
| rollout/                |             |
|    ep_len_mean          | 8.93e+03    |
|    ep_rew_mean          | -684        |
| time/                   |             |
|    fps                  | 448         |
|    iterations           | 448         |
|    time_elapsed         | 2044        |
|    total_timesteps      | 917504      |
| train/                  |             |
|    approx_kl            | 0.024684256 |
|    clip_fraction        | 0.293       |
|    clip_range           | 0.2         |
|    entropy_loss         | -14.1       |
|    explained_variance   | 0.96        |
|    learning_rate        | 0.0003      |
|    loss                 | 0.0304      |
|    n_updates            | 4470        |
|    policy_gradient_loss | -0.0159     |
|    std                  | 0.803       |
|    value_loss           | 0.261       |
-----------------------------------------
----------------------------------------
| rollout/                |            |
|    ep_len_mean          | 8.93e+03   |
|    ep_rew_mean          | -684       |
| time/                   |            |
|    fps                  | 448        |
|    iterations           | 449        |
|    time_elapsed         | 2048       |
|    total_timesteps      | 919552     |
| train/                  |            |
|    approx_kl            | 0.02264207 |
|    clip_fraction        | 0.24       |
|    clip_range           | 0.2        |
|    entropy_loss         | -14.1      |
|    explained_variance   | 0.981      |
|    learning_rate        | 0.0003     |
|    loss                 | 0.101      |
|    n_updates            | 4480       |
|    policy_gradient_loss | -0.0153    |
|    std                  | 0.802      |
|    value_loss           | 0.354      |
----------------------------------------
------------------------------------------
| rollout/                |              |
|    ep_len_mean          | 8.93e+03     |
|    ep_rew_mean          | -684         |
| time/                   |              |
|    fps                  | 449          |
|    iterations           | 450          |
|    time_elapsed         | 2052         |
|    total_timesteps      | 921600       |
| train/                  |              |
|    approx_kl            | 0.0063024582 |
|    clip_fraction        | 0.173        |
|    clip_range           | 0.2          |
|    entropy_loss         | -14.1        |
|    explained_variance   | 0.997        |
|    learning_rate        | 0.0003       |
|    loss                 | 1.37         |
|    n_updates            | 4490         |
|    policy_gradient_loss | 0.00208      |
|    std                  | 0.802        |
|    value_loss           | 9.18         |
------------------------------------------
-----------------------------------------
| rollout/                |             |
|    ep_len_mean          | 8.93e+03    |
|    ep_rew_mean          | -684        |
| time/                   |             |
|    fps                  | 449         |
|    iterations           | 451         |
|    time_elapsed         | 2056        |
|    total_timesteps      | 923648      |
| train/                  |             |
|    approx_kl            | 0.031030595 |
|    clip_fraction        | 0.343       |
|    clip_range           | 0.2         |
|    entropy_loss         | -14.1       |
|    explained_variance   | 1           |
|    learning_rate        | 0.0003      |
|    loss                 | 0.119       |
|    n_updates            | 4500        |
|    policy_gradient_loss | -0.0111     |
|    std                  | 0.803       |
|    value_loss           | 0.359       |
-----------------------------------------
-----------------------------------------
| rollout/                |             |
|    ep_len_mean          | 8.93e+03    |
|    ep_rew_mean          | -684        |
| time/                   |             |
|    fps                  | 449         |
|    iterations           | 452         |
|    time_elapsed         | 2060        |
|    total_timesteps      | 925696      |
| train/                  |             |
|    approx_kl            | 0.036455393 |
|    clip_fraction        | 0.367       |
|    clip_range           | 0.2         |
|    entropy_loss         | -14.2       |
|    explained_variance   | 0.98        |
|    learning_rate        | 0.0003      |
|    loss                 | 0.0382      |
|    n_updates            | 4510        |
|    policy_gradient_loss | -0.0131     |
|    std                  | 0.804       |
|    value_loss           | 0.217       |
-----------------------------------------
----------------------------------------
| rollout/                |            |
|    ep_len_mean          | 8.93e+03   |
|    ep_rew_mean          | -684       |
| time/                   |            |
|    fps                  | 449        |
|    iterations           | 453        |
|    time_elapsed         | 2064       |
|    total_timesteps      | 927744     |
| train/                  |            |
|    approx_kl            | 0.02489496 |
|    clip_fraction        | 0.283      |
|    clip_range           | 0.2        |
|    entropy_loss         | -14.1      |
|    explained_variance   | 0.983      |
|    learning_rate        | 0.0003     |
|    loss                 | 0.038      |
|    n_updates            | 4520       |
|    policy_gradient_loss | -0.0162    |
|    std                  | 0.803      |
|    value_loss           | 0.3        |
----------------------------------------
-----------------------------------------
| rollout/                |             |
|    ep_len_mean          | 8.93e+03    |
|    ep_rew_mean          | -683        |
| time/                   |             |
|    fps                  | 449         |
|    iterations           | 454         |
|    time_elapsed         | 2068        |
|    total_timesteps      | 929792      |
| train/                  |             |
|    approx_kl            | 0.013159594 |
|    clip_fraction        | 0.17        |
|    clip_range           | 0.2         |
|    entropy_loss         | -14.1       |
|    explained_variance   | 0.968       |
|    learning_rate        | 0.0003      |
|    loss                 | 0.178       |
|    n_updates            | 4530        |
|    policy_gradient_loss | -0.011      |
|    std                  | 0.803       |
|    value_loss           | 0.854       |
-----------------------------------------
-----------------------------------------
| rollout/                |             |
|    ep_len_mean          | 8.93e+03    |
|    ep_rew_mean          | -683        |
| time/                   |             |
|    fps                  | 449         |
|    iterations           | 455         |
|    time_elapsed         | 2072        |
|    total_timesteps      | 931840      |
| train/                  |             |
|    approx_kl            | 0.004315312 |
|    clip_fraction        | 0.0138      |
|    clip_range           | 0.2         |
|    entropy_loss         | -14.1       |
|    explained_variance   | 0.997       |
|    learning_rate        | 0.0003      |
|    loss                 | 1.09        |
|    n_updates            | 4540        |
|    policy_gradient_loss | -0.00478    |
|    std                  | 0.803       |
|    value_loss           | 7.15        |
-----------------------------------------
----------------------------------------
| rollout/                |            |
|    ep_len_mean          | 8.93e+03   |
|    ep_rew_mean          | -683       |
| time/                   |            |
|    fps                  | 449        |
|    iterations           | 456        |
|    time_elapsed         | 2076       |
|    total_timesteps      | 933888     |
| train/                  |            |
|    approx_kl            | 0.03154953 |
|    clip_fraction        | 0.341      |
|    clip_range           | 0.2        |
|    entropy_loss         | -14.1      |
|    explained_variance   | 0.965      |
|    learning_rate        | 0.0003     |
|    loss                 | 0.0272     |
|    n_updates            | 4550       |
|    policy_gradient_loss | -0.013     |
|    std                  | 0.8        |
|    value_loss           | 0.293      |
----------------------------------------
----------------------------------------
| rollout/                |            |
|    ep_len_mean          | 8.93e+03   |
|    ep_rew_mean          | -683       |
| time/                   |            |
|    fps                  | 449        |
|    iterations           | 457        |
|    time_elapsed         | 2080       |
|    total_timesteps      | 935936     |
| train/                  |            |
|    approx_kl            | 0.02464531 |
|    clip_fraction        | 0.302      |
|    clip_range           | 0.2        |
|    entropy_loss         | -14.1      |
|    explained_variance   | 0.969      |
|    learning_rate        | 0.0003     |
|    loss                 | 0.0879     |
|    n_updates            | 4560       |
|    policy_gradient_loss | -0.0144    |
|    std                  | 0.797      |
|    value_loss           | 0.344      |
----------------------------------------
-----------------------------------------
| rollout/                |             |
|    ep_len_mean          | 8.93e+03    |
|    ep_rew_mean          | -683        |
| time/                   |             |
|    fps                  | 449         |
|    iterations           | 458         |
|    time_elapsed         | 2084        |
|    total_timesteps      | 937984      |
| train/                  |             |
|    approx_kl            | 0.024493895 |
|    clip_fraction        | 0.282       |
|    clip_range           | 0.2         |
|    entropy_loss         | -14         |
|    explained_variance   | 0.983       |
|    learning_rate        | 0.0003      |
|    loss                 | 0.118       |
|    n_updates            | 4570        |
|    policy_gradient_loss | -0.0183     |
|    std                  | 0.794       |
|    value_loss           | 0.412       |
-----------------------------------------
-----------------------------------------
| rollout/                |             |
|    ep_len_mean          | 8.93e+03    |
|    ep_rew_mean          | -683        |
| time/                   |             |
|    fps                  | 449         |
|    iterations           | 459         |
|    time_elapsed         | 2089        |
|    total_timesteps      | 940032      |
| train/                  |             |
|    approx_kl            | 0.004539095 |
|    clip_fraction        | 0.0584      |
|    clip_range           | 0.2         |
|    entropy_loss         | -14         |
|    explained_variance   | 0.997       |
|    learning_rate        | 0.0003      |
|    loss                 | 2.46        |
|    n_updates            | 4580        |
|    policy_gradient_loss | -0.00383    |
|    std                  | 0.794       |
|    value_loss           | 8.06        |
-----------------------------------------
----------------------------------------
| rollout/                |            |
|    ep_len_mean          | 8.93e+03   |
|    ep_rew_mean          | -683       |
| time/                   |            |
|    fps                  | 450        |
|    iterations           | 460        |
|    time_elapsed         | 2093       |
|    total_timesteps      | 942080     |
| train/                  |            |
|    approx_kl            | 0.04261059 |
|    clip_fraction        | 0.375      |
|    clip_range           | 0.2        |
|    entropy_loss         | -14        |
|    explained_variance   | 0.981      |
|    learning_rate        | 0.0003     |
|    loss                 | 0.0676     |
|    n_updates            | 4590       |
|    policy_gradient_loss | -0.0131    |
|    std                  | 0.796      |
|    value_loss           | 0.277      |
----------------------------------------
-----------------------------------------
| rollout/                |             |
|    ep_len_mean          | 8.93e+03    |
|    ep_rew_mean          | -683        |
| time/                   |             |
|    fps                  | 450         |
|    iterations           | 461         |
|    time_elapsed         | 2096        |
|    total_timesteps      | 944128      |
| train/                  |             |
|    approx_kl            | 0.032405287 |
|    clip_fraction        | 0.325       |
|    clip_range           | 0.2         |
|    entropy_loss         | -14         |
|    explained_variance   | 0.965       |
|    learning_rate        | 0.0003      |
|    loss                 | 0.0788      |
|    n_updates            | 4600        |
|    policy_gradient_loss | -0.014      |
|    std                  | 0.792       |
|    value_loss           | 0.26        |
-----------------------------------------
-----------------------------------------
| rollout/                |             |
|    ep_len_mean          | 8.93e+03    |
|    ep_rew_mean          | -683        |
| time/                   |             |
|    fps                  | 450         |
|    iterations           | 462         |
|    time_elapsed         | 2100        |
|    total_timesteps      | 946176      |
| train/                  |             |
|    approx_kl            | 0.025524665 |
|    clip_fraction        | 0.294       |
|    clip_range           | 0.2         |
|    entropy_loss         | -14         |
|    explained_variance   | 0.986       |
|    learning_rate        | 0.0003      |
|    loss                 | 0.0663      |
|    n_updates            | 4610        |
|    policy_gradient_loss | -0.0165     |
|    std                  | 0.795       |
|    value_loss           | 0.29        |
-----------------------------------------
------------------------------------------
| rollout/                |              |
|    ep_len_mean          | 8.93e+03     |
|    ep_rew_mean          | -683         |
| time/                   |              |
|    fps                  | 450          |
|    iterations           | 463          |
|    time_elapsed         | 2104         |
|    total_timesteps      | 948224       |
| train/                  |              |
|    approx_kl            | 0.0042755166 |
|    clip_fraction        | 0.204        |
|    clip_range           | 0.2          |
|    entropy_loss         | -14          |
|    explained_variance   | 0.993        |
|    learning_rate        | 0.0003       |
|    loss                 | 1.5          |
|    n_updates            | 4620         |
|    policy_gradient_loss | 0.00618      |
|    std                  | 0.795        |
|    value_loss           | 6.3          |
------------------------------------------
-----------------------------------------
| rollout/                |             |
|    ep_len_mean          | 8.93e+03    |
|    ep_rew_mean          | -683        |
| time/                   |             |
|    fps                  | 450         |
|    iterations           | 464         |
|    time_elapsed         | 2108        |
|    total_timesteps      | 950272      |
| train/                  |             |
|    approx_kl            | 0.011026243 |
|    clip_fraction        | 0.107       |
|    clip_range           | 0.2         |
|    entropy_loss         | -14         |
|    explained_variance   | 0.999       |
|    learning_rate        | 0.0003      |
|    loss                 | 0.319       |
|    n_updates            | 4630        |
|    policy_gradient_loss | -0.00738    |
|    std                  | 0.795       |
|    value_loss           | 1.9         |
-----------------------------------------
-----------------------------------------
| rollout/                |             |
|    ep_len_mean          | 8.93e+03    |
|    ep_rew_mean          | -683        |
| time/                   |             |
|    fps                  | 450         |
|    iterations           | 465         |
|    time_elapsed         | 2113        |
|    total_timesteps      | 952320      |
| train/                  |             |
|    approx_kl            | 0.034264386 |
|    clip_fraction        | 0.366       |
|    clip_range           | 0.2         |
|    entropy_loss         | -14         |
|    explained_variance   | 0.981       |
|    learning_rate        | 0.0003      |
|    loss                 | 0.0659      |
|    n_updates            | 4640        |
|    policy_gradient_loss | -0.00881    |
|    std                  | 0.791       |
|    value_loss           | 0.256       |
-----------------------------------------
-----------------------------------------
| rollout/                |             |
|    ep_len_mean          | 8.93e+03    |
|    ep_rew_mean          | -683        |
| time/                   |             |
|    fps                  | 450         |
|    iterations           | 466         |
|    time_elapsed         | 2117        |
|    total_timesteps      | 954368      |
| train/                  |             |
|    approx_kl            | 0.030065212 |
|    clip_fraction        | 0.321       |
|    clip_range           | 0.2         |
|    entropy_loss         | -13.9       |
|    explained_variance   | 0.984       |
|    learning_rate        | 0.0003      |
|    loss                 | 0.0935      |
|    n_updates            | 4650        |
|    policy_gradient_loss | -0.0146     |
|    std                  | 0.789       |
|    value_loss           | 0.298       |
-----------------------------------------
-----------------------------------------
| rollout/                |             |
|    ep_len_mean          | 8.93e+03    |
|    ep_rew_mean          | -683        |
| time/                   |             |
|    fps                  | 450         |
|    iterations           | 467         |
|    time_elapsed         | 2120        |
|    total_timesteps      | 956416      |
| train/                  |             |
|    approx_kl            | 0.019832246 |
|    clip_fraction        | 0.204       |
|    clip_range           | 0.2         |
|    entropy_loss         | -13.9       |
|    explained_variance   | 0.969       |
|    learning_rate        | 0.0003      |
|    loss                 | 0.158       |
|    n_updates            | 4660        |
|    policy_gradient_loss | -0.0138     |
|    std                  | 0.791       |
|    value_loss           | 0.58        |
-----------------------------------------
-----------------------------------------
| rollout/                |             |
|    ep_len_mean          | 8.93e+03    |
|    ep_rew_mean          | -683        |
| time/                   |             |
|    fps                  | 451         |
|    iterations           | 468         |
|    time_elapsed         | 2124        |
|    total_timesteps      | 958464      |
| train/                  |             |
|    approx_kl            | 0.002715367 |
|    clip_fraction        | 0.0192      |
|    clip_range           | 0.2         |
|    entropy_loss         | -13.9       |
|    explained_variance   | 0.997       |
|    learning_rate        | 0.0003      |
|    loss                 | 2.99        |
|    n_updates            | 4670        |
|    policy_gradient_loss | -0.00281    |
|    std                  | 0.791       |
|    value_loss           | 12.5        |
-----------------------------------------
----------------------------------------
| rollout/                |            |
|    ep_len_mean          | 8.93e+03   |
|    ep_rew_mean          | -683       |
| time/                   |            |
|    fps                  | 451        |
|    iterations           | 469        |
|    time_elapsed         | 2128       |
|    total_timesteps      | 960512     |
| train/                  |            |
|    approx_kl            | 0.03757668 |
|    clip_fraction        | 0.38       |
|    clip_range           | 0.2        |
|    entropy_loss         | -13.9      |
|    explained_variance   | 0.966      |
|    learning_rate        | 0.0003     |
|    loss                 | 0.115      |
|    n_updates            | 4680       |
|    policy_gradient_loss | -0.00544   |
|    std                  | 0.79       |
|    value_loss           | 0.255      |
----------------------------------------
-----------------------------------------
| rollout/                |             |
|    ep_len_mean          | 8.93e+03    |
|    ep_rew_mean          | -683        |
| time/                   |             |
|    fps                  | 451         |
|    iterations           | 470         |
|    time_elapsed         | 2132        |
|    total_timesteps      | 962560      |
| train/                  |             |
|    approx_kl            | 0.022625808 |
|    clip_fraction        | 0.27        |
|    clip_range           | 0.2         |
|    entropy_loss         | -13.9       |
|    explained_variance   | 0.97        |
|    learning_rate        | 0.0003      |
|    loss                 | 0.107       |
|    n_updates            | 4690        |
|    policy_gradient_loss | -0.0152     |
|    std                  | 0.788       |
|    value_loss           | 0.388       |
-----------------------------------------
----------------------------------------
| rollout/                |            |
|    ep_len_mean          | 8.93e+03   |
|    ep_rew_mean          | -682       |
| time/                   |            |
|    fps                  | 451        |
|    iterations           | 471        |
|    time_elapsed         | 2136       |
|    total_timesteps      | 964608     |
| train/                  |            |
|    approx_kl            | 0.02413184 |
|    clip_fraction        | 0.271      |
|    clip_range           | 0.2        |
|    entropy_loss         | -13.9      |
|    explained_variance   | 0.973      |
|    learning_rate        | 0.0003     |
|    loss                 | 0.0936     |
|    n_updates            | 4700       |
|    policy_gradient_loss | -0.014     |
|    std                  | 0.791      |
|    value_loss           | 0.447      |
----------------------------------------
------------------------------------------
| rollout/                |              |
|    ep_len_mean          | 8.93e+03     |
|    ep_rew_mean          | -682         |
| time/                   |              |
|    fps                  | 451          |
|    iterations           | 472          |
|    time_elapsed         | 2141         |
|    total_timesteps      | 966656       |
| train/                  |              |
|    approx_kl            | 0.0069838697 |
|    clip_fraction        | 0.136        |
|    clip_range           | 0.2          |
|    entropy_loss         | -13.9        |
|    explained_variance   | 0.996        |
|    learning_rate        | 0.0003       |
|    loss                 | 10.2         |
|    n_updates            | 4710         |
|    policy_gradient_loss | 0.00234      |
|    std                  | 0.791        |
|    value_loss           | 26.4         |
------------------------------------------
----------------------------------------
| rollout/                |            |
|    ep_len_mean          | 8.93e+03   |
|    ep_rew_mean          | -682       |
| time/                   |            |
|    fps                  | 451        |
|    iterations           | 473        |
|    time_elapsed         | 2144       |
|    total_timesteps      | 968704     |
| train/                  |            |
|    approx_kl            | 0.03284871 |
|    clip_fraction        | 0.344      |
|    clip_range           | 0.2        |
|    entropy_loss         | -13.9      |
|    explained_variance   | 0.967      |
|    learning_rate        | 0.0003     |
|    loss                 | 0.0564     |
|    n_updates            | 4720       |
|    policy_gradient_loss | -0.0081    |
|    std                  | 0.789      |
|    value_loss           | 0.345      |
----------------------------------------
----------------------------------------
| rollout/                |            |
|    ep_len_mean          | 8.93e+03   |
|    ep_rew_mean          | -682       |
| time/                   |            |
|    fps                  | 451        |
|    iterations           | 474        |
|    time_elapsed         | 2148       |
|    total_timesteps      | 970752     |
| train/                  |            |
|    approx_kl            | 0.03784101 |
|    clip_fraction        | 0.392      |
|    clip_range           | 0.2        |
|    entropy_loss         | -13.9      |
|    explained_variance   | 0.97       |
|    learning_rate        | 0.0003     |
|    loss                 | 0.0347     |
|    n_updates            | 4730       |
|    policy_gradient_loss | -0.0105    |
|    std                  | 0.789      |
|    value_loss           | 0.279      |
----------------------------------------
----------------------------------------
| rollout/                |            |
|    ep_len_mean          | 8.93e+03   |
|    ep_rew_mean          | -682       |
| time/                   |            |
|    fps                  | 451        |
|    iterations           | 475        |
|    time_elapsed         | 2152       |
|    total_timesteps      | 972800     |
| train/                  |            |
|    approx_kl            | 0.03301225 |
|    clip_fraction        | 0.308      |
|    clip_range           | 0.2        |
|    entropy_loss         | -13.9      |
|    explained_variance   | 0.986      |
|    learning_rate        | 0.0003     |
|    loss                 | 0.0589     |
|    n_updates            | 4740       |
|    policy_gradient_loss | -0.0165    |
|    std                  | 0.788      |
|    value_loss           | 0.327      |
----------------------------------------
-----------------------------------------
| rollout/                |             |
|    ep_len_mean          | 8.93e+03    |
|    ep_rew_mean          | -682        |
| time/                   |             |
|    fps                  | 452         |
|    iterations           | 476         |
|    time_elapsed         | 2156        |
|    total_timesteps      | 974848      |
| train/                  |             |
|    approx_kl            | 0.009365391 |
|    clip_fraction        | 0.346       |
|    clip_range           | 0.2         |
|    entropy_loss         | -13.9       |
|    explained_variance   | 0.993       |
|    learning_rate        | 0.0003      |
|    loss                 | 1.91        |
|    n_updates            | 4750        |
|    policy_gradient_loss | 0.0102      |
|    std                  | 0.788       |
|    value_loss           | 8.2         |
-----------------------------------------
------------------------------------------
| rollout/                |              |
|    ep_len_mean          | 8.93e+03     |
|    ep_rew_mean          | -682         |
| time/                   |              |
|    fps                  | 452          |
|    iterations           | 477          |
|    time_elapsed         | 2160         |
|    total_timesteps      | 976896       |
| train/                  |              |
|    approx_kl            | 0.0063984366 |
|    clip_fraction        | 0.041        |
|    clip_range           | 0.2          |
|    entropy_loss         | -13.9        |
|    explained_variance   | 0.999        |
|    learning_rate        | 0.0003       |
|    loss                 | 0.69         |
|    n_updates            | 4760         |
|    policy_gradient_loss | -0.0122      |
|    std                  | 0.788        |
|    value_loss           | 3.03         |
------------------------------------------
--------------------------------------
| rollout/                |          |
|    ep_len_mean          | 8.93e+03 |
|    ep_rew_mean          | -682     |
| time/                   |          |
|    fps                  | 452      |
|    iterations           | 478      |
|    time_elapsed         | 2164     |
|    total_timesteps      | 978944   |
| train/                  |          |
|    approx_kl            | 0.040803 |
|    clip_fraction        | 0.388    |
|    clip_range           | 0.2      |
|    entropy_loss         | -13.9    |
|    explained_variance   | 0.982    |
|    learning_rate        | 0.0003   |
|    loss                 | 0.0622   |
|    n_updates            | 4770     |
|    policy_gradient_loss | -0.0143  |
|    std                  | 0.784    |
|    value_loss           | 0.264    |
--------------------------------------
-----------------------------------------
| rollout/                |             |
|    ep_len_mean          | 8.93e+03    |
|    ep_rew_mean          | -682        |
| time/                   |             |
|    fps                  | 452         |
|    iterations           | 479         |
|    time_elapsed         | 2168        |
|    total_timesteps      | 980992      |
| train/                  |             |
|    approx_kl            | 0.026873216 |
|    clip_fraction        | 0.304       |
|    clip_range           | 0.2         |
|    entropy_loss         | -13.8       |
|    explained_variance   | 0.984       |
|    learning_rate        | 0.0003      |
|    loss                 | 0.107       |
|    n_updates            | 4780        |
|    policy_gradient_loss | -0.013      |
|    std                  | 0.785       |
|    value_loss           | 0.354       |
-----------------------------------------
-----------------------------------------
| rollout/                |             |
|    ep_len_mean          | 8.93e+03    |
|    ep_rew_mean          | -682        |
| time/                   |             |
|    fps                  | 452         |
|    iterations           | 480         |
|    time_elapsed         | 2172        |
|    total_timesteps      | 983040      |
| train/                  |             |
|    approx_kl            | 0.024975307 |
|    clip_fraction        | 0.254       |
|    clip_range           | 0.2         |
|    entropy_loss         | -13.8       |
|    explained_variance   | 0.953       |
|    learning_rate        | 0.0003      |
|    loss                 | 0.114       |
|    n_updates            | 4790        |
|    policy_gradient_loss | -0.0127     |
|    std                  | 0.786       |
|    value_loss           | 0.509       |
-----------------------------------------
------------------------------------------
| rollout/                |              |
|    ep_len_mean          | 8.93e+03     |
|    ep_rew_mean          | -682         |
| time/                   |              |
|    fps                  | 452          |
|    iterations           | 481          |
|    time_elapsed         | 2176         |
|    total_timesteps      | 985088       |
| train/                  |              |
|    approx_kl            | 0.0035464712 |
|    clip_fraction        | 0.00688      |
|    clip_range           | 0.2          |
|    entropy_loss         | -13.8        |
|    explained_variance   | 0.998        |
|    learning_rate        | 0.0003       |
|    loss                 | 2.28         |
|    n_updates            | 4800         |
|    policy_gradient_loss | -0.00403     |
|    std                  | 0.786        |
|    value_loss           | 7.79         |
------------------------------------------
-----------------------------------------
| rollout/                |             |
|    ep_len_mean          | 8.93e+03    |
|    ep_rew_mean          | -682        |
| time/                   |             |
|    fps                  | 452         |
|    iterations           | 482         |
|    time_elapsed         | 2180        |
|    total_timesteps      | 987136      |
| train/                  |             |
|    approx_kl            | 0.042586923 |
|    clip_fraction        | 0.414       |
|    clip_range           | 0.2         |
|    entropy_loss         | -13.9       |
|    explained_variance   | 0.975       |
|    learning_rate        | 0.0003      |
|    loss                 | 0.0262      |
|    n_updates            | 4810        |
|    policy_gradient_loss | -0.0145     |
|    std                  | 0.791       |
|    value_loss           | 0.26        |
-----------------------------------------
-----------------------------------------
| rollout/                |             |
|    ep_len_mean          | 8.93e+03    |
|    ep_rew_mean          | -682        |
| time/                   |             |
|    fps                  | 452         |
|    iterations           | 483         |
|    time_elapsed         | 2184        |
|    total_timesteps      | 989184      |
| train/                  |             |
|    approx_kl            | 0.024254955 |
|    clip_fraction        | 0.312       |
|    clip_range           | 0.2         |
|    entropy_loss         | -13.9       |
|    explained_variance   | 0.965       |
|    learning_rate        | 0.0003      |
|    loss                 | 0.149       |
|    n_updates            | 4820        |
|    policy_gradient_loss | -0.0169     |
|    std                  | 0.792       |
|    value_loss           | 0.411       |
-----------------------------------------
-----------------------------------------
| rollout/                |             |
|    ep_len_mean          | 8.93e+03    |
|    ep_rew_mean          | -681        |
| time/                   |             |
|    fps                  | 452         |
|    iterations           | 484         |
|    time_elapsed         | 2188        |
|    total_timesteps      | 991232      |
| train/                  |             |
|    approx_kl            | 0.023085622 |
|    clip_fraction        | 0.246       |
|    clip_range           | 0.2         |
|    entropy_loss         | -13.9       |
|    explained_variance   | 0.951       |
|    learning_rate        | 0.0003      |
|    loss                 | 0.12        |
|    n_updates            | 4830        |
|    policy_gradient_loss | -0.011      |
|    std                  | 0.795       |
|    value_loss           | 0.518       |
-----------------------------------------
------------------------------------------
| rollout/                |              |
|    ep_len_mean          | 8.93e+03     |
|    ep_rew_mean          | -681         |
| time/                   |              |
|    fps                  | 452          |
|    iterations           | 485          |
|    time_elapsed         | 2192         |
|    total_timesteps      | 993280       |
| train/                  |              |
|    approx_kl            | 0.0049439566 |
|    clip_fraction        | 0.049        |
|    clip_range           | 0.2          |
|    entropy_loss         | -14          |
|    explained_variance   | 0.998        |
|    learning_rate        | 0.0003       |
|    loss                 | 1.7          |
|    n_updates            | 4840         |
|    policy_gradient_loss | -0.00481     |
|    std                  | 0.795        |
|    value_loss           | 13.7         |
------------------------------------------
----------------------------------------
| rollout/                |            |
|    ep_len_mean          | 8.93e+03   |
|    ep_rew_mean          | -681       |
| time/                   |            |
|    fps                  | 453        |
|    iterations           | 486        |
|    time_elapsed         | 2196       |
|    total_timesteps      | 995328     |
| train/                  |            |
|    approx_kl            | 0.03402891 |
|    clip_fraction        | 0.367      |
|    clip_range           | 0.2        |
|    entropy_loss         | -13.9      |
|    explained_variance   | 0.954      |
|    learning_rate        | 0.0003     |
|    loss                 | 0.0615     |
|    n_updates            | 4850       |
|    policy_gradient_loss | -0.0126    |
|    std                  | 0.794      |
|    value_loss           | 0.285      |
----------------------------------------
----------------------------------------
| rollout/                |            |
|    ep_len_mean          | 8.93e+03   |
|    ep_rew_mean          | -681       |
| time/                   |            |
|    fps                  | 453        |
|    iterations           | 487        |
|    time_elapsed         | 2200       |
|    total_timesteps      | 997376     |
| train/                  |            |
|    approx_kl            | 0.03498778 |
|    clip_fraction        | 0.366      |
|    clip_range           | 0.2        |
|    entropy_loss         | -14        |
|    explained_variance   | 0.977      |
|    learning_rate        | 0.0003     |
|    loss                 | 0.0219     |
|    n_updates            | 4860       |
|    policy_gradient_loss | -0.0149    |
|    std                  | 0.794      |
|    value_loss           | 0.221      |
----------------------------------------
-----------------------------------------
| rollout/                |             |
|    ep_len_mean          | 8.93e+03    |
|    ep_rew_mean          | -681        |
| time/                   |             |
|    fps                  | 453         |
|    iterations           | 488         |
|    time_elapsed         | 2204        |
|    total_timesteps      | 999424      |
| train/                  |             |
|    approx_kl            | 0.026209697 |
|    clip_fraction        | 0.289       |
|    clip_range           | 0.2         |
|    entropy_loss         | -14         |
|    explained_variance   | 0.982       |
|    learning_rate        | 0.0003      |
|    loss                 | 0.103       |
|    n_updates            | 4870        |
|    policy_gradient_loss | -0.0131     |
|    std                  | 0.794       |
|    value_loss           | 0.313       |
-----------------------------------------
------------------------------------------
| rollout/                |              |
|    ep_len_mean          | 8.93e+03     |
|    ep_rew_mean          | -681         |
| time/                   |              |
|    fps                  | 453          |
|    iterations           | 489          |
|    time_elapsed         | 2208         |
|    total_timesteps      | 1001472      |
| train/                  |              |
|    approx_kl            | 0.0070763966 |
|    clip_fraction        | 0.249        |
|    clip_range           | 0.2          |
|    entropy_loss         | -14          |
|    explained_variance   | 0.994        |
|    learning_rate        | 0.0003       |
|    loss                 | 0.934        |
|    n_updates            | 4880         |
|    policy_gradient_loss | 0.00664      |
|    std                  | 0.794        |
|    value_loss           | 7.85         |
------------------------------------------
------------------------------------------
| rollout/                |              |
|    ep_len_mean          | 8.93e+03     |
|    ep_rew_mean          | -681         |
| time/                   |              |
|    fps                  | 453          |
|    iterations           | 490          |
|    time_elapsed         | 2212         |
|    total_timesteps      | 1003520      |
| train/                  |              |
|    approx_kl            | 0.0055954005 |
|    clip_fraction        | 0.0234       |
|    clip_range           | 0.2          |
|    entropy_loss         | -14          |
|    explained_variance   | 0.999        |
|    learning_rate        | 0.0003       |
|    loss                 | 0.73         |
|    n_updates            | 4890         |
|    policy_gradient_loss | -0.00853     |
|    std                  | 0.794        |
|    value_loss           | 5.2          |
------------------------------------------
