# budget_1003520:global:R0_P3:s202
# job: {"algorithm": "PPO", "batch_completion_weight": 1500.0, "batch_size": 64, "candidate": "R0", "deadline_bucket_edges": [1, 3, 6, 12, 24], "evaluation_objective": {"batch_completion_weight": 1000.0, "full_dollar_cost_unchanged": true, "service_backlog_weight": 1000.0}, "gae_lambda": 0.95, "gamma": 1.0, "job_fingerprint": "ac03f4ec102a90f7ac9bf13e52b2d1ab1e936e7f16dc9db2052b111ea3d8d888", "learning_rate": 0.0003, "learning_rate_schedule": "fixed", "n_epochs": 10, "n_steps": 2048, "net_arch": [128, 128], "normalize_observations": false, "protocol_sha256": "afcdacc992bdf9ba219fab251a2576812e0180aa189da49994056d935b549dda", "region": "global", "seed": 202, "service_backlog_weight": 700.0, "stage": "budget_1003520", "subtract_idle_cost": false, "target_kl": null, "timesteps": 1003520, "train_scenario": "env/scenarios/global_model_v2_2025.yaml", "urgency_potential_weight": 250.0, "variant": "P3"}
# command: C:\Python314\python.exe train_v3.py --scenario C:\Users\jagal\copilot-worktrees\dc-energy-joint-optimization\jagal-microsoft-literate-umbrella\env\scenarios\global_model_v2_2025.yaml --model-path C:\Users\jagal\copilot-worktrees\dc-energy-joint-optimization\jagal-microsoft-literate-umbrella\models\ppo_v3_reward_sweep\_tmp\budget_1003520_global_R0_P3_s202_d277cb94de2c42b193a2558f4cb1cf79\model.zip --diagnostics-path C:\Users\jagal\copilot-worktrees\dc-energy-joint-optimization\jagal-microsoft-literate-umbrella\models\ppo_v3_reward_sweep\_tmp\budget_1003520_global_R0_P3_s202_d277cb94de2c42b193a2558f4cb1cf79\training.json --timesteps 1003520 --seed 202 --lr 0.0003 --lr-schedule fixed --n-steps 2048 --batch-size 64 --n-epochs 10 --gamma 1.0 --gae-lambda 0.95 --net-arch 128 128 --peak-penalty-weight 0.015 --service-backlog-weight 700.0 --batch-completion-weight 1500.0 --reward-scale 0.0001 --urgency-potential-weight 250.0 --deadline-bucket-edges 1 3 6 12 24
# started: 2026-08-06T16:06:20.255969+00:00

Using cpu device
-----------------------------
| time/              |      |
|    fps             | 592  |
|    iterations      | 1    |
|    time_elapsed    | 3    |
|    total_timesteps | 2048 |
-----------------------------
------------------------------------------
| time/                   |              |
|    fps                  | 442          |
|    iterations           | 2            |
|    time_elapsed         | 9            |
|    total_timesteps      | 4096         |
| train/                  |              |
|    approx_kl            | 0.0123012215 |
|    clip_fraction        | 0.137        |
|    clip_range           | 0.2          |
|    entropy_loss         | -17          |
|    explained_variance   | -0.111       |
|    learning_rate        | 0.0003       |
|    loss                 | -0.0309      |
|    n_updates            | 10           |
|    policy_gradient_loss | -0.0163      |
|    std                  | 0.998        |
|    value_loss           | 0.073        |
------------------------------------------
-----------------------------------------
| time/                   |             |
|    fps                  | 409         |
|    iterations           | 3           |
|    time_elapsed         | 15          |
|    total_timesteps      | 6144        |
| train/                  |             |
|    approx_kl            | 0.015883122 |
|    clip_fraction        | 0.168       |
|    clip_range           | 0.2         |
|    entropy_loss         | -17         |
|    explained_variance   | 0.429       |
|    learning_rate        | 0.0003      |
|    loss                 | -0.00221    |
|    n_updates            | 20          |
|    policy_gradient_loss | -0.021      |
|    std                  | 0.995       |
|    value_loss           | 0.125       |
-----------------------------------------
-----------------------------------------
| time/                   |             |
|    fps                  | 390         |
|    iterations           | 4           |
|    time_elapsed         | 20          |
|    total_timesteps      | 8192        |
| train/                  |             |
|    approx_kl            | 0.014696082 |
|    clip_fraction        | 0.144       |
|    clip_range           | 0.2         |
|    entropy_loss         | -16.9       |
|    explained_variance   | 0.711       |
|    learning_rate        | 0.0003      |
|    loss                 | -0.0113     |
|    n_updates            | 30          |
|    policy_gradient_loss | -0.0185     |
|    std                  | 0.988       |
|    value_loss           | 0.113       |
-----------------------------------------
-----------------------------------------
| rollout/                |             |
|    ep_len_mean          | 8.93e+03    |
|    ep_rew_mean          | -712        |
| time/                   |             |
|    fps                  | 381         |
|    iterations           | 5           |
|    time_elapsed         | 26          |
|    total_timesteps      | 10240       |
| train/                  |             |
|    approx_kl            | 0.016335865 |
|    clip_fraction        | 0.169       |
|    clip_range           | 0.2         |
|    entropy_loss         | -16.9       |
|    explained_variance   | 0.868       |
|    learning_rate        | 0.0003      |
|    loss                 | -0.0121     |
|    n_updates            | 40          |
|    policy_gradient_loss | -0.0213     |
|    std                  | 0.984       |
|    value_loss           | 0.113       |
-----------------------------------------
-----------------------------------------
| rollout/                |             |
|    ep_len_mean          | 8.93e+03    |
|    ep_rew_mean          | -712        |
| time/                   |             |
|    fps                  | 378         |
|    iterations           | 6           |
|    time_elapsed         | 32          |
|    total_timesteps      | 12288       |
| train/                  |             |
|    approx_kl            | 0.012886311 |
|    clip_fraction        | 0.127       |
|    clip_range           | 0.2         |
|    entropy_loss         | -16.8       |
|    explained_variance   | 0.792       |
|    learning_rate        | 0.0003      |
|    loss                 | 0.0361      |
|    n_updates            | 50          |
|    policy_gradient_loss | -0.016      |
|    std                  | 0.984       |
|    value_loss           | 0.352       |
-----------------------------------------
-----------------------------------------
| rollout/                |             |
|    ep_len_mean          | 8.93e+03    |
|    ep_rew_mean          | -712        |
| time/                   |             |
|    fps                  | 373         |
|    iterations           | 7           |
|    time_elapsed         | 38          |
|    total_timesteps      | 14336       |
| train/                  |             |
|    approx_kl            | 0.013529466 |
|    clip_fraction        | 0.148       |
|    clip_range           | 0.2         |
|    entropy_loss         | -16.8       |
|    explained_variance   | 0.886       |
|    learning_rate        | 0.0003      |
|    loss                 | 0.00081     |
|    n_updates            | 60          |
|    policy_gradient_loss | -0.013      |
|    std                  | 0.981       |
|    value_loss           | 0.14        |
-----------------------------------------
-----------------------------------------
| rollout/                |             |
|    ep_len_mean          | 8.93e+03    |
|    ep_rew_mean          | -712        |
| time/                   |             |
|    fps                  | 370         |
|    iterations           | 8           |
|    time_elapsed         | 44          |
|    total_timesteps      | 16384       |
| train/                  |             |
|    approx_kl            | 0.014614159 |
|    clip_fraction        | 0.172       |
|    clip_range           | 0.2         |
|    entropy_loss         | -16.8       |
|    explained_variance   | 0.929       |
|    learning_rate        | 0.0003      |
|    loss                 | 0.0152      |
|    n_updates            | 70          |
|    policy_gradient_loss | -0.0175     |
|    std                  | 0.98        |
|    value_loss           | 0.128       |
-----------------------------------------
-----------------------------------------
| rollout/                |             |
|    ep_len_mean          | 8.93e+03    |
|    ep_rew_mean          | -711        |
| time/                   |             |
|    fps                  | 367         |
|    iterations           | 9           |
|    time_elapsed         | 50          |
|    total_timesteps      | 18432       |
| train/                  |             |
|    approx_kl            | 0.014076687 |
|    clip_fraction        | 0.15        |
|    clip_range           | 0.2         |
|    entropy_loss         | -16.8       |
|    explained_variance   | 0.966       |
|    learning_rate        | 0.0003      |
|    loss                 | 0.0194      |
|    n_updates            | 80          |
|    policy_gradient_loss | -0.0184     |
|    std                  | 0.978       |
|    value_loss           | 0.145       |
-----------------------------------------
-----------------------------------------
| rollout/                |             |
|    ep_len_mean          | 8.93e+03    |
|    ep_rew_mean          | -711        |
| time/                   |             |
|    fps                  | 366         |
|    iterations           | 10          |
|    time_elapsed         | 55          |
|    total_timesteps      | 20480       |
| train/                  |             |
|    approx_kl            | 0.015153961 |
|    clip_fraction        | 0.172       |
|    clip_range           | 0.2         |
|    entropy_loss         | -16.7       |
|    explained_variance   | 0.734       |
|    learning_rate        | 0.0003      |
|    loss                 | 0.0607      |
|    n_updates            | 90          |
|    policy_gradient_loss | -0.0171     |
|    std                  | 0.976       |
|    value_loss           | 0.797       |
-----------------------------------------
-----------------------------------------
| rollout/                |             |
|    ep_len_mean          | 8.93e+03    |
|    ep_rew_mean          | -711        |
| time/                   |             |
|    fps                  | 366         |
|    iterations           | 11          |
|    time_elapsed         | 61          |
|    total_timesteps      | 22528       |
| train/                  |             |
|    approx_kl            | 0.014559057 |
|    clip_fraction        | 0.164       |
|    clip_range           | 0.2         |
|    entropy_loss         | -16.7       |
|    explained_variance   | 0.966       |
|    learning_rate        | 0.0003      |
|    loss                 | 0.0472      |
|    n_updates            | 100         |
|    policy_gradient_loss | -0.0133     |
|    std                  | 0.973       |
|    value_loss           | 0.237       |
-----------------------------------------
------------------------------------------
| rollout/                |              |
|    ep_len_mean          | 8.93e+03     |
|    ep_rew_mean          | -711         |
| time/                   |              |
|    fps                  | 365          |
|    iterations           | 12           |
|    time_elapsed         | 67           |
|    total_timesteps      | 24576        |
| train/                  |              |
|    approx_kl            | 0.0139173595 |
|    clip_fraction        | 0.155        |
|    clip_range           | 0.2          |
|    entropy_loss         | -16.7        |
|    explained_variance   | 0.951        |
|    learning_rate        | 0.0003       |
|    loss                 | 0.0486       |
|    n_updates            | 110          |
|    policy_gradient_loss | -0.0146      |
|    std                  | 0.97         |
|    value_loss           | 0.212        |
------------------------------------------
------------------------------------------
| rollout/                |              |
|    ep_len_mean          | 8.93e+03     |
|    ep_rew_mean          | -711         |
| time/                   |              |
|    fps                  | 364          |
|    iterations           | 13           |
|    time_elapsed         | 73           |
|    total_timesteps      | 26624        |
| train/                  |              |
|    approx_kl            | 0.0153834075 |
|    clip_fraction        | 0.188        |
|    clip_range           | 0.2          |
|    entropy_loss         | -16.6        |
|    explained_variance   | 0.975        |
|    learning_rate        | 0.0003       |
|    loss                 | 0.0675       |
|    n_updates            | 120          |
|    policy_gradient_loss | -0.0163      |
|    std                  | 0.966        |
|    value_loss           | 0.249        |
------------------------------------------
-----------------------------------------
| rollout/                |             |
|    ep_len_mean          | 8.93e+03    |
|    ep_rew_mean          | -710        |
| time/                   |             |
|    fps                  | 362         |
|    iterations           | 14          |
|    time_elapsed         | 79          |
|    total_timesteps      | 28672       |
| train/                  |             |
|    approx_kl            | 0.016972702 |
|    clip_fraction        | 0.147       |
|    clip_range           | 0.2         |
|    entropy_loss         | -16.6       |
|    explained_variance   | 0.979       |
|    learning_rate        | 0.0003      |
|    loss                 | 0.0757      |
|    n_updates            | 130         |
|    policy_gradient_loss | -0.014      |
|    std                  | 0.966       |
|    value_loss           | 0.324       |
-----------------------------------------
------------------------------------------
| rollout/                |              |
|    ep_len_mean          | 8.93e+03     |
|    ep_rew_mean          | -710         |
| time/                   |              |
|    fps                  | 361          |
|    iterations           | 15           |
|    time_elapsed         | 84           |
|    total_timesteps      | 30720        |
| train/                  |              |
|    approx_kl            | 0.0093960725 |
|    clip_fraction        | 0.118        |
|    clip_range           | 0.2          |
|    entropy_loss         | -16.6        |
|    explained_variance   | 0.813        |
|    learning_rate        | 0.0003       |
|    loss                 | 0.129        |
|    n_updates            | 140          |
|    policy_gradient_loss | -0.0124      |
|    std                  | 0.964        |
|    value_loss           | 1.25         |
------------------------------------------
----------------------------------------
| rollout/                |            |
|    ep_len_mean          | 8.93e+03   |
|    ep_rew_mean          | -710       |
| time/                   |            |
|    fps                  | 361        |
|    iterations           | 16         |
|    time_elapsed         | 90         |
|    total_timesteps      | 32768      |
| train/                  |            |
|    approx_kl            | 0.01652316 |
|    clip_fraction        | 0.165      |
|    clip_range           | 0.2        |
|    entropy_loss         | -16.6      |
|    explained_variance   | 0.965      |
|    learning_rate        | 0.0003     |
|    loss                 | 0.11       |
|    n_updates            | 150        |
|    policy_gradient_loss | -0.0146    |
|    std                  | 0.964      |
|    value_loss           | 0.398      |
----------------------------------------
-----------------------------------------
| rollout/                |             |
|    ep_len_mean          | 8.93e+03    |
|    ep_rew_mean          | -710        |
| time/                   |             |
|    fps                  | 361         |
|    iterations           | 17          |
|    time_elapsed         | 96          |
|    total_timesteps      | 34816       |
| train/                  |             |
|    approx_kl            | 0.014700534 |
|    clip_fraction        | 0.158       |
|    clip_range           | 0.2         |
|    entropy_loss         | -16.6       |
|    explained_variance   | 0.974       |
|    learning_rate        | 0.0003      |
|    loss                 | 0.13        |
|    n_updates            | 160         |
|    policy_gradient_loss | -0.0134     |
|    std                  | 0.964       |
|    value_loss           | 0.461       |
-----------------------------------------
-----------------------------------------
| rollout/                |             |
|    ep_len_mean          | 8.93e+03    |
|    ep_rew_mean          | -706        |
| time/                   |             |
|    fps                  | 360         |
|    iterations           | 18          |
|    time_elapsed         | 102         |
|    total_timesteps      | 36864       |
| train/                  |             |
|    approx_kl            | 0.014399267 |
|    clip_fraction        | 0.148       |
|    clip_range           | 0.2         |
|    entropy_loss         | -16.6       |
|    explained_variance   | 0.964       |
|    learning_rate        | 0.0003      |
|    loss                 | 0.252       |
|    n_updates            | 170         |
|    policy_gradient_loss | -0.0164     |
|    std                  | 0.964       |
|    value_loss           | 0.534       |
-----------------------------------------
-----------------------------------------
| rollout/                |             |
|    ep_len_mean          | 8.93e+03    |
|    ep_rew_mean          | -706        |
| time/                   |             |
|    fps                  | 360         |
|    iterations           | 19          |
|    time_elapsed         | 108         |
|    total_timesteps      | 38912       |
| train/                  |             |
|    approx_kl            | 0.013199555 |
|    clip_fraction        | 0.162       |
|    clip_range           | 0.2         |
|    entropy_loss         | -16.6       |
|    explained_variance   | 0.902       |
|    learning_rate        | 0.0003      |
|    loss                 | 0.415       |
|    n_updates            | 180         |
|    policy_gradient_loss | -0.0193     |
|    std                  | 0.963       |
|    value_loss           | 1.87        |
-----------------------------------------
-----------------------------------------
| rollout/                |             |
|    ep_len_mean          | 8.93e+03    |
|    ep_rew_mean          | -706        |
| time/                   |             |
|    fps                  | 358         |
|    iterations           | 20          |
|    time_elapsed         | 114         |
|    total_timesteps      | 40960       |
| train/                  |             |
|    approx_kl            | 0.020947741 |
|    clip_fraction        | 0.24        |
|    clip_range           | 0.2         |
|    entropy_loss         | -16.6       |
|    explained_variance   | 0.943       |
|    learning_rate        | 0.0003      |
|    loss                 | 0.117       |
|    n_updates            | 190         |
|    policy_gradient_loss | -0.0175     |
|    std                  | 0.962       |
|    value_loss           | 0.409       |
-----------------------------------------
-----------------------------------------
| rollout/                |             |
|    ep_len_mean          | 8.93e+03    |
|    ep_rew_mean          | -706        |
| time/                   |             |
|    fps                  | 358         |
|    iterations           | 21          |
|    time_elapsed         | 120         |
|    total_timesteps      | 43008       |
| train/                  |             |
|    approx_kl            | 0.016964512 |
|    clip_fraction        | 0.18        |
|    clip_range           | 0.2         |
|    entropy_loss         | -16.6       |
|    explained_variance   | 0.962       |
|    learning_rate        | 0.0003      |
|    loss                 | 0.265       |
|    n_updates            | 200         |
|    policy_gradient_loss | -0.0132     |
|    std                  | 0.963       |
|    value_loss           | 0.663       |
-----------------------------------------
-----------------------------------------
| rollout/                |             |
|    ep_len_mean          | 8.93e+03    |
|    ep_rew_mean          | -702        |
| time/                   |             |
|    fps                  | 358         |
|    iterations           | 22          |
|    time_elapsed         | 125         |
|    total_timesteps      | 45056       |
| train/                  |             |
|    approx_kl            | 0.016758218 |
|    clip_fraction        | 0.178       |
|    clip_range           | 0.2         |
|    entropy_loss         | -16.6       |
|    explained_variance   | 0.972       |
|    learning_rate        | 0.0003      |
|    loss                 | 0.189       |
|    n_updates            | 210         |
|    policy_gradient_loss | -0.0134     |
|    std                  | 0.963       |
|    value_loss           | 0.597       |
-----------------------------------------
-----------------------------------------
| rollout/                |             |
|    ep_len_mean          | 8.93e+03    |
|    ep_rew_mean          | -702        |
| time/                   |             |
|    fps                  | 357         |
|    iterations           | 23          |
|    time_elapsed         | 131         |
|    total_timesteps      | 47104       |
| train/                  |             |
|    approx_kl            | 0.012856175 |
|    clip_fraction        | 0.14        |
|    clip_range           | 0.2         |
|    entropy_loss         | -16.6       |
|    explained_variance   | 0.801       |
|    learning_rate        | 0.0003      |
|    loss                 | 0.563       |
|    n_updates            | 220         |
|    policy_gradient_loss | -0.00938    |
|    std                  | 0.961       |
|    value_loss           | 2.4         |
-----------------------------------------
----------------------------------------
| rollout/                |            |
|    ep_len_mean          | 8.93e+03   |
|    ep_rew_mean          | -702       |
| time/                   |            |
|    fps                  | 357        |
|    iterations           | 24         |
|    time_elapsed         | 137        |
|    total_timesteps      | 49152      |
| train/                  |            |
|    approx_kl            | 0.01667898 |
|    clip_fraction        | 0.207      |
|    clip_range           | 0.2        |
|    entropy_loss         | -16.6      |
|    explained_variance   | 0.972      |
|    learning_rate        | 0.0003     |
|    loss                 | 0.314      |
|    n_updates            | 230        |
|    policy_gradient_loss | -0.0128    |
|    std                  | 0.963      |
|    value_loss           | 0.713      |
----------------------------------------
-----------------------------------------
| rollout/                |             |
|    ep_len_mean          | 8.93e+03    |
|    ep_rew_mean          | -702        |
| time/                   |             |
|    fps                  | 357         |
|    iterations           | 25          |
|    time_elapsed         | 143         |
|    total_timesteps      | 51200       |
| train/                  |             |
|    approx_kl            | 0.017730106 |
|    clip_fraction        | 0.231       |
|    clip_range           | 0.2         |
|    entropy_loss         | -16.6       |
|    explained_variance   | 0.947       |
|    learning_rate        | 0.0003      |
|    loss                 | 0.211       |
|    n_updates            | 240         |
|    policy_gradient_loss | -0.0149     |
|    std                  | 0.962       |
|    value_loss           | 0.644       |
-----------------------------------------
-----------------------------------------
| rollout/                |             |
|    ep_len_mean          | 8.93e+03    |
|    ep_rew_mean          | -702        |
| time/                   |             |
|    fps                  | 357         |
|    iterations           | 26          |
|    time_elapsed         | 149         |
|    total_timesteps      | 53248       |
| train/                  |             |
|    approx_kl            | 0.015475268 |
|    clip_fraction        | 0.145       |
|    clip_range           | 0.2         |
|    entropy_loss         | -16.6       |
|    explained_variance   | 0.965       |
|    learning_rate        | 0.0003      |
|    loss                 | 0.236       |
|    n_updates            | 250         |
|    policy_gradient_loss | -0.012      |
|    std                  | 0.964       |
|    value_loss           | 0.925       |
-----------------------------------------
-----------------------------------------
| rollout/                |             |
|    ep_len_mean          | 8.93e+03    |
|    ep_rew_mean          | -703        |
| time/                   |             |
|    fps                  | 357         |
|    iterations           | 27          |
|    time_elapsed         | 154         |
|    total_timesteps      | 55296       |
| train/                  |             |
|    approx_kl            | 0.018426307 |
|    clip_fraction        | 0.181       |
|    clip_range           | 0.2         |
|    entropy_loss         | -16.6       |
|    explained_variance   | 0.979       |
|    learning_rate        | 0.0003      |
|    loss                 | 0.301       |
|    n_updates            | 260         |
|    policy_gradient_loss | -0.0172     |
|    std                  | 0.965       |
|    value_loss           | 0.986       |
-----------------------------------------
-----------------------------------------
| rollout/                |             |
|    ep_len_mean          | 8.93e+03    |
|    ep_rew_mean          | -703        |
| time/                   |             |
|    fps                  | 357         |
|    iterations           | 28          |
|    time_elapsed         | 160         |
|    total_timesteps      | 57344       |
| train/                  |             |
|    approx_kl            | 0.010342754 |
|    clip_fraction        | 0.132       |
|    clip_range           | 0.2         |
|    entropy_loss         | -16.6       |
|    explained_variance   | 0.834       |
|    learning_rate        | 0.0003      |
|    loss                 | 2.07        |
|    n_updates            | 270         |
|    policy_gradient_loss | -0.0138     |
|    std                  | 0.964       |
|    value_loss           | 3.61        |
-----------------------------------------
-----------------------------------------
| rollout/                |             |
|    ep_len_mean          | 8.93e+03    |
|    ep_rew_mean          | -703        |
| time/                   |             |
|    fps                  | 357         |
|    iterations           | 29          |
|    time_elapsed         | 166         |
|    total_timesteps      | 59392       |
| train/                  |             |
|    approx_kl            | 0.018820861 |
|    clip_fraction        | 0.222       |
|    clip_range           | 0.2         |
|    entropy_loss         | -16.6       |
|    explained_variance   | 0.959       |
|    learning_rate        | 0.0003      |
|    loss                 | 0.16        |
|    n_updates            | 280         |
|    policy_gradient_loss | -0.0156     |
|    std                  | 0.964       |
|    value_loss           | 0.735       |
-----------------------------------------
-----------------------------------------
| rollout/                |             |
|    ep_len_mean          | 8.93e+03    |
|    ep_rew_mean          | -703        |
| time/                   |             |
|    fps                  | 357         |
|    iterations           | 30          |
|    time_elapsed         | 171         |
|    total_timesteps      | 61440       |
| train/                  |             |
|    approx_kl            | 0.016614636 |
|    clip_fraction        | 0.176       |
|    clip_range           | 0.2         |
|    entropy_loss         | -16.6       |
|    explained_variance   | 0.975       |
|    learning_rate        | 0.0003      |
|    loss                 | 0.275       |
|    n_updates            | 290         |
|    policy_gradient_loss | -0.0143     |
|    std                  | 0.964       |
|    value_loss           | 1.11        |
-----------------------------------------
-----------------------------------------
| rollout/                |             |
|    ep_len_mean          | 8.93e+03    |
|    ep_rew_mean          | -701        |
| time/                   |             |
|    fps                  | 357         |
|    iterations           | 31          |
|    time_elapsed         | 177         |
|    total_timesteps      | 63488       |
| train/                  |             |
|    approx_kl            | 0.014466057 |
|    clip_fraction        | 0.144       |
|    clip_range           | 0.2         |
|    entropy_loss         | -16.6       |
|    explained_variance   | 0.965       |
|    learning_rate        | 0.0003      |
|    loss                 | 0.457       |
|    n_updates            | 300         |
|    policy_gradient_loss | -0.0135     |
|    std                  | 0.964       |
|    value_loss           | 1.33        |
-----------------------------------------
-----------------------------------------
| rollout/                |             |
|    ep_len_mean          | 8.93e+03    |
|    ep_rew_mean          | -701        |
| time/                   |             |
|    fps                  | 358         |
|    iterations           | 32          |
|    time_elapsed         | 182         |
|    total_timesteps      | 65536       |
| train/                  |             |
|    approx_kl            | 0.008871893 |
|    clip_fraction        | 0.107       |
|    clip_range           | 0.2         |
|    entropy_loss         | -16.6       |
|    explained_variance   | 0.934       |
|    learning_rate        | 0.0003      |
|    loss                 | 4.61        |
|    n_updates            | 310         |
|    policy_gradient_loss | -0.0104     |
|    std                  | 0.963       |
|    value_loss           | 5.65        |
-----------------------------------------
-----------------------------------------
| rollout/                |             |
|    ep_len_mean          | 8.93e+03    |
|    ep_rew_mean          | -701        |
| time/                   |             |
|    fps                  | 358         |
|    iterations           | 33          |
|    time_elapsed         | 188         |
|    total_timesteps      | 67584       |
| train/                  |             |
|    approx_kl            | 0.018838067 |
|    clip_fraction        | 0.192       |
|    clip_range           | 0.2         |
|    entropy_loss         | -16.6       |
|    explained_variance   | 0.938       |
|    learning_rate        | 0.0003      |
|    loss                 | 0.384       |
|    n_updates            | 320         |
|    policy_gradient_loss | -0.0156     |
|    std                  | 0.961       |
|    value_loss           | 1.67        |
-----------------------------------------
----------------------------------------
| rollout/                |            |
|    ep_len_mean          | 8.93e+03   |
|    ep_rew_mean          | -701       |
| time/                   |            |
|    fps                  | 359        |
|    iterations           | 34         |
|    time_elapsed         | 193        |
|    total_timesteps      | 69632      |
| train/                  |            |
|    approx_kl            | 0.01573166 |
|    clip_fraction        | 0.152      |
|    clip_range           | 0.2        |
|    entropy_loss         | -16.5      |
|    explained_variance   | 0.958      |
|    learning_rate        | 0.0003     |
|    loss                 | 0.761      |
|    n_updates            | 330        |
|    policy_gradient_loss | -0.0142    |
|    std                  | 0.961      |
|    value_loss           | 1.88       |
----------------------------------------
-----------------------------------------
| rollout/                |             |
|    ep_len_mean          | 8.93e+03    |
|    ep_rew_mean          | -703        |
| time/                   |             |
|    fps                  | 359         |
|    iterations           | 35          |
|    time_elapsed         | 199         |
|    total_timesteps      | 71680       |
| train/                  |             |
|    approx_kl            | 0.014855606 |
|    clip_fraction        | 0.178       |
|    clip_range           | 0.2         |
|    entropy_loss         | -16.5       |
|    explained_variance   | 0.97        |
|    learning_rate        | 0.0003      |
|    loss                 | 0.73        |
|    n_updates            | 340         |
|    policy_gradient_loss | -0.0147     |
|    std                  | 0.962       |
|    value_loss           | 1.58        |
-----------------------------------------
-----------------------------------------
| rollout/                |             |
|    ep_len_mean          | 8.93e+03    |
|    ep_rew_mean          | -703        |
| time/                   |             |
|    fps                  | 360         |
|    iterations           | 36          |
|    time_elapsed         | 204         |
|    total_timesteps      | 73728       |
| train/                  |             |
|    approx_kl            | 0.013319621 |
|    clip_fraction        | 0.15        |
|    clip_range           | 0.2         |
|    entropy_loss         | -16.5       |
|    explained_variance   | 0.94        |
|    learning_rate        | 0.0003      |
|    loss                 | 1.15        |
|    n_updates            | 350         |
|    policy_gradient_loss | -0.0164     |
|    std                  | 0.96        |
|    value_loss           | 3.91        |
-----------------------------------------
-----------------------------------------
| rollout/                |             |
|    ep_len_mean          | 8.93e+03    |
|    ep_rew_mean          | -703        |
| time/                   |             |
|    fps                  | 360         |
|    iterations           | 37          |
|    time_elapsed         | 210         |
|    total_timesteps      | 75776       |
| train/                  |             |
|    approx_kl            | 0.018524252 |
|    clip_fraction        | 0.259       |
|    clip_range           | 0.2         |
|    entropy_loss         | -16.5       |
|    explained_variance   | 0.923       |
|    learning_rate        | 0.0003      |
|    loss                 | 0.416       |
|    n_updates            | 360         |
|    policy_gradient_loss | -0.0136     |
|    std                  | 0.958       |
|    value_loss           | 1.06        |
-----------------------------------------
-----------------------------------------
| rollout/                |             |
|    ep_len_mean          | 8.93e+03    |
|    ep_rew_mean          | -703        |
| time/                   |             |
|    fps                  | 359         |
|    iterations           | 38          |
|    time_elapsed         | 216         |
|    total_timesteps      | 77824       |
| train/                  |             |
|    approx_kl            | 0.022490341 |
|    clip_fraction        | 0.25        |
|    clip_range           | 0.2         |
|    entropy_loss         | -16.5       |
|    explained_variance   | 0.945       |
|    learning_rate        | 0.0003      |
|    loss                 | 0.239       |
|    n_updates            | 370         |
|    policy_gradient_loss | -0.0115     |
|    std                  | 0.954       |
|    value_loss           | 0.786       |
-----------------------------------------
-----------------------------------------
| rollout/                |             |
|    ep_len_mean          | 8.93e+03    |
|    ep_rew_mean          | -703        |
| time/                   |             |
|    fps                  | 358         |
|    iterations           | 39          |
|    time_elapsed         | 222         |
|    total_timesteps      | 79872       |
| train/                  |             |
|    approx_kl            | 0.013733819 |
|    clip_fraction        | 0.195       |
|    clip_range           | 0.2         |
|    entropy_loss         | -16.5       |
|    explained_variance   | 0.972       |
|    learning_rate        | 0.0003      |
|    loss                 | 0.272       |
|    n_updates            | 380         |
|    policy_gradient_loss | -0.0133     |
|    std                  | 0.956       |
|    value_loss           | 0.877       |
-----------------------------------------
-----------------------------------------
| rollout/                |             |
|    ep_len_mean          | 8.93e+03    |
|    ep_rew_mean          | -706        |
| time/                   |             |
|    fps                  | 358         |
|    iterations           | 40          |
|    time_elapsed         | 228         |
|    total_timesteps      | 81920       |
| train/                  |             |
|    approx_kl            | 0.014327219 |
|    clip_fraction        | 0.167       |
|    clip_range           | 0.2         |
|    entropy_loss         | -16.5       |
|    explained_variance   | 0.971       |
|    learning_rate        | 0.0003      |
|    loss                 | 0.436       |
|    n_updates            | 390         |
|    policy_gradient_loss | -0.0169     |
|    std                  | 0.953       |
|    value_loss           | 1.37        |
-----------------------------------------
-----------------------------------------
| rollout/                |             |
|    ep_len_mean          | 8.93e+03    |
|    ep_rew_mean          | -706        |
| time/                   |             |
|    fps                  | 358         |
|    iterations           | 41          |
|    time_elapsed         | 234         |
|    total_timesteps      | 83968       |
| train/                  |             |
|    approx_kl            | 0.011954512 |
|    clip_fraction        | 0.146       |
|    clip_range           | 0.2         |
|    entropy_loss         | -16.4       |
|    explained_variance   | 0.896       |
|    learning_rate        | 0.0003      |
|    loss                 | 0.68        |
|    n_updates            | 400         |
|    policy_gradient_loss | -0.00748    |
|    std                  | 0.951       |
|    value_loss           | 3.95        |
-----------------------------------------
-----------------------------------------
| rollout/                |             |
|    ep_len_mean          | 8.93e+03    |
|    ep_rew_mean          | -706        |
| time/                   |             |
|    fps                  | 357         |
|    iterations           | 42          |
|    time_elapsed         | 240         |
|    total_timesteps      | 86016       |
| train/                  |             |
|    approx_kl            | 0.024243478 |
|    clip_fraction        | 0.244       |
|    clip_range           | 0.2         |
|    entropy_loss         | -16.4       |
|    explained_variance   | 0.967       |
|    learning_rate        | 0.0003      |
|    loss                 | 0.373       |
|    n_updates            | 410         |
|    policy_gradient_loss | -0.00791    |
|    std                  | 0.951       |
|    value_loss           | 1.22        |
-----------------------------------------
----------------------------------------
| rollout/                |            |
|    ep_len_mean          | 8.93e+03   |
|    ep_rew_mean          | -706       |
| time/                   |            |
|    fps                  | 357        |
|    iterations           | 43         |
|    time_elapsed         | 246        |
|    total_timesteps      | 88064      |
| train/                  |            |
|    approx_kl            | 0.01605628 |
|    clip_fraction        | 0.162      |
|    clip_range           | 0.2        |
|    entropy_loss         | -16.4      |
|    explained_variance   | 0.975      |
|    learning_rate        | 0.0003     |
|    loss                 | 0.616      |
|    n_updates            | 420        |
|    policy_gradient_loss | -0.0145    |
|    std                  | 0.948      |
|    value_loss           | 1.54       |
----------------------------------------
-----------------------------------------
| rollout/                |             |
|    ep_len_mean          | 8.93e+03    |
|    ep_rew_mean          | -705        |
| time/                   |             |
|    fps                  | 357         |
|    iterations           | 44          |
|    time_elapsed         | 252         |
|    total_timesteps      | 90112       |
| train/                  |             |
|    approx_kl            | 0.018130038 |
|    clip_fraction        | 0.161       |
|    clip_range           | 0.2         |
|    entropy_loss         | -16.4       |
|    explained_variance   | 0.972       |
|    learning_rate        | 0.0003      |
|    loss                 | 0.563       |
|    n_updates            | 430         |
|    policy_gradient_loss | -0.0155     |
|    std                  | 0.946       |
|    value_loss           | 2.23        |
-----------------------------------------
-----------------------------------------
| rollout/                |             |
|    ep_len_mean          | 8.93e+03    |
|    ep_rew_mean          | -705        |
| time/                   |             |
|    fps                  | 357         |
|    iterations           | 45          |
|    time_elapsed         | 257         |
|    total_timesteps      | 92160       |
| train/                  |             |
|    approx_kl            | 0.012564737 |
|    clip_fraction        | 0.132       |
|    clip_range           | 0.2         |
|    entropy_loss         | -16.3       |
|    explained_variance   | 0.877       |
|    learning_rate        | 0.0003      |
|    loss                 | 1.26        |
|    n_updates            | 440         |
|    policy_gradient_loss | -0.0125     |
|    std                  | 0.945       |
|    value_loss           | 5.01        |
-----------------------------------------
----------------------------------------
| rollout/                |            |
|    ep_len_mean          | 8.93e+03   |
|    ep_rew_mean          | -705       |
| time/                   |            |
|    fps                  | 357        |
|    iterations           | 46         |
|    time_elapsed         | 263        |
|    total_timesteps      | 94208      |
| train/                  |            |
|    approx_kl            | 0.02042688 |
|    clip_fraction        | 0.257      |
|    clip_range           | 0.2        |
|    entropy_loss         | -16.3      |
|    explained_variance   | 0.971      |
|    learning_rate        | 0.0003     |
|    loss                 | 0.464      |
|    n_updates            | 450        |
|    policy_gradient_loss | -0.0139    |
|    std                  | 0.944      |
|    value_loss           | 1.2        |
----------------------------------------
----------------------------------------
| rollout/                |            |
|    ep_len_mean          | 8.93e+03   |
|    ep_rew_mean          | -705       |
| time/                   |            |
|    fps                  | 357        |
|    iterations           | 47         |
|    time_elapsed         | 269        |
|    total_timesteps      | 96256      |
| train/                  |            |
|    approx_kl            | 0.01772635 |
|    clip_fraction        | 0.202      |
|    clip_range           | 0.2        |
|    entropy_loss         | -16.3      |
|    explained_variance   | 0.976      |
|    learning_rate        | 0.0003     |
|    loss                 | 0.438      |
|    n_updates            | 460        |
|    policy_gradient_loss | -0.0152    |
|    std                  | 0.942      |
|    value_loss           | 1.34       |
----------------------------------------
-----------------------------------------
| rollout/                |             |
|    ep_len_mean          | 8.93e+03    |
|    ep_rew_mean          | -705        |
| time/                   |             |
|    fps                  | 357         |
|    iterations           | 48          |
|    time_elapsed         | 274         |
|    total_timesteps      | 98304       |
| train/                  |             |
|    approx_kl            | 0.018091641 |
|    clip_fraction        | 0.197       |
|    clip_range           | 0.2         |
|    entropy_loss         | -16.3       |
|    explained_variance   | 0.982       |
|    learning_rate        | 0.0003      |
|    loss                 | 0.434       |
|    n_updates            | 470         |
|    policy_gradient_loss | -0.016      |
|    std                  | 0.947       |
|    value_loss           | 1.5         |
-----------------------------------------
-----------------------------------------
| rollout/                |             |
|    ep_len_mean          | 8.93e+03    |
|    ep_rew_mean          | -705        |
| time/                   |             |
|    fps                  | 358         |
|    iterations           | 49          |
|    time_elapsed         | 280         |
|    total_timesteps      | 100352      |
| train/                  |             |
|    approx_kl            | 0.013631932 |
|    clip_fraction        | 0.123       |
|    clip_range           | 0.2         |
|    entropy_loss         | -16.4       |
|    explained_variance   | 0.939       |
|    learning_rate        | 0.0003      |
|    loss                 | 2.53        |
|    n_updates            | 480         |
|    policy_gradient_loss | -0.0141     |
|    std                  | 0.947       |
|    value_loss           | 6.38        |
-----------------------------------------
-----------------------------------------
| rollout/                |             |
|    ep_len_mean          | 8.93e+03    |
|    ep_rew_mean          | -705        |
| time/                   |             |
|    fps                  | 358         |
|    iterations           | 50          |
|    time_elapsed         | 285         |
|    total_timesteps      | 102400      |
| train/                  |             |
|    approx_kl            | 0.026595427 |
|    clip_fraction        | 0.315       |
|    clip_range           | 0.2         |
|    entropy_loss         | -16.4       |
|    explained_variance   | 0.951       |
|    learning_rate        | 0.0003      |
|    loss                 | 0.299       |
|    n_updates            | 490         |
|    policy_gradient_loss | -0.0162     |
|    std                  | 0.947       |
|    value_loss           | 0.976       |
-----------------------------------------
-----------------------------------------
| rollout/                |             |
|    ep_len_mean          | 8.93e+03    |
|    ep_rew_mean          | -705        |
| time/                   |             |
|    fps                  | 358         |
|    iterations           | 51          |
|    time_elapsed         | 291         |
|    total_timesteps      | 104448      |
| train/                  |             |
|    approx_kl            | 0.026624009 |
|    clip_fraction        | 0.262       |
|    clip_range           | 0.2         |
|    entropy_loss         | -16.4       |
|    explained_variance   | 0.95        |
|    learning_rate        | 0.0003      |
|    loss                 | 0.235       |
|    n_updates            | 500         |
|    policy_gradient_loss | -0.0115     |
|    std                  | 0.948       |
|    value_loss           | 0.968       |
-----------------------------------------
-----------------------------------------
| rollout/                |             |
|    ep_len_mean          | 8.93e+03    |
|    ep_rew_mean          | -705        |
| time/                   |             |
|    fps                  | 358         |
|    iterations           | 52          |
|    time_elapsed         | 297         |
|    total_timesteps      | 106496      |
| train/                  |             |
|    approx_kl            | 0.018088978 |
|    clip_fraction        | 0.233       |
|    clip_range           | 0.2         |
|    entropy_loss         | -16.4       |
|    explained_variance   | 0.977       |
|    learning_rate        | 0.0003      |
|    loss                 | 0.317       |
|    n_updates            | 510         |
|    policy_gradient_loss | -0.0148     |
|    std                  | 0.946       |
|    value_loss           | 1.03        |
-----------------------------------------
-----------------------------------------
| rollout/                |             |
|    ep_len_mean          | 8.93e+03    |
|    ep_rew_mean          | -704        |
| time/                   |             |
|    fps                  | 358         |
|    iterations           | 53          |
|    time_elapsed         | 302         |
|    total_timesteps      | 108544      |
| train/                  |             |
|    approx_kl            | 0.018371712 |
|    clip_fraction        | 0.183       |
|    clip_range           | 0.2         |
|    entropy_loss         | -16.3       |
|    explained_variance   | 0.969       |
|    learning_rate        | 0.0003      |
|    loss                 | 0.767       |
|    n_updates            | 520         |
|    policy_gradient_loss | -0.0157     |
|    std                  | 0.943       |
|    value_loss           | 2.01        |
-----------------------------------------
-----------------------------------------
| rollout/                |             |
|    ep_len_mean          | 8.93e+03    |
|    ep_rew_mean          | -704        |
| time/                   |             |
|    fps                  | 358         |
|    iterations           | 54          |
|    time_elapsed         | 308         |
|    total_timesteps      | 110592      |
| train/                  |             |
|    approx_kl            | 0.016295386 |
|    clip_fraction        | 0.176       |
|    clip_range           | 0.2         |
|    entropy_loss         | -16.3       |
|    explained_variance   | 0.838       |
|    learning_rate        | 0.0003      |
|    loss                 | 1.23        |
|    n_updates            | 530         |
|    policy_gradient_loss | -0.0101     |
|    std                  | 0.941       |
|    value_loss           | 4.4         |
-----------------------------------------
---------------------------------------
| rollout/                |           |
|    ep_len_mean          | 8.93e+03  |
|    ep_rew_mean          | -704      |
| time/                   |           |
|    fps                  | 358       |
|    iterations           | 55        |
|    time_elapsed         | 314       |
|    total_timesteps      | 112640    |
| train/                  |           |
|    approx_kl            | 0.0186657 |
|    clip_fraction        | 0.269     |
|    clip_range           | 0.2       |
|    entropy_loss         | -16.3     |
|    explained_variance   | 0.963     |
|    learning_rate        | 0.0003    |
|    loss                 | 0.383     |
|    n_updates            | 540       |
|    policy_gradient_loss | -0.0115   |
|    std                  | 0.94      |
|    value_loss           | 1.13      |
---------------------------------------
-----------------------------------------
| rollout/                |             |
|    ep_len_mean          | 8.93e+03    |
|    ep_rew_mean          | -704        |
| time/                   |             |
|    fps                  | 358         |
|    iterations           | 56          |
|    time_elapsed         | 319         |
|    total_timesteps      | 114688      |
| train/                  |             |
|    approx_kl            | 0.018058065 |
|    clip_fraction        | 0.19        |
|    clip_range           | 0.2         |
|    entropy_loss         | -16.3       |
|    explained_variance   | 0.976       |
|    learning_rate        | 0.0003      |
|    loss                 | 0.413       |
|    n_updates            | 550         |
|    policy_gradient_loss | -0.0174     |
|    std                  | 0.941       |
|    value_loss           | 1.51        |
-----------------------------------------
-----------------------------------------
| rollout/                |             |
|    ep_len_mean          | 8.93e+03    |
|    ep_rew_mean          | -703        |
| time/                   |             |
|    fps                  | 358         |
|    iterations           | 57          |
|    time_elapsed         | 325         |
|    total_timesteps      | 116736      |
| train/                  |             |
|    approx_kl            | 0.017767139 |
|    clip_fraction        | 0.163       |
|    clip_range           | 0.2         |
|    entropy_loss         | -16.3       |
|    explained_variance   | 0.973       |
|    learning_rate        | 0.0003      |
|    loss                 | 0.932       |
|    n_updates            | 560         |
|    policy_gradient_loss | -0.0134     |
|    std                  | 0.94        |
|    value_loss           | 2.78        |
-----------------------------------------
-----------------------------------------
| rollout/                |             |
|    ep_len_mean          | 8.93e+03    |
|    ep_rew_mean          | -703        |
| time/                   |             |
|    fps                  | 358         |
|    iterations           | 58          |
|    time_elapsed         | 331         |
|    total_timesteps      | 118784      |
| train/                  |             |
|    approx_kl            | 0.012366105 |
|    clip_fraction        | 0.141       |
|    clip_range           | 0.2         |
|    entropy_loss         | -16.3       |
|    explained_variance   | 0.766       |
|    learning_rate        | 0.0003      |
|    loss                 | 0.895       |
|    n_updates            | 570         |
|    policy_gradient_loss | -0.00825    |
|    std                  | 0.939       |
|    value_loss           | 6.24        |
-----------------------------------------
-----------------------------------------
| rollout/                |             |
|    ep_len_mean          | 8.93e+03    |
|    ep_rew_mean          | -703        |
| time/                   |             |
|    fps                  | 359         |
|    iterations           | 59          |
|    time_elapsed         | 336         |
|    total_timesteps      | 120832      |
| train/                  |             |
|    approx_kl            | 0.022642463 |
|    clip_fraction        | 0.303       |
|    clip_range           | 0.2         |
|    entropy_loss         | -16.2       |
|    explained_variance   | 0.982       |
|    learning_rate        | 0.0003      |
|    loss                 | 0.165       |
|    n_updates            | 580         |
|    policy_gradient_loss | -0.0149     |
|    std                  | 0.937       |
|    value_loss           | 0.821       |
-----------------------------------------
-----------------------------------------
| rollout/                |             |
|    ep_len_mean          | 8.93e+03    |
|    ep_rew_mean          | -703        |
| time/                   |             |
|    fps                  | 358         |
|    iterations           | 60          |
|    time_elapsed         | 342         |
|    total_timesteps      | 122880      |
| train/                  |             |
|    approx_kl            | 0.017820075 |
|    clip_fraction        | 0.217       |
|    clip_range           | 0.2         |
|    entropy_loss         | -16.2       |
|    explained_variance   | 0.951       |
|    learning_rate        | 0.0003      |
|    loss                 | 0.547       |
|    n_updates            | 590         |
|    policy_gradient_loss | -0.0155     |
|    std                  | 0.939       |
|    value_loss           | 1.33        |
-----------------------------------------
-----------------------------------------
| rollout/                |             |
|    ep_len_mean          | 8.93e+03    |
|    ep_rew_mean          | -703        |
| time/                   |             |
|    fps                  | 359         |
|    iterations           | 61          |
|    time_elapsed         | 347         |
|    total_timesteps      | 124928      |
| train/                  |             |
|    approx_kl            | 0.015919786 |
|    clip_fraction        | 0.185       |
|    clip_range           | 0.2         |
|    entropy_loss         | -16.3       |
|    explained_variance   | 0.971       |
|    learning_rate        | 0.0003      |
|    loss                 | 0.441       |
|    n_updates            | 600         |
|    policy_gradient_loss | -0.0164     |
|    std                  | 0.938       |
|    value_loss           | 1.94        |
-----------------------------------------
----------------------------------------
| rollout/                |            |
|    ep_len_mean          | 8.93e+03   |
|    ep_rew_mean          | -704       |
| time/                   |            |
|    fps                  | 358        |
|    iterations           | 62         |
|    time_elapsed         | 353        |
|    total_timesteps      | 126976     |
| train/                  |            |
|    approx_kl            | 0.01446352 |
|    clip_fraction        | 0.164      |
|    clip_range           | 0.2        |
|    entropy_loss         | -16.3      |
|    explained_variance   | 0.976      |
|    learning_rate        | 0.0003     |
|    loss                 | 1.31       |
|    n_updates            | 610        |
|    policy_gradient_loss | -0.0135    |
|    std                  | 0.938      |
|    value_loss           | 3.63       |
----------------------------------------
-----------------------------------------
| rollout/                |             |
|    ep_len_mean          | 8.93e+03    |
|    ep_rew_mean          | -704        |
| time/                   |             |
|    fps                  | 358         |
|    iterations           | 63          |
|    time_elapsed         | 359         |
|    total_timesteps      | 129024      |
| train/                  |             |
|    approx_kl            | 0.016263627 |
|    clip_fraction        | 0.179       |
|    clip_range           | 0.2         |
|    entropy_loss         | -16.2       |
|    explained_variance   | 0.773       |
|    learning_rate        | 0.0003      |
|    loss                 | 1.03        |
|    n_updates            | 620         |
|    policy_gradient_loss | -0.00684    |
|    std                  | 0.937       |
|    value_loss           | 4.36        |
-----------------------------------------
-----------------------------------------
| rollout/                |             |
|    ep_len_mean          | 8.93e+03    |
|    ep_rew_mean          | -704        |
| time/                   |             |
|    fps                  | 358         |
|    iterations           | 64          |
|    time_elapsed         | 365         |
|    total_timesteps      | 131072      |
| train/                  |             |
|    approx_kl            | 0.022795971 |
|    clip_fraction        | 0.252       |
|    clip_range           | 0.2         |
|    entropy_loss         | -16.2       |
|    explained_variance   | 0.954       |
|    learning_rate        | 0.0003      |
|    loss                 | 0.796       |
|    n_updates            | 630         |
|    policy_gradient_loss | -0.011      |
|    std                  | 0.933       |
|    value_loss           | 1.56        |
-----------------------------------------
----------------------------------------
| rollout/                |            |
|    ep_len_mean          | 8.93e+03   |
|    ep_rew_mean          | -704       |
| time/                   |            |
|    fps                  | 358        |
|    iterations           | 65         |
|    time_elapsed         | 370        |
|    total_timesteps      | 133120     |
| train/                  |            |
|    approx_kl            | 0.02131614 |
|    clip_fraction        | 0.248      |
|    clip_range           | 0.2        |
|    entropy_loss         | -16.2      |
|    explained_variance   | 0.98       |
|    learning_rate        | 0.0003     |
|    loss                 | 0.464      |
|    n_updates            | 640        |
|    policy_gradient_loss | -0.0128    |
|    std                  | 0.932      |
|    value_loss           | 1.3        |
----------------------------------------
-----------------------------------------
| rollout/                |             |
|    ep_len_mean          | 8.93e+03    |
|    ep_rew_mean          | -702        |
| time/                   |             |
|    fps                  | 359         |
|    iterations           | 66          |
|    time_elapsed         | 376         |
|    total_timesteps      | 135168      |
| train/                  |             |
|    approx_kl            | 0.017336551 |
|    clip_fraction        | 0.188       |
|    clip_range           | 0.2         |
|    entropy_loss         | -16.2       |
|    explained_variance   | 0.968       |
|    learning_rate        | 0.0003      |
|    loss                 | 1.25        |
|    n_updates            | 650         |
|    policy_gradient_loss | -0.0121     |
|    std                  | 0.93        |
|    value_loss           | 2.54        |
-----------------------------------------
-----------------------------------------
| rollout/                |             |
|    ep_len_mean          | 8.93e+03    |
|    ep_rew_mean          | -702        |
| time/                   |             |
|    fps                  | 359         |
|    iterations           | 67          |
|    time_elapsed         | 382         |
|    total_timesteps      | 137216      |
| train/                  |             |
|    approx_kl            | 0.017876059 |
|    clip_fraction        | 0.195       |
|    clip_range           | 0.2         |
|    entropy_loss         | -16.1       |
|    explained_variance   | 0.814       |
|    learning_rate        | 0.0003      |
|    loss                 | 1.17        |
|    n_updates            | 660         |
|    policy_gradient_loss | -0.0121     |
|    std                  | 0.93        |
|    value_loss           | 6.45        |
-----------------------------------------
-----------------------------------------
| rollout/                |             |
|    ep_len_mean          | 8.93e+03    |
|    ep_rew_mean          | -702        |
| time/                   |             |
|    fps                  | 359         |
|    iterations           | 68          |
|    time_elapsed         | 387         |
|    total_timesteps      | 139264      |
| train/                  |             |
|    approx_kl            | 0.031011097 |
|    clip_fraction        | 0.28        |
|    clip_range           | 0.2         |
|    entropy_loss         | -16.1       |
|    explained_variance   | 0.95        |
|    learning_rate        | 0.0003      |
|    loss                 | 0.383       |
|    n_updates            | 670         |
|    policy_gradient_loss | -0.00825    |
|    std                  | 0.929       |
|    value_loss           | 1.35        |
-----------------------------------------
-----------------------------------------
| rollout/                |             |
|    ep_len_mean          | 8.93e+03    |
|    ep_rew_mean          | -702        |
| time/                   |             |
|    fps                  | 359         |
|    iterations           | 69          |
|    time_elapsed         | 393         |
|    total_timesteps      | 141312      |
| train/                  |             |
|    approx_kl            | 0.021164935 |
|    clip_fraction        | 0.211       |
|    clip_range           | 0.2         |
|    entropy_loss         | -16.1       |
|    explained_variance   | 0.97        |
|    learning_rate        | 0.0003      |
|    loss                 | 1.31        |
|    n_updates            | 680         |
|    policy_gradient_loss | -0.0171     |
|    std                  | 0.929       |
|    value_loss           | 2.17        |
-----------------------------------------
----------------------------------------
| rollout/                |            |
|    ep_len_mean          | 8.93e+03   |
|    ep_rew_mean          | -703       |
| time/                   |            |
|    fps                  | 359        |
|    iterations           | 70         |
|    time_elapsed         | 398        |
|    total_timesteps      | 143360     |
| train/                  |            |
|    approx_kl            | 0.01399033 |
|    clip_fraction        | 0.158      |
|    clip_range           | 0.2        |
|    entropy_loss         | -16.1      |
|    explained_variance   | 0.969      |
|    learning_rate        | 0.0003     |
|    loss                 | 1.67       |
|    n_updates            | 690        |
|    policy_gradient_loss | -0.0165    |
|    std                  | 0.93       |
|    value_loss           | 3.54       |
----------------------------------------
-----------------------------------------
| rollout/                |             |
|    ep_len_mean          | 8.93e+03    |
|    ep_rew_mean          | -703        |
| time/                   |             |
|    fps                  | 359         |
|    iterations           | 71          |
|    time_elapsed         | 404         |
|    total_timesteps      | 145408      |
| train/                  |             |
|    approx_kl            | 0.018610992 |
|    clip_fraction        | 0.173       |
|    clip_range           | 0.2         |
|    entropy_loss         | -16.1       |
|    explained_variance   | 0.758       |
|    learning_rate        | 0.0003      |
|    loss                 | 3.91        |
|    n_updates            | 700         |
|    policy_gradient_loss | -0.0133     |
|    std                  | 0.927       |
|    value_loss           | 5.71        |
-----------------------------------------
-----------------------------------------
| rollout/                |             |
|    ep_len_mean          | 8.93e+03    |
|    ep_rew_mean          | -703        |
| time/                   |             |
|    fps                  | 359         |
|    iterations           | 72          |
|    time_elapsed         | 409         |
|    total_timesteps      | 147456      |
| train/                  |             |
|    approx_kl            | 0.032548763 |
|    clip_fraction        | 0.314       |
|    clip_range           | 0.2         |
|    entropy_loss         | -16.1       |
|    explained_variance   | 0.978       |
|    learning_rate        | 0.0003      |
|    loss                 | 0.325       |
|    n_updates            | 710         |
|    policy_gradient_loss | -0.0116     |
|    std                  | 0.929       |
|    value_loss           | 1.09        |
-----------------------------------------
----------------------------------------
| rollout/                |            |
|    ep_len_mean          | 8.93e+03   |
|    ep_rew_mean          | -703       |
| time/                   |            |
|    fps                  | 359        |
|    iterations           | 73         |
|    time_elapsed         | 415        |
|    total_timesteps      | 149504     |
| train/                  |            |
|    approx_kl            | 0.02196478 |
|    clip_fraction        | 0.232      |
|    clip_range           | 0.2        |
|    entropy_loss         | -16.1      |
|    explained_variance   | 0.924      |
|    learning_rate        | 0.0003     |
|    loss                 | 0.464      |
|    n_updates            | 720        |
|    policy_gradient_loss | -0.0142    |
|    std                  | 0.932      |
|    value_loss           | 1.44       |
----------------------------------------
---------------------------------------
| rollout/                |           |
|    ep_len_mean          | 8.93e+03  |
|    ep_rew_mean          | -703      |
| time/                   |           |
|    fps                  | 359       |
|    iterations           | 74        |
|    time_elapsed         | 421       |
|    total_timesteps      | 151552    |
| train/                  |           |
|    approx_kl            | 0.0183032 |
|    clip_fraction        | 0.213     |
|    clip_range           | 0.2       |
|    entropy_loss         | -16.1     |
|    explained_variance   | 0.971     |
|    learning_rate        | 0.0003    |
|    loss                 | 0.468     |
|    n_updates            | 730       |
|    policy_gradient_loss | -0.012    |
|    std                  | 0.929     |
|    value_loss           | 1.56      |
---------------------------------------
-----------------------------------------
| rollout/                |             |
|    ep_len_mean          | 8.93e+03    |
|    ep_rew_mean          | -703        |
| time/                   |             |
|    fps                  | 359         |
|    iterations           | 75          |
|    time_elapsed         | 426         |
|    total_timesteps      | 153600      |
| train/                  |             |
|    approx_kl            | 0.020452797 |
|    clip_fraction        | 0.187       |
|    clip_range           | 0.2         |
|    entropy_loss         | -16.1       |
|    explained_variance   | 0.979       |
|    learning_rate        | 0.0003      |
|    loss                 | 1.54        |
|    n_updates            | 740         |
|    policy_gradient_loss | -0.015      |
|    std                  | 0.93        |
|    value_loss           | 2.31        |
-----------------------------------------
-----------------------------------------
| rollout/                |             |
|    ep_len_mean          | 8.93e+03    |
|    ep_rew_mean          | -703        |
| time/                   |             |
|    fps                  | 359         |
|    iterations           | 76          |
|    time_elapsed         | 432         |
|    total_timesteps      | 155648      |
| train/                  |             |
|    approx_kl            | 0.011729209 |
|    clip_fraction        | 0.197       |
|    clip_range           | 0.2         |
|    entropy_loss         | -16.1       |
|    explained_variance   | 0.716       |
|    learning_rate        | 0.0003      |
|    loss                 | 3.67        |
|    n_updates            | 750         |
|    policy_gradient_loss | -0.00992    |
|    std                  | 0.928       |
|    value_loss           | 4.75        |
-----------------------------------------
-----------------------------------------
| rollout/                |             |
|    ep_len_mean          | 8.93e+03    |
|    ep_rew_mean          | -703        |
| time/                   |             |
|    fps                  | 360         |
|    iterations           | 77          |
|    time_elapsed         | 437         |
|    total_timesteps      | 157696      |
| train/                  |             |
|    approx_kl            | 0.024658866 |
|    clip_fraction        | 0.273       |
|    clip_range           | 0.2         |
|    entropy_loss         | -16.1       |
|    explained_variance   | 0.962       |
|    learning_rate        | 0.0003      |
|    loss                 | 0.394       |
|    n_updates            | 760         |
|    policy_gradient_loss | -0.0122     |
|    std                  | 0.93        |
|    value_loss           | 1.63        |
-----------------------------------------
----------------------------------------
| rollout/                |            |
|    ep_len_mean          | 8.93e+03   |
|    ep_rew_mean          | -703       |
| time/                   |            |
|    fps                  | 360        |
|    iterations           | 78         |
|    time_elapsed         | 443        |
|    total_timesteps      | 159744     |
| train/                  |            |
|    approx_kl            | 0.02253367 |
|    clip_fraction        | 0.253      |
|    clip_range           | 0.2        |
|    entropy_loss         | -16.1      |
|    explained_variance   | 0.974      |
|    learning_rate        | 0.0003     |
|    loss                 | 0.509      |
|    n_updates            | 770        |
|    policy_gradient_loss | -0.0117    |
|    std                  | 0.93       |
|    value_loss           | 1.58       |
----------------------------------------
-----------------------------------------
| rollout/                |             |
|    ep_len_mean          | 8.93e+03    |
|    ep_rew_mean          | -703        |
| time/                   |             |
|    fps                  | 360         |
|    iterations           | 79          |
|    time_elapsed         | 449         |
|    total_timesteps      | 161792      |
| train/                  |             |
|    approx_kl            | 0.016958322 |
|    clip_fraction        | 0.197       |
|    clip_range           | 0.2         |
|    entropy_loss         | -16.1       |
|    explained_variance   | 0.967       |
|    learning_rate        | 0.0003      |
|    loss                 | 0.927       |
|    n_updates            | 780         |
|    policy_gradient_loss | -0.0119     |
|    std                  | 0.928       |
|    value_loss           | 2.5         |
-----------------------------------------
-----------------------------------------
| rollout/                |             |
|    ep_len_mean          | 8.93e+03    |
|    ep_rew_mean          | -703        |
| time/                   |             |
|    fps                  | 360         |
|    iterations           | 80          |
|    time_elapsed         | 454         |
|    total_timesteps      | 163840      |
| train/                  |             |
|    approx_kl            | 0.015592914 |
|    clip_fraction        | 0.14        |
|    clip_range           | 0.2         |
|    entropy_loss         | -16.1       |
|    explained_variance   | 0.817       |
|    learning_rate        | 0.0003      |
|    loss                 | 1.52        |
|    n_updates            | 790         |
|    policy_gradient_loss | -0.00814    |
|    std                  | 0.927       |
|    value_loss           | 7.6         |
-----------------------------------------
-----------------------------------------
| rollout/                |             |
|    ep_len_mean          | 8.93e+03    |
|    ep_rew_mean          | -703        |
| time/                   |             |
|    fps                  | 360         |
|    iterations           | 81          |
|    time_elapsed         | 460         |
|    total_timesteps      | 165888      |
| train/                  |             |
|    approx_kl            | 0.016497167 |
|    clip_fraction        | 0.248       |
|    clip_range           | 0.2         |
|    entropy_loss         | -16.1       |
|    explained_variance   | 0.941       |
|    learning_rate        | 0.0003      |
|    loss                 | 0.538       |
|    n_updates            | 800         |
|    policy_gradient_loss | -0.0105     |
|    std                  | 0.923       |
|    value_loss           | 1.55        |
-----------------------------------------
-----------------------------------------
| rollout/                |             |
|    ep_len_mean          | 8.93e+03    |
|    ep_rew_mean          | -703        |
| time/                   |             |
|    fps                  | 360         |
|    iterations           | 82          |
|    time_elapsed         | 466         |
|    total_timesteps      | 167936      |
| train/                  |             |
|    approx_kl            | 0.020805847 |
|    clip_fraction        | 0.215       |
|    clip_range           | 0.2         |
|    entropy_loss         | -16         |
|    explained_variance   | 0.957       |
|    learning_rate        | 0.0003      |
|    loss                 | 1.61        |
|    n_updates            | 810         |
|    policy_gradient_loss | -0.0134     |
|    std                  | 0.923       |
|    value_loss           | 2.67        |
-----------------------------------------
-----------------------------------------
| rollout/                |             |
|    ep_len_mean          | 8.93e+03    |
|    ep_rew_mean          | -703        |
| time/                   |             |
|    fps                  | 360         |
|    iterations           | 83          |
|    time_elapsed         | 471         |
|    total_timesteps      | 169984      |
| train/                  |             |
|    approx_kl            | 0.026006188 |
|    clip_fraction        | 0.231       |
|    clip_range           | 0.2         |
|    entropy_loss         | -16         |
|    explained_variance   | 0.969       |
|    learning_rate        | 0.0003      |
|    loss                 | 0.335       |
|    n_updates            | 820         |
|    policy_gradient_loss | -0.0135     |
|    std                  | 0.922       |
|    value_loss           | 2.45        |
-----------------------------------------
----------------------------------------
| rollout/                |            |
|    ep_len_mean          | 8.93e+03   |
|    ep_rew_mean          | -703       |
| time/                   |            |
|    fps                  | 360        |
|    iterations           | 84         |
|    time_elapsed         | 477        |
|    total_timesteps      | 172032     |
| train/                  |            |
|    approx_kl            | 0.02387276 |
|    clip_fraction        | 0.173      |
|    clip_range           | 0.2        |
|    entropy_loss         | -16        |
|    explained_variance   | 0.752      |
|    learning_rate        | 0.0003     |
|    loss                 | 1.16       |
|    n_updates            | 830        |
|    policy_gradient_loss | -0.0063    |
|    std                  | 0.922      |
|    value_loss           | 6.69       |
----------------------------------------
----------------------------------------
| rollout/                |            |
|    ep_len_mean          | 8.93e+03   |
|    ep_rew_mean          | -703       |
| time/                   |            |
|    fps                  | 360        |
|    iterations           | 85         |
|    time_elapsed         | 482        |
|    total_timesteps      | 174080     |
| train/                  |            |
|    approx_kl            | 0.02475469 |
|    clip_fraction        | 0.322      |
|    clip_range           | 0.2        |
|    entropy_loss         | -16        |
|    explained_variance   | 0.967      |
|    learning_rate        | 0.0003     |
|    loss                 | 0.443      |
|    n_updates            | 840        |
|    policy_gradient_loss | -0.00976   |
|    std                  | 0.921      |
|    value_loss           | 1.09       |
----------------------------------------
-----------------------------------------
| rollout/                |             |
|    ep_len_mean          | 8.93e+03    |
|    ep_rew_mean          | -703        |
| time/                   |             |
|    fps                  | 360         |
|    iterations           | 86          |
|    time_elapsed         | 488         |
|    total_timesteps      | 176128      |
| train/                  |             |
|    approx_kl            | 0.025379451 |
|    clip_fraction        | 0.276       |
|    clip_range           | 0.2         |
|    entropy_loss         | -16         |
|    explained_variance   | 0.932       |
|    learning_rate        | 0.0003      |
|    loss                 | 0.349       |
|    n_updates            | 850         |
|    policy_gradient_loss | -0.0104     |
|    std                  | 0.922       |
|    value_loss           | 1.28        |
-----------------------------------------
-----------------------------------------
| rollout/                |             |
|    ep_len_mean          | 8.93e+03    |
|    ep_rew_mean          | -703        |
| time/                   |             |
|    fps                  | 360         |
|    iterations           | 87          |
|    time_elapsed         | 494         |
|    total_timesteps      | 178176      |
| train/                  |             |
|    approx_kl            | 0.022656273 |
|    clip_fraction        | 0.238       |
|    clip_range           | 0.2         |
|    entropy_loss         | -16         |
|    explained_variance   | 0.975       |
|    learning_rate        | 0.0003      |
|    loss                 | 0.496       |
|    n_updates            | 860         |
|    policy_gradient_loss | -0.0115     |
|    std                  | 0.918       |
|    value_loss           | 1.23        |
-----------------------------------------
-----------------------------------------
| rollout/                |             |
|    ep_len_mean          | 8.93e+03    |
|    ep_rew_mean          | -703        |
| time/                   |             |
|    fps                  | 360         |
|    iterations           | 88          |
|    time_elapsed         | 499         |
|    total_timesteps      | 180224      |
| train/                  |             |
|    approx_kl            | 0.018899111 |
|    clip_fraction        | 0.175       |
|    clip_range           | 0.2         |
|    entropy_loss         | -16         |
|    explained_variance   | 0.978       |
|    learning_rate        | 0.0003      |
|    loss                 | 0.432       |
|    n_updates            | 870         |
|    policy_gradient_loss | -0.0127     |
|    std                  | 0.92        |
|    value_loss           | 1.97        |
-----------------------------------------
-----------------------------------------
| rollout/                |             |
|    ep_len_mean          | 8.93e+03    |
|    ep_rew_mean          | -703        |
| time/                   |             |
|    fps                  | 360         |
|    iterations           | 89          |
|    time_elapsed         | 505         |
|    total_timesteps      | 182272      |
| train/                  |             |
|    approx_kl            | 0.012746728 |
|    clip_fraction        | 0.141       |
|    clip_range           | 0.2         |
|    entropy_loss         | -16         |
|    explained_variance   | 0.67        |
|    learning_rate        | 0.0003      |
|    loss                 | 0.859       |
|    n_updates            | 880         |
|    policy_gradient_loss | -0.00672    |
|    std                  | 0.92        |
|    value_loss           | 8.23        |
-----------------------------------------
-----------------------------------------
| rollout/                |             |
|    ep_len_mean          | 8.93e+03    |
|    ep_rew_mean          | -703        |
| time/                   |             |
|    fps                  | 360         |
|    iterations           | 90          |
|    time_elapsed         | 511         |
|    total_timesteps      | 184320      |
| train/                  |             |
|    approx_kl            | 0.024092946 |
|    clip_fraction        | 0.265       |
|    clip_range           | 0.2         |
|    entropy_loss         | -16         |
|    explained_variance   | 0.957       |
|    learning_rate        | 0.0003      |
|    loss                 | 0.444       |
|    n_updates            | 890         |
|    policy_gradient_loss | -0.00899    |
|    std                  | 0.92        |
|    value_loss           | 1.65        |
-----------------------------------------
-----------------------------------------
| rollout/                |             |
|    ep_len_mean          | 8.93e+03    |
|    ep_rew_mean          | -703        |
| time/                   |             |
|    fps                  | 360         |
|    iterations           | 91          |
|    time_elapsed         | 517         |
|    total_timesteps      | 186368      |
| train/                  |             |
|    approx_kl            | 0.018272102 |
|    clip_fraction        | 0.247       |
|    clip_range           | 0.2         |
|    entropy_loss         | -16         |
|    explained_variance   | 0.975       |
|    learning_rate        | 0.0003      |
|    loss                 | 0.616       |
|    n_updates            | 900         |
|    policy_gradient_loss | -0.0137     |
|    std                  | 0.92        |
|    value_loss           | 1.33        |
-----------------------------------------
-----------------------------------------
| rollout/                |             |
|    ep_len_mean          | 8.93e+03    |
|    ep_rew_mean          | -703        |
| time/                   |             |
|    fps                  | 360         |
|    iterations           | 92          |
|    time_elapsed         | 523         |
|    total_timesteps      | 188416      |
| train/                  |             |
|    approx_kl            | 0.021546092 |
|    clip_fraction        | 0.216       |
|    clip_range           | 0.2         |
|    entropy_loss         | -16         |
|    explained_variance   | 0.967       |
|    learning_rate        | 0.0003      |
|    loss                 | 0.409       |
|    n_updates            | 910         |
|    policy_gradient_loss | -0.015      |
|    std                  | 0.92        |
|    value_loss           | 1.95        |
-----------------------------------------
-----------------------------------------
| rollout/                |             |
|    ep_len_mean          | 8.93e+03    |
|    ep_rew_mean          | -703        |
| time/                   |             |
|    fps                  | 360         |
|    iterations           | 93          |
|    time_elapsed         | 528         |
|    total_timesteps      | 190464      |
| train/                  |             |
|    approx_kl            | 0.019995451 |
|    clip_fraction        | 0.18        |
|    clip_range           | 0.2         |
|    entropy_loss         | -16         |
|    explained_variance   | 0.797       |
|    learning_rate        | 0.0003      |
|    loss                 | 5.64        |
|    n_updates            | 920         |
|    policy_gradient_loss | -0.011      |
|    std                  | 0.92        |
|    value_loss           | 6.45        |
-----------------------------------------
-----------------------------------------
| rollout/                |             |
|    ep_len_mean          | 8.93e+03    |
|    ep_rew_mean          | -703        |
| time/                   |             |
|    fps                  | 360         |
|    iterations           | 94          |
|    time_elapsed         | 534         |
|    total_timesteps      | 192512      |
| train/                  |             |
|    approx_kl            | 0.019787198 |
|    clip_fraction        | 0.227       |
|    clip_range           | 0.2         |
|    entropy_loss         | -16         |
|    explained_variance   | 0.951       |
|    learning_rate        | 0.0003      |
|    loss                 | 0.482       |
|    n_updates            | 930         |
|    policy_gradient_loss | -0.0126     |
|    std                  | 0.923       |
|    value_loss           | 2.01        |
-----------------------------------------
-----------------------------------------
| rollout/                |             |
|    ep_len_mean          | 8.93e+03    |
|    ep_rew_mean          | -703        |
| time/                   |             |
|    fps                  | 360         |
|    iterations           | 95          |
|    time_elapsed         | 540         |
|    total_timesteps      | 194560      |
| train/                  |             |
|    approx_kl            | 0.019476838 |
|    clip_fraction        | 0.218       |
|    clip_range           | 0.2         |
|    entropy_loss         | -16         |
|    explained_variance   | 0.948       |
|    learning_rate        | 0.0003      |
|    loss                 | 0.799       |
|    n_updates            | 940         |
|    policy_gradient_loss | -0.0136     |
|    std                  | 0.923       |
|    value_loss           | 2.16        |
-----------------------------------------
-----------------------------------------
| rollout/                |             |
|    ep_len_mean          | 8.93e+03    |
|    ep_rew_mean          | -702        |
| time/                   |             |
|    fps                  | 360         |
|    iterations           | 96          |
|    time_elapsed         | 545         |
|    total_timesteps      | 196608      |
| train/                  |             |
|    approx_kl            | 0.012653659 |
|    clip_fraction        | 0.175       |
|    clip_range           | 0.2         |
|    entropy_loss         | -16         |
|    explained_variance   | 0.961       |
|    learning_rate        | 0.0003      |
|    loss                 | 0.803       |
|    n_updates            | 950         |
|    policy_gradient_loss | -0.011      |
|    std                  | 0.923       |
|    value_loss           | 2.37        |
-----------------------------------------
-----------------------------------------
| rollout/                |             |
|    ep_len_mean          | 8.93e+03    |
|    ep_rew_mean          | -702        |
| time/                   |             |
|    fps                  | 360         |
|    iterations           | 97          |
|    time_elapsed         | 551         |
|    total_timesteps      | 198656      |
| train/                  |             |
|    approx_kl            | 0.014297711 |
|    clip_fraction        | 0.146       |
|    clip_range           | 0.2         |
|    entropy_loss         | -16         |
|    explained_variance   | 0.851       |
|    learning_rate        | 0.0003      |
|    loss                 | 1.63        |
|    n_updates            | 960         |
|    policy_gradient_loss | -0.00972    |
|    std                  | 0.92        |
|    value_loss           | 7.97        |
-----------------------------------------
-----------------------------------------
| rollout/                |             |
|    ep_len_mean          | 8.93e+03    |
|    ep_rew_mean          | -702        |
| time/                   |             |
|    fps                  | 360         |
|    iterations           | 98          |
|    time_elapsed         | 556         |
|    total_timesteps      | 200704      |
| train/                  |             |
|    approx_kl            | 0.028115988 |
|    clip_fraction        | 0.329       |
|    clip_range           | 0.2         |
|    entropy_loss         | -16         |
|    explained_variance   | 0.973       |
|    learning_rate        | 0.0003      |
|    loss                 | 0.453       |
|    n_updates            | 970         |
|    policy_gradient_loss | -0.00557    |
|    std                  | 0.917       |
|    value_loss           | 1.16        |
-----------------------------------------
-----------------------------------------
| rollout/                |             |
|    ep_len_mean          | 8.93e+03    |
|    ep_rew_mean          | -702        |
| time/                   |             |
|    fps                  | 360         |
|    iterations           | 99          |
|    time_elapsed         | 562         |
|    total_timesteps      | 202752      |
| train/                  |             |
|    approx_kl            | 0.030158693 |
|    clip_fraction        | 0.281       |
|    clip_range           | 0.2         |
|    entropy_loss         | -16         |
|    explained_variance   | 0.953       |
|    learning_rate        | 0.0003      |
|    loss                 | 0.472       |
|    n_updates            | 980         |
|    policy_gradient_loss | -0.0147     |
|    std                  | 0.916       |
|    value_loss           | 1.25        |
-----------------------------------------
----------------------------------------
| rollout/                |            |
|    ep_len_mean          | 8.93e+03   |
|    ep_rew_mean          | -702       |
| time/                   |            |
|    fps                  | 360        |
|    iterations           | 100        |
|    time_elapsed         | 568        |
|    total_timesteps      | 204800     |
| train/                  |            |
|    approx_kl            | 0.02543687 |
|    clip_fraction        | 0.294      |
|    clip_range           | 0.2        |
|    entropy_loss         | -15.9      |
|    explained_variance   | 0.979      |
|    learning_rate        | 0.0003     |
|    loss                 | 0.256      |
|    n_updates            | 990        |
|    policy_gradient_loss | -0.0117    |
|    std                  | 0.914      |
|    value_loss           | 1.19       |
----------------------------------------
-----------------------------------------
| rollout/                |             |
|    ep_len_mean          | 8.93e+03    |
|    ep_rew_mean          | -701        |
| time/                   |             |
|    fps                  | 360         |
|    iterations           | 101         |
|    time_elapsed         | 573         |
|    total_timesteps      | 206848      |
| train/                  |             |
|    approx_kl            | 0.022322262 |
|    clip_fraction        | 0.252       |
|    clip_range           | 0.2         |
|    entropy_loss         | -15.9       |
|    explained_variance   | 0.968       |
|    learning_rate        | 0.0003      |
|    loss                 | 0.543       |
|    n_updates            | 1000        |
|    policy_gradient_loss | -0.0157     |
|    std                  | 0.914       |
|    value_loss           | 1.62        |
-----------------------------------------
-----------------------------------------
| rollout/                |             |
|    ep_len_mean          | 8.93e+03    |
|    ep_rew_mean          | -701        |
| time/                   |             |
|    fps                  | 360         |
|    iterations           | 102         |
|    time_elapsed         | 579         |
|    total_timesteps      | 208896      |
| train/                  |             |
|    approx_kl            | 0.020953562 |
|    clip_fraction        | 0.195       |
|    clip_range           | 0.2         |
|    entropy_loss         | -15.9       |
|    explained_variance   | 0.763       |
|    learning_rate        | 0.0003      |
|    loss                 | 2.53        |
|    n_updates            | 1010        |
|    policy_gradient_loss | -0.00853    |
|    std                  | 0.912       |
|    value_loss           | 7.12        |
-----------------------------------------
----------------------------------------
| rollout/                |            |
|    ep_len_mean          | 8.93e+03   |
|    ep_rew_mean          | -701       |
| time/                   |            |
|    fps                  | 360        |
|    iterations           | 103        |
|    time_elapsed         | 585        |
|    total_timesteps      | 210944     |
| train/                  |            |
|    approx_kl            | 0.03302835 |
|    clip_fraction        | 0.301      |
|    clip_range           | 0.2        |
|    entropy_loss         | -15.9      |
|    explained_variance   | 0.96       |
|    learning_rate        | 0.0003     |
|    loss                 | 0.408      |
|    n_updates            | 1020       |
|    policy_gradient_loss | -0.015     |
|    std                  | 0.908      |
|    value_loss           | 1.45       |
----------------------------------------
-----------------------------------------
| rollout/                |             |
|    ep_len_mean          | 8.93e+03    |
|    ep_rew_mean          | -701        |
| time/                   |             |
|    fps                  | 360         |
|    iterations           | 104         |
|    time_elapsed         | 590         |
|    total_timesteps      | 212992      |
| train/                  |             |
|    approx_kl            | 0.021246288 |
|    clip_fraction        | 0.257       |
|    clip_range           | 0.2         |
|    entropy_loss         | -15.9       |
|    explained_variance   | 0.974       |
|    learning_rate        | 0.0003      |
|    loss                 | 0.597       |
|    n_updates            | 1030        |
|    policy_gradient_loss | -0.0145     |
|    std                  | 0.911       |
|    value_loss           | 1.56        |
-----------------------------------------
-----------------------------------------
| rollout/                |             |
|    ep_len_mean          | 8.93e+03    |
|    ep_rew_mean          | -701        |
| time/                   |             |
|    fps                  | 360         |
|    iterations           | 105         |
|    time_elapsed         | 596         |
|    total_timesteps      | 215040      |
| train/                  |             |
|    approx_kl            | 0.019445373 |
|    clip_fraction        | 0.218       |
|    clip_range           | 0.2         |
|    entropy_loss         | -15.9       |
|    explained_variance   | 0.971       |
|    learning_rate        | 0.0003      |
|    loss                 | 0.606       |
|    n_updates            | 1040        |
|    policy_gradient_loss | -0.0124     |
|    std                  | 0.912       |
|    value_loss           | 1.94        |
-----------------------------------------
----------------------------------------
| rollout/                |            |
|    ep_len_mean          | 8.93e+03   |
|    ep_rew_mean          | -701       |
| time/                   |            |
|    fps                  | 360        |
|    iterations           | 106        |
|    time_elapsed         | 602        |
|    total_timesteps      | 217088     |
| train/                  |            |
|    approx_kl            | 0.01907465 |
|    clip_fraction        | 0.18       |
|    clip_range           | 0.2        |
|    entropy_loss         | -15.9      |
|    explained_variance   | 0.74       |
|    learning_rate        | 0.0003     |
|    loss                 | 2.45       |
|    n_updates            | 1050       |
|    policy_gradient_loss | -0.0103    |
|    std                  | 0.91       |
|    value_loss           | 8.58       |
----------------------------------------
-----------------------------------------
| rollout/                |             |
|    ep_len_mean          | 8.93e+03    |
|    ep_rew_mean          | -701        |
| time/                   |             |
|    fps                  | 360         |
|    iterations           | 107         |
|    time_elapsed         | 607         |
|    total_timesteps      | 219136      |
| train/                  |             |
|    approx_kl            | 0.026296645 |
|    clip_fraction        | 0.273       |
|    clip_range           | 0.2         |
|    entropy_loss         | -15.9       |
|    explained_variance   | 0.978       |
|    learning_rate        | 0.0003      |
|    loss                 | 0.462       |
|    n_updates            | 1060        |
|    policy_gradient_loss | -0.00778    |
|    std                  | 0.91        |
|    value_loss           | 1.63        |
-----------------------------------------
-----------------------------------------
| rollout/                |             |
|    ep_len_mean          | 8.93e+03    |
|    ep_rew_mean          | -701        |
| time/                   |             |
|    fps                  | 360         |
|    iterations           | 108         |
|    time_elapsed         | 613         |
|    total_timesteps      | 221184      |
| train/                  |             |
|    approx_kl            | 0.020708334 |
|    clip_fraction        | 0.186       |
|    clip_range           | 0.2         |
|    entropy_loss         | -15.9       |
|    explained_variance   | 0.959       |
|    learning_rate        | 0.0003      |
|    loss                 | 1.73        |
|    n_updates            | 1070        |
|    policy_gradient_loss | -0.0139     |
|    std                  | 0.911       |
|    value_loss           | 2.54        |
-----------------------------------------
-----------------------------------------
| rollout/                |             |
|    ep_len_mean          | 8.93e+03    |
|    ep_rew_mean          | -700        |
| time/                   |             |
|    fps                  | 360         |
|    iterations           | 109         |
|    time_elapsed         | 619         |
|    total_timesteps      | 223232      |
| train/                  |             |
|    approx_kl            | 0.021530457 |
|    clip_fraction        | 0.198       |
|    clip_range           | 0.2         |
|    entropy_loss         | -15.9       |
|    explained_variance   | 0.975       |
|    learning_rate        | 0.0003      |
|    loss                 | 0.574       |
|    n_updates            | 1080        |
|    policy_gradient_loss | -0.0142     |
|    std                  | 0.906       |
|    value_loss           | 2.2         |
-----------------------------------------
------------------------------------------
| rollout/                |              |
|    ep_len_mean          | 8.93e+03     |
|    ep_rew_mean          | -700         |
| time/                   |              |
|    fps                  | 360          |
|    iterations           | 110          |
|    time_elapsed         | 625          |
|    total_timesteps      | 225280       |
| train/                  |              |
|    approx_kl            | 0.0097216945 |
|    clip_fraction        | 0.143        |
|    clip_range           | 0.2          |
|    entropy_loss         | -15.8        |
|    explained_variance   | 0.865        |
|    learning_rate        | 0.0003       |
|    loss                 | 2.36         |
|    n_updates            | 1090         |
|    policy_gradient_loss | -0.0069      |
|    std                  | 0.904        |
|    value_loss           | 8.28         |
------------------------------------------
-----------------------------------------
| rollout/                |             |
|    ep_len_mean          | 8.93e+03    |
|    ep_rew_mean          | -700        |
| time/                   |             |
|    fps                  | 360         |
|    iterations           | 111         |
|    time_elapsed         | 630         |
|    total_timesteps      | 227328      |
| train/                  |             |
|    approx_kl            | 0.027342252 |
|    clip_fraction        | 0.327       |
|    clip_range           | 0.2         |
|    entropy_loss         | -15.8       |
|    explained_variance   | 0.965       |
|    learning_rate        | 0.0003      |
|    loss                 | 0.527       |
|    n_updates            | 1100        |
|    policy_gradient_loss | -0.01       |
|    std                  | 0.899       |
|    value_loss           | 1.34        |
-----------------------------------------
----------------------------------------
| rollout/                |            |
|    ep_len_mean          | 8.93e+03   |
|    ep_rew_mean          | -700       |
| time/                   |            |
|    fps                  | 360        |
|    iterations           | 112        |
|    time_elapsed         | 636        |
|    total_timesteps      | 229376     |
| train/                  |            |
|    approx_kl            | 0.03198666 |
|    clip_fraction        | 0.276      |
|    clip_range           | 0.2        |
|    entropy_loss         | -15.7      |
|    explained_variance   | 0.948      |
|    learning_rate        | 0.0003     |
|    loss                 | 0.548      |
|    n_updates            | 1110       |
|    policy_gradient_loss | -0.0139    |
|    std                  | 0.896      |
|    value_loss           | 1.63       |
----------------------------------------
-----------------------------------------
| rollout/                |             |
|    ep_len_mean          | 8.93e+03    |
|    ep_rew_mean          | -700        |
| time/                   |             |
|    fps                  | 360         |
|    iterations           | 113         |
|    time_elapsed         | 642         |
|    total_timesteps      | 231424      |
| train/                  |             |
|    approx_kl            | 0.020951238 |
|    clip_fraction        | 0.24        |
|    clip_range           | 0.2         |
|    entropy_loss         | -15.7       |
|    explained_variance   | 0.977       |
|    learning_rate        | 0.0003      |
|    loss                 | 0.39        |
|    n_updates            | 1120        |
|    policy_gradient_loss | -0.0143     |
|    std                  | 0.897       |
|    value_loss           | 1.57        |
-----------------------------------------
-----------------------------------------
| rollout/                |             |
|    ep_len_mean          | 8.93e+03    |
|    ep_rew_mean          | -700        |
| time/                   |             |
|    fps                  | 360         |
|    iterations           | 114         |
|    time_elapsed         | 648         |
|    total_timesteps      | 233472      |
| train/                  |             |
|    approx_kl            | 0.014176978 |
|    clip_fraction        | 0.17        |
|    clip_range           | 0.2         |
|    entropy_loss         | -15.7       |
|    explained_variance   | 0.957       |
|    learning_rate        | 0.0003      |
|    loss                 | 0.886       |
|    n_updates            | 1130        |
|    policy_gradient_loss | -0.0125     |
|    std                  | 0.9         |
|    value_loss           | 2.67        |
-----------------------------------------
-----------------------------------------
| rollout/                |             |
|    ep_len_mean          | 8.93e+03    |
|    ep_rew_mean          | -700        |
| time/                   |             |
|    fps                  | 359         |
|    iterations           | 115         |
|    time_elapsed         | 654         |
|    total_timesteps      | 235520      |
| train/                  |             |
|    approx_kl            | 0.013696825 |
|    clip_fraction        | 0.13        |
|    clip_range           | 0.2         |
|    entropy_loss         | -15.7       |
|    explained_variance   | 0.874       |
|    learning_rate        | 0.0003      |
|    loss                 | 2.59        |
|    n_updates            | 1140        |
|    policy_gradient_loss | -0.00937    |
|    std                  | 0.9         |
|    value_loss           | 7.07        |
-----------------------------------------
----------------------------------------
| rollout/                |            |
|    ep_len_mean          | 8.93e+03   |
|    ep_rew_mean          | -700       |
| time/                   |            |
|    fps                  | 359        |
|    iterations           | 116        |
|    time_elapsed         | 660        |
|    total_timesteps      | 237568     |
| train/                  |            |
|    approx_kl            | 0.02764145 |
|    clip_fraction        | 0.296      |
|    clip_range           | 0.2        |
|    entropy_loss         | -15.7      |
|    explained_variance   | 0.958      |
|    learning_rate        | 0.0003     |
|    loss                 | 0.456      |
|    n_updates            | 1150       |
|    policy_gradient_loss | -0.00584   |
|    std                  | 0.899      |
|    value_loss           | 1.82       |
----------------------------------------
----------------------------------------
| rollout/                |            |
|    ep_len_mean          | 8.93e+03   |
|    ep_rew_mean          | -700       |
| time/                   |            |
|    fps                  | 359        |
|    iterations           | 117        |
|    time_elapsed         | 665        |
|    total_timesteps      | 239616     |
| train/                  |            |
|    approx_kl            | 0.01856774 |
|    clip_fraction        | 0.22       |
|    clip_range           | 0.2        |
|    entropy_loss         | -15.7      |
|    explained_variance   | 0.969      |
|    learning_rate        | 0.0003     |
|    loss                 | 0.946      |
|    n_updates            | 1160       |
|    policy_gradient_loss | -0.0169    |
|    std                  | 0.897      |
|    value_loss           | 2.32       |
----------------------------------------
-----------------------------------------
| rollout/                |             |
|    ep_len_mean          | 8.93e+03    |
|    ep_rew_mean          | -700        |
| time/                   |             |
|    fps                  | 359         |
|    iterations           | 118         |
|    time_elapsed         | 671         |
|    total_timesteps      | 241664      |
| train/                  |             |
|    approx_kl            | 0.017402183 |
|    clip_fraction        | 0.206       |
|    clip_range           | 0.2         |
|    entropy_loss         | -15.7       |
|    explained_variance   | 0.974       |
|    learning_rate        | 0.0003      |
|    loss                 | 1.49        |
|    n_updates            | 1170        |
|    policy_gradient_loss | -0.0166     |
|    std                  | 0.896       |
|    value_loss           | 3.09        |
-----------------------------------------
-----------------------------------------
| rollout/                |             |
|    ep_len_mean          | 8.93e+03    |
|    ep_rew_mean          | -700        |
| time/                   |             |
|    fps                  | 359         |
|    iterations           | 119         |
|    time_elapsed         | 677         |
|    total_timesteps      | 243712      |
| train/                  |             |
|    approx_kl            | 0.016101781 |
|    clip_fraction        | 0.144       |
|    clip_range           | 0.2         |
|    entropy_loss         | -15.7       |
|    explained_variance   | 0.751       |
|    learning_rate        | 0.0003      |
|    loss                 | 1.71        |
|    n_updates            | 1180        |
|    policy_gradient_loss | -0.00909    |
|    std                  | 0.893       |
|    value_loss           | 10.8        |
-----------------------------------------
-----------------------------------------
| rollout/                |             |
|    ep_len_mean          | 8.93e+03    |
|    ep_rew_mean          | -700        |
| time/                   |             |
|    fps                  | 359         |
|    iterations           | 120         |
|    time_elapsed         | 682         |
|    total_timesteps      | 245760      |
| train/                  |             |
|    approx_kl            | 0.029720446 |
|    clip_fraction        | 0.298       |
|    clip_range           | 0.2         |
|    entropy_loss         | -15.6       |
|    explained_variance   | 0.987       |
|    learning_rate        | 0.0003      |
|    loss                 | 0.311       |
|    n_updates            | 1190        |
|    policy_gradient_loss | -0.00355    |
|    std                  | 0.893       |
|    value_loss           | 1.59        |
-----------------------------------------
-----------------------------------------
| rollout/                |             |
|    ep_len_mean          | 8.93e+03    |
|    ep_rew_mean          | -700        |
| time/                   |             |
|    fps                  | 359         |
|    iterations           | 121         |
|    time_elapsed         | 688         |
|    total_timesteps      | 247808      |
| train/                  |             |
|    approx_kl            | 0.021564703 |
|    clip_fraction        | 0.229       |
|    clip_range           | 0.2         |
|    entropy_loss         | -15.7       |
|    explained_variance   | 0.942       |
|    learning_rate        | 0.0003      |
|    loss                 | 0.775       |
|    n_updates            | 1200        |
|    policy_gradient_loss | -0.0142     |
|    std                  | 0.897       |
|    value_loss           | 2.38        |
-----------------------------------------
-----------------------------------------
| rollout/                |             |
|    ep_len_mean          | 8.93e+03    |
|    ep_rew_mean          | -700        |
| time/                   |             |
|    fps                  | 359         |
|    iterations           | 122         |
|    time_elapsed         | 694         |
|    total_timesteps      | 249856      |
| train/                  |             |
|    approx_kl            | 0.017721724 |
|    clip_fraction        | 0.228       |
|    clip_range           | 0.2         |
|    entropy_loss         | -15.7       |
|    explained_variance   | 0.978       |
|    learning_rate        | 0.0003      |
|    loss                 | 0.502       |
|    n_updates            | 1210        |
|    policy_gradient_loss | -0.0154     |
|    std                  | 0.899       |
|    value_loss           | 2.2         |
-----------------------------------------
-----------------------------------------
| rollout/                |             |
|    ep_len_mean          | 8.93e+03    |
|    ep_rew_mean          | -700        |
| time/                   |             |
|    fps                  | 359         |
|    iterations           | 123         |
|    time_elapsed         | 699         |
|    total_timesteps      | 251904      |
| train/                  |             |
|    approx_kl            | 0.021280073 |
|    clip_fraction        | 0.234       |
|    clip_range           | 0.2         |
|    entropy_loss         | -15.7       |
|    explained_variance   | 0.976       |
|    learning_rate        | 0.0003      |
|    loss                 | 1.16        |
|    n_updates            | 1220        |
|    policy_gradient_loss | -0.0149     |
|    std                  | 0.897       |
|    value_loss           | 2.68        |
-----------------------------------------
-----------------------------------------
| rollout/                |             |
|    ep_len_mean          | 8.93e+03    |
|    ep_rew_mean          | -700        |
| time/                   |             |
|    fps                  | 359         |
|    iterations           | 124         |
|    time_elapsed         | 705         |
|    total_timesteps      | 253952      |
| train/                  |             |
|    approx_kl            | 0.014726834 |
|    clip_fraction        | 0.204       |
|    clip_range           | 0.2         |
|    entropy_loss         | -15.7       |
|    explained_variance   | 0.731       |
|    learning_rate        | 0.0003      |
|    loss                 | 1.03        |
|    n_updates            | 1230        |
|    policy_gradient_loss | -0.00654    |
|    std                  | 0.897       |
|    value_loss           | 6.15        |
-----------------------------------------
-----------------------------------------
| rollout/                |             |
|    ep_len_mean          | 8.93e+03    |
|    ep_rew_mean          | -700        |
| time/                   |             |
|    fps                  | 360         |
|    iterations           | 125         |
|    time_elapsed         | 711         |
|    total_timesteps      | 256000      |
| train/                  |             |
|    approx_kl            | 0.024771973 |
|    clip_fraction        | 0.306       |
|    clip_range           | 0.2         |
|    entropy_loss         | -15.7       |
|    explained_variance   | 0.963       |
|    learning_rate        | 0.0003      |
|    loss                 | 0.584       |
|    n_updates            | 1240        |
|    policy_gradient_loss | -0.00776    |
|    std                  | 0.896       |
|    value_loss           | 1.84        |
-----------------------------------------
-----------------------------------------
| rollout/                |             |
|    ep_len_mean          | 8.93e+03    |
|    ep_rew_mean          | -700        |
| time/                   |             |
|    fps                  | 360         |
|    iterations           | 126         |
|    time_elapsed         | 716         |
|    total_timesteps      | 258048      |
| train/                  |             |
|    approx_kl            | 0.027298154 |
|    clip_fraction        | 0.275       |
|    clip_range           | 0.2         |
|    entropy_loss         | -15.7       |
|    explained_variance   | 0.983       |
|    learning_rate        | 0.0003      |
|    loss                 | 0.612       |
|    n_updates            | 1250        |
|    policy_gradient_loss | -0.0154     |
|    std                  | 0.896       |
|    value_loss           | 1.57        |
-----------------------------------------
-----------------------------------------
| rollout/                |             |
|    ep_len_mean          | 8.93e+03    |
|    ep_rew_mean          | -700        |
| time/                   |             |
|    fps                  | 360         |
|    iterations           | 127         |
|    time_elapsed         | 722         |
|    total_timesteps      | 260096      |
| train/                  |             |
|    approx_kl            | 0.022271594 |
|    clip_fraction        | 0.25        |
|    clip_range           | 0.2         |
|    entropy_loss         | -15.7       |
|    explained_variance   | 0.957       |
|    learning_rate        | 0.0003      |
|    loss                 | 0.864       |
|    n_updates            | 1260        |
|    policy_gradient_loss | -0.014      |
|    std                  | 0.893       |
|    value_loss           | 2.87        |
-----------------------------------------
----------------------------------------
| rollout/                |            |
|    ep_len_mean          | 8.93e+03   |
|    ep_rew_mean          | -700       |
| time/                   |            |
|    fps                  | 360        |
|    iterations           | 128        |
|    time_elapsed         | 728        |
|    total_timesteps      | 262144     |
| train/                  |            |
|    approx_kl            | 0.02183438 |
|    clip_fraction        | 0.183      |
|    clip_range           | 0.2        |
|    entropy_loss         | -15.6      |
|    explained_variance   | 0.817      |
|    learning_rate        | 0.0003     |
|    loss                 | 0.961      |
|    n_updates            | 1270       |
|    policy_gradient_loss | -0.00856   |
|    std                  | 0.893      |
|    value_loss           | 9.42       |
----------------------------------------
----------------------------------------
| rollout/                |            |
|    ep_len_mean          | 8.93e+03   |
|    ep_rew_mean          | -700       |
| time/                   |            |
|    fps                  | 360        |
|    iterations           | 129        |
|    time_elapsed         | 733        |
|    total_timesteps      | 264192     |
| train/                  |            |
|    approx_kl            | 0.02467592 |
|    clip_fraction        | 0.286      |
|    clip_range           | 0.2        |
|    entropy_loss         | -15.6      |
|    explained_variance   | 0.948      |
|    learning_rate        | 0.0003     |
|    loss                 | 0.812      |
|    n_updates            | 1280       |
|    policy_gradient_loss | -0.0162    |
|    std                  | 0.893      |
|    value_loss           | 2.09       |
----------------------------------------
-----------------------------------------
| rollout/                |             |
|    ep_len_mean          | 8.93e+03    |
|    ep_rew_mean          | -700        |
| time/                   |             |
|    fps                  | 360         |
|    iterations           | 130         |
|    time_elapsed         | 739         |
|    total_timesteps      | 266240      |
| train/                  |             |
|    approx_kl            | 0.017705737 |
|    clip_fraction        | 0.225       |
|    clip_range           | 0.2         |
|    entropy_loss         | -15.7       |
|    explained_variance   | 0.963       |
|    learning_rate        | 0.0003      |
|    loss                 | 0.963       |
|    n_updates            | 1290        |
|    policy_gradient_loss | -0.0169     |
|    std                  | 0.894       |
|    value_loss           | 2.83        |
-----------------------------------------
-----------------------------------------
| rollout/                |             |
|    ep_len_mean          | 8.93e+03    |
|    ep_rew_mean          | -700        |
| time/                   |             |
|    fps                  | 360         |
|    iterations           | 131         |
|    time_elapsed         | 744         |
|    total_timesteps      | 268288      |
| train/                  |             |
|    approx_kl            | 0.015964234 |
|    clip_fraction        | 0.175       |
|    clip_range           | 0.2         |
|    entropy_loss         | -15.6       |
|    explained_variance   | 0.975       |
|    learning_rate        | 0.0003      |
|    loss                 | 1.79        |
|    n_updates            | 1300        |
|    policy_gradient_loss | -0.0121     |
|    std                  | 0.893       |
|    value_loss           | 3.11        |
-----------------------------------------
-----------------------------------------
| rollout/                |             |
|    ep_len_mean          | 8.93e+03    |
|    ep_rew_mean          | -700        |
| time/                   |             |
|    fps                  | 360         |
|    iterations           | 132         |
|    time_elapsed         | 750         |
|    total_timesteps      | 270336      |
| train/                  |             |
|    approx_kl            | 0.014906624 |
|    clip_fraction        | 0.154       |
|    clip_range           | 0.2         |
|    entropy_loss         | -15.6       |
|    explained_variance   | 0.722       |
|    learning_rate        | 0.0003      |
|    loss                 | 3.26        |
|    n_updates            | 1310        |
|    policy_gradient_loss | -0.00906    |
|    std                  | 0.893       |
|    value_loss           | 7.77        |
-----------------------------------------
-----------------------------------------
| rollout/                |             |
|    ep_len_mean          | 8.93e+03    |
|    ep_rew_mean          | -700        |
| time/                   |             |
|    fps                  | 360         |
|    iterations           | 133         |
|    time_elapsed         | 756         |
|    total_timesteps      | 272384      |
| train/                  |             |
|    approx_kl            | 0.028129386 |
|    clip_fraction        | 0.326       |
|    clip_range           | 0.2         |
|    entropy_loss         | -15.6       |
|    explained_variance   | 0.971       |
|    learning_rate        | 0.0003      |
|    loss                 | 0.517       |
|    n_updates            | 1320        |
|    policy_gradient_loss | -0.0102     |
|    std                  | 0.889       |
|    value_loss           | 1.69        |
-----------------------------------------
----------------------------------------
| rollout/                |            |
|    ep_len_mean          | 8.93e+03   |
|    ep_rew_mean          | -700       |
| time/                   |            |
|    fps                  | 360        |
|    iterations           | 134        |
|    time_elapsed         | 761        |
|    total_timesteps      | 274432     |
| train/                  |            |
|    approx_kl            | 0.01841148 |
|    clip_fraction        | 0.246      |
|    clip_range           | 0.2        |
|    entropy_loss         | -15.6      |
|    explained_variance   | 0.928      |
|    learning_rate        | 0.0003     |
|    loss                 | 0.869      |
|    n_updates            | 1330       |
|    policy_gradient_loss | -0.0153    |
|    std                  | 0.889      |
|    value_loss           | 2.36       |
----------------------------------------
-----------------------------------------
| rollout/                |             |
|    ep_len_mean          | 8.93e+03    |
|    ep_rew_mean          | -700        |
| time/                   |             |
|    fps                  | 360         |
|    iterations           | 135         |
|    time_elapsed         | 767         |
|    total_timesteps      | 276480      |
| train/                  |             |
|    approx_kl            | 0.019392543 |
|    clip_fraction        | 0.219       |
|    clip_range           | 0.2         |
|    entropy_loss         | -15.6       |
|    explained_variance   | 0.972       |
|    learning_rate        | 0.0003      |
|    loss                 | 0.813       |
|    n_updates            | 1340        |
|    policy_gradient_loss | -0.014      |
|    std                  | 0.887       |
|    value_loss           | 2.53        |
-----------------------------------------
-----------------------------------------
| rollout/                |             |
|    ep_len_mean          | 8.93e+03    |
|    ep_rew_mean          | -699        |
| time/                   |             |
|    fps                  | 360         |
|    iterations           | 136         |
|    time_elapsed         | 773         |
|    total_timesteps      | 278528      |
| train/                  |             |
|    approx_kl            | 0.017727628 |
|    clip_fraction        | 0.221       |
|    clip_range           | 0.2         |
|    entropy_loss         | -15.6       |
|    explained_variance   | 0.963       |
|    learning_rate        | 0.0003      |
|    loss                 | 1.05        |
|    n_updates            | 1350        |
|    policy_gradient_loss | -0.0148     |
|    std                  | 0.886       |
|    value_loss           | 3.08        |
-----------------------------------------
-----------------------------------------
| rollout/                |             |
|    ep_len_mean          | 8.93e+03    |
|    ep_rew_mean          | -699        |
| time/                   |             |
|    fps                  | 360         |
|    iterations           | 137         |
|    time_elapsed         | 779         |
|    total_timesteps      | 280576      |
| train/                  |             |
|    approx_kl            | 0.020103415 |
|    clip_fraction        | 0.26        |
|    clip_range           | 0.2         |
|    entropy_loss         | -15.5       |
|    explained_variance   | 0.807       |
|    learning_rate        | 0.0003      |
|    loss                 | 1.29        |
|    n_updates            | 1360        |
|    policy_gradient_loss | -0.00777    |
|    std                  | 0.887       |
|    value_loss           | 4.82        |
-----------------------------------------
-----------------------------------------
| rollout/                |             |
|    ep_len_mean          | 8.93e+03    |
|    ep_rew_mean          | -699        |
| time/                   |             |
|    fps                  | 360         |
|    iterations           | 138         |
|    time_elapsed         | 784         |
|    total_timesteps      | 282624      |
| train/                  |             |
|    approx_kl            | 0.028101109 |
|    clip_fraction        | 0.273       |
|    clip_range           | 0.2         |
|    entropy_loss         | -15.6       |
|    explained_variance   | 0.959       |
|    learning_rate        | 0.0003      |
|    loss                 | 0.888       |
|    n_updates            | 1370        |
|    policy_gradient_loss | -0.0131     |
|    std                  | 0.886       |
|    value_loss           | 2.08        |
-----------------------------------------
-----------------------------------------
| rollout/                |             |
|    ep_len_mean          | 8.93e+03    |
|    ep_rew_mean          | -699        |
| time/                   |             |
|    fps                  | 360         |
|    iterations           | 139         |
|    time_elapsed         | 790         |
|    total_timesteps      | 284672      |
| train/                  |             |
|    approx_kl            | 0.028846279 |
|    clip_fraction        | 0.295       |
|    clip_range           | 0.2         |
|    entropy_loss         | -15.6       |
|    explained_variance   | 0.98        |
|    learning_rate        | 0.0003      |
|    loss                 | 0.589       |
|    n_updates            | 1380        |
|    policy_gradient_loss | -0.0147     |
|    std                  | 0.889       |
|    value_loss           | 1.76        |
-----------------------------------------
----------------------------------------
| rollout/                |            |
|    ep_len_mean          | 8.93e+03   |
|    ep_rew_mean          | -699       |
| time/                   |            |
|    fps                  | 360        |
|    iterations           | 140        |
|    time_elapsed         | 796        |
|    total_timesteps      | 286720     |
| train/                  |            |
|    approx_kl            | 0.02415686 |
|    clip_fraction        | 0.238      |
|    clip_range           | 0.2        |
|    entropy_loss         | -15.6      |
|    explained_variance   | 0.96       |
|    learning_rate        | 0.0003     |
|    loss                 | 1.11       |
|    n_updates            | 1390       |
|    policy_gradient_loss | -0.0142    |
|    std                  | 0.888      |
|    value_loss           | 2.9        |
----------------------------------------
-----------------------------------------
| rollout/                |             |
|    ep_len_mean          | 8.93e+03    |
|    ep_rew_mean          | -699        |
| time/                   |             |
|    fps                  | 360         |
|    iterations           | 141         |
|    time_elapsed         | 801         |
|    total_timesteps      | 288768      |
| train/                  |             |
|    approx_kl            | 0.024921216 |
|    clip_fraction        | 0.182       |
|    clip_range           | 0.2         |
|    entropy_loss         | -15.6       |
|    explained_variance   | 0.809       |
|    learning_rate        | 0.0003      |
|    loss                 | 4.3         |
|    n_updates            | 1400        |
|    policy_gradient_loss | -0.00647    |
|    std                  | 0.889       |
|    value_loss           | 7.89        |
-----------------------------------------
----------------------------------------
| rollout/                |            |
|    ep_len_mean          | 8.93e+03   |
|    ep_rew_mean          | -699       |
| time/                   |            |
|    fps                  | 360        |
|    iterations           | 142        |
|    time_elapsed         | 807        |
|    total_timesteps      | 290816     |
| train/                  |            |
|    approx_kl            | 0.03163185 |
|    clip_fraction        | 0.293      |
|    clip_range           | 0.2        |
|    entropy_loss         | -15.6      |
|    explained_variance   | 0.952      |
|    learning_rate        | 0.0003     |
|    loss                 | 0.696      |
|    n_updates            | 1410       |
|    policy_gradient_loss | -0.0105    |
|    std                  | 0.89       |
|    value_loss           | 1.87       |
----------------------------------------
-----------------------------------------
| rollout/                |             |
|    ep_len_mean          | 8.93e+03    |
|    ep_rew_mean          | -699        |
| time/                   |             |
|    fps                  | 360         |
|    iterations           | 143         |
|    time_elapsed         | 813         |
|    total_timesteps      | 292864      |
| train/                  |             |
|    approx_kl            | 0.016632676 |
|    clip_fraction        | 0.23        |
|    clip_range           | 0.2         |
|    entropy_loss         | -15.6       |
|    explained_variance   | 0.951       |
|    learning_rate        | 0.0003      |
|    loss                 | 1.48        |
|    n_updates            | 1420        |
|    policy_gradient_loss | -0.0158     |
|    std                  | 0.89        |
|    value_loss           | 2.9         |
-----------------------------------------
-----------------------------------------
| rollout/                |             |
|    ep_len_mean          | 8.93e+03    |
|    ep_rew_mean          | -698        |
| time/                   |             |
|    fps                  | 360         |
|    iterations           | 144         |
|    time_elapsed         | 818         |
|    total_timesteps      | 294912      |
| train/                  |             |
|    approx_kl            | 0.025905337 |
|    clip_fraction        | 0.222       |
|    clip_range           | 0.2         |
|    entropy_loss         | -15.6       |
|    explained_variance   | 0.958       |
|    learning_rate        | 0.0003      |
|    loss                 | 1.01        |
|    n_updates            | 1430        |
|    policy_gradient_loss | -0.0163     |
|    std                  | 0.889       |
|    value_loss           | 2.95        |
-----------------------------------------
-----------------------------------------
| rollout/                |             |
|    ep_len_mean          | 8.93e+03    |
|    ep_rew_mean          | -698        |
| time/                   |             |
|    fps                  | 360         |
|    iterations           | 145         |
|    time_elapsed         | 824         |
|    total_timesteps      | 296960      |
| train/                  |             |
|    approx_kl            | 0.017238755 |
|    clip_fraction        | 0.169       |
|    clip_range           | 0.2         |
|    entropy_loss         | -15.6       |
|    explained_variance   | 0.853       |
|    learning_rate        | 0.0003      |
|    loss                 | 2.12        |
|    n_updates            | 1440        |
|    policy_gradient_loss | -0.00937    |
|    std                  | 0.887       |
|    value_loss           | 8.3         |
-----------------------------------------
-----------------------------------------
| rollout/                |             |
|    ep_len_mean          | 8.93e+03    |
|    ep_rew_mean          | -698        |
| time/                   |             |
|    fps                  | 360         |
|    iterations           | 146         |
|    time_elapsed         | 830         |
|    total_timesteps      | 299008      |
| train/                  |             |
|    approx_kl            | 0.043351565 |
|    clip_fraction        | 0.38        |
|    clip_range           | 0.2         |
|    entropy_loss         | -15.5       |
|    explained_variance   | 0.965       |
|    learning_rate        | 0.0003      |
|    loss                 | 0.548       |
|    n_updates            | 1450        |
|    policy_gradient_loss | -0.00119    |
|    std                  | 0.886       |
|    value_loss           | 1.19        |
-----------------------------------------
-----------------------------------------
| rollout/                |             |
|    ep_len_mean          | 8.93e+03    |
|    ep_rew_mean          | -698        |
| time/                   |             |
|    fps                  | 360         |
|    iterations           | 147         |
|    time_elapsed         | 835         |
|    total_timesteps      | 301056      |
| train/                  |             |
|    approx_kl            | 0.035216194 |
|    clip_fraction        | 0.297       |
|    clip_range           | 0.2         |
|    entropy_loss         | -15.5       |
|    explained_variance   | 0.946       |
|    learning_rate        | 0.0003      |
|    loss                 | 0.549       |
|    n_updates            | 1460        |
|    policy_gradient_loss | -0.00698    |
|    std                  | 0.884       |
|    value_loss           | 1.47        |
-----------------------------------------
-----------------------------------------
| rollout/                |             |
|    ep_len_mean          | 8.93e+03    |
|    ep_rew_mean          | -698        |
| time/                   |             |
|    fps                  | 360         |
|    iterations           | 148         |
|    time_elapsed         | 841         |
|    total_timesteps      | 303104      |
| train/                  |             |
|    approx_kl            | 0.019347204 |
|    clip_fraction        | 0.276       |
|    clip_range           | 0.2         |
|    entropy_loss         | -15.5       |
|    explained_variance   | 0.981       |
|    learning_rate        | 0.0003      |
|    loss                 | 0.532       |
|    n_updates            | 1470        |
|    policy_gradient_loss | -0.0104     |
|    std                  | 0.883       |
|    value_loss           | 1.32        |
-----------------------------------------
----------------------------------------
| rollout/                |            |
|    ep_len_mean          | 8.93e+03   |
|    ep_rew_mean          | -698       |
| time/                   |            |
|    fps                  | 360        |
|    iterations           | 149        |
|    time_elapsed         | 847        |
|    total_timesteps      | 305152     |
| train/                  |            |
|    approx_kl            | 0.03675203 |
|    clip_fraction        | 0.265      |
|    clip_range           | 0.2        |
|    entropy_loss         | -15.5      |
|    explained_variance   | 0.967      |
|    learning_rate        | 0.0003     |
|    loss                 | 0.488      |
|    n_updates            | 1480       |
|    policy_gradient_loss | -0.014     |
|    std                  | 0.882      |
|    value_loss           | 2.04       |
----------------------------------------
-----------------------------------------
| rollout/                |             |
|    ep_len_mean          | 8.93e+03    |
|    ep_rew_mean          | -698        |
| time/                   |             |
|    fps                  | 360         |
|    iterations           | 150         |
|    time_elapsed         | 852         |
|    total_timesteps      | 307200      |
| train/                  |             |
|    approx_kl            | 0.016519118 |
|    clip_fraction        | 0.198       |
|    clip_range           | 0.2         |
|    entropy_loss         | -15.5       |
|    explained_variance   | 0.76        |
|    learning_rate        | 0.0003      |
|    loss                 | 0.915       |
|    n_updates            | 1490        |
|    policy_gradient_loss | -0.00673    |
|    std                  | 0.882       |
|    value_loss           | 7.39        |
-----------------------------------------
-----------------------------------------
| rollout/                |             |
|    ep_len_mean          | 8.93e+03    |
|    ep_rew_mean          | -698        |
| time/                   |             |
|    fps                  | 360         |
|    iterations           | 151         |
|    time_elapsed         | 858         |
|    total_timesteps      | 309248      |
| train/                  |             |
|    approx_kl            | 0.029900145 |
|    clip_fraction        | 0.298       |
|    clip_range           | 0.2         |
|    entropy_loss         | -15.5       |
|    explained_variance   | 0.959       |
|    learning_rate        | 0.0003      |
|    loss                 | 0.365       |
|    n_updates            | 1500        |
|    policy_gradient_loss | -0.0117     |
|    std                  | 0.88        |
|    value_loss           | 1.44        |
-----------------------------------------
-----------------------------------------
| rollout/                |             |
|    ep_len_mean          | 8.93e+03    |
|    ep_rew_mean          | -698        |
| time/                   |             |
|    fps                  | 360         |
|    iterations           | 152         |
|    time_elapsed         | 864         |
|    total_timesteps      | 311296      |
| train/                  |             |
|    approx_kl            | 0.033015978 |
|    clip_fraction        | 0.297       |
|    clip_range           | 0.2         |
|    entropy_loss         | -15.5       |
|    explained_variance   | 0.978       |
|    learning_rate        | 0.0003      |
|    loss                 | 0.363       |
|    n_updates            | 1510        |
|    policy_gradient_loss | -0.0144     |
|    std                  | 0.88        |
|    value_loss           | 1.25        |
-----------------------------------------
-----------------------------------------
| rollout/                |             |
|    ep_len_mean          | 8.93e+03    |
|    ep_rew_mean          | -698        |
| time/                   |             |
|    fps                  | 360         |
|    iterations           | 153         |
|    time_elapsed         | 869         |
|    total_timesteps      | 313344      |
| train/                  |             |
|    approx_kl            | 0.021725418 |
|    clip_fraction        | 0.29        |
|    clip_range           | 0.2         |
|    entropy_loss         | -15.5       |
|    explained_variance   | 0.978       |
|    learning_rate        | 0.0003      |
|    loss                 | 0.669       |
|    n_updates            | 1520        |
|    policy_gradient_loss | -0.0128     |
|    std                  | 0.881       |
|    value_loss           | 1.72        |
-----------------------------------------
-----------------------------------------
| rollout/                |             |
|    ep_len_mean          | 8.93e+03    |
|    ep_rew_mean          | -698        |
| time/                   |             |
|    fps                  | 360         |
|    iterations           | 154         |
|    time_elapsed         | 874         |
|    total_timesteps      | 315392      |
| train/                  |             |
|    approx_kl            | 0.017451065 |
|    clip_fraction        | 0.226       |
|    clip_range           | 0.2         |
|    entropy_loss         | -15.5       |
|    explained_variance   | 0.783       |
|    learning_rate        | 0.0003      |
|    loss                 | 6.16        |
|    n_updates            | 1530        |
|    policy_gradient_loss | -0.00935    |
|    std                  | 0.88        |
|    value_loss           | 8.99        |
-----------------------------------------
-----------------------------------------
| rollout/                |             |
|    ep_len_mean          | 8.93e+03    |
|    ep_rew_mean          | -698        |
| time/                   |             |
|    fps                  | 360         |
|    iterations           | 155         |
|    time_elapsed         | 880         |
|    total_timesteps      | 317440      |
| train/                  |             |
|    approx_kl            | 0.028180312 |
|    clip_fraction        | 0.313       |
|    clip_range           | 0.2         |
|    entropy_loss         | -15.5       |
|    explained_variance   | 0.965       |
|    learning_rate        | 0.0003      |
|    loss                 | 0.626       |
|    n_updates            | 1540        |
|    policy_gradient_loss | -0.0105     |
|    std                  | 0.879       |
|    value_loss           | 1.54        |
-----------------------------------------
-----------------------------------------
| rollout/                |             |
|    ep_len_mean          | 8.93e+03    |
|    ep_rew_mean          | -698        |
| time/                   |             |
|    fps                  | 360         |
|    iterations           | 156         |
|    time_elapsed         | 885         |
|    total_timesteps      | 319488      |
| train/                  |             |
|    approx_kl            | 0.024266154 |
|    clip_fraction        | 0.275       |
|    clip_range           | 0.2         |
|    entropy_loss         | -15.4       |
|    explained_variance   | 0.955       |
|    learning_rate        | 0.0003      |
|    loss                 | 0.545       |
|    n_updates            | 1550        |
|    policy_gradient_loss | -0.0139     |
|    std                  | 0.88        |
|    value_loss           | 1.43        |
-----------------------------------------
-----------------------------------------
| rollout/                |             |
|    ep_len_mean          | 8.93e+03    |
|    ep_rew_mean          | -698        |
| time/                   |             |
|    fps                  | 360         |
|    iterations           | 157         |
|    time_elapsed         | 890         |
|    total_timesteps      | 321536      |
| train/                  |             |
|    approx_kl            | 0.029465143 |
|    clip_fraction        | 0.299       |
|    clip_range           | 0.2         |
|    entropy_loss         | -15.5       |
|    explained_variance   | 0.977       |
|    learning_rate        | 0.0003      |
|    loss                 | 0.543       |
|    n_updates            | 1560        |
|    policy_gradient_loss | -0.0116     |
|    std                  | 0.883       |
|    value_loss           | 1.28        |
-----------------------------------------
-----------------------------------------
| rollout/                |             |
|    ep_len_mean          | 8.93e+03    |
|    ep_rew_mean          | -698        |
| time/                   |             |
|    fps                  | 360         |
|    iterations           | 158         |
|    time_elapsed         | 896         |
|    total_timesteps      | 323584      |
| train/                  |             |
|    approx_kl            | 0.011095147 |
|    clip_fraction        | 0.138       |
|    clip_range           | 0.2         |
|    entropy_loss         | -15.5       |
|    explained_variance   | 0.856       |
|    learning_rate        | 0.0003      |
|    loss                 | 1.29        |
|    n_updates            | 1570        |
|    policy_gradient_loss | -0.00742    |
|    std                  | 0.884       |
|    value_loss           | 6.54        |
-----------------------------------------
-----------------------------------------
| rollout/                |             |
|    ep_len_mean          | 8.93e+03    |
|    ep_rew_mean          | -698        |
| time/                   |             |
|    fps                  | 360         |
|    iterations           | 159         |
|    time_elapsed         | 902         |
|    total_timesteps      | 325632      |
| train/                  |             |
|    approx_kl            | 0.028100763 |
|    clip_fraction        | 0.351       |
|    clip_range           | 0.2         |
|    entropy_loss         | -15.5       |
|    explained_variance   | 0.959       |
|    learning_rate        | 0.0003      |
|    loss                 | 0.263       |
|    n_updates            | 1580        |
|    policy_gradient_loss | -0.0104     |
|    std                  | 0.883       |
|    value_loss           | 1.01        |
-----------------------------------------
-----------------------------------------
| rollout/                |             |
|    ep_len_mean          | 8.93e+03    |
|    ep_rew_mean          | -698        |
| time/                   |             |
|    fps                  | 360         |
|    iterations           | 160         |
|    time_elapsed         | 907         |
|    total_timesteps      | 327680      |
| train/                  |             |
|    approx_kl            | 0.025074959 |
|    clip_fraction        | 0.276       |
|    clip_range           | 0.2         |
|    entropy_loss         | -15.5       |
|    explained_variance   | 0.963       |
|    learning_rate        | 0.0003      |
|    loss                 | 0.379       |
|    n_updates            | 1590        |
|    policy_gradient_loss | -0.0139     |
|    std                  | 0.885       |
|    value_loss           | 1.23        |
-----------------------------------------
----------------------------------------
| rollout/                |            |
|    ep_len_mean          | 8.93e+03   |
|    ep_rew_mean          | -698       |
| time/                   |            |
|    fps                  | 360        |
|    iterations           | 161        |
|    time_elapsed         | 913        |
|    total_timesteps      | 329728     |
| train/                  |            |
|    approx_kl            | 0.02720259 |
|    clip_fraction        | 0.244      |
|    clip_range           | 0.2        |
|    entropy_loss         | -15.5      |
|    explained_variance   | 0.984      |
|    learning_rate        | 0.0003     |
|    loss                 | 0.468      |
|    n_updates            | 1600       |
|    policy_gradient_loss | -0.0118    |
|    std                  | 0.88       |
|    value_loss           | 1.15       |
----------------------------------------
----------------------------------------
| rollout/                |            |
|    ep_len_mean          | 8.93e+03   |
|    ep_rew_mean          | -697       |
| time/                   |            |
|    fps                  | 361        |
|    iterations           | 162        |
|    time_elapsed         | 918        |
|    total_timesteps      | 331776     |
| train/                  |            |
|    approx_kl            | 0.02334397 |
|    clip_fraction        | 0.268      |
|    clip_range           | 0.2        |
|    entropy_loss         | -15.5      |
|    explained_variance   | 0.972      |
|    learning_rate        | 0.0003     |
|    loss                 | 0.45       |
|    n_updates            | 1610       |
|    policy_gradient_loss | -0.012     |
|    std                  | 0.882      |
|    value_loss           | 1.62       |
----------------------------------------
-----------------------------------------
| rollout/                |             |
|    ep_len_mean          | 8.93e+03    |
|    ep_rew_mean          | -697        |
| time/                   |             |
|    fps                  | 361         |
|    iterations           | 163         |
|    time_elapsed         | 924         |
|    total_timesteps      | 333824      |
| train/                  |             |
|    approx_kl            | 0.016807156 |
|    clip_fraction        | 0.168       |
|    clip_range           | 0.2         |
|    entropy_loss         | -15.5       |
|    explained_variance   | 0.868       |
|    learning_rate        | 0.0003      |
|    loss                 | 0.684       |
|    n_updates            | 1620        |
|    policy_gradient_loss | -0.00726    |
|    std                  | 0.883       |
|    value_loss           | 6.11        |
-----------------------------------------
-----------------------------------------
| rollout/                |             |
|    ep_len_mean          | 8.93e+03    |
|    ep_rew_mean          | -697        |
| time/                   |             |
|    fps                  | 361         |
|    iterations           | 164         |
|    time_elapsed         | 930         |
|    total_timesteps      | 335872      |
| train/                  |             |
|    approx_kl            | 0.026491432 |
|    clip_fraction        | 0.313       |
|    clip_range           | 0.2         |
|    entropy_loss         | -15.5       |
|    explained_variance   | 0.955       |
|    learning_rate        | 0.0003      |
|    loss                 | 0.48        |
|    n_updates            | 1630        |
|    policy_gradient_loss | -0.0135     |
|    std                  | 0.886       |
|    value_loss           | 1.34        |
-----------------------------------------
-----------------------------------------
| rollout/                |             |
|    ep_len_mean          | 8.93e+03    |
|    ep_rew_mean          | -697        |
| time/                   |             |
|    fps                  | 361         |
|    iterations           | 165         |
|    time_elapsed         | 935         |
|    total_timesteps      | 337920      |
| train/                  |             |
|    approx_kl            | 0.019362705 |
|    clip_fraction        | 0.229       |
|    clip_range           | 0.2         |
|    entropy_loss         | -15.5       |
|    explained_variance   | 0.974       |
|    learning_rate        | 0.0003      |
|    loss                 | 0.461       |
|    n_updates            | 1640        |
|    policy_gradient_loss | -0.0111     |
|    std                  | 0.885       |
|    value_loss           | 1.41        |
-----------------------------------------
-----------------------------------------
| rollout/                |             |
|    ep_len_mean          | 8.93e+03    |
|    ep_rew_mean          | -697        |
| time/                   |             |
|    fps                  | 361         |
|    iterations           | 166         |
|    time_elapsed         | 941         |
|    total_timesteps      | 339968      |
| train/                  |             |
|    approx_kl            | 0.020357678 |
|    clip_fraction        | 0.22        |
|    clip_range           | 0.2         |
|    entropy_loss         | -15.5       |
|    explained_variance   | 0.973       |
|    learning_rate        | 0.0003      |
|    loss                 | 0.617       |
|    n_updates            | 1650        |
|    policy_gradient_loss | -0.0141     |
|    std                  | 0.885       |
|    value_loss           | 1.93        |
-----------------------------------------
-----------------------------------------
| rollout/                |             |
|    ep_len_mean          | 8.93e+03    |
|    ep_rew_mean          | -697        |
| time/                   |             |
|    fps                  | 361         |
|    iterations           | 167         |
|    time_elapsed         | 946         |
|    total_timesteps      | 342016      |
| train/                  |             |
|    approx_kl            | 0.016401151 |
|    clip_fraction        | 0.139       |
|    clip_range           | 0.2         |
|    entropy_loss         | -15.5       |
|    explained_variance   | 0.844       |
|    learning_rate        | 0.0003      |
|    loss                 | 1.63        |
|    n_updates            | 1660        |
|    policy_gradient_loss | -0.00798    |
|    std                  | 0.884       |
|    value_loss           | 8.84        |
-----------------------------------------
-----------------------------------------
| rollout/                |             |
|    ep_len_mean          | 8.93e+03    |
|    ep_rew_mean          | -697        |
| time/                   |             |
|    fps                  | 361         |
|    iterations           | 168         |
|    time_elapsed         | 952         |
|    total_timesteps      | 344064      |
| train/                  |             |
|    approx_kl            | 0.023440652 |
|    clip_fraction        | 0.303       |
|    clip_range           | 0.2         |
|    entropy_loss         | -15.5       |
|    explained_variance   | 0.983       |
|    learning_rate        | 0.0003      |
|    loss                 | 0.367       |
|    n_updates            | 1670        |
|    policy_gradient_loss | -0.00763    |
|    std                  | 0.885       |
|    value_loss           | 1.03        |
-----------------------------------------
-----------------------------------------
| rollout/                |             |
|    ep_len_mean          | 8.93e+03    |
|    ep_rew_mean          | -697        |
| time/                   |             |
|    fps                  | 361         |
|    iterations           | 169         |
|    time_elapsed         | 958         |
|    total_timesteps      | 346112      |
| train/                  |             |
|    approx_kl            | 0.025585264 |
|    clip_fraction        | 0.243       |
|    clip_range           | 0.2         |
|    entropy_loss         | -15.5       |
|    explained_variance   | 0.954       |
|    learning_rate        | 0.0003      |
|    loss                 | 0.56        |
|    n_updates            | 1680        |
|    policy_gradient_loss | -0.0143     |
|    std                  | 0.882       |
|    value_loss           | 1.63        |
-----------------------------------------
-----------------------------------------
| rollout/                |             |
|    ep_len_mean          | 8.93e+03    |
|    ep_rew_mean          | -697        |
| time/                   |             |
|    fps                  | 361         |
|    iterations           | 170         |
|    time_elapsed         | 963         |
|    total_timesteps      | 348160      |
| train/                  |             |
|    approx_kl            | 0.019691113 |
|    clip_fraction        | 0.248       |
|    clip_range           | 0.2         |
|    entropy_loss         | -15.5       |
|    explained_variance   | 0.981       |
|    learning_rate        | 0.0003      |
|    loss                 | 0.445       |
|    n_updates            | 1690        |
|    policy_gradient_loss | -0.00966    |
|    std                  | 0.883       |
|    value_loss           | 1.46        |
-----------------------------------------
-----------------------------------------
| rollout/                |             |
|    ep_len_mean          | 8.93e+03    |
|    ep_rew_mean          | -697        |
| time/                   |             |
|    fps                  | 361         |
|    iterations           | 171         |
|    time_elapsed         | 969         |
|    total_timesteps      | 350208      |
| train/                  |             |
|    approx_kl            | 0.022224294 |
|    clip_fraction        | 0.161       |
|    clip_range           | 0.2         |
|    entropy_loss         | -15.5       |
|    explained_variance   | 0.905       |
|    learning_rate        | 0.0003      |
|    loss                 | 0.477       |
|    n_updates            | 1700        |
|    policy_gradient_loss | -0.00895    |
|    std                  | 0.884       |
|    value_loss           | 4.52        |
-----------------------------------------
-----------------------------------------
| rollout/                |             |
|    ep_len_mean          | 8.93e+03    |
|    ep_rew_mean          | -697        |
| time/                   |             |
|    fps                  | 361         |
|    iterations           | 172         |
|    time_elapsed         | 974         |
|    total_timesteps      | 352256      |
| train/                  |             |
|    approx_kl            | 0.033104837 |
|    clip_fraction        | 0.38        |
|    clip_range           | 0.2         |
|    entropy_loss         | -15.5       |
|    explained_variance   | 0.908       |
|    learning_rate        | 0.0003      |
|    loss                 | 2.18        |
|    n_updates            | 1710        |
|    policy_gradient_loss | 2.22e-05    |
|    std                  | 0.882       |
|    value_loss           | 3.35        |
-----------------------------------------
-----------------------------------------
| rollout/                |             |
|    ep_len_mean          | 8.93e+03    |
|    ep_rew_mean          | -697        |
| time/                   |             |
|    fps                  | 361         |
|    iterations           | 173         |
|    time_elapsed         | 980         |
|    total_timesteps      | 354304      |
| train/                  |             |
|    approx_kl            | 0.028970778 |
|    clip_fraction        | 0.311       |
|    clip_range           | 0.2         |
|    entropy_loss         | -15.5       |
|    explained_variance   | 0.969       |
|    learning_rate        | 0.0003      |
|    loss                 | 0.511       |
|    n_updates            | 1720        |
|    policy_gradient_loss | -0.00911    |
|    std                  | 0.881       |
|    value_loss           | 1.3         |
-----------------------------------------
-----------------------------------------
| rollout/                |             |
|    ep_len_mean          | 8.93e+03    |
|    ep_rew_mean          | -697        |
| time/                   |             |
|    fps                  | 361         |
|    iterations           | 174         |
|    time_elapsed         | 986         |
|    total_timesteps      | 356352      |
| train/                  |             |
|    approx_kl            | 0.026450817 |
|    clip_fraction        | 0.272       |
|    clip_range           | 0.2         |
|    entropy_loss         | -15.4       |
|    explained_variance   | 0.984       |
|    learning_rate        | 0.0003      |
|    loss                 | 0.589       |
|    n_updates            | 1730        |
|    policy_gradient_loss | -0.0115     |
|    std                  | 0.878       |
|    value_loss           | 1.3         |
-----------------------------------------
-----------------------------------------
| rollout/                |             |
|    ep_len_mean          | 8.93e+03    |
|    ep_rew_mean          | -696        |
| time/                   |             |
|    fps                  | 361         |
|    iterations           | 175         |
|    time_elapsed         | 991         |
|    total_timesteps      | 358400      |
| train/                  |             |
|    approx_kl            | 0.012427418 |
|    clip_fraction        | 0.168       |
|    clip_range           | 0.2         |
|    entropy_loss         | -15.4       |
|    explained_variance   | 0.888       |
|    learning_rate        | 0.0003      |
|    loss                 | 1.74        |
|    n_updates            | 1740        |
|    policy_gradient_loss | -0.0122     |
|    std                  | 0.878       |
|    value_loss           | 3.96        |
-----------------------------------------
-----------------------------------------
| rollout/                |             |
|    ep_len_mean          | 8.93e+03    |
|    ep_rew_mean          | -696        |
| time/                   |             |
|    fps                  | 361         |
|    iterations           | 176         |
|    time_elapsed         | 996         |
|    total_timesteps      | 360448      |
| train/                  |             |
|    approx_kl            | 0.012012896 |
|    clip_fraction        | 0.118       |
|    clip_range           | 0.2         |
|    entropy_loss         | -15.4       |
|    explained_variance   | 0.939       |
|    learning_rate        | 0.0003      |
|    loss                 | 2.12        |
|    n_updates            | 1750        |
|    policy_gradient_loss | -0.00854    |
|    std                  | 0.878       |
|    value_loss           | 7.52        |
-----------------------------------------
-----------------------------------------
| rollout/                |             |
|    ep_len_mean          | 8.93e+03    |
|    ep_rew_mean          | -696        |
| time/                   |             |
|    fps                  | 361         |
|    iterations           | 177         |
|    time_elapsed         | 1001        |
|    total_timesteps      | 362496      |
| train/                  |             |
|    approx_kl            | 0.035912585 |
|    clip_fraction        | 0.324       |
|    clip_range           | 0.2         |
|    entropy_loss         | -15.4       |
|    explained_variance   | 0.941       |
|    learning_rate        | 0.0003      |
|    loss                 | 0.326       |
|    n_updates            | 1760        |
|    policy_gradient_loss | -0.0103     |
|    std                  | 0.878       |
|    value_loss           | 1.35        |
-----------------------------------------
-----------------------------------------
| rollout/                |             |
|    ep_len_mean          | 8.93e+03    |
|    ep_rew_mean          | -696        |
| time/                   |             |
|    fps                  | 361         |
|    iterations           | 178         |
|    time_elapsed         | 1007        |
|    total_timesteps      | 364544      |
| train/                  |             |
|    approx_kl            | 0.026459701 |
|    clip_fraction        | 0.308       |
|    clip_range           | 0.2         |
|    entropy_loss         | -15.4       |
|    explained_variance   | 0.955       |
|    learning_rate        | 0.0003      |
|    loss                 | 0.464       |
|    n_updates            | 1770        |
|    policy_gradient_loss | -0.00983    |
|    std                  | 0.875       |
|    value_loss           | 1.43        |
-----------------------------------------
-----------------------------------------
| rollout/                |             |
|    ep_len_mean          | 8.93e+03    |
|    ep_rew_mean          | -696        |
| time/                   |             |
|    fps                  | 361         |
|    iterations           | 179         |
|    time_elapsed         | 1013        |
|    total_timesteps      | 366592      |
| train/                  |             |
|    approx_kl            | 0.015007915 |
|    clip_fraction        | 0.194       |
|    clip_range           | 0.2         |
|    entropy_loss         | -15.4       |
|    explained_variance   | 0.956       |
|    learning_rate        | 0.0003      |
|    loss                 | 1.1         |
|    n_updates            | 1780        |
|    policy_gradient_loss | -0.0127     |
|    std                  | 0.875       |
|    value_loss           | 2.37        |
-----------------------------------------
-----------------------------------------
| rollout/                |             |
|    ep_len_mean          | 8.93e+03    |
|    ep_rew_mean          | -696        |
| time/                   |             |
|    fps                  | 361         |
|    iterations           | 180         |
|    time_elapsed         | 1018        |
|    total_timesteps      | 368640      |
| train/                  |             |
|    approx_kl            | 0.011290736 |
|    clip_fraction        | 0.0995      |
|    clip_range           | 0.2         |
|    entropy_loss         | -15.4       |
|    explained_variance   | 0.943       |
|    learning_rate        | 0.0003      |
|    loss                 | 4.78        |
|    n_updates            | 1790        |
|    policy_gradient_loss | -0.0111     |
|    std                  | 0.873       |
|    value_loss           | 8.98        |
-----------------------------------------
-----------------------------------------
| rollout/                |             |
|    ep_len_mean          | 8.93e+03    |
|    ep_rew_mean          | -696        |
| time/                   |             |
|    fps                  | 361         |
|    iterations           | 181         |
|    time_elapsed         | 1024        |
|    total_timesteps      | 370688      |
| train/                  |             |
|    approx_kl            | 0.028420772 |
|    clip_fraction        | 0.326       |
|    clip_range           | 0.2         |
|    entropy_loss         | -15.4       |
|    explained_variance   | 0.981       |
|    learning_rate        | 0.0003      |
|    loss                 | 0.386       |
|    n_updates            | 1800        |
|    policy_gradient_loss | -0.00804    |
|    std                  | 0.876       |
|    value_loss           | 0.991       |
-----------------------------------------
----------------------------------------
| rollout/                |            |
|    ep_len_mean          | 8.93e+03   |
|    ep_rew_mean          | -696       |
| time/                   |            |
|    fps                  | 361        |
|    iterations           | 182        |
|    time_elapsed         | 1029       |
|    total_timesteps      | 372736     |
| train/                  |            |
|    approx_kl            | 0.02289684 |
|    clip_fraction        | 0.253      |
|    clip_range           | 0.2        |
|    entropy_loss         | -15.4      |
|    explained_variance   | 0.941      |
|    learning_rate        | 0.0003     |
|    loss                 | 0.441      |
|    n_updates            | 1810       |
|    policy_gradient_loss | -0.0151    |
|    std                  | 0.875      |
|    value_loss           | 1.44       |
----------------------------------------
-----------------------------------------
| rollout/                |             |
|    ep_len_mean          | 8.93e+03    |
|    ep_rew_mean          | -696        |
| time/                   |             |
|    fps                  | 361         |
|    iterations           | 183         |
|    time_elapsed         | 1035        |
|    total_timesteps      | 374784      |
| train/                  |             |
|    approx_kl            | 0.020838879 |
|    clip_fraction        | 0.231       |
|    clip_range           | 0.2         |
|    entropy_loss         | -15.3       |
|    explained_variance   | 0.966       |
|    learning_rate        | 0.0003      |
|    loss                 | 0.379       |
|    n_updates            | 1820        |
|    policy_gradient_loss | -0.0118     |
|    std                  | 0.873       |
|    value_loss           | 1.76        |
-----------------------------------------
-----------------------------------------
| rollout/                |             |
|    ep_len_mean          | 8.93e+03    |
|    ep_rew_mean          | -696        |
| time/                   |             |
|    fps                  | 362         |
|    iterations           | 184         |
|    time_elapsed         | 1040        |
|    total_timesteps      | 376832      |
| train/                  |             |
|    approx_kl            | 0.018090693 |
|    clip_fraction        | 0.206       |
|    clip_range           | 0.2         |
|    entropy_loss         | -15.4       |
|    explained_variance   | 0.931       |
|    learning_rate        | 0.0003      |
|    loss                 | 0.986       |
|    n_updates            | 1830        |
|    policy_gradient_loss | -0.0153     |
|    std                  | 0.875       |
|    value_loss           | 3.35        |
-----------------------------------------
-----------------------------------------
| rollout/                |             |
|    ep_len_mean          | 8.93e+03    |
|    ep_rew_mean          | -696        |
| time/                   |             |
|    fps                  | 362         |
|    iterations           | 185         |
|    time_elapsed         | 1046        |
|    total_timesteps      | 378880      |
| train/                  |             |
|    approx_kl            | 0.019289386 |
|    clip_fraction        | 0.157       |
|    clip_range           | 0.2         |
|    entropy_loss         | -15.3       |
|    explained_variance   | 0.919       |
|    learning_rate        | 0.0003      |
|    loss                 | 1.06        |
|    n_updates            | 1840        |
|    policy_gradient_loss | -0.00853    |
|    std                  | 0.872       |
|    value_loss           | 4.23        |
-----------------------------------------
---------------------------------------
| rollout/                |           |
|    ep_len_mean          | 8.93e+03  |
|    ep_rew_mean          | -696      |
| time/                   |           |
|    fps                  | 362       |
|    iterations           | 186       |
|    time_elapsed         | 1052      |
|    total_timesteps      | 380928    |
| train/                  |           |
|    approx_kl            | 0.0415131 |
|    clip_fraction        | 0.349     |
|    clip_range           | 0.2       |
|    entropy_loss         | -15.4     |
|    explained_variance   | 0.97      |
|    learning_rate        | 0.0003    |
|    loss                 | 0.423     |
|    n_updates            | 1850      |
|    policy_gradient_loss | -0.00647  |
|    std                  | 0.875     |
|    value_loss           | 1.46      |
---------------------------------------
-----------------------------------------
| rollout/                |             |
|    ep_len_mean          | 8.93e+03    |
|    ep_rew_mean          | -696        |
| time/                   |             |
|    fps                  | 362         |
|    iterations           | 187         |
|    time_elapsed         | 1057        |
|    total_timesteps      | 382976      |
| train/                  |             |
|    approx_kl            | 0.026411388 |
|    clip_fraction        | 0.302       |
|    clip_range           | 0.2         |
|    entropy_loss         | -15.4       |
|    explained_variance   | 0.983       |
|    learning_rate        | 0.0003      |
|    loss                 | 0.694       |
|    n_updates            | 1860        |
|    policy_gradient_loss | -0.00559    |
|    std                  | 0.875       |
|    value_loss           | 1.44        |
-----------------------------------------
-----------------------------------------
| rollout/                |             |
|    ep_len_mean          | 8.93e+03    |
|    ep_rew_mean          | -695        |
| time/                   |             |
|    fps                  | 362         |
|    iterations           | 188         |
|    time_elapsed         | 1063        |
|    total_timesteps      | 385024      |
| train/                  |             |
|    approx_kl            | 0.020591442 |
|    clip_fraction        | 0.228       |
|    clip_range           | 0.2         |
|    entropy_loss         | -15.4       |
|    explained_variance   | 0.965       |
|    learning_rate        | 0.0003      |
|    loss                 | 0.872       |
|    n_updates            | 1870        |
|    policy_gradient_loss | -0.0162     |
|    std                  | 0.875       |
|    value_loss           | 2.28        |
-----------------------------------------
-----------------------------------------
| rollout/                |             |
|    ep_len_mean          | 8.93e+03    |
|    ep_rew_mean          | -695        |
| time/                   |             |
|    fps                  | 362         |
|    iterations           | 189         |
|    time_elapsed         | 1068        |
|    total_timesteps      | 387072      |
| train/                  |             |
|    approx_kl            | 0.011950316 |
|    clip_fraction        | 0.123       |
|    clip_range           | 0.2         |
|    entropy_loss         | -15.4       |
|    explained_variance   | 0.94        |
|    learning_rate        | 0.0003      |
|    loss                 | 1.62        |
|    n_updates            | 1880        |
|    policy_gradient_loss | -0.0101     |
|    std                  | 0.873       |
|    value_loss           | 6.38        |
-----------------------------------------
-----------------------------------------
| rollout/                |             |
|    ep_len_mean          | 8.93e+03    |
|    ep_rew_mean          | -695        |
| time/                   |             |
|    fps                  | 362         |
|    iterations           | 190         |
|    time_elapsed         | 1074        |
|    total_timesteps      | 389120      |
| train/                  |             |
|    approx_kl            | 0.023698969 |
|    clip_fraction        | 0.315       |
|    clip_range           | 0.2         |
|    entropy_loss         | -15.3       |
|    explained_variance   | 0.956       |
|    learning_rate        | 0.0003      |
|    loss                 | 0.445       |
|    n_updates            | 1890        |
|    policy_gradient_loss | -0.0077     |
|    std                  | 0.87        |
|    value_loss           | 1.38        |
-----------------------------------------
-----------------------------------------
| rollout/                |             |
|    ep_len_mean          | 8.93e+03    |
|    ep_rew_mean          | -695        |
| time/                   |             |
|    fps                  | 362         |
|    iterations           | 191         |
|    time_elapsed         | 1079        |
|    total_timesteps      | 391168      |
| train/                  |             |
|    approx_kl            | 0.016327456 |
|    clip_fraction        | 0.24        |
|    clip_range           | 0.2         |
|    entropy_loss         | -15.3       |
|    explained_variance   | 0.963       |
|    learning_rate        | 0.0003      |
|    loss                 | 0.493       |
|    n_updates            | 1900        |
|    policy_gradient_loss | -0.00966    |
|    std                  | 0.87        |
|    value_loss           | 1.91        |
-----------------------------------------
-----------------------------------------
| rollout/                |             |
|    ep_len_mean          | 8.93e+03    |
|    ep_rew_mean          | -695        |
| time/                   |             |
|    fps                  | 362         |
|    iterations           | 192         |
|    time_elapsed         | 1085        |
|    total_timesteps      | 393216      |
| train/                  |             |
|    approx_kl            | 0.019903542 |
|    clip_fraction        | 0.218       |
|    clip_range           | 0.2         |
|    entropy_loss         | -15.3       |
|    explained_variance   | 0.967       |
|    learning_rate        | 0.0003      |
|    loss                 | 1.53        |
|    n_updates            | 1910        |
|    policy_gradient_loss | -0.014      |
|    std                  | 0.87        |
|    value_loss           | 2.42        |
-----------------------------------------
-----------------------------------------
| rollout/                |             |
|    ep_len_mean          | 8.93e+03    |
|    ep_rew_mean          | -695        |
| time/                   |             |
|    fps                  | 362         |
|    iterations           | 193         |
|    time_elapsed         | 1090        |
|    total_timesteps      | 395264      |
| train/                  |             |
|    approx_kl            | 0.011986393 |
|    clip_fraction        | 0.0929      |
|    clip_range           | 0.2         |
|    entropy_loss         | -15.3       |
|    explained_variance   | 0.924       |
|    learning_rate        | 0.0003      |
|    loss                 | 2.93        |
|    n_updates            | 1920        |
|    policy_gradient_loss | -0.00831    |
|    std                  | 0.87        |
|    value_loss           | 9.09        |
-----------------------------------------
----------------------------------------
| rollout/                |            |
|    ep_len_mean          | 8.93e+03   |
|    ep_rew_mean          | -695       |
| time/                   |            |
|    fps                  | 362        |
|    iterations           | 194        |
|    time_elapsed         | 1096       |
|    total_timesteps      | 397312     |
| train/                  |            |
|    approx_kl            | 0.04260077 |
|    clip_fraction        | 0.409      |
|    clip_range           | 0.2        |
|    entropy_loss         | -15.3      |
|    explained_variance   | 0.975      |
|    learning_rate        | 0.0003     |
|    loss                 | 0.317      |
|    n_updates            | 1930       |
|    policy_gradient_loss | -0.00368   |
|    std                  | 0.868      |
|    value_loss           | 0.869      |
----------------------------------------
-----------------------------------------
| rollout/                |             |
|    ep_len_mean          | 8.93e+03    |
|    ep_rew_mean          | -695        |
| time/                   |             |
|    fps                  | 362         |
|    iterations           | 195         |
|    time_elapsed         | 1102        |
|    total_timesteps      | 399360      |
| train/                  |             |
|    approx_kl            | 0.029088583 |
|    clip_fraction        | 0.285       |
|    clip_range           | 0.2         |
|    entropy_loss         | -15.3       |
|    explained_variance   | 0.948       |
|    learning_rate        | 0.0003      |
|    loss                 | 0.446       |
|    n_updates            | 1940        |
|    policy_gradient_loss | -0.0152     |
|    std                  | 0.868       |
|    value_loss           | 1.27        |
-----------------------------------------
-----------------------------------------
| rollout/                |             |
|    ep_len_mean          | 8.93e+03    |
|    ep_rew_mean          | -695        |
| time/                   |             |
|    fps                  | 362         |
|    iterations           | 196         |
|    time_elapsed         | 1107        |
|    total_timesteps      | 401408      |
| train/                  |             |
|    approx_kl            | 0.028533623 |
|    clip_fraction        | 0.277       |
|    clip_range           | 0.2         |
|    entropy_loss         | -15.3       |
|    explained_variance   | 0.982       |
|    learning_rate        | 0.0003      |
|    loss                 | 0.723       |
|    n_updates            | 1950        |
|    policy_gradient_loss | -0.0191     |
|    std                  | 0.873       |
|    value_loss           | 1.23        |
-----------------------------------------
-----------------------------------------
| rollout/                |             |
|    ep_len_mean          | 8.93e+03    |
|    ep_rew_mean          | -695        |
| time/                   |             |
|    fps                  | 362         |
|    iterations           | 197         |
|    time_elapsed         | 1112        |
|    total_timesteps      | 403456      |
| train/                  |             |
|    approx_kl            | 0.015874967 |
|    clip_fraction        | 0.221       |
|    clip_range           | 0.2         |
|    entropy_loss         | -15.3       |
|    explained_variance   | 0.945       |
|    learning_rate        | 0.0003      |
|    loss                 | 0.631       |
|    n_updates            | 1960        |
|    policy_gradient_loss | -0.0106     |
|    std                  | 0.872       |
|    value_loss           | 2.59        |
-----------------------------------------
-----------------------------------------
| rollout/                |             |
|    ep_len_mean          | 8.93e+03    |
|    ep_rew_mean          | -695        |
| time/                   |             |
|    fps                  | 362         |
|    iterations           | 198         |
|    time_elapsed         | 1118        |
|    total_timesteps      | 405504      |
| train/                  |             |
|    approx_kl            | 0.014821101 |
|    clip_fraction        | 0.158       |
|    clip_range           | 0.2         |
|    entropy_loss         | -15.3       |
|    explained_variance   | 0.89        |
|    learning_rate        | 0.0003      |
|    loss                 | 0.756       |
|    n_updates            | 1970        |
|    policy_gradient_loss | -0.0137     |
|    std                  | 0.871       |
|    value_loss           | 5.37        |
-----------------------------------------
----------------------------------------
| rollout/                |            |
|    ep_len_mean          | 8.93e+03   |
|    ep_rew_mean          | -695       |
| time/                   |            |
|    fps                  | 362        |
|    iterations           | 199        |
|    time_elapsed         | 1124       |
|    total_timesteps      | 407552     |
| train/                  |            |
|    approx_kl            | 0.03329677 |
|    clip_fraction        | 0.33       |
|    clip_range           | 0.2        |
|    entropy_loss         | -15.3      |
|    explained_variance   | 0.956      |
|    learning_rate        | 0.0003     |
|    loss                 | 0.339      |
|    n_updates            | 1980       |
|    policy_gradient_loss | -0.0097    |
|    std                  | 0.869      |
|    value_loss           | 1.24       |
----------------------------------------
-----------------------------------------
| rollout/                |             |
|    ep_len_mean          | 8.93e+03    |
|    ep_rew_mean          | -695        |
| time/                   |             |
|    fps                  | 362         |
|    iterations           | 200         |
|    time_elapsed         | 1129        |
|    total_timesteps      | 409600      |
| train/                  |             |
|    approx_kl            | 0.025543533 |
|    clip_fraction        | 0.327       |
|    clip_range           | 0.2         |
|    entropy_loss         | -15.3       |
|    explained_variance   | 0.975       |
|    learning_rate        | 0.0003      |
|    loss                 | 0.523       |
|    n_updates            | 1990        |
|    policy_gradient_loss | -0.00515    |
|    std                  | 0.87        |
|    value_loss           | 1.21        |
-----------------------------------------
-----------------------------------------
| rollout/                |             |
|    ep_len_mean          | 8.93e+03    |
|    ep_rew_mean          | -695        |
| time/                   |             |
|    fps                  | 362         |
|    iterations           | 201         |
|    time_elapsed         | 1135        |
|    total_timesteps      | 411648      |
| train/                  |             |
|    approx_kl            | 0.019555824 |
|    clip_fraction        | 0.238       |
|    clip_range           | 0.2         |
|    entropy_loss         | -15.3       |
|    explained_variance   | 0.966       |
|    learning_rate        | 0.0003      |
|    loss                 | 0.613       |
|    n_updates            | 2000        |
|    policy_gradient_loss | -0.0148     |
|    std                  | 0.868       |
|    value_loss           | 2.04        |
-----------------------------------------
-----------------------------------------
| rollout/                |             |
|    ep_len_mean          | 8.93e+03    |
|    ep_rew_mean          | -695        |
| time/                   |             |
|    fps                  | 362         |
|    iterations           | 202         |
|    time_elapsed         | 1140        |
|    total_timesteps      | 413696      |
| train/                  |             |
|    approx_kl            | 0.011750976 |
|    clip_fraction        | 0.136       |
|    clip_range           | 0.2         |
|    entropy_loss         | -15.3       |
|    explained_variance   | 0.923       |
|    learning_rate        | 0.0003      |
|    loss                 | 4.25        |
|    n_updates            | 2010        |
|    policy_gradient_loss | -0.0126     |
|    std                  | 0.868       |
|    value_loss           | 6.97        |
-----------------------------------------
-----------------------------------------
| rollout/                |             |
|    ep_len_mean          | 8.93e+03    |
|    ep_rew_mean          | -695        |
| time/                   |             |
|    fps                  | 362         |
|    iterations           | 203         |
|    time_elapsed         | 1146        |
|    total_timesteps      | 415744      |
| train/                  |             |
|    approx_kl            | 0.035599306 |
|    clip_fraction        | 0.327       |
|    clip_range           | 0.2         |
|    entropy_loss         | -15.3       |
|    explained_variance   | 0.956       |
|    learning_rate        | 0.0003      |
|    loss                 | 0.457       |
|    n_updates            | 2020        |
|    policy_gradient_loss | -0.0135     |
|    std                  | 0.867       |
|    value_loss           | 1.27        |
-----------------------------------------
----------------------------------------
| rollout/                |            |
|    ep_len_mean          | 8.93e+03   |
|    ep_rew_mean          | -695       |
| time/                   |            |
|    fps                  | 362        |
|    iterations           | 204        |
|    time_elapsed         | 1151       |
|    total_timesteps      | 417792     |
| train/                  |            |
|    approx_kl            | 0.02254619 |
|    clip_fraction        | 0.278      |
|    clip_range           | 0.2        |
|    entropy_loss         | -15.3      |
|    explained_variance   | 0.947      |
|    learning_rate        | 0.0003     |
|    loss                 | 0.551      |
|    n_updates            | 2030       |
|    policy_gradient_loss | -0.00812   |
|    std                  | 0.866      |
|    value_loss           | 1.35       |
----------------------------------------
-----------------------------------------
| rollout/                |             |
|    ep_len_mean          | 8.93e+03    |
|    ep_rew_mean          | -694        |
| time/                   |             |
|    fps                  | 362         |
|    iterations           | 205         |
|    time_elapsed         | 1157        |
|    total_timesteps      | 419840      |
| train/                  |             |
|    approx_kl            | 0.023546923 |
|    clip_fraction        | 0.259       |
|    clip_range           | 0.2         |
|    entropy_loss         | -15.2       |
|    explained_variance   | 0.969       |
|    learning_rate        | 0.0003      |
|    loss                 | 0.502       |
|    n_updates            | 2040        |
|    policy_gradient_loss | -0.0159     |
|    std                  | 0.865       |
|    value_loss           | 1.6         |
-----------------------------------------
-----------------------------------------
| rollout/                |             |
|    ep_len_mean          | 8.93e+03    |
|    ep_rew_mean          | -694        |
| time/                   |             |
|    fps                  | 362         |
|    iterations           | 206         |
|    time_elapsed         | 1163        |
|    total_timesteps      | 421888      |
| train/                  |             |
|    approx_kl            | 0.009338184 |
|    clip_fraction        | 0.103       |
|    clip_range           | 0.2         |
|    entropy_loss         | -15.2       |
|    explained_variance   | 0.941       |
|    learning_rate        | 0.0003      |
|    loss                 | 1.77        |
|    n_updates            | 2050        |
|    policy_gradient_loss | -0.00911    |
|    std                  | 0.863       |
|    value_loss           | 9.18        |
-----------------------------------------
-----------------------------------------
| rollout/                |             |
|    ep_len_mean          | 8.93e+03    |
|    ep_rew_mean          | -694        |
| time/                   |             |
|    fps                  | 362         |
|    iterations           | 207         |
|    time_elapsed         | 1169        |
|    total_timesteps      | 423936      |
| train/                  |             |
|    approx_kl            | 0.043706335 |
|    clip_fraction        | 0.378       |
|    clip_range           | 0.2         |
|    entropy_loss         | -15.2       |
|    explained_variance   | 0.964       |
|    learning_rate        | 0.0003      |
|    loss                 | 0.334       |
|    n_updates            | 2060        |
|    policy_gradient_loss | -0.00189    |
|    std                  | 0.866       |
|    value_loss           | 0.745       |
-----------------------------------------
----------------------------------------
| rollout/                |            |
|    ep_len_mean          | 8.93e+03   |
|    ep_rew_mean          | -694       |
| time/                   |            |
|    fps                  | 362        |
|    iterations           | 208        |
|    time_elapsed         | 1174       |
|    total_timesteps      | 425984     |
| train/                  |            |
|    approx_kl            | 0.02716409 |
|    clip_fraction        | 0.32       |
|    clip_range           | 0.2        |
|    entropy_loss         | -15.3      |
|    explained_variance   | 0.964      |
|    learning_rate        | 0.0003     |
|    loss                 | 0.323      |
|    n_updates            | 2070       |
|    policy_gradient_loss | -0.0111    |
|    std                  | 0.868      |
|    value_loss           | 1.01       |
----------------------------------------
-----------------------------------------
| rollout/                |             |
|    ep_len_mean          | 8.93e+03    |
|    ep_rew_mean          | -694        |
| time/                   |             |
|    fps                  | 362         |
|    iterations           | 209         |
|    time_elapsed         | 1180        |
|    total_timesteps      | 428032      |
| train/                  |             |
|    approx_kl            | 0.028543215 |
|    clip_fraction        | 0.28        |
|    clip_range           | 0.2         |
|    entropy_loss         | -15.3       |
|    explained_variance   | 0.981       |
|    learning_rate        | 0.0003      |
|    loss                 | 0.22        |
|    n_updates            | 2080        |
|    policy_gradient_loss | -0.0123     |
|    std                  | 0.868       |
|    value_loss           | 0.829       |
-----------------------------------------
-----------------------------------------
| rollout/                |             |
|    ep_len_mean          | 8.93e+03    |
|    ep_rew_mean          | -694        |
| time/                   |             |
|    fps                  | 362         |
|    iterations           | 210         |
|    time_elapsed         | 1185        |
|    total_timesteps      | 430080      |
| train/                  |             |
|    approx_kl            | 0.022044856 |
|    clip_fraction        | 0.25        |
|    clip_range           | 0.2         |
|    entropy_loss         | -15.3       |
|    explained_variance   | 0.957       |
|    learning_rate        | 0.0003      |
|    loss                 | 0.466       |
|    n_updates            | 2090        |
|    policy_gradient_loss | -0.0168     |
|    std                  | 0.866       |
|    value_loss           | 1.54        |
-----------------------------------------
-----------------------------------------
| rollout/                |             |
|    ep_len_mean          | 8.93e+03    |
|    ep_rew_mean          | -694        |
| time/                   |             |
|    fps                  | 362         |
|    iterations           | 211         |
|    time_elapsed         | 1191        |
|    total_timesteps      | 432128      |
| train/                  |             |
|    approx_kl            | 0.011073215 |
|    clip_fraction        | 0.0938      |
|    clip_range           | 0.2         |
|    entropy_loss         | -15.2       |
|    explained_variance   | 0.914       |
|    learning_rate        | 0.0003      |
|    loss                 | 1.39        |
|    n_updates            | 2100        |
|    policy_gradient_loss | -0.0102     |
|    std                  | 0.864       |
|    value_loss           | 5.11        |
-----------------------------------------
-----------------------------------------
| rollout/                |             |
|    ep_len_mean          | 8.93e+03    |
|    ep_rew_mean          | -694        |
| time/                   |             |
|    fps                  | 362         |
|    iterations           | 212         |
|    time_elapsed         | 1197        |
|    total_timesteps      | 434176      |
| train/                  |             |
|    approx_kl            | 0.037273377 |
|    clip_fraction        | 0.353       |
|    clip_range           | 0.2         |
|    entropy_loss         | -15.3       |
|    explained_variance   | 0.956       |
|    learning_rate        | 0.0003      |
|    loss                 | 0.232       |
|    n_updates            | 2110        |
|    policy_gradient_loss | -0.0118     |
|    std                  | 0.867       |
|    value_loss           | 0.897       |
-----------------------------------------
-----------------------------------------
| rollout/                |             |
|    ep_len_mean          | 8.93e+03    |
|    ep_rew_mean          | -694        |
| time/                   |             |
|    fps                  | 362         |
|    iterations           | 213         |
|    time_elapsed         | 1203        |
|    total_timesteps      | 436224      |
| train/                  |             |
|    approx_kl            | 0.022950934 |
|    clip_fraction        | 0.298       |
|    clip_range           | 0.2         |
|    entropy_loss         | -15.3       |
|    explained_variance   | 0.98        |
|    learning_rate        | 0.0003      |
|    loss                 | 0.193       |
|    n_updates            | 2120        |
|    policy_gradient_loss | -0.00833    |
|    std                  | 0.866       |
|    value_loss           | 0.757       |
-----------------------------------------
-----------------------------------------
| rollout/                |             |
|    ep_len_mean          | 8.93e+03    |
|    ep_rew_mean          | -694        |
| time/                   |             |
|    fps                  | 362         |
|    iterations           | 214         |
|    time_elapsed         | 1208        |
|    total_timesteps      | 438272      |
| train/                  |             |
|    approx_kl            | 0.024309553 |
|    clip_fraction        | 0.239       |
|    clip_range           | 0.2         |
|    entropy_loss         | -15.2       |
|    explained_variance   | 0.975       |
|    learning_rate        | 0.0003      |
|    loss                 | 0.613       |
|    n_updates            | 2130        |
|    policy_gradient_loss | -0.0114     |
|    std                  | 0.862       |
|    value_loss           | 1.39        |
-----------------------------------------
-----------------------------------------
| rollout/                |             |
|    ep_len_mean          | 8.93e+03    |
|    ep_rew_mean          | -694        |
| time/                   |             |
|    fps                  | 362         |
|    iterations           | 215         |
|    time_elapsed         | 1214        |
|    total_timesteps      | 440320      |
| train/                  |             |
|    approx_kl            | 0.015898105 |
|    clip_fraction        | 0.104       |
|    clip_range           | 0.2         |
|    entropy_loss         | -15.2       |
|    explained_variance   | 0.926       |
|    learning_rate        | 0.0003      |
|    loss                 | 1.31        |
|    n_updates            | 2140        |
|    policy_gradient_loss | -0.00687    |
|    std                  | 0.862       |
|    value_loss           | 5.89        |
-----------------------------------------
----------------------------------------
| rollout/                |            |
|    ep_len_mean          | 8.93e+03   |
|    ep_rew_mean          | -694       |
| time/                   |            |
|    fps                  | 362        |
|    iterations           | 216        |
|    time_elapsed         | 1219       |
|    total_timesteps      | 442368     |
| train/                  |            |
|    approx_kl            | 0.03306327 |
|    clip_fraction        | 0.303      |
|    clip_range           | 0.2        |
|    entropy_loss         | -15.2      |
|    explained_variance   | 0.97       |
|    learning_rate        | 0.0003     |
|    loss                 | 0.316      |
|    n_updates            | 2150       |
|    policy_gradient_loss | -0.0068    |
|    std                  | 0.858      |
|    value_loss           | 1.06       |
----------------------------------------
----------------------------------------
| rollout/                |            |
|    ep_len_mean          | 8.93e+03   |
|    ep_rew_mean          | -694       |
| time/                   |            |
|    fps                  | 362        |
|    iterations           | 217        |
|    time_elapsed         | 1224       |
|    total_timesteps      | 444416     |
| train/                  |            |
|    approx_kl            | 0.02786677 |
|    clip_fraction        | 0.287      |
|    clip_range           | 0.2        |
|    entropy_loss         | -15.1      |
|    explained_variance   | 0.948      |
|    learning_rate        | 0.0003     |
|    loss                 | 0.379      |
|    n_updates            | 2160       |
|    policy_gradient_loss | -0.012     |
|    std                  | 0.856      |
|    value_loss           | 1.16       |
----------------------------------------
-----------------------------------------
| rollout/                |             |
|    ep_len_mean          | 8.93e+03    |
|    ep_rew_mean          | -693        |
| time/                   |             |
|    fps                  | 362         |
|    iterations           | 218         |
|    time_elapsed         | 1230        |
|    total_timesteps      | 446464      |
| train/                  |             |
|    approx_kl            | 0.023256522 |
|    clip_fraction        | 0.248       |
|    clip_range           | 0.2         |
|    entropy_loss         | -15.1       |
|    explained_variance   | 0.973       |
|    learning_rate        | 0.0003      |
|    loss                 | 0.346       |
|    n_updates            | 2170        |
|    policy_gradient_loss | -0.0127     |
|    std                  | 0.859       |
|    value_loss           | 1.44        |
-----------------------------------------
----------------------------------------
| rollout/                |            |
|    ep_len_mean          | 8.93e+03   |
|    ep_rew_mean          | -693       |
| time/                   |            |
|    fps                  | 362        |
|    iterations           | 219        |
|    time_elapsed         | 1236       |
|    total_timesteps      | 448512     |
| train/                  |            |
|    approx_kl            | 0.00919888 |
|    clip_fraction        | 0.17       |
|    clip_range           | 0.2        |
|    entropy_loss         | -15.2      |
|    explained_variance   | 0.943      |
|    learning_rate        | 0.0003     |
|    loss                 | 1.56       |
|    n_updates            | 2180       |
|    policy_gradient_loss | -0.00668   |
|    std                  | 0.859      |
|    value_loss           | 9.03       |
----------------------------------------
-----------------------------------------
| rollout/                |             |
|    ep_len_mean          | 8.93e+03    |
|    ep_rew_mean          | -693        |
| time/                   |             |
|    fps                  | 362         |
|    iterations           | 220         |
|    time_elapsed         | 1241        |
|    total_timesteps      | 450560      |
| train/                  |             |
|    approx_kl            | 0.031600073 |
|    clip_fraction        | 0.355       |
|    clip_range           | 0.2         |
|    entropy_loss         | -15.2       |
|    explained_variance   | 0.95        |
|    learning_rate        | 0.0003      |
|    loss                 | 0.196       |
|    n_updates            | 2190        |
|    policy_gradient_loss | -0.00872    |
|    std                  | 0.86        |
|    value_loss           | 0.619       |
-----------------------------------------
-----------------------------------------
| rollout/                |             |
|    ep_len_mean          | 8.93e+03    |
|    ep_rew_mean          | -693        |
| time/                   |             |
|    fps                  | 362         |
|    iterations           | 221         |
|    time_elapsed         | 1247        |
|    total_timesteps      | 452608      |
| train/                  |             |
|    approx_kl            | 0.032276407 |
|    clip_fraction        | 0.338       |
|    clip_range           | 0.2         |
|    entropy_loss         | -15.2       |
|    explained_variance   | 0.976       |
|    learning_rate        | 0.0003      |
|    loss                 | 0.205       |
|    n_updates            | 2200        |
|    policy_gradient_loss | -0.0129     |
|    std                  | 0.86        |
|    value_loss           | 0.768       |
-----------------------------------------
-----------------------------------------
| rollout/                |             |
|    ep_len_mean          | 8.93e+03    |
|    ep_rew_mean          | -693        |
| time/                   |             |
|    fps                  | 362         |
|    iterations           | 222         |
|    time_elapsed         | 1253        |
|    total_timesteps      | 454656      |
| train/                  |             |
|    approx_kl            | 0.024393972 |
|    clip_fraction        | 0.286       |
|    clip_range           | 0.2         |
|    entropy_loss         | -15.1       |
|    explained_variance   | 0.986       |
|    learning_rate        | 0.0003      |
|    loss                 | 0.492       |
|    n_updates            | 2210        |
|    policy_gradient_loss | -0.0118     |
|    std                  | 0.853       |
|    value_loss           | 0.8         |
-----------------------------------------
----------------------------------------
| rollout/                |            |
|    ep_len_mean          | 8.93e+03   |
|    ep_rew_mean          | -693       |
| time/                   |            |
|    fps                  | 362        |
|    iterations           | 223        |
|    time_elapsed         | 1258       |
|    total_timesteps      | 456704     |
| train/                  |            |
|    approx_kl            | 0.02156896 |
|    clip_fraction        | 0.226      |
|    clip_range           | 0.2        |
|    entropy_loss         | -15.1      |
|    explained_variance   | 0.972      |
|    learning_rate        | 0.0003     |
|    loss                 | 0.426      |
|    n_updates            | 2220       |
|    policy_gradient_loss | -0.0156    |
|    std                  | 0.852      |
|    value_loss           | 1.28       |
----------------------------------------
-----------------------------------------
| rollout/                |             |
|    ep_len_mean          | 8.93e+03    |
|    ep_rew_mean          | -693        |
| time/                   |             |
|    fps                  | 362         |
|    iterations           | 224         |
|    time_elapsed         | 1264        |
|    total_timesteps      | 458752      |
| train/                  |             |
|    approx_kl            | 0.009938354 |
|    clip_fraction        | 0.111       |
|    clip_range           | 0.2         |
|    entropy_loss         | -15         |
|    explained_variance   | 0.944       |
|    learning_rate        | 0.0003      |
|    loss                 | 1.19        |
|    n_updates            | 2230        |
|    policy_gradient_loss | -0.0098     |
|    std                  | 0.851       |
|    value_loss           | 6.29        |
-----------------------------------------
----------------------------------------
| rollout/                |            |
|    ep_len_mean          | 8.93e+03   |
|    ep_rew_mean          | -693       |
| time/                   |            |
|    fps                  | 362        |
|    iterations           | 225        |
|    time_elapsed         | 1270       |
|    total_timesteps      | 460800     |
| train/                  |            |
|    approx_kl            | 0.03313882 |
|    clip_fraction        | 0.342      |
|    clip_range           | 0.2        |
|    entropy_loss         | -15        |
|    explained_variance   | 0.963      |
|    learning_rate        | 0.0003     |
|    loss                 | 0.343      |
|    n_updates            | 2240       |
|    policy_gradient_loss | -0.0182    |
|    std                  | 0.848      |
|    value_loss           | 0.852      |
----------------------------------------
-----------------------------------------
| rollout/                |             |
|    ep_len_mean          | 8.93e+03    |
|    ep_rew_mean          | -693        |
| time/                   |             |
|    fps                  | 362         |
|    iterations           | 226         |
|    time_elapsed         | 1275        |
|    total_timesteps      | 462848      |
| train/                  |             |
|    approx_kl            | 0.021727785 |
|    clip_fraction        | 0.26        |
|    clip_range           | 0.2         |
|    entropy_loss         | -15         |
|    explained_variance   | 0.975       |
|    learning_rate        | 0.0003      |
|    loss                 | 0.313       |
|    n_updates            | 2250        |
|    policy_gradient_loss | -0.0101     |
|    std                  | 0.847       |
|    value_loss           | 0.975       |
-----------------------------------------
-----------------------------------------
| rollout/                |             |
|    ep_len_mean          | 8.93e+03    |
|    ep_rew_mean          | -693        |
| time/                   |             |
|    fps                  | 362         |
|    iterations           | 227         |
|    time_elapsed         | 1281        |
|    total_timesteps      | 464896      |
| train/                  |             |
|    approx_kl            | 0.023941524 |
|    clip_fraction        | 0.259       |
|    clip_range           | 0.2         |
|    entropy_loss         | -15         |
|    explained_variance   | 0.977       |
|    learning_rate        | 0.0003      |
|    loss                 | 0.857       |
|    n_updates            | 2260        |
|    policy_gradient_loss | -0.0164     |
|    std                  | 0.846       |
|    value_loss           | 1.56        |
-----------------------------------------
-----------------------------------------
| rollout/                |             |
|    ep_len_mean          | 8.93e+03    |
|    ep_rew_mean          | -693        |
| time/                   |             |
|    fps                  | 362         |
|    iterations           | 228         |
|    time_elapsed         | 1286        |
|    total_timesteps      | 466944      |
| train/                  |             |
|    approx_kl            | 0.011411189 |
|    clip_fraction        | 0.123       |
|    clip_range           | 0.2         |
|    entropy_loss         | -15         |
|    explained_variance   | 0.934       |
|    learning_rate        | 0.0003      |
|    loss                 | 3.11        |
|    n_updates            | 2270        |
|    policy_gradient_loss | -0.00906    |
|    std                  | 0.846       |
|    value_loss           | 5.52        |
-----------------------------------------
-----------------------------------------
| rollout/                |             |
|    ep_len_mean          | 8.93e+03    |
|    ep_rew_mean          | -693        |
| time/                   |             |
|    fps                  | 362         |
|    iterations           | 229         |
|    time_elapsed         | 1292        |
|    total_timesteps      | 468992      |
| train/                  |             |
|    approx_kl            | 0.026269034 |
|    clip_fraction        | 0.322       |
|    clip_range           | 0.2         |
|    entropy_loss         | -15         |
|    explained_variance   | 0.979       |
|    learning_rate        | 0.0003      |
|    loss                 | 0.226       |
|    n_updates            | 2280        |
|    policy_gradient_loss | -0.00968    |
|    std                  | 0.845       |
|    value_loss           | 0.848       |
-----------------------------------------
-----------------------------------------
| rollout/                |             |
|    ep_len_mean          | 8.93e+03    |
|    ep_rew_mean          | -693        |
| time/                   |             |
|    fps                  | 362         |
|    iterations           | 230         |
|    time_elapsed         | 1298        |
|    total_timesteps      | 471040      |
| train/                  |             |
|    approx_kl            | 0.028955331 |
|    clip_fraction        | 0.27        |
|    clip_range           | 0.2         |
|    entropy_loss         | -15         |
|    explained_variance   | 0.93        |
|    learning_rate        | 0.0003      |
|    loss                 | 0.494       |
|    n_updates            | 2290        |
|    policy_gradient_loss | -0.0127     |
|    std                  | 0.847       |
|    value_loss           | 1.29        |
-----------------------------------------
-----------------------------------------
| rollout/                |             |
|    ep_len_mean          | 8.93e+03    |
|    ep_rew_mean          | -693        |
| time/                   |             |
|    fps                  | 363         |
|    iterations           | 231         |
|    time_elapsed         | 1303        |
|    total_timesteps      | 473088      |
| train/                  |             |
|    approx_kl            | 0.023623742 |
|    clip_fraction        | 0.253       |
|    clip_range           | 0.2         |
|    entropy_loss         | -15         |
|    explained_variance   | 0.985       |
|    learning_rate        | 0.0003      |
|    loss                 | 0.522       |
|    n_updates            | 2300        |
|    policy_gradient_loss | -0.00991    |
|    std                  | 0.846       |
|    value_loss           | 1.39        |
-----------------------------------------
----------------------------------------
| rollout/                |            |
|    ep_len_mean          | 8.93e+03   |
|    ep_rew_mean          | -692       |
| time/                   |            |
|    fps                  | 363        |
|    iterations           | 232        |
|    time_elapsed         | 1308       |
|    total_timesteps      | 475136     |
| train/                  |            |
|    approx_kl            | 0.01223474 |
|    clip_fraction        | 0.132      |
|    clip_range           | 0.2        |
|    entropy_loss         | -15        |
|    explained_variance   | 0.957      |
|    learning_rate        | 0.0003     |
|    loss                 | 1.35       |
|    n_updates            | 2310       |
|    policy_gradient_loss | -0.0105    |
|    std                  | 0.846      |
|    value_loss           | 3.2        |
----------------------------------------
---------------------------------------
| rollout/                |           |
|    ep_len_mean          | 8.93e+03  |
|    ep_rew_mean          | -692      |
| time/                   |           |
|    fps                  | 363       |
|    iterations           | 233       |
|    time_elapsed         | 1314      |
|    total_timesteps      | 477184    |
| train/                  |           |
|    approx_kl            | 0.0611576 |
|    clip_fraction        | 0.274     |
|    clip_range           | 0.2       |
|    entropy_loss         | -15       |
|    explained_variance   | 0.953     |
|    learning_rate        | 0.0003    |
|    loss                 | 1.26      |
|    n_updates            | 2320      |
|    policy_gradient_loss | -0.000834 |
|    std                  | 0.844     |
|    value_loss           | 3.34      |
---------------------------------------
-----------------------------------------
| rollout/                |             |
|    ep_len_mean          | 8.93e+03    |
|    ep_rew_mean          | -692        |
| time/                   |             |
|    fps                  | 363         |
|    iterations           | 234         |
|    time_elapsed         | 1320        |
|    total_timesteps      | 479232      |
| train/                  |             |
|    approx_kl            | 0.042000506 |
|    clip_fraction        | 0.366       |
|    clip_range           | 0.2         |
|    entropy_loss         | -14.9       |
|    explained_variance   | 0.959       |
|    learning_rate        | 0.0003      |
|    loss                 | 0.332       |
|    n_updates            | 2330        |
|    policy_gradient_loss | -0.0114     |
|    std                  | 0.846       |
|    value_loss           | 1.16        |
-----------------------------------------
-----------------------------------------
| rollout/                |             |
|    ep_len_mean          | 8.93e+03    |
|    ep_rew_mean          | -692        |
| time/                   |             |
|    fps                  | 362         |
|    iterations           | 235         |
|    time_elapsed         | 1325        |
|    total_timesteps      | 481280      |
| train/                  |             |
|    approx_kl            | 0.030702725 |
|    clip_fraction        | 0.297       |
|    clip_range           | 0.2         |
|    entropy_loss         | -14.9       |
|    explained_variance   | 0.979       |
|    learning_rate        | 0.0003      |
|    loss                 | 0.384       |
|    n_updates            | 2340        |
|    policy_gradient_loss | -0.0149     |
|    std                  | 0.843       |
|    value_loss           | 1.09        |
-----------------------------------------
------------------------------------------
| rollout/                |              |
|    ep_len_mean          | 8.93e+03     |
|    ep_rew_mean          | -692         |
| time/                   |              |
|    fps                  | 362          |
|    iterations           | 236          |
|    time_elapsed         | 1331         |
|    total_timesteps      | 483328       |
| train/                  |              |
|    approx_kl            | 0.0147503065 |
|    clip_fraction        | 0.198        |
|    clip_range           | 0.2          |
|    entropy_loss         | -14.9        |
|    explained_variance   | 0.922        |
|    learning_rate        | 0.0003       |
|    loss                 | 0.902        |
|    n_updates            | 2350         |
|    policy_gradient_loss | -0.0124      |
|    std                  | 0.843        |
|    value_loss           | 3.28         |
------------------------------------------
-----------------------------------------
| rollout/                |             |
|    ep_len_mean          | 8.93e+03    |
|    ep_rew_mean          | -692        |
| time/                   |             |
|    fps                  | 362         |
|    iterations           | 237         |
|    time_elapsed         | 1337        |
|    total_timesteps      | 485376      |
| train/                  |             |
|    approx_kl            | 0.009490445 |
|    clip_fraction        | 0.0922      |
|    clip_range           | 0.2         |
|    entropy_loss         | -14.9       |
|    explained_variance   | 0.961       |
|    learning_rate        | 0.0003      |
|    loss                 | 3.87        |
|    n_updates            | 2360        |
|    policy_gradient_loss | -0.0129     |
|    std                  | 0.843       |
|    value_loss           | 10.9        |
-----------------------------------------
-----------------------------------------
| rollout/                |             |
|    ep_len_mean          | 8.93e+03    |
|    ep_rew_mean          | -692        |
| time/                   |             |
|    fps                  | 362         |
|    iterations           | 238         |
|    time_elapsed         | 1342        |
|    total_timesteps      | 487424      |
| train/                  |             |
|    approx_kl            | 0.033737175 |
|    clip_fraction        | 0.364       |
|    clip_range           | 0.2         |
|    entropy_loss         | -14.9       |
|    explained_variance   | 0.932       |
|    learning_rate        | 0.0003      |
|    loss                 | 0.461       |
|    n_updates            | 2370        |
|    policy_gradient_loss | -0.00528    |
|    std                  | 0.843       |
|    value_loss           | 1.17        |
-----------------------------------------
-----------------------------------------
| rollout/                |             |
|    ep_len_mean          | 8.93e+03    |
|    ep_rew_mean          | -692        |
| time/                   |             |
|    fps                  | 362         |
|    iterations           | 239         |
|    time_elapsed         | 1348        |
|    total_timesteps      | 489472      |
| train/                  |             |
|    approx_kl            | 0.025999952 |
|    clip_fraction        | 0.29        |
|    clip_range           | 0.2         |
|    entropy_loss         | -15         |
|    explained_variance   | 0.94        |
|    learning_rate        | 0.0003      |
|    loss                 | 0.649       |
|    n_updates            | 2380        |
|    policy_gradient_loss | -0.00851    |
|    std                  | 0.847       |
|    value_loss           | 1.32        |
-----------------------------------------
-----------------------------------------
| rollout/                |             |
|    ep_len_mean          | 8.93e+03    |
|    ep_rew_mean          | -692        |
| time/                   |             |
|    fps                  | 362         |
|    iterations           | 240         |
|    time_elapsed         | 1354        |
|    total_timesteps      | 491520      |
| train/                  |             |
|    approx_kl            | 0.018249694 |
|    clip_fraction        | 0.22        |
|    clip_range           | 0.2         |
|    entropy_loss         | -15         |
|    explained_variance   | 0.964       |
|    learning_rate        | 0.0003      |
|    loss                 | 0.583       |
|    n_updates            | 2390        |
|    policy_gradient_loss | -0.016      |
|    std                  | 0.845       |
|    value_loss           | 2.04        |
-----------------------------------------
-----------------------------------------
| rollout/                |             |
|    ep_len_mean          | 8.93e+03    |
|    ep_rew_mean          | -692        |
| time/                   |             |
|    fps                  | 362         |
|    iterations           | 241         |
|    time_elapsed         | 1359        |
|    total_timesteps      | 493568      |
| train/                  |             |
|    approx_kl            | 0.010613463 |
|    clip_fraction        | 0.105       |
|    clip_range           | 0.2         |
|    entropy_loss         | -14.9       |
|    explained_variance   | 0.957       |
|    learning_rate        | 0.0003      |
|    loss                 | 3.03        |
|    n_updates            | 2400        |
|    policy_gradient_loss | -0.00986    |
|    std                  | 0.845       |
|    value_loss           | 6.99        |
-----------------------------------------
----------------------------------------
| rollout/                |            |
|    ep_len_mean          | 8.93e+03   |
|    ep_rew_mean          | -692       |
| time/                   |            |
|    fps                  | 362        |
|    iterations           | 242        |
|    time_elapsed         | 1365       |
|    total_timesteps      | 495616     |
| train/                  |            |
|    approx_kl            | 0.06877288 |
|    clip_fraction        | 0.405      |
|    clip_range           | 0.2        |
|    entropy_loss         | -14.9      |
|    explained_variance   | 0.971      |
|    learning_rate        | 0.0003     |
|    loss                 | 0.239      |
|    n_updates            | 2410       |
|    policy_gradient_loss | -0.0103    |
|    std                  | 0.845      |
|    value_loss           | 0.859      |
----------------------------------------
-----------------------------------------
| rollout/                |             |
|    ep_len_mean          | 8.93e+03    |
|    ep_rew_mean          | -692        |
| time/                   |             |
|    fps                  | 362         |
|    iterations           | 243         |
|    time_elapsed         | 1371        |
|    total_timesteps      | 497664      |
| train/                  |             |
|    approx_kl            | 0.026449416 |
|    clip_fraction        | 0.303       |
|    clip_range           | 0.2         |
|    entropy_loss         | -14.9       |
|    explained_variance   | 0.94        |
|    learning_rate        | 0.0003      |
|    loss                 | 0.514       |
|    n_updates            | 2420        |
|    policy_gradient_loss | -0.0155     |
|    std                  | 0.843       |
|    value_loss           | 1.36        |
-----------------------------------------
----------------------------------------
| rollout/                |            |
|    ep_len_mean          | 8.93e+03   |
|    ep_rew_mean          | -692       |
| time/                   |            |
|    fps                  | 362        |
|    iterations           | 244        |
|    time_elapsed         | 1376       |
|    total_timesteps      | 499712     |
| train/                  |            |
|    approx_kl            | 0.02161533 |
|    clip_fraction        | 0.276      |
|    clip_range           | 0.2        |
|    entropy_loss         | -14.9      |
|    explained_variance   | 0.982      |
|    learning_rate        | 0.0003     |
|    loss                 | 0.387      |
|    n_updates            | 2430       |
|    policy_gradient_loss | -0.012     |
|    std                  | 0.841      |
|    value_loss           | 1.16       |
----------------------------------------
-----------------------------------------
| rollout/                |             |
|    ep_len_mean          | 8.93e+03    |
|    ep_rew_mean          | -691        |
| time/                   |             |
|    fps                  | 363         |
|    iterations           | 245         |
|    time_elapsed         | 1382        |
|    total_timesteps      | 501760      |
| train/                  |             |
|    approx_kl            | 0.023048403 |
|    clip_fraction        | 0.233       |
|    clip_range           | 0.2         |
|    entropy_loss         | -14.9       |
|    explained_variance   | 0.967       |
|    learning_rate        | 0.0003      |
|    loss                 | 0.578       |
|    n_updates            | 2440        |
|    policy_gradient_loss | -0.02       |
|    std                  | 0.839       |
|    value_loss           | 2.04        |
-----------------------------------------
-----------------------------------------
| rollout/                |             |
|    ep_len_mean          | 8.93e+03    |
|    ep_rew_mean          | -691        |
| time/                   |             |
|    fps                  | 362         |
|    iterations           | 246         |
|    time_elapsed         | 1387        |
|    total_timesteps      | 503808      |
| train/                  |             |
|    approx_kl            | 0.012824016 |
|    clip_fraction        | 0.151       |
|    clip_range           | 0.2         |
|    entropy_loss         | -14.9       |
|    explained_variance   | 0.954       |
|    learning_rate        | 0.0003      |
|    loss                 | 0.376       |
|    n_updates            | 2450        |
|    policy_gradient_loss | -0.00971    |
|    std                  | 0.839       |
|    value_loss           | 4.29        |
-----------------------------------------
-----------------------------------------
| rollout/                |             |
|    ep_len_mean          | 8.93e+03    |
|    ep_rew_mean          | -691        |
| time/                   |             |
|    fps                  | 362         |
|    iterations           | 247         |
|    time_elapsed         | 1393        |
|    total_timesteps      | 505856      |
| train/                  |             |
|    approx_kl            | 0.035376944 |
|    clip_fraction        | 0.337       |
|    clip_range           | 0.2         |
|    entropy_loss         | -14.9       |
|    explained_variance   | 0.972       |
|    learning_rate        | 0.0003      |
|    loss                 | 0.593       |
|    n_updates            | 2460        |
|    policy_gradient_loss | -0.0111     |
|    std                  | 0.844       |
|    value_loss           | 1.3         |
-----------------------------------------
-----------------------------------------
| rollout/                |             |
|    ep_len_mean          | 8.93e+03    |
|    ep_rew_mean          | -691        |
| time/                   |             |
|    fps                  | 362         |
|    iterations           | 248         |
|    time_elapsed         | 1399        |
|    total_timesteps      | 507904      |
| train/                  |             |
|    approx_kl            | 0.029150687 |
|    clip_fraction        | 0.326       |
|    clip_range           | 0.2         |
|    entropy_loss         | -14.9       |
|    explained_variance   | 0.983       |
|    learning_rate        | 0.0003      |
|    loss                 | 0.408       |
|    n_updates            | 2470        |
|    policy_gradient_loss | -0.0123     |
|    std                  | 0.846       |
|    value_loss           | 1.09        |
-----------------------------------------
-----------------------------------------
| rollout/                |             |
|    ep_len_mean          | 8.93e+03    |
|    ep_rew_mean          | -691        |
| time/                   |             |
|    fps                  | 362         |
|    iterations           | 249         |
|    time_elapsed         | 1405        |
|    total_timesteps      | 509952      |
| train/                  |             |
|    approx_kl            | 0.019905979 |
|    clip_fraction        | 0.217       |
|    clip_range           | 0.2         |
|    entropy_loss         | -15         |
|    explained_variance   | 0.969       |
|    learning_rate        | 0.0003      |
|    loss                 | 0.84        |
|    n_updates            | 2480        |
|    policy_gradient_loss | -0.0116     |
|    std                  | 0.846       |
|    value_loss           | 2.28        |
-----------------------------------------
-----------------------------------------
| rollout/                |             |
|    ep_len_mean          | 8.93e+03    |
|    ep_rew_mean          | -691        |
| time/                   |             |
|    fps                  | 362         |
|    iterations           | 250         |
|    time_elapsed         | 1410        |
|    total_timesteps      | 512000      |
| train/                  |             |
|    approx_kl            | 0.010383245 |
|    clip_fraction        | 0.0947      |
|    clip_range           | 0.2         |
|    entropy_loss         | -15         |
|    explained_variance   | 0.966       |
|    learning_rate        | 0.0003      |
|    loss                 | 1.83        |
|    n_updates            | 2490        |
|    policy_gradient_loss | -0.00796    |
|    std                  | 0.846       |
|    value_loss           | 9.33        |
-----------------------------------------
-----------------------------------------
| rollout/                |             |
|    ep_len_mean          | 8.93e+03    |
|    ep_rew_mean          | -691        |
| time/                   |             |
|    fps                  | 362         |
|    iterations           | 251         |
|    time_elapsed         | 1416        |
|    total_timesteps      | 514048      |
| train/                  |             |
|    approx_kl            | 0.039149582 |
|    clip_fraction        | 0.353       |
|    clip_range           | 0.2         |
|    entropy_loss         | -15         |
|    explained_variance   | 0.958       |
|    learning_rate        | 0.0003      |
|    loss                 | 0.234       |
|    n_updates            | 2500        |
|    policy_gradient_loss | -0.00566    |
|    std                  | 0.846       |
|    value_loss           | 1.17        |
-----------------------------------------
----------------------------------------
| rollout/                |            |
|    ep_len_mean          | 8.93e+03   |
|    ep_rew_mean          | -691       |
| time/                   |            |
|    fps                  | 362        |
|    iterations           | 252        |
|    time_elapsed         | 1421       |
|    total_timesteps      | 516096     |
| train/                  |            |
|    approx_kl            | 0.03189127 |
|    clip_fraction        | 0.325      |
|    clip_range           | 0.2        |
|    entropy_loss         | -14.9      |
|    explained_variance   | 0.958      |
|    learning_rate        | 0.0003     |
|    loss                 | 0.365      |
|    n_updates            | 2510       |
|    policy_gradient_loss | -0.0132    |
|    std                  | 0.846      |
|    value_loss           | 1.18       |
----------------------------------------
-----------------------------------------
| rollout/                |             |
|    ep_len_mean          | 8.93e+03    |
|    ep_rew_mean          | -690        |
| time/                   |             |
|    fps                  | 363         |
|    iterations           | 253         |
|    time_elapsed         | 1427        |
|    total_timesteps      | 518144      |
| train/                  |             |
|    approx_kl            | 0.020635499 |
|    clip_fraction        | 0.261       |
|    clip_range           | 0.2         |
|    entropy_loss         | -14.9       |
|    explained_variance   | 0.978       |
|    learning_rate        | 0.0003      |
|    loss                 | 0.613       |
|    n_updates            | 2520        |
|    policy_gradient_loss | -0.0103     |
|    std                  | 0.845       |
|    value_loss           | 1.36        |
-----------------------------------------
----------------------------------------
| rollout/                |            |
|    ep_len_mean          | 8.93e+03   |
|    ep_rew_mean          | -690       |
| time/                   |            |
|    fps                  | 363        |
|    iterations           | 254        |
|    time_elapsed         | 1432       |
|    total_timesteps      | 520192     |
| train/                  |            |
|    approx_kl            | 0.00847109 |
|    clip_fraction        | 0.11       |
|    clip_range           | 0.2        |
|    entropy_loss         | -14.9      |
|    explained_variance   | 0.973      |
|    learning_rate        | 0.0003     |
|    loss                 | 3.95       |
|    n_updates            | 2530       |
|    policy_gradient_loss | -0.00933   |
|    std                  | 0.846      |
|    value_loss           | 8.78       |
----------------------------------------
-----------------------------------------
| rollout/                |             |
|    ep_len_mean          | 8.93e+03    |
|    ep_rew_mean          | -690        |
| time/                   |             |
|    fps                  | 363         |
|    iterations           | 255         |
|    time_elapsed         | 1438        |
|    total_timesteps      | 522240      |
| train/                  |             |
|    approx_kl            | 0.035361327 |
|    clip_fraction        | 0.397       |
|    clip_range           | 0.2         |
|    entropy_loss         | -14.9       |
|    explained_variance   | 0.981       |
|    learning_rate        | 0.0003      |
|    loss                 | 0.188       |
|    n_updates            | 2540        |
|    policy_gradient_loss | -0.00387    |
|    std                  | 0.847       |
|    value_loss           | 0.584       |
-----------------------------------------
-----------------------------------------
| rollout/                |             |
|    ep_len_mean          | 8.93e+03    |
|    ep_rew_mean          | -690        |
| time/                   |             |
|    fps                  | 363         |
|    iterations           | 256         |
|    time_elapsed         | 1443        |
|    total_timesteps      | 524288      |
| train/                  |             |
|    approx_kl            | 0.021706395 |
|    clip_fraction        | 0.29        |
|    clip_range           | 0.2         |
|    entropy_loss         | -15         |
|    explained_variance   | 0.971       |
|    learning_rate        | 0.0003      |
|    loss                 | 0.208       |
|    n_updates            | 2550        |
|    policy_gradient_loss | -0.0129     |
|    std                  | 0.849       |
|    value_loss           | 0.905       |
-----------------------------------------
-----------------------------------------
| rollout/                |             |
|    ep_len_mean          | 8.93e+03    |
|    ep_rew_mean          | -690        |
| time/                   |             |
|    fps                  | 363         |
|    iterations           | 257         |
|    time_elapsed         | 1449        |
|    total_timesteps      | 526336      |
| train/                  |             |
|    approx_kl            | 0.020749614 |
|    clip_fraction        | 0.267       |
|    clip_range           | 0.2         |
|    entropy_loss         | -15         |
|    explained_variance   | 0.986       |
|    learning_rate        | 0.0003      |
|    loss                 | 0.637       |
|    n_updates            | 2560        |
|    policy_gradient_loss | -0.0162     |
|    std                  | 0.85        |
|    value_loss           | 1.24        |
-----------------------------------------
-----------------------------------------
| rollout/                |             |
|    ep_len_mean          | 8.93e+03    |
|    ep_rew_mean          | -690        |
| time/                   |             |
|    fps                  | 363         |
|    iterations           | 258         |
|    time_elapsed         | 1455        |
|    total_timesteps      | 528384      |
| train/                  |             |
|    approx_kl            | 0.014565435 |
|    clip_fraction        | 0.202       |
|    clip_range           | 0.2         |
|    entropy_loss         | -15         |
|    explained_variance   | 0.955       |
|    learning_rate        | 0.0003      |
|    loss                 | 0.733       |
|    n_updates            | 2570        |
|    policy_gradient_loss | -0.0134     |
|    std                  | 0.851       |
|    value_loss           | 2.26        |
-----------------------------------------
-----------------------------------------
| rollout/                |             |
|    ep_len_mean          | 8.93e+03    |
|    ep_rew_mean          | -690        |
| time/                   |             |
|    fps                  | 363         |
|    iterations           | 259         |
|    time_elapsed         | 1460        |
|    total_timesteps      | 530432      |
| train/                  |             |
|    approx_kl            | 0.011900252 |
|    clip_fraction        | 0.104       |
|    clip_range           | 0.2         |
|    entropy_loss         | -15         |
|    explained_variance   | 0.968       |
|    learning_rate        | 0.0003      |
|    loss                 | 0.702       |
|    n_updates            | 2580        |
|    policy_gradient_loss | -0.0103     |
|    std                  | 0.85        |
|    value_loss           | 6.46        |
-----------------------------------------
-----------------------------------------
| rollout/                |             |
|    ep_len_mean          | 8.93e+03    |
|    ep_rew_mean          | -690        |
| time/                   |             |
|    fps                  | 363         |
|    iterations           | 260         |
|    time_elapsed         | 1466        |
|    total_timesteps      | 532480      |
| train/                  |             |
|    approx_kl            | 0.036882445 |
|    clip_fraction        | 0.344       |
|    clip_range           | 0.2         |
|    entropy_loss         | -15         |
|    explained_variance   | 0.973       |
|    learning_rate        | 0.0003      |
|    loss                 | 0.462       |
|    n_updates            | 2590        |
|    policy_gradient_loss | -0.00957    |
|    std                  | 0.845       |
|    value_loss           | 1.09        |
-----------------------------------------
-----------------------------------------
| rollout/                |             |
|    ep_len_mean          | 8.93e+03    |
|    ep_rew_mean          | -690        |
| time/                   |             |
|    fps                  | 363         |
|    iterations           | 261         |
|    time_elapsed         | 1471        |
|    total_timesteps      | 534528      |
| train/                  |             |
|    approx_kl            | 0.031979933 |
|    clip_fraction        | 0.327       |
|    clip_range           | 0.2         |
|    entropy_loss         | -14.9       |
|    explained_variance   | 0.984       |
|    learning_rate        | 0.0003      |
|    loss                 | 0.318       |
|    n_updates            | 2600        |
|    policy_gradient_loss | -0.00754    |
|    std                  | 0.842       |
|    value_loss           | 1.02        |
-----------------------------------------
-----------------------------------------
| rollout/                |             |
|    ep_len_mean          | 8.93e+03    |
|    ep_rew_mean          | -690        |
| time/                   |             |
|    fps                  | 363         |
|    iterations           | 262         |
|    time_elapsed         | 1477        |
|    total_timesteps      | 536576      |
| train/                  |             |
|    approx_kl            | 0.028030375 |
|    clip_fraction        | 0.256       |
|    clip_range           | 0.2         |
|    entropy_loss         | -14.9       |
|    explained_variance   | 0.976       |
|    learning_rate        | 0.0003      |
|    loss                 | 0.846       |
|    n_updates            | 2610        |
|    policy_gradient_loss | -0.0142     |
|    std                  | 0.84        |
|    value_loss           | 2.08        |
-----------------------------------------
------------------------------------------
| rollout/                |              |
|    ep_len_mean          | 8.93e+03     |
|    ep_rew_mean          | -690         |
| time/                   |              |
|    fps                  | 363          |
|    iterations           | 263          |
|    time_elapsed         | 1482         |
|    total_timesteps      | 538624       |
| train/                  |              |
|    approx_kl            | 0.0075190165 |
|    clip_fraction        | 0.103        |
|    clip_range           | 0.2          |
|    entropy_loss         | -14.9        |
|    explained_variance   | 0.976        |
|    learning_rate        | 0.0003       |
|    loss                 | 8.56         |
|    n_updates            | 2620         |
|    policy_gradient_loss | -0.00444     |
|    std                  | 0.84         |
|    value_loss           | 14           |
------------------------------------------
----------------------------------------
| rollout/                |            |
|    ep_len_mean          | 8.93e+03   |
|    ep_rew_mean          | -690       |
| time/                   |            |
|    fps                  | 363        |
|    iterations           | 264        |
|    time_elapsed         | 1487       |
|    total_timesteps      | 540672     |
| train/                  |            |
|    approx_kl            | 0.03896685 |
|    clip_fraction        | 0.38       |
|    clip_range           | 0.2        |
|    entropy_loss         | -14.8      |
|    explained_variance   | 0.956      |
|    learning_rate        | 0.0003     |
|    loss                 | 0.222      |
|    n_updates            | 2630       |
|    policy_gradient_loss | -0.00811   |
|    std                  | 0.832      |
|    value_loss           | 1.07       |
----------------------------------------
----------------------------------------
| rollout/                |            |
|    ep_len_mean          | 8.93e+03   |
|    ep_rew_mean          | -690       |
| time/                   |            |
|    fps                  | 363        |
|    iterations           | 265        |
|    time_elapsed         | 1493       |
|    total_timesteps      | 542720     |
| train/                  |            |
|    approx_kl            | 0.04934931 |
|    clip_fraction        | 0.326      |
|    clip_range           | 0.2        |
|    entropy_loss         | -14.7      |
|    explained_variance   | 0.927      |
|    learning_rate        | 0.0003     |
|    loss                 | 0.311      |
|    n_updates            | 2640       |
|    policy_gradient_loss | -0.00812   |
|    std                  | 0.831      |
|    value_loss           | 1.11       |
----------------------------------------
-----------------------------------------
| rollout/                |             |
|    ep_len_mean          | 8.93e+03    |
|    ep_rew_mean          | -690        |
| time/                   |             |
|    fps                  | 363         |
|    iterations           | 266         |
|    time_elapsed         | 1499        |
|    total_timesteps      | 544768      |
| train/                  |             |
|    approx_kl            | 0.026992405 |
|    clip_fraction        | 0.257       |
|    clip_range           | 0.2         |
|    entropy_loss         | -14.7       |
|    explained_variance   | 0.963       |
|    learning_rate        | 0.0003      |
|    loss                 | 0.517       |
|    n_updates            | 2650        |
|    policy_gradient_loss | -0.0111     |
|    std                  | 0.83        |
|    value_loss           | 1.55        |
-----------------------------------------
------------------------------------------
| rollout/                |              |
|    ep_len_mean          | 8.93e+03     |
|    ep_rew_mean          | -690         |
| time/                   |              |
|    fps                  | 363          |
|    iterations           | 267          |
|    time_elapsed         | 1504         |
|    total_timesteps      | 546816       |
| train/                  |              |
|    approx_kl            | 0.0086642355 |
|    clip_fraction        | 0.097        |
|    clip_range           | 0.2          |
|    entropy_loss         | -14.7        |
|    explained_variance   | 0.981        |
|    learning_rate        | 0.0003       |
|    loss                 | 4.06         |
|    n_updates            | 2660         |
|    policy_gradient_loss | -0.00703     |
|    std                  | 0.83         |
|    value_loss           | 11.5         |
------------------------------------------
-----------------------------------------
| rollout/                |             |
|    ep_len_mean          | 8.93e+03    |
|    ep_rew_mean          | -690        |
| time/                   |             |
|    fps                  | 363         |
|    iterations           | 268         |
|    time_elapsed         | 1510        |
|    total_timesteps      | 548864      |
| train/                  |             |
|    approx_kl            | 0.036165908 |
|    clip_fraction        | 0.407       |
|    clip_range           | 0.2         |
|    entropy_loss         | -14.7       |
|    explained_variance   | 0.958       |
|    learning_rate        | 0.0003      |
|    loss                 | 0.219       |
|    n_updates            | 2670        |
|    policy_gradient_loss | -0.00172    |
|    std                  | 0.83        |
|    value_loss           | 0.5         |
-----------------------------------------
----------------------------------------
| rollout/                |            |
|    ep_len_mean          | 8.93e+03   |
|    ep_rew_mean          | -690       |
| time/                   |            |
|    fps                  | 363        |
|    iterations           | 269        |
|    time_elapsed         | 1516       |
|    total_timesteps      | 550912     |
| train/                  |            |
|    approx_kl            | 0.02707101 |
|    clip_fraction        | 0.324      |
|    clip_range           | 0.2        |
|    entropy_loss         | -14.7      |
|    explained_variance   | 0.977      |
|    learning_rate        | 0.0003     |
|    loss                 | 0.274      |
|    n_updates            | 2680       |
|    policy_gradient_loss | -0.0109    |
|    std                  | 0.832      |
|    value_loss           | 0.664      |
----------------------------------------
-----------------------------------------
| rollout/                |             |
|    ep_len_mean          | 8.93e+03    |
|    ep_rew_mean          | -690        |
| time/                   |             |
|    fps                  | 363         |
|    iterations           | 270         |
|    time_elapsed         | 1521        |
|    total_timesteps      | 552960      |
| train/                  |             |
|    approx_kl            | 0.025582453 |
|    clip_fraction        | 0.312       |
|    clip_range           | 0.2         |
|    entropy_loss         | -14.7       |
|    explained_variance   | 0.985       |
|    learning_rate        | 0.0003      |
|    loss                 | 0.28        |
|    n_updates            | 2690        |
|    policy_gradient_loss | -0.0145     |
|    std                  | 0.831       |
|    value_loss           | 0.925       |
-----------------------------------------
-----------------------------------------
| rollout/                |             |
|    ep_len_mean          | 8.93e+03    |
|    ep_rew_mean          | -689        |
| time/                   |             |
|    fps                  | 363         |
|    iterations           | 271         |
|    time_elapsed         | 1527        |
|    total_timesteps      | 555008      |
| train/                  |             |
|    approx_kl            | 0.020990632 |
|    clip_fraction        | 0.224       |
|    clip_range           | 0.2         |
|    entropy_loss         | -14.7       |
|    explained_variance   | 0.963       |
|    learning_rate        | 0.0003      |
|    loss                 | 0.498       |
|    n_updates            | 2700        |
|    policy_gradient_loss | -0.0114     |
|    std                  | 0.831       |
|    value_loss           | 1.56        |
-----------------------------------------
-----------------------------------------
| rollout/                |             |
|    ep_len_mean          | 8.93e+03    |
|    ep_rew_mean          | -689        |
| time/                   |             |
|    fps                  | 363         |
|    iterations           | 272         |
|    time_elapsed         | 1533        |
|    total_timesteps      | 557056      |
| train/                  |             |
|    approx_kl            | 0.010594772 |
|    clip_fraction        | 0.0718      |
|    clip_range           | 0.2         |
|    entropy_loss         | -14.7       |
|    explained_variance   | 0.972       |
|    learning_rate        | 0.0003      |
|    loss                 | 3           |
|    n_updates            | 2710        |
|    policy_gradient_loss | -0.0124     |
|    std                  | 0.831       |
|    value_loss           | 8.71        |
-----------------------------------------
-----------------------------------------
| rollout/                |             |
|    ep_len_mean          | 8.93e+03    |
|    ep_rew_mean          | -689        |
| time/                   |             |
|    fps                  | 363         |
|    iterations           | 273         |
|    time_elapsed         | 1538        |
|    total_timesteps      | 559104      |
| train/                  |             |
|    approx_kl            | 0.033313468 |
|    clip_fraction        | 0.369       |
|    clip_range           | 0.2         |
|    entropy_loss         | -14.7       |
|    explained_variance   | 0.97        |
|    learning_rate        | 0.0003      |
|    loss                 | 0.327       |
|    n_updates            | 2720        |
|    policy_gradient_loss | -0.00845    |
|    std                  | 0.831       |
|    value_loss           | 0.754       |
-----------------------------------------
-----------------------------------------
| rollout/                |             |
|    ep_len_mean          | 8.93e+03    |
|    ep_rew_mean          | -689        |
| time/                   |             |
|    fps                  | 363         |
|    iterations           | 274         |
|    time_elapsed         | 1544        |
|    total_timesteps      | 561152      |
| train/                  |             |
|    approx_kl            | 0.028740624 |
|    clip_fraction        | 0.326       |
|    clip_range           | 0.2         |
|    entropy_loss         | -14.7       |
|    explained_variance   | 0.976       |
|    learning_rate        | 0.0003      |
|    loss                 | 0.187       |
|    n_updates            | 2730        |
|    policy_gradient_loss | -0.0119     |
|    std                  | 0.83        |
|    value_loss           | 0.703       |
-----------------------------------------
-----------------------------------------
| rollout/                |             |
|    ep_len_mean          | 8.93e+03    |
|    ep_rew_mean          | -689        |
| time/                   |             |
|    fps                  | 363         |
|    iterations           | 275         |
|    time_elapsed         | 1549        |
|    total_timesteps      | 563200      |
| train/                  |             |
|    approx_kl            | 0.023522273 |
|    clip_fraction        | 0.275       |
|    clip_range           | 0.2         |
|    entropy_loss         | -14.7       |
|    explained_variance   | 0.976       |
|    learning_rate        | 0.0003      |
|    loss                 | 0.551       |
|    n_updates            | 2740        |
|    policy_gradient_loss | -0.0127     |
|    std                  | 0.833       |
|    value_loss           | 1.32        |
-----------------------------------------
-----------------------------------------
| rollout/                |             |
|    ep_len_mean          | 8.93e+03    |
|    ep_rew_mean          | -689        |
| time/                   |             |
|    fps                  | 363         |
|    iterations           | 276         |
|    time_elapsed         | 1555        |
|    total_timesteps      | 565248      |
| train/                  |             |
|    approx_kl            | 0.008643003 |
|    clip_fraction        | 0.0708      |
|    clip_range           | 0.2         |
|    entropy_loss         | -14.8       |
|    explained_variance   | 0.977       |
|    learning_rate        | 0.0003      |
|    loss                 | 2.43        |
|    n_updates            | 2750        |
|    policy_gradient_loss | -0.00917    |
|    std                  | 0.832       |
|    value_loss           | 8.54        |
-----------------------------------------
-----------------------------------------
| rollout/                |             |
|    ep_len_mean          | 8.93e+03    |
|    ep_rew_mean          | -689        |
| time/                   |             |
|    fps                  | 363         |
|    iterations           | 277         |
|    time_elapsed         | 1560        |
|    total_timesteps      | 567296      |
| train/                  |             |
|    approx_kl            | 0.030871673 |
|    clip_fraction        | 0.396       |
|    clip_range           | 0.2         |
|    entropy_loss         | -14.7       |
|    explained_variance   | 0.978       |
|    learning_rate        | 0.0003      |
|    loss                 | 0.122       |
|    n_updates            | 2760        |
|    policy_gradient_loss | -0.0139     |
|    std                  | 0.83        |
|    value_loss           | 0.711       |
-----------------------------------------
-----------------------------------------
| rollout/                |             |
|    ep_len_mean          | 8.93e+03    |
|    ep_rew_mean          | -689        |
| time/                   |             |
|    fps                  | 363         |
|    iterations           | 278         |
|    time_elapsed         | 1566        |
|    total_timesteps      | 569344      |
| train/                  |             |
|    approx_kl            | 0.032064013 |
|    clip_fraction        | 0.319       |
|    clip_range           | 0.2         |
|    entropy_loss         | -14.7       |
|    explained_variance   | 0.943       |
|    learning_rate        | 0.0003      |
|    loss                 | 0.305       |
|    n_updates            | 2770        |
|    policy_gradient_loss | -0.00887    |
|    std                  | 0.831       |
|    value_loss           | 0.852       |
-----------------------------------------
-----------------------------------------
| rollout/                |             |
|    ep_len_mean          | 8.93e+03    |
|    ep_rew_mean          | -689        |
| time/                   |             |
|    fps                  | 363         |
|    iterations           | 279         |
|    time_elapsed         | 1571        |
|    total_timesteps      | 571392      |
| train/                  |             |
|    approx_kl            | 0.017165996 |
|    clip_fraction        | 0.253       |
|    clip_range           | 0.2         |
|    entropy_loss         | -14.7       |
|    explained_variance   | 0.976       |
|    learning_rate        | 0.0003      |
|    loss                 | 0.35        |
|    n_updates            | 2780        |
|    policy_gradient_loss | -0.00972    |
|    std                  | 0.831       |
|    value_loss           | 1.17        |
-----------------------------------------
-----------------------------------------
| rollout/                |             |
|    ep_len_mean          | 8.93e+03    |
|    ep_rew_mean          | -689        |
| time/                   |             |
|    fps                  | 363         |
|    iterations           | 280         |
|    time_elapsed         | 1577        |
|    total_timesteps      | 573440      |
| train/                  |             |
|    approx_kl            | 0.006667059 |
|    clip_fraction        | 0.129       |
|    clip_range           | 0.2         |
|    entropy_loss         | -14.7       |
|    explained_variance   | 0.967       |
|    learning_rate        | 0.0003      |
|    loss                 | 2.51        |
|    n_updates            | 2790        |
|    policy_gradient_loss | -0.00763    |
|    std                  | 0.831       |
|    value_loss           | 8.8         |
-----------------------------------------
----------------------------------------
| rollout/                |            |
|    ep_len_mean          | 8.93e+03   |
|    ep_rew_mean          | -689       |
| time/                   |            |
|    fps                  | 363        |
|    iterations           | 281        |
|    time_elapsed         | 1582       |
|    total_timesteps      | 575488     |
| train/                  |            |
|    approx_kl            | 0.03893438 |
|    clip_fraction        | 0.385      |
|    clip_range           | 0.2        |
|    entropy_loss         | -14.7      |
|    explained_variance   | 0.944      |
|    learning_rate        | 0.0003     |
|    loss                 | 0.253      |
|    n_updates            | 2800       |
|    policy_gradient_loss | -0.00508   |
|    std                  | 0.829      |
|    value_loss           | 0.429      |
----------------------------------------
-----------------------------------------
| rollout/                |             |
|    ep_len_mean          | 8.93e+03    |
|    ep_rew_mean          | -689        |
| time/                   |             |
|    fps                  | 363         |
|    iterations           | 282         |
|    time_elapsed         | 1588        |
|    total_timesteps      | 577536      |
| train/                  |             |
|    approx_kl            | 0.019334704 |
|    clip_fraction        | 0.263       |
|    clip_range           | 0.2         |
|    entropy_loss         | -14.7       |
|    explained_variance   | 0.977       |
|    learning_rate        | 0.0003      |
|    loss                 | 0.217       |
|    n_updates            | 2810        |
|    policy_gradient_loss | -0.0101     |
|    std                  | 0.832       |
|    value_loss           | 0.83        |
-----------------------------------------
---------------------------------------
| rollout/                |           |
|    ep_len_mean          | 8.93e+03  |
|    ep_rew_mean          | -689      |
| time/                   |           |
|    fps                  | 363       |
|    iterations           | 283       |
|    time_elapsed         | 1594      |
|    total_timesteps      | 579584    |
| train/                  |           |
|    approx_kl            | 0.0248598 |
|    clip_fraction        | 0.27      |
|    clip_range           | 0.2       |
|    entropy_loss         | -14.8     |
|    explained_variance   | 0.989     |
|    learning_rate        | 0.0003    |
|    loss                 | 0.348     |
|    n_updates            | 2820      |
|    policy_gradient_loss | -0.015    |
|    std                  | 0.832     |
|    value_loss           | 0.807     |
---------------------------------------
----------------------------------------
| rollout/                |            |
|    ep_len_mean          | 8.93e+03   |
|    ep_rew_mean          | -688       |
| time/                   |            |
|    fps                  | 363        |
|    iterations           | 284        |
|    time_elapsed         | 1599       |
|    total_timesteps      | 581632     |
| train/                  |            |
|    approx_kl            | 0.01793734 |
|    clip_fraction        | 0.209      |
|    clip_range           | 0.2        |
|    entropy_loss         | -14.8      |
|    explained_variance   | 0.968      |
|    learning_rate        | 0.0003     |
|    loss                 | 0.551      |
|    n_updates            | 2830       |
|    policy_gradient_loss | -0.02      |
|    std                  | 0.833      |
|    value_loss           | 1.42       |
----------------------------------------
----------------------------------------
| rollout/                |            |
|    ep_len_mean          | 8.93e+03   |
|    ep_rew_mean          | -688       |
| time/                   |            |
|    fps                  | 363        |
|    iterations           | 285        |
|    time_elapsed         | 1605       |
|    total_timesteps      | 583680     |
| train/                  |            |
|    approx_kl            | 0.00846103 |
|    clip_fraction        | 0.0693     |
|    clip_range           | 0.2        |
|    entropy_loss         | -14.8      |
|    explained_variance   | 0.976      |
|    learning_rate        | 0.0003     |
|    loss                 | 2.61       |
|    n_updates            | 2840       |
|    policy_gradient_loss | -0.00957   |
|    std                  | 0.833      |
|    value_loss           | 6.33       |
----------------------------------------
-----------------------------------------
| rollout/                |             |
|    ep_len_mean          | 8.93e+03    |
|    ep_rew_mean          | -688        |
| time/                   |             |
|    fps                  | 363         |
|    iterations           | 286         |
|    time_elapsed         | 1610        |
|    total_timesteps      | 585728      |
| train/                  |             |
|    approx_kl            | 0.030959984 |
|    clip_fraction        | 0.305       |
|    clip_range           | 0.2         |
|    entropy_loss         | -14.7       |
|    explained_variance   | 0.967       |
|    learning_rate        | 0.0003      |
|    loss                 | 0.239       |
|    n_updates            | 2850        |
|    policy_gradient_loss | -0.00934    |
|    std                  | 0.83        |
|    value_loss           | 0.82        |
-----------------------------------------
-----------------------------------------
| rollout/                |             |
|    ep_len_mean          | 8.93e+03    |
|    ep_rew_mean          | -688        |
| time/                   |             |
|    fps                  | 363         |
|    iterations           | 287         |
|    time_elapsed         | 1616        |
|    total_timesteps      | 587776      |
| train/                  |             |
|    approx_kl            | 0.026674531 |
|    clip_fraction        | 0.331       |
|    clip_range           | 0.2         |
|    entropy_loss         | -14.7       |
|    explained_variance   | 0.975       |
|    learning_rate        | 0.0003      |
|    loss                 | 0.228       |
|    n_updates            | 2860        |
|    policy_gradient_loss | -0.00924    |
|    std                  | 0.828       |
|    value_loss           | 0.671       |
-----------------------------------------
-----------------------------------------
| rollout/                |             |
|    ep_len_mean          | 8.93e+03    |
|    ep_rew_mean          | -688        |
| time/                   |             |
|    fps                  | 363         |
|    iterations           | 288         |
|    time_elapsed         | 1621        |
|    total_timesteps      | 589824      |
| train/                  |             |
|    approx_kl            | 0.027709872 |
|    clip_fraction        | 0.263       |
|    clip_range           | 0.2         |
|    entropy_loss         | -14.7       |
|    explained_variance   | 0.976       |
|    learning_rate        | 0.0003      |
|    loss                 | 0.327       |
|    n_updates            | 2870        |
|    policy_gradient_loss | -0.0124     |
|    std                  | 0.829       |
|    value_loss           | 1.35        |
-----------------------------------------
-----------------------------------------
| rollout/                |             |
|    ep_len_mean          | 8.93e+03    |
|    ep_rew_mean          | -688        |
| time/                   |             |
|    fps                  | 363         |
|    iterations           | 289         |
|    time_elapsed         | 1627        |
|    total_timesteps      | 591872      |
| train/                  |             |
|    approx_kl            | 0.006507974 |
|    clip_fraction        | 0.0543      |
|    clip_range           | 0.2         |
|    entropy_loss         | -14.7       |
|    explained_variance   | 0.983       |
|    learning_rate        | 0.0003      |
|    loss                 | 4.22        |
|    n_updates            | 2880        |
|    policy_gradient_loss | -0.00845    |
|    std                  | 0.828       |
|    value_loss           | 8.37        |
-----------------------------------------
----------------------------------------
| rollout/                |            |
|    ep_len_mean          | 8.93e+03   |
|    ep_rew_mean          | -688       |
| time/                   |            |
|    fps                  | 363        |
|    iterations           | 290        |
|    time_elapsed         | 1632       |
|    total_timesteps      | 593920     |
| train/                  |            |
|    approx_kl            | 0.04394114 |
|    clip_fraction        | 0.388      |
|    clip_range           | 0.2        |
|    entropy_loss         | -14.7      |
|    explained_variance   | 0.98       |
|    learning_rate        | 0.0003     |
|    loss                 | 0.106      |
|    n_updates            | 2890       |
|    policy_gradient_loss | -0.00984   |
|    std                  | 0.825      |
|    value_loss           | 0.505      |
----------------------------------------
-----------------------------------------
| rollout/                |             |
|    ep_len_mean          | 8.93e+03    |
|    ep_rew_mean          | -688        |
| time/                   |             |
|    fps                  | 363         |
|    iterations           | 291         |
|    time_elapsed         | 1638        |
|    total_timesteps      | 595968      |
| train/                  |             |
|    approx_kl            | 0.024431556 |
|    clip_fraction        | 0.288       |
|    clip_range           | 0.2         |
|    entropy_loss         | -14.6       |
|    explained_variance   | 0.954       |
|    learning_rate        | 0.0003      |
|    loss                 | 0.308       |
|    n_updates            | 2900        |
|    policy_gradient_loss | -0.0126     |
|    std                  | 0.823       |
|    value_loss           | 0.697       |
-----------------------------------------
----------------------------------------
| rollout/                |            |
|    ep_len_mean          | 8.93e+03   |
|    ep_rew_mean          | -688       |
| time/                   |            |
|    fps                  | 363        |
|    iterations           | 292        |
|    time_elapsed         | 1643       |
|    total_timesteps      | 598016     |
| train/                  |            |
|    approx_kl            | 0.02274141 |
|    clip_fraction        | 0.249      |
|    clip_range           | 0.2        |
|    entropy_loss         | -14.6      |
|    explained_variance   | 0.984      |
|    learning_rate        | 0.0003     |
|    loss                 | 0.382      |
|    n_updates            | 2910       |
|    policy_gradient_loss | -0.015     |
|    std                  | 0.823      |
|    value_loss           | 1.05       |
----------------------------------------
-----------------------------------------
| rollout/                |             |
|    ep_len_mean          | 8.93e+03    |
|    ep_rew_mean          | -688        |
| time/                   |             |
|    fps                  | 363         |
|    iterations           | 293         |
|    time_elapsed         | 1649        |
|    total_timesteps      | 600064      |
| train/                  |             |
|    approx_kl            | 0.015847497 |
|    clip_fraction        | 0.136       |
|    clip_range           | 0.2         |
|    entropy_loss         | -14.6       |
|    explained_variance   | 0.956       |
|    learning_rate        | 0.0003      |
|    loss                 | 1.7         |
|    n_updates            | 2920        |
|    policy_gradient_loss | -0.0146     |
|    std                  | 0.823       |
|    value_loss           | 3.62        |
-----------------------------------------
-----------------------------------------
| rollout/                |             |
|    ep_len_mean          | 8.93e+03    |
|    ep_rew_mean          | -688        |
| time/                   |             |
|    fps                  | 363         |
|    iterations           | 294         |
|    time_elapsed         | 1654        |
|    total_timesteps      | 602112      |
| train/                  |             |
|    approx_kl            | 0.022685915 |
|    clip_fraction        | 0.26        |
|    clip_range           | 0.2         |
|    entropy_loss         | -14.6       |
|    explained_variance   | 0.982       |
|    learning_rate        | 0.0003      |
|    loss                 | 2.39        |
|    n_updates            | 2930        |
|    policy_gradient_loss | -0.00308    |
|    std                  | 0.822       |
|    value_loss           | 4.66        |
-----------------------------------------
-----------------------------------------
| rollout/                |             |
|    ep_len_mean          | 8.93e+03    |
|    ep_rew_mean          | -688        |
| time/                   |             |
|    fps                  | 363         |
|    iterations           | 295         |
|    time_elapsed         | 1660        |
|    total_timesteps      | 604160      |
| train/                  |             |
|    approx_kl            | 0.030730266 |
|    clip_fraction        | 0.364       |
|    clip_range           | 0.2         |
|    entropy_loss         | -14.6       |
|    explained_variance   | 0.976       |
|    learning_rate        | 0.0003      |
|    loss                 | 0.238       |
|    n_updates            | 2940        |
|    policy_gradient_loss | -0.00869    |
|    std                  | 0.824       |
|    value_loss           | 0.914       |
-----------------------------------------
-----------------------------------------
| rollout/                |             |
|    ep_len_mean          | 8.93e+03    |
|    ep_rew_mean          | -688        |
| time/                   |             |
|    fps                  | 363         |
|    iterations           | 296         |
|    time_elapsed         | 1665        |
|    total_timesteps      | 606208      |
| train/                  |             |
|    approx_kl            | 0.029366015 |
|    clip_fraction        | 0.32        |
|    clip_range           | 0.2         |
|    entropy_loss         | -14.6       |
|    explained_variance   | 0.989       |
|    learning_rate        | 0.0003      |
|    loss                 | 0.351       |
|    n_updates            | 2950        |
|    policy_gradient_loss | -0.0105     |
|    std                  | 0.824       |
|    value_loss           | 0.857       |
-----------------------------------------
-----------------------------------------
| rollout/                |             |
|    ep_len_mean          | 8.93e+03    |
|    ep_rew_mean          | -688        |
| time/                   |             |
|    fps                  | 363         |
|    iterations           | 297         |
|    time_elapsed         | 1671        |
|    total_timesteps      | 608256      |
| train/                  |             |
|    approx_kl            | 0.022255374 |
|    clip_fraction        | 0.242       |
|    clip_range           | 0.2         |
|    entropy_loss         | -14.7       |
|    explained_variance   | 0.976       |
|    learning_rate        | 0.0003      |
|    loss                 | 0.736       |
|    n_updates            | 2960        |
|    policy_gradient_loss | -0.0146     |
|    std                  | 0.828       |
|    value_loss           | 1.65        |
-----------------------------------------
-----------------------------------------
| rollout/                |             |
|    ep_len_mean          | 8.93e+03    |
|    ep_rew_mean          | -688        |
| time/                   |             |
|    fps                  | 363         |
|    iterations           | 298         |
|    time_elapsed         | 1676        |
|    total_timesteps      | 610304      |
| train/                  |             |
|    approx_kl            | 0.009269495 |
|    clip_fraction        | 0.0649      |
|    clip_range           | 0.2         |
|    entropy_loss         | -14.7       |
|    explained_variance   | 0.983       |
|    learning_rate        | 0.0003      |
|    loss                 | 11.9        |
|    n_updates            | 2970        |
|    policy_gradient_loss | -0.00564    |
|    std                  | 0.828       |
|    value_loss           | 9.83        |
-----------------------------------------
-----------------------------------------
| rollout/                |             |
|    ep_len_mean          | 8.93e+03    |
|    ep_rew_mean          | -688        |
| time/                   |             |
|    fps                  | 363         |
|    iterations           | 299         |
|    time_elapsed         | 1682        |
|    total_timesteps      | 612352      |
| train/                  |             |
|    approx_kl            | 0.038230088 |
|    clip_fraction        | 0.372       |
|    clip_range           | 0.2         |
|    entropy_loss         | -14.7       |
|    explained_variance   | 0.964       |
|    learning_rate        | 0.0003      |
|    loss                 | 0.387       |
|    n_updates            | 2980        |
|    policy_gradient_loss | -0.00705    |
|    std                  | 0.825       |
|    value_loss           | 0.757       |
-----------------------------------------
----------------------------------------
| rollout/                |            |
|    ep_len_mean          | 8.93e+03   |
|    ep_rew_mean          | -688       |
| time/                   |            |
|    fps                  | 363        |
|    iterations           | 300        |
|    time_elapsed         | 1688       |
|    total_timesteps      | 614400     |
| train/                  |            |
|    approx_kl            | 0.03226015 |
|    clip_fraction        | 0.348      |
|    clip_range           | 0.2        |
|    entropy_loss         | -14.6      |
|    explained_variance   | 0.961      |
|    learning_rate        | 0.0003     |
|    loss                 | 0.206      |
|    n_updates            | 2990       |
|    policy_gradient_loss | -0.0103    |
|    std                  | 0.823      |
|    value_loss           | 0.673      |
----------------------------------------
-----------------------------------------
| rollout/                |             |
|    ep_len_mean          | 8.93e+03    |
|    ep_rew_mean          | -687        |
| time/                   |             |
|    fps                  | 363         |
|    iterations           | 301         |
|    time_elapsed         | 1693        |
|    total_timesteps      | 616448      |
| train/                  |             |
|    approx_kl            | 0.021920405 |
|    clip_fraction        | 0.259       |
|    clip_range           | 0.2         |
|    entropy_loss         | -14.6       |
|    explained_variance   | 0.979       |
|    learning_rate        | 0.0003      |
|    loss                 | 0.428       |
|    n_updates            | 3000        |
|    policy_gradient_loss | -0.0112     |
|    std                  | 0.822       |
|    value_loss           | 1.33        |
-----------------------------------------
---------------------------------------
| rollout/                |           |
|    ep_len_mean          | 8.93e+03  |
|    ep_rew_mean          | -687      |
| time/                   |           |
|    fps                  | 364       |
|    iterations           | 302       |
|    time_elapsed         | 1699      |
|    total_timesteps      | 618496    |
| train/                  |           |
|    approx_kl            | 0.0097845 |
|    clip_fraction        | 0.099     |
|    clip_range           | 0.2       |
|    entropy_loss         | -14.6     |
|    explained_variance   | 0.97      |
|    learning_rate        | 0.0003    |
|    loss                 | 1.73      |
|    n_updates            | 3010      |
|    policy_gradient_loss | -0.0118   |
|    std                  | 0.821     |
|    value_loss           | 9.06      |
---------------------------------------
-----------------------------------------
| rollout/                |             |
|    ep_len_mean          | 8.93e+03    |
|    ep_rew_mean          | -687        |
| time/                   |             |
|    fps                  | 364         |
|    iterations           | 303         |
|    time_elapsed         | 1704        |
|    total_timesteps      | 620544      |
| train/                  |             |
|    approx_kl            | 0.045878902 |
|    clip_fraction        | 0.425       |
|    clip_range           | 0.2         |
|    entropy_loss         | -14.6       |
|    explained_variance   | 0.983       |
|    learning_rate        | 0.0003      |
|    loss                 | 0.155       |
|    n_updates            | 3020        |
|    policy_gradient_loss | -0.00631    |
|    std                  | 0.825       |
|    value_loss           | 0.467       |
-----------------------------------------
-----------------------------------------
| rollout/                |             |
|    ep_len_mean          | 8.93e+03    |
|    ep_rew_mean          | -687        |
| time/                   |             |
|    fps                  | 363         |
|    iterations           | 304         |
|    time_elapsed         | 1710        |
|    total_timesteps      | 622592      |
| train/                  |             |
|    approx_kl            | 0.029444521 |
|    clip_fraction        | 0.319       |
|    clip_range           | 0.2         |
|    entropy_loss         | -14.6       |
|    explained_variance   | 0.962       |
|    learning_rate        | 0.0003      |
|    loss                 | 0.24        |
|    n_updates            | 3030        |
|    policy_gradient_loss | -0.00738    |
|    std                  | 0.823       |
|    value_loss           | 0.78        |
-----------------------------------------
-----------------------------------------
| rollout/                |             |
|    ep_len_mean          | 8.93e+03    |
|    ep_rew_mean          | -687        |
| time/                   |             |
|    fps                  | 363         |
|    iterations           | 305         |
|    time_elapsed         | 1716        |
|    total_timesteps      | 624640      |
| train/                  |             |
|    approx_kl            | 0.020166766 |
|    clip_fraction        | 0.26        |
|    clip_range           | 0.2         |
|    entropy_loss         | -14.6       |
|    explained_variance   | 0.985       |
|    learning_rate        | 0.0003      |
|    loss                 | 0.446       |
|    n_updates            | 3040        |
|    policy_gradient_loss | -0.0179     |
|    std                  | 0.824       |
|    value_loss           | 0.925       |
-----------------------------------------
----------------------------------------
| rollout/                |            |
|    ep_len_mean          | 8.93e+03   |
|    ep_rew_mean          | -687       |
| time/                   |            |
|    fps                  | 363        |
|    iterations           | 306        |
|    time_elapsed         | 1721       |
|    total_timesteps      | 626688     |
| train/                  |            |
|    approx_kl            | 0.02372608 |
|    clip_fraction        | 0.232      |
|    clip_range           | 0.2        |
|    entropy_loss         | -14.6      |
|    explained_variance   | 0.982      |
|    learning_rate        | 0.0003     |
|    loss                 | 0.437      |
|    n_updates            | 3050       |
|    policy_gradient_loss | -0.0113    |
|    std                  | 0.823      |
|    value_loss           | 1.19       |
----------------------------------------
------------------------------------------
| rollout/                |              |
|    ep_len_mean          | 8.93e+03     |
|    ep_rew_mean          | -687         |
| time/                   |              |
|    fps                  | 364          |
|    iterations           | 307          |
|    time_elapsed         | 1727         |
|    total_timesteps      | 628736       |
| train/                  |              |
|    approx_kl            | 0.0071907737 |
|    clip_fraction        | 0.0542       |
|    clip_range           | 0.2          |
|    entropy_loss         | -14.6        |
|    explained_variance   | 0.943        |
|    learning_rate        | 0.0003       |
|    loss                 | 4.77         |
|    n_updates            | 3060         |
|    policy_gradient_loss | -0.00755     |
|    std                  | 0.822        |
|    value_loss           | 8.81         |
------------------------------------------
-----------------------------------------
| rollout/                |             |
|    ep_len_mean          | 8.93e+03    |
|    ep_rew_mean          | -687        |
| time/                   |             |
|    fps                  | 364         |
|    iterations           | 308         |
|    time_elapsed         | 1732        |
|    total_timesteps      | 630784      |
| train/                  |             |
|    approx_kl            | 0.032875173 |
|    clip_fraction        | 0.354       |
|    clip_range           | 0.2         |
|    entropy_loss         | -14.6       |
|    explained_variance   | 0.978       |
|    learning_rate        | 0.0003      |
|    loss                 | 0.139       |
|    n_updates            | 3070        |
|    policy_gradient_loss | -0.0109     |
|    std                  | 0.824       |
|    value_loss           | 0.805       |
-----------------------------------------
-----------------------------------------
| rollout/                |             |
|    ep_len_mean          | 8.93e+03    |
|    ep_rew_mean          | -687        |
| time/                   |             |
|    fps                  | 364         |
|    iterations           | 309         |
|    time_elapsed         | 1738        |
|    total_timesteps      | 632832      |
| train/                  |             |
|    approx_kl            | 0.027013324 |
|    clip_fraction        | 0.315       |
|    clip_range           | 0.2         |
|    entropy_loss         | -14.6       |
|    explained_variance   | 0.982       |
|    learning_rate        | 0.0003      |
|    loss                 | 0.266       |
|    n_updates            | 3080        |
|    policy_gradient_loss | -0.0128     |
|    std                  | 0.823       |
|    value_loss           | 0.766       |
-----------------------------------------
-----------------------------------------
| rollout/                |             |
|    ep_len_mean          | 8.93e+03    |
|    ep_rew_mean          | -687        |
| time/                   |             |
|    fps                  | 364         |
|    iterations           | 310         |
|    time_elapsed         | 1743        |
|    total_timesteps      | 634880      |
| train/                  |             |
|    approx_kl            | 0.023740407 |
|    clip_fraction        | 0.241       |
|    clip_range           | 0.2         |
|    entropy_loss         | -14.6       |
|    explained_variance   | 0.976       |
|    learning_rate        | 0.0003      |
|    loss                 | 0.5         |
|    n_updates            | 3090        |
|    policy_gradient_loss | -0.0162     |
|    std                  | 0.822       |
|    value_loss           | 1.35        |
-----------------------------------------
-----------------------------------------
| rollout/                |             |
|    ep_len_mean          | 8.93e+03    |
|    ep_rew_mean          | -687        |
| time/                   |             |
|    fps                  | 364         |
|    iterations           | 311         |
|    time_elapsed         | 1749        |
|    total_timesteps      | 636928      |
| train/                  |             |
|    approx_kl            | 0.009649301 |
|    clip_fraction        | 0.0702      |
|    clip_range           | 0.2         |
|    entropy_loss         | -14.6       |
|    explained_variance   | 0.98        |
|    learning_rate        | 0.0003      |
|    loss                 | 3.51        |
|    n_updates            | 3100        |
|    policy_gradient_loss | -0.00771    |
|    std                  | 0.822       |
|    value_loss           | 12.2        |
-----------------------------------------
----------------------------------------
| rollout/                |            |
|    ep_len_mean          | 8.93e+03   |
|    ep_rew_mean          | -687       |
| time/                   |            |
|    fps                  | 363        |
|    iterations           | 312        |
|    time_elapsed         | 1755       |
|    total_timesteps      | 638976     |
| train/                  |            |
|    approx_kl            | 0.03091209 |
|    clip_fraction        | 0.368      |
|    clip_range           | 0.2        |
|    entropy_loss         | -14.6      |
|    explained_variance   | 0.974      |
|    learning_rate        | 0.0003     |
|    loss                 | 0.305      |
|    n_updates            | 3110       |
|    policy_gradient_loss | -0.00386   |
|    std                  | 0.824      |
|    value_loss           | 0.789      |
----------------------------------------
-----------------------------------------
| rollout/                |             |
|    ep_len_mean          | 8.93e+03    |
|    ep_rew_mean          | -687        |
| time/                   |             |
|    fps                  | 363         |
|    iterations           | 313         |
|    time_elapsed         | 1761        |
|    total_timesteps      | 641024      |
| train/                  |             |
|    approx_kl            | 0.028306056 |
|    clip_fraction        | 0.27        |
|    clip_range           | 0.2         |
|    entropy_loss         | -14.6       |
|    explained_variance   | 0.942       |
|    learning_rate        | 0.0003      |
|    loss                 | 0.316       |
|    n_updates            | 3120        |
|    policy_gradient_loss | -0.0105     |
|    std                  | 0.823       |
|    value_loss           | 0.683       |
-----------------------------------------
-----------------------------------------
| rollout/                |             |
|    ep_len_mean          | 8.93e+03    |
|    ep_rew_mean          | -687        |
| time/                   |             |
|    fps                  | 363         |
|    iterations           | 314         |
|    time_elapsed         | 1767        |
|    total_timesteps      | 643072      |
| train/                  |             |
|    approx_kl            | 0.019015018 |
|    clip_fraction        | 0.258       |
|    clip_range           | 0.2         |
|    entropy_loss         | -14.6       |
|    explained_variance   | 0.968       |
|    learning_rate        | 0.0003      |
|    loss                 | 0.318       |
|    n_updates            | 3130        |
|    policy_gradient_loss | -0.0131     |
|    std                  | 0.822       |
|    value_loss           | 1.14        |
-----------------------------------------
-----------------------------------------
| rollout/                |             |
|    ep_len_mean          | 8.93e+03    |
|    ep_rew_mean          | -687        |
| time/                   |             |
|    fps                  | 363         |
|    iterations           | 315         |
|    time_elapsed         | 1772        |
|    total_timesteps      | 645120      |
| train/                  |             |
|    approx_kl            | 0.009551533 |
|    clip_fraction        | 0.0675      |
|    clip_range           | 0.2         |
|    entropy_loss         | -14.6       |
|    explained_variance   | 0.98        |
|    learning_rate        | 0.0003      |
|    loss                 | 1.66        |
|    n_updates            | 3140        |
|    policy_gradient_loss | -0.00869    |
|    std                  | 0.822       |
|    value_loss           | 7.47        |
-----------------------------------------
-----------------------------------------
| rollout/                |             |
|    ep_len_mean          | 8.93e+03    |
|    ep_rew_mean          | -687        |
| time/                   |             |
|    fps                  | 363         |
|    iterations           | 316         |
|    time_elapsed         | 1778        |
|    total_timesteps      | 647168      |
| train/                  |             |
|    approx_kl            | 0.032865904 |
|    clip_fraction        | 0.371       |
|    clip_range           | 0.2         |
|    entropy_loss         | -14.6       |
|    explained_variance   | 0.978       |
|    learning_rate        | 0.0003      |
|    loss                 | 0.155       |
|    n_updates            | 3150        |
|    policy_gradient_loss | -0.00644    |
|    std                  | 0.82        |
|    value_loss           | 0.487       |
-----------------------------------------
-----------------------------------------
| rollout/                |             |
|    ep_len_mean          | 8.93e+03    |
|    ep_rew_mean          | -687        |
| time/                   |             |
|    fps                  | 363         |
|    iterations           | 317         |
|    time_elapsed         | 1784        |
|    total_timesteps      | 649216      |
| train/                  |             |
|    approx_kl            | 0.026458774 |
|    clip_fraction        | 0.319       |
|    clip_range           | 0.2         |
|    entropy_loss         | -14.6       |
|    explained_variance   | 0.981       |
|    learning_rate        | 0.0003      |
|    loss                 | 0.287       |
|    n_updates            | 3160        |
|    policy_gradient_loss | -0.01       |
|    std                  | 0.821       |
|    value_loss           | 0.638       |
-----------------------------------------
-----------------------------------------
| rollout/                |             |
|    ep_len_mean          | 8.93e+03    |
|    ep_rew_mean          | -687        |
| time/                   |             |
|    fps                  | 363         |
|    iterations           | 318         |
|    time_elapsed         | 1789        |
|    total_timesteps      | 651264      |
| train/                  |             |
|    approx_kl            | 0.023750156 |
|    clip_fraction        | 0.286       |
|    clip_range           | 0.2         |
|    entropy_loss         | -14.6       |
|    explained_variance   | 0.989       |
|    learning_rate        | 0.0003      |
|    loss                 | 0.155       |
|    n_updates            | 3170        |
|    policy_gradient_loss | -0.0141     |
|    std                  | 0.825       |
|    value_loss           | 0.714       |
-----------------------------------------
-----------------------------------------
| rollout/                |             |
|    ep_len_mean          | 8.93e+03    |
|    ep_rew_mean          | -686        |
| time/                   |             |
|    fps                  | 363         |
|    iterations           | 319         |
|    time_elapsed         | 1795        |
|    total_timesteps      | 653312      |
| train/                  |             |
|    approx_kl            | 0.018366266 |
|    clip_fraction        | 0.212       |
|    clip_range           | 0.2         |
|    entropy_loss         | -14.7       |
|    explained_variance   | 0.973       |
|    learning_rate        | 0.0003      |
|    loss                 | 0.41        |
|    n_updates            | 3180        |
|    policy_gradient_loss | -0.0155     |
|    std                  | 0.828       |
|    value_loss           | 1.17        |
-----------------------------------------
-----------------------------------------
| rollout/                |             |
|    ep_len_mean          | 8.93e+03    |
|    ep_rew_mean          | -686        |
| time/                   |             |
|    fps                  | 363         |
|    iterations           | 320         |
|    time_elapsed         | 1801        |
|    total_timesteps      | 655360      |
| train/                  |             |
|    approx_kl            | 0.008214211 |
|    clip_fraction        | 0.0612      |
|    clip_range           | 0.2         |
|    entropy_loss         | -14.7       |
|    explained_variance   | 0.983       |
|    learning_rate        | 0.0003      |
|    loss                 | 0.809       |
|    n_updates            | 3190        |
|    policy_gradient_loss | -0.0082     |
|    std                  | 0.827       |
|    value_loss           | 7.25        |
-----------------------------------------
----------------------------------------
| rollout/                |            |
|    ep_len_mean          | 8.93e+03   |
|    ep_rew_mean          | -686       |
| time/                   |            |
|    fps                  | 363        |
|    iterations           | 321        |
|    time_elapsed         | 1806       |
|    total_timesteps      | 657408     |
| train/                  |            |
|    approx_kl            | 0.05166217 |
|    clip_fraction        | 0.309      |
|    clip_range           | 0.2        |
|    entropy_loss         | -14.6      |
|    explained_variance   | 0.977      |
|    learning_rate        | 0.0003     |
|    loss                 | 0.286      |
|    n_updates            | 3200       |
|    policy_gradient_loss | -0.0124    |
|    std                  | 0.824      |
|    value_loss           | 0.811      |
----------------------------------------
-----------------------------------------
| rollout/                |             |
|    ep_len_mean          | 8.93e+03    |
|    ep_rew_mean          | -686        |
| time/                   |             |
|    fps                  | 363         |
|    iterations           | 322         |
|    time_elapsed         | 1812        |
|    total_timesteps      | 659456      |
| train/                  |             |
|    approx_kl            | 0.030948166 |
|    clip_fraction        | 0.288       |
|    clip_range           | 0.2         |
|    entropy_loss         | -14.6       |
|    explained_variance   | 0.984       |
|    learning_rate        | 0.0003      |
|    loss                 | 0.176       |
|    n_updates            | 3210        |
|    policy_gradient_loss | -0.0128     |
|    std                  | 0.823       |
|    value_loss           | 0.705       |
-----------------------------------------
----------------------------------------
| rollout/                |            |
|    ep_len_mean          | 8.93e+03   |
|    ep_rew_mean          | -686       |
| time/                   |            |
|    fps                  | 363        |
|    iterations           | 323        |
|    time_elapsed         | 1817       |
|    total_timesteps      | 661504     |
| train/                  |            |
|    approx_kl            | 0.02253345 |
|    clip_fraction        | 0.269      |
|    clip_range           | 0.2        |
|    entropy_loss         | -14.6      |
|    explained_variance   | 0.971      |
|    learning_rate        | 0.0003     |
|    loss                 | 0.345      |
|    n_updates            | 3220       |
|    policy_gradient_loss | -0.0182    |
|    std                  | 0.82       |
|    value_loss           | 1.06       |
----------------------------------------
------------------------------------------
| rollout/                |              |
|    ep_len_mean          | 8.93e+03     |
|    ep_rew_mean          | -686         |
| time/                   |              |
|    fps                  | 363          |
|    iterations           | 324          |
|    time_elapsed         | 1823         |
|    total_timesteps      | 663552       |
| train/                  |              |
|    approx_kl            | 0.0065189125 |
|    clip_fraction        | 0.0434       |
|    clip_range           | 0.2          |
|    entropy_loss         | -14.6        |
|    explained_variance   | 0.988        |
|    learning_rate        | 0.0003       |
|    loss                 | 3.01         |
|    n_updates            | 3230         |
|    policy_gradient_loss | -0.00778     |
|    std                  | 0.82         |
|    value_loss           | 14.1         |
------------------------------------------
-----------------------------------------
| rollout/                |             |
|    ep_len_mean          | 8.93e+03    |
|    ep_rew_mean          | -686        |
| time/                   |             |
|    fps                  | 363         |
|    iterations           | 325         |
|    time_elapsed         | 1829        |
|    total_timesteps      | 665600      |
| train/                  |             |
|    approx_kl            | 0.031251594 |
|    clip_fraction        | 0.325       |
|    clip_range           | 0.2         |
|    entropy_loss         | -14.6       |
|    explained_variance   | 0.978       |
|    learning_rate        | 0.0003      |
|    loss                 | 0.215       |
|    n_updates            | 3240        |
|    policy_gradient_loss | -0.0117     |
|    std                  | 0.82        |
|    value_loss           | 0.744       |
-----------------------------------------
-----------------------------------------
| rollout/                |             |
|    ep_len_mean          | 8.93e+03    |
|    ep_rew_mean          | -686        |
| time/                   |             |
|    fps                  | 363         |
|    iterations           | 326         |
|    time_elapsed         | 1834        |
|    total_timesteps      | 667648      |
| train/                  |             |
|    approx_kl            | 0.026877385 |
|    clip_fraction        | 0.305       |
|    clip_range           | 0.2         |
|    entropy_loss         | -14.6       |
|    explained_variance   | 0.91        |
|    learning_rate        | 0.0003      |
|    loss                 | 0.151       |
|    n_updates            | 3250        |
|    policy_gradient_loss | -0.0104     |
|    std                  | 0.823       |
|    value_loss           | 0.872       |
-----------------------------------------
----------------------------------------
| rollout/                |            |
|    ep_len_mean          | 8.93e+03   |
|    ep_rew_mean          | -686       |
| time/                   |            |
|    fps                  | 363        |
|    iterations           | 327        |
|    time_elapsed         | 1840       |
|    total_timesteps      | 669696     |
| train/                  |            |
|    approx_kl            | 0.02381285 |
|    clip_fraction        | 0.25       |
|    clip_range           | 0.2        |
|    entropy_loss         | -14.6      |
|    explained_variance   | 0.957      |
|    learning_rate        | 0.0003     |
|    loss                 | 0.409      |
|    n_updates            | 3260       |
|    policy_gradient_loss | -0.013     |
|    std                  | 0.822      |
|    value_loss           | 1.11       |
----------------------------------------
-----------------------------------------
| rollout/                |             |
|    ep_len_mean          | 8.93e+03    |
|    ep_rew_mean          | -686        |
| time/                   |             |
|    fps                  | 363         |
|    iterations           | 328         |
|    time_elapsed         | 1845        |
|    total_timesteps      | 671744      |
| train/                  |             |
|    approx_kl            | 0.008406922 |
|    clip_fraction        | 0.0723      |
|    clip_range           | 0.2         |
|    entropy_loss         | -14.6       |
|    explained_variance   | 0.982       |
|    learning_rate        | 0.0003      |
|    loss                 | 1.6         |
|    n_updates            | 3270        |
|    policy_gradient_loss | -0.00978    |
|    std                  | 0.822       |
|    value_loss           | 8.8         |
-----------------------------------------
-----------------------------------------
| rollout/                |             |
|    ep_len_mean          | 8.93e+03    |
|    ep_rew_mean          | -686        |
| time/                   |             |
|    fps                  | 363         |
|    iterations           | 329         |
|    time_elapsed         | 1851        |
|    total_timesteps      | 673792      |
| train/                  |             |
|    approx_kl            | 0.046742164 |
|    clip_fraction        | 0.389       |
|    clip_range           | 0.2         |
|    entropy_loss         | -14.6       |
|    explained_variance   | 0.963       |
|    learning_rate        | 0.0003      |
|    loss                 | 0.138       |
|    n_updates            | 3280        |
|    policy_gradient_loss | -0.00913    |
|    std                  | 0.819       |
|    value_loss           | 0.445       |
-----------------------------------------
-----------------------------------------
| rollout/                |             |
|    ep_len_mean          | 8.93e+03    |
|    ep_rew_mean          | -686        |
| time/                   |             |
|    fps                  | 363         |
|    iterations           | 330         |
|    time_elapsed         | 1857        |
|    total_timesteps      | 675840      |
| train/                  |             |
|    approx_kl            | 0.023663945 |
|    clip_fraction        | 0.268       |
|    clip_range           | 0.2         |
|    entropy_loss         | -14.6       |
|    explained_variance   | 0.979       |
|    learning_rate        | 0.0003      |
|    loss                 | 0.214       |
|    n_updates            | 3290        |
|    policy_gradient_loss | -0.00951    |
|    std                  | 0.821       |
|    value_loss           | 0.702       |
-----------------------------------------
-----------------------------------------
| rollout/                |             |
|    ep_len_mean          | 8.93e+03    |
|    ep_rew_mean          | -686        |
| time/                   |             |
|    fps                  | 363         |
|    iterations           | 331         |
|    time_elapsed         | 1862        |
|    total_timesteps      | 677888      |
| train/                  |             |
|    approx_kl            | 0.023231842 |
|    clip_fraction        | 0.281       |
|    clip_range           | 0.2         |
|    entropy_loss         | -14.6       |
|    explained_variance   | 0.989       |
|    learning_rate        | 0.0003      |
|    loss                 | 0.214       |
|    n_updates            | 3300        |
|    policy_gradient_loss | -0.0114     |
|    std                  | 0.822       |
|    value_loss           | 0.614       |
-----------------------------------------
----------------------------------------
| rollout/                |            |
|    ep_len_mean          | 8.93e+03   |
|    ep_rew_mean          | -686       |
| time/                   |            |
|    fps                  | 363        |
|    iterations           | 332        |
|    time_elapsed         | 1868       |
|    total_timesteps      | 679936     |
| train/                  |            |
|    approx_kl            | 0.02126696 |
|    clip_fraction        | 0.232      |
|    clip_range           | 0.2        |
|    entropy_loss         | -14.6      |
|    explained_variance   | 0.966      |
|    learning_rate        | 0.0003     |
|    loss                 | 0.323      |
|    n_updates            | 3310       |
|    policy_gradient_loss | -0.0141    |
|    std                  | 0.82       |
|    value_loss           | 1.05       |
----------------------------------------
------------------------------------------
| rollout/                |              |
|    ep_len_mean          | 8.93e+03     |
|    ep_rew_mean          | -686         |
| time/                   |              |
|    fps                  | 363          |
|    iterations           | 333          |
|    time_elapsed         | 1873         |
|    total_timesteps      | 681984       |
| train/                  |              |
|    approx_kl            | 0.0077144704 |
|    clip_fraction        | 0.0459       |
|    clip_range           | 0.2          |
|    entropy_loss         | -14.5        |
|    explained_variance   | 0.987        |
|    learning_rate        | 0.0003       |
|    loss                 | 1.36         |
|    n_updates            | 3320         |
|    policy_gradient_loss | -0.00791     |
|    std                  | 0.82         |
|    value_loss           | 7.36         |
------------------------------------------
-----------------------------------------
| rollout/                |             |
|    ep_len_mean          | 8.93e+03    |
|    ep_rew_mean          | -686        |
| time/                   |             |
|    fps                  | 363         |
|    iterations           | 334         |
|    time_elapsed         | 1879        |
|    total_timesteps      | 684032      |
| train/                  |             |
|    approx_kl            | 0.036541484 |
|    clip_fraction        | 0.336       |
|    clip_range           | 0.2         |
|    entropy_loss         | -14.5       |
|    explained_variance   | 0.957       |
|    learning_rate        | 0.0003      |
|    loss                 | 0.384       |
|    n_updates            | 3330        |
|    policy_gradient_loss | -0.0142     |
|    std                  | 0.82        |
|    value_loss           | 0.774       |
-----------------------------------------
-----------------------------------------
| rollout/                |             |
|    ep_len_mean          | 8.93e+03    |
|    ep_rew_mean          | -686        |
| time/                   |             |
|    fps                  | 363         |
|    iterations           | 335         |
|    time_elapsed         | 1885        |
|    total_timesteps      | 686080      |
| train/                  |             |
|    approx_kl            | 0.029648814 |
|    clip_fraction        | 0.342       |
|    clip_range           | 0.2         |
|    entropy_loss         | -14.5       |
|    explained_variance   | 0.978       |
|    learning_rate        | 0.0003      |
|    loss                 | 0.14        |
|    n_updates            | 3340        |
|    policy_gradient_loss | -0.0135     |
|    std                  | 0.821       |
|    value_loss           | 0.538       |
-----------------------------------------
-----------------------------------------
| rollout/                |             |
|    ep_len_mean          | 8.93e+03    |
|    ep_rew_mean          | -686        |
| time/                   |             |
|    fps                  | 363         |
|    iterations           | 336         |
|    time_elapsed         | 1891        |
|    total_timesteps      | 688128      |
| train/                  |             |
|    approx_kl            | 0.020708546 |
|    clip_fraction        | 0.252       |
|    clip_range           | 0.2         |
|    entropy_loss         | -14.6       |
|    explained_variance   | 0.972       |
|    learning_rate        | 0.0003      |
|    loss                 | 0.322       |
|    n_updates            | 3350        |
|    policy_gradient_loss | -0.0159     |
|    std                  | 0.821       |
|    value_loss           | 1.06        |
-----------------------------------------
-----------------------------------------
| rollout/                |             |
|    ep_len_mean          | 8.93e+03    |
|    ep_rew_mean          | -686        |
| time/                   |             |
|    fps                  | 363         |
|    iterations           | 337         |
|    time_elapsed         | 1896        |
|    total_timesteps      | 690176      |
| train/                  |             |
|    approx_kl            | 0.005637722 |
|    clip_fraction        | 0.0505      |
|    clip_range           | 0.2         |
|    entropy_loss         | -14.6       |
|    explained_variance   | 0.989       |
|    learning_rate        | 0.0003      |
|    loss                 | 3.24        |
|    n_updates            | 3360        |
|    policy_gradient_loss | -0.00707    |
|    std                  | 0.821       |
|    value_loss           | 9.16        |
-----------------------------------------
----------------------------------------
| rollout/                |            |
|    ep_len_mean          | 8.93e+03   |
|    ep_rew_mean          | -686       |
| time/                   |            |
|    fps                  | 363        |
|    iterations           | 338        |
|    time_elapsed         | 1902       |
|    total_timesteps      | 692224     |
| train/                  |            |
|    approx_kl            | 0.04069135 |
|    clip_fraction        | 0.369      |
|    clip_range           | 0.2        |
|    entropy_loss         | -14.6      |
|    explained_variance   | 0.981      |
|    learning_rate        | 0.0003     |
|    loss                 | 0.137      |
|    n_updates            | 3370       |
|    policy_gradient_loss | -0.0116    |
|    std                  | 0.822      |
|    value_loss           | 0.624      |
----------------------------------------
-----------------------------------------
| rollout/                |             |
|    ep_len_mean          | 8.93e+03    |
|    ep_rew_mean          | -686        |
| time/                   |             |
|    fps                  | 363         |
|    iterations           | 339         |
|    time_elapsed         | 1907        |
|    total_timesteps      | 694272      |
| train/                  |             |
|    approx_kl            | 0.033049814 |
|    clip_fraction        | 0.308       |
|    clip_range           | 0.2         |
|    entropy_loss         | -14.5       |
|    explained_variance   | 0.935       |
|    learning_rate        | 0.0003      |
|    loss                 | 0.19        |
|    n_updates            | 3380        |
|    policy_gradient_loss | -0.0104     |
|    std                  | 0.817       |
|    value_loss           | 0.607       |
-----------------------------------------
-----------------------------------------
| rollout/                |             |
|    ep_len_mean          | 8.93e+03    |
|    ep_rew_mean          | -686        |
| time/                   |             |
|    fps                  | 363         |
|    iterations           | 340         |
|    time_elapsed         | 1913        |
|    total_timesteps      | 696320      |
| train/                  |             |
|    approx_kl            | 0.025353666 |
|    clip_fraction        | 0.268       |
|    clip_range           | 0.2         |
|    entropy_loss         | -14.5       |
|    explained_variance   | 0.985       |
|    learning_rate        | 0.0003      |
|    loss                 | 0.226       |
|    n_updates            | 3390        |
|    policy_gradient_loss | -0.0188     |
|    std                  | 0.818       |
|    value_loss           | 0.748       |
-----------------------------------------
------------------------------------------
| rollout/                |              |
|    ep_len_mean          | 8.93e+03     |
|    ep_rew_mean          | -685         |
| time/                   |              |
|    fps                  | 363          |
|    iterations           | 341          |
|    time_elapsed         | 1919         |
|    total_timesteps      | 698368       |
| train/                  |              |
|    approx_kl            | 0.0077063213 |
|    clip_fraction        | 0.123        |
|    clip_range           | 0.2          |
|    entropy_loss         | -14.5        |
|    explained_variance   | 0.954        |
|    learning_rate        | 0.0003       |
|    loss                 | 2.6          |
|    n_updates            | 3400         |
|    policy_gradient_loss | -0.00485     |
|    std                  | 0.818        |
|    value_loss           | 11.8         |
------------------------------------------
----------------------------------------
| rollout/                |            |
|    ep_len_mean          | 8.93e+03   |
|    ep_rew_mean          | -685       |
| time/                   |            |
|    fps                  | 363        |
|    iterations           | 342        |
|    time_elapsed         | 1924       |
|    total_timesteps      | 700416     |
| train/                  |            |
|    approx_kl            | 0.05067375 |
|    clip_fraction        | 0.369      |
|    clip_range           | 0.2        |
|    entropy_loss         | -14.5      |
|    explained_variance   | 0.988      |
|    learning_rate        | 0.0003     |
|    loss                 | 0.352      |
|    n_updates            | 3410       |
|    policy_gradient_loss | 0.00655    |
|    std                  | 0.818      |
|    value_loss           | 2.38       |
----------------------------------------
-----------------------------------------
| rollout/                |             |
|    ep_len_mean          | 8.93e+03    |
|    ep_rew_mean          | -685        |
| time/                   |             |
|    fps                  | 363         |
|    iterations           | 343         |
|    time_elapsed         | 1930        |
|    total_timesteps      | 702464      |
| train/                  |             |
|    approx_kl            | 0.034748003 |
|    clip_fraction        | 0.331       |
|    clip_range           | 0.2         |
|    entropy_loss         | -14.5       |
|    explained_variance   | 0.98        |
|    learning_rate        | 0.0003      |
|    loss                 | 0.19        |
|    n_updates            | 3420        |
|    policy_gradient_loss | -0.00924    |
|    std                  | 0.818       |
|    value_loss           | 0.803       |
-----------------------------------------
-----------------------------------------
| rollout/                |             |
|    ep_len_mean          | 8.93e+03    |
|    ep_rew_mean          | -685        |
| time/                   |             |
|    fps                  | 363         |
|    iterations           | 344         |
|    time_elapsed         | 1935        |
|    total_timesteps      | 704512      |
| train/                  |             |
|    approx_kl            | 0.029116765 |
|    clip_fraction        | 0.339       |
|    clip_range           | 0.2         |
|    entropy_loss         | -14.5       |
|    explained_variance   | 0.991       |
|    learning_rate        | 0.0003      |
|    loss                 | 0.153       |
|    n_updates            | 3430        |
|    policy_gradient_loss | -0.0119     |
|    std                  | 0.819       |
|    value_loss           | 0.573       |
-----------------------------------------
-----------------------------------------
| rollout/                |             |
|    ep_len_mean          | 8.93e+03    |
|    ep_rew_mean          | -685        |
| time/                   |             |
|    fps                  | 363         |
|    iterations           | 345         |
|    time_elapsed         | 1941        |
|    total_timesteps      | 706560      |
| train/                  |             |
|    approx_kl            | 0.019142069 |
|    clip_fraction        | 0.248       |
|    clip_range           | 0.2         |
|    entropy_loss         | -14.5       |
|    explained_variance   | 0.959       |
|    learning_rate        | 0.0003      |
|    loss                 | 0.357       |
|    n_updates            | 3440        |
|    policy_gradient_loss | -0.0167     |
|    std                  | 0.819       |
|    value_loss           | 1.42        |
-----------------------------------------
---------------------------------------
| rollout/                |           |
|    ep_len_mean          | 8.93e+03  |
|    ep_rew_mean          | -685      |
| time/                   |           |
|    fps                  | 363       |
|    iterations           | 346       |
|    time_elapsed         | 1947      |
|    total_timesteps      | 708608    |
| train/                  |           |
|    approx_kl            | 0.0105392 |
|    clip_fraction        | 0.0996    |
|    clip_range           | 0.2       |
|    entropy_loss         | -14.5     |
|    explained_variance   | 0.988     |
|    learning_rate        | 0.0003    |
|    loss                 | 2.15      |
|    n_updates            | 3450      |
|    policy_gradient_loss | -0.00958  |
|    std                  | 0.819     |
|    value_loss           | 6.88      |
---------------------------------------
----------------------------------------
| rollout/                |            |
|    ep_len_mean          | 8.93e+03   |
|    ep_rew_mean          | -685       |
| time/                   |            |
|    fps                  | 363        |
|    iterations           | 347        |
|    time_elapsed         | 1952       |
|    total_timesteps      | 710656     |
| train/                  |            |
|    approx_kl            | 0.03872647 |
|    clip_fraction        | 0.368      |
|    clip_range           | 0.2        |
|    entropy_loss         | -14.5      |
|    explained_variance   | 0.962      |
|    learning_rate        | 0.0003     |
|    loss                 | 0.219      |
|    n_updates            | 3460       |
|    policy_gradient_loss | -0.00801   |
|    std                  | 0.822      |
|    value_loss           | 0.729      |
----------------------------------------
----------------------------------------
| rollout/                |            |
|    ep_len_mean          | 8.93e+03   |
|    ep_rew_mean          | -685       |
| time/                   |            |
|    fps                  | 363        |
|    iterations           | 348        |
|    time_elapsed         | 1958       |
|    total_timesteps      | 712704     |
| train/                  |            |
|    approx_kl            | 0.02640907 |
|    clip_fraction        | 0.368      |
|    clip_range           | 0.2        |
|    entropy_loss         | -14.6      |
|    explained_variance   | 0.952      |
|    learning_rate        | 0.0003     |
|    loss                 | 0.273      |
|    n_updates            | 3470       |
|    policy_gradient_loss | -0.0192    |
|    std                  | 0.823      |
|    value_loss           | 0.699      |
----------------------------------------
----------------------------------------
| rollout/                |            |
|    ep_len_mean          | 8.93e+03   |
|    ep_rew_mean          | -685       |
| time/                   |            |
|    fps                  | 363        |
|    iterations           | 349        |
|    time_elapsed         | 1963       |
|    total_timesteps      | 714752     |
| train/                  |            |
|    approx_kl            | 0.02070912 |
|    clip_fraction        | 0.246      |
|    clip_range           | 0.2        |
|    entropy_loss         | -14.6      |
|    explained_variance   | 0.975      |
|    learning_rate        | 0.0003     |
|    loss                 | 0.684      |
|    n_updates            | 3480       |
|    policy_gradient_loss | -0.0166    |
|    std                  | 0.823      |
|    value_loss           | 1.16       |
----------------------------------------
------------------------------------------
| rollout/                |              |
|    ep_len_mean          | 8.93e+03     |
|    ep_rew_mean          | -685         |
| time/                   |              |
|    fps                  | 363          |
|    iterations           | 350          |
|    time_elapsed         | 1969         |
|    total_timesteps      | 716800       |
| train/                  |              |
|    approx_kl            | 0.0064436025 |
|    clip_fraction        | 0.0429       |
|    clip_range           | 0.2          |
|    entropy_loss         | -14.6        |
|    explained_variance   | 0.99         |
|    learning_rate        | 0.0003       |
|    loss                 | 1.35         |
|    n_updates            | 3490         |
|    policy_gradient_loss | -0.00807     |
|    std                  | 0.822        |
|    value_loss           | 9.54         |
------------------------------------------
-----------------------------------------
| rollout/                |             |
|    ep_len_mean          | 8.93e+03    |
|    ep_rew_mean          | -685        |
| time/                   |             |
|    fps                  | 363         |
|    iterations           | 351         |
|    time_elapsed         | 1974        |
|    total_timesteps      | 718848      |
| train/                  |             |
|    approx_kl            | 0.039848328 |
|    clip_fraction        | 0.39        |
|    clip_range           | 0.2         |
|    entropy_loss         | -14.6       |
|    explained_variance   | 0.985       |
|    learning_rate        | 0.0003      |
|    loss                 | 0.212       |
|    n_updates            | 3500        |
|    policy_gradient_loss | -0.00432    |
|    std                  | 0.822       |
|    value_loss           | 0.676       |
-----------------------------------------
----------------------------------------
| rollout/                |            |
|    ep_len_mean          | 8.93e+03   |
|    ep_rew_mean          | -685       |
| time/                   |            |
|    fps                  | 364        |
|    iterations           | 352        |
|    time_elapsed         | 1980       |
|    total_timesteps      | 720896     |
| train/                  |            |
|    approx_kl            | 0.02834948 |
|    clip_fraction        | 0.311      |
|    clip_range           | 0.2        |
|    entropy_loss         | -14.6      |
|    explained_variance   | 0.959      |
|    learning_rate        | 0.0003     |
|    loss                 | 0.26       |
|    n_updates            | 3510       |
|    policy_gradient_loss | -0.0126    |
|    std                  | 0.823      |
|    value_loss           | 0.854      |
----------------------------------------
-----------------------------------------
| rollout/                |             |
|    ep_len_mean          | 8.93e+03    |
|    ep_rew_mean          | -685        |
| time/                   |             |
|    fps                  | 364         |
|    iterations           | 353         |
|    time_elapsed         | 1986        |
|    total_timesteps      | 722944      |
| train/                  |             |
|    approx_kl            | 0.026355725 |
|    clip_fraction        | 0.314       |
|    clip_range           | 0.2         |
|    entropy_loss         | -14.5       |
|    explained_variance   | 0.982       |
|    learning_rate        | 0.0003      |
|    loss                 | 0.403       |
|    n_updates            | 3520        |
|    policy_gradient_loss | -0.0133     |
|    std                  | 0.822       |
|    value_loss           | 0.884       |
-----------------------------------------
-----------------------------------------
| rollout/                |             |
|    ep_len_mean          | 8.93e+03    |
|    ep_rew_mean          | -685        |
| time/                   |             |
|    fps                  | 364         |
|    iterations           | 354         |
|    time_elapsed         | 1991        |
|    total_timesteps      | 724992      |
| train/                  |             |
|    approx_kl            | 0.013211101 |
|    clip_fraction        | 0.148       |
|    clip_range           | 0.2         |
|    entropy_loss         | -14.5       |
|    explained_variance   | 0.939       |
|    learning_rate        | 0.0003      |
|    loss                 | 1.03        |
|    n_updates            | 3530        |
|    policy_gradient_loss | -0.0129     |
|    std                  | 0.821       |
|    value_loss           | 3.59        |
-----------------------------------------
-----------------------------------------
| rollout/                |             |
|    ep_len_mean          | 8.93e+03    |
|    ep_rew_mean          | -685        |
| time/                   |             |
|    fps                  | 364         |
|    iterations           | 355         |
|    time_elapsed         | 1996        |
|    total_timesteps      | 727040      |
| train/                  |             |
|    approx_kl            | 0.010816977 |
|    clip_fraction        | 0.0795      |
|    clip_range           | 0.2         |
|    entropy_loss         | -14.5       |
|    explained_variance   | 0.987       |
|    learning_rate        | 0.0003      |
|    loss                 | 2.93        |
|    n_updates            | 3540        |
|    policy_gradient_loss | -0.00836    |
|    std                  | 0.821       |
|    value_loss           | 7.39        |
-----------------------------------------
-----------------------------------------
| rollout/                |             |
|    ep_len_mean          | 8.93e+03    |
|    ep_rew_mean          | -685        |
| time/                   |             |
|    fps                  | 364         |
|    iterations           | 356         |
|    time_elapsed         | 2002        |
|    total_timesteps      | 729088      |
| train/                  |             |
|    approx_kl            | 0.034270167 |
|    clip_fraction        | 0.339       |
|    clip_range           | 0.2         |
|    entropy_loss         | -14.5       |
|    explained_variance   | 0.983       |
|    learning_rate        | 0.0003      |
|    loss                 | 0.173       |
|    n_updates            | 3550        |
|    policy_gradient_loss | -0.00839    |
|    std                  | 0.818       |
|    value_loss           | 0.761       |
-----------------------------------------
-----------------------------------------
| rollout/                |             |
|    ep_len_mean          | 8.93e+03    |
|    ep_rew_mean          | -685        |
| time/                   |             |
|    fps                  | 364         |
|    iterations           | 357         |
|    time_elapsed         | 2007        |
|    total_timesteps      | 731136      |
| train/                  |             |
|    approx_kl            | 0.039493736 |
|    clip_fraction        | 0.342       |
|    clip_range           | 0.2         |
|    entropy_loss         | -14.5       |
|    explained_variance   | 0.988       |
|    learning_rate        | 0.0003      |
|    loss                 | 0.227       |
|    n_updates            | 3560        |
|    policy_gradient_loss | -0.0106     |
|    std                  | 0.815       |
|    value_loss           | 0.651       |
-----------------------------------------
-----------------------------------------
| rollout/                |             |
|    ep_len_mean          | 8.93e+03    |
|    ep_rew_mean          | -684        |
| time/                   |             |
|    fps                  | 364         |
|    iterations           | 358         |
|    time_elapsed         | 2013        |
|    total_timesteps      | 733184      |
| train/                  |             |
|    approx_kl            | 0.031896625 |
|    clip_fraction        | 0.286       |
|    clip_range           | 0.2         |
|    entropy_loss         | -14.4       |
|    explained_variance   | 0.97        |
|    learning_rate        | 0.0003      |
|    loss                 | 0.355       |
|    n_updates            | 3570        |
|    policy_gradient_loss | -0.0133     |
|    std                  | 0.814       |
|    value_loss           | 1.16        |
-----------------------------------------
-----------------------------------------
| rollout/                |             |
|    ep_len_mean          | 8.93e+03    |
|    ep_rew_mean          | -684        |
| time/                   |             |
|    fps                  | 364         |
|    iterations           | 359         |
|    time_elapsed         | 2018        |
|    total_timesteps      | 735232      |
| train/                  |             |
|    approx_kl            | 0.010285512 |
|    clip_fraction        | 0.0827      |
|    clip_range           | 0.2         |
|    entropy_loss         | -14.4       |
|    explained_variance   | 0.99        |
|    learning_rate        | 0.0003      |
|    loss                 | 0.876       |
|    n_updates            | 3580        |
|    policy_gradient_loss | -0.0108     |
|    std                  | 0.814       |
|    value_loss           | 8.38        |
-----------------------------------------
----------------------------------------
| rollout/                |            |
|    ep_len_mean          | 8.93e+03   |
|    ep_rew_mean          | -684       |
| time/                   |            |
|    fps                  | 364        |
|    iterations           | 360        |
|    time_elapsed         | 2023       |
|    total_timesteps      | 737280     |
| train/                  |            |
|    approx_kl            | 0.03932168 |
|    clip_fraction        | 0.42       |
|    clip_range           | 0.2        |
|    entropy_loss         | -14.4      |
|    explained_variance   | 0.972      |
|    learning_rate        | 0.0003     |
|    loss                 | 0.293      |
|    n_updates            | 3590       |
|    policy_gradient_loss | -0.00275   |
|    std                  | 0.807      |
|    value_loss           | 0.573      |
----------------------------------------
-----------------------------------------
| rollout/                |             |
|    ep_len_mean          | 8.93e+03    |
|    ep_rew_mean          | -684        |
| time/                   |             |
|    fps                  | 364         |
|    iterations           | 361         |
|    time_elapsed         | 2029        |
|    total_timesteps      | 739328      |
| train/                  |             |
|    approx_kl            | 0.033774987 |
|    clip_fraction        | 0.353       |
|    clip_range           | 0.2         |
|    entropy_loss         | -14.3       |
|    explained_variance   | 0.961       |
|    learning_rate        | 0.0003      |
|    loss                 | 0.123       |
|    n_updates            | 3600        |
|    policy_gradient_loss | -0.00622    |
|    std                  | 0.808       |
|    value_loss           | 0.44        |
-----------------------------------------
----------------------------------------
| rollout/                |            |
|    ep_len_mean          | 8.93e+03   |
|    ep_rew_mean          | -684       |
| time/                   |            |
|    fps                  | 364        |
|    iterations           | 362        |
|    time_elapsed         | 2034       |
|    total_timesteps      | 741376     |
| train/                  |            |
|    approx_kl            | 0.02551321 |
|    clip_fraction        | 0.264      |
|    clip_range           | 0.2        |
|    entropy_loss         | -14.3      |
|    explained_variance   | 0.975      |
|    learning_rate        | 0.0003     |
|    loss                 | 0.386      |
|    n_updates            | 3610       |
|    policy_gradient_loss | -0.0152    |
|    std                  | 0.806      |
|    value_loss           | 1.04       |
----------------------------------------
-----------------------------------------
| rollout/                |             |
|    ep_len_mean          | 8.93e+03    |
|    ep_rew_mean          | -684        |
| time/                   |             |
|    fps                  | 364         |
|    iterations           | 363         |
|    time_elapsed         | 2038        |
|    total_timesteps      | 743424      |
| train/                  |             |
|    approx_kl            | 0.008074579 |
|    clip_fraction        | 0.0593      |
|    clip_range           | 0.2         |
|    entropy_loss         | -14.3       |
|    explained_variance   | 0.99        |
|    learning_rate        | 0.0003      |
|    loss                 | 2.07        |
|    n_updates            | 3620        |
|    policy_gradient_loss | -0.0085     |
|    std                  | 0.805       |
|    value_loss           | 7.57        |
-----------------------------------------
----------------------------------------
| rollout/                |            |
|    ep_len_mean          | 8.93e+03   |
|    ep_rew_mean          | -684       |
| time/                   |            |
|    fps                  | 364        |
|    iterations           | 364        |
|    time_elapsed         | 2043       |
|    total_timesteps      | 745472     |
| train/                  |            |
|    approx_kl            | 0.04292451 |
|    clip_fraction        | 0.392      |
|    clip_range           | 0.2        |
|    entropy_loss         | -14.3      |
|    explained_variance   | 0.987      |
|    learning_rate        | 0.0003     |
|    loss                 | 0.188      |
|    n_updates            | 3630       |
|    policy_gradient_loss | -0.00804   |
|    std                  | 0.803      |
|    value_loss           | 0.451      |
----------------------------------------
-----------------------------------------
| rollout/                |             |
|    ep_len_mean          | 8.93e+03    |
|    ep_rew_mean          | -684        |
| time/                   |             |
|    fps                  | 365         |
|    iterations           | 365         |
|    time_elapsed         | 2047        |
|    total_timesteps      | 747520      |
| train/                  |             |
|    approx_kl            | 0.039210975 |
|    clip_fraction        | 0.303       |
|    clip_range           | 0.2         |
|    entropy_loss         | -14.3       |
|    explained_variance   | 0.973       |
|    learning_rate        | 0.0003      |
|    loss                 | 0.149       |
|    n_updates            | 3640        |
|    policy_gradient_loss | -0.00896    |
|    std                  | 0.801       |
|    value_loss           | 0.577       |
-----------------------------------------
-----------------------------------------
| rollout/                |             |
|    ep_len_mean          | 8.93e+03    |
|    ep_rew_mean          | -684        |
| time/                   |             |
|    fps                  | 365         |
|    iterations           | 366         |
|    time_elapsed         | 2052        |
|    total_timesteps      | 749568      |
| train/                  |             |
|    approx_kl            | 0.022440467 |
|    clip_fraction        | 0.273       |
|    clip_range           | 0.2         |
|    entropy_loss         | -14.2       |
|    explained_variance   | 0.987       |
|    learning_rate        | 0.0003      |
|    loss                 | 0.183       |
|    n_updates            | 3650        |
|    policy_gradient_loss | -0.0162     |
|    std                  | 0.801       |
|    value_loss           | 0.629       |
-----------------------------------------
-----------------------------------------
| rollout/                |             |
|    ep_len_mean          | 8.93e+03    |
|    ep_rew_mean          | -684        |
| time/                   |             |
|    fps                  | 365         |
|    iterations           | 367         |
|    time_elapsed         | 2056        |
|    total_timesteps      | 751616      |
| train/                  |             |
|    approx_kl            | 0.018793406 |
|    clip_fraction        | 0.201       |
|    clip_range           | 0.2         |
|    entropy_loss         | -14.2       |
|    explained_variance   | 0.951       |
|    learning_rate        | 0.0003      |
|    loss                 | 0.502       |
|    n_updates            | 3660        |
|    policy_gradient_loss | -0.0106     |
|    std                  | 0.801       |
|    value_loss           | 1.08        |
-----------------------------------------
-----------------------------------------
| rollout/                |             |
|    ep_len_mean          | 8.93e+03    |
|    ep_rew_mean          | -684        |
| time/                   |             |
|    fps                  | 365         |
|    iterations           | 368         |
|    time_elapsed         | 2061        |
|    total_timesteps      | 753664      |
| train/                  |             |
|    approx_kl            | 0.009877543 |
|    clip_fraction        | 0.064       |
|    clip_range           | 0.2         |
|    entropy_loss         | -14.2       |
|    explained_variance   | 0.989       |
|    learning_rate        | 0.0003      |
|    loss                 | 0.832       |
|    n_updates            | 3670        |
|    policy_gradient_loss | -0.00709    |
|    std                  | 0.8         |
|    value_loss           | 5.83        |
-----------------------------------------
----------------------------------------
| rollout/                |            |
|    ep_len_mean          | 8.93e+03   |
|    ep_rew_mean          | -684       |
| time/                   |            |
|    fps                  | 365        |
|    iterations           | 369        |
|    time_elapsed         | 2066       |
|    total_timesteps      | 755712     |
| train/                  |            |
|    approx_kl            | 0.04846112 |
|    clip_fraction        | 0.394      |
|    clip_range           | 0.2        |
|    entropy_loss         | -14.2      |
|    explained_variance   | 0.974      |
|    learning_rate        | 0.0003     |
|    loss                 | 0.0723     |
|    n_updates            | 3680       |
|    policy_gradient_loss | -0.00707   |
|    std                  | 0.799      |
|    value_loss           | 0.654      |
----------------------------------------
-----------------------------------------
| rollout/                |             |
|    ep_len_mean          | 8.93e+03    |
|    ep_rew_mean          | -684        |
| time/                   |             |
|    fps                  | 366         |
|    iterations           | 370         |
|    time_elapsed         | 2070        |
|    total_timesteps      | 757760      |
| train/                  |             |
|    approx_kl            | 0.026413146 |
|    clip_fraction        | 0.342       |
|    clip_range           | 0.2         |
|    entropy_loss         | -14.2       |
|    explained_variance   | 0.983       |
|    learning_rate        | 0.0003      |
|    loss                 | 0.19        |
|    n_updates            | 3690        |
|    policy_gradient_loss | -0.0078     |
|    std                  | 0.801       |
|    value_loss           | 0.552       |
-----------------------------------------
----------------------------------------
| rollout/                |            |
|    ep_len_mean          | 8.93e+03   |
|    ep_rew_mean          | -684       |
| time/                   |            |
|    fps                  | 366        |
|    iterations           | 371        |
|    time_elapsed         | 2074       |
|    total_timesteps      | 759808     |
| train/                  |            |
|    approx_kl            | 0.02241905 |
|    clip_fraction        | 0.265      |
|    clip_range           | 0.2        |
|    entropy_loss         | -14.2      |
|    explained_variance   | 0.978      |
|    learning_rate        | 0.0003     |
|    loss                 | 0.331      |
|    n_updates            | 3700       |
|    policy_gradient_loss | -0.0159    |
|    std                  | 0.8        |
|    value_loss           | 0.995      |
----------------------------------------
-----------------------------------------
| rollout/                |             |
|    ep_len_mean          | 8.93e+03    |
|    ep_rew_mean          | -684        |
| time/                   |             |
|    fps                  | 366         |
|    iterations           | 372         |
|    time_elapsed         | 2079        |
|    total_timesteps      | 761856      |
| train/                  |             |
|    approx_kl            | 0.005403161 |
|    clip_fraction        | 0.162       |
|    clip_range           | 0.2         |
|    entropy_loss         | -14.2       |
|    explained_variance   | 0.99        |
|    learning_rate        | 0.0003      |
|    loss                 | 5           |
|    n_updates            | 3710        |
|    policy_gradient_loss | 0.000763    |
|    std                  | 0.799       |
|    value_loss           | 23.5        |
-----------------------------------------
----------------------------------------
| rollout/                |            |
|    ep_len_mean          | 8.93e+03   |
|    ep_rew_mean          | -684       |
| time/                   |            |
|    fps                  | 366        |
|    iterations           | 373        |
|    time_elapsed         | 2083       |
|    total_timesteps      | 763904     |
| train/                  |            |
|    approx_kl            | 0.02896703 |
|    clip_fraction        | 0.312      |
|    clip_range           | 0.2        |
|    entropy_loss         | -14.2      |
|    explained_variance   | 0.978      |
|    learning_rate        | 0.0003     |
|    loss                 | 0.19       |
|    n_updates            | 3720       |
|    policy_gradient_loss | -0.00996   |
|    std                  | 0.801      |
|    value_loss           | 0.643      |
----------------------------------------
-----------------------------------------
| rollout/                |             |
|    ep_len_mean          | 8.93e+03    |
|    ep_rew_mean          | -684        |
| time/                   |             |
|    fps                  | 366         |
|    iterations           | 374         |
|    time_elapsed         | 2088        |
|    total_timesteps      | 765952      |
| train/                  |             |
|    approx_kl            | 0.026502326 |
|    clip_fraction        | 0.354       |
|    clip_range           | 0.2         |
|    entropy_loss         | -14.2       |
|    explained_variance   | 0.944       |
|    learning_rate        | 0.0003      |
|    loss                 | 0.129       |
|    n_updates            | 3730        |
|    policy_gradient_loss | -0.00681    |
|    std                  | 0.799       |
|    value_loss           | 0.445       |
-----------------------------------------
-----------------------------------------
| rollout/                |             |
|    ep_len_mean          | 8.93e+03    |
|    ep_rew_mean          | -683        |
| time/                   |             |
|    fps                  | 366         |
|    iterations           | 375         |
|    time_elapsed         | 2092        |
|    total_timesteps      | 768000      |
| train/                  |             |
|    approx_kl            | 0.022813614 |
|    clip_fraction        | 0.258       |
|    clip_range           | 0.2         |
|    entropy_loss         | -14.2       |
|    explained_variance   | 0.969       |
|    learning_rate        | 0.0003      |
|    loss                 | 0.333       |
|    n_updates            | 3740        |
|    policy_gradient_loss | -0.0106     |
|    std                  | 0.8         |
|    value_loss           | 0.912       |
-----------------------------------------
-----------------------------------------
| rollout/                |             |
|    ep_len_mean          | 8.93e+03    |
|    ep_rew_mean          | -683        |
| time/                   |             |
|    fps                  | 367         |
|    iterations           | 376         |
|    time_elapsed         | 2097        |
|    total_timesteps      | 770048      |
| train/                  |             |
|    approx_kl            | 0.008128729 |
|    clip_fraction        | 0.0996      |
|    clip_range           | 0.2         |
|    entropy_loss         | -14.2       |
|    explained_variance   | 0.992       |
|    learning_rate        | 0.0003      |
|    loss                 | 4.58        |
|    n_updates            | 3750        |
|    policy_gradient_loss | -0.00922    |
|    std                  | 0.8         |
|    value_loss           | 9.57        |
-----------------------------------------
-----------------------------------------
| rollout/                |             |
|    ep_len_mean          | 8.93e+03    |
|    ep_rew_mean          | -683        |
| time/                   |             |
|    fps                  | 367         |
|    iterations           | 377         |
|    time_elapsed         | 2101        |
|    total_timesteps      | 772096      |
| train/                  |             |
|    approx_kl            | 0.037638083 |
|    clip_fraction        | 0.374       |
|    clip_range           | 0.2         |
|    entropy_loss         | -14.2       |
|    explained_variance   | 0.972       |
|    learning_rate        | 0.0003      |
|    loss                 | 0.0835      |
|    n_updates            | 3760        |
|    policy_gradient_loss | -0.00603    |
|    std                  | 0.8         |
|    value_loss           | 0.445       |
-----------------------------------------
-----------------------------------------
| rollout/                |             |
|    ep_len_mean          | 8.93e+03    |
|    ep_rew_mean          | -683        |
| time/                   |             |
|    fps                  | 367         |
|    iterations           | 378         |
|    time_elapsed         | 2105        |
|    total_timesteps      | 774144      |
| train/                  |             |
|    approx_kl            | 0.021791136 |
|    clip_fraction        | 0.322       |
|    clip_range           | 0.2         |
|    entropy_loss         | -14.2       |
|    explained_variance   | 0.984       |
|    learning_rate        | 0.0003      |
|    loss                 | 0.163       |
|    n_updates            | 3770        |
|    policy_gradient_loss | -0.0144     |
|    std                  | 0.801       |
|    value_loss           | 0.529       |
-----------------------------------------
-----------------------------------------
| rollout/                |             |
|    ep_len_mean          | 8.93e+03    |
|    ep_rew_mean          | -683        |
| time/                   |             |
|    fps                  | 367         |
|    iterations           | 379         |
|    time_elapsed         | 2110        |
|    total_timesteps      | 776192      |
| train/                  |             |
|    approx_kl            | 0.027370226 |
|    clip_fraction        | 0.296       |
|    clip_range           | 0.2         |
|    entropy_loss         | -14.2       |
|    explained_variance   | 0.989       |
|    learning_rate        | 0.0003      |
|    loss                 | 0.239       |
|    n_updates            | 3780        |
|    policy_gradient_loss | -0.0165     |
|    std                  | 0.801       |
|    value_loss           | 0.545       |
-----------------------------------------
-----------------------------------------
| rollout/                |             |
|    ep_len_mean          | 8.93e+03    |
|    ep_rew_mean          | -683        |
| time/                   |             |
|    fps                  | 367         |
|    iterations           | 380         |
|    time_elapsed         | 2115        |
|    total_timesteps      | 778240      |
| train/                  |             |
|    approx_kl            | 0.021347385 |
|    clip_fraction        | 0.21        |
|    clip_range           | 0.2         |
|    entropy_loss         | -14.2       |
|    explained_variance   | 0.94        |
|    learning_rate        | 0.0003      |
|    loss                 | 0.455       |
|    n_updates            | 3790        |
|    policy_gradient_loss | -0.0147     |
|    std                  | 0.802       |
|    value_loss           | 1.08        |
-----------------------------------------
-----------------------------------------
| rollout/                |             |
|    ep_len_mean          | 8.93e+03    |
|    ep_rew_mean          | -683        |
| time/                   |             |
|    fps                  | 368         |
|    iterations           | 381         |
|    time_elapsed         | 2119        |
|    total_timesteps      | 780288      |
| train/                  |             |
|    approx_kl            | 0.008093806 |
|    clip_fraction        | 0.0716      |
|    clip_range           | 0.2         |
|    entropy_loss         | -14.2       |
|    explained_variance   | 0.991       |
|    learning_rate        | 0.0003      |
|    loss                 | 3.34        |
|    n_updates            | 3800        |
|    policy_gradient_loss | -0.00792    |
|    std                  | 0.803       |
|    value_loss           | 6.82        |
-----------------------------------------
-----------------------------------------
| rollout/                |             |
|    ep_len_mean          | 8.93e+03    |
|    ep_rew_mean          | -683        |
| time/                   |             |
|    fps                  | 368         |
|    iterations           | 382         |
|    time_elapsed         | 2124        |
|    total_timesteps      | 782336      |
| train/                  |             |
|    approx_kl            | 0.030524695 |
|    clip_fraction        | 0.339       |
|    clip_range           | 0.2         |
|    entropy_loss         | -14.2       |
|    explained_variance   | 0.982       |
|    learning_rate        | 0.0003      |
|    loss                 | 0.132       |
|    n_updates            | 3810        |
|    policy_gradient_loss | -0.0116     |
|    std                  | 0.802       |
|    value_loss           | 0.654       |
-----------------------------------------
-----------------------------------------
| rollout/                |             |
|    ep_len_mean          | 8.93e+03    |
|    ep_rew_mean          | -683        |
| time/                   |             |
|    fps                  | 368         |
|    iterations           | 383         |
|    time_elapsed         | 2128        |
|    total_timesteps      | 784384      |
| train/                  |             |
|    approx_kl            | 0.036039487 |
|    clip_fraction        | 0.344       |
|    clip_range           | 0.2         |
|    entropy_loss         | -14.2       |
|    explained_variance   | 0.986       |
|    learning_rate        | 0.0003      |
|    loss                 | 0.122       |
|    n_updates            | 3820        |
|    policy_gradient_loss | -0.0104     |
|    std                  | 0.799       |
|    value_loss           | 0.511       |
-----------------------------------------
-----------------------------------------
| rollout/                |             |
|    ep_len_mean          | 8.93e+03    |
|    ep_rew_mean          | -683        |
| time/                   |             |
|    fps                  | 368         |
|    iterations           | 384         |
|    time_elapsed         | 2133        |
|    total_timesteps      | 786432      |
| train/                  |             |
|    approx_kl            | 0.035702717 |
|    clip_fraction        | 0.311       |
|    clip_range           | 0.2         |
|    entropy_loss         | -14.2       |
|    explained_variance   | 0.954       |
|    learning_rate        | 0.0003      |
|    loss                 | 0.39        |
|    n_updates            | 3830        |
|    policy_gradient_loss | -0.011      |
|    std                  | 0.798       |
|    value_loss           | 0.935       |
-----------------------------------------
------------------------------------------
| rollout/                |              |
|    ep_len_mean          | 8.93e+03     |
|    ep_rew_mean          | -683         |
| time/                   |              |
|    fps                  | 368          |
|    iterations           | 385          |
|    time_elapsed         | 2137         |
|    total_timesteps      | 788480       |
| train/                  |              |
|    approx_kl            | 0.0049597034 |
|    clip_fraction        | 0.0624       |
|    clip_range           | 0.2          |
|    entropy_loss         | -14.2        |
|    explained_variance   | 0.993        |
|    learning_rate        | 0.0003       |
|    loss                 | 3.12         |
|    n_updates            | 3840         |
|    policy_gradient_loss | -0.00559     |
|    std                  | 0.798        |
|    value_loss           | 16.3         |
------------------------------------------
-----------------------------------------
| rollout/                |             |
|    ep_len_mean          | 8.93e+03    |
|    ep_rew_mean          | -683        |
| time/                   |             |
|    fps                  | 369         |
|    iterations           | 386         |
|    time_elapsed         | 2142        |
|    total_timesteps      | 790528      |
| train/                  |             |
|    approx_kl            | 0.032210466 |
|    clip_fraction        | 0.326       |
|    clip_range           | 0.2         |
|    entropy_loss         | -14.2       |
|    explained_variance   | 0.985       |
|    learning_rate        | 0.0003      |
|    loss                 | 0.167       |
|    n_updates            | 3850        |
|    policy_gradient_loss | -0.00791    |
|    std                  | 0.795       |
|    value_loss           | 0.7         |
-----------------------------------------
-----------------------------------------
| rollout/                |             |
|    ep_len_mean          | 8.93e+03    |
|    ep_rew_mean          | -683        |
| time/                   |             |
|    fps                  | 369         |
|    iterations           | 387         |
|    time_elapsed         | 2146        |
|    total_timesteps      | 792576      |
| train/                  |             |
|    approx_kl            | 0.029834252 |
|    clip_fraction        | 0.332       |
|    clip_range           | 0.2         |
|    entropy_loss         | -14.2       |
|    explained_variance   | 0.966       |
|    learning_rate        | 0.0003      |
|    loss                 | 0.165       |
|    n_updates            | 3860        |
|    policy_gradient_loss | -0.0107     |
|    std                  | 0.8         |
|    value_loss           | 0.558       |
-----------------------------------------
-----------------------------------------
| rollout/                |             |
|    ep_len_mean          | 8.93e+03    |
|    ep_rew_mean          | -683        |
| time/                   |             |
|    fps                  | 369         |
|    iterations           | 388         |
|    time_elapsed         | 2151        |
|    total_timesteps      | 794624      |
| train/                  |             |
|    approx_kl            | 0.025074841 |
|    clip_fraction        | 0.287       |
|    clip_range           | 0.2         |
|    entropy_loss         | -14.2       |
|    explained_variance   | 0.966       |
|    learning_rate        | 0.0003      |
|    loss                 | 0.178       |
|    n_updates            | 3870        |
|    policy_gradient_loss | -0.0165     |
|    std                  | 0.799       |
|    value_loss           | 0.975       |
-----------------------------------------
------------------------------------------
| rollout/                |              |
|    ep_len_mean          | 8.93e+03     |
|    ep_rew_mean          | -683         |
| time/                   |              |
|    fps                  | 369          |
|    iterations           | 389          |
|    time_elapsed         | 2155         |
|    total_timesteps      | 796672       |
| train/                  |              |
|    approx_kl            | 0.0055159293 |
|    clip_fraction        | 0.11         |
|    clip_range           | 0.2          |
|    entropy_loss         | -14.2        |
|    explained_variance   | 0.987        |
|    learning_rate        | 0.0003       |
|    loss                 | 3.89         |
|    n_updates            | 3880         |
|    policy_gradient_loss | -0.00497     |
|    std                  | 0.799        |
|    value_loss           | 14.7         |
------------------------------------------
-----------------------------------------
| rollout/                |             |
|    ep_len_mean          | 8.93e+03    |
|    ep_rew_mean          | -683        |
| time/                   |             |
|    fps                  | 369         |
|    iterations           | 390         |
|    time_elapsed         | 2160        |
|    total_timesteps      | 798720      |
| train/                  |             |
|    approx_kl            | 0.038156983 |
|    clip_fraction        | 0.386       |
|    clip_range           | 0.2         |
|    entropy_loss         | -14.2       |
|    explained_variance   | 0.963       |
|    learning_rate        | 0.0003      |
|    loss                 | 0.125       |
|    n_updates            | 3890        |
|    policy_gradient_loss | 0.000106    |
|    std                  | 0.802       |
|    value_loss           | 0.517       |
-----------------------------------------
-----------------------------------------
| rollout/                |             |
|    ep_len_mean          | 8.93e+03    |
|    ep_rew_mean          | -683        |
| time/                   |             |
|    fps                  | 369         |
|    iterations           | 391         |
|    time_elapsed         | 2164        |
|    total_timesteps      | 800768      |
| train/                  |             |
|    approx_kl            | 0.030587683 |
|    clip_fraction        | 0.31        |
|    clip_range           | 0.2         |
|    entropy_loss         | -14.2       |
|    explained_variance   | 0.981       |
|    learning_rate        | 0.0003      |
|    loss                 | 0.178       |
|    n_updates            | 3900        |
|    policy_gradient_loss | -0.00793    |
|    std                  | 0.801       |
|    value_loss           | 0.725       |
-----------------------------------------
-----------------------------------------
| rollout/                |             |
|    ep_len_mean          | 8.93e+03    |
|    ep_rew_mean          | -683        |
| time/                   |             |
|    fps                  | 370         |
|    iterations           | 392         |
|    time_elapsed         | 2168        |
|    total_timesteps      | 802816      |
| train/                  |             |
|    approx_kl            | 0.026355147 |
|    clip_fraction        | 0.294       |
|    clip_range           | 0.2         |
|    entropy_loss         | -14.2       |
|    explained_variance   | 0.983       |
|    learning_rate        | 0.0003      |
|    loss                 | 0.218       |
|    n_updates            | 3910        |
|    policy_gradient_loss | -0.0125     |
|    std                  | 0.801       |
|    value_loss           | 0.672       |
-----------------------------------------
-----------------------------------------
| rollout/                |             |
|    ep_len_mean          | 8.93e+03    |
|    ep_rew_mean          | -683        |
| time/                   |             |
|    fps                  | 370         |
|    iterations           | 393         |
|    time_elapsed         | 2173        |
|    total_timesteps      | 804864      |
| train/                  |             |
|    approx_kl            | 0.019437637 |
|    clip_fraction        | 0.236       |
|    clip_range           | 0.2         |
|    entropy_loss         | -14.2       |
|    explained_variance   | 0.959       |
|    learning_rate        | 0.0003      |
|    loss                 | 0.215       |
|    n_updates            | 3920        |
|    policy_gradient_loss | -0.0125     |
|    std                  | 0.802       |
|    value_loss           | 1.06        |
-----------------------------------------
------------------------------------------
| rollout/                |              |
|    ep_len_mean          | 8.93e+03     |
|    ep_rew_mean          | -683         |
| time/                   |              |
|    fps                  | 370          |
|    iterations           | 394          |
|    time_elapsed         | 2177         |
|    total_timesteps      | 806912       |
| train/                  |              |
|    approx_kl            | 0.0047847214 |
|    clip_fraction        | 0.0458       |
|    clip_range           | 0.2          |
|    entropy_loss         | -14.2        |
|    explained_variance   | 0.979        |
|    learning_rate        | 0.0003       |
|    loss                 | 1.99         |
|    n_updates            | 3930         |
|    policy_gradient_loss | -0.00397     |
|    std                  | 0.802        |
|    value_loss           | 16.2         |
------------------------------------------
-----------------------------------------
| rollout/                |             |
|    ep_len_mean          | 8.93e+03    |
|    ep_rew_mean          | -683        |
| time/                   |             |
|    fps                  | 370         |
|    iterations           | 395         |
|    time_elapsed         | 2181        |
|    total_timesteps      | 808960      |
| train/                  |             |
|    approx_kl            | 0.027728155 |
|    clip_fraction        | 0.345       |
|    clip_range           | 0.2         |
|    entropy_loss         | -14.2       |
|    explained_variance   | 0.979       |
|    learning_rate        | 0.0003      |
|    loss                 | 0.143       |
|    n_updates            | 3940        |
|    policy_gradient_loss | -0.0114     |
|    std                  | 0.803       |
|    value_loss           | 0.787       |
-----------------------------------------
-----------------------------------------
| rollout/                |             |
|    ep_len_mean          | 8.93e+03    |
|    ep_rew_mean          | -683        |
| time/                   |             |
|    fps                  | 370         |
|    iterations           | 396         |
|    time_elapsed         | 2186        |
|    total_timesteps      | 811008      |
| train/                  |             |
|    approx_kl            | 0.031081835 |
|    clip_fraction        | 0.35        |
|    clip_range           | 0.2         |
|    entropy_loss         | -14.2       |
|    explained_variance   | 0.978       |
|    learning_rate        | 0.0003      |
|    loss                 | 0.124       |
|    n_updates            | 3950        |
|    policy_gradient_loss | -0.00647    |
|    std                  | 0.8         |
|    value_loss           | 0.453       |
-----------------------------------------
-----------------------------------------
| rollout/                |             |
|    ep_len_mean          | 8.93e+03    |
|    ep_rew_mean          | -682        |
| time/                   |             |
|    fps                  | 371         |
|    iterations           | 397         |
|    time_elapsed         | 2190        |
|    total_timesteps      | 813056      |
| train/                  |             |
|    approx_kl            | 0.025872856 |
|    clip_fraction        | 0.271       |
|    clip_range           | 0.2         |
|    entropy_loss         | -14.2       |
|    explained_variance   | 0.97        |
|    learning_rate        | 0.0003      |
|    loss                 | 0.332       |
|    n_updates            | 3960        |
|    policy_gradient_loss | -0.0148     |
|    std                  | 0.799       |
|    value_loss           | 0.885       |
-----------------------------------------
-----------------------------------------
| rollout/                |             |
|    ep_len_mean          | 8.93e+03    |
|    ep_rew_mean          | -682        |
| time/                   |             |
|    fps                  | 371         |
|    iterations           | 398         |
|    time_elapsed         | 2194        |
|    total_timesteps      | 815104      |
| train/                  |             |
|    approx_kl            | 0.005812042 |
|    clip_fraction        | 0.0407      |
|    clip_range           | 0.2         |
|    entropy_loss         | -14.2       |
|    explained_variance   | 0.99        |
|    learning_rate        | 0.0003      |
|    loss                 | 1.34        |
|    n_updates            | 3970        |
|    policy_gradient_loss | -0.00726    |
|    std                  | 0.799       |
|    value_loss           | 10.2        |
-----------------------------------------
-----------------------------------------
| rollout/                |             |
|    ep_len_mean          | 8.93e+03    |
|    ep_rew_mean          | -682        |
| time/                   |             |
|    fps                  | 371         |
|    iterations           | 399         |
|    time_elapsed         | 2199        |
|    total_timesteps      | 817152      |
| train/                  |             |
|    approx_kl            | 0.037816092 |
|    clip_fraction        | 0.343       |
|    clip_range           | 0.2         |
|    entropy_loss         | -14.2       |
|    explained_variance   | 0.986       |
|    learning_rate        | 0.0003      |
|    loss                 | 0.189       |
|    n_updates            | 3980        |
|    policy_gradient_loss | -0.00836    |
|    std                  | 0.8         |
|    value_loss           | 0.634       |
-----------------------------------------
-----------------------------------------
| rollout/                |             |
|    ep_len_mean          | 8.93e+03    |
|    ep_rew_mean          | -682        |
| time/                   |             |
|    fps                  | 371         |
|    iterations           | 400         |
|    time_elapsed         | 2203        |
|    total_timesteps      | 819200      |
| train/                  |             |
|    approx_kl            | 0.024465779 |
|    clip_fraction        | 0.295       |
|    clip_range           | 0.2         |
|    entropy_loss         | -14.2       |
|    explained_variance   | 0.955       |
|    learning_rate        | 0.0003      |
|    loss                 | 0.101       |
|    n_updates            | 3990        |
|    policy_gradient_loss | -0.00631    |
|    std                  | 0.8         |
|    value_loss           | 0.584       |
-----------------------------------------
-----------------------------------------
| rollout/                |             |
|    ep_len_mean          | 8.93e+03    |
|    ep_rew_mean          | -682        |
| time/                   |             |
|    fps                  | 371         |
|    iterations           | 401         |
|    time_elapsed         | 2208        |
|    total_timesteps      | 821248      |
| train/                  |             |
|    approx_kl            | 0.023605894 |
|    clip_fraction        | 0.28        |
|    clip_range           | 0.2         |
|    entropy_loss         | -14.2       |
|    explained_variance   | 0.986       |
|    learning_rate        | 0.0003      |
|    loss                 | 0.185       |
|    n_updates            | 4000        |
|    policy_gradient_loss | -0.0179     |
|    std                  | 0.804       |
|    value_loss           | 0.718       |
-----------------------------------------
-----------------------------------------
| rollout/                |             |
|    ep_len_mean          | 8.93e+03    |
|    ep_rew_mean          | -682        |
| time/                   |             |
|    fps                  | 372         |
|    iterations           | 402         |
|    time_elapsed         | 2213        |
|    total_timesteps      | 823296      |
| train/                  |             |
|    approx_kl            | 0.010250304 |
|    clip_fraction        | 0.107       |
|    clip_range           | 0.2         |
|    entropy_loss         | -14.3       |
|    explained_variance   | 0.964       |
|    learning_rate        | 0.0003      |
|    loss                 | 0.819       |
|    n_updates            | 4010        |
|    policy_gradient_loss | -0.00693    |
|    std                  | 0.803       |
|    value_loss           | 5.99        |
-----------------------------------------
----------------------------------------
| rollout/                |            |
|    ep_len_mean          | 8.93e+03   |
|    ep_rew_mean          | -682       |
| time/                   |            |
|    fps                  | 372        |
|    iterations           | 403        |
|    time_elapsed         | 2217       |
|    total_timesteps      | 825344     |
| train/                  |            |
|    approx_kl            | 0.03395085 |
|    clip_fraction        | 0.228      |
|    clip_range           | 0.2        |
|    entropy_loss         | -14.3      |
|    explained_variance   | 0.992      |
|    learning_rate        | 0.0003     |
|    loss                 | 0.633      |
|    n_updates            | 4020       |
|    policy_gradient_loss | -0.00798   |
|    std                  | 0.804      |
|    value_loss           | 2.39       |
----------------------------------------
-----------------------------------------
| rollout/                |             |
|    ep_len_mean          | 8.93e+03    |
|    ep_rew_mean          | -682        |
| time/                   |             |
|    fps                  | 372         |
|    iterations           | 404         |
|    time_elapsed         | 2222        |
|    total_timesteps      | 827392      |
| train/                  |             |
|    approx_kl            | 0.031165933 |
|    clip_fraction        | 0.376       |
|    clip_range           | 0.2         |
|    entropy_loss         | -14.3       |
|    explained_variance   | 0.975       |
|    learning_rate        | 0.0003      |
|    loss                 | 0.146       |
|    n_updates            | 4030        |
|    policy_gradient_loss | -0.00454    |
|    std                  | 0.803       |
|    value_loss           | 0.629       |
-----------------------------------------
----------------------------------------
| rollout/                |            |
|    ep_len_mean          | 8.93e+03   |
|    ep_rew_mean          | -682       |
| time/                   |            |
|    fps                  | 372        |
|    iterations           | 405        |
|    time_elapsed         | 2226       |
|    total_timesteps      | 829440     |
| train/                  |            |
|    approx_kl            | 0.04484573 |
|    clip_fraction        | 0.358      |
|    clip_range           | 0.2        |
|    entropy_loss         | -14.3      |
|    explained_variance   | 0.985      |
|    learning_rate        | 0.0003     |
|    loss                 | 0.0934     |
|    n_updates            | 4040       |
|    policy_gradient_loss | -0.0175    |
|    std                  | 0.802      |
|    value_loss           | 0.525      |
----------------------------------------
-----------------------------------------
| rollout/                |             |
|    ep_len_mean          | 8.93e+03    |
|    ep_rew_mean          | -682        |
| time/                   |             |
|    fps                  | 372         |
|    iterations           | 406         |
|    time_elapsed         | 2231        |
|    total_timesteps      | 831488      |
| train/                  |             |
|    approx_kl            | 0.029739724 |
|    clip_fraction        | 0.256       |
|    clip_range           | 0.2         |
|    entropy_loss         | -14.3       |
|    explained_variance   | 0.944       |
|    learning_rate        | 0.0003      |
|    loss                 | 0.343       |
|    n_updates            | 4050        |
|    policy_gradient_loss | -0.0172     |
|    std                  | 0.804       |
|    value_loss           | 0.928       |
-----------------------------------------
-----------------------------------------
| rollout/                |             |
|    ep_len_mean          | 8.93e+03    |
|    ep_rew_mean          | -682        |
| time/                   |             |
|    fps                  | 372         |
|    iterations           | 407         |
|    time_elapsed         | 2235        |
|    total_timesteps      | 833536      |
| train/                  |             |
|    approx_kl            | 0.008745141 |
|    clip_fraction        | 0.119       |
|    clip_range           | 0.2         |
|    entropy_loss         | -14.3       |
|    explained_variance   | 0.991       |
|    learning_rate        | 0.0003      |
|    loss                 | 0.994       |
|    n_updates            | 4060        |
|    policy_gradient_loss | -0.00752    |
|    std                  | 0.804       |
|    value_loss           | 5.55        |
-----------------------------------------
----------------------------------------
| rollout/                |            |
|    ep_len_mean          | 8.93e+03   |
|    ep_rew_mean          | -682       |
| time/                   |            |
|    fps                  | 372        |
|    iterations           | 408        |
|    time_elapsed         | 2240       |
|    total_timesteps      | 835584     |
| train/                  |            |
|    approx_kl            | 0.02954571 |
|    clip_fraction        | 0.303      |
|    clip_range           | 0.2        |
|    entropy_loss         | -14.3      |
|    explained_variance   | 0.964      |
|    learning_rate        | 0.0003     |
|    loss                 | 0.183      |
|    n_updates            | 4070       |
|    policy_gradient_loss | -0.0112    |
|    std                  | 0.802      |
|    value_loss           | 0.836      |
----------------------------------------
-----------------------------------------
| rollout/                |             |
|    ep_len_mean          | 8.93e+03    |
|    ep_rew_mean          | -682        |
| time/                   |             |
|    fps                  | 373         |
|    iterations           | 409         |
|    time_elapsed         | 2244        |
|    total_timesteps      | 837632      |
| train/                  |             |
|    approx_kl            | 0.029779363 |
|    clip_fraction        | 0.359       |
|    clip_range           | 0.2         |
|    entropy_loss         | -14.3       |
|    explained_variance   | 0.964       |
|    learning_rate        | 0.0003      |
|    loss                 | 0.215       |
|    n_updates            | 4080        |
|    policy_gradient_loss | -0.00776    |
|    std                  | 0.806       |
|    value_loss           | 0.508       |
-----------------------------------------
-----------------------------------------
| rollout/                |             |
|    ep_len_mean          | 8.93e+03    |
|    ep_rew_mean          | -682        |
| time/                   |             |
|    fps                  | 373         |
|    iterations           | 410         |
|    time_elapsed         | 2249        |
|    total_timesteps      | 839680      |
| train/                  |             |
|    approx_kl            | 0.026605012 |
|    clip_fraction        | 0.231       |
|    clip_range           | 0.2         |
|    entropy_loss         | -14.3       |
|    explained_variance   | 0.967       |
|    learning_rate        | 0.0003      |
|    loss                 | 0.344       |
|    n_updates            | 4090        |
|    policy_gradient_loss | -0.0148     |
|    std                  | 0.803       |
|    value_loss           | 1.22        |
-----------------------------------------
-----------------------------------------
| rollout/                |             |
|    ep_len_mean          | 8.93e+03    |
|    ep_rew_mean          | -682        |
| time/                   |             |
|    fps                  | 373         |
|    iterations           | 411         |
|    time_elapsed         | 2253        |
|    total_timesteps      | 841728      |
| train/                  |             |
|    approx_kl            | 0.007839656 |
|    clip_fraction        | 0.0785      |
|    clip_range           | 0.2         |
|    entropy_loss         | -14.3       |
|    explained_variance   | 0.992       |
|    learning_rate        | 0.0003      |
|    loss                 | 1.21        |
|    n_updates            | 4100        |
|    policy_gradient_loss | -0.00844    |
|    std                  | 0.803       |
|    value_loss           | 7.5         |
-----------------------------------------
-----------------------------------------
| rollout/                |             |
|    ep_len_mean          | 8.93e+03    |
|    ep_rew_mean          | -682        |
| time/                   |             |
|    fps                  | 373         |
|    iterations           | 412         |
|    time_elapsed         | 2257        |
|    total_timesteps      | 843776      |
| train/                  |             |
|    approx_kl            | 0.030817809 |
|    clip_fraction        | 0.361       |
|    clip_range           | 0.2         |
|    entropy_loss         | -14.2       |
|    explained_variance   | 0.987       |
|    learning_rate        | 0.0003      |
|    loss                 | 0.15        |
|    n_updates            | 4110        |
|    policy_gradient_loss | -0.00757    |
|    std                  | 0.801       |
|    value_loss           | 0.521       |
-----------------------------------------
----------------------------------------
| rollout/                |            |
|    ep_len_mean          | 8.93e+03   |
|    ep_rew_mean          | -682       |
| time/                   |            |
|    fps                  | 373        |
|    iterations           | 413        |
|    time_elapsed         | 2262       |
|    total_timesteps      | 845824     |
| train/                  |            |
|    approx_kl            | 0.02704931 |
|    clip_fraction        | 0.293      |
|    clip_range           | 0.2        |
|    entropy_loss         | -14.3      |
|    explained_variance   | 0.958      |
|    learning_rate        | 0.0003     |
|    loss                 | 0.214      |
|    n_updates            | 4120       |
|    policy_gradient_loss | -0.0145    |
|    std                  | 0.804      |
|    value_loss           | 0.668      |
----------------------------------------
-----------------------------------------
| rollout/                |             |
|    ep_len_mean          | 8.93e+03    |
|    ep_rew_mean          | -682        |
| time/                   |             |
|    fps                  | 374         |
|    iterations           | 414         |
|    time_elapsed         | 2266        |
|    total_timesteps      | 847872      |
| train/                  |             |
|    approx_kl            | 0.021643858 |
|    clip_fraction        | 0.238       |
|    clip_range           | 0.2         |
|    entropy_loss         | -14.3       |
|    explained_variance   | 0.98        |
|    learning_rate        | 0.0003      |
|    loss                 | 0.273       |
|    n_updates            | 4130        |
|    policy_gradient_loss | -0.0136     |
|    std                  | 0.804       |
|    value_loss           | 0.782       |
-----------------------------------------
-----------------------------------------
| rollout/                |             |
|    ep_len_mean          | 8.93e+03    |
|    ep_rew_mean          | -682        |
| time/                   |             |
|    fps                  | 374         |
|    iterations           | 415         |
|    time_elapsed         | 2270        |
|    total_timesteps      | 849920      |
| train/                  |             |
|    approx_kl            | 0.019025177 |
|    clip_fraction        | 0.201       |
|    clip_range           | 0.2         |
|    entropy_loss         | -14.2       |
|    explained_variance   | 0.958       |
|    learning_rate        | 0.0003      |
|    loss                 | 0.284       |
|    n_updates            | 4140        |
|    policy_gradient_loss | -0.0139     |
|    std                  | 0.8         |
|    value_loss           | 1.48        |
-----------------------------------------
-----------------------------------------
| rollout/                |             |
|    ep_len_mean          | 8.93e+03    |
|    ep_rew_mean          | -682        |
| time/                   |             |
|    fps                  | 374         |
|    iterations           | 416         |
|    time_elapsed         | 2274        |
|    total_timesteps      | 851968      |
| train/                  |             |
|    approx_kl            | 0.004403619 |
|    clip_fraction        | 0.0371      |
|    clip_range           | 0.2         |
|    entropy_loss         | -14.2       |
|    explained_variance   | 0.982       |
|    learning_rate        | 0.0003      |
|    loss                 | 1.96        |
|    n_updates            | 4150        |
|    policy_gradient_loss | -0.00643    |
|    std                  | 0.8         |
|    value_loss           | 9.85        |
-----------------------------------------
-----------------------------------------
| rollout/                |             |
|    ep_len_mean          | 8.93e+03    |
|    ep_rew_mean          | -682        |
| time/                   |             |
|    fps                  | 374         |
|    iterations           | 417         |
|    time_elapsed         | 2279        |
|    total_timesteps      | 854016      |
| train/                  |             |
|    approx_kl            | 0.031261086 |
|    clip_fraction        | 0.352       |
|    clip_range           | 0.2         |
|    entropy_loss         | -14.2       |
|    explained_variance   | 0.983       |
|    learning_rate        | 0.0003      |
|    loss                 | 0.223       |
|    n_updates            | 4160        |
|    policy_gradient_loss | -0.0124     |
|    std                  | 0.798       |
|    value_loss           | 0.699       |
-----------------------------------------
-----------------------------------------
| rollout/                |             |
|    ep_len_mean          | 8.93e+03    |
|    ep_rew_mean          | -682        |
| time/                   |             |
|    fps                  | 374         |
|    iterations           | 418         |
|    time_elapsed         | 2283        |
|    total_timesteps      | 856064      |
| train/                  |             |
|    approx_kl            | 0.025700102 |
|    clip_fraction        | 0.316       |
|    clip_range           | 0.2         |
|    entropy_loss         | -14.2       |
|    explained_variance   | 0.988       |
|    learning_rate        | 0.0003      |
|    loss                 | 0.233       |
|    n_updates            | 4170        |
|    policy_gradient_loss | -0.012      |
|    std                  | 0.798       |
|    value_loss           | 0.537       |
-----------------------------------------
-----------------------------------------
| rollout/                |             |
|    ep_len_mean          | 8.93e+03    |
|    ep_rew_mean          | -682        |
| time/                   |             |
|    fps                  | 375         |
|    iterations           | 419         |
|    time_elapsed         | 2287        |
|    total_timesteps      | 858112      |
| train/                  |             |
|    approx_kl            | 0.028258089 |
|    clip_fraction        | 0.222       |
|    clip_range           | 0.2         |
|    entropy_loss         | -14.2       |
|    explained_variance   | 0.965       |
|    learning_rate        | 0.0003      |
|    loss                 | 0.255       |
|    n_updates            | 4180        |
|    policy_gradient_loss | -0.0157     |
|    std                  | 0.794       |
|    value_loss           | 1.25        |
-----------------------------------------
-----------------------------------------
| rollout/                |             |
|    ep_len_mean          | 8.93e+03    |
|    ep_rew_mean          | -682        |
| time/                   |             |
|    fps                  | 375         |
|    iterations           | 420         |
|    time_elapsed         | 2292        |
|    total_timesteps      | 860160      |
| train/                  |             |
|    approx_kl            | 0.006021428 |
|    clip_fraction        | 0.0635      |
|    clip_range           | 0.2         |
|    entropy_loss         | -14.1       |
|    explained_variance   | 0.992       |
|    learning_rate        | 0.0003      |
|    loss                 | 3.86        |
|    n_updates            | 4190        |
|    policy_gradient_loss | -0.00595    |
|    std                  | 0.794       |
|    value_loss           | 19.7        |
-----------------------------------------
-----------------------------------------
| rollout/                |             |
|    ep_len_mean          | 8.93e+03    |
|    ep_rew_mean          | -682        |
| time/                   |             |
|    fps                  | 375         |
|    iterations           | 421         |
|    time_elapsed         | 2296        |
|    total_timesteps      | 862208      |
| train/                  |             |
|    approx_kl            | 0.037063476 |
|    clip_fraction        | 0.313       |
|    clip_range           | 0.2         |
|    entropy_loss         | -14.1       |
|    explained_variance   | 0.96        |
|    learning_rate        | 0.0003      |
|    loss                 | 0.263       |
|    n_updates            | 4200        |
|    policy_gradient_loss | -0.0137     |
|    std                  | 0.794       |
|    value_loss           | 0.826       |
-----------------------------------------
-----------------------------------------
| rollout/                |             |
|    ep_len_mean          | 8.93e+03    |
|    ep_rew_mean          | -682        |
| time/                   |             |
|    fps                  | 375         |
|    iterations           | 422         |
|    time_elapsed         | 2300        |
|    total_timesteps      | 864256      |
| train/                  |             |
|    approx_kl            | 0.036445126 |
|    clip_fraction        | 0.372       |
|    clip_range           | 0.2         |
|    entropy_loss         | -14.1       |
|    explained_variance   | 0.951       |
|    learning_rate        | 0.0003      |
|    loss                 | 0.0728      |
|    n_updates            | 4210        |
|    policy_gradient_loss | -0.0122     |
|    std                  | 0.792       |
|    value_loss           | 0.434       |
-----------------------------------------
-----------------------------------------
| rollout/                |             |
|    ep_len_mean          | 8.93e+03    |
|    ep_rew_mean          | -682        |
| time/                   |             |
|    fps                  | 375         |
|    iterations           | 423         |
|    time_elapsed         | 2304        |
|    total_timesteps      | 866304      |
| train/                  |             |
|    approx_kl            | 0.018664766 |
|    clip_fraction        | 0.23        |
|    clip_range           | 0.2         |
|    entropy_loss         | -14.1       |
|    explained_variance   | 0.96        |
|    learning_rate        | 0.0003      |
|    loss                 | 0.249       |
|    n_updates            | 4220        |
|    policy_gradient_loss | -0.0149     |
|    std                  | 0.793       |
|    value_loss           | 1.17        |
-----------------------------------------
-----------------------------------------
| rollout/                |             |
|    ep_len_mean          | 8.93e+03    |
|    ep_rew_mean          | -682        |
| time/                   |             |
|    fps                  | 376         |
|    iterations           | 424         |
|    time_elapsed         | 2308        |
|    total_timesteps      | 868352      |
| train/                  |             |
|    approx_kl            | 0.006554422 |
|    clip_fraction        | 0.0327      |
|    clip_range           | 0.2         |
|    entropy_loss         | -14.1       |
|    explained_variance   | 0.992       |
|    learning_rate        | 0.0003      |
|    loss                 | 2.45        |
|    n_updates            | 4230        |
|    policy_gradient_loss | -0.00649    |
|    std                  | 0.793       |
|    value_loss           | 7.3         |
-----------------------------------------
-----------------------------------------
| rollout/                |             |
|    ep_len_mean          | 8.93e+03    |
|    ep_rew_mean          | -682        |
| time/                   |             |
|    fps                  | 376         |
|    iterations           | 425         |
|    time_elapsed         | 2312        |
|    total_timesteps      | 870400      |
| train/                  |             |
|    approx_kl            | 0.037093244 |
|    clip_fraction        | 0.388       |
|    clip_range           | 0.2         |
|    entropy_loss         | -14.1       |
|    explained_variance   | 0.981       |
|    learning_rate        | 0.0003      |
|    loss                 | 0.171       |
|    n_updates            | 4240        |
|    policy_gradient_loss | -0.0108     |
|    std                  | 0.793       |
|    value_loss           | 0.586       |
-----------------------------------------
----------------------------------------
| rollout/                |            |
|    ep_len_mean          | 8.93e+03   |
|    ep_rew_mean          | -682       |
| time/                   |            |
|    fps                  | 376        |
|    iterations           | 426        |
|    time_elapsed         | 2316       |
|    total_timesteps      | 872448     |
| train/                  |            |
|    approx_kl            | 0.03569524 |
|    clip_fraction        | 0.333      |
|    clip_range           | 0.2        |
|    entropy_loss         | -14.1      |
|    explained_variance   | 0.981      |
|    learning_rate        | 0.0003     |
|    loss                 | 0.153      |
|    n_updates            | 4250       |
|    policy_gradient_loss | -0.015     |
|    std                  | 0.791      |
|    value_loss           | 0.603      |
----------------------------------------
-----------------------------------------
| rollout/                |             |
|    ep_len_mean          | 8.93e+03    |
|    ep_rew_mean          | -682        |
| time/                   |             |
|    fps                  | 376         |
|    iterations           | 427         |
|    time_elapsed         | 2320        |
|    total_timesteps      | 874496      |
| train/                  |             |
|    approx_kl            | 0.029117804 |
|    clip_fraction        | 0.302       |
|    clip_range           | 0.2         |
|    entropy_loss         | -14.1       |
|    explained_variance   | 0.98        |
|    learning_rate        | 0.0003      |
|    loss                 | 0.15        |
|    n_updates            | 4260        |
|    policy_gradient_loss | -0.0177     |
|    std                  | 0.792       |
|    value_loss           | 0.631       |
-----------------------------------------
-----------------------------------------
| rollout/                |             |
|    ep_len_mean          | 8.93e+03    |
|    ep_rew_mean          | -682        |
| time/                   |             |
|    fps                  | 377         |
|    iterations           | 428         |
|    time_elapsed         | 2324        |
|    total_timesteps      | 876544      |
| train/                  |             |
|    approx_kl            | 0.017821737 |
|    clip_fraction        | 0.195       |
|    clip_range           | 0.2         |
|    entropy_loss         | -14.1       |
|    explained_variance   | 0.956       |
|    learning_rate        | 0.0003      |
|    loss                 | 0.19        |
|    n_updates            | 4270        |
|    policy_gradient_loss | -0.0209     |
|    std                  | 0.792       |
|    value_loss           | 1.25        |
-----------------------------------------
-----------------------------------------
| rollout/                |             |
|    ep_len_mean          | 8.93e+03    |
|    ep_rew_mean          | -682        |
| time/                   |             |
|    fps                  | 377         |
|    iterations           | 429         |
|    time_elapsed         | 2328        |
|    total_timesteps      | 878592      |
| train/                  |             |
|    approx_kl            | 0.008466478 |
|    clip_fraction        | 0.067       |
|    clip_range           | 0.2         |
|    entropy_loss         | -14.1       |
|    explained_variance   | 0.992       |
|    learning_rate        | 0.0003      |
|    loss                 | 0.511       |
|    n_updates            | 4280        |
|    policy_gradient_loss | -0.0118     |
|    std                  | 0.792       |
|    value_loss           | 6.1         |
-----------------------------------------
----------------------------------------
| rollout/                |            |
|    ep_len_mean          | 8.93e+03   |
|    ep_rew_mean          | -682       |
| time/                   |            |
|    fps                  | 377        |
|    iterations           | 430        |
|    time_elapsed         | 2332       |
|    total_timesteps      | 880640     |
| train/                  |            |
|    approx_kl            | 0.03301841 |
|    clip_fraction        | 0.356      |
|    clip_range           | 0.2        |
|    entropy_loss         | -14.1      |
|    explained_variance   | 0.974      |
|    learning_rate        | 0.0003     |
|    loss                 | 0.215      |
|    n_updates            | 4290       |
|    policy_gradient_loss | -0.00649   |
|    std                  | 0.793      |
|    value_loss           | 0.691      |
----------------------------------------
-----------------------------------------
| rollout/                |             |
|    ep_len_mean          | 8.93e+03    |
|    ep_rew_mean          | -682        |
| time/                   |             |
|    fps                  | 377         |
|    iterations           | 431         |
|    time_elapsed         | 2337        |
|    total_timesteps      | 882688      |
| train/                  |             |
|    approx_kl            | 0.036654618 |
|    clip_fraction        | 0.339       |
|    clip_range           | 0.2         |
|    entropy_loss         | -14.1       |
|    explained_variance   | 0.98        |
|    learning_rate        | 0.0003      |
|    loss                 | 0.205       |
|    n_updates            | 4300        |
|    policy_gradient_loss | -0.0112     |
|    std                  | 0.79        |
|    value_loss           | 0.531       |
-----------------------------------------
-----------------------------------------
| rollout/                |             |
|    ep_len_mean          | 8.93e+03    |
|    ep_rew_mean          | -682        |
| time/                   |             |
|    fps                  | 377         |
|    iterations           | 432         |
|    time_elapsed         | 2341        |
|    total_timesteps      | 884736      |
| train/                  |             |
|    approx_kl            | 0.039104365 |
|    clip_fraction        | 0.34        |
|    clip_range           | 0.2         |
|    entropy_loss         | -14.1       |
|    explained_variance   | 0.932       |
|    learning_rate        | 0.0003      |
|    loss                 | 0.148       |
|    n_updates            | 4310        |
|    policy_gradient_loss | -0.013      |
|    std                  | 0.792       |
|    value_loss           | 0.72        |
-----------------------------------------
------------------------------------------
| rollout/                |              |
|    ep_len_mean          | 8.93e+03     |
|    ep_rew_mean          | -682         |
| time/                   |              |
|    fps                  | 378          |
|    iterations           | 433          |
|    time_elapsed         | 2345         |
|    total_timesteps      | 886784       |
| train/                  |              |
|    approx_kl            | 0.0059406036 |
|    clip_fraction        | 0.131        |
|    clip_range           | 0.2          |
|    entropy_loss         | -14.1        |
|    explained_variance   | 0.993        |
|    learning_rate        | 0.0003       |
|    loss                 | 2.4          |
|    n_updates            | 4320         |
|    policy_gradient_loss | -0.000997    |
|    std                  | 0.792        |
|    value_loss           | 22.8         |
------------------------------------------
-----------------------------------------
| rollout/                |             |
|    ep_len_mean          | 8.93e+03    |
|    ep_rew_mean          | -682        |
| time/                   |             |
|    fps                  | 378         |
|    iterations           | 434         |
|    time_elapsed         | 2349        |
|    total_timesteps      | 888832      |
| train/                  |             |
|    approx_kl            | 0.032610595 |
|    clip_fraction        | 0.275       |
|    clip_range           | 0.2         |
|    entropy_loss         | -14.1       |
|    explained_variance   | 0.98        |
|    learning_rate        | 0.0003      |
|    loss                 | 0.202       |
|    n_updates            | 4330        |
|    policy_gradient_loss | -0.0129     |
|    std                  | 0.793       |
|    value_loss           | 0.698       |
-----------------------------------------
-----------------------------------------
| rollout/                |             |
|    ep_len_mean          | 8.93e+03    |
|    ep_rew_mean          | -682        |
| time/                   |             |
|    fps                  | 378         |
|    iterations           | 435         |
|    time_elapsed         | 2354        |
|    total_timesteps      | 890880      |
| train/                  |             |
|    approx_kl            | 0.033154964 |
|    clip_fraction        | 0.355       |
|    clip_range           | 0.2         |
|    entropy_loss         | -14.1       |
|    explained_variance   | 0.958       |
|    learning_rate        | 0.0003      |
|    loss                 | 0.184       |
|    n_updates            | 4340        |
|    policy_gradient_loss | -0.0128     |
|    std                  | 0.793       |
|    value_loss           | 0.527       |
-----------------------------------------
----------------------------------------
| rollout/                |            |
|    ep_len_mean          | 8.93e+03   |
|    ep_rew_mean          | -682       |
| time/                   |            |
|    fps                  | 378        |
|    iterations           | 436        |
|    time_elapsed         | 2358       |
|    total_timesteps      | 892928     |
| train/                  |            |
|    approx_kl            | 0.02433109 |
|    clip_fraction        | 0.245      |
|    clip_range           | 0.2        |
|    entropy_loss         | -14.1      |
|    explained_variance   | 0.973      |
|    learning_rate        | 0.0003     |
|    loss                 | 0.19       |
|    n_updates            | 4350       |
|    policy_gradient_loss | -0.0135    |
|    std                  | 0.793      |
|    value_loss           | 0.781      |
----------------------------------------
-----------------------------------------
| rollout/                |             |
|    ep_len_mean          | 8.93e+03    |
|    ep_rew_mean          | -682        |
| time/                   |             |
|    fps                  | 378         |
|    iterations           | 437         |
|    time_elapsed         | 2363        |
|    total_timesteps      | 894976      |
| train/                  |             |
|    approx_kl            | 0.004452412 |
|    clip_fraction        | 0.121       |
|    clip_range           | 0.2         |
|    entropy_loss         | -14.1       |
|    explained_variance   | 0.994       |
|    learning_rate        | 0.0003      |
|    loss                 | 2.68        |
|    n_updates            | 4360        |
|    policy_gradient_loss | -0.00248    |
|    std                  | 0.793       |
|    value_loss           | 12.7        |
-----------------------------------------
----------------------------------------
| rollout/                |            |
|    ep_len_mean          | 8.93e+03   |
|    ep_rew_mean          | -682       |
| time/                   |            |
|    fps                  | 378        |
|    iterations           | 438        |
|    time_elapsed         | 2367       |
|    total_timesteps      | 897024     |
| train/                  |            |
|    approx_kl            | 0.03833765 |
|    clip_fraction        | 0.365      |
|    clip_range           | 0.2        |
|    entropy_loss         | -14.1      |
|    explained_variance   | 0.967      |
|    learning_rate        | 0.0003     |
|    loss                 | 0.118      |
|    n_updates            | 4370       |
|    policy_gradient_loss | -0.0124    |
|    std                  | 0.791      |
|    value_loss           | 0.51       |
----------------------------------------
-----------------------------------------
| rollout/                |             |
|    ep_len_mean          | 8.93e+03    |
|    ep_rew_mean          | -682        |
| time/                   |             |
|    fps                  | 379         |
|    iterations           | 439         |
|    time_elapsed         | 2372        |
|    total_timesteps      | 899072      |
| train/                  |             |
|    approx_kl            | 0.033251557 |
|    clip_fraction        | 0.367       |
|    clip_range           | 0.2         |
|    entropy_loss         | -14.1       |
|    explained_variance   | 0.982       |
|    learning_rate        | 0.0003      |
|    loss                 | 0.135       |
|    n_updates            | 4380        |
|    policy_gradient_loss | -0.0122     |
|    std                  | 0.789       |
|    value_loss           | 0.525       |
-----------------------------------------
-----------------------------------------
| rollout/                |             |
|    ep_len_mean          | 8.93e+03    |
|    ep_rew_mean          | -682        |
| time/                   |             |
|    fps                  | 379         |
|    iterations           | 440         |
|    time_elapsed         | 2376        |
|    total_timesteps      | 901120      |
| train/                  |             |
|    approx_kl            | 0.026102953 |
|    clip_fraction        | 0.315       |
|    clip_range           | 0.2         |
|    entropy_loss         | -14         |
|    explained_variance   | 0.989       |
|    learning_rate        | 0.0003      |
|    loss                 | 0.118       |
|    n_updates            | 4390        |
|    policy_gradient_loss | -0.0176     |
|    std                  | 0.788       |
|    value_loss           | 0.477       |
-----------------------------------------
-----------------------------------------
| rollout/                |             |
|    ep_len_mean          | 8.93e+03    |
|    ep_rew_mean          | -681        |
| time/                   |             |
|    fps                  | 379         |
|    iterations           | 441         |
|    time_elapsed         | 2380        |
|    total_timesteps      | 903168      |
| train/                  |             |
|    approx_kl            | 0.018603105 |
|    clip_fraction        | 0.21        |
|    clip_range           | 0.2         |
|    entropy_loss         | -14         |
|    explained_variance   | 0.931       |
|    learning_rate        | 0.0003      |
|    loss                 | 0.443       |
|    n_updates            | 4400        |
|    policy_gradient_loss | -0.0138     |
|    std                  | 0.788       |
|    value_loss           | 1.05        |
-----------------------------------------
-----------------------------------------
| rollout/                |             |
|    ep_len_mean          | 8.93e+03    |
|    ep_rew_mean          | -681        |
| time/                   |             |
|    fps                  | 379         |
|    iterations           | 442         |
|    time_elapsed         | 2384        |
|    total_timesteps      | 905216      |
| train/                  |             |
|    approx_kl            | 0.006162948 |
|    clip_fraction        | 0.0453      |
|    clip_range           | 0.2         |
|    entropy_loss         | -14         |
|    explained_variance   | 0.993       |
|    learning_rate        | 0.0003      |
|    loss                 | 1.52        |
|    n_updates            | 4410        |
|    policy_gradient_loss | -0.0108     |
|    std                  | 0.788       |
|    value_loss           | 8.38        |
-----------------------------------------
-----------------------------------------
| rollout/                |             |
|    ep_len_mean          | 8.93e+03    |
|    ep_rew_mean          | -681        |
| time/                   |             |
|    fps                  | 379         |
|    iterations           | 443         |
|    time_elapsed         | 2388        |
|    total_timesteps      | 907264      |
| train/                  |             |
|    approx_kl            | 0.029040124 |
|    clip_fraction        | 0.352       |
|    clip_range           | 0.2         |
|    entropy_loss         | -14         |
|    explained_variance   | 0.98        |
|    learning_rate        | 0.0003      |
|    loss                 | 0.123       |
|    n_updates            | 4420        |
|    policy_gradient_loss | -0.00972    |
|    std                  | 0.787       |
|    value_loss           | 0.577       |
-----------------------------------------
-----------------------------------------
| rollout/                |             |
|    ep_len_mean          | 8.93e+03    |
|    ep_rew_mean          | -681        |
| time/                   |             |
|    fps                  | 380         |
|    iterations           | 444         |
|    time_elapsed         | 2392        |
|    total_timesteps      | 909312      |
| train/                  |             |
|    approx_kl            | 0.031370502 |
|    clip_fraction        | 0.335       |
|    clip_range           | 0.2         |
|    entropy_loss         | -14         |
|    explained_variance   | 0.981       |
|    learning_rate        | 0.0003      |
|    loss                 | 0.101       |
|    n_updates            | 4430        |
|    policy_gradient_loss | -0.0125     |
|    std                  | 0.787       |
|    value_loss           | 0.451       |
-----------------------------------------
-----------------------------------------
| rollout/                |             |
|    ep_len_mean          | 8.93e+03    |
|    ep_rew_mean          | -681        |
| time/                   |             |
|    fps                  | 380         |
|    iterations           | 445         |
|    time_elapsed         | 2396        |
|    total_timesteps      | 911360      |
| train/                  |             |
|    approx_kl            | 0.022879325 |
|    clip_fraction        | 0.248       |
|    clip_range           | 0.2         |
|    entropy_loss         | -14         |
|    explained_variance   | 0.957       |
|    learning_rate        | 0.0003      |
|    loss                 | 0.219       |
|    n_updates            | 4440        |
|    policy_gradient_loss | -0.0122     |
|    std                  | 0.788       |
|    value_loss           | 1.02        |
-----------------------------------------
------------------------------------------
| rollout/                |              |
|    ep_len_mean          | 8.93e+03     |
|    ep_rew_mean          | -681         |
| time/                   |              |
|    fps                  | 380          |
|    iterations           | 446          |
|    time_elapsed         | 2400         |
|    total_timesteps      | 913408       |
| train/                  |              |
|    approx_kl            | 0.0073742615 |
|    clip_fraction        | 0.0744       |
|    clip_range           | 0.2          |
|    entropy_loss         | -14          |
|    explained_variance   | 0.995        |
|    learning_rate        | 0.0003       |
|    loss                 | 7.32         |
|    n_updates            | 4450         |
|    policy_gradient_loss | -0.00745     |
|    std                  | 0.788        |
|    value_loss           | 9.41         |
------------------------------------------
-----------------------------------------
| rollout/                |             |
|    ep_len_mean          | 8.93e+03    |
|    ep_rew_mean          | -681        |
| time/                   |             |
|    fps                  | 380         |
|    iterations           | 447         |
|    time_elapsed         | 2405        |
|    total_timesteps      | 915456      |
| train/                  |             |
|    approx_kl            | 0.029510848 |
|    clip_fraction        | 0.338       |
|    clip_range           | 0.2         |
|    entropy_loss         | -14         |
|    explained_variance   | 0.989       |
|    learning_rate        | 0.0003      |
|    loss                 | 0.154       |
|    n_updates            | 4460        |
|    policy_gradient_loss | -0.0103     |
|    std                  | 0.788       |
|    value_loss           | 0.497       |
-----------------------------------------
----------------------------------------
| rollout/                |            |
|    ep_len_mean          | 8.93e+03   |
|    ep_rew_mean          | -681       |
| time/                   |            |
|    fps                  | 380        |
|    iterations           | 448        |
|    time_elapsed         | 2409       |
|    total_timesteps      | 917504     |
| train/                  |            |
|    approx_kl            | 0.04198614 |
|    clip_fraction        | 0.32       |
|    clip_range           | 0.2        |
|    entropy_loss         | -14        |
|    explained_variance   | 0.949      |
|    learning_rate        | 0.0003     |
|    loss                 | 0.191      |
|    n_updates            | 4470       |
|    policy_gradient_loss | -0.0122    |
|    std                  | 0.784      |
|    value_loss           | 0.527      |
----------------------------------------
-----------------------------------------
| rollout/                |             |
|    ep_len_mean          | 8.93e+03    |
|    ep_rew_mean          | -681        |
| time/                   |             |
|    fps                  | 380         |
|    iterations           | 449         |
|    time_elapsed         | 2413        |
|    total_timesteps      | 919552      |
| train/                  |             |
|    approx_kl            | 0.026082393 |
|    clip_fraction        | 0.301       |
|    clip_range           | 0.2         |
|    entropy_loss         | -13.9       |
|    explained_variance   | 0.982       |
|    learning_rate        | 0.0003      |
|    loss                 | 0.278       |
|    n_updates            | 4480        |
|    policy_gradient_loss | -0.0162     |
|    std                  | 0.781       |
|    value_loss           | 0.674       |
-----------------------------------------
-----------------------------------------
| rollout/                |             |
|    ep_len_mean          | 8.93e+03    |
|    ep_rew_mean          | -680        |
| time/                   |             |
|    fps                  | 381         |
|    iterations           | 450         |
|    time_elapsed         | 2417        |
|    total_timesteps      | 921600      |
| train/                  |             |
|    approx_kl            | 0.004629762 |
|    clip_fraction        | 0.0434      |
|    clip_range           | 0.2         |
|    entropy_loss         | -13.9       |
|    explained_variance   | 0.994       |
|    learning_rate        | 0.0003      |
|    loss                 | 1.46        |
|    n_updates            | 4490        |
|    policy_gradient_loss | -0.0049     |
|    std                  | 0.782       |
|    value_loss           | 8.59        |
-----------------------------------------
----------------------------------------
| rollout/                |            |
|    ep_len_mean          | 8.93e+03   |
|    ep_rew_mean          | -680       |
| time/                   |            |
|    fps                  | 381        |
|    iterations           | 451        |
|    time_elapsed         | 2422       |
|    total_timesteps      | 923648     |
| train/                  |            |
|    approx_kl            | 0.03442426 |
|    clip_fraction        | 0.365      |
|    clip_range           | 0.2        |
|    entropy_loss         | -13.9      |
|    explained_variance   | 0.999      |
|    learning_rate        | 0.0003     |
|    loss                 | 0.253      |
|    n_updates            | 4500       |
|    policy_gradient_loss | -0.0118    |
|    std                  | 0.779      |
|    value_loss           | 0.508      |
----------------------------------------
-----------------------------------------
| rollout/                |             |
|    ep_len_mean          | 8.93e+03    |
|    ep_rew_mean          | -680        |
| time/                   |             |
|    fps                  | 381         |
|    iterations           | 452         |
|    time_elapsed         | 2426        |
|    total_timesteps      | 925696      |
| train/                  |             |
|    approx_kl            | 0.027476419 |
|    clip_fraction        | 0.314       |
|    clip_range           | 0.2         |
|    entropy_loss         | -13.9       |
|    explained_variance   | 0.977       |
|    learning_rate        | 0.0003      |
|    loss                 | 0.142       |
|    n_updates            | 4510        |
|    policy_gradient_loss | -0.0141     |
|    std                  | 0.78        |
|    value_loss           | 0.691       |
-----------------------------------------
-----------------------------------------
| rollout/                |             |
|    ep_len_mean          | 8.93e+03    |
|    ep_rew_mean          | -680        |
| time/                   |             |
|    fps                  | 381         |
|    iterations           | 453         |
|    time_elapsed         | 2430        |
|    total_timesteps      | 927744      |
| train/                  |             |
|    approx_kl            | 0.027881484 |
|    clip_fraction        | 0.285       |
|    clip_range           | 0.2         |
|    entropy_loss         | -13.9       |
|    explained_variance   | 0.983       |
|    learning_rate        | 0.0003      |
|    loss                 | 0.191       |
|    n_updates            | 4520        |
|    policy_gradient_loss | -0.0136     |
|    std                  | 0.776       |
|    value_loss           | 0.67        |
-----------------------------------------
-----------------------------------------
| rollout/                |             |
|    ep_len_mean          | 8.93e+03    |
|    ep_rew_mean          | -680        |
| time/                   |             |
|    fps                  | 381         |
|    iterations           | 454         |
|    time_elapsed         | 2434        |
|    total_timesteps      | 929792      |
| train/                  |             |
|    approx_kl            | 0.019892963 |
|    clip_fraction        | 0.19        |
|    clip_range           | 0.2         |
|    entropy_loss         | -13.8       |
|    explained_variance   | 0.905       |
|    learning_rate        | 0.0003      |
|    loss                 | 0.287       |
|    n_updates            | 4530        |
|    policy_gradient_loss | -0.0187     |
|    std                  | 0.772       |
|    value_loss           | 1.21        |
-----------------------------------------
------------------------------------------
| rollout/                |              |
|    ep_len_mean          | 8.93e+03     |
|    ep_rew_mean          | -680         |
| time/                   |              |
|    fps                  | 382          |
|    iterations           | 455          |
|    time_elapsed         | 2438         |
|    total_timesteps      | 931840       |
| train/                  |              |
|    approx_kl            | 0.0053697457 |
|    clip_fraction        | 0.034        |
|    clip_range           | 0.2          |
|    entropy_loss         | -13.8        |
|    explained_variance   | 0.995        |
|    learning_rate        | 0.0003       |
|    loss                 | 1.51         |
|    n_updates            | 4540         |
|    policy_gradient_loss | -0.00571     |
|    std                  | 0.772        |
|    value_loss           | 9.21         |
------------------------------------------
----------------------------------------
| rollout/                |            |
|    ep_len_mean          | 8.93e+03   |
|    ep_rew_mean          | -680       |
| time/                   |            |
|    fps                  | 382        |
|    iterations           | 456        |
|    time_elapsed         | 2442       |
|    total_timesteps      | 933888     |
| train/                  |            |
|    approx_kl            | 0.03366532 |
|    clip_fraction        | 0.36       |
|    clip_range           | 0.2        |
|    entropy_loss         | -13.8      |
|    explained_variance   | 0.968      |
|    learning_rate        | 0.0003     |
|    loss                 | 0.158      |
|    n_updates            | 4550       |
|    policy_gradient_loss | -0.012     |
|    std                  | 0.772      |
|    value_loss           | 0.574      |
----------------------------------------
-----------------------------------------
| rollout/                |             |
|    ep_len_mean          | 8.93e+03    |
|    ep_rew_mean          | -680        |
| time/                   |             |
|    fps                  | 382         |
|    iterations           | 457         |
|    time_elapsed         | 2446        |
|    total_timesteps      | 935936      |
| train/                  |             |
|    approx_kl            | 0.032342188 |
|    clip_fraction        | 0.331       |
|    clip_range           | 0.2         |
|    entropy_loss         | -13.8       |
|    explained_variance   | 0.957       |
|    learning_rate        | 0.0003      |
|    loss                 | 0.114       |
|    n_updates            | 4560        |
|    policy_gradient_loss | -0.0159     |
|    std                  | 0.773       |
|    value_loss           | 0.522       |
-----------------------------------------
-----------------------------------------
| rollout/                |             |
|    ep_len_mean          | 8.93e+03    |
|    ep_rew_mean          | -680        |
| time/                   |             |
|    fps                  | 382         |
|    iterations           | 458         |
|    time_elapsed         | 2450        |
|    total_timesteps      | 937984      |
| train/                  |             |
|    approx_kl            | 0.020459088 |
|    clip_fraction        | 0.251       |
|    clip_range           | 0.2         |
|    entropy_loss         | -13.8       |
|    explained_variance   | 0.934       |
|    learning_rate        | 0.0003      |
|    loss                 | 0.297       |
|    n_updates            | 4570        |
|    policy_gradient_loss | -0.0177     |
|    std                  | 0.772       |
|    value_loss           | 1.18        |
-----------------------------------------
-----------------------------------------
| rollout/                |             |
|    ep_len_mean          | 8.93e+03    |
|    ep_rew_mean          | -680        |
| time/                   |             |
|    fps                  | 382         |
|    iterations           | 459         |
|    time_elapsed         | 2454        |
|    total_timesteps      | 940032      |
| train/                  |             |
|    approx_kl            | 0.008498458 |
|    clip_fraction        | 0.073       |
|    clip_range           | 0.2         |
|    entropy_loss         | -13.8       |
|    explained_variance   | 0.995       |
|    learning_rate        | 0.0003      |
|    loss                 | 2.2         |
|    n_updates            | 4580        |
|    policy_gradient_loss | -0.00902    |
|    std                  | 0.772       |
|    value_loss           | 8.32        |
-----------------------------------------
-----------------------------------------
| rollout/                |             |
|    ep_len_mean          | 8.93e+03    |
|    ep_rew_mean          | -680        |
| time/                   |             |
|    fps                  | 383         |
|    iterations           | 460         |
|    time_elapsed         | 2458        |
|    total_timesteps      | 942080      |
| train/                  |             |
|    approx_kl            | 0.048665028 |
|    clip_fraction        | 0.403       |
|    clip_range           | 0.2         |
|    entropy_loss         | -13.8       |
|    explained_variance   | 0.981       |
|    learning_rate        | 0.0003      |
|    loss                 | 0.108       |
|    n_updates            | 4590        |
|    policy_gradient_loss | -0.0105     |
|    std                  | 0.775       |
|    value_loss           | 0.45        |
-----------------------------------------
-----------------------------------------
| rollout/                |             |
|    ep_len_mean          | 8.93e+03    |
|    ep_rew_mean          | -680        |
| time/                   |             |
|    fps                  | 383         |
|    iterations           | 461         |
|    time_elapsed         | 2462        |
|    total_timesteps      | 944128      |
| train/                  |             |
|    approx_kl            | 0.033373766 |
|    clip_fraction        | 0.357       |
|    clip_range           | 0.2         |
|    entropy_loss         | -13.8       |
|    explained_variance   | 0.959       |
|    learning_rate        | 0.0003      |
|    loss                 | 0.122       |
|    n_updates            | 4600        |
|    policy_gradient_loss | -0.0146     |
|    std                  | 0.778       |
|    value_loss           | 0.464       |
-----------------------------------------
-----------------------------------------
| rollout/                |             |
|    ep_len_mean          | 8.93e+03    |
|    ep_rew_mean          | -680        |
| time/                   |             |
|    fps                  | 383         |
|    iterations           | 462         |
|    time_elapsed         | 2467        |
|    total_timesteps      | 946176      |
| train/                  |             |
|    approx_kl            | 0.027922131 |
|    clip_fraction        | 0.295       |
|    clip_range           | 0.2         |
|    entropy_loss         | -13.9       |
|    explained_variance   | 0.978       |
|    learning_rate        | 0.0003      |
|    loss                 | 0.191       |
|    n_updates            | 4610        |
|    policy_gradient_loss | -0.022      |
|    std                  | 0.777       |
|    value_loss           | 0.575       |
-----------------------------------------
-----------------------------------------
| rollout/                |             |
|    ep_len_mean          | 8.93e+03    |
|    ep_rew_mean          | -679        |
| time/                   |             |
|    fps                  | 383         |
|    iterations           | 463         |
|    time_elapsed         | 2471        |
|    total_timesteps      | 948224      |
| train/                  |             |
|    approx_kl            | 0.007544172 |
|    clip_fraction        | 0.0666      |
|    clip_range           | 0.2         |
|    entropy_loss         | -13.8       |
|    explained_variance   | 0.974       |
|    learning_rate        | 0.0003      |
|    loss                 | 1.94        |
|    n_updates            | 4620        |
|    policy_gradient_loss | -0.0036     |
|    std                  | 0.777       |
|    value_loss           | 8.37        |
-----------------------------------------
-----------------------------------------
| rollout/                |             |
|    ep_len_mean          | 8.93e+03    |
|    ep_rew_mean          | -679        |
| time/                   |             |
|    fps                  | 383         |
|    iterations           | 464         |
|    time_elapsed         | 2475        |
|    total_timesteps      | 950272      |
| train/                  |             |
|    approx_kl            | 0.008843085 |
|    clip_fraction        | 0.0744      |
|    clip_range           | 0.2         |
|    entropy_loss         | -13.8       |
|    explained_variance   | 0.994       |
|    learning_rate        | 0.0003      |
|    loss                 | 2.77        |
|    n_updates            | 4630        |
|    policy_gradient_loss | -0.00752    |
|    std                  | 0.777       |
|    value_loss           | 7.9         |
-----------------------------------------
-----------------------------------------
| rollout/                |             |
|    ep_len_mean          | 8.93e+03    |
|    ep_rew_mean          | -679        |
| time/                   |             |
|    fps                  | 384         |
|    iterations           | 465         |
|    time_elapsed         | 2479        |
|    total_timesteps      | 952320      |
| train/                  |             |
|    approx_kl            | 0.039468724 |
|    clip_fraction        | 0.441       |
|    clip_range           | 0.2         |
|    entropy_loss         | -13.8       |
|    explained_variance   | 0.976       |
|    learning_rate        | 0.0003      |
|    loss                 | 0.0658      |
|    n_updates            | 4640        |
|    policy_gradient_loss | -0.0129     |
|    std                  | 0.774       |
|    value_loss           | 0.435       |
-----------------------------------------
-----------------------------------------
| rollout/                |             |
|    ep_len_mean          | 8.93e+03    |
|    ep_rew_mean          | -679        |
| time/                   |             |
|    fps                  | 384         |
|    iterations           | 466         |
|    time_elapsed         | 2484        |
|    total_timesteps      | 954368      |
| train/                  |             |
|    approx_kl            | 0.032236345 |
|    clip_fraction        | 0.33        |
|    clip_range           | 0.2         |
|    entropy_loss         | -13.8       |
|    explained_variance   | 0.986       |
|    learning_rate        | 0.0003      |
|    loss                 | 0.0399      |
|    n_updates            | 4650        |
|    policy_gradient_loss | -0.0117     |
|    std                  | 0.776       |
|    value_loss           | 0.401       |
-----------------------------------------
-----------------------------------------
| rollout/                |             |
|    ep_len_mean          | 8.93e+03    |
|    ep_rew_mean          | -679        |
| time/                   |             |
|    fps                  | 384         |
|    iterations           | 467         |
|    time_elapsed         | 2488        |
|    total_timesteps      | 956416      |
| train/                  |             |
|    approx_kl            | 0.025151735 |
|    clip_fraction        | 0.301       |
|    clip_range           | 0.2         |
|    entropy_loss         | -13.8       |
|    explained_variance   | 0.921       |
|    learning_rate        | 0.0003      |
|    loss                 | 0.285       |
|    n_updates            | 4660        |
|    policy_gradient_loss | -0.0198     |
|    std                  | 0.775       |
|    value_loss           | 0.863       |
-----------------------------------------
-----------------------------------------
| rollout/                |             |
|    ep_len_mean          | 8.93e+03    |
|    ep_rew_mean          | -679        |
| time/                   |             |
|    fps                  | 384         |
|    iterations           | 468         |
|    time_elapsed         | 2493        |
|    total_timesteps      | 958464      |
| train/                  |             |
|    approx_kl            | 0.005889747 |
|    clip_fraction        | 0.0572      |
|    clip_range           | 0.2         |
|    entropy_loss         | -13.8       |
|    explained_variance   | 0.996       |
|    learning_rate        | 0.0003      |
|    loss                 | 6.68        |
|    n_updates            | 4670        |
|    policy_gradient_loss | -0.00902    |
|    std                  | 0.775       |
|    value_loss           | 9.02        |
-----------------------------------------
-----------------------------------------
| rollout/                |             |
|    ep_len_mean          | 8.93e+03    |
|    ep_rew_mean          | -679        |
| time/                   |             |
|    fps                  | 384         |
|    iterations           | 469         |
|    time_elapsed         | 2497        |
|    total_timesteps      | 960512      |
| train/                  |             |
|    approx_kl            | 0.035670318 |
|    clip_fraction        | 0.38        |
|    clip_range           | 0.2         |
|    entropy_loss         | -13.8       |
|    explained_variance   | 0.973       |
|    learning_rate        | 0.0003      |
|    loss                 | 0.159       |
|    n_updates            | 4680        |
|    policy_gradient_loss | -0.0168     |
|    std                  | 0.776       |
|    value_loss           | 0.557       |
-----------------------------------------
-----------------------------------------
| rollout/                |             |
|    ep_len_mean          | 8.93e+03    |
|    ep_rew_mean          | -679        |
| time/                   |             |
|    fps                  | 384         |
|    iterations           | 470         |
|    time_elapsed         | 2501        |
|    total_timesteps      | 962560      |
| train/                  |             |
|    approx_kl            | 0.031563397 |
|    clip_fraction        | 0.38        |
|    clip_range           | 0.2         |
|    entropy_loss         | -13.8       |
|    explained_variance   | 0.962       |
|    learning_rate        | 0.0003      |
|    loss                 | 0.0799      |
|    n_updates            | 4690        |
|    policy_gradient_loss | -0.0136     |
|    std                  | 0.774       |
|    value_loss           | 0.363       |
-----------------------------------------
-----------------------------------------
| rollout/                |             |
|    ep_len_mean          | 8.93e+03    |
|    ep_rew_mean          | -678        |
| time/                   |             |
|    fps                  | 384         |
|    iterations           | 471         |
|    time_elapsed         | 2505        |
|    total_timesteps      | 964608      |
| train/                  |             |
|    approx_kl            | 0.018528052 |
|    clip_fraction        | 0.252       |
|    clip_range           | 0.2         |
|    entropy_loss         | -13.7       |
|    explained_variance   | 0.924       |
|    learning_rate        | 0.0003      |
|    loss                 | 0.257       |
|    n_updates            | 4700        |
|    policy_gradient_loss | -0.0131     |
|    std                  | 0.772       |
|    value_loss           | 0.858       |
-----------------------------------------
------------------------------------------
| rollout/                |              |
|    ep_len_mean          | 8.93e+03     |
|    ep_rew_mean          | -678         |
| time/                   |              |
|    fps                  | 385          |
|    iterations           | 472          |
|    time_elapsed         | 2510         |
|    total_timesteps      | 966656       |
| train/                  |              |
|    approx_kl            | 0.0058178096 |
|    clip_fraction        | 0.106        |
|    clip_range           | 0.2          |
|    entropy_loss         | -13.7        |
|    explained_variance   | 0.995        |
|    learning_rate        | 0.0003       |
|    loss                 | 2.09         |
|    n_updates            | 4710         |
|    policy_gradient_loss | -0.00246     |
|    std                  | 0.771        |
|    value_loss           | 9.64         |
------------------------------------------
----------------------------------------
| rollout/                |            |
|    ep_len_mean          | 8.93e+03   |
|    ep_rew_mean          | -678       |
| time/                   |            |
|    fps                  | 385        |
|    iterations           | 473        |
|    time_elapsed         | 2514       |
|    total_timesteps      | 968704     |
| train/                  |            |
|    approx_kl            | 0.03206964 |
|    clip_fraction        | 0.386      |
|    clip_range           | 0.2        |
|    entropy_loss         | -13.7      |
|    explained_variance   | 0.982      |
|    learning_rate        | 0.0003     |
|    loss                 | 0.147      |
|    n_updates            | 4720       |
|    policy_gradient_loss | -0.0108    |
|    std                  | 0.769      |
|    value_loss           | 0.477      |
----------------------------------------
-----------------------------------------
| rollout/                |             |
|    ep_len_mean          | 8.93e+03    |
|    ep_rew_mean          | -678        |
| time/                   |             |
|    fps                  | 385         |
|    iterations           | 474         |
|    time_elapsed         | 2518        |
|    total_timesteps      | 970752      |
| train/                  |             |
|    approx_kl            | 0.024976524 |
|    clip_fraction        | 0.323       |
|    clip_range           | 0.2         |
|    entropy_loss         | -13.7       |
|    explained_variance   | 0.971       |
|    learning_rate        | 0.0003      |
|    loss                 | 0.194       |
|    n_updates            | 4730        |
|    policy_gradient_loss | -0.0152     |
|    std                  | 0.767       |
|    value_loss           | 0.522       |
-----------------------------------------
-----------------------------------------
| rollout/                |             |
|    ep_len_mean          | 8.93e+03    |
|    ep_rew_mean          | -678        |
| time/                   |             |
|    fps                  | 385         |
|    iterations           | 475         |
|    time_elapsed         | 2522        |
|    total_timesteps      | 972800      |
| train/                  |             |
|    approx_kl            | 0.024775911 |
|    clip_fraction        | 0.287       |
|    clip_range           | 0.2         |
|    entropy_loss         | -13.6       |
|    explained_variance   | 0.952       |
|    learning_rate        | 0.0003      |
|    loss                 | 0.15        |
|    n_updates            | 4740        |
|    policy_gradient_loss | -0.0172     |
|    std                  | 0.765       |
|    value_loss           | 0.796       |
-----------------------------------------
-----------------------------------------
| rollout/                |             |
|    ep_len_mean          | 8.93e+03    |
|    ep_rew_mean          | -678        |
| time/                   |             |
|    fps                  | 385         |
|    iterations           | 476         |
|    time_elapsed         | 2526        |
|    total_timesteps      | 974848      |
| train/                  |             |
|    approx_kl            | 0.013523935 |
|    clip_fraction        | 0.173       |
|    clip_range           | 0.2         |
|    entropy_loss         | -13.6       |
|    explained_variance   | 0.959       |
|    learning_rate        | 0.0003      |
|    loss                 | 0.595       |
|    n_updates            | 4750        |
|    policy_gradient_loss | -0.0125     |
|    std                  | 0.764       |
|    value_loss           | 2.54        |
-----------------------------------------
-----------------------------------------
| rollout/                |             |
|    ep_len_mean          | 8.93e+03    |
|    ep_rew_mean          | -678        |
| time/                   |             |
|    fps                  | 385         |
|    iterations           | 477         |
|    time_elapsed         | 2531        |
|    total_timesteps      | 976896      |
| train/                  |             |
|    approx_kl            | 0.007368373 |
|    clip_fraction        | 0.0691      |
|    clip_range           | 0.2         |
|    entropy_loss         | -13.6       |
|    explained_variance   | 0.993       |
|    learning_rate        | 0.0003      |
|    loss                 | 1.53        |
|    n_updates            | 4760        |
|    policy_gradient_loss | -0.00784    |
|    std                  | 0.763       |
|    value_loss           | 8.06        |
-----------------------------------------
-----------------------------------------
| rollout/                |             |
|    ep_len_mean          | 8.93e+03    |
|    ep_rew_mean          | -678        |
| time/                   |             |
|    fps                  | 386         |
|    iterations           | 478         |
|    time_elapsed         | 2535        |
|    total_timesteps      | 978944      |
| train/                  |             |
|    approx_kl            | 0.042596415 |
|    clip_fraction        | 0.405       |
|    clip_range           | 0.2         |
|    entropy_loss         | -13.6       |
|    explained_variance   | 0.965       |
|    learning_rate        | 0.0003      |
|    loss                 | 0.0897      |
|    n_updates            | 4770        |
|    policy_gradient_loss | -0.00913    |
|    std                  | 0.764       |
|    value_loss           | 0.562       |
-----------------------------------------
----------------------------------------
| rollout/                |            |
|    ep_len_mean          | 8.93e+03   |
|    ep_rew_mean          | -678       |
| time/                   |            |
|    fps                  | 386        |
|    iterations           | 479        |
|    time_elapsed         | 2539       |
|    total_timesteps      | 980992     |
| train/                  |            |
|    approx_kl            | 0.03213815 |
|    clip_fraction        | 0.4        |
|    clip_range           | 0.2        |
|    entropy_loss         | -13.6      |
|    explained_variance   | 0.983      |
|    learning_rate        | 0.0003     |
|    loss                 | 0.0652     |
|    n_updates            | 4780       |
|    policy_gradient_loss | -0.0158    |
|    std                  | 0.768      |
|    value_loss           | 0.39       |
----------------------------------------
-----------------------------------------
| rollout/                |             |
|    ep_len_mean          | 8.93e+03    |
|    ep_rew_mean          | -677        |
| time/                   |             |
|    fps                  | 386         |
|    iterations           | 480         |
|    time_elapsed         | 2544        |
|    total_timesteps      | 983040      |
| train/                  |             |
|    approx_kl            | 0.029001001 |
|    clip_fraction        | 0.294       |
|    clip_range           | 0.2         |
|    entropy_loss         | -13.7       |
|    explained_variance   | 0.937       |
|    learning_rate        | 0.0003      |
|    loss                 | 0.228       |
|    n_updates            | 4790        |
|    policy_gradient_loss | -0.0175     |
|    std                  | 0.767       |
|    value_loss           | 0.786       |
-----------------------------------------
------------------------------------------
| rollout/                |              |
|    ep_len_mean          | 8.93e+03     |
|    ep_rew_mean          | -677         |
| time/                   |              |
|    fps                  | 386          |
|    iterations           | 481          |
|    time_elapsed         | 2548         |
|    total_timesteps      | 985088       |
| train/                  |              |
|    approx_kl            | 0.0045413496 |
|    clip_fraction        | 0.11         |
|    clip_range           | 0.2          |
|    entropy_loss         | -13.7        |
|    explained_variance   | 0.995        |
|    learning_rate        | 0.0003       |
|    loss                 | 3.39         |
|    n_updates            | 4800         |
|    policy_gradient_loss | 0.000457     |
|    std                  | 0.767        |
|    value_loss           | 29.5         |
------------------------------------------
-----------------------------------------
| rollout/                |             |
|    ep_len_mean          | 8.93e+03    |
|    ep_rew_mean          | -677        |
| time/                   |             |
|    fps                  | 386         |
|    iterations           | 482         |
|    time_elapsed         | 2552        |
|    total_timesteps      | 987136      |
| train/                  |             |
|    approx_kl            | 0.032680467 |
|    clip_fraction        | 0.373       |
|    clip_range           | 0.2         |
|    entropy_loss         | -13.7       |
|    explained_variance   | 0.962       |
|    learning_rate        | 0.0003      |
|    loss                 | 0.12        |
|    n_updates            | 4810        |
|    policy_gradient_loss | -0.0129     |
|    std                  | 0.767       |
|    value_loss           | 0.578       |
-----------------------------------------
-----------------------------------------
| rollout/                |             |
|    ep_len_mean          | 8.93e+03    |
|    ep_rew_mean          | -677        |
| time/                   |             |
|    fps                  | 386         |
|    iterations           | 483         |
|    time_elapsed         | 2557        |
|    total_timesteps      | 989184      |
| train/                  |             |
|    approx_kl            | 0.032959998 |
|    clip_fraction        | 0.345       |
|    clip_range           | 0.2         |
|    entropy_loss         | -13.6       |
|    explained_variance   | 0.967       |
|    learning_rate        | 0.0003      |
|    loss                 | 0.144       |
|    n_updates            | 4820        |
|    policy_gradient_loss | -0.0112     |
|    std                  | 0.764       |
|    value_loss           | 0.295       |
-----------------------------------------
-----------------------------------------
| rollout/                |             |
|    ep_len_mean          | 8.93e+03    |
|    ep_rew_mean          | -677        |
| time/                   |             |
|    fps                  | 386         |
|    iterations           | 484         |
|    time_elapsed         | 2561        |
|    total_timesteps      | 991232      |
| train/                  |             |
|    approx_kl            | 0.027309947 |
|    clip_fraction        | 0.273       |
|    clip_range           | 0.2         |
|    entropy_loss         | -13.6       |
|    explained_variance   | 0.964       |
|    learning_rate        | 0.0003      |
|    loss                 | 0.12        |
|    n_updates            | 4830        |
|    policy_gradient_loss | -0.0162     |
|    std                  | 0.765       |
|    value_loss           | 0.43        |
-----------------------------------------
-----------------------------------------
| rollout/                |             |
|    ep_len_mean          | 8.93e+03    |
|    ep_rew_mean          | -677        |
| time/                   |             |
|    fps                  | 387         |
|    iterations           | 485         |
|    time_elapsed         | 2565        |
|    total_timesteps      | 993280      |
| train/                  |             |
|    approx_kl            | 0.007118782 |
|    clip_fraction        | 0.0771      |
|    clip_range           | 0.2         |
|    entropy_loss         | -13.6       |
|    explained_variance   | 0.996       |
|    learning_rate        | 0.0003      |
|    loss                 | 1.68        |
|    n_updates            | 4840        |
|    policy_gradient_loss | -0.00716    |
|    std                  | 0.765       |
|    value_loss           | 7.64        |
-----------------------------------------
-----------------------------------------
| rollout/                |             |
|    ep_len_mean          | 8.93e+03    |
|    ep_rew_mean          | -677        |
| time/                   |             |
|    fps                  | 387         |
|    iterations           | 486         |
|    time_elapsed         | 2569        |
|    total_timesteps      | 995328      |
| train/                  |             |
|    approx_kl            | 0.041698854 |
|    clip_fraction        | 0.362       |
|    clip_range           | 0.2         |
|    entropy_loss         | -13.6       |
|    explained_variance   | 0.979       |
|    learning_rate        | 0.0003      |
|    loss                 | 0.139       |
|    n_updates            | 4850        |
|    policy_gradient_loss | -0.0156     |
|    std                  | 0.764       |
|    value_loss           | 0.406       |
-----------------------------------------
-----------------------------------------
| rollout/                |             |
|    ep_len_mean          | 8.93e+03    |
|    ep_rew_mean          | -677        |
| time/                   |             |
|    fps                  | 387         |
|    iterations           | 487         |
|    time_elapsed         | 2573        |
|    total_timesteps      | 997376      |
| train/                  |             |
|    approx_kl            | 0.037329074 |
|    clip_fraction        | 0.352       |
|    clip_range           | 0.2         |
|    entropy_loss         | -13.6       |
|    explained_variance   | 0.974       |
|    learning_rate        | 0.0003      |
|    loss                 | 0.134       |
|    n_updates            | 4860        |
|    policy_gradient_loss | -0.0122     |
|    std                  | 0.764       |
|    value_loss           | 0.42        |
-----------------------------------------
----------------------------------------
| rollout/                |            |
|    ep_len_mean          | 8.93e+03   |
|    ep_rew_mean          | -677       |
| time/                   |            |
|    fps                  | 387        |
|    iterations           | 488        |
|    time_elapsed         | 2577       |
|    total_timesteps      | 999424     |
| train/                  |            |
|    approx_kl            | 0.09422268 |
|    clip_fraction        | 0.289      |
|    clip_range           | 0.2        |
|    entropy_loss         | -13.6      |
|    explained_variance   | 0.958      |
|    learning_rate        | 0.0003     |
|    loss                 | 0.0627     |
|    n_updates            | 4870       |
|    policy_gradient_loss | -0.0222    |
|    std                  | 0.764      |
|    value_loss           | 0.375      |
----------------------------------------
------------------------------------------
| rollout/                |              |
|    ep_len_mean          | 8.93e+03     |
|    ep_rew_mean          | -1.28e+03    |
| time/                   |              |
|    fps                  | 387          |
|    iterations           | 489          |
|    time_elapsed         | 2581         |
|    total_timesteps      | 1001472      |
| train/                  |              |
|    approx_kl            | 0.0045414367 |
|    clip_fraction        | 0.0868       |
|    clip_range           | 0.2          |
|    entropy_loss         | -13.6        |
|    explained_variance   | -1.34        |
|    learning_rate        | 0.0003       |
|    loss                 | 1.85e+04     |
|    n_updates            | 4880         |
|    policy_gradient_loss | 0.0028       |
|    std                  | 0.764        |
|    value_loss           | 4.1e+04      |
------------------------------------------
------------------------------------------
| rollout/                |              |
|    ep_len_mean          | 8.93e+03     |
|    ep_rew_mean          | -1.28e+03    |
| time/                   |              |
|    fps                  | 388          |
|    iterations           | 490          |
|    time_elapsed         | 2585         |
|    total_timesteps      | 1003520      |
| train/                  |              |
|    approx_kl            | 0.0018297115 |
|    clip_fraction        | 0.00513      |
|    clip_range           | 0.2          |
|    entropy_loss         | -13.6        |
|    explained_variance   | 0.0619       |
|    learning_rate        | 0.0003       |
|    loss                 | 7.09e+04     |
|    n_updates            | 4890         |
|    policy_gradient_loss | -0.00373     |
|    std                  | 0.764        |
|    value_loss           | 1.84e+05     |
------------------------------------------
